trial_id,time_s,time_mmss,T_LH_HOOD,T_LH_FENDER,T_LH_FRONT_DOOR,T_LH_REAR_DOOR,T_LH_Q_P,T_LH_T_G,T_RH_T_G,T_RH_Q_P,T_RH_REAR_DOOR,T_RH_FR_DOOR,T_RH_FENDER,T_RH_HOOD
TOPCOAT-0091,0,00:00,33.0,33.0,34.2,47.9,40.7,34.0,39.9,33.0,38.8,33.0,36.9,39.7
TOPCOAT-0091,1,00:01,33.0,33.0,35.2,47.9,40.6,34.5,39.9,33.0,38.0,33.0,37.1,38.4
TOPCOAT-0091,2,00:02,33.0,33.0,35.2,48.7,40.9,34.5,40.1,33.0,38.9,33.0,38.1,38.8
TOPCOAT-0091,3,00:03,33.0,33.6,35.5,47.8,40.7,34.9,39.6,33.0,38.3,33.0,36.9,38.8
TOPCOAT-0091,4,00:04,33.0,33.3,34.9,47.8,40.9,34.3,41.0,33.0,37.9,33.0,37.9,38.6
TOPCOAT-0091,5,00:05,33.0,33.0,35.4,47.6,40.6,34.3,39.8,33.0,39.0,33.0,37.1,39.3
TOPCOAT-0091,6,00:06,33.0,33.5,34.9,48.0,41.0,34.9,39.9,33.0,38.8,33.0,38.1,38.2
TOPCOAT-0091,7,00:07,33.0,33.1,34.8,48.2,40.4,34.4,40.8,33.0,38.2,33.0,36.9,39.0
TOPCOAT-0091,8,00:08,33.0,33.4,34.9,47.8,40.3,34.8,40.4,33.0,38.3,33.5,38.9,39.1
TOPCOAT-0091,9,00:09,33.0,33.0,33.5,48.7,40.5,33.6,40.6,33.0,38.0,33.0,37.1,39.3
TOPCOAT-0091,10,00:10,33.0,33.0,35.0,46.5,40.7,35.1,40.3,33.0,38.9,34.3,36.3,40.1
TOPCOAT-0091,11,00:11,33.0,33.0,34.5,48.2,40.7,34.6,39.9,33.0,38.7,33.0,38.3,38.5
TOPCOAT-0091,12,00:12,33.0,33.4,34.4,48.5,40.8,33.8,40.0,33.0,38.9,33.0,37.9,39.7
TOPCOAT-0091,13,00:13,33.0,33.3,35.8,48.4,40.6,34.1,40.7,33.0,37.4,33.0,38.0,39.4
TOPCOAT-0091,14,00:14,33.0,33.0,34.7,48.7,40.7,34.2,39.6,33.0,37.6,33.5,36.1,39.2
TOPCOAT-0091,15,00:15,33.0,34.2,34.7,47.9,41.0,35.9,39.2,33.0,38.3,33.2,37.1,38.1
TOPCOAT-0091,16,00:16,33.0,33.0,35.0,47.5,40.0,34.7,41.0,33.0,38.0,33.1,37.7,38.3
TOPCOAT-0091,17,00:17,33.0,33.0,36.1,47.6,41.0,34.5,39.9,33.0,38.9,33.0,37.8,39.9
TOPCOAT-0091,18,00:18,33.0,33.0,35.8,47.9,40.8,34.2,40.7,33.0,37.1,34.2,37.7,38.8
TOPCOAT-0091,19,00:19,33.0,33.0,34.5,48.6,41.3,34.0,40.6,33.0,38.8,33.0,36.4,39.7
TOPCOAT-0091,20,00:20,33.0,33.1,34.9,49.0,41.9,33.9,39.4,33.0,38.0,33.4,37.5,38.1
TOPCOAT-0091,21,00:21,33.0,33.0,34.3,47.6,40.5,35.0,40.1,33.0,39.2,33.7,36.4,39.5
TOPCOAT-0091,22,00:22,33.0,33.3,35.9,48.7,41.1,34.9,39.9,33.0,38.4,33.5,38.0,39.1
TOPCOAT-0091,23,00:23,33.0,33.1,35.8,47.8,39.5,34.1,40.6,33.0,38.9,33.1,38.0,38.6
TOPCOAT-0091,24,00:24,33.0,33.0,35.2,47.9,40.0,33.8,38.8,33.0,40.0,33.0,37.5,39.1
TOPCOAT-0091,25,00:25,33.0,33.2,35.4,49.2,39.6,33.9,40.1,33.0,38.6,33.6,37.8,38.7
TOPCOAT-0091,26,00:26,33.0,33.0,34.4,48.4,39.4,34.1,40.3,33.0,37.4,33.0,35.7,39.6
TOPCOAT-0091,27,00:27,33.0,33.0,34.8,48.8,40.8,34.7,39.8,33.0,38.0,33.3,37.4,38.5
TOPCOAT-0091,28,00:28,33.0,33.0,35.9,48.6,42.2,33.0,41.1,33.0,38.3,33.9,37.4,39.1
TOPCOAT-0091,29,00:29,33.0,33.1,34.1,48.3,41.6,33.7,40.3,33.0,39.3,33.9,37.2,38.7
TOPCOAT-0091,30,00:30,33.0,33.0,34.7,47.3,41.2,34.8,41.4,33.0,38.9,33.0,37.4,38.4
TOPCOAT-0091,31,00:31,33.0,33.0,35.1,48.7,41.3,34.8,39.9,33.0,38.5,33.0,37.2,39.4
TOPCOAT-0091,32,00:32,33.0,33.1,34.9,48.1,40.3,34.6,40.1,33.0,38.8,33.6,37.6,40.5
TOPCOAT-0091,33,00:33,33.0,33.0,34.5,47.0,40.3,34.0,41.6,33.0,38.5,33.0,37.9,39.2
TOPCOAT-0091,34,00:34,33.0,33.0,34.4,49.2,41.2,34.5,38.8,33.0,38.6,33.6,37.3,39.3
TOPCOAT-0091,35,00:35,33.0,33.2,35.9,48.8,40.0,33.4,39.4,33.0,38.9,33.3,37.9,38.0
TOPCOAT-0091,36,00:36,33.0,33.3,35.2,48.8,40.2,33.9,40.4,33.0,38.3,33.0,37.8,39.6
TOPCOAT-0091,37,00:37,33.0,34.0,36.2,48.0,40.4,34.6,40.3,33.0,38.5,33.6,37.5,39.6
TOPCOAT-0091,38,00:38,33.0,33.0,35.4,48.9,40.6,34.2,39.7,33.0,38.7,33.4,37.8,38.6
TOPCOAT-0091,39,00:39,33.0,33.0,34.9,48.5,40.6,34.2,41.0,33.0,39.0,33.9,37.1,38.4
TOPCOAT-0091,40,00:40,33.0,33.0,34.5,48.2,40.0,34.3,40.1,33.0,37.1,33.8,37.7,39.7
TOPCOAT-0091,41,00:41,33.0,33.0,34.2,47.8,40.7,34.8,40.8,33.0,38.7,33.3,37.8,38.9
TOPCOAT-0091,42,00:42,33.0,33.3,35.7,48.9,40.8,34.0,39.7,33.0,39.3,33.9,37.1,39.0
TOPCOAT-0091,43,00:43,33.0,33.4,36.4,48.4,40.7,35.5,40.1,33.0,37.8,33.5,38.5,38.8
TOPCOAT-0091,44,00:44,33.0,33.0,34.5,49.6,41.1,34.0,39.9,33.0,37.9,33.8,37.0,38.6
TOPCOAT-0091,45,00:45,33.0,33.5,35.4,48.2,40.8,33.9,40.3,33.0,38.1,33.7,38.0,39.7
TOPCOAT-0091,46,00:46,33.0,33.1,35.8,47.8,40.7,34.1,39.2,33.0,38.9,33.0,37.5,38.7
TOPCOAT-0091,47,00:47,33.0,33.0,35.5,48.1,40.6,34.0,40.5,33.0,38.3,33.7,37.7,39.4
TOPCOAT-0091,48,00:48,33.0,33.2,34.9,48.5,40.9,34.1,38.7,33.0,38.2,33.0,37.6,39.0
TOPCOAT-0091,49,00:49,33.0,33.0,34.9,47.8,40.8,34.7,39.7,33.0,38.7,33.3,37.6,39.0
TOPCOAT-0091,50,00:50,33.0,33.9,34.8,47.7,40.8,34.9,39.6,33.0,38.8,33.4,38.2,39.6
TOPCOAT-0091,51,00:51,33.0,33.2,35.2,49.2,40.9,33.6,39.7,33.0,38.2,33.0,37.1,38.6
TOPCOAT-0091,52,00:52,33.0,33.2,35.4,48.7,41.2,34.3,39.0,33.0,39.5,33.6,37.9,39.2
TOPCOAT-0091,53,00:53,33.0,33.9,34.2,48.1,40.0,34.8,39.6,33.0,39.3,33.4,37.2,39.3
TOPCOAT-0091,54,00:54,33.0,33.0,35.7,49.0,40.7,34.5,39.8,33.0,39.9,33.0,37.4,38.8
TOPCOAT-0091,55,00:55,33.0,33.1,35.3,47.6,40.4,35.5,39.6,33.0,39.3,33.5,38.1,38.7
TOPCOAT-0091,56,00:56,33.0,33.1,35.7,48.6,40.5,34.1,39.7,33.0,38.2,33.0,38.5,39.0
TOPCOAT-0091,57,00:57,33.0,33.0,36.1,49.2,39.5,34.8,40.1,33.0,37.9,33.0,38.1,39.6
TOPCOAT-0091,58,00:58,33.0,33.6,35.3,48.2,40.5,33.7,39.5,33.0,39.1,33.2,37.5,39.8
TOPCOAT-0091,59,00:59,33.0,33.1,35.1,48.4,40.1,34.3,39.4,33.0,38.3,33.0,38.1,38.1
TOPCOAT-0091,60,01:00,33.0,33.1,35.3,48.2,39.5,34.6,40.9,33.0,38.2,33.0,37.4,39.9
TOPCOAT-0091,61,01:01,33.0,33.5,36.3,47.9,40.8,34.4,39.4,33.0,39.1,33.8,37.3,39.7
TOPCOAT-0091,62,01:02,33.0,33.5,34.9,48.2,41.0,34.1,40.4,33.0,38.2,33.7,38.1,40.1
TOPCOAT-0091,63,01:03,33.0,33.6,34.6,48.3,40.9,35.6,40.7,33.0,38.7,33.8,37.9,39.3
TOPCOAT-0091,64,01:04,33.0,33.0,34.9,48.6,41.6,34.7,39.8,33.0,39.1,33.1,37.5,39.4
TOPCOAT-0091,65,01:05,33.0,33.1,35.6,49.3,39.8,34.3,39.8,33.0,38.1,34.1,37.2,39.1
TOPCOAT-0091,66,01:06,33.0,34.0,35.2,48.2,40.4,34.9,40.7,33.0,39.0,33.5,37.1,39.1
TOPCOAT-0091,67,01:07,33.0,33.3,35.3,47.8,40.7,33.7,40.0,33.0,38.8,33.8,37.6,39.5
TOPCOAT-0091,68,01:08,33.0,33.0,35.3,47.9,40.4,34.7,40.7,33.0,39.1,33.5,37.6,39.6
TOPCOAT-0091,69,01:09,33.0,33.0,35.7,48.5,41.1,34.5,40.1,33.0,38.3,34.5,38.4,39.4
TOPCOAT-0091,70,01:10,33.0,33.2,36.0,48.2,40.7,34.6,40.2,33.0,38.9,33.6,37.8,39.9
TOPCOAT-0091,71,01:11,33.0,33.0,34.6,48.9,41.1,34.7,40.5,33.0,38.6,34.0,37.2,38.4
TOPCOAT-0091,72,01:12,33.0,33.0,35.4,48.8,40.2,34.2,39.8,33.0,39.4,33.0,38.2,39.5
TOPCOAT-0091,73,01:13,33.0,33.9,35.2,48.9,41.2,34.7,39.8,33.0,38.7,34.3,37.6,39.3
TOPCOAT-0091,74,01:14,33.0,33.0,35.8,48.8,41.1,34.6,39.7,33.0,39.2,33.6,38.6,38.1
TOPCOAT-0091,75,01:15,33.0,33.6,35.1,48.5,40.5,34.4,41.5,33.0,38.7,34.0,37.3,39.7
TOPCOAT-0091,76,01:16,33.0,33.0,36.1,48.6,41.3,34.9,40.0,33.0,38.9,33.5,37.3,39.4
TOPCOAT-0091,77,01:17,33.0,33.2,35.5,48.0,40.4,34.7,40.0,33.0,38.0,34.7,37.2,39.2
TOPCOAT-0091,78,01:18,33.0,33.2,35.2,48.6,40.6,34.5,40.5,33.0,39.7,34.0,37.8,39.5
TOPCOAT-0091,79,01:19,33.0,33.0,36.3,49.0,40.2,35.4,40.5,33.0,38.8,33.2,37.8,38.6
TOPCOAT-0091,80,01:20,33.0,33.0,35.5,48.6,41.0,34.9,39.8,33.0,38.8,33.9,37.5,38.8
TOPCOAT-0091,81,01:21,33.0,33.2,34.7,48.7,41.5,34.8,40.4,33.0,38.3,33.1,37.4,39.1
TOPCOAT-0091,82,01:22,33.0,33.5,35.3,48.5,41.4,34.2,40.0,33.0,38.5,33.7,37.0,38.7
TOPCOAT-0091,83,01:23,33.0,33.1,35.1,48.6,41.4,33.4,40.9,33.0,39.0,33.7,37.7,39.2
TOPCOAT-0091,84,01:24,33.0,33.5,35.7,48.0,40.2,34.6,40.8,33.0,39.5,34.0,37.6,38.2
TOPCOAT-0091,85,01:25,33.0,33.3,36.5,49.4,41.0,34.7,41.0,33.0,38.3,33.5,39.1,39.9
TOPCOAT-0091,86,01:26,33.0,33.0,35.4,48.3,40.4,34.4,40.1,33.0,38.8,33.6,38.0,39.8
TOPCOAT-0091,87,01:27,33.0,34.0,35.3,48.7,40.3,35.8,39.7,33.0,39.4,33.8,37.5,39.0
TOPCOAT-0091,88,01:28,33.0,33.4,36.4,49.2,41.5,35.1,40.5,33.0,39.4,34.0,37.8,40.2
TOPCOAT-0091,89,01:29,33.0,33.6,36.2,48.7,40.7,34.8,40.3,33.0,38.7,33.6,38.9,40.6
TOPCOAT-0091,90,01:30,33.0,33.2,36.1,49.4,41.1,34.8,40.2,33.0,38.6,33.7,38.9,40.0
TOPCOAT-0091,91,01:31,33.0,33.4,35.3,48.6,40.4,34.0,41.0,33.0,39.3,34.4,37.4,39.7
TOPCOAT-0091,92,01:32,33.0,33.0,35.8,48.9,41.0,34.8,40.2,33.0,40.2,34.1,38.3,40.4
TOPCOAT-0091,93,01:33,33.0,33.8,36.0,48.8,41.4,35.4,39.7,33.0,39.0,34.1,38.0,39.5
TOPCOAT-0091,94,01:34,33.0,33.4,36.2,49.4,40.4,35.4,41.2,33.0,38.9,33.9,38.2,40.4
TOPCOAT-0091,95,01:35,33.0,33.0,36.5,48.8,40.7,34.5,39.7,33.0,39.3,33.8,38.5,40.3
TOPCOAT-0091,96,01:36,33.0,33.5,35.1,48.8,41.0,34.6,40.8,33.0,38.6,33.8,38.5,40.0
TOPCOAT-0091,97,01:37,33.0,34.5,35.2,49.2,41.5,34.7,39.3,33.0,40.3,33.3,38.3,40.1
TOPCOAT-0091,98,01:38,33.0,33.7,35.4,48.8,41.3,34.6,40.9,33.0,38.8,35.0,37.7,39.7
TOPCOAT-0091,99,01:39,33.0,33.8,36.1,49.3,41.2,34.6,40.0,33.0,39.6,33.6,37.4,39.9
TOPCOAT-0091,100,01:40,33.0,34.0,36.7,49.4,39.9,34.3,40.3,33.0,39.3,34.9,39.0,39.7
TOPCOAT-0091,101,01:41,33.0,34.9,36.7,49.1,40.4,35.0,40.2,33.0,39.9,34.8,37.4,40.3
TOPCOAT-0091,102,01:42,33.0,34.0,35.7,48.3,41.8,35.7,40.4,33.0,39.0,33.9,37.8,39.7
TOPCOAT-0091,103,01:43,33.0,35.3,35.6,48.6,41.3,35.4,41.4,33.0,39.6,34.4,37.9,38.9
TOPCOAT-0091,104,01:44,33.0,34.9,36.6,48.2,41.4,34.9,40.3,33.0,39.0,34.4,38.4,39.5
TOPCOAT-0091,105,01:45,33.0,33.6,36.3,48.8,41.9,33.7,40.9,33.0,39.8,35.6,38.4,40.2
TOPCOAT-0091,106,01:46,33.0,33.3,35.6,48.8,41.4,34.4,40.4,33.0,39.5,34.5,38.5,39.5
TOPCOAT-0091,107,01:47,33.0,34.0,35.5,49.2,40.4,35.4,40.8,33.0,38.9,35.2,37.8,40.4
TOPCOAT-0091,108,01:48,33.0,33.8,35.6,50.0,40.7,35.5,40.1,33.0,39.3,35.0,38.9,40.6
TOPCOAT-0091,109,01:49,33.0,33.6,36.8,50.2,41.1,33.9,39.9,33.0,39.7,34.3,39.2,40.2
TOPCOAT-0091,110,01:50,33.0,33.3,36.9,49.2,41.2,34.8,41.3,33.0,40.4,35.3,39.0,39.3
TOPCOAT-0091,111,01:51,33.0,34.2,36.2,49.6,41.6,34.5,39.7,33.0,39.1,35.1,38.6,39.0
TOPCOAT-0091,112,01:52,33.0,34.4,36.6,48.4,41.0,35.2,40.7,33.0,39.5,34.7,38.9,41.0
TOPCOAT-0091,113,01:53,33.0,35.4,36.7,49.8,41.0,34.9,40.1,33.0,39.4,35.3,38.1,40.0
TOPCOAT-0091,114,01:54,33.0,34.3,36.5,49.7,40.5,34.9,40.0,33.0,39.7,34.8,38.6,38.9
TOPCOAT-0091,115,01:55,33.0,34.4,37.6,49.4,41.4,34.7,40.2,33.0,40.1,36.1,38.5,39.6
TOPCOAT-0091,116,01:56,33.0,35.4,35.1,48.9,40.7,34.7,40.9,33.0,39.3,35.2,38.7,38.4
TOPCOAT-0091,117,01:57,33.0,35.1,37.0,49.4,41.6,35.1,40.7,33.0,39.8,35.3,39.2,41.0
TOPCOAT-0091,118,01:58,33.0,34.5,37.0,48.8,40.3,35.6,41.2,33.0,38.9,34.4,38.3,40.2
TOPCOAT-0091,119,01:59,33.0,34.1,36.2,49.4,40.5,34.9,40.5,33.0,40.2,34.7,39.0,40.1
TOPCOAT-0091,120,02:00,33.0,34.3,36.4,49.6,41.6,35.4,40.4,33.0,39.3,35.4,39.7,39.9
TOPCOAT-0091,121,02:01,33.0,34.7,36.6,49.3,41.4,34.9,40.7,33.0,39.4,35.1,39.0,40.4
TOPCOAT-0091,122,02:02,33.0,34.5,36.8,49.9,41.7,35.1,40.5,33.0,39.8,35.8,39.8,40.2
TOPCOAT-0091,123,02:03,33.0,34.6,36.8,50.4,41.9,35.0,40.5,33.0,39.5,35.0,39.2,40.3
TOPCOAT-0091,124,02:04,33.0,35.0,37.7,51.2,41.6,36.3,40.6,33.0,39.8,35.4,38.1,39.2
TOPCOAT-0091,125,02:05,33.0,34.7,37.2,49.5,41.5,35.1,42.2,33.0,39.8,36.1,39.0,40.1
TOPCOAT-0091,126,02:06,33.0,35.4,36.8,50.2,40.2,34.9,40.3,33.0,40.7,35.6,39.3,40.9
TOPCOAT-0091,127,02:07,33.0,34.3,37.3,49.2,41.3,35.2,40.8,33.0,39.8,34.8,38.3,41.1
TOPCOAT-0091,128,02:08,33.0,34.9,36.9,50.2,40.5,34.9,40.5,33.0,40.6,36.3,38.8,40.7
TOPCOAT-0091,129,02:09,33.0,34.4,37.2,50.3,42.0,35.3,41.7,33.0,40.9,36.3,39.4,39.6
TOPCOAT-0091,130,02:10,33.0,35.1,36.9,50.5,41.9,35.3,41.0,33.0,40.8,36.0,39.3,40.8
TOPCOAT-0091,131,02:11,33.0,36.0,37.1,50.5,40.5,34.7,41.9,33.0,41.0,36.4,39.6,40.6
TOPCOAT-0091,132,02:12,33.0,34.8,37.3,50.2,42.3,34.3,40.5,33.0,40.1,36.1,39.4,40.3
TOPCOAT-0091,133,02:13,33.0,34.9,37.7,50.4,41.7,35.7,41.8,33.0,40.5,36.3,40.5,40.2
TOPCOAT-0091,134,02:14,33.0,34.8,36.7,50.2,41.7,34.6,40.1,33.0,40.7,35.7,38.8,40.5
TOPCOAT-0091,135,02:15,33.0,34.9,37.6,51.0,41.6,35.5,41.6,33.0,41.0,36.6,40.4,40.7
TOPCOAT-0091,136,02:16,33.0,35.3,36.5,50.6,42.7,36.0,42.1,33.0,39.8,36.3,40.0,41.0
TOPCOAT-0091,137,02:17,33.0,34.9,37.6,50.4,41.0,36.2,40.9,33.0,41.3,36.6,39.5,41.3
TOPCOAT-0091,138,02:18,33.0,35.5,37.2,50.8,41.2,36.5,42.3,33.0,41.5,36.4,39.4,40.6
TOPCOAT-0091,139,02:19,33.0,36.6,37.4,51.1,41.9,35.0,40.7,33.0,41.2,36.5,40.7,42.2
TOPCOAT-0091,140,02:20,33.0,35.4,38.3,49.9,41.8,35.7,41.5,33.0,41.2,37.5,41.2,40.3
TOPCOAT-0091,141,02:21,33.0,35.7,38.4,50.7,41.5,35.5,41.7,33.0,40.3,36.6,40.4,40.8
TOPCOAT-0091,142,02:22,33.0,36.0,38.7,51.4,42.3,35.5,41.6,33.0,41.8,36.5,40.1,40.6
TOPCOAT-0091,143,02:23,33.0,35.6,36.8,51.5,43.4,35.2,41.2,33.0,40.7,36.4,40.6,40.7
TOPCOAT-0091,144,02:24,33.0,35.9,37.8,51.1,42.3,35.3,42.0,33.0,41.0,37.8,40.0,41.1
TOPCOAT-0091,145,02:25,33.0,36.3,38.6,51.8,41.1,35.9,41.4,33.0,41.5,37.6,40.4,41.7
TOPCOAT-0091,146,02:26,33.0,35.6,38.8,51.6,41.6,35.1,41.8,33.0,41.6,36.0,39.9,40.8
TOPCOAT-0091,147,02:27,33.0,36.1,38.6,50.7,42.4,35.7,41.3,33.0,41.4,37.4,40.6,40.2
TOPCOAT-0091,148,02:28,33.0,36.0,39.1,50.9,42.9,36.0,41.6,33.0,42.2,37.1,40.3,41.4
TOPCOAT-0091,149,02:29,33.0,35.6,38.9,51.2,43.1,35.5,41.2,33.0,41.5,37.9,41.0,41.1
TOPCOAT-0091,150,02:30,33.0,36.7,39.8,51.3,42.6,35.9,41.8,33.0,42.2,38.9,41.6,40.8
TOPCOAT-0091,151,02:31,33.0,36.1,39.2,51.4,42.0,35.8,41.9,33.0,41.6,38.4,41.6,41.6
TOPCOAT-0091,152,02:32,33.0,36.1,39.0,51.2,42.9,35.6,41.3,33.0,43.1,38.0,41.2,40.9
TOPCOAT-0091,153,02:33,33.0,36.3,40.4,51.4,42.5,36.4,41.2,33.0,42.4,38.3,40.7,41.5
TOPCOAT-0091,154,02:34,33.0,36.4,38.5,51.5,42.9,36.7,41.6,33.0,42.1,39.0,41.4,41.9
TOPCOAT-0091,155,02:35,33.0,36.3,39.9,52.6,43.1,36.7,42.8,33.0,42.2,38.6,41.2,41.6
TOPCOAT-0091,156,02:36,33.0,37.0,39.2,52.4,42.4,36.2,41.5,33.0,42.7,39.7,41.4,41.6
TOPCOAT-0091,157,02:37,33.0,36.1,40.0,52.7,42.9,36.8,40.9,33.0,42.1,39.0,41.4,42.0
TOPCOAT-0091,158,02:38,33.0,37.7,40.1,52.8,43.5,36.3,41.8,33.0,42.9,39.4,42.1,42.2
TOPCOAT-0091,159,02:39,33.0,37.3,39.7,52.7,42.3,37.3,42.8,33.0,42.6,38.5,41.5,42.8
TOPCOAT-0091,160,02:40,33.0,36.8,40.9,52.3,42.0,36.1,42.0,33.0,42.4,39.1,42.0,42.0
TOPCOAT-0091,161,02:41,33.0,36.6,40.7,52.7,42.2,36.9,43.2,33.0,42.7,39.5,41.4,42.6
TOPCOAT-0091,162,02:42,33.0,37.4,40.2,52.0,43.0,35.9,42.6,33.0,42.1,40.0,42.2,42.0
TOPCOAT-0091,163,02:43,33.0,37.1,40.3,53.3,43.4,36.6,42.1,33.0,43.9,40.7,42.9,42.0
TOPCOAT-0091,164,02:44,33.0,38.5,40.5,53.2,43.4,37.4,42.0,33.0,43.8,39.6,42.5,42.0
TOPCOAT-0091,165,02:45,33.0,37.5,40.9,53.2,43.0,37.5,43.1,33.0,43.1,40.7,43.2,42.0
TOPCOAT-0091,166,02:46,33.0,37.4,42.2,52.8,42.9,37.5,42.9,33.0,43.6,40.6,42.0,42.5
TOPCOAT-0091,167,02:47,33.0,38.9,41.3,53.7,42.7,37.7,41.1,33.0,44.8,40.2,42.7,42.5
TOPCOAT-0091,168,02:48,33.0,38.0,40.8,54.5,44.2,37.4,43.4,33.0,43.4,40.2,42.9,42.5
TOPCOAT-0091,169,02:49,33.0,39.0,41.7,54.4,43.2,37.4,42.7,33.0,43.1,42.0,43.1,42.2
TOPCOAT-0091,170,02:50,33.0,38.0,41.1,53.9,43.1,36.2,42.0,33.0,43.4,42.0,43.7,42.4
TOPCOAT-0091,171,02:51,33.0,38.9,41.1,54.5,44.4,36.5,42.9,33.0,45.1,41.3,43.3,42.9
TOPCOAT-0091,172,02:52,33.0,39.8,41.4,54.4,44.2,36.5,43.2,33.0,44.3,41.6,42.8,42.6
TOPCOAT-0091,173,02:53,33.0,38.7,41.7,54.9,43.4,36.7,42.7,33.0,45.3,41.5,43.4,43.5
TOPCOAT-0091,174,02:54,33.0,38.5,42.3,54.0,44.0,37.7,44.0,33.0,45.8,43.3,43.7,43.9
TOPCOAT-0091,175,02:55,33.0,39.2,42.2,54.5,43.8,37.2,42.4,33.0,45.3,42.7,43.6,44.1
TOPCOAT-0091,176,02:56,33.0,39.4,43.2,55.0,43.9,38.0,43.0,33.0,45.7,41.4,44.5,43.2
TOPCOAT-0091,177,02:57,33.0,39.4,42.7,55.1,44.2,37.9,44.5,33.0,44.7,42.8,44.1,43.5
TOPCOAT-0091,178,02:58,33.0,39.4,43.0,55.6,43.6,38.0,42.6,33.0,45.4,43.3,44.8,43.7
TOPCOAT-0091,179,02:59,33.0,40.0,41.8,55.4,44.9,37.6,44.0,33.0,45.6,42.8,45.2,44.3
TOPCOAT-0091,180,03:00,33.0,39.7,42.9,55.6,44.5,37.6,44.2,33.0,46.4,43.5,45.5,44.6
TOPCOAT-0091,181,03:01,33.0,40.2,43.8,55.4,43.6,38.4,43.4,33.1,45.7,43.3,44.2,45.0
TOPCOAT-0091,182,03:02,33.0,40.2,43.9,56.3,44.9,36.7,43.8,33.0,46.0,43.9,45.3,44.2
TOPCOAT-0091,183,03:03,33.1,40.5,43.3,55.7,44.5,37.4,44.3,33.0,46.3,43.2,45.7,44.8
TOPCOAT-0091,184,03:04,33.0,40.6,43.2,56.8,45.5,37.7,44.1,33.0,47.4,44.5,45.8,45.1
TOPCOAT-0091,185,03:05,33.0,41.2,43.6,55.9,45.0,39.0,44.0,33.0,46.9,44.1,45.8,44.7
TOPCOAT-0091,186,03:06,33.0,40.8,45.3,56.8,45.5,38.0,43.1,33.4,46.8,45.3,45.8,45.5
TOPCOAT-0091,187,03:07,33.0,41.3,44.2,57.4,45.8,37.9,43.5,33.0,47.5,45.2,45.9,44.5
TOPCOAT-0091,188,03:08,33.2,42.1,45.4,58.1,45.0,39.4,44.9,33.0,47.6,45.6,45.8,44.3
TOPCOAT-0091,189,03:09,33.0,42.3,45.1,57.5,44.7,37.3,44.9,33.2,47.6,45.7,46.3,44.5
TOPCOAT-0091,190,03:10,33.4,42.5,46.2,57.7,45.8,38.7,45.3,33.8,48.0,45.5,47.2,45.2
TOPCOAT-0091,191,03:11,33.0,42.5,46.2,58.3,45.0,38.6,44.8,33.7,48.1,46.3,46.7,45.7
TOPCOAT-0091,192,03:12,33.0,43.2,45.7,59.0,45.4,38.7,45.5,33.3,49.2,46.5,47.7,46.0
TOPCOAT-0091,193,03:13,33.8,43.2,45.1,58.0,45.6,37.9,45.0,33.8,48.2,45.9,47.5,46.4
TOPCOAT-0091,194,03:14,34.7,43.7,46.3,58.6,45.9,38.7,45.9,33.7,49.4,46.9,47.8,46.7
TOPCOAT-0091,195,03:15,34.4,43.6,46.6,58.0,46.5,39.4,45.3,34.6,48.3,47.3,47.8,46.9
TOPCOAT-0091,196,03:16,34.5,42.6,46.3,59.0,46.7,39.9,46.1,34.4,49.0,47.3,48.0,47.4
TOPCOAT-0091,197,03:17,34.5,42.8,46.9,60.0,46.9,39.6,45.4,35.1,49.8,47.2,47.5,47.3
TOPCOAT-0091,198,03:18,33.4,44.3,46.8,59.9,46.1,39.3,45.1,35.2,49.4,47.8,47.9,47.3
TOPCOAT-0091,199,03:19,34.4,44.2,47.3,60.1,47.0,39.5,46.5,34.7,50.4,48.9,49.4,47.3
TOPCOAT-0091,200,03:20,35.1,44.2,47.8,60.1,46.0,39.6,46.4,35.2,51.2,48.6,49.1,47.4
TOPCOAT-0091,201,03:21,35.6,44.2,48.5,59.6,47.7,39.7,46.6,34.9,49.7,48.8,49.3,46.4
TOPCOAT-0091,202,03:22,35.4,44.9,47.8,60.0,47.0,39.8,47.2,35.8,51.2,49.8,49.6,48.4
TOPCOAT-0091,203,03:23,34.6,45.6,48.1,61.4,48.1,39.9,47.6,35.8,51.1,48.7,50.2,47.7
TOPCOAT-0091,204,03:24,35.2,45.2,49.0,60.4,47.7,40.0,46.1,36.3,52.0,50.3,50.6,48.3
TOPCOAT-0091,205,03:25,35.3,46.3,49.5,61.5,46.3,40.1,47.0,36.1,51.9,50.9,51.3,48.2
TOPCOAT-0091,206,03:26,35.5,45.6,49.6,61.3,47.5,40.7,46.5,36.1,52.9,51.0,51.0,48.8
TOPCOAT-0091,207,03:27,36.1,46.1,49.5,62.2,46.9,40.8,47.1,36.5,53.3,50.5,51.7,48.9
TOPCOAT-0091,208,03:28,36.9,45.3,49.6,61.9,49.2,40.7,47.6,36.2,51.9,51.3,51.4,49.2
TOPCOAT-0091,209,03:29,36.2,47.6,50.5,62.1,49.1,41.4,47.8,36.5,53.3,51.6,50.5,49.2
TOPCOAT-0091,210,03:30,37.0,46.4,50.7,62.3,47.8,42.1,48.2,36.9,52.5,50.9,51.7,50.0
TOPCOAT-0091,211,03:31,37.6,47.6,50.3,63.4,49.4,40.7,47.3,36.4,53.3,53.0,52.3,50.3
TOPCOAT-0091,212,03:32,36.2,46.6,51.6,63.2,48.7,41.6,48.6,37.4,53.9,53.4,53.2,49.1
TOPCOAT-0091,213,03:33,37.2,48.0,51.3,63.1,49.3,40.5,48.3,37.6,54.0,53.6,52.2,50.8
TOPCOAT-0091,214,03:34,37.0,48.1,52.1,62.8,48.7,42.1,48.5,37.5,54.8,53.0,52.6,51.5
TOPCOAT-0091,215,03:35,37.4,47.7,51.8,64.2,49.7,42.7,48.8,37.0,54.0,54.2,53.9,51.1
TOPCOAT-0091,216,03:36,38.0,49.2,51.8,64.3,50.3,42.1,48.9,37.9,55.2,53.9,53.3,49.7
TOPCOAT-0091,217,03:37,38.7,48.7,52.7,64.5,51.1,42.3,49.1,38.2,55.4,54.7,54.2,50.3
TOPCOAT-0091,218,03:38,39.1,49.2,52.4,64.9,49.9,42.4,48.3,37.9,55.1,55.1,54.9,51.2
TOPCOAT-0091,219,03:39,39.4,49.2,53.0,65.1,50.4,42.5,49.6,39.3,56.4,55.2,54.6,52.5
TOPCOAT-0091,220,03:40,38.0,50.0,53.8,66.5,50.6,42.0,49.5,38.9,56.1,55.4,54.9,51.9
TOPCOAT-0091,221,03:41,39.0,50.5,53.6,66.2,50.2,44.1,50.4,39.9,57.1,55.6,55.2,52.1
TOPCOAT-0091,222,03:42,40.1,51.4,54.1,66.7,50.4,43.5,49.9,39.1,56.8,56.3,55.9,52.2
TOPCOAT-0091,223,03:43,40.5,51.0,54.6,67.7,51.7,44.3,50.1,40.0,57.7,55.9,55.5,53.3
TOPCOAT-0091,224,03:44,39.7,50.9,55.0,66.3,52.0,44.4,51.3,40.7,57.2,57.1,55.9,53.3
TOPCOAT-0091,225,03:45,40.6,52.0,54.3,66.9,51.7,44.6,50.8,39.9,58.4,57.8,56.8,53.3
TOPCOAT-0091,226,03:46,39.8,51.7,55.5,67.2,52.1,44.6,52.2,41.1,57.9,57.6,56.7,54.1
TOPCOAT-0091,227,03:47,41.0,52.4,55.3,67.4,52.6,45.3,51.5,41.2,58.1,58.3,57.7,53.6
TOPCOAT-0091,228,03:48,40.9,52.0,56.0,68.8,53.3,44.9,51.6,39.8,59.5,59.3,57.7,53.4
TOPCOAT-0091,229,03:49,40.5,52.7,56.2,68.5,52.7,45.3,52.1,41.7,59.2,59.6,57.7,54.7
TOPCOAT-0091,230,03:50,41.9,52.8,56.6,68.2,54.2,45.7,52.0,42.8,60.4,59.7,58.9,55.2
TOPCOAT-0091,231,03:51,42.3,53.2,56.8,69.1,53.7,44.6,52.4,42.4,61.0,60.0,58.1,55.2
TOPCOAT-0091,232,03:52,42.8,53.4,57.0,69.0,53.8,46.3,52.6,42.2,60.4,60.0,60.2,56.0
TOPCOAT-0091,233,03:53,42.3,54.3,57.6,69.4,54.7,46.4,53.1,42.5,60.6,60.2,59.2,55.3
TOPCOAT-0091,234,03:54,42.5,54.6,58.0,70.4,54.4,46.2,53.4,43.3,61.2,60.5,59.3,56.4
TOPCOAT-0091,235,03:55,42.7,54.0,57.9,70.0,54.0,46.5,53.9,43.0,61.3,61.2,60.8,56.8
TOPCOAT-0091,236,03:56,43.7,54.8,57.9,70.3,56.2,46.9,54.5,43.5,61.5,62.4,61.2,56.9
TOPCOAT-0091,237,03:57,43.5,54.6,58.8,71.8,55.5,46.7,53.9,43.6,61.3,61.8,61.4,57.9
TOPCOAT-0091,238,03:58,43.6,56.5,58.6,71.6,56.3,47.5,54.8,44.4,63.0,62.7,59.8,57.6
TOPCOAT-0091,239,03:59,44.6,56.4,59.5,72.8,56.4,47.5,54.2,45.2,62.7,62.9,61.4,57.6
TOPCOAT-0091,240,04:00,44.8,56.0,60.6,71.7,56.0,47.3,55.0,44.2,64.2,63.1,61.8,57.9
TOPCOAT-0091,241,04:01,45.3,56.7,60.2,72.8,56.2,47.2,55.4,45.5,63.8,64.1,62.5,59.0
TOPCOAT-0091,242,04:02,44.8,55.8,60.8,74.2,56.4,48.0,56.2,45.8,63.5,63.7,62.6,59.1
TOPCOAT-0091,243,04:03,44.9,56.9,60.8,73.6,57.5,48.9,55.7,45.5,64.2,64.3,63.5,59.0
TOPCOAT-0091,244,04:04,45.6,57.8,61.5,74.1,57.7,49.4,57.1,46.0,64.7,64.9,63.0,59.8
TOPCOAT-0091,245,04:05,45.8,58.2,61.5,73.6,58.5,50.7,56.5,46.2,64.3,65.2,64.7,59.8
TOPCOAT-0091,246,04:06,46.1,58.2,62.2,74.4,58.9,49.3,58.1,46.2,65.8,65.5,64.0,60.3
TOPCOAT-0091,247,04:07,46.5,58.8,61.4,73.7,58.0,49.3,57.3,45.7,65.6,66.1,65.0,60.9
TOPCOAT-0091,248,04:08,47.1,58.9,62.4,74.5,59.1,50.7,58.2,47.3,66.6,65.1,65.2,60.6
TOPCOAT-0091,249,04:09,47.3,59.2,62.3,75.5,59.1,51.6,58.7,48.1,66.9,66.7,65.8,61.0
TOPCOAT-0091,250,04:10,47.4,59.0,63.1,76.0,59.2,51.0,58.9,47.9,66.9,66.0,65.7,62.6
TOPCOAT-0091,251,04:11,48.4,59.5,63.3,75.5,59.9,50.5,58.2,47.6,67.4,67.1,66.9,63.1
TOPCOAT-0091,252,04:12,48.1,59.8,63.6,75.6,59.2,51.6,59.7,48.8,66.2,67.8,66.4,61.9
TOPCOAT-0091,253,04:13,48.6,61.1,64.3,75.4,60.3,52.6,59.4,49.5,67.2,66.8,67.1,62.8
TOPCOAT-0091,254,04:14,47.6,61.5,64.3,76.5,61.3,52.4,59.6,50.0,68.2,67.0,67.4,63.9
TOPCOAT-0091,255,04:15,49.3,60.6,64.1,76.5,61.5,53.1,60.6,49.8,69.1,68.1,68.0,63.4
TOPCOAT-0091,256,04:16,49.0,61.9,65.0,77.7,61.6,53.1,59.7,50.2,69.3,68.4,68.0,64.4
TOPCOAT-0091,257,04:17,50.6,61.6,64.8,77.7,61.2,52.7,62.0,50.8,68.9,69.5,68.7,64.7
TOPCOAT-0091,258,04:18,51.1,61.7,65.0,77.4,62.4,53.4,61.9,51.6,68.5,69.6,68.4,64.3
TOPCOAT-0091,259,04:19,49.7,62.4,66.3,77.5,62.4,54.1,61.6,52.2,70.0,69.5,68.3,65.0
TOPCOAT-0091,260,04:20,50.8,63.7,66.3,78.1,62.9,54.0,62.5,51.7,70.0,70.6,70.7,66.1
TOPCOAT-0091,261,04:21,51.4,62.9,65.7,78.9,63.9,54.5,62.6,51.9,71.0,70.4,70.2,65.9
TOPCOAT-0091,262,04:22,51.7,63.2,66.5,79.4,63.5,54.9,62.2,52.6,70.6,71.1,70.2,66.2
TOPCOAT-0091,263,04:23,50.8,62.8,66.7,79.1,64.3,54.9,63.9,51.6,71.5,70.9,69.9,65.8
TOPCOAT-0091,264,04:24,51.4,65.4,66.4,79.7,65.3,55.3,64.5,52.2,71.1,70.8,70.6,66.2
TOPCOAT-0091,265,04:25,52.8,63.6,68.0,81.0,65.7,56.6,64.4,53.4,70.9,71.5,71.2,67.8
TOPCOAT-0091,266,04:26,52.2,65.0,67.9,80.2,65.6,56.1,64.4,54.3,73.0,72.0,71.4,67.7
TOPCOAT-0091,267,04:27,53.0,64.1,68.1,80.2,65.5,56.6,65.3,54.4,72.2,71.7,71.9,68.7
TOPCOAT-0091,268,04:28,52.1,65.1,68.5,80.1,66.4,57.6,65.1,54.2,72.7,71.6,72.5,67.7
TOPCOAT-0091,269,04:29,53.5,65.3,68.2,81.8,66.9,57.3,65.8,54.8,72.7,72.5,72.7,69.0
TOPCOAT-0091,270,04:30,52.9,66.0,68.5,81.0,65.9,57.7,66.2,55.5,72.5,72.7,71.9,68.6
TOPCOAT-0091,271,04:31,54.2,66.0,68.7,82.0,66.5,57.7,66.8,55.3,73.3,73.1,73.3,69.6
TOPCOAT-0091,272,04:32,54.1,66.0,70.2,81.3,67.2,58.6,66.5,55.8,74.1,74.3,73.7,69.6
TOPCOAT-0091,273,04:33,54.6,65.7,69.3,82.4,67.0,58.7,67.4,55.7,74.5,73.9,73.8,69.4
TOPCOAT-0091,274,04:34,54.3,67.2,69.4,83.0,67.9,58.8,67.3,56.8,74.8,73.3,73.7,71.1
TOPCOAT-0091,275,04:35,55.3,66.4,70.9,81.8,68.6,58.8,67.9,56.5,75.2,74.1,74.3,70.2
TOPCOAT-0091,276,04:36,55.2,66.4,69.6,82.7,68.4,60.0,69.2,56.8,74.4,74.7,73.4,71.3
TOPCOAT-0091,277,04:37,56.5,67.3,69.8,83.1,68.5,60.0,69.9,57.6,76.1,73.7,74.7,71.5
TOPCOAT-0091,278,04:38,56.5,66.8,70.5,84.2,69.6,59.6,70.1,57.4,75.2,75.2,75.3,71.2
TOPCOAT-0091,279,04:39,56.4,67.0,71.5,83.1,70.7,60.6,69.9,58.6,75.5,76.0,74.5,72.2
TOPCOAT-0091,280,04:40,56.6,68.6,70.2,83.5,70.9,61.4,69.5,59.4,75.9,75.6,75.2,72.4
TOPCOAT-0091,281,04:41,56.3,68.0,71.4,83.7,70.4,61.7,70.9,58.5,75.1,75.1,75.7,72.9
TOPCOAT-0091,282,04:42,57.0,68.4,71.5,83.5,70.7,62.1,70.4,59.5,75.8,76.1,76.3,73.2
TOPCOAT-0091,283,04:43,57.9,69.2,71.6,83.5,70.7,62.6,71.2,60.0,76.2,75.4,76.8,72.9
TOPCOAT-0091,284,04:44,57.7,70.1,71.0,85.2,71.3,63.1,71.9,60.3,75.9,76.2,76.1,73.3
TOPCOAT-0091,285,04:45,57.7,68.9,72.0,84.5,71.8,62.6,71.4,60.8,77.0,76.2,77.6,73.5
TOPCOAT-0091,286,04:46,58.5,69.6,71.6,84.6,72.4,64.2,72.7,60.2,76.7,77.2,76.2,75.1
TOPCOAT-0091,287,04:47,57.1,68.5,71.4,84.5,71.4,63.7,73.3,61.4,77.7,77.1,76.9,73.6
TOPCOAT-0091,288,04:48,58.4,70.0,73.0,84.6,72.9,64.0,73.7,62.0,77.3,76.8,77.6,75.2
TOPCOAT-0091,289,04:49,59.0,70.1,72.6,85.3,73.1,64.3,74.3,61.3,77.8,77.7,78.0,75.1
TOPCOAT-0091,290,04:50,59.1,70.0,72.9,85.4,73.5,64.0,74.3,61.3,78.3,77.5,79.0,75.2
TOPCOAT-0091,291,04:51,59.5,70.9,73.2,85.3,74.6,64.8,74.5,63.5,77.7,77.3,79.3,76.2
TOPCOAT-0091,292,04:52,59.6,70.5,73.4,85.7,73.9,65.5,74.1,62.4,78.0,77.9,78.7,76.2
TOPCOAT-0091,293,04:53,59.9,70.6,72.8,86.5,74.5,65.5,75.2,63.2,79.4,78.6,79.0,77.8
TOPCOAT-0091,294,04:54,59.8,71.1,73.3,86.1,74.2,65.9,74.6,63.4,78.6,77.9,80.4,76.8
TOPCOAT-0091,295,04:55,61.0,71.0,73.1,86.8,75.1,66.3,75.4,63.3,78.9,78.8,79.3,77.3
TOPCOAT-0091,296,04:56,60.2,71.9,73.1,87.0,74.6,67.1,75.7,64.4,79.8,78.5,80.2,77.7
TOPCOAT-0091,297,04:57,60.6,71.5,73.9,87.1,74.9,67.9,76.4,64.3,79.5,79.7,78.8,76.4
TOPCOAT-0091,298,04:58,60.1,71.7,74.2,86.1,75.9,67.4,76.3,64.8,79.5,78.4,80.0,77.7
TOPCOAT-0091,299,04:59,61.1,72.6,74.7,87.8,76.2,68.2,76.6,64.6,80.1,79.4,79.3,78.6
TOPCOAT-0091,300,05:00,62.3,71.6,74.0,88.0,77.0,68.0,77.5,65.3,80.4,78.9,80.1,78.8
TOPCOAT-0091,301,05:01,62.0,71.4,75.5,88.3,77.0,68.7,77.2,65.3,80.0,79.5,80.0,78.7
TOPCOAT-0091,302,05:02,62.2,72.9,74.5,88.0,77.6,68.5,76.9,66.3,79.7,79.5,80.3,78.9
TOPCOAT-0091,303,05:03,61.7,72.4,74.4,89.0,78.1,69.0,78.4,66.1,80.2,79.0,80.3,79.2
TOPCOAT-0091,304,05:04,62.4,73.2,74.8,87.3,77.6,69.7,78.2,66.4,81.0,79.6,81.7,79.2
TOPCOAT-0091,305,05:05,62.1,73.6,75.7,87.8,78.3,69.9,78.9,67.4,80.1,80.5,81.4,79.6
TOPCOAT-0091,306,05:06,62.3,73.5,75.0,87.9,78.8,69.3,79.1,66.6,81.1,80.7,81.2,79.9
TOPCOAT-0091,307,05:07,62.4,73.4,74.9,87.6,78.6,70.6,79.7,67.6,81.6,79.6,82.2,80.7
TOPCOAT-0091,308,05:08,63.2,73.8,74.3,87.7,78.8,70.4,80.1,68.2,81.2,80.8,80.5,80.3
TOPCOAT-0091,309,05:09,63.4,73.5,75.0,88.5,79.3,71.3,79.9,68.0,81.4,80.7,81.0,80.6
TOPCOAT-0091,310,05:10,63.9,73.9,75.6,88.8,79.4,70.8,80.8,67.5,82.5,81.0,82.0,81.4
TOPCOAT-0091,311,05:11,63.9,73.7,75.4,89.3,80.5,71.5,80.4,67.6,81.6,81.1,81.4,81.1
TOPCOAT-0091,312,05:12,64.7,74.4,75.8,89.0,80.0,72.0,80.8,68.4,82.1,81.9,82.1,81.0
TOPCOAT-0091,313,05:13,63.8,74.0,76.4,88.0,80.8,71.4,82.3,68.6,82.0,82.0,83.3,81.9
TOPCOAT-0091,314,05:14,64.1,74.3,75.6,89.2,80.6,72.0,81.1,68.4,81.8,81.4,82.1,81.1
TOPCOAT-0091,315,05:15,64.1,74.4,76.8,89.5,80.4,72.9,80.5,68.0,82.1,81.2,83.3,81.1
TOPCOAT-0091,316,05:16,63.4,74.5,75.7,90.0,81.5,72.7,81.8,68.8,81.8,81.3,82.8,82.0
TOPCOAT-0091,317,05:17,63.8,75.1,76.3,88.6,82.0,72.5,82.7,69.6,83.1,81.1,83.0,82.4
TOPCOAT-0091,318,05:18,64.8,74.7,76.6,89.0,80.7,72.4,82.6,70.5,82.6,81.5,83.3,82.8
TOPCOAT-0091,319,05:19,64.3,74.5,76.3,89.5,82.1,73.3,83.2,70.5,82.8,82.2,83.1,82.3
TOPCOAT-0091,320,05:20,64.6,74.6,76.7,88.8,82.7,73.9,83.3,70.4,83.5,81.6,83.2,82.8
TOPCOAT-0091,321,05:21,64.5,75.2,77.0,89.2,82.0,73.3,83.2,71.1,83.4,81.9,83.9,83.2
TOPCOAT-0091,322,05:22,65.3,74.7,75.9,89.8,82.9,73.9,83.5,71.3,83.8,81.2,84.0,83.5
TOPCOAT-0091,323,05:23,65.6,75.3,77.2,88.9,83.2,74.6,84.3,70.7,83.0,82.9,84.1,83.0
TOPCOAT-0091,324,05:24,65.4,75.8,77.9,89.4,83.2,75.7,83.9,71.6,83.9,82.3,83.8,84.1
TOPCOAT-0091,325,05:25,65.8,74.7,77.8,89.6,82.9,75.7,84.2,71.5,83.8,82.3,83.8,83.4
TOPCOAT-0091,326,05:26,65.8,76.2,77.6,91.0,82.8,75.0,84.5,72.4,83.4,82.9,84.0,83.9
TOPCOAT-0091,327,05:27,65.2,77.0,77.3,91.1,84.2,75.0,84.8,72.8,83.3,82.4,83.7,84.4
TOPCOAT-0091,328,05:28,65.8,76.0,78.5,91.1,83.5,76.0,85.2,72.2,83.9,82.5,84.7,85.2
TOPCOAT-0091,329,05:29,65.8,76.0,77.7,91.2,84.4,75.8,84.8,72.7,83.4,83.4,85.2,84.9
TOPCOAT-0091,330,05:30,65.7,76.2,78.0,91.2,83.9,76.0,85.4,71.9,84.2,82.8,84.8,83.9
TOPCOAT-0091,331,05:31,65.9,76.2,77.3,90.1,83.9,76.6,85.4,71.9,84.0,82.9,85.3,84.8
TOPCOAT-0091,332,05:32,66.7,75.7,78.1,91.3,84.9,76.7,85.3,72.9,84.5,83.1,84.0,84.4
TOPCOAT-0091,333,05:33,65.7,76.0,78.0,90.9,85.2,76.3,87.5,72.8,84.2,83.1,84.9,85.4
TOPCOAT-0091,334,05:34,67.1,76.3,77.9,91.2,84.9,77.0,86.0,72.4,85.0,82.3,85.0,85.0
TOPCOAT-0091,335,05:35,65.6,75.5,77.9,90.5,85.2,77.2,86.1,72.9,84.8,83.6,85.2,84.9
TOPCOAT-0091,336,05:36,67.3,76.2,77.8,91.9,84.7,76.3,86.0,73.3,85.6,82.6,85.4,86.1
TOPCOAT-0091,337,05:37,66.9,76.3,77.4,91.9,84.8,78.4,86.4,73.5,84.2,83.7,84.9,85.4
TOPCOAT-0091,338,05:38,66.7,76.8,78.4,91.8,85.4,77.4,87.2,73.2,85.1,82.9,85.9,85.8
TOPCOAT-0091,339,05:39,66.8,76.7,77.9,91.7,85.4,77.7,86.7,74.0,83.7,83.3,84.9,86.0
TOPCOAT-0091,340,05:40,67.3,75.6,78.4,91.3,85.8,77.3,88.1,73.8,84.7,83.6,85.4,85.5
TOPCOAT-0091,341,05:41,66.8,77.4,78.4,91.9,85.7,77.7,86.9,73.6,85.2,83.9,84.8,85.5
TOPCOAT-0091,342,05:42,66.9,76.6,78.3,91.4,85.5,78.1,88.0,74.0,85.2,83.3,85.9,86.2
TOPCOAT-0091,343,05:43,67.6,77.6,78.3,91.7,86.5,77.5,86.8,74.9,83.7,83.4,85.5,86.4
TOPCOAT-0091,344,05:44,66.8,76.5,77.9,92.1,86.4,78.4,88.9,72.8,84.9,82.8,84.7,86.1
TOPCOAT-0091,345,05:45,68.2,77.0,77.7,92.4,86.9,79.0,88.1,74.3,84.2,83.7,86.4,86.4
TOPCOAT-0091,346,05:46,67.2,76.5,78.6,91.7,87.3,78.9,88.4,74.9,84.5,83.6,86.7,86.4
TOPCOAT-0091,347,05:47,68.3,77.8,78.7,91.4,86.9,78.4,88.7,74.4,85.7,84.6,86.3,86.9
TOPCOAT-0091,348,05:48,68.2,77.2,78.8,92.2,86.7,78.9,88.4,74.3,85.5,84.4,85.9,86.4
TOPCOAT-0091,349,05:49,67.6,77.4,78.6,91.5,88.1,78.8,89.1,74.1,85.5,83.7,86.2,87.3
TOPCOAT-0091,350,05:50,67.4,77.6,78.5,92.5,87.0,79.5,89.3,74.4,85.0,84.1,86.8,86.4
TOPCOAT-0091,351,05:51,67.8,76.5,79.1,91.4,87.2,80.0,89.5,75.7,86.0,84.5,86.0,87.0
TOPCOAT-0091,352,05:52,67.0,76.7,78.7,92.3,87.0,79.0,88.1,74.9,85.6,84.5,86.8,86.9
TOPCOAT-0091,353,05:53,67.5,76.8,77.7,92.1,87.7,79.6,89.6,75.2,86.0,83.3,86.9,88.1
TOPCOAT-0091,354,05:54,67.9,76.4,79.1,90.5,86.8,79.8,89.9,75.2,86.0,84.5,86.3,87.1
TOPCOAT-0091,355,05:55,67.5,77.3,78.4,92.5,87.4,79.4,88.3,74.8,85.3,84.4,86.5,87.8
TOPCOAT-0091,356,05:56,68.0,77.8,79.1,92.0,87.2,79.7,89.4,75.5,86.0,84.2,86.4,87.1
TOPCOAT-0091,357,05:57,69.0,76.8,79.3,91.7,88.0,80.7,89.1,76.0,85.4,83.9,86.9,87.4
TOPCOAT-0091,358,05:58,69.2,77.8,79.0,93.1,87.4,81.2,90.6,76.1,86.3,84.6,86.9,86.9
TOPCOAT-0091,359,05:59,68.4,77.4,79.8,92.3,87.7,80.3,90.3,76.2,86.1,84.0,86.7,88.5
TOPCOAT-0091,360,06:00,68.9,78.7,79.0,92.9,87.9,80.4,90.3,75.7,85.8,83.9,87.3,86.9
TOPCOAT-0091,361,06:01,67.7,78.4,79.2,92.9,88.6,80.5,89.3,76.5,85.2,83.8,86.6,87.7
TOPCOAT-0091,362,06:02,69.2,78.0,78.6,92.7,88.2,80.8,89.6,75.6,86.4,84.3,86.4,87.7
TOPCOAT-0091,363,06:03,68.5,78.1,79.9,93.1,88.3,80.4,90.9,76.9,86.8,83.9,86.6,87.7
TOPCOAT-0091,364,06:04,69.6,78.6,79.1,92.3,89.0,80.6,90.5,76.1,85.8,85.1,86.8,87.1
TOPCOAT-0091,365,06:05,68.8,77.6,79.6,92.1,88.9,81.9,88.8,75.8,86.0,84.6,87.2,86.8
TOPCOAT-0091,366,06:06,68.7,77.5,79.5,92.8,88.2,81.2,90.7,75.8,85.9,84.4,86.2,88.5
TOPCOAT-0091,367,06:07,68.7,77.4,79.0,91.6,89.1,81.2,90.4,77.3,86.5,85.1,87.4,88.9
TOPCOAT-0091,368,06:08,68.8,78.3,78.8,92.7,88.6,81.6,90.7,76.2,85.7,85.5,87.0,88.7
TOPCOAT-0091,369,06:09,68.1,78.0,79.4,91.7,89.7,81.3,91.2,77.0,86.1,83.8,87.2,88.9
TOPCOAT-0091,370,06:10,70.1,77.2,79.0,92.9,88.8,81.7,91.4,76.6,85.9,84.3,87.0,88.6
TOPCOAT-0091,371,06:11,70.0,78.2,80.0,91.7,89.1,81.2,90.9,76.9,86.2,84.0,86.8,87.3
TOPCOAT-0091,372,06:12,69.7,77.5,79.7,92.2,89.4,81.4,91.3,77.8,86.1,84.7,86.8,88.1
TOPCOAT-0091,373,06:13,69.9,78.2,79.3,93.1,88.2,82.0,91.2,77.1,87.3,84.6,87.2,89.2
TOPCOAT-0091,374,06:14,69.4,77.7,78.8,93.0,89.4,81.8,91.0,76.6,86.1,84.4,87.5,88.7
TOPCOAT-0091,375,06:15,70.1,78.6,79.7,93.7,89.5,81.3,91.4,77.2,86.7,85.3,86.7,88.3
TOPCOAT-0091,376,06:16,69.5,77.6,79.5,92.8,89.5,82.7,90.7,77.1,86.3,84.2,86.9,88.7
TOPCOAT-0091,377,06:17,68.9,78.9,80.0,92.4,89.1,82.0,91.5,77.4,86.5,84.5,87.9,89.2
TOPCOAT-0091,378,06:18,68.0,78.5,79.3,92.6,89.1,81.5,91.0,77.0,85.6,85.2,87.0,88.3
TOPCOAT-0091,379,06:19,68.9,77.9,79.2,92.7,89.1,82.2,91.6,76.7,87.1,84.3,87.0,88.5
TOPCOAT-0091,380,06:20,69.5,77.6,79.4,92.7,88.5,82.0,91.7,77.0,86.7,84.8,87.8,88.9
TOPCOAT-0091,381,06:21,70.4,77.4,79.5,93.3,89.9,82.9,92.2,77.1,87.0,84.6,87.5,89.0
TOPCOAT-0091,382,06:22,69.1,77.5,79.1,93.1,89.4,81.9,91.8,77.7,86.1,85.1,87.8,89.8
TOPCOAT-0091,383,06:23,69.8,78.7,79.8,92.8,89.4,83.2,91.4,77.1,87.1,84.9,87.6,88.4
TOPCOAT-0091,384,06:24,69.2,78.0,80.1,92.6,90.2,82.4,91.5,77.4,86.7,84.1,87.5,89.2
TOPCOAT-0091,385,06:25,70.0,78.2,79.4,93.2,89.6,82.1,92.1,77.7,87.1,85.0,88.0,89.3
TOPCOAT-0091,386,06:26,70.0,78.3,79.5,92.9,90.3,82.4,92.0,77.5,87.0,85.0,86.7,88.7
TOPCOAT-0091,387,06:27,69.5,77.6,80.4,94.1,89.4,81.4,92.2,77.9,86.1,85.3,87.0,89.1
TOPCOAT-0091,388,06:28,69.4,78.5,80.0,91.8,90.4,82.2,91.8,78.5,87.5,86.0,88.1,89.5
TOPCOAT-0091,389,06:29,69.7,78.7,79.8,93.4,90.4,82.8,92.5,77.8,86.6,84.5,87.9,88.9
TOPCOAT-0091,390,06:30,70.2,77.6,79.7,92.4,89.1,81.6,92.2,77.4,86.0,85.5,86.8,87.4
TOPCOAT-0091,391,06:31,69.7,77.4,80.1,93.0,89.7,82.3,92.4,78.5,87.5,85.0,87.1,90.1
TOPCOAT-0091,392,06:32,69.6,77.1,79.0,92.9,91.0,82.8,92.4,78.1,86.9,84.8,87.5,88.7
TOPCOAT-0091,393,06:33,70.0,77.9,80.1,93.0,90.3,84.0,91.9,77.5,86.9,84.8,88.0,89.5
TOPCOAT-0091,394,06:34,70.2,78.1,79.6,93.5,89.4,82.8,92.5,77.4,87.7,84.2,87.2,89.5
TOPCOAT-0091,395,06:35,69.8,78.2,79.4,91.7,91.0,83.1,93.0,78.5,86.5,84.8,87.7,89.2
TOPCOAT-0091,396,06:36,69.4,78.2,79.8,92.8,90.6,82.7,92.0,79.1,86.5,85.5,87.4,89.1
TOPCOAT-0091,397,06:37,69.9,78.5,80.6,92.0,90.1,82.4,92.2,77.3,87.0,84.4,87.4,89.2
TOPCOAT-0091,398,06:38,70.0,78.7,79.3,94.1,90.1,82.8,92.4,77.7,87.7,85.3,88.4,90.4
TOPCOAT-0091,399,06:39,70.1,78.7,79.3,93.3,90.6,83.9,93.1,77.1,86.2,84.3,87.4,89.2
TOPCOAT-0091,400,06:40,69.9,79.0,80.1,92.4,90.3,83.4,93.0,77.7,86.1,84.8,88.0,90.1
TOPCOAT-0091,401,06:41,70.4,79.0,79.1,93.1,90.4,82.2,93.5,77.7,87.5,83.9,87.2,89.2
TOPCOAT-0091,402,06:42,70.7,78.4,79.9,94.1,89.5,83.5,93.3,77.3,87.6,84.7,88.1,89.7
TOPCOAT-0091,403,06:43,69.8,78.3,80.4,93.6,91.1,83.6,92.2,78.5,86.4,85.1,87.6,89.3
TOPCOAT-0091,404,06:44,70.4,79.2,79.9,94.1,90.3,84.2,92.9,78.4,87.6,84.5,88.3,89.7
TOPCOAT-0091,405,06:45,70.9,79.2,80.5,92.8,90.7,83.2,93.7,77.8,86.8,84.6,87.1,89.5
TOPCOAT-0091,406,06:46,70.2,79.0,79.5,92.6,90.3,83.5,93.1,78.7,87.0,84.7,87.9,89.6
TOPCOAT-0091,407,06:47,70.6,77.5,79.7,93.4,90.0,84.1,92.9,78.2,87.2,85.4,88.3,89.5
TOPCOAT-0091,408,06:48,70.0,79.0,79.9,93.4,90.2,83.4,93.1,78.5,87.0,85.1,87.3,90.1
TOPCOAT-0091,409,06:49,70.6,77.6,80.0,93.2,92.3,83.7,93.1,78.5,87.0,86.3,87.5,90.2
TOPCOAT-0091,410,06:50,70.2,79.1,80.1,93.5,90.2,83.7,93.2,78.6,86.7,85.0,86.8,89.6
TOPCOAT-0091,411,06:51,71.4,79.2,79.6,92.7,91.6,83.2,92.2,79.1,87.7,85.4,88.5,90.6
TOPCOAT-0091,412,06:52,70.6,78.4,79.4,93.2,90.9,84.5,94.1,77.9,87.0,85.4,88.0,89.6
TOPCOAT-0091,413,06:53,69.5,78.9,80.1,93.4,91.1,84.1,93.7,78.6,86.1,85.3,88.0,90.2
TOPCOAT-0091,414,06:54,70.8,79.1,79.7,92.7,91.7,84.3,93.3,78.0,87.5,84.9,88.1,89.3
TOPCOAT-0091,415,06:55,71.3,79.3,80.5,93.1,91.3,85.2,92.2,77.8,85.7,85.0,87.4,89.8
TOPCOAT-0091,416,06:56,70.0,78.2,80.4,93.7,90.8,84.6,92.7,78.0,86.5,84.3,87.3,89.7
TOPCOAT-0091,417,06:57,70.2,79.2,79.9,93.6,89.8,83.7,92.5,78.2,87.3,84.9,87.3,90.0
TOPCOAT-0091,418,06:58,70.3,79.1,80.1,93.8,90.4,83.1,93.6,78.2,87.6,85.3,88.6,90.6
TOPCOAT-0091,419,06:59,70.6,78.9,79.4,94.5,90.8,84.2,93.4,78.6,87.0,85.9,87.8,90.0
TOPCOAT-0091,420,07:00,70.1,78.8,80.0,93.0,91.7,83.4,93.0,77.8,87.3,85.2,87.9,89.0
TOPCOAT-0091,421,07:01,70.0,78.4,80.2,93.7,90.9,84.0,93.6,78.8,86.8,84.7,87.4,89.4
TOPCOAT-0091,422,07:02,70.5,78.7,79.9,93.2,90.9,83.5,93.1,78.6,86.6,85.6,87.7,90.8
TOPCOAT-0091,423,07:03,69.9,78.5,80.7,93.3,91.2,84.1,93.4,78.1,87.2,85.4,88.1,90.1
TOPCOAT-0091,424,07:04,71.1,79.0,79.8,93.4,91.5,84.8,93.7,77.9,88.1,85.8,88.7,89.2
TOPCOAT-0091,425,07:05,70.8,79.4,79.2,92.8,92.2,83.8,92.6,78.5,87.5,85.6,88.6,89.7
TOPCOAT-0091,426,07:06,69.8,78.1,79.4,93.0,91.3,83.5,93.3,78.7,87.0,84.7,87.1,90.4
TOPCOAT-0091,427,07:07,70.3,79.2,80.1,93.6,91.1,84.1,93.4,78.6,87.0,85.4,87.9,90.0
TOPCOAT-0091,428,07:08,70.2,78.4,79.9,92.0,91.2,83.8,92.7,78.9,86.8,86.1,87.5,90.1
TOPCOAT-0091,429,07:09,71.1,78.9,79.4,92.9,91.2,84.8,92.9,79.3,87.5,85.5,89.3,90.1
TOPCOAT-0091,430,07:10,69.7,78.8,80.0,93.4,91.4,84.3,93.8,78.8,86.9,85.5,88.1,90.2
TOPCOAT-0091,431,07:11,70.9,78.6,79.9,93.8,90.8,82.8,93.1,78.2,88.0,85.4,87.8,90.1
TOPCOAT-0091,432,07:12,70.1,78.8,80.6,93.4,90.4,83.8,94.2,78.3,86.6,85.6,88.3,89.1
TOPCOAT-0091,433,07:13,71.6,78.7,79.9,92.8,91.1,84.1,93.7,78.5,88.0,84.6,87.7,90.0
TOPCOAT-0091,434,07:14,70.0,77.0,80.3,93.2,91.3,84.0,93.1,78.6,87.0,85.4,87.2,89.7
TOPCOAT-0091,435,07:15,70.6,79.2,79.3,93.1,91.0,83.2,93.7,78.8,87.1,85.5,88.5,90.3
TOPCOAT-0091,436,07:16,71.1,79.3,80.4,93.1,91.1,83.4,92.7,78.1,86.3,85.1,87.9,90.4
TOPCOAT-0091,437,07:17,70.4,78.8,80.1,93.9,91.9,83.7,93.5,79.6,87.1,85.1,88.7,90.7
TOPCOAT-0091,438,07:18,70.9,79.2,80.4,92.9,91.4,83.8,93.3,79.0,88.4,84.6,87.9,89.6
TOPCOAT-0091,439,07:19,70.3,78.4,80.9,93.9,91.3,83.5,92.9,78.6,87.5,86.4,88.8,89.6
TOPCOAT-0091,440,07:20,70.6,79.1,80.6,93.3,91.3,84.8,93.7,78.3,87.0,86.5,87.5,90.1
TOPCOAT-0091,441,07:21,70.9,78.9,80.2,94.1,91.1,84.6,93.5,78.9,87.1,86.5,88.6,89.6
TOPCOAT-0091,442,07:22,70.5,79.7,79.8,93.6,91.2,84.6,93.9,79.8,87.0,88.4,88.6,90.2
TOPCOAT-0091,443,07:23,70.5,79.9,80.2,93.3,90.0,83.4,92.8,78.9,87.5,89.0,87.8,90.3
TOPCOAT-0091,444,07:24,69.5,78.7,82.6,94.1,91.3,84.6,93.9,79.3,87.0,90.1,88.1,90.9
TOPCOAT-0091,445,07:25,70.2,78.7,82.9,93.6,91.8,83.1,92.9,79.1,87.2,91.2,87.6,90.2
TOPCOAT-0091,446,07:26,70.4,79.3,82.9,94.4,91.3,83.8,93.1,78.2,87.8,90.9,87.1,89.6
TOPCOAT-0091,447,07:27,70.7,78.2,84.9,95.0,90.9,84.9,93.6,78.6,86.3,91.4,87.7,88.9
TOPCOAT-0091,448,07:28,70.9,79.0,84.1,96.2,91.8,83.9,93.4,78.7,87.8,91.9,87.5,89.9
TOPCOAT-0091,449,07:29,71.0,78.4,85.5,96.0,91.6,83.7,93.4,78.5,87.3,92.4,88.9,90.6
TOPCOAT-0091,450,07:30,70.3,81.2,85.8,98.8,91.0,84.6,93.8,78.5,89.3,92.2,88.2,89.4
TOPCOAT-0091,451,07:31,70.3,82.1,86.7,98.0,91.1,83.4,93.0,77.8,90.2,92.7,88.5,90.5
TOPCOAT-0091,452,07:32,69.7,82.8,87.0,99.0,91.4,84.0,93.6,78.7,91.6,94.0,88.2,90.6
TOPCOAT-0091,453,07:33,70.8,82.7,86.8,99.5,91.2,84.1,94.5,79.5,91.8,93.1,91.1,90.7
TOPCOAT-0091,454,07:34,70.5,84.4,87.6,98.8,91.0,83.8,94.1,78.6,92.1,93.9,91.8,90.1
TOPCOAT-0091,455,07:35,70.9,84.6,87.6,100.1,91.7,85.1,93.6,79.6,92.6,94.8,93.0,90.5
TOPCOAT-0091,456,07:36,71.6,84.3,88.1,99.6,91.9,84.1,93.5,79.8,92.6,94.7,91.9,90.7
TOPCOAT-0091,457,07:37,70.7,84.7,87.7,100.0,90.7,84.6,93.5,79.0,93.6,94.6,94.3,90.5
TOPCOAT-0091,458,07:38,70.0,85.5,88.0,101.0,91.5,83.4,92.9,78.9,94.0,95.3,93.2,90.3
TOPCOAT-0091,459,07:39,70.7,85.7,88.6,100.9,91.6,83.3,94.0,79.4,94.1,95.5,93.2,89.8
TOPCOAT-0091,460,07:40,71.0,85.8,88.9,101.7,90.9,84.2,94.0,79.2,94.4,96.3,94.6,89.1
TOPCOAT-0091,461,07:41,70.8,86.8,88.6,101.6,91.3,84.1,93.2,79.2,95.6,96.5,94.9,89.0
TOPCOAT-0091,462,07:42,70.5,86.3,89.6,101.1,91.3,83.7,93.8,78.6,94.3,96.3,95.1,90.3
TOPCOAT-0091,463,07:43,71.7,86.3,91.2,102.6,91.8,84.8,92.8,79.0,95.2,97.0,95.7,89.9
TOPCOAT-0091,464,07:44,70.2,86.6,90.0,103.0,92.5,84.2,93.7,78.9,96.4,97.1,96.3,91.4
TOPCOAT-0091,465,07:45,71.2,87.5,89.8,103.2,90.8,84.9,93.7,78.2,96.0,96.9,96.3,91.0
TOPCOAT-0091,466,07:46,72.5,88.2,90.4,102.9,91.8,84.2,94.1,79.2,96.3,96.8,96.6,89.7
TOPCOAT-0091,467,07:47,74.1,87.1,90.1,102.4,91.7,85.0,93.6,79.0,96.5,97.3,96.7,90.1
TOPCOAT-0091,468,07:48,74.7,88.7,91.4,103.2,90.8,84.6,93.9,79.2,97.0,96.7,97.9,90.3
TOPCOAT-0091,469,07:49,74.5,88.4,91.9,103.4,90.8,83.4,93.6,78.6,97.5,98.5,98.0,92.2
TOPCOAT-0091,470,07:50,75.8,89.1,90.8,103.7,91.1,84.4,93.3,78.3,96.8,98.3,98.5,93.3
TOPCOAT-0091,471,07:51,76.0,88.9,91.8,102.8,90.9,85.0,94.8,79.5,97.7,98.3,98.0,94.2
TOPCOAT-0091,472,07:52,76.7,89.2,91.8,104.8,90.9,84.5,94.0,79.0,98.4,98.1,98.7,94.9
TOPCOAT-0091,473,07:53,76.6,89.2,91.7,105.3,91.4,83.8,94.0,78.7,98.4,99.1,98.0,95.6
TOPCOAT-0091,474,07:54,76.8,88.8,92.8,105.0,91.4,84.5,93.6,79.1,97.3,99.0,98.1,95.6
TOPCOAT-0091,475,07:55,77.2,89.0,92.4,105.2,92.5,84.7,93.0,79.5,98.5,99.4,99.2,96.9
TOPCOAT-0091,476,07:56,77.6,90.4,92.0,104.4,92.3,83.7,92.8,79.2,98.5,98.7,100.4,96.6
TOPCOAT-0091,477,07:57,77.3,90.0,93.0,105.8,91.9,84.9,93.8,80.7,100.0,99.0,99.5,98.1
TOPCOAT-0091,478,07:58,79.1,90.4,92.5,106.4,92.7,85.4,94.5,81.7,98.9,100.1,100.3,96.6
TOPCOAT-0091,479,07:59,78.5,91.6,93.4,106.5,92.7,84.0,94.3,82.7,99.7,100.7,99.3,97.5
TOPCOAT-0091,480,08:00,78.6,90.9,93.7,105.9,93.2,84.3,93.5,83.1,99.2,100.1,100.4,97.1
TOPCOAT-0091,481,08:01,79.2,91.3,93.9,106.8,94.1,85.0,94.1,84.8,99.9,100.3,100.3,99.0
TOPCOAT-0091,482,08:02,78.8,91.1,93.2,106.7,95.4,83.8,93.9,85.2,99.7,100.2,100.9,99.0
TOPCOAT-0091,483,08:03,79.6,92.7,92.6,106.3,97.1,84.7,96.8,84.9,100.8,101.5,101.6,98.3
TOPCOAT-0091,484,08:04,79.3,91.1,93.8,106.7,96.9,83.8,96.8,85.3,100.2,100.4,100.7,99.0
TOPCOAT-0091,485,08:05,80.3,91.8,94.0,106.9,96.6,84.8,97.6,86.2,100.6,101.1,102.4,100.4
TOPCOAT-0091,486,08:06,80.4,91.4,92.5,106.3,98.4,87.4,98.4,85.5,101.5,100.8,101.3,99.8
TOPCOAT-0091,487,08:07,79.8,91.2,94.3,107.8,98.6,87.3,98.6,87.1,100.5,100.6,100.9,99.9
TOPCOAT-0091,488,08:08,81.2,92.0,92.9,108.0,98.2,87.4,99.0,87.0,101.0,100.5,101.1,101.2
TOPCOAT-0091,489,08:09,81.1,92.5,93.7,107.7,98.8,89.4,99.6,87.8,100.8,101.8,102.1,100.9
TOPCOAT-0091,490,08:10,81.5,92.3,94.8,108.0,99.3,89.6,99.3,88.2,101.6,101.6,102.0,101.1
TOPCOAT-0091,491,08:11,81.6,93.1,95.0,107.0,99.2,90.4,101.0,88.3,101.9,101.3,102.6,100.6
TOPCOAT-0091,492,08:12,82.2,93.3,95.0,108.0,100.2,89.5,100.8,88.7,102.2,101.6,103.1,100.9
TOPCOAT-0091,493,08:13,81.8,92.7,95.3,107.8,99.7,91.1,101.9,88.3,101.8,102.0,103.3,101.5
TOPCOAT-0091,494,08:14,81.7,92.8,95.1,108.7,100.7,91.7,101.9,89.6,102.0,103.2,103.8,102.8
TOPCOAT-0091,495,08:15,82.6,93.4,95.5,108.9,101.3,91.6,101.7,88.2,101.5,103.1,103.1,102.3
TOPCOAT-0091,496,08:16,82.6,93.8,96.1,109.0,101.6,91.6,102.9,89.2,102.3,103.3,103.7,102.1
TOPCOAT-0091,497,08:17,82.5,93.4,96.0,109.2,101.0,92.5,103.0,89.7,102.6,103.2,103.4,103.0
TOPCOAT-0091,498,08:18,82.6,94.0,96.0,109.1,102.0,92.1,103.0,88.8,102.4,103.1,103.5,103.9
TOPCOAT-0091,499,08:19,82.3,93.7,95.7,110.2,101.3,92.8,103.7,89.6,103.1,103.3,104.0,103.4
TOPCOAT-0091,500,08:20,83.3,94.2,96.0,108.6,101.2,92.4,104.3,89.9,102.4,102.9,104.0,103.5
TOPCOAT-0091,501,08:21,82.1,94.4,96.8,108.7,102.3,93.5,104.6,89.3,103.7,103.6,104.7,102.9
TOPCOAT-0091,502,08:22,83.8,94.8,95.8,109.6,103.0,94.1,104.6,90.2,103.6,103.3,104.5,103.1
TOPCOAT-0091,503,08:23,83.7,94.0,97.1,108.3,103.4,94.4,104.8,91.5,103.2,103.8,104.4,102.7
TOPCOAT-0091,504,08:24,84.1,94.8,97.4,109.2,103.0,94.0,105.1,91.2,103.5,103.5,104.4,103.4
TOPCOAT-0091,505,08:25,84.0,94.9,97.1,110.4,103.1,93.8,105.3,92.2,103.8,104.3,105.8,103.5
TOPCOAT-0091,506,08:26,84.0,95.7,97.1,110.2,103.7,94.3,105.5,91.0,104.7,104.5,104.0,104.3
TOPCOAT-0091,507,08:27,84.1,95.4,97.4,110.1,103.3,94.8,105.2,91.2,103.8,105.2,105.2,104.7
TOPCOAT-0091,508,08:28,83.4,95.3,96.9,110.0,103.8,95.9,105.5,91.1,103.8,105.0,105.8,103.8
TOPCOAT-0091,509,08:29,85.0,95.6,97.5,110.8,103.8,94.7,105.4,92.0,104.2,104.8,106.3,105.0
TOPCOAT-0091,510,08:30,84.5,96.1,97.1,110.2,105.1,95.6,106.0,92.9,105.8,104.0,105.2,104.8
TOPCOAT-0091,511,08:31,84.1,95.6,97.7,110.1,104.9,96.4,106.7,92.6,104.6,105.2,106.4,105.4
TOPCOAT-0091,512,08:32,85.7,95.8,97.9,110.1,104.7,95.5,106.7,92.9,105.6,105.9,105.9,105.8
TOPCOAT-0091,513,08:33,85.2,96.2,97.7,110.8,104.7,96.2,108.1,92.9,105.3,104.8,106.0,105.6
TOPCOAT-0091,514,08:34,86.2,95.8,98.4,112.2,105.1,96.3,107.6,93.1,105.7,105.1,106.2,106.5
TOPCOAT-0091,515,08:35,85.6,95.5,97.9,111.4,104.9,97.0,106.8,93.3,105.0,105.5,106.4,106.6
TOPCOAT-0091,516,08:36,85.2,96.8,98.3,112.2,105.3,97.3,107.7,93.2,105.9,105.9,106.4,106.9
TOPCOAT-0091,517,08:37,85.6,96.5,98.4,111.8,105.6,97.2,108.5,93.5,106.2,105.4,105.8,106.2
TOPCOAT-0091,518,08:38,86.8,97.1,98.2,111.9,104.6,96.8,107.9,93.4,105.5,106.0,106.4,107.3
TOPCOAT-0091,519,08:39,85.4,96.8,99.3,110.5,105.3,96.5,108.1,94.0,105.7,105.3,106.6,106.4
TOPCOAT-0091,520,08:40,86.4,97.0,98.8,111.9,106.6,97.4,107.8,92.8,106.1,106.3,105.8,106.6
TOPCOAT-0091,521,08:41,86.3,97.5,98.9,112.5,105.9,96.6,108.4,95.5,106.1,105.3,106.3,107.1
TOPCOAT-0091,522,08:42,86.5,96.4,99.1,112.7,106.4,98.9,108.7,94.1,105.7,106.1,106.7,106.8
TOPCOAT-0091,523,08:43,86.9,96.9,99.3,112.1,106.7,98.3,108.3,94.2,107.6,106.3,106.8,106.9
TOPCOAT-0091,524,08:44,86.3,97.9,99.4,112.6,106.3,97.3,109.0,94.8,107.2,106.3,107.1,107.5
TOPCOAT-0091,525,08:45,86.7,97.7,99.6,112.2,107.5,99.0,110.1,94.3,106.9,106.9,108.2,107.9
TOPCOAT-0091,526,08:46,86.9,97.8,98.9,112.2,107.7,98.8,109.5,94.4,106.9,106.7,108.0,108.3
TOPCOAT-0091,527,08:47,86.4,98.0,99.8,112.9,106.8,98.2,109.6,95.9,106.7,107.5,108.7,107.9
TOPCOAT-0091,528,08:48,87.3,97.3,99.7,113.2,107.8,98.6,109.9,96.2,106.9,107.0,107.4,108.9
TOPCOAT-0091,529,08:49,87.0,98.4,99.1,112.8,107.4,99.5,110.0,95.1,107.5,107.4,107.9,108.4
TOPCOAT-0091,530,08:50,87.0,97.8,99.8,112.6,107.6,99.6,110.8,96.0,107.6,107.6,108.3,108.6
TOPCOAT-0091,531,08:51,87.6,98.0,100.4,112.7,108.2,99.1,110.5,95.2,107.0,107.8,109.0,108.6
TOPCOAT-0091,532,08:52,88.2,98.2,100.2,114.2,108.1,99.7,111.0,95.5,107.9,107.5,108.8,108.4
TOPCOAT-0091,533,08:53,87.4,98.8,100.4,113.5,107.4,100.6,110.3,95.7,107.4,107.4,108.8,109.7
TOPCOAT-0091,534,08:54,88.5,98.5,100.7,113.4,108.4,100.2,110.4,96.5,107.2,108.2,109.6,109.5
TOPCOAT-0091,535,08:55,89.1,99.1,101.2,113.8,108.5,100.6,111.2,95.9,107.4,107.7,110.4,109.5
TOPCOAT-0091,536,08:56,88.7,99.4,100.4,113.9,109.8,100.2,111.3,97.6,107.9,108.0,109.0,110.1
TOPCOAT-0091,537,08:57,88.3,99.2,99.6,113.6,108.7,100.0,111.4,97.4,108.4,108.6,109.0,109.4
TOPCOAT-0091,538,08:58,88.1,99.4,100.7,114.3,108.9,100.3,111.4,96.8,107.9,108.2,109.4,109.4
TOPCOAT-0091,539,08:59,87.3,98.8,101.4,114.1,109.0,101.1,111.8,96.4,108.7,107.8,109.8,109.4
TOPCOAT-0091,540,09:00,88.6,99.3,101.7,114.3,110.4,101.4,111.7,97.7,109.2,108.8,109.9,110.0
TOPCOAT-0091,541,09:01,88.9,99.7,101.2,114.2,108.9,100.1,112.4,97.2,109.4,109.0,109.6,109.8
TOPCOAT-0091,542,09:02,89.1,99.3,101.2,114.3,108.9,101.6,111.7,98.3,109.1,108.8,109.3,109.9
TOPCOAT-0091,543,09:03,88.1,99.3,101.5,114.5,109.8,101.7,112.6,97.7,108.3,109.5,109.2,109.8
TOPCOAT-0091,544,09:04,89.1,99.9,101.2,115.1,109.8,101.5,112.0,98.3,107.5,108.6,110.5,109.5
TOPCOAT-0091,545,09:05,89.1,99.4,102.6,114.8,110.1,102.7,112.7,99.1,109.9,109.6,110.5,110.3
TOPCOAT-0091,546,09:06,89.5,99.9,100.8,114.7,110.3,102.3,113.2,97.8,109.3,110.4,110.9,111.2
TOPCOAT-0091,547,09:07,89.2,100.1,101.9,114.3,109.5,101.8,112.6,98.4,109.1,109.6,110.8,109.7
TOPCOAT-0091,548,09:08,89.6,99.4,102.1,115.9,110.9,102.0,112.9,98.1,110.3,109.2,111.2,110.9
TOPCOAT-0091,549,09:09,90.3,99.4,101.6,115.4,109.9,102.4,113.0,99.1,109.6,110.3,110.5,111.7
TOPCOAT-0091,550,09:10,90.5,100.1,103.0,115.1,110.6,102.4,113.3,99.0,109.4,110.0,111.8,111.3
TOPCOAT-0091,551,09:11,89.7,100.1,102.7,114.2,111.4,102.8,112.8,98.9,109.7,109.9,110.6,111.0
TOPCOAT-0091,552,09:12,89.9,101.0,101.9,115.9,111.6,103.3,113.7,98.8,109.7,110.4,111.9,111.5
TOPCOAT-0091,553,09:13,89.8,101.9,102.9,116.2,110.8,103.1,113.5,99.1,109.8,109.8,111.1,111.0
TOPCOAT-0091,554,09:14,90.0,100.7,102.5,115.6,112.0,103.4,114.1,99.0,110.0,110.4,111.0,111.7
TOPCOAT-0091,555,09:15,90.8,100.8,102.3,116.0,111.9,103.6,113.7,99.0,110.9,110.3,111.4,112.5
TOPCOAT-0091,556,09:16,91.1,101.3,102.4,115.8,110.9,104.0,113.7,100.0,109.4,109.9,111.6,111.8
TOPCOAT-0091,557,09:17,90.6,100.3,102.2,115.6,112.1,103.4,113.9,99.5,111.1,110.3,112.0,111.5
TOPCOAT-0091,558,09:18,90.7,100.6,103.0,116.5,112.2,103.7,114.4,99.5,110.6,110.6,111.5,111.5
TOPCOAT-0091,559,09:19,90.3,102.1,101.5,116.7,111.3,104.1,114.1,99.4,110.5,110.5,111.0,113.0
TOPCOAT-0091,560,09:20,91.3,101.8,102.2,115.9,112.8,104.2,114.5,99.5,111.0,111.1,112.6,112.5
TOPCOAT-0091,561,09:21,90.9,101.5,103.8,116.6,111.3,104.3,115.2,99.7,110.8,111.2,112.8,113.6
TOPCOAT-0091,562,09:22,90.5,102.6,103.2,116.7,112.3,104.3,115.1,100.6,111.0,111.3,112.7,112.3
TOPCOAT-0091,563,09:23,91.3,102.3,103.5,116.8,113.3,103.9,114.9,99.1,110.3,111.6,113.6,112.4
TOPCOAT-0091,564,09:24,92.1,101.7,103.7,116.6,112.7,103.6,115.7,100.9,110.8,111.3,112.3,112.5
TOPCOAT-0091,565,09:25,91.8,102.5,103.7,117.2,112.9,103.5,115.9,100.5,111.7,111.1,112.5,113.0
TOPCOAT-0091,566,09:26,91.0,102.7,103.2,116.6,112.3,103.7,116.1,100.1,110.3,111.0,112.6,113.4
TOPCOAT-0091,567,09:27,91.2,102.5,103.7,117.6,112.6,105.1,115.7,100.5,111.4,111.5,112.2,113.5
TOPCOAT-0091,568,09:28,91.5,102.5,104.0,116.9,112.5,106.0,116.0,100.8,111.6,110.8,112.5,113.6
TOPCOAT-0091,569,09:29,92.8,103.6,104.0,117.9,113.3,104.2,115.7,100.5,111.0,113.0,112.6,113.3
TOPCOAT-0091,570,09:30,92.3,102.4,104.3,117.6,113.7,105.7,115.4,100.8,112.2,112.4,113.2,113.5
TOPCOAT-0091,571,09:31,91.4,103.1,104.0,116.8,112.8,105.0,116.2,100.8,111.8,112.4,113.0,113.5
TOPCOAT-0091,572,09:32,93.3,103.2,104.7,117.2,113.8,104.8,116.1,100.9,111.1,112.5,113.4,113.5
TOPCOAT-0091,573,09:33,92.9,102.8,104.2,116.4,112.6,106.7,116.7,100.7,112.4,112.1,112.7,114.4
TOPCOAT-0091,574,09:34,92.6,102.6,103.4,117.2,114.1,104.9,116.6,101.6,112.2,112.7,113.3,114.7
TOPCOAT-0091,575,09:35,92.6,103.0,105.4,118.4,114.1,105.3,117.0,101.8,113.0,112.0,114.0,113.8
TOPCOAT-0091,576,09:36,92.6,102.6,104.6,117.1,114.2,106.4,117.0,101.6,112.8,111.8,114.1,114.2
TOPCOAT-0091,577,09:37,93.2,103.4,104.4,117.5,114.6,106.6,116.5,102.0,113.2,113.0,114.0,114.3
TOPCOAT-0091,578,09:38,93.6,102.4,104.1,117.7,116.0,105.2,116.3,102.1,113.4,112.8,114.2,114.7
TOPCOAT-0091,579,09:39,93.2,103.6,105.4,118.9,114.9,106.2,117.5,102.2,113.0,113.5,113.4,114.4
TOPCOAT-0091,580,09:40,92.8,103.2,104.8,118.3,114.0,107.4,117.2,102.5,112.5,112.8,114.4,114.7
TOPCOAT-0091,581,09:41,92.9,104.0,104.8,118.7,113.4,105.9,116.7,103.0,112.9,113.8,114.4,113.6
TOPCOAT-0091,582,09:42,93.9,104.0,105.7,118.6,115.5,106.8,117.3,103.2,114.8,113.2,113.6,115.0
TOPCOAT-0091,583,09:43,93.3,103.6,105.6,118.0,114.7,106.9,116.9,103.5,112.6,112.8,114.0,114.5
TOPCOAT-0091,584,09:44,93.0,103.7,105.8,117.3,115.7,106.5,118.2,102.6,113.6,112.8,113.7,116.0
TOPCOAT-0091,585,09:45,93.0,103.9,106.1,118.9,114.7,106.5,117.8,103.4,112.4,113.9,114.1,115.5
TOPCOAT-0091,586,09:46,94.3,103.7,106.6,118.7,115.2,107.0,118.9,103.3,113.3,113.1,114.6,115.5
TOPCOAT-0091,587,09:47,94.0,104.2,105.6,119.1,115.3,107.2,117.8,103.3,113.3,113.6,114.9,115.7
TOPCOAT-0091,588,09:48,94.8,103.8,105.8,119.4,116.3,106.9,117.9,103.6,113.2,113.2,113.3,115.0
TOPCOAT-0091,589,09:49,94.3,104.3,105.8,119.7,114.8,108.3,117.8,102.4,113.6,114.0,114.9,115.7
TOPCOAT-0091,590,09:50,94.2,103.9,105.9,119.1,115.6,107.6,118.8,103.4,114.5,113.6,115.5,115.4
TOPCOAT-0091,591,09:51,93.6,105.0,105.9,119.2,115.9,108.2,119.2,104.0,114.0,113.0,114.5,115.5
TOPCOAT-0091,592,09:52,94.4,104.5,105.9,119.6,116.1,108.4,118.2,103.6,113.5,114.2,115.0,116.5
TOPCOAT-0091,593,09:53,94.4,105.4,106.7,119.9,116.2,108.4,118.9,104.3,113.7,114.6,115.4,115.5
TOPCOAT-0091,594,09:54,93.9,104.6,106.2,120.1,116.2,107.9,119.9,103.6,113.9,114.0,115.5,115.8
TOPCOAT-0091,595,09:55,94.2,104.4,106.9,119.1,116.2,108.6,119.4,103.5,114.3,113.8,116.6,116.5
TOPCOAT-0091,596,09:56,94.9,105.4,105.5,120.1,116.6,108.3,119.4,104.4,114.9,113.9,115.7,115.9
TOPCOAT-0091,597,09:57,94.1,106.0,107.0,118.9,116.5,108.3,119.2,102.9,114.2,114.8,116.7,116.1
TOPCOAT-0091,598,09:58,94.4,105.2,106.0,119.4,116.1,108.0,119.1,105.0,114.5,114.3,115.7,116.5
TOPCOAT-0091,599,09:59,93.8,105.5,105.3,120.7,115.8,108.8,119.2,104.0,114.2,115.7,116.2,116.1
TOPCOAT-0091,600,10:00,95.0,104.8,106.9,120.1,116.0,108.8,118.8,104.6,114.6,114.7,116.6,116.9
TOPCOAT-0091,601,10:01,94.6,104.2,107.0,119.7,116.1,108.4,119.5,104.4,114.2,114.6,116.5,116.8
TOPCOAT-0091,602,10:02,95.6,104.4,107.0,120.4,116.8,108.3,119.7,105.1,115.4,115.8,116.2,116.7
TOPCOAT-0091,603,10:03,94.2,105.6,106.6,121.1,117.0,109.1,120.7,104.4,114.8,114.6,116.2,117.8
TOPCOAT-0091,604,10:04,94.8,106.1,107.4,120.9,116.1,109.0,119.6,105.2,115.2,113.9,116.8,117.9
TOPCOAT-0091,605,10:05,95.8,106.3,107.5,120.5,116.6,108.7,119.7,106.2,115.2,114.7,116.7,117.2
TOPCOAT-0091,606,10:06,94.9,106.3,107.3,120.3,117.3,109.4,120.7,104.5,115.3,114.2,117.1,116.6
TOPCOAT-0091,607,10:07,95.9,106.8,107.1,120.6,117.1,110.0,120.6,105.4,115.2,115.2,116.4,118.6
TOPCOAT-0091,608,10:08,95.1,105.6,108.5,120.3,117.6,109.8,120.2,105.7,115.8,116.1,117.6,117.9
TOPCOAT-0091,609,10:09,95.2,105.5,107.3,120.2,117.2,109.0,120.7,105.0,114.6,115.5,115.8,118.3
TOPCOAT-0091,610,10:10,95.6,106.0,107.9,121.6,117.6,110.2,120.7,105.4,115.1,115.9,116.8,118.1
TOPCOAT-0091,611,10:11,95.4,105.9,107.1,121.1,117.6,109.3,121.2,105.9,115.2,115.2,116.9,117.8
TOPCOAT-0091,612,10:12,96.0,106.2,108.0,120.9,118.5,109.4,120.6,105.8,115.6,116.9,117.6,118.8
TOPCOAT-0091,613,10:13,96.2,106.8,107.7,121.9,116.9,110.3,119.4,105.8,115.1,115.6,117.9,117.3
TOPCOAT-0091,614,10:14,96.2,106.8,107.2,121.1,118.8,110.2,121.3,105.9,116.4,116.6,116.8,117.9
TOPCOAT-0091,615,10:15,96.2,106.2,107.4,121.0,118.2,110.9,121.2,105.5,114.8,116.3,117.1,117.6
TOPCOAT-0091,616,10:16,96.1,106.1,107.8,121.6,119.0,110.2,121.2,106.4,116.4,116.2,117.8,118.1
TOPCOAT-0091,617,10:17,97.2,106.3,108.7,121.6,118.1,110.7,121.1,106.1,116.2,116.1,116.1,118.3
TOPCOAT-0091,618,10:18,96.3,107.5,108.9,121.1,119.3,110.7,121.0,105.6,116.1,116.1,117.0,118.7
TOPCOAT-0091,619,10:19,96.8,106.4,108.3,121.5,118.3,111.5,121.0,105.2,116.5,116.8,118.2,119.6
TOPCOAT-0091,620,10:20,95.8,106.4,108.9,121.5,118.6,111.2,121.9,106.0,115.9,116.7,118.3,118.3
TOPCOAT-0091,621,10:21,96.5,107.6,109.1,122.6,118.4,111.3,122.0,106.1,117.1,117.2,118.8,118.8
TOPCOAT-0091,622,10:22,97.1,106.9,108.0,122.2,118.3,111.1,122.4,106.7,116.8,116.4,117.8,118.8
TOPCOAT-0091,623,10:23,96.7,107.5,108.7,122.3,118.9,110.5,121.5,106.7,115.7,116.6,117.9,118.1
TOPCOAT-0091,624,10:24,97.1,108.2,109.2,122.7,119.3,110.7,122.0,105.5,117.3,116.4,117.7,119.2
TOPCOAT-0091,625,10:25,97.1,108.2,109.4,122.1,119.0,111.0,121.6,106.7,118.2,116.2,119.1,118.8
TOPCOAT-0091,626,10:26,96.6,107.1,109.4,122.3,119.2,111.0,121.8,106.3,117.1,116.8,117.8,119.1
TOPCOAT-0091,627,10:27,97.6,107.2,109.0,123.2,119.1,110.8,122.1,106.9,117.0,117.9,118.1,118.7
TOPCOAT-0091,628,10:28,97.6,107.8,109.3,122.0,120.2,110.8,122.5,108.0,116.8,117.7,118.9,119.0
TOPCOAT-0091,629,10:29,97.8,108.3,109.5,123.7,119.6,112.0,122.0,107.5,117.8,117.1,118.6,119.9
TOPCOAT-0091,630,10:30,97.0,107.0,109.8,122.6,119.7,112.2,122.3,107.4,117.1,117.7,118.4,120.1
TOPCOAT-0091,631,10:31,98.4,107.5,110.0,123.8,119.6,112.4,122.2,107.1,117.6,117.8,119.1,119.5
TOPCOAT-0091,632,10:32,98.6,108.1,110.2,123.0,119.9,111.6,122.6,107.3,117.0,117.4,119.6,119.9
TOPCOAT-0091,633,10:33,97.5,107.5,109.5,122.3,119.1,111.7,123.2,108.3,117.4,117.6,119.0,119.3
TOPCOAT-0091,634,10:34,98.1,109.0,109.6,123.0,119.5,112.1,122.9,108.1,118.2,117.6,119.2,120.3
TOPCOAT-0091,635,10:35,98.1,108.5,109.5,123.0,119.7,112.9,122.7,107.6,118.1,117.7,120.0,120.1
TOPCOAT-0091,636,10:36,97.4,107.9,110.1,123.6,120.0,112.1,123.2,108.0,117.7,117.8,119.8,119.8
TOPCOAT-0091,637,10:37,97.6,108.9,109.4,123.2,120.6,112.6,124.0,108.4,116.8,117.6,119.0,120.1
TOPCOAT-0091,638,10:38,98.4,108.5,109.9,122.8,120.7,113.0,123.1,107.4,118.6,118.4,119.7,119.1
TOPCOAT-0091,639,10:39,97.5,108.7,109.4,123.3,120.4,112.6,123.0,107.7,118.2,119.0,119.1,120.5
TOPCOAT-0091,640,10:40,98.1,108.1,109.4,124.3,120.9,112.9,124.0,107.8,118.5,118.0,120.2,120.6
TOPCOAT-0091,641,10:41,98.7,108.9,111.2,123.3,120.0,113.1,123.5,108.8,118.8,119.0,119.1,120.8
TOPCOAT-0091,642,10:42,98.2,108.6,110.8,122.3,120.6,111.9,123.1,107.8,118.6,118.3,119.4,120.7
TOPCOAT-0091,643,10:43,98.1,109.1,109.9,123.3,120.8,113.3,123.4,109.0,118.4,118.9,120.0,120.3
TOPCOAT-0091,644,10:44,99.4,109.1,110.3,123.2,119.8,112.8,123.4,108.3,118.0,119.0,120.4,120.9
TOPCOAT-0091,645,10:45,98.8,108.6,110.8,124.2,120.3,113.2,123.7,108.9,118.7,118.8,121.0,120.3
TOPCOAT-0091,646,10:46,98.1,108.8,110.3,124.2,121.1,113.2,123.3,108.2,118.8,119.2,120.1,120.9
TOPCOAT-0091,647,10:47,98.8,109.5,110.4,124.4,120.4,112.9,124.0,108.8,118.6,118.7,120.6,121.1
TOPCOAT-0091,648,10:48,98.6,109.3,110.7,123.5,121.1,113.2,123.7,109.1,118.1,118.5,120.6,121.2
TOPCOAT-0091,649,10:49,99.1,109.3,110.7,123.9,121.4,113.3,125.3,108.2,118.4,119.2,120.4,121.2
TOPCOAT-0091,650,10:50,99.2,109.5,110.3,124.4,121.0,113.9,124.2,109.2,118.9,118.2,119.9,120.8
TOPCOAT-0091,651,10:51,98.5,109.8,110.8,123.7,121.1,113.1,124.5,108.8,118.5,119.6,121.0,121.6
TOPCOAT-0091,652,10:52,99.5,109.4,111.4,123.1,121.2,113.4,124.0,110.0,119.2,118.6,120.6,121.3
TOPCOAT-0091,653,10:53,99.1,109.1,112.0,124.4,121.8,114.2,123.7,109.9,119.3,120.1,120.9,121.6
TOPCOAT-0091,654,10:54,98.9,109.7,110.8,124.0,121.0,113.6,124.8,109.8,119.4,119.4,120.8,121.6
TOPCOAT-0091,655,10:55,99.7,109.8,111.4,124.0,122.4,113.5,124.2,109.6,118.8,119.6,121.0,121.8
TOPCOAT-0091,656,10:56,99.6,110.1,111.5,125.4,121.7,115.2,125.6,109.4,120.0,119.6,120.5,121.5
TOPCOAT-0091,657,10:57,99.7,110.6,110.7,124.8,122.3,114.3,124.9,110.5,118.3,118.7,120.3,121.3
TOPCOAT-0091,658,10:58,99.9,109.9,111.2,125.0,121.7,114.3,124.5,109.8,119.8,120.2,121.1,122.5
TOPCOAT-0091,659,10:59,100.5,109.8,110.2,123.9,122.0,114.7,125.4,109.5,120.1,119.4,121.9,122.0
TOPCOAT-0091,660,11:00,100.0,109.8,112.1,124.1,122.1,114.8,125.6,111.4,119.5,120.1,120.4,122.8
TOPCOAT-0091,661,11:01,99.6,109.9,111.4,124.4,123.1,113.5,124.8,110.6,120.5,119.5,121.2,121.5
TOPCOAT-0091,662,11:02,100.0,110.8,112.6,125.4,122.0,114.5,126.3,111.3,119.6,119.9,121.4,122.6
TOPCOAT-0091,663,11:03,99.4,110.3,111.9,125.0,122.9,114.5,125.7,109.8,121.2,120.0,121.3,122.7
TOPCOAT-0091,664,11:04,99.6,110.1,112.0,125.0,122.5,114.9,125.6,111.3,120.2,119.5,122.2,121.4
TOPCOAT-0091,665,11:05,100.2,111.0,112.6,125.0,122.2,114.7,125.8,109.8,119.9,120.4,122.1,122.3
TOPCOAT-0091,666,11:06,99.9,111.0,112.6,124.9,122.8,114.7,124.7,110.4,120.6,119.6,122.1,122.4
TOPCOAT-0091,667,11:07,100.2,110.4,111.6,124.6,122.7,114.5,125.7,110.2,120.2,120.2,121.2,122.8
TOPCOAT-0091,668,11:08,100.3,110.9,112.2,125.4,122.6,115.6,125.9,110.7,120.1,120.0,121.6,123.1
TOPCOAT-0091,669,11:09,99.9,110.6,113.4,124.8,122.8,113.9,126.3,111.2,120.9,120.8,121.6,122.7
TOPCOAT-0091,670,11:10,100.7,110.4,111.8,125.6,122.4,115.1,126.7,111.3,121.1,120.5,122.4,122.8
TOPCOAT-0091,671,11:11,100.5,111.3,111.8,125.1,123.1,114.7,126.1,110.4,120.8,120.3,121.4,122.9
TOPCOAT-0091,672,11:12,100.1,111.2,112.1,124.8,122.8,115.4,125.5,110.3,119.6,120.5,121.8,122.0
TOPCOAT-0091,673,11:13,100.0,112.0,112.4,126.2,123.7,115.4,126.1,111.6,121.0,121.8,122.0,123.9
TOPCOAT-0091,674,11:14,101.3,110.5,112.8,125.7,123.5,115.2,126.8,111.5,121.5,120.5,121.8,123.2
TOPCOAT-0091,675,11:15,101.1,111.9,113.7,126.2,124.0,114.8,125.5,111.3,120.3,121.2,122.9,123.5
TOPCOAT-0091,676,11:16,100.4,111.3,113.6,126.4,124.2,115.3,126.9,111.8,120.8,121.5,122.0,123.7
TOPCOAT-0091,677,11:17,102.0,110.8,112.5,125.4,124.8,115.2,128.0,112.7,120.6,121.9,123.3,123.8
TOPCOAT-0091,678,11:18,101.8,112.1,113.3,126.3,123.6,116.4,126.2,111.5,121.3,122.0,123.0,123.4
TOPCOAT-0091,679,11:19,100.9,110.5,112.1,125.7,123.6,116.0,126.4,111.7,120.4,121.6,123.2,123.6
TOPCOAT-0091,680,11:20,101.7,112.0,113.4,125.6,124.6,116.4,126.3,111.6,120.8,121.3,122.7,123.8
TOPCOAT-0091,681,11:21,101.5,111.6,112.6,126.2,123.9,114.9,127.4,112.4,120.9,121.7,123.6,123.3
TOPCOAT-0091,682,11:22,102.1,112.0,113.3,126.6,123.4,115.7,127.6,111.4,121.1,122.6,122.9,124.2
TOPCOAT-0091,683,11:23,102.6,112.2,112.9,126.6,123.3,116.5,127.3,111.2,122.0,122.3,123.3,124.3
TOPCOAT-0091,684,11:24,101.0,111.4,112.9,127.0,124.2,116.4,127.9,112.2,121.5,121.3,123.3,123.0
TOPCOAT-0091,685,11:25,101.9,111.8,113.6,127.3,123.5,116.6,128.4,110.8,121.7,121.6,123.5,124.3
TOPCOAT-0091,686,11:26,102.0,112.8,113.4,126.3,124.6,115.4,127.5,111.2,122.1,122.0,123.7,124.4
TOPCOAT-0091,687,11:27,102.6,112.1,113.0,127.0,123.9,116.2,128.7,112.0,121.7,122.0,123.2,124.5
TOPCOAT-0091,688,11:28,102.1,112.5,112.1,126.6,124.3,115.9,127.1,111.5,121.8,122.4,124.3,124.5
TOPCOAT-0091,689,11:29,102.1,110.8,114.2,126.7,124.4,116.9,128.0,111.9,121.7,122.6,123.2,124.5
TOPCOAT-0091,690,11:30,102.5,112.2,114.0,127.1,124.4,117.0,127.3,112.3,122.6,122.7,123.5,124.8
TOPCOAT-0091,691,11:31,102.0,112.6,113.5,126.0,125.3,116.1,127.7,112.5,122.0,123.4,123.4,124.0
TOPCOAT-0091,692,11:32,102.2,112.4,113.8,126.9,124.6,116.2,127.9,112.5,121.8,121.1,123.8,123.8
TOPCOAT-0091,693,11:33,103.6,113.5,113.8,127.3,124.7,116.2,128.0,112.5,121.7,122.4,124.0,124.2
TOPCOAT-0091,694,11:34,102.5,112.8,114.2,127.2,125.3,116.9,128.7,112.4,121.5,122.7,122.8,125.0
TOPCOAT-0091,695,11:35,101.5,113.4,114.5,127.4,124.6,116.8,127.3,112.7,121.3,122.3,123.8,125.1
TOPCOAT-0091,696,11:36,101.9,113.2,114.0,127.4,125.2,117.8,128.4,112.7,122.6,122.0,124.6,124.5
TOPCOAT-0091,697,11:37,102.1,113.5,114.1,127.5,125.6,117.9,128.2,113.4,121.8,122.4,124.1,124.8
TOPCOAT-0091,698,11:38,102.3,113.0,114.2,127.5,124.9,118.4,128.3,113.4,122.0,123.3,123.6,125.1
TOPCOAT-0091,699,11:39,102.5,113.1,114.6,127.4,124.4,117.6,129.7,113.4,122.3,123.5,124.6,125.1
TOPCOAT-0091,700,11:40,102.4,113.2,113.8,127.4,125.7,117.4,128.0,113.1,122.9,123.1,124.5,125.6
TOPCOAT-0091,701,11:41,102.7,113.5,114.4,127.4,126.4,117.1,129.1,113.8,123.2,123.4,124.1,125.7
TOPCOAT-0091,702,11:42,102.8,113.4,113.8,127.9,125.9,118.0,128.5,112.8,123.1,122.9,123.9,125.7
TOPCOAT-0091,703,11:43,103.5,112.3,115.1,128.0,126.1,118.8,129.5,114.3,124.2,123.3,124.6,125.7
TOPCOAT-0091,704,11:44,103.5,113.6,114.3,127.7,125.4,118.0,129.2,113.9,122.8,123.0,125.1,126.4
TOPCOAT-0091,705,11:45,104.1,113.3,114.8,128.4,125.9,118.3,128.7,113.8,123.3,123.5,124.3,125.3
TOPCOAT-0091,706,11:46,103.3,112.8,113.2,128.8,124.9,117.8,128.8,114.4,122.9,123.6,125.0,125.8
TOPCOAT-0091,707,11:47,103.4,113.2,114.9,128.6,126.2,118.1,130.2,114.0,123.0,122.4,124.8,125.5
TOPCOAT-0091,708,11:48,102.9,114.1,115.0,128.4,126.2,119.0,129.1,113.9,124.3,123.6,125.2,126.2
TOPCOAT-0091,709,11:49,103.5,114.3,115.9,128.7,125.3,118.2,129.6,113.5,123.5,122.9,124.3,127.2
TOPCOAT-0091,710,11:50,102.7,113.3,114.6,128.0,126.7,117.9,130.3,113.9,122.9,123.9,125.1,126.8
TOPCOAT-0091,711,11:51,103.2,113.5,115.5,127.5,126.3,119.2,129.7,113.2,123.4,123.6,124.7,126.9
TOPCOAT-0091,712,11:52,103.5,114.5,116.1,127.6,126.1,117.5,130.0,114.3,123.7,124.0,125.0,125.7
TOPCOAT-0091,713,11:53,103.5,114.1,115.1,129.5,125.5,118.4,128.1,114.5,123.0,124.1,124.8,126.3
TOPCOAT-0091,714,11:54,102.9,114.4,115.5,128.6,126.3,118.3,129.4,114.0,123.9,123.0,124.7,126.4
TOPCOAT-0091,715,11:55,103.7,113.4,115.6,128.2,127.4,119.3,130.1,114.4,123.1,124.3,125.0,125.9
TOPCOAT-0091,716,11:56,104.2,113.4,114.7,128.2,126.9,118.5,130.1,114.8,123.9,123.7,124.8,126.5
TOPCOAT-0091,717,11:57,104.3,115.3,115.7,130.1,126.4,119.4,130.6,114.5,124.0,124.5,125.4,126.1
TOPCOAT-0091,718,11:58,103.8,114.4,115.9,129.6,127.1,118.8,130.0,114.8,124.4,124.1,125.5,126.2
TOPCOAT-0091,719,11:59,104.1,114.1,115.2,128.7,126.4,119.0,129.5,114.7,123.6,123.9,125.3,126.5
TOPCOAT-0091,720,12:00,104.5,114.3,116.0,129.2,127.0,119.8,130.3,114.5,123.9,124.3,126.6,125.8
TOPCOAT-0091,721,12:01,103.9,115.3,116.2,128.7,127.6,119.7,131.0,115.1,125.0,124.6,126.2,126.1
TOPCOAT-0091,722,12:02,104.4,114.0,115.5,129.0,126.8,118.9,131.0,114.7,124.2,124.2,125.9,126.5
TOPCOAT-0091,723,12:03,104.3,114.9,115.0,128.7,127.1,119.8,129.7,114.2,124.4,124.2,126.2,126.8
TOPCOAT-0091,724,12:04,104.1,114.8,116.1,129.5,127.4,118.8,130.5,114.6,124.2,125.3,126.3,127.0
TOPCOAT-0091,725,12:05,103.2,114.4,116.9,129.0,127.1,119.3,130.1,115.2,123.9,124.6,125.9,127.0
TOPCOAT-0091,726,12:06,104.0,115.1,115.4,129.2,127.3,118.7,131.0,115.2,125.0,125.2,126.5,127.6
TOPCOAT-0091,727,12:07,104.2,114.9,116.4,129.6,127.5,119.7,131.0,114.8,124.4,125.0,126.6,126.5
TOPCOAT-0091,728,12:08,104.0,116.0,116.5,129.3,127.2,119.2,130.3,114.4,124.2,125.9,126.1,127.6
TOPCOAT-0091,729,12:09,104.8,114.6,115.8,128.5,126.9,119.6,131.3,115.0,124.8,124.7,125.5,127.3
TOPCOAT-0091,730,12:10,104.5,114.5,115.8,129.8,127.4,120.0,130.6,115.8,124.5,124.9,126.6,127.0
TOPCOAT-0091,731,12:11,105.0,116.4,116.7,129.4,128.2,119.6,130.9,116.4,124.3,125.0,128.2,127.0
TOPCOAT-0091,732,12:12,104.6,115.0,116.3,130.1,127.9,119.9,130.4,115.8,124.2,125.7,125.6,127.7
TOPCOAT-0091,733,12:13,104.8,114.8,116.5,129.9,128.2,121.2,131.4,115.9,125.2,124.5,126.5,127.5
TOPCOAT-0091,734,12:14,104.6,115.9,116.6,130.5,128.4,119.3,131.9,115.7,124.8,125.1,126.6,127.2
TOPCOAT-0091,735,12:15,105.4,114.9,116.5,129.6,128.3,120.4,130.8,115.1,125.2,125.2,126.3,127.5
TOPCOAT-0091,736,12:16,104.2,115.2,116.2,129.5,128.6,119.4,131.8,115.4,125.2,125.4,126.8,128.1
TOPCOAT-0091,737,12:17,104.4,115.9,116.2,129.6,128.7,120.1,130.6,116.4,125.3,125.7,128.0,128.1
TOPCOAT-0091,738,12:18,104.9,115.3,116.6,130.1,129.9,120.0,131.4,115.3,124.8,125.6,127.0,127.8
TOPCOAT-0091,739,12:19,104.8,115.4,116.9,130.2,128.1,120.8,133.0,114.8,125.0,125.8,126.7,128.4
TOPCOAT-0091,740,12:20,105.3,116.1,117.2,130.7,127.9,119.8,131.3,116.0,125.8,125.8,127.5,128.2
TOPCOAT-0091,741,12:21,104.4,116.5,117.6,130.2,129.2,119.6,132.0,116.5,125.3,125.5,127.0,128.8
TOPCOAT-0091,742,12:22,105.5,114.9,116.4,130.0,128.2,120.3,131.8,116.6,125.4,125.8,126.5,128.9
TOPCOAT-0091,743,12:23,105.3,115.3,117.1,129.6,129.0,121.0,131.8,115.5,125.1,125.6,126.7,128.8
TOPCOAT-0091,744,12:24,105.4,116.0,116.3,131.3,128.4,120.7,132.5,116.8,125.6,126.6,127.3,128.4
TOPCOAT-0091,745,12:25,106.1,115.4,117.2,130.8,128.4,120.1,132.0,117.0,125.8,125.7,127.6,128.2
TOPCOAT-0091,746,12:26,106.1,116.8,117.6,131.2,128.2,121.0,132.1,116.3,125.8,126.1,127.3,129.0
TOPCOAT-0091,747,12:27,105.6,116.7,117.6,131.7,128.7,121.1,131.9,116.6,126.6,125.7,127.4,128.3
TOPCOAT-0091,748,12:28,106.0,115.8,117.7,130.5,129.3,121.4,132.5,118.1,125.8,125.7,127.5,129.2
TOPCOAT-0091,749,12:29,106.2,115.6,116.7,130.9,128.9,120.8,132.4,116.2,126.9,125.1,128.0,128.3
TOPCOAT-0091,750,12:30,105.6,116.1,117.2,130.8,128.7,121.6,132.4,116.2,126.3,125.5,126.8,129.1
TOPCOAT-0091,751,12:31,106.0,116.3,116.8,130.3,130.3,120.6,132.5,116.8,126.3,126.9,128.0,129.0
TOPCOAT-0091,752,12:32,105.7,116.2,117.8,131.1,129.7,121.5,132.0,116.7,125.7,125.9,127.5,128.4
TOPCOAT-0091,753,12:33,105.9,117.5,117.2,131.0,130.4,121.5,133.1,117.7,125.5,126.2,127.8,129.3
TOPCOAT-0091,754,12:34,107.0,117.8,118.2,131.0,130.4,122.0,132.4,116.4,127.0,126.8,127.8,129.7
TOPCOAT-0091,755,12:35,105.9,116.2,118.2,131.1,129.6,120.9,132.4,117.7,126.6,126.1,128.7,129.4
TOPCOAT-0091,756,12:36,105.6,116.6,118.1,130.9,129.6,122.0,132.9,117.3,126.2,127.2,128.5,129.0
TOPCOAT-0091,757,12:37,105.5,116.9,118.5,130.8,129.3,121.1,133.2,117.3,126.5,127.0,127.6,129.3
TOPCOAT-0091,758,12:38,106.7,116.4,118.2,130.7,129.5,122.5,133.7,117.1,126.2,127.1,127.5,130.9
TOPCOAT-0091,759,12:39,105.6,117.8,117.5,130.9,129.5,121.9,133.1,116.0,127.3,127.2,128.1,129.4
TOPCOAT-0091,760,12:40,106.9,116.3,117.9,130.7,129.5,122.1,132.6,117.3,126.4,126.8,127.7,129.1
TOPCOAT-0091,761,12:41,106.7,117.0,117.6,131.7,129.4,120.7,132.9,117.2,126.5,126.8,129.1,129.9
TOPCOAT-0091,762,12:42,106.6,116.5,117.1,131.6,130.3,122.4,132.9,117.6,126.2,126.9,129.1,130.4
TOPCOAT-0091,763,12:43,106.0,117.1,118.5,131.3,130.6,122.4,134.3,118.1,126.8,126.5,129.7,129.0
TOPCOAT-0091,764,12:44,106.6,116.6,118.3,132.1,129.8,121.9,134.4,118.4,128.4,127.1,129.3,130.3
TOPCOAT-0091,765,12:45,106.3,117.5,118.2,132.0,129.5,122.7,133.7,117.8,126.6,127.4,128.5,129.7
TOPCOAT-0091,766,12:46,107.0,117.2,119.3,131.5,130.8,122.2,134.1,118.0,127.1,127.0,128.2,129.9
TOPCOAT-0091,767,12:47,107.1,117.1,118.6,132.2,130.2,123.0,133.6,117.7,127.2,128.1,128.9,130.0
TOPCOAT-0091,768,12:48,106.9,118.2,119.7,132.5,130.1,122.6,133.5,118.3,128.3,127.4,128.6,130.7
TOPCOAT-0091,769,12:49,107.1,118.4,118.4,132.2,130.0,122.7,133.3,118.4,127.0,127.8,129.5,130.1
TOPCOAT-0091,770,12:50,106.8,118.2,119.1,132.1,131.6,122.5,133.2,118.4,126.9,127.4,128.8,129.6
TOPCOAT-0091,771,12:51,107.1,117.8,118.9,132.1,130.9,123.2,133.8,118.6,126.6,127.8,128.4,130.7
TOPCOAT-0091,772,12:52,107.6,117.7,119.6,131.9,131.0,123.1,133.3,118.6,127.7,127.9,128.9,130.6
TOPCOAT-0091,773,12:53,106.8,117.8,118.3,133.0,130.5,122.9,135.2,118.6,127.3,127.0,128.6,130.4
TOPCOAT-0091,774,12:54,107.4,118.0,118.8,132.2,130.6,122.8,134.1,118.5,127.7,128.1,129.5,129.6
TOPCOAT-0091,775,12:55,107.4,118.3,119.4,132.3,130.6,123.0,134.2,119.0,127.9,128.1,128.8,130.6
TOPCOAT-0091,776,12:56,107.2,117.7,118.7,133.2,130.6,122.8,134.1,118.3,127.3,128.0,128.6,130.0
TOPCOAT-0091,777,12:57,107.5,118.3,118.9,132.7,131.0,122.6,134.3,118.4,127.5,128.1,128.8,130.6
TOPCOAT-0091,778,12:58,107.4,118.6,119.6,133.0,131.1,123.0,135.0,119.2,128.2,128.3,129.7,130.9
TOPCOAT-0091,779,12:59,108.2,117.9,118.2,132.4,130.9,123.8,134.6,118.6,127.0,128.5,129.2,131.1
TOPCOAT-0091,780,13:00,108.6,118.0,118.4,133.3,130.6,122.8,135.7,118.2,128.2,127.8,129.7,130.1
TOPCOAT-0091,781,13:01,107.9,119.4,119.3,133.0,131.4,123.3,135.7,118.6,127.4,129.1,129.7,130.8
TOPCOAT-0091,782,13:02,107.0,117.5,118.9,133.0,131.8,121.8,135.7,117.8,128.1,128.1,129.9,130.7
TOPCOAT-0091,783,13:03,107.8,118.5,119.3,132.6,131.7,123.5,134.5,118.9,128.6,128.9,130.9,130.9
TOPCOAT-0091,784,13:04,108.2,117.7,120.0,132.1,131.2,122.7,134.7,119.0,128.5,129.4,129.9,131.0
TOPCOAT-0091,785,13:05,109.2,118.9,119.4,133.4,131.1,123.4,133.8,119.6,127.5,128.8,130.5,131.1
TOPCOAT-0091,786,13:06,108.6,118.9,119.8,132.7,131.5,122.3,135.7,119.4,128.4,127.9,130.2,130.8
TOPCOAT-0091,787,13:07,107.6,118.1,120.1,132.7,131.1,123.6,134.2,119.1,128.6,128.6,131.0,131.0
TOPCOAT-0091,788,13:08,107.8,118.2,119.9,133.5,131.3,123.9,134.5,119.6,128.2,129.0,129.6,131.8
TOPCOAT-0091,789,13:09,107.8,118.0,120.2,133.8,132.1,123.4,135.2,118.6,128.2,127.0,129.7,132.3
TOPCOAT-0091,790,13:10,108.7,119.2,120.4,133.0,131.1,124.1,134.5,119.5,129.0,129.0,130.0,131.4
TOPCOAT-0091,791,13:11,107.5,120.0,119.2,132.3,131.5,124.4,135.9,119.7,128.4,128.6,131.2,130.8
TOPCOAT-0091,792,13:12,107.6,118.4,120.1,133.7,132.4,124.1,136.0,119.9,128.6,128.5,131.1,131.6
TOPCOAT-0091,793,13:13,108.3,119.3,120.7,133.0,132.3,124.3,135.7,120.1,128.1,129.9,130.4,132.1
TOPCOAT-0091,794,13:14,107.8,118.1,120.5,134.7,132.3,124.5,135.2,119.5,128.1,128.7,131.0,131.4
TOPCOAT-0091,795,13:15,108.8,119.7,120.0,133.3,131.8,124.0,135.3,120.0,128.8,129.4,130.9,131.7
TOPCOAT-0091,796,13:16,108.4,120.2,119.6,133.8,132.4,124.5,135.3,120.4,128.9,128.8,129.9,131.2
TOPCOAT-0091,797,13:17,107.7,119.0,120.2,133.8,131.8,125.0,135.5,119.7,130.3,129.9,131.3,132.0
TOPCOAT-0091,798,13:18,108.7,119.7,120.2,133.6,131.1,124.7,135.8,120.1,129.3,129.3,130.3,131.5
TOPCOAT-0091,799,13:19,107.9,119.2,120.6,134.4,132.1,124.2,136.3,120.9,129.5,129.3,129.7,132.0
TOPCOAT-0091,800,13:20,109.2,119.8,120.0,134.6,132.2,125.9,136.1,120.0,129.9,130.5,131.5,132.5
TOPCOAT-0091,801,13:21,109.4,119.1,120.1,133.7,132.8,124.8,135.7,119.6,128.3,129.7,131.2,133.0
TOPCOAT-0091,802,13:22,109.5,119.0,120.3,132.9,131.6,125.1,136.7,119.3,129.5,129.4,130.7,133.0
TOPCOAT-0091,803,13:23,108.8,119.2,120.3,134.0,132.3,124.6,136.6,121.4,129.6,129.5,130.3,131.9
TOPCOAT-0091,804,13:24,109.0,119.9,121.1,134.2,133.3,125.8,136.2,120.8,129.2,129.3,131.3,133.2
TOPCOAT-0091,805,13:25,109.1,120.0,119.9,135.0,132.6,125.2,136.6,120.4,129.8,129.5,131.1,132.9
TOPCOAT-0091,806,13:26,108.5,119.5,120.9,134.8,133.6,124.4,135.8,120.7,129.6,129.7,130.9,132.6
TOPCOAT-0091,807,13:27,109.7,119.6,120.1,133.7,132.8,126.1,137.0,121.0,128.9,129.0,131.9,133.0
TOPCOAT-0091,808,13:28,110.3,119.4,121.0,134.4,132.6,124.6,137.6,120.4,129.2,130.7,132.6,132.5
TOPCOAT-0091,809,13:29,109.7,120.1,120.9,133.8,133.0,125.0,136.5,121.3,129.6,130.0,131.6,133.4
TOPCOAT-0091,810,13:30,108.2,119.6,120.4,134.1,132.6,125.4,137.0,121.5,129.5,130.3,132.1,132.3
TOPCOAT-0091,811,13:31,109.2,119.5,121.5,133.6,132.9,125.0,136.7,120.5,130.0,130.0,132.7,132.8
TOPCOAT-0091,812,13:32,109.6,119.2,121.0,134.1,133.0,126.1,136.5,121.1,130.0,130.2,132.3,132.9
TOPCOAT-0091,813,13:33,110.0,119.7,121.6,134.0,132.5,125.1,135.6,121.1,130.6,129.8,132.0,132.2
TOPCOAT-0091,814,13:34,109.5,120.1,120.9,134.6,133.6,124.9,136.8,121.3,130.2,130.0,131.5,133.7
TOPCOAT-0091,815,13:35,109.8,121.0,121.1,134.7,132.9,124.9,136.7,121.2,129.5,130.7,131.7,133.1
TOPCOAT-0091,816,13:36,109.4,120.0,121.6,135.5,133.6,125.5,136.9,120.8,130.2,129.9,132.1,133.7
TOPCOAT-0091,817,13:37,109.2,119.8,121.2,134.1,132.8,125.3,137.2,121.2,130.3,130.1,132.0,133.7
TOPCOAT-0091,818,13:38,111.2,119.9,121.3,134.7,133.1,126.0,137.3,121.5,130.0,131.0,131.7,133.6
TOPCOAT-0091,819,13:39,110.7,120.7,121.6,136.2,133.8,126.2,137.4,121.3,130.3,130.5,132.2,133.4
TOPCOAT-0091,820,13:40,109.3,120.2,122.5,135.3,134.2,125.9,137.6,122.4,130.8,131.2,133.0,132.7
TOPCOAT-0091,821,13:41,111.0,120.1,121.9,134.2,133.8,125.9,137.8,120.2,131.3,130.8,132.0,134.6
TOPCOAT-0091,822,13:42,110.1,120.8,121.4,135.0,133.9,126.0,137.4,121.0,130.5,130.7,132.1,134.1
TOPCOAT-0091,823,13:43,109.7,120.6,121.9,134.6,134.4,125.6,137.4,122.0,130.3,130.5,132.5,134.2
TOPCOAT-0091,824,13:44,110.2,120.3,121.8,135.5,133.4,125.4,136.0,121.8,130.4,130.9,132.3,134.9
TOPCOAT-0091,825,13:45,110.1,121.9,121.3,135.1,133.3,125.6,137.1,121.9,130.1,130.9,132.6,133.5
TOPCOAT-0091,826,13:46,109.6,121.1,121.7,135.5,134.6,126.2,137.4,122.1,130.3,131.1,131.8,133.9
TOPCOAT-0091,827,13:47,110.1,121.0,121.0,135.4,133.6,126.7,136.8,122.1,130.7,130.4,133.3,133.5
TOPCOAT-0091,828,13:48,110.8,121.2,122.1,135.0,133.7,125.3,137.1,122.0,131.0,131.5,133.1,133.1
TOPCOAT-0091,829,13:49,110.0,120.7,122.1,134.9,134.8,126.2,137.2,122.1,131.4,131.8,132.3,133.7
TOPCOAT-0091,830,13:50,110.2,120.9,123.1,135.4,135.0,126.2,138.3,121.6,130.7,131.2,131.9,134.4
TOPCOAT-0091,831,13:51,111.0,121.4,121.6,135.4,134.5,126.8,138.0,122.7,130.7,131.4,132.0,133.9
TOPCOAT-0091,832,13:52,110.8,121.5,122.2,135.4,133.9,127.2,138.1,122.2,130.3,132.1,132.1,134.5
TOPCOAT-0091,833,13:53,110.6,121.8,122.7,136.1,133.6,126.1,137.8,122.1,130.7,131.1,132.3,134.5
TOPCOAT-0091,834,13:54,111.6,120.5,122.1,136.0,134.6,126.0,138.5,122.0,130.6,131.4,133.0,135.4
TOPCOAT-0091,835,13:55,110.3,121.1,121.7,135.7,134.2,126.9,137.9,122.4,132.0,133.3,132.4,134.0
TOPCOAT-0091,836,13:56,111.7,119.7,122.4,136.5,134.9,126.3,138.4,123.0,131.6,131.4,133.5,134.8
TOPCOAT-0091,837,13:57,111.0,121.1,123.5,136.1,135.4,126.5,137.5,123.3,132.0,131.5,133.2,134.7
TOPCOAT-0091,838,13:58,110.3,121.4,122.0,135.7,134.6,127.5,139.1,122.4,130.8,131.0,133.7,133.9
TOPCOAT-0091,839,13:59,111.7,122.4,122.4,135.0,135.4,126.7,137.1,122.5,131.1,131.3,132.8,135.3
TOPCOAT-0091,840,14:00,111.7,121.9,122.9,136.1,134.1,127.2,137.4,123.0,130.4,132.7,133.5,134.2
TOPCOAT-0091,841,14:01,110.7,122.0,123.0,135.7,134.4,127.2,138.4,123.0,131.0,131.7,133.0,134.6
TOPCOAT-0091,842,14:02,110.2,122.6,121.8,136.1,134.9,127.0,138.7,122.6,131.7,131.4,133.1,134.8
TOPCOAT-0091,843,14:03,110.8,122.2,122.8,136.2,134.5,127.1,138.4,123.4,131.7,131.8,133.5,135.5
TOPCOAT-0091,844,14:04,111.0,122.3,123.3,137.0,134.6,127.5,138.5,122.6,132.0,132.1,134.4,135.0
TOPCOAT-0091,845,14:05,111.4,122.4,122.0,136.2,135.0,126.6,139.2,123.2,132.2,132.8,133.5,135.2
TOPCOAT-0091,846,14:06,111.6,121.5,122.9,136.1,135.8,127.2,139.6,123.3,131.9,131.9,134.1,135.2
TOPCOAT-0091,847,14:07,111.5,122.3,123.9,136.1,134.4,128.1,138.1,123.5,132.3,132.1,134.4,135.8
TOPCOAT-0091,848,14:08,111.8,122.4,123.9,135.9,136.7,127.8,139.9,122.8,132.5,131.8,133.5,134.2
TOPCOAT-0091,849,14:09,111.0,122.7,123.2,136.7,135.5,128.2,139.2,123.7,132.2,131.8,133.9,135.3
TOPCOAT-0091,850,14:10,111.0,121.0,123.2,136.9,135.4,127.8,138.8,122.5,131.9,132.9,133.3,134.9
TOPCOAT-0091,851,14:11,111.5,122.5,124.0,136.5,135.7,128.1,138.9,123.1,131.6,132.6,135.0,134.9
TOPCOAT-0091,852,14:12,111.5,122.9,123.4,137.0,135.4,128.0,140.0,122.8,132.0,132.7,133.4,135.5
TOPCOAT-0091,853,14:13,111.5,122.2,123.1,135.9,136.4,128.1,139.4,123.6,132.1,132.4,134.1,134.9
TOPCOAT-0091,854,14:14,111.9,122.5,124.0,136.5,135.7,128.5,139.2,123.7,132.3,131.7,134.2,135.4
TOPCOAT-0091,855,14:15,111.7,122.3,123.0,138.1,135.3,127.5,138.6,122.9,132.9,132.1,134.3,135.6
TOPCOAT-0091,856,14:16,111.7,122.7,123.7,137.5,135.8,127.9,139.7,123.4,132.7,132.2,134.2,136.1
TOPCOAT-0091,857,14:17,111.9,122.2,123.2,136.0,135.9,127.3,139.8,123.5,131.9,133.1,134.6,135.8
TOPCOAT-0091,858,14:18,112.6,122.6,123.3,137.1,136.3,128.4,139.4,123.7,132.8,132.5,134.7,136.2
TOPCOAT-0091,859,14:19,112.1,123.0,124.4,136.8,135.9,128.3,140.2,123.7,133.4,132.6,133.7,135.5
TOPCOAT-0091,860,14:20,112.7,123.1,123.0,137.2,135.6,128.1,139.3,124.2,132.5,132.5,134.4,136.0
TOPCOAT-0091,861,14:21,112.4,122.6,123.2,137.6,136.3,128.5,139.8,123.9,132.7,133.6,133.7,135.3
TOPCOAT-0091,862,14:22,113.5,123.0,122.9,136.5,136.8,127.5,139.2,123.8,132.4,133.0,134.4,136.0
TOPCOAT-0091,863,14:23,112.5,122.2,124.6,137.1,136.7,128.2,140.5,123.7,132.6,133.0,134.8,135.9
TOPCOAT-0091,864,14:24,113.0,122.3,123.6,136.9,136.0,128.2,139.6,123.5,132.3,132.8,134.4,136.3
TOPCOAT-0091,865,14:25,112.0,123.4,124.3,136.6,135.7,128.5,139.2,124.7,132.3,133.3,134.1,135.9
TOPCOAT-0091,866,14:26,112.2,123.3,124.6,138.2,136.0,127.6,139.7,124.0,132.4,133.2,134.4,135.3
TOPCOAT-0091,867,14:27,112.6,123.9,123.7,137.9,136.5,128.9,139.2,124.0,133.3,133.2,134.2,136.6
TOPCOAT-0091,868,14:28,112.6,124.1,124.3,136.9,136.2,127.6,139.9,124.7,132.9,134.0,134.5,136.6
TOPCOAT-0091,869,14:29,113.1,123.4,123.2,137.2,136.9,129.0,141.5,125.0,133.8,133.6,134.6,136.1
TOPCOAT-0091,870,14:30,113.0,121.7,124.0,138.0,137.0,128.9,140.3,124.5,132.7,132.9,135.9,136.0
TOPCOAT-0091,871,14:31,112.6,122.3,124.7,138.0,137.7,128.7,140.0,124.0,133.4,133.1,135.3,136.0
TOPCOAT-0091,872,14:32,111.8,122.0,123.8,138.5,135.8,129.9,140.8,124.9,132.9,134.0,134.8,136.2
TOPCOAT-0091,873,14:33,112.8,122.5,124.5,137.2,136.0,128.9,140.5,125.0,133.7,132.9,134.9,136.5
TOPCOAT-0091,874,14:34,113.2,123.3,124.8,137.8,138.0,128.7,141.5,124.3,132.3,134.5,135.1,136.7
TOPCOAT-0091,875,14:35,112.8,123.2,124.6,137.9,137.2,128.7,140.7,124.5,133.7,133.3,135.8,136.7
TOPCOAT-0091,876,14:36,113.6,123.6,125.4,137.1,136.6,129.4,141.0,124.6,132.9,134.3,135.5,137.0
TOPCOAT-0091,877,14:37,112.0,123.6,124.1,138.1,137.9,128.3,140.8,124.3,132.6,134.2,135.3,136.3
TOPCOAT-0091,878,14:38,112.8,124.4,126.3,137.8,136.3,129.5,139.9,125.5,133.8,134.8,135.4,135.8
TOPCOAT-0091,879,14:39,113.1,123.9,126.0,137.8,136.8,130.2,140.5,125.2,133.7,133.3,135.5,136.8
TOPCOAT-0091,880,14:40,112.5,123.7,124.4,138.1,136.6,129.6,140.5,125.0,132.9,134.6,137.4,136.7
TOPCOAT-0091,881,14:41,112.7,123.5,125.8,137.8,135.9,128.8,140.9,125.1,133.3,134.7,135.6,136.3
TOPCOAT-0091,882,14:42,112.3,123.5,125.9,138.0,137.8,129.5,140.3,124.6,134.3,135.1,135.9,136.5
TOPCOAT-0091,883,14:43,113.1,123.9,124.7,137.8,137.5,129.6,141.7,125.3,133.9,134.4,136.3,136.9
TOPCOAT-0091,884,14:44,112.9,123.9,125.3,138.4,137.8,129.3,141.4,124.9,133.2,134.7,135.4,136.8
TOPCOAT-0091,885,14:45,114.6,124.2,125.4,139.1,136.8,128.9,141.7,124.9,133.3,134.3,135.0,137.1
TOPCOAT-0091,886,14:46,114.5,124.2,125.8,138.3,137.4,129.8,141.4,125.4,134.0,134.2,136.0,136.9
TOPCOAT-0091,887,14:47,113.1,123.7,124.5,138.6,137.7,130.2,141.3,125.3,133.3,134.9,136.0,136.1
TOPCOAT-0091,888,14:48,113.7,123.7,125.5,138.5,138.2,129.6,141.4,125.6,133.9,134.4,136.1,137.4
TOPCOAT-0091,889,14:49,113.5,123.3,125.4,138.9,137.7,130.2,141.8,125.1,135.2,134.5,137.0,136.3
TOPCOAT-0091,890,14:50,114.5,124.5,125.7,138.5,137.9,130.5,142.1,124.9,134.6,134.7,137.0,137.4
TOPCOAT-0091,891,14:51,114.1,124.2,124.9,137.6,138.7,130.2,141.0,125.4,134.6,135.4,136.1,138.1
TOPCOAT-0091,892,14:52,113.7,124.8,125.6,139.0,137.8,131.2,141.8,125.1,133.6,134.6,135.7,138.2
TOPCOAT-0091,893,14:53,113.9,124.9,125.1,138.7,138.4,130.5,142.1,126.0,134.5,134.7,136.2,137.4
TOPCOAT-0091,894,14:54,114.1,124.2,125.6,137.8,136.9,129.7,142.4,125.9,134.5,134.5,136.1,137.7
TOPCOAT-0091,895,14:55,113.8,124.2,126.5,139.2,138.5,130.1,141.8,125.0,134.5,135.4,136.1,138.7
TOPCOAT-0091,896,14:56,114.3,125.0,125.5,139.3,138.6,130.0,142.5,126.3,134.3,134.6,135.9,137.8
TOPCOAT-0091,897,14:57,114.1,125.1,126.0,139.7,138.0,130.9,141.1,126.5,133.8,135.2,136.2,138.8
TOPCOAT-0091,898,14:58,114.0,124.2,125.9,139.5,138.6,130.4,141.7,125.3,135.0,134.9,136.8,137.8
TOPCOAT-0091,899,14:59,113.9,125.4,126.2,139.4,137.7,130.6,143.0,126.2,133.9,135.3,136.2,139.3
TOPCOAT-0091,900,15:00,115.1,124.1,125.5,139.7,138.7,130.1,142.8,125.7,134.8,135.2,136.6,138.0
TOPCOAT-0091,901,15:01,113.5,124.1,126.8,139.0,138.1,130.2,141.5,125.7,134.4,135.2,136.5,137.9
TOPCOAT-0091,902,15:02,114.7,124.6,124.7,139.2,138.2,129.5,142.3,126.5,134.5,134.8,138.1,137.5
TOPCOAT-0091,903,15:03,114.4,124.7,126.5,139.0,138.6,131.3,142.6,125.8,135.2,135.7,136.8,138.4
TOPCOAT-0091,904,15:04,114.4,125.5,126.7,139.9,139.1,130.2,142.5,126.4,136.2,135.1,137.4,137.9
TOPCOAT-0091,905,15:05,114.8,125.0,125.5,139.2,138.6,131.0,143.0,127.0,135.4,135.7,137.1,138.2
TOPCOAT-0091,906,15:06,114.4,125.6,126.1,139.5,138.3,131.3,141.9,126.1,135.4,135.6,136.4,138.3
TOPCOAT-0091,907,15:07,113.5,125.0,125.9,139.6,137.5,130.6,142.6,126.4,135.1,135.8,136.1,137.3
TOPCOAT-0091,908,15:08,115.4,125.0,127.8,140.0,138.3,131.5,142.9,126.2,134.9,136.2,137.1,138.7
TOPCOAT-0091,909,15:09,113.9,125.3,126.0,139.1,138.8,130.8,142.1,126.8,135.4,136.0,137.5,138.7
TOPCOAT-0091,910,15:10,115.1,125.6,126.8,140.4,139.3,131.6,142.5,126.3,135.5,135.6,137.3,139.6
TOPCOAT-0091,911,15:11,114.3,125.3,126.4,138.9,139.2,130.7,142.7,126.6,135.5,136.1,136.8,139.2
TOPCOAT-0091,912,15:12,115.4,125.9,125.6,139.8,139.1,132.3,143.1,127.5,135.1,135.2,137.5,138.5
TOPCOAT-0091,913,15:13,114.5,125.1,125.7,139.3,139.0,130.9,143.9,127.2,134.2,135.5,138.1,138.9
TOPCOAT-0091,914,15:14,114.7,125.4,126.4,139.7,139.3,130.9,143.1,126.7,136.8,136.5,136.8,138.2
TOPCOAT-0091,915,15:15,114.8,125.2,126.9,141.1,139.0,131.4,144.3,126.2,135.3,135.8,138.1,139.2
TOPCOAT-0091,916,15:16,115.3,125.0,126.2,140.4,140.0,131.5,142.6,127.3,134.9,136.4,138.0,139.0
TOPCOAT-0091,917,15:17,115.6,125.4,126.5,139.9,139.1,131.4,142.8,126.1,135.6,136.4,137.7,139.6
TOPCOAT-0091,918,15:18,115.1,124.9,126.7,140.0,139.5,131.2,143.4,127.4,136.9,137.2,138.3,139.9
TOPCOAT-0091,919,15:19,115.4,125.0,127.0,140.8,140.2,131.7,143.1,126.8,135.1,136.2,136.1,138.4
TOPCOAT-0091,920,15:20,115.6,126.5,127.0,140.5,138.9,131.9,143.7,127.0,135.6,136.6,137.6,139.8
TOPCOAT-0091,921,15:21,115.0,124.8,126.2,140.1,140.5,132.2,143.4,127.5,136.3,136.1,137.7,138.8
TOPCOAT-0091,922,15:22,115.3,126.8,126.7,140.7,139.5,131.9,142.6,127.4,137.0,136.6,137.7,137.7
TOPCOAT-0091,923,15:23,115.2,126.5,126.2,140.2,139.2,131.7,143.8,127.8,135.9,136.5,137.5,138.8
TOPCOAT-0091,924,15:24,115.5,126.9,125.5,139.5,139.5,131.9,143.0,127.3,136.2,136.9,137.3,139.2
TOPCOAT-0091,925,15:25,115.9,125.4,126.4,141.3,139.9,132.4,145.1,127.4,136.9,135.9,138.1,140.1
TOPCOAT-0091,926,15:26,115.4,126.7,126.3,140.2,139.3,131.4,143.4,127.5,134.9,137.5,138.4,139.4
TOPCOAT-0091,927,15:27,115.9,126.7,126.5,140.9,139.5,132.7,144.3,127.7,136.2,136.6,138.2,139.2
TOPCOAT-0091,928,15:28,114.9,125.5,127.0,141.3,139.9,132.2,143.3,127.3,136.0,136.9,138.0,139.3
TOPCOAT-0091,929,15:29,115.2,126.0,127.8,140.7,140.1,132.5,143.5,129.3,136.6,136.5,138.9,139.6
TOPCOAT-0091,930,15:30,115.5,126.6,126.9,140.6,139.9,131.5,142.7,127.8,136.4,137.2,138.5,139.7
TOPCOAT-0091,931,15:31,115.3,126.5,127.3,140.5,140.1,132.4,143.7,128.2,136.5,136.5,139.0,138.9
TOPCOAT-0091,932,15:32,115.3,126.0,127.7,141.2,140.3,131.7,144.1,127.8,137.9,137.2,138.7,139.7
TOPCOAT-0091,933,15:33,115.4,126.9,126.9,141.6,139.7,132.4,143.1,128.2,135.7,137.0,138.1,140.0
TOPCOAT-0091,934,15:34,116.0,126.5,127.1,141.3,140.2,132.4,143.8,128.0,136.6,137.1,139.1,139.1
TOPCOAT-0091,935,15:35,116.4,127.5,127.1,140.4,140.8,133.0,143.6,128.1,136.5,136.9,138.5,139.7
TOPCOAT-0091,936,15:36,115.5,126.7,128.3,141.3,140.2,132.8,144.1,127.9,137.3,136.8,138.9,140.2
TOPCOAT-0091,937,15:37,116.1,126.9,127.1,140.9,141.1,132.8,143.8,128.6,136.6,137.6,138.5,140.6
TOPCOAT-0091,938,15:38,115.6,126.8,126.9,139.9,140.1,132.3,144.2,128.4,136.4,137.2,138.1,141.3
TOPCOAT-0091,939,15:39,116.5,126.3,128.2,140.3,141.1,133.2,144.1,128.3,137.4,136.7,138.3,140.4
TOPCOAT-0091,940,15:40,116.2,127.0,127.5,141.7,140.9,132.8,144.2,127.8,136.8,136.0,138.7,139.9
TOPCOAT-0091,941,15:41,116.0,126.7,128.1,140.6,140.7,133.2,144.0,128.3,135.7,137.7,139.5,140.1
TOPCOAT-0091,942,15:42,117.2,126.3,127.8,141.5,140.6,133.1,144.1,128.7,137.1,136.8,137.8,140.4
TOPCOAT-0091,943,15:43,115.9,127.6,127.5,141.3,140.5,133.2,144.6,128.5,137.3,138.5,138.4,139.9
TOPCOAT-0091,944,15:44,115.2,126.9,128.0,141.2,141.1,133.1,145.2,128.5,137.6,137.5,138.5,140.2
TOPCOAT-0091,945,15:45,116.1,127.2,127.6,141.4,141.5,133.8,145.1,128.4,136.4,138.2,138.7,141.0
TOPCOAT-0091,946,15:46,116.0,127.2,127.9,141.3,140.9,133.2,145.7,129.2,137.9,137.0,140.3,141.0
TOPCOAT-0091,947,15:47,115.6,127.4,127.8,141.9,141.2,133.2,144.5,128.4,136.9,138.0,139.1,140.8
TOPCOAT-0091,948,15:48,116.9,126.7,128.2,141.9,140.7,131.7,144.1,128.8,136.7,138.2,139.3,139.7
TOPCOAT-0091,949,15:49,117.3,127.4,128.2,141.8,141.6,134.0,144.1,129.2,137.7,138.5,139.9,140.4
TOPCOAT-0091,950,15:50,117.0,128.0,128.4,141.2,140.7,133.7,145.1,128.4,137.5,137.3,139.5,140.5
TOPCOAT-0091,951,15:51,116.6,127.1,128.3,141.4,141.6,132.9,144.2,129.1,138.0,138.5,139.3,141.0
TOPCOAT-0091,952,15:52,116.3,127.1,128.4,141.4,142.0,133.0,144.5,129.1,137.3,137.7,138.9,141.4
TOPCOAT-0091,953,15:53,116.1,127.3,128.8,141.4,141.5,132.2,144.8,129.2,137.3,138.3,139.3,140.3
TOPCOAT-0091,954,15:54,117.4,129.1,127.5,141.6,141.3,133.3,146.1,128.6,138.1,138.3,139.7,141.3
TOPCOAT-0091,955,15:55,117.3,127.4,128.5,142.8,141.3,133.2,145.6,129.6,136.9,139.3,138.6,140.8
TOPCOAT-0091,956,15:56,116.4,128.0,128.8,140.9,141.9,133.5,145.6,128.8,137.2,137.9,139.7,139.8
TOPCOAT-0091,957,15:57,116.5,126.9,129.2,141.9,141.2,133.7,145.2,128.7,138.3,137.7,139.5,140.2
TOPCOAT-0091,958,15:58,116.8,127.5,128.5,142.1,141.2,133.5,145.8,129.9,137.9,138.8,139.5,142.1
TOPCOAT-0091,959,15:59,116.7,127.7,128.3,142.6,141.4,134.0,145.5,129.5,137.6,138.3,139.3,140.8
TOPCOAT-0091,960,16:00,116.8,128.0,128.0,141.6,141.7,133.9,145.2,129.4,137.6,137.7,139.8,141.9
TOPCOAT-0091,961,16:01,117.5,127.4,127.9,142.2,142.5,133.1,146.3,129.3,137.5,139.0,139.7,140.7
TOPCOAT-0091,962,16:02,117.1,127.7,128.4,142.2,140.6,133.0,145.0,128.7,137.7,138.7,140.7,141.5
TOPCOAT-0091,963,16:03,117.4,128.1,128.9,141.9,141.2,135.1,146.9,128.8,138.1,139.7,140.1,140.7
TOPCOAT-0091,964,16:04,117.0,128.7,129.5,142.1,141.7,133.4,146.3,129.7,138.0,137.9,139.3,141.3
TOPCOAT-0091,965,16:05,117.7,127.9,129.4,142.2,142.5,134.4,145.4,129.1,138.5,138.6,140.0,142.2
TOPCOAT-0091,966,16:06,118.0,127.5,129.2,141.7,141.9,134.4,145.1,129.2,138.0,139.0,141.0,141.0
TOPCOAT-0091,967,16:07,117.5,127.7,129.2,142.4,141.8,135.2,146.5,129.5,138.4,138.0,140.1,142.7
TOPCOAT-0091,968,16:08,117.5,128.2,129.2,143.0,142.0,134.1,145.6,130.0,137.8,137.6,139.7,142.0
TOPCOAT-0091,969,16:09,117.9,128.2,129.6,142.4,142.4,133.5,146.0,129.9,137.0,139.1,139.7,142.4
TOPCOAT-0091,970,16:10,117.2,127.8,129.0,143.9,142.1,134.6,145.9,129.4,138.3,139.5,140.3,142.4
TOPCOAT-0091,971,16:11,118.2,126.9,129.5,143.4,142.1,134.3,145.7,129.3,137.9,138.9,140.4,141.2
TOPCOAT-0091,972,16:12,118.1,127.9,128.8,142.0,141.2,134.2,145.2,129.3,138.4,139.2,140.0,142.5
TOPCOAT-0091,973,16:13,117.7,128.8,129.7,143.9,142.4,133.5,146.1,130.0,139.5,139.2,141.7,141.2
TOPCOAT-0091,974,16:14,117.3,128.4,130.0,142.8,141.7,135.4,145.4,130.3,138.8,139.8,140.5,143.1
TOPCOAT-0091,975,16:15,116.9,128.6,130.3,142.0,141.8,134.4,147.4,129.6,138.9,139.0,141.2,141.1
TOPCOAT-0091,976,16:16,118.0,128.8,129.3,142.4,142.1,134.7,145.9,130.2,139.1,139.2,140.0,141.8
TOPCOAT-0091,977,16:17,117.0,128.0,129.4,143.2,142.2,134.9,146.6,130.7,138.6,139.3,140.6,141.1
TOPCOAT-0091,978,16:18,117.8,127.9,129.3,144.4,142.1,133.7,145.9,130.1,138.8,138.7,140.9,141.8
TOPCOAT-0091,979,16:19,118.4,129.2,129.4,143.5,143.1,134.9,146.8,130.1,138.6,139.6,141.3,143.0
TOPCOAT-0091,980,16:20,118.1,127.9,130.0,142.0,142.5,134.8,147.6,130.6,138.3,138.9,140.3,142.1
TOPCOAT-0091,981,16:21,117.7,128.6,130.1,143.3,143.2,135.1,146.2,130.6,138.9,139.9,140.5,142.4
TOPCOAT-0091,982,16:22,117.9,129.2,129.1,143.1,142.8,135.2,146.4,129.3,138.0,138.5,141.1,142.4
TOPCOAT-0091,983,16:23,117.7,128.9,129.2,144.0,142.4,134.3,146.2,131.2,138.8,139.6,141.3,142.5
TOPCOAT-0091,984,16:24,118.3,128.2,129.8,143.1,141.9,134.6,146.2,130.3,139.1,138.9,141.4,143.0
TOPCOAT-0091,985,16:25,117.9,128.9,130.2,142.6,142.8,134.3,146.8,131.2,139.4,140.1,141.4,143.4
TOPCOAT-0091,986,16:26,118.0,128.5,129.4,143.0,143.7,135.3,146.5,130.5,139.3,139.2,141.2,142.0
TOPCOAT-0091,987,16:27,118.2,128.1,131.2,143.5,143.2,134.8,147.1,130.8,138.8,139.2,141.3,142.6
TOPCOAT-0091,988,16:28,117.6,129.8,130.1,143.2,143.6,135.7,146.7,130.4,139.9,139.6,141.1,143.2
TOPCOAT-0091,989,16:29,118.7,129.4,129.9,143.7,142.6,136.5,146.9,130.9,138.4,139.5,141.2,143.2
TOPCOAT-0091,990,16:30,118.4,128.3,129.7,143.8,144.1,135.7,146.6,130.2,138.9,140.5,141.2,142.3
TOPCOAT-0091,991,16:31,118.1,129.4,129.5,143.9,141.9,135.3,145.6,131.4,139.3,140.5,142.3,143.0
TOPCOAT-0091,992,16:32,118.5,128.2,130.0,142.2,143.0,136.0,147.7,131.7,139.3,140.2,140.8,142.8
TOPCOAT-0091,993,16:33,119.6,128.7,130.0,143.5,142.5,136.5,146.4,131.8,140.1,140.6,141.6,142.5
TOPCOAT-0091,994,16:34,118.9,130.0,130.6,143.3,144.1,135.0,147.1,131.0,138.4,140.1,140.7,143.8
TOPCOAT-0091,995,16:35,119.2,129.6,130.5,143.1,143.7,135.9,148.7,131.4,139.2,140.3,139.9,143.3
TOPCOAT-0091,996,16:36,120.2,129.8,129.0,144.2,143.5,136.0,147.0,130.8,140.7,140.3,140.8,143.2
TOPCOAT-0091,997,16:37,118.9,128.8,129.5,144.4,143.4,135.3,146.3,130.7,139.3,139.8,142.2,142.8
TOPCOAT-0091,998,16:38,118.1,129.2,130.8,143.8,143.8,135.1,147.3,132.2,140.0,140.2,141.5,143.4
TOPCOAT-0091,999,16:39,119.2,129.1,130.9,144.1,144.0,135.4,148.0,130.6,139.6,139.7,143.2,143.0
TOPCOAT-0091,1000,16:40,119.9,129.0,131.1,143.4,144.0,135.8,147.9,131.5,139.0,139.9,140.7,143.5
TOPCOAT-0091,1001,16:41,118.6,129.5,130.1,143.2,144.5,135.7,148.0,131.3,139.9,140.9,141.9,143.2
TOPCOAT-0091,1002,16:42,119.1,129.3,130.3,145.3,144.2,136.1,147.6,130.8,140.4,139.1,141.7,143.6
TOPCOAT-0091,1003,16:43,118.9,129.9,130.5,143.8,143.0,136.5,148.3,131.9,140.7,141.0,140.4,143.5
TOPCOAT-0091,1004,16:44,118.9,131.4,130.6,144.6,143.0,135.6,148.7,131.8,139.8,140.8,142.0,143.8
TOPCOAT-0091,1005,16:45,118.5,129.1,130.0,143.8,144.1,135.5,148.0,130.9,139.5,140.7,142.1,143.8
TOPCOAT-0091,1006,16:46,119.4,129.9,130.7,144.8,144.4,136.4,147.8,130.9,139.8,141.7,142.2,143.5
TOPCOAT-0091,1007,16:47,119.6,129.7,130.6,143.8,143.6,135.7,148.7,131.2,140.5,141.6,141.7,143.7
TOPCOAT-0091,1008,16:48,119.2,129.8,131.4,144.8,144.7,135.3,148.3,131.4,140.2,141.1,141.9,143.8
TOPCOAT-0091,1009,16:49,119.2,128.9,131.3,143.4,143.7,135.6,147.9,132.6,140.8,140.6,142.1,143.8
TOPCOAT-0091,1010,16:50,119.4,129.5,130.4,144.2,144.4,136.2,148.0,130.8,140.1,140.6,143.2,144.8
TOPCOAT-0091,1011,16:51,119.0,130.0,131.1,144.6,143.0,136.1,148.6,132.0,141.1,140.3,143.1,142.9
TOPCOAT-0091,1012,16:52,119.6,129.6,131.8,144.2,143.4,135.9,148.3,131.8,140.1,141.9,141.9,143.8
TOPCOAT-0091,1013,16:53,119.7,130.5,131.1,144.0,145.4,135.6,148.5,132.2,139.9,141.3,142.2,143.6
TOPCOAT-0091,1014,16:54,119.0,129.8,131.4,143.9,143.6,136.1,147.2,131.7,140.5,140.4,142.6,143.4
TOPCOAT-0091,1015,16:55,118.3,130.3,131.2,144.5,143.8,136.3,148.1,131.7,139.8,140.8,142.8,144.2
TOPCOAT-0091,1016,16:56,119.1,129.7,131.2,143.8,144.7,137.1,148.5,131.7,140.5,140.5,141.5,144.2
TOPCOAT-0091,1017,16:57,119.5,129.5,131.0,143.8,144.1,136.7,148.0,132.2,139.9,140.9,142.5,143.8
TOPCOAT-0091,1018,16:58,120.2,130.0,131.1,143.7,145.0,136.3,148.5,132.1,140.8,140.9,142.2,144.2
TOPCOAT-0091,1019,16:59,119.8,130.5,130.8,144.2,144.6,137.4,148.6,132.6,140.2,142.0,142.5,144.0
TOPCOAT-0091,1020,17:00,120.8,130.1,131.1,144.1,145.0,136.9,149.0,131.6,141.1,141.9,142.6,143.1
TOPCOAT-0091,1021,17:01,119.2,129.9,131.3,144.9,144.9,135.5,148.5,132.7,140.9,140.5,142.5,144.2
TOPCOAT-0091,1022,17:02,119.5,130.2,132.0,144.8,144.9,137.2,149.0,133.6,141.0,141.9,142.5,143.4
TOPCOAT-0091,1023,17:03,119.9,130.8,132.2,145.5,144.7,136.7,149.2,132.9,140.9,141.9,142.5,143.8
TOPCOAT-0091,1024,17:04,120.4,130.2,131.8,145.4,145.1,137.3,149.0,132.3,141.4,140.9,143.4,143.7
TOPCOAT-0091,1025,17:05,119.4,130.0,131.8,144.8,144.6,136.7,148.4,132.4,140.9,141.7,143.8,144.1
TOPCOAT-0091,1026,17:06,119.9,129.9,131.8,145.0,144.1,137.8,149.1,132.2,140.7,141.2,143.1,144.4
TOPCOAT-0091,1027,17:07,121.1,131.2,131.7,145.1,145.0,137.2,149.3,131.8,140.7,142.8,142.5,144.6
TOPCOAT-0091,1028,17:08,119.6,131.0,131.0,146.0,145.3,137.9,149.1,132.5,141.0,141.9,143.2,144.2
TOPCOAT-0091,1029,17:09,119.2,131.5,131.9,145.1,145.3,137.6,149.4,133.1,140.0,142.4,143.9,144.7
TOPCOAT-0091,1030,17:10,119.9,130.9,132.1,145.4,145.9,136.9,149.0,132.7,141.2,141.7,143.6,144.8
TOPCOAT-0091,1031,17:11,120.0,131.3,131.6,145.5,146.1,136.4,149.6,132.6,141.3,141.8,143.3,144.9
TOPCOAT-0091,1032,17:12,120.3,130.7,131.7,145.2,144.6,137.4,149.8,133.3,142.2,141.3,144.0,144.3
TOPCOAT-0091,1033,17:13,121.3,131.5,132.1,145.1,146.0,136.9,149.5,133.2,140.7,142.1,142.8,144.6
TOPCOAT-0091,1034,17:14,119.6,131.3,132.6,145.6,145.5,137.2,149.1,133.9,141.7,142.2,143.9,145.6
TOPCOAT-0091,1035,17:15,120.6,132.5,131.6,145.3,145.2,137.0,148.9,132.7,142.1,142.5,143.2,144.7
TOPCOAT-0091,1036,17:16,120.7,131.6,132.1,145.7,144.7,137.5,149.6,132.2,142.5,142.0,143.8,145.7
TOPCOAT-0091,1037,17:17,120.2,130.6,132.8,144.4,146.1,138.2,149.6,132.7,140.3,142.5,142.7,144.6
TOPCOAT-0091,1038,17:18,121.2,130.7,131.9,145.3,145.3,137.0,150.0,134.3,141.2,142.5,144.1,145.5
TOPCOAT-0091,1039,17:19,120.6,131.4,131.8,144.8,145.6,138.5,150.0,133.4,141.0,140.8,144.3,145.7
TOPCOAT-0091,1040,17:20,120.4,131.4,131.9,145.4,146.1,137.4,149.7,133.3,140.7,142.4,144.2,145.5
TOPCOAT-0091,1041,17:21,121.2,131.2,132.3,146.1,145.8,137.6,149.3,133.5,142.2,142.2,143.4,145.5
TOPCOAT-0091,1042,17:22,121.5,131.1,132.3,145.3,145.7,138.2,148.3,133.8,141.8,142.2,143.2,145.6
TOPCOAT-0091,1043,17:23,119.8,130.8,132.6,144.9,145.4,137.0,150.0,133.5,142.7,141.5,143.4,145.7
TOPCOAT-0091,1044,17:24,120.3,132.4,131.9,144.9,146.3,138.1,149.4,133.2,142.0,143.0,144.3,146.3
TOPCOAT-0091,1045,17:25,120.6,132.1,131.9,146.4,146.5,137.8,150.1,133.8,142.6,143.7,143.4,145.8
TOPCOAT-0091,1046,17:26,120.5,132.1,132.4,146.5,146.2,138.6,149.3,132.5,142.0,142.6,143.0,145.5
TOPCOAT-0091,1047,17:27,120.9,130.9,132.9,145.5,145.5,138.7,149.9,132.8,141.6,142.5,143.7,145.7
TOPCOAT-0091,1048,17:28,120.7,131.5,132.7,145.1,146.3,138.2,149.9,133.7,142.7,143.4,144.6,145.3
TOPCOAT-0091,1049,17:29,120.9,130.5,132.6,145.4,145.9,137.7,150.4,133.0,141.7,141.9,143.5,146.3
TOPCOAT-0091,1050,17:30,121.6,132.0,132.6,145.8,146.3,138.6,150.5,133.8,142.0,142.8,144.9,145.4
TOPCOAT-0091,1051,17:31,120.5,132.5,132.6,146.7,146.2,137.9,150.0,133.9,141.6,142.9,143.9,146.1
TOPCOAT-0091,1052,17:32,121.2,131.8,133.3,145.5,146.1,138.2,150.1,133.2,141.7,143.0,143.9,145.8
TOPCOAT-0091,1053,17:33,121.3,131.5,132.7,146.4,146.8,138.3,150.4,132.5,142.9,143.4,143.6,145.7
TOPCOAT-0091,1054,17:34,121.0,131.6,132.6,147.4,146.8,137.7,150.6,134.1,142.1,143.1,143.6,145.3
TOPCOAT-0091,1055,17:35,121.6,131.9,133.0,146.9,146.3,138.0,149.9,133.6,143.0,143.2,144.7,145.4
TOPCOAT-0091,1056,17:36,120.5,131.4,132.6,147.7,146.9,138.0,150.1,134.1,142.7,143.4,144.2,145.6
TOPCOAT-0091,1057,17:37,120.3,132.2,133.4,146.5,146.8,139.0,150.5,133.9,142.4,142.8,144.9,146.6
TOPCOAT-0091,1058,17:38,122.4,132.0,131.9,146.2,146.6,139.1,150.6,134.0,142.6,143.2,144.6,146.7
TOPCOAT-0091,1059,17:39,120.9,131.3,133.2,147.2,147.0,139.6,150.8,135.3,142.7,143.8,144.3,145.5
TOPCOAT-0091,1060,17:40,121.7,132.2,133.6,146.9,146.3,138.8,150.7,134.6,142.8,142.6,144.6,146.2
TOPCOAT-0091,1061,17:41,121.4,131.6,133.0,147.1,146.6,139.1,149.7,133.9,142.6,143.8,144.5,146.0
TOPCOAT-0091,1062,17:42,121.8,131.3,133.0,147.0,146.1,139.2,150.6,133.6,142.1,143.1,144.5,146.2
TOPCOAT-0091,1063,17:43,121.1,132.9,133.9,146.3,147.1,139.0,150.8,134.0,143.0,143.3,144.7,147.0
TOPCOAT-0091,1064,17:44,121.5,133.0,133.6,146.7,147.6,138.8,150.7,134.6,142.8,143.4,144.6,145.9
TOPCOAT-0091,1065,17:45,120.7,133.1,134.1,147.0,146.8,138.8,150.5,134.2,142.5,143.3,144.9,146.1
TOPCOAT-0091,1066,17:46,121.6,132.2,132.5,146.0,148.0,137.9,150.7,134.2,142.8,144.0,144.6,146.3
TOPCOAT-0091,1067,17:47,122.3,132.2,132.1,148.1,147.0,138.8,151.2,134.6,142.3,142.8,144.3,146.8
TOPCOAT-0091,1068,17:48,122.8,132.9,133.4,146.8,146.1,138.7,150.7,133.4,142.8,142.8,144.9,146.3
TOPCOAT-0091,1069,17:49,121.5,131.9,133.4,146.1,146.7,139.1,151.0,134.8,143.2,143.7,144.7,145.5
TOPCOAT-0091,1070,17:50,121.7,132.8,133.0,146.9,146.0,139.3,151.2,134.6,143.9,145.5,144.4,146.5
TOPCOAT-0091,1071,17:51,121.4,133.6,133.5,147.1,148.5,139.1,151.4,134.4,142.6,144.5,144.3,146.6
TOPCOAT-0091,1072,17:52,122.8,133.3,133.5,146.9,146.4,139.5,151.0,134.3,142.9,143.7,144.7,146.1
TOPCOAT-0091,1073,17:53,121.8,132.4,134.6,147.3,147.0,139.7,151.2,134.5,142.7,141.8,144.7,147.4
TOPCOAT-0091,1074,17:54,121.7,132.5,133.4,146.9,147.3,139.4,151.5,134.8,143.5,142.8,145.7,147.6
TOPCOAT-0091,1075,17:55,122.2,132.7,134.1,147.1,146.7,139.2,150.4,135.1,142.3,144.0,145.0,146.0
TOPCOAT-0091,1076,17:56,122.3,133.0,134.6,147.5,148.0,139.4,151.4,135.2,142.7,144.6,145.5,146.7
TOPCOAT-0091,1077,17:57,122.0,133.5,133.1,148.5,146.8,139.6,151.3,134.1,143.2,143.5,145.6,147.1
TOPCOAT-0091,1078,17:58,122.3,132.2,133.7,145.4,147.7,139.9,151.4,135.6,142.6,143.8,145.2,146.5
TOPCOAT-0091,1079,17:59,123.2,133.3,132.9,146.0,147.6,138.9,151.7,134.8,143.2,142.9,144.2,147.4
TOPCOAT-0091,1080,18:00,122.9,131.3,133.5,147.0,147.5,139.5,151.7,135.9,143.9,143.8,146.2,146.4
TOPCOAT-0091,1081,18:01,121.6,133.3,134.8,148.1,147.7,140.4,151.9,135.3,145.2,143.8,145.3,146.6
TOPCOAT-0091,1082,18:02,122.3,133.0,133.3,147.8,147.9,139.6,151.9,135.0,144.5,143.4,145.8,147.7
TOPCOAT-0091,1083,18:03,121.7,134.2,134.9,147.0,146.4,139.6,152.0,134.8,144.3,144.5,145.8,147.3
TOPCOAT-0091,1084,18:04,122.9,133.0,133.4,146.2,148.4,140.2,151.8,135.5,144.4,144.9,146.4,147.3
TOPCOAT-0091,1085,18:05,123.1,132.1,133.7,147.2,148.0,138.8,152.2,135.5,142.4,143.1,146.0,146.8
TOPCOAT-0091,1086,18:06,122.8,134.1,134.0,147.1,148.0,139.8,152.0,135.4,142.6,142.5,145.4,147.2
TOPCOAT-0091,1087,18:07,122.8,134.1,134.2,146.7,148.6,139.9,152.2,136.0,143.5,143.0,144.6,148.2
TOPCOAT-0091,1088,18:08,123.1,132.6,134.7,144.9,148.0,140.5,152.3,135.1,142.1,141.7,145.9,147.5
TOPCOAT-0091,1089,18:09,122.5,133.0,133.8,144.6,148.0,139.9,151.8,135.3,143.7,144.5,145.5,148.0
TOPCOAT-0091,1090,18:10,122.7,133.5,133.9,146.3,147.5,140.8,151.8,136.3,144.3,145.8,143.7,147.4
TOPCOAT-0091,1091,18:11,122.7,134.3,133.0,149.0,147.1,140.5,151.2,135.6,143.1,144.1,146.3,147.6
TOPCOAT-0091,1092,18:12,123.2,133.3,134.9,147.4,148.2,138.7,151.7,136.0,142.9,143.6,146.8,147.0
TOPCOAT-0091,1093,18:13,122.3,134.2,134.3,147.7,149.0,140.4,152.6,135.9,144.6,144.1,145.8,147.6
TOPCOAT-0091,1094,18:14,123.1,132.0,133.5,147.0,148.1,140.5,152.4,135.5,143.5,143.2,144.8,148.2
TOPCOAT-0091,1095,18:15,122.2,132.0,133.0,147.0,148.0,139.8,152.2,135.5,143.2,144.7,146.9,148.1
TOPCOAT-0091,1096,18:16,122.9,132.6,134.2,147.3,148.5,141.1,152.9,135.4,144.0,144.2,145.2,148.8
TOPCOAT-0091,1097,18:17,123.9,134.2,131.4,147.4,148.1,140.3,153.5,136.6,143.1,144.6,145.8,147.8
TOPCOAT-0091,1098,18:18,122.0,132.0,133.4,145.6,148.7,140.8,152.0,135.2,142.6,144.1,145.7,148.8
TOPCOAT-0091,1099,18:19,123.2,134.1,135.2,148.6,148.4,141.2,152.2,135.8,144.5,142.7,144.1,146.9
TOPCOAT-0091,1100,18:20,122.1,133.0,133.5,147.0,148.0,140.6,152.8,136.4,142.9,142.8,146.7,149.0
TOPCOAT-0091,1101,18:21,123.8,133.4,133.1,146.8,148.6,140.5,152.2,135.6,143.7,143.6,145.4,147.4
TOPCOAT-0091,1102,18:22,122.7,132.0,131.7,148.3,147.7,141.0,153.3,136.7,142.7,145.6,147.0,149.6
TOPCOAT-0091,1103,18:23,123.6,133.8,135.4,145.8,148.8,140.5,153.4,135.9,142.8,143.3,145.6,148.3
TOPCOAT-0091,1104,18:24,123.3,132.4,133.1,146.9,149.1,140.5,153.0,135.8,143.1,144.1,146.9,146.0
TOPCOAT-0091,1105,18:25,122.9,130.8,133.9,146.5,147.9,140.9,152.6,137.2,143.1,145.0,145.9,147.6
TOPCOAT-0091,1106,18:26,123.5,133.1,134.5,147.3,148.8,140.2,153.0,134.4,141.7,144.4,144.9,147.9
TOPCOAT-0091,1107,18:27,122.8,133.2,133.2,147.2,148.5,140.9,152.6,136.3,143.2,144.2,145.3,146.8
TOPCOAT-0091,1108,18:28,122.1,133.5,132.9,146.8,149.1,141.6,152.5,136.2,143.3,143.9,145.2,145.9
TOPCOAT-0091,1109,18:29,124.2,132.9,133.4,149.0,148.5,140.5,152.8,136.0,144.3,144.1,145.8,148.9
TOPCOAT-0091,1110,18:30,123.6,133.2,133.6,147.3,150.2,140.3,154.3,135.1,143.1,144.4,144.6,148.1
TOPCOAT-0091,1111,18:31,123.5,133.6,133.3,148.1,149.5,140.5,154.2,137.4,144.2,143.0,146.3,146.6
TOPCOAT-0091,1112,18:32,123.1,133.6,133.7,148.7,148.4,141.4,152.4,136.8,144.0,142.5,145.3,149.2
TOPCOAT-0091,1113,18:33,123.4,132.5,134.8,147.9,147.1,140.4,153.5,136.7,142.7,144.7,144.1,146.4
TOPCOAT-0091,1114,18:34,123.6,132.6,132.8,146.5,150.4,142.0,154.0,137.0,142.3,143.6,144.7,148.3
TOPCOAT-0091,1115,18:35,122.1,132.2,133.0,147.4,148.2,141.1,154.6,137.5,144.0,144.1,144.2,149.1
TOPCOAT-0091,1116,18:36,125.0,132.9,132.8,145.3,149.9,141.3,153.5,136.0,142.6,144.1,146.4,147.8
TOPCOAT-0091,1117,18:37,125.1,133.3,134.9,147.8,147.9,141.4,153.5,137.5,143.0,143.5,145.7,148.0
TOPCOAT-0091,1118,18:38,122.7,132.8,134.0,149.1,150.0,141.8,152.4,134.7,143.7,143.7,146.4,147.3
TOPCOAT-0091,1119,18:39,123.1,132.9,133.4,147.3,146.4,140.0,154.5,135.8,142.7,143.0,146.7,148.2
TOPCOAT-0091,1120,18:40,123.1,133.7,133.3,147.6,148.6,142.0,153.1,135.9,143.0,143.5,145.8,148.0
TOPCOAT-0091,1121,18:41,122.5,134.6,133.6,147.9,148.4,141.0,153.2,136.2,143.8,142.3,145.7,149.0
TOPCOAT-0091,1122,18:42,124.0,133.2,134.2,146.6,148.9,141.1,152.5,136.6,143.4,143.5,145.6,148.2
TOPCOAT-0091,1123,18:43,123.4,133.6,133.4,147.4,148.8,141.9,152.1,134.8,144.6,143.2,146.6,147.6
TOPCOAT-0091,1124,18:44,123.2,131.1,133.5,147.6,148.2,142.2,153.0,137.4,142.5,143.8,147.1,148.6
TOPCOAT-0091,1125,18:45,121.9,131.9,132.6,147.3,147.5,142.0,152.1,136.7,144.7,143.8,146.3,147.7
TOPCOAT-0091,1126,18:46,123.6,132.5,132.1,146.7,148.7,140.2,153.5,137.7,142.8,144.2,145.1,147.9
TOPCOAT-0091,1127,18:47,123.8,134.0,134.3,146.2,147.9,141.7,153.8,136.8,143.7,144.2,145.4,147.8
TOPCOAT-0091,1128,18:48,124.5,133.2,133.0,147.3,149.4,140.7,152.9,136.2,142.8,143.2,145.5,148.0
TOPCOAT-0091,1129,18:49,123.3,133.9,134.5,148.0,148.0,142.0,152.8,136.7,142.6,143.8,145.8,148.1
TOPCOAT-0091,1130,18:50,122.6,132.4,135.3,146.1,151.0,142.0,152.1,135.8,142.7,144.4,146.0,148.0
TOPCOAT-0091,1131,18:51,122.8,133.7,133.0,147.8,147.6,141.9,153.6,137.1,142.1,142.6,145.3,148.2
TOPCOAT-0091,1132,18:52,123.7,132.6,134.5,146.8,149.4,140.8,152.8,135.6,145.0,144.3,144.3,147.4
TOPCOAT-0091,1133,18:53,123.7,132.9,133.4,147.4,149.2,142.2,152.3,136.4,141.4,142.1,146.5,147.8
TOPCOAT-0091,1134,18:54,124.3,133.4,133.7,147.6,149.1,141.5,153.4,135.6,141.7,143.2,146.8,148.6
TOPCOAT-0091,1135,18:55,122.4,132.8,133.8,146.8,152.1,139.9,152.0,135.9,143.4,144.7,145.4,148.0
TOPCOAT-0091,1136,18:56,124.2,132.7,133.4,146.5,150.0,141.4,152.6,135.9,144.6,143.8,147.1,147.3
TOPCOAT-0091,1137,18:57,122.6,134.8,133.7,148.2,148.5,141.2,153.3,134.9,142.2,143.4,145.6,147.4
TOPCOAT-0091,1138,18:58,122.8,133.0,135.3,148.1,149.3,140.5,155.1,136.7,143.8,143.4,145.4,147.4
TOPCOAT-0091,1139,18:59,124.7,134.0,132.8,146.9,149.6,142.5,153.8,136.6,145.8,144.0,146.5,149.6
TOPCOAT-0091,1140,19:00,121.6,132.3,134.4,146.3,148.4,140.8,153.8,137.0,143.8,143.9,144.9,147.0
TOPCOAT-0091,1141,19:01,122.1,133.8,132.9,146.5,148.9,141.0,153.6,136.5,145.0,143.4,145.8,148.1
TOPCOAT-0091,1142,19:02,124.0,133.0,133.4,146.8,147.6,141.4,153.2,137.1,141.0,141.7,145.0,149.0
TOPCOAT-0091,1143,19:03,123.5,133.4,133.1,146.3,147.9,142.3,153.1,137.7,144.9,144.9,145.3,148.0
TOPCOAT-0091,1144,19:04,123.4,132.7,135.7,147.1,148.7,141.6,153.4,136.0,145.6,144.4,145.5,148.8
TOPCOAT-0091,1145,19:05,123.4,132.0,133.6,148.2,147.8,141.4,151.9,134.6,145.4,143.0,147.9,147.0
TOPCOAT-0091,1146,19:06,122.7,133.6,134.3,147.1,150.6,140.4,152.2,135.5,142.5,144.3,144.9,147.9
TOPCOAT-0091,1147,19:07,122.7,133.7,134.4,147.7,147.3,140.2,152.4,136.4,142.7,144.2,147.0,148.5
TOPCOAT-0091,1148,19:08,123.7,132.9,133.6,147.3,149.8,140.4,152.9,136.8,143.4,143.6,145.7,148.4
TOPCOAT-0091,1149,19:09,123.2,134.2,134.1,146.2,148.3,141.3,153.5,134.5,142.9,145.0,146.0,146.5
TOPCOAT-0091,1150,19:10,124.7,132.1,134.6,147.2,148.4,141.6,153.2,138.3,141.8,142.7,146.5,145.0
TOPCOAT-0091,1151,19:11,123.0,132.2,133.9,146.0,147.9,141.5,153.3,138.0,144.1,144.5,144.5,147.9
TOPCOAT-0091,1152,19:12,122.9,133.7,132.3,145.4,148.9,142.9,151.7,136.8,142.1,143.5,145.8,147.4
TOPCOAT-0091,1153,19:13,122.9,132.1,134.5,146.5,148.1,141.4,154.0,135.9,144.5,145.1,145.7,148.6
TOPCOAT-0091,1154,19:14,125.3,132.9,135.1,146.0,148.6,140.3,153.4,137.1,143.6,144.8,146.3,148.2
TOPCOAT-0091,1155,19:15,122.4,132.5,133.7,145.9,149.7,140.0,153.4,137.0,142.4,142.6,144.8,148.1
TOPCOAT-0091,1156,19:16,121.9,133.2,133.5,147.2,147.8,141.4,152.1,137.2,143.7,144.5,145.3,148.8
TOPCOAT-0091,1157,19:17,123.2,133.3,134.6,147.0,149.2,141.1,152.8,135.6,143.1,143.5,145.3,148.8
TOPCOAT-0091,1158,19:18,123.0,132.8,134.2,149.1,149.8,141.9,152.6,137.0,143.4,142.6,144.9,149.0
TOPCOAT-0091,1159,19:19,122.8,132.9,132.9,147.8,149.6,140.9,151.2,135.4,144.2,144.3,145.0,147.4
TOPCOAT-0091,1160,19:20,123.1,132.9,133.0,147.9,148.4,140.8,152.8,135.6,144.9,144.7,145.0,146.8
TOPCOAT-0091,1161,19:21,123.8,132.8,133.4,148.0,147.9,141.2,154.4,135.9,144.0,144.0,144.9,146.9
TOPCOAT-0091,1162,19:22,124.9,131.9,134.0,147.2,148.2,140.9,154.2,137.4,143.6,143.4,147.3,148.3
TOPCOAT-0091,1163,19:23,123.1,132.3,136.1,147.2,148.8,141.7,153.2,135.7,143.1,143.0,144.7,148.3
TOPCOAT-0091,1164,19:24,123.5,134.4,134.1,146.5,150.8,140.3,153.4,136.9,144.4,144.2,145.2,147.9
TOPCOAT-0091,1165,19:25,121.9,133.0,133.5,147.2,149.6,140.2,152.8,136.5,143.3,143.8,145.2,148.7
TOPCOAT-0091,1166,19:26,123.0,133.3,134.7,148.1,150.0,142.3,152.6,136.3,143.0,144.9,145.8,148.5
TOPCOAT-0091,1167,19:27,123.8,132.4,134.4,146.5,146.9,142.3,153.1,136.2,142.5,143.6,145.0,146.9
TOPCOAT-0091,1168,19:28,123.0,134.2,134.0,147.7,147.7,139.1,153.3,135.2,144.8,142.6,146.8,147.9
TOPCOAT-0091,1169,19:29,121.9,131.6,132.7,147.7,149.4,141.1,152.8,135.8,144.7,143.9,146.9,147.8
TOPCOAT-0091,1170,19:30,123.6,131.9,133.6,147.9,149.4,140.0,153.4,136.4,142.8,142.0,144.9,147.9
TOPCOAT-0091,1171,19:31,123.2,133.0,132.8,148.8,149.3,142.4,152.8,135.7,142.4,143.7,145.1,147.4
TOPCOAT-0091,1172,19:32,123.2,134.4,134.3,148.1,148.9,142.4,154.5,136.1,142.9,142.9,145.9,147.4
TOPCOAT-0091,1173,19:33,123.9,133.3,134.1,147.5,149.5,140.7,152.2,135.9,142.4,143.5,145.6,148.2
TOPCOAT-0091,1174,19:34,123.4,134.5,133.1,147.1,149.9,141.7,152.9,136.5,143.9,143.6,145.5,147.5
TOPCOAT-0091,1175,19:35,122.5,133.4,133.2,145.9,149.1,141.0,152.3,137.4,143.4,143.1,146.8,148.2
TOPCOAT-0091,1176,19:36,122.7,133.5,134.2,146.4,151.1,140.3,152.9,136.1,143.5,144.0,146.9,146.6
TOPCOAT-0091,1177,19:37,122.1,133.5,135.2,146.5,149.4,142.1,153.4,136.1,141.8,144.4,146.2,146.8
TOPCOAT-0091,1178,19:38,123.5,132.2,133.0,146.3,147.9,141.2,153.2,136.8,142.8,142.9,145.7,148.1
TOPCOAT-0091,1179,19:39,123.1,132.2,132.7,148.0,147.9,141.6,153.1,135.0,143.9,143.8,145.6,147.6
TOPCOAT-0091,1180,19:40,123.4,134.3,134.4,148.0,148.2,140.6,153.0,136.3,142.7,143.6,145.2,147.4
TOPCOAT-0091,1181,19:41,122.4,134.0,133.5,146.6,148.9,140.5,152.5,136.8,141.6,144.1,146.0,148.6
TOPCOAT-0091,1182,19:42,122.9,132.1,131.8,146.7,147.7,141.7,153.9,136.8,142.5,143.6,145.5,146.3
TOPCOAT-0091,1183,19:43,122.9,132.5,133.0,148.2,148.0,140.8,152.2,136.1,143.9,144.3,145.8,147.9
TOPCOAT-0091,1184,19:44,123.5,133.6,134.4,145.2,148.9,140.3,154.5,138.0,143.2,143.9,147.8,148.2
TOPCOAT-0091,1185,19:45,123.2,133.0,132.5,147.2,150.0,140.4,151.8,135.9,142.7,144.1,145.1,147.6
TOPCOAT-0091,1186,19:46,122.2,133.7,133.3,147.4,147.8,141.6,154.2,137.5,143.3,142.7,145.4,149.2
TOPCOAT-0091,1187,19:47,121.8,134.3,132.8,145.8,149.2,141.0,153.0,136.6,143.3,143.5,147.2,147.4
TOPCOAT-0091,1188,19:48,123.9,132.5,134.0,146.2,148.7,142.0,153.8,135.6,143.4,145.1,146.5,147.8
TOPCOAT-0091,1189,19:49,122.7,133.9,134.8,148.0,148.2,140.5,153.5,136.0,142.9,144.2,146.8,147.0
TOPCOAT-0091,1190,19:50,123.0,133.6,134.1,148.2,150.3,140.9,153.1,134.7,142.7,143.3,145.7,146.7
TOPCOAT-0091,1191,19:51,123.7,132.1,133.7,147.0,149.2,142.4,153.6,136.1,142.5,144.1,146.1,148.0
TOPCOAT-0091,1192,19:52,123.0,131.6,134.1,148.1,147.9,142.8,153.4,137.7,143.3,143.0,144.8,148.8
TOPCOAT-0091,1193,19:53,123.5,132.0,133.9,148.1,148.5,139.5,153.8,137.0,143.6,144.3,145.6,147.9
TOPCOAT-0091,1194,19:54,125.4,133.1,133.0,148.2,149.5,142.2,151.8,138.5,143.2,143.4,145.9,149.1
TOPCOAT-0091,1195,19:55,123.8,134.5,132.3,146.8,148.3,140.9,152.9,137.8,144.6,143.0,146.1,147.5
TOPCOAT-0091,1196,19:56,122.1,133.3,133.4,147.6,148.5,141.1,152.9,136.7,143.0,143.9,145.7,148.1
TOPCOAT-0091,1197,19:57,121.8,132.6,133.0,145.8,149.3,140.8,153.0,136.7,143.0,144.4,147.8,147.4
TOPCOAT-0091,1198,19:58,123.5,133.0,133.2,148.5,149.4,140.8,153.2,134.8,142.7,143.6,145.2,150.0
TOPCOAT-0091,1199,19:59,124.1,132.7,132.8,146.1,149.3,142.1,152.6,136.6,143.0,143.4,145.7,147.6
TOPCOAT-0091,1200,20:00,121.5,133.6,133.4,148.5,150.1,141.0,154.4,137.1,142.9,142.5,146.1,148.5
TOPCOAT-0091,1201,20:01,123.4,132.9,133.1,147.1,148.9,139.6,154.9,136.0,143.8,142.2,145.8,147.6
TOPCOAT-0091,1202,20:02,122.4,133.6,133.1,148.2,148.9,140.2,152.9,137.6,144.3,144.6,146.2,149.3
TOPCOAT-0091,1203,20:03,123.8,132.8,131.7,146.6,148.7,141.4,152.2,137.2,143.6,144.6,146.7,147.1
TOPCOAT-0091,1204,20:04,124.4,133.8,132.3,148.1,148.6,142.0,152.9,136.7,144.4,142.9,145.7,147.3
TOPCOAT-0091,1205,20:05,122.8,132.6,133.9,148.1,148.3,141.0,152.0,135.6,143.4,143.7,146.6,147.3
TOPCOAT-0091,1206,20:06,123.0,134.3,132.6,147.4,149.2,141.3,153.7,137.5,143.4,144.1,145.8,148.5
TOPCOAT-0091,1207,20:07,123.3,133.8,133.3,147.2,147.4,140.8,153.3,134.0,142.8,143.8,144.1,148.1
TOPCOAT-0091,1208,20:08,124.1,133.2,134.5,148.3,149.3,139.5,151.7,136.9,142.9,144.4,146.4,147.5
TOPCOAT-0091,1209,20:09,122.8,133.6,133.8,147.3,147.7,140.8,153.2,138.2,143.9,143.0,146.4,147.1
TOPCOAT-0091,1210,20:10,123.4,133.7,135.0,147.4,148.3,140.1,153.4,137.3,143.6,142.9,145.2,149.0
TOPCOAT-0091,1211,20:11,124.1,131.9,133.4,146.1,149.3,140.7,152.8,137.1,143.1,143.0,147.4,146.2
TOPCOAT-0091,1212,20:12,123.7,134.4,133.5,146.5,148.0,141.8,154.4,134.3,143.4,143.2,143.8,148.4
TOPCOAT-0091,1213,20:13,123.7,134.0,134.5,148.6,149.4,141.7,154.1,134.8,143.7,145.4,146.1,149.7
TOPCOAT-0091,1214,20:14,124.8,134.8,134.0,146.3,149.2,141.2,153.5,136.7,142.8,143.8,145.2,147.8
TOPCOAT-0091,1215,20:15,122.5,132.5,134.9,148.0,147.7,140.6,154.2,135.5,144.7,144.0,145.7,148.4
TOPCOAT-0091,1216,20:16,123.7,132.9,132.4,147.2,148.7,141.0,155.1,137.5,142.8,144.8,146.4,148.7
TOPCOAT-0091,1217,20:17,123.3,133.1,131.9,148.6,148.7,141.9,152.6,137.7,142.2,143.7,146.6,149.0
TOPCOAT-0091,1218,20:18,121.3,133.5,134.1,146.2,148.0,141.4,153.0,136.8,142.2,143.2,146.4,148.6
TOPCOAT-0091,1219,20:19,124.0,132.8,133.9,147.7,147.6,141.1,155.3,137.6,142.6,144.0,145.9,147.8
TOPCOAT-0091,1220,20:20,123.5,132.4,134.1,147.8,149.3,141.4,152.4,136.3,144.3,145.1,146.5,148.2
TOPCOAT-0091,1221,20:21,123.9,134.3,133.9,148.1,148.8,141.0,151.7,137.8,142.5,142.1,144.6,146.7
TOPCOAT-0091,1222,20:22,122.5,134.4,132.9,146.3,149.0,142.1,152.8,137.5,143.5,143.1,145.5,147.9
TOPCOAT-0091,1223,20:23,122.3,132.7,133.8,147.8,148.2,141.5,154.3,135.9,142.2,142.6,144.0,148.5
TOPCOAT-0091,1224,20:24,122.4,133.6,133.8,148.5,149.4,141.6,152.5,137.6,142.1,142.5,144.5,147.2
TOPCOAT-0091,1225,20:25,122.8,133.9,133.9,146.4,147.5,141.1,152.8,136.1,143.7,142.9,145.0,148.7
TOPCOAT-0091,1226,20:26,123.3,132.7,135.1,146.6,148.1,140.6,152.2,135.4,141.9,143.9,145.9,149.3
TOPCOAT-0091,1227,20:27,122.6,132.2,133.6,146.8,147.2,141.6,151.9,135.5,143.7,143.0,144.9,147.5
TOPCOAT-0091,1228,20:28,122.2,132.8,133.9,148.6,149.8,141.3,152.3,136.5,144.0,142.1,145.7,148.5
TOPCOAT-0091,1229,20:29,122.3,132.2,135.8,146.2,149.1,140.7,153.8,135.9,141.0,145.1,146.8,147.9
TOPCOAT-0091,1230,20:30,122.8,134.6,133.2,148.4,149.4,139.8,153.1,135.5,143.9,145.2,145.1,148.6
TOPCOAT-0091,1231,20:31,122.0,133.3,134.2,147.9,148.6,141.0,154.8,136.9,141.8,145.1,146.3,146.4
TOPCOAT-0091,1232,20:32,123.2,132.9,132.4,146.2,148.7,140.7,151.8,136.1,142.8,144.6,145.4,148.8
TOPCOAT-0091,1233,20:33,124.1,133.5,133.9,147.6,149.4,141.4,153.6,137.8,142.8,143.7,144.9,148.1
TOPCOAT-0091,1234,20:34,121.8,132.0,132.6,146.1,148.7,140.1,153.6,135.7,142.9,142.9,144.9,148.3
TOPCOAT-0091,1235,20:35,123.0,132.8,133.8,147.7,147.9,140.9,153.4,136.2,142.9,144.7,146.5,148.1
TOPCOAT-0091,1236,20:36,122.0,133.7,133.4,145.9,148.9,141.4,152.3,136.3,142.0,143.8,145.8,148.4
TOPCOAT-0091,1237,20:37,123.7,132.6,133.0,147.3,149.6,140.7,153.0,136.5,143.8,143.6,145.0,149.7
TOPCOAT-0091,1238,20:38,124.6,132.4,132.7,147.3,148.1,142.4,152.5,137.5,143.7,143.6,146.5,147.9
TOPCOAT-0091,1239,20:39,122.6,133.6,133.6,147.0,147.6,140.8,152.9,134.4,143.6,144.2,145.5,148.3
TOPCOAT-0091,1240,20:40,125.1,133.0,134.1,148.6,148.8,140.3,153.8,136.4,142.5,143.3,146.0,147.3
TOPCOAT-0091,1241,20:41,122.9,132.5,135.0,145.4,149.1,141.9,152.4,135.6,144.9,143.4,145.1,148.2
TOPCOAT-0091,1242,20:42,122.5,132.2,134.1,146.8,149.6,141.7,153.1,137.4,143.3,143.6,145.0,148.7
TOPCOAT-0091,1243,20:43,124.5,132.5,133.5,146.2,147.9,141.6,152.5,137.1,141.8,142.3,143.9,148.5
TOPCOAT-0091,1244,20:44,124.0,133.5,135.2,148.0,148.3,141.0,153.5,136.1,142.5,143.6,146.0,146.1
TOPCOAT-0091,1245,20:45,122.2,133.6,133.0,147.0,149.1,141.2,153.3,136.2,142.9,144.2,145.6,150.7
TOPCOAT-0091,1246,20:46,123.2,131.6,132.4,147.1,146.8,140.5,153.2,137.1,144.0,144.3,146.3,147.1
TOPCOAT-0091,1247,20:47,123.4,132.6,133.5,147.1,149.3,140.8,152.4,135.8,143.3,142.4,145.5,148.0
TOPCOAT-0091,1248,20:48,124.3,131.8,133.8,148.5,147.2,140.6,153.9,137.1,142.3,143.8,145.7,147.0
TOPCOAT-0091,1249,20:49,122.7,133.6,132.9,148.6,149.4,141.1,153.7,136.5,143.6,144.7,145.8,147.4
TOPCOAT-0091,1250,20:50,122.4,134.1,134.2,149.0,149.7,141.0,153.9,137.0,144.5,144.2,147.1,149.1
TOPCOAT-0091,1251,20:51,123.1,133.0,133.9,147.1,149.4,140.5,154.8,136.6,141.9,144.1,147.3,147.3
TOPCOAT-0091,1252,20:52,122.7,132.4,134.6,146.4,147.8,140.9,154.5,136.8,143.7,143.1,145.7,147.1
TOPCOAT-0091,1253,20:53,123.7,133.3,132.3,147.3,149.4,140.0,154.2,136.0,143.4,143.9,144.3,147.2
TOPCOAT-0091,1254,20:54,123.3,132.0,134.1,146.5,148.8,139.9,153.2,136.4,144.4,143.7,147.2,147.1
TOPCOAT-0091,1255,20:55,124.1,132.2,135.2,146.9,149.1,140.1,154.6,136.6,142.7,144.0,145.3,148.4
TOPCOAT-0091,1256,20:56,123.5,132.3,132.4,146.2,147.8,141.7,153.6,135.9,143.4,144.3,145.6,149.8
TOPCOAT-0091,1257,20:57,123.2,134.8,135.4,148.0,149.1,141.2,153.6,136.7,143.4,143.2,145.1,148.1
TOPCOAT-0091,1258,20:58,123.1,134.0,132.3,146.3,149.1,139.8,152.9,137.4,143.6,143.7,145.9,148.8
TOPCOAT-0091,1259,20:59,123.4,131.6,133.9,148.1,147.5,141.4,153.6,135.6,143.9,143.5,145.6,148.5
TOPCOAT-0091,1260,21:00,123.9,132.9,132.9,148.6,147.6,142.2,152.9,136.6,143.6,145.0,146.5,148.4
TOPCOAT-0091,1261,21:01,124.7,132.8,134.1,147.7,147.5,140.8,152.7,136.7,142.6,144.5,145.2,149.5
TOPCOAT-0091,1262,21:02,123.8,132.0,132.4,146.9,149.3,141.2,152.9,135.3,144.0,143.9,147.2,148.6
TOPCOAT-0091,1263,21:03,122.2,132.3,134.1,146.5,148.2,140.2,152.1,136.0,142.8,142.4,144.5,147.7
TOPCOAT-0091,1264,21:04,122.8,132.4,133.1,146.4,149.3,140.3,154.5,137.9,143.3,143.9,145.0,148.7
TOPCOAT-0091,1265,21:05,123.5,132.6,133.1,148.3,148.7,141.7,153.0,136.9,143.6,143.8,145.5,149.3
TOPCOAT-0091,1266,21:06,124.8,133.4,134.6,147.2,148.4,140.7,152.3,136.0,144.2,143.3,145.2,147.8
TOPCOAT-0091,1267,21:07,123.1,132.9,134.1,148.5,148.4,141.3,153.5,136.1,143.6,144.3,145.9,148.2
TOPCOAT-0091,1268,21:08,123.7,131.7,134.9,148.0,148.3,141.2,154.1,136.1,142.8,143.4,145.8,148.2
TOPCOAT-0091,1269,21:09,124.1,134.1,132.8,147.7,149.3,141.0,152.9,137.1,142.5,142.2,147.9,147.6
TOPCOAT-0091,1270,21:10,124.2,134.7,133.4,146.7,149.1,140.7,152.6,134.8,144.6,144.3,145.1,147.3
TOPCOAT-0091,1271,21:11,123.7,133.0,134.6,146.4,150.5,141.2,153.8,136.9,143.8,144.5,145.3,149.0
TOPCOAT-0091,1272,21:12,123.9,134.8,131.8,148.3,150.7,142.6,151.8,137.7,144.9,143.0,145.8,148.5
TOPCOAT-0091,1273,21:13,121.3,132.8,133.5,147.7,150.1,141.0,154.6,135.4,143.1,143.3,146.4,147.4
TOPCOAT-0091,1274,21:14,123.3,131.0,132.4,148.0,149.0,140.7,152.9,136.7,142.1,142.3,145.9,149.1
TOPCOAT-0091,1275,21:15,122.1,133.1,133.4,148.6,150.7,142.1,154.2,137.1,144.2,143.4,146.3,147.5
TOPCOAT-0091,1276,21:16,122.1,133.3,134.8,146.9,150.0,142.2,153.4,135.4,143.2,142.1,145.5,147.4
TOPCOAT-0091,1277,21:17,123.0,133.3,134.1,147.6,149.7,140.5,152.3,135.5,144.7,143.3,147.7,148.0
TOPCOAT-0091,1278,21:18,123.9,133.0,132.3,146.9,148.3,142.6,153.9,136.2,143.8,144.5,145.8,148.9
TOPCOAT-0091,1279,21:19,121.4,133.1,133.8,148.6,150.0,141.2,152.3,136.1,141.3,144.0,147.4,147.4
TOPCOAT-0091,1280,21:20,122.5,134.5,134.0,148.7,148.2,142.1,153.2,135.3,143.4,144.4,144.9,148.8
TOPCOAT-0091,1281,21:21,123.0,132.6,134.9,146.9,150.3,141.3,152.7,135.4,144.1,142.7,144.6,146.6
TOPCOAT-0091,1282,21:22,123.7,132.8,133.5,147.1,149.0,141.3,153.1,135.3,144.1,144.2,146.4,146.4
TOPCOAT-0091,1283,21:23,123.9,134.9,133.8,147.2,148.8,142.7,152.4,135.2,144.3,144.8,145.7,148.0
TOPCOAT-0091,1284,21:24,123.2,131.9,134.3,147.9,150.0,142.9,152.7,137.0,143.1,145.6,146.0,147.4
TOPCOAT-0091,1285,21:25,122.7,133.3,134.2,147.3,149.8,142.3,153.9,135.7,143.3,144.7,144.9,147.7
TOPCOAT-0091,1286,21:26,123.5,133.6,133.8,146.0,147.8,142.5,152.4,136.4,143.2,142.7,145.8,148.9
TOPCOAT-0091,1287,21:27,124.2,132.4,134.0,148.3,149.0,140.7,152.6,136.7,142.9,142.5,144.8,147.8
TOPCOAT-0091,1288,21:28,123.2,132.6,133.0,146.5,148.7,138.3,152.3,136.3,144.8,143.9,147.3,148.2
TOPCOAT-0091,1289,21:29,122.3,133.1,133.9,148.4,149.5,141.0,153.3,135.5,143.3,144.8,146.3,144.9
TOPCOAT-0091,1290,21:30,122.6,131.4,133.9,147.6,149.2,140.0,152.9,137.7,142.8,144.0,144.6,147.1
TOPCOAT-0091,1291,21:31,121.9,132.9,132.3,148.1,149.5,140.5,152.9,136.0,143.9,144.2,144.8,149.0
TOPCOAT-0091,1292,21:32,123.3,133.0,133.8,146.7,148.4,140.9,152.7,137.2,144.6,144.2,144.6,148.0
TOPCOAT-0091,1293,21:33,120.7,134.0,133.6,148.0,149.5,141.5,154.4,137.5,142.0,144.6,145.7,148.3
TOPCOAT-0091,1294,21:34,122.5,132.8,133.2,146.9,148.8,140.8,154.3,136.3,143.5,144.3,145.0,148.8
TOPCOAT-0091,1295,21:35,122.4,132.5,132.6,148.8,148.6,140.8,152.6,137.1,144.5,143.2,145.8,146.4
TOPCOAT-0091,1296,21:36,122.6,133.9,134.4,145.9,148.4,140.4,152.4,136.1,143.6,143.7,146.1,148.1
TOPCOAT-0091,1297,21:37,122.1,133.7,132.9,147.7,148.4,141.5,153.1,134.7,142.6,144.3,145.2,150.6
TOPCOAT-0091,1298,21:38,122.8,131.0,133.6,147.5,149.3,140.1,153.2,136.6,143.3,143.7,144.7,148.7
TOPCOAT-0091,1299,21:39,123.7,133.2,133.2,147.5,149.9,141.9,153.7,136.3,142.6,142.3,145.9,148.0
TOPCOAT-0091,1300,21:40,124.2,133.0,135.2,146.0,148.2,140.8,153.2,137.2,142.8,143.2,146.6,148.2
TOPCOAT-0091,1301,21:41,122.3,133.1,133.3,147.1,148.0,141.8,154.2,135.8,142.7,144.2,145.9,147.6
TOPCOAT-0091,1302,21:42,122.6,133.0,134.1,148.9,149.1,141.9,153.5,137.3,142.5,145.1,146.0,146.8
TOPCOAT-0091,1303,21:43,122.6,132.8,133.7,146.9,149.2,141.3,153.1,135.6,143.3,143.0,145.3,148.0
TOPCOAT-0091,1304,21:44,123.1,134.2,134.8,146.1,147.9,142.1,154.0,135.2,143.7,144.6,145.5,149.7
TOPCOAT-0091,1305,21:45,123.6,132.6,134.8,147.2,149.0,142.4,154.5,136.3,144.0,143.8,147.3,148.0
TOPCOAT-0091,1306,21:46,124.2,133.1,135.2,145.8,147.1,142.0,154.4,136.6,144.2,142.8,146.4,147.6
TOPCOAT-0091,1307,21:47,124.4,133.5,133.2,147.2,148.9,140.9,153.4,138.0,143.6,144.4,146.4,147.8
TOPCOAT-0091,1308,21:48,121.9,131.3,133.0,147.7,149.2,140.8,153.3,137.3,142.1,143.7,147.1,147.8
TOPCOAT-0091,1309,21:49,124.1,133.0,133.7,147.8,148.4,141.4,153.2,137.2,142.2,142.3,143.8,148.2
TOPCOAT-0091,1310,21:50,122.8,133.8,133.5,147.7,150.1,141.3,151.8,137.0,145.2,142.6,145.6,147.8
TOPCOAT-0091,1311,21:51,122.4,132.1,133.6,147.5,148.4,140.4,151.8,137.0,144.9,143.1,145.4,148.6
TOPCOAT-0091,1312,21:52,123.0,132.6,134.1,146.2,148.2,140.1,154.0,136.2,144.3,143.6,143.9,147.3
TOPCOAT-0091,1313,21:53,122.3,132.1,133.2,147.4,148.7,142.6,153.5,137.3,143.8,143.5,144.0,148.5
TOPCOAT-0091,1314,21:54,124.9,132.2,132.9,146.6,148.8,140.7,153.4,137.0,142.8,144.0,144.4,146.4
TOPCOAT-0091,1315,21:55,122.7,132.9,134.9,147.2,148.8,142.7,153.6,135.8,143.4,143.8,144.5,149.1
TOPCOAT-0091,1316,21:56,122.4,132.6,135.1,146.1,150.1,141.0,154.3,137.0,143.9,144.3,145.4,149.6
TOPCOAT-0091,1317,21:57,123.8,133.6,133.8,146.3,147.9,139.8,153.5,137.3,142.7,142.9,145.1,148.1
TOPCOAT-0091,1318,21:58,124.3,133.2,134.4,147.1,150.6,142.0,152.7,137.7,144.3,144.1,146.6,146.7
TOPCOAT-0091,1319,21:59,123.4,133.5,134.2,147.1,149.9,142.0,152.2,137.1,143.0,144.0,145.0,148.8
TOPCOAT-0091,1320,22:00,123.4,133.5,133.9,146.2,149.6,140.7,153.0,136.9,144.1,144.1,145.6,148.1
TOPCOAT-0091,1321,22:01,123.5,132.9,134.7,148.1,149.2,141.3,153.4,136.9,142.9,143.6,146.2,147.8
TOPCOAT-0091,1322,22:02,123.6,134.1,134.6,145.2,149.2,140.5,153.4,135.7,145.6,145.2,145.1,148.8
TOPCOAT-0091,1323,22:03,122.5,132.1,133.6,147.2,151.1,141.0,153.7,136.6,143.4,143.3,145.0,148.3
TOPCOAT-0091,1324,22:04,123.3,133.1,133.6,148.0,149.1,140.2,153.6,135.2,144.5,144.5,145.2,148.7
TOPCOAT-0091,1325,22:05,123.3,133.0,132.8,146.3,148.1,141.0,152.7,135.9,144.4,143.5,145.0,149.6
TOPCOAT-0091,1326,22:06,123.2,134.5,132.2,147.2,148.4,141.0,152.2,136.1,143.4,143.3,146.0,147.2
TOPCOAT-0091,1327,22:07,123.1,133.1,134.6,146.7,147.6,141.9,152.6,136.6,144.3,143.5,145.2,147.5
TOPCOAT-0091,1328,22:08,122.2,133.9,132.9,147.4,149.3,144.1,153.1,136.7,143.6,145.1,146.0,146.9
TOPCOAT-0091,1329,22:09,121.6,133.9,134.5,146.7,148.2,140.3,153.0,135.2,143.9,143.8,145.1,147.7
TOPCOAT-0091,1330,22:10,124.0,133.6,133.6,148.6,149.1,140.2,153.0,135.8,144.0,145.2,146.5,147.1
TOPCOAT-0091,1331,22:11,124.8,133.1,134.4,147.4,149.9,140.6,152.0,136.1,142.9,144.1,145.7,148.1
TOPCOAT-0091,1332,22:12,121.6,133.9,135.0,146.8,150.1,140.6,151.8,136.0,144.6,142.3,144.4,149.0
TOPCOAT-0091,1333,22:13,122.8,132.9,134.8,148.8,148.9,141.2,152.2,136.6,143.5,145.4,144.8,147.8
TOPCOAT-0091,1334,22:14,122.9,133.7,133.0,147.5,148.1,141.8,154.4,138.7,142.7,143.7,145.7,147.8
TOPCOAT-0091,1335,22:15,121.4,133.6,133.2,146.4,148.7,139.7,152.5,136.6,144.1,144.2,145.0,147.0
TOPCOAT-0091,1336,22:16,121.9,132.5,133.2,147.9,148.1,141.0,153.1,135.6,144.3,145.1,146.9,149.6
TOPCOAT-0091,1337,22:17,123.9,132.5,135.2,147.5,148.6,141.4,153.1,136.7,141.9,143.4,147.3,147.0
TOPCOAT-0091,1338,22:18,122.9,132.8,132.4,146.8,149.4,142.4,153.2,135.8,142.6,145.3,146.9,146.5
TOPCOAT-0091,1339,22:19,122.8,132.6,133.1,148.6,149.2,141.7,152.6,136.1,144.1,143.9,146.3,147.5
TOPCOAT-0091,1340,22:20,122.1,133.9,134.6,147.0,148.0,141.1,152.5,137.2,144.4,143.8,147.4,147.8
TOPCOAT-0091,1341,22:21,122.2,132.2,133.9,147.2,147.5,141.9,152.5,135.1,143.7,142.7,146.6,148.6
TOPCOAT-0091,1342,22:22,122.7,132.3,132.9,148.0,149.0,141.6,154.7,138.3,144.6,145.3,145.2,147.7
TOPCOAT-0091,1343,22:23,124.0,133.0,134.5,147.5,148.1,143.2,153.8,136.0,142.2,143.7,145.2,148.0
TOPCOAT-0091,1344,22:24,124.8,132.1,132.7,146.2,149.3,139.2,153.8,135.9,142.7,144.3,145.0,148.4
TOPCOAT-0091,1345,22:25,124.2,132.6,132.5,147.5,149.2,141.5,151.8,137.0,143.2,144.0,146.4,147.8
TOPCOAT-0091,1346,22:26,123.4,132.6,132.3,148.6,150.4,141.3,152.7,136.9,140.8,143.9,145.8,147.5
TOPCOAT-0091,1347,22:27,121.3,133.4,132.5,146.5,148.3,143.0,152.7,135.0,142.2,143.0,145.0,147.6
TOPCOAT-0091,1348,22:28,122.7,133.7,132.3,147.9,148.8,139.1,153.8,136.3,142.4,142.8,144.3,148.4
TOPCOAT-0091,1349,22:29,123.1,134.7,134.0,147.7,149.5,142.2,152.7,136.1,145.3,143.4,146.5,147.6
TOPCOAT-0091,1350,22:30,122.8,130.6,133.5,146.0,148.4,140.8,154.4,137.1,142.1,144.1,145.0,147.7
TOPCOAT-0091,1351,22:31,120.9,133.1,134.1,146.8,147.9,141.4,152.0,136.8,142.8,142.6,146.1,147.2
TOPCOAT-0091,1352,22:32,122.2,132.2,135.5,147.5,149.4,141.4,151.4,137.5,142.2,144.4,146.2,147.5
TOPCOAT-0091,1353,22:33,124.0,131.6,134.2,146.6,149.8,140.7,153.7,137.8,143.3,144.8,146.2,148.8
TOPCOAT-0091,1354,22:34,122.5,132.4,133.1,147.2,150.1,141.1,153.9,137.5,142.9,144.1,145.7,148.0
TOPCOAT-0091,1355,22:35,123.2,133.7,133.3,148.9,147.2,140.3,154.2,138.4,142.9,143.3,144.6,147.3
TOPCOAT-0091,1356,22:36,122.3,133.0,132.3,147.9,148.4,141.2,151.7,137.0,144.3,143.4,146.6,148.2
TOPCOAT-0091,1357,22:37,123.6,132.9,133.9,147.1,149.2,139.5,153.6,136.7,144.3,144.1,145.0,148.2
TOPCOAT-0091,1358,22:38,123.4,133.2,135.2,146.2,148.8,141.4,154.5,135.4,143.1,143.6,144.5,148.1
TOPCOAT-0091,1359,22:39,123.1,133.4,134.4,147.0,149.5,140.6,153.0,137.0,143.8,145.0,146.1,148.1
TOPCOAT-0091,1360,22:40,121.5,133.0,134.3,147.1,147.9,140.6,152.4,136.6,144.1,142.6,146.0,147.8
TOPCOAT-0091,1361,22:41,124.3,132.8,133.1,145.9,147.9,139.8,152.5,136.5,142.8,143.7,145.5,146.8
TOPCOAT-0091,1362,22:42,123.8,131.6,134.5,146.2,148.9,140.4,154.5,137.4,143.3,144.6,145.2,147.5
TOPCOAT-0091,1363,22:43,124.5,132.0,133.1,145.8,149.7,141.4,153.1,137.6,144.0,143.3,144.8,147.3
TOPCOAT-0091,1364,22:44,122.2,131.8,132.5,148.1,148.6,140.5,151.8,135.5,143.4,144.6,145.1,146.1
TOPCOAT-0091,1365,22:45,122.9,134.3,132.9,146.7,148.2,141.7,153.0,136.3,141.6,143.5,145.4,145.7
TOPCOAT-0091,1366,22:46,121.3,134.3,134.3,147.8,149.4,141.8,153.6,136.6,144.2,143.1,146.5,147.8
TOPCOAT-0091,1367,22:47,122.3,132.9,132.6,145.5,150.7,139.9,153.3,135.8,144.1,142.8,145.0,149.0
TOPCOAT-0091,1368,22:48,122.0,132.9,132.4,147.1,148.2,141.8,152.1,135.3,143.8,144.1,144.3,147.8
TOPCOAT-0091,1369,22:49,123.6,133.0,133.6,146.1,149.7,142.4,153.5,136.8,143.7,144.3,144.5,148.7
TOPCOAT-0091,1370,22:50,123.3,132.9,134.1,147.5,148.3,141.9,153.4,136.0,144.1,143.6,145.7,148.4
TOPCOAT-0091,1371,22:51,122.8,132.5,134.4,147.7,149.6,141.6,153.2,137.4,143.3,145.4,146.2,147.2
TOPCOAT-0091,1372,22:52,122.2,133.6,133.2,146.2,150.1,140.3,151.3,136.1,143.7,142.5,145.7,148.7
TOPCOAT-0091,1373,22:53,124.4,133.0,134.6,146.7,148.0,141.6,154.0,135.9,143.3,144.4,145.1,148.7
TOPCOAT-0091,1374,22:54,122.3,133.2,134.4,146.9,148.6,142.3,152.8,136.2,143.1,142.9,145.9,147.5
TOPCOAT-0091,1375,22:55,123.0,133.6,134.0,145.9,148.0,142.6,154.1,135.9,142.9,144.3,145.8,147.5
TOPCOAT-0091,1376,22:56,122.6,132.6,134.0,147.5,148.1,139.8,153.9,136.1,143.0,143.4,145.6,146.8
TOPCOAT-0091,1377,22:57,124.6,133.5,134.6,148.2,148.7,142.0,153.5,135.5,143.5,144.2,146.6,147.4
TOPCOAT-0091,1378,22:58,123.8,133.5,134.1,148.5,148.7,141.9,153.1,137.4,144.7,143.4,144.9,148.2
TOPCOAT-0091,1379,22:59,124.1,132.1,134.7,148.3,148.8,141.6,153.0,135.2,144.5,143.3,144.9,148.8
TOPCOAT-0091,1380,23:00,125.3,132.6,133.8,147.5,150.2,142.4,151.5,137.9,143.8,142.9,147.0,148.5
TOPCOAT-0091,1381,23:01,121.7,134.0,134.7,147.5,147.4,142.6,153.2,135.8,144.1,142.9,145.1,147.3
TOPCOAT-0091,1382,23:02,124.3,133.3,131.6,146.9,149.0,141.6,153.3,137.2,144.2,143.1,146.0,147.2
TOPCOAT-0091,1383,23:03,122.9,131.4,134.4,148.0,148.6,140.9,153.5,135.2,142.5,144.5,146.8,147.1
TOPCOAT-0091,1384,23:04,122.8,134.4,133.5,146.0,148.6,139.4,153.5,135.8,143.1,143.5,145.1,148.7
TOPCOAT-0091,1385,23:05,121.2,131.9,134.0,148.3,150.3,141.1,152.7,135.2,143.8,142.7,144.8,148.4
TOPCOAT-0091,1386,23:06,123.8,133.5,134.5,146.4,149.8,141.3,153.0,135.1,143.2,143.5,145.5,147.2
TOPCOAT-0091,1387,23:07,121.9,133.3,133.4,147.8,147.0,140.7,153.4,135.9,141.8,143.0,145.0,148.0
TOPCOAT-0091,1388,23:08,123.2,133.8,134.3,147.6,148.5,141.2,154.1,136.1,142.4,144.0,143.1,147.7
TOPCOAT-0091,1389,23:09,122.6,132.7,135.4,146.4,149.1,141.6,151.5,137.1,143.6,145.1,145.3,148.0
TOPCOAT-0091,1390,23:10,122.9,132.9,134.1,147.0,149.0,141.3,153.4,137.4,143.4,141.5,145.1,147.4
TOPCOAT-0091,1391,23:11,122.3,131.4,134.7,147.1,149.0,141.2,152.6,137.1,142.6,144.7,146.8,147.6
TOPCOAT-0091,1392,23:12,123.2,135.1,134.1,147.4,150.7,141.8,153.6,137.5,143.1,143.3,145.1,147.7
TOPCOAT-0091,1393,23:13,122.3,133.5,133.8,148.2,148.4,140.8,152.9,136.3,142.2,141.0,146.4,147.6
TOPCOAT-0091,1394,23:14,124.4,132.5,134.4,147.7,149.0,141.0,154.0,136.5,143.8,142.9,146.7,148.1
TOPCOAT-0091,1395,23:15,123.9,133.1,133.9,146.0,148.8,142.3,154.0,137.0,141.1,143.0,145.6,148.8
TOPCOAT-0091,1396,23:16,122.8,133.3,134.6,146.9,147.0,141.1,152.6,137.4,143.8,144.0,145.1,149.2
TOPCOAT-0091,1397,23:17,123.0,134.7,132.5,146.8,148.6,141.7,152.4,135.1,142.8,142.6,144.3,148.2
TOPCOAT-0091,1398,23:18,124.0,132.7,133.9,147.5,149.3,140.7,153.9,136.1,143.9,144.0,146.7,147.9
TOPCOAT-0091,1399,23:19,122.6,133.3,134.0,147.1,150.0,141.7,151.7,136.3,142.2,144.6,145.5,147.5
TOPCOAT-0091,1400,23:20,123.1,132.6,133.4,148.3,148.5,141.1,152.3,137.6,142.0,144.6,147.1,148.9
TOPCOAT-0091,1401,23:21,123.2,133.0,134.2,146.7,149.3,141.6,152.7,136.3,144.6,144.4,145.4,147.2
TOPCOAT-0091,1402,23:22,123.5,132.9,133.3,147.2,149.7,140.8,152.2,135.7,144.2,144.2,144.3,147.4
TOPCOAT-0091,1403,23:23,122.2,133.5,133.1,147.3,149.6,140.6,154.2,134.8,143.8,143.7,144.8,148.4
TOPCOAT-0091,1404,23:24,123.7,133.4,133.6,146.6,149.6,142.7,152.5,136.7,143.6,144.1,145.5,149.2
TOPCOAT-0091,1405,23:25,122.8,132.1,133.2,146.8,147.5,141.8,152.6,137.0,143.4,144.3,145.0,148.5
TOPCOAT-0091,1406,23:26,122.2,133.7,134.0,146.2,148.1,140.4,152.6,136.8,144.3,143.2,147.4,150.0
TOPCOAT-0091,1407,23:27,123.5,132.4,133.3,147.1,150.3,141.8,154.5,137.4,144.5,145.3,146.3,148.1
TOPCOAT-0091,1408,23:28,120.9,133.9,134.5,147.7,148.9,142.4,153.0,135.6,144.2,144.4,147.0,147.4
TOPCOAT-0091,1409,23:29,122.4,132.6,134.2,147.0,149.3,143.4,152.7,137.3,144.3,143.9,146.4,147.5
TOPCOAT-0091,1410,23:30,122.1,132.9,135.0,146.3,147.4,141.1,152.3,137.4,143.8,143.4,146.4,147.2
TOPCOAT-0091,1411,23:31,123.8,131.7,132.7,149.6,149.1,140.3,153.1,135.5,144.6,143.5,146.8,147.2
TOPCOAT-0091,1412,23:32,123.2,133.9,132.1,147.3,148.3,141.8,154.5,135.7,143.7,143.5,145.6,149.2
TOPCOAT-0091,1413,23:33,122.4,132.2,131.6,147.6,149.3,141.0,151.8,136.4,144.4,144.1,146.3,147.6
TOPCOAT-0091,1414,23:34,123.9,131.5,133.8,147.6,149.9,140.7,153.2,136.2,142.0,144.7,146.9,148.8
TOPCOAT-0091,1415,23:35,122.9,132.8,134.6,146.9,146.9,140.3,153.4,138.4,143.7,143.7,146.6,148.1
TOPCOAT-0091,1416,23:36,123.4,132.7,133.5,148.2,149.6,139.3,153.5,136.4,143.0,142.7,146.2,148.2
TOPCOAT-0091,1417,23:37,124.2,133.4,134.1,147.2,147.6,141.8,153.3,133.9,142.8,142.6,145.3,147.2
TOPCOAT-0091,1418,23:38,124.4,132.3,134.2,146.7,147.4,141.4,154.0,136.7,142.5,145.7,145.1,147.1
TOPCOAT-0091,1419,23:39,123.1,132.3,134.9,148.5,149.1,141.2,153.9,134.8,143.8,144.2,146.4,147.3
TOPCOAT-0091,1420,23:40,122.3,133.1,133.9,147.3,148.4,141.1,153.1,137.6,143.4,144.4,144.4,147.8
TOPCOAT-0091,1421,23:41,123.9,135.5,132.5,146.5,148.4,141.5,154.5,136.0,143.0,142.5,144.9,149.4
TOPCOAT-0091,1422,23:42,123.2,134.6,133.6,146.0,148.9,140.3,152.3,136.1,142.7,144.7,146.5,147.8
TOPCOAT-0091,1423,23:43,124.0,133.5,133.4,146.2,149.1,141.5,153.3,135.0,143.4,144.2,147.0,148.1
TOPCOAT-0091,1424,23:44,124.8,132.1,134.6,147.2,149.0,140.2,153.6,137.2,142.9,143.4,145.8,148.4
TOPCOAT-0091,1425,23:45,123.3,134.2,132.2,147.9,149.0,142.0,153.3,134.8,143.8,143.9,144.9,148.4
TOPCOAT-0091,1426,23:46,122.7,134.0,133.0,146.8,148.5,140.2,153.4,136.2,143.2,143.8,145.2,147.9
TOPCOAT-0091,1427,23:47,122.7,133.8,135.1,147.5,149.5,141.4,152.8,136.8,143.2,142.6,146.5,148.0
TOPCOAT-0091,1428,23:48,123.7,134.1,133.3,148.5,148.7,141.7,151.9,135.5,142.8,143.8,144.5,148.0
TOPCOAT-0091,1429,23:49,123.1,132.9,133.0,148.4,148.7,140.8,154.4,134.9,141.5,144.3,146.9,148.8
TOPCOAT-0091,1430,23:50,122.4,132.1,133.9,148.3,148.6,140.8,152.7,137.6,142.3,143.3,146.0,148.3
TOPCOAT-0091,1431,23:51,122.8,133.6,133.5,147.8,147.7,141.1,152.5,137.9,143.7,142.5,147.3,149.4
TOPCOAT-0091,1432,23:52,121.8,131.8,134.7,147.1,149.3,140.5,152.6,137.9,144.0,143.9,145.4,147.4
TOPCOAT-0091,1433,23:53,122.0,133.9,132.1,147.9,147.6,140.1,153.2,136.5,144.7,143.7,145.7,148.4
TOPCOAT-0091,1434,23:54,122.7,133.7,132.9,147.1,147.8,140.0,153.3,136.8,143.9,144.0,146.5,147.6
TOPCOAT-0091,1435,23:55,123.3,132.9,133.9,148.9,149.6,142.6,152.6,135.9,142.2,144.2,145.1,148.1
TOPCOAT-0091,1436,23:56,122.5,132.6,134.8,147.2,148.5,141.3,153.3,137.1,143.0,144.0,145.2,149.1
TOPCOAT-0091,1437,23:57,123.7,133.4,133.9,146.9,148.3,141.3,153.9,136.7,143.5,142.2,146.3,149.7
TOPCOAT-0091,1438,23:58,123.8,132.9,134.0,147.4,148.2,142.1,152.3,135.6,144.1,144.1,144.8,148.9
TOPCOAT-0091,1439,23:59,122.9,133.3,134.1,147.5,149.0,141.8,154.0,137.9,143.8,144.1,146.4,148.5
TOPCOAT-0091,1440,24:00,123.4,132.9,134.3,148.5,150.0,140.8,152.3,135.8,142.4,143.8,144.7,148.7
TOPCOAT-0091,1441,24:01,122.8,132.1,134.4,147.1,149.4,140.9,153.3,138.0,142.7,143.2,145.2,148.0
TOPCOAT-0091,1442,24:02,123.0,131.8,133.4,147.7,150.3,142.6,150.7,135.9,143.0,145.7,145.5,147.9
TOPCOAT-0091,1443,24:03,123.4,132.0,133.4,146.5,149.7,140.4,152.9,136.9,142.3,144.2,145.3,148.4
TOPCOAT-0091,1444,24:04,124.4,133.7,133.1,147.4,147.4,140.8,152.6,135.1,143.7,143.7,144.9,147.4
TOPCOAT-0091,1445,24:05,124.1,133.0,134.6,148.5,148.1,140.6,151.0,136.0,144.4,143.7,146.8,146.2
TOPCOAT-0091,1446,24:06,124.1,131.6,133.4,148.0,149.0,140.9,153.2,137.5,144.2,142.7,144.1,147.4
TOPCOAT-0091,1447,24:07,122.1,132.7,133.8,147.3,149.2,141.4,152.6,138.0,142.9,142.8,147.0,149.2
TOPCOAT-0091,1448,24:08,123.8,132.1,133.2,146.9,147.6,141.1,153.0,136.4,142.9,144.7,145.3,148.1
TOPCOAT-0091,1449,24:09,122.5,133.0,133.7,146.1,147.9,142.5,152.0,136.8,143.8,143.8,145.5,148.8
TOPCOAT-0091,1450,24:10,123.4,133.1,132.5,147.1,150.7,142.8,152.5,136.2,144.1,144.5,146.4,148.0
TOPCOAT-0091,1451,24:11,122.8,132.8,132.3,147.8,149.8,140.0,155.1,135.5,142.8,145.2,145.9,148.7
TOPCOAT-0091,1452,24:12,124.1,133.0,134.5,149.5,150.4,142.1,152.6,136.1,143.0,144.1,145.5,148.9
TOPCOAT-0091,1453,24:13,121.2,133.7,133.6,147.3,148.2,141.6,153.3,135.9,144.4,144.1,144.4,146.5
TOPCOAT-0091,1454,24:14,123.1,132.1,134.1,148.8,148.0,143.5,154.6,137.0,142.8,141.7,145.5,148.0
TOPCOAT-0091,1455,24:15,123.5,132.9,134.4,146.9,148.3,141.6,152.6,137.3,144.4,143.5,144.8,147.9
TOPCOAT-0091,1456,24:16,123.8,133.6,135.3,146.7,148.1,140.1,154.7,136.4,144.8,143.6,144.5,147.2
TOPCOAT-0091,1457,24:17,122.1,132.5,133.5,147.0,149.5,141.1,153.0,135.6,142.6,143.7,146.3,146.8
TOPCOAT-0091,1458,24:18,123.7,132.4,133.9,146.6,148.7,141.6,152.8,136.2,143.4,143.6,145.7,149.0
TOPCOAT-0091,1459,24:19,123.9,133.8,134.5,148.1,149.1,143.3,151.2,136.2,143.1,144.6,144.9,147.8
TOPCOAT-0091,1460,24:20,122.2,133.1,133.0,147.2,148.6,141.2,153.8,137.6,144.5,144.2,145.0,147.3
TOPCOAT-0091,1461,24:21,123.5,133.6,134.0,148.0,149.9,142.1,152.1,136.1,145.2,143.9,147.4,148.8
TOPCOAT-0091,1462,24:22,122.5,133.0,133.5,145.4,149.1,143.2,154.9,136.1,144.4,145.0,146.0,149.2
TOPCOAT-0091,1463,24:23,123.1,133.5,134.0,147.8,149.7,141.1,153.7,135.3,145.4,144.3,144.7,146.5
TOPCOAT-0091,1464,24:24,122.7,134.4,132.7,145.9,148.7,141.3,153.5,138.1,144.2,144.1,145.2,147.6
TOPCOAT-0091,1465,24:25,122.9,134.2,133.9,146.5,149.9,140.6,152.7,134.6,145.3,142.6,143.3,145.7
TOPCOAT-0091,1466,24:26,123.7,132.9,134.0,147.5,147.7,141.1,153.4,137.0,142.6,142.6,143.4,148.2
TOPCOAT-0091,1467,24:27,122.5,132.4,132.4,147.3,148.7,140.7,154.4,136.9,142.1,142.1,147.1,146.9
TOPCOAT-0091,1468,24:28,122.7,135.4,133.5,147.8,149.9,141.2,151.9,136.7,145.1,143.2,147.1,148.1
TOPCOAT-0091,1469,24:29,124.1,134.2,132.9,146.5,147.2,141.0,153.4,135.7,142.8,143.1,145.3,149.0
TOPCOAT-0091,1470,24:30,122.8,132.8,134.4,145.6,149.2,140.1,153.5,135.9,143.4,142.7,146.5,148.9
TOPCOAT-0091,1471,24:31,124.2,132.2,134.4,146.2,147.5,140.6,152.1,135.3,142.9,142.5,145.6,149.0
TOPCOAT-0091,1472,24:32,124.1,132.8,134.1,146.6,148.3,140.8,152.0,137.5,144.3,145.0,145.8,148.8
TOPCOAT-0091,1473,24:33,123.9,135.0,134.9,146.0,148.7,141.4,153.0,135.0,144.6,142.1,145.6,147.7
TOPCOAT-0091,1474,24:34,123.5,132.0,135.2,148.1,148.7,140.6,155.1,137.5,143.0,144.6,146.4,147.4
TOPCOAT-0091,1475,24:35,124.0,132.5,133.9,146.7,147.4,141.2,152.9,135.4,143.7,144.1,146.8,147.6
TOPCOAT-0091,1476,24:36,124.1,133.3,133.7,147.2,147.9,141.1,152.2,137.3,145.7,144.7,145.2,147.9
TOPCOAT-0091,1477,24:37,122.2,133.9,134.0,148.2,148.6,141.5,154.3,136.0,143.3,142.7,145.4,148.9
TOPCOAT-0091,1478,24:38,123.0,132.8,133.1,146.5,148.2,141.1,153.6,136.4,142.2,143.8,147.2,148.1
TOPCOAT-0091,1479,24:39,123.2,133.8,135.3,146.9,149.7,140.2,152.6,136.3,143.9,143.9,145.0,147.9
TOPCOAT-0091,1480,24:40,121.3,133.1,134.9,146.7,148.5,140.8,153.7,136.8,143.0,144.0,144.3,146.6
TOPCOAT-0091,1481,24:41,124.7,134.2,134.7,147.1,148.2,142.6,154.3,136.1,144.7,143.0,146.9,147.4
TOPCOAT-0091,1482,24:42,124.0,133.7,133.2,147.1,150.8,141.4,152.9,135.9,143.9,143.9,144.9,149.0
TOPCOAT-0091,1483,24:43,122.9,134.6,135.0,147.1,149.0,141.5,154.4,134.9,145.7,146.1,143.9,147.8
TOPCOAT-0091,1484,24:44,123.8,133.1,133.2,146.2,149.1,140.8,153.0,136.9,143.3,144.6,146.8,148.5
TOPCOAT-0091,1485,24:45,123.7,132.4,132.9,148.5,149.0,142.5,153.1,135.7,144.8,142.2,144.9,148.0
TOPCOAT-0091,1486,24:46,120.7,132.3,134.2,147.3,148.2,140.0,150.9,137.5,143.5,143.6,144.9,148.3
TOPCOAT-0091,1487,24:47,125.1,133.7,135.7,147.6,148.5,141.4,154.1,136.6,144.5,143.3,145.3,148.3
TOPCOAT-0091,1488,24:48,124.8,133.7,135.0,145.9,149.2,142.2,153.3,135.5,142.3,141.5,145.5,148.1
TOPCOAT-0091,1489,24:49,122.9,132.4,133.7,148.5,148.7,138.7,152.6,137.5,143.5,145.0,146.8,148.3
TOPCOAT-0091,1490,24:50,122.5,132.6,133.8,145.9,149.4,141.6,153.4,136.4,143.7,144.7,146.6,148.8
TOPCOAT-0091,1491,24:51,123.1,132.7,133.2,146.7,148.8,140.5,154.3,135.4,144.4,145.6,147.7,148.3
TOPCOAT-0091,1492,24:52,122.9,133.7,133.5,147.7,149.0,140.3,153.3,135.7,142.5,143.5,145.3,150.0
TOPCOAT-0091,1493,24:53,123.7,133.2,133.2,146.5,149.4,141.4,153.0,137.1,142.0,142.8,145.2,148.1
TOPCOAT-0091,1494,24:54,121.9,131.8,132.2,146.2,147.2,140.2,153.4,135.8,143.3,142.6,144.0,148.8
TOPCOAT-0091,1495,24:55,123.3,133.0,134.4,148.4,147.5,142.4,151.6,136.0,143.3,144.4,147.0,148.2
TOPCOAT-0091,1496,24:56,122.9,133.3,134.5,147.0,149.7,138.6,151.9,136.0,142.9,144.7,143.7,148.2
TOPCOAT-0091,1497,24:57,123.1,132.0,133.2,148.1,149.0,141.9,153.2,137.6,143.2,143.8,144.5,148.0
TOPCOAT-0091,1498,24:58,124.0,133.1,132.7,147.1,148.7,143.0,152.0,136.6,143.8,142.7,147.7,147.9
TOPCOAT-0091,1499,24:59,123.0,133.4,134.1,147.8,149.4,141.4,152.6,135.2,143.0,142.1,145.9,148.1
TOPCOAT-0091,1500,25:00,122.0,131.9,133.4,146.1,149.5,141.4,154.5,136.6,142.6,142.4,145.4,146.3
TOPCOAT-0091,1501,25:01,122.4,133.7,133.8,146.0,147.9,140.6,154.0,134.5,143.4,144.8,146.3,146.8
TOPCOAT-0091,1502,25:02,123.0,133.8,132.8,146.2,150.3,140.1,153.8,136.2,145.7,143.2,144.1,148.6
TOPCOAT-0091,1503,25:03,123.5,132.5,133.5,147.5,150.4,141.8,153.6,137.5,141.3,143.7,145.9,148.1
TOPCOAT-0091,1504,25:04,123.2,132.4,134.3,145.4,148.5,142.2,153.7,135.5,144.5,143.9,148.4,147.4
TOPCOAT-0091,1505,25:05,122.4,132.8,134.2,147.7,150.0,141.2,153.1,136.3,145.2,143.3,144.9,147.3
TOPCOAT-0091,1506,25:06,122.5,134.1,135.1,146.5,147.8,141.5,153.8,135.3,144.0,144.8,146.9,147.3
TOPCOAT-0091,1507,25:07,122.7,132.5,132.8,146.8,148.5,141.7,152.3,136.4,142.4,143.8,144.6,147.0
TOPCOAT-0091,1508,25:08,124.0,133.1,131.8,147.5,149.7,141.7,152.6,136.8,143.0,142.3,146.7,147.7
TOPCOAT-0091,1509,25:09,123.4,133.4,134.0,147.2,148.1,141.2,151.3,137.2,144.1,143.9,145.7,147.6
TOPCOAT-0091,1510,25:10,123.3,134.6,133.4,147.5,149.2,140.0,152.6,137.4,141.8,143.9,145.0,148.1
TOPCOAT-0091,1511,25:11,123.0,133.5,134.0,148.2,149.2,140.5,152.8,137.3,142.9,143.3,145.6,148.6
TOPCOAT-0091,1512,25:12,121.6,131.6,134.3,149.2,148.0,140.9,154.8,136.2,141.8,144.2,145.1,147.2
TOPCOAT-0091,1513,25:13,122.1,132.6,133.0,147.2,151.4,141.8,154.1,135.1,142.5,142.9,144.2,147.5
TOPCOAT-0091,1514,25:14,123.7,132.9,133.9,147.5,149.3,140.9,152.7,135.8,143.7,144.6,145.7,147.5
TOPCOAT-0091,1515,25:15,123.7,133.5,134.0,146.4,148.6,140.9,151.6,137.5,141.7,143.9,145.4,147.9
TOPCOAT-0091,1516,25:16,122.4,134.1,135.4,146.9,148.9,142.4,153.5,136.4,143.6,143.3,146.8,147.9
TOPCOAT-0091,1517,25:17,121.9,133.1,133.6,148.4,148.4,142.4,152.8,137.3,142.8,144.1,146.8,147.3
TOPCOAT-0091,1518,25:18,121.5,132.2,134.0,146.5,148.7,139.5,153.8,136.2,143.9,141.7,145.1,148.4
TOPCOAT-0091,1519,25:19,124.2,133.8,133.2,147.5,148.9,141.7,153.0,137.0,143.6,144.2,144.0,147.2
TOPCOAT-0091,1520,25:20,122.6,132.9,133.3,147.7,148.6,142.2,154.2,134.6,142.5,143.1,144.4,148.0
TOPCOAT-0091,1521,25:21,123.4,132.4,133.5,148.6,148.9,142.2,151.5,135.6,143.4,143.9,144.9,147.6
TOPCOAT-0091,1522,25:22,122.8,133.7,134.0,146.8,148.8,141.2,154.3,137.3,142.7,143.5,145.5,148.6
TOPCOAT-0091,1523,25:23,123.8,134.4,132.5,146.4,149.3,141.2,154.9,137.5,142.8,143.6,145.0,147.9
TOPCOAT-0091,1524,25:24,123.4,133.3,134.1,147.0,148.9,141.4,153.1,138.2,143.1,143.8,145.1,147.4
TOPCOAT-0091,1525,25:25,122.5,133.1,134.0,146.8,150.0,140.9,154.5,136.4,143.6,142.0,146.3,146.6
TOPCOAT-0091,1526,25:26,122.2,131.9,133.8,146.9,148.2,141.2,152.4,136.7,142.5,144.8,144.7,146.8
TOPCOAT-0091,1527,25:27,123.5,133.4,133.4,147.2,147.9,140.4,154.1,137.0,143.0,144.2,146.3,147.1
TOPCOAT-0091,1528,25:28,123.8,133.0,132.2,147.7,149.2,140.5,153.7,136.3,143.9,143.4,146.6,149.5
TOPCOAT-0091,1529,25:29,124.6,132.4,132.5,146.8,148.5,142.5,152.5,135.1,142.4,143.4,147.1,146.1
TOPCOAT-0091,1530,25:30,122.7,132.9,133.7,146.9,148.8,140.9,153.0,136.1,142.1,142.3,144.5,147.9
TOPCOAT-0091,1531,25:31,122.4,132.9,134.0,146.1,148.6,141.8,152.9,135.7,144.9,144.8,145.7,148.2
TOPCOAT-0091,1532,25:32,122.5,133.5,134.0,146.7,149.4,141.2,154.8,136.0,143.7,144.4,144.8,148.4
TOPCOAT-0091,1533,25:33,121.6,133.5,133.5,144.9,149.4,141.4,152.7,136.7,142.8,143.7,146.4,148.1
TOPCOAT-0091,1534,25:34,122.0,132.7,133.0,146.8,148.9,142.1,153.9,136.8,142.8,145.5,146.1,147.3
TOPCOAT-0091,1535,25:35,123.2,133.4,134.9,147.5,149.5,139.9,153.9,136.1,141.9,144.9,144.9,148.3
TOPCOAT-0091,1536,25:36,124.1,131.1,132.7,147.4,147.1,140.7,153.0,136.3,143.1,145.5,145.7,148.4
TOPCOAT-0091,1537,25:37,123.2,134.1,134.1,146.4,147.8,139.2,152.4,135.5,142.4,143.9,146.4,148.2
TOPCOAT-0091,1538,25:38,123.1,134.2,135.4,146.8,148.6,141.5,153.2,138.3,142.6,144.0,145.6,149.1
TOPCOAT-0091,1539,25:39,123.3,132.9,133.1,147.2,148.3,138.5,153.4,135.3,142.6,142.0,146.1,147.1
TOPCOAT-0091,1540,25:40,122.2,132.9,132.0,147.7,149.1,140.0,153.7,137.0,142.9,143.9,146.2,148.8
TOPCOAT-0091,1541,25:41,124.0,132.9,134.9,146.7,151.0,141.1,153.5,136.7,142.3,143.4,144.4,147.2
TOPCOAT-0091,1542,25:42,123.3,131.0,134.0,146.5,147.6,139.9,156.1,136.2,142.6,142.4,144.8,146.5
TOPCOAT-0091,1543,25:43,123.0,132.8,132.1,146.6,148.3,141.7,153.3,134.6,143.0,143.5,145.5,147.7
TOPCOAT-0091,1544,25:44,123.4,132.4,135.3,147.9,148.9,141.3,153.6,138.5,141.5,144.3,147.2,147.1
TOPCOAT-0091,1545,25:45,123.1,134.4,134.1,146.8,148.4,140.6,152.1,137.7,142.9,144.6,145.3,146.8
TOPCOAT-0091,1546,25:46,122.2,133.2,132.9,147.7,149.8,140.0,152.8,136.7,143.2,142.8,145.4,149.3
TOPCOAT-0091,1547,25:47,121.4,132.7,134.9,148.1,151.0,142.5,153.2,136.9,143.9,142.8,145.2,146.1
TOPCOAT-0091,1548,25:48,122.7,132.7,135.1,147.8,148.4,140.9,153.7,136.8,142.5,143.3,146.2,147.4
TOPCOAT-0091,1549,25:49,122.4,133.1,134.3,146.8,149.5,139.7,151.8,134.9,142.4,143.6,145.9,147.8
TOPCOAT-0091,1550,25:50,122.1,132.1,134.6,147.4,148.7,140.1,151.5,135.4,142.7,143.4,145.1,148.0
TOPCOAT-0091,1551,25:51,123.6,132.6,134.0,147.3,148.6,141.1,153.8,137.2,144.1,145.0,145.5,149.3
TOPCOAT-0091,1552,25:52,122.0,132.1,133.4,147.9,147.3,142.0,151.8,136.6,143.6,146.2,146.7,147.7
TOPCOAT-0091,1553,25:53,121.3,133.5,133.9,146.3,148.4,140.4,152.5,135.8,142.4,145.6,145.3,147.4
TOPCOAT-0091,1554,25:54,122.1,134.4,134.1,146.3,149.2,141.1,154.5,136.3,143.2,147.0,146.1,148.0
TOPCOAT-0091,1555,25:55,123.9,134.4,134.0,147.4,149.6,140.6,152.8,136.7,142.6,142.0,145.7,148.7
TOPCOAT-0091,1556,25:56,123.0,133.7,133.7,147.5,148.2,141.6,154.2,135.6,144.1,143.1,144.4,148.2
TOPCOAT-0091,1557,25:57,121.2,132.4,135.4,147.5,148.3,140.5,154.8,138.5,144.0,143.5,146.2,148.4
TOPCOAT-0091,1558,25:58,123.2,134.0,134.3,148.3,148.9,141.3,153.3,136.1,143.7,143.9,145.9,149.1
TOPCOAT-0091,1559,25:59,122.3,132.9,134.7,148.4,149.8,141.3,153.3,136.3,145.1,143.7,145.8,147.3
TOPCOAT-0091,1560,26:00,123.0,133.4,134.8,148.1,149.1,141.0,153.0,136.6,143.7,143.6,145.4,147.6
TOPCOAT-0091,1561,26:01,124.0,133.7,133.1,145.7,148.4,141.3,153.2,136.6,144.1,144.5,145.1,148.1
TOPCOAT-0091,1562,26:02,122.8,132.5,133.3,148.0,150.3,141.8,153.5,136.7,143.9,145.8,146.7,148.4
TOPCOAT-0091,1563,26:03,125.1,132.3,135.2,147.3,148.0,140.3,152.5,136.0,144.0,143.3,145.6,150.5
TOPCOAT-0091,1564,26:04,122.3,133.8,133.0,147.5,148.1,142.3,153.7,136.6,144.5,143.6,145.4,148.4
TOPCOAT-0091,1565,26:05,123.4,133.6,133.3,146.4,150.3,140.0,151.8,134.9,142.2,143.8,144.7,148.2
TOPCOAT-0091,1566,26:06,123.7,131.1,131.9,147.1,149.6,141.1,152.3,136.8,141.3,143.4,146.1,147.3
TOPCOAT-0091,1567,26:07,123.7,132.3,133.3,147.2,148.5,141.1,152.1,137.6,142.4,144.9,146.1,149.4
TOPCOAT-0091,1568,26:08,123.5,134.5,134.5,147.6,150.0,143.4,152.0,137.8,143.2,143.6,146.3,148.3
TOPCOAT-0091,1569,26:09,123.2,134.0,133.7,147.1,148.6,140.5,153.5,135.6,143.6,144.5,146.6,148.4
TOPCOAT-0091,1570,26:10,121.8,133.2,135.8,147.2,148.8,141.4,152.9,135.6,143.5,144.5,145.6,148.2
TOPCOAT-0091,1571,26:11,124.2,134.3,134.4,146.3,149.5,141.5,152.7,135.6,142.3,142.7,145.7,148.4
TOPCOAT-0091,1572,26:12,123.4,133.1,135.8,147.8,149.1,142.5,155.2,137.7,143.1,144.4,144.8,146.0
TOPCOAT-0091,1573,26:13,123.6,133.0,133.2,146.8,150.1,141.6,153.0,135.1,143.9,143.2,145.4,147.6
TOPCOAT-0091,1574,26:14,123.3,132.9,134.6,147.8,149.3,143.5,154.3,135.7,142.1,143.1,144.5,148.3
TOPCOAT-0091,1575,26:15,123.6,133.6,133.5,147.6,148.4,140.1,154.0,136.4,142.5,142.3,145.6,148.0
TOPCOAT-0091,1576,26:16,123.0,133.7,132.2,146.9,150.5,141.5,152.8,137.9,141.8,143.8,146.1,148.5
TOPCOAT-0091,1577,26:17,122.6,133.6,134.1,146.6,149.1,140.9,152.2,135.1,143.5,142.6,145.4,148.5
TOPCOAT-0091,1578,26:18,122.2,133.6,134.8,145.6,149.4,141.8,151.7,136.7,143.4,144.7,145.9,147.9
TOPCOAT-0091,1579,26:19,123.3,133.0,134.9,146.8,150.5,140.2,152.5,136.6,142.8,143.9,144.4,146.2
TOPCOAT-0091,1580,26:20,124.5,131.9,133.9,147.7,148.0,140.8,153.4,137.0,145.7,144.0,144.1,147.5
TOPCOAT-0091,1581,26:21,123.5,132.9,133.4,147.9,149.7,141.1,154.1,136.3,142.7,145.5,146.0,148.1
TOPCOAT-0091,1582,26:22,122.6,132.6,133.9,147.6,148.6,142.1,152.9,136.1,143.3,143.1,144.6,148.4
TOPCOAT-0091,1583,26:23,123.0,134.2,131.8,147.4,149.6,140.8,153.8,137.9,143.9,144.3,145.1,147.1
TOPCOAT-0091,1584,26:24,123.1,132.8,134.8,147.1,148.6,141.0,154.1,135.7,141.3,142.6,143.7,148.6
TOPCOAT-0091,1585,26:25,121.8,133.7,134.1,147.1,149.8,140.5,154.1,136.2,143.8,143.3,145.2,146.8
TOPCOAT-0091,1586,26:26,123.7,134.1,132.8,146.9,149.9,140.3,153.0,136.0,141.7,144.4,143.9,148.5
TOPCOAT-0091,1587,26:27,123.1,132.8,133.4,146.8,149.2,141.5,152.7,136.0,143.5,143.8,145.2,148.2
TOPCOAT-0091,1588,26:28,122.9,132.8,132.9,147.1,150.5,142.9,152.4,135.5,144.5,144.8,146.0,147.4
TOPCOAT-0091,1589,26:29,122.3,131.5,133.7,147.8,149.1,141.6,152.5,136.2,142.7,142.1,146.1,146.8
TOPCOAT-0091,1590,26:30,122.7,132.3,132.8,146.4,149.2,140.5,153.8,135.6,143.4,143.1,145.0,148.6
TOPCOAT-0091,1591,26:31,124.8,132.0,135.2,149.2,147.1,142.1,153.5,136.0,143.5,143.2,147.2,147.2
TOPCOAT-0091,1592,26:32,123.7,132.6,132.4,147.8,150.5,142.3,152.6,137.7,143.6,143.5,145.6,147.6
TOPCOAT-0091,1593,26:33,123.2,132.3,133.1,147.3,148.1,142.2,152.5,135.0,143.7,143.9,146.2,148.1
TOPCOAT-0091,1594,26:34,123.6,133.0,132.8,147.4,148.2,140.7,153.5,134.5,143.6,145.7,146.7,146.4
TOPCOAT-0091,1595,26:35,122.5,134.1,134.4,146.6,150.0,141.1,152.5,135.9,144.0,144.5,145.3,147.6
TOPCOAT-0091,1596,26:36,122.5,133.7,134.1,147.1,148.8,140.1,152.9,134.9,142.7,141.3,147.1,147.8
TOPCOAT-0091,1597,26:37,122.7,135.0,133.5,147.5,148.4,141.5,153.3,136.1,143.3,144.0,144.6,148.0
TOPCOAT-0091,1598,26:38,121.5,134.0,133.4,148.7,147.0,142.2,152.5,136.5,143.7,143.7,145.0,147.2
TOPCOAT-0091,1599,26:39,123.2,132.9,133.2,147.7,148.3,140.3,152.5,135.9,142.8,144.1,146.7,147.9
TOPCOAT-0091,1600,26:40,123.4,132.6,132.6,146.7,149.3,140.4,155.3,135.2,144.3,143.6,145.6,147.3
TOPCOAT-0091,1601,26:41,124.5,135.0,133.3,147.3,148.9,140.8,152.0,135.1,143.4,142.7,145.8,148.5
TOPCOAT-0091,1602,26:42,122.7,133.4,134.0,148.5,149.2,141.6,153.5,135.3,143.3,143.1,145.3,146.0
TOPCOAT-0091,1603,26:43,123.1,134.2,133.6,147.1,146.8,141.4,152.5,136.7,142.7,142.7,145.6,147.7
TOPCOAT-0091,1604,26:44,122.3,134.3,133.7,146.6,150.2,139.5,153.4,136.3,144.4,144.1,144.1,148.3
TOPCOAT-0091,1605,26:45,123.5,133.4,132.1,146.7,149.8,142.0,154.3,135.7,142.7,144.1,147.1,148.5
TOPCOAT-0091,1606,26:46,123.3,131.1,133.5,147.4,148.7,141.1,153.1,136.5,144.2,144.7,146.5,149.6
TOPCOAT-0091,1607,26:47,123.4,132.7,133.5,147.0,149.0,142.0,150.5,135.3,144.7,143.2,145.1,147.8
TOPCOAT-0091,1608,26:48,122.7,133.2,133.6,148.9,149.7,140.7,154.0,136.1,143.5,143.6,145.3,147.0
TOPCOAT-0091,1609,26:49,123.4,132.0,134.3,149.2,148.9,141.0,152.1,136.1,142.0,143.2,144.9,147.5
TOPCOAT-0091,1610,26:50,124.5,133.5,133.6,146.8,147.0,141.8,153.1,135.2,143.8,143.4,144.2,148.8
TOPCOAT-0091,1611,26:51,122.3,132.4,132.7,148.0,148.7,141.5,152.9,136.6,142.6,145.9,145.5,147.4
TOPCOAT-0091,1612,26:52,121.6,134.4,133.0,144.8,149.0,142.6,153.4,137.7,144.3,143.6,145.4,147.9
TOPCOAT-0091,1613,26:53,122.6,132.5,132.7,146.2,149.0,139.9,155.9,137.2,144.1,143.5,147.3,148.9
TOPCOAT-0091,1614,26:54,125.0,133.7,133.8,147.4,148.0,141.2,154.1,137.7,144.0,143.9,146.5,149.0
TOPCOAT-0091,1615,26:55,123.4,133.6,133.5,147.6,148.6,140.4,153.5,137.1,143.3,143.6,146.0,145.5
TOPCOAT-0091,1616,26:56,122.7,133.6,134.3,147.5,148.4,141.8,153.2,137.4,143.6,144.7,145.5,147.0
TOPCOAT-0091,1617,26:57,122.1,133.4,133.1,147.0,147.7,140.1,152.8,136.1,143.4,144.4,145.0,146.4
TOPCOAT-0091,1618,26:58,122.4,133.3,133.0,147.0,148.8,140.6,153.5,136.4,144.2,144.2,145.2,148.1
TOPCOAT-0091,1619,26:59,122.2,132.8,133.4,148.3,149.3,141.0,152.2,137.5,143.1,143.6,145.1,147.5
TOPCOAT-0091,1620,27:00,123.8,133.8,133.1,146.8,148.1,143.7,152.5,135.0,143.0,143.2,145.1,148.5
TOPCOAT-0091,1621,27:01,122.3,132.8,132.9,147.1,148.1,141.7,154.0,136.4,142.5,144.1,144.5,147.2
TOPCOAT-0091,1622,27:02,123.9,133.6,134.6,147.5,148.5,140.7,153.6,136.7,143.5,144.3,146.3,148.8
TOPCOAT-0091,1623,27:03,123.0,132.1,133.6,146.6,149.7,140.6,153.5,135.1,144.0,143.7,146.0,148.9
TOPCOAT-0091,1624,27:04,121.8,133.3,134.4,147.2,148.5,140.7,154.1,136.1,142.2,143.4,144.8,148.8
TOPCOAT-0091,1625,27:05,123.0,132.5,133.6,146.9,149.3,139.7,153.5,136.6,141.5,144.1,146.3,148.5
TOPCOAT-0091,1626,27:06,122.6,134.4,132.0,146.6,148.8,142.2,151.9,135.1,143.5,143.6,145.7,146.2
TOPCOAT-0091,1627,27:07,123.6,133.7,132.2,146.0,149.3,139.3,153.2,137.2,143.6,142.8,145.8,147.6
TOPCOAT-0091,1628,27:08,123.4,134.4,134.0,146.3,147.6,142.4,154.8,136.5,143.3,144.2,144.8,148.1
TOPCOAT-0091,1629,27:09,123.0,132.5,133.2,146.3,148.3,140.3,153.5,134.4,142.2,145.6,145.8,147.7
TOPCOAT-0091,1630,27:10,124.5,132.6,133.7,149.1,148.1,140.1,152.9,135.6,143.3,144.1,145.4,147.6
TOPCOAT-0091,1631,27:11,124.2,133.3,135.3,148.1,149.0,141.8,153.9,135.4,142.2,144.0,145.9,148.2
TOPCOAT-0091,1632,27:12,121.7,132.4,133.4,146.3,148.6,141.7,154.6,138.1,144.1,143.8,146.5,147.9
TOPCOAT-0091,1633,27:13,124.3,133.1,132.5,147.0,147.8,141.3,152.2,136.4,143.9,143.4,145.3,147.8
TOPCOAT-0091,1634,27:14,122.7,132.6,134.4,146.8,148.8,141.7,153.2,136.6,142.3,143.8,146.3,147.8
TOPCOAT-0091,1635,27:15,122.8,132.9,134.0,146.4,148.3,140.9,153.5,137.0,144.5,144.2,146.3,147.0
TOPCOAT-0091,1636,27:16,123.1,132.5,134.0,146.6,147.8,141.5,153.4,136.8,142.2,143.8,145.9,147.5
TOPCOAT-0091,1637,27:17,123.3,133.0,133.8,147.4,150.2,141.0,153.8,137.1,142.7,143.5,144.9,147.6
TOPCOAT-0091,1638,27:18,123.3,132.1,132.2,147.3,148.4,140.7,153.1,137.1,144.0,143.1,147.1,148.0
TOPCOAT-0091,1639,27:19,122.9,133.5,131.7,147.7,148.0,139.4,154.1,137.3,142.5,145.4,145.7,147.5
TOPCOAT-0091,1640,27:20,125.1,133.6,133.2,147.8,148.2,141.3,152.2,137.3,142.7,143.1,145.0,147.1
TOPCOAT-0091,1641,27:21,123.2,131.8,134.1,148.8,148.6,143.1,154.1,137.2,142.4,145.0,144.3,147.0
TOPCOAT-0091,1642,27:22,122.6,131.8,135.0,146.0,148.9,141.6,153.2,135.6,144.6,142.1,145.6,148.2
TOPCOAT-0091,1643,27:23,123.6,132.7,132.1,146.2,147.4,143.7,152.6,135.9,143.5,142.2,144.3,148.9
TOPCOAT-0091,1644,27:24,123.1,133.1,134.1,147.7,148.5,141.7,153.3,137.7,143.3,143.9,145.2,149.2
TOPCOAT-0091,1645,27:25,123.1,134.2,135.1,148.0,147.8,141.0,153.5,137.3,143.3,143.3,145.2,149.1
TOPCOAT-0091,1646,27:26,123.6,134.3,133.0,147.5,148.6,142.8,153.0,138.0,142.9,144.8,147.1,147.2
TOPCOAT-0091,1647,27:27,123.4,132.5,133.0,147.1,148.9,141.1,152.6,135.7,141.9,144.4,146.4,147.2
TOPCOAT-0091,1648,27:28,121.8,133.2,133.5,147.1,148.3,141.5,153.2,136.5,142.2,144.3,144.5,149.6
TOPCOAT-0091,1649,27:29,123.4,132.5,134.0,146.0,149.0,141.1,153.2,137.2,143.2,143.9,146.2,148.0
TOPCOAT-0091,1650,27:30,122.6,133.0,134.2,147.5,147.9,141.6,153.8,136.3,142.5,142.4,145.4,149.0
TOPCOAT-0091,1651,27:31,123.8,133.0,133.3,146.5,150.3,141.2,154.2,135.2,144.1,142.7,145.9,147.8
TOPCOAT-0091,1652,27:32,123.3,132.3,134.4,147.2,149.1,141.1,154.3,136.2,142.1,142.9,146.1,148.1
TOPCOAT-0091,1653,27:33,124.1,132.1,134.3,147.6,149.3,140.3,154.1,133.7,142.9,142.6,146.0,149.1
TOPCOAT-0091,1654,27:34,122.6,133.9,133.7,149.2,147.3,140.6,153.0,136.7,143.7,144.1,146.8,148.1
TOPCOAT-0091,1655,27:35,123.1,132.9,134.4,146.7,148.9,141.5,153.4,137.4,143.6,143.4,146.0,148.3
TOPCOAT-0091,1656,27:36,122.0,133.2,132.9,145.6,149.0,141.3,152.7,136.1,143.8,144.4,145.7,147.6
TOPCOAT-0091,1657,27:37,122.0,132.6,132.7,147.1,148.8,141.3,153.2,136.7,142.9,143.0,144.9,148.9
TOPCOAT-0091,1658,27:38,124.5,133.6,134.6,148.1,148.8,140.9,153.2,136.0,143.9,143.8,145.8,147.8
TOPCOAT-0091,1659,27:39,122.5,133.8,133.2,147.1,150.6,140.9,153.2,136.8,144.0,144.8,145.4,148.6
TOPCOAT-0091,1660,27:40,123.8,131.4,133.6,146.2,149.4,140.9,152.9,135.6,143.5,142.2,145.0,147.9
TOPCOAT-0091,1661,27:41,122.6,132.1,134.0,146.1,148.8,140.4,152.7,136.1,142.6,144.7,145.5,146.8
TOPCOAT-0091,1662,27:42,122.6,132.9,133.3,147.8,147.3,140.7,152.6,137.4,144.4,143.2,145.1,146.6
TOPCOAT-0091,1663,27:43,120.1,132.9,134.3,147.0,148.8,141.6,152.8,137.0,143.9,143.2,144.2,148.6
TOPCOAT-0091,1664,27:44,121.7,130.8,133.5,146.5,148.3,140.4,153.0,136.3,142.4,145.7,145.8,147.4
TOPCOAT-0091,1665,27:45,123.3,133.1,131.8,147.1,149.2,140.4,152.7,136.6,143.2,142.4,145.5,146.1
TOPCOAT-0091,1666,27:46,122.6,132.5,133.8,146.2,150.3,142.3,152.1,135.3,142.3,142.9,145.6,149.5
TOPCOAT-0091,1667,27:47,122.8,132.9,132.8,146.3,148.5,142.1,152.5,137.4,142.9,143.4,145.8,147.5
TOPCOAT-0091,1668,27:48,124.0,132.4,133.7,149.1,148.6,140.5,152.2,136.9,143.6,142.5,144.3,149.7
TOPCOAT-0091,1669,27:49,123.7,134.1,133.4,146.6,148.3,140.5,154.2,135.2,144.2,143.3,144.5,148.0
TOPCOAT-0091,1670,27:50,123.6,134.2,134.1,148.4,149.0,142.1,152.5,137.1,144.2,144.1,145.4,146.9
TOPCOAT-0091,1671,27:51,123.3,131.9,132.9,148.2,148.3,140.4,153.5,137.7,143.7,144.0,145.3,147.5
TOPCOAT-0091,1672,27:52,122.8,133.4,133.4,148.5,149.0,141.3,153.4,137.5,142.9,143.6,146.0,147.3
TOPCOAT-0091,1673,27:53,123.2,132.9,132.8,147.4,149.1,141.1,153.7,136.0,143.7,143.9,146.4,147.9
TOPCOAT-0091,1674,27:54,123.8,133.7,133.1,147.3,148.4,142.1,154.0,136.3,144.3,145.8,145.1,147.3
TOPCOAT-0091,1675,27:55,123.5,133.3,131.9,147.8,149.0,141.7,153.7,136.7,145.0,145.2,146.1,149.0
TOPCOAT-0091,1676,27:56,122.1,133.2,133.6,146.0,148.4,141.0,153.9,135.7,143.7,143.8,144.3,147.7
TOPCOAT-0091,1677,27:57,121.8,132.8,133.5,145.9,149.9,140.9,152.0,136.6,143.4,146.3,146.8,146.9
TOPCOAT-0091,1678,27:58,124.3,132.3,133.7,147.2,148.3,141.9,151.1,137.0,143.2,143.7,145.6,148.1
TOPCOAT-0091,1679,27:59,122.3,134.0,133.2,147.5,149.0,142.8,153.9,135.8,143.6,143.8,146.6,149.0
TOPCOAT-0091,1680,28:00,122.6,133.4,133.6,146.7,148.8,140.9,152.5,136.1,142.5,144.5,146.9,148.8
TOPCOAT-0091,1681,28:01,122.7,133.4,133.3,145.6,149.9,139.7,152.5,136.3,145.1,143.9,146.7,148.4
TOPCOAT-0091,1682,28:02,122.6,131.8,132.9,147.8,149.8,141.4,153.7,136.2,143.6,144.1,144.8,148.8
TOPCOAT-0091,1683,28:03,122.9,133.3,134.5,146.9,148.3,141.8,152.9,136.7,144.1,144.3,144.7,149.9
TOPCOAT-0091,1684,28:04,123.1,133.2,133.0,146.6,148.0,141.6,153.1,135.8,143.8,143.2,146.2,146.1
TOPCOAT-0091,1685,28:05,124.4,134.3,133.2,148.0,151.3,140.6,153.3,136.8,142.5,143.1,144.5,146.6
TOPCOAT-0091,1686,28:06,123.0,133.7,133.7,147.2,148.5,141.4,153.5,136.5,142.6,143.8,145.7,147.7
TOPCOAT-0091,1687,28:07,122.3,133.5,135.5,146.5,149.3,141.6,152.7,137.1,142.4,143.2,145.0,147.0
TOPCOAT-0091,1688,28:08,123.7,133.3,134.4,147.9,148.8,140.9,153.2,135.6,142.7,143.4,144.7,148.3
TOPCOAT-0091,1689,28:09,123.4,132.3,134.6,146.8,149.0,139.2,153.0,137.6,142.8,144.6,145.7,148.3
TOPCOAT-0091,1690,28:10,123.2,133.6,132.2,147.8,149.2,143.1,154.0,137.5,142.8,143.4,147.0,147.2
TOPCOAT-0091,1691,28:11,123.3,133.1,133.5,148.2,148.7,142.3,152.7,136.2,143.1,144.2,145.6,147.6
TOPCOAT-0091,1692,28:12,121.7,134.6,133.3,147.2,148.1,141.1,151.4,136.1,142.8,144.1,145.7,150.1
TOPCOAT-0091,1693,28:13,121.8,132.9,135.2,147.2,150.5,140.5,153.7,136.4,144.0,145.1,147.2,148.0
TOPCOAT-0091,1694,28:14,123.1,131.9,133.3,146.4,148.4,140.4,153.7,136.3,142.5,143.6,145.9,148.8
TOPCOAT-0091,1695,28:15,125.0,132.3,133.2,146.1,148.2,143.2,153.1,136.9,143.6,143.9,145.6,145.8
TOPCOAT-0091,1696,28:16,124.4,132.8,134.1,148.0,149.0,141.1,154.7,136.6,142.5,145.4,145.7,148.8
TOPCOAT-0091,1697,28:17,123.1,133.4,134.4,146.2,150.5,142.2,153.4,136.5,143.5,143.8,145.2,147.4
TOPCOAT-0091,1698,28:18,123.1,133.8,132.8,148.2,149.8,142.7,153.6,137.6,143.1,143.0,145.2,147.3
TOPCOAT-0091,1699,28:19,123.3,133.5,132.6,146.1,149.6,140.7,152.2,136.8,143.9,143.7,145.4,148.7
TOPCOAT-0091,1700,28:20,123.3,132.6,134.9,148.3,150.1,140.3,153.8,135.7,143.1,143.3,145.5,146.9
TOPCOAT-0091,1701,28:21,123.1,133.4,131.4,146.6,149.1,142.4,153.0,136.5,142.2,142.8,145.4,147.6
TOPCOAT-0091,1702,28:22,121.8,134.4,134.0,147.2,149.7,141.1,153.4,136.4,142.3,143.5,145.4,148.3
TOPCOAT-0091,1703,28:23,123.2,133.5,134.3,147.7,150.2,140.3,153.7,136.3,142.3,142.8,144.4,148.7
TOPCOAT-0091,1704,28:24,122.7,132.2,134.9,148.0,147.9,140.8,154.7,136.4,142.4,142.2,146.0,149.1
TOPCOAT-0091,1705,28:25,121.1,133.6,132.7,148.5,150.4,142.0,152.7,135.5,144.1,142.0,144.9,148.2
TOPCOAT-0091,1706,28:26,123.9,134.0,132.8,148.5,148.2,140.7,153.0,136.6,143.6,140.7,145.2,147.7
TOPCOAT-0091,1707,28:27,123.2,132.1,132.8,147.7,148.5,139.9,151.8,136.6,143.9,141.7,145.7,146.9
TOPCOAT-0091,1708,28:28,123.4,133.1,132.3,148.5,149.5,141.4,150.9,135.2,144.1,139.8,145.9,147.1
TOPCOAT-0091,1709,28:29,121.5,134.1,131.6,147.5,149.8,141.3,152.4,135.6,143.9,140.5,146.1,146.8
TOPCOAT-0091,1710,28:30,123.5,133.5,132.1,148.2,149.1,140.6,151.7,135.1,142.6,140.1,146.3,149.2
TOPCOAT-0091,1711,28:31,122.7,133.3,132.6,147.2,148.5,141.6,154.3,137.1,142.9,139.8,145.4,147.9
TOPCOAT-0091,1712,28:32,123.0,133.4,131.5,146.7,147.7,141.6,152.0,136.5,142.6,139.7,145.1,150.5
TOPCOAT-0091,1713,28:33,123.4,132.6,131.3,147.6,150.0,141.1,152.6,137.1,143.0,139.7,145.0,148.3
TOPCOAT-0091,1714,28:34,123.3,132.5,131.7,146.7,149.0,140.7,153.8,136.4,141.9,138.8,144.7,147.9
TOPCOAT-0091,1715,28:35,122.4,131.3,131.6,145.7,148.9,141.2,152.7,135.2,142.2,139.1,144.2,148.6
TOPCOAT-0091,1716,28:36,120.9,132.0,131.7,145.6,149.8,140.8,152.6,137.6,141.8,138.1,144.2,146.3
TOPCOAT-0091,1717,28:37,123.5,131.5,130.7,145.3,149.0,140.6,153.6,136.6,141.6,138.4,145.0,149.1
TOPCOAT-0091,1718,28:38,123.8,131.2,129.5,145.6,148.4,140.6,152.6,136.3,140.6,137.7,143.5,149.7
TOPCOAT-0091,1719,28:39,122.9,130.4,129.3,144.9,150.0,141.6,152.9,136.5,140.9,136.9,142.9,146.9
TOPCOAT-0091,1720,28:40,122.9,130.7,129.3,145.2,148.5,141.5,153.9,135.5,140.4,137.0,143.0,148.1
TOPCOAT-0091,1721,28:41,124.2,130.4,129.3,143.9,146.9,141.3,152.7,137.4,139.7,136.7,142.4,146.9
TOPCOAT-0091,1722,28:42,122.6,130.1,128.0,144.5,150.0,140.8,154.7,135.4,139.6,137.2,142.2,149.5
TOPCOAT-0091,1723,28:43,122.8,129.5,129.1,142.6,150.1,140.8,153.7,137.3,140.4,135.3,142.0,149.4
TOPCOAT-0091,1724,28:44,122.9,129.1,127.2,143.5,148.1,140.3,153.0,136.5,139.8,136.3,140.7,147.5
TOPCOAT-0091,1725,28:45,122.9,130.2,128.5,142.7,148.3,139.3,152.0,135.9,138.3,135.1,141.4,149.2
TOPCOAT-0091,1726,28:46,122.6,129.2,127.2,142.6,148.5,140.5,152.0,136.9,138.1,135.3,141.2,149.4
TOPCOAT-0091,1727,28:47,123.2,127.5,126.9,142.7,148.4,142.4,152.8,137.1,138.1,134.7,140.2,149.0
TOPCOAT-0091,1728,28:48,123.0,127.8,127.2,142.4,148.7,141.8,154.0,136.9,138.4,135.7,140.1,149.0
TOPCOAT-0091,1729,28:49,121.9,128.0,127.3,142.1,148.8,140.5,151.6,136.1,137.8,134.5,138.8,148.9
TOPCOAT-0091,1730,28:50,121.5,128.1,127.7,142.0,148.6,142.0,152.7,135.0,137.8,133.8,138.8,149.2
TOPCOAT-0091,1731,28:51,121.7,127.3,127.3,142.3,149.0,140.1,154.4,136.6,136.5,135.4,139.5,148.9
TOPCOAT-0091,1732,28:52,121.8,126.2,126.5,141.0,148.6,140.2,153.5,136.4,137.1,133.7,139.0,149.0
TOPCOAT-0091,1733,28:53,120.1,126.1,126.0,141.0,149.3,139.5,152.4,136.0,135.3,133.6,138.5,147.4
TOPCOAT-0091,1734,28:54,121.1,125.9,125.9,141.1,149.5,142.8,153.8,136.4,136.3,133.4,138.2,147.3
TOPCOAT-0091,1735,28:55,120.7,125.8,125.3,140.1,146.9,141.9,153.0,135.2,135.9,133.5,137.8,147.1
TOPCOAT-0091,1736,28:56,119.8,125.8,126.0,140.3,150.3,139.8,155.1,135.8,135.2,132.0,137.1,147.3
TOPCOAT-0091,1737,28:57,119.5,126.0,124.6,140.0,148.5,141.2,153.6,135.1,136.3,132.1,137.1,146.7
TOPCOAT-0091,1738,28:58,120.4,124.8,125.0,139.3,148.6,143.4,151.6,135.0,134.7,131.8,137.1,147.1
TOPCOAT-0091,1739,28:59,120.1,124.8,123.9,139.8,148.3,141.5,151.9,133.9,135.5,132.1,137.7,147.4
TOPCOAT-0091,1740,29:00,118.8,124.9,124.8,139.4,148.7,140.5,152.1,135.1,134.8,131.1,135.6,145.9
TOPCOAT-0091,1741,29:01,119.5,124.4,123.4,139.0,147.8,140.7,153.7,133.2,134.6,131.3,136.6,146.4
TOPCOAT-0091,1742,29:02,118.6,123.5,123.7,138.6,147.5,140.1,153.0,132.9,133.8,131.0,137.1,145.5
TOPCOAT-0091,1743,29:03,118.3,124.4,122.7,137.7,146.3,142.8,151.8,132.4,134.1,130.8,136.0,144.1
TOPCOAT-0091,1744,29:04,118.2,123.7,123.7,138.7,147.6,141.8,151.2,132.4,133.7,130.6,135.3,144.9
TOPCOAT-0091,1745,29:05,119.1,122.6,122.7,137.4,147.0,142.1,152.1,132.0,133.1,130.5,135.0,145.2
TOPCOAT-0091,1746,29:06,117.6,122.5,124.1,137.3,146.2,141.1,151.8,132.2,133.1,130.1,134.5,144.7
TOPCOAT-0091,1747,29:07,117.1,122.2,122.3,137.0,145.4,141.1,151.2,131.6,132.6,130.0,134.3,143.5
TOPCOAT-0091,1748,29:08,118.2,122.9,122.7,137.3,146.3,140.0,150.4,131.4,131.7,128.9,135.0,144.4
TOPCOAT-0091,1749,29:09,117.3,122.3,122.0,137.0,145.1,139.5,150.3,131.3,132.1,129.3,133.3,142.7
TOPCOAT-0091,1750,29:10,116.7,122.6,121.5,135.4,144.1,139.8,150.0,130.9,132.0,130.1,133.1,142.8
TOPCOAT-0091,1751,29:11,116.7,121.8,121.8,136.8,144.2,139.7,150.5,129.9,131.1,128.4,132.8,143.7
TOPCOAT-0091,1752,29:12,117.0,121.6,121.5,136.1,143.2,138.8,148.5,129.9,132.1,127.0,133.1,142.8
TOPCOAT-0091,1753,29:13,117.0,121.0,120.6,136.2,143.7,137.7,148.7,128.9,130.9,127.6,133.1,142.6
TOPCOAT-0091,1754,29:14,115.8,121.4,120.2,136.3,143.9,137.3,148.2,128.5,130.6,128.2,132.5,142.0
TOPCOAT-0091,1755,29:15,115.7,119.8,119.9,135.9,143.7,138.0,148.0,129.3,130.2,127.4,131.9,141.4
TOPCOAT-0091,1756,29:16,114.8,120.1,119.8,135.0,142.8,137.9,146.8,129.1,129.5,127.3,131.6,140.7
TOPCOAT-0091,1757,29:17,116.1,120.0,119.8,135.5,143.5,136.9,148.1,129.1,129.6,127.1,131.2,141.2
TOPCOAT-0091,1758,29:18,114.3,119.2,120.2,134.5,142.5,136.9,145.7,128.7,129.7,126.7,130.6,140.9
TOPCOAT-0091,1759,29:19,115.3,120.0,119.4,135.1,141.9,137.2,146.5,127.9,129.1,125.9,131.1,140.7
TOPCOAT-0091,1760,29:20,115.1,119.5,119.3,133.3,141.7,136.4,146.4,127.4,128.8,125.6,130.5,141.0
TOPCOAT-0091,1761,29:21,114.8,118.4,118.2,134.0,140.6,135.8,146.0,127.6,128.2,125.7,130.1,140.4
TOPCOAT-0091,1762,29:22,114.5,118.6,117.3,132.9,141.4,135.4,145.5,127.6,128.4,126.3,129.9,140.2
TOPCOAT-0091,1763,29:23,114.9,118.5,117.4,132.9,140.3,134.9,145.5,126.8,129.0,125.7,128.8,139.0
TOPCOAT-0091,1764,29:24,114.6,118.7,118.5,133.6,140.4,134.9,145.2,126.0,128.5,124.6,129.8,139.1
TOPCOAT-0091,1765,29:25,114.4,118.3,117.9,131.7,140.3,135.2,144.6,126.1,127.5,124.5,129.8,139.1
TOPCOAT-0091,1766,29:26,113.2,118.1,118.3,133.2,140.3,134.6,144.2,125.2,126.9,125.3,129.0,138.7
TOPCOAT-0091,1767,29:27,113.7,117.4,118.0,133.1,139.5,134.3,143.2,125.4,127.5,124.8,128.4,138.0
TOPCOAT-0091,1768,29:28,112.8,117.8,117.1,132.6,139.3,133.3,143.6,125.2,126.8,123.7,128.7,138.4
TOPCOAT-0091,1769,29:29,113.1,116.6,117.4,132.4,138.0,133.9,143.3,124.8,126.8,124.2,128.6,138.4
TOPCOAT-0091,1770,29:30,112.7,116.4,116.9,131.6,138.8,132.8,143.3,124.1,126.3,123.4,127.7,138.4
TOPCOAT-0091,1771,29:31,111.5,116.1,116.7,131.9,138.5,133.1,143.2,124.9,126.1,124.2,127.8,137.6
TOPCOAT-0091,1772,29:32,113.3,117.1,116.7,132.1,138.2,132.3,141.6,123.4,127.2,123.0,127.3,137.1
TOPCOAT-0091,1773,29:33,111.9,116.4,116.5,131.5,137.3,132.1,141.5,123.8,126.6,122.5,126.5,137.8
TOPCOAT-0091,1774,29:34,111.2,116.2,115.4,130.4,137.3,131.9,141.8,122.2,125.8,122.9,127.2,136.8
TOPCOAT-0091,1775,29:35,111.7,114.9,114.7,130.7,137.2,131.8,140.5,124.0,125.4,122.4,126.1,137.0
TOPCOAT-0091,1776,29:36,111.3,116.3,116.2,129.3,136.4,131.0,141.1,122.7,124.7,122.8,127.1,136.1
TOPCOAT-0091,1777,29:37,110.6,114.7,115.8,129.6,137.0,130.9,140.3,121.6,123.1,121.8,125.3,135.9
TOPCOAT-0091,1778,29:38,110.5,114.3,114.2,130.0,135.6,131.5,140.4,122.8,124.1,121.6,125.1,135.6
TOPCOAT-0091,1779,29:39,110.3,114.4,115.3,129.6,136.0,130.9,139.9,121.7,123.4,121.5,125.5,135.6
TOPCOAT-0091,1780,29:40,110.6,114.7,115.3,129.4,133.3,130.1,139.3,122.3,123.6,120.5,124.9,134.8
TOPCOAT-0091,1781,29:41,109.6,114.2,114.0,130.1,135.4,130.1,139.3,121.5,123.8,121.0,125.0,135.1
TOPCOAT-0091,1782,29:42,109.7,113.7,114.4,128.2,133.8,129.2,138.2,121.4,123.2,120.1,123.4,135.1
TOPCOAT-0091,1783,29:43,109.9,113.6,114.6,128.5,134.6,128.9,138.8,120.9,123.4,121.6,123.8,135.3
TOPCOAT-0091,1784,29:44,108.1,113.5,113.4,129.1,134.6,127.6,138.1,119.8,123.4,119.8,124.2,134.3
TOPCOAT-0091,1785,29:45,109.4,113.4,113.1,128.8,134.1,128.6,138.1,119.3,122.6,120.0,123.5,133.8
TOPCOAT-0091,1786,29:46,109.1,112.8,112.3,126.8,134.7,127.9,137.5,119.5,122.3,119.4,123.2,133.6
TOPCOAT-0091,1787,29:47,108.8,112.3,113.2,126.7,133.7,127.5,137.2,120.1,122.7,119.9,122.7,133.9
TOPCOAT-0091,1788,29:48,108.8,112.1,113.2,128.5,133.0,128.3,136.9,118.7,122.8,118.8,122.2,132.9
TOPCOAT-0091,1789,29:49,109.4,111.8,112.5,127.2,132.1,127.1,136.9,119.5,122.1,118.2,122.6,133.3
TOPCOAT-0091,1790,29:50,107.8,111.7,112.6,128.0,133.1,127.0,136.5,118.6,121.7,119.6,122.3,133.0
TOPCOAT-0091,1791,29:51,107.3,111.6,112.5,127.5,132.3,127.3,136.2,119.4,121.3,118.3,122.5,131.6
TOPCOAT-0091,1792,29:52,108.5,111.5,112.7,127.5,132.1,126.4,134.6,118.5,121.9,118.5,121.8,131.2
TOPCOAT-0091,1793,29:53,107.6,110.9,111.4,126.6,132.2,126.2,135.3,118.0,121.0,117.6,121.5,131.8
TOPCOAT-0091,1794,29:54,107.0,111.3,110.9,126.3,131.5,125.0,134.8,117.4,119.3,116.9,121.4,132.3
TOPCOAT-0091,1795,29:55,106.7,111.1,111.7,125.9,131.1,125.4,135.3,117.5,120.4,117.8,121.4,131.3
TOPCOAT-0091,1796,29:56,106.8,110.9,111.7,126.1,131.2,125.1,135.2,115.6,119.7,116.5,121.9,131.3
TOPCOAT-0091,1797,29:57,106.7,110.5,110.9,125.3,130.3,125.1,134.6,117.1,120.2,117.1,121.2,130.4
TOPCOAT-0091,1798,29:58,106.1,109.7,110.2,126.1,130.4,124.6,132.7,117.2,119.6,116.0,120.1,130.5
TOPCOAT-0091,1799,29:59,106.2,110.1,110.8,125.5,130.0,123.8,133.0,116.6,119.0,116.4,120.9,130.9
TOPCOAT-0091,1800,30:00,105.4,109.9,110.3,125.3,128.9,123.4,133.1,116.4,119.2,116.4,119.7,130.3
TOPCOAT-0091,1801,30:01,106.2,109.0,110.4,124.6,129.7,123.9,131.8,116.6,119.3,115.1,119.7,129.9
TOPCOAT-0091,1802,30:02,105.7,109.8,109.1,124.5,129.1,123.0,132.7,114.8,118.2,116.0,119.3,130.1
TOPCOAT-0091,1803,30:03,105.6,108.6,109.8,124.6,129.0,123.2,133.2,115.6,118.0,115.9,119.1,129.7
TOPCOAT-0091,1804,30:04,105.9,108.7,108.7,123.9,128.5,122.9,131.9,115.6,118.2,114.9,119.2,129.7
TOPCOAT-0091,1805,30:05,104.8,108.8,109.1,123.3,128.7,122.3,131.9,114.8,118.3,114.9,117.6,128.8
TOPCOAT-0091,1806,30:06,105.1,108.1,109.3,124.0,127.9,121.6,131.6,114.7,117.3,114.9,118.2,129.3
TOPCOAT-0091,1807,30:07,104.8,107.9,108.1,124.0,126.9,121.8,130.7,113.7,118.2,113.9,117.7,129.2
TOPCOAT-0091,1808,30:08,103.5,106.8,108.2,122.7,127.8,122.2,131.2,113.1,118.6,114.5,117.9,128.4
TOPCOAT-0091,1809,30:09,104.9,106.9,108.1,122.1,126.8,120.8,130.7,113.2,117.3,114.0,117.8,128.1
TOPCOAT-0091,1810,30:10,104.2,107.0,108.0,123.1,126.9,121.5,129.8,113.0,117.1,112.7,117.0,127.6
TOPCOAT-0091,1811,30:11,104.6,106.6,107.9,122.6,126.8,120.7,130.4,112.3,116.7,113.7,117.0,126.6
TOPCOAT-0091,1812,30:12,103.5,106.8,107.7,122.4,126.4,120.3,129.2,112.1,116.9,113.6,116.9,127.3
TOPCOAT-0091,1813,30:13,103.3,106.4,107.9,121.9,126.3,119.9,129.0,112.2,116.5,112.6,116.9,127.6
TOPCOAT-0091,1814,30:14,104.2,106.6,107.3,121.5,125.8,120.4,128.6,112.6,115.7,113.2,116.5,126.8
TOPCOAT-0091,1815,30:15,102.8,105.8,107.1,121.7,126.1,120.3,127.9,112.4,115.6,112.4,116.3,125.5
TOPCOAT-0091,1816,30:16,103.0,105.7,105.8,120.3,124.7,119.3,128.9,112.2,115.8,112.5,116.2,127.8
TOPCOAT-0091,1817,30:17,102.6,105.6,106.3,121.5,124.7,118.9,127.1,111.4,115.7,112.2,116.7,126.2
TOPCOAT-0091,1818,30:18,103.1,104.5,105.9,121.0,124.3,118.9,127.4,110.6,115.2,113.0,116.1,125.9
TOPCOAT-0091,1819,30:19,102.5,105.6,105.8,120.1,124.0,118.4,127.5,111.4,115.6,111.6,115.8,126.4
TOPCOAT-0091,1820,30:20,102.0,105.1,105.0,120.8,123.6,119.2,127.6,110.1,114.9,110.9,115.3,125.8
TOPCOAT-0091,1821,30:21,101.6,104.5,105.7,120.5,124.2,118.3,127.0,109.7,114.4,111.2,115.1,125.1
TOPCOAT-0091,1822,30:22,101.5,105.1,105.9,119.4,123.0,118.5,126.8,110.9,114.3,111.8,114.6,125.4
TOPCOAT-0091,1823,30:23,101.4,104.1,105.1,120.1,123.9,117.6,125.9,109.8,113.9,111.6,115.3,124.7
TOPCOAT-0091,1824,30:24,100.7,104.4,104.7,119.1,122.9,117.0,125.8,110.3,113.4,110.8,115.3,125.7
TOPCOAT-0091,1825,30:25,100.7,104.1,104.8,119.9,123.3,117.5,126.7,109.4,114.2,110.6,114.4,124.4
TOPCOAT-0091,1826,30:26,100.7,102.4,105.6,120.2,122.2,117.1,126.2,108.9,113.8,109.7,113.6,123.3
TOPCOAT-0091,1827,30:27,100.3,103.5,104.2,118.4,123.4,115.6,125.8,109.0,112.9,110.5,113.0,124.1
TOPCOAT-0091,1828,30:28,100.9,103.0,105.0,119.1,121.6,116.2,125.5,109.1,113.5,108.9,113.1,123.6
TOPCOAT-0091,1829,30:29,100.9,103.0,104.8,119.4,122.4,116.3,124.5,108.8,112.1,109.2,113.2,123.7
TOPCOAT-0091,1830,30:30,99.6,103.2,103.4,118.9,121.9,116.1,124.0,107.7,111.6,109.6,113.2,123.9
TOPCOAT-0091,1831,30:31,99.6,103.1,103.8,119.1,121.2,115.7,123.8,107.2,112.1,108.2,112.7,122.2
TOPCOAT-0091,1832,30:32,100.2,102.5,103.9,118.1,121.3,114.6,123.4,107.3,112.1,109.3,112.0,123.2
TOPCOAT-0091,1833,30:33,99.5,102.2,103.5,117.2,121.9,116.1,123.6,107.3,112.3,109.1,112.1,122.5
TOPCOAT-0091,1834,30:34,98.6,102.1,103.5,117.6,119.8,114.7,123.6,106.7,111.7,108.7,111.3,122.1
TOPCOAT-0091,1835,30:35,99.0,102.1,102.3,117.4,120.7,114.6,123.5,106.9,110.8,108.6,112.1,122.5
TOPCOAT-0091,1836,30:36,98.4,101.2,103.0,117.4,119.8,113.9,123.0,106.4,111.2,107.9,110.4,121.8
TOPCOAT-0091,1837,30:37,98.7,101.6,103.1,116.8,120.8,113.5,122.5,106.8,111.2,107.9,110.1,122.5
TOPCOAT-0091,1838,30:38,97.7,101.2,102.6,116.6,119.6,113.5,123.0,106.4,111.2,107.8,111.4,121.5
TOPCOAT-0091,1839,30:39,98.8,101.2,101.8,116.4,118.9,113.8,122.4,105.1,110.7,107.3,110.9,121.2
TOPCOAT-0091,1840,30:40,98.8,100.4,103.3,116.9,118.8,114.2,121.7,106.1,111.3,106.7,110.1,121.1
TOPCOAT-0091,1841,30:41,97.1,101.0,101.9,116.1,119.0,112.4,120.7,104.8,110.6,107.6,109.5,120.0
TOPCOAT-0091,1842,30:42,98.5,100.0,101.0,116.0,118.6,113.3,120.0,105.3,108.9,107.4,109.1,120.5
TOPCOAT-0091,1843,30:43,97.7,101.3,100.8,116.2,119.1,112.7,120.5,104.6,109.7,107.1,109.6,120.2
TOPCOAT-0091,1844,30:44,97.7,99.2,102.1,115.1,117.2,112.2,120.8,104.1,109.7,106.8,109.7,120.2
TOPCOAT-0091,1845,30:45,97.7,100.9,101.1,114.7,119.3,111.9,120.5,104.7,109.7,106.6,109.6,119.9
TOPCOAT-0091,1846,30:46,97.3,100.4,101.1,115.3,117.8,112.3,119.8,103.8,108.4,105.7,109.3,120.2
TOPCOAT-0091,1847,30:47,97.1,99.8,101.1,115.4,117.2,111.1,119.3,103.5,109.7,105.5,108.6,120.5
TOPCOAT-0091,1848,30:48,97.5,98.6,100.3,113.8,118.0,112.5,119.0,104.6,108.3,106.0,108.7,119.5
TOPCOAT-0091,1849,30:49,96.3,98.6,100.9,114.8,117.6,110.8,118.9,103.2,108.9,104.4,108.3,119.4
TOPCOAT-0091,1850,30:50,96.5,98.8,99.6,115.7,117.2,110.8,119.1,102.5,109.6,105.7,108.3,118.4
TOPCOAT-0091,1851,30:51,96.0,99.6,99.4,114.7,116.7,110.4,119.4,102.8,109.1,104.2,108.3,118.2
TOPCOAT-0091,1852,30:52,95.7,98.1,100.1,114.2,115.4,110.4,118.5,102.3,108.7,104.2,108.0,119.1
TOPCOAT-0091,1853,30:53,96.0,97.9,99.2,114.6,115.3,109.6,117.6,102.4,107.3,103.8,107.0,118.5
TOPCOAT-0091,1854,30:54,95.0,98.1,99.3,113.9,116.4,109.2,117.8,102.6,108.3,105.0,107.7,117.7
TOPCOAT-0091,1855,30:55,95.7,98.3,99.3,114.8,115.5,109.3,117.6,102.0,106.6,104.8,107.5,118.6
TOPCOAT-0091,1856,30:56,94.6,97.1,98.4,113.8,115.7,109.1,117.9,102.3,107.0,103.4,106.2,117.3
TOPCOAT-0091,1857,30:57,94.4,97.5,98.6,113.3,114.9,109.3,116.2,101.7,107.1,103.2,106.5,116.8
TOPCOAT-0091,1858,30:58,94.9,97.3,98.7,113.2,114.4,108.9,117.1,101.8,106.3,103.9,106.2,117.6
TOPCOAT-0091,1859,30:59,94.7,97.0,98.9,113.3,114.5,109.0,116.8,100.9,106.5,102.9,106.3,117.4
TOPCOAT-0091,1860,31:00,95.0,95.9,98.7,113.0,114.6,108.9,117.0,100.8,105.8,102.7,105.7,115.8
TOPCOAT-0091,1861,31:01,95.4,96.5,97.6,112.8,113.8,107.7,115.6,101.1,106.9,103.5,105.6,116.4
TOPCOAT-0091,1862,31:02,94.3,97.4,98.2,112.7,113.5,107.8,115.5,100.1,105.2,102.7,105.7,116.5
TOPCOAT-0091,1863,31:03,94.1,97.3,97.8,112.6,113.9,107.2,114.7,100.1,106.0,102.3,105.7,115.9
TOPCOAT-0091,1864,31:04,93.0,95.8,98.0,112.5,113.0,107.1,115.2,99.9,106.4,103.5,105.5,115.7
TOPCOAT-0091,1865,31:05,93.8,95.5,97.7,111.1,114.2,107.3,116.4,99.6,105.8,103.1,105.6,115.5
TOPCOAT-0091,1866,31:06,92.8,95.5,96.9,112.2,112.6,106.6,115.1,99.4,105.3,103.2,104.9,115.6
TOPCOAT-0091,1867,31:07,93.6,95.5,96.5,111.6,112.8,106.2,114.6,98.8,104.8,101.4,105.3,115.3
TOPCOAT-0091,1868,31:08,94.4,95.3,96.5,110.4,113.3,105.6,115.4,98.2,105.2,101.3,104.6,114.7
TOPCOAT-0091,1869,31:09,93.0,95.5,96.9,111.5,112.2,105.8,114.5,97.5,104.1,101.8,103.0,114.8
TOPCOAT-0091,1870,31:10,93.5,95.0,96.6,110.9,111.6,106.6,114.6,98.1,103.6,100.8,104.6,114.3
TOPCOAT-0091,1871,31:11,92.6,94.6,95.9,111.3,112.1,105.9,113.4,98.7,104.3,100.8,104.9,114.5
TOPCOAT-0091,1872,31:12,92.3,94.1,96.1,110.2,111.0,106.5,114.0,98.6,103.9,100.4,103.4,114.6
TOPCOAT-0091,1873,31:13,91.9,94.4,95.5,109.2,110.9,104.1,113.7,97.9,103.6,100.6,103.3,114.3
TOPCOAT-0091,1874,31:14,92.6,93.8,96.0,110.6,110.7,104.2,113.5,99.0,104.6,99.6,103.6,114.3
TOPCOAT-0091,1875,31:15,92.6,94.0,96.2,110.0,110.2,105.1,112.2,96.9,104.1,101.1,103.1,114.1
TOPCOAT-0091,1876,31:16,92.0,93.3,95.7,109.5,110.4,104.8,112.0,96.8,102.6,100.4,102.6,114.2
TOPCOAT-0091,1877,31:17,92.0,93.9,94.9,110.7,109.5,103.3,112.0,97.3,103.7,100.7,103.5,113.9
TOPCOAT-0091,1878,31:18,92.0,93.4,94.6,108.9,109.9,103.8,112.2,96.1,103.2,100.2,101.9,113.8
TOPCOAT-0091,1879,31:19,91.9,93.3,95.4,110.2,110.4,103.5,112.4,97.1,103.0,99.6,101.8,113.1
TOPCOAT-0091,1880,31:20,92.4,93.3,93.7,109.0,109.8,104.0,111.6,97.1,102.3,99.3,102.9,113.5
TOPCOAT-0091,1881,31:21,90.2,94.4,95.1,108.8,109.5,102.8,110.6,96.3,101.6,98.3,103.0,112.3
TOPCOAT-0091,1882,31:22,91.6,92.8,95.2,109.8,109.6,102.4,111.7,95.7,102.2,99.1,102.0,113.2
TOPCOAT-0091,1883,31:23,90.5,91.8,94.6,109.1,108.0,102.8,111.7,95.7,102.3,99.1,101.8,111.4
TOPCOAT-0091,1884,31:24,90.0,92.8,94.6,108.6,108.8,102.7,110.8,96.3,101.8,98.2,102.7,111.9
TOPCOAT-0091,1885,31:25,90.5,92.7,93.7,109.1,109.1,102.2,110.9,96.2,101.6,99.5,101.0,112.0
TOPCOAT-0091,1886,31:26,89.9,91.8,93.5,107.9,108.6,101.9,109.9,94.7,101.8,97.8,100.7,111.5
TOPCOAT-0091,1887,31:27,90.2,91.9,93.5,108.2,107.7,101.9,110.4,94.3,100.9,98.2,100.5,110.9
TOPCOAT-0091,1888,31:28,90.3,92.2,93.7,107.4,107.9,101.8,109.7,94.8,101.0,98.0,100.6,111.6
TOPCOAT-0091,1889,31:29,89.4,92.0,93.7,106.7,108.0,101.0,109.9,94.6,101.1,97.8,101.0,110.6
TOPCOAT-0091,1890,31:30,89.9,91.8,93.8,106.2,107.7,101.8,109.7,93.9,101.0,97.8,99.8,111.8
TOPCOAT-0091,1891,31:31,89.6,91.4,92.4,107.2,107.9,101.5,108.6,93.1,101.4,96.8,100.2,110.9
TOPCOAT-0091,1892,31:32,88.8,90.5,92.0,106.7,107.7,100.3,109.8,94.6,100.9,96.9,100.0,110.7
TOPCOAT-0091,1893,31:33,89.4,91.9,92.9,107.2,106.4,99.6,109.1,92.8,100.7,97.5,100.5,110.1
TOPCOAT-0091,1894,31:34,88.6,90.4,93.2,106.8,106.0,100.4,107.5,93.7,100.0,97.3,99.6,109.7
TOPCOAT-0091,1895,31:35,88.7,89.7,92.4,106.0,106.1,99.8,108.5,92.7,99.3,96.6,98.7,110.1
TOPCOAT-0091,1896,31:36,88.6,90.0,91.5,106.7,106.4,100.0,107.4,93.2,99.7,96.3,98.7,110.0
TOPCOAT-0091,1897,31:37,88.0,90.0,91.8,106.3,105.9,100.7,108.2,92.6,98.5,97.0,97.7,109.4
TOPCOAT-0091,1898,31:38,89.2,90.8,91.9,105.4,106.2,99.3,108.3,93.3,98.8,95.2,98.1,109.9
TOPCOAT-0091,1899,31:39,88.7,89.3,91.6,106.1,106.1,99.4,107.7,93.1,99.9,95.8,99.5,109.8
TOPCOAT-0091,1900,31:40,87.6,89.2,92.2,105.9,105.3,99.4,106.9,91.8,99.8,95.6,97.9,108.0
TOPCOAT-0091,1901,31:41,87.8,89.2,91.2,105.9,105.1,99.0,106.8,92.8,99.3,96.0,97.8,108.9
TOPCOAT-0091,1902,31:42,87.8,88.8,90.0,106.0,105.5,99.3,106.4,92.2,98.9,94.6,97.7,109.3
TOPCOAT-0091,1903,31:43,88.5,89.0,91.0,105.1,104.7,97.4,106.0,92.0,99.1,95.2,98.8,107.8
TOPCOAT-0091,1904,31:44,88.4,88.9,90.1,105.9,104.9,98.5,106.3,91.1,98.4,95.0,97.9,108.6
TOPCOAT-0091,1905,31:45,87.5,88.7,91.0,105.1,104.9,99.2,106.7,92.3,98.7,95.7,97.2,108.3
TOPCOAT-0091,1906,31:46,87.5,88.5,91.1,104.7,103.6,97.9,106.0,92.2,97.6,94.1,97.6,108.4
TOPCOAT-0091,1907,31:47,87.4,88.1,91.2,104.9,104.7,97.1,105.1,90.9,96.8,94.9,97.2,107.5
TOPCOAT-0091,1908,31:48,86.6,87.6,91.7,104.1,104.1,97.4,105.1,90.4,97.8,93.7,97.0,107.5
TOPCOAT-0091,1909,31:49,86.4,88.5,90.3,103.8,102.0,96.8,105.6,91.3,96.9,94.1,96.0,107.6
TOPCOAT-0091,1910,31:50,85.4,87.8,90.2,104.0,104.1,96.9,104.9,90.7,96.8,94.5,96.8,107.1
TOPCOAT-0091,1911,31:51,85.7,88.8,89.8,103.7,102.9,96.9,103.5,89.7,96.1,94.1,95.7,107.8
TOPCOAT-0091,1912,31:52,86.5,87.7,89.9,103.7,102.7,97.3,103.7,90.4,96.5,92.9,96.0,106.6
TOPCOAT-0091,1913,31:53,85.5,87.2,90.2,104.6,103.3,96.8,104.5,89.8,96.8,93.9,96.0,107.0
TOPCOAT-0091,1914,31:54,85.9,87.0,88.8,104.0,103.8,96.6,103.2,89.5,96.4,93.2,94.7,106.3
TOPCOAT-0091,1915,31:55,85.9,86.8,88.5,103.5,102.6,96.8,103.0,89.6,96.3,92.1,96.5,106.4
TOPCOAT-0091,1916,31:56,85.6,87.1,87.8,103.4,102.4,95.8,104.0,87.7,96.6,92.7,95.0,105.8
TOPCOAT-0091,1917,31:57,85.3,86.7,89.0,102.8,101.9,95.7,104.1,89.7,96.5,92.2,95.4,106.5
TOPCOAT-0091,1918,31:58,84.3,87.2,88.6,103.2,101.3,95.8,104.0,88.3,95.8,93.0,94.5,105.8
TOPCOAT-0091,1919,31:59,85.8,86.3,88.7,102.1,102.0,94.5,103.2,89.3,95.3,92.5,95.8,106.3
TOPCOAT-0091,1920,32:00,85.1,86.5,89.0,103.0,101.5,94.9,102.4,87.8,95.2,92.7,95.4,105.5
TOPCOAT-0091,1921,32:01,86.4,86.2,88.3,102.7,102.2,95.2,101.8,88.0,95.1,91.4,94.9,105.8
TOPCOAT-0091,1922,32:02,85.2,86.3,88.5,102.3,101.6,95.5,101.6,87.6,95.4,92.2,94.3,105.2
TOPCOAT-0091,1923,32:03,84.7,84.5,88.3,102.1,100.6,94.6,102.2,87.5,94.9,92.3,93.8,105.0
TOPCOAT-0091,1924,32:04,83.2,86.6,87.7,102.3,100.2,94.4,101.7,88.3,95.1,91.6,94.0,105.3
TOPCOAT-0091,1925,32:05,84.4,85.7,87.4,101.5,100.0,94.0,101.6,87.0,94.0,91.2,93.7,104.1
TOPCOAT-0091,1926,32:06,84.3,85.3,88.1,102.1,100.6,94.3,101.9,87.0,94.8,90.6,94.7,104.1
TOPCOAT-0091,1927,32:07,84.0,85.6,87.2,102.7,99.8,93.3,101.6,86.2,94.4,91.7,93.2,104.3
TOPCOAT-0091,1928,32:08,84.2,86.1,86.9,101.5,100.0,94.5,101.6,87.0,94.4,91.7,93.6,104.4
TOPCOAT-0091,1929,32:09,82.6,85.9,87.1,101.1,99.4,93.6,101.4,86.9,94.2,91.5,93.0,103.7
TOPCOAT-0091,1930,32:10,84.1,84.1,86.4,101.3,98.9,93.7,100.6,87.5,93.1,90.8,93.8,103.5
TOPCOAT-0091,1931,32:11,83.0,84.2,85.9,101.6,98.9,93.4,100.2,86.6,93.9,89.5,93.5,103.7
TOPCOAT-0091,1932,32:12,82.3,84.8,86.7,101.2,99.0,92.9,100.3,86.0,93.7,90.6,92.1,102.9
TOPCOAT-0091,1933,32:13,83.2,84.2,86.3,100.9,98.5,92.4,100.8,86.4,93.3,89.4,92.3,103.7
TOPCOAT-0091,1934,32:14,82.9,84.3,86.4,100.5,98.7,92.1,99.1,86.2,94.3,90.5,92.3,102.9
TOPCOAT-0091,1935,32:15,82.5,84.0,86.7,100.4,99.0,92.1,99.6,85.4,93.5,89.0,90.9,102.7
TOPCOAT-0091,1936,32:16,82.8,82.5,86.3,100.5,98.3,91.5,100.1,85.8,92.7,89.1,92.4,102.4
TOPCOAT-0091,1937,32:17,82.9,83.8,86.5,100.2,98.0,92.4,98.6,84.6,92.2,89.0,91.6,102.4
TOPCOAT-0091,1938,32:18,81.8,83.2,85.5,99.4,98.9,92.2,99.5,85.9,92.5,88.9,91.3,102.6
TOPCOAT-0091,1939,32:19,81.7,83.4,85.5,100.1,97.7,91.3,99.3,85.7,93.8,89.3,91.0,102.3
TOPCOAT-0091,1940,32:20,80.9,82.5,85.4,99.1,97.4,91.9,99.6,84.8,92.4,88.7,90.8,101.9
TOPCOAT-0091,1941,32:21,82.4,83.7,84.7,99.6,97.0,91.3,98.5,84.8,91.3,89.5,91.3,100.6
TOPCOAT-0091,1942,32:22,82.2,83.2,84.4,98.9,96.5,90.3,98.9,84.7,92.0,88.9,90.8,101.9
TOPCOAT-0091,1943,32:23,82.5,81.9,85.2,99.2,97.0,90.7,98.3,83.2,91.3,88.2,90.4,102.0
TOPCOAT-0091,1944,32:24,81.2,82.8,85.3,99.2,96.1,90.3,97.8,84.3,91.7,87.8,90.7,100.6
TOPCOAT-0091,1945,32:25,81.3,83.3,84.9,98.2,96.8,91.3,97.7,84.7,90.9,87.9,89.3,100.8
TOPCOAT-0091,1946,32:26,81.5,82.2,84.1,98.7,96.1,90.5,97.2,83.3,91.4,88.9,90.2,100.4
TOPCOAT-0091,1947,32:27,80.6,82.3,84.5,98.9,96.2,90.5,97.1,83.4,90.5,87.7,90.4,100.7
TOPCOAT-0091,1948,32:28,80.8,82.8,84.7,97.7,95.9,90.0,96.8,83.5,90.7,87.4,90.1,100.8
TOPCOAT-0091,1949,32:29,80.7,81.7,84.0,97.5,96.0,88.7,97.4,82.9,91.3,87.2,90.0,100.2
TOPCOAT-0091,1950,32:30,80.8,81.8,84.7,98.8,96.0,89.4,96.4,83.0,90.7,87.7,89.5,100.5
TOPCOAT-0091,1951,32:31,80.7,81.9,83.3,98.3,96.7,89.1,96.2,81.9,90.9,87.0,89.1,100.1
TOPCOAT-0091,1952,32:32,79.7,81.8,83.9,98.0,94.7,88.7,97.0,82.7,90.5,86.9,89.2,100.1
TOPCOAT-0091,1953,32:33,79.9,81.2,83.6,97.9,96.3,89.0,95.7,82.5,90.2,87.4,89.4,100.1
TOPCOAT-0091,1954,32:34,80.1,81.5,83.5,97.1,95.7,88.8,95.9,81.9,89.6,86.6,89.1,100.2
TOPCOAT-0091,1955,32:35,80.0,80.4,83.3,96.8,95.3,89.1,95.5,83.4,90.3,86.2,89.1,99.6
TOPCOAT-0091,1956,32:36,78.6,80.7,83.4,97.2,94.3,88.9,96.2,81.7,89.3,86.1,89.4,99.3
TOPCOAT-0091,1957,32:37,79.8,80.6,83.0,97.4,94.7,89.3,95.2,81.9,88.8,86.5,88.5,99.0
TOPCOAT-0091,1958,32:38,80.0,80.3,82.9,97.0,93.5,87.8,96.1,82.1,89.7,86.2,88.8,99.7
TOPCOAT-0091,1959,32:39,79.5,80.3,82.5,96.9,93.9,88.0,95.7,81.9,89.7,86.5,88.8,98.5
TOPCOAT-0091,1960,32:40,79.3,79.8,82.2,96.8,93.9,87.9,95.8,81.7,88.8,86.0,88.3,99.5
TOPCOAT-0091,1961,32:41,78.7,79.7,82.7,96.8,93.6,87.3,94.9,81.3,89.1,86.0,87.9,99.4
TOPCOAT-0091,1962,32:42,79.4,79.9,81.9,96.8,94.0,88.0,95.4,81.9,89.1,85.6,87.8,99.2
TOPCOAT-0091,1963,32:43,79.6,79.3,82.0,95.9,93.3,86.9,95.0,80.8,89.7,84.9,88.7,98.8
TOPCOAT-0091,1964,32:44,78.4,79.6,81.3,96.1,93.9,86.9,93.8,79.9,88.3,85.6,87.7,97.8
TOPCOAT-0091,1965,32:45,78.2,79.3,82.2,95.0,92.2,86.9,94.5,80.2,88.5,85.5,87.1,97.6
TOPCOAT-0091,1966,32:46,79.1,79.2,81.1,96.5,92.4,86.0,93.6,80.3,88.1,85.4,87.3,98.5
TOPCOAT-0091,1967,32:47,78.1,78.9,80.9,95.8,92.9,86.1,94.5,79.6,88.9,84.8,86.4,97.8
TOPCOAT-0091,1968,32:48,78.3,79.2,81.4,95.6,92.8,86.1,93.8,80.3,88.2,84.9,86.9,97.4
TOPCOAT-0091,1969,32:49,78.3,78.2,81.9,96.2,92.3,86.7,93.6,79.9,87.8,84.8,86.8,97.8
TOPCOAT-0091,1970,32:50,77.8,78.8,81.7,95.1,92.6,85.5,92.2,79.6,87.9,84.6,85.5,97.6
TOPCOAT-0091,1971,32:51,78.8,78.5,81.2,94.3,92.4,86.3,93.1,79.6,87.5,84.3,86.7,97.2
TOPCOAT-0091,1972,32:52,77.7,78.3,81.6,95.3,92.6,85.9,92.8,79.1,87.5,83.5,86.2,96.6
TOPCOAT-0091,1973,32:53,77.6,78.9,80.2,96.1,92.0,85.6,92.5,79.0,87.8,83.5,86.3,96.6
TOPCOAT-0091,1974,32:54,76.7,78.5,81.3,94.9,92.3,85.8,93.5,79.4,86.9,84.5,85.6,96.6
TOPCOAT-0091,1975,32:55,77.6,79.1,80.4,95.1,92.2,85.2,93.2,78.8,87.6,84.8,86.3,97.2
TOPCOAT-0091,1976,32:56,77.0,77.5,80.2,94.3,91.2,84.9,92.1,78.8,87.0,83.8,86.0,96.7
TOPCOAT-0091,1977,32:57,77.7,77.4,80.8,94.3,91.1,84.3,91.9,79.1,86.8,84.1,85.3,96.5
TOPCOAT-0091,1978,32:58,75.9,77.5,80.5,94.0,92.2,85.6,91.7,78.3,87.1,83.6,85.5,96.0
TOPCOAT-0091,1979,32:59,77.1,77.0,79.7,93.7,91.0,84.7,92.2,78.4,86.2,82.6,85.3,95.9
TOPCOAT-0091,1980,33:00,77.0,77.4,79.4,94.3,91.4,84.2,90.8,78.0,85.9,84.2,85.4,96.0
TOPCOAT-0091,1981,33:01,76.8,77.5,80.2,93.3,91.3,84.1,91.3,78.0,87.1,82.7,85.2,95.9
TOPCOAT-0091,1982,33:02,76.4,77.4,80.6,93.9,89.8,84.9,90.9,78.1,85.9,83.1,84.6,95.1
TOPCOAT-0091,1983,33:03,75.3,77.4,80.0,93.7,90.6,84.4,90.1,78.0,85.9,82.8,84.9,96.0
TOPCOAT-0091,1984,33:04,75.8,76.9,79.6,93.5,90.4,83.5,90.4,77.9,86.2,82.6,85.7,95.8
TOPCOAT-0091,1985,33:05,76.1,76.4,78.8,92.6,89.6,83.1,90.5,77.1,85.3,81.9,84.1,95.5
TOPCOAT-0091,1986,33:06,76.2,76.7,79.6,93.5,90.5,83.9,90.2,76.4,85.7,82.4,84.3,94.4
TOPCOAT-0091,1987,33:07,75.8,76.2,79.1,92.2,89.4,82.9,90.2,76.4,85.7,82.0,83.6,94.6
TOPCOAT-0091,1988,33:08,74.9,76.6,78.9,93.4,90.4,82.9,91.0,77.0,85.2,81.1,83.7,94.1
TOPCOAT-0091,1989,33:09,76.3,77.0,78.8,92.6,88.7,82.8,90.2,76.6,85.3,82.4,84.5,94.9
TOPCOAT-0091,1990,33:10,75.0,75.8,79.2,92.9,89.6,82.0,91.3,76.3,84.8,81.7,83.8,93.2
TOPCOAT-0091,1991,33:11,75.6,76.4,77.9,91.6,89.5,83.6,89.8,77.6,84.1,81.7,83.3,94.4
TOPCOAT-0091,1992,33:12,75.5,76.1,78.5,92.9,88.2,82.0,89.1,77.0,83.9,81.9,84.2,94.2
TOPCOAT-0091,1993,33:13,75.2,75.3,77.7,92.1,89.5,82.1,90.4,76.1,85.3,81.9,82.8,94.4
TOPCOAT-0091,1994,33:14,75.2,75.1,78.1,92.1,88.2,81.5,88.7,75.8,84.4,82.2,83.0,93.8
TOPCOAT-0091,1995,33:15,74.6,76.4,78.1,91.0,87.8,81.9,89.3,75.5,85.0,80.5,82.7,93.4
TOPCOAT-0091,1996,33:16,73.4,74.1,77.8,91.9,88.2,82.2,89.5,75.7,84.1,81.3,82.9,94.1
TOPCOAT-0091,1997,33:17,74.1,76.4,78.1,92.3,88.0,81.5,89.3,75.3,83.7,81.3,82.9,92.9
TOPCOAT-0091,1998,33:18,74.1,75.1,77.4,91.6,87.7,81.5,88.6,75.2,84.1,80.0,83.9,92.9
TOPCOAT-0091,1999,33:19,73.6,75.1,76.8,92.1,87.7,81.0,87.9,75.6,83.5,80.1,83.3,92.6
TOPCOAT-0091,2000,33:20,74.3,75.3,77.4,91.0,86.8,81.2,89.0,75.5,82.7,80.5,82.2,93.4
TOPCOAT-0091,2001,33:21,74.7,75.4,77.7,91.0,88.0,80.5,88.2,75.7,83.9,79.7,81.6,92.1
TOPCOAT-0091,2002,33:22,74.3,73.8,76.7,91.5,87.7,81.4,88.5,74.7,83.8,80.0,81.9,92.5
TOPCOAT-0091,2003,33:23,73.5,74.1,77.8,91.0,86.6,80.6,87.5,76.2,84.0,80.2,82.2,92.6
TOPCOAT-0091,2004,33:24,72.7,75.2,77.4,91.1,87.2,80.4,88.4,74.5,82.9,79.9,81.1,91.5
TOPCOAT-0091,2005,33:25,72.7,74.8,76.5,90.7,87.0,80.7,87.9,74.8,83.0,79.0,81.3,92.0
TOPCOAT-0091,2006,33:26,73.7,75.3,76.7,90.8,87.7,80.1,87.4,73.9,83.0,80.2,81.1,91.6
TOPCOAT-0091,2007,33:27,73.1,74.0,76.3,89.4,86.9,80.5,87.0,73.4,83.2,79.6,80.4,92.1
TOPCOAT-0091,2008,33:28,73.6,73.9,75.7,90.6,86.6,80.0,87.4,73.9,83.1,79.5,81.2,92.2
TOPCOAT-0091,2009,33:29,72.6,73.4,75.6,90.1,86.7,79.5,86.2,74.7,81.8,78.6,81.8,91.7
TOPCOAT-0091,2010,33:30,72.9,72.7,76.6,89.6,87.5,80.6,86.2,72.7,82.5,79.4,81.8,91.7
TOPCOAT-0091,2011,33:31,72.8,73.6,76.3,90.5,85.8,79.8,86.6,73.5,82.4,80.5,80.7,91.8
TOPCOAT-0091,2012,33:32,72.9,74.2,75.4,90.2,86.3,80.2,85.9,73.1,81.7,78.1,80.8,91.8
TOPCOAT-0091,2013,33:33,72.1,72.9,75.6,89.4,85.6,79.5,85.8,72.9,81.7,78.8,80.5,91.1
TOPCOAT-0091,2014,33:34,72.9,73.2,75.5,89.5,85.2,79.7,86.6,73.1,81.3,77.9,80.8,89.5
TOPCOAT-0091,2015,33:35,72.0,73.4,75.1,89.4,85.8,78.8,86.1,73.6,81.5,78.2,80.3,90.3
TOPCOAT-0091,2016,33:36,72.3,72.8,75.4,89.7,86.3,79.8,84.7,73.2,81.1,77.8,79.9,90.0
TOPCOAT-0091,2017,33:37,73.0,72.4,75.6,89.3,86.2,77.6,85.7,72.7,81.9,78.2,79.7,90.0
TOPCOAT-0091,2018,33:38,71.6,72.7,75.2,88.9,85.5,78.6,85.3,72.3,81.0,79.1,80.0,91.4
TOPCOAT-0091,2019,33:39,71.7,72.5,75.5,89.5,84.9,78.8,86.6,72.5,81.5,78.1,78.9,90.9
TOPCOAT-0091,2020,33:40,72.3,71.3,75.9,88.0,84.4,78.9,85.7,72.0,80.8,77.6,80.3,89.8
TOPCOAT-0091,2021,33:41,71.9,72.6,74.5,88.5,85.0,77.5,85.4,71.6,80.8,78.5,79.7,89.5
TOPCOAT-0091,2022,33:42,71.4,71.4,74.8,88.8,84.4,77.2,84.6,71.6,80.6,76.8,80.1,89.7
TOPCOAT-0091,2023,33:43,71.3,71.8,74.9,88.6,84.5,77.9,84.5,72.4,81.2,77.3,79.4,89.4
TOPCOAT-0091,2024,33:44,71.1,72.3,75.6,89.2,84.7,77.3,84.1,71.7,81.1,77.8,79.2,90.6
TOPCOAT-0091,2025,33:45,71.1,72.4,74.5,88.0,83.7,77.5,84.9,70.4,80.9,76.4,78.3,90.2
TOPCOAT-0091,2026,33:46,70.5,71.5,74.9,88.1,84.3,77.9,85.1,71.9,81.0,77.5,79.0,88.6
TOPCOAT-0091,2027,33:47,70.6,72.1,73.8,88.5,84.4,77.6,83.4,70.1,80.9,76.6,78.7,90.0
TOPCOAT-0091,2028,33:48,71.3,71.9,73.3,87.5,83.0,77.5,83.8,71.0,80.4,76.6,78.6,88.8
TOPCOAT-0091,2029,33:49,70.7,70.8,73.9,88.0,83.8,77.6,83.8,70.6,80.8,76.7,78.3,89.3
TOPCOAT-0091,2030,33:50,71.0,71.3,74.0,88.0,83.9,77.3,84.1,71.1,79.4,76.3,79.0,88.1
TOPCOAT-0091,2031,33:51,69.9,71.9,73.8,87.8,83.5,76.8,83.7,71.2,80.3,76.0,78.2,88.0
TOPCOAT-0091,2032,33:52,70.6,71.1,73.6,87.5,82.8,76.7,83.7,71.6,80.0,77.0,77.6,87.8
TOPCOAT-0091,2033,33:53,70.6,71.5,73.1,87.0,83.7,75.9,83.2,71.1,80.1,76.3,77.7,88.2
TOPCOAT-0091,2034,33:54,70.7,69.8,73.8,87.7,83.2,75.9,83.8,71.1,79.6,75.2,78.5,88.3
TOPCOAT-0091,2035,33:55,69.6,70.8,73.2,87.6,83.6,75.8,83.3,70.4,79.5,75.7,77.6,88.7
TOPCOAT-0091,2036,33:56,70.2,69.8,72.9,86.8,82.5,76.0,82.3,70.2,78.1,76.1,78.3,87.2
TOPCOAT-0091,2037,33:57,69.3,70.3,72.5,86.4,82.2,76.1,83.0,71.0,79.1,75.6,77.8,88.5
TOPCOAT-0091,2038,33:58,70.7,71.1,73.8,86.2,82.6,75.9,82.2,69.5,79.6,76.7,77.1,88.5
TOPCOAT-0091,2039,33:59,70.6,69.7,72.8,86.9,82.3,75.5,81.2,69.3,78.2,75.5,76.9,88.2
TOPCOAT-0091,2040,34:00,69.7,69.4,73.3,86.4,82.6,75.4,82.5,69.3,78.7,74.6,76.7,87.9
TOPCOAT-0091,2041,34:01,69.4,69.6,72.9,86.3,82.3,75.2,82.1,70.5,79.2,74.8,78.1,88.2
TOPCOAT-0091,2042,34:02,69.9,69.3,72.0,86.8,81.0,74.7,82.0,69.1,78.4,74.9,78.0,85.8
TOPCOAT-0091,2043,34:03,69.2,70.0,72.7,86.7,81.7,75.7,82.1,69.2,78.9,75.3,76.7,87.5
TOPCOAT-0091,2044,34:04,69.2,69.8,72.7,86.4,81.0,74.4,82.0,69.4,78.3,75.0,77.7,86.6
TOPCOAT-0091,2045,34:05,68.8,69.1,72.8,85.7,82.2,74.1,82.3,68.6,78.2,73.9,76.8,87.2
TOPCOAT-0091,2046,34:06,69.2,70.4,72.4,86.4,80.9,74.8,81.4,68.9,77.8,74.3,77.2,86.7
TOPCOAT-0091,2047,34:07,69.1,70.8,71.9,85.6,81.8,75.3,82.5,68.2,78.3,73.9,76.1,86.1
TOPCOAT-0091,2048,34:08,69.0,70.2,71.9,86.1,81.5,74.6,81.7,68.6,78.0,74.8,75.0,86.2
TOPCOAT-0091,2049,34:09,69.0,70.1,72.8,86.0,80.5,73.8,81.4,68.2,79.1,73.5,75.9,85.8
TOPCOAT-0091,2050,34:10,67.9,69.7,72.1,85.5,81.0,74.1,80.9,68.0,77.9,73.7,76.0,85.4
TOPCOAT-0091,2051,34:11,69.3,69.0,71.4,84.9,80.9,74.4,80.3,69.4,76.6,73.9,76.0,86.0
TOPCOAT-0091,2052,34:12,68.8,68.7,71.7,85.1,80.7,73.3,80.5,68.4,77.5,74.1,74.8,86.7
TOPCOAT-0091,2053,34:13,67.8,69.1,72.0,85.3,79.9,73.7,81.0,67.5,77.6,74.4,76.0,86.1
TOPCOAT-0091,2054,34:14,68.4,68.3,71.4,86.0,80.0,73.2,81.1,67.4,77.3,73.3,75.3,85.2
TOPCOAT-0091,2055,34:15,67.5,67.9,71.0,85.4,80.9,73.8,80.7,67.1,77.3,73.1,75.3,85.9
TOPCOAT-0091,2056,34:16,67.9,68.4,71.4,84.9,79.4,73.4,80.1,68.0,76.7,73.0,75.3,86.1
TOPCOAT-0091,2057,34:17,67.5,68.2,71.1,85.6,80.4,73.3,79.9,67.2,76.4,73.1,74.8,84.6
TOPCOAT-0091,2058,34:18,67.1,68.0,70.5,85.7,79.4,73.0,79.9,67.1,76.9,72.6,76.6,86.2
TOPCOAT-0091,2059,34:19,67.4,67.7,70.6,84.8,80.0,73.0,79.9,66.4,75.8,72.9,76.0,85.5
TOPCOAT-0091,2060,34:20,66.8,68.1,70.5,84.4,79.7,72.1,80.1,68.0,76.8,73.3,74.5,84.5
TOPCOAT-0091,2061,34:21,67.5,67.5,70.9,85.0,78.3,73.1,79.9,66.4,76.0,73.1,74.9,85.5
TOPCOAT-0091,2062,34:22,67.2,67.6,70.8,85.0,79.7,72.3,79.5,65.6,77.1,72.6,74.4,85.1
TOPCOAT-0091,2063,34:23,67.1,67.7,70.9,84.0,79.5,72.6,78.5,66.4,75.6,73.3,74.7,83.7
TOPCOAT-0091,2064,34:24,67.4,67.6,70.1,83.6,79.7,72.6,79.5,66.1,76.0,72.2,74.1,83.9
TOPCOAT-0091,2065,34:25,67.2,67.2,69.9,84.8,79.0,72.1,80.1,67.1,76.5,73.3,74.3,83.7
TOPCOAT-0091,2066,34:26,67.0,67.0,70.9,84.0,78.5,72.8,79.9,66.8,76.3,71.9,74.5,84.6
TOPCOAT-0091,2067,34:27,66.7,66.7,70.4,84.4,77.9,71.7,78.6,66.1,76.0,72.0,74.9,83.6
TOPCOAT-0091,2068,34:28,66.8,67.4,70.0,83.1,78.6,72.0,78.7,65.9,75.8,72.2,73.9,83.5
TOPCOAT-0091,2069,34:29,66.7,67.1,70.5,84.2,78.4,72.2,77.8,65.5,75.2,72.7,73.6,84.7
TOPCOAT-0091,2070,34:30,67.0,66.8,70.4,83.6,78.5,71.9,78.4,66.0,75.9,72.2,73.9,83.6
TOPCOAT-0091,2071,34:31,66.5,66.9,69.4,83.7,78.4,71.8,78.5,65.6,76.2,71.3,73.8,84.1
TOPCOAT-0091,2072,34:32,66.6,65.8,69.7,82.3,78.3,71.7,77.9,65.2,75.3,71.9,73.6,83.6
TOPCOAT-0091,2073,34:33,66.2,67.5,70.1,82.9,78.4,70.9,77.6,65.6,75.0,70.6,74.4,84.4
TOPCOAT-0091,2074,34:34,65.5,67.0,68.6,82.8,78.0,71.7,78.4,65.5,75.2,71.2,73.4,83.3
TOPCOAT-0091,2075,34:35,66.1,66.9,69.8,82.6,78.0,71.5,77.6,65.7,74.8,70.4,74.2,83.1
TOPCOAT-0091,2076,34:36,66.0,66.8,70.9,82.2,77.6,71.4,77.1,65.8,74.8,71.1,73.3,83.4
TOPCOAT-0091,2077,34:37,65.6,66.1,69.2,83.5,76.9,70.8,77.4,65.9,74.4,71.0,72.8,83.7
TOPCOAT-0091,2078,34:38,65.6,65.6,68.8,83.3,77.9,70.5,77.8,64.6,74.6,71.3,73.0,82.8
TOPCOAT-0091,2079,34:39,64.9,65.9,68.1,82.1,77.7,70.6,77.2,64.2,74.6,70.7,72.6,82.1
TOPCOAT-0091,2080,34:40,65.4,65.4,68.3,82.0,76.6,70.7,77.0,64.4,74.2,70.7,72.6,82.9
TOPCOAT-0091,2081,34:41,65.3,66.2,69.2,82.4,77.1,70.7,77.4,65.2,74.9,70.8,72.6,82.3
TOPCOAT-0091,2082,34:42,64.6,65.5,68.0,81.8,77.0,70.5,76.7,64.5,74.2,69.9,72.6,82.6
TOPCOAT-0091,2083,34:43,65.0,67.1,68.5,81.9,76.9,70.0,76.9,64.8,73.0,70.2,71.9,81.9
TOPCOAT-0091,2084,34:44,64.0,65.9,68.9,82.8,77.1,70.6,76.1,64.4,74.1,70.4,72.6,82.0
TOPCOAT-0091,2085,34:45,64.7,65.6,67.5,81.8,75.6,70.1,76.9,64.2,73.9,70.4,71.7,83.0
TOPCOAT-0091,2086,34:46,65.1,65.5,67.8,82.2,76.9,70.3,76.4,64.6,74.6,70.1,72.0,81.2
TOPCOAT-0091,2087,34:47,64.8,65.7,67.8,82.0,76.9,69.4,75.9,63.9,73.2,69.0,72.1,81.4
TOPCOAT-0091,2088,34:48,64.6,64.8,69.0,81.3,76.0,68.9,75.6,63.8,73.8,70.3,72.3,80.9
TOPCOAT-0091,2089,34:49,64.8,66.4,68.1,82.3,76.9,69.1,76.7,64.0,72.2,69.6,71.3,82.3
TOPCOAT-0091,2090,34:50,64.3,64.7,67.7,81.4,76.7,69.1,75.2,62.6,73.7,69.4,71.2,82.2
TOPCOAT-0091,2091,34:51,63.7,65.1,67.9,81.6,76.3,68.9,75.7,64.5,73.5,69.2,71.1,81.1
TOPCOAT-0091,2092,34:52,64.8,64.8,67.6,81.0,76.5,70.4,75.6,65.0,73.0,69.0,70.9,81.5
TOPCOAT-0091,2093,34:53,62.7,64.3,66.9,81.5,76.0,69.0,75.7,62.6,73.3,70.0,72.2,79.9
TOPCOAT-0091,2094,34:54,64.1,64.2,67.5,81.0,76.3,68.7,75.2,63.3,72.9,68.7,71.4,80.8
TOPCOAT-0091,2095,34:55,63.6,64.5,67.1,81.7,76.0,68.2,74.9,63.4,72.9,69.6,70.4,82.0
TOPCOAT-0091,2096,34:56,65.1,64.1,67.5,81.2,75.4,68.4,74.9,62.3,72.8,68.9,71.1,80.9
TOPCOAT-0091,2097,34:57,64.0,64.2,67.4,81.8,75.3,68.6,75.5,63.8,72.9,69.5,70.4,81.1
TOPCOAT-0091,2098,34:58,64.5,63.8,66.9,80.3,75.8,68.7,74.4,62.6,72.6,69.1,70.1,80.2
TOPCOAT-0091,2099,34:59,64.1,63.7,68.7,81.2,75.1,68.2,74.2,61.9,72.6,68.1,70.3,79.8
