trial_id,time_s,time_mmss,T_LH_HOOD,T_LH_FENDER,T_LH_FRONT_DOOR,T_LH_REAR_DOOR,T_LH_Q_P,T_LH_T_G,T_RH_T_G,T_RH_Q_P,T_RH_REAR_DOOR,T_RH_FR_DOOR,T_RH_FENDER,T_RH_HOOD
TOPCOAT-0023,0,00:00,35.0,35.3,35.0,34.3,35.3,35.0,34.6,34.4,34.2,35.4,34.6,36.0
TOPCOAT-0023,1,00:01,35.2,34.8,34.5,36.4,34.8,35.3,35.2,35.0,34.9,35.0,35.2,35.1
TOPCOAT-0023,2,00:02,35.4,36.6,35.2,35.2,35.0,35.4,34.3,35.7,36.1,35.9,34.0,34.5
TOPCOAT-0023,3,00:03,34.9,35.5,34.6,35.4,34.3,34.4,34.7,35.1,35.1,34.4,34.8,35.9
TOPCOAT-0023,4,00:04,34.3,34.0,35.3,36.2,34.8,35.7,35.4,36.3,34.7,34.2,35.1,36.2
TOPCOAT-0023,5,00:05,35.5,34.4,34.8,35.4,34.9,34.9,35.7,35.3,35.2,35.3,35.1,34.5
TOPCOAT-0023,6,00:06,34.3,34.6,34.4,35.4,34.3,35.5,35.3,35.9,34.9,35.4,34.9,34.6
TOPCOAT-0023,7,00:07,35.8,35.0,35.0,35.3,35.6,35.0,36.0,35.5,34.6,34.7,34.3,35.8
TOPCOAT-0023,8,00:08,34.8,35.0,34.3,34.2,36.3,34.9,34.8,34.4,34.9,35.2,34.7,34.9
TOPCOAT-0023,9,00:09,35.7,34.6,35.3,34.9,36.0,35.4,35.7,34.8,35.7,35.7,35.3,34.6
TOPCOAT-0023,10,00:10,35.3,35.6,35.2,36.0,34.6,35.7,33.8,35.8,33.9,35.6,34.5,35.5
TOPCOAT-0023,11,00:11,35.2,35.0,34.4,35.4,36.3,35.3,33.9,35.1,34.1,35.2,34.6,34.6
TOPCOAT-0023,12,00:12,34.4,36.0,34.8,34.7,34.5,36.7,36.1,33.9,35.5,36.3,36.2,35.1
TOPCOAT-0023,13,00:13,34.7,34.8,36.0,34.7,36.3,34.3,35.1,35.7,36.5,35.0,35.0,34.6
TOPCOAT-0023,14,00:14,35.0,35.5,34.4,35.7,34.6,33.9,35.4,35.1,34.8,35.4,35.2,35.1
TOPCOAT-0023,15,00:15,34.5,36.2,34.3,36.1,34.4,34.6,35.4,36.3,35.1,34.5,34.2,34.2
TOPCOAT-0023,16,00:16,34.5,35.5,34.5,35.4,35.5,36.2,34.9,35.0,35.0,34.3,34.5,34.8
TOPCOAT-0023,17,00:17,36.9,35.3,34.6,35.3,35.5,35.7,35.3,35.0,34.9,35.0,34.4,35.2
TOPCOAT-0023,18,00:18,34.4,34.7,34.8,34.3,35.5,34.9,35.0,34.1,34.9,35.6,34.6,35.0
TOPCOAT-0023,19,00:19,34.4,35.0,34.6,34.6,35.1,35.2,34.2,34.5,34.3,35.3,36.0,33.6
TOPCOAT-0023,20,00:20,34.4,34.9,36.0,35.4,35.5,35.5,35.6,34.7,34.4,34.9,36.0,35.0
TOPCOAT-0023,21,00:21,35.3,35.8,34.8,35.4,34.2,34.2,35.9,35.0,34.8,35.0,34.5,35.8
TOPCOAT-0023,22,00:22,35.8,35.0,35.7,34.6,34.9,33.4,35.4,35.0,34.3,35.4,34.8,35.0
TOPCOAT-0023,23,00:23,35.7,35.4,35.2,34.7,34.8,33.4,34.1,34.9,35.1,35.0,34.9,36.2
TOPCOAT-0023,24,00:24,35.8,34.6,34.1,34.8,34.5,35.0,33.9,34.9,35.2,35.1,34.3,35.1
TOPCOAT-0023,25,00:25,34.7,34.8,34.8,33.7,35.8,35.2,35.0,36.0,35.0,34.8,35.6,35.2
TOPCOAT-0023,26,00:26,35.3,35.2,35.3,34.5,34.5,34.7,35.3,34.7,35.7,35.0,34.9,34.8
TOPCOAT-0023,27,00:27,34.5,34.7,35.4,34.2,36.1,35.6,35.6,34.8,35.5,34.7,34.8,35.3
TOPCOAT-0023,28,00:28,34.4,35.0,35.0,34.9,35.2,35.7,35.5,35.4,34.6,35.6,34.8,34.4
TOPCOAT-0023,29,00:29,35.4,34.4,34.3,35.8,35.0,35.7,35.0,34.7,35.4,36.5,34.5,34.3
TOPCOAT-0023,30,00:30,34.8,36.3,35.4,34.8,34.6,34.7,34.3,35.0,35.6,35.0,35.0,35.1
TOPCOAT-0023,31,00:31,35.1,35.3,34.0,36.2,34.6,34.7,34.9,35.0,35.8,35.8,36.0,35.8
TOPCOAT-0023,32,00:32,34.7,34.4,35.0,34.6,34.8,35.8,35.5,35.2,35.4,35.0,35.9,33.8
TOPCOAT-0023,33,00:33,35.7,34.8,33.9,34.9,35.1,34.8,34.5,35.5,35.2,35.4,34.3,34.9
TOPCOAT-0023,34,00:34,34.5,35.8,35.5,34.8,36.4,34.3,34.2,35.6,35.1,34.9,34.9,35.6
TOPCOAT-0023,35,00:35,34.3,35.7,34.3,34.9,35.6,35.0,35.7,35.9,34.9,34.8,36.0,34.6
TOPCOAT-0023,36,00:36,35.5,35.3,35.5,34.2,34.5,35.3,34.5,34.4,34.3,35.4,35.0,34.8
TOPCOAT-0023,37,00:37,35.0,35.6,34.9,35.0,34.7,34.5,35.1,35.1,36.0,35.8,35.6,35.5
TOPCOAT-0023,38,00:38,34.0,35.5,35.4,34.8,34.4,35.5,34.7,35.4,35.2,35.7,35.5,35.2
TOPCOAT-0023,39,00:39,34.1,35.6,35.9,35.1,35.0,35.6,34.4,34.4,35.7,36.0,34.2,34.6
TOPCOAT-0023,40,00:40,34.3,35.5,35.0,35.4,34.2,35.9,35.6,35.3,35.6,35.9,35.5,35.0
TOPCOAT-0023,41,00:41,35.2,35.0,35.1,34.9,34.9,35.0,34.3,35.7,34.8,35.7,34.9,34.9
TOPCOAT-0023,42,00:42,35.3,34.5,36.1,34.8,35.1,34.8,35.4,33.5,35.2,35.4,35.4,34.6
TOPCOAT-0023,43,00:43,36.4,34.1,36.3,34.6,35.1,35.5,34.4,35.0,34.8,35.1,36.3,34.4
TOPCOAT-0023,44,00:44,35.8,35.6,35.2,35.3,34.4,34.8,35.3,35.0,35.1,35.8,35.9,35.0
TOPCOAT-0023,45,00:45,34.7,33.7,35.3,35.5,36.8,34.8,35.1,35.5,34.9,35.0,34.6,34.7
TOPCOAT-0023,46,00:46,34.7,34.6,34.9,34.5,34.4,35.9,35.6,36.0,34.6,35.9,36.1,34.7
TOPCOAT-0023,47,00:47,34.9,35.4,34.6,34.5,34.9,33.9,35.0,34.4,34.9,34.6,34.9,35.6
TOPCOAT-0023,48,00:48,35.0,35.7,36.0,34.9,35.9,35.3,34.1,35.4,34.8,34.8,35.1,34.8
TOPCOAT-0023,49,00:49,35.1,34.8,35.0,34.3,35.5,35.1,35.2,34.8,35.1,35.5,35.6,34.8
TOPCOAT-0023,50,00:50,35.6,35.1,34.2,35.5,36.1,35.6,34.7,34.8,35.0,36.4,35.6,34.8
TOPCOAT-0023,51,00:51,35.3,34.7,35.6,35.2,33.9,35.1,35.5,33.5,35.9,35.3,35.8,36.2
TOPCOAT-0023,52,00:52,34.3,34.2,35.4,35.5,34.7,35.0,35.7,35.7,35.2,35.3,35.3,35.9
TOPCOAT-0023,53,00:53,35.1,36.2,34.7,34.8,34.5,34.3,34.7,35.5,35.8,35.4,36.2,35.5
TOPCOAT-0023,54,00:54,34.8,34.9,35.9,35.3,35.6,34.7,34.2,36.1,35.6,35.9,36.0,35.1
TOPCOAT-0023,55,00:55,35.3,34.9,35.3,35.8,34.7,34.1,35.4,35.4,34.9,34.3,34.8,35.4
TOPCOAT-0023,56,00:56,35.2,35.4,35.6,35.0,34.8,35.5,35.5,35.8,35.2,35.9,34.8,34.7
TOPCOAT-0023,57,00:57,35.1,35.4,34.4,35.4,35.3,35.7,34.1,35.1,35.6,34.1,35.2,36.2
TOPCOAT-0023,58,00:58,35.4,35.0,35.6,34.9,35.2,35.4,35.4,35.7,35.7,35.1,35.9,35.7
TOPCOAT-0023,59,00:59,35.6,35.4,35.1,35.6,35.4,35.9,35.6,35.5,36.1,35.1,35.7,34.6
TOPCOAT-0023,60,01:00,34.5,35.6,35.4,35.9,33.9,33.4,34.9,35.3,34.6,34.9,35.8,35.4
TOPCOAT-0023,61,01:01,34.6,35.2,35.7,35.4,34.4,35.0,35.3,35.0,35.3,34.7,35.8,35.0
TOPCOAT-0023,62,01:02,35.5,35.6,35.6,34.7,35.8,34.7,35.5,34.6,35.5,35.9,35.1,35.0
TOPCOAT-0023,63,01:03,35.1,35.7,35.7,35.6,34.7,35.0,35.5,34.9,34.8,35.7,35.5,34.5
TOPCOAT-0023,64,01:04,35.1,35.5,36.6,35.6,34.4,35.1,34.3,34.9,35.3,36.6,34.9,34.8
TOPCOAT-0023,65,01:05,34.4,34.6,34.9,35.8,34.9,34.4,34.4,34.8,35.7,34.8,35.0,34.3
TOPCOAT-0023,66,01:06,34.8,35.4,35.3,35.1,34.9,35.4,35.6,34.1,35.2,36.3,34.1,35.2
TOPCOAT-0023,67,01:07,35.4,35.9,35.5,35.5,35.1,35.7,34.6,36.2,36.0,36.1,35.8,34.7
TOPCOAT-0023,68,01:08,34.8,34.4,35.5,34.9,35.1,34.5,34.9,35.2,35.4,35.2,35.6,35.7
TOPCOAT-0023,69,01:09,34.9,35.0,35.8,35.3,34.6,34.5,35.3,35.9,35.0,35.0,34.0,35.6
TOPCOAT-0023,70,01:10,34.8,34.4,36.3,34.5,35.8,35.0,35.2,34.9,34.9,36.6,36.2,35.4
TOPCOAT-0023,71,01:11,35.6,34.3,36.1,35.7,36.3,35.7,35.8,35.5,36.0,34.6,35.2,35.4
TOPCOAT-0023,72,01:12,34.7,34.9,35.1,34.7,35.0,34.9,35.3,35.5,34.9,35.9,35.4,35.8
TOPCOAT-0023,73,01:13,35.9,35.9,35.0,35.6,35.7,35.1,34.7,35.7,36.0,36.5,35.7,35.2
TOPCOAT-0023,74,01:14,34.4,35.4,35.8,35.0,34.9,34.9,36.0,34.7,36.5,35.6,34.4,35.4
TOPCOAT-0023,75,01:15,35.2,35.4,35.7,35.6,34.1,36.1,35.1,35.2,34.9,35.0,36.1,34.5
TOPCOAT-0023,76,01:16,34.6,35.7,35.7,34.2,35.1,35.1,34.9,35.6,36.1,35.6,35.3,35.5
TOPCOAT-0023,77,01:17,34.7,35.4,35.0,34.9,35.3,35.6,35.5,35.0,35.9,36.0,35.6,35.6
TOPCOAT-0023,78,01:18,35.8,35.1,35.7,35.7,36.2,35.7,34.8,36.2,35.5,36.4,35.5,35.3
TOPCOAT-0023,79,01:19,35.2,35.7,35.6,36.2,34.7,35.4,36.2,34.6,35.6,35.7,36.2,35.2
TOPCOAT-0023,80,01:20,35.2,35.5,35.3,36.3,35.4,34.8,35.1,35.1,35.6,35.9,34.7,35.7
TOPCOAT-0023,81,01:21,34.6,35.6,35.2,35.0,35.7,34.6,35.9,35.0,34.5,35.8,34.5,35.6
TOPCOAT-0023,82,01:22,35.3,35.5,35.3,35.6,35.5,35.6,35.3,34.8,35.5,35.4,35.6,35.0
TOPCOAT-0023,83,01:23,34.9,35.0,35.8,34.5,35.4,35.5,35.1,34.8,36.4,36.0,35.6,34.7
TOPCOAT-0023,84,01:24,34.9,35.2,36.9,36.1,36.1,35.2,34.5,35.5,35.6,35.6,35.4,35.9
TOPCOAT-0023,85,01:25,34.6,34.9,36.1,35.5,35.8,36.1,35.4,35.8,35.3,35.7,35.2,35.4
TOPCOAT-0023,86,01:26,35.6,34.9,34.9,35.8,35.0,35.9,34.5,34.5,35.5,35.4,35.4,35.1
TOPCOAT-0023,87,01:27,34.9,37.4,35.8,35.6,35.4,35.3,35.3,35.8,36.3,36.3,36.1,35.9
TOPCOAT-0023,88,01:28,35.1,35.7,35.7,35.4,34.9,35.7,34.6,35.5,35.2,35.5,34.9,33.3
TOPCOAT-0023,89,01:29,35.5,35.4,36.0,35.3,36.0,35.2,34.9,35.5,34.7,35.6,35.9,35.5
TOPCOAT-0023,90,01:30,35.5,35.4,35.6,35.5,35.4,34.6,35.7,35.2,36.3,35.9,36.2,34.3
TOPCOAT-0023,91,01:31,35.8,35.4,36.0,36.0,34.7,35.4,35.0,34.8,34.8,35.9,35.6,35.6
TOPCOAT-0023,92,01:32,34.9,35.7,35.7,34.6,35.1,35.5,35.9,35.3,36.0,36.7,36.0,35.5
TOPCOAT-0023,93,01:33,35.5,35.8,34.9,34.6,36.4,34.4,34.1,34.6,35.4,36.8,35.5,34.5
TOPCOAT-0023,94,01:34,35.6,36.6,35.4,36.0,35.6,35.3,36.3,35.4,35.8,35.9,35.7,36.5
TOPCOAT-0023,95,01:35,36.1,35.6,36.2,34.9,35.6,35.4,35.6,35.0,35.8,35.8,35.8,36.2
TOPCOAT-0023,96,01:36,34.8,35.9,37.4,36.1,34.9,35.5,35.8,36.0,36.4,35.7,36.6,35.5
TOPCOAT-0023,97,01:37,35.6,36.4,37.0,35.5,35.6,35.7,35.6,35.6,35.8,35.4,35.2,35.2
TOPCOAT-0023,98,01:38,35.5,35.8,35.7,35.9,35.2,35.1,36.2,34.8,35.7,36.3,36.1,35.7
TOPCOAT-0023,99,01:39,35.2,35.6,35.8,35.9,35.4,36.3,34.5,35.8,36.7,35.5,35.1,35.1
TOPCOAT-0023,100,01:40,35.8,35.5,36.4,36.3,34.1,35.5,35.5,35.1,35.7,36.1,34.9,35.6
TOPCOAT-0023,101,01:41,34.7,35.4,36.0,35.2,34.4,35.1,35.9,35.5,36.0,36.2,35.6,35.3
TOPCOAT-0023,102,01:42,35.9,35.4,35.6,36.0,35.2,36.2,35.7,35.0,36.0,36.2,35.6,35.2
TOPCOAT-0023,103,01:43,35.5,36.1,36.9,35.3,36.2,35.3,36.2,35.8,35.7,36.1,36.4,35.2
TOPCOAT-0023,104,01:44,35.7,35.9,37.4,34.5,35.6,35.3,35.6,35.6,36.1,35.3,35.5,36.9
TOPCOAT-0023,105,01:45,35.5,36.1,36.5,36.3,35.4,35.3,35.3,34.9,36.4,36.6,35.9,36.0
TOPCOAT-0023,106,01:46,35.7,36.5,36.7,35.2,34.2,35.3,35.5,35.6,35.8,36.9,36.1,35.6
TOPCOAT-0023,107,01:47,35.0,36.0,36.9,36.2,35.6,35.2,34.7,36.0,36.2,36.5,35.1,36.3
TOPCOAT-0023,108,01:48,36.2,35.4,37.0,36.2,35.1,34.8,35.5,35.2,36.6,36.6,35.9,35.6
TOPCOAT-0023,109,01:49,35.9,36.3,36.9,35.9,35.4,35.0,36.0,35.6,35.3,37.3,35.9,35.6
TOPCOAT-0023,110,01:50,36.1,36.4,36.9,35.0,35.3,35.7,35.2,35.2,35.6,37.1,35.7,36.2
TOPCOAT-0023,111,01:51,36.0,36.6,36.1,35.8,35.6,34.7,35.9,35.2,36.4,37.1,35.8,36.0
TOPCOAT-0023,112,01:52,34.2,36.6,35.8,36.4,35.7,35.6,34.9,34.5,35.6,36.0,36.9,36.2
TOPCOAT-0023,113,01:53,36.5,35.9,37.3,36.5,35.2,35.5,34.7,35.8,36.7,36.1,35.4,35.9
TOPCOAT-0023,114,01:54,35.0,37.0,37.1,36.1,36.2,35.7,35.7,35.2,35.8,36.1,35.5,35.1
TOPCOAT-0023,115,01:55,36.1,36.2,36.7,35.7,35.8,35.4,35.4,35.6,36.6,36.6,36.4,35.0
TOPCOAT-0023,116,01:56,34.8,36.3,36.2,36.7,34.9,35.0,36.2,36.3,37.0,37.1,36.5,36.2
TOPCOAT-0023,117,01:57,36.1,36.1,36.5,36.4,35.8,35.6,35.8,35.9,37.6,36.9,36.3,35.4
TOPCOAT-0023,118,01:58,35.8,36.9,36.9,37.2,34.9,35.8,35.1,36.0,37.1,36.3,36.0,35.4
TOPCOAT-0023,119,01:59,36.3,36.9,37.2,36.5,35.5,35.5,35.2,36.4,36.7,37.6,35.9,36.3
TOPCOAT-0023,120,02:00,35.8,36.6,36.3,36.4,35.6,35.6,35.2,35.5,37.1,36.4,35.6,35.9
TOPCOAT-0023,121,02:01,35.8,35.5,37.9,35.7,35.7,34.7,36.0,36.1,37.5,36.2,36.1,36.5
TOPCOAT-0023,122,02:02,36.8,37.2,36.3,36.4,35.4,36.1,35.6,35.3,37.1,37.1,36.6,37.1
TOPCOAT-0023,123,02:03,36.7,36.2,36.8,37.0,36.4,35.8,36.2,35.4,36.4,37.1,36.8,35.8
TOPCOAT-0023,124,02:04,36.7,36.6,37.6,37.4,35.5,35.4,35.7,35.7,37.0,37.5,36.7,36.1
TOPCOAT-0023,125,02:05,35.7,35.9,37.0,37.3,35.6,34.6,35.4,35.0,36.8,37.5,36.2,36.0
TOPCOAT-0023,126,02:06,36.0,37.2,38.1,37.6,36.3,36.0,36.0,36.1,37.1,36.7,36.6,35.3
TOPCOAT-0023,127,02:07,35.4,37.2,36.6,37.6,36.5,35.0,35.6,35.7,37.9,38.1,36.8,35.4
TOPCOAT-0023,128,02:08,35.7,36.1,37.7,37.6,35.8,36.1,35.3,35.1,36.2,37.4,37.2,36.3
TOPCOAT-0023,129,02:09,35.8,37.2,38.3,36.7,35.7,35.8,35.7,36.4,37.6,37.3,36.8,35.9
TOPCOAT-0023,130,02:10,35.5,37.0,37.7,36.7,36.4,35.8,35.5,35.6,37.7,37.3,36.9,36.0
TOPCOAT-0023,131,02:11,36.3,38.4,37.4,37.3,36.1,35.4,36.2,35.6,37.1,38.1,37.0,36.7
TOPCOAT-0023,132,02:12,36.0,37.7,38.6,37.1,35.3,35.8,35.5,35.0,37.3,37.0,37.1,36.2
TOPCOAT-0023,133,02:13,35.9,37.0,37.4,37.3,36.6,36.3,35.1,35.7,37.1,37.9,36.9,36.1
TOPCOAT-0023,134,02:14,37.2,36.8,38.1,37.2,35.0,36.2,35.3,36.3,37.9,37.7,36.3,36.6
TOPCOAT-0023,135,02:15,36.2,37.0,37.9,36.1,35.4,35.9,35.5,37.0,37.7,38.4,37.2,36.3
TOPCOAT-0023,136,02:16,35.9,37.1,37.8,37.4,36.1,36.1,35.7,35.4,37.5,38.5,38.5,36.5
TOPCOAT-0023,137,02:17,36.3,38.3,38.2,37.4,36.1,35.7,36.3,35.8,37.9,37.5,37.2,35.7
TOPCOAT-0023,138,02:18,36.4,37.5,38.3,37.2,37.0,35.8,35.0,36.1,37.9,38.2,36.8,36.3
TOPCOAT-0023,139,02:19,37.5,37.8,37.5,37.4,36.4,36.4,36.0,36.2,37.9,39.0,37.4,36.4
TOPCOAT-0023,140,02:20,36.2,38.2,38.9,37.8,36.0,34.8,36.1,35.6,37.6,37.8,37.1,36.3
TOPCOAT-0023,141,02:21,36.3,38.3,38.4,37.5,36.4,35.7,35.3,35.6,38.5,37.8,36.9,36.8
TOPCOAT-0023,142,02:22,36.8,37.7,38.2,37.8,35.7,36.8,36.4,35.6,39.2,38.6,36.8,37.0
TOPCOAT-0023,143,02:23,35.9,37.7,38.7,37.7,37.8,36.4,35.8,36.5,38.2,38.9,38.1,36.8
TOPCOAT-0023,144,02:24,38.0,37.3,38.8,37.9,35.8,36.2,36.1,37.0,38.0,39.7,37.6,37.6
TOPCOAT-0023,145,02:25,36.5,38.1,38.2,39.0,36.8,35.2,36.9,36.8,38.0,38.7,38.1,36.7
TOPCOAT-0023,146,02:26,36.8,38.9,38.3,38.6,36.4,35.7,35.7,36.5,39.1,39.2,37.4,37.1
TOPCOAT-0023,147,02:27,37.2,37.7,40.0,37.5,37.4,35.4,36.2,36.0,38.5,38.6,37.1,37.0
TOPCOAT-0023,148,02:28,37.4,38.2,39.2,37.9,35.6,35.8,35.9,36.7,39.3,39.6,37.9,37.5
TOPCOAT-0023,149,02:29,37.7,38.3,39.7,38.2,36.7,36.1,35.9,37.1,39.0,39.6,37.5,37.7
TOPCOAT-0023,150,02:30,38.2,39.5,39.1,39.1,36.5,36.1,35.7,36.5,38.3,39.1,38.1,37.7
TOPCOAT-0023,151,02:31,37.9,39.0,39.4,38.7,36.1,37.2,36.4,37.0,38.6,38.9,37.9,37.6
TOPCOAT-0023,152,02:32,37.3,38.0,40.5,38.5,37.4,35.7,36.7,36.7,38.4,38.7,38.4,38.1
TOPCOAT-0023,153,02:33,37.9,37.7,40.2,39.1,37.4,36.2,36.7,36.7,39.4,40.2,37.8,37.0
TOPCOAT-0023,154,02:34,36.5,38.7,39.4,38.7,36.9,35.9,37.2,36.4,38.8,39.3,39.4,37.6
TOPCOAT-0023,155,02:35,37.6,39.1,39.5,39.0,37.3,36.0,36.2,37.0,39.6,39.5,39.7,36.9
TOPCOAT-0023,156,02:36,37.8,38.9,39.7,39.6,37.4,36.6,36.1,36.6,39.1,39.7,39.5,37.7
TOPCOAT-0023,157,02:37,36.8,39.1,39.8,39.0,37.2,36.1,36.5,36.9,40.1,39.4,39.4,37.2
TOPCOAT-0023,158,02:38,38.0,39.1,39.6,38.6,36.4,36.7,36.7,36.7,40.3,40.9,39.6,38.3
TOPCOAT-0023,159,02:39,38.6,39.9,40.5,38.5,37.9,36.2,36.7,36.3,39.6,41.3,39.3,38.3
TOPCOAT-0023,160,02:40,37.6,40.0,40.3,40.2,38.1,37.5,38.2,37.0,40.4,41.2,39.1,37.9
TOPCOAT-0023,161,02:41,37.8,38.9,41.3,39.4,37.7,36.3,35.7,37.1,40.1,40.5,39.9,39.1
TOPCOAT-0023,162,02:42,37.5,39.4,40.6,39.2,37.3,37.1,37.3,37.7,41.0,40.6,39.1,38.4
TOPCOAT-0023,163,02:43,38.3,40.6,39.5,39.9,37.6,37.1,37.1,36.9,39.4,40.3,38.1,37.7
TOPCOAT-0023,164,02:44,38.0,39.5,40.9,39.4,36.6,36.5,36.3,37.1,40.4,41.8,40.3,37.8
TOPCOAT-0023,165,02:45,38.8,40.3,42.1,39.7,37.7,37.1,36.7,37.5,39.6,41.0,39.5,38.1
TOPCOAT-0023,166,02:46,38.1,39.9,43.0,39.9,37.7,36.9,36.8,37.4,41.1,41.6,39.4,38.1
TOPCOAT-0023,167,02:47,38.8,41.2,42.2,40.3,38.4,36.6,37.6,37.8,42.0,41.9,39.7,38.5
TOPCOAT-0023,168,02:48,38.2,40.5,42.7,40.5,37.7,36.2,37.1,37.7,40.5,42.4,39.7,39.1
TOPCOAT-0023,169,02:49,38.5,39.8,42.8,41.1,37.6,37.5,36.8,37.4,41.1,41.2,40.3,38.4
TOPCOAT-0023,170,02:50,38.3,40.6,43.7,40.4,37.8,37.6,36.0,37.2,42.0,42.4,39.5,38.9
TOPCOAT-0023,171,02:51,38.9,41.4,42.5,41.5,38.4,37.4,38.1,37.7,42.1,42.9,39.9,38.8
TOPCOAT-0023,172,02:52,39.2,40.9,41.9,40.7,38.4,37.2,37.2,38.9,41.7,42.8,39.9,38.6
TOPCOAT-0023,173,02:53,37.7,40.8,43.9,40.7,38.2,36.5,36.8,37.8,41.8,42.8,39.7,39.0
TOPCOAT-0023,174,02:54,38.4,41.2,43.6,41.2,38.8,38.1,37.5,38.3,42.6,42.7,41.2,39.2
TOPCOAT-0023,175,02:55,38.9,42.3,43.1,41.0,38.3,37.9,38.3,37.4,42.0,43.4,40.7,39.2
TOPCOAT-0023,176,02:56,39.3,41.1,42.9,42.0,38.4,37.9,37.4,38.0,42.7,44.6,41.1,39.7
TOPCOAT-0023,177,02:57,39.4,41.1,43.5,41.5,38.8,37.3,38.0,37.8,42.0,44.4,41.8,40.3
TOPCOAT-0023,178,02:58,40.2,42.8,43.4,42.3,38.6,37.8,37.3,37.4,42.7,43.8,41.3,40.7
TOPCOAT-0023,179,02:59,39.1,42.2,44.3,41.7,38.9,37.2,37.6,39.1,43.1,44.1,41.2,39.9
TOPCOAT-0023,180,03:00,39.6,42.7,43.5,42.2,38.8,37.8,37.8,38.5,44.6,44.7,41.6,39.9
TOPCOAT-0023,181,03:01,40.1,41.7,45.2,43.6,38.2,38.2,37.2,39.8,44.0,44.6,41.6,39.9
TOPCOAT-0023,182,03:02,39.8,43.5,43.9,41.4,38.6,36.9,38.5,38.7,44.0,45.9,41.4,40.4
TOPCOAT-0023,183,03:03,39.8,43.9,44.8,42.6,39.6,38.3,37.0,38.2,43.6,45.3,42.1,40.3
TOPCOAT-0023,184,03:04,40.1,43.2,45.9,43.0,39.3,37.8,38.3,38.5,44.1,45.9,40.8,40.2
TOPCOAT-0023,185,03:05,41.1,43.3,45.6,43.1,39.2,38.0,37.8,38.2,43.9,46.1,42.7,41.3
TOPCOAT-0023,186,03:06,41.3,43.5,45.6,43.1,39.0,38.3,39.4,37.8,44.5,46.4,43.0,40.7
TOPCOAT-0023,187,03:07,39.8,43.2,46.3,43.0,40.2,38.8,39.4,39.5,44.6,45.7,42.8,40.5
TOPCOAT-0023,188,03:08,40.8,44.2,45.5,43.5,38.8,38.6,38.5,39.2,44.3,46.5,42.8,40.9
TOPCOAT-0023,189,03:09,40.7,43.9,46.3,44.1,40.7,38.3,38.7,39.4,45.4,47.8,42.7,41.1
TOPCOAT-0023,190,03:10,42.5,44.0,47.3,43.1,40.4,37.7,39.0,39.1,46.0,46.3,43.4,40.8
TOPCOAT-0023,191,03:11,42.2,44.5,46.7,44.5,39.7,38.4,39.5,39.3,45.2,46.9,42.6,41.8
TOPCOAT-0023,192,03:12,41.4,44.5,47.3,45.3,40.0,38.2,39.2,39.1,45.9,47.9,43.2,41.0
TOPCOAT-0023,193,03:13,41.2,44.4,48.6,45.6,40.8,39.9,39.0,40.2,45.7,47.6,43.9,41.8
TOPCOAT-0023,194,03:14,41.3,44.4,48.3,44.8,40.6,38.8,38.1,39.7,47.2,47.9,44.0,42.2
TOPCOAT-0023,195,03:15,42.3,44.6,47.6,44.3,41.7,38.9,39.1,39.7,47.0,48.0,44.3,42.4
TOPCOAT-0023,196,03:16,42.4,45.1,49.4,45.9,41.0,39.9,39.0,39.6,46.8,48.0,45.3,42.4
TOPCOAT-0023,197,03:17,42.1,46.2,49.2,46.0,41.4,40.5,39.4,39.7,46.8,48.9,44.6,42.5
TOPCOAT-0023,198,03:18,41.7,45.9,48.6,45.9,41.6,39.7,39.6,40.9,47.0,50.5,44.4,42.1
TOPCOAT-0023,199,03:19,41.8,47.0,48.7,45.9,41.4,38.9,39.8,41.1,48.0,48.8,44.7,43.3
TOPCOAT-0023,200,03:20,41.9,46.9,49.9,47.0,41.9,40.4,40.1,41.2,47.6,49.7,45.5,43.6
TOPCOAT-0023,201,03:21,43.8,46.7,49.3,46.4,42.1,38.9,39.1,40.7,48.2,50.3,45.7,43.0
TOPCOAT-0023,202,03:22,43.1,48.0,50.3,46.3,42.2,40.8,40.0,41.6,48.4,49.6,47.2,44.1
TOPCOAT-0023,203,03:23,43.0,48.3,50.4,46.7,41.6,40.5,40.3,41.0,48.6,50.7,46.5,44.5
TOPCOAT-0023,204,03:24,43.5,47.7,51.1,47.5,42.6,40.8,40.8,41.5,48.8,50.5,46.0,44.2
TOPCOAT-0023,205,03:25,43.2,47.8,51.2,47.0,42.1,40.6,41.7,40.5,49.3,52.0,46.8,43.8
TOPCOAT-0023,206,03:26,44.0,47.7,52.4,47.0,42.1,39.8,41.3,40.8,49.2,51.7,46.5,43.9
TOPCOAT-0023,207,03:27,44.0,48.0,52.8,48.3,42.2,41.5,41.4,41.8,49.7,51.5,47.2,44.2
TOPCOAT-0023,208,03:28,44.4,48.4,52.8,48.7,42.9,41.7,41.1,41.9,49.8,50.6,47.5,44.7
TOPCOAT-0023,209,03:29,44.8,48.8,53.2,48.2,43.0,41.0,42.0,41.9,50.4,52.7,46.6,44.8
TOPCOAT-0023,210,03:30,44.9,48.6,53.5,49.2,42.9,41.4,41.7,41.7,50.9,52.2,46.9,44.8
TOPCOAT-0023,211,03:31,46.5,49.3,53.5,48.9,44.4,41.7,41.9,41.6,50.8,52.2,48.1,45.2
TOPCOAT-0023,212,03:32,45.4,50.5,53.3,48.9,43.3,41.6,41.6,42.4,51.9,53.6,48.6,45.2
TOPCOAT-0023,213,03:33,45.4,50.7,54.7,50.3,43.7,41.5,41.4,43.0,51.5,53.7,49.7,45.6
TOPCOAT-0023,214,03:34,46.2,50.3,54.4,50.4,44.3,41.9,41.5,42.8,51.6,55.4,49.0,45.9
TOPCOAT-0023,215,03:35,45.7,51.0,54.2,51.0,43.4,42.1,42.4,43.9,52.5,54.5,48.3,45.7
TOPCOAT-0023,216,03:36,47.3,51.5,55.3,50.6,44.4,43.4,42.8,43.8,53.0,53.8,49.9,47.3
TOPCOAT-0023,217,03:37,47.4,51.7,56.4,51.1,44.9,41.5,43.0,43.7,53.3,55.1,49.8,46.5
TOPCOAT-0023,218,03:38,47.0,51.5,55.8,51.3,44.6,42.2,42.8,43.6,53.8,55.6,49.7,47.0
TOPCOAT-0023,219,03:39,47.6,51.9,55.7,50.7,44.8,43.1,42.6,44.3,53.6,55.9,49.7,47.8
TOPCOAT-0023,220,03:40,46.8,52.2,56.5,51.3,46.2,43.2,43.0,44.5,53.9,56.1,50.5,48.3
TOPCOAT-0023,221,03:41,47.8,52.8,55.2,51.6,45.7,43.1,43.5,44.5,54.0,56.1,50.2,48.2
TOPCOAT-0023,222,03:42,47.5,52.3,57.2,51.3,45.7,43.2,43.5,45.0,55.3,56.8,51.0,47.7
TOPCOAT-0023,223,03:43,48.6,54.9,56.8,52.0,46.2,43.7,43.9,45.1,55.2,57.5,51.1,48.6
TOPCOAT-0023,224,03:44,47.9,52.4,58.4,52.5,46.5,43.6,43.7,45.1,55.2,56.9,51.5,48.2
TOPCOAT-0023,225,03:45,48.5,53.5,58.8,53.8,46.7,43.8,43.8,45.7,56.7,57.5,52.4,48.1
TOPCOAT-0023,226,03:46,48.2,53.7,57.4,53.3,47.4,44.8,44.8,45.6,55.8,58.8,51.9,48.7
TOPCOAT-0023,227,03:47,47.8,54.9,59.4,54.4,47.6,43.7,44.9,46.2,56.0,58.4,52.6,49.4
TOPCOAT-0023,228,03:48,48.4,54.4,59.3,54.7,47.2,45.0,45.1,46.7,57.0,59.4,53.6,50.3
TOPCOAT-0023,229,03:49,49.9,54.2,60.0,54.8,48.0,45.1,45.9,46.3,57.3,58.5,52.7,49.2
TOPCOAT-0023,230,03:50,49.3,55.6,60.8,54.7,48.0,45.0,45.7,46.1,57.1,59.2,53.8,49.8
TOPCOAT-0023,231,03:51,49.8,56.3,60.6,55.1,48.4,44.7,46.0,46.6,57.9,59.6,52.9,50.3
TOPCOAT-0023,232,03:52,50.4,56.9,60.8,55.1,48.7,45.5,45.5,46.4,58.6,60.4,54.5,51.2
TOPCOAT-0023,233,03:53,51.5,57.2,60.9,56.2,48.8,45.7,46.3,46.6,58.5,60.3,54.3,51.4
TOPCOAT-0023,234,03:54,50.9,56.7,62.0,56.4,50.1,45.3,46.7,47.5,58.8,60.9,54.5,51.3
TOPCOAT-0023,235,03:55,51.6,56.8,62.9,57.0,50.6,45.2,45.8,47.6,59.1,60.9,55.0,51.3
TOPCOAT-0023,236,03:56,51.7,57.2,62.2,56.9,50.2,46.4,47.9,48.1,59.0,61.0,55.5,52.1
TOPCOAT-0023,237,03:57,51.1,57.5,63.0,56.7,50.2,48.4,46.6,47.9,59.9,62.1,55.0,53.2
TOPCOAT-0023,238,03:58,52.4,57.8,63.1,58.1,50.2,46.3,47.5,48.7,60.3,62.2,56.1,52.6
TOPCOAT-0023,239,03:59,52.6,58.8,64.2,57.3,49.7,47.8,47.2,48.9,60.9,62.4,56.4,53.3
TOPCOAT-0023,240,04:00,53.6,59.5,64.1,58.1,51.9,46.7,47.8,49.7,61.4,61.8,56.5,54.9
TOPCOAT-0023,241,04:01,52.9,59.3,64.3,58.0,51.3,48.3,47.3,49.9,60.6,63.3,56.8,54.2
TOPCOAT-0023,242,04:02,53.4,60.2,65.7,57.9,51.6,48.5,47.7,49.4,61.2,63.1,57.4,54.1
TOPCOAT-0023,243,04:03,53.4,59.6,64.5,58.0,51.6,48.9,48.6,50.6,62.3,64.0,57.8,54.2
TOPCOAT-0023,244,04:04,54.3,59.6,65.9,59.6,52.3,49.5,47.8,50.2,62.5,64.1,58.0,55.0
TOPCOAT-0023,245,04:05,54.5,60.2,65.7,58.7,52.9,49.1,48.8,50.3,62.9,64.5,58.3,55.4
TOPCOAT-0023,246,04:06,54.8,60.7,66.3,60.0,53.5,49.4,48.8,51.2,63.4,65.1,58.3,55.5
TOPCOAT-0023,247,04:07,55.0,60.9,66.7,59.7,52.7,49.4,48.9,50.7,62.9,64.8,58.3,55.2
TOPCOAT-0023,248,04:08,55.8,63.0,66.0,59.5,54.1,48.8,49.9,50.9,63.5,65.7,59.1,56.7
TOPCOAT-0023,249,04:09,56.1,60.5,67.7,58.7,54.0,50.8,50.0,52.2,64.5,65.7,60.2,56.1
TOPCOAT-0023,250,04:10,56.0,62.1,66.2,60.7,54.3,49.9,50.6,51.0,64.5,66.7,60.2,58.3
TOPCOAT-0023,251,04:11,56.3,62.4,67.4,61.1,55.3,50.2,50.6,51.3,65.8,66.1,59.6,58.2
TOPCOAT-0023,252,04:12,57.1,62.8,68.6,61.4,55.5,51.0,51.6,52.8,66.7,67.1,59.9,59.2
TOPCOAT-0023,253,04:13,57.5,63.3,67.9,61.8,55.0,51.1,52.0,53.9,66.8,67.6,60.9,58.5
TOPCOAT-0023,254,04:14,57.8,63.7,70.2,62.2,56.1,52.4,51.4,52.4,66.6,67.7,61.1,59.0
TOPCOAT-0023,255,04:15,57.9,64.3,68.6,61.7,56.3,51.0,50.6,53.7,67.0,67.0,62.2,59.1
TOPCOAT-0023,256,04:16,58.1,62.8,70.1,63.3,56.7,52.2,51.5,54.0,67.0,68.6,61.6,59.8
TOPCOAT-0023,257,04:17,59.0,63.9,69.9,63.0,57.2,52.6,52.6,54.7,66.7,68.8,62.4,59.7
TOPCOAT-0023,258,04:18,58.2,65.6,69.1,63.0,57.7,52.4,52.8,54.0,68.2,68.3,62.2,59.5
TOPCOAT-0023,259,04:19,59.0,64.6,70.1,63.3,57.3,53.2,53.4,54.4,66.9,69.3,62.4,60.1
TOPCOAT-0023,260,04:20,58.9,65.1,71.4,63.8,58.0,53.3,53.7,55.0,68.5,70.7,63.0,59.5
TOPCOAT-0023,261,04:21,59.1,65.5,71.0,63.8,59.1,53.0,52.7,55.6,68.9,69.5,62.2,60.6
TOPCOAT-0023,262,04:22,60.2,66.5,71.8,64.0,58.6,53.7,54.0,55.3,69.6,69.6,63.2,60.4
TOPCOAT-0023,263,04:23,60.3,66.3,72.1,64.1,59.5,54.1,54.2,55.9,69.4,70.1,63.5,62.0
TOPCOAT-0023,264,04:24,60.7,67.1,72.9,64.7,59.7,55.0,54.3,56.6,69.5,71.2,63.9,61.2
TOPCOAT-0023,265,04:25,61.3,67.8,72.6,65.6,59.7,55.0,55.6,57.3,70.6,70.2,65.1,62.0
TOPCOAT-0023,266,04:26,61.0,67.2,72.9,65.0,60.9,54.9,54.3,56.5,70.3,71.1,66.2,62.5
TOPCOAT-0023,267,04:27,61.6,67.0,73.1,64.4,60.8,57.2,55.0,58.7,70.3,71.3,64.8,63.7
TOPCOAT-0023,268,04:28,61.5,68.2,74.0,65.8,61.0,55.4,56.4,57.4,70.4,71.7,64.6,63.1
TOPCOAT-0023,269,04:29,62.9,69.0,74.6,65.4,60.9,56.6,56.3,57.6,72.0,73.0,65.0,64.4
TOPCOAT-0023,270,04:30,62.4,68.5,73.5,65.3,62.6,57.1,56.1,58.2,71.8,73.7,65.9,63.1
TOPCOAT-0023,271,04:31,62.7,68.8,74.2,66.3,62.8,56.8,56.4,57.9,72.3,72.3,66.3,65.1
TOPCOAT-0023,272,04:32,63.9,67.4,74.8,65.9,62.3,57.1,56.9,58.6,72.2,71.8,66.6,65.1
TOPCOAT-0023,273,04:33,63.2,69.3,75.0,66.5,63.7,57.1,57.3,59.1,72.7,72.6,66.3,65.4
TOPCOAT-0023,274,04:34,64.5,70.1,75.6,67.3,61.9,58.1,58.4,59.3,73.7,73.6,66.5,65.6
TOPCOAT-0023,275,04:35,64.2,69.8,75.0,67.2,63.5,58.3,56.8,60.6,73.6,73.6,67.1,66.8
TOPCOAT-0023,276,04:36,64.8,69.6,76.3,68.0,63.3,57.9,57.7,59.5,73.3,74.5,67.1,65.9
TOPCOAT-0023,277,04:37,64.6,70.4,75.9,68.5,64.6,59.3,58.4,60.2,73.8,72.8,68.7,66.0
TOPCOAT-0023,278,04:38,65.3,70.3,76.5,67.8,64.6,59.4,59.6,60.2,74.7,74.9,67.2,67.0
TOPCOAT-0023,279,04:39,66.0,71.1,75.8,67.7,65.6,58.8,58.6,61.1,74.8,74.5,68.0,67.1
TOPCOAT-0023,280,04:40,66.1,70.5,76.8,67.1,65.4,60.0,59.9,61.2,74.7,74.6,68.5,67.8
TOPCOAT-0023,281,04:41,65.7,71.0,77.2,67.7,65.5,60.3,59.5,61.1,75.2,75.0,67.7,67.8
TOPCOAT-0023,282,04:42,65.5,71.8,77.9,68.3,66.3,60.6,60.9,61.1,75.6,74.9,69.0,67.1
TOPCOAT-0023,283,04:43,65.9,72.3,77.3,69.1,66.2,61.1,61.1,61.9,75.3,74.7,68.9,68.9
TOPCOAT-0023,284,04:44,67.0,72.0,77.6,68.7,66.7,61.2,61.7,63.0,75.8,75.2,70.7,69.0
TOPCOAT-0023,285,04:45,67.2,72.1,77.9,69.7,67.7,61.2,61.4,63.4,76.2,75.6,69.7,69.8
TOPCOAT-0023,286,04:46,68.1,72.5,78.8,69.3,67.9,62.0,61.5,63.5,76.3,76.0,69.5,69.2
TOPCOAT-0023,287,04:47,68.2,72.3,78.1,69.0,67.8,62.1,61.1,63.1,76.6,76.1,70.1,69.1
TOPCOAT-0023,288,04:48,66.7,72.4,78.8,70.2,68.6,62.5,62.2,63.5,76.3,76.1,70.6,70.0
TOPCOAT-0023,289,04:49,68.3,72.2,78.5,70.1,68.4,63.4,62.0,64.1,77.2,76.2,70.7,70.3
TOPCOAT-0023,290,04:50,68.8,72.9,79.7,69.9,68.9,63.8,62.5,64.6,76.4,77.7,70.8,70.1
TOPCOAT-0023,291,04:51,68.9,72.8,79.8,70.8,69.7,63.1,61.8,65.1,77.1,77.2,70.9,70.9
TOPCOAT-0023,292,04:52,68.9,73.5,79.5,70.8,69.4,63.5,62.7,65.5,77.6,76.9,71.5,71.4
TOPCOAT-0023,293,04:53,70.1,74.1,80.6,70.6,69.6,64.1,63.5,64.5,78.0,77.4,71.6,71.6
TOPCOAT-0023,294,04:54,69.9,73.8,79.9,70.6,70.2,64.2,63.9,65.0,78.0,78.1,70.7,72.4
TOPCOAT-0023,295,04:55,69.8,74.3,80.1,70.1,70.9,65.3,63.7,65.9,78.3,77.7,71.2,72.2
TOPCOAT-0023,296,04:56,70.2,74.4,79.6,71.3,71.3,64.9,65.1,65.8,78.3,78.5,72.0,72.1
TOPCOAT-0023,297,04:57,69.6,74.7,80.2,71.6,71.0,65.2,64.6,65.5,79.1,78.1,72.4,73.3
TOPCOAT-0023,298,04:58,69.8,73.9,81.5,71.0,71.5,65.6,64.5,66.3,78.6,78.8,72.1,73.1
TOPCOAT-0023,299,04:59,70.1,74.8,81.3,71.6,72.1,65.7,64.2,66.5,78.9,77.3,72.3,73.4
TOPCOAT-0023,300,05:00,70.5,75.2,80.0,72.3,72.4,65.4,65.5,66.9,78.8,78.3,73.4,73.5
TOPCOAT-0023,301,05:01,70.9,74.0,81.2,71.4,72.5,66.9,65.7,66.9,79.7,78.4,72.1,73.0
TOPCOAT-0023,302,05:02,70.6,75.1,81.9,71.5,73.4,66.5,66.5,67.8,79.6,78.7,72.8,74.2
TOPCOAT-0023,303,05:03,71.4,75.4,81.2,72.3,73.5,66.9,66.4,66.5,79.7,78.8,73.8,73.7
TOPCOAT-0023,304,05:04,71.4,76.1,81.6,72.2,72.6,67.8,66.9,67.4,79.5,79.1,72.4,74.5
TOPCOAT-0023,305,05:05,72.0,75.2,82.4,73.7,72.6,68.0,66.4,66.8,79.6,78.4,73.0,74.8
TOPCOAT-0023,306,05:06,72.1,75.2,81.6,73.0,74.3,68.3,66.8,67.9,80.2,79.2,73.6,74.7
TOPCOAT-0023,307,05:07,72.8,75.8,81.4,72.7,74.7,68.1,66.7,68.1,81.2,78.9,73.8,75.4
TOPCOAT-0023,308,05:08,72.1,75.5,82.0,73.0,75.0,68.2,67.2,68.8,79.9,78.4,74.4,75.1
TOPCOAT-0023,309,05:09,71.8,76.1,82.6,73.0,75.0,69.1,67.0,68.4,80.6,80.0,73.9,76.4
TOPCOAT-0023,310,05:10,72.6,76.6,82.0,72.9,75.3,68.7,67.9,69.2,80.6,80.8,73.7,74.8
TOPCOAT-0023,311,05:11,72.7,76.8,83.2,74.3,74.8,69.3,67.9,69.1,82.1,80.0,74.4,74.7
TOPCOAT-0023,312,05:12,74.3,76.8,82.2,73.0,75.7,70.2,69.4,69.1,80.9,79.6,74.6,75.6
TOPCOAT-0023,313,05:13,73.6,77.4,82.6,74.8,76.5,69.8,68.9,70.6,81.0,79.8,73.7,76.8
TOPCOAT-0023,314,05:14,73.1,78.4,83.4,73.8,75.9,69.8,69.1,70.5,80.7,78.8,74.6,75.3
TOPCOAT-0023,315,05:15,73.7,77.0,83.6,71.9,76.4,70.2,69.4,70.6,81.5,79.0,74.5,76.9
TOPCOAT-0023,316,05:16,74.1,77.5,83.8,73.4,77.4,69.9,68.6,69.6,81.2,79.9,75.2,76.9
TOPCOAT-0023,317,05:17,73.5,76.5,83.2,73.1,77.9,70.4,70.2,70.5,81.5,79.2,75.4,76.9
TOPCOAT-0023,318,05:18,73.4,78.2,83.5,74.0,77.1,70.9,70.1,71.2,81.9,81.2,75.2,77.4
TOPCOAT-0023,319,05:19,74.7,77.6,83.1,74.3,76.8,70.7,70.1,71.7,83.0,80.4,74.5,76.8
TOPCOAT-0023,320,05:20,73.8,78.0,84.4,73.8,78.2,70.9,69.7,71.4,81.9,80.3,75.1,77.5
TOPCOAT-0023,321,05:21,74.7,77.8,83.6,73.9,77.5,72.2,70.0,71.5,82.2,81.2,75.1,77.2
TOPCOAT-0023,322,05:22,74.6,77.7,83.4,73.6,78.1,72.1,70.6,71.9,83.0,81.2,76.2,78.3
TOPCOAT-0023,323,05:23,74.8,77.9,84.8,74.2,77.7,71.9,71.1,70.8,83.3,81.0,75.8,77.4
TOPCOAT-0023,324,05:24,75.2,78.6,84.9,74.2,78.2,72.3,71.0,72.5,82.1,80.8,76.2,78.2
TOPCOAT-0023,325,05:25,74.9,78.7,84.3,74.7,79.7,72.0,70.8,71.8,83.4,80.8,76.0,77.5
TOPCOAT-0023,326,05:26,75.0,78.4,84.6,74.9,79.8,72.0,71.4,72.4,82.5,81.1,75.7,78.2
TOPCOAT-0023,327,05:27,76.3,78.2,85.0,75.2,78.9,72.8,71.1,72.3,83.2,81.0,76.6,78.8
TOPCOAT-0023,328,05:28,75.6,78.7,84.5,74.6,80.2,73.9,70.7,71.8,83.8,81.2,75.8,78.5
TOPCOAT-0023,329,05:29,76.3,79.4,84.6,74.4,79.7,73.2,72.2,71.6,83.3,81.4,77.1,79.6
TOPCOAT-0023,330,05:30,75.3,79.1,85.4,75.2,79.8,72.8,71.0,72.5,83.5,81.0,75.7,79.5
TOPCOAT-0023,331,05:31,75.8,79.2,84.8,75.1,80.3,73.8,73.2,72.8,82.7,81.4,76.9,79.6
TOPCOAT-0023,332,05:32,76.2,79.1,85.3,74.4,80.0,74.3,72.6,74.4,83.6,81.2,76.3,79.7
TOPCOAT-0023,333,05:33,77.0,79.5,85.0,75.9,80.2,74.0,71.5,73.1,83.1,81.4,76.7,80.6
TOPCOAT-0023,334,05:34,76.0,78.5,84.7,75.0,80.9,74.6,71.9,74.0,84.0,82.5,76.3,80.3
TOPCOAT-0023,335,05:35,75.6,80.2,85.0,74.8,81.2,73.6,72.4,72.7,83.5,81.4,76.7,80.3
TOPCOAT-0023,336,05:36,76.5,78.8,85.6,74.6,81.2,74.6,72.9,73.0,83.1,81.3,77.1,80.5
TOPCOAT-0023,337,05:37,76.1,79.6,85.9,75.2,81.7,74.4,73.0,73.2,83.3,82.2,77.3,80.7
TOPCOAT-0023,338,05:38,76.5,79.8,84.0,75.9,81.5,74.3,73.8,73.4,84.3,81.7,77.9,79.9
TOPCOAT-0023,339,05:39,75.8,79.0,85.5,75.3,81.3,75.5,73.2,74.4,83.9,82.2,77.3,79.7
TOPCOAT-0023,340,05:40,76.3,79.6,86.0,75.6,81.8,75.0,73.0,74.7,84.0,82.1,76.7,80.6
TOPCOAT-0023,341,05:41,76.7,80.0,84.7,75.3,81.9,75.0,74.5,74.0,83.7,83.3,78.3,81.0
TOPCOAT-0023,342,05:42,77.5,80.1,85.1,75.8,82.2,75.3,74.1,73.5,84.5,82.9,77.9,80.9
TOPCOAT-0023,343,05:43,77.1,79.8,86.3,75.4,81.6,75.4,74.1,74.1,84.6,82.3,79.0,80.0
TOPCOAT-0023,344,05:44,78.0,80.1,85.6,75.3,82.7,75.7,74.4,73.8,84.9,82.1,76.9,80.2
TOPCOAT-0023,345,05:45,78.0,80.1,85.4,77.0,82.4,75.9,74.6,74.1,85.1,81.9,76.9,81.0
TOPCOAT-0023,346,05:46,77.2,79.7,86.2,75.4,83.2,75.9,74.4,74.5,84.5,81.4,77.8,81.3
TOPCOAT-0023,347,05:47,76.6,80.9,85.7,75.9,82.7,76.0,73.6,75.1,83.9,82.0,77.8,81.2
TOPCOAT-0023,348,05:48,78.5,79.4,86.0,76.2,83.1,76.8,73.8,74.2,84.4,83.1,77.6,81.1
TOPCOAT-0023,349,05:49,77.9,79.6,86.5,75.8,83.0,77.3,74.3,75.2,84.9,81.9,77.2,82.2
TOPCOAT-0023,350,05:50,78.0,80.3,85.4,76.2,82.6,76.5,75.6,75.6,85.1,82.9,77.3,81.1
TOPCOAT-0023,351,05:51,77.8,79.9,85.4,76.9,83.3,76.7,74.1,75.4,84.1,82.9,78.6,82.5
TOPCOAT-0023,352,05:52,77.6,79.2,86.1,76.1,83.5,76.9,75.4,75.4,84.5,82.9,76.8,80.8
TOPCOAT-0023,353,05:53,77.5,79.8,86.3,76.6,82.8,77.3,74.9,75.7,84.8,82.4,78.1,82.5
TOPCOAT-0023,354,05:54,77.7,79.6,86.5,76.2,83.5,76.6,74.4,76.5,85.3,82.1,78.3,81.1
TOPCOAT-0023,355,05:55,78.4,80.8,85.4,77.5,84.0,77.9,75.8,76.0,85.3,83.2,77.7,81.8
TOPCOAT-0023,356,05:56,77.6,81.3,86.0,76.8,83.6,77.9,75.2,75.8,86.0,82.3,77.8,81.7
TOPCOAT-0023,357,05:57,78.0,80.2,85.6,76.4,83.5,77.2,75.2,76.1,85.0,82.4,78.7,82.4
TOPCOAT-0023,358,05:58,78.7,81.4,87.0,76.8,84.9,78.2,76.4,75.6,85.1,83.3,78.0,81.8
TOPCOAT-0023,359,05:59,78.4,80.1,86.0,75.6,83.3,76.6,75.3,76.5,85.0,82.8,78.6,81.8
TOPCOAT-0023,360,06:00,78.6,80.7,86.5,76.7,83.8,78.4,75.6,75.8,85.5,82.9,78.4,81.9
TOPCOAT-0023,361,06:01,78.5,80.9,85.9,77.0,83.5,78.1,76.4,76.1,85.4,82.7,78.3,81.8
TOPCOAT-0023,362,06:02,80.2,80.9,86.3,76.1,84.1,77.6,75.1,75.8,85.1,82.9,77.5,82.8
TOPCOAT-0023,363,06:03,78.6,81.1,87.0,76.1,84.1,78.6,75.7,75.8,86.2,82.8,78.5,82.5
TOPCOAT-0023,364,06:04,79.6,80.8,87.3,76.4,83.2,77.8,75.8,76.2,84.9,83.0,78.4,81.9
TOPCOAT-0023,365,06:05,78.6,80.9,86.0,76.9,84.2,78.8,75.4,77.1,85.2,82.9,78.5,83.3
TOPCOAT-0023,366,06:06,78.8,81.9,86.3,76.8,84.9,78.0,76.2,77.0,86.3,82.6,78.6,82.6
TOPCOAT-0023,367,06:07,78.6,81.2,86.7,77.0,85.7,78.8,75.9,75.7,85.7,83.8,77.7,82.6
TOPCOAT-0023,368,06:08,77.7,81.1,85.9,77.4,85.1,79.0,75.7,76.7,85.5,82.3,78.7,82.6
TOPCOAT-0023,369,06:09,79.3,80.8,87.4,76.9,84.3,78.4,77.1,76.5,86.0,83.7,78.5,82.2
TOPCOAT-0023,370,06:10,78.2,80.9,86.5,75.9,85.1,78.9,76.3,75.4,85.8,82.5,78.8,83.4
TOPCOAT-0023,371,06:11,79.6,80.0,86.6,77.0,84.6,78.3,76.4,77.0,84.9,83.1,78.7,83.4
TOPCOAT-0023,372,06:12,79.4,81.3,86.1,77.4,85.2,77.9,77.7,76.8,85.9,83.0,78.4,82.6
TOPCOAT-0023,373,06:13,79.0,80.2,87.3,76.1,85.3,78.6,76.1,76.5,86.1,83.3,78.5,83.2
TOPCOAT-0023,374,06:14,79.3,80.8,86.8,76.3,85.1,78.8,76.1,76.2,86.0,83.2,78.3,83.0
TOPCOAT-0023,375,06:15,79.3,80.7,87.2,76.8,85.2,78.5,76.4,76.8,85.8,82.8,78.6,82.9
TOPCOAT-0023,376,06:16,79.5,81.2,86.6,76.7,85.5,79.1,76.3,77.4,85.8,83.9,78.8,83.7
TOPCOAT-0023,377,06:17,78.8,81.0,88.2,77.7,86.6,78.3,76.5,77.0,85.8,83.5,78.2,83.4
TOPCOAT-0023,378,06:18,79.8,80.4,85.5,77.9,86.7,78.8,76.2,77.5,84.7,83.9,78.9,84.3
TOPCOAT-0023,379,06:19,79.0,80.8,86.8,77.3,85.7,78.6,76.5,78.2,86.8,83.2,78.5,82.7
TOPCOAT-0023,380,06:20,80.7,80.9,86.6,76.5,85.2,79.5,77.2,77.6,86.4,82.4,79.1,83.4
TOPCOAT-0023,381,06:21,79.7,81.1,87.0,77.1,86.2,80.2,77.0,77.7,86.0,83.0,79.1,83.3
TOPCOAT-0023,382,06:22,78.3,81.2,87.0,76.3,86.3,79.2,76.9,77.3,86.3,84.1,78.4,83.8
TOPCOAT-0023,383,06:23,79.4,80.0,86.5,77.9,84.9,79.2,76.6,77.0,86.0,84.7,78.4,83.0
TOPCOAT-0023,384,06:24,79.0,80.9,87.1,77.1,86.2,78.9,77.0,77.0,85.7,83.4,79.8,82.8
TOPCOAT-0023,385,06:25,79.6,81.9,87.3,77.8,86.2,80.2,77.3,77.8,86.0,82.8,79.1,83.8
TOPCOAT-0023,386,06:26,79.7,81.5,86.9,77.6,86.4,79.9,76.8,77.7,86.8,82.6,77.8,83.9
TOPCOAT-0023,387,06:27,79.6,80.6,87.5,76.8,86.2,79.5,77.6,77.6,86.6,83.1,79.1,83.8
TOPCOAT-0023,388,06:28,79.3,81.6,86.9,76.7,86.0,79.7,76.9,77.5,86.6,83.5,80.1,83.2
TOPCOAT-0023,389,06:29,79.9,81.1,86.7,77.1,85.9,79.2,77.4,78.6,87.2,82.9,79.0,83.3
TOPCOAT-0023,390,06:30,79.4,80.2,87.8,77.8,86.4,79.0,77.2,77.4,85.4,84.2,79.1,83.7
TOPCOAT-0023,391,06:31,80.0,81.6,87.7,77.1,86.4,79.5,78.0,77.7,85.8,83.1,79.7,84.3
TOPCOAT-0023,392,06:32,79.4,81.4,86.9,77.2,87.2,78.3,77.2,76.3,85.8,83.8,79.3,83.6
TOPCOAT-0023,393,06:33,79.9,81.6,87.8,77.3,86.5,78.9,78.3,77.6,86.3,83.1,78.7,83.7
TOPCOAT-0023,394,06:34,80.1,80.9,86.9,76.8,86.8,79.4,77.3,77.4,86.4,82.8,79.6,84.4
TOPCOAT-0023,395,06:35,79.6,82.2,87.1,77.2,85.7,78.9,77.4,78.2,86.6,82.3,79.4,84.1
TOPCOAT-0023,396,06:36,80.0,81.4,86.9,77.4,85.7,80.1,77.7,78.2,86.8,84.3,79.3,83.5
TOPCOAT-0023,397,06:37,80.0,80.2,87.5,77.3,87.1,80.2,76.8,77.8,86.7,83.6,78.4,83.9
TOPCOAT-0023,398,06:38,79.4,82.3,86.8,78.0,86.5,81.0,78.4,78.2,86.2,83.7,78.5,84.0
TOPCOAT-0023,399,06:39,79.2,82.5,87.9,78.9,86.3,79.9,77.8,77.3,87.2,83.5,79.3,84.1
TOPCOAT-0023,400,06:40,80.0,81.6,88.1,77.1,87.7,80.2,77.8,78.2,86.7,84.2,78.8,84.4
TOPCOAT-0023,401,06:41,80.0,81.7,88.0,77.3,86.7,80.1,77.2,78.1,86.6,84.1,79.4,84.7
TOPCOAT-0023,402,06:42,79.8,81.2,87.1,77.0,86.4,80.6,78.3,77.2,86.5,83.4,78.8,84.0
TOPCOAT-0023,403,06:43,79.3,81.9,87.7,77.7,85.6,80.9,77.6,78.1,85.7,83.9,79.9,84.2
TOPCOAT-0023,404,06:44,80.1,81.0,87.9,78.3,87.3,79.5,78.1,78.4,86.6,84.2,79.7,84.2
TOPCOAT-0023,405,06:45,80.0,82.1,86.8,76.5,87.5,80.6,78.5,78.3,86.5,84.0,78.0,83.3
TOPCOAT-0023,406,06:46,80.3,82.2,87.2,77.3,87.3,79.9,77.4,78.3,86.7,84.8,78.8,84.1
TOPCOAT-0023,407,06:47,80.5,81.7,87.7,77.1,86.1,79.9,77.9,78.3,87.2,83.2,78.9,85.1
TOPCOAT-0023,408,06:48,79.9,81.6,86.8,76.7,85.9,79.8,77.4,78.1,86.6,83.4,79.6,83.8
TOPCOAT-0023,409,06:49,79.1,81.2,87.4,76.1,86.7,80.7,77.9,78.4,87.0,83.5,79.4,83.7
TOPCOAT-0023,410,06:50,81.3,81.8,86.8,78.4,86.9,79.9,77.9,78.6,86.8,83.4,78.9,83.4
TOPCOAT-0023,411,06:51,79.7,82.4,87.5,77.0,87.4,80.5,78.6,77.3,86.4,83.4,79.9,83.5
TOPCOAT-0023,412,06:52,80.3,81.9,87.0,77.3,87.5,79.8,78.5,77.7,86.2,83.5,80.2,83.7
TOPCOAT-0023,413,06:53,78.9,81.8,87.4,77.4,86.8,81.3,76.6,78.6,86.2,83.8,79.4,83.6
TOPCOAT-0023,414,06:54,80.0,81.0,87.6,77.1,87.5,80.6,77.9,78.1,86.0,82.7,81.1,84.2
TOPCOAT-0023,415,06:55,79.1,81.0,88.1,77.4,87.2,81.3,79.3,77.8,86.9,83.2,79.4,84.2
TOPCOAT-0023,416,06:56,80.0,81.7,86.9,77.6,86.7,80.8,78.1,77.5,85.6,83.1,79.2,84.4
TOPCOAT-0023,417,06:57,79.8,81.5,87.3,77.2,87.4,80.9,79.0,78.5,86.8,84.3,79.6,83.5
TOPCOAT-0023,418,06:58,79.6,82.3,87.3,77.6,88.4,79.7,78.4,79.0,86.2,83.8,79.3,84.1
TOPCOAT-0023,419,06:59,80.3,81.3,87.4,78.5,87.3,80.9,78.8,78.3,86.0,84.6,79.9,84.1
TOPCOAT-0023,420,07:00,80.3,82.0,88.0,77.3,87.1,81.7,78.5,78.4,86.1,83.7,79.4,84.4
TOPCOAT-0023,421,07:01,80.1,81.7,86.6,78.1,87.5,80.5,78.4,78.9,87.8,84.2,80.2,84.6
TOPCOAT-0023,422,07:02,81.0,82.4,88.1,77.3,86.3,80.3,78.1,79.0,86.8,83.4,80.2,84.2
TOPCOAT-0023,423,07:03,80.3,83.1,88.2,76.9,87.5,81.7,78.7,77.6,86.9,84.0,79.7,84.8
TOPCOAT-0023,424,07:04,80.2,81.8,87.5,77.4,86.9,79.9,78.4,78.4,85.6,82.9,79.6,84.8
TOPCOAT-0023,425,07:05,80.3,81.7,87.0,77.0,87.5,80.9,79.0,77.7,86.8,83.9,79.4,83.9
TOPCOAT-0023,426,07:06,79.9,81.6,87.5,76.5,88.0,80.8,77.9,78.3,87.0,84.0,79.2,84.4
TOPCOAT-0023,427,07:07,80.6,82.8,87.5,77.0,87.8,80.7,78.9,78.7,87.0,83.9,79.3,84.4
TOPCOAT-0023,428,07:08,80.9,82.7,87.9,77.6,86.5,80.6,78.9,78.7,86.3,83.9,78.8,84.5
TOPCOAT-0023,429,07:09,79.9,81.3,87.3,77.5,87.3,81.4,79.1,78.9,86.2,84.0,79.3,84.6
TOPCOAT-0023,430,07:10,80.2,81.9,87.7,77.7,87.6,80.2,78.7,78.3,86.7,83.7,79.0,84.2
TOPCOAT-0023,431,07:11,80.0,81.0,87.9,77.3,87.2,80.4,77.8,78.2,87.4,83.3,79.7,84.5
TOPCOAT-0023,432,07:12,81.4,82.5,87.4,77.1,86.7,80.7,78.8,78.8,87.5,83.9,78.2,84.6
TOPCOAT-0023,433,07:13,80.3,81.3,86.9,78.1,87.4,80.9,78.3,78.5,86.9,83.4,80.2,84.0
TOPCOAT-0023,434,07:14,80.2,81.5,88.9,77.1,87.6,81.6,78.3,78.5,87.2,84.5,79.3,84.6
TOPCOAT-0023,435,07:15,80.2,81.5,88.4,78.7,87.7,81.4,78.8,78.3,87.0,84.0,79.1,84.0
TOPCOAT-0023,436,07:16,80.7,81.6,87.1,77.6,87.9,80.7,78.3,78.6,87.2,83.1,78.9,84.5
TOPCOAT-0023,437,07:17,79.7,81.6,87.3,77.7,86.4,81.4,78.2,78.8,87.5,82.8,79.7,84.2
TOPCOAT-0023,438,07:18,79.7,82.1,88.4,76.9,88.3,80.8,77.5,78.9,86.6,84.0,79.9,84.8
TOPCOAT-0023,439,07:19,80.6,81.9,86.9,77.0,87.9,80.3,78.0,78.6,87.2,84.5,79.7,85.1
TOPCOAT-0023,440,07:20,80.3,80.9,87.7,78.1,86.9,80.4,78.9,77.8,86.7,83.2,79.4,83.9
TOPCOAT-0023,441,07:21,80.4,81.2,87.7,77.4,88.0,80.8,78.5,79.2,86.8,85.7,79.4,84.1
TOPCOAT-0023,442,07:22,80.0,81.1,87.9,76.9,88.7,81.0,78.7,77.9,86.3,87.1,80.0,84.4
TOPCOAT-0023,443,07:23,80.9,81.5,87.6,77.1,87.7,80.7,78.2,78.2,87.2,87.3,80.0,84.5
TOPCOAT-0023,444,07:24,80.7,81.5,89.9,77.9,87.6,80.7,78.9,78.0,87.5,88.5,80.1,85.2
TOPCOAT-0023,445,07:25,81.2,82.0,90.6,77.5,87.8,81.1,79.5,78.1,86.6,89.5,78.8,85.2
TOPCOAT-0023,446,07:26,80.5,82.1,91.6,77.2,88.5,81.1,78.7,78.4,86.2,88.9,80.1,84.7
TOPCOAT-0023,447,07:27,81.3,80.7,92.2,80.0,87.9,82.3,78.3,78.3,87.3,89.1,79.9,84.9
TOPCOAT-0023,448,07:28,80.3,82.4,92.4,80.0,87.2,81.2,79.1,78.9,86.9,89.2,79.4,84.1
TOPCOAT-0023,449,07:29,80.8,81.9,93.7,80.9,86.4,80.7,78.1,79.6,86.0,90.9,79.5,85.5
TOPCOAT-0023,450,07:30,81.2,84.6,93.4,80.9,87.8,80.7,78.3,78.8,89.7,91.2,78.7,84.3
TOPCOAT-0023,451,07:31,80.3,84.7,94.2,82.8,87.1,81.7,78.6,78.3,89.8,90.9,78.6,84.7
TOPCOAT-0023,452,07:32,80.0,85.8,95.7,82.6,87.4,80.5,78.8,78.6,90.6,91.2,78.8,84.5
TOPCOAT-0023,453,07:33,79.9,86.1,94.9,84.1,88.1,80.0,78.3,78.7,91.8,92.4,80.9,84.9
TOPCOAT-0023,454,07:34,79.9,86.2,96.1,83.7,87.2,81.1,78.7,78.6,91.4,92.5,82.4,84.7
TOPCOAT-0023,455,07:35,79.5,86.6,95.9,83.6,87.9,80.6,79.3,78.9,91.9,92.7,82.1,84.4
TOPCOAT-0023,456,07:36,80.5,88.5,95.9,84.3,87.4,81.4,78.5,78.9,93.1,93.3,83.2,84.8
TOPCOAT-0023,457,07:37,80.1,88.7,95.7,84.7,87.1,82.2,78.5,79.0,93.2,93.1,85.7,85.1
TOPCOAT-0023,458,07:38,80.4,88.2,96.7,84.6,86.8,80.3,79.1,78.7,94.2,93.8,85.4,85.3
TOPCOAT-0023,459,07:39,80.0,88.6,96.8,84.6,87.6,81.0,78.0,78.9,94.3,94.3,86.0,83.9
TOPCOAT-0023,460,07:40,80.8,89.0,96.7,84.8,87.4,81.0,78.7,78.4,94.0,94.0,85.5,85.1
TOPCOAT-0023,461,07:41,81.5,89.1,97.6,86.0,87.1,80.5,78.7,79.4,95.2,93.9,87.2,85.5
TOPCOAT-0023,462,07:42,79.7,88.9,97.5,85.8,87.7,81.4,79.3,78.4,95.0,93.0,86.9,85.0
TOPCOAT-0023,463,07:43,79.7,90.0,97.6,86.2,87.8,81.3,78.8,78.7,96.3,94.5,86.5,85.0
TOPCOAT-0023,464,07:44,80.7,89.6,98.4,87.2,87.5,81.1,78.8,78.5,96.4,95.1,86.7,84.7
TOPCOAT-0023,465,07:45,80.9,91.5,98.2,86.8,88.2,80.4,78.7,78.4,95.6,94.2,86.8,84.2
TOPCOAT-0023,466,07:46,83.2,90.8,98.3,86.6,87.7,81.6,78.2,78.8,96.7,95.8,87.3,85.2
TOPCOAT-0023,467,07:47,83.4,91.2,99.4,87.4,88.6,81.5,78.6,79.9,96.3,95.8,87.7,84.9
TOPCOAT-0023,468,07:48,84.5,91.0,99.2,86.9,87.1,81.0,78.7,78.6,97.5,95.4,88.3,85.2
TOPCOAT-0023,469,07:49,84.2,91.5,99.2,88.2,88.2,80.7,79.4,78.3,97.1,95.7,88.6,87.0
TOPCOAT-0023,470,07:50,85.4,91.4,98.9,88.6,87.7,81.0,78.4,78.7,97.0,96.4,88.2,88.7
TOPCOAT-0023,471,07:51,85.6,91.7,100.7,89.1,88.1,80.8,78.4,78.8,97.7,96.4,88.6,87.8
TOPCOAT-0023,472,07:52,86.7,92.9,100.5,88.4,87.2,81.2,78.7,78.3,97.8,96.3,90.0,88.4
TOPCOAT-0023,473,07:53,86.1,92.6,100.7,87.8,87.3,81.4,78.3,78.8,98.7,96.9,89.2,89.9
TOPCOAT-0023,474,07:54,86.1,92.5,100.6,89.0,89.0,81.3,78.2,78.6,98.4,96.3,89.0,89.2
TOPCOAT-0023,475,07:55,87.9,92.8,100.6,88.8,87.4,80.2,79.8,79.5,97.6,97.4,90.1,90.0
TOPCOAT-0023,476,07:56,88.1,92.3,101.2,89.1,88.0,80.7,79.4,78.5,98.1,98.2,88.8,90.9
TOPCOAT-0023,477,07:57,88.1,93.3,101.1,88.9,87.2,80.7,79.5,80.7,99.7,96.6,90.3,91.0
TOPCOAT-0023,478,07:58,88.8,93.3,100.8,90.4,87.9,81.4,78.7,81.8,100.0,98.4,91.0,91.4
TOPCOAT-0023,479,07:59,88.5,93.9,101.7,89.9,87.8,80.4,78.9,83.3,99.9,97.2,91.0,92.4
TOPCOAT-0023,480,08:00,89.3,94.1,102.8,89.9,90.4,80.8,77.7,84.1,99.5,98.0,91.0,92.3
TOPCOAT-0023,481,08:01,89.0,93.9,101.4,90.3,90.7,80.9,78.5,83.1,99.2,98.1,90.3,93.4
TOPCOAT-0023,482,08:02,89.9,94.3,102.4,89.5,91.9,82.0,78.4,84.4,99.9,97.4,90.9,93.2
TOPCOAT-0023,483,08:03,89.5,93.5,102.4,90.2,92.0,81.8,81.7,83.4,100.8,98.4,91.0,93.4
TOPCOAT-0023,484,08:04,89.5,95.0,102.2,90.7,92.5,81.4,82.2,84.4,100.7,99.6,92.0,93.6
TOPCOAT-0023,485,08:05,89.8,94.5,102.7,90.1,93.3,81.0,81.5,84.9,101.3,98.4,91.7,93.5
TOPCOAT-0023,486,08:06,89.6,95.9,102.3,90.4,94.4,83.5,83.2,86.1,100.6,99.5,92.2,95.1
TOPCOAT-0023,487,08:07,91.3,95.3,102.9,91.7,94.6,84.3,83.0,86.4,101.1,100.0,92.0,93.8
TOPCOAT-0023,488,08:08,90.1,95.1,103.6,90.6,94.7,84.6,84.6,85.3,100.9,99.6,92.3,94.8
TOPCOAT-0023,489,08:09,90.9,95.4,103.6,91.1,94.2,85.4,83.6,86.0,101.2,99.6,92.6,94.7
TOPCOAT-0023,490,08:10,90.7,95.1,103.9,91.2,94.9,86.2,84.9,86.5,102.8,99.8,92.2,96.1
TOPCOAT-0023,491,08:11,90.9,95.9,104.2,91.0,95.5,86.7,84.7,86.8,100.9,99.2,92.3,96.1
TOPCOAT-0023,492,08:12,91.7,96.6,103.4,92.4,96.6,87.3,86.1,87.7,102.3,100.4,93.3,95.1
TOPCOAT-0023,493,08:13,91.2,96.7,104.1,92.4,96.7,87.5,86.3,87.2,103.2,100.2,93.8,96.0
TOPCOAT-0023,494,08:14,91.4,96.2,104.2,91.9,97.2,87.9,86.4,87.8,101.7,100.6,93.2,95.6
TOPCOAT-0023,495,08:15,92.2,96.4,104.7,92.8,96.9,88.0,86.3,88.0,102.2,100.1,93.0,96.2
TOPCOAT-0023,496,08:16,93.1,97.5,105.2,91.6,97.1,89.2,87.3,88.5,103.4,100.8,93.0,96.9
TOPCOAT-0023,497,08:17,92.0,97.8,104.8,92.7,97.0,88.9,86.8,88.5,102.8,100.4,93.9,97.1
TOPCOAT-0023,498,08:18,92.9,97.2,105.4,92.6,99.3,90.2,88.2,88.6,103.9,99.9,94.1,97.2
TOPCOAT-0023,499,08:19,92.8,97.7,106.0,92.7,98.0,89.7,88.1,88.4,103.0,99.8,94.6,97.7
TOPCOAT-0023,500,08:20,93.5,97.1,105.6,92.8,99.1,90.0,87.8,89.1,103.7,100.3,93.8,97.5
TOPCOAT-0023,501,08:21,93.1,96.4,105.7,94.3,98.7,90.3,87.8,89.0,104.0,101.8,94.3,98.0
TOPCOAT-0023,502,08:22,93.5,98.0,105.6,92.9,98.1,90.5,87.8,89.3,103.8,101.4,95.7,96.9
TOPCOAT-0023,503,08:23,93.7,97.5,105.5,93.8,98.3,90.5,87.8,90.9,104.0,102.0,95.0,97.8
TOPCOAT-0023,504,08:24,94.0,98.0,105.9,93.8,98.9,90.3,88.2,90.1,103.7,101.0,95.3,98.0
TOPCOAT-0023,505,08:25,93.9,98.4,105.7,93.3,98.8,91.5,89.0,89.6,103.8,101.1,94.1,98.0
TOPCOAT-0023,506,08:26,93.6,97.4,106.2,92.7,99.2,91.7,89.3,90.1,104.1,101.8,95.0,98.8
TOPCOAT-0023,507,08:27,94.6,98.8,106.1,93.8,100.4,90.8,89.6,90.1,104.3,102.0,95.1,98.9
TOPCOAT-0023,508,08:28,94.6,99.4,106.8,94.7,100.3,91.5,89.2,90.5,105.2,102.0,96.0,99.2
TOPCOAT-0023,509,08:29,95.1,99.1,106.6,93.3,101.1,91.5,90.1,90.2,104.9,101.8,95.9,99.8
TOPCOAT-0023,510,08:30,94.7,99.6,107.2,94.5,101.5,92.1,89.6,91.3,105.2,103.3,95.9,99.9
TOPCOAT-0023,511,08:31,95.8,98.8,106.4,93.8,101.4,92.2,91.3,91.5,104.6,102.3,96.1,100.1
TOPCOAT-0023,512,08:32,95.1,98.6,106.7,95.0,100.6,92.7,90.1,90.4,105.4,102.4,95.9,99.2
TOPCOAT-0023,513,08:33,95.3,98.6,107.4,94.4,102.1,93.6,90.6,91.6,105.3,102.6,95.9,100.0
TOPCOAT-0023,514,08:34,94.8,99.5,107.8,94.9,101.6,92.8,90.1,91.2,105.7,102.9,96.2,100.6
TOPCOAT-0023,515,08:35,95.9,98.4,107.8,94.8,101.5,93.2,90.7,91.5,105.4,102.9,96.7,100.5
TOPCOAT-0023,516,08:36,95.9,99.1,107.6,95.1,101.5,93.7,90.4,92.9,106.4,103.3,96.7,100.2
TOPCOAT-0023,517,08:37,95.7,99.2,108.5,95.2,101.2,93.9,93.0,92.2,105.8,103.2,96.9,100.1
TOPCOAT-0023,518,08:38,96.0,99.9,107.4,94.3,101.6,93.8,91.0,93.1,105.7,104.4,97.0,101.0
TOPCOAT-0023,519,08:39,96.9,99.7,108.3,94.8,102.9,93.6,91.5,93.0,105.7,104.3,97.2,100.9
TOPCOAT-0023,520,08:40,96.3,99.2,107.5,95.0,102.8,93.4,92.5,92.2,106.7,104.7,97.6,101.1
TOPCOAT-0023,521,08:41,95.8,99.6,108.2,95.0,103.2,93.6,91.3,92.9,106.1,104.9,97.5,101.2
TOPCOAT-0023,522,08:42,97.6,100.4,107.3,95.7,103.0,94.8,92.0,92.3,107.5,104.2,97.5,101.1
TOPCOAT-0023,523,08:43,97.3,101.1,109.4,95.8,104.0,94.4,92.4,93.0,107.9,104.2,97.5,101.0
TOPCOAT-0023,524,08:44,97.6,101.0,108.6,95.5,102.8,94.2,92.3,94.3,106.5,104.6,97.3,101.8
TOPCOAT-0023,525,08:45,97.0,100.8,109.2,96.1,102.7,95.0,92.7,93.4,107.3,104.0,97.0,101.6
TOPCOAT-0023,526,08:46,96.4,101.4,108.1,95.8,103.3,94.4,92.8,93.9,106.3,104.2,98.2,101.4
TOPCOAT-0023,527,08:47,97.1,100.4,109.3,96.2,103.7,96.0,93.0,93.2,107.8,104.1,98.5,101.7
TOPCOAT-0023,528,08:48,96.9,101.2,109.0,95.9,104.2,95.3,93.3,93.2,106.8,104.8,99.2,101.5
TOPCOAT-0023,529,08:49,97.8,101.0,108.3,96.1,104.2,95.6,93.6,93.5,107.5,105.7,97.8,102.2
TOPCOAT-0023,530,08:50,97.2,101.0,108.6,97.3,104.1,96.2,93.4,93.6,106.9,105.1,98.2,102.8
TOPCOAT-0023,531,08:51,97.8,101.0,109.8,96.4,104.3,95.8,93.3,95.0,108.5,105.9,99.6,103.2
TOPCOAT-0023,532,08:52,97.9,101.5,109.3,96.8,105.1,96.5,93.8,94.8,108.2,105.0,98.4,103.1
TOPCOAT-0023,533,08:53,97.9,101.8,110.2,96.5,104.7,95.8,93.7,94.1,107.8,105.6,98.8,103.9
TOPCOAT-0023,534,08:54,98.4,101.6,109.8,96.4,104.9,96.0,93.6,94.4,108.0,105.7,98.8,102.9
TOPCOAT-0023,535,08:55,98.8,102.1,110.8,96.7,104.6,96.6,94.2,95.1,108.9,106.2,99.0,103.1
TOPCOAT-0023,536,08:56,98.3,101.4,109.3,97.3,105.8,97.9,93.8,95.3,108.7,105.9,99.9,103.5
TOPCOAT-0023,537,08:57,99.3,101.6,110.2,97.3,105.2,96.6,94.5,95.3,110.0,105.9,99.3,104.5
TOPCOAT-0023,538,08:58,98.2,101.7,110.8,96.9,105.2,96.6,93.9,95.5,108.2,106.3,98.9,104.3
TOPCOAT-0023,539,08:59,99.4,101.8,109.6,98.1,105.4,96.2,94.2,95.1,109.0,106.2,99.8,104.6
TOPCOAT-0023,540,09:00,99.4,101.9,110.6,97.2,107.4,97.6,95.6,95.1,108.6,106.7,98.3,103.9
TOPCOAT-0023,541,09:01,99.0,103.3,110.3,97.7,106.0,98.2,94.2,95.0,109.3,106.5,99.3,104.9
TOPCOAT-0023,542,09:02,99.2,103.5,111.2,97.4,105.9,97.6,94.2,96.2,109.6,105.8,99.4,103.8
TOPCOAT-0023,543,09:03,99.8,102.7,111.6,97.8,106.4,97.9,96.6,95.1,108.6,107.5,99.7,104.1
TOPCOAT-0023,544,09:04,100.0,102.6,111.5,98.1,107.2,98.3,94.9,95.9,110.0,106.6,100.7,104.6
TOPCOAT-0023,545,09:05,99.3,102.6,110.9,98.1,107.2,98.4,94.2,95.9,109.7,106.6,100.1,103.9
TOPCOAT-0023,546,09:06,100.4,102.9,111.5,98.5,107.1,98.5,94.9,96.7,109.3,107.2,100.4,104.6
TOPCOAT-0023,547,09:07,101.2,103.0,111.2,98.2,106.3,97.8,95.7,96.1,110.0,107.5,99.8,104.1
TOPCOAT-0023,548,09:08,100.0,103.5,111.4,98.7,106.6,98.9,96.6,96.1,109.9,107.0,100.2,104.9
TOPCOAT-0023,549,09:09,100.2,103.2,111.1,98.9,106.1,98.7,96.4,96.3,110.2,106.8,100.4,105.0
TOPCOAT-0023,550,09:10,100.2,104.5,111.6,98.8,107.2,99.8,95.8,96.3,109.8,107.2,100.4,105.7
TOPCOAT-0023,551,09:11,100.1,104.7,111.8,98.4,107.0,99.4,95.7,97.7,109.8,107.7,100.9,105.1
TOPCOAT-0023,552,09:12,100.3,103.4,111.7,98.5,108.3,98.3,96.7,97.5,110.4,107.6,101.0,106.4
TOPCOAT-0023,553,09:13,100.5,104.5,112.1,98.9,108.1,98.8,96.2,96.9,109.7,107.3,101.2,105.7
TOPCOAT-0023,554,09:14,100.4,104.3,111.3,98.4,107.5,99.9,96.3,97.7,109.8,107.6,100.9,105.7
TOPCOAT-0023,555,09:15,101.0,103.7,112.3,99.9,108.0,99.2,95.9,97.7,111.4,107.4,100.8,106.0
TOPCOAT-0023,556,09:16,101.1,104.6,112.2,99.1,108.9,100.3,98.3,97.2,110.5,107.9,100.9,105.9
TOPCOAT-0023,557,09:17,99.3,105.5,112.3,98.8,108.7,98.7,97.4,98.1,109.5,107.8,101.1,106.0
TOPCOAT-0023,558,09:18,101.4,104.6,113.0,100.0,109.0,100.1,96.0,97.7,111.2,108.1,101.3,105.9
TOPCOAT-0023,559,09:19,101.1,104.4,112.7,99.8,108.3,99.4,98.1,97.7,111.6,108.6,101.3,106.7
TOPCOAT-0023,560,09:20,102.2,104.4,112.8,99.6,109.2,100.4,97.5,97.6,111.9,108.2,101.1,106.0
TOPCOAT-0023,561,09:21,101.0,104.7,113.0,98.5,109.2,99.5,97.2,98.1,111.4,107.8,101.5,106.4
TOPCOAT-0023,562,09:22,102.1,104.9,113.0,99.3,109.0,100.2,97.1,98.4,111.0,108.1,102.1,106.5
TOPCOAT-0023,563,09:23,101.4,105.4,113.0,100.3,108.4,101.0,97.9,98.3,112.0,108.1,100.8,106.1
TOPCOAT-0023,564,09:24,101.8,105.3,113.2,99.1,109.0,100.4,96.8,99.8,111.9,109.2,101.8,106.9
TOPCOAT-0023,565,09:25,101.6,105.7,113.9,101.1,109.5,100.7,97.5,98.4,110.8,108.5,102.4,107.7
TOPCOAT-0023,566,09:26,101.9,105.0,112.9,99.8,108.9,101.0,98.6,98.7,112.6,109.3,101.2,107.1
TOPCOAT-0023,567,09:27,101.2,106.1,114.2,100.2,109.4,101.1,98.8,99.1,112.3,108.3,102.8,106.6
TOPCOAT-0023,568,09:28,101.9,105.3,113.4,100.2,110.0,101.5,98.1,98.8,111.6,109.1,102.6,108.1
TOPCOAT-0023,569,09:29,103.1,105.5,113.6,101.1,109.2,100.9,98.6,99.5,112.7,109.0,102.6,107.1
TOPCOAT-0023,570,09:30,103.0,106.4,113.5,100.7,110.4,100.7,99.8,98.6,112.2,109.3,102.3,107.3
TOPCOAT-0023,571,09:31,102.9,106.1,113.7,100.0,109.8,101.4,98.5,99.0,112.7,109.3,102.4,107.3
TOPCOAT-0023,572,09:32,103.6,106.7,114.6,101.3,110.6,101.3,99.8,99.5,113.1,109.6,103.1,108.0
TOPCOAT-0023,573,09:33,102.9,105.8,113.7,101.5,110.3,101.9,98.8,99.6,112.3,109.1,102.4,107.9
TOPCOAT-0023,574,09:34,103.2,106.5,114.5,100.5,109.7,101.9,98.4,99.4,112.8,109.0,103.3,109.0
TOPCOAT-0023,575,09:35,101.9,106.5,114.3,101.3,111.2,102.1,98.7,99.3,112.9,110.5,103.1,109.1
TOPCOAT-0023,576,09:36,104.2,106.9,114.3,99.7,111.1,102.1,99.0,100.1,113.8,110.2,102.6,108.2
TOPCOAT-0023,577,09:37,102.8,107.6,114.7,101.0,110.8,102.5,98.8,100.6,113.2,110.4,103.7,108.4
TOPCOAT-0023,578,09:38,102.7,106.2,114.4,100.6,111.4,102.2,98.9,99.6,113.4,110.2,104.5,109.0
TOPCOAT-0023,579,09:39,103.3,106.1,116.2,101.2,110.9,102.0,99.6,99.6,113.0,109.9,103.0,108.9
TOPCOAT-0023,580,09:40,104.3,106.6,114.8,102.4,111.4,101.5,99.7,99.8,114.0,110.4,102.9,108.6
TOPCOAT-0023,581,09:41,103.3,106.9,114.5,101.4,111.0,102.4,99.1,99.8,112.7,110.7,103.8,108.4
TOPCOAT-0023,582,09:42,103.2,106.3,115.0,102.0,111.3,102.4,99.7,100.4,114.0,110.4,103.5,108.9
TOPCOAT-0023,583,09:43,104.0,107.2,114.6,101.7,111.7,102.9,99.2,100.9,113.8,110.9,104.0,109.6
TOPCOAT-0023,584,09:44,103.3,106.9,114.8,102.1,112.0,103.0,100.3,101.4,113.7,110.8,104.2,108.8
TOPCOAT-0023,585,09:45,103.7,107.5,115.2,102.1,112.4,102.2,99.5,101.3,114.3,111.1,104.5,108.5
TOPCOAT-0023,586,09:46,103.5,107.1,115.4,102.3,111.9,102.1,99.3,101.5,113.8,111.7,103.5,109.3
TOPCOAT-0023,587,09:47,104.2,108.1,115.7,102.6,111.6,103.2,101.1,101.8,115.0,110.5,105.3,110.0
TOPCOAT-0023,588,09:48,105.0,107.4,116.9,103.0,111.8,103.3,100.7,100.2,114.1,111.0,103.9,109.3
TOPCOAT-0023,589,09:49,104.0,108.8,115.2,102.2,112.0,103.9,100.5,101.0,114.0,110.2,104.9,109.5
TOPCOAT-0023,590,09:50,104.7,108.3,116.3,102.8,113.1,103.3,100.9,101.7,113.3,111.6,104.5,109.8
TOPCOAT-0023,591,09:51,104.0,108.5,116.2,102.8,112.4,104.2,101.1,100.9,114.5,111.9,105.9,109.3
TOPCOAT-0023,592,09:52,104.6,107.8,116.5,102.3,112.2,103.9,100.6,101.9,115.6,111.6,103.8,109.5
TOPCOAT-0023,593,09:53,105.3,108.5,116.8,102.5,113.1,103.2,101.2,101.6,113.9,112.6,105.2,109.9
TOPCOAT-0023,594,09:54,105.0,107.7,116.3,103.0,112.0,103.6,100.8,102.7,113.9,110.3,105.4,110.1
TOPCOAT-0023,595,09:55,105.0,108.5,117.7,103.0,112.5,103.8,101.2,100.7,114.7,112.3,104.2,109.9
TOPCOAT-0023,596,09:56,105.0,108.5,116.7,103.6,113.6,103.9,101.0,103.0,114.6,111.7,104.6,110.5
TOPCOAT-0023,597,09:57,105.1,108.4,117.1,103.4,113.3,104.4,101.6,102.0,115.4,112.0,105.6,110.8
TOPCOAT-0023,598,09:58,105.9,107.7,116.7,103.4,113.5,104.6,102.2,101.8,115.1,112.1,105.6,110.7
TOPCOAT-0023,599,09:59,105.6,109.6,116.7,103.7,113.2,104.4,101.8,101.0,115.4,112.5,104.8,110.5
TOPCOAT-0023,600,10:00,105.3,109.2,116.6,103.3,113.2,104.4,101.6,102.2,115.2,111.4,105.3,110.6
TOPCOAT-0023,601,10:01,105.2,108.8,117.1,103.0,114.4,104.0,101.5,101.7,116.0,112.8,105.2,110.6
TOPCOAT-0023,602,10:02,106.5,108.6,116.5,103.7,113.8,104.8,101.8,102.3,115.3,112.1,106.2,110.7
TOPCOAT-0023,603,10:03,104.8,109.6,117.0,103.2,113.3,106.0,101.2,102.0,115.8,111.6,105.3,111.4
TOPCOAT-0023,604,10:04,106.6,108.8,117.3,102.7,112.9,104.8,101.7,102.3,115.7,112.3,105.9,111.5
TOPCOAT-0023,605,10:05,106.1,109.3,117.5,103.3,114.3,105.0,101.7,102.1,115.8,112.0,106.6,111.6
TOPCOAT-0023,606,10:06,106.6,109.6,116.9,104.1,114.7,105.3,102.1,102.1,115.7,113.1,106.4,111.4
TOPCOAT-0023,607,10:07,105.8,109.7,117.5,103.6,113.6,104.8,102.4,102.9,116.1,112.7,105.8,112.8
TOPCOAT-0023,608,10:08,106.6,109.2,117.8,104.1,114.4,105.5,102.1,103.2,116.6,113.0,105.8,110.5
TOPCOAT-0023,609,10:09,105.8,109.3,118.2,103.5,114.2,105.8,102.2,102.4,115.9,113.4,106.4,112.1
TOPCOAT-0023,610,10:10,106.5,110.0,118.0,104.2,114.6,105.1,102.2,102.7,115.8,113.3,107.1,111.2
TOPCOAT-0023,611,10:11,106.2,109.8,117.8,104.3,114.9,105.4,102.4,102.6,116.4,113.1,106.9,111.3
TOPCOAT-0023,612,10:12,107.0,109.5,118.4,103.8,114.6,105.8,101.3,103.9,116.3,114.0,106.3,110.0
TOPCOAT-0023,613,10:13,106.6,109.8,117.4,104.6,114.6,105.6,101.9,103.0,116.7,113.1,106.8,111.5
TOPCOAT-0023,614,10:14,106.0,109.2,118.2,103.9,115.6,105.9,102.3,104.4,116.4,112.6,105.3,112.2
TOPCOAT-0023,615,10:15,105.8,109.7,118.1,104.3,115.7,106.6,103.4,103.5,116.7,113.6,106.0,112.1
TOPCOAT-0023,616,10:16,105.7,109.4,117.6,104.2,115.0,105.9,103.1,103.6,116.9,113.4,106.3,111.0
TOPCOAT-0023,617,10:17,107.0,110.3,118.3,104.2,115.3,106.2,103.0,103.2,117.5,113.8,107.0,112.5
TOPCOAT-0023,618,10:18,106.7,110.2,119.2,104.4,114.9,106.6,103.9,104.9,116.6,113.6,106.8,112.9
TOPCOAT-0023,619,10:19,107.1,111.1,119.6,104.0,115.3,105.9,103.4,104.4,118.2,113.7,106.7,112.5
TOPCOAT-0023,620,10:20,106.9,110.5,119.3,105.5,116.6,106.1,103.6,103.8,118.3,113.8,106.7,112.9
TOPCOAT-0023,621,10:21,107.5,110.0,119.1,104.7,115.7,107.1,104.2,105.1,116.1,113.9,106.6,112.8
TOPCOAT-0023,622,10:22,107.4,110.9,118.8,104.6,115.6,106.3,103.5,104.5,117.8,115.0,107.0,112.6
TOPCOAT-0023,623,10:23,107.4,110.6,119.2,104.7,115.1,105.7,104.0,103.9,118.0,113.7,108.9,112.5
TOPCOAT-0023,624,10:24,107.2,110.7,118.7,105.2,116.5,107.5,104.2,104.4,118.3,114.7,107.6,113.1
TOPCOAT-0023,625,10:25,108.1,110.9,118.5,105.4,116.1,106.6,104.1,103.9,117.5,114.1,106.8,112.6
TOPCOAT-0023,626,10:26,108.1,110.5,119.3,105.7,115.9,106.2,103.2,104.4,117.3,114.0,107.1,113.3
TOPCOAT-0023,627,10:27,107.5,110.7,119.4,104.4,116.6,107.3,104.2,103.9,118.3,113.5,107.0,112.3
TOPCOAT-0023,628,10:28,108.6,111.6,120.1,104.8,116.4,107.4,103.3,104.6,117.7,115.0,107.7,112.6
TOPCOAT-0023,629,10:29,108.6,111.1,118.6,105.2,116.3,106.7,103.9,105.4,117.3,113.5,107.1,112.5
TOPCOAT-0023,630,10:30,107.6,111.1,119.9,106.2,116.8,106.6,105.0,104.9,117.8,114.6,107.3,113.2
TOPCOAT-0023,631,10:31,109.0,111.5,120.0,106.1,117.5,108.4,104.6,104.7,117.3,115.1,107.6,112.9
TOPCOAT-0023,632,10:32,108.4,110.2,119.3,105.7,117.0,107.5,105.2,105.2,118.8,115.1,107.6,113.4
TOPCOAT-0023,633,10:33,108.8,111.5,120.2,106.1,116.8,106.6,104.0,105.2,118.2,114.4,108.6,113.9
TOPCOAT-0023,634,10:34,108.4,111.6,120.1,106.0,117.4,107.9,104.8,105.2,118.1,114.7,107.9,113.3
TOPCOAT-0023,635,10:35,108.2,113.0,120.0,105.5,117.8,107.6,104.8,104.7,117.9,114.9,108.2,113.4
TOPCOAT-0023,636,10:36,107.6,112.3,119.8,106.8,118.2,108.3,104.8,105.6,117.5,115.5,107.2,113.5
TOPCOAT-0023,637,10:37,109.0,111.9,120.0,105.8,116.8,107.7,104.7,105.2,118.9,115.0,107.7,114.2
TOPCOAT-0023,638,10:38,108.5,112.4,119.4,105.4,118.2,107.9,105.5,105.6,118.1,115.4,109.0,114.4
TOPCOAT-0023,639,10:39,109.1,110.3,120.4,106.2,117.9,108.9,105.0,104.7,118.6,115.4,107.5,114.1
TOPCOAT-0023,640,10:40,109.0,113.1,119.9,105.8,116.7,107.8,105.3,105.0,119.0,115.3,108.6,114.2
TOPCOAT-0023,641,10:41,109.3,112.2,121.5,106.5,117.7,108.5,105.2,105.7,118.6,115.9,107.6,114.1
TOPCOAT-0023,642,10:42,108.6,112.9,120.8,107.3,118.1,108.2,105.1,106.4,118.5,115.7,108.9,114.6
TOPCOAT-0023,643,10:43,109.3,112.2,119.8,105.7,117.6,108.8,105.9,105.3,118.9,116.0,108.8,114.0
TOPCOAT-0023,644,10:44,108.6,112.6,120.3,107.0,117.6,108.9,105.5,106.0,118.9,116.2,108.6,115.3
TOPCOAT-0023,645,10:45,109.6,112.7,120.4,106.1,117.5,108.8,104.8,106.1,119.2,115.6,109.8,114.8
TOPCOAT-0023,646,10:46,109.0,112.5,120.4,107.6,118.0,108.0,105.6,106.5,119.4,115.3,109.6,114.9
TOPCOAT-0023,647,10:47,109.3,111.9,121.5,106.6,118.9,109.2,105.5,106.6,118.2,116.6,109.2,114.1
TOPCOAT-0023,648,10:48,109.9,113.1,121.4,107.5,118.0,108.7,105.2,106.3,119.4,116.5,109.0,115.3
TOPCOAT-0023,649,10:49,109.4,112.7,120.7,107.4,118.4,108.6,107.4,105.8,119.5,115.9,109.3,115.0
TOPCOAT-0023,650,10:50,109.9,113.0,121.0,107.7,117.9,108.5,105.7,106.8,119.3,115.8,109.5,116.1
TOPCOAT-0023,651,10:51,109.5,112.5,122.5,107.0,118.3,109.8,105.9,106.2,119.2,117.5,109.4,116.0
TOPCOAT-0023,652,10:52,109.7,112.7,121.8,107.6,117.8,108.7,107.0,107.0,119.6,117.6,109.0,115.5
TOPCOAT-0023,653,10:53,109.9,113.8,121.8,107.9,117.8,109.7,106.8,107.1,121.1,117.6,109.9,116.0
TOPCOAT-0023,654,10:54,109.4,113.8,121.5,108.0,118.2,109.3,105.6,106.4,120.5,116.6,109.9,115.8
TOPCOAT-0023,655,10:55,110.5,113.2,122.4,108.5,118.4,109.1,106.2,107.3,119.8,116.8,111.1,116.4
TOPCOAT-0023,656,10:56,109.5,113.3,121.3,108.1,118.0,110.2,106.7,107.8,119.7,116.8,109.7,116.3
TOPCOAT-0023,657,10:57,109.9,112.3,122.2,107.4,119.1,110.0,107.4,107.1,120.6,116.8,110.2,116.1
TOPCOAT-0023,658,10:58,109.5,113.2,121.4,107.3,118.1,109.6,106.6,108.1,119.1,116.5,110.4,116.4
TOPCOAT-0023,659,10:59,110.0,113.1,121.4,107.4,119.3,109.8,106.7,106.8,119.8,117.2,110.1,115.5
TOPCOAT-0023,660,11:00,110.5,113.1,122.3,107.9,119.2,111.2,106.3,107.4,120.9,117.6,109.2,116.0
TOPCOAT-0023,661,11:01,110.1,113.5,121.9,108.4,120.3,110.2,106.3,107.9,121.3,116.8,110.8,116.0
TOPCOAT-0023,662,11:02,110.9,113.3,122.4,108.4,119.3,110.4,107.0,107.3,121.7,117.5,109.8,116.6
TOPCOAT-0023,663,11:03,110.8,114.1,122.4,108.0,119.7,110.1,107.2,107.2,121.3,117.6,109.5,116.7
TOPCOAT-0023,664,11:04,110.8,113.7,122.2,108.6,118.9,110.3,106.8,107.3,120.6,117.7,110.1,116.1
TOPCOAT-0023,665,11:05,110.9,113.8,120.9,108.4,119.2,110.3,107.6,107.3,120.6,117.6,110.7,116.6
TOPCOAT-0023,666,11:06,109.7,113.8,123.0,108.0,120.1,110.5,107.1,107.3,121.6,117.4,110.0,116.5
TOPCOAT-0023,667,11:07,110.5,113.5,122.5,108.0,119.3,110.6,107.4,108.6,121.1,117.8,110.0,117.1
TOPCOAT-0023,668,11:08,112.0,113.5,121.6,107.9,120.1,110.4,107.2,107.6,120.0,118.0,110.5,116.1
TOPCOAT-0023,669,11:09,111.0,113.7,122.6,109.1,119.3,110.2,108.0,108.3,121.3,117.7,109.2,117.0
TOPCOAT-0023,670,11:10,111.2,114.1,122.9,108.5,119.7,111.4,108.3,107.8,121.5,117.8,111.3,117.4
TOPCOAT-0023,671,11:11,111.6,114.9,123.5,109.0,120.5,110.2,108.1,108.5,121.5,117.5,110.9,117.0
TOPCOAT-0023,672,11:12,110.7,114.7,123.1,108.5,120.4,110.9,107.8,107.6,121.0,117.7,111.9,117.6
TOPCOAT-0023,673,11:13,111.4,114.1,123.0,109.1,120.6,111.2,107.9,106.8,121.2,117.9,111.6,115.6
TOPCOAT-0023,674,11:14,112.3,114.4,123.7,108.7,119.7,110.8,107.1,108.2,121.1,117.6,111.1,116.7
TOPCOAT-0023,675,11:15,110.6,114.7,122.7,109.0,121.4,111.3,107.3,108.3,121.4,117.8,111.3,116.8
TOPCOAT-0023,676,11:16,111.2,115.0,123.3,108.7,121.0,111.5,108.2,108.8,122.4,118.4,110.9,116.9
TOPCOAT-0023,677,11:17,111.9,114.7,123.9,110.3,121.0,111.6,107.9,108.5,122.3,118.4,110.9,117.2
TOPCOAT-0023,678,11:18,111.6,114.8,123.1,109.2,119.8,111.7,108.2,108.9,122.2,118.4,111.9,117.2
TOPCOAT-0023,679,11:19,111.9,114.4,123.7,108.6,121.0,110.9,108.3,108.9,121.7,118.0,111.0,117.8
TOPCOAT-0023,680,11:20,112.1,114.8,123.7,109.5,120.7,111.9,109.3,109.4,122.7,118.1,111.8,118.5
TOPCOAT-0023,681,11:21,112.0,115.9,124.4,108.8,121.6,111.6,108.7,108.0,121.9,119.2,111.6,116.8
TOPCOAT-0023,682,11:22,111.8,114.9,123.4,108.8,121.9,111.4,108.9,108.6,122.5,119.0,111.8,117.8
TOPCOAT-0023,683,11:23,112.0,115.3,124.7,109.6,120.7,110.9,108.6,108.6,122.7,119.1,111.2,117.9
TOPCOAT-0023,684,11:24,111.5,116.4,123.6,109.7,119.8,112.6,107.9,108.9,122.0,118.4,111.9,118.1
TOPCOAT-0023,685,11:25,111.1,116.0,123.5,108.8,122.3,111.4,108.4,109.4,122.4,118.6,111.3,118.6
TOPCOAT-0023,686,11:26,111.9,115.4,124.0,109.4,121.7,111.9,108.8,109.3,122.2,119.1,112.5,117.9
TOPCOAT-0023,687,11:27,112.3,115.7,123.9,109.5,122.1,112.2,108.7,109.4,122.9,118.7,111.6,119.1
TOPCOAT-0023,688,11:28,112.2,115.7,124.1,110.0,121.7,112.8,108.9,109.6,122.4,119.1,111.6,117.6
TOPCOAT-0023,689,11:29,112.0,115.3,123.9,109.1,121.9,112.9,109.5,108.9,122.1,118.8,112.2,118.5
TOPCOAT-0023,690,11:30,112.4,115.3,124.1,109.7,121.6,112.4,109.1,109.8,123.2,118.9,112.3,118.3
TOPCOAT-0023,691,11:31,112.5,116.9,123.8,110.4,122.2,112.4,109.9,109.6,122.9,119.4,111.9,118.3
TOPCOAT-0023,692,11:32,112.6,116.0,124.7,110.5,122.0,112.2,109.4,109.8,123.7,119.6,112.2,118.7
TOPCOAT-0023,693,11:33,113.7,115.6,125.6,109.2,121.6,112.3,109.7,108.7,123.8,118.9,112.4,119.3
TOPCOAT-0023,694,11:34,113.6,115.9,124.1,110.6,122.4,112.0,109.8,110.1,122.6,118.7,111.4,118.8
TOPCOAT-0023,695,11:35,112.9,115.4,125.3,110.5,122.5,112.7,109.9,110.0,123.0,121.3,111.8,117.8
TOPCOAT-0023,696,11:36,113.4,116.0,124.3,110.7,121.6,112.4,108.9,109.5,124.0,119.8,112.6,119.0
TOPCOAT-0023,697,11:37,112.9,116.2,124.9,110.8,122.8,113.0,108.5,110.8,123.1,120.3,112.5,117.9
TOPCOAT-0023,698,11:38,113.6,115.8,124.8,110.0,122.5,113.8,109.8,110.0,122.8,120.1,111.9,118.9
TOPCOAT-0023,699,11:39,113.2,116.7,124.3,110.7,122.5,112.4,109.9,109.9,122.8,120.3,113.6,119.0
TOPCOAT-0023,700,11:40,113.0,115.7,124.8,110.7,122.3,113.2,109.6,110.8,123.8,119.3,112.5,119.5
TOPCOAT-0023,701,11:41,113.1,115.5,125.4,110.6,122.5,113.2,110.2,109.7,122.9,120.4,112.6,119.5
TOPCOAT-0023,702,11:42,114.5,115.6,125.4,110.4,122.7,114.0,109.7,110.8,123.0,119.7,113.6,120.1
TOPCOAT-0023,703,11:43,113.4,117.1,124.9,109.9,122.5,112.7,110.4,109.8,124.1,120.3,113.8,119.8
TOPCOAT-0023,704,11:44,112.8,116.8,125.5,111.1,122.8,113.7,109.9,109.8,124.1,120.7,112.3,119.9
TOPCOAT-0023,705,11:45,113.6,117.2,125.4,111.4,122.7,113.6,110.5,109.9,124.3,120.2,113.7,119.2
TOPCOAT-0023,706,11:46,113.9,117.6,124.9,110.0,123.0,113.8,109.7,110.7,124.7,120.6,113.4,119.0
TOPCOAT-0023,707,11:47,112.5,116.6,125.3,111.5,122.6,114.0,109.4,110.9,123.9,120.2,113.4,119.8
TOPCOAT-0023,708,11:48,115.0,116.4,126.0,111.0,122.9,114.0,109.8,109.6,124.9,119.4,113.0,119.6
TOPCOAT-0023,709,11:49,114.3,116.3,125.4,111.0,124.6,113.7,110.1,110.8,124.0,120.0,113.8,120.1
TOPCOAT-0023,710,11:50,114.6,117.1,125.9,110.7,123.4,113.9,111.5,110.5,123.9,120.0,113.5,119.5
TOPCOAT-0023,711,11:51,114.0,116.8,126.8,111.8,123.4,113.9,110.5,109.7,124.2,120.4,113.6,118.9
TOPCOAT-0023,712,11:52,114.2,117.4,125.3,111.4,123.7,113.2,110.8,110.9,124.9,119.9,113.0,120.2
TOPCOAT-0023,713,11:53,114.6,116.9,125.9,110.8,123.4,114.6,110.5,111.2,124.3,119.9,114.2,118.8
TOPCOAT-0023,714,11:54,113.8,117.4,125.8,111.7,123.4,113.3,110.5,110.8,125.1,121.0,114.3,120.2
TOPCOAT-0023,715,11:55,115.0,116.9,125.4,111.7,123.5,113.2,110.3,111.7,124.6,120.9,113.3,120.3
TOPCOAT-0023,716,11:56,114.3,116.7,127.2,112.0,123.7,114.1,111.1,111.2,124.1,120.9,113.8,119.8
TOPCOAT-0023,717,11:57,114.3,116.9,125.6,111.7,123.2,113.8,111.8,110.8,124.3,120.9,114.0,119.0
TOPCOAT-0023,718,11:58,114.3,118.2,127.5,111.8,123.9,114.2,111.0,111.3,124.2,121.1,113.6,119.7
TOPCOAT-0023,719,11:59,115.0,117.7,125.8,111.7,123.6,113.5,111.3,111.3,125.6,121.0,114.2,121.2
TOPCOAT-0023,720,12:00,115.3,118.6,126.5,112.1,123.4,114.5,109.9,111.3,124.1,120.9,114.8,120.9
TOPCOAT-0023,721,12:01,114.7,117.5,126.4,112.4,124.0,114.7,111.1,111.8,124.6,121.7,114.3,120.2
TOPCOAT-0023,722,12:02,115.1,118.1,125.7,112.4,124.4,114.5,110.6,111.5,125.1,121.5,114.6,120.4
TOPCOAT-0023,723,12:03,115.1,118.4,126.3,112.5,123.9,114.8,111.6,111.0,125.2,120.8,114.3,120.4
TOPCOAT-0023,724,12:04,114.8,118.8,126.8,112.3,124.1,114.4,111.5,110.9,124.5,121.7,113.8,119.8
TOPCOAT-0023,725,12:05,114.0,117.9,126.5,111.5,124.7,115.3,111.6,112.3,125.0,121.5,114.5,121.4
TOPCOAT-0023,726,12:06,115.4,117.6,127.3,112.5,124.1,114.5,112.3,112.0,126.0,121.2,115.8,121.2
TOPCOAT-0023,727,12:07,114.6,118.5,126.6,111.8,124.4,114.1,111.3,111.1,125.3,121.6,114.6,121.0
TOPCOAT-0023,728,12:08,115.4,118.2,127.2,111.8,124.3,115.3,111.4,110.8,125.6,121.6,115.4,121.6
TOPCOAT-0023,729,12:09,115.2,118.6,126.1,112.4,124.7,115.0,111.7,111.8,124.6,121.9,114.9,121.2
TOPCOAT-0023,730,12:10,114.9,118.8,127.6,112.2,125.6,114.4,112.1,112.6,125.4,122.6,114.5,122.0
TOPCOAT-0023,731,12:11,115.7,118.7,127.7,113.0,124.6,115.9,110.9,112.1,125.7,122.9,115.3,121.4
TOPCOAT-0023,732,12:12,115.5,118.3,127.3,112.1,125.5,116.7,112.1,113.2,125.4,121.4,115.4,121.8
TOPCOAT-0023,733,12:13,116.0,118.4,126.5,113.5,124.9,115.8,111.9,113.6,125.3,121.5,115.6,121.9
TOPCOAT-0023,734,12:14,115.7,118.2,128.5,112.1,125.5,116.1,112.2,112.5,126.2,123.3,115.1,120.7
TOPCOAT-0023,735,12:15,115.6,118.9,127.7,112.9,124.5,116.0,111.6,112.6,125.7,122.5,115.2,121.6
TOPCOAT-0023,736,12:16,116.3,118.0,127.1,112.5,125.1,116.3,111.5,113.0,126.1,122.1,115.9,121.9
TOPCOAT-0023,737,12:17,115.8,119.0,127.6,111.8,125.1,116.0,111.8,112.2,125.7,122.4,115.7,121.2
TOPCOAT-0023,738,12:18,116.2,119.2,126.2,112.4,125.5,116.0,112.4,112.8,126.5,122.5,114.8,122.0
TOPCOAT-0023,739,12:19,115.1,118.9,127.9,113.4,125.1,116.1,112.2,112.3,126.3,123.6,116.0,122.1
TOPCOAT-0023,740,12:20,115.1,118.6,128.3,112.5,125.7,115.6,112.6,112.8,125.9,122.3,115.8,121.6
TOPCOAT-0023,741,12:21,116.5,119.7,127.7,113.6,125.9,115.4,113.0,112.3,126.9,123.7,115.4,122.1
TOPCOAT-0023,742,12:22,115.9,118.3,128.1,112.9,125.5,116.9,112.0,113.1,125.3,122.6,116.2,122.3
TOPCOAT-0023,743,12:23,116.3,119.4,128.6,113.7,126.6,115.6,112.5,112.6,126.6,122.9,115.5,121.7
TOPCOAT-0023,744,12:24,116.1,120.3,128.8,113.4,125.7,115.9,113.1,113.0,127.0,123.2,115.8,122.0
TOPCOAT-0023,745,12:25,116.8,118.7,129.3,112.6,125.2,115.3,112.5,113.6,126.5,123.3,116.0,122.1
TOPCOAT-0023,746,12:26,116.4,118.8,128.3,113.7,125.6,116.6,113.3,113.2,126.0,123.3,115.2,122.4
TOPCOAT-0023,747,12:27,116.5,120.0,127.7,113.6,124.9,116.4,112.7,113.2,126.5,123.6,115.4,122.8
TOPCOAT-0023,748,12:28,116.8,119.9,127.7,113.7,126.2,115.6,112.9,113.0,126.6,122.3,115.6,123.0
TOPCOAT-0023,749,12:29,116.7,119.8,128.2,113.5,124.5,116.2,112.3,113.7,127.1,123.3,116.6,122.3
TOPCOAT-0023,750,12:30,116.2,120.4,127.8,113.3,126.2,116.7,113.5,113.4,127.1,122.8,116.7,122.9
TOPCOAT-0023,751,12:31,116.3,119.9,128.6,114.4,126.1,116.7,113.8,113.2,127.7,122.8,116.2,123.1
TOPCOAT-0023,752,12:32,116.1,120.7,128.9,113.7,127.0,117.0,112.1,113.8,126.7,122.8,116.0,124.0
TOPCOAT-0023,753,12:33,116.5,120.8,128.7,113.2,126.3,117.0,113.5,113.9,127.7,123.5,116.2,122.3
TOPCOAT-0023,754,12:34,116.6,119.8,128.6,113.3,125.9,116.5,112.3,114.0,127.0,122.9,116.8,123.0
TOPCOAT-0023,755,12:35,116.8,119.4,129.4,114.1,126.4,117.4,113.8,113.9,127.8,123.3,116.1,123.2
TOPCOAT-0023,756,12:36,116.6,119.2,128.3,113.8,126.4,116.9,113.1,113.9,127.6,123.7,116.5,123.3
TOPCOAT-0023,757,12:37,118.0,120.5,129.4,114.5,126.5,117.3,112.4,113.8,126.8,123.6,116.8,122.5
TOPCOAT-0023,758,12:38,117.6,120.1,128.4,113.3,126.4,116.3,113.8,114.3,127.5,123.1,117.4,122.3
TOPCOAT-0023,759,12:39,117.6,119.8,128.5,114.7,126.5,117.6,113.3,113.3,127.6,124.1,115.9,123.6
TOPCOAT-0023,760,12:40,117.9,120.7,129.0,114.4,126.3,116.8,113.6,114.4,128.1,123.6,117.7,123.1
TOPCOAT-0023,761,12:41,117.9,120.2,128.4,114.2,126.6,117.9,114.5,113.8,126.8,124.3,116.1,122.1
TOPCOAT-0023,762,12:42,118.3,121.3,129.4,113.7,125.9,116.7,114.2,113.3,127.9,123.3,117.3,122.7
TOPCOAT-0023,763,12:43,117.6,120.3,128.8,115.3,126.9,117.4,114.2,114.0,128.9,123.7,116.6,123.5
TOPCOAT-0023,764,12:44,117.4,120.1,129.5,113.7,126.6,117.6,114.1,114.2,128.4,123.9,117.3,123.5
TOPCOAT-0023,765,12:45,117.1,120.2,129.9,114.2,126.6,117.6,114.6,115.0,127.5,123.1,116.9,123.8
TOPCOAT-0023,766,12:46,117.3,121.1,130.0,114.7,127.4,118.0,114.1,114.4,128.2,125.0,117.1,123.9
TOPCOAT-0023,767,12:47,117.7,121.1,129.4,114.9,127.4,117.7,113.6,114.6,129.1,124.6,116.9,123.8
TOPCOAT-0023,768,12:48,117.9,120.8,130.4,116.0,128.1,118.2,114.6,113.4,127.6,124.2,117.9,123.8
TOPCOAT-0023,769,12:49,117.5,121.4,129.1,114.0,127.7,119.0,114.3,114.6,128.1,124.1,117.2,123.9
TOPCOAT-0023,770,12:50,118.2,121.3,130.0,114.7,127.9,117.7,114.1,114.5,127.7,124.4,117.6,123.9
TOPCOAT-0023,771,12:51,117.3,121.5,130.8,114.9,127.5,118.3,114.5,114.4,128.1,124.4,117.0,124.2
TOPCOAT-0023,772,12:52,117.5,120.8,129.9,115.2,128.0,116.5,114.3,115.0,128.8,125.2,117.5,123.7
TOPCOAT-0023,773,12:53,118.6,121.4,130.0,114.8,128.5,118.8,114.8,115.3,128.4,124.8,117.4,123.3
TOPCOAT-0023,774,12:54,117.8,121.3,129.8,115.4,127.1,118.2,115.0,114.1,128.7,125.2,116.8,124.4
TOPCOAT-0023,775,12:55,118.4,122.1,130.3,114.8,127.9,118.7,114.2,115.5,128.6,124.4,117.4,123.9
TOPCOAT-0023,776,12:56,117.4,120.6,130.7,114.0,128.1,117.9,114.7,114.7,128.3,124.8,117.3,123.7
TOPCOAT-0023,777,12:57,117.6,121.2,130.4,115.4,127.5,118.7,114.5,115.4,128.7,124.8,118.0,124.8
TOPCOAT-0023,778,12:58,119.5,121.9,130.5,115.7,129.0,118.2,115.0,114.4,128.6,125.0,117.7,125.0
TOPCOAT-0023,779,12:59,117.9,120.7,129.2,116.4,128.4,118.4,114.8,114.9,128.8,125.4,117.9,124.5
TOPCOAT-0023,780,13:00,118.4,121.5,130.3,115.3,127.8,118.8,115.0,115.5,128.8,125.1,119.0,124.3
TOPCOAT-0023,781,13:01,118.1,121.4,130.3,115.2,128.9,118.7,114.9,115.4,127.9,124.6,117.8,124.4
TOPCOAT-0023,782,13:02,118.4,122.0,130.2,114.7,128.1,119.1,115.7,115.5,129.2,126.5,117.3,125.0
TOPCOAT-0023,783,13:03,119.7,121.1,129.9,115.3,128.9,118.6,115.2,115.8,129.1,125.0,117.9,125.1
TOPCOAT-0023,784,13:04,118.5,121.9,131.4,115.5,128.6,119.2,115.2,115.9,129.4,125.1,119.1,125.1
TOPCOAT-0023,785,13:05,118.5,121.5,130.6,115.0,128.2,118.3,114.4,116.3,128.5,125.3,118.1,124.9
TOPCOAT-0023,786,13:06,118.7,121.6,130.2,114.9,128.0,119.2,115.3,116.2,128.8,125.2,118.0,124.6
TOPCOAT-0023,787,13:07,118.6,122.3,130.5,115.8,129.0,119.6,115.4,116.3,129.1,125.2,118.3,124.9
TOPCOAT-0023,788,13:08,119.5,121.7,130.3,115.5,128.6,118.8,115.6,115.2,130.3,125.7,118.2,125.8
TOPCOAT-0023,789,13:09,118.7,123.0,130.7,115.3,128.2,119.9,116.1,115.7,130.4,125.7,118.4,124.8
TOPCOAT-0023,790,13:10,118.5,123.0,131.1,115.3,128.7,118.9,116.2,116.0,129.3,125.8,119.2,124.3
TOPCOAT-0023,791,13:11,119.0,121.9,131.5,116.8,129.3,119.6,114.8,115.7,129.1,126.0,118.6,125.5
TOPCOAT-0023,792,13:12,119.7,122.4,131.9,115.4,128.4,119.3,116.8,116.0,130.6,126.0,119.0,126.0
TOPCOAT-0023,793,13:13,118.7,123.0,131.2,116.1,128.7,118.6,115.7,116.5,130.1,126.0,118.6,125.1
TOPCOAT-0023,794,13:14,119.2,122.5,131.7,116.4,129.0,119.7,116.8,116.4,130.4,126.5,119.5,125.6
TOPCOAT-0023,795,13:15,119.8,122.0,131.2,115.9,130.6,120.2,115.6,116.2,130.2,126.0,119.6,125.7
TOPCOAT-0023,796,13:16,119.9,121.6,130.8,115.6,129.3,119.2,115.9,115.8,128.9,126.7,118.3,125.0
TOPCOAT-0023,797,13:17,119.6,122.3,131.5,115.8,130.3,119.2,116.1,116.2,130.5,126.3,118.7,126.7
TOPCOAT-0023,798,13:18,119.2,122.6,131.7,116.8,129.3,119.0,116.7,116.3,129.5,126.6,118.9,125.7
TOPCOAT-0023,799,13:19,120.0,123.2,131.3,116.3,130.0,120.1,116.8,117.8,130.6,126.4,119.7,126.2
TOPCOAT-0023,800,13:20,118.9,123.2,131.7,116.9,128.4,119.6,115.1,116.5,129.8,126.2,119.4,125.1
TOPCOAT-0023,801,13:21,119.6,122.4,131.4,117.3,130.1,120.1,116.4,116.5,130.8,126.6,119.3,126.6
TOPCOAT-0023,802,13:22,119.5,122.5,132.3,117.0,129.4,119.2,116.3,117.4,131.0,125.8,118.9,125.0
TOPCOAT-0023,803,13:23,119.0,122.9,131.8,117.1,129.7,119.9,115.9,116.6,130.0,126.1,119.0,126.3
TOPCOAT-0023,804,13:24,120.0,123.0,131.8,116.4,130.1,120.2,116.4,116.8,129.7,126.2,119.7,127.2
TOPCOAT-0023,805,13:25,119.7,122.5,131.4,117.3,130.2,120.1,116.7,116.4,129.7,126.4,120.2,125.8
TOPCOAT-0023,806,13:26,120.2,122.4,132.6,116.2,130.3,120.4,116.8,116.8,131.0,125.3,119.6,125.9
TOPCOAT-0023,807,13:27,120.5,123.5,131.9,116.7,130.5,120.0,116.5,117.3,131.1,126.6,119.5,126.7
TOPCOAT-0023,808,13:28,119.4,123.8,132.8,116.8,129.7,120.3,116.4,117.0,131.5,126.9,119.7,126.6
TOPCOAT-0023,809,13:29,121.3,123.4,132.0,117.6,129.4,119.4,116.5,116.3,129.9,127.5,120.0,125.5
TOPCOAT-0023,810,13:30,120.4,123.4,131.9,116.9,130.6,120.4,117.6,117.7,130.7,127.5,119.9,126.1
TOPCOAT-0023,811,13:31,119.9,122.6,131.8,116.9,130.8,120.5,117.5,117.6,129.8,126.4,119.8,126.6
TOPCOAT-0023,812,13:32,120.1,123.2,133.0,117.7,130.1,119.9,117.3,117.3,130.3,127.9,119.6,126.8
TOPCOAT-0023,813,13:33,121.2,123.2,132.5,117.3,130.3,120.4,116.6,117.2,131.0,127.0,120.0,127.1
TOPCOAT-0023,814,13:34,121.1,122.8,131.4,116.5,130.6,120.1,116.4,117.9,130.5,127.7,119.6,126.5
TOPCOAT-0023,815,13:35,120.7,123.0,132.5,117.6,130.8,119.6,116.4,117.7,130.9,126.4,119.8,126.7
TOPCOAT-0023,816,13:36,121.0,123.0,133.0,116.9,131.1,120.4,117.9,117.3,130.6,127.1,120.3,127.8
TOPCOAT-0023,817,13:37,120.3,123.4,133.4,117.3,132.1,120.7,117.0,117.5,131.1,128.0,120.6,126.8
TOPCOAT-0023,818,13:38,121.2,125.0,132.3,117.8,131.2,120.4,117.5,117.0,131.4,126.8,120.1,126.8
TOPCOAT-0023,819,13:39,121.1,123.6,132.6,117.8,130.8,120.8,117.6,117.6,131.2,127.2,119.8,127.8
TOPCOAT-0023,820,13:40,120.7,124.3,132.6,117.2,131.5,120.7,117.3,117.3,131.6,128.1,119.5,127.4
TOPCOAT-0023,821,13:41,120.9,124.3,132.0,118.8,130.8,120.2,117.3,117.6,132.1,127.7,120.1,127.2
TOPCOAT-0023,822,13:42,121.5,124.9,134.4,118.1,130.8,120.3,117.9,118.0,131.0,127.4,119.4,127.1
TOPCOAT-0023,823,13:43,121.8,123.6,133.1,118.1,130.1,121.1,117.3,118.0,131.7,127.9,120.2,127.3
TOPCOAT-0023,824,13:44,120.9,124.0,133.7,118.4,131.9,120.7,117.4,117.4,132.3,128.3,119.8,127.1
TOPCOAT-0023,825,13:45,121.4,123.7,133.9,117.3,130.9,121.0,117.4,117.2,130.4,127.2,120.5,128.1
TOPCOAT-0023,826,13:46,121.1,123.5,132.9,117.9,130.7,121.4,117.3,117.9,131.8,127.4,120.6,127.9
TOPCOAT-0023,827,13:47,120.7,124.7,132.3,117.8,131.5,121.0,117.3,117.6,131.9,127.9,120.8,127.1
TOPCOAT-0023,828,13:48,121.3,123.8,133.6,118.5,132.1,121.6,117.0,118.0,131.3,127.2,120.4,127.4
TOPCOAT-0023,829,13:49,121.3,124.4,133.8,117.8,131.8,121.1,117.9,118.2,131.4,127.6,120.6,127.7
TOPCOAT-0023,830,13:50,121.3,124.6,133.6,117.8,132.3,122.1,118.2,118.4,131.8,127.7,120.9,127.6
TOPCOAT-0023,831,13:51,121.9,125.1,134.0,118.1,131.4,121.5,118.0,117.3,132.5,127.9,121.0,127.8
TOPCOAT-0023,832,13:52,121.0,123.9,133.8,117.6,132.0,121.9,117.9,118.5,131.6,127.0,120.1,128.4
TOPCOAT-0023,833,13:53,121.2,124.5,133.5,118.8,131.2,121.7,117.9,118.8,132.8,128.4,120.6,128.9
TOPCOAT-0023,834,13:54,121.8,125.5,134.0,118.8,131.0,121.9,117.1,118.2,132.6,128.4,120.9,128.1
TOPCOAT-0023,835,13:55,121.8,126.0,133.3,117.2,132.4,121.3,118.0,118.4,132.9,128.7,121.1,128.2
TOPCOAT-0023,836,13:56,121.6,124.9,134.0,118.2,131.9,121.2,118.5,118.8,131.8,127.9,120.0,128.4
TOPCOAT-0023,837,13:57,122.4,124.5,134.1,118.2,132.5,122.1,117.9,118.3,132.9,128.0,120.6,127.3
TOPCOAT-0023,838,13:58,121.9,124.7,134.2,119.8,131.8,122.2,118.4,117.8,132.2,128.5,121.3,129.1
TOPCOAT-0023,839,13:59,121.7,125.2,134.3,118.3,133.0,121.7,119.2,118.3,132.0,128.6,120.2,128.4
TOPCOAT-0023,840,14:00,122.3,125.0,133.0,119.0,132.2,121.7,118.4,118.5,132.4,128.4,121.9,127.8
TOPCOAT-0023,841,14:01,122.8,125.1,133.5,118.2,132.0,122.9,118.9,119.1,132.4,128.8,121.8,128.4
TOPCOAT-0023,842,14:02,121.9,123.7,134.3,118.2,131.5,122.2,118.8,118.5,132.0,128.7,121.1,128.4
TOPCOAT-0023,843,14:03,122.3,125.2,134.2,118.7,132.5,122.5,119.0,119.5,133.2,129.0,120.5,129.2
TOPCOAT-0023,844,14:04,122.7,125.6,133.8,118.0,132.1,122.7,118.6,119.8,132.7,128.8,121.5,128.5
TOPCOAT-0023,845,14:05,122.0,125.4,134.9,119.7,132.2,122.9,119.0,118.2,133.1,128.5,121.6,129.1
TOPCOAT-0023,846,14:06,122.1,125.4,134.1,117.8,131.8,122.7,118.9,119.4,132.3,129.2,120.5,129.7
TOPCOAT-0023,847,14:07,122.1,125.7,134.2,119.9,133.7,123.1,118.6,119.3,132.7,129.3,122.6,128.2
TOPCOAT-0023,848,14:08,122.7,125.6,134.8,119.4,133.1,122.7,118.3,118.8,132.4,130.0,121.5,129.1
TOPCOAT-0023,849,14:09,122.4,125.4,134.4,118.8,132.2,122.5,119.8,119.3,132.5,128.6,122.0,129.7
TOPCOAT-0023,850,14:10,122.4,124.6,134.3,118.6,132.8,122.7,119.0,119.8,133.2,129.2,122.0,128.5
TOPCOAT-0023,851,14:11,122.5,124.9,135.3,119.3,133.7,121.5,119.7,119.6,132.5,128.9,120.4,129.1
TOPCOAT-0023,852,14:12,122.6,125.3,135.2,119.6,132.6,123.3,118.7,119.2,133.2,128.9,121.6,128.5
TOPCOAT-0023,853,14:13,123.5,125.0,134.8,119.7,132.8,122.8,119.2,119.2,133.2,130.0,122.1,129.6
TOPCOAT-0023,854,14:14,123.4,126.5,135.2,119.2,133.0,122.8,119.7,118.8,133.3,130.0,122.1,129.2
TOPCOAT-0023,855,14:15,123.0,125.2,134.2,119.5,133.2,122.2,120.0,119.1,133.3,128.5,122.1,129.3
TOPCOAT-0023,856,14:16,122.9,125.3,135.3,118.7,133.3,123.1,119.0,120.3,134.6,129.3,121.9,128.8
TOPCOAT-0023,857,14:17,123.1,126.1,135.4,119.6,133.8,122.6,119.3,120.3,133.5,130.5,121.7,129.5
TOPCOAT-0023,858,14:18,123.7,126.1,134.7,119.6,134.0,123.6,119.6,119.3,134.2,128.2,122.2,130.1
TOPCOAT-0023,859,14:19,124.0,125.4,135.9,120.4,133.5,122.3,119.7,119.1,134.0,130.8,122.3,130.1
TOPCOAT-0023,860,14:20,123.1,126.5,135.3,119.3,134.1,123.0,119.8,119.7,134.4,129.6,122.8,129.4
TOPCOAT-0023,861,14:21,124.3,125.8,134.9,119.4,134.1,123.0,119.4,120.7,134.9,131.1,122.4,129.5
TOPCOAT-0023,862,14:22,122.5,126.0,134.6,119.7,132.8,124.1,119.3,119.5,133.6,129.8,121.7,129.5
TOPCOAT-0023,863,14:23,123.2,125.9,135.5,120.3,133.6,122.8,119.8,119.5,133.5,129.9,122.7,130.0
TOPCOAT-0023,864,14:24,123.3,126.2,135.7,120.2,134.4,123.1,120.1,119.9,134.3,129.5,123.1,128.7
TOPCOAT-0023,865,14:25,123.2,126.2,136.2,118.9,132.7,123.6,119.7,120.1,134.1,129.5,121.8,129.6
TOPCOAT-0023,866,14:26,123.1,126.1,134.8,120.9,134.3,123.2,120.6,119.8,134.3,130.2,122.9,130.3
TOPCOAT-0023,867,14:27,123.4,126.2,135.6,120.1,133.5,123.8,120.3,120.9,134.4,129.7,122.7,129.9
TOPCOAT-0023,868,14:28,123.8,126.2,136.3,120.8,133.2,123.2,120.1,120.7,133.5,129.4,122.1,129.6
TOPCOAT-0023,869,14:29,123.2,126.6,135.1,119.8,134.2,124.2,119.9,120.1,135.0,130.3,122.5,131.0
TOPCOAT-0023,870,14:30,124.1,125.7,135.5,120.2,133.6,124.0,119.7,120.2,135.0,129.9,122.4,130.8
TOPCOAT-0023,871,14:31,122.8,127.1,135.4,119.3,135.1,123.5,120.7,120.2,135.3,130.6,122.2,129.1
TOPCOAT-0023,872,14:32,123.1,126.4,134.6,120.1,133.8,124.3,119.8,120.2,134.4,130.1,122.6,129.5
TOPCOAT-0023,873,14:33,124.5,126.2,135.7,121.3,133.7,125.1,120.5,120.8,134.4,130.5,122.2,129.9
TOPCOAT-0023,874,14:34,124.6,126.8,135.4,120.7,133.6,123.8,120.5,120.7,134.9,130.7,122.7,129.6
TOPCOAT-0023,875,14:35,124.1,126.7,134.9,120.4,134.3,124.3,120.9,120.3,134.9,129.6,123.0,129.8
TOPCOAT-0023,876,14:36,123.4,126.9,136.4,120.9,134.1,124.0,120.3,120.8,134.6,131.1,123.7,131.1
TOPCOAT-0023,877,14:37,123.2,127.3,136.0,120.7,133.5,123.8,121.0,120.2,134.9,130.2,123.9,131.2
TOPCOAT-0023,878,14:38,125.1,126.7,135.7,120.7,135.0,124.8,120.5,121.1,135.2,130.8,123.3,131.2
TOPCOAT-0023,879,14:39,123.6,126.8,135.6,120.9,133.6,123.5,120.4,121.3,135.2,130.4,123.1,129.7
TOPCOAT-0023,880,14:40,123.0,127.0,136.0,120.9,135.6,125.3,121.2,120.8,134.3,131.6,122.9,131.0
TOPCOAT-0023,881,14:41,124.6,127.2,136.5,120.1,134.1,124.6,120.9,121.1,135.6,130.0,123.1,130.8
TOPCOAT-0023,882,14:42,124.2,127.2,136.0,121.5,134.2,124.3,120.6,121.4,135.3,130.1,123.0,130.8
TOPCOAT-0023,883,14:43,123.8,127.4,136.8,121.1,134.6,123.7,120.8,120.3,135.3,131.1,122.9,130.8
TOPCOAT-0023,884,14:44,123.8,127.2,135.4,120.7,134.6,124.5,121.3,120.5,135.5,131.2,124.1,130.7
TOPCOAT-0023,885,14:45,124.8,127.4,135.8,120.8,134.4,123.7,121.0,121.2,135.0,131.0,124.3,130.8
TOPCOAT-0023,886,14:46,124.3,127.2,137.1,121.1,134.0,124.5,122.2,121.5,136.1,130.6,123.0,130.9
TOPCOAT-0023,887,14:47,124.3,126.6,136.3,121.6,134.8,124.3,120.8,121.3,134.4,131.0,124.1,130.3
TOPCOAT-0023,888,14:48,124.7,127.5,136.7,121.7,134.5,124.4,120.6,122.5,135.8,131.2,123.1,130.5
TOPCOAT-0023,889,14:49,124.9,126.9,136.8,120.5,134.8,125.1,120.0,121.0,135.5,130.7,122.8,130.4
TOPCOAT-0023,890,14:50,124.4,127.9,136.6,120.5,134.7,124.6,122.0,120.6,135.3,130.8,125.2,130.8
TOPCOAT-0023,891,14:51,124.5,127.9,137.3,121.4,135.7,125.4,121.4,120.9,135.4,131.6,123.6,130.7
TOPCOAT-0023,892,14:52,123.9,128.0,137.5,121.3,135.7,124.5,121.5,121.6,136.2,131.4,124.4,132.0
TOPCOAT-0023,893,14:53,124.4,126.7,137.3,121.5,136.5,124.6,121.6,121.2,136.1,131.9,124.4,131.5
TOPCOAT-0023,894,14:54,125.7,127.5,137.1,121.0,135.0,124.9,122.0,121.5,136.0,130.7,123.9,131.4
TOPCOAT-0023,895,14:55,124.2,127.8,137.5,121.9,135.1,125.4,120.9,122.0,136.1,130.9,124.5,130.9
TOPCOAT-0023,896,14:56,125.0,128.2,136.2,121.2,135.2,125.7,122.1,121.5,135.2,131.6,123.4,132.0
TOPCOAT-0023,897,14:57,125.5,128.6,137.1,120.6,135.8,125.0,121.6,121.7,136.8,130.8,123.6,131.9
TOPCOAT-0023,898,14:58,125.8,127.9,137.9,120.9,135.6,125.0,122.4,121.4,135.9,131.0,124.8,132.0
TOPCOAT-0023,899,14:59,125.0,128.4,137.1,121.6,135.9,125.9,122.4,121.9,136.4,131.3,123.7,131.5
TOPCOAT-0023,900,15:00,124.4,126.8,138.2,121.0,135.5,125.2,121.1,122.0,136.4,132.7,124.1,131.8
TOPCOAT-0023,901,15:01,126.1,127.8,137.5,121.3,135.2,125.4,122.2,122.4,135.6,132.7,124.3,132.5
TOPCOAT-0023,902,15:02,125.6,128.4,137.4,121.6,135.7,125.5,121.7,122.0,135.8,132.6,124.8,131.7
TOPCOAT-0023,903,15:03,124.6,128.0,137.3,121.2,135.5,125.9,122.0,121.8,136.5,132.2,124.9,131.8
TOPCOAT-0023,904,15:04,125.1,128.0,137.4,121.6,135.4,126.7,121.3,122.4,136.7,132.6,124.6,131.4
TOPCOAT-0023,905,15:05,124.7,128.9,137.8,120.9,136.6,125.7,123.4,122.1,136.4,132.5,124.9,130.9
TOPCOAT-0023,906,15:06,125.4,127.9,137.9,121.7,136.5,126.5,121.6,121.9,136.4,132.0,123.6,131.1
TOPCOAT-0023,907,15:07,126.0,129.1,138.6,121.9,136.3,124.9,122.7,121.9,137.0,132.7,124.9,131.6
TOPCOAT-0023,908,15:08,124.9,128.3,138.7,121.8,135.8,125.5,122.7,122.7,135.6,132.2,124.7,131.7
TOPCOAT-0023,909,15:09,125.6,128.3,137.4,122.5,136.3,125.7,123.1,122.9,136.2,132.4,125.2,132.7
TOPCOAT-0023,910,15:10,125.7,128.9,138.4,122.9,136.3,126.4,122.9,122.4,136.1,133.3,125.2,132.8
TOPCOAT-0023,911,15:11,125.6,128.7,138.3,122.9,135.9,126.0,122.7,121.8,136.3,132.4,124.4,132.9
TOPCOAT-0023,912,15:12,125.2,128.4,137.8,122.2,136.1,125.9,122.5,123.0,137.0,131.5,125.6,132.0
TOPCOAT-0023,913,15:13,125.7,129.1,138.4,122.5,135.7,125.3,123.0,122.4,136.8,132.9,124.2,133.0
TOPCOAT-0023,914,15:14,125.6,128.8,138.3,122.8,135.3,126.4,122.7,122.1,136.0,132.0,124.9,131.9
TOPCOAT-0023,915,15:15,126.9,128.5,138.2,122.5,136.7,126.5,122.6,123.0,137.1,132.9,125.3,132.2
TOPCOAT-0023,916,15:16,126.3,128.7,138.5,122.6,136.9,126.7,122.4,123.5,135.8,132.8,125.5,133.3
TOPCOAT-0023,917,15:17,125.7,129.1,138.0,122.2,137.1,127.5,122.4,122.4,136.9,133.0,125.1,131.0
TOPCOAT-0023,918,15:18,127.1,128.5,138.9,121.8,137.0,125.9,123.0,123.0,137.3,132.7,125.6,132.6
TOPCOAT-0023,919,15:19,125.5,129.2,138.9,121.9,137.3,127.3,122.1,122.2,137.7,133.1,125.2,133.1
TOPCOAT-0023,920,15:20,126.8,129.3,138.8,122.0,136.6,127.3,122.9,123.1,136.6,132.5,124.6,132.6
TOPCOAT-0023,921,15:21,125.9,129.3,138.4,122.8,136.9,126.3,122.3,124.1,138.1,132.7,125.2,133.1
TOPCOAT-0023,922,15:22,125.9,128.9,138.6,123.1,137.1,126.4,122.9,123.3,137.5,132.7,125.3,133.3
TOPCOAT-0023,923,15:23,126.2,129.7,138.0,122.9,137.0,126.8,123.3,123.2,136.5,133.4,124.3,133.3
TOPCOAT-0023,924,15:24,125.7,128.8,138.5,122.2,137.4,126.7,122.4,122.6,138.1,133.2,125.8,132.0
TOPCOAT-0023,925,15:25,126.0,128.7,139.1,122.6,137.6,126.9,122.9,123.5,138.3,133.1,125.5,133.6
TOPCOAT-0023,926,15:26,126.1,129.3,138.9,122.5,137.5,127.2,123.3,122.7,137.8,133.3,125.0,132.9
TOPCOAT-0023,927,15:27,126.3,129.9,139.7,122.8,137.6,126.9,123.4,123.3,136.9,134.1,125.7,132.5
TOPCOAT-0023,928,15:28,126.5,129.4,139.5,122.8,137.7,127.0,123.0,123.5,137.6,133.2,125.6,134.0
TOPCOAT-0023,929,15:29,125.7,129.3,139.2,122.3,136.8,126.3,123.4,123.8,137.6,133.6,125.9,133.1
TOPCOAT-0023,930,15:30,127.3,130.3,138.1,123.1,137.2,127.0,123.6,122.8,138.2,134.1,126.4,133.5
TOPCOAT-0023,931,15:31,127.2,129.7,139.3,123.1,137.0,126.0,122.8,123.6,137.3,132.9,127.1,133.6
TOPCOAT-0023,932,15:32,126.5,130.2,139.6,123.0,137.4,127.0,123.2,123.8,137.4,133.8,125.9,133.5
TOPCOAT-0023,933,15:33,126.6,129.9,138.7,122.7,138.3,127.1,123.6,123.7,138.0,133.8,126.1,134.3
TOPCOAT-0023,934,15:34,126.9,128.6,139.3,123.6,137.4,126.9,123.6,123.9,137.6,133.9,125.5,133.1
TOPCOAT-0023,935,15:35,127.2,129.4,138.9,123.5,137.5,126.7,122.5,123.9,137.2,134.4,126.0,134.2
TOPCOAT-0023,936,15:36,126.6,129.9,140.2,123.1,138.1,127.0,123.0,124.1,137.6,133.3,126.7,134.4
TOPCOAT-0023,937,15:37,126.9,130.0,139.1,123.8,137.4,127.5,122.7,123.1,137.5,133.6,125.9,133.8
TOPCOAT-0023,938,15:38,127.2,130.9,139.4,123.3,137.6,127.3,123.9,123.9,137.9,133.5,125.6,133.5
TOPCOAT-0023,939,15:39,127.5,130.3,140.8,124.3,137.4,126.4,123.4,122.9,137.1,134.6,126.8,133.4
TOPCOAT-0023,940,15:40,127.9,130.4,139.3,123.1,138.1,128.0,124.0,123.6,138.2,134.1,126.2,132.6
TOPCOAT-0023,941,15:41,127.2,130.5,139.2,123.8,138.3,127.7,122.7,123.4,137.9,134.1,125.8,133.5
TOPCOAT-0023,942,15:42,127.0,131.0,140.0,123.5,138.2,127.4,123.7,123.7,138.0,133.5,126.3,134.0
TOPCOAT-0023,943,15:43,127.7,129.9,140.2,123.9,137.3,127.7,123.6,124.7,139.3,134.1,126.1,134.7
TOPCOAT-0023,944,15:44,127.2,130.6,138.7,123.8,138.6,127.3,123.6,123.7,137.5,134.6,125.7,134.5
TOPCOAT-0023,945,15:45,127.5,130.6,140.6,124.1,138.3,127.8,123.2,124.7,139.2,133.3,126.1,133.6
TOPCOAT-0023,946,15:46,127.6,129.6,140.1,122.9,138.9,128.0,124.3,124.1,138.7,134.2,126.4,133.8
TOPCOAT-0023,947,15:47,127.5,131.0,140.7,123.8,138.6,127.3,123.4,124.5,137.9,135.9,126.6,134.5
TOPCOAT-0023,948,15:48,127.6,130.0,140.4,123.2,137.8,128.5,124.6,123.3,138.8,133.6,127.2,133.7
TOPCOAT-0023,949,15:49,127.0,131.1,140.5,124.1,138.4,127.6,124.0,125.0,138.5,134.2,126.7,134.0
TOPCOAT-0023,950,15:50,128.0,129.4,139.9,125.3,138.9,127.8,123.1,124.5,138.3,134.1,126.9,133.4
TOPCOAT-0023,951,15:51,127.3,131.2,139.4,123.7,138.7,127.4,124.1,124.3,139.2,135.8,126.0,133.6
TOPCOAT-0023,952,15:52,128.3,131.0,140.1,123.7,138.9,128.4,125.1,124.6,138.6,134.5,127.7,134.0
TOPCOAT-0023,953,15:53,127.9,130.4,141.1,123.9,138.3,128.6,124.8,125.1,138.3,134.2,127.8,134.5
TOPCOAT-0023,954,15:54,127.8,131.6,140.2,124.6,138.7,128.9,124.7,124.7,137.8,134.4,126.0,134.8
TOPCOAT-0023,955,15:55,127.2,131.2,140.4,124.8,138.4,128.0,124.5,124.8,138.7,134.6,126.9,134.9
TOPCOAT-0023,956,15:56,128.0,130.7,140.3,124.0,138.8,128.9,124.4,124.9,138.7,133.5,127.9,134.9
TOPCOAT-0023,957,15:57,128.9,131.0,140.5,125.3,138.4,128.7,124.2,124.4,138.1,134.2,127.8,133.9
TOPCOAT-0023,958,15:58,127.4,130.6,139.9,124.3,138.3,128.0,124.1,125.0,140.1,135.1,126.4,134.2
TOPCOAT-0023,959,15:59,127.4,130.9,140.7,124.3,139.4,129.0,124.7,124.2,138.9,134.8,127.7,135.2
TOPCOAT-0023,960,16:00,128.7,130.9,140.3,124.2,138.8,128.3,124.7,124.8,139.1,134.4,127.4,134.6
TOPCOAT-0023,961,16:01,127.7,131.7,140.2,124.9,139.4,128.4,124.5,124.3,138.5,135.3,127.7,134.7
TOPCOAT-0023,962,16:02,127.6,130.9,140.9,124.4,138.3,128.2,124.7,124.1,138.8,134.8,127.7,135.4
TOPCOAT-0023,963,16:03,128.6,131.3,140.8,124.0,138.8,129.1,125.1,124.2,139.7,136.1,128.0,135.0
TOPCOAT-0023,964,16:04,128.9,132.0,141.0,125.4,139.3,128.3,124.8,125.8,139.7,135.1,127.4,134.9
TOPCOAT-0023,965,16:05,129.4,131.5,140.7,124.6,139.1,129.0,124.5,125.8,139.2,134.4,127.0,135.0
TOPCOAT-0023,966,16:06,128.9,131.6,141.2,124.7,139.9,128.2,124.0,124.5,139.4,134.7,128.1,135.2
TOPCOAT-0023,967,16:07,128.6,130.9,141.8,125.2,138.9,128.6,125.4,125.3,139.5,135.3,127.2,134.2
TOPCOAT-0023,968,16:08,128.8,132.2,141.2,124.8,140.1,130.4,125.8,125.7,139.4,135.6,127.1,135.1
TOPCOAT-0023,969,16:09,127.7,131.2,141.3,124.4,138.0,129.3,125.2,125.7,139.7,136.0,127.4,135.1
TOPCOAT-0023,970,16:10,128.6,132.3,141.0,123.7,139.4,128.7,124.6,125.7,140.2,135.8,127.6,135.7
TOPCOAT-0023,971,16:11,128.7,131.9,141.6,125.6,139.5,129.0,124.8,124.7,138.9,135.3,128.1,135.7
TOPCOAT-0023,972,16:12,128.4,131.1,141.0,125.2,138.9,128.9,124.3,124.8,140.2,135.4,128.5,135.0
TOPCOAT-0023,973,16:13,129.7,131.6,141.5,125.7,138.8,128.9,124.9,125.7,139.9,136.5,128.5,135.7
TOPCOAT-0023,974,16:14,129.2,132.2,141.1,125.1,139.2,129.8,125.5,126.7,139.6,135.6,127.6,134.9
TOPCOAT-0023,975,16:15,128.1,132.0,140.8,125.3,139.9,129.9,124.7,124.9,139.5,136.1,128.1,135.0
TOPCOAT-0023,976,16:16,129.7,131.2,141.2,125.1,140.5,129.0,125.2,125.6,139.9,136.1,128.8,135.3
TOPCOAT-0023,977,16:17,128.8,131.5,141.9,125.0,139.7,128.6,125.2,126.3,139.6,135.2,128.5,135.6
TOPCOAT-0023,978,16:18,129.5,132.3,141.1,126.3,139.0,130.0,124.8,127.2,140.2,135.7,128.0,136.2
TOPCOAT-0023,979,16:19,129.3,130.9,141.0,125.5,140.0,129.4,126.1,126.4,139.9,136.3,127.4,135.2
TOPCOAT-0023,980,16:20,128.8,132.7,141.9,125.9,140.4,130.0,126.0,125.1,139.9,136.1,128.7,135.8
TOPCOAT-0023,981,16:21,129.0,132.1,140.8,126.0,139.6,130.1,126.4,126.5,140.5,135.9,128.7,136.3
TOPCOAT-0023,982,16:22,129.1,133.1,141.6,125.5,140.4,129.3,126.5,125.8,140.5,135.5,128.8,135.4
TOPCOAT-0023,983,16:23,129.3,131.9,142.1,125.0,140.5,129.4,125.3,125.8,140.4,136.6,127.7,136.9
TOPCOAT-0023,984,16:24,129.5,132.0,142.4,125.3,140.0,129.0,125.3,125.2,140.3,135.6,128.5,135.7
TOPCOAT-0023,985,16:25,130.3,132.8,142.1,125.0,139.9,128.9,125.6,126.6,139.9,135.7,128.9,135.6
TOPCOAT-0023,986,16:26,129.2,132.6,142.0,126.5,139.4,130.0,126.1,125.7,140.1,136.4,128.8,135.9
TOPCOAT-0023,987,16:27,129.6,132.8,142.3,125.7,141.1,129.6,125.6,125.4,140.7,136.9,128.6,136.3
TOPCOAT-0023,988,16:28,129.4,131.6,142.7,126.3,140.3,129.4,126.3,126.9,140.7,137.2,128.6,136.4
TOPCOAT-0023,989,16:29,129.9,132.1,142.6,125.6,139.8,130.6,126.4,126.4,140.7,136.4,128.5,136.2
TOPCOAT-0023,990,16:30,129.4,132.7,142.0,125.4,140.6,130.2,126.7,126.1,141.6,135.7,128.9,136.1
TOPCOAT-0023,991,16:31,129.8,132.6,142.6,126.1,140.9,129.8,126.4,126.3,140.2,136.1,128.6,136.4
TOPCOAT-0023,992,16:32,129.3,133.0,142.2,125.6,141.1,129.7,125.7,127.0,141.1,136.3,127.8,136.4
TOPCOAT-0023,993,16:33,130.2,133.1,142.2,125.5,140.5,130.4,125.7,125.8,140.5,136.9,129.2,137.7
TOPCOAT-0023,994,16:34,129.9,132.4,141.6,125.9,141.4,131.2,126.7,126.7,141.3,136.5,129.4,136.6
TOPCOAT-0023,995,16:35,129.1,133.0,141.3,126.3,141.5,130.2,126.5,126.8,140.8,135.8,128.7,136.9
TOPCOAT-0023,996,16:36,129.8,132.9,141.8,126.4,141.4,129.6,125.5,126.3,141.3,137.0,129.9,136.9
TOPCOAT-0023,997,16:37,129.7,132.1,142.5,126.6,141.0,129.5,125.7,126.5,140.7,137.3,128.4,137.0
TOPCOAT-0023,998,16:38,129.2,132.9,141.6,126.1,140.4,131.0,127.1,126.4,141.3,136.9,129.6,135.8
TOPCOAT-0023,999,16:39,129.8,133.3,142.4,126.2,141.6,130.7,127.2,127.0,141.2,136.2,129.2,136.3
TOPCOAT-0023,1000,16:40,129.5,132.9,142.6,125.7,140.7,129.9,127.1,126.4,141.5,136.4,129.7,137.2
TOPCOAT-0023,1001,16:41,130.3,133.9,143.1,126.0,141.3,130.7,127.3,127.6,142.1,136.6,129.9,136.0
TOPCOAT-0023,1002,16:42,130.3,132.9,141.8,126.3,140.9,130.4,126.8,127.2,141.7,136.8,129.1,137.7
TOPCOAT-0023,1003,16:43,131.0,132.7,143.0,127.4,140.9,130.4,126.6,127.0,141.2,137.1,130.0,136.4
TOPCOAT-0023,1004,16:44,130.0,132.7,143.4,126.5,140.6,131.0,127.7,127.3,141.2,136.3,128.6,136.6
TOPCOAT-0023,1005,16:45,129.9,133.1,142.2,126.6,141.3,130.1,127.1,126.4,141.2,136.9,129.9,137.2
TOPCOAT-0023,1006,16:46,130.8,133.8,142.4,125.9,141.5,131.2,126.9,128.0,142.8,137.5,129.2,136.6
TOPCOAT-0023,1007,16:47,130.0,134.0,143.6,126.8,140.7,130.9,127.1,127.3,141.5,136.6,128.9,136.8
TOPCOAT-0023,1008,16:48,131.1,133.5,143.6,126.8,142.3,131.3,126.9,126.9,141.4,138.1,129.8,137.4
TOPCOAT-0023,1009,16:49,130.5,133.5,143.2,126.5,140.4,131.3,127.0,127.0,140.7,136.5,129.6,137.2
TOPCOAT-0023,1010,16:50,129.6,133.0,142.6,127.3,141.1,130.6,126.6,127.6,141.5,136.8,129.6,137.3
TOPCOAT-0023,1011,16:51,130.3,133.7,143.6,126.8,141.7,131.1,126.7,126.8,142.7,137.1,131.0,137.3
TOPCOAT-0023,1012,16:52,131.0,133.7,144.0,126.5,142.9,131.0,126.9,126.7,142.1,137.2,130.2,137.6
TOPCOAT-0023,1013,16:53,130.9,133.7,143.6,126.1,142.2,131.2,127.8,127.2,142.6,136.8,129.7,137.8
TOPCOAT-0023,1014,16:54,130.1,134.7,143.5,126.9,142.2,131.3,126.5,127.2,141.5,138.3,129.9,136.9
TOPCOAT-0023,1015,16:55,131.3,134.0,143.8,126.6,142.3,130.4,126.5,127.2,142.4,137.6,130.7,136.9
TOPCOAT-0023,1016,16:56,131.0,133.8,142.9,127.1,142.5,130.8,127.6,127.3,141.7,137.3,129.9,137.9
TOPCOAT-0023,1017,16:57,131.3,133.5,144.0,127.2,142.0,129.9,127.2,127.2,142.0,136.9,128.8,138.0
TOPCOAT-0023,1018,16:58,130.3,133.5,144.4,126.6,141.8,130.7,127.0,127.1,141.7,137.3,129.4,137.4
TOPCOAT-0023,1019,16:59,131.2,133.2,143.9,127.2,143.0,130.6,128.7,126.7,141.3,137.2,129.7,137.6
TOPCOAT-0023,1020,17:00,130.8,134.1,143.1,127.6,142.4,131.8,127.7,126.8,142.2,137.1,130.7,137.4
TOPCOAT-0023,1021,17:01,132.2,134.2,143.2,127.2,142.3,131.2,127.8,126.9,142.0,137.9,131.0,137.7
TOPCOAT-0023,1022,17:02,130.9,133.2,144.4,126.8,141.4,131.5,127.8,128.1,142.0,136.7,129.5,137.9
TOPCOAT-0023,1023,17:03,131.1,134.9,143.9,128.0,142.3,132.3,128.1,126.6,142.4,138.0,130.4,138.2
TOPCOAT-0023,1024,17:04,131.5,134.1,144.0,126.9,142.3,131.2,127.8,127.6,142.2,138.7,130.8,137.5
TOPCOAT-0023,1025,17:05,130.2,133.5,143.8,127.4,142.6,131.3,127.4,128.0,141.1,137.4,130.4,138.0
TOPCOAT-0023,1026,17:06,132.0,134.4,143.5,126.1,142.7,131.1,127.4,128.2,142.9,137.5,130.1,137.6
TOPCOAT-0023,1027,17:07,131.0,133.7,144.1,127.5,142.4,132.3,127.5,128.2,143.1,137.8,129.8,137.7
TOPCOAT-0023,1028,17:08,131.6,134.8,142.4,127.4,143.0,131.6,128.1,128.8,143.1,138.4,130.5,138.4
TOPCOAT-0023,1029,17:09,131.8,134.5,143.8,127.5,143.0,132.6,128.4,128.2,142.7,138.4,130.5,138.4
TOPCOAT-0023,1030,17:10,131.5,134.1,144.0,127.6,143.0,131.5,129.0,128.1,142.4,138.4,130.8,138.9
TOPCOAT-0023,1031,17:11,131.1,134.4,144.8,127.4,142.8,131.4,128.7,127.9,143.2,138.9,129.4,138.3
TOPCOAT-0023,1032,17:12,132.3,134.1,144.8,127.9,143.0,132.0,127.6,128.8,142.9,138.3,130.0,138.0
TOPCOAT-0023,1033,17:13,130.9,135.7,145.2,127.1,142.7,132.1,127.8,128.5,142.2,138.6,131.0,138.8
TOPCOAT-0023,1034,17:14,131.7,133.6,144.1,127.5,142.8,132.8,127.7,128.3,143.2,138.5,130.0,138.6
TOPCOAT-0023,1035,17:15,130.5,134.4,144.4,126.6,143.2,132.7,127.6,128.8,142.9,137.9,131.1,138.3
TOPCOAT-0023,1036,17:16,131.5,134.7,144.0,127.4,143.1,132.4,128.7,127.8,143.7,138.9,130.4,138.3
TOPCOAT-0023,1037,17:17,130.6,135.2,143.9,127.9,142.8,132.2,128.1,129.1,143.4,139.5,130.5,137.8
TOPCOAT-0023,1038,17:18,131.8,134.2,145.5,127.6,143.0,131.8,128.0,128.3,143.5,138.5,131.0,139.0
TOPCOAT-0023,1039,17:19,131.6,135.5,144.3,128.0,143.6,132.7,129.3,128.0,143.4,139.7,130.9,138.4
TOPCOAT-0023,1040,17:20,131.5,135.6,145.4,128.1,142.7,131.9,128.4,128.3,143.3,138.8,131.8,138.3
TOPCOAT-0023,1041,17:21,131.6,134.7,143.8,127.6,142.7,132.5,128.7,128.0,143.2,139.7,131.4,139.1
TOPCOAT-0023,1042,17:22,131.4,133.9,144.7,128.3,143.8,133.3,129.0,128.8,142.8,139.0,130.5,137.6
TOPCOAT-0023,1043,17:23,132.3,136.0,145.0,128.0,142.8,132.4,128.0,128.8,143.0,139.3,130.5,138.6
TOPCOAT-0023,1044,17:24,131.3,134.8,144.2,128.5,143.9,131.8,128.9,127.8,142.8,139.8,131.1,139.2
TOPCOAT-0023,1045,17:25,132.0,134.8,145.0,128.6,143.8,132.6,128.7,128.6,143.0,138.8,131.2,139.1
TOPCOAT-0023,1046,17:26,131.8,135.1,144.2,127.9,143.5,132.5,128.7,129.5,143.2,138.5,131.3,139.3
TOPCOAT-0023,1047,17:27,132.8,135.2,145.2,127.2,143.1,132.7,128.2,128.7,143.1,139.0,131.4,139.6
TOPCOAT-0023,1048,17:28,132.2,135.8,144.5,128.9,143.2,132.3,128.5,129.0,143.7,140.0,131.0,138.9
TOPCOAT-0023,1049,17:29,132.5,135.5,145.1,128.4,143.4,132.9,129.5,128.7,143.5,138.7,131.5,139.5
TOPCOAT-0023,1050,17:30,132.6,135.0,145.8,127.5,143.3,133.1,129.0,128.4,143.8,139.7,131.0,139.1
TOPCOAT-0023,1051,17:31,131.9,135.4,144.3,128.6,143.3,133.0,129.2,128.2,143.7,139.1,131.8,138.9
TOPCOAT-0023,1052,17:32,132.5,136.1,145.0,129.9,143.4,133.0,129.2,129.3,144.1,139.6,130.9,139.9
TOPCOAT-0023,1053,17:33,132.6,135.4,144.7,127.5,143.7,133.1,129.3,128.6,143.6,139.7,132.0,140.1
TOPCOAT-0023,1054,17:34,132.1,134.7,145.7,128.1,144.8,133.0,128.6,128.7,143.6,139.5,131.3,139.5
TOPCOAT-0023,1055,17:35,132.6,135.7,145.8,128.7,144.8,133.2,129.9,129.6,143.1,139.7,131.8,139.3
TOPCOAT-0023,1056,17:36,132.0,135.1,145.7,128.9,143.5,133.6,128.8,129.0,143.9,139.2,132.0,139.5
TOPCOAT-0023,1057,17:37,132.5,136.7,145.3,128.3,143.7,133.5,129.9,128.2,143.5,139.4,131.9,138.7
TOPCOAT-0023,1058,17:38,132.7,135.6,146.6,128.4,143.1,133.1,129.1,129.6,144.4,139.2,131.3,139.8
TOPCOAT-0023,1059,17:39,132.2,136.0,146.3,128.3,144.0,133.2,129.5,129.9,144.5,139.5,131.0,139.6
TOPCOAT-0023,1060,17:40,133.0,135.8,145.8,128.5,144.2,134.0,128.7,130.0,144.0,140.8,132.2,140.1
TOPCOAT-0023,1061,17:41,132.4,136.3,145.9,127.4,144.6,133.8,129.3,129.9,143.5,140.0,132.2,138.5
TOPCOAT-0023,1062,17:42,133.6,135.2,146.2,128.8,144.9,133.4,130.1,129.8,144.3,139.4,131.0,139.7
TOPCOAT-0023,1063,17:43,132.1,136.1,145.2,130.2,143.5,133.5,130.5,130.1,144.0,139.9,131.0,140.0
TOPCOAT-0023,1064,17:44,134.1,135.2,146.1,129.5,143.8,134.1,129.1,128.6,143.5,139.0,131.6,139.6
TOPCOAT-0023,1065,17:45,132.8,136.3,145.7,129.7,144.3,133.3,130.1,129.8,144.5,138.6,130.9,139.7
TOPCOAT-0023,1066,17:46,132.8,136.5,145.6,128.8,144.3,133.0,129.7,129.7,144.5,139.4,132.2,139.4
TOPCOAT-0023,1067,17:47,133.7,134.9,145.6,128.5,144.9,134.5,129.7,130.2,145.0,139.5,131.7,139.2
TOPCOAT-0023,1068,17:48,133.2,135.6,145.6,128.7,144.8,133.6,129.5,129.1,145.0,139.9,132.7,140.0
TOPCOAT-0023,1069,17:49,133.2,135.8,144.4,128.2,144.2,133.7,129.9,130.0,144.4,139.8,132.9,140.8
TOPCOAT-0023,1070,17:50,133.1,135.5,146.5,129.6,144.6,133.3,129.5,129.8,145.0,139.3,132.3,139.2
TOPCOAT-0023,1071,17:51,132.4,137.0,146.5,129.1,144.4,133.6,129.5,129.9,144.6,141.4,132.2,140.5
TOPCOAT-0023,1072,17:52,133.4,135.7,146.4,129.2,144.5,133.9,129.0,130.0,144.4,139.2,131.2,140.5
TOPCOAT-0023,1073,17:53,133.0,136.5,145.6,129.2,144.9,134.0,129.6,129.9,144.6,141.0,132.4,140.2
TOPCOAT-0023,1074,17:54,133.4,135.8,143.9,129.4,143.8,133.9,129.6,130.2,145.4,140.7,132.7,140.0
TOPCOAT-0023,1075,17:55,133.7,136.7,146.2,129.5,144.4,134.1,130.0,129.5,145.0,140.0,132.9,139.6
TOPCOAT-0023,1076,17:56,133.6,136.5,145.1,128.2,145.2,134.1,129.5,129.7,144.8,139.7,132.2,140.2
TOPCOAT-0023,1077,17:57,133.4,137.2,146.9,129.6,145.0,134.4,129.9,130.9,144.7,140.4,133.3,139.6
TOPCOAT-0023,1078,17:58,133.0,136.3,147.3,128.3,143.9,134.7,130.0,130.1,144.2,139.8,132.8,140.8
TOPCOAT-0023,1079,17:59,133.2,136.4,147.7,129.1,144.9,133.9,130.3,129.7,144.7,140.0,132.2,140.3
TOPCOAT-0023,1080,18:00,133.9,137.5,146.3,130.3,146.2,134.6,129.6,130.5,145.0,140.2,133.2,140.5
TOPCOAT-0023,1081,18:01,134.3,137.1,145.9,129.2,144.6,134.0,129.4,129.7,144.6,139.5,132.6,141.5
TOPCOAT-0023,1082,18:02,133.5,139.2,145.7,130.6,144.9,134.1,130.3,130.4,145.7,142.3,132.8,140.7
TOPCOAT-0023,1083,18:03,134.2,137.0,145.6,130.4,145.2,134.1,129.6,130.1,143.5,139.5,133.9,140.6
TOPCOAT-0023,1084,18:04,133.1,137.6,145.1,130.5,145.8,134.6,130.0,130.9,146.1,139.6,133.6,141.4
TOPCOAT-0023,1085,18:05,133.3,137.5,146.5,129.6,145.0,134.4,130.8,131.0,145.5,139.1,132.4,140.0
TOPCOAT-0023,1086,18:06,133.7,136.3,146.3,129.4,145.2,135.0,129.5,130.5,146.2,138.8,133.7,141.1
TOPCOAT-0023,1087,18:07,133.8,138.5,146.4,131.4,146.0,134.3,130.4,130.9,144.4,141.3,131.3,141.5
TOPCOAT-0023,1088,18:08,134.3,137.3,145.9,128.8,145.1,134.4,130.6,130.6,145.7,140.6,131.3,141.4
TOPCOAT-0023,1089,18:09,134.2,137.0,145.9,128.6,145.7,134.5,130.6,130.2,144.4,139.4,133.2,140.0
TOPCOAT-0023,1090,18:10,134.0,134.5,145.5,128.8,145.7,134.0,130.8,131.0,144.7,139.7,132.5,141.5
TOPCOAT-0023,1091,18:11,134.4,135.6,146.3,129.9,145.5,134.1,131.5,131.1,142.8,138.9,133.1,141.5
TOPCOAT-0023,1092,18:12,134.1,135.8,146.1,128.8,145.8,134.7,131.3,129.9,142.9,141.2,132.8,140.1
TOPCOAT-0023,1093,18:13,134.1,136.9,146.0,128.5,145.4,134.3,131.1,130.7,145.5,140.8,132.8,140.9
TOPCOAT-0023,1094,18:14,134.1,136.1,145.7,129.7,145.7,134.7,130.5,130.8,145.9,141.0,131.9,141.7
TOPCOAT-0023,1095,18:15,134.3,137.7,146.1,128.4,145.1,134.9,130.1,130.8,145.3,139.5,132.8,142.2
TOPCOAT-0023,1096,18:16,133.7,136.2,144.4,128.2,145.6,134.0,131.6,131.4,144.9,140.2,133.1,141.3
TOPCOAT-0023,1097,18:17,133.6,135.7,146.7,129.7,146.3,135.3,131.4,131.9,144.8,140.9,133.1,141.3
TOPCOAT-0023,1098,18:18,134.7,135.1,144.7,129.0,146.2,135.3,130.7,130.7,145.0,140.3,132.6,141.3
TOPCOAT-0023,1099,18:19,135.5,137.8,147.1,129.0,147.1,135.0,130.5,131.1,145.3,140.6,131.8,140.7
TOPCOAT-0023,1100,18:20,135.1,135.1,147.0,129.1,146.4,135.4,131.0,131.4,143.5,139.4,132.7,141.1
TOPCOAT-0023,1101,18:21,134.6,136.8,146.2,129.2,146.1,135.4,131.4,131.3,145.5,139.2,132.7,140.9
TOPCOAT-0023,1102,18:22,134.5,136.9,146.1,129.4,146.8,135.0,131.8,130.9,144.4,140.7,132.7,141.7
TOPCOAT-0023,1103,18:23,132.6,136.6,146.2,128.1,146.8,136.1,131.4,130.7,145.8,138.6,132.0,141.4
TOPCOAT-0023,1104,18:24,134.2,138.0,145.9,129.3,145.9,135.3,131.3,130.8,144.0,139.8,131.6,141.8
TOPCOAT-0023,1105,18:25,134.4,135.6,146.6,129.7,146.1,135.4,131.8,131.3,144.8,141.2,133.9,140.6
TOPCOAT-0023,1106,18:26,132.4,136.4,147.1,130.1,146.7,135.1,130.7,132.2,144.7,139.4,133.3,142.9
TOPCOAT-0023,1107,18:27,135.0,137.6,147.5,129.2,146.3,135.3,130.8,131.1,145.1,140.6,132.5,141.7
TOPCOAT-0023,1108,18:28,133.5,137.3,145.6,129.2,147.0,134.8,131.6,132.1,142.4,139.9,131.8,140.0
TOPCOAT-0023,1109,18:29,135.1,136.8,145.9,129.2,147.4,135.0,131.1,132.1,144.3,138.9,133.9,142.6
TOPCOAT-0023,1110,18:30,133.6,136.5,146.8,130.4,147.8,135.5,131.7,132.2,144.4,139.0,133.3,142.5
TOPCOAT-0023,1111,18:31,134.8,136.0,146.1,130.0,147.4,136.0,132.0,131.6,144.7,140.3,131.6,139.3
TOPCOAT-0023,1112,18:32,134.4,136.5,146.4,130.1,147.0,135.5,133.3,130.8,145.6,139.1,133.0,142.4
TOPCOAT-0023,1113,18:33,133.8,138.5,147.1,130.6,146.7,136.2,131.6,132.0,142.9,139.2,132.7,141.7
TOPCOAT-0023,1114,18:34,133.9,136.6,145.1,128.7,147.5,135.2,132.0,130.2,144.3,140.4,132.2,140.0
TOPCOAT-0023,1115,18:35,134.4,136.8,145.3,129.2,146.3,135.8,132.4,131.3,144.6,140.4,133.0,141.9
TOPCOAT-0023,1116,18:36,134.1,136.3,145.2,129.8,145.5,134.6,132.3,133.3,145.2,138.7,133.4,140.1
TOPCOAT-0023,1117,18:37,133.9,136.2,147.8,129.5,146.2,135.7,131.0,129.8,145.5,140.7,132.9,141.2
TOPCOAT-0023,1118,18:38,133.6,137.6,147.1,129.2,146.3,135.7,132.1,131.9,145.3,141.6,133.0,140.8
TOPCOAT-0023,1119,18:39,136.1,138.5,146.4,129.8,146.1,137.9,130.9,132.4,145.6,140.3,132.4,140.5
TOPCOAT-0023,1120,18:40,135.1,134.8,145.7,129.2,145.9,136.3,132.1,132.0,145.5,139.8,133.4,141.4
TOPCOAT-0023,1121,18:41,133.7,137.2,145.5,129.2,147.7,136.4,131.8,131.6,145.0,142.9,133.4,140.4
TOPCOAT-0023,1122,18:42,135.3,137.0,145.9,129.8,147.1,136.6,131.5,131.7,146.3,138.2,132.1,139.2
TOPCOAT-0023,1123,18:43,135.4,135.7,146.1,128.7,147.0,136.4,131.0,130.7,144.4,139.5,133.4,142.5
TOPCOAT-0023,1124,18:44,134.5,136.1,145.6,130.8,145.3,134.6,132.3,131.1,143.2,142.0,132.3,141.3
TOPCOAT-0023,1125,18:45,132.9,137.4,145.9,129.4,146.3,135.5,133.7,131.5,145.8,139.0,132.2,143.1
TOPCOAT-0023,1126,18:46,134.8,135.8,145.7,128.1,145.7,136.5,132.8,130.8,145.1,141.5,132.2,140.9
TOPCOAT-0023,1127,18:47,133.8,139.2,145.4,128.8,147.1,136.3,130.0,130.8,146.9,140.5,133.3,140.6
TOPCOAT-0023,1128,18:48,132.4,135.4,145.3,130.7,145.2,137.3,131.1,130.7,145.7,139.3,131.5,141.3
TOPCOAT-0023,1129,18:49,133.4,136.5,146.3,129.4,146.1,135.7,130.1,132.2,145.2,141.5,133.2,141.5
TOPCOAT-0023,1130,18:50,135.0,137.6,145.1,129.3,147.4,135.2,130.0,129.9,144.9,140.4,133.1,140.5
TOPCOAT-0023,1131,18:51,135.5,135.7,146.1,131.3,145.6,135.8,130.9,130.6,145.1,140.6,134.6,141.4
TOPCOAT-0023,1132,18:52,134.9,136.1,146.3,128.7,145.9,135.7,132.2,131.3,144.6,141.3,133.0,140.8
TOPCOAT-0023,1133,18:53,133.3,136.7,147.4,129.4,146.5,136.8,130.6,130.9,144.3,139.7,133.3,140.4
TOPCOAT-0023,1134,18:54,133.4,135.0,147.3,129.3,146.1,136.3,133.2,131.2,145.0,140.9,132.8,140.8
TOPCOAT-0023,1135,18:55,133.1,135.2,145.1,129.4,146.5,137.3,130.8,133.6,145.2,140.2,132.3,139.9
TOPCOAT-0023,1136,18:56,135.4,135.9,146.6,129.5,147.2,137.6,130.7,131.6,144.7,140.3,134.1,141.2
TOPCOAT-0023,1137,18:57,133.9,135.4,146.6,129.9,146.3,137.5,132.1,131.3,145.8,138.8,132.7,140.7
TOPCOAT-0023,1138,18:58,135.5,136.0,144.5,129.6,147.3,136.5,129.9,132.0,146.3,140.5,132.7,141.2
TOPCOAT-0023,1139,18:59,134.8,136.1,144.5,130.2,146.2,134.9,130.8,129.9,144.8,140.5,132.7,142.4
TOPCOAT-0023,1140,19:00,133.3,136.0,146.6,129.2,146.3,134.6,132.0,132.7,145.8,139.9,133.5,141.4
TOPCOAT-0023,1141,19:01,134.0,136.4,145.9,130.6,145.8,137.6,131.3,130.8,144.7,139.8,133.7,142.2
TOPCOAT-0023,1142,19:02,134.7,136.6,144.9,128.1,144.4,136.2,132.3,132.1,145.4,139.9,132.4,142.0
TOPCOAT-0023,1143,19:03,133.3,135.7,145.6,129.5,147.3,136.5,131.1,132.2,146.3,139.1,131.2,141.5
TOPCOAT-0023,1144,19:04,134.3,138.4,146.6,130.8,146.6,136.4,132.1,132.2,144.8,139.9,132.7,141.4
TOPCOAT-0023,1145,19:05,133.3,136.0,146.8,129.3,144.7,134.0,132.0,129.6,144.4,141.6,133.0,141.8
TOPCOAT-0023,1146,19:06,134.3,136.5,146.8,129.8,146.5,136.1,132.4,131.8,145.0,139.8,133.1,141.6
TOPCOAT-0023,1147,19:07,134.8,135.7,146.0,129.3,146.9,136.0,131.3,130.6,144.1,140.3,133.8,140.4
TOPCOAT-0023,1148,19:08,133.7,135.7,146.9,127.5,147.9,136.6,130.4,131.6,145.0,141.0,132.9,140.9
TOPCOAT-0023,1149,19:09,133.8,137.5,147.0,128.8,148.1,136.5,131.4,131.2,144.1,139.7,132.3,140.8
TOPCOAT-0023,1150,19:10,133.3,136.9,147.0,130.3,145.5,135.9,132.3,131.9,145.3,139.9,134.9,141.2
TOPCOAT-0023,1151,19:11,133.3,137.1,145.7,130.2,146.9,136.3,130.9,129.6,144.4,141.5,132.2,141.9
TOPCOAT-0023,1152,19:12,134.2,136.3,147.8,129.6,146.1,136.5,131.4,132.0,144.8,142.3,132.3,141.5
TOPCOAT-0023,1153,19:13,132.9,136.6,146.9,127.4,146.1,134.5,130.9,131.8,143.5,141.7,133.5,143.2
TOPCOAT-0023,1154,19:14,135.1,135.3,145.1,128.3,147.2,135.5,130.8,131.4,144.3,140.7,133.7,141.9
TOPCOAT-0023,1155,19:15,135.8,137.8,146.1,128.5,147.9,135.4,130.7,131.7,143.5,140.8,133.8,141.2
TOPCOAT-0023,1156,19:16,134.6,136.8,144.6,128.7,147.0,136.5,131.4,132.3,144.2,141.5,132.3,141.7
TOPCOAT-0023,1157,19:17,135.7,137.9,146.4,130.1,147.6,135.7,132.5,131.1,145.1,140.7,133.8,141.9
TOPCOAT-0023,1158,19:18,134.9,137.8,146.2,129.3,146.0,135.0,130.4,131.8,142.8,139.8,133.7,141.4
TOPCOAT-0023,1159,19:19,135.3,136.2,144.6,129.3,147.3,135.5,133.3,130.5,145.2,140.4,134.6,140.5
TOPCOAT-0023,1160,19:20,133.4,135.7,146.6,129.3,147.3,135.9,131.7,130.3,143.7,140.5,133.1,140.0
TOPCOAT-0023,1161,19:21,133.8,136.9,145.7,129.1,145.4,136.4,131.8,132.1,144.6,139.2,133.1,141.0
TOPCOAT-0023,1162,19:22,135.6,135.8,145.4,129.4,146.9,136.5,132.5,129.9,145.2,140.8,133.2,140.1
TOPCOAT-0023,1163,19:23,132.5,136.6,146.3,130.2,148.1,137.5,131.6,131.7,147.0,139.7,132.0,142.1
TOPCOAT-0023,1164,19:24,134.1,137.4,146.9,130.2,146.0,136.7,131.7,131.1,145.8,139.9,132.1,142.8
TOPCOAT-0023,1165,19:25,134.2,135.8,145.5,129.6,146.0,133.5,131.4,133.0,145.0,139.7,132.4,141.3
TOPCOAT-0023,1166,19:26,134.2,136.6,144.6,129.8,147.8,134.3,131.8,133.1,144.9,140.8,133.4,141.1
TOPCOAT-0023,1167,19:27,134.4,135.9,144.6,129.4,148.0,135.2,132.1,130.3,143.3,139.4,132.2,140.9
TOPCOAT-0023,1168,19:28,133.9,138.5,146.9,130.1,145.7,134.3,130.8,131.1,144.1,139.1,134.1,141.0
TOPCOAT-0023,1169,19:29,134.9,136.3,146.6,129.1,145.9,135.6,130.7,131.1,144.9,140.9,133.2,141.1
TOPCOAT-0023,1170,19:30,134.9,137.7,146.9,130.4,147.0,136.2,131.4,131.9,142.8,140.2,132.5,141.7
TOPCOAT-0023,1171,19:31,134.9,136.5,145.4,129.2,145.2,135.8,131.6,130.9,144.7,139.0,130.9,139.6
TOPCOAT-0023,1172,19:32,133.8,136.7,145.7,130.0,145.5,135.0,132.9,131.6,145.9,140.9,131.0,140.8
TOPCOAT-0023,1173,19:33,133.3,137.0,147.1,128.4,147.0,134.2,131.1,131.6,144.1,140.2,131.9,142.6
TOPCOAT-0023,1174,19:34,133.8,136.7,147.0,128.8,146.3,134.6,130.8,133.0,145.1,139.3,133.0,139.8
TOPCOAT-0023,1175,19:35,135.5,135.3,147.1,129.7,146.5,136.5,131.4,131.3,145.2,140.7,130.8,141.4
TOPCOAT-0023,1176,19:36,135.3,136.9,145.0,129.1,147.6,134.6,132.0,130.4,145.5,140.9,131.0,141.0
TOPCOAT-0023,1177,19:37,133.8,136.8,147.2,129.8,146.5,135.0,130.7,131.3,144.8,141.4,132.3,142.2
TOPCOAT-0023,1178,19:38,133.4,136.8,145.2,129.0,147.5,135.5,131.9,132.1,146.3,139.0,133.0,141.8
TOPCOAT-0023,1179,19:39,135.5,136.1,145.9,130.3,145.8,134.2,130.7,131.5,144.6,141.0,132.6,140.8
TOPCOAT-0023,1180,19:40,135.4,137.4,146.3,128.9,146.8,135.5,130.9,130.4,145.0,139.2,133.6,141.6
TOPCOAT-0023,1181,19:41,134.0,137.1,145.0,130.7,146.1,135.1,132.2,131.1,146.2,140.1,132.6,141.5
TOPCOAT-0023,1182,19:42,133.9,135.8,145.0,129.6,146.0,138.5,131.5,131.5,146.4,140.0,133.1,140.9
TOPCOAT-0023,1183,19:43,134.8,137.3,145.9,128.3,146.9,135.8,130.9,131.5,145.5,139.5,133.3,140.8
TOPCOAT-0023,1184,19:44,132.4,135.5,145.8,129.6,147.1,138.6,131.7,131.7,144.9,140.1,131.9,141.5
TOPCOAT-0023,1185,19:45,134.1,135.9,146.0,131.0,146.5,136.9,130.6,131.3,145.8,141.6,133.4,141.9
TOPCOAT-0023,1186,19:46,134.1,136.0,147.2,127.7,146.2,135.8,131.1,131.2,146.3,140.8,132.9,141.0
TOPCOAT-0023,1187,19:47,135.0,137.6,145.1,129.8,145.9,134.8,131.1,132.2,145.5,142.6,132.1,143.7
TOPCOAT-0023,1188,19:48,135.8,136.9,146.0,129.9,145.6,136.7,132.3,131.7,146.4,139.6,133.3,140.8
TOPCOAT-0023,1189,19:49,135.1,137.0,144.4,129.8,147.2,134.6,132.2,130.7,145.6,139.9,131.3,142.4
TOPCOAT-0023,1190,19:50,133.8,137.3,145.2,129.8,147.4,135.4,131.5,131.4,146.5,139.6,132.6,139.6
TOPCOAT-0023,1191,19:51,135.2,135.0,146.2,128.2,147.7,136.0,132.6,131.6,145.7,140.3,133.2,141.5
TOPCOAT-0023,1192,19:52,134.5,136.4,147.4,128.1,146.1,136.6,132.0,130.0,145.4,139.7,133.3,141.6
TOPCOAT-0023,1193,19:53,135.0,136.5,145.2,130.3,145.0,134.9,131.6,130.3,144.1,139.7,132.3,143.4
TOPCOAT-0023,1194,19:54,134.1,136.3,146.5,128.2,145.0,135.4,131.3,131.9,145.2,139.9,133.2,140.9
TOPCOAT-0023,1195,19:55,134.8,137.5,146.4,130.4,147.4,135.2,131.6,131.8,145.9,140.2,131.9,141.6
TOPCOAT-0023,1196,19:56,134.7,137.4,145.7,128.0,147.0,136.0,131.7,132.4,144.9,139.9,133.4,139.7
TOPCOAT-0023,1197,19:57,134.4,135.9,145.9,129.1,146.4,135.5,131.0,131.8,145.9,139.7,133.1,142.2
TOPCOAT-0023,1198,19:58,134.9,137.0,145.5,127.8,145.3,135.0,130.8,131.0,146.1,139.6,133.8,141.6
TOPCOAT-0023,1199,19:59,134.1,137.8,145.1,129.7,147.8,136.1,130.7,132.5,143.5,139.8,133.0,142.3
TOPCOAT-0023,1200,20:00,136.1,137.7,146.0,130.1,146.2,137.0,131.0,132.0,143.9,141.5,131.9,141.8
TOPCOAT-0023,1201,20:01,133.8,134.6,146.2,131.4,146.9,134.7,131.7,131.7,145.2,139.5,131.4,141.9
TOPCOAT-0023,1202,20:02,134.1,136.7,147.8,128.4,146.2,135.4,130.3,131.2,145.6,139.5,130.0,140.7
TOPCOAT-0023,1203,20:03,134.5,135.9,147.1,129.2,145.5,136.4,131.9,131.6,146.2,140.0,132.0,141.6
TOPCOAT-0023,1204,20:04,133.8,138.2,146.7,129.3,144.9,135.6,129.5,131.7,145.2,140.0,133.2,142.0
TOPCOAT-0023,1205,20:05,133.7,136.6,147.7,128.3,148.1,135.3,130.5,130.4,143.8,137.9,133.5,139.1
TOPCOAT-0023,1206,20:06,135.4,137.0,146.3,127.9,146.6,137.5,131.7,131.5,145.4,137.8,130.9,140.6
TOPCOAT-0023,1207,20:07,135.0,137.1,147.1,130.3,145.9,136.3,131.7,132.2,145.1,140.6,132.8,141.6
TOPCOAT-0023,1208,20:08,134.9,133.8,146.6,129.9,146.4,134.8,131.7,131.1,144.7,139.8,132.5,140.8
TOPCOAT-0023,1209,20:09,133.2,136.5,145.9,129.8,146.5,137.3,131.7,131.0,145.8,140.2,132.3,141.1
TOPCOAT-0023,1210,20:10,135.2,136.5,145.5,129.2,146.4,134.6,130.9,130.8,146.0,140.9,132.9,141.5
TOPCOAT-0023,1211,20:11,135.9,135.2,145.9,129.5,146.5,134.7,131.6,131.7,145.3,139.5,132.5,141.9
TOPCOAT-0023,1212,20:12,133.9,135.5,146.9,129.3,147.0,134.6,130.9,130.3,145.7,139.8,132.9,142.2
TOPCOAT-0023,1213,20:13,135.1,136.7,147.6,128.9,146.7,135.6,131.5,130.8,145.0,139.5,132.0,141.3
TOPCOAT-0023,1214,20:14,134.7,136.6,146.0,129.5,144.8,136.1,131.3,131.6,145.7,138.4,131.9,141.3
TOPCOAT-0023,1215,20:15,134.1,136.9,146.3,129.7,147.3,136.9,130.3,132.3,143.5,140.0,133.7,141.3
TOPCOAT-0023,1216,20:16,133.2,136.8,147.1,129.7,146.2,134.9,132.3,131.9,144.7,140.0,132.2,141.1
TOPCOAT-0023,1217,20:17,134.7,136.5,146.4,129.8,147.5,137.1,130.8,131.2,143.6,139.5,132.4,141.3
TOPCOAT-0023,1218,20:18,134.4,137.5,146.5,130.3,148.6,136.3,130.3,131.6,145.3,139.9,135.3,141.8
TOPCOAT-0023,1219,20:19,133.9,137.5,146.9,128.1,147.3,135.2,131.0,132.5,145.5,138.9,133.6,142.4
TOPCOAT-0023,1220,20:20,134.6,136.1,146.9,129.4,146.0,135.8,131.7,130.5,147.0,139.9,131.3,141.5
TOPCOAT-0023,1221,20:21,132.8,138.6,146.7,129.5,145.6,135.2,133.6,130.5,146.4,139.7,130.8,142.3
TOPCOAT-0023,1222,20:22,134.5,137.8,145.6,130.9,146.7,135.3,132.4,130.5,144.4,138.8,132.8,141.7
TOPCOAT-0023,1223,20:23,133.1,136.0,146.3,128.9,145.8,134.9,133.0,132.8,143.7,140.8,131.3,141.9
TOPCOAT-0023,1224,20:24,135.2,137.4,144.7,128.6,145.9,134.5,130.9,131.6,145.8,139.5,131.9,140.9
TOPCOAT-0023,1225,20:25,134.1,137.4,146.8,130.1,146.9,136.8,128.9,131.9,145.5,140.6,133.5,140.7
TOPCOAT-0023,1226,20:26,133.7,137.2,146.6,130.1,145.7,135.3,132.3,130.7,145.6,138.6,133.3,139.7
TOPCOAT-0023,1227,20:27,134.4,136.8,146.9,129.2,148.0,133.9,131.3,130.8,143.9,140.3,133.4,142.6
TOPCOAT-0023,1228,20:28,135.2,136.6,145.7,129.9,146.3,135.9,131.1,131.1,145.2,140.6,133.0,141.1
TOPCOAT-0023,1229,20:29,134.5,134.6,145.3,128.8,146.8,136.6,131.5,131.2,145.0,140.0,133.3,141.4
TOPCOAT-0023,1230,20:30,133.3,135.5,147.3,131.1,146.0,135.9,131.6,131.7,144.3,140.8,133.4,142.2
TOPCOAT-0023,1231,20:31,134.3,136.6,146.0,128.3,146.1,135.4,132.1,130.9,145.9,140.6,133.7,141.7
TOPCOAT-0023,1232,20:32,134.5,136.2,146.3,129.9,145.9,136.4,130.8,130.5,144.8,141.2,132.6,142.1
TOPCOAT-0023,1233,20:33,134.2,137.0,145.5,129.3,145.5,135.1,130.6,132.7,143.7,139.1,132.3,141.5
TOPCOAT-0023,1234,20:34,133.5,136.4,146.1,129.2,145.8,136.1,129.5,133.4,144.1,140.3,132.0,141.9
TOPCOAT-0023,1235,20:35,133.5,137.6,146.4,129.2,145.9,136.3,130.9,129.7,145.0,140.0,133.9,139.9
TOPCOAT-0023,1236,20:36,134.5,136.0,145.2,130.0,146.4,135.8,132.7,133.0,145.4,139.2,132.9,139.5
TOPCOAT-0023,1237,20:37,135.1,136.6,146.4,129.8,145.9,136.0,132.0,130.9,143.6,141.1,132.4,141.4
TOPCOAT-0023,1238,20:38,133.2,138.5,146.2,131.2,146.4,133.6,132.9,132.6,144.9,140.6,133.2,141.0
TOPCOAT-0023,1239,20:39,134.9,136.6,145.7,130.7,146.0,136.4,132.1,132.1,145.2,140.9,132.5,140.8
TOPCOAT-0023,1240,20:40,133.5,136.8,145.9,128.8,147.2,136.0,129.9,132.5,145.3,139.1,132.8,141.3
TOPCOAT-0023,1241,20:41,135.2,135.9,144.4,131.0,146.6,138.6,132.9,130.5,145.8,138.5,132.3,140.6
TOPCOAT-0023,1242,20:42,134.4,136.2,145.9,128.8,146.5,136.3,130.5,129.7,144.7,139.7,133.6,142.3
TOPCOAT-0023,1243,20:43,134.7,136.1,145.8,128.2,146.4,135.3,131.2,133.4,145.1,138.9,133.0,141.9
TOPCOAT-0023,1244,20:44,134.8,136.0,146.0,128.2,147.2,136.6,131.4,132.3,145.9,140.1,133.2,142.2
TOPCOAT-0023,1245,20:45,132.8,136.9,146.9,130.5,145.9,136.4,131.9,131.9,146.0,140.4,131.5,140.3
TOPCOAT-0023,1246,20:46,134.0,136.7,145.8,126.8,145.5,136.3,130.5,130.9,143.4,137.9,133.2,140.9
TOPCOAT-0023,1247,20:47,134.7,137.3,146.8,128.5,145.7,136.0,132.0,131.0,145.1,140.5,133.1,140.3
TOPCOAT-0023,1248,20:48,135.1,135.8,146.4,129.2,147.7,135.1,132.4,131.6,147.3,139.7,131.7,141.9
TOPCOAT-0023,1249,20:49,135.4,137.2,146.0,129.8,145.4,136.1,130.3,132.7,144.7,140.6,132.0,142.3
TOPCOAT-0023,1250,20:50,133.8,136.3,147.0,129.0,146.3,135.2,131.0,130.9,144.0,139.0,133.1,140.9
TOPCOAT-0023,1251,20:51,135.3,136.5,146.9,129.1,147.2,135.6,131.3,130.4,144.6,141.7,131.4,140.2
TOPCOAT-0023,1252,20:52,134.7,135.9,148.2,128.2,145.7,134.6,131.5,131.3,144.2,141.0,132.2,141.1
TOPCOAT-0023,1253,20:53,133.0,136.8,145.9,128.8,146.9,137.1,132.1,130.5,145.8,139.3,132.2,141.3
TOPCOAT-0023,1254,20:54,133.6,135.3,145.1,127.9,147.0,135.5,132.6,131.2,145.0,139.7,132.1,142.1
TOPCOAT-0023,1255,20:55,134.8,135.5,146.7,128.9,146.6,133.5,131.3,131.7,143.7,139.7,131.8,140.6
TOPCOAT-0023,1256,20:56,134.4,136.3,146.6,128.3,147.0,136.7,131.8,131.4,146.3,140.2,131.0,142.6
TOPCOAT-0023,1257,20:57,135.0,137.7,146.2,129.8,147.4,135.7,132.5,130.5,144.6,139.1,132.0,141.5
TOPCOAT-0023,1258,20:58,133.3,136.6,146.2,129.7,147.1,135.3,132.1,131.8,144.3,138.5,135.1,141.2
TOPCOAT-0023,1259,20:59,134.9,135.6,146.1,129.8,144.6,137.0,131.9,131.1,144.9,138.7,133.1,141.9
TOPCOAT-0023,1260,21:00,133.2,135.5,146.5,129.5,147.1,134.8,131.6,132.2,145.6,139.5,131.4,141.8
TOPCOAT-0023,1261,21:01,134.3,135.9,146.7,131.1,146.9,135.8,131.3,131.9,144.9,140.2,134.2,139.7
TOPCOAT-0023,1262,21:02,133.5,136.5,146.3,130.1,146.3,136.0,131.5,130.5,146.5,139.3,133.5,140.3
TOPCOAT-0023,1263,21:03,136.9,135.3,145.6,129.7,146.6,136.5,132.6,131.5,145.3,139.5,131.7,141.4
TOPCOAT-0023,1264,21:04,135.0,136.3,146.8,128.9,146.8,135.6,131.2,129.7,146.7,139.9,133.3,141.7
TOPCOAT-0023,1265,21:05,134.8,136.4,148.1,128.4,147.1,135.3,131.2,130.6,144.8,140.6,132.1,141.3
TOPCOAT-0023,1266,21:06,133.9,136.4,145.8,129.6,145.7,136.1,131.0,130.4,144.6,140.4,132.6,142.2
TOPCOAT-0023,1267,21:07,133.2,136.0,146.0,130.5,146.0,134.6,132.6,131.4,143.5,139.9,134.6,140.1
TOPCOAT-0023,1268,21:08,134.6,135.4,146.1,128.3,147.3,136.2,131.5,133.7,145.2,139.6,132.3,141.7
TOPCOAT-0023,1269,21:09,135.4,135.2,146.2,128.4,146.0,134.4,131.4,131.6,144.7,140.4,133.3,141.7
TOPCOAT-0023,1270,21:10,134.4,135.8,146.8,129.3,147.8,135.6,132.8,131.5,143.3,141.4,131.7,141.1
TOPCOAT-0023,1271,21:11,133.3,135.8,145.2,129.1,146.5,135.7,130.7,133.6,144.9,140.1,132.6,140.9
TOPCOAT-0023,1272,21:12,134.5,136.6,147.9,130.0,146.8,134.7,130.4,132.1,144.0,140.2,132.5,141.6
TOPCOAT-0023,1273,21:13,133.1,136.2,147.7,130.1,145.9,134.9,131.2,131.5,145.9,139.3,132.8,140.7
TOPCOAT-0023,1274,21:14,135.7,137.6,143.9,129.6,147.5,135.0,131.1,131.2,144.8,140.0,132.9,141.0
TOPCOAT-0023,1275,21:15,133.4,137.1,146.2,128.9,147.1,134.3,131.7,131.7,144.3,139.5,133.3,141.3
TOPCOAT-0023,1276,21:16,134.7,136.1,144.9,129.1,147.5,136.4,130.8,133.5,144.1,138.0,133.0,140.1
TOPCOAT-0023,1277,21:17,135.0,136.6,145.2,128.8,146.7,133.9,131.3,131.1,144.0,140.0,132.7,140.9
TOPCOAT-0023,1278,21:18,132.9,137.4,146.5,127.9,145.9,138.6,132.1,131.7,145.1,138.9,132.0,140.1
TOPCOAT-0023,1279,21:19,133.9,135.6,145.5,129.5,146.5,134.7,130.7,130.6,144.7,141.0,133.4,140.4
TOPCOAT-0023,1280,21:20,134.2,136.8,146.5,128.8,146.2,136.7,131.1,131.0,146.4,140.2,133.0,142.6
TOPCOAT-0023,1281,21:21,134.9,135.6,147.0,129.4,146.5,135.8,131.9,131.0,145.9,139.3,133.6,140.5
TOPCOAT-0023,1282,21:22,134.6,135.4,146.5,127.2,145.8,135.0,132.2,131.2,143.9,140.3,133.9,143.3
TOPCOAT-0023,1283,21:23,134.0,137.6,146.9,130.4,145.8,135.3,131.7,131.1,145.5,139.8,132.5,141.2
TOPCOAT-0023,1284,21:24,134.1,136.7,145.9,128.4,146.6,134.9,130.4,131.1,144.9,140.5,133.3,140.7
TOPCOAT-0023,1285,21:25,134.9,136.6,145.5,129.7,146.1,133.7,131.9,130.8,144.2,141.4,133.7,142.5
TOPCOAT-0023,1286,21:26,134.0,136.5,145.9,129.0,147.4,135.6,131.3,130.8,145.6,139.5,133.6,141.2
TOPCOAT-0023,1287,21:27,134.6,137.7,146.5,129.7,146.4,136.4,130.7,132.0,143.8,139.7,131.7,140.1
TOPCOAT-0023,1288,21:28,135.2,136.9,144.9,129.0,146.5,135.1,131.5,131.7,144.5,138.8,133.4,140.9
TOPCOAT-0023,1289,21:29,134.8,136.5,147.0,128.8,146.7,136.9,130.9,132.4,145.4,140.1,131.8,140.9
TOPCOAT-0023,1290,21:30,134.3,136.0,145.6,129.8,147.8,135.5,131.1,132.1,145.2,140.5,133.0,141.0
TOPCOAT-0023,1291,21:31,134.4,135.3,147.5,129.3,146.1,136.0,131.2,133.1,145.8,138.1,132.8,139.8
TOPCOAT-0023,1292,21:32,134.5,136.0,147.0,130.1,147.9,135.7,130.7,131.9,145.5,140.2,133.1,141.3
TOPCOAT-0023,1293,21:33,134.0,138.0,146.1,127.6,146.6,135.8,132.1,130.7,143.8,140.1,131.4,140.9
TOPCOAT-0023,1294,21:34,134.1,136.3,144.4,129.7,145.9,134.1,132.1,130.8,146.2,139.9,132.4,140.6
TOPCOAT-0023,1295,21:35,134.6,137.9,146.3,129.6,147.8,136.7,131.2,131.5,145.3,141.1,133.6,140.4
TOPCOAT-0023,1296,21:36,134.4,138.5,145.9,130.2,144.9,135.4,132.0,129.7,144.0,140.5,131.5,141.7
TOPCOAT-0023,1297,21:37,134.9,135.6,144.7,127.8,146.3,135.7,132.2,131.1,144.9,140.0,134.1,140.5
TOPCOAT-0023,1298,21:38,133.6,136.3,146.5,129.7,145.8,135.7,130.9,130.1,144.4,141.1,133.3,141.5
TOPCOAT-0023,1299,21:39,135.3,134.2,146.2,130.3,145.4,134.7,132.9,131.2,144.3,140.0,133.0,139.4
TOPCOAT-0023,1300,21:40,135.3,136.8,145.9,129.4,146.3,135.4,129.2,131.6,145.9,138.8,131.6,141.0
TOPCOAT-0023,1301,21:41,133.7,135.6,145.4,128.8,145.8,136.2,130.8,130.3,145.8,139.7,132.6,141.2
TOPCOAT-0023,1302,21:42,135.4,135.9,145.9,129.9,146.6,137.4,131.1,131.4,145.1,138.9,132.0,141.6
TOPCOAT-0023,1303,21:43,132.8,136.8,146.9,130.2,147.1,134.8,131.8,131.7,144.6,138.5,133.3,141.4
TOPCOAT-0023,1304,21:44,134.2,137.4,146.6,128.4,148.1,133.9,131.5,132.2,144.3,141.2,132.5,141.4
TOPCOAT-0023,1305,21:45,135.0,135.2,145.0,129.6,147.4,136.9,130.5,132.1,145.1,139.0,132.5,141.1
TOPCOAT-0023,1306,21:46,133.1,136.5,144.9,128.6,146.7,134.7,130.7,131.2,145.3,139.5,131.9,141.4
TOPCOAT-0023,1307,21:47,135.2,137.4,145.2,127.9,145.5,134.8,129.9,133.1,144.6,139.8,131.8,142.5
TOPCOAT-0023,1308,21:48,133.8,136.4,145.8,129.7,145.7,135.8,131.9,131.2,143.5,139.6,132.6,142.6
TOPCOAT-0023,1309,21:49,133.9,136.6,147.2,130.1,145.1,134.7,131.9,130.9,145.1,139.6,133.1,140.2
TOPCOAT-0023,1310,21:50,135.0,136.8,146.5,129.8,148.1,134.2,131.8,132.2,144.9,139.6,132.7,142.4
TOPCOAT-0023,1311,21:51,134.4,135.9,146.0,129.4,145.7,136.2,132.2,132.1,144.1,138.8,132.7,141.8
TOPCOAT-0023,1312,21:52,132.9,136.2,147.8,130.0,145.9,135.7,132.3,131.9,145.2,139.5,132.4,142.5
TOPCOAT-0023,1313,21:53,133.3,137.6,146.6,130.0,148.9,137.2,131.8,130.3,144.5,138.7,133.1,141.1
TOPCOAT-0023,1314,21:54,134.2,137.3,144.6,128.6,147.5,135.2,132.3,130.9,144.6,141.2,132.1,141.0
TOPCOAT-0023,1315,21:55,134.3,135.3,145.7,130.0,146.1,134.6,131.1,130.8,142.5,139.3,133.0,141.2
TOPCOAT-0023,1316,21:56,136.6,135.1,147.4,129.4,145.4,134.9,131.7,132.3,146.4,138.1,132.5,140.5
TOPCOAT-0023,1317,21:57,135.3,136.1,144.7,129.7,145.6,136.0,130.4,129.7,145.3,140.7,132.2,142.2
TOPCOAT-0023,1318,21:58,135.2,136.2,146.1,131.4,146.7,136.0,131.7,131.4,145.7,139.1,131.9,140.5
TOPCOAT-0023,1319,21:59,135.3,136.8,146.6,128.3,146.7,135.9,129.4,133.8,143.8,140.1,131.8,143.2
TOPCOAT-0023,1320,22:00,134.9,135.1,146.4,129.0,146.8,134.8,131.5,130.0,144.2,138.5,133.6,142.0
TOPCOAT-0023,1321,22:01,133.1,136.0,145.1,129.8,147.6,136.3,130.4,130.0,143.9,140.7,133.0,141.7
TOPCOAT-0023,1322,22:02,133.8,136.1,145.8,128.6,146.8,136.2,131.7,130.9,144.3,139.8,133.1,139.8
TOPCOAT-0023,1323,22:03,134.7,134.1,146.8,127.9,146.7,135.2,131.6,131.5,146.1,139.1,133.2,141.9
TOPCOAT-0023,1324,22:04,133.0,136.2,144.4,129.3,145.2,134.8,130.7,132.7,144.1,139.7,134.7,141.6
TOPCOAT-0023,1325,22:05,135.7,135.9,145.4,129.1,147.0,134.7,132.0,130.1,144.0,141.1,132.3,141.7
TOPCOAT-0023,1326,22:06,133.1,136.8,146.6,127.8,145.8,135.7,132.4,131.4,146.6,141.5,131.0,141.3
TOPCOAT-0023,1327,22:07,134.0,136.1,146.7,130.5,146.1,136.0,131.9,132.4,144.7,139.8,133.1,141.1
TOPCOAT-0023,1328,22:08,133.4,135.8,145.5,129.8,146.0,135.7,130.9,131.9,143.0,139.5,133.5,141.6
TOPCOAT-0023,1329,22:09,136.0,136.3,146.3,128.9,147.4,136.0,131.7,131.9,145.9,139.1,132.7,142.5
TOPCOAT-0023,1330,22:10,134.9,137.4,147.5,130.2,146.5,135.5,132.9,130.7,144.9,139.1,134.7,140.9
TOPCOAT-0023,1331,22:11,133.2,137.5,146.9,130.7,147.0,134.6,132.2,132.0,144.8,138.5,131.8,142.1
TOPCOAT-0023,1332,22:12,134.7,136.3,145.4,129.6,147.1,134.2,131.2,130.5,146.5,141.0,133.4,140.6
TOPCOAT-0023,1333,22:13,134.6,135.2,146.1,128.6,147.0,136.3,133.3,130.5,144.9,140.3,132.4,142.8
TOPCOAT-0023,1334,22:14,133.7,136.8,147.1,129.6,146.4,134.1,130.6,133.7,146.2,141.1,134.1,141.0
TOPCOAT-0023,1335,22:15,133.5,137.0,144.5,128.6,148.4,133.9,131.3,130.9,144.9,139.9,132.5,139.4
TOPCOAT-0023,1336,22:16,134.8,136.3,146.7,130.5,146.6,135.8,130.8,131.9,144.0,140.9,134.3,141.5
TOPCOAT-0023,1337,22:17,135.1,136.9,146.9,128.8,145.4,136.2,131.3,129.9,144.8,140.0,132.7,142.9
TOPCOAT-0023,1338,22:18,134.4,136.8,145.6,130.2,146.5,134.7,132.0,130.8,144.5,138.8,132.2,140.9
TOPCOAT-0023,1339,22:19,134.2,135.4,145.4,128.8,147.8,136.1,131.2,131.0,145.5,140.0,132.5,142.2
TOPCOAT-0023,1340,22:20,135.5,137.1,145.5,130.4,146.5,134.8,132.2,130.4,144.6,139.5,133.8,142.0
TOPCOAT-0023,1341,22:21,133.9,136.2,146.0,130.0,146.8,136.8,129.1,130.8,146.0,139.8,133.6,142.5
TOPCOAT-0023,1342,22:22,134.5,134.6,145.8,129.4,147.0,136.6,130.7,132.6,146.1,141.4,133.2,139.7
TOPCOAT-0023,1343,22:23,134.3,136.7,146.3,130.1,147.0,135.5,131.6,133.1,144.2,138.7,132.9,141.6
TOPCOAT-0023,1344,22:24,133.9,137.1,146.5,128.6,148.2,136.9,130.7,132.1,144.0,140.6,133.6,140.7
TOPCOAT-0023,1345,22:25,134.5,135.6,144.8,128.8,146.5,136.9,130.5,131.2,144.3,141.0,132.6,141.4
TOPCOAT-0023,1346,22:26,133.6,137.2,146.5,128.1,146.0,134.4,130.9,131.3,145.5,139.9,134.2,141.3
TOPCOAT-0023,1347,22:27,133.8,137.3,146.8,129.8,146.5,136.1,131.6,130.9,144.2,140.5,131.7,140.4
TOPCOAT-0023,1348,22:28,134.2,136.2,145.6,129.5,146.2,134.5,130.9,131.1,143.9,139.8,132.7,140.8
TOPCOAT-0023,1349,22:29,132.7,136.9,146.6,129.6,146.2,137.2,130.5,130.3,144.9,139.6,133.6,139.7
TOPCOAT-0023,1350,22:30,133.7,138.6,145.7,129.5,145.5,136.2,131.7,131.6,144.5,139.5,133.6,139.9
TOPCOAT-0023,1351,22:31,135.1,135.9,146.2,129.1,147.6,136.3,131.3,132.0,145.6,140.2,132.6,141.8
TOPCOAT-0023,1352,22:32,135.8,137.3,146.9,130.6,146.5,135.9,130.8,130.1,146.1,139.9,132.5,141.8
TOPCOAT-0023,1353,22:33,135.7,136.4,145.6,128.0,146.1,136.4,131.1,131.3,143.1,142.0,131.9,141.3
TOPCOAT-0023,1354,22:34,134.6,136.8,146.6,129.2,146.2,136.5,131.3,132.6,145.7,141.0,132.5,140.4
TOPCOAT-0023,1355,22:35,135.3,135.6,146.5,129.6,146.4,136.9,132.5,130.6,145.9,141.0,133.2,140.4
TOPCOAT-0023,1356,22:36,134.1,136.3,145.7,129.8,148.3,134.5,129.3,131.0,144.1,139.6,131.0,140.3
TOPCOAT-0023,1357,22:37,134.7,135.6,145.3,128.9,146.8,136.6,131.2,131.8,144.8,139.9,133.8,141.2
TOPCOAT-0023,1358,22:38,133.2,136.4,145.2,130.3,145.8,136.0,132.1,131.1,144.9,140.0,133.8,141.9
TOPCOAT-0023,1359,22:39,134.3,136.6,144.1,129.5,146.1,137.1,129.9,130.2,143.7,137.9,133.0,141.8
TOPCOAT-0023,1360,22:40,134.4,137.0,144.4,129.8,146.6,134.7,133.0,132.3,144.5,140.9,132.2,141.1
TOPCOAT-0023,1361,22:41,134.0,137.6,145.3,128.7,145.9,135.5,132.2,131.4,145.3,139.9,131.2,142.0
TOPCOAT-0023,1362,22:42,133.2,138.6,146.0,130.8,146.3,134.6,132.5,133.1,144.9,140.9,133.0,140.5
TOPCOAT-0023,1363,22:43,133.4,136.6,147.3,128.3,147.2,136.9,131.0,132.3,145.6,140.8,132.1,142.0
TOPCOAT-0023,1364,22:44,135.3,134.2,145.8,129.4,146.9,136.1,131.2,133.7,145.2,139.7,132.8,142.1
TOPCOAT-0023,1365,22:45,136.5,136.9,144.9,128.5,146.8,136.8,130.2,130.3,144.3,139.7,132.0,142.1
TOPCOAT-0023,1366,22:46,136.4,137.2,144.7,130.6,146.0,135.7,132.2,131.1,143.8,139.5,131.3,142.5
TOPCOAT-0023,1367,22:47,133.9,134.8,147.4,128.6,147.6,136.5,132.2,130.6,143.6,140.6,132.6,139.9
TOPCOAT-0023,1368,22:48,134.7,138.0,146.6,131.3,146.3,136.4,130.5,131.5,142.3,140.7,131.8,142.6
TOPCOAT-0023,1369,22:49,133.8,137.6,145.1,130.6,145.8,134.4,132.1,132.1,145.2,141.7,134.2,140.6
TOPCOAT-0023,1370,22:50,135.5,138.1,147.1,128.7,146.4,136.8,132.1,131.9,144.6,139.7,133.2,141.4
TOPCOAT-0023,1371,22:51,135.2,134.8,146.4,127.8,146.8,136.9,130.7,130.8,145.2,141.6,131.8,140.2
TOPCOAT-0023,1372,22:52,135.7,135.7,145.2,129.4,148.1,135.4,131.8,131.9,144.5,139.9,135.7,141.2
TOPCOAT-0023,1373,22:53,133.4,136.8,146.1,130.7,146.4,134.8,131.6,130.7,142.8,139.4,132.1,142.2
TOPCOAT-0023,1374,22:54,133.2,136.3,146.4,129.7,146.4,136.6,131.8,129.7,143.6,140.1,133.0,140.4
TOPCOAT-0023,1375,22:55,133.6,136.8,146.0,129.8,145.7,134.5,133.1,130.0,144.5,141.4,131.7,140.6
TOPCOAT-0023,1376,22:56,133.8,135.4,146.7,129.8,147.1,136.1,130.9,131.1,145.5,140.0,133.3,142.0
TOPCOAT-0023,1377,22:57,133.7,137.5,145.7,129.7,146.4,135.4,130.9,130.2,145.6,140.3,133.3,140.6
TOPCOAT-0023,1378,22:58,135.1,136.8,146.4,130.6,146.3,136.7,129.9,132.3,144.8,138.7,132.0,142.9
TOPCOAT-0023,1379,22:59,134.2,135.5,145.8,129.0,148.1,135.7,131.1,131.4,145.9,139.5,132.2,142.0
TOPCOAT-0023,1380,23:00,134.0,136.4,145.8,130.1,146.6,135.7,132.2,131.8,144.9,140.7,133.9,140.9
TOPCOAT-0023,1381,23:01,134.8,136.2,147.3,130.3,146.3,135.2,132.0,131.4,145.7,139.8,134.2,140.6
TOPCOAT-0023,1382,23:02,134.2,136.3,145.2,129.1,146.5,134.5,131.4,131.5,144.0,140.9,131.7,141.5
TOPCOAT-0023,1383,23:03,133.6,136.5,145.9,129.3,146.5,134.8,130.9,129.4,144.4,139.8,132.1,141.9
TOPCOAT-0023,1384,23:04,133.1,136.5,144.9,130.8,147.2,135.7,132.0,132.0,145.5,140.0,132.1,141.4
TOPCOAT-0023,1385,23:05,134.8,136.8,146.8,128.2,145.6,135.9,131.8,131.8,144.9,138.8,132.8,141.5
TOPCOAT-0023,1386,23:06,133.6,136.6,145.3,128.7,144.7,135.1,131.4,131.4,144.8,138.7,133.2,142.0
TOPCOAT-0023,1387,23:07,135.2,135.9,145.5,130.3,146.3,136.7,132.1,131.4,144.7,139.8,131.3,141.7
TOPCOAT-0023,1388,23:08,133.7,136.0,146.9,129.4,146.6,135.7,132.3,131.4,146.3,140.2,131.7,141.2
TOPCOAT-0023,1389,23:09,134.0,136.3,145.8,129.4,146.7,135.2,131.5,133.3,143.8,138.9,131.4,141.4
TOPCOAT-0023,1390,23:10,134.1,137.1,144.7,130.0,147.3,134.9,130.8,131.2,144.5,139.9,131.5,141.2
TOPCOAT-0023,1391,23:11,134.5,134.7,146.9,130.1,145.8,134.8,132.0,132.8,144.8,140.9,132.6,141.6
TOPCOAT-0023,1392,23:12,135.0,137.3,146.3,130.1,145.8,135.4,130.6,130.2,145.0,137.2,133.0,140.0
TOPCOAT-0023,1393,23:13,133.4,136.7,147.8,129.6,146.3,135.4,132.0,131.1,144.4,139.4,132.2,141.2
TOPCOAT-0023,1394,23:14,135.4,137.7,146.5,129.2,146.7,137.1,131.2,130.8,145.8,140.8,133.6,142.6
TOPCOAT-0023,1395,23:15,132.4,136.3,146.8,128.6,145.5,134.9,131.4,131.4,144.7,141.4,132.5,139.8
TOPCOAT-0023,1396,23:16,135.8,136.2,145.8,130.5,145.9,134.4,131.1,131.0,145.6,139.5,134.3,141.3
TOPCOAT-0023,1397,23:17,134.3,136.3,146.3,129.5,147.4,134.6,130.9,131.8,144.3,140.7,132.9,140.9
TOPCOAT-0023,1398,23:18,132.9,135.8,145.2,130.1,145.3,135.5,130.6,130.2,144.8,140.1,133.2,141.4
TOPCOAT-0023,1399,23:19,134.1,135.4,145.8,128.5,147.5,136.3,131.4,131.8,145.1,140.6,132.5,140.4
TOPCOAT-0023,1400,23:20,134.0,136.7,147.5,127.8,145.8,136.7,131.5,131.3,144.8,140.6,132.4,142.2
TOPCOAT-0023,1401,23:21,134.6,135.9,145.9,128.8,145.5,136.4,131.8,131.4,145.7,141.4,133.6,141.0
TOPCOAT-0023,1402,23:22,134.5,137.0,144.2,128.1,146.4,136.8,129.8,130.6,144.2,140.5,133.0,142.1
TOPCOAT-0023,1403,23:23,133.6,136.0,145.6,128.7,145.1,133.9,131.5,131.8,144.9,140.0,132.5,139.3
TOPCOAT-0023,1404,23:24,134.5,136.4,146.6,128.2,146.6,136.3,132.4,131.7,143.9,139.3,134.2,140.2
TOPCOAT-0023,1405,23:25,134.2,136.8,146.5,129.8,146.9,137.2,131.8,131.2,145.4,139.9,132.1,142.4
TOPCOAT-0023,1406,23:26,133.9,135.3,145.7,129.3,144.6,136.6,131.1,131.1,144.8,140.1,132.3,141.5
TOPCOAT-0023,1407,23:27,135.9,137.6,146.9,130.3,147.1,135.5,130.9,131.7,146.5,138.7,132.3,140.6
TOPCOAT-0023,1408,23:28,134.3,136.0,148.3,130.3,145.2,135.3,130.6,130.3,146.4,141.1,132.5,140.8
TOPCOAT-0023,1409,23:29,134.5,137.6,145.5,130.8,146.5,135.6,130.9,131.8,144.7,141.5,133.2,141.5
TOPCOAT-0023,1410,23:30,134.3,137.1,146.0,129.5,146.7,134.8,128.8,129.5,146.3,140.9,133.0,140.9
TOPCOAT-0023,1411,23:31,135.0,135.4,145.2,129.2,145.9,135.6,131.8,130.9,145.6,140.4,133.1,140.0
TOPCOAT-0023,1412,23:32,135.0,135.1,146.8,130.4,146.9,134.3,132.0,130.9,145.2,140.3,133.6,142.4
TOPCOAT-0023,1413,23:33,134.1,136.6,145.0,130.0,145.3,137.3,131.8,131.7,145.2,139.0,132.6,141.0
TOPCOAT-0023,1414,23:34,134.9,136.3,145.9,128.8,145.8,135.6,132.3,130.8,145.2,139.6,133.7,142.3
TOPCOAT-0023,1415,23:35,134.3,136.8,147.1,130.3,148.9,134.7,131.8,133.6,144.2,140.0,132.3,142.9
TOPCOAT-0023,1416,23:36,134.1,136.0,147.1,128.6,145.9,137.5,131.9,130.9,144.0,139.1,132.5,142.5
TOPCOAT-0023,1417,23:37,133.6,136.1,146.1,129.0,146.3,134.1,132.6,131.9,144.4,139.9,132.8,142.3
TOPCOAT-0023,1418,23:38,134.1,137.8,145.5,128.5,146.4,137.1,131.8,130.3,145.8,142.1,133.2,140.7
TOPCOAT-0023,1419,23:39,134.3,136.8,146.5,130.6,146.3,137.6,131.5,131.8,143.6,140.6,132.5,141.9
TOPCOAT-0023,1420,23:40,133.4,136.6,146.5,129.9,146.5,135.9,130.9,131.6,145.4,139.9,133.6,142.2
TOPCOAT-0023,1421,23:41,134.0,137.9,146.5,129.4,146.6,135.9,131.8,131.0,143.6,139.8,133.2,142.0
TOPCOAT-0023,1422,23:42,135.2,136.8,148.0,128.6,146.4,137.2,131.5,132.0,145.1,140.0,131.8,141.1
TOPCOAT-0023,1423,23:43,133.8,136.1,146.4,128.9,146.7,135.5,132.3,131.7,145.6,140.5,131.9,143.4
TOPCOAT-0023,1424,23:44,135.4,136.6,146.9,129.6,148.0,135.6,130.9,132.1,144.8,141.0,132.9,141.6
TOPCOAT-0023,1425,23:45,134.3,138.2,147.8,129.9,147.4,137.5,131.4,130.3,145.3,139.8,132.0,140.4
TOPCOAT-0023,1426,23:46,135.2,136.4,145.0,130.1,147.4,136.2,130.5,132.4,144.1,140.4,133.6,140.3
TOPCOAT-0023,1427,23:47,133.8,137.7,145.9,128.0,145.7,136.0,132.2,131.9,146.2,140.6,132.6,140.8
TOPCOAT-0023,1428,23:48,132.8,135.6,146.8,129.6,146.8,133.8,131.6,130.6,143.2,141.2,133.6,139.5
TOPCOAT-0023,1429,23:49,134.3,136.5,147.0,129.6,145.9,135.2,131.5,131.8,146.0,140.6,132.6,142.4
TOPCOAT-0023,1430,23:50,134.7,135.5,146.0,129.1,145.5,136.1,130.5,131.3,144.2,140.1,131.8,141.4
TOPCOAT-0023,1431,23:51,134.7,136.0,146.1,130.4,145.1,135.1,131.1,131.8,144.8,139.3,132.5,142.4
TOPCOAT-0023,1432,23:52,133.6,137.8,145.5,129.1,146.1,134.8,131.6,130.8,144.2,139.4,134.2,141.9
TOPCOAT-0023,1433,23:53,134.4,137.4,146.3,128.7,146.1,135.8,133.1,130.8,144.8,140.0,132.4,141.1
TOPCOAT-0023,1434,23:54,134.4,135.9,144.4,130.2,146.1,135.2,130.5,132.6,146.3,139.8,131.5,140.3
TOPCOAT-0023,1435,23:55,135.3,137.5,144.2,127.7,146.8,134.8,132.9,132.0,145.4,139.2,132.4,143.1
TOPCOAT-0023,1436,23:56,133.9,136.7,145.8,130.3,145.6,135.4,131.9,131.2,143.4,139.9,132.6,139.3
TOPCOAT-0023,1437,23:57,134.4,137.6,145.3,129.1,146.2,135.9,132.9,130.2,144.8,140.5,131.2,142.9
TOPCOAT-0023,1438,23:58,134.6,136.7,145.2,129.8,146.4,136.0,132.4,130.4,145.8,139.8,133.0,140.2
TOPCOAT-0023,1439,23:59,133.5,137.8,145.7,128.4,147.9,135.8,130.8,129.2,144.1,140.5,132.9,140.3
TOPCOAT-0023,1440,24:00,134.2,135.7,145.7,130.0,146.2,135.4,130.7,131.8,145.3,141.5,133.6,141.0
TOPCOAT-0023,1441,24:01,134.3,137.5,146.2,128.4,145.3,136.4,132.0,130.8,145.8,139.4,132.4,141.2
TOPCOAT-0023,1442,24:02,133.6,136.8,143.7,129.7,145.5,135.2,130.9,130.4,144.6,140.4,133.2,141.3
TOPCOAT-0023,1443,24:03,131.8,135.7,146.0,130.3,145.3,135.6,131.1,132.8,145.4,140.8,133.0,141.9
TOPCOAT-0023,1444,24:04,135.5,136.7,145.9,130.1,146.5,136.0,131.6,132.1,145.3,139.1,133.7,143.3
TOPCOAT-0023,1445,24:05,134.9,136.6,146.5,129.4,147.0,135.7,132.0,132.6,146.1,140.5,132.8,141.5
TOPCOAT-0023,1446,24:06,133.2,136.7,146.1,131.4,147.4,134.2,131.3,131.8,144.5,140.2,132.1,142.3
TOPCOAT-0023,1447,24:07,135.3,136.6,146.3,130.1,146.9,135.9,130.6,131.3,146.1,140.0,133.7,141.2
TOPCOAT-0023,1448,24:08,134.1,136.4,145.8,129.4,146.7,136.2,131.3,131.0,144.0,141.3,133.3,140.3
TOPCOAT-0023,1449,24:09,133.7,137.5,146.1,129.2,146.8,135.4,132.8,130.6,144.3,139.5,132.4,140.2
TOPCOAT-0023,1450,24:10,133.6,136.6,146.9,129.5,146.5,136.2,131.6,131.6,144.6,139.1,133.3,141.7
TOPCOAT-0023,1451,24:11,133.5,135.9,146.4,129.9,146.8,135.7,130.6,132.0,144.4,138.9,131.7,141.5
TOPCOAT-0023,1452,24:12,133.6,134.7,144.2,130.5,146.9,136.2,133.5,131.7,144.8,139.3,131.2,141.7
TOPCOAT-0023,1453,24:13,134.0,137.9,145.9,130.4,146.4,136.1,131.4,131.1,143.9,140.1,133.8,142.1
TOPCOAT-0023,1454,24:14,134.1,137.3,147.0,129.1,146.8,136.0,131.2,132.0,145.3,139.5,132.5,142.9
TOPCOAT-0023,1455,24:15,134.3,136.7,146.3,129.5,148.0,135.5,131.7,130.8,145.6,140.5,132.1,141.3
TOPCOAT-0023,1456,24:16,133.6,137.5,145.5,131.3,147.2,135.9,132.2,131.9,145.5,139.9,132.9,141.8
TOPCOAT-0023,1457,24:17,133.7,137.3,145.4,130.5,146.9,135.3,131.1,133.5,145.7,139.3,131.5,141.2
TOPCOAT-0023,1458,24:18,134.1,137.0,145.1,129.4,146.8,136.5,130.4,130.7,144.9,140.8,132.6,141.0
TOPCOAT-0023,1459,24:19,134.5,136.7,145.2,127.7,145.6,135.3,131.1,130.7,146.1,139.5,131.4,141.7
TOPCOAT-0023,1460,24:20,132.2,136.0,146.1,128.5,147.5,135.4,132.3,132.5,144.7,140.3,132.9,141.5
TOPCOAT-0023,1461,24:21,133.7,136.0,147.7,128.9,144.7,134.7,133.1,130.9,145.3,140.0,133.2,140.8
TOPCOAT-0023,1462,24:22,135.1,136.8,145.9,128.5,146.6,135.2,132.1,129.6,146.3,139.0,132.3,140.7
TOPCOAT-0023,1463,24:23,135.8,137.2,145.3,130.5,144.3,137.3,130.7,131.0,145.6,140.5,132.0,143.1
TOPCOAT-0023,1464,24:24,134.4,138.9,146.5,128.0,145.0,137.1,130.4,131.8,143.7,139.5,132.9,142.4
TOPCOAT-0023,1465,24:25,133.5,137.1,147.3,130.4,146.1,134.9,132.1,130.6,144.4,140.0,132.8,141.1
TOPCOAT-0023,1466,24:26,135.0,136.5,146.0,130.6,145.9,136.9,131.1,130.8,145.5,140.3,132.4,142.5
TOPCOAT-0023,1467,24:27,134.8,135.6,145.9,129.2,146.5,135.4,129.9,131.6,145.3,140.3,131.5,141.0
TOPCOAT-0023,1468,24:28,134.2,136.2,146.1,129.8,146.1,136.3,132.3,131.9,144.0,139.6,133.5,141.2
TOPCOAT-0023,1469,24:29,133.5,136.5,145.7,127.8,146.2,136.2,131.2,131.9,144.4,140.0,131.2,141.0
TOPCOAT-0023,1470,24:30,135.0,135.7,146.0,130.7,146.3,136.1,131.8,129.6,145.0,141.1,132.9,141.5
TOPCOAT-0023,1471,24:31,133.5,136.5,145.2,129.5,147.3,135.8,131.5,130.7,146.3,139.9,133.9,141.0
TOPCOAT-0023,1472,24:32,133.8,138.2,145.5,128.3,146.6,136.1,132.7,130.9,145.4,139.4,133.0,143.0
TOPCOAT-0023,1473,24:33,135.7,137.0,144.6,130.1,146.5,135.9,132.4,131.9,145.7,139.8,132.3,141.0
TOPCOAT-0023,1474,24:34,134.1,135.7,147.2,130.4,146.4,135.8,133.4,130.8,145.2,139.7,131.8,139.8
TOPCOAT-0023,1475,24:35,133.4,136.2,145.0,129.4,147.3,135.0,133.1,131.2,143.7,138.7,132.6,143.0
TOPCOAT-0023,1476,24:36,135.0,135.3,145.5,129.5,146.0,135.6,133.3,131.3,143.7,139.7,132.5,141.3
TOPCOAT-0023,1477,24:37,135.2,136.3,145.2,128.2,146.0,134.8,130.8,130.7,145.2,139.8,133.7,141.0
TOPCOAT-0023,1478,24:38,136.6,138.2,145.8,130.4,147.0,134.2,130.8,131.8,145.3,140.3,134.4,142.2
TOPCOAT-0023,1479,24:39,133.2,136.9,144.7,130.5,147.3,135.6,132.7,131.6,146.3,139.6,132.4,141.5
TOPCOAT-0023,1480,24:40,134.7,135.0,146.6,128.7,147.8,136.7,130.5,131.7,145.4,140.5,131.6,142.1
TOPCOAT-0023,1481,24:41,133.9,135.8,146.6,128.3,145.0,136.4,131.0,130.8,144.3,138.9,135.2,140.8
TOPCOAT-0023,1482,24:42,134.8,136.3,146.1,128.1,147.6,135.7,131.1,130.7,145.7,139.8,134.0,140.9
TOPCOAT-0023,1483,24:43,134.0,137.2,146.2,129.9,147.4,134.7,130.9,132.4,145.2,140.0,134.6,142.0
TOPCOAT-0023,1484,24:44,133.8,134.9,146.5,129.9,146.7,135.1,132.2,131.4,144.0,139.6,131.1,144.4
TOPCOAT-0023,1485,24:45,134.0,134.6,144.9,129.0,145.5,135.4,131.0,132.3,143.4,141.2,133.2,141.2
TOPCOAT-0023,1486,24:46,134.3,137.7,146.1,129.3,147.2,133.7,131.6,131.9,145.3,140.0,131.2,141.6
TOPCOAT-0023,1487,24:47,134.4,136.4,145.4,128.7,147.4,134.8,129.2,131.5,144.1,138.7,133.2,143.6
TOPCOAT-0023,1488,24:48,134.5,135.1,146.5,129.1,145.1,135.3,129.5,131.7,144.6,139.8,132.6,141.3
TOPCOAT-0023,1489,24:49,133.3,136.0,147.0,130.2,146.1,135.3,129.7,132.5,145.5,139.7,134.4,141.0
TOPCOAT-0023,1490,24:50,134.0,135.7,145.6,129.6,146.5,135.4,130.2,131.2,144.8,141.3,133.4,141.6
TOPCOAT-0023,1491,24:51,134.7,136.1,146.5,130.0,145.6,134.5,131.4,130.6,144.4,140.4,131.9,141.3
TOPCOAT-0023,1492,24:52,135.0,136.2,145.9,129.7,145.7,135.7,130.2,130.5,146.7,140.3,134.0,139.9
TOPCOAT-0023,1493,24:53,134.8,136.5,145.6,129.7,146.5,133.7,131.1,131.6,146.0,140.7,132.2,140.9
TOPCOAT-0023,1494,24:54,136.8,135.2,144.9,129.3,147.3,137.6,131.9,130.5,144.6,139.9,132.1,142.5
TOPCOAT-0023,1495,24:55,136.3,136.4,146.9,129.5,146.0,135.2,129.9,130.5,144.2,140.2,133.7,141.7
TOPCOAT-0023,1496,24:56,133.3,136.2,145.9,129.8,144.8,135.3,130.3,131.7,144.8,141.7,133.9,140.6
TOPCOAT-0023,1497,24:57,135.7,136.0,145.8,129.4,146.2,135.4,131.6,131.2,144.8,141.2,133.2,142.1
TOPCOAT-0023,1498,24:58,134.8,135.3,148.0,129.0,146.9,135.2,131.1,131.3,144.5,139.7,132.9,141.9
TOPCOAT-0023,1499,24:59,135.1,135.9,146.3,128.9,148.1,134.4,132.5,131.2,146.1,140.2,134.5,141.6
TOPCOAT-0023,1500,25:00,135.7,135.4,145.9,129.7,146.1,135.3,131.0,130.0,144.7,139.1,133.7,141.0
TOPCOAT-0023,1501,25:01,134.9,136.0,145.8,128.8,146.8,136.8,130.2,132.7,144.5,139.8,133.2,140.6
TOPCOAT-0023,1502,25:02,132.7,137.0,145.5,128.7,146.1,135.9,131.8,131.5,144.8,140.2,133.0,141.8
TOPCOAT-0023,1503,25:03,134.4,136.7,145.9,129.1,148.0,135.7,131.4,132.4,145.2,138.0,131.8,140.3
TOPCOAT-0023,1504,25:04,132.9,135.9,144.5,128.9,147.0,135.1,131.7,131.3,144.2,139.7,132.3,141.7
TOPCOAT-0023,1505,25:05,132.8,136.8,147.1,129.4,147.2,136.0,131.0,130.4,144.0,141.4,134.4,141.3
TOPCOAT-0023,1506,25:06,134.8,135.6,145.6,129.1,146.0,134.1,131.6,132.0,146.4,139.7,133.1,141.4
TOPCOAT-0023,1507,25:07,133.3,137.5,145.9,130.0,146.8,135.0,130.4,130.2,144.7,140.7,132.0,140.6
TOPCOAT-0023,1508,25:08,134.8,137.9,146.0,129.4,145.8,136.2,129.6,131.6,145.7,141.3,132.2,141.7
TOPCOAT-0023,1509,25:09,133.7,135.1,146.1,129.2,144.8,136.2,131.6,132.3,144.1,138.9,130.7,140.8
TOPCOAT-0023,1510,25:10,134.4,135.6,147.5,129.5,145.1,135.5,130.8,132.1,145.6,140.7,133.1,140.7
TOPCOAT-0023,1511,25:11,133.5,136.6,146.8,130.1,145.3,135.6,132.3,130.7,145.8,138.8,131.4,141.4
TOPCOAT-0023,1512,25:12,134.1,137.6,145.6,129.3,146.5,135.1,131.8,130.8,143.4,139.7,133.9,141.8
TOPCOAT-0023,1513,25:13,135.6,135.4,144.6,130.0,144.6,136.9,132.7,130.8,145.3,139.7,132.2,140.7
TOPCOAT-0023,1514,25:14,135.2,136.7,146.5,130.8,146.2,134.7,132.4,131.8,144.5,139.5,132.1,141.5
TOPCOAT-0023,1515,25:15,134.4,137.7,144.8,130.1,147.4,135.8,129.5,132.0,145.0,139.9,132.8,140.9
TOPCOAT-0023,1516,25:16,134.3,136.1,145.9,130.0,146.2,136.4,130.1,131.8,144.3,140.3,132.4,140.2
TOPCOAT-0023,1517,25:17,136.6,135.6,145.8,129.9,145.8,135.2,130.8,131.4,145.1,140.2,132.6,143.1
TOPCOAT-0023,1518,25:18,134.6,135.0,146.3,129.9,147.0,133.9,130.8,132.1,146.3,140.1,132.6,140.1
TOPCOAT-0023,1519,25:19,132.6,135.4,147.2,128.5,146.3,135.5,132.0,130.2,144.9,140.0,132.3,141.5
TOPCOAT-0023,1520,25:20,135.6,137.9,144.0,131.0,146.9,135.4,131.4,132.4,145.0,139.9,132.7,141.1
TOPCOAT-0023,1521,25:21,133.4,138.2,145.1,130.0,146.6,136.3,130.3,132.0,143.3,140.2,131.9,141.1
TOPCOAT-0023,1522,25:22,134.0,135.7,147.2,129.3,146.8,137.6,132.2,131.4,144.8,139.6,131.5,141.9
TOPCOAT-0023,1523,25:23,132.6,135.2,145.4,128.8,146.1,135.9,131.8,131.9,144.9,141.4,132.0,141.4
TOPCOAT-0023,1524,25:24,136.1,137.0,145.4,130.8,146.2,135.0,130.8,132.5,143.5,139.8,132.7,142.6
TOPCOAT-0023,1525,25:25,134.7,137.2,146.4,128.8,145.6,137.0,131.3,131.5,144.6,140.8,133.8,141.6
TOPCOAT-0023,1526,25:26,134.4,136.3,145.8,130.2,146.0,135.6,132.7,131.4,144.2,139.9,132.8,141.5
TOPCOAT-0023,1527,25:27,134.4,136.0,146.7,129.4,147.0,136.2,132.3,131.2,144.8,140.5,132.7,141.0
TOPCOAT-0023,1528,25:28,137.7,136.9,146.8,129.9,147.6,135.8,130.4,132.3,144.7,139.8,133.2,141.4
TOPCOAT-0023,1529,25:29,133.0,137.1,145.7,128.8,146.0,134.3,131.9,130.2,146.2,140.1,132.9,141.0
TOPCOAT-0023,1530,25:30,134.2,136.7,145.1,129.7,145.4,134.7,130.2,132.0,144.1,140.5,133.8,141.7
TOPCOAT-0023,1531,25:31,134.6,135.7,144.9,130.3,146.9,135.5,131.4,129.5,144.4,140.4,132.4,142.4
TOPCOAT-0023,1532,25:32,135.2,136.1,147.2,129.3,145.6,134.8,130.6,130.4,145.5,139.8,133.5,141.7
TOPCOAT-0023,1533,25:33,133.9,134.3,145.0,128.8,147.0,134.0,131.6,131.9,148.3,141.1,133.4,140.3
TOPCOAT-0023,1534,25:34,134.7,135.0,145.9,129.2,147.4,135.6,132.4,131.7,145.2,140.1,132.2,141.6
TOPCOAT-0023,1535,25:35,133.1,135.7,146.0,127.6,147.0,135.7,132.2,131.2,144.3,141.5,133.7,140.7
TOPCOAT-0023,1536,25:36,135.1,135.9,146.8,129.2,145.2,136.8,131.8,132.4,144.9,140.6,133.5,141.3
TOPCOAT-0023,1537,25:37,133.4,136.1,146.0,129.3,146.8,135.6,131.5,131.2,144.7,140.5,132.8,140.8
TOPCOAT-0023,1538,25:38,133.9,137.4,146.3,129.5,144.6,136.4,131.0,131.4,144.7,139.7,133.3,141.6
TOPCOAT-0023,1539,25:39,136.1,136.6,145.8,127.9,147.0,135.8,131.9,132.0,143.7,138.7,133.1,142.0
TOPCOAT-0023,1540,25:40,133.7,137.2,145.7,130.5,146.3,137.0,131.2,130.4,146.0,139.7,131.1,140.8
TOPCOAT-0023,1541,25:41,133.5,136.2,145.6,130.0,146.4,134.4,129.0,132.3,144.7,141.0,134.3,141.2
TOPCOAT-0023,1542,25:42,133.8,136.0,146.3,129.6,146.7,137.4,130.8,131.6,143.2,140.2,134.2,141.8
TOPCOAT-0023,1543,25:43,134.0,137.0,144.1,128.2,147.1,136.4,129.6,132.4,145.6,139.9,133.7,142.8
TOPCOAT-0023,1544,25:44,134.1,134.8,145.5,129.6,146.7,135.8,133.7,130.9,146.0,139.2,132.0,141.7
TOPCOAT-0023,1545,25:45,133.2,136.1,146.7,129.0,146.9,135.8,132.5,131.9,143.4,138.5,131.8,141.5
TOPCOAT-0023,1546,25:46,134.1,136.3,145.7,129.8,146.4,136.2,130.7,130.4,145.7,140.1,133.0,141.9
TOPCOAT-0023,1547,25:47,134.8,137.6,145.7,129.1,148.4,135.4,132.4,130.9,144.6,138.0,132.3,141.9
TOPCOAT-0023,1548,25:48,134.2,136.8,146.2,131.0,146.1,135.2,132.2,130.1,144.1,139.4,131.6,140.8
TOPCOAT-0023,1549,25:49,133.9,136.1,146.0,130.6,146.4,136.9,130.5,133.0,143.6,140.0,133.3,141.9
TOPCOAT-0023,1550,25:50,133.7,136.2,146.6,129.7,145.9,135.4,130.9,129.8,145.0,139.5,132.8,142.0
TOPCOAT-0023,1551,25:51,135.4,137.1,148.3,128.9,146.1,134.7,131.4,130.4,146.1,139.1,130.7,139.8
TOPCOAT-0023,1552,25:52,133.5,136.2,146.1,129.6,148.2,135.2,132.6,131.5,145.7,140.8,132.7,140.5
TOPCOAT-0023,1553,25:53,134.1,136.7,146.9,129.5,147.6,134.7,130.1,129.6,145.4,140.5,133.0,141.1
TOPCOAT-0023,1554,25:54,133.5,137.3,146.4,131.2,148.2,135.7,132.1,130.1,144.1,138.9,132.2,142.0
TOPCOAT-0023,1555,25:55,134.4,136.5,145.8,129.7,146.0,135.8,132.2,132.1,146.1,140.0,132.9,141.3
TOPCOAT-0023,1556,25:56,133.9,135.1,145.8,129.0,147.4,135.6,131.3,131.5,145.8,140.1,133.6,142.3
TOPCOAT-0023,1557,25:57,135.6,135.2,146.3,131.0,146.6,136.6,131.3,132.0,145.8,139.7,131.7,140.7
TOPCOAT-0023,1558,25:58,135.0,136.6,146.5,130.5,147.0,136.0,131.8,131.8,145.1,138.4,131.9,140.3
TOPCOAT-0023,1559,25:59,134.2,137.2,145.0,130.0,145.9,135.8,131.1,133.4,146.2,140.0,134.3,143.5
TOPCOAT-0023,1560,26:00,133.6,135.2,145.7,129.7,145.1,135.3,131.0,133.0,144.2,140.9,132.4,141.7
TOPCOAT-0023,1561,26:01,135.0,137.9,146.3,128.7,145.2,136.2,131.1,131.7,144.2,138.7,133.0,141.0
TOPCOAT-0023,1562,26:02,134.7,137.0,147.0,130.2,145.9,137.0,130.8,132.2,145.1,140.8,133.0,139.5
TOPCOAT-0023,1563,26:03,136.1,136.2,145.6,128.7,148.1,135.5,130.6,130.1,145.3,137.7,131.6,140.8
TOPCOAT-0023,1564,26:04,134.5,136.7,147.9,130.2,146.5,135.8,132.8,132.2,144.3,141.8,132.6,141.5
TOPCOAT-0023,1565,26:05,133.7,135.5,146.6,127.8,147.6,134.5,130.5,133.0,145.2,140.5,131.6,140.8
TOPCOAT-0023,1566,26:06,133.5,137.8,147.5,130.8,146.7,134.8,132.2,132.3,144.9,141.4,133.2,141.3
TOPCOAT-0023,1567,26:07,134.2,136.4,147.5,129.1,146.7,135.2,132.3,130.0,144.3,140.8,133.2,141.5
TOPCOAT-0023,1568,26:08,133.9,136.8,145.5,130.3,146.5,135.1,132.3,131.2,143.1,139.1,133.2,142.0
TOPCOAT-0023,1569,26:09,134.9,136.1,146.9,129.7,148.1,135.5,131.3,130.5,145.5,137.9,132.5,140.8
TOPCOAT-0023,1570,26:10,136.7,135.9,147.8,130.7,146.4,135.7,132.1,131.7,146.1,140.6,132.9,141.0
TOPCOAT-0023,1571,26:11,134.9,136.8,146.8,130.1,147.3,135.6,130.3,130.5,144.8,140.0,131.9,139.7
TOPCOAT-0023,1572,26:12,133.7,135.1,144.8,129.4,145.2,136.0,130.4,129.4,144.3,140.9,134.2,141.6
TOPCOAT-0023,1573,26:13,133.5,136.9,144.4,129.1,146.3,135.6,131.8,130.2,145.9,141.0,132.6,141.7
TOPCOAT-0023,1574,26:14,134.2,136.1,146.1,130.3,147.0,134.9,131.3,131.6,144.3,140.3,133.4,142.3
TOPCOAT-0023,1575,26:15,134.2,138.1,146.0,130.3,146.1,135.2,130.1,131.6,144.2,140.0,133.3,141.5
TOPCOAT-0023,1576,26:16,133.7,136.4,144.7,129.6,145.8,135.7,129.8,131.2,143.6,141.5,132.4,138.9
TOPCOAT-0023,1577,26:17,132.9,135.7,145.0,129.7,147.0,136.3,131.4,131.7,145.5,139.4,133.2,141.1
TOPCOAT-0023,1578,26:18,134.4,135.5,145.7,130.9,146.9,135.5,131.9,130.7,145.7,140.6,133.0,142.9
TOPCOAT-0023,1579,26:19,131.8,138.2,146.1,130.1,145.8,137.4,129.5,131.3,144.8,140.2,134.5,141.8
TOPCOAT-0023,1580,26:20,134.2,137.5,146.9,130.1,146.1,135.5,130.5,129.8,145.5,139.3,134.2,143.2
TOPCOAT-0023,1581,26:21,135.4,136.4,145.0,129.6,146.7,136.8,130.9,130.7,145.2,138.7,133.5,142.6
TOPCOAT-0023,1582,26:22,135.2,136.2,145.2,130.6,145.3,136.1,131.2,131.6,145.2,142.4,131.0,141.1
TOPCOAT-0023,1583,26:23,133.9,135.8,146.1,130.3,145.8,134.8,130.8,132.1,144.6,137.9,133.1,141.4
TOPCOAT-0023,1584,26:24,134.3,136.0,146.8,129.5,146.1,134.0,132.0,131.1,145.2,139.5,133.3,141.8
TOPCOAT-0023,1585,26:25,132.7,138.0,145.9,129.0,146.2,135.7,130.7,131.5,143.6,140.7,132.7,141.5
TOPCOAT-0023,1586,26:26,135.0,137.1,146.9,130.2,146.5,135.4,129.6,131.3,143.5,140.3,130.7,142.2
TOPCOAT-0023,1587,26:27,134.3,135.1,145.1,130.0,146.5,136.2,132.0,131.8,143.9,141.1,133.1,142.0
TOPCOAT-0023,1588,26:28,135.1,136.3,146.0,129.5,147.0,135.9,131.7,133.3,144.1,139.6,131.5,141.3
TOPCOAT-0023,1589,26:29,133.7,137.5,148.4,130.0,145.1,136.2,130.7,133.2,144.9,141.0,133.3,141.0
TOPCOAT-0023,1590,26:30,134.9,136.0,146.3,130.0,147.7,135.4,131.3,131.5,145.8,140.0,133.0,141.1
TOPCOAT-0023,1591,26:31,134.5,137.4,145.7,129.2,146.2,135.3,132.7,131.7,145.3,139.3,132.5,141.3
TOPCOAT-0023,1592,26:32,133.6,136.5,147.7,129.2,146.5,135.7,130.9,132.6,144.0,139.9,131.8,141.3
TOPCOAT-0023,1593,26:33,133.2,136.5,145.8,128.6,146.9,136.3,130.3,129.9,145.2,141.2,134.0,141.4
TOPCOAT-0023,1594,26:34,134.6,138.0,147.0,128.8,146.7,136.0,129.7,131.8,145.1,139.0,131.4,140.5
TOPCOAT-0023,1595,26:35,132.7,136.0,145.5,130.3,146.1,135.4,131.0,131.0,146.0,140.6,133.5,141.6
TOPCOAT-0023,1596,26:36,134.2,136.3,146.8,130.7,146.6,136.0,131.7,131.3,144.5,139.3,131.4,141.7
TOPCOAT-0023,1597,26:37,134.3,136.4,145.7,129.0,145.8,135.0,130.1,130.9,145.7,138.9,131.4,140.4
TOPCOAT-0023,1598,26:38,133.6,136.7,147.0,129.8,147.9,135.6,130.1,131.9,145.6,139.9,134.0,143.0
TOPCOAT-0023,1599,26:39,135.5,137.5,146.1,130.2,147.0,136.0,130.2,130.3,144.6,139.5,131.5,141.1
TOPCOAT-0023,1600,26:40,133.2,136.9,146.7,129.6,145.9,135.5,130.2,129.6,145.8,139.2,132.9,142.4
TOPCOAT-0023,1601,26:41,134.7,134.0,146.4,130.3,144.8,134.0,132.0,131.7,143.9,139.5,134.4,141.7
TOPCOAT-0023,1602,26:42,134.6,136.3,147.9,129.8,147.6,135.0,132.3,132.5,144.0,141.4,131.6,141.6
TOPCOAT-0023,1603,26:43,133.0,137.3,147.6,130.1,146.8,139.2,133.6,130.8,143.5,138.6,132.7,140.9
TOPCOAT-0023,1604,26:44,135.6,136.5,146.1,129.6,146.0,134.3,131.2,131.6,144.2,140.5,131.3,141.9
TOPCOAT-0023,1605,26:45,133.2,134.7,146.1,129.2,145.1,135.5,131.2,131.3,147.8,140.1,132.5,140.4
TOPCOAT-0023,1606,26:46,134.5,137.3,146.9,128.5,145.3,137.1,132.4,130.8,146.1,140.6,132.8,142.7
TOPCOAT-0023,1607,26:47,133.3,136.5,146.2,129.6,146.2,136.3,132.6,130.3,144.3,140.1,132.8,140.2
TOPCOAT-0023,1608,26:48,134.3,137.0,144.5,128.2,146.7,136.0,131.3,131.7,144.8,139.4,133.7,141.3
TOPCOAT-0023,1609,26:49,133.3,137.8,145.7,128.6,147.5,134.3,132.5,132.7,144.4,140.4,131.8,142.9
TOPCOAT-0023,1610,26:50,134.9,134.7,145.8,128.4,146.4,135.3,131.0,132.9,144.7,139.0,134.0,140.7
TOPCOAT-0023,1611,26:51,134.9,136.3,146.8,130.3,145.2,136.3,131.1,131.7,146.0,141.7,132.9,141.3
TOPCOAT-0023,1612,26:52,133.6,137.0,145.5,130.1,145.8,135.9,130.2,131.9,144.4,140.6,132.0,141.0
TOPCOAT-0023,1613,26:53,133.5,137.2,145.9,128.5,146.7,136.0,132.1,130.3,144.0,142.1,132.1,142.5
TOPCOAT-0023,1614,26:54,134.1,137.3,145.7,130.2,145.1,136.0,132.1,131.9,145.4,138.4,134.3,141.5
TOPCOAT-0023,1615,26:55,134.8,135.4,147.6,130.6,144.9,134.8,131.2,131.7,144.7,139.6,133.1,140.3
TOPCOAT-0023,1616,26:56,134.7,136.6,146.6,129.7,146.5,136.2,131.4,129.8,145.8,139.3,131.5,141.0
TOPCOAT-0023,1617,26:57,133.2,135.9,145.5,129.9,144.4,134.2,130.9,130.8,143.8,139.0,131.9,140.6
TOPCOAT-0023,1618,26:58,133.7,137.0,145.7,128.7,146.0,135.7,132.5,131.2,144.6,139.6,132.2,140.1
TOPCOAT-0023,1619,26:59,134.3,136.2,146.9,128.7,145.3,135.2,131.1,132.3,144.9,140.2,133.1,142.9
TOPCOAT-0023,1620,27:00,134.6,135.0,147.9,130.1,147.5,137.5,130.8,131.0,145.3,141.5,134.3,139.9
TOPCOAT-0023,1621,27:01,134.9,135.2,145.9,128.6,145.5,137.0,130.9,130.6,145.7,138.7,133.7,141.5
TOPCOAT-0023,1622,27:02,134.7,137.8,145.0,131.5,147.4,135.2,131.6,131.6,143.8,138.2,133.6,140.8
TOPCOAT-0023,1623,27:03,135.3,136.0,146.2,129.6,146.4,133.9,132.8,131.6,145.2,141.4,133.1,141.0
TOPCOAT-0023,1624,27:04,134.0,136.1,146.9,128.8,146.2,136.7,130.7,130.2,144.0,140.0,132.0,141.8
TOPCOAT-0023,1625,27:05,134.1,135.8,147.6,131.3,145.7,136.1,130.0,130.7,144.7,140.5,132.0,142.2
TOPCOAT-0023,1626,27:06,134.5,137.3,146.4,129.2,145.5,136.7,132.1,130.1,145.8,141.0,133.5,139.7
TOPCOAT-0023,1627,27:07,135.4,135.9,146.2,129.6,147.2,136.4,130.2,132.4,144.8,140.2,133.1,141.0
TOPCOAT-0023,1628,27:08,133.9,138.2,145.4,131.1,147.9,134.9,133.0,132.6,145.4,138.6,132.7,141.8
TOPCOAT-0023,1629,27:09,131.8,136.5,145.1,129.0,148.0,135.9,131.7,132.4,145.5,140.1,133.6,142.3
TOPCOAT-0023,1630,27:10,133.2,135.7,145.3,130.0,147.9,134.8,131.1,132.4,144.4,140.2,131.9,141.0
TOPCOAT-0023,1631,27:11,134.1,136.6,146.0,129.6,144.7,134.6,132.0,132.0,144.4,141.2,132.2,141.4
TOPCOAT-0023,1632,27:12,134.6,136.3,145.1,128.0,145.4,136.2,131.9,131.2,146.1,139.2,134.4,141.7
TOPCOAT-0023,1633,27:13,136.0,137.7,145.0,128.5,146.3,135.8,131.3,132.3,144.2,140.4,134.5,142.3
TOPCOAT-0023,1634,27:14,134.0,135.0,145.0,128.5,146.5,134.7,132.2,131.4,144.3,140.5,133.7,140.0
TOPCOAT-0023,1635,27:15,134.5,136.5,147.3,129.5,145.2,136.7,131.8,131.9,145.1,140.5,131.7,141.3
TOPCOAT-0023,1636,27:16,136.2,136.4,147.0,130.3,145.6,135.3,132.8,130.2,145.7,139.8,132.7,141.6
TOPCOAT-0023,1637,27:17,135.0,136.0,146.2,130.4,146.6,135.7,131.8,131.2,144.7,139.6,132.9,141.1
TOPCOAT-0023,1638,27:18,133.7,137.7,146.3,129.5,146.3,136.8,131.3,130.8,146.4,139.5,133.9,141.5
TOPCOAT-0023,1639,27:19,134.0,134.7,146.9,129.0,145.9,137.1,130.0,130.8,145.4,139.3,133.9,142.5
TOPCOAT-0023,1640,27:20,134.2,137.2,147.0,128.4,145.2,135.7,130.8,132.0,145.4,141.2,132.3,140.8
TOPCOAT-0023,1641,27:21,134.6,136.6,145.9,130.3,146.4,135.6,132.6,132.1,146.3,140.6,132.0,140.7
TOPCOAT-0023,1642,27:22,135.7,135.3,145.4,129.6,147.6,135.7,131.5,131.7,144.4,140.0,132.8,141.9
TOPCOAT-0023,1643,27:23,135.1,136.1,146.0,128.3,146.7,135.6,133.7,131.4,144.3,139.0,133.4,141.5
TOPCOAT-0023,1644,27:24,135.7,136.7,146.1,129.0,146.0,137.1,130.6,132.2,145.9,140.0,132.1,141.1
TOPCOAT-0023,1645,27:25,133.1,136.8,146.2,129.4,145.9,135.6,130.4,131.1,146.8,138.4,132.0,140.8
TOPCOAT-0023,1646,27:26,131.6,135.7,145.5,129.0,146.4,136.3,132.2,131.1,145.1,141.2,132.9,141.7
TOPCOAT-0023,1647,27:27,132.8,135.0,146.6,128.9,145.7,135.5,131.4,129.9,145.5,139.6,133.2,141.6
TOPCOAT-0023,1648,27:28,133.8,134.6,146.1,130.7,145.6,136.4,131.3,131.9,146.1,139.2,133.9,141.9
TOPCOAT-0023,1649,27:29,134.5,137.2,147.3,129.3,146.0,137.2,131.4,131.6,145.9,138.8,133.9,140.9
TOPCOAT-0023,1650,27:30,134.8,134.5,145.4,129.6,146.0,135.1,133.0,131.6,144.8,140.4,132.2,141.6
TOPCOAT-0023,1651,27:31,134.8,135.5,145.0,128.0,147.1,136.0,131.8,130.0,145.0,141.1,134.3,141.3
TOPCOAT-0023,1652,27:32,133.9,134.8,145.8,130.0,145.4,135.3,131.4,131.6,145.0,139.9,132.0,142.1
TOPCOAT-0023,1653,27:33,133.6,135.4,146.1,128.8,145.3,134.9,131.7,131.3,144.6,139.6,132.3,141.2
TOPCOAT-0023,1654,27:34,133.6,135.4,147.3,130.5,147.0,134.9,131.2,131.4,144.5,139.1,133.9,143.2
TOPCOAT-0023,1655,27:35,135.1,137.0,145.8,130.5,145.6,135.5,133.2,131.0,146.2,140.8,132.3,140.7
TOPCOAT-0023,1656,27:36,134.8,137.9,146.8,129.4,147.0,133.8,130.7,131.5,145.1,140.8,133.1,142.3
TOPCOAT-0023,1657,27:37,134.2,135.8,145.7,128.7,148.0,135.9,131.2,131.7,144.9,141.1,132.3,140.1
TOPCOAT-0023,1658,27:38,135.6,135.6,146.9,129.5,147.8,136.5,130.0,131.9,144.7,139.5,133.9,142.9
TOPCOAT-0023,1659,27:39,132.9,137.1,146.6,128.9,146.1,136.2,130.8,132.1,145.7,141.6,133.4,142.5
TOPCOAT-0023,1660,27:40,134.3,137.1,145.0,129.4,147.6,136.4,131.5,131.8,145.5,140.5,132.8,141.8
TOPCOAT-0023,1661,27:41,134.6,134.9,146.4,128.9,145.5,135.8,130.4,132.9,144.8,139.8,132.8,142.2
TOPCOAT-0023,1662,27:42,134.6,137.8,146.0,129.8,146.0,134.3,131.3,132.9,145.1,139.4,131.8,139.8
TOPCOAT-0023,1663,27:43,134.5,135.8,145.6,129.5,146.2,136.1,130.9,132.0,145.6,140.2,130.9,141.2
TOPCOAT-0023,1664,27:44,134.3,137.0,146.5,129.8,147.1,135.6,130.7,131.3,145.6,140.1,131.9,142.4
TOPCOAT-0023,1665,27:45,134.1,136.1,145.7,129.9,145.4,135.4,131.1,130.2,144.5,141.3,132.2,142.8
TOPCOAT-0023,1666,27:46,134.4,137.5,145.8,130.4,145.8,135.8,130.6,132.1,143.9,140.8,134.1,140.6
TOPCOAT-0023,1667,27:47,134.6,134.9,146.4,130.4,145.1,135.7,132.4,131.5,144.8,139.6,133.0,140.1
TOPCOAT-0023,1668,27:48,132.7,136.5,146.5,128.8,149.3,136.0,133.5,132.5,144.9,138.4,132.2,141.8
TOPCOAT-0023,1669,27:49,134.9,137.2,146.4,129.2,146.9,135.1,132.6,132.0,145.5,139.5,131.8,142.1
TOPCOAT-0023,1670,27:50,135.3,135.4,145.9,130.2,148.1,135.7,132.1,131.2,145.0,141.4,133.3,141.8
TOPCOAT-0023,1671,27:51,132.8,136.7,146.9,128.7,147.0,134.9,132.8,131.6,144.8,140.0,133.4,141.1
TOPCOAT-0023,1672,27:52,134.6,137.2,147.4,129.2,148.3,137.1,132.1,130.8,144.7,139.5,132.9,143.1
TOPCOAT-0023,1673,27:53,135.2,135.5,146.7,128.6,147.2,134.6,131.9,131.7,144.6,140.3,133.0,140.3
TOPCOAT-0023,1674,27:54,133.9,136.2,147.3,130.9,145.9,136.5,131.5,131.4,143.9,140.8,133.9,142.6
TOPCOAT-0023,1675,27:55,135.7,137.3,145.6,130.2,148.4,136.5,131.3,132.8,144.1,139.0,133.2,140.7
TOPCOAT-0023,1676,27:56,135.5,136.3,148.1,128.6,144.8,134.5,129.9,132.1,143.3,139.3,131.8,141.2
TOPCOAT-0023,1677,27:57,135.9,136.1,145.9,129.7,146.2,135.7,131.7,131.9,144.4,137.5,131.4,142.1
TOPCOAT-0023,1678,27:58,134.6,137.2,147.1,130.7,145.1,134.2,131.8,131.8,145.6,141.0,133.7,142.1
TOPCOAT-0023,1679,27:59,134.6,136.1,147.1,129.8,146.0,135.5,132.7,132.1,145.5,139.2,133.1,142.1
TOPCOAT-0023,1680,28:00,133.6,136.4,145.4,127.9,145.7,136.4,131.4,132.5,144.5,140.0,132.6,140.7
TOPCOAT-0023,1681,28:01,133.4,137.3,145.5,129.3,146.5,135.4,132.0,130.8,144.7,140.1,133.9,141.0
TOPCOAT-0023,1682,28:02,133.8,137.3,146.0,129.1,147.3,135.2,130.9,131.1,143.6,139.3,133.1,140.9
TOPCOAT-0023,1683,28:03,133.7,135.6,145.5,128.0,146.0,136.5,132.5,131.6,142.9,141.0,133.4,142.4
TOPCOAT-0023,1684,28:04,135.3,135.2,145.4,130.5,146.2,135.6,132.4,130.7,145.5,138.4,133.3,142.4
TOPCOAT-0023,1685,28:05,134.8,136.3,146.6,130.1,147.8,135.6,130.9,129.3,144.5,140.4,134.4,140.6
TOPCOAT-0023,1686,28:06,135.0,136.6,146.0,129.3,146.9,135.6,131.3,132.6,145.4,139.2,132.4,142.2
TOPCOAT-0023,1687,28:07,134.1,138.6,144.4,129.3,147.0,134.9,131.7,132.5,143.1,138.9,131.6,142.1
TOPCOAT-0023,1688,28:08,134.4,136.9,146.5,129.8,145.5,136.0,131.0,132.3,144.7,139.6,132.3,141.7
TOPCOAT-0023,1689,28:09,134.0,137.2,146.3,127.5,144.7,135.5,131.1,131.5,144.5,139.8,133.2,140.9
TOPCOAT-0023,1690,28:10,134.1,136.5,145.1,129.3,146.3,136.4,131.9,132.0,146.7,140.1,132.8,142.9
TOPCOAT-0023,1691,28:11,134.5,137.3,145.4,129.6,146.8,135.5,130.8,130.1,145.3,140.4,132.9,141.7
TOPCOAT-0023,1692,28:12,135.9,138.0,145.5,128.7,147.4,134.9,131.9,132.1,145.1,138.6,131.9,141.6
TOPCOAT-0023,1693,28:13,134.5,136.5,146.4,129.1,144.9,136.7,131.3,132.9,144.3,137.7,132.4,141.2
TOPCOAT-0023,1694,28:14,134.8,135.5,146.2,129.1,145.9,135.8,130.9,132.1,144.3,139.3,132.4,141.8
TOPCOAT-0023,1695,28:15,134.1,136.1,148.2,128.7,147.0,137.1,132.1,131.5,143.9,140.1,132.2,141.8
TOPCOAT-0023,1696,28:16,134.1,136.9,145.3,129.2,146.5,136.1,131.9,130.9,146.1,139.4,131.6,140.8
TOPCOAT-0023,1697,28:17,134.9,136.0,146.3,128.8,145.5,136.4,131.7,131.8,144.7,140.6,133.4,140.7
TOPCOAT-0023,1698,28:18,135.2,135.3,145.9,128.7,145.1,135.6,131.7,132.2,144.5,140.6,130.6,141.1
TOPCOAT-0023,1699,28:19,134.4,137.1,146.8,128.5,147.2,137.1,130.6,132.6,145.4,139.4,133.0,141.6
TOPCOAT-0023,1700,28:20,133.9,136.3,145.2,130.0,146.5,134.8,131.7,131.3,144.7,140.2,131.5,141.2
TOPCOAT-0023,1701,28:21,133.9,137.1,146.0,129.9,146.0,135.6,130.0,132.7,145.2,140.2,131.3,140.6
TOPCOAT-0023,1702,28:22,136.0,138.2,145.8,129.1,146.5,136.0,132.6,132.5,145.2,139.4,133.3,142.3
TOPCOAT-0023,1703,28:23,133.0,137.3,145.7,130.8,147.3,134.5,132.6,129.3,144.7,139.1,132.1,141.9
TOPCOAT-0023,1704,28:24,134.2,137.4,145.3,129.1,144.5,135.6,130.9,132.2,145.2,138.4,134.2,142.2
TOPCOAT-0023,1705,28:25,136.3,136.9,146.0,131.2,147.7,137.3,129.8,131.7,144.8,138.5,132.9,141.0
TOPCOAT-0023,1706,28:26,134.2,134.8,144.5,130.8,147.2,134.8,131.5,131.5,145.2,137.7,133.5,142.3
TOPCOAT-0023,1707,28:27,134.3,137.4,144.7,130.7,147.9,136.8,131.1,131.1,144.2,138.6,134.5,139.6
TOPCOAT-0023,1708,28:28,135.0,135.7,144.1,129.7,146.7,135.3,131.4,130.8,144.8,138.3,132.1,142.7
TOPCOAT-0023,1709,28:29,134.4,136.0,143.5,129.9,146.6,134.4,131.4,130.5,144.4,137.0,133.5,141.4
TOPCOAT-0023,1710,28:30,135.0,135.4,142.9,129.8,146.1,136.4,131.9,130.6,144.5,137.7,131.7,141.2
TOPCOAT-0023,1711,28:31,135.4,135.5,143.4,129.1,145.0,137.5,131.3,131.5,144.2,136.2,133.0,141.0
TOPCOAT-0023,1712,28:32,135.7,134.1,142.7,128.6,147.4,135.7,132.5,130.8,144.0,136.3,133.7,141.4
TOPCOAT-0023,1713,28:33,135.0,134.9,143.1,129.2,145.4,136.3,132.7,130.5,143.5,136.7,132.2,142.6
TOPCOAT-0023,1714,28:34,134.7,135.0,142.4,129.1,145.2,135.6,131.5,133.1,143.1,135.8,132.6,141.1
TOPCOAT-0023,1715,28:35,133.1,134.0,143.0,127.1,145.9,136.6,131.2,131.1,142.2,135.1,132.9,142.7
TOPCOAT-0023,1716,28:36,134.0,133.7,141.8,127.7,144.7,134.5,131.8,132.2,142.9,135.5,131.9,141.4
TOPCOAT-0023,1717,28:37,134.9,133.3,141.7,127.1,147.5,138.2,132.4,131.6,142.8,134.9,131.6,142.1
TOPCOAT-0023,1718,28:38,135.1,132.3,141.5,127.2,147.5,136.2,131.4,131.4,142.3,134.5,131.2,140.9
TOPCOAT-0023,1719,28:39,133.5,133.0,140.3,127.7,145.1,134.3,132.2,131.7,143.4,135.4,131.6,140.7
TOPCOAT-0023,1720,28:40,134.2,132.3,141.7,126.9,146.8,134.2,131.5,130.5,141.5,133.4,130.7,141.2
TOPCOAT-0023,1721,28:41,134.6,132.4,140.5,126.3,145.7,136.2,132.0,131.4,141.3,134.8,131.2,140.6
TOPCOAT-0023,1722,28:42,134.2,132.1,141.0,126.0,146.8,136.6,130.7,130.3,140.6,133.4,130.1,141.9
TOPCOAT-0023,1723,28:43,134.1,132.2,140.4,125.1,148.2,135.6,131.8,130.9,141.2,133.3,129.7,142.1
TOPCOAT-0023,1724,28:44,133.2,132.1,140.1,126.9,145.4,135.9,132.3,131.3,140.6,133.6,129.9,142.3
TOPCOAT-0023,1725,28:45,133.2,131.7,139.2,125.0,146.6,136.1,131.4,132.2,140.6,132.7,129.5,141.3
TOPCOAT-0023,1726,28:46,132.3,130.7,139.1,126.1,147.2,135.2,131.0,132.9,139.3,132.9,128.4,140.1
TOPCOAT-0023,1727,28:47,132.6,131.0,139.2,126.1,146.0,136.0,131.8,131.7,139.5,133.7,129.3,142.4
TOPCOAT-0023,1728,28:48,133.7,130.4,139.2,124.6,145.5,135.9,131.9,130.6,139.0,131.7,128.7,142.9
TOPCOAT-0023,1729,28:49,131.6,130.0,137.9,124.7,144.4,136.3,131.7,132.8,139.6,132.5,128.2,142.4
TOPCOAT-0023,1730,28:50,132.2,129.9,138.4,123.9,146.1,135.6,130.4,131.5,138.2,131.5,127.8,142.1
TOPCOAT-0023,1731,28:51,132.4,129.2,137.6,124.1,147.0,135.2,131.2,130.2,138.2,131.8,128.6,141.6
TOPCOAT-0023,1732,28:52,132.1,128.9,137.9,124.9,146.7,135.2,131.4,132.4,137.6,131.8,127.1,141.6
TOPCOAT-0023,1733,28:53,132.6,128.9,138.0,123.3,146.8,136.1,132.0,132.1,137.8,130.5,127.1,141.0
TOPCOAT-0023,1734,28:54,131.2,129.0,136.3,123.2,146.4,137.0,132.1,132.8,137.9,130.8,127.2,141.5
TOPCOAT-0023,1735,28:55,130.5,128.7,136.6,123.7,146.5,135.5,130.8,131.7,137.8,129.5,126.6,140.0
TOPCOAT-0023,1736,28:56,131.0,127.0,136.3,122.8,148.2,133.8,130.9,131.1,136.5,130.4,126.4,140.8
TOPCOAT-0023,1737,28:57,130.7,126.6,136.5,122.1,147.6,134.4,131.2,130.6,136.3,130.6,125.8,140.2
TOPCOAT-0023,1738,28:58,130.9,127.2,135.5,122.7,145.8,135.6,130.1,130.9,136.9,129.0,126.2,139.5
TOPCOAT-0023,1739,28:59,129.7,128.3,135.1,122.6,147.0,135.9,133.3,130.2,136.1,129.2,126.3,140.4
TOPCOAT-0023,1740,29:00,130.2,127.6,135.7,122.6,146.4,135.2,130.6,130.0,136.1,129.9,125.7,140.2
TOPCOAT-0023,1741,29:01,130.0,127.2,134.6,122.2,146.1,136.1,130.5,130.7,135.2,128.7,125.7,140.0
TOPCOAT-0023,1742,29:02,129.7,127.0,134.0,121.8,145.5,135.4,131.2,129.8,135.2,129.4,125.4,139.0
TOPCOAT-0023,1743,29:03,129.1,125.8,134.0,121.0,146.0,135.2,131.2,129.5,136.0,128.1,124.9,139.0
TOPCOAT-0023,1744,29:04,128.9,124.9,134.8,121.1,144.2,135.6,129.8,128.1,135.1,127.9,125.1,138.4
TOPCOAT-0023,1745,29:05,129.8,126.0,134.2,121.2,144.9,135.4,130.1,128.5,134.2,128.5,124.6,138.0
TOPCOAT-0023,1746,29:06,128.8,125.2,132.6,121.3,144.5,134.6,130.2,127.7,134.9,127.5,123.8,137.8
TOPCOAT-0023,1747,29:07,128.8,125.4,133.7,121.3,144.4,134.5,129.3,128.6,133.4,127.4,123.8,137.9
TOPCOAT-0023,1748,29:08,128.6,125.1,133.8,119.6,143.9,133.5,129.3,127.1,134.4,126.7,123.9,137.2
TOPCOAT-0023,1749,29:09,126.7,125.2,132.8,121.2,143.0,132.7,128.5,127.8,132.7,126.4,123.3,137.1
TOPCOAT-0023,1750,29:10,127.2,124.7,133.1,119.9,143.1,134.2,127.8,126.9,132.8,127.0,123.8,137.5
TOPCOAT-0023,1751,29:11,128.0,124.2,132.4,119.6,142.4,133.9,127.0,126.9,132.7,127.2,123.1,137.0
TOPCOAT-0023,1752,29:12,127.2,123.8,132.5,119.4,142.3,133.2,128.4,127.0,133.2,125.7,122.2,136.4
TOPCOAT-0023,1753,29:13,126.6,123.7,131.9,119.1,141.7,133.0,128.6,126.3,131.6,125.2,122.0,136.3
TOPCOAT-0023,1754,29:14,127.3,122.6,131.0,117.9,142.1,131.5,128.1,125.6,131.9,125.9,121.5,136.4
TOPCOAT-0023,1755,29:15,127.1,123.3,131.7,119.1,140.8,132.9,127.5,125.7,132.2,125.5,122.0,135.7
TOPCOAT-0023,1756,29:16,126.1,123.0,130.7,118.8,141.7,131.5,126.9,126.5,131.3,125.6,121.9,136.1
TOPCOAT-0023,1757,29:17,126.5,122.8,131.3,118.5,141.2,131.7,126.3,125.0,131.6,125.1,121.9,134.7
TOPCOAT-0023,1758,29:18,125.8,122.8,129.9,117.7,140.9,130.9,127.5,125.9,129.9,124.7,120.5,135.1
TOPCOAT-0023,1759,29:19,125.3,122.4,129.9,117.8,140.2,131.2,126.0,124.5,132.1,124.6,120.8,134.6
TOPCOAT-0023,1760,29:20,125.9,122.6,130.3,118.4,139.2,131.2,126.1,124.1,131.0,124.4,120.9,134.8
TOPCOAT-0023,1761,29:21,125.3,122.0,129.4,116.5,139.2,129.9,126.6,124.6,130.9,124.2,120.5,135.2
TOPCOAT-0023,1762,29:22,125.5,122.4,130.1,116.4,139.0,131.0,125.4,125.1,130.6,123.3,120.1,134.3
TOPCOAT-0023,1763,29:23,124.9,121.6,129.0,117.0,138.8,130.1,125.2,124.3,129.7,124.2,120.4,135.0
TOPCOAT-0023,1764,29:24,125.1,121.3,129.0,115.8,138.8,129.4,125.1,123.5,129.7,123.3,120.0,133.7
TOPCOAT-0023,1765,29:25,125.0,120.5,128.8,116.6,138.7,129.2,124.3,123.4,129.8,122.5,119.7,133.5
TOPCOAT-0023,1766,29:26,125.0,121.2,127.7,115.8,138.8,128.7,124.9,123.1,130.3,123.2,119.1,132.3
TOPCOAT-0023,1767,29:27,125.1,121.2,128.5,115.5,137.0,129.4,124.1,123.1,128.5,122.6,118.4,133.3
TOPCOAT-0023,1768,29:28,124.2,120.6,128.4,115.9,137.3,129.6,123.8,122.2,128.0,122.0,118.5,131.8
TOPCOAT-0023,1769,29:29,123.4,120.2,128.7,114.9,137.4,128.7,123.8,122.7,128.0,122.9,118.2,133.4
TOPCOAT-0023,1770,29:30,123.3,120.2,128.2,116.1,136.6,127.3,123.4,121.9,128.3,122.3,118.7,132.6
TOPCOAT-0023,1771,29:31,122.8,119.4,127.1,115.1,137.0,127.4,123.3,121.9,127.9,121.3,117.4,131.4
TOPCOAT-0023,1772,29:32,123.5,119.5,127.2,115.5,137.0,128.1,122.0,121.3,127.0,121.2,117.7,131.8
TOPCOAT-0023,1773,29:33,122.2,118.5,126.3,114.1,136.0,127.2,121.9,121.2,127.7,120.9,117.4,132.0
TOPCOAT-0023,1774,29:34,122.9,118.5,126.4,114.8,136.1,125.8,122.2,121.2,127.1,121.3,117.9,131.6
TOPCOAT-0023,1775,29:35,121.9,118.2,126.6,113.7,134.9,126.3,123.1,121.1,126.8,121.2,117.7,131.1
TOPCOAT-0023,1776,29:36,121.9,118.1,125.9,114.3,134.2,126.2,120.9,119.9,126.4,119.9,118.0,131.3
TOPCOAT-0023,1777,29:37,122.1,117.9,125.6,114.4,135.6,125.1,121.0,120.4,126.0,120.9,117.2,129.8
TOPCOAT-0023,1778,29:38,121.5,118.0,126.0,113.7,134.3,125.1,121.7,119.3,126.6,120.4,116.4,129.6
TOPCOAT-0023,1779,29:39,121.1,118.0,125.7,113.2,133.9,125.6,121.2,120.1,126.4,120.6,116.9,130.2
TOPCOAT-0023,1780,29:40,121.4,117.4,124.9,112.7,133.2,125.1,119.6,120.0,125.1,119.2,115.9,129.5
TOPCOAT-0023,1781,29:41,121.6,117.3,125.5,113.3,133.9,124.5,120.2,119.4,126.1,119.8,115.0,130.1
TOPCOAT-0023,1782,29:42,121.0,116.8,125.1,113.0,132.9,124.6,120.6,119.2,125.5,119.2,115.2,129.1
TOPCOAT-0023,1783,29:43,120.4,116.1,124.3,112.8,132.3,124.0,119.3,118.9,124.1,119.5,115.8,129.0
TOPCOAT-0023,1784,29:44,121.9,117.0,124.7,112.3,133.1,124.0,118.9,118.6,125.8,118.6,115.0,129.6
TOPCOAT-0023,1785,29:45,120.7,116.1,123.9,112.3,132.3,121.9,118.8,118.8,124.2,118.0,114.9,129.5
TOPCOAT-0023,1786,29:46,120.1,116.2,123.7,111.6,132.7,123.0,119.7,118.1,124.8,118.9,115.0,128.0
TOPCOAT-0023,1787,29:47,120.8,115.1,123.7,111.6,131.2,123.2,119.4,117.1,123.5,118.7,115.0,127.9
TOPCOAT-0023,1788,29:48,118.7,115.5,124.0,111.7,130.7,122.0,118.3,116.9,123.4,118.7,113.4,128.3
TOPCOAT-0023,1789,29:49,118.7,114.3,123.1,111.2,131.2,121.5,118.8,118.2,123.3,117.5,114.0,127.5
TOPCOAT-0023,1790,29:50,118.4,115.3,122.4,111.1,131.0,122.1,118.0,116.5,123.1,117.9,113.7,127.1
TOPCOAT-0023,1791,29:51,119.1,114.8,122.1,110.5,131.5,121.7,117.6,115.6,123.3,116.6,113.9,127.9
TOPCOAT-0023,1792,29:52,119.6,114.5,121.6,110.8,129.6,122.0,117.3,117.1,122.4,117.5,112.9,127.9
TOPCOAT-0023,1793,29:53,119.6,114.2,122.6,110.2,130.0,121.2,117.5,116.7,122.3,117.0,113.0,127.6
TOPCOAT-0023,1794,29:54,117.8,113.9,122.2,109.5,129.3,121.8,116.4,116.7,122.7,116.7,112.6,126.6
TOPCOAT-0023,1795,29:55,118.1,114.1,121.7,109.3,128.8,120.8,116.9,116.7,122.5,116.2,112.5,125.9
TOPCOAT-0023,1796,29:56,117.7,114.2,121.4,110.4,129.5,120.4,115.9,115.6,121.3,116.3,111.8,126.0
TOPCOAT-0023,1797,29:57,118.2,113.5,121.5,109.8,128.6,119.8,116.7,116.5,120.8,115.1,112.2,125.3
TOPCOAT-0023,1798,29:58,118.2,113.8,120.5,110.0,128.3,119.7,115.6,115.4,121.8,115.2,111.0,124.7
TOPCOAT-0023,1799,29:59,117.1,112.7,121.5,109.7,128.1,120.5,116.7,115.9,120.8,116.7,111.9,125.1
TOPCOAT-0023,1800,30:00,117.6,113.0,120.3,108.9,127.9,119.1,115.1,114.0,121.3,115.9,111.9,126.7
TOPCOAT-0023,1801,30:01,117.1,112.7,119.0,108.5,127.8,118.7,114.8,114.5,119.6,114.5,110.8,124.8
TOPCOAT-0023,1802,30:02,117.3,112.3,119.9,109.0,128.3,118.9,115.1,114.6,120.7,115.1,111.0,124.4
TOPCOAT-0023,1803,30:03,116.2,111.7,120.1,109.0,127.3,117.5,114.4,114.4,120.3,114.5,110.7,124.9
TOPCOAT-0023,1804,30:04,117.1,111.7,118.8,108.2,127.5,118.1,114.6,113.2,119.3,114.3,109.5,124.9
TOPCOAT-0023,1805,30:05,115.3,112.7,119.8,108.6,126.9,118.2,114.8,112.5,119.8,114.1,110.3,123.7
TOPCOAT-0023,1806,30:06,116.5,112.4,118.8,108.4,125.6,118.1,114.9,113.7,120.0,114.0,110.8,123.7
TOPCOAT-0023,1807,30:07,115.8,111.5,118.3,107.7,126.2,117.9,114.0,113.1,119.3,113.1,110.1,122.3
TOPCOAT-0023,1808,30:08,115.8,111.4,117.7,107.2,126.1,117.8,113.0,112.7,119.0,114.4,109.2,123.2
TOPCOAT-0023,1809,30:09,115.6,110.5,118.5,107.5,126.5,117.0,112.3,113.7,117.8,113.8,109.4,123.2
TOPCOAT-0023,1810,30:10,115.1,109.6,118.6,107.7,126.1,116.9,111.9,112.3,119.1,114.1,109.5,123.3
TOPCOAT-0023,1811,30:11,116.3,110.2,118.1,106.9,125.3,116.8,112.5,112.9,118.1,113.7,109.3,122.1
TOPCOAT-0023,1812,30:12,113.7,110.5,117.4,107.7,124.4,115.8,112.2,112.6,118.5,113.3,108.8,122.8
TOPCOAT-0023,1813,30:13,114.6,110.0,117.4,106.5,125.1,116.8,112.9,112.4,118.5,113.2,109.6,121.6
TOPCOAT-0023,1814,30:14,114.4,110.2,117.3,106.4,124.7,115.6,112.5,111.8,117.4,113.2,109.6,122.4
TOPCOAT-0023,1815,30:15,114.5,109.1,118.2,105.4,124.3,115.0,111.2,111.0,117.8,112.5,107.3,121.6
TOPCOAT-0023,1816,30:16,113.7,110.8,116.8,107.4,123.9,115.2,110.4,111.3,116.8,112.0,108.7,122.5
TOPCOAT-0023,1817,30:17,113.8,109.7,116.3,105.8,123.5,115.3,111.0,110.4,117.3,111.3,107.1,122.0
TOPCOAT-0023,1818,30:18,113.9,109.2,116.7,105.0,122.4,115.2,110.8,109.9,116.5,111.7,107.7,121.0
TOPCOAT-0023,1819,30:19,112.8,109.9,115.5,105.5,122.6,115.3,111.2,111.8,117.2,111.5,108.5,120.5
TOPCOAT-0023,1820,30:20,113.3,108.9,116.3,105.4,123.0,113.8,109.8,110.2,116.5,111.4,107.1,121.2
TOPCOAT-0023,1821,30:21,112.9,108.5,115.6,105.4,121.3,113.8,109.8,110.3,115.9,111.0,107.2,120.5
TOPCOAT-0023,1822,30:22,112.6,107.8,115.8,104.4,123.2,114.3,110.6,110.1,115.8,111.6,106.2,121.0
TOPCOAT-0023,1823,30:23,112.4,108.9,115.5,104.5,122.4,113.9,110.5,110.2,114.9,109.7,107.2,120.2
TOPCOAT-0023,1824,30:24,111.8,107.3,115.9,105.1,121.9,112.9,109.3,107.9,115.3,110.9,107.2,120.5
TOPCOAT-0023,1825,30:25,111.7,107.0,114.7,104.3,121.0,112.2,109.6,109.7,115.0,109.4,107.3,119.9
TOPCOAT-0023,1826,30:26,112.0,107.7,114.3,104.3,121.2,113.1,108.6,108.6,115.4,109.8,106.2,119.0
TOPCOAT-0023,1827,30:27,111.8,107.1,114.7,103.6,120.1,112.9,108.4,108.3,114.4,109.8,105.1,119.9
TOPCOAT-0023,1828,30:28,112.5,107.5,114.4,103.7,120.7,112.0,108.9,109.1,114.6,109.9,106.7,118.2
TOPCOAT-0023,1829,30:29,111.5,106.7,114.0,103.9,121.0,112.8,108.5,108.8,114.6,109.1,105.1,118.2
TOPCOAT-0023,1830,30:30,112.3,106.7,111.9,102.6,119.7,112.7,108.0,107.9,113.9,109.3,105.1,119.0
TOPCOAT-0023,1831,30:31,111.1,106.9,113.0,103.0,120.2,112.0,108.1,108.6,114.6,109.4,105.7,118.7
TOPCOAT-0023,1832,30:32,110.7,105.8,113.1,103.5,119.8,111.5,108.0,107.7,113.5,109.2,104.8,118.6
TOPCOAT-0023,1833,30:33,110.8,105.7,112.9,103.9,119.7,112.0,107.5,107.2,113.2,108.3,104.9,117.2
TOPCOAT-0023,1834,30:34,110.3,105.6,113.4,102.2,119.2,111.0,107.2,107.0,113.2,108.1,104.1,117.4
TOPCOAT-0023,1835,30:35,110.9,105.7,112.8,103.2,118.7,111.0,107.4,107.5,112.9,108.6,104.3,116.7
TOPCOAT-0023,1836,30:36,110.9,106.2,113.3,102.2,119.3,110.7,107.0,106.8,113.3,107.8,103.8,117.8
TOPCOAT-0023,1837,30:37,110.4,106.2,113.1,102.4,118.0,111.0,106.2,106.7,113.4,108.4,103.9,117.2
TOPCOAT-0023,1838,30:38,110.3,104.7,113.0,102.5,118.9,109.8,106.3,106.2,112.2,107.0,103.0,116.3
TOPCOAT-0023,1839,30:39,110.4,104.9,111.4,102.1,118.0,109.9,105.2,106.0,112.8,107.8,103.7,117.6
TOPCOAT-0023,1840,30:40,109.5,104.5,112.2,101.7,117.8,110.1,106.1,106.6,111.5,106.2,103.1,117.6
TOPCOAT-0023,1841,30:41,109.3,103.9,111.9,101.5,117.4,109.1,105.8,105.4,112.5,106.3,102.6,116.6
TOPCOAT-0023,1842,30:42,109.3,103.8,111.2,101.3,117.8,109.3,103.9,106.1,111.6,105.9,101.7,115.7
TOPCOAT-0023,1843,30:43,109.5,103.9,111.0,101.5,116.2,109.8,106.1,105.7,111.2,106.1,102.6,116.5
TOPCOAT-0023,1844,30:44,108.3,103.8,111.4,101.4,117.2,109.6,104.9,104.3,111.3,106.5,102.1,116.1
TOPCOAT-0023,1845,30:45,108.7,103.4,111.2,100.2,117.2,108.5,105.1,105.2,109.9,106.2,102.6,116.0
TOPCOAT-0023,1846,30:46,108.7,103.2,110.3,100.3,116.0,107.6,105.8,104.8,110.2,106.7,101.6,115.6
TOPCOAT-0023,1847,30:47,109.1,103.4,110.6,99.9,116.6,108.3,104.6,104.1,110.3,105.2,102.0,114.9
TOPCOAT-0023,1848,30:48,108.4,103.2,110.3,100.9,114.8,108.6,103.6,104.0,110.0,106.5,102.0,115.3
TOPCOAT-0023,1849,30:49,108.7,103.6,110.1,99.5,115.3,108.0,104.4,104.0,109.5,105.8,101.2,115.6
TOPCOAT-0023,1850,30:50,107.8,102.3,109.6,99.9,115.4,108.4,103.9,103.9,110.5,105.2,101.2,115.0
TOPCOAT-0023,1851,30:51,107.8,102.1,109.9,99.7,114.2,107.3,103.9,103.6,110.8,105.7,101.7,114.7
TOPCOAT-0023,1852,30:52,107.5,102.0,109.6,99.6,115.1,107.5,103.3,103.8,109.7,104.6,101.3,114.6
TOPCOAT-0023,1853,30:53,106.6,101.9,109.7,99.6,114.2,106.4,103.2,103.3,109.2,104.6,100.8,113.6
TOPCOAT-0023,1854,30:54,106.5,102.5,109.5,98.7,113.5,106.5,103.5,103.3,108.8,104.7,100.8,113.1
TOPCOAT-0023,1855,30:55,107.0,101.7,108.3,98.4,113.7,105.2,103.6,103.2,108.8,103.7,100.4,113.5
TOPCOAT-0023,1856,30:56,106.7,101.3,109.1,98.3,113.9,106.0,102.7,102.5,109.1,103.6,100.5,113.6
TOPCOAT-0023,1857,30:57,106.0,101.5,107.3,98.6,113.9,106.1,101.8,102.9,108.3,104.4,99.6,114.2
TOPCOAT-0023,1858,30:58,106.2,100.7,107.9,98.5,112.5,105.1,101.5,101.6,109.3,103.7,100.2,112.8
TOPCOAT-0023,1859,30:59,106.8,101.4,107.6,97.5,113.3,106.0,102.2,102.6,107.6,104.3,98.6,112.7
TOPCOAT-0023,1860,31:00,105.7,100.9,108.1,97.4,112.7,105.1,101.0,101.6,107.9,102.8,99.3,113.1
TOPCOAT-0023,1861,31:01,106.3,101.0,107.3,97.6,113.0,105.1,101.6,101.5,108.2,102.8,99.9,113.2
TOPCOAT-0023,1862,31:02,105.2,100.8,106.9,97.5,112.9,104.8,101.1,102.1,107.4,104.1,99.7,112.2
TOPCOAT-0023,1863,31:03,105.8,99.5,106.9,97.3,112.4,105.2,101.8,100.7,107.7,102.7,99.2,111.9
TOPCOAT-0023,1864,31:04,105.6,100.2,106.9,97.0,112.0,104.8,101.7,101.0,107.0,103.0,98.3,112.0
TOPCOAT-0023,1865,31:05,105.6,100.0,106.4,98.1,111.5,104.7,100.7,100.9,106.0,102.7,98.3,111.7
TOPCOAT-0023,1866,31:06,104.0,99.9,107.3,97.3,111.4,103.5,100.0,100.9,107.4,102.3,97.2,111.6
TOPCOAT-0023,1867,31:07,104.8,99.8,106.5,97.7,110.6,104.3,100.3,100.2,107.3,101.7,98.7,110.9
TOPCOAT-0023,1868,31:08,104.4,99.4,106.2,96.5,111.7,103.8,99.9,100.7,107.4,102.4,98.3,111.4
TOPCOAT-0023,1869,31:09,105.1,99.8,104.8,96.8,111.0,103.6,100.2,100.1,106.3,102.9,96.9,111.2
TOPCOAT-0023,1870,31:10,104.4,98.8,105.7,96.6,110.0,103.1,98.7,100.2,105.6,101.9,98.2,110.6
TOPCOAT-0023,1871,31:11,103.9,98.5,105.5,95.9,110.2,103.6,99.2,100.2,105.5,102.0,97.3,111.0
TOPCOAT-0023,1872,31:12,104.1,98.7,105.0,96.3,110.0,102.1,100.1,100.2,105.8,100.6,97.7,109.5
TOPCOAT-0023,1873,31:13,103.8,97.9,104.8,96.0,109.9,103.1,100.2,98.9,105.7,100.5,96.6,110.0
TOPCOAT-0023,1874,31:14,104.1,97.9,105.8,96.3,109.4,102.2,99.4,98.9,104.7,101.3,97.2,109.4
TOPCOAT-0023,1875,31:15,102.6,98.2,104.2,95.8,109.8,102.7,99.2,98.8,105.8,101.2,96.3,109.7
TOPCOAT-0023,1876,31:16,103.0,97.8,105.2,96.0,109.2,101.5,97.9,99.1,104.5,101.4,96.0,109.6
TOPCOAT-0023,1877,31:17,103.5,97.9,104.1,95.4,109.3,101.5,98.3,97.9,105.0,100.9,95.7,109.8
TOPCOAT-0023,1878,31:18,103.4,97.5,104.5,95.2,108.8,101.6,97.7,97.8,105.3,100.4,96.8,109.1
TOPCOAT-0023,1879,31:19,101.7,97.3,105.0,94.9,108.7,101.9,97.5,98.6,104.6,100.7,96.1,109.0
TOPCOAT-0023,1880,31:20,102.8,97.5,103.8,95.0,108.3,101.7,97.8,97.8,104.3,99.5,95.3,109.4
TOPCOAT-0023,1881,31:21,102.1,97.4,103.3,94.3,107.9,101.3,97.9,97.4,103.6,99.5,96.3,107.2
TOPCOAT-0023,1882,31:22,101.9,96.6,103.6,95.1,107.7,100.4,97.4,97.5,104.3,99.1,95.6,108.5
TOPCOAT-0023,1883,31:23,102.7,97.6,103.9,94.2,107.3,101.0,97.4,97.2,103.9,99.0,95.6,108.7
TOPCOAT-0023,1884,31:24,102.5,96.4,103.1,94.9,107.5,100.4,97.8,97.7,103.2,99.4,94.8,108.4
TOPCOAT-0023,1885,31:25,101.6,97.4,103.2,93.4,106.7,100.6,97.3,96.5,102.4,98.1,94.6,107.5
TOPCOAT-0023,1886,31:26,102.5,95.8,103.5,93.4,107.4,100.8,96.1,96.9,103.5,98.7,94.8,107.3
TOPCOAT-0023,1887,31:27,101.5,95.8,102.1,93.4,107.3,99.4,97.4,96.5,103.7,99.0,94.9,106.8
TOPCOAT-0023,1888,31:28,101.1,96.1,103.1,93.9,106.0,98.8,96.1,95.9,103.3,98.9,94.5,107.5
TOPCOAT-0023,1889,31:29,101.1,96.0,101.3,93.2,106.4,99.0,96.8,97.4,101.6,98.5,94.0,107.1
TOPCOAT-0023,1890,31:30,100.6,95.3,102.6,93.1,105.8,98.6,95.6,96.7,101.9,97.8,94.9,107.9
TOPCOAT-0023,1891,31:31,101.3,95.0,101.3,93.1,105.5,98.5,95.2,96.3,102.0,98.2,93.5,106.7
TOPCOAT-0023,1892,31:32,99.9,94.2,102.0,92.7,105.6,98.2,95.6,96.5,101.9,97.9,94.2,106.9
TOPCOAT-0023,1893,31:33,101.3,95.1,102.4,93.0,105.6,98.4,95.3,95.8,101.7,98.2,93.8,106.4
TOPCOAT-0023,1894,31:34,99.5,94.4,100.6,92.0,104.1,99.2,94.9,95.8,102.2,97.2,93.9,106.2
TOPCOAT-0023,1895,31:35,100.9,94.4,101.3,92.4,105.3,98.1,94.2,95.1,101.7,97.8,94.0,106.1
TOPCOAT-0023,1896,31:36,100.2,94.3,100.8,93.7,104.8,98.6,94.6,96.2,100.7,97.0,93.4,106.5
TOPCOAT-0023,1897,31:37,99.8,93.9,100.8,92.3,104.4,97.9,94.9,95.7,101.3,96.5,92.6,105.6
TOPCOAT-0023,1898,31:38,99.6,93.9,101.1,91.9,104.1,98.3,94.5,95.8,100.6,97.2,92.5,105.7
TOPCOAT-0023,1899,31:39,99.8,93.9,100.4,92.0,104.3,97.1,93.6,95.0,99.7,96.4,92.3,105.5
TOPCOAT-0023,1900,31:40,99.5,94.0,100.9,90.8,104.0,98.1,94.2,94.7,100.4,96.2,93.0,105.7
TOPCOAT-0023,1901,31:41,99.3,94.2,100.1,92.1,104.2,96.7,93.8,93.9,100.3,96.7,92.3,104.6
TOPCOAT-0023,1902,31:42,100.1,93.3,99.3,90.9,104.2,97.3,93.5,94.4,100.3,95.7,92.6,105.3
TOPCOAT-0023,1903,31:43,99.1,94.1,99.7,91.4,102.3,96.3,93.5,93.3,99.6,96.5,91.3,104.3
TOPCOAT-0023,1904,31:44,98.4,93.5,100.0,91.2,103.6,96.5,92.8,94.1,99.0,95.8,92.2,104.1
TOPCOAT-0023,1905,31:45,99.2,92.9,100.1,91.1,102.1,97.1,93.3,93.3,98.9,95.1,91.6,103.8
TOPCOAT-0023,1906,31:46,97.7,93.4,99.5,90.7,102.3,96.4,93.0,92.5,99.3,95.6,91.5,104.8
TOPCOAT-0023,1907,31:47,98.9,92.5,98.4,90.6,102.8,95.3,91.6,94.0,99.4,95.5,90.2,104.2
TOPCOAT-0023,1908,31:48,98.8,93.0,99.3,91.2,102.0,95.3,92.1,93.0,98.4,95.7,91.5,104.0
TOPCOAT-0023,1909,31:49,98.1,92.1,99.0,90.6,102.2,95.6,92.5,92.4,98.9,95.0,90.5,104.2
TOPCOAT-0023,1910,31:50,97.7,92.8,99.4,90.5,101.4,94.7,91.8,92.6,99.0,95.7,90.6,102.7
TOPCOAT-0023,1911,31:51,97.6,92.4,98.6,90.3,102.0,95.2,91.5,91.7,98.9,95.0,90.0,103.6
TOPCOAT-0023,1912,31:52,98.1,91.8,97.9,90.7,101.6,94.4,91.4,92.3,98.8,94.7,90.4,103.7
TOPCOAT-0023,1913,31:53,97.8,91.3,97.9,89.1,101.4,95.0,91.4,93.1,97.2,94.2,90.3,103.0
TOPCOAT-0023,1914,31:54,96.4,91.5,98.2,89.1,101.4,95.6,91.8,92.4,98.6,93.7,90.3,103.0
TOPCOAT-0023,1915,31:55,97.0,91.2,97.5,89.4,101.3,95.6,91.2,90.8,97.4,94.0,89.7,102.6
TOPCOAT-0023,1916,31:56,96.5,90.5,97.1,88.6,100.6,94.5,91.1,91.8,97.7,94.0,90.2,102.4
TOPCOAT-0023,1917,31:57,97.0,90.9,97.3,89.5,100.2,94.4,91.4,92.3,97.2,93.6,90.2,103.1
TOPCOAT-0023,1918,31:58,97.2,90.8,97.4,88.8,100.3,94.0,90.2,92.2,97.4,93.6,90.0,102.7
TOPCOAT-0023,1919,31:59,96.1,90.6,96.5,89.0,100.9,93.2,90.6,90.6,96.6,92.8,89.3,102.3
TOPCOAT-0023,1920,32:00,95.6,90.1,95.6,88.8,100.5,93.4,91.3,90.7,98.5,93.9,89.4,101.6
TOPCOAT-0023,1921,32:01,96.4,91.1,97.4,89.1,100.5,94.4,90.8,91.4,98.7,93.7,89.1,102.1
TOPCOAT-0023,1922,32:02,95.9,90.7,96.7,88.7,98.6,92.4,90.9,90.4,96.7,93.0,88.9,101.1
TOPCOAT-0023,1923,32:03,95.2,90.9,97.3,88.2,99.7,93.1,89.7,90.4,96.3,93.4,88.5,101.4
TOPCOAT-0023,1924,32:04,96.2,89.3,96.7,87.8,99.2,93.4,90.2,90.6,96.7,93.1,89.5,101.3
TOPCOAT-0023,1925,32:05,96.2,89.9,96.6,88.2,99.9,92.7,89.1,90.5,96.3,92.4,88.6,101.2
TOPCOAT-0023,1926,32:06,94.9,89.8,96.2,87.5,99.0,92.5,88.9,89.4,97.1,92.8,88.3,101.0
TOPCOAT-0023,1927,32:07,94.6,88.9,95.8,87.6,98.5,92.0,89.5,90.1,95.7,92.6,88.7,100.8
TOPCOAT-0023,1928,32:08,95.0,89.8,94.7,87.8,98.3,92.6,88.6,90.1,96.1,91.3,88.5,100.9
TOPCOAT-0023,1929,32:09,95.1,88.5,94.6,86.5,99.0,92.6,88.1,89.7,95.5,92.0,87.8,100.6
TOPCOAT-0023,1930,32:10,94.7,88.4,95.9,87.9,97.9,92.1,88.4,89.7,95.6,92.2,87.9,99.6
TOPCOAT-0023,1931,32:11,95.4,87.8,95.1,87.4,98.7,91.9,88.3,89.0,95.9,92.6,87.7,100.4
TOPCOAT-0023,1932,32:12,94.8,88.9,95.3,86.0,98.1,91.3,88.6,89.0,95.6,91.5,87.5,100.2
TOPCOAT-0023,1933,32:13,94.9,87.7,94.9,86.8,97.6,92.1,88.5,89.0,95.8,90.9,87.9,100.2
TOPCOAT-0023,1934,32:14,94.2,88.6,94.5,85.7,98.0,91.3,87.6,89.0,95.1,91.3,87.4,99.6
TOPCOAT-0023,1935,32:15,94.0,87.7,94.6,87.3,97.8,91.8,88.3,88.2,95.0,91.0,87.3,99.5
TOPCOAT-0023,1936,32:16,94.3,87.7,94.4,87.0,96.9,90.5,87.8,88.5,94.2,91.3,85.9,99.6
TOPCOAT-0023,1937,32:17,93.3,88.0,94.8,86.4,97.1,91.0,88.1,88.7,94.5,91.9,87.3,99.7
TOPCOAT-0023,1938,32:18,94.2,87.2,93.7,86.1,96.6,89.9,87.6,88.8,94.2,90.5,86.4,99.9
TOPCOAT-0023,1939,32:19,93.8,87.2,93.4,86.8,95.9,90.1,87.0,88.4,93.8,90.3,85.8,98.4
TOPCOAT-0023,1940,32:20,93.2,87.0,93.8,86.2,97.2,89.7,87.1,87.9,94.4,89.9,86.3,98.5
TOPCOAT-0023,1941,32:21,94.1,87.2,93.1,85.4,96.4,90.3,87.1,87.3,93.8,89.6,86.9,98.8
TOPCOAT-0023,1942,32:22,93.9,86.7,93.7,86.1,96.0,90.5,87.4,87.9,93.9,89.9,86.1,97.8
TOPCOAT-0023,1943,32:23,92.9,87.0,93.3,84.8,96.9,89.7,86.5,88.1,93.3,89.9,85.5,98.0
TOPCOAT-0023,1944,32:24,93.1,88.0,92.6,84.2,95.2,88.4,86.8,87.8,92.8,89.6,85.4,98.7
TOPCOAT-0023,1945,32:25,93.1,87.1,92.7,85.6,96.6,90.0,86.6,88.2,92.8,89.4,85.9,97.8
TOPCOAT-0023,1946,32:26,92.7,86.0,92.6,85.1,95.3,89.0,85.9,87.1,93.2,90.4,85.9,97.7
TOPCOAT-0023,1947,32:27,92.4,87.2,92.7,84.7,94.3,89.2,86.0,88.1,92.2,89.9,84.5,98.1
TOPCOAT-0023,1948,32:28,92.6,86.6,92.2,85.4,93.7,89.0,85.8,87.4,92.5,89.3,85.0,97.8
TOPCOAT-0023,1949,32:29,92.0,86.0,92.7,84.0,95.5,89.7,86.6,85.7,92.4,90.2,85.3,97.3
TOPCOAT-0023,1950,32:30,92.1,86.4,93.0,85.2,94.6,88.6,85.7,87.2,92.0,88.6,84.5,97.4
TOPCOAT-0023,1951,32:31,92.4,85.9,91.9,84.2,94.1,89.1,85.1,85.5,92.4,87.8,83.9,96.6
TOPCOAT-0023,1952,32:32,91.2,85.2,92.2,84.1,95.2,88.1,85.6,86.8,92.2,88.5,85.7,97.2
TOPCOAT-0023,1953,32:33,90.6,86.5,91.9,84.2,93.6,89.1,85.4,86.4,91.7,88.8,84.7,95.9
TOPCOAT-0023,1954,32:34,92.0,84.3,91.3,84.3,95.0,86.7,85.4,85.3,91.7,89.2,84.6,96.5
TOPCOAT-0023,1955,32:35,91.1,84.8,92.0,84.8,94.0,87.5,84.6,86.4,91.8,88.0,84.1,96.4
TOPCOAT-0023,1956,32:36,90.4,85.7,91.6,84.1,92.9,86.9,85.6,86.3,91.0,88.2,83.6,97.0
TOPCOAT-0023,1957,32:37,91.3,85.2,92.0,83.7,93.0,86.3,84.9,85.8,91.2,87.2,83.9,95.1
TOPCOAT-0023,1958,32:38,92.0,84.4,90.5,84.3,92.4,86.2,84.6,85.6,90.3,88.3,83.4,96.7
TOPCOAT-0023,1959,32:39,90.9,84.7,91.6,83.1,93.1,87.3,84.4,85.0,90.0,87.9,83.9,95.2
TOPCOAT-0023,1960,32:40,89.9,83.8,90.1,83.1,91.6,87.4,83.6,85.1,90.2,88.0,83.9,95.2
TOPCOAT-0023,1961,32:41,90.2,84.6,90.6,83.0,92.6,86.6,83.6,84.8,89.5,86.9,83.1,95.5
TOPCOAT-0023,1962,32:42,91.3,84.5,90.2,82.9,92.6,87.1,83.4,84.5,90.4,87.7,83.4,95.2
TOPCOAT-0023,1963,32:43,90.5,83.7,90.4,82.6,92.1,86.4,83.2,85.4,90.1,86.7,83.0,95.4
TOPCOAT-0023,1964,32:44,90.6,84.1,90.5,82.5,92.8,86.7,84.2,85.0,89.7,86.5,83.1,95.0
TOPCOAT-0023,1965,32:45,89.6,83.1,89.7,82.9,91.2,86.1,83.4,83.3,89.2,86.9,83.1,95.0
TOPCOAT-0023,1966,32:46,90.0,85.0,89.7,82.6,91.6,85.3,83.0,83.4,90.6,86.5,82.9,94.0
TOPCOAT-0023,1967,32:47,89.9,83.3,89.8,82.6,91.3,85.5,83.2,83.1,89.6,86.6,82.8,94.8
TOPCOAT-0023,1968,32:48,90.5,83.1,88.7,82.7,91.4,86.3,82.5,84.3,89.4,86.7,82.7,94.8
TOPCOAT-0023,1969,32:49,89.7,84.0,89.1,82.4,91.4,85.4,83.0,83.3,90.1,87.5,82.3,94.8
TOPCOAT-0023,1970,32:50,88.5,83.3,88.5,81.8,91.0,85.2,82.5,82.6,89.1,85.7,82.0,93.6
TOPCOAT-0023,1971,32:51,89.0,82.7,89.6,81.7,90.8,85.4,82.5,83.3,88.7,86.9,81.7,95.0
TOPCOAT-0023,1972,32:52,88.5,83.6,88.9,81.8,90.4,85.6,82.9,82.4,88.8,84.7,81.9,94.5
TOPCOAT-0023,1973,32:53,88.7,82.9,88.7,81.2,89.6,85.0,82.3,82.9,89.5,85.9,81.1,93.4
TOPCOAT-0023,1974,32:54,88.3,82.9,89.0,81.5,91.4,84.6,82.2,83.2,89.0,86.5,80.3,93.6
TOPCOAT-0023,1975,32:55,87.9,82.3,88.8,81.1,90.2,84.7,81.8,82.9,89.9,84.8,80.7,94.0
TOPCOAT-0023,1976,32:56,89.0,82.3,88.4,81.4,90.1,84.9,81.0,83.0,88.5,85.8,81.0,93.1
TOPCOAT-0023,1977,32:57,88.2,82.1,88.5,81.6,89.9,84.4,83.0,82.2,88.1,85.0,80.9,93.1
TOPCOAT-0023,1978,32:58,88.9,81.7,88.4,80.7,90.2,84.0,81.8,82.2,87.3,85.2,81.0,93.3
TOPCOAT-0023,1979,32:59,87.2,82.2,87.9,80.6,89.3,84.4,81.1,82.4,88.3,84.9,80.9,93.5
TOPCOAT-0023,1980,33:00,88.2,81.6,88.3,80.9,89.8,83.8,80.5,82.3,87.8,85.2,80.3,92.8
TOPCOAT-0023,1981,33:01,87.6,81.5,87.1,79.8,89.2,83.1,80.4,81.7,88.0,84.6,80.1,92.4
TOPCOAT-0023,1982,33:02,88.1,81.4,87.0,80.7,89.5,84.0,80.4,82.0,87.6,84.5,80.2,92.7
TOPCOAT-0023,1983,33:03,87.7,82.2,86.4,80.6,88.3,83.9,80.7,82.1,87.7,84.2,79.4,92.4
TOPCOAT-0023,1984,33:04,88.2,80.6,87.1,80.9,88.5,83.5,81.1,81.9,87.7,84.8,80.5,92.7
TOPCOAT-0023,1985,33:05,87.5,81.2,86.8,80.2,88.9,82.7,80.3,80.9,86.8,84.5,80.3,92.1
TOPCOAT-0023,1986,33:06,87.1,81.6,86.6,79.8,88.8,82.8,81.1,81.5,86.6,84.0,80.2,92.4
TOPCOAT-0023,1987,33:07,87.6,80.1,86.7,78.7,88.0,82.7,79.8,80.7,87.0,83.8,80.3,91.1
TOPCOAT-0023,1988,33:08,87.2,80.8,87.7,79.1,87.8,84.2,80.1,81.1,86.4,83.7,79.4,91.2
TOPCOAT-0023,1989,33:09,86.3,81.4,86.5,79.4,88.5,82.8,79.5,80.6,86.3,83.7,78.9,91.6
TOPCOAT-0023,1990,33:10,86.9,81.0,85.6,80.2,87.8,82.6,79.5,81.7,86.0,83.4,79.4,91.8
TOPCOAT-0023,1991,33:11,86.8,80.7,86.2,80.3,86.7,83.5,79.2,80.1,86.6,83.5,79.6,91.3
TOPCOAT-0023,1992,33:12,86.2,80.0,86.9,79.2,88.5,81.9,79.2,79.7,86.0,83.8,79.9,90.9
TOPCOAT-0023,1993,33:13,85.7,80.4,85.2,78.7,87.6,83.0,80.2,80.2,86.2,83.2,79.1,90.8
TOPCOAT-0023,1994,33:14,86.4,79.9,85.5,79.2,86.9,81.5,79.2,79.6,86.3,83.2,79.4,90.2
TOPCOAT-0023,1995,33:15,87.1,79.8,85.9,79.2,88.2,82.4,78.6,80.2,85.4,82.1,78.3,90.2
TOPCOAT-0023,1996,33:16,85.9,80.0,85.5,78.4,86.3,81.8,79.2,80.6,85.9,83.1,79.1,90.6
TOPCOAT-0023,1997,33:17,86.0,79.7,85.8,78.9,86.1,81.7,78.5,79.5,84.8,82.6,79.1,89.8
TOPCOAT-0023,1998,33:18,85.0,80.2,85.3,79.3,87.2,81.8,79.1,80.4,84.9,81.8,78.9,90.3
TOPCOAT-0023,1999,33:19,85.2,78.5,85.9,78.1,85.8,80.8,78.7,79.2,84.8,81.3,78.7,91.0
TOPCOAT-0023,2000,33:20,86.4,79.5,84.6,78.2,86.5,81.9,78.5,80.0,84.7,82.4,78.2,89.4
TOPCOAT-0023,2001,33:21,86.0,79.4,84.8,78.9,86.1,80.5,78.0,78.8,84.7,82.5,78.8,90.0
TOPCOAT-0023,2002,33:22,84.9,79.8,84.5,77.5,86.1,80.3,78.6,79.3,84.9,81.0,78.3,89.6
TOPCOAT-0023,2003,33:23,85.3,78.9,85.1,79.0,85.9,81.2,77.5,78.9,84.4,81.8,77.4,89.0
TOPCOAT-0023,2004,33:24,85.7,80.1,84.7,78.4,85.6,80.3,77.2,79.5,83.2,82.0,78.1,89.1
TOPCOAT-0023,2005,33:25,84.4,79.6,84.4,77.0,86.0,80.1,78.1,78.9,83.7,81.7,77.6,89.1
TOPCOAT-0023,2006,33:26,84.9,77.8,84.2,77.2,85.4,79.3,78.3,78.2,83.8,81.2,77.7,89.1
TOPCOAT-0023,2007,33:27,84.7,77.4,84.7,77.2,85.0,80.1,77.4,78.4,83.8,81.4,77.3,89.2
TOPCOAT-0023,2008,33:28,84.2,78.4,83.8,76.8,85.0,79.4,77.3,78.3,84.7,81.3,77.5,89.0
TOPCOAT-0023,2009,33:29,83.9,77.7,84.4,77.9,85.0,78.9,76.7,77.9,83.7,81.3,76.7,88.3
TOPCOAT-0023,2010,33:30,84.3,77.4,84.2,77.1,84.4,79.7,77.3,77.5,84.1,81.4,76.9,88.4
TOPCOAT-0023,2011,33:31,84.8,78.1,83.9,76.3,84.2,79.1,77.3,77.5,83.8,80.0,75.7,88.0
TOPCOAT-0023,2012,33:32,83.5,77.5,83.9,76.8,83.7,78.4,77.0,77.2,83.0,82.0,76.6,89.6
TOPCOAT-0023,2013,33:33,85.1,77.5,83.6,76.6,84.6,79.7,76.1,77.2,83.3,81.4,76.4,87.9
TOPCOAT-0023,2014,33:34,83.7,78.1,83.3,76.3,84.2,80.0,76.5,77.3,83.7,80.6,76.6,87.0
TOPCOAT-0023,2015,33:35,82.6,77.6,83.3,76.1,84.1,78.4,76.2,78.3,82.4,79.8,76.8,87.6
TOPCOAT-0023,2016,33:36,83.4,77.0,83.5,77.0,84.5,78.8,76.4,76.7,82.7,79.5,76.8,87.7
TOPCOAT-0023,2017,33:37,83.0,77.7,82.6,76.7,83.9,78.7,76.1,77.4,83.2,80.8,76.4,87.5
TOPCOAT-0023,2018,33:38,82.9,77.2,82.4,75.7,83.5,78.5,75.8,76.9,83.1,80.5,75.4,87.6
TOPCOAT-0023,2019,33:39,82.5,76.6,82.8,76.4,82.9,78.9,76.4,77.4,81.4,81.0,76.1,86.6
TOPCOAT-0023,2020,33:40,82.8,76.0,82.1,76.0,83.6,77.6,76.0,76.6,82.6,80.0,75.8,87.9
TOPCOAT-0023,2021,33:41,83.6,76.8,82.1,76.2,83.4,77.9,75.4,76.5,81.8,79.8,76.1,88.0
TOPCOAT-0023,2022,33:42,83.0,76.8,82.5,74.8,82.7,77.2,76.5,76.7,82.6,80.8,75.1,87.1
TOPCOAT-0023,2023,33:43,83.1,76.8,82.4,76.2,83.4,76.8,75.8,76.3,81.9,79.7,75.4,88.0
TOPCOAT-0023,2024,33:44,81.9,76.0,81.7,75.6,82.9,77.0,74.7,76.2,81.6,79.8,75.5,87.0
TOPCOAT-0023,2025,33:45,82.1,75.9,81.4,76.1,82.4,77.7,74.8,75.7,82.3,79.0,74.9,86.8
TOPCOAT-0023,2026,33:46,82.7,75.8,81.2,75.9,81.5,76.6,74.8,75.4,81.2,79.0,75.1,87.4
TOPCOAT-0023,2027,33:47,81.9,75.3,82.4,75.5,81.7,78.0,74.2,75.0,82.1,79.2,75.0,86.9
TOPCOAT-0023,2028,33:48,81.3,76.8,81.4,74.9,81.9,76.6,73.9,76.2,81.6,78.0,75.0,87.5
TOPCOAT-0023,2029,33:49,81.3,75.1,81.4,75.4,82.3,77.1,75.0,75.1,81.3,79.4,74.5,86.8
TOPCOAT-0023,2030,33:50,82.4,75.8,80.8,74.7,81.7,76.6,74.5,75.1,80.7,78.7,74.0,85.8
TOPCOAT-0023,2031,33:51,82.5,74.9,81.2,75.6,82.2,76.5,74.7,75.1,80.7,79.1,74.7,85.9
TOPCOAT-0023,2032,33:52,82.0,75.1,81.4,75.9,81.8,77.0,74.4,75.7,81.2,79.2,74.0,85.8
TOPCOAT-0023,2033,33:53,81.4,75.1,79.9,74.6,80.9,77.4,74.6,74.9,80.7,78.0,74.6,85.7
TOPCOAT-0023,2034,33:54,81.4,75.2,80.9,73.5,81.4,77.5,73.9,76.0,81.2,77.1,74.2,85.8
TOPCOAT-0023,2035,33:55,80.5,74.8,80.9,74.3,80.8,76.6,73.7,74.9,80.8,79.3,74.0,84.9
TOPCOAT-0023,2036,33:56,81.3,74.5,80.2,73.8,80.9,76.1,74.6,74.9,80.8,78.3,73.2,85.5
TOPCOAT-0023,2037,33:57,81.4,74.5,80.1,74.2,80.9,76.3,73.5,75.3,80.4,77.6,73.8,84.9
TOPCOAT-0023,2038,33:58,80.1,75.2,80.2,74.2,80.2,76.6,74.4,75.6,80.6,77.1,72.8,84.9
TOPCOAT-0023,2039,33:59,80.7,74.6,80.8,73.4,80.4,76.0,73.6,75.1,79.9,77.9,73.6,84.9
TOPCOAT-0023,2040,34:00,81.1,74.4,80.0,74.8,81.2,75.9,73.9,74.7,80.2,76.9,73.1,84.8
TOPCOAT-0023,2041,34:01,80.7,73.5,80.2,74.0,80.7,76.4,73.5,73.8,79.7,77.9,73.3,85.2
TOPCOAT-0023,2042,34:02,80.6,74.8,79.5,74.4,79.9,76.2,73.2,75.0,79.7,77.1,73.3,84.1
TOPCOAT-0023,2043,34:03,80.3,74.7,79.6,73.6,81.0,75.5,73.5,73.7,79.2,76.7,72.9,85.0
TOPCOAT-0023,2044,34:04,80.9,74.3,79.4,73.9,80.2,75.3,72.6,73.9,78.8,76.3,74.0,84.2
TOPCOAT-0023,2045,34:05,80.3,73.8,79.3,73.5,80.7,74.8,72.7,74.6,79.6,77.1,73.3,83.5
TOPCOAT-0023,2046,34:06,80.2,73.7,79.3,72.7,79.3,75.0,72.5,72.9,78.4,76.8,72.9,84.5
TOPCOAT-0023,2047,34:07,80.1,73.9,79.7,73.7,79.4,75.9,72.3,73.3,79.5,76.9,72.8,83.6
TOPCOAT-0023,2048,34:08,79.9,73.6,78.3,73.7,80.3,74.8,72.1,74.0,78.9,77.0,72.7,84.2
TOPCOAT-0023,2049,34:09,79.8,73.6,78.4,73.4,79.1,74.3,72.0,72.9,77.3,76.4,72.3,83.2
TOPCOAT-0023,2050,34:10,79.4,74.2,78.9,73.3,80.8,74.5,72.2,74.4,79.5,77.3,72.0,83.3
TOPCOAT-0023,2051,34:11,78.8,73.6,78.7,72.9,79.8,73.6,72.7,73.6,77.8,76.0,72.8,83.9
TOPCOAT-0023,2052,34:12,79.3,73.4,77.4,73.0,78.8,74.5,72.3,73.8,77.8,76.1,71.8,82.8
TOPCOAT-0023,2053,34:13,78.6,73.2,77.6,72.9,78.4,73.8,71.3,73.1,77.2,76.5,71.7,82.6
TOPCOAT-0023,2054,34:14,78.8,72.7,78.3,73.5,78.3,74.3,72.5,72.8,78.3,75.5,72.0,82.7
TOPCOAT-0023,2055,34:15,79.4,72.9,78.6,71.1,78.5,73.6,71.0,71.5,78.3,75.6,72.3,82.7
TOPCOAT-0023,2056,34:16,79.7,72.8,78.8,73.3,77.7,73.9,72.0,72.9,77.8,75.7,71.7,84.1
TOPCOAT-0023,2057,34:17,78.3,72.1,78.5,71.8,78.4,73.8,71.3,71.5,78.2,76.3,71.9,82.9
TOPCOAT-0023,2058,34:18,78.3,72.4,77.6,72.1,78.0,74.2,71.4,72.2,78.8,76.3,72.1,81.7
TOPCOAT-0023,2059,34:19,78.3,72.4,77.9,71.5,77.9,72.9,71.2,73.8,77.4,75.7,71.4,82.6
TOPCOAT-0023,2060,34:20,78.0,72.1,77.4,71.7,78.8,73.5,71.1,71.3,77.8,74.8,70.9,82.8
TOPCOAT-0023,2061,34:21,79.3,72.9,77.8,72.0,78.3,73.3,71.4,72.4,76.5,74.7,72.0,82.1
TOPCOAT-0023,2062,34:22,79.4,72.0,77.2,71.8,78.0,73.8,70.2,71.8,76.9,74.3,71.5,81.4
TOPCOAT-0023,2063,34:23,78.8,72.4,77.6,72.1,77.2,73.2,70.7,72.5,76.9,75.5,70.7,82.7
TOPCOAT-0023,2064,34:24,78.1,71.5,77.0,70.7,77.5,73.4,71.7,71.6,76.7,74.9,70.1,80.7
TOPCOAT-0023,2065,34:25,77.3,71.6,75.8,72.1,77.2,73.6,70.3,71.3,76.1,74.4,70.3,82.5
TOPCOAT-0023,2066,34:26,78.7,71.5,76.3,71.4,77.5,73.6,70.3,71.8,77.9,75.2,70.3,81.0
TOPCOAT-0023,2067,34:27,78.0,71.5,77.6,70.1,77.5,72.5,69.4,71.0,76.4,74.6,70.2,81.2
TOPCOAT-0023,2068,34:28,77.9,72.4,77.2,71.8,76.5,72.7,69.9,72.2,76.5,74.7,70.5,82.9
TOPCOAT-0023,2069,34:29,77.3,71.8,76.3,71.3,77.1,72.1,69.1,70.4,76.7,74.4,71.0,81.3
TOPCOAT-0023,2070,34:30,77.1,70.9,76.9,71.8,76.7,72.2,69.8,70.9,76.4,74.3,69.9,81.7
TOPCOAT-0023,2071,34:31,77.9,71.0,77.1,72.1,76.9,71.6,70.1,71.0,76.1,74.3,69.7,80.7
TOPCOAT-0023,2072,34:32,77.5,71.6,76.8,70.6,76.9,72.6,69.8,70.3,75.7,73.6,70.4,80.8
TOPCOAT-0023,2073,34:33,77.1,71.8,75.9,70.9,75.8,71.9,70.1,71.0,75.1,73.4,70.1,80.1
TOPCOAT-0023,2074,34:34,76.4,71.6,75.9,70.2,75.8,71.6,70.2,71.2,76.0,73.8,70.0,80.4
TOPCOAT-0023,2075,34:35,76.8,70.3,75.9,70.1,76.6,71.5,68.2,69.7,75.7,74.3,70.2,80.0
TOPCOAT-0023,2076,34:36,76.6,70.4,75.7,70.2,76.1,70.8,69.7,70.9,76.0,73.7,69.1,81.3
TOPCOAT-0023,2077,34:37,76.4,70.9,74.9,71.1,75.9,70.2,68.9,69.6,75.4,73.9,70.5,80.3
TOPCOAT-0023,2078,34:38,77.6,70.3,75.8,70.7,75.9,70.8,68.5,69.9,75.4,73.6,69.9,81.5
TOPCOAT-0023,2079,34:39,77.9,71.0,75.6,70.4,75.5,70.9,69.6,70.0,75.9,73.8,69.8,79.9
TOPCOAT-0023,2080,34:40,76.4,70.3,75.2,69.4,75.6,71.1,68.5,69.8,75.9,73.3,69.0,79.6
TOPCOAT-0023,2081,34:41,76.5,70.6,75.3,69.6,75.5,71.4,69.0,70.1,75.6,73.6,70.0,80.2
TOPCOAT-0023,2082,34:42,76.4,69.9,74.9,70.6,75.2,70.8,68.0,70.1,75.7,74.0,69.5,80.0
TOPCOAT-0023,2083,34:43,76.9,70.1,74.9,69.7,74.6,71.2,69.5,70.0,75.5,73.2,70.1,79.1
TOPCOAT-0023,2084,34:44,75.9,69.9,75.1,69.9,74.4,70.4,68.6,70.0,75.1,72.3,69.3,79.5
TOPCOAT-0023,2085,34:45,75.8,70.3,74.9,69.6,74.7,70.8,68.9,69.1,74.4,72.8,69.2,79.6
TOPCOAT-0023,2086,34:46,75.9,69.9,74.5,69.5,74.1,70.7,68.3,69.3,74.7,73.2,69.2,79.3
TOPCOAT-0023,2087,34:47,76.5,69.9,74.9,69.4,74.4,70.0,68.5,69.0,74.5,72.7,68.8,79.6
TOPCOAT-0023,2088,34:48,75.9,69.9,73.6,69.3,74.6,70.2,68.1,69.2,73.7,72.8,68.9,79.8
TOPCOAT-0023,2089,34:49,76.2,69.4,75.7,68.5,74.1,70.0,66.9,68.5,74.1,72.5,68.9,78.4
TOPCOAT-0023,2090,34:50,76.0,68.8,74.1,69.2,73.7,69.8,67.7,69.9,74.5,73.0,67.9,79.2
TOPCOAT-0023,2091,34:51,75.6,69.1,73.8,69.1,74.6,69.6,67.4,69.0,73.4,72.3,68.4,78.7
TOPCOAT-0023,2092,34:52,75.8,68.9,74.4,69.7,73.7,69.5,67.4,69.1,73.9,72.3,68.3,78.5
TOPCOAT-0023,2093,34:53,74.7,68.8,74.1,68.8,73.6,69.6,67.1,68.0,74.1,71.4,68.2,78.5
TOPCOAT-0023,2094,34:54,75.1,68.8,74.0,69.3,74.9,69.6,67.1,69.2,73.5,72.5,67.4,79.1
TOPCOAT-0023,2095,34:55,74.2,68.5,73.3,68.9,73.8,69.1,68.0,67.9,73.9,71.9,68.8,78.0
TOPCOAT-0023,2096,34:56,75.5,68.4,73.4,68.8,73.0,68.7,67.3,68.0,73.5,72.0,67.6,78.6
TOPCOAT-0023,2097,34:57,75.1,68.7,74.0,68.6,73.6,68.9,68.1,67.7,73.2,72.0,67.5,77.7
TOPCOAT-0023,2098,34:58,75.5,68.5,74.1,68.3,73.5,68.8,67.8,67.9,73.1,71.4,68.4,77.1
TOPCOAT-0023,2099,34:59,74.5,68.4,73.6,67.7,73.4,68.9,67.7,68.0,73.4,71.8,67.6,78.5
