trial_id,time_s,time_mmss,T_LH_HOOD,T_LH_FENDER,T_LH_FRONT_DOOR,T_LH_REAR_DOOR,T_LH_Q_P,T_LH_T_G,T_RH_T_G,T_RH_Q_P,T_RH_REAR_DOOR,T_RH_FR_DOOR,T_RH_FENDER,T_RH_HOOD
TOPCOAT-0004,0,00:00,34.7,35.0,35.8,35.7,35.7,34.6,33.7,35.3,35.3,33.8,35.9,36.0
TOPCOAT-0004,1,00:01,34.5,34.4,35.4,34.8,34.9,35.3,35.6,35.2,34.3,33.9,35.9,33.9
TOPCOAT-0004,2,00:02,35.7,34.2,35.0,35.3,34.5,34.5,34.2,35.5,35.3,34.4,35.8,35.8
TOPCOAT-0004,3,00:03,33.9,35.2,34.8,35.0,35.1,34.2,33.9,34.3,33.0,34.7,34.7,34.9
TOPCOAT-0004,4,00:04,34.6,34.7,33.8,36.2,35.0,35.4,33.8,34.2,35.3,35.7,35.5,34.9
TOPCOAT-0004,5,00:05,35.9,34.0,35.5,34.5,33.9,35.0,34.5,34.9,35.5,35.4,34.3,33.7
TOPCOAT-0004,6,00:06,36.3,35.5,34.3,34.5,35.0,34.4,35.4,35.3,35.7,34.3,34.9,34.6
TOPCOAT-0004,7,00:07,35.7,34.9,34.5,35.2,34.9,35.5,35.3,34.7,35.2,35.2,36.5,34.6
TOPCOAT-0004,8,00:08,35.1,36.0,35.9,34.8,34.6,34.8,35.1,35.6,34.9,35.4,35.9,35.6
TOPCOAT-0004,9,00:09,34.9,34.4,36.3,36.0,35.5,35.7,36.0,35.9,34.3,34.8,34.9,34.8
TOPCOAT-0004,10,00:10,35.6,36.4,35.1,35.5,33.8,34.0,35.5,35.4,35.3,34.0,34.4,35.1
TOPCOAT-0004,11,00:11,35.7,33.9,35.3,35.2,34.1,34.5,34.7,35.3,35.5,35.1,35.4,34.9
TOPCOAT-0004,12,00:12,36.0,34.8,35.4,35.2,35.2,33.8,35.4,34.7,35.2,35.8,35.1,34.0
TOPCOAT-0004,13,00:13,34.0,34.8,34.7,35.0,35.6,35.4,34.1,36.1,34.1,35.2,34.8,35.5
TOPCOAT-0004,14,00:14,34.6,34.8,34.4,35.0,35.1,35.6,34.6,35.9,34.7,36.2,35.5,34.9
TOPCOAT-0004,15,00:15,34.6,34.7,35.5,34.8,34.2,35.0,34.9,35.6,34.2,35.8,35.1,35.2
TOPCOAT-0004,16,00:16,35.4,34.5,35.4,34.9,35.3,34.5,34.9,35.3,35.1,35.6,35.5,34.2
TOPCOAT-0004,17,00:17,34.9,36.0,34.4,35.4,34.2,34.8,35.1,35.2,35.1,33.6,33.8,35.0
TOPCOAT-0004,18,00:18,35.2,34.8,35.0,34.7,35.0,35.7,35.2,35.2,35.5,34.4,35.2,35.7
TOPCOAT-0004,19,00:19,35.6,35.3,34.5,35.5,34.9,34.6,35.5,35.1,34.5,35.0,35.5,34.1
TOPCOAT-0004,20,00:20,34.6,34.8,35.3,35.2,34.6,35.2,35.2,35.6,34.5,35.0,34.5,35.1
TOPCOAT-0004,21,00:21,34.6,36.3,35.7,34.4,34.8,34.2,35.7,35.4,35.2,35.1,34.9,35.5
TOPCOAT-0004,22,00:22,34.7,35.6,35.8,35.6,35.3,34.6,34.9,35.4,35.7,35.6,33.4,35.3
TOPCOAT-0004,23,00:23,35.1,36.2,35.8,34.4,35.8,36.2,35.6,35.0,36.0,35.1,35.0,34.6
TOPCOAT-0004,24,00:24,34.1,35.6,35.2,35.8,34.4,35.0,35.1,35.1,35.5,34.8,35.8,34.8
TOPCOAT-0004,25,00:25,34.3,34.4,34.7,34.9,34.9,35.1,36.1,35.3,35.2,35.4,34.9,35.6
TOPCOAT-0004,26,00:26,35.3,34.7,35.8,35.1,36.0,35.0,35.6,35.7,35.3,35.0,35.1,34.5
TOPCOAT-0004,27,00:27,35.0,35.0,35.0,35.6,35.1,35.5,34.3,36.1,34.2,34.8,34.5,35.0
TOPCOAT-0004,28,00:28,35.2,34.9,35.6,34.8,34.4,34.6,35.4,36.7,34.5,35.6,34.8,34.6
TOPCOAT-0004,29,00:29,34.4,35.2,35.9,34.7,34.7,35.1,35.0,34.4,34.5,36.0,34.9,34.1
TOPCOAT-0004,30,00:30,36.0,35.5,35.4,35.3,34.5,35.9,34.6,34.4,35.3,34.6,35.4,34.5
TOPCOAT-0004,31,00:31,34.5,35.5,35.0,34.9,35.0,36.3,35.1,34.9,35.4,35.5,34.5,34.8
TOPCOAT-0004,32,00:32,34.2,35.2,35.0,35.1,35.1,35.5,34.4,34.8,35.3,36.4,35.2,35.6
TOPCOAT-0004,33,00:33,34.6,34.9,35.3,35.3,35.2,34.9,35.0,34.2,35.9,35.0,34.6,35.8
TOPCOAT-0004,34,00:34,34.6,35.3,35.0,35.3,34.0,35.0,34.3,35.1,35.2,35.7,35.6,35.7
TOPCOAT-0004,35,00:35,35.9,34.8,36.0,34.8,35.3,34.9,36.6,35.3,35.6,35.0,35.8,34.3
TOPCOAT-0004,36,00:36,34.5,35.3,34.4,35.6,33.9,35.1,34.5,35.8,34.3,34.9,34.6,35.6
TOPCOAT-0004,37,00:37,35.8,34.6,35.1,35.4,35.8,34.3,34.2,35.6,36.3,36.0,35.4,34.8
TOPCOAT-0004,38,00:38,34.7,35.8,34.9,36.4,34.7,34.9,34.3,33.9,35.1,35.5,35.5,35.6
TOPCOAT-0004,39,00:39,35.0,34.4,35.9,34.5,35.2,35.4,34.3,35.3,34.5,35.0,34.4,34.9
TOPCOAT-0004,40,00:40,34.8,35.3,35.3,35.9,34.5,35.5,34.5,35.5,36.0,35.2,35.8,34.9
TOPCOAT-0004,41,00:41,35.9,35.7,34.7,36.4,35.3,34.0,34.6,34.5,35.6,35.7,34.9,36.4
TOPCOAT-0004,42,00:42,34.8,34.0,35.4,34.7,35.3,35.4,35.3,34.9,35.5,35.2,35.6,35.7
TOPCOAT-0004,43,00:43,35.3,35.1,35.5,35.8,36.1,35.0,36.0,34.3,35.5,35.9,35.9,35.6
TOPCOAT-0004,44,00:44,35.0,35.5,35.2,35.5,35.1,34.8,35.1,35.4,35.3,35.2,35.2,34.1
TOPCOAT-0004,45,00:45,35.2,36.2,34.7,35.7,35.4,34.6,34.9,33.5,35.5,34.9,35.5,34.4
TOPCOAT-0004,46,00:46,34.6,36.1,35.1,35.0,34.4,34.5,34.6,35.1,35.0,36.3,35.5,33.5
TOPCOAT-0004,47,00:47,35.6,35.9,35.1,35.5,34.9,33.6,35.5,35.3,35.0,35.4,35.0,36.1
TOPCOAT-0004,48,00:48,35.0,35.0,34.2,34.9,34.5,35.1,36.0,35.2,35.0,35.9,34.9,35.2
TOPCOAT-0004,49,00:49,35.0,34.6,35.7,35.3,35.1,34.6,34.8,34.9,34.9,35.5,35.2,36.0
TOPCOAT-0004,50,00:50,35.1,34.7,34.9,34.7,34.7,35.3,34.3,35.2,35.2,35.1,34.7,35.2
TOPCOAT-0004,51,00:51,35.0,35.7,35.5,35.6,35.5,35.6,35.2,35.2,35.9,35.1,34.3,35.8
TOPCOAT-0004,52,00:52,35.1,35.6,35.2,35.6,33.8,34.4,35.6,34.7,35.2,35.4,35.9,34.3
TOPCOAT-0004,53,00:53,36.9,35.3,36.2,35.2,35.2,34.6,35.5,35.7,36.0,35.2,35.6,35.1
TOPCOAT-0004,54,00:54,35.5,34.8,34.1,35.3,34.4,34.4,34.7,34.5,35.9,35.5,35.0,34.9
TOPCOAT-0004,55,00:55,35.5,35.1,35.5,35.5,35.3,35.1,35.4,35.5,34.9,35.4,34.8,36.0
TOPCOAT-0004,56,00:56,36.0,36.4,34.8,34.9,35.2,34.9,34.3,35.7,35.9,35.6,35.0,34.5
TOPCOAT-0004,57,00:57,34.2,35.1,35.4,37.0,35.3,34.9,34.8,35.7,35.8,35.6,34.3,35.7
TOPCOAT-0004,58,00:58,34.9,35.5,35.1,35.9,35.5,35.2,34.2,34.8,35.9,35.2,35.4,33.8
TOPCOAT-0004,59,00:59,35.3,35.0,35.3,34.6,34.7,34.9,34.4,35.7,35.7,34.5,34.4,35.8
TOPCOAT-0004,60,01:00,35.3,35.4,35.2,34.9,34.9,34.8,34.5,35.2,36.0,35.3,35.3,35.5
TOPCOAT-0004,61,01:01,35.1,34.9,35.8,34.8,34.8,35.2,34.4,35.0,34.2,35.8,35.0,36.2
TOPCOAT-0004,62,01:02,34.6,35.0,33.8,36.2,34.4,35.3,35.2,36.2,35.7,35.6,36.0,35.5
TOPCOAT-0004,63,01:03,35.2,36.1,35.8,35.2,34.6,35.0,34.7,35.5,35.2,36.1,35.0,35.1
TOPCOAT-0004,64,01:04,35.2,35.0,36.5,36.1,34.0,34.1,34.6,35.3,35.6,35.3,35.5,34.6
TOPCOAT-0004,65,01:05,34.4,35.8,35.8,35.0,35.3,35.8,35.4,35.8,35.3,34.8,35.7,34.8
TOPCOAT-0004,66,01:06,37.1,35.6,35.0,35.5,35.2,34.0,35.5,35.3,34.6,35.8,34.6,35.1
TOPCOAT-0004,67,01:07,34.3,34.8,35.7,35.9,35.7,35.4,34.3,34.2,35.4,34.8,35.2,35.2
TOPCOAT-0004,68,01:08,34.8,35.1,34.9,34.8,35.5,35.6,34.8,35.2,35.2,35.7,35.3,35.4
TOPCOAT-0004,69,01:09,35.9,35.1,34.9,35.7,35.2,35.3,35.0,35.4,34.8,35.2,35.1,34.9
TOPCOAT-0004,70,01:10,35.6,35.0,35.4,35.2,35.6,35.4,35.3,35.7,34.7,35.3,35.1,35.6
TOPCOAT-0004,71,01:11,35.7,35.3,35.4,35.6,34.8,36.1,35.3,34.7,36.7,36.1,34.9,35.8
TOPCOAT-0004,72,01:12,35.3,35.8,35.8,35.3,34.2,35.2,34.5,33.7,35.5,35.2,35.2,35.3
TOPCOAT-0004,73,01:13,34.5,35.3,35.2,35.2,35.2,35.2,36.4,34.8,37.0,35.3,35.5,34.4
TOPCOAT-0004,74,01:14,34.7,34.8,35.3,34.8,35.6,36.2,34.9,35.4,34.8,36.2,36.0,34.2
TOPCOAT-0004,75,01:15,36.0,34.9,35.5,35.5,35.0,34.6,35.8,34.1,36.0,35.5,35.1,35.5
TOPCOAT-0004,76,01:16,34.4,35.6,36.4,35.9,35.1,34.3,35.0,34.8,35.1,35.4,35.8,36.1
TOPCOAT-0004,77,01:17,35.2,35.8,34.3,35.8,35.5,35.1,34.4,35.1,35.4,36.6,35.1,35.0
TOPCOAT-0004,78,01:18,35.3,36.0,35.5,36.4,34.9,34.5,35.5,34.9,35.9,36.0,35.8,36.0
TOPCOAT-0004,79,01:19,36.0,35.6,35.1,36.4,35.8,35.4,34.4,34.0,35.3,35.1,35.2,35.6
TOPCOAT-0004,80,01:20,34.9,35.7,36.4,35.6,35.3,35.4,35.4,34.7,35.8,35.9,35.0,35.8
TOPCOAT-0004,81,01:21,35.1,36.3,35.7,35.6,35.8,36.7,36.0,34.5,35.5,36.0,35.4,36.3
TOPCOAT-0004,82,01:22,35.6,35.7,34.9,36.2,35.0,34.7,35.8,35.1,35.4,35.8,34.8,35.9
TOPCOAT-0004,83,01:23,34.4,35.0,36.1,35.7,35.0,35.5,35.2,35.0,35.4,35.4,36.3,34.8
TOPCOAT-0004,84,01:24,35.4,35.5,36.4,36.5,35.2,35.6,35.5,34.7,35.5,35.8,35.1,35.8
TOPCOAT-0004,85,01:25,35.8,35.2,35.6,35.3,35.4,36.0,35.0,35.2,35.7,36.0,34.8,35.4
TOPCOAT-0004,86,01:26,35.8,35.3,35.4,35.7,34.9,34.6,34.5,34.6,36.0,35.9,35.0,35.7
TOPCOAT-0004,87,01:27,35.0,36.2,35.3,34.9,35.0,35.0,35.8,34.7,36.4,35.7,35.3,35.4
TOPCOAT-0004,88,01:28,35.0,35.5,35.9,35.1,35.0,34.8,34.8,35.0,35.3,35.2,37.1,35.6
TOPCOAT-0004,89,01:29,35.0,35.6,36.8,36.2,35.0,36.0,34.5,34.9,36.3,35.6,36.5,35.6
TOPCOAT-0004,90,01:30,35.1,34.8,35.1,34.9,35.1,35.4,35.1,35.2,35.5,35.9,35.6,35.5
TOPCOAT-0004,91,01:31,35.1,35.5,36.1,35.7,35.4,35.5,35.0,35.3,35.4,36.1,35.1,35.2
TOPCOAT-0004,92,01:32,36.0,36.4,35.0,35.7,34.4,34.7,36.1,35.6,35.7,35.5,35.1,35.8
TOPCOAT-0004,93,01:33,35.7,35.5,35.8,35.5,35.8,34.5,35.9,34.7,35.9,36.0,35.2,35.5
TOPCOAT-0004,94,01:34,35.1,36.1,36.6,35.8,34.6,35.7,34.7,35.7,35.8,36.4,36.2,35.5
TOPCOAT-0004,95,01:35,36.6,36.4,34.9,36.7,34.9,35.3,35.7,34.7,35.0,35.8,35.9,36.2
TOPCOAT-0004,96,01:36,35.5,36.2,36.2,35.9,35.0,34.5,35.3,35.5,35.6,35.8,35.2,35.8
TOPCOAT-0004,97,01:37,34.6,36.0,35.9,36.8,35.1,35.2,35.2,35.3,36.0,35.4,35.5,34.9
TOPCOAT-0004,98,01:38,36.2,35.3,36.1,36.3,34.1,35.6,35.0,35.8,36.2,35.8,36.1,35.0
TOPCOAT-0004,99,01:39,36.6,36.8,36.1,37.1,34.5,35.7,35.2,35.7,35.8,36.8,35.6,36.0
TOPCOAT-0004,100,01:40,35.6,35.5,35.9,36.7,35.4,35.3,34.9,35.5,35.6,35.7,35.3,35.5
TOPCOAT-0004,101,01:41,35.6,36.2,35.0,36.9,36.2,34.8,35.6,35.3,36.4,35.9,35.7,36.3
TOPCOAT-0004,102,01:42,35.5,35.2,35.3,35.4,35.0,35.5,36.1,35.9,36.1,36.7,36.3,35.4
TOPCOAT-0004,103,01:43,35.8,35.8,35.4,36.0,35.3,35.0,35.4,36.2,36.1,36.2,35.3,34.7
TOPCOAT-0004,104,01:44,34.9,35.7,36.1,35.9,35.1,36.4,36.0,35.1,35.8,36.8,35.9,36.2
TOPCOAT-0004,105,01:45,35.6,36.5,36.5,37.1,35.3,35.4,36.1,35.9,36.0,36.4,36.8,35.1
TOPCOAT-0004,106,01:46,36.1,35.4,35.7,35.8,35.4,34.4,35.1,36.3,36.5,37.2,35.4,35.8
TOPCOAT-0004,107,01:47,35.5,36.0,36.0,37.1,35.6,35.8,35.4,34.6,36.5,36.4,36.5,35.5
TOPCOAT-0004,108,01:48,35.5,35.6,36.3,35.8,36.0,35.3,35.6,35.0,36.2,36.7,36.7,36.1
TOPCOAT-0004,109,01:49,36.4,36.0,36.6,36.3,34.8,36.1,35.4,35.2,36.6,36.4,35.9,35.8
TOPCOAT-0004,110,01:50,35.7,35.1,36.4,35.7,35.9,36.2,35.1,36.0,36.6,36.6,35.4,35.4
TOPCOAT-0004,111,01:51,35.9,36.9,36.0,36.6,35.3,35.6,36.2,36.7,36.1,37.2,35.6,35.6
TOPCOAT-0004,112,01:52,36.4,37.1,36.1,36.6,35.1,36.4,36.1,35.6,36.0,36.8,36.1,35.7
TOPCOAT-0004,113,01:53,36.5,35.6,36.3,36.5,36.3,35.5,36.1,35.4,35.6,37.1,36.8,36.0
TOPCOAT-0004,114,01:54,36.8,37.0,36.9,36.8,35.3,35.2,35.3,35.1,37.0,37.3,35.8,35.6
TOPCOAT-0004,115,01:55,36.3,35.7,37.3,36.8,35.6,35.5,35.9,35.4,37.3,37.4,35.8,35.2
TOPCOAT-0004,116,01:56,36.4,36.7,36.4,36.8,35.1,34.9,36.0,35.3,35.9,36.1,36.7,35.4
TOPCOAT-0004,117,01:57,36.3,36.1,36.5,36.4,33.7,35.3,36.3,36.1,36.7,36.0,35.9,35.3
TOPCOAT-0004,118,01:58,36.2,36.4,36.9,35.8,35.7,35.0,34.3,36.4,36.2,36.7,36.3,35.3
TOPCOAT-0004,119,01:59,36.0,36.5,36.7,35.9,35.4,35.8,36.3,35.8,36.4,36.8,35.7,36.0
TOPCOAT-0004,120,02:00,36.6,36.1,35.8,35.8,35.9,35.5,34.9,36.3,36.7,37.2,36.4,35.6
TOPCOAT-0004,121,02:01,36.5,37.1,37.3,37.4,35.5,34.8,35.1,35.4,36.4,36.7,36.8,36.1
TOPCOAT-0004,122,02:02,35.7,37.7,36.5,37.1,36.1,34.8,35.6,35.5,36.5,37.3,36.3,35.2
TOPCOAT-0004,123,02:03,36.5,37.0,35.8,38.1,35.8,35.7,35.6,36.3,37.7,36.6,35.6,35.7
TOPCOAT-0004,124,02:04,36.6,36.5,37.4,36.1,35.7,35.9,36.2,35.8,36.4,37.6,36.4,36.7
TOPCOAT-0004,125,02:05,36.1,36.4,36.5,37.6,35.4,35.8,35.6,36.1,36.9,36.5,36.9,35.9
TOPCOAT-0004,126,02:06,37.1,37.2,36.8,37.3,36.6,36.5,36.3,36.4,36.8,37.6,37.7,36.5
TOPCOAT-0004,127,02:07,36.6,36.9,36.0,37.6,36.2,35.7,35.3,36.1,37.4,37.1,36.4,36.7
TOPCOAT-0004,128,02:08,36.2,37.5,37.2,37.9,35.5,36.0,35.7,36.3,37.7,37.2,37.1,35.4
TOPCOAT-0004,129,02:09,35.9,37.5,37.9,37.7,35.9,35.7,35.9,35.5,36.8,36.9,36.5,35.9
TOPCOAT-0004,130,02:10,36.7,38.4,37.3,37.6,35.8,35.7,35.9,36.0,37.3,37.9,36.5,36.4
TOPCOAT-0004,131,02:11,36.9,37.0,37.4,36.8,35.7,35.7,36.1,35.6,36.4,38.0,35.9,36.1
TOPCOAT-0004,132,02:12,36.7,36.4,37.5,36.9,36.0,34.8,36.9,36.1,37.3,38.0,37.0,36.0
TOPCOAT-0004,133,02:13,36.9,37.3,38.0,38.0,36.3,35.7,36.8,36.4,37.4,38.3,37.1,36.8
TOPCOAT-0004,134,02:14,36.2,36.9,37.3,36.8,36.2,36.4,35.9,36.1,36.8,39.0,36.7,36.2
TOPCOAT-0004,135,02:15,37.2,37.8,37.6,37.8,36.3,36.1,35.7,35.3,37.7,38.1,37.3,36.2
TOPCOAT-0004,136,02:16,36.4,36.1,37.7,37.4,36.0,36.2,36.3,36.8,36.9,38.1,36.8,36.6
TOPCOAT-0004,137,02:17,36.0,37.5,37.5,37.7,36.8,35.9,35.7,35.4,38.4,38.3,36.7,36.9
TOPCOAT-0004,138,02:18,36.8,37.4,37.0,37.6,36.7,36.6,36.2,36.4,37.5,38.0,37.7,35.6
TOPCOAT-0004,139,02:19,37.4,37.2,38.2,38.4,36.3,35.8,36.1,36.6,38.3,38.2,36.8,36.4
TOPCOAT-0004,140,02:20,36.5,38.2,38.8,38.7,35.8,35.7,36.1,35.8,37.5,38.5,37.3,36.6
TOPCOAT-0004,141,02:21,37.4,36.7,38.3,38.2,36.1,35.6,35.2,36.6,38.0,38.1,37.8,36.3
TOPCOAT-0004,142,02:22,36.2,38.1,38.3,38.1,36.2,36.1,35.8,34.9,37.9,39.3,36.6,36.2
TOPCOAT-0004,143,02:23,36.3,37.5,38.0,39.0,36.1,36.6,36.0,36.4,37.8,39.2,37.7,37.4
TOPCOAT-0004,144,02:24,37.6,37.8,37.6,38.6,37.0,36.1,36.2,36.2,39.5,39.0,38.0,37.0
TOPCOAT-0004,145,02:25,36.7,37.6,38.1,38.8,36.1,36.1,35.9,37.0,38.2,39.1,36.9,37.7
TOPCOAT-0004,146,02:26,36.6,38.3,39.1,38.8,36.8,35.7,36.3,36.8,38.3,38.2,37.8,36.8
TOPCOAT-0004,147,02:27,37.0,37.8,37.9,39.5,37.1,35.3,35.8,36.8,37.9,39.3,37.7,37.3
TOPCOAT-0004,148,02:28,38.0,38.3,38.5,39.6,36.6,36.2,36.9,36.8,37.5,39.6,39.6,38.0
TOPCOAT-0004,149,02:29,37.4,38.3,37.8,40.0,36.6,36.1,35.4,36.2,38.6,39.3,38.5,37.6
TOPCOAT-0004,150,02:30,37.5,38.7,38.3,39.0,37.0,35.4,36.5,36.1,38.4,40.4,37.7,37.4
TOPCOAT-0004,151,02:31,37.6,39.1,38.4,39.3,37.0,36.6,36.6,37.7,38.0,40.0,38.1,37.0
TOPCOAT-0004,152,02:32,37.4,38.3,38.9,39.1,37.4,36.5,36.7,37.0,40.0,39.7,37.6,37.4
TOPCOAT-0004,153,02:33,36.9,38.7,39.7,39.5,36.8,36.2,36.8,36.6,39.6,40.2,37.9,37.1
TOPCOAT-0004,154,02:34,37.7,38.6,39.7,40.2,36.9,35.9,36.9,36.0,39.2,39.7,38.6,37.3
TOPCOAT-0004,155,02:35,37.5,39.4,39.0,39.9,37.0,36.6,36.1,36.0,40.0,40.6,38.9,36.5
TOPCOAT-0004,156,02:36,37.9,38.2,39.5,40.0,35.9,36.7,37.2,37.2,38.6,40.6,39.0,37.6
TOPCOAT-0004,157,02:37,38.1,40.1,39.4,40.3,36.8,36.4,36.5,37.6,38.2,40.4,38.0,37.3
TOPCOAT-0004,158,02:38,38.0,39.4,39.6,40.9,37.0,36.1,36.8,36.8,39.7,40.9,38.4,37.7
TOPCOAT-0004,159,02:39,38.4,38.7,39.6,40.2,36.9,36.9,37.1,36.9,39.3,40.7,39.0,37.9
TOPCOAT-0004,160,02:40,38.2,39.8,39.4,40.2,36.1,37.0,37.1,37.3,39.7,40.0,38.6,37.9
TOPCOAT-0004,161,02:41,37.9,39.6,39.9,41.1,38.3,36.8,36.1,37.4,39.4,41.0,38.9,37.9
TOPCOAT-0004,162,02:42,38.9,39.6,40.1,40.6,37.1,36.8,36.4,37.3,38.9,42.2,38.9,37.3
TOPCOAT-0004,163,02:43,38.9,39.7,41.1,40.9,37.7,37.7,36.8,37.9,40.3,41.9,39.9,37.9
TOPCOAT-0004,164,02:44,39.4,40.4,41.0,40.8,37.2,37.3,37.1,37.0,39.7,41.7,39.7,38.7
TOPCOAT-0004,165,02:45,38.5,39.9,40.6,42.3,37.2,36.8,38.1,37.6,40.3,43.0,39.4,37.9
TOPCOAT-0004,166,02:46,39.6,39.9,40.2,41.8,37.1,37.3,36.6,38.0,40.4,41.5,38.6,38.4
TOPCOAT-0004,167,02:47,38.3,40.2,40.6,41.1,37.5,36.8,38.9,38.1,39.8,42.7,39.8,38.6
TOPCOAT-0004,168,02:48,39.3,40.7,41.4,42.2,37.0,37.4,37.9,37.1,40.9,43.0,40.9,37.7
TOPCOAT-0004,169,02:49,38.9,40.6,41.4,43.0,36.9,36.7,37.5,37.7,42.1,43.1,40.8,38.6
TOPCOAT-0004,170,02:50,38.4,40.5,40.6,41.8,37.6,36.9,37.3,37.9,40.5,42.6,40.9,38.9
TOPCOAT-0004,171,02:51,39.0,39.5,41.3,42.4,37.6,37.1,37.9,37.7,41.3,41.7,40.1,38.0
TOPCOAT-0004,172,02:52,39.8,40.9,42.1,41.9,38.1,36.6,38.4,38.3,40.6,43.3,40.6,38.9
TOPCOAT-0004,173,02:53,40.6,41.4,41.5,43.0,36.9,37.2,37.3,36.5,42.3,43.9,40.4,39.6
TOPCOAT-0004,174,02:54,39.1,40.5,41.8,42.2,38.5,38.2,37.3,38.7,41.5,42.7,40.7,38.7
TOPCOAT-0004,175,02:55,39.4,40.6,43.1,43.0,37.7,37.3,38.3,39.2,41.8,43.6,40.3,39.3
TOPCOAT-0004,176,02:56,40.2,41.8,41.6,42.7,37.1,37.7,38.9,38.6,41.7,44.8,40.6,39.6
TOPCOAT-0004,177,02:57,40.5,42.2,42.1,44.0,37.4,37.2,38.2,38.1,42.4,43.9,40.2,39.0
TOPCOAT-0004,178,02:58,40.8,41.4,42.6,43.3,39.6,37.3,38.6,39.1,42.1,44.3,41.0,39.0
TOPCOAT-0004,179,02:59,40.8,43.0,42.4,43.1,38.3,38.2,39.1,39.0,42.9,44.0,41.3,39.6
TOPCOAT-0004,180,03:00,40.7,41.5,43.6,44.1,38.6,38.1,39.0,38.3,42.7,45.5,41.8,40.1
TOPCOAT-0004,181,03:01,40.4,42.5,42.9,44.4,38.8,38.1,38.1,38.7,43.0,44.0,41.1,39.1
TOPCOAT-0004,182,03:02,40.7,41.8,43.4,43.9,39.1,37.5,38.4,38.9,44.0,44.9,41.0,39.7
TOPCOAT-0004,183,03:03,42.1,41.7,43.5,44.6,38.7,38.7,38.3,40.0,42.7,45.7,42.4,40.2
TOPCOAT-0004,184,03:04,40.6,42.2,44.1,44.1,39.0,38.0,39.2,39.3,42.6,44.9,41.2,39.8
TOPCOAT-0004,185,03:05,41.0,43.5,43.4,45.0,39.7,39.1,38.5,39.6,43.7,46.0,41.9,39.9
TOPCOAT-0004,186,03:06,41.6,43.5,44.2,44.7,38.8,37.8,38.6,38.7,43.8,46.5,42.2,41.5
TOPCOAT-0004,187,03:07,41.9,44.1,42.8,45.1,39.4,38.5,39.0,40.0,44.4,45.7,41.7,40.0
TOPCOAT-0004,188,03:08,41.9,43.3,44.0,46.2,39.3,39.6,39.5,40.0,44.1,46.5,43.8,40.8
TOPCOAT-0004,189,03:09,41.7,44.0,44.7,45.9,39.6,38.4,39.5,39.6,44.6,46.7,43.7,41.1
TOPCOAT-0004,190,03:10,42.1,43.7,44.9,46.9,39.6,38.5,39.2,39.8,45.5,46.5,42.1,41.9
TOPCOAT-0004,191,03:11,41.5,44.2,45.8,47.2,40.2,39.6,39.3,40.5,44.8,46.3,43.3,40.4
TOPCOAT-0004,192,03:12,43.1,44.2,46.4,46.9,39.8,38.2,40.0,40.5,45.8,47.8,42.5,40.4
TOPCOAT-0004,193,03:13,41.2,44.6,45.5,47.4,38.8,39.2,40.7,40.2,45.9,47.5,43.2,40.8
TOPCOAT-0004,194,03:14,42.0,44.4,45.5,46.4,40.3,39.3,40.0,41.1,45.6,47.6,43.1,41.4
TOPCOAT-0004,195,03:15,43.5,45.5,46.3,48.1,41.1,39.3,39.9,40.3,46.4,48.8,43.9,41.6
TOPCOAT-0004,196,03:16,43.6,46.6,45.9,47.4,40.0,39.3,40.3,40.5,46.5,48.9,44.0,40.9
TOPCOAT-0004,197,03:17,43.6,45.7,46.1,48.1,40.3,39.4,40.2,41.1,46.2,48.9,44.4,41.5
TOPCOAT-0004,198,03:18,43.5,45.3,46.9,48.1,40.6,38.8,40.5,40.8,47.5,49.5,43.9,42.8
TOPCOAT-0004,199,03:19,44.6,46.3,47.0,48.5,40.0,40.3,40.0,40.8,46.0,49.7,44.2,42.7
TOPCOAT-0004,200,03:20,43.9,46.8,46.9,50.0,41.2,39.4,40.6,41.3,47.4,49.6,45.5,42.7
TOPCOAT-0004,201,03:21,44.0,47.0,47.6,49.0,41.3,39.3,41.5,41.0,47.7,50.2,45.7,43.3
TOPCOAT-0004,202,03:22,44.3,47.8,48.2,49.3,41.4,40.6,40.3,41.3,47.6,50.8,45.5,42.7
TOPCOAT-0004,203,03:23,44.6,46.7,47.9,49.7,41.5,40.0,40.3,41.9,48.0,50.7,45.6,43.8
TOPCOAT-0004,204,03:24,45.2,47.7,48.5,50.7,40.6,40.3,41.0,42.6,49.1,51.2,45.5,43.4
TOPCOAT-0004,205,03:25,45.1,49.4,49.2,50.7,41.1,40.1,42.0,41.8,48.8,51.9,46.2,43.2
TOPCOAT-0004,206,03:26,45.8,48.3,49.2,50.9,42.0,40.3,42.2,42.6,48.5,51.5,46.4,43.5
TOPCOAT-0004,207,03:27,46.1,47.6,49.0,52.0,42.2,40.0,43.2,42.0,49.4,51.7,46.8,43.7
TOPCOAT-0004,208,03:28,46.0,48.3,49.2,51.5,41.7,41.1,43.2,42.6,49.6,51.8,46.5,44.0
TOPCOAT-0004,209,03:29,45.8,48.6,49.2,51.6,41.5,40.8,42.0,43.7,50.5,53.0,46.5,44.4
TOPCOAT-0004,210,03:30,47.3,49.3,50.9,52.7,42.5,41.1,42.9,42.8,50.2,52.9,46.9,44.9
TOPCOAT-0004,211,03:31,46.3,48.8,50.6,51.9,41.6,41.5,41.9,42.3,49.8,52.7,47.1,43.8
TOPCOAT-0004,212,03:32,47.5,49.3,51.5,52.3,42.4,41.4,43.1,43.1,50.5,53.8,48.2,45.0
TOPCOAT-0004,213,03:33,47.4,50.7,50.9,53.3,42.9,40.9,42.6,43.7,51.3,55.2,48.0,45.0
TOPCOAT-0004,214,03:34,47.7,50.4,51.5,53.6,42.5,42.1,42.7,44.8,51.5,54.7,48.9,44.7
TOPCOAT-0004,215,03:35,47.0,50.2,50.8,54.5,42.8,42.3,43.1,44.2,51.7,54.3,48.0,45.5
TOPCOAT-0004,216,03:36,48.7,51.6,51.7,53.9,43.9,42.3,42.7,44.8,51.9,55.4,48.8,45.3
TOPCOAT-0004,217,03:37,47.1,51.0,52.2,54.8,43.7,42.4,44.2,44.6,52.1,55.7,50.3,46.1
TOPCOAT-0004,218,03:38,49.0,50.7,53.1,55.4,43.9,42.3,44.1,45.3,51.5,56.4,48.5,46.5
TOPCOAT-0004,219,03:39,49.6,51.2,52.4,54.6,44.7,42.3,45.1,45.5,52.8,56.7,48.7,46.7
TOPCOAT-0004,220,03:40,49.4,52.3,53.8,55.2,44.9,43.3,45.1,45.6,54.0,56.8,50.1,47.1
TOPCOAT-0004,221,03:41,49.4,51.8,53.2,55.8,45.1,43.0,44.0,45.5,53.6,57.2,50.4,47.2
TOPCOAT-0004,222,03:42,50.3,53.3,53.2,56.2,44.4,43.5,45.2,44.8,54.4,57.8,50.2,47.5
TOPCOAT-0004,223,03:43,49.6,52.2,54.2,57.1,44.7,43.7,45.4,46.3,53.9,58.0,51.3,46.6
TOPCOAT-0004,224,03:44,50.5,53.8,54.2,56.4,45.4,44.9,45.2,46.1,54.1,57.7,51.5,47.9
TOPCOAT-0004,225,03:45,51.2,53.7,55.4,57.4,45.5,44.6,46.2,45.6,55.6,58.3,51.4,48.1
TOPCOAT-0004,226,03:46,51.2,54.1,54.5,57.3,44.9,45.0,45.7,46.0,54.9,58.2,51.9,48.1
TOPCOAT-0004,227,03:47,51.5,53.6,54.9,58.8,45.6,45.0,46.2,47.2,55.6,58.2,52.7,48.4
TOPCOAT-0004,228,03:48,51.3,54.4,54.8,58.3,46.6,45.3,46.6,46.9,55.9,59.3,52.3,48.6
TOPCOAT-0004,229,03:49,51.9,54.9,55.9,59.8,47.1,44.7,46.8,47.2,56.9,60.6,52.6,49.5
TOPCOAT-0004,230,03:50,52.8,55.1,56.4,58.7,46.4,44.4,47.7,48.1,56.7,60.5,52.5,49.7
TOPCOAT-0004,231,03:51,53.6,55.2,56.3,60.6,46.8,45.7,46.7,47.2,57.8,60.0,53.1,50.1
TOPCOAT-0004,232,03:52,52.7,55.8,56.7,59.8,47.1,46.1,47.9,47.8,57.2,60.8,53.3,50.3
TOPCOAT-0004,233,03:53,53.7,55.7,56.9,60.5,46.7,45.3,47.9,49.2,57.3,61.4,54.5,50.1
TOPCOAT-0004,234,03:54,53.2,56.1,56.9,61.5,47.6,46.1,47.9,48.6,58.7,62.1,53.9,51.0
TOPCOAT-0004,235,03:55,53.6,57.2,58.7,60.6,47.5,46.2,47.2,49.0,58.3,61.7,54.2,50.8
TOPCOAT-0004,236,03:56,54.5,57.9,58.7,61.7,48.1,46.9,48.4,48.6,58.5,61.4,54.7,51.8
TOPCOAT-0004,237,03:57,54.5,57.1,58.5,61.7,48.8,47.5,48.7,49.6,59.8,62.4,55.1,51.7
TOPCOAT-0004,238,03:58,55.9,56.4,58.8,62.2,48.5,47.7,49.8,50.2,59.0,62.0,55.4,51.9
TOPCOAT-0004,239,03:59,55.6,57.5,59.5,62.4,49.3,47.3,50.2,50.4,60.0,63.4,55.4,52.3
TOPCOAT-0004,240,04:00,55.4,58.3,59.3,62.9,49.0,47.9,49.5,49.8,60.5,63.6,56.9,52.2
TOPCOAT-0004,241,04:01,56.3,58.6,60.4,64.2,49.9,47.8,50.6,50.7,60.2,64.0,56.3,52.8
TOPCOAT-0004,242,04:02,57.6,58.9,60.6,63.7,50.2,47.8,49.5,50.7,61.0,64.5,56.2,52.9
TOPCOAT-0004,243,04:03,56.5,59.0,60.7,63.8,49.5,47.6,51.0,51.6,61.0,65.1,56.3,53.3
TOPCOAT-0004,244,04:04,57.9,59.2,60.6,64.0,50.8,48.2,51.0,51.6,62.3,64.1,57.1,53.4
TOPCOAT-0004,245,04:05,58.3,60.4,61.3,65.2,50.3,49.2,51.1,52.8,61.6,64.9,57.3,55.0
TOPCOAT-0004,246,04:06,58.4,60.0,61.6,65.2,50.8,49.6,51.8,52.5,63.9,65.7,57.3,53.8
TOPCOAT-0004,247,04:07,58.8,60.5,62.0,66.0,50.9,49.0,51.7,52.1,61.9,66.5,58.6,54.5
TOPCOAT-0004,248,04:08,58.1,60.9,61.7,66.6,52.0,49.5,52.5,53.3,62.9,67.1,59.5,55.2
TOPCOAT-0004,249,04:09,58.5,61.0,62.3,65.8,52.5,49.2,52.6,53.0,62.8,66.6,59.5,55.0
TOPCOAT-0004,250,04:10,59.7,60.7,62.2,68.1,52.1,51.2,52.5,53.8,63.8,67.1,59.2,55.8
TOPCOAT-0004,251,04:11,60.1,61.4,63.2,66.7,53.3,51.4,53.0,54.7,64.3,67.5,59.8,55.7
TOPCOAT-0004,252,04:12,60.3,62.2,64.0,67.5,53.3,51.5,53.7,53.9,64.6,67.9,60.5,56.3
TOPCOAT-0004,253,04:13,60.4,62.1,63.7,68.6,53.5,51.2,54.1,54.6,64.7,68.4,59.7,56.2
TOPCOAT-0004,254,04:14,62.3,63.4,63.5,67.9,53.7,52.0,54.7,55.0,65.5,67.5,61.0,56.9
TOPCOAT-0004,255,04:15,61.1,63.1,64.6,68.5,53.3,51.8,55.1,54.8,66.7,68.2,61.2,58.0
TOPCOAT-0004,256,04:16,61.7,63.3,64.0,68.8,55.5,51.9,54.3,55.0,65.8,68.8,61.1,57.8
TOPCOAT-0004,257,04:17,62.4,63.5,63.4,69.9,54.5,53.1,55.0,55.2,65.7,69.0,61.0,58.4
TOPCOAT-0004,258,04:18,62.5,62.8,64.4,69.1,54.7,52.4,55.7,56.3,65.4,69.4,61.7,57.8
TOPCOAT-0004,259,04:19,63.5,65.0,64.7,70.2,54.6,53.8,56.4,56.3,65.7,69.8,62.3,58.4
TOPCOAT-0004,260,04:20,63.6,64.1,65.8,70.6,55.6,53.9,56.2,56.9,67.5,69.6,62.7,58.8
TOPCOAT-0004,261,04:21,64.3,64.7,65.5,70.0,55.4,54.3,57.2,58.2,66.9,70.1,62.9,59.5
TOPCOAT-0004,262,04:22,64.0,64.6,65.9,70.9,56.8,53.8,57.6,57.9,68.0,71.2,62.7,60.4
TOPCOAT-0004,263,04:23,64.1,64.8,66.8,71.1,57.2,54.9,56.7,58.3,67.7,71.6,62.4,60.5
TOPCOAT-0004,264,04:24,65.1,66.1,66.7,71.9,56.4,55.2,57.7,57.2,69.1,70.9,63.2,60.4
TOPCOAT-0004,265,04:25,64.6,66.1,66.7,71.5,57.6,55.0,59.1,58.0,68.2,71.1,64.2,60.2
TOPCOAT-0004,266,04:26,66.6,66.4,66.9,72.6,57.4,54.7,58.8,58.7,69.1,72.3,65.0,61.8
TOPCOAT-0004,267,04:27,66.7,67.0,66.7,73.3,57.9,56.5,60.3,58.6,68.9,72.0,65.3,61.5
TOPCOAT-0004,268,04:28,66.0,67.6,68.1,73.4,57.6,56.1,58.1,59.6,69.2,71.2,64.5,62.4
TOPCOAT-0004,269,04:29,67.0,66.9,67.2,72.4,58.7,56.4,59.9,60.2,70.1,73.3,65.2,62.0
TOPCOAT-0004,270,04:30,67.2,67.5,68.6,74.0,58.8,56.7,60.0,59.9,70.3,73.9,64.8,62.8
TOPCOAT-0004,271,04:31,68.0,67.7,68.4,73.5,59.7,57.2,59.9,61.6,71.6,72.4,65.3,62.8
TOPCOAT-0004,272,04:32,67.5,68.0,69.1,74.6,60.3,56.7,60.6,62.1,70.9,74.1,65.3,63.3
TOPCOAT-0004,273,04:33,67.8,67.7,69.0,74.5,60.3,56.9,61.0,61.6,71.6,73.8,66.0,63.1
TOPCOAT-0004,274,04:34,68.0,68.5,68.9,74.8,61.0,57.4,61.7,62.8,72.0,74.1,66.3,64.0
TOPCOAT-0004,275,04:35,68.9,68.2,68.8,74.4,60.4,58.1,62.9,62.6,71.6,74.0,66.1,65.1
TOPCOAT-0004,276,04:36,69.2,69.6,69.1,75.1,60.8,58.7,62.3,62.0,72.7,74.6,66.8,64.3
TOPCOAT-0004,277,04:37,69.6,69.3,69.5,76.0,62.1,59.1,63.2,62.4,73.0,74.4,67.2,65.7
TOPCOAT-0004,278,04:38,69.9,69.3,70.3,75.6,61.8,59.0,63.0,63.3,72.4,74.8,67.1,64.9
TOPCOAT-0004,279,04:39,70.5,69.6,70.5,76.5,61.5,59.6,63.4,62.4,73.1,75.5,67.4,64.9
TOPCOAT-0004,280,04:40,70.5,70.2,70.7,75.9,62.1,60.1,63.2,63.6,72.9,76.3,66.9,65.9
TOPCOAT-0004,281,04:41,70.4,71.0,70.7,76.3,62.0,60.6,63.5,63.8,73.1,75.5,67.6,65.8
TOPCOAT-0004,282,04:42,70.5,70.5,70.7,77.2,63.7,61.0,64.1,64.2,73.7,76.4,68.1,66.4
TOPCOAT-0004,283,04:43,71.0,70.7,70.3,78.1,64.2,61.2,64.9,64.9,73.8,76.0,69.2,66.7
TOPCOAT-0004,284,04:44,71.5,71.2,71.5,76.6,63.8,61.0,66.6,65.5,75.0,76.8,67.5,65.9
TOPCOAT-0004,285,04:45,72.4,70.9,71.3,77.0,64.1,62.6,66.0,65.6,73.9,76.7,68.1,67.9
TOPCOAT-0004,286,04:46,73.6,71.2,70.5,76.7,64.4,61.9,65.7,65.9,74.1,76.5,68.9,67.9
TOPCOAT-0004,287,04:47,73.9,72.7,72.0,78.6,64.5,63.0,66.1,65.8,74.7,76.6,69.3,67.7
TOPCOAT-0004,288,04:48,74.0,71.8,71.8,78.0,65.2,62.4,67.8,66.0,75.0,76.8,70.2,68.6
TOPCOAT-0004,289,04:49,73.5,71.9,72.1,78.9,65.5,63.2,66.9,66.9,75.2,78.2,70.2,68.0
TOPCOAT-0004,290,04:50,73.6,71.7,72.0,78.0,65.8,63.5,67.2,66.1,76.4,77.1,69.7,69.2
TOPCOAT-0004,291,04:51,74.4,72.0,72.9,79.2,65.8,63.5,67.9,66.8,75.2,78.3,69.8,69.0
TOPCOAT-0004,292,04:52,74.3,72.9,72.7,79.6,66.4,63.7,67.6,67.3,76.1,78.0,70.3,68.4
TOPCOAT-0004,293,04:53,74.5,73.6,71.4,79.5,66.3,63.8,68.0,67.3,76.3,78.3,70.0,68.9
TOPCOAT-0004,294,04:54,76.0,74.1,72.8,79.2,66.5,65.1,68.6,68.0,77.2,78.1,69.4,69.3
TOPCOAT-0004,295,04:55,75.1,72.6,73.5,80.3,67.3,64.9,69.0,67.5,76.8,77.7,71.3,69.7
TOPCOAT-0004,296,04:56,76.0,72.9,73.8,80.2,67.1,64.8,70.4,67.7,76.6,78.7,70.6,70.6
TOPCOAT-0004,297,04:57,75.5,72.9,73.7,80.3,66.7,64.6,70.0,68.4,75.7,79.3,71.4,70.9
TOPCOAT-0004,298,04:58,75.4,73.8,73.6,80.4,67.9,65.8,70.4,69.3,77.2,79.4,71.5,70.7
TOPCOAT-0004,299,04:59,76.2,73.8,74.0,80.0,68.2,65.6,70.1,69.9,77.0,78.3,70.7,71.0
TOPCOAT-0004,300,05:00,76.9,74.4,73.3,80.9,68.3,65.8,71.7,69.3,77.6,78.9,70.8,71.4
TOPCOAT-0004,301,05:01,75.7,74.4,73.5,81.7,67.9,66.0,72.1,70.5,78.2,79.0,71.9,70.4
TOPCOAT-0004,302,05:02,76.9,74.2,73.8,81.1,68.3,66.9,71.3,70.0,77.4,79.0,71.4,72.1
TOPCOAT-0004,303,05:03,77.1,75.1,74.6,82.0,68.6,67.5,71.4,71.0,78.9,78.9,72.7,71.7
TOPCOAT-0004,304,05:04,77.5,74.2,74.5,81.1,70.7,67.6,72.4,70.0,77.9,79.8,72.3,71.4
TOPCOAT-0004,305,05:05,77.9,74.7,74.9,81.9,70.2,67.3,72.3,70.1,78.3,79.4,72.5,73.1
TOPCOAT-0004,306,05:06,77.5,75.5,75.5,81.0,70.2,68.2,72.1,71.7,78.8,80.5,73.2,72.9
TOPCOAT-0004,307,05:07,79.0,75.1,74.8,81.6,70.4,68.3,72.8,71.7,78.2,79.1,71.9,72.4
TOPCOAT-0004,308,05:08,78.8,75.2,74.6,82.1,70.9,68.1,73.7,72.0,80.1,79.7,72.1,73.1
TOPCOAT-0004,309,05:09,79.0,76.1,74.7,82.4,70.4,68.5,73.4,72.4,79.2,80.2,72.8,72.3
TOPCOAT-0004,310,05:10,78.9,75.6,74.5,82.1,71.4,69.3,74.0,72.1,79.4,80.9,73.4,73.8
TOPCOAT-0004,311,05:11,79.7,74.7,74.5,82.8,71.6,69.0,74.5,72.3,78.8,80.2,72.8,73.3
TOPCOAT-0004,312,05:12,80.2,75.9,75.3,82.7,71.3,69.8,76.0,72.1,79.2,79.7,74.5,74.0
TOPCOAT-0004,313,05:13,79.7,75.7,75.3,82.0,72.0,70.0,74.5,73.7,79.8,81.0,72.9,74.0
TOPCOAT-0004,314,05:14,79.7,75.9,75.2,82.0,72.3,70.2,75.0,73.0,79.3,81.7,74.1,73.9
TOPCOAT-0004,315,05:15,80.5,75.2,75.4,83.4,71.6,70.6,75.0,73.3,80.3,82.2,73.8,74.0
TOPCOAT-0004,316,05:16,79.7,75.6,76.0,82.9,72.4,70.6,75.8,72.9,78.9,81.8,73.6,74.7
TOPCOAT-0004,317,05:17,79.6,76.5,76.3,83.6,72.3,70.0,75.7,74.2,80.8,80.9,74.0,75.0
TOPCOAT-0004,318,05:18,81.2,76.5,75.4,83.5,73.5,71.7,76.3,73.1,80.5,82.0,74.5,74.8
TOPCOAT-0004,319,05:19,81.0,77.0,75.2,83.3,72.5,71.3,76.1,74.4,80.4,81.2,73.6,74.9
TOPCOAT-0004,320,05:20,81.6,76.2,75.5,84.2,73.9,72.4,77.3,73.6,80.1,81.3,74.6,74.8
TOPCOAT-0004,321,05:21,80.7,77.3,76.1,84.3,73.1,71.8,76.6,74.5,80.4,81.2,74.2,75.2
TOPCOAT-0004,322,05:22,81.4,75.9,75.7,84.3,73.3,71.4,76.7,74.4,80.5,81.1,74.5,75.6
TOPCOAT-0004,323,05:23,81.5,77.1,76.4,84.0,73.1,72.0,77.4,76.0,79.8,81.5,74.6,75.1
TOPCOAT-0004,324,05:24,82.0,76.5,76.2,84.7,74.6,72.1,77.6,74.7,80.4,82.5,74.1,76.5
TOPCOAT-0004,325,05:25,81.2,77.6,76.1,84.2,74.3,73.0,76.7,76.7,81.3,81.4,74.6,75.9
TOPCOAT-0004,326,05:26,81.7,76.6,76.6,84.3,74.9,72.9,77.6,75.9,80.7,82.1,74.9,76.3
TOPCOAT-0004,327,05:27,81.6,76.8,77.2,84.6,75.0,73.1,78.7,76.7,81.0,82.1,75.5,76.3
TOPCOAT-0004,328,05:28,82.1,76.9,76.0,84.5,75.3,73.2,78.1,75.8,81.1,82.9,75.5,76.2
TOPCOAT-0004,329,05:29,81.3,77.2,76.2,84.6,74.6,73.3,78.2,76.2,82.3,82.5,75.9,75.0
TOPCOAT-0004,330,05:30,83.0,77.2,77.5,84.6,74.7,73.1,78.7,76.1,81.4,82.3,75.5,77.1
TOPCOAT-0004,331,05:31,82.7,77.8,76.7,85.9,75.5,74.1,78.4,77.8,82.3,82.0,74.8,77.4
TOPCOAT-0004,332,05:32,83.0,77.4,77.7,84.6,75.8,73.4,78.9,76.9,82.6,82.7,75.8,77.4
TOPCOAT-0004,333,05:33,83.5,78.7,75.4,85.2,76.1,74.9,78.8,76.1,82.3,82.6,75.0,76.6
TOPCOAT-0004,334,05:34,82.8,77.6,76.6,84.8,76.3,74.2,79.4,76.6,81.8,82.7,76.3,76.8
TOPCOAT-0004,335,05:35,83.1,78.6,76.9,85.0,75.5,75.0,79.9,77.1,81.8,83.2,75.4,77.4
TOPCOAT-0004,336,05:36,83.8,77.9,77.0,84.9,76.4,74.5,78.9,76.8,82.0,83.4,75.4,78.1
TOPCOAT-0004,337,05:37,84.3,79.2,78.0,85.5,75.7,74.7,79.9,77.1,81.9,83.2,76.5,77.8
TOPCOAT-0004,338,05:38,83.0,78.2,77.5,85.1,75.8,74.9,80.4,77.0,82.5,83.1,75.9,78.1
TOPCOAT-0004,339,05:39,83.9,78.8,76.8,85.5,76.4,75.2,79.7,77.1,81.9,83.3,77.1,78.7
TOPCOAT-0004,340,05:40,83.2,78.5,76.9,86.3,77.4,74.2,81.0,78.2,82.2,82.8,75.4,77.4
TOPCOAT-0004,341,05:41,83.8,78.0,77.3,86.0,76.3,75.3,80.7,77.5,81.9,83.5,75.9,78.1
TOPCOAT-0004,342,05:42,84.1,77.7,78.5,85.4,76.8,75.6,80.8,77.9,82.8,83.0,76.2,78.0
TOPCOAT-0004,343,05:43,84.1,78.4,77.9,86.4,77.2,76.3,80.9,78.1,83.3,82.7,76.1,78.9
TOPCOAT-0004,344,05:44,83.6,78.6,77.1,86.4,77.3,75.9,80.9,78.3,82.8,83.3,75.0,78.5
TOPCOAT-0004,345,05:45,84.2,78.4,77.4,85.8,76.9,77.0,81.0,78.2,83.0,83.6,75.6,78.4
TOPCOAT-0004,346,05:46,84.3,79.4,77.5,86.5,78.0,76.8,81.8,78.7,81.9,82.7,76.5,77.1
TOPCOAT-0004,347,05:47,84.3,79.0,78.3,86.5,77.8,76.1,81.0,78.7,82.6,83.5,77.2,79.4
TOPCOAT-0004,348,05:48,84.1,79.0,77.0,87.2,77.3,77.1,82.4,78.9,82.9,83.4,76.6,78.2
TOPCOAT-0004,349,05:49,84.7,79.2,77.7,86.1,78.5,76.6,82.1,77.9,83.5,83.5,76.7,78.8
TOPCOAT-0004,350,05:50,84.1,80.0,78.7,85.8,78.5,76.9,81.1,79.0,82.1,83.3,76.6,78.8
TOPCOAT-0004,351,05:51,84.9,79.2,78.1,86.4,79.0,76.6,81.4,78.9,82.8,84.2,76.8,78.7
TOPCOAT-0004,352,05:52,85.8,79.3,77.3,85.8,78.0,76.5,81.3,79.3,83.1,83.4,77.0,78.9
TOPCOAT-0004,353,05:53,85.3,78.6,77.9,86.5,78.7,77.1,81.8,79.8,83.2,84.5,76.3,78.8
TOPCOAT-0004,354,05:54,86.2,78.8,78.9,85.9,78.1,77.0,81.5,79.5,82.5,84.0,76.9,78.9
TOPCOAT-0004,355,05:55,85.3,78.4,77.8,85.6,78.4,78.2,82.0,78.6,83.1,83.4,76.8,78.8
TOPCOAT-0004,356,05:56,85.5,79.5,78.9,86.2,78.8,76.8,82.8,78.9,83.5,83.7,77.2,78.7
TOPCOAT-0004,357,05:57,85.4,79.3,78.6,86.7,78.4,78.0,83.5,78.8,82.1,84.1,77.6,79.7
TOPCOAT-0004,358,05:58,85.1,78.7,78.0,87.0,78.1,78.4,82.6,79.5,83.2,83.9,76.6,80.0
TOPCOAT-0004,359,05:59,85.6,79.0,78.6,86.5,78.3,79.0,82.9,80.2,82.9,83.7,76.9,79.3
TOPCOAT-0004,360,06:00,85.7,79.8,78.3,86.1,79.2,77.8,82.6,79.1,83.6,84.2,76.3,80.7
TOPCOAT-0004,361,06:01,85.7,78.6,78.1,86.6,78.8,77.4,83.3,79.9,82.6,83.5,76.4,79.4
TOPCOAT-0004,362,06:02,85.3,79.8,79.2,87.2,79.2,77.3,83.6,79.3,83.5,84.0,77.1,79.6
TOPCOAT-0004,363,06:03,86.2,79.4,78.1,87.5,79.3,77.7,83.2,80.6,83.4,83.7,76.9,79.5
TOPCOAT-0004,364,06:04,86.2,79.2,77.6,87.8,78.5,78.2,84.1,81.2,83.8,84.0,77.0,80.0
TOPCOAT-0004,365,06:05,86.3,79.5,78.8,86.7,79.5,77.7,83.0,80.5,83.1,83.5,77.5,80.0
TOPCOAT-0004,366,06:06,85.7,79.3,79.5,86.8,79.8,78.6,83.8,80.0,84.0,84.1,77.7,79.1
TOPCOAT-0004,367,06:07,85.4,79.5,77.6,87.5,79.7,79.1,83.0,80.8,83.3,83.3,77.5,80.0
TOPCOAT-0004,368,06:08,85.9,79.7,79.0,86.4,78.7,78.8,83.7,80.8,83.9,83.1,77.6,80.1
TOPCOAT-0004,369,06:09,86.5,79.7,78.9,87.2,79.4,78.7,84.5,81.2,83.8,84.4,77.1,80.4
TOPCOAT-0004,370,06:10,86.9,79.3,78.7,87.0,79.8,79.3,84.4,80.7,83.4,84.6,77.5,80.4
TOPCOAT-0004,371,06:11,86.2,79.3,78.6,86.5,79.4,78.7,83.1,79.4,84.5,84.5,77.2,80.8
TOPCOAT-0004,372,06:12,85.3,79.6,78.8,86.7,80.1,79.0,83.6,79.7,83.7,83.2,78.1,79.7
TOPCOAT-0004,373,06:13,86.4,80.0,77.4,87.2,79.5,78.5,84.6,81.1,83.6,84.8,78.4,79.8
TOPCOAT-0004,374,06:14,86.0,80.1,79.1,87.7,79.5,79.3,84.2,80.6,83.3,84.1,77.6,80.3
TOPCOAT-0004,375,06:15,86.3,79.8,79.1,87.4,79.9,79.5,84.6,80.8,84.1,84.5,77.7,80.0
TOPCOAT-0004,376,06:16,86.3,79.8,78.5,87.5,80.1,78.5,84.2,80.7,83.3,84.2,77.2,80.4
TOPCOAT-0004,377,06:17,86.1,79.7,78.4,87.0,80.4,79.7,84.4,80.5,84.0,84.3,78.2,80.0
TOPCOAT-0004,378,06:18,86.5,79.6,78.7,87.1,80.7,79.4,84.0,80.6,84.1,84.2,77.0,81.5
TOPCOAT-0004,379,06:19,86.7,79.4,79.0,87.9,80.3,79.5,85.5,81.0,84.4,84.5,77.8,81.4
TOPCOAT-0004,380,06:20,87.1,79.8,78.4,87.3,80.0,79.9,84.9,80.2,84.5,84.5,78.3,81.0
TOPCOAT-0004,381,06:21,87.5,79.5,79.4,86.4,80.9,80.1,85.0,81.5,83.9,84.6,78.1,80.6
TOPCOAT-0004,382,06:22,85.8,80.2,78.8,87.8,80.4,79.9,84.6,81.0,84.0,84.8,77.8,80.6
TOPCOAT-0004,383,06:23,87.1,79.4,78.2,87.2,80.7,80.1,85.1,81.1,85.0,85.0,78.4,80.9
TOPCOAT-0004,384,06:24,87.3,79.2,77.9,87.6,80.0,79.1,85.4,81.9,84.6,83.8,78.3,80.8
TOPCOAT-0004,385,06:25,86.8,79.2,79.4,88.1,80.1,79.6,86.0,81.2,83.7,84.2,78.1,80.8
TOPCOAT-0004,386,06:26,86.7,79.7,79.2,87.2,80.9,79.8,85.2,81.6,84.1,85.1,77.6,81.0
TOPCOAT-0004,387,06:27,86.5,80.4,78.7,87.6,80.4,80.1,84.9,81.1,83.8,84.9,77.1,82.0
TOPCOAT-0004,388,06:28,86.2,80.3,79.0,87.6,80.5,80.1,85.0,81.0,84.3,84.5,77.2,80.5
TOPCOAT-0004,389,06:29,87.5,80.4,78.5,89.0,81.6,79.9,85.2,82.4,83.9,84.2,77.7,81.4
TOPCOAT-0004,390,06:30,86.8,80.9,79.5,87.2,80.2,80.0,85.3,81.9,84.3,84.7,77.6,80.5
TOPCOAT-0004,391,06:31,88.0,79.6,79.4,87.0,80.6,80.3,85.9,81.0,83.7,84.0,78.3,80.5
TOPCOAT-0004,392,06:32,86.6,80.0,78.0,87.8,81.3,79.7,85.6,81.2,84.9,84.3,77.7,81.6
TOPCOAT-0004,393,06:33,87.1,80.0,79.1,87.4,81.0,80.7,85.9,81.3,84.1,84.6,78.4,80.7
TOPCOAT-0004,394,06:34,86.8,80.3,78.4,87.7,80.5,80.4,85.8,81.9,84.3,84.7,79.1,81.8
TOPCOAT-0004,395,06:35,87.3,80.6,78.5,87.4,80.9,80.2,85.3,81.7,84.5,84.7,77.4,81.5
TOPCOAT-0004,396,06:36,86.1,80.7,78.6,87.7,80.6,80.2,84.9,82.0,85.0,83.5,78.2,81.3
TOPCOAT-0004,397,06:37,87.0,80.6,78.9,87.5,82.0,81.0,86.0,82.3,84.5,83.9,77.6,81.5
TOPCOAT-0004,398,06:38,86.5,80.2,78.9,87.6,81.5,79.7,85.3,82.1,84.7,85.9,77.3,81.8
TOPCOAT-0004,399,06:39,86.7,80.2,79.4,87.6,80.7,79.8,86.2,82.3,84.7,84.7,77.1,81.7
TOPCOAT-0004,400,06:40,87.0,80.3,79.1,87.3,81.5,80.7,86.1,82.5,83.3,83.4,77.9,81.0
TOPCOAT-0004,401,06:41,87.2,80.5,79.0,87.6,81.7,80.3,85.1,80.7,85.4,84.8,77.2,81.2
TOPCOAT-0004,402,06:42,87.3,80.4,78.7,88.0,81.6,80.2,85.6,83.0,84.3,85.3,79.1,81.5
TOPCOAT-0004,403,06:43,87.3,80.9,79.2,87.0,81.1,80.6,85.5,81.0,84.1,85.1,78.8,81.0
TOPCOAT-0004,404,06:44,87.1,79.6,79.2,88.2,82.2,80.6,86.1,81.2,84.2,84.6,78.5,81.2
TOPCOAT-0004,405,06:45,87.0,80.0,78.0,87.6,81.4,81.1,85.3,81.1,84.0,84.8,78.6,81.7
TOPCOAT-0004,406,06:46,86.9,80.4,80.3,88.3,80.8,81.0,85.5,81.5,84.9,84.7,78.5,81.1
TOPCOAT-0004,407,06:47,87.5,80.2,78.7,87.5,81.8,79.8,85.6,81.5,84.4,84.5,77.4,80.4
TOPCOAT-0004,408,06:48,88.5,79.7,79.0,88.6,81.3,81.5,85.8,82.0,83.8,85.4,77.3,81.1
TOPCOAT-0004,409,06:49,87.4,80.7,79.7,88.3,81.5,80.5,86.2,81.8,84.2,85.0,77.4,81.6
TOPCOAT-0004,410,06:50,87.4,80.6,78.9,88.2,81.8,81.3,86.2,82.5,84.6,84.4,78.1,80.9
TOPCOAT-0004,411,06:51,88.0,80.3,79.4,88.8,81.9,80.7,86.0,82.4,84.5,84.8,78.4,80.4
TOPCOAT-0004,412,06:52,86.8,79.8,80.0,88.0,81.7,80.7,85.8,82.0,85.0,85.5,77.9,80.6
TOPCOAT-0004,413,06:53,87.4,80.8,80.3,88.5,80.5,80.4,86.5,81.3,84.1,84.6,78.2,82.2
TOPCOAT-0004,414,06:54,86.5,80.8,79.4,88.1,81.4,80.3,86.9,81.3,84.6,85.1,78.2,81.9
TOPCOAT-0004,415,06:55,87.7,81.0,79.6,88.7,80.8,80.7,85.8,82.4,85.0,84.8,78.3,82.0
TOPCOAT-0004,416,06:56,87.5,80.2,78.9,87.4,81.1,80.4,86.4,81.9,84.7,84.6,78.2,81.8
TOPCOAT-0004,417,06:57,87.7,80.6,79.1,87.7,82.2,80.2,85.9,82.6,85.0,84.6,79.3,82.4
TOPCOAT-0004,418,06:58,87.6,80.6,78.9,88.1,81.9,81.3,86.5,83.0,84.4,84.2,77.6,81.0
TOPCOAT-0004,419,06:59,88.2,81.0,78.9,87.2,81.7,80.3,86.1,82.8,84.4,84.0,78.4,82.5
TOPCOAT-0004,420,07:00,88.0,80.4,79.0,87.0,82.0,81.0,86.5,82.4,85.3,86.0,78.7,82.5
TOPCOAT-0004,421,07:01,87.9,80.4,79.4,87.8,82.0,81.7,86.5,82.0,84.8,85.2,78.5,81.6
TOPCOAT-0004,422,07:02,88.4,79.9,79.4,87.7,81.6,80.9,86.0,82.9,85.2,85.4,77.6,82.1
TOPCOAT-0004,423,07:03,87.3,80.8,79.5,87.7,81.9,80.8,86.1,81.3,85.4,85.2,77.7,81.8
TOPCOAT-0004,424,07:04,88.6,80.6,79.5,87.2,80.9,80.1,86.7,81.8,84.2,84.7,78.8,81.5
TOPCOAT-0004,425,07:05,87.9,79.7,79.6,88.3,82.0,80.7,86.1,81.7,85.3,85.1,78.1,81.3
TOPCOAT-0004,426,07:06,87.5,81.0,78.8,86.2,81.4,81.2,86.6,82.3,85.3,84.9,78.2,83.0
TOPCOAT-0004,427,07:07,87.8,80.8,78.5,88.5,82.2,80.8,86.5,82.0,84.8,84.4,76.4,82.8
TOPCOAT-0004,428,07:08,87.8,80.6,79.7,88.4,81.7,80.2,86.0,82.5,85.6,85.4,77.7,81.3
TOPCOAT-0004,429,07:09,88.2,79.9,79.6,87.1,80.7,81.0,86.0,81.5,85.2,85.2,78.0,81.0
TOPCOAT-0004,430,07:10,87.4,80.5,79.6,87.4,82.5,81.2,86.5,82.7,84.1,84.8,78.5,81.9
TOPCOAT-0004,431,07:11,88.5,80.1,77.8,87.9,83.2,80.5,86.7,82.1,84.4,84.5,79.5,82.0
TOPCOAT-0004,432,07:12,88.1,80.4,79.6,88.2,82.3,80.9,86.7,82.5,85.5,84.9,79.0,82.2
TOPCOAT-0004,433,07:13,88.2,81.1,78.3,88.6,81.8,82.1,86.1,81.9,84.5,85.7,78.0,82.5
TOPCOAT-0004,434,07:14,88.5,81.2,79.5,87.8,82.0,81.6,86.4,83.2,84.7,84.8,78.1,81.3
TOPCOAT-0004,435,07:15,88.1,80.5,79.2,87.1,82.3,80.9,86.9,82.3,84.1,84.1,77.9,82.0
TOPCOAT-0004,436,07:16,87.3,80.9,78.5,87.6,82.1,81.7,86.6,82.5,84.0,84.9,77.8,81.6
TOPCOAT-0004,437,07:17,87.5,80.4,78.8,88.3,81.2,81.1,85.6,82.1,85.4,85.2,78.0,81.4
TOPCOAT-0004,438,07:18,87.8,79.9,79.3,87.6,81.9,81.6,87.2,82.9,85.1,85.2,78.3,81.3
TOPCOAT-0004,439,07:19,87.0,80.5,79.4,88.7,82.4,81.8,86.5,82.3,84.8,85.4,78.6,81.9
TOPCOAT-0004,440,07:20,88.3,81.3,77.7,87.9,82.5,81.2,86.5,82.9,84.8,85.4,78.5,82.9
TOPCOAT-0004,441,07:21,88.0,80.5,79.0,88.2,82.7,81.4,87.3,82.8,84.4,87.7,78.1,81.0
TOPCOAT-0004,442,07:22,87.7,79.9,79.1,87.8,82.4,81.8,86.7,82.6,84.3,88.0,78.5,81.1
TOPCOAT-0004,443,07:23,87.2,80.3,79.0,88.5,82.2,81.6,87.0,82.0,85.1,89.6,77.2,81.1
TOPCOAT-0004,444,07:24,87.4,81.0,81.2,87.8,82.1,82.6,86.1,82.9,85.3,89.3,78.2,80.9
TOPCOAT-0004,445,07:25,88.2,81.0,82.1,87.9,82.9,81.2,86.5,82.8,85.4,90.8,78.5,81.9
TOPCOAT-0004,446,07:26,87.9,81.3,83.4,88.7,82.3,80.3,87.0,82.1,85.6,90.0,77.7,82.5
TOPCOAT-0004,447,07:27,87.3,80.8,83.7,90.0,82.2,81.2,86.0,83.1,85.1,91.3,78.0,81.9
TOPCOAT-0004,448,07:28,88.3,81.5,83.2,91.4,82.4,81.8,86.8,82.4,84.9,92.1,78.2,81.0
TOPCOAT-0004,449,07:29,88.1,80.9,84.5,92.1,82.4,82.2,86.3,81.1,84.9,91.8,78.4,81.7
TOPCOAT-0004,450,07:30,87.6,83.3,85.2,92.3,81.3,80.8,86.0,83.1,87.0,92.5,78.4,82.2
TOPCOAT-0004,451,07:31,87.3,83.3,85.6,93.0,81.4,81.1,87.0,82.8,86.8,93.6,77.9,82.0
TOPCOAT-0004,452,07:32,87.8,85.2,85.0,93.5,82.4,80.9,87.0,83.1,88.7,93.1,78.5,82.9
TOPCOAT-0004,453,07:33,88.1,84.6,85.5,94.3,81.4,80.8,86.5,83.0,88.4,92.9,80.2,82.1
TOPCOAT-0004,454,07:34,88.4,85.4,86.4,95.0,82.1,80.4,86.2,82.9,89.2,93.4,80.7,82.7
TOPCOAT-0004,455,07:35,89.3,86.4,86.5,95.7,81.7,80.8,87.4,82.0,91.2,93.8,81.7,82.1
TOPCOAT-0004,456,07:36,88.7,86.5,86.9,95.8,82.3,80.1,86.4,82.0,90.0,93.8,82.6,82.3
TOPCOAT-0004,457,07:37,88.0,86.4,86.8,95.4,81.7,81.1,86.8,82.5,92.5,93.3,83.0,80.4
TOPCOAT-0004,458,07:38,87.5,87.4,88.0,96.0,82.2,81.2,86.4,82.9,91.2,94.3,83.4,82.2
TOPCOAT-0004,459,07:39,89.0,86.9,87.3,95.7,82.0,81.3,87.2,82.7,92.3,94.5,84.3,82.6
TOPCOAT-0004,460,07:40,87.8,87.4,88.2,97.0,82.5,81.2,86.6,82.0,92.0,95.8,84.3,81.4
TOPCOAT-0004,461,07:41,87.4,88.8,88.5,97.0,82.1,82.0,86.7,82.5,92.8,95.0,84.4,82.7
TOPCOAT-0004,462,07:42,87.6,88.0,88.7,97.3,81.8,81.9,86.3,83.5,92.9,95.6,84.8,81.6
TOPCOAT-0004,463,07:43,88.1,88.2,88.2,97.8,81.9,81.9,87.4,83.0,92.3,96.2,85.3,82.4
TOPCOAT-0004,464,07:44,87.3,88.5,89.5,97.1,82.3,81.2,86.6,83.5,94.1,96.0,84.9,81.0
TOPCOAT-0004,465,07:45,87.8,88.8,89.4,98.6,81.8,82.7,86.2,82.5,93.9,96.0,86.6,82.4
TOPCOAT-0004,466,07:46,90.8,88.3,89.2,99.1,82.0,81.3,87.0,82.9,94.0,96.8,85.9,82.8
TOPCOAT-0004,467,07:47,91.6,89.2,90.3,97.8,80.4,81.7,86.7,82.2,94.5,96.5,86.2,82.3
TOPCOAT-0004,468,07:48,91.4,89.7,89.4,99.1,82.1,82.3,87.4,82.8,94.4,97.0,87.1,82.7
TOPCOAT-0004,469,07:49,92.5,91.0,91.6,99.1,81.4,81.2,86.8,83.4,94.7,97.4,87.5,84.3
TOPCOAT-0004,470,07:50,92.9,90.6,89.6,98.7,81.7,82.2,86.3,83.1,95.1,97.7,88.0,84.8
TOPCOAT-0004,471,07:51,94.4,91.3,90.8,99.8,81.6,80.8,86.5,81.0,95.9,97.1,87.4,85.6
TOPCOAT-0004,472,07:52,93.8,90.6,90.6,99.1,82.4,81.0,87.6,83.0,95.6,97.0,87.8,85.5
TOPCOAT-0004,473,07:53,94.7,91.4,90.0,100.0,83.0,81.3,87.9,83.2,95.6,98.7,87.6,87.1
TOPCOAT-0004,474,07:54,95.5,91.6,91.6,100.4,82.3,81.7,86.5,81.6,95.9,99.3,87.4,87.0
TOPCOAT-0004,475,07:55,94.9,91.7,91.2,100.5,81.4,81.4,86.0,82.7,96.5,97.7,88.1,87.6
TOPCOAT-0004,476,07:56,95.8,92.2,91.9,101.1,81.9,81.3,86.3,83.4,96.3,97.8,89.0,88.3
TOPCOAT-0004,477,07:57,96.8,92.6,91.8,100.3,81.4,81.5,86.4,84.5,96.5,98.1,88.4,87.7
TOPCOAT-0004,478,07:58,97.4,92.9,91.7,101.7,81.8,80.9,86.4,87.0,97.3,99.0,89.8,88.1
TOPCOAT-0004,479,07:59,97.3,93.0,91.4,101.7,83.0,81.5,86.4,86.5,97.3,99.3,89.3,89.2
TOPCOAT-0004,480,08:00,96.9,93.0,92.5,102.1,84.4,81.6,87.3,87.2,96.7,100.5,90.6,88.8
TOPCOAT-0004,481,08:01,97.0,92.9,92.7,102.4,85.2,82.3,87.3,87.8,96.8,98.7,89.6,90.2
TOPCOAT-0004,482,08:02,97.3,93.6,92.5,102.3,86.4,81.7,86.4,88.3,98.3,100.0,90.7,89.8
TOPCOAT-0004,483,08:03,97.4,93.2,93.7,102.4,87.0,81.9,89.0,88.3,98.3,100.3,89.7,90.5
TOPCOAT-0004,484,08:04,98.4,93.3,93.4,101.4,86.9,82.5,90.4,88.8,98.1,100.8,89.7,90.5
TOPCOAT-0004,485,08:05,98.1,93.4,93.2,102.0,87.7,82.1,90.8,89.9,99.8,100.1,89.7,91.0
TOPCOAT-0004,486,08:06,99.8,93.3,92.7,102.9,87.9,83.7,91.7,88.7,98.0,99.8,90.8,91.2
TOPCOAT-0004,487,08:07,98.8,93.5,94.2,102.8,88.0,85.3,91.5,89.3,99.9,101.2,91.1,91.4
TOPCOAT-0004,488,08:08,99.0,93.5,93.2,103.5,88.9,85.2,92.6,90.4,99.3,100.7,90.5,92.3
TOPCOAT-0004,489,08:09,99.5,94.2,94.1,102.6,89.0,86.0,92.8,91.4,99.7,101.0,90.3,92.5
TOPCOAT-0004,490,08:10,99.2,95.0,94.2,103.8,89.1,86.4,93.2,90.6,99.0,101.3,90.9,92.7
TOPCOAT-0004,491,08:11,100.0,94.1,92.8,103.0,89.9,86.9,92.8,90.6,99.4,101.5,91.5,93.1
TOPCOAT-0004,492,08:12,100.0,95.3,94.3,104.0,89.6,87.6,93.9,91.3,98.4,100.6,91.9,93.8
TOPCOAT-0004,493,08:13,100.5,94.6,94.4,105.0,90.0,88.3,94.7,91.9,100.4,101.2,90.8,93.1
TOPCOAT-0004,494,08:14,100.4,94.6,94.9,103.4,90.3,87.7,95.4,92.5,99.3,102.5,93.3,92.9
TOPCOAT-0004,495,08:15,101.3,95.8,94.2,105.2,90.7,88.8,95.0,92.2,99.9,102.0,91.7,93.5
TOPCOAT-0004,496,08:16,101.3,95.0,94.9,105.2,91.0,88.8,96.3,92.3,100.9,101.7,92.4,93.5
TOPCOAT-0004,497,08:17,101.5,95.4,95.1,105.6,91.0,89.7,95.9,92.9,100.1,102.3,92.7,93.3
TOPCOAT-0004,498,08:18,100.6,96.1,95.7,105.5,91.9,89.1,96.3,92.9,100.5,102.0,92.8,94.6
TOPCOAT-0004,499,08:19,101.0,95.3,95.4,105.6,91.6,90.5,96.1,93.5,100.5,102.7,92.3,94.2
TOPCOAT-0004,500,08:20,101.5,95.7,94.7,105.3,91.7,89.9,96.6,93.5,101.0,103.1,92.6,93.7
TOPCOAT-0004,501,08:21,102.2,96.2,95.2,105.9,92.8,90.4,97.6,94.1,100.5,102.5,93.0,94.8
TOPCOAT-0004,502,08:22,102.4,96.4,95.8,105.9,92.3,91.0,96.9,93.4,101.0,103.1,93.5,94.5
TOPCOAT-0004,503,08:23,102.5,96.4,95.0,105.7,93.0,91.2,97.7,94.2,101.3,102.7,94.3,95.1
TOPCOAT-0004,504,08:24,102.6,96.4,96.8,105.4,92.8,91.0,97.0,93.8,101.9,103.7,93.3,94.7
TOPCOAT-0004,505,08:25,102.7,96.9,95.5,106.0,92.4,90.7,98.9,94.5,101.8,103.5,93.4,96.3
TOPCOAT-0004,506,08:26,104.2,97.6,95.5,106.1,93.4,91.4,98.6,93.5,102.4,103.4,93.8,94.7
TOPCOAT-0004,507,08:27,103.8,96.5,96.2,106.0,93.2,91.3,99.2,94.5,102.0,103.4,94.5,95.2
TOPCOAT-0004,508,08:28,103.2,96.8,96.7,106.1,94.0,91.7,100.0,94.4,102.3,102.8,93.5,94.5
TOPCOAT-0004,509,08:29,103.3,97.3,96.4,107.4,94.5,93.0,98.5,96.0,102.0,102.8,93.2,95.3
TOPCOAT-0004,510,08:30,103.0,97.4,96.1,106.4,94.3,92.8,99.2,96.0,102.9,104.8,94.6,95.6
TOPCOAT-0004,511,08:31,103.7,98.2,95.9,107.4,95.2,92.5,100.2,95.6,102.0,103.7,94.3,96.3
TOPCOAT-0004,512,08:32,104.3,97.8,97.5,107.1,94.0,92.3,99.9,96.7,103.2,105.2,95.0,96.4
TOPCOAT-0004,513,08:33,103.6,97.7,96.7,106.9,94.6,92.6,100.2,96.3,103.1,104.1,95.4,97.0
TOPCOAT-0004,514,08:34,105.0,97.3,97.1,107.1,94.2,92.9,99.9,95.6,103.1,104.9,94.8,97.4
TOPCOAT-0004,515,08:35,104.3,97.6,97.3,107.6,95.5,93.4,99.5,96.0,104.0,104.7,94.6,97.0
TOPCOAT-0004,516,08:36,104.6,98.0,96.4,107.5,95.1,93.8,100.2,96.0,102.4,103.9,95.1,97.2
TOPCOAT-0004,517,08:37,104.5,98.8,97.3,107.3,95.9,94.0,99.8,97.5,103.4,104.9,94.4,96.9
TOPCOAT-0004,518,08:38,105.8,98.0,97.3,108.6,95.7,93.9,101.0,96.6,103.8,104.2,95.3,97.2
TOPCOAT-0004,519,08:39,105.7,98.2,97.4,107.8,96.0,94.8,101.1,97.5,103.0,105.2,95.7,97.2
TOPCOAT-0004,520,08:40,105.0,98.6,98.0,107.1,96.3,94.2,101.5,96.9,103.9,105.8,95.3,98.3
TOPCOAT-0004,521,08:41,105.6,99.1,97.8,108.4,96.4,94.0,100.8,97.2,103.6,104.9,96.0,97.5
TOPCOAT-0004,522,08:42,104.7,99.0,99.0,107.5,96.8,95.2,101.1,97.7,102.8,106.0,95.6,98.0
TOPCOAT-0004,523,08:43,105.8,99.3,98.2,109.1,96.7,95.5,101.0,97.6,104.3,106.4,97.1,98.3
TOPCOAT-0004,524,08:44,106.3,98.7,97.6,107.7,96.8,94.8,102.4,97.7,104.6,105.3,95.6,97.8
TOPCOAT-0004,525,08:45,105.8,99.3,99.2,109.5,97.3,95.5,102.2,98.9,104.6,105.3,96.1,98.2
TOPCOAT-0004,526,08:46,107.3,99.6,97.7,109.8,97.3,96.6,102.5,97.7,103.8,105.3,96.2,98.8
TOPCOAT-0004,527,08:47,106.2,99.6,98.7,109.1,97.1,95.2,102.5,98.5,104.9,106.1,96.1,98.5
TOPCOAT-0004,528,08:48,107.0,99.3,99.0,110.2,97.2,96.4,102.5,98.7,105.1,106.0,96.7,98.9
TOPCOAT-0004,529,08:49,106.1,100.5,98.0,109.0,98.1,95.7,103.1,98.3,104.4,106.5,96.5,98.3
TOPCOAT-0004,530,08:50,106.9,100.2,98.4,109.9,99.1,97.4,102.1,99.4,105.5,106.3,97.6,99.3
TOPCOAT-0004,531,08:51,106.0,99.5,98.2,109.2,97.6,96.2,102.1,98.8,105.5,106.5,98.3,99.6
TOPCOAT-0004,532,08:52,107.4,99.8,99.4,110.5,98.1,96.6,102.2,99.7,104.3,107.4,96.6,99.6
TOPCOAT-0004,533,08:53,107.4,100.5,99.9,110.2,98.3,97.0,103.4,99.5,104.8,106.5,98.2,99.8
TOPCOAT-0004,534,08:54,106.9,100.0,99.8,109.6,97.6,97.7,103.9,100.1,107.1,106.2,97.5,98.6
TOPCOAT-0004,535,08:55,108.2,101.4,99.3,110.8,98.8,97.2,103.0,100.1,105.6,107.1,96.8,100.0
TOPCOAT-0004,536,08:56,107.5,100.6,99.8,110.6,98.9,97.6,103.8,99.9,105.1,107.5,97.1,100.0
TOPCOAT-0004,537,08:57,108.5,100.7,99.4,110.2,97.8,97.8,103.6,99.8,105.6,106.5,97.3,100.0
TOPCOAT-0004,538,08:58,107.2,101.3,99.6,111.0,98.7,98.1,104.9,100.3,106.0,107.5,98.0,100.0
TOPCOAT-0004,539,08:59,107.7,101.1,99.9,111.5,98.6,98.2,104.3,100.1,106.2,107.1,98.4,100.5
TOPCOAT-0004,540,09:00,108.6,101.4,100.6,110.2,99.2,97.5,103.4,99.6,106.0,107.5,97.8,100.3
TOPCOAT-0004,541,09:01,108.8,100.9,99.5,110.9,99.4,97.8,104.0,99.7,105.9,108.1,98.3,100.0
TOPCOAT-0004,542,09:02,108.1,101.6,99.7,111.2,99.6,97.1,103.8,100.6,106.3,107.8,98.2,101.0
TOPCOAT-0004,543,09:03,109.5,101.6,99.8,111.4,99.2,99.0,105.0,101.0,106.7,107.9,98.2,100.3
TOPCOAT-0004,544,09:04,109.3,101.1,100.6,111.3,99.4,98.2,105.5,100.0,106.7,108.0,98.3,101.0
TOPCOAT-0004,545,09:05,109.1,101.2,101.1,111.6,100.9,98.5,104.8,100.7,107.6,108.2,98.1,101.3
TOPCOAT-0004,546,09:06,109.4,102.2,100.0,112.2,100.9,98.4,105.4,100.9,107.1,109.5,99.0,100.1
TOPCOAT-0004,547,09:07,108.9,102.7,100.8,112.0,100.4,98.4,106.3,101.1,107.5,109.2,97.9,101.1
TOPCOAT-0004,548,09:08,109.7,101.8,101.1,112.2,99.8,99.2,105.7,102.9,107.9,108.6,98.7,102.0
TOPCOAT-0004,549,09:09,109.1,102.0,101.5,111.7,100.1,98.0,105.7,100.9,107.9,108.5,99.3,100.6
TOPCOAT-0004,550,09:10,109.6,101.2,100.3,111.7,100.9,99.9,106.3,101.4,107.5,109.0,99.9,102.7
TOPCOAT-0004,551,09:11,109.5,101.5,100.5,111.7,100.3,99.2,105.4,102.0,107.6,108.2,99.2,102.4
TOPCOAT-0004,552,09:12,110.0,102.2,101.0,112.7,100.7,99.4,105.6,101.0,108.2,109.0,98.7,102.0
TOPCOAT-0004,553,09:13,109.8,103.1,102.1,112.7,101.0,99.8,107.0,102.3,107.0,109.6,100.1,101.6
TOPCOAT-0004,554,09:14,111.0,102.5,101.1,112.4,101.3,99.3,106.6,101.2,107.6,110.0,99.3,101.9
TOPCOAT-0004,555,09:15,110.6,102.7,101.7,112.9,101.5,99.1,106.6,102.0,108.6,109.6,99.5,102.1
TOPCOAT-0004,556,09:16,110.2,102.8,101.8,112.4,101.0,99.4,106.1,103.2,107.6,109.5,99.7,102.0
TOPCOAT-0004,557,09:17,110.4,103.7,102.4,112.6,101.6,99.9,106.8,102.7,108.6,109.2,100.1,103.4
TOPCOAT-0004,558,09:18,110.9,102.7,101.7,113.6,100.6,100.3,106.7,102.1,108.3,109.6,100.0,102.1
TOPCOAT-0004,559,09:19,109.7,102.7,101.1,113.2,101.6,100.1,107.9,103.5,108.9,109.1,99.5,102.4
TOPCOAT-0004,560,09:20,110.1,103.5,102.4,113.1,101.8,100.8,106.8,103.0,108.9,110.1,100.8,103.1
TOPCOAT-0004,561,09:21,110.3,103.3,103.0,111.9,102.8,100.9,107.0,103.3,109.4,110.6,100.4,102.1
TOPCOAT-0004,562,09:22,111.3,103.9,102.9,113.4,102.3,100.4,107.3,102.4,108.9,109.9,100.5,103.7
TOPCOAT-0004,563,09:23,111.0,103.9,102.2,112.4,103.6,101.2,108.0,102.7,107.9,110.5,100.3,102.4
TOPCOAT-0004,564,09:24,111.0,103.9,102.3,113.6,101.5,99.1,108.3,102.8,108.3,110.2,99.9,103.2
TOPCOAT-0004,565,09:25,110.3,103.3,102.2,113.6,101.9,100.8,106.9,103.1,108.9,110.4,101.1,102.5
TOPCOAT-0004,566,09:26,111.1,103.6,101.9,113.6,102.9,101.7,108.2,103.8,109.5,110.1,101.7,102.7
TOPCOAT-0004,567,09:27,110.6,104.1,102.8,113.4,101.9,101.4,108.3,103.1,110.2,110.6,101.1,103.7
TOPCOAT-0004,568,09:28,111.2,104.8,104.0,114.4,103.1,100.8,107.8,103.7,109.7,110.8,101.2,103.8
TOPCOAT-0004,569,09:29,112.1,104.4,102.7,113.6,103.0,100.8,108.8,103.6,108.7,111.5,101.6,102.9
TOPCOAT-0004,570,09:30,110.8,104.0,102.9,114.9,102.9,102.5,107.9,104.1,108.8,111.6,100.9,104.3
TOPCOAT-0004,571,09:31,112.0,104.4,102.8,114.7,103.2,102.1,108.9,104.3,109.3,112.1,101.1,104.1
TOPCOAT-0004,572,09:32,111.8,104.2,102.9,115.0,103.8,100.7,108.3,104.7,109.3,111.0,102.4,104.7
TOPCOAT-0004,573,09:33,112.6,104.4,104.3,114.4,103.8,101.8,109.9,104.4,110.7,111.3,101.8,104.0
TOPCOAT-0004,574,09:34,112.6,104.1,103.2,114.0,103.4,101.8,108.6,104.6,110.2,110.8,101.1,104.2
TOPCOAT-0004,575,09:35,113.1,104.6,104.3,114.9,103.9,102.1,108.5,104.3,108.3,110.8,101.8,104.9
TOPCOAT-0004,576,09:36,112.2,105.2,103.2,115.3,103.6,102.7,109.1,104.3,109.8,111.6,102.1,104.6
TOPCOAT-0004,577,09:37,112.5,104.8,103.9,115.5,104.6,102.6,109.8,105.0,110.4,111.8,101.4,104.6
TOPCOAT-0004,578,09:38,112.9,105.9,104.7,114.6,104.6,102.9,109.7,105.7,110.8,111.6,101.4,104.6
TOPCOAT-0004,579,09:39,112.8,104.8,103.2,115.2,104.2,102.6,110.3,104.8,110.8,112.8,101.6,104.8
TOPCOAT-0004,580,09:40,112.5,105.8,104.9,115.2,103.6,103.0,109.5,104.9,111.4,112.5,103.7,105.4
TOPCOAT-0004,581,09:41,113.1,106.2,104.1,114.1,104.6,102.4,109.3,104.7,111.2,111.5,101.8,105.9
TOPCOAT-0004,582,09:42,113.1,105.3,105.2,115.0,105.1,103.3,110.8,106.3,111.3,112.4,102.0,105.2
TOPCOAT-0004,583,09:43,113.5,105.7,105.1,116.0,104.2,103.0,109.9,105.3,110.7,111.7,102.6,105.2
TOPCOAT-0004,584,09:44,113.2,104.7,104.7,115.7,104.8,103.0,109.9,106.0,110.4,112.1,102.3,105.5
TOPCOAT-0004,585,09:45,114.1,105.4,104.2,116.9,104.3,103.0,111.3,105.7,111.4,113.3,103.3,105.4
TOPCOAT-0004,586,09:46,114.6,104.7,105.1,115.9,105.0,102.5,111.0,106.6,112.0,112.5,102.2,105.4
TOPCOAT-0004,587,09:47,114.0,105.2,104.8,116.0,105.4,103.9,110.8,106.2,111.0,112.1,102.8,106.1
TOPCOAT-0004,588,09:48,114.0,105.6,104.3,116.5,105.4,104.3,110.5,105.7,111.1,112.0,102.9,105.2
TOPCOAT-0004,589,09:49,113.6,106.6,104.5,116.5,105.3,104.5,110.3,106.2,112.2,111.8,103.2,106.3
TOPCOAT-0004,590,09:50,113.7,106.0,104.1,116.0,105.2,103.5,110.7,106.7,112.1,113.2,102.9,106.0
TOPCOAT-0004,591,09:51,114.8,106.0,104.2,116.4,105.4,103.8,111.3,105.8,112.3,113.6,102.1,106.0
TOPCOAT-0004,592,09:52,115.4,106.3,105.0,115.8,105.0,104.4,110.5,106.1,112.0,113.4,103.2,105.6
TOPCOAT-0004,593,09:53,115.2,106.6,104.6,117.0,105.9,104.7,111.1,106.1,110.8,113.1,102.2,106.2
TOPCOAT-0004,594,09:54,113.9,106.6,104.8,116.3,105.8,105.0,111.5,106.9,111.8,113.3,103.2,106.0
TOPCOAT-0004,595,09:55,115.0,106.2,105.8,117.2,106.3,103.8,110.9,105.9,112.6,112.8,103.3,107.1
TOPCOAT-0004,596,09:56,114.6,106.9,105.1,117.4,105.0,104.6,112.0,106.9,111.3,112.5,103.0,106.1
TOPCOAT-0004,597,09:57,114.8,107.2,105.4,117.5,106.5,104.2,111.1,106.9,112.5,113.1,103.4,106.3
TOPCOAT-0004,598,09:58,114.2,107.3,105.9,116.9,105.8,106.1,111.7,107.7,112.5,113.8,104.0,107.1
TOPCOAT-0004,599,09:59,114.5,107.0,105.7,117.5,106.4,104.2,111.6,106.8,111.7,113.5,104.1,107.3
TOPCOAT-0004,600,10:00,115.1,107.0,105.8,117.5,106.4,105.4,112.1,106.9,113.4,112.9,103.6,107.4
TOPCOAT-0004,601,10:01,113.8,107.4,105.7,116.5,106.0,105.1,112.8,106.9,112.9,113.5,104.0,106.3
TOPCOAT-0004,602,10:02,115.2,106.1,106.2,117.0,106.5,105.7,111.5,107.2,112.9,114.1,104.0,107.3
TOPCOAT-0004,603,10:03,115.2,107.7,105.7,117.2,106.9,105.3,112.7,106.9,113.4,114.2,104.4,107.0
TOPCOAT-0004,604,10:04,115.4,107.8,105.9,116.8,106.3,104.9,112.0,108.7,112.5,114.1,104.2,108.3
TOPCOAT-0004,605,10:05,114.7,108.0,106.5,117.6,106.6,106.2,111.8,107.6,112.7,114.0,104.2,108.2
TOPCOAT-0004,606,10:06,115.8,107.7,106.3,117.6,106.4,105.3,112.5,107.8,112.7,113.9,104.8,107.1
TOPCOAT-0004,607,10:07,116.0,107.8,106.0,117.7,107.1,105.8,112.9,107.5,113.0,114.6,105.2,107.3
TOPCOAT-0004,608,10:08,116.4,107.7,106.1,118.3,106.3,106.2,113.1,108.2,113.9,114.8,104.1,107.4
TOPCOAT-0004,609,10:09,115.5,107.7,105.9,117.6,107.5,105.9,113.4,108.2,113.5,114.2,105.5,107.6
TOPCOAT-0004,610,10:10,115.8,108.3,106.0,118.4,107.6,105.7,112.3,108.3,113.5,115.1,104.7,108.1
TOPCOAT-0004,611,10:11,116.7,107.7,107.3,117.7,106.0,106.3,112.2,108.0,114.3,114.4,104.9,108.0
TOPCOAT-0004,612,10:12,115.8,107.6,106.7,117.9,106.0,106.6,113.0,107.9,112.6,114.0,104.4,107.6
TOPCOAT-0004,613,10:13,116.5,108.6,106.1,117.9,107.1,106.8,113.9,108.4,114.8,114.5,105.3,107.0
TOPCOAT-0004,614,10:14,116.4,107.8,107.3,118.0,106.6,107.0,113.0,109.2,114.5,114.8,105.3,108.2
TOPCOAT-0004,615,10:15,116.0,108.7,106.8,118.6,108.8,105.9,113.7,108.3,113.6,115.1,104.3,108.2
TOPCOAT-0004,616,10:16,116.2,107.6,107.4,118.9,107.9,106.8,113.6,108.6,113.8,115.2,105.6,108.7
TOPCOAT-0004,617,10:17,116.1,108.3,107.0,119.9,107.1,107.7,113.7,108.2,114.5,114.9,104.3,108.7
TOPCOAT-0004,618,10:18,117.6,108.2,107.7,119.1,108.1,106.3,113.7,109.0,114.7,114.8,105.4,108.9
TOPCOAT-0004,619,10:19,117.0,109.4,107.9,119.0,108.4,106.6,113.4,108.8,114.2,115.4,105.5,109.5
TOPCOAT-0004,620,10:20,117.4,109.1,108.5,118.9,108.5,106.3,113.4,109.3,114.6,115.5,106.3,109.5
TOPCOAT-0004,621,10:21,116.3,109.2,106.8,120.1,107.6,106.7,113.9,110.1,113.9,115.4,105.3,107.8
TOPCOAT-0004,622,10:22,117.2,108.9,107.8,119.1,107.9,106.7,113.5,110.0,114.6,115.2,105.8,109.3
TOPCOAT-0004,623,10:23,116.9,108.7,107.8,119.1,108.5,107.3,113.9,110.1,114.2,116.1,105.9,108.3
TOPCOAT-0004,624,10:24,117.4,109.3,107.3,119.1,109.4,107.4,115.2,109.7,115.1,115.8,106.2,109.4
TOPCOAT-0004,625,10:25,118.0,110.5,107.6,119.4,108.2,107.5,114.7,110.0,114.6,115.7,105.3,109.1
TOPCOAT-0004,626,10:26,118.1,108.9,108.8,118.5,109.0,107.4,114.4,109.6,114.5,115.5,105.8,109.7
TOPCOAT-0004,627,10:27,118.2,108.9,108.0,119.8,108.7,108.1,113.9,109.8,114.6,116.4,105.9,109.5
TOPCOAT-0004,628,10:28,118.3,109.8,108.3,119.6,109.1,108.1,115.5,110.1,114.3,116.7,106.9,109.6
TOPCOAT-0004,629,10:29,117.4,110.0,107.7,119.3,109.9,108.9,114.3,109.6,114.2,116.3,106.1,110.1
TOPCOAT-0004,630,10:30,117.7,109.5,109.1,119.7,109.0,107.1,115.0,111.4,114.4,116.8,106.7,110.1
TOPCOAT-0004,631,10:31,118.8,110.3,108.6,119.9,109.4,107.7,115.1,110.6,115.1,116.4,105.3,110.3
TOPCOAT-0004,632,10:32,118.3,109.5,109.3,120.7,108.6,108.9,115.4,109.7,115.6,116.3,106.0,110.3
TOPCOAT-0004,633,10:33,117.2,110.3,108.3,120.5,108.7,108.0,115.5,110.0,115.6,116.5,106.4,110.0
TOPCOAT-0004,634,10:34,118.1,109.1,108.6,119.4,110.1,108.5,115.2,110.1,116.1,115.6,108.2,109.1
TOPCOAT-0004,635,10:35,118.2,109.7,109.3,119.7,110.0,108.6,115.0,109.9,115.1,116.2,107.3,109.7
TOPCOAT-0004,636,10:36,118.5,109.7,108.4,120.4,110.5,108.9,115.4,110.6,115.3,116.9,106.2,111.1
TOPCOAT-0004,637,10:37,118.8,109.7,109.2,120.0,109.8,109.4,115.6,111.6,116.1,116.6,106.6,110.1
TOPCOAT-0004,638,10:38,117.7,110.0,107.7,120.2,110.3,108.4,115.8,110.6,116.1,116.9,107.1,109.5
TOPCOAT-0004,639,10:39,119.2,109.5,108.3,120.3,110.0,108.6,116.5,110.5,116.2,117.5,107.4,110.4
TOPCOAT-0004,640,10:40,119.0,110.1,108.9,120.7,109.3,108.6,116.0,110.6,116.3,117.2,106.1,110.2
TOPCOAT-0004,641,10:41,119.6,110.5,110.3,120.4,110.3,109.0,115.7,110.8,115.2,117.8,106.7,110.9
TOPCOAT-0004,642,10:42,119.6,110.5,108.8,121.0,110.1,109.1,116.7,111.4,116.3,117.9,106.7,111.0
TOPCOAT-0004,643,10:43,119.3,111.0,109.3,121.1,109.9,109.4,115.8,111.2,116.1,117.2,107.7,111.0
TOPCOAT-0004,644,10:44,119.3,111.0,110.0,121.8,110.0,108.8,116.0,110.5,116.1,117.4,107.0,111.1
TOPCOAT-0004,645,10:45,119.9,110.2,109.1,121.2,110.6,109.3,115.8,111.9,117.1,117.0,107.9,110.4
TOPCOAT-0004,646,10:46,119.4,111.1,109.6,121.1,110.3,109.4,116.0,111.1,116.2,118.6,107.9,110.9
TOPCOAT-0004,647,10:47,119.4,110.4,109.1,122.2,110.4,109.3,116.6,111.1,116.8,117.0,107.7,110.3
TOPCOAT-0004,648,10:48,118.9,111.3,109.0,121.1,110.9,109.1,116.2,112.0,117.0,118.2,107.4,110.7
TOPCOAT-0004,649,10:49,120.4,111.0,109.7,122.3,110.5,109.4,117.4,111.7,116.2,117.3,107.1,110.5
TOPCOAT-0004,650,10:50,119.5,110.9,110.2,121.4,110.5,110.5,117.5,111.8,116.8,117.5,107.5,110.5
TOPCOAT-0004,651,10:51,119.9,112.4,109.8,120.0,110.8,109.0,117.1,112.0,117.6,117.5,108.5,111.7
TOPCOAT-0004,652,10:52,120.0,111.8,109.1,121.6,110.9,109.3,117.5,110.3,116.8,118.9,107.4,111.3
TOPCOAT-0004,653,10:53,119.9,111.1,110.4,121.9,110.4,109.0,116.8,111.8,117.0,118.4,108.3,113.3
TOPCOAT-0004,654,10:54,119.6,111.3,108.8,121.4,111.4,109.8,116.4,112.1,117.2,118.6,108.2,111.3
TOPCOAT-0004,655,10:55,120.0,111.1,109.9,121.1,110.2,109.9,117.2,112.0,117.8,117.5,108.5,110.6
TOPCOAT-0004,656,10:56,120.5,111.1,110.6,122.2,111.4,110.4,117.0,112.5,116.7,118.2,106.8,111.7
TOPCOAT-0004,657,10:57,119.9,111.9,110.5,123.0,111.4,109.7,116.9,112.4,117.3,118.1,107.9,112.0
TOPCOAT-0004,658,10:58,120.3,111.7,111.2,122.1,111.6,110.1,117.7,112.6,117.6,118.2,108.1,111.1
TOPCOAT-0004,659,10:59,120.5,112.2,110.6,123.3,111.1,110.0,117.2,113.2,117.8,118.1,108.8,112.1
TOPCOAT-0004,660,11:00,120.5,111.9,109.9,122.5,112.1,110.5,117.2,113.2,117.8,119.0,107.8,112.7
TOPCOAT-0004,661,11:01,121.1,112.3,110.4,123.2,112.3,110.2,118.1,112.4,117.8,118.6,108.4,111.8
TOPCOAT-0004,662,11:02,120.7,112.0,110.6,122.2,112.1,109.7,117.5,112.0,117.1,118.4,108.1,112.6
TOPCOAT-0004,663,11:03,120.9,111.3,110.1,123.0,112.0,110.6,118.9,112.6,117.0,118.7,109.3,111.8
TOPCOAT-0004,664,11:04,121.7,111.7,111.0,122.8,112.0,111.4,117.9,112.2,118.2,119.5,107.9,112.7
TOPCOAT-0004,665,11:05,120.5,112.3,110.4,123.2,112.7,110.1,118.1,112.5,117.7,119.2,108.0,112.6
TOPCOAT-0004,666,11:06,121.0,112.1,111.2,123.5,112.0,111.2,117.2,112.2,118.7,118.6,108.8,112.8
TOPCOAT-0004,667,11:07,122.0,111.9,110.9,122.2,112.2,111.7,118.8,113.8,117.8,118.9,109.4,113.1
TOPCOAT-0004,668,11:08,121.2,112.7,111.3,123.5,112.8,110.7,118.1,113.6,118.4,119.0,108.8,111.9
TOPCOAT-0004,669,11:09,121.4,112.5,111.8,123.5,112.4,110.7,118.2,113.5,118.6,119.5,108.8,113.6
TOPCOAT-0004,670,11:10,122.0,112.9,111.2,123.6,113.2,111.1,119.3,113.5,118.0,119.7,109.3,112.3
TOPCOAT-0004,671,11:11,122.3,113.2,111.4,122.5,112.2,111.3,118.9,114.4,118.2,119.7,110.0,113.3
TOPCOAT-0004,672,11:12,122.2,112.8,111.9,123.6,112.9,111.7,118.3,114.1,118.0,119.8,109.4,113.2
TOPCOAT-0004,673,11:13,121.6,112.5,111.0,125.1,112.1,111.2,118.5,114.6,118.2,118.9,109.8,113.8
TOPCOAT-0004,674,11:14,121.3,111.8,111.7,124.5,113.1,111.7,119.4,112.9,118.7,120.0,108.9,112.6
TOPCOAT-0004,675,11:15,121.5,112.2,112.0,123.7,113.2,111.7,119.2,114.0,119.4,120.4,109.7,112.7
TOPCOAT-0004,676,11:16,121.7,112.3,112.0,123.8,112.4,111.0,118.8,114.4,120.3,120.4,108.8,114.2
TOPCOAT-0004,677,11:17,122.0,112.7,112.3,123.7,112.4,112.1,119.7,112.9,119.3,120.1,109.0,113.0
TOPCOAT-0004,678,11:18,122.2,112.6,111.2,123.7,113.4,111.4,119.5,113.9,118.8,119.5,110.3,113.9
TOPCOAT-0004,679,11:19,122.1,113.1,112.1,123.9,112.8,112.1,117.8,114.7,119.0,120.5,109.8,113.1
TOPCOAT-0004,680,11:20,123.2,112.2,112.4,124.3,113.3,112.4,119.2,113.8,118.6,119.9,110.1,113.3
TOPCOAT-0004,681,11:21,121.7,114.3,111.5,123.7,113.4,111.6,119.3,114.7,119.6,120.7,109.4,113.3
TOPCOAT-0004,682,11:22,122.7,113.1,112.5,124.5,113.5,111.8,120.3,114.8,119.1,119.8,109.5,113.9
TOPCOAT-0004,683,11:23,122.5,113.0,112.3,124.4,113.9,112.1,119.8,113.8,119.7,120.9,110.9,114.2
TOPCOAT-0004,684,11:24,121.9,113.6,112.2,124.3,113.7,112.4,119.5,114.2,119.6,120.0,109.7,114.3
TOPCOAT-0004,685,11:25,122.3,114.4,111.7,124.8,114.0,112.6,119.7,113.8,119.7,120.1,111.0,114.5
TOPCOAT-0004,686,11:26,123.5,114.5,112.6,124.5,113.7,112.5,119.8,113.9,119.6,120.9,110.2,114.0
TOPCOAT-0004,687,11:27,123.0,114.2,111.8,123.9,113.8,112.8,120.9,114.9,118.5,121.4,110.3,113.2
TOPCOAT-0004,688,11:28,122.6,113.7,113.5,124.3,113.5,113.4,119.5,114.1,119.9,120.5,110.0,113.8
TOPCOAT-0004,689,11:29,123.9,114.6,111.9,124.9,113.8,112.5,119.7,115.6,119.3,120.5,110.5,114.0
TOPCOAT-0004,690,11:30,122.8,113.7,113.0,124.6,114.0,112.0,120.1,114.3,120.5,120.3,110.7,114.3
TOPCOAT-0004,691,11:31,123.2,113.6,113.1,124.3,115.2,113.1,120.2,115.3,119.7,120.8,110.0,114.2
TOPCOAT-0004,692,11:32,122.8,114.0,112.9,124.4,114.5,113.7,118.6,116.0,119.5,120.7,110.2,114.9
TOPCOAT-0004,693,11:33,123.2,114.3,112.6,125.4,114.8,113.1,120.8,115.4,119.8,122.6,111.7,114.5
TOPCOAT-0004,694,11:34,123.9,114.1,113.0,125.0,113.8,113.0,120.5,115.4,120.4,121.5,110.9,115.3
TOPCOAT-0004,695,11:35,124.5,113.9,113.2,125.1,115.3,113.2,120.8,115.4,120.8,121.3,111.0,114.9
TOPCOAT-0004,696,11:36,123.2,114.4,112.8,124.3,113.7,113.5,120.9,115.3,120.3,121.5,110.9,115.0
TOPCOAT-0004,697,11:37,123.8,114.6,113.5,125.2,113.6,112.5,121.4,115.4,119.2,121.2,111.9,115.1
TOPCOAT-0004,698,11:38,123.7,114.6,112.6,125.7,114.7,113.4,121.5,117.0,120.2,120.9,111.0,115.2
TOPCOAT-0004,699,11:39,123.5,114.9,113.4,125.2,113.4,112.7,121.0,116.0,120.4,121.8,111.4,115.2
TOPCOAT-0004,700,11:40,122.7,115.3,113.1,124.4,114.3,113.2,121.2,116.1,120.8,120.7,110.7,115.3
TOPCOAT-0004,701,11:41,124.3,115.0,112.3,125.1,114.9,113.7,121.7,115.1,119.6,121.5,111.7,115.0
TOPCOAT-0004,702,11:42,124.2,115.0,112.7,125.3,114.9,113.4,120.8,115.8,120.5,121.2,111.6,114.7
TOPCOAT-0004,703,11:43,125.0,114.7,113.0,125.7,115.3,113.9,121.3,116.4,121.1,121.4,111.6,115.5
TOPCOAT-0004,704,11:44,124.2,114.9,112.8,125.8,114.7,113.9,121.2,116.6,121.2,122.3,110.3,115.3
TOPCOAT-0004,705,11:45,124.6,114.9,112.8,126.8,114.7,113.7,120.1,116.3,120.3,122.3,110.7,115.3
TOPCOAT-0004,706,11:46,124.0,115.8,113.8,125.6,115.4,113.4,121.2,116.7,121.1,122.8,111.5,116.1
TOPCOAT-0004,707,11:47,123.6,114.5,113.9,125.1,114.8,113.8,122.0,116.0,121.9,121.8,112.2,115.6
TOPCOAT-0004,708,11:48,125.8,114.8,114.0,126.1,116.1,114.4,122.1,115.7,121.4,121.8,112.2,115.8
TOPCOAT-0004,709,11:49,124.9,114.9,113.8,125.4,116.0,114.5,121.3,116.5,122.0,120.6,111.5,115.9
TOPCOAT-0004,710,11:50,124.1,115.5,113.9,126.1,114.8,114.4,120.9,116.3,120.7,122.4,111.2,115.6
TOPCOAT-0004,711,11:51,124.5,114.9,114.2,126.3,116.0,115.7,121.8,116.2,121.5,121.9,112.2,115.5
TOPCOAT-0004,712,11:52,124.0,116.0,114.2,126.8,115.2,114.5,122.3,116.1,121.4,122.7,111.5,116.0
TOPCOAT-0004,713,11:53,125.2,114.6,113.3,127.1,115.7,114.7,122.0,117.1,121.3,121.7,112.0,115.3
TOPCOAT-0004,714,11:54,125.1,115.4,114.3,127.2,116.5,114.5,121.0,117.5,121.0,122.2,112.2,117.1
TOPCOAT-0004,715,11:55,124.6,115.9,114.2,126.1,115.9,115.4,122.7,116.6,122.0,122.5,112.1,116.5
TOPCOAT-0004,716,11:56,125.5,116.2,115.0,126.7,116.0,115.0,121.9,116.6,121.3,122.4,112.9,116.5
TOPCOAT-0004,717,11:57,124.7,115.8,113.9,126.6,115.6,115.2,123.1,116.6,122.7,122.5,112.3,116.0
TOPCOAT-0004,718,11:58,124.3,115.7,113.8,127.2,115.8,113.6,122.3,117.1,120.8,122.5,112.0,115.8
TOPCOAT-0004,719,11:59,124.7,116.9,114.7,126.5,116.6,114.4,123.1,117.0,121.5,122.9,113.3,116.0
TOPCOAT-0004,720,12:00,125.7,116.7,114.5,127.0,116.0,114.8,122.3,117.8,122.0,122.4,113.5,117.1
TOPCOAT-0004,721,12:01,125.4,115.5,115.1,126.7,117.2,114.7,122.7,116.5,121.4,122.7,112.7,116.1
TOPCOAT-0004,722,12:02,124.9,116.0,114.1,126.4,116.0,115.0,123.5,116.8,122.7,123.3,113.0,116.0
TOPCOAT-0004,723,12:03,125.9,116.1,115.8,126.7,115.7,115.2,121.8,117.8,122.0,123.3,112.4,117.3
TOPCOAT-0004,724,12:04,126.3,114.9,115.1,127.1,116.5,116.7,123.6,116.9,122.1,124.0,113.0,117.3
TOPCOAT-0004,725,12:05,125.6,116.9,114.8,127.1,115.9,115.7,122.5,117.1,122.6,124.5,112.7,116.9
TOPCOAT-0004,726,12:06,125.8,116.1,114.8,127.5,116.5,116.3,123.1,117.6,122.4,123.8,113.6,117.9
TOPCOAT-0004,727,12:07,125.6,115.8,114.7,127.6,116.7,116.0,123.3,116.9,122.8,123.8,113.0,117.3
TOPCOAT-0004,728,12:08,125.6,117.3,114.4,127.8,116.2,115.7,123.3,117.7,122.3,123.0,112.5,118.3
TOPCOAT-0004,729,12:09,126.4,115.6,114.4,128.2,116.8,115.0,123.6,117.2,122.3,124.0,114.3,118.1
TOPCOAT-0004,730,12:10,126.1,116.9,114.9,127.4,117.5,115.8,123.5,117.8,122.5,123.1,113.9,118.1
TOPCOAT-0004,731,12:11,125.3,116.8,114.9,127.8,116.9,116.4,124.1,117.8,122.3,124.1,113.0,116.9
TOPCOAT-0004,732,12:12,126.4,117.4,114.2,127.3,116.6,116.0,123.0,117.9,122.1,124.4,113.7,117.3
TOPCOAT-0004,733,12:13,126.7,116.6,115.8,127.6,116.8,116.5,124.8,118.0,122.3,123.1,112.6,117.2
TOPCOAT-0004,734,12:14,126.0,117.5,115.4,127.4,117.4,116.0,123.6,117.4,122.2,124.2,113.7,117.4
TOPCOAT-0004,735,12:15,126.4,116.4,115.9,128.6,117.0,115.6,123.7,117.9,122.7,124.4,113.8,117.2
TOPCOAT-0004,736,12:16,126.7,116.5,116.3,127.6,117.6,115.8,123.5,117.8,123.3,124.6,113.3,117.2
TOPCOAT-0004,737,12:17,125.9,116.3,115.1,128.0,118.0,116.3,123.4,118.4,123.3,125.1,114.0,118.6
TOPCOAT-0004,738,12:18,125.7,117.3,115.6,127.7,116.5,116.0,123.8,119.0,123.7,124.2,114.4,118.2
TOPCOAT-0004,739,12:19,126.6,117.6,115.1,128.5,117.6,116.9,123.0,119.0,122.9,124.4,113.4,118.0
TOPCOAT-0004,740,12:20,127.1,117.1,116.1,128.3,116.8,116.2,124.6,119.6,123.3,124.1,113.8,117.7
TOPCOAT-0004,741,12:21,126.9,117.0,115.6,127.8,117.5,116.1,124.5,118.5,123.6,124.4,114.2,117.5
TOPCOAT-0004,742,12:22,126.5,117.8,115.2,128.8,117.9,116.7,124.6,118.9,123.8,123.6,114.1,118.3
TOPCOAT-0004,743,12:23,127.8,117.4,115.5,127.6,117.6,116.6,124.3,118.6,123.8,124.7,113.4,117.6
TOPCOAT-0004,744,12:24,127.1,116.5,115.6,128.9,117.1,116.3,124.4,119.3,124.3,124.2,113.9,117.9
TOPCOAT-0004,745,12:25,127.9,117.8,116.0,129.5,117.9,115.9,125.1,118.7,123.3,125.0,113.3,118.6
TOPCOAT-0004,746,12:26,127.2,116.8,116.3,129.2,118.1,117.4,124.1,118.8,123.7,124.7,114.9,118.3
TOPCOAT-0004,747,12:27,127.5,118.3,115.6,128.8,118.3,117.2,124.2,119.1,123.7,123.7,113.3,118.4
TOPCOAT-0004,748,12:28,127.5,118.0,115.9,128.3,117.6,116.9,123.7,118.6,124.1,124.0,114.2,118.5
TOPCOAT-0004,749,12:29,127.9,118.2,116.4,128.0,118.0,116.9,124.4,118.7,124.1,124.3,113.9,119.4
TOPCOAT-0004,750,12:30,127.9,117.6,116.7,129.4,117.8,117.0,125.4,118.6,123.5,126.0,114.2,118.3
TOPCOAT-0004,751,12:31,127.7,118.2,116.6,129.1,118.0,117.1,125.1,119.6,123.8,125.4,114.1,118.6
TOPCOAT-0004,752,12:32,127.4,117.8,116.8,129.6,118.9,116.9,124.9,119.4,124.3,124.4,114.7,117.0
TOPCOAT-0004,753,12:33,127.8,117.5,116.1,128.7,117.5,116.7,125.0,118.8,124.2,124.9,114.7,118.8
TOPCOAT-0004,754,12:34,127.4,118.0,116.4,128.7,118.5,116.8,125.2,118.9,124.3,125.0,115.2,118.5
TOPCOAT-0004,755,12:35,128.2,119.0,116.8,128.8,118.5,116.4,124.7,119.2,124.3,124.5,114.3,118.5
TOPCOAT-0004,756,12:36,127.5,117.4,116.0,130.3,118.7,117.5,125.3,120.1,124.3,125.3,114.9,118.4
TOPCOAT-0004,757,12:37,127.4,118.9,116.8,129.7,118.9,118.1,125.4,119.3,123.9,125.6,115.2,118.6
TOPCOAT-0004,758,12:38,128.0,117.5,116.0,128.8,118.8,118.0,125.2,119.7,124.3,126.7,114.8,119.1
TOPCOAT-0004,759,12:39,128.8,118.3,116.6,129.4,118.1,117.8,125.7,119.5,124.1,125.2,114.4,119.5
TOPCOAT-0004,760,12:40,127.7,119.1,116.6,129.0,119.4,117.6,125.3,119.5,124.4,127.0,114.4,119.5
TOPCOAT-0004,761,12:41,128.5,118.7,116.9,130.7,119.7,117.4,125.2,119.7,124.7,126.6,114.9,118.9
TOPCOAT-0004,762,12:42,128.6,118.5,116.8,129.6,118.6,118.0,125.7,120.6,124.9,125.1,114.8,119.4
TOPCOAT-0004,763,12:43,129.0,118.4,117.8,130.0,119.8,117.4,125.5,120.3,125.7,125.8,115.5,118.9
TOPCOAT-0004,764,12:44,128.7,118.6,117.1,129.9,119.6,118.2,125.1,119.3,125.0,125.7,115.1,118.8
TOPCOAT-0004,765,12:45,128.4,119.8,116.5,130.0,118.9,119.1,125.8,120.2,124.6,126.3,115.4,119.2
TOPCOAT-0004,766,12:46,128.8,119.7,117.5,130.0,120.0,118.6,125.6,120.4,124.7,126.3,115.3,119.9
TOPCOAT-0004,767,12:47,129.3,119.4,116.7,130.7,118.6,117.7,124.9,119.1,124.7,125.2,115.8,119.7
TOPCOAT-0004,768,12:48,128.5,119.2,116.8,129.8,119.7,118.5,126.4,121.1,124.6,126.1,116.5,119.7
TOPCOAT-0004,769,12:49,128.7,118.7,117.8,130.1,120.1,118.2,126.0,120.6,125.3,125.7,115.2,120.2
TOPCOAT-0004,770,12:50,128.7,119.2,118.0,130.9,119.0,119.0,125.5,121.0,126.1,126.2,116.0,119.6
TOPCOAT-0004,771,12:51,128.2,119.1,116.6,129.4,119.3,119.3,126.5,120.3,125.7,126.0,114.8,120.0
TOPCOAT-0004,772,12:52,128.3,119.4,117.1,130.3,120.1,118.9,127.0,121.2,125.1,126.2,115.5,120.1
TOPCOAT-0004,773,12:53,129.2,118.5,117.8,130.8,120.0,118.1,126.7,121.3,125.3,126.6,115.8,120.4
TOPCOAT-0004,774,12:54,128.5,119.9,116.9,130.6,119.8,118.4,126.0,120.7,126.0,127.0,116.0,119.7
TOPCOAT-0004,775,12:55,129.3,118.9,117.0,130.8,119.0,118.9,125.6,120.3,126.0,126.3,115.6,120.1
TOPCOAT-0004,776,12:56,129.8,119.7,118.5,130.5,120.1,119.1,127.2,121.1,125.5,126.5,115.1,120.1
TOPCOAT-0004,777,12:57,128.8,119.7,118.3,130.4,119.5,118.7,125.4,120.8,126.3,126.2,115.7,119.5
TOPCOAT-0004,778,12:58,129.4,120.0,118.1,131.0,120.0,119.8,126.6,120.3,125.0,127.1,115.3,120.8
TOPCOAT-0004,779,12:59,129.7,119.4,117.8,130.4,119.8,119.0,126.6,121.7,126.1,127.0,116.3,120.7
TOPCOAT-0004,780,13:00,129.2,119.8,117.7,130.1,119.9,119.2,127.0,121.1,126.6,126.4,116.4,120.7
TOPCOAT-0004,781,13:01,130.2,119.4,117.4,131.7,120.4,119.4,127.0,120.8,125.6,127.0,116.6,121.0
TOPCOAT-0004,782,13:02,129.4,119.5,117.9,130.8,119.5,119.9,126.4,121.5,126.0,127.2,117.2,120.5
TOPCOAT-0004,783,13:03,129.5,120.2,118.4,131.4,120.0,119.4,127.4,121.3,125.4,126.9,115.8,120.5
TOPCOAT-0004,784,13:04,130.3,120.0,117.8,130.9,120.2,119.4,126.5,120.2,126.2,127.2,115.9,120.8
TOPCOAT-0004,785,13:05,130.0,120.5,118.4,131.3,120.4,119.0,127.4,121.8,126.1,127.1,116.0,120.7
TOPCOAT-0004,786,13:06,129.9,119.7,118.4,131.1,120.8,118.9,127.6,120.7,126.2,127.0,117.8,119.8
TOPCOAT-0004,787,13:07,129.5,120.4,118.1,131.9,120.6,119.0,127.2,121.3,127.2,126.8,117.0,121.2
TOPCOAT-0004,788,13:08,129.3,119.9,119.5,131.2,121.4,119.3,127.7,121.8,126.4,127.4,116.2,121.4
TOPCOAT-0004,789,13:09,129.1,119.9,118.9,131.5,121.5,120.0,126.4,122.6,126.2,127.5,116.2,120.7
TOPCOAT-0004,790,13:10,130.0,120.9,119.0,131.7,120.8,119.8,127.6,121.6,127.1,127.1,117.4,120.7
TOPCOAT-0004,791,13:11,130.0,120.2,119.0,131.3,121.5,120.0,127.8,122.7,127.0,127.1,116.5,121.0
TOPCOAT-0004,792,13:12,130.0,121.1,118.1,132.3,120.5,119.2,128.7,121.5,126.8,127.4,116.2,120.5
TOPCOAT-0004,793,13:13,130.3,119.8,118.1,131.5,121.1,119.1,127.1,121.4,127.4,128.0,117.0,121.2
TOPCOAT-0004,794,13:14,130.3,119.8,119.7,130.9,121.5,120.1,128.2,121.9,126.7,127.6,116.8,120.5
TOPCOAT-0004,795,13:15,129.8,120.9,119.3,131.9,120.9,120.2,128.1,122.3,126.4,127.4,116.7,121.7
TOPCOAT-0004,796,13:16,131.4,120.9,118.8,132.3,121.3,119.3,127.1,122.1,127.0,128.0,117.1,121.3
TOPCOAT-0004,797,13:17,131.0,120.9,118.4,131.8,120.4,119.3,127.7,122.2,127.7,128.4,116.2,121.6
TOPCOAT-0004,798,13:18,131.0,120.9,118.6,132.7,121.0,120.8,128.8,122.5,127.6,127.3,116.6,121.3
TOPCOAT-0004,799,13:19,131.1,121.1,119.3,131.9,121.3,119.7,128.4,122.4,126.8,128.2,117.6,121.3
TOPCOAT-0004,800,13:20,131.7,121.2,119.1,131.7,122.3,119.9,127.6,122.3,126.9,128.7,117.3,121.6
TOPCOAT-0004,801,13:21,131.6,120.8,118.9,132.3,121.9,120.4,127.6,122.8,127.3,128.4,117.5,121.8
TOPCOAT-0004,802,13:22,131.0,121.8,119.0,131.9,121.4,119.2,128.3,122.0,127.5,128.6,117.0,121.4
TOPCOAT-0004,803,13:23,131.6,120.4,118.6,133.3,121.7,121.1,129.1,122.4,127.2,127.4,117.9,121.6
TOPCOAT-0004,804,13:24,131.4,120.8,120.0,132.3,121.3,120.4,128.2,122.8,126.4,128.8,117.3,122.3
TOPCOAT-0004,805,13:25,131.8,121.2,119.5,132.8,122.0,121.0,128.7,123.2,127.0,129.4,116.7,121.7
TOPCOAT-0004,806,13:26,131.4,121.6,118.8,133.7,121.0,120.6,129.3,122.3,127.2,128.6,117.0,121.7
TOPCOAT-0004,807,13:27,131.1,122.2,119.6,133.8,121.1,120.7,128.7,123.2,128.4,127.8,118.3,121.9
TOPCOAT-0004,808,13:28,130.9,121.4,119.7,131.9,121.0,121.0,128.8,122.6,128.1,128.2,118.0,122.0
TOPCOAT-0004,809,13:29,131.7,120.9,119.1,132.7,121.4,120.8,128.4,123.1,128.0,128.4,118.5,122.1
TOPCOAT-0004,810,13:30,131.1,121.5,119.7,132.8,121.4,119.8,127.9,124.3,126.8,128.4,118.1,122.4
TOPCOAT-0004,811,13:31,132.0,121.1,119.4,133.5,121.7,121.4,128.7,122.3,127.9,128.4,118.5,122.4
TOPCOAT-0004,812,13:32,131.1,122.1,119.4,133.2,122.7,121.0,129.0,123.1,128.0,129.2,118.1,121.7
TOPCOAT-0004,813,13:33,131.4,122.1,120.0,132.9,121.8,120.0,129.8,124.5,128.2,128.8,117.2,122.3
TOPCOAT-0004,814,13:34,131.5,121.4,120.1,132.8,122.3,120.9,129.4,122.9,127.1,129.1,117.9,121.9
TOPCOAT-0004,815,13:35,131.9,121.4,120.3,133.4,122.7,119.9,129.4,123.7,128.2,128.8,118.6,122.1
TOPCOAT-0004,816,13:36,132.3,121.7,121.0,132.6,123.0,121.0,129.7,123.2,128.9,127.8,118.3,123.3
TOPCOAT-0004,817,13:37,132.1,122.5,119.7,133.3,122.9,121.0,128.9,122.4,128.6,128.5,117.7,123.5
TOPCOAT-0004,818,13:38,132.3,121.6,121.0,133.8,122.1,121.6,129.4,122.6,128.2,129.3,118.3,122.6
TOPCOAT-0004,819,13:39,131.9,122.1,120.9,133.1,122.3,121.4,130.1,124.0,128.1,129.4,119.1,123.2
TOPCOAT-0004,820,13:40,132.0,122.3,120.5,133.9,122.8,122.1,128.6,123.2,128.0,129.5,118.1,123.6
TOPCOAT-0004,821,13:41,132.1,121.7,119.7,133.3,122.2,123.0,129.5,124.3,127.1,129.0,119.0,122.9
TOPCOAT-0004,822,13:42,132.7,122.2,120.3,132.9,122.6,122.9,130.9,124.0,127.6,129.7,118.3,123.0
TOPCOAT-0004,823,13:43,132.5,122.4,120.4,133.4,123.0,122.5,129.5,123.4,129.6,129.0,119.0,123.0
TOPCOAT-0004,824,13:44,132.6,122.1,120.6,133.2,123.7,121.9,129.9,122.9,128.8,129.2,118.8,123.7
TOPCOAT-0004,825,13:45,133.1,122.4,120.3,133.5,123.1,122.4,130.4,123.6,127.2,129.4,118.4,123.6
TOPCOAT-0004,826,13:46,132.9,122.4,120.4,133.3,123.7,120.8,130.2,124.3,128.4,129.9,118.6,123.2
TOPCOAT-0004,827,13:47,132.0,123.0,121.2,134.0,123.6,121.6,130.4,123.1,129.1,130.5,118.5,123.0
TOPCOAT-0004,828,13:48,132.6,122.0,120.3,133.9,123.5,122.3,129.4,123.8,128.3,128.9,118.8,123.5
TOPCOAT-0004,829,13:49,132.6,122.5,121.5,134.1,122.6,121.4,130.5,123.5,129.2,130.9,119.1,123.8
TOPCOAT-0004,830,13:50,131.9,122.6,120.5,134.8,122.9,122.4,129.7,124.3,129.3,129.6,119.3,122.7
TOPCOAT-0004,831,13:51,132.4,122.5,119.7,134.2,122.3,122.4,129.6,124.5,129.1,129.7,117.9,123.4
TOPCOAT-0004,832,13:52,132.9,123.5,120.9,134.0,123.9,121.7,131.1,123.5,128.5,130.0,118.6,124.3
TOPCOAT-0004,833,13:53,133.0,122.9,121.6,134.7,123.5,122.5,130.4,124.4,128.8,129.7,120.1,122.6
TOPCOAT-0004,834,13:54,132.8,123.1,121.0,133.7,123.0,122.5,130.9,124.0,128.8,130.2,119.5,123.6
TOPCOAT-0004,835,13:55,132.2,123.3,121.6,134.4,122.6,122.1,129.5,124.7,129.3,130.6,118.4,123.5
TOPCOAT-0004,836,13:56,133.2,123.6,121.6,134.3,123.4,122.8,130.2,124.0,129.0,129.9,119.1,123.8
TOPCOAT-0004,837,13:57,132.9,123.3,120.3,134.2,123.6,121.0,130.9,124.3,129.4,130.0,118.9,124.1
TOPCOAT-0004,838,13:58,133.1,123.1,121.5,135.0,123.9,121.7,131.2,124.6,128.9,130.5,119.7,123.4
TOPCOAT-0004,839,13:59,132.9,122.8,121.7,134.5,124.2,122.9,131.5,125.2,129.5,130.7,119.4,124.3
TOPCOAT-0004,840,14:00,133.7,122.6,122.1,134.6,124.3,122.7,130.5,124.3,130.5,130.6,119.1,123.7
TOPCOAT-0004,841,14:01,133.6,123.6,121.2,135.3,123.7,122.2,131.2,125.3,129.4,130.5,119.8,124.4
TOPCOAT-0004,842,14:02,133.8,122.9,121.5,134.6,123.4,123.1,130.5,125.0,129.2,130.5,119.7,123.9
TOPCOAT-0004,843,14:03,133.6,123.6,121.3,134.5,124.5,122.3,131.0,124.6,129.8,130.1,119.8,125.0
TOPCOAT-0004,844,14:04,133.6,123.0,121.2,134.3,123.2,122.5,131.1,124.6,129.6,129.8,120.2,124.1
TOPCOAT-0004,845,14:05,134.1,123.1,122.5,134.7,123.7,122.0,130.3,124.9,130.1,131.0,119.5,124.1
TOPCOAT-0004,846,14:06,134.3,123.3,121.8,134.7,124.0,123.0,130.9,125.2,129.9,130.4,120.7,124.2
TOPCOAT-0004,847,14:07,134.7,123.3,121.9,135.3,125.3,122.8,131.2,125.0,130.1,130.7,120.7,124.4
TOPCOAT-0004,848,14:08,133.7,123.5,121.0,134.9,123.9,123.2,130.6,125.6,130.2,130.1,120.1,125.2
TOPCOAT-0004,849,14:09,133.2,123.5,121.6,135.4,124.3,123.6,130.8,125.4,130.0,131.0,120.8,124.7
TOPCOAT-0004,850,14:10,133.6,123.7,122.2,136.2,124.0,122.5,131.3,125.1,130.4,130.3,121.2,125.3
TOPCOAT-0004,851,14:11,133.7,124.4,121.9,136.0,124.4,123.4,131.1,125.1,130.2,130.9,120.6,124.6
TOPCOAT-0004,852,14:12,134.0,123.5,121.4,137.2,124.4,123.2,130.9,125.8,130.1,131.8,120.2,124.3
TOPCOAT-0004,853,14:13,134.4,124.0,121.3,135.6,125.1,123.1,131.1,126.4,130.8,131.9,120.0,124.9
TOPCOAT-0004,854,14:14,134.1,124.5,122.7,135.1,124.4,123.0,131.7,126.2,129.5,131.1,121.1,124.5
TOPCOAT-0004,855,14:15,133.7,123.7,121.5,136.8,124.6,122.9,131.1,125.5,130.0,132.0,119.8,125.3
TOPCOAT-0004,856,14:16,134.2,122.8,123.1,135.9,123.7,124.2,131.5,125.6,129.8,131.4,120.5,125.5
TOPCOAT-0004,857,14:17,134.4,124.5,122.5,135.9,125.5,123.5,132.3,125.4,130.5,131.9,120.4,124.6
TOPCOAT-0004,858,14:18,133.8,124.2,122.2,135.3,123.6,123.9,131.4,124.4,129.8,130.4,120.9,124.9
TOPCOAT-0004,859,14:19,134.5,124.5,121.9,135.3,124.6,123.5,132.0,125.6,131.1,130.8,120.6,124.7
TOPCOAT-0004,860,14:20,133.6,123.3,122.8,135.9,125.2,123.9,132.4,125.8,130.9,131.2,120.6,125.7
TOPCOAT-0004,861,14:21,134.3,124.7,123.0,135.6,124.7,123.2,131.8,126.1,130.9,132.2,120.0,124.3
TOPCOAT-0004,862,14:22,134.4,124.0,123.1,135.7,124.9,124.7,132.3,126.1,130.0,131.3,120.6,125.0
TOPCOAT-0004,863,14:23,134.4,125.0,122.8,135.8,125.4,124.2,132.3,125.9,131.2,131.5,121.4,125.4
TOPCOAT-0004,864,14:24,134.6,124.5,122.4,135.7,124.7,124.6,132.3,126.3,130.2,132.2,121.2,125.9
TOPCOAT-0004,865,14:25,135.1,124.9,122.0,137.3,125.0,123.6,131.3,126.6,131.2,131.6,121.3,126.0
TOPCOAT-0004,866,14:26,134.5,124.8,122.5,136.6,125.2,124.3,133.1,125.8,131.3,132.2,121.1,125.2
TOPCOAT-0004,867,14:27,135.0,124.8,122.5,136.2,126.1,124.4,132.4,126.7,130.2,131.8,121.2,125.8
TOPCOAT-0004,868,14:28,134.6,124.7,122.6,134.8,124.8,124.3,132.6,125.8,131.5,131.4,121.0,126.0
TOPCOAT-0004,869,14:29,134.9,124.1,122.7,137.0,124.7,124.0,132.4,126.4,131.2,132.1,120.6,125.5
TOPCOAT-0004,870,14:30,135.0,123.9,122.9,136.2,125.0,124.0,132.7,126.6,130.7,132.4,120.9,125.9
TOPCOAT-0004,871,14:31,136.1,125.0,122.7,136.3,125.3,124.3,132.0,126.3,131.1,132.6,121.4,126.3
TOPCOAT-0004,872,14:32,134.9,124.7,123.0,136.4,125.7,123.4,132.7,126.2,131.2,131.7,120.9,125.6
TOPCOAT-0004,873,14:33,135.7,123.7,122.9,136.8,125.7,124.7,133.6,126.7,130.1,132.0,121.2,125.4
TOPCOAT-0004,874,14:34,135.5,124.5,122.9,137.4,125.7,125.0,133.1,126.0,131.1,132.6,120.6,125.5
TOPCOAT-0004,875,14:35,136.8,124.7,122.8,136.8,126.0,123.8,132.7,126.8,131.5,132.9,121.5,125.4
TOPCOAT-0004,876,14:36,135.3,124.5,123.0,137.2,126.2,124.8,132.3,127.6,131.4,132.4,121.1,125.3
TOPCOAT-0004,877,14:37,135.0,125.5,123.1,137.1,125.4,125.3,132.9,127.7,131.4,132.1,121.3,125.5
TOPCOAT-0004,878,14:38,136.3,125.0,123.0,136.7,125.4,124.9,133.5,126.7,131.4,131.7,121.2,126.1
TOPCOAT-0004,879,14:39,135.4,125.1,123.5,137.0,125.2,124.8,132.3,126.8,131.6,132.7,121.5,127.3
TOPCOAT-0004,880,14:40,135.8,124.8,122.8,136.8,126.6,124.6,132.8,126.3,131.3,132.1,121.9,126.8
TOPCOAT-0004,881,14:41,135.3,125.6,122.6,137.4,125.6,125.9,133.0,127.2,131.9,133.1,121.7,126.7
TOPCOAT-0004,882,14:42,135.5,125.5,123.8,137.4,126.1,123.9,133.3,126.2,131.8,132.3,121.1,127.0
TOPCOAT-0004,883,14:43,135.4,124.8,124.4,137.7,126.6,123.8,133.0,125.7,131.9,133.3,120.7,126.9
TOPCOAT-0004,884,14:44,136.2,125.3,123.8,136.8,126.5,124.6,133.3,127.2,132.2,132.7,122.6,126.5
TOPCOAT-0004,885,14:45,135.3,125.8,124.0,136.1,125.7,124.7,133.7,127.2,132.2,132.5,123.8,126.9
TOPCOAT-0004,886,14:46,135.2,125.7,123.4,137.2,126.3,125.0,132.7,127.3,132.4,133.1,122.2,126.7
TOPCOAT-0004,887,14:47,136.0,126.0,124.6,137.3,126.2,125.3,134.1,127.8,132.5,132.4,121.7,126.8
TOPCOAT-0004,888,14:48,136.0,125.6,124.4,137.0,126.9,125.0,133.8,128.1,132.0,132.3,121.6,126.8
TOPCOAT-0004,889,14:49,135.7,126.0,124.5,136.9,126.0,125.1,133.8,127.4,132.1,132.4,122.1,127.1
TOPCOAT-0004,890,14:50,136.5,125.3,123.4,137.5,126.8,125.2,134.4,127.2,132.2,133.4,122.7,127.0
TOPCOAT-0004,891,14:51,136.2,126.1,123.5,137.3,126.7,125.2,133.0,127.2,131.8,133.1,121.8,127.1
TOPCOAT-0004,892,14:52,136.2,124.8,122.7,136.6,127.0,125.4,134.2,128.1,132.3,133.3,122.2,127.5
TOPCOAT-0004,893,14:53,136.1,126.2,124.9,137.9,126.8,125.7,134.0,128.2,132.5,133.0,122.2,127.1
TOPCOAT-0004,894,14:54,136.3,126.5,124.3,137.1,126.4,126.1,134.5,127.4,131.4,133.4,122.4,126.8
TOPCOAT-0004,895,14:55,136.7,125.9,124.4,137.8,126.1,126.0,133.8,128.0,132.7,133.3,123.1,127.5
TOPCOAT-0004,896,14:56,136.8,125.5,125.0,138.3,126.8,126.3,133.9,128.0,133.0,133.3,123.0,126.4
TOPCOAT-0004,897,14:57,136.7,126.1,124.8,138.8,126.2,125.5,135.3,128.3,132.9,134.1,122.4,126.9
TOPCOAT-0004,898,14:58,136.6,126.2,123.8,137.9,126.9,125.6,134.2,128.3,133.0,132.3,122.8,127.0
TOPCOAT-0004,899,14:59,136.9,125.7,124.6,138.0,127.0,125.8,133.3,127.0,132.1,132.9,122.2,127.5
TOPCOAT-0004,900,15:00,137.3,126.7,124.7,137.6,127.5,126.5,133.6,128.6,131.4,134.0,122.4,126.1
TOPCOAT-0004,901,15:01,137.4,127.7,124.5,138.6,126.9,125.5,134.9,128.3,133.5,133.8,122.3,126.4
TOPCOAT-0004,902,15:02,137.3,126.3,124.3,137.4,127.4,127.4,134.3,128.3,133.3,133.4,122.9,127.8
TOPCOAT-0004,903,15:03,136.2,127.0,124.3,137.2,127.5,125.8,134.1,128.2,133.6,134.2,122.7,127.8
TOPCOAT-0004,904,15:04,137.0,126.5,124.4,138.6,127.2,126.9,134.7,128.2,133.4,134.4,123.1,127.8
TOPCOAT-0004,905,15:05,136.9,127.2,124.5,138.3,126.7,126.5,134.4,128.5,133.8,133.8,121.6,126.8
TOPCOAT-0004,906,15:06,137.0,126.5,124.7,138.9,127.4,126.4,134.5,128.9,134.2,133.8,122.9,127.6
TOPCOAT-0004,907,15:07,137.2,126.6,125.4,137.3,128.0,125.7,134.9,128.5,133.8,133.7,122.4,127.3
TOPCOAT-0004,908,15:08,137.6,126.0,123.3,138.5,126.7,126.5,134.9,128.6,133.0,134.4,122.3,127.6
TOPCOAT-0004,909,15:09,137.4,126.5,125.2,138.7,127.4,125.8,134.4,128.4,133.9,134.2,123.4,127.3
TOPCOAT-0004,910,15:10,137.5,126.9,125.2,138.4,127.6,126.5,134.2,129.0,133.2,133.8,123.0,128.3
TOPCOAT-0004,911,15:11,138.3,126.5,124.9,138.5,127.7,127.1,135.5,128.9,134.1,134.3,123.1,128.2
TOPCOAT-0004,912,15:12,136.9,126.4,123.8,138.5,127.9,126.4,135.2,127.8,133.0,133.9,123.0,127.5
TOPCOAT-0004,913,15:13,136.7,126.3,124.7,139.1,127.5,126.4,134.8,129.0,134.0,133.7,123.0,128.3
TOPCOAT-0004,914,15:14,137.7,127.9,124.6,139.0,128.0,126.8,134.8,128.3,133.5,134.5,124.1,127.1
TOPCOAT-0004,915,15:15,138.3,126.6,125.4,139.0,127.5,127.4,135.2,128.3,133.2,133.8,123.2,128.4
TOPCOAT-0004,916,15:16,137.5,126.6,125.4,138.6,127.9,126.8,134.9,128.6,133.3,133.7,123.6,127.7
TOPCOAT-0004,917,15:17,137.2,127.0,124.4,138.9,128.1,126.4,134.8,129.5,133.4,134.1,123.4,127.7
TOPCOAT-0004,918,15:18,138.2,127.1,124.6,139.2,127.5,127.1,135.3,129.1,132.4,134.6,123.5,129.2
TOPCOAT-0004,919,15:19,137.6,127.9,125.2,139.2,128.3,127.5,135.7,128.8,134.6,134.5,123.6,128.2
TOPCOAT-0004,920,15:20,137.9,127.5,125.0,139.1,127.5,127.2,135.4,129.1,133.8,134.9,124.3,128.7
TOPCOAT-0004,921,15:21,137.6,127.8,125.2,138.5,128.8,127.4,135.8,128.8,134.4,135.2,122.7,128.6
TOPCOAT-0004,922,15:22,137.7,127.3,125.8,138.9,128.3,126.8,135.2,128.5,134.1,135.1,123.9,128.2
TOPCOAT-0004,923,15:23,137.9,128.3,125.3,139.3,128.2,126.9,135.4,129.2,134.3,134.7,123.0,128.5
TOPCOAT-0004,924,15:24,138.4,126.3,125.9,139.2,129.0,127.1,134.4,129.5,133.8,133.4,123.6,128.2
TOPCOAT-0004,925,15:25,138.3,128.3,125.8,139.3,128.0,127.6,135.7,129.7,134.3,134.8,124.4,127.8
TOPCOAT-0004,926,15:26,138.6,127.8,126.2,140.1,128.0,127.1,135.4,129.2,133.5,135.6,124.0,128.3
TOPCOAT-0004,927,15:27,138.9,127.4,124.9,140.6,129.0,126.7,135.4,128.7,134.6,135.5,124.7,128.2
TOPCOAT-0004,928,15:28,139.1,127.9,126.7,140.2,128.2,127.4,135.3,130.0,134.4,134.2,124.0,128.8
TOPCOAT-0004,929,15:29,139.1,127.4,125.2,139.5,128.7,127.8,136.4,129.2,133.2,134.8,124.5,128.6
TOPCOAT-0004,930,15:30,138.2,127.7,125.8,139.0,127.7,127.2,136.6,129.8,133.7,135.6,124.0,128.2
TOPCOAT-0004,931,15:31,138.3,128.5,126.5,140.3,128.2,126.9,135.4,129.9,134.5,134.6,124.8,127.9
TOPCOAT-0004,932,15:32,138.0,127.5,126.0,140.3,128.9,128.3,136.5,130.1,134.3,135.3,124.1,129.2
TOPCOAT-0004,933,15:33,138.0,128.2,126.0,140.6,128.4,127.7,135.6,130.4,134.1,134.7,124.4,130.1
TOPCOAT-0004,934,15:34,138.9,127.1,125.3,139.9,128.1,128.0,136.5,129.5,135.1,134.2,124.0,128.9
TOPCOAT-0004,935,15:35,138.9,127.9,126.1,139.9,128.2,127.3,137.1,130.2,134.5,135.2,123.4,129.2
TOPCOAT-0004,936,15:36,138.8,126.9,126.1,139.7,129.3,128.4,136.7,130.2,133.8,135.4,125.0,128.9
TOPCOAT-0004,937,15:37,139.1,128.0,125.8,139.0,128.6,129.7,137.0,129.7,134.8,136.7,124.7,129.4
TOPCOAT-0004,938,15:38,138.3,128.3,126.4,139.6,127.5,127.7,136.5,129.5,134.9,134.5,124.4,129.6
TOPCOAT-0004,939,15:39,138.6,128.2,126.4,140.0,128.2,127.3,136.0,129.8,134.8,135.4,123.6,129.3
TOPCOAT-0004,940,15:40,139.0,128.0,125.4,140.4,128.8,128.8,136.0,131.4,133.9,136.3,125.6,129.8
TOPCOAT-0004,941,15:41,139.7,128.6,126.4,139.7,129.3,127.8,136.3,130.6,134.5,135.1,125.5,129.1
TOPCOAT-0004,942,15:42,139.2,128.3,126.1,141.4,130.0,128.4,135.9,129.9,135.2,135.7,123.7,129.8
TOPCOAT-0004,943,15:43,138.8,127.9,126.9,140.8,129.5,128.4,136.9,130.1,135.7,135.2,125.0,129.4
TOPCOAT-0004,944,15:44,139.1,128.5,126.6,141.5,128.4,128.0,136.7,130.8,134.8,136.3,124.7,129.6
TOPCOAT-0004,945,15:45,139.9,129.4,127.3,139.7,129.2,127.1,136.1,131.3,135.3,135.7,124.7,130.3
TOPCOAT-0004,946,15:46,139.9,128.9,126.5,141.1,129.7,129.1,136.8,130.5,135.7,135.8,125.8,130.2
TOPCOAT-0004,947,15:47,140.0,128.3,127.2,140.4,129.3,128.3,136.9,130.7,135.0,135.4,124.1,130.6
TOPCOAT-0004,948,15:48,139.1,128.3,127.1,140.7,130.2,127.7,136.8,130.8,136.3,136.4,124.7,129.5
TOPCOAT-0004,949,15:49,139.9,128.9,127.6,141.1,129.8,129.3,136.6,130.4,134.4,135.0,124.4,130.2
TOPCOAT-0004,950,15:50,139.3,128.8,126.9,141.7,128.6,127.9,137.0,130.1,135.1,136.0,124.6,129.9
TOPCOAT-0004,951,15:51,139.0,128.7,126.8,140.2,129.4,128.8,137.1,130.9,135.5,136.4,125.5,129.5
TOPCOAT-0004,952,15:52,139.3,128.9,127.6,140.2,129.1,128.8,137.2,131.3,134.5,136.8,124.7,130.3
TOPCOAT-0004,953,15:53,139.2,128.9,126.8,140.8,131.0,128.5,137.7,129.7,136.5,137.0,125.4,129.6
TOPCOAT-0004,954,15:54,139.9,129.5,126.7,141.1,129.7,129.0,137.1,130.9,135.6,136.6,125.4,130.3
TOPCOAT-0004,955,15:55,140.0,128.9,127.2,139.9,128.9,128.8,137.6,130.6,136.1,135.8,125.9,130.5
TOPCOAT-0004,956,15:56,140.2,129.0,126.7,141.2,130.2,129.5,136.9,130.2,134.4,135.9,125.7,129.7
TOPCOAT-0004,957,15:57,139.8,129.3,127.0,141.4,129.3,129.9,136.9,130.4,135.7,136.6,125.1,129.9
TOPCOAT-0004,958,15:58,140.1,130.1,127.2,141.3,130.2,128.6,138.4,131.0,135.8,136.5,125.1,130.9
TOPCOAT-0004,959,15:59,140.9,129.0,127.0,140.9,129.9,130.4,138.8,131.4,137.1,136.8,125.0,130.0
TOPCOAT-0004,960,16:00,140.0,128.7,127.2,141.1,129.9,128.9,138.2,130.1,135.2,137.5,125.5,130.0
TOPCOAT-0004,961,16:01,139.5,130.1,127.9,141.3,130.8,129.4,137.2,131.3,136.3,137.0,126.0,129.9
TOPCOAT-0004,962,16:02,140.8,128.0,127.7,141.2,130.2,129.2,138.5,131.1,136.3,137.2,124.7,130.4
TOPCOAT-0004,963,16:03,140.1,128.6,126.7,141.1,130.2,129.4,137.8,131.2,136.0,136.7,126.4,130.0
TOPCOAT-0004,964,16:04,140.4,129.8,128.5,140.5,129.7,129.1,137.9,131.4,135.0,137.4,125.3,129.8
TOPCOAT-0004,965,16:05,140.0,128.6,127.9,141.8,129.5,127.9,137.1,131.1,136.0,137.4,125.5,130.3
TOPCOAT-0004,966,16:06,141.0,129.3,127.5,141.6,130.1,129.6,138.2,131.1,135.6,136.9,126.3,129.6
TOPCOAT-0004,967,16:07,139.9,129.6,128.1,141.0,130.5,129.3,137.7,131.7,136.9,137.0,126.4,130.9
TOPCOAT-0004,968,16:08,140.9,131.0,127.6,141.9,130.9,128.9,137.6,130.6,135.5,137.7,125.0,131.1
TOPCOAT-0004,969,16:09,140.3,129.5,128.4,142.4,130.3,128.6,138.1,131.9,136.8,137.1,126.5,130.2
TOPCOAT-0004,970,16:10,140.9,129.9,128.3,142.0,130.8,130.1,138.3,131.1,135.9,137.1,125.8,130.7
TOPCOAT-0004,971,16:11,140.3,129.6,128.1,142.1,130.7,129.9,138.1,132.3,136.8,137.7,125.8,129.8
TOPCOAT-0004,972,16:12,140.6,129.6,128.3,142.7,130.4,129.6,138.2,131.6,135.8,137.3,126.0,131.5
TOPCOAT-0004,973,16:13,141.1,129.8,127.6,142.0,130.7,129.1,138.0,132.3,136.2,137.5,125.6,131.8
TOPCOAT-0004,974,16:14,140.9,129.5,128.4,142.4,131.2,129.6,138.1,132.6,136.7,136.7,126.1,130.3
TOPCOAT-0004,975,16:15,141.2,130.0,128.6,141.8,130.5,129.6,138.2,131.4,137.0,137.3,125.9,131.3
TOPCOAT-0004,976,16:16,141.0,129.4,128.4,141.9,131.2,129.8,139.2,131.3,137.2,137.1,125.3,131.0
TOPCOAT-0004,977,16:17,141.0,129.3,128.1,142.5,131.2,130.0,138.2,132.0,136.1,137.3,126.5,131.3
TOPCOAT-0004,978,16:18,141.1,130.7,127.8,141.9,130.3,130.0,138.7,132.6,136.3,137.7,125.6,131.9
TOPCOAT-0004,979,16:19,140.7,130.6,128.5,141.8,130.6,130.2,138.5,131.5,137.1,138.3,127.4,131.3
TOPCOAT-0004,980,16:20,141.5,130.5,127.8,141.9,131.9,130.1,139.5,131.7,136.9,137.7,126.7,131.7
TOPCOAT-0004,981,16:21,141.2,129.6,127.6,141.8,131.0,131.0,138.7,132.5,136.1,138.0,127.8,130.8
TOPCOAT-0004,982,16:22,141.1,129.8,127.7,141.9,130.5,129.7,137.9,132.4,137.4,138.3,126.5,131.1
TOPCOAT-0004,983,16:23,141.7,130.5,127.9,143.1,131.7,129.7,138.6,131.8,137.6,137.8,127.2,131.3
TOPCOAT-0004,984,16:24,142.1,130.0,128.6,143.0,131.6,130.1,137.7,131.8,136.8,137.8,126.4,131.8
TOPCOAT-0004,985,16:25,141.0,129.7,129.1,143.3,132.3,130.6,138.3,133.1,137.8,137.8,126.3,132.0
TOPCOAT-0004,986,16:26,141.6,131.6,128.3,142.7,130.8,130.5,138.9,132.2,136.7,138.6,127.0,131.7
TOPCOAT-0004,987,16:27,142.2,130.9,128.9,142.7,132.0,130.3,139.3,132.0,137.5,138.5,126.6,131.9
TOPCOAT-0004,988,16:28,141.9,130.7,128.0,142.2,130.8,130.5,139.2,132.0,136.6,138.0,127.2,132.0
TOPCOAT-0004,989,16:29,140.6,130.2,128.4,143.0,131.2,130.1,140.2,132.6,137.4,137.2,126.6,130.8
TOPCOAT-0004,990,16:30,141.8,130.7,128.3,142.5,131.8,131.0,139.6,133.5,137.4,138.8,126.4,131.6
TOPCOAT-0004,991,16:31,140.7,130.9,128.4,143.0,131.3,131.2,139.6,133.3,137.8,138.6,126.2,132.2
TOPCOAT-0004,992,16:32,141.0,129.5,128.2,142.7,131.5,130.3,139.0,132.3,136.8,137.7,126.8,132.8
TOPCOAT-0004,993,16:33,141.8,130.9,129.0,142.7,132.3,130.5,138.1,133.2,137.3,139.0,126.6,131.9
TOPCOAT-0004,994,16:34,141.7,131.2,128.8,142.6,132.0,130.6,139.2,132.7,137.5,138.8,126.7,130.9
TOPCOAT-0004,995,16:35,141.8,131.7,129.0,142.8,132.3,130.4,138.6,133.2,137.8,138.7,127.4,131.8
TOPCOAT-0004,996,16:36,142.3,131.3,128.7,143.2,131.5,131.0,139.4,133.1,137.3,138.6,127.1,133.2
TOPCOAT-0004,997,16:37,142.2,130.7,128.4,143.9,131.6,131.0,139.2,133.0,137.1,137.9,127.9,131.6
TOPCOAT-0004,998,16:38,141.6,131.2,129.1,142.8,132.2,130.9,140.1,133.1,138.2,138.4,127.3,132.5
TOPCOAT-0004,999,16:39,141.9,131.0,128.7,142.0,131.9,131.2,139.9,133.5,137.6,138.8,126.7,131.7
TOPCOAT-0004,1000,16:40,142.3,130.4,129.9,143.7,131.9,131.7,139.2,132.8,136.9,138.5,127.6,131.9
TOPCOAT-0004,1001,16:41,142.0,130.3,129.3,143.5,132.5,131.2,140.2,132.6,138.0,139.1,127.4,132.8
TOPCOAT-0004,1002,16:42,142.6,131.2,129.4,142.8,131.4,131.2,139.7,133.6,137.9,137.9,127.3,132.1
TOPCOAT-0004,1003,16:43,142.1,131.2,129.2,142.6,132.2,131.3,140.7,133.6,137.7,139.2,127.2,132.0
TOPCOAT-0004,1004,16:44,142.0,131.9,129.8,143.6,132.7,129.9,139.3,134.0,137.0,138.2,127.3,132.4
TOPCOAT-0004,1005,16:45,142.6,131.4,128.5,143.4,131.9,131.3,140.6,133.2,137.5,139.4,127.2,132.3
TOPCOAT-0004,1006,16:46,142.4,132.2,128.9,143.8,132.1,131.0,139.6,133.0,138.0,140.0,127.5,132.6
TOPCOAT-0004,1007,16:47,143.0,130.7,129.2,143.0,132.6,130.2,140.3,133.1,137.9,139.0,128.0,132.5
TOPCOAT-0004,1008,16:48,142.2,132.2,130.4,143.6,132.0,131.1,138.8,133.9,138.0,139.0,128.2,132.6
TOPCOAT-0004,1009,16:49,142.2,132.0,129.4,143.3,131.8,131.2,139.5,133.0,139.0,139.0,128.3,133.0
TOPCOAT-0004,1010,16:50,142.7,131.2,128.8,144.4,132.7,131.5,139.4,133.7,139.3,137.9,127.4,132.9
TOPCOAT-0004,1011,16:51,143.4,131.1,130.2,144.4,132.3,131.2,139.5,134.0,138.4,139.1,127.2,132.5
TOPCOAT-0004,1012,16:52,142.9,131.6,129.9,142.6,133.2,132.0,140.1,133.2,138.2,139.8,127.6,132.8
TOPCOAT-0004,1013,16:53,143.4,132.2,129.9,143.7,132.6,131.3,141.2,134.0,138.2,138.8,128.3,132.6
TOPCOAT-0004,1014,16:54,142.8,131.1,130.4,143.3,133.4,131.7,140.1,133.7,138.9,139.5,128.1,132.8
TOPCOAT-0004,1015,16:55,143.1,132.1,128.8,144.5,133.2,131.2,139.3,133.4,138.3,139.6,128.6,133.1
TOPCOAT-0004,1016,16:56,143.6,132.1,130.7,144.6,134.1,131.6,139.8,134.2,139.2,140.0,127.5,133.0
TOPCOAT-0004,1017,16:57,142.4,132.0,129.9,143.3,133.1,131.8,139.9,133.8,138.4,139.4,127.7,132.8
TOPCOAT-0004,1018,16:58,143.3,132.1,130.1,145.0,133.9,131.9,139.7,133.8,138.8,139.2,127.5,132.8
TOPCOAT-0004,1019,16:59,143.6,131.5,129.5,144.3,133.0,132.0,141.4,134.7,139.0,139.9,128.9,132.1
TOPCOAT-0004,1020,17:00,142.7,132.8,129.9,143.6,132.5,132.1,140.6,133.8,139.5,139.9,127.5,133.5
TOPCOAT-0004,1021,17:01,143.3,131.6,130.6,143.7,132.8,132.6,140.6,134.8,138.9,139.8,127.5,132.7
TOPCOAT-0004,1022,17:02,143.5,132.4,130.2,144.1,133.6,131.8,141.1,134.5,138.6,139.5,129.0,134.0
TOPCOAT-0004,1023,17:03,143.2,132.2,131.0,143.8,134.4,132.2,140.6,134.5,138.4,139.7,128.3,133.3
TOPCOAT-0004,1024,17:04,142.6,131.9,130.1,144.3,132.9,132.3,140.7,133.7,138.3,139.9,127.9,133.6
TOPCOAT-0004,1025,17:05,143.4,132.7,130.8,144.0,133.3,132.5,141.2,133.5,139.7,140.4,128.9,133.2
TOPCOAT-0004,1026,17:06,143.5,132.9,130.4,144.7,133.4,131.9,140.6,134.4,138.7,140.7,128.5,133.9
TOPCOAT-0004,1027,17:07,143.6,132.5,130.8,145.0,134.4,132.9,140.7,133.9,139.5,140.6,129.0,133.2
TOPCOAT-0004,1028,17:08,143.9,132.5,130.2,145.3,133.3,131.5,141.2,134.9,138.6,140.3,128.7,133.3
TOPCOAT-0004,1029,17:09,143.3,132.0,130.2,143.9,134.0,132.7,141.3,134.5,139.0,140.7,128.3,134.0
TOPCOAT-0004,1030,17:10,143.6,131.8,130.1,144.8,133.1,132.9,141.5,133.8,139.3,139.5,128.3,133.9
TOPCOAT-0004,1031,17:11,143.2,132.7,129.7,143.6,133.3,132.3,141.2,135.1,139.1,139.8,128.5,133.8
TOPCOAT-0004,1032,17:12,143.5,132.7,131.0,144.4,133.3,133.1,140.7,134.7,138.9,140.7,128.9,134.4
TOPCOAT-0004,1033,17:13,143.7,132.9,130.8,145.6,133.5,132.6,140.4,134.8,139.2,140.9,128.9,133.5
TOPCOAT-0004,1034,17:14,143.3,132.3,130.4,144.9,134.9,132.4,140.5,134.5,140.0,140.0,129.3,134.6
TOPCOAT-0004,1035,17:15,143.7,133.2,131.2,145.3,134.5,132.7,141.1,134.9,139.4,141.4,128.6,133.4
TOPCOAT-0004,1036,17:16,144.0,132.5,130.7,145.1,133.6,132.3,141.8,135.5,139.8,140.4,128.9,134.0
TOPCOAT-0004,1037,17:17,144.0,132.3,130.2,145.4,133.5,132.5,141.1,134.6,140.1,140.7,128.3,133.3
TOPCOAT-0004,1038,17:18,143.4,132.6,130.6,144.7,133.3,132.3,140.9,135.9,140.6,139.9,129.3,134.3
TOPCOAT-0004,1039,17:19,144.0,132.9,131.0,144.4,134.6,132.5,141.5,134.5,139.3,141.4,128.7,133.2
TOPCOAT-0004,1040,17:20,144.7,132.9,130.7,145.8,133.6,132.6,140.8,135.3,139.9,141.1,129.1,133.4
TOPCOAT-0004,1041,17:21,145.0,132.7,131.7,145.4,134.7,132.7,141.9,134.8,139.4,141.0,129.3,134.4
TOPCOAT-0004,1042,17:22,145.2,133.2,131.3,144.6,133.6,132.7,142.3,135.3,139.8,140.3,129.2,134.6
TOPCOAT-0004,1043,17:23,144.8,133.7,131.4,144.8,133.7,132.2,141.0,134.6,140.0,140.4,129.0,134.2
TOPCOAT-0004,1044,17:24,143.8,132.7,131.4,146.2,134.1,134.0,142.3,136.4,139.8,141.1,129.6,134.8
TOPCOAT-0004,1045,17:25,145.0,132.3,131.2,146.0,133.9,132.6,141.8,135.7,139.0,141.5,128.9,134.1
TOPCOAT-0004,1046,17:26,144.3,132.7,130.5,145.1,135.2,133.1,141.6,135.1,140.1,141.3,129.7,135.8
TOPCOAT-0004,1047,17:27,143.6,133.3,131.1,145.2,134.8,133.1,141.6,135.9,139.0,140.3,128.4,134.4
TOPCOAT-0004,1048,17:28,144.5,132.9,130.4,145.7,134.3,134.0,143.1,135.1,140.5,141.4,129.4,134.4
TOPCOAT-0004,1049,17:29,144.5,133.5,131.0,145.2,134.1,133.6,141.6,135.1,140.8,141.5,129.7,134.5
TOPCOAT-0004,1050,17:30,145.5,132.9,131.4,145.9,134.0,132.9,142.4,135.6,139.7,141.1,130.1,134.3
TOPCOAT-0004,1051,17:31,145.2,133.6,130.8,146.1,135.6,134.1,142.1,135.6,140.1,140.5,129.3,135.4
TOPCOAT-0004,1052,17:32,144.8,132.5,131.0,146.0,135.6,132.4,142.6,135.4,140.3,140.5,129.6,135.0
TOPCOAT-0004,1053,17:33,144.5,133.3,131.0,146.4,134.9,133.4,141.7,135.2,139.6,141.2,130.4,134.8
TOPCOAT-0004,1054,17:34,145.4,133.6,131.1,145.5,135.2,132.5,142.0,135.7,138.8,141.0,129.7,134.0
TOPCOAT-0004,1055,17:35,144.4,134.3,132.0,145.9,134.8,134.2,141.5,134.8,141.4,140.4,130.2,134.3
TOPCOAT-0004,1056,17:36,145.0,133.0,131.0,145.9,135.5,133.8,142.3,136.5,141.1,140.3,129.7,134.6
TOPCOAT-0004,1057,17:37,144.8,132.8,130.6,145.2,134.6,133.8,143.4,136.2,140.3,141.1,129.0,134.7
TOPCOAT-0004,1058,17:38,144.5,133.1,131.2,146.0,134.8,133.7,141.6,136.5,140.4,141.6,128.8,134.7
TOPCOAT-0004,1059,17:39,144.1,132.9,132.3,146.5,135.6,133.5,141.9,135.8,140.2,141.9,129.6,134.9
TOPCOAT-0004,1060,17:40,145.0,133.6,130.5,145.6,135.1,132.7,142.6,135.9,140.6,142.0,129.8,135.5
TOPCOAT-0004,1061,17:41,145.4,134.3,132.6,144.5,135.1,133.5,142.4,136.1,140.3,141.2,130.0,134.7
TOPCOAT-0004,1062,17:42,145.5,134.1,131.0,146.6,135.2,133.7,142.0,136.2,140.9,140.9,129.6,134.6
TOPCOAT-0004,1063,17:43,145.7,133.6,131.9,145.8,136.5,133.5,143.5,135.4,141.3,141.9,130.7,135.4
TOPCOAT-0004,1064,17:44,145.9,133.9,131.7,146.7,135.7,133.1,142.7,136.6,140.9,141.2,131.4,135.6
TOPCOAT-0004,1065,17:45,144.9,133.8,131.9,146.2,135.4,133.8,142.7,136.1,141.6,141.5,129.3,134.9
TOPCOAT-0004,1066,17:46,145.6,134.3,132.0,146.0,134.7,134.0,142.9,136.7,140.8,141.7,130.6,135.6
TOPCOAT-0004,1067,17:47,145.2,133.7,132.3,145.9,135.9,134.5,142.6,136.6,141.1,141.7,130.7,135.1
TOPCOAT-0004,1068,17:48,146.2,134.2,131.3,146.9,135.3,134.5,143.0,135.5,141.4,142.3,130.3,135.0
TOPCOAT-0004,1069,17:49,145.9,134.3,132.3,147.0,135.4,133.9,143.4,137.3,141.6,141.7,129.4,135.7
TOPCOAT-0004,1070,17:50,146.9,133.4,131.4,146.7,135.9,133.8,142.3,135.9,141.2,142.1,129.8,135.3
TOPCOAT-0004,1071,17:51,146.0,134.0,132.2,146.6,135.3,134.5,143.2,137.3,140.7,142.0,130.6,136.0
TOPCOAT-0004,1072,17:52,146.1,134.7,132.0,146.6,134.8,135.8,142.5,137.2,141.5,142.6,130.7,135.1
TOPCOAT-0004,1073,17:53,145.6,133.8,132.6,146.3,135.5,134.8,143.9,136.1,141.1,142.5,131.5,135.0
TOPCOAT-0004,1074,17:54,146.0,134.2,133.2,147.6,134.9,134.0,143.2,136.3,141.2,142.7,130.7,135.3
TOPCOAT-0004,1075,17:55,146.4,134.8,132.6,147.7,134.4,134.6,143.5,136.2,141.5,142.0,131.1,135.0
TOPCOAT-0004,1076,17:56,145.8,132.7,131.7,147.2,135.2,135.2,143.1,137.4,140.6,141.1,130.8,136.3
TOPCOAT-0004,1077,17:57,146.0,133.8,130.9,147.3,135.8,134.9,143.9,137.1,140.9,142.2,131.4,135.8
TOPCOAT-0004,1078,17:58,145.9,135.4,133.1,147.8,135.6,135.1,143.4,136.2,140.8,140.8,131.0,136.0
TOPCOAT-0004,1079,17:59,145.7,134.5,132.0,145.1,135.9,134.7,143.1,136.5,140.6,142.5,130.4,136.0
TOPCOAT-0004,1080,18:00,146.3,133.2,132.4,146.9,135.9,134.7,142.8,136.6,141.3,143.1,130.2,136.6
TOPCOAT-0004,1081,18:01,145.6,135.5,132.3,147.5,136.3,133.2,143.3,138.4,141.8,142.0,130.5,135.3
TOPCOAT-0004,1082,18:02,146.0,134.4,131.5,147.4,136.1,135.2,143.6,136.0,140.7,143.2,131.1,135.6
TOPCOAT-0004,1083,18:03,145.9,134.9,133.2,146.4,136.2,134.8,143.6,136.5,140.0,141.7,131.7,136.3
TOPCOAT-0004,1084,18:04,146.5,134.5,131.3,145.2,136.8,135.3,143.2,137.5,142.4,141.7,131.7,135.6
TOPCOAT-0004,1085,18:05,146.2,134.6,131.8,146.8,135.8,135.5,143.6,136.8,140.0,142.7,131.2,136.3
TOPCOAT-0004,1086,18:06,146.1,134.6,132.0,146.4,136.1,135.0,143.9,137.4,139.9,141.2,130.8,136.7
TOPCOAT-0004,1087,18:07,145.7,133.9,131.4,145.8,136.1,135.7,143.2,137.2,140.5,140.9,131.9,135.4
TOPCOAT-0004,1088,18:08,147.0,134.5,131.7,146.2,136.4,135.1,143.5,137.7,142.9,139.7,130.7,136.2
TOPCOAT-0004,1089,18:09,145.6,134.6,132.8,146.0,135.3,134.5,144.1,137.8,141.3,142.3,130.5,137.3
TOPCOAT-0004,1090,18:10,146.0,135.0,132.9,148.0,136.9,135.2,143.6,137.8,141.8,141.4,129.8,136.0
TOPCOAT-0004,1091,18:11,146.0,134.3,132.2,146.1,137.1,134.4,144.3,137.2,142.6,140.6,130.7,136.5
TOPCOAT-0004,1092,18:12,146.5,133.7,132.5,148.0,136.7,135.0,143.0,137.0,142.5,141.8,132.1,136.7
TOPCOAT-0004,1093,18:13,147.4,134.5,132.9,146.0,136.1,134.5,142.8,136.4,142.4,142.8,131.3,135.6
TOPCOAT-0004,1094,18:14,147.6,134.2,131.1,148.3,135.0,136.0,144.5,137.5,141.6,143.4,129.2,137.3
TOPCOAT-0004,1095,18:15,146.6,134.1,131.3,146.0,137.0,136.1,143.8,138.1,142.5,141.9,131.6,136.9
TOPCOAT-0004,1096,18:16,146.5,134.8,129.9,144.9,136.6,135.9,144.1,137.9,142.7,143.0,129.9,136.6
TOPCOAT-0004,1097,18:17,148.0,135.4,132.4,146.6,136.5,135.9,145.0,138.1,140.6,141.3,130.2,136.3
TOPCOAT-0004,1098,18:18,146.6,135.7,131.8,147.7,136.3,134.5,143.7,137.6,142.8,141.9,129.8,136.8
TOPCOAT-0004,1099,18:19,146.5,134.2,132.5,146.1,136.9,134.7,144.1,138.0,140.7,140.3,131.9,137.5
TOPCOAT-0004,1100,18:20,146.3,134.2,132.4,145.3,137.2,134.7,144.7,137.2,141.5,142.2,130.8,135.9
TOPCOAT-0004,1101,18:21,145.9,133.7,132.7,146.9,136.6,136.0,144.8,136.8,140.6,141.9,130.4,138.7
TOPCOAT-0004,1102,18:22,148.2,134.7,131.0,145.8,137.1,136.7,144.0,138.4,139.9,142.8,132.0,138.0
TOPCOAT-0004,1103,18:23,146.0,133.4,131.4,146.6,136.5,135.6,144.8,138.2,141.8,141.3,129.3,136.9
TOPCOAT-0004,1104,18:24,146.6,135.9,132.4,146.8,137.0,135.9,144.6,138.3,141.7,140.7,129.6,137.5
TOPCOAT-0004,1105,18:25,144.8,135.0,132.8,146.3,136.7,136.2,145.2,137.6,141.4,140.8,131.0,137.8
TOPCOAT-0004,1106,18:26,148.0,134.7,131.6,147.7,137.0,135.5,144.2,137.0,142.0,141.6,132.1,135.9
TOPCOAT-0004,1107,18:27,146.5,133.7,131.7,147.5,136.3,136.0,144.9,138.6,141.0,142.7,131.8,135.6
TOPCOAT-0004,1108,18:28,147.5,136.0,133.1,147.5,137.8,135.3,144.4,138.3,141.2,141.5,131.1,137.0
TOPCOAT-0004,1109,18:29,144.8,134.5,131.3,146.0,137.2,136.6,145.2,137.3,142.5,140.4,131.4,137.6
TOPCOAT-0004,1110,18:30,146.0,135.6,132.1,146.3,135.9,135.7,144.5,137.6,140.3,141.5,132.0,136.0
TOPCOAT-0004,1111,18:31,146.8,134.8,133.2,147.1,136.8,136.1,144.6,138.2,142.3,142.8,131.5,137.9
TOPCOAT-0004,1112,18:32,148.4,134.9,130.6,147.3,137.3,136.7,144.4,138.0,141.5,143.4,130.3,137.1
TOPCOAT-0004,1113,18:33,145.6,134.2,132.7,146.9,136.8,136.9,144.1,138.7,142.3,142.5,130.3,136.1
TOPCOAT-0004,1114,18:34,145.8,134.3,132.7,147.3,136.0,135.8,145.0,139.3,141.6,142.2,130.9,136.8
TOPCOAT-0004,1115,18:35,145.9,135.6,131.8,146.7,137.4,136.9,144.3,137.7,140.7,142.6,131.0,135.8
TOPCOAT-0004,1116,18:36,146.6,135.3,133.1,147.0,138.1,137.8,145.9,139.3,140.9,142.4,129.9,135.6
TOPCOAT-0004,1117,18:37,148.1,134.2,133.8,145.0,137.5,136.2,145.3,136.3,140.7,142.4,131.0,135.5
TOPCOAT-0004,1118,18:38,146.0,133.6,132.3,147.2,137.9,137.8,145.5,137.1,141.6,141.7,131.0,134.2
TOPCOAT-0004,1119,18:39,146.4,134.0,132.7,145.1,135.5,136.5,143.6,138.1,142.5,142.5,130.5,136.3
TOPCOAT-0004,1120,18:40,147.5,134.1,132.5,146.8,137.2,137.0,146.4,137.3,140.7,142.5,130.2,135.9
TOPCOAT-0004,1121,18:41,146.4,133.9,132.6,146.9,137.4,136.5,146.6,138.3,140.7,141.5,131.0,138.1
TOPCOAT-0004,1122,18:42,146.0,134.7,132.3,147.8,138.2,136.2,145.5,136.2,142.2,142.2,131.2,138.8
TOPCOAT-0004,1123,18:43,147.6,134.9,132.6,147.1,136.5,135.5,144.9,137.3,142.3,140.4,131.4,137.2
TOPCOAT-0004,1124,18:44,146.8,135.2,131.5,145.6,137.9,136.8,143.0,137.8,142.5,141.3,131.0,136.1
TOPCOAT-0004,1125,18:45,146.7,134.4,132.1,147.3,137.5,136.6,144.6,138.9,142.2,142.4,131.5,137.7
TOPCOAT-0004,1126,18:46,145.7,133.9,132.7,147.6,136.3,135.7,145.4,136.2,141.5,142.9,130.7,136.8
TOPCOAT-0004,1127,18:47,146.6,135.7,131.8,146.9,137.5,137.3,145.5,139.3,142.2,143.6,130.7,137.0
TOPCOAT-0004,1128,18:48,147.8,136.7,133.9,146.5,139.0,137.8,144.8,139.6,143.2,142.4,131.2,134.6
TOPCOAT-0004,1129,18:49,147.4,135.3,131.5,147.5,136.9,137.7,144.8,138.3,143.2,141.2,129.4,136.9
TOPCOAT-0004,1130,18:50,146.1,135.9,133.0,148.2,136.6,135.3,144.9,137.2,138.9,142.1,132.2,137.2
TOPCOAT-0004,1131,18:51,146.7,135.0,131.9,147.7,138.1,136.7,143.9,138.4,142.4,141.6,131.9,137.6
TOPCOAT-0004,1132,18:52,146.1,136.3,131.9,146.9,135.4,138.1,143.4,137.6,142.5,142.5,131.6,137.6
TOPCOAT-0004,1133,18:53,146.4,136.1,132.1,146.8,136.7,136.9,144.5,137.4,141.6,141.4,130.1,137.3
TOPCOAT-0004,1134,18:54,147.4,134.2,132.8,147.3,136.7,134.8,145.7,137.7,140.9,140.7,130.5,137.2
TOPCOAT-0004,1135,18:55,147.6,135.6,133.6,145.6,138.7,135.7,144.6,139.0,142.2,143.2,129.9,136.4
TOPCOAT-0004,1136,18:56,147.2,134.8,132.1,148.5,136.3,135.7,144.2,138.5,141.1,143.8,130.7,138.2
TOPCOAT-0004,1137,18:57,145.4,133.5,132.9,146.2,136.7,134.8,144.4,138.3,141.6,143.1,131.1,136.6
TOPCOAT-0004,1138,18:58,146.1,133.8,132.1,146.5,137.5,133.9,145.7,137.5,141.5,141.8,131.3,134.8
TOPCOAT-0004,1139,18:59,146.3,134.3,132.9,146.1,136.4,136.0,145.1,137.8,141.9,142.6,130.6,136.8
TOPCOAT-0004,1140,19:00,146.3,135.4,133.3,147.0,137.9,134.9,144.6,137.3,141.8,141.5,131.3,136.3
TOPCOAT-0004,1141,19:01,147.4,133.9,132.2,146.9,137.7,136.3,145.5,137.3,142.4,141.5,131.4,135.7
TOPCOAT-0004,1142,19:02,147.3,135.9,131.9,148.6,136.9,136.1,144.0,138.6,141.5,141.1,131.1,137.7
TOPCOAT-0004,1143,19:03,147.2,133.5,133.3,146.1,136.8,135.5,144.5,137.1,141.4,143.1,131.1,137.7
TOPCOAT-0004,1144,19:04,146.3,135.1,132.4,147.0,137.6,136.3,144.1,137.1,142.6,141.9,130.8,137.9
TOPCOAT-0004,1145,19:05,146.3,134.0,135.3,147.6,137.6,135.6,146.1,138.4,140.6,142.7,131.2,136.0
TOPCOAT-0004,1146,19:06,146.8,135.0,131.2,146.4,138.0,135.7,147.0,137.0,142.7,142.8,129.5,137.2
TOPCOAT-0004,1147,19:07,146.7,135.9,132.9,147.1,136.8,136.2,147.2,138.2,140.0,141.2,131.0,138.3
TOPCOAT-0004,1148,19:08,148.1,135.0,131.3,147.5,137.2,136.6,144.3,138.5,140.4,141.7,130.2,135.9
TOPCOAT-0004,1149,19:09,147.0,135.9,133.2,147.0,135.1,136.2,144.8,137.9,140.0,142.8,130.6,137.2
TOPCOAT-0004,1150,19:10,148.8,134.3,133.0,147.8,135.4,136.2,144.5,136.0,141.6,142.9,131.4,135.9
TOPCOAT-0004,1151,19:11,147.3,135.3,132.1,147.7,137.4,136.9,143.3,139.0,141.2,141.9,128.2,137.4
TOPCOAT-0004,1152,19:12,147.4,134.4,131.3,146.0,136.2,136.3,145.0,136.5,140.5,141.5,131.5,135.9
TOPCOAT-0004,1153,19:13,145.7,136.1,132.7,144.7,137.9,135.3,144.2,137.9,139.8,143.3,130.9,137.4
TOPCOAT-0004,1154,19:14,148.3,133.5,131.0,146.7,137.2,135.8,145.4,136.9,141.2,142.6,131.1,135.7
TOPCOAT-0004,1155,19:15,147.4,135.0,131.6,147.9,137.2,136.2,146.3,137.2,141.3,141.2,130.5,136.7
TOPCOAT-0004,1156,19:16,147.1,134.7,130.4,146.8,136.0,137.0,146.7,138.3,140.1,141.4,129.5,136.5
TOPCOAT-0004,1157,19:17,145.9,136.1,132.8,146.4,136.7,136.3,145.5,137.8,141.5,143.7,131.4,136.6
TOPCOAT-0004,1158,19:18,147.0,135.5,133.1,147.3,137.5,136.6,144.4,137.3,140.1,140.9,128.6,136.4
TOPCOAT-0004,1159,19:19,146.6,134.0,132.4,147.7,136.4,136.8,144.8,138.2,140.8,141.9,130.5,137.7
TOPCOAT-0004,1160,19:20,147.2,134.2,132.2,147.3,136.2,137.3,144.5,137.1,141.5,141.5,129.7,135.9
TOPCOAT-0004,1161,19:21,146.9,135.4,131.6,145.6,134.9,135.8,146.3,138.2,140.2,142.2,131.0,138.2
TOPCOAT-0004,1162,19:22,147.8,134.4,131.1,146.7,138.0,136.8,144.7,137.6,141.7,141.6,129.9,136.0
TOPCOAT-0004,1163,19:23,146.7,134.1,131.8,146.9,136.8,137.1,144.9,137.9,140.7,140.7,130.3,138.2
TOPCOAT-0004,1164,19:24,147.6,135.2,133.8,147.4,137.8,137.2,145.2,137.9,142.3,142.8,130.3,137.4
TOPCOAT-0004,1165,19:25,145.1,135.9,132.2,146.6,136.6,136.3,144.5,138.1,142.8,141.3,131.5,137.2
TOPCOAT-0004,1166,19:26,146.6,135.8,132.1,145.5,135.6,137.4,144.5,138.5,140.8,141.8,133.1,136.3
TOPCOAT-0004,1167,19:27,145.8,133.3,131.0,147.7,136.4,137.0,144.6,136.8,141.3,143.3,130.0,135.7
TOPCOAT-0004,1168,19:28,148.2,133.7,131.4,147.8,136.6,136.0,145.8,136.4,142.1,142.5,130.0,137.0
TOPCOAT-0004,1169,19:29,148.7,135.2,132.2,146.4,137.4,135.7,144.3,138.1,139.9,142.4,130.5,137.0
TOPCOAT-0004,1170,19:30,145.7,134.2,130.7,146.7,136.7,137.7,144.4,138.9,140.7,142.4,130.2,136.7
TOPCOAT-0004,1171,19:31,146.9,135.3,132.1,147.1,137.0,136.3,147.0,138.1,141.5,142.6,131.1,137.0
TOPCOAT-0004,1172,19:32,146.7,134.8,132.3,145.4,138.4,136.3,145.2,137.5,142.1,141.4,131.2,135.5
TOPCOAT-0004,1173,19:33,146.7,133.9,132.8,147.5,134.5,135.0,146.7,138.3,141.9,141.9,130.6,138.2
TOPCOAT-0004,1174,19:34,144.8,133.8,130.0,146.2,138.1,136.3,146.0,137.8,142.1,143.8,130.5,137.1
TOPCOAT-0004,1175,19:35,147.1,134.2,133.0,147.3,137.9,138.0,144.0,138.2,141.3,142.9,130.6,137.3
TOPCOAT-0004,1176,19:36,146.4,134.8,130.3,148.2,137.3,136.8,143.9,137.4,141.7,141.0,131.2,136.9
TOPCOAT-0004,1177,19:37,146.3,134.2,132.6,147.8,136.6,135.4,145.4,139.8,141.8,142.4,130.9,136.7
TOPCOAT-0004,1178,19:38,146.3,134.4,133.2,146.1,137.3,136.8,144.8,138.7,141.6,140.5,130.8,136.1
TOPCOAT-0004,1179,19:39,146.1,134.2,133.8,149.0,135.9,137.6,145.9,138.8,140.0,142.3,131.5,137.7
TOPCOAT-0004,1180,19:40,146.7,135.1,133.2,149.2,138.0,136.4,145.7,138.0,139.5,141.0,129.5,136.6
TOPCOAT-0004,1181,19:41,146.0,133.7,132.4,147.8,136.5,135.9,143.4,137.8,139.9,142.7,132.1,135.7
TOPCOAT-0004,1182,19:42,146.0,135.8,131.3,146.3,137.9,136.2,144.7,136.7,142.0,142.1,130.3,137.0
TOPCOAT-0004,1183,19:43,146.8,136.2,131.4,144.0,139.1,136.2,145.1,137.2,142.7,142.0,129.7,136.9
TOPCOAT-0004,1184,19:44,147.2,134.8,131.2,147.7,135.7,138.2,144.1,136.4,141.2,143.7,131.8,137.1
TOPCOAT-0004,1185,19:45,145.4,134.0,131.3,146.7,136.7,136.8,145.5,138.8,141.1,142.9,130.9,136.6
TOPCOAT-0004,1186,19:46,147.5,134.4,133.4,148.0,136.0,137.4,144.7,137.5,143.1,141.4,132.0,136.9
TOPCOAT-0004,1187,19:47,146.5,135.2,132.2,146.8,137.2,136.3,146.1,137.9,141.9,141.5,130.9,136.9
TOPCOAT-0004,1188,19:48,145.1,134.0,131.9,148.3,137.4,136.5,143.5,137.7,140.3,142.3,130.7,136.1
TOPCOAT-0004,1189,19:49,146.7,135.4,132.1,146.2,136.7,136.0,144.0,137.8,142.0,140.3,131.1,136.5
TOPCOAT-0004,1190,19:50,147.8,133.9,133.1,146.3,137.4,137.5,145.4,137.4,140.6,142.5,131.5,137.5
TOPCOAT-0004,1191,19:51,145.7,134.7,131.5,146.9,137.4,134.7,145.2,137.2,140.5,142.0,132.2,136.4
TOPCOAT-0004,1192,19:52,148.3,134.2,133.5,146.7,136.6,137.2,146.6,138.7,141.0,141.9,129.8,137.7
TOPCOAT-0004,1193,19:53,147.7,135.0,131.7,146.6,137.3,136.4,144.9,138.7,141.0,141.4,129.3,136.2
TOPCOAT-0004,1194,19:54,145.6,133.9,131.8,147.2,137.7,134.6,144.8,138.1,141.7,140.4,130.3,135.3
TOPCOAT-0004,1195,19:55,146.8,134.0,133.3,145.2,136.5,136.4,144.5,135.8,141.3,142.5,131.7,136.1
TOPCOAT-0004,1196,19:56,147.3,133.5,133.9,144.5,136.7,137.0,144.3,139.8,141.1,142.4,131.5,135.8
TOPCOAT-0004,1197,19:57,145.3,134.3,132.2,147.7,137.3,136.8,146.2,138.9,140.2,141.8,131.3,137.3
TOPCOAT-0004,1198,19:58,146.8,133.8,133.4,146.3,135.8,136.6,145.3,137.1,142.4,140.4,130.6,137.6
TOPCOAT-0004,1199,19:59,146.2,135.0,132.4,146.8,136.3,136.4,146.3,138.5,139.8,143.2,130.0,137.4
TOPCOAT-0004,1200,20:00,145.7,136.0,131.9,146.7,136.7,135.7,144.8,137.9,140.9,139.2,130.4,137.2
TOPCOAT-0004,1201,20:01,147.0,134.9,131.7,147.4,137.2,135.6,145.6,137.3,141.6,142.3,130.0,137.1
TOPCOAT-0004,1202,20:02,146.3,134.4,132.9,147.5,137.6,135.9,144.3,138.3,142.0,140.9,131.4,136.1
TOPCOAT-0004,1203,20:03,146.4,133.7,131.3,146.7,137.4,136.8,142.9,137.5,141.3,141.6,130.4,137.1
TOPCOAT-0004,1204,20:04,145.9,135.0,131.6,147.0,138.7,135.1,145.7,137.3,140.0,141.6,128.7,136.0
TOPCOAT-0004,1205,20:05,145.7,134.6,131.9,146.8,137.8,135.0,145.1,138.4,140.4,141.6,131.2,136.5
TOPCOAT-0004,1206,20:06,145.2,135.2,132.5,146.8,137.6,136.4,145.8,138.1,139.7,142.1,129.4,135.7
TOPCOAT-0004,1207,20:07,146.2,135.0,131.6,148.7,138.4,135.5,145.2,137.8,141.6,142.9,131.0,136.6
TOPCOAT-0004,1208,20:08,147.2,134.6,132.2,147.4,136.6,135.3,144.9,137.5,141.4,141.2,131.1,136.8
TOPCOAT-0004,1209,20:09,145.8,133.9,132.8,145.9,136.5,136.2,145.5,137.8,141.2,140.2,132.3,137.9
TOPCOAT-0004,1210,20:10,147.8,135.4,131.6,147.7,137.8,135.4,144.5,138.2,141.8,141.4,131.1,137.3
TOPCOAT-0004,1211,20:11,146.3,134.9,133.3,145.9,137.5,136.6,143.2,138.0,141.5,141.3,132.2,137.6
TOPCOAT-0004,1212,20:12,146.3,134.3,131.7,145.4,135.6,136.0,144.4,138.2,140.5,141.5,129.7,136.0
TOPCOAT-0004,1213,20:13,146.3,134.9,131.2,147.2,137.2,134.7,146.1,139.6,142.5,141.6,131.2,137.4
TOPCOAT-0004,1214,20:14,145.7,135.5,132.1,146.3,137.7,135.5,144.4,139.2,142.2,143.3,131.7,134.5
TOPCOAT-0004,1215,20:15,147.1,135.7,132.7,146.3,138.0,135.4,144.3,138.1,143.8,144.6,130.5,134.8
TOPCOAT-0004,1216,20:16,146.6,134.7,132.3,147.2,137.6,135.4,143.7,137.3,141.2,142.2,131.3,137.1
TOPCOAT-0004,1217,20:17,146.7,135.2,131.6,146.2,135.9,136.5,143.8,138.6,141.8,142.8,130.7,136.9
TOPCOAT-0004,1218,20:18,146.7,134.1,131.5,147.3,137.4,136.1,143.7,137.7,141.8,143.8,130.8,136.8
TOPCOAT-0004,1219,20:19,145.6,135.2,132.6,145.6,137.0,135.0,143.8,137.3,140.9,143.6,129.4,136.6
TOPCOAT-0004,1220,20:20,147.7,134.6,130.7,145.7,138.3,136.6,143.9,138.1,142.4,141.3,131.2,137.6
TOPCOAT-0004,1221,20:21,146.7,135.5,133.6,148.0,138.0,137.0,143.6,137.8,141.3,142.0,132.7,137.6
TOPCOAT-0004,1222,20:22,145.4,134.9,132.0,145.4,138.6,136.3,145.3,139.2,143.1,142.1,130.6,137.1
TOPCOAT-0004,1223,20:23,147.2,133.6,133.2,146.5,138.0,136.2,145.5,138.1,141.1,142.6,131.5,137.3
TOPCOAT-0004,1224,20:24,146.3,134.0,130.9,147.0,136.7,136.4,144.7,138.0,142.0,139.7,130.5,137.4
TOPCOAT-0004,1225,20:25,145.6,134.8,130.8,146.2,136.5,137.5,144.5,139.1,143.3,142.4,130.7,134.8
TOPCOAT-0004,1226,20:26,145.7,134.6,133.1,148.1,136.7,136.6,144.5,138.8,142.7,142.9,129.3,136.6
TOPCOAT-0004,1227,20:27,148.5,135.7,133.3,146.0,137.9,136.0,144.6,138.2,141.4,143.0,130.9,136.9
TOPCOAT-0004,1228,20:28,147.1,133.5,132.5,147.9,136.3,136.4,144.5,139.3,142.4,141.2,131.7,136.8
TOPCOAT-0004,1229,20:29,148.4,134.3,132.9,149.0,138.8,136.1,144.1,137.7,140.8,143.2,130.1,136.1
TOPCOAT-0004,1230,20:30,144.9,134.4,133.0,146.3,138.8,136.5,143.0,138.1,142.3,141.8,130.5,137.5
TOPCOAT-0004,1231,20:31,146.9,136.1,131.6,146.6,137.2,136.9,144.3,137.7,142.2,141.4,132.1,135.2
TOPCOAT-0004,1232,20:32,146.1,134.7,131.7,148.0,137.2,137.0,144.7,138.2,140.7,143.6,131.7,136.8
TOPCOAT-0004,1233,20:33,148.0,134.5,132.6,147.0,136.8,134.9,144.8,138.6,141.4,142.0,129.1,137.4
TOPCOAT-0004,1234,20:34,144.6,136.1,132.7,146.8,136.8,137.6,144.2,137.3,141.1,141.2,131.3,137.3
TOPCOAT-0004,1235,20:35,145.0,134.2,133.7,147.3,136.1,137.4,146.4,139.2,141.9,143.1,131.7,136.5
TOPCOAT-0004,1236,20:36,144.4,132.9,132.8,147.3,137.5,137.5,146.2,139.5,142.0,141.6,130.8,134.3
TOPCOAT-0004,1237,20:37,148.3,135.3,132.9,146.4,138.6,135.5,143.3,137.9,141.8,142.2,131.2,137.1
TOPCOAT-0004,1238,20:38,146.5,135.7,130.8,146.4,137.0,137.8,143.9,136.2,142.4,142.2,131.0,136.8
TOPCOAT-0004,1239,20:39,147.1,135.5,133.4,147.6,136.4,135.3,144.6,137.2,142.3,142.5,129.5,137.0
TOPCOAT-0004,1240,20:40,146.7,135.2,130.4,145.4,136.9,135.7,145.8,138.3,140.7,141.0,129.8,135.7
TOPCOAT-0004,1241,20:41,146.9,133.7,133.3,145.8,136.4,136.7,144.4,138.1,142.2,141.8,130.1,138.1
TOPCOAT-0004,1242,20:42,146.8,133.7,132.0,146.0,136.3,136.5,143.1,138.0,139.7,142.8,131.3,137.6
TOPCOAT-0004,1243,20:43,146.1,136.1,131.3,146.0,138.5,136.2,146.4,138.3,142.5,139.7,130.6,136.8
TOPCOAT-0004,1244,20:44,147.5,134.4,132.7,148.1,136.6,135.8,146.3,138.2,140.3,140.7,130.8,136.5
TOPCOAT-0004,1245,20:45,146.3,133.7,132.2,148.0,136.0,136.9,145.2,137.5,142.6,142.3,131.8,137.9
TOPCOAT-0004,1246,20:46,146.3,135.5,134.7,147.6,137.9,137.5,143.3,137.2,141.1,142.2,130.6,137.2
TOPCOAT-0004,1247,20:47,148.0,134.2,131.9,146.3,135.9,136.4,146.1,138.1,143.3,141.3,129.4,137.5
TOPCOAT-0004,1248,20:48,146.0,134.1,130.8,147.9,136.0,136.0,145.8,136.7,140.1,142.1,130.9,136.5
TOPCOAT-0004,1249,20:49,147.8,134.3,133.8,147.6,138.7,136.2,145.3,136.2,140.6,142.5,130.0,136.6
TOPCOAT-0004,1250,20:50,148.5,133.8,132.2,147.7,137.3,136.8,144.1,138.1,142.3,139.8,130.9,136.6
TOPCOAT-0004,1251,20:51,147.1,135.0,132.4,146.8,138.4,137.5,144.1,138.5,140.1,141.3,130.7,136.9
TOPCOAT-0004,1252,20:52,145.8,134.7,133.6,145.2,136.8,135.8,144.5,138.1,140.4,142.3,130.0,136.3
TOPCOAT-0004,1253,20:53,147.4,134.6,131.0,146.5,136.8,136.0,144.7,138.8,143.0,141.4,129.6,136.2
TOPCOAT-0004,1254,20:54,145.7,134.9,132.4,146.4,136.8,136.2,146.4,138.6,141.5,143.4,132.2,136.5
TOPCOAT-0004,1255,20:55,147.6,134.7,131.9,147.3,137.0,135.9,145.5,137.8,141.7,142.7,131.2,137.2
TOPCOAT-0004,1256,20:56,147.1,133.9,131.3,146.2,137.5,137.4,145.8,138.9,140.0,140.6,131.1,136.8
TOPCOAT-0004,1257,20:57,145.8,134.1,131.9,146.4,137.9,136.9,144.7,137.8,140.9,141.4,130.7,137.5
TOPCOAT-0004,1258,20:58,145.5,133.7,132.3,147.6,137.2,137.1,143.7,137.8,141.8,143.0,129.6,138.4
TOPCOAT-0004,1259,20:59,146.3,134.1,132.9,146.2,137.3,135.4,145.6,138.0,141.4,143.9,131.3,137.9
TOPCOAT-0004,1260,21:00,145.4,133.2,133.0,148.0,135.8,134.8,144.8,138.5,141.7,142.9,131.2,137.2
TOPCOAT-0004,1261,21:01,145.8,135.1,133.7,147.3,137.4,136.9,143.8,138.3,142.5,143.7,130.6,136.7
TOPCOAT-0004,1262,21:02,146.5,133.6,132.2,147.1,135.9,135.7,145.0,137.9,141.6,141.2,131.1,138.1
TOPCOAT-0004,1263,21:03,147.5,133.9,132.3,147.9,135.9,135.6,144.8,138.5,142.5,140.9,130.8,137.7
TOPCOAT-0004,1264,21:04,146.7,133.3,131.7,146.8,137.5,137.2,144.9,137.4,141.1,142.0,130.6,136.4
TOPCOAT-0004,1265,21:05,146.6,134.4,132.3,145.3,137.6,136.5,146.2,138.8,141.6,141.9,131.6,136.2
TOPCOAT-0004,1266,21:06,146.5,135.8,131.3,147.3,136.8,135.7,145.9,138.5,141.5,141.4,132.8,136.3
TOPCOAT-0004,1267,21:07,146.2,137.0,132.6,148.5,137.5,136.6,145.7,138.6,143.5,142.5,131.0,137.3
TOPCOAT-0004,1268,21:08,145.8,136.3,132.3,147.6,137.1,135.5,145.3,139.3,142.2,141.7,131.0,135.5
TOPCOAT-0004,1269,21:09,147.4,134.0,132.2,146.4,138.4,135.9,145.2,136.2,142.3,142.0,130.9,135.9
TOPCOAT-0004,1270,21:10,146.4,134.1,132.7,147.5,136.1,135.4,144.6,138.9,141.9,141.7,131.7,135.6
TOPCOAT-0004,1271,21:11,146.8,134.3,132.7,146.9,136.1,135.2,145.8,138.3,140.5,141.4,129.2,137.4
TOPCOAT-0004,1272,21:12,145.4,135.3,132.3,146.6,137.8,135.1,144.9,136.8,141.6,140.8,131.4,136.9
TOPCOAT-0004,1273,21:13,146.5,135.1,132.1,147.3,137.8,135.3,144.7,136.8,141.2,140.9,130.2,136.7
TOPCOAT-0004,1274,21:14,146.0,135.4,131.8,146.1,136.9,136.7,144.4,138.9,139.8,144.3,131.8,135.2
TOPCOAT-0004,1275,21:15,145.9,134.7,132.5,145.7,137.4,137.7,144.0,136.7,141.2,142.5,130.8,135.9
TOPCOAT-0004,1276,21:16,146.7,133.4,132.8,147.3,137.7,136.5,143.7,138.1,140.4,143.4,133.1,135.0
TOPCOAT-0004,1277,21:17,146.0,136.8,133.0,148.3,137.6,135.0,145.3,137.6,141.0,142.8,132.1,138.9
TOPCOAT-0004,1278,21:18,145.5,135.0,132.0,145.4,136.9,135.3,143.4,139.4,142.7,141.1,131.2,137.0
TOPCOAT-0004,1279,21:19,147.1,134.7,132.6,147.1,137.4,135.9,144.4,137.8,140.5,141.5,130.4,136.0
TOPCOAT-0004,1280,21:20,145.8,133.3,133.4,147.0,137.4,136.1,144.3,137.1,141.1,143.0,130.4,137.3
TOPCOAT-0004,1281,21:21,146.5,133.9,132.4,146.9,137.8,136.4,143.9,138.0,141.4,141.2,129.6,137.2
TOPCOAT-0004,1282,21:22,147.4,135.0,133.4,146.8,137.4,135.7,142.6,137.4,142.0,142.4,130.6,135.5
TOPCOAT-0004,1283,21:23,146.5,133.8,132.8,146.2,136.8,136.0,143.8,138.9,141.8,141.1,132.4,137.2
TOPCOAT-0004,1284,21:24,147.0,133.9,132.6,145.0,138.8,137.1,145.8,137.9,141.6,143.0,131.2,136.2
TOPCOAT-0004,1285,21:25,147.0,135.3,132.3,146.1,136.7,136.5,144.2,137.2,141.1,142.0,130.3,135.3
TOPCOAT-0004,1286,21:26,147.1,134.7,131.6,146.5,137.4,136.8,145.5,138.6,142.6,141.7,131.2,137.2
TOPCOAT-0004,1287,21:27,146.2,134.8,133.9,145.8,136.8,135.4,146.2,138.7,142.3,140.6,130.4,137.6
TOPCOAT-0004,1288,21:28,146.7,135.6,131.7,147.0,135.9,137.0,142.6,137.4,141.8,141.3,130.9,137.6
TOPCOAT-0004,1289,21:29,147.6,134.6,131.2,147.5,136.9,136.3,145.5,139.5,140.5,143.1,130.7,138.0
TOPCOAT-0004,1290,21:30,146.4,133.2,132.7,147.3,137.4,136.4,145.7,136.9,139.8,141.9,131.3,136.0
TOPCOAT-0004,1291,21:31,147.8,133.8,131.9,147.6,136.8,135.8,146.2,137.4,140.9,142.6,129.3,135.3
TOPCOAT-0004,1292,21:32,146.8,133.5,132.0,147.8,135.8,135.5,145.2,138.5,141.4,142.1,131.3,137.0
TOPCOAT-0004,1293,21:33,147.6,134.4,131.9,146.1,138.0,136.2,144.6,137.5,141.0,141.9,130.7,138.1
TOPCOAT-0004,1294,21:34,148.0,135.6,132.9,146.4,136.6,136.7,145.8,137.5,141.3,140.8,130.0,135.3
TOPCOAT-0004,1295,21:35,148.1,134.6,131.8,148.3,136.5,135.6,145.2,137.9,141.7,141.9,130.5,137.5
TOPCOAT-0004,1296,21:36,147.8,136.0,131.9,147.5,137.5,135.8,145.6,138.9,141.7,141.6,130.8,135.9
TOPCOAT-0004,1297,21:37,147.5,134.7,131.9,146.8,136.8,136.8,142.7,139.5,141.4,140.4,130.7,136.3
TOPCOAT-0004,1298,21:38,146.7,133.8,132.1,146.2,136.3,136.3,144.3,135.2,142.6,141.6,131.7,136.9
TOPCOAT-0004,1299,21:39,147.0,134.2,131.5,147.4,137.4,136.6,143.8,136.4,143.1,140.2,131.0,136.5
TOPCOAT-0004,1300,21:40,147.0,135.2,131.4,146.7,138.7,135.3,143.2,137.1,141.6,142.4,131.4,137.7
TOPCOAT-0004,1301,21:41,146.8,135.3,131.7,148.7,136.7,137.0,144.6,138.5,142.3,143.5,129.9,137.4
TOPCOAT-0004,1302,21:42,145.6,134.9,133.6,146.8,136.6,135.3,146.1,139.0,141.2,140.6,133.8,136.1
TOPCOAT-0004,1303,21:43,147.5,135.3,132.8,145.0,137.5,135.3,144.7,138.6,140.8,141.3,131.8,136.9
TOPCOAT-0004,1304,21:44,144.1,135.2,132.4,146.8,137.8,136.5,145.4,137.7,141.2,143.1,130.0,135.7
TOPCOAT-0004,1305,21:45,147.2,135.5,131.5,146.5,138.0,136.2,144.3,138.0,141.8,141.8,131.6,137.1
TOPCOAT-0004,1306,21:46,147.8,133.4,131.7,147.1,137.5,135.7,145.7,139.2,141.3,140.0,131.6,136.9
TOPCOAT-0004,1307,21:47,147.4,135.3,132.2,147.7,136.1,136.6,143.3,137.8,140.8,141.6,130.5,136.3
TOPCOAT-0004,1308,21:48,145.9,134.8,132.6,147.3,135.0,136.9,143.6,138.1,141.8,142.5,129.1,137.3
TOPCOAT-0004,1309,21:49,147.9,135.4,131.8,146.9,138.3,135.3,145.4,137.9,139.8,141.2,131.2,137.3
TOPCOAT-0004,1310,21:50,147.3,134.8,133.7,147.4,136.8,138.3,144.7,138.1,141.5,140.5,131.2,135.9
TOPCOAT-0004,1311,21:51,146.2,136.3,131.9,146.9,136.9,136.9,144.7,137.7,140.9,140.1,131.6,137.3
TOPCOAT-0004,1312,21:52,147.4,133.1,132.1,146.2,136.8,137.2,143.9,138.5,141.6,142.9,130.9,136.1
TOPCOAT-0004,1313,21:53,146.8,134.3,132.2,145.1,136.3,135.3,145.9,136.9,141.9,140.7,131.0,136.5
TOPCOAT-0004,1314,21:54,146.3,134.4,132.3,146.6,137.8,137.8,144.5,138.7,142.0,143.0,131.0,137.4
TOPCOAT-0004,1315,21:55,147.9,134.8,132.7,145.2,137.3,137.4,143.4,137.5,142.0,144.3,130.9,138.2
TOPCOAT-0004,1316,21:56,146.7,135.2,134.3,147.2,137.6,136.4,144.7,138.8,142.2,141.0,133.7,137.3
TOPCOAT-0004,1317,21:57,147.6,135.0,132.8,146.2,135.8,135.9,143.8,138.0,142.1,141.2,130.9,136.5
TOPCOAT-0004,1318,21:58,148.3,134.1,132.6,146.2,136.6,136.6,145.1,137.5,141.4,142.0,131.8,136.3
TOPCOAT-0004,1319,21:59,147.3,134.0,134.4,147.6,136.4,136.7,146.5,138.9,142.4,142.9,131.2,136.9
TOPCOAT-0004,1320,22:00,149.0,133.7,133.3,146.0,135.2,138.3,144.1,137.9,141.9,142.2,130.0,138.2
TOPCOAT-0004,1321,22:01,146.3,135.0,133.3,147.1,137.8,134.4,145.1,139.2,141.3,142.2,131.4,136.1
TOPCOAT-0004,1322,22:02,148.9,135.0,133.1,146.9,137.8,135.9,146.9,137.2,140.4,141.5,132.2,136.3
TOPCOAT-0004,1323,22:03,147.9,135.3,131.9,147.5,137.3,138.9,144.2,137.4,140.7,140.5,132.1,136.4
TOPCOAT-0004,1324,22:04,145.9,134.5,131.4,144.5,136.7,135.9,145.8,138.1,139.7,142.2,129.9,137.5
TOPCOAT-0004,1325,22:05,146.1,134.3,131.7,146.4,137.0,136.0,145.0,137.6,141.8,142.2,132.2,135.0
TOPCOAT-0004,1326,22:06,146.0,135.0,133.3,147.2,137.4,136.8,144.2,138.7,141.0,141.3,130.5,137.5
TOPCOAT-0004,1327,22:07,148.2,132.8,132.1,147.3,137.4,136.3,146.0,137.9,141.8,144.1,131.7,136.3
TOPCOAT-0004,1328,22:08,145.7,133.7,133.8,148.8,136.7,136.6,144.7,136.4,142.6,141.7,130.1,136.7
TOPCOAT-0004,1329,22:09,146.4,135.2,131.1,146.9,136.2,137.1,144.8,137.7,142.1,141.9,132.1,136.8
TOPCOAT-0004,1330,22:10,146.4,133.7,130.8,146.1,136.0,136.8,143.9,138.3,142.4,141.6,132.2,136.8
TOPCOAT-0004,1331,22:11,145.9,133.0,130.7,147.4,138.7,136.1,143.5,138.0,139.6,143.3,130.3,135.0
TOPCOAT-0004,1332,22:12,146.7,133.6,132.2,147.5,137.1,137.3,144.9,138.1,140.9,141.0,132.0,137.8
TOPCOAT-0004,1333,22:13,146.3,133.1,131.4,147.2,136.7,135.8,143.8,138.8,142.1,141.8,130.9,139.0
TOPCOAT-0004,1334,22:14,146.6,135.0,131.9,146.3,136.2,134.5,146.5,137.7,140.8,142.8,130.1,136.4
TOPCOAT-0004,1335,22:15,146.6,134.4,133.9,146.1,138.0,136.3,142.5,138.3,141.4,142.4,131.5,136.7
TOPCOAT-0004,1336,22:16,147.0,135.5,132.5,147.3,136.7,134.2,146.7,137.3,141.3,140.5,130.9,135.2
TOPCOAT-0004,1337,22:17,146.9,134.0,131.4,146.6,136.7,135.8,143.8,139.0,141.2,142.0,130.1,136.6
TOPCOAT-0004,1338,22:18,147.2,135.1,131.1,147.2,136.9,135.7,143.8,136.4,140.7,141.0,129.9,137.2
TOPCOAT-0004,1339,22:19,146.4,133.3,131.7,147.1,135.8,137.6,144.6,138.3,141.5,142.8,131.4,135.5
TOPCOAT-0004,1340,22:20,146.7,133.6,132.0,147.1,136.7,135.5,144.8,137.6,142.0,142.9,131.0,137.1
TOPCOAT-0004,1341,22:21,146.3,134.8,132.4,146.7,138.7,137.6,145.4,139.5,141.1,141.8,130.7,136.9
TOPCOAT-0004,1342,22:22,148.1,133.2,133.6,147.7,137.0,136.5,143.5,137.3,141.3,141.8,130.7,135.2
TOPCOAT-0004,1343,22:23,146.5,136.1,133.1,147.2,138.0,136.2,143.6,139.0,142.1,142.2,130.1,137.6
TOPCOAT-0004,1344,22:24,145.9,135.0,132.3,146.9,137.0,137.6,145.3,138.0,140.5,141.0,131.4,136.9
TOPCOAT-0004,1345,22:25,146.7,135.0,134.1,146.2,136.9,135.2,144.0,139.1,140.8,141.6,129.8,136.4
TOPCOAT-0004,1346,22:26,147.0,133.9,132.4,147.2,136.6,135.9,145.7,138.5,141.2,142.6,130.0,136.1
TOPCOAT-0004,1347,22:27,145.7,135.6,133.1,147.4,136.9,136.1,145.0,139.5,141.9,141.5,131.8,136.8
TOPCOAT-0004,1348,22:28,147.3,134.9,131.3,148.5,136.8,137.1,143.8,138.7,140.8,142.8,131.7,135.9
TOPCOAT-0004,1349,22:29,146.5,133.5,132.5,147.3,136.7,136.4,143.6,139.5,141.4,142.6,131.6,136.3
TOPCOAT-0004,1350,22:30,147.8,134.9,131.6,147.8,136.7,136.5,144.8,138.9,141.5,141.0,129.4,136.8
TOPCOAT-0004,1351,22:31,147.3,134.0,132.6,144.6,136.4,136.2,145.6,138.8,139.5,142.0,131.6,137.1
TOPCOAT-0004,1352,22:32,146.7,133.5,132.1,146.1,137.0,136.0,144.6,138.2,141.1,140.9,131.5,136.4
TOPCOAT-0004,1353,22:33,145.9,132.9,129.6,146.5,136.8,136.5,145.4,138.2,142.9,143.2,131.7,137.2
TOPCOAT-0004,1354,22:34,147.1,132.8,134.0,147.3,136.6,136.2,145.4,138.7,141.1,142.2,129.7,138.7
TOPCOAT-0004,1355,22:35,147.3,135.2,132.3,146.2,137.0,136.1,144.7,139.2,141.7,141.9,129.9,135.9
TOPCOAT-0004,1356,22:36,146.9,135.3,132.2,145.8,138.1,135.5,146.3,137.8,142.7,142.1,129.6,135.9
TOPCOAT-0004,1357,22:37,147.5,133.8,132.9,147.8,137.1,135.7,144.1,138.6,140.8,143.0,131.7,138.2
TOPCOAT-0004,1358,22:38,146.8,134.7,132.7,147.2,136.8,135.8,144.2,138.5,142.7,144.2,130.0,136.8
TOPCOAT-0004,1359,22:39,145.8,135.2,130.9,147.1,136.6,136.6,144.5,138.7,141.8,142.4,131.3,137.9
TOPCOAT-0004,1360,22:40,147.3,133.7,132.5,147.2,137.8,136.1,145.3,137.8,142.8,142.5,130.8,136.7
TOPCOAT-0004,1361,22:41,145.5,133.0,133.1,148.4,137.6,135.9,145.7,136.8,139.5,141.9,130.3,135.4
TOPCOAT-0004,1362,22:42,146.7,135.8,132.0,147.8,137.6,137.0,145.0,136.2,141.4,142.4,131.0,135.8
TOPCOAT-0004,1363,22:43,147.1,134.3,132.3,145.9,138.2,134.1,145.7,138.1,140.5,141.6,131.6,137.1
TOPCOAT-0004,1364,22:44,144.9,133.4,131.7,147.5,136.5,135.7,146.0,137.6,143.6,141.3,130.5,135.9
TOPCOAT-0004,1365,22:45,146.5,133.9,132.2,146.5,138.3,135.7,144.5,137.3,140.9,141.2,129.5,136.2
TOPCOAT-0004,1366,22:46,146.6,136.5,133.6,146.4,136.2,136.6,146.3,137.6,141.4,142.7,129.5,135.3
TOPCOAT-0004,1367,22:47,147.9,135.3,132.4,148.8,136.7,136.9,144.9,137.8,142.1,143.2,129.3,136.1
TOPCOAT-0004,1368,22:48,147.7,134.5,133.0,147.2,137.9,136.9,145.5,137.9,141.6,143.1,131.6,136.9
TOPCOAT-0004,1369,22:49,146.4,133.8,133.1,146.4,137.0,136.1,144.8,138.2,143.6,142.7,131.4,136.4
TOPCOAT-0004,1370,22:50,146.2,135.9,131.1,147.8,137.9,136.8,145.5,138.1,140.3,140.7,130.1,136.9
TOPCOAT-0004,1371,22:51,146.8,134.2,130.9,144.9,137.3,136.0,144.8,137.5,140.6,141.6,130.1,136.7
TOPCOAT-0004,1372,22:52,146.4,134.4,133.6,147.4,135.8,136.4,146.1,139.3,143.0,142.8,131.6,137.1
TOPCOAT-0004,1373,22:53,146.6,134.7,132.7,147.2,139.6,135.2,145.5,139.6,140.1,142.0,132.5,135.1
TOPCOAT-0004,1374,22:54,147.1,133.3,131.8,146.1,137.3,136.5,145.4,138.0,141.2,141.3,130.4,138.0
TOPCOAT-0004,1375,22:55,144.4,135.8,132.9,146.2,136.3,134.5,144.4,138.4,140.5,142.2,130.8,137.1
TOPCOAT-0004,1376,22:56,145.4,135.5,132.2,146.0,136.9,136.7,143.9,138.2,142.5,141.2,132.6,136.9
TOPCOAT-0004,1377,22:57,145.3,133.6,131.3,147.2,136.0,136.5,144.6,137.9,141.6,142.6,129.3,135.8
TOPCOAT-0004,1378,22:58,146.5,136.2,131.2,148.3,136.6,135.7,146.0,138.2,140.8,140.8,131.5,137.4
TOPCOAT-0004,1379,22:59,146.6,134.6,132.3,147.5,138.0,136.2,144.1,139.7,142.5,143.1,130.1,137.6
TOPCOAT-0004,1380,23:00,147.9,134.6,133.0,147.5,138.3,137.3,145.0,139.3,141.1,141.8,130.8,136.0
TOPCOAT-0004,1381,23:01,148.0,135.5,131.5,146.7,136.3,136.9,144.1,136.6,142.0,140.9,130.5,136.5
TOPCOAT-0004,1382,23:02,145.8,134.9,132.1,147.0,137.4,136.6,146.6,136.5,140.9,141.7,130.7,136.8
TOPCOAT-0004,1383,23:03,146.2,133.5,132.3,146.9,135.6,135.7,146.5,137.6,141.1,141.7,130.4,135.7
TOPCOAT-0004,1384,23:04,145.1,134.4,131.2,147.9,137.5,136.2,144.2,139.5,140.6,143.5,130.6,137.7
TOPCOAT-0004,1385,23:05,146.5,135.1,133.0,147.7,137.9,135.3,143.4,138.2,142.0,142.1,130.8,137.2
TOPCOAT-0004,1386,23:06,146.4,135.1,134.4,146.3,137.1,137.6,144.5,139.0,140.9,141.2,130.3,136.4
TOPCOAT-0004,1387,23:07,146.4,136.8,132.9,146.9,138.6,136.6,145.2,136.2,141.0,142.4,131.9,136.4
TOPCOAT-0004,1388,23:08,146.3,135.3,131.2,146.2,135.9,136.8,144.5,137.8,141.3,142.3,130.8,136.5
TOPCOAT-0004,1389,23:09,146.0,134.1,131.5,146.7,136.3,134.8,144.9,137.7,140.2,141.6,132.0,138.4
TOPCOAT-0004,1390,23:10,146.5,135.2,131.4,146.8,137.5,134.9,144.0,138.6,141.9,142.2,129.5,137.7
TOPCOAT-0004,1391,23:11,146.6,133.7,130.9,146.5,136.4,135.6,144.0,137.7,140.9,140.6,130.9,137.4
TOPCOAT-0004,1392,23:12,146.1,135.9,132.5,146.4,139.1,135.7,145.4,137.7,142.2,142.3,131.4,136.2
TOPCOAT-0004,1393,23:13,145.8,134.6,132.2,146.5,138.0,136.8,144.4,138.3,140.9,142.3,131.3,137.9
TOPCOAT-0004,1394,23:14,147.7,134.5,132.3,147.1,136.3,137.1,144.8,139.4,142.0,141.6,130.4,135.0
TOPCOAT-0004,1395,23:15,146.4,135.6,132.1,146.4,136.1,136.7,146.4,138.4,141.8,141.5,130.2,137.0
TOPCOAT-0004,1396,23:16,145.9,133.4,131.3,145.5,136.0,135.6,143.8,136.6,141.9,141.4,131.4,137.7
TOPCOAT-0004,1397,23:17,146.7,135.0,132.8,144.2,136.7,135.2,143.9,139.7,141.6,141.7,130.6,136.8
TOPCOAT-0004,1398,23:18,146.0,134.9,131.5,144.5,137.6,136.0,144.4,138.1,141.3,140.8,130.5,137.7
TOPCOAT-0004,1399,23:19,145.8,134.3,131.2,146.1,138.9,136.3,145.6,139.2,141.1,142.4,132.4,135.9
TOPCOAT-0004,1400,23:20,146.8,135.7,132.6,147.1,136.7,136.5,145.2,137.5,142.4,141.9,129.1,137.3
TOPCOAT-0004,1401,23:21,148.5,135.5,132.6,146.8,137.1,135.9,147.2,138.3,140.5,141.9,129.8,137.0
TOPCOAT-0004,1402,23:22,147.0,135.5,132.1,145.9,136.9,136.5,144.3,138.3,142.2,142.2,130.5,137.2
TOPCOAT-0004,1403,23:23,147.7,135.2,131.6,145.9,137.2,136.6,145.4,138.3,140.5,140.7,131.2,136.6
TOPCOAT-0004,1404,23:24,146.4,135.0,131.9,145.7,138.0,136.4,145.8,136.0,140.8,142.6,130.3,136.3
TOPCOAT-0004,1405,23:25,147.8,133.1,132.6,146.6,136.5,136.4,145.7,138.7,142.5,142.0,131.9,136.7
TOPCOAT-0004,1406,23:26,146.4,133.4,132.6,146.0,136.7,136.7,144.9,138.7,143.0,140.8,131.1,137.0
TOPCOAT-0004,1407,23:27,147.6,133.3,130.6,147.2,136.9,137.2,145.6,138.8,142.4,141.3,130.8,136.6
TOPCOAT-0004,1408,23:28,146.1,134.9,133.7,145.4,137.4,136.4,143.9,137.9,140.5,141.5,130.8,136.4
TOPCOAT-0004,1409,23:29,147.8,134.2,131.2,145.9,136.4,137.1,144.2,137.1,141.0,142.6,132.2,136.9
TOPCOAT-0004,1410,23:30,147.2,134.3,132.5,147.9,136.6,136.0,145.0,139.1,140.4,142.0,131.5,137.6
TOPCOAT-0004,1411,23:31,147.7,136.1,131.2,148.5,137.7,136.9,143.8,139.0,141.4,142.0,131.6,137.3
TOPCOAT-0004,1412,23:32,146.7,135.8,134.5,145.4,138.6,136.1,144.9,138.7,142.3,142.9,131.0,137.3
TOPCOAT-0004,1413,23:33,146.9,132.9,131.7,146.9,136.6,136.4,144.5,138.2,141.4,142.4,130.6,135.7
TOPCOAT-0004,1414,23:34,148.8,134.9,131.9,147.4,136.8,135.0,144.8,138.3,141.0,142.0,130.5,136.3
TOPCOAT-0004,1415,23:35,145.9,135.8,132.2,146.6,137.2,136.3,143.6,137.4,142.9,140.7,131.7,137.0
TOPCOAT-0004,1416,23:36,147.1,134.0,131.0,144.5,138.1,136.5,144.5,137.8,141.8,141.1,128.7,137.7
TOPCOAT-0004,1417,23:37,146.8,135.4,132.3,146.4,137.9,136.6,145.6,138.1,140.5,142.3,131.6,137.4
TOPCOAT-0004,1418,23:38,147.3,134.5,132.5,146.6,136.9,136.3,146.0,137.6,141.6,141.6,130.5,138.4
TOPCOAT-0004,1419,23:39,146.9,135.7,131.1,147.0,135.7,134.2,144.9,138.4,141.5,140.5,130.3,137.0
TOPCOAT-0004,1420,23:40,147.4,134.4,131.3,146.3,135.4,136.7,146.0,138.1,141.7,142.6,133.0,137.0
TOPCOAT-0004,1421,23:41,146.6,135.2,132.0,145.7,137.5,136.5,145.8,137.2,141.6,142.0,130.7,136.6
TOPCOAT-0004,1422,23:42,146.8,135.2,133.1,146.1,137.4,135.1,144.8,138.4,141.2,141.6,131.0,138.0
TOPCOAT-0004,1423,23:43,147.8,135.7,130.4,145.5,138.2,134.0,145.0,138.1,139.9,140.2,130.9,136.7
TOPCOAT-0004,1424,23:44,147.5,134.5,133.4,147.5,137.8,136.7,145.3,137.4,140.0,143.0,130.4,135.6
TOPCOAT-0004,1425,23:45,145.2,134.5,131.9,147.2,137.6,136.8,144.7,137.9,141.3,142.2,131.6,137.7
TOPCOAT-0004,1426,23:46,145.9,134.6,131.6,146.6,137.6,135.8,145.1,137.7,139.7,141.8,130.6,137.7
TOPCOAT-0004,1427,23:47,147.7,133.6,132.8,145.6,136.6,137.4,144.5,136.3,141.7,141.0,130.5,136.5
TOPCOAT-0004,1428,23:48,146.7,135.3,131.9,147.3,137.7,136.4,146.1,138.3,141.6,143.4,130.0,136.4
TOPCOAT-0004,1429,23:49,146.5,134.1,129.7,146.2,137.3,134.9,145.4,139.5,140.6,141.2,131.2,136.8
TOPCOAT-0004,1430,23:50,146.9,135.3,132.0,146.0,137.3,136.9,143.3,138.1,142.4,144.0,131.1,136.1
TOPCOAT-0004,1431,23:51,147.8,133.6,131.5,147.5,137.5,136.6,144.1,138.1,141.8,142.5,128.9,138.3
TOPCOAT-0004,1432,23:52,147.8,135.0,132.4,146.6,136.2,137.4,145.6,136.3,142.1,142.3,130.8,136.3
TOPCOAT-0004,1433,23:53,146.3,135.5,132.7,145.8,136.0,136.9,145.8,137.7,143.0,142.1,131.9,136.4
TOPCOAT-0004,1434,23:54,146.2,134.2,132.9,147.2,136.2,138.4,145.3,135.5,139.5,142.1,130.8,135.4
TOPCOAT-0004,1435,23:55,147.4,135.0,132.9,146.0,137.7,135.7,146.3,137.4,142.0,140.4,132.3,137.4
TOPCOAT-0004,1436,23:56,146.5,134.4,131.8,145.9,137.0,135.4,144.9,138.3,141.0,141.5,128.3,135.5
TOPCOAT-0004,1437,23:57,146.9,133.0,131.1,147.4,137.9,137.0,145.6,139.1,142.2,141.7,130.8,136.6
TOPCOAT-0004,1438,23:58,148.0,135.0,133.3,148.8,137.3,135.8,146.4,138.4,142.3,141.8,130.8,137.4
TOPCOAT-0004,1439,23:59,145.3,134.4,132.4,146.0,137.0,136.2,145.3,138.5,142.6,141.3,131.1,137.2
TOPCOAT-0004,1440,24:00,145.0,135.1,132.0,146.6,136.6,135.0,145.2,138.6,143.2,141.8,130.1,135.7
TOPCOAT-0004,1441,24:01,147.2,135.7,132.5,147.3,137.4,136.6,145.6,137.6,142.2,143.6,130.6,137.0
TOPCOAT-0004,1442,24:02,147.0,134.4,133.4,145.9,137.4,136.1,146.4,137.9,141.6,139.5,130.2,137.4
TOPCOAT-0004,1443,24:03,148.3,132.2,131.0,145.6,137.6,135.5,145.3,137.9,140.9,142.6,130.4,137.4
TOPCOAT-0004,1444,24:04,145.7,134.2,132.1,146.7,137.9,135.1,144.0,136.4,140.6,142.9,131.2,136.2
TOPCOAT-0004,1445,24:05,147.3,135.9,131.4,147.4,138.7,136.3,143.2,137.8,141.6,142.8,131.0,137.1
TOPCOAT-0004,1446,24:06,146.3,134.9,132.6,146.7,137.4,137.3,144.2,137.5,143.1,142.9,130.7,136.7
TOPCOAT-0004,1447,24:07,145.7,133.7,132.5,146.4,137.5,134.7,143.6,136.7,142.1,142.6,132.0,136.7
TOPCOAT-0004,1448,24:08,147.4,135.1,133.4,147.0,135.6,136.1,147.3,137.2,140.8,141.3,130.5,135.9
TOPCOAT-0004,1449,24:09,147.1,134.2,132.0,146.7,136.8,137.0,146.9,138.0,143.0,142.0,129.9,138.0
TOPCOAT-0004,1450,24:10,147.4,134.5,132.4,146.1,138.1,135.5,144.8,138.4,142.1,141.0,130.3,136.7
TOPCOAT-0004,1451,24:11,147.7,136.3,132.3,146.2,136.7,137.2,144.7,138.8,141.6,141.0,132.6,135.7
TOPCOAT-0004,1452,24:12,146.4,135.1,131.3,147.8,136.6,135.9,144.1,138.4,140.0,142.1,130.6,137.3
TOPCOAT-0004,1453,24:13,146.1,135.3,131.1,145.4,135.7,135.9,145.0,135.6,141.4,141.4,130.1,136.5
TOPCOAT-0004,1454,24:14,145.3,134.0,131.8,149.1,136.7,138.2,144.5,137.5,142.2,141.2,132.5,137.3
TOPCOAT-0004,1455,24:15,146.3,135.1,130.8,147.5,136.6,136.5,144.4,138.3,142.0,140.4,133.0,136.2
TOPCOAT-0004,1456,24:16,148.0,134.3,132.5,147.1,136.5,136.8,144.6,137.0,141.1,142.3,131.1,136.5
TOPCOAT-0004,1457,24:17,148.0,134.4,132.9,146.8,136.3,136.5,143.5,138.2,141.0,141.4,130.5,138.0
TOPCOAT-0004,1458,24:18,145.7,134.3,132.2,147.2,136.1,138.0,144.6,138.2,142.3,141.6,130.4,136.3
TOPCOAT-0004,1459,24:19,146.2,133.8,131.5,148.7,137.4,138.0,144.8,137.6,141.8,141.2,129.9,135.9
TOPCOAT-0004,1460,24:20,146.0,135.5,131.7,147.0,137.7,136.5,143.9,138.9,140.8,141.9,131.2,134.8
TOPCOAT-0004,1461,24:21,147.5,134.3,132.0,146.5,136.1,137.2,144.9,136.6,141.7,141.1,130.4,136.6
TOPCOAT-0004,1462,24:22,147.6,133.8,131.0,146.3,138.0,136.6,144.5,137.5,139.2,140.4,130.0,136.3
TOPCOAT-0004,1463,24:23,146.6,135.5,132.6,146.6,138.2,136.7,144.9,137.0,141.2,143.3,131.6,137.8
TOPCOAT-0004,1464,24:24,146.4,135.8,133.9,145.9,137.8,137.4,143.7,138.4,139.3,140.8,130.8,136.9
TOPCOAT-0004,1465,24:25,146.3,134.8,133.2,146.1,136.5,136.0,145.1,138.1,142.3,143.1,132.5,137.4
TOPCOAT-0004,1466,24:26,147.3,136.4,132.3,148.1,135.9,136.1,145.3,137.9,141.9,141.4,130.7,136.4
TOPCOAT-0004,1467,24:27,147.0,134.5,132.3,146.1,137.4,136.2,144.9,138.7,141.7,141.3,131.5,136.5
TOPCOAT-0004,1468,24:28,147.0,132.4,131.8,148.4,137.7,136.9,145.2,138.9,140.8,141.2,130.8,136.3
TOPCOAT-0004,1469,24:29,147.6,132.0,132.7,147.1,137.2,136.4,144.4,138.2,142.9,141.1,130.1,138.2
TOPCOAT-0004,1470,24:30,146.5,134.3,132.9,146.1,136.4,135.9,144.6,139.7,141.7,142.9,130.4,137.2
TOPCOAT-0004,1471,24:31,147.0,134.5,133.0,144.1,136.2,136.8,144.2,138.3,142.9,140.9,131.5,135.9
TOPCOAT-0004,1472,24:32,148.0,134.9,132.1,147.0,137.2,134.8,145.0,139.4,143.5,142.5,130.2,136.5
TOPCOAT-0004,1473,24:33,146.1,135.4,132.9,147.2,138.1,136.0,144.8,138.9,140.2,141.8,131.3,136.0
TOPCOAT-0004,1474,24:34,147.8,135.2,133.1,147.5,137.2,136.0,143.9,139.3,142.6,141.9,131.1,137.1
TOPCOAT-0004,1475,24:35,145.8,135.2,133.2,147.5,137.4,135.6,144.4,137.8,141.5,142.1,130.5,137.2
TOPCOAT-0004,1476,24:36,147.0,132.3,132.2,146.9,137.8,134.9,144.6,138.5,141.1,142.4,130.9,136.5
TOPCOAT-0004,1477,24:37,145.6,133.9,132.4,148.4,138.8,136.6,144.1,137.0,141.3,141.6,130.0,136.3
TOPCOAT-0004,1478,24:38,146.8,134.6,132.5,144.9,137.8,136.3,144.5,137.6,140.4,142.8,129.0,137.0
TOPCOAT-0004,1479,24:39,147.2,134.8,132.9,147.2,138.4,137.5,145.7,137.9,140.4,142.6,131.0,136.2
TOPCOAT-0004,1480,24:40,148.4,134.9,132.7,146.8,136.6,136.3,143.8,138.6,141.5,141.6,130.3,136.6
TOPCOAT-0004,1481,24:41,147.9,134.3,132.2,147.3,136.6,136.1,145.1,137.6,140.7,142.9,129.9,136.6
TOPCOAT-0004,1482,24:42,147.1,134.8,131.8,146.0,136.7,137.3,144.3,137.8,141.4,142.5,132.4,136.9
TOPCOAT-0004,1483,24:43,146.0,134.1,132.5,147.3,137.5,136.5,143.8,137.5,141.9,144.1,130.0,136.9
TOPCOAT-0004,1484,24:44,148.0,135.3,131.0,145.7,137.9,135.7,144.4,139.1,140.6,140.6,130.0,136.5
TOPCOAT-0004,1485,24:45,146.1,134.5,132.7,147.0,138.0,137.4,144.1,137.5,139.8,141.1,129.8,136.5
TOPCOAT-0004,1486,24:46,146.1,134.4,132.7,146.6,137.4,135.5,144.1,138.7,141.5,141.7,131.7,136.0
TOPCOAT-0004,1487,24:47,147.5,134.4,130.9,145.5,136.7,135.5,145.8,137.0,141.8,141.5,132.0,137.6
TOPCOAT-0004,1488,24:48,145.6,136.1,132.3,147.9,138.4,136.9,144.6,136.8,141.2,141.3,130.8,138.0
TOPCOAT-0004,1489,24:49,147.8,133.7,132.8,146.6,135.9,137.0,145.2,136.6,139.1,141.9,131.0,137.2
TOPCOAT-0004,1490,24:50,146.4,134.6,131.5,146.7,135.3,136.5,144.4,137.9,141.1,143.0,130.5,137.1
TOPCOAT-0004,1491,24:51,146.8,134.0,133.6,147.4,136.3,136.0,142.7,138.6,140.9,140.9,130.3,137.5
TOPCOAT-0004,1492,24:52,147.6,134.4,132.8,146.1,137.3,138.4,145.9,138.6,141.6,140.6,130.7,135.7
TOPCOAT-0004,1493,24:53,146.8,135.2,132.3,145.6,136.9,136.7,146.8,137.2,144.3,141.4,129.6,134.6
TOPCOAT-0004,1494,24:54,145.1,134.6,131.9,147.1,137.3,134.4,144.3,138.2,140.8,141.4,130.7,137.3
TOPCOAT-0004,1495,24:55,146.7,135.6,132.5,147.3,136.7,136.0,144.2,137.8,141.7,140.6,130.8,137.2
TOPCOAT-0004,1496,24:56,147.2,135.3,132.2,147.4,136.5,134.8,146.3,139.0,141.8,141.5,129.9,137.6
TOPCOAT-0004,1497,24:57,145.5,135.8,131.8,146.7,136.8,137.9,144.8,138.0,141.8,142.5,129.9,135.8
TOPCOAT-0004,1498,24:58,147.3,134.7,132.0,146.9,136.7,137.6,145.5,138.6,142.8,141.4,130.4,136.7
TOPCOAT-0004,1499,24:59,147.2,134.0,132.7,146.7,136.2,136.1,145.1,139.2,141.3,140.5,132.1,137.7
TOPCOAT-0004,1500,25:00,146.2,134.8,131.2,147.1,137.2,136.1,144.9,138.5,140.4,143.4,130.6,136.5
TOPCOAT-0004,1501,25:01,146.7,134.5,131.8,148.2,136.6,136.3,146.0,138.1,141.5,143.9,131.1,136.6
TOPCOAT-0004,1502,25:02,146.4,134.0,133.7,146.5,137.7,135.1,144.8,138.2,141.8,143.6,129.8,136.6
TOPCOAT-0004,1503,25:03,147.4,135.0,132.8,146.9,138.0,136.1,146.8,137.5,140.6,142.1,132.3,138.1
TOPCOAT-0004,1504,25:04,146.9,134.1,129.6,146.7,137.3,136.4,145.0,138.4,142.4,140.9,130.1,137.7
TOPCOAT-0004,1505,25:05,146.3,134.6,134.4,148.0,138.9,135.4,143.1,137.7,142.4,141.5,130.7,136.8
TOPCOAT-0004,1506,25:06,146.7,134.6,132.0,146.6,137.8,136.6,145.4,137.3,140.3,140.6,131.7,136.7
TOPCOAT-0004,1507,25:07,147.3,134.8,132.8,146.7,138.4,136.7,145.0,137.1,140.7,141.0,131.6,137.0
TOPCOAT-0004,1508,25:08,146.8,133.8,132.4,147.4,138.0,135.6,144.7,136.8,140.2,142.5,130.3,138.0
TOPCOAT-0004,1509,25:09,145.9,133.4,132.8,147.7,137.8,137.6,144.2,136.9,141.0,141.3,129.7,137.7
TOPCOAT-0004,1510,25:10,145.4,133.4,132.7,146.4,136.9,135.5,145.5,137.0,141.2,142.8,130.6,136.2
TOPCOAT-0004,1511,25:11,145.3,135.0,131.1,148.2,138.4,135.7,145.0,139.5,140.2,139.8,131.3,137.8
TOPCOAT-0004,1512,25:12,146.2,133.7,131.6,147.6,136.8,136.3,145.2,137.9,140.5,141.3,132.1,136.9
TOPCOAT-0004,1513,25:13,146.1,135.3,132.3,148.0,137.0,136.8,145.5,137.2,142.4,141.8,131.6,136.5
TOPCOAT-0004,1514,25:14,147.2,133.6,132.5,147.5,138.5,135.9,145.1,136.6,141.3,142.2,130.1,135.5
TOPCOAT-0004,1515,25:15,146.8,135.2,130.9,145.9,137.1,135.0,146.8,135.7,141.9,142.3,130.1,137.4
TOPCOAT-0004,1516,25:16,146.5,134.2,133.0,147.7,136.1,135.9,145.7,137.3,140.4,142.1,130.4,136.8
TOPCOAT-0004,1517,25:17,145.4,134.1,133.4,147.6,136.0,136.1,145.5,137.5,140.9,142.8,131.8,135.8
TOPCOAT-0004,1518,25:18,147.2,133.9,131.2,147.7,137.2,135.6,144.8,138.5,141.1,141.7,130.8,136.2
TOPCOAT-0004,1519,25:19,148.2,134.4,131.4,147.1,136.6,135.1,146.0,136.2,141.6,141.4,130.7,137.7
TOPCOAT-0004,1520,25:20,147.3,134.2,132.2,147.7,136.3,136.1,146.1,138.4,140.4,142.6,132.1,137.0
TOPCOAT-0004,1521,25:21,147.4,134.2,132.0,145.7,136.9,136.8,146.1,137.8,140.8,142.2,130.2,136.9
TOPCOAT-0004,1522,25:22,145.3,134.4,131.8,146.2,138.1,136.8,146.3,138.1,143.1,141.2,131.5,135.8
TOPCOAT-0004,1523,25:23,147.0,136.1,134.0,146.9,137.4,137.6,145.2,137.5,140.2,142.3,131.3,135.3
TOPCOAT-0004,1524,25:24,146.3,135.1,131.7,147.6,135.7,136.8,145.9,138.5,141.2,140.5,130.9,134.2
TOPCOAT-0004,1525,25:25,145.6,135.0,133.5,147.6,136.9,135.8,145.5,136.8,141.6,141.0,130.9,138.4
TOPCOAT-0004,1526,25:26,145.9,133.1,132.6,147.3,137.4,135.6,145.4,138.2,141.7,141.5,129.5,136.4
TOPCOAT-0004,1527,25:27,148.2,134.8,130.4,146.5,135.5,136.7,146.0,137.9,141.0,141.6,131.3,137.3
TOPCOAT-0004,1528,25:28,147.3,134.4,132.5,147.4,137.7,136.0,144.5,136.2,142.1,141.7,131.7,137.8
TOPCOAT-0004,1529,25:29,148.3,136.8,132.2,146.4,137.0,134.5,143.5,138.7,142.2,140.8,130.2,136.9
TOPCOAT-0004,1530,25:30,146.8,133.5,131.1,148.1,137.0,137.6,144.3,138.7,141.7,141.4,132.0,136.7
TOPCOAT-0004,1531,25:31,146.7,134.8,132.6,147.6,137.5,135.8,145.7,138.2,141.3,141.3,132.0,137.2
TOPCOAT-0004,1532,25:32,147.5,134.2,133.1,147.2,137.7,135.7,144.0,139.2,141.3,142.8,131.4,136.0
TOPCOAT-0004,1533,25:33,148.9,134.6,132.6,148.1,136.2,137.0,144.2,137.8,141.0,142.4,129.9,136.6
TOPCOAT-0004,1534,25:34,145.5,134.7,131.3,146.4,136.9,136.3,145.8,137.3,141.7,142.7,131.7,134.8
TOPCOAT-0004,1535,25:35,146.3,134.6,132.0,146.8,136.8,134.5,146.0,137.1,141.2,141.5,129.6,135.9
TOPCOAT-0004,1536,25:36,146.8,134.7,131.7,147.2,137.7,136.7,146.4,137.5,141.7,141.7,130.3,136.9
TOPCOAT-0004,1537,25:37,146.3,133.3,133.2,146.8,135.6,135.7,145.4,138.8,140.1,141.8,130.3,137.4
TOPCOAT-0004,1538,25:38,145.7,134.2,133.7,147.1,136.5,134.6,144.8,138.1,141.1,141.9,131.0,137.2
TOPCOAT-0004,1539,25:39,147.0,135.3,132.6,145.3,137.1,136.1,144.9,139.1,141.7,141.6,130.6,137.2
TOPCOAT-0004,1540,25:40,146.0,135.5,131.8,145.7,137.8,137.4,144.0,138.0,141.9,142.6,132.4,137.9
TOPCOAT-0004,1541,25:41,147.3,133.9,131.0,145.8,137.5,135.8,144.8,138.3,141.3,142.3,128.7,137.3
TOPCOAT-0004,1542,25:42,147.6,134.9,131.7,147.1,136.4,136.4,145.0,138.5,142.3,141.3,131.8,138.1
TOPCOAT-0004,1543,25:43,144.9,133.4,132.1,147.4,137.7,135.5,144.2,138.3,141.9,141.5,132.4,136.0
TOPCOAT-0004,1544,25:44,147.7,132.6,132.5,146.2,135.6,135.0,145.9,137.7,141.3,141.6,131.2,137.6
TOPCOAT-0004,1545,25:45,146.7,134.3,132.2,146.8,136.4,136.2,144.5,137.9,142.4,140.7,131.5,137.1
TOPCOAT-0004,1546,25:46,147.0,134.2,132.5,146.2,137.6,136.8,144.0,137.9,141.9,140.6,130.6,136.3
TOPCOAT-0004,1547,25:47,145.6,134.5,132.3,146.3,137.2,136.6,144.6,138.9,140.9,141.5,130.7,136.2
TOPCOAT-0004,1548,25:48,146.0,136.3,131.4,146.2,135.3,136.9,144.6,138.6,141.9,141.7,129.4,137.2
TOPCOAT-0004,1549,25:49,147.8,135.6,132.6,146.1,136.1,137.0,144.1,138.2,142.4,141.8,130.4,137.5
TOPCOAT-0004,1550,25:50,148.0,135.6,132.2,147.0,136.5,136.4,145.4,138.4,142.6,142.6,130.8,136.6
TOPCOAT-0004,1551,25:51,147.2,134.4,133.3,147.8,136.1,136.4,144.0,137.4,141.4,141.5,130.3,136.8
TOPCOAT-0004,1552,25:52,147.1,135.6,133.0,147.0,136.9,136.0,144.3,138.6,141.6,140.6,131.5,136.8
TOPCOAT-0004,1553,25:53,146.9,134.2,133.8,148.6,137.1,134.9,146.2,137.0,140.9,142.1,129.8,138.0
TOPCOAT-0004,1554,25:54,145.7,136.1,132.3,147.1,137.4,137.1,145.1,139.3,140.8,143.6,131.2,134.8
TOPCOAT-0004,1555,25:55,147.5,135.8,131.9,148.1,137.1,135.4,145.7,137.3,141.3,140.4,130.8,137.2
TOPCOAT-0004,1556,25:56,145.7,134.7,132.9,147.5,135.3,135.6,144.3,137.7,141.8,142.7,131.3,137.5
TOPCOAT-0004,1557,25:57,146.5,135.3,133.4,147.1,136.3,135.0,144.5,137.9,142.3,142.4,130.6,135.9
TOPCOAT-0004,1558,25:58,146.4,133.9,132.8,147.1,138.7,136.4,145.9,137.2,141.2,143.3,130.8,136.7
TOPCOAT-0004,1559,25:59,147.4,134.6,131.5,146.3,139.6,136.6,144.7,138.9,141.8,142.3,131.9,137.7
TOPCOAT-0004,1560,26:00,146.8,134.5,131.8,146.4,138.2,134.9,144.7,137.6,141.6,143.4,130.9,137.4
TOPCOAT-0004,1561,26:01,145.8,134.2,132.6,146.8,137.6,135.6,144.6,138.7,140.9,142.1,132.1,136.1
TOPCOAT-0004,1562,26:02,145.8,134.2,132.3,147.1,137.2,135.8,142.6,138.1,142.5,142.0,131.3,137.2
TOPCOAT-0004,1563,26:03,145.9,133.5,131.1,148.0,136.3,137.6,144.4,138.2,142.0,141.0,130.9,135.7
TOPCOAT-0004,1564,26:04,146.7,133.6,132.4,146.8,137.1,136.2,144.9,138.0,141.5,142.1,131.3,137.6
TOPCOAT-0004,1565,26:05,146.2,134.3,133.9,146.5,137.3,135.4,144.9,138.3,139.9,142.4,129.9,136.5
TOPCOAT-0004,1566,26:06,147.7,136.4,134.0,146.2,134.7,137.5,144.5,137.2,140.4,142.3,131.0,136.7
TOPCOAT-0004,1567,26:07,146.6,135.3,133.1,147.7,136.7,134.8,144.9,137.6,141.1,142.1,131.2,136.2
TOPCOAT-0004,1568,26:08,147.0,134.4,132.3,146.3,137.5,137.2,145.5,136.6,139.7,141.6,129.8,136.9
TOPCOAT-0004,1569,26:09,146.3,132.6,132.1,147.2,137.8,135.9,144.6,138.6,140.8,141.0,131.4,137.6
TOPCOAT-0004,1570,26:10,146.8,134.7,132.0,146.0,137.1,135.4,144.2,137.4,142.3,142.5,130.2,136.1
TOPCOAT-0004,1571,26:11,146.0,132.9,133.5,146.4,138.2,135.1,145.4,138.2,141.8,142.1,131.6,137.2
TOPCOAT-0004,1572,26:12,146.9,135.8,133.3,146.2,137.3,136.2,144.0,138.7,141.2,140.9,131.0,136.8
TOPCOAT-0004,1573,26:13,147.1,133.2,132.2,146.0,137.7,135.0,145.1,138.3,141.1,143.2,130.8,137.2
TOPCOAT-0004,1574,26:14,147.3,134.0,131.9,147.4,138.5,136.7,144.7,139.4,142.7,141.6,131.0,136.7
TOPCOAT-0004,1575,26:15,147.3,135.5,133.0,146.1,137.1,136.6,145.7,138.8,140.1,140.3,131.7,137.0
TOPCOAT-0004,1576,26:16,147.4,134.3,131.9,146.4,137.3,137.8,146.0,136.3,142.6,143.7,131.5,136.4
TOPCOAT-0004,1577,26:17,146.7,133.7,133.3,147.6,137.9,135.9,145.2,138.0,142.6,142.6,130.6,135.4
TOPCOAT-0004,1578,26:18,145.4,134.5,133.2,147.6,136.9,135.3,144.2,138.0,142.0,141.9,130.0,136.3
TOPCOAT-0004,1579,26:19,145.2,134.2,132.6,147.2,136.8,135.7,145.6,138.4,141.3,141.9,132.5,135.8
TOPCOAT-0004,1580,26:20,145.9,135.5,131.9,145.9,138.5,136.2,144.1,138.4,141.6,142.9,131.6,136.8
TOPCOAT-0004,1581,26:21,148.0,136.2,131.5,147.5,136.8,137.3,145.6,138.7,141.3,143.0,130.7,137.1
TOPCOAT-0004,1582,26:22,147.1,134.2,132.2,146.2,137.1,138.3,145.0,137.5,140.6,141.1,131.5,136.4
TOPCOAT-0004,1583,26:23,146.7,136.2,131.8,148.4,137.2,135.9,145.1,138.8,142.5,141.5,130.8,135.9
TOPCOAT-0004,1584,26:24,146.8,134.4,132.4,145.1,136.8,137.1,145.2,135.8,141.8,140.8,131.7,137.4
TOPCOAT-0004,1585,26:25,146.2,135.4,133.0,146.5,138.5,137.4,144.1,137.6,142.8,141.4,131.2,137.2
TOPCOAT-0004,1586,26:26,146.9,135.7,132.4,146.5,137.0,136.1,145.3,138.0,142.1,142.9,130.4,137.5
TOPCOAT-0004,1587,26:27,147.1,133.4,132.5,145.8,136.9,137.1,144.0,137.3,142.7,142.4,130.3,136.3
TOPCOAT-0004,1588,26:28,148.6,136.3,132.8,146.1,136.4,136.9,145.0,137.6,139.7,141.6,130.4,136.6
TOPCOAT-0004,1589,26:29,146.1,134.7,133.0,146.8,137.6,134.3,145.7,135.7,142.0,141.9,131.2,136.3
TOPCOAT-0004,1590,26:30,146.8,134.5,133.4,147.5,138.0,136.5,146.3,138.9,141.7,141.4,130.3,136.4
TOPCOAT-0004,1591,26:31,146.8,133.5,132.7,147.1,135.7,137.3,145.3,138.2,141.8,141.5,131.6,136.8
TOPCOAT-0004,1592,26:32,146.2,133.8,133.3,147.0,136.6,135.3,144.9,137.5,142.3,141.6,128.6,138.1
TOPCOAT-0004,1593,26:33,147.7,135.4,132.1,147.7,138.0,135.6,143.9,139.6,141.7,141.4,130.4,135.4
TOPCOAT-0004,1594,26:34,146.8,134.7,133.6,147.0,135.9,137.0,144.6,136.0,141.7,141.8,130.9,135.1
TOPCOAT-0004,1595,26:35,146.6,134.2,133.2,147.7,137.3,136.9,144.7,138.5,141.8,141.7,130.3,136.5
TOPCOAT-0004,1596,26:36,145.6,132.9,131.0,147.2,137.5,136.0,145.1,137.9,140.9,142.4,132.3,138.0
TOPCOAT-0004,1597,26:37,146.4,132.5,133.1,146.8,136.7,136.6,144.3,137.6,141.6,142.9,130.0,138.4
TOPCOAT-0004,1598,26:38,145.6,136.5,132.4,147.0,137.3,136.7,143.5,137.3,140.6,142.5,130.0,136.4
TOPCOAT-0004,1599,26:39,146.4,135.6,131.8,148.7,137.0,135.4,145.0,138.7,142.4,140.6,129.9,136.0
TOPCOAT-0004,1600,26:40,145.5,134.0,132.0,147.2,135.4,135.7,145.5,136.7,141.9,139.6,130.4,136.7
TOPCOAT-0004,1601,26:41,146.4,134.0,129.5,146.7,138.8,136.5,144.1,138.2,141.9,141.9,129.7,136.8
TOPCOAT-0004,1602,26:42,146.3,134.9,131.2,146.6,135.1,137.0,145.9,137.3,141.7,140.8,131.6,134.8
TOPCOAT-0004,1603,26:43,147.5,134.8,131.1,147.5,137.5,135.9,146.0,138.3,143.3,142.7,130.3,136.1
TOPCOAT-0004,1604,26:44,147.2,133.6,131.9,147.1,137.7,135.9,144.8,137.6,140.7,142.0,128.8,136.6
TOPCOAT-0004,1605,26:45,147.3,136.7,132.8,147.1,136.3,137.1,143.6,138.1,140.9,143.1,132.0,136.9
TOPCOAT-0004,1606,26:46,146.8,135.7,132.2,148.4,136.8,136.7,144.3,138.4,140.4,144.4,130.0,137.3
TOPCOAT-0004,1607,26:47,146.5,135.1,132.2,146.4,136.8,136.1,144.5,139.7,141.1,142.2,130.6,136.6
TOPCOAT-0004,1608,26:48,146.2,134.5,132.3,147.3,136.8,135.2,144.9,138.4,143.1,139.5,130.3,135.8
TOPCOAT-0004,1609,26:49,146.3,134.6,131.8,147.3,137.2,136.7,144.1,138.4,140.9,140.5,131.7,136.5
TOPCOAT-0004,1610,26:50,146.7,135.3,130.0,145.8,138.4,136.2,145.5,137.9,141.2,142.2,131.0,135.1
TOPCOAT-0004,1611,26:51,149.0,134.1,130.8,148.1,137.6,136.4,145.3,137.3,142.3,140.9,130.5,139.2
TOPCOAT-0004,1612,26:52,147.3,134.4,132.6,146.3,137.5,135.6,144.9,137.5,140.3,140.9,128.8,135.0
TOPCOAT-0004,1613,26:53,147.0,134.1,131.6,145.0,136.1,136.5,144.7,138.6,142.6,141.2,131.8,136.9
TOPCOAT-0004,1614,26:54,148.0,133.3,132.2,146.4,137.3,136.7,144.8,138.2,141.4,142.4,131.1,136.6
TOPCOAT-0004,1615,26:55,147.4,135.8,133.9,146.4,137.7,135.7,144.3,138.2,142.1,141.6,131.2,136.4
TOPCOAT-0004,1616,26:56,145.4,135.7,132.7,146.9,137.6,136.0,144.2,137.1,141.4,141.6,131.8,135.3
TOPCOAT-0004,1617,26:57,146.4,132.7,132.9,146.5,137.0,137.0,144.6,139.5,141.7,142.9,130.0,136.6
TOPCOAT-0004,1618,26:58,147.1,134.8,132.8,146.3,136.9,137.7,144.7,138.4,141.4,142.0,131.2,137.0
TOPCOAT-0004,1619,26:59,146.6,134.0,133.4,147.2,138.4,135.5,144.9,138.5,140.4,140.4,130.3,136.8
TOPCOAT-0004,1620,27:00,146.5,133.6,133.2,146.1,136.7,137.0,144.8,138.0,141.9,141.1,130.1,136.1
TOPCOAT-0004,1621,27:01,144.8,134.8,131.4,146.6,135.7,136.0,144.3,137.4,142.5,142.5,131.1,136.7
TOPCOAT-0004,1622,27:02,148.1,134.7,133.2,146.0,138.6,136.9,144.9,139.2,141.3,142.0,131.3,137.4
TOPCOAT-0004,1623,27:03,146.5,134.3,133.1,147.1,137.4,136.6,144.8,138.3,140.5,141.0,131.6,136.9
TOPCOAT-0004,1624,27:04,147.1,134.3,131.5,146.3,136.6,137.7,143.7,137.8,142.6,142.2,129.9,135.2
TOPCOAT-0004,1625,27:05,147.3,136.2,130.7,146.8,136.2,137.2,142.8,137.3,142.1,141.6,131.0,137.3
TOPCOAT-0004,1626,27:06,146.6,133.5,130.9,146.5,138.4,136.1,146.8,138.9,140.7,143.1,131.3,137.0
TOPCOAT-0004,1627,27:07,146.0,135.8,133.3,147.0,137.8,135.8,144.7,138.8,140.6,141.8,131.4,137.6
TOPCOAT-0004,1628,27:08,147.9,134.4,132.1,146.0,137.6,135.5,145.4,137.2,142.8,142.1,129.5,136.4
TOPCOAT-0004,1629,27:09,145.9,135.4,131.3,147.6,135.5,136.0,146.5,137.8,141.4,142.9,131.2,136.4
TOPCOAT-0004,1630,27:10,145.1,132.9,133.6,145.3,137.4,135.6,143.8,139.1,140.6,141.9,130.3,135.5
TOPCOAT-0004,1631,27:11,146.6,135.2,131.7,146.1,135.7,134.9,144.3,137.2,141.6,141.2,130.6,137.0
TOPCOAT-0004,1632,27:12,147.3,134.6,134.2,146.1,137.5,136.4,146.2,139.3,141.4,142.7,130.8,136.5
TOPCOAT-0004,1633,27:13,146.8,133.6,130.8,146.3,135.9,135.9,145.1,139.5,143.0,142.1,129.7,136.4
TOPCOAT-0004,1634,27:14,145.4,134.4,131.5,147.2,136.6,137.8,146.3,137.2,141.7,140.8,131.5,136.2
TOPCOAT-0004,1635,27:15,147.3,135.0,134.6,146.4,137.8,136.7,145.2,137.0,142.4,141.0,130.9,137.9
TOPCOAT-0004,1636,27:16,145.8,134.0,132.1,147.3,135.1,134.8,145.7,137.9,140.4,141.5,131.1,136.6
TOPCOAT-0004,1637,27:17,145.9,133.4,132.0,147.9,138.5,136.7,146.3,136.6,141.9,139.4,130.4,135.7
TOPCOAT-0004,1638,27:18,146.4,135.2,132.5,145.9,135.9,137.3,143.6,138.2,140.8,142.8,131.0,137.6
TOPCOAT-0004,1639,27:19,146.7,133.6,131.9,145.9,135.7,135.9,145.4,138.4,141.9,141.4,131.0,135.7
TOPCOAT-0004,1640,27:20,147.5,134.1,132.8,146.5,137.1,137.6,145.2,138.3,141.6,140.9,131.1,137.5
TOPCOAT-0004,1641,27:21,144.7,134.6,131.8,146.2,137.0,137.4,143.0,137.4,141.4,141.2,132.0,136.5
TOPCOAT-0004,1642,27:22,147.2,136.3,132.1,147.4,137.5,137.3,144.7,137.9,141.5,142.7,130.4,136.2
TOPCOAT-0004,1643,27:23,146.5,133.9,133.6,149.3,136.9,136.8,144.6,137.9,142.2,143.0,131.0,136.3
TOPCOAT-0004,1644,27:24,146.8,133.6,131.1,147.3,136.2,136.2,144.1,138.6,142.0,141.3,131.4,136.6
TOPCOAT-0004,1645,27:25,147.7,134.5,130.8,147.4,137.0,136.2,144.4,139.1,140.7,140.4,130.6,137.1
TOPCOAT-0004,1646,27:26,146.1,135.2,133.5,146.0,136.9,136.9,143.8,138.3,141.4,142.8,130.1,137.7
TOPCOAT-0004,1647,27:27,147.2,133.6,132.1,147.7,137.1,136.6,143.8,138.4,140.9,142.2,130.7,137.0
TOPCOAT-0004,1648,27:28,146.9,133.2,132.8,146.8,136.2,136.7,144.2,136.5,142.7,142.2,131.0,137.5
TOPCOAT-0004,1649,27:29,146.8,134.1,131.9,146.2,135.9,136.3,144.9,137.9,143.3,140.3,131.1,136.9
TOPCOAT-0004,1650,27:30,147.8,136.1,131.9,147.9,137.8,135.9,145.7,137.4,141.6,141.4,130.1,136.9
TOPCOAT-0004,1651,27:31,147.8,134.1,132.4,147.8,136.1,136.9,145.1,137.4,140.6,140.8,130.5,136.7
TOPCOAT-0004,1652,27:32,145.9,135.5,130.7,146.9,137.0,136.3,145.4,137.6,141.2,141.2,130.0,137.6
TOPCOAT-0004,1653,27:33,146.7,134.7,132.7,147.3,138.8,136.3,144.7,136.6,142.5,141.8,130.9,136.0
TOPCOAT-0004,1654,27:34,146.1,132.6,133.1,146.7,137.7,135.2,144.3,137.9,141.1,142.9,131.5,136.1
TOPCOAT-0004,1655,27:35,145.6,135.3,133.0,147.3,137.0,135.1,143.9,137.7,141.7,141.7,131.2,137.3
TOPCOAT-0004,1656,27:36,146.9,134.1,131.0,148.1,138.0,136.5,145.5,138.8,141.8,142.5,130.0,137.2
TOPCOAT-0004,1657,27:37,146.6,135.3,133.6,147.2,137.2,134.6,145.4,137.9,141.6,143.2,131.0,136.3
TOPCOAT-0004,1658,27:38,148.7,135.7,132.7,146.4,137.4,135.8,145.3,137.7,141.1,143.0,130.4,137.8
TOPCOAT-0004,1659,27:39,146.1,135.2,131.6,147.5,137.3,134.4,144.7,136.8,142.5,141.5,131.7,137.9
TOPCOAT-0004,1660,27:40,147.0,134.9,131.0,147.1,134.7,137.1,145.3,137.0,142.9,142.0,130.8,137.1
TOPCOAT-0004,1661,27:41,146.3,132.8,131.5,147.7,137.1,135.8,145.6,138.2,141.7,142.7,131.3,137.7
TOPCOAT-0004,1662,27:42,146.5,133.6,133.1,147.3,137.3,136.6,145.3,137.9,141.2,143.6,130.6,136.5
TOPCOAT-0004,1663,27:43,146.9,135.0,132.9,147.8,136.1,136.6,145.7,136.0,142.0,141.7,131.7,137.5
TOPCOAT-0004,1664,27:44,148.5,133.4,131.9,146.9,137.4,136.2,145.2,138.9,142.9,142.1,132.0,136.7
TOPCOAT-0004,1665,27:45,146.8,133.1,131.9,147.5,139.5,136.5,144.3,137.8,141.5,142.5,130.1,136.5
TOPCOAT-0004,1666,27:46,146.8,134.6,130.6,146.5,137.9,137.2,145.5,138.7,142.5,143.1,131.1,137.5
TOPCOAT-0004,1667,27:47,146.2,133.7,134.1,146.4,135.1,135.9,145.3,137.8,142.2,142.7,131.0,137.4
TOPCOAT-0004,1668,27:48,148.1,134.4,132.7,147.1,137.6,135.6,142.8,138.7,141.2,142.8,130.8,136.8
TOPCOAT-0004,1669,27:49,147.5,133.3,133.0,146.2,135.0,135.6,145.4,138.3,141.1,143.3,130.3,137.1
TOPCOAT-0004,1670,27:50,147.2,136.8,131.6,147.1,137.1,136.8,145.4,137.5,140.2,142.1,131.5,136.3
TOPCOAT-0004,1671,27:51,146.8,135.2,133.2,146.0,138.2,135.4,145.6,138.4,142.3,141.3,130.9,136.7
TOPCOAT-0004,1672,27:52,147.6,135.0,132.2,146.5,136.8,135.8,144.3,137.6,140.3,141.4,131.3,137.5
TOPCOAT-0004,1673,27:53,145.6,134.3,131.8,149.0,135.7,135.1,145.6,139.0,141.6,142.1,129.9,136.0
TOPCOAT-0004,1674,27:54,147.1,134.8,132.9,146.5,136.5,136.0,142.8,139.7,140.3,141.3,131.3,136.8
TOPCOAT-0004,1675,27:55,145.9,134.7,133.6,146.4,136.6,135.8,144.3,137.0,142.2,141.9,130.8,137.4
TOPCOAT-0004,1676,27:56,146.3,134.2,132.6,145.3,136.7,136.2,145.9,136.2,141.7,142.7,131.7,135.8
TOPCOAT-0004,1677,27:57,146.3,134.0,132.3,147.1,135.4,136.5,145.4,138.8,141.9,141.3,130.5,136.1
TOPCOAT-0004,1678,27:58,144.4,133.2,131.5,146.3,136.9,135.6,145.5,137.4,141.8,140.9,131.1,136.4
TOPCOAT-0004,1679,27:59,147.6,135.0,132.7,146.3,136.6,134.6,145.7,136.9,141.0,141.4,130.5,136.5
TOPCOAT-0004,1680,28:00,146.9,134.4,132.3,146.1,137.8,134.5,145.4,138.7,140.7,141.1,130.1,136.4
TOPCOAT-0004,1681,28:01,146.0,135.8,132.0,147.4,137.5,135.8,142.5,138.3,141.5,142.7,130.2,136.7
TOPCOAT-0004,1682,28:02,145.5,135.0,132.5,147.0,137.3,135.2,145.8,138.8,142.0,142.4,130.8,136.9
TOPCOAT-0004,1683,28:03,148.4,137.4,132.3,147.3,137.7,137.1,143.9,137.9,140.4,143.0,132.6,137.0
TOPCOAT-0004,1684,28:04,146.6,134.5,130.7,147.3,136.9,136.4,145.0,136.9,141.1,141.7,131.1,135.3
TOPCOAT-0004,1685,28:05,146.7,134.3,132.2,147.1,139.4,136.6,145.3,138.9,141.0,141.5,130.6,137.3
TOPCOAT-0004,1686,28:06,146.8,133.6,132.3,147.2,135.1,136.4,144.2,138.3,140.7,142.1,130.6,137.6
TOPCOAT-0004,1687,28:07,146.8,133.0,132.7,146.9,136.6,135.2,145.7,137.8,142.4,140.8,129.8,135.7
TOPCOAT-0004,1688,28:08,146.6,134.8,132.8,145.7,137.5,136.2,144.6,139.0,142.7,142.9,130.1,135.2
TOPCOAT-0004,1689,28:09,146.8,134.2,130.0,147.1,136.1,135.8,143.6,137.8,140.9,142.5,130.9,136.9
TOPCOAT-0004,1690,28:10,147.7,134.6,131.6,146.6,137.8,135.0,145.4,138.6,141.9,140.2,130.7,136.9
TOPCOAT-0004,1691,28:11,147.8,133.9,131.0,148.1,137.9,136.4,145.1,138.0,140.9,143.2,129.0,138.6
TOPCOAT-0004,1692,28:12,146.7,134.8,133.8,145.1,137.8,136.8,144.8,137.7,141.4,142.6,130.3,135.6
TOPCOAT-0004,1693,28:13,146.4,134.9,132.3,147.9,137.3,134.7,144.7,137.2,143.1,142.3,132.3,137.0
TOPCOAT-0004,1694,28:14,145.3,135.1,133.2,146.4,137.5,136.4,142.8,137.2,140.4,141.6,130.7,136.5
TOPCOAT-0004,1695,28:15,146.4,134.9,132.8,147.5,137.9,137.2,144.5,138.6,141.4,142.6,131.5,136.9
TOPCOAT-0004,1696,28:16,148.1,134.4,130.3,146.6,136.0,136.8,143.2,138.4,142.8,142.7,129.4,136.0
TOPCOAT-0004,1697,28:17,147.4,133.8,132.3,145.5,138.1,135.3,145.0,137.8,141.7,142.6,131.4,138.3
TOPCOAT-0004,1698,28:18,144.9,132.8,131.9,146.4,136.2,135.8,145.6,138.2,142.1,140.7,130.6,137.0
TOPCOAT-0004,1699,28:19,146.2,133.4,132.9,146.6,137.4,136.1,145.2,138.7,141.8,141.9,131.2,135.0
TOPCOAT-0004,1700,28:20,145.2,134.5,132.1,146.6,138.5,135.9,145.2,137.1,141.8,141.8,131.1,137.7
TOPCOAT-0004,1701,28:21,146.6,133.8,132.0,145.7,138.8,134.6,145.3,138.8,141.9,142.2,131.5,135.3
TOPCOAT-0004,1702,28:22,146.4,134.7,133.4,147.4,138.0,137.7,144.9,137.4,140.8,141.7,130.5,137.2
TOPCOAT-0004,1703,28:23,145.6,133.4,133.7,148.0,135.1,136.5,144.1,136.8,140.8,140.6,132.3,136.4
TOPCOAT-0004,1704,28:24,146.4,135.1,134.7,145.2,137.5,135.9,144.4,137.9,141.8,141.3,130.5,138.2
TOPCOAT-0004,1705,28:25,147.5,134.7,133.7,147.7,136.3,134.1,146.3,138.5,141.7,140.0,130.5,137.2
TOPCOAT-0004,1706,28:26,145.8,134.8,133.4,148.5,138.1,137.5,145.5,137.1,141.1,140.7,130.1,136.9
TOPCOAT-0004,1707,28:27,146.7,135.4,133.6,147.7,136.6,135.4,145.6,137.5,141.8,139.5,130.0,138.1
TOPCOAT-0004,1708,28:28,147.3,134.8,133.3,146.7,136.7,135.5,143.3,137.2,139.5,139.1,131.0,135.0
TOPCOAT-0004,1709,28:29,148.5,134.9,132.2,148.2,137.1,136.9,145.0,137.8,140.1,139.6,130.7,136.1
TOPCOAT-0004,1710,28:30,146.5,135.0,132.2,146.7,135.7,135.8,144.8,137.5,140.7,139.5,131.7,137.9
TOPCOAT-0004,1711,28:31,146.2,134.0,132.8,146.6,135.2,138.3,146.0,137.8,140.4,138.4,129.3,136.8
TOPCOAT-0004,1712,28:32,146.5,133.6,132.4,146.0,136.6,136.9,143.7,137.7,139.4,138.7,129.8,137.5
TOPCOAT-0004,1713,28:33,146.8,133.4,131.2,145.5,137.3,135.3,144.4,138.0,140.2,138.6,128.9,137.3
TOPCOAT-0004,1714,28:34,146.5,133.4,131.7,145.0,136.6,135.4,144.9,139.3,139.4,138.1,129.0,135.1
TOPCOAT-0004,1715,28:35,147.1,132.0,131.6,145.0,136.1,136.1,145.3,138.0,139.2,139.6,128.4,137.0
TOPCOAT-0004,1716,28:36,145.8,132.6,130.7,145.4,138.1,136.3,146.2,139.0,138.2,137.2,128.4,135.7
TOPCOAT-0004,1717,28:37,146.6,131.8,129.5,144.9,136.0,136.7,144.5,137.4,138.4,138.0,128.6,137.2
TOPCOAT-0004,1718,28:38,146.9,133.0,130.1,143.7,135.5,135.9,145.0,138.2,139.5,137.2,127.1,137.2
TOPCOAT-0004,1719,28:39,146.9,131.9,130.2,143.9,138.2,134.9,144.0,137.9,138.3,137.0,127.9,136.6
TOPCOAT-0004,1720,28:40,147.0,131.6,129.6,144.2,136.9,136.0,145.1,137.4,137.6,137.2,127.5,136.3
TOPCOAT-0004,1721,28:41,145.7,130.3,129.2,143.6,138.4,136.9,144.2,138.8,137.3,135.7,127.0,137.1
TOPCOAT-0004,1722,28:42,145.2,131.4,129.6,143.6,136.7,135.0,144.4,137.5,137.8,135.7,127.0,138.3
TOPCOAT-0004,1723,28:43,146.5,131.5,128.6,142.7,136.5,134.7,146.3,138.8,136.8,136.2,126.1,136.0
TOPCOAT-0004,1724,28:44,146.5,130.7,128.3,142.9,135.7,136.8,143.2,137.8,136.3,135.8,126.4,136.9
TOPCOAT-0004,1725,28:45,146.7,130.3,128.8,141.9,136.6,136.9,145.8,138.3,136.5,134.9,126.4,137.9
TOPCOAT-0004,1726,28:46,146.4,130.1,128.3,142.1,137.6,136.5,144.3,137.0,135.6,134.9,125.8,136.1
TOPCOAT-0004,1727,28:47,145.7,130.0,127.5,141.8,137.2,136.7,144.8,138.4,136.3,134.3,126.2,135.8
TOPCOAT-0004,1728,28:48,145.1,130.0,127.9,141.5,137.2,135.5,144.7,138.0,135.1,133.9,126.3,135.8
TOPCOAT-0004,1729,28:49,145.3,128.8,127.5,141.3,136.2,136.2,145.2,136.9,134.8,134.4,125.0,136.8
TOPCOAT-0004,1730,28:50,144.7,128.6,127.1,140.2,137.6,134.7,146.3,139.8,134.6,134.0,124.7,136.0
TOPCOAT-0004,1731,28:51,144.7,128.6,127.8,141.1,137.7,138.1,144.6,136.2,133.8,133.6,124.0,135.6
TOPCOAT-0004,1732,28:52,144.9,127.9,126.6,140.8,137.6,136.9,145.0,137.2,133.2,133.5,123.7,135.0
TOPCOAT-0004,1733,28:53,144.9,127.7,127.6,140.1,138.2,135.4,144.7,136.3,133.6,133.0,124.3,135.6
TOPCOAT-0004,1734,28:54,144.3,127.9,126.4,139.3,135.4,136.8,144.1,137.9,133.9,132.5,124.7,134.8
TOPCOAT-0004,1735,28:55,145.0,127.8,125.9,139.7,138.6,135.5,144.7,138.4,132.9,131.9,123.1,135.9
TOPCOAT-0004,1736,28:56,144.4,127.0,125.9,138.8,135.5,136.8,143.7,139.1,132.2,131.8,123.4,134.9
TOPCOAT-0004,1737,28:57,142.5,125.8,125.1,138.6,137.3,136.4,145.2,137.9,133.4,131.4,122.4,134.6
TOPCOAT-0004,1738,28:58,142.1,126.1,124.8,139.1,137.5,136.6,146.2,137.8,131.5,132.0,123.5,134.7
TOPCOAT-0004,1739,28:59,142.6,125.8,126.3,138.4,139.0,135.8,146.1,137.8,133.1,131.3,122.1,133.7
TOPCOAT-0004,1740,29:00,142.9,126.1,123.6,138.2,137.5,136.0,144.8,137.8,132.7,129.7,122.6,133.8
TOPCOAT-0004,1741,29:01,142.9,125.9,124.4,137.8,137.2,136.9,145.3,136.1,131.7,130.9,121.7,133.6
TOPCOAT-0004,1742,29:02,141.4,125.4,124.1,136.9,137.1,136.8,144.0,137.2,131.6,130.3,121.6,132.9
TOPCOAT-0004,1743,29:03,141.0,125.2,123.9,137.5,136.2,135.6,144.2,135.6,131.4,130.6,122.2,132.2
TOPCOAT-0004,1744,29:04,141.9,124.3,122.4,138.1,136.6,135.6,144.7,135.2,131.3,130.3,121.0,132.6
TOPCOAT-0004,1745,29:05,140.9,124.1,123.3,137.1,136.0,135.2,143.6,136.4,131.4,131.1,121.4,131.3
TOPCOAT-0004,1746,29:06,140.5,124.3,123.8,136.5,135.7,135.3,142.9,136.3,130.5,130.4,119.5,132.2
TOPCOAT-0004,1747,29:07,140.5,123.9,122.3,136.9,135.4,135.2,142.8,135.3,130.0,129.0,120.0,132.0
TOPCOAT-0004,1748,29:08,140.1,124.5,122.8,136.1,135.0,135.5,142.0,135.0,130.5,128.6,120.3,131.2
TOPCOAT-0004,1749,29:09,139.7,123.6,123.1,135.5,135.5,133.5,142.1,134.1,130.5,128.8,119.9,131.2
TOPCOAT-0004,1750,29:10,139.7,123.9,122.8,135.8,134.8,134.0,142.0,133.5,128.8,128.7,119.6,131.1
TOPCOAT-0004,1751,29:11,140.1,123.2,122.8,135.4,134.8,133.6,141.5,133.7,129.1,129.2,119.9,130.6
TOPCOAT-0004,1752,29:12,139.0,122.9,121.6,135.5,134.1,133.6,141.4,133.0,128.7,128.2,119.4,130.9
TOPCOAT-0004,1753,29:13,139.6,123.8,122.0,134.2,134.0,133.2,141.4,133.4,127.4,127.3,119.1,130.2
TOPCOAT-0004,1754,29:14,139.0,123.1,121.3,134.3,133.7,132.8,141.7,132.6,128.1,127.8,118.8,129.9
TOPCOAT-0004,1755,29:15,138.5,122.3,121.0,134.4,133.2,133.8,140.5,132.2,128.0,127.7,118.9,129.9
TOPCOAT-0004,1756,29:16,139.1,121.8,121.1,134.4,132.9,132.2,139.9,131.8,128.4,127.9,117.7,129.7
TOPCOAT-0004,1757,29:17,138.2,121.2,121.4,133.7,132.4,131.0,140.2,131.6,127.7,127.6,118.5,129.6
TOPCOAT-0004,1758,29:18,138.7,121.7,120.7,133.0,132.3,130.7,139.2,131.1,127.5,127.1,117.6,128.8
TOPCOAT-0004,1759,29:19,137.3,121.4,120.6,132.6,132.7,131.5,138.8,131.2,127.0,126.8,117.2,128.9
TOPCOAT-0004,1760,29:20,137.1,120.3,119.9,133.8,132.0,131.1,138.5,131.2,126.7,125.7,116.8,128.9
TOPCOAT-0004,1761,29:21,137.6,120.9,119.6,133.1,131.8,130.7,137.4,130.9,126.8,125.6,117.0,128.0
TOPCOAT-0004,1762,29:22,137.7,121.1,119.8,131.9,131.4,130.0,137.4,130.6,126.4,125.5,117.7,128.3
TOPCOAT-0004,1763,29:23,136.8,121.5,119.1,132.1,130.7,129.5,137.9,130.3,126.6,124.5,116.4,128.0
TOPCOAT-0004,1764,29:24,137.0,120.1,120.1,131.0,131.5,129.0,136.8,130.9,125.6,125.2,115.8,126.9
TOPCOAT-0004,1765,29:25,135.1,119.9,118.8,130.8,130.0,130.2,136.3,130.1,125.9,124.8,116.5,127.5
TOPCOAT-0004,1766,29:26,136.7,119.9,119.2,132.2,130.4,128.7,136.9,128.9,124.6,125.1,115.7,127.6
TOPCOAT-0004,1767,29:27,135.2,120.0,118.4,131.2,130.5,129.4,136.6,129.1,124.5,124.9,116.0,127.0
TOPCOAT-0004,1768,29:28,135.9,119.4,118.2,129.9,129.6,128.8,135.8,129.4,125.8,124.4,115.7,127.5
TOPCOAT-0004,1769,29:29,135.4,119.3,118.6,130.9,128.8,128.6,135.2,128.4,123.6,124.2,115.3,126.4
TOPCOAT-0004,1770,29:30,135.0,119.7,117.2,130.2,129.5,127.8,135.7,128.2,123.4,123.3,115.4,126.3
TOPCOAT-0004,1771,29:31,135.1,119.5,117.4,130.6,129.3,128.1,134.8,127.5,123.9,123.5,115.7,126.1
TOPCOAT-0004,1772,29:32,134.2,118.1,117.0,129.4,128.4,126.9,135.2,128.0,124.6,123.6,114.6,126.6
TOPCOAT-0004,1773,29:33,133.9,118.4,116.7,129.9,128.6,127.6,133.1,127.2,124.3,124.3,115.1,125.9
TOPCOAT-0004,1774,29:34,133.8,117.8,117.5,129.1,127.8,126.8,133.9,126.8,123.7,123.0,114.5,126.5
TOPCOAT-0004,1775,29:35,134.5,117.5,117.1,128.7,126.9,126.3,134.3,127.3,122.9,121.8,114.1,124.7
TOPCOAT-0004,1776,29:36,133.3,116.7,116.2,128.4,127.3,126.0,133.5,126.8,123.5,121.5,113.1,125.8
TOPCOAT-0004,1777,29:37,132.9,117.3,115.8,129.1,126.3,125.6,132.5,126.1,123.6,121.5,113.9,124.9
TOPCOAT-0004,1778,29:38,133.4,118.3,116.3,128.1,126.7,125.3,132.5,127.0,122.7,121.8,113.2,124.7
TOPCOAT-0004,1779,29:39,132.6,117.0,115.1,128.0,125.9,125.3,133.6,126.0,122.4,121.6,112.7,124.6
TOPCOAT-0004,1780,29:40,133.1,116.5,115.8,128.3,127.1,125.1,132.5,125.7,122.2,122.5,113.1,124.2
TOPCOAT-0004,1781,29:41,132.5,116.3,114.8,127.1,125.6,124.3,132.1,124.6,121.9,122.1,112.6,124.5
TOPCOAT-0004,1782,29:42,131.9,115.4,114.9,127.4,125.3,124.5,131.8,125.3,121.6,121.7,112.6,122.7
TOPCOAT-0004,1783,29:43,131.6,116.6,114.8,126.7,124.5,123.8,131.1,124.2,121.5,120.7,112.9,123.6
TOPCOAT-0004,1784,29:44,132.1,115.9,115.8,126.7,125.4,124.8,131.2,123.9,121.8,121.5,112.0,123.0
TOPCOAT-0004,1785,29:45,131.0,116.3,113.4,126.4,125.0,122.7,130.4,124.0,121.0,119.9,112.6,123.4
TOPCOAT-0004,1786,29:46,130.9,114.9,114.3,126.5,124.4,123.5,130.0,123.3,120.5,120.1,110.5,123.0
TOPCOAT-0004,1787,29:47,130.8,114.8,113.8,125.9,125.6,123.6,130.6,123.2,120.9,119.9,111.6,123.4
TOPCOAT-0004,1788,29:48,130.0,113.9,113.8,126.2,123.9,122.7,130.2,124.1,120.0,120.3,111.0,121.8
TOPCOAT-0004,1789,29:49,130.8,114.2,114.3,125.1,123.5,123.5,129.5,123.5,119.6,119.5,111.1,122.1
TOPCOAT-0004,1790,29:50,130.3,113.7,114.0,125.7,124.6,122.9,129.0,122.7,119.4,118.3,110.3,122.2
TOPCOAT-0004,1791,29:51,130.6,113.9,113.8,125.1,123.6,122.6,129.5,122.5,119.4,118.4,111.1,121.6
TOPCOAT-0004,1792,29:52,129.6,114.2,112.7,125.9,123.4,122.0,128.7,123.0,119.6,118.9,109.8,121.7
TOPCOAT-0004,1793,29:53,130.2,113.9,111.5,124.7,122.8,120.7,128.9,122.6,118.7,117.5,110.2,120.9
TOPCOAT-0004,1794,29:54,129.8,113.0,113.4,124.5,123.0,121.4,127.9,122.0,119.0,118.6,110.0,121.2
TOPCOAT-0004,1795,29:55,129.0,112.7,112.6,124.5,122.3,121.3,127.9,121.8,119.0,118.1,109.5,120.9
TOPCOAT-0004,1796,29:56,128.9,113.1,111.1,123.4,122.3,120.8,127.6,121.4,117.9,117.6,108.7,120.3
TOPCOAT-0004,1797,29:57,129.2,112.6,113.0,123.6,121.5,119.9,127.5,121.1,118.3,117.8,108.5,120.3
TOPCOAT-0004,1798,29:58,128.3,112.0,111.7,123.8,121.8,120.4,127.3,121.0,117.9,117.5,109.8,120.9
TOPCOAT-0004,1799,29:59,127.9,112.5,110.8,122.7,121.5,118.9,127.3,120.9,118.2,118.0,109.0,120.8
TOPCOAT-0004,1800,30:00,128.4,111.6,111.7,122.7,119.9,120.2,126.6,120.2,118.0,117.7,109.0,120.1
TOPCOAT-0004,1801,30:01,128.4,112.1,109.6,123.0,120.1,119.0,126.1,120.3,117.9,116.4,107.5,119.6
TOPCOAT-0004,1802,30:02,128.0,111.5,111.2,122.2,119.8,119.7,126.1,119.1,117.7,116.3,108.2,119.4
TOPCOAT-0004,1803,30:03,127.1,111.5,110.5,121.9,120.1,119.3,125.7,120.1,116.4,117.2,108.4,119.5
TOPCOAT-0004,1804,30:04,127.6,110.4,110.8,121.3,119.7,119.2,124.8,119.8,115.5,116.5,107.9,118.8
TOPCOAT-0004,1805,30:05,127.1,111.1,110.0,121.8,120.2,119.1,125.6,119.1,116.0,115.7,107.8,118.6
TOPCOAT-0004,1806,30:06,126.6,110.9,110.3,122.0,119.6,118.5,124.3,119.2,117.2,116.0,106.4,118.9
TOPCOAT-0004,1807,30:07,127.1,111.5,110.7,122.8,118.9,117.8,124.5,118.1,116.7,115.9,106.8,118.3
TOPCOAT-0004,1808,30:08,125.8,110.3,110.0,121.4,117.9,117.2,124.8,119.1,115.2,115.4,107.5,118.1
TOPCOAT-0004,1809,30:09,126.4,110.6,109.8,121.7,118.1,116.7,123.7,118.4,115.8,115.4,107.2,118.2
TOPCOAT-0004,1810,30:10,126.9,109.5,109.3,120.3,117.8,117.2,123.4,117.3,115.5,114.6,106.1,118.2
TOPCOAT-0004,1811,30:11,125.9,110.5,108.6,121.0,117.6,117.0,122.9,117.4,115.9,115.4,105.1,117.3
TOPCOAT-0004,1812,30:12,125.5,108.8,108.4,120.3,117.9,117.4,122.7,118.0,114.3,115.1,106.6,118.1
TOPCOAT-0004,1813,30:13,124.5,108.9,107.9,119.6,117.6,116.3,123.1,117.6,114.5,113.0,106.2,116.4
TOPCOAT-0004,1814,30:14,124.9,109.7,108.1,120.0,118.3,116.2,123.1,116.1,114.0,114.9,105.3,117.1
TOPCOAT-0004,1815,30:15,125.1,108.1,109.0,119.4,115.9,115.4,122.6,117.5,114.6,114.9,105.7,117.3
TOPCOAT-0004,1816,30:16,123.7,108.4,108.2,119.7,116.4,115.6,122.1,116.7,113.9,113.3,105.2,117.0
TOPCOAT-0004,1817,30:17,123.3,107.8,107.6,119.4,116.5,115.4,122.4,116.6,113.3,114.1,103.5,116.9
TOPCOAT-0004,1818,30:18,124.5,108.7,106.4,118.0,116.6,115.0,122.8,116.0,113.2,111.9,105.4,116.1
TOPCOAT-0004,1819,30:19,123.4,107.8,106.6,117.7,116.5,114.7,121.7,116.0,112.9,113.0,105.5,115.9
TOPCOAT-0004,1820,30:20,123.4,107.5,107.3,118.3,115.2,114.5,121.2,115.2,112.3,112.6,104.8,115.7
TOPCOAT-0004,1821,30:21,123.6,107.1,106.8,118.6,115.6,114.7,120.9,115.3,112.4,111.9,105.3,116.5
TOPCOAT-0004,1822,30:22,123.3,107.2,107.1,118.4,115.7,114.1,120.5,115.0,112.8,112.4,103.9,114.2
TOPCOAT-0004,1823,30:23,122.6,107.6,107.4,118.1,116.0,114.6,120.9,114.9,113.7,112.3,103.3,115.1
TOPCOAT-0004,1824,30:24,122.8,106.7,107.4,117.7,114.5,112.9,120.0,114.4,112.8,112.7,103.0,114.9
TOPCOAT-0004,1825,30:25,122.3,106.5,107.0,117.5,114.3,113.7,119.8,114.2,112.3,112.5,103.8,115.4
TOPCOAT-0004,1826,30:26,122.1,105.9,106.5,116.9,115.0,113.1,119.1,114.0,111.8,111.9,104.2,115.4
TOPCOAT-0004,1827,30:27,122.5,106.6,105.9,116.2,114.4,113.4,120.2,114.9,112.1,111.5,102.9,115.2
TOPCOAT-0004,1828,30:28,122.7,106.8,105.9,116.3,113.9,113.0,119.6,114.0,111.9,110.9,102.5,114.0
TOPCOAT-0004,1829,30:29,121.6,105.7,106.3,116.6,114.1,112.5,118.7,113.3,110.2,111.6,102.7,114.0
TOPCOAT-0004,1830,30:30,120.7,105.4,107.0,116.5,113.3,112.7,117.6,113.7,110.8,110.6,102.5,114.9
TOPCOAT-0004,1831,30:31,120.9,105.5,104.7,116.6,113.8,112.6,118.4,112.8,110.5,110.9,102.6,113.5
TOPCOAT-0004,1832,30:32,120.9,105.6,104.7,115.9,112.5,111.8,117.5,112.6,110.9,111.4,102.7,114.5
TOPCOAT-0004,1833,30:33,121.1,105.9,105.2,115.4,112.5,111.2,117.9,112.5,109.8,109.3,102.0,113.6
TOPCOAT-0004,1834,30:34,119.8,104.5,104.9,114.7,113.4,111.5,117.1,112.8,111.5,110.7,101.4,112.0
TOPCOAT-0004,1835,30:35,120.5,105.4,105.0,114.7,111.8,110.6,118.4,112.2,109.4,109.8,100.8,112.3
TOPCOAT-0004,1836,30:36,120.0,104.2,104.5,115.0,112.0,111.7,116.0,112.4,110.4,110.1,101.7,112.9
TOPCOAT-0004,1837,30:37,120.6,105.5,105.3,114.5,111.5,111.5,116.8,111.8,109.6,110.6,101.5,111.3
TOPCOAT-0004,1838,30:38,119.3,103.3,103.1,113.8,111.4,109.8,115.4,111.1,109.7,109.2,101.0,111.6
TOPCOAT-0004,1839,30:39,118.8,103.3,104.0,113.4,111.3,111.0,115.2,111.8,109.3,109.4,100.0,111.0
TOPCOAT-0004,1840,30:40,118.9,103.3,102.9,114.3,111.6,110.3,116.1,109.8,108.4,108.6,100.8,111.4
TOPCOAT-0004,1841,30:41,119.4,102.6,103.9,114.6,110.3,109.7,115.5,110.5,108.7,108.1,101.3,112.1
TOPCOAT-0004,1842,30:42,118.4,103.9,103.9,113.1,111.2,109.6,115.7,110.8,109.3,108.9,99.2,112.5
TOPCOAT-0004,1843,30:43,118.0,103.4,103.9,113.6,110.8,109.9,114.2,110.6,109.0,107.5,100.9,112.2
TOPCOAT-0004,1844,30:44,119.2,103.2,103.3,113.4,110.3,109.4,115.1,109.8,108.2,108.2,100.2,111.8
TOPCOAT-0004,1845,30:45,118.1,102.6,101.4,112.9,109.8,108.6,116.4,110.3,107.9,107.6,99.0,110.7
TOPCOAT-0004,1846,30:46,118.3,103.1,102.4,112.6,109.7,108.3,114.7,110.6,108.5,107.3,98.6,111.0
TOPCOAT-0004,1847,30:47,118.3,101.9,101.8,112.2,108.6,109.5,114.4,110.9,107.5,108.2,99.9,110.8
TOPCOAT-0004,1848,30:48,118.4,102.7,102.7,112.3,110.1,108.5,114.7,109.0,107.5,107.0,98.8,110.9
TOPCOAT-0004,1849,30:49,117.3,102.3,102.4,112.2,110.1,107.3,113.3,108.8,107.2,107.4,99.7,110.1
TOPCOAT-0004,1850,30:50,117.5,101.7,102.4,111.9,108.8,107.9,113.2,108.3,106.9,106.9,98.8,110.4
TOPCOAT-0004,1851,30:51,116.2,101.8,101.8,111.4,109.1,108.4,113.3,109.4,106.5,106.5,100.1,109.0
TOPCOAT-0004,1852,30:52,116.9,102.1,102.0,111.3,109.0,107.9,112.8,109.2,106.9,106.8,98.2,109.7
TOPCOAT-0004,1853,30:53,116.4,100.9,100.8,111.7,108.6,107.0,113.7,108.2,106.7,105.1,98.4,109.7
TOPCOAT-0004,1854,30:54,116.8,100.8,101.8,111.3,108.0,107.9,112.2,108.4,106.5,106.6,97.7,109.5
TOPCOAT-0004,1855,30:55,116.4,101.2,100.9,110.5,107.4,107.1,112.8,107.6,106.2,105.9,98.1,108.7
TOPCOAT-0004,1856,30:56,116.6,100.0,101.0,110.7,106.2,106.2,111.9,107.6,105.5,105.5,97.3,108.9
TOPCOAT-0004,1857,30:57,116.1,100.6,100.3,110.3,107.4,106.0,112.5,107.8,105.5,105.3,98.3,108.3
TOPCOAT-0004,1858,30:58,115.9,101.2,100.4,110.1,108.1,106.7,110.5,107.1,106.2,106.0,97.1,109.7
TOPCOAT-0004,1859,30:59,115.7,99.9,99.8,110.2,106.4,105.1,111.9,106.2,105.0,104.8,97.8,109.1
TOPCOAT-0004,1860,31:00,115.1,99.6,100.3,110.2,106.9,106.5,111.2,107.0,105.5,104.1,96.9,108.5
TOPCOAT-0004,1861,31:01,116.2,100.0,100.6,109.7,106.4,105.9,110.8,107.0,104.4,104.4,97.6,107.7
TOPCOAT-0004,1862,31:02,115.0,99.2,99.5,109.5,106.2,104.8,110.1,105.6,104.3,104.4,96.5,107.5
TOPCOAT-0004,1863,31:03,115.0,99.2,100.3,110.5,106.2,105.2,111.4,105.0,103.9,104.6,96.9,107.2
TOPCOAT-0004,1864,31:04,115.2,98.5,99.6,109.4,105.9,104.7,110.0,105.5,104.7,104.7,96.0,107.6
TOPCOAT-0004,1865,31:05,114.7,99.0,99.8,109.1,105.4,105.4,110.5,105.6,104.4,104.1,96.3,107.8
TOPCOAT-0004,1866,31:06,114.0,100.1,98.7,108.1,106.0,104.7,110.1,105.4,104.5,103.3,96.2,107.9
TOPCOAT-0004,1867,31:07,113.1,98.9,98.8,108.3,105.3,104.6,109.6,104.9,104.4,103.4,95.8,106.9
TOPCOAT-0004,1868,31:08,113.7,99.1,98.1,108.8,104.9,104.3,109.4,105.2,103.4,102.7,95.9,106.8
TOPCOAT-0004,1869,31:09,114.0,99.4,99.2,108.2,105.9,104.3,108.3,104.7,104.4,103.0,95.2,107.6
TOPCOAT-0004,1870,31:10,113.6,98.0,99.2,107.7,105.0,103.3,109.0,104.2,102.1,103.6,95.5,106.5
TOPCOAT-0004,1871,31:11,113.0,97.9,98.4,108.1,105.3,103.7,107.9,104.9,102.5,102.9,95.4,106.6
TOPCOAT-0004,1872,31:12,112.9,97.1,98.6,107.7,104.8,102.6,107.6,104.2,102.2,102.3,95.2,105.7
TOPCOAT-0004,1873,31:13,112.4,97.3,98.2,107.3,104.0,102.2,108.2,104.8,102.8,102.2,94.4,105.8
TOPCOAT-0004,1874,31:14,111.8,97.8,98.1,107.4,103.7,103.9,107.5,104.2,102.8,103.1,95.0,105.7
TOPCOAT-0004,1875,31:15,112.3,96.9,97.8,106.8,103.8,102.9,109.0,102.9,102.5,101.7,95.0,105.9
TOPCOAT-0004,1876,31:16,111.4,96.8,98.3,106.8,103.8,103.1,107.5,103.3,101.5,101.9,94.0,105.9
TOPCOAT-0004,1877,31:17,111.9,97.4,96.8,106.4,103.8,102.3,106.9,103.5,101.9,100.8,92.6,104.6
TOPCOAT-0004,1878,31:18,111.5,96.2,96.5,106.3,102.5,102.4,106.9,103.4,101.8,101.6,94.4,105.0
TOPCOAT-0004,1879,31:19,112.2,96.4,97.6,106.5,103.4,101.4,106.7,102.6,102.0,101.8,93.9,104.2
TOPCOAT-0004,1880,31:20,111.1,95.3,96.5,105.6,102.3,101.2,106.3,103.0,101.2,100.4,93.2,104.9
TOPCOAT-0004,1881,31:21,110.8,97.3,96.5,105.4,102.4,101.7,107.3,102.3,102.5,100.4,93.5,104.5
TOPCOAT-0004,1882,31:22,111.4,96.1,95.9,105.8,103.0,102.6,106.2,102.2,101.6,100.9,93.6,103.9
TOPCOAT-0004,1883,31:23,110.4,96.1,96.0,105.6,101.7,101.2,106.7,102.4,100.5,100.8,93.2,104.0
TOPCOAT-0004,1884,31:24,110.6,96.0,96.7,104.7,102.9,101.2,105.3,101.6,101.2,100.7,91.6,104.2
TOPCOAT-0004,1885,31:25,110.4,95.9,96.1,105.3,101.3,99.4,105.4,101.4,101.1,100.3,92.9,103.8
TOPCOAT-0004,1886,31:26,110.4,95.7,95.8,105.3,100.7,101.0,104.8,100.8,100.4,99.8,93.4,103.3
TOPCOAT-0004,1887,31:27,110.4,95.1,94.3,104.5,101.5,99.2,103.8,101.4,100.2,100.6,92.9,103.4
TOPCOAT-0004,1888,31:28,110.0,95.5,95.7,104.4,101.2,100.7,104.4,101.7,100.2,100.8,92.7,103.3
TOPCOAT-0004,1889,31:29,110.0,94.9,95.3,104.8,100.7,100.4,104.4,101.2,99.9,101.1,92.6,102.8
TOPCOAT-0004,1890,31:30,109.5,94.4,94.1,104.2,100.7,99.9,105.1,101.1,99.7,100.6,91.6,102.9
TOPCOAT-0004,1891,31:31,109.9,94.7,94.4,103.5,100.5,99.4,103.9,100.7,99.1,98.8,91.5,103.2
TOPCOAT-0004,1892,31:32,108.8,93.8,93.5,103.6,100.4,99.7,103.6,100.1,99.5,99.5,92.7,101.7
TOPCOAT-0004,1893,31:33,109.1,93.5,93.9,103.5,99.9,99.5,103.5,99.3,99.3,98.8,91.8,102.5
TOPCOAT-0004,1894,31:34,109.5,94.6,94.6,103.5,99.6,97.6,103.6,100.8,98.9,99.5,92.1,102.5
TOPCOAT-0004,1895,31:35,109.0,92.9,94.6,103.5,100.7,98.0,103.0,100.6,98.6,99.1,91.6,102.5
TOPCOAT-0004,1896,31:36,108.6,93.4,93.1,103.8,99.3,98.5,103.5,99.1,98.4,97.9,91.4,101.6
TOPCOAT-0004,1897,31:37,108.5,93.5,94.3,104.1,99.8,98.4,103.0,99.4,98.4,98.2,91.1,101.9
TOPCOAT-0004,1898,31:38,107.9,92.6,94.7,102.1,98.6,99.0,102.8,99.3,97.8,98.6,91.5,101.6
TOPCOAT-0004,1899,31:39,107.7,93.6,93.1,102.0,100.1,98.3,103.0,99.3,97.6,98.4,89.5,101.5
TOPCOAT-0004,1900,31:40,108.4,93.6,93.6,101.6,98.6,98.0,102.6,98.3,98.3,98.1,90.1,101.4
TOPCOAT-0004,1901,31:41,108.2,92.7,93.3,101.9,99.2,98.1,101.5,98.2,97.4,98.6,90.8,102.1
TOPCOAT-0004,1902,31:42,107.4,92.8,93.0,103.0,97.8,97.1,102.0,98.7,96.7,96.2,90.4,100.4
TOPCOAT-0004,1903,31:43,106.9,92.5,92.7,101.6,98.6,97.1,101.6,98.1,97.2,97.8,89.6,99.9
TOPCOAT-0004,1904,31:44,107.3,92.8,92.5,101.6,97.8,95.7,100.8,98.0,97.3,96.9,89.1,101.4
TOPCOAT-0004,1905,31:45,107.7,92.6,92.3,102.4,97.8,96.8,101.7,97.9,97.1,98.1,89.8,100.1
TOPCOAT-0004,1906,31:46,107.1,92.0,92.5,101.4,98.2,95.9,101.6,97.6,97.4,96.5,88.8,100.7
TOPCOAT-0004,1907,31:47,106.8,93.0,92.1,100.9,98.1,96.3,101.0,96.6,96.2,96.7,89.7,100.2
TOPCOAT-0004,1908,31:48,106.0,92.0,92.1,100.5,97.3,95.9,101.0,96.7,96.3,95.7,89.3,99.6
TOPCOAT-0004,1909,31:49,106.4,91.3,92.0,101.3,96.7,95.3,100.4,97.5,96.8,95.9,88.8,99.5
TOPCOAT-0004,1910,31:50,106.7,91.8,92.9,102.0,97.1,95.7,100.2,97.6,96.7,96.0,89.2,100.1
TOPCOAT-0004,1911,31:51,106.0,91.4,91.7,98.9,96.6,96.0,99.5,96.8,97.1,96.9,88.5,99.4
TOPCOAT-0004,1912,31:52,106.3,91.8,90.3,100.3,96.8,95.2,99.1,96.4,95.7,97.2,89.0,100.1
TOPCOAT-0004,1913,31:53,105.6,90.1,92.4,99.2,96.4,95.2,99.4,97.0,95.5,95.8,87.8,99.8
TOPCOAT-0004,1914,31:54,104.6,90.3,91.4,100.9,95.7,94.9,99.2,96.7,95.4,95.3,88.0,98.5
TOPCOAT-0004,1915,31:55,105.9,91.5,92.2,97.9,95.7,94.3,99.2,96.4,94.9,96.2,87.4,98.8
TOPCOAT-0004,1916,31:56,105.2,90.5,90.9,98.4,95.9,94.4,98.7,96.3,94.9,96.0,88.6,98.6
TOPCOAT-0004,1917,31:57,105.8,91.1,90.6,100.1,95.4,95.4,99.1,95.4,94.9,95.0,86.9,99.2
TOPCOAT-0004,1918,31:58,105.1,90.0,90.5,99.6,95.6,94.1,98.2,95.3,95.8,95.5,87.3,99.5
TOPCOAT-0004,1919,31:59,104.7,89.4,89.5,99.1,95.1,93.9,98.7,95.9,95.6,95.4,87.2,98.1
TOPCOAT-0004,1920,32:00,103.3,90.6,89.5,98.4,95.4,94.6,98.8,94.0,94.1,94.0,87.2,98.5
TOPCOAT-0004,1921,32:01,104.7,90.2,90.2,98.3,94.7,94.3,98.9,94.9,95.5,95.8,87.4,97.4
TOPCOAT-0004,1922,32:02,103.9,89.4,91.3,99.0,95.6,94.4,97.3,95.5,94.4,94.1,87.6,98.7
TOPCOAT-0004,1923,32:03,104.1,89.5,89.3,98.3,93.7,93.9,98.0,93.5,94.1,94.2,87.3,96.6
TOPCOAT-0004,1924,32:04,104.2,89.3,90.6,98.0,94.6,93.5,97.4,94.7,94.3,94.2,85.9,96.6
TOPCOAT-0004,1925,32:05,103.4,90.3,89.4,98.1,94.5,93.3,97.4,94.3,93.8,93.6,87.1,97.5
TOPCOAT-0004,1926,32:06,103.4,89.3,88.3,97.6,94.1,93.6,97.3,93.7,93.2,94.5,86.3,97.7
TOPCOAT-0004,1927,32:07,102.1,89.2,89.6,98.0,93.3,92.8,97.6,93.5,93.5,94.6,87.2,97.8
TOPCOAT-0004,1928,32:08,102.9,88.5,88.6,97.0,93.7,92.3,96.6,94.1,94.2,93.3,85.9,96.9
TOPCOAT-0004,1929,32:09,103.9,89.0,88.9,97.6,94.0,92.2,97.1,93.4,93.3,94.2,86.1,96.7
TOPCOAT-0004,1930,32:10,101.3,88.5,89.4,97.8,94.4,91.9,95.2,92.8,92.9,93.8,85.3,96.9
TOPCOAT-0004,1931,32:11,102.7,88.7,89.7,96.5,93.0,92.4,95.7,93.2,92.8,92.2,85.5,95.9
TOPCOAT-0004,1932,32:12,102.5,88.4,89.0,96.2,92.6,91.7,96.2,92.6,93.8,92.3,85.3,97.8
TOPCOAT-0004,1933,32:13,103.0,88.1,87.5,96.9,93.4,90.8,95.3,93.1,92.1,92.9,84.9,95.1
TOPCOAT-0004,1934,32:14,101.4,88.6,89.3,97.5,92.3,91.5,96.2,92.7,92.8,92.7,85.0,95.3
TOPCOAT-0004,1935,32:15,102.2,87.1,88.0,95.8,92.9,91.4,94.8,92.2,92.9,92.8,85.2,96.5
TOPCOAT-0004,1936,32:16,101.5,89.0,87.4,96.2,92.4,91.3,95.4,92.4,91.5,92.3,85.6,95.2
TOPCOAT-0004,1937,32:17,101.1,87.3,88.3,95.8,92.3,91.1,94.6,91.2,90.8,92.4,84.3,94.8
TOPCOAT-0004,1938,32:18,101.5,86.7,88.4,95.2,91.9,90.5,94.4,91.7,92.5,91.7,85.0,95.4
TOPCOAT-0004,1939,32:19,101.1,86.7,87.8,96.1,91.5,90.2,94.7,91.4,91.3,91.5,83.8,95.6
TOPCOAT-0004,1940,32:20,101.5,86.8,88.1,95.0,91.7,90.1,95.6,92.0,90.9,91.7,84.5,95.4
TOPCOAT-0004,1941,32:21,100.9,86.3,87.5,95.3,92.0,89.6,94.3,91.5,90.7,91.2,85.0,95.0
TOPCOAT-0004,1942,32:22,100.9,87.0,87.6,94.5,90.6,89.9,94.0,91.8,91.2,91.6,84.7,95.0
TOPCOAT-0004,1943,32:23,101.0,86.4,87.3,94.9,91.2,90.4,95.0,90.5,90.5,92.5,84.3,93.8
TOPCOAT-0004,1944,32:24,100.1,86.7,87.4,94.9,90.1,90.1,94.7,91.5,90.9,91.2,83.7,93.4
TOPCOAT-0004,1945,32:25,100.8,85.9,86.2,95.0,91.2,89.6,93.7,90.2,90.4,90.6,83.6,94.1
TOPCOAT-0004,1946,32:26,100.2,86.0,86.2,94.4,91.5,88.8,93.3,90.3,90.0,90.6,83.9,94.4
TOPCOAT-0004,1947,32:27,99.1,86.1,86.9,94.2,90.2,89.1,92.8,90.4,91.1,91.2,82.8,93.8
TOPCOAT-0004,1948,32:28,99.7,85.2,86.0,94.0,90.5,88.5,93.0,90.1,90.3,90.5,83.5,93.5
TOPCOAT-0004,1949,32:29,100.0,86.0,85.2,93.9,89.8,89.4,92.8,89.7,90.6,90.8,82.8,93.9
TOPCOAT-0004,1950,32:30,99.7,85.0,86.3,94.5,90.1,88.5,92.2,90.2,90.1,91.1,82.7,94.1
TOPCOAT-0004,1951,32:31,99.5,85.2,86.0,93.6,90.0,88.6,92.0,90.2,89.5,89.7,82.9,93.7
TOPCOAT-0004,1952,32:32,98.8,85.1,85.3,93.5,91.0,89.1,91.9,89.1,89.5,90.2,83.0,93.3
TOPCOAT-0004,1953,32:33,99.5,85.4,86.2,93.5,89.8,88.4,92.4,89.0,89.6,89.2,81.6,93.5
TOPCOAT-0004,1954,32:34,98.7,84.9,85.5,91.9,88.4,87.9,92.2,89.0,90.1,90.0,82.1,92.5
TOPCOAT-0004,1955,32:35,98.6,85.5,85.0,93.2,88.9,87.1,92.6,89.5,88.9,89.3,82.7,92.9
TOPCOAT-0004,1956,32:36,97.9,85.7,85.3,93.7,88.7,87.9,92.5,89.4,88.0,87.9,82.5,93.4
TOPCOAT-0004,1957,32:37,98.2,84.7,86.2,92.8,88.6,88.1,91.7,88.6,88.4,89.5,82.6,92.5
TOPCOAT-0004,1958,32:38,98.1,84.5,84.3,92.6,88.7,87.7,92.5,88.8,89.4,89.0,81.1,93.2
TOPCOAT-0004,1959,32:39,98.3,83.8,84.7,91.4,89.2,87.0,90.3,87.8,88.8,89.0,82.4,92.3
TOPCOAT-0004,1960,32:40,98.4,84.6,84.5,91.0,88.9,86.6,90.9,87.6,87.6,89.1,81.6,91.2
TOPCOAT-0004,1961,32:41,97.2,83.0,85.1,92.4,88.3,86.7,90.4,87.8,89.1,88.3,81.5,91.8
TOPCOAT-0004,1962,32:42,97.7,83.2,84.6,91.7,88.0,86.6,89.8,87.3,87.5,88.1,81.2,91.6
TOPCOAT-0004,1963,32:43,97.6,84.3,84.4,90.8,86.7,86.6,91.0,88.2,88.3,87.4,81.7,91.0
TOPCOAT-0004,1964,32:44,96.7,84.4,84.3,92.2,88.4,87.0,89.4,88.2,87.5,88.1,81.3,91.6
TOPCOAT-0004,1965,32:45,97.3,83.6,84.5,91.9,86.9,86.3,89.5,87.4,87.6,88.1,82.0,91.1
TOPCOAT-0004,1966,32:46,96.9,83.1,83.4,91.5,87.2,87.1,90.1,87.3,87.6,87.8,80.7,91.0
TOPCOAT-0004,1967,32:47,96.2,83.3,82.9,91.7,86.8,85.2,90.1,87.8,87.2,86.4,81.3,92.4
TOPCOAT-0004,1968,32:48,97.2,83.9,83.0,90.0,87.8,85.3,89.8,87.5,87.8,88.1,80.8,92.1
TOPCOAT-0004,1969,32:49,96.4,82.5,83.1,91.0,86.0,86.0,89.4,86.7,87.6,86.5,80.7,91.2
TOPCOAT-0004,1970,32:50,96.3,81.8,83.2,90.9,86.7,86.0,89.0,87.3,87.8,88.1,80.2,90.8
TOPCOAT-0004,1971,32:51,96.7,81.7,82.9,89.9,86.7,86.0,89.6,87.0,86.5,87.7,80.0,90.5
TOPCOAT-0004,1972,32:52,96.0,82.5,82.9,89.9,87.3,85.7,89.2,86.0,87.4,86.7,81.1,90.9
TOPCOAT-0004,1973,32:53,96.2,81.5,82.4,89.6,86.3,85.1,89.8,86.5,87.4,87.2,79.7,90.3
TOPCOAT-0004,1974,32:54,95.1,82.5,82.4,90.1,86.1,84.8,88.5,86.1,86.8,86.6,79.3,89.9
TOPCOAT-0004,1975,32:55,95.0,81.8,83.0,90.4,86.5,84.9,88.8,85.5,86.1,86.1,79.5,90.8
TOPCOAT-0004,1976,32:56,95.9,81.8,82.5,90.6,85.9,84.8,88.0,85.2,86.5,87.0,78.9,91.0
TOPCOAT-0004,1977,32:57,95.4,81.3,82.2,89.7,85.6,84.7,88.4,85.3,84.8,86.6,79.9,90.3
TOPCOAT-0004,1978,32:58,95.7,81.1,82.8,89.4,85.2,84.7,88.4,85.8,86.2,86.1,78.7,89.3
TOPCOAT-0004,1979,32:59,94.2,81.9,83.1,88.9,85.1,83.8,87.4,85.9,86.3,86.7,79.8,89.2
TOPCOAT-0004,1980,33:00,95.9,82.2,82.7,89.1,85.7,84.3,87.4,85.5,85.6,86.6,79.0,89.6
TOPCOAT-0004,1981,33:01,94.7,81.0,82.0,89.0,84.3,84.4,86.9,85.6,85.9,86.2,78.8,88.5
TOPCOAT-0004,1982,33:02,93.4,81.5,81.6,89.5,85.0,83.4,87.6,85.8,84.8,85.9,79.3,89.0
TOPCOAT-0004,1983,33:03,94.1,80.6,81.9,89.7,84.7,84.1,87.2,85.1,86.4,86.7,77.9,88.8
TOPCOAT-0004,1984,33:04,94.8,80.9,81.8,88.4,84.5,83.4,87.3,85.7,84.9,84.6,78.8,87.9
TOPCOAT-0004,1985,33:05,94.6,81.1,82.0,88.9,84.4,83.1,87.5,84.7,85.4,85.4,78.4,87.6
TOPCOAT-0004,1986,33:06,94.0,80.2,82.0,88.2,83.9,83.8,85.6,84.0,84.5,84.9,78.3,87.9
TOPCOAT-0004,1987,33:07,93.5,80.8,81.6,87.7,84.4,82.3,87.6,84.0,83.8,85.6,78.3,88.4
TOPCOAT-0004,1988,33:08,94.5,80.0,82.1,87.6,84.1,83.0,86.4,84.1,85.3,85.7,77.7,88.5
TOPCOAT-0004,1989,33:09,94.2,80.7,81.8,87.5,84.3,82.9,86.7,84.7,84.8,85.1,77.7,89.3
TOPCOAT-0004,1990,33:10,93.0,80.3,81.2,88.1,83.9,82.7,87.0,83.9,84.3,85.5,78.6,88.1
TOPCOAT-0004,1991,33:11,93.8,80.2,80.9,87.5,84.4,82.3,86.1,84.3,84.9,85.5,77.7,88.3
TOPCOAT-0004,1992,33:12,93.9,79.6,80.8,87.8,83.4,83.1,85.7,84.3,83.3,85.0,77.5,87.9
TOPCOAT-0004,1993,33:13,93.0,79.1,81.2,87.5,83.0,82.6,86.2,83.5,84.6,84.0,77.5,87.4
TOPCOAT-0004,1994,33:14,92.6,79.6,80.8,86.7,83.6,82.0,86.0,83.6,83.8,84.3,76.7,87.8
TOPCOAT-0004,1995,33:15,92.8,79.8,79.8,87.4,83.0,82.4,85.8,83.2,84.5,83.8,76.9,87.9
TOPCOAT-0004,1996,33:16,92.9,79.7,80.2,87.8,83.0,80.7,84.5,83.1,83.2,84.0,77.7,87.8
TOPCOAT-0004,1997,33:17,92.6,79.4,79.5,86.5,82.6,81.8,85.2,83.0,83.2,82.6,76.9,86.5
TOPCOAT-0004,1998,33:18,92.5,79.0,81.0,87.5,82.3,80.9,85.1,82.5,83.5,83.3,76.4,86.7
TOPCOAT-0004,1999,33:19,91.0,79.0,79.3,87.6,82.5,81.7,84.5,82.2,83.3,83.6,77.2,86.2
TOPCOAT-0004,2000,33:20,91.9,78.3,79.6,87.9,81.5,81.6,84.3,82.1,83.0,82.9,76.4,86.6
TOPCOAT-0004,2001,33:21,91.7,78.3,79.7,85.8,82.4,81.0,83.3,81.5,82.7,82.6,76.7,87.2
TOPCOAT-0004,2002,33:22,92.0,78.5,79.6,85.5,81.9,80.9,84.2,81.8,82.7,82.2,75.8,86.3
TOPCOAT-0004,2003,33:23,91.7,77.6,79.9,85.9,82.1,80.8,85.4,81.8,82.9,83.6,75.3,87.2
TOPCOAT-0004,2004,33:24,91.2,78.2,79.1,85.3,82.0,80.7,83.9,82.7,82.4,83.2,75.4,85.8
TOPCOAT-0004,2005,33:25,90.9,78.7,79.4,86.0,81.3,80.3,83.8,82.0,81.9,83.3,76.1,86.7
TOPCOAT-0004,2006,33:26,92.0,78.5,78.8,85.3,82.7,80.6,82.9,81.7,82.8,82.3,75.8,85.7
TOPCOAT-0004,2007,33:27,90.9,78.5,79.0,85.9,81.7,80.8,83.9,81.7,81.7,83.4,76.5,85.6
TOPCOAT-0004,2008,33:28,90.9,77.9,79.4,85.3,80.2,80.5,83.7,81.1,82.2,82.1,75.5,85.3
TOPCOAT-0004,2009,33:29,90.8,78.0,78.8,85.1,81.3,79.4,83.0,81.0,81.8,82.0,75.4,86.5
TOPCOAT-0004,2010,33:30,90.7,78.7,78.2,85.0,80.4,79.9,82.9,81.0,81.2,81.8,74.7,85.1
TOPCOAT-0004,2011,33:31,89.8,77.1,78.5,84.7,81.2,80.0,82.4,81.1,82.0,81.3,75.4,85.7
TOPCOAT-0004,2012,33:32,90.8,77.6,78.6,84.8,80.9,79.4,82.5,80.4,81.4,81.6,75.1,85.5
TOPCOAT-0004,2013,33:33,90.2,77.0,78.8,84.7,81.0,79.4,82.3,80.7,80.9,81.9,75.2,84.9
TOPCOAT-0004,2014,33:34,90.4,77.4,78.5,83.9,80.6,79.5,82.9,81.1,81.2,81.7,75.1,84.8
TOPCOAT-0004,2015,33:35,90.4,77.2,77.5,83.7,79.6,79.3,81.4,80.4,81.4,81.6,75.0,84.7
TOPCOAT-0004,2016,33:36,88.4,76.4,77.9,84.0,80.1,79.2,81.7,80.6,81.4,79.9,73.7,84.6
TOPCOAT-0004,2017,33:37,89.6,75.9,79.1,84.2,80.5,79.5,82.6,79.7,81.4,81.9,74.6,84.7
TOPCOAT-0004,2018,33:38,88.8,77.0,79.0,83.6,80.7,78.2,81.0,80.2,80.4,81.2,74.6,85.3
TOPCOAT-0004,2019,33:39,89.2,76.7,78.3,83.8,79.7,79.1,81.5,79.8,80.3,81.5,73.9,83.6
TOPCOAT-0004,2020,33:40,89.9,77.1,76.8,83.8,79.7,78.2,82.0,79.0,80.4,81.0,74.5,84.8
TOPCOAT-0004,2021,33:41,89.5,76.9,76.4,83.4,79.1,77.9,81.3,80.3,80.0,81.0,73.4,83.3
TOPCOAT-0004,2022,33:42,89.1,76.5,77.6,83.9,80.7,77.5,81.8,79.0,79.8,81.1,74.1,84.8
TOPCOAT-0004,2023,33:43,89.5,75.6,78.1,83.3,79.8,78.4,81.3,79.3,79.9,81.1,73.0,84.4
TOPCOAT-0004,2024,33:44,88.5,75.9,77.1,83.8,79.1,77.8,81.4,79.9,79.0,79.8,73.6,84.0
TOPCOAT-0004,2025,33:45,89.1,75.8,76.7,82.8,79.0,77.5,80.7,78.8,80.3,80.3,74.1,83.7
TOPCOAT-0004,2026,33:46,88.1,75.3,77.0,82.4,79.3,77.3,81.2,78.5,80.1,80.7,73.1,83.2
TOPCOAT-0004,2027,33:47,88.6,75.7,76.3,82.6,79.1,77.7,80.9,78.8,79.6,79.6,74.0,83.1
TOPCOAT-0004,2028,33:48,87.6,75.8,76.1,83.2,78.7,77.6,80.3,79.0,78.5,80.4,74.0,83.0
TOPCOAT-0004,2029,33:49,88.1,75.4,77.1,83.0,78.3,76.6,80.3,79.0,79.6,80.4,72.7,82.8
TOPCOAT-0004,2030,33:50,87.7,74.1,76.1,82.5,77.5,76.8,80.3,79.8,79.5,79.3,74.0,83.3
TOPCOAT-0004,2031,33:51,87.4,76.2,76.6,83.1,78.9,76.9,79.6,78.5,79.9,79.2,73.4,82.5
TOPCOAT-0004,2032,33:52,87.9,75.1,75.8,81.9,78.8,76.0,79.0,79.0,79.3,78.7,72.2,81.5
TOPCOAT-0004,2033,33:53,88.5,74.3,75.5,82.2,77.7,76.4,80.2,77.6,78.3,79.5,73.5,82.6
TOPCOAT-0004,2034,33:54,88.6,74.6,75.3,82.1,78.0,77.6,79.8,79.0,79.6,79.4,72.4,82.9
TOPCOAT-0004,2035,33:55,87.7,75.0,75.9,82.5,77.2,76.5,79.5,77.2,78.8,78.5,72.6,82.4
TOPCOAT-0004,2036,33:56,86.9,75.6,75.0,81.3,78.0,75.7,80.2,77.6,79.0,78.8,72.8,82.5
TOPCOAT-0004,2037,33:57,87.1,74.1,75.2,81.5,77.8,75.8,79.2,77.6,79.0,78.6,72.9,83.0
TOPCOAT-0004,2038,33:58,87.3,73.9,75.2,81.9,77.4,76.0,78.6,76.9,78.3,78.3,72.4,82.1
TOPCOAT-0004,2039,33:59,87.2,74.2,75.0,80.7,77.7,76.4,79.3,77.1,78.6,77.0,71.9,81.8
TOPCOAT-0004,2040,34:00,87.1,74.1,75.1,81.1,77.5,76.2,79.3,76.7,78.7,78.5,72.3,81.9
TOPCOAT-0004,2041,34:01,87.1,74.8,75.2,81.8,77.8,75.5,78.7,77.9,77.7,78.4,71.3,81.3
TOPCOAT-0004,2042,34:02,86.6,74.2,75.6,81.2,77.6,75.4,78.5,76.9,78.6,78.8,71.9,81.4
TOPCOAT-0004,2043,34:03,86.4,74.5,74.7,81.6,76.7,76.0,78.4,77.4,77.3,77.7,71.0,81.0
TOPCOAT-0004,2044,34:04,85.4,74.0,74.9,80.4,76.3,75.5,78.1,76.4,77.2,77.2,72.7,81.6
TOPCOAT-0004,2045,34:05,86.5,73.8,74.1,80.5,77.0,75.2,77.4,76.3,77.9,78.0,72.2,81.0
TOPCOAT-0004,2046,34:06,86.7,73.9,74.3,80.8,76.5,74.9,77.7,77.2,77.5,78.8,70.0,80.3
TOPCOAT-0004,2047,34:07,86.0,73.8,74.0,80.7,75.6,75.8,78.5,76.0,77.6,77.2,72.4,82.8
TOPCOAT-0004,2048,34:08,85.7,73.9,75.0,78.8,76.9,74.4,77.2,75.8,78.0,77.5,70.9,81.5
TOPCOAT-0004,2049,34:09,86.2,73.1,74.3,80.1,75.8,74.2,78.7,77.0,77.7,78.1,72.1,81.5
TOPCOAT-0004,2050,34:10,85.6,72.9,74.0,79.9,76.0,74.6,76.9,76.3,77.2,77.0,71.2,80.3
TOPCOAT-0004,2051,34:11,85.5,73.5,73.7,79.1,76.0,75.2,77.6,75.4,77.0,77.0,70.7,81.4
TOPCOAT-0004,2052,34:12,85.0,73.5,74.1,80.1,74.8,74.4,77.2,76.4,77.6,78.0,70.7,80.6
TOPCOAT-0004,2053,34:13,85.5,72.3,73.8,79.2,75.3,73.9,77.4,75.2,76.0,76.5,70.8,80.9
TOPCOAT-0004,2054,34:14,84.1,72.8,73.9,79.7,75.1,73.9,77.3,75.5,75.3,76.3,70.2,80.8
TOPCOAT-0004,2055,34:15,84.7,72.0,74.5,79.4,74.0,74.4,76.2,76.6,75.5,76.6,70.1,80.0
TOPCOAT-0004,2056,34:16,83.9,72.5,73.0,79.6,74.6,73.3,76.9,75.0,77.0,75.5,71.0,79.9
TOPCOAT-0004,2057,34:17,85.5,71.6,74.2,79.6,74.2,74.3,76.3,74.7,76.2,76.0,70.3,79.9
TOPCOAT-0004,2058,34:18,85.2,71.8,73.7,79.3,75.2,74.6,76.0,74.6,76.3,76.6,70.4,80.0
TOPCOAT-0004,2059,34:19,84.6,72.1,72.3,79.4,74.7,73.4,77.0,74.8,75.9,76.9,70.7,79.7
TOPCOAT-0004,2060,34:20,84.1,72.2,73.1,80.0,74.8,73.8,76.4,73.9,75.9,76.3,68.6,79.2
TOPCOAT-0004,2061,34:21,84.7,72.3,73.4,79.2,74.8,72.4,75.8,73.7,75.0,76.2,70.5,79.6
TOPCOAT-0004,2062,34:22,85.4,72.1,72.5,78.8,75.4,73.0,76.3,74.6,75.9,76.1,70.0,78.4
TOPCOAT-0004,2063,34:23,84.3,71.3,72.1,78.3,73.9,72.6,76.5,74.5,74.2,76.0,69.6,79.5
TOPCOAT-0004,2064,34:24,84.3,71.6,72.5,77.6,75.1,72.7,75.6,75.4,74.9,75.9,69.4,79.1
TOPCOAT-0004,2065,34:25,84.0,71.4,71.9,78.5,73.8,73.1,76.2,74.1,75.1,75.7,69.2,79.5
TOPCOAT-0004,2066,34:26,84.6,71.2,72.8,78.1,73.6,72.0,75.4,75.1,75.2,74.9,69.4,78.9
TOPCOAT-0004,2067,34:27,83.3,71.1,72.3,78.4,73.4,73.2,74.9,73.9,74.9,75.7,69.3,79.0
TOPCOAT-0004,2068,34:28,84.2,71.9,71.5,77.6,73.5,72.7,75.5,74.0,74.5,75.0,69.3,78.5
TOPCOAT-0004,2069,34:29,83.4,71.7,72.0,77.4,74.0,72.5,75.0,73.6,75.4,75.5,69.5,78.1
TOPCOAT-0004,2070,34:30,83.1,70.5,71.2,78.7,73.2,73.3,74.7,74.1,74.4,75.5,69.3,78.6
TOPCOAT-0004,2071,34:31,82.9,70.9,73.1,78.1,73.8,71.1,74.3,74.1,74.7,74.7,69.1,78.8
TOPCOAT-0004,2072,34:32,83.2,70.0,72.0,77.4,73.4,72.0,74.7,73.2,74.6,74.5,68.9,77.8
TOPCOAT-0004,2073,34:33,83.3,70.3,72.2,76.6,72.9,71.5,74.1,73.2,74.2,74.2,68.5,77.8
TOPCOAT-0004,2074,34:34,83.5,70.7,71.4,76.7,73.1,71.3,74.4,73.6,74.7,75.2,68.9,78.0
TOPCOAT-0004,2075,34:35,82.4,70.7,71.0,77.5,73.0,72.4,74.9,73.6,74.1,74.6,68.8,77.7
TOPCOAT-0004,2076,34:36,82.1,70.8,71.2,76.5,72.4,71.3,74.9,73.1,75.0,73.8,68.9,78.3
TOPCOAT-0004,2077,34:37,82.1,69.6,71.4,76.9,72.6,72.0,74.4,72.9,74.3,74.4,68.4,78.1
TOPCOAT-0004,2078,34:38,81.8,70.5,71.9,76.9,72.8,71.5,73.4,73.3,73.3,74.2,68.0,77.7
TOPCOAT-0004,2079,34:39,81.9,70.0,71.6,76.2,72.0,71.6,74.6,72.5,73.7,73.3,66.8,77.2
TOPCOAT-0004,2080,34:40,82.2,70.1,70.3,76.5,72.3,72.0,74.3,72.3,73.5,74.0,68.3,77.5
TOPCOAT-0004,2081,34:41,82.4,69.9,70.5,76.8,72.3,71.1,73.6,72.0,74.2,73.4,68.1,77.4
TOPCOAT-0004,2082,34:42,81.2,69.7,71.5,76.3,71.7,71.6,72.8,71.5,73.8,74.2,67.6,77.0
TOPCOAT-0004,2083,34:43,81.0,69.9,71.1,75.5,72.8,70.7,72.9,71.7,73.5,74.5,67.9,77.1
TOPCOAT-0004,2084,34:44,81.9,69.0,69.9,75.8,72.4,69.9,73.3,72.0,73.1,74.1,67.6,76.9
TOPCOAT-0004,2085,34:45,81.9,68.6,70.2,75.6,71.4,70.1,73.4,72.5,72.9,73.2,67.5,76.5
TOPCOAT-0004,2086,34:46,81.6,69.4,69.4,75.4,71.9,71.1,72.6,71.7,73.0,73.5,67.3,77.9
TOPCOAT-0004,2087,34:47,80.9,69.3,70.6,74.9,72.1,69.7,72.6,71.1,72.2,72.1,67.3,75.8
TOPCOAT-0004,2088,34:48,81.0,69.3,70.4,75.0,71.2,71.4,73.7,71.8,72.4,73.6,68.0,76.8
TOPCOAT-0004,2089,34:49,80.9,69.0,69.4,75.7,71.3,70.9,72.9,72.1,73.2,73.0,67.7,76.4
TOPCOAT-0004,2090,34:50,80.4,68.6,69.8,75.0,71.2,70.3,71.9,71.9,73.2,73.1,67.1,76.7
TOPCOAT-0004,2091,34:51,81.5,69.3,70.6,74.7,71.3,69.6,71.9,72.2,72.8,74.5,67.9,76.7
TOPCOAT-0004,2092,34:52,79.9,69.3,70.3,74.4,70.8,70.0,72.3,70.8,72.8,72.8,66.9,75.1
TOPCOAT-0004,2093,34:53,80.4,69.0,70.3,74.1,70.1,69.8,72.1,71.0,72.2,72.7,67.3,76.2
TOPCOAT-0004,2094,34:54,79.6,69.2,69.5,75.3,71.1,69.3,72.2,70.4,72.7,72.6,67.8,76.0
TOPCOAT-0004,2095,34:55,79.9,69.2,69.6,75.7,71.3,69.0,70.7,71.1,72.6,71.9,66.6,75.8
TOPCOAT-0004,2096,34:56,79.9,68.4,69.1,74.8,71.3,69.5,72.7,70.9,72.5,72.6,66.7,76.0
TOPCOAT-0004,2097,34:57,79.5,68.6,69.0,74.7,70.6,69.4,71.6,70.3,71.4,73.1,66.5,75.7
TOPCOAT-0004,2098,34:58,80.1,68.9,69.4,74.4,69.6,69.7,71.5,70.5,71.6,72.0,67.4,76.5
TOPCOAT-0004,2099,34:59,80.4,67.9,69.0,74.4,71.4,69.1,71.4,70.9,72.2,72.9,66.5,75.5
