trial_id,time_s,time_mmss,T_LH_HOOD,T_LH_FENDER,T_LH_FRONT_DOOR,T_LH_REAR_DOOR,T_LH_Q_P,T_LH_T_G,T_RH_T_G,T_RH_Q_P,T_RH_REAR_DOOR,T_RH_FR_DOOR,T_RH_FENDER,T_RH_HOOD
SEALER-0069,0,00:00,34.5,36.2,35.1,34.9,34.2,34.6,35.1,34.8,34.1,35.3,35.9,34.8
SEALER-0069,1,00:01,33.9,34.3,35.2,34.8,34.6,34.7,35.5,34.0,35.9,34.7,35.2,35.9
SEALER-0069,2,00:02,35.1,35.1,33.9,34.5,34.9,33.9,35.1,34.2,34.8,35.4,34.8,34.1
SEALER-0069,3,00:03,35.4,34.8,34.7,35.0,35.4,35.2,35.2,34.5,34.6,35.5,34.3,36.1
SEALER-0069,4,00:04,35.3,34.9,34.5,35.4,34.7,34.7,34.7,34.8,35.0,35.6,35.5,34.7
SEALER-0069,5,00:05,34.4,34.7,33.9,35.7,34.9,34.3,35.9,34.9,35.6,34.2,34.8,34.6
SEALER-0069,6,00:06,34.8,35.7,35.2,36.0,34.8,34.7,35.3,34.2,35.8,35.1,34.7,34.9
SEALER-0069,7,00:07,35.9,35.4,35.5,34.7,35.4,34.8,34.4,35.2,35.3,34.7,34.7,34.4
SEALER-0069,8,00:08,34.2,35.2,34.9,35.4,34.8,34.7,34.8,35.5,34.4,35.4,34.9,34.4
SEALER-0069,9,00:09,33.6,34.2,35.4,35.2,35.4,34.5,36.1,35.8,35.1,35.2,34.8,33.9
SEALER-0069,10,00:10,35.2,34.8,35.2,34.6,35.2,35.6,34.8,35.5,35.4,35.9,35.7,35.7
SEALER-0069,11,00:11,35.1,35.3,34.4,34.9,34.9,34.0,34.5,34.3,35.8,34.7,34.7,35.3
SEALER-0069,12,00:12,35.0,35.3,34.9,34.8,34.5,34.8,35.6,33.3,35.4,34.9,34.9,35.8
SEALER-0069,13,00:13,34.4,34.6,35.3,35.1,34.3,34.1,35.6,35.4,34.5,34.8,35.8,35.5
SEALER-0069,14,00:14,35.0,34.9,35.2,35.1,35.1,35.1,35.6,34.5,34.4,35.1,35.9,35.4
SEALER-0069,15,00:15,34.5,35.5,34.9,34.9,35.0,35.1,33.5,34.9,35.0,34.9,34.2,35.1
SEALER-0069,16,00:16,34.1,35.0,35.1,35.2,34.9,35.2,34.4,34.6,34.1,35.9,34.6,36.0
SEALER-0069,17,00:17,34.8,35.2,35.2,33.6,35.2,35.1,35.9,35.2,35.3,35.1,36.0,35.0
SEALER-0069,18,00:18,35.8,34.4,34.7,36.1,35.3,33.9,34.8,33.8,36.2,34.9,35.1,35.2
SEALER-0069,19,00:19,35.9,35.7,35.6,35.5,34.5,35.6,35.0,34.8,34.5,36.1,35.2,35.1
SEALER-0069,20,00:20,35.4,35.6,35.0,35.2,35.9,35.6,35.1,35.1,34.8,35.8,34.9,35.2
SEALER-0069,21,00:21,34.4,36.2,36.0,34.5,35.8,34.8,35.1,35.3,35.5,35.5,35.3,36.4
SEALER-0069,22,00:22,35.4,35.9,35.1,35.6,34.8,34.0,34.3,35.4,34.7,34.4,34.5,35.4
SEALER-0069,23,00:23,34.8,34.7,35.1,34.8,34.7,34.3,35.2,34.6,34.9,35.2,35.4,34.6
SEALER-0069,24,00:24,33.9,34.4,35.5,35.4,35.2,35.8,35.6,35.2,33.9,34.4,35.5,34.4
SEALER-0069,25,00:25,35.2,34.9,34.8,35.6,35.3,34.4,35.0,34.7,34.5,35.4,34.0,33.7
SEALER-0069,26,00:26,34.8,34.9,34.9,36.1,34.5,34.5,35.6,34.3,34.8,36.0,34.0,34.6
SEALER-0069,27,00:27,34.4,35.4,36.0,35.6,34.7,35.3,35.8,34.7,35.6,34.9,33.7,34.8
SEALER-0069,28,00:28,35.7,34.4,35.4,34.3,35.2,35.2,36.3,34.5,35.9,35.1,34.2,35.6
SEALER-0069,29,00:29,35.6,34.5,34.5,35.4,35.1,35.2,35.6,36.2,35.3,34.5,34.9,35.0
SEALER-0069,30,00:30,35.0,35.3,34.5,34.8,34.2,35.5,35.2,34.3,35.0,34.9,35.8,34.5
SEALER-0069,31,00:31,34.4,34.6,34.8,34.6,35.8,35.6,36.2,34.7,35.1,35.2,36.2,35.0
SEALER-0069,32,00:32,34.5,34.4,35.1,34.9,34.9,35.6,35.4,34.3,35.3,34.8,34.8,35.4
SEALER-0069,33,00:33,34.4,35.7,35.0,34.1,35.7,35.0,34.5,34.4,36.0,35.6,35.0,34.8
SEALER-0069,34,00:34,35.4,35.4,35.3,34.6,34.0,34.7,34.6,34.8,35.4,34.8,35.2,35.0
SEALER-0069,35,00:35,35.5,35.3,35.7,34.6,34.9,35.5,34.9,35.0,34.0,35.6,35.7,35.0
SEALER-0069,36,00:36,35.6,36.0,35.2,34.6,36.3,35.0,34.4,35.3,35.5,35.0,35.4,34.9
SEALER-0069,37,00:37,35.0,35.7,34.2,35.4,35.2,35.5,35.5,35.6,34.4,34.5,35.9,34.8
SEALER-0069,38,00:38,35.1,35.6,35.7,34.9,34.8,34.9,34.7,35.9,35.8,35.6,35.1,35.4
SEALER-0069,39,00:39,35.1,35.9,34.9,35.3,33.9,36.5,34.6,35.4,35.0,35.9,35.1,34.5
SEALER-0069,40,00:40,34.1,34.8,35.5,35.1,35.6,34.5,34.9,34.4,35.2,35.3,34.9,35.0
SEALER-0069,41,00:41,35.6,34.8,35.2,35.1,34.9,34.5,34.9,34.6,35.2,36.3,34.6,34.5
SEALER-0069,42,00:42,34.7,35.5,35.9,35.0,34.5,35.1,35.8,34.8,35.0,36.0,34.7,35.3
SEALER-0069,43,00:43,35.0,35.0,35.1,35.7,34.5,35.4,35.5,34.8,35.9,35.6,35.3,36.5
SEALER-0069,44,00:44,34.3,35.0,35.3,35.3,35.5,35.7,34.5,35.9,35.6,35.3,35.7,35.3
SEALER-0069,45,00:45,35.1,35.6,35.1,36.2,36.4,34.8,34.4,35.2,35.3,35.0,35.2,35.0
SEALER-0069,46,00:46,34.6,35.4,35.2,35.1,34.9,35.2,34.8,35.7,35.0,34.9,34.2,34.1
SEALER-0069,47,00:47,34.8,35.6,34.3,34.5,35.3,34.8,35.6,35.7,35.2,34.7,35.1,34.5
SEALER-0069,48,00:48,34.9,34.3,35.5,34.8,35.5,35.8,35.7,34.0,35.5,36.1,35.8,35.2
SEALER-0069,49,00:49,34.9,35.2,34.9,35.8,35.0,34.9,34.8,34.9,36.5,35.2,35.6,35.3
SEALER-0069,50,00:50,35.3,35.2,35.1,35.2,36.4,35.5,35.1,34.2,35.4,35.7,35.1,34.5
SEALER-0069,51,00:51,35.3,35.1,35.5,34.8,35.0,35.2,34.5,35.1,34.7,35.2,35.3,35.0
SEALER-0069,52,00:52,34.9,35.5,35.4,35.3,34.9,34.0,35.4,35.2,35.2,35.8,35.7,34.9
SEALER-0069,53,00:53,34.9,34.2,34.5,34.9,36.0,35.0,34.9,35.0,35.4,35.7,35.0,35.8
SEALER-0069,54,00:54,35.5,35.7,36.2,34.9,34.7,35.4,35.0,36.3,35.0,34.4,35.4,34.9
SEALER-0069,55,00:55,35.2,35.1,35.8,35.0,35.1,35.1,33.9,34.5,35.4,35.7,35.4,35.1
SEALER-0069,56,00:56,35.0,35.5,35.5,35.4,36.0,34.9,35.4,34.4,34.9,36.0,35.1,35.3
SEALER-0069,57,00:57,35.1,35.8,35.4,35.5,35.0,35.4,34.2,35.0,36.0,35.1,35.2,34.8
SEALER-0069,58,00:58,35.5,35.1,36.3,35.7,34.8,35.3,35.0,35.3,36.1,34.6,35.5,35.6
SEALER-0069,59,00:59,36.5,35.0,35.0,36.1,36.2,35.0,34.7,35.3,34.4,35.5,35.6,34.9
SEALER-0069,60,01:00,35.3,35.8,35.6,34.5,34.9,35.5,34.9,34.9,36.1,35.8,36.1,35.0
SEALER-0069,61,01:01,35.0,34.9,36.5,35.2,34.8,34.8,35.1,35.4,34.7,35.7,35.6,34.9
SEALER-0069,62,01:02,35.3,35.3,35.8,35.2,35.5,35.0,35.6,35.0,36.3,35.7,35.9,35.8
SEALER-0069,63,01:03,35.2,35.5,35.3,35.8,35.8,34.7,35.3,35.0,36.2,35.7,35.4,36.7
SEALER-0069,64,01:04,35.3,35.1,36.0,35.0,35.5,35.4,35.3,34.3,35.0,35.3,34.8,35.9
SEALER-0069,65,01:05,35.3,34.2,35.4,35.7,36.3,36.3,35.3,35.2,35.7,36.5,35.1,34.6
SEALER-0069,66,01:06,34.9,35.6,36.2,35.7,34.8,35.7,35.5,35.2,36.0,35.8,34.5,35.4
SEALER-0069,67,01:07,35.3,35.5,35.0,35.9,34.8,35.2,34.1,34.7,35.6,35.9,35.7,35.6
SEALER-0069,68,01:08,35.6,34.9,35.8,36.2,34.7,35.1,35.2,34.8,35.8,35.4,35.8,35.3
SEALER-0069,69,01:09,35.3,35.5,36.9,34.9,35.6,34.6,35.0,35.4,35.9,35.9,34.9,35.1
SEALER-0069,70,01:10,35.2,35.8,35.9,35.4,35.7,35.1,34.6,35.6,35.7,36.6,35.4,35.3
SEALER-0069,71,01:11,35.4,35.2,35.4,35.3,34.8,34.9,35.1,34.7,36.3,35.6,36.2,35.5
SEALER-0069,72,01:12,35.6,35.6,35.2,35.6,34.3,34.7,35.7,34.8,35.5,35.0,34.8,35.4
SEALER-0069,73,01:13,35.9,35.1,35.6,35.3,34.9,35.3,35.6,35.0,36.1,35.5,35.3,35.8
SEALER-0069,74,01:14,36.4,36.0,35.9,34.9,35.7,35.8,34.8,34.6,35.5,36.1,35.5,34.0
SEALER-0069,75,01:15,36.1,35.2,36.3,35.1,36.1,34.9,34.7,35.0,35.7,36.1,36.2,35.0
SEALER-0069,76,01:16,34.6,35.4,35.9,36.1,36.4,36.4,35.2,34.6,35.6,36.4,35.6,35.4
SEALER-0069,77,01:17,35.4,36.3,35.9,35.8,34.5,35.0,35.1,35.3,35.6,36.0,35.0,36.5
SEALER-0069,78,01:18,35.0,35.3,35.7,36.1,35.8,35.5,35.6,36.0,35.3,36.0,35.0,35.5
SEALER-0069,79,01:19,35.4,34.5,36.0,35.8,35.1,35.1,35.2,35.8,36.0,36.4,35.6,35.3
SEALER-0069,80,01:20,35.2,35.4,36.0,35.4,35.5,35.0,34.9,35.3,35.7,36.2,35.4,34.8
SEALER-0069,81,01:21,35.9,34.8,35.7,36.8,35.8,35.2,35.3,35.6,35.7,35.9,37.1,36.3
SEALER-0069,82,01:22,35.4,35.3,36.0,36.8,34.6,35.2,35.7,35.6,36.7,36.6,36.2,36.4
SEALER-0069,83,01:23,35.3,36.3,36.6,35.4,35.1,35.6,35.6,35.4,36.0,35.5,35.2,35.3
SEALER-0069,84,01:24,35.4,34.9,37.2,36.5,34.9,35.4,35.9,34.7,36.3,35.8,35.7,36.2
SEALER-0069,85,01:25,35.5,36.5,36.7,36.1,35.2,35.1,35.4,35.4,36.9,37.0,36.1,36.3
SEALER-0069,86,01:26,35.9,35.8,34.8,35.2,35.5,35.5,35.3,34.6,35.9,36.1,36.9,35.5
SEALER-0069,87,01:27,36.0,35.4,35.9,35.7,36.2,36.3,35.2,36.2,36.1,36.5,36.0,35.9
SEALER-0069,88,01:28,35.7,35.3,36.1,36.4,35.2,35.4,35.2,35.3,36.2,35.7,36.3,36.4
SEALER-0069,89,01:29,36.3,36.8,36.5,36.9,35.2,34.4,35.8,35.2,36.1,35.6,36.1,36.0
SEALER-0069,90,01:30,36.1,36.5,36.7,35.3,35.5,34.3,35.7,36.5,36.3,36.2,36.4,36.5
SEALER-0069,91,01:31,36.2,36.6,36.5,37.0,35.8,35.2,36.2,34.7,36.3,36.2,35.9,36.0
SEALER-0069,92,01:32,34.6,35.6,36.9,37.7,35.4,34.6,35.4,35.6,36.9,37.4,36.3,34.7
SEALER-0069,93,01:33,35.8,35.5,36.5,36.1,36.3,35.8,36.1,35.8,36.3,36.7,35.5,35.8
SEALER-0069,94,01:34,35.1,36.3,36.6,36.6,35.3,35.0,35.5,34.9,36.8,36.9,36.3,35.9
SEALER-0069,95,01:35,36.4,36.0,36.8,37.4,35.5,35.1,35.6,35.8,35.7,36.9,36.3,34.9
SEALER-0069,96,01:36,35.8,36.1,36.4,36.2,34.4,35.4,35.5,35.7,36.2,36.5,36.5,36.8
SEALER-0069,97,01:37,35.6,35.6,36.9,36.1,36.0,36.0,35.7,35.7,35.9,36.7,35.9,35.4
SEALER-0069,98,01:38,35.7,35.4,37.0,36.2,35.3,35.0,35.9,34.9,37.4,37.8,36.5,36.3
SEALER-0069,99,01:39,35.6,36.5,36.4,35.7,35.6,35.8,35.6,35.4,36.6,37.1,36.8,35.8
SEALER-0069,100,01:40,35.8,37.4,37.0,37.3,35.7,34.8,34.9,36.4,37.2,36.2,36.5,35.2
SEALER-0069,101,01:41,36.6,36.1,37.8,36.9,34.9,35.2,36.4,36.7,36.8,36.5,37.7,35.8
SEALER-0069,102,01:42,36.5,35.8,36.6,37.1,35.7,35.5,35.8,36.4,36.6,36.3,37.3,36.6
SEALER-0069,103,01:43,36.1,37.5,36.6,36.6,35.4,35.8,35.7,35.9,37.3,36.2,36.9,35.7
SEALER-0069,104,01:44,36.5,36.5,36.4,37.4,36.0,35.3,35.3,35.3,36.9,37.2,36.3,36.0
SEALER-0069,105,01:45,35.7,36.1,37.0,37.4,35.3,35.4,36.1,36.2,36.2,37.7,36.3,36.3
SEALER-0069,106,01:46,35.6,36.7,37.4,36.1,35.7,35.2,35.3,35.9,36.7,36.9,38.0,35.5
SEALER-0069,107,01:47,36.9,36.8,38.1,36.6,35.5,34.9,35.3,36.1,37.3,38.3,37.4,35.2
SEALER-0069,108,01:48,36.4,35.6,37.5,37.1,35.5,35.3,35.2,36.1,36.9,37.9,36.9,36.1
SEALER-0069,109,01:49,36.5,37.0,37.5,37.9,36.0,35.2,35.1,35.9,36.5,37.6,35.7,36.0
SEALER-0069,110,01:50,36.6,36.7,38.3,37.9,36.0,35.9,36.8,35.5,37.1,38.0,37.1,34.9
SEALER-0069,111,01:51,36.1,37.3,38.0,37.5,36.0,34.4,36.2,37.0,37.0,37.7,37.4,36.4
SEALER-0069,112,01:52,37.2,36.7,37.1,37.3,35.7,36.1,35.5,35.2,37.2,39.3,36.2,35.7
SEALER-0069,113,01:53,35.8,37.3,36.7,38.1,35.6,35.3,35.4,35.4,37.3,38.7,37.2,36.1
SEALER-0069,114,01:54,36.1,37.2,38.2,38.4,35.8,34.8,36.3,36.0,37.8,37.4,37.5,37.3
SEALER-0069,115,01:55,36.5,37.7,37.8,37.2,35.1,36.3,36.1,35.4,38.1,38.1,36.6,36.7
SEALER-0069,116,01:56,36.3,37.6,39.1,37.6,36.6,35.4,36.3,35.7,37.0,39.0,37.2,36.8
SEALER-0069,117,01:57,35.7,37.7,38.7,39.2,35.8,35.9,36.2,35.9,37.7,38.5,38.9,36.3
SEALER-0069,118,01:58,38.2,37.6,39.4,37.7,36.2,36.2,36.8,35.9,36.8,39.6,37.2,37.0
SEALER-0069,119,01:59,36.2,38.5,38.5,37.6,36.6,35.8,36.2,35.5,38.4,38.9,37.4,36.7
SEALER-0069,120,02:00,36.8,38.2,39.0,39.2,36.4,34.8,35.6,36.7,38.2,38.6,37.7,36.9
SEALER-0069,121,02:01,37.5,38.5,38.2,38.3,36.6,35.8,36.5,36.6,38.9,38.7,36.6,36.2
SEALER-0069,122,02:02,37.4,37.8,40.2,38.6,35.8,35.6,35.8,36.6,37.9,38.9,37.7,37.3
SEALER-0069,123,02:03,36.2,36.9,39.1,38.8,35.6,36.7,36.9,36.6,39.5,39.8,37.7,36.6
SEALER-0069,124,02:04,35.8,38.7,39.2,39.4,36.8,36.7,35.9,36.6,37.9,40.1,38.3,38.1
SEALER-0069,125,02:05,37.8,38.4,39.2,38.4,36.4,35.7,35.8,37.3,39.0,40.3,38.3,36.3
SEALER-0069,126,02:06,37.3,38.2,39.4,37.9,36.1,36.5,36.9,37.0,38.8,39.7,37.9,36.4
SEALER-0069,127,02:07,36.4,37.8,38.8,39.3,37.2,35.6,36.4,36.7,39.2,40.2,37.6,37.0
SEALER-0069,128,02:08,37.7,38.2,39.8,38.8,35.8,35.7,35.7,37.3,38.8,39.3,37.8,37.8
SEALER-0069,129,02:09,37.7,37.9,40.2,39.6,36.1,35.8,36.3,36.3,39.4,40.7,38.2,37.4
SEALER-0069,130,02:10,37.0,38.9,40.5,40.2,36.7,36.0,35.7,37.2,39.0,40.1,38.6,37.6
SEALER-0069,131,02:11,38.2,38.0,40.9,39.7,37.2,36.6,37.4,37.0,39.8,40.6,38.2,38.1
SEALER-0069,132,02:12,37.5,38.4,40.5,39.2,36.6,35.7,36.3,37.6,39.5,39.9,38.2,38.1
SEALER-0069,133,02:13,37.7,38.7,40.8,40.3,36.8,36.6,36.2,36.7,40.5,40.1,38.8,37.3
SEALER-0069,134,02:14,37.7,39.4,41.5,39.7,36.7,35.9,36.4,36.7,39.6,40.2,39.4,37.0
SEALER-0069,135,02:15,38.5,39.1,41.3,39.8,37.5,36.5,36.3,36.5,40.1,42.8,38.6,37.4
SEALER-0069,136,02:16,37.3,39.1,41.2,40.3,37.4,36.8,37.2,36.4,40.3,41.6,38.6,37.8
SEALER-0069,137,02:17,38.9,39.1,41.4,40.9,36.2,36.3,37.1,37.0,40.4,41.9,39.6,38.6
SEALER-0069,138,02:18,38.5,40.3,42.2,41.2,36.7,36.3,36.7,37.2,40.3,42.2,39.6,38.4
SEALER-0069,139,02:19,38.0,40.2,42.4,41.2,36.3,36.4,37.3,37.4,40.0,42.8,39.9,37.8
SEALER-0069,140,02:20,37.7,39.9,42.9,42.0,37.6,36.2,37.1,37.5,41.1,42.1,39.5,37.8
SEALER-0069,141,02:21,38.5,40.1,42.2,42.0,38.0,36.4,36.8,37.4,41.7,42.5,40.5,38.7
SEALER-0069,142,02:22,38.7,40.7,42.4,41.1,37.3,37.0,36.9,38.2,41.2,42.9,40.2,37.7
SEALER-0069,143,02:23,38.8,41.0,43.0,41.9,37.9,37.0,37.6,37.9,41.5,43.8,41.3,38.8
SEALER-0069,144,02:24,38.7,40.1,42.7,41.8,38.1,36.6,38.0,37.9,41.3,43.5,40.7,39.3
SEALER-0069,145,02:25,39.1,40.9,43.9,42.3,36.6,37.2,36.9,38.3,42.0,43.3,39.8,39.6
SEALER-0069,146,02:26,39.5,40.9,43.7,42.1,38.0,37.2,37.9,38.1,42.7,43.7,41.0,38.0
SEALER-0069,147,02:27,39.7,41.2,44.5,42.5,38.3,37.1,38.7,38.7,42.1,44.3,40.8,38.8
SEALER-0069,148,02:28,39.0,41.5,44.9,43.4,38.2,36.8,38.0,39.3,43.1,43.4,41.7,40.6
SEALER-0069,149,02:29,38.8,40.9,44.6,42.5,37.5,37.5,37.9,38.5,42.4,45.2,41.7,39.2
SEALER-0069,150,02:30,40.2,40.9,44.1,43.3,38.3,38.4,38.5,38.9,42.9,44.8,41.8,38.9
SEALER-0069,151,02:31,39.1,41.4,44.0,43.1,38.1,37.6,38.1,38.0,44.2,45.2,42.7,39.9
SEALER-0069,152,02:32,39.9,42.2,44.8,43.4,37.8,37.5,37.0,38.6,43.6,44.5,42.9,39.3
SEALER-0069,153,02:33,40.0,42.3,43.6,43.7,38.5,37.3,37.8,38.2,43.9,45.3,42.1,39.7
SEALER-0069,154,02:34,40.4,42.2,45.7,44.3,37.9,37.6,37.8,38.4,44.4,45.9,42.4,39.9
SEALER-0069,155,02:35,40.4,43.0,46.7,43.3,37.6,37.0,38.8,38.8,44.6,46.4,42.9,39.7
SEALER-0069,156,02:36,40.0,42.9,45.4,45.0,38.6,38.3,38.9,39.0,44.6,47.1,43.1,39.8
SEALER-0069,157,02:37,40.2,43.3,46.7,45.0,39.7,38.1,38.9,39.2,44.6,47.3,43.4,39.9
SEALER-0069,158,02:38,40.1,43.2,46.5,45.2,38.0,38.2,39.1,39.4,45.3,46.7,43.3,39.1
SEALER-0069,159,02:39,41.5,43.3,46.9,44.7,40.0,37.7,38.2,39.0,46.3,47.8,43.5,40.0
SEALER-0069,160,02:40,40.8,43.4,47.9,45.6,39.3,38.8,39.7,38.6,45.2,47.5,44.3,40.6
SEALER-0069,161,02:41,41.8,44.5,47.7,46.1,39.7,37.3,38.8,39.8,46.5,48.0,45.0,40.7
SEALER-0069,162,02:42,41.2,44.2,49.2,45.5,39.5,38.7,39.0,40.6,46.5,49.2,44.1,41.3
SEALER-0069,163,02:43,42.3,44.2,47.4,46.8,38.7,37.6,39.4,39.8,46.7,48.4,44.1,41.2
SEALER-0069,164,02:44,42.5,44.6,48.5,47.1,40.5,38.3,39.6,39.7,46.7,49.4,45.2,41.1
SEALER-0069,165,02:45,41.5,45.4,48.7,48.1,39.5,38.7,40.4,41.8,47.2,49.3,45.3,42.0
SEALER-0069,166,02:46,42.8,46.6,49.3,48.2,39.6,38.6,40.0,40.0,47.8,50.3,45.0,42.3
SEALER-0069,167,02:47,43.6,46.2,50.5,48.4,39.9,39.2,39.8,40.6,47.5,51.0,46.2,41.8
SEALER-0069,168,02:48,42.8,46.7,50.5,47.8,39.5,38.7,41.2,40.8,48.4,51.3,46.8,42.9
SEALER-0069,169,02:49,43.4,46.1,50.6,49.2,40.6,38.6,40.1,41.1,48.1,51.9,45.7,42.7
SEALER-0069,170,02:50,43.5,47.0,50.8,50.3,40.7,39.6,41.4,41.3,48.9,51.9,47.3,42.3
SEALER-0069,171,02:51,43.6,47.3,51.6,49.6,41.6,40.0,40.8,41.2,49.5,51.9,47.5,42.6
SEALER-0069,172,02:52,43.2,47.7,51.6,50.3,40.6,39.4,40.8,40.0,50.5,52.5,47.5,43.7
SEALER-0069,173,02:53,44.6,47.7,51.4,49.8,40.5,40.0,41.0,42.1,50.4,52.6,48.3,43.1
SEALER-0069,174,02:54,44.6,48.4,52.8,51.0,41.0,39.8,41.4,42.4,50.5,53.3,49.0,44.4
SEALER-0069,175,02:55,44.3,49.5,53.3,52.0,41.4,40.7,40.6,42.4,50.5,53.9,49.1,43.8
SEALER-0069,176,02:56,44.7,48.3,53.8,51.5,41.3,40.0,40.7,42.8,50.7,54.0,49.0,43.9
SEALER-0069,177,02:57,44.9,49.0,53.8,52.0,41.3,39.9,42.8,41.5,51.2,55.2,48.5,43.8
SEALER-0069,178,02:58,46.2,50.8,54.1,51.9,42.3,41.2,41.8,43.0,51.6,54.7,49.7,43.6
SEALER-0069,179,02:59,45.8,49.8,54.7,53.2,42.6,40.5,41.6,41.9,53.2,55.6,50.2,45.3
SEALER-0069,180,03:00,44.9,50.4,54.8,52.8,41.5,41.1,42.3,43.3,52.8,55.5,50.5,44.1
SEALER-0069,181,03:01,46.4,51.4,55.8,52.8,43.5,41.3,42.8,44.4,53.8,56.4,50.5,45.0
SEALER-0069,182,03:02,46.4,50.9,56.0,53.9,43.6,41.1,43.2,44.0,54.3,56.8,51.2,46.0
SEALER-0069,183,03:03,46.9,51.4,57.3,54.8,42.9,41.1,43.0,44.7,54.7,57.5,51.7,46.6
SEALER-0069,184,03:04,47.5,51.5,56.7,54.2,43.4,42.0,43.9,44.3,55.9,58.2,52.1,46.0
SEALER-0069,185,03:05,48.0,52.3,57.6,54.7,43.6,41.8,43.8,44.2,55.2,58.5,52.1,46.8
SEALER-0069,186,03:06,48.4,52.2,58.7,54.8,43.8,42.2,44.7,45.1,55.4,59.4,53.5,46.5
SEALER-0069,187,03:07,48.5,53.4,58.8,56.2,44.5,42.2,44.2,45.2,56.2,59.6,52.8,46.8
SEALER-0069,188,03:08,48.6,53.7,59.2,55.9,43.7,42.5,44.2,45.1,56.9,59.4,54.1,47.1
SEALER-0069,189,03:09,49.5,54.1,59.3,56.5,44.5,42.7,45.1,45.1,58.0,61.0,53.3,48.4
SEALER-0069,190,03:10,49.3,54.2,61.3,57.6,44.7,43.3,45.8,45.3,57.5,61.1,54.9,48.4
SEALER-0069,191,03:11,49.9,54.8,60.1,57.6,44.6,43.4,44.7,45.1,58.4,61.8,55.0,49.3
SEALER-0069,192,03:12,51.1,55.4,61.8,58.0,45.4,43.5,44.9,46.1,59.6,62.1,55.4,49.0
SEALER-0069,193,03:13,50.0,55.5,62.1,59.5,46.4,43.4,46.3,47.0,59.2,61.5,56.4,48.5
SEALER-0069,194,03:14,51.1,55.9,62.7,59.7,46.9,44.5,46.2,46.7,59.5,62.5,56.6,48.9
SEALER-0069,195,03:15,51.7,56.3,63.0,59.4,46.2,44.4,46.0,47.4,59.8,63.3,56.1,49.4
SEALER-0069,196,03:16,52.1,56.5,64.0,59.9,46.7,45.3,47.0,48.6,60.3,63.6,57.2,50.6
SEALER-0069,197,03:17,53.0,57.5,64.2,60.8,46.1,44.9,47.3,47.5,61.0,64.6,57.3,51.2
SEALER-0069,198,03:18,52.6,57.1,65.1,60.6,47.4,45.0,47.7,48.3,61.9,64.0,57.7,50.5
SEALER-0069,199,03:19,52.7,58.6,65.3,61.6,47.3,45.7,47.9,48.9,63.2,65.3,58.4,50.8
SEALER-0069,200,03:20,54.6,57.0,65.7,62.0,47.9,46.2,48.9,49.2,63.8,66.4,57.7,52.7
SEALER-0069,201,03:21,55.0,59.2,66.1,62.0,48.9,45.2,48.0,49.1,63.6,66.6,59.8,51.2
SEALER-0069,202,03:22,53.3,59.6,66.9,62.5,49.1,45.9,49.3,49.2,63.9,66.8,60.5,53.5
SEALER-0069,203,03:23,54.4,60.5,67.0,63.7,48.6,45.8,48.9,50.5,63.9,67.1,60.3,53.4
SEALER-0069,204,03:24,54.7,60.4,68.0,64.1,48.7,46.8,49.4,50.9,64.9,68.0,60.7,53.5
SEALER-0069,205,03:25,55.1,61.4,69.5,64.6,49.8,47.3,50.1,51.4,65.8,68.9,61.2,54.3
SEALER-0069,206,03:26,56.1,61.2,69.2,64.7,50.2,46.4,49.8,50.4,66.4,69.7,62.2,54.5
SEALER-0069,207,03:27,57.2,61.7,69.7,66.2,50.4,47.2,51.0,51.7,66.8,68.9,62.7,55.0
SEALER-0069,208,03:28,57.2,63.5,70.3,65.9,50.4,47.2,52.0,52.3,66.3,70.4,62.8,55.5
SEALER-0069,209,03:29,57.4,62.8,71.3,67.3,50.7,48.6,51.0,52.6,67.6,70.7,62.4,55.9
SEALER-0069,210,03:30,58.4,62.4,70.9,67.0,52.9,48.6,52.5,53.2,68.8,71.6,63.1,56.3
SEALER-0069,211,03:31,58.9,63.9,71.5,67.2,51.4,49.4,52.4,53.7,69.5,72.5,65.2,57.1
SEALER-0069,212,03:32,59.1,64.3,72.2,68.5,52.9,49.2,52.3,53.8,69.9,72.3,64.8,57.7
SEALER-0069,213,03:33,59.6,64.6,72.5,68.3,53.1,49.7,53.9,55.0,69.5,71.7,65.7,57.7
SEALER-0069,214,03:34,60.7,64.5,73.7,69.5,52.4,50.6,52.9,54.6,70.1,73.5,66.3,58.8
SEALER-0069,215,03:35,61.5,65.3,73.7,69.8,53.6,50.2,53.6,55.5,71.0,73.7,66.1,58.3
SEALER-0069,216,03:36,61.4,65.6,74.4,70.0,54.5,51.1,54.1,55.1,71.8,74.2,67.1,59.3
SEALER-0069,217,03:37,61.6,66.0,75.0,71.1,54.2,51.0,54.9,55.2,71.6,73.2,67.5,59.8
SEALER-0069,218,03:38,62.5,66.1,75.7,71.8,56.1,51.4,55.1,57.3,72.7,75.0,68.2,60.1
SEALER-0069,219,03:39,62.6,67.6,75.9,71.3,54.9,52.6,55.7,56.7,73.3,75.4,68.4,61.5
SEALER-0069,220,03:40,64.1,68.8,76.9,72.8,56.1,52.5,56.2,58.2,74.3,76.4,68.9,62.6
SEALER-0069,221,03:41,63.8,68.2,75.8,72.1,56.7,52.4,56.7,57.9,74.9,75.8,69.0,62.2
SEALER-0069,222,03:42,64.5,68.5,76.8,73.4,57.5,52.8,58.4,58.8,75.5,77.1,69.6,61.5
SEALER-0069,223,03:43,64.4,69.7,77.9,73.3,57.4,53.9,58.0,58.6,76.4,77.3,71.2,62.9
SEALER-0069,224,03:44,65.9,69.9,79.1,74.8,58.9,53.5,58.3,59.2,76.3,77.6,71.2,63.2
SEALER-0069,225,03:45,65.9,70.5,77.8,74.0,59.3,54.6,59.3,59.5,76.1,77.6,70.8,64.3
SEALER-0069,226,03:46,65.8,70.0,79.0,74.5,59.1,55.1,59.9,61.1,77.0,79.4,72.5,63.9
SEALER-0069,227,03:47,66.9,71.1,80.0,75.8,59.3,55.0,60.2,61.2,78.7,79.3,72.0,65.3
SEALER-0069,228,03:48,67.6,71.6,79.5,75.8,60.1,56.0,60.6,61.4,78.1,79.7,73.3,66.0
SEALER-0069,229,03:49,68.6,71.7,80.7,75.9,60.7,55.2,61.7,61.6,78.4,81.0,73.4,66.0
SEALER-0069,230,03:50,67.9,72.0,80.7,77.3,59.8,56.4,61.2,61.8,79.3,79.1,73.4,65.1
SEALER-0069,231,03:51,68.9,71.9,81.2,77.9,60.7,57.3,62.0,63.6,80.0,80.5,73.9,66.6
SEALER-0069,232,03:52,69.2,73.0,82.0,77.5,61.0,57.3,63.3,64.7,79.1,80.9,75.4,67.5
SEALER-0069,233,03:53,69.5,72.6,81.7,78.6,62.9,58.5,63.8,63.1,80.4,81.4,74.5,67.3
SEALER-0069,234,03:54,69.5,73.6,83.0,78.6,63.0,59.3,64.3,65.0,80.0,81.7,75.7,68.5
SEALER-0069,235,03:55,69.3,74.0,84.0,79.0,63.4,59.0,65.0,65.6,81.2,82.2,75.4,68.8
SEALER-0069,236,03:56,70.7,74.4,83.5,78.9,63.1,59.0,65.5,66.1,81.3,82.9,76.2,68.6
SEALER-0069,237,03:57,70.9,74.4,84.7,79.9,64.2,59.0,66.2,66.4,82.1,83.5,76.8,69.3
SEALER-0069,238,03:58,72.2,74.9,84.3,79.8,64.6,60.4,66.1,67.5,82.3,83.9,76.6,68.7
SEALER-0069,239,03:59,73.4,76.2,85.0,80.5,65.6,61.1,66.3,67.6,83.4,83.7,78.0,70.7
SEALER-0069,240,04:00,72.7,75.8,85.1,81.0,66.3,61.0,67.7,68.1,83.6,84.7,78.1,70.1
SEALER-0069,241,04:01,72.3,76.8,85.3,80.7,65.8,61.2,68.9,67.7,83.9,84.7,77.9,71.4
SEALER-0069,242,04:02,73.4,77.3,86.1,81.0,66.5,61.9,69.4,68.8,84.4,85.0,78.7,72.1
SEALER-0069,243,04:03,74.9,77.6,86.9,82.1,66.6,62.8,69.2,69.4,84.9,85.1,79.3,71.8
SEALER-0069,244,04:04,74.4,77.5,86.6,81.6,67.2,63.3,69.4,68.7,85.0,85.2,79.2,72.8
SEALER-0069,245,04:05,74.7,77.7,87.1,83.0,68.3,63.2,70.6,70.3,85.7,84.8,80.4,73.9
SEALER-0069,246,04:06,75.9,78.2,86.9,82.5,68.0,63.4,70.7,71.0,86.2,85.2,79.8,73.9
SEALER-0069,247,04:07,76.0,79.0,87.3,82.7,69.6,64.3,71.5,71.0,86.4,86.2,80.4,74.6
SEALER-0069,248,04:08,77.0,78.2,86.9,83.3,69.6,64.5,71.9,72.1,86.6,86.5,80.9,74.3
SEALER-0069,249,04:09,77.1,79.2,89.2,84.3,69.7,65.3,72.4,72.7,86.3,85.6,81.6,76.4
SEALER-0069,250,04:10,77.6,79.1,88.5,84.3,70.5,65.1,72.9,72.3,87.8,88.2,81.6,76.1
SEALER-0069,251,04:11,78.7,79.0,88.9,84.7,71.7,67.0,73.7,72.0,88.0,87.6,81.8,76.5
SEALER-0069,252,04:12,78.3,79.6,89.2,84.9,72.3,66.4,73.7,73.8,87.4,87.3,82.8,77.0
SEALER-0069,253,04:13,78.7,79.8,89.1,85.4,71.6,67.8,73.8,73.2,87.8,87.5,82.8,76.7
SEALER-0069,254,04:14,79.5,80.4,90.1,85.0,72.9,67.1,75.4,74.4,89.5,88.1,83.7,76.8
SEALER-0069,255,04:15,80.0,80.5,89.9,85.8,74.3,67.7,75.3,74.5,88.8,87.6,83.1,78.5
SEALER-0069,256,04:16,80.0,80.2,90.5,86.3,73.6,67.8,76.2,74.9,89.3,88.6,83.6,78.8
SEALER-0069,257,04:17,80.6,81.1,90.1,86.2,74.5,69.0,77.5,76.2,90.0,88.8,82.8,79.0
SEALER-0069,258,04:18,80.4,81.5,90.8,86.2,74.5,69.3,77.5,77.4,90.0,89.9,83.6,79.5
SEALER-0069,259,04:19,81.3,81.1,91.3,86.8,75.2,70.4,77.2,76.4,89.6,88.7,84.5,79.5
SEALER-0069,260,04:20,82.4,81.4,91.0,87.7,75.6,69.2,77.8,76.7,90.4,89.5,84.9,80.2
SEALER-0069,261,04:21,81.9,81.6,91.8,87.5,75.0,70.6,79.1,77.4,90.8,90.8,84.8,80.6
SEALER-0069,262,04:22,81.8,82.3,91.4,87.3,76.7,70.9,79.3,77.0,91.3,88.9,85.1,81.2
SEALER-0069,263,04:23,83.4,82.5,92.7,88.1,76.3,71.8,80.0,79.5,92.0,89.8,85.9,81.7
SEALER-0069,264,04:24,83.1,83.7,91.6,87.9,77.1,72.1,79.9,79.0,91.1,89.8,86.4,81.7
SEALER-0069,265,04:25,83.7,82.9,93.2,87.6,77.6,73.2,80.3,79.5,91.3,90.5,85.7,81.9
SEALER-0069,266,04:26,83.9,83.3,93.2,87.9,78.6,72.0,81.5,79.9,93.0,89.5,86.5,81.6
SEALER-0069,267,04:27,85.2,83.9,92.3,88.6,79.1,74.1,80.8,80.0,92.2,91.5,86.4,83.0
SEALER-0069,268,04:28,84.0,84.0,94.3,88.1,78.1,73.5,81.7,80.3,92.4,90.9,87.4,82.6
SEALER-0069,269,04:29,84.7,82.8,93.3,88.9,78.6,73.2,82.6,80.5,93.0,92.2,86.9,82.7
SEALER-0069,270,04:30,84.7,83.7,93.6,89.3,80.0,74.5,83.3,80.8,93.6,92.3,86.8,83.4
SEALER-0069,271,04:31,85.2,84.7,94.5,89.1,79.9,75.1,83.0,81.2,93.5,90.9,88.1,83.9
SEALER-0069,272,04:32,85.3,84.2,93.6,89.6,80.4,75.5,83.3,82.5,92.6,91.1,87.8,83.2
SEALER-0069,273,04:33,86.0,84.9,93.0,89.2,80.9,76.3,84.3,82.8,94.3,92.2,87.6,84.4
SEALER-0069,274,04:34,85.3,85.2,94.6,88.6,80.2,76.2,84.8,82.7,93.7,91.8,88.1,84.5
SEALER-0069,275,04:35,87.2,84.6,94.8,89.9,81.8,76.3,84.6,82.9,94.4,92.0,89.5,84.9
SEALER-0069,276,04:36,86.5,85.5,94.5,90.2,82.2,76.4,85.2,84.1,94.1,92.6,89.8,85.7
SEALER-0069,277,04:37,86.5,84.8,94.5,89.6,83.4,77.1,86.2,81.6,94.9,91.9,88.6,85.0
SEALER-0069,278,04:38,88.4,84.7,95.3,90.4,82.6,78.0,86.2,83.5,94.4,92.7,88.8,86.2
SEALER-0069,279,04:39,88.3,85.5,94.8,90.4,82.7,77.7,87.2,84.0,94.1,92.3,88.8,85.6
SEALER-0069,280,04:40,88.3,86.0,95.1,90.4,83.5,78.7,87.3,85.2,95.2,93.1,89.1,86.0
SEALER-0069,281,04:41,88.4,85.2,94.8,90.9,83.5,77.2,88.4,84.9,95.7,93.6,89.7,86.9
SEALER-0069,282,04:42,88.7,85.0,95.6,90.9,83.1,78.9,87.8,85.5,94.8,92.8,89.3,86.2
SEALER-0069,283,04:43,89.5,86.1,96.1,91.2,84.4,78.7,88.1,85.0,95.8,93.7,90.5,87.1
SEALER-0069,284,04:44,88.7,86.7,94.4,91.1,84.7,79.5,88.3,85.9,94.7,93.2,89.9,88.0
SEALER-0069,285,04:45,88.1,87.0,96.3,91.6,85.2,79.6,88.9,86.7,95.8,93.2,89.5,87.3
SEALER-0069,286,04:46,89.5,87.0,96.4,91.3,85.1,80.4,89.2,86.2,95.2,93.5,89.9,87.3
SEALER-0069,287,04:47,89.0,86.8,95.9,92.0,86.1,80.6,90.4,86.7,96.8,93.9,89.9,88.2
SEALER-0069,288,04:48,89.3,87.4,96.9,91.2,85.7,80.8,89.6,87.2,95.5,94.1,89.7,88.7
SEALER-0069,289,04:49,89.9,86.7,96.3,91.8,85.7,81.3,89.8,86.8,96.7,93.4,90.3,88.4
SEALER-0069,290,04:50,90.2,87.0,96.4,91.8,86.3,81.7,90.3,87.0,96.6,93.9,90.2,88.8
SEALER-0069,291,04:51,89.3,87.0,96.9,92.5,86.1,81.5,91.2,87.8,97.0,94.3,91.1,88.6
SEALER-0069,292,04:52,90.7,87.4,95.8,92.6,86.3,81.6,91.2,87.5,96.8,94.4,90.5,89.1
SEALER-0069,293,04:53,90.9,87.9,96.9,92.5,86.3,82.6,92.5,87.0,97.2,94.2,91.3,88.6
SEALER-0069,294,04:54,90.5,87.3,96.9,92.0,86.4,82.6,92.1,88.2,97.1,95.3,90.8,90.0
SEALER-0069,295,04:55,90.3,88.3,96.3,92.3,88.1,82.0,91.2,87.8,98.0,94.0,91.6,88.9
SEALER-0069,296,04:56,91.1,88.0,96.6,92.9,88.7,82.5,92.0,88.7,97.5,94.0,92.2,89.9
SEALER-0069,297,04:57,92.1,87.5,96.9,92.8,87.5,83.1,93.4,89.1,97.0,95.1,91.3,89.9
SEALER-0069,298,04:58,90.2,87.6,96.9,93.0,88.1,82.2,94.2,89.0,96.9,94.6,91.7,90.7
SEALER-0069,299,04:59,91.7,88.1,97.0,92.3,89.3,83.5,93.0,88.8,96.8,94.4,92.6,90.4
SEALER-0069,300,05:00,92.1,88.0,97.1,93.1,89.3,82.9,93.6,90.1,96.9,94.2,92.1,91.0
SEALER-0069,301,05:01,91.9,88.3,97.0,92.8,88.5,84.2,93.2,89.1,98.4,95.1,92.0,90.0
SEALER-0069,302,05:02,92.0,88.3,97.1,93.4,88.8,85.0,94.0,90.1,97.5,94.8,92.6,91.2
SEALER-0069,303,05:03,92.4,88.6,97.1,92.9,88.7,84.1,93.4,91.0,97.5,95.7,92.3,90.5
SEALER-0069,304,05:04,92.1,88.6,97.1,93.4,89.7,84.3,94.4,89.4,98.3,94.4,92.9,90.9
SEALER-0069,305,05:05,91.7,87.7,97.6,93.7,89.6,84.7,94.5,91.6,97.8,95.7,91.5,91.0
SEALER-0069,306,05:06,92.2,88.5,97.2,93.4,90.5,85.0,94.6,91.7,98.2,94.3,93.2,91.2
SEALER-0069,307,05:07,92.4,88.7,97.1,93.0,90.3,84.5,94.9,90.4,98.5,94.8,92.0,90.8
SEALER-0069,308,05:08,92.8,88.8,97.5,93.9,89.4,85.5,95.8,90.6,99.1,94.9,92.9,91.3
SEALER-0069,309,05:09,93.2,87.7,98.1,94.8,90.3,85.4,95.5,91.9,98.4,95.0,91.8,91.6
SEALER-0069,310,05:10,93.7,88.6,97.8,93.7,90.8,86.2,95.7,91.2,97.6,94.5,92.9,91.4
SEALER-0069,311,05:11,93.5,89.0,98.5,93.3,90.1,86.8,96.5,91.2,98.4,95.4,92.4,91.6
SEALER-0069,312,05:12,93.7,88.9,98.4,93.5,91.0,86.1,95.9,91.0,99.4,94.9,93.5,92.5
SEALER-0069,313,05:13,93.6,88.6,98.4,93.5,91.0,86.4,96.1,92.8,98.9,96.2,93.0,91.7
SEALER-0069,314,05:14,92.7,89.5,98.9,93.8,91.2,87.3,96.4,92.1,98.5,94.6,93.3,91.1
SEALER-0069,315,05:15,93.6,88.4,98.0,94.4,91.1,85.9,97.6,92.5,98.2,95.0,93.4,92.5
SEALER-0069,316,05:16,92.8,88.9,97.8,93.3,92.2,85.8,96.9,92.0,98.9,95.3,92.6,92.0
SEALER-0069,317,05:17,92.8,88.5,99.2,93.5,91.8,87.6,95.9,92.7,98.7,95.2,92.7,93.3
SEALER-0069,318,05:18,93.2,88.5,98.4,94.4,91.7,86.6,96.8,91.9,99.5,95.6,92.8,93.1
SEALER-0069,319,05:19,93.1,89.0,99.4,94.4,92.0,87.8,98.2,92.6,99.2,95.4,94.0,92.4
SEALER-0069,320,05:20,93.3,88.8,98.3,93.8,92.0,87.1,97.6,92.2,99.3,94.7,93.0,92.4
SEALER-0069,321,05:21,93.6,89.2,99.3,94.7,92.1,86.9,96.8,91.7,99.2,96.1,92.7,92.5
SEALER-0069,322,05:22,94.4,89.1,97.7,94.4,92.3,88.2,97.0,92.4,99.7,95.8,93.2,92.8
SEALER-0069,323,05:23,93.9,89.3,98.8,94.0,91.9,88.5,97.5,92.5,99.8,95.1,93.8,92.7
SEALER-0069,324,05:24,94.5,89.6,99.8,94.3,91.1,87.0,97.8,93.0,99.6,95.9,94.2,93.6
SEALER-0069,325,05:25,94.2,89.8,99.0,93.9,92.6,87.9,98.4,93.2,100.1,94.6,93.2,93.1
SEALER-0069,326,05:26,93.5,89.5,98.7,94.0,92.8,87.1,98.4,93.9,98.1,96.3,93.2,93.1
SEALER-0069,327,05:27,94.7,88.9,98.6,94.7,92.9,87.9,98.8,93.1,99.7,96.5,93.5,93.3
SEALER-0069,328,05:28,93.8,89.2,98.3,94.7,93.5,87.6,98.8,92.6,99.3,95.2,93.3,92.8
SEALER-0069,329,05:29,94.9,89.8,98.1,93.8,92.9,88.3,98.1,93.1,100.1,95.1,94.0,93.5
SEALER-0069,330,05:30,95.7,89.6,97.7,94.5,92.7,88.2,98.6,93.7,100.7,96.6,94.2,93.5
SEALER-0069,331,05:31,94.4,90.0,99.8,93.4,91.7,89.0,97.9,93.2,100.0,96.0,93.3,93.5
SEALER-0069,332,05:32,95.1,90.7,98.7,94.4,93.3,88.4,98.8,94.2,100.1,95.3,93.8,93.2
SEALER-0069,333,05:33,94.5,89.6,99.1,94.8,93.1,88.3,98.6,93.2,100.0,95.5,93.9,93.1
SEALER-0069,334,05:34,94.9,89.7,98.8,94.6,94.0,88.4,98.6,93.4,100.2,96.1,94.3,94.2
SEALER-0069,335,05:35,94.1,89.6,99.2,94.7,93.7,88.5,99.5,93.4,100.0,96.2,93.3,92.9
SEALER-0069,336,05:36,95.1,89.7,97.9,94.4,94.0,88.4,99.3,94.4,99.4,95.7,93.1,94.3
SEALER-0069,337,05:37,94.6,88.8,98.9,95.0,93.2,89.0,99.4,94.4,99.7,95.5,94.6,95.0
SEALER-0069,338,05:38,96.2,89.8,99.0,96.1,93.9,89.8,99.9,94.1,99.9,96.7,93.4,94.4
SEALER-0069,339,05:39,95.1,89.7,99.9,94.7,93.4,89.0,99.6,94.7,100.6,95.5,94.4,94.5
SEALER-0069,340,05:40,94.7,89.0,99.0,94.9,92.9,89.7,99.6,94.4,99.9,96.5,94.5,94.6
SEALER-0069,341,05:41,95.6,89.3,99.7,95.6,93.3,89.5,99.6,93.7,100.0,96.6,94.0,93.8
SEALER-0069,342,05:42,94.9,89.6,98.9,94.7,93.9,89.7,99.3,94.4,99.1,97.4,93.7,94.3
SEALER-0069,343,05:43,95.5,88.3,97.9,94.8,94.9,89.7,100.3,94.6,99.8,96.6,95.3,94.3
SEALER-0069,344,05:44,96.1,90.2,99.5,94.4,94.0,90.1,99.7,94.5,100.2,95.7,93.7,94.6
SEALER-0069,345,05:45,94.4,90.6,99.1,94.2,93.7,89.6,99.3,94.6,100.0,97.1,94.4,94.7
SEALER-0069,346,05:46,95.1,90.2,99.3,95.0,93.6,90.3,99.4,94.8,99.9,96.7,94.4,93.8
SEALER-0069,347,05:47,95.5,89.8,99.1,95.5,94.8,89.5,100.5,94.4,101.0,95.7,93.4,94.7
SEALER-0069,348,05:48,94.7,89.7,100.3,94.5,94.3,89.7,100.1,94.9,100.1,96.4,94.3,93.9
SEALER-0069,349,05:49,94.7,90.3,99.0,95.6,93.8,89.5,99.0,94.3,100.5,97.1,94.7,93.9
SEALER-0069,350,05:50,95.5,89.4,99.0,95.5,93.6,90.1,100.8,94.9,100.0,96.8,94.3,94.3
SEALER-0069,351,05:51,94.8,91.2,99.0,95.0,93.5,90.1,100.2,95.2,100.5,96.2,93.8,94.1
SEALER-0069,352,05:52,95.2,90.2,99.5,96.0,93.5,91.2,99.8,95.6,100.3,97.0,94.7,94.1
SEALER-0069,353,05:53,94.9,89.7,99.9,95.1,94.3,90.0,100.4,94.1,100.8,95.8,94.8,94.7
SEALER-0069,354,05:54,95.0,89.8,99.1,95.7,93.3,90.4,100.0,95.4,100.7,95.7,95.2,94.1
SEALER-0069,355,05:55,96.0,89.8,99.5,93.8,94.0,89.6,100.8,95.1,100.6,96.0,94.0,94.3
SEALER-0069,356,05:56,94.4,89.6,99.3,95.9,94.5,90.6,100.8,94.6,100.6,96.0,94.9,94.0
SEALER-0069,357,05:57,96.0,89.4,99.0,95.0,95.1,90.6,100.3,95.8,99.8,96.4,94.3,95.0
SEALER-0069,358,05:58,96.3,90.2,99.4,94.5,94.0,90.4,101.0,94.7,100.1,96.8,94.0,94.3
SEALER-0069,359,05:59,95.1,90.7,99.5,94.6,94.9,90.0,100.0,94.6,100.3,97.2,93.9,94.4
SEALER-0069,360,06:00,95.7,90.2,98.7,95.5,94.0,89.9,100.0,95.5,99.6,96.3,94.4,95.2
SEALER-0069,361,06:01,95.7,90.3,99.8,96.7,94.7,90.5,101.3,94.6,100.7,97.0,94.1,95.2
SEALER-0069,362,06:02,95.8,90.8,99.2,94.5,95.4,90.0,101.4,95.4,100.3,97.0,94.2,94.1
SEALER-0069,363,06:03,95.5,90.0,99.2,94.8,94.7,90.8,100.9,94.5,101.3,96.1,95.5,94.3
SEALER-0069,364,06:04,95.4,89.8,99.0,95.5,94.8,90.8,101.0,94.1,100.7,96.1,93.4,94.1
SEALER-0069,365,06:05,95.3,89.2,100.5,95.3,94.8,91.7,101.1,94.3,100.8,96.1,94.8,95.5
SEALER-0069,366,06:06,95.8,90.5,100.0,95.0,94.1,90.1,100.5,96.0,99.5,97.0,94.9,95.1
SEALER-0069,367,06:07,95.7,91.0,99.5,95.5,95.3,90.0,101.2,95.3,100.8,96.8,94.3,94.0
SEALER-0069,368,06:08,96.3,90.1,99.7,95.4,95.8,90.7,101.4,95.7,101.1,96.3,94.4,94.3
SEALER-0069,369,06:09,95.5,89.9,99.1,95.4,95.1,90.9,100.6,94.5,100.1,97.0,94.8,95.9
SEALER-0069,370,06:10,95.9,90.1,99.1,95.3,94.7,90.9,101.5,94.8,100.8,96.4,94.6,95.4
SEALER-0069,371,06:11,95.9,90.8,99.4,95.2,95.3,91.1,100.2,96.7,99.7,96.7,93.7,94.6
SEALER-0069,372,06:12,96.6,91.7,99.6,96.1,95.5,90.5,100.8,95.7,100.1,96.0,94.7,95.2
SEALER-0069,373,06:13,96.0,90.4,99.3,94.6,94.9,91.1,101.4,95.4,100.0,96.2,94.8,94.7
SEALER-0069,374,06:14,95.3,91.2,99.2,94.4,95.3,90.7,100.8,95.4,100.7,96.8,94.1,95.4
SEALER-0069,375,06:15,95.8,90.8,100.0,95.9,95.6,90.8,101.0,94.9,100.6,96.5,94.4,95.1
SEALER-0069,376,06:16,95.8,89.8,100.5,95.8,96.5,90.4,101.4,95.0,100.8,97.3,94.2,94.8
SEALER-0069,377,06:17,95.0,89.9,99.0,95.6,94.9,90.2,100.5,94.7,100.4,96.4,93.9,94.7
SEALER-0069,378,06:18,96.3,90.9,99.9,95.5,95.1,91.3,101.7,95.5,99.8,97.1,94.9,95.0
SEALER-0069,379,06:19,96.2,90.1,100.4,95.3,94.8,91.2,101.2,95.4,100.9,96.4,94.8,95.0
SEALER-0069,380,06:20,96.3,90.5,99.7,95.4,95.1,90.8,102.2,95.2,100.9,95.9,94.9,95.0
SEALER-0069,381,06:21,95.3,90.6,99.4,94.3,95.2,90.6,100.8,96.1,100.1,99.2,94.3,95.5
SEALER-0069,382,06:22,96.0,90.1,99.4,95.2,95.1,91.5,101.6,95.2,101.4,101.4,94.7,95.4
SEALER-0069,383,06:23,95.7,89.9,100.4,95.2,94.8,90.7,101.8,95.7,100.1,101.9,95.3,95.8
SEALER-0069,384,06:24,95.8,90.8,103.2,95.2,95.4,90.8,101.0,95.2,100.5,102.7,94.8,94.8
SEALER-0069,385,06:25,95.6,89.0,104.5,94.9,95.1,90.5,101.8,95.1,100.8,103.4,93.9,94.3
SEALER-0069,386,06:26,96.8,90.5,104.7,94.5,95.3,90.7,101.3,96.1,100.0,102.6,94.9,94.5
SEALER-0069,387,06:27,96.7,90.9,104.9,98.8,94.9,92.0,102.6,96.6,101.0,103.3,94.8,95.3
SEALER-0069,388,06:28,95.9,90.2,106.9,99.5,94.5,91.4,101.8,95.2,100.8,104.8,95.5,94.2
SEALER-0069,389,06:29,95.6,90.4,107.0,101.4,95.7,91.0,101.7,95.4,101.3,104.6,93.5,95.3
SEALER-0069,390,06:30,96.2,93.8,106.8,100.3,95.6,92.1,101.5,95.4,102.7,105.3,94.3,95.5
SEALER-0069,391,06:31,97.2,93.7,108.8,101.9,95.1,90.8,101.5,96.0,104.6,106.1,94.5,95.3
SEALER-0069,392,06:32,95.9,94.5,108.3,102.2,94.9,90.8,100.5,95.5,105.6,106.0,93.6,96.5
SEALER-0069,393,06:33,95.8,96.0,108.6,102.3,95.8,90.1,101.1,96.0,106.4,106.4,97.0,94.5
SEALER-0069,394,06:34,96.2,96.3,110.5,103.3,94.3,91.4,101.4,95.7,107.5,107.0,98.7,94.9
SEALER-0069,395,06:35,95.1,96.7,109.7,101.9,95.0,90.3,101.7,96.6,107.0,107.6,100.1,95.5
SEALER-0069,396,06:36,96.6,97.2,109.7,103.8,95.1,91.5,100.6,95.1,108.3,107.8,100.5,95.8
SEALER-0069,397,06:37,95.3,98.3,110.3,104.3,94.7,91.8,101.9,95.6,108.7,108.1,99.9,95.3
SEALER-0069,398,06:38,95.7,98.0,110.1,104.7,95.0,91.5,101.6,96.0,109.0,109.2,101.6,95.2
SEALER-0069,399,06:39,96.2,98.9,111.3,106.2,94.5,91.0,101.7,96.1,110.2,109.7,103.0,95.2
SEALER-0069,400,06:40,96.7,98.8,112.8,105.3,95.4,91.4,101.4,95.5,110.3,109.1,101.7,94.3
SEALER-0069,401,06:41,95.5,98.8,112.4,105.8,94.9,91.1,102.9,95.3,110.5,109.7,103.7,95.1
SEALER-0069,402,06:42,95.7,99.6,112.2,106.0,95.5,90.9,101.4,95.4,111.4,109.9,103.2,95.0
SEALER-0069,403,06:43,95.6,100.7,112.5,106.2,95.3,90.6,101.8,95.8,111.8,109.8,102.8,94.5
SEALER-0069,404,06:44,95.8,100.6,112.0,106.8,94.9,91.8,101.9,95.5,111.2,110.9,104.1,95.7
SEALER-0069,405,06:45,96.0,99.9,113.1,107.0,95.0,91.7,102.3,96.3,112.3,110.4,105.0,95.2
SEALER-0069,406,06:46,99.0,101.3,113.4,107.9,95.9,91.9,102.6,96.3,113.7,110.5,105.3,96.3
SEALER-0069,407,06:47,100.8,101.3,113.4,107.9,95.3,91.8,101.4,96.3,113.0,110.8,105.6,95.2
SEALER-0069,408,06:48,100.9,101.4,113.9,108.3,95.0,91.3,101.8,95.2,113.4,111.8,105.1,94.3
SEALER-0069,409,06:49,101.9,101.5,113.9,108.3,96.3,91.7,102.5,95.2,113.8,110.6,106.4,97.6
SEALER-0069,410,06:50,101.9,102.2,114.4,108.7,95.6,92.4,102.8,95.9,113.4,111.9,106.3,99.0
SEALER-0069,411,06:51,103.0,103.0,114.5,109.3,95.2,91.3,101.9,96.9,114.4,112.1,106.5,99.8
SEALER-0069,412,06:52,103.4,102.3,115.5,110.1,95.5,90.5,101.4,96.0,114.3,112.1,106.6,100.5
SEALER-0069,413,06:53,103.5,102.8,114.8,110.1,95.2,91.3,101.1,95.2,113.9,112.4,107.0,100.7
SEALER-0069,414,06:54,103.4,103.5,116.4,109.2,95.1,92.6,101.6,95.7,114.4,113.2,107.2,102.1
SEALER-0069,415,06:55,105.5,103.8,115.0,110.5,95.1,91.9,101.2,95.7,115.0,112.8,106.8,102.3
SEALER-0069,416,06:56,105.3,103.9,116.6,110.6,95.3,92.0,101.1,95.8,116.1,113.1,107.9,102.5
SEALER-0069,417,06:57,106.7,104.4,116.4,110.9,95.4,91.8,102.2,98.7,115.5,113.7,108.4,103.5
SEALER-0069,418,06:58,106.5,104.8,116.7,110.5,96.6,90.6,102.3,99.8,115.7,113.7,108.2,103.3
SEALER-0069,419,06:59,106.0,104.8,117.2,111.1,95.6,91.3,101.9,101.6,116.9,114.8,109.4,103.7
SEALER-0069,420,07:00,106.9,104.8,116.9,111.5,98.1,91.7,101.7,102.3,117.0,115.4,108.7,105.0
SEALER-0069,421,07:01,107.8,105.2,116.5,110.4,99.6,90.7,102.5,102.9,116.4,114.3,108.7,105.4
SEALER-0069,422,07:02,107.6,105.2,117.1,112.9,100.6,91.3,101.6,103.2,116.2,115.0,110.5,106.6
SEALER-0069,423,07:03,107.1,106.0,117.3,111.8,100.9,90.9,103.5,102.3,116.8,114.7,109.7,105.1
SEALER-0069,424,07:04,108.2,105.1,117.1,112.4,102.5,90.9,106.2,103.1,117.3,115.8,110.5,107.0
SEALER-0069,425,07:05,108.3,106.0,118.2,111.9,102.1,90.8,106.6,104.2,118.8,115.0,110.5,106.5
SEALER-0069,426,07:06,109.0,105.3,118.9,112.1,102.6,93.0,107.8,104.2,118.9,116.0,111.0,106.7
SEALER-0069,427,07:07,109.0,107.0,119.1,112.7,102.7,95.5,108.1,105.2,118.0,114.6,110.6,107.6
SEALER-0069,428,07:08,109.0,106.0,119.6,113.8,103.1,95.5,109.0,105.6,118.3,115.8,110.4,107.6
SEALER-0069,429,07:09,110.4,107.2,119.1,112.7,103.6,97.6,110.1,106.7,119.3,116.9,110.7,107.4
SEALER-0069,430,07:10,109.4,107.0,119.1,114.1,105.3,97.4,111.1,105.9,119.1,115.9,111.3,108.0
SEALER-0069,431,07:11,110.0,107.6,119.4,113.3,104.2,97.7,110.6,106.1,119.0,116.2,111.0,107.8
SEALER-0069,432,07:12,110.7,107.8,120.8,113.9,105.7,99.3,110.8,106.7,119.7,117.1,111.4,108.9
SEALER-0069,433,07:13,111.0,107.5,120.8,114.6,106.0,99.7,111.8,107.1,120.0,117.0,112.3,109.5
SEALER-0069,434,07:14,110.3,107.2,119.0,115.0,105.6,99.0,111.9,107.9,120.3,117.1,111.7,108.8
SEALER-0069,435,07:15,110.6,108.5,120.5,114.6,106.6,99.5,112.6,108.1,120.6,116.5,112.2,109.3
SEALER-0069,436,07:16,111.5,107.6,120.8,115.1,107.7,100.6,111.8,108.5,120.6,117.4,113.4,110.0
SEALER-0069,437,07:17,112.2,107.8,120.9,114.0,106.2,100.8,112.4,108.2,121.0,116.7,112.0,110.2
SEALER-0069,438,07:18,112.4,108.7,121.0,114.5,107.5,100.8,112.9,108.3,120.6,118.1,114.1,110.8
SEALER-0069,439,07:19,112.3,108.6,121.2,116.0,107.6,101.2,114.6,108.7,119.5,117.5,112.7,111.0
SEALER-0069,440,07:20,113.5,109.2,121.6,115.9,108.5,101.5,113.1,109.2,121.1,118.2,113.1,110.1
SEALER-0069,441,07:21,112.3,108.8,121.5,115.6,108.5,101.3,115.0,109.8,121.0,118.7,113.1,110.7
SEALER-0069,442,07:22,112.6,109.1,121.4,115.8,108.4,102.1,114.7,110.6,121.4,119.5,112.9,110.9
SEALER-0069,443,07:23,113.2,109.9,121.6,116.3,108.7,102.0,114.9,109.8,122.0,118.8,115.0,111.9
SEALER-0069,444,07:24,113.2,109.8,121.8,118.0,109.2,102.9,115.5,110.9,122.6,119.3,114.4,112.0
SEALER-0069,445,07:25,113.5,109.9,122.0,117.5,109.2,103.2,115.8,110.9,122.8,119.1,114.5,110.9
SEALER-0069,446,07:26,113.9,109.1,122.0,116.5,110.1,104.0,117.1,111.4,122.3,118.5,114.9,112.0
SEALER-0069,447,07:27,114.3,110.8,121.9,116.6,109.1,103.4,116.4,111.2,123.1,119.4,114.9,112.2
SEALER-0069,448,07:28,114.6,110.4,122.7,117.4,109.9,104.5,116.3,110.8,122.6,119.3,114.8,112.1
SEALER-0069,449,07:29,113.9,109.7,122.7,117.4,110.7,103.7,115.8,111.8,123.1,119.4,115.9,112.6
SEALER-0069,450,07:30,115.1,109.9,123.9,117.3,110.8,103.2,117.6,111.3,123.2,119.4,114.7,112.3
SEALER-0069,451,07:31,113.8,110.8,123.6,117.8,110.4,105.1,117.4,111.8,123.5,120.6,115.8,113.0
SEALER-0069,452,07:32,114.1,110.8,123.7,117.9,111.2,105.3,117.8,112.8,123.6,120.7,115.9,113.1
SEALER-0069,453,07:33,116.1,110.5,122.1,117.9,111.9,104.7,118.1,112.4,123.5,121.3,116.0,112.4
SEALER-0069,454,07:34,115.8,111.4,123.8,118.2,111.0,105.2,118.6,112.4,124.3,119.7,115.0,113.4
SEALER-0069,455,07:35,115.3,112.4,124.2,118.7,111.5,106.4,118.6,113.7,124.3,120.5,115.9,114.3
SEALER-0069,456,07:36,116.2,111.5,124.3,118.3,111.8,105.7,118.8,112.5,124.3,120.9,116.1,115.0
SEALER-0069,457,07:37,115.7,112.3,124.3,118.8,112.5,106.5,119.2,113.1,123.7,120.6,117.1,114.9
SEALER-0069,458,07:38,116.8,112.2,124.1,119.1,112.7,106.2,118.8,113.2,125.2,121.7,116.5,114.0
SEALER-0069,459,07:39,116.0,112.5,125.0,118.4,112.6,106.7,119.7,114.1,125.7,121.8,116.2,114.2
SEALER-0069,460,07:40,117.3,112.2,124.3,119.4,113.1,107.2,119.4,113.8,125.5,121.7,117.0,115.9
SEALER-0069,461,07:41,117.8,113.3,124.9,119.4,113.8,106.4,119.8,114.4,124.4,121.9,117.7,115.0
SEALER-0069,462,07:42,116.5,112.6,124.8,118.6,113.6,107.7,120.5,114.1,126.8,121.1,117.7,114.4
SEALER-0069,463,07:43,116.3,113.2,125.1,119.1,113.1,108.2,121.1,114.5,124.6,121.8,117.5,116.0
SEALER-0069,464,07:44,117.9,113.0,126.3,119.8,114.3,107.5,120.5,115.5,126.5,122.4,117.9,116.1
SEALER-0069,465,07:45,117.1,113.7,125.4,119.7,113.5,108.0,121.4,115.7,125.2,122.4,118.1,115.5
SEALER-0069,466,07:46,118.0,113.1,125.8,119.1,114.3,108.3,122.0,115.6,125.6,121.9,118.0,116.7
SEALER-0069,467,07:47,117.8,113.9,126.1,120.3,114.0,108.9,120.8,115.6,125.9,122.5,118.4,116.7
SEALER-0069,468,07:48,117.2,114.0,126.6,121.1,113.8,109.1,121.2,115.3,126.5,123.4,118.4,116.3
SEALER-0069,469,07:49,117.8,114.6,126.6,121.0,115.2,109.0,121.7,116.2,126.1,123.5,118.6,116.4
SEALER-0069,470,07:50,117.9,114.4,127.0,120.5,114.6,109.1,121.3,116.6,126.5,122.5,118.5,116.4
SEALER-0069,471,07:51,118.8,114.3,126.6,120.7,115.3,108.7,121.8,116.0,125.1,122.9,119.1,117.6
SEALER-0069,472,07:52,118.9,114.4,126.5,120.8,114.6,109.5,122.7,116.7,127.2,123.3,119.6,118.3
SEALER-0069,473,07:53,118.9,114.3,126.0,120.6,115.5,110.5,121.8,116.5,127.6,124.5,119.1,116.7
SEALER-0069,474,07:54,118.9,114.3,126.9,121.1,115.9,109.9,123.1,116.4,127.0,123.7,118.9,117.0
SEALER-0069,475,07:55,119.3,114.5,128.8,121.4,116.0,110.2,123.5,116.9,127.1,123.1,119.7,117.0
SEALER-0069,476,07:56,119.3,115.4,127.0,121.6,115.9,109.8,123.7,117.6,128.2,123.7,119.6,117.1
SEALER-0069,477,07:57,119.8,115.1,127.4,121.7,116.5,112.4,124.3,117.2,127.6,123.6,118.8,118.3
SEALER-0069,478,07:58,121.3,114.9,128.4,120.5,116.4,110.3,123.4,117.9,126.6,125.5,120.4,118.7
SEALER-0069,479,07:59,120.3,114.6,127.2,121.8,116.2,111.0,123.0,117.4,128.2,124.7,120.2,118.3
SEALER-0069,480,08:00,121.5,114.9,128.1,122.5,117.6,111.0,124.7,117.6,127.8,125.0,120.6,119.5
SEALER-0069,481,08:01,120.0,116.2,128.2,121.7,117.4,110.9,124.6,118.1,127.5,124.2,120.5,118.7
SEALER-0069,482,08:02,121.1,115.2,128.5,122.0,116.5,111.1,123.4,118.0,129.6,124.4,119.4,119.4
SEALER-0069,483,08:03,120.3,115.7,128.6,122.0,117.1,110.9,124.7,118.4,129.9,125.1,120.6,118.4
SEALER-0069,484,08:04,119.7,115.0,128.6,122.7,117.5,112.8,125.6,117.6,128.8,125.2,121.5,119.6
SEALER-0069,485,08:05,120.2,116.2,128.2,122.6,117.5,111.8,125.0,119.2,129.4,125.1,120.5,119.0
SEALER-0069,486,08:06,121.5,115.5,129.2,122.7,117.8,112.0,125.5,119.4,129.3,125.7,122.0,120.5
SEALER-0069,487,08:07,120.8,116.3,128.7,121.6,118.8,111.8,125.4,118.8,128.9,125.1,121.0,120.2
SEALER-0069,488,08:08,120.7,115.9,129.1,123.4,118.9,112.6,126.2,119.6,129.3,125.2,121.3,119.3
SEALER-0069,489,08:09,121.5,117.0,129.6,123.6,118.9,113.3,125.6,118.7,130.4,125.1,121.7,120.5
SEALER-0069,490,08:10,121.8,116.8,129.1,124.1,117.8,112.7,126.7,119.5,130.0,126.4,122.3,119.8
SEALER-0069,491,08:11,120.4,117.7,128.4,123.6,119.6,111.9,126.6,119.7,130.7,125.9,122.3,119.3
SEALER-0069,492,08:12,122.1,117.4,128.3,123.9,118.8,112.8,126.3,120.2,129.2,126.1,121.2,121.1
SEALER-0069,493,08:13,122.2,116.8,129.1,123.6,119.4,113.4,127.1,119.8,129.8,126.0,122.4,121.3
SEALER-0069,494,08:14,122.6,117.2,129.7,124.8,119.9,113.2,126.8,120.4,130.3,126.8,122.4,120.8
SEALER-0069,495,08:15,122.6,116.8,129.6,124.2,119.6,113.9,126.3,120.4,129.7,126.1,121.9,121.9
SEALER-0069,496,08:16,122.3,116.9,130.8,123.9,119.9,113.4,126.8,120.5,130.4,126.8,121.8,121.2
SEALER-0069,497,08:17,122.5,117.5,130.5,124.0,120.0,113.3,127.0,121.8,132.0,128.1,122.5,121.0
SEALER-0069,498,08:18,123.6,118.0,129.8,125.0,120.4,113.7,128.0,119.9,131.4,127.3,122.4,121.3
SEALER-0069,499,08:19,122.9,117.0,130.8,124.6,121.0,113.6,127.0,121.4,130.9,127.0,122.6,121.7
SEALER-0069,500,08:20,123.0,117.7,130.0,124.6,120.9,115.1,127.9,121.3,130.8,127.4,123.5,121.5
SEALER-0069,501,08:21,122.7,117.6,130.3,124.5,119.8,114.7,127.2,122.2,130.8,127.2,123.6,121.2
SEALER-0069,502,08:22,122.7,117.2,130.5,124.9,120.0,115.1,128.2,121.8,131.8,127.4,122.6,122.8
SEALER-0069,503,08:23,123.9,117.3,130.2,125.1,121.0,114.5,127.2,122.0,130.7,127.5,124.8,123.0
SEALER-0069,504,08:24,123.3,118.8,131.8,124.8,121.3,115.0,128.8,121.1,130.1,127.8,123.1,121.6
SEALER-0069,505,08:25,123.5,118.1,131.9,125.8,120.9,115.1,129.0,121.9,131.5,128.2,123.1,121.9
SEALER-0069,506,08:26,124.6,119.5,133.2,125.1,121.6,114.8,129.0,122.3,131.5,127.9,122.9,122.4
SEALER-0069,507,08:27,123.6,119.0,131.7,125.5,120.9,115.9,128.7,122.7,131.2,128.5,123.7,122.8
SEALER-0069,508,08:28,123.6,119.0,131.7,125.8,122.1,115.7,128.2,121.8,132.0,128.3,123.5,122.8
SEALER-0069,509,08:29,124.5,118.8,132.0,124.9,122.1,115.2,130.2,123.0,132.7,128.1,124.0,122.8
SEALER-0069,510,08:30,125.4,119.5,131.7,125.8,121.8,115.8,129.4,122.5,131.8,128.6,124.9,123.5
SEALER-0069,511,08:31,125.0,119.1,132.5,126.6,122.0,115.4,129.1,122.7,132.8,129.0,124.1,122.8
SEALER-0069,512,08:32,125.2,119.0,131.7,126.2,122.1,115.5,129.1,122.3,132.4,128.6,124.4,123.0
SEALER-0069,513,08:33,125.3,119.4,132.3,127.0,121.6,117.2,130.2,123.4,132.1,128.6,124.0,123.3
SEALER-0069,514,08:34,125.7,119.6,132.5,127.7,122.4,116.7,129.9,123.3,133.1,128.3,124.6,123.3
SEALER-0069,515,08:35,125.0,119.1,132.9,126.7,122.4,116.6,130.0,123.5,133.4,128.5,124.4,123.8
SEALER-0069,516,08:36,125.2,119.4,132.7,127.2,123.0,117.2,129.7,122.5,133.5,129.4,124.3,124.3
SEALER-0069,517,08:37,125.1,120.1,133.0,127.5,122.5,117.1,131.0,123.3,133.5,129.3,125.7,124.3
SEALER-0069,518,08:38,125.3,120.9,133.3,126.3,122.3,117.7,131.2,124.5,132.1,128.9,125.3,123.7
SEALER-0069,519,08:39,125.7,119.7,133.2,127.8,123.0,117.4,131.1,124.1,134.3,129.9,125.2,124.1
SEALER-0069,520,08:40,125.4,120.7,133.5,126.6,123.3,117.9,130.6,124.4,133.2,129.4,125.5,124.2
SEALER-0069,521,08:41,125.0,119.6,132.8,127.4,123.5,116.8,131.2,123.8,133.9,129.1,125.8,124.3
SEALER-0069,522,08:42,126.3,120.3,132.7,128.0,123.6,117.8,130.7,124.2,135.1,129.7,126.6,125.2
SEALER-0069,523,08:43,126.0,120.3,133.5,128.1,123.1,117.9,131.6,124.1,134.1,129.7,125.7,124.3
SEALER-0069,524,08:44,125.8,120.7,132.6,127.4,123.5,116.4,130.8,124.6,134.7,129.9,125.5,125.9
SEALER-0069,525,08:45,126.3,121.2,135.0,128.0,123.7,118.6,131.6,125.0,134.3,130.6,125.4,125.1
SEALER-0069,526,08:46,126.0,120.6,133.8,127.8,123.9,118.2,132.1,124.9,133.4,130.3,126.6,124.8
SEALER-0069,527,08:47,127.1,120.9,134.3,127.8,124.5,117.8,131.7,125.1,134.6,130.4,125.6,125.5
SEALER-0069,528,08:48,126.8,119.9,134.5,128.8,124.4,118.0,131.4,125.2,134.9,130.3,126.4,124.8
SEALER-0069,529,08:49,127.3,121.1,134.0,129.3,124.5,118.3,132.7,126.2,134.6,130.4,126.1,125.1
SEALER-0069,530,08:50,126.4,121.3,134.6,128.7,124.2,117.7,132.7,125.4,134.4,131.6,126.3,125.1
SEALER-0069,531,08:51,126.6,120.9,134.5,128.6,124.3,118.9,131.8,125.9,134.5,130.0,126.5,125.3
SEALER-0069,532,08:52,127.0,121.8,134.9,128.4,124.9,118.8,132.6,125.4,135.0,130.6,127.0,125.5
SEALER-0069,533,08:53,127.1,122.2,135.6,128.3,124.9,117.7,133.1,125.8,135.9,131.2,126.6,125.4
SEALER-0069,534,08:54,127.8,121.9,134.8,129.2,124.9,118.7,132.1,126.5,136.3,130.9,128.3,126.6
SEALER-0069,535,08:55,126.8,122.4,135.4,129.3,124.5,118.3,133.4,126.0,134.9,131.7,127.2,126.3
SEALER-0069,536,08:56,128.5,121.8,135.7,128.2,124.0,119.3,133.2,125.6,135.7,131.0,127.2,126.3
SEALER-0069,537,08:57,127.1,122.2,135.1,129.1,125.5,119.0,133.1,126.8,135.4,130.8,127.0,126.3
SEALER-0069,538,08:58,127.8,122.1,134.7,128.8,125.4,118.9,133.0,126.8,135.0,131.0,128.0,127.0
SEALER-0069,539,08:59,128.4,121.9,136.4,129.1,125.4,120.3,132.6,127.9,135.6,132.3,127.4,126.0
SEALER-0069,540,09:00,127.9,122.4,135.1,129.9,125.1,120.3,133.6,127.0,137.0,133.0,127.4,126.1
SEALER-0069,541,09:01,129.2,121.4,135.1,130.0,125.9,120.1,133.3,126.4,135.7,132.2,127.3,126.1
SEALER-0069,542,09:02,129.2,122.8,135.8,130.3,126.6,120.0,134.1,127.2,136.8,132.7,128.1,126.7
SEALER-0069,543,09:03,128.7,122.0,135.7,130.1,125.3,119.2,133.5,127.0,136.2,132.0,128.5,126.8
SEALER-0069,544,09:04,128.9,122.1,136.1,129.8,125.8,119.6,134.1,127.5,136.6,131.9,128.2,128.3
SEALER-0069,545,09:05,129.5,123.5,135.8,129.4,127.3,120.3,134.6,126.7,136.6,132.7,127.8,127.3
SEALER-0069,546,09:06,128.9,121.9,135.8,130.5,126.5,120.4,135.5,127.3,136.2,132.1,129.0,127.4
SEALER-0069,547,09:07,129.2,123.3,136.7,131.3,125.9,120.5,134.2,127.5,137.2,131.8,128.2,127.3
SEALER-0069,548,09:08,129.1,124.2,136.8,130.2,126.4,120.5,134.6,127.5,137.0,133.2,128.9,129.0
SEALER-0069,549,09:09,128.6,123.0,136.3,130.1,127.0,120.8,134.9,127.0,137.6,132.2,128.7,128.4
SEALER-0069,550,09:10,129.8,123.3,136.7,130.3,127.0,120.0,134.4,127.5,137.2,132.2,129.1,128.0
SEALER-0069,551,09:11,129.3,123.7,137.1,130.8,127.3,121.5,134.8,128.3,138.1,133.8,128.9,127.9
SEALER-0069,552,09:12,129.1,123.5,136.6,130.8,127.9,121.0,134.4,128.4,136.6,132.5,128.5,127.7
SEALER-0069,553,09:13,129.4,123.3,137.5,130.6,127.7,121.3,135.2,128.2,138.3,133.0,129.9,128.9
SEALER-0069,554,09:14,130.2,123.9,136.5,130.8,127.5,122.1,136.3,127.8,137.5,133.2,128.7,128.6
SEALER-0069,555,09:15,129.4,124.0,137.2,131.0,128.2,120.8,136.0,127.8,138.3,133.6,128.9,127.9
SEALER-0069,556,09:16,129.8,123.9,136.6,131.0,127.3,122.2,134.9,129.0,138.3,134.3,130.2,128.7
SEALER-0069,557,09:17,130.7,123.0,137.6,132.6,129.1,121.0,136.1,128.6,138.7,134.2,130.3,128.8
SEALER-0069,558,09:18,130.7,125.2,138.3,132.0,127.3,122.1,135.0,127.8,138.2,133.0,130.3,129.0
SEALER-0069,559,09:19,130.7,124.8,137.6,132.2,127.7,121.7,135.5,129.6,137.7,133.6,130.5,128.8
SEALER-0069,560,09:20,130.1,124.8,137.9,131.4,127.8,122.1,135.1,129.8,138.4,134.0,130.0,129.1
SEALER-0069,561,09:21,130.4,124.6,137.7,131.4,128.3,122.2,136.9,128.6,139.1,134.5,130.3,129.3
SEALER-0069,562,09:22,130.3,124.9,137.8,132.1,128.0,122.2,136.8,129.1,138.4,134.3,129.6,129.6
SEALER-0069,563,09:23,131.5,125.1,137.7,132.2,128.3,121.5,137.9,129.0,138.0,135.1,130.7,130.2
SEALER-0069,564,09:24,130.6,125.1,138.2,131.8,129.5,122.5,136.4,129.6,138.9,133.6,131.4,130.2
SEALER-0069,565,09:25,131.0,124.5,137.9,132.4,128.7,122.9,137.2,130.4,138.8,134.3,130.5,130.3
SEALER-0069,566,09:26,131.3,124.6,138.6,132.2,128.6,123.4,137.3,130.8,138.3,134.2,129.3,130.0
SEALER-0069,567,09:27,131.6,125.2,138.5,132.0,129.1,123.7,136.3,130.1,139.3,135.3,131.0,129.7
SEALER-0069,568,09:28,131.5,125.0,138.4,132.8,129.2,123.5,137.7,129.9,139.2,134.9,131.2,130.8
SEALER-0069,569,09:29,131.9,125.1,138.8,132.9,129.3,122.7,137.5,130.8,139.2,134.8,131.3,130.0
SEALER-0069,570,09:30,131.1,125.1,139.6,133.7,128.8,122.9,137.6,130.3,139.9,136.0,130.3,129.6
SEALER-0069,571,09:31,131.7,124.7,139.5,133.0,130.6,123.2,137.7,130.7,140.2,135.2,131.5,129.4
SEALER-0069,572,09:32,131.5,125.6,139.1,133.6,128.8,123.6,137.4,131.1,140.5,136.0,130.2,129.9
SEALER-0069,573,09:33,132.5,125.9,138.9,133.1,128.8,123.1,137.3,130.5,139.5,135.6,131.1,130.8
SEALER-0069,574,09:34,130.8,126.2,139.2,133.5,129.9,123.7,138.7,130.4,139.7,135.7,131.5,130.4
SEALER-0069,575,09:35,132.0,125.0,138.5,133.4,130.0,124.1,139.2,131.4,139.7,135.6,131.4,130.2
SEALER-0069,576,09:36,132.5,125.3,139.2,133.0,129.6,124.4,138.2,130.7,140.6,135.9,131.3,130.7
SEALER-0069,577,09:37,132.4,126.5,139.6,133.1,130.4,123.8,137.6,129.7,141.0,135.7,132.8,131.5
SEALER-0069,578,09:38,132.9,126.4,139.8,134.2,130.0,124.0,138.4,130.5,139.7,136.2,132.1,130.7
SEALER-0069,579,09:39,132.6,126.9,139.2,133.3,130.0,124.4,139.0,131.4,140.3,136.0,132.0,131.4
SEALER-0069,580,09:40,133.0,126.3,140.0,134.4,129.7,124.4,138.8,132.1,141.0,136.8,131.8,131.2
SEALER-0069,581,09:41,132.8,126.7,139.3,134.1,130.5,124.3,138.8,132.0,140.8,136.5,131.4,131.9
SEALER-0069,582,09:42,133.5,126.8,140.4,133.6,130.9,124.3,139.3,131.7,140.7,136.2,132.7,131.5
SEALER-0069,583,09:43,132.7,127.2,140.7,133.9,131.1,124.5,138.8,131.0,140.9,137.2,132.8,131.8
SEALER-0069,584,09:44,133.1,126.6,140.6,133.8,130.5,125.2,138.1,131.6,141.3,136.3,132.9,132.1
SEALER-0069,585,09:45,133.3,126.7,140.7,134.3,131.1,123.8,139.7,131.8,141.5,136.4,132.8,131.4
SEALER-0069,586,09:46,133.1,126.7,140.8,133.3,130.2,124.8,138.8,132.5,141.2,136.6,132.6,131.4
SEALER-0069,587,09:47,133.6,126.9,141.5,133.8,130.4,124.6,139.6,132.0,141.4,136.4,131.8,131.7
SEALER-0069,588,09:48,133.7,126.7,140.6,134.7,131.8,124.2,139.6,132.1,141.8,137.9,133.3,131.7
SEALER-0069,589,09:49,133.5,128.2,140.3,134.1,130.8,125.5,139.5,131.8,141.5,136.8,133.1,132.1
SEALER-0069,590,09:50,134.0,126.6,140.6,134.7,131.3,124.4,139.5,131.9,141.4,137.4,132.6,132.6
SEALER-0069,591,09:51,133.7,127.5,141.7,133.8,131.2,125.4,139.6,132.6,141.4,137.4,133.0,131.7
SEALER-0069,592,09:52,134.5,127.8,141.0,134.6,131.4,125.9,140.8,132.4,142.6,137.0,134.1,132.2
SEALER-0069,593,09:53,133.1,128.1,141.5,135.5,132.0,126.3,140.1,132.8,141.8,137.5,132.7,131.6
SEALER-0069,594,09:54,134.3,127.2,141.5,135.3,131.8,124.7,140.0,132.7,141.2,137.5,133.8,132.2
SEALER-0069,595,09:55,133.7,127.8,140.8,135.1,131.5,125.8,140.2,131.8,142.2,137.4,133.6,133.4
SEALER-0069,596,09:56,134.4,128.0,141.5,134.6,131.6,125.5,139.9,132.9,142.2,137.0,133.4,132.2
SEALER-0069,597,09:57,134.3,127.5,141.1,135.4,132.3,125.9,139.9,133.7,142.5,137.8,133.9,133.1
SEALER-0069,598,09:58,134.7,128.1,141.8,135.6,132.4,126.9,141.0,132.8,142.0,138.1,134.0,133.3
SEALER-0069,599,09:59,133.5,128.2,142.1,135.1,132.0,125.5,141.4,132.9,142.7,137.7,133.7,133.1
SEALER-0069,600,10:00,134.1,127.3,141.8,135.7,132.7,126.0,140.6,133.9,143.1,138.1,134.1,133.3
SEALER-0069,601,10:01,134.4,129.2,142.6,135.9,132.5,126.4,141.4,132.8,143.3,138.2,135.1,133.7
SEALER-0069,602,10:02,135.8,128.7,141.9,136.2,132.9,126.3,140.8,132.8,141.7,137.9,134.4,133.3
SEALER-0069,603,10:03,134.4,128.7,142.8,135.7,133.2,125.8,141.5,133.5,142.3,137.5,133.7,133.4
SEALER-0069,604,10:04,133.6,129.3,142.7,136.6,132.0,126.4,140.9,133.5,142.8,138.0,134.3,134.0
SEALER-0069,605,10:05,134.8,128.7,141.1,136.2,133.7,126.8,141.7,133.8,142.2,138.3,134.8,134.2
SEALER-0069,606,10:06,136.8,128.8,142.1,135.6,133.7,126.9,141.6,133.6,142.9,138.9,134.5,132.8
SEALER-0069,607,10:07,135.5,129.2,143.0,136.4,132.6,126.8,142.1,134.1,143.5,139.4,134.4,133.9
SEALER-0069,608,10:08,136.4,129.1,142.8,136.5,133.6,127.6,142.2,134.1,144.3,138.9,134.1,133.9
SEALER-0069,609,10:09,134.4,129.0,144.0,135.8,132.5,126.6,142.1,134.0,143.7,139.6,134.8,133.8
SEALER-0069,610,10:10,135.6,128.9,143.1,137.2,133.2,127.3,142.4,134.3,144.1,138.6,135.6,134.7
SEALER-0069,611,10:11,135.0,130.2,143.1,136.4,134.0,126.7,141.4,133.9,143.8,140.1,134.0,133.4
SEALER-0069,612,10:12,135.0,128.7,142.7,137.0,133.2,127.1,142.0,134.5,143.7,138.6,134.4,133.8
SEALER-0069,613,10:13,135.6,129.3,142.8,136.1,133.1,128.3,142.5,134.7,143.3,138.8,134.6,134.0
SEALER-0069,614,10:14,135.6,129.0,143.8,137.3,133.1,128.1,142.5,134.5,144.3,139.4,135.3,134.2
SEALER-0069,615,10:15,136.5,129.7,143.4,137.7,133.8,127.4,142.8,135.3,143.7,138.9,134.9,134.6
SEALER-0069,616,10:16,135.8,129.2,144.2,137.1,133.7,127.8,142.0,134.2,144.4,138.7,136.0,135.6
SEALER-0069,617,10:17,136.1,130.1,144.0,136.4,133.4,127.2,143.2,134.8,144.2,139.1,135.2,134.6
SEALER-0069,618,10:18,135.8,129.8,143.5,137.4,134.7,127.7,142.9,135.3,144.5,139.7,135.2,134.3
SEALER-0069,619,10:19,137.0,129.6,143.0,137.3,134.6,126.8,142.6,135.4,143.8,139.8,135.4,134.9
SEALER-0069,620,10:20,136.4,130.8,143.6,137.1,133.7,128.6,142.2,134.8,145.0,140.4,136.9,135.7
SEALER-0069,621,10:21,136.5,129.9,144.1,136.6,134.8,128.9,143.3,135.4,144.6,139.7,136.9,135.2
SEALER-0069,622,10:22,136.5,130.1,143.7,137.9,134.1,128.3,144.0,134.6,145.6,139.7,137.0,134.9
SEALER-0069,623,10:23,137.1,130.4,145.2,137.6,135.3,128.4,143.4,135.0,145.0,139.2,136.3,135.6
SEALER-0069,624,10:24,137.6,129.9,144.1,137.8,134.3,128.6,142.1,136.8,144.5,140.1,135.9,135.1
SEALER-0069,625,10:25,136.6,129.7,145.1,137.5,134.7,127.7,142.6,135.6,145.4,141.0,136.9,135.2
SEALER-0069,626,10:26,137.3,130.9,144.2,138.4,136.0,129.5,143.6,135.1,145.4,139.6,137.0,136.3
SEALER-0069,627,10:27,137.5,130.7,144.7,137.3,134.5,128.1,143.9,135.4,145.0,140.1,136.8,136.3
SEALER-0069,628,10:28,137.1,130.6,144.8,138.5,135.0,128.9,143.6,135.6,145.2,139.8,136.3,136.4
SEALER-0069,629,10:29,136.6,131.1,143.9,137.4,135.6,128.6,143.9,137.2,145.2,139.9,136.9,136.0
SEALER-0069,630,10:30,137.6,131.8,144.1,138.4,135.5,128.5,144.7,136.3,145.1,140.8,137.1,135.8
SEALER-0069,631,10:31,136.9,131.2,145.6,138.4,135.3,129.3,144.4,135.7,145.0,140.1,136.5,136.4
SEALER-0069,632,10:32,138.1,131.0,144.8,139.3,136.1,129.1,144.6,136.6,146.1,141.3,137.3,136.1
SEALER-0069,633,10:33,137.5,130.1,145.1,138.8,135.4,129.0,144.5,135.9,146.1,141.6,136.1,136.5
SEALER-0069,634,10:34,138.0,131.7,144.4,138.8,136.3,129.6,145.1,137.1,145.4,140.7,137.6,136.2
SEALER-0069,635,10:35,137.9,131.2,144.8,138.7,136.1,129.6,144.7,136.0,145.4,140.8,137.3,136.6
SEALER-0069,636,10:36,138.9,131.3,144.6,139.3,136.3,128.6,145.2,136.8,146.3,141.8,136.7,136.8
SEALER-0069,637,10:37,138.7,131.2,145.8,138.7,135.7,129.3,144.9,137.0,145.2,141.2,137.2,137.7
SEALER-0069,638,10:38,139.5,131.8,145.7,138.9,135.8,129.6,144.8,137.3,147.4,141.4,138.3,136.5
SEALER-0069,639,10:39,138.4,131.5,145.6,139.1,136.6,130.1,144.7,136.3,146.8,141.3,137.7,136.9
SEALER-0069,640,10:40,137.1,131.8,145.6,138.2,135.7,128.7,145.3,136.0,147.4,141.4,137.9,137.2
SEALER-0069,641,10:41,137.7,131.7,145.5,139.5,136.2,130.0,145.8,136.6,146.8,141.7,137.4,137.5
SEALER-0069,642,10:42,138.2,131.8,144.7,139.1,136.5,130.3,144.9,138.1,146.5,141.7,138.5,137.6
SEALER-0069,643,10:43,139.0,132.5,146.5,139.9,137.8,130.8,145.8,137.6,147.0,141.8,138.4,136.7
SEALER-0069,644,10:44,138.1,131.9,146.9,140.1,136.1,130.5,145.0,137.5,147.3,141.8,138.1,137.7
SEALER-0069,645,10:45,138.8,132.7,145.9,140.1,136.7,130.1,146.0,137.3,147.1,141.5,137.5,137.9
SEALER-0069,646,10:46,139.2,131.9,146.8,139.4,136.7,130.2,145.1,137.4,146.9,142.0,138.0,136.9
SEALER-0069,647,10:47,139.3,131.4,146.7,139.3,136.6,130.4,146.2,137.7,147.7,143.3,138.2,138.2
SEALER-0069,648,10:48,139.5,132.5,147.4,139.6,136.9,130.6,146.4,137.0,147.7,141.3,138.1,137.6
SEALER-0069,649,10:49,139.7,132.8,146.4,139.7,136.8,130.2,146.1,137.5,147.9,142.3,138.2,137.6
SEALER-0069,650,10:50,138.7,132.7,146.5,140.7,137.2,130.2,145.5,138.4,147.0,142.3,138.9,138.6
SEALER-0069,651,10:51,139.8,132.0,146.4,140.2,138.1,132.3,146.3,137.6,147.8,141.8,138.1,138.4
SEALER-0069,652,10:52,139.7,132.1,146.0,139.7,137.6,130.7,146.8,138.2,147.2,142.8,138.8,139.1
SEALER-0069,653,10:53,139.1,132.4,146.5,139.6,137.8,131.3,146.5,138.1,147.2,142.9,139.5,139.1
SEALER-0069,654,10:54,139.1,132.6,147.2,140.4,137.5,131.3,146.2,138.1,147.3,142.7,138.9,137.8
SEALER-0069,655,10:55,140.4,132.9,146.9,140.7,137.4,130.8,147.1,138.0,148.4,142.8,139.7,138.2
SEALER-0069,656,10:56,140.3,132.9,147.8,141.0,137.5,131.4,146.8,137.8,147.5,142.7,140.3,138.5
SEALER-0069,657,10:57,140.2,134.0,147.2,140.6,137.4,131.9,146.3,139.0,148.1,142.9,139.2,139.7
SEALER-0069,658,10:58,140.1,132.7,147.1,141.0,138.0,131.8,147.0,139.2,148.6,143.9,139.2,139.1
SEALER-0069,659,10:59,140.2,133.4,146.5,140.3,137.7,131.9,147.0,138.3,147.6,142.0,139.1,138.9
SEALER-0069,660,11:00,141.0,133.3,148.3,141.6,137.4,131.4,146.4,138.4,148.2,143.2,139.2,139.1
SEALER-0069,661,11:01,140.6,133.8,147.7,141.3,138.3,132.0,147.2,137.4,148.9,142.8,139.8,139.2
SEALER-0069,662,11:02,140.7,133.8,147.2,141.4,138.0,131.8,147.0,139.1,149.0,143.6,139.2,138.5
SEALER-0069,663,11:03,141.0,132.9,147.9,141.5,138.3,132.5,148.3,139.2,147.6,143.1,139.6,139.4
SEALER-0069,664,11:04,140.5,133.7,146.9,141.6,137.6,132.5,148.0,139.5,148.5,143.0,139.0,138.8
SEALER-0069,665,11:05,140.4,134.0,147.4,141.9,138.1,132.4,147.4,138.7,149.3,144.2,139.9,139.0
SEALER-0069,666,11:06,140.3,134.0,148.2,141.4,138.1,132.3,147.4,139.0,148.5,144.0,140.5,139.6
SEALER-0069,667,11:07,141.1,133.7,147.4,141.5,138.5,133.0,147.1,139.7,148.4,144.2,139.9,139.5
SEALER-0069,668,11:08,141.8,133.3,148.6,141.2,139.1,132.5,147.2,138.8,149.2,144.4,140.1,140.0
SEALER-0069,669,11:09,141.2,133.9,147.8,140.7,138.7,132.7,147.6,139.7,149.9,144.3,140.1,138.4
SEALER-0069,670,11:10,140.3,134.5,147.6,141.3,139.5,132.1,147.8,140.1,149.0,144.3,140.8,140.0
SEALER-0069,671,11:11,140.7,132.9,148.3,141.6,138.8,133.1,148.3,140.3,149.6,144.1,139.7,140.4
SEALER-0069,672,11:12,141.3,134.2,148.1,142.1,139.5,132.3,148.6,140.4,148.9,145.0,140.8,139.3
SEALER-0069,673,11:13,141.3,134.6,148.7,142.6,139.5,133.7,148.7,139.4,149.1,144.0,139.9,139.9
SEALER-0069,674,11:14,141.5,134.0,148.7,142.3,138.8,133.5,148.0,140.7,149.0,145.7,140.1,140.8
SEALER-0069,675,11:15,141.8,134.7,148.7,142.3,138.9,132.1,148.7,140.2,149.3,144.6,140.4,139.9
SEALER-0069,676,11:16,142.3,134.1,148.1,141.7,139.6,132.9,149.0,140.1,149.2,144.7,140.2,140.1
SEALER-0069,677,11:17,141.9,134.9,149.4,141.4,139.0,133.5,149.2,140.3,150.0,144.7,140.6,140.4
SEALER-0069,678,11:18,142.3,134.4,148.4,142.5,139.8,133.9,148.6,139.8,149.7,144.3,140.4,140.5
SEALER-0069,679,11:19,141.9,134.8,149.8,143.2,139.6,132.8,148.7,141.1,150.2,144.7,140.8,140.5
SEALER-0069,680,11:20,142.0,133.8,149.2,142.6,140.0,134.0,148.6,140.0,150.1,145.3,140.3,141.7
SEALER-0069,681,11:21,141.6,134.6,148.6,142.0,140.5,132.9,148.8,139.7,150.2,143.7,140.7,140.9
SEALER-0069,682,11:22,142.7,133.9,149.5,142.7,139.6,133.4,149.1,141.5,150.0,144.9,140.9,140.7
SEALER-0069,683,11:23,142.4,135.8,149.7,142.8,140.4,133.8,149.5,141.1,150.4,144.8,141.4,140.0
SEALER-0069,684,11:24,141.7,135.1,150.7,142.7,140.7,133.5,149.5,141.8,150.3,145.9,141.8,141.7
SEALER-0069,685,11:25,142.1,135.5,149.5,143.0,140.7,134.4,149.3,141.9,149.9,145.7,140.9,140.4
SEALER-0069,686,11:26,142.4,136.0,149.6,142.6,140.0,134.2,150.5,141.3,150.0,145.1,141.1,141.3
SEALER-0069,687,11:27,142.5,135.4,149.4,143.6,140.9,133.6,149.8,141.9,150.6,145.2,141.4,141.5
SEALER-0069,688,11:28,142.0,135.0,149.1,142.7,140.2,134.2,148.3,141.2,150.2,145.4,141.8,141.4
SEALER-0069,689,11:29,142.5,136.9,149.2,143.4,140.0,134.1,150.7,140.8,151.3,145.4,141.5,141.1
SEALER-0069,690,11:30,143.2,135.8,149.4,143.4,140.1,134.6,149.5,141.6,150.7,145.2,141.5,141.6
SEALER-0069,691,11:31,143.2,135.7,149.6,142.9,140.6,134.0,150.1,140.9,150.6,146.3,141.8,140.4
SEALER-0069,692,11:32,142.9,135.9,150.2,144.3,141.1,133.8,150.2,141.5,151.2,146.1,141.8,142.4
SEALER-0069,693,11:33,143.3,136.2,150.1,143.7,140.9,133.8,149.6,141.8,151.3,145.6,141.6,142.1
SEALER-0069,694,11:34,143.3,135.4,150.2,142.9,141.0,134.3,149.8,142.3,151.5,145.9,142.2,143.0
SEALER-0069,695,11:35,142.8,135.0,148.9,143.7,141.1,135.2,150.5,142.1,150.2,146.5,142.2,141.2
SEALER-0069,696,11:36,144.4,135.6,150.1,144.4,140.8,135.0,150.2,141.9,151.4,146.8,141.5,141.9
SEALER-0069,697,11:37,143.2,135.0,150.1,143.5,141.4,135.4,149.1,141.5,151.4,146.6,141.8,142.4
SEALER-0069,698,11:38,142.8,136.4,151.0,144.9,141.1,135.2,149.8,142.2,151.9,146.7,141.6,142.0
SEALER-0069,699,11:39,143.6,135.7,150.8,143.5,141.5,135.1,151.6,142.4,151.4,146.4,142.4,142.1
SEALER-0069,700,11:40,143.1,136.1,150.6,144.9,140.8,135.9,150.2,142.6,152.3,146.6,142.3,140.9
SEALER-0069,701,11:41,144.0,136.5,151.3,145.3,141.0,135.7,151.3,141.7,151.9,146.4,142.6,141.2
SEALER-0069,702,11:42,143.5,135.7,150.6,145.1,141.8,134.9,150.7,142.1,151.9,146.3,142.3,142.4
SEALER-0069,703,11:43,144.0,136.7,151.7,144.3,141.5,135.2,151.3,142.7,152.2,147.0,143.5,143.0
SEALER-0069,704,11:44,143.7,136.9,151.0,143.9,142.6,135.8,150.9,142.6,153.1,146.5,142.8,142.4
SEALER-0069,705,11:45,144.2,136.3,151.0,144.5,141.6,136.0,151.6,143.4,153.0,146.9,143.1,141.5
SEALER-0069,706,11:46,143.7,137.5,151.3,144.1,141.8,135.2,151.3,143.4,152.1,146.8,144.0,143.0
SEALER-0069,707,11:47,143.0,136.7,151.2,144.3,142.1,135.1,152.5,143.3,152.3,146.7,143.4,143.0
SEALER-0069,708,11:48,144.9,136.0,151.3,145.0,142.2,135.7,151.7,142.6,152.1,147.8,141.9,142.8
SEALER-0069,709,11:49,144.0,136.1,150.8,144.6,142.9,135.7,150.6,142.9,152.7,146.8,143.3,143.0
SEALER-0069,710,11:50,144.9,137.3,151.6,144.3,141.7,135.7,150.5,142.7,152.6,147.3,143.0,143.1
SEALER-0069,711,11:51,143.8,136.9,150.7,144.9,142.4,135.3,152.0,143.5,153.2,146.7,143.7,142.6
SEALER-0069,712,11:52,144.6,137.1,152.0,144.4,143.1,135.9,152.0,143.0,153.1,147.8,143.7,143.0
SEALER-0069,713,11:53,144.8,137.3,152.3,144.8,142.6,136.7,152.4,142.6,152.4,148.2,143.9,142.3
SEALER-0069,714,11:54,144.8,136.6,152.0,144.6,142.6,136.0,151.9,143.5,152.7,147.7,143.9,143.5
SEALER-0069,715,11:55,145.6,137.3,152.1,145.5,142.9,136.2,151.8,143.1,153.0,147.6,143.6,143.8
SEALER-0069,716,11:56,145.8,138.0,152.3,143.8,142.2,135.6,152.1,143.1,153.8,147.8,144.9,144.5
SEALER-0069,717,11:57,144.5,136.9,152.6,145.6,143.0,136.0,152.3,144.3,153.2,147.5,143.4,144.4
SEALER-0069,718,11:58,145.2,138.0,152.0,146.1,142.6,136.5,152.3,144.2,153.6,147.1,144.5,143.1
SEALER-0069,719,11:59,144.1,137.8,152.0,146.5,142.8,135.6,152.5,144.0,152.9,147.9,143.6,143.1
SEALER-0069,720,12:00,146.4,137.9,152.5,146.1,142.8,136.3,152.4,145.1,153.2,147.4,143.5,142.8
SEALER-0069,721,12:01,145.3,137.6,151.5,145.4,142.3,136.5,152.0,143.7,154.1,148.2,144.9,143.7
SEALER-0069,722,12:02,145.2,138.5,152.3,144.8,142.8,137.2,152.5,143.5,153.5,148.2,143.5,143.1
SEALER-0069,723,12:03,144.8,138.2,152.8,145.8,143.2,136.9,152.6,143.4,153.1,148.6,145.1,143.4
SEALER-0069,724,12:04,145.7,138.3,152.5,146.2,143.4,137.0,152.8,144.5,153.1,148.0,145.8,144.0
SEALER-0069,725,12:05,145.5,137.8,152.6,146.6,143.5,137.7,153.3,145.0,154.8,148.3,143.9,143.6
SEALER-0069,726,12:06,145.7,138.6,153.5,145.4,143.0,137.6,152.7,144.2,153.6,148.7,143.8,144.3
SEALER-0069,727,12:07,145.9,138.3,152.8,146.3,144.4,137.1,153.0,144.9,154.3,148.6,144.6,143.2
SEALER-0069,728,12:08,147.1,138.8,153.5,145.6,144.0,137.8,153.3,145.5,154.0,148.1,144.7,143.2
SEALER-0069,729,12:09,146.0,138.7,152.9,145.6,144.2,136.4,153.7,145.1,154.4,148.4,145.3,143.9
SEALER-0069,730,12:10,146.3,138.7,153.1,146.3,143.9,137.4,154.4,144.5,153.4,148.5,145.5,145.1
SEALER-0069,731,12:11,146.0,138.6,153.5,146.6,144.7,136.8,152.5,145.2,154.0,149.1,145.0,145.0
SEALER-0069,732,12:12,146.3,138.5,152.9,146.3,143.8,137.1,153.4,144.3,153.9,148.3,145.4,144.0
SEALER-0069,733,12:13,145.7,139.5,154.5,146.2,144.7,137.6,153.8,145.3,154.6,149.0,145.4,144.1
SEALER-0069,734,12:14,146.2,139.4,153.8,146.6,144.5,137.4,152.8,145.6,154.5,149.4,144.6,145.7
SEALER-0069,735,12:15,146.2,139.7,153.5,146.2,143.7,138.9,153.6,144.9,154.3,149.8,145.2,144.2
SEALER-0069,736,12:16,145.9,138.4,153.2,146.6,144.8,137.5,154.6,145.1,154.3,148.7,145.1,143.8
SEALER-0069,737,12:17,147.0,139.4,154.6,146.6,144.6,138.0,153.8,145.6,154.5,149.6,145.6,145.1
SEALER-0069,738,12:18,146.5,137.9,154.6,146.8,144.2,138.5,153.7,145.8,154.8,150.0,144.4,145.7
SEALER-0069,739,12:19,146.0,138.4,154.0,147.2,144.5,138.1,153.8,145.8,155.2,149.4,145.1,145.1
SEALER-0069,740,12:20,147.1,139.3,154.4,146.4,144.8,138.4,154.9,145.4,154.1,150.7,145.3,145.3
SEALER-0069,741,12:21,147.3,139.5,153.8,147.1,145.3,138.5,154.6,145.9,154.8,149.3,144.9,146.2
SEALER-0069,742,12:22,146.6,140.1,153.4,147.3,145.0,139.3,154.2,145.6,154.2,149.4,145.4,145.7
SEALER-0069,743,12:23,146.2,139.6,153.4,148.0,145.4,137.9,154.8,146.6,155.2,149.2,146.4,146.4
SEALER-0069,744,12:24,146.2,138.9,153.5,146.8,144.9,139.1,154.4,146.1,154.3,149.1,146.3,146.1
SEALER-0069,745,12:25,147.1,138.9,155.0,146.9,144.5,138.7,153.8,145.7,154.9,150.5,145.8,145.6
SEALER-0069,746,12:26,147.3,139.4,154.9,147.4,144.7,138.5,154.7,145.3,155.1,149.7,145.9,146.3
SEALER-0069,747,12:27,147.0,139.4,154.8,147.9,144.8,138.3,154.9,145.6,156.2,150.3,146.6,146.4
SEALER-0069,748,12:28,146.8,139.7,154.1,147.6,144.9,138.5,155.5,146.0,154.5,150.5,146.6,145.1
SEALER-0069,749,12:29,146.7,139.3,154.4,147.0,145.4,139.2,154.7,146.5,155.0,150.0,145.7,145.9
SEALER-0069,750,12:30,147.8,140.0,155.2,147.6,145.2,139.1,154.7,146.2,155.1,150.1,145.6,145.1
SEALER-0069,751,12:31,147.3,140.0,154.5,148.8,146.0,139.6,155.0,146.7,155.8,151.0,146.0,145.5
SEALER-0069,752,12:32,147.4,140.7,155.1,148.6,145.8,138.7,154.8,147.6,156.5,149.7,146.2,146.2
SEALER-0069,753,12:33,148.1,140.3,154.7,147.9,146.6,138.8,155.2,147.4,156.2,150.3,146.3,146.8
SEALER-0069,754,12:34,147.8,139.9,155.1,147.8,145.5,139.5,155.4,146.1,156.4,150.7,146.8,146.1
SEALER-0069,755,12:35,148.7,140.1,155.3,148.6,146.2,138.6,154.8,146.6,156.3,150.7,146.7,146.1
SEALER-0069,756,12:36,148.6,140.0,154.8,147.9,145.5,139.0,156.0,146.7,156.4,150.9,145.2,146.4
SEALER-0069,757,12:37,147.7,140.6,155.4,148.8,146.4,138.6,155.6,146.7,156.6,149.9,146.3,145.9
SEALER-0069,758,12:38,147.7,139.6,155.6,148.4,146.2,139.6,155.6,147.6,155.8,151.2,146.3,146.4
SEALER-0069,759,12:39,148.8,140.7,154.8,148.3,146.1,139.8,155.7,147.6,157.2,150.8,147.3,146.4
SEALER-0069,760,12:40,148.9,139.9,154.8,149.6,145.5,140.7,155.0,146.5,156.6,150.1,146.9,146.1
SEALER-0069,761,12:41,148.2,140.9,154.3,149.1,145.5,139.6,155.7,147.2,156.4,150.2,146.5,147.4
SEALER-0069,762,12:42,148.6,141.3,156.1,148.6,146.6,140.1,156.3,147.2,156.2,151.1,147.0,146.3
SEALER-0069,763,12:43,147.2,140.6,156.3,148.3,146.3,139.7,156.1,147.3,156.1,150.3,147.3,147.2
SEALER-0069,764,12:44,148.0,140.4,155.4,148.5,145.5,141.0,156.7,147.8,156.4,150.4,146.8,146.9
SEALER-0069,765,12:45,148.3,141.9,155.0,148.6,146.7,140.3,156.0,147.4,157.0,151.3,147.3,147.1
SEALER-0069,766,12:46,148.5,140.5,156.0,148.7,147.6,141.0,156.3,146.7,156.1,152.1,146.1,146.9
SEALER-0069,767,12:47,149.4,140.3,155.9,149.5,146.6,139.3,155.8,147.1,157.1,152.0,147.9,148.1
SEALER-0069,768,12:48,148.6,141.2,155.3,149.1,146.6,140.2,155.6,148.0,156.6,151.3,147.1,147.2
SEALER-0069,769,12:49,149.4,140.3,156.0,149.5,146.8,140.8,155.4,147.7,157.3,151.3,147.5,147.0
SEALER-0069,770,12:50,148.7,140.3,156.3,148.9,147.2,140.0,157.1,147.8,157.3,151.7,147.3,147.5
SEALER-0069,771,12:51,149.4,141.7,155.9,148.7,147.2,140.3,157.6,148.3,157.4,151.3,147.6,147.0
SEALER-0069,772,12:52,148.9,140.4,156.7,149.8,147.0,141.0,157.0,148.7,157.4,151.6,148.3,148.1
SEALER-0069,773,12:53,147.7,140.9,155.8,149.5,146.8,139.8,156.9,148.3,157.5,152.0,147.7,147.4
SEALER-0069,774,12:54,149.2,142.0,156.4,149.2,146.7,139.5,156.3,148.7,157.1,151.6,147.3,147.4
SEALER-0069,775,12:55,149.4,141.9,156.3,149.4,146.9,140.9,157.6,148.5,157.6,152.9,147.8,148.2
SEALER-0069,776,12:56,149.2,142.0,156.7,150.4,147.8,141.2,156.8,148.4,157.5,152.5,148.0,148.2
SEALER-0069,777,12:57,150.1,140.7,157.1,149.6,147.1,141.5,157.5,148.2,157.3,152.5,147.5,147.8
SEALER-0069,778,12:58,149.2,141.3,157.1,150.7,148.3,140.6,156.7,148.3,157.6,152.9,147.7,148.5
SEALER-0069,779,12:59,150.1,142.0,155.9,149.6,147.6,140.2,157.0,149.6,157.0,152.1,149.8,147.7
SEALER-0069,780,13:00,149.1,142.2,156.7,149.5,148.1,140.4,157.4,148.2,158.2,152.5,148.4,148.1
SEALER-0069,781,13:01,148.9,141.7,156.7,149.9,147.8,141.0,157.2,148.5,157.8,151.6,148.4,148.1
SEALER-0069,782,13:02,149.6,141.0,156.2,151.2,147.6,140.2,157.2,148.9,157.7,151.6,148.1,148.2
SEALER-0069,783,13:03,149.3,141.3,156.6,150.2,147.7,142.2,156.8,148.9,158.6,153.3,149.0,146.8
SEALER-0069,784,13:04,149.4,142.2,157.3,149.3,148.4,141.3,156.3,147.8,159.3,152.2,149.2,149.1
SEALER-0069,785,13:05,149.8,142.4,157.1,150.2,148.2,141.0,157.0,149.2,158.0,152.8,148.4,148.6
SEALER-0069,786,13:06,150.3,142.3,158.2,151.8,148.3,141.2,158.9,149.4,158.1,152.6,149.1,148.4
SEALER-0069,787,13:07,150.1,142.2,157.7,150.7,147.8,141.7,157.1,149.1,159.1,152.4,148.4,148.8
SEALER-0069,788,13:08,149.8,141.8,158.4,149.8,147.8,141.7,158.5,149.3,158.9,152.6,149.3,147.8
SEALER-0069,789,13:09,150.4,142.9,157.4,151.2,148.7,141.8,157.6,149.6,159.4,152.8,148.7,148.7
SEALER-0069,790,13:10,150.3,142.3,157.0,150.8,148.9,142.3,157.0,149.9,158.4,152.5,148.9,148.8
SEALER-0069,791,13:11,150.5,142.5,157.9,151.2,148.2,141.1,157.3,149.1,158.0,153.2,149.0,149.5
SEALER-0069,792,13:12,150.5,142.7,158.0,151.1,148.7,141.8,158.2,149.3,159.1,152.1,149.1,147.6
SEALER-0069,793,13:13,150.4,142.2,157.6,151.4,148.7,141.0,158.2,149.8,158.6,153.0,149.1,149.1
SEALER-0069,794,13:14,150.7,143.0,157.5,150.6,149.0,142.9,159.4,148.6,158.8,153.4,147.7,149.2
SEALER-0069,795,13:15,150.6,142.0,157.9,151.2,148.1,142.1,158.1,148.7,158.8,154.0,149.9,149.6
SEALER-0069,796,13:16,151.0,143.2,158.2,150.9,149.2,141.7,158.0,149.0,159.2,153.5,149.9,149.5
SEALER-0069,797,13:17,150.9,144.1,158.1,151.5,149.8,142.0,158.9,150.3,159.7,153.4,149.1,149.5
SEALER-0069,798,13:18,150.3,143.2,158.5,151.9,149.5,142.6,158.3,149.1,159.7,153.2,149.5,149.3
SEALER-0069,799,13:19,150.5,143.5,158.3,150.6,148.9,142.7,158.8,149.9,158.8,153.6,150.0,149.9
SEALER-0069,800,13:20,151.3,142.7,158.1,151.3,149.2,143.2,158.7,150.3,159.8,153.9,149.9,150.3
SEALER-0069,801,13:21,151.2,143.2,158.4,152.2,148.4,142.3,158.8,150.6,158.6,152.8,149.0,149.1
SEALER-0069,802,13:22,151.4,144.0,158.4,151.1,148.9,142.4,159.2,150.8,159.2,153.8,149.9,149.9
SEALER-0069,803,13:23,151.9,143.6,159.2,150.9,149.0,143.2,158.7,150.4,159.2,153.7,150.5,149.4
SEALER-0069,804,13:24,150.9,143.4,158.9,151.3,149.8,142.1,158.7,150.0,159.6,153.7,150.2,149.7
SEALER-0069,805,13:25,151.5,143.7,158.6,151.8,149.6,142.5,159.7,150.4,160.0,154.1,150.2,150.8
SEALER-0069,806,13:26,152.1,143.3,158.4,151.9,149.8,142.3,159.3,151.7,160.5,153.5,150.6,150.1
SEALER-0069,807,13:27,151.2,144.1,158.9,151.2,149.6,143.6,159.4,151.4,160.6,153.7,150.6,149.4
SEALER-0069,808,13:28,151.4,143.6,158.4,152.5,149.7,142.6,159.4,150.9,160.5,154.6,151.2,150.3
SEALER-0069,809,13:29,152.7,143.4,159.0,151.9,149.8,142.7,159.5,150.2,161.2,154.1,149.9,150.7
SEALER-0069,810,13:30,151.5,143.9,158.6,151.6,149.7,142.8,159.4,151.2,160.1,154.5,149.8,150.4
SEALER-0069,811,13:31,151.6,143.5,159.1,152.7,150.6,143.1,159.7,151.0,159.6,154.0,150.0,150.2
SEALER-0069,812,13:32,152.1,143.8,159.0,152.5,149.5,142.7,159.2,151.7,160.0,153.8,150.6,150.9
SEALER-0069,813,13:33,152.0,144.1,159.7,152.6,150.6,143.7,159.2,150.0,161.0,153.9,150.5,151.0
SEALER-0069,814,13:34,151.7,144.1,158.8,151.5,149.7,143.7,159.8,151.2,160.0,154.3,150.5,151.0
SEALER-0069,815,13:35,152.1,144.9,159.0,152.3,150.0,144.8,159.4,151.0,160.4,154.4,151.5,150.7
SEALER-0069,816,13:36,151.5,143.8,158.9,152.1,150.6,143.5,160.5,151.5,160.8,154.6,150.4,150.2
SEALER-0069,817,13:37,151.9,144.0,159.1,152.4,149.7,143.3,160.1,150.5,161.0,154.6,151.7,150.7
SEALER-0069,818,13:38,151.6,143.7,159.7,151.6,149.9,142.7,160.9,151.2,160.6,156.0,150.8,149.7
SEALER-0069,819,13:39,152.3,144.2,159.1,153.2,150.4,144.2,160.7,151.6,160.9,155.6,151.5,150.3
SEALER-0069,820,13:40,153.8,144.6,159.4,152.5,151.1,144.7,160.3,151.8,160.7,155.1,150.9,150.7
SEALER-0069,821,13:41,152.9,145.1,159.8,153.8,151.2,144.4,159.7,151.1,161.0,154.2,151.4,150.8
SEALER-0069,822,13:42,152.6,143.9,158.7,152.4,151.3,143.3,160.8,151.0,160.8,155.8,151.9,151.4
SEALER-0069,823,13:43,152.3,143.0,159.6,152.6,151.2,143.6,160.7,152.0,161.1,154.7,151.6,151.2
SEALER-0069,824,13:44,152.0,145.5,160.4,153.4,150.9,143.9,160.2,152.3,161.4,155.7,151.3,151.5
SEALER-0069,825,13:45,153.0,144.1,159.5,152.5,150.8,144.3,160.6,151.6,161.6,155.4,151.6,151.3
SEALER-0069,826,13:46,152.9,144.9,159.5,153.2,150.9,144.5,160.7,151.4,160.6,155.2,152.1,151.1
SEALER-0069,827,13:47,152.1,145.5,160.2,151.8,151.5,144.3,160.5,152.2,162.1,155.1,150.9,150.7
SEALER-0069,828,13:48,152.7,144.7,161.0,154.6,151.6,144.8,161.3,151.5,161.8,154.8,152.0,151.9
SEALER-0069,829,13:49,153.3,145.2,160.7,153.0,151.2,143.8,160.8,151.5,161.2,155.4,152.0,151.5
SEALER-0069,830,13:50,153.1,144.7,161.0,153.5,152.2,144.7,160.6,152.4,161.4,156.0,151.5,151.4
SEALER-0069,831,13:51,152.8,145.3,160.1,153.7,151.1,144.8,161.3,151.8,162.5,156.1,151.6,152.5
SEALER-0069,832,13:52,153.0,145.2,160.6,153.5,150.6,144.4,161.4,152.3,161.1,155.7,152.0,151.2
SEALER-0069,833,13:53,154.0,145.2,160.0,152.5,151.5,144.3,160.5,152.2,161.7,155.4,150.8,151.6
SEALER-0069,834,13:54,153.5,145.1,161.3,153.8,151.4,144.6,161.4,153.0,162.2,155.5,151.3,151.3
SEALER-0069,835,13:55,153.9,145.5,160.6,153.1,151.2,144.9,161.5,151.3,162.1,155.8,151.4,151.3
SEALER-0069,836,13:56,154.1,144.5,160.3,153.7,151.7,144.9,162.0,152.4,162.1,156.2,152.3,152.4
SEALER-0069,837,13:57,153.7,145.9,161.3,153.7,151.4,144.0,161.9,153.9,162.3,156.0,150.3,151.8
SEALER-0069,838,13:58,154.2,145.4,161.3,153.8,151.9,145.2,161.7,153.2,162.1,156.8,152.4,152.1
SEALER-0069,839,13:59,152.7,144.9,161.6,153.0,151.6,144.5,161.2,152.1,162.4,156.5,151.8,152.5
SEALER-0069,840,14:00,154.2,145.7,160.8,154.5,152.3,145.1,162.0,152.6,162.9,157.5,152.4,151.6
SEALER-0069,841,14:01,152.9,145.6,160.4,154.5,151.8,144.9,161.4,152.1,162.8,156.5,152.1,153.0
SEALER-0069,842,14:02,153.8,146.6,160.6,154.5,151.6,145.4,161.9,152.3,162.9,156.7,153.2,152.2
SEALER-0069,843,14:03,154.0,146.0,162.0,154.6,151.6,145.3,162.0,152.6,163.0,155.5,152.7,152.4
SEALER-0069,844,14:04,153.6,145.8,161.8,154.6,152.2,146.0,161.7,153.0,162.4,156.6,152.4,152.4
SEALER-0069,845,14:05,153.8,146.1,161.4,154.0,152.5,145.3,162.6,153.0,161.5,156.2,152.8,152.4
SEALER-0069,846,14:06,154.7,145.8,161.8,153.3,151.6,145.6,161.4,153.9,162.7,157.1,153.1,153.2
SEALER-0069,847,14:07,154.2,146.2,161.6,154.6,152.2,145.1,162.3,152.3,163.0,157.5,152.3,153.3
SEALER-0069,848,14:08,154.0,146.0,161.6,154.7,152.3,145.1,162.2,152.9,163.3,156.6,153.4,151.8
SEALER-0069,849,14:09,153.5,146.6,162.0,153.7,152.4,146.1,161.7,153.3,162.2,157.0,152.4,152.5
SEALER-0069,850,14:10,154.8,146.2,162.0,155.2,152.2,145.9,161.9,153.3,163.3,156.6,152.5,152.7
SEALER-0069,851,14:11,154.3,147.4,161.8,154.4,152.1,146.4,162.5,153.5,163.1,156.2,152.6,153.5
SEALER-0069,852,14:12,153.4,146.5,161.2,154.7,152.1,146.3,162.6,152.6,163.4,157.4,154.3,152.9
SEALER-0069,853,14:13,154.1,146.5,162.1,154.1,152.9,147.1,162.9,153.8,162.7,157.6,152.3,153.5
SEALER-0069,854,14:14,154.7,146.8,162.3,154.7,153.4,144.4,163.1,153.5,162.3,157.2,152.4,153.2
SEALER-0069,855,14:15,154.5,147.3,162.3,154.7,152.8,146.2,163.0,152.4,162.8,156.8,153.3,152.9
SEALER-0069,856,14:16,154.3,146.1,161.6,155.2,152.9,146.0,162.7,153.6,163.1,157.5,153.8,153.1
SEALER-0069,857,14:17,155.1,146.7,162.8,155.1,152.4,146.0,162.5,153.1,162.7,157.4,153.5,152.7
SEALER-0069,858,14:18,155.5,147.2,162.1,155.0,153.2,145.9,163.5,153.0,163.7,157.0,153.0,154.1
SEALER-0069,859,14:19,154.5,145.8,161.5,155.5,154.2,145.9,162.9,155.3,163.2,157.2,153.3,153.1
SEALER-0069,860,14:20,155.5,147.1,162.5,154.9,153.4,145.7,162.9,153.0,163.8,158.5,153.0,155.0
SEALER-0069,861,14:21,154.2,147.0,162.2,154.8,153.4,145.9,163.2,154.5,163.3,157.6,153.8,152.7
SEALER-0069,862,14:22,155.3,146.2,163.1,155.8,153.8,147.4,163.1,153.9,163.4,157.9,154.2,154.0
SEALER-0069,863,14:23,155.4,146.3,162.4,155.5,153.8,146.2,163.9,153.6,163.4,158.1,154.5,152.9
SEALER-0069,864,14:24,155.0,147.3,161.7,154.6,154.1,146.3,162.6,153.6,164.4,158.1,154.3,153.2
SEALER-0069,865,14:25,155.8,146.7,162.0,155.7,152.8,146.6,163.3,154.6,163.3,158.4,153.8,153.5
SEALER-0069,866,14:26,155.9,147.6,163.4,155.3,153.8,146.9,163.5,154.4,163.2,158.7,154.1,154.1
SEALER-0069,867,14:27,155.9,147.8,163.0,156.1,153.0,146.6,163.3,155.0,163.2,157.3,153.7,154.5
SEALER-0069,868,14:28,156.0,147.0,162.4,155.2,153.4,146.9,163.8,154.0,164.4,157.0,153.6,154.2
SEALER-0069,869,14:29,156.9,147.3,163.1,155.2,153.6,146.8,163.4,154.4,162.9,159.1,154.1,154.5
SEALER-0069,870,14:30,155.8,147.9,163.2,155.9,153.9,147.1,164.3,154.0,164.6,158.6,154.4,153.6
SEALER-0069,871,14:31,156.1,147.9,163.1,156.4,154.1,146.5,164.3,155.3,165.0,159.3,153.7,154.8
SEALER-0069,872,14:32,156.0,147.2,162.9,155.6,153.8,147.8,164.2,155.2,164.4,158.5,154.5,153.7
SEALER-0069,873,14:33,155.9,147.0,162.5,156.2,154.6,147.4,164.4,154.4,164.9,158.5,154.1,154.5
SEALER-0069,874,14:34,155.6,147.9,163.5,156.2,153.2,147.3,163.8,154.8,164.5,158.1,153.3,154.6
SEALER-0069,875,14:35,155.4,148.6,163.4,156.2,153.6,148.9,164.2,155.1,164.9,158.2,155.4,153.7
SEALER-0069,876,14:36,156.5,146.3,163.4,155.9,153.9,147.5,164.8,154.4,164.5,159.1,154.0,154.1
SEALER-0069,877,14:37,155.9,148.1,163.5,157.1,154.4,147.5,163.6,155.9,164.3,159.1,154.8,154.9
SEALER-0069,878,14:38,156.1,147.6,164.0,156.6,154.1,147.6,163.8,155.3,164.7,158.3,155.1,154.7
SEALER-0069,879,14:39,156.8,147.5,163.4,157.1,154.6,147.1,164.1,154.5,164.6,157.9,155.1,155.2
SEALER-0069,880,14:40,155.0,147.6,163.8,156.6,154.4,147.7,164.5,155.1,164.1,158.5,154.3,155.6
SEALER-0069,881,14:41,156.8,148.2,163.4,156.6,154.8,147.5,164.7,155.7,165.2,159.0,155.4,155.0
SEALER-0069,882,14:42,156.1,147.8,163.6,156.1,155.0,147.0,164.1,155.5,165.3,159.5,155.8,155.6
SEALER-0069,883,14:43,157.1,148.1,164.0,156.6,154.1,148.1,164.9,154.4,165.2,158.7,155.8,155.3
SEALER-0069,884,14:44,157.0,148.4,164.7,156.6,154.4,147.9,165.8,156.2,164.9,159.8,154.7,155.2
SEALER-0069,885,14:45,157.5,148.7,163.8,156.9,154.2,148.2,164.6,155.8,164.7,158.8,154.9,154.9
SEALER-0069,886,14:46,156.4,149.1,163.6,156.6,154.7,148.0,165.5,155.4,165.4,159.2,155.1,156.0
SEALER-0069,887,14:47,156.1,148.0,163.8,157.3,154.4,148.6,165.8,155.9,165.1,159.1,154.7,155.3
SEALER-0069,888,14:48,156.6,148.6,165.3,156.3,155.5,149.2,164.9,156.1,165.5,158.5,155.2,154.9
SEALER-0069,889,14:49,156.5,148.9,164.0,157.1,155.0,148.3,164.7,155.3,165.5,159.6,156.2,155.8
SEALER-0069,890,14:50,156.5,149.9,164.8,158.1,154.5,148.4,163.9,156.1,165.8,159.6,156.3,154.8
SEALER-0069,891,14:51,157.0,149.2,163.5,157.3,155.1,147.6,165.8,156.4,166.0,159.0,155.3,155.5
SEALER-0069,892,14:52,156.8,148.7,163.9,157.3,154.8,148.1,166.4,155.6,166.0,159.3,155.4,155.5
SEALER-0069,893,14:53,156.6,149.7,164.3,156.9,155.7,147.9,166.3,156.0,164.6,159.0,156.2,155.5
SEALER-0069,894,14:54,157.4,148.4,164.7,157.5,155.1,147.8,165.2,155.9,165.0,159.5,156.3,155.6
SEALER-0069,895,14:55,157.4,149.1,164.5,157.6,154.9,148.5,165.3,155.9,166.1,158.9,155.7,156.8
SEALER-0069,896,14:56,156.1,149.6,165.1,157.7,155.5,149.2,165.4,156.2,165.3,159.6,155.0,155.5
SEALER-0069,897,14:57,157.1,150.1,164.8,157.2,155.3,148.3,166.2,156.3,166.0,160.0,155.7,155.5
SEALER-0069,898,14:58,157.7,148.9,164.6,156.8,155.3,148.1,166.5,156.1,165.6,160.5,156.1,156.3
SEALER-0069,899,14:59,157.5,149.3,164.6,157.2,154.8,149.1,165.5,156.5,166.0,160.4,156.0,156.2
SEALER-0069,900,15:00,158.6,149.7,164.1,157.4,156.2,148.3,165.9,156.1,165.7,160.3,155.7,155.3
SEALER-0069,901,15:01,158.3,149.6,166.0,158.2,155.9,148.9,166.3,156.2,165.4,160.7,155.8,156.7
SEALER-0069,902,15:02,157.8,149.3,165.9,159.0,155.7,147.8,166.1,157.4,165.4,161.0,155.6,156.5
SEALER-0069,903,15:03,158.2,149.5,165.3,157.3,155.6,149.1,165.8,156.3,166.7,159.5,156.2,155.6
SEALER-0069,904,15:04,157.4,149.3,166.0,157.2,155.8,148.8,166.8,157.5,166.4,160.9,156.8,157.4
SEALER-0069,905,15:05,158.4,149.4,164.9,158.0,155.8,148.9,165.9,156.7,166.4,161.4,156.1,155.9
SEALER-0069,906,15:06,156.8,150.4,165.9,157.9,156.6,148.7,166.2,157.2,166.8,161.2,156.4,156.3
SEALER-0069,907,15:07,158.5,150.3,165.7,158.6,156.0,149.9,166.1,157.4,166.1,161.1,156.2,156.1
SEALER-0069,908,15:08,157.5,149.4,165.5,158.6,156.0,149.0,167.5,156.5,166.0,160.8,157.2,157.0
SEALER-0069,909,15:09,158.3,149.1,164.9,158.9,156.1,149.3,166.5,157.3,167.3,160.4,155.6,156.1
SEALER-0069,910,15:10,158.2,150.3,164.8,158.5,155.7,148.6,165.8,157.3,166.7,160.9,157.2,156.7
SEALER-0069,911,15:11,157.6,149.5,166.6,158.3,157.4,149.2,166.6,157.7,167.0,161.3,156.4,156.9
SEALER-0069,912,15:12,157.8,150.1,166.3,158.4,156.4,149.5,166.6,157.2,166.5,161.3,157.1,156.1
SEALER-0069,913,15:13,158.7,150.3,165.6,159.2,156.5,148.8,167.1,156.9,167.5,160.9,156.4,157.0
SEALER-0069,914,15:14,158.7,150.0,166.6,158.6,156.8,149.7,165.9,158.8,167.3,160.7,156.3,157.0
SEALER-0069,915,15:15,158.5,150.4,165.5,158.4,156.5,149.7,168.0,157.7,167.6,160.0,157.3,157.0
SEALER-0069,916,15:16,157.7,148.7,165.5,159.0,157.0,149.5,167.2,156.9,167.3,160.6,157.5,157.0
SEALER-0069,917,15:17,159.0,149.7,165.7,158.9,155.9,149.7,166.6,158.9,167.2,159.8,156.7,157.7
SEALER-0069,918,15:18,158.3,151.1,166.2,158.4,157.3,148.8,167.0,157.5,167.4,161.9,157.2,157.7
SEALER-0069,919,15:19,159.2,150.2,165.7,159.2,157.3,149.4,167.8,157.9,168.1,161.0,156.6,157.7
SEALER-0069,920,15:20,158.7,150.7,166.8,158.6,157.4,149.9,166.5,158.1,167.2,159.8,157.5,158.4
SEALER-0069,921,15:21,158.6,150.0,166.9,158.9,156.7,150.3,167.2,157.9,167.4,161.3,158.1,157.3
SEALER-0069,922,15:22,158.7,150.4,166.7,159.2,157.4,149.9,168.3,157.8,167.1,160.9,158.2,157.3
SEALER-0069,923,15:23,158.1,151.6,167.5,158.6,158.0,149.6,167.0,157.4,168.0,160.2,157.1,156.7
SEALER-0069,924,15:24,159.8,150.6,166.8,159.4,157.2,150.1,167.3,158.5,167.8,160.9,157.3,157.6
SEALER-0069,925,15:25,159.5,150.0,167.1,160.1,158.2,149.9,167.2,157.2,167.9,161.6,157.9,157.1
SEALER-0069,926,15:26,159.3,150.5,165.3,160.4,157.9,149.8,167.7,158.2,166.8,161.6,157.5,156.3
SEALER-0069,927,15:27,159.9,151.1,166.4,159.9,157.2,151.4,167.2,158.0,167.7,162.5,158.0,158.2
SEALER-0069,928,15:28,159.2,151.1,165.5,158.3,157.8,149.7,167.6,158.8,168.1,161.7,157.8,157.6
SEALER-0069,929,15:29,159.7,150.0,165.5,158.7,157.4,150.0,169.1,158.0,168.7,161.2,157.8,157.3
SEALER-0069,930,15:30,159.9,151.1,166.1,160.3,158.0,150.5,168.5,158.6,166.8,162.4,158.1,158.5
SEALER-0069,931,15:31,159.9,151.1,167.0,159.7,158.5,150.7,167.3,158.3,167.4,159.8,157.9,158.1
SEALER-0069,932,15:32,160.6,150.6,165.5,157.9,157.2,151.7,167.6,158.4,167.7,160.1,158.5,158.7
SEALER-0069,933,15:33,160.0,150.0,165.8,158.6,157.7,150.5,168.4,158.1,167.0,160.6,157.4,159.0
SEALER-0069,934,15:34,159.6,151.1,165.7,160.5,157.1,150.5,167.8,159.0,169.1,161.6,158.6,158.4
SEALER-0069,935,15:35,159.7,149.8,164.8,160.6,158.2,151.4,168.3,158.6,169.0,159.5,157.7,158.4
SEALER-0069,936,15:36,160.3,152.2,166.3,159.8,156.8,150.9,167.4,158.3,167.6,159.7,157.4,158.9
SEALER-0069,937,15:37,159.6,151.3,165.3,159.7,157.3,150.8,169.0,158.5,167.5,163.3,157.1,158.8
SEALER-0069,938,15:38,159.3,151.0,165.1,158.9,157.1,151.4,168.6,158.3,169.1,162.1,156.8,158.4
SEALER-0069,939,15:39,160.1,151.9,166.1,159.6,158.1,150.3,169.1,158.9,167.9,159.8,157.0,158.9
SEALER-0069,940,15:40,160.0,151.0,164.2,159.3,158.8,150.5,168.4,158.2,167.5,161.5,158.3,158.5
SEALER-0069,941,15:41,160.3,151.0,165.8,159.0,158.8,151.2,168.7,159.2,167.2,161.3,157.2,158.9
SEALER-0069,942,15:42,160.5,149.7,167.3,159.5,158.7,150.5,168.5,159.7,167.4,160.1,159.3,158.5
SEALER-0069,943,15:43,161.1,149.8,165.6,159.2,158.6,151.6,168.4,159.3,167.7,161.7,155.7,159.6
SEALER-0069,944,15:44,160.1,149.6,164.7,158.2,158.6,152.3,168.8,159.9,167.9,161.4,159.8,158.9
SEALER-0069,945,15:45,160.7,150.4,166.3,159.5,158.5,151.8,169.1,159.8,167.3,160.5,158.0,158.3
SEALER-0069,946,15:46,160.5,150.9,165.4,158.3,158.5,152.1,168.7,158.5,168.7,160.7,158.5,158.3
SEALER-0069,947,15:47,160.4,150.6,167.5,158.9,158.1,151.0,168.6,160.2,167.4,161.3,157.7,158.5
SEALER-0069,948,15:48,160.6,151.4,166.3,159.2,158.7,152.2,169.7,159.8,168.2,163.1,158.2,158.8
SEALER-0069,949,15:49,159.3,150.8,166.1,161.2,159.3,151.5,168.6,160.2,168.1,162.3,159.4,158.4
SEALER-0069,950,15:50,161.3,150.5,165.2,160.1,159.0,151.4,169.7,158.4,169.5,160.7,159.6,159.6
SEALER-0069,951,15:51,160.5,151.4,165.8,159.8,158.0,151.7,169.5,160.2,168.9,161.0,157.8,158.4
SEALER-0069,952,15:52,159.7,151.4,166.8,158.6,158.1,152.0,169.5,160.5,168.2,160.0,156.7,157.8
SEALER-0069,953,15:53,159.8,151.4,167.8,158.2,159.4,151.8,169.3,159.2,168.0,161.2,157.9,159.3
SEALER-0069,954,15:54,160.8,150.3,165.2,159.3,159.0,152.0,169.6,159.6,167.8,162.1,158.3,159.1
SEALER-0069,955,15:55,159.5,151.2,165.8,158.3,159.7,151.9,169.5,160.3,167.6,161.0,158.2,158.9
SEALER-0069,956,15:56,161.4,152.4,165.8,157.7,158.6,152.3,169.6,161.1,167.9,160.3,158.8,158.1
SEALER-0069,957,15:57,159.8,150.8,167.6,158.6,159.3,152.6,169.9,159.5,167.5,162.6,156.9,160.2
SEALER-0069,958,15:58,160.2,151.9,167.1,158.4,159.5,151.4,169.2,160.3,167.1,161.5,157.3,159.7
SEALER-0069,959,15:59,158.0,151.8,164.9,160.1,160.0,152.6,170.4,161.0,168.4,160.0,158.1,159.8
SEALER-0069,960,16:00,160.9,152.2,165.8,158.5,159.2,152.2,170.2,160.1,167.8,161.4,157.0,159.2
SEALER-0069,961,16:01,159.3,149.5,165.6,158.9,159.9,152.3,169.7,161.4,166.6,161.1,158.7,159.1
SEALER-0069,962,16:02,160.6,151.2,166.6,158.7,158.9,152.4,170.2,159.5,168.4,161.7,158.1,158.9
SEALER-0069,963,16:03,160.8,148.7,167.0,158.9,160.0,152.8,169.4,159.4,168.0,162.2,157.2,158.3
SEALER-0069,964,16:04,159.3,150.8,167.0,158.5,159.5,151.8,169.6,160.7,167.6,161.4,157.1,159.2
SEALER-0069,965,16:05,160.7,150.5,166.5,158.6,159.3,153.0,167.7,159.5,169.1,162.1,157.8,158.6
SEALER-0069,966,16:06,160.0,151.1,165.9,158.9,159.6,152.3,169.9,159.0,168.4,161.7,157.5,157.8
SEALER-0069,967,16:07,160.8,150.9,166.3,160.3,156.5,153.5,170.6,160.8,168.1,162.1,156.7,159.3
SEALER-0069,968,16:08,160.6,151.2,166.4,159.9,159.6,152.9,168.9,160.1,168.4,161.9,158.7,160.0
SEALER-0069,969,16:09,160.9,149.7,166.1,159.0,158.5,152.6,171.2,160.2,168.4,161.5,157.6,157.4
SEALER-0069,970,16:10,159.6,151.4,165.6,161.0,158.3,151.6,168.5,160.9,168.7,161.8,158.1,159.4
SEALER-0069,971,16:11,161.1,150.0,165.2,158.0,159.0,154.1,170.1,158.0,168.6,160.7,159.3,158.0
SEALER-0069,972,16:12,159.3,151.6,166.4,159.6,159.9,152.6,169.4,160.6,169.1,160.9,157.2,157.5
SEALER-0069,973,16:13,159.1,152.3,166.8,159.1,159.3,151.9,170.4,159.8,167.9,161.6,159.7,159.3
SEALER-0069,974,16:14,159.5,150.8,165.2,157.7,159.8,151.9,169.8,158.4,167.4,162.0,156.9,158.4
SEALER-0069,975,16:15,161.3,151.4,165.7,159.8,159.6,150.8,169.4,159.3,167.7,161.4,157.1,158.3
SEALER-0069,976,16:16,160.0,152.1,165.3,161.0,159.4,152.8,170.3,160.2,166.9,162.6,158.6,159.4
SEALER-0069,977,16:17,159.1,151.2,165.1,158.7,160.6,151.8,170.3,159.9,165.9,161.0,157.9,156.8
SEALER-0069,978,16:18,159.7,149.5,165.5,157.6,159.8,155.0,171.0,160.6,167.2,161.1,158.7,159.9
SEALER-0069,979,16:19,160.8,151.3,166.8,157.8,157.9,153.7,169.0,159.3,168.2,158.9,158.4,158.3
SEALER-0069,980,16:20,159.5,149.2,167.1,159.1,158.8,152.8,170.4,160.5,166.5,162.1,157.5,159.2
SEALER-0069,981,16:21,159.9,150.8,166.2,159.0,158.7,153.8,169.0,159.4,166.5,159.7,158.5,160.8
SEALER-0069,982,16:22,159.2,150.7,167.3,160.0,157.9,154.1,169.8,160.1,168.0,161.9,158.6,158.1
SEALER-0069,983,16:23,159.1,150.8,165.8,158.1,159.7,152.0,168.8,162.4,166.6,160.1,157.9,159.9
SEALER-0069,984,16:24,160.2,151.2,166.6,158.3,159.2,151.7,169.2,159.6,168.2,160.0,157.2,159.7
SEALER-0069,985,16:25,160.9,151.1,165.5,159.1,158.5,152.9,170.0,161.0,168.0,160.5,156.7,157.9
SEALER-0069,986,16:26,161.3,151.6,166.6,157.5,159.1,153.9,170.6,159.9,167.1,160.6,159.3,158.3
SEALER-0069,987,16:27,161.1,151.0,167.0,159.7,158.4,152.2,170.2,161.0,169.2,162.6,155.5,158.9
SEALER-0069,988,16:28,160.7,150.2,166.2,161.5,158.6,152.8,167.7,158.7,168.1,161.8,159.4,160.2
SEALER-0069,989,16:29,160.8,151.1,166.9,160.3,159.7,152.7,169.1,159.8,169.4,161.0,156.9,158.0
SEALER-0069,990,16:30,160.7,149.6,166.4,159.8,159.5,154.0,171.3,159.8,168.0,160.9,158.2,159.5
SEALER-0069,991,16:31,159.9,151.5,165.7,160.1,157.8,151.1,170.0,159.8,168.7,161.0,158.7,159.9
SEALER-0069,992,16:32,158.9,151.4,166.8,159.3,158.6,151.4,170.5,159.9,167.4,160.8,159.4,158.3
SEALER-0069,993,16:33,160.2,150.7,166.2,159.1,160.1,153.1,170.1,159.0,167.8,161.4,158.3,158.9
SEALER-0069,994,16:34,159.6,150.7,165.9,158.6,158.6,151.8,168.9,158.9,168.0,161.3,159.6,158.8
SEALER-0069,995,16:35,159.8,151.6,166.6,160.0,160.3,152.6,169.3,159.8,169.1,161.7,158.8,159.3
SEALER-0069,996,16:36,161.5,150.3,163.7,158.0,159.7,151.8,170.2,159.4,168.2,161.2,157.9,158.0
SEALER-0069,997,16:37,160.1,151.6,166.2,159.5,159.4,152.7,168.1,159.3,169.0,161.4,158.7,158.1
SEALER-0069,998,16:38,159.9,149.3,166.8,161.2,159.0,152.5,168.3,159.9,168.9,162.5,157.8,158.9
SEALER-0069,999,16:39,159.7,150.4,166.2,158.8,157.9,153.0,169.8,161.5,168.2,161.8,158.1,160.2
SEALER-0069,1000,16:40,161.7,152.6,165.7,158.0,159.7,152.9,170.4,160.4,168.3,160.4,158.3,159.2
SEALER-0069,1001,16:41,161.8,151.1,167.6,158.2,159.0,151.7,169.8,160.0,167.8,161.9,158.2,158.6
SEALER-0069,1002,16:42,160.3,151.5,165.7,158.7,159.6,152.2,167.6,159.6,167.6,162.8,158.8,159.8
SEALER-0069,1003,16:43,159.9,150.8,166.4,159.0,160.2,153.0,169.3,159.6,167.1,162.4,159.1,159.0
SEALER-0069,1004,16:44,160.5,149.9,165.3,159.1,161.7,153.2,169.5,159.6,168.3,162.8,158.7,159.0
SEALER-0069,1005,16:45,159.7,152.2,166.2,159.0,159.5,152.5,170.1,162.0,168.1,160.1,157.4,159.7
SEALER-0069,1006,16:46,160.9,150.3,166.2,159.6,159.8,154.6,169.3,160.3,166.1,163.3,157.0,158.3
SEALER-0069,1007,16:47,159.7,151.6,166.7,159.9,159.9,152.4,170.1,160.5,168.6,160.9,157.1,159.7
SEALER-0069,1008,16:48,162.0,150.7,166.2,161.3,160.4,153.2,170.4,158.5,168.9,161.2,158.7,158.0
SEALER-0069,1009,16:49,160.6,150.4,165.5,159.9,159.1,151.6,169.7,159.9,168.9,159.8,158.5,158.9
SEALER-0069,1010,16:50,158.0,150.0,167.5,160.6,159.4,153.7,171.3,161.0,166.8,161.0,156.8,159.6
SEALER-0069,1011,16:51,160.1,150.9,166.5,159.9,158.1,152.4,168.3,158.6,168.1,161.5,158.3,158.4
SEALER-0069,1012,16:52,160.7,150.1,166.2,158.5,158.6,153.0,169.6,159.4,167.0,160.8,157.5,158.2
SEALER-0069,1013,16:53,161.2,150.4,165.2,159.7,160.0,151.4,169.8,161.2,167.5,160.9,157.0,159.4
SEALER-0069,1014,16:54,162.0,150.8,165.8,158.9,159.2,153.1,169.5,161.4,167.8,160.8,158.2,159.8
SEALER-0069,1015,16:55,159.0,151.4,165.3,159.4,159.5,152.4,170.7,159.3,167.9,161.4,159.1,159.6
SEALER-0069,1016,16:56,159.9,150.7,166.3,158.1,159.7,153.3,169.8,159.4,167.0,162.8,158.0,159.4
SEALER-0069,1017,16:57,160.0,151.2,166.6,157.8,159.4,151.5,169.4,159.1,167.4,160.3,158.9,159.2
SEALER-0069,1018,16:58,161.2,151.6,166.9,158.5,158.8,152.4,168.3,160.3,169.4,160.3,158.8,158.3
SEALER-0069,1019,16:59,160.7,151.3,165.7,159.9,159.9,153.8,170.7,160.2,166.4,161.8,157.2,158.5
SEALER-0069,1020,17:00,160.0,151.3,165.3,160.1,159.8,151.8,170.4,161.3,166.7,162.2,157.5,157.3
SEALER-0069,1021,17:01,161.3,152.2,166.9,158.8,159.8,152.2,171.3,160.2,168.0,160.2,158.5,159.3
SEALER-0069,1022,17:02,159.6,150.5,166.5,159.3,159.1,153.1,169.8,160.4,167.9,160.2,157.0,158.7
SEALER-0069,1023,17:03,159.8,151.0,167.3,159.7,158.8,152.6,170.6,159.9,166.3,162.0,159.0,157.6
SEALER-0069,1024,17:04,160.7,150.8,164.8,160.0,158.7,152.1,169.8,159.3,167.8,161.7,157.7,159.9
SEALER-0069,1025,17:05,161.0,150.8,166.1,159.7,159.2,152.7,168.9,161.1,167.3,161.1,159.3,159.8
SEALER-0069,1026,17:06,161.3,151.3,165.8,158.9,159.5,150.7,168.7,159.1,167.1,161.6,158.3,160.5
SEALER-0069,1027,17:07,158.6,150.2,166.3,159.3,158.1,153.8,169.3,160.2,167.9,161.0,158.3,159.6
SEALER-0069,1028,17:08,159.1,150.7,166.3,159.2,157.4,152.0,171.4,162.2,168.7,162.4,158.1,158.8
SEALER-0069,1029,17:09,159.3,150.0,166.5,158.2,158.2,152.2,169.7,160.4,168.0,160.4,158.3,158.5
SEALER-0069,1030,17:10,158.6,151.1,167.2,159.9,160.8,153.0,169.0,158.5,168.2,161.2,156.9,158.2
SEALER-0069,1031,17:11,160.1,151.2,166.4,158.6,159.0,153.5,169.5,158.8,167.2,159.7,159.2,159.1
SEALER-0069,1032,17:12,158.8,153.5,164.7,159.7,160.1,152.3,170.9,159.1,167.8,161.4,158.4,157.5
SEALER-0069,1033,17:13,160.9,149.0,167.0,158.5,159.6,151.9,169.3,162.2,167.7,160.6,158.0,159.1
SEALER-0069,1034,17:14,161.5,152.7,167.5,157.0,158.8,150.9,170.4,160.3,168.6,159.8,158.4,159.7
SEALER-0069,1035,17:15,160.8,151.9,166.0,159.0,159.1,152.5,169.9,158.8,168.8,160.2,159.1,159.7
SEALER-0069,1036,17:16,160.3,152.5,165.8,161.0,159.9,152.7,170.3,159.7,168.6,160.3,158.8,159.7
SEALER-0069,1037,17:17,159.5,150.6,165.8,159.1,160.2,152.7,168.2,160.6,168.5,161.9,159.3,158.0
SEALER-0069,1038,17:18,161.0,152.7,165.0,157.9,159.9,153.9,170.0,161.0,166.7,162.6,158.4,158.4
SEALER-0069,1039,17:19,159.7,150.6,166.3,159.8,158.8,153.0,170.1,160.2,168.4,160.9,159.4,156.8
SEALER-0069,1040,17:20,160.6,150.1,165.4,158.8,159.3,153.7,169.4,158.4,168.2,161.2,157.3,157.7
SEALER-0069,1041,17:21,161.6,150.4,165.6,157.6,160.6,151.1,170.2,160.5,166.0,162.4,157.0,159.8
SEALER-0069,1042,17:22,160.1,151.5,167.6,159.1,160.4,152.1,169.6,159.3,168.6,160.3,156.8,159.2
SEALER-0069,1043,17:23,159.4,152.8,164.7,158.3,158.6,152.6,170.8,159.5,168.2,161.8,157.1,157.9
SEALER-0069,1044,17:24,160.0,150.1,166.8,158.7,157.8,151.3,168.5,160.4,167.5,160.0,159.6,159.9
SEALER-0069,1045,17:25,161.6,152.1,165.4,158.3,159.6,153.4,169.0,161.2,167.7,160.3,158.1,159.8
SEALER-0069,1046,17:26,161.9,151.6,166.1,159.9,159.0,151.7,168.0,161.3,167.9,160.2,157.5,159.7
SEALER-0069,1047,17:27,160.6,150.7,167.7,159.0,160.0,153.4,169.2,160.1,168.6,162.2,158.2,158.4
SEALER-0069,1048,17:28,159.8,151.6,164.0,157.9,160.3,152.6,170.9,160.1,168.3,161.0,156.3,160.5
SEALER-0069,1049,17:29,160.9,150.3,165.2,159.1,159.2,152.6,170.3,160.0,167.3,160.7,159.2,158.4
SEALER-0069,1050,17:30,161.8,150.3,165.3,158.8,160.9,152.6,169.3,161.3,169.1,161.4,159.6,160.3
SEALER-0069,1051,17:31,162.1,151.8,165.9,159.0,160.1,153.3,170.6,159.9,167.4,161.3,157.7,159.1
SEALER-0069,1052,17:32,160.4,150.9,166.2,159.4,157.4,152.5,170.7,161.0,167.7,161.0,158.6,159.6
SEALER-0069,1053,17:33,161.8,150.5,166.2,158.7,158.1,152.4,169.6,159.3,168.0,161.5,158.8,159.6
SEALER-0069,1054,17:34,162.5,150.9,164.7,159.1,158.4,152.9,169.0,160.0,167.2,161.0,158.6,159.5
SEALER-0069,1055,17:35,159.4,149.5,167.0,159.4,160.0,151.3,170.1,158.3,167.3,162.3,158.9,157.9
SEALER-0069,1056,17:36,160.5,151.3,166.2,158.7,159.8,152.3,170.1,159.7,167.5,162.1,158.2,158.4
SEALER-0069,1057,17:37,160.1,151.7,167.9,158.4,157.5,151.5,169.8,160.5,168.3,161.9,157.0,158.3
SEALER-0069,1058,17:38,158.3,149.0,165.9,160.4,158.8,153.3,169.2,160.4,169.3,161.3,156.6,159.3
SEALER-0069,1059,17:39,158.9,151.5,165.0,158.6,158.5,151.4,168.7,159.4,166.9,161.0,159.3,158.9
SEALER-0069,1060,17:40,159.1,151.3,166.5,159.1,160.1,153.4,169.6,158.3,168.6,161.5,157.8,158.4
SEALER-0069,1061,17:41,159.8,150.6,166.6,157.8,160.0,152.6,168.5,160.9,169.0,160.9,158.7,159.1
SEALER-0069,1062,17:42,161.9,150.7,166.0,158.7,159.2,153.1,170.9,159.3,167.2,161.6,158.3,159.6
SEALER-0069,1063,17:43,158.1,150.5,165.2,159.9,160.1,153.0,168.8,159.7,168.0,160.2,159.4,159.0
SEALER-0069,1064,17:44,160.6,149.6,165.4,160.0,158.5,152.2,171.0,161.6,168.4,160.6,156.1,158.8
SEALER-0069,1065,17:45,159.8,151.5,166.0,157.0,159.7,153.1,169.4,160.9,167.7,159.6,157.9,159.2
SEALER-0069,1066,17:46,161.3,149.9,167.0,159.6,158.5,151.9,170.8,158.5,167.2,162.3,158.8,159.3
SEALER-0069,1067,17:47,159.5,151.1,166.5,159.8,160.7,151.7,169.6,161.2,167.8,161.3,157.6,159.9
SEALER-0069,1068,17:48,161.0,150.5,167.5,158.5,158.7,153.3,170.3,159.3,169.1,161.2,158.6,159.8
SEALER-0069,1069,17:49,159.0,150.1,165.8,159.0,158.9,153.4,171.0,159.8,166.8,161.0,157.5,158.2
SEALER-0069,1070,17:50,159.9,150.0,166.9,159.5,161.1,152.3,169.4,159.5,168.4,162.1,159.2,159.3
SEALER-0069,1071,17:51,160.7,151.9,165.2,159.2,159.9,152.2,169.9,160.5,168.9,161.2,158.3,158.7
SEALER-0069,1072,17:52,158.4,151.0,166.0,159.9,157.9,153.1,169.1,160.7,167.4,162.0,158.6,158.9
SEALER-0069,1073,17:53,160.9,149.8,165.1,157.9,159.2,152.2,170.5,159.6,167.9,162.0,157.3,158.2
SEALER-0069,1074,17:54,161.4,150.7,165.8,157.1,159.0,152.1,170.5,160.0,168.0,159.6,157.4,160.8
SEALER-0069,1075,17:55,160.1,152.0,166.8,160.0,159.0,151.9,169.7,160.1,168.2,160.8,156.6,157.8
SEALER-0069,1076,17:56,160.2,151.0,164.7,158.4,159.0,152.1,170.4,159.9,167.8,163.4,159.7,160.5
SEALER-0069,1077,17:57,158.2,150.2,166.8,160.2,159.1,154.0,170.6,161.1,168.1,161.6,156.4,160.6
SEALER-0069,1078,17:58,160.2,150.5,166.5,157.2,158.2,151.8,169.1,159.9,168.0,160.3,158.4,158.5
SEALER-0069,1079,17:59,161.3,152.0,166.0,158.7,159.1,152.2,168.3,160.3,166.7,159.6,157.8,159.8
SEALER-0069,1080,18:00,161.7,148.9,167.4,159.6,160.2,152.9,169.2,159.7,167.2,161.3,158.4,159.0
SEALER-0069,1081,18:01,160.4,150.2,166.7,159.0,160.7,153.4,168.8,158.7,167.0,161.6,158.9,159.1
SEALER-0069,1082,18:02,162.3,151.6,165.7,159.3,158.5,151.9,169.7,159.7,168.7,161.6,156.1,158.6
SEALER-0069,1083,18:03,160.2,151.7,165.6,160.0,158.3,153.5,169.9,159.5,168.0,161.6,159.4,157.3
SEALER-0069,1084,18:04,159.6,150.3,167.5,159.8,159.1,154.0,171.0,160.4,168.0,161.3,159.7,158.5
SEALER-0069,1085,18:05,159.5,150.0,166.0,158.9,160.8,153.7,169.5,159.3,167.8,161.9,159.1,159.3
SEALER-0069,1086,18:06,159.6,151.0,166.8,158.7,159.8,151.2,170.2,159.4,167.6,161.5,158.5,158.0
SEALER-0069,1087,18:07,161.9,151.5,166.5,159.6,160.4,153.9,170.1,158.6,167.4,161.1,158.3,159.4
SEALER-0069,1088,18:08,160.0,150.5,166.4,159.2,159.0,152.1,169.6,161.4,167.8,160.9,157.4,158.6
SEALER-0069,1089,18:09,160.5,150.5,166.0,159.3,158.9,151.8,170.0,160.0,170.1,161.5,157.8,158.4
SEALER-0069,1090,18:10,161.1,149.8,167.4,159.0,159.3,151.6,170.4,160.5,166.8,161.1,158.2,159.0
SEALER-0069,1091,18:11,160.7,152.5,166.8,159.7,159.8,151.5,169.2,160.2,168.3,160.6,158.8,157.8
SEALER-0069,1092,18:12,161.2,151.4,166.8,159.9,159.3,153.6,170.0,160.1,167.7,161.8,158.5,159.2
SEALER-0069,1093,18:13,160.3,150.7,165.7,158.4,158.5,153.2,169.6,159.0,167.6,161.9,158.5,159.1
SEALER-0069,1094,18:14,159.6,150.3,166.0,160.0,160.2,151.8,169.5,159.3,168.0,160.5,157.6,160.5
SEALER-0069,1095,18:15,159.7,150.1,164.2,159.6,158.3,152.5,170.3,159.4,168.6,159.8,159.5,159.6
SEALER-0069,1096,18:16,160.2,152.3,166.0,158.4,159.2,153.4,170.0,159.8,168.3,159.7,158.9,157.9
SEALER-0069,1097,18:17,160.4,150.3,166.0,158.4,159.6,153.2,169.8,160.5,168.5,162.1,158.5,158.1
SEALER-0069,1098,18:18,159.3,150.2,165.7,159.4,160.5,152.2,167.4,159.3,168.2,160.0,159.3,158.7
SEALER-0069,1099,18:19,159.8,150.2,167.0,158.2,159.3,152.4,170.4,159.3,167.6,162.2,158.3,158.7
SEALER-0069,1100,18:20,159.9,152.0,165.1,159.3,157.3,152.2,169.5,160.2,168.4,160.7,157.4,158.7
SEALER-0069,1101,18:21,162.4,150.0,166.6,159.4,159.2,152.4,167.7,159.0,167.8,162.0,157.1,157.4
SEALER-0069,1102,18:22,160.9,149.7,166.4,159.5,158.8,152.9,169.4,159.5,167.7,161.2,158.6,157.7
SEALER-0069,1103,18:23,161.0,151.2,165.4,158.5,159.2,153.6,168.8,160.5,166.7,160.9,157.4,159.0
SEALER-0069,1104,18:24,161.7,149.4,166.4,158.7,159.0,152.4,170.7,160.5,167.6,161.4,157.8,159.4
SEALER-0069,1105,18:25,160.4,152.0,166.4,159.0,159.2,152.3,170.2,159.4,166.6,160.8,157.5,157.9
SEALER-0069,1106,18:26,159.4,152.0,166.3,158.5,159.8,153.6,168.2,159.5,168.7,160.6,157.2,158.4
SEALER-0069,1107,18:27,160.5,152.0,165.0,159.2,159.6,151.8,168.7,161.2,168.4,162.0,158.2,159.0
SEALER-0069,1108,18:28,160.7,151.8,166.4,160.2,160.1,152.0,170.4,160.6,169.1,161.7,157.3,158.1
SEALER-0069,1109,18:29,159.9,150.5,166.3,158.0,159.0,151.2,170.4,160.8,168.0,161.1,157.9,157.7
SEALER-0069,1110,18:30,161.0,149.2,166.8,159.5,160.1,152.5,170.1,161.0,167.9,161.0,157.9,160.6
SEALER-0069,1111,18:31,160.9,151.0,167.2,158.7,161.2,152.9,169.8,160.1,168.3,162.2,158.5,160.0
SEALER-0069,1112,18:32,160.5,149.3,166.5,157.9,158.4,152.1,169.7,158.7,168.2,160.8,158.4,159.4
SEALER-0069,1113,18:33,160.4,153.0,166.2,159.2,159.7,152.9,169.4,161.9,168.0,159.4,159.3,158.8
SEALER-0069,1114,18:34,161.4,150.9,164.4,159.2,158.9,153.9,168.8,159.2,168.0,161.6,159.1,158.9
SEALER-0069,1115,18:35,160.8,150.9,166.2,160.0,158.9,152.4,168.8,158.5,167.2,161.5,156.5,158.3
SEALER-0069,1116,18:36,158.8,150.4,166.8,156.9,158.6,152.2,169.4,160.2,167.7,161.1,157.1,159.2
SEALER-0069,1117,18:37,159.1,151.3,167.9,159.7,159.5,153.2,170.1,161.7,166.2,161.2,157.6,157.3
SEALER-0069,1118,18:38,160.7,149.9,166.6,159.7,159.0,152.9,168.9,159.6,167.4,159.8,158.1,159.7
SEALER-0069,1119,18:39,161.3,151.2,165.9,159.6,159.2,153.6,169.8,159.8,166.1,161.6,159.0,158.7
SEALER-0069,1120,18:40,160.9,151.1,165.9,161.0,159.4,153.7,170.0,160.9,167.3,161.1,157.3,158.4
SEALER-0069,1121,18:41,160.1,151.7,167.5,158.4,159.1,153.1,170.8,162.0,167.5,161.6,158.2,157.7
SEALER-0069,1122,18:42,160.8,150.4,164.7,158.4,158.8,152.9,170.5,160.6,167.3,160.5,157.6,159.6
SEALER-0069,1123,18:43,159.9,151.1,165.5,160.2,157.9,153.7,170.5,159.7,167.8,161.8,157.7,159.8
SEALER-0069,1124,18:44,159.6,150.5,165.7,159.3,159.8,153.9,169.2,158.3,167.4,161.7,157.9,158.7
SEALER-0069,1125,18:45,161.4,150.5,166.9,160.2,159.6,153.6,170.4,159.3,167.6,162.1,158.3,158.8
SEALER-0069,1126,18:46,160.7,150.7,166.2,158.7,160.0,152.8,169.4,160.5,167.6,161.8,159.2,159.1
SEALER-0069,1127,18:47,159.0,151.1,166.5,159.4,160.0,151.9,168.3,159.3,167.6,161.3,158.0,158.3
SEALER-0069,1128,18:48,160.6,150.3,167.9,160.1,159.7,153.0,171.0,162.4,168.5,160.9,158.2,158.7
SEALER-0069,1129,18:49,162.0,149.6,166.7,160.2,159.0,152.7,170.3,159.0,168.0,160.4,157.5,159.4
SEALER-0069,1130,18:50,160.2,150.7,165.4,161.3,159.4,153.1,170.0,161.4,168.1,161.5,158.0,157.8
SEALER-0069,1131,18:51,161.3,152.0,167.9,158.4,158.7,152.5,171.2,159.6,168.3,162.2,157.6,158.1
SEALER-0069,1132,18:52,160.4,149.1,165.3,159.9,158.5,153.2,171.4,160.3,167.3,160.7,158.2,160.2
SEALER-0069,1133,18:53,159.6,150.1,167.0,159.0,159.5,152.7,169.9,159.5,168.8,161.9,159.3,159.0
SEALER-0069,1134,18:54,160.9,150.9,166.5,157.7,160.7,152.0,169.2,161.4,167.1,161.2,158.3,159.4
SEALER-0069,1135,18:55,159.3,151.3,166.1,160.7,158.6,153.0,169.3,159.5,167.8,160.8,159.5,158.6
SEALER-0069,1136,18:56,159.1,151.8,166.9,160.4,159.9,154.1,169.8,159.7,168.1,160.9,158.0,159.7
SEALER-0069,1137,18:57,158.6,150.3,166.0,157.9,158.8,152.7,170.4,159.6,167.4,161.9,157.4,159.0
SEALER-0069,1138,18:58,159.7,150.4,166.4,157.7,159.1,153.4,170.1,161.5,167.6,162.7,157.6,157.7
SEALER-0069,1139,18:59,158.1,151.5,167.0,158.7,159.9,152.3,169.6,160.5,167.6,163.1,157.4,159.1
SEALER-0069,1140,19:00,158.1,151.6,166.5,160.6,159.4,152.5,170.8,159.1,168.4,161.7,157.6,159.6
SEALER-0069,1141,19:01,158.5,149.6,165.3,160.9,159.6,151.7,169.5,161.2,167.3,162.5,158.8,158.2
SEALER-0069,1142,19:02,159.4,151.3,165.7,157.8,159.5,151.1,167.8,160.2,167.6,162.0,158.9,159.4
SEALER-0069,1143,19:03,161.5,150.3,165.4,159.6,159.8,153.2,170.2,158.7,168.1,162.3,157.4,158.5
SEALER-0069,1144,19:04,160.9,150.5,166.1,159.7,159.1,153.5,168.8,159.2,167.8,160.7,156.9,158.4
SEALER-0069,1145,19:05,159.7,148.9,165.6,158.5,158.4,153.1,169.8,160.9,168.2,160.8,156.9,158.8
SEALER-0069,1146,19:06,161.5,151.2,167.7,159.9,160.1,153.0,170.3,160.6,166.7,162.3,158.5,159.8
SEALER-0069,1147,19:07,159.4,150.1,165.5,159.1,160.3,153.9,169.3,159.5,167.8,161.1,156.6,160.2
SEALER-0069,1148,19:08,159.3,148.5,166.3,159.1,158.9,151.6,170.6,159.2,168.4,159.7,157.0,160.4
SEALER-0069,1149,19:09,160.5,152.5,165.7,161.1,158.4,153.6,171.2,161.6,167.2,161.1,157.7,159.7
SEALER-0069,1150,19:10,161.0,149.9,166.0,160.4,160.4,152.3,170.5,160.0,166.8,161.6,157.5,159.8
SEALER-0069,1151,19:11,159.7,151.2,166.3,159.3,158.5,152.5,168.8,159.8,167.5,162.1,158.0,159.7
SEALER-0069,1152,19:12,160.2,151.6,166.0,159.9,159.7,153.1,170.3,159.1,168.0,161.5,158.8,160.0
SEALER-0069,1153,19:13,160.5,150.1,165.0,160.6,159.7,152.4,170.8,158.1,168.7,161.2,158.3,158.7
SEALER-0069,1154,19:14,160.4,150.6,166.7,160.8,158.5,152.6,170.0,159.4,168.0,160.9,158.4,159.2
SEALER-0069,1155,19:15,160.0,150.4,165.2,159.8,160.3,152.1,170.8,160.2,167.0,161.6,157.5,157.8
SEALER-0069,1156,19:16,160.5,151.2,166.3,161.1,161.0,153.2,171.3,160.3,168.1,161.8,159.4,159.7
SEALER-0069,1157,19:17,161.0,151.5,166.9,160.2,159.2,152.9,168.4,159.6,168.4,161.5,156.9,160.8
SEALER-0069,1158,19:18,161.3,151.4,167.5,158.5,158.5,152.3,170.2,162.0,168.9,161.2,158.0,159.1
SEALER-0069,1159,19:19,160.5,149.3,164.7,160.2,158.0,152.4,169.6,160.7,169.4,161.2,157.9,159.3
SEALER-0069,1160,19:20,161.4,151.4,167.5,159.6,157.7,151.5,170.9,160.6,168.4,161.1,157.2,161.3
SEALER-0069,1161,19:21,159.6,149.1,166.4,158.4,160.9,150.7,168.5,160.7,169.4,160.6,156.9,159.9
SEALER-0069,1162,19:22,159.1,151.8,166.5,158.6,160.4,152.3,170.3,161.6,167.9,161.7,159.6,156.8
SEALER-0069,1163,19:23,160.5,148.3,167.4,160.0,157.9,153.0,170.1,159.0,168.4,160.1,157.9,157.9
SEALER-0069,1164,19:24,159.9,151.1,166.6,157.7,159.7,152.4,169.0,161.2,166.7,162.5,158.3,159.8
SEALER-0069,1165,19:25,160.4,150.6,166.3,159.1,158.9,152.2,168.9,160.6,167.7,159.6,158.1,159.7
SEALER-0069,1166,19:26,159.6,150.7,166.1,158.7,159.3,151.9,169.3,159.5,167.1,160.9,158.2,158.5
SEALER-0069,1167,19:27,160.9,152.4,166.4,160.2,158.3,153.4,168.6,159.8,167.5,160.3,157.9,158.4
SEALER-0069,1168,19:28,160.8,150.7,167.3,159.0,159.3,154.4,171.1,160.6,168.2,161.5,157.6,158.3
SEALER-0069,1169,19:29,159.7,150.0,166.2,160.7,159.3,154.0,171.3,160.0,168.4,160.2,157.5,158.5
SEALER-0069,1170,19:30,159.2,150.1,165.9,158.1,158.3,151.5,171.3,160.8,168.8,160.8,156.9,158.4
SEALER-0069,1171,19:31,159.1,150.7,167.7,158.7,158.5,153.5,170.3,160.3,166.3,160.7,157.1,159.2
SEALER-0069,1172,19:32,160.8,151.3,166.7,159.9,160.4,152.5,170.6,159.9,168.8,162.2,157.3,157.9
SEALER-0069,1173,19:33,159.7,150.8,165.8,159.1,158.9,151.7,169.9,160.6,167.9,161.3,157.7,159.0
SEALER-0069,1174,19:34,160.2,152.1,165.7,159.4,158.8,152.4,170.9,160.2,168.2,160.2,158.5,159.2
SEALER-0069,1175,19:35,159.5,152.6,165.0,158.8,158.7,153.5,170.1,160.7,168.4,161.1,159.2,158.9
SEALER-0069,1176,19:36,160.3,150.2,165.7,159.8,158.8,152.2,169.9,161.7,168.0,161.5,156.6,160.5
SEALER-0069,1177,19:37,160.9,149.6,165.6,158.1,160.6,152.9,169.8,158.8,166.7,160.4,158.6,159.3
SEALER-0069,1178,19:38,159.5,149.7,166.5,159.9,158.1,151.5,169.9,158.4,167.4,162.4,158.4,159.2
SEALER-0069,1179,19:39,160.2,150.1,166.5,158.0,160.0,153.2,169.0,160.9,169.0,160.9,159.0,160.2
SEALER-0069,1180,19:40,161.2,150.0,167.8,159.3,160.5,153.9,170.5,161.3,167.6,162.1,157.8,158.7
SEALER-0069,1181,19:41,160.3,150.4,164.8,160.1,159.6,153.6,168.4,160.8,167.0,161.5,157.2,158.9
SEALER-0069,1182,19:42,160.6,150.4,166.8,159.4,158.0,153.1,170.3,159.0,166.6,162.4,157.9,158.6
SEALER-0069,1183,19:43,159.3,149.6,166.3,157.7,159.3,153.9,168.5,160.5,167.2,161.3,157.6,158.4
SEALER-0069,1184,19:44,161.0,151.5,166.0,159.6,158.6,154.3,170.1,161.0,167.9,160.0,159.5,158.5
SEALER-0069,1185,19:45,160.1,150.8,166.5,159.2,158.4,153.0,169.2,160.6,167.8,160.5,157.4,159.5
SEALER-0069,1186,19:46,159.5,151.4,166.4,159.6,159.7,153.5,169.7,160.5,167.2,162.7,158.6,158.0
SEALER-0069,1187,19:47,160.7,151.4,167.0,159.1,158.0,151.1,170.5,159.2,168.7,161.8,157.2,160.0
SEALER-0069,1188,19:48,159.2,152.1,165.3,159.2,160.7,152.3,169.8,160.1,168.5,161.5,157.0,159.7
SEALER-0069,1189,19:49,160.5,152.0,167.4,158.7,161.2,152.2,169.9,158.9,169.0,161.0,158.7,157.9
SEALER-0069,1190,19:50,161.1,148.8,164.9,160.1,158.7,152.9,169.3,158.7,168.3,160.1,157.5,160.0
SEALER-0069,1191,19:51,159.1,151.4,165.6,159.0,160.4,152.4,170.0,160.5,167.4,160.9,159.3,159.2
SEALER-0069,1192,19:52,160.0,151.1,166.9,158.2,159.1,153.3,170.7,160.5,169.1,161.0,157.2,159.4
SEALER-0069,1193,19:53,158.5,149.6,165.3,159.1,158.3,150.8,169.4,161.2,168.3,159.7,157.7,158.7
SEALER-0069,1194,19:54,160.6,152.0,167.0,159.5,161.1,152.6,170.1,159.2,168.2,161.1,159.0,158.2
SEALER-0069,1195,19:55,161.0,150.1,165.2,158.5,159.8,153.6,170.2,160.4,167.8,160.6,157.5,161.6
SEALER-0069,1196,19:56,160.9,152.1,166.1,158.7,160.2,152.9,169.6,158.9,168.7,159.6,158.7,158.9
SEALER-0069,1197,19:57,160.2,150.4,166.0,159.4,160.2,153.9,170.6,160.1,166.8,160.1,158.3,158.8
SEALER-0069,1198,19:58,160.5,151.1,166.7,158.5,159.2,153.4,169.4,160.1,167.5,161.7,157.4,159.2
SEALER-0069,1199,19:59,160.8,151.8,166.3,161.0,159.4,150.7,169.1,161.7,168.6,161.8,158.4,159.4
SEALER-0069,1200,20:00,161.6,150.6,166.2,159.7,158.2,154.1,170.4,161.5,166.8,161.0,157.1,158.7
SEALER-0069,1201,20:01,159.3,152.7,165.8,159.6,159.9,151.2,169.6,160.9,167.6,160.7,157.6,160.3
SEALER-0069,1202,20:02,160.5,150.3,166.2,157.9,158.8,152.6,170.6,160.2,168.0,161.2,156.7,160.3
SEALER-0069,1203,20:03,159.9,150.5,166.2,159.9,159.6,151.9,169.5,158.9,168.0,160.7,158.8,158.4
SEALER-0069,1204,20:04,160.3,150.4,166.6,158.4,159.1,152.4,170.4,161.1,168.4,160.7,157.7,158.5
SEALER-0069,1205,20:05,160.1,152.2,166.1,158.6,158.5,154.0,170.7,161.6,167.5,161.9,157.7,157.8
SEALER-0069,1206,20:06,159.8,151.7,165.6,157.5,159.0,152.8,170.1,160.6,167.8,161.8,156.9,158.1
SEALER-0069,1207,20:07,159.7,151.4,167.3,159.9,158.3,152.9,170.6,161.4,167.2,162.7,157.8,158.2
SEALER-0069,1208,20:08,160.1,150.6,164.6,158.8,159.1,153.6,168.7,158.4,168.4,160.4,156.5,158.7
SEALER-0069,1209,20:09,159.6,150.3,166.4,158.3,159.3,153.9,169.7,161.5,168.1,159.8,158.0,159.3
SEALER-0069,1210,20:10,162.1,150.0,166.5,161.8,158.4,155.1,170.0,160.6,166.3,161.2,159.3,158.3
SEALER-0069,1211,20:11,158.7,149.7,167.5,160.0,160.3,153.5,170.8,160.4,168.0,161.6,158.8,160.5
SEALER-0069,1212,20:12,159.4,149.9,166.7,161.0,159.0,153.0,169.9,160.1,167.2,160.9,158.4,160.2
SEALER-0069,1213,20:13,160.3,151.6,167.4,158.6,161.3,152.7,168.3,160.7,168.0,161.1,157.3,158.5
SEALER-0069,1214,20:14,161.2,151.2,166.9,159.7,160.4,151.9,169.8,160.3,167.3,162.3,156.7,159.4
SEALER-0069,1215,20:15,160.2,150.7,165.3,158.6,159.1,153.6,169.5,160.6,168.7,161.0,157.4,160.3
SEALER-0069,1216,20:16,161.4,151.1,165.3,160.3,160.5,152.6,169.2,161.2,168.5,163.6,157.9,160.0
SEALER-0069,1217,20:17,161.0,151.4,165.4,160.1,160.9,152.7,171.0,159.3,167.1,162.1,158.2,160.5
SEALER-0069,1218,20:18,160.5,150.0,166.1,159.6,159.1,152.1,170.5,160.2,167.5,160.9,159.4,158.4
SEALER-0069,1219,20:19,160.0,152.2,168.4,158.8,159.6,153.1,170.2,160.3,168.1,161.4,157.1,159.5
SEALER-0069,1220,20:20,159.2,152.2,165.1,158.9,157.6,152.7,169.1,160.2,168.0,161.9,157.4,158.7
SEALER-0069,1221,20:21,163.3,151.2,167.6,158.6,159.6,150.8,168.9,159.4,168.1,161.8,160.3,158.0
SEALER-0069,1222,20:22,160.2,150.5,166.1,160.2,160.2,151.3,171.3,160.2,168.8,161.4,156.4,157.2
SEALER-0069,1223,20:23,159.3,151.1,165.3,159.7,159.0,153.8,168.6,159.6,168.3,160.9,158.0,159.3
SEALER-0069,1224,20:24,160.5,150.9,166.5,160.3,159.8,152.6,168.3,159.4,169.1,162.8,158.5,157.6
SEALER-0069,1225,20:25,162.1,150.5,165.7,158.6,159.0,153.3,170.1,161.2,167.7,161.2,158.7,157.2
SEALER-0069,1226,20:26,159.9,152.1,165.5,160.1,159.1,152.8,169.4,159.5,168.9,160.1,158.2,159.6
SEALER-0069,1227,20:27,159.9,150.3,166.6,159.1,158.3,152.9,170.1,160.8,168.0,161.2,159.4,158.5
SEALER-0069,1228,20:28,160.4,152.5,167.4,158.5,160.0,151.7,169.6,159.5,168.5,161.0,158.6,159.5
SEALER-0069,1229,20:29,159.9,149.6,165.4,158.5,157.0,151.9,169.5,160.8,168.2,160.6,156.9,159.2
SEALER-0069,1230,20:30,162.2,149.9,164.5,157.8,158.5,152.9,169.6,160.6,166.8,160.8,158.7,159.5
SEALER-0069,1231,20:31,160.9,151.4,166.3,157.9,160.5,152.7,169.6,159.3,168.8,161.0,157.3,159.1
SEALER-0069,1232,20:32,160.5,151.3,165.2,158.2,158.6,153.5,170.5,158.4,167.4,161.7,158.1,159.3
SEALER-0069,1233,20:33,159.9,152.1,167.4,158.9,159.7,153.4,169.6,159.4,166.9,161.1,157.4,158.7
SEALER-0069,1234,20:34,161.2,152.1,166.4,158.4,158.2,152.5,168.9,158.8,167.6,161.0,157.8,160.0
SEALER-0069,1235,20:35,161.2,151.1,165.7,158.1,159.8,152.0,169.8,159.2,168.4,162.3,159.2,159.0
SEALER-0069,1236,20:36,158.6,150.8,165.1,160.0,157.9,152.5,170.5,160.8,167.9,160.4,156.8,161.2
SEALER-0069,1237,20:37,160.0,150.4,165.5,159.3,158.6,152.5,171.4,160.4,168.9,160.3,156.8,158.2
SEALER-0069,1238,20:38,160.2,152.0,166.9,160.6,158.9,153.3,169.8,160.2,169.3,160.6,158.7,159.2
SEALER-0069,1239,20:39,159.2,150.5,166.5,158.5,158.8,151.9,169.0,159.2,168.0,163.0,157.4,159.1
SEALER-0069,1240,20:40,161.9,151.5,167.2,159.3,159.6,154.1,168.5,159.8,166.6,161.0,156.6,159.4
SEALER-0069,1241,20:41,160.2,150.5,165.9,158.8,159.1,152.4,169.3,161.8,167.4,161.4,158.2,158.1
SEALER-0069,1242,20:42,158.9,151.0,164.1,158.6,159.3,152.8,169.5,159.5,168.3,160.6,157.5,160.7
SEALER-0069,1243,20:43,160.6,150.3,166.1,157.9,157.5,153.1,170.2,159.8,169.5,160.4,159.5,156.8
SEALER-0069,1244,20:44,161.7,150.7,167.2,158.8,160.1,154.4,169.1,160.9,167.1,161.9,157.8,158.0
SEALER-0069,1245,20:45,161.1,151.6,166.7,158.3,159.4,154.7,170.7,159.5,167.7,163.2,158.3,159.2
SEALER-0069,1246,20:46,161.2,150.9,166.8,158.9,159.5,153.3,170.7,159.7,167.2,161.7,158.4,157.6
SEALER-0069,1247,20:47,160.8,150.0,167.6,158.2,158.2,153.0,168.9,161.3,167.0,160.7,158.5,159.6
SEALER-0069,1248,20:48,159.4,150.4,165.9,160.2,159.1,151.9,170.5,159.9,168.8,161.0,157.0,160.2
SEALER-0069,1249,20:49,159.4,152.1,165.2,158.9,159.3,152.0,169.5,159.6,168.1,161.3,157.6,159.9
SEALER-0069,1250,20:50,161.1,150.6,164.7,158.2,160.4,153.1,169.6,159.9,168.2,161.7,157.7,158.5
SEALER-0069,1251,20:51,159.0,150.3,165.7,159.4,160.3,153.3,170.0,157.9,168.5,161.4,157.4,160.9
SEALER-0069,1252,20:52,159.5,150.8,166.9,159.8,158.1,153.0,170.6,160.0,169.8,160.6,156.8,159.3
SEALER-0069,1253,20:53,159.7,151.7,166.2,159.3,160.8,153.9,169.2,160.4,166.8,161.2,158.5,159.4
SEALER-0069,1254,20:54,159.8,151.5,166.5,159.3,158.8,153.7,170.0,159.0,168.3,162.3,158.7,159.8
SEALER-0069,1255,20:55,159.7,151.7,166.3,159.3,158.4,151.5,171.7,160.3,168.5,161.4,158.3,158.9
SEALER-0069,1256,20:56,160.6,149.2,164.7,159.5,159.5,152.8,169.5,159.1,167.1,161.8,158.9,157.8
SEALER-0069,1257,20:57,160.1,151.2,166.4,157.9,160.3,152.0,170.0,160.3,168.6,161.6,158.3,160.0
SEALER-0069,1258,20:58,160.6,152.0,167.2,158.9,159.8,151.4,170.5,160.0,168.3,161.0,159.3,159.5
SEALER-0069,1259,20:59,160.7,151.6,167.8,159.7,158.7,152.3,169.3,158.9,167.6,159.8,157.0,158.7
SEALER-0069,1260,21:00,160.7,151.9,165.7,157.9,160.2,151.0,168.1,160.2,167.8,161.2,157.9,158.7
SEALER-0069,1261,21:01,160.5,150.1,166.8,160.0,158.1,153.4,171.4,162.7,167.8,163.0,157.6,159.9
SEALER-0069,1262,21:02,160.2,150.1,166.5,159.7,159.8,153.3,170.2,160.5,168.2,161.0,158.0,160.7
SEALER-0069,1263,21:03,160.9,149.8,165.0,158.7,159.1,152.5,171.0,159.3,167.4,161.7,156.3,158.9
SEALER-0069,1264,21:04,161.5,152.1,166.6,158.7,160.3,151.9,170.2,159.3,168.3,160.0,158.5,160.0
SEALER-0069,1265,21:05,159.9,151.4,165.0,158.1,158.9,151.8,170.0,159.5,167.5,162.6,157.3,159.5
SEALER-0069,1266,21:06,160.2,150.5,167.0,158.7,159.6,152.3,168.6,161.2,165.9,161.4,157.7,158.5
SEALER-0069,1267,21:07,161.0,151.8,166.3,158.3,160.8,152.8,171.1,159.4,167.9,160.4,158.6,158.6
SEALER-0069,1268,21:08,161.5,151.1,165.9,159.1,159.1,151.5,171.5,159.7,168.4,161.5,159.0,158.1
SEALER-0069,1269,21:09,160.7,150.7,165.8,159.4,161.2,152.7,169.2,158.9,168.1,161.9,159.2,158.2
SEALER-0069,1270,21:10,160.2,151.8,167.6,158.7,161.1,153.2,171.7,159.7,168.4,161.7,157.8,159.1
SEALER-0069,1271,21:11,161.7,152.2,165.2,160.8,159.0,153.6,170.2,159.7,167.0,161.9,158.8,160.4
SEALER-0069,1272,21:12,159.8,151.5,166.4,158.8,157.8,152.8,171.1,159.2,168.0,161.0,156.0,158.7
SEALER-0069,1273,21:13,159.3,149.3,166.1,158.2,161.5,154.4,170.4,161.2,167.7,160.0,158.6,159.5
SEALER-0069,1274,21:14,159.4,150.2,166.6,159.4,158.4,150.8,168.8,160.5,167.0,161.1,159.8,157.7
SEALER-0069,1275,21:15,161.0,150.5,165.8,158.5,159.0,152.5,169.7,160.7,167.1,162.0,156.7,159.5
SEALER-0069,1276,21:16,161.0,151.4,165.8,159.7,160.1,151.9,171.0,161.0,168.3,161.8,158.2,159.0
SEALER-0069,1277,21:17,161.4,150.2,166.9,158.8,159.6,151.9,169.3,160.0,168.5,161.5,158.0,158.2
SEALER-0069,1278,21:18,160.0,150.8,165.4,160.5,158.4,151.7,168.8,161.1,167.3,160.9,158.3,159.6
SEALER-0069,1279,21:19,159.8,149.3,166.8,159.0,159.7,151.9,170.8,160.6,166.5,162.4,159.1,160.1
SEALER-0069,1280,21:20,158.9,151.3,167.2,160.3,159.6,152.9,170.8,159.8,166.4,160.8,157.6,159.0
SEALER-0069,1281,21:21,160.2,151.2,166.8,158.4,158.9,153.4,170.3,158.9,166.6,160.8,158.3,158.9
SEALER-0069,1282,21:22,160.8,150.9,165.1,159.6,158.4,152.5,168.5,159.4,167.0,163.2,156.7,161.0
SEALER-0069,1283,21:23,162.1,151.0,165.4,159.0,158.9,151.7,169.6,160.2,169.6,160.8,156.9,158.6
SEALER-0069,1284,21:24,160.2,150.9,166.2,159.1,158.7,153.0,170.4,159.6,167.9,162.1,156.9,158.5
SEALER-0069,1285,21:25,160.7,149.9,166.8,157.7,159.1,154.5,170.6,161.8,167.8,161.4,157.5,158.5
SEALER-0069,1286,21:26,161.1,151.0,164.7,158.9,158.9,151.4,170.2,161.0,167.3,160.7,158.3,158.9
SEALER-0069,1287,21:27,161.3,149.4,167.1,160.2,158.8,151.1,170.4,158.6,166.7,161.7,156.3,158.8
SEALER-0069,1288,21:28,160.8,150.7,166.1,160.5,158.9,153.9,171.0,160.9,169.4,160.9,158.1,157.7
SEALER-0069,1289,21:29,160.0,150.8,167.4,158.5,159.1,153.2,169.0,159.3,166.9,161.5,158.2,158.8
SEALER-0069,1290,21:30,158.4,150.8,165.0,159.5,157.5,151.9,169.9,159.8,167.3,161.3,159.4,157.3
SEALER-0069,1291,21:31,161.0,150.5,166.5,160.4,158.8,153.1,170.4,161.1,168.5,161.9,158.5,158.0
SEALER-0069,1292,21:32,160.5,150.3,165.9,158.4,158.3,152.6,168.3,160.1,167.6,162.3,156.7,158.3
SEALER-0069,1293,21:33,159.9,151.4,165.8,161.8,160.2,153.3,170.8,160.0,169.3,162.2,157.3,158.8
SEALER-0069,1294,21:34,161.4,150.7,166.7,160.3,159.1,152.1,169.1,159.4,168.1,161.2,157.5,158.6
SEALER-0069,1295,21:35,160.4,150.5,165.8,160.2,159.3,152.3,170.8,159.5,167.7,162.9,157.1,160.1
SEALER-0069,1296,21:36,159.6,150.2,166.6,159.2,159.3,150.6,170.3,158.8,169.4,161.9,157.3,158.1
SEALER-0069,1297,21:37,160.0,151.1,166.0,159.3,160.6,151.7,171.2,161.8,167.5,160.0,157.2,159.1
SEALER-0069,1298,21:38,159.7,151.8,166.8,159.0,159.8,155.0,169.8,158.7,166.8,160.9,159.2,158.2
SEALER-0069,1299,21:39,159.1,150.6,166.5,159.2,158.8,151.1,168.2,160.1,168.8,162.2,156.2,157.5
SEALER-0069,1300,21:40,160.1,150.1,164.7,157.3,159.5,152.0,170.0,159.1,167.4,162.0,159.3,160.3
SEALER-0069,1301,21:41,159.4,151.0,166.5,159.6,157.6,153.3,168.6,160.8,167.2,161.3,156.6,160.1
SEALER-0069,1302,21:42,161.2,151.4,166.9,159.7,158.7,153.5,170.1,160.5,168.9,162.7,158.2,160.1
SEALER-0069,1303,21:43,161.3,150.5,166.2,160.2,159.0,152.7,168.3,159.4,167.9,161.7,159.4,159.3
SEALER-0069,1304,21:44,159.1,151.4,166.6,159.2,159.6,152.6,168.1,160.9,166.4,160.1,157.1,159.4
SEALER-0069,1305,21:45,160.4,149.7,166.0,159.7,160.6,151.8,170.4,160.0,167.2,160.1,157.1,158.7
SEALER-0069,1306,21:46,160.1,149.9,164.4,159.7,159.3,152.1,169.6,159.2,169.2,161.2,158.6,161.2
SEALER-0069,1307,21:47,162.0,150.7,167.0,158.7,159.2,151.9,169.7,160.4,167.1,161.6,158.5,158.7
SEALER-0069,1308,21:48,161.3,150.8,164.4,157.7,159.9,152.2,170.3,161.1,166.3,160.4,158.7,158.2
SEALER-0069,1309,21:49,159.4,151.3,166.0,159.5,159.7,152.8,170.7,159.5,169.7,160.3,157.6,158.1
SEALER-0069,1310,21:50,161.2,151.5,166.0,159.1,159.4,152.9,169.5,159.3,167.6,160.5,157.0,158.5
SEALER-0069,1311,21:51,160.6,151.6,165.3,157.3,159.3,152.2,169.8,160.5,168.2,163.1,157.4,160.0
SEALER-0069,1312,21:52,159.6,150.2,166.8,157.5,159.6,151.9,171.4,159.5,166.4,161.1,159.4,158.7
SEALER-0069,1313,21:53,160.5,149.7,167.1,158.7,157.6,153.1,171.4,158.8,168.0,162.1,157.8,158.2
SEALER-0069,1314,21:54,159.6,151.9,166.6,158.2,159.6,152.5,169.2,160.3,167.1,162.3,159.8,157.5
SEALER-0069,1315,21:55,160.3,149.7,167.0,161.2,158.6,153.2,170.6,160.9,167.3,161.6,158.7,157.8
SEALER-0069,1316,21:56,161.4,150.1,165.7,160.3,160.4,151.6,170.8,159.1,169.4,161.6,157.9,158.0
SEALER-0069,1317,21:57,158.9,151.9,166.2,158.0,159.7,152.3,169.5,159.0,167.2,160.4,158.5,158.3
SEALER-0069,1318,21:58,159.8,152.6,165.2,158.1,161.1,153.3,168.5,159.9,167.4,160.5,157.7,159.5
SEALER-0069,1319,21:59,159.4,150.8,165.6,158.9,159.3,152.8,169.6,158.7,168.4,162.3,158.6,160.5
SEALER-0069,1320,22:00,160.5,150.9,166.4,158.3,158.6,152.9,169.4,158.6,168.6,161.3,158.8,157.9
SEALER-0069,1321,22:01,161.2,150.9,166.1,159.4,160.0,151.3,170.5,161.1,168.3,162.0,158.2,158.1
SEALER-0069,1322,22:02,159.9,150.0,167.1,159.1,160.9,154.9,171.2,160.3,167.8,161.1,158.7,159.3
SEALER-0069,1323,22:03,160.5,151.7,166.1,159.1,157.9,151.1,170.5,159.3,168.8,161.2,158.0,159.6
SEALER-0069,1324,22:04,160.1,150.2,167.3,159.0,160.2,153.9,168.9,159.3,167.8,161.5,158.2,159.2
SEALER-0069,1325,22:05,159.7,151.8,166.7,159.2,160.2,153.6,170.5,161.1,167.1,161.4,157.1,158.7
SEALER-0069,1326,22:06,161.0,150.9,165.3,159.8,159.4,153.4,170.4,160.3,168.2,161.2,157.9,158.5
SEALER-0069,1327,22:07,160.0,150.0,167.2,159.3,158.4,153.4,169.1,159.1,167.9,162.3,157.5,158.4
SEALER-0069,1328,22:08,159.7,151.2,167.3,160.4,159.7,152.5,168.3,159.7,165.5,159.9,157.9,159.7
SEALER-0069,1329,22:09,161.1,150.4,167.2,159.4,157.8,153.1,170.3,159.4,168.0,159.9,157.2,160.8
SEALER-0069,1330,22:10,161.6,150.5,167.0,157.8,158.4,151.4,169.3,160.9,169.3,160.8,158.4,158.8
SEALER-0069,1331,22:11,160.0,151.1,165.5,160.3,158.8,152.4,171.4,159.7,168.0,162.1,159.2,157.7
SEALER-0069,1332,22:12,159.2,152.2,164.5,159.5,158.7,154.0,169.6,160.2,167.6,161.1,157.7,158.1
SEALER-0069,1333,22:13,161.5,149.0,167.4,159.6,159.0,152.7,169.7,159.7,167.3,161.5,158.1,161.0
SEALER-0069,1334,22:14,160.8,151.7,166.0,159.4,158.5,152.1,169.8,158.8,167.4,161.6,159.2,159.0
SEALER-0069,1335,22:15,159.3,150.8,166.7,157.5,160.8,152.6,169.2,159.2,167.6,160.6,158.0,157.9
SEALER-0069,1336,22:16,159.4,150.0,166.2,159.5,159.4,153.3,169.6,162.2,166.5,162.4,158.6,159.0
SEALER-0069,1337,22:17,159.7,150.0,167.8,160.4,159.2,151.7,170.8,159.6,169.2,160.7,158.3,157.8
SEALER-0069,1338,22:18,159.5,152.1,166.0,161.0,157.2,152.0,170.8,159.6,167.9,160.5,160.4,158.2
SEALER-0069,1339,22:19,162.0,151.8,166.6,158.7,158.8,152.7,170.1,160.4,167.2,159.8,157.7,159.8
SEALER-0069,1340,22:20,159.9,152.5,167.4,159.9,159.4,151.0,170.5,159.7,167.6,161.6,158.1,159.1
SEALER-0069,1341,22:21,161.6,150.5,165.0,158.4,158.6,153.9,169.3,160.2,167.0,161.2,157.7,158.2
SEALER-0069,1342,22:22,159.0,150.2,165.0,159.5,158.5,152.3,169.3,160.1,166.6,162.1,158.6,158.5
SEALER-0069,1343,22:23,160.4,151.1,166.0,159.6,159.4,152.6,169.4,159.6,167.8,161.8,158.2,158.4
SEALER-0069,1344,22:24,159.0,151.8,165.3,159.6,159.9,154.1,168.9,159.5,167.8,162.4,159.2,159.1
SEALER-0069,1345,22:25,161.2,151.9,167.3,158.9,159.3,153.0,170.7,159.6,166.4,161.4,157.3,159.2
SEALER-0069,1346,22:26,161.8,150.0,165.7,161.4,159.5,152.4,169.8,161.3,166.6,162.4,158.6,159.8
SEALER-0069,1347,22:27,159.4,150.6,167.0,159.1,159.9,154.7,168.9,160.1,167.2,160.8,157.5,158.5
SEALER-0069,1348,22:28,159.3,151.5,166.7,160.4,158.2,153.1,169.7,158.9,168.3,159.2,157.7,159.9
SEALER-0069,1349,22:29,160.3,151.6,166.6,160.1,159.4,152.0,170.0,158.9,168.4,158.3,157.5,159.9
SEALER-0069,1350,22:30,161.7,149.2,165.2,159.7,158.8,152.6,169.4,160.4,166.8,160.3,157.5,159.2
SEALER-0069,1351,22:31,161.5,151.6,166.6,159.2,158.8,153.3,169.2,160.7,167.2,161.6,158.1,158.3
SEALER-0069,1352,22:32,161.5,151.9,165.9,160.0,159.4,151.5,169.9,161.1,169.6,160.9,157.4,160.6
SEALER-0069,1353,22:33,158.9,151.9,166.1,159.3,159.4,152.1,170.8,160.5,167.1,162.5,156.8,159.2
SEALER-0069,1354,22:34,159.4,151.3,165.8,157.2,158.5,151.6,170.5,158.3,169.6,160.6,158.8,159.1
SEALER-0069,1355,22:35,159.6,150.0,167.4,159.7,159.3,152.5,169.6,161.1,168.4,162.1,157.9,160.2
SEALER-0069,1356,22:36,161.1,150.2,165.9,158.8,159.5,151.7,170.4,159.5,168.4,162.2,156.8,158.3
SEALER-0069,1357,22:37,160.2,150.7,166.8,159.4,158.4,152.7,170.0,159.8,168.1,160.9,158.2,159.6
SEALER-0069,1358,22:38,160.1,151.3,166.5,159.9,158.6,152.7,168.3,160.5,167.1,161.4,158.2,159.8
SEALER-0069,1359,22:39,161.9,149.9,166.5,159.7,157.8,152.4,169.8,159.7,166.2,160.8,157.1,158.5
SEALER-0069,1360,22:40,159.0,151.3,168.6,159.4,158.9,151.4,168.4,161.2,167.7,162.1,157.9,160.2
SEALER-0069,1361,22:41,161.7,150.4,166.6,160.7,158.1,152.8,169.3,160.3,167.8,161.9,159.1,158.7
SEALER-0069,1362,22:42,160.5,151.9,165.6,160.5,159.9,151.7,169.2,159.7,167.8,161.9,157.9,158.9
SEALER-0069,1363,22:43,159.9,150.2,166.0,158.0,158.3,151.1,168.5,160.8,168.7,162.0,157.7,159.9
SEALER-0069,1364,22:44,159.1,151.2,166.7,159.7,160.7,151.4,169.0,158.4,168.8,160.1,158.0,158.4
SEALER-0069,1365,22:45,162.1,150.5,165.5,159.6,159.1,152.6,171.7,161.0,167.6,161.4,157.3,159.7
SEALER-0069,1366,22:46,161.2,150.0,165.4,157.3,160.1,154.1,170.9,159.0,168.4,162.1,157.7,160.6
SEALER-0069,1367,22:47,161.1,151.8,166.4,159.8,158.4,153.9,171.2,160.0,168.8,162.4,157.4,158.1
SEALER-0069,1368,22:48,160.9,151.1,165.4,159.7,158.9,152.7,169.2,160.8,168.1,159.8,159.4,158.9
SEALER-0069,1369,22:49,161.2,151.5,164.8,159.0,159.1,151.9,170.4,158.3,168.4,160.7,158.1,160.0
SEALER-0069,1370,22:50,161.9,150.5,165.4,158.3,160.9,151.6,168.3,160.1,169.1,162.3,157.9,158.9
SEALER-0069,1371,22:51,161.0,150.7,166.4,160.0,158.3,152.0,169.3,159.3,167.3,161.1,158.5,157.1
SEALER-0069,1372,22:52,161.0,152.0,165.1,159.7,159.7,153.6,169.9,158.8,168.6,161.1,157.9,159.1
SEALER-0069,1373,22:53,159.3,151.1,164.9,159.6,159.7,152.6,170.2,160.1,168.3,161.1,157.9,158.6
SEALER-0069,1374,22:54,159.7,150.2,165.5,159.8,158.9,152.6,169.2,159.1,168.4,161.8,157.3,160.6
SEALER-0069,1375,22:55,159.1,148.8,167.2,158.2,159.7,153.6,169.3,160.8,167.4,160.6,157.6,160.4
SEALER-0069,1376,22:56,159.8,150.1,166.7,159.9,158.6,152.0,168.8,160.5,167.3,163.1,159.2,159.8
SEALER-0069,1377,22:57,160.1,150.4,166.4,158.9,158.4,154.6,169.8,159.4,168.6,161.7,159.2,158.6
SEALER-0069,1378,22:58,162.2,151.8,166.2,158.6,160.2,152.8,170.3,160.2,167.5,158.7,157.9,158.6
SEALER-0069,1379,22:59,159.7,150.7,167.0,160.4,159.1,152.9,168.8,158.9,167.9,162.4,158.6,160.3
SEALER-0069,1380,23:00,160.3,149.8,164.0,159.2,158.3,151.3,169.3,160.5,168.2,161.4,157.9,159.5
SEALER-0069,1381,23:01,160.4,150.6,167.4,158.5,157.9,152.7,169.2,160.7,166.4,162.2,156.8,159.1
SEALER-0069,1382,23:02,159.8,151.2,166.0,158.1,159.1,151.5,170.4,158.7,166.9,161.1,158.0,160.3
SEALER-0069,1383,23:03,160.6,151.3,167.0,157.9,158.2,153.0,168.9,159.0,168.4,161.0,158.2,158.6
SEALER-0069,1384,23:04,160.8,152.5,165.7,160.3,160.5,152.3,172.5,159.0,167.7,161.7,157.5,159.6
SEALER-0069,1385,23:05,159.8,150.3,165.2,159.0,158.2,152.1,170.0,160.5,167.2,160.9,158.8,159.8
SEALER-0069,1386,23:06,161.2,150.2,166.8,159.6,160.0,151.3,169.8,159.2,168.3,160.8,156.6,159.1
SEALER-0069,1387,23:07,158.6,150.1,166.3,159.8,157.9,154.7,170.2,160.7,166.8,161.7,156.6,160.0
SEALER-0069,1388,23:08,160.0,151.5,167.4,159.9,159.5,152.5,169.7,160.3,168.8,160.6,158.5,159.2
SEALER-0069,1389,23:09,161.2,151.2,165.5,158.0,160.4,151.8,171.4,160.4,168.8,161.1,158.1,157.4
SEALER-0069,1390,23:10,160.7,150.0,165.7,158.9,159.0,152.9,170.1,159.7,169.3,161.0,159.4,158.4
SEALER-0069,1391,23:11,159.7,150.0,165.3,158.6,157.9,153.5,171.2,159.8,168.7,161.4,158.3,159.0
SEALER-0069,1392,23:12,159.5,151.8,166.6,158.6,158.4,154.4,170.5,160.5,170.7,161.6,157.7,161.0
SEALER-0069,1393,23:13,161.0,150.9,164.9,158.9,159.3,152.9,171.4,160.1,167.8,161.6,158.0,158.2
SEALER-0069,1394,23:14,160.0,151.0,166.9,159.7,159.3,152.8,169.2,159.7,167.1,161.3,157.4,158.8
SEALER-0069,1395,23:15,158.2,151.3,164.4,160.0,160.0,153.5,170.4,160.0,167.5,160.5,157.7,158.7
SEALER-0069,1396,23:16,159.1,150.8,165.3,158.7,158.9,151.2,169.7,160.2,168.0,161.3,156.8,159.5
SEALER-0069,1397,23:17,160.9,150.1,166.2,159.7,160.2,153.0,171.1,159.2,167.0,160.6,158.7,159.4
SEALER-0069,1398,23:18,163.1,151.2,165.9,158.3,159.9,151.9,169.2,160.4,167.2,161.9,158.5,157.4
SEALER-0069,1399,23:19,161.5,149.7,167.1,158.2,160.5,152.9,169.5,160.0,167.6,162.2,157.3,159.3
SEALER-0069,1400,23:20,162.3,149.7,167.1,159.2,158.2,153.4,169.9,159.9,167.0,163.1,157.6,159.5
SEALER-0069,1401,23:21,160.3,151.8,166.7,158.9,159.7,152.9,169.4,160.5,168.3,162.3,158.8,158.5
SEALER-0069,1402,23:22,160.4,150.7,166.0,161.2,159.1,152.3,170.1,160.3,168.1,161.7,157.8,160.9
SEALER-0069,1403,23:23,160.1,151.7,167.5,158.1,159.4,153.0,168.1,159.4,167.0,161.1,157.2,159.3
SEALER-0069,1404,23:24,159.1,150.3,166.4,158.3,159.3,153.2,171.4,162.0,167.3,160.3,157.2,161.6
SEALER-0069,1405,23:25,160.6,150.0,166.5,159.1,160.0,152.2,170.3,161.2,168.4,162.2,157.0,160.1
SEALER-0069,1406,23:26,160.2,152.8,167.4,159.7,159.1,152.9,169.1,159.0,167.5,160.5,157.2,160.4
SEALER-0069,1407,23:27,160.2,153.0,165.1,158.9,159.0,152.9,169.9,159.4,168.6,161.5,158.0,160.1
SEALER-0069,1408,23:28,161.5,151.7,165.1,157.5,160.4,152.5,168.2,159.2,167.6,160.3,157.4,157.7
SEALER-0069,1409,23:29,160.1,150.7,167.2,158.1,157.3,153.5,169.7,160.9,166.8,159.6,158.9,159.2
SEALER-0069,1410,23:30,161.1,150.8,166.2,161.3,159.7,153.7,169.3,161.7,167.6,161.7,159.0,159.1
SEALER-0069,1411,23:31,160.4,151.5,166.7,160.0,159.6,150.8,169.8,158.8,169.0,161.9,159.8,158.9
SEALER-0069,1412,23:32,160.7,150.9,166.2,158.6,159.9,152.7,169.2,160.5,166.6,161.8,157.6,159.2
SEALER-0069,1413,23:33,160.1,149.6,166.2,159.3,159.5,152.5,170.2,159.7,168.4,162.1,158.1,158.2
SEALER-0069,1414,23:34,160.2,151.1,166.6,159.7,159.0,151.7,170.6,159.7,165.3,161.3,160.2,159.7
SEALER-0069,1415,23:35,160.2,150.7,165.9,160.4,161.0,152.5,171.4,159.5,168.5,162.0,158.3,158.6
SEALER-0069,1416,23:36,159.5,150.1,165.9,159.7,159.5,152.4,170.0,159.9,167.3,160.0,158.2,159.5
SEALER-0069,1417,23:37,160.7,152.2,165.1,158.3,160.4,154.8,171.6,161.6,167.7,160.5,158.2,157.5
SEALER-0069,1418,23:38,161.4,151.4,167.1,159.7,159.1,152.6,169.8,159.7,167.1,161.6,158.8,158.2
SEALER-0069,1419,23:39,160.5,153.0,166.4,159.4,158.9,152.1,171.5,159.3,167.1,160.4,157.4,158.1
SEALER-0069,1420,23:40,161.0,151.1,167.0,159.6,159.0,152.4,170.1,159.6,168.0,162.3,157.9,158.9
SEALER-0069,1421,23:41,158.6,150.7,166.5,158.9,158.7,152.8,170.3,160.6,167.7,162.4,158.6,157.3
SEALER-0069,1422,23:42,161.0,150.5,165.8,158.8,158.2,153.0,168.7,158.4,168.4,161.5,159.1,158.5
SEALER-0069,1423,23:43,160.0,152.8,167.6,159.3,159.5,152.0,170.9,159.3,166.3,163.6,159.8,158.7
SEALER-0069,1424,23:44,160.1,150.7,165.8,159.7,157.9,151.4,169.8,159.0,168.4,160.3,158.7,159.6
SEALER-0069,1425,23:45,160.7,150.5,166.0,159.0,160.2,153.7,170.4,160.9,167.9,162.5,157.8,158.5
SEALER-0069,1426,23:46,159.8,151.3,165.7,157.4,159.8,154.9,171.0,160.5,168.6,162.8,157.8,159.3
SEALER-0069,1427,23:47,159.2,150.5,166.3,161.3,159.7,152.1,168.7,160.6,168.4,160.6,158.6,159.5
SEALER-0069,1428,23:48,160.8,150.9,167.5,158.1,159.6,152.2,170.4,160.2,169.5,161.4,156.8,159.4
SEALER-0069,1429,23:49,160.7,151.3,167.3,158.5,158.6,153.0,168.2,159.4,167.7,161.9,157.0,157.4
SEALER-0069,1430,23:50,160.3,151.3,167.0,160.2,159.0,152.7,171.9,160.2,168.1,161.8,157.8,157.3
SEALER-0069,1431,23:51,160.9,150.6,167.5,158.7,159.0,151.8,169.3,160.7,168.3,160.1,157.5,158.9
SEALER-0069,1432,23:52,160.0,149.6,166.8,159.6,160.6,152.5,171.3,160.2,168.6,161.1,158.2,159.0
SEALER-0069,1433,23:53,160.3,150.5,166.7,159.1,159.5,153.0,171.1,160.5,167.6,160.6,158.1,159.7
SEALER-0069,1434,23:54,159.4,150.3,167.7,160.1,158.5,153.7,170.5,159.2,166.9,161.4,159.2,158.6
SEALER-0069,1435,23:55,159.6,150.3,166.5,157.5,159.9,152.8,171.7,159.1,166.8,160.9,157.6,159.7
SEALER-0069,1436,23:56,162.3,149.9,167.7,160.7,158.7,153.2,169.7,160.0,168.4,162.5,157.3,159.5
SEALER-0069,1437,23:57,160.3,151.0,166.0,158.3,160.6,152.4,170.9,161.6,167.3,161.0,156.7,159.2
SEALER-0069,1438,23:58,161.5,151.4,166.7,160.3,159.8,152.0,170.6,160.4,169.9,162.6,158.6,159.8
SEALER-0069,1439,23:59,160.1,150.8,167.1,159.6,158.5,154.5,169.2,159.2,168.6,161.2,158.0,157.4
SEALER-0069,1440,24:00,160.4,150.5,165.1,157.6,160.9,151.3,170.6,160.1,166.6,162.0,158.9,159.1
SEALER-0069,1441,24:01,160.1,151.0,165.3,160.2,159.9,151.5,170.7,161.2,167.7,162.4,157.4,157.3
SEALER-0069,1442,24:02,160.2,150.1,167.0,159.3,159.9,152.9,170.5,159.3,166.8,160.8,160.2,157.8
SEALER-0069,1443,24:03,160.4,151.3,166.0,160.4,159.1,152.8,169.5,160.5,167.4,162.4,157.2,158.8
SEALER-0069,1444,24:04,159.7,151.1,166.8,158.7,159.4,151.8,170.9,160.2,166.7,159.9,155.7,159.2
SEALER-0069,1445,24:05,160.4,151.5,164.7,158.6,158.3,152.1,170.5,158.9,168.0,161.3,157.4,159.5
SEALER-0069,1446,24:06,159.3,151.7,166.7,159.7,160.4,151.7,170.2,162.0,167.3,160.5,159.4,157.9
SEALER-0069,1447,24:07,161.5,151.0,165.7,159.5,160.1,152.8,169.9,160.6,168.2,160.3,157.9,158.7
SEALER-0069,1448,24:08,160.1,150.5,165.7,158.4,160.2,150.8,169.8,160.1,169.3,161.3,158.3,158.7
SEALER-0069,1449,24:09,160.0,149.8,165.1,158.8,160.0,151.5,170.0,160.3,168.4,161.0,157.1,158.2
SEALER-0069,1450,24:10,160.2,152.0,167.2,159.9,157.9,152.0,170.3,159.4,166.5,160.9,158.8,159.1
SEALER-0069,1451,24:11,161.8,153.5,167.2,160.0,159.4,154.0,169.3,161.6,168.2,162.8,157.1,158.7
SEALER-0069,1452,24:12,160.4,151.0,167.2,159.1,159.7,152.4,168.9,160.1,166.4,162.6,157.7,158.5
SEALER-0069,1453,24:13,160.1,150.1,166.9,161.1,159.7,153.6,169.6,159.8,167.8,161.1,157.8,159.2
SEALER-0069,1454,24:14,162.2,149.0,166.9,158.4,160.4,153.7,169.3,158.4,167.0,160.6,158.4,159.5
SEALER-0069,1455,24:15,160.9,150.9,167.6,159.6,160.7,154.1,169.5,159.4,168.3,161.5,158.3,159.8
SEALER-0069,1456,24:16,160.0,150.7,166.3,159.2,159.5,152.3,169.5,159.9,168.5,162.9,159.1,158.9
SEALER-0069,1457,24:17,159.1,150.2,167.3,157.6,160.6,152.7,170.5,160.8,168.0,162.1,158.1,159.0
SEALER-0069,1458,24:18,160.6,152.1,166.4,159.6,159.3,153.2,168.3,160.2,169.5,161.5,158.5,157.6
SEALER-0069,1459,24:19,159.3,151.3,166.9,157.3,158.0,153.9,169.5,159.8,167.5,160.7,156.9,158.5
SEALER-0069,1460,24:20,159.8,150.1,166.3,160.9,158.7,152.6,171.3,158.6,166.0,161.3,158.3,158.1
SEALER-0069,1461,24:21,159.4,151.1,168.1,158.1,158.6,151.8,169.6,159.5,166.4,161.5,157.9,158.6
SEALER-0069,1462,24:22,160.0,151.3,167.1,158.1,159.3,153.2,171.1,159.2,169.3,161.3,158.1,158.9
SEALER-0069,1463,24:23,160.7,151.0,167.4,159.7,159.9,152.4,169.5,161.3,169.2,160.2,160.4,160.1
SEALER-0069,1464,24:24,159.7,151.4,166.1,159.2,158.3,152.5,169.2,160.2,167.5,159.1,158.1,160.6
SEALER-0069,1465,24:25,159.4,150.6,166.3,158.2,160.5,152.0,171.6,161.3,166.7,159.8,159.2,159.8
SEALER-0069,1466,24:26,160.0,150.3,166.9,159.9,159.8,152.7,171.6,160.2,169.2,159.7,159.0,158.1
SEALER-0069,1467,24:27,159.9,150.1,165.8,159.9,160.5,152.5,169.6,159.3,167.8,158.9,158.4,159.1
SEALER-0069,1468,24:28,158.1,150.0,165.7,159.4,160.2,152.4,170.4,158.7,167.6,158.4,158.7,158.1
SEALER-0069,1469,24:29,159.4,149.4,165.1,158.7,157.8,152.9,171.0,159.9,168.1,158.3,157.4,159.3
SEALER-0069,1470,24:30,159.0,149.5,164.5,158.8,161.0,151.3,171.2,159.8,167.0,158.0,159.3,160.5
SEALER-0069,1471,24:31,159.2,149.5,164.0,158.8,159.5,152.4,169.5,161.1,166.6,158.4,157.1,158.0
SEALER-0069,1472,24:32,161.4,149.3,163.9,157.6,157.9,152.5,170.0,159.9,166.4,157.4,156.7,158.8
SEALER-0069,1473,24:33,160.5,149.0,163.9,156.4,159.8,154.0,171.1,161.3,165.7,156.9,156.9,159.3
SEALER-0069,1474,24:34,161.2,148.6,163.1,156.6,161.4,152.1,171.6,160.0,165.1,156.7,156.3,157.5
SEALER-0069,1475,24:35,158.3,148.4,163.0,156.9,158.6,152.2,170.1,158.7,166.3,154.4,155.8,159.6
SEALER-0069,1476,24:36,159.6,147.0,163.1,156.3,158.8,153.1,170.0,160.5,165.6,155.9,155.2,159.9
SEALER-0069,1477,24:37,160.0,148.0,161.5,156.7,161.1,153.3,170.2,159.6,164.9,155.8,155.0,158.4
SEALER-0069,1478,24:38,160.2,147.3,162.7,155.8,159.3,153.1,169.5,160.8,164.5,155.4,154.9,159.8
SEALER-0069,1479,24:39,161.1,146.5,161.0,155.4,160.0,151.5,170.7,161.2,163.9,154.6,155.0,159.9
SEALER-0069,1480,24:40,160.8,146.4,161.1,154.9,159.2,153.3,169.1,159.3,163.9,154.5,153.7,158.4
SEALER-0069,1481,24:41,159.9,146.0,160.4,155.2,159.9,152.9,171.9,160.1,163.2,154.9,154.4,159.8
SEALER-0069,1482,24:42,160.6,146.3,160.8,154.2,160.1,152.3,170.9,160.5,162.3,153.7,153.0,159.4
SEALER-0069,1483,24:43,159.3,145.4,160.5,154.3,159.8,151.1,171.1,159.7,162.3,154.1,155.1,160.1
SEALER-0069,1484,24:44,160.3,145.9,159.8,153.5,157.4,152.9,170.9,161.0,162.7,152.8,152.5,158.9
SEALER-0069,1485,24:45,160.5,145.1,159.5,154.7,160.4,153.5,170.7,159.7,161.1,153.3,152.5,159.2
SEALER-0069,1486,24:46,160.4,145.3,159.3,152.6,160.0,152.6,169.0,160.5,161.5,152.8,151.6,158.9
SEALER-0069,1487,24:47,158.2,143.9,159.8,152.5,158.2,152.0,171.3,158.7,160.9,152.3,151.6,159.0
SEALER-0069,1488,24:48,159.4,144.2,158.9,153.0,159.7,152.7,170.1,160.6,160.7,151.9,151.4,159.6
SEALER-0069,1489,24:49,159.0,143.8,157.3,151.3,158.0,151.5,168.9,160.6,160.3,151.6,151.1,158.8
SEALER-0069,1490,24:50,158.6,143.9,157.2,151.5,159.6,153.1,171.3,159.2,160.1,152.2,150.3,157.8
SEALER-0069,1491,24:51,158.4,143.0,158.4,152.7,160.1,153.3,169.0,159.0,159.2,151.3,151.0,157.8
SEALER-0069,1492,24:52,157.8,142.8,157.8,151.7,159.6,153.3,171.1,158.8,160.5,150.7,150.1,157.5
SEALER-0069,1493,24:53,157.9,142.0,157.3,150.8,159.1,152.8,171.6,159.8,159.4,148.9,150.1,156.8
SEALER-0069,1494,24:54,158.1,142.6,156.3,151.0,158.3,152.6,170.9,159.0,159.3,150.0,150.1,157.0
SEALER-0069,1495,24:55,156.9,142.3,156.2,150.1,159.5,152.7,170.8,160.9,158.2,150.3,149.0,157.8
SEALER-0069,1496,24:56,156.2,141.5,156.6,150.1,158.9,154.5,168.9,159.8,157.5,149.4,148.5,156.3
SEALER-0069,1497,24:57,156.6,141.8,155.3,150.1,160.4,152.7,169.1,160.1,158.1,148.7,148.6,156.0
SEALER-0069,1498,24:58,156.1,141.6,155.3,149.8,158.8,152.4,170.1,159.5,157.9,149.4,148.2,155.7
SEALER-0069,1499,24:59,155.9,140.8,155.0,149.6,158.2,152.1,170.7,158.1,157.3,149.1,148.6,156.0
SEALER-0069,1500,25:00,156.4,141.1,154.7,149.0,158.7,151.8,170.1,158.6,157.4,148.7,147.1,156.2
SEALER-0069,1501,25:01,156.1,139.9,154.3,148.7,158.5,154.6,171.0,157.5,157.0,148.2,148.0,153.6
SEALER-0069,1502,25:02,154.6,139.7,154.2,148.8,157.0,150.4,170.9,158.4,156.5,147.6,147.7,154.9
SEALER-0069,1503,25:03,155.0,139.0,154.2,148.0,156.9,151.9,170.3,157.4,155.5,147.2,147.6,154.4
SEALER-0069,1504,25:04,154.7,138.7,152.8,148.1,158.0,153.0,170.1,157.6,156.4,147.0,146.1,154.4
SEALER-0069,1505,25:05,153.8,139.1,152.7,147.1,156.2,153.7,169.1,157.4,155.1,147.0,145.9,154.1
SEALER-0069,1506,25:06,154.1,138.9,153.0,146.5,156.7,153.7,169.3,157.0,155.0,146.8,145.3,153.4
SEALER-0069,1507,25:07,153.7,138.1,151.9,146.5,155.7,153.7,168.5,155.8,155.2,146.2,145.3,152.5
SEALER-0069,1508,25:08,153.7,139.0,153.0,147.3,154.9,154.5,168.6,156.3,154.1,145.1,144.8,152.9
SEALER-0069,1509,25:09,153.1,138.1,152.0,145.5,155.2,152.7,168.4,155.5,153.9,144.9,144.1,152.8
SEALER-0069,1510,25:10,152.3,137.2,151.4,146.6,153.9,152.3,168.0,154.5,153.6,145.8,145.2,152.2
SEALER-0069,1511,25:11,152.4,137.0,151.0,146.5,154.2,151.5,168.1,155.3,153.2,145.4,143.6,152.5
SEALER-0069,1512,25:12,151.9,136.4,151.1,146.0,154.3,151.2,167.3,154.6,153.1,145.3,143.0,152.2
SEALER-0069,1513,25:13,151.8,137.6,150.8,145.4,154.3,151.3,165.7,153.9,152.4,144.3,143.5,152.5
SEALER-0069,1514,25:14,152.0,136.8,150.0,145.8,153.9,152.0,166.3,154.4,152.5,144.3,143.3,151.0
SEALER-0069,1515,25:15,151.5,136.5,150.0,144.1,152.4,150.0,164.6,153.9,152.1,144.3,143.2,151.2
SEALER-0069,1516,25:16,151.0,135.4,148.8,143.8,152.1,149.8,165.2,152.7,151.9,144.2,142.6,149.6
SEALER-0069,1517,25:17,150.9,135.9,149.3,144.2,152.1,149.3,164.5,153.4,151.5,143.2,141.6,150.5
SEALER-0069,1518,25:18,150.1,135.0,148.7,144.0,151.8,149.0,164.1,153.2,150.6,143.1,142.6,149.7
SEALER-0069,1519,25:19,150.8,135.7,148.3,143.6,151.6,148.8,163.9,151.8,151.2,142.1,141.2,149.8
SEALER-0069,1520,25:20,150.2,135.9,147.8,143.5,151.5,148.8,163.3,152.5,150.6,142.9,141.8,148.9
SEALER-0069,1521,25:21,150.1,134.7,148.6,142.4,151.4,148.3,164.6,151.6,150.1,143.0,140.4,148.8
SEALER-0069,1522,25:22,149.7,134.1,148.3,142.2,150.1,148.1,163.8,151.4,149.8,142.3,140.0,148.5
SEALER-0069,1523,25:23,148.9,134.3,147.0,142.5,149.9,147.7,162.4,149.7,150.4,140.7,140.9,148.2
SEALER-0069,1524,25:24,148.7,134.7,147.0,141.2,149.7,146.2,162.5,151.1,149.4,142.0,140.1,147.6
SEALER-0069,1525,25:25,148.7,133.0,147.1,141.0,149.8,146.4,161.2,149.8,149.2,139.9,139.5,148.2
SEALER-0069,1526,25:26,148.7,132.5,146.8,141.8,149.8,146.1,162.2,149.8,148.7,141.3,139.9,148.0
SEALER-0069,1527,25:27,148.0,132.1,147.3,141.0,148.1,146.1,161.8,149.4,148.8,140.6,139.9,147.8
SEALER-0069,1528,25:28,148.0,132.9,146.3,140.5,148.7,145.6,160.6,148.6,148.2,140.3,139.3,147.7
SEALER-0069,1529,25:29,147.1,132.3,145.7,140.8,147.3,146.0,160.5,148.4,147.9,140.0,139.2,147.4
SEALER-0069,1530,25:30,146.9,131.6,146.3,140.4,147.6,145.6,160.5,148.6,147.6,139.6,137.8,146.7
SEALER-0069,1531,25:31,147.2,132.6,145.2,140.7,147.9,144.9,159.0,148.8,147.2,139.8,137.6,146.7
SEALER-0069,1532,25:32,146.1,131.9,145.6,138.6,147.4,144.8,159.3,148.5,147.8,138.5,137.5,146.3
SEALER-0069,1533,25:33,146.1,130.8,144.8,138.4,146.7,143.8,157.6,147.2,146.1,138.7,137.6,145.3
SEALER-0069,1534,25:34,145.9,130.2,145.7,139.3,147.2,143.9,158.1,146.1,146.4,138.4,137.3,146.1
SEALER-0069,1535,25:35,146.1,129.9,144.6,139.1,145.5,143.2,157.6,146.6,146.8,138.3,136.8,145.8
SEALER-0069,1536,25:36,144.7,130.2,143.5,139.2,146.2,143.3,158.1,146.1,146.2,138.1,136.4,145.0
SEALER-0069,1537,25:37,146.2,130.0,143.7,138.1,145.7,142.7,158.2,145.6,144.4,138.0,136.5,144.9
SEALER-0069,1538,25:38,145.7,130.8,143.6,136.8,145.4,143.6,157.2,145.8,144.3,138.4,136.9,143.2
SEALER-0069,1539,25:39,145.2,129.3,143.2,137.6,144.8,142.7,157.2,144.8,145.3,136.9,136.0,144.2
SEALER-0069,1540,25:40,144.6,129.3,141.4,137.1,143.7,142.5,156.1,144.6,144.7,137.4,134.7,144.3
SEALER-0069,1541,25:41,144.2,129.3,142.0,137.1,143.6,140.5,155.5,144.9,144.1,136.3,134.4,143.2
SEALER-0069,1542,25:42,144.3,128.6,142.0,137.3,142.5,140.2,155.8,143.9,144.1,136.3,135.4,143.2
SEALER-0069,1543,25:43,143.1,128.0,142.0,135.7,144.3,141.0,155.0,144.5,143.2,135.3,134.9,143.5
SEALER-0069,1544,25:44,143.0,128.2,141.6,136.9,144.0,140.8,154.6,143.3,143.1,136.1,133.9,142.5
SEALER-0069,1545,25:45,143.2,128.3,141.6,136.0,142.8,140.7,153.6,143.8,143.0,135.5,134.1,142.1
SEALER-0069,1546,25:46,143.3,127.8,140.1,135.7,142.2,140.1,153.7,143.5,143.0,135.2,133.4,142.5
SEALER-0069,1547,25:47,142.7,127.3,141.3,135.9,142.8,139.6,153.6,143.3,142.0,134.4,134.6,141.9
SEALER-0069,1548,25:48,142.6,128.0,140.3,135.4,141.6,138.2,152.5,142.5,142.0,135.3,132.9,141.2
SEALER-0069,1549,25:49,142.1,126.0,140.5,134.4,141.5,138.9,152.8,141.9,141.9,133.9,133.4,141.3
SEALER-0069,1550,25:50,141.2,126.6,139.5,134.5,140.2,138.8,152.8,142.5,141.0,133.8,132.0,142.4
SEALER-0069,1551,25:51,142.0,126.9,139.7,133.7,141.1,138.9,152.0,141.1,142.2,134.1,132.0,141.6
SEALER-0069,1552,25:52,141.6,125.6,139.3,133.9,141.0,137.9,151.5,140.9,141.6,133.5,132.2,140.8
SEALER-0069,1553,25:53,141.2,126.2,138.3,134.5,140.5,138.3,150.7,140.6,139.8,133.6,131.7,139.9
SEALER-0069,1554,25:54,141.5,124.6,138.7,133.6,140.6,137.2,151.8,140.5,140.4,132.8,132.0,140.4
SEALER-0069,1555,25:55,141.0,125.9,137.8,133.8,139.9,137.4,150.8,140.7,139.8,133.1,131.2,141.0
SEALER-0069,1556,25:56,140.5,125.1,138.4,132.2,138.9,136.2,149.7,140.1,140.3,132.5,131.5,138.7
SEALER-0069,1557,25:57,140.2,125.6,138.7,132.6,139.1,136.7,149.9,139.8,139.2,132.4,131.5,139.3
SEALER-0069,1558,25:58,139.5,124.7,137.4,131.4,138.8,135.8,150.0,139.5,139.1,133.0,130.9,139.3
SEALER-0069,1559,25:59,139.6,123.8,137.4,132.0,138.1,135.7,149.6,139.0,138.0,132.7,129.5,139.2
SEALER-0069,1560,26:00,139.4,122.9,136.5,131.9,138.3,135.3,148.8,138.3,138.3,131.6,131.3,139.2
SEALER-0069,1561,26:01,139.3,124.2,136.8,131.2,138.1,135.4,147.6,138.7,137.6,130.9,130.0,138.1
SEALER-0069,1562,26:02,139.0,123.5,135.9,131.6,137.2,134.8,148.3,138.2,137.8,131.3,129.5,138.1
SEALER-0069,1563,26:03,138.9,123.1,136.7,131.0,138.3,134.4,147.2,136.9,137.5,129.9,130.1,138.1
SEALER-0069,1564,26:04,138.3,122.6,135.0,130.5,137.1,134.5,147.9,137.8,137.6,130.0,128.6,138.3
SEALER-0069,1565,26:05,138.1,122.8,135.7,131.3,137.1,134.4,146.6,137.5,137.0,130.6,128.4,135.9
SEALER-0069,1566,26:06,137.4,123.3,135.7,129.9,135.9,133.4,146.8,136.5,136.8,130.1,128.6,137.3
SEALER-0069,1567,26:07,138.0,122.1,135.3,130.6,136.9,134.2,146.1,136.9,136.5,130.1,127.8,136.9
SEALER-0069,1568,26:08,137.6,122.3,134.7,129.7,135.4,133.3,145.6,136.0,136.5,129.8,128.4,137.5
SEALER-0069,1569,26:09,136.5,121.0,134.4,130.1,136.4,132.3,145.6,135.6,136.1,129.5,126.5,136.6
SEALER-0069,1570,26:10,136.0,121.9,134.4,129.8,134.1,132.8,145.4,135.0,136.0,129.4,127.0,136.2
SEALER-0069,1571,26:11,136.7,121.2,133.4,128.5,134.9,132.7,145.2,135.3,135.7,128.3,127.1,135.4
SEALER-0069,1572,26:12,136.0,120.9,133.9,128.6,135.2,132.5,144.4,134.8,135.2,128.2,125.8,135.0
SEALER-0069,1573,26:13,136.7,120.3,133.2,128.9,134.4,130.9,144.3,134.4,135.4,128.3,126.4,136.0
SEALER-0069,1574,26:14,136.1,120.2,132.8,128.4,134.6,131.4,144.9,134.2,134.5,127.6,125.2,135.0
SEALER-0069,1575,26:15,136.2,120.6,132.7,128.8,133.4,131.1,143.2,133.9,134.8,128.0,126.2,134.7
SEALER-0069,1576,26:16,134.6,120.0,132.8,127.2,134.2,131.8,142.1,134.0,134.4,128.4,125.1,135.2
SEALER-0069,1577,26:17,135.6,120.1,133.8,127.1,132.9,131.0,142.7,133.8,134.4,127.8,125.9,133.8
SEALER-0069,1578,26:18,134.3,119.9,132.4,127.8,133.0,129.5,142.5,133.5,134.2,127.3,124.3,134.6
SEALER-0069,1579,26:19,135.0,119.5,131.4,127.4,132.8,129.3,142.3,133.1,133.6,127.3,124.6,133.9
SEALER-0069,1580,26:20,133.8,119.2,131.3,127.4,132.7,129.4,142.1,132.7,132.8,126.5,124.6,133.1
SEALER-0069,1581,26:21,133.8,119.2,131.2,126.5,132.7,128.9,141.5,132.5,132.8,126.5,123.0,133.9
SEALER-0069,1582,26:22,133.9,118.8,131.7,127.0,131.2,129.2,141.2,132.8,132.4,126.8,124.1,133.5
SEALER-0069,1583,26:23,133.3,117.4,131.2,125.9,132.3,128.0,141.6,131.1,132.2,126.1,123.3,134.1
SEALER-0069,1584,26:24,133.4,118.2,130.4,126.1,131.0,128.1,140.4,130.7,131.5,126.0,123.7,132.4
SEALER-0069,1585,26:25,133.9,118.5,129.9,126.1,131.0,128.0,141.3,131.7,131.8,125.6,123.5,133.0
SEALER-0069,1586,26:26,132.3,118.4,130.2,124.9,129.5,128.5,140.4,130.6,131.0,124.6,123.0,133.0
SEALER-0069,1587,26:27,133.1,116.3,129.3,125.2,130.3,126.6,139.5,130.0,132.3,125.1,123.1,132.2
SEALER-0069,1588,26:28,132.5,117.7,128.7,125.2,129.9,127.5,139.8,130.6,130.9,124.5,123.6,131.5
SEALER-0069,1589,26:29,132.0,116.9,129.9,125.0,129.7,126.9,139.2,130.7,130.8,125.1,123.3,130.9
SEALER-0069,1590,26:30,131.7,116.8,129.8,124.9,129.3,126.9,138.9,130.1,130.3,125.3,122.4,132.7
SEALER-0069,1591,26:31,132.4,116.3,128.9,124.8,129.6,126.6,138.8,129.0,130.8,124.9,121.1,131.0
SEALER-0069,1592,26:32,131.2,116.8,127.4,124.1,128.4,126.2,137.9,129.3,129.5,124.1,121.3,130.7
SEALER-0069,1593,26:33,131.4,115.8,128.0,123.8,129.1,125.7,138.3,128.9,131.1,124.1,122.2,131.0
SEALER-0069,1594,26:34,130.8,115.5,127.2,123.4,127.6,124.9,137.4,128.9,129.6,123.4,121.6,130.4
SEALER-0069,1595,26:35,131.3,115.9,128.0,123.1,127.7,124.6,137.3,128.6,129.1,122.8,120.3,130.3
SEALER-0069,1596,26:36,130.9,115.2,128.1,122.5,127.6,124.9,137.2,128.3,128.4,122.9,120.1,129.5
SEALER-0069,1597,26:37,131.3,115.0,127.1,122.7,128.4,124.8,137.0,127.6,128.4,122.3,119.3,130.5
SEALER-0069,1598,26:38,129.9,115.2,127.1,123.4,126.7,124.3,136.1,128.5,128.7,122.1,120.3,129.6
SEALER-0069,1599,26:39,130.8,114.2,126.4,122.0,127.7,124.3,135.6,127.4,127.9,121.5,120.0,129.5
SEALER-0069,1600,26:40,130.5,114.7,126.4,121.4,126.8,124.4,135.2,127.4,127.7,121.3,119.0,129.3
SEALER-0069,1601,26:41,129.3,114.5,127.6,122.3,127.3,123.8,134.8,126.7,127.0,122.9,119.7,128.7
SEALER-0069,1602,26:42,129.7,114.1,126.3,122.6,126.1,123.9,135.2,126.4,127.5,122.4,118.6,128.0
SEALER-0069,1603,26:43,129.1,113.1,125.2,121.7,125.8,122.4,134.4,126.7,126.7,121.6,119.2,128.2
SEALER-0069,1604,26:44,129.7,113.2,126.2,121.4,125.1,122.4,133.4,126.1,126.8,120.8,118.7,127.8
SEALER-0069,1605,26:45,128.5,113.4,125.3,120.7,125.8,122.7,133.6,126.4,125.6,122.4,118.4,128.2
SEALER-0069,1606,26:46,128.4,113.3,125.9,120.7,124.5,122.8,134.8,125.8,126.1,120.6,118.4,127.7
SEALER-0069,1607,26:47,127.8,113.1,125.3,120.7,124.8,121.7,133.5,125.0,126.4,119.6,117.7,126.3
SEALER-0069,1608,26:48,128.3,112.6,124.7,120.2,124.4,121.9,133.8,125.0,126.0,120.5,117.2,127.7
SEALER-0069,1609,26:49,127.7,112.5,124.7,120.8,123.6,121.8,132.6,125.3,126.4,119.9,118.1,126.6
SEALER-0069,1610,26:50,127.0,111.7,125.4,119.1,124.1,120.1,131.9,124.6,125.8,120.2,116.9,126.2
SEALER-0069,1611,26:51,127.4,111.2,124.1,120.2,123.4,121.0,132.4,124.8,124.7,119.5,117.0,126.6
SEALER-0069,1612,26:52,126.0,111.6,123.0,118.7,123.4,120.6,131.9,123.6,124.4,118.8,117.2,126.7
SEALER-0069,1613,26:53,125.7,111.4,123.2,118.7,123.9,121.5,131.6,123.7,124.6,118.6,115.8,126.1
SEALER-0069,1614,26:54,126.2,110.8,123.2,119.3,122.8,120.7,131.3,124.1,124.5,118.6,116.1,126.3
SEALER-0069,1615,26:55,126.6,111.3,123.1,118.7,122.5,119.4,131.5,123.7,123.9,118.5,116.2,125.5
SEALER-0069,1616,26:56,125.9,111.0,123.5,118.6,123.1,119.0,130.3,122.2,123.9,118.4,116.4,125.5
SEALER-0069,1617,26:57,126.4,110.9,122.5,118.0,123.6,120.1,131.1,122.8,123.9,117.5,115.8,125.6
SEALER-0069,1618,26:58,125.3,111.6,121.7,118.2,121.5,118.9,130.7,121.9,124.1,117.8,116.3,124.9
SEALER-0069,1619,26:59,125.2,110.9,122.1,117.5,121.9,119.6,129.4,122.0,123.8,116.4,114.8,125.1
SEALER-0069,1620,27:00,124.4,110.2,122.2,117.8,120.5,119.0,129.8,121.7,123.1,117.1,114.7,124.7
SEALER-0069,1621,27:01,125.5,110.8,120.9,116.7,120.7,118.6,129.8,121.4,123.4,117.6,115.2,124.3
SEALER-0069,1622,27:02,124.4,108.8,120.8,117.7,120.9,118.0,129.1,122.2,122.7,117.0,115.4,124.0
SEALER-0069,1623,27:03,124.5,109.4,120.8,117.8,120.7,118.2,127.8,121.0,122.8,117.0,114.4,124.3
SEALER-0069,1624,27:04,124.8,109.2,121.2,117.2,120.5,117.7,128.2,120.6,122.3,117.7,114.0,122.4
SEALER-0069,1625,27:05,124.5,108.6,120.4,117.2,120.1,118.1,128.0,120.1,121.7,115.9,114.0,122.7
SEALER-0069,1626,27:06,123.9,109.4,120.1,116.1,120.2,117.3,128.0,121.1,121.8,117.2,113.6,122.6
SEALER-0069,1627,27:07,123.4,109.3,119.3,116.0,119.8,117.5,126.8,119.7,121.5,116.5,114.0,123.4
SEALER-0069,1628,27:08,123.1,108.3,120.2,115.4,119.6,116.7,126.5,119.8,122.7,116.4,113.3,122.7
SEALER-0069,1629,27:09,124.1,108.0,119.9,115.9,119.2,116.0,127.3,119.9,121.0,114.9,113.1,123.1
SEALER-0069,1630,27:10,122.5,108.1,119.7,115.1,119.2,117.1,127.1,119.6,121.4,113.9,113.6,122.2
SEALER-0069,1631,27:11,123.3,107.6,119.4,114.8,118.4,115.7,126.5,118.9,120.8,114.0,113.0,122.0
SEALER-0069,1632,27:12,123.0,108.8,119.8,114.5,117.8,116.3,126.5,118.3,120.5,115.7,113.2,122.7
SEALER-0069,1633,27:13,122.2,107.0,119.1,115.6,117.9,115.6,126.3,119.1,119.0,114.3,112.0,122.0
SEALER-0069,1634,27:14,122.1,107.2,118.8,114.4,118.2,114.7,125.7,119.6,120.3,115.7,112.3,120.9
SEALER-0069,1635,27:15,121.5,107.0,118.4,114.4,117.6,115.6,125.1,117.8,119.6,114.9,111.0,121.1
SEALER-0069,1636,27:16,122.2,107.3,117.8,113.9,116.2,115.6,125.4,118.9,119.9,115.1,110.8,122.1
SEALER-0069,1637,27:17,121.6,107.2,117.7,113.7,117.2,114.7,124.6,116.9,119.2,115.0,111.8,120.9
SEALER-0069,1638,27:18,121.6,106.7,118.9,113.6,117.0,115.1,124.8,118.0,119.2,114.2,111.0,119.4
SEALER-0069,1639,27:19,120.7,106.8,116.8,113.5,116.5,113.8,124.2,118.2,117.8,113.7,110.4,120.9
SEALER-0069,1640,27:20,120.4,105.8,117.5,113.6,116.2,113.9,123.6,117.0,117.9,113.0,110.1,120.3
SEALER-0069,1641,27:21,120.7,106.5,117.2,113.2,115.9,113.8,123.7,116.5,117.7,113.0,110.1,119.1
SEALER-0069,1642,27:22,120.4,104.8,117.7,112.8,115.9,113.8,123.8,116.5,118.3,112.6,110.2,120.1
SEALER-0069,1643,27:23,120.4,105.3,116.2,113.3,116.0,112.3,123.1,117.8,118.1,112.6,110.5,119.2
SEALER-0069,1644,27:24,120.1,104.3,116.4,112.9,115.2,113.4,123.4,116.2,117.3,112.0,108.8,119.5
SEALER-0069,1645,27:25,120.5,104.9,115.5,111.6,115.4,112.7,122.1,116.2,117.1,111.7,109.9,117.9
SEALER-0069,1646,27:26,120.4,104.6,117.2,112.5,114.4,113.2,122.8,115.0,117.2,112.3,108.8,118.5
SEALER-0069,1647,27:27,118.7,104.1,115.4,111.0,114.3,112.2,122.8,115.7,116.8,111.2,108.8,119.4
SEALER-0069,1648,27:28,119.2,104.2,115.5,110.3,115.6,112.8,121.8,114.6,116.7,111.5,108.8,118.3
SEALER-0069,1649,27:29,119.0,104.5,115.3,111.7,115.1,111.7,121.6,114.1,116.2,110.1,109.2,117.7
SEALER-0069,1650,27:30,118.9,104.2,115.8,110.8,113.8,112.0,121.3,114.5,115.3,111.4,109.0,118.5
SEALER-0069,1651,27:31,118.5,103.7,114.7,111.3,114.4,111.2,120.6,114.1,116.3,111.7,109.2,117.5
SEALER-0069,1652,27:32,117.7,104.0,115.1,112.2,113.7,110.4,120.3,114.1,115.6,109.9,108.3,117.6
SEALER-0069,1653,27:33,117.7,103.9,115.3,111.1,112.2,112.1,119.9,112.8,115.1,110.4,108.3,117.1
SEALER-0069,1654,27:34,118.0,103.3,113.3,110.6,113.1,111.1,120.7,113.5,114.6,110.6,106.9,117.6
SEALER-0069,1655,27:35,117.0,102.5,113.7,110.7,113.1,109.3,120.3,113.4,115.9,110.2,107.3,117.0
SEALER-0069,1656,27:36,118.1,102.7,113.2,110.9,113.1,110.3,120.8,113.6,115.6,109.2,106.5,116.4
SEALER-0069,1657,27:37,117.7,103.5,113.7,109.9,111.2,109.3,118.8,113.1,114.6,109.3,106.6,117.1
SEALER-0069,1658,27:38,116.9,102.8,112.8,108.8,113.0,109.5,119.2,112.7,114.5,110.7,106.9,116.2
SEALER-0069,1659,27:39,117.9,102.9,112.6,109.7,112.0,108.7,118.7,112.8,114.6,109.3,106.3,116.7
SEALER-0069,1660,27:40,117.2,100.8,111.9,108.4,112.7,108.8,118.1,112.4,115.2,110.6,106.6,116.3
SEALER-0069,1661,27:41,116.3,102.3,113.3,108.7,112.9,109.1,118.3,111.6,113.2,108.5,105.9,116.7
SEALER-0069,1662,27:42,117.6,101.7,113.7,109.1,111.4,108.6,118.0,111.9,113.8,108.4,105.8,115.1
SEALER-0069,1663,27:43,116.0,101.6,112.1,108.6,111.1,108.5,117.7,111.7,113.2,108.4,105.7,116.1
SEALER-0069,1664,27:44,116.0,101.7,111.5,109.0,110.1,107.8,117.6,111.6,112.7,108.3,105.6,114.7
SEALER-0069,1665,27:45,115.7,101.0,112.1,108.8,111.0,108.0,118.5,111.2,112.9,107.8,105.2,114.8
SEALER-0069,1666,27:46,115.9,101.1,111.8,107.1,109.2,107.0,117.3,111.9,113.2,107.8,105.0,113.5
SEALER-0069,1667,27:47,115.2,101.5,111.9,107.4,110.0,107.7,117.4,111.0,112.7,108.5,104.2,114.1
SEALER-0069,1668,27:48,114.9,101.5,111.9,107.4,109.5,108.6,116.9,111.1,111.0,106.4,104.8,114.2
SEALER-0069,1669,27:49,115.4,100.7,111.5,107.0,109.5,106.9,115.9,111.0,112.2,107.1,103.5,114.0
SEALER-0069,1670,27:50,115.2,100.4,111.0,107.1,109.4,106.8,115.4,109.8,111.4,107.2,104.9,114.1
SEALER-0069,1671,27:51,114.4,100.8,111.3,107.8,109.8,107.1,117.1,109.5,111.8,106.1,104.6,113.6
SEALER-0069,1672,27:52,115.9,100.1,110.2,106.7,108.6,107.5,114.9,109.3,111.9,106.9,104.4,113.1
SEALER-0069,1673,27:53,113.8,99.3,111.0,107.0,109.5,105.7,115.1,108.3,110.5,106.7,104.4,113.7
SEALER-0069,1674,27:54,113.3,99.7,110.2,105.5,107.0,106.8,116.0,109.0,111.2,106.1,103.6,113.7
SEALER-0069,1675,27:55,114.2,99.7,109.6,106.1,108.3,105.6,114.6,108.9,111.3,106.3,103.0,112.9
SEALER-0069,1676,27:56,114.0,98.8,110.0,106.0,107.8,104.8,114.2,108.1,110.7,106.7,103.3,113.4
SEALER-0069,1677,27:57,112.8,98.9,110.3,106.0,108.4,106.3,114.1,108.6,111.6,106.0,102.8,112.9
SEALER-0069,1678,27:58,113.6,98.6,109.7,105.5,107.4,106.1,114.4,108.7,110.0,106.2,102.3,112.2
SEALER-0069,1679,27:59,112.2,98.4,109.6,105.8,107.6,105.3,114.2,108.2,110.9,105.8,102.2,112.4
SEALER-0069,1680,28:00,113.1,98.7,109.1,104.5,106.4,104.0,113.5,106.6,109.6,106.2,103.1,112.9
SEALER-0069,1681,28:01,112.2,98.8,108.5,105.8,107.5,105.8,113.5,107.5,109.3,104.9,102.7,111.7
SEALER-0069,1682,28:02,112.6,97.8,108.0,104.7,107.6,104.3,112.8,106.6,109.1,105.4,102.3,111.7
SEALER-0069,1683,28:03,111.7,98.2,108.1,104.3,106.4,104.2,113.5,106.7,110.0,104.9,101.8,111.7
SEALER-0069,1684,28:04,112.3,97.8,108.4,104.8,106.0,104.7,112.4,107.1,109.7,104.3,101.3,111.5
SEALER-0069,1685,28:05,112.6,98.6,108.6,105.1,106.1,103.5,112.2,106.8,108.7,103.9,101.8,110.4
SEALER-0069,1686,28:06,111.6,97.1,107.9,102.6,105.6,103.4,112.5,107.2,109.3,105.5,100.5,110.8
SEALER-0069,1687,28:07,111.2,97.3,108.3,104.1,106.2,103.4,111.6,106.1,108.3,104.9,101.1,110.1
SEALER-0069,1688,28:08,110.9,97.4,107.6,103.3,105.0,103.6,111.7,106.8,108.6,104.2,100.9,110.3
SEALER-0069,1689,28:09,111.5,96.8,106.9,104.2,105.9,102.8,111.9,106.2,108.1,103.7,101.2,110.8
SEALER-0069,1690,28:10,111.3,96.3,106.6,103.1,104.7,102.8,111.4,104.8,107.8,102.4,100.0,109.7
SEALER-0069,1691,28:11,109.5,95.8,107.7,102.6,104.5,103.4,110.7,105.9,107.6,103.4,99.7,110.5
SEALER-0069,1692,28:12,111.0,96.2,106.2,103.2,104.7,102.6,111.0,105.9,108.2,102.6,100.1,109.2
SEALER-0069,1693,28:13,109.4,96.1,106.0,102.9,104.8,101.9,110.2,106.0,107.4,102.8,99.8,109.7
SEALER-0069,1694,28:14,110.9,95.5,106.1,103.1,104.5,102.9,110.6,105.0,107.4,103.2,99.5,109.0
SEALER-0069,1695,28:15,109.9,96.0,105.7,103.1,104.2,101.5,110.4,103.9,107.1,102.9,99.7,110.0
SEALER-0069,1696,28:16,110.7,96.1,105.6,100.9,104.0,102.1,109.4,104.5,106.9,102.6,98.3,110.5
SEALER-0069,1697,28:17,109.7,95.4,105.9,102.4,103.1,100.6,109.1,104.1,105.9,101.9,98.2,108.4
SEALER-0069,1698,28:18,109.3,94.6,105.4,102.2,103.0,100.8,109.4,103.8,106.2,102.3,98.4,108.7
SEALER-0069,1699,28:19,109.3,94.5,106.0,101.6,103.0,99.8,109.9,105.0,105.8,102.0,99.8,108.1
SEALER-0069,1700,28:20,108.9,94.6,104.4,101.6,103.1,99.9,108.6,104.5,106.2,102.0,99.7,109.3
SEALER-0069,1701,28:21,109.5,95.7,105.0,101.2,104.4,99.8,107.9,104.0,105.9,100.8,98.7,108.1
SEALER-0069,1702,28:22,108.5,94.3,105.0,101.4,102.5,100.6,108.2,103.0,105.8,101.1,97.8,108.0
SEALER-0069,1703,28:23,108.9,94.4,104.3,101.3,101.9,100.1,107.7,103.3,105.2,101.5,98.1,107.3
SEALER-0069,1704,28:24,107.9,94.4,104.4,100.8,102.8,99.4,107.9,101.9,104.9,100.6,98.4,108.2
SEALER-0069,1705,28:25,108.3,93.8,104.0,100.7,101.1,100.0,107.7,102.7,105.6,101.1,97.6,107.2
SEALER-0069,1706,28:26,107.8,94.2,103.3,100.0,102.5,99.2,107.4,102.4,105.1,100.5,97.2,106.7
SEALER-0069,1707,28:27,108.5,93.6,103.4,100.6,102.0,99.2,108.0,102.4,104.4,99.9,96.8,107.2
SEALER-0069,1708,28:28,108.3,92.9,103.6,100.6,100.7,99.2,106.8,102.2,104.3,100.0,97.4,107.1
SEALER-0069,1709,28:29,107.4,93.1,102.8,100.1,102.1,98.4,107.1,102.1,103.7,101.0,97.4,106.2
SEALER-0069,1710,28:30,106.4,93.1,103.1,99.3,99.9,98.1,106.8,102.0,104.7,99.7,97.3,105.9
SEALER-0069,1711,28:31,107.8,92.6,103.6,99.6,100.7,99.4,106.6,101.5,103.4,100.2,97.4,106.4
SEALER-0069,1712,28:32,107.3,93.6,102.2,99.8,100.0,98.6,106.5,101.8,103.9,99.2,96.9,106.2
SEALER-0069,1713,28:33,107.7,92.5,102.6,99.1,101.2,97.7,105.8,101.0,103.8,100.6,95.9,105.8
SEALER-0069,1714,28:34,106.4,93.1,102.5,99.1,100.2,97.6,105.5,100.6,104.5,99.2,96.3,105.2
SEALER-0069,1715,28:35,106.1,91.1,102.9,99.2,99.6,98.0,105.9,100.6,102.8,99.4,95.3,105.9
SEALER-0069,1716,28:36,106.2,92.4,102.2,98.9,100.0,97.5,105.5,100.6,102.6,99.2,96.5,105.5
SEALER-0069,1717,28:37,106.3,91.8,102.7,98.9,99.8,97.1,106.0,100.4,103.1,99.2,96.0,105.5
SEALER-0069,1718,28:38,106.6,91.9,102.0,98.6,99.2,97.1,105.3,100.4,101.7,98.0,95.3,103.8
SEALER-0069,1719,28:39,105.1,91.3,102.5,98.6,99.8,96.9,104.4,100.4,102.7,97.9,96.2,105.9
SEALER-0069,1720,28:40,105.3,92.2,100.9,98.2,98.9,96.8,105.1,99.9,103.2,98.2,95.8,104.7
SEALER-0069,1721,28:41,105.5,91.7,101.5,97.6,99.1,97.1,103.9,99.4,102.6,98.7,95.8,105.1
SEALER-0069,1722,28:42,105.5,91.1,101.1,98.1,99.5,96.2,103.1,100.0,101.9,98.2,94.8,104.0
SEALER-0069,1723,28:43,105.7,90.1,100.5,98.7,99.3,96.2,104.7,98.8,101.9,97.8,95.2,105.0
SEALER-0069,1724,28:44,105.3,90.7,101.2,97.3,99.0,95.3,104.2,98.5,101.2,98.1,94.3,103.8
SEALER-0069,1725,28:45,104.5,91.1,100.9,96.8,97.6,95.2,103.3,98.2,101.4,96.8,94.2,104.0
SEALER-0069,1726,28:46,104.6,90.8,100.1,97.5,98.5,96.3,104.3,99.3,100.9,96.2,93.4,103.6
SEALER-0069,1727,28:47,104.5,89.6,100.5,96.6,97.5,95.3,102.7,98.4,101.1,97.2,94.0,103.3
SEALER-0069,1728,28:48,104.5,90.6,100.2,96.0,98.6,96.1,102.8,98.4,100.1,97.8,94.6,103.0
SEALER-0069,1729,28:49,103.8,89.2,99.4,97.2,97.6,95.4,102.9,97.0,100.7,96.1,93.8,103.5
SEALER-0069,1730,28:50,103.2,90.7,100.1,96.0,97.2,94.9,103.4,98.3,100.4,96.5,93.9,103.9
SEALER-0069,1731,28:51,103.5,90.8,99.3,96.9,97.3,94.9,102.3,97.6,100.2,96.2,94.0,103.2
SEALER-0069,1732,28:52,103.7,90.9,99.1,96.4,96.0,94.7,102.5,97.9,100.7,96.0,92.8,103.6
SEALER-0069,1733,28:53,103.1,89.5,98.3,95.6,95.9,95.2,102.6,97.1,100.4,96.4,93.8,103.6
SEALER-0069,1734,28:54,103.3,88.7,99.4,95.9,95.7,93.9,102.4,97.7,99.5,95.4,92.6,102.0
SEALER-0069,1735,28:55,103.6,90.1,98.4,95.3,96.5,94.2,101.4,97.2,100.0,95.3,92.5,102.3
SEALER-0069,1736,28:56,102.6,89.6,99.0,95.6,95.6,93.8,102.1,96.6,99.0,95.9,92.6,102.4
SEALER-0069,1737,28:57,103.3,89.4,97.9,95.9,95.6,93.7,101.3,96.7,98.3,96.0,91.9,101.1
SEALER-0069,1738,28:58,102.4,88.8,98.6,95.4,96.4,93.7,99.8,96.3,99.7,94.7,91.9,101.6
SEALER-0069,1739,28:59,101.2,88.9,97.2,95.1,96.3,93.2,100.4,96.2,98.8,94.8,91.8,101.3
SEALER-0069,1740,29:00,102.5,88.3,98.9,94.7,95.4,93.3,99.8,95.1,98.3,94.9,91.1,102.1
SEALER-0069,1741,29:01,102.3,88.2,98.7,94.0,95.5,93.3,100.0,96.7,99.0,94.6,91.6,100.9
SEALER-0069,1742,29:02,102.0,88.5,97.2,94.2,95.2,93.1,100.1,94.8,98.6,94.4,91.8,100.5
SEALER-0069,1743,29:03,101.6,89.0,97.4,94.0,94.3,91.7,99.8,96.4,98.5,94.8,91.8,101.2
SEALER-0069,1744,29:04,102.1,88.7,97.9,93.8,95.3,92.0,99.0,94.7,97.7,93.9,90.8,101.2
SEALER-0069,1745,29:05,101.6,87.5,97.4,94.7,94.0,92.2,100.3,95.4,98.1,94.0,91.2,101.2
SEALER-0069,1746,29:06,101.5,88.2,97.0,93.5,95.2,92.0,99.1,94.5,97.2,92.8,90.3,99.5
SEALER-0069,1747,29:07,101.6,87.3,97.2,94.0,93.4,91.7,99.1,94.8,97.4,94.2,91.7,100.0
SEALER-0069,1748,29:08,100.6,87.9,96.0,94.0,94.2,91.8,98.6,94.4,96.6,93.1,90.7,99.9
SEALER-0069,1749,29:09,101.0,86.7,96.2,92.5,93.8,91.7,98.4,95.0,97.2,94.3,90.4,99.6
SEALER-0069,1750,29:10,101.4,87.4,97.0,93.4,93.4,91.6,99.0,94.4,96.1,93.6,90.4,99.0
SEALER-0069,1751,29:11,101.8,86.9,96.5,92.1,93.4,91.4,98.1,93.5,96.6,93.3,90.4,99.4
SEALER-0069,1752,29:12,100.9,87.2,95.2,93.6,93.9,90.7,97.3,94.0,96.8,93.3,89.5,100.4
SEALER-0069,1753,29:13,99.6,86.5,95.6,91.9,92.4,91.2,97.4,94.4,96.2,92.9,89.8,98.8
SEALER-0069,1754,29:14,100.0,86.5,95.8,92.3,93.7,90.7,96.8,93.9,96.8,92.6,89.9,99.5
SEALER-0069,1755,29:15,100.3,85.3,95.6,92.5,93.5,91.0,97.3,92.5,95.7,92.4,89.6,98.8
SEALER-0069,1756,29:16,99.3,86.2,95.2,92.5,92.4,90.7,97.4,92.1,95.6,92.1,90.0,99.4
SEALER-0069,1757,29:17,98.2,85.3,94.7,91.8,91.6,90.8,97.7,93.9,96.2,92.1,89.0,97.9
SEALER-0069,1758,29:18,99.5,86.2,94.5,90.8,91.6,90.3,97.0,92.8,95.5,92.5,88.8,99.8
SEALER-0069,1759,29:19,99.8,85.8,95.4,91.9,92.0,90.3,97.0,93.1,95.7,91.7,89.1,98.3
SEALER-0069,1760,29:20,99.9,86.1,93.8,92.8,92.1,89.6,97.4,91.6,95.5,91.6,88.5,97.9
SEALER-0069,1761,29:21,99.7,85.6,94.4,92.6,91.1,90.3,97.0,92.5,94.9,91.6,89.0,98.2
SEALER-0069,1762,29:22,98.4,86.0,95.2,91.5,91.5,90.0,95.2,93.1,95.4,92.2,88.2,97.7
SEALER-0069,1763,29:23,99.1,84.4,94.1,91.5,91.2,89.7,96.3,92.4,94.7,91.8,88.1,98.1
SEALER-0069,1764,29:24,99.3,85.5,93.7,91.5,91.8,88.8,95.6,92.7,95.2,91.9,88.1,97.3
SEALER-0069,1765,29:25,97.8,84.9,93.5,91.4,91.6,89.0,95.7,91.8,94.5,91.2,88.7,98.3
SEALER-0069,1766,29:26,97.5,85.0,93.7,91.4,90.2,90.0,94.7,91.3,94.0,90.9,88.2,97.5
SEALER-0069,1767,29:27,98.2,85.3,93.0,90.9,91.0,89.7,94.9,92.3,94.2,90.2,87.1,97.6
SEALER-0069,1768,29:28,97.5,85.1,92.6,91.2,91.2,89.0,94.4,91.1,92.6,91.1,87.3,95.7
SEALER-0069,1769,29:29,98.1,83.6,93.0,89.8,91.5,88.6,94.2,90.8,94.2,90.5,87.3,96.4
SEALER-0069,1770,29:30,96.9,83.7,93.0,90.3,90.3,88.1,95.0,91.1,93.5,91.0,87.1,96.5
SEALER-0069,1771,29:31,97.1,83.9,92.5,91.4,90.0,88.2,94.0,90.6,94.3,90.7,86.9,96.0
SEALER-0069,1772,29:32,97.7,83.2,93.4,90.4,90.4,87.5,94.0,91.0,93.6,90.4,86.5,95.6
SEALER-0069,1773,29:33,97.8,84.4,92.1,90.3,88.9,87.5,93.5,90.4,93.3,89.2,88.2,96.1
SEALER-0069,1774,29:34,96.7,85.2,93.3,90.0,90.3,87.0,93.8,90.4,92.6,90.6,86.7,95.6
SEALER-0069,1775,29:35,96.9,84.0,92.1,90.4,89.5,87.6,93.7,90.6,93.5,89.4,86.7,94.7
SEALER-0069,1776,29:36,97.0,83.9,92.5,89.7,89.9,87.4,93.5,89.4,93.4,88.9,86.2,95.7
SEALER-0069,1777,29:37,96.7,84.3,92.5,90.4,89.1,87.9,93.8,88.8,93.2,89.1,86.5,96.0
SEALER-0069,1778,29:38,96.4,82.5,91.7,89.3,89.7,86.7,93.8,89.3,92.4,89.5,86.2,96.2
SEALER-0069,1779,29:39,96.3,82.5,91.0,89.4,88.0,86.2,93.2,89.4,91.7,90.2,86.6,96.1
SEALER-0069,1780,29:40,96.2,82.4,91.2,88.8,88.9,85.8,92.6,89.2,92.6,88.1,85.5,95.0
SEALER-0069,1781,29:41,96.3,83.5,90.1,89.1,87.9,86.6,92.3,89.4,92.1,89.3,85.7,95.3
SEALER-0069,1782,29:42,95.6,83.0,91.0,88.3,88.9,86.8,92.9,88.3,91.7,88.7,85.3,94.4
SEALER-0069,1783,29:43,96.5,81.8,91.0,89.6,88.4,86.1,92.2,88.4,92.5,88.4,85.0,94.8
SEALER-0069,1784,29:44,95.6,82.9,91.3,87.8,88.3,85.3,92.4,89.8,91.5,88.6,85.5,94.5
SEALER-0069,1785,29:45,95.3,82.4,89.8,87.5,87.7,85.3,91.5,88.5,91.0,88.8,84.6,94.6
SEALER-0069,1786,29:46,95.5,82.1,90.7,86.8,88.0,86.7,92.4,88.2,91.1,88.3,84.4,94.1
SEALER-0069,1787,29:47,95.0,81.2,90.7,88.2,88.3,85.0,91.1,89.0,90.4,87.1,83.9,93.7
SEALER-0069,1788,29:48,95.2,82.2,90.9,87.9,88.0,85.7,91.1,88.0,91.2,88.1,84.2,93.5
SEALER-0069,1789,29:49,93.6,82.6,91.1,87.8,87.8,84.9,90.6,86.9,90.5,87.5,84.8,94.2
SEALER-0069,1790,29:50,94.6,81.1,89.9,87.2,86.9,84.6,91.7,87.3,90.8,87.8,84.5,93.4
SEALER-0069,1791,29:51,94.6,80.8,89.5,86.7,87.1,84.5,90.8,87.7,90.4,86.5,84.7,93.5
SEALER-0069,1792,29:52,93.5,82.0,89.5,86.6,87.8,85.1,89.3,86.8,91.2,86.9,83.5,92.9
SEALER-0069,1793,29:53,94.0,81.8,90.6,86.8,86.6,83.9,91.2,87.3,90.8,87.1,84.0,94.2
SEALER-0069,1794,29:54,94.0,80.8,90.2,86.1,85.7,83.9,90.0,87.3,89.7,86.7,83.2,93.9
SEALER-0069,1795,29:55,93.9,81.1,89.1,86.9,86.0,84.4,90.5,87.9,90.2,85.3,84.7,93.0
SEALER-0069,1796,29:56,94.1,80.4,89.1,87.7,86.8,83.6,89.4,87.0,89.8,86.6,84.5,92.9
SEALER-0069,1797,29:57,94.1,81.4,89.1,85.9,85.4,83.5,90.1,87.3,88.9,86.2,83.5,92.7
SEALER-0069,1798,29:58,93.9,80.1,88.6,85.8,86.3,83.8,90.2,87.0,89.2,86.7,83.4,92.4
SEALER-0069,1799,29:59,93.4,81.0,89.9,85.6,86.4,82.4,89.2,87.3,89.4,86.2,83.1,92.2
