trial_id,time_s,time_mmss,T_LH_HOOD,T_LH_FENDER,T_LH_FRONT_DOOR,T_LH_REAR_DOOR,T_LH_Q_P,T_LH_T_G,T_RH_T_G,T_RH_Q_P,T_RH_REAR_DOOR,T_RH_FR_DOOR,T_RH_FENDER,T_RH_HOOD
SEALER-0081,0,00:00,35.8,34.9,34.8,35.3,35.6,34.5,34.5,35.9,34.3,34.4,35.2,34.6
SEALER-0081,1,00:01,35.2,34.4,34.4,34.7,34.8,34.8,35.6,34.6,34.4,34.4,35.3,34.1
SEALER-0081,2,00:02,34.8,34.6,35.2,35.0,35.1,34.9,34.7,36.6,35.1,34.6,35.6,34.1
SEALER-0081,3,00:03,34.9,34.7,35.3,36.1,35.0,34.2,34.5,35.8,35.3,35.4,34.5,35.0
SEALER-0081,4,00:04,34.9,34.7,35.7,35.3,34.7,36.2,34.2,34.9,35.0,34.9,35.7,35.0
SEALER-0081,5,00:05,34.6,36.5,35.4,35.2,35.6,34.7,34.9,35.2,34.7,35.4,35.4,35.4
SEALER-0081,6,00:06,35.3,35.3,35.0,34.4,34.9,35.3,34.9,33.9,35.6,35.7,34.1,34.6
SEALER-0081,7,00:07,36.6,35.8,34.8,34.3,35.1,35.4,34.7,35.2,35.1,34.9,35.4,35.5
SEALER-0081,8,00:08,33.5,35.7,34.8,34.5,35.6,35.1,35.1,34.9,35.5,34.6,34.6,34.9
SEALER-0081,9,00:09,34.3,36.0,35.2,35.4,35.2,34.8,34.6,35.4,35.9,35.7,34.7,34.3
SEALER-0081,10,00:10,34.7,36.2,35.3,34.7,34.3,34.8,34.3,35.0,34.4,35.4,34.3,34.2
SEALER-0081,11,00:11,34.6,35.6,34.5,35.0,33.5,34.6,35.0,36.0,33.4,34.1,35.5,33.3
SEALER-0081,12,00:12,35.8,35.3,34.9,35.4,34.1,35.4,34.9,34.4,34.7,35.7,34.1,34.8
SEALER-0081,13,00:13,35.7,35.5,35.2,33.8,35.1,34.7,34.4,35.3,34.2,35.6,35.0,35.5
SEALER-0081,14,00:14,35.8,34.9,34.6,35.0,35.0,35.0,34.2,35.3,36.0,35.3,35.3,35.0
SEALER-0081,15,00:15,34.5,34.5,35.5,34.6,35.3,34.2,35.3,34.9,35.7,35.0,34.7,35.9
SEALER-0081,16,00:16,35.2,34.3,35.0,35.1,35.1,34.9,34.6,35.5,35.5,35.2,34.0,35.3
SEALER-0081,17,00:17,34.3,34.7,35.7,35.8,35.8,34.9,34.8,34.7,35.6,35.8,33.9,34.6
SEALER-0081,18,00:18,34.3,35.3,34.9,35.3,34.9,35.1,35.0,35.0,36.0,34.8,34.1,35.4
SEALER-0081,19,00:19,35.7,33.7,34.8,35.4,35.5,36.0,35.1,34.5,35.5,35.5,35.7,35.4
SEALER-0081,20,00:20,34.9,35.0,35.5,35.3,35.8,34.8,34.6,35.1,35.1,35.1,35.1,34.9
SEALER-0081,21,00:21,34.6,35.4,34.9,35.7,35.0,34.9,35.1,35.0,35.7,33.9,35.7,35.5
SEALER-0081,22,00:22,35.3,34.7,35.0,35.5,34.5,33.9,34.5,35.0,35.5,35.6,35.3,34.7
SEALER-0081,23,00:23,35.4,34.0,34.6,35.6,34.2,35.5,35.0,35.3,35.0,35.0,34.9,36.4
SEALER-0081,24,00:24,35.0,34.8,35.2,34.9,35.1,36.2,34.2,34.8,34.6,35.2,34.1,35.0
SEALER-0081,25,00:25,34.5,34.5,35.6,35.4,34.3,35.2,34.2,34.4,35.6,35.6,34.8,35.0
SEALER-0081,26,00:26,35.0,35.4,34.9,34.6,34.7,34.7,35.7,35.6,34.5,35.7,34.7,35.9
SEALER-0081,27,00:27,34.6,35.8,34.8,35.0,34.4,34.3,36.0,34.9,35.4,34.5,35.0,35.1
SEALER-0081,28,00:28,35.3,35.4,35.1,35.4,35.0,34.6,34.4,35.7,33.9,34.9,34.2,35.0
SEALER-0081,29,00:29,34.8,34.9,34.5,35.2,34.6,35.7,36.3,34.8,34.6,34.3,35.1,34.7
SEALER-0081,30,00:30,35.1,35.1,34.3,35.7,34.7,35.8,35.5,34.4,35.0,35.2,35.4,34.9
SEALER-0081,31,00:31,34.9,34.5,35.2,34.7,35.8,34.3,34.9,34.7,34.2,35.3,35.2,34.6
SEALER-0081,32,00:32,35.8,35.4,35.0,35.6,35.4,34.8,35.9,34.8,35.2,36.2,35.3,33.7
SEALER-0081,33,00:33,35.7,35.4,34.5,34.7,34.9,35.4,35.4,34.5,34.6,34.7,34.6,35.5
SEALER-0081,34,00:34,35.0,34.6,35.6,34.8,33.5,35.3,35.8,35.0,34.6,35.5,34.8,34.9
SEALER-0081,35,00:35,35.1,35.3,34.9,35.3,36.0,35.5,35.3,34.2,34.8,35.2,35.8,35.7
SEALER-0081,36,00:36,35.7,34.6,35.5,35.0,35.5,35.8,35.3,34.8,34.9,35.2,35.5,35.0
SEALER-0081,37,00:37,35.0,35.2,34.8,34.5,34.7,35.7,35.3,34.3,34.9,34.9,34.4,35.7
SEALER-0081,38,00:38,35.1,34.9,35.0,35.7,34.3,34.8,34.2,34.5,34.8,35.2,34.6,35.1
SEALER-0081,39,00:39,35.4,35.1,35.4,34.7,35.7,35.1,35.1,35.2,36.1,35.2,35.3,35.3
SEALER-0081,40,00:40,35.7,35.5,35.5,35.0,34.0,34.7,35.0,34.6,34.9,34.9,34.5,34.8
SEALER-0081,41,00:41,36.0,34.7,35.3,35.1,35.8,34.2,34.8,34.8,35.0,35.1,34.0,35.3
SEALER-0081,42,00:42,35.9,34.9,35.9,34.9,35.7,34.6,34.4,34.9,35.0,35.2,35.3,35.3
SEALER-0081,43,00:43,35.1,35.9,35.5,35.8,35.7,35.0,35.3,34.8,34.2,35.3,35.5,34.9
SEALER-0081,44,00:44,34.7,35.4,36.5,35.0,34.1,34.6,34.5,35.8,36.1,35.5,33.8,33.9
SEALER-0081,45,00:45,35.2,35.0,35.0,35.2,35.0,34.6,34.5,35.5,34.1,34.9,34.5,34.5
SEALER-0081,46,00:46,35.5,36.2,36.7,35.4,33.9,35.8,34.9,34.8,35.1,35.3,34.8,34.5
SEALER-0081,47,00:47,34.6,35.1,35.4,35.2,36.6,34.8,36.3,34.5,34.9,35.6,35.6,35.3
SEALER-0081,48,00:48,35.3,35.2,35.1,34.8,35.4,34.3,34.7,34.9,34.8,35.0,36.4,35.6
SEALER-0081,49,00:49,35.4,35.6,36.0,35.1,34.9,35.0,34.9,34.9,35.4,34.6,35.0,35.3
SEALER-0081,50,00:50,35.7,36.0,35.0,34.2,34.9,34.9,34.9,34.3,35.9,35.4,34.3,35.2
SEALER-0081,51,00:51,34.6,35.2,35.0,35.4,34.6,34.8,34.2,34.8,34.6,35.2,35.5,34.7
SEALER-0081,52,00:52,34.8,35.0,35.8,35.2,35.4,34.9,35.1,34.8,36.1,35.4,34.9,35.5
SEALER-0081,53,00:53,34.0,35.3,35.5,35.3,36.1,35.2,35.7,36.0,35.2,35.9,35.0,34.5
SEALER-0081,54,00:54,35.7,35.7,35.3,36.0,35.2,35.1,35.4,35.5,36.1,36.2,34.8,35.8
SEALER-0081,55,00:55,35.8,34.3,35.5,34.6,35.1,35.6,35.1,34.4,35.3,36.3,35.3,35.0
SEALER-0081,56,00:56,35.2,34.6,34.2,35.9,34.9,35.8,35.0,36.1,35.0,35.2,35.2,34.7
SEALER-0081,57,00:57,35.0,35.7,34.5,35.7,35.3,34.8,34.9,34.5,35.3,34.6,34.4,34.6
SEALER-0081,58,00:58,34.7,35.2,35.2,34.6,34.9,34.6,35.1,35.8,35.6,35.4,35.1,35.3
SEALER-0081,59,00:59,34.0,35.7,36.0,35.3,34.7,35.6,34.2,35.1,35.8,35.2,34.4,35.2
SEALER-0081,60,01:00,35.8,35.0,35.0,36.3,34.4,35.1,34.7,34.3,33.9,35.6,35.2,35.3
SEALER-0081,61,01:01,34.9,34.7,35.3,35.3,35.2,35.0,35.5,35.6,35.3,35.2,36.5,34.8
SEALER-0081,62,01:02,35.9,34.6,34.9,35.4,35.4,35.1,34.5,35.0,35.2,35.5,34.7,35.0
SEALER-0081,63,01:03,34.5,34.3,35.9,34.7,34.5,34.1,35.0,34.6,34.8,36.3,34.9,34.5
SEALER-0081,64,01:04,34.7,34.6,35.7,35.9,35.9,34.1,35.1,35.3,34.0,35.7,35.9,35.2
SEALER-0081,65,01:05,34.9,35.9,35.8,34.8,35.3,34.1,35.2,35.6,34.7,36.5,35.7,35.1
SEALER-0081,66,01:06,35.9,36.6,35.2,35.1,35.2,34.5,34.5,34.6,35.4,35.4,34.7,34.9
SEALER-0081,67,01:07,36.1,35.8,35.4,35.5,35.5,34.8,35.2,35.8,35.7,35.8,35.4,35.0
SEALER-0081,68,01:08,35.2,34.7,35.7,36.0,34.8,34.1,34.2,34.7,35.1,35.2,35.5,34.6
SEALER-0081,69,01:09,35.3,34.6,35.3,35.2,35.5,35.6,35.0,35.0,35.2,35.1,35.7,34.5
SEALER-0081,70,01:10,35.2,35.2,36.1,35.0,35.4,35.1,35.8,35.3,36.1,35.7,35.1,34.4
SEALER-0081,71,01:11,35.3,34.8,35.3,35.6,35.3,36.1,35.7,35.4,35.6,35.5,35.4,35.6
SEALER-0081,72,01:12,36.6,35.0,35.3,35.3,35.6,35.3,34.6,34.4,35.4,35.9,35.3,34.8
SEALER-0081,73,01:13,34.8,35.4,35.8,35.2,35.3,35.0,34.6,35.1,34.5,35.9,35.0,35.3
SEALER-0081,74,01:14,35.5,36.3,35.8,35.4,35.6,34.6,35.1,34.6,35.5,36.0,34.6,35.7
SEALER-0081,75,01:15,34.8,35.9,35.6,36.1,34.7,36.4,36.2,35.4,35.7,35.6,35.9,34.8
SEALER-0081,76,01:16,35.0,35.1,36.2,35.8,35.4,35.1,34.3,36.2,35.3,35.7,35.5,35.0
SEALER-0081,77,01:17,35.0,34.9,35.1,35.6,34.9,35.3,35.0,34.4,35.6,35.0,35.7,35.7
SEALER-0081,78,01:18,35.3,35.6,35.7,35.1,35.8,34.9,35.0,36.0,35.3,36.1,35.9,34.4
SEALER-0081,79,01:19,34.2,36.7,35.5,35.1,34.7,36.0,35.1,35.4,35.7,36.0,35.7,36.2
SEALER-0081,80,01:20,35.4,35.6,36.0,35.5,34.2,35.2,35.9,35.8,35.7,35.8,35.5,35.8
SEALER-0081,81,01:21,35.2,36.5,35.9,35.8,34.1,35.4,34.8,35.4,36.4,35.6,35.9,35.3
SEALER-0081,82,01:22,36.5,35.8,35.6,35.5,35.9,34.6,35.4,34.5,35.0,36.6,35.7,35.4
SEALER-0081,83,01:23,35.1,35.8,35.6,36.3,35.5,35.1,35.3,34.3,35.2,36.1,35.7,35.3
SEALER-0081,84,01:24,34.1,36.3,36.2,35.5,35.9,35.2,35.0,35.2,35.4,36.3,35.6,35.7
SEALER-0081,85,01:25,35.1,36.1,36.2,36.3,34.9,35.3,34.9,34.8,35.6,36.3,35.0,35.0
SEALER-0081,86,01:26,34.5,35.9,35.7,35.6,35.7,34.8,36.3,34.7,35.2,35.9,34.4,35.4
SEALER-0081,87,01:27,34.6,35.7,35.7,36.0,35.3,34.5,35.9,35.0,35.3,35.8,35.2,35.5
SEALER-0081,88,01:28,36.2,36.6,36.4,35.2,35.2,34.8,34.3,35.1,35.8,35.0,35.3,35.1
SEALER-0081,89,01:29,35.8,35.6,36.1,36.4,35.3,34.9,35.2,35.0,36.1,36.2,36.5,35.5
SEALER-0081,90,01:30,34.9,35.7,35.0,36.3,35.7,35.1,35.0,35.9,36.8,36.1,36.5,36.4
SEALER-0081,91,01:31,35.8,35.9,36.0,35.5,35.4,35.7,34.9,35.2,35.6,35.4,35.4,35.2
SEALER-0081,92,01:32,34.9,35.8,35.7,36.3,35.3,34.9,36.1,35.3,36.0,36.4,35.8,35.7
SEALER-0081,93,01:33,35.6,36.1,36.0,36.0,34.9,35.5,35.0,34.8,35.3,35.9,34.7,35.6
SEALER-0081,94,01:34,35.0,35.6,36.8,36.0,35.6,35.2,35.2,35.5,35.6,36.2,35.9,35.4
SEALER-0081,95,01:35,35.5,36.0,36.6,36.8,35.5,35.3,35.7,35.6,35.9,37.2,36.1,35.1
SEALER-0081,96,01:36,35.0,36.5,36.9,36.6,35.1,34.8,35.3,35.3,35.9,36.0,35.2,36.1
SEALER-0081,97,01:37,35.2,35.0,36.9,36.5,35.9,36.2,35.5,36.2,35.8,36.5,36.5,35.9
SEALER-0081,98,01:38,35.9,36.5,37.8,36.4,33.8,35.4,36.3,35.5,36.3,36.7,36.1,35.3
SEALER-0081,99,01:39,36.2,36.7,37.6,35.4,34.9,34.9,34.8,35.0,35.3,36.1,36.1,34.8
SEALER-0081,100,01:40,35.5,35.9,37.1,36.5,35.5,35.4,35.9,35.3,36.4,36.5,35.2,35.2
SEALER-0081,101,01:41,35.6,35.5,36.3,36.9,36.1,34.1,36.6,35.2,36.1,36.4,36.3,35.4
SEALER-0081,102,01:42,35.9,35.9,36.2,36.2,35.4,35.2,34.6,35.2,36.6,36.7,36.5,35.8
SEALER-0081,103,01:43,35.5,36.1,36.4,35.6,35.3,34.5,35.4,35.0,35.8,36.0,35.7,35.1
SEALER-0081,104,01:44,35.9,35.9,36.8,35.7,36.3,35.8,35.2,35.6,35.7,37.2,36.0,34.8
SEALER-0081,105,01:45,35.5,36.3,36.7,36.2,35.7,34.8,35.3,34.7,36.8,37.2,36.1,36.0
SEALER-0081,106,01:46,36.1,36.0,36.9,36.4,34.7,36.1,35.3,35.1,36.6,36.7,35.3,34.9
SEALER-0081,107,01:47,35.1,36.7,36.1,36.7,35.1,35.8,35.4,35.7,35.9,37.1,36.0,34.5
SEALER-0081,108,01:48,35.4,36.6,37.3,36.5,36.4,35.3,35.8,34.9,35.5,37.2,35.7,35.8
SEALER-0081,109,01:49,36.0,36.9,36.0,36.5,35.8,35.7,35.5,35.8,36.1,36.7,36.0,35.4
SEALER-0081,110,01:50,35.9,36.6,37.3,35.7,35.5,35.5,35.7,35.5,36.0,37.4,36.1,36.7
SEALER-0081,111,01:51,35.5,36.7,37.2,36.7,36.0,36.5,35.4,35.1,36.8,37.9,36.0,35.6
SEALER-0081,112,01:52,35.8,36.7,39.1,36.4,35.4,35.9,35.6,35.7,37.2,37.7,36.0,35.9
SEALER-0081,113,01:53,34.6,36.2,37.5,36.2,35.4,36.0,35.2,35.5,35.8,36.6,35.8,35.3
SEALER-0081,114,01:54,35.8,36.6,38.3,37.1,36.3,35.5,35.8,35.5,36.4,36.9,35.9,34.9
SEALER-0081,115,01:55,36.0,36.4,36.7,36.9,35.5,35.8,35.6,35.5,36.8,37.1,36.5,36.2
SEALER-0081,116,01:56,36.6,36.4,37.4,37.2,36.0,35.6,36.1,35.0,36.4,37.1,35.5,36.2
SEALER-0081,117,01:57,36.4,37.6,37.7,36.8,35.3,35.7,36.3,35.2,36.9,37.9,37.0,36.3
SEALER-0081,118,01:58,36.7,37.3,36.7,37.0,36.0,35.7,36.1,35.5,36.7,37.7,36.7,35.7
SEALER-0081,119,01:59,36.0,38.0,38.4,36.9,35.7,35.7,35.6,36.8,36.9,38.2,36.7,35.8
SEALER-0081,120,02:00,36.4,36.6,37.6,38.0,36.3,36.3,35.7,36.0,36.3,37.7,37.4,35.6
SEALER-0081,121,02:01,35.9,37.7,37.8,36.7,34.7,35.9,35.5,35.3,37.1,37.4,36.1,36.4
SEALER-0081,122,02:02,36.2,37.4,37.4,37.3,36.5,35.8,36.0,35.7,36.7,38.4,36.9,36.1
SEALER-0081,123,02:03,35.8,37.6,39.0,37.8,36.2,36.6,35.9,36.1,37.2,37.3,37.0,36.5
SEALER-0081,124,02:04,35.7,37.5,38.5,38.1,36.5,35.4,35.4,36.1,37.3,37.5,37.3,35.2
SEALER-0081,125,02:05,35.9,39.2,37.8,37.6,35.9,36.0,35.6,36.3,37.8,37.8,36.6,35.9
SEALER-0081,126,02:06,36.2,37.9,37.9,37.1,35.1,35.6,35.5,36.0,37.2,38.2,37.3,36.4
SEALER-0081,127,02:07,36.5,38.1,38.6,37.7,36.8,36.2,36.7,35.7,37.0,38.6,37.7,36.5
SEALER-0081,128,02:08,36.4,38.5,38.6,38.0,36.6,35.9,35.7,35.5,38.0,38.7,36.4,35.7
SEALER-0081,129,02:09,36.4,38.0,38.3,38.7,35.6,35.5,35.9,36.5,36.4,38.6,38.3,36.7
SEALER-0081,130,02:10,36.9,37.8,38.8,39.1,35.7,35.8,36.2,36.6,37.7,38.6,36.6,36.3
SEALER-0081,131,02:11,36.4,37.7,39.3,38.1,36.3,36.6,36.5,36.9,37.1,40.0,37.2,37.0
SEALER-0081,132,02:12,36.2,37.8,37.8,38.6,36.7,35.9,36.2,35.3,38.1,38.8,37.3,36.0
SEALER-0081,133,02:13,36.6,37.7,39.2,38.2,36.4,36.4,35.3,36.1,37.6,38.5,37.2,35.9
SEALER-0081,134,02:14,36.6,38.3,38.7,39.0,36.3,36.2,36.9,36.1,38.0,40.1,37.1,35.6
SEALER-0081,135,02:15,36.4,39.3,40.2,39.1,36.9,36.5,35.3,35.9,37.9,39.7,38.1,36.9
SEALER-0081,136,02:16,37.8,38.5,39.8,38.7,36.4,36.0,35.9,35.6,38.8,39.0,37.9,36.3
SEALER-0081,137,02:17,37.0,38.7,39.3,38.4,36.3,37.5,36.7,35.9,37.1,40.2,37.7,36.5
SEALER-0081,138,02:18,37.5,38.4,39.4,38.6,36.8,35.8,36.6,36.2,37.9,40.1,37.7,37.7
SEALER-0081,139,02:19,36.2,38.4,40.8,39.0,36.4,36.6,36.6,36.5,39.2,39.7,39.0,37.2
SEALER-0081,140,02:20,37.2,38.9,40.6,39.3,36.2,37.2,36.6,36.4,39.1,39.9,38.3,38.1
SEALER-0081,141,02:21,36.9,39.2,40.1,39.0,36.4,36.4,36.5,36.1,37.9,40.6,39.3,37.7
SEALER-0081,142,02:22,36.6,39.4,40.6,40.3,37.1,36.0,35.9,37.3,38.6,40.7,37.8,36.7
SEALER-0081,143,02:23,37.6,40.3,41.1,39.6,36.3,36.3,36.7,36.6,39.2,41.2,38.8,37.5
SEALER-0081,144,02:24,37.2,39.5,41.3,39.8,37.1,36.1,36.2,37.1,38.8,41.4,38.6,37.0
SEALER-0081,145,02:25,38.3,40.0,41.1,39.3,36.4,37.3,36.4,37.4,39.1,41.6,38.7,37.0
SEALER-0081,146,02:26,37.5,39.3,41.6,40.1,36.6,36.7,36.3,36.8,39.4,41.5,39.6,37.5
SEALER-0081,147,02:27,37.8,39.0,42.0,40.4,37.4,37.2,37.6,36.8,38.8,41.3,39.0,37.3
SEALER-0081,148,02:28,37.6,40.3,42.7,40.2,38.1,37.3,37.2,36.7,40.6,42.1,38.4,36.8
SEALER-0081,149,02:29,38.2,41.5,42.2,40.0,37.9,36.9,36.8,36.8,40.2,41.7,38.9,37.5
SEALER-0081,150,02:30,38.3,40.7,42.4,41.5,37.0,37.4,36.5,37.6,40.0,41.2,39.2,37.1
SEALER-0081,151,02:31,37.8,41.1,42.2,40.9,37.8,36.2,36.7,36.9,39.5,42.4,39.6,38.4
SEALER-0081,152,02:32,38.3,40.7,43.2,41.1,36.3,36.0,37.5,37.1,39.2,42.1,39.5,37.7
SEALER-0081,153,02:33,38.1,41.1,42.4,41.7,36.9,37.0,37.9,37.6,39.9,42.7,38.6,37.5
SEALER-0081,154,02:34,38.8,41.3,42.6,41.3,36.5,36.7,37.7,37.0,40.0,42.2,40.2,38.3
SEALER-0081,155,02:35,38.7,40.3,43.7,41.9,37.5,37.2,38.1,38.0,41.3,42.9,39.6,38.2
SEALER-0081,156,02:36,37.9,41.5,43.1,42.7,37.7,37.8,37.3,36.5,40.4,43.3,40.8,38.1
SEALER-0081,157,02:37,38.7,40.5,43.4,41.0,37.6,36.9,37.7,38.4,40.3,42.9,40.9,37.4
SEALER-0081,158,02:38,38.2,41.0,43.9,41.4,37.6,37.2,36.9,38.1,40.9,43.6,39.6,38.4
SEALER-0081,159,02:39,38.5,43.0,43.9,43.3,37.2,37.8,37.5,38.2,40.6,44.4,40.3,38.5
SEALER-0081,160,02:40,37.8,41.9,44.6,43.0,38.8,37.8,38.1,39.0,42.0,43.5,41.9,38.6
SEALER-0081,161,02:41,38.5,41.6,45.8,42.9,37.9,38.1,38.0,38.3,42.2,43.8,41.2,38.8
SEALER-0081,162,02:42,38.8,42.4,44.6,43.4,37.8,38.5,37.1,37.8,42.5,44.8,41.6,38.7
SEALER-0081,163,02:43,39.1,41.8,45.9,43.3,37.7,37.4,37.7,37.5,41.9,45.0,40.7,38.5
SEALER-0081,164,02:44,39.8,43.2,45.5,44.4,38.5,37.5,38.0,38.7,41.6,45.1,42.6,37.9
SEALER-0081,165,02:45,39.9,42.6,45.5,43.7,38.0,38.4,38.3,38.4,42.1,45.5,42.1,38.5
SEALER-0081,166,02:46,38.7,43.9,46.0,43.9,37.8,39.0,38.1,38.2,42.7,46.9,41.0,38.8
SEALER-0081,167,02:47,39.9,43.6,46.7,44.8,38.6,37.6,38.3,38.2,43.1,45.8,42.1,39.5
SEALER-0081,168,02:48,39.4,44.0,45.8,44.9,39.0,38.3,37.7,39.5,43.2,45.4,42.0,39.1
SEALER-0081,169,02:49,39.9,44.5,46.4,45.5,39.3,38.6,38.4,38.3,43.3,47.1,43.6,39.1
SEALER-0081,170,02:50,40.1,44.3,47.1,45.3,38.7,37.8,38.6,38.8,42.9,46.2,41.9,40.2
SEALER-0081,171,02:51,40.0,43.4,48.0,46.2,38.3,39.4,39.1,39.5,44.1,46.0,43.4,39.3
SEALER-0081,172,02:52,40.6,44.6,46.8,46.9,38.5,39.5,38.5,39.2,45.2,46.7,42.4,40.5
SEALER-0081,173,02:53,40.1,44.8,48.3,45.5,39.6,38.5,38.5,39.8,43.8,47.4,43.2,40.0
SEALER-0081,174,02:54,41.5,44.7,48.2,47.1,39.5,39.4,39.1,39.9,44.9,48.3,43.6,40.8
SEALER-0081,175,02:55,40.9,45.2,49.2,46.8,39.7,39.3,39.4,39.3,45.3,47.8,43.9,40.4
SEALER-0081,176,02:56,41.1,45.8,48.4,46.6,39.0,38.6,40.1,39.6,44.9,48.8,43.3,40.7
SEALER-0081,177,02:57,41.8,46.3,49.6,46.4,40.3,39.2,39.3,40.4,45.4,48.4,45.1,40.7
SEALER-0081,178,02:58,41.5,46.3,49.1,46.8,40.2,39.5,39.7,39.4,45.1,48.4,45.5,39.4
SEALER-0081,179,02:59,42.1,47.0,50.0,47.9,40.2,39.8,40.0,40.4,46.6,49.0,44.3,40.4
SEALER-0081,180,03:00,41.9,47.4,51.4,48.1,40.2,39.7,40.4,41.4,46.5,49.3,45.0,40.9
SEALER-0081,181,03:01,41.7,46.3,50.4,48.7,40.9,39.0,40.8,40.9,46.4,49.4,45.7,41.0
SEALER-0081,182,03:02,42.3,48.2,50.9,49.2,40.4,40.2,40.0,41.4,47.0,50.5,46.5,41.3
SEALER-0081,183,03:03,42.8,47.2,50.9,49.9,40.9,41.5,41.1,41.6,47.0,50.9,45.9,41.0
SEALER-0081,184,03:04,42.2,48.0,51.4,49.3,42.0,40.0,40.5,41.8,46.9,51.4,45.9,42.3
SEALER-0081,185,03:05,43.2,48.8,52.2,49.4,41.8,39.9,41.1,40.9,48.4,51.4,45.7,41.9
SEALER-0081,186,03:06,42.2,49.3,52.8,49.4,41.7,41.2,41.0,41.7,47.3,51.5,47.1,42.7
SEALER-0081,187,03:07,43.0,48.8,52.8,50.2,40.7,41.2,41.5,42.5,47.4,52.3,47.1,41.7
SEALER-0081,188,03:08,42.8,49.0,53.0,50.4,41.3,41.0,41.1,41.5,48.6,52.4,47.9,42.5
SEALER-0081,189,03:09,44.0,49.5,53.8,51.0,41.7,42.4,42.0,42.1,47.8,53.5,47.7,43.1
SEALER-0081,190,03:10,43.0,50.2,54.5,50.5,41.9,41.9,42.0,42.4,48.6,53.0,47.7,42.9
SEALER-0081,191,03:11,43.6,50.5,54.1,52.5,42.2,41.5,41.2,42.6,49.1,54.3,47.6,43.9
SEALER-0081,192,03:12,44.2,50.9,54.5,51.1,41.5,41.9,41.9,42.8,48.5,52.9,47.8,43.3
SEALER-0081,193,03:13,44.5,51.2,55.8,51.6,43.3,42.8,42.2,43.5,49.5,54.2,49.5,44.0
SEALER-0081,194,03:14,45.7,50.9,55.1,52.5,42.3,42.6,42.6,43.6,50.1,54.2,47.7,43.3
SEALER-0081,195,03:15,44.9,52.0,56.0,53.5,43.5,43.3,43.0,43.3,50.2,55.3,49.4,43.8
SEALER-0081,196,03:16,45.4,52.6,56.8,53.1,43.3,42.4,43.0,43.0,51.4,54.8,50.1,43.9
SEALER-0081,197,03:17,45.2,52.4,57.0,53.1,43.7,42.5,42.9,43.4,51.2,56.4,50.1,44.4
SEALER-0081,198,03:18,45.4,52.8,57.4,53.6,43.5,42.8,43.6,44.5,50.3,55.3,51.0,45.0
SEALER-0081,199,03:19,46.0,53.2,57.6,53.8,44.4,43.9,43.5,44.6,50.6,56.6,50.5,44.8
SEALER-0081,200,03:20,45.7,53.0,57.9,54.6,44.8,44.2,44.0,44.8,52.0,57.3,49.9,45.2
SEALER-0081,201,03:21,47.4,53.7,58.6,54.8,45.2,43.9,44.9,44.1,52.1,57.6,50.9,45.8
SEALER-0081,202,03:22,47.3,54.2,58.1,54.3,44.6,44.6,43.8,44.0,52.5,57.0,51.2,46.4
SEALER-0081,203,03:23,47.3,55.5,59.6,56.6,46.1,44.1,45.2,45.5,52.5,57.9,52.3,45.3
SEALER-0081,204,03:24,47.6,55.2,59.8,57.2,45.4,44.8,45.3,45.5,53.0,58.7,52.3,47.2
SEALER-0081,205,03:25,47.4,55.2,60.4,56.6,45.2,44.2,45.1,45.8,53.0,59.1,51.5,46.8
SEALER-0081,206,03:26,48.0,55.8,59.7,56.1,45.7,45.2,46.0,47.5,53.0,58.1,52.5,46.0
SEALER-0081,207,03:27,48.9,55.9,60.8,56.4,46.1,45.4,45.7,46.3,54.6,59.4,53.3,47.1
SEALER-0081,208,03:28,48.5,56.2,60.0,57.7,46.9,45.5,46.1,46.9,55.6,59.3,53.5,48.2
SEALER-0081,209,03:29,48.2,56.3,61.9,57.9,45.9,45.7,45.8,47.3,53.8,60.0,54.0,47.8
SEALER-0081,210,03:30,48.7,56.6,62.0,58.3,47.1,45.9,46.4,47.9,55.5,59.7,54.6,47.8
SEALER-0081,211,03:31,49.3,58.1,62.7,58.5,47.0,46.2,46.9,47.5,55.7,60.4,54.5,47.9
SEALER-0081,212,03:32,49.6,58.0,64.1,59.0,47.7,47.4,47.5,47.7,55.1,60.5,54.0,49.1
SEALER-0081,213,03:33,50.5,58.3,63.4,59.0,47.1,47.3,45.9,49.4,56.3,61.6,55.5,49.2
SEALER-0081,214,03:34,50.4,58.6,64.5,59.0,48.3,48.2,47.4,48.2,57.1,61.7,54.7,49.8
SEALER-0081,215,03:35,50.3,59.5,63.2,59.8,48.6,48.1,47.5,49.6,56.8,62.0,55.8,50.3
SEALER-0081,216,03:36,51.6,59.1,64.4,61.5,47.9,48.9,49.3,48.8,56.9,62.1,55.0,50.3
SEALER-0081,217,03:37,51.2,58.7,65.4,60.3,49.2,47.9,48.5,49.8,56.9,63.3,56.5,49.7
SEALER-0081,218,03:38,50.9,59.5,65.5,61.0,49.5,48.6,49.1,49.2,58.2,62.6,57.0,50.9
SEALER-0081,219,03:39,52.0,60.4,65.6,62.2,49.2,49.5,49.2,49.8,57.8,63.6,56.4,52.2
SEALER-0081,220,03:40,52.4,60.5,66.2,61.2,49.5,49.6,49.6,50.2,59.1,63.4,56.8,50.3
SEALER-0081,221,03:41,52.4,60.4,66.6,62.5,49.8,50.1,51.1,51.1,59.1,64.3,57.5,50.9
SEALER-0081,222,03:42,52.7,61.4,66.2,62.0,49.7,49.5,50.4,51.5,59.4,64.1,57.4,51.6
SEALER-0081,223,03:43,52.7,61.8,68.0,63.7,51.2,50.2,51.5,51.1,58.8,63.6,57.5,52.7
SEALER-0081,224,03:44,53.1,62.0,67.1,63.4,51.3,50.3,51.0,52.2,59.3,65.4,58.5,52.4
SEALER-0081,225,03:45,53.7,62.7,67.9,62.7,51.6,51.1,51.9,52.2,60.1,65.5,58.6,52.2
SEALER-0081,226,03:46,53.8,62.6,68.0,64.8,52.4,51.6,51.0,51.4,59.7,64.7,59.3,53.3
SEALER-0081,227,03:47,54.3,62.8,68.2,64.3,52.4,51.5,52.0,52.6,59.9,65.6,58.9,52.5
SEALER-0081,228,03:48,54.9,63.4,68.4,64.6,52.8,52.8,52.3,52.7,60.9,66.1,60.1,53.5
SEALER-0081,229,03:49,55.7,64.1,69.3,64.2,52.4,52.2,53.3,53.6,60.3,66.0,59.7,53.7
SEALER-0081,230,03:50,55.1,64.6,68.8,65.0,54.3,52.8,52.8,53.1,61.9,67.0,60.5,54.4
SEALER-0081,231,03:51,54.7,65.1,69.3,65.8,54.1,52.8,53.3,54.7,62.5,66.1,60.4,53.1
SEALER-0081,232,03:52,55.9,64.6,70.5,65.6,54.4,54.6,54.4,53.5,61.3,67.1,60.6,54.7
SEALER-0081,233,03:53,56.3,65.3,71.1,65.0,55.0,54.1,55.3,54.6,61.7,66.9,61.6,54.8
SEALER-0081,234,03:54,56.9,65.0,70.5,66.4,54.6,54.1,54.7,55.1,61.2,67.5,62.1,54.7
SEALER-0081,235,03:55,57.1,65.5,71.0,66.3,55.3,54.9,55.2,54.8,61.3,68.1,61.4,55.5
SEALER-0081,236,03:56,56.3,66.0,70.8,66.5,55.8,54.6,55.3,55.7,62.6,67.8,62.3,55.5
SEALER-0081,237,03:57,57.9,65.6,71.5,67.3,55.7,54.3,55.7,56.1,63.1,69.0,62.4,55.8
SEALER-0081,238,03:58,57.0,66.0,71.5,67.6,55.9,55.4,56.2,55.8,63.1,68.4,61.9,56.1
SEALER-0081,239,03:59,58.2,66.9,72.2,67.6,56.8,56.8,56.5,57.4,63.8,68.8,62.8,56.4
SEALER-0081,240,04:00,57.6,66.5,72.2,67.8,55.8,56.9,56.9,58.3,64.4,69.4,62.7,56.9
SEALER-0081,241,04:01,58.0,66.7,72.4,67.8,57.6,57.5,57.0,58.6,64.1,69.4,63.0,57.4
SEALER-0081,242,04:02,59.4,68.0,73.5,68.1,57.5,57.3,56.9,58.8,64.4,69.7,63.3,57.1
SEALER-0081,243,04:03,59.5,66.6,73.6,68.8,58.1,57.6,57.7,57.7,64.7,68.9,63.8,57.6
SEALER-0081,244,04:04,59.7,68.0,73.8,69.4,58.0,58.9,57.9,58.7,64.9,69.3,63.1,58.4
SEALER-0081,245,04:05,60.3,67.8,73.7,69.8,58.4,58.8,58.9,58.9,65.8,70.1,64.5,57.7
SEALER-0081,246,04:06,59.9,67.8,74.4,69.8,59.0,58.4,58.7,59.9,64.7,70.5,64.3,59.0
SEALER-0081,247,04:07,60.1,69.1,75.0,69.4,58.8,59.6,58.8,60.5,64.9,70.4,64.4,58.9
SEALER-0081,248,04:08,60.7,68.1,73.7,71.3,59.0,59.7,59.5,60.6,66.1,71.2,65.8,59.5
SEALER-0081,249,04:09,61.5,69.2,75.3,69.5,59.6,59.2,60.4,60.3,66.3,71.0,65.6,59.6
SEALER-0081,250,04:10,60.7,69.4,75.6,70.7,60.1,60.9,60.4,61.3,67.2,70.8,65.7,59.0
SEALER-0081,251,04:11,61.5,69.2,75.3,70.7,61.0,60.7,61.9,60.8,65.9,71.7,65.4,60.3
SEALER-0081,252,04:12,62.0,70.3,75.4,70.4,60.4,62.3,60.7,62.4,67.2,71.4,65.8,59.2
SEALER-0081,253,04:13,62.7,70.3,76.5,71.4,61.2,62.0,62.1,62.3,67.3,71.5,65.6,59.9
SEALER-0081,254,04:14,62.4,69.2,76.3,71.6,61.9,62.0,63.0,61.7,67.2,71.6,67.4,60.7
SEALER-0081,255,04:15,63.2,70.0,76.1,71.2,62.0,63.0,62.2,62.6,67.4,72.9,66.5,61.4
SEALER-0081,256,04:16,63.1,70.4,77.2,71.0,62.0,62.8,63.7,62.9,67.6,72.5,66.1,62.2
SEALER-0081,257,04:17,63.8,70.6,76.1,71.6,63.2,64.2,63.3,63.2,67.9,71.9,67.7,62.1
SEALER-0081,258,04:18,63.4,71.8,76.7,73.0,63.0,64.4,64.1,62.4,68.5,73.5,67.1,62.0
SEALER-0081,259,04:19,63.1,70.5,76.9,72.7,63.4,64.0,64.0,63.0,68.0,73.2,67.3,61.8
SEALER-0081,260,04:20,63.3,71.6,77.5,72.3,63.4,64.8,65.6,63.4,68.3,72.5,68.1,62.4
SEALER-0081,261,04:21,62.9,71.5,77.8,71.5,64.3,64.5,64.8,63.4,68.4,73.0,68.6,62.7
SEALER-0081,262,04:22,63.4,71.5,77.2,72.4,63.6,64.9,65.1,63.9,68.8,72.9,68.1,62.9
SEALER-0081,263,04:23,64.0,71.5,78.1,72.8,64.6,66.0,65.4,65.3,68.2,72.9,68.6,63.0
SEALER-0081,264,04:24,64.4,72.7,77.9,73.2,64.2,66.2,65.7,65.4,68.8,73.5,68.1,63.0
SEALER-0081,265,04:25,65.2,72.5,77.7,73.7,65.4,66.9,66.0,65.2,70.1,74.0,68.4,63.3
SEALER-0081,266,04:26,65.7,72.9,77.6,74.2,65.7,67.7,66.0,64.8,69.9,74.6,68.0,64.0
SEALER-0081,267,04:27,65.6,72.7,78.3,73.6,65.9,67.5,66.5,66.0,69.7,74.7,68.2,64.8
SEALER-0081,268,04:28,66.2,73.4,77.4,73.1,65.9,66.8,66.9,66.4,69.5,73.6,68.3,64.1
SEALER-0081,269,04:29,65.4,73.1,78.9,73.8,67.1,67.6,67.5,66.0,69.0,74.4,68.5,63.8
SEALER-0081,270,04:30,65.9,73.5,78.9,73.8,66.5,68.5,66.9,66.8,69.6,74.1,68.8,64.7
SEALER-0081,271,04:31,65.2,73.8,78.7,73.4,66.8,69.2,69.0,66.6,69.1,74.7,68.9,64.5
SEALER-0081,272,04:32,65.4,73.9,78.5,73.9,67.6,69.3,67.7,67.3,70.3,75.1,69.1,64.9
SEALER-0081,273,04:33,65.7,74.3,79.0,74.1,67.9,69.0,68.1,66.6,70.8,75.3,69.0,65.1
SEALER-0081,274,04:34,67.1,73.8,79.3,74.7,67.7,68.5,69.8,67.1,70.9,74.3,70.0,65.3
SEALER-0081,275,04:35,67.3,73.9,79.1,75.3,68.7,69.7,69.5,67.7,71.0,75.8,68.8,65.6
SEALER-0081,276,04:36,67.4,74.4,79.7,74.9,68.2,69.5,68.6,68.0,70.1,74.2,69.0,65.9
SEALER-0081,277,04:37,67.0,73.8,79.4,74.3,68.3,69.7,70.4,68.3,70.4,75.1,69.9,65.9
SEALER-0081,278,04:38,67.1,74.2,79.9,75.4,68.8,71.0,70.6,68.3,70.9,74.7,70.2,66.0
SEALER-0081,279,04:39,66.7,74.9,79.7,74.5,68.4,70.9,70.5,69.2,70.8,75.4,70.9,66.5
SEALER-0081,280,04:40,66.9,74.1,79.7,74.9,69.9,70.8,70.8,69.8,70.7,75.3,70.4,66.2
SEALER-0081,281,04:41,68.5,75.0,79.8,74.7,68.7,72.3,71.4,69.2,71.0,76.3,71.5,65.8
SEALER-0081,282,04:42,67.9,74.7,80.5,75.7,69.9,71.8,70.8,69.7,71.9,75.3,70.3,67.0
SEALER-0081,283,04:43,67.2,74.3,80.5,75.4,69.8,72.6,71.7,69.0,71.2,76.8,71.0,66.8
SEALER-0081,284,04:44,68.3,73.5,80.8,75.7,69.4,73.1,70.8,70.1,71.0,76.5,71.1,66.6
SEALER-0081,285,04:45,68.0,75.0,79.9,75.1,70.5,72.3,72.4,69.9,71.5,75.8,70.3,67.3
SEALER-0081,286,04:46,68.1,75.1,80.4,75.4,71.6,73.0,71.6,69.7,71.7,75.8,71.2,67.3
SEALER-0081,287,04:47,68.3,74.7,81.0,76.1,70.3,73.5,72.3,69.7,71.6,76.5,70.7,67.1
SEALER-0081,288,04:48,69.4,74.7,81.2,75.3,71.2,74.5,71.8,71.2,71.9,76.5,72.4,67.8
SEALER-0081,289,04:49,68.4,75.2,81.0,76.3,71.2,74.2,72.4,71.4,71.6,76.2,71.9,67.4
SEALER-0081,290,04:50,69.0,74.7,80.3,76.2,71.4,73.1,72.5,70.1,71.1,75.9,71.1,68.3
SEALER-0081,291,04:51,68.8,76.0,81.2,75.8,71.3,75.2,73.4,72.4,71.4,76.5,71.5,68.2
SEALER-0081,292,04:52,69.2,74.8,81.8,76.6,72.0,74.7,72.5,71.3,71.8,75.4,72.1,68.8
SEALER-0081,293,04:53,69.3,75.6,81.7,75.9,71.5,74.0,74.1,71.4,71.9,76.1,71.5,68.6
SEALER-0081,294,04:54,69.0,75.4,81.2,76.5,71.2,75.2,73.1,72.2,72.2,76.6,71.9,68.7
SEALER-0081,295,04:55,69.8,76.1,79.8,76.1,72.3,75.3,73.5,71.9,72.0,77.1,71.1,68.1
SEALER-0081,296,04:56,68.8,76.6,81.7,76.3,72.2,74.6,73.7,72.1,71.8,76.9,71.7,68.9
SEALER-0081,297,04:57,68.8,75.7,80.6,76.9,72.1,75.5,74.4,72.3,72.6,76.4,71.9,68.1
SEALER-0081,298,04:58,68.6,76.2,82.3,77.1,72.7,75.3,74.7,72.9,72.1,76.6,72.0,68.6
SEALER-0081,299,04:59,69.7,75.7,81.2,76.9,73.5,76.4,74.2,72.6,72.6,76.4,71.8,68.3
SEALER-0081,300,05:00,70.4,75.7,80.9,76.9,72.7,75.7,74.9,72.4,72.4,77.5,71.7,68.6
SEALER-0081,301,05:01,70.8,75.9,82.3,76.3,72.9,76.2,73.3,72.7,72.1,76.1,72.3,67.8
SEALER-0081,302,05:02,69.8,76.2,81.4,76.8,72.2,76.6,75.2,72.8,72.9,77.0,71.6,68.7
SEALER-0081,303,05:03,70.8,76.6,81.6,75.7,73.5,75.7,74.6,72.4,72.3,77.0,71.9,68.9
SEALER-0081,304,05:04,69.5,76.6,81.3,76.4,73.9,77.3,75.5,72.6,71.9,76.8,72.2,69.2
SEALER-0081,305,05:05,70.0,76.0,81.9,76.7,72.5,76.1,76.0,73.0,72.6,76.9,72.7,69.1
SEALER-0081,306,05:06,69.5,77.0,81.6,77.1,73.1,76.9,76.6,73.1,73.1,75.9,72.4,69.7
SEALER-0081,307,05:07,71.0,76.7,81.5,78.0,73.6,77.6,76.7,74.4,72.7,76.5,71.6,70.3
SEALER-0081,308,05:08,70.7,76.7,81.9,76.9,74.8,77.5,75.7,73.0,73.5,76.9,72.9,69.7
SEALER-0081,309,05:09,71.4,75.5,81.8,77.1,73.8,77.0,75.6,73.6,71.6,76.9,72.5,69.6
SEALER-0081,310,05:10,69.7,75.9,82.5,77.3,73.5,77.6,76.2,74.3,73.0,77.0,73.9,70.2
SEALER-0081,311,05:11,69.4,76.6,82.0,76.7,73.6,78.1,76.5,73.7,73.8,77.2,72.6,69.2
SEALER-0081,312,05:12,70.7,75.6,82.4,77.1,74.7,77.8,77.2,73.7,73.3,76.9,73.0,69.7
SEALER-0081,313,05:13,69.8,77.4,83.1,78.4,74.4,77.9,76.9,73.3,73.5,77.4,72.5,69.6
SEALER-0081,314,05:14,70.6,77.3,82.5,77.6,74.5,78.1,77.4,75.0,72.5,76.8,72.6,70.2
SEALER-0081,315,05:15,69.2,77.1,82.3,77.5,74.7,78.6,76.6,74.9,73.1,76.6,73.4,69.8
SEALER-0081,316,05:16,70.8,76.9,82.4,77.5,75.1,79.9,76.5,73.4,73.1,77.5,73.0,69.8
SEALER-0081,317,05:17,70.7,77.0,82.7,77.4,73.5,78.9,76.8,75.2,72.9,77.3,72.8,70.0
SEALER-0081,318,05:18,71.0,76.3,82.0,76.7,74.3,79.0,76.6,75.5,73.6,77.7,73.3,70.4
SEALER-0081,319,05:19,70.4,75.9,82.8,77.7,74.0,78.1,77.0,74.8,73.9,78.3,74.1,70.8
SEALER-0081,320,05:20,70.4,76.8,82.7,76.9,75.3,79.0,77.7,74.5,73.2,76.4,73.1,70.9
SEALER-0081,321,05:21,70.4,77.0,82.8,76.8,75.4,78.5,77.3,74.8,74.1,77.7,74.0,70.2
SEALER-0081,322,05:22,71.2,76.5,82.8,77.8,75.1,79.6,78.0,74.7,74.4,77.7,72.5,70.1
SEALER-0081,323,05:23,71.5,77.4,82.9,77.4,75.6,78.7,76.9,75.2,73.4,77.4,73.0,70.8
SEALER-0081,324,05:24,70.6,77.0,82.9,78.7,75.3,79.1,77.8,74.0,74.1,78.5,74.0,69.8
SEALER-0081,325,05:25,71.3,78.1,82.7,76.3,76.4,79.8,78.2,73.8,73.9,78.1,73.8,70.7
SEALER-0081,326,05:26,71.4,77.4,82.4,77.7,75.3,80.2,77.6,74.3,73.6,77.7,72.4,70.0
SEALER-0081,327,05:27,71.5,77.6,82.6,78.1,76.4,79.5,77.6,74.9,73.1,78.1,73.4,70.3
SEALER-0081,328,05:28,71.9,77.6,82.9,77.1,75.2,79.8,78.1,76.1,74.3,77.7,72.7,70.6
SEALER-0081,329,05:29,70.6,78.0,82.6,78.8,76.3,79.6,77.5,75.3,74.5,77.5,73.2,70.6
SEALER-0081,330,05:30,70.5,78.0,83.4,77.5,76.2,79.8,76.9,75.1,74.0,77.2,74.0,70.9
SEALER-0081,331,05:31,71.0,77.4,83.4,79.1,76.1,79.7,77.8,75.8,73.3,77.6,74.0,72.0
SEALER-0081,332,05:32,72.3,77.9,82.6,78.9,75.1,80.2,78.4,75.3,74.2,77.5,74.5,71.4
SEALER-0081,333,05:33,71.4,77.8,83.1,78.4,75.3,80.1,78.4,75.6,73.8,77.3,73.7,71.2
SEALER-0081,334,05:34,71.2,77.2,82.4,77.5,76.9,81.0,79.0,75.8,73.5,78.5,73.8,71.1
SEALER-0081,335,05:35,71.0,77.5,83.8,78.2,75.4,80.1,78.5,75.5,73.8,77.6,72.7,70.8
SEALER-0081,336,05:36,71.5,77.5,82.8,78.2,76.3,80.4,79.2,75.2,73.7,76.5,73.3,70.3
SEALER-0081,337,05:37,71.5,77.7,82.0,78.4,76.0,80.2,78.7,75.6,73.6,78.5,73.9,71.4
SEALER-0081,338,05:38,72.2,78.0,83.2,78.4,75.7,81.0,79.0,75.8,73.3,77.5,73.1,70.6
SEALER-0081,339,05:39,72.2,78.3,83.5,77.4,76.6,80.4,78.4,75.9,74.7,77.8,74.1,70.3
SEALER-0081,340,05:40,71.0,78.1,83.5,78.3,76.3,80.2,79.0,75.9,72.4,78.0,73.3,70.8
SEALER-0081,341,05:41,71.2,77.2,82.3,77.0,76.0,79.4,78.7,75.2,73.8,78.1,74.0,72.0
SEALER-0081,342,05:42,72.3,78.1,82.5,77.8,77.5,81.2,79.6,76.2,73.3,78.1,72.8,70.8
SEALER-0081,343,05:43,71.4,77.3,82.7,77.9,76.1,81.2,78.8,75.5,73.2,77.8,73.1,70.5
SEALER-0081,344,05:44,71.8,77.5,83.9,78.3,76.5,80.2,78.7,75.6,73.2,78.1,73.9,71.1
SEALER-0081,345,05:45,70.9,78.0,82.0,78.3,77.4,80.3,78.8,76.0,74.2,77.9,73.9,70.5
SEALER-0081,346,05:46,72.0,77.3,81.9,77.7,75.9,81.1,78.6,76.6,73.8,78.1,73.4,71.2
SEALER-0081,347,05:47,72.0,78.4,84.1,78.7,77.1,81.4,78.7,75.2,74.2,77.9,74.0,71.3
SEALER-0081,348,05:48,71.9,77.2,83.7,78.2,76.8,81.1,78.4,75.7,74.4,78.1,72.9,71.5
SEALER-0081,349,05:49,72.0,78.5,82.9,77.9,77.6,81.9,80.3,76.3,74.2,78.7,74.0,70.9
SEALER-0081,350,05:50,71.9,78.9,83.3,77.4,77.1,80.7,81.0,74.5,74.7,77.8,73.4,71.1
SEALER-0081,351,05:51,72.6,77.8,83.0,78.0,76.5,80.5,79.1,76.3,73.6,77.6,73.8,70.8
SEALER-0081,352,05:52,71.5,77.7,82.7,78.2,76.5,81.4,79.8,75.6,74.2,78.0,73.8,71.2
SEALER-0081,353,05:53,73.4,77.8,83.8,77.6,76.3,80.7,79.4,76.4,74.4,77.0,74.0,72.0
SEALER-0081,354,05:54,72.5,77.7,83.4,78.5,76.9,81.5,79.7,75.4,73.1,78.1,74.6,70.9
SEALER-0081,355,05:55,72.0,77.9,83.2,77.9,76.6,80.5,79.6,75.8,74.4,77.6,74.3,71.5
SEALER-0081,356,05:56,72.4,77.8,82.8,77.2,77.1,82.0,79.4,75.9,74.5,77.6,73.4,71.2
SEALER-0081,357,05:57,71.8,77.2,83.8,78.6,76.5,81.2,79.4,76.4,74.2,77.6,73.8,71.7
SEALER-0081,358,05:58,72.3,77.9,83.0,78.0,76.4,81.3,79.5,75.8,73.5,77.9,73.2,71.0
SEALER-0081,359,05:59,72.7,77.4,82.8,77.7,76.7,82.0,79.3,76.0,74.2,78.5,73.6,71.9
SEALER-0081,360,06:00,71.4,77.8,83.5,77.9,77.8,81.0,78.9,75.8,73.5,77.9,73.5,71.5
SEALER-0081,361,06:01,71.5,76.5,83.2,78.2,77.0,80.8,79.7,76.6,74.6,78.9,74.1,71.3
SEALER-0081,362,06:02,71.7,78.3,82.9,78.3,77.4,81.5,79.2,75.5,74.1,77.9,73.6,71.0
SEALER-0081,363,06:03,71.9,77.4,83.1,79.3,77.8,81.7,79.6,76.5,74.2,77.3,72.8,71.5
SEALER-0081,364,06:04,72.7,77.9,84.1,78.0,76.9,81.4,79.8,76.6,74.0,77.5,73.3,71.4
SEALER-0081,365,06:05,72.1,77.2,83.6,77.8,76.7,82.6,80.9,76.3,74.4,78.2,74.3,70.7
SEALER-0081,366,06:06,72.0,77.5,82.9,79.3,77.8,82.6,79.8,76.5,74.0,78.6,74.1,71.4
SEALER-0081,367,06:07,71.9,78.5,82.5,78.4,77.6,81.7,80.2,77.5,73.9,78.1,73.9,71.5
SEALER-0081,368,06:08,71.9,77.1,82.5,78.2,77.3,81.2,79.3,76.2,73.8,78.3,74.5,72.1
SEALER-0081,369,06:09,72.0,77.6,83.0,77.9,77.3,81.6,79.7,76.6,73.5,78.2,73.3,70.7
SEALER-0081,370,06:10,72.3,77.8,84.2,78.7,76.1,81.2,79.8,77.0,73.5,77.9,73.4,71.9
SEALER-0081,371,06:11,72.2,78.2,83.7,77.3,77.1,82.0,79.8,76.1,74.1,78.5,74.1,71.6
SEALER-0081,372,06:12,72.9,77.8,83.2,77.5,77.9,81.2,79.2,76.3,74.7,77.8,73.9,70.9
SEALER-0081,373,06:13,72.2,78.0,83.0,78.5,77.4,81.9,80.4,76.3,74.2,77.6,74.0,71.5
SEALER-0081,374,06:14,71.2,77.7,83.1,78.2,77.3,82.6,79.7,76.7,73.5,77.7,74.6,71.6
SEALER-0081,375,06:15,72.4,77.5,84.1,78.4,77.0,82.1,79.8,76.5,73.8,78.0,73.5,71.7
SEALER-0081,376,06:16,72.8,78.5,83.9,77.3,77.7,82.5,79.8,76.2,74.2,78.0,73.5,72.2
SEALER-0081,377,06:17,71.5,77.6,82.8,78.1,77.5,81.4,80.4,76.0,74.4,78.0,73.6,71.6
SEALER-0081,378,06:18,72.6,78.3,83.5,77.7,77.1,81.8,80.4,76.5,74.3,78.2,73.3,72.3
SEALER-0081,379,06:19,71.4,78.1,84.1,78.5,76.8,81.9,79.6,77.2,74.4,77.6,75.0,71.9
SEALER-0081,380,06:20,72.2,77.7,84.2,78.3,77.6,81.9,80.0,77.7,73.8,78.1,73.9,71.2
SEALER-0081,381,06:21,72.1,77.8,82.4,79.1,77.2,82.1,80.5,76.4,74.4,79.6,72.8,71.1
SEALER-0081,382,06:22,72.4,78.3,83.1,78.6,77.3,81.1,79.1,76.4,73.9,81.3,73.9,70.6
SEALER-0081,383,06:23,71.8,78.5,84.5,78.7,77.9,82.9,80.6,76.9,74.4,81.8,73.3,72.1
SEALER-0081,384,06:24,72.3,78.4,85.3,77.8,77.3,81.2,80.6,77.0,74.2,82.0,74.2,71.4
SEALER-0081,385,06:25,72.6,78.1,87.1,78.4,78.0,82.0,78.9,77.0,74.2,81.2,74.1,71.7
SEALER-0081,386,06:26,72.3,78.0,87.5,78.3,78.0,82.2,79.8,76.4,74.2,83.4,73.4,72.1
SEALER-0081,387,06:27,72.5,78.4,88.7,80.2,77.8,81.2,80.0,75.7,73.8,84.2,73.9,71.3
SEALER-0081,388,06:28,72.4,77.1,89.7,81.9,77.5,82.5,80.0,76.1,74.2,84.5,73.3,71.2
SEALER-0081,389,06:29,72.4,77.2,88.8,82.5,77.6,82.6,79.8,77.0,74.7,85.2,74.5,70.5
SEALER-0081,390,06:30,72.5,79.7,90.5,82.3,77.8,81.6,79.3,77.0,75.7,85.7,74.1,71.3
SEALER-0081,391,06:31,72.9,81.4,90.3,82.8,77.5,82.1,80.5,76.3,76.8,85.3,74.7,72.4
SEALER-0081,392,06:32,73.1,82.0,90.3,84.0,77.5,82.7,80.7,76.1,77.6,86.1,73.5,72.0
SEALER-0081,393,06:33,72.1,82.4,90.6,84.6,77.4,82.0,80.1,77.5,78.6,85.8,75.4,71.4
SEALER-0081,394,06:34,73.0,83.2,91.7,84.6,77.7,81.6,80.7,76.0,78.8,87.8,76.7,72.1
SEALER-0081,395,06:35,72.4,83.8,91.9,85.2,78.6,82.1,80.5,77.1,78.5,87.5,78.1,71.7
SEALER-0081,396,06:36,71.8,84.6,93.1,85.4,77.2,81.5,80.7,77.1,79.7,87.2,78.6,71.8
SEALER-0081,397,06:37,72.4,84.8,93.2,85.9,77.4,82.3,80.2,75.8,80.7,87.0,79.1,71.9
SEALER-0081,398,06:38,72.2,83.6,93.0,85.7,77.3,81.5,79.2,77.3,79.5,87.6,79.2,71.9
SEALER-0081,399,06:39,73.7,85.0,92.7,86.2,77.4,81.8,79.9,76.6,80.7,88.5,79.2,71.8
SEALER-0081,400,06:40,72.6,85.7,94.6,86.2,77.5,81.9,81.1,75.9,81.1,87.7,79.1,71.7
SEALER-0081,401,06:41,72.5,85.4,94.2,87.5,76.9,83.3,80.6,76.9,81.6,88.5,80.6,72.5
SEALER-0081,402,06:42,72.1,86.3,94.9,86.9,76.9,82.0,80.5,76.7,81.7,87.9,80.3,72.2
SEALER-0081,403,06:43,72.5,86.1,93.9,87.5,77.8,82.8,80.6,76.8,81.9,88.5,80.5,71.3
SEALER-0081,404,06:44,72.4,86.5,94.2,88.3,78.0,81.0,80.2,77.8,82.5,90.0,80.9,73.6
SEALER-0081,405,06:45,72.2,87.8,94.3,89.1,78.2,82.6,80.2,77.0,82.1,89.3,81.0,71.9
SEALER-0081,406,06:46,74.2,87.8,94.5,88.6,77.7,81.1,80.2,76.9,82.8,89.9,81.9,71.8
SEALER-0081,407,06:47,75.1,87.9,94.6,88.4,78.0,82.1,80.3,77.4,82.9,89.6,82.3,72.6
SEALER-0081,408,06:48,74.8,87.5,95.1,88.9,77.6,82.1,79.2,76.6,84.2,90.3,82.6,72.3
SEALER-0081,409,06:49,76.5,89.1,94.9,89.3,77.4,82.7,79.6,76.8,83.1,90.3,82.8,73.8
SEALER-0081,410,06:50,76.6,88.2,95.9,89.8,78.2,81.5,79.7,76.7,83.7,89.8,82.7,74.5
SEALER-0081,411,06:51,77.9,88.5,96.2,89.8,78.4,81.9,81.0,77.2,84.0,89.9,83.4,74.5
SEALER-0081,412,06:52,78.0,89.6,95.3,90.2,78.1,82.4,80.1,76.7,84.3,90.0,82.5,76.5
SEALER-0081,413,06:53,78.8,89.4,96.1,90.7,77.3,82.6,80.6,76.5,86.0,91.0,83.7,75.8
SEALER-0081,414,06:54,78.8,89.5,97.1,91.2,78.9,82.3,80.8,76.3,84.8,90.2,83.1,76.8
SEALER-0081,415,06:55,79.0,89.5,96.2,91.1,77.9,82.9,80.3,77.3,85.2,91.3,84.3,77.0
SEALER-0081,416,06:56,79.3,89.0,97.5,91.2,77.6,82.6,80.5,76.7,85.0,91.7,85.1,77.5
SEALER-0081,417,06:57,79.9,89.5,98.3,90.5,76.7,82.8,80.3,79.7,85.4,91.5,84.9,78.2
SEALER-0081,418,06:58,80.4,90.5,97.6,90.9,77.1,82.1,80.4,80.1,85.6,92.5,84.2,78.0
SEALER-0081,419,06:59,80.0,90.4,97.0,92.1,78.0,82.2,80.4,79.9,86.7,91.6,85.0,78.6
SEALER-0081,420,07:00,80.6,90.6,97.5,91.4,78.7,82.8,79.8,80.8,86.0,92.5,85.1,79.1
SEALER-0081,421,07:01,80.8,91.0,97.4,91.1,81.2,83.0,81.0,81.7,86.7,92.6,86.1,79.7
SEALER-0081,422,07:02,82.0,90.3,98.1,91.7,81.5,82.0,80.3,82.2,86.1,93.4,86.3,78.9
SEALER-0081,423,07:03,81.2,91.4,99.4,92.4,82.0,82.1,82.3,82.3,86.6,92.5,85.9,79.8
SEALER-0081,424,07:04,81.1,91.8,98.8,91.8,82.5,82.0,83.6,83.7,86.9,93.5,85.0,79.4
SEALER-0081,425,07:05,81.4,91.1,98.5,92.0,83.0,83.0,83.9,82.4,86.3,93.4,85.9,80.7
SEALER-0081,426,07:06,82.0,91.8,98.9,91.7,83.6,84.8,85.7,83.5,88.4,94.2,86.5,80.4
SEALER-0081,427,07:07,81.2,91.8,99.6,92.1,83.6,85.4,85.9,83.1,87.7,93.6,86.0,80.5
SEALER-0081,428,07:08,82.3,90.7,98.8,94.1,84.1,86.7,87.6,84.7,87.9,94.2,86.7,81.7
SEALER-0081,429,07:09,82.2,91.6,100.7,93.7,85.7,87.2,86.4,84.0,87.8,93.2,87.3,81.3
SEALER-0081,430,07:10,82.7,92.2,100.1,93.8,85.5,88.0,87.2,84.7,87.3,93.7,86.8,81.2
SEALER-0081,431,07:11,82.8,92.8,99.4,94.9,85.6,88.6,86.6,84.9,87.8,94.5,87.9,82.3
SEALER-0081,432,07:12,82.8,92.2,99.8,94.3,85.0,89.1,87.0,85.7,88.2,94.3,87.3,81.4
SEALER-0081,433,07:13,83.3,92.4,100.5,93.3,86.9,89.2,88.5,85.9,87.9,94.4,87.4,82.0
SEALER-0081,434,07:14,83.7,92.8,99.8,93.9,86.9,89.0,87.7,85.9,87.9,94.7,87.4,82.4
SEALER-0081,435,07:15,83.7,93.6,101.1,94.6,86.6,90.0,89.3,86.8,88.7,94.5,88.0,83.2
SEALER-0081,436,07:16,84.2,94.1,100.5,93.6,87.5,89.8,88.3,86.9,89.0,95.1,87.8,83.1
SEALER-0081,437,07:17,84.3,93.4,101.7,94.8,87.4,89.8,88.8,87.5,88.8,95.0,87.9,82.9
SEALER-0081,438,07:18,84.5,93.6,100.9,94.6,87.4,90.4,89.9,86.5,89.2,95.7,88.7,82.7
SEALER-0081,439,07:19,83.7,94.1,101.3,94.2,88.0,91.7,89.5,87.5,89.3,95.5,89.6,84.1
SEALER-0081,440,07:20,85.2,94.0,102.0,95.8,89.4,91.7,89.4,87.9,90.1,96.8,88.6,82.9
SEALER-0081,441,07:21,84.8,94.1,102.0,96.7,88.3,92.0,89.9,87.4,90.4,95.4,88.5,84.3
SEALER-0081,442,07:22,85.5,94.4,102.0,95.2,88.1,91.3,91.4,87.5,89.9,95.1,88.4,84.5
SEALER-0081,443,07:23,84.9,94.6,101.8,95.5,88.4,92.6,89.8,87.9,90.7,95.9,88.8,84.0
SEALER-0081,444,07:24,85.4,94.3,102.3,95.4,88.8,92.6,91.2,88.7,90.6,95.6,89.2,83.6
SEALER-0081,445,07:25,85.9,94.4,101.7,95.7,89.4,92.7,92.0,89.1,90.3,96.2,90.0,84.3
SEALER-0081,446,07:26,85.7,95.8,102.3,95.3,89.1,93.0,92.3,88.6,90.9,95.5,90.1,82.9
SEALER-0081,447,07:27,85.3,95.0,103.0,96.0,89.6,94.6,91.8,89.2,90.1,96.0,90.4,84.7
SEALER-0081,448,07:28,86.1,94.7,102.6,96.6,89.2,92.9,92.3,88.9,90.8,97.1,89.2,85.0
SEALER-0081,449,07:29,86.1,95.0,102.9,96.5,89.9,93.9,91.7,89.3,91.1,96.8,90.0,85.1
SEALER-0081,450,07:30,85.7,95.8,102.9,96.2,90.1,94.1,92.3,89.7,90.6,96.4,90.0,86.0
SEALER-0081,451,07:31,86.6,95.2,103.3,97.3,91.0,94.5,93.7,89.5,90.7,96.9,91.3,86.2
SEALER-0081,452,07:32,86.5,95.9,103.2,96.9,90.7,95.1,94.1,90.0,91.7,96.6,90.7,85.7
SEALER-0081,453,07:33,87.8,95.1,102.8,97.7,90.3,94.8,93.6,90.1,90.9,97.9,90.8,85.9
SEALER-0081,454,07:34,87.1,96.6,104.1,97.0,91.1,94.9,94.1,90.5,91.4,97.5,90.9,85.5
SEALER-0081,455,07:35,86.9,95.6,102.9,97.3,91.8,96.2,94.0,90.6,91.4,97.0,91.9,86.3
SEALER-0081,456,07:36,87.2,96.6,104.0,96.3,91.8,95.3,93.6,91.8,92.5,97.6,91.2,86.2
SEALER-0081,457,07:37,88.5,96.8,104.2,97.0,91.1,95.9,93.9,91.5,91.4,97.2,91.5,86.0
SEALER-0081,458,07:38,87.5,97.2,104.4,97.9,92.1,95.5,94.0,91.4,92.9,98.7,91.1,86.6
SEALER-0081,459,07:39,87.8,96.6,102.9,98.5,93.1,96.2,94.6,92.1,92.6,98.4,91.0,86.2
SEALER-0081,460,07:40,87.6,97.0,104.2,98.2,92.1,96.3,94.2,91.6,91.2,98.6,91.5,87.0
SEALER-0081,461,07:41,87.7,96.5,104.7,98.1,92.3,96.8,95.2,91.8,92.4,98.1,91.4,87.6
SEALER-0081,462,07:42,88.2,96.4,104.5,98.1,92.6,97.1,94.7,91.3,92.1,98.3,92.5,87.5
SEALER-0081,463,07:43,88.1,97.0,103.9,97.8,92.2,97.2,95.6,92.2,92.0,98.6,92.4,87.4
SEALER-0081,464,07:44,88.6,97.8,104.5,98.0,92.7,97.5,94.8,91.6,91.9,98.8,92.4,86.6
SEALER-0081,465,07:45,88.5,97.5,104.3,98.3,93.6,96.7,95.1,91.9,92.6,98.6,92.4,87.2
SEALER-0081,466,07:46,89.1,97.4,105.2,98.4,92.9,97.4,95.0,92.9,93.4,99.0,91.0,87.3
SEALER-0081,467,07:47,89.1,98.3,105.3,98.6,93.5,98.1,95.6,92.3,93.1,98.6,93.1,87.8
SEALER-0081,468,07:48,89.1,97.4,105.9,99.3,92.9,99.0,95.6,92.3,93.4,98.9,92.7,87.9
SEALER-0081,469,07:49,90.0,98.4,104.7,98.8,93.3,97.2,96.3,93.1,92.4,99.6,93.1,87.1
SEALER-0081,470,07:50,90.1,97.9,106.2,98.8,93.5,99.2,96.6,92.7,93.1,98.3,93.2,88.2
SEALER-0081,471,07:51,89.7,97.9,106.2,99.9,93.5,98.9,96.9,93.0,93.2,99.9,93.0,87.6
SEALER-0081,472,07:52,89.2,98.3,105.7,99.8,93.7,99.0,96.5,92.6,93.1,99.3,93.0,88.3
SEALER-0081,473,07:53,89.2,97.8,106.9,99.4,94.2,98.1,96.6,93.4,93.5,99.8,94.0,88.8
SEALER-0081,474,07:54,89.7,98.9,105.8,99.5,94.0,98.8,97.4,93.6,93.9,101.0,93.1,88.8
SEALER-0081,475,07:55,89.9,99.9,106.2,99.3,94.3,99.5,97.1,94.1,93.9,100.0,93.5,88.5
SEALER-0081,476,07:56,89.4,98.7,106.1,99.3,93.5,99.0,97.6,94.5,94.3,100.6,93.8,88.6
SEALER-0081,477,07:57,90.4,98.2,106.1,99.8,94.1,98.4,97.1,94.1,93.6,100.9,94.4,89.6
SEALER-0081,478,07:58,90.4,98.6,106.1,100.4,96.2,99.3,98.3,95.1,93.9,100.7,93.8,87.9
SEALER-0081,479,07:59,90.7,100.0,107.0,100.4,96.0,101.1,98.2,94.2,95.4,100.8,94.5,89.3
SEALER-0081,480,08:00,90.5,99.3,105.9,99.9,95.4,100.2,98.7,93.8,94.4,100.6,93.9,89.5
SEALER-0081,481,08:01,90.1,100.0,107.0,101.1,95.3,100.8,98.1,95.2,95.3,100.6,93.7,89.2
SEALER-0081,482,08:02,91.5,99.8,107.4,100.5,96.1,100.6,98.4,94.5,95.3,100.6,93.6,90.0
SEALER-0081,483,08:03,90.5,99.5,107.0,99.9,95.2,100.6,98.9,95.0,95.2,101.0,95.2,90.0
SEALER-0081,484,08:04,90.5,99.9,107.3,100.9,95.5,100.7,99.1,95.6,97.0,100.9,93.8,89.3
SEALER-0081,485,08:05,91.1,100.3,107.6,100.6,96.3,101.3,99.0,95.6,96.0,101.7,93.9,90.0
SEALER-0081,486,08:06,90.7,101.2,107.7,100.6,96.2,100.9,99.0,95.0,95.7,101.1,94.9,89.9
SEALER-0081,487,08:07,91.4,100.5,108.2,100.9,96.1,100.7,97.6,96.0,95.1,101.9,95.1,90.3
SEALER-0081,488,08:08,90.3,100.2,107.7,101.9,96.7,101.3,98.9,95.1,95.0,102.0,94.4,91.4
SEALER-0081,489,08:09,91.4,100.2,109.0,100.5,96.0,101.5,100.0,96.2,95.4,101.8,94.5,90.3
SEALER-0081,490,08:10,91.2,101.5,108.7,102.1,95.9,102.3,100.2,95.6,96.0,102.4,96.0,89.7
SEALER-0081,491,08:11,91.9,100.1,108.6,101.8,96.2,101.7,100.1,95.9,95.4,101.3,94.9,90.5
SEALER-0081,492,08:12,91.9,100.7,108.4,101.3,98.0,101.9,99.3,96.3,96.3,101.9,95.1,90.7
SEALER-0081,493,08:13,91.0,100.0,108.6,102.0,97.1,102.2,100.6,96.1,96.4,102.7,94.9,91.2
SEALER-0081,494,08:14,91.1,101.3,108.8,102.0,96.6,102.0,99.6,96.7,95.9,101.7,96.0,91.3
SEALER-0081,495,08:15,91.9,101.5,109.1,102.4,97.5,102.5,99.7,95.5,96.6,102.3,94.7,91.5
SEALER-0081,496,08:16,91.9,101.8,108.9,102.5,97.7,102.8,99.3,96.8,95.7,102.5,95.1,90.5
SEALER-0081,497,08:17,92.0,100.8,109.2,102.6,97.6,102.5,99.8,97.2,96.0,102.7,95.9,91.5
SEALER-0081,498,08:18,91.8,100.9,110.0,102.3,97.9,101.9,100.3,95.7,95.8,103.9,95.6,91.7
SEALER-0081,499,08:19,92.1,101.7,109.3,102.5,97.3,102.6,101.5,96.9,96.9,102.0,95.7,91.2
SEALER-0081,500,08:20,92.1,101.2,109.1,102.8,97.3,102.5,101.5,97.9,96.5,102.6,95.8,91.8
SEALER-0081,501,08:21,93.0,101.8,108.8,102.0,98.1,102.8,99.8,97.2,96.8,103.5,96.2,92.0
SEALER-0081,502,08:22,92.8,102.0,109.4,103.1,98.6,103.4,100.2,96.7,96.9,102.8,97.4,91.9
SEALER-0081,503,08:23,93.2,101.9,109.0,103.0,98.0,103.3,101.0,97.0,97.2,102.7,96.5,91.8
SEALER-0081,504,08:24,93.7,102.4,110.4,102.8,98.2,102.5,101.8,98.3,96.8,103.2,96.3,92.2
SEALER-0081,505,08:25,93.3,102.4,109.6,103.7,98.9,103.8,100.3,97.6,97.4,102.6,96.0,91.4
SEALER-0081,506,08:26,92.5,102.3,109.7,103.1,99.1,103.7,101.8,97.9,96.4,103.7,97.0,91.9
SEALER-0081,507,08:27,94.0,102.6,109.6,103.7,98.5,104.4,101.4,97.6,98.1,102.8,96.0,92.7
SEALER-0081,508,08:28,94.0,102.5,109.7,103.8,98.4,103.2,102.3,97.5,97.4,103.1,97.0,92.3
SEALER-0081,509,08:29,93.0,102.1,110.1,102.7,98.4,104.9,101.0,98.4,98.0,103.0,96.6,92.9
SEALER-0081,510,08:30,94.4,102.4,110.3,103.2,99.4,103.2,102.1,97.7,97.9,105.5,97.6,92.2
SEALER-0081,511,08:31,93.6,102.3,111.3,103.6,98.7,103.6,102.8,98.3,97.9,104.1,97.9,92.4
SEALER-0081,512,08:32,94.5,103.6,110.3,103.5,99.0,104.7,102.7,98.4,98.1,104.4,97.1,92.1
SEALER-0081,513,08:33,92.9,102.2,110.9,104.2,99.2,104.0,102.0,99.3,98.7,103.1,96.5,93.2
SEALER-0081,514,08:34,94.1,102.5,110.6,103.1,99.6,104.5,102.4,98.1,98.2,103.0,97.1,92.8
SEALER-0081,515,08:35,94.0,103.5,110.9,103.4,99.0,103.9,102.3,98.1,98.5,104.0,97.2,93.8
SEALER-0081,516,08:36,94.5,103.3,110.7,104.3,99.3,105.1,102.7,98.2,98.3,104.0,98.2,93.7
SEALER-0081,517,08:37,94.1,103.5,110.8,103.9,100.4,105.6,103.6,100.0,98.2,104.3,97.5,93.2
SEALER-0081,518,08:38,95.0,103.4,111.2,104.4,100.4,104.7,103.6,99.2,99.7,104.3,97.3,93.5
SEALER-0081,519,08:39,94.9,103.2,110.5,105.3,100.4,105.3,103.8,99.5,98.6,104.6,98.3,94.0
SEALER-0081,520,08:40,95.2,103.3,111.3,103.9,100.7,105.6,103.2,99.2,98.9,104.6,97.6,93.6
SEALER-0081,521,08:41,94.1,103.0,111.3,104.7,100.0,105.5,103.1,99.3,99.0,103.6,98.5,94.2
SEALER-0081,522,08:42,94.7,104.6,112.2,104.7,100.1,105.4,103.3,99.8,99.0,104.8,98.5,93.4
SEALER-0081,523,08:43,94.6,104.2,111.8,104.1,100.8,104.6,103.8,99.6,99.0,104.3,99.0,93.2
SEALER-0081,524,08:44,94.4,104.4,112.3,105.1,100.4,106.2,104.6,100.3,97.7,106.2,99.3,94.0
SEALER-0081,525,08:45,94.5,103.6,111.4,104.7,100.4,107.1,103.5,99.9,99.2,104.9,97.7,93.8
SEALER-0081,526,08:46,94.6,104.9,111.8,105.2,101.0,106.5,104.5,99.8,99.0,106.1,99.1,94.2
SEALER-0081,527,08:47,96.3,105.0,113.2,104.9,100.5,106.2,104.1,99.7,99.4,105.5,99.0,94.4
SEALER-0081,528,08:48,94.5,104.6,112.1,105.2,101.9,107.2,104.4,99.8,99.2,105.5,99.3,95.2
SEALER-0081,529,08:49,95.8,104.3,112.2,106.2,101.4,106.7,104.0,100.8,99.6,105.4,99.6,94.7
SEALER-0081,530,08:50,94.7,104.8,112.7,105.2,100.4,107.2,104.3,100.4,100.0,105.3,98.0,94.3
SEALER-0081,531,08:51,95.5,105.3,112.2,105.7,101.2,106.8,104.6,101.5,99.7,105.4,99.2,94.3
SEALER-0081,532,08:52,95.7,105.2,112.1,106.0,102.6,107.5,104.1,99.6,100.1,106.0,99.3,95.2
SEALER-0081,533,08:53,96.4,105.2,113.5,106.5,101.5,107.0,105.6,99.8,100.7,106.3,99.2,94.8
SEALER-0081,534,08:54,96.4,104.8,112.8,106.3,101.0,107.2,104.8,100.7,100.6,105.9,99.0,95.7
SEALER-0081,535,08:55,95.9,105.6,113.4,106.3,102.7,107.3,105.2,100.9,100.6,106.4,99.2,94.4
SEALER-0081,536,08:56,96.2,105.4,114.0,105.3,101.8,107.1,104.0,100.2,100.3,107.2,99.7,94.9
SEALER-0081,537,08:57,96.6,105.1,113.1,105.7,102.5,107.3,105.2,101.6,99.9,106.0,99.4,94.4
SEALER-0081,538,08:58,95.8,106.1,113.2,106.4,101.8,107.1,105.0,100.5,100.2,105.9,100.2,95.7
SEALER-0081,539,08:59,96.8,104.8,113.5,106.0,102.0,107.4,105.4,101.4,101.0,106.3,100.1,94.9
SEALER-0081,540,09:00,97.5,105.3,111.9,105.7,102.0,107.2,105.1,100.9,99.8,106.8,98.7,93.9
SEALER-0081,541,09:01,96.3,105.6,113.1,106.1,102.0,108.0,105.9,100.3,100.5,106.9,100.7,95.0
SEALER-0081,542,09:02,97.0,104.6,113.8,107.0,102.5,107.8,105.1,102.1,100.8,106.5,99.7,94.4
SEALER-0081,543,09:03,96.4,105.4,113.9,107.3,103.9,108.2,105.2,102.3,100.9,107.1,100.5,95.2
SEALER-0081,544,09:04,97.0,105.9,114.1,107.0,102.2,107.7,105.3,102.5,101.2,107.6,99.9,96.0
SEALER-0081,545,09:05,96.7,106.2,113.6,106.4,102.1,108.0,105.8,101.8,101.6,106.7,100.5,95.3
SEALER-0081,546,09:06,97.5,106.4,113.2,106.9,102.2,108.4,105.8,102.0,101.3,106.3,100.4,95.9
SEALER-0081,547,09:07,97.1,107.0,114.0,106.9,103.5,108.2,106.6,101.9,101.0,107.2,100.8,95.7
SEALER-0081,548,09:08,97.2,106.6,113.2,106.1,103.0,107.8,106.5,101.6,100.8,108.3,100.1,95.6
SEALER-0081,549,09:09,97.3,106.5,113.9,107.9,103.1,108.4,107.1,101.9,101.1,107.0,100.8,95.7
SEALER-0081,550,09:10,98.2,106.1,115.0,108.1,104.2,109.1,106.6,101.8,100.9,107.5,101.7,96.2
SEALER-0081,551,09:11,97.3,107.3,114.4,107.6,103.4,108.9,106.6,102.8,101.5,107.8,101.0,96.0
SEALER-0081,552,09:12,97.1,106.3,114.9,107.4,104.9,109.2,107.1,103.1,101.1,107.9,101.6,96.0
SEALER-0081,553,09:13,97.1,106.8,115.2,108.0,104.9,109.2,107.1,102.2,102.8,107.5,100.8,96.9
SEALER-0081,554,09:14,97.5,107.4,114.6,108.4,104.1,108.4,105.6,102.6,102.0,107.0,101.6,96.5
SEALER-0081,555,09:15,98.3,107.3,115.0,106.7,103.7,108.8,106.8,103.9,102.5,108.7,101.9,96.3
SEALER-0081,556,09:16,99.4,106.4,115.1,107.9,104.4,109.0,108.0,103.4,101.5,108.2,101.3,97.1
SEALER-0081,557,09:17,98.1,107.0,115.8,107.9,104.1,109.6,106.7,103.1,101.1,108.4,101.7,96.8
SEALER-0081,558,09:18,97.9,107.4,114.3,107.9,104.7,110.2,107.1,103.4,101.9,108.9,101.5,98.1
SEALER-0081,559,09:19,98.0,107.2,114.5,108.6,104.7,109.7,107.5,103.6,101.4,107.5,102.0,97.6
SEALER-0081,560,09:20,98.1,107.4,115.3,107.5,103.7,109.5,107.0,103.3,102.3,108.4,100.7,97.6
SEALER-0081,561,09:21,98.3,106.4,115.7,108.3,104.4,110.1,107.8,103.1,102.3,108.3,101.9,98.2
SEALER-0081,562,09:22,99.3,107.9,115.0,108.9,105.0,109.9,108.7,104.0,102.1,108.3,101.8,97.9
SEALER-0081,563,09:23,98.4,107.6,116.1,108.6,104.3,110.9,107.3,103.5,102.9,109.3,101.5,96.6
SEALER-0081,564,09:24,98.8,107.7,115.1,108.7,104.3,111.0,107.8,104.0,103.2,107.8,102.3,97.8
SEALER-0081,565,09:25,98.7,108.3,115.1,108.5,104.4,109.9,107.8,103.7,101.8,108.6,103.0,97.6
SEALER-0081,566,09:26,97.9,107.3,115.6,108.4,103.9,111.2,107.9,104.8,103.4,108.9,102.4,98.5
SEALER-0081,567,09:27,98.9,108.4,115.5,108.5,104.9,110.6,107.5,104.7,103.6,108.8,102.0,97.2
SEALER-0081,568,09:28,98.8,108.0,115.7,108.1,104.9,110.6,109.1,104.1,101.9,108.6,102.4,98.6
SEALER-0081,569,09:29,98.2,109.2,115.4,109.0,104.8,111.8,107.9,104.7,104.0,109.3,102.6,98.1
SEALER-0081,570,09:30,98.8,108.3,115.9,108.4,104.5,110.1,107.9,103.7,103.2,108.9,102.3,97.8
SEALER-0081,571,09:31,98.6,107.4,115.7,108.7,105.8,110.7,108.2,103.6,102.9,109.1,102.6,98.4
SEALER-0081,572,09:32,98.9,109.5,116.9,108.5,103.6,111.5,108.2,103.9,102.8,109.6,102.4,98.9
SEALER-0081,573,09:33,98.7,108.4,114.8,108.9,106.6,110.8,108.2,104.2,102.9,109.4,101.9,98.3
SEALER-0081,574,09:34,99.7,108.7,116.6,109.5,105.2,111.0,109.3,104.6,103.0,109.4,102.3,97.4
SEALER-0081,575,09:35,100.9,108.4,117.4,109.5,105.4,111.4,108.7,104.5,103.6,109.8,102.7,98.9
SEALER-0081,576,09:36,99.7,108.5,116.3,109.4,105.7,111.5,109.2,104.5,103.7,109.2,103.4,98.9
SEALER-0081,577,09:37,100.3,109.9,115.9,109.3,106.9,112.4,109.1,105.2,102.8,110.3,103.5,99.0
SEALER-0081,578,09:38,100.5,108.7,116.7,109.5,105.6,111.8,109.4,104.9,104.7,109.0,103.1,97.9
SEALER-0081,579,09:39,100.9,109.2,117.7,110.0,106.3,111.9,109.4,105.1,104.3,109.9,103.6,98.9
SEALER-0081,580,09:40,99.9,108.1,117.1,111.0,104.7,111.6,109.1,105.0,103.8,110.3,103.0,98.3
SEALER-0081,581,09:41,99.3,109.2,117.3,109.2,105.9,112.4,109.9,104.6,104.1,109.7,103.0,98.4
SEALER-0081,582,09:42,100.5,108.8,117.3,109.4,107.1,112.0,110.3,105.7,103.9,110.5,102.2,99.2
SEALER-0081,583,09:43,100.6,109.1,117.3,110.8,106.4,112.0,109.8,104.7,103.8,110.6,102.8,98.9
SEALER-0081,584,09:44,99.8,108.9,117.4,108.8,106.9,112.4,110.0,105.4,104.0,110.4,103.9,99.5
SEALER-0081,585,09:45,99.9,108.8,117.7,109.8,106.2,112.3,109.9,106.0,104.3,110.4,104.1,99.3
SEALER-0081,586,09:46,101.0,110.0,117.7,109.7,106.7,112.5,110.8,104.9,104.3,111.0,104.3,99.8
SEALER-0081,587,09:47,100.4,109.5,117.7,110.1,106.3,113.4,109.6,104.8,104.1,110.9,103.8,99.3
SEALER-0081,588,09:48,100.3,109.5,117.8,110.1,107.2,112.7,109.2,105.7,104.4,109.2,103.8,98.8
SEALER-0081,589,09:49,100.7,109.7,118.5,110.9,106.4,112.8,111.0,105.2,104.4,110.6,104.0,100.1
SEALER-0081,590,09:50,100.7,109.0,117.6,110.5,106.6,112.7,110.4,106.3,104.9,109.9,103.6,100.0
SEALER-0081,591,09:51,100.9,109.0,118.2,111.1,107.2,112.3,111.1,105.3,104.3,110.8,104.5,99.5
SEALER-0081,592,09:52,101.3,109.2,118.1,110.4,107.4,113.0,110.1,107.8,105.1,111.1,105.0,99.6
SEALER-0081,593,09:53,99.8,110.0,118.4,111.0,107.2,113.8,110.0,106.5,105.0,110.5,104.6,100.3
SEALER-0081,594,09:54,101.1,110.0,118.8,110.7,107.1,113.7,111.1,106.0,104.6,110.8,104.8,99.7
SEALER-0081,595,09:55,100.4,109.8,117.2,111.6,106.6,112.5,110.5,106.4,104.7,111.0,104.5,99.7
SEALER-0081,596,09:56,101.0,111.1,118.3,110.6,107.1,114.1,110.2,106.8,104.3,111.4,105.0,100.2
SEALER-0081,597,09:57,100.9,110.6,118.9,111.3,107.3,113.8,111.4,106.4,104.9,110.5,104.6,101.0
SEALER-0081,598,09:58,100.8,111.0,119.0,112.5,107.9,113.6,112.3,106.2,105.4,111.3,104.6,100.2
SEALER-0081,599,09:59,101.6,110.6,118.8,111.3,107.2,112.7,111.5,106.6,104.9,111.9,105.1,100.5
SEALER-0081,600,10:00,102.1,110.5,118.4,111.3,107.4,114.1,111.8,106.8,105.3,111.8,105.2,100.9
SEALER-0081,601,10:01,102.7,110.9,118.6,110.9,109.2,114.3,111.5,106.6,105.9,110.7,105.5,99.7
SEALER-0081,602,10:02,102.2,111.3,119.8,111.1,107.9,114.0,111.0,107.4,106.4,111.1,105.1,100.5
SEALER-0081,603,10:03,100.8,110.8,119.3,111.5,108.2,113.4,111.7,106.8,105.1,112.0,104.9,100.9
SEALER-0081,604,10:04,101.6,110.6,118.2,112.4,108.8,113.9,112.1,107.2,105.4,112.5,105.2,101.7
SEALER-0081,605,10:05,101.7,111.0,119.9,111.8,108.6,113.8,110.8,108.2,105.7,111.3,104.9,101.0
SEALER-0081,606,10:06,102.5,110.8,119.9,112.0,108.3,115.7,111.4,107.5,105.9,111.4,105.1,100.5
SEALER-0081,607,10:07,101.7,111.8,119.5,111.6,108.6,113.3,112.0,107.6,105.3,112.3,105.6,100.3
SEALER-0081,608,10:08,101.7,111.1,119.6,111.3,108.3,115.1,111.4,106.8,104.7,112.7,106.0,100.9
SEALER-0081,609,10:09,102.6,111.5,118.5,112.5,108.7,114.9,112.6,107.1,105.5,112.2,105.7,101.2
SEALER-0081,610,10:10,101.4,111.8,119.7,112.0,108.1,114.7,112.9,107.3,106.6,111.9,105.6,101.3
SEALER-0081,611,10:11,102.1,110.4,119.7,112.8,109.0,114.8,111.7,107.3,106.3,112.6,105.8,101.6
SEALER-0081,612,10:12,102.3,111.6,119.3,112.6,109.3,114.9,110.8,107.8,106.3,112.8,104.9,101.0
SEALER-0081,613,10:13,102.3,111.6,119.5,112.1,109.6,114.6,112.0,107.6,106.6,112.3,105.6,100.4
SEALER-0081,614,10:14,102.6,111.1,119.2,113.1,109.3,114.2,112.0,107.2,106.2,112.4,105.0,101.3
SEALER-0081,615,10:15,103.5,111.0,119.4,112.3,109.5,114.7,113.0,109.1,106.8,112.8,105.8,101.5
SEALER-0081,616,10:16,103.0,112.7,119.9,113.0,109.2,115.5,113.2,107.8,105.8,112.9,106.0,101.3
SEALER-0081,617,10:17,102.7,111.6,120.1,112.4,109.0,115.0,112.8,108.8,106.8,112.6,106.1,102.1
SEALER-0081,618,10:18,102.6,111.7,119.1,112.7,109.2,115.7,113.5,108.1,106.6,113.0,106.1,101.4
SEALER-0081,619,10:19,103.2,111.6,119.9,112.3,109.3,115.6,112.9,107.2,105.7,112.5,104.9,101.9
SEALER-0081,620,10:20,103.1,112.0,120.3,112.3,109.8,115.4,113.0,108.1,106.9,114.3,106.5,101.5
SEALER-0081,621,10:21,104.0,112.0,121.0,112.9,108.9,115.6,112.5,108.5,106.8,112.8,106.5,102.5
SEALER-0081,622,10:22,103.3,112.1,120.7,113.3,109.3,115.5,113.3,107.7,107.7,113.2,106.0,102.3
SEALER-0081,623,10:23,103.5,112.2,121.1,114.3,109.1,115.7,114.1,108.9,106.7,112.9,107.1,102.0
SEALER-0081,624,10:24,103.6,112.3,120.8,112.0,109.3,115.1,113.1,108.9,107.4,114.0,106.8,101.8
SEALER-0081,625,10:25,103.8,112.4,120.9,112.9,110.4,115.1,114.0,109.0,107.0,112.7,106.8,102.7
SEALER-0081,626,10:26,102.9,113.0,120.1,113.9,110.4,117.1,113.8,108.4,106.9,112.9,106.3,101.8
SEALER-0081,627,10:27,103.6,112.6,120.7,113.1,109.6,115.8,113.0,108.6,108.6,114.0,106.1,102.2
SEALER-0081,628,10:28,104.1,112.2,121.1,114.1,110.2,116.4,114.1,109.5,107.2,113.4,106.9,101.9
SEALER-0081,629,10:29,103.2,111.9,121.1,112.8,109.8,116.0,113.6,108.2,107.0,113.6,106.4,102.1
SEALER-0081,630,10:30,103.4,112.9,120.9,113.8,109.8,115.4,114.8,109.3,107.6,113.2,107.3,102.2
SEALER-0081,631,10:31,103.2,112.6,121.5,114.3,109.8,116.4,113.6,109.4,107.4,112.5,107.7,102.2
SEALER-0081,632,10:32,103.8,113.8,120.3,113.7,111.5,116.9,113.3,108.7,106.9,114.1,107.4,101.8
SEALER-0081,633,10:33,103.1,111.8,121.3,112.9,110.2,116.3,113.7,109.3,107.7,114.3,107.7,102.5
SEALER-0081,634,10:34,103.4,113.0,121.5,113.7,110.7,117.1,114.3,108.8,107.7,113.6,106.8,102.5
SEALER-0081,635,10:35,104.1,113.7,120.6,114.6,109.9,116.3,114.4,109.4,108.3,113.9,107.2,103.6
SEALER-0081,636,10:36,104.8,113.2,121.6,113.8,110.9,116.1,114.4,108.4,108.3,114.4,107.3,103.7
SEALER-0081,637,10:37,103.9,113.1,121.7,114.2,111.1,116.7,114.2,109.8,107.4,113.3,107.6,102.3
SEALER-0081,638,10:38,104.4,113.5,121.5,114.5,111.5,117.1,114.6,109.6,108.4,114.2,107.3,102.7
SEALER-0081,639,10:39,104.2,114.3,121.8,115.2,110.3,117.3,114.9,108.6,107.1,114.9,107.6,103.0
SEALER-0081,640,10:40,104.7,112.5,121.2,114.1,111.2,116.9,114.7,109.8,108.8,114.0,107.8,103.0
SEALER-0081,641,10:41,104.6,113.5,122.4,114.6,110.6,117.3,115.2,110.5,107.8,114.7,107.6,102.7
SEALER-0081,642,10:42,104.6,114.6,122.2,114.0,111.6,116.8,114.5,109.8,108.6,114.8,107.4,104.2
SEALER-0081,643,10:43,104.8,114.4,121.3,113.6,111.5,117.3,114.9,110.3,108.2,114.6,107.5,102.9
SEALER-0081,644,10:44,104.7,113.8,121.6,114.6,111.0,117.8,115.6,110.5,108.2,115.1,108.4,103.2
SEALER-0081,645,10:45,104.3,113.2,122.2,115.0,111.9,116.7,115.2,109.8,108.3,114.4,108.5,102.7
SEALER-0081,646,10:46,105.0,113.6,122.4,114.5,111.5,116.7,115.7,110.1,107.8,114.3,108.4,102.6
SEALER-0081,647,10:47,104.0,114.7,122.0,114.7,111.3,117.9,115.2,110.9,108.5,115.6,107.9,104.2
SEALER-0081,648,10:48,104.5,114.2,121.9,114.8,110.3,118.2,115.9,111.2,109.3,115.1,107.9,102.6
SEALER-0081,649,10:49,104.7,114.2,121.9,114.3,112.2,118.3,115.1,110.5,108.1,114.6,108.7,102.9
SEALER-0081,650,10:50,104.9,114.7,121.5,115.3,111.8,118.8,115.5,110.7,109.1,114.8,108.4,103.4
SEALER-0081,651,10:51,104.4,114.2,122.9,115.3,112.1,116.8,114.9,110.6,108.6,115.1,108.2,103.4
SEALER-0081,652,10:52,105.0,114.5,123.0,115.0,112.5,118.3,115.5,110.3,108.7,114.8,107.4,104.2
SEALER-0081,653,10:53,105.1,114.9,122.6,114.5,112.8,118.5,116.2,111.6,109.3,115.1,109.1,104.1
SEALER-0081,654,10:54,104.7,114.1,122.6,115.1,112.2,117.7,116.3,110.8,108.4,116.3,108.4,105.0
SEALER-0081,655,10:55,105.8,114.7,123.3,115.2,112.4,118.4,115.5,111.0,108.9,114.9,108.8,103.7
SEALER-0081,656,10:56,105.5,114.7,122.9,114.8,111.8,118.0,115.6,111.2,109.1,115.4,108.9,104.4
SEALER-0081,657,10:57,104.7,114.5,123.2,116.4,112.6,118.9,115.6,110.9,108.9,115.8,108.7,104.3
SEALER-0081,658,10:58,105.1,114.5,122.7,115.1,112.0,118.9,116.3,111.1,109.0,115.7,108.6,104.4
SEALER-0081,659,10:59,105.8,115.1,122.7,115.1,112.3,117.7,115.8,110.3,110.3,115.1,109.1,105.0
SEALER-0081,660,11:00,105.5,115.2,123.3,116.1,112.8,118.7,116.5,110.9,108.4,115.7,108.6,104.4
SEALER-0081,661,11:01,105.7,114.8,123.0,115.5,112.9,119.6,117.1,110.5,109.6,116.5,109.0,104.6
SEALER-0081,662,11:02,104.8,114.4,123.0,115.0,112.9,118.8,116.9,111.3,109.6,115.4,109.1,104.0
SEALER-0081,663,11:03,106.2,113.9,123.1,116.3,113.0,119.5,115.8,111.8,109.4,115.9,109.3,104.4
SEALER-0081,664,11:04,105.7,115.9,123.5,116.3,113.0,119.3,116.7,111.4,109.5,116.1,109.7,105.2
SEALER-0081,665,11:05,106.1,115.4,122.8,116.5,112.9,119.2,116.5,111.8,110.3,115.5,108.7,105.6
SEALER-0081,666,11:06,106.5,114.7,123.8,115.6,112.8,118.7,116.7,110.9,109.7,116.0,109.9,104.8
SEALER-0081,667,11:07,105.8,115.4,123.2,115.7,113.4,119.5,116.2,112.1,109.5,116.2,109.5,105.0
SEALER-0081,668,11:08,106.5,114.7,123.9,116.4,112.6,118.9,116.6,111.7,109.9,116.0,109.6,105.3
SEALER-0081,669,11:09,105.9,116.6,123.7,115.7,113.4,119.5,116.8,111.8,109.7,115.9,109.6,104.9
SEALER-0081,670,11:10,105.8,115.5,123.7,116.5,113.3,119.1,116.5,112.2,110.7,116.5,109.4,104.7
SEALER-0081,671,11:11,106.4,116.3,124.3,117.1,113.2,119.8,117.0,112.1,110.6,116.4,109.6,105.2
SEALER-0081,672,11:12,106.1,116.7,124.3,116.4,113.8,119.4,116.8,111.9,109.7,115.9,109.9,104.6
SEALER-0081,673,11:13,106.7,115.9,124.6,117.1,113.1,119.8,116.5,111.6,109.4,116.5,111.1,105.7
SEALER-0081,674,11:14,107.0,116.1,124.3,118.0,113.2,119.3,116.8,112.1,109.2,117.6,110.0,106.3
SEALER-0081,675,11:15,106.3,115.9,123.6,117.1,113.7,118.9,118.0,111.7,109.8,116.6,109.3,105.7
SEALER-0081,676,11:16,106.7,116.2,124.9,118.2,113.3,119.7,117.5,111.8,110.2,116.3,110.7,106.6
SEALER-0081,677,11:17,106.7,115.4,123.8,116.6,113.8,120.0,117.4,112.8,111.0,116.6,110.0,104.6
SEALER-0081,678,11:18,106.6,115.2,125.0,116.7,113.8,119.7,117.5,112.1,110.0,115.8,111.3,106.0
SEALER-0081,679,11:19,106.6,116.1,124.7,116.4,115.1,119.5,118.2,113.0,110.0,117.3,109.5,106.1
SEALER-0081,680,11:20,106.6,115.9,124.6,116.9,113.8,121.0,117.3,112.8,110.4,116.6,110.5,106.6
SEALER-0081,681,11:21,107.0,116.7,125.4,117.5,113.4,121.3,118.0,113.2,111.2,117.6,110.8,106.1
SEALER-0081,682,11:22,106.4,116.8,124.4,116.8,113.6,121.0,118.5,112.7,110.4,117.2,110.2,105.7
SEALER-0081,683,11:23,106.5,116.4,125.1,117.0,114.2,119.4,117.7,112.3,111.6,116.6,110.9,106.8
SEALER-0081,684,11:24,107.5,117.1,124.7,118.1,114.4,119.8,117.8,112.6,110.3,117.0,110.2,106.3
SEALER-0081,685,11:25,107.1,116.2,123.7,118.0,115.0,120.1,117.6,112.4,110.8,117.4,110.8,105.9
SEALER-0081,686,11:26,107.8,115.8,125.3,117.0,114.6,120.3,117.8,112.7,111.2,117.6,110.5,106.7
SEALER-0081,687,11:27,107.5,116.8,125.0,117.6,114.1,120.8,118.7,113.6,111.1,117.8,111.2,106.7
SEALER-0081,688,11:28,107.7,117.4,124.5,117.8,113.0,120.9,118.2,112.6,111.5,116.9,110.8,106.1
SEALER-0081,689,11:29,108.5,117.9,125.7,117.4,114.8,121.2,117.7,114.0,111.6,116.5,110.3,106.6
SEALER-0081,690,11:30,107.3,116.1,124.9,117.4,114.5,120.9,118.5,113.3,111.4,118.3,110.0,105.7
SEALER-0081,691,11:31,108.1,117.1,124.7,117.2,114.8,120.2,117.8,113.4,112.3,117.5,111.5,106.4
SEALER-0081,692,11:32,107.5,116.6,125.0,117.9,114.8,120.9,118.4,113.2,112.0,117.6,110.7,106.6
SEALER-0081,693,11:33,107.7,118.1,125.4,116.8,114.9,120.9,118.2,113.5,111.0,117.7,111.4,106.8
SEALER-0081,694,11:34,107.5,117.4,126.6,118.0,115.3,120.8,118.5,114.0,111.9,117.1,111.3,106.4
SEALER-0081,695,11:35,107.4,117.2,126.2,118.4,116.2,120.8,119.1,114.0,112.2,118.1,110.8,107.1
SEALER-0081,696,11:36,107.3,116.2,126.0,118.7,115.8,120.7,118.3,113.5,111.7,118.1,111.1,107.4
SEALER-0081,697,11:37,108.1,117.9,126.5,118.3,114.5,121.7,119.7,114.2,112.1,118.3,111.7,107.9
SEALER-0081,698,11:38,107.1,117.0,125.3,118.5,115.5,120.9,118.1,113.7,112.0,117.8,111.3,107.0
SEALER-0081,699,11:39,107.1,117.9,126.5,118.3,115.2,121.1,118.7,113.5,111.1,117.7,110.8,106.5
SEALER-0081,700,11:40,107.5,117.9,125.8,118.5,115.5,121.9,119.7,113.4,112.0,117.7,110.7,106.2
SEALER-0081,701,11:41,108.9,117.5,125.6,118.1,114.9,122.0,119.3,113.8,112.1,119.2,111.5,107.5
SEALER-0081,702,11:42,108.8,117.1,126.1,118.2,116.1,122.0,119.3,115.4,111.4,119.0,112.1,107.4
SEALER-0081,703,11:43,108.6,118.2,125.9,119.0,115.2,122.0,119.1,115.0,111.0,117.8,112.0,107.8
SEALER-0081,704,11:44,108.7,118.2,126.5,119.5,115.8,122.4,119.0,114.4,112.5,118.7,111.5,107.2
SEALER-0081,705,11:45,108.8,117.7,126.2,119.3,116.2,122.2,119.2,114.0,112.8,118.6,110.6,107.1
SEALER-0081,706,11:46,107.9,118.0,126.1,119.2,114.9,121.6,119.1,114.4,112.3,119.5,111.3,107.9
SEALER-0081,707,11:47,109.1,117.6,126.5,118.0,115.6,122.4,119.1,115.0,112.2,118.8,111.1,107.2
SEALER-0081,708,11:48,109.1,118.1,126.5,118.3,115.8,123.2,119.0,115.4,111.5,119.0,111.2,107.6
SEALER-0081,709,11:49,108.5,118.1,125.9,119.0,116.5,122.5,119.7,114.8,113.1,118.7,112.0,108.0
SEALER-0081,710,11:50,107.9,118.2,126.4,119.6,116.4,121.5,119.3,115.0,113.8,119.0,112.1,107.3
SEALER-0081,711,11:51,108.9,118.2,126.2,119.2,116.0,122.0,120.3,114.9,112.6,118.3,112.3,107.8
SEALER-0081,712,11:52,108.4,118.5,126.7,119.3,116.0,122.7,120.0,115.4,112.5,119.6,112.2,107.0
SEALER-0081,713,11:53,109.6,117.9,126.7,120.0,116.4,122.0,119.9,114.9,112.9,119.7,111.6,108.9
SEALER-0081,714,11:54,108.5,118.5,126.7,119.1,116.5,122.2,120.5,114.6,112.6,119.4,112.0,107.7
SEALER-0081,715,11:55,110.4,118.6,128.2,120.0,115.8,123.0,120.1,114.5,112.7,119.3,111.9,107.8
SEALER-0081,716,11:56,108.6,117.8,127.6,119.3,115.6,122.3,120.7,115.2,112.5,120.1,111.9,108.1
SEALER-0081,717,11:57,108.6,118.7,126.7,118.8,116.4,122.9,120.1,115.0,113.3,119.1,111.9,108.5
SEALER-0081,718,11:58,109.4,119.6,127.0,119.4,116.6,122.7,120.2,115.4,112.3,119.0,111.6,108.4
SEALER-0081,719,11:59,109.7,119.1,126.5,120.7,117.2,123.9,120.6,115.7,113.4,119.7,112.6,109.4
SEALER-0081,720,12:00,108.2,118.8,127.5,119.0,116.7,122.6,120.0,114.2,112.8,120.0,112.7,107.9
SEALER-0081,721,12:01,109.7,118.4,127.4,119.3,116.0,123.0,120.3,115.5,113.7,119.6,113.5,108.8
SEALER-0081,722,12:02,110.4,119.1,127.9,119.8,116.5,122.9,120.1,116.0,113.7,118.9,111.7,108.7
SEALER-0081,723,12:03,109.6,120.7,128.5,120.7,116.5,123.6,120.5,114.1,113.0,119.6,113.2,108.3
SEALER-0081,724,12:04,109.2,119.1,126.3,119.8,116.4,123.1,120.2,115.9,114.0,120.4,113.2,108.8
SEALER-0081,725,12:05,109.0,119.6,127.1,120.7,116.4,122.2,120.2,116.5,113.2,119.7,112.1,108.1
SEALER-0081,726,12:06,108.6,118.2,127.2,120.3,116.7,123.6,121.0,116.4,113.5,119.7,113.0,109.1
SEALER-0081,727,12:07,109.2,119.3,127.4,120.6,116.8,122.6,120.5,115.4,113.1,119.9,113.7,108.1
SEALER-0081,728,12:08,108.9,118.8,126.9,119.3,117.0,123.0,120.2,115.4,114.7,119.4,113.3,109.3
SEALER-0081,729,12:09,109.3,119.7,128.3,120.3,116.7,123.4,120.7,115.5,113.8,119.3,112.9,108.3
SEALER-0081,730,12:10,109.2,119.2,127.8,119.8,117.0,123.4,120.9,117.0,113.8,119.6,112.5,108.9
SEALER-0081,731,12:11,110.9,119.8,128.8,119.7,117.5,123.6,121.2,116.5,114.6,120.5,112.9,108.4
SEALER-0081,732,12:12,110.0,119.4,128.7,120.4,117.7,124.3,121.8,115.7,113.2,119.5,113.3,108.6
SEALER-0081,733,12:13,110.1,118.9,128.0,120.9,116.2,124.8,120.8,116.9,114.8,121.0,113.5,109.1
SEALER-0081,734,12:14,109.6,119.4,128.3,120.3,116.7,123.6,121.3,116.3,113.0,120.5,113.1,109.0
SEALER-0081,735,12:15,110.8,120.5,127.9,120.9,117.7,124.7,120.4,115.8,113.9,120.4,113.8,109.6
SEALER-0081,736,12:16,110.2,119.8,128.4,121.2,117.5,125.1,121.1,116.9,113.9,120.8,114.0,109.6
SEALER-0081,737,12:17,109.8,119.8,127.3,119.8,117.5,123.6,121.8,116.1,113.5,120.6,114.0,109.8
SEALER-0081,738,12:18,110.6,119.4,128.3,121.6,118.2,124.0,120.0,115.6,114.5,121.4,113.5,110.1
SEALER-0081,739,12:19,110.6,119.6,128.3,122.2,117.6,124.8,122.0,117.1,113.8,120.1,114.6,109.7
SEALER-0081,740,12:20,111.0,120.5,128.7,120.6,118.6,124.1,120.9,117.1,113.7,121.8,114.4,108.7
SEALER-0081,741,12:21,110.7,120.7,127.8,120.3,118.6,124.3,121.1,117.5,113.9,120.7,113.1,109.8
SEALER-0081,742,12:22,109.2,120.0,128.4,121.4,118.3,124.3,122.2,117.5,114.6,120.6,112.5,109.3
SEALER-0081,743,12:23,110.9,120.4,129.0,120.7,118.3,123.7,121.1,116.7,114.6,122.3,113.7,109.6
SEALER-0081,744,12:24,110.8,120.3,128.7,121.3,118.7,124.6,121.6,117.4,115.1,120.7,114.3,109.8
SEALER-0081,745,12:25,110.7,119.9,128.8,121.2,117.8,124.8,122.0,117.1,114.8,121.1,114.4,110.1
SEALER-0081,746,12:26,110.6,119.9,128.5,120.1,118.0,124.4,122.7,116.8,114.5,121.0,114.3,110.4
SEALER-0081,747,12:27,111.0,120.7,128.7,121.0,118.0,124.0,122.2,116.9,115.0,120.4,114.5,109.9
SEALER-0081,748,12:28,111.1,120.3,127.7,122.0,118.1,125.7,121.7,117.7,115.8,121.2,114.6,110.0
SEALER-0081,749,12:29,110.8,120.2,129.3,121.7,118.3,125.3,121.6,117.2,115.3,122.3,114.1,110.5
SEALER-0081,750,12:30,110.4,121.0,129.4,122.6,118.5,125.5,122.7,116.9,114.5,120.9,114.3,109.5
SEALER-0081,751,12:31,110.7,120.9,129.1,121.0,118.8,125.4,121.9,116.5,115.5,121.5,113.7,110.4
SEALER-0081,752,12:32,111.1,120.5,129.4,121.3,118.6,124.7,122.3,117.9,115.5,121.2,114.5,110.1
SEALER-0081,753,12:33,111.4,121.3,130.0,122.3,119.7,124.8,123.1,117.5,115.4,121.5,114.0,110.6
SEALER-0081,754,12:34,111.5,120.3,129.6,122.2,118.2,125.0,122.8,117.1,114.4,120.9,115.3,110.2
SEALER-0081,755,12:35,111.4,121.1,129.9,121.9,118.2,125.8,122.4,116.7,115.1,121.3,114.2,110.2
SEALER-0081,756,12:36,110.8,120.4,129.2,122.2,118.5,125.7,122.5,117.4,115.8,121.3,114.1,110.5
SEALER-0081,757,12:37,111.8,120.9,129.3,122.3,118.3,124.9,122.9,117.0,114.9,121.3,114.6,110.7
SEALER-0081,758,12:38,111.5,121.3,130.1,122.9,119.0,125.3,123.2,117.5,115.0,122.2,114.7,110.4
SEALER-0081,759,12:39,111.6,121.6,129.5,121.7,118.3,127.2,122.8,117.5,114.6,122.2,114.8,109.8
SEALER-0081,760,12:40,111.1,121.5,129.4,122.1,119.7,125.1,122.6,118.5,115.0,121.2,114.1,110.7
SEALER-0081,761,12:41,112.1,121.7,130.3,121.9,119.6,126.4,122.0,117.1,115.5,122.0,114.6,109.8
SEALER-0081,762,12:42,112.3,121.3,129.6,122.4,119.3,125.9,123.4,117.6,115.3,121.8,114.5,111.2
SEALER-0081,763,12:43,111.5,121.3,130.3,122.8,119.5,125.6,122.6,118.3,115.6,122.5,115.8,110.5
SEALER-0081,764,12:44,111.7,122.3,129.1,122.1,118.7,125.4,122.9,118.0,115.7,122.4,115.0,110.6
SEALER-0081,765,12:45,112.0,122.0,130.5,122.5,118.8,125.4,122.6,117.1,116.0,122.7,114.3,111.5
SEALER-0081,766,12:46,111.7,121.3,131.2,122.0,118.7,126.8,124.4,117.4,114.4,123.1,115.2,111.6
SEALER-0081,767,12:47,112.1,121.8,130.9,123.3,119.3,126.6,124.1,118.2,115.4,121.6,115.5,111.3
SEALER-0081,768,12:48,113.2,122.6,130.9,122.0,119.0,125.9,123.4,119.6,115.4,122.2,114.9,110.5
SEALER-0081,769,12:49,111.7,121.5,131.1,122.5,119.5,126.0,121.6,118.8,115.9,122.5,114.5,110.4
SEALER-0081,770,12:50,112.0,121.8,131.1,122.2,119.7,126.6,123.0,118.5,116.4,122.0,115.0,110.9
SEALER-0081,771,12:51,111.7,121.7,130.0,122.5,119.8,127.1,123.6,118.4,116.1,122.6,115.6,110.9
SEALER-0081,772,12:52,112.4,122.7,130.2,122.1,120.2,126.3,124.4,119.1,116.5,122.1,115.6,111.7
SEALER-0081,773,12:53,113.1,122.2,130.4,123.5,119.7,126.2,124.1,119.0,115.8,123.4,115.0,111.3
SEALER-0081,774,12:54,113.3,120.7,129.7,123.3,120.6,126.1,124.1,118.3,116.6,122.3,115.9,111.2
SEALER-0081,775,12:55,112.1,121.6,129.9,123.3,119.4,125.4,123.4,118.4,116.8,123.0,115.3,111.2
SEALER-0081,776,12:56,113.4,122.4,130.3,121.8,119.9,127.1,124.2,118.6,116.1,123.0,116.1,111.3
SEALER-0081,777,12:57,112.5,122.3,130.1,122.7,120.9,126.0,123.7,119.2,115.7,123.2,116.4,111.9
SEALER-0081,778,12:58,112.1,122.7,130.9,122.7,120.2,126.1,124.0,119.6,117.5,123.5,115.9,112.0
SEALER-0081,779,12:59,113.0,121.8,130.8,123.7,120.6,126.7,124.0,118.6,117.7,123.2,116.6,111.9
SEALER-0081,780,13:00,113.0,123.2,131.0,123.0,120.1,127.1,123.9,118.9,117.1,123.9,115.5,111.8
SEALER-0081,781,13:01,113.2,122.3,130.9,123.1,119.7,127.0,124.3,119.1,117.1,122.4,116.2,112.1
SEALER-0081,782,13:02,112.3,121.5,131.8,123.5,119.9,126.5,124.2,120.0,116.0,122.4,116.1,111.2
SEALER-0081,783,13:03,111.8,122.3,130.7,123.9,120.0,126.8,124.0,119.0,116.6,122.9,116.2,112.3
SEALER-0081,784,13:04,113.2,122.8,130.5,123.4,121.1,127.6,123.6,118.6,116.7,123.9,115.5,111.7
SEALER-0081,785,13:05,112.7,123.2,131.2,124.1,120.9,126.6,124.4,119.7,117.3,123.9,115.4,111.8
SEALER-0081,786,13:06,111.8,122.5,131.2,124.4,120.5,127.2,123.7,119.3,116.3,124.4,116.5,112.7
SEALER-0081,787,13:07,113.0,122.8,131.2,123.4,121.4,126.7,124.6,118.7,116.0,124.0,116.1,112.4
SEALER-0081,788,13:08,113.7,122.8,131.4,123.9,121.0,128.2,124.3,119.6,117.6,123.4,116.8,112.3
SEALER-0081,789,13:09,112.3,122.7,131.3,124.7,119.7,126.6,124.5,119.0,116.7,124.2,116.6,112.0
SEALER-0081,790,13:10,113.2,122.8,131.1,123.7,120.7,127.4,124.9,119.4,116.6,123.4,116.7,111.6
SEALER-0081,791,13:11,112.8,123.0,131.1,124.5,121.3,128.0,124.3,119.1,117.8,123.8,116.4,112.1
SEALER-0081,792,13:12,113.3,122.6,131.5,124.4,121.0,128.1,124.2,119.8,117.3,124.0,116.2,112.8
SEALER-0081,793,13:13,113.1,122.7,130.7,124.2,121.5,127.4,124.8,119.5,116.4,123.6,116.3,112.3
SEALER-0081,794,13:14,113.2,122.6,131.2,124.1,120.7,128.1,125.5,119.8,116.4,123.9,116.9,112.7
SEALER-0081,795,13:15,114.2,123.1,131.6,124.0,121.2,128.1,124.9,120.1,116.9,124.9,117.2,112.6
SEALER-0081,796,13:16,113.6,124.1,132.4,124.0,121.4,128.3,124.1,120.2,117.6,125.1,115.3,111.7
SEALER-0081,797,13:17,113.5,123.2,131.7,123.8,121.5,127.9,125.6,120.3,117.9,123.7,117.4,112.7
SEALER-0081,798,13:18,114.3,123.3,131.9,125.4,121.8,127.8,125.6,119.8,116.9,123.9,116.5,112.7
SEALER-0081,799,13:19,113.6,124.0,131.9,124.2,121.5,128.5,125.7,121.1,118.3,123.4,116.5,113.1
SEALER-0081,800,13:20,113.3,123.7,132.7,124.2,121.2,128.9,124.7,119.6,117.9,123.4,117.6,113.0
SEALER-0081,801,13:21,113.4,124.0,132.3,124.0,121.2,128.4,125.7,119.9,117.7,124.2,116.5,113.0
SEALER-0081,802,13:22,112.9,123.1,132.2,124.0,122.1,129.2,126.1,120.2,117.1,124.6,117.6,113.1
SEALER-0081,803,13:23,114.0,123.6,133.3,123.7,121.5,128.4,125.6,120.1,118.0,124.9,117.3,113.0
SEALER-0081,804,13:24,114.4,124.2,131.8,124.6,122.1,128.9,127.3,120.8,118.3,124.0,116.7,112.6
SEALER-0081,805,13:25,113.2,123.4,132.7,124.1,121.6,128.0,125.9,119.3,116.6,123.8,117.1,113.9
SEALER-0081,806,13:26,114.3,123.5,132.8,124.8,122.0,128.3,126.3,120.7,118.2,124.2,117.8,112.8
SEALER-0081,807,13:27,114.6,123.9,132.0,124.8,122.6,129.0,125.9,120.2,117.7,124.4,117.2,113.4
SEALER-0081,808,13:28,114.5,125.2,133.3,124.7,121.8,129.0,125.6,121.0,118.3,124.8,116.9,113.1
SEALER-0081,809,13:29,113.9,123.8,133.4,124.8,122.2,129.1,126.2,121.5,118.0,124.2,117.4,113.2
SEALER-0081,810,13:30,114.5,124.4,133.4,125.2,122.3,129.1,125.0,121.2,118.2,124.4,117.5,113.5
SEALER-0081,811,13:31,113.6,124.5,133.5,124.9,121.5,129.4,126.1,121.1,119.0,125.4,116.9,113.6
SEALER-0081,812,13:32,114.0,124.2,132.9,125.1,121.9,129.2,126.4,120.5,117.5,125.2,117.5,113.4
SEALER-0081,813,13:33,114.3,125.3,132.7,124.7,122.8,129.2,125.8,120.3,118.0,124.7,118.2,113.6
SEALER-0081,814,13:34,114.6,124.4,133.4,124.8,122.3,130.4,126.3,121.2,118.1,125.3,117.7,113.3
SEALER-0081,815,13:35,114.2,124.6,132.8,125.3,122.2,129.4,126.6,121.4,118.5,125.4,118.4,113.7
SEALER-0081,816,13:36,113.8,124.6,133.0,125.4,122.7,130.2,125.2,120.6,118.0,124.9,118.1,114.1
SEALER-0081,817,13:37,115.1,124.5,132.7,124.9,123.1,129.4,126.4,120.5,118.2,125.7,117.8,113.4
SEALER-0081,818,13:38,115.3,124.6,134.1,125.3,122.3,129.2,126.8,121.2,118.0,125.3,117.5,113.3
SEALER-0081,819,13:39,114.3,124.8,132.6,125.7,123.5,129.4,126.4,121.6,117.9,124.9,118.4,113.6
SEALER-0081,820,13:40,114.7,125.0,133.5,125.5,121.7,129.3,126.3,121.0,118.9,125.0,118.5,113.4
SEALER-0081,821,13:41,114.1,124.6,133.5,125.9,122.5,129.2,127.0,121.5,118.7,126.2,118.1,114.4
SEALER-0081,822,13:42,115.2,124.7,133.6,126.1,122.0,130.1,126.6,121.9,118.6,125.3,118.0,113.0
SEALER-0081,823,13:43,115.3,125.5,133.3,125.4,121.9,129.4,126.4,121.0,118.3,125.0,118.3,113.1
SEALER-0081,824,13:44,115.3,124.7,134.4,125.8,122.7,130.5,127.9,121.8,118.9,125.5,118.2,113.5
SEALER-0081,825,13:45,115.3,124.5,133.3,125.4,122.5,130.0,126.6,121.7,118.9,125.6,119.1,114.3
SEALER-0081,826,13:46,115.2,124.7,133.9,125.6,122.3,130.1,127.2,123.3,118.3,125.7,118.3,113.9
SEALER-0081,827,13:47,114.6,124.7,134.1,125.7,124.4,129.6,126.6,121.9,119.6,125.0,117.8,113.5
SEALER-0081,828,13:48,115.4,125.1,134.0,126.2,122.6,129.6,127.6,121.8,118.6,126.0,118.4,113.7
SEALER-0081,829,13:49,116.1,125.5,134.1,125.8,123.2,129.4,126.4,122.0,119.3,126.0,118.6,113.9
SEALER-0081,830,13:50,115.2,125.1,133.9,125.9,123.6,129.0,127.4,121.8,119.3,125.8,118.9,113.7
SEALER-0081,831,13:51,116.5,125.4,134.0,126.4,123.3,130.0,126.4,121.4,119.6,125.9,118.3,114.6
SEALER-0081,832,13:52,115.5,124.9,133.6,126.4,123.4,131.6,127.0,122.3,119.6,125.9,118.6,114.8
SEALER-0081,833,13:53,115.6,125.3,134.1,126.2,124.1,129.9,127.4,121.6,120.3,126.0,119.1,114.2
SEALER-0081,834,13:54,116.2,125.7,133.6,126.7,124.9,130.4,127.6,122.8,119.8,125.5,118.9,115.0
SEALER-0081,835,13:55,115.7,125.1,134.3,126.1,124.6,130.5,126.5,122.0,119.0,126.0,118.5,115.6
SEALER-0081,836,13:56,115.1,125.4,135.2,126.0,124.0,130.8,128.5,121.9,120.1,125.8,118.1,113.4
SEALER-0081,837,13:57,116.0,125.5,134.3,126.4,123.4,130.6,127.4,121.4,119.8,125.8,118.7,114.7
SEALER-0081,838,13:58,115.4,125.2,135.4,126.7,123.2,130.8,128.6,123.2,120.2,126.2,118.6,114.4
SEALER-0081,839,13:59,115.5,125.7,135.1,126.6,123.4,129.8,127.9,122.0,119.1,125.8,119.3,114.8
SEALER-0081,840,14:00,115.8,126.2,134.2,126.2,124.2,131.3,127.4,122.3,119.8,126.7,119.6,114.5
SEALER-0081,841,14:01,115.3,126.0,133.5,125.4,123.7,130.9,128.7,122.1,120.0,127.2,119.1,114.9
SEALER-0081,842,14:02,115.9,125.7,135.2,127.2,123.7,130.2,128.5,122.7,119.9,125.3,119.0,115.2
SEALER-0081,843,14:03,116.3,125.3,135.0,127.2,123.5,130.4,127.2,122.7,120.9,126.7,120.3,114.4
SEALER-0081,844,14:04,115.1,126.0,135.6,125.9,123.2,132.0,127.9,122.8,120.1,125.9,119.5,114.3
SEALER-0081,845,14:05,114.9,125.9,134.1,126.8,124.7,131.0,129.4,123.2,119.7,126.7,118.3,115.8
SEALER-0081,846,14:06,116.6,126.4,134.9,127.6,124.4,130.1,128.2,122.7,119.7,127.0,119.3,115.1
SEALER-0081,847,14:07,116.5,125.3,134.8,127.5,123.9,130.3,127.6,122.5,120.4,126.8,118.8,115.6
SEALER-0081,848,14:08,116.8,126.1,134.6,126.2,124.1,131.4,129.0,122.4,119.8,127.3,119.4,114.3
SEALER-0081,849,14:09,116.0,125.9,135.0,125.6,124.6,130.6,128.9,123.5,120.1,126.4,119.6,114.1
SEALER-0081,850,14:10,116.1,125.9,135.3,126.3,123.7,131.9,127.8,123.3,120.8,127.3,119.4,115.1
SEALER-0081,851,14:11,116.9,126.9,135.5,126.9,124.7,131.8,128.6,123.1,120.4,126.2,119.6,116.0
SEALER-0081,852,14:12,116.0,125.7,135.1,127.5,124.3,131.5,128.6,122.9,120.8,127.1,119.4,115.0
SEALER-0081,853,14:13,116.9,126.5,134.9,126.1,124.9,130.4,129.2,123.1,120.8,127.2,120.9,115.0
SEALER-0081,854,14:14,115.6,125.9,135.6,127.1,123.7,130.9,128.7,123.4,121.1,126.7,120.1,115.1
SEALER-0081,855,14:15,116.7,126.4,135.4,128.5,125.3,130.5,128.6,123.0,120.7,127.8,119.8,114.8
SEALER-0081,856,14:16,116.6,126.5,135.4,128.0,124.3,132.0,127.9,122.1,120.8,127.7,120.5,115.7
SEALER-0081,857,14:17,116.2,127.0,135.0,127.4,125.1,132.1,129.8,122.8,121.3,127.0,120.6,115.8
SEALER-0081,858,14:18,116.8,126.9,135.1,128.3,124.8,130.7,129.1,123.6,121.0,127.3,119.2,115.4
SEALER-0081,859,14:19,117.4,126.3,135.3,127.4,124.8,132.4,128.8,122.5,120.4,127.4,120.1,114.5
SEALER-0081,860,14:20,116.1,126.9,134.7,127.7,125.1,132.0,129.6,123.6,120.1,128.0,120.1,116.1
SEALER-0081,861,14:21,116.6,126.1,135.9,127.9,125.1,131.6,128.7,122.7,119.9,127.0,120.2,115.2
SEALER-0081,862,14:22,117.6,127.1,135.6,127.1,124.6,131.9,129.6,124.2,120.4,127.8,121.4,115.6
SEALER-0081,863,14:23,117.4,127.7,135.6,128.2,125.5,132.1,128.2,123.7,120.7,127.5,119.9,115.7
SEALER-0081,864,14:24,116.9,127.5,135.7,127.7,125.1,131.6,129.5,122.3,120.0,126.8,120.3,116.1
SEALER-0081,865,14:25,116.5,126.6,136.3,128.2,124.4,131.5,128.5,123.6,120.8,126.8,119.8,116.2
SEALER-0081,866,14:26,116.7,126.8,136.3,129.5,125.1,132.1,128.6,123.5,121.0,128.0,120.2,116.5
SEALER-0081,867,14:27,116.6,127.4,136.1,127.8,124.6,131.9,129.1,123.7,121.6,128.4,121.3,115.4
SEALER-0081,868,14:28,116.7,126.9,135.6,127.8,125.0,131.9,129.4,123.6,120.9,128.2,120.2,117.3
SEALER-0081,869,14:29,117.3,127.0,136.1,128.5,124.4,132.0,129.2,125.0,120.8,127.5,120.0,115.6
SEALER-0081,870,14:30,117.7,127.0,135.6,127.5,124.8,133.0,129.2,124.3,120.7,128.2,120.7,115.9
SEALER-0081,871,14:31,117.2,127.0,135.6,128.6,125.6,132.9,129.3,123.2,121.6,128.0,120.7,116.0
SEALER-0081,872,14:32,117.1,127.9,136.0,128.1,126.6,132.5,130.3,124.3,120.8,128.6,120.8,116.6
SEALER-0081,873,14:33,117.6,126.3,136.6,128.7,126.4,133.1,129.1,123.8,121.5,128.5,120.6,116.5
SEALER-0081,874,14:34,116.3,126.9,137.2,129.2,125.0,132.8,129.9,123.5,121.5,127.6,121.1,116.8
SEALER-0081,875,14:35,117.8,128.1,137.0,128.2,125.3,132.7,129.3,123.5,121.1,128.0,119.9,117.3
SEALER-0081,876,14:36,117.6,127.9,136.3,128.2,126.2,132.6,129.1,124.1,121.9,128.4,121.2,116.8
SEALER-0081,877,14:37,117.8,128.7,137.0,128.1,125.3,131.9,130.1,124.7,120.9,128.4,120.9,116.7
SEALER-0081,878,14:38,117.9,128.0,136.4,128.4,125.8,133.0,129.1,124.8,122.1,127.6,119.9,116.6
SEALER-0081,879,14:39,118.1,127.4,137.5,128.9,125.3,133.0,129.5,124.3,121.0,127.3,120.5,116.5
SEALER-0081,880,14:40,118.1,127.7,136.7,128.9,126.0,132.6,130.4,124.2,121.9,128.2,121.4,117.5
SEALER-0081,881,14:41,117.3,127.6,137.2,128.8,126.0,133.7,129.9,124.3,122.3,128.8,120.7,116.8
SEALER-0081,882,14:42,118.4,128.5,136.3,129.4,126.4,133.1,130.1,124.8,122.2,129.1,119.3,115.8
SEALER-0081,883,14:43,117.3,127.5,136.6,129.2,125.6,132.5,129.9,124.1,121.8,128.1,120.5,116.8
SEALER-0081,884,14:44,117.8,127.4,136.2,129.7,125.7,133.5,129.6,124.2,121.5,129.2,121.0,116.6
SEALER-0081,885,14:45,117.9,127.7,137.2,129.9,125.5,133.8,130.5,125.7,122.0,129.2,120.9,116.8
SEALER-0081,886,14:46,118.7,127.7,137.3,129.0,125.4,133.0,130.4,125.4,122.1,128.4,121.2,117.0
SEALER-0081,887,14:47,117.9,128.9,137.5,128.4,126.1,134.3,130.3,124.9,120.7,128.4,121.5,117.2
SEALER-0081,888,14:48,118.7,128.9,137.2,128.8,126.0,133.8,129.8,124.2,122.3,129.9,121.6,117.8
SEALER-0081,889,14:49,118.2,128.7,136.9,128.6,125.7,134.6,130.8,125.1,121.8,129.2,121.8,117.2
SEALER-0081,890,14:50,118.2,128.1,137.9,129.2,126.1,133.6,130.0,124.9,121.4,128.5,121.8,117.3
SEALER-0081,891,14:51,119.0,128.1,136.8,129.7,126.7,132.9,130.0,125.1,122.4,128.7,121.9,117.1
SEALER-0081,892,14:52,119.0,128.7,137.4,129.4,125.9,133.3,131.3,125.2,122.0,127.9,121.6,117.5
SEALER-0081,893,14:53,119.0,128.8,137.2,129.2,127.4,133.9,130.6,124.9,122.1,129.2,122.3,117.0
SEALER-0081,894,14:54,119.2,128.9,137.5,128.6,125.6,134.2,130.6,124.3,122.4,129.2,120.6,116.8
SEALER-0081,895,14:55,118.9,129.3,137.9,130.1,127.1,134.0,130.0,125.2,122.2,129.3,121.9,117.2
SEALER-0081,896,14:56,118.8,128.3,137.9,129.9,126.0,133.8,131.3,126.1,122.5,129.4,121.7,117.4
SEALER-0081,897,14:57,118.2,128.3,137.3,129.2,127.3,134.3,130.6,125.3,122.3,129.3,121.6,116.9
SEALER-0081,898,14:58,118.0,128.5,137.2,128.8,126.8,133.3,131.4,125.2,122.9,129.5,123.1,117.2
SEALER-0081,899,14:59,119.4,128.7,137.6,129.4,126.6,134.0,131.0,125.1,121.9,128.4,122.4,117.3
SEALER-0081,900,15:00,118.6,129.1,138.1,129.4,127.1,134.1,130.6,124.9,122.8,129.5,121.6,117.8
SEALER-0081,901,15:01,119.7,129.0,138.3,129.7,127.6,133.7,130.5,124.9,122.1,130.2,122.8,117.5
SEALER-0081,902,15:02,119.1,129.0,138.1,130.1,127.3,133.6,131.3,125.5,122.7,129.4,122.8,117.9
SEALER-0081,903,15:03,119.5,128.5,138.2,129.9,126.5,134.1,129.9,125.2,123.7,129.6,122.5,117.7
SEALER-0081,904,15:04,118.0,128.3,138.1,130.0,127.2,134.8,130.5,125.2,122.1,129.9,122.1,118.3
SEALER-0081,905,15:05,119.5,129.1,138.3,129.8,127.5,135.3,131.4,126.2,123.2,129.5,121.9,118.3
SEALER-0081,906,15:06,119.2,129.4,138.5,129.9,126.7,134.4,130.9,126.4,122.1,129.7,122.2,117.2
SEALER-0081,907,15:07,119.1,128.1,138.2,130.3,127.4,134.4,131.8,125.8,123.3,129.9,123.0,117.4
SEALER-0081,908,15:08,118.6,129.2,137.4,130.6,127.7,133.9,130.9,126.2,122.9,129.9,121.3,118.3
SEALER-0081,909,15:09,118.8,128.5,138.3,130.0,127.5,134.8,132.3,125.7,123.4,128.9,123.0,118.4
SEALER-0081,910,15:10,119.8,128.8,138.2,129.9,127.4,134.8,132.4,126.2,122.8,130.4,122.2,117.2
SEALER-0081,911,15:11,119.2,129.7,138.9,129.8,128.1,134.6,131.7,126.1,123.2,130.7,123.1,119.0
SEALER-0081,912,15:12,119.3,129.2,138.9,129.7,127.5,134.9,131.8,125.4,122.3,130.2,123.0,117.8
SEALER-0081,913,15:13,119.1,130.0,138.7,130.7,127.5,135.0,131.5,126.8,122.7,130.5,122.5,118.3
SEALER-0081,914,15:14,119.4,129.3,138.1,130.1,127.7,134.6,131.4,126.7,123.1,129.6,122.5,118.0
SEALER-0081,915,15:15,120.5,129.5,138.9,129.1,128.5,135.0,131.7,126.5,124.3,130.3,122.9,118.6
SEALER-0081,916,15:16,119.0,129.7,138.5,130.0,128.1,134.9,132.0,126.2,122.8,130.2,123.0,118.7
SEALER-0081,917,15:17,119.7,129.6,138.5,131.6,127.4,136.2,131.8,125.9,123.3,130.4,122.6,118.5
SEALER-0081,918,15:18,120.1,129.3,138.9,130.8,127.7,134.5,131.9,126.4,124.1,130.0,123.1,118.0
SEALER-0081,919,15:19,120.0,130.3,139.2,130.7,127.6,134.7,131.1,125.8,123.7,130.6,123.3,118.7
SEALER-0081,920,15:20,120.0,129.6,138.5,130.3,127.8,135.7,132.4,125.5,123.3,130.6,123.1,119.4
SEALER-0081,921,15:21,118.8,129.2,138.7,131.0,127.6,134.6,132.8,127.5,123.5,129.2,122.9,118.5
SEALER-0081,922,15:22,118.6,130.2,139.1,130.5,128.2,135.3,131.1,127.3,124.2,131.7,122.9,119.0
SEALER-0081,923,15:23,119.5,128.3,139.4,131.0,126.7,135.7,131.8,126.4,123.4,130.4,122.7,118.7
SEALER-0081,924,15:24,120.1,130.7,138.9,131.1,127.7,135.2,132.1,126.8,123.5,129.5,122.5,118.7
SEALER-0081,925,15:25,119.9,129.6,138.5,131.5,128.2,134.5,132.8,127.1,123.7,131.4,123.1,119.0
SEALER-0081,926,15:26,119.5,130.1,139.8,130.4,128.2,135.7,132.4,127.9,124.2,130.5,123.4,120.4
SEALER-0081,927,15:27,119.6,129.6,139.9,130.1,127.6,135.6,133.6,126.9,123.4,131.9,123.9,118.7
SEALER-0081,928,15:28,119.7,130.4,140.7,131.0,128.4,136.0,132.8,126.5,124.3,129.6,123.3,118.6
SEALER-0081,929,15:29,119.4,131.3,139.2,131.2,127.8,135.6,133.4,127.1,125.1,131.3,123.1,118.6
SEALER-0081,930,15:30,120.4,132.1,137.7,130.5,127.8,134.2,132.6,126.2,123.8,130.8,124.1,118.5
SEALER-0081,931,15:31,121.3,128.5,138.7,131.0,128.8,134.9,132.7,127.5,123.1,129.1,124.0,119.3
SEALER-0081,932,15:32,120.5,130.9,139.2,129.7,128.3,136.3,132.6,126.5,124.4,131.5,123.5,119.8
SEALER-0081,933,15:33,120.2,132.0,139.5,130.3,128.5,136.3,132.4,126.4,123.7,130.8,125.2,118.6
SEALER-0081,934,15:34,120.0,129.7,139.3,131.9,128.0,135.7,133.0,128.1,124.1,130.2,122.7,119.2
SEALER-0081,935,15:35,119.6,130.2,139.4,131.0,128.9,136.1,133.0,127.2,125.3,130.8,123.6,119.1
SEALER-0081,936,15:36,120.6,130.2,139.7,130.0,128.5,136.4,133.3,127.4,124.7,129.5,122.6,119.8
SEALER-0081,937,15:37,120.3,130.0,138.2,131.7,128.6,135.2,131.6,126.5,124.1,131.0,124.1,120.2
SEALER-0081,938,15:38,120.4,130.6,139.3,129.8,129.1,135.5,133.2,126.8,124.4,131.2,124.8,119.7
SEALER-0081,939,15:39,120.5,131.4,139.0,132.5,128.2,136.9,132.8,127.3,123.6,130.8,124.3,119.1
SEALER-0081,940,15:40,120.5,131.4,138.8,132.7,128.7,136.2,134.1,126.1,123.6,131.2,123.2,119.3
SEALER-0081,941,15:41,121.2,131.2,137.5,130.8,128.6,135.8,132.5,126.3,123.8,131.5,123.2,119.5
SEALER-0081,942,15:42,120.7,131.3,138.9,131.2,129.9,136.2,133.4,127.9,123.4,130.4,123.8,119.6
SEALER-0081,943,15:43,121.0,128.4,139.5,131.4,128.7,136.1,132.9,127.9,125.1,129.6,123.3,119.6
SEALER-0081,944,15:44,121.6,130.8,139.6,129.5,128.8,136.2,133.5,128.2,124.8,129.4,122.8,120.0
SEALER-0081,945,15:45,122.1,130.3,137.9,130.3,130.4,136.5,132.8,128.2,123.8,130.3,123.3,119.2
SEALER-0081,946,15:46,121.3,129.4,138.8,131.1,129.2,135.8,132.9,127.3,123.8,129.9,123.9,120.0
SEALER-0081,947,15:47,118.1,130.5,139.5,131.7,129.1,136.2,133.8,127.7,124.2,131.7,125.2,119.3
SEALER-0081,948,15:48,120.2,131.8,139.3,130.0,128.2,135.9,134.3,128.5,124.4,131.4,124.0,119.0
SEALER-0081,949,15:49,119.7,130.1,138.0,130.8,130.0,135.5,134.0,127.6,123.1,130.3,124.0,119.4
SEALER-0081,950,15:50,119.8,131.3,139.9,130.6,129.4,136.4,133.6,128.5,124.3,128.8,124.3,121.0
SEALER-0081,951,15:51,120.3,130.3,138.7,129.6,128.2,136.2,133.5,128.1,124.7,131.1,124.1,119.1
SEALER-0081,952,15:52,119.4,129.4,138.0,129.5,128.9,136.6,132.7,127.9,125.4,130.4,125.0,119.9
SEALER-0081,953,15:53,120.4,128.3,138.4,130.0,129.9,136.1,132.8,127.6,123.1,131.6,124.1,119.7
SEALER-0081,954,15:54,119.9,130.0,139.1,130.6,129.3,137.1,134.9,128.2,123.6,131.2,126.1,120.6
SEALER-0081,955,15:55,121.1,130.5,138.3,130.9,128.7,136.5,133.4,127.7,124.1,130.3,122.6,118.3
SEALER-0081,956,15:56,121.9,130.1,140.2,130.4,129.6,137.2,134.4,128.8,125.1,129.9,122.9,119.6
SEALER-0081,957,15:57,122.2,130.2,138.6,132.3,130.2,137.0,134.5,128.1,123.9,130.1,122.5,120.8
SEALER-0081,958,15:58,122.5,129.9,138.7,130.6,129.0,137.0,133.9,128.5,124.3,130.6,124.1,120.3
SEALER-0081,959,15:59,118.6,129.5,138.2,130.1,130.1,136.7,134.2,127.9,122.9,130.5,123.0,119.6
SEALER-0081,960,16:00,119.8,130.2,140.3,132.1,130.3,137.0,134.4,129.7,122.7,131.0,122.5,120.5
SEALER-0081,961,16:01,120.7,131.5,140.7,129.7,130.0,136.6,133.6,128.8,122.7,131.8,123.1,120.0
SEALER-0081,962,16:02,118.6,128.7,139.5,131.5,130.1,136.2,135.0,128.6,123.1,130.6,122.4,119.5
SEALER-0081,963,16:03,121.1,130.7,139.4,129.1,130.5,137.1,132.8,127.9,124.5,130.9,123.1,118.8
SEALER-0081,964,16:04,120.5,131.7,139.5,131.6,130.5,137.2,133.9,128.6,123.2,130.1,123.6,119.1
SEALER-0081,965,16:05,122.8,129.4,138.7,131.3,129.7,136.1,133.5,127.9,124.4,129.1,124.2,119.3
SEALER-0081,966,16:06,120.1,129.4,138.5,130.5,129.8,137.1,134.5,127.9,123.7,130.5,123.0,121.0
SEALER-0081,967,16:07,121.5,130.8,139.3,132.4,129.9,137.2,134.1,128.3,124.0,130.7,123.4,119.3
SEALER-0081,968,16:08,122.1,130.4,138.2,131.7,131.4,138.5,134.6,130.1,125.1,130.0,123.9,119.2
SEALER-0081,969,16:09,119.8,130.9,139.1,129.4,127.6,136.9,134.1,128.0,123.7,130.3,123.6,119.4
SEALER-0081,970,16:10,121.3,129.9,138.2,130.9,128.6,137.6,135.1,128.7,123.3,130.1,123.8,121.2
SEALER-0081,971,16:11,120.6,131.6,139.6,129.2,130.7,137.9,135.4,127.3,123.8,131.6,124.5,120.1
SEALER-0081,972,16:12,120.9,129.5,141.5,130.2,129.2,137.2,133.8,127.8,126.1,130.8,123.9,119.1
SEALER-0081,973,16:13,120.6,129.4,138.9,130.7,129.0,136.6,133.8,127.8,123.5,130.7,122.3,120.6
SEALER-0081,974,16:14,120.4,128.1,137.3,130.0,128.4,138.2,133.4,128.3,123.5,130.4,121.6,119.7
SEALER-0081,975,16:15,120.9,131.0,139.1,131.7,129.3,136.4,134.7,128.2,122.8,131.6,123.2,118.7
SEALER-0081,976,16:16,120.9,130.4,140.0,132.1,131.1,139.6,133.9,128.3,124.0,130.0,123.0,120.3
SEALER-0081,977,16:17,120.8,128.9,139.7,130.2,129.7,138.0,133.9,128.2,124.7,130.5,123.9,120.1
SEALER-0081,978,16:18,119.9,130.3,138.5,129.6,129.7,137.9,133.7,129.1,123.6,130.1,122.2,120.4
SEALER-0081,979,16:19,121.2,130.1,139.2,131.5,129.0,138.5,135.8,127.8,124.6,129.4,123.8,120.1
SEALER-0081,980,16:20,120.9,130.8,138.4,130.9,130.1,136.6,133.7,129.1,123.7,130.4,124.1,118.0
SEALER-0081,981,16:21,120.6,130.3,140.3,129.7,128.9,137.8,134.8,129.9,125.4,130.6,123.8,120.9
SEALER-0081,982,16:22,119.4,131.9,138.8,130.9,130.3,138.6,134.3,126.9,125.1,131.6,124.3,119.4
SEALER-0081,983,16:23,121.7,130.8,136.6,130.3,130.4,137.8,134.7,127.8,122.0,130.7,123.0,119.8
SEALER-0081,984,16:24,121.2,129.5,139.5,132.7,130.8,137.6,133.4,126.8,124.3,130.8,122.2,121.5
SEALER-0081,985,16:25,121.8,130.6,138.5,130.1,130.1,136.7,134.8,127.8,124.8,131.1,123.6,119.7
SEALER-0081,986,16:26,122.4,128.5,140.9,130.2,129.9,137.1,134.0,126.9,123.3,131.6,122.9,121.3
SEALER-0081,987,16:27,119.7,127.9,139.3,131.5,129.8,137.9,134.5,127.5,123.4,130.0,124.0,119.5
SEALER-0081,988,16:28,120.3,132.2,138.6,130.9,130.1,136.6,134.0,129.6,123.5,128.4,124.1,120.6
SEALER-0081,989,16:29,120.0,130.8,138.5,131.1,129.2,137.2,134.6,128.5,123.9,129.9,122.6,119.5
SEALER-0081,990,16:30,120.9,130.1,138.8,131.0,129.4,138.1,135.4,128.9,125.2,128.0,122.9,119.9
SEALER-0081,991,16:31,119.8,130.1,138.8,129.8,129.5,137.9,135.1,128.0,124.4,130.8,123.6,121.6
SEALER-0081,992,16:32,120.3,129.8,138.9,131.9,130.9,138.4,134.8,128.9,123.9,129.6,123.3,119.7
SEALER-0081,993,16:33,121.9,132.6,138.9,131.7,131.1,138.1,134.7,127.9,124.3,131.1,124.1,119.1
SEALER-0081,994,16:34,120.0,129.1,139.8,132.3,131.1,136.6,133.6,128.5,123.0,129.4,122.8,119.7
SEALER-0081,995,16:35,120.8,128.7,138.4,132.2,129.7,136.1,133.6,127.8,123.7,131.1,122.6,120.0
SEALER-0081,996,16:36,120.2,131.7,138.9,131.2,130.4,137.1,133.4,127.8,124.5,129.9,123.2,120.3
SEALER-0081,997,16:37,121.5,131.6,138.5,130.6,129.7,136.3,134.3,127.7,122.7,130.8,125.1,120.2
SEALER-0081,998,16:38,120.3,130.6,138.2,131.8,129.7,137.2,134.6,126.5,122.8,130.1,123.5,119.5
SEALER-0081,999,16:39,120.4,129.9,139.6,129.8,129.9,137.4,135.1,128.6,123.3,129.3,122.1,119.5
SEALER-0081,1000,16:40,120.3,130.2,138.3,130.7,128.9,137.9,134.5,126.9,123.7,129.1,122.4,120.1
SEALER-0081,1001,16:41,121.1,130.5,139.2,130.1,129.6,136.2,134.8,128.6,124.3,131.5,123.9,119.5
SEALER-0081,1002,16:42,120.7,131.1,138.5,130.6,130.0,137.0,133.4,128.4,123.8,131.5,123.1,118.9
SEALER-0081,1003,16:43,120.9,129.2,139.3,131.5,128.5,140.0,132.8,127.9,125.0,129.5,121.6,120.4
SEALER-0081,1004,16:44,120.1,129.6,139.8,129.6,130.9,137.7,133.4,127.0,123.3,130.4,122.5,119.0
SEALER-0081,1005,16:45,119.0,129.2,140.2,131.0,130.1,137.9,134.8,126.7,123.8,131.5,123.8,119.7
SEALER-0081,1006,16:46,121.4,129.7,139.3,130.9,131.1,137.3,133.3,128.6,124.5,130.6,123.6,120.7
SEALER-0081,1007,16:47,121.7,129.2,139.7,132.2,130.4,138.5,134.0,128.3,123.4,131.0,124.3,120.0
SEALER-0081,1008,16:48,120.0,130.2,139.2,131.0,129.7,139.5,134.2,127.9,123.4,129.4,124.3,120.5
SEALER-0081,1009,16:49,120.7,130.0,140.7,129.4,130.3,138.0,133.9,127.7,123.1,130.2,123.5,119.6
SEALER-0081,1010,16:50,121.2,130.4,140.0,129.9,128.5,137.2,135.7,127.8,123.8,130.4,125.1,121.3
SEALER-0081,1011,16:51,120.4,130.1,140.8,131.3,129.6,136.7,134.2,129.1,123.6,131.4,124.3,120.5
SEALER-0081,1012,16:52,120.9,131.1,139.6,131.6,129.1,138.6,134.7,128.0,124.4,129.6,121.4,120.3
SEALER-0081,1013,16:53,120.6,128.8,140.1,130.9,129.8,137.2,135.7,129.5,122.8,131.0,123.2,120.1
SEALER-0081,1014,16:54,121.7,130.1,138.2,132.5,129.7,137.5,135.4,128.8,123.2,130.9,122.7,119.9
SEALER-0081,1015,16:55,119.6,129.9,139.5,130.9,130.2,138.2,133.4,128.4,125.3,128.7,124.9,120.6
SEALER-0081,1016,16:56,120.8,132.1,140.4,130.5,128.9,138.4,133.4,127.7,123.0,130.2,125.4,119.0
SEALER-0081,1017,16:57,119.4,130.1,138.7,131.6,129.8,138.5,133.8,128.0,122.5,130.6,124.9,119.9
SEALER-0081,1018,16:58,121.5,129.6,140.0,130.0,130.1,137.1,135.3,128.5,125.1,130.0,123.7,120.6
SEALER-0081,1019,16:59,121.6,130.1,139.5,131.3,129.1,138.6,133.2,128.3,124.1,130.0,124.7,120.0
SEALER-0081,1020,17:00,121.7,129.4,139.9,130.7,131.9,137.1,133.3,128.8,124.5,131.6,121.7,119.7
SEALER-0081,1021,17:01,120.7,130.0,138.6,131.9,130.3,136.8,134.2,127.4,123.6,130.7,124.5,120.8
SEALER-0081,1022,17:02,120.1,129.8,139.9,132.0,131.4,137.3,135.0,129.2,123.6,130.5,122.9,120.5
SEALER-0081,1023,17:03,121.5,130.7,139.8,132.0,130.3,137.9,133.7,129.0,123.5,131.3,122.1,119.2
SEALER-0081,1024,17:04,121.2,131.4,138.6,132.0,130.7,138.8,133.6,127.6,124.6,130.6,123.6,120.1
SEALER-0081,1025,17:05,120.5,129.3,139.5,130.7,130.9,137.0,135.7,127.0,123.1,130.1,123.0,119.1
SEALER-0081,1026,17:06,120.7,131.7,137.9,131.4,129.9,138.2,135.1,128.4,124.3,130.2,122.6,119.2
SEALER-0081,1027,17:07,120.7,130.8,137.3,130.0,129.9,136.1,133.3,128.7,124.5,131.2,122.9,118.1
SEALER-0081,1028,17:08,121.7,130.2,139.3,130.6,129.7,136.1,134.5,127.9,124.8,129.5,123.2,118.7
SEALER-0081,1029,17:09,120.6,130.2,138.4,131.8,129.2,136.5,134.8,127.8,123.9,130.0,122.0,120.1
SEALER-0081,1030,17:10,120.7,129.1,138.4,131.6,129.2,135.2,134.2,128.7,125.1,130.0,123.6,120.3
SEALER-0081,1031,17:11,119.5,130.0,138.5,131.2,130.4,136.9,133.2,128.4,122.1,131.0,122.1,121.7
SEALER-0081,1032,17:12,120.2,130.7,138.9,132.6,128.7,138.4,133.5,127.0,124.2,130.6,121.8,118.6
SEALER-0081,1033,17:13,121.3,129.0,138.9,131.3,129.3,136.8,134.8,128.5,124.6,130.8,123.2,119.9
SEALER-0081,1034,17:14,120.4,130.4,138.4,130.7,130.0,135.9,134.5,129.1,124.1,130.7,123.7,119.6
SEALER-0081,1035,17:15,121.3,130.8,138.4,131.5,130.5,138.9,134.3,127.4,122.8,130.3,123.9,119.7
SEALER-0081,1036,17:16,120.6,129.8,139.5,130.9,129.0,137.3,136.2,127.0,124.6,129.8,123.6,120.4
SEALER-0081,1037,17:17,121.2,130.5,138.9,130.1,129.7,137.1,134.5,127.3,124.0,130.5,124.1,119.7
SEALER-0081,1038,17:18,122.7,130.4,138.9,130.1,129.5,137.4,133.8,127.9,123.4,131.0,123.3,119.6
SEALER-0081,1039,17:19,120.2,131.1,137.4,131.3,130.1,136.6,133.6,127.2,123.4,129.7,124.2,120.3
SEALER-0081,1040,17:20,121.4,130.1,138.7,132.2,130.2,136.3,134.9,127.1,123.6,131.2,124.1,121.4
SEALER-0081,1041,17:21,119.4,129.7,139.0,130.9,129.3,137.0,133.9,127.7,124.7,130.4,122.7,120.8
SEALER-0081,1042,17:22,120.5,132.1,137.9,130.8,130.3,136.5,133.6,127.1,123.4,130.9,122.8,120.4
SEALER-0081,1043,17:23,122.7,128.4,138.0,129.9,130.0,136.0,135.6,129.2,123.4,131.4,123.3,119.8
SEALER-0081,1044,17:24,119.7,131.7,137.6,129.1,130.4,137.7,133.7,127.5,124.4,127.7,122.8,119.9
SEALER-0081,1045,17:25,120.5,129.5,138.3,128.5,130.5,137.3,133.8,128.6,124.7,129.8,123.5,120.5
SEALER-0081,1046,17:26,121.0,131.3,139.0,130.5,128.7,135.1,136.3,127.9,123.4,129.9,123.3,119.3
SEALER-0081,1047,17:27,120.6,131.2,139.3,131.2,129.4,138.3,134.4,128.8,124.1,129.8,124.2,120.3
SEALER-0081,1048,17:28,121.4,130.4,139.3,131.4,130.2,137.5,135.3,128.1,123.4,131.5,122.1,119.7
SEALER-0081,1049,17:29,120.9,129.7,140.5,130.6,130.7,137.7,132.6,128.2,124.2,128.8,122.8,119.7
SEALER-0081,1050,17:30,119.8,130.9,139.1,132.0,130.6,136.9,134.6,128.5,122.6,129.3,122.4,119.1
SEALER-0081,1051,17:31,119.8,129.2,140.6,131.5,130.5,136.0,135.3,126.7,122.4,131.2,123.8,119.4
SEALER-0081,1052,17:32,121.0,129.5,138.1,132.3,129.7,137.4,133.9,127.2,124.1,131.9,124.1,119.7
SEALER-0081,1053,17:33,120.5,130.4,140.4,132.5,128.1,137.0,134.0,128.1,124.0,130.3,123.9,120.4
SEALER-0081,1054,17:34,121.0,130.2,139.3,132.9,129.7,136.4,134.2,127.9,123.0,130.2,122.2,120.4
SEALER-0081,1055,17:35,120.0,130.8,138.8,130.3,127.9,138.1,133.7,128.4,122.9,131.8,123.2,120.0
SEALER-0081,1056,17:36,120.0,129.7,138.2,131.3,130.4,137.2,134.9,127.3,124.3,130.4,123.1,119.2
SEALER-0081,1057,17:37,120.5,130.2,140.8,131.8,129.0,136.5,135.2,128.5,122.9,129.3,124.5,118.4
SEALER-0081,1058,17:38,120.8,132.2,138.0,130.1,129.6,137.6,132.8,129.0,122.7,130.2,122.9,118.9
SEALER-0081,1059,17:39,119.9,130.0,138.6,131.4,130.6,135.8,133.5,128.6,124.0,129.9,121.8,119.6
SEALER-0081,1060,17:40,120.6,130.3,139.0,132.7,130.9,138.4,134.7,129.4,123.9,131.1,124.0,119.3
SEALER-0081,1061,17:41,121.4,130.3,138.5,130.0,129.3,137.4,134.5,129.4,123.4,129.8,123.5,121.1
SEALER-0081,1062,17:42,120.0,128.8,138.2,131.4,130.1,137.7,133.8,128.1,123.8,129.3,123.6,119.9
SEALER-0081,1063,17:43,119.7,129.4,138.6,130.7,129.8,137.2,134.4,129.1,124.7,130.6,121.8,119.6
SEALER-0081,1064,17:44,121.1,130.3,138.7,132.0,129.1,138.0,134.9,128.1,123.4,130.5,122.7,120.8
SEALER-0081,1065,17:45,121.3,131.5,139.4,130.2,130.1,138.2,134.1,129.2,125.4,131.5,124.5,119.4
SEALER-0081,1066,17:46,120.6,129.9,139.5,132.9,128.8,137.2,134.8,127.3,123.1,129.8,123.5,119.1
SEALER-0081,1067,17:47,120.4,131.0,138.7,131.4,130.7,138.5,135.1,128.2,123.2,131.0,122.7,120.7
SEALER-0081,1068,17:48,120.5,130.8,139.5,131.6,129.4,136.4,135.3,128.7,124.4,130.2,123.5,119.3
SEALER-0081,1069,17:49,120.3,129.4,139.3,130.3,130.5,137.4,133.3,127.8,124.9,130.1,123.9,119.4
SEALER-0081,1070,17:50,121.0,129.2,138.3,131.2,129.1,136.8,133.1,128.0,124.8,132.0,123.3,119.1
SEALER-0081,1071,17:51,120.8,131.1,139.5,131.1,129.6,136.9,133.6,127.9,123.3,129.3,124.1,119.1
SEALER-0081,1072,17:52,121.3,131.6,140.5,130.7,130.9,138.1,135.7,128.4,124.8,130.7,123.2,121.7
SEALER-0081,1073,17:53,122.3,129.0,139.5,130.1,129.4,137.3,133.9,126.9,124.8,129.7,123.3,119.9
SEALER-0081,1074,17:54,120.1,130.4,138.5,131.0,129.1,139.3,135.6,128.7,123.3,129.3,122.8,121.0
SEALER-0081,1075,17:55,121.9,129.6,139.1,131.1,129.8,137.8,134.3,127.5,123.7,131.9,123.8,119.1
SEALER-0081,1076,17:56,121.1,131.5,139.5,131.6,129.0,136.8,133.3,127.8,124.0,129.5,123.2,120.4
SEALER-0081,1077,17:57,119.8,129.3,138.7,129.9,129.3,137.4,135.6,128.6,123.0,130.2,123.4,120.4
SEALER-0081,1078,17:58,121.5,129.6,138.9,130.8,130.8,135.9,133.6,128.1,123.6,129.9,123.0,118.6
SEALER-0081,1079,17:59,120.9,129.5,138.4,130.0,129.6,137.8,133.4,128.3,124.1,130.7,123.4,120.8
SEALER-0081,1080,18:00,121.7,129.9,139.3,129.6,129.0,136.2,133.2,128.4,124.2,129.9,124.1,119.5
SEALER-0081,1081,18:01,119.3,129.6,138.3,131.7,129.5,137.0,134.9,127.7,124.2,131.1,122.2,118.7
SEALER-0081,1082,18:02,121.4,129.8,138.2,131.0,130.4,137.9,135.4,127.7,123.8,131.6,123.7,119.7
SEALER-0081,1083,18:03,122.2,129.1,138.4,132.5,128.6,137.4,133.8,128.2,123.3,130.9,122.9,119.8
SEALER-0081,1084,18:04,120.3,128.1,140.4,131.1,128.3,136.6,133.7,128.3,124.3,130.8,122.9,120.2
SEALER-0081,1085,18:05,119.4,131.3,139.7,129.7,129.7,137.4,133.9,130.0,124.6,130.6,124.6,118.6
SEALER-0081,1086,18:06,120.8,127.9,138.1,129.5,131.3,136.9,134.4,127.3,123.5,129.5,123.2,118.8
SEALER-0081,1087,18:07,120.7,132.2,140.0,131.1,128.9,138.3,133.9,128.3,125.3,130.3,123.8,120.0
SEALER-0081,1088,18:08,120.6,129.5,137.2,131.3,130.6,137.1,134.5,128.2,125.3,130.0,122.2,119.5
SEALER-0081,1089,18:09,120.0,130.2,139.0,131.1,129.7,138.2,135.0,127.0,123.7,128.3,123.2,120.8
SEALER-0081,1090,18:10,121.7,129.7,140.9,131.5,128.2,136.9,133.9,128.0,124.6,130.5,124.1,118.4
SEALER-0081,1091,18:11,120.4,130.0,138.4,131.9,130.5,137.7,133.7,128.6,124.2,129.8,123.2,119.4
SEALER-0081,1092,18:12,120.3,130.1,139.7,132.6,128.1,137.3,134.2,126.3,125.0,130.6,123.2,119.7
SEALER-0081,1093,18:13,119.5,129.5,139.3,130.1,130.4,137.2,134.1,128.4,124.4,129.4,122.6,119.9
SEALER-0081,1094,18:14,120.0,128.5,140.0,130.7,129.9,136.5,135.5,128.8,124.2,130.6,122.7,120.5
SEALER-0081,1095,18:15,121.1,130.5,140.0,131.5,128.9,136.7,134.5,128.7,124.1,130.0,122.1,120.9
SEALER-0081,1096,18:16,120.5,129.7,140.6,131.9,130.2,137.1,135.1,129.2,124.8,130.4,121.9,118.9
SEALER-0081,1097,18:17,119.9,130.0,138.8,131.2,129.0,136.5,134.7,126.4,123.7,129.9,123.8,120.4
SEALER-0081,1098,18:18,120.2,129.5,138.2,130.5,128.3,136.9,132.9,127.8,123.1,130.4,123.1,120.0
SEALER-0081,1099,18:19,119.2,130.0,138.7,130.5,129.1,137.8,133.7,128.5,125.3,129.7,122.5,118.9
SEALER-0081,1100,18:20,122.2,130.9,139.5,130.8,130.1,137.6,135.2,127.7,124.0,129.6,123.4,118.7
SEALER-0081,1101,18:21,120.4,130.4,139.6,129.9,129.4,137.0,131.6,127.9,121.8,130.7,123.9,118.7
SEALER-0081,1102,18:22,122.5,129.5,138.4,130.6,129.7,135.1,136.0,127.4,124.3,130.1,122.2,118.9
SEALER-0081,1103,18:23,120.4,130.8,138.4,131.5,130.1,136.8,132.8,129.0,122.7,132.2,124.7,118.5
SEALER-0081,1104,18:24,121.0,129.0,138.6,131.5,129.6,137.6,133.5,128.0,123.9,128.4,123.0,119.9
SEALER-0081,1105,18:25,121.3,129.4,139.4,130.5,129.8,137.4,132.7,129.3,124.1,130.9,123.3,118.9
SEALER-0081,1106,18:26,120.6,130.4,139.2,130.2,128.2,137.2,134.5,128.3,124.4,131.3,125.0,120.0
SEALER-0081,1107,18:27,120.1,129.4,139.2,131.9,129.2,137.1,135.3,127.8,122.1,131.4,122.9,119.1
SEALER-0081,1108,18:28,120.6,130.4,138.4,129.6,130.5,136.9,134.8,128.8,125.5,132.0,123.0,117.9
SEALER-0081,1109,18:29,120.2,131.3,138.3,129.9,129.4,137.3,135.1,129.6,124.2,132.6,122.4,119.9
SEALER-0081,1110,18:30,119.2,128.2,138.9,130.6,130.8,136.8,133.0,128.1,125.8,129.0,122.1,120.1
SEALER-0081,1111,18:31,122.0,131.2,139.7,131.2,131.6,136.7,134.5,128.9,124.8,130.1,123.2,120.1
SEALER-0081,1112,18:32,120.3,130.1,138.9,131.0,128.1,137.3,134.3,127.4,124.1,130.9,124.4,119.0
SEALER-0081,1113,18:33,121.5,131.8,139.3,131.0,129.4,138.3,135.3,126.6,123.0,129.8,123.7,119.7
SEALER-0081,1114,18:34,121.7,131.0,139.9,131.2,129.1,137.5,134.3,127.7,126.0,130.9,124.6,119.1
SEALER-0081,1115,18:35,121.6,130.3,139.3,131.1,130.1,137.4,133.7,127.7,122.8,130.3,123.7,120.0
SEALER-0081,1116,18:36,120.5,130.8,138.8,131.5,131.4,137.3,134.9,127.5,123.7,129.5,122.5,120.9
SEALER-0081,1117,18:37,121.7,130.0,139.5,131.0,130.3,136.6,134.8,127.8,122.9,131.1,123.4,120.6
SEALER-0081,1118,18:38,121.9,131.3,140.0,129.7,130.5,137.2,134.3,129.7,124.7,131.2,124.4,120.5
SEALER-0081,1119,18:39,120.9,131.0,139.7,131.2,130.5,138.9,135.4,129.5,123.6,131.8,124.2,120.0
SEALER-0081,1120,18:40,121.4,131.2,140.0,131.2,129.4,137.4,132.5,126.3,124.6,131.7,123.1,119.7
SEALER-0081,1121,18:41,120.8,131.5,139.5,130.4,131.2,137.5,134.9,127.9,124.4,129.9,123.4,120.5
SEALER-0081,1122,18:42,122.2,130.4,139.2,131.0,129.9,137.0,133.5,127.9,125.1,130.5,124.1,120.2
SEALER-0081,1123,18:43,121.1,129.4,139.0,130.8,129.3,137.3,134.8,128.2,125.0,129.4,122.4,118.6
SEALER-0081,1124,18:44,120.5,130.1,138.0,131.5,131.0,136.6,133.0,128.0,123.3,130.5,124.6,119.5
SEALER-0081,1125,18:45,120.1,130.2,138.9,129.7,128.9,137.8,134.0,128.0,123.1,130.6,124.2,120.4
SEALER-0081,1126,18:46,119.7,131.0,140.5,130.8,130.5,135.5,133.6,128.2,125.2,130.5,124.9,119.6
SEALER-0081,1127,18:47,120.6,131.1,138.2,131.1,128.3,137.9,133.5,126.8,124.6,131.0,122.4,121.0
SEALER-0081,1128,18:48,121.8,130.2,140.1,131.4,129.2,136.2,133.3,128.5,123.6,131.6,122.6,119.7
SEALER-0081,1129,18:49,118.7,129.9,138.5,130.4,128.8,136.2,133.8,128.3,124.1,129.0,123.4,119.8
SEALER-0081,1130,18:50,119.8,127.9,138.5,132.4,129.4,138.1,134.7,128.8,123.6,130.0,122.2,119.3
SEALER-0081,1131,18:51,120.6,129.2,137.3,130.9,129.8,138.2,133.9,130.0,124.4,130.0,123.9,120.5
SEALER-0081,1132,18:52,121.2,130.2,138.9,130.7,129.3,136.1,134.1,128.6,123.9,129.6,123.5,119.5
SEALER-0081,1133,18:53,119.7,130.7,139.9,130.4,129.0,136.6,134.6,128.3,124.1,129.5,122.7,121.1
SEALER-0081,1134,18:54,120.0,130.6,139.7,131.6,129.3,136.8,134.8,128.8,124.3,130.4,123.5,119.6
SEALER-0081,1135,18:55,121.4,130.1,137.6,130.4,129.4,137.1,133.8,127.8,123.1,130.7,119.9,120.5
SEALER-0081,1136,18:56,119.8,131.1,138.8,130.4,130.2,138.0,133.3,128.0,124.3,130.1,123.7,119.3
SEALER-0081,1137,18:57,121.8,131.2,138.6,131.4,128.9,137.3,135.0,128.2,123.9,129.4,124.6,120.5
SEALER-0081,1138,18:58,120.7,130.1,138.1,129.4,130.7,136.6,133.8,128.0,124.5,130.4,123.3,119.3
SEALER-0081,1139,18:59,120.4,130.8,137.1,130.8,131.1,137.5,135.7,129.1,122.6,130.9,123.7,119.7
SEALER-0081,1140,19:00,120.8,129.9,138.9,129.7,129.5,136.3,135.2,129.2,125.0,131.5,123.6,119.1
SEALER-0081,1141,19:01,121.4,130.1,139.5,130.1,130.9,137.8,133.6,128.4,123.9,132.1,123.3,120.4
SEALER-0081,1142,19:02,121.4,131.0,138.6,131.1,129.7,136.4,132.6,129.1,124.0,131.0,123.6,119.9
SEALER-0081,1143,19:03,119.6,130.0,137.5,129.5,128.7,139.6,134.2,128.3,124.5,130.0,123.0,119.0
SEALER-0081,1144,19:04,120.5,130.2,140.6,132.4,130.7,137.7,134.8,129.6,124.4,130.2,123.4,120.1
SEALER-0081,1145,19:05,120.7,129.2,139.1,132.4,130.5,138.8,135.1,128.5,122.7,129.4,124.6,120.7
SEALER-0081,1146,19:06,121.7,129.5,138.6,130.8,128.2,136.8,136.0,128.5,124.4,132.0,124.8,120.5
SEALER-0081,1147,19:07,121.2,130.9,139.2,131.8,129.6,138.6,133.9,129.0,123.5,130.9,123.4,119.4
SEALER-0081,1148,19:08,121.8,128.7,138.9,132.7,130.9,137.3,133.3,128.5,123.8,130.6,125.0,121.2
SEALER-0081,1149,19:09,119.8,130.7,137.9,130.6,129.0,137.1,133.0,128.5,123.9,130.0,122.8,118.7
SEALER-0081,1150,19:10,122.3,129.7,138.2,130.4,129.2,137.3,133.4,126.8,123.5,130.7,121.6,120.1
SEALER-0081,1151,19:11,121.0,131.0,138.4,132.5,129.7,137.9,135.5,127.6,122.8,129.3,122.8,118.9
SEALER-0081,1152,19:12,120.4,130.3,140.3,130.4,129.8,137.9,136.5,127.6,124.9,130.2,122.9,120.5
SEALER-0081,1153,19:13,119.7,128.9,139.8,129.3,130.5,137.2,135.5,128.0,124.5,131.0,123.1,120.7
SEALER-0081,1154,19:14,121.0,130.7,140.6,130.8,130.1,137.1,133.7,128.4,125.3,131.2,123.3,120.3
SEALER-0081,1155,19:15,120.5,130.1,139.2,130.7,130.7,137.2,134.3,126.9,125.4,129.6,123.1,120.9
SEALER-0081,1156,19:16,120.0,131.1,139.3,130.6,129.5,138.5,134.8,129.1,124.1,130.1,123.1,118.8
SEALER-0081,1157,19:17,120.0,131.1,139.0,129.2,129.1,138.1,135.4,127.0,124.1,131.5,124.6,120.5
SEALER-0081,1158,19:18,121.3,130.5,140.2,131.1,130.1,136.4,134.2,129.5,123.0,129.5,125.4,121.0
SEALER-0081,1159,19:19,121.5,131.2,138.2,129.6,128.4,137.6,133.5,129.5,122.6,129.2,121.7,120.1
SEALER-0081,1160,19:20,119.3,130.9,139.6,130.7,129.8,137.6,133.5,128.1,123.0,129.6,123.0,120.1
SEALER-0081,1161,19:21,120.5,131.1,139.3,131.6,128.7,138.1,134.5,128.4,122.8,130.7,125.1,120.9
SEALER-0081,1162,19:22,120.8,130.7,140.1,130.8,130.5,138.0,135.1,128.2,124.0,129.4,122.5,120.8
SEALER-0081,1163,19:23,121.2,129.9,138.8,130.7,129.1,137.9,134.7,128.4,123.1,130.8,123.7,119.7
SEALER-0081,1164,19:24,120.5,131.7,138.9,131.9,129.9,137.5,132.7,129.0,123.3,130.2,122.9,120.7
SEALER-0081,1165,19:25,119.9,132.3,138.6,130.8,130.3,139.5,135.2,127.6,125.7,130.3,123.5,119.5
SEALER-0081,1166,19:26,119.5,131.7,140.0,130.3,130.9,137.3,134.3,128.5,122.6,129.7,125.0,120.5
SEALER-0081,1167,19:27,120.7,129.7,137.4,131.1,129.9,136.0,134.6,129.2,125.1,130.5,123.4,119.4
SEALER-0081,1168,19:28,121.2,129.7,140.0,131.7,129.0,138.6,134.3,129.0,123.3,129.2,124.7,120.0
SEALER-0081,1169,19:29,120.6,129.8,139.2,131.6,128.6,136.7,134.8,129.6,124.6,130.1,124.3,120.7
SEALER-0081,1170,19:30,120.9,130.0,138.2,131.4,129.0,136.7,134.2,128.0,123.8,129.1,122.7,119.9
SEALER-0081,1171,19:31,119.8,129.5,138.7,131.2,130.4,137.5,135.2,130.0,123.8,129.7,125.2,117.8
SEALER-0081,1172,19:32,120.7,130.6,140.9,131.5,130.2,137.3,134.6,128.1,123.9,129.7,122.5,119.4
SEALER-0081,1173,19:33,119.5,131.2,138.4,131.6,128.2,138.5,133.8,128.6,123.0,130.2,122.7,119.8
SEALER-0081,1174,19:34,120.1,132.1,138.8,130.9,129.7,136.6,133.5,127.7,122.8,130.6,124.2,119.1
SEALER-0081,1175,19:35,120.7,130.0,138.0,130.8,129.2,137.4,133.7,129.2,123.9,130.8,124.2,121.7
SEALER-0081,1176,19:36,121.7,130.4,139.5,131.0,129.6,136.0,134.2,127.6,125.9,129.7,122.7,119.3
SEALER-0081,1177,19:37,120.4,130.3,140.7,130.8,128.7,138.6,134.5,129.0,124.5,132.4,122.9,120.8
SEALER-0081,1178,19:38,120.4,131.0,139.5,131.3,130.2,138.2,133.2,127.5,125.5,131.2,124.4,119.8
SEALER-0081,1179,19:39,120.8,128.9,139.7,131.3,130.8,136.2,133.8,127.5,123.6,132.4,124.6,120.7
SEALER-0081,1180,19:40,120.5,130.2,138.9,131.6,129.0,138.1,134.3,128.2,123.1,131.5,123.3,119.3
SEALER-0081,1181,19:41,120.3,130.7,140.5,131.6,129.0,138.5,134.1,128.2,122.3,130.3,122.9,119.0
SEALER-0081,1182,19:42,121.3,131.0,138.8,132.3,129.4,136.6,135.4,128.7,124.5,129.5,124.1,120.7
SEALER-0081,1183,19:43,121.5,128.8,139.4,130.9,129.5,137.2,133.5,127.8,124.6,131.4,123.2,121.5
SEALER-0081,1184,19:44,121.0,129.0,140.2,130.8,130.6,136.8,134.4,128.2,123.7,129.4,123.5,120.3
SEALER-0081,1185,19:45,120.1,130.0,138.3,131.6,130.7,136.2,134.5,128.6,123.2,131.3,122.0,119.1
SEALER-0081,1186,19:46,120.8,129.3,139.0,130.5,130.6,136.1,133.8,128.9,123.9,131.6,124.4,119.5
SEALER-0081,1187,19:47,120.7,130.1,137.7,130.9,128.0,137.0,134.4,128.6,124.1,129.9,123.1,120.4
SEALER-0081,1188,19:48,120.9,130.7,138.4,129.7,129.3,137.5,135.3,128.7,125.2,130.8,124.5,119.5
SEALER-0081,1189,19:49,119.3,129.5,139.6,131.3,130.2,136.6,133.4,127.6,123.6,129.8,123.6,121.1
SEALER-0081,1190,19:50,121.0,129.9,138.4,130.5,129.0,138.6,134.2,128.4,123.7,129.8,123.7,119.3
SEALER-0081,1191,19:51,120.2,129.7,138.8,131.7,129.6,138.7,134.1,127.6,124.0,131.1,124.7,119.5
SEALER-0081,1192,19:52,120.2,130.4,139.6,130.8,129.2,137.6,133.1,128.4,123.0,131.4,123.8,119.2
SEALER-0081,1193,19:53,120.3,130.2,139.0,132.9,131.0,136.7,133.5,127.4,122.5,129.6,123.4,119.3
SEALER-0081,1194,19:54,119.6,129.8,140.1,131.5,130.1,137.1,133.9,128.0,122.2,129.0,125.7,118.0
SEALER-0081,1195,19:55,119.8,128.5,138.7,131.0,130.8,138.8,134.3,129.6,123.0,130.4,123.7,119.4
SEALER-0081,1196,19:56,122.1,131.0,141.6,130.7,129.5,137.2,135.3,127.2,125.2,130.1,122.8,120.0
SEALER-0081,1197,19:57,121.4,130.3,139.2,132.6,128.5,135.2,133.6,128.3,123.6,130.6,122.7,119.4
SEALER-0081,1198,19:58,121.2,129.9,139.9,130.0,130.8,138.9,133.4,126.6,123.3,130.0,123.8,120.3
SEALER-0081,1199,19:59,121.9,129.6,138.8,130.6,130.2,136.3,134.8,128.3,123.0,130.6,123.2,119.1
SEALER-0081,1200,20:00,121.5,129.2,138.9,131.3,129.5,137.6,135.0,126.6,124.0,130.0,123.2,119.7
SEALER-0081,1201,20:01,121.8,129.6,139.6,130.8,130.3,139.0,133.3,128.6,122.7,129.5,123.4,120.0
SEALER-0081,1202,20:02,120.4,129.6,140.5,129.4,130.7,136.3,134.8,128.5,124.7,130.9,122.7,119.7
SEALER-0081,1203,20:03,120.4,131.5,138.8,129.9,130.4,137.1,133.9,128.4,122.7,130.4,123.2,120.8
SEALER-0081,1204,20:04,121.4,129.7,139.1,131.1,129.1,139.0,133.4,127.2,123.1,131.9,125.3,120.9
SEALER-0081,1205,20:05,121.5,129.2,139.2,128.9,128.5,137.5,133.2,128.6,125.9,130.0,123.2,118.6
SEALER-0081,1206,20:06,120.5,129.9,139.2,130.0,128.7,137.6,134.6,128.2,123.9,130.3,123.8,122.9
SEALER-0081,1207,20:07,122.5,128.8,137.4,132.2,130.4,137.6,133.1,128.3,124.8,129.3,123.3,119.1
SEALER-0081,1208,20:08,120.7,130.5,140.0,130.2,128.4,138.8,133.6,128.7,123.8,130.2,122.3,118.7
SEALER-0081,1209,20:09,121.2,130.5,140.5,130.8,130.2,136.3,134.0,129.1,123.0,130.7,123.4,118.7
SEALER-0081,1210,20:10,119.6,132.3,137.7,131.8,129.8,138.2,133.3,129.6,122.5,129.7,123.9,119.4
SEALER-0081,1211,20:11,119.7,131.4,140.5,130.6,127.8,136.6,134.4,127.6,122.3,129.5,123.6,120.7
SEALER-0081,1212,20:12,120.9,129.9,139.2,129.9,129.9,137.4,134.3,127.1,123.6,129.5,122.6,121.0
SEALER-0081,1213,20:13,119.5,131.3,138.7,130.7,128.4,136.5,133.8,129.0,124.1,131.0,123.1,120.7
SEALER-0081,1214,20:14,120.0,130.7,137.2,129.7,129.0,137.0,134.3,127.3,123.1,129.7,124.7,120.6
SEALER-0081,1215,20:15,121.3,129.9,139.3,131.2,129.1,136.9,134.1,128.4,123.2,130.2,123.9,121.5
SEALER-0081,1216,20:16,120.8,131.9,139.3,127.9,130.0,138.8,135.1,130.0,123.6,130.1,123.4,122.7
SEALER-0081,1217,20:17,120.0,131.2,139.3,130.3,129.7,139.0,134.4,128.5,122.8,131.0,124.1,118.8
SEALER-0081,1218,20:18,121.7,129.8,138.1,131.4,129.0,138.1,135.3,128.5,124.3,130.3,124.3,120.3
SEALER-0081,1219,20:19,122.0,129.7,138.9,131.4,129.2,138.0,133.1,128.4,122.8,129.8,122.7,120.1
SEALER-0081,1220,20:20,119.9,130.0,139.3,131.4,130.0,137.9,133.7,127.9,125.4,129.2,123.2,119.1
SEALER-0081,1221,20:21,120.7,130.1,141.0,132.1,130.0,137.8,135.2,127.7,124.6,131.2,124.0,119.3
SEALER-0081,1222,20:22,120.0,128.9,138.6,129.5,129.8,138.6,134.5,127.2,124.1,130.2,121.8,120.2
SEALER-0081,1223,20:23,120.2,130.1,138.9,131.7,131.8,135.5,133.7,127.7,123.2,130.8,122.9,118.8
SEALER-0081,1224,20:24,119.9,130.0,140.1,131.4,129.8,137.0,134.3,128.1,122.9,131.9,125.2,119.0
SEALER-0081,1225,20:25,121.1,130.2,138.7,130.6,128.8,137.3,134.2,127.6,124.9,130.4,123.8,119.4
SEALER-0081,1226,20:26,121.3,131.4,139.6,130.6,128.9,137.9,134.7,127.6,123.6,130.1,124.2,120.4
SEALER-0081,1227,20:27,120.3,129.2,138.1,130.8,128.8,138.3,134.6,127.7,125.6,131.7,123.3,118.6
SEALER-0081,1228,20:28,121.0,130.0,139.0,130.4,129.8,138.2,135.1,128.2,122.9,129.7,123.0,119.1
SEALER-0081,1229,20:29,120.3,132.4,138.4,130.1,129.5,137.2,133.8,128.1,124.7,129.8,123.5,119.4
SEALER-0081,1230,20:30,121.5,131.5,140.5,129.8,129.0,136.6,133.5,127.7,123.8,129.8,123.8,121.9
SEALER-0081,1231,20:31,122.0,130.1,138.8,131.7,129.6,139.5,133.7,125.9,124.5,129.0,124.7,119.1
SEALER-0081,1232,20:32,120.4,130.8,140.9,131.4,129.5,137.2,134.2,126.7,125.8,130.1,125.5,119.2
SEALER-0081,1233,20:33,121.3,130.7,139.2,131.0,129.4,138.9,135.8,128.5,124.2,130.1,122.6,118.0
SEALER-0081,1234,20:34,121.4,128.6,138.4,129.3,129.0,137.1,133.0,128.5,123.9,130.3,123.6,119.2
SEALER-0081,1235,20:35,120.6,130.8,137.7,131.4,129.8,137.1,134.6,128.8,123.6,129.8,123.9,120.8
SEALER-0081,1236,20:36,122.8,130.3,139.7,131.0,129.8,136.4,134.6,128.8,124.0,129.9,124.7,118.9
SEALER-0081,1237,20:37,120.2,131.1,138.1,130.0,131.0,137.9,134.3,127.5,125.1,130.6,122.5,119.8
SEALER-0081,1238,20:38,121.0,130.7,137.8,130.4,129.0,138.6,133.5,129.1,124.0,131.5,124.7,119.3
SEALER-0081,1239,20:39,120.5,129.3,139.4,131.1,129.1,137.0,135.9,127.5,124.6,131.4,124.4,119.3
SEALER-0081,1240,20:40,120.2,131.9,139.8,130.8,129.7,136.1,134.6,129.7,123.1,130.3,123.5,119.9
SEALER-0081,1241,20:41,120.9,129.7,139.3,131.6,130.1,136.3,133.4,128.8,123.1,129.6,123.9,121.3
SEALER-0081,1242,20:42,122.0,130.5,139.8,129.6,129.9,137.0,134.6,126.6,123.0,129.5,122.3,120.6
SEALER-0081,1243,20:43,122.6,130.7,140.1,130.7,129.8,136.1,134.0,128.1,125.2,129.6,123.5,120.4
SEALER-0081,1244,20:44,120.4,129.5,138.0,131.5,130.4,137.7,133.2,128.8,123.6,131.2,122.9,119.2
SEALER-0081,1245,20:45,120.1,129.7,139.6,131.5,130.1,137.9,135.4,128.4,124.5,131.8,123.5,119.6
SEALER-0081,1246,20:46,119.5,130.7,139.8,129.8,128.3,138.5,131.7,128.7,124.4,129.4,124.6,121.0
SEALER-0081,1247,20:47,121.0,129.8,138.8,131.3,131.3,137.1,133.5,129.2,124.1,130.8,124.6,118.6
SEALER-0081,1248,20:48,120.2,128.4,139.0,130.8,129.8,138.3,134.6,126.8,123.1,131.0,124.1,119.6
SEALER-0081,1249,20:49,120.7,130.7,138.5,131.7,130.1,136.8,136.1,127.9,124.4,130.5,121.5,119.4
SEALER-0081,1250,20:50,120.0,130.9,139.1,131.1,128.7,137.1,133.7,130.0,123.4,131.9,123.1,120.1
SEALER-0081,1251,20:51,119.6,129.0,138.3,131.6,130.7,137.2,133.8,129.6,124.0,131.6,122.9,118.6
SEALER-0081,1252,20:52,118.7,131.3,138.3,128.6,129.7,136.0,135.2,126.2,125.6,130.8,122.8,119.4
SEALER-0081,1253,20:53,121.8,129.8,139.4,129.1,131.9,138.0,134.5,127.1,124.3,129.8,124.0,119.3
SEALER-0081,1254,20:54,120.8,129.1,138.1,129.5,130.5,137.9,133.2,128.8,124.6,130.8,122.7,119.9
SEALER-0081,1255,20:55,120.7,130.0,138.1,130.5,129.4,137.5,135.7,127.1,124.2,130.4,124.7,120.6
SEALER-0081,1256,20:56,119.6,129.6,138.8,130.0,129.2,135.6,133.5,127.9,124.1,132.1,124.5,119.8
SEALER-0081,1257,20:57,121.5,130.7,137.4,129.7,130.3,135.5,134.4,128.7,123.1,130.0,123.6,119.1
SEALER-0081,1258,20:58,120.3,129.7,140.3,130.7,130.2,139.3,134.3,128.0,121.5,130.8,124.0,119.9
SEALER-0081,1259,20:59,121.3,129.8,138.1,131.0,129.6,137.4,135.2,128.4,123.0,129.7,122.1,119.2
SEALER-0081,1260,21:00,122.8,130.7,138.4,130.1,130.4,136.2,134.4,128.4,123.9,131.2,123.5,119.9
SEALER-0081,1261,21:01,120.7,130.8,137.9,131.4,130.0,136.3,132.3,129.2,123.0,132.8,122.7,122.4
SEALER-0081,1262,21:02,121.3,129.9,139.1,130.1,128.0,137.3,134.2,127.9,125.5,130.7,124.1,119.8
SEALER-0081,1263,21:03,121.9,129.7,138.6,131.2,130.3,136.5,135.1,127.4,124.1,129.3,125.6,119.1
SEALER-0081,1264,21:04,120.9,130.6,140.2,130.5,130.0,137.3,134.6,128.1,123.3,129.0,124.3,119.5
SEALER-0081,1265,21:05,120.7,129.0,141.1,128.7,130.0,137.8,133.3,128.5,124.0,130.1,123.8,122.6
SEALER-0081,1266,21:06,120.9,130.2,139.2,131.3,130.4,139.5,133.4,126.2,123.8,130.5,124.7,118.2
SEALER-0081,1267,21:07,120.2,130.6,138.5,130.5,129.8,138.0,135.0,129.2,125.0,129.4,121.5,120.4
SEALER-0081,1268,21:08,120.5,131.5,138.4,130.6,128.2,138.1,133.5,128.4,125.1,129.0,125.2,118.2
SEALER-0081,1269,21:09,120.2,131.5,141.0,131.0,129.6,138.5,133.8,128.3,123.5,130.9,124.5,120.5
SEALER-0081,1270,21:10,120.0,131.5,139.1,131.6,130.0,137.0,134.7,127.3,122.8,129.4,124.2,118.2
SEALER-0081,1271,21:11,120.5,130.4,140.8,130.8,129.0,138.5,134.4,129.0,123.8,130.0,125.0,120.2
SEALER-0081,1272,21:12,121.3,129.0,138.9,131.5,129.6,137.6,132.9,128.6,122.4,130.9,122.8,119.0
SEALER-0081,1273,21:13,120.4,131.2,139.3,131.4,128.6,136.6,134.7,127.2,125.1,129.8,124.5,119.8
SEALER-0081,1274,21:14,121.8,128.1,138.8,130.4,131.2,138.4,133.8,129.1,124.5,130.0,122.9,119.4
SEALER-0081,1275,21:15,120.1,130.8,138.1,130.5,130.0,139.1,134.4,127.7,122.8,128.7,124.1,120.2
SEALER-0081,1276,21:16,120.3,130.3,139.2,130.7,129.6,137.3,134.5,127.4,124.0,130.1,124.1,119.3
SEALER-0081,1277,21:17,122.2,129.9,138.5,130.7,130.5,138.2,134.6,127.9,124.3,129.9,124.4,119.7
SEALER-0081,1278,21:18,119.8,130.0,138.7,129.8,129.5,135.9,135.1,127.1,124.6,130.1,122.6,120.0
SEALER-0081,1279,21:19,121.6,128.9,139.7,131.4,128.6,137.3,135.3,129.2,123.7,130.7,124.7,121.5
SEALER-0081,1280,21:20,119.7,130.3,140.0,128.8,130.3,136.6,134.7,128.4,124.5,131.4,123.3,119.8
SEALER-0081,1281,21:21,119.7,130.5,140.5,129.2,130.9,137.1,133.9,127.8,123.7,130.7,124.0,119.4
SEALER-0081,1282,21:22,119.3,130.1,138.9,131.0,130.0,137.5,135.8,127.3,125.1,130.3,121.8,120.3
SEALER-0081,1283,21:23,120.9,130.8,138.0,132.2,129.7,137.7,134.8,128.3,124.8,131.3,123.8,120.4
SEALER-0081,1284,21:24,121.0,130.4,138.6,131.3,130.1,136.8,132.8,127.6,123.6,130.7,123.9,120.2
SEALER-0081,1285,21:25,120.5,130.5,138.5,131.8,129.4,138.4,134.6,128.7,123.8,131.5,123.3,120.0
SEALER-0081,1286,21:26,120.6,130.3,140.0,130.3,128.7,139.1,134.1,126.8,124.0,129.2,123.9,121.6
SEALER-0081,1287,21:27,121.0,131.6,138.2,129.7,130.9,134.9,135.5,126.0,124.5,130.9,123.8,120.6
SEALER-0081,1288,21:28,120.9,131.1,139.1,130.2,131.5,136.1,133.6,126.9,124.6,129.8,123.7,118.5
SEALER-0081,1289,21:29,121.1,129.0,138.5,131.2,129.3,138.2,135.1,129.0,122.4,130.7,123.6,120.5
SEALER-0081,1290,21:30,120.4,129.6,138.0,131.1,130.1,137.8,133.5,127.1,124.6,131.1,123.7,119.3
SEALER-0081,1291,21:31,119.6,130.8,138.5,131.8,130.6,139.3,133.9,126.3,124.6,129.3,123.2,119.4
SEALER-0081,1292,21:32,121.1,130.0,139.6,131.5,129.0,139.0,135.0,128.7,124.2,128.7,124.3,119.2
SEALER-0081,1293,21:33,120.1,131.7,138.3,130.3,129.4,136.2,135.5,127.0,123.7,130.8,120.5,120.3
SEALER-0081,1294,21:34,121.2,131.3,138.1,130.1,130.0,138.0,133.5,127.6,123.3,129.7,121.8,118.0
SEALER-0081,1295,21:35,121.1,131.1,138.3,130.9,129.2,136.4,133.9,128.4,123.0,130.0,124.7,120.5
SEALER-0081,1296,21:36,120.8,129.1,138.6,130.0,128.0,138.1,134.0,127.3,123.4,131.8,123.7,120.2
SEALER-0081,1297,21:37,120.0,129.9,138.3,131.3,129.4,138.5,134.0,127.5,122.8,130.0,124.6,119.4
SEALER-0081,1298,21:38,121.8,131.0,138.6,131.5,130.4,137.2,134.1,127.9,125.1,130.2,124.0,120.7
SEALER-0081,1299,21:39,120.4,129.2,139.1,131.2,129.0,138.3,133.0,128.7,123.6,131.3,123.9,118.8
SEALER-0081,1300,21:40,120.5,130.7,139.4,131.4,130.8,137.2,135.0,128.0,122.8,132.5,123.6,119.9
SEALER-0081,1301,21:41,119.5,131.7,137.3,129.6,129.4,137.3,133.7,128.2,123.7,130.6,122.7,120.5
SEALER-0081,1302,21:42,119.4,130.6,140.6,130.0,128.6,137.7,134.7,128.5,123.6,130.3,124.6,119.2
SEALER-0081,1303,21:43,121.7,130.3,138.0,130.7,129.7,137.9,132.8,129.6,124.9,129.8,124.3,120.1
SEALER-0081,1304,21:44,119.9,129.9,137.8,129.3,129.3,137.6,133.7,128.7,124.3,130.7,123.1,119.8
SEALER-0081,1305,21:45,119.4,129.1,138.1,131.7,130.4,137.6,133.6,127.8,124.3,131.4,123.3,121.5
SEALER-0081,1306,21:46,120.1,129.3,140.1,131.5,130.0,136.9,135.2,127.4,123.6,129.9,123.4,120.2
SEALER-0081,1307,21:47,119.7,130.4,138.5,132.2,129.2,137.6,133.4,129.9,123.9,131.5,123.8,120.8
SEALER-0081,1308,21:48,120.1,130.0,138.4,130.7,130.5,138.4,134.8,127.6,124.9,129.1,123.2,120.0
SEALER-0081,1309,21:49,120.8,131.9,138.8,131.6,128.4,136.7,135.2,127.6,123.6,130.1,123.1,119.3
SEALER-0081,1310,21:50,120.1,129.0,139.0,131.8,129.8,136.9,133.6,129.1,123.9,130.0,124.0,117.8
SEALER-0081,1311,21:51,121.0,129.4,138.0,132.1,131.1,136.7,134.1,129.5,123.8,130.9,123.5,119.5
SEALER-0081,1312,21:52,121.9,127.8,139.1,131.3,129.5,137.6,134.4,129.5,123.4,129.6,123.2,120.4
SEALER-0081,1313,21:53,120.9,131.8,140.1,130.4,129.0,135.5,133.7,126.8,123.5,131.1,122.7,120.4
SEALER-0081,1314,21:54,120.4,130.7,139.7,130.7,130.1,136.7,133.5,129.3,123.8,131.5,124.6,118.6
SEALER-0081,1315,21:55,122.0,129.8,140.1,130.4,129.4,138.0,133.0,128.1,125.3,129.1,122.8,120.4
SEALER-0081,1316,21:56,119.8,130.2,138.6,130.1,130.5,137.1,135.0,126.8,124.2,129.7,124.8,119.6
SEALER-0081,1317,21:57,120.0,129.6,138.5,131.4,131.9,138.6,133.6,127.5,123.8,130.6,122.7,119.6
SEALER-0081,1318,21:58,120.3,129.5,139.2,131.9,131.1,136.4,134.5,126.8,124.6,130.9,123.4,120.7
SEALER-0081,1319,21:59,121.2,130.0,140.7,129.9,129.7,136.4,134.7,129.3,123.5,130.3,121.4,120.2
SEALER-0081,1320,22:00,122.0,131.8,139.4,131.3,128.8,137.3,134.8,128.9,124.6,130.2,123.1,118.0
SEALER-0081,1321,22:01,120.7,129.2,139.5,131.6,129.2,137.3,133.4,127.5,126.2,130.0,124.0,121.0
SEALER-0081,1322,22:02,121.1,131.4,139.5,131.0,130.1,136.3,133.4,127.9,122.1,130.9,123.5,119.5
SEALER-0081,1323,22:03,120.5,130.3,140.6,131.4,128.8,137.0,133.3,127.4,123.8,131.2,123.9,121.0
SEALER-0081,1324,22:04,120.0,129.1,138.7,132.4,130.1,138.0,133.3,128.2,124.8,129.5,122.5,121.0
SEALER-0081,1325,22:05,122.6,130.4,139.5,131.7,129.5,136.0,135.0,128.0,122.8,130.1,121.8,120.3
SEALER-0081,1326,22:06,121.6,130.8,139.2,132.1,129.6,137.7,134.3,128.2,123.7,130.6,121.4,120.1
SEALER-0081,1327,22:07,120.9,131.4,139.8,130.4,129.7,136.8,133.0,129.0,122.8,129.0,124.2,120.5
SEALER-0081,1328,22:08,121.5,130.3,139.3,131.6,129.0,136.3,135.1,127.5,125.4,131.2,123.3,118.8
SEALER-0081,1329,22:09,119.9,130.8,139.7,130.8,129.0,137.2,133.7,128.2,124.2,131.7,123.4,119.8
SEALER-0081,1330,22:10,119.3,130.5,140.4,130.6,129.8,138.6,134.9,126.8,123.6,131.7,124.5,119.1
SEALER-0081,1331,22:11,121.8,130.0,138.2,132.0,129.1,135.9,134.0,126.1,123.6,131.3,124.9,117.5
SEALER-0081,1332,22:12,120.8,131.0,139.6,130.1,129.4,138.6,134.6,127.0,124.3,132.0,124.6,120.7
SEALER-0081,1333,22:13,121.0,130.6,139.9,130.3,129.4,138.6,132.4,129.6,124.2,130.4,123.6,121.2
SEALER-0081,1334,22:14,120.8,130.5,140.1,131.9,130.1,137.4,133.0,128.6,123.1,130.1,123.4,119.6
SEALER-0081,1335,22:15,121.4,131.2,139.9,128.0,128.9,138.2,134.0,129.6,124.1,130.9,123.9,120.2
SEALER-0081,1336,22:16,121.4,130.0,138.6,132.0,130.0,138.2,133.6,128.5,123.7,127.9,125.5,119.6
SEALER-0081,1337,22:17,120.2,128.6,139.3,132.0,130.8,138.0,134.2,128.0,124.1,130.5,123.7,119.5
SEALER-0081,1338,22:18,120.9,130.2,139.3,132.0,129.5,136.8,135.5,127.5,123.3,131.8,122.8,119.6
SEALER-0081,1339,22:19,121.7,132.3,140.3,131.8,130.6,137.5,136.1,129.3,124.0,130.9,123.3,119.1
SEALER-0081,1340,22:20,121.2,129.9,139.9,130.4,130.4,137.7,133.0,129.6,123.6,130.6,124.5,119.1
SEALER-0081,1341,22:21,121.8,130.3,139.3,130.5,129.1,136.6,134.1,127.4,124.9,132.0,122.6,121.7
SEALER-0081,1342,22:22,120.6,128.8,139.7,130.1,130.0,138.6,134.5,128.0,123.7,130.3,123.9,120.6
SEALER-0081,1343,22:23,120.8,131.0,139.5,130.9,127.6,137.2,133.8,128.3,123.9,130.4,124.2,120.2
SEALER-0081,1344,22:24,121.4,129.5,139.7,130.2,130.3,139.9,134.4,128.3,122.6,131.3,123.8,120.4
SEALER-0081,1345,22:25,120.6,131.4,138.1,130.1,130.1,137.7,135.9,127.8,124.2,129.7,121.5,119.7
SEALER-0081,1346,22:26,121.1,130.6,139.3,132.8,130.0,136.9,134.0,128.2,124.5,129.6,123.5,118.9
SEALER-0081,1347,22:27,120.7,130.2,139.0,131.1,128.8,136.6,134.9,128.3,123.7,129.3,123.6,120.9
SEALER-0081,1348,22:28,120.6,129.3,139.4,130.7,130.5,137.3,133.5,127.6,123.1,130.2,123.6,119.1
SEALER-0081,1349,22:29,121.2,130.2,137.1,131.1,129.3,137.6,133.2,129.1,122.8,131.1,123.6,120.3
SEALER-0081,1350,22:30,120.3,130.7,138.5,131.2,130.4,137.6,133.2,128.3,123.6,132.1,123.7,120.1
SEALER-0081,1351,22:31,121.9,131.0,138.5,130.8,130.9,139.3,134.9,128.5,124.9,130.7,122.8,118.5
SEALER-0081,1352,22:32,119.8,130.2,139.3,130.9,130.3,136.0,134.1,127.4,123.4,129.9,123.8,119.5
SEALER-0081,1353,22:33,121.8,130.3,139.0,130.5,130.8,137.2,134.0,128.8,123.1,131.2,124.5,118.4
SEALER-0081,1354,22:34,121.0,130.2,139.2,130.8,131.1,136.4,134.3,127.1,124.9,128.4,122.1,118.2
SEALER-0081,1355,22:35,119.3,130.2,139.7,131.6,130.5,138.9,134.4,127.3,124.6,131.1,123.1,120.6
SEALER-0081,1356,22:36,119.8,131.9,139.5,130.9,127.8,137.5,133.1,127.1,123.8,130.0,122.8,119.6
SEALER-0081,1357,22:37,120.6,130.9,138.3,130.5,130.0,136.9,132.7,129.6,122.5,130.7,123.7,121.4
SEALER-0081,1358,22:38,121.9,131.2,139.3,131.1,130.3,136.7,134.7,127.8,123.4,129.2,123.5,119.7
SEALER-0081,1359,22:39,121.0,131.2,138.7,131.5,131.1,138.1,134.8,128.3,123.5,131.9,124.3,121.8
SEALER-0081,1360,22:40,120.7,130.8,139.0,131.7,130.1,137.7,133.5,127.9,123.2,131.0,123.6,119.1
SEALER-0081,1361,22:41,120.3,130.0,138.8,129.5,130.8,136.2,133.5,129.4,123.6,129.4,124.3,118.9
SEALER-0081,1362,22:42,120.5,129.6,139.1,132.2,128.6,138.6,134.4,126.6,123.0,130.4,122.5,120.9
SEALER-0081,1363,22:43,121.4,131.7,139.1,130.9,128.9,137.7,134.7,130.1,124.6,130.3,122.9,119.1
SEALER-0081,1364,22:44,121.2,131.1,140.5,128.5,129.8,138.3,133.4,127.0,125.1,130.1,123.4,119.9
SEALER-0081,1365,22:45,121.7,130.2,139.9,130.6,129.6,137.4,134.5,128.5,125.0,128.9,122.3,120.7
SEALER-0081,1366,22:46,120.9,130.3,139.0,130.4,130.3,138.7,135.1,129.4,125.5,130.4,122.3,118.9
SEALER-0081,1367,22:47,119.9,130.5,139.5,132.5,131.4,137.2,133.9,128.1,123.4,131.2,122.7,118.9
SEALER-0081,1368,22:48,121.2,129.4,139.6,129.9,130.4,136.8,133.7,128.8,123.7,131.6,122.5,120.4
SEALER-0081,1369,22:49,121.3,128.1,138.8,131.5,129.6,137.3,133.8,129.6,123.8,131.1,123.0,121.3
SEALER-0081,1370,22:50,120.2,129.8,139.4,131.9,129.0,138.4,135.5,127.6,125.3,131.3,125.2,120.5
SEALER-0081,1371,22:51,119.9,129.1,139.8,130.4,129.8,135.2,134.8,127.3,123.0,131.7,122.7,118.7
SEALER-0081,1372,22:52,120.8,129.4,139.9,130.8,129.1,137.2,135.3,127.6,123.6,130.8,123.1,119.6
SEALER-0081,1373,22:53,120.5,129.4,139.2,130.3,130.5,137.4,134.8,129.4,124.8,129.4,124.2,121.8
SEALER-0081,1374,22:54,120.3,131.3,138.2,131.8,131.0,137.9,134.3,126.8,123.1,131.0,123.5,120.8
SEALER-0081,1375,22:55,120.7,129.7,137.8,130.3,129.7,136.5,133.7,128.0,124.2,130.2,123.3,119.1
SEALER-0081,1376,22:56,120.7,130.6,138.7,132.9,129.7,138.3,134.7,127.8,123.2,131.0,123.6,120.7
SEALER-0081,1377,22:57,122.1,129.4,139.0,131.4,131.4,137.7,133.0,127.8,121.6,129.0,122.8,120.9
SEALER-0081,1378,22:58,119.2,130.8,138.7,131.1,127.9,136.7,133.8,127.5,123.5,131.1,124.4,119.3
SEALER-0081,1379,22:59,120.0,130.4,138.2,130.6,129.8,136.7,134.0,129.7,123.7,131.2,123.0,119.9
SEALER-0081,1380,23:00,121.2,130.3,139.2,129.5,130.3,137.0,135.3,128.5,124.3,129.6,124.5,120.6
SEALER-0081,1381,23:01,121.1,131.7,138.6,130.9,130.7,137.7,133.4,128.6,124.0,130.0,123.8,120.3
SEALER-0081,1382,23:02,121.6,131.2,138.0,131.0,130.2,138.4,135.9,126.5,123.2,130.5,124.8,119.4
SEALER-0081,1383,23:03,120.4,129.4,138.8,130.6,130.3,135.4,133.9,128.3,124.1,130.0,121.4,121.4
SEALER-0081,1384,23:04,120.1,129.5,139.1,132.1,129.3,137.7,135.0,128.1,123.8,130.0,123.4,119.1
SEALER-0081,1385,23:05,121.7,128.8,137.9,129.1,131.9,137.6,136.2,127.7,122.8,129.2,123.2,119.7
SEALER-0081,1386,23:06,120.4,130.7,139.2,130.5,129.4,138.2,135.4,128.0,123.0,129.5,124.4,120.5
SEALER-0081,1387,23:07,121.6,129.5,137.8,131.0,130.4,138.5,132.7,126.8,123.8,131.3,123.9,120.0
SEALER-0081,1388,23:08,121.8,129.9,138.2,130.4,128.5,135.3,133.9,128.1,124.8,129.5,122.9,120.4
SEALER-0081,1389,23:09,121.7,131.5,139.4,132.4,129.8,137.2,134.9,128.2,123.4,129.7,122.7,119.6
SEALER-0081,1390,23:10,121.0,130.4,139.3,131.6,129.3,136.6,135.3,127.4,123.3,129.4,123.7,120.7
SEALER-0081,1391,23:11,121.4,131.0,139.9,130.6,129.0,136.4,135.1,129.3,124.8,130.0,125.5,118.5
SEALER-0081,1392,23:12,121.5,129.4,138.7,130.4,129.0,138.5,133.7,130.1,124.2,131.1,122.8,120.2
SEALER-0081,1393,23:13,120.4,130.1,139.5,131.3,130.9,137.5,134.2,127.0,123.4,132.5,123.7,119.8
SEALER-0081,1394,23:14,121.8,129.7,138.8,131.0,128.4,136.3,134.2,127.5,124.0,130.0,123.2,118.8
SEALER-0081,1395,23:15,121.2,129.6,138.6,130.2,129.9,137.4,134.3,128.2,122.9,130.6,123.4,117.9
SEALER-0081,1396,23:16,119.7,130.1,137.5,130.6,129.6,139.4,135.7,128.3,124.9,129.6,122.8,119.8
SEALER-0081,1397,23:17,121.3,129.4,139.7,131.3,129.2,137.5,134.8,127.7,123.6,130.9,121.7,119.1
SEALER-0081,1398,23:18,120.4,131.3,138.5,131.1,129.4,135.3,132.9,128.8,122.8,130.2,125.2,119.7
SEALER-0081,1399,23:19,122.3,128.6,137.8,130.5,128.6,138.2,131.9,127.9,125.7,129.8,123.5,120.0
SEALER-0081,1400,23:20,122.6,130.4,140.3,130.3,129.9,136.6,133.6,129.1,124.1,130.2,122.7,120.5
SEALER-0081,1401,23:21,120.2,130.4,140.6,130.9,130.4,137.9,133.9,129.0,124.6,130.1,124.6,120.2
SEALER-0081,1402,23:22,121.7,130.8,139.7,131.1,130.0,137.7,135.8,127.1,123.3,132.8,123.5,120.0
SEALER-0081,1403,23:23,120.5,129.9,138.6,130.4,129.3,136.8,133.8,129.5,124.1,129.8,125.1,119.9
SEALER-0081,1404,23:24,122.2,131.0,138.0,130.6,130.1,135.7,133.3,128.5,125.7,130.9,123.3,118.8
SEALER-0081,1405,23:25,119.8,129.6,138.9,129.2,128.6,137.8,135.4,127.3,123.6,129.8,123.6,120.5
SEALER-0081,1406,23:26,119.5,130.4,138.2,131.0,130.2,136.0,134.5,128.8,122.7,129.7,123.1,120.0
SEALER-0081,1407,23:27,121.2,131.1,139.5,131.1,129.0,136.7,135.4,128.6,123.5,128.8,122.2,120.6
SEALER-0081,1408,23:28,120.0,129.4,140.5,130.9,128.7,136.4,134.3,127.8,124.3,129.6,122.2,120.2
SEALER-0081,1409,23:29,121.7,129.8,140.1,130.5,128.5,136.3,134.8,127.0,121.9,131.3,123.1,120.8
SEALER-0081,1410,23:30,120.0,129.7,139.6,131.2,129.8,138.7,134.0,128.4,123.6,131.6,123.5,118.9
SEALER-0081,1411,23:31,121.6,130.6,138.5,130.4,130.6,138.0,133.2,128.3,123.6,130.0,123.1,120.2
SEALER-0081,1412,23:32,123.1,130.8,138.3,131.2,130.0,137.1,134.7,127.4,123.3,131.2,125.1,119.9
SEALER-0081,1413,23:33,122.3,129.8,139.2,130.3,130.9,139.0,132.5,129.4,124.3,129.9,124.0,120.1
SEALER-0081,1414,23:34,119.5,131.3,138.7,129.5,130.1,137.1,134.2,129.2,123.7,129.2,124.1,120.5
SEALER-0081,1415,23:35,120.8,131.5,140.3,131.8,129.6,138.8,134.5,128.9,123.9,130.7,123.6,119.1
SEALER-0081,1416,23:36,121.5,129.8,140.1,130.7,131.2,135.8,134.2,129.4,123.6,130.4,122.9,118.8
SEALER-0081,1417,23:37,120.4,129.9,139.6,129.1,130.0,137.0,134.6,127.8,123.4,131.0,122.3,119.7
SEALER-0081,1418,23:38,120.7,131.9,138.2,130.4,131.0,136.5,134.3,128.4,123.2,129.9,123.8,118.9
SEALER-0081,1419,23:39,120.5,130.0,138.2,131.3,127.6,137.8,135.6,127.5,122.9,129.5,125.3,119.8
SEALER-0081,1420,23:40,120.2,130.7,137.8,129.8,130.7,136.9,133.2,128.0,124.1,131.8,123.2,119.1
SEALER-0081,1421,23:41,123.1,129.2,138.1,129.7,129.7,138.4,134.9,129.0,122.7,130.6,123.1,120.1
SEALER-0081,1422,23:42,120.8,128.5,139.2,130.3,129.0,137.3,133.8,126.9,122.3,130.0,124.7,119.3
SEALER-0081,1423,23:43,120.7,129.5,138.7,131.4,130.1,137.2,133.8,127.9,124.7,130.5,123.9,118.3
SEALER-0081,1424,23:44,120.2,130.5,140.0,129.4,129.4,136.4,133.1,127.9,125.0,129.4,123.2,120.2
SEALER-0081,1425,23:45,120.0,128.7,139.0,132.1,130.2,135.9,134.9,127.2,124.3,130.5,124.0,120.9
SEALER-0081,1426,23:46,121.3,130.1,139.2,131.3,129.4,137.1,135.5,128.0,123.2,129.5,124.3,119.4
SEALER-0081,1427,23:47,120.0,129.5,140.4,130.7,130.6,136.2,135.5,127.7,123.8,130.5,123.1,120.6
SEALER-0081,1428,23:48,120.0,129.7,139.1,130.3,128.7,136.8,133.2,128.1,123.7,130.7,123.9,118.3
SEALER-0081,1429,23:49,119.4,129.1,138.3,130.9,130.0,138.5,132.9,128.8,123.1,129.3,122.7,119.9
SEALER-0081,1430,23:50,120.4,129.2,139.0,131.3,130.2,137.9,134.5,128.2,124.1,129.2,123.5,118.3
SEALER-0081,1431,23:51,120.4,129.1,140.5,132.1,129.4,137.7,133.4,129.7,123.4,129.7,124.6,120.4
SEALER-0081,1432,23:52,120.4,130.5,139.0,131.1,128.9,137.7,133.3,127.8,124.8,130.9,124.3,119.3
SEALER-0081,1433,23:53,120.5,129.6,138.3,132.3,129.9,136.8,135.4,128.0,123.7,130.5,122.9,119.9
SEALER-0081,1434,23:54,120.6,129.4,138.2,130.7,129.7,137.8,132.3,128.0,125.4,132.0,123.9,121.4
SEALER-0081,1435,23:55,122.8,130.6,139.4,130.7,129.8,134.9,134.5,129.2,123.9,130.0,123.0,120.2
SEALER-0081,1436,23:56,119.2,130.8,140.2,130.4,129.0,137.8,135.0,128.4,123.2,130.6,123.8,120.3
SEALER-0081,1437,23:57,121.7,129.7,138.0,132.2,128.8,138.1,133.6,127.8,123.9,131.1,122.0,120.1
SEALER-0081,1438,23:58,121.6,130.4,138.4,130.9,129.3,137.1,134.8,127.3,123.4,130.5,124.9,119.5
SEALER-0081,1439,23:59,120.8,131.4,139.2,131.5,129.6,137.9,134.3,127.7,125.0,131.6,122.5,119.9
SEALER-0081,1440,24:00,121.4,132.0,138.8,131.4,129.7,138.0,132.8,128.9,124.0,130.6,123.3,120.2
SEALER-0081,1441,24:01,122.7,129.4,138.7,130.9,129.3,137.4,134.7,128.5,123.7,130.8,123.1,119.3
SEALER-0081,1442,24:02,120.2,129.4,139.9,130.2,129.5,137.2,133.6,128.1,122.9,132.3,123.8,119.6
SEALER-0081,1443,24:03,120.4,131.2,138.3,128.5,130.6,136.7,132.9,125.7,124.1,131.8,123.5,118.3
SEALER-0081,1444,24:04,119.7,129.8,139.1,130.8,129.8,137.6,134.1,128.1,123.3,130.0,124.1,119.5
SEALER-0081,1445,24:05,121.6,129.8,136.4,131.8,131.9,137.0,133.8,126.6,123.3,131.7,123.2,118.8
SEALER-0081,1446,24:06,122.0,130.1,138.7,131.0,128.7,137.0,133.9,128.7,122.9,130.9,123.4,119.3
SEALER-0081,1447,24:07,121.6,131.4,138.7,131.2,129.5,137.7,133.7,128.6,121.9,130.3,122.4,119.3
SEALER-0081,1448,24:08,121.9,130.2,139.7,132.7,129.0,138.0,133.0,128.9,125.3,130.1,122.9,120.6
SEALER-0081,1449,24:09,122.0,129.7,138.2,130.9,130.6,136.1,134.2,128.0,123.3,130.8,122.7,120.4
SEALER-0081,1450,24:10,121.8,129.3,138.7,131.0,129.3,136.0,134.2,127.5,122.9,131.2,124.0,119.3
SEALER-0081,1451,24:11,120.9,129.9,138.4,132.6,129.0,137.9,134.6,127.3,123.5,130.3,123.0,118.2
SEALER-0081,1452,24:12,121.8,130.1,139.1,129.0,128.8,137.7,134.2,128.0,123.1,130.9,122.8,119.3
SEALER-0081,1453,24:13,120.7,131.1,139.4,130.9,129.9,138.5,134.4,127.3,124.7,128.9,123.4,118.5
SEALER-0081,1454,24:14,123.5,129.6,141.0,131.3,130.9,137.2,132.9,127.3,122.4,132.0,123.4,119.6
SEALER-0081,1455,24:15,120.0,129.3,137.5,131.2,129.7,137.1,135.4,128.7,123.3,129.8,123.3,120.0
SEALER-0081,1456,24:16,121.8,129.3,139.5,131.3,131.3,136.2,132.6,129.0,125.2,128.9,122.9,119.8
SEALER-0081,1457,24:17,121.4,129.9,139.5,132.2,129.3,136.1,132.9,128.3,123.2,128.8,124.2,119.7
SEALER-0081,1458,24:18,121.1,130.3,139.2,131.8,130.7,137.7,134.8,128.2,122.6,128.6,123.1,118.9
SEALER-0081,1459,24:19,120.4,130.5,138.5,130.5,127.6,137.8,134.1,128.6,125.3,129.5,125.4,120.1
SEALER-0081,1460,24:20,121.5,129.6,138.0,130.8,130.5,137.3,134.3,128.0,123.1,129.6,122.7,120.0
SEALER-0081,1461,24:21,122.2,130.5,141.9,131.3,128.6,137.8,134.0,128.3,124.5,130.1,126.0,120.5
SEALER-0081,1462,24:22,120.3,129.2,138.5,130.6,129.4,137.8,135.7,128.8,123.8,129.5,123.5,118.7
SEALER-0081,1463,24:23,120.0,129.9,136.9,131.0,131.8,138.4,132.7,128.7,124.9,129.4,123.3,119.8
SEALER-0081,1464,24:24,120.1,130.1,138.0,130.4,129.7,138.0,134.7,127.8,123.0,129.0,123.1,119.0
SEALER-0081,1465,24:25,121.0,131.5,136.9,131.7,129.6,136.6,134.7,128.9,123.7,129.0,123.9,119.0
SEALER-0081,1466,24:26,120.7,132.1,136.7,131.4,130.6,138.1,133.4,128.5,124.3,128.4,123.8,119.3
SEALER-0081,1467,24:27,121.4,130.7,136.7,130.2,131.4,137.2,135.1,129.1,122.4,128.2,124.0,120.1
SEALER-0081,1468,24:28,120.9,131.2,136.3,130.4,129.1,138.6,134.1,128.7,124.4,127.7,123.7,120.7
SEALER-0081,1469,24:29,120.9,130.1,136.5,130.1,131.7,137.3,133.6,128.6,124.7,128.3,123.6,119.7
SEALER-0081,1470,24:30,120.5,129.7,135.0,129.6,130.9,137.2,133.8,128.3,124.0,128.1,123.9,120.4
SEALER-0081,1471,24:31,123.0,129.8,135.8,129.5,130.5,136.4,134.6,126.6,123.4,127.4,123.7,119.8
SEALER-0081,1472,24:32,120.2,130.2,136.1,129.7,129.7,136.4,133.7,128.4,125.0,126.8,123.1,119.4
SEALER-0081,1473,24:33,121.4,128.7,134.9,129.1,129.9,137.1,133.8,128.5,124.2,126.6,123.0,119.6
SEALER-0081,1474,24:34,118.4,130.3,135.1,128.8,129.4,138.8,134.4,128.3,123.4,127.3,123.1,120.6
SEALER-0081,1475,24:35,119.5,129.0,135.2,129.3,129.0,135.1,134.3,127.5,122.8,127.3,122.8,119.2
SEALER-0081,1476,24:36,120.8,128.5,134.7,129.3,130.0,138.3,133.3,128.3,123.1,125.9,122.5,119.9
SEALER-0081,1477,24:37,121.8,129.1,134.6,128.3,131.9,136.9,133.1,128.6,122.5,126.5,122.3,119.6
SEALER-0081,1478,24:38,121.3,129.0,135.0,127.9,128.4,136.5,134.1,126.8,122.1,125.7,121.9,120.6
SEALER-0081,1479,24:39,120.6,127.7,133.6,127.8,128.3,136.3,133.7,126.8,122.7,125.3,121.1,120.4
SEALER-0081,1480,24:40,120.4,127.5,133.9,128.3,129.3,137.6,133.7,128.1,122.2,125.0,122.2,119.3
SEALER-0081,1481,24:41,121.0,128.0,134.1,127.0,130.3,137.1,134.5,128.8,121.7,125.3,121.3,118.5
SEALER-0081,1482,24:42,121.3,127.0,133.5,127.5,131.4,137.4,134.3,126.9,121.3,125.0,121.7,120.3
SEALER-0081,1483,24:43,121.0,126.2,133.6,126.9,131.3,137.2,133.0,128.7,121.4,124.4,120.3,119.0
SEALER-0081,1484,24:44,120.7,127.4,132.9,127.0,129.2,138.5,135.4,128.6,121.6,124.4,120.7,118.5
SEALER-0081,1485,24:45,120.2,127.3,132.3,126.8,129.1,136.7,134.7,129.3,121.0,124.6,120.7,120.8
SEALER-0081,1486,24:46,120.2,125.5,132.5,127.0,129.0,136.7,134.8,126.3,121.4,123.8,118.9,120.9
SEALER-0081,1487,24:47,119.5,126.6,131.9,126.1,128.2,137.9,133.6,128.0,121.1,124.2,121.0,120.6
SEALER-0081,1488,24:48,120.4,125.9,132.3,125.7,130.9,137.2,135.0,128.1,120.3,124.0,120.5,120.7
SEALER-0081,1489,24:49,119.6,124.9,132.1,125.0,127.6,136.9,133.9,128.3,120.0,123.2,119.9,119.6
SEALER-0081,1490,24:50,118.5,124.7,131.3,125.7,129.3,136.8,133.8,127.8,120.2,123.2,119.7,119.9
SEALER-0081,1491,24:51,119.7,124.8,131.9,125.2,130.6,137.0,133.5,127.8,119.7,123.7,118.8,119.2
SEALER-0081,1492,24:52,119.6,125.1,130.0,125.0,131.4,137.0,135.1,129.3,119.1,122.5,119.5,118.6
SEALER-0081,1493,24:53,117.8,124.4,129.5,124.3,130.4,135.2,135.3,128.9,118.7,123.4,118.4,119.4
SEALER-0081,1494,24:54,117.7,123.8,130.6,124.0,129.0,135.9,134.6,127.6,119.0,122.7,118.1,119.0
SEALER-0081,1495,24:55,118.1,123.6,130.3,124.0,129.9,137.5,133.5,128.1,117.9,122.3,118.5,118.9
SEALER-0081,1496,24:56,119.4,123.7,128.9,124.0,129.5,136.8,133.3,128.1,118.5,121.1,117.8,118.5
SEALER-0081,1497,24:57,118.5,124.1,129.3,123.5,129.6,137.7,135.7,128.7,118.0,122.0,118.1,118.1
SEALER-0081,1498,24:58,117.5,123.8,130.5,123.5,127.3,138.4,134.0,127.4,118.4,121.4,117.7,118.0
SEALER-0081,1499,24:59,116.3,122.9,128.5,123.5,128.3,138.0,132.5,126.8,117.4,121.2,116.9,118.4
SEALER-0081,1500,25:00,117.7,123.0,128.7,122.1,128.2,137.0,133.6,125.9,117.9,120.5,117.1,118.8
SEALER-0081,1501,25:01,117.1,123.3,129.1,122.4,126.4,137.9,132.8,127.0,117.7,120.4,116.3,118.3
SEALER-0081,1502,25:02,116.9,122.2,128.9,123.0,127.5,137.1,133.5,125.4,117.5,120.9,117.4,117.1
SEALER-0081,1503,25:03,117.0,123.1,128.5,122.5,125.7,136.5,133.5,126.1,117.3,120.1,116.5,116.9
SEALER-0081,1504,25:04,115.9,122.5,127.2,122.8,126.9,137.1,133.0,125.4,117.3,121.0,116.0,116.8
SEALER-0081,1505,25:05,116.8,122.0,128.8,121.7,126.7,136.6,132.7,126.9,117.0,120.1,115.8,116.6
SEALER-0081,1506,25:06,114.5,122.6,128.6,122.5,126.6,136.9,132.4,125.2,116.7,119.4,115.1,117.1
SEALER-0081,1507,25:07,116.1,121.2,126.5,122.1,126.2,135.1,131.2,125.3,116.6,119.7,115.0,115.8
SEALER-0081,1508,25:08,115.6,120.8,127.2,121.0,125.1,136.2,132.2,125.4,115.5,119.6,114.9,117.4
SEALER-0081,1509,25:09,115.7,120.6,128.2,121.8,125.4,134.8,130.9,124.8,115.5,118.4,114.9,117.0
SEALER-0081,1510,25:10,116.0,120.2,127.2,120.3,125.1,135.5,131.6,124.6,116.0,118.4,114.7,116.5
SEALER-0081,1511,25:11,115.9,120.5,125.8,120.8,124.4,134.5,130.3,124.4,115.8,119.3,115.1,117.0
SEALER-0081,1512,25:12,115.2,120.1,125.2,120.6,125.4,135.2,130.9,124.0,114.7,118.1,114.6,116.1
SEALER-0081,1513,25:13,114.8,120.6,125.4,120.9,124.8,134.9,130.2,123.1,114.9,117.9,114.3,115.3
SEALER-0081,1514,25:14,114.3,120.2,125.9,119.5,124.4,134.1,129.8,124.6,114.4,117.8,114.2,115.6
SEALER-0081,1515,25:15,114.6,119.6,125.9,120.1,124.4,134.0,129.9,123.9,114.4,117.3,113.9,114.8
SEALER-0081,1516,25:16,115.2,119.2,125.5,118.7,123.8,134.0,129.2,122.8,114.6,118.7,113.4,114.4
SEALER-0081,1517,25:17,113.8,119.6,124.7,118.6,123.9,134.0,129.9,122.1,114.1,116.8,114.1,114.5
SEALER-0081,1518,25:18,114.3,118.7,124.3,119.4,122.5,132.5,129.5,122.8,114.3,117.4,114.5,114.4
SEALER-0081,1519,25:19,113.8,118.9,124.9,118.9,123.3,133.1,127.8,122.1,114.0,118.1,113.0,114.7
SEALER-0081,1520,25:20,113.6,117.8,123.8,119.3,122.3,132.2,128.3,121.6,113.5,117.9,112.9,114.6
SEALER-0081,1521,25:21,114.1,118.1,123.8,119.4,122.3,132.5,129.4,121.5,113.0,117.3,112.7,114.3
SEALER-0081,1522,25:22,113.1,118.0,123.6,119.1,122.6,131.8,128.4,121.0,112.6,116.7,111.5,113.7
SEALER-0081,1523,25:23,112.6,118.1,123.1,117.5,121.3,131.7,128.4,121.0,113.7,116.1,111.6,113.6
SEALER-0081,1524,25:24,113.4,117.7,122.8,117.3,122.9,131.9,127.8,121.2,113.4,117.1,111.5,114.0
SEALER-0081,1525,25:25,113.0,117.4,122.7,117.1,122.0,131.5,126.6,120.1,112.5,116.9,111.0,113.3
SEALER-0081,1526,25:26,112.6,117.1,123.9,117.2,120.8,130.0,127.1,120.6,112.5,116.0,112.2,112.7
SEALER-0081,1527,25:27,112.9,117.1,122.4,117.8,120.6,130.4,127.4,121.1,112.4,116.1,111.7,113.2
SEALER-0081,1528,25:28,113.0,115.9,122.3,117.0,121.0,129.7,126.6,120.2,112.3,115.5,110.9,112.9
SEALER-0081,1529,25:29,112.5,117.0,121.6,117.3,119.9,129.8,126.1,119.5,111.8,115.8,111.1,113.1
SEALER-0081,1530,25:30,111.5,116.7,121.9,117.3,120.2,128.9,125.9,119.3,111.4,114.6,109.8,112.4
SEALER-0081,1531,25:31,111.8,115.5,122.6,115.7,119.7,130.8,125.4,120.4,112.0,114.4,110.5,112.3
SEALER-0081,1532,25:32,111.9,114.9,121.4,115.2,119.5,129.7,125.7,118.6,111.5,113.9,110.0,111.5
SEALER-0081,1533,25:33,111.9,115.2,121.9,116.0,119.0,128.7,124.4,118.2,110.6,114.3,111.0,111.6
SEALER-0081,1534,25:34,111.5,116.4,120.9,116.3,118.4,128.9,124.8,119.0,111.2,114.3,109.7,111.9
SEALER-0081,1535,25:35,111.1,114.5,120.8,115.8,119.0,129.3,124.5,117.7,110.9,114.3,109.6,111.3
SEALER-0081,1536,25:36,111.0,115.2,120.7,114.3,118.8,128.3,124.7,118.5,109.9,113.2,109.1,112.0
SEALER-0081,1537,25:37,110.7,114.6,120.5,115.8,118.0,127.9,124.3,117.7,110.0,112.5,108.7,112.0
SEALER-0081,1538,25:38,111.0,114.2,120.2,114.9,118.0,127.9,124.1,118.7,110.1,114.1,108.5,110.9
SEALER-0081,1539,25:39,109.8,115.3,118.9,115.3,118.7,128.1,124.0,117.7,110.8,113.5,108.7,111.1
SEALER-0081,1540,25:40,109.8,113.8,120.3,114.7,117.9,128.8,123.0,116.9,110.7,112.4,108.6,110.5
SEALER-0081,1541,25:41,110.6,114.2,119.2,114.8,116.7,127.0,123.0,116.2,110.4,112.9,107.8,111.0
SEALER-0081,1542,25:42,109.8,113.4,119.3,114.1,117.6,125.6,121.7,118.2,110.2,113.1,107.7,109.5
SEALER-0081,1543,25:43,109.4,113.3,119.0,114.0,116.9,127.0,122.5,117.1,109.9,112.9,107.9,109.5
SEALER-0081,1544,25:44,109.6,113.4,119.0,113.6,116.4,126.2,121.7,115.9,109.2,112.6,107.8,109.3
SEALER-0081,1545,25:45,109.7,113.5,118.8,114.3,117.2,126.0,121.2,115.9,109.0,112.3,108.6,109.8
SEALER-0081,1546,25:46,109.3,113.1,117.7,113.5,116.7,125.6,122.0,115.7,109.6,111.8,107.5,108.9
SEALER-0081,1547,25:47,109.7,112.5,118.1,113.3,116.6,124.9,121.7,116.3,108.4,111.9,106.9,108.7
SEALER-0081,1548,25:48,108.9,112.4,117.8,112.6,116.3,125.4,120.8,116.2,108.5,111.5,107.1,109.6
SEALER-0081,1549,25:49,108.3,113.0,118.0,113.4,116.2,125.1,120.7,115.5,108.3,110.8,106.8,109.3
SEALER-0081,1550,25:50,108.5,111.7,118.1,113.0,116.1,124.3,121.8,115.4,108.6,112.0,107.1,108.8
SEALER-0081,1551,25:51,108.5,111.8,117.9,111.3,115.0,124.6,121.0,115.1,107.9,111.1,106.1,108.5
SEALER-0081,1552,25:52,108.1,111.7,118.2,112.4,115.4,125.2,120.8,114.7,107.3,109.8,106.0,109.4
SEALER-0081,1553,25:53,108.5,111.8,117.1,112.4,115.3,123.3,120.3,115.0,107.2,110.5,106.0,108.4
SEALER-0081,1554,25:54,107.5,110.4,117.0,112.0,114.1,123.3,119.4,114.5,107.1,110.8,106.7,109.7
SEALER-0081,1555,25:55,107.5,111.6,117.2,111.8,114.7,123.5,119.4,114.2,107.4,109.8,105.6,108.1
SEALER-0081,1556,25:56,107.6,111.1,117.2,111.9,114.7,123.3,119.4,112.6,106.4,109.2,106.1,108.4
SEALER-0081,1557,25:57,107.5,111.5,116.2,110.8,114.9,122.6,119.5,113.3,106.8,109.5,105.5,107.0
SEALER-0081,1558,25:58,108.0,110.8,116.0,110.9,114.6,122.8,119.7,113.6,106.6,109.5,104.2,107.8
SEALER-0081,1559,25:59,107.5,110.3,115.6,111.3,113.1,122.1,117.9,113.4,106.9,109.8,104.6,106.9
SEALER-0081,1560,26:00,106.5,109.9,116.1,111.7,113.7,122.6,118.5,112.7,106.2,109.7,104.5,107.1
SEALER-0081,1561,26:01,106.5,110.2,115.9,110.2,113.6,121.4,119.6,112.5,105.4,109.4,104.3,107.2
SEALER-0081,1562,26:02,106.2,109.6,115.1,110.0,113.8,122.5,117.7,113.2,106.1,108.2,103.9,107.3
SEALER-0081,1563,26:03,106.7,109.5,115.2,109.8,112.4,120.9,118.1,111.9,105.5,108.8,104.7,106.4
SEALER-0081,1564,26:04,106.5,109.5,114.9,110.7,112.5,121.3,118.5,111.8,105.3,108.7,104.2,106.8
SEALER-0081,1565,26:05,106.2,108.8,114.3,110.2,112.7,121.4,116.6,112.6,105.2,107.8,103.4,106.6
SEALER-0081,1566,26:06,106.1,108.1,114.7,108.9,112.4,121.7,116.8,111.2,104.8,108.0,104.2,106.6
SEALER-0081,1567,26:07,105.6,108.4,114.2,110.0,111.6,119.6,116.8,111.3,105.6,107.1,103.2,106.5
SEALER-0081,1568,26:08,106.0,108.0,113.9,109.3,112.3,120.8,116.7,110.8,104.6,108.0,103.9,106.4
SEALER-0081,1569,26:09,105.0,107.5,113.6,109.8,112.0,120.8,116.0,110.4,104.6,107.7,103.7,106.0
SEALER-0081,1570,26:10,105.5,109.0,113.7,109.5,110.9,120.1,116.0,111.5,104.2,107.7,103.2,104.9
SEALER-0081,1571,26:11,104.6,108.1,114.3,109.4,111.4,119.9,116.1,110.6,104.1,107.3,103.2,105.1
SEALER-0081,1572,26:12,104.6,107.2,113.4,109.1,110.3,119.2,115.7,110.4,103.5,107.3,102.7,105.3
SEALER-0081,1573,26:13,104.4,107.2,114.7,108.8,109.8,119.3,116.0,110.3,103.7,106.6,100.8,105.3
SEALER-0081,1574,26:14,104.7,107.8,112.8,107.6,111.1,118.1,115.0,109.9,103.0,106.3,102.3,105.4
SEALER-0081,1575,26:15,104.8,107.4,113.4,107.9,110.7,118.9,115.1,110.1,102.9,105.8,101.8,104.7
SEALER-0081,1576,26:16,103.9,106.7,113.5,108.2,110.0,118.7,114.9,110.5,103.8,106.5,103.0,105.0
SEALER-0081,1577,26:17,104.3,106.0,112.5,108.0,111.0,118.0,114.4,109.4,103.2,105.7,103.2,104.4
SEALER-0081,1578,26:18,104.2,108.2,112.2,107.0,109.7,117.9,113.1,109.2,103.3,106.4,100.5,105.1
SEALER-0081,1579,26:19,103.4,106.2,111.6,107.0,108.2,117.9,113.6,108.8,103.3,106.4,102.1,104.1
SEALER-0081,1580,26:20,104.1,106.3,111.7,106.1,108.3,117.5,114.5,108.9,102.3,105.6,100.9,105.0
SEALER-0081,1581,26:21,103.1,107.1,111.2,106.0,109.3,116.6,113.4,108.4,103.1,106.2,101.6,104.5
SEALER-0081,1582,26:22,103.3,105.8,110.9,107.6,108.5,116.4,113.5,108.9,102.6,105.2,101.0,103.9
SEALER-0081,1583,26:23,103.8,105.4,111.2,106.1,108.0,116.6,113.5,109.2,102.3,105.1,100.2,103.3
SEALER-0081,1584,26:24,102.8,105.9,111.3,106.7,108.8,115.6,113.2,108.2,102.0,105.5,100.2,103.2
SEALER-0081,1585,26:25,102.5,106.1,110.9,107.2,107.9,115.2,113.0,107.7,101.4,104.0,101.0,103.2
SEALER-0081,1586,26:26,102.7,105.9,111.1,106.6,108.1,116.3,112.7,107.2,102.3,105.9,99.8,102.6
SEALER-0081,1587,26:27,102.9,105.1,110.1,106.4,107.2,116.1,112.2,107.8,101.5,104.5,100.4,102.9
SEALER-0081,1588,26:28,102.7,104.2,110.7,105.5,107.3,114.9,112.9,108.1,101.6,105.0,99.4,103.2
SEALER-0081,1589,26:29,103.0,104.3,109.4,104.7,106.5,115.6,111.9,106.7,100.7,104.3,100.2,102.7
SEALER-0081,1590,26:30,102.7,104.5,111.1,104.6,106.6,115.5,112.3,106.5,101.7,103.3,101.0,102.5
SEALER-0081,1591,26:31,103.1,104.8,109.6,106.7,106.5,114.0,111.1,106.4,100.5,103.8,99.2,102.8
SEALER-0081,1592,26:32,101.8,103.0,109.5,105.4,106.3,114.0,110.3,106.4,100.6,103.0,98.8,100.9
SEALER-0081,1593,26:33,102.5,104.0,109.8,104.3,106.8,115.1,110.9,106.8,99.9,103.5,99.0,102.1
SEALER-0081,1594,26:34,102.0,104.0,109.3,104.9,106.8,113.0,110.4,104.8,100.8,103.4,98.7,102.2
SEALER-0081,1595,26:35,100.4,103.1,108.9,104.8,105.5,113.8,109.8,105.5,100.9,102.9,98.5,102.3
SEALER-0081,1596,26:36,100.6,103.1,108.6,104.4,106.1,114.3,109.6,105.8,99.7,102.8,99.2,101.8
SEALER-0081,1597,26:37,101.3,102.4,109.2,103.5,105.8,114.5,110.9,105.1,100.0,102.3,99.7,101.1
SEALER-0081,1598,26:38,100.7,103.1,108.6,104.1,104.0,112.8,110.2,105.8,99.2,102.3,97.5,101.3
SEALER-0081,1599,26:39,101.2,103.3,108.3,104.9,105.7,113.1,110.8,105.2,98.8,101.7,97.9,100.5
SEALER-0081,1600,26:40,100.2,102.3,108.4,103.8,105.0,113.3,108.7,104.5,99.6,102.2,98.0,100.6
SEALER-0081,1601,26:41,100.0,101.7,107.7,103.1,104.9,111.8,108.6,104.0,99.9,101.6,97.4,101.1
SEALER-0081,1602,26:42,100.7,101.8,107.8,102.7,105.2,112.0,109.4,104.7,98.5,102.6,96.8,100.3
SEALER-0081,1603,26:43,100.4,101.9,108.1,103.5,104.8,112.8,109.3,104.6,99.0,102.1,96.8,100.4
SEALER-0081,1604,26:44,99.0,100.7,107.2,103.4,104.3,111.6,108.7,104.5,98.7,102.1,96.8,100.3
SEALER-0081,1605,26:45,99.9,102.3,107.0,102.5,104.7,112.0,107.8,104.4,98.0,100.8,97.1,99.9
SEALER-0081,1606,26:46,100.2,101.1,106.8,102.2,103.9,111.1,107.4,103.0,97.6,100.8,95.8,100.1
SEALER-0081,1607,26:47,99.8,102.1,106.7,103.2,104.6,111.5,107.9,103.8,97.3,101.1,96.5,100.2
SEALER-0081,1608,26:48,99.5,101.1,106.0,102.3,103.8,111.8,108.3,103.2,98.2,102.2,96.1,99.4
SEALER-0081,1609,26:49,99.3,101.1,106.9,101.5,102.6,111.3,106.8,102.7,97.9,101.3,96.2,98.8
SEALER-0081,1610,26:50,99.1,101.2,106.2,102.2,103.8,111.2,107.5,102.8,98.2,100.9,96.1,98.8
SEALER-0081,1611,26:51,97.9,101.0,106.6,101.7,103.3,110.9,106.3,102.0,97.6,100.3,95.9,99.9
SEALER-0081,1612,26:52,99.8,101.0,105.5,101.8,102.1,109.6,107.4,102.6,97.3,100.8,96.2,97.7
SEALER-0081,1613,26:53,98.1,100.6,105.8,100.9,101.7,109.8,106.6,103.0,96.9,99.7,97.1,98.5
SEALER-0081,1614,26:54,98.8,100.3,105.2,101.9,101.6,108.9,106.6,101.4,97.3,100.9,95.7,98.7
SEALER-0081,1615,26:55,98.3,100.2,106.4,101.1,101.6,109.7,107.5,102.3,97.2,99.4,95.7,98.7
SEALER-0081,1616,26:56,98.0,99.4,104.7,101.0,102.2,109.1,105.7,102.1,96.2,100.0,95.3,98.8
SEALER-0081,1617,26:57,97.8,99.5,105.5,101.1,101.5,109.1,106.0,101.7,96.6,99.0,94.8,98.1
SEALER-0081,1618,26:58,98.6,99.6,104.5,100.6,101.2,108.8,105.0,101.2,97.3,99.7,95.6,97.6
SEALER-0081,1619,26:59,97.5,99.2,104.4,100.8,101.3,108.9,105.8,101.3,96.1,99.2,94.3,98.9
SEALER-0081,1620,27:00,97.7,99.3,105.0,99.2,101.3,109.3,105.4,101.0,95.5,98.9,94.5,98.0
SEALER-0081,1621,27:01,97.8,98.7,104.8,100.5,101.3,107.6,104.5,100.6,95.8,98.2,95.1,97.7
SEALER-0081,1622,27:02,97.4,99.0,104.5,100.1,101.2,109.2,104.0,100.8,96.4,98.2,93.9,97.4
SEALER-0081,1623,27:03,96.8,98.7,103.4,100.1,101.4,108.2,104.8,99.9,95.6,98.3,94.0,97.1
SEALER-0081,1624,27:04,97.1,98.1,103.3,100.4,99.8,107.7,104.1,100.3,95.7,97.5,93.8,97.7
SEALER-0081,1625,27:05,96.6,98.2,103.2,98.7,99.9,106.8,104.3,100.0,95.3,98.1,94.3,97.5
SEALER-0081,1626,27:06,96.7,98.0,103.3,99.5,99.8,107.6,103.9,100.6,95.1,97.6,93.7,97.0
SEALER-0081,1627,27:07,96.0,98.2,104.0,98.9,100.4,106.2,103.0,100.4,94.8,98.3,94.3,95.6
SEALER-0081,1628,27:08,96.3,98.3,102.5,98.6,100.0,106.9,102.7,99.6,94.4,97.2,93.1,97.8
SEALER-0081,1629,27:09,96.6,98.4,103.4,98.9,100.2,106.0,102.9,99.0,94.4,98.4,92.9,97.0
SEALER-0081,1630,27:10,95.8,97.0,102.5,99.4,99.8,107.3,104.0,99.4,94.7,97.2,93.1,95.8
SEALER-0081,1631,27:11,96.3,97.4,102.5,98.3,99.0,106.0,103.0,98.6,94.5,97.9,93.6,95.7
SEALER-0081,1632,27:12,96.4,96.8,102.6,98.6,98.9,106.0,103.0,98.8,93.7,97.2,93.0,96.9
SEALER-0081,1633,27:13,96.0,97.0,102.3,98.7,99.0,105.6,102.9,99.1,93.9,97.2,93.3,96.0
SEALER-0081,1634,27:14,95.0,97.5,102.1,98.4,98.9,105.7,102.0,98.3,93.2,95.7,92.1,96.5
SEALER-0081,1635,27:15,96.5,96.0,102.7,97.8,98.5,105.6,102.4,98.5,93.2,96.8,93.3,95.7
SEALER-0081,1636,27:16,95.9,96.8,102.2,97.6,98.5,105.0,102.4,98.6,93.2,96.5,92.6,96.8
SEALER-0081,1637,27:17,95.5,96.1,101.5,97.0,98.8,105.4,101.3,98.7,94.1,96.7,91.2,95.2
SEALER-0081,1638,27:18,95.1,96.2,100.7,98.1,97.5,104.8,102.1,98.2,92.9,96.4,91.5,95.1
SEALER-0081,1639,27:19,95.0,96.7,101.4,98.1,97.6,105.1,100.9,97.5,93.4,94.6,91.7,95.2
SEALER-0081,1640,27:20,95.3,96.1,102.1,97.0,98.3,104.9,102.5,98.0,93.7,95.8,90.8,95.1
SEALER-0081,1641,27:21,94.8,95.1,101.9,96.5,97.8,105.0,100.3,98.0,93.6,96.4,91.5,95.3
SEALER-0081,1642,27:22,95.4,95.2,100.6,96.7,98.3,104.2,100.6,97.7,93.0,95.9,91.9,94.8
SEALER-0081,1643,27:23,93.7,95.5,99.5,97.1,96.7,103.9,100.3,96.5,92.5,96.3,91.8,94.7
SEALER-0081,1644,27:24,95.6,94.4,100.6,96.1,96.8,103.8,99.9,98.5,92.2,94.5,91.7,94.1
SEALER-0081,1645,27:25,94.4,94.7,100.6,96.3,97.0,104.1,99.7,96.9,91.8,95.8,90.7,94.0
SEALER-0081,1646,27:26,94.1,95.3,100.1,95.4,97.2,103.4,100.3,96.8,91.9,94.0,91.3,94.3
SEALER-0081,1647,27:27,93.8,94.5,99.8,96.7,97.2,102.8,100.8,97.0,92.3,94.8,91.3,93.6
SEALER-0081,1648,27:28,92.9,95.4,99.5,95.7,95.8,102.9,99.7,96.4,92.7,94.6,90.6,93.3
SEALER-0081,1649,27:29,93.7,94.2,99.4,95.8,96.3,102.4,100.4,96.4,90.8,95.2,89.9,94.1
SEALER-0081,1650,27:30,93.1,94.7,98.8,95.0,95.3,102.4,99.1,95.6,92.5,94.5,90.0,94.2
SEALER-0081,1651,27:31,93.2,94.2,99.2,95.2,95.4,101.9,99.4,95.8,91.4,94.3,89.9,93.4
SEALER-0081,1652,27:32,93.1,93.2,98.9,94.1,95.3,102.1,99.4,94.8,91.5,94.6,90.1,93.3
SEALER-0081,1653,27:33,92.9,94.3,99.1,95.2,95.3,101.6,98.8,95.5,91.1,94.1,89.2,93.2
SEALER-0081,1654,27:34,93.5,93.8,98.3,95.0,95.3,102.7,99.1,94.5,90.8,93.3,89.8,93.5
SEALER-0081,1655,27:35,93.6,92.7,98.7,95.8,95.5,101.6,98.7,94.3,91.4,94.3,89.0,93.4
SEALER-0081,1656,27:36,93.1,93.4,98.2,93.2,95.1,101.8,98.0,93.9,91.1,93.6,88.8,93.2
SEALER-0081,1657,27:37,92.5,93.3,98.4,94.3,95.0,100.4,97.6,94.6,89.7,93.5,89.4,91.6
SEALER-0081,1658,27:38,93.3,93.3,98.9,94.1,94.4,100.9,97.5,94.6,90.7,93.1,88.7,92.7
SEALER-0081,1659,27:39,92.1,93.0,98.8,95.5,94.5,100.5,97.1,94.5,89.8,93.6,88.2,92.9
SEALER-0081,1660,27:40,93.0,92.4,97.9,94.0,94.6,100.7,97.0,94.5,89.9,91.9,88.6,92.6
SEALER-0081,1661,27:41,91.7,92.3,97.9,93.8,94.9,101.0,96.7,94.1,90.1,91.8,88.2,92.4
SEALER-0081,1662,27:42,92.3,91.7,96.8,93.8,93.8,100.2,97.1,93.8,89.8,92.7,89.0,91.7
SEALER-0081,1663,27:43,91.1,92.5,97.1,94.0,93.9,100.2,97.1,93.5,90.1,92.7,87.8,92.0
SEALER-0081,1664,27:44,92.2,91.6,97.7,93.4,93.7,100.9,97.4,94.1,89.0,92.3,87.4,91.9
SEALER-0081,1665,27:45,90.6,91.9,97.4,93.5,93.1,100.0,97.3,93.9,89.9,92.4,88.7,92.4
SEALER-0081,1666,27:46,90.8,91.0,96.6,92.8,93.7,100.3,96.1,92.6,89.4,91.7,88.3,91.9
SEALER-0081,1667,27:47,91.7,92.2,97.9,93.7,93.7,99.3,95.5,92.8,88.7,91.9,86.3,91.1
SEALER-0081,1668,27:48,90.8,91.7,96.3,94.0,93.1,99.0,96.8,93.5,89.4,92.2,87.6,91.0
SEALER-0081,1669,27:49,91.5,91.2,97.1,92.9,93.2,99.7,96.2,93.3,89.4,92.2,88.6,90.8
SEALER-0081,1670,27:50,90.6,91.2,96.0,92.4,92.2,98.8,95.7,93.4,89.5,91.3,86.9,91.8
SEALER-0081,1671,27:51,90.9,91.6,96.8,92.7,92.5,98.2,96.1,92.0,88.1,90.9,86.9,90.4
SEALER-0081,1672,27:52,91.1,89.7,97.1,93.3,92.6,99.2,94.7,91.8,88.3,91.5,87.2,91.1
SEALER-0081,1673,27:53,90.9,90.2,95.4,92.6,92.4,98.7,95.1,91.9,88.6,91.7,87.2,90.5
SEALER-0081,1674,27:54,91.4,91.1,94.6,92.2,92.4,98.1,94.5,92.1,88.6,91.8,87.1,90.2
SEALER-0081,1675,27:55,90.5,90.6,95.2,92.0,92.3,97.9,95.6,91.7,89.4,90.7,86.8,89.8
SEALER-0081,1676,27:56,90.6,89.8,95.7,90.8,91.9,97.3,94.6,92.2,88.3,91.8,85.7,89.9
SEALER-0081,1677,27:57,89.8,90.0,94.8,91.3,91.7,97.5,95.1,91.0,88.9,91.4,85.2,89.5
SEALER-0081,1678,27:58,90.4,90.6,94.7,91.4,92.1,98.0,94.7,91.3,88.0,89.5,84.9,89.2
SEALER-0081,1679,27:59,89.7,89.7,95.5,91.5,90.6,97.3,94.3,91.1,88.2,90.7,86.0,90.3
SEALER-0081,1680,28:00,89.3,88.6,94.6,91.7,90.1,97.3,94.2,91.1,87.6,90.2,85.2,89.5
SEALER-0081,1681,28:01,89.5,90.1,94.7,90.8,91.4,95.7,93.3,91.0,88.7,90.1,85.5,89.7
SEALER-0081,1682,28:02,89.6,89.4,93.5,90.5,91.9,96.7,93.7,90.4,87.3,90.8,86.7,89.0
SEALER-0081,1683,28:03,90.0,89.1,93.9,91.4,90.5,96.4,92.9,90.8,87.9,89.0,84.4,89.2
SEALER-0081,1684,28:04,89.5,89.8,94.7,91.2,90.4,96.7,93.7,90.7,87.3,90.4,85.0,89.1
SEALER-0081,1685,28:05,89.5,88.3,94.1,90.4,89.7,96.6,92.6,91.2,86.5,89.1,85.2,90.1
SEALER-0081,1686,28:06,89.4,89.4,94.3,90.6,89.4,96.3,92.8,89.8,86.5,89.4,85.4,89.5
SEALER-0081,1687,28:07,89.2,88.7,93.2,90.2,90.5,95.6,92.7,90.3,86.6,89.6,84.9,89.4
SEALER-0081,1688,28:08,88.2,88.3,93.7,90.3,89.7,96.2,93.0,89.7,86.8,88.9,84.3,88.3
SEALER-0081,1689,28:09,88.7,88.6,93.4,89.7,89.3,95.0,92.2,89.8,86.2,88.9,83.8,88.5
SEALER-0081,1690,28:10,88.9,88.0,92.9,89.9,89.3,94.5,92.6,90.5,86.2,88.8,84.5,88.3
SEALER-0081,1691,28:11,88.9,88.3,93.2,90.5,89.3,95.7,91.8,89.6,85.7,88.7,84.8,88.5
SEALER-0081,1692,28:12,88.9,86.9,93.6,89.6,90.3,95.0,92.5,88.9,86.1,88.2,84.5,88.4
SEALER-0081,1693,28:13,87.8,86.8,93.0,88.8,89.3,95.3,91.8,88.9,85.9,88.8,84.1,86.8
SEALER-0081,1694,28:14,88.5,87.7,92.2,89.9,88.3,94.5,91.4,90.2,86.2,88.2,84.3,88.4
SEALER-0081,1695,28:15,87.7,87.9,92.1,88.4,88.7,94.8,92.6,88.6,86.0,88.9,83.9,88.2
SEALER-0081,1696,28:16,87.5,87.7,92.2,89.8,88.7,94.4,91.2,88.0,84.7,87.7,84.2,87.6
SEALER-0081,1697,28:17,87.4,87.4,92.2,88.2,88.2,93.5,91.1,88.8,85.4,87.6,83.4,87.9
SEALER-0081,1698,28:18,88.0,86.7,92.1,89.7,87.7,93.5,91.5,88.4,85.4,87.7,83.4,87.4
SEALER-0081,1699,28:19,86.8,87.4,92.3,88.3,88.1,92.8,91.2,89.1,85.0,87.6,83.4,86.8
SEALER-0081,1700,28:20,87.1,86.5,92.4,88.3,88.3,94.2,89.8,87.7,84.9,88.2,83.1,87.6
SEALER-0081,1701,28:21,86.8,86.7,91.9,88.5,88.1,92.9,90.6,87.5,85.2,87.7,82.7,87.3
SEALER-0081,1702,28:22,87.0,87.2,91.3,88.3,88.1,93.3,89.7,89.1,84.9,87.2,83.0,86.9
SEALER-0081,1703,28:23,87.1,86.2,91.2,88.1,87.5,93.6,90.2,87.3,84.9,86.9,82.0,87.3
SEALER-0081,1704,28:24,87.6,85.6,91.2,88.0,88.1,92.2,90.1,86.7,85.1,86.7,82.3,86.5
SEALER-0081,1705,28:25,86.2,86.8,91.1,87.4,87.6,93.3,90.4,87.3,84.4,86.8,82.6,87.1
SEALER-0081,1706,28:26,86.5,87.1,90.7,87.5,87.4,92.5,90.6,87.5,84.1,87.1,81.7,87.5
SEALER-0081,1707,28:27,86.8,86.4,91.2,88.1,87.7,92.2,89.0,87.5,84.9,86.9,82.0,86.6
SEALER-0081,1708,28:28,87.0,86.5,90.7,87.1,87.4,90.9,89.4,85.8,83.6,87.0,82.7,86.6
SEALER-0081,1709,28:29,86.3,85.8,90.9,86.8,86.4,92.2,88.8,86.7,83.5,86.3,82.5,86.3
SEALER-0081,1710,28:30,86.4,85.5,90.7,87.6,86.9,91.5,89.7,87.8,83.9,86.9,81.5,86.2
SEALER-0081,1711,28:31,85.5,85.7,90.9,87.0,85.6,92.0,89.3,85.7,83.5,86.4,81.8,86.0
SEALER-0081,1712,28:32,86.0,85.0,89.4,86.6,86.6,91.8,89.0,85.9,84.3,86.4,81.8,86.6
SEALER-0081,1713,28:33,86.1,85.1,89.6,86.2,87.6,91.5,89.1,86.6,83.6,85.7,81.5,86.1
SEALER-0081,1714,28:34,85.8,85.3,90.1,86.7,85.8,91.3,88.7,86.0,84.4,86.3,81.3,85.3
SEALER-0081,1715,28:35,85.5,85.2,90.6,85.8,85.7,91.2,87.2,86.4,82.5,85.8,81.1,84.8
SEALER-0081,1716,28:36,86.2,85.2,89.4,85.4,86.1,91.2,88.8,85.3,83.6,85.5,81.7,84.9
SEALER-0081,1717,28:37,85.7,84.9,89.8,86.1,86.2,91.8,88.6,85.3,82.0,85.3,81.4,85.3
SEALER-0081,1718,28:38,84.4,84.6,90.1,85.7,86.6,90.7,88.6,86.0,82.6,85.1,81.2,85.2
SEALER-0081,1719,28:39,85.8,84.8,90.1,86.5,84.6,90.1,87.6,84.9,82.1,85.4,80.9,84.8
SEALER-0081,1720,28:40,84.9,83.4,89.1,85.9,84.7,90.9,87.6,85.7,82.4,84.5,80.5,84.4
SEALER-0081,1721,28:41,84.8,84.2,89.6,85.8,85.7,90.4,88.1,85.1,82.2,85.0,80.3,85.1
SEALER-0081,1722,28:42,84.6,84.9,87.8,85.9,85.0,89.9,87.2,84.9,82.4,84.7,80.5,85.5
SEALER-0081,1723,28:43,85.0,83.7,89.0,85.2,85.2,90.8,87.7,84.2,81.7,84.0,80.6,84.0
SEALER-0081,1724,28:44,85.0,82.9,89.1,85.8,84.8,88.9,86.9,84.8,81.0,83.8,81.0,85.0
SEALER-0081,1725,28:45,84.7,83.8,88.0,84.9,84.4,89.8,86.3,84.8,82.5,85.3,81.0,83.7
SEALER-0081,1726,28:46,84.5,83.3,88.6,84.7,84.6,90.2,86.7,84.3,82.8,84.5,80.3,83.8
SEALER-0081,1727,28:47,84.6,83.9,88.8,84.8,84.7,88.6,86.5,84.3,81.7,83.7,81.0,83.6
SEALER-0081,1728,28:48,84.2,82.4,87.5,85.6,84.8,89.4,86.8,84.7,82.2,84.1,79.9,85.1
SEALER-0081,1729,28:49,84.4,82.7,88.2,84.5,84.6,89.6,86.4,84.7,82.0,83.9,79.4,84.5
SEALER-0081,1730,28:50,84.0,82.6,88.5,85.0,84.7,88.5,86.4,84.2,81.6,83.5,80.1,83.4
SEALER-0081,1731,28:51,83.0,82.5,87.6,84.9,84.1,88.6,86.8,83.5,80.3,83.2,79.9,84.8
SEALER-0081,1732,28:52,83.3,82.9,87.3,84.1,84.1,88.3,85.3,83.4,80.5,84.4,78.6,83.9
SEALER-0081,1733,28:53,84.0,82.3,87.7,84.9,84.1,88.3,85.8,83.1,80.7,83.3,78.9,83.0
SEALER-0081,1734,28:54,84.0,81.6,88.2,83.8,83.2,88.3,85.5,82.9,79.7,83.9,79.1,83.5
SEALER-0081,1735,28:55,83.0,82.3,87.7,84.0,83.3,87.4,84.6,81.9,80.3,82.9,78.5,82.8
SEALER-0081,1736,28:56,82.7,82.4,86.6,84.5,83.2,88.1,84.4,82.2,80.8,82.8,78.7,84.4
SEALER-0081,1737,28:57,82.8,81.2,86.6,83.1,83.8,86.7,85.3,82.3,81.2,82.8,78.3,82.3
SEALER-0081,1738,28:58,81.7,82.8,87.1,83.3,82.8,86.8,85.7,82.5,80.3,82.7,78.4,83.1
SEALER-0081,1739,28:59,83.4,82.5,86.0,83.3,82.2,87.7,85.6,82.7,80.4,82.3,78.9,82.6
SEALER-0081,1740,29:00,83.2,81.4,86.5,84.5,82.3,87.0,84.7,82.3,81.3,83.0,77.9,82.4
SEALER-0081,1741,29:01,82.4,80.7,86.8,83.6,81.8,87.4,84.5,82.2,79.9,82.8,77.8,82.3
SEALER-0081,1742,29:02,82.5,81.5,86.6,83.6,82.5,86.7,84.2,83.4,80.0,82.4,79.4,82.7
SEALER-0081,1743,29:03,82.2,81.0,85.6,83.7,81.6,86.4,84.3,81.8,79.7,83.1,78.1,81.7
SEALER-0081,1744,29:04,82.3,81.7,85.4,82.9,82.4,87.2,84.2,81.9,80.3,82.1,77.9,83.1
SEALER-0081,1745,29:05,82.9,80.0,85.9,82.3,82.3,86.6,83.4,81.6,79.8,81.7,77.6,81.8
SEALER-0081,1746,29:06,82.1,81.2,86.2,83.1,82.2,86.6,84.0,81.7,79.4,82.3,78.2,81.1
SEALER-0081,1747,29:07,82.3,81.4,86.2,82.3,81.9,85.7,83.1,80.9,79.4,81.1,77.7,81.4
SEALER-0081,1748,29:08,82.0,80.7,85.7,83.2,81.5,86.1,83.3,81.1,79.7,82.4,77.4,81.0
SEALER-0081,1749,29:09,81.8,80.9,85.9,82.4,82.1,86.2,83.8,81.7,79.5,81.3,77.1,81.8
SEALER-0081,1750,29:10,81.8,80.5,85.1,81.8,81.0,85.8,83.1,80.7,79.1,81.6,77.0,80.5
SEALER-0081,1751,29:11,81.7,80.5,85.2,81.9,80.8,85.0,83.4,81.3,78.5,81.0,76.8,81.0
SEALER-0081,1752,29:12,81.7,79.2,84.7,82.6,80.6,84.7,83.4,81.8,78.4,82.0,77.1,80.6
SEALER-0081,1753,29:13,81.5,80.5,84.5,82.7,81.0,84.7,82.7,80.2,78.2,81.1,77.4,81.5
SEALER-0081,1754,29:14,81.2,79.9,84.2,82.5,80.1,84.6,83.7,80.0,78.7,81.3,75.8,81.0
SEALER-0081,1755,29:15,80.8,80.4,85.1,82.3,81.3,85.0,82.5,81.1,78.1,79.9,76.4,82.0
SEALER-0081,1756,29:16,80.9,79.4,84.2,82.1,80.4,85.0,82.7,81.0,78.3,80.1,76.4,81.0
SEALER-0081,1757,29:17,81.1,80.3,84.6,80.6,80.5,84.1,81.7,80.1,78.5,81.2,75.8,80.5
SEALER-0081,1758,29:18,80.2,81.2,83.5,81.9,80.3,85.2,82.1,80.7,77.8,80.0,76.4,81.1
SEALER-0081,1759,29:19,80.1,79.7,82.9,81.8,80.2,85.1,81.8,79.8,77.4,79.9,76.5,80.3
SEALER-0081,1760,29:20,79.9,79.2,84.9,81.1,80.3,84.6,81.5,80.2,77.6,80.3,76.7,80.1
SEALER-0081,1761,29:21,81.7,79.3,84.2,81.7,80.3,84.1,81.9,79.3,77.7,79.7,75.6,80.3
SEALER-0081,1762,29:22,80.7,79.1,83.4,80.3,78.9,84.2,81.6,79.7,77.2,80.3,76.3,80.8
SEALER-0081,1763,29:23,79.9,78.4,83.9,81.0,79.8,83.0,81.4,79.7,78.1,80.1,75.9,79.8
SEALER-0081,1764,29:24,79.9,79.7,83.5,80.2,79.2,83.8,81.9,79.9,77.1,79.2,76.6,80.1
SEALER-0081,1765,29:25,80.3,78.8,83.5,80.7,78.8,84.4,81.9,79.5,77.7,79.4,75.1,81.5
SEALER-0081,1766,29:26,80.6,78.6,83.0,79.6,79.7,83.5,81.1,78.8,77.7,80.4,75.4,79.9
SEALER-0081,1767,29:27,80.1,79.1,83.3,81.5,78.9,84.4,80.1,79.0,77.5,79.6,75.2,79.9
SEALER-0081,1768,29:28,78.3,77.9,83.8,79.5,79.0,83.3,80.5,79.2,76.8,79.9,75.0,78.6
SEALER-0081,1769,29:29,80.3,78.3,82.9,80.9,79.0,83.5,81.3,78.7,76.9,79.4,74.4,79.8
SEALER-0081,1770,29:30,79.9,78.4,83.6,79.3,79.2,82.3,80.2,78.4,77.0,78.9,76.1,79.2
SEALER-0081,1771,29:31,79.9,78.0,82.8,79.8,78.9,82.8,82.1,79.0,76.5,79.0,74.0,79.1
SEALER-0081,1772,29:32,78.8,77.8,82.0,79.9,79.2,82.5,80.3,78.4,75.9,78.6,75.0,79.1
SEALER-0081,1773,29:33,79.0,78.1,83.4,79.9,77.3,82.3,79.9,78.7,76.6,79.0,74.4,79.6
SEALER-0081,1774,29:34,79.6,76.5,82.1,79.6,78.2,84.1,79.6,78.0,76.9,78.4,74.6,78.5
SEALER-0081,1775,29:35,79.5,77.1,82.3,79.1,78.4,83.3,79.6,77.7,75.8,78.5,74.9,79.8
SEALER-0081,1776,29:36,79.1,77.4,82.6,79.4,77.5,82.3,79.4,78.2,76.5,78.2,74.7,78.8
SEALER-0081,1777,29:37,80.1,77.0,82.5,79.6,77.8,81.8,79.4,77.4,75.9,78.3,74.2,78.1
SEALER-0081,1778,29:38,78.3,77.6,81.3,80.1,77.2,81.3,79.0,78.2,76.1,78.6,74.5,78.3
SEALER-0081,1779,29:39,78.8,77.1,81.9,77.7,77.6,81.9,79.8,78.4,75.8,78.7,73.8,78.4
SEALER-0081,1780,29:40,78.4,75.9,81.7,78.6,78.0,81.1,78.8,76.9,74.9,77.7,74.7,77.9
SEALER-0081,1781,29:41,78.3,76.7,81.3,78.5,76.5,81.9,78.5,77.5,74.8,77.7,73.4,77.7
SEALER-0081,1782,29:42,78.7,77.7,81.9,79.4,78.3,81.9,78.7,76.9,75.8,77.9,73.5,79.1
SEALER-0081,1783,29:43,78.3,77.0,81.6,78.6,77.2,81.3,79.6,76.8,75.6,77.4,73.7,77.5
SEALER-0081,1784,29:44,79.0,75.8,80.3,78.2,77.0,80.3,78.7,77.3,75.9,77.7,74.3,77.8
SEALER-0081,1785,29:45,78.8,76.0,80.6,77.5,77.9,80.7,78.3,77.1,75.4,76.7,73.9,77.6
SEALER-0081,1786,29:46,78.7,76.3,80.9,77.9,76.6,80.8,78.5,77.6,75.2,78.1,72.6,78.0
SEALER-0081,1787,29:47,77.9,77.0,81.4,78.0,77.1,81.2,77.8,76.7,75.6,76.9,73.8,77.7
SEALER-0081,1788,29:48,78.6,76.1,80.9,77.3,76.3,81.2,78.2,76.0,76.3,76.4,73.7,78.0
SEALER-0081,1789,29:49,77.7,76.2,80.6,77.9,76.9,80.1,78.3,77.3,74.9,77.3,72.0,77.5
SEALER-0081,1790,29:50,78.2,75.7,80.7,77.9,75.5,79.8,78.0,76.5,75.2,77.0,73.1,77.3
SEALER-0081,1791,29:51,77.8,76.0,79.6,77.8,75.4,80.4,77.3,76.7,74.8,76.3,74.0,78.0
SEALER-0081,1792,29:52,77.4,75.8,80.4,77.4,76.5,78.8,77.5,76.1,75.4,76.6,73.0,76.9
SEALER-0081,1793,29:53,77.5,75.9,80.0,77.5,75.9,79.3,77.3,75.2,74.7,77.4,72.5,77.2
SEALER-0081,1794,29:54,77.2,75.0,80.4,77.1,76.3,80.4,78.0,76.5,73.5,76.9,73.0,77.0
SEALER-0081,1795,29:55,77.4,75.5,78.7,77.6,75.9,79.2,76.8,75.7,73.8,77.0,71.8,77.0
SEALER-0081,1796,29:56,77.1,75.4,80.6,77.0,76.9,79.3,77.2,75.0,73.8,76.1,72.2,77.1
SEALER-0081,1797,29:57,76.9,75.0,79.6,76.8,74.8,78.7,76.8,76.4,74.9,75.9,71.7,76.5
SEALER-0081,1798,29:58,76.8,74.9,80.2,76.6,74.9,79.1,77.2,75.6,74.5,76.4,72.5,75.9
SEALER-0081,1799,29:59,76.9,75.3,78.1,76.5,75.0,79.8,76.9,76.3,74.2,76.7,72.5,76.4
