trial_id,time_s,time_mmss,T_LH_HOOD,T_LH_FENDER,T_LH_FRONT_DOOR,T_LH_REAR_DOOR,T_LH_Q_P,T_LH_T_G,T_RH_T_G,T_RH_Q_P,T_RH_REAR_DOOR,T_RH_FR_DOOR,T_RH_FENDER,T_RH_HOOD
SEALER-0024,0,00:00,34.6,34.8,34.7,34.6,35.3,35.2,35.6,35.2,35.7,34.9,35.1,34.4
SEALER-0024,1,00:01,34.5,34.5,34.9,34.9,34.4,35.1,34.9,34.5,34.9,33.6,34.8,35.5
SEALER-0024,2,00:02,34.9,35.1,35.6,34.4,34.4,34.7,35.4,34.7,33.6,35.6,35.5,36.4
SEALER-0024,3,00:03,33.7,34.2,35.5,36.1,35.4,34.5,36.0,33.8,34.8,34.7,34.7,35.0
SEALER-0024,4,00:04,34.9,34.1,35.9,34.8,34.1,34.7,36.2,34.2,35.6,36.8,35.2,35.3
SEALER-0024,5,00:05,34.4,34.9,34.3,34.7,34.8,34.1,35.3,34.8,34.4,34.8,35.0,35.1
SEALER-0024,6,00:06,35.0,35.0,34.2,35.1,35.1,33.6,34.9,35.3,35.0,35.2,35.8,34.5
SEALER-0024,7,00:07,34.4,35.9,35.3,33.9,34.5,35.3,35.1,34.5,35.8,34.1,35.1,34.6
SEALER-0024,8,00:08,35.0,35.1,34.4,35.7,35.0,35.2,34.7,34.3,35.3,33.6,35.3,34.9
SEALER-0024,9,00:09,34.8,35.0,35.3,34.7,35.0,35.2,35.0,35.5,35.0,35.0,34.6,34.3
SEALER-0024,10,00:10,35.2,34.9,34.9,35.9,35.6,35.7,35.4,34.3,35.2,35.2,35.8,34.8
SEALER-0024,11,00:11,35.0,34.4,35.0,35.3,35.0,34.7,35.5,35.6,35.5,35.1,35.2,34.6
SEALER-0024,12,00:12,34.4,34.9,34.7,35.0,35.1,34.8,35.5,34.4,34.8,34.7,34.8,35.3
SEALER-0024,13,00:13,35.2,35.8,34.5,35.1,33.6,34.5,33.6,35.4,34.2,34.9,34.7,34.3
SEALER-0024,14,00:14,35.3,35.2,34.6,34.9,35.0,35.0,35.7,34.6,35.1,35.1,34.1,35.0
SEALER-0024,15,00:15,34.3,36.0,35.4,34.7,35.1,35.0,34.8,35.1,35.1,34.5,35.5,35.2
SEALER-0024,16,00:16,34.5,33.7,35.1,35.0,34.0,34.9,35.7,34.9,34.6,35.6,34.7,34.2
SEALER-0024,17,00:17,35.3,34.6,35.0,35.7,34.6,35.1,35.0,34.0,34.8,35.1,35.6,34.2
SEALER-0024,18,00:18,35.2,35.7,35.9,34.9,35.9,35.7,35.2,35.3,34.2,35.1,36.0,36.1
SEALER-0024,19,00:19,34.9,34.5,35.5,35.2,35.9,34.5,34.9,34.9,35.1,34.8,35.3,34.6
SEALER-0024,20,00:20,34.4,35.5,35.1,34.7,35.4,35.7,34.5,34.9,34.4,35.3,34.7,35.0
SEALER-0024,21,00:21,34.1,33.8,35.4,35.1,34.6,35.4,34.2,34.1,35.9,35.4,34.4,35.9
SEALER-0024,22,00:22,34.7,35.3,35.5,34.9,33.9,35.1,34.4,35.0,34.5,35.3,34.1,35.5
SEALER-0024,23,00:23,35.1,35.0,35.3,34.8,35.2,33.3,35.1,34.4,34.1,35.9,35.6,33.9
SEALER-0024,24,00:24,34.8,34.2,34.7,35.0,34.5,34.6,35.8,35.6,34.9,34.5,34.4,33.7
SEALER-0024,25,00:25,34.8,35.4,35.0,34.7,35.2,35.2,35.7,35.1,35.2,34.6,35.1,35.4
SEALER-0024,26,00:26,34.9,34.2,35.5,35.6,34.5,35.1,33.9,35.8,34.5,35.6,34.6,35.3
SEALER-0024,27,00:27,34.4,36.1,34.8,34.9,35.8,34.9,34.8,33.3,34.4,35.6,34.6,34.5
SEALER-0024,28,00:28,35.2,35.5,34.7,35.5,34.9,35.6,34.4,35.2,34.9,35.0,35.1,34.5
SEALER-0024,29,00:29,35.2,35.3,35.4,35.2,34.7,35.6,35.3,35.8,35.4,34.6,34.2,35.7
SEALER-0024,30,00:30,35.6,34.2,34.9,34.9,34.9,35.1,34.9,34.3,35.8,35.6,36.0,35.2
SEALER-0024,31,00:31,35.3,35.4,35.0,35.6,35.1,34.8,35.7,34.9,34.5,35.6,34.2,33.5
SEALER-0024,32,00:32,35.3,35.5,35.7,35.2,35.2,35.2,34.5,35.0,34.4,35.6,35.4,34.6
SEALER-0024,33,00:33,35.1,35.4,35.8,35.4,35.0,35.6,35.9,35.8,35.0,34.4,34.9,34.8
SEALER-0024,34,00:34,35.6,35.1,34.2,35.4,34.7,34.9,35.0,34.9,35.4,35.8,36.0,35.7
SEALER-0024,35,00:35,35.2,35.4,34.6,35.0,35.8,35.3,34.9,34.9,35.5,35.7,35.1,34.5
SEALER-0024,36,00:36,35.3,35.3,35.4,35.0,36.1,34.9,33.7,35.6,35.5,35.5,35.0,34.5
SEALER-0024,37,00:37,35.2,35.0,34.3,34.8,35.2,35.3,35.3,35.2,34.9,36.0,35.0,35.2
SEALER-0024,38,00:38,34.7,35.4,35.1,35.3,35.0,34.6,35.7,35.6,36.4,34.9,35.1,34.3
SEALER-0024,39,00:39,35.7,35.0,35.0,35.5,35.5,35.8,35.2,35.0,35.4,34.2,35.4,36.1
SEALER-0024,40,00:40,34.5,35.7,34.9,34.3,34.5,34.9,35.0,34.6,35.3,35.4,36.0,34.5
SEALER-0024,41,00:41,35.3,34.7,35.6,35.3,34.2,35.0,34.3,33.9,34.9,35.5,34.6,35.7
SEALER-0024,42,00:42,34.8,35.5,35.0,35.5,35.5,34.5,34.1,35.5,35.2,35.3,34.5,35.0
SEALER-0024,43,00:43,34.8,34.6,36.0,35.7,35.4,34.3,34.9,35.2,35.4,34.4,34.3,35.1
SEALER-0024,44,00:44,35.7,36.2,35.8,35.0,34.9,34.2,35.1,35.9,35.5,36.2,35.0,34.9
SEALER-0024,45,00:45,34.8,36.1,35.3,35.3,35.3,34.6,34.3,37.5,36.3,34.5,34.7,35.2
SEALER-0024,46,00:46,34.6,34.9,36.3,35.8,34.5,36.8,34.7,35.3,35.7,35.7,35.3,34.3
SEALER-0024,47,00:47,35.8,35.6,35.6,35.3,35.8,34.4,35.6,34.8,35.3,35.2,35.7,35.1
SEALER-0024,48,00:48,35.5,35.0,36.0,35.2,35.9,34.9,35.4,34.7,35.6,34.6,35.1,34.6
SEALER-0024,49,00:49,34.7,35.8,35.5,35.9,34.1,35.4,34.7,35.4,35.3,34.8,34.6,35.5
SEALER-0024,50,00:50,35.3,34.3,35.6,34.8,35.4,35.0,35.1,35.0,35.7,35.7,35.5,34.9
SEALER-0024,51,00:51,35.1,34.9,35.0,34.8,34.4,35.0,35.5,33.4,35.5,35.2,35.0,34.8
SEALER-0024,52,00:52,35.2,35.2,35.3,35.8,35.7,35.4,34.7,35.6,35.0,34.9,36.0,35.8
SEALER-0024,53,00:53,35.4,34.7,35.4,35.2,35.1,35.9,35.2,35.1,35.1,35.4,34.9,35.7
SEALER-0024,54,00:54,35.6,35.0,34.9,35.6,34.8,33.4,36.1,35.6,35.5,35.8,35.0,35.8
SEALER-0024,55,00:55,35.8,36.8,35.1,35.4,34.6,35.6,34.6,34.5,34.7,35.6,35.5,35.7
SEALER-0024,56,00:56,35.6,34.8,35.2,36.0,35.7,35.9,34.0,35.3,36.0,35.5,35.7,35.4
SEALER-0024,57,00:57,35.0,35.9,35.3,35.7,35.5,35.3,35.6,34.3,35.0,35.3,35.6,35.6
SEALER-0024,58,00:58,35.6,35.3,36.9,34.6,35.0,35.2,34.7,35.2,34.8,35.6,34.9,35.4
SEALER-0024,59,00:59,34.9,35.5,36.1,35.3,34.9,35.1,35.5,35.0,35.0,35.1,35.1,35.1
SEALER-0024,60,01:00,35.1,35.0,34.8,35.5,34.7,35.1,35.3,35.5,35.3,35.5,34.8,34.4
SEALER-0024,61,01:01,35.4,35.3,35.0,36.1,34.7,35.7,34.1,35.0,36.2,35.7,36.2,35.4
SEALER-0024,62,01:02,35.6,36.4,35.2,34.9,36.1,36.1,34.2,35.2,35.7,35.9,35.3,35.4
SEALER-0024,63,01:03,35.1,35.4,35.4,34.9,35.7,34.4,34.5,35.8,35.8,35.8,35.0,35.4
SEALER-0024,64,01:04,34.9,35.4,34.6,34.9,34.3,34.7,34.7,35.0,35.4,35.8,35.9,35.1
SEALER-0024,65,01:05,35.5,35.8,35.3,35.9,35.6,35.5,36.0,35.1,36.1,36.5,35.3,35.2
SEALER-0024,66,01:06,35.3,35.7,35.5,36.1,34.6,34.9,35.0,34.3,36.7,35.3,35.7,35.7
SEALER-0024,67,01:07,35.1,35.5,34.8,35.5,35.6,35.5,35.5,34.3,35.9,35.5,35.6,35.9
SEALER-0024,68,01:08,36.0,35.1,35.6,35.3,35.3,35.0,35.1,34.9,35.8,35.2,35.8,34.2
SEALER-0024,69,01:09,35.8,35.4,35.8,35.3,34.9,35.1,35.4,34.7,35.6,35.7,35.7,35.8
SEALER-0024,70,01:10,35.8,36.6,35.6,35.3,34.6,36.3,35.6,35.1,35.2,35.1,34.8,34.8
SEALER-0024,71,01:11,35.4,35.8,35.7,36.7,34.9,34.4,35.5,35.3,35.7,35.9,35.8,35.0
SEALER-0024,72,01:12,34.9,35.6,35.9,35.4,35.2,34.9,35.3,35.5,36.1,35.3,35.3,34.9
SEALER-0024,73,01:13,35.1,35.9,35.2,35.6,35.2,35.2,34.6,35.1,35.7,35.9,35.6,35.6
SEALER-0024,74,01:14,36.0,34.9,35.9,36.3,34.4,35.6,35.1,34.7,35.1,36.7,35.2,36.2
SEALER-0024,75,01:15,35.9,36.1,35.4,35.6,35.4,34.4,34.8,34.1,35.9,35.1,35.6,36.3
SEALER-0024,76,01:16,34.5,35.5,35.8,36.3,35.3,35.8,36.4,35.3,35.7,36.2,35.6,34.8
SEALER-0024,77,01:17,35.9,35.9,35.9,36.1,34.8,35.4,34.0,34.8,36.0,36.0,36.0,35.9
SEALER-0024,78,01:18,35.5,35.9,35.6,36.1,35.2,34.9,35.2,35.8,37.0,36.0,36.3,34.5
SEALER-0024,79,01:19,34.5,35.8,36.9,36.3,35.4,35.4,35.3,34.8,35.4,35.8,35.4,35.5
SEALER-0024,80,01:20,34.2,35.7,35.1,36.3,35.2,35.2,34.9,35.6,35.4,37.1,36.2,35.8
SEALER-0024,81,01:21,35.9,35.2,35.8,35.2,35.5,35.5,34.8,35.6,35.6,36.2,36.0,34.9
SEALER-0024,82,01:22,36.0,35.3,35.4,35.9,34.7,35.8,35.3,35.3,35.7,36.5,35.9,35.3
SEALER-0024,83,01:23,36.7,36.1,35.6,35.8,35.7,35.1,36.0,34.9,35.8,36.6,35.4,35.7
SEALER-0024,84,01:24,36.1,36.0,36.4,35.8,35.7,35.7,35.7,35.5,36.5,35.2,35.7,35.3
SEALER-0024,85,01:25,35.3,35.0,36.4,36.4,36.4,35.1,35.2,36.2,35.0,37.2,35.3,35.8
SEALER-0024,86,01:26,35.0,36.7,35.4,35.9,35.2,36.2,34.6,35.6,35.6,36.9,35.3,35.1
SEALER-0024,87,01:27,35.7,36.3,36.1,36.1,35.3,34.7,35.5,35.1,36.4,36.6,35.9,36.4
SEALER-0024,88,01:28,35.1,35.6,35.5,36.1,34.7,35.4,34.5,36.2,36.2,36.7,35.9,35.6
SEALER-0024,89,01:29,34.8,36.9,36.4,35.9,35.9,36.0,35.7,36.3,36.7,36.7,36.7,35.8
SEALER-0024,90,01:30,35.6,36.2,36.9,35.9,34.7,36.2,35.3,34.9,35.5,36.9,36.2,35.4
SEALER-0024,91,01:31,35.5,36.1,35.7,36.1,35.2,35.0,35.9,35.1,35.6,36.6,37.0,34.9
SEALER-0024,92,01:32,35.9,36.2,36.8,36.5,35.6,36.0,34.4,35.2,36.2,36.4,35.5,35.9
SEALER-0024,93,01:33,35.6,36.3,37.3,35.6,35.2,35.7,35.8,35.3,37.1,35.4,36.9,36.4
SEALER-0024,94,01:34,36.1,35.2,36.5,37.2,36.0,35.3,35.3,35.1,36.6,37.0,36.3,35.3
SEALER-0024,95,01:35,35.6,36.4,36.3,36.2,36.0,35.4,35.8,35.0,36.1,36.1,37.3,36.6
SEALER-0024,96,01:36,35.7,35.5,36.0,36.4,35.3,35.3,34.6,35.3,36.3,36.9,35.6,36.9
SEALER-0024,97,01:37,35.5,36.0,36.7,36.7,35.7,35.3,34.5,35.7,36.1,37.7,36.5,35.0
SEALER-0024,98,01:38,35.9,36.9,36.4,36.4,35.8,35.9,35.6,36.2,36.4,37.6,36.8,35.4
SEALER-0024,99,01:39,35.7,37.0,36.1,36.2,34.9,36.2,35.4,36.3,36.3,37.5,36.4,36.4
SEALER-0024,100,01:40,35.9,37.7,36.4,37.3,36.1,35.2,35.2,35.7,37.1,36.6,36.4,36.0
SEALER-0024,101,01:41,36.3,37.5,37.4,35.7,36.0,35.8,35.5,35.9,36.2,37.4,36.4,35.7
SEALER-0024,102,01:42,35.1,36.8,37.4,37.1,36.2,34.9,36.2,35.8,36.7,36.2,36.6,35.8
SEALER-0024,103,01:43,35.3,36.8,37.3,36.4,35.4,36.9,35.2,35.9,37.0,37.0,35.8,35.9
SEALER-0024,104,01:44,36.3,37.4,37.7,36.9,35.8,35.7,35.9,36.4,36.5,37.2,37.1,36.8
SEALER-0024,105,01:45,35.7,36.4,37.3,36.4,35.6,35.2,36.1,36.4,36.6,37.7,36.0,35.7
SEALER-0024,106,01:46,35.4,36.9,37.7,36.5,35.3,35.8,35.3,35.5,36.7,37.8,36.7,36.7
SEALER-0024,107,01:47,35.4,37.1,36.2,37.0,36.8,35.9,35.7,35.5,37.3,38.5,37.5,36.4
SEALER-0024,108,01:48,35.6,37.2,37.4,37.0,36.4,35.6,35.6,35.6,37.4,37.9,37.1,36.8
SEALER-0024,109,01:49,36.0,36.8,36.9,37.2,35.7,36.3,35.2,35.8,37.8,38.5,36.7,35.8
SEALER-0024,110,01:50,37.0,37.9,37.0,38.1,35.1,35.6,35.8,35.6,37.6,38.0,38.4,35.7
SEALER-0024,111,01:51,35.0,37.1,37.6,37.6,35.6,36.6,37.0,36.3,37.4,37.7,37.3,36.6
SEALER-0024,112,01:52,34.8,37.2,38.2,38.1,36.7,34.8,35.7,36.8,37.4,37.9,37.6,36.0
SEALER-0024,113,01:53,36.3,36.7,38.2,37.8,36.0,35.5,35.4,36.2,38.0,38.5,37.0,36.3
SEALER-0024,114,01:54,36.7,38.6,37.4,37.8,35.1,36.4,35.2,36.0,37.5,39.1,37.4,36.7
SEALER-0024,115,01:55,35.8,37.9,38.7,38.7,36.8,35.8,35.8,36.4,37.3,38.1,36.9,36.1
SEALER-0024,116,01:56,36.6,37.7,37.9,37.6,36.7,36.5,36.4,36.7,38.5,39.2,37.7,36.1
SEALER-0024,117,01:57,36.0,36.7,38.5,38.5,36.5,36.1,35.8,37.2,37.3,38.5,38.3,37.3
SEALER-0024,118,01:58,35.6,38.0,38.1,38.2,36.2,35.8,35.6,36.9,37.6,38.4,37.5,36.1
SEALER-0024,119,01:59,37.4,38.9,38.9,37.7,36.3,36.1,35.7,36.1,38.2,37.6,37.8,37.2
SEALER-0024,120,02:00,36.9,37.6,38.0,38.3,35.7,36.0,36.3,35.6,37.7,38.9,38.0,35.7
SEALER-0024,121,02:01,38.1,38.0,38.4,38.6,35.5,35.4,36.0,37.1,38.3,39.2,38.1,36.5
SEALER-0024,122,02:02,37.7,38.4,39.0,39.0,35.8,36.3,36.9,36.9,38.3,38.8,38.6,36.5
SEALER-0024,123,02:03,36.3,39.0,38.6,38.6,36.9,36.3,36.5,36.7,38.2,40.1,38.6,36.8
SEALER-0024,124,02:04,35.9,39.1,38.7,38.1,36.6,35.7,36.0,35.8,39.0,38.8,37.5,36.8
SEALER-0024,125,02:05,37.0,38.3,39.1,38.9,36.2,35.5,37.0,35.8,38.5,39.1,38.4,36.4
SEALER-0024,126,02:06,37.7,38.9,39.4,38.5,35.8,36.0,36.1,37.3,38.5,40.2,38.3,37.9
SEALER-0024,127,02:07,36.5,38.2,39.9,39.6,36.8,36.4,35.6,36.6,38.5,40.2,38.0,36.7
SEALER-0024,128,02:08,37.2,39.2,38.7,39.7,36.2,36.4,35.9,37.1,39.0,40.8,37.4,36.8
SEALER-0024,129,02:09,36.3,38.5,39.7,38.7,36.8,36.4,36.3,36.8,39.7,40.4,39.7,37.5
SEALER-0024,130,02:10,37.1,39.8,39.8,39.0,36.3,35.8,36.1,36.5,39.1,40.2,39.0,37.3
SEALER-0024,131,02:11,37.6,39.8,39.8,39.7,36.2,36.2,35.8,37.1,39.5,40.9,39.1,37.7
SEALER-0024,132,02:12,37.4,38.9,39.6,40.9,37.4,36.3,36.1,37.2,39.8,41.0,39.9,36.9
SEALER-0024,133,02:13,37.2,39.7,39.7,39.9,36.9,36.8,36.6,36.6,39.2,40.3,38.6,37.6
SEALER-0024,134,02:14,37.8,40.5,39.9,40.3,37.5,37.2,37.7,36.5,39.4,40.9,39.8,37.4
SEALER-0024,135,02:15,36.8,40.7,41.8,40.3,37.2,36.7,36.7,36.9,39.5,40.8,39.2,37.8
SEALER-0024,136,02:16,38.2,39.9,40.7,40.9,37.3,35.8,37.0,37.5,40.0,41.3,38.5,37.2
SEALER-0024,137,02:17,37.5,41.1,40.9,39.7,36.9,36.9,37.3,37.7,40.5,42.2,40.1,37.8
SEALER-0024,138,02:18,36.6,40.0,41.2,40.4,37.5,37.0,36.9,37.0,41.0,42.8,39.3,38.1
SEALER-0024,139,02:19,37.9,40.5,41.3,40.0,37.0,36.2,36.6,37.0,40.1,41.8,39.6,38.6
SEALER-0024,140,02:20,36.8,39.8,41.4,41.8,37.6,37.2,37.4,37.7,41.0,41.8,39.8,38.6
SEALER-0024,141,02:21,38.3,41.1,41.6,41.1,36.9,37.5,36.2,38.6,40.5,42.1,40.2,38.1
SEALER-0024,142,02:22,37.8,40.7,41.3,41.1,37.6,36.8,37.0,37.9,41.6,42.9,40.6,37.5
SEALER-0024,143,02:23,38.6,40.7,41.4,41.5,37.8,36.8,37.3,37.3,41.0,43.6,40.4,38.5
SEALER-0024,144,02:24,38.4,41.8,41.3,42.5,38.2,36.9,37.2,38.0,41.7,43.9,40.0,38.7
SEALER-0024,145,02:25,38.4,41.6,41.7,41.9,37.8,37.6,36.1,38.9,41.5,43.7,41.2,39.4
SEALER-0024,146,02:26,38.6,40.9,41.8,42.2,38.2,36.8,36.6,37.0,41.4,43.7,40.5,38.4
SEALER-0024,147,02:27,38.5,42.2,42.9,42.4,37.4,37.5,38.1,37.4,41.9,43.6,41.1,37.5
SEALER-0024,148,02:28,37.8,42.9,42.7,42.9,37.4,37.5,37.5,38.2,41.1,44.1,41.7,38.8
SEALER-0024,149,02:29,39.3,42.7,42.6,43.5,37.3,37.2,38.1,38.7,42.1,44.9,41.2,39.0
SEALER-0024,150,02:30,38.9,42.4,43.0,42.9,38.0,38.3,37.8,38.4,42.4,44.6,41.6,39.3
SEALER-0024,151,02:31,39.3,43.0,43.1,44.2,38.6,37.3,37.7,38.3,42.7,44.9,42.4,39.5
SEALER-0024,152,02:32,39.0,42.1,43.7,43.4,38.1,36.9,38.6,37.7,43.3,45.9,41.9,39.1
SEALER-0024,153,02:33,39.3,43.1,44.2,43.2,38.1,38.0,37.5,38.4,43.2,45.6,42.7,40.0
SEALER-0024,154,02:34,39.6,43.5,43.9,44.9,38.9,38.0,38.2,40.3,43.4,46.1,43.2,40.3
SEALER-0024,155,02:35,39.1,44.4,44.8,44.8,37.8,38.5,38.2,39.3,44.4,46.3,44.2,38.2
SEALER-0024,156,02:36,40.7,44.3,45.7,44.4,38.3,37.6,38.0,39.6,43.9,47.5,43.6,39.2
SEALER-0024,157,02:37,39.7,43.6,44.9,45.5,39.3,38.3,38.1,39.3,44.6,46.8,43.0,39.8
SEALER-0024,158,02:38,40.3,44.1,44.9,45.0,39.2,38.1,38.3,38.9,44.5,48.5,43.6,40.6
SEALER-0024,159,02:39,39.6,45.9,46.5,45.1,38.5,38.1,38.1,40.2,44.9,46.3,43.5,39.8
SEALER-0024,160,02:40,39.8,44.7,44.7,45.4,39.2,38.1,37.6,39.2,46.0,48.7,43.9,40.8
SEALER-0024,161,02:41,40.7,45.1,46.6,46.8,39.2,38.3,38.7,40.6,45.9,47.5,44.6,40.6
SEALER-0024,162,02:42,40.8,46.3,46.8,46.1,39.2,38.6,38.9,39.9,46.6,49.3,44.9,39.9
SEALER-0024,163,02:43,41.3,46.6,46.4,46.3,39.7,39.0,39.1,39.8,45.4,50.0,46.0,40.4
SEALER-0024,164,02:44,41.6,45.6,47.2,47.1,40.1,38.5,39.6,39.7,45.0,49.6,45.5,40.9
SEALER-0024,165,02:45,40.4,46.8,48.0,47.6,40.2,38.3,39.0,40.5,46.5,49.9,45.4,41.4
SEALER-0024,166,02:46,42.0,47.7,47.9,48.0,40.3,40.0,38.9,40.4,45.8,51.0,45.8,41.0
SEALER-0024,167,02:47,42.3,48.0,48.8,48.1,40.3,39.3,40.1,40.6,47.2,50.3,45.7,41.6
SEALER-0024,168,02:48,42.0,47.7,48.6,49.3,40.8,39.8,39.9,40.8,47.9,51.1,46.3,41.6
SEALER-0024,169,02:49,41.8,48.1,48.8,47.6,39.8,39.8,39.6,41.6,48.1,51.8,47.7,41.9
SEALER-0024,170,02:50,42.9,48.1,48.1,48.8,40.6,39.5,39.4,41.5,48.4,51.1,47.4,42.7
SEALER-0024,171,02:51,42.4,48.4,48.9,49.3,41.3,38.8,39.6,41.3,48.6,52.2,47.9,42.8
SEALER-0024,172,02:52,42.4,49.4,49.1,49.5,41.1,40.1,40.5,41.9,49.6,52.6,48.1,41.8
SEALER-0024,173,02:53,42.9,49.1,50.6,50.8,41.0,40.6,41.0,41.3,50.4,53.5,48.3,42.7
SEALER-0024,174,02:54,42.9,50.2,50.5,51.5,41.6,40.1,40.1,42.5,50.2,54.0,49.6,42.9
SEALER-0024,175,02:55,44.6,51.3,50.4,50.9,42.7,40.1,39.7,41.9,50.3,54.3,49.6,42.9
SEALER-0024,176,02:56,42.8,50.5,51.6,51.6,41.4,40.8,41.5,42.3,50.1,53.9,49.7,43.9
SEALER-0024,177,02:57,44.4,50.8,51.7,51.0,42.0,40.8,41.1,43.3,50.9,55.4,50.0,43.8
SEALER-0024,178,02:58,44.5,51.7,51.7,52.7,41.7,41.5,40.4,42.9,51.3,55.7,50.4,43.7
SEALER-0024,179,02:59,43.8,52.0,52.6,52.9,43.1,40.7,41.2,42.4,51.4,56.0,51.2,43.7
SEALER-0024,180,03:00,45.5,51.9,53.3,53.1,43.3,40.9,42.4,42.9,52.4,56.6,49.8,45.2
SEALER-0024,181,03:01,44.5,52.9,53.5,52.9,43.0,41.2,41.0,43.1,52.3,55.7,51.4,44.6
SEALER-0024,182,03:02,45.4,53.4,53.9,54.9,43.8,41.6,42.0,44.4,52.8,57.5,52.0,44.5
SEALER-0024,183,03:03,45.5,53.2,53.8,54.3,44.1,41.9,41.5,43.6,52.7,57.4,52.0,44.1
SEALER-0024,184,03:04,46.7,53.4,54.6,54.9,45.0,42.3,42.3,44.8,54.3,58.2,52.0,45.2
SEALER-0024,185,03:05,45.6,55.5,54.7,54.3,43.6,42.0,42.9,45.3,54.5,59.0,53.7,45.7
SEALER-0024,186,03:06,45.6,55.4,55.7,55.5,44.4,42.5,43.1,45.2,55.0,58.6,53.1,45.9
SEALER-0024,187,03:07,46.4,55.3,55.5,54.8,44.4,41.9,42.3,45.4,55.3,60.0,53.8,46.4
SEALER-0024,188,03:08,46.4,55.5,57.5,57.4,45.7,42.7,42.4,46.5,56.4,59.9,54.0,46.9
SEALER-0024,189,03:09,47.5,56.1,56.0,57.8,45.3,43.8,44.4,45.8,55.4,60.1,54.8,46.6
SEALER-0024,190,03:10,47.9,55.8,57.7,57.8,45.2,43.7,43.8,46.7,56.3,61.8,55.5,47.9
SEALER-0024,191,03:11,47.4,57.2,57.8,58.0,45.6,43.1,44.6,46.5,57.5,62.4,55.2,46.6
SEALER-0024,192,03:12,48.1,56.8,58.4,58.3,46.1,44.2,43.0,46.3,57.1,62.5,56.2,49.0
SEALER-0024,193,03:13,48.8,57.9,58.2,58.0,46.8,42.5,44.6,47.5,57.9,62.5,56.2,48.9
SEALER-0024,194,03:14,47.9,57.4,59.3,59.4,46.0,44.6,44.5,47.7,58.6,62.7,56.8,49.1
SEALER-0024,195,03:15,48.4,59.2,59.6,60.4,46.5,45.4,45.8,47.7,58.2,62.9,57.3,49.3
SEALER-0024,196,03:16,49.3,59.8,60.1,59.7,47.9,45.1,45.7,48.0,59.4,64.0,58.2,49.5
SEALER-0024,197,03:17,50.1,60.6,59.9,61.7,47.3,45.4,45.8,48.8,60.0,65.5,59.3,50.0
SEALER-0024,198,03:18,50.3,60.6,60.6,62.2,47.5,45.5,46.3,48.9,60.4,64.3,58.8,49.9
SEALER-0024,199,03:19,50.1,62.2,61.5,61.9,47.8,45.7,46.8,49.2,61.1,65.3,58.9,50.6
SEALER-0024,200,03:20,50.2,61.4,62.2,63.0,48.0,46.1,45.7,50.0,61.6,65.6,60.0,51.5
SEALER-0024,201,03:21,51.2,62.0,61.8,63.1,48.1,45.6,46.6,50.3,62.2,66.7,60.9,51.9
SEALER-0024,202,03:22,51.9,62.6,63.7,63.5,50.0,46.5,46.6,50.6,62.6,68.6,61.7,51.9
SEALER-0024,203,03:23,52.0,63.9,62.5,64.8,49.8,47.0,47.6,50.9,62.8,68.1,61.9,51.4
SEALER-0024,204,03:24,53.1,63.6,64.0,64.4,49.7,47.4,48.1,50.8,63.8,68.9,62.5,52.4
SEALER-0024,205,03:25,53.5,64.1,63.2,64.6,50.3,47.7,48.3,51.7,64.9,68.6,62.0,52.0
SEALER-0024,206,03:26,54.6,65.1,64.5,65.6,50.8,47.3,48.6,51.7,65.3,69.4,62.4,52.8
SEALER-0024,207,03:27,52.5,66.0,65.8,66.1,51.3,48.6,47.8,52.4,65.6,69.9,63.6,53.8
SEALER-0024,208,03:28,54.5,66.5,64.7,67.1,51.5,48.3,48.2,53.0,65.9,70.3,64.0,54.2
SEALER-0024,209,03:29,54.7,65.7,65.7,67.9,52.6,48.6,49.9,53.7,65.6,70.4,64.5,54.4
SEALER-0024,210,03:30,54.4,67.2,66.2,67.0,52.4,49.2,50.0,53.5,65.4,71.5,65.3,55.2
SEALER-0024,211,03:31,56.5,66.6,66.6,68.2,52.8,50.5,50.4,53.7,67.1,71.5,65.1,56.4
SEALER-0024,212,03:32,56.4,67.6,67.0,68.2,53.6,50.3,51.2,54.5,67.5,73.2,65.9,56.2
SEALER-0024,213,03:33,56.6,68.2,68.4,69.6,53.7,50.3,50.9,54.5,68.0,72.5,66.8,55.7
SEALER-0024,214,03:34,56.8,68.5,68.8,69.6,54.5,51.3,51.7,55.2,68.9,72.5,67.3,56.9
SEALER-0024,215,03:35,56.8,69.7,68.8,70.7,55.6,51.0,52.0,55.8,69.7,74.1,67.3,57.6
SEALER-0024,216,03:36,57.7,69.5,68.7,70.2,56.3,51.6,51.9,56.4,69.1,74.9,67.7,57.4
SEALER-0024,217,03:37,57.4,70.2,69.9,70.7,55.5,51.8,52.0,56.8,70.5,75.2,68.7,57.8
SEALER-0024,218,03:38,58.5,70.5,69.7,71.9,55.7,53.1,52.8,57.0,70.0,75.2,69.4,58.8
SEALER-0024,219,03:39,59.0,71.1,69.2,72.1,55.9,53.3,53.8,58.2,71.1,75.5,70.1,59.0
SEALER-0024,220,03:40,60.5,71.7,71.2,73.8,58.0,53.4,54.4,58.7,72.1,76.7,69.8,60.1
SEALER-0024,221,03:41,59.0,72.1,71.6,72.7,57.7,54.4,54.2,58.0,73.1,75.8,71.0,60.2
SEALER-0024,222,03:42,60.6,71.9,72.4,74.0,58.5,54.2,53.9,59.5,72.7,78.1,71.1,60.2
SEALER-0024,223,03:43,60.6,73.9,72.7,73.9,58.7,55.4,55.0,60.3,72.1,77.6,71.7,60.7
SEALER-0024,224,03:44,61.1,73.9,72.8,74.5,58.6,55.1,56.1,59.9,73.8,78.1,72.1,61.4
SEALER-0024,225,03:45,61.2,73.9,73.7,74.3,59.1,55.8,56.5,60.8,74.2,78.2,73.7,62.8
SEALER-0024,226,03:46,61.5,74.1,73.4,76.4,60.0,55.3,56.6,62.2,73.8,78.5,73.8,62.0
SEALER-0024,227,03:47,62.3,75.6,73.7,76.1,60.5,56.6,56.7,62.2,75.1,79.4,74.1,63.0
SEALER-0024,228,03:48,62.3,76.4,74.5,76.1,61.8,57.0,57.3,62.3,74.8,79.4,74.5,62.9
SEALER-0024,229,03:49,63.7,76.2,74.6,77.2,61.6,58.7,57.8,63.1,75.6,80.7,74.5,64.1
SEALER-0024,230,03:50,64.1,77.1,75.2,77.0,60.8,58.5,58.5,63.6,76.4,80.3,74.7,64.6
SEALER-0024,231,03:51,64.7,78.2,74.8,77.8,62.8,58.2,59.5,63.5,77.0,80.8,76.4,64.8
SEALER-0024,232,03:52,64.0,77.4,75.6,78.2,63.7,58.2,59.0,64.2,77.3,81.9,76.5,64.8
SEALER-0024,233,03:53,64.6,77.6,76.1,78.0,62.8,58.7,60.1,65.3,77.4,80.8,76.2,67.0
SEALER-0024,234,03:54,65.1,78.5,75.9,80.2,63.6,59.9,60.0,65.7,78.8,82.5,78.2,66.0
SEALER-0024,235,03:55,65.1,79.1,76.7,79.7,63.7,60.5,60.6,66.2,78.9,81.6,76.7,66.6
SEALER-0024,236,03:56,66.1,78.8,77.5,79.3,65.1,61.2,62.3,67.0,79.5,83.5,78.4,67.1
SEALER-0024,237,03:57,66.1,80.0,77.6,80.4,65.0,60.9,61.8,67.5,79.3,83.3,78.9,69.0
SEALER-0024,238,03:58,67.1,79.9,77.6,80.1,66.7,61.4,61.9,67.3,80.1,83.6,78.5,67.8
SEALER-0024,239,03:59,67.8,79.8,78.1,81.3,67.4,62.8,62.5,68.2,81.5,83.6,79.6,67.9
SEALER-0024,240,04:00,68.5,80.2,78.4,81.3,67.0,63.0,63.1,68.0,80.8,84.8,80.1,68.1
SEALER-0024,241,04:01,68.6,81.7,79.6,83.0,68.6,63.9,64.0,69.0,81.4,84.6,80.1,69.5
SEALER-0024,242,04:02,68.0,82.1,78.4,81.2,69.0,63.5,64.4,68.6,82.1,84.3,81.6,69.4
SEALER-0024,243,04:03,69.7,82.7,79.7,82.7,69.6,64.8,65.0,69.5,82.2,85.2,80.5,69.8
SEALER-0024,244,04:04,69.2,83.3,78.9,83.4,69.1,65.4,64.8,70.8,81.7,86.2,81.0,70.8
SEALER-0024,245,04:05,70.8,83.2,79.7,82.3,69.2,67.3,66.6,71.4,83.1,85.6,82.5,70.8
SEALER-0024,246,04:06,70.7,82.8,80.3,84.2,69.7,66.2,65.6,72.8,82.7,87.6,81.6,71.0
SEALER-0024,247,04:07,70.8,84.4,81.3,83.6,71.0,66.7,66.2,72.1,82.5,87.2,81.6,71.1
SEALER-0024,248,04:08,71.3,83.3,81.8,84.5,71.1,66.6,66.7,72.5,84.2,87.0,82.9,72.1
SEALER-0024,249,04:09,73.6,84.4,80.6,84.6,71.7,68.3,68.3,73.4,84.6,87.5,83.4,72.0
SEALER-0024,250,04:10,72.6,84.5,81.8,85.0,72.1,68.3,67.7,74.2,84.7,88.0,84.3,73.9
SEALER-0024,251,04:11,73.1,85.9,81.8,85.5,72.7,67.8,68.0,74.3,85.7,88.2,83.4,74.4
SEALER-0024,252,04:12,73.0,86.0,81.9,86.2,73.4,69.5,69.0,73.4,85.8,88.7,83.9,74.2
SEALER-0024,253,04:13,72.8,85.5,82.5,85.5,74.2,69.1,69.3,75.5,85.2,88.5,85.0,73.7
SEALER-0024,254,04:14,74.1,85.8,82.5,86.7,74.5,70.2,69.3,76.4,84.7,88.8,85.2,74.3
SEALER-0024,255,04:15,73.8,86.0,82.9,87.1,74.9,72.0,69.8,75.9,86.3,88.3,85.5,75.4
SEALER-0024,256,04:16,74.3,87.0,83.6,86.7,74.9,71.5,71.1,76.4,85.7,89.2,86.0,76.1
SEALER-0024,257,04:17,74.8,87.0,83.4,87.0,75.8,71.6,71.0,76.4,86.3,89.5,85.8,75.8
SEALER-0024,258,04:18,74.9,87.3,83.8,87.5,76.8,71.3,70.1,78.2,86.5,90.0,86.7,76.5
SEALER-0024,259,04:19,75.4,87.4,83.5,88.1,77.0,72.9,72.2,77.6,87.2,88.8,86.3,76.9
SEALER-0024,260,04:20,75.7,87.9,83.9,87.8,77.1,73.3,72.2,79.3,86.7,89.8,86.3,78.1
SEALER-0024,261,04:21,75.5,88.1,83.8,88.2,77.6,73.6,73.0,79.6,87.9,90.4,87.1,78.4
SEALER-0024,262,04:22,75.6,87.9,83.8,88.1,77.9,74.8,72.8,79.4,88.4,90.7,88.0,77.6
SEALER-0024,263,04:23,76.0,89.0,84.9,89.1,78.6,74.5,74.1,79.4,88.1,90.3,88.1,78.6
SEALER-0024,264,04:24,76.7,88.3,83.8,87.8,79.5,75.4,73.8,80.7,88.0,91.0,87.6,78.7
SEALER-0024,265,04:25,76.4,89.3,85.6,90.5,79.5,74.3,75.2,81.1,88.6,91.1,86.9,80.0
SEALER-0024,266,04:26,77.0,89.8,85.1,88.3,80.1,75.7,75.4,81.4,88.6,91.5,89.0,79.3
SEALER-0024,267,04:27,76.9,89.9,85.2,89.7,80.1,77.0,76.0,81.1,89.1,90.8,88.9,79.6
SEALER-0024,268,04:28,78.1,89.9,85.9,89.1,80.0,76.3,76.4,82.5,89.0,91.9,89.4,79.7
SEALER-0024,269,04:29,77.7,90.4,85.3,90.0,81.5,77.7,76.1,83.5,89.8,91.3,89.2,80.2
SEALER-0024,270,04:30,78.7,91.0,86.3,89.3,81.5,77.6,77.3,82.0,89.9,91.8,88.9,79.8
SEALER-0024,271,04:31,78.9,90.7,86.2,90.1,80.8,77.8,77.3,82.8,90.5,91.4,90.4,80.0
SEALER-0024,272,04:32,79.8,90.3,86.5,90.1,83.7,78.6,77.2,83.8,90.8,91.8,89.7,81.2
SEALER-0024,273,04:33,79.5,90.5,86.3,90.6,82.8,80.3,77.9,84.4,91.1,93.0,90.2,80.3
SEALER-0024,274,04:34,79.2,90.1,85.9,90.5,84.2,79.1,77.9,83.9,90.4,91.8,90.0,81.0
SEALER-0024,275,04:35,78.9,91.6,86.8,90.3,83.4,79.7,78.6,85.4,91.0,92.5,90.6,81.2
SEALER-0024,276,04:36,79.6,91.2,86.3,90.3,84.3,79.7,78.6,84.9,90.9,91.8,90.6,81.0
SEALER-0024,277,04:37,80.2,92.0,86.7,90.7,84.1,81.4,78.4,85.7,90.4,92.9,91.0,82.6
SEALER-0024,278,04:38,80.0,91.8,88.2,90.5,85.1,81.2,79.8,84.6,92.3,92.1,91.2,81.8
SEALER-0024,279,04:39,80.9,91.1,87.7,91.4,85.4,80.5,79.7,84.9,91.8,92.7,91.0,83.3
SEALER-0024,280,04:40,81.2,91.3,87.1,91.7,85.2,81.5,80.5,86.5,91.2,93.5,91.8,83.1
SEALER-0024,281,04:41,81.0,91.8,87.9,91.9,85.3,82.3,80.5,86.6,92.3,93.4,91.3,83.1
SEALER-0024,282,04:42,80.5,92.2,87.6,92.0,86.2,83.3,80.3,86.5,92.6,93.4,90.7,82.8
SEALER-0024,283,04:43,81.4,92.3,88.9,92.8,85.9,83.5,80.6,87.0,91.6,93.9,91.9,82.8
SEALER-0024,284,04:44,82.4,92.4,87.2,91.6,86.7,83.4,81.0,87.0,92.1,94.6,91.2,84.0
SEALER-0024,285,04:45,82.2,92.8,88.9,91.2,88.1,83.7,82.2,87.3,91.9,93.7,92.4,84.5
SEALER-0024,286,04:46,82.2,92.8,89.0,92.5,87.4,84.1,82.0,88.1,91.9,94.9,91.9,83.1
SEALER-0024,287,04:47,81.9,92.6,88.2,93.4,88.0,84.7,82.4,87.1,92.3,94.7,92.5,84.2
SEALER-0024,288,04:48,82.4,93.0,87.5,92.3,88.0,84.1,82.9,89.1,92.6,94.9,92.0,85.1
SEALER-0024,289,04:49,83.5,93.5,89.0,92.9,88.6,84.7,83.8,89.4,94.2,94.8,93.1,84.9
SEALER-0024,290,04:50,82.6,93.2,88.2,93.1,88.2,84.6,83.4,89.0,93.3,93.5,92.5,85.3
SEALER-0024,291,04:51,82.9,93.6,87.9,93.2,89.3,84.7,83.9,89.8,94.0,94.1,92.0,84.8
SEALER-0024,292,04:52,83.3,93.1,88.4,93.5,89.2,85.5,83.9,90.2,93.0,94.4,93.0,85.5
SEALER-0024,293,04:53,83.5,94.3,89.5,93.2,89.3,85.5,84.1,89.4,94.4,94.7,92.3,85.3
SEALER-0024,294,04:54,83.9,94.1,88.2,92.8,90.0,86.7,84.0,90.7,94.0,95.4,92.8,85.0
SEALER-0024,295,04:55,83.6,93.9,89.1,94.2,89.8,86.7,85.3,89.5,93.6,95.2,93.4,85.8
SEALER-0024,296,04:56,83.7,94.4,88.7,94.2,90.4,86.9,85.0,91.7,94.4,95.8,93.6,86.1
SEALER-0024,297,04:57,84.3,94.5,88.3,94.4,90.2,87.0,84.3,90.0,93.9,95.2,93.9,86.7
SEALER-0024,298,04:58,84.7,94.1,88.5,93.9,90.8,86.8,86.0,90.3,94.2,94.6,93.2,85.9
SEALER-0024,299,04:59,83.2,94.4,90.1,93.7,91.1,86.8,85.3,91.5,94.6,95.6,94.9,85.9
SEALER-0024,300,05:00,84.5,94.7,90.5,93.9,90.9,87.8,85.4,90.2,94.4,95.5,93.6,85.5
SEALER-0024,301,05:01,84.5,94.6,88.7,94.0,91.0,89.2,86.1,91.8,95.3,95.6,94.0,86.4
SEALER-0024,302,05:02,84.2,93.7,89.8,93.8,91.6,88.7,86.9,91.9,94.6,96.1,94.8,87.5
SEALER-0024,303,05:03,84.8,94.9,90.0,94.0,92.2,88.8,86.4,91.7,95.3,95.2,94.5,88.0
SEALER-0024,304,05:04,85.4,95.0,88.8,94.3,93.2,88.9,86.7,92.9,93.5,94.6,94.6,87.2
SEALER-0024,305,05:05,84.7,94.9,89.9,94.3,91.8,89.1,87.1,92.7,94.9,95.6,94.7,87.1
SEALER-0024,306,05:06,84.3,95.0,89.7,94.7,92.0,88.6,87.2,93.7,95.5,96.4,94.0,87.4
SEALER-0024,307,05:07,84.5,95.8,89.6,94.8,92.1,89.5,88.7,92.4,95.0,96.1,94.6,87.4
SEALER-0024,308,05:08,85.0,94.9,90.2,94.1,93.5,89.9,87.4,92.2,94.5,95.6,95.0,87.7
SEALER-0024,309,05:09,85.1,95.9,89.9,94.1,93.1,89.6,87.3,92.6,94.9,96.0,95.1,88.1
SEALER-0024,310,05:10,84.7,96.5,89.2,95.2,93.0,90.0,87.8,93.3,95.1,96.4,95.7,87.4
SEALER-0024,311,05:11,85.7,95.6,90.0,95.0,93.0,90.0,89.0,93.3,96.1,95.8,94.8,88.5
SEALER-0024,312,05:12,85.7,95.3,90.7,94.6,93.7,90.3,87.8,93.3,94.8,95.8,94.5,88.2
SEALER-0024,313,05:13,86.4,94.4,90.8,94.9,93.2,90.0,88.4,93.4,94.3,95.3,95.4,87.8
SEALER-0024,314,05:14,85.9,96.4,89.5,94.2,93.0,90.1,88.5,93.6,94.4,95.2,93.9,88.4
SEALER-0024,315,05:15,85.3,95.4,90.2,94.8,93.5,91.4,88.8,93.9,95.8,96.8,95.1,87.8
SEALER-0024,316,05:16,86.8,95.6,90.5,94.5,94.3,92.0,89.2,93.9,95.5,96.5,95.1,88.5
SEALER-0024,317,05:17,85.6,96.1,89.8,95.6,94.2,91.4,89.0,94.6,95.5,95.9,95.4,88.6
SEALER-0024,318,05:18,85.8,95.5,90.2,95.6,94.6,90.8,88.6,94.7,95.0,96.4,95.3,88.7
SEALER-0024,319,05:19,86.0,96.2,89.7,94.6,94.3,91.9,89.2,94.3,94.9,96.6,96.0,89.0
SEALER-0024,320,05:20,84.8,95.9,90.0,95.6,94.5,91.9,89.4,94.3,96.2,96.1,95.0,88.4
SEALER-0024,321,05:21,86.1,96.2,91.0,95.6,94.1,92.3,89.3,95.5,95.8,96.0,94.9,88.6
SEALER-0024,322,05:22,86.4,95.7,90.4,96.0,95.4,91.9,90.1,93.7,96.2,95.7,95.9,88.7
SEALER-0024,323,05:23,86.4,96.1,91.2,95.0,94.6,92.3,89.4,94.0,96.5,96.9,96.7,88.5
SEALER-0024,324,05:24,87.3,95.2,91.2,94.4,94.6,91.6,89.1,94.3,95.9,96.2,96.3,89.3
SEALER-0024,325,05:25,85.9,96.8,90.1,95.4,95.6,92.7,90.3,94.7,95.5,97.2,96.3,89.4
SEALER-0024,326,05:26,87.0,96.3,90.7,95.8,95.6,92.7,90.1,94.9,95.9,96.8,96.4,88.9
SEALER-0024,327,05:27,86.3,96.2,90.5,95.2,94.9,91.2,89.6,95.3,95.8,96.6,96.8,89.7
SEALER-0024,328,05:28,87.7,96.0,91.6,94.8,94.5,93.0,90.2,95.4,96.9,98.2,95.1,89.8
SEALER-0024,329,05:29,85.9,96.5,90.9,95.5,96.0,92.4,90.7,94.9,96.0,97.1,96.6,89.4
SEALER-0024,330,05:30,86.7,97.1,90.7,94.2,95.3,92.5,91.0,95.6,95.7,97.0,95.4,89.8
SEALER-0024,331,05:31,86.7,96.6,91.6,95.0,95.7,93.7,91.0,94.8,96.2,96.5,95.3,89.2
SEALER-0024,332,05:32,87.0,95.9,91.0,95.5,94.6,93.7,90.6,95.1,96.2,96.3,96.6,90.0
SEALER-0024,333,05:33,87.1,96.1,90.6,95.8,96.0,93.4,90.9,95.3,95.5,96.3,96.5,90.2
SEALER-0024,334,05:34,86.2,95.6,90.8,95.8,96.3,93.9,90.2,95.1,96.5,97.4,95.2,89.1
SEALER-0024,335,05:35,87.3,97.0,90.3,96.3,96.6,93.7,91.5,95.1,96.6,95.6,96.5,90.0
SEALER-0024,336,05:36,87.4,96.4,91.6,95.9,96.1,93.7,90.8,96.5,95.8,97.2,95.4,89.1
SEALER-0024,337,05:37,87.0,96.9,91.2,95.7,96.4,92.8,90.3,96.5,94.9,97.1,96.6,89.8
SEALER-0024,338,05:38,87.1,96.7,90.4,96.6,96.3,93.9,89.9,95.7,96.2,97.4,95.7,89.8
SEALER-0024,339,05:39,86.9,97.0,91.8,95.7,97.0,94.1,90.8,96.4,96.4,96.6,95.8,89.4
SEALER-0024,340,05:40,87.7,96.2,90.5,95.6,96.5,94.1,90.7,96.0,96.0,97.1,95.9,90.5
SEALER-0024,341,05:41,86.9,96.2,90.6,96.1,95.8,93.5,90.7,96.7,96.4,96.6,96.0,90.5
SEALER-0024,342,05:42,87.4,96.2,91.3,95.2,96.9,93.4,91.4,96.4,96.3,97.7,97.1,89.7
SEALER-0024,343,05:43,87.0,96.1,91.8,95.9,96.7,93.8,91.8,96.8,96.7,97.4,96.1,90.2
SEALER-0024,344,05:44,87.2,96.8,90.1,96.6,96.7,93.4,91.8,96.4,96.6,97.2,96.7,90.4
SEALER-0024,345,05:45,87.1,95.6,91.3,95.8,96.8,94.1,92.5,96.2,95.6,96.5,97.1,89.6
SEALER-0024,346,05:46,88.0,97.1,90.5,95.3,96.9,94.5,92.6,95.8,96.9,97.4,97.3,89.9
SEALER-0024,347,05:47,86.7,97.4,91.4,95.6,97.1,93.6,91.8,96.7,97.2,96.5,96.2,89.7
SEALER-0024,348,05:48,86.8,97.0,90.2,95.8,96.9,94.7,91.4,98.0,96.5,97.8,96.1,90.8
SEALER-0024,349,05:49,87.3,96.4,91.5,96.3,97.6,94.5,91.9,97.0,96.1,97.2,96.5,89.9
SEALER-0024,350,05:50,87.6,97.4,91.7,95.2,97.0,93.7,91.8,96.2,96.5,96.9,95.8,90.7
SEALER-0024,351,05:51,86.4,96.1,91.2,95.8,97.1,94.6,92.1,97.1,97.1,98.0,97.3,90.1
SEALER-0024,352,05:52,87.3,96.7,91.0,96.4,97.5,94.1,91.8,97.7,95.6,96.5,95.6,90.8
SEALER-0024,353,05:53,87.7,97.0,91.4,95.1,97.5,94.8,92.8,96.9,96.7,96.9,95.8,90.7
SEALER-0024,354,05:54,87.9,97.5,90.9,95.5,97.4,95.5,91.6,96.9,96.5,96.9,96.9,90.2
SEALER-0024,355,05:55,87.6,96.5,90.4,95.5,97.7,95.1,92.0,96.0,97.2,97.9,96.5,90.5
SEALER-0024,356,05:56,87.8,97.4,91.3,95.5,97.0,94.5,91.7,96.3,97.3,96.8,96.2,90.7
SEALER-0024,357,05:57,87.6,97.1,90.8,95.9,97.2,94.7,92.2,97.7,96.1,97.8,96.4,90.7
SEALER-0024,358,05:58,87.1,96.4,91.8,95.3,96.4,95.6,91.7,96.8,96.7,96.8,96.3,90.7
SEALER-0024,359,05:59,88.0,96.1,90.9,96.4,97.7,95.1,92.9,97.6,97.5,97.0,96.5,91.3
SEALER-0024,360,06:00,87.1,96.9,90.4,95.8,97.3,95.3,91.9,96.9,96.3,97.8,97.4,90.0
SEALER-0024,361,06:01,87.6,96.3,91.5,96.8,97.4,95.2,92.8,96.4,96.9,96.9,96.2,91.2
SEALER-0024,362,06:02,87.6,96.9,91.0,96.9,97.3,95.3,92.7,97.4,96.9,97.1,97.2,90.7
SEALER-0024,363,06:03,87.5,96.0,91.3,97.0,96.7,95.2,93.0,97.2,96.4,96.4,96.5,91.1
SEALER-0024,364,06:04,87.6,96.9,91.0,96.4,97.8,95.2,93.0,98.7,96.5,96.6,96.4,90.4
SEALER-0024,365,06:05,87.4,96.5,91.0,96.4,98.0,94.3,92.8,96.5,97.9,97.4,97.0,91.5
SEALER-0024,366,06:06,88.2,97.5,90.7,96.5,97.7,95.1,92.1,97.0,97.8,97.1,96.7,90.5
SEALER-0024,367,06:07,88.4,97.1,90.4,96.5,97.7,95.3,92.1,97.6,96.8,97.4,97.1,91.0
SEALER-0024,368,06:08,87.6,97.0,91.1,95.7,97.7,95.9,92.6,97.3,96.6,96.8,97.8,90.1
SEALER-0024,369,06:09,87.6,96.9,90.7,96.2,97.8,95.1,91.8,97.5,96.0,97.5,95.9,90.4
SEALER-0024,370,06:10,87.6,97.8,90.7,95.8,98.0,95.8,92.4,97.2,97.2,96.8,97.2,90.5
SEALER-0024,371,06:11,88.2,97.9,90.9,96.4,98.0,96.0,92.9,98.0,96.7,96.9,96.3,90.0
SEALER-0024,372,06:12,87.3,97.3,91.9,96.6,97.9,95.3,92.3,98.2,96.7,97.3,97.6,90.8
SEALER-0024,373,06:13,87.9,96.8,90.1,96.7,97.7,94.8,92.6,98.3,97.5,97.1,96.3,91.2
SEALER-0024,374,06:14,87.7,96.7,91.0,96.8,96.4,95.3,92.8,97.4,96.4,96.9,96.2,90.7
SEALER-0024,375,06:15,88.0,98.0,91.8,96.6,97.8,95.8,93.1,97.6,96.1,97.3,97.2,90.7
SEALER-0024,376,06:16,88.1,97.5,90.9,95.0,97.6,94.5,92.6,97.2,96.6,96.5,95.9,91.1
SEALER-0024,377,06:17,87.4,96.7,90.9,96.3,97.8,96.1,93.3,97.6,97.4,97.7,96.8,92.1
SEALER-0024,378,06:18,88.2,96.7,91.3,96.2,98.0,95.2,92.2,97.7,96.8,97.2,96.3,91.4
SEALER-0024,379,06:19,88.4,97.5,91.5,95.4,98.6,95.6,93.4,97.8,96.3,96.6,97.5,91.9
SEALER-0024,380,06:20,87.8,97.2,91.2,96.0,98.9,96.1,92.5,96.8,97.6,97.2,98.3,89.8
SEALER-0024,381,06:21,88.2,96.9,91.8,96.6,98.1,96.0,92.5,97.4,96.4,99.4,97.8,90.9
SEALER-0024,382,06:22,87.9,97.3,91.7,96.2,97.7,95.9,92.6,97.4,97.4,101.3,96.9,90.5
SEALER-0024,383,06:23,88.8,96.4,91.8,95.7,97.4,95.4,93.1,98.4,97.0,101.9,97.4,90.8
SEALER-0024,384,06:24,87.9,98.1,92.6,97.3,97.2,95.1,92.6,97.3,96.4,102.7,97.3,91.0
SEALER-0024,385,06:25,88.7,97.6,95.9,96.6,98.7,95.3,92.5,96.3,97.6,103.6,97.1,90.4
SEALER-0024,386,06:26,88.8,98.0,96.2,96.6,97.6,95.0,92.1,98.6,96.9,104.4,97.1,91.2
SEALER-0024,387,06:27,87.4,96.9,96.6,98.6,98.3,95.9,92.1,97.4,97.0,104.5,96.8,91.6
SEALER-0024,388,06:28,87.6,96.2,96.8,99.6,98.3,95.3,92.0,97.7,96.6,105.4,96.8,90.3
SEALER-0024,389,06:29,88.7,97.1,98.3,100.3,98.5,96.3,92.9,97.4,97.1,106.6,96.8,91.0
SEALER-0024,390,06:30,87.9,101.1,98.3,102.1,97.5,96.0,92.5,97.3,99.3,105.0,97.5,90.8
SEALER-0024,391,06:31,88.4,101.0,98.9,101.9,97.7,96.1,93.3,96.8,101.2,106.7,96.3,91.7
SEALER-0024,392,06:32,88.2,102.8,99.2,103.1,98.3,95.5,92.1,98.3,101.6,107.4,97.3,90.8
SEALER-0024,393,06:33,88.1,102.2,100.3,104.1,99.2,96.6,91.7,98.3,102.4,107.1,99.9,90.7
SEALER-0024,394,06:34,87.7,104.0,99.4,104.2,97.7,95.9,93.1,97.7,103.2,107.5,100.6,91.1
SEALER-0024,395,06:35,88.2,104.3,101.2,104.7,98.8,95.5,93.3,97.7,103.0,108.2,101.8,90.6
SEALER-0024,396,06:36,88.4,104.9,100.8,104.8,99.0,95.2,92.7,98.5,104.1,109.2,102.5,90.7
SEALER-0024,397,06:37,87.6,105.0,101.9,105.5,97.9,95.6,93.3,97.7,103.9,108.4,103.1,91.8
SEALER-0024,398,06:38,87.7,106.2,101.8,105.4,98.5,96.0,92.6,97.7,104.9,108.5,103.8,90.8
SEALER-0024,399,06:39,88.7,106.0,101.8,106.7,97.8,95.8,93.1,96.7,105.9,108.4,104.8,90.2
SEALER-0024,400,06:40,88.2,105.3,101.4,107.2,98.4,95.4,91.9,98.1,106.3,110.3,105.5,91.8
SEALER-0024,401,06:41,87.8,106.5,102.7,107.1,98.2,96.1,93.2,97.7,106.9,110.3,104.7,90.5
SEALER-0024,402,06:42,88.4,107.9,103.0,107.0,98.3,95.7,93.5,98.2,107.1,110.2,105.7,91.5
SEALER-0024,403,06:43,87.6,107.2,102.5,108.2,98.4,96.3,93.4,97.7,106.9,110.9,106.5,91.2
SEALER-0024,404,06:44,89.6,107.8,103.4,108.3,98.9,96.4,92.4,97.2,108.0,110.9,108.5,91.3
SEALER-0024,405,06:45,88.3,108.7,102.9,108.1,97.5,96.5,92.8,98.0,108.7,111.1,106.9,91.0
SEALER-0024,406,06:46,90.8,108.8,103.6,108.1,97.6,96.2,93.6,97.5,108.4,111.0,106.7,90.3
SEALER-0024,407,06:47,91.4,109.2,104.6,109.3,98.3,94.8,92.5,97.4,109.4,111.3,108.5,91.0
SEALER-0024,408,06:48,92.2,109.7,105.0,109.3,98.0,95.9,93.7,97.7,108.8,112.5,108.7,90.8
SEALER-0024,409,06:49,93.7,109.6,104.2,109.5,97.9,96.8,92.9,98.5,110.5,112.5,106.8,94.5
SEALER-0024,410,06:50,93.4,109.4,105.3,110.2,99.3,95.9,93.2,97.7,109.6,112.8,110.3,95.1
SEALER-0024,411,06:51,94.7,110.6,104.0,109.8,98.7,95.4,92.7,97.6,110.5,113.6,109.5,96.3
SEALER-0024,412,06:52,94.7,110.6,105.6,110.3,98.7,95.7,93.6,97.4,110.8,112.3,108.9,96.7
SEALER-0024,413,06:53,96.8,110.5,106.0,111.0,98.3,95.8,92.9,97.8,110.0,113.5,109.8,97.8
SEALER-0024,414,06:54,95.9,110.9,105.5,110.4,98.3,95.5,93.7,97.5,111.6,113.8,110.8,97.8
SEALER-0024,415,06:55,96.3,111.4,106.3,110.9,98.0,95.8,93.4,97.1,111.2,113.8,110.5,97.7
SEALER-0024,416,06:56,97.3,111.3,106.9,110.3,98.4,96.0,92.6,97.6,112.1,114.2,110.9,98.6
SEALER-0024,417,06:57,97.5,111.8,107.6,111.6,98.3,96.4,92.9,100.9,112.3,114.1,110.4,99.3
SEALER-0024,418,06:58,97.3,112.9,107.1,111.7,98.1,96.0,93.0,102.2,112.1,113.4,110.8,99.3
SEALER-0024,419,06:59,97.6,111.7,107.1,112.6,98.1,95.9,93.4,102.2,112.2,114.6,111.7,99.5
SEALER-0024,420,07:00,98.3,112.9,107.2,112.6,100.4,96.0,93.9,103.7,112.5,114.6,112.5,99.8
SEALER-0024,421,07:01,98.7,113.6,107.7,112.8,102.6,96.7,93.0,104.2,113.2,115.1,113.3,100.1
SEALER-0024,422,07:02,99.3,113.1,107.6,112.5,103.5,95.7,93.8,104.9,112.6,115.3,112.0,101.0
SEALER-0024,423,07:03,98.7,114.1,107.1,112.5,103.4,95.7,95.7,104.4,113.7,115.1,111.9,102.2
SEALER-0024,424,07:04,98.7,112.2,107.4,113.7,104.8,95.2,97.4,105.7,112.9,116.9,113.1,101.7
SEALER-0024,425,07:05,100.0,114.4,107.7,113.7,104.8,95.9,98.7,105.9,113.7,115.8,113.0,101.6
SEALER-0024,426,07:06,99.9,113.8,107.8,113.2,105.7,98.2,98.4,107.1,114.2,116.7,113.0,102.2
SEALER-0024,427,07:07,99.8,113.3,109.0,114.5,106.2,100.1,99.5,107.1,114.3,116.4,113.5,103.2
SEALER-0024,428,07:08,100.3,114.0,109.5,113.7,106.6,101.2,99.5,108.2,115.0,116.3,113.7,101.4
SEALER-0024,429,07:09,99.9,114.1,109.5,113.5,107.2,101.9,100.6,107.5,114.7,115.8,115.0,103.4
SEALER-0024,430,07:10,101.5,114.9,108.6,113.6,107.9,102.7,101.1,107.9,115.6,117.8,113.8,102.7
SEALER-0024,431,07:11,101.4,115.7,109.9,114.4,108.0,102.9,101.9,109.1,115.0,117.6,114.3,103.8
SEALER-0024,432,07:12,100.9,114.7,109.6,115.1,108.4,103.7,102.2,109.7,116.1,117.3,114.1,103.9
SEALER-0024,433,07:13,101.1,115.5,110.6,115.6,109.5,103.6,101.7,109.6,115.2,116.9,114.4,104.3
SEALER-0024,434,07:14,101.2,115.8,109.8,116.3,109.8,103.7,102.9,110.0,116.5,118.1,115.9,105.4
SEALER-0024,435,07:15,102.3,115.2,110.5,115.3,110.3,104.2,103.0,110.6,115.0,118.4,115.7,104.7
SEALER-0024,436,07:16,102.4,117.1,110.6,116.4,109.6,105.9,102.8,110.7,115.7,117.2,115.9,104.9
SEALER-0024,437,07:17,102.6,116.0,109.5,117.3,110.4,105.3,104.0,110.5,116.1,118.2,115.5,105.0
SEALER-0024,438,07:18,102.2,117.2,111.1,116.1,110.9,106.0,102.9,111.0,115.9,118.8,115.7,106.0
SEALER-0024,439,07:19,103.7,116.3,110.5,117.4,110.8,106.9,104.8,111.4,116.8,117.6,115.9,106.5
SEALER-0024,440,07:20,102.7,117.0,111.4,115.9,111.3,106.7,103.9,112.1,117.2,117.8,116.4,106.4
SEALER-0024,441,07:21,103.1,116.6,111.5,116.3,112.2,107.4,105.5,113.3,117.5,119.3,116.3,106.4
SEALER-0024,442,07:22,103.4,116.8,111.2,116.9,112.9,106.8,105.8,112.4,117.8,118.8,117.6,106.3
SEALER-0024,443,07:23,103.8,117.8,111.1,117.5,111.8,108.4,105.7,112.1,117.8,118.8,117.7,106.7
SEALER-0024,444,07:24,104.7,118.8,111.4,117.2,112.5,108.3,106.3,112.4,116.9,119.7,116.9,106.6
SEALER-0024,445,07:25,103.2,118.0,112.9,117.3,112.4,108.3,105.7,113.3,117.3,119.7,118.3,106.6
SEALER-0024,446,07:26,103.3,118.0,111.7,117.3,112.5,109.0,106.2,113.6,118.3,120.8,117.5,107.6
SEALER-0024,447,07:27,104.3,118.5,112.8,117.4,113.2,110.0,106.7,114.6,118.9,120.4,117.7,107.5
SEALER-0024,448,07:28,104.0,119.0,112.8,119.0,113.9,109.6,106.8,114.0,119.0,120.5,117.1,107.5
SEALER-0024,449,07:29,105.5,117.9,112.5,118.8,113.4,110.1,106.9,114.0,118.6,120.8,118.7,108.0
SEALER-0024,450,07:30,104.5,119.1,113.4,117.2,113.9,110.3,107.3,113.1,119.1,120.0,118.1,108.5
SEALER-0024,451,07:31,105.7,118.9,113.0,118.1,114.5,110.5,108.0,114.3,119.5,120.4,118.3,107.8
SEALER-0024,452,07:32,105.1,119.8,113.2,118.6,114.9,110.9,107.4,114.2,119.8,122.4,119.0,109.1
SEALER-0024,453,07:33,106.1,119.4,113.3,118.9,115.9,110.2,108.0,115.3,119.5,121.6,119.5,109.7
SEALER-0024,454,07:34,106.2,120.3,113.7,118.7,114.7,110.5,108.7,115.7,118.8,121.4,119.2,109.9
SEALER-0024,455,07:35,105.2,119.6,114.4,119.4,115.7,110.7,108.6,115.1,119.9,122.3,118.4,109.0
SEALER-0024,456,07:36,106.3,119.5,113.9,120.1,115.0,111.5,109.1,115.3,120.6,120.9,119.9,109.3
SEALER-0024,457,07:37,105.5,120.5,114.3,120.4,115.7,111.6,109.0,115.9,120.2,121.6,119.3,110.0
SEALER-0024,458,07:38,106.4,120.2,115.4,119.8,115.9,112.6,108.8,115.7,119.8,122.7,121.0,110.4
SEALER-0024,459,07:39,106.8,120.8,114.9,119.5,116.4,112.0,109.6,116.5,120.8,122.5,120.3,110.1
SEALER-0024,460,07:40,107.8,120.4,114.1,119.7,116.1,112.6,109.4,116.0,121.5,122.4,120.9,110.3
SEALER-0024,461,07:41,106.4,120.7,114.4,120.2,116.4,112.7,110.4,117.5,120.9,122.0,121.0,109.9
SEALER-0024,462,07:42,107.5,120.8,115.3,120.3,117.8,112.2,109.5,116.6,120.4,122.8,119.8,109.8
SEALER-0024,463,07:43,107.0,121.6,114.9,121.1,116.5,112.5,110.3,117.4,121.7,122.6,121.3,110.8
SEALER-0024,464,07:44,107.5,120.6,114.9,121.3,118.0,113.5,109.8,116.3,121.2,123.2,121.1,111.0
SEALER-0024,465,07:45,107.1,122.6,115.3,120.3,118.3,112.4,110.9,118.4,121.2,122.2,120.1,111.4
SEALER-0024,466,07:46,108.0,122.3,114.9,120.9,117.6,114.3,111.4,117.6,121.5,123.1,120.4,111.2
SEALER-0024,467,07:47,108.5,122.3,115.4,121.5,118.3,114.0,110.9,117.9,121.3,123.2,121.4,111.6
SEALER-0024,468,07:48,108.3,122.0,115.6,121.3,117.5,114.2,111.3,119.4,122.5,123.5,121.6,111.6
SEALER-0024,469,07:49,109.7,122.5,114.5,121.2,117.2,115.1,111.8,120.0,121.6,124.3,121.8,111.9
SEALER-0024,470,07:50,109.0,122.0,116.0,122.1,118.5,114.2,111.9,118.1,121.8,122.8,121.3,110.6
SEALER-0024,471,07:51,107.8,122.8,116.1,122.1,118.2,115.6,111.3,119.1,122.7,123.4,122.1,112.7
SEALER-0024,472,07:52,108.5,122.3,116.7,121.7,118.8,115.5,112.6,119.1,122.7,123.2,121.4,111.5
SEALER-0024,473,07:53,108.9,122.5,115.8,121.1,118.5,116.3,112.7,118.7,122.5,124.8,123.0,112.4
SEALER-0024,474,07:54,109.7,123.1,117.1,123.1,118.9,116.0,112.5,120.3,122.9,124.2,122.2,112.4
SEALER-0024,475,07:55,109.6,122.9,116.4,120.7,118.9,116.1,112.4,119.6,123.3,124.9,123.0,112.2
SEALER-0024,476,07:56,110.3,123.5,116.5,122.3,119.9,116.7,112.0,119.6,122.8,124.5,123.5,112.2
SEALER-0024,477,07:57,110.1,123.1,117.2,123.6,120.3,115.9,113.2,119.9,123.3,125.3,122.8,113.6
SEALER-0024,478,07:58,109.8,123.7,116.0,123.0,119.6,115.1,112.9,120.5,123.2,124.8,123.2,113.2
SEALER-0024,479,07:59,110.3,123.4,118.6,122.9,121.0,116.4,113.8,120.0,123.9,125.2,123.1,112.8
SEALER-0024,480,08:00,109.7,124.7,117.7,122.7,120.7,117.4,113.7,120.7,123.5,124.8,123.3,113.9
SEALER-0024,481,08:01,110.6,123.7,118.8,122.2,119.9,116.6,114.0,121.0,123.8,125.9,124.2,113.7
SEALER-0024,482,08:02,109.9,123.0,117.2,123.6,120.0,117.2,114.7,120.4,123.4,125.8,123.8,114.3
SEALER-0024,483,08:03,109.8,124.1,118.5,123.7,120.2,117.1,113.6,120.7,124.5,125.9,123.3,113.5
SEALER-0024,484,08:04,111.5,124.2,118.2,122.5,121.1,116.2,114.4,121.8,123.8,126.7,123.6,114.1
SEALER-0024,485,08:05,110.5,124.6,117.9,123.4,121.3,117.8,113.8,121.3,124.0,125.5,124.0,114.6
SEALER-0024,486,08:06,110.8,124.9,118.1,123.2,121.9,117.7,115.0,121.1,124.4,127.1,125.5,114.3
SEALER-0024,487,08:07,111.3,125.0,118.3,124.1,121.6,118.0,115.0,121.9,124.8,126.3,123.9,114.1
SEALER-0024,488,08:08,111.2,124.6,118.7,123.6,123.0,118.1,115.3,121.5,123.8,126.1,124.1,113.9
SEALER-0024,489,08:09,110.6,125.0,118.0,123.9,122.5,118.7,115.0,122.3,125.2,125.7,124.4,114.7
SEALER-0024,490,08:10,111.7,125.8,118.9,124.9,122.5,118.7,115.3,122.4,125.2,127.0,125.3,115.2
SEALER-0024,491,08:11,111.7,125.5,119.0,124.5,121.7,118.8,115.6,122.4,125.2,127.0,124.9,114.9
SEALER-0024,492,08:12,111.3,124.9,118.7,124.7,122.2,119.0,115.7,123.0,125.9,126.7,124.9,115.9
SEALER-0024,493,08:13,112.1,125.8,119.4,124.2,122.4,119.7,115.4,123.0,124.9,127.4,124.6,115.1
SEALER-0024,494,08:14,111.0,125.6,119.6,124.9,123.5,118.2,116.3,123.3,124.8,127.6,125.9,115.4
SEALER-0024,495,08:15,112.0,126.2,119.4,124.4,123.5,119.8,116.3,123.1,125.5,127.1,124.9,115.3
SEALER-0024,496,08:16,112.4,126.4,119.4,126.2,123.9,120.1,117.2,122.9,125.8,127.5,125.9,116.2
SEALER-0024,497,08:17,113.0,126.5,119.3,125.5,123.2,120.0,115.6,123.3,125.9,127.6,125.4,116.6
SEALER-0024,498,08:18,112.6,126.6,119.7,125.6,123.2,119.1,117.1,122.8,125.6,127.8,125.7,115.1
SEALER-0024,499,08:19,113.0,124.9,119.2,126.1,124.0,120.3,117.7,123.7,125.9,127.1,126.0,115.8
SEALER-0024,500,08:20,113.3,126.6,120.1,126.1,122.8,119.8,116.1,123.5,126.0,128.5,126.4,116.1
SEALER-0024,501,08:21,113.7,126.4,119.3,125.3,124.7,121.0,116.2,123.3,127.4,128.5,126.3,116.3
SEALER-0024,502,08:22,112.9,127.1,121.1,126.8,124.2,120.5,116.9,124.3,127.8,128.3,125.9,116.4
SEALER-0024,503,08:23,113.6,127.4,121.2,126.4,124.8,120.8,116.8,122.7,126.0,128.3,126.4,117.1
SEALER-0024,504,08:24,113.4,127.9,120.5,126.7,123.8,120.7,117.1,124.0,127.5,128.5,127.9,116.9
SEALER-0024,505,08:25,113.5,127.1,119.6,126.3,123.8,120.7,117.1,124.3,127.2,128.9,126.5,117.4
SEALER-0024,506,08:26,114.4,127.1,120.7,127.1,124.1,120.6,118.2,123.7,127.4,128.0,125.9,117.2
SEALER-0024,507,08:27,114.6,127.9,120.9,127.2,125.1,121.9,118.0,124.7,127.2,128.1,127.0,119.0
SEALER-0024,508,08:28,114.2,128.4,120.7,127.2,124.6,120.7,118.1,124.4,127.1,130.3,127.1,117.3
SEALER-0024,509,08:29,113.1,127.2,120.2,127.3,124.0,120.6,118.4,125.1,127.2,129.1,127.5,117.6
SEALER-0024,510,08:30,114.0,127.3,121.6,127.5,124.8,121.8,118.2,124.8,128.4,128.4,127.0,117.9
SEALER-0024,511,08:31,114.1,127.5,121.8,127.1,126.0,122.1,118.7,125.4,127.9,128.9,127.0,118.2
SEALER-0024,512,08:32,114.8,129.2,121.0,128.6,125.0,121.4,118.5,125.5,127.6,129.7,127.5,117.9
SEALER-0024,513,08:33,114.5,128.9,120.4,127.1,125.9,121.5,118.8,125.6,128.4,129.5,127.6,117.4
SEALER-0024,514,08:34,115.6,128.7,121.6,127.5,127.0,121.7,118.1,126.3,127.9,129.9,128.1,117.8
SEALER-0024,515,08:35,114.6,128.4,121.7,127.6,126.1,122.0,118.7,125.7,128.4,128.6,127.5,118.0
SEALER-0024,516,08:36,115.2,128.6,121.3,127.4,126.8,122.0,118.7,126.2,128.9,130.1,128.3,118.2
SEALER-0024,517,08:37,114.5,128.6,121.9,128.4,126.3,122.5,118.9,126.0,129.0,129.7,128.0,118.4
SEALER-0024,518,08:38,114.6,128.2,122.0,128.9,126.7,122.5,118.9,127.4,128.1,129.4,128.4,118.2
SEALER-0024,519,08:39,115.0,129.3,121.7,128.3,126.6,122.4,120.1,126.1,129.1,129.7,129.2,118.7
SEALER-0024,520,08:40,115.3,129.7,121.2,127.6,127.7,123.1,120.1,126.8,128.4,130.1,128.8,117.6
SEALER-0024,521,08:41,116.7,128.8,121.6,128.8,126.9,123.8,119.7,127.5,129.5,131.4,128.0,119.0
SEALER-0024,522,08:42,115.1,129.0,122.7,128.3,128.0,123.6,119.5,127.2,129.5,130.6,129.4,119.2
SEALER-0024,523,08:43,116.3,129.2,122.4,129.6,127.8,123.1,119.9,127.0,129.0,129.7,128.6,119.0
SEALER-0024,524,08:44,116.1,129.2,123.0,129.4,127.8,123.4,120.2,126.9,129.6,130.4,129.9,119.9
SEALER-0024,525,08:45,115.1,130.0,123.1,130.2,126.9,124.2,120.6,128.3,129.8,131.3,128.9,119.5
SEALER-0024,526,08:46,116.9,130.9,122.9,129.1,127.9,123.6,121.1,127.6,130.4,132.2,129.3,119.1
SEALER-0024,527,08:47,115.8,130.0,122.8,129.1,127.3,124.1,120.7,128.5,130.7,130.8,129.5,118.9
SEALER-0024,528,08:48,116.0,129.5,122.7,129.3,127.6,124.8,120.8,128.3,129.7,131.4,130.7,119.4
SEALER-0024,529,08:49,117.2,130.2,122.5,128.6,129.2,123.6,121.1,127.8,130.4,131.7,129.9,120.6
SEALER-0024,530,08:50,116.9,130.0,123.7,129.2,127.7,124.9,121.7,128.9,129.8,131.9,130.1,120.6
SEALER-0024,531,08:51,117.3,131.1,122.8,129.7,128.6,124.3,121.2,128.8,130.0,132.3,129.4,120.0
SEALER-0024,532,08:52,116.3,131.2,123.8,130.3,128.4,125.0,121.1,129.4,130.1,131.4,130.3,121.0
SEALER-0024,533,08:53,116.9,130.3,124.0,129.0,128.7,125.0,121.8,128.2,130.8,132.0,130.5,120.7
SEALER-0024,534,08:54,116.6,131.4,124.1,129.8,129.4,125.1,121.5,127.8,130.3,132.0,130.1,120.6
SEALER-0024,535,08:55,117.0,130.5,124.0,130.3,128.1,125.1,121.3,128.8,130.8,132.7,130.0,120.7
SEALER-0024,536,08:56,116.3,131.4,124.0,130.5,128.3,125.1,121.9,128.7,131.7,132.4,130.6,121.8
SEALER-0024,537,08:57,117.3,131.1,124.7,130.0,129.0,125.1,122.2,127.7,130.2,132.2,131.7,120.9
SEALER-0024,538,08:58,118.2,131.3,123.4,130.9,129.4,125.2,122.4,128.6,130.9,132.4,131.1,121.8
SEALER-0024,539,08:59,117.2,131.0,124.7,129.9,129.0,125.7,122.2,129.9,131.1,131.9,131.2,121.0
SEALER-0024,540,09:00,117.7,132.1,124.4,131.0,129.2,125.9,121.9,129.9,130.7,132.8,131.7,121.3
SEALER-0024,541,09:01,118.1,131.2,124.7,130.5,129.7,125.2,122.2,128.8,131.8,132.0,131.7,120.3
SEALER-0024,542,09:02,118.2,132.3,125.1,130.9,129.7,126.6,122.4,129.1,131.7,133.2,131.2,120.8
SEALER-0024,543,09:03,118.3,131.4,124.2,131.1,129.9,125.8,122.8,129.7,132.1,132.9,131.2,122.3
SEALER-0024,544,09:04,118.1,132.4,124.9,132.0,129.2,126.5,122.6,129.1,131.7,133.1,130.9,120.0
SEALER-0024,545,09:05,118.6,131.9,125.0,131.1,129.8,125.9,123.8,130.3,131.2,132.3,131.7,121.8
SEALER-0024,546,09:06,118.3,132.0,124.2,131.9,130.3,125.9,122.4,129.1,132.3,133.6,132.4,121.6
SEALER-0024,547,09:07,117.8,133.1,124.5,131.5,130.6,126.6,123.1,130.8,132.6,134.0,131.9,121.9
SEALER-0024,548,09:08,117.9,133.1,124.8,132.3,131.0,126.9,123.4,130.4,132.4,132.9,131.9,124.1
SEALER-0024,549,09:09,118.4,132.9,125.2,131.8,130.7,126.2,123.6,131.4,132.5,134.0,132.2,122.5
SEALER-0024,550,09:10,117.6,132.3,124.7,131.1,131.1,127.8,123.4,131.4,132.1,134.2,132.6,121.9
SEALER-0024,551,09:11,118.9,133.2,125.5,132.3,130.9,127.8,124.2,130.9,132.0,132.8,132.9,122.7
SEALER-0024,552,09:12,119.7,132.7,124.9,132.1,131.1,127.9,123.4,130.3,132.8,134.6,132.7,122.6
SEALER-0024,553,09:13,119.6,133.8,124.9,133.2,131.2,127.9,123.6,131.3,133.5,134.9,132.6,122.8
SEALER-0024,554,09:14,118.7,132.4,125.4,131.9,130.9,127.7,123.4,130.9,132.0,134.7,132.3,123.1
SEALER-0024,555,09:15,118.5,133.6,126.3,131.2,131.3,128.0,124.3,130.8,132.6,134.2,133.4,122.3
SEALER-0024,556,09:16,119.2,133.1,125.5,132.4,131.0,127.3,124.7,130.9,133.5,133.9,132.3,123.1
SEALER-0024,557,09:17,119.8,134.0,126.3,132.9,131.7,127.5,124.4,131.2,132.8,134.0,133.1,123.6
SEALER-0024,558,09:18,119.2,132.8,125.7,132.5,132.5,127.8,123.8,130.9,133.0,133.4,133.1,123.6
SEALER-0024,559,09:19,120.1,133.3,126.1,132.8,132.5,127.9,124.5,131.3,133.7,135.2,133.7,123.5
SEALER-0024,560,09:20,119.6,133.7,126.3,132.3,132.2,128.3,123.9,132.2,133.4,135.3,133.7,122.9
SEALER-0024,561,09:21,119.7,133.6,126.8,132.0,132.2,129.5,124.5,132.4,133.2,134.8,133.3,124.6
SEALER-0024,562,09:22,120.6,135.1,126.5,133.2,132.5,128.6,124.8,131.7,133.1,135.0,132.7,123.7
SEALER-0024,563,09:23,121.0,133.9,126.0,133.5,132.9,128.7,125.4,131.8,134.1,135.6,133.5,124.5
SEALER-0024,564,09:24,121.0,134.0,127.0,134.0,133.1,129.7,125.1,131.2,134.7,134.8,133.1,124.3
SEALER-0024,565,09:25,119.7,134.0,127.0,134.0,133.6,129.3,124.4,133.3,134.4,134.9,134.4,123.4
SEALER-0024,566,09:26,119.6,134.3,127.1,134.8,132.8,128.3,124.8,132.4,133.7,135.2,133.8,123.4
SEALER-0024,567,09:27,120.0,134.6,127.2,133.8,133.3,128.8,125.0,131.4,134.1,134.5,134.6,124.6
SEALER-0024,568,09:28,120.7,135.7,127.1,134.6,133.2,129.3,125.0,132.8,135.1,135.4,134.9,124.9
SEALER-0024,569,09:29,121.2,135.7,126.5,134.0,133.5,129.3,126.0,132.7,134.6,135.2,133.8,123.8
SEALER-0024,570,09:30,121.8,134.7,126.7,133.9,133.5,130.1,126.2,133.3,134.9,135.8,134.7,124.6
SEALER-0024,571,09:31,120.8,134.8,127.0,134.1,133.6,130.0,125.9,133.1,135.0,136.2,134.2,124.8
SEALER-0024,572,09:32,121.0,133.7,126.8,134.2,133.9,131.0,126.2,133.1,134.3,136.1,134.8,124.3
SEALER-0024,573,09:33,120.3,135.7,127.5,134.0,133.5,129.9,125.9,133.1,134.4,136.7,135.2,124.8
SEALER-0024,574,09:34,120.4,135.1,127.9,134.1,133.7,129.8,126.5,133.3,135.0,135.7,135.2,125.5
SEALER-0024,575,09:35,121.0,135.3,127.6,134.7,133.6,130.1,126.6,133.3,135.2,136.9,135.7,125.2
SEALER-0024,576,09:36,121.7,136.3,127.8,134.9,134.2,129.8,126.4,133.1,134.6,136.1,134.3,126.4
SEALER-0024,577,09:37,121.3,135.0,127.8,134.5,134.4,130.7,126.6,134.4,135.3,135.9,135.0,125.2
SEALER-0024,578,09:38,121.4,135.8,127.8,135.3,133.5,130.5,127.3,134.3,134.9,136.7,134.9,125.2
SEALER-0024,579,09:39,121.5,135.7,127.5,135.3,134.5,130.0,127.0,133.9,136.4,136.3,136.4,125.7
SEALER-0024,580,09:40,121.7,136.5,129.0,134.4,134.2,130.1,126.7,134.1,135.7,137.6,135.2,125.5
SEALER-0024,581,09:41,121.4,136.6,129.1,135.7,133.3,130.4,128.2,134.3,134.8,136.9,135.0,125.7
SEALER-0024,582,09:42,122.3,136.4,128.7,134.9,134.4,131.1,127.2,135.1,136.3,137.9,136.6,126.9
SEALER-0024,583,09:43,120.7,135.7,128.6,134.4,134.3,130.8,127.2,134.8,136.2,137.2,135.8,127.2
SEALER-0024,584,09:44,121.8,135.9,128.1,134.9,134.7,130.9,127.7,135.0,135.5,137.3,136.5,125.7
SEALER-0024,585,09:45,123.5,136.1,128.7,134.5,135.2,131.4,127.1,135.1,136.3,137.4,135.4,126.6
SEALER-0024,586,09:46,123.4,136.5,128.6,135.9,135.4,130.1,128.0,134.3,136.3,137.2,135.7,124.6
SEALER-0024,587,09:47,121.9,136.7,128.5,134.6,135.6,131.4,127.6,134.5,136.0,137.3,136.6,126.1
SEALER-0024,588,09:48,122.7,136.8,128.5,136.2,135.6,130.8,126.7,134.4,135.7,137.3,136.5,126.4
SEALER-0024,589,09:49,122.4,136.7,128.8,136.0,135.3,131.3,127.1,135.2,135.4,138.2,136.5,126.0
SEALER-0024,590,09:50,122.6,136.5,129.3,134.6,135.5,131.9,127.6,135.3,137.4,137.8,136.3,126.6
SEALER-0024,591,09:51,122.4,136.8,129.6,136.3,136.1,132.2,127.7,135.3,136.1,139.3,137.0,126.7
SEALER-0024,592,09:52,122.1,136.6,129.2,135.7,136.3,131.7,127.7,135.3,137.0,138.1,137.5,126.1
SEALER-0024,593,09:53,123.5,137.2,128.7,135.2,135.2,131.0,127.5,135.4,137.3,137.7,136.9,126.9
SEALER-0024,594,09:54,122.6,136.4,129.9,136.6,135.4,131.0,128.6,135.5,137.1,138.6,136.2,126.8
SEALER-0024,595,09:55,122.3,137.7,130.4,136.4,135.9,132.2,128.8,136.1,137.6,138.6,137.3,127.9
SEALER-0024,596,09:56,123.6,137.7,130.1,135.8,135.8,132.5,128.5,135.9,136.8,138.5,137.8,126.9
SEALER-0024,597,09:57,122.8,137.7,129.0,136.6,135.4,132.6,127.6,135.8,137.9,138.5,137.4,127.5
SEALER-0024,598,09:58,123.8,138.3,129.5,136.5,136.6,132.1,129.6,135.6,137.1,138.3,137.3,128.4
SEALER-0024,599,09:59,123.4,137.4,129.9,136.5,135.5,132.9,128.8,135.9,137.3,138.3,137.3,127.1
SEALER-0024,600,10:00,123.2,136.8,130.3,137.1,136.3,133.3,130.1,136.5,137.1,138.6,137.8,126.9
SEALER-0024,601,10:01,123.5,138.2,129.8,137.7,136.8,133.4,128.6,135.9,138.2,139.3,137.0,127.1
SEALER-0024,602,10:02,123.9,137.8,131.3,136.8,136.2,131.7,128.9,137.1,137.5,139.7,137.7,127.8
SEALER-0024,603,10:03,124.5,137.6,131.2,136.8,136.9,132.5,128.9,136.1,138.3,138.8,138.0,128.0
SEALER-0024,604,10:04,123.7,137.4,130.3,137.7,137.0,133.2,129.6,136.7,138.4,139.7,136.9,127.2
SEALER-0024,605,10:05,124.0,138.7,130.6,138.2,136.8,133.0,129.1,136.6,138.4,138.7,138.0,127.2
SEALER-0024,606,10:06,124.8,138.5,131.4,136.8,138.0,132.0,130.1,137.8,137.4,138.7,137.9,127.2
SEALER-0024,607,10:07,124.2,137.6,131.1,137.8,136.4,133.8,129.3,136.9,137.6,139.8,137.6,127.5
SEALER-0024,608,10:08,124.5,138.8,131.1,136.9,136.5,133.6,128.7,137.1,139.4,140.1,138.2,128.3
SEALER-0024,609,10:09,123.5,138.8,131.3,137.3,137.3,133.7,129.6,136.9,139.0,139.1,137.9,127.6
SEALER-0024,610,10:10,124.6,139.2,130.6,137.8,137.3,133.7,129.8,136.6,137.9,139.9,137.7,128.5
SEALER-0024,611,10:11,124.5,137.9,131.1,138.4,136.8,133.9,129.8,136.9,138.4,140.2,138.7,127.4
SEALER-0024,612,10:12,124.2,139.0,130.7,137.4,137.1,133.6,130.8,136.2,138.2,139.5,139.6,129.0
SEALER-0024,613,10:13,124.0,139.0,131.6,138.2,138.4,133.6,130.8,137.4,138.5,140.9,138.2,128.3
SEALER-0024,614,10:14,124.8,138.4,130.6,138.9,137.1,133.7,130.9,137.7,138.6,140.0,138.9,128.8
SEALER-0024,615,10:15,124.9,139.0,131.0,138.1,138.0,134.7,130.6,138.5,139.5,140.0,139.7,128.7
SEALER-0024,616,10:16,125.0,139.2,130.4,138.2,138.2,134.7,130.4,138.7,138.9,139.7,138.8,128.4
SEALER-0024,617,10:17,124.9,138.4,131.8,139.1,137.7,134.8,130.7,137.0,139.4,140.4,139.5,128.8
SEALER-0024,618,10:18,125.5,138.6,131.1,138.3,137.6,134.6,131.2,137.4,139.2,140.4,138.1,130.2
SEALER-0024,619,10:19,125.4,140.0,131.5,138.7,139.2,135.5,130.5,138.2,139.3,141.1,138.6,128.6
SEALER-0024,620,10:20,125.3,140.6,132.0,138.5,139.4,134.4,131.8,136.9,139.1,139.4,138.8,129.4
SEALER-0024,621,10:21,126.1,139.5,132.2,139.7,138.9,135.2,131.7,138.3,139.4,140.9,139.0,130.5
SEALER-0024,622,10:22,125.2,139.4,131.8,139.3,138.4,134.8,131.7,138.6,139.5,140.7,138.6,129.1
SEALER-0024,623,10:23,125.7,139.7,132.7,139.1,139.2,135.5,131.6,138.1,140.4,140.1,139.1,129.3
SEALER-0024,624,10:24,125.3,140.2,131.7,138.5,138.7,135.5,130.9,139.6,139.8,141.1,139.8,129.5
SEALER-0024,625,10:25,126.2,141.4,132.5,140.0,139.9,135.4,131.5,138.4,139.2,140.9,139.8,129.5
SEALER-0024,626,10:26,125.5,140.9,133.0,139.1,139.2,134.9,131.3,138.7,140.1,141.2,139.8,130.0
SEALER-0024,627,10:27,125.9,140.4,132.6,139.4,140.3,136.2,130.2,138.5,139.4,141.1,139.8,129.7
SEALER-0024,628,10:28,126.5,141.0,133.2,139.9,139.1,136.0,132.1,139.2,140.7,141.9,140.1,129.1
SEALER-0024,629,10:29,126.0,141.1,132.7,140.4,140.4,135.6,131.8,138.5,139.7,142.4,140.8,130.6
SEALER-0024,630,10:30,126.3,140.6,132.1,139.1,139.7,135.4,131.3,139.4,140.3,142.1,139.9,131.3
SEALER-0024,631,10:31,125.5,140.9,132.3,139.0,139.5,136.5,130.9,138.7,141.4,142.6,140.0,130.7
SEALER-0024,632,10:32,127.0,140.9,132.8,138.8,139.5,135.5,132.5,139.2,140.2,142.4,140.9,130.4
SEALER-0024,633,10:33,126.5,140.9,132.7,139.8,139.1,135.9,131.5,140.1,140.3,141.8,141.9,129.9
SEALER-0024,634,10:34,126.1,141.2,132.9,139.1,139.5,136.5,132.5,140.0,140.6,141.1,140.7,130.8
SEALER-0024,635,10:35,126.3,141.8,133.1,139.6,140.1,135.5,132.0,139.9,141.1,142.8,141.6,131.9
SEALER-0024,636,10:36,126.1,141.5,132.4,140.1,141.2,136.4,132.6,139.8,141.5,142.2,140.5,130.9
SEALER-0024,637,10:37,126.7,140.8,133.0,140.5,140.3,136.4,133.3,139.5,140.5,142.5,140.5,131.1
SEALER-0024,638,10:38,126.8,140.9,131.6,140.1,140.5,136.2,132.4,140.7,141.7,142.0,141.7,130.5
SEALER-0024,639,10:39,127.5,141.3,133.7,139.8,140.4,135.8,132.8,139.8,141.4,142.1,141.0,131.8
SEALER-0024,640,10:40,127.2,141.9,132.3,140.7,139.8,137.2,132.9,139.9,141.3,142.8,141.3,130.9
SEALER-0024,641,10:41,127.3,142.3,133.7,140.0,140.1,136.9,133.5,139.5,140.8,142.7,141.1,131.5
SEALER-0024,642,10:42,126.5,142.5,133.4,140.4,141.0,137.1,132.7,139.7,142.3,142.5,141.0,132.1
SEALER-0024,643,10:43,126.4,141.4,134.0,140.5,139.9,136.8,132.5,140.5,141.6,143.2,141.6,131.4
SEALER-0024,644,10:44,126.9,141.6,133.5,140.4,140.8,136.6,133.4,141.0,141.7,143.6,141.1,131.0
SEALER-0024,645,10:45,127.3,142.3,134.0,140.6,140.4,137.0,133.6,140.5,142.1,143.7,141.0,131.6
SEALER-0024,646,10:46,127.1,142.4,135.1,141.7,140.9,135.9,132.9,141.6,142.1,143.2,141.9,132.0
SEALER-0024,647,10:47,126.9,142.5,133.8,141.2,140.5,137.0,133.4,140.9,142.9,142.6,141.3,132.4
SEALER-0024,648,10:48,128.2,141.5,134.1,140.3,141.4,136.7,134.1,140.3,142.0,143.9,142.3,131.2
SEALER-0024,649,10:49,128.4,141.9,133.6,141.3,141.6,136.7,133.7,141.6,142.7,143.5,142.0,131.8
SEALER-0024,650,10:50,127.7,142.3,134.1,140.7,141.2,137.6,134.2,141.3,142.2,143.1,142.1,131.4
SEALER-0024,651,10:51,128.4,142.1,134.3,140.9,141.7,137.3,134.8,140.8,142.4,143.8,142.4,131.2
SEALER-0024,652,10:52,128.4,142.9,133.9,142.6,141.7,137.6,133.7,141.4,142.3,143.3,141.1,131.7
SEALER-0024,653,10:53,128.3,143.1,135.3,141.7,141.1,138.2,133.6,142.1,142.7,143.3,141.4,132.2
SEALER-0024,654,10:54,128.0,142.9,133.7,142.1,141.7,138.0,133.7,141.7,142.2,143.0,141.3,132.0
SEALER-0024,655,10:55,128.3,142.5,134.7,141.5,142.3,139.3,134.2,141.2,142.7,142.8,141.9,132.1
SEALER-0024,656,10:56,128.6,143.1,134.3,142.3,142.4,138.1,134.2,140.9,143.0,143.3,142.1,132.8
SEALER-0024,657,10:57,128.3,142.3,134.6,141.9,141.3,138.2,134.7,141.0,142.4,143.0,143.5,132.6
SEALER-0024,658,10:58,128.4,143.7,135.0,141.1,141.9,138.6,134.9,141.0,143.5,143.6,142.1,132.0
SEALER-0024,659,10:59,128.3,143.5,135.1,142.0,141.3,137.8,135.0,142.4,142.8,144.7,143.1,132.0
SEALER-0024,660,11:00,129.0,143.8,135.6,142.4,141.7,139.2,134.4,142.7,143.2,144.8,142.7,132.8
SEALER-0024,661,11:01,128.2,144.1,136.1,142.0,142.9,139.0,134.6,141.2,143.5,143.4,143.3,132.5
SEALER-0024,662,11:02,128.4,144.5,135.2,142.1,142.8,139.0,133.9,143.2,142.9,145.1,143.3,133.1
SEALER-0024,663,11:03,129.8,143.7,134.6,142.7,141.9,139.7,134.4,142.5,142.9,144.3,143.5,133.0
SEALER-0024,664,11:04,129.4,143.5,135.0,142.3,142.2,139.0,135.1,142.4,143.6,144.3,142.9,133.4
SEALER-0024,665,11:05,129.0,143.1,134.5,142.2,142.5,138.9,134.6,142.4,143.9,144.4,143.0,132.9
SEALER-0024,666,11:06,128.4,144.0,134.5,143.3,142.5,138.8,134.5,142.6,143.4,145.1,143.7,134.3
SEALER-0024,667,11:07,129.9,144.0,136.1,142.3,143.0,139.7,135.5,143.4,143.8,145.1,143.8,132.9
SEALER-0024,668,11:08,128.4,143.4,135.3,142.3,142.7,138.4,135.5,142.7,144.5,145.3,143.0,133.4
SEALER-0024,669,11:09,129.1,143.8,135.5,143.3,143.8,139.3,135.0,142.6,143.7,144.3,143.3,133.1
SEALER-0024,670,11:10,129.9,144.5,136.5,142.3,143.1,140.0,135.4,143.3,143.4,144.7,143.2,132.7
SEALER-0024,671,11:11,129.7,143.6,136.6,142.8,143.4,139.0,134.6,143.3,142.7,145.5,143.8,133.7
SEALER-0024,672,11:12,130.0,144.3,136.0,142.5,143.4,140.1,135.3,143.4,143.9,145.7,144.3,134.7
SEALER-0024,673,11:13,130.6,143.8,136.7,143.0,143.6,139.2,135.0,143.0,144.3,145.6,144.3,134.6
SEALER-0024,674,11:14,129.9,144.7,136.2,143.2,144.5,139.6,135.6,144.1,143.9,146.5,143.6,133.5
SEALER-0024,675,11:15,129.4,144.3,136.0,143.3,144.0,139.8,136.0,143.0,143.6,145.9,144.1,133.2
SEALER-0024,676,11:16,130.1,144.9,135.8,142.9,143.6,139.5,135.7,143.6,144.9,145.3,144.8,134.9
SEALER-0024,677,11:17,129.6,144.2,135.8,143.6,144.3,140.7,135.6,143.9,144.4,145.4,143.3,135.3
SEALER-0024,678,11:18,130.7,144.2,136.0,142.6,144.3,139.9,136.9,143.2,144.3,146.0,144.5,133.4
SEALER-0024,679,11:19,129.7,144.6,136.8,144.2,144.0,140.7,137.0,143.0,143.8,145.3,145.2,134.1
SEALER-0024,680,11:20,130.9,144.5,136.2,144.2,143.2,140.6,137.0,143.9,144.3,146.9,144.9,134.1
SEALER-0024,681,11:21,129.8,144.7,136.1,144.6,143.6,140.5,136.1,143.4,145.5,145.1,144.3,133.6
SEALER-0024,682,11:22,130.2,144.8,136.4,143.4,143.5,140.6,136.0,144.3,144.7,146.9,145.0,135.2
SEALER-0024,683,11:23,130.2,145.1,136.7,144.1,144.4,140.7,136.9,143.2,144.4,145.1,144.8,134.1
SEALER-0024,684,11:24,130.3,145.4,136.8,144.2,144.1,140.9,136.4,143.9,144.4,145.3,144.6,135.8
SEALER-0024,685,11:25,129.8,145.4,137.3,144.8,145.0,140.7,136.3,144.0,145.3,146.8,144.5,135.7
SEALER-0024,686,11:26,131.7,145.7,137.2,144.5,145.3,141.4,137.4,144.9,145.2,145.9,145.5,134.9
SEALER-0024,687,11:27,130.8,144.6,136.9,145.3,144.9,141.2,136.3,144.8,144.7,145.6,145.0,134.4
SEALER-0024,688,11:28,130.4,144.9,137.7,144.7,144.7,141.2,137.1,145.2,145.5,146.3,145.2,134.7
SEALER-0024,689,11:29,131.3,145.0,137.3,144.5,144.7,141.3,138.0,144.8,145.5,146.2,145.7,135.6
SEALER-0024,690,11:30,130.7,145.5,137.2,144.4,144.3,141.1,136.6,144.7,144.8,146.7,145.1,135.3
SEALER-0024,691,11:31,131.2,145.6,137.1,144.9,145.4,140.6,137.7,145.1,145.1,147.6,144.9,134.4
SEALER-0024,692,11:32,131.9,146.1,137.1,145.3,144.8,141.6,137.6,144.7,145.5,146.2,144.8,135.2
SEALER-0024,693,11:33,130.9,146.4,137.9,145.3,145.4,141.2,137.6,144.9,145.5,146.5,145.5,135.9
SEALER-0024,694,11:34,131.5,145.7,137.3,144.8,144.8,141.2,137.6,145.2,145.7,146.9,145.1,135.8
SEALER-0024,695,11:35,131.3,147.0,137.8,145.6,145.2,141.9,137.9,144.4,146.2,146.8,144.8,135.5
SEALER-0024,696,11:36,131.3,146.3,136.7,145.9,145.3,141.5,137.9,144.9,146.0,147.0,146.8,135.0
SEALER-0024,697,11:37,131.8,146.7,138.3,144.8,145.7,141.4,137.3,145.2,146.2,146.4,145.2,136.4
SEALER-0024,698,11:38,130.8,146.2,137.6,145.4,145.9,141.3,137.4,145.4,145.7,148.0,145.6,135.8
SEALER-0024,699,11:39,131.9,146.2,137.8,145.5,146.1,142.5,137.1,144.3,145.5,147.6,146.5,136.7
SEALER-0024,700,11:40,131.9,147.0,138.5,144.9,146.1,142.5,137.8,145.2,146.1,147.4,145.5,136.6
SEALER-0024,701,11:41,131.7,145.8,139.2,145.2,145.1,141.6,137.6,145.2,146.2,147.4,147.5,135.2
SEALER-0024,702,11:42,131.8,146.6,138.6,145.9,146.3,142.7,137.5,145.4,146.8,147.0,147.0,137.3
SEALER-0024,703,11:43,131.5,147.2,139.3,146.1,145.3,142.0,138.1,145.9,146.2,147.6,146.8,135.8
SEALER-0024,704,11:44,132.7,146.5,138.4,146.1,146.2,141.9,138.4,145.7,146.3,147.9,146.0,135.5
SEALER-0024,705,11:45,132.4,146.9,138.3,146.2,145.8,143.4,138.0,147.1,148.3,148.2,147.0,135.0
SEALER-0024,706,11:46,131.9,147.7,139.2,145.9,146.8,143.2,139.0,145.8,147.1,148.4,146.3,136.5
SEALER-0024,707,11:47,131.9,147.4,138.9,145.3,146.6,143.8,138.6,145.4,146.8,148.2,146.3,136.9
SEALER-0024,708,11:48,131.8,146.9,138.4,145.4,145.9,142.2,138.1,146.7,146.7,148.3,146.9,137.6
SEALER-0024,709,11:49,131.7,146.6,138.4,145.1,147.7,141.7,139.1,145.7,146.3,148.9,146.6,136.9
SEALER-0024,710,11:50,132.7,147.1,138.0,147.1,146.8,142.8,138.9,146.2,147.6,148.5,147.0,136.3
SEALER-0024,711,11:51,132.1,146.8,139.0,145.2,146.6,143.1,139.1,145.9,147.5,148.2,147.0,136.5
SEALER-0024,712,11:52,131.8,148.4,138.3,146.3,147.3,142.3,138.9,146.4,146.5,148.9,148.0,135.9
SEALER-0024,713,11:53,132.7,147.6,139.0,146.5,147.0,142.7,140.2,146.7,146.2,148.5,147.7,137.1
SEALER-0024,714,11:54,133.1,147.3,139.5,146.6,146.4,143.4,138.9,146.3,147.3,150.0,147.9,137.2
SEALER-0024,715,11:55,133.4,148.5,139.6,146.8,147.5,143.1,139.5,146.8,147.9,149.2,147.2,136.8
SEALER-0024,716,11:56,133.1,147.3,138.7,146.1,147.2,143.6,139.6,146.9,147.4,148.8,147.7,137.1
SEALER-0024,717,11:57,133.4,146.8,139.7,146.6,147.2,143.7,139.0,146.9,147.2,147.8,147.8,137.8
SEALER-0024,718,11:58,133.1,147.9,138.3,147.0,148.2,144.1,138.8,147.2,146.9,148.7,147.2,136.9
SEALER-0024,719,11:59,133.6,149.0,139.9,146.9,147.4,143.8,139.7,146.8,148.4,148.3,148.2,136.8
SEALER-0024,720,12:00,134.1,147.2,139.4,147.1,148.1,143.8,138.7,147.6,148.1,148.3,147.3,137.5
SEALER-0024,721,12:01,132.8,148.0,140.1,147.1,147.2,143.8,139.4,147.3,147.2,148.5,147.4,138.5
SEALER-0024,722,12:02,132.9,148.1,139.8,147.1,147.3,143.8,139.6,148.2,148.7,148.2,147.7,137.9
SEALER-0024,723,12:03,133.9,148.6,139.4,147.5,147.4,143.1,139.7,147.8,147.9,149.7,147.8,137.0
SEALER-0024,724,12:04,134.2,148.2,139.5,147.3,147.0,142.9,139.9,148.0,147.7,148.7,148.4,137.4
SEALER-0024,725,12:05,132.8,149.4,139.2,147.5,147.9,143.7,140.2,147.2,146.9,149.5,148.3,138.6
SEALER-0024,726,12:06,133.1,148.5,139.9,146.9,147.8,144.5,139.7,147.6,148.6,149.3,148.0,138.1
SEALER-0024,727,12:07,133.0,148.6,139.7,147.3,148.7,143.5,140.3,148.9,148.3,149.3,147.9,138.2
SEALER-0024,728,12:08,133.6,148.4,140.7,146.8,147.5,143.6,139.7,147.1,149.0,149.8,147.2,138.4
SEALER-0024,729,12:09,132.9,148.8,139.8,147.4,148.5,144.8,139.5,147.9,148.7,149.1,148.1,138.6
SEALER-0024,730,12:10,133.8,148.9,140.1,146.4,148.1,144.1,141.1,147.8,148.5,149.3,148.3,137.8
SEALER-0024,731,12:11,133.8,148.7,140.6,147.9,148.3,145.4,140.7,147.6,148.2,149.0,147.9,137.7
SEALER-0024,732,12:12,133.9,148.7,141.1,147.2,147.9,144.2,140.2,148.2,148.5,149.8,148.3,138.2
SEALER-0024,733,12:13,132.9,148.4,140.9,147.8,148.7,145.0,140.0,148.0,148.7,150.5,148.7,138.8
SEALER-0024,734,12:14,133.9,148.7,141.0,148.1,148.7,144.1,140.3,148.4,148.4,150.9,149.0,137.4
SEALER-0024,735,12:15,134.8,149.3,140.3,148.3,148.7,145.1,140.7,148.3,148.9,150.7,149.6,138.8
SEALER-0024,736,12:16,133.6,148.7,140.6,148.1,148.7,144.4,141.4,149.2,148.3,149.8,148.1,138.6
SEALER-0024,737,12:17,134.6,149.1,141.2,148.6,148.1,145.8,140.0,148.6,149.1,149.9,148.6,138.6
SEALER-0024,738,12:18,135.0,149.3,140.4,148.3,148.9,144.9,141.0,148.6,149.2,149.4,149.3,138.7
SEALER-0024,739,12:19,135.2,149.9,140.2,148.3,148.6,145.5,141.6,149.1,148.1,150.0,149.4,138.9
SEALER-0024,740,12:20,135.4,150.0,141.2,148.6,149.3,145.6,140.6,148.3,148.5,150.3,149.6,139.1
SEALER-0024,741,12:21,135.2,148.5,141.5,148.6,149.2,145.3,140.6,148.0,149.7,150.0,148.7,138.6
SEALER-0024,742,12:22,135.0,150.6,140.2,148.4,149.5,146.1,141.2,149.4,150.3,149.8,149.2,139.0
SEALER-0024,743,12:23,135.0,150.4,140.6,148.5,149.2,144.6,141.2,149.2,149.3,150.5,149.4,138.9
SEALER-0024,744,12:24,134.4,150.0,140.5,148.3,149.9,145.4,141.5,149.8,149.9,150.8,149.1,138.8
SEALER-0024,745,12:25,134.9,149.6,141.2,149.6,150.3,145.9,142.1,150.4,149.8,151.1,149.6,139.1
SEALER-0024,746,12:26,134.9,149.3,141.4,148.6,149.8,146.4,141.9,149.9,149.3,151.6,150.0,140.1
SEALER-0024,747,12:27,134.9,149.7,140.8,150.5,150.1,146.0,141.8,149.0,150.4,151.3,149.1,139.3
SEALER-0024,748,12:28,135.3,150.4,141.3,149.5,149.9,146.2,141.2,148.9,149.9,151.0,150.1,139.7
SEALER-0024,749,12:29,135.9,150.3,140.7,149.2,149.9,146.2,140.7,148.7,149.3,151.2,150.2,139.9
SEALER-0024,750,12:30,134.9,150.7,141.3,149.5,150.7,146.3,140.9,148.8,150.3,151.4,149.7,139.4
SEALER-0024,751,12:31,134.7,149.8,142.0,149.4,149.7,145.6,141.9,149.8,150.3,150.8,150.1,139.6
SEALER-0024,752,12:32,135.2,149.9,141.1,148.6,150.6,146.6,141.6,149.9,150.5,151.6,148.8,140.4
SEALER-0024,753,12:33,134.6,150.0,141.1,149.6,150.6,146.5,142.0,150.2,150.8,151.2,149.7,139.3
SEALER-0024,754,12:34,136.0,150.3,141.8,150.0,149.9,146.0,142.7,150.2,150.6,151.5,150.5,140.0
SEALER-0024,755,12:35,134.0,150.2,141.8,149.6,149.9,146.6,142.5,151.5,150.9,150.6,149.7,139.5
SEALER-0024,756,12:36,135.3,150.5,142.4,150.0,150.7,145.4,141.9,149.8,150.2,151.7,151.4,139.9
SEALER-0024,757,12:37,136.3,152.0,142.3,149.2,150.9,146.2,142.1,151.0,149.9,151.7,151.1,140.5
SEALER-0024,758,12:38,135.5,151.4,142.5,149.2,150.7,147.0,142.8,149.5,149.6,151.8,150.9,139.3
SEALER-0024,759,12:39,136.0,150.6,142.8,148.7,150.9,146.5,143.1,150.4,150.1,152.2,149.9,140.4
SEALER-0024,760,12:40,136.9,151.2,142.7,150.5,150.7,147.0,142.9,150.3,150.6,152.4,150.8,140.8
SEALER-0024,761,12:41,135.6,150.7,142.0,149.6,150.3,146.6,143.2,150.1,150.2,151.7,150.5,140.5
SEALER-0024,762,12:42,136.0,151.3,142.8,149.5,150.9,146.5,142.9,150.2,151.6,152.1,151.1,140.5
SEALER-0024,763,12:43,136.3,152.1,141.7,150.5,150.0,146.9,142.5,150.7,149.9,152.2,151.2,140.3
SEALER-0024,764,12:44,136.9,151.1,142.0,149.9,150.6,146.9,143.5,150.2,150.8,151.0,150.7,140.0
SEALER-0024,765,12:45,136.0,151.4,142.9,149.9,151.6,146.9,142.3,150.6,151.6,152.2,150.6,140.4
SEALER-0024,766,12:46,136.4,150.7,141.6,149.8,149.9,147.4,142.8,151.1,151.6,151.8,150.9,140.8
SEALER-0024,767,12:47,136.1,151.5,142.7,150.3,150.8,147.0,143.0,151.4,151.2,152.5,152.2,140.9
SEALER-0024,768,12:48,137.0,151.3,143.2,150.7,151.4,147.1,142.8,151.3,150.8,151.8,151.6,140.7
SEALER-0024,769,12:49,136.6,151.0,143.6,150.0,151.1,146.8,142.3,150.6,151.7,153.3,151.5,140.5
SEALER-0024,770,12:50,136.4,151.8,143.4,150.6,150.5,147.5,143.6,151.2,150.8,153.6,152.5,141.0
SEALER-0024,771,12:51,137.7,151.2,143.0,150.6,150.8,147.5,143.0,151.2,151.1,153.1,151.4,141.1
SEALER-0024,772,12:52,136.5,152.0,142.1,150.7,152.1,147.7,143.3,151.1,152.7,152.4,151.8,141.6
SEALER-0024,773,12:53,137.6,152.4,142.6,151.1,151.0,147.3,143.3,151.1,151.6,153.0,152.1,141.6
SEALER-0024,774,12:54,137.0,152.4,143.2,151.1,151.1,147.1,144.2,152.2,151.2,152.1,151.8,141.5
SEALER-0024,775,12:55,136.7,152.7,143.6,151.3,151.7,147.1,143.4,151.5,151.8,152.7,151.3,141.7
SEALER-0024,776,12:56,138.1,151.9,142.6,151.3,151.5,147.2,143.2,151.1,151.7,153.2,152.1,141.9
SEALER-0024,777,12:57,137.1,151.8,143.8,151.4,152.4,147.9,144.1,151.0,150.3,153.1,151.4,140.9
SEALER-0024,778,12:58,137.6,151.9,143.2,151.4,152.0,148.3,144.0,151.0,152.4,152.6,152.4,142.1
SEALER-0024,779,12:59,137.8,153.3,143.6,150.5,151.9,148.9,143.5,151.5,152.4,152.7,152.3,141.3
SEALER-0024,780,13:00,137.9,152.8,143.9,151.7,151.8,148.2,144.4,152.6,151.9,153.4,151.5,140.6
SEALER-0024,781,13:01,137.2,152.8,144.0,150.7,152.3,147.9,144.0,152.0,152.1,154.3,153.2,143.3
SEALER-0024,782,13:02,137.1,152.4,143.7,151.6,151.8,147.7,143.1,152.1,152.4,153.8,152.9,142.0
SEALER-0024,783,13:03,137.1,152.3,143.9,152.0,152.5,148.6,143.5,151.4,152.1,153.6,153.1,142.2
SEALER-0024,784,13:04,137.6,152.0,144.7,150.9,151.8,148.7,144.1,152.1,153.0,152.7,152.6,142.4
SEALER-0024,785,13:05,137.2,152.6,144.6,150.7,153.3,148.9,143.9,152.2,152.7,153.8,152.5,142.4
SEALER-0024,786,13:06,137.5,153.1,143.4,151.8,152.4,148.0,144.7,152.7,153.6,154.5,153.1,142.0
SEALER-0024,787,13:07,137.8,152.7,143.4,151.4,153.1,149.4,144.7,152.1,152.9,153.9,152.9,142.0
SEALER-0024,788,13:08,137.7,153.6,144.6,152.3,152.7,148.7,144.7,152.2,151.7,154.3,153.1,142.6
SEALER-0024,789,13:09,137.0,153.3,144.3,151.4,153.6,149.3,144.2,152.7,153.7,154.0,151.9,142.0
SEALER-0024,790,13:10,138.2,152.6,144.2,153.6,152.3,149.5,144.5,153.1,153.1,154.1,152.2,142.7
SEALER-0024,791,13:11,138.2,152.9,143.8,151.4,152.7,149.5,145.1,152.6,153.0,153.8,153.1,142.1
SEALER-0024,792,13:12,137.2,153.2,144.8,152.4,152.9,149.6,144.8,153.1,152.9,153.4,153.0,142.4
SEALER-0024,793,13:13,137.4,153.7,144.4,151.7,152.7,150.1,144.9,152.3,153.1,153.8,152.6,142.6
SEALER-0024,794,13:14,137.5,153.8,144.6,152.3,154.3,149.4,144.6,152.5,152.6,154.7,153.6,142.7
SEALER-0024,795,13:15,138.4,153.3,144.6,152.3,153.4,149.0,144.6,152.6,153.3,154.1,152.0,142.7
SEALER-0024,796,13:16,138.8,153.9,144.4,152.3,153.0,150.4,144.2,153.2,153.4,154.8,153.7,142.7
SEALER-0024,797,13:17,138.8,153.2,146.2,152.6,153.6,149.5,145.2,153.3,153.3,154.9,152.9,142.9
SEALER-0024,798,13:18,139.0,154.0,144.3,152.7,153.0,149.3,145.9,153.4,153.0,154.3,153.8,142.5
SEALER-0024,799,13:19,138.6,153.4,145.0,153.1,153.2,150.4,145.5,153.1,153.5,154.4,153.4,143.6
SEALER-0024,800,13:20,139.1,154.0,144.9,152.8,152.9,149.9,145.9,153.4,152.5,154.4,153.1,143.6
SEALER-0024,801,13:21,138.6,154.1,145.0,152.9,154.0,149.5,145.7,153.0,154.2,154.7,153.2,143.9
SEALER-0024,802,13:22,139.2,154.3,144.7,153.2,152.8,149.4,144.6,153.9,153.4,155.1,153.4,142.8
SEALER-0024,803,13:23,138.1,153.4,145.5,152.7,153.6,149.5,144.8,153.0,153.9,155.2,154.3,143.8
SEALER-0024,804,13:24,138.8,153.3,144.7,152.9,154.0,149.8,145.5,152.5,154.3,154.9,153.7,143.5
SEALER-0024,805,13:25,139.0,154.7,145.3,152.8,154.5,150.5,145.2,153.5,154.4,156.2,153.5,143.3
SEALER-0024,806,13:26,139.4,154.6,145.4,152.6,154.3,150.4,146.6,154.9,154.1,155.0,154.4,143.3
SEALER-0024,807,13:27,138.8,154.7,146.1,152.7,154.3,149.1,145.6,153.6,154.3,155.2,154.3,142.9
SEALER-0024,808,13:28,138.9,154.4,145.7,152.9,154.1,150.4,146.2,153.4,154.4,155.7,154.6,143.4
SEALER-0024,809,13:29,138.9,154.9,145.3,153.5,154.3,151.6,146.4,154.1,153.6,155.5,154.4,144.2
SEALER-0024,810,13:30,139.0,154.2,145.4,152.7,153.7,150.3,145.5,153.8,154.1,155.5,153.5,144.1
SEALER-0024,811,13:31,139.1,155.6,145.6,153.9,155.2,150.5,146.4,154.3,154.7,154.4,154.6,143.8
SEALER-0024,812,13:32,139.1,154.6,145.6,153.9,154.3,150.9,145.1,153.4,154.4,155.2,154.5,144.1
SEALER-0024,813,13:33,140.1,155.8,146.3,153.0,154.6,150.1,146.2,154.5,154.0,155.1,155.4,145.2
SEALER-0024,814,13:34,139.6,155.0,145.9,153.6,154.6,149.6,147.0,153.3,155.0,155.7,154.6,143.7
SEALER-0024,815,13:35,138.1,155.3,146.2,153.2,155.0,150.3,146.3,154.1,153.5,156.2,155.1,143.7
SEALER-0024,816,13:36,139.7,154.9,146.2,153.6,154.4,151.1,146.9,153.6,155.1,156.2,155.1,144.7
SEALER-0024,817,13:37,140.3,156.0,146.0,153.4,154.4,150.5,145.8,154.5,155.3,156.7,154.7,143.9
SEALER-0024,818,13:38,138.9,156.2,145.6,154.5,156.0,151.5,146.7,154.4,154.7,156.3,154.4,144.0
SEALER-0024,819,13:39,140.2,154.7,145.5,154.0,154.9,151.8,145.9,154.2,154.9,156.6,156.0,144.6
SEALER-0024,820,13:40,139.8,156.0,145.6,154.2,155.1,150.5,146.8,154.0,155.2,155.4,156.0,145.0
SEALER-0024,821,13:41,140.8,154.5,145.6,153.9,154.1,150.9,147.6,156.2,155.0,156.0,155.4,144.7
SEALER-0024,822,13:42,139.0,155.5,146.0,154.7,155.3,151.1,146.4,155.5,155.3,155.8,155.2,144.3
SEALER-0024,823,13:43,140.5,155.7,146.8,153.8,154.5,151.0,147.0,155.1,154.2,156.9,156.1,145.5
SEALER-0024,824,13:44,139.0,155.6,145.4,155.0,155.5,152.5,146.7,155.2,155.7,156.3,154.6,145.3
SEALER-0024,825,13:45,140.5,155.0,146.8,155.0,155.2,151.4,147.6,154.8,154.2,157.4,155.5,145.6
SEALER-0024,826,13:46,139.4,156.2,146.9,154.9,154.6,151.7,147.3,155.5,155.4,155.8,155.1,145.8
SEALER-0024,827,13:47,140.9,155.3,147.0,153.9,154.2,151.8,147.8,155.4,156.1,156.4,156.3,145.1
SEALER-0024,828,13:48,140.5,155.5,147.0,154.4,154.4,152.0,147.7,154.7,156.0,156.6,155.4,144.8
SEALER-0024,829,13:49,140.0,155.1,146.7,153.7,154.9,153.2,146.9,154.7,155.3,156.2,155.6,145.1
SEALER-0024,830,13:50,139.5,154.9,147.3,154.0,156.2,151.2,147.5,155.6,154.5,156.9,155.4,145.3
SEALER-0024,831,13:51,141.3,157.2,146.2,154.9,155.6,151.3,147.2,155.4,155.2,156.3,155.4,145.2
SEALER-0024,832,13:52,141.3,155.9,146.3,154.8,155.6,151.7,148.2,156.6,156.3,156.5,156.3,145.9
SEALER-0024,833,13:53,140.4,155.1,147.3,155.1,156.1,152.1,147.8,155.1,156.3,156.5,155.4,145.3
SEALER-0024,834,13:54,140.9,156.9,146.8,155.0,156.5,152.9,148.6,155.3,156.0,157.5,156.0,144.9
SEALER-0024,835,13:55,141.1,155.8,146.7,154.1,156.3,152.2,147.1,156.0,156.0,156.5,156.8,145.1
SEALER-0024,836,13:56,141.3,156.5,147.6,155.8,156.3,151.1,147.7,155.1,156.1,157.2,155.1,145.5
SEALER-0024,837,13:57,140.0,155.8,147.4,154.9,156.0,151.7,148.1,156.5,156.5,157.0,156.5,145.5
SEALER-0024,838,13:58,140.6,157.2,148.1,154.8,156.5,152.9,147.7,155.6,156.5,157.8,156.6,146.0
SEALER-0024,839,13:59,140.4,156.2,147.0,155.3,155.7,152.9,148.6,155.6,156.1,157.5,156.5,145.8
SEALER-0024,840,14:00,141.1,156.8,147.8,155.9,156.3,152.6,148.6,156.9,156.5,157.0,156.8,147.0
SEALER-0024,841,14:01,141.0,157.2,147.1,156.2,156.1,152.5,148.0,155.9,155.8,157.4,156.8,145.4
SEALER-0024,842,14:02,141.8,157.4,147.0,154.9,156.3,153.4,147.8,157.0,156.0,157.0,156.3,145.7
SEALER-0024,843,14:03,141.1,157.9,148.1,155.7,156.8,152.8,147.7,155.9,156.5,157.0,156.9,146.9
SEALER-0024,844,14:04,141.7,156.3,147.2,155.4,156.3,153.4,148.6,156.5,157.6,158.3,157.0,146.4
SEALER-0024,845,14:05,142.1,156.7,147.0,156.3,156.2,153.6,148.3,156.7,156.9,157.0,156.7,146.2
SEALER-0024,846,14:06,141.8,156.9,146.9,156.3,156.8,152.8,148.5,156.5,157.3,157.2,155.8,145.9
SEALER-0024,847,14:07,141.0,156.9,148.4,155.0,156.6,153.1,148.7,156.1,156.3,157.8,157.4,146.3
SEALER-0024,848,14:08,141.2,157.1,148.1,156.3,156.3,152.3,148.5,156.3,158.0,158.1,156.3,146.3
SEALER-0024,849,14:09,141.3,156.6,148.1,155.3,157.3,153.0,148.7,156.0,156.9,157.3,157.1,146.6
SEALER-0024,850,14:10,140.9,157.6,148.0,156.1,156.7,153.4,148.4,156.9,157.1,157.0,157.1,146.3
SEALER-0024,851,14:11,142.4,157.2,148.0,156.1,157.0,153.3,148.9,158.3,157.4,157.8,157.1,146.0
SEALER-0024,852,14:12,141.6,157.1,147.4,156.6,156.9,153.3,149.3,156.2,156.8,159.0,157.1,146.4
SEALER-0024,853,14:13,141.7,158.6,148.1,156.7,157.1,153.8,149.2,156.3,156.7,158.1,157.0,147.2
SEALER-0024,854,14:14,143.5,158.7,147.8,156.6,156.8,153.6,149.3,157.1,156.7,157.7,157.5,146.8
SEALER-0024,855,14:15,142.6,157.3,148.4,156.2,157.5,152.9,149.2,156.9,156.8,158.4,157.4,146.2
SEALER-0024,856,14:16,140.8,157.3,148.6,156.5,157.6,152.9,149.8,157.4,157.4,158.5,157.4,146.8
SEALER-0024,857,14:17,142.1,157.4,147.5,156.5,157.1,153.4,148.4,156.6,157.3,157.9,156.5,146.5
SEALER-0024,858,14:18,142.0,156.9,148.0,156.2,158.1,153.7,149.4,157.2,157.4,159.5,157.5,146.6
SEALER-0024,859,14:19,141.8,157.7,148.6,156.3,158.0,154.6,149.7,157.2,157.0,157.9,157.3,145.8
SEALER-0024,860,14:20,141.7,158.3,148.3,157.2,156.7,154.3,149.3,157.1,158.0,158.2,157.2,146.7
SEALER-0024,861,14:21,143.1,157.8,149.2,156.3,157.7,154.6,149.5,156.8,158.1,158.7,158.8,147.5
SEALER-0024,862,14:22,142.0,157.9,149.5,157.0,157.7,153.4,149.8,157.4,157.1,159.0,157.7,146.6
SEALER-0024,863,14:23,142.6,158.6,149.8,156.5,157.8,154.4,148.8,157.5,158.1,158.2,157.6,146.5
SEALER-0024,864,14:24,142.9,157.5,148.6,156.7,157.8,153.8,150.1,156.5,157.5,158.6,156.9,147.1
SEALER-0024,865,14:25,141.7,157.5,148.8,156.7,157.9,154.3,150.1,158.4,157.9,160.2,157.7,147.6
SEALER-0024,866,14:26,142.6,157.9,148.7,157.9,158.9,154.1,150.2,158.5,159.1,158.6,159.2,146.8
SEALER-0024,867,14:27,143.4,157.6,150.2,156.7,157.8,154.4,150.0,158.3,157.6,159.5,157.8,147.2
SEALER-0024,868,14:28,143.0,159.0,149.1,157.3,157.8,155.5,149.8,157.0,158.3,159.2,158.1,147.4
SEALER-0024,869,14:29,143.9,158.5,149.5,158.0,158.4,154.6,149.8,157.5,159.0,160.0,158.2,147.7
SEALER-0024,870,14:30,142.9,158.6,149.1,157.3,157.8,153.3,149.2,156.8,158.2,160.1,158.5,148.6
SEALER-0024,871,14:31,143.1,158.0,149.4,157.8,157.4,154.2,150.4,158.2,158.6,158.4,159.1,147.9
SEALER-0024,872,14:32,142.7,158.2,149.1,157.6,158.1,155.3,149.7,158.5,159.0,159.0,158.3,147.9
SEALER-0024,873,14:33,142.6,159.0,148.9,157.1,158.1,154.2,150.2,159.0,157.9,159.3,158.2,147.3
SEALER-0024,874,14:34,143.2,158.6,149.6,157.0,158.1,154.6,150.2,158.3,157.9,160.6,158.3,147.3
SEALER-0024,875,14:35,142.2,158.8,149.7,157.4,158.2,155.4,150.5,158.4,158.8,159.9,158.7,148.6
SEALER-0024,876,14:36,142.8,158.2,149.9,158.2,158.7,155.1,150.8,158.1,158.6,159.2,158.6,147.3
SEALER-0024,877,14:37,143.1,158.4,149.7,157.9,159.4,154.5,149.7,158.3,158.8,160.1,157.9,148.9
SEALER-0024,878,14:38,143.0,159.0,149.3,157.3,158.4,155.5,151.5,159.5,158.8,160.2,159.0,148.6
SEALER-0024,879,14:39,142.5,158.8,151.3,157.3,159.9,154.6,150.8,158.9,158.7,160.3,159.1,148.4
SEALER-0024,880,14:40,143.1,159.0,149.7,157.7,158.9,154.8,151.5,158.4,158.8,160.1,158.8,149.0
SEALER-0024,881,14:41,144.0,158.9,150.2,157.9,159.3,155.7,149.9,159.2,159.1,159.8,159.1,148.9
SEALER-0024,882,14:42,144.0,159.2,149.4,158.5,159.0,156.1,150.8,158.8,159.5,160.3,159.3,148.9
SEALER-0024,883,14:43,143.6,159.1,149.6,159.1,160.0,154.9,151.3,159.7,159.4,158.7,158.2,147.5
SEALER-0024,884,14:44,143.4,159.3,150.4,157.5,159.3,155.5,150.8,159.5,159.2,159.3,158.8,149.0
SEALER-0024,885,14:45,143.3,160.5,150.1,158.5,159.5,154.9,151.0,158.7,158.7,159.8,158.9,148.5
SEALER-0024,886,14:46,143.7,159.5,150.2,157.8,160.1,155.0,151.8,159.0,159.8,160.1,159.7,149.2
SEALER-0024,887,14:47,143.5,159.2,150.9,158.1,160.3,155.4,151.4,159.9,158.3,160.2,159.0,148.4
SEALER-0024,888,14:48,143.4,158.9,150.9,158.1,159.3,155.7,151.3,157.9,159.4,160.8,159.7,148.8
SEALER-0024,889,14:49,143.6,159.5,150.1,157.5,158.3,156.8,150.8,159.1,159.9,161.2,159.0,147.8
SEALER-0024,890,14:50,142.4,159.5,150.2,158.9,159.2,155.2,151.1,159.4,159.1,160.0,159.1,148.8
SEALER-0024,891,14:51,144.3,160.0,150.3,158.9,159.5,155.2,151.7,159.7,159.3,160.3,158.4,147.9
SEALER-0024,892,14:52,144.1,160.4,150.3,158.4,160.4,155.0,151.3,159.1,159.6,160.8,159.7,148.4
SEALER-0024,893,14:53,144.2,160.1,150.3,158.2,160.8,155.9,151.3,159.5,159.9,161.2,159.7,149.1
SEALER-0024,894,14:54,144.4,159.7,150.8,159.7,160.5,156.2,151.5,158.7,158.8,160.5,159.4,149.1
SEALER-0024,895,14:55,144.6,160.3,150.9,159.3,160.1,156.7,151.6,158.9,160.2,161.2,159.8,148.5
SEALER-0024,896,14:56,144.3,159.8,150.8,158.4,160.9,156.1,151.3,159.8,159.7,160.9,160.7,148.4
SEALER-0024,897,14:57,144.9,160.3,150.4,159.0,160.2,155.0,151.5,160.3,159.6,160.3,159.9,150.0
SEALER-0024,898,14:58,143.6,160.7,150.3,158.4,159.9,156.0,151.0,160.2,161.1,160.8,160.0,149.3
SEALER-0024,899,14:59,144.3,160.1,150.4,158.6,159.8,155.1,151.4,160.5,160.0,161.3,160.4,149.0
SEALER-0024,900,15:00,144.8,160.7,151.8,159.0,159.8,155.8,152.4,160.0,160.5,160.8,159.2,148.9
SEALER-0024,901,15:01,143.6,160.6,151.5,158.0,160.3,156.5,152.3,160.3,160.6,161.6,160.1,149.5
SEALER-0024,902,15:02,145.6,161.2,151.0,157.8,161.0,156.4,153.1,160.6,159.7,161.4,160.5,150.9
SEALER-0024,903,15:03,145.6,160.6,151.5,159.2,160.4,156.9,152.2,161.5,160.6,161.3,160.3,149.8
SEALER-0024,904,15:04,145.1,161.3,151.2,158.8,160.9,157.0,150.7,159.2,159.9,161.3,160.1,149.3
SEALER-0024,905,15:05,144.3,160.6,151.3,159.4,160.5,156.5,152.5,160.5,160.7,160.3,160.8,150.4
SEALER-0024,906,15:06,144.7,160.4,151.3,158.6,160.8,156.3,152.8,160.0,160.8,161.1,160.0,149.7
SEALER-0024,907,15:07,145.0,161.6,152.0,159.6,161.0,157.1,151.9,160.6,159.5,160.5,161.2,150.1
SEALER-0024,908,15:08,144.7,161.4,152.7,160.1,161.5,157.5,152.4,160.6,160.5,162.5,160.4,149.4
SEALER-0024,909,15:09,145.2,160.4,152.4,159.4,160.5,156.8,152.4,160.8,160.2,161.9,160.9,149.8
SEALER-0024,910,15:10,145.7,161.0,151.7,160.0,160.1,156.9,153.0,161.2,160.9,161.5,160.7,149.8
SEALER-0024,911,15:11,144.8,160.6,150.6,159.6,160.7,157.2,151.9,160.0,161.1,161.8,161.1,150.2
SEALER-0024,912,15:12,145.6,161.1,151.2,159.6,161.1,156.8,152.3,160.4,161.0,162.8,161.1,150.2
SEALER-0024,913,15:13,145.5,160.9,151.9,159.6,160.8,156.9,152.9,161.0,159.9,162.5,161.6,150.2
SEALER-0024,914,15:14,144.9,161.0,151.1,159.6,161.3,156.9,153.2,161.6,160.5,161.6,161.1,149.6
SEALER-0024,915,15:15,145.2,161.1,152.4,160.7,161.9,156.7,152.8,160.3,161.2,162.3,161.2,150.1
SEALER-0024,916,15:16,145.2,160.9,151.4,159.4,161.7,157.5,153.2,160.6,160.6,162.3,161.9,149.4
SEALER-0024,917,15:17,144.6,161.5,153.1,159.7,161.3,157.7,152.9,160.8,160.8,162.8,160.8,150.4
SEALER-0024,918,15:18,146.1,161.5,151.6,160.6,161.1,157.5,153.3,161.4,160.8,161.6,161.8,149.6
SEALER-0024,919,15:19,145.6,161.7,153.0,160.2,161.3,157.2,153.7,161.2,162.5,162.3,161.9,150.5
SEALER-0024,920,15:20,145.5,161.5,152.0,160.0,162.0,158.4,153.6,161.4,161.3,163.6,160.9,150.5
SEALER-0024,921,15:21,145.3,161.7,150.9,159.2,162.0,158.7,152.6,161.1,161.2,163.3,162.0,150.6
SEALER-0024,922,15:22,146.5,160.7,153.0,160.2,161.7,157.1,153.6,161.6,161.0,164.4,161.8,151.2
SEALER-0024,923,15:23,145.8,161.2,152.8,160.9,161.3,156.5,153.7,161.6,161.8,163.1,162.2,150.7
SEALER-0024,924,15:24,145.8,162.6,152.4,160.6,162.5,158.0,153.7,161.7,162.2,162.3,161.2,151.7
SEALER-0024,925,15:25,145.1,161.9,154.1,160.8,162.3,158.3,152.1,161.3,161.6,161.0,161.4,152.4
SEALER-0024,926,15:26,145.8,162.1,152.1,160.1,162.2,157.9,153.7,161.0,162.0,162.1,160.5,150.1
SEALER-0024,927,15:27,146.3,162.4,152.4,161.8,162.2,158.8,153.4,160.9,160.7,163.0,161.8,151.1
SEALER-0024,928,15:28,145.4,161.3,151.9,159.9,162.3,158.6,152.6,161.1,161.4,162.3,161.3,150.8
SEALER-0024,929,15:29,146.9,161.1,151.7,159.3,161.8,158.0,154.2,161.5,162.2,162.5,161.0,150.4
SEALER-0024,930,15:30,145.6,161.2,152.4,159.5,163.2,157.9,154.1,161.6,163.5,162.8,161.7,151.3
SEALER-0024,931,15:31,146.7,163.5,151.1,159.7,162.1,158.8,153.6,162.1,162.1,163.9,161.8,151.1
SEALER-0024,932,15:32,145.7,163.4,151.5,161.8,162.3,159.8,153.3,162.4,163.0,162.0,163.4,151.2
SEALER-0024,933,15:33,146.0,162.9,151.0,161.5,162.6,158.8,152.7,161.6,163.2,161.1,163.1,152.2
SEALER-0024,934,15:34,146.4,160.3,151.8,158.8,162.3,158.0,153.7,162.0,162.6,163.1,162.3,151.2
SEALER-0024,935,15:35,146.4,162.4,153.4,162.0,162.3,158.7,154.7,161.8,161.2,161.1,162.2,151.4
SEALER-0024,936,15:36,147.0,162.7,150.7,160.6,162.7,157.8,153.7,162.6,161.7,162.0,162.2,151.6
SEALER-0024,937,15:37,146.7,161.4,151.8,161.3,163.2,159.5,154.3,163.0,161.8,161.6,161.9,151.5
SEALER-0024,938,15:38,146.1,162.5,152.3,160.3,162.4,159.3,154.1,162.6,162.2,162.5,161.4,150.8
SEALER-0024,939,15:39,146.8,162.4,152.1,160.9,163.2,159.2,153.9,162.1,161.5,161.6,161.5,151.2
SEALER-0024,940,15:40,146.9,162.3,152.8,160.0,162.6,157.8,154.4,163.0,161.9,162.5,162.5,151.8
SEALER-0024,941,15:41,145.7,161.7,152.1,161.1,162.8,158.5,153.8,162.7,161.3,162.5,160.1,152.3
SEALER-0024,942,15:42,146.3,162.3,153.0,160.5,164.1,158.5,154.5,162.4,161.3,161.0,162.1,152.3
SEALER-0024,943,15:43,147.3,161.2,152.1,160.8,162.9,158.0,154.4,163.0,161.8,163.2,162.7,152.2
SEALER-0024,944,15:44,146.6,163.4,151.5,160.0,163.4,158.3,154.3,162.7,161.7,162.2,162.4,151.0
SEALER-0024,945,15:45,146.2,161.6,153.3,160.9,163.3,159.0,154.6,163.1,161.4,162.0,163.4,152.5
SEALER-0024,946,15:46,147.1,162.1,151.6,160.0,163.0,159.5,155.0,164.1,162.1,163.2,161.8,152.3
SEALER-0024,947,15:47,147.6,162.8,151.6,160.0,163.5,159.7,154.0,162.3,162.3,162.2,163.1,152.2
SEALER-0024,948,15:48,147.4,160.2,151.4,160.0,163.0,160.0,154.7,162.6,163.0,162.9,161.0,152.3
SEALER-0024,949,15:49,146.8,162.2,152.1,160.6,163.9,159.1,154.9,163.2,162.5,161.8,163.0,150.5
SEALER-0024,950,15:50,148.1,162.7,153.0,160.6,163.2,159.2,155.3,163.8,161.8,161.6,162.6,151.1
SEALER-0024,951,15:51,147.3,161.9,151.7,159.3,164.1,159.7,155.4,163.3,162.2,162.0,162.5,152.2
SEALER-0024,952,15:52,149.2,163.5,150.9,161.6,162.7,159.7,154.9,162.8,161.3,163.2,163.0,152.4
SEALER-0024,953,15:53,147.6,162.4,152.3,160.2,164.1,159.9,154.3,163.2,161.5,163.0,163.0,152.5
SEALER-0024,954,15:54,147.2,162.7,151.9,159.7,163.8,159.7,154.3,163.1,161.2,161.0,162.1,153.1
SEALER-0024,955,15:55,147.5,162.1,151.7,160.9,163.6,158.8,155.8,163.3,161.1,161.8,162.0,153.1
SEALER-0024,956,15:56,147.3,161.7,154.4,159.4,163.3,158.9,154.4,162.9,162.8,162.0,163.0,151.3
SEALER-0024,957,15:57,147.4,163.0,152.2,159.9,163.8,160.4,155.5,164.5,160.6,162.5,162.8,152.0
SEALER-0024,958,15:58,148.3,162.0,152.3,161.5,162.8,160.2,155.7,164.4,161.0,163.8,162.6,152.0
SEALER-0024,959,15:59,145.0,160.9,151.8,161.2,164.2,160.1,156.0,162.6,162.4,162.2,161.9,152.4
SEALER-0024,960,16:00,145.1,162.1,153.4,160.7,164.2,160.6,155.0,164.2,162.4,164.5,160.7,151.1
SEALER-0024,961,16:01,147.0,162.4,151.9,161.2,165.0,160.8,155.8,163.3,162.3,163.1,162.9,151.9
SEALER-0024,962,16:02,147.8,160.7,152.9,159.8,165.4,160.3,155.8,163.2,161.7,163.8,162.4,153.9
SEALER-0024,963,16:03,148.1,163.1,150.8,160.1,164.6,160.8,155.7,163.3,162.5,161.2,163.6,150.6
SEALER-0024,964,16:04,146.8,162.1,152.0,160.5,163.2,160.8,155.7,163.6,162.6,161.5,161.3,151.0
SEALER-0024,965,16:05,149.6,162.5,152.0,160.3,163.9,159.9,155.6,162.7,161.9,162.6,162.5,152.0
SEALER-0024,966,16:06,147.4,162.2,151.6,161.2,163.8,161.7,155.9,162.6,162.8,162.7,162.3,152.2
SEALER-0024,967,16:07,144.4,163.0,153.0,159.3,163.9,159.9,156.0,163.6,162.0,163.3,161.6,151.4
SEALER-0024,968,16:08,146.1,163.1,151.4,161.9,164.1,158.5,155.6,163.0,161.5,161.9,162.9,153.0
SEALER-0024,969,16:09,147.6,162.5,152.2,160.6,165.1,161.0,156.1,164.0,162.0,161.6,163.4,152.0
SEALER-0024,970,16:10,147.6,162.0,152.5,160.4,164.5,159.5,157.3,162.0,160.9,162.8,161.8,151.1
SEALER-0024,971,16:11,145.5,161.7,152.2,162.3,164.4,159.3,155.8,164.1,163.1,161.9,162.0,152.4
SEALER-0024,972,16:12,148.1,162.9,152.7,160.1,165.7,159.6,156.8,163.1,161.2,163.3,161.7,152.0
SEALER-0024,973,16:13,145.6,161.6,153.0,160.6,164.1,161.1,155.5,163.4,161.5,161.4,160.8,153.6
SEALER-0024,974,16:14,146.6,162.1,151.7,161.0,163.5,160.6,156.7,164.6,162.5,163.1,161.0,151.6
SEALER-0024,975,16:15,147.4,162.0,151.2,161.9,162.8,161.3,154.1,164.7,161.4,162.4,161.4,151.6
SEALER-0024,976,16:16,148.5,160.8,152.4,161.1,165.0,160.8,154.4,164.0,162.3,164.3,161.4,150.1
SEALER-0024,977,16:17,147.0,162.1,151.7,160.3,164.2,159.8,156.4,164.0,160.8,162.9,161.6,151.7
SEALER-0024,978,16:18,147.3,162.7,151.4,160.9,163.1,160.7,156.0,163.9,161.7,161.6,163.2,154.8
SEALER-0024,979,16:19,147.9,160.9,152.6,161.6,164.9,161.0,156.5,164.4,161.2,162.5,163.1,152.2
SEALER-0024,980,16:20,147.7,161.6,153.1,160.6,164.0,158.6,155.6,162.6,162.1,161.2,162.1,150.8
SEALER-0024,981,16:21,146.2,161.0,150.8,159.0,162.2,160.3,156.9,163.6,160.9,161.9,162.5,152.3
SEALER-0024,982,16:22,147.7,160.8,151.0,159.4,163.0,160.8,154.9,164.4,161.9,162.9,162.0,150.9
SEALER-0024,983,16:23,146.2,161.2,151.0,161.9,164.8,161.2,154.3,164.2,162.1,163.4,162.8,153.3
SEALER-0024,984,16:24,146.8,162.9,152.8,161.5,164.3,161.6,155.5,163.5,162.0,162.1,162.2,151.8
SEALER-0024,985,16:25,147.6,162.5,152.8,161.3,163.4,160.9,154.5,163.9,161.0,161.9,161.2,153.3
SEALER-0024,986,16:26,147.8,162.7,151.9,162.4,165.4,161.9,156.0,163.7,163.6,162.0,161.3,151.4
SEALER-0024,987,16:27,145.5,162.7,152.9,161.7,165.2,160.9,156.3,162.9,163.4,161.2,160.9,152.5
SEALER-0024,988,16:28,148.4,162.2,152.8,160.8,164.7,159.4,154.4,164.5,161.7,163.4,163.4,151.4
SEALER-0024,989,16:29,145.4,162.0,152.0,160.6,164.1,160.5,155.5,163.2,162.1,163.9,161.7,150.2
SEALER-0024,990,16:30,146.3,162.5,151.4,160.1,164.2,160.5,156.6,163.9,161.3,162.4,162.1,149.7
SEALER-0024,991,16:31,147.6,162.5,153.2,160.4,164.6,160.9,157.0,165.5,162.0,162.8,160.9,153.8
SEALER-0024,992,16:32,147.3,162.4,150.7,160.9,165.6,160.3,154.3,165.0,161.3,161.7,163.3,151.4
SEALER-0024,993,16:33,146.3,162.4,152.4,160.6,162.7,162.1,156.0,163.3,163.5,163.0,162.1,153.9
SEALER-0024,994,16:34,146.9,161.8,151.0,162.3,164.2,160.8,155.4,163.5,161.7,161.7,160.9,150.7
SEALER-0024,995,16:35,146.1,163.3,153.1,160.3,162.3,162.0,155.7,163.5,162.9,161.7,162.7,152.8
SEALER-0024,996,16:36,148.5,160.3,153.1,161.2,164.7,160.0,157.8,162.7,161.6,162.3,161.7,152.9
SEALER-0024,997,16:37,147.3,161.4,151.9,159.4,164.6,160.8,155.9,163.8,162.2,161.8,162.1,152.6
SEALER-0024,998,16:38,147.2,162.4,151.6,161.2,163.9,159.4,154.9,162.4,162.2,160.7,163.2,150.9
SEALER-0024,999,16:39,146.9,161.9,152.6,160.6,164.5,160.7,155.8,164.0,162.8,162.2,162.5,153.7
SEALER-0024,1000,16:40,147.7,162.2,151.3,159.3,164.1,159.4,156.1,163.9,162.0,162.9,161.4,152.8
SEALER-0024,1001,16:41,147.0,162.2,150.7,162.3,164.2,159.7,155.7,164.1,161.7,163.3,160.2,151.5
SEALER-0024,1002,16:42,147.3,160.6,153.8,160.9,164.5,160.2,156.1,163.1,161.2,161.4,161.2,152.4
SEALER-0024,1003,16:43,146.0,162.1,152.8,160.6,162.8,160.9,156.4,163.9,162.3,162.0,164.1,151.9
SEALER-0024,1004,16:44,148.5,162.0,151.9,161.8,164.6,160.1,154.7,162.9,160.3,162.6,162.3,151.6
SEALER-0024,1005,16:45,147.0,161.6,152.4,162.0,163.1,161.1,155.4,162.9,162.1,162.5,163.1,152.0
SEALER-0024,1006,16:46,147.6,163.7,152.8,161.5,163.7,160.2,155.9,163.2,163.1,162.4,160.6,151.8
SEALER-0024,1007,16:47,145.6,162.1,152.6,161.0,165.7,159.8,155.3,164.7,161.6,161.4,161.5,151.9
SEALER-0024,1008,16:48,147.1,162.3,152.2,159.8,163.2,161.0,156.3,163.8,163.3,161.7,162.2,152.5
SEALER-0024,1009,16:49,146.6,163.9,150.3,160.1,163.3,161.0,156.3,165.0,162.0,163.5,161.9,153.7
SEALER-0024,1010,16:50,147.1,163.0,152.6,161.3,162.5,159.2,155.4,163.6,159.6,162.8,163.6,152.7
SEALER-0024,1011,16:51,147.0,162.1,152.5,160.7,164.1,159.2,154.5,163.4,160.8,161.6,161.1,150.6
SEALER-0024,1012,16:52,146.9,160.3,151.3,162.2,165.4,159.8,157.0,163.6,162.1,161.9,162.1,153.3
SEALER-0024,1013,16:53,147.1,162.1,153.4,160.8,164.8,160.5,155.3,164.4,161.5,163.4,160.9,151.4
SEALER-0024,1014,16:54,149.1,162.2,152.9,161.5,164.6,160.1,153.9,162.4,162.0,162.4,161.6,152.3
SEALER-0024,1015,16:55,147.7,161.8,153.4,162.8,163.6,160.1,155.6,163.9,162.1,162.3,162.8,152.6
SEALER-0024,1016,16:56,146.3,161.3,152.1,160.5,164.5,160.8,155.6,164.7,161.7,161.0,162.4,152.7
SEALER-0024,1017,16:57,146.3,162.3,153.0,160.4,163.6,159.7,155.2,162.8,161.1,162.9,162.3,151.8
SEALER-0024,1018,16:58,148.1,162.1,153.2,160.6,162.9,160.3,155.9,163.3,161.0,161.7,160.9,152.9
SEALER-0024,1019,16:59,148.6,160.5,151.5,159.5,163.6,161.3,155.1,164.4,162.3,163.4,162.0,152.4
SEALER-0024,1020,17:00,146.2,162.5,152.9,162.6,163.7,159.4,156.6,161.9,162.2,162.8,162.9,151.8
SEALER-0024,1021,17:01,147.0,162.9,152.5,160.6,163.3,159.0,154.9,162.1,161.3,162.9,162.5,151.5
SEALER-0024,1022,17:02,147.4,163.1,153.2,160.9,165.9,161.6,156.0,164.5,162.2,161.7,161.8,151.2
SEALER-0024,1023,17:03,144.6,162.4,151.4,160.2,164.8,159.9,155.5,163.0,162.8,163.4,160.2,152.7
SEALER-0024,1024,17:04,148.4,163.5,151.8,159.8,165.0,159.3,155.4,164.2,161.3,162.2,161.5,153.2
SEALER-0024,1025,17:05,147.6,162.9,150.4,161.2,164.6,160.3,154.5,161.6,161.0,163.0,163.0,151.8
SEALER-0024,1026,17:06,146.8,162.1,151.1,159.8,165.8,161.4,155.5,163.1,161.5,162.9,161.6,153.4
SEALER-0024,1027,17:07,146.6,162.2,152.7,161.8,165.4,159.9,156.2,163.8,162.0,163.2,162.4,152.8
SEALER-0024,1028,17:08,147.5,161.9,153.4,159.4,163.3,160.7,155.8,163.0,163.6,162.5,161.7,152.4
SEALER-0024,1029,17:09,146.9,162.0,152.7,159.4,165.4,160.3,154.7,164.1,160.1,162.5,161.7,151.7
SEALER-0024,1030,17:10,146.5,163.4,152.0,160.1,163.8,159.4,154.9,162.4,161.3,162.2,162.6,151.8
SEALER-0024,1031,17:11,145.1,162.9,152.5,160.9,165.0,161.2,155.4,163.5,160.0,162.0,161.7,151.9
SEALER-0024,1032,17:12,145.7,161.6,152.7,160.7,164.1,159.7,155.8,163.1,161.0,162.6,162.7,151.4
SEALER-0024,1033,17:13,147.0,162.2,152.0,160.0,163.3,161.1,156.1,162.5,161.9,162.8,162.9,152.5
SEALER-0024,1034,17:14,146.4,162.1,153.3,160.1,164.4,160.1,157.1,162.8,161.7,164.0,159.4,151.1
SEALER-0024,1035,17:15,146.6,162.7,151.6,162.1,164.4,158.6,157.0,163.4,162.8,162.3,162.7,152.4
SEALER-0024,1036,17:16,147.4,162.6,152.0,159.8,164.4,159.7,156.1,163.9,160.4,161.7,162.4,151.1
SEALER-0024,1037,17:17,147.8,163.1,153.1,160.5,164.9,162.1,155.2,163.0,160.7,162.9,161.6,150.1
SEALER-0024,1038,17:18,146.6,161.4,152.4,161.0,163.5,160.1,155.9,163.8,163.2,162.0,162.6,151.9
SEALER-0024,1039,17:19,148.6,161.1,152.6,160.3,165.5,161.5,155.7,163.8,162.4,161.5,162.0,152.7
SEALER-0024,1040,17:20,146.8,161.8,151.7,159.7,164.7,160.2,154.7,164.5,161.8,162.1,161.9,151.6
SEALER-0024,1041,17:21,148.5,162.0,153.0,160.5,165.4,159.6,154.9,164.3,161.2,161.3,162.0,152.5
SEALER-0024,1042,17:22,147.5,164.0,152.2,161.8,163.3,160.2,154.4,162.1,162.8,161.4,163.5,151.7
SEALER-0024,1043,17:23,146.1,161.4,152.8,160.3,163.6,159.9,155.8,162.7,163.1,162.2,162.2,152.5
SEALER-0024,1044,17:24,145.9,162.5,151.8,161.3,164.9,161.2,155.3,162.4,161.9,163.7,161.6,152.2
SEALER-0024,1045,17:25,148.0,162.3,152.9,160.6,163.6,159.9,155.8,163.2,162.5,162.1,160.4,151.3
SEALER-0024,1046,17:26,146.7,160.7,152.3,160.7,163.9,159.6,154.7,162.8,161.9,163.5,161.7,151.4
SEALER-0024,1047,17:27,145.4,162.6,153.4,161.1,163.0,161.0,156.5,164.0,161.6,161.7,162.8,150.0
SEALER-0024,1048,17:28,146.8,162.7,152.6,159.3,163.5,159.9,156.6,162.8,163.2,159.9,162.1,150.2
SEALER-0024,1049,17:29,145.1,162.5,152.6,159.9,164.4,161.2,155.5,162.4,161.2,160.7,162.9,152.4
SEALER-0024,1050,17:30,147.7,162.1,151.2,160.6,163.5,161.4,155.1,163.3,163.1,162.9,161.3,153.0
SEALER-0024,1051,17:31,148.1,162.7,151.8,161.3,165.4,160.0,155.5,164.2,161.3,162.1,161.8,150.9
SEALER-0024,1052,17:32,145.9,162.3,152.2,162.6,164.6,160.9,154.5,163.4,160.8,162.7,160.7,154.5
SEALER-0024,1053,17:33,146.9,162.0,153.0,162.0,164.6,159.1,155.2,163.3,163.4,162.1,163.4,151.3
SEALER-0024,1054,17:34,148.0,162.5,152.8,160.3,166.2,159.8,155.5,163.6,162.2,161.7,160.7,153.4
SEALER-0024,1055,17:35,146.9,162.7,152.6,161.2,163.6,161.0,155.8,164.2,160.3,162.4,161.4,153.5
SEALER-0024,1056,17:36,147.1,161.1,152.1,160.7,163.8,160.3,155.6,163.1,162.1,161.1,160.6,151.3
SEALER-0024,1057,17:37,145.9,162.6,152.4,160.4,164.1,160.9,156.5,163.1,160.9,161.7,161.0,153.0
SEALER-0024,1058,17:38,148.7,162.7,153.5,160.6,162.4,160.3,155.9,162.3,164.0,162.6,161.6,152.1
SEALER-0024,1059,17:39,149.2,162.1,153.0,159.0,163.7,160.1,155.7,163.8,160.3,161.4,162.8,152.7
SEALER-0024,1060,17:40,147.6,163.5,151.2,161.6,163.3,161.5,155.9,161.8,161.0,162.5,161.7,152.2
SEALER-0024,1061,17:41,146.8,162.4,152.4,161.3,163.3,159.7,154.7,161.9,160.9,162.5,162.4,151.5
SEALER-0024,1062,17:42,147.1,162.7,154.2,160.7,165.5,160.8,155.3,164.9,162.8,164.4,162.4,152.6
SEALER-0024,1063,17:43,146.8,162.2,152.2,160.3,166.1,160.6,155.4,162.7,161.8,163.2,161.8,151.0
SEALER-0024,1064,17:44,148.0,162.0,153.0,159.5,164.9,161.7,155.6,163.0,162.1,161.2,161.7,153.1
SEALER-0024,1065,17:45,147.4,160.8,151.0,159.4,165.3,161.1,157.0,163.5,162.0,163.0,162.4,150.9
SEALER-0024,1066,17:46,147.3,161.3,152.7,161.9,164.9,160.2,156.4,164.2,160.2,161.5,161.7,151.1
SEALER-0024,1067,17:47,146.7,164.0,152.8,159.0,164.2,160.4,156.1,162.6,162.8,160.3,161.4,152.5
SEALER-0024,1068,17:48,146.2,162.4,154.0,162.0,164.0,160.4,155.0,163.1,162.0,163.5,162.7,153.1
SEALER-0024,1069,17:49,147.1,163.0,151.3,162.5,163.4,159.2,155.1,164.2,162.4,162.7,161.7,152.0
SEALER-0024,1070,17:50,146.1,160.8,153.4,161.4,162.9,160.4,156.5,163.1,161.0,162.4,162.2,153.4
SEALER-0024,1071,17:51,146.8,161.1,151.8,160.0,164.3,160.4,155.5,164.3,161.7,163.6,160.4,152.7
SEALER-0024,1072,17:52,146.6,162.6,151.3,159.5,163.1,159.3,154.1,162.2,160.7,162.6,161.7,152.9
SEALER-0024,1073,17:53,146.9,163.0,152.2,160.7,163.4,159.3,155.2,163.6,163.0,163.4,162.5,151.8
SEALER-0024,1074,17:54,146.7,161.6,151.6,161.3,163.1,160.5,155.2,163.6,162.7,160.6,162.0,153.5
SEALER-0024,1075,17:55,147.5,161.6,151.2,160.0,162.7,160.6,155.5,163.8,164.3,163.3,162.4,152.4
SEALER-0024,1076,17:56,146.0,160.3,152.7,160.6,164.2,158.6,154.0,164.1,161.7,163.7,162.0,153.6
SEALER-0024,1077,17:57,146.4,163.0,152.7,159.8,164.5,159.3,154.9,163.3,161.2,162.1,163.2,152.2
SEALER-0024,1078,17:58,145.6,161.8,153.3,161.7,165.5,158.7,156.8,164.1,162.3,161.4,161.7,151.3
SEALER-0024,1079,17:59,146.1,162.6,153.1,159.8,165.0,161.2,155.9,164.9,162.3,163.2,162.3,151.9
SEALER-0024,1080,18:00,147.3,161.5,152.5,160.6,164.4,160.6,155.5,162.6,161.8,162.9,161.5,151.1
SEALER-0024,1081,18:01,149.6,162.3,152.6,161.9,164.5,159.5,153.5,163.3,161.7,162.0,161.2,151.2
SEALER-0024,1082,18:02,147.3,162.0,152.1,161.1,162.5,161.1,157.1,163.5,160.8,162.0,163.5,152.8
SEALER-0024,1083,18:03,146.7,162.2,151.5,160.4,165.4,161.0,156.4,164.1,163.5,161.9,163.6,152.4
SEALER-0024,1084,18:04,146.9,162.7,151.9,161.0,164.0,160.2,154.7,163.1,161.3,161.5,162.0,153.4
SEALER-0024,1085,18:05,147.3,163.3,151.4,162.5,163.8,162.8,156.1,164.2,163.4,162.7,160.7,152.8
SEALER-0024,1086,18:06,145.6,161.6,153.8,160.9,164.0,161.7,155.3,162.7,160.1,163.5,161.5,153.4
SEALER-0024,1087,18:07,145.9,161.8,152.8,160.0,164.8,159.3,155.2,163.0,161.4,161.7,162.5,150.9
SEALER-0024,1088,18:08,146.8,161.6,152.9,161.2,164.5,160.7,154.5,163.7,160.9,161.7,163.3,151.1
SEALER-0024,1089,18:09,146.4,163.0,151.3,159.7,162.9,160.6,155.6,163.3,162.8,164.3,162.5,150.8
SEALER-0024,1090,18:10,147.2,163.2,152.4,159.7,163.6,159.0,155.6,162.4,162.3,164.3,160.5,151.9
SEALER-0024,1091,18:11,147.6,162.3,153.3,159.8,162.8,159.9,155.5,163.4,161.2,163.4,163.0,151.3
SEALER-0024,1092,18:12,147.5,161.3,151.6,161.0,162.9,159.7,156.7,164.0,163.0,163.2,161.3,151.4
SEALER-0024,1093,18:13,146.4,161.7,150.0,159.1,165.0,158.7,154.3,163.5,161.5,162.7,162.6,151.4
SEALER-0024,1094,18:14,148.0,162.0,152.5,160.7,164.7,160.7,154.4,164.3,162.1,162.2,163.1,151.6
SEALER-0024,1095,18:15,147.2,162.5,151.8,161.6,165.0,160.4,155.8,164.4,162.2,162.6,162.6,152.2
SEALER-0024,1096,18:16,147.1,160.7,152.0,161.2,163.4,159.6,157.0,162.5,163.4,162.0,161.3,152.6
SEALER-0024,1097,18:17,146.1,161.1,151.2,160.5,165.3,160.3,154.8,162.8,160.3,161.6,160.5,152.7
SEALER-0024,1098,18:18,145.8,161.8,151.9,159.8,163.9,159.4,155.9,163.5,162.3,162.4,162.2,151.7
SEALER-0024,1099,18:19,149.7,161.2,153.5,160.0,164.4,160.7,155.2,164.2,162.9,163.9,161.9,152.8
SEALER-0024,1100,18:20,147.2,160.6,151.1,159.7,163.9,159.1,155.4,163.9,161.6,162.8,162.0,151.6
SEALER-0024,1101,18:21,146.9,160.9,151.4,160.1,165.1,162.6,155.8,163.5,161.4,164.0,161.2,151.6
SEALER-0024,1102,18:22,146.4,162.7,152.5,160.7,164.6,161.1,155.2,163.4,163.5,162.9,162.8,151.9
SEALER-0024,1103,18:23,146.6,162.4,152.2,160.3,163.5,159.7,154.8,163.1,162.3,161.6,162.7,151.9
SEALER-0024,1104,18:24,146.4,163.1,152.0,160.3,163.9,161.3,155.6,163.2,161.7,162.8,161.8,152.6
SEALER-0024,1105,18:25,145.6,162.8,152.0,158.8,164.3,161.0,155.6,163.1,161.2,161.3,161.1,152.0
SEALER-0024,1106,18:26,148.2,161.6,152.6,158.3,164.6,161.5,156.9,163.1,161.5,163.6,162.0,152.5
SEALER-0024,1107,18:27,148.4,163.1,152.1,161.0,163.6,161.7,156.4,163.9,161.8,161.8,162.8,151.0
SEALER-0024,1108,18:28,146.4,161.8,152.3,159.9,162.5,160.7,157.0,163.0,162.9,163.1,161.9,151.4
SEALER-0024,1109,18:29,148.4,162.6,150.3,159.6,163.3,160.2,155.3,162.9,161.4,162.3,162.8,152.4
SEALER-0024,1110,18:30,148.1,162.7,152.5,159.6,163.8,161.6,156.4,162.3,162.6,163.3,162.4,150.8
SEALER-0024,1111,18:31,146.4,161.0,153.0,161.5,163.4,160.6,156.1,163.6,162.0,162.8,163.6,150.6
SEALER-0024,1112,18:32,149.9,162.1,152.2,159.5,165.3,160.3,155.9,163.6,160.0,161.5,163.5,151.9
SEALER-0024,1113,18:33,147.1,162.5,152.4,160.0,164.2,162.9,153.8,162.9,161.7,162.5,161.2,152.3
SEALER-0024,1114,18:34,147.5,162.3,152.1,161.1,165.0,160.5,155.7,163.9,160.4,162.1,162.5,152.9
SEALER-0024,1115,18:35,146.1,163.2,152.7,161.1,164.2,160.3,155.2,161.9,160.9,162.9,163.0,152.7
SEALER-0024,1116,18:36,145.9,163.2,154.0,160.0,165.0,161.0,154.1,163.2,160.8,163.4,161.9,152.7
SEALER-0024,1117,18:37,146.8,164.5,152.1,160.9,163.5,159.9,154.6,164.4,163.6,162.3,161.0,152.8
SEALER-0024,1118,18:38,146.8,160.9,152.4,160.4,163.2,160.7,155.4,163.2,161.8,162.8,163.2,150.8
SEALER-0024,1119,18:39,147.5,161.1,152.8,160.4,162.2,161.0,156.0,162.8,161.4,162.2,161.6,151.5
SEALER-0024,1120,18:40,146.3,162.0,151.2,160.5,164.1,161.7,155.6,163.6,161.6,161.8,162.9,152.7
SEALER-0024,1121,18:41,147.3,161.4,152.1,161.6,164.8,162.0,155.1,164.1,162.9,162.7,162.0,151.9
SEALER-0024,1122,18:42,145.7,162.6,151.2,161.3,162.2,160.2,154.9,162.6,162.8,162.4,162.7,151.7
SEALER-0024,1123,18:43,146.7,162.7,150.7,160.7,164.0,162.4,155.1,162.5,162.6,161.8,159.9,152.9
SEALER-0024,1124,18:44,147.2,161.2,152.6,160.9,164.9,160.7,156.1,164.7,161.8,159.0,162.6,151.1
SEALER-0024,1125,18:45,146.6,162.3,152.1,160.9,163.5,160.0,154.8,161.8,162.1,160.9,160.5,153.2
SEALER-0024,1126,18:46,147.2,161.0,151.9,160.4,163.2,160.4,154.0,164.4,162.8,161.3,163.1,151.3
SEALER-0024,1127,18:47,146.4,161.8,151.3,161.1,163.8,161.0,155.1,163.6,160.1,162.5,162.2,152.1
SEALER-0024,1128,18:48,148.8,160.5,152.0,160.8,164.9,160.7,155.2,163.8,163.4,164.0,161.3,152.3
SEALER-0024,1129,18:49,147.7,163.8,151.8,162.2,165.1,160.0,156.5,163.7,160.3,162.7,161.3,152.2
SEALER-0024,1130,18:50,145.8,161.2,152.3,161.6,164.3,159.2,154.4,163.4,161.3,161.9,164.8,151.7
SEALER-0024,1131,18:51,149.3,163.7,152.7,161.3,164.2,160.4,155.2,164.3,160.2,162.1,161.0,150.6
SEALER-0024,1132,18:52,146.5,160.4,152.3,161.1,164.6,160.8,155.9,164.3,162.4,161.3,162.0,150.3
SEALER-0024,1133,18:53,145.5,161.9,153.2,159.7,162.9,159.5,154.9,163.7,161.5,163.8,162.1,152.9
SEALER-0024,1134,18:54,147.6,162.1,151.4,161.1,162.1,160.9,154.3,163.4,160.9,161.8,161.8,151.4
SEALER-0024,1135,18:55,146.2,161.8,150.7,160.1,164.0,158.8,155.5,164.1,163.0,161.3,160.9,151.9
SEALER-0024,1136,18:56,147.1,162.6,152.8,160.0,164.0,159.8,154.7,165.0,162.3,161.8,160.8,152.9
SEALER-0024,1137,18:57,146.8,163.7,152.5,159.2,164.6,159.5,156.5,163.3,161.1,163.0,161.9,153.9
SEALER-0024,1138,18:58,146.8,162.5,152.7,161.5,165.0,160.5,155.1,164.6,163.3,161.1,161.8,151.9
SEALER-0024,1139,18:59,147.9,160.3,151.5,160.1,164.8,161.6,156.5,163.2,162.3,161.5,162.3,152.2
SEALER-0024,1140,19:00,146.9,163.2,151.0,160.8,165.6,159.4,154.3,163.1,162.4,162.3,161.4,151.2
SEALER-0024,1141,19:01,146.8,162.1,151.1,162.6,164.2,160.9,154.8,164.3,162.1,162.1,161.9,152.8
SEALER-0024,1142,19:02,146.5,162.3,151.3,161.6,165.4,160.7,154.2,163.0,161.8,160.9,161.6,152.1
SEALER-0024,1143,19:03,146.5,161.5,151.3,160.3,163.0,159.1,155.6,163.6,163.4,163.5,161.5,151.8
SEALER-0024,1144,19:04,147.0,159.4,151.5,160.5,163.6,160.3,154.8,162.6,162.3,163.4,161.4,150.9
SEALER-0024,1145,19:05,146.8,162.6,152.1,159.5,163.9,161.2,155.9,164.1,162.5,162.1,162.8,152.0
SEALER-0024,1146,19:06,146.4,163.8,152.6,161.7,164.8,161.0,153.2,162.5,161.1,162.7,162.2,151.6
SEALER-0024,1147,19:07,146.5,161.8,152.0,159.9,163.4,159.6,154.2,164.3,161.8,160.6,162.5,152.0
SEALER-0024,1148,19:08,145.6,162.2,153.3,159.9,164.2,160.6,156.1,161.9,161.9,162.6,162.2,151.1
SEALER-0024,1149,19:09,147.1,163.4,151.8,160.3,163.1,159.3,155.3,163.7,160.5,162.7,162.4,153.5
SEALER-0024,1150,19:10,146.5,162.3,152.8,160.6,164.1,160.1,155.4,163.5,161.4,162.3,161.9,151.9
SEALER-0024,1151,19:11,146.4,161.1,154.2,160.2,164.0,160.1,155.7,163.4,160.9,162.0,162.6,151.9
SEALER-0024,1152,19:12,147.1,161.0,153.1,160.7,164.0,159.3,154.6,164.2,162.9,162.0,161.2,150.5
SEALER-0024,1153,19:13,145.9,162.2,152.7,161.0,164.7,160.5,155.5,162.5,162.4,161.4,161.8,152.7
SEALER-0024,1154,19:14,147.5,161.8,151.7,161.0,164.8,161.7,156.2,162.6,161.9,162.4,162.3,151.7
SEALER-0024,1155,19:15,148.2,162.8,151.8,160.9,163.7,162.3,155.0,164.2,162.8,162.0,161.1,151.7
SEALER-0024,1156,19:16,147.1,163.5,152.7,160.8,165.8,159.8,155.2,162.9,161.3,162.9,161.4,152.0
SEALER-0024,1157,19:17,147.3,162.0,152.2,159.9,164.8,159.4,154.3,163.9,160.4,162.3,161.1,152.9
SEALER-0024,1158,19:18,148.3,161.7,151.3,161.7,165.1,160.9,155.3,165.5,161.8,161.2,162.0,151.7
SEALER-0024,1159,19:19,146.8,162.3,153.2,161.3,163.6,160.7,155.4,162.9,163.3,162.4,161.4,152.7
SEALER-0024,1160,19:20,147.8,161.4,152.3,161.2,164.2,159.3,156.0,163.1,162.0,164.2,163.0,153.1
SEALER-0024,1161,19:21,148.1,162.6,151.4,161.2,163.6,159.6,156.4,164.7,160.4,161.4,161.9,152.6
SEALER-0024,1162,19:22,145.9,163.4,152.2,160.2,164.1,160.6,155.5,162.9,161.7,162.1,161.1,152.1
SEALER-0024,1163,19:23,148.2,161.0,152.3,159.8,164.6,160.1,154.5,163.5,162.2,162.3,162.4,152.4
SEALER-0024,1164,19:24,146.8,161.0,153.4,159.6,164.2,160.4,154.4,162.7,163.1,161.9,161.7,152.5
SEALER-0024,1165,19:25,145.9,162.4,151.9,159.7,164.6,161.3,154.6,164.0,161.7,160.4,163.7,152.4
SEALER-0024,1166,19:26,146.9,161.4,153.4,159.8,165.5,160.8,154.6,164.6,161.1,162.0,162.4,152.5
SEALER-0024,1167,19:27,146.9,161.2,152.9,161.1,163.8,160.1,154.2,163.0,162.5,161.7,162.0,152.3
SEALER-0024,1168,19:28,147.0,161.6,152.0,160.8,164.1,160.3,155.8,163.3,160.7,162.4,161.1,152.8
SEALER-0024,1169,19:29,146.7,161.3,151.6,160.9,163.0,158.4,155.7,162.6,160.8,162.4,159.8,151.6
SEALER-0024,1170,19:30,146.4,160.8,152.5,161.2,164.0,161.2,156.7,164.1,161.2,163.2,162.5,151.6
SEALER-0024,1171,19:31,149.3,162.8,152.7,161.1,164.8,160.7,154.5,161.6,161.3,162.6,162.5,151.6
SEALER-0024,1172,19:32,146.5,160.9,152.9,161.7,164.6,160.8,155.5,162.7,161.7,161.6,162.0,152.3
SEALER-0024,1173,19:33,147.3,162.5,152.2,159.4,165.0,160.8,155.1,162.6,161.6,162.4,162.3,152.3
SEALER-0024,1174,19:34,147.2,161.8,152.9,160.4,163.4,159.6,156.0,163.0,163.5,163.8,160.7,151.4
SEALER-0024,1175,19:35,148.3,161.6,152.8,158.3,164.0,160.7,156.3,162.2,162.3,162.7,162.4,153.1
SEALER-0024,1176,19:36,146.9,162.8,152.0,161.9,163.9,160.9,156.5,161.1,162.1,162.6,162.0,151.5
SEALER-0024,1177,19:37,147.8,163.7,150.9,159.9,163.5,160.3,157.4,162.8,162.4,161.5,161.7,151.6
SEALER-0024,1178,19:38,146.3,163.0,150.8,160.2,164.1,160.3,154.9,164.5,162.7,161.7,161.7,152.0
SEALER-0024,1179,19:39,147.3,162.1,152.6,160.1,163.8,159.2,155.1,164.5,163.7,161.7,161.6,152.4
SEALER-0024,1180,19:40,148.8,161.3,151.9,162.2,163.4,160.1,154.1,162.9,162.6,161.6,164.1,152.6
SEALER-0024,1181,19:41,147.6,162.4,152.6,161.1,164.4,160.9,155.5,163.4,161.0,162.0,161.5,151.8
SEALER-0024,1182,19:42,147.4,161.4,153.9,161.6,163.9,161.9,156.8,163.9,162.3,162.6,163.0,151.2
SEALER-0024,1183,19:43,146.5,161.5,153.5,160.8,164.6,158.3,156.2,163.0,163.3,162.2,161.4,153.1
SEALER-0024,1184,19:44,145.8,162.2,151.6,160.1,164.9,160.4,156.1,163.1,161.3,162.6,162.3,150.9
SEALER-0024,1185,19:45,146.5,163.8,152.8,160.9,164.2,160.1,156.3,164.0,162.4,162.5,159.7,152.6
SEALER-0024,1186,19:46,146.7,162.0,154.6,161.6,163.4,159.3,153.7,165.0,162.2,161.6,163.1,152.6
SEALER-0024,1187,19:47,147.0,162.5,152.1,159.8,163.8,160.0,155.4,162.0,162.7,160.8,161.5,151.8
SEALER-0024,1188,19:48,149.2,161.5,152.1,161.7,164.8,160.5,155.9,163.7,161.1,162.9,163.3,152.7
SEALER-0024,1189,19:49,147.7,162.7,153.2,160.3,165.4,159.7,156.2,162.9,161.4,161.3,162.0,152.1
SEALER-0024,1190,19:50,146.5,162.1,151.2,161.3,164.6,158.9,154.0,164.0,160.8,162.6,163.0,152.5
SEALER-0024,1191,19:51,147.1,162.3,151.7,160.0,164.5,159.4,154.1,162.5,162.3,163.0,162.5,151.0
SEALER-0024,1192,19:52,146.9,161.3,152.2,161.3,165.3,159.1,155.2,164.0,161.0,162.6,163.7,152.4
SEALER-0024,1193,19:53,146.2,163.9,152.0,159.9,162.6,160.1,154.6,164.2,162.4,163.0,161.4,151.8
SEALER-0024,1194,19:54,146.6,162.1,153.1,160.2,164.6,158.9,157.1,163.2,162.3,163.3,161.4,152.4
SEALER-0024,1195,19:55,146.1,163.7,153.9,159.4,163.0,161.1,155.6,162.5,161.2,163.4,162.1,152.3
SEALER-0024,1196,19:56,147.5,162.4,151.8,162.2,162.7,160.2,155.8,164.7,162.7,162.5,164.1,152.0
SEALER-0024,1197,19:57,146.3,161.9,151.0,162.9,165.2,160.6,156.4,163.5,161.4,162.1,161.5,153.7
SEALER-0024,1198,19:58,146.9,163.3,153.4,161.1,164.9,158.9,154.7,162.2,161.9,163.5,161.3,152.2
SEALER-0024,1199,19:59,146.4,161.4,153.3,160.3,163.7,161.1,156.3,162.1,161.4,164.0,160.6,150.8
SEALER-0024,1200,20:00,147.5,162.1,153.4,160.4,163.6,160.4,154.8,162.1,162.5,162.3,162.6,152.9
SEALER-0024,1201,20:01,145.2,162.5,153.2,160.4,163.2,160.0,155.3,164.5,161.9,161.8,161.5,152.8
SEALER-0024,1202,20:02,146.3,161.7,153.7,162.0,165.8,160.6,154.4,163.5,162.9,161.7,163.0,152.4
SEALER-0024,1203,20:03,146.0,161.5,152.1,161.6,164.2,161.0,154.4,163.2,161.7,162.9,163.1,151.6
SEALER-0024,1204,20:04,145.7,163.1,152.5,161.2,163.5,160.8,155.9,162.9,160.9,163.4,161.5,151.7
SEALER-0024,1205,20:05,147.7,161.5,151.8,161.0,165.2,161.0,156.1,163.8,161.8,161.9,161.7,152.0
SEALER-0024,1206,20:06,147.3,161.7,152.8,161.7,163.7,161.4,155.6,162.6,163.7,162.9,162.0,152.7
SEALER-0024,1207,20:07,144.8,162.4,153.8,161.5,163.6,160.5,155.5,162.2,161.2,163.2,162.2,151.6
SEALER-0024,1208,20:08,147.0,162.7,153.2,160.7,164.5,160.6,155.5,164.0,161.9,161.7,162.7,152.0
SEALER-0024,1209,20:09,147.5,163.5,152.8,163.2,166.7,160.9,155.0,161.7,161.7,162.8,162.5,152.0
SEALER-0024,1210,20:10,146.5,162.2,152.8,161.2,163.5,160.8,156.9,163.7,164.0,162.8,161.4,152.4
SEALER-0024,1211,20:11,146.2,163.8,151.4,160.5,164.3,160.0,156.8,165.2,161.4,162.3,163.0,153.3
SEALER-0024,1212,20:12,147.3,162.3,153.3,160.8,164.8,161.2,155.1,163.4,161.7,163.7,163.0,150.8
SEALER-0024,1213,20:13,147.2,162.3,152.8,161.5,165.4,161.8,154.7,164.3,162.1,162.5,164.1,151.6
SEALER-0024,1214,20:14,146.4,163.2,152.3,160.5,163.9,161.1,155.5,163.3,163.4,163.1,161.4,151.8
SEALER-0024,1215,20:15,147.5,162.6,151.0,162.6,164.7,160.3,155.2,163.0,161.3,164.7,161.4,152.7
SEALER-0024,1216,20:16,146.6,161.6,150.5,160.7,164.8,159.9,156.0,164.4,162.9,162.5,160.9,152.5
SEALER-0024,1217,20:17,148.2,160.6,152.2,161.7,164.2,161.4,157.3,164.5,161.2,162.0,161.9,151.4
SEALER-0024,1218,20:18,147.1,163.1,152.4,161.9,165.7,159.4,154.3,163.5,162.2,161.4,163.3,151.5
SEALER-0024,1219,20:19,146.6,162.4,151.4,161.4,163.7,161.3,155.6,164.2,160.4,161.5,162.0,152.6
SEALER-0024,1220,20:20,146.7,162.3,152.0,159.6,164.1,159.8,155.7,164.8,160.7,161.2,163.4,152.8
SEALER-0024,1221,20:21,145.7,163.0,151.2,161.5,165.1,158.4,156.0,164.5,161.5,162.2,161.7,152.8
SEALER-0024,1222,20:22,148.0,162.0,151.3,159.3,164.2,159.0,155.1,162.9,163.0,162.9,161.7,152.4
SEALER-0024,1223,20:23,145.7,162.3,154.0,160.3,164.2,160.4,155.5,162.5,163.2,161.8,162.1,152.1
SEALER-0024,1224,20:24,147.8,162.8,151.5,160.7,164.9,161.8,155.7,162.9,160.9,163.7,161.5,153.1
SEALER-0024,1225,20:25,146.4,162.7,151.6,160.7,164.4,158.7,156.4,163.5,161.4,161.6,162.6,150.5
SEALER-0024,1226,20:26,147.2,161.1,152.5,160.6,164.6,160.8,156.8,163.4,161.2,163.2,161.5,153.2
SEALER-0024,1227,20:27,146.6,163.5,151.0,161.7,163.7,160.2,155.2,164.3,162.8,162.3,162.9,151.6
SEALER-0024,1228,20:28,147.2,161.9,151.6,161.2,166.7,160.3,155.8,164.1,161.3,162.0,160.5,151.4
SEALER-0024,1229,20:29,145.2,162.4,152.5,160.3,165.2,158.3,156.0,164.5,161.9,161.4,163.5,153.7
SEALER-0024,1230,20:30,147.1,162.2,151.6,161.8,164.8,161.8,154.7,163.6,162.5,162.7,160.7,152.9
SEALER-0024,1231,20:31,146.6,160.9,151.3,160.9,163.0,159.4,154.8,164.5,161.5,162.8,161.8,151.3
SEALER-0024,1232,20:32,147.1,162.1,152.8,159.6,164.5,160.8,154.7,162.3,162.6,162.7,161.3,152.0
SEALER-0024,1233,20:33,145.9,161.0,153.5,159.9,164.1,159.5,154.6,163.4,161.7,163.0,161.3,152.2
SEALER-0024,1234,20:34,146.6,162.1,153.7,160.8,164.4,160.8,156.7,164.6,160.8,162.4,161.6,151.3
SEALER-0024,1235,20:35,146.2,162.3,152.4,160.4,165.1,160.1,154.4,165.1,161.2,163.3,161.6,152.4
SEALER-0024,1236,20:36,145.5,162.1,151.3,160.6,162.5,160.3,156.6,164.1,161.9,161.6,162.1,151.9
SEALER-0024,1237,20:37,146.5,160.1,152.1,160.7,163.8,161.0,158.1,163.9,161.0,162.2,161.0,152.3
SEALER-0024,1238,20:38,147.0,161.9,152.7,162.2,163.2,159.0,156.4,163.1,161.3,164.4,163.5,152.8
SEALER-0024,1239,20:39,146.5,163.0,152.2,160.7,164.8,161.8,155.8,163.0,159.7,161.7,161.2,152.1
SEALER-0024,1240,20:40,148.6,161.8,150.5,160.4,164.7,160.2,154.6,163.6,161.1,162.1,160.8,151.1
SEALER-0024,1241,20:41,148.0,163.0,153.3,160.5,165.4,160.7,156.6,163.5,161.9,161.9,163.3,151.3
SEALER-0024,1242,20:42,148.3,163.7,152.3,159.0,164.2,159.7,155.5,163.2,161.7,163.7,162.1,152.1
SEALER-0024,1243,20:43,148.7,162.2,152.7,161.0,163.6,160.7,155.2,164.6,161.9,162.4,161.8,151.9
SEALER-0024,1244,20:44,146.9,162.8,151.4,161.0,165.7,160.3,154.9,163.2,161.1,161.5,161.5,153.3
SEALER-0024,1245,20:45,146.9,161.1,151.8,160.7,163.7,159.7,155.0,163.2,162.5,164.0,162.1,153.9
SEALER-0024,1246,20:46,148.0,161.7,150.6,161.1,164.9,160.1,154.4,162.9,161.1,162.3,162.0,151.8
SEALER-0024,1247,20:47,147.4,163.1,152.4,159.2,161.8,160.8,154.8,163.6,161.3,161.4,161.9,150.9
SEALER-0024,1248,20:48,147.0,161.3,152.1,160.9,164.3,159.6,155.3,164.2,160.9,160.9,161.4,149.8
SEALER-0024,1249,20:49,146.0,161.7,152.0,162.4,164.9,159.7,157.4,163.9,161.2,163.2,161.5,151.5
SEALER-0024,1250,20:50,146.8,161.6,153.1,161.4,161.8,161.4,154.5,163.2,160.9,161.9,161.7,152.8
SEALER-0024,1251,20:51,146.7,161.8,152.4,159.6,164.2,161.5,154.7,163.5,162.1,162.7,163.0,152.2
SEALER-0024,1252,20:52,146.6,161.9,152.4,160.7,164.4,159.0,156.5,162.8,161.3,163.2,161.2,153.5
SEALER-0024,1253,20:53,147.5,161.9,153.6,160.9,163.8,160.8,155.7,162.2,161.4,161.2,161.5,152.0
SEALER-0024,1254,20:54,147.3,162.9,152.4,160.5,164.5,161.2,154.9,163.6,161.0,162.1,161.3,151.5
SEALER-0024,1255,20:55,145.9,162.0,151.6,161.3,164.2,160.1,155.9,163.4,162.1,165.1,162.2,152.7
SEALER-0024,1256,20:56,147.4,161.5,152.8,160.8,164.1,160.1,154.4,161.9,162.1,163.0,162.6,151.4
SEALER-0024,1257,20:57,147.4,162.9,153.9,161.4,162.8,161.8,155.1,164.2,162.2,163.7,161.3,151.5
SEALER-0024,1258,20:58,146.7,161.5,154.2,161.3,164.0,161.1,156.8,164.8,162.6,161.6,161.6,151.1
SEALER-0024,1259,20:59,146.3,160.7,152.7,161.0,165.1,160.3,156.1,164.1,161.6,163.6,161.9,151.4
SEALER-0024,1260,21:00,147.0,162.9,152.2,160.7,162.4,159.3,158.1,161.9,162.0,162.7,162.4,152.3
SEALER-0024,1261,21:01,146.2,162.0,152.7,160.9,164.2,160.8,155.5,164.8,163.2,160.4,163.3,152.2
SEALER-0024,1262,21:02,148.1,162.3,152.0,159.0,163.3,161.4,155.5,162.5,162.6,161.7,162.7,151.1
SEALER-0024,1263,21:03,147.5,161.4,151.7,160.4,163.0,159.6,154.7,163.5,163.8,163.9,160.5,152.3
SEALER-0024,1264,21:04,146.6,163.3,152.9,159.9,165.2,160.7,155.0,163.3,161.4,161.3,161.9,152.7
SEALER-0024,1265,21:05,147.5,162.2,152.7,161.4,163.3,160.2,155.2,164.3,161.7,162.3,162.1,152.4
SEALER-0024,1266,21:06,147.9,160.6,153.6,159.8,162.8,160.6,154.8,162.7,161.6,163.1,162.1,152.3
SEALER-0024,1267,21:07,146.3,162.8,152.7,161.1,163.2,160.5,156.1,164.7,161.8,162.0,162.3,151.6
SEALER-0024,1268,21:08,146.9,161.9,153.6,160.7,165.2,160.3,154.9,162.4,161.5,162.3,160.2,152.2
SEALER-0024,1269,21:09,148.2,160.1,152.7,160.7,164.1,160.8,155.0,163.3,161.4,161.7,162.7,152.6
SEALER-0024,1270,21:10,146.1,161.4,151.7,160.1,164.3,159.4,154.8,164.0,162.1,163.0,160.2,149.3
SEALER-0024,1271,21:11,146.1,162.8,153.0,159.9,163.1,159.9,155.8,164.3,161.6,162.2,161.0,151.5
SEALER-0024,1272,21:12,147.6,161.9,150.4,161.7,163.1,160.2,155.7,164.2,160.8,162.8,160.6,152.5
SEALER-0024,1273,21:13,147.3,162.4,153.4,160.9,163.8,160.5,154.8,164.9,162.5,162.4,161.2,150.8
SEALER-0024,1274,21:14,147.8,163.2,150.8,161.1,165.6,160.2,155.1,164.1,161.9,161.9,162.6,152.9
SEALER-0024,1275,21:15,147.4,161.8,151.2,161.9,163.4,161.5,155.2,162.9,162.9,162.9,161.8,151.4
SEALER-0024,1276,21:16,147.8,161.7,152.5,160.6,164.4,161.9,155.7,164.0,160.5,162.7,162.1,150.8
SEALER-0024,1277,21:17,147.9,160.8,150.9,161.5,165.2,159.8,155.5,165.1,161.0,161.1,163.3,151.9
SEALER-0024,1278,21:18,145.8,161.4,151.8,161.8,162.7,160.7,156.0,163.2,161.6,163.6,163.6,153.1
SEALER-0024,1279,21:19,147.9,162.4,152.3,161.7,163.6,159.8,155.6,164.4,162.1,161.7,162.4,151.8
SEALER-0024,1280,21:20,146.3,160.6,152.0,160.1,164.3,160.1,154.4,165.2,162.1,162.0,162.4,151.8
SEALER-0024,1281,21:21,146.9,162.5,151.9,161.1,164.0,161.2,154.9,164.2,162.0,163.6,163.9,151.7
SEALER-0024,1282,21:22,146.6,162.5,150.2,159.6,165.6,160.9,156.6,163.9,161.5,162.4,162.0,153.6
SEALER-0024,1283,21:23,148.4,163.3,152.3,159.4,164.0,160.5,157.0,162.9,162.0,163.1,161.8,152.1
SEALER-0024,1284,21:24,146.6,162.0,152.6,159.3,163.9,159.7,154.8,163.3,160.5,161.8,163.5,152.5
SEALER-0024,1285,21:25,146.6,161.8,152.3,161.1,164.9,162.2,157.1,162.6,162.5,162.4,162.6,154.1
SEALER-0024,1286,21:26,146.9,162.4,152.5,159.7,163.6,160.1,155.7,162.7,161.9,162.5,161.1,150.7
SEALER-0024,1287,21:27,146.8,162.5,152.1,160.4,164.4,159.8,155.6,163.2,161.5,162.5,162.1,152.2
SEALER-0024,1288,21:28,147.9,161.2,152.9,159.0,164.9,160.3,155.9,164.8,162.1,162.7,162.0,152.2
SEALER-0024,1289,21:29,149.1,161.8,151.9,160.3,163.9,160.3,155.8,165.0,161.5,162.1,163.2,151.9
SEALER-0024,1290,21:30,146.8,161.4,151.9,160.7,162.4,160.8,155.4,162.8,160.4,162.8,162.0,153.0
SEALER-0024,1291,21:31,146.6,161.8,153.6,161.1,163.1,160.1,155.6,162.5,160.2,162.0,161.9,151.8
SEALER-0024,1292,21:32,146.5,161.9,152.0,160.9,164.9,159.6,155.5,164.4,161.4,162.3,161.5,152.6
SEALER-0024,1293,21:33,145.9,162.4,153.2,161.6,166.0,159.3,156.5,164.1,162.1,162.8,163.3,153.1
SEALER-0024,1294,21:34,146.4,162.3,152.2,161.4,163.5,160.9,155.3,163.9,162.8,161.5,162.5,151.9
SEALER-0024,1295,21:35,146.8,162.9,152.5,160.4,164.1,160.1,154.9,164.9,161.4,162.2,161.1,152.0
SEALER-0024,1296,21:36,147.0,161.3,152.7,160.6,164.2,161.1,155.8,163.4,160.9,162.8,160.6,152.5
SEALER-0024,1297,21:37,147.5,162.4,151.4,158.9,163.9,160.3,155.6,164.2,162.9,162.3,162.0,152.2
SEALER-0024,1298,21:38,147.0,164.0,152.4,161.5,164.2,159.6,155.3,163.9,161.5,161.9,161.7,152.4
SEALER-0024,1299,21:39,146.1,160.7,153.0,161.1,164.2,160.3,154.3,165.0,160.2,160.8,162.1,151.7
SEALER-0024,1300,21:40,147.4,162.6,152.1,161.1,163.7,160.6,155.3,162.4,162.1,161.6,163.4,152.3
SEALER-0024,1301,21:41,146.1,162.9,151.8,161.3,163.0,160.0,156.9,164.0,161.6,163.2,162.6,151.0
SEALER-0024,1302,21:42,147.1,162.8,151.7,160.4,164.6,161.0,155.4,163.7,161.2,162.0,163.0,152.3
SEALER-0024,1303,21:43,147.1,161.0,150.9,160.4,166.7,160.3,154.1,163.0,161.9,162.1,163.7,152.3
SEALER-0024,1304,21:44,146.0,162.5,153.7,160.7,164.4,161.3,155.5,162.6,162.3,162.4,162.4,150.8
SEALER-0024,1305,21:45,148.8,162.3,151.4,160.5,163.7,161.1,156.0,162.8,161.4,161.5,161.7,152.8
SEALER-0024,1306,21:46,145.9,163.6,151.8,160.4,165.2,161.3,155.3,165.0,161.0,163.4,162.7,150.6
SEALER-0024,1307,21:47,147.3,162.3,152.3,158.7,163.5,160.1,155.1,162.1,161.0,161.0,162.2,151.6
SEALER-0024,1308,21:48,147.0,163.1,152.2,159.8,164.8,160.7,155.3,163.5,162.4,159.7,163.0,151.6
SEALER-0024,1309,21:49,145.3,161.8,151.2,161.9,163.8,160.2,155.8,163.5,162.8,162.1,162.9,153.0
SEALER-0024,1310,21:50,146.7,162.7,152.1,160.6,163.9,159.3,154.0,164.0,161.2,163.7,161.7,151.9
SEALER-0024,1311,21:51,147.6,161.9,153.4,159.0,163.3,161.2,155.6,164.3,162.2,162.6,162.5,153.1
SEALER-0024,1312,21:52,146.9,161.6,152.0,160.3,163.4,159.6,154.5,165.4,162.0,162.2,163.0,152.5
SEALER-0024,1313,21:53,147.5,163.2,153.4,160.3,164.3,160.9,154.6,162.3,161.7,161.5,161.4,151.1
SEALER-0024,1314,21:54,146.6,162.0,152.7,160.1,164.7,162.5,156.6,163.3,161.3,162.3,162.5,152.6
SEALER-0024,1315,21:55,147.5,164.1,152.6,160.4,164.2,160.4,156.0,163.4,162.1,162.9,161.3,152.3
SEALER-0024,1316,21:56,147.1,162.8,151.0,160.2,163.8,159.7,156.3,165.4,161.4,164.1,163.7,152.0
SEALER-0024,1317,21:57,145.7,161.3,153.4,159.3,164.1,160.3,154.1,162.2,163.3,162.6,162.1,151.9
SEALER-0024,1318,21:58,147.2,162.8,151.3,160.6,163.9,160.6,154.9,162.8,163.2,162.5,161.5,153.1
SEALER-0024,1319,21:59,145.9,162.0,152.7,162.0,165.5,160.1,154.5,162.7,162.6,162.1,162.1,151.4
SEALER-0024,1320,22:00,149.3,162.2,151.7,161.0,162.4,159.4,155.5,163.8,162.5,162.5,162.4,152.9
SEALER-0024,1321,22:01,146.5,161.9,151.5,159.1,164.5,161.0,155.1,163.2,162.8,161.2,161.6,151.9
SEALER-0024,1322,22:02,146.9,161.5,151.2,162.5,163.3,160.5,155.1,164.1,160.6,163.2,161.8,152.2
SEALER-0024,1323,22:03,147.2,163.5,152.2,160.1,164.4,159.0,156.0,161.5,162.6,161.3,163.7,153.8
SEALER-0024,1324,22:04,147.7,161.4,152.6,159.8,164.4,159.7,155.3,161.3,161.4,162.5,162.8,152.0
SEALER-0024,1325,22:05,146.2,163.8,153.3,160.1,163.3,160.3,155.1,163.7,162.6,160.2,161.7,152.1
SEALER-0024,1326,22:06,146.7,160.4,151.4,159.3,163.8,161.0,155.9,161.9,162.2,162.1,163.4,151.9
SEALER-0024,1327,22:07,146.5,161.4,152.5,162.3,166.7,160.6,155.8,163.6,162.1,161.1,162.6,152.0
SEALER-0024,1328,22:08,147.8,161.8,150.7,161.7,163.1,159.8,155.7,163.6,162.4,161.1,161.0,152.0
SEALER-0024,1329,22:09,147.3,162.1,152.1,162.7,162.8,161.5,156.4,162.3,162.5,161.7,163.0,152.1
SEALER-0024,1330,22:10,146.7,160.7,153.2,160.9,164.1,159.9,156.0,165.6,163.5,161.0,161.4,152.0
SEALER-0024,1331,22:11,146.9,162.4,152.2,160.4,165.2,159.0,157.1,163.6,161.9,163.8,161.8,152.0
SEALER-0024,1332,22:12,146.4,161.6,152.0,161.0,163.8,159.6,155.4,162.7,162.0,161.5,163.0,150.7
SEALER-0024,1333,22:13,146.1,162.9,150.0,161.0,164.4,159.4,155.1,164.1,161.3,160.9,162.7,153.2
SEALER-0024,1334,22:14,146.2,161.9,154.1,160.2,163.4,160.9,154.6,163.4,162.5,161.1,163.5,151.5
SEALER-0024,1335,22:15,146.9,161.7,153.1,161.3,163.8,159.6,155.0,162.8,161.9,161.8,160.6,151.7
SEALER-0024,1336,22:16,146.9,160.9,151.9,160.3,165.8,159.2,155.9,163.7,162.5,163.0,161.8,151.7
SEALER-0024,1337,22:17,146.1,161.6,152.2,159.9,163.4,159.8,154.6,164.7,160.5,160.3,160.8,151.4
SEALER-0024,1338,22:18,147.7,161.7,152.0,160.8,164.6,160.9,155.6,162.1,162.6,163.3,163.0,152.1
SEALER-0024,1339,22:19,147.7,161.2,152.0,161.8,163.8,160.4,156.1,163.3,162.6,161.1,162.3,151.6
SEALER-0024,1340,22:20,146.0,160.9,152.7,161.0,161.6,160.2,157.8,164.1,161.9,162.2,162.9,151.1
SEALER-0024,1341,22:21,147.1,161.1,152.4,160.0,164.9,160.0,156.3,164.5,161.7,162.5,162.7,152.8
SEALER-0024,1342,22:22,148.6,161.3,152.4,161.2,162.8,159.2,155.6,162.5,162.0,162.4,163.2,153.0
SEALER-0024,1343,22:23,145.7,161.8,152.2,161.5,163.5,160.1,154.4,165.5,161.2,162.6,161.5,152.0
SEALER-0024,1344,22:24,146.3,162.3,151.7,160.5,164.7,160.7,155.4,162.3,162.4,162.1,162.4,152.8
SEALER-0024,1345,22:25,147.1,160.9,152.2,159.0,165.3,158.2,155.1,162.6,163.1,161.2,161.4,151.8
SEALER-0024,1346,22:26,148.3,161.4,151.9,161.3,164.9,161.3,156.2,163.4,161.6,162.4,161.6,151.7
SEALER-0024,1347,22:27,147.1,162.0,151.4,161.4,162.6,160.5,154.7,162.0,162.9,160.4,161.9,152.9
SEALER-0024,1348,22:28,147.0,162.6,151.8,159.8,162.2,161.3,157.1,164.1,161.1,162.1,161.6,152.1
SEALER-0024,1349,22:29,146.2,162.3,151.8,161.9,164.1,160.9,155.4,163.1,161.2,163.2,161.8,152.8
SEALER-0024,1350,22:30,147.2,161.0,153.6,160.7,164.2,160.7,155.7,162.9,162.1,161.8,162.1,151.9
SEALER-0024,1351,22:31,146.6,162.2,152.5,161.3,163.4,161.4,155.4,164.6,161.2,160.6,161.9,150.8
SEALER-0024,1352,22:32,147.0,163.0,151.8,158.9,163.9,160.7,155.8,165.1,162.0,164.0,162.0,152.6
SEALER-0024,1353,22:33,147.5,161.2,152.0,160.6,163.7,161.1,156.1,164.4,162.0,163.1,162.6,150.3
SEALER-0024,1354,22:34,147.0,163.0,152.6,160.3,163.3,159.6,155.9,162.3,163.2,161.3,161.5,151.7
SEALER-0024,1355,22:35,147.7,161.8,152.2,160.0,163.8,160.4,154.7,164.5,162.3,163.2,161.3,150.9
SEALER-0024,1356,22:36,147.1,161.4,153.1,161.8,165.1,160.9,155.1,164.0,161.8,162.5,162.4,153.7
SEALER-0024,1357,22:37,146.1,161.4,152.4,160.3,164.3,161.4,154.8,162.4,162.4,163.6,160.9,151.5
SEALER-0024,1358,22:38,148.0,163.1,151.9,160.8,164.6,159.9,155.9,163.5,161.4,162.0,161.0,152.5
SEALER-0024,1359,22:39,147.5,162.2,151.7,160.7,162.8,159.9,156.5,164.0,162.5,162.6,160.7,151.8
SEALER-0024,1360,22:40,147.1,161.8,151.0,160.8,163.8,158.7,155.4,164.1,162.0,164.1,162.2,152.0
SEALER-0024,1361,22:41,148.2,161.0,153.5,161.1,163.3,160.8,157.4,164.0,162.0,161.7,161.8,153.1
SEALER-0024,1362,22:42,147.5,164.0,154.4,160.7,161.6,159.4,155.0,163.8,161.6,162.9,162.5,152.8
SEALER-0024,1363,22:43,147.4,162.7,151.7,160.8,163.5,159.0,156.3,163.4,162.3,162.3,161.2,151.3
SEALER-0024,1364,22:44,147.5,162.4,153.5,159.4,164.2,161.2,155.0,164.3,162.4,164.1,162.5,153.3
SEALER-0024,1365,22:45,146.5,163.1,152.6,160.3,164.5,158.9,155.4,163.3,163.1,163.0,160.9,152.8
SEALER-0024,1366,22:46,147.4,162.0,151.7,159.3,162.9,157.1,156.2,163.1,162.1,161.7,163.4,153.0
SEALER-0024,1367,22:47,147.9,162.9,150.9,160.5,163.0,161.0,155.3,163.2,162.5,163.0,161.5,152.4
SEALER-0024,1368,22:48,146.9,162.1,153.6,161.2,165.8,160.0,154.5,163.3,162.4,162.6,163.3,152.5
SEALER-0024,1369,22:49,147.7,162.6,152.5,159.7,165.0,160.2,154.6,164.7,163.2,162.2,162.5,152.4
SEALER-0024,1370,22:50,147.0,161.9,152.0,160.4,164.6,160.4,156.2,162.2,162.4,160.4,163.3,151.1
SEALER-0024,1371,22:51,147.2,161.9,151.4,161.3,163.9,160.8,154.1,162.7,162.7,162.6,161.5,153.0
SEALER-0024,1372,22:52,146.0,160.3,152.4,161.3,163.8,160.7,154.6,162.9,163.8,162.7,160.4,152.8
SEALER-0024,1373,22:53,146.9,162.7,151.6,163.2,165.5,161.3,154.1,163.3,161.1,162.2,160.6,150.9
SEALER-0024,1374,22:54,146.7,161.7,152.9,160.6,164.2,161.2,154.5,163.7,160.9,163.2,161.9,152.4
SEALER-0024,1375,22:55,145.7,163.3,152.1,161.1,163.4,161.4,155.8,164.9,163.1,162.8,161.6,151.9
SEALER-0024,1376,22:56,147.4,161.4,153.5,159.6,165.7,160.6,154.5,163.1,161.8,161.8,162.8,152.0
SEALER-0024,1377,22:57,146.6,161.1,152.4,161.2,164.4,159.9,157.4,163.3,161.4,160.9,162.9,152.5
SEALER-0024,1378,22:58,147.9,160.6,151.2,162.2,164.1,160.7,155.2,163.6,162.5,161.7,163.2,152.1
SEALER-0024,1379,22:59,148.4,162.5,152.9,160.7,164.1,161.5,155.7,165.7,162.1,163.6,162.4,151.9
SEALER-0024,1380,23:00,146.3,160.3,153.3,161.7,163.8,160.0,157.6,164.3,160.7,161.2,163.2,152.3
SEALER-0024,1381,23:01,148.3,162.8,150.9,162.1,163.2,160.2,156.5,163.3,161.6,162.6,163.1,151.1
SEALER-0024,1382,23:02,146.1,162.2,152.3,161.1,165.2,159.6,155.7,163.4,161.6,163.0,161.2,150.8
SEALER-0024,1383,23:03,148.0,162.7,151.3,160.5,163.8,160.1,155.6,164.2,160.2,162.6,161.4,153.6
SEALER-0024,1384,23:04,147.4,161.8,152.9,161.0,164.6,160.0,155.0,161.2,162.4,161.7,162.6,151.7
SEALER-0024,1385,23:05,147.8,161.6,152.8,161.2,165.3,159.1,155.5,164.6,162.3,162.9,161.9,151.3
SEALER-0024,1386,23:06,147.6,162.1,152.4,160.8,163.5,161.0,155.3,162.6,162.0,162.8,162.6,152.3
SEALER-0024,1387,23:07,146.4,162.4,153.4,160.3,163.4,160.8,156.0,162.8,161.3,161.6,161.7,152.6
SEALER-0024,1388,23:08,148.2,162.4,151.8,160.2,165.1,160.3,155.2,164.1,160.5,164.4,162.0,152.4
SEALER-0024,1389,23:09,146.1,162.4,152.9,161.8,164.1,160.5,156.7,163.1,162.3,162.1,161.6,152.5
SEALER-0024,1390,23:10,146.2,161.8,152.1,159.5,164.8,160.0,154.5,162.4,160.5,163.4,163.0,152.5
SEALER-0024,1391,23:11,147.2,161.8,150.8,159.8,164.3,160.6,155.6,163.7,163.1,163.5,162.0,152.8
SEALER-0024,1392,23:12,144.4,162.8,153.2,159.5,164.0,159.8,155.2,163.3,162.2,163.1,160.1,151.4
SEALER-0024,1393,23:13,145.9,162.2,152.3,158.8,163.0,161.3,155.6,163.7,162.3,162.3,162.8,153.3
SEALER-0024,1394,23:14,146.8,162.2,151.6,160.3,164.4,159.8,155.1,163.7,162.8,162.3,162.1,154.1
SEALER-0024,1395,23:15,145.9,162.6,151.3,161.6,165.6,159.2,154.7,163.6,160.9,161.7,162.1,153.4
SEALER-0024,1396,23:16,146.4,162.8,153.5,160.4,163.3,160.9,155.0,164.8,161.6,163.5,162.1,152.1
SEALER-0024,1397,23:17,147.6,162.8,151.6,159.9,164.2,160.2,154.9,163.0,160.9,162.0,162.5,150.8
SEALER-0024,1398,23:18,147.4,161.3,152.2,162.5,164.0,157.5,155.6,164.2,161.2,162.7,160.6,151.9
SEALER-0024,1399,23:19,146.9,161.5,153.3,160.5,162.1,160.8,155.5,163.0,160.9,161.2,162.1,152.8
SEALER-0024,1400,23:20,147.7,162.0,152.6,161.9,163.6,160.0,156.5,164.7,161.4,162.8,161.8,154.8
SEALER-0024,1401,23:21,146.8,162.1,153.7,160.5,161.8,160.3,154.4,164.7,162.4,161.2,162.2,152.5
SEALER-0024,1402,23:22,147.6,162.0,151.8,160.7,163.7,160.9,157.1,164.6,161.4,163.2,162.2,151.5
SEALER-0024,1403,23:23,148.1,162.0,151.9,160.0,164.0,161.0,155.1,163.9,163.0,161.6,161.0,152.6
SEALER-0024,1404,23:24,148.3,162.9,150.6,160.0,162.6,160.2,154.4,163.1,161.5,164.0,163.1,152.5
SEALER-0024,1405,23:25,147.8,162.2,153.3,160.1,164.3,160.3,154.6,164.3,162.0,162.5,161.0,152.4
SEALER-0024,1406,23:26,146.7,162.2,150.7,161.5,164.8,161.0,154.8,162.8,162.2,162.3,163.0,150.9
SEALER-0024,1407,23:27,146.3,160.3,152.5,160.2,164.4,160.3,155.9,161.6,163.3,162.0,162.6,152.4
SEALER-0024,1408,23:28,147.6,162.2,152.0,160.0,165.1,161.1,155.9,161.6,162.0,163.2,161.8,154.1
SEALER-0024,1409,23:29,146.4,161.0,151.6,159.8,164.0,160.3,155.7,163.3,162.1,163.4,161.1,151.9
SEALER-0024,1410,23:30,146.0,161.3,153.0,161.1,163.8,160.4,154.8,164.2,162.4,163.5,163.2,152.1
SEALER-0024,1411,23:31,146.8,161.7,151.8,160.6,163.3,160.3,156.3,163.6,161.6,164.4,160.0,152.0
SEALER-0024,1412,23:32,148.0,161.6,152.3,162.7,163.4,159.4,157.0,163.2,159.9,161.7,161.5,152.2
SEALER-0024,1413,23:33,146.2,162.4,153.1,161.3,164.2,160.4,154.2,164.7,162.8,163.1,161.1,152.4
SEALER-0024,1414,23:34,146.5,163.5,152.1,160.0,164.2,160.8,154.6,162.0,162.3,161.9,162.6,151.5
SEALER-0024,1415,23:35,147.7,161.9,153.0,161.5,163.3,160.8,154.5,162.7,162.2,160.7,162.7,153.1
SEALER-0024,1416,23:36,145.8,162.6,152.9,159.8,165.4,159.4,155.5,162.5,161.6,161.6,161.3,152.9
SEALER-0024,1417,23:37,146.7,160.9,152.3,159.8,164.7,159.2,156.1,162.9,161.5,161.4,161.6,152.7
SEALER-0024,1418,23:38,147.7,162.2,152.4,160.6,164.1,159.4,155.7,163.4,162.7,162.2,161.2,151.5
SEALER-0024,1419,23:39,146.5,161.6,152.3,159.7,163.8,162.3,156.2,164.1,162.1,162.5,162.7,152.2
SEALER-0024,1420,23:40,147.9,162.4,152.0,161.0,163.1,160.3,156.2,162.3,161.7,161.5,163.8,152.4
SEALER-0024,1421,23:41,147.3,161.9,152.3,160.3,164.5,159.8,155.9,162.0,161.7,162.3,160.9,151.1
SEALER-0024,1422,23:42,146.6,161.8,152.7,161.3,164.5,161.3,155.6,164.2,164.0,161.3,160.2,151.6
SEALER-0024,1423,23:43,148.5,161.6,151.6,161.2,165.1,160.8,155.2,163.0,161.6,161.7,161.3,152.5
SEALER-0024,1424,23:44,147.6,160.3,152.2,159.8,164.8,160.5,156.2,163.3,161.6,161.6,162.1,153.4
SEALER-0024,1425,23:45,146.0,160.7,150.6,160.7,163.5,161.1,155.9,163.9,163.5,162.0,160.8,153.7
SEALER-0024,1426,23:46,147.6,162.1,152.7,160.1,164.0,161.3,155.1,162.7,163.0,162.7,161.0,154.3
SEALER-0024,1427,23:47,146.1,161.6,151.3,159.2,163.5,160.4,155.8,163.5,162.1,162.6,163.8,151.1
SEALER-0024,1428,23:48,148.6,162.1,152.1,158.8,165.4,159.4,155.1,165.1,162.1,164.3,161.6,151.4
SEALER-0024,1429,23:49,147.3,163.2,151.6,159.7,162.5,162.1,156.6,163.6,162.1,161.9,163.1,152.5
SEALER-0024,1430,23:50,147.6,162.6,153.6,161.5,164.2,160.2,153.7,163.3,162.3,162.5,161.3,152.0
SEALER-0024,1431,23:51,146.0,162.3,152.5,160.9,164.6,160.4,157.0,162.5,163.9,160.4,163.6,153.5
SEALER-0024,1432,23:52,147.4,162.6,152.7,160.6,163.2,161.0,155.9,164.5,162.7,164.1,162.7,151.7
SEALER-0024,1433,23:53,146.8,163.5,152.5,161.4,164.0,159.2,157.2,163.0,161.4,161.9,164.1,153.0
SEALER-0024,1434,23:54,146.6,162.5,153.4,161.3,164.1,161.7,156.3,164.4,163.1,162.2,161.8,151.7
SEALER-0024,1435,23:55,146.8,161.7,151.7,161.0,164.8,162.1,155.4,162.8,163.2,162.7,163.1,152.3
SEALER-0024,1436,23:56,146.9,160.3,150.9,160.7,164.4,160.4,154.8,163.7,161.5,161.7,162.5,152.3
SEALER-0024,1437,23:57,147.0,163.2,152.7,161.3,165.0,159.5,154.9,163.0,162.0,163.4,161.6,151.9
SEALER-0024,1438,23:58,146.4,164.3,151.4,160.7,163.9,159.3,155.8,164.3,161.0,161.2,161.5,152.4
SEALER-0024,1439,23:59,146.0,160.6,152.7,160.4,164.3,160.1,155.0,162.3,162.3,162.4,163.4,153.0
SEALER-0024,1440,24:00,147.1,163.0,153.4,160.2,162.5,159.0,155.9,165.3,162.3,163.8,161.1,152.3
SEALER-0024,1441,24:01,147.0,162.0,152.6,159.2,165.3,160.8,157.3,163.6,163.0,162.8,161.8,150.2
SEALER-0024,1442,24:02,146.1,162.0,152.2,159.8,162.8,160.2,155.4,162.7,162.3,162.5,163.0,153.2
SEALER-0024,1443,24:03,148.7,161.7,153.1,161.2,163.0,161.7,156.7,162.0,162.0,162.0,163.0,152.7
SEALER-0024,1444,24:04,147.1,162.3,152.4,161.3,162.9,161.0,157.2,163.1,162.9,162.5,162.3,152.4
SEALER-0024,1445,24:05,147.0,161.4,152.2,161.2,164.1,160.3,154.9,161.4,161.2,163.4,162.2,151.8
SEALER-0024,1446,24:06,146.8,162.7,151.8,161.0,164.5,159.8,154.9,163.8,162.3,162.4,163.3,150.5
SEALER-0024,1447,24:07,147.1,159.8,152.4,161.2,163.0,159.9,153.9,163.1,160.7,162.7,161.1,152.3
SEALER-0024,1448,24:08,147.1,161.2,152.1,159.9,164.8,160.8,154.7,164.5,163.1,160.7,163.9,151.2
SEALER-0024,1449,24:09,145.7,162.7,154.3,161.1,163.8,159.9,155.4,162.5,161.0,162.7,160.6,154.8
SEALER-0024,1450,24:10,147.0,162.6,152.1,161.2,165.2,158.9,155.4,164.0,161.7,161.7,161.0,152.0
SEALER-0024,1451,24:11,146.7,160.4,151.9,161.9,163.1,158.8,156.3,164.3,161.3,163.5,161.3,153.5
SEALER-0024,1452,24:12,146.9,163.1,150.7,160.7,164.2,160.7,157.2,162.8,162.8,163.8,161.3,152.3
SEALER-0024,1453,24:13,147.3,161.5,152.5,162.2,164.3,159.3,155.4,163.5,162.9,163.3,159.9,151.3
SEALER-0024,1454,24:14,146.7,162.4,151.2,161.4,163.0,161.3,156.5,163.6,161.7,163.6,162.1,152.1
SEALER-0024,1455,24:15,145.7,161.3,154.0,160.9,164.2,160.3,155.4,164.5,160.1,162.5,162.0,152.8
SEALER-0024,1456,24:16,146.9,161.5,152.8,162.6,163.8,158.7,155.6,164.3,160.8,162.3,163.8,151.6
SEALER-0024,1457,24:17,147.3,162.8,150.8,161.3,165.2,158.6,155.5,162.2,160.9,162.2,162.7,152.5
SEALER-0024,1458,24:18,146.2,161.3,151.3,160.3,163.9,161.0,154.4,163.2,162.7,163.6,160.8,152.3
SEALER-0024,1459,24:19,146.6,163.2,153.5,159.5,165.6,160.5,154.8,165.2,161.0,162.3,161.0,151.5
SEALER-0024,1460,24:20,147.3,161.3,152.1,160.8,162.5,161.4,154.3,164.6,162.9,162.4,160.4,152.3
SEALER-0024,1461,24:21,148.3,163.1,152.2,161.5,163.3,160.2,154.5,163.1,162.2,162.0,163.1,152.1
SEALER-0024,1462,24:22,147.0,163.0,151.4,161.4,163.0,161.1,156.3,163.2,161.2,161.9,160.9,152.1
SEALER-0024,1463,24:23,147.3,161.7,152.7,160.0,164.4,160.8,155.7,162.8,162.2,161.3,162.1,152.6
SEALER-0024,1464,24:24,147.5,162.7,152.1,159.2,163.5,159.6,155.4,163.9,162.2,160.9,163.1,152.0
SEALER-0024,1465,24:25,147.7,162.7,151.2,160.3,163.0,161.7,156.3,165.1,162.5,160.8,161.6,152.0
SEALER-0024,1466,24:26,145.7,162.4,151.0,160.2,165.2,160.6,156.1,163.4,162.5,159.9,161.1,153.0
SEALER-0024,1467,24:27,148.0,163.5,151.2,159.7,163.8,160.5,155.2,163.5,162.0,159.5,162.3,150.9
SEALER-0024,1468,24:28,146.2,163.8,151.4,158.9,162.8,161.0,154.3,163.4,161.9,159.3,161.6,150.6
SEALER-0024,1469,24:29,146.5,163.0,150.8,158.9,163.9,161.5,155.4,164.0,161.9,159.7,162.0,152.6
SEALER-0024,1470,24:30,147.7,163.5,149.6,158.9,165.3,158.9,156.3,164.0,162.3,158.4,162.2,153.2
SEALER-0024,1471,24:31,146.9,162.4,149.5,158.4,163.9,158.9,155.3,162.7,161.3,157.9,161.8,151.7
SEALER-0024,1472,24:32,147.6,162.2,149.8,158.2,164.0,161.0,155.0,163.1,161.1,158.0,162.2,152.2
SEALER-0024,1473,24:33,145.7,161.8,149.2,158.5,162.5,159.9,155.0,163.1,160.6,157.4,162.4,151.8
SEALER-0024,1474,24:34,146.3,161.3,149.0,157.5,163.8,159.1,157.5,164.2,160.1,158.0,160.6,152.9
SEALER-0024,1475,24:35,147.0,160.9,148.7,157.1,162.8,158.3,154.9,166.7,159.8,157.4,160.6,152.9
SEALER-0024,1476,24:36,146.9,160.6,148.2,157.3,162.9,160.7,154.9,163.3,159.7,157.8,161.0,152.3
SEALER-0024,1477,24:37,146.6,160.8,147.4,155.9,164.2,160.1,156.0,163.4,159.1,156.1,160.3,151.6
SEALER-0024,1478,24:38,146.8,159.5,147.5,156.3,163.7,160.3,154.8,163.5,158.8,155.4,160.5,151.4
SEALER-0024,1479,24:39,146.4,159.4,146.4,155.7,164.2,159.7,154.9,162.5,158.4,155.4,159.3,152.7
SEALER-0024,1480,24:40,147.0,158.7,146.4,155.9,164.6,159.9,155.9,164.8,158.2,155.0,159.2,151.9
SEALER-0024,1481,24:41,149.5,159.5,146.7,154.6,166.4,159.6,155.3,162.9,157.3,155.4,158.2,152.2
SEALER-0024,1482,24:42,146.5,159.0,146.3,154.8,162.9,160.0,155.5,163.9,157.7,155.4,158.4,153.5
SEALER-0024,1483,24:43,148.4,158.9,146.3,154.4,165.3,160.1,155.0,162.6,157.5,154.3,158.9,152.2
SEALER-0024,1484,24:44,147.7,157.6,145.0,153.7,164.9,161.5,155.4,163.9,156.1,155.0,157.0,152.9
SEALER-0024,1485,24:45,146.0,157.7,146.5,154.2,163.7,159.7,155.3,164.4,156.7,154.4,157.7,150.6
SEALER-0024,1486,24:46,146.0,156.7,144.8,153.4,162.9,160.7,156.2,162.7,156.4,153.0,156.7,153.6
SEALER-0024,1487,24:47,146.1,156.2,144.0,153.3,163.3,158.7,156.2,163.6,156.0,153.3,157.5,151.0
SEALER-0024,1488,24:48,145.1,157.1,144.3,153.3,165.0,159.3,153.2,163.0,156.2,152.7,157.1,152.7
SEALER-0024,1489,24:49,144.6,156.8,144.4,152.3,164.2,160.4,156.8,163.1,155.3,153.2,156.3,151.3
SEALER-0024,1490,24:50,145.5,155.8,145.0,152.8,164.1,160.8,155.5,162.8,154.4,152.3,155.7,152.1
SEALER-0024,1491,24:51,144.7,155.5,144.8,151.4,164.5,161.9,154.5,164.6,154.4,151.3,155.6,151.6
SEALER-0024,1492,24:52,143.9,155.6,144.4,151.8,163.8,159.0,156.4,163.5,153.9,150.9,155.0,151.0
SEALER-0024,1493,24:53,143.8,155.2,142.6,152.0,163.9,160.2,156.2,164.4,154.2,151.8,154.8,151.6
SEALER-0024,1494,24:54,143.9,154.2,143.5,150.8,164.3,159.4,154.8,164.4,153.6,151.2,152.7,150.8
SEALER-0024,1495,24:55,143.5,154.2,142.8,149.6,163.6,161.3,156.9,163.5,153.7,151.0,154.5,150.4
SEALER-0024,1496,24:56,143.7,154.8,141.5,150.0,162.8,160.6,155.9,163.6,152.3,150.1,152.7,149.7
SEALER-0024,1497,24:57,143.2,154.1,142.4,149.5,164.0,160.8,154.3,162.8,152.6,150.3,152.8,150.0
SEALER-0024,1498,24:58,144.2,153.3,141.5,149.9,163.5,162.2,157.3,163.3,152.4,150.4,153.2,149.3
SEALER-0024,1499,24:59,142.5,151.7,141.3,148.9,164.0,161.9,156.2,163.2,151.8,149.0,152.3,149.4
SEALER-0024,1500,25:00,142.8,151.5,141.6,150.0,163.4,158.9,156.6,162.1,152.1,149.1,152.3,149.0
SEALER-0024,1501,25:01,142.7,152.3,141.0,148.1,163.6,161.2,154.8,161.5,150.5,149.0,151.7,147.8
SEALER-0024,1502,25:02,141.7,151.3,140.8,148.0,163.2,159.3,155.2,160.9,151.1,149.1,151.9,147.5
SEALER-0024,1503,25:03,141.4,152.3,140.2,147.6,161.7,162.3,154.8,160.3,150.5,147.9,149.9,147.2
SEALER-0024,1504,25:04,140.1,151.1,141.0,147.2,162.1,157.7,153.2,160.6,149.4,147.4,150.9,147.8
SEALER-0024,1505,25:05,141.3,151.8,139.9,147.4,160.9,159.0,153.4,160.8,149.3,147.5,150.0,147.6
SEALER-0024,1506,25:06,141.5,150.3,140.7,146.7,161.3,158.1,154.2,160.3,150.7,147.4,150.0,147.2
SEALER-0024,1507,25:07,140.8,150.7,137.9,147.0,161.0,158.7,153.4,159.1,149.2,146.6,150.3,146.7
SEALER-0024,1508,25:08,139.9,150.8,138.7,146.5,160.5,158.2,153.0,158.8,148.9,147.4,149.9,146.3
SEALER-0024,1509,25:09,140.3,150.9,138.1,146.8,159.6,157.4,152.7,158.9,149.7,147.3,149.7,146.7
SEALER-0024,1510,25:10,140.0,149.5,138.1,145.3,160.7,158.1,152.8,158.0,148.9,145.7,148.5,146.0
SEALER-0024,1511,25:11,139.1,149.2,137.9,146.8,159.1,157.3,152.1,157.4,147.1,145.4,147.8,146.3
SEALER-0024,1512,25:12,139.4,149.0,137.6,145.0,157.7,157.6,151.6,157.8,147.7,145.1,148.5,145.7
SEALER-0024,1513,25:13,139.3,148.1,136.9,146.0,159.0,156.3,151.7,156.4,147.8,145.5,147.9,145.1
SEALER-0024,1514,25:14,139.0,148.4,136.7,145.4,157.4,156.9,150.4,156.6,147.6,145.6,148.4,144.2
SEALER-0024,1515,25:15,138.3,147.6,135.9,144.4,158.4,155.1,149.7,156.4,147.3,145.3,146.6,144.8
SEALER-0024,1516,25:16,137.7,147.8,137.0,144.3,157.9,155.0,150.0,156.0,146.2,144.5,146.7,144.7
SEALER-0024,1517,25:17,138.0,147.5,135.7,143.9,156.3,155.3,149.7,155.5,146.4,144.1,146.6,144.0
SEALER-0024,1518,25:18,137.2,147.5,136.8,143.3,155.5,154.3,149.4,155.3,146.0,143.8,145.3,143.2
SEALER-0024,1519,25:19,137.3,146.9,135.2,143.5,155.9,153.9,148.4,156.0,146.2,143.7,145.9,142.8
SEALER-0024,1520,25:20,137.2,146.6,135.3,143.9,155.9,153.5,148.7,154.4,145.3,143.1,146.2,142.8
SEALER-0024,1521,25:21,137.3,146.0,135.5,143.3,155.6,153.2,148.9,154.2,145.4,143.5,144.5,144.0
SEALER-0024,1522,25:22,136.9,144.9,135.3,142.4,155.2,152.0,147.6,154.6,145.5,142.9,145.6,142.1
SEALER-0024,1523,25:23,136.5,145.4,135.2,142.7,154.4,153.7,147.1,153.3,145.1,142.5,144.8,142.7
SEALER-0024,1524,25:24,136.9,145.3,134.5,141.7,154.0,152.6,147.2,152.7,143.8,141.9,144.1,142.1
SEALER-0024,1525,25:25,135.7,145.0,134.3,143.0,155.4,151.8,146.6,152.6,144.0,142.5,143.6,142.0
SEALER-0024,1526,25:26,134.7,144.3,133.6,141.8,153.6,151.8,147.1,151.7,143.4,141.7,143.8,142.1
SEALER-0024,1527,25:27,135.7,143.7,133.7,141.0,153.5,150.8,146.1,151.3,144.4,141.3,143.9,141.4
SEALER-0024,1528,25:28,134.7,143.8,132.9,141.1,152.1,150.9,146.0,151.6,143.4,140.9,143.2,141.7
SEALER-0024,1529,25:29,135.7,143.5,133.4,141.3,153.1,149.6,144.9,151.7,142.8,141.6,143.2,141.0
SEALER-0024,1530,25:30,134.7,143.4,132.9,139.8,153.0,150.2,145.3,150.4,143.3,140.5,142.7,141.1
SEALER-0024,1531,25:31,134.5,143.0,132.5,139.9,151.9,150.7,145.5,151.1,142.5,140.1,142.8,140.3
SEALER-0024,1532,25:32,135.2,141.8,132.6,139.8,151.3,148.7,144.2,149.8,142.5,140.2,142.0,139.9
SEALER-0024,1533,25:33,134.9,142.4,131.7,139.3,152.0,149.1,143.6,150.0,141.9,140.5,142.5,139.9
SEALER-0024,1534,25:34,134.3,142.2,131.7,138.9,151.0,149.0,143.5,149.7,142.2,139.8,141.1,139.9
SEALER-0024,1535,25:35,134.0,141.3,132.3,138.7,151.0,148.6,143.4,149.5,140.8,139.0,140.8,139.7
SEALER-0024,1536,25:36,133.5,142.2,131.1,139.6,150.2,148.6,143.0,148.7,141.2,139.4,140.8,138.9
SEALER-0024,1537,25:37,134.2,140.3,132.5,138.6,149.9,147.4,143.1,148.5,140.3,138.1,140.2,138.6
SEALER-0024,1538,25:38,132.9,141.2,131.5,137.2,149.7,147.7,142.2,148.8,140.8,137.6,140.2,139.2
SEALER-0024,1539,25:39,132.6,139.6,131.1,137.7,149.3,146.4,142.3,148.6,140.0,137.4,139.9,138.1
SEALER-0024,1540,25:40,133.7,141.0,130.3,138.0,147.5,146.7,140.5,147.8,140.0,138.7,138.7,138.3
SEALER-0024,1541,25:41,132.1,140.9,130.9,137.2,148.2,146.7,141.1,146.9,139.2,137.6,139.0,137.1
SEALER-0024,1542,25:42,131.6,140.1,129.7,137.0,148.8,146.5,141.1,147.1,140.2,136.4,138.7,137.0
SEALER-0024,1543,25:43,131.1,139.7,129.1,137.2,149.1,145.0,142.2,146.1,138.3,136.6,138.8,137.1
SEALER-0024,1544,25:44,131.6,138.6,129.3,135.9,147.0,145.4,139.8,146.5,138.3,136.7,138.1,136.4
SEALER-0024,1545,25:45,131.2,138.3,128.7,136.0,147.7,145.0,138.9,145.8,138.6,136.5,137.5,136.9
SEALER-0024,1546,25:46,130.6,137.8,129.3,134.9,146.8,144.7,139.5,146.1,138.6,136.6,137.3,137.1
SEALER-0024,1547,25:47,131.4,137.9,128.5,134.5,146.6,144.5,139.8,145.4,137.3,135.4,137.3,136.4
SEALER-0024,1548,25:48,130.3,137.9,129.1,135.1,147.5,144.3,139.2,145.2,138.1,135.2,136.1,136.0
SEALER-0024,1549,25:49,130.3,137.3,127.5,134.9,146.0,144.0,138.6,145.2,137.3,136.1,136.9,135.8
SEALER-0024,1550,25:50,130.0,137.2,127.8,134.9,145.7,143.5,138.2,144.9,137.0,134.2,135.9,136.1
SEALER-0024,1551,25:51,129.4,137.7,127.3,134.4,146.1,142.9,138.4,144.2,137.4,134.0,135.8,135.0
SEALER-0024,1552,25:52,129.6,135.5,127.2,134.8,145.5,142.5,138.4,143.8,136.6,133.9,136.2,136.0
SEALER-0024,1553,25:53,128.5,137.1,126.1,134.2,143.7,142.2,137.0,143.7,135.8,134.5,135.8,134.7
SEALER-0024,1554,25:54,130.1,136.0,127.6,133.6,144.8,142.6,137.5,143.5,136.4,134.0,135.5,135.2
SEALER-0024,1555,25:55,128.8,135.1,126.7,133.3,144.1,141.7,137.0,142.4,135.6,133.1,135.1,133.6
SEALER-0024,1556,25:56,128.9,135.8,126.0,132.9,144.3,140.7,136.4,143.4,135.1,133.3,135.5,133.6
SEALER-0024,1557,25:57,129.1,135.8,126.8,132.7,143.3,140.8,135.5,143.2,135.4,133.1,134.5,133.6
SEALER-0024,1558,25:58,128.2,135.7,126.0,133.1,142.5,140.6,135.4,141.3,134.6,132.6,134.6,132.5
SEALER-0024,1559,25:59,127.5,135.4,125.1,132.6,143.0,140.5,135.8,141.5,134.7,132.6,134.8,133.1
SEALER-0024,1560,26:00,127.2,134.1,126.2,131.7,143.3,139.8,135.9,141.1,134.2,132.6,133.3,132.8
SEALER-0024,1561,26:01,127.1,133.9,125.6,131.8,142.0,140.3,134.8,139.9,134.4,131.9,134.1,131.8
SEALER-0024,1562,26:02,126.5,134.4,124.3,131.7,142.2,139.2,135.4,140.7,134.0,132.3,132.9,132.2
SEALER-0024,1563,26:03,128.2,133.4,124.4,131.7,141.6,139.0,133.5,141.3,133.8,130.6,132.6,131.9
SEALER-0024,1564,26:04,126.9,133.2,125.4,130.0,141.4,138.1,134.3,140.4,133.2,130.7,133.0,132.4
SEALER-0024,1565,26:05,127.1,133.1,125.0,131.2,140.9,138.4,133.3,139.5,133.9,131.2,132.9,132.0
SEALER-0024,1566,26:06,125.7,133.1,124.6,130.9,140.6,137.4,133.7,139.9,132.7,131.1,132.4,131.3
SEALER-0024,1567,26:07,127.1,133.1,123.2,130.7,141.1,138.0,133.6,139.8,132.7,130.1,131.8,130.4
SEALER-0024,1568,26:08,125.8,132.0,124.1,129.6,139.6,137.5,132.4,138.8,132.2,130.5,130.5,131.9
SEALER-0024,1569,26:09,126.1,131.5,123.4,129.5,139.9,137.8,133.3,138.9,132.1,130.2,131.2,130.2
SEALER-0024,1570,26:10,125.3,132.4,123.7,131.0,138.4,136.2,132.4,138.5,132.6,129.9,130.8,130.7
SEALER-0024,1571,26:11,124.6,131.8,122.9,129.9,139.6,137.2,131.8,138.2,131.0,129.6,131.0,131.3
SEALER-0024,1572,26:12,125.2,131.2,122.9,129.1,138.3,135.8,131.7,137.1,130.7,129.6,129.5,131.2
SEALER-0024,1573,26:13,124.9,130.6,121.7,129.0,138.1,136.0,131.3,137.4,131.2,128.5,130.9,129.6
SEALER-0024,1574,26:14,124.9,130.5,122.3,127.9,137.5,135.7,130.3,137.3,131.0,129.5,128.5,129.6
SEALER-0024,1575,26:15,124.4,130.3,121.5,128.1,138.1,135.6,130.7,136.1,130.3,128.7,129.5,129.1
SEALER-0024,1576,26:16,124.1,129.8,121.7,129.0,137.0,135.5,130.7,136.4,129.2,128.7,129.1,129.0
SEALER-0024,1577,26:17,124.1,128.9,122.0,127.7,137.7,135.0,130.6,136.6,129.6,129.0,128.5,128.5
SEALER-0024,1578,26:18,123.9,129.8,121.1,126.6,136.0,135.0,130.3,135.9,130.3,128.3,129.1,128.8
SEALER-0024,1579,26:19,123.7,128.6,120.9,128.6,135.9,133.5,128.7,135.3,128.9,128.4,128.7,128.4
SEALER-0024,1580,26:20,123.1,129.2,120.3,127.2,136.7,134.0,130.6,136.5,129.3,127.9,128.3,128.1
SEALER-0024,1581,26:21,123.4,129.2,119.7,126.8,135.9,134.0,128.7,135.3,128.8,126.3,127.7,128.3
SEALER-0024,1582,26:22,122.5,128.5,120.3,127.1,136.0,133.4,129.2,134.8,127.7,127.2,127.3,128.4
SEALER-0024,1583,26:23,122.6,127.3,120.1,125.0,134.4,133.7,129.0,135.1,128.1,126.4,128.2,127.5
SEALER-0024,1584,26:24,122.9,127.7,120.8,125.0,134.9,133.4,128.1,135.2,127.7,126.6,127.1,127.0
SEALER-0024,1585,26:25,122.2,127.5,119.4,126.4,134.9,132.7,128.3,133.5,128.2,125.3,126.7,126.9
SEALER-0024,1586,26:26,122.4,127.7,118.9,125.3,134.9,131.3,126.5,133.0,126.9,126.8,126.4,126.6
SEALER-0024,1587,26:27,122.4,126.5,118.8,126.0,134.5,131.8,127.2,133.2,127.5,125.8,126.5,126.9
SEALER-0024,1588,26:28,121.6,127.4,118.7,124.4,134.3,131.6,127.7,133.6,127.1,125.3,126.9,126.0
SEALER-0024,1589,26:29,121.0,126.6,118.1,126.0,133.8,131.3,126.9,132.6,127.0,126.0,125.9,126.2
SEALER-0024,1590,26:30,122.2,126.1,118.8,125.4,133.8,131.5,127.3,132.2,126.0,124.4,125.0,125.7
SEALER-0024,1591,26:31,120.7,126.0,118.2,123.6,133.4,130.7,125.8,132.1,127.5,125.0,125.1,126.0
SEALER-0024,1592,26:32,121.3,125.2,118.7,124.7,132.7,131.0,125.9,131.1,125.8,124.9,125.3,125.9
SEALER-0024,1593,26:33,120.9,124.9,118.3,124.3,131.8,130.1,125.8,132.2,125.8,124.4,124.2,125.6
SEALER-0024,1594,26:34,121.2,125.1,117.8,122.3,132.2,130.7,126.1,131.3,125.9,124.1,124.8,125.2
SEALER-0024,1595,26:35,119.7,125.6,117.1,123.7,131.6,128.5,125.4,130.2,126.0,124.3,124.8,125.0
SEALER-0024,1596,26:36,120.1,125.2,117.6,123.0,131.9,129.0,124.0,130.4,124.4,124.8,124.9,124.8
SEALER-0024,1597,26:37,120.4,124.0,117.5,122.8,131.1,127.9,124.4,130.9,124.6,123.0,123.0,123.7
SEALER-0024,1598,26:38,119.5,124.5,116.5,123.7,131.2,128.8,124.4,130.2,125.2,124.1,123.0,123.5
SEALER-0024,1599,26:39,118.4,125.1,116.1,122.1,130.4,128.7,124.4,130.1,124.4,122.5,124.0,124.2
SEALER-0024,1600,26:40,118.8,123.6,116.4,121.2,129.5,127.5,124.1,129.4,124.3,123.1,123.3,123.5
SEALER-0024,1601,26:41,119.1,123.1,115.7,121.5,130.3,127.3,124.2,128.3,123.3,122.2,123.5,124.3
SEALER-0024,1602,26:42,118.5,123.9,115.2,121.6,130.2,127.6,123.4,129.2,123.4,121.9,123.3,123.1
SEALER-0024,1603,26:43,119.0,122.6,115.5,121.4,128.9,127.5,123.3,128.7,123.3,121.3,122.6,123.7
SEALER-0024,1604,26:44,118.0,122.6,114.7,120.8,128.8,126.1,122.5,128.0,123.7,122.2,121.4,122.7
SEALER-0024,1605,26:45,117.7,122.9,115.8,121.6,129.0,126.3,121.9,128.9,122.7,121.6,121.2,123.3
SEALER-0024,1606,26:46,118.0,123.0,116.6,120.8,129.5,126.2,122.3,127.9,122.8,121.3,121.3,122.0
SEALER-0024,1607,26:47,117.5,121.9,115.1,120.8,128.3,125.2,121.2,126.9,123.1,120.5,121.6,121.5
SEALER-0024,1608,26:48,117.3,122.1,114.3,121.6,127.8,126.1,121.6,127.3,122.7,120.7,121.1,121.3
SEALER-0024,1609,26:49,117.0,121.5,113.6,119.8,128.2,124.8,122.0,128.0,122.6,120.5,121.2,121.6
SEALER-0024,1610,26:50,116.9,121.0,114.4,120.0,127.4,125.4,120.6,126.6,121.0,120.7,120.3,123.1
SEALER-0024,1611,26:51,117.7,120.6,113.3,120.0,127.6,125.0,121.2,126.5,121.8,120.0,120.9,122.1
SEALER-0024,1612,26:52,116.4,120.4,113.2,119.5,126.6,124.9,119.7,125.8,122.1,120.2,119.6,121.4
SEALER-0024,1613,26:53,116.7,120.6,113.5,119.4,126.3,124.6,120.5,125.8,120.6,120.1,119.6,121.2
SEALER-0024,1614,26:54,116.2,120.5,113.3,119.6,126.6,124.5,120.3,125.8,120.3,119.8,119.1,120.8
SEALER-0024,1615,26:55,116.0,120.0,113.1,118.9,125.6,123.8,120.0,125.5,121.1,118.5,119.9,120.7
SEALER-0024,1616,26:56,115.0,120.4,112.7,118.8,125.9,123.5,119.3,125.2,120.9,119.8,119.1,121.0
SEALER-0024,1617,26:57,115.3,118.8,112.4,119.3,125.7,123.8,119.7,124.9,120.6,118.5,118.6,119.0
SEALER-0024,1618,26:58,116.0,119.2,112.0,117.4,125.2,123.3,118.5,123.6,120.3,119.3,119.2,119.4
SEALER-0024,1619,26:59,115.7,118.5,112.3,117.5,125.1,122.8,118.8,124.0,119.5,119.3,118.5,118.9
SEALER-0024,1620,27:00,115.5,119.3,111.8,117.7,124.1,122.0,117.8,123.8,119.2,118.3,118.7,120.1
SEALER-0024,1621,27:01,115.1,118.1,111.9,117.4,124.9,122.6,118.2,123.3,119.5,117.5,117.6,120.4
SEALER-0024,1622,27:02,114.5,117.4,111.2,117.0,124.6,121.2,117.3,123.7,118.7,118.0,118.1,118.2
SEALER-0024,1623,27:03,115.0,118.0,111.1,117.1,124.5,121.9,117.3,123.6,118.3,117.2,117.3,118.6
SEALER-0024,1624,27:04,113.6,117.1,111.8,117.4,123.5,122.0,117.3,123.3,119.2,117.1,117.9,118.8
SEALER-0024,1625,27:05,114.2,118.0,110.1,116.6,123.8,120.7,118.3,122.9,118.5,117.1,117.1,119.0
SEALER-0024,1626,27:06,114.7,117.4,110.5,116.5,122.9,120.0,116.9,122.9,117.5,117.9,116.4,118.6
SEALER-0024,1627,27:07,113.2,117.9,109.8,116.6,123.3,120.6,116.7,121.5,117.8,117.3,115.8,118.2
SEALER-0024,1628,27:08,113.0,116.9,109.8,115.8,122.1,119.7,116.0,122.1,116.2,116.2,115.9,117.5
SEALER-0024,1629,27:09,113.8,116.7,110.0,115.7,121.8,119.8,116.0,122.2,118.0,116.2,116.2,117.2
SEALER-0024,1630,27:10,112.8,115.9,110.3,114.6,122.4,120.3,115.7,121.8,116.6,115.7,116.2,117.2
SEALER-0024,1631,27:11,113.5,115.9,110.0,116.1,121.8,119.5,115.4,120.5,116.5,115.4,115.6,116.4
SEALER-0024,1632,27:12,113.1,116.0,109.1,114.6,121.8,119.6,114.6,121.0,117.0,115.4,116.1,116.9
SEALER-0024,1633,27:13,113.4,115.3,108.9,114.4,121.6,118.9,116.2,120.2,116.0,115.3,115.4,117.2
SEALER-0024,1634,27:14,112.6,116.7,108.1,115.5,121.2,119.2,114.4,121.2,115.8,115.4,114.8,117.0
SEALER-0024,1635,27:15,111.3,116.1,109.1,114.8,121.6,117.8,114.5,120.3,116.5,114.9,115.3,116.8
SEALER-0024,1636,27:16,111.6,115.1,109.3,114.2,119.9,118.2,114.8,120.5,115.1,115.2,114.7,116.1
SEALER-0024,1637,27:17,112.6,114.5,108.2,114.0,120.6,117.5,113.8,119.4,115.6,114.8,113.7,115.5
SEALER-0024,1638,27:18,112.2,115.4,108.6,112.8,119.7,117.4,113.6,119.2,115.0,114.8,114.8,115.8
SEALER-0024,1639,27:19,112.1,114.4,108.4,113.5,119.6,118.5,114.1,119.0,115.7,113.8,114.0,116.3
SEALER-0024,1640,27:20,110.9,114.6,108.2,113.5,119.2,117.5,113.3,119.1,115.1,114.0,114.1,115.1
SEALER-0024,1641,27:21,112.1,114.5,106.7,113.7,119.2,116.1,113.5,118.4,115.0,113.5,113.5,115.3
SEALER-0024,1642,27:22,111.5,113.4,107.4,113.4,119.6,117.5,111.9,118.6,113.6,113.1,113.7,114.9
SEALER-0024,1643,27:23,112.7,113.5,107.4,112.0,118.0,116.5,112.2,118.4,114.2,113.6,113.6,114.3
SEALER-0024,1644,27:24,110.6,114.2,107.1,112.2,118.1,116.1,112.2,118.6,113.5,113.4,113.0,114.1
SEALER-0024,1645,27:25,110.5,113.9,107.4,112.7,118.1,116.8,112.3,118.1,114.0,111.9,112.5,114.6
SEALER-0024,1646,27:26,110.6,112.3,107.5,112.7,118.5,115.9,112.1,118.2,114.2,112.5,112.0,113.5
SEALER-0024,1647,27:27,110.0,112.9,107.0,111.9,117.7,115.1,112.0,117.5,114.2,113.5,111.9,114.2
SEALER-0024,1648,27:28,111.0,112.7,106.8,111.9,117.6,115.5,111.4,116.6,112.9,112.2,113.2,113.8
SEALER-0024,1649,27:29,110.7,112.4,105.8,111.5,117.1,115.2,110.8,116.4,113.3,112.1,111.2,113.7
SEALER-0024,1650,27:30,109.5,111.8,106.3,110.9,116.7,113.5,110.8,116.6,112.9,111.3,111.2,112.7
SEALER-0024,1651,27:31,108.7,111.7,104.9,111.5,116.5,114.8,111.6,115.6,113.0,111.3,111.5,114.3
SEALER-0024,1652,27:32,109.4,110.9,105.7,109.8,116.0,115.2,111.3,116.4,112.5,111.9,110.4,112.5
SEALER-0024,1653,27:33,108.6,110.4,105.3,110.7,116.4,114.1,109.5,116.2,111.9,111.3,110.9,111.9
SEALER-0024,1654,27:34,107.7,112.3,104.8,110.7,116.2,112.8,109.2,114.9,111.6,111.3,110.5,112.9
SEALER-0024,1655,27:35,107.9,111.3,105.5,110.2,115.7,113.3,108.6,115.7,112.5,110.4,110.5,113.7
SEALER-0024,1656,27:36,108.5,111.7,104.7,111.1,116.4,113.3,110.3,114.7,111.8,110.7,110.0,112.6
SEALER-0024,1657,27:37,107.7,110.6,105.1,109.9,115.8,113.0,109.2,114.8,110.7,109.9,109.3,112.7
SEALER-0024,1658,27:38,108.7,110.4,104.1,110.0,116.0,113.2,109.3,113.8,111.2,112.1,109.5,111.8
SEALER-0024,1659,27:39,108.0,110.6,105.0,109.3,115.3,112.4,109.0,114.7,111.2,109.6,109.9,111.5
SEALER-0024,1660,27:40,107.8,110.5,104.6,110.4,114.3,112.7,109.3,114.8,111.1,109.8,109.3,111.9
SEALER-0024,1661,27:41,107.2,109.5,104.4,109.2,114.2,112.8,108.5,114.3,110.9,109.2,108.9,112.0
SEALER-0024,1662,27:42,107.9,110.3,104.1,109.3,113.1,112.3,108.7,112.7,110.0,109.8,108.5,111.2
SEALER-0024,1663,27:43,107.3,108.5,103.8,108.9,114.5,111.9,108.8,114.0,110.4,109.4,108.4,111.2
SEALER-0024,1664,27:44,106.8,108.8,103.2,108.4,113.0,111.8,108.4,113.5,109.7,109.0,109.0,110.9
SEALER-0024,1665,27:45,107.6,109.3,103.5,108.6,114.0,111.4,108.2,112.4,110.0,108.4,108.4,111.4
SEALER-0024,1666,27:46,105.3,108.8,103.3,108.0,113.0,111.5,107.5,112.7,110.1,108.5,108.3,110.2
SEALER-0024,1667,27:47,106.6,108.7,103.2,107.8,112.7,111.1,107.4,112.8,109.7,108.1,107.7,110.2
SEALER-0024,1668,27:48,106.2,108.3,103.2,107.1,113.8,110.9,106.1,112.8,108.2,107.8,107.1,109.5
SEALER-0024,1669,27:49,106.4,107.6,102.6,107.8,113.6,109.7,106.7,111.9,108.5,108.4,108.4,109.4
SEALER-0024,1670,27:50,106.6,107.7,101.9,108.0,113.0,109.6,107.2,112.0,108.3,108.1,106.7,109.5
SEALER-0024,1671,27:51,106.3,107.7,101.6,106.6,111.1,108.8,106.6,111.4,108.3,108.1,107.2,109.0
SEALER-0024,1672,27:52,105.9,106.3,102.4,106.6,112.4,109.4,105.5,112.1,108.1,108.3,106.4,109.5
SEALER-0024,1673,27:53,105.6,107.7,101.9,105.8,111.8,110.3,106.1,111.1,107.8,107.5,106.1,109.4
SEALER-0024,1674,27:54,106.0,106.5,100.9,108.2,111.9,109.4,104.8,111.0,107.8,108.1,105.8,109.0
SEALER-0024,1675,27:55,103.8,105.8,101.0,106.4,111.9,108.4,104.6,110.8,107.3,106.3,106.6,108.9
SEALER-0024,1676,27:56,105.0,106.1,100.7,107.3,111.4,108.4,105.5,110.6,107.4,106.2,106.1,108.3
SEALER-0024,1677,27:57,104.9,106.7,101.1,105.4,110.2,108.1,105.5,109.7,106.8,106.4,105.6,108.4
SEALER-0024,1678,27:58,104.7,106.3,99.6,106.3,110.4,107.5,104.3,110.8,106.7,105.6,105.6,108.6
SEALER-0024,1679,27:59,104.2,106.0,101.0,106.1,110.4,109.4,104.5,109.8,107.4,106.8,105.1,108.2
SEALER-0024,1680,28:00,104.7,105.6,99.3,104.5,110.8,108.4,105.1,110.1,107.5,105.1,105.4,108.2
SEALER-0024,1681,28:01,104.6,106.1,100.6,105.4,110.8,106.9,104.3,109.9,106.1,106.0,104.6,107.4
SEALER-0024,1682,28:02,103.3,106.0,100.1,104.7,109.3,107.9,104.7,109.3,106.4,105.6,104.5,106.7
SEALER-0024,1683,28:03,103.1,105.0,99.4,104.4,109.6,107.0,103.9,109.4,107.0,105.3,104.5,107.2
SEALER-0024,1684,28:04,103.3,105.1,99.7,104.8,109.5,107.4,103.4,108.3,105.9,104.4,103.6,107.7
SEALER-0024,1685,28:05,103.6,104.2,99.7,105.4,109.6,106.4,103.2,108.7,106.1,104.7,103.5,107.5
SEALER-0024,1686,28:06,103.1,105.7,99.5,104.7,109.0,107.3,103.1,108.4,106.2,104.6,104.0,106.4
SEALER-0024,1687,28:07,103.4,103.9,100.2,103.4,109.2,105.6,103.5,107.6,104.9,105.2,102.8,106.3
SEALER-0024,1688,28:08,102.8,105.1,99.3,105.0,107.5,106.1,102.8,107.9,105.9,104.0,103.9,106.6
SEALER-0024,1689,28:09,102.4,103.8,98.9,102.6,108.8,106.4,102.3,107.3,105.7,104.0,103.7,105.6
SEALER-0024,1690,28:10,102.0,104.4,99.1,103.5,108.2,105.7,102.3,106.6,104.8,104.3,102.5,105.8
SEALER-0024,1691,28:11,102.5,103.8,98.9,104.1,107.7,105.3,101.7,107.0,104.0,103.6,102.9,105.9
SEALER-0024,1692,28:12,102.7,104.1,98.3,103.2,108.2,104.9,101.6,106.8,104.2,104.6,102.7,106.1
SEALER-0024,1693,28:13,103.2,102.3,98.4,103.2,106.8,104.8,102.0,106.4,104.3,103.7,102.6,104.9
SEALER-0024,1694,28:14,102.1,103.2,98.7,102.6,106.1,105.0,101.5,106.1,104.2,102.6,102.7,105.5
SEALER-0024,1695,28:15,101.2,103.5,98.3,102.8,106.9,104.7,102.0,107.6,104.7,103.4,102.3,105.6
SEALER-0024,1696,28:16,101.6,102.4,97.5,102.9,106.6,104.3,101.5,106.7,103.8,102.5,102.1,105.0
SEALER-0024,1697,28:17,100.6,101.7,97.5,101.9,105.8,104.5,101.5,105.6,104.1,101.9,100.9,104.7
SEALER-0024,1698,28:18,101.3,102.7,98.0,102.6,106.4,103.5,100.4,106.6,103.3,102.4,101.5,104.4
SEALER-0024,1699,28:19,101.4,102.3,97.2,101.5,106.2,103.7,100.4,104.5,103.6,102.4,102.0,104.0
SEALER-0024,1700,28:20,101.5,102.0,97.1,101.6,105.5,103.6,100.7,105.6,104.0,102.8,101.8,105.0
SEALER-0024,1701,28:21,101.6,101.9,97.4,101.6,104.9,103.8,100.1,105.7,102.9,102.4,101.4,104.3
SEALER-0024,1702,28:22,100.8,101.1,96.9,101.1,105.6,103.4,100.1,104.6,102.3,102.3,101.1,103.8
SEALER-0024,1703,28:23,100.8,101.6,96.3,101.4,104.8,102.9,99.8,105.1,103.2,101.9,101.7,103.4
SEALER-0024,1704,28:24,100.4,101.0,96.9,101.2,105.0,103.2,99.4,104.5,102.6,101.2,101.2,104.4
SEALER-0024,1705,28:25,100.1,100.4,96.4,101.2,104.7,102.2,98.0,104.7,102.2,101.9,100.2,104.0
SEALER-0024,1706,28:26,99.5,100.8,96.5,100.8,104.8,102.8,98.5,104.2,103.0,101.7,100.4,103.6
SEALER-0024,1707,28:27,100.1,99.7,95.9,101.1,103.6,102.1,98.7,103.8,101.4,101.6,99.6,103.3
SEALER-0024,1708,28:28,99.5,100.8,95.3,100.0,105.0,102.8,97.8,103.7,101.9,101.1,99.3,102.8
SEALER-0024,1709,28:29,98.9,101.0,96.0,100.4,103.4,101.4,98.1,104.0,101.6,100.5,99.6,103.0
SEALER-0024,1710,28:30,99.9,100.3,95.8,99.1,103.4,101.2,98.7,103.3,101.2,100.6,100.4,102.8
SEALER-0024,1711,28:31,99.9,99.9,96.4,100.7,102.6,102.0,98.6,103.3,101.3,100.3,99.0,102.8
SEALER-0024,1712,28:32,98.8,101.2,95.6,99.3,103.3,101.3,97.8,102.8,100.8,100.7,97.9,102.1
SEALER-0024,1713,28:33,99.1,99.6,95.6,100.1,103.3,100.6,96.9,102.2,100.9,99.3,98.8,102.0
SEALER-0024,1714,28:34,99.1,99.8,94.9,100.6,103.0,100.6,97.4,102.7,101.3,100.2,98.8,102.5
SEALER-0024,1715,28:35,98.9,99.7,95.3,98.5,103.2,100.3,97.4,102.7,100.1,100.6,98.2,102.0
SEALER-0024,1716,28:36,98.2,98.8,94.0,98.9,103.1,100.4,96.9,102.8,99.3,99.6,97.4,100.8
SEALER-0024,1717,28:37,98.6,99.2,95.3,99.2,101.6,100.5,97.4,101.8,99.7,98.3,98.6,101.4
SEALER-0024,1718,28:38,98.3,98.7,93.4,98.3,101.9,99.6,96.5,102.1,98.9,98.2,97.6,102.1
SEALER-0024,1719,28:39,98.3,98.7,94.1,97.6,102.7,100.7,96.5,101.1,98.8,98.7,97.2,101.1
SEALER-0024,1720,28:40,98.5,98.1,93.0,98.9,102.2,99.8,96.6,100.8,99.4,98.5,97.3,101.3
SEALER-0024,1721,28:41,97.9,98.1,93.3,97.7,100.9,99.2,95.9,101.0,100.0,98.0,96.2,100.5
SEALER-0024,1722,28:42,97.0,97.5,92.2,98.1,100.5,99.1,95.7,101.4,99.3,97.9,96.7,99.5
SEALER-0024,1723,28:43,97.3,97.8,93.9,98.0,101.3,98.6,94.9,100.3,99.8,97.7,97.1,100.1
SEALER-0024,1724,28:44,97.3,97.2,93.6,97.6,101.4,99.3,95.3,100.2,98.8,98.1,96.7,99.9
SEALER-0024,1725,28:45,97.2,96.8,92.4,97.0,101.0,99.1,95.5,101.7,98.7,98.4,97.0,100.0
SEALER-0024,1726,28:46,97.9,97.2,92.6,97.4,100.8,99.6,95.1,101.1,98.2,99.1,96.8,100.3
SEALER-0024,1727,28:47,95.9,96.8,92.3,97.2,100.2,98.0,94.8,100.4,97.5,97.0,95.2,99.9
SEALER-0024,1728,28:48,96.3,97.0,92.5,97.2,100.3,97.2,95.0,98.8,97.3,96.6,95.5,100.1
SEALER-0024,1729,28:49,96.0,96.0,92.8,96.5,99.6,97.5,94.1,99.7,98.7,97.9,95.9,99.1
SEALER-0024,1730,28:50,97.2,95.7,92.1,96.8,100.2,98.3,94.1,100.1,97.2,97.0,95.3,99.7
SEALER-0024,1731,28:51,95.9,96.4,92.5,96.1,99.7,97.2,94.1,98.8,98.3,97.2,95.3,99.1
SEALER-0024,1732,28:52,96.8,96.1,92.0,96.3,99.8,97.7,94.2,99.1,96.8,96.0,96.1,98.6
SEALER-0024,1733,28:53,95.6,95.2,92.3,96.7,98.3,97.5,94.1,99.3,96.9,96.1,95.5,98.9
SEALER-0024,1734,28:54,96.3,95.3,90.8,96.0,99.1,97.3,93.1,98.4,97.9,96.8,95.3,99.2
SEALER-0024,1735,28:55,95.9,95.7,92.1,95.5,98.7,96.3,93.4,98.7,96.7,96.2,95.4,98.0
SEALER-0024,1736,28:56,95.1,95.2,92.4,95.4,99.3,96.6,92.8,99.1,96.8,96.4,95.3,98.2
SEALER-0024,1737,28:57,94.5,95.0,90.7,95.9,98.4,96.4,94.3,99.2,96.6,96.3,95.1,98.4
SEALER-0024,1738,28:58,95.2,95.4,91.0,95.5,97.6,95.3,92.4,97.1,95.9,95.2,93.7,98.2
SEALER-0024,1739,28:59,95.6,95.0,90.9,95.6,98.1,95.9,92.8,98.0,96.4,95.7,93.7,98.2
SEALER-0024,1740,29:00,94.8,94.8,91.3,95.4,98.5,96.0,92.1,96.4,96.4,95.9,94.4,97.2
SEALER-0024,1741,29:01,94.5,94.3,90.3,95.4,97.9,95.5,92.5,97.2,96.3,95.4,93.7,97.9
SEALER-0024,1742,29:02,95.0,93.7,90.2,94.3,97.6,95.5,92.1,96.1,96.4,94.4,93.9,97.1
SEALER-0024,1743,29:03,94.6,93.9,90.1,94.4,96.9,95.5,91.7,97.8,94.9,96.5,95.1,96.3
SEALER-0024,1744,29:04,94.2,94.2,90.1,94.1,97.2,95.1,91.8,97.2,95.1,94.7,92.8,96.9
SEALER-0024,1745,29:05,94.6,93.8,90.4,94.0,97.5,95.1,91.9,96.5,95.2,94.5,93.7,96.6
SEALER-0024,1746,29:06,93.8,94.3,89.9,93.7,96.6,95.0,92.2,97.0,95.1,94.3,93.0,96.3
SEALER-0024,1747,29:07,93.6,94.1,89.8,94.0,96.0,94.4,91.1,96.3,94.4,93.3,93.3,95.4
SEALER-0024,1748,29:08,93.1,93.6,90.0,93.8,97.0,94.8,91.2,96.3,94.5,93.4,93.8,96.5
SEALER-0024,1749,29:09,92.9,93.1,90.3,94.1,96.3,93.6,90.9,95.4,94.6,94.2,92.7,96.8
SEALER-0024,1750,29:10,93.6,93.9,89.3,93.4,95.2,93.5,90.9,96.4,94.6,94.3,92.8,95.9
SEALER-0024,1751,29:11,93.4,92.9,88.7,94.4,95.5,93.7,89.0,96.5,94.2,93.9,92.7,95.5
SEALER-0024,1752,29:12,93.4,93.4,88.7,93.3,96.4,94.3,90.2,95.9,93.9,93.8,92.4,95.8
SEALER-0024,1753,29:13,93.2,92.5,88.3,93.1,95.9,93.3,91.6,95.4,93.5,93.5,91.3,96.2
SEALER-0024,1754,29:14,93.5,92.9,88.7,93.2,96.1,93.2,90.0,94.8,93.8,93.7,91.1,94.9
SEALER-0024,1755,29:15,93.6,92.5,89.6,92.8,94.9,93.0,90.1,95.7,92.8,92.9,91.5,96.5
SEALER-0024,1756,29:16,92.2,91.9,88.9,92.3,94.8,92.6,88.8,94.9,93.1,92.9,91.3,94.9
SEALER-0024,1757,29:17,92.7,92.4,87.9,93.2,94.7,92.6,88.4,94.5,92.7,92.3,92.0,95.4
SEALER-0024,1758,29:18,92.5,91.7,88.2,92.3,94.4,92.9,89.6,94.1,94.1,92.9,91.6,95.4
SEALER-0024,1759,29:19,91.9,92.1,88.9,91.4,94.4,92.7,89.5,93.6,92.7,93.0,90.4,94.3
SEALER-0024,1760,29:20,91.9,91.6,88.9,91.6,94.5,92.9,88.8,94.0,93.3,92.1,90.5,95.5
SEALER-0024,1761,29:21,92.5,91.4,87.2,91.4,94.2,92.4,88.9,93.4,92.7,92.2,91.0,94.2
SEALER-0024,1762,29:22,91.6,91.2,87.0,92.3,94.2,92.5,89.3,93.3,93.5,92.4,90.2,95.0
SEALER-0024,1763,29:23,91.0,91.7,88.5,91.6,94.4,90.9,89.3,93.7,93.2,92.4,90.4,95.3
SEALER-0024,1764,29:24,92.3,91.0,87.5,91.8,92.5,91.7,88.4,93.4,91.8,91.6,89.6,93.4
SEALER-0024,1765,29:25,91.4,90.6,87.4,91.8,93.1,91.5,89.0,92.9,92.5,92.4,90.2,93.5
SEALER-0024,1766,29:26,91.4,91.1,87.1,91.0,93.1,91.2,87.5,92.8,90.7,91.2,89.1,93.9
SEALER-0024,1767,29:27,91.1,91.0,86.3,90.9,93.4,91.3,87.7,93.0,91.5,90.9,89.6,93.0
SEALER-0024,1768,29:28,91.6,90.4,87.5,91.8,93.1,91.3,87.9,92.4,91.4,91.5,89.2,93.0
SEALER-0024,1769,29:29,90.8,90.4,87.4,90.7,92.1,90.7,88.2,92.4,91.5,90.9,88.8,93.5
SEALER-0024,1770,29:30,90.5,89.9,86.9,91.0,91.6,90.9,87.9,92.7,90.9,90.9,89.5,93.4
SEALER-0024,1771,29:31,89.9,89.8,87.1,90.9,91.3,90.0,87.9,91.3,91.5,90.1,90.0,93.3
SEALER-0024,1772,29:32,90.0,90.0,86.6,90.2,92.3,90.9,86.6,92.6,91.2,90.2,89.0,92.1
SEALER-0024,1773,29:33,90.9,89.2,86.2,90.3,92.1,89.6,86.3,92.2,90.6,90.8,89.3,92.6
SEALER-0024,1774,29:34,89.2,89.1,85.6,90.2,91.6,90.8,86.8,91.9,90.5,90.0,88.9,92.5
SEALER-0024,1775,29:35,89.1,89.1,85.8,89.8,92.1,89.5,86.9,91.7,91.3,90.6,89.3,92.1
SEALER-0024,1776,29:36,89.8,89.8,85.7,89.4,91.9,88.9,87.0,91.5,90.4,90.0,87.5,91.7
SEALER-0024,1777,29:37,89.3,88.7,86.2,89.4,92.5,89.4,86.7,90.7,90.6,90.2,87.5,92.8
SEALER-0024,1778,29:38,89.5,88.4,85.8,89.3,91.2,88.4,86.4,90.9,90.1,90.2,88.5,92.2
SEALER-0024,1779,29:39,89.4,89.4,85.2,88.9,91.1,88.1,85.8,90.5,89.6,89.4,87.7,92.0
SEALER-0024,1780,29:40,89.5,88.1,85.6,89.4,90.6,89.0,86.3,90.4,89.6,89.5,87.4,91.8
SEALER-0024,1781,29:41,89.7,88.9,85.3,88.6,89.7,88.7,85.5,90.6,89.9,89.6,87.9,91.0
SEALER-0024,1782,29:42,88.5,87.8,85.4,88.5,91.4,89.4,85.0,90.2,89.6,89.0,87.5,90.9
SEALER-0024,1783,29:43,88.9,88.2,84.9,88.5,90.5,89.1,85.2,90.7,89.4,88.7,87.4,91.4
SEALER-0024,1784,29:44,88.8,87.3,83.8,87.8,89.6,88.1,85.9,90.2,89.2,89.3,87.2,91.0
SEALER-0024,1785,29:45,88.9,87.9,84.7,87.5,89.2,88.7,85.1,89.5,89.5,89.0,86.3,91.3
SEALER-0024,1786,29:46,89.5,88.0,83.8,87.4,89.6,87.3,85.6,89.3,88.4,88.3,87.5,90.9
SEALER-0024,1787,29:47,88.6,86.7,83.7,87.6,88.8,87.8,85.6,89.3,88.4,90.0,86.9,90.9
SEALER-0024,1788,29:48,89.2,88.0,84.7,87.1,88.7,87.4,84.2,89.4,88.6,88.4,86.3,91.2
SEALER-0024,1789,29:49,88.3,87.3,84.5,87.6,88.9,87.2,84.5,89.5,89.0,87.0,86.5,92.0
SEALER-0024,1790,29:50,88.3,86.1,83.7,87.4,89.0,86.8,85.4,87.8,88.8,87.8,85.8,91.2
SEALER-0024,1791,29:51,87.7,87.1,84.0,87.2,89.0,86.7,84.3,88.4,87.6,87.4,86.2,89.7
SEALER-0024,1792,29:52,88.3,87.4,83.5,87.1,88.4,86.5,84.6,88.3,88.2,87.4,86.4,89.8
SEALER-0024,1793,29:53,87.7,86.9,83.3,87.4,87.3,86.3,83.9,89.3,88.4,88.0,85.6,90.3
SEALER-0024,1794,29:54,87.2,86.4,84.1,87.7,88.9,86.0,83.8,87.9,87.0,87.3,85.8,90.0
SEALER-0024,1795,29:55,86.3,86.5,83.8,86.8,88.3,86.3,83.6,88.2,87.4,87.8,85.9,89.9
SEALER-0024,1796,29:56,87.9,85.3,83.0,86.5,88.6,86.0,83.4,87.7,87.7,87.4,84.2,90.1
SEALER-0024,1797,29:57,87.4,86.1,82.5,86.0,88.1,86.1,82.3,87.7,86.3,86.4,85.5,88.7
SEALER-0024,1798,29:58,87.1,84.7,82.9,85.9,87.9,86.0,82.5,86.4,87.2,86.5,85.0,88.3
SEALER-0024,1799,29:59,87.0,85.8,82.3,86.8,88.4,85.7,82.9,87.5,86.8,86.9,84.6,89.2
