trial_id,time_s,time_mmss,T_LH_HOOD,T_LH_FENDER,T_LH_FRONT_DOOR,T_LH_REAR_DOOR,T_LH_Q_P,T_LH_T_G,T_RH_T_G,T_RH_Q_P,T_RH_REAR_DOOR,T_RH_FR_DOOR,T_RH_FENDER,T_RH_HOOD
SEALER-0050,0,00:00,35.7,34.8,35.7,34.6,35.7,35.3,35.3,35.7,35.4,34.7,35.5,35.0
SEALER-0050,1,00:01,34.7,35.1,34.6,35.3,35.6,34.2,34.8,34.3,34.7,34.8,34.5,33.9
SEALER-0050,2,00:02,34.4,35.0,35.0,35.1,35.1,35.0,34.7,35.0,35.2,35.0,35.3,34.8
SEALER-0050,3,00:03,34.2,34.7,35.8,35.6,34.5,34.1,34.9,34.7,34.5,35.3,34.4,35.6
SEALER-0050,4,00:04,36.0,34.9,35.1,34.4,34.7,34.8,34.8,34.8,35.4,34.8,36.8,34.1
SEALER-0050,5,00:05,35.5,34.8,34.0,34.5,34.7,34.5,35.0,35.4,34.5,34.7,34.4,34.9
SEALER-0050,6,00:06,34.1,35.6,35.1,33.5,35.9,36.6,35.4,35.2,35.0,35.5,35.1,34.8
SEALER-0050,7,00:07,34.5,33.0,35.6,35.5,35.3,35.3,36.3,34.9,35.5,34.6,34.8,35.2
SEALER-0050,8,00:08,35.2,34.9,34.8,35.9,35.2,35.6,34.6,35.6,35.4,35.3,35.0,35.6
SEALER-0050,9,00:09,35.2,34.9,34.6,35.2,34.5,34.3,35.0,35.0,34.1,35.4,35.2,35.1
SEALER-0050,10,00:10,34.4,36.1,34.4,35.0,34.3,34.1,34.5,35.7,33.9,35.1,35.7,35.0
SEALER-0050,11,00:11,33.9,34.5,34.5,34.4,34.3,35.3,35.3,34.4,35.0,35.8,33.9,35.9
SEALER-0050,12,00:12,34.9,34.5,34.8,34.3,34.6,34.8,36.0,34.6,34.7,34.1,35.3,35.2
SEALER-0050,13,00:13,34.7,35.0,34.7,35.5,35.6,35.8,34.9,34.4,35.5,35.5,35.2,34.8
SEALER-0050,14,00:14,34.2,35.5,35.2,34.7,34.5,35.2,34.7,34.2,34.8,35.4,34.3,34.8
SEALER-0050,15,00:15,34.6,36.1,35.6,35.1,35.5,34.4,34.4,35.4,34.7,34.9,35.8,34.8
SEALER-0050,16,00:16,35.0,34.9,35.5,34.1,35.4,35.6,35.3,34.7,34.1,34.7,35.0,34.2
SEALER-0050,17,00:17,35.5,34.8,35.4,35.1,34.4,34.8,34.8,33.5,35.3,34.6,34.2,35.3
SEALER-0050,18,00:18,35.4,34.4,35.4,35.0,36.1,35.5,34.7,34.5,34.9,34.7,35.1,35.3
SEALER-0050,19,00:19,35.6,34.5,35.5,35.6,35.4,33.4,35.6,34.7,35.9,35.1,35.4,35.6
SEALER-0050,20,00:20,34.6,34.3,34.9,35.4,34.4,34.0,36.8,34.6,35.3,34.9,35.1,35.4
SEALER-0050,21,00:21,34.1,35.5,35.1,35.0,36.8,35.4,34.6,35.2,34.9,34.1,35.1,34.9
SEALER-0050,22,00:22,35.3,34.8,34.9,34.7,34.7,34.5,34.7,34.9,36.5,35.1,35.5,35.2
SEALER-0050,23,00:23,35.3,35.3,35.0,36.0,34.4,34.2,34.6,34.7,34.5,36.1,34.7,36.0
SEALER-0050,24,00:24,35.7,33.9,35.4,35.8,35.4,35.6,34.6,35.1,35.4,35.7,35.0,34.9
SEALER-0050,25,00:25,35.6,35.2,34.9,35.1,34.6,35.5,35.5,35.2,35.6,35.4,34.7,35.2
SEALER-0050,26,00:26,36.2,34.6,35.5,35.4,34.8,34.7,35.3,35.9,35.1,34.4,35.1,34.6
SEALER-0050,27,00:27,34.3,35.0,34.9,34.7,35.0,34.8,34.1,34.8,34.6,35.9,35.0,34.3
SEALER-0050,28,00:28,34.5,35.0,34.2,34.6,34.8,35.3,35.6,35.4,35.4,36.3,35.7,34.4
SEALER-0050,29,00:29,36.0,35.0,34.8,34.7,35.1,34.4,35.6,35.6,34.7,35.8,34.9,35.2
SEALER-0050,30,00:30,34.2,35.5,35.1,35.2,35.9,33.8,35.5,35.7,35.4,35.2,35.1,35.2
SEALER-0050,31,00:31,35.6,35.2,35.3,35.6,36.2,35.3,35.1,34.9,35.6,34.8,35.7,35.3
SEALER-0050,32,00:32,34.5,35.6,34.2,35.7,35.1,36.2,35.8,34.3,35.3,36.3,35.9,34.9
SEALER-0050,33,00:33,34.9,34.8,35.0,35.0,35.1,35.1,34.9,35.0,34.6,35.2,35.1,35.2
SEALER-0050,34,00:34,36.4,35.5,34.3,35.6,34.0,34.8,35.1,35.3,34.8,35.3,34.6,35.4
SEALER-0050,35,00:35,35.6,35.5,35.8,35.0,34.8,35.6,34.6,36.1,35.5,35.3,35.1,35.5
SEALER-0050,36,00:36,34.2,36.4,35.6,35.2,35.3,35.1,35.9,34.8,35.1,35.7,36.2,35.9
SEALER-0050,37,00:37,34.3,35.6,34.9,34.5,35.1,33.9,35.3,35.5,34.8,35.0,35.0,35.4
SEALER-0050,38,00:38,34.9,34.7,34.3,35.4,34.0,35.4,34.8,35.5,35.3,34.9,34.9,35.7
SEALER-0050,39,00:39,35.5,35.7,35.3,35.2,35.5,34.4,35.4,34.5,34.7,34.5,34.6,34.9
SEALER-0050,40,00:40,35.5,35.2,35.3,35.2,34.3,34.0,34.1,34.7,36.0,34.7,34.7,35.7
SEALER-0050,41,00:41,35.4,35.3,35.3,35.7,35.0,36.3,34.8,34.7,34.9,34.5,34.2,34.4
SEALER-0050,42,00:42,34.8,35.0,35.5,35.0,34.8,34.9,35.5,34.8,35.3,35.4,35.8,34.3
SEALER-0050,43,00:43,34.5,35.5,35.1,35.1,35.9,35.4,34.6,34.4,35.4,35.3,35.7,34.0
SEALER-0050,44,00:44,35.7,34.3,34.8,35.8,35.1,34.7,34.2,34.7,34.1,34.8,35.2,34.8
SEALER-0050,45,00:45,35.0,35.3,35.4,36.1,34.2,35.6,36.4,34.6,35.7,35.4,35.1,34.4
SEALER-0050,46,00:46,34.6,34.9,35.3,34.8,34.5,34.8,35.1,35.5,35.6,34.9,35.5,35.3
SEALER-0050,47,00:47,35.2,35.1,34.9,35.7,35.0,35.1,35.1,35.3,35.7,36.0,35.9,35.5
SEALER-0050,48,00:48,35.7,35.3,35.6,35.4,34.5,35.5,34.4,34.9,35.6,34.9,35.8,35.7
SEALER-0050,49,00:49,35.6,35.5,35.8,35.7,36.0,35.6,35.0,34.8,35.2,35.9,35.4,35.6
SEALER-0050,50,00:50,35.5,35.9,35.4,34.9,35.3,34.7,35.2,35.2,35.8,35.6,35.8,35.4
SEALER-0050,51,00:51,35.9,35.2,34.9,35.5,35.3,36.1,35.7,35.4,35.7,35.6,34.8,35.5
SEALER-0050,52,00:52,35.0,35.5,35.2,35.9,35.9,35.1,35.2,34.9,35.4,35.4,34.6,34.9
SEALER-0050,53,00:53,35.5,34.4,35.0,35.8,35.1,34.7,35.8,34.8,33.8,35.3,35.4,35.3
SEALER-0050,54,00:54,34.1,36.1,35.2,35.9,35.2,34.6,34.5,34.3,34.2,34.9,35.5,35.2
SEALER-0050,55,00:55,35.0,35.9,35.1,35.5,35.4,35.5,33.8,35.0,35.2,36.0,34.9,35.8
SEALER-0050,56,00:56,35.8,35.6,35.7,35.1,35.5,35.6,35.6,35.0,35.4,35.5,35.3,34.6
SEALER-0050,57,00:57,35.2,36.1,35.4,35.5,35.0,34.7,35.7,35.3,34.8,36.5,35.1,35.6
SEALER-0050,58,00:58,35.6,36.6,36.1,35.4,35.2,35.0,34.5,35.5,35.1,34.7,34.7,35.1
SEALER-0050,59,00:59,34.5,36.0,35.4,36.5,35.1,34.7,36.2,34.8,34.9,35.2,35.3,35.1
SEALER-0050,60,01:00,34.3,35.9,35.9,34.9,34.7,35.2,34.9,34.9,36.0,35.3,36.2,34.5
SEALER-0050,61,01:01,34.9,35.8,35.8,35.8,35.7,34.5,34.8,36.1,34.6,36.8,35.5,35.5
SEALER-0050,62,01:02,35.0,35.5,35.2,35.6,35.7,34.4,35.3,35.0,35.6,35.4,35.2,35.1
SEALER-0050,63,01:03,35.8,35.9,35.6,35.5,34.7,35.1,35.2,34.9,35.9,35.7,35.4,35.1
SEALER-0050,64,01:04,34.4,35.6,34.6,35.7,33.4,34.7,35.6,35.3,35.8,35.5,35.0,35.1
SEALER-0050,65,01:05,35.9,36.2,34.9,35.8,35.8,34.9,35.9,34.8,35.3,35.6,35.0,35.4
SEALER-0050,66,01:06,35.4,35.3,35.3,36.0,35.3,35.2,35.0,35.0,35.5,34.5,34.9,34.8
SEALER-0050,67,01:07,35.4,36.5,35.3,34.8,36.3,35.7,35.7,34.1,35.0,36.2,35.9,35.2
SEALER-0050,68,01:08,35.7,35.6,35.7,36.3,35.1,35.6,35.5,35.7,35.4,35.6,36.0,35.6
SEALER-0050,69,01:09,35.6,35.1,36.0,35.8,36.1,35.0,35.7,36.2,35.0,36.2,35.4,35.6
SEALER-0050,70,01:10,35.8,35.4,35.3,36.1,35.2,35.4,34.7,34.9,35.7,35.7,35.2,36.3
SEALER-0050,71,01:11,34.9,36.4,35.8,36.0,35.5,35.7,34.5,35.4,35.9,35.7,35.5,35.2
SEALER-0050,72,01:12,35.6,35.5,35.6,36.1,35.1,35.1,34.7,34.5,35.7,37.1,34.7,34.7
SEALER-0050,73,01:13,35.4,35.4,36.0,34.8,36.5,34.6,35.0,35.3,34.6,36.0,35.3,34.6
SEALER-0050,74,01:14,35.5,35.7,36.0,35.4,35.3,35.3,34.7,35.3,35.6,36.5,36.0,35.7
SEALER-0050,75,01:15,34.7,35.7,35.8,35.8,34.5,35.2,35.9,34.3,35.8,35.9,35.7,35.7
SEALER-0050,76,01:16,35.1,35.8,35.8,35.1,34.6,35.4,34.4,35.3,35.3,35.3,35.8,35.7
SEALER-0050,77,01:17,36.0,36.2,35.6,35.9,35.1,35.5,35.1,35.6,35.1,36.2,35.6,34.4
SEALER-0050,78,01:18,35.2,35.4,36.9,36.0,35.7,34.8,35.5,35.0,36.9,36.3,35.5,35.5
SEALER-0050,79,01:19,34.7,35.7,36.0,35.9,35.2,35.5,34.5,35.0,36.1,35.4,35.2,35.3
SEALER-0050,80,01:20,35.3,35.9,36.6,36.3,35.2,36.2,35.2,35.1,35.5,35.6,36.0,35.8
SEALER-0050,81,01:21,35.6,35.4,36.4,36.2,35.6,35.3,35.7,35.4,35.7,36.6,36.3,35.5
SEALER-0050,82,01:22,35.8,36.5,36.3,36.5,35.1,35.1,35.8,35.9,36.0,36.6,35.4,35.5
SEALER-0050,83,01:23,35.7,34.6,36.8,36.3,36.2,35.3,35.4,35.1,35.9,36.5,35.2,34.4
SEALER-0050,84,01:24,35.8,36.3,36.1,35.4,35.1,35.1,34.9,35.1,36.2,36.1,36.2,35.1
SEALER-0050,85,01:25,35.9,35.9,35.8,36.0,35.7,35.2,34.6,35.3,36.1,37.1,35.9,35.3
SEALER-0050,86,01:26,35.9,37.0,35.9,36.4,35.4,36.1,35.4,36.0,35.1,36.1,36.3,35.1
SEALER-0050,87,01:27,34.8,35.8,35.7,34.8,35.1,35.6,35.2,35.4,35.4,36.6,36.1,36.3
SEALER-0050,88,01:28,35.6,36.6,36.1,36.5,35.6,35.3,35.5,34.8,35.5,37.4,36.2,35.1
SEALER-0050,89,01:29,35.3,35.5,36.3,36.5,35.0,35.7,34.8,36.0,36.1,36.1,35.5,35.5
SEALER-0050,90,01:30,34.9,36.6,36.5,35.2,35.5,36.6,34.9,35.3,36.1,37.5,36.0,35.8
SEALER-0050,91,01:31,35.5,35.4,36.8,35.5,35.2,35.5,35.5,35.2,36.2,36.9,35.2,36.5
SEALER-0050,92,01:32,35.6,37.0,37.5,36.1,35.8,36.0,35.1,35.1,35.8,36.4,36.0,36.4
SEALER-0050,93,01:33,36.9,36.2,36.5,36.3,36.3,35.5,35.2,34.9,36.4,37.1,36.0,35.8
SEALER-0050,94,01:34,34.9,36.6,36.3,36.5,35.7,35.9,35.0,35.0,35.1,36.8,36.7,35.9
SEALER-0050,95,01:35,36.8,36.4,36.4,36.4,35.3,35.9,35.7,35.9,36.0,37.4,36.7,35.3
SEALER-0050,96,01:36,34.9,36.0,36.6,35.6,35.1,35.1,35.9,35.2,36.2,37.0,36.3,36.3
SEALER-0050,97,01:37,36.4,36.8,36.8,36.0,36.3,34.8,35.3,35.6,36.8,37.2,36.2,35.2
SEALER-0050,98,01:38,35.8,36.0,37.1,35.6,35.2,35.1,34.5,36.5,36.0,37.7,36.0,35.4
SEALER-0050,99,01:39,36.3,36.6,37.3,37.0,35.9,35.3,35.3,35.9,35.7,36.6,36.0,36.1
SEALER-0050,100,01:40,35.8,37.0,37.1,36.4,35.9,35.3,36.4,35.4,37.4,37.9,36.9,35.3
SEALER-0050,101,01:41,36.1,37.0,37.0,37.2,35.8,35.6,36.4,36.1,37.1,37.1,36.9,36.1
SEALER-0050,102,01:42,35.2,36.9,37.4,36.9,35.2,35.7,34.9,36.2,37.3,37.7,36.7,34.9
SEALER-0050,103,01:43,36.8,37.1,37.0,37.1,35.5,35.2,36.3,36.5,36.2,37.7,36.9,36.2
SEALER-0050,104,01:44,35.6,37.5,38.0,36.4,35.8,35.7,35.2,35.0,36.7,37.0,36.3,36.2
SEALER-0050,105,01:45,36.0,36.5,37.5,38.0,35.8,35.3,36.0,35.1,36.8,37.8,36.5,35.9
SEALER-0050,106,01:46,36.1,36.6,36.2,37.0,35.7,34.9,35.2,35.3,37.3,38.0,36.1,36.3
SEALER-0050,107,01:47,36.2,37.0,37.0,37.1,35.8,35.3,35.5,35.7,36.7,38.4,36.7,35.2
SEALER-0050,108,01:48,35.8,36.9,38.1,37.0,35.0,35.7,35.8,35.5,37.2,38.8,37.0,36.3
SEALER-0050,109,01:49,36.5,37.3,37.2,36.6,35.9,34.8,36.0,35.2,37.1,38.3,37.1,36.1
SEALER-0050,110,01:50,36.7,37.3,36.8,37.0,35.4,35.9,35.1,35.6,36.7,37.3,37.8,36.3
SEALER-0050,111,01:51,36.7,37.6,37.8,36.9,36.0,35.7,35.6,36.4,37.2,38.1,37.6,36.5
SEALER-0050,112,01:52,36.2,37.2,37.6,36.8,35.6,35.2,36.0,36.5,38.0,38.8,37.6,36.3
SEALER-0050,113,01:53,36.6,36.7,37.6,38.0,35.2,36.7,35.5,36.5,36.4,37.9,37.6,37.1
SEALER-0050,114,01:54,36.2,37.6,37.9,37.9,34.4,36.4,36.1,36.6,37.7,37.7,37.3,35.5
SEALER-0050,115,01:55,36.4,37.9,38.0,37.4,36.4,36.7,36.2,35.4,37.6,39.2,36.8,35.8
SEALER-0050,116,01:56,37.3,37.6,37.9,37.5,36.4,35.9,35.2,35.9,38.5,38.0,36.8,36.3
SEALER-0050,117,01:57,36.5,37.4,38.0,38.5,35.4,36.8,36.4,35.8,37.2,37.7,37.6,37.3
SEALER-0050,118,01:58,35.7,39.4,38.5,38.0,34.9,36.2,36.1,35.8,38.3,37.7,37.2,37.0
SEALER-0050,119,01:59,35.0,37.4,38.8,37.8,35.4,36.3,36.6,36.5,37.7,39.4,37.3,35.8
SEALER-0050,120,02:00,36.3,37.9,38.2,37.6,35.6,36.1,35.7,35.5,38.5,38.9,38.1,36.2
SEALER-0050,121,02:01,37.3,37.6,39.3,37.6,36.4,37.0,35.8,36.4,37.6,38.9,38.2,36.4
SEALER-0050,122,02:02,36.9,38.5,39.4,38.9,35.9,35.5,36.0,35.8,38.5,39.1,37.2,36.3
SEALER-0050,123,02:03,36.8,38.7,38.7,38.1,36.0,36.2,36.1,36.5,38.5,40.2,38.1,36.3
SEALER-0050,124,02:04,36.5,38.8,39.0,38.7,36.5,36.6,36.5,34.9,38.8,39.4,37.5,36.9
SEALER-0050,125,02:05,36.8,39.0,39.6,37.2,35.7,36.4,35.7,36.9,38.7,39.4,38.0,36.9
SEALER-0050,126,02:06,37.2,38.8,39.0,38.7,35.8,36.1,36.3,35.9,38.3,40.5,38.5,37.4
SEALER-0050,127,02:07,37.5,38.6,40.1,39.0,36.8,36.3,37.0,37.1,38.5,39.9,37.8,37.3
SEALER-0050,128,02:08,36.4,37.9,39.4,38.3,36.9,35.9,35.9,36.9,39.2,40.8,37.4,37.6
SEALER-0050,129,02:09,37.8,39.2,39.8,38.6,37.3,36.0,36.9,37.3,39.1,41.0,38.0,37.4
SEALER-0050,130,02:10,37.6,38.7,40.2,38.8,36.9,36.8,36.1,37.4,39.4,40.8,38.4,36.9
SEALER-0050,131,02:11,36.9,39.6,39.7,39.6,36.6,36.5,36.3,35.9,39.7,40.8,39.2,37.3
SEALER-0050,132,02:12,37.1,39.5,40.9,39.1,37.2,36.6,36.2,35.6,38.3,41.0,38.8,37.4
SEALER-0050,133,02:13,36.5,39.7,40.7,39.2,37.8,36.9,36.8,37.2,39.5,40.6,38.2,37.3
SEALER-0050,134,02:14,38.0,40.6,40.7,39.7,37.2,36.6,36.6,37.5,39.8,42.3,38.9,38.1
SEALER-0050,135,02:15,36.6,40.5,40.1,40.0,37.0,37.2,36.3,37.1,40.1,40.9,39.3,37.4
SEALER-0050,136,02:16,37.1,39.8,41.0,39.2,37.8,35.9,36.2,37.5,40.7,42.7,39.6,37.3
SEALER-0050,137,02:17,38.2,40.4,40.8,40.7,37.6,36.2,37.7,37.3,40.3,42.1,39.2,38.3
SEALER-0050,138,02:18,38.2,40.3,41.4,40.4,37.3,37.0,37.2,36.4,40.5,42.4,39.6,38.2
SEALER-0050,139,02:19,38.2,40.3,41.5,39.3,37.1,36.6,37.7,37.9,40.3,41.9,40.3,37.0
SEALER-0050,140,02:20,38.2,40.5,41.1,40.2,36.6,36.5,37.2,38.0,40.2,42.3,39.8,37.9
SEALER-0050,141,02:21,37.5,40.2,40.9,41.1,37.5,37.4,37.1,36.9,41.3,42.4,40.5,37.9
SEALER-0050,142,02:22,38.4,41.7,43.0,41.8,37.5,36.5,37.9,36.4,41.3,43.2,40.4,37.9
SEALER-0050,143,02:23,38.1,41.7,42.0,41.3,37.9,36.3,36.6,37.9,42.3,43.1,39.8,37.5
SEALER-0050,144,02:24,38.5,40.5,43.2,41.4,37.6,37.9,37.4,37.2,41.4,43.8,40.7,38.6
SEALER-0050,145,02:25,37.5,42.1,42.7,41.7,37.6,37.2,36.9,37.6,41.3,42.6,40.6,38.3
SEALER-0050,146,02:26,38.0,41.8,42.6,41.5,37.9,38.0,36.8,37.6,41.8,43.7,40.7,38.2
SEALER-0050,147,02:27,38.2,41.6,43.6,43.1,38.3,37.1,37.0,37.8,42.4,44.1,41.8,37.8
SEALER-0050,148,02:28,39.3,42.3,43.6,42.0,38.5,37.6,38.1,38.0,42.7,44.4,40.9,38.9
SEALER-0050,149,02:29,38.7,42.8,44.0,41.7,38.1,37.5,37.8,38.3,42.9,44.0,41.4,39.1
SEALER-0050,150,02:30,39.2,43.1,43.7,42.4,37.7,37.2,37.0,38.1,43.7,44.7,42.7,39.4
SEALER-0050,151,02:31,39.6,42.9,43.7,42.4,38.3,36.9,37.9,37.8,42.7,45.0,41.5,39.5
SEALER-0050,152,02:32,40.3,42.9,44.5,42.7,38.6,37.5,38.5,37.9,43.4,46.6,42.4,39.4
SEALER-0050,153,02:33,38.8,43.1,44.7,43.2,37.8,37.0,38.3,38.5,43.4,46.7,42.4,39.9
SEALER-0050,154,02:34,39.6,43.6,43.7,43.6,38.3,38.5,38.5,38.8,43.0,46.3,42.3,39.0
SEALER-0050,155,02:35,39.8,44.2,45.4,43.2,38.4,38.1,38.6,37.5,43.7,46.5,42.5,40.3
SEALER-0050,156,02:36,39.7,44.6,45.9,44.3,39.0,38.3,38.4,39.1,44.1,47.2,43.4,39.4
SEALER-0050,157,02:37,40.5,43.8,46.2,44.3,39.1,38.3,39.0,38.7,44.3,46.8,42.4,40.0
SEALER-0050,158,02:38,40.3,44.3,45.6,44.2,39.5,38.5,39.2,40.0,45.3,47.6,43.7,40.0
SEALER-0050,159,02:39,40.3,44.7,47.1,45.4,39.3,38.4,38.4,39.3,44.7,48.0,43.1,39.4
SEALER-0050,160,02:40,41.0,44.7,46.5,45.7,39.1,38.6,39.5,39.1,45.9,48.0,43.7,40.5
SEALER-0050,161,02:41,40.6,46.3,47.7,44.6,39.9,38.5,39.6,38.9,45.0,49.0,43.7,41.0
SEALER-0050,162,02:42,41.0,46.0,47.3,45.0,39.6,38.4,38.7,40.1,44.8,48.0,43.6,41.5
SEALER-0050,163,02:43,41.3,46.0,48.1,45.7,40.4,39.0,39.0,39.3,46.8,49.4,44.7,41.1
SEALER-0050,164,02:44,42.0,46.8,48.3,45.6,39.9,38.5,38.8,39.3,46.2,49.1,44.6,41.5
SEALER-0050,165,02:45,41.2,46.5,48.8,46.1,39.6,39.0,39.5,39.4,47.5,50.4,44.8,41.3
SEALER-0050,166,02:46,42.1,47.0,48.9,46.4,40.3,39.2,39.7,40.2,46.9,50.6,45.3,41.0
SEALER-0050,167,02:47,41.2,47.1,49.3,47.1,40.9,39.6,40.6,39.8,46.4,50.8,46.5,41.6
SEALER-0050,168,02:48,42.0,49.0,50.0,47.5,40.4,39.9,39.9,40.3,47.1,51.2,45.7,42.0
SEALER-0050,169,02:49,42.0,47.7,49.9,47.2,40.6,40.3,40.2,40.0,47.5,51.9,46.3,41.9
SEALER-0050,170,02:50,43.0,49.0,50.7,48.5,40.6,39.0,40.0,40.1,48.2,52.1,45.9,42.3
SEALER-0050,171,02:51,42.3,48.9,50.3,47.4,40.6,40.5,40.9,40.2,48.4,52.1,46.1,41.8
SEALER-0050,172,02:52,42.9,49.2,50.7,48.9,40.4,40.1,41.2,41.4,48.8,52.5,46.4,42.4
SEALER-0050,173,02:53,43.5,49.1,52.1,48.5,42.1,40.3,41.6,40.2,49.7,53.5,47.2,43.3
SEALER-0050,174,02:54,43.7,50.6,52.3,49.7,41.8,42.6,41.9,41.7,50.1,54.0,46.8,42.9
SEALER-0050,175,02:55,43.9,50.8,53.3,50.3,41.6,40.6,42.1,42.0,50.3,54.6,48.1,43.2
SEALER-0050,176,02:56,43.6,50.7,52.5,50.2,42.9,40.7,41.5,41.9,50.1,55.6,47.7,43.3
SEALER-0050,177,02:57,44.2,51.4,52.5,49.3,42.6,41.6,41.9,41.9,49.8,55.4,49.4,44.7
SEALER-0050,178,02:58,44.6,51.6,54.3,50.2,41.8,41.3,42.6,41.0,51.6,55.2,49.3,43.7
SEALER-0050,179,02:59,44.1,52.3,54.7,50.5,42.8,41.9,42.6,41.8,52.4,56.6,49.4,43.8
SEALER-0050,180,03:00,45.4,53.0,54.2,51.8,41.9,41.5,41.9,42.8,53.1,55.8,50.2,44.1
SEALER-0050,181,03:01,44.9,52.0,54.4,52.8,42.7,41.5,43.4,42.7,52.4,56.5,50.4,44.1
SEALER-0050,182,03:02,45.4,53.2,56.0,52.6,43.5,42.0,42.8,43.7,52.9,58.0,50.8,45.9
SEALER-0050,183,03:03,45.2,53.6,55.9,52.6,43.4,41.7,43.3,43.2,54.2,56.8,51.2,44.9
SEALER-0050,184,03:04,46.1,54.2,55.6,52.5,44.2,42.4,42.5,43.0,54.1,58.2,51.7,45.5
SEALER-0050,185,03:05,46.0,54.6,56.0,53.0,44.3,41.9,43.6,43.6,55.0,59.3,50.9,46.5
SEALER-0050,186,03:06,47.3,54.9,57.2,54.5,44.0,43.4,45.1,44.0,55.5,58.6,52.0,46.3
SEALER-0050,187,03:07,46.6,56.1,57.6,54.7,44.6,42.4,45.1,43.1,55.0,59.9,51.8,47.9
SEALER-0050,188,03:08,47.8,56.2,58.2,54.2,45.3,42.7,44.1,44.8,56.7,61.1,53.1,47.3
SEALER-0050,189,03:09,47.3,57.1,58.4,55.7,44.7,43.2,44.9,45.7,56.0,61.1,53.3,47.5
SEALER-0050,190,03:10,47.4,56.3,59.2,55.5,45.4,44.5,45.2,45.2,57.4,61.5,54.6,47.6
SEALER-0050,191,03:11,48.9,57.5,60.4,55.8,44.7,44.0,45.6,46.0,56.1,62.5,54.8,48.7
SEALER-0050,192,03:12,49.0,58.2,60.6,56.5,45.0,44.6,45.8,46.1,57.8,62.5,54.8,48.7
SEALER-0050,193,03:13,49.0,58.7,60.5,57.6,46.6,43.9,46.2,46.6,58.6,63.2,54.9,48.9
SEALER-0050,194,03:14,49.8,58.7,60.7,57.6,47.6,43.9,46.8,46.9,57.7,64.0,56.1,49.6
SEALER-0050,195,03:15,50.2,59.4,63.0,58.0,47.5,45.6,47.2,46.7,59.2,63.6,56.0,50.0
SEALER-0050,196,03:16,50.1,59.3,62.5,58.3,46.4,45.2,47.5,47.8,58.9,64.2,56.2,50.0
SEALER-0050,197,03:17,50.5,59.5,62.5,58.9,47.5,46.5,47.8,47.6,60.6,65.2,56.9,50.8
SEALER-0050,198,03:18,50.4,60.7,63.1,59.3,47.8,46.3,47.2,48.0,61.0,65.9,57.5,51.1
SEALER-0050,199,03:19,50.4,61.2,63.9,60.6,47.9,46.3,49.5,48.8,61.0,66.0,57.5,50.9
SEALER-0050,200,03:20,51.8,61.6,64.5,59.5,48.1,46.0,48.8,49.0,62.2,66.2,58.9,51.7
SEALER-0050,201,03:21,52.6,62.3,64.3,61.2,49.2,47.8,48.7,49.1,62.4,66.5,58.5,51.3
SEALER-0050,202,03:22,53.1,63.0,65.6,60.9,49.6,48.4,48.9,49.7,62.1,67.4,59.3,52.2
SEALER-0050,203,03:23,52.4,62.9,65.3,60.8,49.2,47.8,49.2,49.5,63.3,67.9,60.1,53.1
SEALER-0050,204,03:24,53.5,64.9,66.2,61.9,50.2,48.4,50.4,50.0,63.7,69.3,59.6,54.1
SEALER-0050,205,03:25,53.7,64.2,66.7,62.7,50.2,48.6,50.0,50.2,64.4,69.6,60.1,53.5
SEALER-0050,206,03:26,53.1,64.5,67.6,62.6,50.8,49.2,50.3,49.9,64.9,70.7,60.9,54.6
SEALER-0050,207,03:27,54.5,66.6,67.6,63.8,51.6,49.9,51.3,51.7,65.6,71.0,62.6,54.7
SEALER-0050,208,03:28,55.2,65.7,67.9,64.3,52.1,49.6,50.7,50.2,64.8,71.4,62.7,55.6
SEALER-0050,209,03:29,54.6,67.5,69.0,64.2,52.7,50.3,52.2,51.8,65.8,72.5,61.2,55.5
SEALER-0050,210,03:30,55.6,67.1,68.6,64.5,52.8,49.7,51.6,51.9,67.1,71.5,62.8,56.1
SEALER-0050,211,03:31,56.0,68.6,69.9,65.5,53.5,51.2,52.3,53.4,66.7,72.8,63.3,55.8
SEALER-0050,212,03:32,56.5,68.2,69.7,65.3,54.0,51.1,52.1,52.8,68.1,73.5,64.2,56.9
SEALER-0050,213,03:33,57.2,68.9,71.2,66.4,54.3,51.3,52.8,53.0,68.4,73.1,65.2,56.4
SEALER-0050,214,03:34,57.0,70.3,70.2,65.9,55.0,52.1,54.1,53.9,69.3,73.4,63.7,57.8
SEALER-0050,215,03:35,57.4,69.6,71.4,67.3,54.0,53.1,54.2,53.0,69.4,74.1,65.5,58.2
SEALER-0050,216,03:36,58.6,69.8,71.3,67.6,55.3,52.8,55.0,54.5,69.1,75.3,65.5,58.6
SEALER-0050,217,03:37,58.1,70.4,72.5,67.5,55.3,53.2,54.6,55.6,70.7,75.6,66.3,58.3
SEALER-0050,218,03:38,60.0,70.8,72.9,68.0,56.2,53.7,55.8,55.5,71.3,75.4,65.7,58.4
SEALER-0050,219,03:39,60.0,71.5,72.8,68.7,55.5,53.5,56.7,56.4,71.3,77.4,66.9,60.6
SEALER-0050,220,03:40,60.2,71.4,74.9,69.3,56.6,55.0,57.3,57.0,71.4,77.4,67.5,60.3
SEALER-0050,221,03:41,60.6,72.7,74.9,69.7,56.8,54.5,57.5,57.1,73.2,77.4,68.4,60.2
SEALER-0050,222,03:42,60.7,73.8,74.6,70.1,58.3,55.6,57.3,56.9,73.3,78.1,68.3,60.9
SEALER-0050,223,03:43,60.8,74.0,75.5,71.2,59.4,55.5,58.2,58.3,73.6,77.8,68.7,61.9
SEALER-0050,224,03:44,62.2,74.2,75.7,71.3,58.9,56.4,58.9,57.7,74.0,78.9,69.5,62.0
SEALER-0050,225,03:45,62.5,74.5,76.9,72.3,59.8,56.1,58.4,59.0,74.5,79.8,69.9,63.1
SEALER-0050,226,03:46,62.7,75.7,76.8,71.7,61.2,57.7,59.9,59.0,75.6,79.8,70.6,63.0
SEALER-0050,227,03:47,63.6,77.3,77.6,72.8,60.8,57.9,60.4,59.5,75.1,80.9,71.3,64.0
SEALER-0050,228,03:48,63.3,77.5,77.7,72.7,61.1,57.5,60.8,59.5,76.4,81.3,71.0,64.7
SEALER-0050,229,03:49,63.5,77.3,78.2,72.5,62.1,58.1,60.4,60.3,76.3,80.6,72.4,66.2
SEALER-0050,230,03:50,64.7,77.9,78.4,73.6,62.3,59.2,61.5,60.8,77.0,81.6,72.5,65.3
SEALER-0050,231,03:51,65.1,76.2,79.4,73.2,63.1,59.5,62.4,61.1,77.1,81.8,73.0,65.0
SEALER-0050,232,03:52,64.2,79.3,79.3,75.0,63.2,60.9,63.0,62.3,77.3,82.6,73.1,66.3
SEALER-0050,233,03:53,65.6,78.4,79.9,74.7,64.1,61.3,63.8,61.9,78.1,82.3,74.1,67.0
SEALER-0050,234,03:54,66.2,78.8,79.4,75.7,64.4,61.8,64.1,63.0,78.6,83.4,74.2,66.1
SEALER-0050,235,03:55,66.4,78.7,80.1,75.1,65.0,61.0,64.2,64.1,79.0,82.9,74.4,68.0
SEALER-0050,236,03:56,68.4,80.2,81.1,76.8,66.4,62.4,65.0,64.9,79.1,84.7,74.4,68.4
SEALER-0050,237,03:57,67.5,80.0,81.3,76.3,64.7,63.9,65.8,64.0,80.1,84.4,75.3,68.5
SEALER-0050,238,03:58,68.2,81.1,81.6,76.4,65.5,63.9,66.3,64.9,80.8,85.0,75.0,69.6
SEALER-0050,239,03:59,68.0,80.6,82.6,76.7,67.0,64.0,67.1,64.7,81.4,85.5,76.5,69.4
SEALER-0050,240,04:00,69.1,81.4,82.6,77.4,66.9,64.3,67.0,65.3,81.1,84.9,76.7,69.6
SEALER-0050,241,04:01,69.1,81.6,83.0,76.7,67.7,64.9,67.6,65.9,81.8,86.1,77.4,70.7
SEALER-0050,242,04:02,70.2,81.9,82.6,76.8,68.3,64.8,69.0,67.6,82.1,86.5,76.9,70.8
SEALER-0050,243,04:03,70.3,83.2,83.7,77.6,69.3,65.6,69.2,67.4,82.0,86.0,78.1,71.4
SEALER-0050,244,04:04,70.4,84.0,84.2,77.3,69.0,67.0,70.3,67.3,83.0,87.4,78.2,72.1
SEALER-0050,245,04:05,71.3,82.9,83.2,78.5,70.8,67.1,69.6,68.3,83.5,86.2,78.3,71.8
SEALER-0050,246,04:06,71.5,84.7,85.1,78.9,71.2,68.1,70.4,68.0,83.8,86.9,77.6,72.8
SEALER-0050,247,04:07,71.6,84.2,84.8,79.1,71.5,68.8,71.6,68.6,83.3,87.3,79.3,72.0
SEALER-0050,248,04:08,72.0,84.6,84.0,79.0,71.4,69.1,71.9,69.9,83.9,87.9,79.3,74.0
SEALER-0050,249,04:09,72.3,85.2,85.5,79.5,73.1,69.3,71.9,71.3,84.5,88.0,79.8,73.4
SEALER-0050,250,04:10,73.0,85.7,85.2,79.9,72.7,70.1,73.1,70.6,84.2,88.3,80.6,73.4
SEALER-0050,251,04:11,73.5,85.7,85.2,80.6,72.6,70.1,73.1,72.4,85.3,87.9,80.8,74.8
SEALER-0050,252,04:12,73.3,86.9,86.3,81.2,74.1,71.1,73.9,71.4,86.5,88.9,81.0,75.1
SEALER-0050,253,04:13,73.7,86.4,86.5,80.5,74.4,70.7,75.1,70.8,85.2,88.8,81.0,75.3
SEALER-0050,254,04:14,74.2,86.9,87.2,80.9,74.4,71.9,75.1,73.0,86.8,89.6,81.6,75.7
SEALER-0050,255,04:15,74.4,87.2,87.0,81.2,75.6,72.7,75.9,72.0,86.9,89.6,82.1,75.8
SEALER-0050,256,04:16,74.9,87.6,86.8,81.9,75.8,73.0,76.0,72.2,86.8,90.7,81.9,76.6
SEALER-0050,257,04:17,76.1,87.8,87.4,82.2,76.0,73.3,76.4,73.4,86.7,91.0,82.1,77.3
SEALER-0050,258,04:18,75.8,88.3,88.5,82.4,76.3,74.1,77.4,73.2,86.7,90.7,82.6,78.3
SEALER-0050,259,04:19,75.8,88.3,89.4,82.9,77.4,76.3,77.6,74.8,87.5,90.6,83.1,77.7
SEALER-0050,260,04:20,76.7,87.5,87.6,83.7,77.4,75.2,78.7,74.7,88.0,91.6,83.7,78.0
SEALER-0050,261,04:21,75.8,89.2,87.7,83.1,78.4,75.0,78.2,74.9,88.3,91.2,83.9,79.1
SEALER-0050,262,04:22,77.7,88.4,87.8,83.6,79.3,76.7,79.4,76.0,88.5,91.5,84.0,78.4
SEALER-0050,263,04:23,77.2,88.7,88.8,83.8,79.8,76.1,79.7,75.7,88.9,91.8,83.9,79.1
SEALER-0050,264,04:24,77.7,89.6,89.2,83.8,80.2,76.4,81.2,76.6,88.6,91.2,83.9,81.8
SEALER-0050,265,04:25,77.7,89.2,88.8,83.5,80.0,77.5,80.8,77.1,88.2,93.4,85.0,79.4
SEALER-0050,266,04:26,78.4,89.4,89.3,84.2,80.8,78.3,82.6,77.6,89.4,91.9,84.9,80.2
SEALER-0050,267,04:27,78.4,90.2,89.7,84.3,80.6,78.6,81.3,78.7,90.1,92.8,84.5,80.2
SEALER-0050,268,04:28,78.4,90.5,89.8,84.7,81.7,78.9,82.4,77.9,89.6,92.8,85.5,81.0
SEALER-0050,269,04:29,79.0,90.4,90.4,85.0,81.3,79.1,83.1,77.7,89.6,92.1,85.3,81.6
SEALER-0050,270,04:30,79.5,91.4,90.0,84.4,81.5,79.4,83.1,78.7,90.5,93.0,85.2,80.8
SEALER-0050,271,04:31,79.1,92.2,90.7,86.0,83.4,80.6,83.8,78.9,90.6,93.4,85.7,81.8
SEALER-0050,272,04:32,80.4,92.3,90.4,85.1,82.6,80.9,83.2,79.2,90.7,93.1,86.7,82.2
SEALER-0050,273,04:33,80.5,91.6,91.5,85.5,82.6,80.8,84.2,79.5,90.6,93.5,85.7,83.3
SEALER-0050,274,04:34,81.5,91.4,90.7,85.7,83.3,82.6,85.3,80.0,91.4,93.9,86.1,83.2
SEALER-0050,275,04:35,81.4,91.7,90.9,86.5,83.9,81.5,85.2,80.2,90.8,94.3,87.3,83.7
SEALER-0050,276,04:36,80.5,92.0,90.6,86.1,84.3,82.3,85.7,81.5,91.0,93.3,87.0,84.1
SEALER-0050,277,04:37,80.9,91.8,90.4,85.4,85.2,83.0,86.4,81.6,91.1,93.7,86.4,83.2
SEALER-0050,278,04:38,81.8,92.7,91.5,86.6,85.1,83.5,85.2,80.7,91.8,94.1,87.0,82.9
SEALER-0050,279,04:39,82.7,92.7,92.4,86.4,85.0,83.5,87.6,81.0,91.5,94.2,87.0,84.7
SEALER-0050,280,04:40,81.3,93.2,91.8,85.6,86.7,84.5,86.9,81.6,92.0,94.5,87.1,84.2
SEALER-0050,281,04:41,82.3,94.0,92.5,86.4,87.1,84.1,87.5,82.5,91.7,95.0,88.5,85.1
SEALER-0050,282,04:42,82.4,92.4,91.9,86.6,86.9,85.9,87.3,82.4,92.3,94.4,88.1,84.3
SEALER-0050,283,04:43,81.9,92.0,92.1,87.0,87.0,85.8,88.6,82.2,92.6,94.4,87.9,84.8
SEALER-0050,284,04:44,83.9,93.7,92.3,87.6,87.2,85.7,88.6,83.0,93.4,94.3,87.7,85.7
SEALER-0050,285,04:45,83.4,93.9,92.5,86.7,88.0,85.9,89.6,82.9,92.9,94.5,88.3,85.5
SEALER-0050,286,04:46,83.7,93.9,93.3,86.7,88.0,86.1,89.5,83.6,93.2,95.4,88.2,86.4
SEALER-0050,287,04:47,84.1,93.6,94.0,86.6,87.6,86.7,89.5,83.7,93.1,95.0,88.3,86.6
SEALER-0050,288,04:48,84.1,93.6,92.9,86.8,88.5,86.8,90.0,83.8,93.3,94.9,87.8,85.7
SEALER-0050,289,04:49,83.7,94.6,92.9,87.7,88.8,87.3,89.7,84.3,92.9,95.9,88.8,87.3
SEALER-0050,290,04:50,83.8,94.1,93.1,87.2,89.4,88.2,91.3,85.7,94.3,94.7,89.5,87.0
SEALER-0050,291,04:51,83.3,95.0,93.2,88.2,89.6,88.4,92.3,85.2,93.8,96.1,89.1,87.3
SEALER-0050,292,04:52,84.2,94.2,93.1,87.2,90.0,88.3,91.0,85.2,93.9,95.9,89.4,86.7
SEALER-0050,293,04:53,84.3,95.7,92.8,88.2,90.5,88.0,92.7,85.3,93.4,96.3,88.9,86.7
SEALER-0050,294,04:54,84.5,94.9,93.5,87.7,90.0,88.6,92.7,85.5,94.4,95.5,90.2,87.9
SEALER-0050,295,04:55,85.4,94.6,92.7,87.6,90.6,88.7,92.1,86.1,94.9,96.1,90.8,87.6
SEALER-0050,296,04:56,84.9,95.1,93.3,88.4,90.8,89.2,91.3,85.7,93.8,96.2,89.5,87.5
SEALER-0050,297,04:57,85.2,95.7,93.1,88.4,91.5,89.1,91.0,85.8,95.2,96.6,89.6,86.7
SEALER-0050,298,04:58,87.0,95.7,93.7,88.5,90.4,90.6,93.6,86.5,95.6,96.7,89.6,88.7
SEALER-0050,299,04:59,84.6,95.6,94.1,88.2,91.5,90.0,94.0,86.7,94.5,96.7,90.8,88.0
SEALER-0050,300,05:00,84.7,95.8,93.4,88.3,91.4,90.5,93.5,86.9,93.9,96.5,90.2,88.3
SEALER-0050,301,05:01,85.8,96.0,93.9,88.6,92.1,90.6,93.7,86.8,94.3,96.4,89.7,87.8
SEALER-0050,302,05:02,85.8,97.0,93.6,88.2,92.4,90.6,93.4,86.7,94.4,96.1,88.7,89.5
SEALER-0050,303,05:03,86.3,95.7,94.2,88.5,92.3,91.6,94.8,86.6,95.1,96.5,91.2,88.4
SEALER-0050,304,05:04,85.4,96.1,93.8,88.7,92.4,91.3,94.7,86.9,94.1,97.3,90.4,89.5
SEALER-0050,305,05:05,86.0,96.0,93.9,88.0,92.9,91.8,94.4,86.6,95.2,97.2,91.0,89.4
SEALER-0050,306,05:06,86.2,95.5,94.9,87.8,92.8,90.9,95.3,87.4,95.2,96.8,90.0,88.8
SEALER-0050,307,05:07,86.4,96.7,93.6,89.2,92.3,92.2,95.5,85.9,95.3,96.1,90.8,89.8
SEALER-0050,308,05:08,86.0,95.9,94.5,88.1,93.1,91.2,94.9,86.5,95.6,96.5,90.7,89.9
SEALER-0050,309,05:09,86.5,95.9,94.3,89.3,93.5,92.0,95.7,88.5,95.3,96.3,90.3,89.9
SEALER-0050,310,05:10,86.2,96.4,94.4,89.6,93.6,93.2,96.5,87.9,95.9,96.5,90.4,89.9
SEALER-0050,311,05:11,87.3,96.8,95.0,88.9,94.5,92.9,95.2,89.0,96.3,97.9,90.4,88.9
SEALER-0050,312,05:12,87.6,96.5,95.6,90.3,93.0,92.7,96.6,88.7,94.4,97.0,91.3,89.7
SEALER-0050,313,05:13,87.1,96.0,92.8,89.3,94.5,92.3,96.6,89.1,95.7,96.8,91.0,89.1
SEALER-0050,314,05:14,86.6,96.8,95.4,88.4,93.0,93.2,96.1,88.7,96.5,97.2,91.6,90.7
SEALER-0050,315,05:15,86.7,96.5,94.6,89.9,95.2,93.3,96.6,88.3,96.1,97.1,90.8,91.0
SEALER-0050,316,05:16,86.4,96.2,94.5,89.5,95.3,94.0,96.5,89.2,95.7,97.3,90.2,89.7
SEALER-0050,317,05:17,87.3,96.9,94.4,89.8,94.9,94.2,98.0,89.4,96.4,97.1,91.0,90.8
SEALER-0050,318,05:18,87.1,96.6,95.2,89.6,93.9,94.2,96.1,89.3,96.1,97.5,91.0,91.3
SEALER-0050,319,05:19,87.3,96.6,94.9,89.5,94.5,94.5,97.0,89.4,95.5,97.3,91.7,91.2
SEALER-0050,320,05:20,87.5,96.6,94.9,90.0,94.7,95.4,97.3,89.3,96.3,97.4,91.8,90.7
SEALER-0050,321,05:21,87.7,95.9,94.6,88.8,94.8,93.2,97.9,89.3,95.4,97.5,92.4,90.7
SEALER-0050,322,05:22,87.5,96.5,95.3,89.2,95.1,93.6,97.4,89.3,96.4,97.0,91.0,90.9
SEALER-0050,323,05:23,87.4,97.7,94.7,89.7,95.3,95.2,98.8,89.7,95.5,97.4,91.3,91.3
SEALER-0050,324,05:24,87.5,95.8,95.5,89.3,95.3,94.0,98.4,89.3,96.2,98.0,91.9,91.1
SEALER-0050,325,05:25,86.4,98.3,95.0,90.4,95.0,95.6,97.3,90.5,95.6,97.7,91.2,90.8
SEALER-0050,326,05:26,87.0,97.2,94.8,89.9,95.6,95.3,98.3,90.2,97.3,97.3,92.7,90.5
SEALER-0050,327,05:27,87.3,97.7,95.3,90.2,95.0,95.4,98.0,90.8,95.9,98.1,92.0,91.4
SEALER-0050,328,05:28,87.6,97.9,94.1,89.2,95.9,95.2,98.1,89.8,96.6,98.3,91.8,91.4
SEALER-0050,329,05:29,88.8,96.9,95.6,89.6,95.4,96.1,98.4,90.0,96.9,96.6,92.4,91.4
SEALER-0050,330,05:30,88.8,96.7,95.8,90.3,95.8,96.2,98.5,90.9,95.8,97.6,92.4,91.1
SEALER-0050,331,05:31,88.3,96.9,94.8,89.4,96.5,95.7,98.4,89.8,96.6,97.2,91.5,91.2
SEALER-0050,332,05:32,88.0,97.2,95.5,89.9,96.3,95.9,99.2,89.6,96.2,98.4,91.4,90.9
SEALER-0050,333,05:33,87.6,96.6,95.4,90.0,96.3,96.6,99.6,90.6,96.8,97.5,91.6,91.2
SEALER-0050,334,05:34,87.6,97.0,95.7,90.1,96.2,95.5,98.7,91.4,96.9,98.6,91.6,92.6
SEALER-0050,335,05:35,87.3,97.6,94.8,89.9,97.0,96.1,97.7,90.8,96.1,98.3,92.0,92.1
SEALER-0050,336,05:36,88.1,97.6,94.7,89.6,96.1,95.8,99.4,90.7,96.4,97.7,91.6,92.7
SEALER-0050,337,05:37,87.8,97.0,95.4,89.6,97.5,95.2,99.1,90.7,96.5,98.5,91.1,92.3
SEALER-0050,338,05:38,88.0,98.6,95.1,89.6,97.2,95.3,99.2,90.7,96.3,98.1,93.4,92.2
SEALER-0050,339,05:39,88.4,96.9,95.7,90.5,96.8,96.5,99.3,90.8,97.4,98.3,91.8,91.3
SEALER-0050,340,05:40,87.5,97.1,94.3,90.6,96.8,96.8,99.5,91.5,97.2,98.3,92.3,92.3
SEALER-0050,341,05:41,88.2,97.7,95.5,90.1,97.6,96.7,99.9,91.3,95.9,98.5,91.6,92.1
SEALER-0050,342,05:42,88.6,97.7,95.6,89.6,97.3,96.6,100.5,91.1,97.0,98.7,91.7,91.9
SEALER-0050,343,05:43,88.2,97.5,95.8,89.8,95.7,97.0,100.6,90.7,96.1,97.8,92.4,92.1
SEALER-0050,344,05:44,88.3,97.3,95.1,90.0,97.5,97.2,100.3,91.3,96.5,98.7,91.5,91.9
SEALER-0050,345,05:45,88.4,97.2,96.1,90.9,97.0,97.4,99.7,91.3,97.2,97.9,92.6,92.2
SEALER-0050,346,05:46,88.8,98.5,96.4,89.4,96.6,97.6,100.1,91.1,96.6,98.8,92.9,91.7
SEALER-0050,347,05:47,88.1,97.2,96.5,90.0,96.4,97.2,100.3,91.1,96.2,98.0,92.3,91.7
SEALER-0050,348,05:48,87.9,97.5,95.3,89.9,97.5,97.5,100.3,91.4,97.5,98.2,92.0,93.1
SEALER-0050,349,05:49,88.6,97.4,95.0,90.4,98.0,97.6,100.2,91.1,97.8,97.9,92.0,91.9
SEALER-0050,350,05:50,88.6,96.7,95.4,90.0,97.4,97.1,100.9,91.7,97.2,99.0,91.7,92.7
SEALER-0050,351,05:51,88.8,97.5,96.4,90.3,97.8,97.3,101.0,91.7,97.1,97.2,92.5,92.3
SEALER-0050,352,05:52,88.7,97.7,95.6,90.2,97.7,97.4,100.0,92.2,96.7,98.1,92.0,92.2
SEALER-0050,353,05:53,88.6,98.7,95.7,90.0,97.9,97.0,101.1,91.1,96.9,98.8,92.9,92.7
SEALER-0050,354,05:54,87.8,98.1,95.8,90.2,97.7,97.7,100.7,92.5,95.8,97.5,91.7,93.6
SEALER-0050,355,05:55,88.7,98.1,95.5,90.6,97.1,96.7,99.8,91.6,97.6,98.4,91.5,92.2
SEALER-0050,356,05:56,88.3,97.8,94.9,90.7,97.7,99.4,100.9,91.9,96.6,97.3,92.3,92.3
SEALER-0050,357,05:57,88.2,97.1,96.5,89.6,98.4,98.1,100.9,92.2,96.4,97.4,92.5,92.3
SEALER-0050,358,05:58,88.6,98.6,95.6,91.1,97.8,98.2,100.8,92.4,97.4,98.9,91.7,93.5
SEALER-0050,359,05:59,88.5,98.3,95.6,90.3,97.6,97.8,100.6,91.1,97.9,98.4,92.0,92.3
SEALER-0050,360,06:00,89.4,97.4,95.1,90.7,97.6,97.9,101.1,91.6,96.8,97.9,92.8,92.5
SEALER-0050,361,06:01,89.5,98.7,96.2,90.0,98.1,98.2,101.6,91.6,96.1,98.9,93.2,93.8
SEALER-0050,362,06:02,87.9,97.8,96.2,90.7,98.4,98.9,100.8,91.6,97.5,98.8,92.1,92.9
SEALER-0050,363,06:03,88.4,98.5,95.7,90.0,98.1,98.4,100.6,91.7,97.4,98.1,93.3,92.4
SEALER-0050,364,06:04,88.6,98.1,95.9,90.4,98.1,98.8,101.7,91.9,97.0,97.8,91.5,93.9
SEALER-0050,365,06:05,87.8,98.9,96.7,90.8,97.8,98.6,101.3,92.3,97.0,99.5,92.9,92.8
SEALER-0050,366,06:06,88.9,98.1,96.0,91.0,97.9,98.7,100.4,90.9,97.3,97.9,92.8,92.4
SEALER-0050,367,06:07,89.1,96.8,95.7,90.9,98.7,98.6,100.9,92.7,97.0,97.7,92.6,92.6
SEALER-0050,368,06:08,87.7,98.0,96.4,90.4,98.2,98.2,100.7,92.2,97.4,98.0,93.1,92.9
SEALER-0050,369,06:09,88.6,97.8,95.6,90.1,98.0,97.6,101.1,92.6,97.4,98.1,92.7,92.9
SEALER-0050,370,06:10,88.9,97.7,95.7,90.8,97.6,98.5,101.5,91.8,96.5,98.9,91.5,92.8
SEALER-0050,371,06:11,89.2,97.4,95.4,91.1,98.4,99.1,101.6,93.0,97.3,98.6,92.5,91.9
SEALER-0050,372,06:12,89.0,98.5,95.2,90.3,99.5,97.8,101.4,91.9,97.4,98.1,93.1,93.3
SEALER-0050,373,06:13,89.4,98.3,97.2,90.3,98.9,98.7,101.7,91.7,97.4,98.5,93.2,93.3
SEALER-0050,374,06:14,88.7,98.3,96.1,90.0,98.6,98.3,101.8,93.0,97.1,99.3,92.2,93.9
SEALER-0050,375,06:15,89.2,98.2,96.9,91.5,98.0,99.4,101.4,92.4,96.1,98.9,93.2,93.6
SEALER-0050,376,06:16,88.8,98.5,95.5,91.3,97.8,99.0,102.1,92.6,96.5,98.5,93.8,93.7
SEALER-0050,377,06:17,88.4,98.5,96.3,90.5,98.7,98.3,100.8,92.4,97.2,97.8,92.4,92.1
SEALER-0050,378,06:18,89.0,98.5,96.1,89.9,98.3,97.8,100.5,92.4,95.8,98.0,93.2,92.7
SEALER-0050,379,06:19,89.3,98.8,96.5,90.7,97.8,97.9,101.3,92.7,97.3,97.7,92.8,92.3
SEALER-0050,380,06:20,89.4,98.2,95.6,90.6,98.5,98.2,101.1,91.7,96.4,98.7,92.5,92.7
SEALER-0050,381,06:21,89.0,98.4,95.5,91.5,98.8,98.9,102.4,92.6,96.5,101.2,92.1,93.0
SEALER-0050,382,06:22,89.4,98.1,96.1,89.9,98.4,98.7,101.9,91.9,97.4,102.3,92.5,93.3
SEALER-0050,383,06:23,90.2,98.0,96.9,90.9,97.8,98.3,102.6,92.7,96.6,104.4,92.3,93.9
SEALER-0050,384,06:24,89.6,98.0,98.7,90.7,98.8,98.7,101.1,93.8,97.1,104.0,93.1,93.1
SEALER-0050,385,06:25,89.9,97.5,99.7,90.2,98.4,98.4,101.2,92.7,97.0,105.0,92.1,92.4
SEALER-0050,386,06:26,88.5,97.8,101.1,90.4,98.4,98.8,101.4,92.0,97.3,106.2,92.8,93.1
SEALER-0050,387,06:27,90.0,98.5,101.7,93.2,98.6,98.8,100.9,92.4,97.0,105.4,92.6,95.1
SEALER-0050,388,06:28,88.4,97.8,102.4,95.5,98.9,98.8,101.5,91.9,98.4,106.3,92.6,93.9
SEALER-0050,389,06:29,89.6,99.0,102.2,94.8,98.1,99.0,102.1,92.7,97.9,106.9,92.4,93.3
SEALER-0050,390,06:30,88.8,100.8,104.0,95.6,99.5,98.0,101.6,91.6,99.2,108.1,92.6,93.2
SEALER-0050,391,06:31,88.7,101.7,103.8,96.3,98.5,99.2,101.6,93.8,101.0,108.0,92.4,93.9
SEALER-0050,392,06:32,87.9,102.3,104.2,96.5,99.6,98.3,100.9,91.4,102.4,108.4,92.1,92.8
SEALER-0050,393,06:33,89.3,104.2,104.2,98.6,99.3,98.3,101.2,92.5,102.1,107.4,95.6,93.4
SEALER-0050,394,06:34,88.1,103.7,105.7,97.4,99.0,98.9,102.1,92.5,103.8,108.2,97.1,92.8
SEALER-0050,395,06:35,88.9,105.6,104.7,97.9,98.7,98.6,101.9,91.6,103.8,108.6,97.7,93.2
SEALER-0050,396,06:36,88.6,105.9,105.8,98.1,99.0,99.1,101.3,91.5,104.4,110.1,98.4,92.5
SEALER-0050,397,06:37,88.9,106.5,106.9,98.4,97.6,98.0,101.9,93.1,104.7,110.8,99.2,93.3
SEALER-0050,398,06:38,89.7,107.1,106.5,99.3,98.5,99.2,101.6,92.3,106.7,110.8,100.0,93.3
SEALER-0050,399,06:39,90.0,107.7,107.2,99.7,98.8,98.0,101.4,92.7,106.2,111.6,100.1,93.3
SEALER-0050,400,06:40,89.8,107.0,107.5,99.7,98.4,99.7,101.7,92.5,106.4,110.7,100.2,93.2
SEALER-0050,401,06:41,90.0,108.5,107.1,100.4,98.2,99.7,101.9,93.0,107.7,111.2,101.2,93.3
SEALER-0050,402,06:42,89.2,108.5,108.8,101.2,99.3,98.9,102.2,92.4,107.3,111.8,101.4,92.7
SEALER-0050,403,06:43,89.9,108.3,109.5,101.2,98.6,98.8,101.5,92.2,108.1,113.0,102.2,93.3
SEALER-0050,404,06:44,89.7,110.0,109.6,102.1,99.1,99.4,102.1,92.2,108.9,111.8,102.8,94.6
SEALER-0050,405,06:45,88.8,109.0,109.2,102.7,98.9,99.3,101.9,92.1,108.2,112.0,102.4,93.5
SEALER-0050,406,06:46,92.0,110.4,109.4,102.3,98.6,99.1,101.8,92.8,109.7,113.3,102.1,93.5
SEALER-0050,407,06:47,93.1,110.5,109.7,101.9,99.0,98.6,101.3,93.4,109.0,113.2,102.6,92.6
SEALER-0050,408,06:48,93.5,110.5,109.1,103.2,98.8,98.5,101.5,93.4,110.3,113.0,103.9,92.7
SEALER-0050,409,06:49,94.5,111.0,110.1,103.0,98.5,98.2,101.7,91.2,110.1,113.6,103.7,95.8
SEALER-0050,410,06:50,95.5,110.8,110.7,103.3,98.2,98.7,101.7,91.7,110.0,114.3,104.4,96.9
SEALER-0050,411,06:51,95.8,110.6,110.9,103.6,98.4,98.9,101.9,93.5,110.8,114.7,104.5,98.8
SEALER-0050,412,06:52,96.4,111.7,111.4,104.3,98.3,99.3,100.8,92.8,110.3,114.6,104.8,98.7
SEALER-0050,413,06:53,96.0,112.0,111.1,103.7,98.1,99.4,101.8,92.3,111.0,113.8,105.7,100.3
SEALER-0050,414,06:54,97.3,111.5,110.8,104.2,98.9,99.0,101.7,92.8,111.4,115.5,105.5,100.7
SEALER-0050,415,06:55,97.6,112.3,111.0,104.6,99.2,99.4,101.8,92.4,110.9,115.4,106.2,100.7
SEALER-0050,416,06:56,96.9,113.2,111.8,105.3,98.3,99.7,100.9,91.8,111.2,114.9,105.9,101.4
SEALER-0050,417,06:57,98.5,112.4,113.1,104.8,98.6,99.1,103.0,95.1,111.9,115.9,106.1,101.2
SEALER-0050,418,06:58,98.0,112.7,113.2,104.9,98.6,98.9,101.4,95.6,112.4,115.8,106.1,102.5
SEALER-0050,419,06:59,98.9,113.5,112.2,104.7,99.0,99.5,101.8,97.6,112.3,116.2,106.4,101.8
SEALER-0050,420,07:00,99.2,114.1,113.1,105.8,102.7,97.9,100.7,97.7,112.4,116.0,107.2,102.3
SEALER-0050,421,07:01,99.5,113.9,112.9,106.3,102.5,98.9,102.2,98.2,113.0,116.1,107.2,103.3
SEALER-0050,422,07:02,100.0,113.6,114.0,106.2,103.8,99.3,101.7,99.9,113.3,116.8,108.0,103.1
SEALER-0050,423,07:03,100.3,115.0,113.5,106.7,104.2,99.2,105.5,99.7,113.7,117.2,107.9,102.7
SEALER-0050,424,07:04,100.5,115.7,114.2,106.9,105.5,98.6,105.9,100.1,112.8,117.8,107.2,103.6
SEALER-0050,425,07:05,100.0,114.7,113.9,106.7,105.2,100.2,107.5,101.3,114.2,115.9,107.9,104.1
SEALER-0050,426,07:06,101.1,114.7,114.1,106.7,106.4,102.3,107.6,100.8,115.5,117.2,108.1,104.6
SEALER-0050,427,07:07,101.7,115.9,112.9,107.1,107.6,103.4,108.5,100.7,114.0,117.8,108.2,104.9
SEALER-0050,428,07:08,101.2,116.3,114.6,106.6,107.2,104.4,110.1,102.1,115.0,117.4,108.6,105.5
SEALER-0050,429,07:09,101.6,116.0,116.2,108.4,108.7,104.7,108.9,102.7,115.9,118.6,109.0,106.2
SEALER-0050,430,07:10,102.9,117.1,114.7,108.2,108.0,105.4,110.6,102.5,115.4,117.8,109.1,105.4
SEALER-0050,431,07:11,102.7,116.7,115.3,107.9,108.8,105.4,110.1,104.2,115.6,118.4,109.9,106.0
SEALER-0050,432,07:12,102.7,115.8,115.7,108.8,109.4,107.8,111.2,103.9,116.0,119.7,110.1,106.6
SEALER-0050,433,07:13,103.7,116.9,115.9,108.2,109.5,106.9,111.8,103.8,116.3,119.8,110.5,106.6
SEALER-0050,434,07:14,103.3,117.2,115.5,108.1,110.4,107.7,112.7,103.5,116.3,118.3,109.8,108.0
SEALER-0050,435,07:15,103.8,117.7,115.2,108.8,110.0,107.8,113.1,103.9,115.7,119.2,109.7,106.6
SEALER-0050,436,07:16,103.4,118.0,116.2,108.7,111.5,108.2,113.1,104.5,117.0,119.7,111.7,107.1
SEALER-0050,437,07:17,104.3,118.2,115.8,109.9,111.7,109.2,114.2,103.8,116.4,119.9,111.3,107.6
SEALER-0050,438,07:18,102.7,117.8,115.6,109.7,111.1,110.2,113.9,105.6,116.9,119.6,111.3,107.6
SEALER-0050,439,07:19,104.6,118.9,116.6,110.1,112.0,109.7,113.2,105.0,117.3,121.0,110.1,108.5
SEALER-0050,440,07:20,104.6,118.1,117.3,110.4,111.1,109.4,114.0,105.2,117.2,120.3,110.6,107.7
SEALER-0050,441,07:21,104.3,119.0,117.1,110.0,111.6,110.6,114.0,105.7,116.5,120.1,110.9,108.9
SEALER-0050,442,07:22,104.4,118.5,117.8,110.4,112.7,111.1,114.3,106.3,117.1,120.3,112.2,109.4
SEALER-0050,443,07:23,104.8,118.7,117.2,109.7,113.0,111.3,114.8,105.6,118.0,120.5,111.5,109.1
SEALER-0050,444,07:24,104.9,119.5,117.3,111.2,112.9,111.6,115.6,107.0,117.2,120.9,112.0,109.4
SEALER-0050,445,07:25,105.6,119.0,117.2,111.0,113.4,111.4,116.2,107.0,118.1,121.6,112.5,109.7
SEALER-0050,446,07:26,105.0,119.5,117.5,110.1,113.6,112.0,117.9,106.1,118.8,121.9,112.9,109.5
SEALER-0050,447,07:27,106.3,120.0,118.2,110.8,113.6,111.7,117.2,107.0,119.5,121.5,112.7,109.2
SEALER-0050,448,07:28,107.1,118.8,118.2,111.6,114.1,113.2,117.1,106.9,119.1,121.6,112.9,110.4
SEALER-0050,449,07:29,106.3,120.4,118.4,111.7,113.3,113.0,116.8,109.0,118.6,122.0,114.3,110.8
SEALER-0050,450,07:30,106.8,120.5,118.3,110.7,114.6,114.4,117.1,108.6,118.4,122.2,113.7,111.1
SEALER-0050,451,07:31,106.6,120.9,118.7,111.3,115.4,113.2,117.6,107.5,119.6,123.0,113.4,111.2
SEALER-0050,452,07:32,106.9,120.4,119.3,111.3,114.8,114.1,118.0,109.0,119.1,121.7,112.9,110.3
SEALER-0050,453,07:33,106.7,120.8,119.3,110.4,115.2,115.2,118.2,108.2,118.9,123.4,113.7,112.1
SEALER-0050,454,07:34,108.5,121.6,118.6,113.0,115.7,114.3,118.1,109.0,119.0,123.0,113.6,111.1
SEALER-0050,455,07:35,108.6,121.5,119.0,112.4,115.9,114.3,118.6,108.7,119.9,122.7,113.9,111.2
SEALER-0050,456,07:36,107.1,121.2,120.3,112.4,116.3,115.2,118.2,109.4,120.7,123.2,113.4,111.8
SEALER-0050,457,07:37,108.6,122.2,119.9,112.2,116.2,116.0,119.1,111.3,120.9,123.1,115.0,112.3
SEALER-0050,458,07:38,107.1,120.9,119.9,113.1,117.0,115.6,119.0,109.8,120.5,124.3,113.1,112.6
SEALER-0050,459,07:39,108.1,121.2,120.6,113.2,116.8,115.3,119.6,109.0,120.7,123.6,113.9,112.7
SEALER-0050,460,07:40,108.3,122.0,120.1,113.0,116.8,116.0,119.8,110.2,122.0,124.0,114.6,113.0
SEALER-0050,461,07:41,110.0,122.2,121.1,113.3,117.8,116.3,120.3,110.2,122.3,124.7,114.2,112.7
SEALER-0050,462,07:42,108.1,121.9,121.2,113.6,117.6,116.0,119.9,110.7,119.9,123.7,114.6,112.6
SEALER-0050,463,07:43,108.6,123.9,120.2,114.2,117.0,117.1,120.4,110.6,121.4,123.7,114.9,112.7
SEALER-0050,464,07:44,107.8,122.5,121.6,113.6,117.4,116.9,121.4,111.3,121.6,123.9,115.4,113.9
SEALER-0050,465,07:45,109.2,122.7,120.6,112.7,117.8,117.7,121.6,111.4,121.8,124.4,116.6,114.1
SEALER-0050,466,07:46,109.9,123.0,119.9,113.9,118.5,117.0,120.5,111.3,123.2,124.4,115.9,113.5
SEALER-0050,467,07:47,109.4,123.2,122.2,113.4,118.5,118.3,121.6,111.3,122.3,125.1,116.1,113.5
SEALER-0050,468,07:48,109.6,123.9,122.6,113.6,118.4,118.1,122.3,111.6,121.8,124.4,115.8,113.6
SEALER-0050,469,07:49,109.5,123.9,121.9,114.6,118.1,117.7,122.9,111.9,122.0,125.0,116.2,114.2
SEALER-0050,470,07:50,110.1,123.5,122.4,115.1,118.9,118.4,123.1,111.9,124.0,125.3,115.9,114.3
SEALER-0050,471,07:51,109.6,123.6,120.7,114.4,119.9,118.8,123.2,112.0,122.8,125.5,116.9,114.1
SEALER-0050,472,07:52,110.2,124.0,122.7,115.1,120.2,119.3,123.0,112.3,123.5,125.1,117.3,114.5
SEALER-0050,473,07:53,110.0,124.0,121.9,115.3,119.4,119.4,122.6,112.2,122.8,125.4,117.2,114.0
SEALER-0050,474,07:54,111.6,123.9,123.1,115.0,120.4,118.6,122.9,112.5,123.6,126.7,117.8,115.5
SEALER-0050,475,07:55,110.8,124.1,121.6,114.5,120.1,119.9,123.1,113.8,124.6,125.3,116.9,115.3
SEALER-0050,476,07:56,111.0,124.2,122.5,115.2,119.4,119.8,122.1,113.5,123.9,125.9,117.2,115.9
SEALER-0050,477,07:57,112.1,124.2,123.3,115.7,120.1,119.9,123.9,113.6,124.4,126.7,117.3,116.0
SEALER-0050,478,07:58,110.9,125.2,123.2,115.8,121.2,119.2,124.3,113.4,124.2,127.1,117.1,115.4
SEALER-0050,479,07:59,110.8,124.9,123.5,115.5,120.7,119.9,124.4,112.6,123.3,127.3,117.3,116.3
SEALER-0050,480,08:00,111.2,125.2,123.5,116.0,120.9,121.2,125.3,114.4,124.7,127.5,117.3,116.2
SEALER-0050,481,08:01,111.3,125.2,123.0,115.7,121.7,120.8,123.7,113.8,123.4,126.6,118.9,116.0
SEALER-0050,482,08:02,111.9,125.6,122.7,116.5,121.5,121.5,125.5,113.7,124.6,127.2,117.9,116.5
SEALER-0050,483,08:03,112.5,126.2,123.4,116.6,121.5,121.2,124.5,114.4,124.3,126.4,119.1,116.7
SEALER-0050,484,08:04,112.6,125.4,124.0,115.2,122.7,121.5,126.2,114.3,124.9,126.6,117.4,117.0
SEALER-0050,485,08:05,112.2,125.3,123.9,116.2,122.1,121.4,124.8,114.6,125.1,127.1,118.4,117.3
SEALER-0050,486,08:06,111.9,126.1,123.8,116.7,123.0,121.4,125.4,114.2,125.2,128.4,118.4,117.0
SEALER-0050,487,08:07,112.6,126.1,124.2,117.3,122.6,121.5,124.7,114.0,124.9,126.9,118.6,117.1
SEALER-0050,488,08:08,113.0,127.2,124.7,117.1,121.9,122.1,125.7,115.7,125.2,127.8,118.6,117.1
SEALER-0050,489,08:09,113.4,125.9,124.8,117.4,123.0,122.2,125.6,115.0,125.7,128.5,119.3,118.4
SEALER-0050,490,08:10,112.9,126.1,124.9,118.0,123.3,121.5,125.3,115.9,125.8,127.5,119.4,117.2
SEALER-0050,491,08:11,113.5,126.3,123.8,117.8,123.3,122.8,125.8,115.9,125.6,128.5,119.4,117.4
SEALER-0050,492,08:12,113.3,126.5,124.9,116.8,123.8,123.8,126.9,116.3,126.4,128.7,119.1,117.1
SEALER-0050,493,08:13,113.5,127.4,124.3,117.7,123.7,123.2,126.2,116.1,125.5,129.0,120.4,118.6
SEALER-0050,494,08:14,113.0,127.1,124.6,118.0,122.5,122.8,127.3,116.5,125.5,128.4,119.5,118.1
SEALER-0050,495,08:15,114.3,127.4,125.5,117.3,124.6,123.8,127.1,115.7,127.0,127.8,121.2,117.6
SEALER-0050,496,08:16,113.3,127.4,124.8,118.0,123.3,123.2,127.6,116.8,126.6,129.4,120.6,118.4
SEALER-0050,497,08:17,114.5,126.9,125.6,117.4,123.9,123.9,126.9,116.6,126.1,129.4,120.3,119.2
SEALER-0050,498,08:18,114.2,127.5,126.1,118.0,123.7,123.4,126.6,116.3,126.4,128.6,120.3,118.3
SEALER-0050,499,08:19,113.7,127.8,126.0,118.5,124.0,124.3,126.8,116.5,126.6,129.0,121.1,118.7
SEALER-0050,500,08:20,114.4,128.1,126.6,117.7,124.9,123.2,127.8,117.1,126.7,128.9,120.6,119.1
SEALER-0050,501,08:21,115.1,128.3,124.9,118.5,124.7,124.8,127.2,118.1,127.0,130.1,120.7,118.5
SEALER-0050,502,08:22,114.0,128.4,126.8,117.6,125.9,124.2,128.2,117.8,127.3,129.0,120.9,118.1
SEALER-0050,503,08:23,115.0,128.5,125.8,118.4,125.8,124.7,128.9,117.5,126.9,129.2,121.5,119.2
SEALER-0050,504,08:24,113.8,128.9,127.1,119.3,124.3,124.8,129.2,117.8,128.1,130.9,121.2,119.7
SEALER-0050,505,08:25,114.5,128.1,126.0,118.4,125.1,124.3,128.3,117.6,128.1,130.5,121.7,119.3
SEALER-0050,506,08:26,114.3,130.0,126.6,119.0,124.9,124.7,128.9,118.1,127.7,130.1,121.4,119.5
SEALER-0050,507,08:27,114.9,128.9,127.3,119.3,125.9,125.1,129.4,117.4,127.1,130.7,122.0,119.9
SEALER-0050,508,08:28,115.1,129.6,127.3,120.2,125.2,124.6,129.3,118.8,127.7,130.8,122.3,119.1
SEALER-0050,509,08:29,115.3,129.2,127.6,119.9,125.6,125.4,129.6,118.4,127.5,130.6,121.0,120.4
SEALER-0050,510,08:30,116.1,129.9,126.9,119.8,126.0,126.4,129.3,117.9,127.7,130.8,121.4,121.1
SEALER-0050,511,08:31,116.1,129.2,127.2,120.5,126.4,125.2,129.8,117.9,128.7,130.9,121.8,120.5
SEALER-0050,512,08:32,115.9,130.0,127.3,119.6,126.9,125.3,130.1,118.4,128.2,130.6,122.8,120.2
SEALER-0050,513,08:33,116.0,128.9,128.1,120.7,126.8,126.1,129.3,118.8,128.8,131.2,122.4,120.4
SEALER-0050,514,08:34,116.5,129.6,127.9,120.0,125.7,126.4,129.6,119.2,128.9,132.8,121.4,120.1
SEALER-0050,515,08:35,116.9,130.3,127.4,120.0,127.2,125.8,130.2,118.7,128.8,131.5,122.3,121.1
SEALER-0050,516,08:36,116.4,130.1,128.6,120.3,126.9,127.0,130.6,118.6,128.9,131.7,123.0,121.9
SEALER-0050,517,08:37,117.0,130.5,127.9,120.5,125.8,127.1,130.7,119.1,128.9,131.7,122.5,121.6
SEALER-0050,518,08:38,117.3,131.0,127.6,120.7,126.8,125.9,130.9,119.6,128.4,131.7,122.6,120.5
SEALER-0050,519,08:39,116.7,131.3,128.8,121.0,127.3,127.1,130.7,118.9,129.8,131.7,123.1,121.8
SEALER-0050,520,08:40,116.8,131.0,128.5,120.6,127.2,127.3,130.9,119.9,130.1,131.6,123.2,120.8
SEALER-0050,521,08:41,116.1,131.0,127.9,121.3,127.3,127.3,130.9,120.2,130.2,131.9,124.7,122.2
SEALER-0050,522,08:42,117.0,131.2,128.9,120.8,127.8,127.5,131.9,120.2,130.3,133.1,123.7,121.5
SEALER-0050,523,08:43,116.8,131.5,127.9,121.5,127.2,126.2,131.0,119.0,129.5,132.3,123.4,122.5
SEALER-0050,524,08:44,117.2,130.7,128.8,121.5,128.1,127.3,132.0,121.0,129.4,132.4,122.5,121.4
SEALER-0050,525,08:45,118.3,130.6,129.6,121.3,127.9,127.3,131.5,120.7,129.3,133.8,124.0,122.2
SEALER-0050,526,08:46,117.3,131.9,128.7,121.9,128.5,129.1,131.4,120.6,130.8,132.0,123.6,121.8
SEALER-0050,527,08:47,117.4,131.8,128.9,121.3,129.0,128.2,131.3,121.2,130.9,132.8,123.2,123.3
SEALER-0050,528,08:48,117.3,130.6,130.1,121.3,127.7,128.5,132.4,120.3,131.2,132.9,123.9,122.1
SEALER-0050,529,08:49,117.8,131.1,129.5,121.8,129.1,128.1,132.6,121.1,131.2,132.9,124.1,122.7
SEALER-0050,530,08:50,117.6,132.5,130.1,121.5,129.3,128.8,131.5,121.3,129.7,132.2,124.7,123.0
SEALER-0050,531,08:51,118.5,131.8,130.7,121.4,128.6,128.7,131.7,122.2,131.3,132.5,123.6,123.4
SEALER-0050,532,08:52,117.4,131.8,129.1,122.4,128.6,128.0,133.3,120.8,131.7,134.2,124.3,122.6
SEALER-0050,533,08:53,118.8,132.0,129.7,121.9,128.8,128.6,133.1,121.3,131.0,133.8,125.5,122.6
SEALER-0050,534,08:54,118.8,133.0,129.7,121.9,129.2,129.0,133.3,120.9,131.2,133.8,125.4,123.2
SEALER-0050,535,08:55,119.0,132.9,130.2,123.2,129.9,128.8,132.9,121.8,131.2,133.0,125.9,123.6
SEALER-0050,536,08:56,119.1,132.0,130.4,122.3,129.4,129.2,133.2,121.1,131.7,133.2,125.0,122.8
SEALER-0050,537,08:57,119.0,132.2,130.2,122.3,130.7,130.7,134.2,122.1,132.4,134.0,124.7,123.8
SEALER-0050,538,08:58,119.3,132.3,131.3,122.6,129.2,130.1,133.5,121.6,131.2,134.2,124.9,123.5
SEALER-0050,539,08:59,119.1,133.3,130.9,123.0,130.1,129.5,133.8,122.2,132.0,134.1,125.3,124.2
SEALER-0050,540,09:00,118.7,132.6,130.8,123.1,130.5,130.9,134.2,122.3,132.9,134.2,124.4,124.9
SEALER-0050,541,09:01,119.3,131.9,130.3,121.7,130.5,129.9,134.3,121.8,132.0,134.5,124.9,123.9
SEALER-0050,542,09:02,119.2,133.4,131.5,123.9,130.9,129.3,133.9,122.5,132.6,134.2,125.8,124.5
SEALER-0050,543,09:03,119.0,133.5,130.2,123.3,130.5,130.5,134.6,122.3,132.3,135.0,125.5,124.8
SEALER-0050,544,09:04,119.5,133.3,131.4,123.4,130.9,130.6,134.4,122.5,132.2,134.8,124.9,124.5
SEALER-0050,545,09:05,119.8,133.6,131.3,123.2,130.6,130.7,135.1,122.1,132.4,135.5,126.0,124.5
SEALER-0050,546,09:06,119.8,133.6,131.4,124.4,130.8,130.5,134.5,123.3,132.3,135.3,126.0,124.6
SEALER-0050,547,09:07,119.6,132.8,131.1,124.2,130.7,130.9,134.1,123.0,133.3,135.9,126.0,125.0
SEALER-0050,548,09:08,120.2,134.4,131.9,123.6,131.3,130.5,134.7,123.9,132.8,135.0,125.9,124.2
SEALER-0050,549,09:09,120.2,133.1,131.6,123.9,131.0,130.1,134.5,123.2,132.4,134.6,126.7,125.1
SEALER-0050,550,09:10,119.9,133.5,132.3,123.2,133.2,131.1,133.6,124.4,133.0,135.5,126.2,125.3
SEALER-0050,551,09:11,119.4,133.4,130.9,123.8,132.0,131.6,134.1,123.2,133.1,135.7,126.7,125.6
SEALER-0050,552,09:12,121.1,134.1,132.0,123.7,132.3,131.2,135.7,124.1,133.4,136.3,126.7,125.5
SEALER-0050,553,09:13,120.7,134.6,131.8,123.8,132.1,130.6,136.2,124.3,133.5,135.4,126.8,124.9
SEALER-0050,554,09:14,120.4,135.1,131.5,124.4,132.3,132.1,135.4,124.0,133.2,135.5,126.5,126.1
SEALER-0050,555,09:15,120.8,134.5,132.4,124.8,132.6,131.9,135.7,123.9,133.8,136.1,126.7,126.1
SEALER-0050,556,09:16,120.8,134.1,133.4,123.9,132.1,131.6,135.0,123.4,133.8,136.8,127.1,126.8
SEALER-0050,557,09:17,121.1,134.0,132.5,124.4,131.8,131.9,136.5,124.3,134.1,135.2,127.3,125.5
SEALER-0050,558,09:18,120.7,134.6,132.9,124.8,132.9,132.8,136.4,125.0,134.2,136.0,126.2,125.7
SEALER-0050,559,09:19,121.2,134.8,132.5,125.3,132.0,132.0,137.1,124.2,133.2,136.5,127.4,125.9
SEALER-0050,560,09:20,121.7,135.5,132.8,124.7,132.6,132.6,137.1,124.0,134.5,136.2,127.8,126.6
SEALER-0050,561,09:21,121.7,135.9,133.2,124.3,132.2,132.8,135.6,125.8,134.5,136.8,128.0,125.9
SEALER-0050,562,09:22,121.7,135.9,133.1,125.2,133.7,132.0,135.5,124.6,134.4,136.7,127.8,127.0
SEALER-0050,563,09:23,122.4,136.1,132.9,125.0,133.9,132.1,137.2,125.8,135.2,136.3,128.5,126.2
SEALER-0050,564,09:24,121.1,135.5,133.4,125.2,134.6,132.0,136.3,126.1,134.2,137.6,127.6,127.2
SEALER-0050,565,09:25,122.7,135.6,133.2,124.3,133.0,133.2,137.4,125.2,133.9,137.2,128.8,126.2
SEALER-0050,566,09:26,122.0,135.5,133.5,125.6,134.4,133.2,137.4,124.8,134.3,137.6,127.7,126.8
SEALER-0050,567,09:27,122.4,136.7,133.0,126.2,133.2,133.8,137.1,125.3,135.7,136.2,128.3,127.0
SEALER-0050,568,09:28,122.0,136.4,134.0,125.9,133.8,132.8,136.9,124.8,134.9,137.4,129.2,126.8
SEALER-0050,569,09:29,122.5,136.0,133.6,125.1,134.1,134.1,138.0,125.2,134.7,136.4,128.4,126.9
SEALER-0050,570,09:30,122.2,136.3,134.1,125.5,133.2,134.0,136.9,126.0,135.5,137.9,127.8,127.5
SEALER-0050,571,09:31,122.6,136.1,134.1,126.0,134.6,132.9,137.1,125.6,136.3,137.6,128.5,127.7
SEALER-0050,572,09:32,122.7,136.0,133.9,126.6,134.3,134.5,137.0,126.1,135.1,137.5,128.1,127.7
SEALER-0050,573,09:33,122.8,135.8,134.2,125.5,134.8,134.5,137.7,125.8,135.3,138.3,128.4,127.6
SEALER-0050,574,09:34,121.8,136.9,134.7,126.4,133.5,134.1,138.5,126.7,135.8,137.7,128.0,127.8
SEALER-0050,575,09:35,123.0,136.2,135.1,125.8,134.7,134.5,137.7,126.3,135.9,138.3,129.4,127.4
SEALER-0050,576,09:36,123.6,136.9,134.1,126.2,135.3,134.6,138.8,125.8,134.8,138.4,129.0,127.4
SEALER-0050,577,09:37,123.1,136.3,134.7,126.3,135.1,134.8,138.1,125.8,135.5,138.2,129.5,128.2
SEALER-0050,578,09:38,123.5,135.8,134.7,126.4,133.9,134.7,138.4,126.4,135.9,138.2,130.0,127.2
SEALER-0050,579,09:39,123.5,137.6,135.0,125.8,134.1,134.6,137.5,126.6,135.1,138.7,129.0,128.6
SEALER-0050,580,09:40,123.7,137.6,133.9,126.9,135.4,134.9,138.5,126.0,135.8,138.1,129.9,127.4
SEALER-0050,581,09:41,123.8,137.7,135.3,126.9,134.6,134.7,139.1,127.5,135.8,138.4,129.3,128.5
SEALER-0050,582,09:42,123.5,137.7,135.2,126.8,135.2,135.1,139.1,126.8,136.4,138.2,130.1,128.8
SEALER-0050,583,09:43,122.9,137.2,135.1,127.2,135.8,135.3,138.7,127.0,136.1,138.4,130.3,128.6
SEALER-0050,584,09:44,123.1,137.9,135.8,127.5,135.6,134.6,139.2,127.3,137.1,138.9,129.9,129.3
SEALER-0050,585,09:45,123.9,137.0,135.4,127.5,134.9,134.7,139.2,126.9,136.7,139.1,130.1,129.4
SEALER-0050,586,09:46,123.7,137.9,135.5,126.1,135.9,135.2,138.9,126.8,137.5,139.3,129.9,128.8
SEALER-0050,587,09:47,124.5,138.4,135.4,127.8,135.9,135.5,138.9,127.4,136.1,138.6,130.7,129.5
SEALER-0050,588,09:48,123.7,138.2,135.6,127.9,136.6,134.9,139.9,127.3,136.6,139.3,130.5,129.2
SEALER-0050,589,09:49,124.2,137.6,135.4,127.9,136.1,136.2,139.1,126.7,135.6,139.1,130.0,128.5
SEALER-0050,590,09:50,123.7,138.0,135.5,127.3,136.1,135.8,140.3,128.0,137.3,139.4,130.2,128.7
SEALER-0050,591,09:51,124.4,137.4,136.4,128.4,136.3,135.4,139.5,127.6,136.8,139.9,130.4,128.7
SEALER-0050,592,09:52,124.9,137.6,136.2,128.0,135.7,136.8,140.9,127.4,137.9,138.7,130.9,129.2
SEALER-0050,593,09:53,125.2,139.1,136.4,128.2,137.1,135.9,140.6,128.3,136.1,139.6,130.4,130.0
SEALER-0050,594,09:54,125.2,139.2,136.2,127.8,137.5,136.6,140.7,127.2,137.8,140.1,131.9,128.9
SEALER-0050,595,09:55,124.7,138.8,136.8,127.8,137.7,137.3,141.2,128.1,138.3,140.7,130.4,130.1
SEALER-0050,596,09:56,125.1,138.9,135.5,128.4,136.9,136.6,140.2,128.4,137.2,140.0,131.9,130.6
SEALER-0050,597,09:57,124.9,138.4,136.3,128.5,136.7,136.6,140.2,128.2,139.5,139.2,131.5,130.3
SEALER-0050,598,09:58,124.4,139.5,136.0,128.0,136.6,136.2,139.9,128.9,137.6,140.5,131.3,130.9
SEALER-0050,599,09:59,125.3,138.3,136.5,128.5,136.9,137.1,141.6,128.8,137.9,140.5,131.3,130.3
SEALER-0050,600,10:00,124.9,138.8,137.8,128.3,137.0,137.7,141.0,129.2,137.8,140.2,131.3,131.3
SEALER-0050,601,10:01,125.1,139.0,136.7,128.9,137.3,136.5,140.8,128.9,138.7,140.5,131.9,131.1
SEALER-0050,602,10:02,125.7,139.8,137.4,129.1,136.5,137.4,140.7,129.0,138.0,139.7,131.6,130.5
SEALER-0050,603,10:03,125.3,138.5,138.2,129.9,137.7,137.8,142.0,129.4,139.3,141.4,131.7,128.8
SEALER-0050,604,10:04,125.0,140.7,136.9,129.3,137.9,137.5,141.8,128.9,137.9,140.3,131.3,129.9
SEALER-0050,605,10:05,126.1,138.9,136.8,128.9,137.1,137.7,141.4,128.5,138.5,140.4,131.9,130.9
SEALER-0050,606,10:06,126.2,140.2,137.2,129.7,138.3,137.6,141.6,128.7,138.6,142.1,132.6,131.4
SEALER-0050,607,10:07,126.0,140.4,136.5,129.2,137.5,138.2,141.3,128.7,139.3,140.8,132.5,130.7
SEALER-0050,608,10:08,126.0,140.1,138.0,129.7,137.8,138.2,142.0,129.5,139.5,142.2,130.8,131.8
SEALER-0050,609,10:09,125.1,140.3,137.9,129.3,137.7,137.6,142.3,128.9,138.8,141.6,131.4,131.7
SEALER-0050,610,10:10,126.6,140.1,136.9,130.5,137.4,138.0,140.9,130.0,138.3,141.9,132.0,132.0
SEALER-0050,611,10:11,126.8,141.2,137.7,129.5,137.9,139.4,142.4,130.8,140.8,141.6,132.3,131.2
SEALER-0050,612,10:12,126.6,139.7,138.0,129.7,138.7,137.8,142.1,129.7,139.9,141.7,132.9,132.5
SEALER-0050,613,10:13,126.7,140.3,138.2,129.6,137.6,138.2,141.2,129.5,139.2,141.9,131.4,132.5
SEALER-0050,614,10:14,126.6,140.2,137.9,129.4,138.2,138.1,142.5,129.2,139.3,141.9,133.4,132.0
SEALER-0050,615,10:15,127.0,141.3,138.3,130.0,138.5,138.2,142.4,129.9,139.1,142.0,133.0,132.4
SEALER-0050,616,10:16,127.2,140.6,138.0,129.6,138.3,138.7,142.0,130.2,140.4,141.8,132.2,131.8
SEALER-0050,617,10:17,126.6,141.2,137.4,130.4,138.3,138.9,143.7,129.9,139.8,142.0,132.6,130.6
SEALER-0050,618,10:18,127.5,140.8,137.9,130.3,139.4,139.3,142.1,130.3,139.7,141.9,133.1,132.2
SEALER-0050,619,10:19,126.8,140.7,138.1,131.3,139.2,139.8,142.8,130.2,139.4,141.3,133.6,133.1
SEALER-0050,620,10:20,126.9,140.5,138.3,130.8,138.3,138.2,142.2,130.9,140.4,142.1,133.6,133.2
SEALER-0050,621,10:21,127.1,141.8,138.5,130.5,139.6,140.2,143.3,131.3,139.5,142.3,133.8,132.8
SEALER-0050,622,10:22,127.7,142.4,139.1,131.8,138.8,139.9,143.0,130.0,139.8,142.9,133.2,132.9
SEALER-0050,623,10:23,127.5,142.1,139.0,131.2,140.5,139.5,144.0,130.5,140.3,142.8,133.0,132.3
SEALER-0050,624,10:24,127.7,141.7,138.8,131.1,138.6,139.8,143.5,130.5,140.0,142.9,133.3,133.2
SEALER-0050,625,10:25,126.8,141.2,139.4,130.9,139.7,138.9,143.9,131.1,140.2,142.5,133.7,133.4
SEALER-0050,626,10:26,127.7,141.9,138.8,130.2,139.1,139.8,143.5,130.4,141.8,143.0,133.5,133.3
SEALER-0050,627,10:27,128.7,141.2,139.3,131.2,139.7,139.7,143.6,130.8,139.8,143.0,134.1,134.0
SEALER-0050,628,10:28,127.4,141.0,138.9,132.2,139.7,140.3,144.2,130.9,141.0,143.0,133.6,133.3
SEALER-0050,629,10:29,127.5,142.2,139.4,132.3,140.3,139.2,143.4,130.9,140.7,143.3,133.4,132.9
SEALER-0050,630,10:30,128.5,141.3,140.0,131.4,140.6,140.1,143.6,131.1,141.7,143.2,134.3,133.1
SEALER-0050,631,10:31,127.0,141.7,139.7,132.2,139.8,141.1,144.4,131.5,140.8,143.3,134.5,133.2
SEALER-0050,632,10:32,128.6,143.0,139.6,131.2,141.1,139.9,144.3,131.1,142.1,143.5,134.9,132.8
SEALER-0050,633,10:33,128.3,142.9,140.5,132.3,141.5,140.7,144.0,130.9,141.8,144.2,134.1,132.7
SEALER-0050,634,10:34,128.3,141.4,140.0,131.6,140.7,140.3,144.5,131.9,141.1,144.1,134.2,133.2
SEALER-0050,635,10:35,128.0,142.3,139.8,131.5,140.8,141.3,145.1,131.5,140.8,143.9,134.1,133.6
SEALER-0050,636,10:36,128.7,142.0,139.9,132.4,139.6,140.0,144.6,133.1,141.6,143.3,134.1,133.7
SEALER-0050,637,10:37,128.0,142.6,140.6,131.9,140.3,141.2,145.2,132.2,141.2,144.1,133.5,134.3
SEALER-0050,638,10:38,129.7,142.9,140.4,131.8,141.2,139.6,145.1,132.4,142.5,144.3,134.6,134.3
SEALER-0050,639,10:39,128.7,142.9,139.8,132.4,140.6,141.8,145.6,131.8,141.6,144.2,134.6,134.9
SEALER-0050,640,10:40,129.5,142.5,140.1,132.5,142.1,141.5,145.0,132.3,142.0,143.7,135.6,134.1
SEALER-0050,641,10:41,128.3,142.9,140.2,132.0,141.4,142.3,145.6,132.9,141.8,144.3,135.0,134.1
SEALER-0050,642,10:42,129.4,143.2,140.5,133.0,141.7,141.4,145.2,133.5,141.9,144.2,135.3,135.3
SEALER-0050,643,10:43,130.0,143.1,140.9,132.6,141.9,141.6,145.6,131.8,142.6,144.8,134.2,133.8
SEALER-0050,644,10:44,129.3,143.0,140.7,132.5,141.8,141.5,145.2,133.3,142.2,145.3,136.4,135.8
SEALER-0050,645,10:45,128.5,143.8,140.3,132.5,142.4,141.3,145.6,134.1,142.4,144.7,134.9,134.1
SEALER-0050,646,10:46,129.2,144.5,140.4,132.9,141.7,141.5,146.6,132.8,143.1,144.6,135.2,134.3
SEALER-0050,647,10:47,130.0,143.3,141.2,133.1,141.3,141.4,146.2,132.8,142.2,144.2,136.0,135.0
SEALER-0050,648,10:48,129.3,143.0,141.2,132.0,142.2,141.6,146.2,132.4,142.3,144.9,135.4,135.1
SEALER-0050,649,10:49,128.9,143.2,141.1,133.2,142.6,142.8,146.5,132.4,142.2,144.2,134.9,134.7
SEALER-0050,650,10:50,130.7,143.9,141.3,133.5,140.9,142.3,145.8,133.0,142.3,145.1,135.4,135.1
SEALER-0050,651,10:51,129.4,143.8,140.9,132.9,143.3,141.8,145.8,133.2,142.8,144.4,136.1,134.7
SEALER-0050,652,10:52,129.3,144.5,141.0,132.6,142.9,142.1,146.6,133.7,142.5,145.6,135.9,134.8
SEALER-0050,653,10:53,129.2,143.6,141.1,132.0,142.3,141.7,146.4,134.8,142.9,145.1,136.3,134.7
SEALER-0050,654,10:54,129.2,144.1,141.6,133.7,143.1,142.4,146.2,134.4,142.7,145.0,135.5,135.5
SEALER-0050,655,10:55,129.5,143.5,141.7,133.7,142.6,142.5,146.6,133.4,143.1,145.5,136.7,134.8
SEALER-0050,656,10:56,130.6,143.6,141.3,133.0,142.8,143.2,146.9,133.4,144.1,146.2,135.1,135.3
SEALER-0050,657,10:57,130.0,145.0,141.6,133.7,143.0,142.6,146.5,133.9,144.3,144.9,136.5,136.2
SEALER-0050,658,10:58,130.3,145.1,141.7,134.0,143.4,141.8,146.7,133.8,143.7,145.8,137.3,136.2
SEALER-0050,659,10:59,130.5,144.1,142.4,133.8,142.9,142.4,147.0,134.4,143.5,145.8,136.6,135.9
SEALER-0050,660,11:00,129.6,144.5,142.5,134.6,143.8,143.3,146.6,134.0,142.9,145.6,137.9,136.7
SEALER-0050,661,11:01,130.1,144.6,142.6,133.5,142.2,142.6,147.3,134.2,144.0,146.3,136.3,135.5
SEALER-0050,662,11:02,131.0,145.6,142.0,133.6,143.1,143.8,147.2,133.5,143.6,145.7,137.2,135.9
SEALER-0050,663,11:03,130.6,145.3,143.4,133.8,143.0,142.9,147.6,134.3,143.5,146.2,136.4,136.1
SEALER-0050,664,11:04,130.1,145.0,142.0,134.2,143.5,143.2,147.3,134.7,143.9,145.6,137.0,136.5
SEALER-0050,665,11:05,130.9,145.5,141.9,134.2,143.9,143.4,148.5,134.4,143.9,146.1,136.8,136.7
SEALER-0050,666,11:06,131.6,145.8,142.6,134.4,144.1,143.5,148.2,134.8,144.9,146.5,137.3,135.4
SEALER-0050,667,11:07,130.4,145.3,143.0,133.4,144.5,144.7,147.3,134.7,144.6,146.1,137.3,136.2
SEALER-0050,668,11:08,131.1,145.2,142.4,134.7,143.9,144.3,147.9,134.7,144.0,146.1,137.0,136.5
SEALER-0050,669,11:09,130.1,145.1,142.0,134.7,144.0,143.3,148.0,135.2,144.4,147.0,136.3,135.8
SEALER-0050,670,11:10,130.6,145.1,143.3,134.6,143.6,144.0,147.8,135.6,145.5,146.3,138.1,136.9
SEALER-0050,671,11:11,132.1,146.0,142.8,134.4,144.3,144.2,147.7,133.9,145.1,146.8,138.2,136.3
SEALER-0050,672,11:12,130.5,145.1,142.1,134.2,143.7,144.1,148.8,135.8,144.5,147.6,137.8,137.2
SEALER-0050,673,11:13,131.5,145.0,143.4,134.4,144.8,143.8,148.2,135.1,145.5,146.9,137.1,136.8
SEALER-0050,674,11:14,130.6,145.5,143.2,135.2,144.6,143.0,148.7,135.1,144.9,147.5,137.4,137.3
SEALER-0050,675,11:15,131.4,146.4,142.2,135.8,144.4,143.9,149.1,136.6,145.4,147.2,137.5,136.5
SEALER-0050,676,11:16,131.8,145.7,144.1,135.3,144.9,144.1,148.4,134.9,144.6,146.5,136.3,137.8
SEALER-0050,677,11:17,132.0,146.4,144.2,135.1,144.3,144.3,149.2,135.7,144.7,147.2,138.5,137.7
SEALER-0050,678,11:18,132.4,147.0,143.7,135.8,144.5,144.8,148.9,135.7,144.9,146.8,137.5,137.6
SEALER-0050,679,11:19,132.0,145.9,143.8,134.8,144.9,145.0,148.9,135.8,144.8,147.5,138.4,137.4
SEALER-0050,680,11:20,132.6,146.4,143.5,134.6,144.3,144.3,148.7,136.2,145.8,147.5,138.3,138.2
SEALER-0050,681,11:21,131.3,146.0,143.7,135.4,145.1,144.8,149.1,136.4,144.7,148.0,137.3,137.4
SEALER-0050,682,11:22,132.8,147.0,143.7,135.1,144.4,145.1,149.7,135.7,145.2,148.4,138.2,139.0
SEALER-0050,683,11:23,132.1,147.6,144.0,136.1,145.2,144.9,149.2,134.9,144.9,148.2,138.1,137.6
SEALER-0050,684,11:24,132.1,146.7,144.3,135.0,145.2,144.5,150.6,136.8,145.3,148.2,138.6,138.0
SEALER-0050,685,11:25,132.2,146.6,144.1,135.7,144.7,145.2,149.6,136.4,144.7,149.0,139.6,137.7
SEALER-0050,686,11:26,133.0,147.3,144.1,136.0,144.2,144.9,149.7,136.2,146.4,148.1,138.6,138.1
SEALER-0050,687,11:27,131.4,147.1,144.4,135.5,145.2,145.5,150.0,136.3,146.1,148.5,139.2,137.7
SEALER-0050,688,11:28,133.5,147.2,144.4,135.8,144.5,146.0,149.7,136.2,146.7,148.5,138.2,138.8
SEALER-0050,689,11:29,132.7,146.4,145.0,136.2,145.6,145.6,150.4,135.6,146.6,147.7,138.7,137.7
SEALER-0050,690,11:30,131.6,146.6,144.9,135.6,146.1,145.0,150.0,136.5,145.6,148.5,138.4,138.3
SEALER-0050,691,11:31,132.8,147.0,144.4,136.7,146.0,146.4,150.5,136.3,146.7,149.0,139.4,138.0
SEALER-0050,692,11:32,132.7,147.5,144.8,136.0,145.8,146.4,149.6,136.8,146.1,148.3,138.9,138.4
SEALER-0050,693,11:33,132.5,148.0,144.5,136.3,145.8,146.5,150.0,136.9,146.7,148.9,138.4,138.8
SEALER-0050,694,11:34,133.1,147.4,144.8,136.2,145.8,146.1,151.5,137.4,145.9,148.9,139.6,138.7
SEALER-0050,695,11:35,132.2,147.6,144.9,136.4,145.9,145.2,150.1,136.4,146.6,148.0,138.6,138.2
SEALER-0050,696,11:36,133.9,147.9,145.3,135.8,145.2,145.9,150.9,136.6,146.1,149.1,139.8,138.4
SEALER-0050,697,11:37,132.8,148.3,146.2,136.2,145.4,146.2,150.5,136.5,146.1,149.0,139.6,139.1
SEALER-0050,698,11:38,132.8,148.8,144.8,137.0,146.8,147.1,150.1,137.3,146.5,148.6,139.4,138.7
SEALER-0050,699,11:39,133.8,148.3,145.5,136.2,146.6,147.6,150.8,137.0,146.1,148.6,140.1,139.3
SEALER-0050,700,11:40,134.0,147.6,145.3,137.1,147.2,146.0,151.5,137.9,146.8,149.1,140.2,138.9
SEALER-0050,701,11:41,133.8,148.0,144.7,137.2,146.8,146.5,151.3,138.5,146.7,149.6,139.3,138.4
SEALER-0050,702,11:42,133.8,147.6,145.2,136.4,146.4,147.1,151.4,137.0,146.9,149.6,140.6,139.4
SEALER-0050,703,11:43,134.4,148.3,145.5,138.1,146.7,146.9,151.4,137.7,147.1,148.7,140.2,139.3
SEALER-0050,704,11:44,133.9,149.4,145.8,137.7,146.2,146.8,150.7,137.1,146.8,149.3,140.0,139.3
SEALER-0050,705,11:45,133.6,148.5,145.1,137.0,146.4,147.0,152.1,137.7,147.0,148.4,140.4,139.4
SEALER-0050,706,11:46,133.5,147.3,146.1,136.2,147.9,147.5,151.2,139.2,147.0,150.2,139.4,139.4
SEALER-0050,707,11:47,133.8,147.8,146.1,137.8,146.6,147.6,150.7,138.3,147.0,149.1,140.5,139.5
SEALER-0050,708,11:48,134.2,149.3,146.4,136.8,147.1,146.3,151.3,139.0,147.1,149.5,140.1,138.8
SEALER-0050,709,11:49,134.6,149.0,146.7,138.1,147.8,147.0,151.5,137.7,147.3,149.6,140.5,139.1
SEALER-0050,710,11:50,135.2,148.7,146.4,137.7,145.8,147.7,152.0,138.8,147.2,149.7,140.2,140.2
SEALER-0050,711,11:51,134.2,149.4,145.8,136.9,148.1,148.0,152.0,139.1,147.6,149.7,140.6,139.8
SEALER-0050,712,11:52,134.8,148.9,145.6,137.3,147.9,147.9,152.3,138.5,146.6,150.3,140.2,140.1
SEALER-0050,713,11:53,134.8,148.3,145.9,138.0,147.1,148.3,151.9,138.6,148.1,149.2,140.6,139.9
SEALER-0050,714,11:54,134.6,148.7,146.4,138.6,147.4,148.2,152.2,138.4,147.4,150.9,141.9,140.4
SEALER-0050,715,11:55,134.5,149.2,146.1,137.9,148.2,148.4,151.3,139.2,148.1,150.2,140.5,141.0
SEALER-0050,716,11:56,134.8,150.6,146.9,137.2,148.1,148.3,152.1,138.8,147.5,150.0,140.0,140.1
SEALER-0050,717,11:57,134.7,149.9,146.2,138.3,148.1,148.4,152.0,138.7,147.9,151.2,142.0,140.4
SEALER-0050,718,11:58,134.7,149.8,146.7,137.9,148.3,148.1,152.2,139.6,148.9,150.8,140.9,140.8
SEALER-0050,719,11:59,134.3,149.5,147.6,138.0,148.2,148.3,151.7,138.9,148.2,151.5,141.2,141.0
SEALER-0050,720,12:00,134.7,149.6,147.1,138.2,149.1,148.3,151.9,138.0,148.7,150.5,140.4,139.9
SEALER-0050,721,12:01,135.3,149.4,146.8,138.4,148.7,148.6,152.7,139.9,148.5,151.1,141.4,141.2
SEALER-0050,722,12:02,134.6,149.2,147.2,138.4,148.6,148.5,152.4,138.6,148.1,151.4,141.6,140.7
SEALER-0050,723,12:03,134.6,149.8,147.6,138.4,149.4,148.1,153.3,139.1,148.3,150.3,142.1,140.9
SEALER-0050,724,12:04,135.2,150.3,147.2,137.3,148.2,149.0,153.1,139.5,149.2,151.0,141.4,140.9
SEALER-0050,725,12:05,135.3,149.8,147.1,138.7,148.6,148.3,152.8,138.8,148.7,151.6,141.3,141.0
SEALER-0050,726,12:06,135.6,150.2,146.3,137.5,150.0,148.8,153.6,140.2,148.8,151.1,141.5,141.4
SEALER-0050,727,12:07,135.4,149.8,147.1,138.6,147.6,148.9,153.1,139.2,149.7,152.2,141.1,140.9
SEALER-0050,728,12:08,134.6,150.7,147.2,138.4,148.6,148.3,153.4,140.0,148.8,152.5,141.0,141.3
SEALER-0050,729,12:09,134.7,150.1,147.9,138.7,148.7,149.4,153.3,139.8,149.9,150.6,142.3,141.4
SEALER-0050,730,12:10,135.7,150.1,147.9,139.2,148.8,149.7,154.4,139.6,149.4,151.1,141.8,141.0
SEALER-0050,731,12:11,136.4,149.4,147.8,139.6,149.2,148.9,153.5,140.1,149.5,151.4,142.4,141.2
SEALER-0050,732,12:12,135.3,149.6,147.7,139.1,148.2,149.4,153.0,140.1,149.2,150.9,141.9,140.9
SEALER-0050,733,12:13,136.3,149.0,147.9,139.0,149.0,149.2,153.8,140.3,148.8,152.0,142.6,141.9
SEALER-0050,734,12:14,136.4,151.3,148.7,139.1,149.5,149.5,153.4,140.1,150.6,152.7,142.4,141.6
SEALER-0050,735,12:15,136.0,150.3,148.3,139.5,148.7,149.4,154.2,139.9,150.0,151.2,142.9,141.7
SEALER-0050,736,12:16,135.5,150.4,147.3,138.9,150.3,149.7,153.9,140.2,149.8,151.6,142.9,142.0
SEALER-0050,737,12:17,135.5,150.8,148.6,139.1,149.2,149.9,154.1,140.2,149.8,152.1,142.0,141.8
SEALER-0050,738,12:18,136.0,151.6,148.1,139.6,149.3,150.1,153.2,139.3,149.8,152.2,142.4,141.3
SEALER-0050,739,12:19,135.1,151.0,148.2,139.2,150.0,149.5,153.8,140.0,149.3,152.0,142.8,141.5
SEALER-0050,740,12:20,136.5,150.5,147.5,139.8,149.8,149.6,153.8,140.6,150.2,151.7,142.9,141.8
SEALER-0050,741,12:21,137.3,151.3,149.1,140.2,148.6,149.6,154.3,140.6,150.1,152.9,142.9,142.7
SEALER-0050,742,12:22,137.5,151.3,148.4,139.7,149.6,149.8,154.1,140.6,149.4,152.3,143.1,142.8
SEALER-0050,743,12:23,137.2,151.3,148.0,139.3,149.6,150.9,154.4,141.0,150.7,153.4,142.3,142.1
SEALER-0050,744,12:24,136.8,151.2,147.9,139.9,150.1,151.0,154.4,140.9,150.3,151.9,142.9,142.7
SEALER-0050,745,12:25,136.8,151.2,148.8,140.5,150.1,150.7,154.0,140.7,150.6,151.8,142.5,142.3
SEALER-0050,746,12:26,137.1,150.9,147.7,139.9,150.2,150.8,155.8,140.9,150.3,152.8,142.9,142.4
SEALER-0050,747,12:27,137.3,151.4,148.5,139.8,151.2,150.3,154.7,141.4,151.5,151.7,143.6,142.8
SEALER-0050,748,12:28,137.1,152.4,149.1,140.5,151.0,151.0,154.8,141.0,149.9,154.0,142.9,142.4
SEALER-0050,749,12:29,136.6,152.7,149.9,140.4,150.6,151.1,155.0,141.5,149.8,152.5,143.2,142.1
SEALER-0050,750,12:30,137.3,151.4,148.1,140.1,151.0,150.8,154.8,141.2,150.4,152.9,144.5,142.1
SEALER-0050,751,12:31,136.7,152.5,148.3,140.2,151.3,150.7,155.2,141.1,151.6,152.9,143.4,143.4
SEALER-0050,752,12:32,136.7,152.0,148.8,140.0,150.5,151.1,155.2,141.9,151.7,152.8,143.5,143.2
SEALER-0050,753,12:33,137.0,151.8,149.1,140.2,150.3,151.0,155.5,142.0,151.4,153.0,144.0,142.5
SEALER-0050,754,12:34,137.2,152.2,149.3,140.0,151.7,151.0,154.7,141.7,150.1,153.2,142.8,142.9
SEALER-0050,755,12:35,137.8,151.6,148.8,141.0,151.6,151.4,154.7,142.7,152.0,153.4,143.9,143.0
SEALER-0050,756,12:36,137.8,152.3,151.0,141.0,150.3,151.5,155.6,141.1,151.7,152.7,144.0,143.1
SEALER-0050,757,12:37,137.4,152.2,149.7,141.1,150.9,150.3,155.1,141.5,151.7,153.1,143.6,142.7
SEALER-0050,758,12:38,137.8,152.3,148.7,141.1,150.4,151.5,156.3,142.4,151.1,153.1,143.6,143.8
SEALER-0050,759,12:39,138.0,152.6,149.7,140.8,150.9,152.1,154.9,142.0,150.2,153.3,143.8,143.8
SEALER-0050,760,12:40,136.6,152.8,149.9,140.0,151.5,151.0,155.2,141.7,151.5,154.1,145.1,143.9
SEALER-0050,761,12:41,136.9,153.1,148.9,141.7,152.3,151.5,155.8,142.1,151.4,154.2,143.6,144.3
SEALER-0050,762,12:42,137.6,153.3,150.7,140.9,151.0,151.5,156.6,141.7,151.3,153.4,144.3,143.4
SEALER-0050,763,12:43,138.0,151.7,149.0,141.1,151.4,151.5,155.6,143.1,151.5,153.6,143.7,144.5
SEALER-0050,764,12:44,138.1,152.9,149.8,142.0,150.7,152.3,156.1,142.1,150.8,154.1,144.2,143.8
SEALER-0050,765,12:45,138.3,153.2,150.1,141.4,152.4,151.3,155.6,141.8,151.2,154.5,144.5,144.8
SEALER-0050,766,12:46,139.1,153.8,150.1,142.1,152.1,151.8,155.8,142.7,151.8,154.0,143.6,144.5
SEALER-0050,767,12:47,137.5,152.8,150.1,140.4,152.3,152.9,156.4,141.5,151.8,153.7,143.5,145.4
SEALER-0050,768,12:48,137.8,152.0,149.8,142.0,151.2,151.7,155.6,143.2,152.3,154.1,145.2,144.7
SEALER-0050,769,12:49,138.7,153.3,151.5,141.9,152.4,152.5,156.2,143.1,151.8,153.8,145.2,144.6
SEALER-0050,770,12:50,138.0,152.6,150.8,141.7,152.2,152.8,156.7,142.1,151.8,155.4,144.2,144.6
SEALER-0050,771,12:51,138.2,153.1,150.8,142.5,152.7,152.1,155.7,142.3,152.8,155.4,144.8,144.5
SEALER-0050,772,12:52,138.1,153.1,149.6,141.3,152.2,152.9,157.2,143.0,151.7,154.5,144.8,144.2
SEALER-0050,773,12:53,138.3,152.6,150.6,142.0,152.0,152.8,157.3,142.7,152.1,155.2,145.2,144.9
SEALER-0050,774,12:54,137.8,153.8,150.8,141.8,152.2,152.6,157.4,144.0,152.0,155.2,145.3,143.8
SEALER-0050,775,12:55,139.3,154.4,150.4,142.5,152.9,152.8,157.2,142.5,151.7,155.2,145.2,145.5
SEALER-0050,776,12:56,138.7,153.4,151.1,142.4,152.5,152.7,157.3,143.5,152.7,154.7,145.1,144.2
SEALER-0050,777,12:57,138.4,154.6,151.1,142.0,152.4,152.7,158.0,144.1,152.6,154.5,145.0,143.9
SEALER-0050,778,12:58,139.3,154.5,151.3,142.2,152.4,153.2,158.6,143.2,153.0,154.5,146.4,145.5
SEALER-0050,779,12:59,138.5,153.1,151.6,141.3,153.7,153.6,157.1,144.0,153.0,154.5,144.8,145.1
SEALER-0050,780,13:00,138.8,153.9,151.2,142.4,152.9,152.0,157.7,144.1,152.8,155.3,146.7,144.2
SEALER-0050,781,13:01,138.5,153.7,150.6,141.9,152.8,153.5,158.4,143.1,153.3,155.2,144.2,145.1
SEALER-0050,782,13:02,139.1,154.1,151.5,142.4,153.5,153.0,157.3,143.1,154.1,155.4,145.4,145.6
SEALER-0050,783,13:03,139.3,153.8,151.7,142.3,153.5,152.8,158.3,143.8,153.1,155.2,145.5,145.3
SEALER-0050,784,13:04,138.8,154.6,152.0,141.9,153.2,153.2,157.6,143.0,153.4,154.6,145.6,144.8
SEALER-0050,785,13:05,139.7,154.7,151.0,142.1,153.1,153.7,157.6,144.2,153.1,155.0,145.7,146.4
SEALER-0050,786,13:06,139.7,154.4,152.1,142.1,153.7,153.3,158.3,143.7,154.7,155.4,145.5,145.6
SEALER-0050,787,13:07,140.1,154.8,151.5,142.4,154.1,153.8,157.9,143.6,153.4,155.6,145.7,145.0
SEALER-0050,788,13:08,139.5,154.5,152.6,143.3,152.8,153.2,158.6,144.0,153.2,155.6,144.7,145.0
SEALER-0050,789,13:09,140.7,155.6,151.7,142.7,153.1,153.3,157.3,144.2,151.9,156.5,145.2,145.0
SEALER-0050,790,13:10,139.1,154.7,152.2,142.8,153.4,152.8,157.4,144.8,152.9,155.9,146.4,145.5
SEALER-0050,791,13:11,139.5,154.0,151.0,143.7,154.0,154.1,157.4,144.2,153.9,155.8,146.5,146.4
SEALER-0050,792,13:12,140.3,155.9,152.3,142.4,152.9,153.6,158.6,144.0,154.4,156.3,146.0,145.2
SEALER-0050,793,13:13,139.2,155.6,151.7,143.9,154.4,154.0,158.0,144.3,153.8,156.6,146.7,146.1
SEALER-0050,794,13:14,140.2,155.2,152.9,144.1,154.8,153.7,158.1,145.2,153.2,155.6,145.3,146.7
SEALER-0050,795,13:15,140.2,155.1,151.2,143.7,153.3,154.1,158.4,144.3,153.8,155.3,147.0,146.2
SEALER-0050,796,13:16,141.0,157.0,153.2,143.3,155.0,154.4,158.9,145.0,153.0,156.8,146.0,146.4
SEALER-0050,797,13:17,139.9,155.7,152.7,144.1,155.1,154.1,158.3,145.2,154.7,157.0,147.6,146.6
SEALER-0050,798,13:18,140.1,155.3,152.7,143.5,154.7,155.0,159.3,144.6,153.9,156.1,146.3,145.9
SEALER-0050,799,13:19,140.5,155.0,152.1,142.9,154.2,154.4,159.0,145.1,154.6,155.8,146.6,145.3
SEALER-0050,800,13:20,139.8,155.5,151.8,144.1,154.1,154.8,158.9,144.5,153.1,155.7,146.9,146.9
SEALER-0050,801,13:21,140.8,154.4,151.7,143.8,155.0,155.0,159.0,144.3,154.0,156.9,146.0,146.8
SEALER-0050,802,13:22,140.6,156.2,152.6,143.9,155.3,155.3,159.4,144.6,153.9,156.2,147.2,146.2
SEALER-0050,803,13:23,140.7,156.6,152.5,143.6,155.4,154.7,159.7,144.6,154.7,157.2,147.3,146.2
SEALER-0050,804,13:24,140.2,155.7,152.8,144.4,153.9,155.2,159.4,145.3,154.3,156.6,147.6,146.6
SEALER-0050,805,13:25,140.7,156.2,152.0,143.9,154.4,155.5,159.9,144.7,155.2,156.4,146.3,146.6
SEALER-0050,806,13:26,141.4,155.7,152.8,143.8,154.8,155.6,159.8,146.0,154.8,157.1,147.3,145.8
SEALER-0050,807,13:27,140.5,156.0,153.4,143.8,154.7,155.1,159.2,145.4,155.1,156.7,147.7,147.4
SEALER-0050,808,13:28,140.8,155.5,153.3,144.3,154.9,155.7,159.5,144.9,155.4,156.4,147.9,147.4
SEALER-0050,809,13:29,140.0,156.0,153.5,144.0,155.2,154.7,160.6,145.2,154.7,156.9,147.2,147.1
SEALER-0050,810,13:30,141.8,156.7,153.2,145.3,155.3,155.8,159.3,145.5,153.8,157.9,147.7,147.5
SEALER-0050,811,13:31,140.7,155.4,152.9,144.4,155.5,156.5,160.4,145.3,153.8,156.8,148.2,147.9
SEALER-0050,812,13:32,141.8,156.8,153.4,144.6,155.7,155.5,159.8,145.4,154.5,157.6,147.8,147.6
SEALER-0050,813,13:33,140.2,156.5,153.8,144.0,154.3,156.0,159.6,146.0,155.0,157.1,147.1,146.8
SEALER-0050,814,13:34,141.2,156.1,154.4,144.9,155.1,155.8,159.0,146.3,155.3,156.7,147.0,147.7
SEALER-0050,815,13:35,141.4,155.8,153.9,145.1,154.9,155.1,159.6,145.8,156.1,157.3,146.8,147.0
SEALER-0050,816,13:36,141.5,156.2,153.5,144.3,155.4,155.1,159.9,145.2,155.8,157.6,147.7,147.6
SEALER-0050,817,13:37,141.4,156.6,153.7,145.1,155.7,156.3,160.3,145.7,155.5,157.4,148.1,147.6
SEALER-0050,818,13:38,142.3,156.0,152.9,144.9,155.6,155.6,160.1,145.3,155.7,156.6,147.8,147.5
SEALER-0050,819,13:39,142.0,156.8,154.0,144.6,156.0,155.8,161.5,145.7,155.4,158.4,148.4,148.0
SEALER-0050,820,13:40,142.3,155.9,154.1,144.8,156.1,155.4,159.6,146.1,156.1,158.0,148.0,147.3
SEALER-0050,821,13:41,142.2,157.0,153.3,144.5,156.6,155.4,160.1,147.3,154.4,156.9,148.2,147.8
SEALER-0050,822,13:42,142.2,157.1,153.6,145.7,156.2,156.2,160.3,145.9,154.8,158.6,147.9,148.3
SEALER-0050,823,13:43,142.3,156.7,154.0,145.0,156.3,156.6,160.3,146.5,156.4,157.8,147.9,148.0
SEALER-0050,824,13:44,141.3,157.3,153.8,144.4,155.6,156.5,160.9,146.4,156.0,158.2,147.9,147.4
SEALER-0050,825,13:45,141.3,157.5,154.3,145.1,156.9,156.6,159.8,146.9,156.6,158.6,148.2,148.0
SEALER-0050,826,13:46,142.1,157.1,154.7,145.4,156.1,156.3,161.0,145.8,155.8,158.7,149.2,148.5
SEALER-0050,827,13:47,141.8,157.5,154.2,144.9,155.8,156.4,161.9,146.3,156.0,158.5,147.6,147.8
SEALER-0050,828,13:48,142.0,157.0,153.9,145.2,155.9,156.9,161.5,146.5,155.9,158.5,148.5,147.6
SEALER-0050,829,13:49,142.2,157.9,153.8,145.9,156.9,156.9,161.6,147.4,157.0,158.3,149.3,147.9
SEALER-0050,830,13:50,142.2,157.5,154.5,146.2,157.4,157.0,161.2,146.7,156.4,159.0,148.4,149.1
SEALER-0050,831,13:51,142.4,157.6,154.4,145.3,157.6,155.9,161.3,146.5,156.3,158.8,149.3,148.8
SEALER-0050,832,13:52,142.7,158.0,154.6,145.8,157.2,156.6,161.4,147.5,157.0,159.0,148.3,148.1
SEALER-0050,833,13:53,141.6,158.3,155.3,146.3,156.7,157.0,161.6,147.9,156.3,158.9,148.8,148.6
SEALER-0050,834,13:54,142.8,157.6,154.8,146.2,156.6,156.9,161.4,146.4,157.4,158.5,148.8,149.4
SEALER-0050,835,13:55,142.1,158.0,154.8,146.8,156.7,156.9,161.3,146.7,155.8,158.6,149.2,148.4
SEALER-0050,836,13:56,143.3,156.7,155.3,146.5,157.8,156.4,161.9,146.5,155.6,158.8,149.8,150.0
SEALER-0050,837,13:57,143.5,157.4,155.3,145.5,157.7,156.8,161.5,147.5,156.6,158.4,149.3,148.5
SEALER-0050,838,13:58,142.9,158.8,155.5,145.6,156.4,157.2,161.9,147.5,156.8,158.7,149.7,148.5
SEALER-0050,839,13:59,142.6,158.1,154.5,145.5,156.8,157.6,161.2,147.0,157.0,158.8,149.7,148.7
SEALER-0050,840,14:00,143.1,157.7,155.4,147.1,157.1,157.2,161.7,147.6,156.8,158.8,149.6,149.6
SEALER-0050,841,14:01,142.7,158.5,154.5,145.7,157.5,158.2,162.1,148.2,157.8,159.1,149.5,148.8
SEALER-0050,842,14:02,143.9,159.0,154.8,146.6,156.9,157.3,161.9,147.2,157.0,159.0,150.5,150.3
SEALER-0050,843,14:03,143.1,157.9,155.3,146.0,157.5,157.2,161.8,148.5,156.5,159.0,149.1,149.5
SEALER-0050,844,14:04,143.0,158.5,154.6,146.6,157.5,157.4,161.2,147.9,157.1,159.5,149.9,149.7
SEALER-0050,845,14:05,142.6,158.7,155.8,146.9,158.2,157.6,162.2,147.4,157.5,159.4,149.2,149.5
SEALER-0050,846,14:06,143.5,158.5,155.4,146.1,157.2,157.8,161.7,148.0,157.2,159.4,149.7,149.1
SEALER-0050,847,14:07,143.4,158.2,154.7,147.2,158.0,158.6,162.4,147.5,157.2,160.0,149.6,150.6
SEALER-0050,848,14:08,142.8,158.4,155.1,146.8,157.8,157.1,161.7,148.0,157.8,159.4,149.5,150.0
SEALER-0050,849,14:09,143.0,159.1,155.3,146.2,157.9,159.3,162.0,147.6,156.6,160.1,150.1,149.7
SEALER-0050,850,14:10,143.5,159.2,156.2,147.5,157.8,156.9,161.5,147.6,157.7,159.6,150.2,149.7
SEALER-0050,851,14:11,144.1,159.2,155.5,146.7,158.7,158.6,162.9,148.0,158.2,159.7,149.8,149.0
SEALER-0050,852,14:12,143.4,159.3,155.1,145.8,158.3,158.3,162.4,148.3,158.3,159.9,150.5,148.9
SEALER-0050,853,14:13,144.3,159.4,157.0,146.6,157.8,157.2,162.7,147.5,157.2,160.1,149.7,149.1
SEALER-0050,854,14:14,143.7,159.9,156.6,147.4,159.2,159.2,163.8,148.1,157.8,160.0,150.7,150.5
SEALER-0050,855,14:15,144.0,159.2,156.2,147.7,158.5,157.7,162.0,148.0,158.1,161.0,149.8,150.0
SEALER-0050,856,14:16,144.5,159.3,155.4,147.2,158.3,159.1,163.8,148.2,158.7,160.2,150.2,151.4
SEALER-0050,857,14:17,143.6,159.0,156.1,147.1,158.5,158.6,162.2,148.8,157.8,160.6,150.1,149.6
SEALER-0050,858,14:18,143.5,159.5,156.1,146.8,158.0,159.6,163.6,148.6,158.9,160.8,149.5,150.5
SEALER-0050,859,14:19,142.3,158.9,156.8,147.8,158.4,159.0,162.6,148.7,158.7,160.8,150.4,150.2
SEALER-0050,860,14:20,143.9,159.9,157.7,147.2,158.8,159.1,163.0,149.8,157.8,160.7,150.7,149.3
SEALER-0050,861,14:21,145.3,159.1,156.1,147.0,158.1,159.9,163.3,149.3,157.5,160.6,150.1,151.1
SEALER-0050,862,14:22,144.7,159.8,155.8,148.6,158.1,158.2,162.9,148.8,158.9,161.0,150.5,150.4
SEALER-0050,863,14:23,144.7,160.1,157.0,146.9,158.2,159.1,164.5,149.5,158.2,160.5,150.6,150.0
SEALER-0050,864,14:24,144.8,160.0,156.1,148.3,158.9,158.0,163.8,149.6,158.6,160.6,151.3,150.2
SEALER-0050,865,14:25,144.9,160.5,156.4,147.5,158.8,159.1,163.4,149.4,159.0,161.1,150.7,151.3
SEALER-0050,866,14:26,144.3,160.0,157.4,148.0,160.0,159.5,163.2,148.9,158.8,160.1,150.8,151.0
SEALER-0050,867,14:27,144.9,160.1,157.9,146.9,158.6,159.8,163.5,149.1,158.8,162.2,150.7,151.5
SEALER-0050,868,14:28,144.4,160.3,156.8,148.5,159.9,158.6,164.0,149.3,158.9,160.5,150.6,150.7
SEALER-0050,869,14:29,145.3,160.3,157.0,147.0,158.3,159.1,163.4,150.5,158.4,160.7,151.3,150.4
SEALER-0050,870,14:30,144.6,161.0,156.9,147.7,159.3,158.5,165.0,149.6,159.4,161.1,151.3,150.8
SEALER-0050,871,14:31,145.1,159.5,157.5,148.4,159.7,159.3,164.0,149.7,158.9,161.1,151.5,150.7
SEALER-0050,872,14:32,144.8,159.9,157.3,147.7,159.8,159.9,164.1,150.4,160.1,161.7,151.3,150.1
SEALER-0050,873,14:33,144.9,160.6,156.9,148.1,158.6,160.0,163.9,149.4,159.5,160.6,150.8,151.2
SEALER-0050,874,14:34,146.0,160.2,157.3,148.4,158.2,159.9,164.7,148.6,159.2,161.7,151.0,151.0
SEALER-0050,875,14:35,145.0,159.6,158.0,148.3,160.1,159.4,164.1,150.0,159.8,162.7,151.6,151.1
SEALER-0050,876,14:36,145.1,160.1,157.8,148.2,160.2,159.8,163.7,148.5,160.0,161.1,151.8,150.7
SEALER-0050,877,14:37,145.2,160.5,157.1,148.8,159.9,160.3,165.6,150.1,159.8,160.6,150.8,151.0
SEALER-0050,878,14:38,145.3,161.0,157.0,147.8,159.7,160.0,164.1,150.3,159.3,161.7,151.5,150.9
SEALER-0050,879,14:39,145.3,161.1,157.8,148.7,159.8,160.7,164.3,149.7,159.7,162.0,152.4,151.4
SEALER-0050,880,14:40,144.7,161.1,157.8,148.6,158.9,160.6,165.2,148.7,159.3,162.3,152.0,151.5
SEALER-0050,881,14:41,145.8,161.4,156.6,148.4,159.9,160.1,164.9,150.3,159.3,162.2,152.2,151.9
SEALER-0050,882,14:42,145.0,160.6,158.1,148.1,160.6,160.6,163.3,150.6,160.5,161.1,151.1,151.8
SEALER-0050,883,14:43,145.4,160.0,158.1,149.2,160.0,160.8,164.6,149.7,159.8,162.0,152.3,151.6
SEALER-0050,884,14:44,146.1,160.6,158.6,148.6,159.8,160.4,164.4,150.0,159.7,163.0,153.0,152.1
SEALER-0050,885,14:45,145.7,159.4,158.3,149.2,160.4,160.5,165.3,150.9,159.8,162.0,152.1,151.5
SEALER-0050,886,14:46,145.6,161.2,158.1,148.9,160.1,159.8,164.4,150.2,160.1,162.5,153.0,153.0
SEALER-0050,887,14:47,145.0,160.9,157.8,148.5,160.6,160.9,165.3,151.2,160.6,161.8,152.8,151.9
SEALER-0050,888,14:48,144.9,161.4,157.5,149.2,160.6,160.7,164.9,150.2,159.7,161.8,152.9,152.2
SEALER-0050,889,14:49,146.8,161.8,158.3,149.2,160.6,161.5,165.4,149.9,160.3,162.9,152.6,151.6
SEALER-0050,890,14:50,144.9,161.3,157.8,149.0,160.9,160.0,165.7,150.5,159.8,163.0,153.2,152.4
SEALER-0050,891,14:51,145.7,161.2,159.6,149.6,160.5,161.1,165.5,150.4,160.9,163.1,152.1,152.5
SEALER-0050,892,14:52,145.7,161.5,157.9,149.9,159.7,161.9,166.5,151.9,160.3,162.0,152.8,151.6
SEALER-0050,893,14:53,145.2,161.5,159.1,149.1,160.3,161.2,165.6,150.2,160.7,162.3,152.4,152.2
SEALER-0050,894,14:54,146.3,161.3,158.2,150.1,161.4,161.5,165.3,151.2,160.2,162.4,152.8,152.7
SEALER-0050,895,14:55,145.5,161.4,159.1,149.2,161.1,161.1,165.2,151.4,160.6,162.0,151.9,152.9
SEALER-0050,896,14:56,146.5,161.8,158.3,149.7,160.7,161.5,165.7,150.0,161.6,162.3,152.7,152.6
SEALER-0050,897,14:57,145.6,162.8,157.8,150.6,161.7,161.8,166.2,150.8,160.4,163.3,151.9,152.6
SEALER-0050,898,14:58,147.0,161.7,159.4,149.0,161.9,161.7,165.5,150.2,160.3,163.4,152.9,153.1
SEALER-0050,899,14:59,146.8,161.8,159.4,148.9,161.1,161.4,166.3,150.7,160.8,163.3,153.2,153.1
SEALER-0050,900,15:00,146.2,162.9,159.0,150.1,162.5,161.0,166.0,151.1,160.8,162.9,152.6,153.0
SEALER-0050,901,15:01,146.6,162.4,158.6,149.1,161.4,160.7,165.6,151.0,160.9,162.1,153.5,152.2
SEALER-0050,902,15:02,145.5,162.0,159.7,150.0,161.7,161.3,166.2,151.8,160.0,164.0,154.1,153.2
SEALER-0050,903,15:03,147.0,161.4,158.4,150.7,162.0,161.0,166.2,151.7,161.1,163.3,153.3,153.3
SEALER-0050,904,15:04,147.5,161.5,158.7,149.9,161.8,162.0,166.9,151.7,161.7,164.2,152.7,153.4
SEALER-0050,905,15:05,146.8,161.9,158.9,150.2,162.0,162.2,165.0,151.2,161.8,163.5,153.4,153.6
SEALER-0050,906,15:06,146.9,162.6,158.3,151.0,160.8,161.8,166.6,151.3,160.6,163.3,153.6,152.3
SEALER-0050,907,15:07,146.6,162.2,159.0,151.0,161.5,162.6,166.5,151.5,161.5,163.4,153.4,153.1
SEALER-0050,908,15:08,146.8,163.6,159.9,150.3,162.3,162.2,165.9,151.5,161.9,163.8,153.3,153.8
SEALER-0050,909,15:09,147.4,163.2,158.3,151.1,162.4,162.5,166.3,151.9,160.9,163.4,153.3,153.2
SEALER-0050,910,15:10,146.9,162.6,159.3,149.6,161.1,162.3,166.6,151.5,160.8,164.2,153.5,153.5
SEALER-0050,911,15:11,147.6,162.6,159.9,151.2,162.1,162.3,166.7,151.6,161.6,163.6,153.7,153.4
SEALER-0050,912,15:12,147.3,163.1,160.1,150.1,162.3,161.1,167.1,152.4,162.9,163.6,154.8,152.8
SEALER-0050,913,15:13,147.4,163.1,160.1,150.2,162.3,161.3,166.6,151.6,161.7,162.4,153.6,154.2
SEALER-0050,914,15:14,147.8,162.6,159.5,151.1,162.2,162.2,166.7,152.0,161.4,165.2,154.3,153.7
SEALER-0050,915,15:15,147.0,163.2,160.3,151.3,161.8,162.9,167.2,151.8,162.3,163.4,154.4,153.8
SEALER-0050,916,15:16,147.1,163.5,160.7,151.2,162.6,162.3,166.9,152.4,162.9,164.5,153.1,153.5
SEALER-0050,917,15:17,147.1,163.5,159.2,150.8,162.8,163.2,167.1,152.2,161.9,164.0,153.7,155.1
SEALER-0050,918,15:18,147.1,163.5,160.4,150.0,162.1,162.5,167.2,152.6,161.3,164.4,153.1,153.3
SEALER-0050,919,15:19,147.4,163.4,160.2,151.9,163.1,162.9,166.8,151.3,161.7,164.5,154.3,154.0
SEALER-0050,920,15:20,148.4,162.3,159.8,150.8,162.4,163.3,167.9,153.0,162.2,162.6,154.0,153.4
SEALER-0050,921,15:21,147.9,163.2,159.9,151.0,163.3,162.1,167.3,152.6,162.3,164.7,154.9,153.5
SEALER-0050,922,15:22,148.1,162.7,160.4,150.7,162.6,162.6,167.2,152.1,162.4,163.6,154.9,153.7
SEALER-0050,923,15:23,148.0,163.8,160.9,151.5,163.0,163.3,167.2,151.9,162.5,164.9,154.4,153.5
SEALER-0050,924,15:24,148.4,163.5,159.5,150.9,164.0,163.4,168.3,152.7,163.0,163.7,154.6,154.4
SEALER-0050,925,15:25,149.0,163.0,161.1,150.6,163.1,163.5,167.7,152.2,161.6,164.3,154.2,154.2
SEALER-0050,926,15:26,148.0,163.7,160.1,151.0,164.2,163.7,167.8,152.3,163.5,163.5,154.8,154.6
SEALER-0050,927,15:27,147.9,163.3,161.5,151.5,163.5,163.5,167.2,153.4,162.9,163.4,155.2,153.8
SEALER-0050,928,15:28,148.3,164.4,160.3,150.7,162.8,163.6,168.2,152.5,162.4,164.4,155.3,153.9
SEALER-0050,929,15:29,148.2,163.3,159.8,151.4,162.5,163.2,167.1,152.8,163.6,162.8,154.8,154.2
SEALER-0050,930,15:30,147.9,164.9,160.4,152.3,162.6,163.8,167.5,153.0,161.5,164.3,154.6,154.7
SEALER-0050,931,15:31,148.7,164.2,159.9,150.4,163.3,163.8,168.1,153.1,163.5,165.5,154.4,153.7
SEALER-0050,932,15:32,147.9,162.0,161.6,151.6,163.9,163.0,168.1,153.1,162.4,162.4,154.8,155.5
SEALER-0050,933,15:33,148.8,162.5,161.3,151.2,162.9,163.8,168.3,153.1,162.9,164.7,153.9,155.3
SEALER-0050,934,15:34,147.4,164.8,158.8,151.6,164.3,165.0,168.8,153.6,162.5,163.8,154.4,154.7
SEALER-0050,935,15:35,148.9,162.5,159.3,150.8,162.8,163.9,168.4,153.3,162.6,163.4,155.3,154.4
SEALER-0050,936,15:36,148.9,162.6,159.7,151.7,163.6,162.8,168.5,152.8,162.5,164.3,155.0,155.1
SEALER-0050,937,15:37,148.8,163.4,159.2,152.1,162.9,163.9,168.0,152.3,162.5,165.5,153.2,155.4
SEALER-0050,938,15:38,147.7,164.5,159.9,151.3,164.4,164.9,168.1,153.7,162.2,164.3,154.6,155.1
SEALER-0050,939,15:39,148.3,163.6,160.7,151.8,164.3,163.9,168.4,153.6,164.2,164.5,154.2,154.3
SEALER-0050,940,15:40,148.9,163.3,160.7,151.0,163.1,164.5,169.0,153.9,162.3,165.5,153.8,155.3
SEALER-0050,941,15:41,149.6,165.0,161.0,150.1,163.9,163.3,169.1,154.1,163.4,165.3,156.3,155.4
SEALER-0050,942,15:42,148.9,164.0,160.7,150.8,163.5,163.9,168.7,155.1,160.7,163.0,155.1,155.1
SEALER-0050,943,15:43,149.6,164.5,159.5,151.1,163.6,164.2,168.0,154.2,164.0,164.5,155.6,155.2
SEALER-0050,944,15:44,149.1,165.1,160.8,151.4,164.9,163.9,168.7,153.1,162.6,164.8,154.3,156.4
SEALER-0050,945,15:45,148.7,164.2,159.9,150.7,164.3,164.1,168.8,153.1,161.4,163.4,153.5,155.0
SEALER-0050,946,15:46,149.3,163.9,161.0,152.8,164.2,163.9,169.0,153.5,163.1,164.1,155.5,155.6
SEALER-0050,947,15:47,148.6,164.4,161.2,150.6,164.4,164.3,168.9,154.1,161.1,164.2,156.0,155.4
SEALER-0050,948,15:48,148.6,163.4,161.1,152.1,163.9,163.9,168.7,154.2,163.6,164.5,154.8,156.0
SEALER-0050,949,15:49,149.3,162.9,160.4,151.1,164.5,164.9,169.0,153.1,162.9,165.2,156.2,155.9
SEALER-0050,950,15:50,147.2,163.7,160.1,151.3,164.3,163.7,168.4,154.0,161.9,164.5,153.4,155.2
SEALER-0050,951,15:51,149.3,163.8,160.4,150.6,164.6,164.3,169.6,155.0,160.3,164.3,155.1,155.4
SEALER-0050,952,15:52,150.3,164.4,160.2,149.7,165.3,162.8,169.7,154.9,163.8,164.7,154.5,155.6
SEALER-0050,953,15:53,148.3,164.6,160.0,152.4,164.3,165.0,168.8,154.8,161.8,164.7,154.9,156.5
SEALER-0050,954,15:54,149.8,164.0,158.6,149.6,164.6,165.6,169.9,155.6,162.5,163.2,156.2,156.2
SEALER-0050,955,15:55,149.2,164.6,160.8,149.8,165.1,165.2,169.6,154.0,161.9,163.9,154.8,154.9
SEALER-0050,956,15:56,148.0,163.4,160.2,151.4,163.8,164.8,169.4,153.8,162.5,163.8,155.7,154.7
SEALER-0050,957,15:57,149.4,165.0,161.1,150.7,164.0,165.4,169.0,154.7,162.9,162.7,154.1,155.1
SEALER-0050,958,15:58,150.2,163.2,160.7,151.0,165.3,165.7,169.7,155.3,162.4,165.7,155.3,155.3
SEALER-0050,959,15:59,149.1,165.3,161.4,150.5,165.9,164.6,170.1,155.2,163.1,165.4,153.7,156.7
SEALER-0050,960,16:00,149.8,165.7,159.5,151.4,164.8,166.0,170.3,155.7,161.3,164.4,155.3,156.8
SEALER-0050,961,16:01,148.6,163.4,160.7,151.3,165.2,164.0,170.5,155.2,163.9,164.3,156.7,155.4
SEALER-0050,962,16:02,148.7,163.0,158.8,149.3,165.5,165.0,168.9,153.2,161.6,164.7,152.8,155.3
SEALER-0050,963,16:03,148.3,162.9,160.2,150.2,166.1,164.7,171.0,154.3,163.4,164.4,154.6,156.7
SEALER-0050,964,16:04,149.3,165.3,160.3,150.9,165.2,164.7,169.9,154.8,163.2,164.2,155.6,156.9
SEALER-0050,965,16:05,149.3,163.4,160.2,151.4,164.2,164.3,170.7,154.4,162.6,164.0,155.2,156.1
SEALER-0050,966,16:06,150.6,163.0,162.1,152.6,165.3,165.4,170.3,154.6,163.1,165.1,155.0,156.2
SEALER-0050,967,16:07,149.0,163.4,159.6,151.6,166.1,165.0,170.4,155.0,161.6,164.8,154.8,155.4
SEALER-0050,968,16:08,150.3,163.0,160.3,151.1,164.3,164.0,169.5,155.2,163.6,163.9,153.1,155.0
SEALER-0050,969,16:09,148.8,164.9,159.4,151.6,164.7,166.2,170.0,155.1,163.0,165.7,155.7,155.6
SEALER-0050,970,16:10,148.5,164.4,158.8,151.1,166.0,165.1,170.0,155.0,163.6,164.8,155.0,157.1
SEALER-0050,971,16:11,149.4,165.3,160.3,152.6,165.0,166.7,170.6,154.4,162.5,165.8,155.1,154.9
SEALER-0050,972,16:12,148.0,164.1,160.5,150.6,165.7,164.9,171.2,153.1,162.7,165.5,156.2,155.9
SEALER-0050,973,16:13,149.4,163.1,158.4,151.8,165.7,166.2,169.8,153.9,162.1,165.4,154.6,155.5
SEALER-0050,974,16:14,150.0,163.7,159.2,152.2,164.2,165.8,170.7,154.0,163.2,163.6,154.3,155.8
SEALER-0050,975,16:15,149.1,162.7,160.7,151.2,164.5,164.4,169.6,152.7,162.6,165.1,153.7,156.7
SEALER-0050,976,16:16,148.8,163.6,159.9,152.0,164.1,164.6,169.0,153.9,162.0,163.4,153.9,155.5
SEALER-0050,977,16:17,149.5,163.4,160.1,151.0,164.0,166.3,168.7,155.1,161.5,164.0,156.0,157.0
SEALER-0050,978,16:18,148.7,162.6,160.6,152.3,166.0,165.6,169.5,153.6,161.4,163.4,156.3,156.4
SEALER-0050,979,16:19,148.4,164.1,159.7,152.0,167.0,165.5,169.8,156.2,162.5,164.3,156.3,155.2
SEALER-0050,980,16:20,149.0,163.8,160.5,151.2,163.8,165.8,170.7,155.0,161.0,164.0,153.6,154.4
SEALER-0050,981,16:21,147.8,164.1,158.1,151.3,164.7,165.5,170.2,154.4,162.5,164.2,154.7,158.3
SEALER-0050,982,16:22,149.5,164.1,160.7,150.5,164.7,166.0,168.9,153.4,163.2,163.5,156.4,156.3
SEALER-0050,983,16:23,149.4,163.9,160.4,149.4,165.3,165.4,170.7,155.1,161.7,163.9,153.4,157.1
SEALER-0050,984,16:24,148.6,165.4,160.9,150.7,164.9,163.9,171.5,154.0,162.2,163.5,156.1,154.6
SEALER-0050,985,16:25,149.6,162.9,159.9,151.9,164.1,165.8,170.2,155.5,161.8,164.4,154.1,154.6
SEALER-0050,986,16:26,149.1,165.6,159.8,151.7,166.3,164.9,169.4,158.2,163.3,164.5,155.4,154.6
SEALER-0050,987,16:27,147.8,165.6,160.6,150.0,163.5,165.0,169.2,155.9,162.1,163.5,154.9,156.0
SEALER-0050,988,16:28,148.8,163.3,158.8,151.9,163.9,164.9,169.5,154.2,161.9,164.7,154.8,156.5
SEALER-0050,989,16:29,150.4,164.1,160.4,150.9,164.6,165.0,170.5,153.6,162.1,163.8,155.4,154.7
SEALER-0050,990,16:30,150.0,164.0,160.1,150.9,164.9,166.1,167.6,155.2,162.1,162.9,154.3,155.5
SEALER-0050,991,16:31,148.7,164.3,160.1,149.6,163.9,164.6,171.5,153.5,162.5,163.5,154.9,155.7
SEALER-0050,992,16:32,147.6,163.4,160.8,150.9,164.6,165.0,170.2,156.4,162.3,164.9,155.6,155.7
SEALER-0050,993,16:33,147.9,164.1,160.2,151.0,165.7,165.8,169.6,153.5,163.6,164.2,156.0,157.6
SEALER-0050,994,16:34,148.5,163.2,161.1,150.5,166.5,165.8,170.0,155.8,163.1,164.2,155.9,155.3
SEALER-0050,995,16:35,149.0,163.8,159.9,149.1,164.0,167.8,170.5,154.3,162.7,162.4,155.4,154.5
SEALER-0050,996,16:36,149.2,163.3,160.1,150.8,164.4,163.7,169.9,155.6,163.4,164.3,155.4,156.8
SEALER-0050,997,16:37,149.0,164.2,159.2,149.9,166.1,166.8,169.1,155.2,163.0,165.0,155.1,156.1
SEALER-0050,998,16:38,149.4,165.6,159.9,150.3,165.6,164.7,169.8,154.1,161.7,165.0,153.7,155.4
SEALER-0050,999,16:39,149.1,164.4,160.9,150.5,166.3,165.0,169.5,154.7,163.0,163.3,155.3,153.7
SEALER-0050,1000,16:40,149.2,164.1,161.5,151.3,166.7,164.7,170.7,156.5,162.6,163.6,155.0,156.1
SEALER-0050,1001,16:41,150.2,165.8,159.8,151.6,165.0,165.5,168.9,154.0,162.9,163.9,155.9,154.3
SEALER-0050,1002,16:42,148.3,164.9,160.2,149.7,164.2,166.9,169.9,155.5,160.4,164.0,155.6,156.6
SEALER-0050,1003,16:43,150.6,162.9,160.0,150.2,163.8,166.1,171.3,153.7,163.5,164.6,154.8,155.0
SEALER-0050,1004,16:44,148.2,163.1,161.2,149.7,164.8,165.1,169.8,153.7,163.4,164.3,153.8,155.1
SEALER-0050,1005,16:45,149.1,163.3,160.8,150.3,165.6,165.6,169.2,154.3,163.0,164.0,156.4,155.6
SEALER-0050,1006,16:46,149.6,162.9,160.0,150.0,164.7,164.6,171.4,154.9,163.3,164.1,155.9,155.0
SEALER-0050,1007,16:47,148.2,162.6,159.1,152.3,164.6,166.7,169.1,154.6,162.5,163.0,155.2,154.9
SEALER-0050,1008,16:48,149.3,164.2,160.9,151.2,164.5,164.4,168.6,153.1,162.2,164.8,154.4,155.1
SEALER-0050,1009,16:49,148.3,162.9,161.3,150.3,165.4,166.6,168.2,154.5,162.8,163.8,156.5,157.1
SEALER-0050,1010,16:50,149.2,164.6,159.5,151.4,165.3,164.3,170.1,155.4,162.5,164.0,154.3,156.4
SEALER-0050,1011,16:51,148.7,163.8,159.7,150.6,165.7,165.3,169.5,153.5,163.3,164.9,153.9,156.2
SEALER-0050,1012,16:52,148.3,163.9,161.1,150.0,164.5,165.3,169.5,154.8,162.6,164.7,154.2,154.9
SEALER-0050,1013,16:53,148.3,162.3,160.3,150.4,165.9,167.5,168.9,155.5,162.1,164.8,153.3,156.1
SEALER-0050,1014,16:54,147.4,164.4,160.0,152.1,166.2,164.7,170.0,154.6,162.2,163.7,154.9,155.3
SEALER-0050,1015,16:55,148.1,164.7,158.3,151.0,163.7,164.5,170.0,154.1,162.4,162.6,155.3,155.5
SEALER-0050,1016,16:56,148.2,163.6,161.3,151.7,165.2,165.5,170.1,153.3,162.7,164.9,156.0,155.2
SEALER-0050,1017,16:57,148.1,165.2,159.1,150.3,165.2,165.5,169.4,154.2,163.2,165.3,154.7,155.7
SEALER-0050,1018,16:58,149.1,162.9,161.9,151.3,164.3,167.5,169.9,154.2,164.4,164.3,154.8,155.6
SEALER-0050,1019,16:59,149.7,164.3,160.9,152.3,164.6,165.1,168.7,153.5,163.9,164.8,155.0,156.5
SEALER-0050,1020,17:00,148.7,163.1,160.0,152.3,164.8,164.0,170.4,155.5,162.7,163.1,155.1,156.4
SEALER-0050,1021,17:01,148.3,164.4,159.2,151.1,164.5,164.7,168.4,154.5,163.4,165.2,154.7,157.0
SEALER-0050,1022,17:02,149.1,164.0,161.1,152.7,164.7,165.1,169.9,154.5,162.7,163.4,154.5,155.7
SEALER-0050,1023,17:03,148.9,164.0,162.2,151.1,164.7,165.2,169.8,154.8,162.0,164.4,154.7,154.6
SEALER-0050,1024,17:04,149.6,163.7,161.5,151.2,164.7,165.1,170.7,154.8,163.6,163.6,157.0,156.1
SEALER-0050,1025,17:05,149.1,163.0,161.1,151.3,165.5,165.8,168.9,154.1,163.8,163.3,154.5,155.6
SEALER-0050,1026,17:06,148.8,164.8,161.0,150.9,164.0,166.3,170.9,153.6,161.8,165.5,155.5,155.6
SEALER-0050,1027,17:07,149.1,164.1,160.9,150.6,163.9,163.9,170.4,155.6,161.8,164.2,154.3,154.1
SEALER-0050,1028,17:08,148.7,164.6,160.6,150.5,164.4,165.6,169.3,155.7,162.4,165.4,155.2,155.4
SEALER-0050,1029,17:09,147.8,163.6,161.4,149.1,165.5,166.3,170.2,155.0,162.0,164.9,154.1,156.3
SEALER-0050,1030,17:10,150.2,163.9,159.7,150.5,164.5,164.8,170.1,154.5,163.7,165.1,155.7,155.9
SEALER-0050,1031,17:11,149.2,162.5,158.8,152.0,165.3,166.0,169.5,155.6,163.1,163.6,153.8,156.0
SEALER-0050,1032,17:12,150.0,163.7,160.8,149.6,166.0,165.5,172.6,155.4,163.4,164.2,154.7,156.7
SEALER-0050,1033,17:13,148.1,164.0,161.1,149.7,163.8,166.8,166.8,154.7,161.9,163.9,154.5,156.4
SEALER-0050,1034,17:14,149.1,164.6,159.3,150.9,162.9,165.2,169.5,154.4,162.3,164.6,154.8,155.9
SEALER-0050,1035,17:15,148.0,164.7,160.8,151.9,165.8,166.9,170.4,155.5,162.4,164.3,153.4,157.0
SEALER-0050,1036,17:16,148.1,165.3,160.2,150.1,165.2,165.1,169.1,153.3,162.8,164.7,154.6,155.0
SEALER-0050,1037,17:17,149.3,163.3,160.5,151.3,164.9,166.3,169.8,155.4,163.5,163.5,154.2,156.4
SEALER-0050,1038,17:18,149.0,163.1,161.2,150.4,167.0,165.8,169.7,154.5,162.8,164.4,154.6,155.0
SEALER-0050,1039,17:19,148.8,163.5,160.5,152.8,165.6,166.4,170.4,154.0,163.1,163.5,156.0,156.4
SEALER-0050,1040,17:20,148.7,164.6,159.6,151.8,164.6,167.1,170.2,154.0,161.1,163.8,153.9,155.0
SEALER-0050,1041,17:21,148.1,165.8,158.3,152.3,165.0,165.2,171.9,154.0,162.1,164.9,153.3,155.5
SEALER-0050,1042,17:22,149.8,163.2,159.2,150.3,164.7,166.1,170.2,154.7,163.3,164.9,152.4,155.9
SEALER-0050,1043,17:23,148.9,163.7,159.9,152.4,165.3,167.8,170.3,153.4,163.1,163.0,156.2,154.3
SEALER-0050,1044,17:24,147.7,163.0,159.4,151.4,164.5,164.2,168.9,155.2,161.9,163.6,156.2,155.1
SEALER-0050,1045,17:25,149.7,163.9,161.7,151.2,165.9,165.1,170.3,153.3,160.4,164.5,154.9,156.0
SEALER-0050,1046,17:26,147.6,164.6,158.5,151.1,164.2,166.0,169.2,154.5,162.7,165.4,154.2,154.5
SEALER-0050,1047,17:27,148.2,164.4,160.5,151.0,164.0,165.4,170.7,154.8,162.8,164.1,155.7,156.1
SEALER-0050,1048,17:28,147.9,164.3,160.5,151.9,164.7,165.8,169.3,154.9,162.9,163.3,155.2,155.0
SEALER-0050,1049,17:29,148.9,163.5,159.3,150.5,165.1,166.3,170.5,154.5,163.0,164.3,155.7,156.2
SEALER-0050,1050,17:30,148.7,164.0,160.5,151.1,164.7,166.1,170.5,153.7,163.1,164.3,156.4,154.7
SEALER-0050,1051,17:31,151.0,164.0,159.3,150.2,165.6,165.5,169.2,155.6,162.7,164.8,154.5,154.5
SEALER-0050,1052,17:32,149.0,165.4,160.6,151.8,163.5,166.6,169.8,153.8,162.4,166.1,155.5,156.1
SEALER-0050,1053,17:33,149.3,165.0,160.6,151.1,165.8,165.7,169.9,156.1,161.9,164.5,155.1,156.3
SEALER-0050,1054,17:34,148.4,164.0,160.2,152.1,165.9,165.4,170.0,154.7,162.3,164.1,155.5,155.3
SEALER-0050,1055,17:35,149.5,164.5,160.6,151.2,164.8,164.8,170.6,154.1,162.4,163.5,155.8,154.0
SEALER-0050,1056,17:36,149.4,164.4,161.7,152.6,165.1,165.1,169.1,154.6,162.8,164.8,156.0,155.4
SEALER-0050,1057,17:37,148.7,163.6,159.9,150.4,166.3,165.7,171.0,155.0,163.4,164.8,157.7,155.3
SEALER-0050,1058,17:38,149.5,164.5,161.5,152.1,165.5,164.4,170.3,154.4,163.1,163.5,154.4,156.1
SEALER-0050,1059,17:39,147.4,164.1,160.6,151.2,163.7,166.0,170.9,152.8,162.4,164.8,154.8,156.3
SEALER-0050,1060,17:40,148.2,163.6,162.5,151.7,165.4,165.5,168.6,155.7,160.1,166.1,154.4,153.8
SEALER-0050,1061,17:41,148.5,163.5,159.6,150.9,165.0,167.0,170.8,154.0,164.0,165.0,155.6,154.6
SEALER-0050,1062,17:42,149.8,163.3,159.0,151.5,164.1,165.5,170.6,154.4,162.9,164.5,154.3,155.0
SEALER-0050,1063,17:43,147.9,162.0,161.2,151.4,164.1,165.9,170.2,153.7,163.4,164.8,155.0,155.3
SEALER-0050,1064,17:44,148.4,165.2,160.3,150.5,165.2,166.6,169.5,154.2,162.5,164.1,156.9,156.4
SEALER-0050,1065,17:45,148.6,164.2,161.0,150.4,165.6,165.8,169.9,153.4,161.8,163.8,154.7,155.9
SEALER-0050,1066,17:46,149.9,165.1,160.6,151.5,165.1,165.1,170.4,154.5,162.7,165.1,154.8,155.4
SEALER-0050,1067,17:47,149.7,164.2,160.3,150.1,165.9,166.3,169.1,155.3,162.7,164.7,154.1,154.6
SEALER-0050,1068,17:48,149.8,162.2,160.8,151.2,165.4,165.1,170.7,156.7,162.5,162.7,155.4,156.1
SEALER-0050,1069,17:49,148.0,163.4,160.3,149.7,165.0,165.6,170.1,154.6,162.4,163.9,155.6,154.3
SEALER-0050,1070,17:50,148.4,164.7,162.0,150.7,165.5,163.7,170.1,153.3,162.4,164.2,156.1,155.0
SEALER-0050,1071,17:51,150.3,163.6,159.2,149.5,165.8,165.9,170.4,153.4,162.9,165.9,154.9,155.8
SEALER-0050,1072,17:52,148.8,163.1,160.8,150.2,164.7,165.6,169.9,154.3,161.6,164.7,154.2,156.3
SEALER-0050,1073,17:53,149.3,163.8,160.3,152.4,165.0,165.2,170.9,155.9,162.4,165.0,156.0,156.5
SEALER-0050,1074,17:54,147.8,164.1,159.4,149.2,164.3,164.5,169.4,154.5,162.8,164.6,154.9,155.7
SEALER-0050,1075,17:55,150.1,162.1,159.4,150.2,163.8,165.9,169.0,154.4,163.0,165.8,155.0,156.4
SEALER-0050,1076,17:56,149.6,162.7,160.2,151.0,164.1,165.9,169.0,155.8,162.4,164.2,154.4,155.4
SEALER-0050,1077,17:57,148.7,164.8,160.6,151.1,164.7,165.7,168.1,155.1,162.3,163.7,155.1,155.1
SEALER-0050,1078,17:58,149.8,163.5,160.7,152.1,165.2,166.7,169.5,155.0,163.9,164.2,154.6,153.8
SEALER-0050,1079,17:59,149.0,163.5,160.7,151.2,164.7,165.9,171.4,154.0,161.1,165.1,154.3,156.1
SEALER-0050,1080,18:00,148.2,164.2,160.1,150.6,165.0,165.4,170.7,152.6,162.5,165.5,156.0,154.4
SEALER-0050,1081,18:01,149.6,164.0,160.8,153.4,164.7,166.9,169.0,155.1,162.2,163.1,154.3,154.6
SEALER-0050,1082,18:02,149.9,164.7,160.8,150.8,165.4,165.7,170.2,155.6,164.0,163.9,154.9,155.4
SEALER-0050,1083,18:03,148.9,163.9,160.9,153.5,164.3,165.6,169.9,154.8,162.6,163.3,156.1,156.5
SEALER-0050,1084,18:04,150.8,164.5,160.0,150.3,164.8,165.4,168.9,153.9,164.1,165.3,154.3,156.3
SEALER-0050,1085,18:05,150.6,160.6,160.8,151.1,164.0,166.8,170.0,153.5,162.8,163.9,155.0,155.5
SEALER-0050,1086,18:06,149.8,164.6,159.4,152.8,165.6,166.0,170.1,155.0,163.3,164.5,155.3,155.4
SEALER-0050,1087,18:07,148.0,164.3,160.7,151.6,164.7,165.8,171.2,153.2,161.0,164.6,155.9,155.3
SEALER-0050,1088,18:08,148.7,164.3,161.1,151.2,165.7,166.3,170.2,154.8,162.2,163.9,155.7,155.4
SEALER-0050,1089,18:09,149.5,164.9,159.7,150.0,165.4,166.5,169.2,154.0,162.5,163.3,155.6,157.4
SEALER-0050,1090,18:10,147.8,162.8,161.4,150.9,164.9,165.0,169.7,153.7,160.6,167.1,155.1,156.8
SEALER-0050,1091,18:11,149.0,163.9,159.4,151.2,164.6,165.2,170.0,153.5,160.3,164.8,157.3,155.2
SEALER-0050,1092,18:12,149.2,164.7,161.2,152.2,164.7,165.9,169.1,153.9,163.0,165.6,155.4,157.3
SEALER-0050,1093,18:13,150.4,164.6,160.3,151.0,164.1,166.0,170.1,154.2,161.2,163.9,154.2,154.5
SEALER-0050,1094,18:14,148.5,163.2,160.0,151.2,163.8,166.4,169.7,154.8,164.5,164.4,154.8,155.5
SEALER-0050,1095,18:15,147.2,164.4,161.5,150.8,165.5,165.7,169.4,154.6,161.1,163.8,156.4,156.1
SEALER-0050,1096,18:16,147.8,164.8,160.2,153.3,165.0,165.8,169.9,155.2,163.1,165.1,154.1,154.8
SEALER-0050,1097,18:17,147.5,164.3,161.5,150.0,166.4,165.3,170.6,154.3,163.2,164.3,155.3,155.6
SEALER-0050,1098,18:18,148.2,164.2,160.2,153.4,166.6,165.7,169.8,154.6,161.8,166.4,154.8,155.5
SEALER-0050,1099,18:19,148.4,165.0,160.5,151.9,164.6,165.0,169.2,153.4,161.7,163.8,155.9,156.9
SEALER-0050,1100,18:20,149.1,162.6,160.7,151.2,164.5,165.7,169.0,154.0,163.0,163.5,155.0,153.6
SEALER-0050,1101,18:21,148.1,163.1,161.0,150.1,165.6,166.3,170.9,154.4,162.2,164.8,156.2,156.5
SEALER-0050,1102,18:22,148.4,165.6,159.4,152.3,163.9,165.7,170.6,153.7,163.5,164.4,155.6,155.2
SEALER-0050,1103,18:23,151.3,163.9,160.0,149.8,163.5,166.2,170.1,156.3,162.5,164.6,154.7,155.1
SEALER-0050,1104,18:24,150.7,162.9,160.6,150.9,165.5,166.3,170.0,154.5,162.4,164.3,154.8,155.6
SEALER-0050,1105,18:25,148.6,163.0,161.2,149.6,165.1,166.0,168.5,154.7,163.2,163.2,156.4,157.1
SEALER-0050,1106,18:26,149.5,163.1,159.6,151.8,164.1,165.9,169.4,155.4,163.0,163.8,153.9,154.7
SEALER-0050,1107,18:27,147.5,162.7,159.0,152.7,166.9,165.3,170.4,154.7,162.3,164.7,154.0,155.8
SEALER-0050,1108,18:28,150.1,163.9,159.3,149.3,164.3,165.1,169.4,153.0,162.5,164.1,155.7,156.6
SEALER-0050,1109,18:29,149.6,164.5,161.2,151.4,165.8,165.6,171.3,154.3,161.2,162.3,155.0,155.9
SEALER-0050,1110,18:30,150.3,163.9,160.0,150.4,166.2,165.7,168.9,155.7,162.5,164.6,155.3,155.8
SEALER-0050,1111,18:31,148.7,163.1,160.9,151.0,165.4,164.2,171.1,154.0,162.8,165.3,155.2,156.0
SEALER-0050,1112,18:32,149.6,163.7,159.9,152.6,164.5,164.8,170.9,155.9,163.0,163.4,155.3,156.9
SEALER-0050,1113,18:33,150.6,163.6,160.4,151.3,164.6,166.0,169.2,156.6,161.8,164.3,153.9,154.6
SEALER-0050,1114,18:34,148.3,164.0,160.9,151.9,165.8,163.7,170.0,154.0,162.9,163.9,154.9,156.0
SEALER-0050,1115,18:35,149.0,163.7,160.1,150.2,165.5,164.5,170.1,154.7,162.6,164.3,154.0,157.2
SEALER-0050,1116,18:36,150.3,163.0,160.8,152.7,163.5,165.2,170.1,154.4,164.4,164.6,155.1,157.0
SEALER-0050,1117,18:37,148.1,165.4,160.6,150.1,165.2,166.0,169.2,155.1,163.9,164.3,152.9,155.1
SEALER-0050,1118,18:38,148.1,164.8,160.6,150.3,165.6,166.5,169.7,155.6,163.7,163.2,154.7,156.6
SEALER-0050,1119,18:39,149.2,164.5,161.1,152.1,165.1,164.8,170.9,155.4,163.4,165.3,153.9,156.0
SEALER-0050,1120,18:40,148.1,162.4,161.2,151.4,164.3,165.8,169.5,153.5,163.2,165.3,153.9,155.4
SEALER-0050,1121,18:41,150.1,164.3,160.4,150.6,165.7,165.3,169.4,154.8,161.2,164.0,153.6,156.4
SEALER-0050,1122,18:42,149.7,163.1,161.9,151.7,164.3,164.4,169.3,153.3,164.3,165.0,153.9,155.3
SEALER-0050,1123,18:43,149.1,162.9,160.0,150.4,165.8,165.5,171.2,154.5,161.9,163.0,153.5,154.6
SEALER-0050,1124,18:44,149.5,163.5,159.4,151.6,167.1,166.0,170.1,155.9,161.5,164.3,155.4,154.5
SEALER-0050,1125,18:45,148.7,164.3,160.5,151.2,165.8,165.1,169.0,154.0,162.4,164.3,155.3,154.1
SEALER-0050,1126,18:46,150.4,165.0,160.5,151.9,164.6,166.1,167.9,153.4,162.8,163.9,155.4,155.8
SEALER-0050,1127,18:47,149.4,163.4,158.5,151.9,165.5,166.8,171.1,155.0,163.6,164.8,156.3,155.5
SEALER-0050,1128,18:48,148.9,164.2,159.7,150.2,165.5,164.4,171.5,154.6,162.1,165.0,156.0,156.1
SEALER-0050,1129,18:49,149.6,164.1,161.1,151.6,166.2,164.7,170.6,155.1,163.3,166.1,155.0,155.6
SEALER-0050,1130,18:50,148.8,163.5,160.0,152.8,165.2,164.8,170.8,155.6,162.4,164.3,154.5,156.1
SEALER-0050,1131,18:51,147.2,163.3,160.4,150.1,165.0,165.9,169.6,154.2,162.9,163.2,157.0,156.1
SEALER-0050,1132,18:52,150.9,164.2,160.4,152.1,165.3,164.9,171.0,156.2,162.9,164.4,155.0,155.2
SEALER-0050,1133,18:53,148.1,163.6,160.0,151.9,164.3,166.8,171.9,154.6,163.2,165.2,153.7,155.7
SEALER-0050,1134,18:54,148.9,163.9,159.5,151.8,164.3,165.1,172.4,154.4,162.7,163.8,155.3,153.1
SEALER-0050,1135,18:55,150.5,164.5,161.3,151.4,165.2,164.6,170.1,153.7,162.9,164.0,154.7,157.2
SEALER-0050,1136,18:56,148.6,164.3,161.0,150.5,166.4,165.9,171.3,154.9,163.7,164.1,155.4,155.1
SEALER-0050,1137,18:57,149.6,163.8,159.6,151.0,164.9,166.3,169.4,154.3,164.6,164.3,155.5,155.1
SEALER-0050,1138,18:58,148.7,163.3,161.3,149.8,164.2,166.0,171.0,156.1,162.9,163.6,154.4,155.7
SEALER-0050,1139,18:59,150.5,165.9,159.2,151.1,164.4,165.8,169.7,154.7,159.8,163.6,155.6,156.3
SEALER-0050,1140,19:00,148.5,164.0,160.4,151.2,165.7,166.1,169.3,154.7,163.3,164.1,153.6,157.6
SEALER-0050,1141,19:01,148.9,162.8,160.6,152.0,164.4,164.9,170.0,154.6,162.8,163.9,153.5,157.5
SEALER-0050,1142,19:02,150.7,164.3,162.4,151.2,166.6,163.2,169.9,155.3,162.3,163.2,157.2,155.7
SEALER-0050,1143,19:03,150.0,164.5,161.2,152.1,164.4,164.4,170.0,152.5,161.6,162.0,155.6,154.7
SEALER-0050,1144,19:04,148.7,163.4,159.3,151.5,164.6,164.6,168.1,155.9,162.9,162.0,154.0,157.4
SEALER-0050,1145,19:05,148.5,163.6,160.0,151.5,165.2,165.9,169.4,155.2,162.0,165.1,154.6,154.8
SEALER-0050,1146,19:06,149.1,163.9,160.3,150.2,164.9,165.9,170.2,153.4,161.4,164.8,156.0,153.8
SEALER-0050,1147,19:07,150.4,165.1,161.5,151.4,166.2,165.1,172.1,154.0,162.6,163.5,154.5,155.5
SEALER-0050,1148,19:08,148.9,164.8,160.2,150.6,164.2,165.7,170.6,155.2,162.9,164.1,153.3,154.0
SEALER-0050,1149,19:09,148.2,163.9,159.4,151.9,164.2,166.9,169.5,154.9,163.1,164.5,154.9,153.3
SEALER-0050,1150,19:10,149.2,163.4,161.3,151.5,164.2,165.9,170.1,153.7,162.3,163.2,155.4,155.8
SEALER-0050,1151,19:11,149.2,162.8,159.6,152.1,162.9,165.5,168.4,154.8,161.3,162.8,155.0,154.9
SEALER-0050,1152,19:12,148.8,164.3,160.4,151.5,164.0,166.0,169.7,156.1,162.1,163.6,153.2,154.4
SEALER-0050,1153,19:13,148.9,164.1,161.4,153.0,164.9,166.2,168.8,155.4,163.5,164.7,155.6,156.0
SEALER-0050,1154,19:14,150.2,163.7,160.0,152.3,165.2,164.9,170.2,155.0,161.6,164.6,155.5,156.1
SEALER-0050,1155,19:15,149.3,163.6,160.4,151.3,164.9,165.6,170.2,153.7,162.9,165.0,155.4,155.5
SEALER-0050,1156,19:16,149.4,163.4,159.7,151.4,164.8,166.6,170.5,154.5,162.5,164.0,154.9,154.6
SEALER-0050,1157,19:17,146.7,165.2,160.4,149.0,165.6,167.2,170.6,153.3,163.8,163.3,155.7,153.9
SEALER-0050,1158,19:18,149.1,164.2,160.5,152.7,164.2,166.6,169.1,155.4,162.3,164.1,155.2,156.4
SEALER-0050,1159,19:19,150.8,163.1,160.8,150.7,164.7,165.7,168.6,154.4,163.0,164.8,154.7,155.5
SEALER-0050,1160,19:20,148.3,163.1,159.0,152.4,165.8,165.9,168.9,154.2,162.6,164.8,155.1,155.7
SEALER-0050,1161,19:21,147.1,164.6,160.2,151.2,164.6,166.6,170.7,155.0,163.7,164.2,153.7,156.5
SEALER-0050,1162,19:22,148.0,165.3,160.8,152.3,165.0,165.3,170.8,155.6,164.1,164.2,156.4,156.3
SEALER-0050,1163,19:23,149.2,163.1,160.8,151.8,164.9,165.2,169.9,154.2,162.5,163.1,154.5,154.8
SEALER-0050,1164,19:24,148.9,162.3,159.7,150.1,164.8,166.8,170.4,154.6,162.7,164.4,155.9,156.1
SEALER-0050,1165,19:25,149.7,163.1,159.0,149.7,164.8,165.9,170.6,153.7,162.2,164.4,154.5,156.1
SEALER-0050,1166,19:26,149.1,163.5,161.4,152.0,166.0,164.5,168.9,155.0,162.9,164.7,153.9,156.6
SEALER-0050,1167,19:27,149.3,161.8,160.3,150.5,165.1,164.9,170.9,155.8,162.8,163.7,153.7,156.1
SEALER-0050,1168,19:28,150.1,163.8,160.4,151.6,163.1,165.5,169.4,154.2,163.3,166.1,154.4,155.8
SEALER-0050,1169,19:29,148.4,163.9,161.2,150.8,164.4,166.0,170.5,153.5,162.3,164.2,156.0,154.7
SEALER-0050,1170,19:30,149.4,164.2,159.5,151.2,165.8,165.4,169.3,153.3,162.3,163.6,153.5,155.2
SEALER-0050,1171,19:31,148.8,163.8,161.7,150.7,164.7,164.1,170.2,153.5,164.2,163.7,154.4,154.6
SEALER-0050,1172,19:32,149.5,163.9,160.1,152.3,165.6,164.6,170.3,154.7,162.5,163.7,154.9,154.1
SEALER-0050,1173,19:33,147.6,165.4,161.4,151.6,163.4,164.7,171.3,153.5,162.8,164.1,155.0,156.1
SEALER-0050,1174,19:34,149.2,163.5,158.7,150.8,165.4,165.6,170.7,155.1,161.3,165.8,156.8,155.2
SEALER-0050,1175,19:35,147.9,164.6,160.3,151.3,164.6,165.8,168.8,154.0,163.3,165.4,154.2,156.6
SEALER-0050,1176,19:36,147.6,164.9,159.4,150.9,164.2,165.6,169.3,153.3,163.5,161.9,154.8,155.3
SEALER-0050,1177,19:37,148.9,163.8,161.7,151.4,166.4,165.9,169.8,154.9,162.2,165.4,155.6,155.5
SEALER-0050,1178,19:38,147.9,164.5,159.7,151.4,164.9,165.5,171.0,153.8,161.7,163.3,156.3,155.9
SEALER-0050,1179,19:39,148.3,164.5,160.0,150.1,166.8,165.7,170.6,154.5,161.4,164.6,153.9,156.6
SEALER-0050,1180,19:40,147.5,164.1,162.4,152.5,167.0,167.2,171.3,155.0,161.7,165.5,154.1,155.9
SEALER-0050,1181,19:41,148.4,163.4,162.0,152.7,165.0,165.0,170.2,154.9,163.0,163.3,154.3,156.7
SEALER-0050,1182,19:42,149.4,163.5,160.3,152.6,165.5,165.0,167.8,154.4,163.9,163.8,154.1,155.0
SEALER-0050,1183,19:43,150.6,164.0,159.8,152.5,164.3,166.2,171.3,155.4,162.1,163.6,153.5,156.3
SEALER-0050,1184,19:44,148.5,163.0,159.7,152.6,165.2,166.8,169.1,154.3,160.8,165.8,155.2,156.4
SEALER-0050,1185,19:45,148.7,163.6,161.3,150.5,165.4,165.2,170.9,154.6,161.2,164.2,155.1,156.2
SEALER-0050,1186,19:46,149.3,163.5,159.9,149.8,164.4,165.4,171.1,153.1,162.7,164.3,152.0,155.5
SEALER-0050,1187,19:47,150.2,163.3,159.6,152.1,164.4,166.3,170.0,155.1,162.0,162.3,154.7,155.8
SEALER-0050,1188,19:48,147.9,164.1,161.7,150.9,165.4,166.0,170.4,153.9,162.5,164.9,156.1,155.7
SEALER-0050,1189,19:49,148.6,164.0,162.1,150.6,164.9,164.8,170.3,155.3,163.1,162.0,153.0,155.8
SEALER-0050,1190,19:50,149.8,163.9,159.0,152.1,166.0,165.1,169.6,154.1,162.3,165.1,155.1,155.3
SEALER-0050,1191,19:51,148.7,164.4,159.9,151.6,165.0,166.8,172.2,154.5,163.2,164.5,156.6,157.8
SEALER-0050,1192,19:52,149.9,163.1,162.0,152.6,166.0,164.1,169.0,153.9,161.8,162.8,156.3,155.1
SEALER-0050,1193,19:53,148.0,163.1,159.7,152.1,165.9,165.3,170.2,153.5,162.2,164.1,156.0,155.2
SEALER-0050,1194,19:54,148.9,164.4,159.5,150.5,165.4,165.0,171.1,153.0,161.7,163.0,154.2,154.2
SEALER-0050,1195,19:55,149.6,164.0,160.0,151.4,166.1,165.4,170.0,153.2,164.5,163.8,153.8,155.8
SEALER-0050,1196,19:56,148.6,164.0,160.3,152.1,163.7,166.7,169.8,155.7,162.6,164.5,155.5,155.9
SEALER-0050,1197,19:57,148.9,162.2,159.4,152.1,165.0,165.4,170.1,155.1,162.7,163.6,154.5,155.1
SEALER-0050,1198,19:58,147.9,163.0,157.9,152.3,164.0,165.2,170.7,155.5,162.8,163.2,154.4,155.4
SEALER-0050,1199,19:59,149.7,164.0,160.4,151.0,165.3,163.8,169.8,153.8,161.3,164.5,154.1,154.4
SEALER-0050,1200,20:00,148.5,164.4,159.4,151.5,164.6,163.6,169.5,152.4,162.4,165.0,153.6,157.0
SEALER-0050,1201,20:01,149.2,163.8,160.4,150.5,164.9,166.5,170.6,154.8,163.4,164.2,155.6,155.4
SEALER-0050,1202,20:02,149.0,164.6,161.1,150.1,166.1,163.6,169.4,155.1,161.5,164.6,155.8,155.5
SEALER-0050,1203,20:03,147.6,164.0,159.3,150.8,164.4,164.3,169.8,154.9,162.5,164.0,154.5,155.3
SEALER-0050,1204,20:04,148.5,164.3,159.7,151.4,163.7,165.5,169.5,154.9,162.7,162.2,155.2,155.8
SEALER-0050,1205,20:05,148.6,164.1,159.2,151.1,164.5,165.7,170.2,154.3,163.3,162.5,153.1,155.7
SEALER-0050,1206,20:06,148.4,162.5,160.6,151.1,164.9,166.6,169.4,156.2,162.2,163.9,154.3,155.0
SEALER-0050,1207,20:07,149.0,164.9,160.2,150.1,165.4,166.0,168.9,155.1,162.6,164.0,155.2,155.8
SEALER-0050,1208,20:08,149.0,163.9,161.6,151.3,165.4,165.4,170.4,154.6,162.8,164.6,155.7,155.9
SEALER-0050,1209,20:09,149.6,163.2,158.4,151.0,165.9,166.4,171.3,155.4,162.6,162.9,155.2,156.1
SEALER-0050,1210,20:10,148.5,164.3,160.3,152.4,164.7,164.9,170.0,154.7,162.4,163.8,154.2,155.1
SEALER-0050,1211,20:11,148.5,162.5,159.4,150.8,164.3,165.4,169.6,154.5,162.9,164.9,155.5,154.8
SEALER-0050,1212,20:12,149.1,163.7,161.9,152.9,164.8,166.4,169.8,153.7,161.8,163.8,155.1,155.5
SEALER-0050,1213,20:13,149.5,162.7,160.4,151.4,165.0,163.3,170.5,153.8,163.4,165.2,155.3,154.8
SEALER-0050,1214,20:14,151.1,164.5,160.2,150.8,165.4,166.4,169.2,155.2,163.6,163.6,154.8,156.9
SEALER-0050,1215,20:15,149.7,164.5,161.2,149.8,165.5,165.6,170.4,152.9,163.5,165.5,153.5,155.6
SEALER-0050,1216,20:16,149.7,163.1,158.9,150.4,165.7,166.0,169.8,154.3,162.5,163.4,154.5,158.1
SEALER-0050,1217,20:17,147.2,164.4,160.6,151.2,164.0,163.7,169.7,155.1,163.7,165.3,155.3,156.3
SEALER-0050,1218,20:18,148.8,163.8,160.4,152.0,163.0,166.1,169.2,154.9,162.3,163.2,154.3,155.4
SEALER-0050,1219,20:19,149.1,164.1,160.2,151.8,165.5,167.2,170.4,154.1,162.5,164.2,154.3,155.2
SEALER-0050,1220,20:20,150.4,164.2,161.5,150.3,165.1,165.3,170.8,154.8,160.9,163.9,154.8,155.4
SEALER-0050,1221,20:21,148.4,164.4,161.0,151.7,167.0,166.2,169.4,156.4,162.5,164.3,153.2,153.4
SEALER-0050,1222,20:22,150.0,164.3,160.5,153.1,163.3,166.2,168.8,154.2,162.2,164.9,155.9,156.0
SEALER-0050,1223,20:23,149.1,162.7,160.4,151.8,165.6,164.1,172.0,155.2,161.6,163.5,155.4,155.9
SEALER-0050,1224,20:24,148.7,163.0,160.7,151.7,165.8,165.3,169.2,153.9,161.5,162.7,154.3,156.0
SEALER-0050,1225,20:25,149.3,163.8,161.2,152.0,165.0,167.2,169.5,156.3,161.0,163.2,154.7,155.8
SEALER-0050,1226,20:26,149.8,165.4,160.4,149.6,163.6,165.4,171.3,155.7,160.8,163.4,155.0,155.4
SEALER-0050,1227,20:27,149.2,165.1,160.8,149.4,166.1,165.2,171.2,154.8,161.3,164.4,155.3,155.8
SEALER-0050,1228,20:28,150.1,163.3,161.8,152.7,163.5,166.3,170.0,155.7,163.1,164.4,153.7,155.7
SEALER-0050,1229,20:29,148.2,163.3,159.9,151.7,164.8,163.4,170.4,154.5,163.2,164.2,156.1,156.1
SEALER-0050,1230,20:30,147.1,164.7,158.2,151.4,165.8,165.6,168.2,153.7,161.3,166.5,154.9,156.1
SEALER-0050,1231,20:31,149.7,163.9,161.0,150.6,165.3,166.4,169.8,155.4,163.3,165.1,152.8,153.8
SEALER-0050,1232,20:32,150.2,163.5,159.6,150.0,165.7,165.1,170.3,154.8,164.0,164.7,154.6,156.1
SEALER-0050,1233,20:33,149.0,163.9,159.9,151.1,164.6,164.6,170.5,154.5,162.3,163.1,156.1,156.1
SEALER-0050,1234,20:34,150.4,164.1,159.8,151.4,164.7,165.5,170.2,155.5,162.2,164.4,155.3,156.1
SEALER-0050,1235,20:35,149.5,163.3,159.5,150.3,165.5,165.9,168.8,155.1,162.6,164.9,154.3,156.3
SEALER-0050,1236,20:36,148.5,163.2,160.0,151.4,165.8,165.6,171.1,155.4,164.1,165.3,154.6,155.8
SEALER-0050,1237,20:37,148.5,163.0,160.0,151.3,165.6,165.2,170.0,154.7,162.7,163.5,154.2,155.8
SEALER-0050,1238,20:38,147.4,163.0,160.4,151.9,165.7,167.0,168.6,153.7,161.6,165.0,153.5,156.9
SEALER-0050,1239,20:39,149.5,163.4,159.9,151.3,164.8,165.1,168.3,153.3,163.8,165.0,155.6,155.2
SEALER-0050,1240,20:40,149.7,164.0,161.1,150.8,164.9,165.4,170.8,156.2,161.8,163.7,154.0,155.9
SEALER-0050,1241,20:41,149.8,163.3,160.6,151.1,164.8,164.4,169.0,155.0,162.1,162.0,154.5,156.1
SEALER-0050,1242,20:42,148.4,163.7,160.1,149.3,166.1,165.7,170.0,154.5,161.3,164.0,154.5,156.9
SEALER-0050,1243,20:43,150.2,163.8,160.0,151.0,164.8,164.5,169.2,155.4,162.4,163.0,154.7,154.4
SEALER-0050,1244,20:44,147.4,163.8,160.3,152.4,164.6,166.5,170.7,154.3,162.2,164.6,154.0,156.0
SEALER-0050,1245,20:45,148.2,162.3,158.6,151.6,164.6,165.2,170.0,153.7,162.1,164.8,154.6,156.4
SEALER-0050,1246,20:46,148.2,163.1,159.4,150.1,164.5,165.2,171.4,153.3,162.9,164.2,154.9,158.4
SEALER-0050,1247,20:47,148.9,164.8,160.1,154.0,164.9,165.0,168.7,155.4,163.4,164.7,154.8,156.4
SEALER-0050,1248,20:48,148.8,163.3,160.1,151.7,164.3,165.8,171.4,156.4,162.6,163.5,155.7,156.2
SEALER-0050,1249,20:49,146.9,164.6,161.7,151.3,165.4,166.6,170.5,154.2,162.5,163.5,155.4,156.1
SEALER-0050,1250,20:50,148.6,163.5,161.0,152.2,164.4,165.5,170.3,154.6,162.5,164.5,155.2,156.4
SEALER-0050,1251,20:51,148.4,161.4,161.3,151.8,163.6,164.6,169.1,156.1,163.2,165.0,153.6,154.4
SEALER-0050,1252,20:52,149.6,163.1,159.7,151.3,166.8,165.2,169.6,155.3,162.9,163.7,154.7,155.7
SEALER-0050,1253,20:53,149.7,163.4,159.3,150.9,163.9,164.9,169.5,154.7,162.3,163.8,154.3,154.8
SEALER-0050,1254,20:54,149.4,165.0,159.4,149.0,165.0,166.2,171.0,154.0,162.8,165.9,154.6,155.6
SEALER-0050,1255,20:55,147.6,164.4,160.5,152.3,165.7,166.2,170.7,154.7,162.6,164.1,154.8,156.1
SEALER-0050,1256,20:56,147.3,164.8,159.5,150.2,164.9,166.8,170.8,154.8,163.0,164.7,154.4,155.5
SEALER-0050,1257,20:57,148.8,162.9,159.4,150.2,166.9,164.9,170.5,154.4,163.7,164.1,155.5,155.1
SEALER-0050,1258,20:58,150.8,164.6,161.8,149.1,167.9,165.4,170.0,153.6,162.9,164.3,154.9,154.9
SEALER-0050,1259,20:59,149.2,163.5,160.0,150.5,165.4,165.3,170.0,154.7,162.2,165.3,153.9,157.4
SEALER-0050,1260,21:00,150.3,163.1,160.9,152.3,165.2,165.5,170.3,155.6,163.0,164.5,153.7,154.6
SEALER-0050,1261,21:01,148.3,164.5,160.0,151.4,164.3,164.6,170.3,154.5,161.6,163.5,155.3,156.5
SEALER-0050,1262,21:02,149.4,164.2,160.2,151.5,165.8,165.4,170.8,153.8,162.6,164.4,155.7,156.3
SEALER-0050,1263,21:03,149.8,163.0,160.2,152.3,164.1,164.5,169.8,153.9,161.9,163.7,153.9,154.0
SEALER-0050,1264,21:04,149.1,164.5,160.2,151.4,166.3,165.9,168.8,154.9,163.3,164.8,154.7,156.5
SEALER-0050,1265,21:05,148.8,164.3,161.3,151.8,164.6,166.0,171.5,154.3,162.5,164.9,154.6,155.1
SEALER-0050,1266,21:06,149.8,163.8,160.1,151.6,165.4,165.3,170.3,153.0,163.3,164.2,155.0,157.3
SEALER-0050,1267,21:07,149.2,163.0,159.3,151.1,164.8,164.6,169.4,153.1,163.0,164.1,156.0,156.8
SEALER-0050,1268,21:08,149.8,163.6,160.6,151.3,163.6,166.2,170.0,153.0,162.4,164.1,154.2,157.6
SEALER-0050,1269,21:09,149.7,165.0,161.2,150.6,166.0,165.0,170.0,154.7,162.4,164.6,153.3,155.4
SEALER-0050,1270,21:10,149.3,164.3,161.9,150.7,164.7,166.0,170.0,155.8,161.8,163.9,155.6,156.5
SEALER-0050,1271,21:11,148.9,164.3,161.4,150.4,165.3,165.9,171.1,154.6,163.6,164.5,156.0,155.5
SEALER-0050,1272,21:12,149.4,165.3,160.1,151.0,164.4,166.5,168.9,155.2,161.6,164.3,155.0,157.2
SEALER-0050,1273,21:13,148.4,163.8,160.4,151.4,165.2,167.6,171.1,154.1,162.9,165.7,154.7,154.4
SEALER-0050,1274,21:14,148.5,164.1,162.2,152.3,164.6,166.5,170.7,153.1,162.7,164.7,154.0,154.9
SEALER-0050,1275,21:15,149.3,163.7,160.4,151.4,165.4,166.0,170.4,154.0,162.4,162.1,155.0,156.5
SEALER-0050,1276,21:16,147.6,162.8,160.2,150.5,165.2,165.8,168.7,154.7,162.4,163.9,155.6,155.2
SEALER-0050,1277,21:17,148.6,164.4,160.4,151.2,163.8,164.8,170.6,154.4,162.4,165.9,154.6,154.7
SEALER-0050,1278,21:18,149.2,164.1,159.9,150.1,166.7,167.7,170.3,154.5,162.1,163.8,155.3,154.7
SEALER-0050,1279,21:19,148.4,162.4,160.5,151.0,166.4,165.6,170.8,154.8,161.9,164.4,154.2,154.6
SEALER-0050,1280,21:20,149.4,163.4,159.8,150.9,163.9,166.6,169.8,154.0,161.8,166.0,154.2,155.1
SEALER-0050,1281,21:21,148.6,163.7,162.8,151.4,164.9,168.2,168.8,153.3,161.4,164.7,153.5,156.3
SEALER-0050,1282,21:22,148.3,163.5,161.9,150.9,166.0,166.2,169.9,154.8,163.6,163.7,155.2,155.6
SEALER-0050,1283,21:23,148.6,164.7,161.6,151.3,164.9,167.0,168.7,154.9,162.6,163.2,155.6,155.6
SEALER-0050,1284,21:24,149.5,163.6,160.2,150.0,164.6,164.4,169.6,155.1,161.7,164.9,156.5,156.3
SEALER-0050,1285,21:25,149.1,163.6,159.5,150.3,163.5,165.0,168.6,154.3,160.7,164.7,153.9,154.2
SEALER-0050,1286,21:26,149.3,164.1,160.4,150.5,164.5,165.4,170.6,154.0,161.1,163.9,155.0,155.8
SEALER-0050,1287,21:27,149.1,164.4,160.3,152.6,165.2,166.1,169.3,154.9,163.1,165.8,153.9,155.3
SEALER-0050,1288,21:28,149.4,163.3,161.3,150.8,166.9,166.0,169.5,153.7,163.1,164.5,156.8,155.8
SEALER-0050,1289,21:29,146.7,164.3,159.0,152.8,165.9,166.1,169.7,153.2,161.8,165.3,154.3,155.1
SEALER-0050,1290,21:30,148.6,160.9,161.0,151.3,166.0,165.4,169.6,154.7,163.6,163.8,155.7,155.8
SEALER-0050,1291,21:31,148.4,162.5,161.3,151.3,165.0,166.5,168.8,155.3,162.0,163.5,154.4,155.5
SEALER-0050,1292,21:32,149.6,162.2,160.8,150.0,164.3,165.2,170.3,154.6,162.7,163.0,155.2,156.3
SEALER-0050,1293,21:33,149.5,164.1,159.1,152.6,165.4,165.2,170.0,154.2,162.4,164.2,156.2,154.3
SEALER-0050,1294,21:34,149.5,165.2,161.1,149.7,164.4,164.7,169.0,154.7,162.3,165.1,154.6,155.1
SEALER-0050,1295,21:35,148.2,164.3,161.6,150.8,164.7,165.3,170.3,153.8,163.1,164.0,154.3,155.2
SEALER-0050,1296,21:36,149.3,163.3,161.2,150.8,164.8,165.2,170.3,152.7,163.3,164.7,155.2,156.2
SEALER-0050,1297,21:37,149.2,163.3,161.0,149.7,165.3,165.5,169.7,154.6,163.7,165.0,153.7,155.7
SEALER-0050,1298,21:38,148.7,164.2,160.9,150.9,165.5,166.4,170.6,155.3,162.3,163.0,154.5,156.4
SEALER-0050,1299,21:39,149.3,163.5,160.5,152.0,164.8,164.7,170.8,155.3,162.4,163.4,154.2,155.7
SEALER-0050,1300,21:40,150.0,163.2,161.0,150.5,164.3,166.8,171.6,153.7,163.2,163.9,155.9,155.3
SEALER-0050,1301,21:41,149.2,165.2,161.5,151.3,165.9,164.6,170.4,153.3,162.0,165.2,154.3,156.1
SEALER-0050,1302,21:42,148.5,163.7,160.7,151.0,163.9,166.0,169.2,154.8,161.8,163.9,152.9,155.6
SEALER-0050,1303,21:43,149.1,163.3,160.0,151.7,164.4,164.6,170.4,154.5,162.9,164.5,153.9,155.5
SEALER-0050,1304,21:44,147.9,165.5,160.7,151.9,164.9,166.4,170.1,154.1,163.8,164.6,155.4,157.3
SEALER-0050,1305,21:45,148.0,162.8,161.0,151.3,164.7,164.4,170.6,154.0,163.2,163.4,155.8,156.4
SEALER-0050,1306,21:46,150.4,163.0,159.7,149.0,165.7,166.8,170.3,153.4,162.8,164.1,155.7,154.7
SEALER-0050,1307,21:47,149.0,164.4,159.6,151.4,164.5,166.0,169.6,156.0,162.8,165.2,153.6,155.8
SEALER-0050,1308,21:48,150.1,165.7,160.7,153.9,165.0,165.6,170.2,154.6,162.2,163.1,155.0,155.8
SEALER-0050,1309,21:49,150.7,162.8,160.2,150.7,165.0,165.0,171.9,155.9,161.8,162.8,154.6,154.6
SEALER-0050,1310,21:50,148.5,162.8,160.0,152.6,164.9,165.9,170.0,154.9,162.9,164.2,155.2,155.8
SEALER-0050,1311,21:51,149.5,163.6,161.0,150.1,165.1,166.1,170.6,155.0,162.1,164.9,154.7,155.7
SEALER-0050,1312,21:52,149.2,164.3,160.2,152.2,164.7,165.5,170.6,153.3,161.9,164.5,153.9,155.1
SEALER-0050,1313,21:53,149.2,163.7,160.1,151.0,165.8,165.5,169.6,153.7,164.2,163.9,155.0,157.6
SEALER-0050,1314,21:54,148.9,163.6,160.6,152.9,164.3,165.6,170.4,153.1,163.2,161.9,156.0,156.0
SEALER-0050,1315,21:55,149.8,164.6,160.9,150.5,164.7,166.6,169.5,153.5,162.4,164.6,155.9,155.9
SEALER-0050,1316,21:56,148.1,163.4,159.7,151.4,165.1,165.0,169.3,153.9,162.8,165.2,153.8,156.0
SEALER-0050,1317,21:57,150.4,164.4,160.4,151.9,165.5,165.4,169.7,153.9,163.1,165.1,154.7,155.6
SEALER-0050,1318,21:58,150.8,164.6,161.5,152.0,164.8,165.9,170.2,155.2,162.8,162.5,155.5,153.9
SEALER-0050,1319,21:59,149.0,164.4,161.1,151.4,164.6,165.2,170.2,154.3,163.4,164.1,155.5,156.1
SEALER-0050,1320,22:00,149.7,163.8,161.2,151.6,165.6,166.9,169.0,154.5,161.9,164.5,154.8,156.8
SEALER-0050,1321,22:01,151.5,166.1,159.6,152.0,163.7,164.8,170.0,154.7,163.5,165.5,154.2,155.3
SEALER-0050,1322,22:02,149.5,163.4,161.1,150.4,166.4,164.5,170.6,154.8,162.1,164.5,153.9,155.0
SEALER-0050,1323,22:03,150.2,163.2,161.6,151.3,166.0,166.0,170.2,153.4,163.2,163.8,155.8,154.4
SEALER-0050,1324,22:04,149.4,164.0,159.2,151.5,166.3,164.4,169.7,155.6,162.0,164.4,155.0,154.5
SEALER-0050,1325,22:05,149.5,164.3,159.9,150.9,165.0,166.6,169.7,155.5,162.3,165.3,155.0,154.7
SEALER-0050,1326,22:06,149.0,164.0,161.9,152.9,164.7,164.7,168.9,153.2,162.8,165.5,156.1,156.6
SEALER-0050,1327,22:07,148.5,163.3,160.1,152.8,163.7,165.9,169.7,154.8,162.4,163.4,156.9,156.0
SEALER-0050,1328,22:08,149.5,164.2,160.6,150.4,164.6,165.5,170.1,156.1,161.9,164.7,154.4,156.3
SEALER-0050,1329,22:09,149.5,164.2,160.6,149.6,164.5,164.4,170.6,152.6,163.5,163.4,154.6,156.2
SEALER-0050,1330,22:10,149.2,163.9,160.2,151.0,165.8,165.3,170.0,155.0,162.3,163.7,155.3,156.1
SEALER-0050,1331,22:11,149.0,163.7,161.6,150.2,166.4,165.1,169.2,155.7,161.9,163.3,156.9,156.1
SEALER-0050,1332,22:12,148.1,162.8,161.2,150.2,165.7,166.2,170.0,154.5,161.8,164.2,153.9,156.0
SEALER-0050,1333,22:13,149.3,164.2,160.0,151.3,167.5,166.1,170.5,155.5,162.9,163.0,154.1,154.7
SEALER-0050,1334,22:14,148.1,164.2,159.5,151.4,164.9,165.9,169.7,154.3,162.7,165.3,155.2,155.6
SEALER-0050,1335,22:15,148.2,162.8,161.0,152.1,164.6,166.8,168.6,155.0,163.2,163.8,153.3,155.5
SEALER-0050,1336,22:16,148.8,164.0,161.6,152.6,164.8,164.9,169.7,154.8,162.5,163.9,154.4,154.8
SEALER-0050,1337,22:17,149.1,165.0,160.1,151.9,165.3,165.8,168.7,155.3,161.4,164.0,154.7,156.5
SEALER-0050,1338,22:18,147.9,162.9,160.3,151.0,164.9,165.4,169.2,155.0,161.0,165.5,155.4,156.2
SEALER-0050,1339,22:19,147.8,164.9,161.0,152.1,164.5,166.8,170.1,155.3,163.2,163.4,154.2,154.9
SEALER-0050,1340,22:20,149.7,163.5,160.3,151.1,165.2,165.3,170.1,153.4,164.1,163.9,154.1,155.4
SEALER-0050,1341,22:21,149.2,165.3,160.2,150.5,163.7,167.0,170.6,153.3,164.1,164.1,153.5,155.8
SEALER-0050,1342,22:22,150.5,162.8,160.3,152.3,166.5,165.1,169.8,155.0,163.5,164.3,156.3,156.9
SEALER-0050,1343,22:23,149.8,164.1,159.6,150.8,163.2,166.9,169.5,155.1,162.3,164.2,155.4,155.8
SEALER-0050,1344,22:24,148.3,165.9,160.3,150.9,164.3,166.1,170.9,153.8,162.4,164.2,155.2,156.4
SEALER-0050,1345,22:25,149.9,163.6,160.0,151.6,165.9,164.1,169.4,155.3,163.5,164.1,154.8,155.9
SEALER-0050,1346,22:26,148.3,165.2,159.5,151.2,166.4,164.1,169.9,154.3,162.4,163.1,156.0,157.3
SEALER-0050,1347,22:27,149.4,163.7,159.8,152.0,165.2,165.6,170.0,155.6,162.6,164.0,154.0,156.3
SEALER-0050,1348,22:28,148.0,164.3,158.6,151.3,165.3,166.8,168.4,155.4,163.9,164.3,154.8,155.4
SEALER-0050,1349,22:29,149.5,164.8,160.7,150.3,164.4,165.7,169.3,153.4,161.4,165.1,154.3,155.8
SEALER-0050,1350,22:30,148.9,164.1,160.6,151.5,164.8,165.4,170.1,154.7,162.5,163.7,154.8,153.8
SEALER-0050,1351,22:31,148.4,164.3,158.8,150.8,164.6,166.2,171.1,154.4,162.9,163.6,154.9,155.0
SEALER-0050,1352,22:32,147.1,163.5,161.7,151.8,164.9,165.2,168.0,154.0,161.3,164.2,154.8,155.7
SEALER-0050,1353,22:33,149.7,163.4,159.9,153.3,163.8,166.5,170.4,154.2,163.6,165.3,153.9,154.6
SEALER-0050,1354,22:34,149.6,162.7,159.4,150.0,163.6,167.1,168.0,153.7,163.8,163.9,155.6,154.8
SEALER-0050,1355,22:35,148.2,164.1,160.4,151.2,166.3,166.8,170.2,152.9,161.6,164.0,154.3,155.0
SEALER-0050,1356,22:36,147.9,163.8,158.4,150.4,164.5,165.2,170.8,153.5,162.1,164.0,154.3,155.4
SEALER-0050,1357,22:37,150.2,163.0,161.5,150.8,163.9,166.2,168.6,153.7,162.9,165.1,154.8,155.0
SEALER-0050,1358,22:38,148.9,164.6,161.4,150.3,166.5,166.3,168.7,153.1,164.9,164.3,155.5,155.0
SEALER-0050,1359,22:39,149.7,164.0,159.9,151.9,163.9,164.7,169.5,154.5,162.9,163.4,156.8,155.6
SEALER-0050,1360,22:40,149.8,164.3,160.4,151.7,164.5,165.9,170.8,156.1,162.8,166.1,156.5,156.7
SEALER-0050,1361,22:41,148.7,162.3,160.3,151.1,164.7,165.5,170.1,154.2,162.0,165.8,156.1,154.7
SEALER-0050,1362,22:42,150.1,164.8,161.6,151.0,164.2,164.7,170.4,155.1,162.6,165.2,154.0,156.0
SEALER-0050,1363,22:43,148.6,163.4,160.4,151.2,165.0,165.3,170.1,154.3,162.6,164.0,155.1,156.6
SEALER-0050,1364,22:44,148.5,162.8,160.0,153.6,165.6,166.2,169.9,154.0,163.0,164.6,155.1,155.5
SEALER-0050,1365,22:45,149.0,164.0,159.5,151.7,164.1,166.9,170.0,154.7,163.3,165.2,155.3,157.2
SEALER-0050,1366,22:46,148.7,163.8,159.7,151.3,163.2,166.0,170.9,156.4,163.9,163.9,154.0,153.9
SEALER-0050,1367,22:47,147.5,164.8,163.1,152.7,165.6,166.7,169.8,155.0,162.6,164.1,155.1,155.8
SEALER-0050,1368,22:48,150.4,163.3,160.1,151.2,162.6,165.6,170.7,155.1,163.9,164.7,154.1,156.2
SEALER-0050,1369,22:49,148.6,165.5,160.9,151.8,165.7,163.9,170.8,154.8,162.5,164.1,155.1,155.9
SEALER-0050,1370,22:50,149.8,164.1,158.8,151.5,164.5,167.2,170.5,154.2,164.7,165.8,156.2,155.4
SEALER-0050,1371,22:51,149.6,162.8,160.6,149.4,165.3,165.6,170.1,153.5,162.8,163.0,155.2,155.5
SEALER-0050,1372,22:52,148.8,164.4,160.4,149.0,166.1,163.9,170.0,155.0,164.5,163.9,156.5,156.1
SEALER-0050,1373,22:53,149.4,163.7,160.3,150.9,164.4,164.5,170.5,153.9,162.0,164.8,156.1,155.0
SEALER-0050,1374,22:54,148.5,161.8,160.2,151.2,165.1,164.4,170.8,153.3,163.8,165.3,153.9,155.3
SEALER-0050,1375,22:55,149.0,164.4,160.6,151.8,165.1,165.8,169.6,154.0,162.5,164.5,155.1,155.2
SEALER-0050,1376,22:56,149.4,162.8,160.7,152.7,165.0,165.5,169.9,155.5,162.6,164.0,152.3,155.4
SEALER-0050,1377,22:57,151.0,163.3,160.8,149.8,165.2,164.7,170.4,154.5,163.2,163.6,155.3,155.5
SEALER-0050,1378,22:58,147.9,163.4,160.3,151.6,163.5,164.9,170.8,155.7,163.1,162.3,155.6,155.1
SEALER-0050,1379,22:59,150.1,162.7,161.0,151.6,164.9,164.7,169.3,153.5,162.5,163.2,153.2,155.4
SEALER-0050,1380,23:00,149.2,163.9,161.2,150.4,164.9,165.2,169.5,155.5,162.8,165.7,155.4,156.0
SEALER-0050,1381,23:01,149.6,165.4,160.8,152.3,164.8,164.7,169.6,154.8,163.2,164.3,155.1,154.3
SEALER-0050,1382,23:02,148.3,162.8,160.5,152.1,163.7,165.1,171.3,154.7,164.5,165.6,154.3,155.1
SEALER-0050,1383,23:03,149.4,164.1,160.4,151.2,164.8,165.7,170.9,154.4,161.2,163.8,156.2,155.5
SEALER-0050,1384,23:04,149.0,164.6,160.0,151.4,165.8,165.2,171.2,153.7,163.3,163.4,153.5,154.3
SEALER-0050,1385,23:05,149.4,163.4,160.7,151.3,164.4,165.1,170.0,153.7,161.3,162.8,154.1,154.8
SEALER-0050,1386,23:06,149.1,164.1,160.8,151.3,165.2,165.3,169.4,154.4,160.3,164.1,154.0,155.8
SEALER-0050,1387,23:07,148.5,164.0,159.1,152.3,164.7,165.4,168.1,155.9,161.9,164.3,154.4,154.9
SEALER-0050,1388,23:08,150.3,163.1,160.3,149.7,165.0,166.7,170.4,154.2,162.1,165.2,156.0,156.6
SEALER-0050,1389,23:09,148.4,165.3,160.2,149.7,164.0,165.7,169.8,155.1,162.0,165.5,155.7,156.2
SEALER-0050,1390,23:10,148.8,164.2,162.8,150.5,165.3,166.9,169.9,154.4,162.0,164.4,155.3,156.2
SEALER-0050,1391,23:11,149.8,165.3,160.0,152.7,166.4,165.8,170.1,154.9,163.1,162.2,155.8,154.8
SEALER-0050,1392,23:12,149.0,165.2,160.1,151.2,164.6,165.6,169.4,153.1,164.3,163.7,154.1,153.0
SEALER-0050,1393,23:13,151.5,163.0,160.5,150.2,166.3,164.6,169.2,154.6,162.8,163.4,155.9,154.9
SEALER-0050,1394,23:14,150.1,163.7,159.5,149.9,165.0,165.7,170.5,153.5,162.2,164.7,154.7,154.7
SEALER-0050,1395,23:15,149.1,164.5,158.9,151.8,166.2,167.0,170.0,155.3,163.0,165.7,153.6,156.3
SEALER-0050,1396,23:16,149.9,163.0,158.8,151.2,165.6,166.5,169.9,153.7,162.3,164.4,154.6,155.3
SEALER-0050,1397,23:17,149.3,163.4,158.7,149.1,161.5,167.2,170.4,154.1,163.3,164.6,154.8,154.5
SEALER-0050,1398,23:18,151.0,162.3,159.8,152.3,164.7,166.6,170.2,153.7,162.8,164.7,154.4,154.6
SEALER-0050,1399,23:19,149.4,163.6,159.9,151.5,164.6,165.1,170.3,155.5,161.8,163.9,155.6,155.5
SEALER-0050,1400,23:20,149.0,166.0,161.9,150.6,166.9,165.8,169.2,155.4,163.1,165.0,154.1,155.3
SEALER-0050,1401,23:21,148.8,162.6,162.0,151.9,164.9,166.3,169.3,154.0,162.2,165.0,154.8,155.7
SEALER-0050,1402,23:22,149.4,163.2,160.0,150.9,165.7,164.0,169.4,155.2,162.8,163.3,156.2,155.4
SEALER-0050,1403,23:23,150.1,163.6,162.8,151.0,165.1,166.7,169.5,153.9,162.1,163.6,154.6,155.6
SEALER-0050,1404,23:24,149.6,162.5,161.0,152.5,164.8,166.1,169.7,154.0,162.6,164.2,154.9,155.1
SEALER-0050,1405,23:25,149.4,162.4,162.0,151.4,165.1,166.8,170.6,154.9,162.6,164.3,155.0,155.1
SEALER-0050,1406,23:26,149.0,164.6,161.9,151.0,165.0,164.9,169.7,155.8,162.6,165.0,154.7,156.5
SEALER-0050,1407,23:27,149.9,163.4,160.5,151.6,164.8,164.6,170.4,154.9,162.3,165.7,155.3,154.8
SEALER-0050,1408,23:28,148.8,163.5,160.8,151.0,165.4,165.1,169.1,155.8,163.4,164.2,155.6,155.1
SEALER-0050,1409,23:29,150.4,163.8,159.2,152.2,164.2,165.7,170.4,153.1,162.9,164.4,154.2,155.9
SEALER-0050,1410,23:30,149.4,163.0,161.4,151.7,165.8,165.0,169.6,153.9,163.4,163.3,156.1,155.1
SEALER-0050,1411,23:31,149.5,164.3,160.8,151.2,164.4,166.9,170.3,155.0,160.9,163.9,154.8,156.1
SEALER-0050,1412,23:32,148.9,163.8,161.7,150.7,165.3,165.5,170.9,155.7,162.4,164.2,154.4,156.8
SEALER-0050,1413,23:33,150.0,163.7,160.0,150.7,165.8,166.0,169.1,156.4,163.4,164.6,154.0,157.5
SEALER-0050,1414,23:34,148.7,162.5,159.4,151.6,166.6,165.7,168.6,155.3,162.7,164.6,157.4,154.7
SEALER-0050,1415,23:35,150.5,163.6,159.7,152.4,164.8,164.8,170.2,155.2,162.2,163.5,155.3,155.2
SEALER-0050,1416,23:36,150.9,163.6,159.7,152.7,163.6,165.2,170.5,154.6,161.1,165.6,154.9,154.4
SEALER-0050,1417,23:37,149.5,162.8,158.2,150.1,165.6,166.3,170.3,154.2,162.5,165.6,155.6,155.3
SEALER-0050,1418,23:38,148.0,164.7,160.5,152.0,165.9,165.9,169.8,153.9,162.0,163.6,155.1,156.3
SEALER-0050,1419,23:39,149.1,164.3,162.1,150.5,165.5,165.5,170.1,154.0,161.9,163.8,154.2,155.4
SEALER-0050,1420,23:40,150.1,164.8,161.0,152.4,166.2,167.0,170.0,153.7,160.8,167.0,155.7,155.2
SEALER-0050,1421,23:41,149.6,162.8,159.6,150.6,164.4,165.8,168.8,155.4,162.0,164.5,155.1,156.6
SEALER-0050,1422,23:42,149.2,164.4,160.2,150.8,166.3,165.6,169.9,154.4,163.4,163.6,154.0,155.8
SEALER-0050,1423,23:43,147.7,163.9,161.3,151.7,165.9,165.1,171.1,153.8,161.8,163.7,154.3,156.8
SEALER-0050,1424,23:44,149.6,164.2,161.1,150.1,165.3,163.8,169.5,155.9,161.6,164.7,154.8,155.0
SEALER-0050,1425,23:45,148.4,164.7,161.2,149.9,165.9,164.1,168.0,155.4,163.7,162.7,154.2,155.2
SEALER-0050,1426,23:46,149.7,163.0,159.9,151.8,164.0,166.9,168.6,154.7,161.6,163.9,155.8,157.7
SEALER-0050,1427,23:47,149.1,163.6,161.2,152.0,164.4,165.8,169.9,153.3,163.0,164.4,154.8,157.0
SEALER-0050,1428,23:48,149.2,164.1,159.2,149.9,165.1,166.9,170.8,155.3,163.0,164.4,155.8,157.0
SEALER-0050,1429,23:49,147.6,164.1,161.2,150.7,164.7,166.2,169.6,156.7,162.7,165.2,154.9,156.8
SEALER-0050,1430,23:50,149.7,164.5,159.9,152.0,165.6,165.5,171.8,153.5,161.8,162.9,153.6,155.6
SEALER-0050,1431,23:51,150.6,165.4,160.5,150.3,163.9,166.5,170.1,153.9,163.4,164.8,154.4,154.9
SEALER-0050,1432,23:52,149.5,165.0,161.9,151.6,164.9,166.1,168.1,155.0,164.1,164.4,154.9,155.4
SEALER-0050,1433,23:53,149.3,165.2,159.4,152.6,165.2,166.3,170.3,155.1,163.2,164.8,155.1,156.1
SEALER-0050,1434,23:54,148.5,163.7,159.5,150.7,164.5,166.7,170.9,154.6,163.3,163.2,154.1,156.3
SEALER-0050,1435,23:55,149.1,163.7,159.7,152.5,165.2,164.9,169.4,155.0,162.1,165.4,155.7,155.9
SEALER-0050,1436,23:56,150.5,164.7,159.9,149.6,165.2,164.3,171.3,154.7,162.0,165.0,155.6,156.7
SEALER-0050,1437,23:57,149.2,164.4,159.3,150.6,164.9,165.4,169.1,154.8,162.2,163.1,153.6,155.4
SEALER-0050,1438,23:58,149.2,163.1,159.7,151.7,164.7,166.5,168.7,153.2,162.6,164.4,153.9,157.0
SEALER-0050,1439,23:59,148.2,162.3,159.7,151.5,165.2,166.0,169.2,154.7,161.7,163.5,154.2,156.2
SEALER-0050,1440,24:00,150.1,162.7,160.9,150.8,163.4,165.6,169.5,155.4,160.3,164.7,153.5,156.4
SEALER-0050,1441,24:01,149.3,163.2,160.0,149.5,165.0,165.5,170.5,154.7,161.5,163.5,156.6,156.5
SEALER-0050,1442,24:02,149.8,163.0,161.6,151.6,164.5,165.2,170.0,154.5,161.4,164.6,153.4,155.2
SEALER-0050,1443,24:03,149.5,164.1,160.4,152.0,165.1,165.5,169.1,155.5,161.3,164.2,155.5,155.6
SEALER-0050,1444,24:04,148.2,164.9,160.6,152.2,164.3,165.5,169.3,155.2,162.8,163.8,154.9,154.4
SEALER-0050,1445,24:05,149.3,164.2,159.8,150.7,165.9,166.8,169.9,154.9,162.8,162.4,155.7,156.4
SEALER-0050,1446,24:06,150.5,164.7,160.7,150.0,164.5,166.3,169.1,154.7,162.7,164.9,156.3,154.8
SEALER-0050,1447,24:07,150.1,163.2,161.1,151.9,165.6,166.7,170.8,151.9,161.4,164.2,153.4,155.3
SEALER-0050,1448,24:08,147.9,165.4,160.4,151.8,164.7,164.9,170.8,155.3,164.1,164.3,154.8,155.3
SEALER-0050,1449,24:09,148.9,163.1,160.1,152.4,165.8,167.4,170.4,152.9,162.5,164.6,155.7,156.4
SEALER-0050,1450,24:10,149.4,162.5,160.6,151.4,165.5,165.6,170.7,155.9,162.3,163.6,155.9,154.6
SEALER-0050,1451,24:11,148.8,163.7,159.5,152.0,164.0,166.6,169.7,152.6,163.2,165.1,155.6,156.6
SEALER-0050,1452,24:12,150.0,163.7,160.3,151.8,165.2,165.3,170.5,154.0,163.0,164.0,154.6,156.7
SEALER-0050,1453,24:13,148.1,163.8,159.9,152.0,166.2,165.9,170.1,154.0,162.1,163.2,155.3,155.8
SEALER-0050,1454,24:14,147.6,164.0,159.6,152.3,163.7,165.8,170.3,155.6,163.1,165.1,156.3,156.9
SEALER-0050,1455,24:15,150.1,163.3,159.5,151.4,165.7,165.8,170.1,154.0,163.5,163.9,153.2,155.8
SEALER-0050,1456,24:16,149.0,164.4,159.4,151.6,166.3,164.7,168.8,154.8,162.6,164.5,153.7,156.7
SEALER-0050,1457,24:17,151.3,163.1,160.0,152.7,165.8,165.6,170.1,154.2,161.3,164.8,154.4,155.7
SEALER-0050,1458,24:18,148.7,163.2,159.5,151.5,165.3,165.0,171.1,155.5,162.1,164.6,154.7,157.3
SEALER-0050,1459,24:19,148.3,165.1,159.7,151.3,163.9,163.4,170.8,156.2,161.0,165.3,154.9,155.2
SEALER-0050,1460,24:20,149.1,163.2,160.1,152.7,166.0,164.7,169.4,154.9,162.7,164.8,155.5,157.1
SEALER-0050,1461,24:21,149.0,164.1,160.6,150.4,164.9,166.1,168.9,153.7,161.4,164.8,154.2,155.3
SEALER-0050,1462,24:22,150.4,165.2,159.7,151.5,165.6,166.0,171.0,154.7,162.3,164.2,155.4,154.9
SEALER-0050,1463,24:23,147.6,164.1,160.3,151.7,166.3,165.1,169.5,154.7,162.8,164.5,155.9,154.1
SEALER-0050,1464,24:24,149.2,163.4,159.3,152.1,166.1,165.3,169.1,154.2,163.2,162.6,155.7,155.8
SEALER-0050,1465,24:25,148.4,165.4,158.4,150.3,163.7,166.7,170.7,155.2,162.5,164.1,155.7,155.3
SEALER-0050,1466,24:26,147.9,163.9,159.4,150.2,165.1,165.3,169.0,153.2,160.9,163.1,155.2,156.2
SEALER-0050,1467,24:27,150.5,164.1,159.0,150.3,163.9,164.8,171.5,154.5,162.7,163.2,155.0,155.5
SEALER-0050,1468,24:28,149.0,164.7,158.9,149.0,165.0,165.3,169.4,153.8,162.5,163.0,155.9,155.1
SEALER-0050,1469,24:29,150.5,165.4,158.9,150.1,165.6,165.3,169.6,155.7,162.7,161.6,154.3,155.7
SEALER-0050,1470,24:30,148.3,163.9,157.4,148.6,164.6,167.5,170.3,154.1,162.4,161.1,155.2,155.8
SEALER-0050,1471,24:31,149.6,163.9,157.2,149.1,164.5,165.9,169.3,153.9,160.5,161.5,155.3,154.1
SEALER-0050,1472,24:32,147.8,164.6,157.0,147.6,165.3,166.6,170.7,154.6,160.7,160.6,154.8,156.7
SEALER-0050,1473,24:33,149.3,162.4,156.2,148.8,164.7,166.2,171.3,156.8,161.6,160.8,155.0,155.3
SEALER-0050,1474,24:34,148.1,162.4,156.8,148.3,164.6,165.5,170.1,156.1,159.6,159.6,154.4,155.0
SEALER-0050,1475,24:35,148.6,161.7,156.0,147.4,166.1,164.9,170.9,154.1,159.6,159.8,153.6,155.3
SEALER-0050,1476,24:36,149.1,162.4,155.3,147.2,164.5,165.0,169.0,155.1,160.4,159.3,154.4,155.3
SEALER-0050,1477,24:37,150.5,161.8,155.3,146.1,166.8,165.9,171.7,155.3,159.4,158.9,153.8,156.5
SEALER-0050,1478,24:38,150.5,161.3,155.0,146.2,164.9,165.5,169.8,154.1,159.1,158.8,152.2,153.7
SEALER-0050,1479,24:39,149.7,160.9,154.2,146.0,165.1,166.8,169.1,155.0,158.9,158.2,153.3,155.9
SEALER-0050,1480,24:40,148.0,161.1,155.0,146.3,165.6,166.8,169.4,155.8,158.3,157.9,152.7,157.2
SEALER-0050,1481,24:41,148.6,160.7,154.5,145.4,164.1,166.5,170.7,153.7,157.3,157.7,151.6,155.8
SEALER-0050,1482,24:42,148.3,160.1,153.5,145.9,165.5,166.2,169.7,154.5,158.0,156.8,152.7,156.3
SEALER-0050,1483,24:43,149.8,159.2,153.8,145.0,163.9,166.2,169.9,152.9,157.3,158.0,150.7,156.2
SEALER-0050,1484,24:44,149.5,159.0,153.4,144.8,165.1,165.2,169.8,153.8,157.1,155.9,151.3,155.2
SEALER-0050,1485,24:45,149.9,159.3,152.0,144.2,164.4,164.8,171.5,154.0,156.3,155.8,150.7,154.5
SEALER-0050,1486,24:46,149.1,158.1,152.2,143.2,164.4,165.3,169.8,152.9,155.7,155.3,149.5,156.0
SEALER-0050,1487,24:47,148.5,157.7,152.4,143.2,165.8,166.6,170.3,155.1,156.4,156.0,150.0,157.2
SEALER-0050,1488,24:48,147.3,157.2,151.7,143.0,163.1,166.3,171.0,153.1,155.5,156.0,149.6,156.4
SEALER-0050,1489,24:49,149.3,156.3,150.7,143.6,164.2,165.3,170.3,154.5,155.8,155.2,148.9,155.8
SEALER-0050,1490,24:50,148.1,157.1,150.0,143.0,165.9,165.8,169.3,153.9,154.2,155.2,149.1,156.0
SEALER-0050,1491,24:51,148.8,157.0,151.0,142.6,165.5,165.7,171.3,154.5,153.9,154.0,149.3,156.9
SEALER-0050,1492,24:52,148.6,156.6,151.1,141.5,165.2,167.0,170.6,154.0,154.5,153.4,147.9,156.0
SEALER-0050,1493,24:53,147.5,154.5,149.6,141.8,163.8,165.8,169.9,154.3,153.9,153.5,147.9,155.7
SEALER-0050,1494,24:54,147.4,155.2,149.1,140.9,165.6,165.9,169.7,154.6,153.3,153.2,148.2,155.1
SEALER-0050,1495,24:55,147.3,154.1,149.2,141.3,164.1,165.6,169.8,154.7,153.3,153.3,147.4,153.8
SEALER-0050,1496,24:56,145.6,154.6,148.7,140.3,165.4,165.8,170.1,156.0,153.0,152.6,146.0,153.7
SEALER-0050,1497,24:57,147.0,154.5,149.1,140.6,164.6,166.4,170.7,155.2,152.0,152.4,145.8,153.0
SEALER-0050,1498,24:58,146.5,154.6,147.5,140.0,164.2,167.4,169.0,153.7,152.8,151.4,146.3,153.0
SEALER-0050,1499,24:59,145.3,154.2,148.0,140.0,164.1,165.1,169.5,154.1,152.3,151.7,145.8,153.6
SEALER-0050,1500,25:00,144.7,153.0,147.4,140.0,162.9,165.7,168.8,154.6,151.3,151.1,145.8,152.2
SEALER-0050,1501,25:01,144.0,152.3,147.2,138.5,163.6,165.2,170.9,153.5,150.9,150.2,144.6,152.6
SEALER-0050,1502,25:02,144.6,152.6,146.8,138.9,164.0,164.2,170.6,153.3,149.9,151.0,145.2,151.8
SEALER-0050,1503,25:03,144.4,152.3,147.2,139.1,163.4,163.5,170.8,153.1,150.0,150.0,144.5,151.4
SEALER-0050,1504,25:04,144.0,150.1,146.9,138.4,162.4,166.1,170.6,151.9,149.9,149.8,144.2,150.9
SEALER-0050,1505,25:05,144.1,151.4,146.8,137.1,160.9,165.1,170.2,151.7,149.1,149.9,143.2,151.1
SEALER-0050,1506,25:06,144.2,151.7,146.4,138.7,161.2,164.6,168.9,151.8,149.2,148.1,143.3,151.3
SEALER-0050,1507,25:07,142.9,150.9,145.2,137.8,160.5,164.9,168.4,151.2,149.7,148.0,143.2,149.9
SEALER-0050,1508,25:08,142.4,150.6,145.3,137.3,159.9,164.4,168.0,151.2,148.8,149.1,142.1,149.8
SEALER-0050,1509,25:09,141.3,149.0,144.8,137.1,159.0,163.8,168.8,150.5,149.8,147.4,142.9,150.0
SEALER-0050,1510,25:10,142.1,150.3,144.7,137.1,159.5,164.4,167.4,150.5,148.0,147.8,141.9,149.6
SEALER-0050,1511,25:11,141.3,149.7,144.0,136.2,158.7,162.7,167.1,148.8,147.9,146.8,142.0,149.7
SEALER-0050,1512,25:12,141.8,149.1,143.3,135.4,158.9,162.3,166.3,149.9,147.1,147.6,142.1,148.7
SEALER-0050,1513,25:13,142.2,148.0,143.5,136.0,158.1,162.5,165.4,149.3,146.8,147.4,141.2,149.0
SEALER-0050,1514,25:14,141.4,149.6,144.2,135.0,158.6,161.8,165.3,148.9,147.3,147.1,140.6,148.6
SEALER-0050,1515,25:15,140.7,148.5,143.1,134.9,157.8,160.5,164.9,148.3,146.8,145.4,140.2,148.2
SEALER-0050,1516,25:16,140.8,147.2,142.6,135.4,156.7,159.8,164.0,148.3,146.1,144.4,140.8,147.6
SEALER-0050,1517,25:17,140.8,146.8,142.5,134.9,157.1,160.5,165.0,147.7,146.6,146.3,139.3,147.6
SEALER-0050,1518,25:18,140.4,146.7,141.4,134.3,156.2,160.3,163.8,146.2,146.1,145.7,139.5,146.9
SEALER-0050,1519,25:19,139.7,147.1,141.5,135.4,154.9,159.8,162.9,146.8,144.8,145.4,138.9,147.0
SEALER-0050,1520,25:20,139.5,146.7,142.0,132.8,156.2,158.5,163.2,146.3,144.2,144.0,138.3,145.8
SEALER-0050,1521,25:21,138.8,146.9,141.0,133.2,155.7,159.3,163.0,146.5,143.7,144.6,138.1,146.5
SEALER-0050,1522,25:22,138.6,145.1,140.2,133.2,153.8,158.4,162.6,146.7,144.3,143.8,138.5,146.0
SEALER-0050,1523,25:23,138.8,146.3,141.4,133.0,154.6,157.7,161.4,146.2,143.4,143.6,138.2,145.8
SEALER-0050,1524,25:24,137.5,145.0,140.4,132.7,153.9,157.5,162.1,144.9,144.0,143.3,137.5,146.0
SEALER-0050,1525,25:25,138.3,143.9,140.3,132.2,153.7,156.8,161.5,144.4,143.2,143.1,137.5,144.9
SEALER-0050,1526,25:26,136.5,144.0,139.7,132.5,154.9,156.0,160.6,144.4,142.8,143.2,136.8,143.9
SEALER-0050,1527,25:27,136.7,143.7,138.4,131.4,153.6,156.1,159.7,144.4,142.0,142.6,136.5,143.7
SEALER-0050,1528,25:28,137.9,143.5,138.9,132.0,151.9,156.2,159.8,143.9,141.8,142.3,136.7,143.6
SEALER-0050,1529,25:29,136.6,143.4,139.4,131.7,152.3,156.3,158.9,143.9,141.9,142.5,137.4,144.0
SEALER-0050,1530,25:30,137.8,143.1,137.9,131.8,152.0,154.9,158.3,142.9,142.5,141.0,136.2,144.3
SEALER-0050,1531,25:31,137.7,142.8,138.3,130.6,151.9,154.7,158.4,142.5,141.7,141.9,135.1,143.7
SEALER-0050,1532,25:32,136.6,142.0,138.2,131.0,150.9,154.8,158.9,142.8,142.1,141.5,134.9,143.8
SEALER-0050,1533,25:33,136.0,141.7,137.1,129.4,150.5,153.2,158.3,142.0,140.8,140.3,135.1,143.5
SEALER-0050,1534,25:34,135.5,142.2,137.2,129.5,150.3,153.1,157.4,141.7,140.1,140.3,134.7,142.8
SEALER-0050,1535,25:35,135.3,142.3,136.9,130.0,150.2,154.0,157.0,140.8,139.7,140.2,134.4,142.8
SEALER-0050,1536,25:36,135.2,141.5,136.8,129.6,149.6,154.1,156.5,141.2,139.8,139.8,133.9,142.8
SEALER-0050,1537,25:37,134.3,140.5,136.6,128.9,148.8,153.0,156.6,140.6,140.2,140.4,134.2,141.2
SEALER-0050,1538,25:38,134.0,140.4,136.0,128.1,148.6,153.1,155.9,140.6,138.9,139.1,133.3,141.3
SEALER-0050,1539,25:39,134.8,139.8,135.7,128.3,148.2,151.5,155.5,139.9,138.6,139.2,133.3,141.2
SEALER-0050,1540,25:40,133.7,139.3,135.1,128.9,147.2,151.3,154.6,138.5,137.9,138.3,132.4,140.6
SEALER-0050,1541,25:41,134.4,140.2,135.6,128.0,147.5,152.1,153.9,139.8,138.3,139.0,132.0,139.9
SEALER-0050,1542,25:42,133.5,139.1,135.4,128.7,147.0,150.5,154.1,139.3,137.9,138.0,132.9,141.0
SEALER-0050,1543,25:43,133.2,138.7,134.6,127.6,147.1,149.0,154.6,139.4,138.7,137.3,131.7,140.3
SEALER-0050,1544,25:44,133.2,138.2,134.6,127.5,145.8,149.6,153.9,138.4,137.5,137.0,131.5,139.8
SEALER-0050,1545,25:45,133.3,137.4,134.5,126.7,146.5,149.2,152.3,138.1,137.4,137.0,132.1,139.0
SEALER-0050,1546,25:46,132.8,139.2,133.7,127.3,145.3,149.3,152.4,137.9,136.8,137.1,130.5,138.4
SEALER-0050,1547,25:47,132.1,138.3,133.2,126.0,145.8,148.6,151.8,138.1,136.2,136.5,131.0,139.1
SEALER-0050,1548,25:48,132.6,137.6,132.6,126.5,145.5,147.9,152.1,137.4,135.6,136.3,130.4,138.9
SEALER-0050,1549,25:49,132.4,136.9,132.8,126.4,145.1,148.2,151.2,136.8,135.8,137.2,129.6,139.3
SEALER-0050,1550,25:50,132.1,136.7,132.4,126.7,144.9,148.3,151.0,136.0,135.7,135.8,129.7,138.5
SEALER-0050,1551,25:51,131.1,135.7,132.5,125.7,143.9,146.2,151.1,136.0,135.3,135.6,130.7,138.6
SEALER-0050,1552,25:52,131.0,135.6,131.3,125.0,144.4,146.5,150.7,135.4,135.8,135.4,130.5,136.5
SEALER-0050,1553,25:53,130.4,135.8,132.4,124.1,143.7,147.1,149.8,135.2,135.5,134.8,128.9,137.2
SEALER-0050,1554,25:54,130.3,135.8,130.8,125.1,144.0,145.7,149.7,135.2,134.4,135.6,129.1,137.2
SEALER-0050,1555,25:55,130.0,135.1,131.0,124.4,143.0,146.5,150.1,135.1,134.6,134.1,129.4,136.4
SEALER-0050,1556,25:56,130.0,135.1,131.7,123.6,142.6,145.0,149.3,134.5,134.0,135.8,128.4,137.1
SEALER-0050,1557,25:57,130.3,133.5,130.4,124.2,141.5,144.6,148.0,134.2,133.7,134.3,128.2,135.4
SEALER-0050,1558,25:58,129.9,135.1,130.3,123.6,141.6,144.1,147.8,134.2,133.5,134.5,128.7,135.2
SEALER-0050,1559,25:59,129.7,134.0,128.9,123.6,141.4,144.5,147.2,133.6,133.0,134.6,127.6,135.7
SEALER-0050,1560,26:00,129.7,134.3,129.7,123.6,141.5,143.8,146.9,134.0,132.0,133.6,126.3,135.3
SEALER-0050,1561,26:01,129.1,133.8,129.5,123.0,140.2,143.3,147.6,133.9,132.4,133.4,127.4,135.4
SEALER-0050,1562,26:02,128.1,133.8,128.8,123.4,140.5,143.3,146.8,133.1,132.4,131.9,127.0,134.3
SEALER-0050,1563,26:03,129.1,133.3,129.4,123.2,139.8,143.6,146.4,132.4,132.2,132.6,126.6,134.2
SEALER-0050,1564,26:04,128.1,131.6,129.0,121.9,139.4,142.5,146.9,133.0,133.1,132.6,126.1,134.4
SEALER-0050,1565,26:05,128.7,132.3,128.0,121.9,138.9,143.3,145.0,131.3,132.0,131.4,124.6,133.9
SEALER-0050,1566,26:06,127.2,132.0,127.9,122.1,138.4,142.1,145.6,131.9,132.0,132.4,125.5,133.6
SEALER-0050,1567,26:07,127.2,132.0,128.8,120.7,139.4,142.6,144.3,131.6,130.6,131.1,124.6,133.9
SEALER-0050,1568,26:08,127.8,131.6,128.3,121.2,139.3,141.2,145.6,130.6,131.0,130.0,126.1,134.2
SEALER-0050,1569,26:09,126.9,131.1,127.8,121.2,138.1,140.7,144.2,130.2,130.0,131.2,124.1,133.0
SEALER-0050,1570,26:10,126.1,130.7,127.4,120.2,137.1,140.5,143.2,130.4,129.6,130.5,123.7,132.6
SEALER-0050,1571,26:11,126.5,130.1,126.7,120.4,138.3,140.2,143.5,129.8,129.7,129.8,124.8,132.2
SEALER-0050,1572,26:12,126.6,130.1,126.8,120.4,137.5,140.1,142.7,129.7,129.9,129.8,124.3,132.3
SEALER-0050,1573,26:13,126.5,129.6,126.0,118.9,136.9,139.8,142.1,130.0,128.6,129.1,123.9,131.7
SEALER-0050,1574,26:14,126.1,130.2,125.9,120.2,136.2,139.2,143.0,128.7,129.5,129.7,123.7,131.1
SEALER-0050,1575,26:15,125.7,128.8,126.0,119.9,137.4,138.5,141.6,128.5,128.4,128.0,123.6,131.0
SEALER-0050,1576,26:16,126.0,129.3,126.0,118.7,135.7,138.2,141.0,129.8,129.9,128.3,123.5,131.6
SEALER-0050,1577,26:17,125.2,129.5,125.4,118.9,135.5,138.3,141.3,128.6,129.0,128.8,122.7,130.4
SEALER-0050,1578,26:18,124.1,128.9,124.4,118.3,135.7,138.3,140.8,128.9,127.3,127.9,120.7,130.2
SEALER-0050,1579,26:19,124.5,128.1,124.6,119.0,135.1,137.2,140.6,126.7,128.2,128.5,122.2,130.7
SEALER-0050,1580,26:20,124.4,126.6,124.8,118.3,134.3,137.2,140.2,127.1,127.8,128.2,121.4,130.5
SEALER-0050,1581,26:21,125.0,127.7,123.5,118.2,134.8,137.1,140.0,127.0,127.5,127.7,121.7,130.1
SEALER-0050,1582,26:22,123.7,127.5,124.2,117.9,134.0,136.9,139.7,127.6,127.3,126.5,120.8,130.0
SEALER-0050,1583,26:23,124.0,126.9,123.4,118.0,135.4,136.4,139.3,126.5,126.4,127.3,120.8,129.6
SEALER-0050,1584,26:24,123.9,125.7,123.3,117.4,133.0,136.4,138.4,126.6,125.7,126.9,121.1,129.4
SEALER-0050,1585,26:25,122.8,126.3,123.5,117.6,134.1,135.8,138.5,126.2,126.2,126.4,120.2,130.0
SEALER-0050,1586,26:26,122.5,126.3,122.6,116.8,134.0,134.7,138.3,125.7,125.7,126.0,120.0,129.8
SEALER-0050,1587,26:27,123.0,126.8,122.8,117.3,132.1,134.5,138.3,125.1,125.7,126.3,119.6,128.1
SEALER-0050,1588,26:28,122.1,126.3,123.8,116.7,131.8,134.8,137.3,125.5,124.9,126.5,120.3,128.3
SEALER-0050,1589,26:29,122.7,125.1,121.7,116.0,132.4,135.2,137.4,124.7,126.2,124.5,119.8,128.9
SEALER-0050,1590,26:30,122.2,124.3,122.7,115.7,130.6,134.2,137.5,125.1,124.1,125.6,118.9,127.9
SEALER-0050,1591,26:31,121.6,125.1,121.8,115.7,132.5,133.9,137.6,123.6,124.7,125.6,118.5,127.8
SEALER-0050,1592,26:32,121.7,125.3,120.3,115.5,131.4,133.2,136.6,124.3,124.3,124.6,118.1,126.6
SEALER-0050,1593,26:33,121.4,123.5,121.6,114.8,130.8,132.7,135.3,123.3,124.5,123.9,117.7,127.1
SEALER-0050,1594,26:34,121.1,123.0,121.1,114.8,129.5,132.4,134.2,122.7,123.8,123.7,118.2,126.9
SEALER-0050,1595,26:35,121.5,123.7,120.9,114.5,130.0,132.5,135.7,122.1,123.1,123.4,117.5,125.8
SEALER-0050,1596,26:36,120.6,123.5,119.8,114.7,129.8,132.2,134.9,123.6,123.1,123.9,117.7,126.5
SEALER-0050,1597,26:37,119.9,122.8,120.4,113.9,129.5,131.0,135.7,122.3,122.7,124.0,116.4,125.9
SEALER-0050,1598,26:38,120.2,123.3,120.3,114.4,129.4,131.6,134.4,122.1,122.7,123.7,116.9,125.8
SEALER-0050,1599,26:39,120.7,123.0,120.3,113.6,129.3,131.3,133.8,121.3,122.1,122.1,117.0,125.5
SEALER-0050,1600,26:40,120.4,122.7,119.9,113.3,129.2,130.6,133.5,121.6,121.7,123.3,116.3,125.6
SEALER-0050,1601,26:41,120.1,122.2,119.1,113.4,128.6,129.8,132.8,122.1,121.4,121.2,116.9,125.5
SEALER-0050,1602,26:42,119.2,121.1,119.6,113.1,127.7,129.7,132.5,121.8,121.9,122.5,116.0,124.3
SEALER-0050,1603,26:43,119.8,122.0,118.6,113.7,128.0,130.2,132.5,120.3,120.6,121.2,115.3,124.5
SEALER-0050,1604,26:44,119.1,121.6,118.9,112.6,128.0,129.1,131.8,120.1,121.2,121.8,115.5,124.2
SEALER-0050,1605,26:45,118.9,121.7,118.3,112.0,127.8,130.0,132.4,120.3,120.6,120.6,115.3,124.6
SEALER-0050,1606,26:46,118.3,121.1,117.7,112.1,125.9,129.4,131.3,121.0,121.6,120.4,115.7,124.0
SEALER-0050,1607,26:47,117.6,120.1,118.4,112.4,126.2,129.1,131.1,119.7,119.8,120.0,114.3,123.4
SEALER-0050,1608,26:48,117.4,119.9,118.6,111.7,126.2,128.3,131.5,118.5,120.1,120.7,113.8,123.0
SEALER-0050,1609,26:49,118.4,120.0,116.6,112.0,126.0,127.2,131.1,119.3,119.5,120.4,113.4,123.2
SEALER-0050,1610,26:50,117.4,119.7,116.9,111.8,126.2,127.5,130.6,118.9,120.3,120.4,113.8,122.4
SEALER-0050,1611,26:51,117.2,119.6,117.7,110.2,125.2,127.1,130.5,117.9,119.2,120.0,113.3,122.0
SEALER-0050,1612,26:52,117.2,118.5,116.5,111.3,124.8,127.4,130.2,119.0,118.9,120.0,113.1,122.2
SEALER-0050,1613,26:53,116.8,119.0,116.8,110.3,125.7,127.0,127.8,118.5,118.5,119.3,113.4,122.9
SEALER-0050,1614,26:54,117.2,120.7,116.4,111.1,124.4,127.3,129.1,118.1,118.2,119.6,112.0,122.7
SEALER-0050,1615,26:55,116.8,118.3,116.1,110.3,124.5,126.4,128.7,117.4,118.6,118.8,113.0,122.2
SEALER-0050,1616,26:56,116.4,118.4,116.0,109.6,123.7,125.4,128.3,117.9,118.5,118.4,113.4,122.0
SEALER-0050,1617,26:57,115.5,118.3,115.0,109.4,124.6,125.7,127.9,117.6,118.6,118.1,112.7,121.3
SEALER-0050,1618,26:58,115.8,117.8,115.5,110.1,123.3,125.5,127.7,116.8,118.7,118.7,111.6,121.6
SEALER-0050,1619,26:59,115.7,118.6,116.2,110.3,123.5,124.5,127.9,116.2,116.7,117.8,112.5,120.4
SEALER-0050,1620,27:00,114.9,117.4,114.9,108.8,122.9,125.6,127.1,116.8,116.2,118.1,111.5,120.9
SEALER-0050,1621,27:01,115.5,116.9,114.8,108.7,122.4,123.7,126.4,116.3,116.9,117.5,112.1,120.8
SEALER-0050,1622,27:02,115.6,117.6,115.5,109.2,121.8,125.1,126.6,116.1,116.5,118.4,110.7,120.7
SEALER-0050,1623,27:03,115.1,116.4,113.8,109.3,122.2,123.6,125.8,115.2,116.7,117.5,110.4,119.5
SEALER-0050,1624,27:04,114.3,116.2,114.4,108.2,121.9,122.7,126.0,115.0,116.8,117.3,110.7,119.7
SEALER-0050,1625,27:05,115.2,116.3,113.9,109.0,122.2,124.2,125.8,115.8,116.2,116.6,111.0,119.8
SEALER-0050,1626,27:06,114.7,115.7,112.9,107.9,121.1,122.8,125.9,115.4,116.6,117.0,111.2,119.4
SEALER-0050,1627,27:07,114.4,115.7,114.1,108.1,120.1,122.8,125.0,114.7,114.9,116.6,110.5,120.5
SEALER-0050,1628,27:08,114.5,114.9,112.9,108.1,119.3,122.3,125.0,114.3,115.7,116.2,109.6,119.5
SEALER-0050,1629,27:09,113.6,115.5,112.6,108.0,120.5,121.8,124.5,113.3,114.6,115.9,110.7,118.6
SEALER-0050,1630,27:10,113.8,115.4,112.4,107.1,120.0,122.3,125.5,114.4,114.5,115.0,109.1,119.3
SEALER-0050,1631,27:11,113.9,113.9,112.8,107.0,120.2,122.6,124.2,113.2,115.2,115.8,109.1,119.4
SEALER-0050,1632,27:12,113.8,113.9,113.0,106.5,120.9,120.8,124.3,113.1,114.5,114.7,109.1,117.8
SEALER-0050,1633,27:13,112.6,113.9,112.0,105.7,118.8,121.0,123.9,112.2,113.7,114.2,108.9,118.0
SEALER-0050,1634,27:14,113.8,114.4,111.6,106.5,119.4,120.9,123.0,111.9,114.0,114.4,107.1,117.9
SEALER-0050,1635,27:15,112.4,113.1,111.6,106.2,118.5,119.9,122.9,112.2,113.3,114.0,109.1,117.6
SEALER-0050,1636,27:16,111.9,114.0,112.7,107.1,118.6,120.4,123.2,111.6,112.9,114.6,107.8,117.4
SEALER-0050,1637,27:17,112.0,113.0,111.4,106.2,117.7,119.4,122.8,113.0,113.3,113.4,108.4,117.0
SEALER-0050,1638,27:18,111.4,112.5,110.9,106.0,118.1,119.6,122.6,111.0,112.8,114.3,107.8,116.5
SEALER-0050,1639,27:19,112.1,112.8,111.2,105.9,117.6,119.0,121.7,111.7,112.4,112.8,107.6,116.3
SEALER-0050,1640,27:20,110.9,113.6,111.3,104.8,117.4,119.3,121.1,110.9,113.5,113.2,107.4,115.9
SEALER-0050,1641,27:21,111.3,112.0,111.3,105.5,116.5,119.7,121.7,111.9,111.9,114.0,107.3,115.2
SEALER-0050,1642,27:22,111.3,111.9,109.8,106.1,116.6,118.1,121.0,111.9,113.0,112.7,107.7,115.6
SEALER-0050,1643,27:23,111.1,111.8,109.4,104.2,117.5,118.8,120.9,111.5,112.3,112.7,106.4,116.1
SEALER-0050,1644,27:24,111.3,111.0,109.4,104.5,116.5,119.2,120.1,110.1,111.6,112.9,106.4,114.8
SEALER-0050,1645,27:25,110.0,111.5,109.7,104.5,116.2,118.2,119.1,110.0,111.3,112.1,105.9,116.2
SEALER-0050,1646,27:26,110.4,111.8,109.9,103.5,115.4,117.2,119.6,110.9,111.9,112.0,106.2,115.6
SEALER-0050,1647,27:27,110.4,110.7,109.9,103.7,115.1,116.6,120.1,110.7,110.5,112.4,105.1,115.0
SEALER-0050,1648,27:28,109.4,110.5,108.4,104.0,115.3,116.7,119.7,108.8,110.6,112.3,105.7,115.0
SEALER-0050,1649,27:29,109.6,111.0,108.6,103.3,115.2,117.1,118.8,109.4,110.9,110.8,105.1,114.7
SEALER-0050,1650,27:30,109.1,110.6,108.3,103.9,115.8,116.9,118.5,108.8,110.5,111.6,105.1,113.9
SEALER-0050,1651,27:31,109.5,110.0,108.6,102.6,114.6,116.8,118.2,108.7,109.4,110.2,104.8,113.6
SEALER-0050,1652,27:32,108.4,108.6,107.7,102.3,114.4,115.3,118.3,108.0,111.0,110.5,104.0,113.5
SEALER-0050,1653,27:33,109.6,109.9,107.8,102.2,114.6,115.5,118.3,108.2,108.8,110.2,103.9,113.8
SEALER-0050,1654,27:34,109.4,109.1,106.8,103.2,114.2,115.2,118.1,107.5,109.5,109.8,104.4,113.3
SEALER-0050,1655,27:35,108.9,108.8,107.8,102.2,113.6,115.6,117.1,109.0,109.0,110.7,104.4,112.7
SEALER-0050,1656,27:36,107.7,109.9,107.3,102.2,113.2,115.6,117.5,106.8,108.5,110.3,103.8,112.7
SEALER-0050,1657,27:37,107.7,108.6,107.2,102.0,114.1,114.0,116.5,107.5,108.4,109.3,103.4,113.2
SEALER-0050,1658,27:38,107.4,107.7,107.1,100.3,113.2,114.7,116.3,107.1,108.7,109.1,104.2,111.8
SEALER-0050,1659,27:39,108.2,107.9,106.6,101.8,112.5,114.2,117.2,107.3,108.6,109.1,102.7,112.0
SEALER-0050,1660,27:40,107.6,108.6,106.8,100.3,112.2,113.3,116.1,107.6,109.1,109.4,102.2,112.0
SEALER-0050,1661,27:41,108.5,108.4,105.8,101.0,111.8,113.0,115.9,106.8,107.8,108.3,102.3,112.6
SEALER-0050,1662,27:42,106.7,107.7,106.0,101.0,112.1,113.2,115.7,106.6,107.5,107.9,102.4,112.1
SEALER-0050,1663,27:43,106.6,106.8,105.5,100.7,112.0,113.5,115.5,105.4,107.5,108.4,102.6,111.8
SEALER-0050,1664,27:44,107.2,106.4,105.6,101.1,111.6,113.1,114.3,105.9,108.0,107.9,101.1,111.2
SEALER-0050,1665,27:45,107.3,107.2,105.2,99.8,110.5,112.4,114.6,105.5,106.7,108.3,102.3,111.2
SEALER-0050,1666,27:46,106.8,106.9,104.7,100.3,110.6,112.7,114.3,105.3,107.2,108.9,102.0,110.9
SEALER-0050,1667,27:47,106.0,106.1,104.7,99.1,111.2,111.9,114.3,105.8,106.4,107.7,101.2,110.3
SEALER-0050,1668,27:48,105.2,106.3,105.1,99.6,110.0,111.1,114.2,105.7,106.7,107.5,101.3,111.6
SEALER-0050,1669,27:49,106.3,105.8,104.4,99.7,109.8,111.7,113.7,104.6,107.1,106.8,101.3,110.3
SEALER-0050,1670,27:50,105.9,106.1,104.4,98.6,110.2,111.6,113.5,104.1,105.8,107.1,101.4,110.6
SEALER-0050,1671,27:51,105.4,106.0,104.1,99.6,108.8,111.3,112.6,105.2,105.4,106.0,100.8,109.7
SEALER-0050,1672,27:52,105.4,105.5,103.9,98.8,110.3,110.6,113.1,104.5,106.3,107.0,101.0,109.6
SEALER-0050,1673,27:53,105.4,105.0,103.4,99.3,109.3,110.3,112.3,103.3,105.8,106.1,100.5,109.8
SEALER-0050,1674,27:54,104.9,105.1,104.1,98.8,109.3,111.3,111.4,103.7,105.0,105.5,100.7,108.9
SEALER-0050,1675,27:55,104.9,104.6,103.4,98.7,108.5,109.9,111.2,103.3,105.9,105.8,100.3,109.7
SEALER-0050,1676,27:56,104.8,103.7,103.5,97.6,108.6,110.5,111.8,103.1,105.6,105.4,98.9,108.8
SEALER-0050,1677,27:57,105.2,105.2,103.3,98.1,107.8,109.6,111.0,102.6,104.1,105.0,100.1,109.2
SEALER-0050,1678,27:58,104.4,104.2,103.8,98.6,108.7,109.8,111.8,102.6,105.6,105.6,99.5,109.3
SEALER-0050,1679,27:59,103.7,103.6,102.0,98.5,106.9,109.0,110.8,103.0,104.4,104.4,98.7,108.5
SEALER-0050,1680,28:00,103.9,104.3,102.8,97.0,106.6,109.9,111.3,103.1,104.5,105.4,99.7,108.4
SEALER-0050,1681,28:01,103.6,102.9,102.0,96.4,107.8,109.7,111.0,102.1,104.3,104.2,99.0,108.2
SEALER-0050,1682,28:02,103.3,103.8,102.5,97.2,106.6,108.4,110.5,102.0,104.9,104.3,98.3,107.8
SEALER-0050,1683,28:03,104.0,103.4,101.4,98.1,107.8,108.0,110.1,101.9,103.4,104.5,98.6,108.0
SEALER-0050,1684,28:04,103.0,102.9,100.5,97.0,105.4,108.1,110.2,100.6,102.2,103.9,98.1,106.4
SEALER-0050,1685,28:05,103.5,102.1,101.5,95.8,105.8,108.1,109.5,101.5,103.7,103.5,98.1,107.2
SEALER-0050,1686,28:06,102.2,102.5,101.4,96.0,105.8,107.0,109.6,101.1,102.5,103.5,97.4,107.2
SEALER-0050,1687,28:07,102.8,102.1,101.0,95.7,105.6,106.9,109.1,101.0,102.9,103.9,97.8,106.4
SEALER-0050,1688,28:08,102.8,102.5,100.7,96.7,106.3,106.9,109.7,101.4,103.1,103.1,97.4,107.3
SEALER-0050,1689,28:09,102.9,101.9,100.9,96.5,105.2,106.8,108.6,99.9,101.6,103.1,97.3,107.4
SEALER-0050,1690,28:10,102.3,100.2,99.5,95.6,106.0,107.3,108.1,100.1,102.7,103.6,97.3,106.0
SEALER-0050,1691,28:11,102.5,101.8,99.5,96.6,104.4,106.6,107.2,101.4,101.5,101.8,97.0,105.3
SEALER-0050,1692,28:12,100.8,100.8,100.6,95.9,104.7,105.7,108.1,100.5,101.8,103.2,97.0,106.0
SEALER-0050,1693,28:13,101.7,101.3,100.4,96.2,104.6,106.4,107.6,100.1,101.9,101.7,96.4,105.5
SEALER-0050,1694,28:14,101.6,101.0,99.8,95.2,104.8,106.1,107.1,98.8,101.3,102.4,95.6,105.5
SEALER-0050,1695,28:15,100.8,100.8,99.7,94.4,104.1,105.8,107.0,99.5,101.5,101.8,95.8,104.8
SEALER-0050,1696,28:16,101.3,100.7,99.1,94.7,104.0,104.4,107.4,98.5,100.5,102.0,96.3,104.8
SEALER-0050,1697,28:17,101.0,100.8,98.9,96.0,104.3,105.3,106.5,98.3,101.3,102.0,96.1,106.2
SEALER-0050,1698,28:18,99.3,100.9,98.9,93.9,103.2,104.3,106.7,98.8,101.8,101.4,94.8,105.6
SEALER-0050,1699,28:19,101.3,99.9,98.7,93.5,103.8,105.0,107.0,98.7,100.9,100.9,94.3,105.7
SEALER-0050,1700,28:20,101.2,100.0,99.1,94.1,103.4,104.1,106.1,98.2,100.7,101.4,95.3,104.1
SEALER-0050,1701,28:21,101.2,100.2,97.7,94.3,102.7,104.2,106.5,97.6,100.5,100.9,94.6,104.5
SEALER-0050,1702,28:22,100.1,99.1,98.1,93.2,103.6,103.3,105.8,97.4,100.2,100.6,94.2,103.8
SEALER-0050,1703,28:23,99.6,99.1,98.3,93.9,102.2,103.5,105.4,97.9,99.5,100.7,95.4,103.7
SEALER-0050,1704,28:24,100.3,98.1,97.7,92.3,102.7,102.6,104.5,97.3,100.5,100.5,95.0,103.9
SEALER-0050,1705,28:25,99.6,98.6,97.5,93.0,102.1,103.1,105.7,96.3,98.9,99.3,94.0,102.3
SEALER-0050,1706,28:26,99.6,99.5,98.5,92.9,102.1,101.7,104.8,97.4,98.5,100.0,94.7,103.6
SEALER-0050,1707,28:27,99.2,97.7,96.9,92.5,101.6,103.2,103.9,97.3,99.6,99.9,92.9,103.8
SEALER-0050,1708,28:28,98.8,98.9,97.2,93.0,101.7,102.6,104.1,97.0,98.4,100.2,93.3,102.5
SEALER-0050,1709,28:29,100.1,98.3,96.7,91.8,101.0,100.9,103.4,96.7,99.5,99.4,93.3,102.3
SEALER-0050,1710,28:30,98.9,97.6,96.9,91.9,101.2,102.2,103.5,96.7,99.2,99.5,93.3,102.4
SEALER-0050,1711,28:31,99.6,98.0,97.3,92.5,100.8,101.4,103.3,96.9,98.5,100.1,93.7,102.8
SEALER-0050,1712,28:32,98.3,97.6,95.7,91.8,99.6,101.6,102.9,95.2,97.2,99.2,93.5,102.4
SEALER-0050,1713,28:33,98.3,97.4,96.3,92.2,99.6,101.5,102.7,95.6,98.1,98.5,93.1,101.7
SEALER-0050,1714,28:34,97.9,97.0,96.3,91.7,100.4,101.1,103.1,95.1,97.8,98.6,91.9,102.3
SEALER-0050,1715,28:35,97.8,96.8,96.5,91.9,99.5,101.6,101.8,95.6,96.8,98.0,91.7,101.3
SEALER-0050,1716,28:36,96.7,97.2,96.9,91.8,98.8,100.9,103.7,95.8,97.9,98.1,92.1,101.2
SEALER-0050,1717,28:37,97.7,95.9,95.3,92.0,99.4,100.3,102.2,93.8,97.4,97.2,92.1,102.2
SEALER-0050,1718,28:38,97.0,96.0,94.9,91.6,99.9,100.5,101.6,95.4,97.4,97.1,91.8,99.7
SEALER-0050,1719,28:39,97.7,95.6,95.0,91.7,98.3,100.5,101.6,95.3,97.1,97.4,92.2,101.3
SEALER-0050,1720,28:40,97.1,96.1,95.5,90.8,99.3,99.6,101.9,94.0,96.6,97.4,91.1,100.4
SEALER-0050,1721,28:41,97.0,96.2,93.9,90.8,99.3,100.1,101.6,94.5,96.6,97.7,91.3,100.5
SEALER-0050,1722,28:42,97.2,94.6,94.1,90.9,98.1,99.6,100.0,93.2,95.7,97.3,92.0,100.6
SEALER-0050,1723,28:43,97.1,95.3,93.7,90.7,98.4,99.8,101.6,94.9,96.6,97.2,90.4,99.9
SEALER-0050,1724,28:44,96.5,94.6,94.3,89.6,98.1,99.1,101.5,93.6,96.3,97.2,90.1,99.5
SEALER-0050,1725,28:45,96.2,94.4,93.8,89.3,98.5,99.4,101.3,93.9,96.0,95.2,90.2,99.8
SEALER-0050,1726,28:46,96.1,95.2,94.4,89.8,97.7,99.1,100.0,95.2,95.5,96.6,92.1,99.0
SEALER-0050,1727,28:47,96.6,94.7,94.4,89.7,98.3,98.3,99.7,93.2,96.6,96.6,91.0,100.6
SEALER-0050,1728,28:48,95.6,95.3,93.7,89.5,97.3,98.4,98.8,93.2,94.6,96.1,90.1,99.9
SEALER-0050,1729,28:49,96.5,94.7,93.6,89.5,96.7,97.5,100.1,92.6,94.8,96.3,88.6,98.8
SEALER-0050,1730,28:50,95.6,94.7,93.8,88.8,97.2,97.4,100.0,92.3,94.1,94.9,89.8,99.4
SEALER-0050,1731,28:51,96.1,93.6,93.0,88.2,96.5,97.4,99.5,92.0,95.1,96.0,89.6,98.7
SEALER-0050,1732,28:52,95.2,94.1,93.3,88.6,96.4,98.8,98.4,92.1,94.2,95.0,89.0,98.5
SEALER-0050,1733,28:53,95.3,94.4,92.2,88.8,96.8,97.0,98.9,92.0,95.5,95.3,89.6,98.4
SEALER-0050,1734,28:54,95.1,93.7,92.2,89.2,96.7,97.1,98.1,92.5,94.4,94.8,89.7,98.9
SEALER-0050,1735,28:55,95.0,94.2,91.7,88.7,96.5,97.0,98.7,91.1,93.6,94.7,89.2,97.6
SEALER-0050,1736,28:56,94.0,93.3,92.7,88.9,95.8,96.1,98.6,92.0,93.6,95.0,88.4,97.7
SEALER-0050,1737,28:57,95.4,92.7,92.8,88.6,95.5,96.6,97.1,90.6,93.2,94.5,89.0,98.6
SEALER-0050,1738,28:58,95.5,93.3,92.2,88.6,95.0,94.8,98.6,91.9,93.8,94.2,87.6,97.6
SEALER-0050,1739,28:59,93.8,93.0,91.7,87.7,94.7,95.6,97.1,91.1,92.7,92.8,88.2,97.0
SEALER-0050,1740,29:00,93.7,92.4,92.4,87.8,94.1,95.6,97.1,91.2,92.8,94.5,88.7,96.9
SEALER-0050,1741,29:01,94.2,93.2,92.0,87.9,94.7,95.2,98.2,90.6,92.0,93.5,88.1,97.0
SEALER-0050,1742,29:02,93.6,92.3,92.2,87.7,95.0,95.2,96.2,90.9,93.2,94.4,87.3,97.9
SEALER-0050,1743,29:03,93.6,92.6,91.1,87.4,94.6,95.8,97.2,90.1,92.9,94.0,88.1,96.9
SEALER-0050,1744,29:04,93.0,91.8,91.4,87.1,94.5,95.7,96.7,90.4,93.5,93.6,86.5,97.1
SEALER-0050,1745,29:05,93.2,91.1,90.6,87.2,94.5,94.5,95.7,90.3,92.7,93.9,87.2,96.4
SEALER-0050,1746,29:06,93.2,91.3,90.5,86.4,94.3,94.2,95.8,90.3,92.4,93.2,86.9,96.3
SEALER-0050,1747,29:07,93.4,91.4,91.2,86.5,93.4,94.7,95.9,90.2,92.0,93.1,88.1,96.0
SEALER-0050,1748,29:08,93.4,90.9,90.5,86.2,93.4,94.5,95.8,89.6,92.5,92.9,86.5,97.1
SEALER-0050,1749,29:09,92.9,91.3,90.1,86.7,93.6,93.7,95.5,90.7,91.6,92.1,87.2,96.2
SEALER-0050,1750,29:10,92.5,91.2,90.0,86.1,93.8,93.3,95.3,89.7,92.2,92.8,87.3,95.8
SEALER-0050,1751,29:11,91.9,91.0,89.7,87.0,94.0,93.7,95.5,89.7,91.6,92.4,87.3,94.8
SEALER-0050,1752,29:12,93.0,91.0,89.9,85.9,92.7,94.1,95.2,88.5,91.5,90.9,86.3,95.1
SEALER-0050,1753,29:13,91.8,90.5,89.6,85.9,91.8,92.4,94.6,88.9,89.8,91.7,86.4,95.5
SEALER-0050,1754,29:14,92.0,89.5,90.5,86.8,92.4,92.9,94.5,88.7,90.6,92.0,86.4,94.4
SEALER-0050,1755,29:15,92.4,89.6,89.1,86.2,91.8,92.5,93.9,88.9,90.8,91.6,85.7,95.2
SEALER-0050,1756,29:16,90.7,89.0,89.7,84.3,91.6,92.5,94.6,88.8,91.1,91.3,86.1,94.5
SEALER-0050,1757,29:17,90.7,89.5,89.4,84.9,92.2,92.7,93.5,89.2,89.8,90.8,85.4,94.4
SEALER-0050,1758,29:18,91.6,88.9,89.1,84.4,91.7,92.2,94.5,88.0,90.6,90.9,85.1,94.8
SEALER-0050,1759,29:19,91.6,89.2,88.8,85.3,91.7,91.8,92.3,87.2,88.7,91.2,85.6,93.7
SEALER-0050,1760,29:20,90.8,89.0,86.5,85.3,90.7,92.6,93.3,87.4,89.5,90.4,85.7,94.2
SEALER-0050,1761,29:21,91.4,88.8,87.8,85.5,90.7,92.1,93.1,86.8,89.6,90.5,85.0,94.2
SEALER-0050,1762,29:22,90.5,88.8,88.4,84.1,91.1,91.8,93.3,86.4,89.6,89.9,85.0,94.3
SEALER-0050,1763,29:23,90.8,88.3,88.2,84.4,90.5,91.1,93.1,86.7,88.7,90.0,84.6,93.6
SEALER-0050,1764,29:24,90.5,88.7,88.0,85.0,90.0,91.3,93.2,86.4,89.8,90.3,84.3,93.7
SEALER-0050,1765,29:25,90.1,88.2,87.6,84.4,90.3,91.5,91.7,86.8,88.9,89.4,84.4,93.1
SEALER-0050,1766,29:26,90.4,87.9,88.4,83.3,90.2,91.0,92.5,86.7,88.1,88.7,83.7,93.3
SEALER-0050,1767,29:27,90.0,87.7,88.4,83.8,90.3,91.4,91.8,85.7,88.9,89.6,84.1,93.8
SEALER-0050,1768,29:28,90.1,87.9,87.2,83.7,90.0,90.9,91.7,86.1,88.5,89.1,83.8,93.3
SEALER-0050,1769,29:29,88.8,87.8,86.9,83.4,89.3,89.8,91.9,85.8,88.6,89.6,84.4,93.4
SEALER-0050,1770,29:30,89.6,87.1,86.9,83.5,89.4,89.4,91.1,86.2,88.5,89.2,83.6,92.9
SEALER-0050,1771,29:31,89.1,88.7,87.3,83.9,89.1,89.4,90.8,85.8,87.8,89.3,83.6,92.7
SEALER-0050,1772,29:32,90.3,87.4,86.0,82.6,88.8,89.7,91.1,85.0,88.1,88.9,83.6,92.5
SEALER-0050,1773,29:33,89.2,87.0,86.2,83.4,89.5,89.4,90.4,84.3,87.0,89.5,83.6,92.6
SEALER-0050,1774,29:34,89.7,86.6,86.9,81.7,88.8,89.3,90.4,85.4,87.5,87.9,82.1,92.1
SEALER-0050,1775,29:35,88.6,87.0,86.1,83.1,87.5,88.8,90.8,85.5,88.5,88.8,82.7,91.7
SEALER-0050,1776,29:36,88.5,87.3,87.2,83.0,88.5,88.9,90.1,85.2,87.3,89.0,82.3,91.7
SEALER-0050,1777,29:37,89.5,85.9,86.3,83.3,88.3,88.8,90.1,85.4,86.7,87.3,83.0,91.3
SEALER-0050,1778,29:38,88.0,85.8,86.0,82.0,88.2,89.0,89.5,85.2,87.1,88.2,82.2,91.2
SEALER-0050,1779,29:39,88.9,86.2,85.0,82.1,88.0,89.0,90.1,84.0,86.1,87.4,81.8,90.6
SEALER-0050,1780,29:40,89.2,86.4,85.6,82.3,87.7,87.9,89.4,84.1,87.5,86.5,82.1,90.2
SEALER-0050,1781,29:41,87.2,85.5,85.7,81.9,88.0,87.7,89.5,84.6,86.9,88.4,82.0,91.6
SEALER-0050,1782,29:42,89.3,86.4,85.6,82.4,88.0,87.3,88.8,84.1,85.7,87.7,82.9,90.7
SEALER-0050,1783,29:43,87.3,85.2,85.3,81.3,86.8,87.5,88.7,84.4,86.0,87.0,81.7,90.4
SEALER-0050,1784,29:44,87.8,85.5,85.2,81.6,86.9,88.2,89.0,83.6,85.5,86.3,81.2,91.2
SEALER-0050,1785,29:45,87.6,85.2,84.1,80.5,86.8,87.3,88.4,83.6,85.5,87.2,81.1,90.8
SEALER-0050,1786,29:46,87.4,84.9,85.2,81.3,87.2,87.1,87.9,83.1,85.9,87.2,81.3,90.5
SEALER-0050,1787,29:47,87.6,84.9,84.9,81.9,86.4,87.4,87.3,84.0,85.3,86.1,81.3,89.6
SEALER-0050,1788,29:48,87.4,84.3,84.7,80.5,85.9,87.8,87.8,82.8,85.4,86.6,81.3,89.5
SEALER-0050,1789,29:49,86.4,84.6,84.3,80.5,85.9,86.9,88.3,81.8,86.6,86.6,80.5,90.2
SEALER-0050,1790,29:50,86.8,84.9,83.8,81.1,86.1,86.5,88.5,82.7,85.2,86.4,81.5,90.2
SEALER-0050,1791,29:51,86.9,84.0,83.7,80.9,85.5,86.5,87.7,83.6,85.4,85.8,81.3,89.2
SEALER-0050,1792,29:52,86.7,83.7,83.8,80.0,84.8,86.7,87.8,82.5,84.5,85.6,79.0,89.0
SEALER-0050,1793,29:53,86.2,84.2,84.4,80.0,85.6,86.0,87.5,82.6,84.8,86.0,80.9,89.2
SEALER-0050,1794,29:54,86.1,83.2,83.5,80.5,85.7,86.2,87.9,82.0,83.8,85.5,81.0,89.8
SEALER-0050,1795,29:55,86.6,83.3,82.9,80.0,85.9,85.7,86.7,82.6,85.1,85.9,79.5,89.1
SEALER-0050,1796,29:56,86.1,84.4,82.9,80.0,85.5,85.3,87.6,81.3,84.6,83.9,79.7,88.6
SEALER-0050,1797,29:57,86.1,83.4,84.2,79.6,85.1,85.5,86.5,81.6,84.2,85.5,79.7,87.9
SEALER-0050,1798,29:58,86.1,82.9,83.8,79.9,84.4,86.1,86.5,81.5,84.4,85.7,79.5,89.3
SEALER-0050,1799,29:59,85.9,83.3,83.5,80.4,84.8,85.4,86.0,81.3,84.5,85.2,79.7,88.4
