trial_id,time_s,time_mmss,T_LH_HOOD,T_LH_FENDER,T_LH_FRONT_DOOR,T_LH_REAR_DOOR,T_LH_Q_P,T_LH_T_G,T_RH_T_G,T_RH_Q_P,T_RH_REAR_DOOR,T_RH_FR_DOOR,T_RH_FENDER,T_RH_HOOD
SEALER-0022,0,00:00,34.7,35.7,35.4,35.1,35.5,35.1,35.4,36.2,34.9,35.3,36.1,34.9
SEALER-0022,1,00:01,34.5,35.1,35.2,35.0,34.7,34.5,35.5,34.8,34.3,34.0,35.1,34.2
SEALER-0022,2,00:02,34.9,34.9,34.6,34.4,34.2,35.3,35.2,34.8,35.6,34.4,35.0,35.5
SEALER-0022,3,00:03,35.9,35.2,35.1,34.5,36.4,34.8,34.6,35.0,34.1,35.5,35.7,35.5
SEALER-0022,4,00:04,34.4,34.6,35.2,35.4,34.2,34.6,35.1,35.0,35.7,35.5,34.2,34.3
SEALER-0022,5,00:05,34.4,33.9,34.6,36.3,36.0,34.7,35.8,35.7,34.6,34.3,35.8,34.9
SEALER-0022,6,00:06,34.4,35.4,35.9,35.2,35.1,34.6,34.8,35.4,34.1,34.8,35.6,34.5
SEALER-0022,7,00:07,35.5,34.5,34.0,35.0,34.8,35.0,35.3,35.6,35.1,34.7,35.7,36.1
SEALER-0022,8,00:08,35.5,34.9,35.3,35.5,35.6,34.8,35.2,34.7,35.2,34.5,35.1,34.5
SEALER-0022,9,00:09,34.1,35.6,35.2,35.8,34.5,34.8,35.5,35.2,34.9,35.4,34.9,34.9
SEALER-0022,10,00:10,35.7,34.4,35.6,34.9,35.9,34.8,34.4,35.6,34.6,34.6,35.8,34.4
SEALER-0022,11,00:11,35.8,34.7,35.5,35.7,35.5,34.8,34.7,34.9,35.9,33.8,34.9,35.3
SEALER-0022,12,00:12,33.9,34.8,35.5,33.6,35.2,35.9,34.9,34.2,35.5,34.7,34.2,36.1
SEALER-0022,13,00:13,35.1,35.9,34.8,35.2,35.2,35.6,34.9,36.4,34.3,34.8,35.0,34.3
SEALER-0022,14,00:14,34.3,35.0,34.7,35.4,34.0,34.9,34.2,34.6,34.6,34.8,34.5,35.0
SEALER-0022,15,00:15,36.6,36.1,34.8,35.8,34.3,34.9,35.7,34.5,35.2,34.8,34.8,35.7
SEALER-0022,16,00:16,35.6,35.3,34.5,34.1,34.8,35.1,34.3,34.6,34.7,34.6,35.3,35.5
SEALER-0022,17,00:17,35.0,35.7,34.6,33.8,36.1,35.2,35.7,34.8,35.6,34.5,35.6,34.6
SEALER-0022,18,00:18,34.0,34.7,35.0,35.1,34.5,35.8,35.3,34.4,35.4,35.0,34.6,34.5
SEALER-0022,19,00:19,35.7,35.3,34.6,34.4,34.9,34.5,35.4,35.4,35.2,34.6,34.9,34.3
SEALER-0022,20,00:20,34.0,36.0,35.6,35.4,35.3,35.6,33.9,35.3,34.3,35.6,34.7,34.5
SEALER-0022,21,00:21,35.2,34.9,34.1,34.8,33.7,35.4,35.8,35.0,35.3,35.0,35.5,35.4
SEALER-0022,22,00:22,35.7,33.4,36.1,34.5,35.4,35.7,35.0,35.9,35.3,35.4,36.6,35.2
SEALER-0022,23,00:23,34.7,35.2,35.3,35.6,34.7,34.8,35.1,35.3,34.9,35.6,34.7,35.5
SEALER-0022,24,00:24,35.3,34.9,34.7,35.1,35.0,35.1,36.1,34.5,35.1,35.2,35.2,34.4
SEALER-0022,25,00:25,35.3,35.5,34.9,34.1,35.0,34.4,35.6,34.8,33.5,35.2,35.5,35.2
SEALER-0022,26,00:26,34.9,35.6,34.8,34.6,35.3,35.6,35.2,34.9,35.1,35.2,35.9,34.2
SEALER-0022,27,00:27,33.9,34.5,34.8,34.5,35.6,34.6,34.4,35.2,34.6,34.9,34.7,35.2
SEALER-0022,28,00:28,34.3,34.6,34.5,35.7,35.8,34.8,34.8,34.6,34.9,34.6,35.5,34.2
SEALER-0022,29,00:29,34.9,35.3,35.4,35.3,34.5,35.5,35.7,35.3,34.8,35.7,35.6,35.0
SEALER-0022,30,00:30,35.8,34.5,35.9,35.5,35.9,34.0,35.0,34.4,34.9,34.6,34.2,33.7
SEALER-0022,31,00:31,35.2,35.9,34.5,34.3,35.4,35.5,35.5,34.5,35.4,34.8,34.9,34.9
SEALER-0022,32,00:32,35.6,34.9,35.2,35.9,35.0,35.4,33.9,34.7,35.7,35.2,34.7,34.7
SEALER-0022,33,00:33,35.1,35.9,35.3,35.0,35.1,34.8,35.1,34.9,35.1,34.2,34.4,35.4
SEALER-0022,34,00:34,35.1,35.6,34.3,34.1,35.1,34.9,35.0,34.9,35.8,35.1,35.1,34.4
SEALER-0022,35,00:35,36.3,36.0,35.4,35.1,36.0,35.1,34.3,35.4,34.8,34.7,34.2,35.4
SEALER-0022,36,00:36,35.0,36.2,35.5,35.2,34.7,35.4,34.8,35.7,35.3,35.5,35.4,33.9
SEALER-0022,37,00:37,35.6,35.3,34.9,35.0,34.3,35.7,35.9,34.6,35.6,35.3,35.2,35.3
SEALER-0022,38,00:38,35.3,35.2,35.9,33.8,35.4,34.4,35.2,34.0,34.5,35.5,35.0,35.2
SEALER-0022,39,00:39,34.2,36.3,35.3,36.0,34.4,35.1,35.1,35.5,35.5,35.1,35.4,35.6
SEALER-0022,40,00:40,36.0,35.2,35.3,34.5,35.7,35.7,34.8,34.7,34.4,34.6,35.2,34.7
SEALER-0022,41,00:41,34.4,35.2,35.8,35.8,35.5,34.8,35.3,35.4,36.0,36.3,35.2,35.3
SEALER-0022,42,00:42,35.2,35.6,35.4,35.0,35.4,35.6,36.0,35.2,35.8,35.7,35.1,35.9
SEALER-0022,43,00:43,34.5,35.3,34.7,36.0,35.1,33.9,35.2,35.8,35.2,34.7,35.7,35.6
SEALER-0022,44,00:44,34.3,35.3,34.8,35.4,35.4,34.7,35.3,35.3,35.5,34.8,35.6,34.5
SEALER-0022,45,00:45,34.8,35.2,35.4,35.3,35.2,35.3,34.5,36.1,34.7,35.9,34.6,34.3
SEALER-0022,46,00:46,34.4,34.5,35.6,35.1,35.7,35.6,34.5,35.1,36.0,34.8,34.7,35.0
SEALER-0022,47,00:47,35.4,35.0,34.6,34.8,35.6,34.9,35.4,35.2,35.5,35.7,35.9,34.1
SEALER-0022,48,00:48,35.1,35.2,35.5,35.2,33.9,35.8,33.8,35.5,34.8,35.3,35.4,34.8
SEALER-0022,49,00:49,35.3,34.9,35.7,35.2,34.7,34.9,34.5,33.9,35.4,35.3,36.0,35.1
SEALER-0022,50,00:50,34.7,35.4,35.7,34.8,35.1,35.5,35.7,34.6,34.3,34.5,35.9,34.6
SEALER-0022,51,00:51,35.5,36.0,34.7,35.8,35.0,34.9,34.9,35.1,35.1,35.3,35.7,35.7
SEALER-0022,52,00:52,35.1,34.9,34.4,35.6,34.7,35.1,35.4,34.6,35.7,35.1,35.8,34.9
SEALER-0022,53,00:53,35.1,35.3,35.0,35.3,34.7,35.2,33.9,34.4,34.8,36.0,36.0,34.5
SEALER-0022,54,00:54,36.0,35.5,35.4,34.9,35.9,35.5,34.7,34.5,35.4,35.0,35.4,34.7
SEALER-0022,55,00:55,35.1,35.5,35.1,34.6,35.5,34.9,35.9,35.2,35.7,35.8,35.3,34.2
SEALER-0022,56,00:56,35.5,35.7,35.0,35.4,35.6,35.5,35.9,35.0,35.1,35.3,35.9,35.2
SEALER-0022,57,00:57,35.7,35.5,34.4,35.0,34.4,36.0,34.9,35.0,35.0,36.0,34.7,35.0
SEALER-0022,58,00:58,34.9,36.9,35.1,35.7,35.0,35.4,35.0,35.0,35.1,35.4,35.5,34.2
SEALER-0022,59,00:59,35.4,36.3,35.1,36.0,35.8,34.4,35.0,34.9,35.1,35.5,34.8,34.4
SEALER-0022,60,01:00,35.8,34.7,35.3,35.8,35.1,35.1,35.4,34.8,35.4,35.6,35.7,34.8
SEALER-0022,61,01:01,35.6,36.2,35.0,36.6,35.6,35.1,34.8,35.6,35.5,36.1,35.0,35.1
SEALER-0022,62,01:02,34.9,35.4,34.5,36.6,34.5,35.8,33.8,35.0,35.8,35.5,35.6,35.3
SEALER-0022,63,01:03,35.9,35.9,35.4,36.2,35.8,34.7,35.7,35.8,35.2,34.8,35.6,35.4
SEALER-0022,64,01:04,35.2,35.5,35.3,35.2,34.9,34.9,35.6,35.1,36.5,34.8,34.8,34.7
SEALER-0022,65,01:05,35.8,35.4,36.7,35.5,35.0,35.8,35.3,34.5,35.3,35.1,35.6,35.5
SEALER-0022,66,01:06,35.4,34.8,35.6,36.0,35.0,35.7,35.3,35.5,35.7,36.2,35.3,35.4
SEALER-0022,67,01:07,36.0,35.4,35.1,34.7,35.1,34.6,35.5,34.3,36.8,35.6,36.1,34.8
SEALER-0022,68,01:08,34.9,36.0,37.2,35.7,35.0,34.6,34.6,35.8,35.8,36.3,35.4,34.9
SEALER-0022,69,01:09,36.1,36.4,36.1,36.0,35.8,35.1,35.2,35.1,35.5,35.9,35.6,35.6
SEALER-0022,70,01:10,35.3,35.8,35.5,36.0,36.0,35.0,36.7,35.1,35.3,36.5,35.8,34.9
SEALER-0022,71,01:11,35.9,35.3,35.5,36.2,34.8,35.0,35.4,33.9,35.8,35.4,35.3,36.0
SEALER-0022,72,01:12,35.2,35.3,36.1,35.9,34.2,34.8,34.8,35.1,35.9,36.1,35.3,35.7
SEALER-0022,73,01:13,35.4,35.3,35.6,36.6,35.8,35.3,36.5,34.8,35.8,35.0,36.2,35.5
SEALER-0022,74,01:14,34.5,35.5,35.9,35.4,36.1,35.7,36.0,34.4,36.2,36.2,35.3,35.3
SEALER-0022,75,01:15,36.3,35.2,36.6,36.9,34.7,34.8,35.9,35.1,34.8,36.5,35.7,35.1
SEALER-0022,76,01:16,35.0,35.4,35.4,36.1,35.5,34.5,35.3,34.6,36.0,36.1,35.1,36.7
SEALER-0022,77,01:17,36.3,35.5,36.1,35.8,35.6,35.8,34.7,36.1,35.5,35.4,35.9,36.1
SEALER-0022,78,01:18,35.0,35.7,36.0,36.2,35.5,35.1,35.3,35.3,37.1,36.7,35.3,35.2
SEALER-0022,79,01:19,36.3,35.3,36.4,35.8,34.3,35.2,35.0,34.8,36.5,35.8,36.7,35.4
SEALER-0022,80,01:20,35.6,34.9,35.4,35.5,34.8,34.2,35.5,35.4,36.1,36.5,35.5,35.2
SEALER-0022,81,01:21,36.3,35.3,36.6,35.6,35.1,35.6,35.8,35.0,35.2,37.5,36.0,35.5
SEALER-0022,82,01:22,36.0,35.5,36.5,35.3,35.2,35.2,35.8,35.5,36.1,35.0,36.1,35.8
SEALER-0022,83,01:23,35.3,35.8,36.5,35.3,36.1,35.3,35.6,34.8,36.2,35.8,36.1,36.2
SEALER-0022,84,01:24,35.9,35.7,37.1,36.5,35.4,34.2,35.7,35.2,36.4,36.3,36.1,35.1
SEALER-0022,85,01:25,35.3,35.8,36.6,36.5,35.8,35.7,36.2,36.1,36.3,36.6,36.4,34.9
SEALER-0022,86,01:26,35.5,36.5,35.9,36.5,35.4,35.1,36.1,35.5,36.9,36.9,36.7,36.5
SEALER-0022,87,01:27,35.9,35.4,36.3,35.8,35.8,36.1,35.5,35.2,36.2,35.8,35.5,35.7
SEALER-0022,88,01:28,35.8,35.8,36.0,37.2,34.9,35.9,36.0,36.2,36.6,36.5,35.6,35.7
SEALER-0022,89,01:29,35.5,36.3,36.8,35.9,35.5,35.8,34.5,35.2,36.5,36.2,36.3,35.7
SEALER-0022,90,01:30,34.9,35.7,35.9,35.9,34.6,35.6,35.6,35.5,35.9,37.0,35.9,35.8
SEALER-0022,91,01:31,35.5,36.3,36.2,36.1,35.4,35.1,35.5,34.8,36.5,37.8,35.4,35.1
SEALER-0022,92,01:32,35.4,37.0,36.2,37.2,35.6,35.6,36.1,35.8,36.2,37.0,36.4,35.5
SEALER-0022,93,01:33,35.5,36.7,36.8,36.0,35.7,36.0,36.1,34.8,36.3,37.1,35.7,35.4
SEALER-0022,94,01:34,35.6,35.6,36.9,36.4,34.8,35.1,35.1,35.5,36.6,36.7,35.9,35.8
SEALER-0022,95,01:35,35.3,36.6,36.6,36.8,36.1,34.7,35.8,35.9,36.4,37.3,36.3,35.5
SEALER-0022,96,01:36,35.5,36.3,37.3,36.7,35.5,34.3,35.2,36.5,36.8,36.9,35.8,35.8
SEALER-0022,97,01:37,34.9,36.7,37.9,36.8,35.6,35.6,36.1,35.0,36.5,36.8,36.6,35.4
SEALER-0022,98,01:38,36.0,36.5,37.1,37.0,34.7,35.1,35.0,35.3,37.0,36.7,36.7,36.2
SEALER-0022,99,01:39,35.3,36.3,37.4,36.7,35.2,35.7,34.4,36.4,36.3,37.2,36.8,36.6
SEALER-0022,100,01:40,36.4,37.5,37.1,36.8,35.1,34.9,35.0,36.2,37.5,37.3,37.3,35.0
SEALER-0022,101,01:41,35.2,37.3,36.9,37.0,35.6,35.6,35.6,35.3,36.2,36.1,36.1,35.5
SEALER-0022,102,01:42,35.8,37.2,37.3,36.2,36.2,35.3,34.8,34.9,36.9,37.4,37.5,35.9
SEALER-0022,103,01:43,35.4,36.9,38.1,37.0,35.5,35.0,35.5,35.4,36.8,38.2,36.2,36.2
SEALER-0022,104,01:44,35.4,37.3,37.4,37.1,35.0,35.0,34.9,35.7,37.1,37.2,36.5,35.4
SEALER-0022,105,01:45,36.1,37.4,37.2,37.5,36.0,35.5,35.2,34.7,37.5,37.5,36.3,36.2
SEALER-0022,106,01:46,36.7,38.2,36.9,36.8,35.7,36.4,35.4,35.7,36.4,37.4,36.5,37.1
SEALER-0022,107,01:47,36.7,35.5,37.4,37.8,34.3,36.5,35.2,36.0,37.4,37.9,37.2,36.2
SEALER-0022,108,01:48,36.2,36.7,37.3,37.0,35.3,35.2,35.7,35.9,36.6,39.3,36.9,37.0
SEALER-0022,109,01:49,36.6,36.8,37.3,38.7,35.9,36.0,35.9,35.6,36.6,38.6,37.6,36.1
SEALER-0022,110,01:50,36.0,37.5,37.7,37.1,35.0,36.4,35.0,36.1,37.5,37.8,37.3,37.6
SEALER-0022,111,01:51,36.0,37.3,37.4,37.8,35.6,36.6,36.6,36.1,36.9,38.0,37.9,36.8
SEALER-0022,112,01:52,36.0,37.2,38.4,38.0,35.6,35.9,35.4,36.4,37.1,37.8,38.0,36.6
SEALER-0022,113,01:53,36.5,37.0,38.7,37.8,36.1,35.6,35.7,36.3,38.0,38.5,36.9,35.9
SEALER-0022,114,01:54,36.4,37.8,38.0,38.0,35.8,36.0,36.4,36.1,37.9,38.3,37.9,37.3
SEALER-0022,115,01:55,36.3,36.7,37.3,37.7,35.5,35.7,36.2,36.7,38.5,39.3,36.5,36.7
SEALER-0022,116,01:56,36.7,37.6,37.5,37.9,35.7,36.5,36.3,35.8,37.8,39.2,38.4,36.6
SEALER-0022,117,01:57,36.9,36.5,38.9,37.9,35.6,36.1,35.6,35.2,37.6,38.8,37.5,36.6
SEALER-0022,118,01:58,36.3,38.6,38.7,37.2,35.2,36.3,36.2,36.6,37.3,39.5,37.8,37.2
SEALER-0022,119,01:59,36.0,37.6,38.3,38.5,36.6,36.5,36.1,35.9,37.7,38.1,37.6,37.3
SEALER-0022,120,02:00,36.8,37.6,39.2,38.2,36.6,35.6,35.4,36.6,38.3,39.8,37.6,36.5
SEALER-0022,121,02:01,36.5,37.1,39.6,38.2,36.0,35.9,35.7,36.1,38.4,40.1,38.0,37.1
SEALER-0022,122,02:02,35.5,38.4,38.8,38.7,35.8,36.6,36.7,35.8,37.7,39.5,38.9,36.9
SEALER-0022,123,02:03,36.1,37.8,38.7,38.5,36.4,36.2,36.2,36.4,38.9,39.9,38.3,36.3
SEALER-0022,124,02:04,36.4,38.7,39.3,39.2,36.3,36.1,36.4,36.1,38.1,38.8,38.7,36.8
SEALER-0022,125,02:05,37.1,38.9,39.6,39.5,36.1,36.0,36.0,36.4,38.6,39.7,38.6,37.9
SEALER-0022,126,02:06,37.4,38.7,40.1,40.1,35.9,35.3,36.3,36.5,39.4,39.4,38.1,38.4
SEALER-0022,127,02:07,37.0,38.8,39.7,39.0,36.4,36.4,36.5,37.0,38.1,40.3,39.0,37.5
SEALER-0022,128,02:08,38.0,39.3,39.8,38.6,36.4,36.2,35.8,36.4,39.2,40.1,38.6,36.6
SEALER-0022,129,02:09,37.3,38.9,40.9,39.4,36.4,36.1,36.5,36.6,38.9,40.6,38.1,38.4
SEALER-0022,130,02:10,36.5,38.2,39.9,39.8,35.9,36.0,36.2,36.8,39.4,41.3,38.8,38.2
SEALER-0022,131,02:11,36.9,39.1,40.9,39.4,36.3,36.3,37.1,36.0,38.9,41.6,39.1,37.8
SEALER-0022,132,02:12,37.3,38.6,40.2,40.3,36.1,36.7,36.8,36.4,39.5,41.2,38.4,37.0
SEALER-0022,133,02:13,37.8,39.5,41.0,40.4,35.8,35.8,36.0,37.4,39.6,41.2,38.9,37.4
SEALER-0022,134,02:14,37.6,39.4,40.0,40.0,37.0,36.3,37.3,37.3,40.4,42.0,38.9,38.4
SEALER-0022,135,02:15,38.1,40.3,40.8,41.0,36.3,36.8,37.2,36.6,39.8,41.7,39.3,38.9
SEALER-0022,136,02:16,37.6,40.1,41.4,40.7,36.9,37.4,36.0,38.2,39.2,41.6,38.9,37.7
SEALER-0022,137,02:17,37.8,40.5,40.5,40.5,36.3,36.8,36.7,36.7,40.8,41.9,39.1,38.3
SEALER-0022,138,02:18,37.9,39.8,41.3,40.9,37.1,37.0,36.1,36.7,39.4,43.1,40.1,37.2
SEALER-0022,139,02:19,37.1,40.8,41.8,41.7,37.1,37.9,37.2,38.2,40.8,43.4,39.9,38.5
SEALER-0022,140,02:20,37.6,40.9,42.1,40.7,37.1,36.8,36.6,38.2,40.9,43.2,40.0,38.3
SEALER-0022,141,02:21,38.0,41.0,42.3,41.4,37.5,36.7,36.8,37.9,39.6,42.9,40.2,38.0
SEALER-0022,142,02:22,38.5,41.8,42.4,42.6,36.8,36.8,37.7,38.0,42.1,43.6,41.4,38.0
SEALER-0022,143,02:23,38.5,42.3,42.7,42.4,37.6,37.5,37.9,37.1,41.5,43.3,40.5,37.9
SEALER-0022,144,02:24,38.5,41.8,42.6,42.1,36.7,37.5,36.5,37.4,42.1,44.7,40.1,39.5
SEALER-0022,145,02:25,38.7,41.2,43.1,42.8,37.8,37.4,37.3,37.8,42.1,44.8,41.0,38.8
SEALER-0022,146,02:26,38.4,41.0,42.8,44.0,37.2,37.0,37.2,38.4,40.9,45.2,41.1,39.1
SEALER-0022,147,02:27,39.1,41.9,43.4,43.5,37.1,38.1,37.5,37.5,41.1,44.4,42.4,38.7
SEALER-0022,148,02:28,39.8,42.8,44.3,42.2,37.8,38.2,37.7,38.2,42.4,44.5,41.7,38.1
SEALER-0022,149,02:29,38.9,42.1,44.0,44.0,37.3,37.9,38.3,38.6,43.3,45.2,42.1,39.3
SEALER-0022,150,02:30,38.9,42.2,45.4,43.8,38.0,36.6,37.4,38.7,43.1,46.0,41.2,39.8
SEALER-0022,151,02:31,39.1,42.8,45.1,43.0,37.2,37.6,38.7,37.7,43.2,46.7,42.3,38.9
SEALER-0022,152,02:32,40.9,43.2,45.3,44.1,38.1,37.6,38.4,37.6,43.1,46.5,42.0,39.2
SEALER-0022,153,02:33,39.9,42.1,45.1,44.0,39.1,37.8,37.9,38.6,43.8,46.7,42.4,40.4
SEALER-0022,154,02:34,39.6,43.7,46.7,45.0,38.2,37.6,39.2,39.1,43.3,47.7,42.8,40.4
SEALER-0022,155,02:35,40.1,43.7,45.5,45.2,38.7,38.2,37.4,38.4,43.5,47.1,42.3,40.2
SEALER-0022,156,02:36,40.5,43.7,45.8,46.1,37.7,38.5,38.3,38.3,43.1,47.6,43.9,41.1
SEALER-0022,157,02:37,40.5,45.3,46.5,45.5,37.8,39.1,38.9,38.0,43.5,48.1,44.1,40.3
SEALER-0022,158,02:38,39.7,44.5,46.1,45.4,37.7,38.4,38.9,39.3,44.9,48.1,44.1,40.4
SEALER-0022,159,02:39,40.6,45.4,45.7,45.7,39.5,39.1,39.4,39.6,45.6,49.0,43.8,40.4
SEALER-0022,160,02:40,40.7,44.8,46.5,47.3,39.6,38.3,38.7,39.7,45.9,49.3,43.4,41.3
SEALER-0022,161,02:41,40.6,45.4,48.4,46.1,38.6,39.6,39.0,40.0,45.5,49.3,44.8,42.0
SEALER-0022,162,02:42,40.8,45.9,47.4,46.8,39.6,38.7,39.0,39.5,46.1,49.0,46.3,42.1
SEALER-0022,163,02:43,41.8,46.0,48.3,47.3,39.4,39.4,39.5,39.1,46.1,51.0,45.8,42.3
SEALER-0022,164,02:44,41.1,45.9,48.5,48.3,39.6,38.3,40.1,38.9,46.3,49.9,45.8,42.8
SEALER-0022,165,02:45,42.1,46.5,49.1,47.9,38.5,40.4,39.6,40.5,46.6,51.4,46.4,42.2
SEALER-0022,166,02:46,42.4,46.9,49.5,48.7,40.0,40.0,40.1,40.5,46.9,51.2,45.5,42.9
SEALER-0022,167,02:47,41.4,47.3,49.2,48.3,39.7,39.5,40.3,39.8,47.7,52.3,46.0,42.8
SEALER-0022,168,02:48,42.4,47.3,49.4,49.1,40.8,39.0,40.8,40.9,48.6,51.4,47.3,42.6
SEALER-0022,169,02:49,42.7,47.7,50.4,49.9,40.1,39.3,41.1,40.6,48.4,53.2,46.0,43.5
SEALER-0022,170,02:50,42.2,48.4,50.9,50.3,41.3,40.6,41.1,40.8,47.9,53.3,46.7,44.4
SEALER-0022,171,02:51,42.8,48.7,51.5,51.3,41.0,40.1,40.4,40.4,49.7,53.5,47.9,44.6
SEALER-0022,172,02:52,43.1,49.2,52.5,50.4,40.5,40.0,40.4,41.2,48.5,54.2,47.9,43.2
SEALER-0022,173,02:53,43.5,49.8,52.5,51.1,41.1,39.8,42.0,40.3,50.1,54.7,48.2,44.8
SEALER-0022,174,02:54,44.1,50.0,53.5,52.2,41.0,41.0,40.5,41.7,50.0,54.8,49.0,44.4
SEALER-0022,175,02:55,43.8,50.5,53.9,51.8,40.6,40.5,42.1,42.8,50.7,55.3,49.4,44.3
SEALER-0022,176,02:56,44.2,50.7,52.8,51.9,40.5,40.7,41.6,43.1,50.6,56.6,49.3,44.2
SEALER-0022,177,02:57,44.6,50.4,53.9,52.6,41.8,41.3,41.8,41.5,50.6,57.2,50.6,45.1
SEALER-0022,178,02:58,44.7,51.5,54.1,53.3,42.1,40.7,42.1,42.6,51.1,55.8,50.4,44.5
SEALER-0022,179,02:59,44.1,51.3,55.5,54.2,42.0,41.6,42.1,43.0,53.1,58.0,50.7,46.1
SEALER-0022,180,03:00,45.6,51.7,55.0,54.6,41.4,41.8,41.8,43.1,51.7,58.4,50.9,46.1
SEALER-0022,181,03:01,46.1,51.7,56.0,54.0,41.8,42.4,42.1,42.9,53.5,58.3,50.7,47.0
SEALER-0022,182,03:02,45.5,51.7,56.4,54.1,42.7,42.1,42.7,43.9,53.1,59.6,51.7,47.9
SEALER-0022,183,03:03,46.8,52.4,55.9,54.3,43.0,42.2,43.0,44.1,53.5,59.2,52.6,46.8
SEALER-0022,184,03:04,45.7,53.6,56.8,56.3,42.9,42.2,42.6,44.1,54.2,59.2,52.9,46.8
SEALER-0022,185,03:05,46.7,53.4,57.6,56.1,43.1,42.3,42.8,43.9,55.0,60.0,53.7,47.6
SEALER-0022,186,03:06,46.4,53.7,57.9,57.3,43.0,43.8,43.9,44.7,54.3,60.9,53.3,47.9
SEALER-0022,187,03:07,47.1,55.9,58.7,58.1,43.5,43.0,44.1,45.5,55.9,61.5,54.3,48.2
SEALER-0022,188,03:08,47.7,54.9,59.6,57.5,44.1,43.4,44.4,46.1,56.3,62.8,54.2,48.9
SEALER-0022,189,03:09,47.8,55.3,59.5,58.2,43.4,44.3,45.0,45.6,56.5,63.2,55.1,49.3
SEALER-0022,190,03:10,48.4,55.9,60.8,59.6,43.9,45.4,45.8,45.8,58.2,62.6,54.6,49.2
SEALER-0022,191,03:11,47.8,56.8,61.4,59.6,45.4,43.0,45.0,45.3,58.5,63.9,55.2,49.6
SEALER-0022,192,03:12,49.0,58.0,61.0,60.9,45.1,45.5,45.4,46.7,58.2,64.5,56.8,49.7
SEALER-0022,193,03:13,48.9,57.6,61.7,60.5,45.7,43.9,46.0,46.1,58.4,65.1,57.5,50.2
SEALER-0022,194,03:14,49.5,58.8,62.6,61.1,45.9,44.7,46.6,46.4,58.5,65.5,57.4,51.3
SEALER-0022,195,03:15,50.7,58.7,63.1,61.9,45.9,46.2,46.9,47.7,58.6,66.1,59.2,51.6
SEALER-0022,196,03:16,50.5,59.0,63.6,61.8,44.8,45.2,47.4,47.5,59.9,67.1,58.6,51.2
SEALER-0022,197,03:17,50.8,59.4,63.2,62.5,47.0,47.3,47.4,48.5,60.4,66.5,58.6,52.4
SEALER-0022,198,03:18,50.8,59.8,64.5,63.5,46.9,46.2,47.6,48.7,61.3,67.7,59.1,52.9
SEALER-0022,199,03:19,51.1,61.8,63.8,63.6,47.3,46.2,47.5,49.4,62.0,68.2,60.2,52.6
SEALER-0022,200,03:20,52.0,61.4,65.4,64.5,47.3,46.7,48.3,48.4,63.2,69.4,60.7,53.3
SEALER-0022,201,03:21,53.2,61.9,66.2,65.0,47.7,48.1,48.7,50.2,62.8,68.7,61.3,53.2
SEALER-0022,202,03:22,53.7,62.3,66.5,65.6,48.0,47.5,49.6,50.3,63.0,70.2,60.9,54.5
SEALER-0022,203,03:23,53.5,63.7,65.9,64.8,47.8,46.6,49.3,49.8,64.0,70.1,62.7,53.7
SEALER-0022,204,03:24,53.2,63.1,67.4,66.3,48.6,49.1,49.0,50.4,63.9,71.1,62.5,54.6
SEALER-0022,205,03:25,54.4,64.0,68.1,66.3,48.7,48.6,50.0,51.0,64.7,71.2,62.4,55.0
SEALER-0022,206,03:26,55.2,64.5,68.3,67.6,49.4,48.3,49.9,51.6,65.0,72.0,63.6,56.2
SEALER-0022,207,03:27,54.7,64.7,68.8,67.8,49.8,49.0,50.3,51.3,65.7,73.3,64.5,56.6
SEALER-0022,208,03:28,55.3,65.3,69.5,68.7,50.2,50.5,51.7,52.5,66.5,73.0,64.3,57.3
SEALER-0022,209,03:29,55.5,66.3,70.6,69.4,50.0,51.3,52.5,52.3,67.3,74.1,65.2,57.6
SEALER-0022,210,03:30,56.4,67.1,70.5,69.6,51.4,51.0,52.7,53.2,67.4,74.4,64.8,57.4
SEALER-0022,211,03:31,56.3,67.2,70.6,71.4,51.7,50.5,52.6,53.5,67.3,74.0,65.6,58.8
SEALER-0022,212,03:32,56.6,68.1,71.3,70.4,52.5,50.9,53.1,53.3,68.3,75.4,66.7,59.4
SEALER-0022,213,03:33,57.4,68.5,71.4,71.2,52.3,51.4,52.9,53.9,69.8,76.2,67.1,58.8
SEALER-0022,214,03:34,58.0,68.5,73.0,72.7,51.6,52.6,54.1,54.6,69.3,77.2,67.4,61.0
SEALER-0022,215,03:35,57.5,69.8,72.9,72.8,52.9,53.2,53.7,55.3,70.8,76.6,66.8,60.4
SEALER-0022,216,03:36,58.7,69.7,73.7,72.6,53.2,52.8,55.4,56.0,70.1,77.2,68.6,60.6
SEALER-0022,217,03:37,60.1,69.6,73.7,72.9,54.6,53.8,54.9,56.4,70.8,78.5,69.6,62.0
SEALER-0022,218,03:38,59.0,70.5,73.8,73.9,54.0,54.1,54.8,57.1,71.8,78.7,69.0,62.3
SEALER-0022,219,03:39,60.2,72.1,74.8,73.8,54.9,54.2,55.8,56.7,71.8,78.3,68.8,62.9
SEALER-0022,220,03:40,60.0,72.2,75.2,75.1,55.0,55.2,56.8,56.4,72.9,78.7,70.6,63.2
SEALER-0022,221,03:41,61.4,72.0,76.4,75.0,55.5,55.1,57.2,57.7,72.7,79.4,71.0,64.1
SEALER-0022,222,03:42,61.3,73.1,76.7,76.0,55.9,55.4,57.8,57.7,72.8,80.2,71.7,63.9
SEALER-0022,223,03:43,62.6,73.6,77.4,76.7,56.1,56.5,57.9,58.7,73.8,81.3,72.0,64.9
SEALER-0022,224,03:44,61.7,74.5,76.9,77.1,57.2,56.8,59.0,59.6,73.4,81.6,72.5,65.4
SEALER-0022,225,03:45,63.3,74.9,77.9,77.9,57.2,56.9,59.3,59.5,75.9,81.9,73.1,65.8
SEALER-0022,226,03:46,64.0,74.9,77.5,78.6,57.2,57.2,59.9,59.7,76.2,81.9,72.4,67.5
SEALER-0022,227,03:47,65.3,75.5,78.9,78.5,58.2,59.1,58.8,60.3,76.6,82.9,74.6,67.5
SEALER-0022,228,03:48,64.1,74.7,79.5,78.6,58.2,59.7,60.8,60.8,77.2,82.3,74.9,67.8
SEALER-0022,229,03:49,64.8,75.5,79.3,79.7,60.0,59.1,60.7,62.3,78.2,83.5,74.8,67.7
SEALER-0022,230,03:50,65.8,76.6,79.9,80.3,59.6,59.7,61.7,62.6,77.5,84.5,75.5,68.3
SEALER-0022,231,03:51,66.2,76.7,80.8,79.7,59.7,59.1,62.4,63.5,77.9,84.6,75.8,69.4
SEALER-0022,232,03:52,67.1,77.4,81.0,80.9,60.5,60.7,61.3,62.3,78.2,85.0,76.4,69.9
SEALER-0022,233,03:53,66.5,78.3,81.3,81.3,60.9,61.4,63.6,63.4,78.3,85.6,76.5,70.2
SEALER-0022,234,03:54,67.0,78.1,81.8,82.0,62.3,61.7,63.7,64.3,79.8,85.6,77.8,71.2
SEALER-0022,235,03:55,67.4,78.8,82.8,82.1,62.1,62.9,63.5,64.6,80.0,86.5,79.0,71.2
SEALER-0022,236,03:56,68.2,79.6,83.0,83.1,62.1,63.2,65.0,64.8,81.0,86.5,78.5,72.2
SEALER-0022,237,03:57,68.0,80.1,83.0,82.0,62.6,63.9,66.0,65.4,81.2,86.9,79.6,73.1
SEALER-0022,238,03:58,69.0,80.2,84.4,83.6,63.3,63.4,66.1,66.5,81.0,87.8,79.7,73.1
SEALER-0022,239,03:59,69.3,80.0,83.3,83.5,62.8,64.3,66.3,66.7,81.8,89.3,79.8,73.6
SEALER-0022,240,04:00,70.0,80.4,84.8,83.6,64.6,65.1,67.0,67.2,81.6,87.6,80.2,74.0
SEALER-0022,241,04:01,69.8,81.3,83.8,84.3,64.4,66.5,67.7,68.1,81.9,88.6,80.1,74.4
SEALER-0022,242,04:02,71.0,81.7,85.2,83.9,65.6,65.3,67.8,69.1,82.8,88.8,81.1,75.9
SEALER-0022,243,04:03,71.2,82.4,86.1,85.0,65.6,66.7,68.2,69.1,83.3,90.0,80.8,75.5
SEALER-0022,244,04:04,71.8,82.1,86.0,86.1,66.5,67.8,68.8,68.8,83.6,90.3,80.6,76.3
SEALER-0022,245,04:05,72.2,82.6,85.9,85.7,66.3,67.3,69.8,69.7,84.2,90.8,82.5,77.2
SEALER-0022,246,04:06,72.6,83.7,87.0,85.8,67.7,67.9,69.4,69.4,84.3,91.1,81.8,77.2
SEALER-0022,247,04:07,73.4,83.6,86.5,87.2,67.2,68.6,71.4,71.5,85.1,90.5,83.8,77.5
SEALER-0022,248,04:08,73.6,84.5,87.7,86.4,68.0,70.4,71.3,71.2,85.2,91.3,84.0,78.2
SEALER-0022,249,04:09,74.3,84.8,87.4,87.8,68.1,69.5,72.1,71.8,85.5,92.2,83.6,78.5
SEALER-0022,250,04:10,73.9,85.2,87.3,87.4,68.3,70.0,72.3,72.2,86.0,91.9,84.7,78.7
SEALER-0022,251,04:11,74.3,85.3,88.0,88.3,69.7,71.7,73.3,72.6,86.6,91.8,84.2,79.3
SEALER-0022,252,04:12,75.4,84.2,88.4,88.6,69.9,72.1,73.6,73.0,86.4,92.1,85.1,79.6
SEALER-0022,253,04:13,75.7,86.1,87.9,88.3,70.6,72.6,75.2,74.5,85.7,91.8,84.8,81.1
SEALER-0022,254,04:14,76.0,86.2,88.7,89.4,70.6,72.4,74.9,74.2,87.6,93.3,85.3,80.5
SEALER-0022,255,04:15,76.2,86.2,89.8,90.1,71.4,73.9,75.2,75.2,87.3,93.1,86.2,81.3
SEALER-0022,256,04:16,77.0,86.5,90.1,89.1,71.0,73.5,76.6,74.4,86.9,94.7,86.2,82.3
SEALER-0022,257,04:17,75.7,85.9,89.0,89.7,72.7,74.6,76.4,74.9,87.6,92.9,86.7,82.4
SEALER-0022,258,04:18,77.4,86.7,91.2,89.9,72.9,74.2,76.2,75.6,88.8,93.7,87.1,82.2
SEALER-0022,259,04:19,76.6,87.5,90.3,90.1,73.4,75.6,76.6,75.4,88.2,94.2,86.5,83.4
SEALER-0022,260,04:20,76.8,88.0,90.2,90.7,73.4,76.2,78.1,76.2,89.2,93.8,86.9,84.2
SEALER-0022,261,04:21,78.1,87.7,90.8,89.5,73.6,77.0,77.3,76.9,89.4,94.4,87.7,84.4
SEALER-0022,262,04:22,78.2,88.5,91.2,92.2,74.1,77.3,78.7,77.1,89.9,95.1,87.3,84.2
SEALER-0022,263,04:23,78.6,89.1,91.7,90.9,74.7,77.3,78.2,78.9,89.4,95.6,88.4,85.3
SEALER-0022,264,04:24,79.4,89.1,91.4,92.3,75.3,77.3,80.2,77.9,90.3,94.7,88.0,85.1
SEALER-0022,265,04:25,79.2,89.3,91.4,92.2,75.0,77.9,80.1,79.5,90.5,95.3,89.7,85.1
SEALER-0022,266,04:26,79.0,89.3,91.0,91.7,77.0,78.4,80.2,79.3,90.5,96.2,88.9,85.5
SEALER-0022,267,04:27,79.9,90.2,92.4,92.6,76.7,79.2,80.0,79.3,90.2,95.7,88.7,86.2
SEALER-0022,268,04:28,80.1,90.2,91.8,93.1,76.0,78.9,82.0,79.8,90.6,95.7,89.7,86.6
SEALER-0022,269,04:29,80.8,89.9,92.0,92.9,76.1,80.8,81.8,80.5,89.9,96.6,89.3,86.3
SEALER-0022,270,04:30,80.9,90.0,92.7,93.5,77.5,80.4,82.4,80.4,91.7,96.1,89.8,87.0
SEALER-0022,271,04:31,80.5,90.3,92.6,92.6,77.5,81.3,82.9,80.7,91.4,96.3,89.2,87.8
SEALER-0022,272,04:32,81.7,89.1,92.3,93.0,78.8,81.1,81.7,82.6,91.3,97.1,90.3,88.0
SEALER-0022,273,04:33,81.6,90.5,92.0,93.3,79.1,81.9,84.1,81.8,92.6,97.3,90.9,89.0
SEALER-0022,274,04:34,81.6,90.6,93.2,94.4,79.4,83.0,84.2,82.0,91.8,97.2,91.1,88.6
SEALER-0022,275,04:35,83.0,91.1,92.5,94.5,79.6,82.6,84.4,82.4,92.3,97.4,91.0,90.0
SEALER-0022,276,04:36,82.7,90.9,92.1,94.1,80.1,83.3,85.5,83.2,92.4,97.6,90.9,88.2
SEALER-0022,277,04:37,81.9,90.7,93.0,93.9,79.3,83.3,85.1,83.3,91.5,98.1,91.0,90.3
SEALER-0022,278,04:38,82.8,90.7,93.8,95.7,80.3,85.8,86.1,84.2,93.0,97.2,90.8,89.4
SEALER-0022,279,04:39,82.8,92.1,93.4,94.6,80.3,84.8,86.3,82.9,92.8,97.8,91.9,91.5
SEALER-0022,280,04:40,83.0,91.8,94.4,95.1,80.8,84.4,86.8,85.1,93.4,98.3,92.5,90.7
SEALER-0022,281,04:41,84.0,92.4,93.6,95.4,81.1,85.2,85.8,84.9,94.0,99.0,92.7,91.4
SEALER-0022,282,04:42,83.6,91.4,94.7,94.8,81.7,86.4,85.6,84.9,93.9,99.0,92.7,91.2
SEALER-0022,283,04:43,83.9,91.8,94.8,95.2,82.2,86.0,87.8,84.6,94.2,98.5,92.6,91.6
SEALER-0022,284,04:44,84.8,92.0,93.7,95.9,82.3,86.2,87.4,85.0,93.2,97.5,92.4,91.3
SEALER-0022,285,04:45,83.5,92.5,94.6,95.6,82.6,86.9,87.7,85.4,93.4,99.2,92.7,91.3
SEALER-0022,286,04:46,85.2,93.0,94.4,96.8,82.1,86.6,88.2,86.1,94.4,98.3,92.6,92.3
SEALER-0022,287,04:47,84.7,93.6,95.4,96.0,82.5,87.9,88.5,85.5,95.2,98.8,93.9,92.1
SEALER-0022,288,04:48,83.7,93.1,94.7,96.1,83.5,88.3,89.7,86.9,94.9,100.0,93.7,92.8
SEALER-0022,289,04:49,84.6,92.8,95.1,95.5,83.7,87.2,89.8,86.5,94.6,99.7,93.5,93.1
SEALER-0022,290,04:50,84.6,91.8,94.2,96.8,84.1,89.8,89.9,86.5,94.9,98.9,94.1,93.3
SEALER-0022,291,04:51,85.2,93.0,95.3,97.1,83.8,89.6,90.9,86.3,94.8,98.7,94.3,93.2
SEALER-0022,292,04:52,85.8,93.1,95.8,96.8,84.1,88.7,90.7,87.4,94.4,99.5,93.8,93.5
SEALER-0022,293,04:53,85.5,94.0,96.0,95.5,84.6,89.4,90.1,87.2,94.5,99.3,94.7,93.0
SEALER-0022,294,04:54,86.2,93.6,95.5,97.1,85.0,89.6,91.3,87.0,95.5,99.6,94.3,94.0
SEALER-0022,295,04:55,86.1,93.0,96.7,97.4,84.2,90.1,91.6,88.5,94.8,100.0,94.0,93.4
SEALER-0022,296,04:56,86.2,93.9,95.3,97.2,85.8,90.5,91.4,88.2,95.8,100.8,94.1,95.1
SEALER-0022,297,04:57,85.7,94.3,96.2,96.6,85.4,90.0,91.8,88.0,95.1,100.5,93.5,95.4
SEALER-0022,298,04:58,87.3,94.9,96.2,97.6,85.7,90.4,92.5,88.7,95.4,100.1,94.3,95.0
SEALER-0022,299,04:59,86.3,94.4,96.0,97.2,85.8,90.9,92.4,88.9,95.3,99.8,95.0,95.0
SEALER-0022,300,05:00,86.4,94.8,96.0,97.0,86.5,91.9,92.1,88.2,95.6,99.7,94.7,94.4
SEALER-0022,301,05:01,87.7,94.8,95.8,98.1,86.8,91.4,93.8,89.9,96.3,100.9,94.9,95.0
SEALER-0022,302,05:02,87.0,95.1,97.3,97.4,86.2,91.2,93.1,88.4,96.3,100.3,94.7,94.9
SEALER-0022,303,05:03,87.2,94.7,97.4,98.5,86.8,91.8,94.2,88.7,96.2,100.2,94.2,96.5
SEALER-0022,304,05:04,87.6,95.1,96.1,98.4,86.6,91.7,93.7,89.9,95.0,99.6,95.9,95.2
SEALER-0022,305,05:05,86.5,93.8,96.6,97.1,87.5,92.6,94.3,89.8,96.4,99.7,95.3,95.5
SEALER-0022,306,05:06,88.1,94.4,96.7,97.7,87.5,92.6,94.6,89.9,96.8,100.4,95.9,96.4
SEALER-0022,307,05:07,87.8,94.9,96.3,98.6,87.6,92.3,93.5,90.2,95.6,101.1,94.7,95.6
SEALER-0022,308,05:08,87.1,95.4,96.8,97.7,87.1,93.5,93.9,90.1,96.0,100.7,94.8,95.4
SEALER-0022,309,05:09,87.3,95.5,97.8,97.6,88.1,94.1,93.9,90.4,96.4,100.7,96.1,95.8
SEALER-0022,310,05:10,87.2,95.6,96.0,97.3,87.0,94.8,94.5,90.6,96.5,100.2,95.4,95.8
SEALER-0022,311,05:11,87.2,94.6,97.0,98.2,86.9,93.5,95.1,90.5,96.3,101.4,94.8,95.6
SEALER-0022,312,05:12,87.8,94.3,97.7,97.9,88.2,94.3,94.8,91.2,96.4,101.0,96.3,96.4
SEALER-0022,313,05:13,88.1,95.4,96.9,98.2,88.0,94.7,95.2,90.4,97.7,101.1,95.0,96.9
SEALER-0022,314,05:14,88.5,95.0,96.6,98.2,88.5,95.2,96.1,90.9,96.7,100.9,96.4,96.4
SEALER-0022,315,05:15,88.6,94.7,97.1,98.9,89.0,93.9,96.4,91.1,97.1,100.4,95.7,97.3
SEALER-0022,316,05:16,87.7,94.9,96.9,98.4,88.7,94.7,95.5,92.2,97.4,101.1,95.7,96.7
SEALER-0022,317,05:17,87.6,95.8,97.2,98.0,88.5,95.4,95.0,92.2,96.1,99.8,96.3,97.9
SEALER-0022,318,05:18,87.8,95.6,97.1,99.2,88.5,94.3,96.3,91.6,97.5,101.2,95.4,97.1
SEALER-0022,319,05:19,88.7,96.0,97.5,98.8,87.7,96.3,96.7,91.5,96.8,101.4,95.8,98.2
SEALER-0022,320,05:20,88.2,96.5,96.6,98.7,88.8,95.0,95.9,91.0,96.9,102.2,96.3,97.8
SEALER-0022,321,05:21,88.9,96.3,96.9,98.1,89.1,96.0,96.9,92.6,96.2,100.3,96.8,97.8
SEALER-0022,322,05:22,88.9,96.8,98.4,98.5,89.4,96.4,96.3,92.8,97.6,101.6,96.1,97.9
SEALER-0022,323,05:23,89.2,96.6,96.8,99.7,89.5,96.4,97.0,92.1,97.6,101.0,97.1,97.9
SEALER-0022,324,05:24,88.8,96.6,97.5,99.5,89.3,96.7,96.9,93.0,97.3,101.1,97.4,97.7
SEALER-0022,325,05:25,88.9,96.1,97.2,98.4,89.4,96.9,97.8,92.9,97.7,102.0,96.5,97.2
SEALER-0022,326,05:26,88.5,95.6,97.0,99.7,90.3,96.0,97.1,93.4,97.5,102.1,96.0,98.2
SEALER-0022,327,05:27,89.5,96.8,97.8,98.9,89.9,95.9,97.2,93.6,98.2,101.6,96.4,98.4
SEALER-0022,328,05:28,88.5,96.0,97.0,98.9,90.1,96.8,98.5,91.7,96.7,101.7,97.1,98.1
SEALER-0022,329,05:29,89.4,95.7,97.8,98.8,90.3,96.7,97.6,93.1,97.5,100.8,97.6,98.2
SEALER-0022,330,05:30,88.5,95.8,97.6,98.8,90.4,97.4,97.6,93.1,97.2,102.0,97.1,98.5
SEALER-0022,331,05:31,89.9,95.9,97.7,99.6,91.1,97.3,96.8,91.6,97.8,101.5,96.7,97.5
SEALER-0022,332,05:32,89.8,96.7,98.4,99.1,90.5,97.3,97.9,92.7,97.0,101.7,96.7,99.2
SEALER-0022,333,05:33,89.9,96.1,98.1,98.8,90.1,97.4,98.0,92.6,98.0,102.1,97.5,98.7
SEALER-0022,334,05:34,89.8,97.2,97.3,97.9,90.6,97.9,98.2,93.3,97.7,101.1,95.9,98.4
SEALER-0022,335,05:35,89.7,96.2,98.0,98.6,90.4,97.6,97.9,94.0,97.7,101.7,96.7,98.3
SEALER-0022,336,05:36,89.4,96.2,97.6,99.5,90.1,97.7,99.0,93.0,98.0,102.2,96.4,98.3
SEALER-0022,337,05:37,89.3,96.7,97.5,99.2,90.6,98.0,98.8,93.0,98.2,102.3,96.5,99.3
SEALER-0022,338,05:38,89.2,96.2,96.7,99.0,89.9,97.5,98.4,93.4,97.2,100.3,97.1,99.4
SEALER-0022,339,05:39,90.2,95.7,97.3,99.2,90.8,98.5,98.7,93.6,97.7,101.8,96.5,99.6
SEALER-0022,340,05:40,90.6,96.3,99.0,99.4,90.2,97.5,99.3,93.5,97.2,101.3,97.4,99.4
SEALER-0022,341,05:41,89.8,95.3,97.9,99.8,91.2,98.5,100.0,94.2,98.1,103.3,98.0,98.2
SEALER-0022,342,05:42,90.7,96.9,98.3,100.3,90.7,99.1,98.3,92.5,97.9,102.1,96.9,98.6
SEALER-0022,343,05:43,89.5,97.0,98.2,98.3,91.1,98.7,97.1,93.2,98.0,101.6,97.4,98.7
SEALER-0022,344,05:44,90.1,97.6,98.2,100.7,91.4,96.9,98.5,93.0,97.8,101.5,96.8,99.0
SEALER-0022,345,05:45,90.1,96.4,98.1,99.2,91.0,98.5,99.8,93.7,98.5,101.7,97.2,99.8
SEALER-0022,346,05:46,90.1,96.2,96.9,99.7,91.4,98.1,98.9,93.6,98.2,101.9,97.2,98.7
SEALER-0022,347,05:47,89.3,97.1,98.9,100.4,91.1,98.7,98.8,94.0,97.6,102.2,97.4,98.7
SEALER-0022,348,05:48,89.9,96.8,97.6,98.7,90.4,98.3,99.3,94.8,98.0,101.3,97.5,99.5
SEALER-0022,349,05:49,89.7,96.8,97.9,99.9,90.4,98.4,98.5,94.1,97.7,102.0,96.5,99.5
SEALER-0022,350,05:50,90.2,96.5,98.5,99.5,92.1,98.6,99.0,94.7,99.2,102.4,96.6,99.9
SEALER-0022,351,05:51,90.4,96.1,98.8,98.9,91.9,98.6,99.7,93.8,98.6,102.5,97.5,99.6
SEALER-0022,352,05:52,89.5,96.8,98.3,99.5,91.8,99.3,99.2,94.3,98.2,101.6,98.1,98.3
SEALER-0022,353,05:53,89.6,97.4,98.6,99.8,91.6,98.6,99.9,94.2,98.1,102.9,97.2,99.3
SEALER-0022,354,05:54,90.0,97.3,97.7,99.8,91.7,99.0,99.8,93.9,98.5,102.0,97.4,99.3
SEALER-0022,355,05:55,89.8,96.8,97.7,99.1,91.9,99.2,99.1,93.1,97.9,101.5,97.3,99.8
SEALER-0022,356,05:56,90.3,96.1,97.9,99.9,91.4,99.2,99.3,94.5,98.2,101.8,96.7,99.7
SEALER-0022,357,05:57,91.5,97.8,97.9,99.7,92.3,99.9,100.4,94.9,97.2,101.5,97.2,100.3
SEALER-0022,358,05:58,90.0,97.1,98.5,99.8,91.9,98.2,100.0,94.8,98.1,102.5,97.7,99.9
SEALER-0022,359,05:59,90.6,96.2,99.3,99.2,91.5,99.2,98.7,94.9,98.5,101.7,96.5,99.0
SEALER-0022,360,06:00,90.9,97.1,98.1,100.0,92.9,99.7,98.5,94.7,97.9,102.1,98.2,99.4
SEALER-0022,361,06:01,90.8,96.9,98.5,100.1,91.7,99.4,98.7,94.1,98.3,101.7,98.0,99.5
SEALER-0022,362,06:02,90.3,97.4,97.9,99.5,91.5,99.9,99.6,95.3,98.1,102.7,98.0,99.9
SEALER-0022,363,06:03,91.0,97.0,98.7,99.7,92.0,98.9,100.0,95.4,98.6,102.2,98.6,99.8
SEALER-0022,364,06:04,90.0,97.0,97.5,100.2,91.5,99.0,100.2,94.8,98.0,102.3,98.2,99.0
SEALER-0022,365,06:05,90.5,97.3,97.3,99.5,92.0,100.2,99.5,95.0,97.8,102.7,97.5,99.9
SEALER-0022,366,06:06,90.8,96.8,97.4,99.3,92.2,99.5,99.8,94.5,98.2,102.9,98.5,99.8
SEALER-0022,367,06:07,90.5,97.2,98.2,99.6,92.4,99.7,99.6,95.4,98.5,101.4,97.0,99.5
SEALER-0022,368,06:08,91.4,96.5,98.2,99.7,91.2,99.2,101.6,95.0,99.0,101.3,98.1,100.9
SEALER-0022,369,06:09,91.1,96.3,98.8,99.7,91.4,99.5,100.7,95.1,97.6,102.4,97.8,99.6
SEALER-0022,370,06:10,90.7,97.3,98.5,100.0,92.6,98.7,100.5,94.6,97.9,102.8,97.3,100.2
SEALER-0022,371,06:11,90.7,97.0,98.9,99.0,92.7,100.1,99.8,94.0,98.2,102.4,97.8,100.0
SEALER-0022,372,06:12,90.2,97.0,97.5,99.8,91.3,100.6,99.4,95.0,99.1,102.6,98.2,100.1
SEALER-0022,373,06:13,90.9,97.0,98.2,98.9,92.5,99.2,99.7,95.0,97.7,102.1,96.8,99.6
SEALER-0022,374,06:14,90.4,96.8,98.0,100.3,91.3,100.4,99.8,94.1,97.6,102.0,97.2,99.5
SEALER-0022,375,06:15,90.0,97.3,98.9,99.7,92.2,100.3,100.7,94.7,98.3,101.2,97.8,99.4
SEALER-0022,376,06:16,90.5,96.8,98.6,99.0,92.3,100.2,99.6,94.8,98.0,101.7,98.1,100.0
SEALER-0022,377,06:17,90.5,97.5,97.7,100.4,92.5,99.9,99.2,95.0,98.8,102.5,97.4,99.8
SEALER-0022,378,06:18,91.1,96.6,99.0,100.2,91.8,99.2,100.8,94.7,99.4,101.8,97.4,99.6
SEALER-0022,379,06:19,91.3,97.9,97.6,99.4,92.4,100.4,100.5,95.9,98.9,102.3,97.5,99.9
SEALER-0022,380,06:20,89.9,96.4,98.0,98.8,91.9,99.7,99.9,94.2,98.6,102.8,97.8,100.6
SEALER-0022,381,06:21,89.9,97.3,99.2,99.8,91.5,99.4,101.0,94.9,98.7,104.4,98.5,98.7
SEALER-0022,382,06:22,90.2,97.2,99.2,100.3,92.8,101.2,100.6,94.7,98.2,105.9,97.7,100.6
SEALER-0022,383,06:23,91.1,97.1,97.8,102.0,92.1,100.3,99.5,95.2,99.1,107.5,97.5,100.2
SEALER-0022,384,06:24,90.3,97.2,100.9,100.9,92.1,99.4,100.5,94.7,97.7,108.7,97.9,100.0
SEALER-0022,385,06:25,91.9,97.9,102.8,100.2,91.8,100.1,100.0,96.0,99.1,108.1,97.6,100.0
SEALER-0022,386,06:26,90.3,97.4,103.0,99.7,92.4,100.3,101.0,94.7,98.5,109.0,97.1,100.1
SEALER-0022,387,06:27,90.2,96.8,103.1,102.9,91.9,99.5,100.3,95.3,98.2,109.6,98.0,99.8
SEALER-0022,388,06:28,90.4,96.9,104.4,103.7,91.6,99.7,100.4,94.3,98.4,110.6,98.0,100.5
SEALER-0022,389,06:29,91.0,96.4,105.1,105.1,92.8,101.1,100.7,95.8,98.7,111.7,97.8,100.5
SEALER-0022,390,06:30,90.2,99.8,105.4,105.2,92.4,100.3,100.2,94.9,101.7,112.2,97.5,100.2
SEALER-0022,391,06:31,90.2,101.2,106.8,106.6,93.1,101.1,100.3,94.8,102.5,112.2,97.3,100.3
SEALER-0022,392,06:32,90.8,101.7,107.7,106.6,92.5,99.4,100.6,95.0,103.3,112.4,97.6,99.5
SEALER-0022,393,06:33,90.9,102.9,107.5,107.4,92.8,100.4,101.4,93.7,104.4,113.6,100.8,101.0
SEALER-0022,394,06:34,89.9,103.1,107.6,107.9,92.7,99.9,100.8,95.2,104.9,113.0,102.2,100.1
SEALER-0022,395,06:35,90.4,104.6,108.7,109.0,92.6,101.0,100.8,94.4,104.7,113.6,103.5,99.8
SEALER-0022,396,06:36,90.4,103.8,109.5,108.3,91.9,100.7,102.0,94.5,106.2,113.7,103.7,99.8
SEALER-0022,397,06:37,90.7,106.0,108.8,109.0,92.5,99.6,100.8,94.9,107.1,114.3,103.0,100.5
SEALER-0022,398,06:38,91.0,105.8,110.0,108.8,91.9,99.9,100.5,94.6,106.6,114.9,104.5,101.8
SEALER-0022,399,06:39,91.0,105.5,110.0,110.6,92.6,99.6,100.4,95.8,107.7,115.6,105.7,100.2
SEALER-0022,400,06:40,90.9,106.7,110.1,109.8,91.9,100.9,100.6,94.3,108.6,115.1,105.1,100.7
SEALER-0022,401,06:41,90.5,106.6,111.2,111.2,92.8,99.2,100.6,95.4,107.9,116.1,105.4,99.8
SEALER-0022,402,06:42,90.4,107.9,110.6,111.6,93.1,100.9,101.1,94.2,107.5,116.2,106.9,100.2
SEALER-0022,403,06:43,91.0,107.1,111.8,111.6,91.7,100.2,99.9,94.9,108.8,116.0,107.3,101.0
SEALER-0022,404,06:44,90.0,108.0,110.9,112.1,92.3,100.0,100.5,94.8,109.5,117.2,108.2,100.3
SEALER-0022,405,06:45,90.4,107.8,112.5,111.8,92.9,101.2,100.1,95.2,109.1,117.4,107.6,100.0
SEALER-0022,406,06:46,93.2,109.4,111.9,112.6,92.6,100.4,100.0,94.8,111.2,117.9,107.1,100.2
SEALER-0022,407,06:47,94.4,109.0,112.9,113.0,92.9,100.2,100.3,95.0,110.6,117.8,107.6,99.6
SEALER-0022,408,06:48,95.6,108.3,112.7,113.3,91.9,100.9,101.0,94.9,112.1,118.3,108.2,100.5
SEALER-0022,409,06:49,96.6,109.2,112.6,114.7,92.4,101.1,101.5,95.6,111.6,118.2,109.8,103.6
SEALER-0022,410,06:50,96.5,109.9,111.9,114.2,91.5,100.8,100.1,95.6,111.3,118.5,110.5,104.7
SEALER-0022,411,06:51,97.1,110.6,113.9,115.3,91.7,100.5,100.5,94.8,112.0,119.1,109.8,104.4
SEALER-0022,412,06:52,97.6,111.4,113.9,115.0,92.2,101.0,100.3,95.9,112.8,119.2,110.1,105.8
SEALER-0022,413,06:53,98.0,111.0,113.7,114.8,93.5,99.1,100.5,94.4,112.7,119.1,110.1,106.4
SEALER-0022,414,06:54,97.9,111.1,114.3,115.0,93.1,100.6,101.2,95.0,113.0,119.4,110.9,106.6
SEALER-0022,415,06:55,98.8,111.4,114.1,116.1,92.3,99.6,100.2,95.4,113.1,120.1,111.0,107.7
SEALER-0022,416,06:56,99.2,112.2,116.1,115.7,93.2,100.2,100.5,94.7,113.1,120.3,111.7,108.3
SEALER-0022,417,06:57,99.6,111.6,114.4,115.1,92.0,100.1,101.3,98.4,113.7,119.9,111.0,108.6
SEALER-0022,418,06:58,101.3,111.9,114.3,115.5,91.8,100.7,100.2,99.4,113.1,120.1,112.5,108.9
SEALER-0022,419,06:59,100.8,112.2,116.0,117.1,92.4,100.4,100.4,99.7,113.9,120.6,112.2,109.6
SEALER-0022,420,07:00,100.2,112.5,115.4,116.7,95.3,100.9,100.6,100.4,114.2,121.2,112.6,110.5
SEALER-0022,421,07:01,101.4,112.6,116.1,117.2,96.3,101.3,101.7,101.4,115.5,121.1,112.7,110.1
SEALER-0022,422,07:02,101.7,112.8,116.4,117.9,97.3,100.6,101.3,102.3,114.4,121.7,113.5,110.8
SEALER-0022,423,07:03,101.7,113.2,116.5,117.4,98.7,101.3,103.8,102.6,114.8,121.8,113.7,111.8
SEALER-0022,424,07:04,101.6,113.6,116.4,118.4,97.9,101.0,105.0,103.7,115.1,121.8,113.3,111.6
SEALER-0022,425,07:05,103.0,113.6,117.3,117.9,99.0,100.9,106.5,104.3,116.0,122.1,113.0,112.9
SEALER-0022,426,07:06,102.8,114.4,117.9,118.2,99.5,103.4,106.2,103.8,115.3,122.2,114.2,113.6
SEALER-0022,427,07:07,103.5,114.8,116.1,118.6,99.6,104.3,107.6,103.8,115.4,122.2,114.1,113.4
SEALER-0022,428,07:08,102.8,115.5,117.7,118.3,100.4,106.1,107.4,104.0,116.0,122.7,115.0,113.0
SEALER-0022,429,07:09,104.1,113.8,118.1,118.5,101.2,106.0,109.0,105.1,116.3,123.5,115.0,113.6
SEALER-0022,430,07:10,104.6,114.5,116.9,119.6,101.9,107.4,109.9,105.5,115.8,123.3,115.6,112.6
SEALER-0022,431,07:11,104.9,114.9,118.5,118.9,101.2,108.2,109.3,105.4,117.4,123.0,115.4,113.7
SEALER-0022,432,07:12,104.5,115.0,118.1,119.8,101.7,107.9,110.2,107.0,116.4,123.9,115.3,115.1
SEALER-0022,433,07:13,103.9,116.5,119.3,119.9,102.3,109.0,111.7,105.9,117.5,123.5,115.6,113.9
SEALER-0022,434,07:14,105.7,115.4,118.8,118.6,102.7,108.4,110.4,107.3,117.2,124.6,115.1,115.2
SEALER-0022,435,07:15,104.7,115.6,118.6,118.9,103.1,109.5,110.7,107.6,117.5,124.8,116.2,115.1
SEALER-0022,436,07:16,106.0,115.9,118.2,120.2,104.7,110.4,111.3,107.7,118.3,124.4,116.5,115.3
SEALER-0022,437,07:17,106.0,116.8,119.8,120.3,104.7,110.1,112.6,108.3,118.0,124.6,116.7,115.7
SEALER-0022,438,07:18,106.0,116.7,119.6,120.2,104.9,111.0,112.4,107.5,118.0,124.4,117.0,115.8
SEALER-0022,439,07:19,106.7,116.9,119.6,121.5,105.0,111.6,113.8,108.9,118.3,124.8,116.4,117.1
SEALER-0022,440,07:20,106.3,116.8,120.3,121.8,105.1,112.0,113.3,109.0,118.2,125.2,117.4,117.2
SEALER-0022,441,07:21,106.3,116.8,120.2,121.9,104.9,111.5,113.3,108.5,119.2,125.5,117.5,117.5
SEALER-0022,442,07:22,106.1,118.5,120.3,121.9,105.8,113.0,113.4,109.2,119.2,125.9,118.0,116.8
SEALER-0022,443,07:23,107.0,117.5,120.9,121.8,105.8,112.3,113.6,109.1,119.9,125.3,118.0,117.2
SEALER-0022,444,07:24,107.4,117.4,120.6,122.0,106.2,112.3,114.4,110.2,119.4,126.5,117.4,117.4
SEALER-0022,445,07:25,107.3,117.3,120.4,122.1,105.8,113.9,113.8,110.3,119.4,126.1,117.7,117.9
SEALER-0022,446,07:26,107.6,118.0,122.0,121.8,106.1,114.0,114.6,109.3,119.7,127.4,118.5,117.3
SEALER-0022,447,07:27,107.9,118.3,121.6,121.9,107.1,113.6,115.1,110.7,119.5,126.1,118.2,118.3
SEALER-0022,448,07:28,107.2,118.6,121.0,122.7,106.2,114.4,115.3,110.5,120.2,126.2,119.2,118.1
SEALER-0022,449,07:29,109.1,118.7,121.5,122.6,107.5,115.3,115.6,111.5,121.0,126.6,119.0,119.6
SEALER-0022,450,07:30,108.4,118.9,121.1,122.8,108.5,115.5,116.3,111.5,121.3,127.3,118.7,119.3
SEALER-0022,451,07:31,107.9,119.0,121.9,123.2,108.6,115.0,116.1,111.8,121.1,127.6,118.7,119.1
SEALER-0022,452,07:32,109.1,120.1,122.2,123.4,107.2,115.2,117.2,111.4,121.1,126.5,119.9,119.1
SEALER-0022,453,07:33,108.4,118.9,122.6,123.3,107.3,116.0,117.3,111.7,121.3,127.4,119.4,120.1
SEALER-0022,454,07:34,109.4,120.9,122.6,122.7,108.7,116.4,117.3,112.1,122.2,127.8,120.8,119.3
SEALER-0022,455,07:35,109.0,119.9,122.4,124.9,109.2,115.9,118.1,112.0,121.4,127.4,119.5,120.5
SEALER-0022,456,07:36,109.6,119.9,122.7,124.4,108.2,116.1,118.8,113.3,121.8,128.3,120.5,120.4
SEALER-0022,457,07:37,109.3,119.9,122.7,123.3,109.1,116.2,118.9,111.5,121.8,128.2,120.9,121.7
SEALER-0022,458,07:38,109.2,120.4,122.9,124.5,109.3,117.2,118.5,112.4,122.5,128.2,119.8,120.1
SEALER-0022,459,07:39,110.6,120.7,124.2,124.4,109.0,117.4,118.7,114.0,123.0,129.1,121.4,120.7
SEALER-0022,460,07:40,111.2,120.8,123.3,124.9,110.4,116.5,118.6,113.9,122.0,128.7,120.8,120.5
SEALER-0022,461,07:41,110.3,121.0,123.8,125.1,109.7,116.9,119.9,114.3,122.7,128.2,121.5,121.3
SEALER-0022,462,07:42,110.3,121.6,123.0,124.9,111.6,117.6,119.5,113.6,123.1,129.5,121.7,121.4
SEALER-0022,463,07:43,110.8,121.4,123.2,125.4,110.4,118.2,119.8,113.7,122.9,129.0,121.0,122.7
SEALER-0022,464,07:44,110.5,121.0,124.4,124.3,110.0,118.2,119.0,114.9,123.3,129.5,121.8,121.2
SEALER-0022,465,07:45,111.2,121.5,124.2,125.2,111.2,119.0,120.0,113.8,123.4,128.9,121.6,122.2
SEALER-0022,466,07:46,112.1,121.9,124.3,125.3,110.6,118.8,120.9,115.2,123.8,129.2,121.7,122.7
SEALER-0022,467,07:47,111.4,121.6,124.1,125.4,111.8,119.5,120.7,114.8,122.9,129.6,122.1,122.9
SEALER-0022,468,07:48,111.0,122.2,125.5,125.5,111.4,119.3,119.9,114.9,123.6,129.5,121.4,123.5
SEALER-0022,469,07:49,111.4,121.9,125.2,126.1,112.0,119.0,121.5,115.7,123.7,130.5,122.6,121.8
SEALER-0022,470,07:50,112.0,121.9,125.4,125.8,112.4,120.1,121.5,115.5,124.4,130.2,121.5,123.0
SEALER-0022,471,07:51,111.0,121.9,123.9,126.1,112.4,120.4,121.5,115.6,125.4,130.7,122.0,124.2
SEALER-0022,472,07:52,112.0,122.1,124.7,127.5,112.4,120.0,121.5,115.5,124.8,130.0,123.3,124.1
SEALER-0022,473,07:53,113.5,122.6,125.9,126.6,113.2,121.4,121.4,115.8,124.2,130.1,123.1,123.6
SEALER-0022,474,07:54,112.1,123.3,124.9,127.2,113.0,121.4,122.1,115.5,124.1,130.6,123.2,123.9
SEALER-0022,475,07:55,113.1,122.7,124.3,126.8,111.9,121.3,122.8,116.6,124.4,130.5,122.1,123.3
SEALER-0022,476,07:56,113.1,122.6,125.1,127.4,112.5,120.6,122.3,117.5,124.2,130.9,124.5,123.5
SEALER-0022,477,07:57,112.5,123.5,125.1,127.4,112.6,121.8,122.3,117.1,125.9,132.3,123.3,123.6
SEALER-0022,478,07:58,113.7,124.5,125.7,127.9,112.8,120.7,121.8,117.4,125.1,131.7,123.4,123.9
SEALER-0022,479,07:59,113.0,123.5,125.1,127.8,113.8,121.8,123.6,117.1,126.7,131.8,124.0,124.4
SEALER-0022,480,08:00,113.2,123.3,125.5,127.4,113.8,121.8,122.9,117.8,125.3,131.3,123.5,124.3
SEALER-0022,481,08:01,113.5,123.8,126.7,128.0,113.5,121.7,124.4,117.5,125.4,130.9,124.6,124.9
SEALER-0022,482,08:02,112.8,123.9,126.8,128.0,114.3,122.3,123.6,117.3,125.1,132.0,124.6,123.8
SEALER-0022,483,08:03,114.6,123.9,127.6,129.2,114.2,121.5,122.9,117.4,125.6,132.5,123.3,124.5
SEALER-0022,484,08:04,114.1,123.4,127.2,128.9,113.4,122.7,123.3,117.8,126.7,132.3,124.7,125.7
SEALER-0022,485,08:05,115.1,124.1,126.8,129.0,113.5,122.7,123.1,117.5,126.7,132.6,124.9,126.3
SEALER-0022,486,08:06,114.0,125.1,128.4,128.8,114.7,123.0,124.5,118.1,126.3,132.7,124.9,125.5
SEALER-0022,487,08:07,114.0,123.9,127.6,129.1,114.2,123.5,124.1,117.6,126.2,132.6,125.6,125.5
SEALER-0022,488,08:08,115.0,124.6,127.4,128.9,114.8,124.4,124.8,118.6,127.4,132.9,125.0,125.8
SEALER-0022,489,08:09,114.7,124.6,127.6,128.9,115.3,123.1,125.2,118.7,126.8,133.3,125.5,126.1
SEALER-0022,490,08:10,114.5,125.6,128.1,129.0,115.0,123.9,125.5,119.6,126.8,133.6,125.8,126.3
SEALER-0022,491,08:11,114.6,124.7,128.9,129.2,114.2,124.2,124.3,119.2,126.5,133.0,124.9,126.5
SEALER-0022,492,08:12,115.8,124.6,127.7,130.4,115.7,123.6,125.5,119.4,126.8,133.4,126.0,126.2
SEALER-0022,493,08:13,115.2,124.9,128.1,130.7,116.2,124.5,124.9,119.3,127.8,133.8,125.5,125.4
SEALER-0022,494,08:14,115.0,125.6,129.4,129.2,115.9,124.9,126.5,119.7,127.5,135.0,126.6,126.5
SEALER-0022,495,08:15,116.0,125.4,128.3,129.9,115.4,124.2,124.6,119.8,128.0,134.2,126.8,127.0
SEALER-0022,496,08:16,116.3,126.3,128.7,129.7,115.3,124.7,124.6,119.2,127.1,134.3,126.5,127.0
SEALER-0022,497,08:17,116.0,126.3,128.6,130.5,116.2,125.2,125.5,120.1,127.6,134.8,125.8,127.8
SEALER-0022,498,08:18,115.8,126.1,128.0,130.5,116.0,125.3,126.2,120.4,127.9,134.1,126.9,126.9
SEALER-0022,499,08:19,115.9,126.1,129.3,130.9,116.9,125.9,126.0,120.8,127.4,133.9,126.8,127.3
SEALER-0022,500,08:20,116.4,126.4,128.0,129.9,116.3,126.3,126.8,119.8,128.0,134.9,127.3,128.3
SEALER-0022,501,08:21,116.3,126.3,129.5,130.9,116.5,126.2,126.8,119.8,128.7,134.8,127.8,128.1
SEALER-0022,502,08:22,116.8,127.1,129.6,131.3,116.4,125.9,127.2,120.1,128.5,134.7,127.9,128.4
SEALER-0022,503,08:23,116.9,127.5,129.0,130.7,116.8,126.8,127.2,121.3,128.7,135.3,127.8,128.1
SEALER-0022,504,08:24,116.5,127.5,129.9,130.6,117.4,126.2,126.5,120.5,128.1,135.5,126.8,129.3
SEALER-0022,505,08:25,116.8,127.3,129.8,132.5,117.3,125.9,127.2,120.9,129.4,134.7,128.2,129.7
SEALER-0022,506,08:26,116.3,128.1,129.6,131.1,117.8,126.8,127.1,120.8,129.0,135.4,128.1,129.3
SEALER-0022,507,08:27,116.1,127.3,130.1,131.3,117.9,126.1,128.0,121.1,130.0,135.9,127.9,129.1
SEALER-0022,508,08:28,118.4,127.2,130.3,131.5,117.2,125.9,127.7,121.7,129.5,135.4,127.7,128.4
SEALER-0022,509,08:29,117.1,127.8,130.3,132.0,117.8,126.2,127.3,121.5,129.1,135.3,128.4,129.1
SEALER-0022,510,08:30,116.9,127.3,129.7,131.2,117.6,126.8,127.9,122.5,129.4,134.8,127.7,129.0
SEALER-0022,511,08:31,118.1,127.6,130.6,132.2,118.5,126.9,128.1,122.1,129.7,136.2,127.8,130.8
SEALER-0022,512,08:32,117.9,127.8,130.5,132.4,117.4,126.9,127.7,121.6,130.0,136.2,128.9,129.5
SEALER-0022,513,08:33,117.5,127.5,131.0,131.8,118.1,127.2,127.9,122.8,129.9,135.7,128.3,129.9
SEALER-0022,514,08:34,117.9,128.6,130.9,133.0,119.0,128.1,128.8,122.5,130.4,136.8,129.3,129.4
SEALER-0022,515,08:35,118.9,128.0,131.2,132.1,118.5,127.0,127.9,122.2,129.4,137.0,128.5,129.6
SEALER-0022,516,08:36,117.9,128.6,130.9,133.2,119.0,127.9,128.8,122.1,130.5,136.4,129.6,130.2
SEALER-0022,517,08:37,119.0,129.0,130.7,131.9,118.3,127.1,128.1,123.2,131.0,137.1,129.7,129.6
SEALER-0022,518,08:38,119.5,129.1,132.0,132.8,119.0,127.6,129.5,123.6,130.4,137.5,130.1,129.8
SEALER-0022,519,08:39,118.4,129.2,131.4,133.7,119.5,129.6,128.8,122.9,131.0,137.2,129.7,130.5
SEALER-0022,520,08:40,118.8,128.7,131.4,132.9,119.6,128.2,129.3,122.4,131.5,137.1,129.0,131.6
SEALER-0022,521,08:41,119.9,128.1,131.4,134.6,120.7,128.4,129.9,124.2,130.7,137.9,129.5,130.0
SEALER-0022,522,08:42,119.0,129.9,131.5,133.1,119.2,128.5,130.2,123.6,131.4,137.0,129.5,131.7
SEALER-0022,523,08:43,118.3,129.5,131.3,133.7,120.2,128.8,130.4,124.0,131.3,137.8,129.5,131.8
SEALER-0022,524,08:44,119.6,128.9,132.7,133.4,120.6,129.2,131.0,124.9,130.9,137.7,130.1,131.1
SEALER-0022,525,08:45,119.6,130.8,131.3,132.8,120.2,129.8,130.4,123.0,131.8,138.4,130.9,131.6
SEALER-0022,526,08:46,119.6,130.6,132.5,133.9,119.9,130.0,130.2,124.6,132.8,137.5,130.5,132.1
SEALER-0022,527,08:47,120.1,129.0,132.4,134.2,121.1,129.8,131.2,125.5,131.3,138.1,130.7,131.1
SEALER-0022,528,08:48,119.9,130.3,132.2,134.3,120.8,130.2,130.8,124.4,132.6,138.4,130.9,131.8
SEALER-0022,529,08:49,120.2,130.4,132.3,134.4,121.1,129.5,132.0,124.3,132.7,138.4,130.5,132.1
SEALER-0022,530,08:50,120.0,129.7,132.3,134.0,120.9,129.7,130.3,124.9,132.0,137.7,131.0,131.8
SEALER-0022,531,08:51,120.6,130.2,133.1,133.8,121.2,129.8,130.8,124.0,132.2,138.3,130.4,132.1
SEALER-0022,532,08:52,120.2,131.0,133.6,134.9,121.2,131.0,131.1,125.2,132.4,138.6,131.1,132.5
SEALER-0022,533,08:53,119.3,131.3,133.2,134.6,121.2,130.2,131.7,124.2,132.4,138.8,131.0,132.0
SEALER-0022,534,08:54,120.2,130.9,133.1,134.8,120.7,130.7,131.8,124.6,132.6,138.5,130.8,132.4
SEALER-0022,535,08:55,121.6,130.7,133.1,135.2,121.7,130.5,132.2,125.2,133.4,139.4,131.5,132.3
SEALER-0022,536,08:56,121.0,130.0,133.5,134.7,121.4,131.6,131.2,125.3,133.2,140.3,132.2,132.4
SEALER-0022,537,08:57,121.0,131.6,132.8,134.7,121.5,131.2,131.7,125.1,133.0,139.7,132.3,133.1
SEALER-0022,538,08:58,120.7,130.2,133.2,135.3,121.7,131.9,131.9,125.4,132.0,138.8,131.5,132.7
SEALER-0022,539,08:59,121.0,130.4,134.0,135.4,122.1,131.3,132.7,126.9,132.2,140.2,131.7,133.3
SEALER-0022,540,09:00,120.6,131.6,134.1,136.0,121.8,130.6,131.8,125.7,133.1,139.7,131.8,132.7
SEALER-0022,541,09:01,121.8,132.2,134.2,135.4,122.0,131.4,132.8,125.2,133.2,140.0,132.5,133.8
SEALER-0022,542,09:02,121.1,131.4,134.9,136.1,121.4,131.8,132.3,125.9,133.6,141.0,132.6,134.0
SEALER-0022,543,09:03,122.4,131.3,133.9,136.0,121.6,131.8,133.1,126.5,134.7,139.0,132.4,133.3
SEALER-0022,544,09:04,121.5,132.0,133.5,136.9,122.0,132.2,132.5,125.5,134.0,140.1,133.2,134.4
SEALER-0022,545,09:05,121.7,131.5,134.4,135.2,122.6,131.8,132.9,125.8,134.1,140.1,132.6,134.1
SEALER-0022,546,09:06,122.3,130.9,134.8,136.1,121.9,133.0,133.3,126.2,133.4,140.0,132.0,133.6
SEALER-0022,547,09:07,122.8,131.9,135.0,136.5,122.8,132.5,133.4,126.6,134.9,139.4,132.7,133.9
SEALER-0022,548,09:08,121.3,132.1,134.9,136.2,123.4,131.5,133.4,126.8,133.7,139.7,132.1,134.7
SEALER-0022,549,09:09,122.5,131.6,135.0,136.5,122.7,131.7,134.1,126.7,135.5,140.5,133.1,134.5
SEALER-0022,550,09:10,121.9,132.9,135.3,136.4,123.4,133.1,133.7,127.9,134.6,141.5,133.1,134.3
SEALER-0022,551,09:11,122.2,132.9,135.5,137.1,123.9,132.2,134.9,127.8,135.1,141.2,132.5,134.6
SEALER-0022,552,09:12,122.6,132.6,135.7,136.2,122.6,133.2,134.3,127.3,134.9,140.7,133.3,134.9
SEALER-0022,553,09:13,122.4,132.7,135.1,137.1,123.4,132.8,134.2,127.4,135.0,141.3,133.2,134.8
SEALER-0022,554,09:14,122.5,133.1,134.7,137.6,123.8,132.8,134.8,127.7,134.9,140.9,134.3,134.6
SEALER-0022,555,09:15,122.8,133.1,135.1,137.2,122.9,132.6,134.0,127.9,135.0,140.9,134.3,135.7
SEALER-0022,556,09:16,122.9,132.8,135.6,137.2,123.7,133.0,134.1,127.3,135.2,142.3,134.2,135.4
SEALER-0022,557,09:17,123.0,133.0,135.0,137.9,123.5,133.1,134.8,127.5,135.8,141.8,134.0,135.7
SEALER-0022,558,09:18,122.7,134.2,136.0,138.4,123.9,134.3,134.6,128.4,135.9,141.3,133.7,135.7
SEALER-0022,559,09:19,124.0,132.9,135.6,138.9,124.3,134.3,134.7,128.1,135.4,142.6,133.2,135.6
SEALER-0022,560,09:20,123.2,134.1,136.8,137.7,124.3,133.5,135.1,128.2,136.4,142.1,134.1,135.7
SEALER-0022,561,09:21,123.2,133.4,135.9,137.4,124.5,134.2,134.6,127.9,135.5,142.0,134.2,136.1
SEALER-0022,562,09:22,123.1,133.5,135.6,138.0,124.1,134.7,134.9,128.2,135.8,142.4,134.5,136.1
SEALER-0022,563,09:23,123.2,133.5,136.5,138.3,124.5,133.7,134.2,128.6,135.3,142.4,133.7,135.8
SEALER-0022,564,09:24,124.2,133.7,137.3,138.5,124.8,134.6,134.2,129.5,136.3,142.1,134.8,136.6
SEALER-0022,565,09:25,124.0,133.7,136.0,138.3,125.8,134.4,135.1,128.7,136.0,143.1,134.9,136.2
SEALER-0022,566,09:26,123.5,134.6,136.9,137.8,125.0,134.8,136.2,128.4,136.0,142.5,134.7,136.4
SEALER-0022,567,09:27,124.6,134.8,137.9,138.4,125.4,134.7,135.1,129.3,137.4,143.1,134.8,136.7
SEALER-0022,568,09:28,124.1,134.2,137.5,139.0,125.7,134.6,137.4,129.3,136.6,142.8,135.7,137.5
SEALER-0022,569,09:29,124.6,134.5,137.2,139.2,125.4,134.5,135.8,128.9,136.0,143.1,134.9,136.2
SEALER-0022,570,09:30,125.1,135.1,136.5,139.4,125.0,135.6,136.1,129.0,137.2,143.1,135.0,137.6
SEALER-0022,571,09:31,125.0,135.2,137.7,138.9,125.9,135.5,136.5,129.2,137.8,142.3,135.3,137.3
SEALER-0022,572,09:32,124.4,134.4,137.2,138.9,125.8,136.2,136.2,129.0,137.5,142.8,136.1,137.9
SEALER-0022,573,09:33,124.5,134.3,137.0,139.6,125.6,135.6,135.9,129.5,137.5,142.8,135.3,137.3
SEALER-0022,574,09:34,125.1,135.5,137.1,138.9,126.1,135.4,135.7,129.5,136.5,143.1,135.8,138.9
SEALER-0022,575,09:35,124.2,134.5,137.5,139.1,125.4,136.5,136.5,130.2,137.7,144.3,135.5,137.0
SEALER-0022,576,09:36,125.0,135.3,138.4,139.1,125.4,135.8,136.0,129.7,137.1,143.7,135.7,137.2
SEALER-0022,577,09:37,124.5,135.3,137.6,138.9,126.4,136.3,137.2,130.2,137.2,142.9,136.3,137.6
SEALER-0022,578,09:38,125.1,135.7,137.4,139.6,125.8,136.2,137.5,131.6,137.3,144.1,135.8,138.3
SEALER-0022,579,09:39,124.5,135.7,138.5,140.3,125.8,135.7,137.0,130.2,137.2,143.6,136.0,137.7
SEALER-0022,580,09:40,125.9,136.6,138.6,139.5,126.5,136.7,137.2,130.6,137.6,143.9,136.0,137.9
SEALER-0022,581,09:41,125.3,135.1,138.3,139.8,126.8,136.3,137.6,130.1,138.2,143.8,136.3,137.7
SEALER-0022,582,09:42,125.1,135.5,138.6,140.2,126.3,136.6,138.0,130.5,138.0,144.5,136.2,138.0
SEALER-0022,583,09:43,126.4,136.6,139.3,140.6,126.0,137.3,138.2,130.5,137.7,145.3,137.1,138.8
SEALER-0022,584,09:44,125.8,136.5,138.2,140.5,126.3,137.7,138.1,130.6,137.5,144.6,137.0,139.0
SEALER-0022,585,09:45,126.6,136.0,138.7,140.0,127.1,136.5,137.5,131.5,138.1,144.0,137.4,139.0
SEALER-0022,586,09:46,126.6,136.5,138.6,141.3,127.0,137.4,138.4,131.8,138.3,144.3,136.4,139.1
SEALER-0022,587,09:47,125.9,135.4,138.7,140.6,127.1,136.7,137.2,130.6,138.3,144.7,137.4,139.5
SEALER-0022,588,09:48,126.0,136.4,139.3,140.9,126.5,137.6,137.5,131.1,138.3,144.8,136.1,138.5
SEALER-0022,589,09:49,126.6,137.0,138.8,140.1,127.7,137.1,138.3,131.3,138.2,144.9,137.2,138.3
SEALER-0022,590,09:50,125.8,136.8,139.5,140.8,127.4,137.6,138.4,132.1,139.1,145.3,137.1,140.1
SEALER-0022,591,09:51,126.6,137.2,138.8,141.2,127.8,137.4,139.4,131.5,138.5,144.7,138.2,139.5
SEALER-0022,592,09:52,126.2,136.3,140.1,140.5,127.9,137.8,139.3,131.3,139.1,145.4,138.1,139.1
SEALER-0022,593,09:53,127.1,137.7,139.0,141.6,127.4,138.3,139.2,130.3,139.0,145.1,138.1,139.2
SEALER-0022,594,09:54,126.4,136.6,139.5,142.1,127.9,138.1,137.6,132.0,139.3,145.1,137.2,139.6
SEALER-0022,595,09:55,127.0,136.6,139.3,141.0,128.2,138.2,139.6,132.0,139.6,144.6,137.0,138.9
SEALER-0022,596,09:56,126.9,137.6,140.0,141.3,127.5,138.4,139.2,132.5,139.7,146.0,137.9,139.9
SEALER-0022,597,09:57,127.7,136.8,140.1,141.8,128.9,138.1,139.3,132.1,139.9,146.3,137.3,140.2
SEALER-0022,598,09:58,127.1,136.9,140.4,141.3,128.8,137.9,139.4,132.1,139.5,145.8,138.0,139.7
SEALER-0022,599,09:59,128.4,138.1,139.8,142.4,128.3,137.8,139.6,132.1,138.5,145.0,137.3,140.2
SEALER-0022,600,10:00,127.1,137.5,140.1,141.9,128.5,139.4,139.0,132.8,139.9,145.5,139.0,141.1
SEALER-0022,601,10:01,127.8,138.3,139.2,142.2,128.5,139.3,139.1,132.5,140.2,145.3,138.6,139.3
SEALER-0022,602,10:02,128.0,137.4,139.6,142.7,129.2,139.2,139.6,132.3,140.4,146.5,138.6,140.3
SEALER-0022,603,10:03,128.4,137.8,140.3,141.6,128.5,138.6,140.3,132.2,140.0,146.6,138.3,141.7
SEALER-0022,604,10:04,127.0,137.8,140.2,142.8,129.1,139.4,139.8,131.5,140.0,146.0,138.7,140.4
SEALER-0022,605,10:05,128.1,137.4,140.7,142.1,128.9,138.7,140.2,132.9,141.3,146.3,138.8,140.2
SEALER-0022,606,10:06,127.7,137.9,140.6,142.4,129.7,140.2,140.8,132.9,140.7,147.3,138.7,140.2
SEALER-0022,607,10:07,128.7,138.0,141.8,142.8,129.7,138.7,140.3,132.9,140.1,147.2,139.6,141.1
SEALER-0022,608,10:08,128.3,137.9,141.1,142.4,129.9,139.1,140.4,133.7,140.0,146.2,138.4,141.5
SEALER-0022,609,10:09,128.4,137.9,140.9,142.9,128.5,140.2,140.0,133.0,140.7,147.0,139.4,140.5
SEALER-0022,610,10:10,128.8,138.1,142.0,144.0,130.2,139.2,140.3,133.3,140.8,146.8,138.7,141.3
SEALER-0022,611,10:11,129.0,139.0,141.2,143.0,130.1,140.4,140.3,133.3,140.6,147.5,139.2,141.0
SEALER-0022,612,10:12,129.0,138.3,141.9,143.5,129.4,139.8,140.3,132.7,140.7,147.5,138.7,141.5
SEALER-0022,613,10:13,129.3,138.2,141.4,142.6,130.4,140.1,141.1,134.0,140.2,147.5,139.0,140.8
SEALER-0022,614,10:14,128.8,138.8,141.8,143.2,129.7,140.3,141.3,134.7,140.7,146.6,139.6,141.8
SEALER-0022,615,10:15,127.9,139.4,141.6,142.4,129.1,139.6,139.6,134.7,140.8,147.3,139.8,141.7
SEALER-0022,616,10:16,128.5,139.0,141.2,143.5,128.9,139.7,141.5,134.7,141.3,147.4,140.2,141.6
SEALER-0022,617,10:17,128.4,138.5,142.0,144.4,130.1,140.1,142.6,134.1,141.4,147.5,140.5,141.5
SEALER-0022,618,10:18,129.1,138.7,142.1,143.8,130.8,140.1,142.3,133.9,141.8,148.0,139.8,142.0
SEALER-0022,619,10:19,128.7,139.4,141.9,143.9,130.6,140.5,141.4,134.0,141.2,147.4,139.9,141.7
SEALER-0022,620,10:20,129.2,139.0,142.8,144.8,131.2,141.5,141.6,133.7,142.0,148.4,139.4,142.1
SEALER-0022,621,10:21,129.0,139.7,142.0,144.1,130.7,140.2,141.1,135.2,142.1,148.2,140.1,142.3
SEALER-0022,622,10:22,129.0,139.2,142.0,143.8,131.6,141.1,141.8,135.0,141.0,148.1,140.2,142.2
SEALER-0022,623,10:23,130.6,139.6,143.6,143.7,130.4,141.7,141.9,134.3,142.0,148.6,140.9,142.2
SEALER-0022,624,10:24,129.9,139.2,143.9,144.3,129.6,141.3,141.6,135.6,141.8,148.9,140.6,143.4
SEALER-0022,625,10:25,130.0,140.4,142.1,143.8,131.4,141.2,141.9,135.1,141.2,148.4,140.5,143.1
SEALER-0022,626,10:26,129.9,140.2,142.1,145.4,130.7,141.9,142.2,134.9,141.9,148.6,140.4,142.8
SEALER-0022,627,10:27,130.7,139.7,141.4,144.3,130.5,141.2,142.0,135.9,143.1,149.0,141.9,143.0
SEALER-0022,628,10:28,129.6,140.4,142.5,144.8,131.7,141.1,142.5,135.2,143.5,149.1,141.0,142.5
SEALER-0022,629,10:29,130.2,140.4,142.1,145.1,131.7,142.0,142.3,135.4,142.8,149.7,141.1,142.7
SEALER-0022,630,10:30,129.5,140.4,142.6,144.7,130.5,143.0,143.7,134.7,143.0,148.5,141.2,143.5
SEALER-0022,631,10:31,130.4,139.9,142.8,145.4,131.1,142.0,142.6,135.3,143.1,148.9,140.9,144.0
SEALER-0022,632,10:32,129.7,140.7,144.3,145.3,131.5,142.6,142.6,135.7,142.8,149.0,141.7,142.4
SEALER-0022,633,10:33,129.6,140.5,143.4,144.3,131.8,142.6,143.0,135.8,142.5,149.9,141.3,143.2
SEALER-0022,634,10:34,130.7,141.3,143.5,144.8,131.7,143.2,143.7,136.2,142.8,148.6,141.9,143.9
SEALER-0022,635,10:35,130.6,141.0,143.3,146.1,132.3,142.2,142.6,136.3,143.3,150.4,142.5,144.0
SEALER-0022,636,10:36,131.3,139.7,143.2,144.9,131.6,143.0,143.3,135.3,142.5,149.3,141.3,144.6
SEALER-0022,637,10:37,131.5,141.4,144.6,144.7,132.5,142.4,143.2,135.9,144.1,149.6,142.2,143.8
SEALER-0022,638,10:38,130.2,141.0,143.9,145.6,131.9,143.6,143.6,136.0,143.4,148.6,141.1,143.7
SEALER-0022,639,10:39,131.5,141.1,143.3,145.2,132.3,143.3,144.3,136.5,143.3,148.8,142.8,144.3
SEALER-0022,640,10:40,131.7,141.5,144.4,145.2,132.8,141.7,143.3,135.6,143.7,150.5,141.5,144.0
SEALER-0022,641,10:41,131.2,141.3,142.8,146.1,131.2,142.8,144.5,136.6,143.3,149.9,141.8,144.4
SEALER-0022,642,10:42,130.4,141.5,144.2,146.0,132.8,143.1,143.7,136.1,143.5,150.2,143.1,143.2
SEALER-0022,643,10:43,131.1,141.7,143.9,145.6,132.9,142.4,144.4,136.1,143.2,149.9,140.9,144.4
SEALER-0022,644,10:44,130.8,141.2,144.0,145.8,132.3,143.1,144.0,136.5,143.3,150.4,142.1,144.6
SEALER-0022,645,10:45,130.9,141.9,144.4,146.1,132.7,143.2,143.9,136.7,143.6,150.8,143.5,145.3
SEALER-0022,646,10:46,131.4,141.1,144.8,145.8,131.5,143.0,144.0,136.4,143.8,150.1,143.0,143.8
SEALER-0022,647,10:47,131.3,141.2,144.8,146.3,132.0,143.6,144.5,136.5,143.3,150.3,142.9,144.7
SEALER-0022,648,10:48,131.3,142.0,144.7,146.8,133.6,143.0,144.0,136.4,144.4,150.9,143.0,144.9
SEALER-0022,649,10:49,131.8,142.1,144.9,147.5,132.8,144.1,145.0,136.8,143.9,150.6,143.5,144.4
SEALER-0022,650,10:50,131.8,141.8,144.6,146.1,133.1,143.9,144.5,138.0,145.2,150.7,143.4,144.6
SEALER-0022,651,10:51,132.9,142.6,145.3,146.4,132.4,143.6,145.7,137.2,144.2,151.6,143.7,146.1
SEALER-0022,652,10:52,131.8,142.5,144.8,147.1,133.2,143.9,144.4,137.7,144.6,150.7,143.1,145.8
SEALER-0022,653,10:53,132.3,142.2,145.0,146.1,133.0,144.3,145.2,138.3,145.1,150.0,143.4,146.0
SEALER-0022,654,10:54,132.0,142.3,144.8,146.7,133.5,144.2,143.9,137.9,145.0,150.6,143.7,145.5
SEALER-0022,655,10:55,132.3,142.7,144.7,147.5,133.8,144.2,144.8,137.5,144.8,150.3,142.8,145.2
SEALER-0022,656,10:56,131.7,142.1,145.1,147.7,134.0,145.0,145.2,137.8,144.6,151.4,144.3,145.6
SEALER-0022,657,10:57,133.1,142.1,144.6,147.6,133.2,145.2,144.3,137.9,144.6,151.2,143.7,145.7
SEALER-0022,658,10:58,132.9,142.9,145.9,147.4,133.5,143.9,146.1,138.5,144.3,152.1,144.4,146.0
SEALER-0022,659,10:59,132.2,143.4,145.4,147.1,133.4,143.8,146.1,137.6,144.3,150.1,143.3,145.6
SEALER-0022,660,11:00,132.5,142.9,145.1,148.1,134.5,144.4,146.3,139.0,144.7,151.8,143.8,146.6
SEALER-0022,661,11:01,132.6,142.4,145.5,147.5,133.5,144.9,146.1,137.9,145.2,151.7,143.6,146.2
SEALER-0022,662,11:02,132.4,143.1,145.8,148.0,134.2,144.9,145.7,138.8,145.1,151.7,144.6,145.8
SEALER-0022,663,11:03,133.2,143.2,146.6,147.9,133.4,145.7,146.3,139.2,145.5,151.2,144.0,145.7
SEALER-0022,664,11:04,132.4,142.8,146.2,148.1,134.0,145.4,146.0,137.6,145.0,152.2,143.6,145.9
SEALER-0022,665,11:05,134.1,143.6,145.5,148.0,135.7,144.9,146.4,138.1,145.7,152.5,144.3,146.1
SEALER-0022,666,11:06,133.4,143.3,146.5,147.6,134.3,145.1,145.6,138.3,146.4,152.2,144.3,146.2
SEALER-0022,667,11:07,133.3,144.3,146.6,146.8,135.1,146.3,145.9,138.9,145.4,152.3,144.4,147.2
SEALER-0022,668,11:08,133.3,143.7,145.9,148.0,134.3,145.8,147.3,138.0,146.4,152.4,143.9,147.2
SEALER-0022,669,11:09,133.5,143.8,147.2,147.7,135.1,145.5,145.8,139.7,146.4,152.8,144.4,147.7
SEALER-0022,670,11:10,132.6,144.5,146.8,148.7,135.1,145.4,146.4,139.2,146.5,153.1,144.1,147.1
SEALER-0022,671,11:11,133.8,144.5,146.2,148.2,134.9,146.2,146.2,139.4,146.2,153.1,144.2,147.0
SEALER-0022,672,11:12,134.4,144.1,146.0,148.8,135.4,146.0,146.1,139.3,145.9,151.9,144.0,147.7
SEALER-0022,673,11:13,133.6,143.6,147.2,149.3,135.9,145.9,147.2,139.6,145.6,152.6,145.2,149.0
SEALER-0022,674,11:14,133.5,143.7,147.1,149.2,134.5,145.6,146.9,139.9,146.8,152.6,145.0,147.0
SEALER-0022,675,11:15,132.9,144.1,146.7,148.6,135.1,146.3,147.4,139.3,145.9,153.3,146.1,148.2
SEALER-0022,676,11:16,134.7,144.1,147.3,149.3,135.3,146.7,147.3,139.5,146.2,153.2,145.2,147.7
SEALER-0022,677,11:17,133.9,145.1,147.9,150.0,135.7,145.8,147.1,139.7,146.6,153.2,145.0,148.2
SEALER-0022,678,11:18,133.9,144.1,146.7,149.5,136.1,145.7,147.2,139.8,146.5,152.8,145.1,147.3
SEALER-0022,679,11:19,134.6,145.5,146.8,148.2,136.5,146.5,147.7,139.9,147.0,153.1,145.5,147.2
SEALER-0022,680,11:20,133.8,144.8,147.4,148.9,135.9,146.3,148.0,139.9,147.2,153.9,145.5,147.6
SEALER-0022,681,11:21,134.6,145.2,147.2,148.9,135.0,146.6,146.0,139.6,147.2,153.3,145.5,147.7
SEALER-0022,682,11:22,135.0,144.7,146.8,148.8,134.9,146.0,147.3,140.8,147.0,153.9,145.8,148.2
SEALER-0022,683,11:23,134.4,145.0,147.3,149.8,136.3,146.8,147.9,139.9,147.1,153.6,145.4,148.5
SEALER-0022,684,11:24,133.9,144.8,147.5,149.6,136.3,148.3,148.2,140.0,146.4,154.1,146.0,148.3
SEALER-0022,685,11:25,134.0,145.1,148.3,150.4,136.5,148.0,147.7,140.6,147.6,154.2,146.3,147.3
SEALER-0022,686,11:26,133.6,145.8,148.0,149.3,134.6,147.5,147.2,140.2,148.0,154.1,146.9,148.3
SEALER-0022,687,11:27,135.4,145.1,148.0,150.2,135.7,146.6,147.1,140.7,147.1,154.5,145.9,148.3
SEALER-0022,688,11:28,134.9,145.4,148.2,150.1,136.3,147.4,148.4,140.5,146.7,154.3,146.6,148.1
SEALER-0022,689,11:29,134.7,145.9,148.4,149.4,135.8,147.3,147.3,141.1,147.1,153.6,146.3,148.3
SEALER-0022,690,11:30,135.1,146.6,147.8,150.0,136.8,147.5,148.8,140.5,147.6,154.6,146.3,149.0
SEALER-0022,691,11:31,135.5,145.3,148.8,148.8,136.0,146.5,148.4,141.6,148.2,153.8,146.3,149.5
SEALER-0022,692,11:32,136.3,146.0,149.1,149.9,136.6,146.9,148.7,141.5,147.5,154.7,147.1,148.3
SEALER-0022,693,11:33,135.9,145.8,148.1,150.5,136.0,147.2,148.7,140.7,147.6,155.7,146.4,149.3
SEALER-0022,694,11:34,135.2,145.6,148.1,150.3,136.9,146.8,147.5,141.3,148.6,154.2,146.3,148.7
SEALER-0022,695,11:35,135.5,146.1,148.6,149.4,137.1,148.1,148.8,141.3,148.0,153.6,147.2,148.7
SEALER-0022,696,11:36,135.6,146.8,148.7,150.3,135.9,147.1,149.3,141.2,148.3,155.1,147.1,149.2
SEALER-0022,697,11:37,135.4,146.2,148.7,150.8,137.7,147.1,148.2,141.4,148.9,154.1,146.3,149.4
SEALER-0022,698,11:38,135.1,146.1,148.8,149.9,136.6,148.4,149.3,141.3,148.5,155.4,147.4,149.1
SEALER-0022,699,11:39,135.2,146.4,148.7,151.1,137.6,147.5,150.1,141.2,147.8,154.7,146.8,149.1
SEALER-0022,700,11:40,135.5,146.1,148.5,151.0,138.0,148.0,149.3,142.0,148.1,155.5,146.9,149.1
SEALER-0022,701,11:41,135.3,147.1,148.5,151.2,137.5,147.3,149.5,142.2,147.8,154.5,147.3,149.4
SEALER-0022,702,11:42,136.1,147.2,148.9,150.2,137.4,148.8,149.7,141.0,148.9,155.6,147.1,149.1
SEALER-0022,703,11:43,135.2,145.6,149.1,150.6,137.9,148.6,149.1,140.9,148.9,155.2,147.4,150.0
SEALER-0022,704,11:44,135.9,147.5,148.7,151.3,137.9,149.3,150.2,141.8,149.1,154.6,147.7,149.7
SEALER-0022,705,11:45,136.3,146.2,148.9,150.9,138.1,149.7,150.1,141.6,148.7,155.6,147.5,150.1
SEALER-0022,706,11:46,135.8,147.4,149.7,151.6,138.8,148.7,149.6,141.6,149.5,155.7,148.2,149.7
SEALER-0022,707,11:47,136.2,147.6,149.8,152.2,137.9,149.9,149.5,142.7,148.6,155.8,148.2,149.9
SEALER-0022,708,11:48,136.9,147.1,149.2,151.8,138.2,149.1,150.2,141.5,149.2,155.5,148.3,150.4
SEALER-0022,709,11:49,136.5,147.2,150.0,151.7,138.0,149.2,149.9,142.7,148.8,156.4,147.4,149.5
SEALER-0022,710,11:50,136.8,146.9,150.1,151.7,138.2,149.4,149.6,142.6,150.2,155.2,148.4,150.1
SEALER-0022,711,11:51,137.1,146.9,149.7,152.0,138.1,149.1,149.8,142.2,149.5,155.3,147.4,149.7
SEALER-0022,712,11:52,135.7,147.0,149.4,151.9,138.2,149.8,150.7,142.5,149.5,155.8,147.8,151.5
SEALER-0022,713,11:53,136.7,148.1,149.4,151.5,139.3,149.4,150.3,143.5,149.1,155.9,148.0,150.4
SEALER-0022,714,11:54,136.4,146.8,150.0,151.2,138.8,149.7,150.1,142.2,149.8,157.2,148.2,149.7
SEALER-0022,715,11:55,137.5,146.7,150.0,153.2,139.4,149.9,150.1,142.9,150.4,155.3,148.5,150.7
SEALER-0022,716,11:56,136.1,147.7,150.3,151.7,138.4,149.5,149.9,144.0,150.7,155.8,148.5,151.5
SEALER-0022,717,11:57,137.0,147.8,150.1,151.6,139.6,150.0,149.7,142.6,150.3,156.5,148.7,150.0
SEALER-0022,718,11:58,137.5,147.5,149.1,151.5,138.8,149.8,150.6,143.6,150.2,156.6,148.6,151.8
SEALER-0022,719,11:59,136.7,147.4,150.0,151.4,139.7,149.5,150.2,143.3,149.7,156.4,147.5,151.2
SEALER-0022,720,12:00,137.2,148.4,150.3,153.4,139.4,150.1,150.9,143.1,149.1,157.6,149.2,151.7
SEALER-0022,721,12:01,137.1,147.9,150.7,153.0,139.7,149.4,151.9,143.4,150.4,157.0,148.6,151.1
SEALER-0022,722,12:02,137.1,147.8,150.9,152.9,139.2,150.1,151.2,143.6,149.9,156.5,147.9,151.5
SEALER-0022,723,12:03,138.5,148.9,150.1,152.5,138.3,150.6,151.2,143.4,150.4,157.5,149.2,151.9
SEALER-0022,724,12:04,137.1,148.4,150.8,151.9,139.5,150.2,151.3,143.3,150.0,157.4,149.3,151.5
SEALER-0022,725,12:05,136.8,148.7,150.6,152.3,139.2,150.1,152.1,144.1,149.8,156.0,148.0,151.1
SEALER-0022,726,12:06,137.4,147.9,150.8,152.4,139.9,151.1,152.0,143.9,150.0,157.0,148.3,151.4
SEALER-0022,727,12:07,137.6,147.6,151.1,151.8,139.5,150.5,151.1,143.1,150.5,157.0,149.6,152.5
SEALER-0022,728,12:08,138.1,148.7,150.6,153.2,138.6,151.2,152.3,143.8,151.1,157.8,149.1,152.0
SEALER-0022,729,12:09,137.4,149.7,151.1,153.5,139.1,150.1,151.0,143.4,150.5,157.6,147.9,152.5
SEALER-0022,730,12:10,138.2,148.8,152.3,153.1,139.6,150.8,151.3,142.6,151.4,157.5,149.7,152.7
SEALER-0022,731,12:11,137.6,148.2,151.0,152.8,139.3,150.4,151.9,143.1,151.6,157.3,149.2,151.8
SEALER-0022,732,12:12,138.5,148.6,150.3,152.8,138.8,150.7,151.6,143.6,151.6,157.5,148.9,152.4
SEALER-0022,733,12:13,137.5,149.1,150.8,154.1,140.4,151.2,151.7,144.1,150.5,157.4,149.8,152.0
SEALER-0022,734,12:14,138.6,148.8,152.4,153.1,139.6,152.1,152.3,144.2,151.3,157.8,149.7,152.8
SEALER-0022,735,12:15,139.4,148.7,151.1,153.3,139.7,152.0,152.0,144.3,151.1,157.9,150.6,151.8
SEALER-0022,736,12:16,138.7,149.6,152.7,154.2,139.5,151.1,152.5,144.2,151.5,159.1,149.4,152.8
SEALER-0022,737,12:17,138.3,149.3,152.4,154.1,139.1,151.1,153.5,144.4,151.9,157.4,149.7,152.1
SEALER-0022,738,12:18,138.6,148.8,150.3,154.1,140.1,152.0,152.8,143.9,151.8,158.7,150.8,152.0
SEALER-0022,739,12:19,138.7,149.5,151.9,153.7,139.6,152.1,151.8,144.1,151.5,158.2,150.9,152.9
SEALER-0022,740,12:20,138.5,148.6,151.5,153.5,140.1,151.6,152.1,145.6,151.4,158.5,150.1,152.5
SEALER-0022,741,12:21,139.3,149.8,152.1,154.7,140.5,151.6,152.1,143.8,152.0,158.7,149.5,153.4
SEALER-0022,742,12:22,139.6,148.7,152.2,154.2,139.9,152.9,153.4,144.8,152.8,158.1,150.8,153.3
SEALER-0022,743,12:23,138.5,149.2,152.2,154.6,140.7,152.0,153.5,144.8,150.0,158.9,150.8,153.0
SEALER-0022,744,12:24,138.9,149.8,152.5,154.9,140.8,151.9,153.4,145.1,151.8,158.2,150.6,152.9
SEALER-0022,745,12:25,140.0,149.7,152.6,153.5,140.9,152.7,153.1,144.8,152.0,159.9,151.4,152.9
SEALER-0022,746,12:26,139.1,150.4,151.9,154.2,139.9,151.8,153.6,144.7,152.1,158.1,150.8,153.9
SEALER-0022,747,12:27,139.6,150.4,151.7,154.8,140.3,151.8,154.5,145.2,152.2,158.5,151.0,154.5
SEALER-0022,748,12:28,139.6,150.6,152.7,154.1,140.3,152.7,153.1,144.7,151.9,159.8,150.6,154.1
SEALER-0022,749,12:29,139.4,150.3,151.9,154.5,139.9,151.7,153.4,146.0,152.7,159.4,150.6,152.3
SEALER-0022,750,12:30,138.6,150.7,153.3,153.9,141.4,151.8,153.3,146.5,152.2,159.9,150.4,153.1
SEALER-0022,751,12:31,139.0,150.4,153.9,154.7,140.8,153.1,152.6,145.3,152.0,159.4,150.9,154.9
SEALER-0022,752,12:32,139.6,150.2,153.2,153.8,140.7,152.4,153.1,144.6,151.8,159.6,150.8,153.9
SEALER-0022,753,12:33,139.5,151.0,152.4,154.9,141.8,152.4,154.4,145.7,152.9,158.6,151.2,152.2
SEALER-0022,754,12:34,140.5,150.1,152.8,154.8,141.5,152.3,154.4,145.4,153.4,158.9,152.3,152.7
SEALER-0022,755,12:35,140.6,151.5,153.6,154.6,141.2,153.5,153.7,146.3,152.2,159.2,151.1,154.6
SEALER-0022,756,12:36,139.9,150.7,152.7,155.7,141.5,152.4,154.6,145.3,153.1,160.2,151.1,154.0
SEALER-0022,757,12:37,139.7,150.7,153.0,155.2,141.8,152.7,153.8,145.6,152.9,159.2,151.0,154.2
SEALER-0022,758,12:38,139.7,150.6,153.9,155.1,141.7,153.0,153.6,146.1,153.0,159.3,152.1,154.6
SEALER-0022,759,12:39,140.8,151.1,154.0,155.8,141.5,153.2,155.3,146.1,152.9,160.3,150.8,154.2
SEALER-0022,760,12:40,139.9,151.9,154.0,156.4,142.4,153.2,153.6,146.7,153.4,159.8,151.5,154.2
SEALER-0022,761,12:41,139.3,151.7,153.2,155.5,142.1,154.3,154.6,146.0,152.5,159.3,152.8,153.9
SEALER-0022,762,12:42,140.5,151.7,153.0,155.3,142.2,153.2,154.0,146.0,153.2,160.4,151.0,155.6
SEALER-0022,763,12:43,140.5,151.4,153.6,155.0,142.1,153.9,153.9,147.2,153.0,159.2,152.1,154.7
SEALER-0022,764,12:44,139.9,151.2,153.7,155.6,142.7,153.8,155.0,146.9,153.4,160.2,152.7,154.9
SEALER-0022,765,12:45,140.6,151.9,155.3,155.0,142.3,152.8,154.4,146.2,153.8,159.8,151.2,153.5
SEALER-0022,766,12:46,141.1,150.7,153.4,156.1,141.7,153.5,154.0,146.0,153.3,161.1,151.6,155.3
SEALER-0022,767,12:47,141.1,151.6,153.9,154.9,142.0,154.4,154.8,146.4,153.7,159.4,151.5,155.4
SEALER-0022,768,12:48,140.9,150.6,154.4,156.1,142.7,153.7,153.7,146.3,154.0,160.9,151.7,155.5
SEALER-0022,769,12:49,140.9,151.1,153.1,156.3,142.6,155.3,155.3,146.0,154.6,160.9,151.8,154.8
SEALER-0022,770,12:50,141.0,152.3,154.7,156.2,142.7,153.7,155.8,146.4,153.3,160.1,152.4,155.5
SEALER-0022,771,12:51,141.0,150.7,153.8,156.6,141.8,153.6,155.2,147.3,153.8,161.2,153.1,155.4
SEALER-0022,772,12:52,141.3,151.8,155.3,156.1,142.1,153.9,154.8,147.5,154.1,160.0,152.2,156.1
SEALER-0022,773,12:53,140.3,151.5,153.9,156.7,143.0,154.6,155.5,147.7,153.6,160.9,152.5,155.7
SEALER-0022,774,12:54,140.9,153.0,154.2,155.9,142.2,154.5,154.5,146.0,153.7,161.1,153.6,155.4
SEALER-0022,775,12:55,141.7,152.0,153.9,156.9,143.5,153.6,155.2,147.9,153.5,161.1,153.1,155.9
SEALER-0022,776,12:56,141.0,152.3,153.8,156.6,143.5,155.1,155.9,147.2,154.5,161.0,153.0,155.5
SEALER-0022,777,12:57,140.8,152.1,155.0,156.9,144.2,155.7,156.2,146.6,154.1,161.2,152.9,156.3
SEALER-0022,778,12:58,141.4,152.4,155.0,157.2,142.2,155.0,156.1,147.3,154.7,161.1,153.1,155.3
SEALER-0022,779,12:59,140.9,152.5,155.8,157.1,143.3,154.6,156.3,148.5,154.0,161.6,153.3,156.2
SEALER-0022,780,13:00,141.3,152.7,155.0,157.1,143.8,155.4,155.5,147.6,155.0,161.4,153.1,156.2
SEALER-0022,781,13:01,140.7,152.9,154.0,156.8,143.3,154.6,156.0,147.0,154.9,162.8,153.4,156.1
SEALER-0022,782,13:02,141.0,152.1,154.9,157.7,143.7,155.6,156.4,149.0,154.5,161.1,153.0,156.0
SEALER-0022,783,13:03,141.2,152.1,155.3,157.2,143.3,154.4,156.1,148.4,154.1,161.4,152.9,157.0
SEALER-0022,784,13:04,141.8,152.4,155.3,157.5,142.9,154.9,156.2,148.0,154.9,162.1,152.9,156.2
SEALER-0022,785,13:05,142.0,152.7,155.5,157.3,144.6,155.3,156.5,147.8,154.8,161.6,153.5,157.1
SEALER-0022,786,13:06,141.9,152.7,155.7,156.6,144.2,155.0,156.0,147.2,154.0,162.6,152.1,156.1
SEALER-0022,787,13:07,141.8,151.9,155.8,157.6,143.8,155.3,156.0,148.4,155.7,162.1,153.9,156.1
SEALER-0022,788,13:08,142.4,152.0,155.4,157.5,144.1,154.5,156.5,147.4,155.4,161.3,153.3,156.6
SEALER-0022,789,13:09,142.2,151.7,155.6,157.8,143.5,156.0,156.2,148.1,155.4,162.3,153.5,156.4
SEALER-0022,790,13:10,141.6,152.4,156.5,156.9,144.1,156.6,156.8,148.5,155.1,161.2,153.8,156.4
SEALER-0022,791,13:11,142.1,153.2,156.0,158.1,144.0,155.4,156.7,149.3,154.8,161.6,153.2,157.5
SEALER-0022,792,13:12,142.7,153.1,154.8,158.4,144.2,155.5,156.7,148.1,156.2,163.3,153.4,156.6
SEALER-0022,793,13:13,141.5,152.5,155.9,157.5,143.3,156.7,156.6,149.0,154.5,162.3,153.7,156.2
SEALER-0022,794,13:14,142.2,153.9,155.9,158.3,144.2,155.5,157.1,148.6,156.1,162.7,153.7,157.2
SEALER-0022,795,13:15,142.9,153.5,156.1,157.9,144.0,155.9,156.4,148.6,156.3,162.3,154.2,157.4
SEALER-0022,796,13:16,143.0,153.8,156.3,157.6,145.0,156.7,156.3,148.5,155.8,161.9,154.7,157.0
SEALER-0022,797,13:17,143.0,154.1,156.3,158.6,144.0,156.1,157.0,147.8,155.8,161.9,154.7,157.2
SEALER-0022,798,13:18,142.8,153.3,155.9,157.4,143.9,155.8,157.0,148.8,155.9,163.2,153.7,156.5
SEALER-0022,799,13:19,141.4,153.3,156.0,158.5,144.2,155.8,156.9,148.1,155.8,162.9,154.3,158.6
SEALER-0022,800,13:20,142.1,154.6,155.9,158.1,144.6,156.0,157.5,148.1,156.2,162.0,154.0,157.6
SEALER-0022,801,13:21,142.8,152.9,156.8,157.8,144.5,156.4,158.2,150.2,156.5,161.8,154.9,157.0
SEALER-0022,802,13:22,142.6,153.8,156.7,158.6,144.8,156.7,157.7,149.1,156.4,163.0,154.8,158.5
SEALER-0022,803,13:23,143.6,153.3,155.8,158.7,145.4,157.0,157.1,149.4,155.9,162.6,155.1,157.6
SEALER-0022,804,13:24,143.6,153.5,156.1,159.1,145.2,156.3,158.2,148.5,156.2,162.8,154.5,157.2
SEALER-0022,805,13:25,143.4,153.7,156.6,158.8,145.3,156.5,157.2,149.2,155.9,163.8,154.9,158.0
SEALER-0022,806,13:26,143.0,154.9,156.2,159.6,145.1,156.1,158.5,150.2,156.3,163.4,155.9,158.6
SEALER-0022,807,13:27,143.7,154.3,156.6,159.3,144.9,157.5,157.7,149.4,156.0,163.2,155.1,158.1
SEALER-0022,808,13:28,143.1,154.3,157.1,159.3,145.1,156.9,158.0,150.1,156.6,162.4,155.0,158.2
SEALER-0022,809,13:29,144.1,154.1,156.6,158.9,145.2,157.4,157.6,149.5,156.6,163.7,155.0,157.8
SEALER-0022,810,13:30,143.6,155.0,156.8,158.6,145.3,156.4,158.4,150.1,157.7,163.7,155.2,158.1
SEALER-0022,811,13:31,144.1,154.5,157.4,158.8,145.6,157.6,158.4,149.6,156.9,164.0,155.4,158.0
SEALER-0022,812,13:32,144.1,154.8,157.0,159.3,145.6,157.2,158.2,149.8,157.2,163.7,154.6,158.5
SEALER-0022,813,13:33,143.1,154.6,157.3,159.0,144.9,157.1,159.0,149.1,156.8,164.7,155.3,158.2
SEALER-0022,814,13:34,143.1,154.9,157.7,159.4,146.7,157.3,157.7,150.9,156.9,162.8,155.3,158.9
SEALER-0022,815,13:35,143.8,154.8,156.7,159.0,145.1,157.8,158.6,150.2,156.9,162.9,155.0,158.5
SEALER-0022,816,13:36,143.6,154.1,157.5,160.3,146.4,157.6,158.6,150.4,156.7,163.7,154.6,157.8
SEALER-0022,817,13:37,144.2,155.2,156.7,159.7,146.5,157.8,158.8,149.9,156.9,163.7,157.0,158.8
SEALER-0022,818,13:38,143.5,155.6,157.7,159.9,146.1,157.8,158.4,150.0,156.3,164.8,155.7,159.7
SEALER-0022,819,13:39,143.3,155.7,156.9,160.1,146.1,157.6,158.0,150.2,157.1,164.4,155.8,159.3
SEALER-0022,820,13:40,144.0,154.8,157.9,160.1,146.8,158.6,159.1,150.7,157.1,164.6,155.6,159.2
SEALER-0022,821,13:41,144.2,156.0,157.6,159.9,145.6,157.1,158.7,150.5,156.8,163.4,156.4,158.8
SEALER-0022,822,13:42,143.8,154.5,157.6,159.8,146.0,158.1,158.9,151.0,157.4,164.2,156.4,158.8
SEALER-0022,823,13:43,144.4,155.2,158.1,159.9,146.4,157.6,158.9,151.1,158.1,163.6,156.3,158.9
SEALER-0022,824,13:44,144.4,155.4,157.7,160.0,146.0,158.8,159.4,150.1,156.7,163.8,155.9,159.1
SEALER-0022,825,13:45,143.9,155.6,158.2,159.7,146.4,158.2,159.5,150.2,157.6,164.4,155.8,158.9
SEALER-0022,826,13:46,144.9,155.7,157.8,160.3,146.8,159.1,158.8,151.2,158.3,164.5,157.3,158.9
SEALER-0022,827,13:47,144.4,155.0,159.4,160.2,146.9,159.2,160.2,150.7,157.5,164.8,155.4,158.7
SEALER-0022,828,13:48,144.8,156.3,158.8,159.9,146.6,159.2,158.7,150.1,157.4,165.3,156.4,159.6
SEALER-0022,829,13:49,144.8,155.1,158.4,159.2,146.1,159.4,159.3,151.1,158.1,165.3,155.7,160.0
SEALER-0022,830,13:50,145.2,156.2,158.8,160.5,146.3,158.5,159.6,151.2,158.2,164.9,155.9,159.5
SEALER-0022,831,13:51,144.6,156.6,157.6,159.8,147.8,159.0,159.5,150.8,158.3,165.0,157.6,158.8
SEALER-0022,832,13:52,144.6,156.1,159.0,160.6,147.5,159.1,159.3,151.3,157.6,164.6,157.0,158.6
SEALER-0022,833,13:53,144.6,156.1,158.2,160.6,146.5,159.1,160.2,151.1,157.5,165.2,156.9,160.1
SEALER-0022,834,13:54,144.5,155.8,158.6,161.4,146.2,158.8,159.7,151.8,157.9,165.1,156.7,159.0
SEALER-0022,835,13:55,145.5,156.1,158.5,161.4,146.7,158.6,160.5,151.7,157.5,164.1,156.7,158.7
SEALER-0022,836,13:56,145.5,156.0,159.3,161.1,147.9,158.3,159.7,151.8,158.3,164.9,157.0,159.8
SEALER-0022,837,13:57,145.2,155.4,158.6,160.9,147.2,159.3,160.0,150.4,158.5,165.8,157.3,159.5
SEALER-0022,838,13:58,145.6,156.4,159.3,161.3,147.1,159.3,159.9,151.4,158.6,166.0,157.6,159.5
SEALER-0022,839,13:59,145.8,156.0,157.9,160.1,147.0,158.9,159.9,151.5,159.1,165.2,157.5,160.8
SEALER-0022,840,14:00,145.7,156.5,158.9,160.9,146.9,159.8,159.9,152.1,158.0,165.2,157.1,159.9
SEALER-0022,841,14:01,145.6,156.7,158.9,160.2,147.7,159.8,159.0,152.4,158.2,166.0,156.8,160.3
SEALER-0022,842,14:02,145.3,155.9,159.3,160.2,148.7,160.0,161.1,150.8,158.9,165.1,156.8,159.7
SEALER-0022,843,14:03,145.5,156.4,159.0,160.8,148.4,159.8,160.9,151.1,158.5,165.4,156.8,160.1
SEALER-0022,844,14:04,145.9,156.1,158.8,160.6,147.3,159.4,159.6,152.3,158.4,165.4,157.4,160.6
SEALER-0022,845,14:05,145.5,156.6,160.2,161.2,147.6,160.1,161.1,152.2,159.2,166.1,157.7,161.0
SEALER-0022,846,14:06,146.4,157.0,159.4,161.4,147.2,160.5,159.9,152.0,160.0,165.6,158.2,160.3
SEALER-0022,847,14:07,145.1,156.5,158.8,161.1,147.4,159.8,161.0,152.4,158.9,166.3,158.1,160.9
SEALER-0022,848,14:08,145.4,156.2,160.9,161.7,147.0,159.7,160.4,152.0,158.9,166.1,157.7,161.2
SEALER-0022,849,14:09,145.5,156.4,160.3,161.6,148.3,160.6,160.9,153.4,159.1,166.8,157.9,161.1
SEALER-0022,850,14:10,146.0,157.5,159.7,161.8,147.3,160.2,160.3,152.5,159.9,167.0,158.5,160.8
SEALER-0022,851,14:11,146.7,155.5,159.3,161.3,148.3,159.9,161.5,152.1,159.2,166.9,157.7,161.3
SEALER-0022,852,14:12,146.3,156.8,159.5,161.7,147.2,159.9,160.3,152.9,160.7,166.8,157.2,161.6
SEALER-0022,853,14:13,146.6,157.2,159.9,161.8,148.3,160.5,160.6,153.4,158.8,165.9,158.8,161.7
SEALER-0022,854,14:14,146.4,158.3,159.9,161.4,149.1,160.6,160.3,152.8,159.2,167.2,158.2,160.5
SEALER-0022,855,14:15,147.0,156.8,160.3,162.0,149.0,160.5,160.6,152.1,159.8,166.5,158.3,161.1
SEALER-0022,856,14:16,145.2,157.6,160.7,162.1,148.1,159.7,162.1,152.8,158.8,165.4,158.0,160.8
SEALER-0022,857,14:17,146.3,157.5,159.7,162.4,147.9,160.8,160.1,152.9,160.1,166.8,158.2,160.9
SEALER-0022,858,14:18,146.5,157.0,160.0,161.9,149.1,160.1,162.4,153.0,159.8,166.2,158.9,161.0
SEALER-0022,859,14:19,146.2,158.2,159.2,162.5,148.7,160.7,161.5,152.6,159.4,167.3,158.4,162.4
SEALER-0022,860,14:20,145.7,157.6,160.0,162.6,148.6,160.8,161.4,152.9,160.4,166.9,158.3,161.5
SEALER-0022,861,14:21,146.4,158.5,160.1,162.6,147.9,161.9,161.7,153.1,160.7,166.7,158.5,162.0
SEALER-0022,862,14:22,146.5,158.0,160.7,162.5,148.6,161.2,161.2,153.5,160.1,166.3,159.4,161.5
SEALER-0022,863,14:23,145.6,157.0,161.2,164.0,148.3,160.8,162.6,153.4,160.7,167.4,158.9,162.3
SEALER-0022,864,14:24,147.4,158.0,161.0,162.9,149.1,161.3,161.7,152.6,159.6,167.2,159.6,161.5
SEALER-0022,865,14:25,146.5,158.1,160.1,163.5,148.3,161.1,161.7,153.1,161.7,167.4,158.8,161.6
SEALER-0022,866,14:26,146.5,157.5,160.9,163.2,148.7,160.8,161.5,153.4,161.0,168.0,157.7,162.3
SEALER-0022,867,14:27,147.1,157.9,160.7,163.3,149.8,161.8,161.7,153.7,160.6,166.9,159.8,162.5
SEALER-0022,868,14:28,146.7,158.3,161.8,163.1,150.0,161.3,162.1,152.8,160.7,167.2,159.0,162.5
SEALER-0022,869,14:29,147.8,158.0,161.1,163.3,148.3,160.3,162.7,153.5,161.2,168.0,159.3,162.1
SEALER-0022,870,14:30,147.3,158.6,161.2,163.4,149.4,161.7,162.7,153.4,161.6,167.2,159.3,161.8
SEALER-0022,871,14:31,146.2,158.7,161.5,163.3,149.2,161.3,162.3,153.3,160.9,167.9,159.7,162.2
SEALER-0022,872,14:32,147.1,158.2,161.1,162.8,149.1,161.9,161.8,153.6,160.2,167.1,159.2,162.0
SEALER-0022,873,14:33,147.7,158.6,160.5,162.6,149.4,160.9,162.6,153.3,161.1,168.6,160.2,162.5
SEALER-0022,874,14:34,148.3,158.0,160.6,163.0,149.8,160.8,163.0,153.6,161.2,167.6,159.7,162.9
SEALER-0022,875,14:35,147.5,158.9,161.4,164.8,149.8,162.1,162.4,155.2,160.9,168.7,159.2,162.5
SEALER-0022,876,14:36,148.0,158.5,160.9,163.4,149.9,162.3,163.2,154.0,160.7,167.3,159.8,162.9
SEALER-0022,877,14:37,146.8,157.3,160.7,164.0,149.7,162.7,162.7,154.0,161.9,168.0,159.4,163.0
SEALER-0022,878,14:38,147.0,158.5,161.2,163.0,148.9,161.6,162.9,154.1,160.9,167.8,159.4,163.1
SEALER-0022,879,14:39,148.1,159.3,161.7,164.5,150.0,162.2,162.8,154.6,160.8,168.5,160.1,163.6
SEALER-0022,880,14:40,148.0,158.2,161.6,164.2,149.7,163.0,164.1,153.5,160.9,168.3,159.3,164.0
SEALER-0022,881,14:41,147.3,158.6,161.4,164.0,149.8,161.6,162.6,154.2,162.6,168.9,160.1,163.2
SEALER-0022,882,14:42,148.1,158.4,161.5,164.7,149.9,162.6,163.4,153.9,161.9,168.5,160.0,162.8
SEALER-0022,883,14:43,147.3,159.2,161.3,163.9,150.4,162.0,163.3,155.0,161.8,168.8,159.1,163.3
SEALER-0022,884,14:44,148.3,159.2,162.0,164.8,150.4,161.2,163.4,154.6,161.6,168.8,159.5,163.3
SEALER-0022,885,14:45,148.7,159.8,161.6,164.4,150.2,162.8,163.5,154.3,161.7,167.6,160.2,164.0
SEALER-0022,886,14:46,146.4,160.1,162.1,164.1,151.1,162.0,162.8,154.8,161.4,167.5,160.5,163.9
SEALER-0022,887,14:47,147.8,158.9,163.1,165.0,151.3,162.0,163.4,154.6,161.6,168.2,159.6,163.4
SEALER-0022,888,14:48,148.8,159.2,162.9,163.9,150.4,161.5,163.8,154.8,162.5,169.0,161.1,163.2
SEALER-0022,889,14:49,148.7,159.5,161.9,163.9,150.6,162.9,163.7,154.5,162.1,168.6,160.8,163.6
SEALER-0022,890,14:50,148.5,158.9,162.5,164.7,150.2,163.2,163.6,155.0,162.2,168.8,160.3,163.3
SEALER-0022,891,14:51,148.4,158.8,162.2,165.5,151.4,163.2,164.1,154.1,162.6,168.7,161.1,163.9
SEALER-0022,892,14:52,148.0,159.5,162.9,164.9,150.9,162.6,163.9,155.2,161.9,168.8,160.8,164.3
SEALER-0022,893,14:53,149.3,160.2,162.5,164.2,150.4,162.9,163.9,155.3,161.2,169.3,160.1,163.3
SEALER-0022,894,14:54,149.2,160.7,162.9,165.1,151.5,163.6,163.5,155.1,162.2,169.3,161.3,163.6
SEALER-0022,895,14:55,149.0,160.2,162.6,165.1,151.8,163.5,164.2,154.8,162.9,169.4,161.0,165.2
SEALER-0022,896,14:56,149.2,159.2,163.1,164.3,152.1,163.0,164.4,154.6,162.4,169.8,161.0,164.3
SEALER-0022,897,14:57,149.1,160.3,162.4,164.7,151.1,163.0,163.6,155.7,162.7,169.2,160.9,163.3
SEALER-0022,898,14:58,148.2,160.2,162.2,165.7,150.3,163.8,164.1,156.0,162.1,168.8,161.2,164.9
SEALER-0022,899,14:59,149.4,159.2,164.0,165.4,151.1,164.0,164.0,155.1,162.1,169.0,161.6,163.8
SEALER-0022,900,15:00,149.5,159.9,162.6,165.8,150.5,163.7,163.7,155.1,162.3,169.8,161.3,164.8
SEALER-0022,901,15:01,149.9,160.0,163.5,165.0,150.4,164.1,164.2,155.7,162.2,170.0,161.6,164.6
SEALER-0022,902,15:02,149.7,160.5,163.5,165.1,151.8,162.9,163.9,155.7,162.4,168.5,162.1,164.5
SEALER-0022,903,15:03,149.8,161.3,163.7,164.8,151.0,163.5,165.2,155.6,164.0,171.1,161.6,164.4
SEALER-0022,904,15:04,149.7,160.8,163.1,165.7,150.2,163.5,164.4,154.8,162.6,169.3,161.4,165.3
SEALER-0022,905,15:05,149.6,160.7,163.2,165.0,152.0,164.1,164.7,156.5,162.9,169.8,161.2,164.0
SEALER-0022,906,15:06,148.4,159.7,163.2,164.3,152.0,164.1,164.3,155.7,163.8,170.1,161.7,163.8
SEALER-0022,907,15:07,148.7,160.7,162.7,166.1,151.2,164.2,165.1,155.5,162.9,169.5,162.4,165.0
SEALER-0022,908,15:08,148.8,160.7,163.8,165.4,151.3,164.5,165.4,155.5,162.9,169.8,161.4,165.0
SEALER-0022,909,15:09,149.8,160.9,163.2,166.1,150.9,164.1,164.7,156.2,163.2,170.2,161.6,165.3
SEALER-0022,910,15:10,149.3,160.1,164.2,164.7,152.4,164.1,165.7,156.4,163.4,170.0,161.9,164.2
SEALER-0022,911,15:11,150.3,160.9,163.7,166.1,151.3,163.8,165.3,156.4,162.9,171.1,162.1,165.8
SEALER-0022,912,15:12,149.8,160.9,164.2,165.9,152.0,163.9,165.0,156.7,164.1,170.0,161.4,164.4
SEALER-0022,913,15:13,149.6,161.0,163.3,166.1,152.2,164.1,164.8,155.8,163.5,171.3,161.1,164.6
SEALER-0022,914,15:14,149.6,161.3,163.5,166.1,151.5,164.2,165.4,157.1,164.1,170.5,162.3,164.5
SEALER-0022,915,15:15,149.1,161.5,164.1,166.0,151.1,164.7,165.6,155.7,163.5,169.5,162.5,165.6
SEALER-0022,916,15:16,149.9,161.8,164.0,167.0,152.7,164.8,166.1,156.3,164.6,171.8,162.4,166.8
SEALER-0022,917,15:17,150.1,161.6,163.1,166.0,152.3,164.3,165.6,156.1,163.8,171.2,161.2,165.2
SEALER-0022,918,15:18,149.7,161.5,164.8,166.1,152.0,164.4,165.7,157.2,163.9,170.9,162.3,166.2
SEALER-0022,919,15:19,150.1,160.7,163.2,166.6,151.6,163.3,166.4,156.7,163.8,171.0,161.8,165.8
SEALER-0022,920,15:20,149.8,161.4,163.2,166.0,152.8,164.7,165.6,156.9,163.5,171.1,162.7,164.6
SEALER-0022,921,15:21,149.9,161.9,163.5,166.3,151.3,164.4,165.0,156.8,163.3,172.3,162.5,166.4
SEALER-0022,922,15:22,150.3,162.0,164.9,166.1,152.5,165.3,165.7,157.0,163.7,169.7,162.3,164.8
SEALER-0022,923,15:23,150.6,161.8,163.4,167.0,153.0,164.9,165.9,157.1,164.5,171.7,162.7,164.4
SEALER-0022,924,15:24,150.2,161.8,164.9,166.7,152.4,164.9,166.7,157.2,163.5,170.5,162.3,166.8
SEALER-0022,925,15:25,150.3,162.4,164.3,166.7,152.1,165.5,167.2,156.9,163.6,171.7,163.6,166.1
SEALER-0022,926,15:26,150.8,161.8,164.4,166.5,152.8,165.6,165.5,157.3,164.4,170.8,163.4,165.8
SEALER-0022,927,15:27,150.5,161.2,164.5,167.2,153.3,165.5,167.0,157.6,164.5,169.9,162.0,165.3
SEALER-0022,928,15:28,150.7,161.2,164.1,166.5,152.1,164.9,165.5,157.6,164.7,171.7,162.2,166.3
SEALER-0022,929,15:29,150.6,161.8,164.7,169.3,152.8,166.1,165.6,157.8,165.8,169.5,163.1,166.9
SEALER-0022,930,15:30,150.7,162.9,165.0,165.0,153.5,164.9,167.0,158.0,164.7,168.6,162.4,165.8
SEALER-0022,931,15:31,151.9,161.7,164.0,167.0,153.7,165.5,165.8,158.0,164.3,171.7,163.1,165.5
SEALER-0022,932,15:32,150.7,162.2,163.3,167.3,153.5,166.0,166.8,156.9,165.2,171.7,162.6,166.2
SEALER-0022,933,15:33,150.7,162.9,164.5,165.6,152.6,166.5,166.6,157.8,163.9,170.9,164.4,166.5
SEALER-0022,934,15:34,151.3,162.3,162.8,166.3,153.1,166.6,166.2,157.2,164.7,169.6,163.4,166.5
SEALER-0022,935,15:35,151.2,162.2,163.4,166.1,153.2,165.1,166.4,157.9,164.7,170.2,164.9,165.8
SEALER-0022,936,15:36,150.8,160.5,163.6,167.8,153.0,165.7,166.7,157.8,165.1,170.5,163.4,165.4
SEALER-0022,937,15:37,151.3,161.8,165.2,166.8,153.3,166.1,166.8,157.1,165.4,170.6,165.1,165.6
SEALER-0022,938,15:38,150.3,162.7,164.0,167.0,153.2,166.8,166.9,157.6,161.8,171.1,162.2,166.3
SEALER-0022,939,15:39,152.2,160.9,165.1,167.5,153.7,166.8,167.0,158.4,163.6,170.4,161.7,166.7
SEALER-0022,940,15:40,151.7,161.4,165.1,166.7,153.7,165.2,167.0,157.8,164.2,169.9,163.2,167.1
SEALER-0022,941,15:41,150.5,161.8,165.1,166.9,153.1,165.4,166.7,157.6,164.0,171.3,162.4,167.7
SEALER-0022,942,15:42,151.6,162.1,165.4,168.0,153.6,166.9,167.3,159.0,163.5,171.1,164.2,166.8
SEALER-0022,943,15:43,150.6,161.0,163.7,165.8,153.8,165.9,167.2,158.7,165.5,169.8,162.7,166.8
SEALER-0022,944,15:44,152.4,163.3,166.0,167.5,153.3,166.0,167.6,157.0,164.6,170.3,162.1,167.1
SEALER-0022,945,15:45,151.2,161.8,164.2,167.5,153.9,165.8,167.5,158.9,166.0,170.8,162.5,168.0
SEALER-0022,946,15:46,152.5,161.8,164.4,165.6,153.5,166.2,167.4,157.9,163.0,169.8,163.4,165.8
SEALER-0022,947,15:47,150.9,161.5,165.2,167.1,153.7,166.9,167.0,158.7,164.4,170.4,163.2,167.2
SEALER-0022,948,15:48,153.3,163.3,166.5,168.0,153.8,166.7,167.1,158.4,164.6,170.0,162.6,166.5
SEALER-0022,949,15:49,153.3,161.3,163.7,167.2,154.0,166.4,166.8,158.9,165.4,169.9,163.9,167.2
SEALER-0022,950,15:50,150.0,163.0,165.4,166.8,153.7,166.9,167.4,159.2,164.5,171.8,162.1,168.7
SEALER-0022,951,15:51,151.7,161.5,163.2,165.0,154.9,166.7,167.7,158.9,164.3,171.4,163.6,167.0
SEALER-0022,952,15:52,151.7,162.9,165.2,167.9,154.6,166.6,166.8,158.7,164.6,170.8,162.6,166.5
SEALER-0022,953,15:53,151.4,161.1,164.2,165.5,153.7,166.5,167.7,159.3,165.3,170.8,163.1,168.0
SEALER-0022,954,15:54,153.0,163.3,164.9,166.5,154.2,166.8,168.2,159.4,164.6,171.2,162.3,166.4
SEALER-0022,955,15:55,151.7,162.3,164.7,167.2,154.6,166.7,166.8,159.6,163.6,171.4,164.3,168.4
SEALER-0022,956,15:56,151.0,161.0,164.5,167.8,154.0,167.0,168.2,160.1,165.7,171.3,163.3,167.2
SEALER-0022,957,15:57,149.4,162.8,164.6,166.5,154.2,166.8,168.0,160.2,162.8,170.4,163.7,167.6
SEALER-0022,958,15:58,153.6,162.4,163.0,166.7,155.0,167.3,168.2,159.7,162.9,169.9,162.9,165.6
SEALER-0022,959,15:59,150.3,162.4,164.1,167.2,153.7,166.6,167.9,158.8,165.3,170.7,163.9,167.9
SEALER-0022,960,16:00,154.2,161.4,164.0,166.2,153.2,167.2,167.6,158.2,163.0,169.5,162.8,168.0
SEALER-0022,961,16:01,150.9,160.2,163.8,167.3,154.8,167.4,168.6,159.2,163.9,171.9,163.1,166.5
SEALER-0022,962,16:02,151.7,163.0,164.7,167.7,153.9,168.0,167.8,160.2,164.8,171.0,164.0,167.0
SEALER-0022,963,16:03,152.2,162.9,162.3,166.0,153.3,168.1,168.9,158.5,163.0,171.5,163.0,167.1
SEALER-0022,964,16:04,153.4,161.7,164.3,165.8,155.4,168.5,168.3,159.7,163.7,172.4,163.8,167.5
SEALER-0022,965,16:05,151.9,161.7,165.2,166.1,155.3,169.0,168.7,157.1,165.7,170.9,163.5,167.4
SEALER-0022,966,16:06,152.5,162.1,164.1,166.1,152.6,168.1,166.8,158.6,164.1,171.4,162.8,167.1
SEALER-0022,967,16:07,152.4,162.6,163.2,167.1,154.7,168.5,167.8,158.2,165.2,172.0,162.3,167.1
SEALER-0022,968,16:08,151.8,162.0,163.1,166.5,155.1,166.4,167.7,158.6,163.9,171.3,163.8,166.8
SEALER-0022,969,16:09,153.7,161.3,165.1,167.2,154.6,166.4,169.3,157.5,165.6,170.4,163.3,166.9
SEALER-0022,970,16:10,151.6,161.8,164.0,165.8,152.9,168.7,167.9,160.5,162.7,171.6,162.6,167.3
SEALER-0022,971,16:11,150.8,161.8,163.5,167.5,154.5,167.3,169.3,158.9,164.3,171.9,164.2,166.7
SEALER-0022,972,16:12,152.8,160.8,162.3,167.6,155.0,166.3,166.9,160.6,165.7,169.7,162.6,168.0
SEALER-0022,973,16:13,151.9,163.1,164.8,168.5,155.3,167.2,169.0,161.1,163.0,171.9,164.6,167.2
SEALER-0022,974,16:14,151.3,161.2,164.2,165.3,155.0,165.9,169.2,160.5,164.1,170.6,162.7,169.0
SEALER-0022,975,16:15,150.6,162.0,165.4,166.7,153.8,167.2,168.3,160.3,163.8,170.3,163.3,168.1
SEALER-0022,976,16:16,152.8,162.5,164.1,168.0,154.2,167.1,168.9,159.0,165.4,171.3,163.2,167.2
SEALER-0022,977,16:17,152.5,162.6,163.6,167.1,154.7,167.1,167.9,159.4,164.6,170.0,163.5,167.9
SEALER-0022,978,16:18,150.8,162.6,163.9,165.5,154.1,167.4,168.3,159.5,163.9,169.6,162.3,165.6
SEALER-0022,979,16:19,151.2,162.3,164.6,166.6,154.6,166.5,168.3,159.8,166.1,171.1,163.9,166.3
SEALER-0022,980,16:20,150.1,161.8,164.0,166.7,155.0,167.7,166.8,159.1,164.2,171.3,163.5,168.3
SEALER-0022,981,16:21,150.4,161.7,165.2,164.6,153.2,167.5,168.3,158.1,162.6,171.5,163.8,167.6
SEALER-0022,982,16:22,149.4,162.8,165.6,166.0,154.4,168.5,169.3,156.7,162.0,170.2,162.8,165.9
SEALER-0022,983,16:23,152.0,164.1,164.9,166.9,153.7,167.9,167.9,159.1,164.5,171.4,162.7,167.8
SEALER-0022,984,16:24,153.1,161.6,163.1,166.6,153.6,166.5,168.2,159.6,164.4,170.2,162.2,167.7
SEALER-0022,985,16:25,151.3,162.6,164.7,167.6,156.3,166.5,167.6,158.4,164.0,170.7,162.7,166.8
SEALER-0022,986,16:26,151.8,162.8,162.4,167.5,153.8,166.3,167.9,158.2,165.1,169.3,163.3,168.0
SEALER-0022,987,16:27,153.3,163.3,164.5,168.5,154.8,168.5,169.7,159.6,163.8,170.0,162.5,166.5
SEALER-0022,988,16:28,150.6,162.4,164.1,166.4,154.6,168.4,167.4,157.8,164.6,172.9,162.6,168.5
SEALER-0022,989,16:29,152.2,161.1,165.8,165.7,154.4,167.0,168.1,159.3,163.6,172.6,164.0,169.3
SEALER-0022,990,16:30,151.0,161.4,163.9,167.1,153.4,167.1,168.0,156.9,165.0,169.7,164.0,167.5
SEALER-0022,991,16:31,151.1,163.2,163.4,167.3,155.1,168.4,167.2,157.9,165.5,171.5,162.1,167.6
SEALER-0022,992,16:32,151.0,160.3,164.3,168.7,155.4,168.2,167.9,158.9,163.9,169.8,164.7,168.1
SEALER-0022,993,16:33,151.0,161.0,163.8,167.3,155.6,168.6,168.2,159.5,163.7,171.8,162.8,167.7
SEALER-0022,994,16:34,152.7,163.5,164.4,167.2,154.0,168.5,168.5,159.2,164.9,169.6,163.2,166.7
SEALER-0022,995,16:35,151.0,162.8,163.0,165.8,155.9,167.7,168.5,160.3,164.3,171.0,162.0,167.7
SEALER-0022,996,16:36,151.8,162.5,166.0,165.7,153.2,167.9,170.2,158.7,164.5,169.4,161.8,165.7
SEALER-0022,997,16:37,151.5,161.2,164.2,167.0,153.5,167.4,167.8,160.4,164.4,170.7,164.4,167.1
SEALER-0022,998,16:38,149.9,161.6,164.4,167.1,154.4,167.0,168.3,160.1,164.0,170.6,163.7,166.7
SEALER-0022,999,16:39,151.4,161.2,164.0,166.0,155.8,167.1,169.4,158.9,163.7,170.6,161.4,166.6
SEALER-0022,1000,16:40,151.7,161.3,164.9,167.1,153.3,167.5,167.5,158.6,163.4,171.4,163.6,166.5
SEALER-0022,1001,16:41,152.5,161.9,164.3,165.8,155.6,166.7,168.3,158.8,163.8,172.0,164.3,168.9
SEALER-0022,1002,16:42,152.5,160.3,164.3,165.9,153.4,167.3,168.2,159.7,166.5,169.5,163.6,167.6
SEALER-0022,1003,16:43,151.6,161.8,165.0,166.4,153.3,166.9,168.2,158.5,164.1,171.5,163.1,168.3
SEALER-0022,1004,16:44,151.7,161.6,163.9,165.6,154.6,167.3,168.6,160.1,164.3,173.0,163.5,168.4
SEALER-0022,1005,16:45,150.4,162.2,164.5,166.4,154.1,168.1,168.1,158.0,164.4,171.1,163.0,166.2
SEALER-0022,1006,16:46,151.8,161.2,164.7,164.7,154.5,168.3,169.8,158.9,162.9,171.6,163.8,166.9
SEALER-0022,1007,16:47,152.5,161.5,164.8,166.4,154.3,168.5,166.9,157.8,164.9,169.7,161.6,167.0
SEALER-0022,1008,16:48,149.9,163.0,164.4,167.1,154.2,167.4,168.0,159.0,164.2,170.7,163.1,166.7
SEALER-0022,1009,16:49,150.8,162.4,163.8,165.9,153.8,169.3,168.8,159.7,165.2,171.2,164.7,165.4
SEALER-0022,1010,16:50,151.7,161.4,164.4,167.1,154.3,166.5,167.0,159.9,163.5,170.0,163.9,168.1
SEALER-0022,1011,16:51,152.0,162.9,164.1,167.8,154.5,165.8,169.5,159.3,164.8,170.0,163.8,167.8
SEALER-0022,1012,16:52,151.3,163.2,163.4,165.1,155.0,168.1,170.6,157.8,165.4,168.9,163.7,167.0
SEALER-0022,1013,16:53,152.3,162.2,164.0,165.3,155.8,168.4,166.6,159.2,164.0,170.1,163.5,167.2
SEALER-0022,1014,16:54,150.9,160.5,164.7,166.1,153.7,168.6,168.0,157.8,164.6,170.1,163.5,166.0
SEALER-0022,1015,16:55,152.6,161.6,164.5,167.3,154.3,167.0,169.1,159.1,164.5,169.9,163.3,168.1
SEALER-0022,1016,16:56,151.7,160.4,165.1,166.8,152.9,168.3,167.8,159.1,164.2,170.9,162.7,168.1
SEALER-0022,1017,16:57,152.0,161.1,163.5,166.9,153.7,166.8,168.6,160.0,162.9,170.8,162.3,166.6
SEALER-0022,1018,16:58,150.9,161.9,163.8,167.4,155.0,166.1,168.3,159.5,162.1,171.4,162.7,167.4
SEALER-0022,1019,16:59,152.0,162.9,163.0,166.6,154.7,167.5,168.4,159.7,165.2,171.4,162.6,166.7
SEALER-0022,1020,17:00,152.5,162.2,164.6,165.5,153.4,166.8,167.1,159.2,165.7,170.3,163.4,166.6
SEALER-0022,1021,17:01,150.5,160.3,164.3,166.3,155.3,167.2,167.8,159.9,165.3,172.3,163.5,166.2
SEALER-0022,1022,17:02,151.1,162.7,165.7,165.8,154.6,168.2,170.4,159.3,164.5,171.2,162.4,167.3
SEALER-0022,1023,17:03,151.4,163.6,164.9,165.5,153.7,167.2,168.9,157.9,164.0,169.1,163.0,167.1
SEALER-0022,1024,17:04,149.6,161.6,163.9,166.7,154.6,166.7,167.5,159.6,164.9,171.0,162.6,167.3
SEALER-0022,1025,17:05,152.2,161.7,163.2,167.2,155.5,167.7,167.6,159.0,163.2,170.3,162.1,167.2
SEALER-0022,1026,17:06,153.1,160.5,164.1,165.7,154.7,167.7,168.9,158.8,164.0,171.8,163.8,167.8
SEALER-0022,1027,17:07,152.7,163.5,164.3,165.8,156.1,168.7,167.1,159.9,164.6,170.1,163.2,166.9
SEALER-0022,1028,17:08,153.1,160.4,162.6,166.4,154.6,167.3,168.4,159.0,164.3,169.6,162.6,167.5
SEALER-0022,1029,17:09,152.5,160.9,165.4,166.2,155.7,167.4,168.0,158.9,164.6,172.2,161.6,167.3
SEALER-0022,1030,17:10,151.7,162.1,162.5,167.7,155.6,168.8,169.5,159.2,163.8,169.3,163.9,167.1
SEALER-0022,1031,17:11,151.5,160.7,165.0,167.8,155.3,166.9,169.4,158.1,166.0,170.9,162.0,167.3
SEALER-0022,1032,17:12,152.6,161.8,163.4,168.2,154.7,167.7,168.1,157.6,164.4,170.9,163.9,167.0
SEALER-0022,1033,17:13,151.5,161.8,164.5,165.3,154.7,167.5,168.1,159.2,165.1,171.6,162.4,168.8
SEALER-0022,1034,17:14,150.3,160.9,163.4,167.8,154.5,166.7,168.1,158.8,164.7,171.4,162.0,168.5
SEALER-0022,1035,17:15,152.2,161.5,164.8,167.8,153.9,167.6,168.6,159.1,163.1,170.4,160.7,166.8
SEALER-0022,1036,17:16,151.4,162.8,165.1,167.2,154.6,167.8,168.4,160.0,164.5,171.6,163.4,168.0
SEALER-0022,1037,17:17,151.3,161.7,164.5,167.9,152.8,166.7,168.1,158.1,165.0,170.9,163.3,168.2
SEALER-0022,1038,17:18,152.6,161.7,163.6,166.5,155.6,166.2,168.6,160.9,165.1,171.9,164.4,166.1
SEALER-0022,1039,17:19,151.0,162.4,163.9,166.7,155.5,167.9,168.1,158.2,164.9,170.7,163.6,165.7
SEALER-0022,1040,17:20,150.5,163.2,162.9,166.6,156.0,167.4,167.5,158.5,164.9,169.2,163.8,167.2
SEALER-0022,1041,17:21,152.1,161.3,165.1,167.4,155.6,168.4,167.1,158.1,165.3,170.9,162.8,167.1
SEALER-0022,1042,17:22,150.7,162.3,164.1,166.8,154.1,166.8,168.2,157.7,164.7,171.5,162.1,167.5
SEALER-0022,1043,17:23,151.4,162.4,164.4,166.1,155.2,168.0,166.9,159.9,164.6,171.0,162.6,167.5
SEALER-0022,1044,17:24,151.5,162.4,164.1,167.4,152.6,165.8,168.7,158.6,163.7,171.9,163.7,168.5
SEALER-0022,1045,17:25,151.6,161.7,163.9,168.0,152.8,167.3,168.6,160.0,165.0,171.9,163.5,166.0
SEALER-0022,1046,17:26,150.6,162.2,165.0,166.8,154.8,167.8,166.6,158.9,165.1,169.8,162.7,166.9
SEALER-0022,1047,17:27,151.2,161.0,165.7,167.6,154.0,168.5,168.7,159.1,163.7,170.3,164.6,168.1
SEALER-0022,1048,17:28,152.0,162.6,163.6,167.8,155.2,167.9,168.7,158.6,163.9,172.4,163.9,166.5
SEALER-0022,1049,17:29,151.3,162.2,165.7,166.3,154.4,168.2,168.5,159.6,164.2,170.9,163.0,167.3
SEALER-0022,1050,17:30,152.0,160.6,163.9,166.8,153.6,167.7,169.1,158.4,165.2,169.3,162.5,166.8
SEALER-0022,1051,17:31,152.4,160.4,164.6,166.3,155.1,166.4,169.3,159.0,162.9,169.3,164.8,166.1
SEALER-0022,1052,17:32,151.7,161.7,163.9,167.0,155.7,167.3,170.0,158.0,163.2,169.3,165.7,166.9
SEALER-0022,1053,17:33,152.1,161.8,165.2,165.9,155.8,167.8,168.2,159.0,164.0,171.2,164.0,167.8
SEALER-0022,1054,17:34,151.5,162.3,163.9,166.4,153.8,168.1,169.0,158.0,165.4,170.7,162.7,166.7
SEALER-0022,1055,17:35,151.6,161.9,164.7,166.6,154.9,165.3,167.9,158.0,163.9,170.1,163.5,167.8
SEALER-0022,1056,17:36,150.5,161.5,164.3,167.9,154.2,167.9,169.1,159.7,163.0,172.5,163.3,168.1
SEALER-0022,1057,17:37,150.4,162.5,165.6,165.6,154.6,166.7,169.0,158.0,165.2,170.4,162.4,166.8
SEALER-0022,1058,17:38,151.5,161.3,164.6,166.9,154.3,167.5,169.1,160.5,163.8,172.2,163.6,166.7
SEALER-0022,1059,17:39,153.4,164.1,164.1,167.3,156.2,166.5,168.4,158.7,163.1,170.7,163.1,167.2
SEALER-0022,1060,17:40,150.9,162.0,165.2,168.2,154.4,166.5,168.8,159.1,164.9,171.9,161.7,165.7
SEALER-0022,1061,17:41,150.4,161.5,164.2,166.1,156.1,167.5,168.5,158.6,165.4,170.8,162.9,166.2
SEALER-0022,1062,17:42,150.5,162.3,164.7,166.1,154.0,167.5,169.8,160.6,165.6,169.2,164.2,167.3
SEALER-0022,1063,17:43,151.3,161.2,164.7,165.5,155.4,167.6,166.9,158.8,164.8,171.4,162.6,168.5
SEALER-0022,1064,17:44,153.0,161.7,165.1,166.1,155.6,168.6,168.2,159.4,163.2,171.1,163.3,168.1
SEALER-0022,1065,17:45,151.3,164.0,166.0,166.1,154.1,167.3,168.5,159.3,165.1,170.7,164.8,166.9
SEALER-0022,1066,17:46,151.0,161.1,164.1,166.6,153.9,167.2,167.5,159.5,164.4,172.5,162.8,167.0
SEALER-0022,1067,17:47,151.4,162.9,165.6,166.5,154.9,169.7,167.1,158.2,165.3,171.3,161.8,167.1
SEALER-0022,1068,17:48,151.3,162.1,164.2,166.6,153.9,167.0,168.8,160.6,163.1,170.1,163.4,166.1
SEALER-0022,1069,17:49,153.3,162.1,163.9,166.2,154.1,166.2,168.4,160.0,165.0,170.5,162.4,168.2
SEALER-0022,1070,17:50,153.6,162.4,164.6,167.2,154.5,169.6,168.8,158.1,164.5,172.4,163.5,168.1
SEALER-0022,1071,17:51,151.2,163.0,164.5,165.6,155.6,168.7,168.3,160.4,165.3,170.1,163.5,168.0
SEALER-0022,1072,17:52,152.6,161.5,164.2,166.5,153.8,167.4,169.9,159.7,163.8,170.8,162.5,166.3
SEALER-0022,1073,17:53,151.6,161.3,165.3,166.4,152.9,168.6,168.5,159.9,167.0,172.2,164.1,167.2
SEALER-0022,1074,17:54,151.6,161.3,165.7,168.6,154.5,167.9,167.8,159.5,163.4,170.5,164.4,168.2
SEALER-0022,1075,17:55,152.7,162.5,164.1,166.6,154.9,168.2,168.3,158.7,162.9,171.3,163.9,165.8
SEALER-0022,1076,17:56,151.8,161.1,163.9,167.1,154.8,168.7,167.6,159.0,165.6,170.7,163.8,167.2
SEALER-0022,1077,17:57,150.9,160.8,162.3,166.2,154.6,168.3,168.7,159.3,163.5,171.9,164.1,167.2
SEALER-0022,1078,17:58,152.4,163.6,163.1,166.8,155.0,167.3,167.0,158.6,163.1,172.7,163.4,166.1
SEALER-0022,1079,17:59,151.3,163.9,162.6,166.8,152.9,168.1,168.2,156.8,166.2,171.6,162.9,168.5
SEALER-0022,1080,18:00,151.4,162.0,165.5,167.5,153.6,166.9,166.9,159.7,164.5,171.7,162.4,166.1
SEALER-0022,1081,18:01,152.0,162.5,163.8,166.0,154.1,169.1,169.5,159.1,163.7,171.5,163.2,167.8
SEALER-0022,1082,18:02,151.3,161.0,166.6,167.0,153.0,167.7,167.7,157.7,163.4,171.5,163.6,167.7
SEALER-0022,1083,18:03,152.1,160.8,166.8,166.5,155.4,168.6,167.6,158.6,165.7,170.5,163.5,167.3
SEALER-0022,1084,18:04,152.8,161.4,165.3,167.1,154.5,166.0,168.3,160.0,164.2,169.7,164.0,168.2
SEALER-0022,1085,18:05,153.5,163.0,163.9,167.2,154.1,166.1,168.8,160.0,164.6,171.7,163.0,167.2
SEALER-0022,1086,18:06,152.3,161.7,164.9,166.3,155.6,167.3,168.1,159.7,164.8,171.5,163.2,167.1
SEALER-0022,1087,18:07,151.4,161.4,162.9,165.3,155.1,168.9,167.9,158.1,164.7,171.6,163.2,166.8
SEALER-0022,1088,18:08,151.9,161.2,165.7,167.1,154.5,169.2,168.4,157.7,164.8,170.8,162.1,167.8
SEALER-0022,1089,18:09,151.5,161.7,163.9,166.1,155.0,166.9,169.7,158.4,164.6,170.5,163.5,167.5
SEALER-0022,1090,18:10,151.3,161.1,165.1,167.0,153.9,170.2,168.7,160.4,163.6,169.3,162.7,167.8
SEALER-0022,1091,18:11,152.7,162.9,164.0,166.0,154.9,167.8,168.7,159.3,164.0,170.4,163.2,166.8
SEALER-0022,1092,18:12,151.3,162.5,162.7,165.8,155.2,167.5,166.5,157.7,164.9,172.0,163.1,166.7
SEALER-0022,1093,18:13,151.4,162.1,164.2,166.8,154.9,168.2,167.0,159.4,163.9,169.9,163.2,167.5
SEALER-0022,1094,18:14,150.2,161.0,164.8,166.6,153.4,167.0,169.3,159.2,165.3,171.9,163.0,167.2
SEALER-0022,1095,18:15,152.3,161.9,165.3,167.1,153.4,168.2,168.6,158.1,164.3,169.8,163.1,167.5
SEALER-0022,1096,18:16,151.2,161.9,165.0,166.0,154.8,167.2,169.1,158.5,162.5,170.2,163.2,168.8
SEALER-0022,1097,18:17,152.0,161.6,164.5,166.5,154.5,168.8,167.6,158.6,163.9,171.1,161.2,167.6
SEALER-0022,1098,18:18,151.0,161.0,164.4,166.1,153.4,167.4,167.3,158.3,165.0,170.9,161.9,165.9
SEALER-0022,1099,18:19,151.8,161.8,163.2,165.8,155.6,169.3,168.6,159.7,163.1,170.8,163.8,168.4
SEALER-0022,1100,18:20,151.5,161.5,165.0,167.5,155.3,168.5,169.5,158.2,163.1,169.8,162.8,167.0
SEALER-0022,1101,18:21,152.6,162.9,165.4,166.9,154.5,167.9,170.5,160.6,163.2,170.3,163.3,166.9
SEALER-0022,1102,18:22,151.5,162.0,164.0,166.8,152.9,167.8,169.9,159.5,164.8,170.5,162.9,166.3
SEALER-0022,1103,18:23,150.7,162.3,164.4,168.1,154.2,168.8,167.4,159.5,164.4,171.0,162.6,167.8
SEALER-0022,1104,18:24,153.2,162.3,164.2,168.8,155.0,166.8,169.4,159.1,165.0,171.8,163.6,166.8
SEALER-0022,1105,18:25,151.9,161.5,164.3,166.0,153.3,167.2,166.6,158.7,165.2,170.1,163.0,166.4
SEALER-0022,1106,18:26,152.5,161.9,163.2,165.1,154.0,166.5,168.5,158.8,163.8,171.3,163.6,168.6
SEALER-0022,1107,18:27,151.2,161.6,162.3,166.2,153.7,168.2,170.1,160.8,163.6,171.5,166.1,169.7
SEALER-0022,1108,18:28,151.4,162.5,163.3,167.2,155.7,167.2,167.3,159.8,165.3,170.2,162.8,168.4
SEALER-0022,1109,18:29,152.2,163.0,164.0,166.2,155.8,167.2,169.0,158.1,163.8,171.8,163.4,169.1
SEALER-0022,1110,18:30,150.3,161.7,164.8,166.7,155.7,168.4,168.7,158.9,164.0,171.6,164.9,166.6
SEALER-0022,1111,18:31,151.4,163.4,164.3,167.5,154.3,168.0,168.6,158.5,164.0,171.2,163.8,168.0
SEALER-0022,1112,18:32,152.5,160.5,164.7,166.1,156.6,169.2,168.3,157.9,164.9,171.6,164.3,167.8
SEALER-0022,1113,18:33,151.2,162.1,162.9,167.2,154.4,168.2,169.3,159.1,165.2,170.4,164.2,167.4
SEALER-0022,1114,18:34,153.1,161.1,164.5,167.2,155.5,167.2,168.5,160.4,164.0,170.1,164.4,167.1
SEALER-0022,1115,18:35,151.0,161.0,163.7,166.6,154.7,168.2,168.9,159.6,164.8,171.1,162.7,166.6
SEALER-0022,1116,18:36,151.3,163.0,164.5,165.9,154.1,169.0,168.7,158.5,165.7,170.7,162.1,166.9
SEALER-0022,1117,18:37,152.2,163.2,162.7,167.7,154.1,165.8,168.1,158.2,164.2,169.9,163.5,168.4
SEALER-0022,1118,18:38,152.5,162.5,164.0,167.7,155.2,167.8,168.3,158.7,163.0,169.1,164.9,166.7
SEALER-0022,1119,18:39,151.7,161.2,163.2,166.3,155.5,168.3,167.5,160.4,165.6,171.3,163.6,167.2
SEALER-0022,1120,18:40,150.8,160.3,163.7,168.0,153.9,168.6,167.4,158.8,162.8,169.9,163.7,168.8
SEALER-0022,1121,18:41,152.4,160.6,164.1,165.2,155.5,167.0,168.5,157.9,164.1,171.8,164.6,168.0
SEALER-0022,1122,18:42,149.7,163.1,163.9,166.7,153.9,165.7,168.1,158.9,164.8,170.3,162.5,167.5
SEALER-0022,1123,18:43,151.3,161.8,163.0,165.2,154.7,168.4,168.5,157.3,162.5,170.0,162.2,166.6
SEALER-0022,1124,18:44,152.0,161.6,164.9,167.4,155.0,168.1,167.8,157.6,164.6,171.5,162.3,167.3
SEALER-0022,1125,18:45,153.0,161.7,165.0,166.7,154.4,168.0,167.0,158.2,166.0,170.5,163.2,166.7
SEALER-0022,1126,18:46,151.5,160.5,163.2,168.4,153.9,167.8,169.2,159.3,164.5,170.9,162.4,165.9
SEALER-0022,1127,18:47,153.0,162.0,162.5,165.8,154.0,166.2,168.3,157.4,163.3,171.1,161.8,167.3
SEALER-0022,1128,18:48,150.6,161.3,164.6,165.8,155.4,167.1,168.3,158.6,164.4,170.3,164.0,166.6
SEALER-0022,1129,18:49,152.1,163.0,164.6,165.9,154.3,166.4,167.6,158.8,164.5,171.1,161.9,168.4
SEALER-0022,1130,18:50,151.9,161.2,163.1,167.6,155.8,168.4,167.8,158.7,164.0,171.1,162.7,166.6
SEALER-0022,1131,18:51,152.7,162.9,165.0,166.9,154.9,169.0,168.6,157.4,164.4,168.6,164.3,164.3
SEALER-0022,1132,18:52,152.4,162.9,164.6,167.4,154.2,167.5,169.1,159.4,164.1,170.3,162.9,167.9
SEALER-0022,1133,18:53,152.5,162.7,163.9,167.3,156.1,167.7,167.7,159.9,164.9,172.2,163.6,167.5
SEALER-0022,1134,18:54,152.5,161.8,162.5,167.1,156.0,168.2,168.9,159.4,164.7,170.8,162.2,167.4
SEALER-0022,1135,18:55,152.4,162.1,165.5,166.3,154.1,169.0,168.9,159.4,165.0,171.3,162.9,167.4
SEALER-0022,1136,18:56,150.7,160.8,164.4,168.0,155.5,168.2,169.4,159.8,163.4,170.9,162.9,168.2
SEALER-0022,1137,18:57,152.1,162.3,163.5,165.6,154.0,168.8,170.7,159.6,164.4,171.1,163.5,168.7
SEALER-0022,1138,18:58,151.0,163.5,163.8,166.9,155.2,167.9,167.1,158.9,165.1,171.6,162.7,167.4
SEALER-0022,1139,18:59,151.2,162.5,164.2,168.0,154.7,166.9,167.6,159.3,164.1,170.8,162.1,168.1
SEALER-0022,1140,19:00,151.3,161.2,163.4,166.6,155.3,169.3,169.8,159.7,165.4,171.5,164.3,166.5
SEALER-0022,1141,19:01,151.6,162.5,164.5,167.2,154.9,167.5,169.1,159.2,163.7,170.9,163.0,167.4
SEALER-0022,1142,19:02,150.7,163.1,165.5,166.8,154.7,166.9,169.0,159.6,164.7,170.2,161.8,170.1
SEALER-0022,1143,19:03,152.0,162.4,163.9,166.2,153.9,167.1,165.0,158.5,164.6,171.4,164.0,166.7
SEALER-0022,1144,19:04,151.6,162.3,164.4,167.1,153.1,167.8,168.8,158.7,163.7,170.4,163.5,168.8
SEALER-0022,1145,19:05,153.0,162.4,165.1,167.0,154.2,168.1,167.3,158.8,165.7,170.1,162.9,167.4
SEALER-0022,1146,19:06,151.1,161.6,163.2,166.6,155.4,167.4,167.1,158.4,164.1,171.3,162.7,168.1
SEALER-0022,1147,19:07,151.5,161.1,165.3,165.4,152.7,168.3,169.2,159.2,163.6,171.4,163.0,167.2
SEALER-0022,1148,19:08,152.1,162.6,164.6,167.3,155.9,166.0,168.6,160.2,165.0,171.4,161.9,168.0
SEALER-0022,1149,19:09,152.1,162.9,163.6,166.9,154.9,166.9,169.5,158.0,165.8,171.0,163.9,166.0
SEALER-0022,1150,19:10,150.3,160.7,165.6,167.1,153.8,165.8,169.3,161.4,165.1,168.7,162.2,168.4
SEALER-0022,1151,19:11,152.1,162.3,165.1,168.9,153.7,165.7,168.5,158.7,162.9,170.8,163.4,169.3
SEALER-0022,1152,19:12,151.0,162.1,164.5,167.3,155.4,167.2,167.9,157.6,164.3,171.6,163.1,166.5
SEALER-0022,1153,19:13,152.2,161.3,162.8,166.6,153.4,166.2,167.7,159.2,164.1,171.6,162.3,166.5
SEALER-0022,1154,19:14,151.4,161.4,164.0,167.4,155.4,167.1,167.3,158.7,164.0,171.8,162.5,168.0
SEALER-0022,1155,19:15,152.5,163.1,163.6,167.0,153.4,167.7,168.8,157.9,164.4,169.7,163.0,168.5
SEALER-0022,1156,19:16,151.3,161.4,163.8,167.5,153.7,166.6,168.8,159.3,163.1,170.9,162.7,167.1
SEALER-0022,1157,19:17,151.3,162.9,165.0,165.9,154.6,166.8,166.6,157.9,163.9,170.0,161.7,165.9
SEALER-0022,1158,19:18,151.4,161.1,164.0,166.1,154.2,167.7,167.0,160.9,164.1,170.2,162.0,168.3
SEALER-0022,1159,19:19,151.9,162.0,163.2,166.5,154.3,167.7,167.6,158.7,164.6,171.5,162.2,166.5
SEALER-0022,1160,19:20,151.2,162.9,164.8,166.7,154.7,167.3,168.4,159.1,164.1,170.9,162.0,168.0
SEALER-0022,1161,19:21,151.8,162.1,163.3,166.4,152.2,168.5,167.5,158.6,164.9,171.0,163.6,167.8
SEALER-0022,1162,19:22,150.9,161.9,164.4,167.1,154.0,167.6,167.5,160.7,163.9,170.2,162.8,168.0
SEALER-0022,1163,19:23,151.9,162.1,165.9,167.4,155.6,167.9,169.9,159.3,163.2,170.0,162.6,168.0
SEALER-0022,1164,19:24,151.5,161.4,163.0,167.0,154.4,166.9,167.2,159.9,164.0,170.1,162.5,167.4
SEALER-0022,1165,19:25,150.7,161.5,164.3,166.7,154.7,167.0,168.0,159.5,163.9,169.5,162.9,166.5
SEALER-0022,1166,19:26,151.7,160.7,163.1,166.7,152.8,167.0,167.2,157.7,163.9,171.4,164.0,167.9
SEALER-0022,1167,19:27,150.9,160.0,165.1,166.1,154.4,168.8,167.9,159.9,163.4,170.1,163.1,167.3
SEALER-0022,1168,19:28,152.7,162.3,164.4,165.7,154.6,166.6,167.2,157.9,164.2,171.2,162.6,168.0
SEALER-0022,1169,19:29,152.4,162.4,163.8,165.1,154.0,168.2,166.8,159.0,164.8,169.7,162.8,167.4
SEALER-0022,1170,19:30,151.8,161.5,163.5,166.6,153.6,166.3,168.5,158.8,162.4,170.5,163.2,166.7
SEALER-0022,1171,19:31,149.8,162.1,164.2,166.4,155.6,167.0,168.9,159.4,164.8,169.6,162.6,169.4
SEALER-0022,1172,19:32,151.7,161.4,164.4,166.8,153.0,165.7,169.0,157.9,163.1,170.9,163.9,168.5
SEALER-0022,1173,19:33,152.2,161.4,165.1,167.2,152.7,167.4,168.3,159.3,164.9,170.4,163.6,168.6
SEALER-0022,1174,19:34,152.6,163.8,164.1,166.1,155.2,167.1,168.6,157.3,165.8,171.1,161.5,167.0
SEALER-0022,1175,19:35,151.6,161.8,162.6,167.6,155.2,166.9,167.3,158.1,164.2,171.8,163.3,167.8
SEALER-0022,1176,19:36,152.8,163.4,165.5,165.2,154.3,168.2,168.0,158.5,163.4,169.8,163.7,166.3
SEALER-0022,1177,19:37,151.1,162.6,164.9,167.4,154.7,167.5,168.5,159.1,163.0,170.3,163.3,167.2
SEALER-0022,1178,19:38,152.2,163.6,163.0,166.7,155.2,167.7,167.5,159.6,164.9,171.1,161.6,167.3
SEALER-0022,1179,19:39,151.6,161.8,165.6,167.6,152.6,167.8,167.1,158.6,164.7,169.1,163.6,165.9
SEALER-0022,1180,19:40,152.1,161.7,164.4,166.3,154.5,169.2,168.9,159.3,164.0,171.7,164.3,167.7
SEALER-0022,1181,19:41,151.5,163.0,165.9,166.2,153.9,167.7,167.5,158.2,163.8,171.9,163.4,166.8
SEALER-0022,1182,19:42,152.3,163.1,164.1,168.9,155.1,167.6,166.4,157.0,163.6,170.0,163.6,167.5
SEALER-0022,1183,19:43,150.1,162.9,163.5,167.9,154.9,167.5,168.9,159.5,164.8,170.5,162.1,166.5
SEALER-0022,1184,19:44,152.0,163.1,163.7,167.7,155.8,167.0,168.9,159.0,164.6,170.8,163.3,166.9
SEALER-0022,1185,19:45,151.3,161.8,164.2,167.9,154.2,167.7,168.1,156.8,163.1,169.8,162.7,166.0
SEALER-0022,1186,19:46,151.2,162.1,164.6,165.9,154.8,166.7,169.3,159.3,163.4,169.2,162.4,167.3
SEALER-0022,1187,19:47,152.2,163.1,163.2,166.0,154.1,167.5,169.2,159.2,163.1,170.9,164.8,167.6
SEALER-0022,1188,19:48,152.2,162.9,166.2,167.0,155.6,169.0,167.6,158.7,164.1,170.7,162.2,167.5
SEALER-0022,1189,19:49,150.9,161.4,165.6,168.2,155.0,168.7,169.1,159.2,164.0,170.6,163.5,168.2
SEALER-0022,1190,19:50,150.3,162.1,165.2,167.2,155.1,167.1,167.9,159.1,163.6,172.7,164.0,166.7
SEALER-0022,1191,19:51,151.2,161.6,164.8,167.0,156.3,168.5,167.0,158.5,164.5,170.6,165.4,167.9
SEALER-0022,1192,19:52,152.5,162.0,164.9,167.2,154.5,168.3,168.4,157.2,163.2,171.1,162.2,167.5
SEALER-0022,1193,19:53,151.2,161.6,166.8,166.6,154.3,166.8,167.9,159.3,164.7,171.0,164.7,166.4
SEALER-0022,1194,19:54,152.1,162.0,164.2,165.8,154.4,167.7,167.0,159.8,165.6,172.4,164.2,168.9
SEALER-0022,1195,19:55,152.2,162.4,166.1,165.7,153.1,165.4,167.6,157.3,164.3,171.3,163.7,168.0
SEALER-0022,1196,19:56,152.8,161.4,162.9,165.3,154.7,167.7,168.5,159.5,163.2,171.7,164.1,166.9
SEALER-0022,1197,19:57,149.5,161.5,165.0,167.0,154.8,167.5,167.3,159.5,165.7,170.5,163.5,167.7
SEALER-0022,1198,19:58,151.5,161.2,163.9,165.9,153.7,166.7,167.4,159.5,164.6,171.2,163.3,167.2
SEALER-0022,1199,19:59,152.0,163.3,165.4,167.6,157.0,168.1,168.3,158.3,165.0,170.6,162.9,168.1
SEALER-0022,1200,20:00,150.8,162.7,165.0,165.8,156.9,167.7,168.7,158.7,164.4,170.8,163.4,166.2
SEALER-0022,1201,20:01,150.9,160.5,163.8,167.9,155.5,168.7,168.2,159.3,163.5,170.8,164.3,168.0
SEALER-0022,1202,20:02,151.7,161.8,165.4,166.7,153.8,169.2,168.3,159.3,163.2,170.7,163.9,167.5
SEALER-0022,1203,20:03,152.2,161.5,163.8,166.3,154.0,166.9,169.2,159.8,163.6,171.0,162.5,169.7
SEALER-0022,1204,20:04,151.8,161.1,164.6,168.0,154.1,167.0,167.6,159.6,166.9,172.3,162.0,166.4
SEALER-0022,1205,20:05,151.1,162.0,164.0,166.0,155.3,167.4,166.8,157.2,165.3,169.1,163.7,165.8
SEALER-0022,1206,20:06,152.2,161.1,164.6,165.1,157.4,165.6,168.6,159.7,166.0,171.3,163.8,166.5
SEALER-0022,1207,20:07,150.5,161.8,164.4,165.7,154.9,167.1,166.7,158.7,163.7,171.2,163.9,168.5
SEALER-0022,1208,20:08,151.5,162.9,165.9,167.2,153.9,166.9,168.5,159.7,164.4,169.8,163.3,163.9
SEALER-0022,1209,20:09,152.3,163.3,163.4,165.9,154.5,167.4,168.3,158.6,164.3,172.5,163.3,167.0
SEALER-0022,1210,20:10,151.2,161.5,163.9,168.3,154.4,167.6,169.1,159.7,164.4,170.9,163.6,167.8
SEALER-0022,1211,20:11,151.3,161.7,164.0,166.3,153.9,166.7,167.7,160.6,164.6,171.0,162.6,167.1
SEALER-0022,1212,20:12,152.1,161.3,163.7,167.1,155.0,167.1,169.2,158.9,164.7,170.1,161.2,166.1
SEALER-0022,1213,20:13,152.2,162.0,164.6,167.5,154.7,168.6,168.3,157.6,164.7,172.6,163.0,168.5
SEALER-0022,1214,20:14,151.6,162.6,162.8,166.9,154.9,166.8,168.6,160.7,164.8,171.2,162.9,167.9
SEALER-0022,1215,20:15,152.5,161.6,163.5,167.0,154.8,166.8,168.7,157.9,163.6,171.3,163.1,167.1
SEALER-0022,1216,20:16,150.6,161.7,164.3,166.2,154.1,168.5,167.4,157.8,163.6,170.4,162.5,167.3
SEALER-0022,1217,20:17,151.5,162.1,164.9,168.2,154.4,167.6,168.2,158.3,162.6,169.9,163.3,168.1
SEALER-0022,1218,20:18,152.3,161.1,164.0,168.2,154.7,167.3,167.8,159.2,164.3,170.5,161.6,169.7
SEALER-0022,1219,20:19,151.8,162.2,164.1,167.4,155.0,166.7,167.9,158.3,164.9,170.6,163.4,165.8
SEALER-0022,1220,20:20,151.6,162.8,164.2,168.0,155.2,168.3,168.0,157.8,164.4,170.9,163.3,168.4
SEALER-0022,1221,20:21,151.3,160.8,161.8,166.5,153.1,168.4,168.1,159.0,164.2,170.7,165.2,168.4
SEALER-0022,1222,20:22,152.4,162.7,163.0,167.7,153.9,166.8,167.4,159.0,163.1,170.2,163.2,166.8
SEALER-0022,1223,20:23,150.9,161.3,165.0,166.1,154.9,167.5,167.8,158.8,162.6,170.5,164.0,166.2
SEALER-0022,1224,20:24,152.9,160.1,165.1,167.0,154.9,168.3,168.7,158.4,165.1,170.1,161.8,167.2
SEALER-0022,1225,20:25,152.2,162.1,163.3,166.3,155.9,168.5,168.9,159.0,164.1,170.8,163.4,166.1
SEALER-0022,1226,20:26,152.0,162.3,164.1,166.1,154.4,169.2,169.1,158.8,164.8,171.3,162.8,167.4
SEALER-0022,1227,20:27,150.3,162.5,164.9,166.4,152.7,166.3,168.8,159.4,164.4,170.3,162.7,166.9
SEALER-0022,1228,20:28,151.2,161.6,165.6,167.7,154.8,166.2,169.7,158.5,165.1,172.1,163.6,168.0
SEALER-0022,1229,20:29,151.6,161.6,163.5,167.8,153.6,166.9,167.8,158.0,163.0,171.5,163.9,167.9
SEALER-0022,1230,20:30,152.0,161.0,163.9,167.0,153.0,168.9,167.6,157.8,164.6,170.6,162.8,165.5
SEALER-0022,1231,20:31,152.7,160.6,164.3,166.9,155.0,167.2,169.5,158.4,165.4,171.1,163.9,166.9
SEALER-0022,1232,20:32,152.0,162.3,165.0,167.5,153.9,169.0,169.1,157.9,164.4,171.7,160.9,167.3
SEALER-0022,1233,20:33,151.1,161.2,165.2,167.3,155.3,167.8,167.1,158.5,164.3,171.2,164.4,167.0
SEALER-0022,1234,20:34,149.8,161.0,163.7,166.0,154.7,167.5,169.4,158.6,164.4,170.8,163.4,165.4
SEALER-0022,1235,20:35,152.2,161.8,164.5,166.2,154.6,167.5,169.0,158.5,163.1,169.8,163.5,166.2
SEALER-0022,1236,20:36,151.7,161.6,164.7,166.8,153.6,167.8,167.9,159.0,164.3,171.7,162.3,167.6
SEALER-0022,1237,20:37,149.7,163.2,162.7,166.8,154.7,168.0,168.3,160.0,164.3,170.0,163.2,167.8
SEALER-0022,1238,20:38,152.2,161.5,163.9,166.9,155.6,168.3,167.9,159.1,165.2,172.2,164.0,165.1
SEALER-0022,1239,20:39,150.5,161.9,164.4,166.8,155.8,167.0,167.7,159.5,162.8,170.2,164.3,168.8
SEALER-0022,1240,20:40,151.6,161.9,164.8,166.9,154.2,168.1,168.7,158.4,165.8,171.0,162.4,168.8
SEALER-0022,1241,20:41,150.9,161.5,163.3,166.9,154.4,168.3,168.5,160.5,163.1,171.3,162.3,166.5
SEALER-0022,1242,20:42,150.7,162.6,164.3,166.9,153.6,167.3,167.1,157.6,163.2,169.9,162.5,167.3
SEALER-0022,1243,20:43,150.8,162.7,164.8,166.1,152.9,168.1,167.8,159.3,164.6,170.0,162.4,167.3
SEALER-0022,1244,20:44,150.8,161.3,164.2,166.4,154.5,167.6,167.5,159.0,166.2,172.2,162.0,167.2
SEALER-0022,1245,20:45,152.1,160.2,162.5,167.9,153.7,167.8,167.7,159.9,163.7,170.3,165.7,166.7
SEALER-0022,1246,20:46,151.5,161.5,164.9,167.0,154.4,166.3,169.5,159.1,163.9,171.7,162.8,167.5
SEALER-0022,1247,20:47,150.9,162.9,164.4,166.7,154.7,168.2,168.1,158.4,165.8,171.8,163.3,166.9
SEALER-0022,1248,20:48,152.1,163.4,164.7,167.6,154.5,168.2,169.0,159.3,164.5,171.4,164.4,167.0
SEALER-0022,1249,20:49,151.1,161.1,163.2,165.3,155.7,166.5,169.3,158.3,164.7,169.3,163.9,166.7
SEALER-0022,1250,20:50,151.1,163.5,163.2,166.4,154.2,168.9,168.1,159.6,164.6,170.0,162.8,168.8
SEALER-0022,1251,20:51,152.5,162.4,162.2,166.3,155.9,168.0,168.6,159.5,164.8,170.5,162.1,167.7
SEALER-0022,1252,20:52,150.8,160.9,164.1,166.3,154.8,166.3,170.1,159.0,164.7,171.3,163.1,167.5
SEALER-0022,1253,20:53,151.4,162.6,165.0,166.6,154.4,166.2,167.9,158.8,164.9,171.4,163.8,167.7
SEALER-0022,1254,20:54,152.8,162.1,164.5,168.2,154.7,166.7,169.6,158.8,163.1,172.2,164.3,166.0
SEALER-0022,1255,20:55,150.9,162.5,164.2,167.9,154.9,166.3,167.4,160.3,164.4,171.0,164.9,167.4
SEALER-0022,1256,20:56,153.2,162.3,163.5,167.0,155.7,168.5,168.5,158.8,164.6,169.8,163.6,165.8
SEALER-0022,1257,20:57,152.6,162.3,164.2,165.7,153.0,168.8,169.5,157.1,164.9,171.3,162.6,168.0
SEALER-0022,1258,20:58,149.7,163.1,163.5,167.6,154.6,165.4,169.4,158.8,164.6,170.3,163.9,168.0
SEALER-0022,1259,20:59,151.4,161.5,163.1,167.8,154.5,166.9,168.4,159.3,163.6,171.7,162.9,167.8
SEALER-0022,1260,21:00,152.7,162.1,163.6,166.8,154.9,166.5,168.4,158.5,164.6,171.0,161.4,168.9
SEALER-0022,1261,21:01,151.6,161.6,166.1,168.5,153.3,167.7,167.0,159.8,164.3,171.5,163.5,166.9
SEALER-0022,1262,21:02,152.1,164.0,164.6,167.7,155.1,166.2,168.3,159.2,164.8,169.8,162.9,166.9
SEALER-0022,1263,21:03,153.3,163.4,163.0,167.6,154.6,167.8,168.9,158.6,166.5,169.4,164.3,169.9
SEALER-0022,1264,21:04,152.4,162.7,164.3,165.9,155.2,168.6,167.1,158.4,163.8,171.5,163.0,167.5
SEALER-0022,1265,21:05,152.5,162.6,165.3,166.0,154.4,167.3,168.3,158.7,164.0,170.9,163.2,167.3
SEALER-0022,1266,21:06,152.9,160.9,164.7,166.0,155.3,167.0,167.8,158.4,164.5,170.8,162.2,166.7
SEALER-0022,1267,21:07,152.5,159.3,163.3,166.2,154.2,167.6,169.1,158.9,165.9,169.6,162.9,166.4
SEALER-0022,1268,21:08,151.4,161.4,164.2,168.1,154.3,166.8,167.4,158.6,164.1,170.6,163.5,166.3
SEALER-0022,1269,21:09,150.6,162.1,163.5,166.0,155.2,168.2,168.7,160.7,163.0,170.3,162.4,166.0
SEALER-0022,1270,21:10,153.0,162.8,165.0,165.1,155.6,167.6,168.8,158.4,164.1,170.5,164.0,166.7
SEALER-0022,1271,21:11,153.7,161.5,163.6,165.1,154.8,166.1,168.2,159.1,165.4,170.1,163.4,167.1
SEALER-0022,1272,21:12,151.9,162.3,163.8,167.7,155.0,168.2,167.3,157.6,162.6,171.3,163.0,167.5
SEALER-0022,1273,21:13,151.4,160.9,164.7,166.3,155.2,168.1,169.6,159.5,164.9,171.3,164.1,168.7
SEALER-0022,1274,21:14,150.7,160.9,164.6,163.9,153.1,168.2,169.7,158.7,163.3,173.4,162.7,167.5
SEALER-0022,1275,21:15,151.6,162.3,165.2,165.4,153.7,166.3,168.1,157.6,163.4,170.1,161.2,169.4
SEALER-0022,1276,21:16,151.5,162.3,165.2,166.5,153.5,166.5,168.5,159.6,164.5,171.1,163.5,167.6
SEALER-0022,1277,21:17,153.1,162.6,164.8,167.4,154.4,166.3,168.6,159.1,163.3,170.7,163.9,167.5
SEALER-0022,1278,21:18,151.0,161.7,164.2,165.5,153.8,168.3,168.3,159.1,165.1,169.2,163.1,167.0
SEALER-0022,1279,21:19,153.9,162.1,163.4,166.0,153.7,168.7,168.9,158.4,164.9,170.6,163.0,166.9
SEALER-0022,1280,21:20,149.0,163.6,163.7,166.9,153.9,167.0,169.3,159.6,163.4,170.8,162.8,166.5
SEALER-0022,1281,21:21,151.0,163.3,164.2,166.1,152.9,167.9,167.9,159.6,165.4,170.5,163.8,166.8
SEALER-0022,1282,21:22,152.5,160.4,163.7,166.8,154.1,166.8,168.4,159.2,165.4,170.8,164.5,165.9
SEALER-0022,1283,21:23,152.4,160.5,164.6,167.5,155.7,168.9,167.8,160.0,163.8,170.0,163.2,167.0
SEALER-0022,1284,21:24,152.2,163.5,165.4,167.4,153.5,167.5,167.4,157.8,164.2,172.3,162.5,168.9
SEALER-0022,1285,21:25,151.5,160.8,163.8,167.0,155.4,167.9,170.2,159.0,164.6,171.5,163.9,167.9
SEALER-0022,1286,21:26,150.4,162.4,164.0,167.2,153.7,168.6,168.4,158.8,164.4,170.6,163.6,165.3
SEALER-0022,1287,21:27,151.1,160.8,162.3,168.1,154.1,168.1,167.9,158.6,164.0,171.4,161.5,167.5
SEALER-0022,1288,21:28,150.9,163.0,165.2,167.3,154.2,168.6,167.7,158.8,164.5,168.6,163.7,167.1
SEALER-0022,1289,21:29,151.7,161.8,164.3,166.9,154.7,167.5,168.8,159.3,163.7,170.8,163.2,168.1
SEALER-0022,1290,21:30,151.5,162.2,163.2,167.9,154.9,166.5,170.3,159.3,164.7,169.9,165.1,167.5
SEALER-0022,1291,21:31,151.2,159.8,164.3,166.8,155.0,167.4,167.3,160.8,164.0,169.7,163.9,167.2
SEALER-0022,1292,21:32,151.6,161.0,164.2,166.5,155.3,166.2,168.4,160.7,165.1,170.6,162.0,168.0
SEALER-0022,1293,21:33,151.2,162.1,163.5,165.3,155.0,166.4,167.3,158.3,164.1,170.5,163.7,167.5
SEALER-0022,1294,21:34,151.0,162.1,164.9,168.5,154.7,168.3,168.6,159.9,165.1,170.5,161.1,167.2
SEALER-0022,1295,21:35,152.1,161.7,165.1,167.9,155.3,167.4,168.1,160.1,165.4,172.1,163.0,167.2
SEALER-0022,1296,21:36,151.8,161.2,163.8,167.1,155.6,167.4,169.6,159.1,164.8,170.9,162.1,168.7
SEALER-0022,1297,21:37,151.8,161.2,164.0,165.3,156.0,167.0,166.5,159.4,163.5,170.9,164.0,165.8
SEALER-0022,1298,21:38,152.9,161.6,164.3,166.7,153.7,167.7,168.1,160.1,164.6,171.4,164.5,168.1
SEALER-0022,1299,21:39,151.0,164.0,165.5,167.4,155.0,167.6,167.9,158.5,165.5,170.8,163.4,168.1
SEALER-0022,1300,21:40,151.0,161.6,162.2,167.3,155.8,168.1,167.1,158.9,165.1,170.5,164.5,167.0
SEALER-0022,1301,21:41,149.7,162.4,164.6,167.4,153.1,168.1,166.8,158.9,164.7,170.8,163.7,168.1
SEALER-0022,1302,21:42,151.4,160.7,165.3,166.3,154.9,167.2,169.2,159.9,164.6,170.7,164.0,167.4
SEALER-0022,1303,21:43,151.8,162.5,165.1,166.0,155.1,166.5,168.5,159.4,164.4,171.1,162.6,166.9
SEALER-0022,1304,21:44,150.6,160.1,164.0,167.1,153.9,166.9,166.7,160.4,164.1,170.4,163.9,167.6
SEALER-0022,1305,21:45,152.0,161.6,162.5,166.1,155.7,167.1,168.8,158.0,164.2,170.8,163.0,168.4
SEALER-0022,1306,21:46,152.1,162.2,163.1,167.2,154.2,168.1,167.2,159.5,164.3,169.5,161.8,168.8
SEALER-0022,1307,21:47,151.8,162.6,164.2,166.0,154.7,167.8,168.1,158.5,163.1,170.8,163.7,165.9
SEALER-0022,1308,21:48,151.0,161.9,163.2,166.2,154.2,167.7,167.9,159.4,164.9,171.0,162.2,167.1
SEALER-0022,1309,21:49,152.7,162.6,166.1,166.9,153.1,167.8,168.0,159.1,163.6,170.7,162.8,167.9
SEALER-0022,1310,21:50,152.7,163.3,163.7,165.6,153.8,168.2,169.3,158.1,163.9,171.9,162.1,167.7
SEALER-0022,1311,21:51,152.7,162.8,163.5,166.6,153.8,167.9,169.9,158.8,165.3,168.6,163.8,166.8
SEALER-0022,1312,21:52,151.9,161.7,164.4,166.1,154.7,167.7,168.7,159.5,163.6,170.5,163.2,166.8
SEALER-0022,1313,21:53,152.0,163.3,164.0,166.2,153.7,167.5,168.1,158.3,166.0,170.5,162.5,169.9
SEALER-0022,1314,21:54,152.6,162.6,162.3,168.2,154.7,167.6,169.0,157.5,164.8,170.9,163.2,167.0
SEALER-0022,1315,21:55,152.1,160.8,164.5,166.4,154.0,167.4,168.0,160.3,164.1,170.5,164.7,167.3
SEALER-0022,1316,21:56,149.5,162.0,164.2,165.6,153.6,167.4,168.4,160.1,164.2,171.9,162.7,167.9
SEALER-0022,1317,21:57,151.6,162.2,164.6,167.1,154.2,166.8,168.0,159.4,163.7,170.0,164.3,167.6
SEALER-0022,1318,21:58,152.2,160.9,160.9,166.9,154.2,167.8,168.6,158.2,164.2,169.3,163.4,168.6
SEALER-0022,1319,21:59,151.7,160.1,163.0,165.7,155.2,167.6,167.7,156.4,165.5,171.1,163.1,166.0
SEALER-0022,1320,22:00,151.8,161.6,166.1,166.9,153.5,167.0,168.2,159.1,165.3,170.1,164.3,169.0
SEALER-0022,1321,22:01,152.9,162.2,164.6,166.3,154.0,167.9,167.8,158.6,164.7,171.0,162.8,167.7
SEALER-0022,1322,22:02,151.2,161.1,163.1,166.9,154.8,167.6,167.5,159.7,164.9,170.3,164.2,166.7
SEALER-0022,1323,22:03,151.9,162.2,164.5,167.2,154.8,167.9,167.2,160.7,165.1,171.0,163.1,169.2
SEALER-0022,1324,22:04,151.7,162.6,164.3,165.7,155.1,168.9,168.5,158.0,165.1,172.8,165.5,167.0
SEALER-0022,1325,22:05,152.5,161.0,165.4,165.3,156.0,166.5,168.4,157.4,164.7,171.5,162.6,167.5
SEALER-0022,1326,22:06,151.9,161.2,164.1,166.1,155.0,167.7,168.6,158.9,165.4,169.8,163.5,167.7
SEALER-0022,1327,22:07,152.7,161.9,165.4,167.0,154.5,168.1,168.2,158.9,163.7,169.9,163.1,169.5
SEALER-0022,1328,22:08,151.1,160.9,163.9,167.3,154.7,168.6,168.3,159.0,164.7,169.9,162.4,166.1
SEALER-0022,1329,22:09,152.5,162.7,164.4,167.8,154.7,166.8,168.6,157.9,162.8,170.4,163.8,166.8
SEALER-0022,1330,22:10,151.5,163.3,165.9,167.3,155.5,166.1,166.7,158.0,164.2,171.3,162.7,166.6
SEALER-0022,1331,22:11,151.4,161.8,165.1,166.9,154.9,166.5,169.3,158.3,164.3,171.6,163.5,166.6
SEALER-0022,1332,22:12,153.1,161.4,164.3,166.1,155.7,167.8,166.5,158.5,164.0,170.2,165.3,166.9
SEALER-0022,1333,22:13,150.5,161.8,165.3,166.3,154.2,166.8,167.5,158.5,165.0,171.1,163.5,168.2
SEALER-0022,1334,22:14,151.1,163.2,165.5,165.9,156.3,167.7,169.3,158.8,164.3,170.3,162.1,168.0
SEALER-0022,1335,22:15,151.3,164.0,164.1,167.3,156.0,167.4,168.9,158.7,166.3,171.2,162.6,168.0
SEALER-0022,1336,22:16,153.3,163.0,165.8,166.7,154.7,167.4,167.5,157.7,164.8,172.4,163.3,166.3
SEALER-0022,1337,22:17,152.1,161.6,163.5,167.0,154.5,167.8,168.7,158.7,164.5,170.2,162.0,167.0
SEALER-0022,1338,22:18,151.5,161.1,164.3,166.3,153.9,167.9,168.9,160.0,165.7,172.3,163.8,168.0
SEALER-0022,1339,22:19,150.7,162.0,163.5,167.6,153.4,166.3,168.4,160.0,163.8,172.2,163.3,165.7
SEALER-0022,1340,22:20,152.8,163.1,163.7,166.4,154.9,167.6,168.0,159.1,162.9,170.9,164.3,165.7
SEALER-0022,1341,22:21,151.7,161.5,163.6,165.6,153.7,168.5,167.9,158.7,163.4,172.7,162.2,166.9
SEALER-0022,1342,22:22,150.2,163.2,164.1,166.1,157.1,166.8,168.3,159.6,165.2,171.5,163.1,166.1
SEALER-0022,1343,22:23,150.3,161.4,163.8,168.7,154.4,168.2,168.3,159.1,164.8,170.3,163.5,169.0
SEALER-0022,1344,22:24,153.0,162.2,164.3,167.3,154.5,168.0,166.2,159.9,163.0,170.5,162.5,167.8
SEALER-0022,1345,22:25,151.6,161.8,163.7,167.0,154.8,167.6,169.1,159.0,164.1,171.4,162.2,166.7
SEALER-0022,1346,22:26,151.7,161.0,162.9,167.2,156.0,167.1,168.4,159.6,164.4,172.1,162.1,167.7
SEALER-0022,1347,22:27,154.7,162.1,164.6,166.9,156.3,168.3,169.5,159.8,164.3,170.3,163.5,166.9
SEALER-0022,1348,22:28,149.8,160.6,164.6,167.3,155.2,168.2,168.6,157.7,164.8,171.3,163.9,166.8
SEALER-0022,1349,22:29,151.5,161.0,162.8,165.3,151.2,167.0,167.6,160.8,166.0,172.0,162.7,166.8
SEALER-0022,1350,22:30,152.7,163.0,164.5,167.7,154.6,166.4,169.7,159.4,163.7,169.7,161.9,167.4
SEALER-0022,1351,22:31,150.7,161.4,164.8,167.0,153.2,167.8,169.3,159.9,165.8,171.1,164.1,168.8
SEALER-0022,1352,22:32,152.4,163.0,163.8,166.9,155.8,167.4,168.3,159.4,164.4,169.7,163.0,167.6
SEALER-0022,1353,22:33,152.9,162.1,163.8,168.2,155.0,166.7,167.3,157.7,164.8,169.8,162.6,168.0
SEALER-0022,1354,22:34,152.1,163.6,163.7,166.4,154.8,167.2,168.4,158.4,164.2,171.0,162.7,168.2
SEALER-0022,1355,22:35,152.7,162.1,164.4,166.9,153.9,167.3,169.8,159.2,163.4,172.4,162.8,166.2
SEALER-0022,1356,22:36,151.3,161.8,163.4,166.8,155.2,168.3,168.6,158.1,164.4,171.8,163.3,168.1
SEALER-0022,1357,22:37,151.0,161.1,164.2,166.6,154.0,168.3,167.8,157.8,164.1,171.7,163.5,167.8
SEALER-0022,1358,22:38,152.1,161.8,164.8,167.3,154.4,168.2,169.2,159.5,165.4,170.6,162.2,166.0
SEALER-0022,1359,22:39,152.1,162.9,165.5,165.7,153.7,167.8,168.8,159.9,163.6,171.1,163.3,166.6
SEALER-0022,1360,22:40,151.4,162.3,165.4,166.0,154.3,166.7,168.8,158.7,164.3,170.7,164.0,166.4
SEALER-0022,1361,22:41,152.1,159.8,165.1,166.1,152.1,167.5,168.0,159.4,164.1,171.3,163.4,166.6
SEALER-0022,1362,22:42,151.5,162.4,165.0,166.0,154.0,167.0,168.1,158.3,162.5,171.0,162.5,167.1
SEALER-0022,1363,22:43,151.0,162.1,163.9,167.5,153.8,167.4,169.3,159.5,164.6,170.3,162.0,167.1
SEALER-0022,1364,22:44,154.0,161.5,163.9,168.2,154.1,168.0,168.6,158.6,164.7,171.2,162.4,166.9
SEALER-0022,1365,22:45,151.5,162.1,163.9,167.9,155.1,167.8,168.5,160.4,166.4,170.8,163.9,168.2
SEALER-0022,1366,22:46,153.4,163.8,163.0,165.9,155.9,168.2,168.2,159.0,165.7,169.8,163.6,167.2
SEALER-0022,1367,22:47,152.3,160.7,163.9,167.7,154.7,165.9,166.9,159.3,165.8,169.7,165.1,167.3
SEALER-0022,1368,22:48,152.3,160.5,164.0,167.7,153.7,168.7,170.3,158.2,164.0,171.7,162.9,166.9
SEALER-0022,1369,22:49,151.3,162.7,165.2,166.2,156.2,166.7,168.3,160.3,164.0,169.7,164.7,167.7
SEALER-0022,1370,22:50,150.3,162.7,165.0,168.2,154.2,166.7,169.2,159.8,164.2,171.6,163.0,167.7
SEALER-0022,1371,22:51,152.1,162.5,163.5,166.9,155.4,167.5,168.2,158.8,163.5,173.3,163.7,166.9
SEALER-0022,1372,22:52,150.6,162.7,164.2,167.6,154.1,167.0,168.5,159.4,163.8,172.3,161.5,165.9
SEALER-0022,1373,22:53,152.3,161.6,165.4,168.2,154.0,168.0,169.0,159.5,164.7,171.2,162.4,166.3
SEALER-0022,1374,22:54,152.5,162.2,165.3,167.3,153.6,167.2,169.1,160.3,164.8,171.4,161.4,165.7
SEALER-0022,1375,22:55,150.2,161.5,166.0,166.7,152.9,167.2,167.6,157.3,163.3,171.4,164.7,169.0
SEALER-0022,1376,22:56,151.4,162.8,163.9,165.8,155.6,169.6,169.3,158.5,166.5,169.3,163.6,168.3
SEALER-0022,1377,22:57,151.0,161.8,164.0,166.3,155.4,167.8,168.3,159.7,163.9,170.6,162.6,167.4
SEALER-0022,1378,22:58,150.3,162.8,163.0,166.0,155.4,165.6,167.4,159.4,163.6,170.6,162.6,166.4
SEALER-0022,1379,22:59,152.3,160.3,164.5,165.1,155.1,167.6,168.8,159.5,164.9,169.6,162.6,168.1
SEALER-0022,1380,23:00,152.2,162.5,164.4,169.2,153.9,168.9,168.1,158.8,165.2,170.7,164.0,167.4
SEALER-0022,1381,23:01,152.5,162.1,162.8,166.9,154.5,168.0,168.1,158.0,164.2,170.8,163.7,166.9
SEALER-0022,1382,23:02,151.8,162.8,165.7,167.0,154.5,168.1,168.6,159.7,163.5,170.3,162.3,167.0
SEALER-0022,1383,23:03,151.6,162.1,165.6,167.1,154.8,167.5,167.6,158.8,164.0,169.9,164.8,167.4
SEALER-0022,1384,23:04,150.2,163.6,164.3,165.5,155.1,167.9,167.9,160.2,164.4,170.3,163.2,165.7
SEALER-0022,1385,23:05,152.1,160.3,164.5,166.9,156.1,167.7,167.5,159.0,163.5,171.4,163.5,167.6
SEALER-0022,1386,23:06,150.9,160.3,163.9,166.9,154.8,168.1,167.0,157.5,164.1,170.9,164.1,168.3
SEALER-0022,1387,23:07,150.3,162.8,163.1,167.4,155.0,166.7,167.5,158.8,163.8,171.4,162.6,168.3
SEALER-0022,1388,23:08,150.4,163.5,164.6,167.9,154.6,167.8,169.0,158.8,165.0,171.1,163.6,168.2
SEALER-0022,1389,23:09,150.9,161.4,164.0,166.6,153.2,167.4,166.8,159.9,165.7,171.6,163.5,168.4
SEALER-0022,1390,23:10,151.9,161.8,163.7,165.7,153.8,169.2,168.0,159.2,164.8,170.8,163.2,168.3
SEALER-0022,1391,23:11,151.0,162.5,166.1,166.1,155.7,165.2,169.1,160.0,163.2,171.0,164.5,166.0
SEALER-0022,1392,23:12,150.5,162.3,165.2,165.1,154.6,166.7,169.2,158.9,165.1,170.3,162.3,167.5
SEALER-0022,1393,23:13,151.0,162.2,165.4,166.8,153.5,168.4,167.7,158.0,165.3,170.3,163.1,168.5
SEALER-0022,1394,23:14,152.2,160.7,164.9,166.6,154.2,167.4,167.6,160.7,163.3,171.2,162.8,167.6
SEALER-0022,1395,23:15,151.5,160.6,163.4,167.0,153.8,167.5,167.6,158.3,163.2,171.8,164.5,166.8
SEALER-0022,1396,23:16,151.2,161.3,162.4,166.7,155.3,168.0,167.4,159.5,164.1,170.3,162.6,169.3
SEALER-0022,1397,23:17,150.4,162.1,164.1,166.3,154.3,168.8,167.9,158.9,164.6,172.3,161.7,165.9
SEALER-0022,1398,23:18,152.7,162.7,162.7,167.1,154.7,166.9,167.6,158.7,164.1,171.5,162.9,166.4
SEALER-0022,1399,23:19,150.5,162.7,163.7,167.4,153.9,167.9,166.8,160.8,162.8,172.3,163.3,167.0
SEALER-0022,1400,23:20,151.2,160.9,164.1,167.6,154.5,168.9,168.8,158.8,164.0,169.7,163.4,168.0
SEALER-0022,1401,23:21,152.8,161.3,165.1,166.4,154.4,168.1,168.5,158.5,164.3,170.6,163.9,167.2
SEALER-0022,1402,23:22,150.6,161.6,165.2,167.6,153.4,167.3,167.6,160.4,164.4,170.3,163.5,168.1
SEALER-0022,1403,23:23,151.2,160.3,163.2,166.6,153.8,167.8,168.2,157.1,165.3,171.2,162.7,168.2
SEALER-0022,1404,23:24,152.2,163.4,162.8,167.7,155.7,167.9,168.7,158.9,164.2,172.1,164.3,168.5
SEALER-0022,1405,23:25,150.9,162.0,165.0,166.7,155.5,166.6,169.4,159.3,164.4,171.6,163.2,166.0
SEALER-0022,1406,23:26,151.3,162.7,163.9,166.2,154.5,170.4,167.1,158.7,164.3,170.4,163.8,168.4
SEALER-0022,1407,23:27,151.5,163.5,163.8,166.4,154.8,167.8,167.6,157.6,165.2,171.5,163.1,169.1
SEALER-0022,1408,23:28,151.0,165.0,164.8,166.1,155.3,167.6,167.9,159.9,165.0,169.4,163.9,167.8
SEALER-0022,1409,23:29,151.5,161.9,163.6,165.2,154.7,168.0,168.1,158.9,164.4,172.1,165.1,167.8
SEALER-0022,1410,23:30,152.6,161.8,163.8,165.5,153.9,167.1,169.2,158.9,163.7,170.1,162.7,167.5
SEALER-0022,1411,23:31,150.8,162.3,164.5,166.7,153.2,168.2,167.4,157.9,164.0,170.9,163.6,167.6
SEALER-0022,1412,23:32,150.8,159.6,162.9,167.9,154.5,167.6,167.4,159.2,163.8,171.8,163.4,167.6
SEALER-0022,1413,23:33,149.1,162.7,165.8,165.8,154.4,169.1,169.6,159.3,164.0,172.2,163.2,168.7
SEALER-0022,1414,23:34,150.3,162.3,164.4,166.6,155.3,169.0,168.9,157.8,165.4,172.0,164.7,167.6
SEALER-0022,1415,23:35,150.8,162.8,164.4,167.1,154.0,165.7,168.2,159.9,164.2,171.3,165.2,168.0
SEALER-0022,1416,23:36,150.9,160.4,163.5,166.5,155.5,166.9,167.2,158.1,165.5,170.5,164.8,168.5
SEALER-0022,1417,23:37,150.3,163.1,164.4,167.2,152.9,166.6,168.5,157.8,164.8,170.0,162.6,167.5
SEALER-0022,1418,23:38,151.6,161.6,164.1,165.0,153.3,167.8,168.9,159.6,164.8,169.0,164.4,166.2
SEALER-0022,1419,23:39,151.4,161.9,165.2,166.6,155.3,167.4,168.5,160.9,164.1,170.7,163.1,167.8
SEALER-0022,1420,23:40,151.6,162.4,165.8,166.8,155.9,166.6,170.3,159.0,164.5,170.8,161.9,167.9
SEALER-0022,1421,23:41,152.4,161.4,165.1,166.1,156.0,167.3,167.5,158.4,165.4,169.8,162.2,166.8
SEALER-0022,1422,23:42,150.7,161.6,164.2,166.6,155.7,166.1,169.0,160.1,165.2,170.0,162.5,168.1
SEALER-0022,1423,23:43,150.3,160.9,164.5,166.5,155.4,167.9,168.4,158.9,163.6,171.9,162.6,168.3
SEALER-0022,1424,23:44,151.3,162.0,166.1,166.2,155.1,167.6,168.3,158.8,164.7,170.8,162.6,165.9
SEALER-0022,1425,23:45,150.5,161.7,164.1,167.9,154.0,168.3,168.4,157.6,164.7,170.9,163.5,166.7
SEALER-0022,1426,23:46,150.6,162.0,163.3,167.6,155.3,168.1,168.2,159.4,163.9,168.7,163.6,167.9
SEALER-0022,1427,23:47,153.1,161.5,165.5,167.3,153.9,166.4,167.9,159.0,165.6,169.4,163.3,166.3
SEALER-0022,1428,23:48,152.1,160.9,164.3,166.1,153.7,167.5,167.9,157.8,164.7,170.2,163.0,166.8
SEALER-0022,1429,23:49,151.8,161.3,163.1,167.2,154.8,166.4,168.2,157.7,163.1,169.9,163.4,166.0
SEALER-0022,1430,23:50,151.3,162.6,162.9,166.6,155.0,167.7,168.2,158.3,164.8,171.5,163.7,167.0
SEALER-0022,1431,23:51,152.1,160.9,164.3,166.5,154.3,168.4,167.6,158.8,163.4,171.5,162.8,168.3
SEALER-0022,1432,23:52,152.9,162.0,162.8,167.3,153.8,166.5,167.8,158.7,165.1,170.3,163.0,167.4
SEALER-0022,1433,23:53,149.5,162.0,164.4,167.9,153.4,169.0,168.5,160.3,161.9,170.4,163.0,165.7
SEALER-0022,1434,23:54,150.4,162.5,164.7,166.6,153.9,168.5,168.5,159.2,166.6,169.7,163.7,165.9
SEALER-0022,1435,23:55,151.6,163.5,163.5,164.9,153.9,168.4,169.2,159.3,164.3,171.9,163.7,167.6
SEALER-0022,1436,23:56,149.8,162.4,164.3,166.4,155.7,168.6,168.1,158.9,164.5,171.7,163.6,166.7
SEALER-0022,1437,23:57,151.9,160.4,164.1,166.6,155.5,166.5,168.8,158.9,164.3,170.9,162.7,167.1
SEALER-0022,1438,23:58,151.0,162.0,164.3,164.7,155.3,166.9,167.4,158.7,164.0,170.1,163.4,167.1
SEALER-0022,1439,23:59,151.5,162.4,163.6,167.7,154.5,165.7,169.1,159.1,165.2,170.1,161.9,166.1
SEALER-0022,1440,24:00,152.0,160.3,164.8,166.9,154.3,168.0,167.5,159.5,164.7,170.4,163.6,166.9
SEALER-0022,1441,24:01,151.9,162.7,164.1,167.7,154.2,167.4,167.9,157.9,163.2,170.1,163.3,168.6
SEALER-0022,1442,24:02,150.8,164.3,165.0,165.8,154.0,167.2,168.9,159.9,164.3,171.3,164.2,167.5
SEALER-0022,1443,24:03,153.5,162.6,165.1,166.6,153.2,166.7,166.5,159.3,165.5,170.7,163.0,166.9
SEALER-0022,1444,24:04,151.2,161.9,164.0,166.6,153.5,167.5,168.8,158.9,163.3,171.7,163.4,169.2
SEALER-0022,1445,24:05,152.9,162.0,164.1,166.5,154.7,167.5,167.9,158.9,164.6,169.8,163.9,167.6
SEALER-0022,1446,24:06,151.3,162.9,163.3,168.0,155.6,167.9,169.9,158.2,165.8,170.9,163.6,168.2
SEALER-0022,1447,24:07,151.3,161.9,164.5,168.0,154.4,167.2,168.8,159.8,165.6,171.0,163.2,167.3
SEALER-0022,1448,24:08,151.0,161.9,164.2,167.2,155.1,167.7,167.6,158.3,163.7,171.8,162.7,167.0
SEALER-0022,1449,24:09,151.1,160.9,165.9,166.8,155.9,168.4,167.8,159.5,164.2,171.5,163.0,168.1
SEALER-0022,1450,24:10,150.5,163.0,165.2,165.5,154.0,167.7,168.1,156.8,165.0,170.3,161.4,167.8
SEALER-0022,1451,24:11,151.3,161.6,163.1,167.1,154.8,167.4,169.8,157.6,165.6,172.6,163.2,167.2
SEALER-0022,1452,24:12,151.7,161.7,163.6,167.5,155.1,166.9,169.6,159.2,164.2,171.8,162.5,165.6
SEALER-0022,1453,24:13,150.6,163.2,164.8,167.2,152.9,167.9,166.3,159.7,163.4,170.9,162.8,167.4
SEALER-0022,1454,24:14,152.4,160.5,164.3,166.2,154.7,166.1,168.8,159.7,164.7,170.9,163.0,168.4
SEALER-0022,1455,24:15,151.3,161.5,163.3,167.1,155.9,167.7,168.6,159.8,164.9,171.5,163.3,166.3
SEALER-0022,1456,24:16,152.3,162.2,164.8,167.0,155.0,168.1,167.6,160.3,163.7,171.5,163.6,167.7
SEALER-0022,1457,24:17,150.6,162.2,163.9,168.0,153.3,167.5,167.0,159.3,165.1,171.0,163.2,167.5
SEALER-0022,1458,24:18,151.4,162.5,164.9,166.4,154.8,168.7,167.6,159.5,163.8,170.4,162.3,167.2
SEALER-0022,1459,24:19,150.6,162.0,163.5,166.8,152.5,169.2,168.3,157.7,164.6,170.2,163.4,169.8
SEALER-0022,1460,24:20,150.8,161.7,163.6,167.0,155.0,168.1,166.4,158.4,164.4,170.0,163.5,165.4
SEALER-0022,1461,24:21,152.6,161.0,166.8,165.2,154.1,166.5,168.2,158.7,164.0,169.5,163.8,168.9
SEALER-0022,1462,24:22,151.4,162.6,164.3,165.3,154.0,168.2,168.5,158.5,164.8,168.9,164.2,168.3
SEALER-0022,1463,24:23,152.7,161.1,163.6,166.3,152.8,166.4,168.9,158.6,165.7,168.9,164.6,168.7
SEALER-0022,1464,24:24,152.2,161.9,162.8,167.6,152.1,167.3,167.6,158.6,163.1,168.1,163.4,166.7
SEALER-0022,1465,24:25,153.3,160.9,163.1,167.3,153.1,168.4,167.2,159.6,166.6,168.3,163.7,166.5
SEALER-0022,1466,24:26,151.5,161.5,162.4,165.8,154.1,168.8,167.2,160.0,164.2,167.8,162.5,167.1
SEALER-0022,1467,24:27,152.7,162.6,162.1,166.0,156.5,167.0,169.0,158.2,163.5,167.7,163.4,166.8
SEALER-0022,1468,24:28,151.4,162.3,161.9,166.5,154.8,167.0,168.2,158.4,163.7,166.3,164.2,167.6
SEALER-0022,1469,24:29,151.2,162.7,161.9,165.8,154.5,168.0,168.9,160.3,164.3,167.2,162.9,166.9
SEALER-0022,1470,24:30,151.5,162.0,161.1,165.2,153.8,167.6,167.7,159.6,163.3,166.5,162.8,166.9
SEALER-0022,1471,24:31,152.0,161.3,160.6,164.7,153.8,167.4,168.9,161.1,163.2,165.7,162.0,167.8
SEALER-0022,1472,24:32,152.0,160.8,161.4,165.3,153.4,167.2,169.5,156.8,162.3,166.2,162.0,166.8
SEALER-0022,1473,24:33,151.4,160.1,159.7,163.2,155.5,168.0,167.7,159.2,162.1,164.2,161.7,166.7
SEALER-0022,1474,24:34,151.3,158.7,158.5,165.0,155.6,166.6,169.8,159.2,161.7,163.7,161.0,168.3
SEALER-0022,1475,24:35,152.1,159.6,158.2,163.5,153.6,167.9,169.4,158.3,161.5,163.9,160.2,166.6
SEALER-0022,1476,24:36,153.0,159.3,158.5,161.5,153.1,167.3,168.4,158.8,160.9,164.2,160.4,166.1
SEALER-0022,1477,24:37,153.7,159.0,158.0,161.7,155.3,168.1,167.8,158.7,161.2,163.6,160.0,166.8
SEALER-0022,1478,24:38,151.9,157.8,157.0,162.3,153.5,165.6,168.5,159.6,160.3,162.2,160.6,167.0
SEALER-0022,1479,24:39,151.1,158.6,157.5,161.9,154.6,167.7,168.5,159.2,159.3,161.8,159.9,166.0
SEALER-0022,1480,24:40,151.5,157.7,156.7,160.4,155.0,166.8,169.0,158.1,159.1,161.2,158.7,166.4
SEALER-0022,1481,24:41,151.1,157.4,156.1,159.8,155.7,169.1,168.8,158.9,159.8,161.4,157.3,166.7
SEALER-0022,1482,24:42,151.8,156.7,156.3,160.5,155.1,167.1,167.6,159.0,158.9,161.2,158.0,166.9
SEALER-0022,1483,24:43,151.1,156.2,156.5,160.2,153.5,168.3,167.4,158.7,158.0,161.1,157.5,169.2
SEALER-0022,1484,24:44,151.4,154.8,155.1,159.2,153.4,168.7,166.9,159.2,157.0,159.7,157.8,167.9
SEALER-0022,1485,24:45,151.1,154.8,154.8,158.8,154.3,168.0,168.9,159.8,158.1,160.6,156.8,166.1
SEALER-0022,1486,24:46,150.9,154.7,154.2,158.5,153.9,166.4,167.5,159.5,157.1,159.6,155.7,167.1
SEALER-0022,1487,24:47,150.1,154.2,153.1,157.9,154.6,166.1,169.4,158.5,156.8,159.0,155.9,167.9
SEALER-0022,1488,24:48,150.1,154.5,153.0,157.6,153.1,167.6,168.3,158.0,156.1,158.7,155.0,168.4
SEALER-0022,1489,24:49,149.9,153.7,153.9,157.5,154.8,166.9,167.6,159.3,155.0,159.2,155.5,168.0
SEALER-0022,1490,24:50,149.8,154.4,152.4,157.7,153.2,166.7,169.5,159.3,154.9,158.5,154.2,166.7
SEALER-0022,1491,24:51,148.8,152.1,153.0,155.6,153.8,168.7,168.4,160.3,153.9,156.1,154.6,166.2
SEALER-0022,1492,24:52,149.6,152.7,151.9,155.9,155.0,168.3,167.8,158.0,154.5,157.3,153.4,165.4
SEALER-0022,1493,24:53,148.8,152.4,151.5,155.7,153.9,166.0,168.8,158.7,154.4,156.4,152.9,165.1
SEALER-0022,1494,24:54,148.0,150.4,151.7,154.2,154.3,167.8,168.8,161.5,153.2,155.4,153.8,164.6
SEALER-0022,1495,24:55,148.3,151.2,151.4,155.5,156.1,168.6,168.6,159.1,152.6,156.1,152.6,164.8
SEALER-0022,1496,24:56,147.4,151.2,150.1,154.5,154.8,168.7,166.7,157.9,152.8,156.1,152.4,164.2
SEALER-0022,1497,24:57,147.2,152.0,151.0,154.9,155.1,167.5,168.3,158.4,153.4,155.7,150.5,163.9
SEALER-0022,1498,24:58,147.2,149.4,150.3,154.3,155.4,167.3,169.2,158.3,152.6,154.2,151.8,163.0
SEALER-0022,1499,24:59,145.7,150.1,149.2,153.9,155.1,167.9,169.8,157.5,152.1,154.4,151.4,162.1
SEALER-0022,1500,25:00,146.2,148.9,149.3,153.2,155.0,168.0,168.7,157.6,151.7,153.6,150.6,162.9
SEALER-0022,1501,25:01,145.4,149.0,149.4,153.2,153.9,169.7,167.9,156.0,151.7,153.8,150.1,161.6
SEALER-0022,1502,25:02,144.9,148.8,149.6,152.0,153.6,167.0,168.2,156.7,151.3,152.7,149.2,161.6
SEALER-0022,1503,25:03,145.2,148.2,148.0,151.5,154.4,166.9,167.5,157.0,149.3,152.3,148.4,161.7
SEALER-0022,1504,25:04,145.4,148.1,147.6,151.7,152.5,165.5,166.9,154.7,150.2,152.7,148.4,160.8
SEALER-0022,1505,25:05,144.6,147.7,147.6,151.2,152.6,165.6,166.4,154.5,150.0,151.0,147.7,161.2
SEALER-0022,1506,25:06,143.2,148.0,147.4,150.6,152.6,165.8,166.4,154.4,148.6,152.3,147.8,159.9
SEALER-0022,1507,25:07,143.2,146.9,146.8,151.0,151.0,164.5,166.6,154.9,148.4,151.7,147.7,159.4
SEALER-0022,1508,25:08,144.3,145.5,146.2,150.7,151.8,164.5,164.5,154.6,148.7,151.0,148.1,159.4
SEALER-0022,1509,25:09,143.5,146.5,146.1,149.7,151.1,163.6,164.2,153.8,148.9,150.7,146.9,158.4
SEALER-0022,1510,25:10,143.2,145.7,146.0,149.3,150.0,163.2,164.2,153.5,147.7,149.8,146.1,158.5
SEALER-0022,1511,25:11,142.7,145.0,144.5,149.4,149.9,162.0,163.4,152.7,148.0,150.6,145.6,158.4
SEALER-0022,1512,25:12,142.5,145.2,145.0,148.5,150.2,162.3,163.9,152.6,147.8,149.4,146.0,158.2
SEALER-0022,1513,25:13,142.7,144.4,143.6,148.7,149.2,161.3,162.2,151.6,146.6,149.7,144.5,157.8
SEALER-0022,1514,25:14,141.0,144.9,143.5,148.0,149.1,161.8,161.9,151.6,146.1,148.6,145.7,157.6
SEALER-0022,1515,25:15,141.0,143.3,143.6,147.7,149.2,161.0,162.4,149.8,145.3,147.6,143.9,157.9
SEALER-0022,1516,25:16,140.8,143.0,143.9,146.6,147.8,160.3,161.2,150.1,146.2,148.1,144.2,156.5
SEALER-0022,1517,25:17,140.1,142.4,143.2,146.0,147.6,160.6,161.3,150.8,144.9,147.3,143.8,155.8
SEALER-0022,1518,25:18,140.3,143.8,142.6,146.3,146.8,159.8,159.9,150.1,145.2,147.3,142.4,155.3
SEALER-0022,1519,25:19,139.5,142.2,142.7,146.1,146.3,159.3,160.4,149.6,145.2,146.3,143.2,156.4
SEALER-0022,1520,25:20,139.9,141.0,143.6,145.1,146.9,158.7,159.4,148.9,144.2,147.2,142.8,154.2
SEALER-0022,1521,25:21,138.4,141.7,141.1,145.0,145.8,158.3,159.1,148.6,144.1,146.4,141.9,154.9
SEALER-0022,1522,25:22,139.5,140.8,141.6,144.3,145.7,157.7,158.6,148.4,144.1,145.8,142.3,154.8
SEALER-0022,1523,25:23,137.2,140.9,141.3,144.9,144.3,157.8,157.8,147.1,143.5,145.7,142.0,155.0
SEALER-0022,1524,25:24,138.7,140.0,140.9,144.1,145.0,157.0,158.2,147.6,143.1,145.5,141.3,153.3
SEALER-0022,1525,25:25,138.4,140.4,140.6,143.6,144.5,157.4,156.8,146.6,141.9,145.0,141.3,153.3
SEALER-0022,1526,25:26,138.2,140.6,139.6,143.7,143.6,157.0,156.6,145.7,141.7,144.3,140.4,152.9
SEALER-0022,1527,25:27,137.7,139.6,139.2,143.6,143.8,155.7,156.5,146.2,141.6,143.5,140.3,152.7
SEALER-0022,1528,25:28,137.2,139.0,139.0,142.6,142.7,155.4,154.7,146.6,141.3,144.3,139.5,151.9
SEALER-0022,1529,25:29,136.5,138.7,138.5,141.6,142.4,155.6,155.2,144.9,140.4,143.6,138.6,151.5
SEALER-0022,1530,25:30,136.2,137.6,138.8,142.1,142.5,154.0,155.0,145.4,139.7,143.4,138.9,151.8
SEALER-0022,1531,25:31,136.9,137.8,138.3,141.3,141.8,154.2,153.2,146.0,139.6,142.9,138.9,150.8
SEALER-0022,1532,25:32,135.8,137.9,137.9,140.9,140.6,153.5,153.9,144.8,140.5,142.6,138.2,150.8
SEALER-0022,1533,25:33,135.0,137.1,137.1,140.5,140.2,153.4,153.6,143.4,139.7,142.1,138.0,151.0
SEALER-0022,1534,25:34,135.1,136.9,137.4,140.7,141.4,152.0,153.2,143.2,139.1,142.7,137.5,150.6
SEALER-0022,1535,25:35,135.8,136.6,136.8,140.1,140.8,152.0,152.0,142.8,138.1,141.3,136.5,149.9
SEALER-0022,1536,25:36,135.4,136.2,136.5,139.5,140.5,151.3,152.6,142.8,138.2,141.5,135.9,148.9
SEALER-0022,1537,25:37,134.8,136.1,136.5,139.2,140.3,151.4,151.1,143.0,138.0,141.3,136.3,149.1
SEALER-0022,1538,25:38,133.6,134.1,135.5,138.5,138.5,150.8,151.1,141.9,137.7,139.8,136.1,148.2
SEALER-0022,1539,25:39,134.1,135.1,136.5,139.6,139.3,150.1,150.5,141.6,137.7,140.6,135.3,149.6
SEALER-0022,1540,25:40,133.0,134.9,134.6,138.4,138.3,150.3,150.6,141.1,137.9,139.7,135.9,148.8
SEALER-0022,1541,25:41,133.5,134.5,135.0,138.2,138.0,149.7,149.8,140.8,136.6,138.4,135.0,147.9
SEALER-0022,1542,25:42,133.1,134.2,134.4,137.1,137.3,149.6,149.6,139.8,136.5,139.2,134.6,148.8
SEALER-0022,1543,25:43,132.4,134.2,134.8,137.8,137.9,149.5,148.7,140.1,135.8,138.7,133.9,146.5
SEALER-0022,1544,25:44,132.8,133.6,133.6,137.0,137.0,148.5,147.7,139.4,135.3,137.4,133.8,146.3
SEALER-0022,1545,25:45,132.5,132.3,133.8,137.1,137.3,148.0,148.5,139.3,135.5,138.2,133.8,147.0
SEALER-0022,1546,25:46,132.0,133.4,133.1,135.5,136.3,147.1,147.4,139.3,134.8,137.4,133.6,146.5
SEALER-0022,1547,25:47,131.7,132.0,132.8,136.6,135.5,147.0,147.0,138.0,134.5,137.2,133.4,145.1
SEALER-0022,1548,25:48,131.2,131.2,132.5,135.7,136.6,146.7,147.2,138.4,134.1,135.4,133.5,145.0
SEALER-0022,1549,25:49,131.5,132.5,132.3,135.8,134.2,145.8,146.1,137.1,133.6,136.6,132.7,144.6
SEALER-0022,1550,25:50,131.0,131.9,132.2,136.3,134.5,145.9,146.4,137.7,134.6,136.4,132.1,145.3
SEALER-0022,1551,25:51,130.5,130.4,131.6,134.2,135.0,145.1,145.3,136.9,133.5,136.1,131.6,143.9
SEALER-0022,1552,25:52,130.5,131.1,132.1,134.4,135.2,144.5,145.1,136.7,132.9,136.2,131.5,143.7
SEALER-0022,1553,25:53,130.8,130.5,131.3,134.0,133.3,144.7,144.8,135.9,132.8,135.6,130.6,143.8
SEALER-0022,1554,25:54,129.5,131.6,131.1,134.7,134.2,144.3,145.6,135.6,133.0,135.4,130.4,143.8
SEALER-0022,1555,25:55,129.6,129.6,130.6,134.0,133.2,143.0,143.4,134.5,132.9,134.7,130.7,142.6
SEALER-0022,1556,25:56,128.7,128.8,130.0,132.7,132.6,142.7,144.1,134.6,132.0,132.8,130.5,142.7
SEALER-0022,1557,25:57,129.2,129.0,129.5,133.2,132.6,142.8,142.5,134.8,130.8,134.1,129.7,142.7
SEALER-0022,1558,25:58,128.2,128.1,129.7,133.2,131.6,141.7,142.9,133.9,132.0,134.1,129.4,142.3
SEALER-0022,1559,25:59,129.2,128.6,129.4,132.5,131.5,142.1,142.3,133.9,131.2,133.5,128.7,141.4
SEALER-0022,1560,26:00,128.2,127.4,129.3,131.5,131.4,142.2,142.0,133.1,131.2,133.3,129.0,142.4
SEALER-0022,1561,26:01,127.7,127.5,128.5,132.2,131.6,140.9,141.2,133.2,130.2,132.4,128.4,141.5
SEALER-0022,1562,26:02,127.3,128.2,128.2,132.2,130.8,140.8,141.3,132.9,129.8,132.9,128.2,140.9
SEALER-0022,1563,26:03,126.1,127.4,127.9,131.4,131.2,140.9,141.4,133.7,130.5,132.2,128.3,140.7
SEALER-0022,1564,26:04,127.0,126.7,128.0,131.0,129.8,139.7,140.3,131.8,129.5,132.1,127.6,139.4
SEALER-0022,1565,26:05,125.8,126.7,126.4,130.5,130.1,139.8,140.1,132.0,129.2,130.6,127.3,140.0
SEALER-0022,1566,26:06,127.5,125.5,126.6,130.1,129.9,138.7,140.1,131.9,129.4,131.1,126.1,139.6
SEALER-0022,1567,26:07,126.2,125.9,126.8,129.4,128.9,138.7,137.9,130.0,128.7,131.0,126.4,138.9
SEALER-0022,1568,26:08,125.7,125.4,126.2,129.4,128.9,138.6,139.2,131.1,128.5,130.7,125.1,138.3
SEALER-0022,1569,26:09,125.8,125.5,126.1,128.3,128.2,138.7,137.3,130.3,126.6,130.7,125.5,139.4
SEALER-0022,1570,26:10,125.8,125.2,126.4,129.0,128.2,137.8,137.6,129.9,127.8,129.3,125.8,138.4
SEALER-0022,1571,26:11,125.6,124.3,125.1,128.8,128.2,138.4,137.5,129.1,127.2,129.2,125.2,138.4
SEALER-0022,1572,26:12,125.2,123.9,124.7,128.1,127.4,137.2,137.9,128.5,127.4,129.2,125.1,136.9
SEALER-0022,1573,26:13,124.9,124.0,125.3,128.1,126.9,136.3,137.2,129.6,125.9,129.0,124.3,137.6
SEALER-0022,1574,26:14,123.8,123.0,125.0,127.9,126.4,136.1,137.0,129.0,126.6,129.2,124.1,137.3
SEALER-0022,1575,26:15,123.5,123.7,124.2,126.8,126.7,136.2,135.9,128.7,125.4,128.2,124.0,137.5
SEALER-0022,1576,26:16,123.3,122.9,123.7,126.5,125.8,135.5,135.8,129.2,125.1,128.2,122.9,136.4
SEALER-0022,1577,26:17,123.5,121.7,123.4,126.8,125.9,134.9,135.1,128.0,125.5,128.5,123.9,136.0
SEALER-0022,1578,26:18,123.1,122.2,123.2,126.3,125.6,134.6,134.8,127.4,124.6,128.3,121.8,136.4
SEALER-0022,1579,26:19,123.4,121.7,123.1,126.0,125.8,135.5,134.4,127.2,124.6,127.3,123.1,135.8
SEALER-0022,1580,26:20,122.0,121.7,122.8,125.1,124.6,133.9,134.0,126.5,124.7,126.1,121.4,135.6
SEALER-0022,1581,26:21,123.0,121.1,122.6,125.5,125.0,133.9,134.9,125.3,124.5,126.3,122.4,134.0
SEALER-0022,1582,26:22,122.6,121.4,122.0,125.2,123.2,133.1,134.5,126.9,124.8,126.6,121.9,134.5
SEALER-0022,1583,26:23,121.9,121.7,121.9,124.4,123.8,133.0,132.6,125.8,123.4,126.2,121.1,134.9
SEALER-0022,1584,26:24,122.2,120.9,121.9,125.4,123.1,132.4,133.6,125.1,123.3,124.8,121.1,134.2
SEALER-0022,1585,26:25,121.3,120.7,121.6,123.3,123.1,131.8,132.5,124.8,122.8,125.8,120.6,133.8
SEALER-0022,1586,26:26,121.1,120.8,121.0,124.8,123.5,132.4,132.2,124.3,123.0,124.6,120.9,133.8
SEALER-0022,1587,26:27,121.0,118.7,120.3,123.3,122.2,131.8,131.7,124.5,122.6,124.7,120.2,132.6
SEALER-0022,1588,26:28,120.2,119.1,120.4,122.9,121.5,130.8,131.3,124.3,121.5,124.8,119.3,133.3
SEALER-0022,1589,26:29,119.7,119.5,121.0,123.2,120.9,130.9,131.0,123.5,120.9,123.7,119.6,131.8
SEALER-0022,1590,26:30,119.8,118.2,119.8,123.6,122.0,129.9,130.2,123.2,122.0,123.5,118.8,133.1
SEALER-0022,1591,26:31,119.1,118.3,119.5,122.0,121.0,130.6,130.0,123.6,121.7,123.9,119.1,131.6
SEALER-0022,1592,26:32,119.4,118.6,119.8,121.6,120.9,130.2,129.8,122.6,121.4,123.2,118.3,131.0
SEALER-0022,1593,26:33,120.1,117.9,119.6,122.3,120.1,128.8,129.8,122.8,121.2,124.1,118.8,131.7
SEALER-0022,1594,26:34,119.3,117.2,119.8,121.9,120.0,129.5,129.4,121.9,120.4,123.6,118.4,130.8
SEALER-0022,1595,26:35,118.5,117.9,118.3,122.3,119.7,129.3,128.8,122.0,120.3,122.8,118.2,131.2
SEALER-0022,1596,26:36,119.0,116.9,118.1,121.1,119.7,127.9,129.0,122.2,120.0,122.7,117.5,130.0
SEALER-0022,1597,26:37,118.7,116.9,118.8,121.5,118.6,128.0,128.1,121.5,120.2,122.1,117.1,130.2
SEALER-0022,1598,26:38,118.5,116.4,117.5,121.2,118.8,127.7,128.3,120.6,119.1,121.4,117.6,129.7
SEALER-0022,1599,26:39,117.9,116.2,117.8,120.7,118.5,126.3,127.3,121.2,118.7,121.3,116.9,129.9
SEALER-0022,1600,26:40,117.1,115.6,117.0,120.6,117.5,126.7,127.3,120.8,118.3,120.7,117.0,130.0
SEALER-0022,1601,26:41,117.5,114.6,118.0,120.6,117.5,127.5,126.5,120.4,118.1,120.8,115.8,130.0
SEALER-0022,1602,26:42,117.7,114.7,117.4,119.7,118.2,125.6,126.6,120.1,118.3,120.7,116.1,129.9
SEALER-0022,1603,26:43,116.4,115.0,117.5,119.4,117.0,126.2,126.7,120.0,117.6,120.4,116.4,129.3
SEALER-0022,1604,26:44,116.3,116.2,117.3,118.7,117.1,125.3,125.7,119.0,118.2,120.1,115.3,128.2
SEALER-0022,1605,26:45,116.8,114.8,115.7,118.9,117.1,125.9,125.8,118.4,116.8,120.1,114.6,127.6
SEALER-0022,1606,26:46,115.8,115.2,114.8,118.9,115.8,126.0,124.8,119.0,117.5,119.4,114.6,127.6
SEALER-0022,1607,26:47,115.4,114.0,115.2,119.2,116.0,124.6,124.2,118.7,117.4,119.3,115.1,127.5
SEALER-0022,1608,26:48,115.6,115.0,115.4,117.8,116.2,124.2,124.7,117.8,116.4,119.0,115.3,127.0
SEALER-0022,1609,26:49,116.2,113.2,115.8,118.0,115.7,124.5,124.4,117.5,116.7,118.5,114.1,126.8
SEALER-0022,1610,26:50,115.2,113.0,114.9,117.3,115.5,124.7,123.7,116.7,115.5,117.9,113.9,127.5
SEALER-0022,1611,26:51,115.3,112.5,114.2,117.6,115.0,123.6,124.0,116.4,116.6,117.2,113.4,125.7
SEALER-0022,1612,26:52,114.5,112.6,114.1,117.5,115.0,121.9,123.8,117.1,115.8,118.1,113.2,125.6
SEALER-0022,1613,26:53,114.9,112.9,113.8,115.8,113.7,122.5,122.3,116.4,114.2,117.9,113.4,126.5
SEALER-0022,1614,26:54,114.0,112.1,114.6,116.3,114.1,121.6,121.6,115.2,114.4,116.9,111.8,125.6
SEALER-0022,1615,26:55,114.8,111.7,112.5,116.9,114.2,122.9,123.2,115.7,114.8,118.2,112.5,126.0
SEALER-0022,1616,26:56,113.5,111.7,113.2,115.9,113.8,121.4,121.7,115.3,114.1,116.3,112.4,124.8
SEALER-0022,1617,26:57,113.6,110.7,112.2,116.3,112.6,121.6,121.6,116.2,114.4,116.5,112.5,124.6
SEALER-0022,1618,26:58,112.8,111.2,111.9,115.9,113.8,121.4,120.2,114.6,113.6,116.2,111.2,124.9
SEALER-0022,1619,26:59,113.3,111.8,113.1,115.0,112.3,120.9,121.5,115.0,113.9,115.5,111.6,123.9
SEALER-0022,1620,27:00,112.4,109.9,112.0,115.3,112.4,121.1,121.0,114.3,113.2,115.5,111.0,122.6
SEALER-0022,1621,27:01,113.4,109.5,112.0,114.1,112.4,119.6,120.4,114.8,114.0,115.3,110.8,122.8
SEALER-0022,1622,27:02,111.5,110.0,111.3,114.4,111.7,119.2,118.9,114.5,113.1,115.1,110.8,123.2
SEALER-0022,1623,27:03,112.7,110.7,111.7,113.3,112.3,119.4,119.8,114.1,113.4,115.0,110.5,122.7
SEALER-0022,1624,27:04,111.2,110.0,111.1,113.0,110.7,118.0,119.5,113.7,111.7,114.4,110.5,122.0
SEALER-0022,1625,27:05,111.3,108.9,110.9,112.9,111.2,119.8,118.8,113.8,112.4,113.5,108.8,121.7
SEALER-0022,1626,27:06,111.6,108.4,110.7,113.8,111.1,118.5,118.9,112.7,111.8,113.7,110.4,122.6
SEALER-0022,1627,27:07,110.8,108.0,110.9,112.1,110.5,117.7,117.9,112.6,111.4,113.4,108.6,122.9
SEALER-0022,1628,27:08,110.7,109.0,110.3,113.7,110.4,118.0,117.9,112.2,111.3,113.2,108.0,122.2
SEALER-0022,1629,27:09,110.6,107.5,109.9,112.2,109.4,117.3,117.8,111.8,110.9,114.2,109.5,120.8
SEALER-0022,1630,27:10,110.7,107.7,109.3,112.5,110.1,117.7,117.9,112.1,110.6,112.2,109.0,121.4
SEALER-0022,1631,27:11,110.1,108.2,109.5,111.0,108.9,118.4,117.2,111.7,110.6,112.7,107.6,120.3
SEALER-0022,1632,27:12,110.5,108.1,109.2,112.1,110.0,117.6,116.5,111.7,110.2,111.8,108.1,120.8
SEALER-0022,1633,27:13,109.3,106.6,108.4,112.3,107.8,116.4,115.9,110.8,109.9,112.8,108.1,120.5
SEALER-0022,1634,27:14,109.7,107.0,109.0,111.0,108.2,116.4,116.2,111.3,111.0,112.2,106.9,120.1
SEALER-0022,1635,27:15,109.9,107.4,109.0,110.0,107.7,116.0,115.1,110.4,109.8,112.0,107.4,120.0
SEALER-0022,1636,27:16,109.2,106.0,108.1,111.4,107.7,115.6,115.4,110.1,109.1,111.6,107.2,119.9
SEALER-0022,1637,27:17,108.2,106.9,108.4,109.5,107.4,115.8,114.9,108.8,109.0,111.9,107.3,119.5
SEALER-0022,1638,27:18,108.0,106.5,107.8,109.4,107.5,115.3,114.6,109.7,108.9,111.5,106.4,119.3
SEALER-0022,1639,27:19,109.2,105.7,108.2,110.2,107.4,114.2,114.5,109.4,109.0,111.2,106.3,118.5
SEALER-0022,1640,27:20,107.9,106.4,107.4,109.6,105.9,114.4,113.6,109.4,108.1,110.6,105.1,118.2
SEALER-0022,1641,27:21,108.5,104.9,106.8,110.4,107.3,114.1,113.4,108.7,108.6,110.3,106.0,118.9
SEALER-0022,1642,27:22,107.5,105.3,106.3,109.4,107.3,114.4,113.6,108.8,107.6,109.9,105.0,117.7
SEALER-0022,1643,27:23,107.9,105.1,106.5,109.5,106.7,113.5,113.5,107.8,107.3,109.8,105.1,117.9
SEALER-0022,1644,27:24,108.0,104.5,106.1,108.3,106.0,113.2,113.5,107.8,107.0,110.4,105.1,117.9
SEALER-0022,1645,27:25,107.8,105.4,106.1,109.1,105.2,112.8,112.7,108.6,107.9,109.0,104.5,117.5
SEALER-0022,1646,27:26,107.2,104.1,105.7,108.2,105.3,111.9,111.9,108.0,107.5,109.5,104.5,117.1
SEALER-0022,1647,27:27,106.4,104.4,106.4,106.9,105.1,112.8,111.7,107.1,108.1,109.3,104.5,116.8
SEALER-0022,1648,27:28,106.4,103.9,105.7,108.4,105.5,111.7,111.9,106.8,106.3,108.6,102.8,116.4
SEALER-0022,1649,27:29,106.2,104.2,105.2,107.9,105.1,111.6,112.2,107.5,107.1,108.2,103.7,116.9
SEALER-0022,1650,27:30,107.0,102.6,105.1,106.5,104.9,110.9,110.7,106.3,106.7,108.4,104.6,116.3
SEALER-0022,1651,27:31,106.9,103.0,104.8,107.2,104.2,111.6,110.0,106.2,105.8,107.9,103.4,116.4
SEALER-0022,1652,27:32,105.6,102.4,104.3,106.0,104.7,110.8,110.4,106.2,104.8,107.6,103.6,116.9
SEALER-0022,1653,27:33,105.7,101.8,103.3,106.7,104.1,110.2,109.9,105.7,105.4,106.9,103.7,115.0
SEALER-0022,1654,27:34,105.5,102.2,104.3,107.3,104.6,110.0,109.9,105.6,105.0,107.3,102.8,115.7
SEALER-0022,1655,27:35,105.2,102.6,104.5,107.0,103.0,110.1,109.5,105.0,104.5,106.7,101.9,114.6
SEALER-0022,1656,27:36,105.9,101.8,103.4,105.3,103.5,109.5,109.4,105.7,104.2,106.4,101.9,114.3
SEALER-0022,1657,27:37,105.0,100.1,104.6,105.1,102.4,109.1,108.9,104.9,104.1,106.9,101.5,115.0
SEALER-0022,1658,27:38,104.4,101.0,103.0,106.0,101.7,109.5,108.5,104.6,104.6,106.5,101.8,114.4
SEALER-0022,1659,27:39,104.0,100.5,103.4,106.3,102.3,108.3,109.1,104.0,103.8,106.1,101.5,114.4
SEALER-0022,1660,27:40,104.7,101.2,103.3,105.6,102.4,108.1,108.8,102.8,103.7,106.7,101.8,113.8
SEALER-0022,1661,27:41,103.4,101.2,102.4,105.0,101.6,108.8,108.8,103.6,103.0,106.3,100.9,112.6
SEALER-0022,1662,27:42,103.1,100.6,101.2,104.9,102.0,108.4,108.3,103.0,103.9,105.7,101.5,112.9
SEALER-0022,1663,27:43,103.4,100.2,102.7,104.8,101.3,107.4,108.0,103.2,102.6,106.3,101.1,112.8
SEALER-0022,1664,27:44,103.5,100.3,101.5,103.9,100.5,107.6,107.7,103.2,103.2,104.5,99.9,112.5
SEALER-0022,1665,27:45,103.1,99.0,101.8,103.8,100.2,107.5,106.8,103.6,102.1,104.6,99.8,113.0
SEALER-0022,1666,27:46,102.8,100.2,100.8,104.4,100.9,106.5,106.7,102.5,102.8,103.8,99.8,112.8
SEALER-0022,1667,27:47,103.4,99.0,101.8,103.7,101.0,106.8,106.3,101.4,102.1,104.5,99.5,112.5
SEALER-0022,1668,27:48,102.0,99.6,100.4,103.4,100.4,106.1,105.9,102.0,101.4,105.3,98.6,111.8
SEALER-0022,1669,27:49,102.7,99.0,101.1,102.7,100.1,105.8,106.7,102.0,102.0,103.9,99.8,111.1
SEALER-0022,1670,27:50,101.2,97.6,100.7,102.9,99.3,106.1,105.8,101.6,101.4,104.6,98.8,111.8
SEALER-0022,1671,27:51,103.3,99.8,100.9,102.2,98.8,107.0,104.9,101.6,101.3,103.5,98.8,111.0
SEALER-0022,1672,27:52,100.9,97.8,100.3,102.7,101.0,105.4,105.7,101.2,101.4,103.5,97.9,110.6
SEALER-0022,1673,27:53,102.0,98.3,100.0,102.3,98.6,106.0,105.0,100.4,100.7,102.9,98.7,111.1
SEALER-0022,1674,27:54,101.0,97.6,99.3,101.5,98.6,105.3,104.6,100.1,101.2,102.8,98.0,110.4
SEALER-0022,1675,27:55,100.6,98.4,98.5,101.7,98.1,104.5,104.8,100.3,100.6,102.5,98.1,109.8
SEALER-0022,1676,27:56,99.8,97.0,98.7,101.5,98.1,104.0,104.2,99.9,99.8,102.3,97.7,110.2
SEALER-0022,1677,27:57,100.9,97.6,98.3,102.0,97.7,104.6,103.5,99.7,100.4,102.3,97.1,109.9
SEALER-0022,1678,27:58,100.4,97.2,98.4,102.0,97.8,103.6,103.7,99.8,99.9,102.9,96.5,110.3
SEALER-0022,1679,27:59,100.0,97.1,98.6,99.8,98.1,104.7,103.5,99.0,99.8,102.0,96.4,109.5
SEALER-0022,1680,28:00,100.5,96.5,97.7,100.5,97.5,103.4,103.2,99.5,99.2,101.4,95.5,109.6
SEALER-0022,1681,28:01,99.6,97.0,98.7,99.8,96.6,102.4,102.4,98.2,99.0,102.0,96.5,108.8
SEALER-0022,1682,28:02,100.5,96.4,98.1,100.5,97.0,102.7,103.7,98.3,98.3,101.7,96.8,109.6
SEALER-0022,1683,28:03,98.9,95.9,98.1,100.6,96.7,103.2,103.2,98.4,98.9,100.3,96.3,108.5
SEALER-0022,1684,28:04,99.6,95.2,97.6,99.3,96.4,102.3,102.4,98.1,98.8,100.3,95.7,108.9
SEALER-0022,1685,28:05,98.8,95.0,97.8,100.8,96.9,102.4,101.4,98.6,98.7,100.2,96.7,108.7
SEALER-0022,1686,28:06,98.8,96.1,96.6,99.5,96.2,101.9,101.9,97.6,97.6,99.7,95.1,108.3
SEALER-0022,1687,28:07,97.6,95.5,96.5,99.2,96.0,101.3,101.2,97.2,96.9,100.4,95.4,106.7
SEALER-0022,1688,28:08,98.8,95.7,97.2,98.8,95.8,101.2,101.5,96.4,98.3,100.1,96.0,107.1
SEALER-0022,1689,28:09,97.7,94.5,97.0,99.8,94.8,101.1,100.6,97.2,97.4,100.1,94.2,107.3
SEALER-0022,1690,28:10,98.1,94.6,97.0,99.3,95.7,101.5,100.5,97.3,97.6,99.5,94.1,107.1
SEALER-0022,1691,28:11,97.7,94.3,95.7,97.8,95.6,100.9,100.2,96.7,97.2,99.0,94.5,105.6
SEALER-0022,1692,28:12,97.7,93.8,95.7,98.7,94.7,99.7,100.4,96.4,96.0,99.2,94.3,106.5
SEALER-0022,1693,28:13,97.3,93.8,96.2,97.3,94.2,100.2,100.0,96.2,97.0,98.0,94.6,105.9
SEALER-0022,1694,28:14,98.1,93.9,96.8,97.9,93.6,100.4,100.2,95.4,97.5,98.5,93.3,105.6
SEALER-0022,1695,28:15,98.1,93.6,95.2,97.5,94.3,99.7,100.2,96.3,95.9,98.5,93.3,104.8
SEALER-0022,1696,28:16,97.2,93.2,95.7,98.4,93.0,99.3,99.2,95.9,96.6,97.6,94.0,105.8
SEALER-0022,1697,28:17,96.9,93.0,95.0,97.5,93.8,99.7,99.7,95.4,96.3,97.8,92.5,105.0
SEALER-0022,1698,28:18,98.3,93.4,96.1,96.9,93.1,98.7,98.0,95.5,95.3,97.0,93.0,105.4
SEALER-0022,1699,28:19,96.3,92.3,96.2,96.9,93.5,98.2,99.0,94.4,95.4,97.6,92.8,105.1
SEALER-0022,1700,28:20,96.9,93.4,94.3,96.3,93.0,98.5,98.7,94.7,95.7,97.0,93.1,105.0
SEALER-0022,1701,28:21,95.4,92.0,94.3,97.1,92.3,98.9,99.3,94.6,94.5,96.7,91.2,104.4
SEALER-0022,1702,28:22,95.8,91.9,94.6,95.7,92.4,98.3,98.4,93.9,95.0,97.0,92.0,105.4
SEALER-0022,1703,28:23,95.6,92.4,94.4,96.1,91.9,98.3,97.2,94.4,95.0,97.6,91.6,104.0
SEALER-0022,1704,28:24,96.8,91.9,93.9,97.1,92.4,97.0,97.9,94.0,93.9,96.3,91.1,104.7
SEALER-0022,1705,28:25,95.9,90.7,92.8,95.5,92.2,97.7,96.8,93.4,94.6,96.3,92.3,103.3
SEALER-0022,1706,28:26,95.5,91.8,93.2,95.1,92.5,96.6,97.6,94.1,93.5,96.6,91.8,104.5
SEALER-0022,1707,28:27,95.5,90.4,93.5,96.6,91.6,96.9,95.9,93.7,93.6,95.9,91.4,103.8
SEALER-0022,1708,28:28,94.5,91.1,93.1,94.2,91.4,97.1,96.0,92.5,93.5,95.8,91.6,103.6
SEALER-0022,1709,28:29,95.1,90.7,92.3,94.2,90.9,96.6,96.9,92.6,94.2,95.3,90.6,102.9
SEALER-0022,1710,28:30,93.6,89.6,92.9,94.3,90.3,96.3,96.0,92.7,93.1,95.9,90.3,103.0
SEALER-0022,1711,28:31,93.9,90.7,92.5,94.5,90.4,96.9,95.4,93.0,93.0,95.9,90.2,102.9
SEALER-0022,1712,28:32,94.4,91.4,92.7,93.8,91.0,95.3,95.5,92.2,92.6,95.2,90.5,102.7
SEALER-0022,1713,28:33,93.8,89.2,92.9,93.8,91.2,95.5,95.7,92.4,91.8,95.3,89.4,102.0
SEALER-0022,1714,28:34,94.2,89.4,91.4,93.5,89.9,95.4,95.1,92.1,92.7,94.6,90.0,101.7
SEALER-0022,1715,28:35,93.9,89.4,91.4,94.1,89.9,94.9,94.1,91.1,92.5,94.0,89.6,100.9
SEALER-0022,1716,28:36,93.6,89.0,92.1,93.6,90.6,95.7,94.9,91.4,92.1,93.8,89.6,101.7
SEALER-0022,1717,28:37,93.1,90.1,90.9,92.4,88.9,94.6,94.7,90.8,93.1,94.1,89.4,101.5
SEALER-0022,1718,28:38,92.5,89.1,91.8,93.0,88.7,94.2,95.0,90.3,92.3,93.7,89.1,101.2
SEALER-0022,1719,28:39,93.8,88.5,91.6,92.4,88.8,93.1,93.1,91.3,92.1,92.6,89.4,101.6
SEALER-0022,1720,28:40,91.8,88.3,90.4,93.3,88.9,94.3,93.9,89.5,91.9,93.2,88.2,101.0
SEALER-0022,1721,28:41,92.5,88.1,90.0,92.4,88.3,93.4,93.0,89.8,90.1,93.4,88.6,100.3
SEALER-0022,1722,28:42,92.3,88.2,89.8,93.2,89.1,93.1,93.3,90.1,91.4,93.9,88.6,100.7
SEALER-0022,1723,28:43,92.3,89.5,90.5,91.7,89.0,93.3,92.7,89.6,90.9,93.8,87.7,101.2
SEALER-0022,1724,28:44,91.9,87.3,89.8,92.0,87.9,93.1,92.9,89.9,90.4,91.6,88.6,98.9
SEALER-0022,1725,28:45,92.3,88.3,89.8,91.9,87.7,93.7,92.5,89.5,90.7,92.4,87.8,99.6
SEALER-0022,1726,28:46,92.1,87.5,89.3,91.4,88.1,92.8,92.4,89.7,90.8,91.7,87.3,99.5
SEALER-0022,1727,28:47,91.7,87.3,89.9,90.6,87.9,92.5,90.9,89.3,89.9,92.9,88.4,98.9
SEALER-0022,1728,28:48,92.2,87.0,89.3,91.6,87.8,91.2,92.5,89.6,89.9,92.6,87.9,99.4
SEALER-0022,1729,28:49,91.5,86.3,89.5,90.9,87.2,92.1,93.1,88.9,89.7,91.8,86.6,99.7
SEALER-0022,1730,28:50,91.9,86.8,89.6,90.6,86.3,92.1,92.1,89.1,89.3,91.6,87.9,99.0
SEALER-0022,1731,28:51,90.7,86.4,89.0,90.4,87.0,91.7,91.4,88.8,89.5,91.5,87.2,99.3
SEALER-0022,1732,28:52,91.0,86.4,87.8,91.2,86.7,91.4,91.2,87.7,89.2,90.2,86.0,98.5
SEALER-0022,1733,28:53,89.7,85.3,88.3,90.6,86.2,91.6,90.6,89.2,88.8,91.5,85.4,99.2
SEALER-0022,1734,28:54,91.0,86.4,87.9,90.2,86.5,91.4,90.7,87.7,88.8,90.3,87.0,97.1
SEALER-0022,1735,28:55,90.9,85.6,87.9,90.3,85.3,91.3,90.4,88.1,88.8,91.4,85.9,97.5
SEALER-0022,1736,28:56,90.3,85.5,87.5,90.2,86.4,91.2,90.2,87.3,88.4,90.9,86.2,96.8
SEALER-0022,1737,28:57,90.5,86.1,88.7,89.2,85.2,90.3,90.4,86.2,88.1,90.1,85.3,98.2
SEALER-0022,1738,28:58,90.8,85.8,87.5,89.2,85.4,89.9,90.4,87.1,87.9,89.3,85.7,97.4
SEALER-0022,1739,28:59,89.7,85.4,87.3,88.8,85.3,91.1,89.0,87.5,88.6,90.1,85.0,96.6
SEALER-0022,1740,29:00,90.2,84.9,86.4,89.6,85.6,90.4,89.8,87.0,87.9,89.3,85.5,97.1
SEALER-0022,1741,29:01,88.9,84.9,87.1,89.0,84.4,89.7,89.5,86.6,87.3,89.7,86.2,96.0
SEALER-0022,1742,29:02,89.7,85.1,86.9,89.0,85.0,89.7,88.6,86.7,87.4,89.2,83.8,96.9
SEALER-0022,1743,29:03,88.7,83.8,86.3,89.1,84.8,89.0,88.4,86.6,87.6,90.0,84.8,96.7
SEALER-0022,1744,29:04,89.3,85.1,85.5,88.1,84.2,87.9,88.4,85.7,86.5,90.1,84.6,95.9
SEALER-0022,1745,29:05,89.0,84.1,85.8,88.4,84.3,88.8,88.8,86.1,86.9,88.6,84.3,96.0
SEALER-0022,1746,29:06,87.8,84.9,87.5,87.1,84.0,89.2,88.1,86.1,86.3,88.8,83.6,95.6
SEALER-0022,1747,29:07,88.6,84.5,86.1,87.2,84.0,87.1,86.8,86.5,86.7,88.8,83.6,95.3
SEALER-0022,1748,29:08,87.9,84.0,84.7,87.4,83.3,88.3,87.5,85.7,86.5,88.1,83.2,94.6
SEALER-0022,1749,29:09,88.4,83.0,85.9,86.7,84.0,88.1,87.6,85.8,85.9,87.2,83.8,95.8
SEALER-0022,1750,29:10,88.2,82.9,84.8,87.1,82.9,87.6,87.0,84.5,85.7,88.0,83.2,94.5
SEALER-0022,1751,29:11,88.1,84.0,84.4,87.1,83.3,87.7,86.6,84.4,86.5,87.5,84.3,94.5
SEALER-0022,1752,29:12,88.1,83.1,85.3,87.2,82.2,87.1,87.5,83.8,85.5,87.1,83.1,94.4
SEALER-0022,1753,29:13,87.5,84.0,84.5,86.5,82.8,87.6,87.4,84.3,85.9,87.6,83.6,94.1
SEALER-0022,1754,29:14,87.3,83.2,85.5,87.3,82.6,87.1,86.7,83.8,85.8,87.2,84.3,94.7
SEALER-0022,1755,29:15,86.5,82.4,84.2,86.4,82.6,87.1,86.0,84.3,85.3,87.5,82.9,94.7
SEALER-0022,1756,29:16,88.0,82.3,84.6,86.1,82.6,86.6,86.3,84.0,85.2,87.5,83.0,94.3
SEALER-0022,1757,29:17,87.2,82.6,84.4,85.9,81.3,86.7,86.9,83.0,84.3,87.0,81.7,94.1
SEALER-0022,1758,29:18,85.8,81.7,84.4,85.8,82.1,86.3,86.1,83.7,84.5,86.9,82.2,93.7
SEALER-0022,1759,29:19,86.4,81.7,83.7,86.1,82.2,86.0,86.2,84.1,83.9,87.3,82.5,93.1
SEALER-0022,1760,29:20,86.8,81.6,82.8,86.4,81.6,86.5,85.3,83.6,84.5,86.5,81.0,93.4
SEALER-0022,1761,29:21,86.3,81.2,84.3,85.3,80.4,86.3,84.4,83.4,83.5,86.2,80.7,93.4
SEALER-0022,1762,29:22,85.4,81.1,85.0,85.8,81.4,85.9,85.5,83.0,85.0,86.3,81.2,93.1
SEALER-0022,1763,29:23,86.1,81.0,83.4,84.7,81.8,86.3,85.6,82.8,83.5,86.5,81.3,93.0
SEALER-0022,1764,29:24,85.4,80.5,83.0,84.4,81.5,85.5,85.2,82.6,84.1,85.2,81.0,92.8
SEALER-0022,1765,29:25,85.5,81.0,83.6,84.7,81.7,85.6,85.4,81.3,83.1,85.4,81.4,92.5
SEALER-0022,1766,29:26,85.8,81.3,83.2,84.7,79.9,85.0,84.1,82.7,83.0,86.8,81.3,91.9
SEALER-0022,1767,29:27,84.8,81.1,81.6,85.0,80.4,84.7,84.3,82.6,83.0,85.4,80.6,91.8
SEALER-0022,1768,29:28,85.6,80.1,83.2,84.2,80.3,84.5,84.2,82.3,83.1,85.1,80.2,91.6
SEALER-0022,1769,29:29,85.3,81.7,82.3,84.4,80.6,84.5,83.9,81.9,83.4,85.0,80.6,91.8
SEALER-0022,1770,29:30,84.6,80.4,81.5,84.1,80.2,83.5,83.2,81.7,82.6,84.5,79.9,91.5
SEALER-0022,1771,29:31,84.3,80.0,82.7,84.0,79.9,83.9,82.8,81.5,83.5,83.8,79.8,90.6
SEALER-0022,1772,29:32,84.8,79.8,82.0,83.5,80.1,84.0,83.5,81.2,83.1,83.6,81.2,90.5
SEALER-0022,1773,29:33,85.2,79.8,81.3,82.9,80.3,83.6,83.4,81.1,82.3,84.2,80.4,90.9
SEALER-0022,1774,29:34,85.2,80.1,82.4,83.6,79.2,83.9,83.5,80.8,82.1,84.2,79.1,90.6
SEALER-0022,1775,29:35,84.4,79.3,81.4,83.6,79.7,82.5,82.9,80.4,82.5,85.3,80.0,92.0
SEALER-0022,1776,29:36,82.8,79.2,81.9,83.0,78.8,83.0,82.3,79.9,81.7,83.0,78.6,90.4
SEALER-0022,1777,29:37,83.3,77.7,81.8,82.5,79.8,83.5,81.6,81.0,82.8,82.8,78.9,89.9
SEALER-0022,1778,29:38,83.3,78.5,81.8,83.0,79.2,82.6,82.8,79.8,81.6,83.6,78.6,90.8
SEALER-0022,1779,29:39,84.3,79.1,80.8,82.4,77.8,82.7,81.6,79.8,81.9,82.9,78.6,90.1
SEALER-0022,1780,29:40,83.4,79.0,81.5,82.3,79.0,81.9,81.8,79.8,81.6,82.9,79.0,90.3
SEALER-0022,1781,29:41,83.8,78.5,81.2,82.3,78.2,82.3,82.3,79.4,81.1,82.2,78.8,89.7
SEALER-0022,1782,29:42,82.8,78.5,80.8,81.8,78.7,82.0,81.4,79.3,82.0,83.3,78.3,89.2
SEALER-0022,1783,29:43,82.8,78.1,79.8,82.5,77.9,81.7,81.7,79.2,81.5,83.2,78.3,89.0
SEALER-0022,1784,29:44,83.2,78.5,80.6,81.8,77.2,80.9,81.8,79.5,80.2,82.9,78.0,89.1
SEALER-0022,1785,29:45,82.4,77.7,79.8,81.4,77.1,82.0,81.5,79.2,80.3,83.3,77.6,88.9
SEALER-0022,1786,29:46,82.0,77.1,79.9,81.7,77.7,81.4,81.3,77.9,79.9,82.8,77.7,88.4
SEALER-0022,1787,29:47,83.0,78.2,80.1,81.0,77.4,81.1,81.4,78.3,80.1,82.3,77.8,88.5
SEALER-0022,1788,29:48,82.0,76.6,80.2,81.6,78.4,81.6,81.3,78.6,80.2,82.9,77.9,88.6
SEALER-0022,1789,29:49,81.6,77.0,79.6,80.9,77.8,80.9,80.7,79.0,81.0,81.5,77.5,88.9
SEALER-0022,1790,29:50,83.2,76.5,78.4,80.5,76.2,80.3,80.6,78.4,79.3,81.3,77.9,88.8
SEALER-0022,1791,29:51,81.9,77.3,79.5,80.1,77.1,80.6,80.9,78.0,79.0,81.5,75.9,87.8
SEALER-0022,1792,29:52,81.2,77.5,78.9,80.4,76.7,80.4,79.5,78.5,79.1,80.4,77.4,87.6
SEALER-0022,1793,29:53,81.8,76.5,80.0,81.0,76.5,80.1,80.6,77.7,80.5,81.4,76.5,88.0
SEALER-0022,1794,29:54,81.7,77.0,78.8,80.1,76.8,79.7,79.2,77.7,79.8,80.8,75.7,87.6
SEALER-0022,1795,29:55,81.7,75.5,79.0,79.4,75.4,79.6,78.7,77.2,79.7,80.9,77.2,87.5
SEALER-0022,1796,29:56,81.5,76.3,78.6,79.3,75.8,79.2,78.9,77.1,79.8,80.3,75.8,86.6
SEALER-0022,1797,29:57,80.4,76.1,77.8,79.5,75.7,79.5,79.0,77.6,78.7,80.6,75.8,87.3
SEALER-0022,1798,29:58,81.1,76.5,78.4,79.7,75.2,79.0,78.8,76.1,78.0,80.5,75.8,87.0
SEALER-0022,1799,29:59,80.4,75.4,77.5,79.9,75.6,79.2,78.5,77.5,78.6,80.8,76.3,87.7
