trial_id,time_s,time_mmss,T_LH_HOOD,T_LH_FENDER,T_LH_FRONT_DOOR,T_LH_REAR_DOOR,T_LH_Q_P,T_LH_T_G,T_RH_T_G,T_RH_Q_P,T_RH_REAR_DOOR,T_RH_FR_DOOR,T_RH_FENDER,T_RH_HOOD
SEALER-0072,0,00:00,35.4,34.9,34.5,34.2,34.7,35.7,34.7,35.3,34.6,35.1,35.1,34.6
SEALER-0072,1,00:01,36.5,35.2,34.3,35.2,34.4,35.0,34.9,34.5,35.2,34.9,34.5,35.3
SEALER-0072,2,00:02,35.6,34.8,35.3,34.4,34.1,35.3,33.8,34.7,34.6,35.0,34.4,33.8
SEALER-0072,3,00:03,34.6,36.2,34.9,36.0,34.6,35.2,35.6,36.2,35.0,34.5,35.3,34.3
SEALER-0072,4,00:04,35.5,35.5,34.7,34.8,34.1,34.7,34.8,34.6,35.7,34.4,35.5,35.4
SEALER-0072,5,00:05,35.2,34.7,35.2,34.7,33.8,35.2,33.7,35.0,34.1,35.8,34.3,34.5
SEALER-0072,6,00:06,36.5,35.6,35.1,35.1,34.0,34.9,35.0,35.4,34.8,35.3,35.1,35.0
SEALER-0072,7,00:07,35.4,35.7,34.7,34.2,35.2,35.3,34.2,34.6,35.6,34.3,34.8,35.1
SEALER-0072,8,00:08,34.5,35.3,35.6,35.2,34.9,34.1,34.6,36.1,35.6,35.2,35.5,34.8
SEALER-0072,9,00:09,35.4,35.3,35.4,34.9,35.4,34.6,35.4,34.8,35.3,35.6,34.9,35.0
SEALER-0072,10,00:10,35.5,35.7,34.5,35.2,35.1,34.2,35.2,34.0,36.7,34.8,34.8,35.4
SEALER-0072,11,00:11,35.3,35.1,34.5,34.7,35.4,35.1,34.3,33.1,34.9,34.7,34.2,35.5
SEALER-0072,12,00:12,35.0,35.2,34.6,35.3,36.6,34.9,35.2,35.2,34.6,35.5,34.3,34.7
SEALER-0072,13,00:13,35.8,36.2,36.0,34.3,34.2,35.1,36.0,35.6,34.7,35.1,35.3,34.6
SEALER-0072,14,00:14,35.6,35.1,35.3,35.9,35.1,34.2,36.1,35.0,34.9,34.9,35.4,35.0
SEALER-0072,15,00:15,35.6,36.1,36.0,35.5,35.5,35.1,34.3,34.9,34.9,34.6,35.6,36.0
SEALER-0072,16,00:16,35.6,34.9,35.2,34.4,35.5,35.2,35.4,34.4,35.5,35.3,35.0,34.7
SEALER-0072,17,00:17,34.9,34.6,35.7,36.2,34.2,34.5,34.5,35.3,36.0,34.9,35.2,35.2
SEALER-0072,18,00:18,35.1,34.6,35.2,34.8,34.5,35.6,34.4,35.7,35.7,35.3,35.3,34.9
SEALER-0072,19,00:19,34.8,35.1,35.3,34.9,34.8,35.7,35.6,35.4,34.1,35.6,35.7,35.0
SEALER-0072,20,00:20,34.9,35.0,35.7,34.9,34.9,35.1,34.7,36.9,35.7,33.6,35.0,35.3
SEALER-0072,21,00:21,34.9,35.2,35.3,35.7,34.4,35.4,34.8,34.1,34.9,36.1,34.1,35.0
SEALER-0072,22,00:22,35.5,34.8,34.6,35.0,35.8,34.5,35.7,35.8,34.6,35.1,34.2,34.6
SEALER-0072,23,00:23,36.3,35.4,34.1,35.9,34.9,34.9,34.8,34.9,34.6,35.1,34.0,35.8
SEALER-0072,24,00:24,34.9,34.3,34.1,34.4,34.9,34.5,35.0,34.2,34.3,35.2,34.2,35.4
SEALER-0072,25,00:25,34.8,35.3,36.0,35.2,35.0,34.8,35.7,35.8,34.1,34.9,33.8,34.9
SEALER-0072,26,00:26,35.0,35.1,34.8,34.6,36.1,35.0,34.8,34.6,34.6,35.5,34.7,35.9
SEALER-0072,27,00:27,34.1,35.4,34.7,34.4,35.3,35.2,35.0,35.2,34.7,35.2,35.9,35.2
SEALER-0072,28,00:28,35.8,35.1,34.6,35.2,35.0,34.8,34.7,34.9,35.4,35.2,35.6,34.7
SEALER-0072,29,00:29,35.1,34.1,35.5,34.8,34.5,34.8,34.5,34.2,34.9,34.5,35.0,34.4
SEALER-0072,30,00:30,35.0,35.3,34.8,34.2,34.6,34.4,35.5,36.0,34.7,34.8,33.9,35.0
SEALER-0072,31,00:31,34.3,35.9,34.8,34.7,35.2,35.4,35.4,35.6,35.8,35.5,35.4,35.4
SEALER-0072,32,00:32,35.1,35.1,36.2,35.4,34.1,35.8,34.7,35.2,35.7,35.7,35.1,35.7
SEALER-0072,33,00:33,35.5,35.4,35.5,35.5,37.2,35.4,34.6,35.6,35.8,35.0,35.6,34.0
SEALER-0072,34,00:34,36.0,35.7,35.1,35.5,35.8,35.3,34.6,34.4,35.6,35.8,34.8,36.2
SEALER-0072,35,00:35,35.0,34.2,34.5,35.8,35.7,34.9,33.4,35.3,36.1,35.4,35.1,35.2
SEALER-0072,36,00:36,35.1,35.1,35.0,35.2,34.6,35.0,35.8,34.7,35.2,35.3,34.8,34.2
SEALER-0072,37,00:37,35.2,34.9,35.3,34.3,34.6,35.0,35.8,34.4,34.2,35.1,35.0,35.1
SEALER-0072,38,00:38,35.4,35.6,35.5,35.3,35.0,36.5,35.2,35.1,35.3,36.6,35.7,34.7
SEALER-0072,39,00:39,34.4,35.2,35.9,34.9,35.0,34.9,35.0,35.8,36.0,35.3,34.0,34.1
SEALER-0072,40,00:40,35.7,35.5,35.4,35.3,34.6,34.9,34.9,34.6,35.5,35.5,34.4,34.8
SEALER-0072,41,00:41,35.9,34.8,35.0,35.2,34.6,34.2,34.6,35.2,34.9,36.0,35.2,35.3
SEALER-0072,42,00:42,35.9,34.9,34.8,35.3,34.8,34.4,35.4,34.7,34.8,34.6,34.7,34.6
SEALER-0072,43,00:43,34.8,35.4,35.1,35.8,34.8,35.6,33.7,33.7,35.2,34.9,35.5,34.9
SEALER-0072,44,00:44,34.2,35.2,34.9,35.7,36.1,35.2,35.2,35.1,36.9,34.6,35.1,34.7
SEALER-0072,45,00:45,34.8,34.9,34.8,35.0,35.9,34.1,34.5,34.3,34.5,35.0,35.6,35.0
SEALER-0072,46,00:46,35.1,35.7,35.3,36.1,34.8,35.2,34.1,34.7,35.6,35.0,35.9,34.8
SEALER-0072,47,00:47,33.9,35.7,36.6,35.0,34.8,34.9,35.2,34.2,35.5,34.3,34.7,34.2
SEALER-0072,48,00:48,35.1,35.0,34.5,35.1,34.3,34.0,35.8,34.9,34.8,34.7,35.1,35.1
SEALER-0072,49,00:49,35.7,35.4,35.4,35.3,35.8,35.2,35.0,34.6,35.2,35.4,35.6,35.3
SEALER-0072,50,00:50,35.0,36.0,35.7,35.4,35.5,36.6,34.5,34.4,35.1,35.2,34.8,35.0
SEALER-0072,51,00:51,35.9,35.1,35.9,36.1,34.6,34.8,34.2,34.9,35.9,35.2,34.8,34.9
SEALER-0072,52,00:52,35.2,35.9,35.2,35.4,34.3,35.0,35.4,34.5,35.7,35.0,35.7,35.4
SEALER-0072,53,00:53,35.1,35.7,35.1,35.0,34.5,34.9,35.4,34.9,35.0,35.4,34.8,34.1
SEALER-0072,54,00:54,35.1,35.7,35.8,34.7,35.0,35.2,34.0,34.8,36.0,35.9,35.3,35.4
SEALER-0072,55,00:55,35.2,35.0,34.8,35.4,35.2,35.4,34.7,35.0,35.0,35.9,36.0,34.1
SEALER-0072,56,00:56,35.2,34.8,36.0,34.8,34.2,36.1,34.6,35.1,35.4,35.8,35.6,35.6
SEALER-0072,57,00:57,34.9,35.2,34.4,34.8,35.4,35.1,34.9,34.1,34.9,35.8,35.8,34.8
SEALER-0072,58,00:58,35.9,35.1,36.0,35.6,34.5,35.2,35.5,35.2,35.5,35.9,35.1,35.9
SEALER-0072,59,00:59,34.9,34.6,35.6,34.2,35.2,34.5,35.2,34.5,35.0,35.8,35.5,34.7
SEALER-0072,60,01:00,35.1,35.1,35.2,34.6,35.6,35.7,34.4,35.2,35.2,35.0,35.1,35.9
SEALER-0072,61,01:01,34.5,35.5,34.8,34.7,35.5,33.9,36.0,35.1,35.4,34.6,35.5,35.9
SEALER-0072,62,01:02,34.8,35.9,35.9,35.5,35.2,34.5,34.7,34.9,34.0,35.3,36.1,35.6
SEALER-0072,63,01:03,35.1,35.6,35.7,35.5,35.5,34.8,35.1,34.4,35.0,36.0,35.9,35.5
SEALER-0072,64,01:04,34.9,35.2,35.1,35.6,34.0,35.5,34.8,35.5,35.2,35.5,35.7,35.5
SEALER-0072,65,01:05,35.2,35.0,35.2,36.3,35.8,35.1,35.2,35.8,34.3,36.0,35.3,35.3
SEALER-0072,66,01:06,35.0,35.5,35.0,35.4,35.8,35.2,35.3,35.3,34.8,35.8,35.2,34.6
SEALER-0072,67,01:07,35.7,35.5,36.1,34.9,34.5,36.1,36.0,35.4,34.5,35.4,35.5,35.2
SEALER-0072,68,01:08,35.4,35.9,35.6,34.8,36.0,35.4,35.7,35.4,35.9,34.8,35.0,35.0
SEALER-0072,69,01:09,35.3,35.2,35.2,35.6,35.6,35.2,34.6,35.5,36.2,35.7,36.0,35.9
SEALER-0072,70,01:10,33.9,36.1,35.7,36.2,34.3,35.4,34.9,34.9,35.6,35.4,35.7,35.0
SEALER-0072,71,01:11,35.5,35.4,36.2,34.4,35.8,34.5,35.0,35.1,34.3,36.1,34.5,35.4
SEALER-0072,72,01:12,35.5,36.1,35.1,34.9,35.7,34.6,34.7,35.2,35.7,35.2,35.5,35.1
SEALER-0072,73,01:13,35.3,36.5,36.1,35.4,34.8,35.5,34.4,35.9,34.4,35.3,35.8,34.7
SEALER-0072,74,01:14,36.2,36.1,35.4,35.4,34.6,35.6,35.1,36.0,35.8,36.5,35.6,35.7
SEALER-0072,75,01:15,34.7,35.3,35.7,35.3,35.2,35.0,35.5,35.2,35.9,35.9,35.5,35.5
SEALER-0072,76,01:16,35.2,36.3,36.1,35.4,34.3,35.6,34.9,35.3,35.0,36.3,36.1,35.7
SEALER-0072,77,01:17,34.9,35.5,35.7,34.6,35.3,34.3,34.9,34.6,34.5,35.9,35.7,35.8
SEALER-0072,78,01:18,34.9,36.1,34.5,35.5,34.5,35.2,34.4,34.3,35.6,36.0,35.1,35.1
SEALER-0072,79,01:19,35.6,35.4,35.7,35.2,35.9,35.7,34.8,35.0,36.0,36.4,36.4,35.5
SEALER-0072,80,01:20,36.1,36.5,35.7,36.3,36.1,35.0,34.9,34.5,35.1,35.6,35.9,35.5
SEALER-0072,81,01:21,35.4,35.3,35.8,36.0,34.4,35.6,35.3,34.7,35.1,36.0,35.5,36.5
SEALER-0072,82,01:22,34.5,35.7,35.8,35.9,34.8,35.2,35.6,35.8,36.0,35.5,35.2,36.0
SEALER-0072,83,01:23,35.3,35.6,35.6,35.7,34.3,34.8,35.5,35.4,35.5,36.2,35.1,35.5
SEALER-0072,84,01:24,34.6,35.7,35.1,36.0,35.6,35.8,34.2,34.8,35.7,35.6,35.4,34.3
SEALER-0072,85,01:25,34.7,35.6,35.3,34.6,35.4,35.0,35.4,35.7,35.4,36.5,35.1,35.1
SEALER-0072,86,01:26,34.3,35.2,35.7,36.0,35.0,34.8,35.0,35.8,35.9,35.8,35.4,35.5
SEALER-0072,87,01:27,36.0,35.6,36.1,36.2,34.3,35.2,33.9,35.4,35.5,36.1,35.3,35.7
SEALER-0072,88,01:28,35.6,35.5,36.3,35.1,35.3,35.2,35.3,34.8,35.9,36.3,36.4,35.4
SEALER-0072,89,01:29,35.7,35.5,36.1,36.0,35.3,35.0,35.5,35.5,35.5,36.2,36.2,35.3
SEALER-0072,90,01:30,35.9,35.3,35.7,35.5,35.8,35.1,34.3,35.1,35.6,36.1,35.5,35.5
SEALER-0072,91,01:31,35.3,36.1,35.3,36.4,35.3,35.2,34.2,35.4,35.1,36.3,36.0,35.4
SEALER-0072,92,01:32,34.8,36.1,37.0,36.0,35.3,35.3,34.9,35.2,35.9,35.8,36.8,35.8
SEALER-0072,93,01:33,35.2,36.4,36.7,35.2,34.8,34.7,35.8,35.4,36.1,36.4,35.8,35.9
SEALER-0072,94,01:34,35.3,36.1,36.4,35.9,35.0,34.8,35.4,35.9,35.3,36.1,36.0,35.5
SEALER-0072,95,01:35,35.9,35.9,36.5,36.0,35.1,35.2,35.1,36.0,36.0,36.5,36.3,35.1
SEALER-0072,96,01:36,35.2,35.9,36.0,36.1,36.1,35.4,35.5,35.9,35.2,36.8,36.0,35.7
SEALER-0072,97,01:37,35.4,36.0,35.4,35.9,34.9,36.1,34.7,35.1,36.0,36.4,36.7,34.9
SEALER-0072,98,01:38,36.0,35.8,36.3,35.6,34.8,35.4,36.0,35.7,35.9,35.5,35.4,35.0
SEALER-0072,99,01:39,35.7,36.7,36.2,35.1,36.0,35.3,35.5,35.3,35.9,36.0,35.1,34.8
SEALER-0072,100,01:40,36.7,36.5,35.9,36.2,35.5,36.3,35.5,35.9,35.4,37.3,36.3,36.3
SEALER-0072,101,01:41,35.4,36.7,36.2,36.3,34.9,35.2,35.1,35.6,35.7,36.6,35.9,35.1
SEALER-0072,102,01:42,36.0,36.5,36.6,36.5,36.5,35.5,35.2,34.3,35.2,37.0,35.7,35.8
SEALER-0072,103,01:43,36.2,36.7,36.3,35.8,36.2,35.7,34.7,35.3,35.7,36.8,34.4,34.9
SEALER-0072,104,01:44,36.4,35.9,37.6,36.2,35.5,35.3,35.3,34.7,34.7,36.4,36.4,36.1
SEALER-0072,105,01:45,35.8,36.8,36.3,36.4,35.8,34.9,35.4,35.0,36.0,37.0,36.4,36.2
SEALER-0072,106,01:46,35.9,36.5,35.9,36.3,35.5,35.4,35.5,36.2,36.3,37.0,36.8,35.1
SEALER-0072,107,01:47,36.4,36.5,36.2,36.9,35.7,34.8,35.3,36.4,36.2,37.6,35.8,35.9
SEALER-0072,108,01:48,36.7,36.4,36.5,36.7,36.0,34.6,36.1,36.0,36.6,37.6,36.4,36.0
SEALER-0072,109,01:49,35.2,37.0,37.2,37.1,35.4,35.3,35.1,35.4,35.9,36.8,36.1,36.1
SEALER-0072,110,01:50,35.7,36.1,36.9,36.9,36.0,36.8,34.9,35.4,36.1,36.8,36.5,35.9
SEALER-0072,111,01:51,36.3,36.7,36.8,35.9,35.8,35.5,35.1,35.6,36.9,37.3,36.7,35.1
SEALER-0072,112,01:52,36.1,37.4,36.6,37.3,36.0,36.5,35.5,34.8,36.1,37.1,36.9,36.1
SEALER-0072,113,01:53,36.3,36.7,36.8,37.0,35.7,35.1,35.8,35.6,36.6,37.0,35.9,35.8
SEALER-0072,114,01:54,35.8,36.4,37.4,37.2,35.2,35.6,35.4,35.5,36.4,38.7,36.5,36.2
SEALER-0072,115,01:55,36.2,37.1,36.9,36.9,35.6,35.9,36.2,35.5,37.2,37.2,36.5,34.8
SEALER-0072,116,01:56,35.9,37.1,37.8,36.8,35.8,36.4,35.3,36.0,36.5,37.0,35.7,34.7
SEALER-0072,117,01:57,36.7,37.7,37.3,37.2,35.3,35.2,35.6,35.7,37.0,37.9,36.3,35.3
SEALER-0072,118,01:58,36.6,37.0,37.7,37.2,35.8,35.9,35.7,35.5,36.6,37.9,37.5,35.2
SEALER-0072,119,01:59,35.9,36.1,36.8,37.6,35.8,35.5,35.2,36.9,36.8,37.7,36.2,35.4
SEALER-0072,120,02:00,36.1,36.7,38.0,38.1,36.3,36.3,36.1,36.2,36.6,37.3,36.5,35.5
SEALER-0072,121,02:01,35.1,37.9,37.8,36.6,35.7,35.4,35.6,36.1,37.0,37.6,36.9,36.4
SEALER-0072,122,02:02,35.8,37.8,38.2,37.1,36.7,35.3,36.3,36.5,37.6,38.7,37.0,36.4
SEALER-0072,123,02:03,36.3,38.2,38.3,37.3,35.4,35.7,36.6,35.2,36.9,38.4,36.0,36.2
SEALER-0072,124,02:04,36.5,37.2,37.3,37.4,36.3,35.5,35.4,35.4,36.9,38.9,36.7,36.0
SEALER-0072,125,02:05,36.2,38.0,38.1,38.5,36.6,35.7,35.3,36.6,38.1,38.1,37.7,37.0
SEALER-0072,126,02:06,37.4,37.6,37.8,37.5,35.7,36.2,35.6,36.7,36.8,38.7,36.9,36.0
SEALER-0072,127,02:07,36.9,38.2,37.8,37.6,37.0,35.9,36.1,36.7,37.6,39.4,37.5,36.1
SEALER-0072,128,02:08,36.7,38.4,38.4,37.6,37.6,35.2,36.6,35.8,37.9,38.3,37.3,35.8
SEALER-0072,129,02:09,36.2,38.1,38.1,37.6,35.9,35.6,36.4,36.5,37.7,38.9,37.3,37.0
SEALER-0072,130,02:10,37.1,38.5,38.4,38.5,35.3,35.6,36.4,36.0,37.1,39.3,38.0,37.0
SEALER-0072,131,02:11,36.5,39.0,38.9,38.1,36.9,36.1,36.1,36.7,37.4,39.3,38.0,35.7
SEALER-0072,132,02:12,36.5,37.7,38.5,38.1,36.0,36.3,36.3,36.7,37.4,39.5,38.6,36.3
SEALER-0072,133,02:13,36.5,38.3,39.2,38.5,37.2,36.8,36.1,35.5,37.2,39.4,37.7,35.5
SEALER-0072,134,02:14,36.6,38.8,39.7,37.6,36.4,36.1,35.9,37.0,38.1,39.3,37.2,35.4
SEALER-0072,135,02:15,37.9,39.6,38.7,38.9,35.0,36.0,35.2,36.2,37.8,39.5,38.4,36.4
SEALER-0072,136,02:16,36.6,38.8,40.2,38.6,36.4,35.8,35.9,37.0,38.5,39.9,37.9,36.8
SEALER-0072,137,02:17,38.2,38.9,39.8,39.2,36.0,36.0,37.2,37.3,38.2,40.4,39.2,36.7
SEALER-0072,138,02:18,36.8,39.8,38.9,39.3,35.5,36.8,36.9,36.2,38.5,41.1,37.5,37.4
SEALER-0072,139,02:19,36.8,38.4,39.7,39.0,36.0,35.7,36.5,35.9,38.0,40.1,38.4,37.2
SEALER-0072,140,02:20,37.6,39.2,40.7,38.6,36.2,36.4,36.2,36.0,37.9,40.7,38.7,37.0
SEALER-0072,141,02:21,37.5,39.8,39.2,39.7,36.7,36.3,35.9,36.9,38.2,40.1,38.7,36.2
SEALER-0072,142,02:22,37.2,40.2,39.9,39.4,36.8,37.0,35.7,37.3,38.4,40.1,38.6,36.1
SEALER-0072,143,02:23,38.3,40.3,39.4,39.0,36.9,35.4,35.4,36.2,38.7,41.5,39.5,37.6
SEALER-0072,144,02:24,37.3,40.5,39.9,40.6,36.5,36.6,36.3,36.9,38.8,41.1,38.4,36.7
SEALER-0072,145,02:25,36.9,40.2,40.7,40.0,37.9,36.4,36.2,37.1,39.6,41.1,39.4,37.1
SEALER-0072,146,02:26,38.3,40.3,40.8,39.6,38.1,36.3,36.4,37.3,39.5,40.1,39.2,37.0
SEALER-0072,147,02:27,36.8,40.8,40.5,39.5,36.0,37.0,35.6,37.2,39.2,42.3,39.6,36.7
SEALER-0072,148,02:28,38.2,41.0,42.0,40.2,36.4,37.8,36.5,37.6,39.0,42.2,39.9,36.5
SEALER-0072,149,02:29,38.6,40.9,40.7,39.1,36.7,37.6,36.4,38.0,39.7,42.7,39.5,37.5
SEALER-0072,150,02:30,38.4,41.5,41.5,40.1,37.2,37.0,36.7,36.9,38.9,42.2,40.4,37.6
SEALER-0072,151,02:31,38.3,41.0,41.5,40.3,37.4,37.1,36.1,37.1,39.9,42.6,40.2,37.8
SEALER-0072,152,02:32,38.6,41.5,42.1,40.9,38.5,37.1,36.6,38.4,39.4,41.8,39.6,37.1
SEALER-0072,153,02:33,39.1,41.3,42.5,40.7,37.0,36.5,37.3,37.6,40.3,42.8,40.2,38.2
SEALER-0072,154,02:34,38.9,41.9,41.7,40.3,37.1,37.3,37.4,37.3,40.3,43.7,41.0,37.6
SEALER-0072,155,02:35,39.0,41.9,41.8,41.8,37.8,37.8,37.5,37.3,40.8,43.2,41.1,38.4
SEALER-0072,156,02:36,38.9,42.2,42.8,42.1,38.5,36.7,36.5,37.1,40.1,43.8,41.0,38.2
SEALER-0072,157,02:37,39.2,41.6,42.6,41.5,38.3,37.4,37.6,38.3,39.8,43.7,41.2,38.1
SEALER-0072,158,02:38,40.3,43.4,43.6,41.5,37.3,38.1,37.2,37.8,40.5,45.0,41.8,37.9
SEALER-0072,159,02:39,40.0,43.1,43.1,41.3,36.9,37.5,37.7,39.0,40.0,44.1,41.7,38.4
SEALER-0072,160,02:40,38.7,42.5,43.8,41.7,37.6,36.7,36.7,38.1,41.0,44.9,41.9,39.0
SEALER-0072,161,02:41,39.4,43.8,43.3,41.6,37.9,37.6,37.1,37.7,41.3,44.2,42.1,39.1
SEALER-0072,162,02:42,39.3,44.0,42.9,42.1,38.7,38.1,38.0,39.5,42.4,45.7,42.6,38.6
SEALER-0072,163,02:43,40.1,43.8,43.8,42.9,38.8,37.8,37.6,39.1,41.7,46.3,42.4,37.8
SEALER-0072,164,02:44,40.4,44.8,44.2,42.6,38.2,38.1,38.0,39.0,42.4,44.9,42.6,39.1
SEALER-0072,165,02:45,40.9,43.9,44.7,42.8,38.6,37.9,37.7,39.7,41.6,45.1,43.8,38.4
SEALER-0072,166,02:46,40.3,45.0,43.8,43.4,38.5,38.3,38.3,39.6,41.8,46.8,43.7,40.0
SEALER-0072,167,02:47,41.4,44.5,45.4,43.7,38.5,38.9,38.3,39.0,43.2,46.2,43.6,39.4
SEALER-0072,168,02:48,41.4,44.7,44.7,43.9,39.3,39.1,38.1,38.7,42.9,46.9,43.5,39.8
SEALER-0072,169,02:49,40.3,45.7,45.7,43.8,40.0,38.2,38.9,39.3,42.5,47.3,43.7,39.2
SEALER-0072,170,02:50,41.2,45.5,46.7,44.5,39.0,38.0,38.3,39.4,42.0,47.8,43.2,38.9
SEALER-0072,171,02:51,40.5,46.4,46.6,44.3,39.4,38.9,38.0,39.6,43.1,47.2,44.6,38.9
SEALER-0072,172,02:52,41.7,45.3,47.2,44.4,39.2,38.0,38.8,40.1,44.3,48.2,45.2,40.2
SEALER-0072,173,02:53,41.7,46.1,47.1,44.4,39.1,38.6,38.3,38.8,43.7,48.7,45.2,40.1
SEALER-0072,174,02:54,42.0,46.4,47.7,44.7,39.3,38.9,38.4,40.2,43.6,49.0,45.3,40.6
SEALER-0072,175,02:55,41.9,46.5,47.5,45.3,40.0,39.3,39.3,40.5,44.7,49.6,44.9,39.8
SEALER-0072,176,02:56,43.3,47.4,48.1,45.6,39.1,40.0,38.7,40.3,44.6,49.7,45.1,40.0
SEALER-0072,177,02:57,42.4,46.7,48.0,45.7,39.0,39.9,38.1,40.4,44.8,50.2,46.2,39.9
SEALER-0072,178,02:58,42.8,47.1,48.5,46.0,39.8,39.3,38.6,40.8,45.2,50.8,46.7,40.4
SEALER-0072,179,02:59,42.9,48.5,49.3,46.9,40.0,39.0,40.0,40.5,45.3,50.9,46.0,41.0
SEALER-0072,180,03:00,43.7,47.0,49.3,46.9,40.5,39.3,39.5,40.5,45.6,50.2,45.9,40.6
SEALER-0072,181,03:01,43.8,49.1,50.1,46.7,40.6,39.6,39.6,41.6,45.1,50.9,47.4,40.7
SEALER-0072,182,03:02,43.7,49.4,50.4,47.2,40.8,39.5,39.3,41.1,45.0,51.9,47.4,40.8
SEALER-0072,183,03:03,43.2,49.1,50.7,46.9,40.2,39.3,40.1,40.4,45.9,53.0,47.8,40.6
SEALER-0072,184,03:04,45.4,49.8,50.3,47.5,41.0,40.2,40.4,40.8,46.3,52.5,48.1,42.0
SEALER-0072,185,03:05,44.9,50.0,50.5,47.3,42.1,41.6,40.1,41.6,46.5,52.9,48.4,42.7
SEALER-0072,186,03:06,44.7,50.7,50.9,48.1,41.7,41.3,40.9,41.7,46.6,52.5,48.3,42.1
SEALER-0072,187,03:07,44.7,51.2,51.7,48.0,41.6,41.0,40.5,43.1,47.4,54.0,48.6,42.2
SEALER-0072,188,03:08,45.9,51.1,50.7,48.9,42.2,41.2,40.8,42.5,48.0,53.6,48.5,43.3
SEALER-0072,189,03:09,45.3,52.2,52.5,49.1,41.6,41.4,41.1,42.2,46.9,55.0,49.2,42.7
SEALER-0072,190,03:10,46.0,51.9,52.6,49.7,41.8,41.1,41.7,43.2,47.4,54.8,50.1,42.5
SEALER-0072,191,03:11,45.8,51.5,52.7,50.0,42.5,41.7,41.3,42.5,47.9,54.3,49.9,43.4
SEALER-0072,192,03:12,46.3,52.4,53.3,49.5,42.3,42.0,41.7,44.2,49.1,55.3,50.2,43.4
SEALER-0072,193,03:13,45.5,52.7,53.9,50.8,43.4,41.5,40.8,43.9,48.0,56.7,50.9,43.1
SEALER-0072,194,03:14,46.7,53.8,54.5,50.8,42.7,42.5,41.1,43.5,49.4,55.9,51.0,44.6
SEALER-0072,195,03:15,46.2,53.1,54.7,51.7,43.1,42.1,41.7,44.4,49.3,56.6,51.5,44.5
SEALER-0072,196,03:16,47.7,53.7,55.2,52.4,43.9,42.7,42.6,43.7,49.7,57.7,52.0,44.2
SEALER-0072,197,03:17,48.2,54.4,54.9,50.7,43.6,43.1,42.0,44.6,49.7,56.9,51.9,44.0
SEALER-0072,198,03:18,48.5,54.1,55.8,51.7,44.3,43.7,42.8,44.1,50.5,57.7,52.3,44.8
SEALER-0072,199,03:19,48.9,55.4,55.5,52.1,44.1,43.7,42.8,44.5,50.3,58.2,53.0,44.7
SEALER-0072,200,03:20,48.4,55.8,55.7,52.4,44.4,43.0,42.8,45.4,51.0,58.5,54.3,44.8
SEALER-0072,201,03:21,49.1,56.1,56.1,53.5,45.2,43.5,42.5,45.3,50.8,58.4,52.7,46.6
SEALER-0072,202,03:22,49.4,56.8,56.5,53.1,46.2,43.7,42.4,45.6,51.8,58.7,53.9,46.4
SEALER-0072,203,03:23,49.6,56.5,57.1,53.9,44.6,43.8,43.3,45.7,51.6,59.8,54.3,45.2
SEALER-0072,204,03:24,50.0,57.1,57.3,54.2,45.7,43.2,43.8,46.4,52.7,60.2,54.5,45.9
SEALER-0072,205,03:25,49.2,58.6,57.4,54.4,46.3,44.8,42.7,46.1,52.3,60.8,55.4,46.1
SEALER-0072,206,03:26,49.9,57.9,58.7,54.1,46.7,45.1,44.0,46.9,52.9,60.8,55.1,46.5
SEALER-0072,207,03:27,50.3,58.1,59.2,54.1,45.8,45.0,44.0,46.8,53.2,61.9,56.1,47.0
SEALER-0072,208,03:28,51.2,59.0,59.1,55.3,45.1,46.2,45.2,47.1,52.3,61.2,55.6,46.8
SEALER-0072,209,03:29,52.9,59.1,59.7,55.7,47.4,45.7,44.0,48.1,52.8,61.8,56.1,47.1
SEALER-0072,210,03:30,51.9,60.2,60.3,55.6,46.2,45.2,45.4,48.5,54.1,62.8,56.4,48.2
SEALER-0072,211,03:31,51.8,60.5,60.0,55.9,48.1,46.2,44.3,47.8,54.0,61.8,58.0,48.3
SEALER-0072,212,03:32,53.2,60.1,60.2,56.9,47.9,46.8,45.4,48.5,54.2,63.1,57.1,48.8
SEALER-0072,213,03:33,54.2,60.9,61.2,56.1,47.6,47.4,45.3,48.5,54.5,63.6,58.9,48.7
SEALER-0072,214,03:34,53.0,61.6,61.4,57.2,48.6,47.7,45.3,50.6,55.4,63.6,58.9,49.1
SEALER-0072,215,03:35,53.3,62.1,61.6,57.4,49.2,46.3,46.8,49.1,55.3,64.1,59.0,49.3
SEALER-0072,216,03:36,54.2,62.9,62.0,57.8,48.6,47.9,45.5,49.1,55.6,63.7,59.6,50.3
SEALER-0072,217,03:37,54.3,63.0,62.6,58.7,49.4,47.7,46.5,49.8,56.0,65.1,58.7,50.1
SEALER-0072,218,03:38,55.2,62.6,63.0,58.1,50.1,48.2,47.1,50.6,56.9,66.3,60.4,49.3
SEALER-0072,219,03:39,55.6,63.4,62.4,59.3,50.2,48.1,48.0,51.0,57.4,65.6,59.4,50.9
SEALER-0072,220,03:40,55.9,64.3,63.7,59.4,50.6,49.4,47.5,51.8,56.7,65.9,60.7,50.8
SEALER-0072,221,03:41,55.9,63.2,63.2,59.6,50.6,50.0,47.8,51.5,57.8,66.5,60.9,51.5
SEALER-0072,222,03:42,56.0,63.9,63.6,59.3,51.6,49.6,47.2,51.5,57.3,66.4,61.4,51.9
SEALER-0072,223,03:43,57.1,65.2,64.6,60.0,51.7,50.0,48.5,52.0,58.5,66.1,62.0,51.3
SEALER-0072,224,03:44,56.8,65.6,65.2,60.3,51.8,50.3,48.2,52.2,58.6,67.0,62.3,52.2
SEALER-0072,225,03:45,57.7,65.7,65.3,61.2,51.7,50.3,49.0,52.0,58.2,68.6,62.7,52.8
SEALER-0072,226,03:46,58.5,67.0,65.3,61.0,52.7,51.5,48.5,53.7,59.0,68.5,62.6,52.6
SEALER-0072,227,03:47,58.8,66.3,64.9,61.2,52.8,51.1,50.0,54.0,59.6,68.1,63.0,53.0
SEALER-0072,228,03:48,58.9,66.9,65.8,61.0,53.4,51.4,49.6,53.7,59.7,69.4,63.3,53.1
SEALER-0072,229,03:49,59.5,66.5,65.3,62.2,53.6,52.3,49.3,54.7,59.5,68.9,63.9,53.6
SEALER-0072,230,03:50,58.7,67.3,66.8,62.6,53.5,52.4,49.9,53.9,59.7,69.0,64.4,53.7
SEALER-0072,231,03:51,59.2,68.1,66.7,62.6,54.1,52.6,51.5,55.2,60.1,69.2,64.6,53.8
SEALER-0072,232,03:52,60.1,68.6,67.2,62.2,55.8,53.6,50.7,56.1,59.6,69.5,65.1,54.8
SEALER-0072,233,03:53,61.4,68.9,67.4,63.1,54.6,53.9,50.6,55.7,60.4,70.3,65.2,54.9
SEALER-0072,234,03:54,60.8,68.5,67.6,62.7,55.0,54.5,51.6,55.6,60.7,70.7,64.5,55.2
SEALER-0072,235,03:55,60.6,69.2,68.8,62.8,56.3,54.7,51.5,56.9,60.9,70.6,65.8,55.0
SEALER-0072,236,03:56,61.8,70.0,68.7,64.0,56.4,54.6,52.4,57.2,61.0,71.1,66.6,55.7
SEALER-0072,237,03:57,62.2,69.7,68.5,64.0,56.2,55.7,52.4,57.5,61.9,71.3,66.4,55.5
SEALER-0072,238,03:58,62.8,70.3,69.2,65.0,56.5,55.3,52.9,57.2,61.5,71.7,67.4,56.6
SEALER-0072,239,03:59,62.6,70.9,68.4,64.2,56.8,55.6,53.5,59.2,62.9,72.3,67.2,56.9
SEALER-0072,240,04:00,61.8,70.0,69.9,64.2,58.1,56.6,54.2,58.1,62.1,72.4,68.2,57.2
SEALER-0072,241,04:01,63.7,70.3,70.1,64.4,57.7,57.2,53.6,58.6,62.5,72.5,67.5,56.4
SEALER-0072,242,04:02,63.3,71.1,70.7,65.3,58.2,57.0,54.2,59.4,62.9,72.6,68.2,57.1
SEALER-0072,243,04:03,63.7,71.5,70.9,66.1,58.8,58.0,54.9,59.5,63.4,73.3,69.0,58.1
SEALER-0072,244,04:04,64.3,72.2,70.4,66.3,59.1,58.3,54.8,60.4,63.9,73.2,68.3,57.9
SEALER-0072,245,04:05,64.6,71.9,70.6,65.3,59.2,58.2,55.1,60.0,63.6,73.1,69.3,58.1
SEALER-0072,246,04:06,64.5,72.4,70.1,66.3,60.1,59.6,56.1,60.9,63.4,73.1,69.4,59.7
SEALER-0072,247,04:07,65.1,72.4,71.6,66.4,60.8,58.6,56.4,60.6,64.2,74.0,69.7,59.3
SEALER-0072,248,04:08,66.1,73.6,71.2,66.4,60.6,59.6,57.1,62.0,64.4,73.9,69.0,59.0
SEALER-0072,249,04:09,65.1,72.6,72.4,66.6,61.1,59.7,56.9,61.9,64.5,74.0,70.0,59.8
SEALER-0072,250,04:10,66.6,75.0,72.2,67.8,62.5,59.4,56.5,62.1,65.4,74.5,70.0,59.1
SEALER-0072,251,04:11,66.5,73.9,72.5,67.2,60.9,60.4,57.1,61.6,64.1,74.7,71.8,59.9
SEALER-0072,252,04:12,67.0,73.9,72.2,67.4,62.2,61.5,57.6,62.3,65.4,74.6,70.3,60.5
SEALER-0072,253,04:13,66.9,74.8,72.9,67.1,62.2,61.2,58.4,62.7,64.6,74.9,70.6,61.2
SEALER-0072,254,04:14,68.3,74.6,72.4,67.2,61.8,61.8,58.7,63.5,65.7,74.6,72.4,61.1
SEALER-0072,255,04:15,67.6,75.3,73.1,67.9,62.6,62.8,58.9,63.6,65.6,74.3,71.6,61.0
SEALER-0072,256,04:16,68.1,75.4,73.1,68.1,63.5,62.5,57.4,63.7,66.0,75.4,71.9,61.6
SEALER-0072,257,04:17,68.9,75.5,72.7,67.7,63.5,62.8,59.9,64.5,65.6,75.5,71.7,62.0
SEALER-0072,258,04:18,69.7,75.3,73.3,69.6,64.5,63.2,59.3,65.7,66.2,76.0,71.4,62.4
SEALER-0072,259,04:19,68.9,75.8,72.9,68.8,64.2,63.9,59.4,64.1,66.4,75.3,72.5,61.9
SEALER-0072,260,04:20,69.4,76.0,73.5,68.5,64.7,63.9,60.8,65.5,66.0,76.0,72.5,63.1
SEALER-0072,261,04:21,69.0,76.6,74.6,68.4,65.3,64.7,60.6,65.8,66.4,77.2,72.5,62.1
SEALER-0072,262,04:22,69.6,76.3,73.9,69.5,65.7,64.7,59.9,65.7,67.5,76.8,72.7,62.9
SEALER-0072,263,04:23,71.0,77.1,74.9,69.5,65.8,65.2,61.0,66.6,67.7,76.8,73.8,62.9
SEALER-0072,264,04:24,70.5,76.2,75.2,69.0,65.2,64.7,60.7,66.0,66.7,77.1,73.4,63.6
SEALER-0072,265,04:25,70.8,77.1,73.7,69.5,65.2,65.8,61.8,66.9,66.8,77.2,73.4,63.5
SEALER-0072,266,04:26,70.3,78.1,74.3,69.8,66.7,66.7,61.6,67.0,67.3,77.7,73.3,63.9
SEALER-0072,267,04:27,71.1,76.5,74.6,69.4,66.5,66.6,61.7,67.7,68.4,78.0,73.6,64.3
SEALER-0072,268,04:28,71.5,78.1,74.4,69.3,67.3,67.0,61.8,66.9,67.3,77.7,73.7,65.2
SEALER-0072,269,04:29,72.2,78.0,75.4,70.3,67.3,67.1,61.9,67.8,68.1,77.5,74.7,65.0
SEALER-0072,270,04:30,71.8,77.1,75.5,70.2,68.0,67.7,63.1,67.7,68.8,77.9,74.8,65.4
SEALER-0072,271,04:31,71.9,77.7,76.1,69.6,67.8,68.2,62.8,68.1,67.3,78.1,74.3,64.5
SEALER-0072,272,04:32,72.9,77.5,74.8,70.2,67.1,67.9,63.3,69.0,67.7,77.2,74.9,64.8
SEALER-0072,273,04:33,72.6,78.7,75.8,70.6,68.9,67.3,63.2,68.5,69.0,77.4,75.2,64.6
SEALER-0072,274,04:34,72.8,78.1,76.4,69.5,69.5,68.6,64.5,69.4,68.0,78.9,76.2,65.8
SEALER-0072,275,04:35,73.1,79.0,76.2,70.3,69.0,69.5,63.8,69.3,68.1,78.4,75.4,65.4
SEALER-0072,276,04:36,73.0,79.1,75.7,71.0,69.6,69.5,64.3,69.7,68.7,77.5,75.3,66.1
SEALER-0072,277,04:37,73.3,79.1,75.9,71.5,69.7,70.4,65.0,69.3,68.8,78.9,75.8,66.2
SEALER-0072,278,04:38,73.9,80.0,76.0,70.4,70.6,69.9,64.1,69.8,67.7,78.4,75.5,65.7
SEALER-0072,279,04:39,73.5,79.4,75.9,70.7,70.2,70.7,65.3,69.9,69.5,78.2,75.8,66.0
SEALER-0072,280,04:40,73.3,79.6,76.6,71.7,70.6,70.3,65.7,70.0,69.0,79.3,76.5,66.6
SEALER-0072,281,04:41,74.5,79.4,76.6,70.6,70.5,69.7,65.8,72.5,69.8,79.1,75.8,66.1
SEALER-0072,282,04:42,74.8,79.4,76.8,71.4,70.8,69.9,65.4,70.4,69.2,78.6,75.9,66.3
SEALER-0072,283,04:43,73.3,79.8,76.6,70.7,71.2,70.8,65.9,71.4,68.6,78.2,76.8,66.6
SEALER-0072,284,04:44,74.3,79.5,77.7,71.7,70.3,72.8,66.2,71.4,69.2,77.9,77.2,66.6
SEALER-0072,285,04:45,74.7,79.9,76.1,71.1,71.1,72.4,66.2,71.3,70.3,79.8,76.8,67.5
SEALER-0072,286,04:46,74.0,80.6,77.8,72.0,71.5,72.5,66.3,72.3,69.4,78.9,76.5,65.9
SEALER-0072,287,04:47,75.5,79.7,76.6,71.5,71.3,71.6,66.2,71.8,69.6,79.4,76.7,67.7
SEALER-0072,288,04:48,75.0,80.6,76.5,72.2,72.0,72.7,66.8,71.6,70.1,79.0,77.5,67.0
SEALER-0072,289,04:49,75.0,79.2,76.5,71.4,73.0,72.7,67.4,72.6,69.1,78.9,77.1,67.5
SEALER-0072,290,04:50,75.9,81.0,76.7,72.6,72.1,72.7,67.3,72.4,70.0,79.5,77.4,67.4
SEALER-0072,291,04:51,75.6,80.5,76.9,71.6,72.4,73.4,67.0,71.9,69.5,79.8,77.4,68.0
SEALER-0072,292,04:52,76.7,81.8,76.7,72.0,73.6,73.2,67.5,72.9,70.8,79.4,76.9,67.6
SEALER-0072,293,04:53,76.2,80.9,76.5,72.0,73.3,72.8,68.2,73.3,69.0,80.4,76.9,68.7
SEALER-0072,294,04:54,75.4,81.7,78.0,72.1,73.6,73.2,68.0,73.3,70.3,79.7,77.7,68.8
SEALER-0072,295,04:55,76.3,80.2,78.1,72.4,73.9,73.7,67.7,73.3,71.5,80.4,77.6,68.0
SEALER-0072,296,04:56,75.3,81.2,77.8,71.6,73.4,74.6,68.4,74.1,70.1,79.6,78.3,68.9
SEALER-0072,297,04:57,76.5,80.9,77.9,72.6,74.0,73.7,68.5,74.4,71.2,80.4,78.2,68.5
SEALER-0072,298,04:58,76.1,80.8,78.1,72.7,73.7,74.9,68.4,73.8,70.6,79.7,78.3,69.3
SEALER-0072,299,04:59,76.7,82.1,76.8,72.5,73.7,74.5,68.9,74.6,70.7,80.0,78.0,69.4
SEALER-0072,300,05:00,76.1,81.2,77.1,70.8,73.7,75.0,68.5,73.8,70.8,79.5,77.4,67.5
SEALER-0072,301,05:01,76.6,81.5,77.4,73.1,74.7,75.9,69.3,74.2,69.9,79.4,77.8,68.5
SEALER-0072,302,05:02,76.2,81.1,78.1,73.3,74.9,75.7,69.0,74.2,70.8,81.1,77.6,68.5
SEALER-0072,303,05:03,76.5,81.8,78.2,72.8,74.3,75.5,68.8,74.4,70.7,80.5,78.6,69.8
SEALER-0072,304,05:04,77.4,81.1,79.1,72.9,75.0,75.5,69.5,74.3,71.0,79.9,78.4,69.6
SEALER-0072,305,05:05,77.4,81.8,78.4,73.1,74.9,76.1,68.7,75.0,71.1,80.5,77.8,69.5
SEALER-0072,306,05:06,77.1,82.5,77.8,72.6,75.7,76.3,69.5,75.0,71.1,82.6,77.9,68.9
SEALER-0072,307,05:07,76.8,81.8,77.8,72.4,76.1,77.5,69.4,76.0,71.0,81.4,77.8,69.8
SEALER-0072,308,05:08,77.9,81.9,78.3,72.3,76.1,77.0,69.6,74.6,70.9,81.2,79.1,70.0
SEALER-0072,309,05:09,77.4,81.8,78.4,72.4,75.4,77.5,70.3,75.4,70.8,80.6,78.4,69.5
SEALER-0072,310,05:10,78.7,83.1,78.9,73.4,74.8,76.8,70.7,74.8,71.0,80.4,78.5,69.4
SEALER-0072,311,05:11,77.9,82.6,79.5,73.0,75.9,77.3,70.4,75.3,71.7,80.8,79.8,69.9
SEALER-0072,312,05:12,78.0,82.2,78.8,73.4,76.9,76.2,70.6,75.6,70.3,80.4,79.1,70.5
SEALER-0072,313,05:13,77.9,81.5,77.4,73.4,76.5,77.0,71.3,76.1,71.2,80.9,78.6,70.0
SEALER-0072,314,05:14,77.0,82.1,78.8,74.0,76.3,77.4,71.0,76.3,71.1,80.9,79.7,70.5
SEALER-0072,315,05:15,77.9,82.4,78.8,72.3,76.3,77.0,70.4,75.4,71.4,80.6,78.3,69.2
SEALER-0072,316,05:16,77.9,81.7,78.2,73.6,75.8,78.8,70.3,75.8,71.0,80.8,80.2,69.7
SEALER-0072,317,05:17,77.7,82.4,78.5,72.2,76.2,77.6,71.3,75.7,70.9,80.6,79.1,70.9
SEALER-0072,318,05:18,77.9,82.4,77.7,73.0,76.9,78.0,71.4,76.3,70.4,81.5,79.0,69.5
SEALER-0072,319,05:19,78.7,82.3,78.7,73.3,75.8,77.5,71.1,76.5,70.8,80.8,78.9,69.6
SEALER-0072,320,05:20,78.2,81.5,78.0,74.0,76.0,78.0,71.1,75.7,71.6,80.6,78.9,70.9
SEALER-0072,321,05:21,79.1,82.6,78.7,72.8,76.8,77.5,70.6,75.9,70.6,81.1,79.8,69.7
SEALER-0072,322,05:22,77.9,81.8,78.4,72.7,77.3,78.6,71.3,75.4,70.5,80.4,79.1,69.9
SEALER-0072,323,05:23,78.5,82.7,78.1,73.4,76.5,78.7,71.9,76.9,70.6,81.3,80.1,70.2
SEALER-0072,324,05:24,78.5,81.9,77.8,74.0,76.3,77.9,71.8,76.6,71.5,81.5,79.4,70.4
SEALER-0072,325,05:25,80.0,83.4,79.3,73.4,77.0,78.3,72.1,77.3,71.5,81.2,78.9,70.7
SEALER-0072,326,05:26,78.4,83.0,80.3,73.4,77.1,78.2,71.2,77.5,71.6,80.4,79.0,71.0
SEALER-0072,327,05:27,78.5,83.3,78.8,74.2,77.9,78.7,71.1,77.1,72.1,80.9,78.6,71.0
SEALER-0072,328,05:28,79.1,82.2,78.7,74.0,77.9,78.3,71.6,76.6,71.9,82.0,79.2,69.9
SEALER-0072,329,05:29,78.5,82.4,78.7,73.7,76.5,78.6,72.1,76.6,71.0,80.4,79.3,70.9
SEALER-0072,330,05:30,79.0,82.9,79.6,72.7,77.3,77.9,71.7,77.0,70.9,80.9,80.3,71.0
SEALER-0072,331,05:31,79.4,83.1,77.8,72.8,77.9,78.1,72.0,76.5,72.2,81.3,79.5,70.7
SEALER-0072,332,05:32,78.7,81.8,79.0,72.8,78.2,79.1,71.7,77.2,71.2,81.4,79.7,70.4
SEALER-0072,333,05:33,78.8,82.4,79.3,73.5,76.8,79.8,71.4,76.2,71.7,81.5,80.5,71.0
SEALER-0072,334,05:34,78.9,83.5,78.1,72.8,77.2,79.4,70.9,76.8,71.0,81.7,78.9,70.0
SEALER-0072,335,05:35,78.8,82.5,78.8,74.6,77.7,79.1,71.1,77.5,71.5,81.6,79.6,70.1
SEALER-0072,336,05:36,78.3,83.1,78.7,73.7,79.1,78.2,72.5,77.6,71.1,81.1,79.8,70.6
SEALER-0072,337,05:37,78.1,83.4,78.0,73.8,78.6,80.0,72.5,77.8,72.1,81.1,80.3,71.1
SEALER-0072,338,05:38,78.3,83.9,78.8,74.3,77.8,79.6,72.4,77.9,71.1,81.4,80.5,71.3
SEALER-0072,339,05:39,78.9,83.4,79.4,73.2,78.0,80.0,72.5,77.3,71.5,81.1,79.6,70.8
SEALER-0072,340,05:40,78.3,82.5,79.7,74.3,77.2,79.5,71.3,77.6,72.0,82.7,80.1,71.2
SEALER-0072,341,05:41,79.0,84.0,79.6,74.6,77.0,79.8,72.2,77.4,71.4,82.1,79.8,71.1
SEALER-0072,342,05:42,79.8,82.9,78.1,74.6,78.2,80.4,73.3,78.1,71.1,80.9,79.5,70.6
SEALER-0072,343,05:43,78.7,83.3,78.6,73.9,78.4,80.6,72.4,78.1,71.2,81.2,79.7,70.3
SEALER-0072,344,05:44,80.1,83.2,78.9,73.6,78.2,79.8,72.9,77.4,72.3,81.8,80.4,70.8
SEALER-0072,345,05:45,80.5,83.1,79.1,73.0,79.4,80.0,72.9,78.1,72.3,81.2,79.9,70.2
SEALER-0072,346,05:46,79.9,83.8,78.7,73.7,78.6,80.3,72.6,76.9,71.5,81.6,79.9,70.8
SEALER-0072,347,05:47,78.7,81.8,79.0,73.7,78.4,79.8,72.9,78.3,71.3,81.2,80.2,71.4
SEALER-0072,348,05:48,79.5,83.6,78.7,73.7,78.3,79.8,72.9,77.0,71.2,82.4,79.2,71.3
SEALER-0072,349,05:49,79.2,83.9,79.1,73.7,78.2,81.0,72.3,78.3,71.5,82.1,80.3,71.1
SEALER-0072,350,05:50,78.8,83.2,79.0,74.6,78.2,80.4,72.1,77.8,71.2,81.4,79.8,71.1
SEALER-0072,351,05:51,79.9,82.9,79.4,74.9,77.9,80.5,72.5,77.3,72.0,81.5,80.0,72.1
SEALER-0072,352,05:52,78.4,82.7,79.6,72.8,78.9,80.7,73.0,78.0,71.9,81.9,78.4,71.5
SEALER-0072,353,05:53,79.0,83.7,79.4,73.7,78.9,80.5,72.9,77.6,71.6,80.5,80.4,71.9
SEALER-0072,354,05:54,79.7,83.1,79.1,74.2,78.1,80.6,72.3,78.2,71.7,80.8,80.8,70.9
SEALER-0072,355,05:55,79.9,83.1,79.9,73.1,78.9,80.5,73.4,77.8,73.1,81.0,79.3,70.4
SEALER-0072,356,05:56,78.9,83.3,78.5,74.5,78.5,81.2,73.3,76.7,72.4,81.2,80.1,71.8
SEALER-0072,357,05:57,79.6,82.8,79.5,74.5,79.4,79.9,73.9,78.2,72.0,81.4,79.7,72.0
SEALER-0072,358,05:58,79.1,83.2,79.2,73.5,79.3,79.5,72.5,77.6,72.1,82.0,80.9,71.2
SEALER-0072,359,05:59,78.6,83.3,79.1,73.5,78.3,80.9,73.1,77.9,72.0,82.7,80.0,70.8
SEALER-0072,360,06:00,79.2,83.9,79.9,74.3,79.2,80.6,71.9,78.2,71.7,81.2,79.7,71.4
SEALER-0072,361,06:01,79.3,82.5,79.0,74.1,79.1,80.0,72.5,77.9,70.8,82.0,79.9,71.1
SEALER-0072,362,06:02,79.1,82.8,79.2,74.2,77.9,80.1,73.4,78.1,73.2,81.3,80.6,70.5
SEALER-0072,363,06:03,79.3,82.9,78.4,74.0,78.4,81.2,73.0,79.0,73.1,81.5,80.3,71.8
SEALER-0072,364,06:04,79.6,83.2,79.3,74.6,78.8,79.8,73.0,77.9,72.0,81.8,79.5,72.3
SEALER-0072,365,06:05,80.1,83.0,79.4,74.1,78.6,81.4,73.7,78.1,72.7,81.7,79.8,71.6
SEALER-0072,366,06:06,79.0,83.6,78.8,74.1,79.0,81.3,73.3,77.9,73.0,82.5,80.2,71.1
SEALER-0072,367,06:07,79.4,83.0,80.8,74.1,78.3,80.1,73.0,78.3,71.9,81.4,80.3,72.1
SEALER-0072,368,06:08,79.3,83.1,79.4,73.7,79.4,80.0,73.1,78.5,72.0,81.4,79.6,71.9
SEALER-0072,369,06:09,79.6,83.3,78.7,74.3,78.5,80.5,72.9,78.8,72.2,82.0,80.0,71.7
SEALER-0072,370,06:10,80.0,83.9,79.5,74.7,79.1,80.3,73.5,78.5,72.0,81.2,79.6,71.3
SEALER-0072,371,06:11,80.3,83.2,78.9,74.3,79.2,81.3,73.8,78.9,71.6,82.7,80.8,71.7
SEALER-0072,372,06:12,79.8,83.3,79.7,74.7,78.8,80.0,73.2,78.6,72.7,82.1,80.3,71.7
SEALER-0072,373,06:13,79.5,83.1,78.9,74.6,79.0,80.7,73.7,78.2,72.3,82.4,79.5,71.7
SEALER-0072,374,06:14,79.8,83.9,79.0,74.8,79.6,80.8,74.0,78.9,72.9,81.3,79.6,71.3
SEALER-0072,375,06:15,79.5,82.9,79.2,73.6,78.4,80.6,72.7,77.8,72.1,81.8,79.9,70.8
SEALER-0072,376,06:16,79.6,82.8,78.7,74.4,79.1,80.7,73.6,79.2,72.1,81.0,80.7,71.6
SEALER-0072,377,06:17,79.6,83.4,80.1,73.6,79.0,81.3,73.7,78.3,72.4,81.9,80.0,71.3
SEALER-0072,378,06:18,80.0,83.5,79.2,73.3,79.3,80.6,73.5,78.8,72.3,81.3,81.1,72.4
SEALER-0072,379,06:19,79.6,83.2,80.0,74.6,79.5,80.8,73.8,79.2,72.3,81.5,80.5,71.7
SEALER-0072,380,06:20,80.5,82.6,79.0,73.5,79.4,80.8,73.6,78.0,72.4,81.9,80.0,71.5
SEALER-0072,381,06:21,79.0,83.4,80.1,73.9,79.3,81.8,73.2,78.9,72.4,84.6,80.2,71.8
SEALER-0072,382,06:22,79.4,83.6,79.4,74.0,78.9,80.6,72.9,78.6,72.6,84.8,80.1,72.1
SEALER-0072,383,06:23,79.7,83.9,79.0,73.8,79.2,81.5,74.0,79.2,72.3,85.8,80.4,71.3
SEALER-0072,384,06:24,79.7,83.6,81.9,73.3,78.7,81.4,73.2,78.3,71.8,86.5,80.0,70.8
SEALER-0072,385,06:25,79.6,83.0,83.1,74.4,79.2,81.3,73.7,78.7,71.4,85.7,80.3,72.4
SEALER-0072,386,06:26,79.8,83.8,82.9,74.1,80.0,80.9,74.0,78.4,72.3,87.3,80.1,71.5
SEALER-0072,387,06:27,80.9,84.0,84.4,76.4,79.1,81.0,72.5,78.3,71.9,87.9,80.3,71.3
SEALER-0072,388,06:28,79.9,83.2,84.2,76.9,79.0,80.7,74.0,77.5,72.9,88.4,80.1,71.8
SEALER-0072,389,06:29,81.0,82.9,85.2,76.9,79.0,80.4,73.1,78.3,72.0,88.5,79.8,72.4
SEALER-0072,390,06:30,79.8,85.8,85.4,78.6,79.6,80.5,74.4,76.7,74.8,88.8,80.5,71.3
SEALER-0072,391,06:31,80.5,87.0,86.3,78.7,79.0,81.0,73.5,78.5,74.8,89.7,80.6,71.8
SEALER-0072,392,06:32,80.1,87.2,85.3,79.4,79.9,81.1,73.4,77.9,76.1,89.7,80.9,71.4
SEALER-0072,393,06:33,79.9,88.1,86.6,80.5,78.9,81.0,73.6,78.5,76.9,90.1,82.6,72.3
SEALER-0072,394,06:34,79.9,88.3,86.9,79.9,79.5,80.7,74.3,78.1,76.6,90.3,84.3,72.1
SEALER-0072,395,06:35,79.9,89.6,87.1,81.0,79.6,81.4,73.9,78.5,77.3,90.8,84.5,71.0
SEALER-0072,396,06:36,79.9,90.1,87.6,80.2,79.7,81.5,73.2,78.7,77.7,90.7,84.3,71.9
SEALER-0072,397,06:37,80.1,90.4,87.2,81.4,78.4,81.5,72.7,79.3,77.8,91.8,85.9,71.3
SEALER-0072,398,06:38,80.1,91.1,88.3,82.0,78.9,80.8,72.6,79.3,79.0,91.2,85.9,72.6
SEALER-0072,399,06:39,80.1,91.6,88.5,81.8,79.4,81.9,73.1,79.1,78.5,92.6,86.8,72.1
SEALER-0072,400,06:40,79.2,91.3,88.9,81.7,80.0,81.5,73.1,78.2,79.3,92.0,86.1,71.6
SEALER-0072,401,06:41,80.0,92.8,89.4,82.4,80.0,81.1,73.2,77.7,79.3,92.7,86.5,70.9
SEALER-0072,402,06:42,80.9,92.4,89.4,83.0,79.9,80.7,74.4,78.8,79.5,92.3,87.6,72.2
SEALER-0072,403,06:43,79.6,93.1,89.4,82.8,79.8,80.6,73.4,79.1,80.7,92.4,88.5,71.4
SEALER-0072,404,06:44,79.6,92.7,89.2,83.2,79.7,81.7,73.9,78.3,80.8,92.6,88.1,71.4
SEALER-0072,405,06:45,79.6,93.2,89.5,83.1,79.6,81.6,74.2,78.3,80.0,93.7,88.3,71.1
SEALER-0072,406,06:46,82.2,93.7,90.0,83.8,79.3,81.7,72.9,79.1,80.2,93.7,89.8,71.5
SEALER-0072,407,06:47,83.7,94.3,90.0,83.7,79.6,80.8,73.5,79.1,81.0,94.3,90.0,71.5
SEALER-0072,408,06:48,83.3,93.6,90.3,84.6,79.0,81.5,73.7,79.1,80.7,93.4,89.5,72.0
SEALER-0072,409,06:49,84.2,94.5,90.5,84.3,79.3,81.2,73.8,79.3,79.9,94.4,89.9,74.6
SEALER-0072,410,06:50,84.9,93.9,91.0,84.4,78.6,80.8,73.4,78.1,81.7,95.3,89.8,74.1
SEALER-0072,411,06:51,84.4,94.6,91.5,85.0,79.5,82.0,73.7,79.2,82.2,94.3,90.3,75.6
SEALER-0072,412,06:52,86.0,95.4,91.9,84.7,79.6,81.2,74.3,78.1,81.9,95.1,91.1,76.7
SEALER-0072,413,06:53,86.5,96.4,92.2,85.3,79.7,81.0,74.0,79.0,81.7,94.8,90.5,76.8
SEALER-0072,414,06:54,86.7,96.1,91.4,84.7,79.9,81.2,74.5,78.6,82.2,96.0,91.3,76.9
SEALER-0072,415,06:55,87.2,96.1,92.6,85.3,79.5,81.3,73.1,78.5,82.3,95.2,91.0,78.1
SEALER-0072,416,06:56,87.2,95.3,91.7,84.9,78.9,81.1,73.6,79.2,82.7,96.3,90.2,77.3
SEALER-0072,417,06:57,87.8,96.0,92.5,85.9,79.4,80.8,73.1,80.0,83.3,96.5,91.3,77.6
SEALER-0072,418,06:58,88.2,96.5,92.5,86.3,79.3,80.6,72.9,81.1,82.2,97.0,91.9,78.3
SEALER-0072,419,06:59,88.9,96.9,93.6,86.4,79.1,81.1,73.9,82.8,83.5,97.1,93.0,79.4
SEALER-0072,420,07:00,88.7,96.9,93.5,86.1,81.6,82.0,73.6,82.2,83.7,96.6,92.8,78.5
SEALER-0072,421,07:01,88.8,97.1,93.6,86.7,81.6,81.6,74.1,83.8,84.5,96.2,92.2,78.9
SEALER-0072,422,07:02,89.7,98.1,93.9,86.2,82.9,81.1,73.9,84.6,83.4,97.0,93.5,79.7
SEALER-0072,423,07:03,88.8,97.5,92.9,87.3,84.3,80.7,76.3,84.0,83.8,97.9,92.4,78.4
SEALER-0072,424,07:04,90.5,98.1,93.5,87.2,85.5,81.2,76.0,84.6,84.7,97.2,94.1,80.6
SEALER-0072,425,07:05,90.9,98.4,94.0,87.3,84.8,81.0,77.7,85.1,84.6,97.7,93.2,80.1
SEALER-0072,426,07:06,90.0,97.8,94.3,87.7,85.8,83.4,77.7,85.3,84.7,98.3,93.3,80.0
SEALER-0072,427,07:07,90.7,99.0,94.1,87.2,86.6,84.7,77.8,86.3,85.0,98.2,93.4,81.4
SEALER-0072,428,07:08,90.0,98.0,94.4,87.1,86.6,85.9,78.9,86.2,85.0,98.1,94.1,80.9
SEALER-0072,429,07:09,91.1,98.7,94.8,87.9,87.2,85.9,79.2,88.0,85.3,98.6,94.3,81.6
SEALER-0072,430,07:10,91.0,98.8,95.3,87.9,86.1,86.3,79.8,87.2,85.4,97.4,95.1,82.0
SEALER-0072,431,07:11,91.9,99.4,95.2,88.0,87.2,87.0,79.9,87.5,85.6,98.0,95.7,82.1
SEALER-0072,432,07:12,91.8,98.9,95.6,88.4,87.3,88.0,80.0,87.9,85.5,99.1,95.0,81.5
SEALER-0072,433,07:13,91.9,99.2,95.8,87.3,88.2,87.2,80.6,88.2,85.3,99.3,95.0,82.6
SEALER-0072,434,07:14,92.4,99.1,94.7,88.2,87.8,87.9,80.6,88.5,85.5,99.2,96.0,81.2
SEALER-0072,435,07:15,92.2,99.5,95.6,89.3,88.7,89.6,80.9,89.3,84.8,100.1,95.6,81.7
SEALER-0072,436,07:16,92.8,99.9,96.6,89.2,88.6,88.4,80.8,88.2,86.2,99.4,95.8,81.7
SEALER-0072,437,07:17,93.9,99.9,96.4,89.2,88.4,89.1,82.3,89.5,86.7,99.5,95.5,82.8
SEALER-0072,438,07:18,93.3,100.6,97.2,89.9,89.6,89.4,81.8,89.9,86.5,101.1,96.0,82.0
SEALER-0072,439,07:19,93.5,100.8,96.9,89.2,89.2,90.5,82.6,90.4,87.3,99.8,96.1,83.7
SEALER-0072,440,07:20,94.5,100.9,97.2,90.3,89.5,89.5,82.9,89.9,87.0,100.3,96.7,83.6
SEALER-0072,441,07:21,93.3,100.2,96.6,89.6,90.0,90.2,82.9,89.7,86.9,100.5,97.4,83.6
SEALER-0072,442,07:22,93.8,102.2,96.3,90.7,89.5,90.9,82.7,90.7,86.7,100.8,96.5,84.0
SEALER-0072,443,07:23,94.0,100.3,96.5,90.1,91.9,91.4,83.2,91.0,87.3,99.7,97.7,84.6
SEALER-0072,444,07:24,93.9,100.8,96.9,90.1,90.9,92.6,83.4,90.3,87.1,100.2,96.0,84.0
SEALER-0072,445,07:25,94.1,101.6,97.5,90.2,91.5,91.9,83.8,91.1,87.1,101.1,97.0,84.6
SEALER-0072,446,07:26,94.8,101.4,96.6,89.8,91.5,91.7,84.1,90.6,87.8,100.7,97.8,84.1
SEALER-0072,447,07:27,94.2,101.4,98.4,91.4,91.1,92.1,85.0,90.7,88.1,100.4,98.2,83.4
SEALER-0072,448,07:28,94.7,101.7,97.6,91.1,91.0,92.8,83.2,91.5,87.4,100.8,98.1,84.8
SEALER-0072,449,07:29,95.5,101.0,97.6,91.1,90.6,92.9,85.0,93.1,87.7,100.8,97.0,85.8
SEALER-0072,450,07:30,95.4,101.5,97.8,90.2,92.1,92.5,84.3,92.1,89.2,101.5,97.8,85.5
SEALER-0072,451,07:31,95.0,102.5,98.6,90.4,92.6,93.3,85.2,91.7,88.7,101.6,98.2,84.4
SEALER-0072,452,07:32,95.4,102.4,98.8,91.7,92.1,92.2,85.0,92.3,89.3,102.0,98.2,84.9
SEALER-0072,453,07:33,96.4,102.5,98.8,91.0,93.1,94.4,85.4,92.6,88.6,102.5,98.8,85.5
SEALER-0072,454,07:34,95.0,102.7,98.9,92.1,93.5,94.7,86.0,92.8,88.4,102.4,98.0,85.9
SEALER-0072,455,07:35,96.2,103.5,99.0,91.5,93.3,94.6,86.3,91.8,89.9,102.2,98.6,85.3
SEALER-0072,456,07:36,96.1,103.1,99.0,91.3,93.4,94.3,85.6,93.6,88.9,102.7,98.9,86.7
SEALER-0072,457,07:37,96.2,102.8,99.1,91.8,94.0,94.4,87.4,92.7,89.5,102.0,98.6,86.2
SEALER-0072,458,07:38,97.1,103.9,99.4,91.4,93.2,94.7,85.9,93.4,88.8,102.2,99.3,86.3
SEALER-0072,459,07:39,96.6,104.3,98.8,91.5,93.1,94.7,86.8,94.2,89.5,102.1,99.7,85.9
SEALER-0072,460,07:40,97.3,104.3,99.6,92.7,94.0,95.2,86.6,93.9,90.8,103.1,99.3,86.9
SEALER-0072,461,07:41,97.8,104.0,99.8,93.4,93.8,95.7,86.3,93.5,89.2,103.2,99.8,87.1
SEALER-0072,462,07:42,96.7,104.1,99.1,91.9,94.2,95.1,87.1,94.7,89.8,102.7,99.3,86.8
SEALER-0072,463,07:43,97.3,104.7,99.3,92.6,94.0,95.4,87.6,93.7,89.8,102.6,99.9,87.1
SEALER-0072,464,07:44,96.2,104.5,99.8,92.8,94.8,96.3,87.3,93.3,89.2,103.6,100.3,86.9
SEALER-0072,465,07:45,97.5,105.1,99.2,93.3,95.4,96.5,87.6,94.5,89.4,103.4,100.0,86.7
SEALER-0072,466,07:46,98.1,104.2,100.1,93.2,94.9,96.3,87.6,94.3,89.9,103.4,99.8,87.8
SEALER-0072,467,07:47,97.8,105.8,100.3,92.2,94.4,95.9,87.2,94.6,89.9,103.3,100.8,87.0
SEALER-0072,468,07:48,98.8,106.2,100.1,92.2,95.0,96.9,88.8,94.2,90.2,103.0,100.5,88.0
SEALER-0072,469,07:49,98.3,104.9,100.6,93.2,95.5,97.1,87.5,95.4,90.2,104.1,100.4,88.0
SEALER-0072,470,07:50,98.9,105.5,100.7,93.2,95.6,96.8,88.2,95.7,91.1,102.7,100.7,87.8
SEALER-0072,471,07:51,99.0,106.1,100.6,93.7,95.9,96.8,88.1,96.2,90.5,103.4,101.1,88.5
SEALER-0072,472,07:52,99.2,105.5,100.2,93.4,94.9,96.5,88.4,95.6,91.3,104.1,101.1,88.4
SEALER-0072,473,07:53,99.2,106.8,101.1,93.1,96.4,97.0,88.9,95.2,90.5,104.4,101.0,88.4
SEALER-0072,474,07:54,98.3,105.3,100.7,93.2,96.4,97.3,89.4,96.0,90.7,104.3,101.5,88.1
SEALER-0072,475,07:55,98.6,105.6,101.3,93.0,96.1,97.4,88.3,96.6,92.0,105.4,101.4,88.1
SEALER-0072,476,07:56,99.1,106.1,101.5,93.9,95.8,98.3,89.6,96.1,91.2,105.6,102.1,88.8
SEALER-0072,477,07:57,100.0,106.2,101.6,94.4,96.2,98.2,89.4,96.0,91.4,104.9,101.5,89.9
SEALER-0072,478,07:58,99.3,105.3,100.2,93.9,97.5,99.1,89.5,95.5,92.2,104.8,102.2,89.7
SEALER-0072,479,07:59,99.3,106.8,102.3,94.7,97.5,98.4,89.6,96.5,91.2,104.8,101.3,89.2
SEALER-0072,480,08:00,99.1,106.3,101.5,95.3,96.9,99.2,90.5,97.2,92.5,105.6,102.2,88.4
SEALER-0072,481,08:01,99.7,106.7,102.7,94.7,97.6,99.4,90.1,96.9,92.4,106.2,102.5,89.3
SEALER-0072,482,08:02,99.5,106.8,101.9,95.2,97.3,99.0,90.9,97.1,91.9,105.9,101.9,90.6
SEALER-0072,483,08:03,99.8,107.3,102.2,95.7,98.2,98.8,90.0,96.6,91.5,105.3,102.3,90.1
SEALER-0072,484,08:04,100.5,106.2,103.5,94.6,98.7,99.7,89.9,97.2,92.7,105.7,101.9,89.9
SEALER-0072,485,08:05,99.9,107.4,102.5,95.7,97.9,97.9,90.9,97.2,92.7,105.4,103.5,90.0
SEALER-0072,486,08:06,101.0,107.2,102.2,95.0,99.3,98.9,90.7,96.7,92.6,106.2,102.7,89.8
SEALER-0072,487,08:07,100.8,107.6,102.3,94.6,98.5,99.0,90.7,98.3,93.3,105.3,103.1,90.3
SEALER-0072,488,08:08,101.4,107.0,102.4,95.5,98.0,100.3,91.0,97.7,93.0,106.3,102.1,89.9
SEALER-0072,489,08:09,101.7,107.7,102.6,96.1,99.0,99.4,91.0,98.4,92.1,106.1,103.0,89.8
SEALER-0072,490,08:10,100.8,107.3,102.7,96.0,99.2,100.6,90.6,98.1,93.7,106.7,102.7,89.8
SEALER-0072,491,08:11,101.1,107.8,103.2,96.0,99.7,100.7,91.1,97.1,93.0,106.0,102.8,90.6
SEALER-0072,492,08:12,101.8,107.8,102.8,96.5,99.3,100.8,91.5,98.5,93.7,107.1,103.1,91.3
SEALER-0072,493,08:13,102.3,108.1,102.2,95.3,99.2,99.9,91.4,96.8,93.4,107.1,103.8,89.8
SEALER-0072,494,08:14,100.9,108.1,103.8,95.2,99.6,101.7,93.0,98.7,93.3,106.9,102.9,90.2
SEALER-0072,495,08:15,101.5,108.8,103.0,97.2,99.1,100.4,92.1,98.4,93.8,106.8,103.8,92.0
SEALER-0072,496,08:16,101.3,108.6,102.4,96.0,99.6,101.0,91.7,99.2,93.9,107.1,103.6,91.9
SEALER-0072,497,08:17,101.3,108.8,103.3,96.0,99.3,101.6,91.6,99.9,94.4,107.4,104.5,91.6
SEALER-0072,498,08:18,102.3,108.6,103.2,96.5,100.2,101.7,92.3,99.4,94.5,107.0,104.3,91.4
SEALER-0072,499,08:19,103.2,108.9,104.2,95.7,100.4,101.9,91.3,99.1,94.0,107.5,104.0,91.5
SEALER-0072,500,08:20,102.4,109.8,103.7,97.0,100.4,102.5,93.0,99.8,94.0,107.7,104.4,92.0
SEALER-0072,501,08:21,103.2,108.9,103.0,97.4,100.0,102.1,92.3,100.0,94.1,108.5,105.0,91.9
SEALER-0072,502,08:22,102.7,108.7,105.3,96.7,100.6,101.5,92.6,98.2,94.2,106.8,104.5,92.4
SEALER-0072,503,08:23,102.6,108.4,104.0,97.0,100.6,102.8,93.1,100.3,94.3,107.5,105.0,92.1
SEALER-0072,504,08:24,103.4,108.8,104.8,97.3,100.1,102.6,92.3,99.8,94.5,107.6,104.2,91.3
SEALER-0072,505,08:25,103.4,109.5,104.7,97.8,100.7,100.9,92.0,99.2,94.6,108.6,104.2,92.4
SEALER-0072,506,08:26,103.4,109.6,105.2,97.0,101.1,103.2,92.5,100.3,94.3,108.6,105.0,91.7
SEALER-0072,507,08:27,101.8,109.0,104.1,97.6,99.9,102.3,93.1,100.2,95.2,108.0,104.0,93.1
SEALER-0072,508,08:28,102.7,109.7,104.9,98.2,100.7,102.5,93.3,100.6,93.9,108.0,105.2,92.2
SEALER-0072,509,08:29,103.1,110.4,105.2,96.3,100.4,102.9,92.7,101.3,94.8,108.2,104.6,92.9
SEALER-0072,510,08:30,103.8,109.8,105.5,97.3,101.3,103.4,93.9,100.1,96.2,108.4,105.7,92.9
SEALER-0072,511,08:31,103.8,110.5,104.6,96.8,101.3,103.6,93.9,101.0,95.6,109.4,105.4,92.7
SEALER-0072,512,08:32,104.0,110.0,105.9,98.7,101.9,102.7,92.6,101.3,94.6,108.8,106.0,93.4
SEALER-0072,513,08:33,104.1,110.1,105.7,98.7,101.3,103.5,93.9,101.5,95.0,107.9,105.7,93.3
SEALER-0072,514,08:34,103.5,109.9,105.6,98.0,100.9,104.1,93.9,101.3,95.1,109.9,105.3,93.0
SEALER-0072,515,08:35,104.8,110.8,105.4,99.0,101.2,102.6,93.7,100.7,93.8,109.6,106.1,93.5
SEALER-0072,516,08:36,104.0,110.4,105.7,98.7,102.5,103.2,94.0,101.0,95.5,109.7,106.1,92.6
SEALER-0072,517,08:37,104.1,110.7,106.0,99.0,101.9,104.1,95.2,101.8,95.9,109.8,106.6,93.0
SEALER-0072,518,08:38,106.1,112.4,105.8,98.7,101.5,104.2,95.4,100.9,96.0,109.1,106.6,94.0
SEALER-0072,519,08:39,104.6,111.1,105.7,98.5,102.1,104.2,94.5,101.6,96.0,109.9,105.9,93.3
SEALER-0072,520,08:40,104.6,111.7,105.8,98.5,101.9,104.0,94.6,101.7,96.9,110.0,106.1,93.6
SEALER-0072,521,08:41,105.4,111.0,105.7,98.5,102.3,103.8,94.5,103.6,95.3,110.2,105.5,94.3
SEALER-0072,522,08:42,104.4,111.1,105.9,99.1,103.1,103.6,95.1,102.7,96.3,109.6,106.1,94.0
SEALER-0072,523,08:43,104.4,111.2,106.4,98.8,103.1,103.7,95.2,102.5,96.5,110.2,107.0,94.3
SEALER-0072,524,08:44,105.6,111.9,105.9,99.4,102.7,104.4,94.3,101.2,97.0,110.5,105.6,94.0
SEALER-0072,525,08:45,104.0,110.7,105.9,99.6,103.0,104.5,95.0,102.4,96.5,110.6,107.5,94.3
SEALER-0072,526,08:46,105.1,110.9,106.8,99.7,103.0,104.5,96.1,101.9,96.3,110.7,107.1,93.4
SEALER-0072,527,08:47,106.3,111.6,107.2,99.4,103.4,105.3,96.0,103.3,96.9,110.4,106.7,94.9
SEALER-0072,528,08:48,105.8,111.5,106.5,100.7,103.6,105.7,95.1,104.0,96.8,111.4,107.2,93.6
SEALER-0072,529,08:49,105.8,110.6,106.8,99.5,103.1,105.2,95.4,103.5,97.1,110.7,107.5,93.7
SEALER-0072,530,08:50,106.1,111.3,106.9,99.7,103.3,105.4,95.3,102.5,96.6,110.7,107.6,94.9
SEALER-0072,531,08:51,105.2,112.1,107.8,99.4,104.0,105.4,95.9,103.4,97.5,110.4,108.3,94.4
SEALER-0072,532,08:52,105.4,111.8,107.9,99.9,103.1,105.3,94.7,103.2,97.7,109.9,107.7,94.9
SEALER-0072,533,08:53,105.9,111.9,107.0,99.1,103.8,105.2,94.9,103.4,98.4,110.6,107.0,94.7
SEALER-0072,534,08:54,106.1,112.0,107.3,100.9,104.8,105.0,95.7,102.3,97.5,110.2,107.4,94.8
SEALER-0072,535,08:55,106.6,112.1,108.4,100.2,104.1,106.7,96.1,103.6,97.1,110.8,108.8,94.8
SEALER-0072,536,08:56,106.9,111.4,107.6,99.8,104.1,105.9,96.2,103.8,96.6,111.1,107.7,94.3
SEALER-0072,537,08:57,105.9,113.6,107.6,100.6,103.7,106.4,96.4,103.3,97.5,111.4,108.0,95.0
SEALER-0072,538,08:58,106.7,112.6,108.8,100.0,104.3,105.7,97.0,102.6,97.7,111.2,107.9,94.8
SEALER-0072,539,08:59,106.2,112.6,107.6,101.0,102.8,106.3,95.6,104.0,98.5,111.0,108.2,95.6
SEALER-0072,540,09:00,106.2,113.1,107.8,100.5,104.4,106.3,97.4,104.4,98.0,111.5,108.5,96.0
SEALER-0072,541,09:01,106.5,112.0,108.6,99.9,105.0,105.6,97.0,104.3,97.6,111.9,108.4,95.0
SEALER-0072,542,09:02,107.8,112.4,108.2,100.0,105.3,106.8,97.3,103.6,97.7,111.5,108.7,96.5
SEALER-0072,543,09:03,106.7,112.7,107.7,100.7,104.6,107.1,95.8,103.1,97.0,111.3,109.2,96.1
SEALER-0072,544,09:04,107.3,113.5,108.9,100.0,105.7,106.8,97.0,104.9,97.8,111.9,108.1,96.1
SEALER-0072,545,09:05,106.8,113.6,109.1,101.1,104.7,107.5,96.5,104.6,98.9,111.6,109.2,95.7
SEALER-0072,546,09:06,107.3,112.7,108.2,101.0,104.7,106.9,97.0,104.2,98.1,112.0,109.4,94.7
SEALER-0072,547,09:07,107.7,114.0,108.9,100.6,104.5,106.9,98.1,104.4,98.5,112.4,110.1,96.2
SEALER-0072,548,09:08,107.4,114.1,109.1,101.0,105.7,107.8,96.5,104.4,99.2,112.2,108.8,95.4
SEALER-0072,549,09:09,106.8,113.8,108.7,101.0,105.5,107.8,98.0,105.5,98.9,112.7,110.1,96.8
SEALER-0072,550,09:10,107.5,113.5,109.7,101.4,106.3,108.2,97.8,104.4,98.4,113.0,109.0,95.5
SEALER-0072,551,09:11,107.6,114.3,109.5,101.2,105.7,107.5,97.3,104.4,98.2,112.1,110.1,97.2
SEALER-0072,552,09:12,108.3,113.3,108.7,101.9,106.1,107.9,98.0,105.1,98.5,112.3,109.9,97.1
SEALER-0072,553,09:13,107.6,114.1,109.4,101.2,106.1,107.3,98.8,104.9,98.8,113.3,109.9,96.0
SEALER-0072,554,09:14,107.9,113.4,109.6,101.4,106.4,108.6,98.2,105.4,98.7,113.4,108.8,95.7
SEALER-0072,555,09:15,107.3,115.6,109.4,101.6,106.0,106.9,97.8,104.8,99.5,113.4,110.0,96.7
SEALER-0072,556,09:16,108.7,114.5,108.8,101.5,106.4,108.1,98.2,105.6,99.2,113.4,109.3,97.0
SEALER-0072,557,09:17,108.4,115.7,109.8,102.2,107.2,108.5,98.5,105.2,98.3,113.2,110.8,96.6
SEALER-0072,558,09:18,108.0,114.7,109.5,102.4,106.0,108.9,98.6,105.7,99.3,113.1,110.5,97.3
SEALER-0072,559,09:19,108.4,115.3,110.0,102.7,106.1,109.1,98.2,106.0,99.3,114.0,111.3,96.6
SEALER-0072,560,09:20,108.8,115.6,110.2,101.3,107.2,108.0,98.0,106.1,100.4,113.7,109.6,97.6
SEALER-0072,561,09:21,108.2,114.2,110.4,100.8,106.4,108.2,99.2,106.3,99.0,113.5,110.1,97.0
SEALER-0072,562,09:22,108.3,114.7,110.2,102.4,106.7,109.1,98.2,106.3,99.7,113.2,110.7,96.6
SEALER-0072,563,09:23,108.9,115.9,110.3,103.4,106.3,108.1,99.1,105.9,100.3,113.6,110.2,96.6
SEALER-0072,564,09:24,108.8,114.9,110.2,103.4,107.2,108.9,99.0,106.1,99.7,114.0,110.9,96.7
SEALER-0072,565,09:25,108.3,116.3,109.7,102.5,106.6,109.1,98.8,106.8,99.4,113.0,110.5,98.7
SEALER-0072,566,09:26,109.2,114.9,109.3,103.0,107.2,108.4,99.0,107.3,100.0,113.4,110.4,97.8
SEALER-0072,567,09:27,109.9,115.9,110.9,102.7,107.4,109.6,98.7,106.1,100.1,114.9,110.6,97.8
SEALER-0072,568,09:28,109.6,116.4,111.2,102.7,107.5,108.9,99.3,106.4,100.3,115.2,111.6,98.8
SEALER-0072,569,09:29,109.6,116.1,109.7,103.5,107.2,109.4,99.0,108.2,100.3,114.0,111.1,98.6
SEALER-0072,570,09:30,108.9,115.3,110.5,102.7,107.1,108.6,98.7,107.3,100.1,113.7,111.0,97.7
SEALER-0072,571,09:31,109.3,116.3,110.4,102.7,108.1,109.8,99.7,107.7,100.8,113.7,112.5,97.6
SEALER-0072,572,09:32,109.4,116.1,110.8,102.4,107.7,109.7,99.7,107.4,99.8,114.1,111.3,97.7
SEALER-0072,573,09:33,110.6,116.7,110.2,102.4,108.5,109.1,99.3,106.8,100.5,114.4,111.8,98.1
SEALER-0072,574,09:34,110.2,116.3,110.4,103.5,107.7,109.4,99.8,106.5,100.6,115.8,111.8,98.4
SEALER-0072,575,09:35,110.8,115.7,110.9,103.1,107.7,109.2,99.6,106.7,101.0,114.2,111.8,98.6
SEALER-0072,576,09:36,109.3,116.4,111.0,102.8,108.6,109.6,100.4,107.2,101.3,114.4,110.9,98.2
SEALER-0072,577,09:37,110.4,116.6,111.0,102.7,107.8,110.6,100.7,107.6,100.1,115.8,111.6,98.1
SEALER-0072,578,09:38,110.7,116.8,111.4,103.3,107.7,109.6,99.7,108.0,101.3,114.9,111.1,99.0
SEALER-0072,579,09:39,111.1,116.4,111.1,102.9,107.7,109.3,99.7,108.4,101.0,115.4,112.1,98.3
SEALER-0072,580,09:40,110.4,116.7,111.2,103.8,109.2,110.7,100.1,107.6,100.8,114.9,112.0,99.1
SEALER-0072,581,09:41,109.8,116.7,110.6,103.9,107.7,110.8,100.4,106.9,101.0,115.3,112.5,98.9
SEALER-0072,582,09:42,110.1,117.0,111.4,104.1,109.0,111.2,100.7,107.2,100.5,115.8,112.6,99.9
SEALER-0072,583,09:43,110.9,116.8,111.9,103.7,108.4,110.8,100.1,108.6,101.1,114.7,112.0,99.8
SEALER-0072,584,09:44,110.6,117.0,111.3,104.3,108.7,112.1,101.2,108.5,101.3,115.7,112.4,99.8
SEALER-0072,585,09:45,111.1,116.7,111.2,103.9,108.8,110.8,100.4,108.1,101.1,115.8,111.8,99.3
SEALER-0072,586,09:46,111.4,116.9,111.7,103.6,109.1,109.9,100.5,107.8,101.1,114.9,111.7,98.8
SEALER-0072,587,09:47,110.4,117.8,112.6,105.0,108.6,111.3,101.3,108.3,101.1,116.9,112.8,98.7
SEALER-0072,588,09:48,110.6,117.6,112.6,105.3,109.3,112.0,100.6,108.4,101.0,114.8,113.3,99.5
SEALER-0072,589,09:49,110.7,116.8,112.2,104.3,109.6,111.5,101.3,108.2,101.4,116.3,112.4,99.4
SEALER-0072,590,09:50,110.9,117.8,112.0,104.4,109.6,111.8,100.8,108.5,101.7,115.5,113.1,98.4
SEALER-0072,591,09:51,111.3,117.0,111.5,103.7,109.4,111.7,100.5,108.6,102.0,115.9,112.9,99.4
SEALER-0072,592,09:52,111.6,117.3,111.9,104.7,108.9,112.6,100.7,108.9,102.2,116.3,112.6,100.4
SEALER-0072,593,09:53,112.1,117.5,111.7,104.4,110.1,111.9,101.5,108.9,102.0,115.5,113.0,100.5
SEALER-0072,594,09:54,110.8,117.8,111.9,105.2,110.2,111.0,102.1,109.1,101.1,115.8,114.6,100.2
SEALER-0072,595,09:55,110.9,117.6,112.4,105.4,109.5,111.4,101.9,108.9,101.8,116.2,112.8,100.8
SEALER-0072,596,09:56,112.2,117.9,112.7,104.9,110.4,111.6,101.4,109.6,102.3,116.6,113.2,99.4
SEALER-0072,597,09:57,111.5,117.9,112.4,105.3,109.3,111.7,101.6,109.3,102.6,116.3,113.2,100.3
SEALER-0072,598,09:58,111.7,118.5,113.8,104.9,110.0,112.1,102.4,108.1,102.0,116.3,113.9,100.3
SEALER-0072,599,09:59,112.0,119.3,112.4,105.6,110.0,112.1,101.5,109.3,102.5,116.5,113.1,100.4
SEALER-0072,600,10:00,112.7,118.3,113.5,105.2,110.2,112.1,100.8,109.4,101.8,116.8,113.7,100.5
SEALER-0072,601,10:01,111.8,118.9,112.6,105.5,111.2,112.8,102.5,109.3,102.0,117.7,113.3,99.8
SEALER-0072,602,10:02,111.9,118.8,113.6,105.2,109.8,111.7,102.1,109.3,102.6,116.7,114.2,100.5
SEALER-0072,603,10:03,111.4,118.6,113.1,105.2,110.5,112.8,102.0,110.1,101.3,116.6,114.3,101.1
SEALER-0072,604,10:04,112.9,117.9,112.7,105.8,110.5,113.0,103.0,109.6,103.2,116.8,113.5,100.7
SEALER-0072,605,10:05,111.2,118.8,113.8,105.2,110.9,113.0,101.9,110.2,102.1,116.9,114.5,100.6
SEALER-0072,606,10:06,112.2,119.1,114.3,105.8,110.6,112.9,102.0,109.4,103.0,117.0,114.9,101.0
SEALER-0072,607,10:07,112.8,118.6,113.3,106.3,111.0,113.4,102.1,111.0,102.2,117.6,113.8,101.4
SEALER-0072,608,10:08,112.0,119.9,113.5,107.3,110.9,112.7,102.7,110.3,102.4,117.3,113.5,100.9
SEALER-0072,609,10:09,112.1,118.5,113.1,106.0,110.9,113.1,102.3,110.0,103.7,116.6,113.5,101.1
SEALER-0072,610,10:10,113.1,119.7,113.9,106.0,111.8,112.7,102.6,110.4,103.2,117.1,114.6,101.0
SEALER-0072,611,10:11,113.4,119.3,114.3,107.0,111.7,113.6,102.4,110.9,103.2,116.7,114.2,101.2
SEALER-0072,612,10:12,112.9,119.3,113.5,106.6,111.3,113.6,103.9,109.7,103.8,117.9,114.8,100.9
SEALER-0072,613,10:13,112.2,120.0,113.3,106.0,110.8,113.4,103.7,110.6,103.9,118.1,114.6,101.4
SEALER-0072,614,10:14,113.5,118.4,113.6,106.8,112.0,113.7,103.5,110.5,104.3,118.6,114.3,101.5
SEALER-0072,615,10:15,113.2,120.0,115.0,106.9,111.3,114.6,103.6,110.7,103.5,118.2,115.0,102.2
SEALER-0072,616,10:16,113.9,119.3,114.4,106.5,111.4,114.5,102.9,110.1,101.8,117.8,114.7,102.1
SEALER-0072,617,10:17,113.3,119.4,114.6,106.1,110.7,114.4,103.1,111.2,103.7,118.0,115.3,102.0
SEALER-0072,618,10:18,113.6,119.8,113.6,106.0,111.8,113.6,103.9,111.3,104.0,117.5,115.7,101.1
SEALER-0072,619,10:19,113.3,119.8,115.0,106.6,111.5,114.5,103.9,110.5,104.0,119.7,115.5,102.0
SEALER-0072,620,10:20,112.5,120.1,113.7,106.7,112.4,114.1,104.0,111.1,102.9,118.4,115.2,102.7
SEALER-0072,621,10:21,113.8,119.7,114.6,106.9,111.6,113.9,104.1,110.6,104.1,118.2,113.6,102.0
SEALER-0072,622,10:22,113.8,120.4,115.5,107.3,112.3,114.2,103.9,111.6,104.6,118.7,116.0,101.3
SEALER-0072,623,10:23,113.1,120.7,115.4,106.8,112.3,113.8,102.8,111.4,103.8,118.2,115.7,101.7
SEALER-0072,624,10:24,113.9,119.8,115.3,106.4,112.6,115.0,103.5,111.4,103.4,119.4,115.6,103.0
SEALER-0072,625,10:25,114.8,120.3,114.4,107.2,112.0,114.2,103.9,111.1,104.4,117.5,115.3,101.8
SEALER-0072,626,10:26,114.6,120.1,115.3,106.9,112.3,115.5,104.5,111.4,103.9,118.7,116.3,102.4
SEALER-0072,627,10:27,114.7,120.7,114.9,106.8,112.2,114.7,104.0,110.7,104.9,118.2,116.3,101.5
SEALER-0072,628,10:28,114.1,120.7,114.3,107.0,111.7,114.4,104.1,112.4,104.2,120.3,115.2,102.3
SEALER-0072,629,10:29,113.8,120.5,114.9,108.0,112.4,114.7,104.0,112.1,104.1,118.0,115.1,102.5
SEALER-0072,630,10:30,114.2,120.2,115.4,108.0,112.3,115.2,103.7,111.8,104.3,117.5,116.1,102.3
SEALER-0072,631,10:31,113.9,120.9,115.7,107.7,113.0,115.7,104.6,112.1,104.9,119.4,116.3,102.7
SEALER-0072,632,10:32,114.3,120.6,115.1,107.0,113.5,114.6,104.9,112.3,104.1,119.2,116.4,102.7
SEALER-0072,633,10:33,114.8,120.4,115.0,107.9,112.4,114.8,104.3,112.5,105.2,119.3,115.7,102.5
SEALER-0072,634,10:34,114.4,121.5,116.1,108.6,112.5,115.6,105.0,112.5,105.3,118.7,115.8,102.5
SEALER-0072,635,10:35,114.9,120.6,115.3,108.0,112.4,115.0,104.9,113.3,103.9,119.4,115.9,103.2
SEALER-0072,636,10:36,116.3,121.1,115.8,108.0,113.8,115.9,104.9,111.8,105.8,118.0,116.0,102.7
SEALER-0072,637,10:37,114.4,122.8,115.1,107.9,113.5,115.7,104.5,111.8,104.2,120.0,116.0,104.3
SEALER-0072,638,10:38,114.9,121.4,115.7,108.4,114.0,115.3,104.8,112.4,104.6,119.3,117.0,102.8
SEALER-0072,639,10:39,114.8,121.7,115.9,108.3,113.6,115.2,103.9,113.0,105.5,120.1,116.9,103.2
SEALER-0072,640,10:40,115.4,121.5,115.8,108.6,113.8,115.2,104.7,112.2,104.2,120.1,115.9,102.9
SEALER-0072,641,10:41,115.4,121.5,118.1,107.8,114.6,115.3,105.2,112.3,105.7,119.6,116.8,102.8
SEALER-0072,642,10:42,115.5,122.3,116.0,107.7,113.2,116.5,104.4,112.9,105.5,120.5,117.2,103.9
SEALER-0072,643,10:43,114.8,121.2,116.0,108.2,112.9,115.8,105.5,113.6,105.6,120.1,117.1,103.7
SEALER-0072,644,10:44,115.5,121.8,115.6,109.2,113.6,116.3,105.7,113.0,106.1,120.6,117.5,103.2
SEALER-0072,645,10:45,114.9,121.9,116.6,108.5,113.7,116.3,105.6,113.1,105.1,119.4,116.1,103.5
SEALER-0072,646,10:46,115.7,122.2,116.5,108.0,113.9,116.4,106.0,113.4,106.3,120.0,117.2,103.8
SEALER-0072,647,10:47,114.9,121.8,117.1,108.8,114.5,116.5,104.9,113.1,105.8,120.7,117.2,104.2
SEALER-0072,648,10:48,115.9,122.2,116.4,107.5,114.5,116.3,105.5,113.8,105.3,120.3,117.2,103.9
SEALER-0072,649,10:49,116.0,122.6,116.3,109.1,114.2,115.4,106.0,113.1,105.6,120.8,117.9,103.5
SEALER-0072,650,10:50,115.9,122.1,117.3,108.2,115.1,116.7,105.9,113.6,105.2,120.6,117.0,103.2
SEALER-0072,651,10:51,115.8,122.5,116.3,107.9,114.4,115.8,105.0,113.6,105.8,120.5,116.3,103.8
SEALER-0072,652,10:52,115.6,122.7,116.5,109.4,114.8,116.6,104.8,113.7,105.8,121.6,116.8,104.3
SEALER-0072,653,10:53,115.7,122.6,116.9,108.5,113.7,117.6,105.5,114.2,105.7,120.6,117.2,104.2
SEALER-0072,654,10:54,116.2,122.9,117.0,109.1,114.3,117.3,105.6,113.8,105.8,119.8,118.8,103.4
SEALER-0072,655,10:55,117.1,122.9,116.8,107.7,114.8,116.0,105.9,113.4,105.7,120.0,117.8,104.9
SEALER-0072,656,10:56,115.7,123.2,117.3,109.5,114.9,117.6,105.5,113.6,106.9,120.6,118.2,104.2
SEALER-0072,657,10:57,116.3,123.0,117.6,108.4,114.5,116.7,105.6,114.3,106.5,121.8,118.5,104.2
SEALER-0072,658,10:58,116.4,122.4,116.8,109.3,114.9,116.4,105.9,114.3,106.3,121.2,118.3,105.2
SEALER-0072,659,10:59,117.0,123.1,117.8,108.7,114.5,117.9,106.4,114.5,106.9,120.8,117.3,104.7
SEALER-0072,660,11:00,116.7,123.0,117.8,110.1,115.4,117.9,106.0,114.0,105.5,120.3,117.9,104.0
SEALER-0072,661,11:01,116.6,122.3,118.0,109.3,115.1,116.7,105.8,113.8,106.4,121.4,117.7,104.8
SEALER-0072,662,11:02,116.8,122.5,118.3,109.0,114.9,116.7,105.9,113.3,106.3,120.9,118.5,105.0
SEALER-0072,663,11:03,116.7,122.8,116.9,109.6,115.1,116.8,105.8,114.2,105.6,121.0,118.5,105.1
SEALER-0072,664,11:04,117.3,123.2,117.5,109.4,115.8,118.1,106.7,113.6,106.5,121.4,118.4,102.9
SEALER-0072,665,11:05,117.1,123.6,118.5,109.3,115.8,117.7,106.6,114.3,106.8,121.2,117.7,105.6
SEALER-0072,666,11:06,116.7,122.5,117.5,109.2,115.7,118.3,106.8,114.5,106.7,121.9,118.8,104.8
SEALER-0072,667,11:07,116.7,123.8,117.6,110.4,115.5,117.0,106.5,113.6,105.7,121.3,118.3,104.4
SEALER-0072,668,11:08,118.1,124.2,118.1,109.3,116.7,117.8,106.8,114.5,106.8,121.6,118.9,105.0
SEALER-0072,669,11:09,116.2,124.5,118.3,109.6,115.2,118.3,107.3,114.0,107.4,122.5,118.9,106.4
SEALER-0072,670,11:10,117.5,124.2,118.7,109.7,115.9,117.0,106.7,114.8,107.2,122.0,118.4,105.1
SEALER-0072,671,11:11,116.9,123.5,118.0,109.1,116.2,118.4,107.6,115.4,107.5,121.4,119.1,105.0
SEALER-0072,672,11:12,118.0,124.0,118.1,109.8,115.7,117.8,106.9,115.3,106.9,122.6,118.9,105.2
SEALER-0072,673,11:13,117.8,125.2,119.2,110.5,116.6,117.4,106.8,115.4,107.4,122.2,119.1,105.5
SEALER-0072,674,11:14,116.5,124.2,118.4,110.0,116.5,118.0,107.2,115.1,106.3,122.5,119.4,105.2
SEALER-0072,675,11:15,117.5,123.5,117.8,110.0,116.0,118.4,107.9,115.3,108.2,122.4,119.4,105.9
SEALER-0072,676,11:16,118.3,125.3,118.7,110.4,115.1,118.8,107.8,115.5,106.9,122.1,119.5,105.7
SEALER-0072,677,11:17,118.1,124.4,118.8,110.3,116.5,118.2,107.5,115.6,107.7,122.0,119.3,105.8
SEALER-0072,678,11:18,118.0,123.4,118.8,109.8,116.6,118.9,107.0,115.5,107.4,122.0,118.3,105.8
SEALER-0072,679,11:19,118.2,124.1,119.0,110.4,116.8,118.2,107.4,115.6,107.9,121.1,118.7,105.4
SEALER-0072,680,11:20,117.8,124.8,118.8,110.6,116.9,119.3,107.9,115.4,107.3,121.9,119.9,106.3
SEALER-0072,681,11:21,118.8,124.2,118.7,110.0,117.9,119.0,107.1,115.1,107.4,122.8,119.4,105.9
SEALER-0072,682,11:22,118.2,124.6,118.9,110.3,116.0,118.6,107.4,115.5,108.0,121.9,119.4,105.1
SEALER-0072,683,11:23,118.3,125.3,118.7,110.7,116.2,118.9,107.3,115.4,107.7,122.7,120.8,105.6
SEALER-0072,684,11:24,117.9,125.5,118.8,109.9,116.2,119.2,107.8,115.9,107.2,122.1,120.4,105.9
SEALER-0072,685,11:25,119.0,125.7,119.2,110.4,116.2,119.0,108.3,116.4,108.5,123.6,119.0,105.4
SEALER-0072,686,11:26,118.5,125.0,119.1,110.6,116.7,119.3,108.2,115.3,108.0,124.2,119.0,106.5
SEALER-0072,687,11:27,118.1,126.0,119.9,111.1,116.5,119.5,108.6,116.4,109.0,121.7,119.3,106.9
SEALER-0072,688,11:28,119.3,124.5,118.8,110.4,117.9,119.2,107.9,116.5,108.2,122.7,120.3,106.2
SEALER-0072,689,11:29,118.6,124.8,119.5,111.4,116.6,119.5,108.8,115.3,107.8,123.2,119.9,105.9
SEALER-0072,690,11:30,118.8,124.5,119.5,110.9,116.4,119.6,108.8,116.8,108.0,123.0,120.4,106.8
SEALER-0072,691,11:31,117.9,124.7,118.7,111.6,116.8,120.0,108.8,116.4,108.5,123.3,119.8,105.8
SEALER-0072,692,11:32,119.4,125.6,119.4,110.3,117.3,120.0,107.7,116.6,109.2,123.0,120.7,106.1
SEALER-0072,693,11:33,119.0,125.6,118.6,110.7,116.4,120.5,108.1,117.0,108.5,123.1,120.5,106.8
SEALER-0072,694,11:34,118.3,125.4,119.3,111.1,117.3,120.2,107.2,117.2,108.6,123.6,120.4,106.6
SEALER-0072,695,11:35,118.5,125.0,119.0,112.3,117.1,119.5,107.5,116.7,108.1,123.3,120.6,106.9
SEALER-0072,696,11:36,119.1,125.1,120.1,111.1,117.0,119.7,109.2,116.1,107.9,123.6,120.8,106.7
SEALER-0072,697,11:37,119.2,125.3,119.3,111.3,117.3,119.5,108.2,117.4,109.1,124.3,120.2,106.7
SEALER-0072,698,11:38,119.3,125.8,120.0,112.1,118.2,119.5,109.5,117.5,109.1,124.0,119.9,106.7
SEALER-0072,699,11:39,118.2,125.8,120.5,112.0,118.1,118.8,108.6,116.6,109.0,123.5,120.3,107.0
SEALER-0072,700,11:40,119.8,125.4,120.4,112.1,116.7,120.0,108.6,117.2,109.3,124.1,120.7,107.6
SEALER-0072,701,11:41,120.1,125.9,120.4,112.0,118.7,120.1,109.6,117.2,109.1,123.3,121.5,107.2
SEALER-0072,702,11:42,119.3,125.0,119.3,113.1,117.9,121.2,109.1,116.2,108.6,123.7,121.4,107.4
SEALER-0072,703,11:43,119.0,125.7,120.9,111.8,118.4,120.3,109.1,116.5,109.0,123.5,121.5,106.7
SEALER-0072,704,11:44,119.3,126.1,119.8,111.7,117.9,118.5,108.5,116.8,110.0,124.2,120.1,106.6
SEALER-0072,705,11:45,119.9,126.1,120.6,112.8,117.4,121.3,110.0,116.7,109.7,124.2,121.1,107.4
SEALER-0072,706,11:46,119.8,127.0,120.1,111.7,117.8,119.9,109.1,117.5,109.1,124.1,121.3,107.8
SEALER-0072,707,11:47,119.8,125.8,120.3,111.6,118.1,120.7,109.4,117.5,108.3,124.7,121.4,107.9
SEALER-0072,708,11:48,120.8,127.2,121.3,112.6,118.7,119.6,109.4,117.6,109.5,124.5,120.7,107.2
SEALER-0072,709,11:49,120.6,127.1,120.6,112.0,118.6,121.2,109.9,117.3,109.0,125.4,121.7,107.8
SEALER-0072,710,11:50,120.8,126.6,121.3,112.0,118.3,120.6,109.8,117.3,110.4,124.6,120.9,107.4
SEALER-0072,711,11:51,119.7,125.4,120.6,112.4,118.0,121.9,109.7,117.3,108.9,125.1,122.7,106.8
SEALER-0072,712,11:52,119.3,127.0,120.8,113.1,118.3,121.9,109.5,118.2,109.5,123.5,122.3,108.5
SEALER-0072,713,11:53,120.9,127.3,120.6,112.7,118.5,121.1,110.2,117.5,109.1,125.6,120.8,108.3
SEALER-0072,714,11:54,120.0,127.0,121.1,113.0,118.9,121.3,110.3,117.3,110.1,124.9,121.9,108.3
SEALER-0072,715,11:55,120.1,127.3,119.8,112.7,118.7,120.2,109.8,117.4,109.7,124.9,121.4,107.0
SEALER-0072,716,11:56,120.6,126.9,121.7,113.0,118.8,121.0,110.2,117.8,109.3,125.8,121.6,108.7
SEALER-0072,717,11:57,119.7,127.8,121.6,112.3,119.6,121.3,110.8,117.5,110.6,125.2,122.3,107.7
SEALER-0072,718,11:58,120.2,127.2,120.9,113.3,118.7,121.4,110.8,117.8,110.3,125.0,122.0,108.4
SEALER-0072,719,11:59,121.0,126.5,120.4,112.5,119.2,121.7,110.0,117.5,110.4,124.9,121.9,107.7
SEALER-0072,720,12:00,121.0,127.6,121.7,113.2,119.2,121.7,110.8,117.8,109.6,125.9,122.1,108.8
SEALER-0072,721,12:01,121.0,127.4,121.6,113.0,119.1,121.0,110.6,118.1,110.1,125.3,122.4,108.6
SEALER-0072,722,12:02,121.3,127.9,121.2,112.8,119.8,122.0,109.9,118.9,110.8,124.9,121.9,108.0
SEALER-0072,723,12:03,121.5,127.5,122.2,113.6,120.0,121.5,110.7,118.9,110.1,124.8,122.6,108.4
SEALER-0072,724,12:04,121.1,127.8,120.9,111.9,119.2,121.5,111.2,118.5,109.8,126.5,121.8,108.1
SEALER-0072,725,12:05,122.0,127.8,122.0,113.3,119.6,122.4,110.6,118.0,108.4,125.7,122.0,108.9
SEALER-0072,726,12:06,121.7,127.6,121.1,112.8,119.8,121.2,110.7,118.8,109.8,124.7,122.4,108.6
SEALER-0072,727,12:07,120.9,127.1,121.9,113.2,119.8,122.7,111.2,118.7,110.3,125.2,122.7,108.6
SEALER-0072,728,12:08,120.7,128.7,121.1,113.6,120.1,122.1,109.8,118.3,110.5,125.0,123.0,108.8
SEALER-0072,729,12:09,121.4,127.5,121.3,113.8,119.8,121.9,111.4,118.8,110.9,125.5,122.5,108.8
SEALER-0072,730,12:10,120.8,127.7,120.6,113.4,119.9,122.3,111.1,118.4,110.8,125.4,122.5,109.4
SEALER-0072,731,12:11,122.0,127.9,122.5,112.9,120.1,121.7,110.7,118.7,110.8,127.3,122.4,108.6
SEALER-0072,732,12:12,121.4,128.4,121.9,113.2,119.9,122.0,111.5,119.3,110.7,125.6,122.4,107.9
SEALER-0072,733,12:13,121.7,128.4,122.1,114.1,120.9,122.9,111.4,119.0,110.0,125.8,123.5,108.6
SEALER-0072,734,12:14,121.6,128.6,121.9,113.9,120.3,122.2,110.6,120.0,111.2,126.0,122.7,108.9
SEALER-0072,735,12:15,121.3,128.5,122.6,114.5,119.4,123.1,111.5,119.5,111.0,126.4,122.4,108.8
SEALER-0072,736,12:16,121.1,128.1,121.3,113.5,119.7,122.8,111.6,119.9,110.7,126.6,123.4,109.2
SEALER-0072,737,12:17,122.3,128.5,121.9,114.4,120.1,122.8,111.4,120.2,111.9,126.4,123.4,108.5
SEALER-0072,738,12:18,121.4,128.4,121.8,114.7,120.3,122.3,111.8,119.4,111.9,126.2,123.1,108.7
SEALER-0072,739,12:19,121.6,129.3,122.7,113.7,120.9,122.4,112.0,119.3,112.0,125.7,122.4,109.6
SEALER-0072,740,12:20,121.5,128.4,122.3,114.0,120.7,122.3,112.3,119.2,110.4,127.0,122.9,109.6
SEALER-0072,741,12:21,121.6,128.2,123.0,114.0,120.9,122.8,111.7,120.2,111.0,127.3,124.4,110.2
SEALER-0072,742,12:22,122.4,129.2,122.1,114.3,120.1,122.4,111.6,119.3,110.4,126.3,124.4,110.3
SEALER-0072,743,12:23,121.4,129.3,122.5,114.7,120.5,123.9,112.3,119.4,110.7,127.2,123.2,109.6
SEALER-0072,744,12:24,121.9,129.2,122.6,114.1,119.8,123.0,112.1,119.3,111.9,126.7,123.2,110.6
SEALER-0072,745,12:25,121.4,127.8,122.6,114.3,120.2,123.8,111.4,119.4,111.4,127.5,123.1,108.2
SEALER-0072,746,12:26,121.6,128.7,123.5,114.2,120.3,122.9,112.4,118.5,111.2,126.6,123.6,109.8
SEALER-0072,747,12:27,122.5,128.5,122.9,114.1,120.6,123.8,112.2,119.8,111.0,127.7,123.5,109.4
SEALER-0072,748,12:28,122.1,129.4,123.0,114.7,120.4,123.3,111.5,119.5,112.1,126.9,124.4,109.4
SEALER-0072,749,12:29,122.8,128.8,123.7,114.3,121.2,122.9,111.5,120.3,111.5,127.6,123.8,109.9
SEALER-0072,750,12:30,123.4,128.2,123.8,114.5,120.3,123.6,111.6,119.7,111.2,127.5,124.6,110.1
SEALER-0072,751,12:31,123.3,129.1,124.0,114.4,120.4,123.4,111.9,120.1,111.3,127.2,124.0,109.7
SEALER-0072,752,12:32,123.3,129.8,122.8,115.3,121.0,124.1,111.3,120.7,111.5,127.3,123.7,110.1
SEALER-0072,753,12:33,122.6,130.6,123.9,114.3,120.8,122.4,112.0,120.3,111.2,126.9,123.4,110.4
SEALER-0072,754,12:34,123.2,128.9,123.4,115.8,120.7,123.8,111.9,120.7,112.0,126.9,124.8,110.4
SEALER-0072,755,12:35,123.7,128.9,123.8,114.6,121.6,123.5,111.4,121.4,112.3,127.9,123.8,110.3
SEALER-0072,756,12:36,123.9,129.7,122.7,115.0,121.5,124.0,111.3,119.4,111.4,127.9,124.2,109.6
SEALER-0072,757,12:37,123.7,128.6,124.1,114.8,121.5,123.7,112.4,120.3,112.2,127.9,123.8,110.6
SEALER-0072,758,12:38,124.2,130.4,122.2,114.9,121.8,124.3,112.6,120.7,111.6,127.6,124.1,109.8
SEALER-0072,759,12:39,123.5,129.3,123.2,114.9,121.2,124.5,112.5,121.8,111.9,127.0,124.9,109.9
SEALER-0072,760,12:40,124.0,129.5,124.9,114.5,122.9,124.8,112.7,121.1,112.2,128.0,124.7,111.3
SEALER-0072,761,12:41,123.9,130.0,123.5,115.2,121.6,123.9,112.5,119.9,113.8,128.4,124.6,111.2
SEALER-0072,762,12:42,123.0,129.5,123.9,114.8,122.0,124.4,112.7,120.1,111.9,127.2,124.9,110.4
SEALER-0072,763,12:43,123.2,129.7,124.5,115.7,121.5,124.9,112.3,121.0,111.9,127.8,125.5,109.9
SEALER-0072,764,12:44,123.3,129.4,124.1,115.0,122.1,124.3,114.0,122.0,112.6,127.2,124.4,110.4
SEALER-0072,765,12:45,123.6,130.3,124.5,115.2,122.1,124.3,113.3,121.3,112.3,127.5,124.5,110.6
SEALER-0072,766,12:46,124.3,130.2,124.6,115.2,122.1,124.5,113.7,120.1,112.4,128.1,124.3,110.5
SEALER-0072,767,12:47,124.1,130.5,124.1,115.2,121.2,124.8,112.8,121.3,112.9,127.6,124.4,110.1
SEALER-0072,768,12:48,123.5,130.4,123.5,115.8,122.8,124.2,113.0,121.9,113.0,128.2,126.0,110.5
SEALER-0072,769,12:49,123.8,130.3,124.8,116.2,122.0,125.5,112.9,119.8,112.3,129.1,124.8,110.6
SEALER-0072,770,12:50,123.1,129.6,123.7,115.4,122.5,125.2,113.0,121.4,112.7,128.2,124.7,111.2
SEALER-0072,771,12:51,123.2,129.4,123.8,116.2,123.0,125.6,113.3,121.1,112.9,128.8,125.4,111.0
SEALER-0072,772,12:52,124.7,130.6,124.4,116.1,121.7,125.5,113.1,120.8,113.5,128.0,125.2,111.6
SEALER-0072,773,12:53,124.3,130.6,124.5,116.2,122.2,124.3,114.0,120.8,112.9,127.6,126.2,110.5
SEALER-0072,774,12:54,123.6,130.6,124.0,116.9,122.1,126.2,113.6,122.2,114.0,127.9,125.7,111.6
SEALER-0072,775,12:55,124.0,130.6,124.1,116.5,122.0,125.6,112.8,121.6,113.4,128.1,124.9,110.9
SEALER-0072,776,12:56,123.8,131.1,124.8,115.7,121.7,124.4,113.6,121.7,112.8,128.4,126.2,110.9
SEALER-0072,777,12:57,125.1,131.3,125.1,116.4,122.8,125.0,113.1,122.3,113.2,128.6,124.9,111.8
SEALER-0072,778,12:58,124.6,131.1,124.4,115.6,122.0,124.7,114.0,121.0,113.0,128.2,125.4,111.9
SEALER-0072,779,12:59,123.9,132.0,124.4,115.3,122.3,125.6,114.0,121.5,113.6,128.8,125.2,111.7
SEALER-0072,780,13:00,124.7,131.1,124.5,117.4,123.5,125.0,113.3,122.0,113.3,128.4,126.5,112.1
SEALER-0072,781,13:01,124.7,131.0,125.0,116.9,122.6,125.7,113.9,121.2,114.1,128.8,125.6,112.4
SEALER-0072,782,13:02,124.2,131.6,125.3,116.0,123.1,125.4,114.3,122.3,113.5,129.0,125.3,111.5
SEALER-0072,783,13:03,124.6,131.1,125.4,116.0,123.1,125.2,113.7,122.4,113.7,129.7,125.8,112.1
SEALER-0072,784,13:04,125.3,131.6,124.8,117.0,123.2,126.1,113.9,122.0,113.8,130.0,125.8,112.7
SEALER-0072,785,13:05,125.4,131.2,124.7,116.2,122.9,125.0,113.5,121.8,113.1,130.0,125.7,111.6
SEALER-0072,786,13:06,124.9,131.0,125.9,116.1,123.8,125.8,114.5,122.4,114.2,129.7,125.8,112.6
SEALER-0072,787,13:07,125.2,132.0,125.2,117.0,122.2,125.7,114.0,122.0,114.0,129.4,126.5,112.0
SEALER-0072,788,13:08,124.2,131.2,125.6,116.6,123.3,125.7,114.4,121.4,113.3,129.2,125.8,111.5
SEALER-0072,789,13:09,124.7,132.3,124.6,117.0,123.0,125.8,114.9,122.7,113.7,128.7,126.9,112.2
SEALER-0072,790,13:10,124.7,131.6,125.5,116.7,123.5,126.2,114.2,122.7,114.2,130.1,126.4,112.8
SEALER-0072,791,13:11,124.7,131.7,125.2,116.7,124.0,125.2,114.8,122.1,114.8,130.6,127.3,111.4
SEALER-0072,792,13:12,126.0,132.0,126.1,117.1,123.5,126.5,114.3,123.5,113.8,130.2,126.1,112.1
SEALER-0072,793,13:13,125.3,131.3,125.0,117.3,123.8,126.4,114.2,122.7,114.0,129.4,126.7,111.9
SEALER-0072,794,13:14,125.4,130.8,125.0,117.0,123.6,126.2,114.5,122.5,114.3,129.7,126.6,112.3
SEALER-0072,795,13:15,125.5,133.1,125.1,117.8,123.6,126.5,115.2,123.0,114.3,129.4,125.8,112.4
SEALER-0072,796,13:16,125.7,132.1,125.8,116.5,123.8,126.0,115.0,123.1,114.3,129.8,126.5,112.3
SEALER-0072,797,13:17,125.0,132.4,126.3,117.1,124.3,126.3,115.2,122.6,114.1,129.6,125.0,113.3
SEALER-0072,798,13:18,125.4,132.3,126.5,117.8,123.5,126.5,114.5,123.0,113.9,130.2,126.8,112.7
SEALER-0072,799,13:19,126.1,131.9,125.9,116.9,123.6,125.7,114.5,123.5,113.2,130.2,126.4,112.9
SEALER-0072,800,13:20,125.6,132.1,126.3,117.8,124.0,126.5,115.1,123.4,114.3,129.6,126.7,113.2
SEALER-0072,801,13:21,125.1,132.2,126.1,117.1,123.9,127.1,114.4,123.3,113.8,129.0,127.5,112.9
SEALER-0072,802,13:22,126.0,132.6,125.4,117.9,123.6,127.1,114.4,123.9,113.5,131.1,126.4,113.1
SEALER-0072,803,13:23,126.5,132.5,126.0,118.4,124.3,127.0,114.8,123.1,115.0,131.0,127.3,112.6
SEALER-0072,804,13:24,126.4,132.4,125.6,117.6,124.2,126.4,115.8,122.5,114.7,129.8,127.1,112.2
SEALER-0072,805,13:25,125.6,132.4,125.4,118.1,124.6,126.4,115.0,123.0,115.4,129.5,127.3,112.5
SEALER-0072,806,13:26,125.9,132.5,126.3,118.0,124.6,127.0,114.8,122.6,114.1,130.7,127.3,112.8
SEALER-0072,807,13:27,126.4,132.5,126.2,117.7,124.2,126.5,115.6,123.3,115.2,129.7,127.5,112.6
SEALER-0072,808,13:28,125.7,131.8,126.2,117.3,124.8,126.8,115.7,122.9,115.0,130.5,127.3,112.0
SEALER-0072,809,13:29,126.2,132.6,126.8,117.9,124.8,127.6,114.8,122.9,115.0,130.2,127.6,113.2
SEALER-0072,810,13:30,125.2,132.4,126.2,118.1,124.8,125.9,115.9,124.5,115.4,131.4,126.8,113.4
SEALER-0072,811,13:31,126.1,132.4,126.8,116.8,125.4,126.8,116.2,123.9,114.0,130.8,127.3,113.1
SEALER-0072,812,13:32,125.2,133.1,127.8,118.5,124.1,127.8,115.7,124.5,113.7,130.5,127.6,114.0
SEALER-0072,813,13:33,126.6,132.9,126.7,117.8,125.1,127.3,116.0,122.8,114.7,130.2,127.0,113.4
SEALER-0072,814,13:34,126.7,132.9,126.4,117.9,124.2,127.4,115.4,123.7,115.1,131.0,128.3,113.4
SEALER-0072,815,13:35,127.2,132.9,127.0,118.6,125.9,128.4,115.6,123.2,115.0,130.2,127.7,112.8
SEALER-0072,816,13:36,126.4,133.1,126.8,118.0,126.1,127.1,116.0,124.2,116.5,130.1,128.8,114.0
SEALER-0072,817,13:37,126.0,133.1,126.3,119.1,125.3,128.0,116.1,123.4,115.1,131.4,128.8,114.3
SEALER-0072,818,13:38,126.8,133.3,127.5,117.2,125.2,128.4,116.8,124.5,114.4,131.2,128.4,114.2
SEALER-0072,819,13:39,127.1,132.7,126.9,118.5,125.7,128.1,116.0,124.0,115.1,131.1,127.1,113.5
SEALER-0072,820,13:40,127.5,132.7,126.7,119.0,124.8,127.8,116.2,124.4,115.1,130.9,127.9,113.0
SEALER-0072,821,13:41,127.2,133.1,126.5,118.6,125.6,127.3,114.7,123.9,115.0,132.4,128.9,113.3
SEALER-0072,822,13:42,127.1,133.1,127.8,118.4,125.9,127.5,116.4,124.3,114.2,131.4,128.2,114.1
SEALER-0072,823,13:43,127.5,133.9,127.1,118.2,125.3,128.0,115.7,124.9,114.8,131.0,127.9,113.0
SEALER-0072,824,13:44,127.3,134.2,128.1,119.0,125.1,128.2,116.1,124.0,116.0,131.7,129.0,114.5
SEALER-0072,825,13:45,126.9,133.7,127.4,119.4,125.9,129.1,116.4,124.7,115.3,131.2,128.8,114.2
SEALER-0072,826,13:46,127.6,133.4,126.9,118.0,125.9,128.1,116.8,124.5,115.9,131.0,127.5,113.9
SEALER-0072,827,13:47,127.0,134.3,127.6,118.8,125.4,128.6,115.9,123.7,115.5,132.7,128.0,114.3
SEALER-0072,828,13:48,127.5,133.2,127.9,119.2,125.5,128.1,115.6,123.8,115.3,132.0,128.7,113.8
SEALER-0072,829,13:49,126.6,134.2,127.8,120.0,127.1,127.7,115.7,123.7,116.4,131.8,128.7,114.1
SEALER-0072,830,13:50,126.9,133.6,127.4,119.5,125.2,128.4,117.1,124.7,115.4,131.5,128.8,113.8
SEALER-0072,831,13:51,126.1,133.9,128.5,118.6,125.3,128.9,116.4,124.3,114.8,132.9,129.2,114.6
SEALER-0072,832,13:52,127.5,134.4,128.2,119.4,125.5,128.1,117.0,124.7,116.0,131.0,129.2,113.8
SEALER-0072,833,13:53,127.4,134.9,128.1,119.0,126.1,129.9,116.7,124.5,116.4,133.0,128.7,113.7
SEALER-0072,834,13:54,128.4,133.4,128.3,119.6,125.7,128.9,116.5,125.2,116.0,132.4,128.6,114.4
SEALER-0072,835,13:55,128.0,134.3,127.6,118.5,125.9,128.5,117.6,126.2,116.1,131.9,129.4,114.3
SEALER-0072,836,13:56,127.8,133.9,128.1,119.2,127.3,129.5,116.6,124.8,115.1,131.4,128.9,114.6
SEALER-0072,837,13:57,126.8,133.5,128.1,118.3,126.5,129.2,116.2,125.5,116.8,132.2,129.0,114.3
SEALER-0072,838,13:58,128.1,134.3,128.2,120.0,125.8,129.3,117.3,125.9,116.8,131.2,128.6,114.5
SEALER-0072,839,13:59,128.3,134.0,127.7,119.6,125.0,128.6,117.0,126.5,115.8,132.0,130.1,113.9
SEALER-0072,840,14:00,128.3,133.9,128.6,119.8,126.4,128.2,117.2,125.7,116.6,132.0,129.0,113.4
SEALER-0072,841,14:01,127.4,135.0,127.9,120.0,126.0,129.0,117.1,126.0,116.3,131.8,128.5,113.7
SEALER-0072,842,14:02,127.8,134.9,127.0,119.9,126.3,129.5,117.2,124.8,116.5,131.6,128.8,114.3
SEALER-0072,843,14:03,128.2,134.5,128.7,120.3,126.5,129.4,117.7,126.1,116.6,132.8,129.1,114.5
SEALER-0072,844,14:04,128.1,134.7,128.2,119.3,127.0,129.6,117.2,125.4,116.4,132.3,129.4,114.9
SEALER-0072,845,14:05,128.5,134.8,127.7,119.6,127.0,128.7,117.1,125.3,116.0,133.5,129.0,114.5
SEALER-0072,846,14:06,128.3,134.2,128.5,119.2,126.9,129.2,117.3,126.6,116.3,131.9,129.7,114.8
SEALER-0072,847,14:07,127.7,135.2,129.1,119.3,127.1,129.0,116.5,125.6,115.8,132.0,129.0,114.1
SEALER-0072,848,14:08,128.5,135.3,128.5,120.2,126.5,130.1,117.4,125.4,116.5,133.0,129.4,114.3
SEALER-0072,849,14:09,127.5,134.9,129.1,119.9,126.8,129.7,117.6,126.1,117.4,132.9,129.8,114.6
SEALER-0072,850,14:10,129.1,134.5,128.5,120.2,127.5,129.9,117.5,126.0,116.6,132.9,129.9,114.9
SEALER-0072,851,14:11,128.8,135.0,128.0,120.9,126.8,129.3,117.3,125.8,116.6,133.3,129.6,115.7
SEALER-0072,852,14:12,128.6,135.1,128.9,120.0,126.9,129.7,117.4,126.1,116.7,132.3,129.8,114.2
SEALER-0072,853,14:13,128.7,134.9,128.4,120.6,127.7,129.7,117.8,126.0,117.3,132.9,129.6,115.7
SEALER-0072,854,14:14,128.6,136.4,129.4,119.5,127.6,129.5,118.0,126.2,116.1,132.9,130.4,115.7
SEALER-0072,855,14:15,127.9,135.1,129.1,120.4,126.7,129.7,118.2,125.9,116.6,133.4,129.4,115.6
SEALER-0072,856,14:16,129.0,135.4,129.0,120.6,126.4,129.4,117.8,127.2,116.6,133.8,129.7,115.4
SEALER-0072,857,14:17,128.5,134.9,129.1,120.9,128.9,130.3,116.7,126.1,117.3,133.4,129.6,114.7
SEALER-0072,858,14:18,128.4,135.2,128.7,120.5,127.3,129.8,118.0,126.8,116.7,132.5,129.9,115.6
SEALER-0072,859,14:19,128.6,135.5,129.4,120.9,127.4,130.4,118.1,125.8,116.5,133.5,129.9,115.3
SEALER-0072,860,14:20,128.7,136.3,130.0,120.7,127.2,129.7,118.1,126.3,117.2,133.5,129.9,115.9
SEALER-0072,861,14:21,129.6,135.9,129.9,119.8,127.9,129.9,118.6,126.3,117.4,133.4,129.9,116.1
SEALER-0072,862,14:22,129.1,135.8,129.6,121.6,126.9,129.9,118.3,125.8,117.7,133.4,130.0,115.7
SEALER-0072,863,14:23,129.2,135.2,129.4,120.7,128.4,130.2,118.0,126.7,117.4,133.0,130.9,115.6
SEALER-0072,864,14:24,129.5,135.7,129.9,120.3,127.3,130.5,117.8,127.5,118.4,133.3,129.9,115.9
SEALER-0072,865,14:25,128.5,136.0,129.8,120.4,127.5,130.8,118.0,126.4,117.7,133.6,129.1,115.8
SEALER-0072,866,14:26,130.1,136.3,130.5,121.1,127.6,130.1,118.8,126.6,116.8,133.5,130.0,116.0
SEALER-0072,867,14:27,129.3,136.1,129.7,120.7,128.1,130.9,117.9,127.5,118.0,133.5,131.5,116.4
SEALER-0072,868,14:28,130.0,136.1,129.9,121.2,128.3,130.8,118.5,127.2,118.2,133.8,130.1,115.9
SEALER-0072,869,14:29,129.8,135.7,129.7,120.5,127.2,130.7,118.5,126.8,118.5,133.7,131.4,116.1
SEALER-0072,870,14:30,130.5,136.6,129.9,121.6,127.8,131.3,117.8,126.6,117.2,133.7,130.6,115.4
SEALER-0072,871,14:31,129.5,136.4,129.2,120.0,128.1,130.8,118.8,127.3,118.4,133.6,132.3,115.5
SEALER-0072,872,14:32,129.3,135.7,130.0,120.7,127.7,131.0,118.5,126.9,118.6,133.4,131.5,116.2
SEALER-0072,873,14:33,130.1,136.6,129.9,120.9,127.9,130.7,118.1,127.3,117.9,134.4,131.6,115.8
SEALER-0072,874,14:34,129.8,137.4,130.0,122.4,128.8,131.0,119.4,127.5,118.2,134.2,131.9,116.6
SEALER-0072,875,14:35,129.4,137.2,130.1,120.7,127.9,130.6,118.1,127.6,117.9,133.3,129.7,115.9
SEALER-0072,876,14:36,130.2,138.0,130.4,121.2,127.9,131.0,119.0,127.6,118.1,134.1,131.3,116.7
SEALER-0072,877,14:37,130.0,136.6,129.7,121.5,128.4,131.3,119.0,127.5,118.1,133.3,130.7,116.5
SEALER-0072,878,14:38,130.1,137.0,130.1,121.1,128.3,130.5,117.7,127.5,118.0,135.2,131.9,116.7
SEALER-0072,879,14:39,129.9,136.7,130.2,122.0,128.5,131.9,119.2,128.0,117.5,133.9,131.3,117.2
SEALER-0072,880,14:40,131.6,136.4,129.4,121.9,128.2,131.2,119.0,128.2,117.5,134.2,129.8,116.0
SEALER-0072,881,14:41,129.0,136.5,130.2,121.0,128.0,130.2,118.2,127.0,118.4,135.8,131.0,115.9
SEALER-0072,882,14:42,130.1,136.4,130.3,121.3,128.8,130.8,119.1,126.9,118.3,133.5,130.9,117.1
SEALER-0072,883,14:43,130.2,136.1,130.7,121.6,129.7,131.6,118.7,128.2,118.8,134.4,132.1,116.9
SEALER-0072,884,14:44,131.3,136.3,130.1,121.8,128.3,131.7,117.9,127.2,118.0,136.3,131.8,116.7
SEALER-0072,885,14:45,131.0,137.2,130.6,119.7,128.8,131.9,119.3,128.0,118.7,134.4,131.2,116.6
SEALER-0072,886,14:46,129.3,137.3,130.0,121.8,128.2,131.1,119.5,127.8,118.3,134.9,131.7,116.8
SEALER-0072,887,14:47,130.3,138.0,130.7,121.6,129.2,131.5,119.9,127.9,118.8,135.4,131.3,117.5
SEALER-0072,888,14:48,130.5,138.4,130.6,121.4,129.0,131.0,119.2,127.5,118.4,135.3,131.9,117.4
SEALER-0072,889,14:49,131.9,137.0,130.8,121.2,128.8,132.1,119.5,127.3,119.5,136.0,132.7,117.6
SEALER-0072,890,14:50,131.0,137.3,130.7,121.8,128.4,132.2,120.1,127.6,118.6,135.3,131.4,117.2
SEALER-0072,891,14:51,130.5,137.1,130.8,122.2,129.3,131.1,120.0,127.7,119.3,134.6,132.4,117.2
SEALER-0072,892,14:52,130.5,137.6,131.1,121.3,129.5,131.7,119.9,128.2,119.1,135.1,131.6,116.8
SEALER-0072,893,14:53,130.2,136.7,130.7,122.4,129.9,131.0,120.5,128.2,118.7,135.1,131.1,117.5
SEALER-0072,894,14:54,130.2,137.5,130.1,122.0,129.4,131.9,118.7,127.2,119.0,135.2,131.9,117.2
SEALER-0072,895,14:55,131.0,136.6,130.0,122.1,129.8,131.8,119.0,128.7,118.3,135.3,132.5,117.9
SEALER-0072,896,14:56,130.9,138.5,131.5,122.3,127.8,132.2,119.2,128.5,119.4,136.0,132.8,116.1
SEALER-0072,897,14:57,131.0,137.7,130.4,122.1,130.0,132.6,119.6,128.1,119.3,134.7,132.5,117.8
SEALER-0072,898,14:58,130.8,137.9,131.0,122.6,129.2,132.4,119.5,128.6,118.7,135.5,131.8,117.8
SEALER-0072,899,14:59,131.0,137.5,131.8,122.7,129.0,132.9,120.0,127.9,119.7,135.8,132.3,117.6
SEALER-0072,900,15:00,130.9,137.6,131.3,122.3,129.2,133.3,120.7,128.5,119.6,134.7,131.4,116.4
SEALER-0072,901,15:01,131.7,137.4,132.0,122.2,129.9,133.2,119.7,127.8,119.3,134.5,132.8,118.4
SEALER-0072,902,15:02,131.2,138.4,131.8,122.3,129.2,132.9,119.9,127.9,119.9,135.6,132.7,117.2
SEALER-0072,903,15:03,130.0,138.5,131.5,123.1,129.5,133.5,119.9,129.4,119.3,135.4,132.2,118.0
SEALER-0072,904,15:04,131.4,137.7,131.4,122.0,129.7,131.9,120.5,128.3,119.3,134.8,132.2,117.7
SEALER-0072,905,15:05,131.1,137.7,131.4,122.5,129.6,132.1,120.5,128.5,119.6,134.8,132.8,118.1
SEALER-0072,906,15:06,131.9,137.9,131.2,122.9,130.2,133.1,119.9,129.1,120.0,135.3,132.7,118.0
SEALER-0072,907,15:07,131.3,137.5,132.6,122.4,130.6,133.7,121.0,129.1,119.4,135.7,133.4,118.1
SEALER-0072,908,15:08,132.2,138.8,131.6,122.4,130.8,132.4,120.3,129.3,119.9,135.7,132.6,118.1
SEALER-0072,909,15:09,131.5,139.4,132.1,122.4,130.0,133.1,119.9,129.0,119.3,136.2,132.5,117.8
SEALER-0072,910,15:10,130.8,138.6,132.3,122.1,129.8,133.1,119.8,128.7,119.6,136.7,132.6,118.9
SEALER-0072,911,15:11,131.9,139.1,131.8,122.8,130.6,132.9,119.5,129.0,120.0,135.3,132.6,117.3
SEALER-0072,912,15:12,130.7,138.2,131.8,122.7,130.6,133.6,121.1,129.1,119.0,134.8,132.8,117.8
SEALER-0072,913,15:13,131.9,138.3,131.9,122.8,130.3,132.9,120.4,129.2,119.8,135.7,133.7,118.0
SEALER-0072,914,15:14,131.2,137.8,132.5,123.4,130.1,133.3,121.1,129.7,120.4,136.8,133.9,117.7
SEALER-0072,915,15:15,131.9,138.4,131.7,123.4,130.4,133.5,120.2,128.3,119.3,136.2,132.4,118.1
SEALER-0072,916,15:16,132.5,139.1,133.7,123.7,130.5,133.9,121.1,129.2,120.4,137.0,133.2,118.0
SEALER-0072,917,15:17,131.6,139.4,131.8,122.7,130.7,134.0,119.6,130.1,120.4,136.2,134.0,118.9
SEALER-0072,918,15:18,132.3,138.2,132.0,123.4,130.7,132.8,120.9,129.8,119.1,137.1,133.4,118.1
SEALER-0072,919,15:19,131.7,139.2,133.0,123.3,129.2,132.8,121.3,128.2,120.8,136.5,133.5,118.4
SEALER-0072,920,15:20,131.8,139.0,131.8,122.9,130.7,132.7,120.2,130.0,119.4,136.9,133.6,117.7
SEALER-0072,921,15:21,132.2,139.6,132.0,123.0,130.5,133.4,120.0,129.4,121.0,136.4,133.0,118.6
SEALER-0072,922,15:22,132.4,138.4,132.3,123.4,130.9,133.4,121.6,129.7,119.5,137.3,134.1,118.5
SEALER-0072,923,15:23,132.9,138.9,132.6,123.5,130.6,133.7,121.2,130.4,119.0,136.2,133.7,119.8
SEALER-0072,924,15:24,132.5,138.9,133.4,123.1,130.9,133.2,120.4,130.6,120.1,136.0,133.0,118.5
SEALER-0072,925,15:25,132.8,139.3,133.2,124.2,130.7,133.7,121.3,129.9,119.4,135.5,132.7,118.5
SEALER-0072,926,15:26,132.4,138.4,133.5,123.0,130.9,133.7,121.1,130.1,120.7,135.7,132.2,118.6
SEALER-0072,927,15:27,131.9,139.5,133.5,123.1,130.2,133.4,120.5,128.8,119.2,136.7,134.4,118.5
SEALER-0072,928,15:28,132.5,140.1,132.6,124.1,129.8,134.2,122.1,129.6,121.0,136.5,133.7,118.5
SEALER-0072,929,15:29,133.0,137.1,131.7,123.8,131.2,133.9,121.5,130.1,120.8,136.7,134.1,119.5
SEALER-0072,930,15:30,132.2,139.8,131.6,123.3,131.7,133.2,121.1,129.5,122.1,135.7,134.1,118.0
SEALER-0072,931,15:31,133.3,138.4,133.7,123.7,131.1,133.8,121.1,130.7,120.1,136.2,134.5,118.5
SEALER-0072,932,15:32,133.0,138.5,132.7,125.0,130.3,134.6,122.1,130.6,121.2,139.0,133.9,119.3
SEALER-0072,933,15:33,132.6,139.6,132.1,124.4,130.5,134.5,122.0,130.6,120.0,136.2,133.4,119.7
SEALER-0072,934,15:34,133.8,139.6,132.4,120.6,130.1,133.6,121.7,130.8,119.2,135.1,135.1,119.3
SEALER-0072,935,15:35,132.8,141.3,132.7,124.0,132.5,134.5,121.4,130.3,121.0,136.9,132.1,119.0
SEALER-0072,936,15:36,133.4,139.1,132.8,124.0,131.7,133.8,121.5,130.2,120.6,137.3,134.4,118.7
SEALER-0072,937,15:37,132.6,140.4,131.6,123.6,131.2,134.6,122.1,130.5,119.9,136.9,132.6,119.4
SEALER-0072,938,15:38,132.6,139.2,131.4,124.7,131.0,134.2,122.1,130.4,121.0,135.9,134.1,118.6
SEALER-0072,939,15:39,133.6,138.8,130.9,122.0,131.5,134.7,121.4,131.5,119.3,136.8,133.8,119.3
SEALER-0072,940,15:40,132.4,138.6,132.0,122.9,132.5,134.2,121.4,131.3,121.4,136.5,135.0,119.7
SEALER-0072,941,15:41,133.0,139.7,132.5,124.9,130.7,134.9,121.9,130.3,120.2,138.3,134.6,119.1
SEALER-0072,942,15:42,133.3,140.4,131.6,123.7,131.3,134.2,122.2,131.3,120.0,138.5,134.4,120.0
SEALER-0072,943,15:43,133.2,139.1,132.9,123.0,131.1,134.6,122.0,130.4,120.8,137.6,135.3,119.1
SEALER-0072,944,15:44,132.6,138.3,133.9,124.1,131.7,135.2,122.4,130.0,120.4,136.7,132.7,119.7
SEALER-0072,945,15:45,132.0,140.0,133.1,123.7,131.1,134.6,122.1,131.0,120.7,136.7,134.2,119.5
SEALER-0072,946,15:46,134.3,139.1,133.1,123.3,131.6,134.1,121.4,131.0,121.0,135.4,134.3,119.6
SEALER-0072,947,15:47,133.0,139.8,131.4,124.3,131.8,134.8,121.9,130.6,120.5,135.8,133.9,119.0
SEALER-0072,948,15:48,133.5,137.9,131.9,124.0,132.9,135.5,122.0,130.9,119.4,136.8,133.2,119.4
SEALER-0072,949,15:49,132.2,140.0,133.2,123.2,132.2,134.9,122.6,130.1,121.1,134.9,133.0,118.7
SEALER-0072,950,15:50,132.5,140.6,133.1,122.5,131.7,135.1,122.1,130.9,120.4,135.7,133.6,120.2
SEALER-0072,951,15:51,132.9,139.5,132.7,123.0,132.2,134.2,121.9,131.0,121.4,135.9,135.1,120.8
SEALER-0072,952,15:52,133.1,139.3,133.4,123.2,132.9,135.1,122.1,131.4,120.9,136.2,135.1,120.2
SEALER-0072,953,15:53,135.2,139.6,132.9,123.9,131.7,135.9,122.7,131.4,119.5,137.0,134.6,119.2
SEALER-0072,954,15:54,132.0,138.7,133.6,123.9,132.6,136.7,121.9,130.0,122.2,137.5,135.0,120.6
SEALER-0072,955,15:55,134.1,140.5,133.9,124.2,132.0,134.5,121.8,131.3,120.1,136.8,134.1,119.1
SEALER-0072,956,15:56,133.1,140.9,132.3,122.8,132.1,135.3,122.2,132.2,120.2,136.1,132.6,118.7
SEALER-0072,957,15:57,132.5,139.5,131.8,123.7,131.9,135.4,122.7,131.4,122.2,137.3,132.7,118.8
SEALER-0072,958,15:58,134.5,139.8,132.7,124.4,133.0,135.7,122.3,132.2,119.7,137.5,135.8,120.5
SEALER-0072,959,15:59,133.6,139.3,133.1,124.3,133.1,134.3,122.6,131.1,121.8,135.0,132.6,119.8
SEALER-0072,960,16:00,132.9,140.5,132.1,124.5,131.9,135.2,122.8,130.6,120.8,137.5,133.6,119.9
SEALER-0072,961,16:01,131.9,139.4,131.5,123.7,133.4,135.7,123.2,131.0,121.1,137.9,134.6,118.3
SEALER-0072,962,16:02,132.2,138.6,132.8,123.1,132.8,134.6,122.1,131.7,120.8,136.4,134.4,120.2
SEALER-0072,963,16:03,132.6,139.2,133.8,123.4,132.3,136.1,121.9,130.9,119.0,138.5,133.2,120.7
SEALER-0072,964,16:04,132.6,140.3,133.0,121.9,132.7,136.8,123.6,131.2,120.0,137.8,134.4,119.2
SEALER-0072,965,16:05,134.7,140.9,132.5,123.1,132.8,134.6,122.8,130.4,121.3,136.9,132.9,120.0
SEALER-0072,966,16:06,133.1,138.7,132.4,122.8,132.8,135.6,122.8,131.4,119.0,135.8,133.5,119.7
SEALER-0072,967,16:07,134.9,139.1,131.6,124.6,131.7,135.6,123.5,132.2,120.2,137.8,134.4,120.2
SEALER-0072,968,16:08,133.8,138.0,131.9,123.5,133.2,134.6,123.1,131.6,120.0,137.0,134.7,120.0
SEALER-0072,969,16:09,133.2,140.7,133.0,124.5,134.2,135.3,124.4,132.1,119.6,135.5,132.8,120.4
SEALER-0072,970,16:10,132.3,140.0,131.9,123.2,133.8,136.0,121.5,131.8,119.5,136.5,135.3,119.2
SEALER-0072,971,16:11,134.8,140.3,133.7,123.6,133.5,135.6,122.7,130.1,120.1,136.9,132.9,119.9
SEALER-0072,972,16:12,133.8,140.0,134.2,122.6,132.2,136.3,123.3,132.0,120.2,136.5,132.6,120.2
SEALER-0072,973,16:13,133.4,137.6,131.2,125.1,133.5,135.7,123.4,131.1,121.1,136.4,134.6,118.7
SEALER-0072,974,16:14,133.9,140.4,132.9,124.6,132.3,133.5,122.6,131.5,121.1,136.9,135.7,120.0
SEALER-0072,975,16:15,133.1,139.0,131.7,124.3,132.3,136.1,122.3,130.6,120.2,137.4,134.9,120.8
SEALER-0072,976,16:16,133.0,139.2,132.8,123.1,132.5,135.2,122.2,130.3,120.2,137.8,134.2,117.8
SEALER-0072,977,16:17,133.7,139.1,132.9,123.4,133.0,134.6,122.6,130.5,119.8,136.9,134.1,120.2
SEALER-0072,978,16:18,134.5,139.0,132.2,121.5,131.6,134.7,121.8,131.6,119.2,136.7,134.1,119.6
SEALER-0072,979,16:19,134.2,139.0,131.4,123.0,132.2,136.6,121.6,132.4,122.2,135.9,135.4,119.6
SEALER-0072,980,16:20,133.5,140.0,131.6,122.9,133.6,135.9,123.2,132.5,120.4,137.1,133.6,118.9
SEALER-0072,981,16:21,134.5,138.5,132.4,123.1,132.4,136.1,123.4,129.3,120.0,136.5,134.4,120.0
SEALER-0072,982,16:22,134.1,139.7,131.8,124.5,132.5,135.0,122.6,130.2,121.1,136.0,135.3,119.3
SEALER-0072,983,16:23,132.3,140.1,133.3,124.2,133.4,135.5,122.7,130.6,120.1,137.7,134.2,120.9
SEALER-0072,984,16:24,133.7,140.1,133.1,123.3,132.3,136.3,122.4,131.6,119.7,135.8,132.7,119.5
SEALER-0072,985,16:25,134.1,140.7,132.7,123.0,132.6,137.5,121.5,131.2,119.6,137.2,134.3,118.4
SEALER-0072,986,16:26,133.1,138.4,132.1,123.2,132.2,135.0,123.5,131.1,118.9,136.9,133.8,119.6
SEALER-0072,987,16:27,132.4,138.8,131.2,123.7,133.5,136.1,123.4,132.6,122.4,136.7,135.0,119.9
SEALER-0072,988,16:28,133.6,139.7,132.9,123.9,132.4,135.8,121.2,132.2,119.7,136.4,133.6,119.2
SEALER-0072,989,16:29,133.0,138.8,130.6,123.9,132.2,134.6,123.2,131.1,120.3,137.5,135.0,120.1
SEALER-0072,990,16:30,134.3,138.7,131.2,124.1,131.6,136.2,122.6,130.5,121.0,136.4,134.6,120.7
SEALER-0072,991,16:31,133.9,139.7,132.1,122.9,131.4,135.3,123.7,131.9,120.2,137.2,133.0,119.4
SEALER-0072,992,16:32,134.2,138.9,132.2,123.7,132.8,136.7,124.3,131.3,121.4,135.7,133.4,119.7
SEALER-0072,993,16:33,133.1,139.1,132.8,124.7,132.4,136.1,123.1,131.7,121.6,137.3,134.3,118.3
SEALER-0072,994,16:34,133.0,138.6,131.1,122.8,133.3,136.1,121.9,131.1,120.8,135.0,133.4,119.8
SEALER-0072,995,16:35,135.6,137.7,133.0,121.7,132.7,135.2,122.5,130.9,122.4,137.0,134.1,118.4
SEALER-0072,996,16:36,134.1,138.8,133.5,123.8,132.5,135.3,121.7,132.2,119.9,138.0,134.8,119.7
SEALER-0072,997,16:37,133.6,139.2,133.5,123.5,133.3,137.5,122.7,133.2,120.6,137.2,133.2,119.3
SEALER-0072,998,16:38,132.4,139.3,133.3,124.3,132.9,134.6,123.1,130.9,121.1,136.7,133.4,119.3
SEALER-0072,999,16:39,134.0,139.4,131.5,124.7,132.2,136.2,123.6,131.4,119.5,136.8,133.5,119.5
SEALER-0072,1000,16:40,134.7,140.9,133.6,123.5,131.6,136.4,123.4,131.1,120.0,136.2,134.6,119.3
SEALER-0072,1001,16:41,133.8,139.7,131.8,124.3,131.8,136.4,121.9,131.2,120.8,135.8,133.7,118.3
SEALER-0072,1002,16:42,132.5,139.7,131.9,123.4,132.7,134.4,123.5,131.8,121.1,136.4,133.4,119.7
SEALER-0072,1003,16:43,132.4,139.6,133.1,123.5,132.4,135.6,123.2,132.7,120.8,136.4,134.8,119.2
SEALER-0072,1004,16:44,133.1,138.0,134.1,124.3,132.7,135.8,120.3,132.3,121.3,135.4,135.9,119.8
SEALER-0072,1005,16:45,133.1,137.0,131.7,124.2,131.9,137.0,123.8,130.0,120.6,136.8,134.3,119.4
SEALER-0072,1006,16:46,134.9,139.7,132.5,123.9,132.2,134.8,123.8,131.3,120.0,135.3,134.6,119.0
SEALER-0072,1007,16:47,133.4,139.4,132.8,123.7,132.4,135.6,123.4,131.8,120.8,135.1,133.7,118.5
SEALER-0072,1008,16:48,134.3,141.0,132.2,123.3,133.5,136.0,120.9,131.1,121.1,137.7,134.6,119.0
SEALER-0072,1009,16:49,134.5,139.1,132.5,123.8,130.2,135.5,122.4,131.0,120.1,136.0,131.7,119.2
SEALER-0072,1010,16:50,132.5,139.3,133.2,122.8,131.2,135.2,121.8,131.1,119.0,137.2,134.9,121.3
SEALER-0072,1011,16:51,132.9,139.3,133.8,124.7,131.9,134.6,122.7,130.9,121.0,136.9,133.7,120.3
SEALER-0072,1012,16:52,133.9,140.6,132.6,123.0,132.8,135.3,122.5,131.0,119.5,136.2,134.0,120.6
SEALER-0072,1013,16:53,132.3,139.9,132.5,122.1,131.1,136.4,121.8,131.9,121.3,136.0,134.1,119.6
SEALER-0072,1014,16:54,132.1,138.0,133.5,124.9,132.0,135.4,124.2,130.8,121.0,136.3,133.8,119.9
SEALER-0072,1015,16:55,133.2,138.8,132.2,122.7,132.9,134.7,122.2,131.1,121.8,135.7,132.3,117.9
SEALER-0072,1016,16:56,135.3,139.5,131.8,122.3,134.2,133.6,121.5,132.0,119.2,136.4,133.6,119.4
SEALER-0072,1017,16:57,132.4,139.2,132.9,123.3,133.2,134.6,122.2,131.9,121.5,136.7,131.7,120.4
SEALER-0072,1018,16:58,133.3,138.4,132.2,123.2,133.8,134.4,122.9,133.1,119.4,137.1,132.6,120.8
SEALER-0072,1019,16:59,133.7,138.2,130.8,125.5,132.2,136.1,122.4,130.7,120.9,137.8,134.3,119.2
SEALER-0072,1020,17:00,133.9,139.2,133.4,125.1,132.8,136.0,122.9,130.0,119.5,136.8,134.2,119.6
SEALER-0072,1021,17:01,134.2,139.8,131.6,124.3,133.8,135.4,122.5,130.4,120.0,136.0,132.4,118.0
SEALER-0072,1022,17:02,132.1,138.6,134.3,121.9,133.5,136.3,123.2,132.2,119.1,134.4,135.2,119.7
SEALER-0072,1023,17:03,133.5,139.9,131.8,122.8,132.3,135.6,122.9,132.3,120.6,137.3,133.4,119.6
SEALER-0072,1024,17:04,131.9,140.4,132.2,123.9,132.3,134.5,122.7,131.8,119.7,137.4,132.6,120.2
SEALER-0072,1025,17:05,134.6,140.0,132.2,124.0,131.4,137.1,122.5,131.8,120.5,135.7,131.7,120.3
SEALER-0072,1026,17:06,133.9,137.5,133.2,125.4,132.6,137.7,123.8,130.9,120.4,137.4,132.6,120.4
SEALER-0072,1027,17:07,135.0,138.9,132.3,123.9,133.4,135.3,122.0,131.7,119.7,137.9,135.3,117.9
SEALER-0072,1028,17:08,134.5,139.2,131.5,123.9,131.4,136.1,123.1,131.4,119.7,136.6,133.4,120.3
SEALER-0072,1029,17:09,133.7,139.0,130.8,122.7,131.4,135.4,123.7,131.0,120.3,135.7,132.9,119.8
SEALER-0072,1030,17:10,133.1,140.4,132.6,123.3,133.4,136.3,122.6,130.8,120.7,135.9,135.4,117.8
SEALER-0072,1031,17:11,133.1,139.3,131.8,124.6,132.1,135.3,123.6,131.3,120.2,136.2,134.8,120.4
SEALER-0072,1032,17:12,132.3,139.8,132.2,122.7,131.7,136.6,122.6,131.0,120.0,135.9,133.8,118.8
SEALER-0072,1033,17:13,135.5,140.1,131.5,123.2,133.7,135.6,123.2,130.6,122.1,136.7,133.8,119.6
SEALER-0072,1034,17:14,134.1,139.4,134.1,124.3,132.7,134.6,124.2,132.0,120.0,136.3,133.8,119.0
SEALER-0072,1035,17:15,132.1,139.8,133.8,125.4,133.8,136.0,123.2,130.6,120.6,136.0,134.5,118.7
SEALER-0072,1036,17:16,133.0,139.2,131.2,122.9,132.3,135.5,122.8,132.0,120.9,136.7,134.5,119.8
SEALER-0072,1037,17:17,134.1,139.0,132.0,125.8,131.3,134.3,122.8,131.8,120.0,135.9,134.2,118.5
SEALER-0072,1038,17:18,134.4,139.5,133.1,124.0,132.3,135.5,122.4,131.9,119.7,135.8,134.3,119.9
SEALER-0072,1039,17:19,132.6,139.8,134.1,123.3,132.3,134.7,121.6,132.4,119.5,137.3,132.1,118.4
SEALER-0072,1040,17:20,131.4,139.4,131.9,122.9,133.2,135.5,122.1,132.1,118.5,137.1,134.0,121.2
SEALER-0072,1041,17:21,131.9,138.9,131.9,123.6,132.0,134.8,123.5,131.5,119.0,137.0,134.6,120.2
SEALER-0072,1042,17:22,132.1,138.3,133.2,122.7,132.7,136.3,121.7,132.4,120.0,138.2,132.7,119.4
SEALER-0072,1043,17:23,133.5,140.3,131.6,124.6,133.3,136.1,123.0,131.2,122.2,137.1,134.5,119.5
SEALER-0072,1044,17:24,132.2,138.8,131.2,124.5,132.9,135.2,123.1,132.0,120.2,137.1,134.9,121.0
SEALER-0072,1045,17:25,132.1,138.9,132.2,122.7,132.5,134.2,121.9,131.4,123.4,136.3,135.8,119.4
SEALER-0072,1046,17:26,133.9,140.0,132.9,123.3,133.5,134.8,123.5,131.1,119.2,135.9,134.8,119.6
SEALER-0072,1047,17:27,133.1,140.2,131.4,122.2,132.7,135.1,122.0,131.3,120.1,135.3,133.9,118.3
SEALER-0072,1048,17:28,133.8,140.2,133.3,123.4,131.5,136.3,123.4,131.0,118.8,136.6,133.4,120.9
SEALER-0072,1049,17:29,134.2,137.3,131.8,122.2,132.2,136.2,123.2,129.6,121.0,138.1,133.8,120.3
SEALER-0072,1050,17:30,134.5,139.2,132.1,124.4,133.0,136.4,123.8,131.5,118.9,135.4,134.1,119.1
SEALER-0072,1051,17:31,133.6,139.8,131.4,123.7,132.3,136.5,122.1,131.4,121.4,136.6,133.2,118.1
SEALER-0072,1052,17:32,134.2,138.2,130.8,124.1,131.3,136.8,124.5,131.3,121.4,135.1,134.0,120.2
SEALER-0072,1053,17:33,134.4,138.2,132.1,122.8,132.0,135.1,123.2,131.8,120.2,136.4,134.7,118.0
SEALER-0072,1054,17:34,133.8,139.9,132.9,123.0,132.2,136.8,123.5,131.1,119.3,137.5,134.8,119.0
SEALER-0072,1055,17:35,134.9,139.7,132.2,123.2,133.2,137.6,121.0,131.2,120.9,136.2,135.0,121.0
SEALER-0072,1056,17:36,133.2,139.5,131.5,124.3,131.3,136.4,122.3,131.0,120.0,136.3,133.5,120.1
SEALER-0072,1057,17:37,133.9,140.7,132.9,121.7,133.5,136.8,123.3,130.0,120.9,134.9,134.2,119.8
SEALER-0072,1058,17:38,133.0,139.0,131.5,124.0,131.8,133.8,122.1,131.2,121.1,136.5,134.0,120.1
SEALER-0072,1059,17:39,132.5,138.5,132.6,122.5,131.6,135.4,122.3,129.7,121.1,136.8,134.4,119.5
SEALER-0072,1060,17:40,133.6,139.2,130.9,123.0,132.4,136.2,122.3,131.7,120.1,136.0,135.6,119.5
SEALER-0072,1061,17:41,132.3,139.3,133.3,125.2,131.6,135.0,123.5,130.7,119.6,136.6,133.5,118.0
SEALER-0072,1062,17:42,134.2,140.0,133.0,122.7,132.9,135.8,122.3,130.5,119.1,136.8,134.2,120.6
SEALER-0072,1063,17:43,133.7,140.4,133.5,123.3,131.7,136.9,123.1,130.7,120.3,136.3,134.0,120.0
SEALER-0072,1064,17:44,133.8,140.0,131.8,124.1,131.6,134.8,122.8,130.5,121.6,134.7,134.2,118.7
SEALER-0072,1065,17:45,132.5,136.7,133.5,123.4,133.9,135.5,121.9,131.9,118.5,138.3,134.2,119.6
SEALER-0072,1066,17:46,132.9,139.2,132.8,123.0,131.5,134.7,123.0,131.2,120.1,136.7,134.4,118.9
SEALER-0072,1067,17:47,134.0,138.4,132.6,123.3,134.2,134.6,124.0,131.0,120.6,134.9,134.0,120.9
SEALER-0072,1068,17:48,133.6,138.6,131.5,124.4,132.0,137.4,122.4,132.2,121.3,136.3,133.7,118.2
SEALER-0072,1069,17:49,132.4,139.0,133.4,124.2,131.6,135.6,123.8,130.8,120.9,136.4,133.6,119.2
SEALER-0072,1070,17:50,134.2,141.2,130.1,124.5,133.8,134.8,123.6,132.0,121.2,136.9,134.1,120.5
SEALER-0072,1071,17:51,134.2,138.8,133.3,122.8,133.1,135.1,123.0,132.7,119.9,137.5,134.8,119.7
SEALER-0072,1072,17:52,134.2,137.8,132.2,122.6,131.7,134.8,123.2,130.8,120.7,136.4,132.8,120.7
SEALER-0072,1073,17:53,134.5,139.6,133.5,123.2,131.7,135.1,122.7,131.2,121.4,135.6,135.2,118.7
SEALER-0072,1074,17:54,133.0,138.5,131.6,124.0,133.1,135.5,121.8,132.4,119.5,137.3,134.2,118.9
SEALER-0072,1075,17:55,134.2,139.0,132.9,124.3,134.6,134.0,123.5,130.6,120.8,136.9,133.2,120.0
SEALER-0072,1076,17:56,133.2,139.6,132.9,123.7,132.8,135.5,121.9,132.8,120.2,135.9,134.2,120.0
SEALER-0072,1077,17:57,131.4,140.8,132.9,123.3,133.5,135.5,123.8,131.9,121.4,136.1,133.3,117.8
SEALER-0072,1078,17:58,132.9,140.1,133.4,122.8,132.8,135.9,122.9,131.6,120.8,137.8,134.5,119.7
SEALER-0072,1079,17:59,135.0,139.1,133.0,122.6,132.0,135.5,122.7,130.8,120.6,137.6,133.7,120.0
SEALER-0072,1080,18:00,133.9,139.4,131.3,123.7,132.7,135.8,122.1,130.6,119.3,135.9,134.0,119.0
SEALER-0072,1081,18:01,133.4,139.1,132.0,125.0,132.0,136.9,124.1,132.2,120.5,137.0,131.8,118.6
SEALER-0072,1082,18:02,134.9,140.3,133.0,124.4,132.2,135.8,123.2,130.0,119.4,135.6,134.6,118.6
SEALER-0072,1083,18:03,133.6,137.8,132.9,124.3,132.8,135.8,123.7,131.6,119.5,136.8,133.8,121.6
SEALER-0072,1084,18:04,133.8,138.9,132.1,123.3,132.7,135.8,121.6,132.2,119.9,136.8,134.3,120.5
SEALER-0072,1085,18:05,131.8,138.4,132.5,124.1,132.0,136.5,122.0,131.8,120.0,136.5,134.1,119.4
SEALER-0072,1086,18:06,132.9,137.4,131.5,124.4,131.3,136.4,123.0,131.9,121.1,136.5,134.8,119.5
SEALER-0072,1087,18:07,133.4,138.2,130.6,122.8,133.8,136.0,122.8,131.9,119.5,135.6,133.0,119.9
SEALER-0072,1088,18:08,133.2,139.4,132.5,122.6,133.0,135.7,123.0,130.3,120.9,135.4,134.8,118.2
SEALER-0072,1089,18:09,133.7,140.0,132.3,125.8,132.3,135.3,123.6,131.8,121.4,135.0,134.7,121.6
SEALER-0072,1090,18:10,133.0,139.1,133.5,124.4,133.0,135.2,122.4,132.1,120.4,137.2,135.1,120.3
SEALER-0072,1091,18:11,133.3,139.4,132.5,124.3,133.0,137.3,123.6,132.3,121.6,136.7,134.3,119.8
SEALER-0072,1092,18:12,133.4,139.2,131.3,124.0,132.4,136.0,122.3,131.2,120.6,137.5,135.0,119.3
SEALER-0072,1093,18:13,133.1,138.3,132.4,124.4,133.1,137.5,124.5,131.2,119.7,135.6,134.6,119.5
SEALER-0072,1094,18:14,134.6,140.2,133.4,122.9,132.0,136.3,121.7,131.9,119.6,135.5,133.5,118.5
SEALER-0072,1095,18:15,134.6,139.0,131.7,121.7,131.6,136.0,123.2,131.3,121.6,136.2,133.7,120.9
SEALER-0072,1096,18:16,135.3,139.8,131.8,123.7,130.7,135.5,123.6,131.5,119.6,136.8,134.3,118.4
SEALER-0072,1097,18:17,133.9,140.2,132.9,122.3,133.5,135.7,124.0,131.4,120.4,136.5,135.7,119.7
SEALER-0072,1098,18:18,133.5,138.4,132.3,124.3,132.7,137.2,122.8,131.8,122.6,137.0,135.4,117.6
SEALER-0072,1099,18:19,133.9,139.1,131.9,123.2,132.5,135.9,123.3,132.0,119.4,135.0,133.3,119.7
SEALER-0072,1100,18:20,134.1,140.8,133.4,122.2,131.9,136.8,122.6,132.4,119.0,136.3,134.0,117.3
SEALER-0072,1101,18:21,132.8,139.1,133.1,123.1,133.6,135.8,122.2,131.4,121.2,136.9,134.4,120.0
SEALER-0072,1102,18:22,133.3,138.7,132.4,123.8,132.3,135.9,122.7,128.8,120.7,136.2,134.7,118.9
SEALER-0072,1103,18:23,132.9,140.6,132.9,123.1,132.7,136.7,123.3,131.9,121.3,137.1,133.7,119.9
SEALER-0072,1104,18:24,132.3,139.3,133.9,122.0,132.4,136.7,122.9,131.3,120.5,137.1,134.6,119.7
SEALER-0072,1105,18:25,132.6,139.3,131.0,122.9,132.5,135.7,122.9,131.7,121.1,137.3,134.5,121.8
SEALER-0072,1106,18:26,133.1,140.1,132.7,122.8,131.3,136.1,123.3,130.9,119.7,133.9,134.7,119.5
SEALER-0072,1107,18:27,132.7,139.3,132.5,124.5,131.1,135.8,124.1,131.6,120.6,135.6,134.3,118.8
SEALER-0072,1108,18:28,132.9,140.2,132.5,123.6,133.0,135.7,124.6,131.4,120.4,135.9,131.3,119.2
SEALER-0072,1109,18:29,134.6,139.6,133.4,122.6,132.0,137.6,123.5,130.8,119.7,136.6,133.8,121.2
SEALER-0072,1110,18:30,132.3,138.9,131.4,124.4,132.6,135.9,122.4,132.3,120.8,136.8,133.1,119.2
SEALER-0072,1111,18:31,134.6,140.1,133.0,125.0,130.9,136.1,122.1,131.2,120.1,137.5,133.0,119.3
SEALER-0072,1112,18:32,134.2,138.7,131.3,124.1,132.4,134.9,122.3,131.7,118.4,136.2,135.6,121.6
SEALER-0072,1113,18:33,132.8,138.6,133.1,122.8,132.2,135.5,123.8,131.3,120.5,136.9,134.6,121.0
SEALER-0072,1114,18:34,133.4,138.4,132.3,122.7,131.4,135.9,122.7,130.9,121.6,136.5,133.8,118.7
SEALER-0072,1115,18:35,135.5,139.7,131.9,122.8,131.6,136.1,122.1,131.6,119.8,136.8,134.9,119.7
SEALER-0072,1116,18:36,133.5,139.2,133.6,123.8,131.5,136.6,121.5,131.1,121.1,135.9,134.4,120.4
SEALER-0072,1117,18:37,134.7,139.9,132.3,123.3,133.4,135.2,122.9,130.1,122.8,135.5,134.2,120.8
SEALER-0072,1118,18:38,132.5,139.1,132.5,122.3,133.7,135.3,122.7,131.2,120.2,136.9,134.1,119.6
SEALER-0072,1119,18:39,134.3,139.6,130.8,124.4,131.4,136.0,122.8,133.3,121.8,138.0,134.1,118.2
SEALER-0072,1120,18:40,134.0,138.1,134.2,121.1,131.7,135.6,123.1,131.4,122.0,136.4,134.1,120.1
SEALER-0072,1121,18:41,134.4,139.9,133.2,124.7,133.5,136.1,123.0,131.2,120.8,135.5,135.2,119.7
SEALER-0072,1122,18:42,133.6,140.0,131.6,126.1,132.3,135.0,122.8,130.5,121.7,137.3,134.4,120.1
SEALER-0072,1123,18:43,132.6,140.0,131.9,124.2,132.3,135.1,124.0,132.5,120.0,135.3,134.2,119.8
SEALER-0072,1124,18:44,133.3,138.7,133.2,121.4,132.2,135.8,123.5,130.6,119.9,136.1,133.9,119.2
SEALER-0072,1125,18:45,132.4,138.9,132.0,124.6,133.5,135.9,121.4,131.5,119.6,136.9,133.5,118.1
SEALER-0072,1126,18:46,135.1,140.3,132.4,124.1,133.6,135.0,121.9,131.3,119.3,135.9,134.5,120.1
SEALER-0072,1127,18:47,132.8,140.3,132.7,122.8,132.8,137.5,122.3,131.2,121.6,135.1,134.1,119.2
SEALER-0072,1128,18:48,134.1,140.6,131.8,123.3,133.3,135.4,122.4,130.8,120.8,135.8,132.7,120.6
SEALER-0072,1129,18:49,134.3,137.2,131.3,122.6,133.2,135.5,122.4,130.9,120.1,136.7,134.4,120.4
SEALER-0072,1130,18:50,133.9,139.9,131.4,123.2,132.9,135.4,122.1,131.3,120.6,136.3,135.7,119.6
SEALER-0072,1131,18:51,133.7,139.0,133.9,124.3,133.2,136.3,123.4,131.1,119.4,135.6,133.8,120.5
SEALER-0072,1132,18:52,132.1,139.8,131.3,124.1,132.7,135.5,122.1,131.1,119.4,134.9,134.2,119.8
SEALER-0072,1133,18:53,134.8,140.3,133.6,123.2,132.2,135.4,124.3,130.8,119.7,137.5,134.5,121.2
SEALER-0072,1134,18:54,133.8,139.0,131.7,124.3,133.3,136.4,122.5,130.9,119.1,135.9,134.0,118.3
SEALER-0072,1135,18:55,133.5,138.8,133.0,125.9,133.5,135.2,122.0,131.2,120.0,138.7,133.2,119.8
SEALER-0072,1136,18:56,134.3,140.5,134.2,124.8,132.2,136.5,123.3,131.4,119.9,135.7,133.9,118.7
SEALER-0072,1137,18:57,133.0,138.3,133.7,123.7,132.6,136.1,123.7,129.9,119.8,135.8,133.7,120.5
SEALER-0072,1138,18:58,134.0,139.8,132.2,124.7,132.9,136.5,122.7,131.1,120.2,135.7,133.1,120.0
SEALER-0072,1139,18:59,134.5,139.9,133.4,124.7,133.2,137.1,122.7,133.5,120.3,137.0,133.0,118.5
SEALER-0072,1140,19:00,134.4,140.5,132.2,121.7,131.4,134.7,123.4,131.2,120.1,137.4,133.7,118.9
SEALER-0072,1141,19:01,132.9,139.3,131.8,123.4,134.2,135.0,122.8,132.1,118.9,135.5,132.1,120.5
SEALER-0072,1142,19:02,133.0,138.6,132.1,123.3,132.2,137.1,124.0,131.6,120.9,136.9,134.7,119.9
SEALER-0072,1143,19:03,134.7,138.6,131.8,122.3,132.1,136.7,123.7,131.1,119.3,136.6,133.4,119.0
SEALER-0072,1144,19:04,136.0,140.2,132.3,123.4,132.9,136.2,123.8,130.1,120.6,137.2,133.9,120.2
SEALER-0072,1145,19:05,133.5,139.9,131.4,124.1,133.1,135.9,122.2,133.0,120.2,137.6,134.2,120.9
SEALER-0072,1146,19:06,133.2,140.5,131.7,124.2,132.2,135.0,122.0,132.9,120.0,136.7,133.2,121.7
SEALER-0072,1147,19:07,132.1,138.4,131.9,123.6,131.4,136.3,122.3,131.7,120.1,136.1,133.9,120.4
SEALER-0072,1148,19:08,133.6,139.0,132.6,124.3,132.2,134.6,123.5,131.8,119.7,136.5,133.6,118.2
SEALER-0072,1149,19:09,133.2,140.6,131.2,124.4,133.5,135.3,123.9,131.8,118.1,135.5,135.0,119.4
SEALER-0072,1150,19:10,132.6,139.2,133.6,122.6,133.4,135.0,122.6,130.9,120.0,137.2,132.9,119.9
SEALER-0072,1151,19:11,133.4,139.2,133.0,123.5,132.4,134.7,123.4,132.2,120.7,136.1,134.8,119.1
SEALER-0072,1152,19:12,134.1,139.4,132.1,122.7,130.7,136.3,123.6,130.7,121.2,136.7,133.8,119.2
SEALER-0072,1153,19:13,133.9,139.2,133.0,123.6,132.4,136.2,122.8,132.6,119.8,135.7,133.9,120.0
SEALER-0072,1154,19:14,132.7,140.3,131.5,122.9,131.7,135.8,123.6,130.8,120.4,136.7,133.4,120.3
SEALER-0072,1155,19:15,134.4,139.3,133.1,123.9,132.4,136.7,122.0,130.0,120.8,136.4,134.0,120.9
SEALER-0072,1156,19:16,133.1,140.2,130.6,122.9,132.6,136.4,122.8,129.3,121.2,137.1,132.0,118.3
SEALER-0072,1157,19:17,133.4,138.6,133.9,124.3,132.5,136.6,122.5,129.7,120.3,136.4,133.8,117.3
SEALER-0072,1158,19:18,135.4,139.7,132.8,125.4,131.5,135.8,123.8,131.0,120.6,136.9,132.9,119.9
SEALER-0072,1159,19:19,134.1,138.9,132.2,124.8,133.0,136.6,122.9,130.2,120.7,135.9,135.1,120.2
SEALER-0072,1160,19:20,132.8,140.6,130.9,123.9,132.4,135.8,121.3,131.3,120.0,137.0,134.5,119.8
SEALER-0072,1161,19:21,134.4,138.5,132.5,123.8,133.0,136.4,123.2,130.2,121.4,136.8,134.1,118.9
SEALER-0072,1162,19:22,132.9,138.4,131.9,123.7,132.8,135.3,123.0,132.3,120.3,135.8,136.0,118.2
SEALER-0072,1163,19:23,133.6,138.4,131.5,122.9,133.5,135.1,123.1,131.5,120.2,135.1,133.3,120.4
SEALER-0072,1164,19:24,133.0,139.3,132.4,122.8,133.2,134.8,123.5,129.9,121.1,136.4,132.9,118.5
SEALER-0072,1165,19:25,133.9,139.8,132.4,121.4,131.5,136.4,123.2,131.6,120.0,135.0,134.0,120.8
SEALER-0072,1166,19:26,135.1,140.3,132.0,123.9,131.3,136.4,122.7,129.6,120.8,136.4,134.1,121.4
SEALER-0072,1167,19:27,132.9,139.3,133.1,122.7,132.9,137.2,122.4,131.3,118.3,137.4,134.0,120.3
SEALER-0072,1168,19:28,134.7,137.6,132.8,122.7,131.4,135.5,123.2,131.4,120.2,136.5,133.6,118.6
SEALER-0072,1169,19:29,133.4,140.0,132.9,123.5,132.2,134.7,123.5,131.3,120.9,136.1,132.3,118.9
SEALER-0072,1170,19:30,132.6,139.3,132.2,124.9,132.4,137.0,124.2,130.0,119.0,135.9,135.7,119.5
SEALER-0072,1171,19:31,133.0,139.4,132.8,123.8,131.3,136.9,123.9,132.0,120.7,137.4,134.2,119.1
SEALER-0072,1172,19:32,133.6,137.5,132.5,122.4,133.0,136.7,121.9,131.9,120.9,136.5,134.5,119.9
SEALER-0072,1173,19:33,133.8,139.1,132.3,122.3,131.3,135.4,122.3,130.2,121.5,137.3,133.0,119.2
SEALER-0072,1174,19:34,135.0,141.2,133.2,123.3,132.6,136.6,122.1,131.1,120.2,138.3,135.1,120.0
SEALER-0072,1175,19:35,132.7,138.9,133.0,123.1,133.2,134.6,122.0,129.9,120.1,137.2,134.9,118.1
SEALER-0072,1176,19:36,134.7,139.4,130.1,125.9,133.1,134.9,123.5,131.6,119.4,135.7,132.7,119.1
SEALER-0072,1177,19:37,133.7,138.1,133.2,123.9,132.9,136.8,122.1,130.7,120.9,136.8,134.1,118.9
SEALER-0072,1178,19:38,133.1,141.0,132.7,124.9,132.3,135.4,123.8,130.6,119.1,136.9,133.5,119.0
SEALER-0072,1179,19:39,134.2,139.1,133.7,125.1,132.9,135.5,122.3,132.4,120.1,136.6,132.9,118.7
SEALER-0072,1180,19:40,132.8,138.3,132.9,122.3,133.3,136.3,122.2,130.4,121.5,136.0,134.6,119.7
SEALER-0072,1181,19:41,133.5,139.7,132.9,123.5,133.0,136.4,123.5,131.8,119.4,135.4,134.3,120.1
SEALER-0072,1182,19:42,133.1,140.1,131.9,122.6,132.4,135.2,122.8,132.4,120.4,137.1,134.5,120.8
SEALER-0072,1183,19:43,133.0,139.5,131.8,123.2,134.1,136.4,123.2,131.5,120.0,137.0,132.7,119.6
SEALER-0072,1184,19:44,133.1,139.2,132.2,123.6,132.8,135.9,122.6,131.1,120.5,138.9,134.8,120.7
SEALER-0072,1185,19:45,132.6,140.0,133.4,123.6,133.4,135.4,122.8,131.9,119.7,137.2,133.4,119.2
SEALER-0072,1186,19:46,133.4,139.7,130.9,122.7,134.5,135.9,122.2,131.8,120.1,136.9,135.2,119.7
SEALER-0072,1187,19:47,133.3,141.0,132.2,124.1,131.8,136.0,122.8,131.9,121.5,136.6,135.3,119.9
SEALER-0072,1188,19:48,134.6,138.9,132.2,124.8,132.5,134.3,121.1,131.0,120.2,137.2,134.3,119.3
SEALER-0072,1189,19:49,132.4,139.0,131.3,122.9,132.0,135.6,121.8,131.5,118.7,134.7,133.0,119.7
SEALER-0072,1190,19:50,133.2,139.0,132.8,124.5,131.2,133.8,123.6,130.8,122.6,136.6,133.6,119.6
SEALER-0072,1191,19:51,133.3,138.6,131.2,124.3,132.6,134.1,122.5,130.8,120.9,138.0,134.7,120.3
SEALER-0072,1192,19:52,134.0,140.1,133.7,123.1,133.0,134.7,122.4,130.2,121.4,136.8,134.6,121.0
SEALER-0072,1193,19:53,133.1,140.9,131.5,122.9,133.6,135.6,123.5,131.1,119.8,138.0,134.1,120.6
SEALER-0072,1194,19:54,133.3,138.5,132.6,124.1,133.0,137.2,123.7,130.7,121.2,136.3,133.6,119.7
SEALER-0072,1195,19:55,133.8,139.1,132.9,122.8,131.9,135.9,123.1,130.3,118.9,135.9,133.1,119.7
SEALER-0072,1196,19:56,131.6,138.3,133.0,124.5,133.0,136.3,123.5,132.3,120.8,136.4,133.8,121.7
SEALER-0072,1197,19:57,131.9,136.6,132.2,123.0,133.0,136.9,122.6,132.2,119.8,134.7,133.5,119.9
SEALER-0072,1198,19:58,134.4,140.6,132.0,122.5,132.5,135.5,122.9,131.5,122.2,137.0,133.4,120.3
SEALER-0072,1199,19:59,133.5,140.4,132.1,122.6,133.0,136.7,123.6,131.7,119.0,137.6,134.3,119.7
SEALER-0072,1200,20:00,132.2,138.4,133.1,124.2,132.9,135.8,123.2,132.6,120.4,136.5,134.3,120.4
SEALER-0072,1201,20:01,133.7,138.5,133.5,121.4,131.8,135.9,124.1,130.5,121.2,135.1,134.6,118.6
SEALER-0072,1202,20:02,132.2,139.8,133.1,123.9,131.9,135.1,123.2,131.2,121.5,135.9,134.4,121.5
SEALER-0072,1203,20:03,134.3,140.6,132.7,123.9,132.0,137.2,124.3,132.2,121.2,134.0,133.0,119.5
SEALER-0072,1204,20:04,133.9,139.5,133.6,123.9,131.9,136.7,123.8,132.6,120.5,135.7,132.1,121.1
SEALER-0072,1205,20:05,132.8,138.7,131.7,123.3,133.2,136.4,121.8,130.8,119.3,136.8,134.8,118.2
SEALER-0072,1206,20:06,132.6,139.9,132.9,123.0,131.0,134.2,121.5,131.3,120.2,134.4,134.8,120.2
SEALER-0072,1207,20:07,133.5,141.2,132.2,124.5,131.6,136.3,122.5,131.0,120.5,137.8,133.9,119.6
SEALER-0072,1208,20:08,133.8,139.9,133.5,122.2,132.8,136.7,122.9,130.9,120.3,136.9,134.5,119.3
SEALER-0072,1209,20:09,134.0,138.6,132.6,121.7,134.5,135.2,121.8,131.6,120.5,135.0,133.8,120.9
SEALER-0072,1210,20:10,133.8,138.5,132.1,124.8,132.7,136.1,122.1,131.9,121.3,135.7,134.2,118.4
SEALER-0072,1211,20:11,132.8,139.5,133.9,121.5,131.7,135.1,123.0,133.3,121.4,135.8,133.9,118.6
SEALER-0072,1212,20:12,133.5,139.7,131.9,122.7,132.9,135.0,122.5,130.2,120.9,135.7,134.5,119.7
SEALER-0072,1213,20:13,134.5,140.7,131.5,122.9,132.3,134.9,122.7,131.2,120.7,135.8,133.7,121.2
SEALER-0072,1214,20:14,133.7,140.1,132.3,123.9,130.3,136.5,122.8,131.8,120.5,137.1,133.5,121.5
SEALER-0072,1215,20:15,132.6,139.6,132.4,123.4,132.2,136.5,122.5,131.4,121.2,136.6,134.3,119.5
SEALER-0072,1216,20:16,133.9,137.4,133.0,123.8,133.3,138.2,122.9,130.2,119.8,135.7,132.9,120.1
SEALER-0072,1217,20:17,133.6,138.7,131.6,122.1,132.9,134.8,122.7,130.4,121.3,137.8,133.3,121.4
SEALER-0072,1218,20:18,132.6,138.6,133.3,124.8,131.6,135.3,122.2,131.9,122.3,138.4,132.0,121.0
SEALER-0072,1219,20:19,133.4,138.6,132.4,122.4,133.7,137.5,124.8,130.5,120.4,137.6,134.0,119.7
SEALER-0072,1220,20:20,135.5,140.8,133.2,122.9,132.1,136.0,123.0,132.3,120.0,137.3,133.7,118.8
SEALER-0072,1221,20:21,134.1,139.9,132.5,123.6,133.9,135.1,124.2,129.8,120.5,137.4,133.8,120.0
SEALER-0072,1222,20:22,133.0,140.1,134.0,123.1,131.9,136.8,123.3,132.6,122.2,136.1,133.7,119.5
SEALER-0072,1223,20:23,134.0,139.6,131.5,124.5,132.7,135.9,123.3,132.0,122.4,137.7,134.1,119.2
SEALER-0072,1224,20:24,133.5,139.6,132.5,123.1,131.3,136.3,123.6,131.6,119.4,136.1,132.9,119.0
SEALER-0072,1225,20:25,132.9,138.9,132.0,124.3,131.4,135.8,122.4,133.3,121.0,136.7,135.9,119.9
SEALER-0072,1226,20:26,133.5,138.1,133.4,123.1,132.5,136.3,121.2,131.3,121.2,136.9,133.7,120.6
SEALER-0072,1227,20:27,133.0,140.4,132.6,122.5,133.1,135.6,123.6,131.8,120.5,136.2,133.5,120.1
SEALER-0072,1228,20:28,135.0,139.8,132.4,123.5,134.9,135.9,121.9,131.5,120.2,136.7,134.0,119.2
SEALER-0072,1229,20:29,133.6,139.6,132.1,121.6,132.1,134.7,122.4,130.0,120.2,136.5,132.7,120.3
SEALER-0072,1230,20:30,133.3,139.2,132.7,124.7,132.8,135.6,123.4,132.2,119.8,136.4,134.9,119.6
SEALER-0072,1231,20:31,134.6,138.6,133.6,121.1,131.9,136.0,125.4,131.3,118.9,137.2,133.9,120.6
SEALER-0072,1232,20:32,134.7,139.4,130.1,124.9,132.5,134.9,122.9,130.6,122.1,135.6,134.6,119.1
SEALER-0072,1233,20:33,133.8,139.5,131.2,125.0,132.9,134.7,122.6,131.3,120.1,138.1,133.0,117.9
SEALER-0072,1234,20:34,133.0,139.0,134.4,124.1,132.8,135.5,123.9,131.5,120.5,136.2,133.7,120.7
SEALER-0072,1235,20:35,133.9,140.2,132.0,124.1,132.3,136.4,120.8,132.3,119.9,135.1,135.5,120.1
SEALER-0072,1236,20:36,135.3,138.9,132.6,125.5,132.1,135.5,123.6,130.3,117.8,135.6,135.3,119.0
SEALER-0072,1237,20:37,133.9,140.3,133.7,124.9,133.1,136.4,124.3,132.2,120.6,138.0,133.8,121.3
SEALER-0072,1238,20:38,131.1,140.8,131.2,124.0,132.5,137.3,123.9,131.4,119.9,137.5,136.0,118.8
SEALER-0072,1239,20:39,131.7,140.5,133.7,124.3,131.6,136.5,123.5,130.8,119.9,135.6,133.9,120.4
SEALER-0072,1240,20:40,133.7,138.4,133.4,124.1,132.2,135.8,122.2,131.2,121.3,136.5,134.3,121.5
SEALER-0072,1241,20:41,133.8,139.3,132.4,124.8,132.3,135.6,125.0,130.2,120.8,137.0,134.7,118.8
SEALER-0072,1242,20:42,132.8,138.6,133.8,123.1,132.3,135.3,121.5,130.9,119.6,136.3,133.8,119.9
SEALER-0072,1243,20:43,133.7,138.8,133.0,123.4,133.1,134.7,123.2,129.3,118.8,136.0,133.5,119.3
SEALER-0072,1244,20:44,132.1,138.0,132.2,124.3,133.3,136.4,124.4,131.8,121.7,137.2,133.8,117.9
SEALER-0072,1245,20:45,133.3,139.7,132.0,124.1,132.8,137.0,123.0,132.1,120.9,137.1,134.8,118.7
SEALER-0072,1246,20:46,135.0,139.1,132.9,122.4,133.5,137.6,123.2,131.3,118.4,137.3,135.7,118.8
SEALER-0072,1247,20:47,132.6,139.3,133.2,123.9,133.1,135.9,122.7,131.6,120.2,136.7,135.5,120.4
SEALER-0072,1248,20:48,133.3,139.3,133.3,124.8,132.2,137.4,121.9,130.2,119.1,137.7,134.5,119.9
SEALER-0072,1249,20:49,133.6,139.7,132.1,123.2,132.9,136.4,122.7,131.3,120.4,136.5,133.6,119.1
SEALER-0072,1250,20:50,134.5,138.7,133.3,122.6,133.9,135.5,123.9,131.1,121.2,136.1,134.2,121.0
SEALER-0072,1251,20:51,131.5,139.4,132.5,122.9,131.7,135.4,122.9,131.3,120.4,135.7,133.1,119.7
SEALER-0072,1252,20:52,132.5,140.2,132.9,123.8,133.3,134.9,122.8,131.4,121.0,135.9,134.2,119.0
SEALER-0072,1253,20:53,133.1,139.0,132.7,123.4,133.1,135.2,122.3,131.4,120.1,136.7,133.6,119.0
SEALER-0072,1254,20:54,134.1,139.0,132.0,124.8,133.3,135.8,122.8,130.7,120.5,137.6,134.4,120.5
SEALER-0072,1255,20:55,134.0,140.1,133.5,123.0,133.6,137.2,123.6,132.1,119.5,136.4,135.0,119.1
SEALER-0072,1256,20:56,132.9,138.9,131.9,126.1,132.3,135.7,121.9,131.6,119.3,137.8,133.3,118.6
SEALER-0072,1257,20:57,134.0,139.1,132.3,123.0,132.2,135.1,123.6,133.9,120.3,136.6,133.6,120.2
SEALER-0072,1258,20:58,133.1,139.0,133.1,123.5,132.1,136.2,123.0,131.1,122.8,135.2,132.1,120.0
SEALER-0072,1259,20:59,133.1,138.3,133.1,123.6,134.3,135.7,121.8,131.2,121.2,136.2,133.6,119.6
SEALER-0072,1260,21:00,132.7,139.4,132.6,123.4,134.0,136.1,122.7,130.6,120.2,137.4,134.9,120.0
SEALER-0072,1261,21:01,134.0,139.7,132.5,122.5,132.6,135.4,123.1,130.9,121.8,134.4,134.2,118.5
SEALER-0072,1262,21:02,133.0,140.9,132.3,125.5,132.7,135.5,123.7,131.5,120.7,137.0,133.7,119.0
SEALER-0072,1263,21:03,133.9,138.3,131.7,123.6,131.9,135.4,122.5,130.4,119.8,135.8,134.0,121.5
SEALER-0072,1264,21:04,133.2,139.3,131.4,124.2,131.8,137.1,123.3,131.0,121.1,134.9,133.3,119.4
SEALER-0072,1265,21:05,134.1,140.5,134.4,122.8,132.5,135.9,123.1,130.2,119.8,135.2,132.4,118.9
SEALER-0072,1266,21:06,133.2,139.6,135.1,124.1,131.3,134.6,121.6,130.5,120.9,136.4,133.7,119.0
SEALER-0072,1267,21:07,133.6,138.3,132.1,122.3,132.2,134.9,121.2,132.1,120.3,136.3,135.0,120.0
SEALER-0072,1268,21:08,134.2,138.0,134.2,124.7,132.4,136.2,123.3,132.6,121.2,136.5,132.6,120.2
SEALER-0072,1269,21:09,132.4,138.6,132.4,123.5,132.2,136.9,123.4,131.5,120.9,136.3,134.3,120.0
SEALER-0072,1270,21:10,133.4,140.4,130.3,122.0,133.6,136.7,121.4,131.1,120.0,138.4,133.9,120.5
SEALER-0072,1271,21:11,133.2,140.7,133.2,124.2,132.3,135.4,123.7,130.5,119.8,137.2,134.4,119.5
SEALER-0072,1272,21:12,133.5,138.7,132.4,125.1,132.0,136.9,122.1,131.1,121.4,135.0,135.1,118.1
SEALER-0072,1273,21:13,132.8,138.6,130.4,124.3,132.2,136.1,122.4,132.1,119.5,134.9,134.3,119.5
SEALER-0072,1274,21:14,133.5,139.5,132.1,124.7,133.3,135.1,121.8,130.6,120.2,136.4,134.4,119.3
SEALER-0072,1275,21:15,132.2,138.2,132.3,124.6,132.4,136.9,120.0,132.2,120.1,135.9,133.4,119.8
SEALER-0072,1276,21:16,134.8,139.5,133.0,123.6,132.6,137.5,123.1,130.6,119.9,136.6,134.0,120.0
SEALER-0072,1277,21:17,132.1,139.3,131.7,125.4,133.6,136.0,123.4,130.1,120.3,136.9,133.3,120.7
SEALER-0072,1278,21:18,133.4,139.7,132.7,123.2,133.3,135.5,122.3,131.9,120.7,136.1,134.5,120.5
SEALER-0072,1279,21:19,132.9,139.0,131.0,123.8,132.5,135.3,123.8,131.4,119.2,136.0,134.8,119.5
SEALER-0072,1280,21:20,133.4,138.8,132.4,121.5,132.6,137.0,122.3,131.9,121.1,136.1,134.5,119.6
SEALER-0072,1281,21:21,133.8,140.1,131.0,122.5,133.5,135.0,124.0,132.0,119.7,135.3,134.1,120.7
SEALER-0072,1282,21:22,135.2,139.5,133.4,123.1,133.2,134.0,121.2,132.2,121.1,135.2,133.6,119.7
SEALER-0072,1283,21:23,133.4,139.6,133.1,122.7,133.8,135.6,123.7,133.0,120.8,135.1,133.8,120.4
SEALER-0072,1284,21:24,134.4,137.7,130.4,123.6,131.7,135.5,123.7,131.0,120.2,136.5,133.7,118.8
SEALER-0072,1285,21:25,133.9,140.0,133.7,123.2,132.2,135.5,123.2,130.6,122.1,136.0,132.7,119.8
SEALER-0072,1286,21:26,134.9,139.0,132.0,123.4,131.9,135.6,123.4,130.7,119.5,136.2,133.7,117.3
SEALER-0072,1287,21:27,133.5,140.9,131.8,123.0,131.8,137.9,122.5,132.3,119.9,137.4,135.3,118.8
SEALER-0072,1288,21:28,133.7,140.2,133.0,123.7,131.5,136.0,123.4,130.2,120.3,136.4,133.5,118.9
SEALER-0072,1289,21:29,132.4,139.2,132.4,122.8,133.1,135.2,121.5,131.0,121.1,137.2,132.7,120.3
SEALER-0072,1290,21:30,133.2,138.7,133.4,123.8,132.3,135.0,123.7,132.2,121.5,137.0,133.8,120.5
SEALER-0072,1291,21:31,134.2,140.9,132.7,124.0,134.0,136.7,121.4,131.2,120.0,136.0,135.5,118.9
SEALER-0072,1292,21:32,133.0,138.3,133.3,123.6,133.0,137.1,124.0,130.0,121.7,137.5,133.4,119.9
SEALER-0072,1293,21:33,133.9,139.6,133.9,125.5,131.3,135.6,121.8,131.7,121.3,136.4,133.7,120.5
SEALER-0072,1294,21:34,133.8,138.7,132.7,123.6,131.9,134.4,123.9,130.9,120.2,137.3,133.9,119.6
SEALER-0072,1295,21:35,134.3,140.0,132.3,124.6,131.1,135.7,122.7,130.8,120.4,137.1,133.3,120.3
SEALER-0072,1296,21:36,132.5,139.3,130.5,124.4,131.6,135.1,122.1,132.3,120.3,134.5,132.8,120.1
SEALER-0072,1297,21:37,133.5,139.7,131.2,124.2,131.0,136.0,122.4,133.0,121.1,136.6,133.5,120.3
SEALER-0072,1298,21:38,132.7,140.4,130.9,122.2,133.6,136.0,123.4,131.5,120.8,136.5,134.2,120.5
SEALER-0072,1299,21:39,131.9,138.7,134.1,124.4,132.6,136.7,123.0,131.4,119.3,135.6,132.9,120.2
SEALER-0072,1300,21:40,133.6,138.6,132.1,122.8,133.2,135.3,123.6,130.6,121.5,138.3,133.8,120.1
SEALER-0072,1301,21:41,133.9,139.2,134.0,123.0,131.9,136.7,122.3,130.1,120.1,135.6,134.6,120.0
SEALER-0072,1302,21:42,132.8,140.6,132.3,122.7,132.3,135.7,122.4,132.2,119.0,137.3,134.3,120.2
SEALER-0072,1303,21:43,133.9,138.8,133.3,122.9,132.6,134.6,121.9,131.7,121.0,133.9,133.5,120.5
SEALER-0072,1304,21:44,132.9,139.7,131.3,122.6,135.0,135.2,122.1,131.9,120.1,136.9,132.4,119.3
SEALER-0072,1305,21:45,133.7,139.4,131.2,123.3,133.6,134.4,121.3,131.9,118.7,135.9,134.8,118.9
SEALER-0072,1306,21:46,134.0,139.8,134.9,122.4,133.4,134.9,123.8,131.3,120.2,137.6,133.8,120.1
SEALER-0072,1307,21:47,132.1,139.3,131.3,124.1,132.3,136.6,122.1,131.4,120.5,138.4,134.3,118.8
SEALER-0072,1308,21:48,133.4,140.7,132.1,124.0,133.1,135.4,123.9,131.8,121.6,136.3,134.1,118.7
SEALER-0072,1309,21:49,132.5,138.5,132.1,123.1,133.3,135.5,122.9,132.2,120.2,135.8,133.6,119.8
SEALER-0072,1310,21:50,133.5,138.9,134.5,123.5,132.7,136.2,123.7,133.1,120.1,136.5,134.4,119.7
SEALER-0072,1311,21:51,134.1,138.9,132.3,122.4,132.6,136.2,123.8,132.9,119.7,137.2,134.2,119.8
SEALER-0072,1312,21:52,132.9,138.0,131.8,124.1,133.7,136.0,123.8,131.0,120.4,137.5,135.1,121.2
SEALER-0072,1313,21:53,134.3,138.5,132.2,120.3,134.0,135.1,122.0,132.0,121.0,136.7,133.2,118.6
SEALER-0072,1314,21:54,133.5,139.7,131.7,122.7,134.1,136.1,124.2,132.0,118.0,137.3,133.6,119.7
SEALER-0072,1315,21:55,131.4,140.6,133.2,124.0,132.6,137.8,122.0,130.6,120.9,136.1,134.4,117.4
SEALER-0072,1316,21:56,134.3,139.4,131.7,123.7,133.2,136.1,122.6,130.8,121.2,135.6,134.1,121.4
SEALER-0072,1317,21:57,132.2,140.6,131.0,124.6,133.0,135.5,123.1,131.2,119.9,136.9,134.9,121.0
SEALER-0072,1318,21:58,132.8,140.9,131.6,122.8,131.2,136.1,122.6,130.5,119.1,136.5,133.7,119.4
SEALER-0072,1319,21:59,133.6,137.9,131.5,122.3,132.5,137.2,122.4,131.3,119.1,137.9,133.6,119.2
SEALER-0072,1320,22:00,132.7,138.9,132.8,122.7,132.9,136.3,121.6,131.0,120.7,136.5,135.0,119.6
SEALER-0072,1321,22:01,134.8,140.1,132.6,123.1,132.4,134.8,124.8,131.4,119.4,135.4,135.5,118.8
SEALER-0072,1322,22:02,132.7,140.3,132.3,124.0,132.5,136.7,123.5,129.8,121.5,136.0,132.5,120.1
SEALER-0072,1323,22:03,131.8,140.9,132.7,123.5,132.1,135.6,123.4,131.1,121.2,136.7,136.3,119.7
SEALER-0072,1324,22:04,132.9,139.5,131.9,125.5,131.4,135.2,122.3,131.9,118.8,136.5,134.2,118.4
SEALER-0072,1325,22:05,132.8,140.3,131.5,123.8,131.2,134.8,122.5,131.8,119.7,136.6,134.9,118.8
SEALER-0072,1326,22:06,134.3,139.6,131.6,122.9,133.0,135.5,123.2,132.0,120.2,136.0,133.4,120.4
SEALER-0072,1327,22:07,132.5,138.6,134.2,123.6,132.7,134.2,121.5,130.0,118.5,135.2,134.6,121.9
SEALER-0072,1328,22:08,134.2,139.2,132.1,123.3,132.4,135.6,122.0,131.7,121.1,135.9,134.5,120.1
SEALER-0072,1329,22:09,132.5,139.2,133.7,123.3,130.2,137.1,122.1,131.8,120.7,137.4,133.2,119.8
SEALER-0072,1330,22:10,133.0,140.6,131.6,121.8,132.8,134.8,123.7,130.7,120.1,135.3,134.5,121.5
SEALER-0072,1331,22:11,133.6,139.7,131.3,125.6,131.1,135.3,123.2,131.1,119.3,136.6,132.7,120.0
SEALER-0072,1332,22:12,135.5,140.0,132.5,123.9,131.4,134.8,124.1,129.4,120.1,137.7,135.4,120.8
SEALER-0072,1333,22:13,133.9,138.7,132.7,123.9,135.2,135.5,124.1,131.6,121.0,137.7,132.4,118.3
SEALER-0072,1334,22:14,133.2,140.0,131.0,124.6,134.1,134.7,123.7,131.3,121.2,137.3,134.6,120.2
SEALER-0072,1335,22:15,132.5,138.2,130.4,124.3,132.8,135.5,123.5,131.2,121.6,137.1,133.6,120.1
SEALER-0072,1336,22:16,132.9,140.0,133.0,122.7,132.0,135.9,122.7,131.1,119.9,134.7,132.8,120.9
SEALER-0072,1337,22:17,131.6,138.6,133.1,122.4,132.0,135.3,123.5,131.3,119.7,135.4,134.4,119.8
SEALER-0072,1338,22:18,133.0,138.2,132.4,124.3,132.2,137.0,122.2,132.3,119.8,134.6,135.8,120.3
SEALER-0072,1339,22:19,132.3,140.5,133.0,124.2,133.1,134.4,123.3,130.3,121.8,136.6,133.3,120.1
SEALER-0072,1340,22:20,135.1,138.5,134.2,122.6,133.9,135.4,120.4,132.0,120.0,137.2,134.8,120.6
SEALER-0072,1341,22:21,133.7,137.8,133.3,123.2,132.6,135.9,122.3,130.7,120.2,136.8,134.4,119.2
SEALER-0072,1342,22:22,133.8,138.9,131.8,124.8,133.1,136.0,122.0,131.0,121.3,136.7,134.0,119.6
SEALER-0072,1343,22:23,133.9,139.0,132.2,123.6,133.1,137.2,122.9,131.4,121.1,136.8,133.4,119.5
SEALER-0072,1344,22:24,133.3,139.9,133.1,123.0,132.4,135.9,123.3,130.2,122.0,137.0,132.8,120.2
SEALER-0072,1345,22:25,134.2,139.2,132.2,122.7,131.8,135.8,122.6,131.6,118.9,137.5,134.0,120.1
SEALER-0072,1346,22:26,131.9,139.8,132.0,124.9,131.3,135.6,125.1,132.0,120.7,137.3,134.0,119.5
SEALER-0072,1347,22:27,133.9,140.3,131.0,122.2,133.3,136.5,123.8,131.4,120.0,134.9,133.6,120.4
SEALER-0072,1348,22:28,132.7,140.8,133.1,122.7,133.4,135.6,121.7,131.8,120.7,136.3,134.0,120.1
SEALER-0072,1349,22:29,131.7,140.6,133.2,125.0,132.0,134.6,123.5,129.9,120.6,137.9,132.8,119.6
SEALER-0072,1350,22:30,134.5,140.6,131.5,124.0,133.8,135.5,121.9,131.0,120.6,137.8,133.9,120.3
SEALER-0072,1351,22:31,134.7,137.9,134.0,123.5,132.2,135.7,123.6,129.8,121.4,136.8,134.1,118.5
SEALER-0072,1352,22:32,135.0,140.6,132.4,122.5,131.8,136.7,122.7,131.1,119.8,136.6,134.1,121.2
SEALER-0072,1353,22:33,133.9,138.9,133.2,122.1,132.6,136.3,123.1,130.3,120.1,137.8,134.8,119.8
SEALER-0072,1354,22:34,132.7,139.4,132.8,123.2,132.1,135.1,123.0,131.1,120.5,135.5,134.2,118.7
SEALER-0072,1355,22:35,132.8,139.6,132.3,124.9,133.4,135.4,123.2,131.4,119.1,136.9,133.5,120.4
SEALER-0072,1356,22:36,133.3,139.1,132.7,124.8,131.8,137.5,123.2,130.6,120.3,135.8,134.1,120.3
SEALER-0072,1357,22:37,134.9,140.7,133.2,123.1,132.8,134.3,123.6,130.0,120.6,134.0,132.6,120.8
SEALER-0072,1358,22:38,133.5,140.3,132.1,122.1,131.9,136.1,123.3,130.7,120.3,135.7,134.5,118.6
SEALER-0072,1359,22:39,133.4,140.5,133.3,124.1,132.8,137.4,124.5,132.0,121.1,135.9,135.2,118.3
SEALER-0072,1360,22:40,132.7,137.6,132.4,123.5,131.3,136.6,122.9,132.0,119.6,137.5,133.6,119.0
SEALER-0072,1361,22:41,131.7,138.9,131.9,123.0,131.5,134.1,124.2,131.9,118.7,137.5,134.4,119.8
SEALER-0072,1362,22:42,133.2,137.8,133.7,122.1,131.6,135.9,122.7,131.4,121.8,134.5,133.9,119.5
SEALER-0072,1363,22:43,133.4,139.7,132.1,124.3,132.2,136.8,122.6,130.5,121.7,136.8,133.2,119.6
SEALER-0072,1364,22:44,133.5,139.1,132.0,123.7,131.9,136.2,123.0,130.7,121.5,135.1,134.0,121.6
SEALER-0072,1365,22:45,132.9,138.2,133.1,124.8,131.4,134.7,123.5,132.0,120.7,136.7,133.6,120.0
SEALER-0072,1366,22:46,131.6,138.9,131.6,123.4,133.8,135.5,121.9,132.2,121.4,135.7,132.9,118.7
SEALER-0072,1367,22:47,132.3,139.8,132.9,123.7,131.8,133.7,123.8,130.8,119.5,135.1,134.4,120.3
SEALER-0072,1368,22:48,132.3,141.5,131.7,122.8,133.7,136.1,122.7,130.7,120.5,138.0,133.6,118.8
SEALER-0072,1369,22:49,133.0,139.0,132.8,124.8,131.5,134.8,122.0,131.0,121.6,135.8,133.8,119.9
SEALER-0072,1370,22:50,132.7,138.4,131.9,123.3,133.1,135.4,121.1,129.6,119.6,137.7,134.4,120.1
SEALER-0072,1371,22:51,131.1,138.4,131.8,124.7,131.3,136.4,122.9,130.0,120.6,136.6,134.1,121.1
SEALER-0072,1372,22:52,132.1,139.3,132.3,122.9,132.1,136.0,124.9,131.4,121.2,138.2,133.2,119.9
SEALER-0072,1373,22:53,131.2,139.5,131.4,121.7,131.7,136.0,123.0,131.2,121.5,137.6,133.4,119.9
SEALER-0072,1374,22:54,133.8,139.0,132.7,123.5,133.3,136.8,124.1,132.2,119.9,136.7,133.2,119.3
SEALER-0072,1375,22:55,134.0,137.7,132.9,122.3,133.2,135.6,120.9,130.9,121.1,137.1,134.9,119.9
SEALER-0072,1376,22:56,132.9,140.1,132.4,123.9,131.3,137.0,122.5,131.6,120.4,137.4,134.5,119.2
SEALER-0072,1377,22:57,134.6,137.8,132.4,122.5,133.0,136.0,123.2,133.0,121.2,136.2,133.2,119.5
SEALER-0072,1378,22:58,134.0,137.5,132.7,123.3,132.4,136.5,123.2,130.7,121.8,135.8,134.7,119.1
SEALER-0072,1379,22:59,133.8,140.7,132.6,124.0,130.7,135.4,122.1,131.4,120.1,135.9,135.3,119.7
SEALER-0072,1380,23:00,134.4,139.6,132.2,122.6,133.6,135.1,123.6,131.2,120.5,137.8,134.8,120.1
SEALER-0072,1381,23:01,133.2,138.7,132.0,123.2,133.1,135.5,123.4,130.9,119.1,136.6,134.3,118.4
SEALER-0072,1382,23:02,132.3,137.5,132.7,123.9,131.9,137.2,124.5,130.5,122.1,136.3,133.2,119.5
SEALER-0072,1383,23:03,133.3,140.0,132.6,124.9,131.5,136.6,122.9,131.7,119.3,137.2,133.4,118.8
SEALER-0072,1384,23:04,134.1,139.8,132.8,123.1,132.4,136.2,123.7,130.9,120.5,135.8,135.3,119.7
SEALER-0072,1385,23:05,134.5,141.2,132.4,124.4,132.8,136.3,123.7,131.8,121.4,136.4,134.5,119.2
SEALER-0072,1386,23:06,131.2,139.6,133.1,123.0,133.7,136.0,122.2,131.7,121.1,135.9,134.2,120.1
SEALER-0072,1387,23:07,131.8,139.7,133.3,123.4,132.3,137.4,123.2,130.9,120.2,135.5,134.4,118.8
SEALER-0072,1388,23:08,134.0,140.0,132.5,123.8,132.4,134.4,123.5,131.3,119.8,136.1,132.5,120.3
SEALER-0072,1389,23:09,132.4,139.5,133.3,122.1,133.3,136.8,122.7,132.0,118.7,136.6,134.2,119.3
SEALER-0072,1390,23:10,133.2,139.9,132.5,124.1,133.5,135.0,123.1,128.8,120.4,135.9,134.4,118.6
SEALER-0072,1391,23:11,133.3,139.4,132.0,124.2,132.0,135.1,122.5,131.8,121.0,136.7,135.9,121.2
SEALER-0072,1392,23:12,134.8,139.3,131.0,124.3,132.1,135.6,124.3,130.2,120.7,137.4,133.6,119.7
SEALER-0072,1393,23:13,133.6,139.3,133.9,123.3,132.3,135.9,122.9,131.2,119.3,136.6,135.2,119.4
SEALER-0072,1394,23:14,133.8,138.2,132.7,123.1,132.6,136.0,123.5,129.2,120.6,135.7,134.9,119.5
SEALER-0072,1395,23:15,134.1,138.2,131.6,122.5,131.3,135.8,122.0,131.9,120.2,137.0,134.9,120.2
SEALER-0072,1396,23:16,133.6,139.0,131.4,123.5,133.7,133.8,122.8,131.1,120.8,135.7,133.6,118.0
SEALER-0072,1397,23:17,133.2,139.6,133.6,123.8,132.4,134.5,121.9,132.0,119.6,137.6,134.1,119.6
SEALER-0072,1398,23:18,133.1,138.9,133.2,123.3,132.5,133.2,123.2,131.1,120.5,136.7,135.1,120.9
SEALER-0072,1399,23:19,134.2,138.9,133.2,123.2,132.0,136.2,122.5,130.5,121.2,136.1,135.7,119.2
SEALER-0072,1400,23:20,133.6,139.6,130.7,123.3,131.4,136.6,121.8,131.5,118.9,135.5,134.3,118.9
SEALER-0072,1401,23:21,134.1,139.6,132.1,122.1,131.7,134.8,122.3,130.6,120.3,136.4,133.1,120.8
SEALER-0072,1402,23:22,132.9,139.7,132.2,123.0,132.5,135.1,123.4,131.7,121.2,136.6,133.8,120.4
SEALER-0072,1403,23:23,134.3,140.2,131.3,124.4,132.4,137.2,122.6,132.1,118.5,137.0,133.6,121.1
SEALER-0072,1404,23:24,132.7,137.5,131.5,123.0,133.3,136.1,122.9,129.9,120.2,135.6,133.5,119.8
SEALER-0072,1405,23:25,133.4,139.9,133.1,123.8,132.7,136.9,123.6,130.6,122.9,136.9,135.7,120.1
SEALER-0072,1406,23:26,134.1,138.3,132.4,124.5,133.2,134.5,122.6,131.5,120.2,137.3,134.5,118.9
SEALER-0072,1407,23:27,134.1,139.7,131.7,124.4,132.3,136.7,122.8,133.4,121.4,136.7,135.6,119.1
SEALER-0072,1408,23:28,134.7,140.6,133.3,123.5,133.6,135.4,123.1,129.7,120.0,136.6,135.1,120.1
SEALER-0072,1409,23:29,131.2,138.9,132.3,123.4,132.1,136.0,123.2,131.8,121.7,135.4,133.2,119.8
SEALER-0072,1410,23:30,134.0,139.8,132.6,122.1,132.7,135.7,122.8,131.3,119.1,136.3,133.2,119.2
SEALER-0072,1411,23:31,134.3,139.2,132.4,124.0,132.5,136.7,123.9,130.3,120.2,135.9,133.5,119.6
SEALER-0072,1412,23:32,134.3,140.2,132.0,123.6,132.2,135.4,124.2,132.6,120.3,136.3,133.1,120.6
SEALER-0072,1413,23:33,134.6,140.3,132.3,124.3,133.1,136.1,121.9,131.1,120.6,136.6,134.2,122.1
SEALER-0072,1414,23:34,133.2,138.7,132.8,123.4,134.3,136.0,123.6,131.2,119.3,136.4,133.2,119.0
SEALER-0072,1415,23:35,132.4,139.9,132.6,124.2,131.6,136.7,120.8,132.3,121.4,137.4,134.7,120.6
SEALER-0072,1416,23:36,133.8,138.3,132.3,123.9,132.9,136.2,123.6,130.5,120.2,137.5,134.5,119.5
SEALER-0072,1417,23:37,134.5,139.8,132.9,123.9,131.4,136.0,123.9,130.7,120.1,136.4,133.2,120.1
SEALER-0072,1418,23:38,134.0,139.6,131.1,122.6,132.9,136.7,123.4,132.7,119.6,134.5,133.4,117.1
SEALER-0072,1419,23:39,133.2,138.5,133.0,124.4,132.4,136.6,123.8,131.2,119.7,136.7,133.4,118.3
SEALER-0072,1420,23:40,133.6,139.6,130.9,124.1,133.7,132.4,122.8,131.4,121.0,136.7,133.1,120.1
SEALER-0072,1421,23:41,136.0,138.0,133.2,123.4,132.9,135.6,121.8,130.9,119.9,136.9,134.4,120.0
SEALER-0072,1422,23:42,134.5,138.2,130.6,123.6,132.4,134.5,123.0,130.7,122.1,136.5,134.4,120.6
SEALER-0072,1423,23:43,133.5,139.6,132.1,123.0,132.4,136.1,121.9,131.1,120.8,136.4,134.8,117.0
SEALER-0072,1424,23:44,133.1,139.0,132.5,124.9,132.6,135.6,123.8,131.7,121.3,136.6,135.1,119.9
SEALER-0072,1425,23:45,132.4,139.4,132.9,123.3,133.3,135.3,122.9,131.4,121.8,137.3,132.6,120.9
SEALER-0072,1426,23:46,134.1,140.9,131.9,122.7,134.6,136.9,123.7,131.4,120.7,137.7,134.1,119.9
SEALER-0072,1427,23:47,132.7,140.7,133.7,124.2,130.7,136.6,123.3,130.8,121.0,136.2,135.4,119.5
SEALER-0072,1428,23:48,134.3,139.5,133.2,122.7,132.4,135.7,124.3,131.6,120.8,135.9,133.6,119.6
SEALER-0072,1429,23:49,134.3,138.8,132.4,122.9,132.4,135.4,122.4,132.6,120.1,137.0,134.4,119.3
SEALER-0072,1430,23:50,134.8,140.8,132.3,123.1,132.9,135.0,121.1,131.3,121.0,137.9,133.6,120.7
SEALER-0072,1431,23:51,132.6,139.8,132.9,123.0,134.1,135.9,122.9,131.6,120.9,136.4,134.6,119.0
SEALER-0072,1432,23:52,133.7,139.2,130.6,125.8,132.6,135.3,123.1,131.3,123.1,136.0,133.8,120.6
SEALER-0072,1433,23:53,133.9,139.4,133.4,121.8,132.2,135.9,122.7,130.6,120.6,135.8,132.0,119.5
SEALER-0072,1434,23:54,132.2,139.6,133.3,124.0,132.8,135.7,122.5,130.9,120.4,136.7,135.5,118.8
SEALER-0072,1435,23:55,133.7,139.0,132.6,124.1,132.3,136.0,121.7,132.2,119.8,136.1,133.2,119.0
SEALER-0072,1436,23:56,132.5,139.6,131.9,123.5,131.1,136.8,123.3,131.3,119.4,134.6,133.2,119.7
SEALER-0072,1437,23:57,134.9,138.4,132.6,124.3,133.0,135.5,124.8,133.3,120.6,136.0,132.5,120.0
SEALER-0072,1438,23:58,134.1,140.2,132.4,121.9,131.7,134.9,120.9,130.9,119.2,139.2,134.7,119.2
SEALER-0072,1439,23:59,132.3,138.6,131.1,124.9,132.2,135.5,123.7,132.2,119.3,136.9,134.4,120.0
SEALER-0072,1440,24:00,132.9,138.2,132.6,125.2,132.5,135.9,123.7,129.6,122.2,135.9,135.1,119.4
SEALER-0072,1441,24:01,132.6,138.9,132.3,124.4,131.6,135.6,123.5,131.4,121.0,136.2,134.6,120.1
SEALER-0072,1442,24:02,134.0,139.0,131.9,125.3,133.0,135.2,122.7,130.5,121.6,136.2,133.0,120.2
SEALER-0072,1443,24:03,134.2,139.5,132.6,122.8,132.5,134.6,123.0,130.4,120.8,136.9,133.0,120.5
SEALER-0072,1444,24:04,133.1,139.5,132.2,122.8,133.1,134.2,123.1,132.1,119.4,137.8,132.8,119.8
SEALER-0072,1445,24:05,133.4,139.0,132.6,122.4,131.6,136.9,122.5,131.5,120.2,135.3,134.0,118.5
SEALER-0072,1446,24:06,134.0,138.8,131.6,124.1,132.9,136.5,123.0,131.2,119.8,137.0,133.6,120.6
SEALER-0072,1447,24:07,135.1,139.5,131.9,122.5,132.1,136.0,122.0,131.4,121.9,135.4,135.6,120.9
SEALER-0072,1448,24:08,134.2,140.5,131.5,124.1,132.6,135.7,123.1,130.5,120.3,135.3,135.6,118.9
SEALER-0072,1449,24:09,132.9,138.8,131.9,122.9,132.7,133.9,122.5,131.4,120.1,137.5,134.0,120.4
SEALER-0072,1450,24:10,132.2,139.6,133.1,123.2,132.3,136.3,123.8,131.2,120.8,136.5,135.5,119.7
SEALER-0072,1451,24:11,133.0,138.9,132.0,122.8,132.5,135.9,124.0,129.8,120.6,136.1,132.5,119.4
SEALER-0072,1452,24:12,134.8,139.3,130.6,123.3,132.0,136.5,123.0,131.0,120.0,136.6,134.5,118.5
SEALER-0072,1453,24:13,134.1,140.0,132.5,123.5,131.5,134.8,122.2,130.5,119.5,136.5,133.4,119.7
SEALER-0072,1454,24:14,134.1,140.4,132.0,123.3,130.8,135.3,122.9,131.9,120.4,137.1,134.2,120.1
SEALER-0072,1455,24:15,132.7,139.9,132.3,123.3,132.3,135.7,123.3,131.3,120.5,135.7,135.2,118.8
SEALER-0072,1456,24:16,134.2,139.0,131.3,124.9,130.6,134.8,123.3,130.8,119.4,136.3,133.2,120.8
SEALER-0072,1457,24:17,133.2,139.4,132.9,123.4,133.3,136.0,122.3,131.2,121.7,135.3,134.0,119.8
SEALER-0072,1458,24:18,133.6,140.5,133.7,125.3,132.3,137.7,124.2,131.9,120.5,136.3,134.9,119.7
SEALER-0072,1459,24:19,133.3,137.6,132.1,123.2,132.6,136.5,123.6,129.4,120.6,136.8,134.4,118.8
SEALER-0072,1460,24:20,132.0,140.1,133.2,123.1,133.2,135.8,122.8,132.4,120.0,136.6,133.8,118.8
SEALER-0072,1461,24:21,133.8,140.9,132.7,124.1,132.1,135.9,124.5,131.8,119.5,137.1,135.1,119.4
SEALER-0072,1462,24:22,132.7,140.3,132.7,124.0,131.8,136.7,122.8,131.1,121.0,137.7,134.2,119.3
SEALER-0072,1463,24:23,132.0,139.5,132.6,124.3,134.9,138.0,123.2,130.9,120.5,135.7,133.1,120.5
SEALER-0072,1464,24:24,133.2,140.1,132.5,124.4,132.1,135.4,122.3,130.3,120.3,135.1,134.0,118.7
SEALER-0072,1465,24:25,133.4,139.8,132.2,123.6,131.6,134.7,122.4,131.2,118.7,135.4,133.2,119.1
SEALER-0072,1466,24:26,132.9,139.8,132.4,123.6,132.5,136.0,124.1,131.9,119.3,134.9,134.5,118.9
SEALER-0072,1467,24:27,134.2,138.9,132.9,123.5,132.0,135.3,122.6,131.3,120.8,134.1,133.8,121.0
SEALER-0072,1468,24:28,133.5,139.5,131.6,122.4,133.0,134.8,121.9,133.2,120.4,134.7,133.6,121.4
SEALER-0072,1469,24:29,133.6,140.5,131.2,122.9,132.1,136.4,122.0,131.6,120.2,134.2,133.9,118.7
SEALER-0072,1470,24:30,132.7,139.9,130.5,122.9,133.3,135.5,122.8,132.8,120.8,133.2,133.5,119.4
SEALER-0072,1471,24:31,135.2,140.0,130.8,122.3,132.8,136.2,123.1,131.0,120.2,133.3,133.6,118.9
SEALER-0072,1472,24:32,132.7,139.6,131.3,121.8,133.3,135.2,123.5,130.8,120.1,133.4,134.7,119.4
SEALER-0072,1473,24:33,133.6,139.5,130.0,121.2,131.9,134.6,123.4,130.5,119.3,132.8,133.4,118.9
SEALER-0072,1474,24:34,133.6,138.6,130.2,121.4,132.3,135.7,125.1,131.3,119.6,131.6,132.9,119.9
SEALER-0072,1475,24:35,132.7,138.4,130.1,120.7,132.8,135.0,124.2,131.1,119.3,132.3,132.7,119.6
SEALER-0072,1476,24:36,133.3,138.4,129.0,121.5,132.3,134.4,122.7,131.6,118.4,132.7,133.3,120.0
SEALER-0072,1477,24:37,133.7,137.5,127.9,120.4,132.8,135.6,122.3,130.5,118.3,131.5,131.9,120.0
SEALER-0072,1478,24:38,133.7,137.6,128.6,119.7,132.9,135.9,121.3,131.3,117.9,132.1,132.5,120.4
SEALER-0072,1479,24:39,133.6,137.1,127.9,119.6,134.4,135.5,122.5,133.2,119.0,131.5,131.2,119.4
SEALER-0072,1480,24:40,132.6,136.5,128.4,119.5,132.2,134.7,121.9,131.7,116.4,130.5,131.7,119.6
SEALER-0072,1481,24:41,132.1,137.1,127.4,119.9,133.6,136.4,122.2,131.1,117.1,131.0,131.0,119.5
SEALER-0072,1482,24:42,133.9,136.5,128.3,118.6,131.5,135.2,121.0,131.0,117.2,130.6,131.0,118.4
SEALER-0072,1483,24:43,134.1,136.1,126.9,118.8,133.4,135.1,121.8,130.9,116.9,130.4,130.4,120.6
SEALER-0072,1484,24:44,133.4,136.3,127.2,118.7,132.8,135.1,122.2,131.2,116.6,130.2,130.8,119.5
SEALER-0072,1485,24:45,134.5,134.4,126.5,118.9,133.2,135.6,122.3,130.6,117.7,130.6,130.2,119.6
SEALER-0072,1486,24:46,134.2,134.2,126.5,118.9,131.4,135.3,123.5,131.0,115.6,130.0,130.4,120.2
SEALER-0072,1487,24:47,133.6,134.7,125.6,118.2,133.0,135.8,122.4,131.8,115.9,128.8,129.3,119.7
SEALER-0072,1488,24:48,133.0,134.8,125.5,117.2,132.7,136.7,124.4,131.0,116.4,128.8,128.9,119.7
SEALER-0072,1489,24:49,132.6,133.1,125.9,117.6,133.2,136.6,121.8,132.4,115.7,128.1,129.1,119.3
SEALER-0072,1490,24:50,133.2,133.4,126.3,117.5,133.0,135.6,123.0,132.1,114.6,128.5,127.8,119.3
SEALER-0072,1491,24:51,131.6,133.8,125.3,117.2,134.1,134.9,122.8,130.1,115.2,128.0,128.7,119.1
SEALER-0072,1492,24:52,132.1,133.3,124.6,116.1,133.1,133.7,121.3,131.2,114.9,128.1,127.7,118.0
SEALER-0072,1493,24:53,131.7,132.6,125.1,117.0,133.2,135.4,124.1,131.9,113.9,127.8,128.6,119.0
SEALER-0072,1494,24:54,131.6,131.9,123.9,116.8,132.7,135.2,121.8,129.7,114.9,127.9,126.9,117.3
SEALER-0072,1495,24:55,131.8,131.4,124.5,116.6,132.4,134.6,123.9,132.3,114.5,127.1,127.0,118.7
SEALER-0072,1496,24:56,131.1,132.2,124.0,115.7,131.9,136.0,123.3,131.4,114.1,126.5,127.3,117.9
SEALER-0072,1497,24:57,131.0,132.0,122.9,115.5,130.8,136.6,123.6,131.8,113.4,126.8,126.7,117.3
SEALER-0072,1498,24:58,131.0,131.5,123.8,115.8,132.5,135.7,121.2,131.3,114.2,125.7,126.5,117.6
SEALER-0072,1499,24:59,129.8,131.0,123.3,115.3,132.1,136.6,123.9,131.2,112.5,126.1,125.7,117.1
SEALER-0072,1500,25:00,130.8,131.5,123.7,114.9,131.8,136.4,122.5,130.9,113.7,125.8,126.0,116.2
SEALER-0072,1501,25:01,129.3,130.9,122.6,114.7,132.2,137.2,123.6,130.6,113.2,124.9,126.7,116.3
SEALER-0072,1502,25:02,129.8,130.4,121.6,114.1,131.8,135.5,122.3,129.8,113.5,125.5,126.1,116.4
SEALER-0072,1503,25:03,128.5,129.7,123.1,114.5,131.8,135.6,122.3,129.2,111.7,124.7,124.9,116.4
SEALER-0072,1504,25:04,128.7,130.4,121.1,114.3,130.6,136.4,122.5,129.7,112.3,124.6,124.0,116.8
SEALER-0072,1505,25:05,128.9,128.2,121.7,114.0,130.1,137.4,122.2,128.5,112.2,123.7,125.7,115.0
SEALER-0072,1506,25:06,128.4,129.1,121.4,113.6,130.9,136.6,122.3,128.2,111.9,124.0,124.7,114.9
SEALER-0072,1507,25:07,128.8,128.6,121.9,113.8,130.0,135.4,122.7,127.8,112.5,123.5,124.0,115.3
SEALER-0072,1508,25:08,129.0,128.9,121.2,113.3,130.4,136.2,122.1,128.4,111.9,123.2,123.9,115.8
SEALER-0072,1509,25:09,128.4,128.1,120.5,113.2,129.2,136.8,120.3,126.8,111.2,124.7,124.2,114.3
SEALER-0072,1510,25:10,128.0,127.9,120.3,112.7,130.1,136.0,121.5,127.8,111.2,123.8,123.2,115.0
SEALER-0072,1511,25:11,127.9,127.5,120.9,112.6,129.2,135.0,121.2,127.2,109.9,123.3,123.3,114.8
SEALER-0072,1512,25:12,126.7,127.9,120.9,112.0,129.0,135.7,119.8,126.7,111.2,123.1,123.1,113.8
SEALER-0072,1513,25:13,126.0,128.1,119.8,112.3,128.8,133.5,119.4,127.5,110.7,122.8,121.3,113.9
SEALER-0072,1514,25:14,127.1,127.4,120.2,112.6,128.9,134.0,119.5,126.4,110.4,122.4,123.0,113.4
SEALER-0072,1515,25:15,126.2,127.0,119.4,111.9,128.2,133.9,119.8,126.9,110.3,122.3,120.6,113.3
SEALER-0072,1516,25:16,125.9,124.9,118.4,111.8,128.8,132.9,119.3,125.4,110.5,121.9,121.3,113.1
SEALER-0072,1517,25:17,126.8,125.6,119.1,111.8,127.2,132.7,119.7,125.1,109.3,121.4,121.2,113.2
SEALER-0072,1518,25:18,125.8,126.3,118.4,110.4,127.2,132.8,118.9,125.5,108.9,121.9,121.1,113.3
SEALER-0072,1519,25:19,125.2,125.4,118.5,110.8,126.3,131.5,117.6,125.0,109.2,121.4,121.2,112.8
SEALER-0072,1520,25:20,124.1,125.9,117.5,109.9,126.9,132.4,118.6,124.4,109.0,120.5,120.7,112.2
SEALER-0072,1521,25:21,126.3,124.8,117.1,110.2,126.4,131.7,117.0,124.0,108.3,120.0,120.5,112.7
SEALER-0072,1522,25:22,125.9,124.3,117.7,110.2,125.7,131.5,118.0,123.9,108.3,121.1,119.2,112.1
SEALER-0072,1523,25:23,124.7,124.7,116.9,109.6,125.7,131.3,116.8,123.7,107.9,119.9,119.8,112.5
SEALER-0072,1524,25:24,123.6,124.7,117.6,109.7,126.6,131.4,117.5,123.5,108.5,119.8,119.3,110.8
SEALER-0072,1525,25:25,124.4,123.1,117.3,109.6,125.6,131.5,116.7,123.3,108.4,120.4,119.1,112.2
SEALER-0072,1526,25:26,124.0,124.2,117.7,109.6,124.6,129.4,116.2,124.0,107.6,119.8,118.0,111.4
SEALER-0072,1527,25:27,124.2,123.3,117.1,108.3,124.3,130.1,116.0,123.0,107.0,120.1,118.7,111.3
SEALER-0072,1528,25:28,123.8,124.3,116.7,108.3,124.2,130.0,116.2,123.1,107.0,118.8,118.1,110.5
SEALER-0072,1529,25:29,122.5,122.3,116.3,109.2,123.6,128.4,116.4,121.6,106.6,118.5,118.6,110.9
SEALER-0072,1530,25:30,122.2,123.7,116.1,107.7,123.3,129.8,115.1,122.3,106.4,119.7,117.2,110.5
SEALER-0072,1531,25:31,122.6,122.5,115.4,107.8,123.7,129.9,115.0,121.8,106.5,117.6,117.6,110.5
SEALER-0072,1532,25:32,122.6,122.0,114.8,107.3,123.3,128.8,114.8,121.9,106.1,117.6,117.7,110.3
SEALER-0072,1533,25:33,123.0,121.5,115.3,108.0,123.5,127.3,114.2,121.1,106.0,117.7,116.9,110.1
SEALER-0072,1534,25:34,121.7,121.3,115.4,108.0,122.1,127.8,114.5,121.1,106.2,118.0,116.2,109.9
SEALER-0072,1535,25:35,122.3,121.7,115.1,108.0,122.7,126.9,114.2,120.6,105.8,117.8,116.3,110.2
SEALER-0072,1536,25:36,121.5,121.0,113.9,107.8,122.3,127.7,114.2,121.0,104.5,117.7,116.4,108.9
SEALER-0072,1537,25:37,119.9,120.9,114.1,107.0,121.9,126.5,112.7,120.2,105.6,115.6,115.9,109.5
SEALER-0072,1538,25:38,120.5,120.9,113.8,107.1,120.6,126.6,113.4,119.3,104.6,116.9,115.7,109.9
SEALER-0072,1539,25:39,122.0,120.0,114.6,106.6,121.8,126.3,112.8,119.5,104.8,116.6,115.3,108.6
SEALER-0072,1540,25:40,121.2,119.2,113.1,105.3,120.7,126.0,113.9,120.2,104.5,116.5,115.5,109.3
SEALER-0072,1541,25:41,120.3,119.7,113.9,106.0,121.1,125.2,112.2,117.9,104.6,115.5,114.8,107.8
SEALER-0072,1542,25:42,120.8,119.8,113.1,105.2,120.6,125.6,112.2,119.0,104.5,115.8,114.2,107.6
SEALER-0072,1543,25:43,119.8,119.6,112.6,106.3,120.9,125.1,111.5,118.1,103.9,115.7,113.7,107.3
SEALER-0072,1544,25:44,119.8,119.1,112.1,105.6,120.3,124.9,112.7,118.2,103.8,114.7,114.3,107.7
SEALER-0072,1545,25:45,120.0,118.5,111.6,105.5,120.3,124.1,112.3,117.5,103.1,114.9,114.7,107.6
SEALER-0072,1546,25:46,119.8,118.6,112.5,105.1,119.5,125.0,111.1,117.9,103.1,115.5,112.9,106.6
SEALER-0072,1547,25:47,119.4,118.3,112.0,104.1,119.4,124.4,111.1,118.4,103.8,115.3,113.3,107.0
SEALER-0072,1548,25:48,119.1,117.7,112.4,104.5,118.3,124.6,110.5,117.2,103.4,114.2,113.4,106.6
SEALER-0072,1549,25:49,118.9,117.0,111.2,105.3,118.7,123.6,109.6,116.7,102.5,114.2,113.7,106.5
SEALER-0072,1550,25:50,118.5,116.6,111.3,102.7,118.9,123.6,111.0,116.7,103.0,114.9,112.4,107.0
SEALER-0072,1551,25:51,118.1,116.9,111.2,105.1,117.2,122.9,109.3,116.1,102.5,114.0,113.1,106.2
SEALER-0072,1552,25:52,118.5,116.5,110.1,104.3,117.9,122.5,108.9,116.7,101.8,113.8,112.5,105.8
SEALER-0072,1553,25:53,118.6,116.6,110.5,104.1,117.9,122.8,109.5,115.6,101.7,114.6,112.4,106.2
SEALER-0072,1554,25:54,117.3,117.1,110.7,103.9,117.8,121.2,108.9,115.2,101.9,113.1,113.3,106.4
SEALER-0072,1555,25:55,117.7,116.4,110.1,103.7,117.0,121.6,109.3,115.6,101.9,112.0,111.9,105.7
SEALER-0072,1556,25:56,116.9,116.7,110.0,103.6,117.0,120.7,109.0,115.4,101.9,112.0,112.3,105.2
SEALER-0072,1557,25:57,117.3,116.7,109.5,103.8,115.7,121.3,108.6,114.5,101.4,112.1,110.5,105.1
SEALER-0072,1558,25:58,117.0,115.7,109.6,102.5,116.7,120.2,107.8,115.0,101.7,111.9,111.9,104.9
SEALER-0072,1559,25:59,115.9,116.4,109.5,102.5,115.9,120.6,108.2,113.3,100.5,111.4,110.8,104.7
SEALER-0072,1560,26:00,116.0,115.0,108.9,103.0,116.1,119.4,108.0,114.2,102.1,112.0,110.3,105.3
SEALER-0072,1561,26:01,115.9,114.2,109.7,102.8,115.8,119.6,108.4,113.2,101.4,111.3,110.1,104.4
SEALER-0072,1562,26:02,115.4,114.2,108.9,102.7,114.7,119.8,107.2,113.8,99.9,110.5,110.4,104.1
SEALER-0072,1563,26:03,114.6,114.8,108.7,102.0,114.9,120.6,106.9,114.2,100.0,111.6,109.4,103.5
SEALER-0072,1564,26:04,115.2,114.5,108.3,102.2,115.1,119.1,107.3,113.4,99.1,111.8,109.2,104.6
SEALER-0072,1565,26:05,116.1,114.2,107.7,101.0,115.1,118.5,107.4,112.9,100.1,110.9,109.1,104.0
SEALER-0072,1566,26:06,114.2,113.3,107.8,101.7,114.0,118.5,106.0,112.3,101.0,110.5,109.8,103.7
SEALER-0072,1567,26:07,114.8,114.3,107.8,100.9,114.5,118.9,105.8,112.7,99.3,110.0,108.5,103.2
SEALER-0072,1568,26:08,114.7,114.2,107.1,100.7,112.9,118.3,106.9,112.2,98.8,110.5,109.1,104.2
SEALER-0072,1569,26:09,114.8,112.8,107.6,100.9,113.4,118.1,106.0,111.6,99.9,109.8,108.5,103.7
SEALER-0072,1570,26:10,114.8,112.2,107.1,100.5,113.1,117.3,106.0,111.2,99.4,109.6,107.9,102.8
SEALER-0072,1571,26:11,114.1,112.4,106.0,100.8,112.9,117.4,105.5,111.4,99.1,109.2,109.4,101.6
SEALER-0072,1572,26:12,114.6,111.6,106.3,100.2,112.2,118.0,104.8,110.8,98.4,108.4,107.7,102.4
SEALER-0072,1573,26:13,113.8,111.7,107.4,99.5,112.6,117.1,104.5,110.5,98.1,108.6,107.7,101.5
SEALER-0072,1574,26:14,113.5,111.9,106.2,99.4,112.2,116.4,105.0,110.0,98.2,108.5,107.4,101.6
SEALER-0072,1575,26:15,112.7,111.3,106.2,100.1,112.0,116.6,104.6,110.5,98.1,108.7,107.1,102.1
SEALER-0072,1576,26:16,113.3,111.1,106.3,99.3,111.9,116.1,104.8,110.5,97.6,108.2,106.8,101.7
SEALER-0072,1577,26:17,112.7,110.0,105.6,98.8,111.0,115.6,103.8,109.9,97.7,108.1,106.7,102.3
SEALER-0072,1578,26:18,112.4,110.7,105.3,98.2,112.0,115.4,103.9,109.8,97.6,107.2,106.9,101.9
SEALER-0072,1579,26:19,112.1,110.2,105.3,98.5,111.7,114.7,103.9,109.3,97.0,107.0,106.3,101.2
SEALER-0072,1580,26:20,111.9,110.6,104.5,98.6,111.5,116.1,102.7,109.6,96.7,108.4,105.5,101.5
SEALER-0072,1581,26:21,113.3,109.4,105.2,98.6,110.0,114.7,103.5,109.3,96.2,106.9,105.3,101.6
SEALER-0072,1582,26:22,111.2,110.6,104.2,97.7,111.0,115.3,103.0,108.7,97.7,105.5,105.7,100.5
SEALER-0072,1583,26:23,111.9,109.6,105.3,98.3,109.8,114.2,102.1,108.6,97.1,106.6,105.9,101.0
SEALER-0072,1584,26:24,111.2,109.3,104.2,98.6,109.6,114.1,102.8,109.0,96.5,107.1,104.7,100.4
SEALER-0072,1585,26:25,110.8,109.1,103.9,98.1,109.1,114.2,101.6,108.4,95.4,106.5,105.0,100.2
SEALER-0072,1586,26:26,111.3,109.0,104.4,97.9,109.1,113.4,101.7,108.2,95.7,106.3,104.4,99.5
SEALER-0072,1587,26:27,110.6,108.9,104.8,98.0,109.4,113.5,101.6,108.3,95.7,106.8,104.4,100.2
SEALER-0072,1588,26:28,110.1,108.0,103.8,98.6,109.6,112.4,101.1,107.9,95.0,105.5,104.9,99.1
SEALER-0072,1589,26:29,110.9,109.2,103.6,96.8,108.8,112.4,101.4,106.8,96.5,105.5,104.1,100.5
SEALER-0072,1590,26:30,110.1,109.0,102.5,96.2,109.0,112.6,101.3,107.6,95.2,105.6,103.8,100.6
SEALER-0072,1591,26:31,109.8,109.3,103.1,97.1,108.8,111.7,100.4,107.1,95.4,105.4,103.0,98.6
SEALER-0072,1592,26:32,110.3,107.2,102.2,96.6,107.3,111.6,100.5,106.6,95.0,104.7,104.0,99.0
SEALER-0072,1593,26:33,109.5,107.5,102.6,96.2,107.5,112.2,99.9,106.2,94.7,105.0,104.0,99.2
SEALER-0072,1594,26:34,109.4,106.4,102.0,96.1,106.6,112.2,99.7,107.1,94.3,104.7,103.1,97.5
SEALER-0072,1595,26:35,109.1,107.6,102.6,95.8,106.6,111.6,99.2,105.8,94.3,103.9,102.8,98.2
SEALER-0072,1596,26:36,108.5,106.9,101.8,95.2,107.3,111.3,99.2,105.6,94.3,104.0,102.7,98.1
SEALER-0072,1597,26:37,109.1,106.3,101.9,95.2,106.7,109.2,98.5,105.6,93.7,103.2,103.1,97.4
SEALER-0072,1598,26:38,108.9,105.9,100.6,96.2,106.2,111.3,99.1,104.9,93.9,102.6,102.0,98.2
SEALER-0072,1599,26:39,109.0,105.7,101.0,95.3,105.3,109.7,98.8,105.0,93.7,105.2,101.3,97.4
SEALER-0072,1600,26:40,108.9,105.9,101.3,95.6,106.1,110.4,98.8,105.2,94.2,103.0,102.1,97.9
SEALER-0072,1601,26:41,107.7,106.3,101.6,96.1,104.9,110.1,98.6,105.1,92.8,102.1,102.3,97.4
SEALER-0072,1602,26:42,107.9,105.8,100.2,95.0,105.3,109.3,99.2,104.1,93.3,103.2,101.7,96.8
SEALER-0072,1603,26:43,107.3,105.2,100.5,94.7,105.3,108.5,98.3,104.4,93.5,103.1,101.8,96.8
SEALER-0072,1604,26:44,108.0,104.9,99.8,93.6,105.6,108.5,98.8,102.9,92.4,103.2,101.1,97.1
SEALER-0072,1605,26:45,106.8,105.7,100.2,94.3,105.4,108.7,97.6,103.1,92.5,102.1,100.5,97.7
SEALER-0072,1606,26:46,107.0,104.6,100.0,94.5,104.6,109.3,98.0,103.0,92.4,102.1,100.5,96.2
SEALER-0072,1607,26:47,106.9,104.9,99.7,94.9,104.7,107.9,97.3,103.5,93.3,102.6,101.4,96.9
SEALER-0072,1608,26:48,107.3,104.0,99.9,92.8,104.2,108.3,97.5,103.5,91.7,102.5,99.3,96.3
SEALER-0072,1609,26:49,105.9,103.5,99.2,93.8,104.1,107.2,97.5,103.0,92.7,101.1,100.6,97.3
SEALER-0072,1610,26:50,106.7,102.5,98.3,93.7,103.6,107.3,97.3,102.8,92.3,100.6,99.7,96.2
SEALER-0072,1611,26:51,107.0,103.0,99.6,93.4,103.3,107.4,97.7,103.0,91.8,101.6,100.0,95.9
SEALER-0072,1612,26:52,105.7,103.6,98.6,92.7,103.4,108.2,96.7,102.6,91.2,101.3,99.3,95.5
SEALER-0072,1613,26:53,105.2,103.6,98.4,93.1,103.8,106.6,96.4,101.9,90.6,101.2,99.8,95.3
SEALER-0072,1614,26:54,105.5,103.3,98.5,93.1,103.7,107.2,95.6,101.4,90.5,100.3,98.6,94.9
SEALER-0072,1615,26:55,105.3,102.0,98.2,93.7,103.4,106.9,96.1,101.7,90.6,100.7,99.5,95.1
SEALER-0072,1616,26:56,105.5,103.3,98.3,92.9,103.4,105.6,95.3,102.0,91.1,101.0,98.8,95.1
SEALER-0072,1617,26:57,104.4,102.4,97.8,91.5,102.6,106.2,95.0,101.1,89.8,99.2,98.9,94.5
SEALER-0072,1618,26:58,105.2,102.3,98.0,92.7,102.5,106.3,95.1,100.8,90.3,100.7,98.3,95.1
SEALER-0072,1619,26:59,105.0,101.4,97.4,91.4,101.0,104.9,95.3,101.2,91.3,99.8,98.6,94.0
SEALER-0072,1620,27:00,104.8,101.5,97.2,91.7,102.1,104.4,94.4,100.5,89.8,100.6,97.5,94.3
SEALER-0072,1621,27:01,103.9,102.1,97.6,91.0,102.2,104.5,94.5,100.2,90.6,99.2,98.5,94.3
SEALER-0072,1622,27:02,104.2,100.8,97.4,91.1,101.0,105.0,93.6,99.9,89.9,99.4,97.4,94.4
SEALER-0072,1623,27:03,103.8,100.8,96.8,91.1,100.3,104.6,94.7,99.8,90.8,99.7,97.6,94.0
SEALER-0072,1624,27:04,103.9,101.5,96.8,91.2,100.1,104.3,94.0,100.3,89.0,99.0,96.2,94.1
SEALER-0072,1625,27:05,103.8,100.0,96.3,91.4,100.5,104.5,95.0,99.0,89.7,98.9,97.4,93.1
SEALER-0072,1626,27:06,104.0,100.6,95.9,90.8,100.2,104.3,93.1,99.4,89.2,98.2,96.9,93.2
SEALER-0072,1627,27:07,102.9,100.9,96.0,90.6,99.9,103.6,93.5,99.6,89.9,98.7,96.5,93.6
SEALER-0072,1628,27:08,103.2,99.9,96.3,91.2,100.7,103.4,93.2,98.5,88.5,97.5,95.7,93.2
SEALER-0072,1629,27:09,103.1,100.3,95.7,90.3,99.7,102.6,93.8,98.2,88.4,97.7,95.4,92.8
SEALER-0072,1630,27:10,103.3,99.8,96.3,90.2,100.1,103.2,93.8,98.7,88.8,97.9,96.1,93.2
SEALER-0072,1631,27:11,102.3,98.7,95.9,89.9,100.2,103.5,93.5,98.3,88.5,97.7,96.0,93.6
SEALER-0072,1632,27:12,103.2,98.8,95.0,89.4,99.6,102.5,92.5,99.2,88.0,97.6,96.0,92.3
SEALER-0072,1633,27:13,101.0,98.6,95.5,90.6,99.2,101.4,92.7,98.0,88.3,96.7,96.1,92.7
SEALER-0072,1634,27:14,101.9,98.9,96.0,88.9,99.2,101.9,92.3,97.9,88.4,97.0,95.2,92.4
SEALER-0072,1635,27:15,101.7,99.1,95.2,90.1,97.5,101.2,92.7,97.1,87.7,96.2,95.5,92.3
SEALER-0072,1636,27:16,102.4,97.8,94.2,89.5,98.2,102.1,92.6,97.2,88.1,97.8,95.0,91.9
SEALER-0072,1637,27:17,102.7,98.2,94.0,89.7,97.6,101.4,91.8,97.1,87.3,96.3,94.2,91.8
SEALER-0072,1638,27:18,101.3,98.7,94.6,89.4,97.4,102.2,91.1,97.3,87.4,96.7,95.0,91.8
SEALER-0072,1639,27:19,100.6,98.4,94.3,89.4,98.1,102.0,91.4,96.4,88.3,95.9,94.5,91.8
SEALER-0072,1640,27:20,101.2,98.2,93.9,88.6,97.1,101.3,91.8,96.3,86.8,96.0,94.5,91.5
SEALER-0072,1641,27:21,101.1,97.3,93.7,88.5,97.6,100.6,91.0,97.0,87.8,95.8,94.3,91.0
SEALER-0072,1642,27:22,100.5,98.1,93.3,88.2,97.5,100.1,90.8,96.6,85.8,96.3,94.1,90.5
SEALER-0072,1643,27:23,100.8,96.9,93.6,88.2,97.0,99.6,90.2,95.7,85.8,96.9,93.8,90.5
SEALER-0072,1644,27:24,100.6,97.8,93.1,87.4,97.8,100.4,89.8,95.7,87.2,95.7,94.1,90.1
SEALER-0072,1645,27:25,99.9,96.9,92.7,87.3,97.6,99.8,90.0,95.6,87.0,95.4,93.2,89.9
SEALER-0072,1646,27:26,100.0,97.0,93.2,87.8,96.2,98.9,90.5,94.4,86.4,94.9,92.6,89.4
SEALER-0072,1647,27:27,100.6,96.0,92.6,87.2,96.1,98.5,89.4,95.5,85.5,95.2,93.2,91.0
SEALER-0072,1648,27:28,99.9,95.6,92.2,87.3,95.5,98.7,89.3,95.6,86.4,94.3,92.1,90.2
SEALER-0072,1649,27:29,99.9,95.7,92.8,87.2,95.5,99.2,89.2,94.2,85.9,94.1,92.8,90.0
SEALER-0072,1650,27:30,99.1,96.0,92.4,86.6,96.1,99.0,89.3,94.1,86.3,94.2,92.5,89.9
SEALER-0072,1651,27:31,99.1,95.2,92.5,87.5,95.7,98.5,88.8,93.9,84.3,93.2,91.9,90.2
SEALER-0072,1652,27:32,99.4,95.5,93.1,86.9,94.9,97.9,89.2,94.1,85.9,94.2,92.5,90.3
SEALER-0072,1653,27:33,98.5,95.8,90.5,86.9,94.4,97.6,89.1,93.5,85.3,94.2,91.3,88.9
SEALER-0072,1654,27:34,98.8,95.0,92.4,85.6,94.9,97.3,89.3,94.2,85.3,93.8,91.6,88.6
SEALER-0072,1655,27:35,97.7,95.9,91.9,86.4,94.5,97.0,89.5,94.2,85.2,93.2,92.3,89.1
SEALER-0072,1656,27:36,98.6,94.9,90.5,86.1,94.7,97.5,87.9,93.8,86.0,93.5,92.0,87.6
SEALER-0072,1657,27:37,97.8,94.7,91.7,85.4,94.1,96.9,87.5,93.7,83.9,93.6,91.5,88.8
SEALER-0072,1658,27:38,98.6,94.6,90.7,85.9,94.1,96.7,87.8,92.2,83.6,93.7,91.3,89.1
SEALER-0072,1659,27:39,97.7,94.0,90.8,86.2,93.9,96.2,87.8,93.0,84.7,93.1,90.0,89.2
SEALER-0072,1660,27:40,96.6,94.5,90.1,85.7,92.9,96.7,87.3,91.3,84.4,93.0,91.0,87.5
SEALER-0072,1661,27:41,97.4,94.2,89.9,84.9,93.4,96.6,87.6,92.3,83.7,92.3,90.1,88.4
SEALER-0072,1662,27:42,97.7,92.8,90.3,85.4,93.8,95.8,87.7,91.4,83.1,92.4,90.2,88.6
SEALER-0072,1663,27:43,97.4,94.2,90.4,84.7,93.9,95.4,87.0,92.9,84.5,91.8,90.2,88.0
SEALER-0072,1664,27:44,96.9,93.4,91.3,84.9,93.1,95.5,86.5,91.5,83.9,92.1,91.1,87.9
SEALER-0072,1665,27:45,97.2,93.8,90.0,84.6,92.8,95.9,86.8,91.7,83.4,92.1,90.1,87.9
SEALER-0072,1666,27:46,96.6,92.7,90.1,83.5,93.4,95.3,87.1,91.2,82.6,92.5,90.6,87.7
SEALER-0072,1667,27:47,95.8,92.6,89.8,84.0,92.1,94.9,85.6,91.7,84.1,92.5,90.0,87.3
SEALER-0072,1668,27:48,97.0,92.2,89.0,85.4,91.5,95.1,86.8,91.3,84.2,91.7,88.8,87.5
SEALER-0072,1669,27:49,96.5,92.8,90.3,84.8,92.5,96.2,85.8,91.6,83.1,91.5,88.1,86.8
SEALER-0072,1670,27:50,95.8,93.0,88.8,84.6,92.0,94.6,85.9,91.6,83.0,91.0,88.4,87.1
SEALER-0072,1671,27:51,96.4,91.5,89.1,84.5,91.0,94.6,85.9,91.7,82.2,91.1,87.8,87.6
SEALER-0072,1672,27:52,95.6,91.4,88.2,83.0,92.2,94.1,85.9,91.0,82.6,90.2,88.8,87.3
SEALER-0072,1673,27:53,95.7,92.2,89.3,83.8,91.0,93.7,85.0,91.1,82.3,90.4,87.9,87.8
SEALER-0072,1674,27:54,96.3,91.2,89.2,83.8,91.9,93.5,85.1,90.1,82.7,90.5,88.6,86.1
SEALER-0072,1675,27:55,94.7,92.0,88.2,84.2,90.3,94.0,85.3,90.4,82.1,89.7,87.9,86.4
SEALER-0072,1676,27:56,95.6,91.2,87.7,83.5,90.9,93.6,85.6,89.8,82.0,89.5,86.8,87.1
SEALER-0072,1677,27:57,94.5,91.7,88.0,82.8,91.2,94.0,85.7,89.1,81.9,89.5,88.5,86.6
SEALER-0072,1678,27:58,95.0,90.5,88.3,82.6,89.7,92.8,84.8,90.2,80.6,89.8,87.8,85.6
SEALER-0072,1679,27:59,93.3,91.1,87.3,82.9,91.1,93.1,83.7,89.0,80.6,88.7,88.2,85.9
SEALER-0072,1680,28:00,93.8,90.3,88.2,82.7,89.8,92.7,84.2,89.1,81.3,89.3,87.4,86.3
SEALER-0072,1681,28:01,94.9,90.3,88.2,82.9,89.3,92.9,83.8,89.2,81.5,89.2,87.6,85.0
SEALER-0072,1682,28:02,94.0,89.9,87.0,82.8,89.5,93.2,83.9,88.7,81.0,89.6,87.0,85.8
SEALER-0072,1683,28:03,93.9,90.1,87.4,82.3,90.4,91.8,84.0,89.3,81.8,89.3,88.1,85.8
SEALER-0072,1684,28:04,94.1,90.6,87.0,81.7,89.8,92.1,83.9,88.5,81.9,88.9,86.5,85.9
SEALER-0072,1685,28:05,94.1,90.4,86.3,82.4,88.3,92.1,83.2,89.0,81.5,88.7,86.6,85.5
SEALER-0072,1686,28:06,94.8,90.2,88.0,82.6,88.8,92.0,83.7,88.4,80.8,88.9,87.0,85.5
SEALER-0072,1687,28:07,93.6,89.6,85.8,82.8,89.3,91.5,83.3,89.5,80.9,89.0,86.5,84.5
SEALER-0072,1688,28:08,93.8,89.2,86.7,81.4,88.3,91.1,82.6,87.6,80.9,88.1,85.8,84.4
SEALER-0072,1689,28:09,94.1,90.2,86.3,81.9,88.6,91.5,81.8,88.3,80.2,88.8,86.1,85.7
SEALER-0072,1690,28:10,93.4,88.6,86.1,81.4,87.9,91.0,82.6,87.4,79.5,87.7,86.2,84.7
SEALER-0072,1691,28:11,93.4,88.4,86.3,81.7,88.2,91.2,82.8,87.9,80.7,88.0,86.2,83.8
SEALER-0072,1692,28:12,91.9,89.1,86.1,80.9,88.4,90.9,81.9,87.2,80.6,87.9,86.5,84.3
SEALER-0072,1693,28:13,93.5,88.8,85.6,81.4,87.8,90.2,82.1,86.4,79.0,88.0,86.0,84.5
SEALER-0072,1694,28:14,92.9,87.9,86.9,81.9,88.4,90.4,81.9,87.3,78.7,87.5,85.1,84.1
SEALER-0072,1695,28:15,92.4,87.9,85.7,81.1,87.5,89.9,81.9,86.5,79.6,87.2,85.7,83.4
SEALER-0072,1696,28:16,92.2,88.0,85.7,79.7,86.8,90.6,81.5,86.3,79.9,87.3,84.1,84.4
SEALER-0072,1697,28:17,92.0,87.9,85.4,80.7,87.1,89.7,82.4,86.2,79.8,86.0,84.1,83.9
SEALER-0072,1698,28:18,92.3,87.3,85.3,81.0,87.6,89.7,81.0,86.0,80.1,86.6,84.9,83.3
SEALER-0072,1699,28:19,91.7,88.5,84.7,79.1,86.4,89.5,80.3,85.8,79.5,86.7,84.0,83.3
SEALER-0072,1700,28:20,91.7,88.4,84.8,80.0,86.2,88.2,81.0,85.2,78.1,86.7,83.3,83.7
SEALER-0072,1701,28:21,92.2,87.1,84.2,79.6,86.7,88.6,80.9,85.6,78.5,86.8,83.7,82.7
SEALER-0072,1702,28:22,91.0,87.6,84.1,79.8,86.7,89.1,79.9,86.0,78.3,85.8,84.9,83.6
SEALER-0072,1703,28:23,92.4,87.0,84.2,79.1,85.9,88.7,80.8,85.1,79.0,86.3,84.0,83.0
SEALER-0072,1704,28:24,91.2,87.1,83.5,79.7,86.9,88.7,81.1,85.8,78.9,86.6,83.8,82.9
SEALER-0072,1705,28:25,91.2,87.1,83.4,79.4,86.9,88.3,80.2,84.6,78.4,86.5,83.5,83.1
SEALER-0072,1706,28:26,90.3,86.4,83.8,79.7,85.5,88.3,79.8,84.6,78.1,85.2,84.6,82.8
SEALER-0072,1707,28:27,90.6,86.6,83.3,78.9,86.9,88.5,79.2,84.4,77.7,85.3,83.7,81.5
SEALER-0072,1708,28:28,90.6,86.0,84.1,78.8,85.3,86.7,79.1,84.7,77.5,86.0,82.6,81.9
SEALER-0072,1709,28:29,89.6,86.5,82.7,79.5,84.8,88.1,80.0,84.3,78.1,85.2,83.5,81.3
SEALER-0072,1710,28:30,90.4,86.1,83.1,78.9,85.7,87.9,80.1,84.7,77.4,84.8,83.1,82.0
SEALER-0072,1711,28:31,90.0,86.5,82.9,78.6,84.8,88.0,79.2,84.3,77.4,84.8,82.8,81.3
SEALER-0072,1712,28:32,90.7,84.8,82.3,78.8,84.2,87.3,78.5,83.6,78.1,84.6,82.4,81.4
SEALER-0072,1713,28:33,89.8,85.1,82.5,78.3,85.0,86.9,79.3,84.2,77.4,84.7,82.7,82.0
SEALER-0072,1714,28:34,90.0,85.3,82.4,77.6,84.6,86.5,78.5,83.9,77.7,85.0,83.0,81.7
SEALER-0072,1715,28:35,89.6,84.9,82.9,77.6,84.8,87.3,79.9,83.9,77.4,83.3,83.0,81.3
SEALER-0072,1716,28:36,88.4,84.2,82.7,78.7,84.7,86.4,78.3,84.4,76.9,83.9,82.1,80.4
SEALER-0072,1717,28:37,88.7,85.4,81.4,78.0,83.8,85.6,78.5,82.7,75.7,84.0,81.5,82.7
SEALER-0072,1718,28:38,89.4,84.1,82.9,78.0,83.3,86.2,78.1,82.8,76.5,83.8,81.6,80.2
SEALER-0072,1719,28:39,88.5,84.2,82.0,77.3,83.3,85.2,77.7,83.2,76.4,83.7,81.2,80.8
SEALER-0072,1720,28:40,87.8,84.5,82.6,77.8,82.9,85.6,77.3,82.8,76.2,84.8,81.9,80.2
SEALER-0072,1721,28:41,88.4,83.8,81.4,78.0,83.2,86.2,77.5,83.1,77.0,84.6,80.7,80.3
SEALER-0072,1722,28:42,88.0,83.5,81.4,77.4,82.5,85.4,78.3,83.0,77.1,83.6,81.7,80.6
SEALER-0072,1723,28:43,88.1,83.9,81.4,77.4,83.4,85.9,77.9,82.5,76.5,82.9,81.6,80.4
SEALER-0072,1724,28:44,87.9,83.1,82.1,77.4,83.0,85.5,77.0,83.0,76.1,83.4,80.3,80.5
SEALER-0072,1725,28:45,88.0,83.1,81.7,77.5,83.3,84.7,76.5,82.5,76.6,83.6,81.4,79.1
SEALER-0072,1726,28:46,88.1,83.6,81.3,77.7,82.3,84.7,77.5,82.2,77.0,82.6,81.2,79.9
SEALER-0072,1727,28:47,87.9,83.1,80.5,76.7,82.0,84.2,76.8,81.7,75.5,83.0,81.5,80.2
SEALER-0072,1728,28:48,86.8,83.0,81.0,76.2,81.6,85.2,77.2,81.8,75.6,82.8,80.5,79.6
SEALER-0072,1729,28:49,86.7,83.4,80.2,75.8,83.5,84.4,77.1,80.6,75.6,81.8,79.9,79.5
SEALER-0072,1730,28:50,86.9,82.7,80.0,76.4,82.1,83.6,76.1,81.5,75.2,81.4,80.7,79.3
SEALER-0072,1731,28:51,86.6,82.0,80.6,76.0,81.8,83.6,75.8,81.6,75.5,82.4,80.5,78.8
SEALER-0072,1732,28:52,86.4,82.5,80.7,76.1,81.5,84.1,77.0,81.4,75.1,81.8,79.2,79.2
SEALER-0072,1733,28:53,86.2,82.5,80.1,76.1,82.0,82.3,76.4,81.0,75.7,82.3,78.8,80.0
SEALER-0072,1734,28:54,87.0,82.0,80.5,76.1,82.2,84.0,76.6,81.0,74.6,82.3,78.7,79.3
SEALER-0072,1735,28:55,86.4,81.8,79.6,76.2,80.9,83.0,75.9,80.7,74.6,82.2,79.5,78.9
SEALER-0072,1736,28:56,85.3,82.4,79.8,75.5,81.6,82.8,76.5,80.3,74.7,81.3,79.9,78.6
SEALER-0072,1737,28:57,86.6,82.4,79.6,76.2,82.2,83.7,76.7,80.7,74.3,81.4,78.1,78.7
SEALER-0072,1738,28:58,86.7,81.6,80.0,76.3,80.3,82.5,76.0,80.0,74.4,81.1,79.3,77.8
SEALER-0072,1739,28:59,86.6,82.3,78.6,75.0,81.1,82.8,75.8,79.6,73.8,80.6,78.7,78.8
SEALER-0072,1740,29:00,86.1,82.5,79.2,76.0,81.1,83.0,75.5,81.2,74.0,81.2,79.3,78.0
SEALER-0072,1741,29:01,86.1,80.9,78.9,75.3,80.7,82.6,75.1,79.4,74.0,80.3,78.2,78.0
SEALER-0072,1742,29:02,87.3,81.7,78.8,74.7,80.6,82.2,75.4,79.4,73.9,80.5,78.0,78.6
SEALER-0072,1743,29:03,84.8,80.4,78.4,74.9,79.8,82.6,74.9,79.8,73.9,80.5,78.1,77.9
SEALER-0072,1744,29:04,85.7,80.5,79.9,74.0,80.3,82.1,74.5,79.5,72.9,80.5,78.2,78.0
SEALER-0072,1745,29:05,85.2,81.0,78.5,73.7,79.2,81.9,75.2,79.2,73.9,80.2,78.8,77.0
SEALER-0072,1746,29:06,84.2,81.2,78.4,75.0,80.4,81.7,74.5,78.5,73.4,80.6,78.1,77.7
SEALER-0072,1747,29:07,85.6,80.2,78.4,74.9,79.8,81.9,74.4,80.1,72.9,80.0,78.0,76.5
SEALER-0072,1748,29:08,84.8,80.0,79.0,74.0,78.9,80.4,75.7,79.0,73.8,79.9,78.2,77.0
SEALER-0072,1749,29:09,85.3,80.3,78.4,73.2,79.1,80.7,74.9,79.3,73.0,80.1,77.8,77.2
SEALER-0072,1750,29:10,84.6,80.2,78.1,73.9,78.4,80.7,74.0,78.3,73.3,79.3,78.2,76.6
SEALER-0072,1751,29:11,85.4,80.5,77.1,74.7,78.6,80.9,73.9,78.5,72.9,79.2,77.4,78.0
SEALER-0072,1752,29:12,84.9,80.3,78.1,74.5,79.0,80.9,73.5,78.1,72.7,79.7,77.0,76.3
SEALER-0072,1753,29:13,84.7,79.4,77.8,73.3,78.9,80.7,73.5,77.9,73.1,80.1,77.2,76.3
SEALER-0072,1754,29:14,85.1,79.1,77.4,74.0,77.9,80.1,74.2,78.4,72.7,78.8,76.7,76.0
SEALER-0072,1755,29:15,84.4,79.1,76.7,74.0,78.8,79.8,74.1,78.5,72.3,79.8,76.8,76.9
SEALER-0072,1756,29:16,84.2,80.3,78.2,73.4,78.2,80.8,73.2,77.2,71.6,77.8,77.9,77.0
SEALER-0072,1757,29:17,83.6,79.8,77.2,73.2,78.9,79.4,73.2,78.3,72.8,78.9,76.1,76.4
SEALER-0072,1758,29:18,84.2,79.1,77.5,74.4,78.2,79.8,72.6,77.6,71.8,79.2,76.9,76.3
SEALER-0072,1759,29:19,82.9,79.2,76.9,73.7,77.3,79.6,73.0,76.8,72.6,78.9,76.1,75.3
SEALER-0072,1760,29:20,83.6,79.4,76.4,72.8,78.0,80.0,72.9,77.5,71.7,78.5,76.6,75.6
SEALER-0072,1761,29:21,83.7,79.0,76.7,73.7,78.4,79.3,73.0,76.3,72.3,77.5,75.6,76.0
SEALER-0072,1762,29:22,84.0,79.0,77.1,73.5,78.0,78.0,72.2,77.2,71.0,78.7,75.3,76.1
SEALER-0072,1763,29:23,83.3,78.9,76.6,73.4,77.7,79.2,72.6,76.8,71.3,78.3,75.7,75.8
SEALER-0072,1764,29:24,82.2,78.9,76.6,73.3,77.2,80.1,73.0,74.9,70.9,78.7,75.4,76.3
SEALER-0072,1765,29:25,82.5,77.7,76.0,71.3,76.2,79.2,71.9,77.7,71.0,77.3,75.7,75.4
SEALER-0072,1766,29:26,83.8,78.5,76.6,72.4,77.0,78.9,72.3,75.8,71.0,78.8,75.4,75.1
SEALER-0072,1767,29:27,82.0,78.1,76.4,71.8,76.8,78.0,72.2,76.6,71.3,77.5,75.6,75.7
SEALER-0072,1768,29:28,82.4,78.0,76.7,72.1,76.7,78.4,71.3,76.8,71.3,77.8,75.8,74.9
SEALER-0072,1769,29:29,81.7,78.4,75.4,71.3,76.6,78.7,72.4,76.3,69.9,77.1,75.4,75.8
SEALER-0072,1770,29:30,82.4,77.2,76.1,70.2,76.2,77.8,70.9,75.4,70.9,77.6,75.1,75.7
SEALER-0072,1771,29:31,81.9,77.8,76.4,72.1,76.4,77.9,71.6,76.2,70.8,76.7,75.3,74.7
SEALER-0072,1772,29:32,82.5,77.1,75.0,70.2,76.9,78.0,72.1,75.4,70.4,77.4,75.2,75.1
SEALER-0072,1773,29:33,82.7,76.8,75.2,72.3,76.2,78.2,71.3,76.0,71.3,77.1,74.5,75.4
SEALER-0072,1774,29:34,81.6,77.5,74.8,72.5,75.3,77.9,71.5,74.8,70.4,76.6,75.2,74.9
SEALER-0072,1775,29:35,81.6,76.3,74.1,71.4,75.2,76.9,71.5,75.4,70.2,76.7,74.2,74.8
SEALER-0072,1776,29:36,81.2,76.4,75.1,71.4,76.0,77.5,70.8,75.6,69.5,77.3,74.7,74.3
SEALER-0072,1777,29:37,81.6,76.0,75.5,71.2,75.5,77.4,70.6,75.0,70.0,77.6,75.7,73.6
SEALER-0072,1778,29:38,80.6,76.9,75.7,70.9,75.0,76.9,71.2,75.3,70.2,75.7,74.8,74.3
SEALER-0072,1779,29:39,80.9,77.0,74.6,71.5,74.7,76.8,70.4,75.3,69.0,75.7,74.3,73.2
SEALER-0072,1780,29:40,81.1,75.0,75.0,70.6,74.6,77.2,71.2,74.9,69.3,76.0,73.2,74.2
SEALER-0072,1781,29:41,80.9,75.2,74.5,69.7,75.4,76.9,70.4,74.6,70.1,75.8,73.6,74.0
SEALER-0072,1782,29:42,80.6,75.7,73.8,71.2,75.8,77.1,70.7,74.2,69.0,75.8,73.5,72.6
SEALER-0072,1783,29:43,80.1,75.6,73.9,69.7,75.7,76.4,69.9,75.1,70.1,76.0,73.8,73.7
SEALER-0072,1784,29:44,79.8,75.9,73.9,70.0,74.5,76.7,69.9,74.9,69.9,75.0,73.5,73.6
SEALER-0072,1785,29:45,79.8,75.7,74.6,70.5,74.7,76.2,69.8,75.3,69.5,75.6,73.1,72.5
SEALER-0072,1786,29:46,80.3,76.3,72.3,70.7,73.6,76.1,69.6,73.8,69.4,75.2,72.8,73.6
SEALER-0072,1787,29:47,79.7,74.3,73.6,69.9,73.9,75.4,70.1,73.5,69.3,74.9,72.9,72.8
SEALER-0072,1788,29:48,80.9,75.5,74.0,70.2,74.4,75.5,69.6,73.3,69.2,75.4,73.6,74.3
SEALER-0072,1789,29:49,79.8,74.7,73.7,70.5,74.2,75.6,70.5,73.5,69.1,75.1,72.8,73.0
SEALER-0072,1790,29:50,80.0,75.2,73.6,70.1,74.4,75.1,69.7,74.3,67.7,74.8,72.5,74.0
SEALER-0072,1791,29:51,79.4,75.5,72.6,69.9,74.0,75.7,69.1,73.9,69.1,74.8,71.9,72.4
SEALER-0072,1792,29:52,79.4,74.9,73.0,68.7,74.0,74.1,69.9,73.2,68.9,74.0,72.5,72.9
SEALER-0072,1793,29:53,79.4,74.7,74.6,69.0,72.9,75.5,68.8,72.4,68.5,74.0,71.8,73.0
SEALER-0072,1794,29:54,80.1,74.8,72.8,70.6,73.2,74.6,68.5,72.6,68.8,73.9,72.2,72.0
SEALER-0072,1795,29:55,79.2,74.1,72.1,69.0,73.8,74.6,69.2,72.0,67.7,75.3,72.2,72.5
SEALER-0072,1796,29:56,79.1,75.0,72.6,69.3,74.0,74.5,68.3,72.5,68.8,74.1,72.3,72.5
SEALER-0072,1797,29:57,78.6,74.1,72.4,69.8,72.7,74.6,69.2,73.1,68.3,74.1,72.5,72.3
SEALER-0072,1798,29:58,77.7,74.0,72.8,69.0,72.4,74.9,69.2,72.7,68.7,74.1,71.2,72.3
SEALER-0072,1799,29:59,78.6,74.1,73.1,69.2,72.1,73.7,67.7,72.8,68.1,73.2,71.7,72.1
