trial_id,time_s,time_mmss,T_LH_HOOD,T_LH_FENDER,T_LH_FRONT_DOOR,T_LH_REAR_DOOR,T_LH_Q_P,T_LH_T_G,T_RH_T_G,T_RH_Q_P,T_RH_REAR_DOOR,T_RH_FR_DOOR,T_RH_FENDER,T_RH_HOOD
SEALER-0061,0,00:00,34.9,35.4,35.0,35.5,34.6,35.2,35.4,33.6,36.3,34.9,34.6,35.6
SEALER-0061,1,00:01,35.2,34.4,33.9,36.0,35.7,34.6,34.4,35.0,35.4,34.9,34.5,34.7
SEALER-0061,2,00:02,34.3,35.2,34.5,34.8,35.0,34.9,34.9,34.6,35.5,35.8,35.3,34.4
SEALER-0061,3,00:03,35.1,35.7,34.8,34.2,35.2,35.3,35.5,35.3,35.0,36.0,34.0,34.8
SEALER-0061,4,00:04,35.4,35.1,35.3,35.2,34.9,35.1,34.8,35.9,34.1,34.2,34.6,35.0
SEALER-0061,5,00:05,34.8,34.2,36.1,34.5,33.9,35.7,34.8,35.5,36.0,34.7,35.6,35.1
SEALER-0061,6,00:06,35.2,34.4,34.4,34.4,34.2,33.9,35.1,35.7,35.5,34.3,34.5,36.9
SEALER-0061,7,00:07,35.0,35.9,34.6,34.6,35.2,35.2,34.9,35.7,35.4,35.3,35.0,34.9
SEALER-0061,8,00:08,34.4,34.3,34.3,34.3,34.7,34.3,34.5,34.9,35.1,34.8,34.8,36.0
SEALER-0061,9,00:09,36.1,35.4,34.9,35.0,34.1,35.8,34.4,35.1,35.6,35.5,35.7,34.8
SEALER-0061,10,00:10,35.4,35.9,34.7,34.6,35.5,35.1,35.4,35.6,34.6,35.3,34.5,35.5
SEALER-0061,11,00:11,34.5,34.0,35.1,34.8,34.7,34.4,36.1,35.1,35.0,34.6,35.0,35.5
SEALER-0061,12,00:12,35.8,34.6,36.0,34.8,35.2,33.6,35.4,35.1,33.7,35.1,35.2,34.7
SEALER-0061,13,00:13,34.4,35.6,35.2,35.0,35.8,35.6,34.9,34.8,35.5,34.2,35.4,34.0
SEALER-0061,14,00:14,34.9,36.0,34.6,35.1,35.7,35.3,34.8,34.9,35.3,35.9,34.8,35.3
SEALER-0061,15,00:15,34.2,35.5,36.5,35.3,34.0,35.2,35.0,35.9,34.9,34.2,34.9,35.4
SEALER-0061,16,00:16,34.4,35.2,35.3,34.4,35.1,34.2,35.6,34.9,34.8,34.2,35.5,35.0
SEALER-0061,17,00:17,35.5,35.8,35.2,34.8,34.2,34.9,34.8,36.3,35.1,34.3,34.0,34.3
SEALER-0061,18,00:18,35.1,36.3,35.0,35.0,35.2,35.3,34.9,35.0,34.0,34.6,34.4,34.6
SEALER-0061,19,00:19,35.2,34.9,34.9,35.0,35.1,35.0,34.9,35.3,35.5,34.6,34.3,35.9
SEALER-0061,20,00:20,35.4,33.9,34.7,35.2,35.2,35.1,35.1,35.4,36.2,35.3,34.9,35.6
SEALER-0061,21,00:21,34.5,34.1,35.7,35.1,34.1,35.5,34.5,34.4,35.2,34.9,34.6,35.0
SEALER-0061,22,00:22,34.5,34.7,35.4,34.6,34.9,35.4,34.9,35.5,34.5,34.6,35.4,34.8
SEALER-0061,23,00:23,36.2,35.1,35.0,34.8,34.8,35.1,35.2,36.4,35.2,35.5,34.7,35.5
SEALER-0061,24,00:24,34.5,34.3,34.7,35.2,35.8,35.6,34.9,35.3,34.8,34.5,35.6,33.8
SEALER-0061,25,00:25,35.4,36.1,34.9,35.2,34.4,35.5,35.6,35.3,34.2,35.2,36.2,35.7
SEALER-0061,26,00:26,34.8,34.2,35.1,35.3,35.1,34.6,35.4,35.0,35.9,35.5,35.9,35.1
SEALER-0061,27,00:27,34.5,35.4,36.4,34.5,35.7,34.7,34.0,34.8,34.5,35.6,34.4,35.0
SEALER-0061,28,00:28,35.1,34.9,35.7,34.5,34.9,35.1,34.9,35.8,34.7,35.6,35.5,35.5
SEALER-0061,29,00:29,34.6,34.8,35.0,35.9,35.6,34.6,35.8,35.5,34.6,34.7,34.7,35.4
SEALER-0061,30,00:30,35.1,35.9,34.8,34.1,35.1,34.4,35.1,35.8,35.4,35.2,35.0,35.0
SEALER-0061,31,00:31,34.6,34.3,35.5,36.0,34.5,36.0,34.8,34.8,34.5,34.8,34.6,35.8
SEALER-0061,32,00:32,35.1,35.2,35.5,34.8,34.6,34.9,34.3,34.9,35.4,35.8,34.7,34.9
SEALER-0061,33,00:33,35.3,34.2,36.0,35.3,34.4,35.1,35.1,35.3,34.2,35.5,34.3,35.4
SEALER-0061,34,00:34,34.9,34.9,36.2,35.8,35.0,36.1,34.9,36.7,35.1,35.9,34.7,34.6
SEALER-0061,35,00:35,34.8,34.8,35.7,35.1,34.6,35.4,35.4,34.7,35.5,34.5,36.3,35.6
SEALER-0061,36,00:36,35.1,34.9,34.6,34.7,35.3,35.0,35.1,33.8,35.2,34.9,35.5,35.3
SEALER-0061,37,00:37,34.1,34.7,35.8,36.0,35.4,35.0,35.6,34.4,35.7,35.4,35.3,35.3
SEALER-0061,38,00:38,35.0,35.2,35.6,35.1,35.9,35.2,35.5,35.0,36.0,35.5,35.4,34.1
SEALER-0061,39,00:39,35.4,34.6,35.9,35.7,34.1,35.3,35.4,35.3,35.3,35.2,34.5,34.7
SEALER-0061,40,00:40,34.7,35.7,34.7,35.4,34.4,34.9,35.3,34.8,34.8,35.1,35.8,34.8
SEALER-0061,41,00:41,34.7,35.5,35.6,35.3,35.4,34.7,35.2,34.6,35.6,35.5,35.0,34.4
SEALER-0061,42,00:42,34.6,35.0,34.3,35.1,34.8,34.8,35.4,34.5,36.3,35.1,35.2,34.7
SEALER-0061,43,00:43,34.1,35.2,34.9,35.1,34.7,36.2,34.3,34.8,35.0,35.8,35.5,35.6
SEALER-0061,44,00:44,34.1,36.2,35.1,34.9,34.9,35.4,34.9,35.8,34.9,35.0,35.4,35.3
SEALER-0061,45,00:45,36.2,35.0,35.2,34.8,36.0,34.9,35.4,34.9,35.1,34.8,34.8,35.0
SEALER-0061,46,00:46,34.7,34.2,34.6,35.0,35.2,35.0,34.8,35.5,35.2,35.2,36.1,34.6
SEALER-0061,47,00:47,35.8,35.5,35.4,36.3,35.5,34.4,34.9,35.9,35.5,35.6,35.1,35.5
SEALER-0061,48,00:48,35.6,35.0,35.7,35.4,34.9,36.0,34.8,34.3,34.7,35.7,36.1,34.2
SEALER-0061,49,00:49,36.0,34.9,35.8,34.8,35.3,35.5,35.3,34.5,35.2,34.7,35.2,35.6
SEALER-0061,50,00:50,34.2,35.2,35.7,36.0,34.1,35.9,34.3,34.7,36.0,34.6,35.3,34.6
SEALER-0061,51,00:51,36.3,35.4,35.1,35.8,34.6,34.2,35.5,34.7,34.9,34.5,35.6,34.9
SEALER-0061,52,00:52,34.7,35.7,34.8,35.6,34.0,35.6,34.3,35.1,35.2,35.4,34.4,34.9
SEALER-0061,53,00:53,35.4,35.1,35.3,35.3,35.1,34.2,34.7,34.1,34.3,35.6,35.7,34.6
SEALER-0061,54,00:54,35.6,35.5,36.0,35.1,35.3,34.6,34.2,35.0,35.3,35.7,34.5,35.3
SEALER-0061,55,00:55,35.4,35.7,35.0,35.4,34.8,34.5,33.6,34.5,35.0,35.3,36.1,34.9
SEALER-0061,56,00:56,35.2,34.2,34.5,35.1,35.4,36.0,35.5,35.6,35.6,34.2,36.1,35.5
SEALER-0061,57,00:57,35.9,35.0,35.9,35.5,34.6,33.9,34.8,34.9,36.1,34.7,35.7,35.4
SEALER-0061,58,00:58,35.5,34.8,35.7,35.1,35.6,34.7,35.6,34.6,33.9,35.1,35.6,35.7
SEALER-0061,59,00:59,35.5,35.8,35.1,34.3,34.6,34.8,34.9,33.9,36.4,35.8,36.1,35.6
SEALER-0061,60,01:00,35.0,35.1,35.9,35.5,35.2,35.7,35.7,35.0,34.8,35.1,34.8,35.5
SEALER-0061,61,01:01,34.9,35.6,35.6,35.0,35.1,34.9,36.1,35.1,35.0,35.6,35.2,35.3
SEALER-0061,62,01:02,35.2,35.2,35.5,34.5,35.7,35.0,34.8,34.7,35.4,36.7,35.3,35.8
SEALER-0061,63,01:03,34.6,35.7,35.7,35.1,33.9,34.1,35.7,35.5,35.9,35.4,35.0,35.6
SEALER-0061,64,01:04,35.4,35.4,36.1,34.8,35.0,34.7,35.6,34.9,35.1,35.2,35.0,35.0
SEALER-0061,65,01:05,34.8,35.7,34.5,35.7,36.1,36.3,35.6,35.4,35.3,36.0,35.4,36.0
SEALER-0061,66,01:06,35.4,35.2,35.8,36.0,34.5,35.6,35.3,34.7,35.6,36.2,36.0,35.0
SEALER-0061,67,01:07,35.0,35.3,35.9,35.2,34.9,35.8,35.1,35.2,35.5,35.4,35.8,35.6
SEALER-0061,68,01:08,35.2,36.3,35.9,35.6,36.6,35.1,35.1,34.9,36.4,35.7,35.7,34.6
SEALER-0061,69,01:09,35.8,36.4,36.3,35.6,35.1,35.5,34.6,36.1,36.1,35.4,35.0,35.5
SEALER-0061,70,01:10,35.7,35.4,36.3,35.3,35.6,34.5,35.0,34.8,36.0,36.2,36.0,36.0
SEALER-0061,71,01:11,35.6,35.0,35.2,35.7,35.8,35.0,35.5,34.8,36.4,34.7,36.3,35.5
SEALER-0061,72,01:12,35.6,35.8,34.9,35.0,35.3,35.5,34.8,35.2,35.2,36.1,36.2,34.9
SEALER-0061,73,01:13,35.5,35.0,35.9,35.6,34.4,35.3,35.5,36.6,35.9,35.8,34.9,34.9
SEALER-0061,74,01:14,35.9,34.8,35.1,36.4,35.0,35.4,34.7,35.6,36.0,35.5,35.3,35.7
SEALER-0061,75,01:15,34.8,35.7,35.8,35.3,35.2,35.5,35.1,34.7,35.7,35.5,35.5,35.0
SEALER-0061,76,01:16,35.2,35.9,35.6,35.6,34.3,35.2,35.3,35.1,36.1,36.2,35.6,35.6
SEALER-0061,77,01:17,35.6,36.3,36.0,36.0,35.8,35.7,34.7,35.7,34.8,36.2,35.8,36.2
SEALER-0061,78,01:18,35.0,35.9,35.8,36.0,35.6,36.0,35.0,35.6,36.1,35.9,36.2,35.5
SEALER-0061,79,01:19,36.5,35.3,36.1,35.1,35.4,36.3,35.4,34.8,36.6,35.6,36.1,35.0
SEALER-0061,80,01:20,35.6,35.8,36.0,35.6,34.9,35.4,35.4,34.9,35.9,35.3,36.4,35.3
SEALER-0061,81,01:21,35.3,36.2,36.7,35.7,35.3,35.5,35.5,35.8,36.2,35.9,36.4,36.2
SEALER-0061,82,01:22,35.4,36.0,36.4,35.6,35.3,34.7,35.8,34.2,36.1,35.9,35.7,36.3
SEALER-0061,83,01:23,36.2,36.1,35.3,35.8,34.5,34.9,34.5,35.2,35.4,36.3,35.7,35.1
SEALER-0061,84,01:24,36.6,35.8,34.9,36.2,35.2,35.2,35.8,34.9,36.9,36.8,35.4,35.3
SEALER-0061,85,01:25,35.4,36.2,36.4,36.3,35.1,35.4,34.8,35.1,36.2,36.5,36.7,35.5
SEALER-0061,86,01:26,35.2,35.0,36.3,35.9,35.4,35.9,35.9,35.6,35.7,37.2,35.7,34.9
SEALER-0061,87,01:27,35.5,35.2,36.7,36.0,35.7,35.3,35.9,35.6,35.8,37.3,36.2,35.9
SEALER-0061,88,01:28,36.3,36.3,36.4,35.2,35.5,35.7,35.3,35.2,37.3,36.5,35.3,35.4
SEALER-0061,89,01:29,35.3,35.7,36.4,35.8,35.7,35.8,35.9,35.8,36.0,36.7,36.2,36.0
SEALER-0061,90,01:30,35.4,36.5,37.3,36.2,34.9,35.5,35.9,35.7,36.8,36.5,35.7,36.0
SEALER-0061,91,01:31,35.5,35.8,35.8,36.1,35.9,35.3,35.1,36.5,35.5,36.7,35.9,35.4
SEALER-0061,92,01:32,35.6,36.2,37.9,35.3,35.9,34.9,35.3,35.6,36.6,37.3,35.2,36.1
SEALER-0061,93,01:33,36.6,36.6,36.9,36.8,35.2,35.6,35.8,35.2,36.6,36.8,36.8,35.5
SEALER-0061,94,01:34,35.8,36.4,35.7,36.8,35.5,35.5,35.1,35.6,37.0,36.8,35.9,35.5
SEALER-0061,95,01:35,36.6,35.6,36.5,36.6,35.7,35.7,35.2,36.2,36.0,37.4,36.6,35.8
SEALER-0061,96,01:36,35.3,36.6,36.9,37.1,35.8,35.4,35.5,34.9,36.7,37.5,36.8,35.7
SEALER-0061,97,01:37,35.6,37.3,37.0,35.8,35.4,35.1,36.1,35.6,37.2,37.0,36.0,35.1
SEALER-0061,98,01:38,35.8,36.8,37.2,36.6,35.2,35.5,35.7,34.9,37.0,37.9,36.4,35.3
SEALER-0061,99,01:39,36.5,35.9,37.4,36.2,36.0,35.6,34.2,35.7,36.4,37.5,36.4,35.2
SEALER-0061,100,01:40,36.8,36.9,37.9,36.5,36.4,36.2,35.6,36.0,35.8,36.8,36.1,34.5
SEALER-0061,101,01:41,36.3,36.4,37.0,36.4,35.6,35.7,34.6,34.7,36.5,36.6,35.8,35.2
SEALER-0061,102,01:42,36.2,36.6,36.8,35.6,35.0,35.1,36.5,36.3,36.8,37.8,36.2,36.2
SEALER-0061,103,01:43,36.7,38.1,37.9,36.5,35.4,36.3,35.4,35.0,37.5,36.0,36.6,35.0
SEALER-0061,104,01:44,35.9,37.5,36.8,37.7,35.9,35.4,35.7,35.5,37.8,37.3,37.2,35.5
SEALER-0061,105,01:45,36.5,37.0,36.5,37.4,35.9,36.3,36.1,35.1,37.0,37.1,37.6,35.7
SEALER-0061,106,01:46,36.3,37.8,37.7,38.2,35.5,34.6,35.3,36.4,36.9,37.7,36.1,35.4
SEALER-0061,107,01:47,36.2,37.5,37.8,36.9,36.5,35.4,35.3,36.0,36.2,39.0,36.8,35.8
SEALER-0061,108,01:48,36.7,36.9,37.9,37.4,35.1,36.5,35.6,35.7,37.6,37.6,36.9,36.3
SEALER-0061,109,01:49,35.7,36.9,37.4,37.4,35.8,35.6,35.7,35.5,37.0,38.2,37.1,36.0
SEALER-0061,110,01:50,37.1,37.0,37.4,37.2,35.5,35.5,35.6,36.5,38.3,37.7,37.4,37.0
SEALER-0061,111,01:51,36.7,37.4,38.1,37.5,35.4,35.2,35.3,36.1,37.2,37.6,37.0,35.7
SEALER-0061,112,01:52,36.4,37.5,37.2,36.4,35.8,35.3,35.5,35.9,38.0,38.7,37.0,36.3
SEALER-0061,113,01:53,36.6,37.2,37.6,37.2,37.0,35.9,35.5,35.4,37.7,38.0,36.4,35.4
SEALER-0061,114,01:54,34.9,37.8,37.7,37.1,36.4,36.0,35.1,36.3,37.5,39.0,36.8,36.4
SEALER-0061,115,01:55,37.2,37.2,38.3,37.2,36.4,35.7,35.3,35.8,37.9,38.1,36.9,35.2
SEALER-0061,116,01:56,36.8,37.1,37.9,37.0,36.4,36.3,35.5,35.6,37.7,38.3,37.7,35.6
SEALER-0061,117,01:57,36.2,37.3,38.6,38.0,36.1,35.1,35.5,36.4,38.6,37.9,37.8,35.8
SEALER-0061,118,01:58,37.3,37.6,39.1,37.8,36.1,35.9,35.7,36.9,38.6,38.1,38.7,36.8
SEALER-0061,119,01:59,36.2,37.5,39.0,37.1,36.5,35.4,36.3,36.2,38.7,38.2,37.9,35.8
SEALER-0061,120,02:00,37.2,38.3,39.5,38.0,36.1,35.6,35.7,36.0,38.4,39.6,37.6,36.8
SEALER-0061,121,02:01,36.4,37.5,39.2,38.4,36.2,36.8,35.8,36.0,38.3,39.0,37.8,36.2
SEALER-0061,122,02:02,36.9,37.5,39.8,38.4,35.5,36.3,37.0,36.2,38.3,39.3,38.3,36.5
SEALER-0061,123,02:03,36.7,38.1,37.9,38.3,36.1,36.6,35.8,36.5,38.8,39.8,38.1,37.3
SEALER-0061,124,02:04,37.0,37.9,38.6,38.1,36.1,36.0,36.9,36.3,38.7,39.5,38.0,36.2
SEALER-0061,125,02:05,35.4,38.5,40.2,38.9,36.4,35.8,35.7,37.1,38.6,39.7,38.1,36.6
SEALER-0061,126,02:06,37.6,38.0,40.3,38.3,35.9,35.6,36.5,36.2,39.5,39.1,38.2,37.7
SEALER-0061,127,02:07,37.2,38.4,39.2,38.5,36.9,36.5,37.1,36.6,38.0,39.5,37.9,35.5
SEALER-0061,128,02:08,37.3,39.2,39.4,38.7,37.4,36.1,37.0,36.2,38.2,39.3,38.9,36.4
SEALER-0061,129,02:09,37.1,39.0,40.2,38.7,36.6,36.2,36.4,37.0,38.8,39.7,37.4,36.5
SEALER-0061,130,02:10,37.1,38.9,40.1,38.9,36.6,36.2,36.9,36.3,39.2,40.6,38.5,37.1
SEALER-0061,131,02:11,38.0,38.6,40.9,39.0,36.7,35.6,35.9,36.5,38.6,40.9,39.1,37.6
SEALER-0061,132,02:12,37.7,38.9,40.3,39.1,36.9,36.3,37.6,36.9,39.5,40.3,39.6,37.4
SEALER-0061,133,02:13,38.2,38.9,39.9,38.8,36.8,36.4,36.6,36.2,39.9,40.7,38.9,37.5
SEALER-0061,134,02:14,37.4,39.6,40.3,39.9,36.9,35.6,36.9,37.0,39.2,41.2,39.9,37.3
SEALER-0061,135,02:15,38.4,39.0,41.4,38.8,37.5,36.6,37.0,37.1,40.1,41.6,38.9,37.3
SEALER-0061,136,02:16,38.6,39.6,41.3,40.0,36.3,36.4,37.7,37.3,39.9,41.3,39.7,37.3
SEALER-0061,137,02:17,37.3,39.4,41.7,40.1,37.3,36.1,37.8,36.8,40.1,41.1,40.4,37.7
SEALER-0061,138,02:18,38.3,40.2,42.4,39.8,36.7,36.8,36.7,37.4,40.7,42.6,40.4,36.8
SEALER-0061,139,02:19,38.7,39.8,41.9,40.3,38.6,36.9,37.0,37.7,40.5,41.8,39.8,37.7
SEALER-0061,140,02:20,39.0,39.6,42.2,41.2,37.7,36.8,36.0,36.7,41.0,42.2,41.0,36.8
SEALER-0061,141,02:21,38.9,40.4,41.6,41.3,37.2,37.8,37.1,36.7,41.8,41.8,40.4,37.6
SEALER-0061,142,02:22,38.5,39.5,41.9,40.9,38.0,37.2,37.4,38.2,41.6,42.1,40.2,38.2
SEALER-0061,143,02:23,38.2,40.5,43.0,41.2,37.8,38.0,36.5,38.3,42.3,41.8,40.8,39.2
SEALER-0061,144,02:24,38.4,40.9,42.2,41.2,37.2,36.7,37.3,37.6,41.4,42.5,40.8,38.6
SEALER-0061,145,02:25,38.8,40.8,42.9,42.1,37.4,37.3,37.5,36.8,41.4,42.5,42.2,37.9
SEALER-0061,146,02:26,39.5,40.8,44.0,41.8,37.5,36.3,36.3,37.5,41.8,43.3,41.7,38.6
SEALER-0061,147,02:27,39.2,41.6,44.1,42.7,37.6,37.3,38.2,38.1,42.2,43.0,42.3,38.4
SEALER-0061,148,02:28,40.0,42.1,43.5,42.1,36.9,37.3,37.3,37.2,42.8,43.8,42.1,38.5
SEALER-0061,149,02:29,39.6,42.4,44.9,42.3,38.6,37.2,36.5,37.9,43.0,43.7,42.5,37.8
SEALER-0061,150,02:30,40.0,41.7,43.9,43.0,38.2,36.4,37.8,37.9,41.9,43.8,41.7,38.7
SEALER-0061,151,02:31,40.7,42.3,44.4,42.5,39.1,37.4,38.5,38.0,43.0,44.8,41.4,38.9
SEALER-0061,152,02:32,41.4,42.0,46.0,43.9,37.6,37.2,37.1,38.1,43.0,45.7,43.6,39.7
SEALER-0061,153,02:33,39.9,41.9,45.7,44.1,38.3,38.2,38.3,38.3,42.7,45.7,43.1,39.6
SEALER-0061,154,02:34,39.8,42.4,45.5,43.7,39.0,37.0,37.9,38.4,43.9,44.3,42.8,39.4
SEALER-0061,155,02:35,41.0,43.2,45.3,43.1,38.6,37.9,38.4,38.7,44.2,45.9,43.5,39.3
SEALER-0061,156,02:36,40.1,42.7,45.4,43.7,39.1,37.9,38.5,38.8,43.4,46.0,44.2,40.1
SEALER-0061,157,02:37,40.3,43.2,46.2,44.3,39.1,38.0,37.9,38.8,44.5,46.6,44.3,39.4
SEALER-0061,158,02:38,40.7,44.1,46.9,45.1,38.8,38.3,38.3,38.8,44.9,46.3,44.1,39.7
SEALER-0061,159,02:39,41.5,44.3,47.1,44.4,39.2,38.4,37.5,39.5,45.1,46.4,44.8,39.9
SEALER-0061,160,02:40,40.8,44.2,47.3,46.2,39.9,38.4,39.2,39.2,44.9,46.7,44.2,40.1
SEALER-0061,161,02:41,42.0,45.9,47.8,44.4,39.1,38.7,38.8,38.4,46.3,47.8,44.9,39.9
SEALER-0061,162,02:42,41.9,45.3,48.6,45.6,40.1,38.6,38.3,39.0,47.1,47.8,45.2,41.3
SEALER-0061,163,02:43,42.5,44.9,48.1,46.0,39.6,39.1,38.8,39.4,46.8,48.3,45.4,40.0
SEALER-0061,164,02:44,42.0,45.1,49.1,45.7,40.2,38.2,39.0,39.7,46.3,48.7,45.7,41.2
SEALER-0061,165,02:45,42.9,44.7,49.5,46.4,39.8,39.4,39.5,41.2,47.0,49.0,46.3,40.9
SEALER-0061,166,02:46,42.6,46.7,50.2,45.9,40.6,38.4,39.3,39.3,47.0,49.0,46.1,41.5
SEALER-0061,167,02:47,43.7,45.2,50.4,47.7,40.8,38.9,38.9,39.6,47.6,49.5,47.0,41.4
SEALER-0061,168,02:48,43.5,46.2,50.9,47.1,39.9,38.5,39.6,40.9,47.2,49.8,46.6,42.5
SEALER-0061,169,02:49,43.2,46.3,51.4,47.6,41.2,39.4,40.3,40.2,49.0,50.2,47.7,41.3
SEALER-0061,170,02:50,43.5,47.0,51.0,48.3,40.6,39.1,39.4,40.4,48.4,50.5,47.4,42.3
SEALER-0061,171,02:51,44.4,47.9,52.5,48.1,41.6,39.8,40.1,40.6,49.4,50.4,47.9,41.9
SEALER-0061,172,02:52,44.5,47.0,51.8,48.8,40.5,40.1,40.2,41.9,49.5,50.5,48.2,42.0
SEALER-0061,173,02:53,44.5,47.9,52.5,48.1,41.5,39.8,40.3,40.7,50.7,52.6,48.5,42.2
SEALER-0061,174,02:54,44.5,48.8,53.3,49.6,42.1,39.8,40.0,41.7,51.1,53.1,49.0,43.1
SEALER-0061,175,02:55,45.0,48.6,53.4,49.4,42.6,40.6,39.5,40.4,50.7,52.4,48.8,44.0
SEALER-0061,176,02:56,46.3,48.9,53.5,50.7,42.1,40.4,40.3,41.8,51.4,53.6,49.3,43.4
SEALER-0061,177,02:57,45.4,49.1,53.5,49.6,42.1,40.5,41.2,42.7,51.4,54.1,50.1,43.9
SEALER-0061,178,02:58,45.7,49.2,54.8,51.2,43.4,40.3,40.2,42.2,52.4,53.5,50.3,43.1
SEALER-0061,179,02:59,45.9,50.3,55.0,50.7,42.9,41.2,40.9,43.8,51.9,53.9,50.4,44.2
SEALER-0061,180,03:00,46.5,49.9,56.0,51.6,42.9,41.0,42.2,42.0,53.4,54.5,50.8,45.3
SEALER-0061,181,03:01,46.8,51.3,56.5,52.9,43.1,40.9,42.2,42.4,53.2,55.4,51.2,45.0
SEALER-0061,182,03:02,46.7,51.2,56.5,52.2,42.1,40.9,41.9,42.9,54.2,55.3,51.9,46.0
SEALER-0061,183,03:03,47.2,51.8,56.3,53.1,43.2,42.3,42.3,43.9,53.8,56.1,52.4,45.1
SEALER-0061,184,03:04,47.7,52.1,58.2,53.4,44.7,41.6,41.8,43.0,54.8,56.5,52.1,45.9
SEALER-0061,185,03:05,48.4,52.0,57.8,52.6,44.1,42.4,42.9,43.7,55.6,58.0,53.6,46.8
SEALER-0061,186,03:06,48.3,54.3,57.4,53.6,44.0,42.7,42.9,43.3,55.7,57.1,53.8,45.6
SEALER-0061,187,03:07,49.0,54.3,58.5,54.3,44.8,42.9,43.6,44.2,56.4,57.7,53.7,46.6
SEALER-0061,188,03:08,50.0,53.6,60.3,55.0,44.6,43.4,43.8,45.0,56.7,57.1,53.9,46.1
SEALER-0061,189,03:09,49.2,54.8,60.5,55.3,45.9,43.5,43.5,44.1,57.2,58.5,55.8,48.1
SEALER-0061,190,03:10,49.9,55.1,61.0,56.0,45.3,43.4,44.4,44.9,58.2,58.9,55.5,48.1
SEALER-0061,191,03:11,50.2,54.6,60.4,55.8,45.0,43.4,44.6,45.6,58.0,60.3,55.3,48.0
SEALER-0061,192,03:12,51.0,55.7,62.2,57.0,46.2,44.0,44.9,45.3,59.3,59.8,56.8,48.8
SEALER-0061,193,03:13,50.8,55.1,62.4,57.0,46.6,43.8,45.0,46.2,58.9,61.2,57.4,48.2
SEALER-0061,194,03:14,52.5,56.7,62.7,55.9,46.1,44.6,45.7,46.6,59.8,60.8,57.5,49.1
SEALER-0061,195,03:15,52.2,56.8,64.0,57.8,46.4,44.1,45.5,46.8,59.3,62.1,57.8,49.4
SEALER-0061,196,03:16,52.3,57.1,63.8,58.2,46.7,44.1,44.7,47.0,61.2,62.9,58.5,48.7
SEALER-0061,197,03:17,53.2,57.4,64.7,58.5,47.3,43.8,45.2,46.7,61.0,61.7,59.2,49.7
SEALER-0061,198,03:18,53.4,58.3,64.6,60.2,47.7,45.5,46.2,48.5,61.7,62.0,58.9,51.1
SEALER-0061,199,03:19,54.4,57.7,65.8,59.5,47.6,45.6,46.9,47.5,62.2,64.3,60.1,50.3
SEALER-0061,200,03:20,54.4,59.2,66.0,60.6,49.2,44.8,46.4,47.6,62.4,63.7,60.6,51.0
SEALER-0061,201,03:21,54.4,58.9,66.4,60.7,48.2,46.0,45.9,48.9,63.2,64.3,61.3,50.8
SEALER-0061,202,03:22,54.9,59.0,66.7,62.4,49.2,46.2,47.0,48.4,64.0,65.4,61.0,51.3
SEALER-0061,203,03:23,56.3,60.1,67.5,61.7,49.3,45.6,47.5,49.6,64.8,65.3,62.7,51.7
SEALER-0061,204,03:24,56.2,60.7,67.9,61.7,50.0,47.9,47.4,49.1,66.0,66.7,62.5,53.1
SEALER-0061,205,03:25,55.7,61.7,68.9,62.7,49.9,46.9,48.1,49.8,65.8,66.4,62.9,53.1
SEALER-0061,206,03:26,57.3,60.9,69.4,63.0,50.5,47.2,48.5,50.7,66.0,66.6,64.7,53.0
SEALER-0061,207,03:27,57.4,62.4,68.7,62.8,51.2,48.8,49.6,51.4,66.9,67.9,63.9,54.0
SEALER-0061,208,03:28,57.8,62.6,69.8,64.0,52.3,48.6,49.7,52.0,66.0,68.2,64.2,54.1
SEALER-0061,209,03:29,57.6,63.0,70.8,64.9,52.5,48.4,49.7,51.4,67.2,68.6,65.9,54.0
SEALER-0061,210,03:30,58.4,63.2,71.7,64.9,52.9,49.7,49.0,52.6,69.1,68.9,65.4,55.1
SEALER-0061,211,03:31,58.8,64.0,71.8,65.4,53.3,49.9,50.9,53.1,68.4,68.8,66.3,54.9
SEALER-0061,212,03:32,59.6,63.9,71.7,65.3,53.7,50.5,51.6,53.0,68.3,69.5,66.5,55.5
SEALER-0061,213,03:33,60.3,64.8,72.4,65.8,53.7,50.3,51.4,53.1,69.9,69.8,67.9,57.5
SEALER-0061,214,03:34,61.0,65.2,73.1,66.7,54.8,51.0,52.0,53.9,69.3,70.4,67.9,56.4
SEALER-0061,215,03:35,61.7,65.7,74.1,67.0,55.2,52.0,51.9,53.5,71.4,70.6,69.0,56.8
SEALER-0061,216,03:36,61.5,66.9,74.3,66.2,55.4,51.4,52.5,54.1,71.6,71.7,68.9,57.7
SEALER-0061,217,03:37,61.8,67.4,75.1,68.3,56.0,51.4,53.1,54.8,71.4,72.0,69.0,57.7
SEALER-0061,218,03:38,62.1,67.1,75.4,68.5,56.4,51.7,53.4,54.3,73.1,72.6,70.9,59.0
SEALER-0061,219,03:39,63.6,67.9,75.9,68.7,56.6,51.5,54.5,55.8,72.8,72.9,71.2,57.8
SEALER-0061,220,03:40,63.8,68.1,76.7,69.8,57.2,51.3,54.0,55.3,73.3,74.9,71.4,59.5
SEALER-0061,221,03:41,64.2,67.9,77.1,69.7,57.6,53.2,53.6,57.3,73.3,73.5,70.6,59.5
SEALER-0061,222,03:42,65.0,69.2,77.2,69.9,58.0,54.0,55.0,57.5,74.8,74.1,72.4,60.8
SEALER-0061,223,03:43,65.9,69.1,78.3,71.0,58.3,54.3,55.5,57.5,75.2,74.8,72.7,60.9
SEALER-0061,224,03:44,66.7,68.8,78.3,69.9,59.3,54.2,54.8,57.5,75.0,75.5,73.0,60.9
SEALER-0061,225,03:45,67.1,69.9,79.2,71.9,58.7,55.1,55.3,58.8,76.6,75.6,73.2,61.2
SEALER-0061,226,03:46,67.8,71.5,79.5,71.5,59.7,55.7,57.1,58.4,76.6,75.7,74.2,61.8
SEALER-0061,227,03:47,67.2,71.6,80.7,71.8,60.5,54.9,56.8,59.4,76.6,76.2,74.7,63.0
SEALER-0061,228,03:48,68.8,71.0,80.7,72.5,61.4,57.3,57.4,58.8,76.8,76.3,75.7,63.1
SEALER-0061,229,03:49,67.9,72.5,81.4,72.7,61.7,56.8,58.1,60.1,77.5,77.4,75.6,63.3
SEALER-0061,230,03:50,69.4,72.8,81.4,73.6,61.7,57.3,57.8,61.1,79.1,77.4,76.6,64.1
SEALER-0061,231,03:51,69.7,73.8,82.1,74.3,63.2,57.7,59.1,60.5,78.9,77.6,77.3,64.8
SEALER-0061,232,03:52,70.1,74.1,82.1,75.9,63.3,59.0,58.4,61.2,78.7,78.4,77.0,65.1
SEALER-0061,233,03:53,71.0,73.5,83.1,75.4,64.3,58.8,60.1,61.8,79.6,78.7,77.0,66.3
SEALER-0061,234,03:54,71.2,75.1,83.3,75.3,64.5,59.2,60.7,61.9,79.9,80.0,78.0,65.2
SEALER-0061,235,03:55,72.2,74.4,83.2,76.1,65.1,60.9,59.2,62.6,81.0,79.5,78.5,66.5
SEALER-0061,236,03:56,73.0,75.8,83.9,77.0,65.8,60.0,61.4,64.0,81.9,78.8,79.8,66.9
SEALER-0061,237,03:57,72.9,75.8,83.7,75.3,65.1,60.8,61.5,63.6,81.4,79.9,79.0,67.0
SEALER-0061,238,03:58,73.0,76.3,85.1,76.9,66.2,61.6,62.0,63.5,82.0,80.9,79.8,68.0
SEALER-0061,239,03:59,74.2,76.3,85.1,77.5,66.2,61.6,62.7,64.2,82.5,80.8,80.3,68.2
SEALER-0061,240,04:00,74.3,76.0,84.7,76.9,67.2,62.1,62.3,65.0,83.2,81.1,80.5,68.3
SEALER-0061,241,04:01,74.6,76.7,85.9,77.9,68.3,61.8,63.8,65.4,83.5,82.3,81.1,69.5
SEALER-0061,242,04:02,75.1,77.1,86.8,77.6,67.5,62.8,64.1,66.0,83.4,81.9,82.1,69.2
SEALER-0061,243,04:03,75.8,77.2,86.0,78.7,68.1,63.9,65.2,66.9,84.5,82.6,82.5,69.6
SEALER-0061,244,04:04,76.9,79.3,87.3,78.9,69.6,64.6,64.6,67.1,84.3,81.8,81.9,70.1
SEALER-0061,245,04:05,77.3,78.0,87.0,79.3,70.7,65.6,65.8,67.3,85.0,81.5,83.0,71.6
SEALER-0061,246,04:06,77.9,78.2,87.8,79.9,71.0,65.1,65.3,67.8,85.1,84.0,82.6,71.3
SEALER-0061,247,04:07,77.7,79.1,88.2,79.9,71.7,65.6,66.1,69.0,85.8,82.6,83.2,71.3
SEALER-0061,248,04:08,78.6,78.8,88.3,80.6,71.1,65.8,66.1,69.3,85.4,84.3,84.1,72.6
SEALER-0061,249,04:09,78.6,79.5,88.2,80.6,72.6,67.8,67.3,69.7,86.3,83.3,84.2,72.4
SEALER-0061,250,04:10,78.5,79.9,88.3,80.4,72.9,67.0,68.2,69.6,88.0,83.5,85.0,73.1
SEALER-0061,251,04:11,79.3,80.2,88.9,80.4,72.7,67.5,67.5,70.1,87.3,83.7,84.7,72.8
SEALER-0061,252,04:12,80.4,79.6,89.5,81.2,72.9,68.6,68.7,71.7,87.7,84.3,85.6,74.2
SEALER-0061,253,04:13,79.7,81.0,90.4,81.4,73.7,68.3,69.5,71.7,87.8,84.5,86.2,73.9
SEALER-0061,254,04:14,80.5,81.6,89.6,81.4,75.5,69.5,70.3,72.6,88.2,84.8,87.2,74.2
SEALER-0061,255,04:15,81.3,81.3,90.6,82.2,75.5,70.4,70.1,72.3,88.1,85.4,87.3,75.2
SEALER-0061,256,04:16,82.0,81.5,90.4,82.2,76.2,69.7,71.5,73.0,89.3,85.2,86.5,75.8
SEALER-0061,257,04:17,82.1,81.6,91.4,82.4,75.6,69.9,71.3,73.2,89.6,84.9,86.8,75.8
SEALER-0061,258,04:18,82.6,81.6,90.4,81.9,75.7,70.4,72.1,72.7,89.4,85.3,87.9,76.5
SEALER-0061,259,04:19,83.2,82.6,91.8,83.6,76.0,71.0,72.3,74.2,89.5,85.7,87.7,76.2
SEALER-0061,260,04:20,82.6,81.8,91.3,82.8,76.9,71.1,73.3,74.4,90.3,86.4,88.5,77.2
SEALER-0061,261,04:21,83.2,82.9,91.6,83.9,77.8,72.1,73.1,75.1,90.9,86.2,88.7,76.8
SEALER-0061,262,04:22,84.0,83.0,92.3,83.1,78.5,72.6,73.6,74.5,90.4,85.9,88.7,78.5
SEALER-0061,263,04:23,84.9,82.0,92.3,84.2,78.2,73.2,74.6,75.4,90.6,85.8,89.4,77.7
SEALER-0061,264,04:24,85.0,83.4,92.7,83.7,79.2,74.3,74.1,75.3,91.5,86.3,90.2,77.3
SEALER-0061,265,04:25,85.5,83.3,92.9,83.5,80.0,73.9,74.5,75.7,92.1,87.3,88.9,78.1
SEALER-0061,266,04:26,85.0,83.4,92.8,84.4,80.3,75.1,74.9,76.8,91.1,87.6,90.2,79.3
SEALER-0061,267,04:27,86.1,84.8,93.0,84.3,80.5,74.9,75.6,77.2,92.4,87.5,90.2,80.1
SEALER-0061,268,04:28,85.6,83.4,94.3,85.0,81.8,74.6,75.8,77.5,92.2,88.3,91.0,79.3
SEALER-0061,269,04:29,86.6,83.6,93.3,84.0,81.9,77.3,75.8,77.4,91.7,88.2,90.6,79.3
SEALER-0061,270,04:30,86.8,84.2,93.1,84.6,81.5,76.8,75.3,77.4,92.7,88.4,90.6,79.7
SEALER-0061,271,04:31,87.2,84.3,94.4,85.2,82.3,76.5,77.4,78.5,92.3,88.0,90.5,80.5
SEALER-0061,272,04:32,86.4,84.5,94.3,84.6,83.7,77.0,77.1,78.7,92.4,88.1,91.2,80.2
SEALER-0061,273,04:33,87.6,85.0,93.9,85.9,83.1,77.2,77.3,79.4,92.6,88.9,90.8,80.7
SEALER-0061,274,04:34,88.1,85.4,94.4,85.1,84.0,78.3,78.7,79.8,93.3,88.7,91.6,81.4
SEALER-0061,275,04:35,89.3,85.8,94.6,86.0,82.2,78.3,79.3,79.1,95.1,88.9,92.2,82.2
SEALER-0061,276,04:36,88.1,85.6,94.8,85.8,84.8,78.4,79.0,80.9,94.6,88.7,91.9,81.7
SEALER-0061,277,04:37,88.4,85.4,95.0,86.2,85.2,79.1,79.5,80.3,94.6,89.4,92.7,82.3
SEALER-0061,278,04:38,89.2,86.4,94.4,86.7,84.7,79.3,79.6,80.1,94.5,89.1,92.1,81.7
SEALER-0061,279,04:39,89.0,86.4,94.5,86.0,85.7,80.2,80.3,80.9,95.6,89.6,93.4,82.2
SEALER-0061,280,04:40,89.0,86.5,94.4,86.6,86.4,80.3,80.7,81.0,94.8,89.3,91.5,83.2
SEALER-0061,281,04:41,89.1,86.1,95.6,87.5,86.4,80.9,80.2,81.1,95.2,90.0,93.0,83.2
SEALER-0061,282,04:42,88.8,87.6,96.7,87.3,86.7,80.6,80.8,82.1,95.0,90.9,93.1,83.4
SEALER-0061,283,04:43,89.8,86.5,95.5,87.2,86.6,80.4,81.5,81.9,95.0,89.3,93.8,83.7
SEALER-0061,284,04:44,90.1,86.8,96.4,87.0,86.7,82.2,82.1,83.1,95.1,89.6,93.9,83.9
SEALER-0061,285,04:45,90.6,86.8,95.9,87.7,87.4,81.3,81.7,83.1,94.7,89.8,93.4,84.1
SEALER-0061,286,04:46,91.6,87.5,96.4,88.2,87.0,82.3,82.3,83.0,95.1,90.3,93.8,83.5
SEALER-0061,287,04:47,91.1,87.4,97.0,87.9,88.3,82.4,82.7,82.8,95.1,89.9,94.1,84.9
SEALER-0061,288,04:48,90.6,87.8,96.4,86.9,88.5,82.0,82.9,83.0,96.2,91.0,93.1,85.7
SEALER-0061,289,04:49,91.1,87.4,96.8,87.6,88.7,83.1,83.5,83.4,95.5,91.0,94.2,85.3
SEALER-0061,290,04:50,91.7,87.4,96.5,87.6,89.6,83.3,83.4,84.3,95.1,91.0,94.4,84.8
SEALER-0061,291,04:51,92.2,88.1,97.2,87.2,89.3,84.0,83.4,84.6,95.3,90.5,93.9,84.8
SEALER-0061,292,04:52,93.2,88.3,97.5,89.1,89.3,84.5,83.9,84.5,96.7,92.2,94.5,84.3
SEALER-0061,293,04:53,92.1,87.3,97.3,88.3,90.0,85.4,84.5,84.7,96.3,90.6,94.4,85.8
SEALER-0061,294,04:54,91.9,88.4,97.8,88.0,89.6,84.0,85.1,83.7,95.9,91.1,95.3,85.5
SEALER-0061,295,04:55,92.7,88.0,97.2,88.2,89.6,84.3,85.2,85.3,96.5,91.6,95.2,85.2
SEALER-0061,296,04:56,92.9,87.7,97.5,88.4,90.4,84.4,84.2,84.9,96.8,91.0,94.2,86.1
SEALER-0061,297,04:57,91.7,89.2,96.6,88.0,90.2,85.5,84.6,84.9,97.0,91.1,95.1,85.8
SEALER-0061,298,04:58,93.7,88.7,96.6,88.2,90.6,85.5,85.0,85.6,97.9,91.0,95.9,86.1
SEALER-0061,299,04:59,93.4,88.3,97.7,89.7,91.0,86.0,86.4,85.7,97.2,90.6,96.1,86.3
SEALER-0061,300,05:00,93.6,89.0,98.2,88.8,92.0,86.4,85.6,85.4,96.6,90.3,95.4,87.1
SEALER-0061,301,05:01,94.0,89.4,98.1,88.5,91.6,86.2,86.8,86.0,96.8,91.8,96.1,86.6
SEALER-0061,302,05:02,94.1,88.5,98.6,89.2,92.7,86.1,87.2,86.9,96.9,90.4,96.1,85.8
SEALER-0061,303,05:03,94.5,88.7,98.0,88.7,92.3,86.4,85.6,85.5,96.9,90.8,95.8,87.6
SEALER-0061,304,05:04,93.7,89.0,97.9,89.3,92.8,86.1,86.3,86.5,97.0,90.6,95.0,87.4
SEALER-0061,305,05:05,94.1,88.6,97.8,89.8,92.5,86.9,87.2,86.8,98.2,92.0,96.6,87.5
SEALER-0061,306,05:06,94.4,88.9,97.5,89.7,92.8,87.7,86.7,86.5,97.6,91.8,96.3,87.4
SEALER-0061,307,05:07,94.3,88.3,98.9,89.3,92.6,86.9,87.0,87.3,97.6,91.5,96.2,87.4
SEALER-0061,308,05:08,93.9,88.9,98.0,88.6,92.2,86.9,87.2,87.3,96.9,92.4,95.5,87.1
SEALER-0061,309,05:09,93.8,89.8,97.2,89.4,93.8,88.5,87.1,87.5,97.9,91.2,96.8,87.4
SEALER-0061,310,05:10,94.2,88.7,99.0,88.7,93.6,87.0,88.3,87.6,97.8,91.7,95.3,87.7
SEALER-0061,311,05:11,94.3,88.4,98.5,88.9,93.7,89.3,88.6,87.3,98.1,91.8,95.9,88.2
SEALER-0061,312,05:12,95.0,88.6,98.1,89.5,93.8,88.2,87.6,88.1,98.8,92.2,96.2,88.3
SEALER-0061,313,05:13,94.8,89.2,99.6,89.4,95.2,88.5,88.7,87.4,97.8,92.9,97.2,88.4
SEALER-0061,314,05:14,95.3,89.3,99.4,89.8,93.8,88.7,89.8,88.7,97.5,91.9,96.9,88.3
SEALER-0061,315,05:15,95.1,90.0,98.1,88.7,93.5,88.9,88.1,88.2,98.6,90.6,96.7,88.7
SEALER-0061,316,05:16,96.3,89.4,97.8,90.2,93.6,89.6,89.5,89.1,98.3,91.6,97.4,88.2
SEALER-0061,317,05:17,94.7,89.6,98.5,90.4,94.3,89.8,88.1,88.7,98.4,92.0,96.7,88.6
SEALER-0061,318,05:18,95.5,89.2,98.4,90.2,93.9,89.4,89.3,88.9,99.0,92.3,97.1,89.7
SEALER-0061,319,05:19,95.1,89.6,99.8,89.7,94.8,89.0,88.3,88.0,99.0,91.8,96.8,88.3
SEALER-0061,320,05:20,95.0,89.6,99.0,88.8,94.4,90.1,88.9,88.7,98.3,92.3,96.6,89.6
SEALER-0061,321,05:21,95.0,90.0,98.3,90.4,94.1,89.6,89.7,90.0,98.8,91.5,97.8,88.2
SEALER-0061,322,05:22,95.9,90.0,99.3,89.3,95.7,89.5,89.4,88.6,98.3,92.6,97.4,88.7
SEALER-0061,323,05:23,96.9,90.8,99.3,89.5,96.0,90.6,89.4,89.3,98.1,91.8,97.3,88.9
SEALER-0061,324,05:24,96.5,89.1,98.5,89.8,96.4,90.3,90.1,89.3,98.3,92.1,97.5,88.7
SEALER-0061,325,05:25,95.9,90.4,98.5,89.8,95.6,89.9,89.5,89.4,99.6,92.1,97.8,88.7
SEALER-0061,326,05:26,96.0,91.1,99.3,90.5,95.4,91.4,90.0,89.5,99.6,92.2,97.6,89.2
SEALER-0061,327,05:27,96.0,90.5,99.1,90.5,96.3,91.0,89.9,89.7,98.0,92.8,97.4,89.6
SEALER-0061,328,05:28,96.5,89.5,99.6,90.6,95.9,90.5,89.1,89.5,98.2,92.5,98.0,88.7
SEALER-0061,329,05:29,96.0,89.7,99.5,90.4,96.4,90.6,90.4,89.8,99.0,91.7,97.8,90.0
SEALER-0061,330,05:30,96.3,89.3,99.2,89.4,96.1,90.9,90.1,89.2,99.6,92.5,96.9,89.5
SEALER-0061,331,05:31,96.1,89.1,99.9,90.2,95.5,92.3,91.4,89.0,99.4,92.9,97.4,89.9
SEALER-0061,332,05:32,97.3,89.5,99.6,90.7,97.2,92.0,90.7,89.6,99.6,93.0,96.9,89.5
SEALER-0061,333,05:33,96.3,90.1,98.4,89.7,95.7,90.7,90.7,90.4,99.0,92.7,97.7,88.8
SEALER-0061,334,05:34,96.2,89.4,99.8,91.1,96.4,91.5,90.4,89.2,98.5,92.2,97.0,89.7
SEALER-0061,335,05:35,96.1,90.1,97.9,89.8,96.5,90.3,91.1,89.2,99.1,92.6,97.2,88.7
SEALER-0061,336,05:36,97.1,90.6,99.0,90.6,96.6,92.3,90.0,90.8,98.6,92.6,97.7,90.4
SEALER-0061,337,05:37,97.4,90.7,99.5,89.7,97.8,91.8,90.6,91.0,99.7,91.9,97.8,89.3
SEALER-0061,338,05:38,96.8,89.5,99.5,90.8,96.8,91.7,90.3,89.9,99.5,92.9,97.4,89.0
SEALER-0061,339,05:39,96.5,90.5,98.9,90.2,96.0,92.1,91.3,90.0,99.0,92.2,98.2,90.6
SEALER-0061,340,05:40,96.7,91.0,99.3,90.8,96.0,91.4,91.3,90.5,99.3,91.9,97.4,89.9
SEALER-0061,341,05:41,96.8,89.7,100.5,90.0,96.2,91.5,90.5,89.2,99.2,92.0,97.6,90.6
SEALER-0061,342,05:42,96.3,90.2,99.5,89.8,96.8,92.6,91.9,90.3,99.2,93.5,97.9,89.9
SEALER-0061,343,05:43,97.1,90.4,99.8,89.5,97.0,91.9,91.6,90.5,99.0,92.6,98.0,89.9
SEALER-0061,344,05:44,96.7,90.4,98.4,90.3,97.3,92.8,91.4,89.7,99.3,93.1,98.6,89.6
SEALER-0061,345,05:45,97.2,90.7,100.0,90.8,96.3,92.5,91.2,90.6,99.3,93.2,98.1,90.4
SEALER-0061,346,05:46,96.4,90.2,98.8,90.7,97.1,92.1,90.9,91.1,98.8,93.4,97.6,90.0
SEALER-0061,347,05:47,97.1,90.2,100.2,90.1,97.8,92.6,91.7,90.9,98.8,93.9,97.9,91.3
SEALER-0061,348,05:48,96.5,91.0,99.9,90.8,97.1,92.5,90.9,90.6,98.6,92.8,97.5,90.9
SEALER-0061,349,05:49,96.5,90.9,100.0,91.0,97.0,92.4,91.4,91.1,99.9,93.6,97.9,90.4
SEALER-0061,350,05:50,97.5,90.4,98.6,91.3,96.9,92.6,90.8,91.1,98.6,92.2,98.1,90.0
SEALER-0061,351,05:51,97.4,90.6,99.1,91.3,97.3,92.5,92.1,90.6,100.1,92.0,98.1,90.3
SEALER-0061,352,05:52,96.5,91.0,98.9,91.2,96.9,93.0,92.2,90.3,100.3,93.0,98.6,90.1
SEALER-0061,353,05:53,97.4,90.5,99.9,90.7,98.0,92.0,91.9,91.1,99.2,92.4,97.8,89.9
SEALER-0061,354,05:54,96.9,90.0,99.3,91.3,97.9,92.3,92.7,90.7,99.2,92.4,97.3,91.0
SEALER-0061,355,05:55,96.7,90.2,99.9,90.0,96.9,92.8,90.3,91.8,99.8,93.0,98.6,91.5
SEALER-0061,356,05:56,98.7,91.5,99.6,90.4,97.3,91.8,91.7,91.3,99.2,92.7,98.1,90.7
SEALER-0061,357,05:57,97.6,91.2,99.9,90.2,97.6,93.3,92.3,90.5,99.3,92.4,98.3,90.9
SEALER-0061,358,05:58,97.7,91.6,99.8,90.4,98.3,93.9,91.4,91.3,98.6,93.7,98.9,90.3
SEALER-0061,359,05:59,96.4,90.3,99.8,91.2,98.4,93.6,92.3,91.6,100.6,94.0,97.7,91.2
SEALER-0061,360,06:00,97.1,90.3,98.8,90.5,97.5,93.3,92.3,91.1,99.4,92.4,98.5,90.6
SEALER-0061,361,06:01,97.9,91.1,98.6,90.7,98.0,92.8,92.8,90.7,99.3,91.9,98.5,90.9
SEALER-0061,362,06:02,98.1,91.1,99.5,90.2,98.3,93.3,92.0,90.8,100.0,93.5,98.1,90.7
SEALER-0061,363,06:03,97.8,90.5,100.2,90.4,97.3,93.1,91.9,92.0,99.4,94.0,97.7,90.9
SEALER-0061,364,06:04,97.6,91.1,99.9,90.4,97.9,93.0,92.5,91.7,99.3,92.7,97.9,91.0
SEALER-0061,365,06:05,97.9,90.9,100.8,90.5,97.7,92.8,92.6,90.7,100.4,92.7,97.7,90.6
SEALER-0061,366,06:06,98.3,91.3,99.2,90.8,98.0,93.0,92.3,91.8,99.5,92.7,98.3,91.0
SEALER-0061,367,06:07,98.3,90.7,99.2,90.2,98.5,93.0,92.6,91.0,99.8,94.5,99.2,90.6
SEALER-0061,368,06:08,98.0,90.8,98.9,90.5,97.8,92.5,91.4,91.6,100.6,92.3,98.0,90.6
SEALER-0061,369,06:09,98.2,91.1,99.3,91.0,97.7,93.1,92.2,91.4,99.8,93.5,98.6,91.0
SEALER-0061,370,06:10,98.2,90.7,100.1,90.3,98.6,93.0,91.7,91.8,99.5,92.8,98.5,91.3
SEALER-0061,371,06:11,97.7,90.7,99.5,90.9,96.9,92.3,92.2,92.2,99.8,93.1,99.0,90.9
SEALER-0061,372,06:12,97.8,90.8,100.0,90.8,98.4,93.4,92.2,91.9,99.6,93.2,98.1,92.1
SEALER-0061,373,06:13,97.7,91.2,99.0,91.6,98.3,93.6,92.6,90.7,99.6,92.8,97.6,91.5
SEALER-0061,374,06:14,97.4,90.9,99.7,91.1,98.6,93.1,92.3,91.8,100.1,92.8,97.7,90.3
SEALER-0061,375,06:15,97.1,90.9,99.4,91.4,98.0,93.4,92.9,92.0,100.0,93.5,97.9,91.0
SEALER-0061,376,06:16,97.6,91.1,99.9,91.0,98.7,93.5,92.4,91.7,99.8,93.2,98.5,90.6
SEALER-0061,377,06:17,97.4,91.9,99.0,91.4,97.7,93.0,91.7,90.9,99.8,92.6,99.0,90.7
SEALER-0061,378,06:18,98.1,90.8,99.8,90.8,97.6,93.3,93.0,92.0,99.3,92.8,97.9,90.9
SEALER-0061,379,06:19,97.7,90.6,100.5,91.9,98.5,93.5,92.5,92.2,100.1,93.1,97.8,91.1
SEALER-0061,380,06:20,97.2,90.5,100.2,91.6,98.7,92.7,92.5,91.6,99.8,93.4,98.0,91.1
SEALER-0061,381,06:21,97.9,90.2,100.0,91.2,97.8,93.3,93.1,90.9,99.8,95.5,98.5,90.0
SEALER-0061,382,06:22,98.5,90.6,99.3,90.9,97.9,93.2,93.1,91.0,99.9,97.7,98.5,92.1
SEALER-0061,383,06:23,97.6,91.5,100.1,90.7,98.4,93.4,93.2,92.0,99.6,97.8,97.7,90.9
SEALER-0061,384,06:24,97.7,91.1,102.5,90.9,97.9,94.1,93.6,91.2,100.5,98.0,97.7,90.8
SEALER-0061,385,06:25,98.1,91.3,104.5,90.9,98.7,93.5,91.8,90.9,99.7,99.1,99.0,91.1
SEALER-0061,386,06:26,98.1,91.1,105.2,90.8,98.7,92.8,93.0,91.2,99.9,99.7,98.8,92.0
SEALER-0061,387,06:27,98.2,90.3,105.1,93.4,99.0,93.0,92.8,92.9,99.2,99.9,99.0,91.5
SEALER-0061,388,06:28,97.6,91.3,106.7,94.9,98.2,94.2,93.5,92.1,99.3,101.3,98.6,91.5
SEALER-0061,389,06:29,97.2,91.2,107.1,95.4,99.6,93.5,93.0,92.2,100.9,101.4,98.0,92.0
SEALER-0061,390,06:30,98.2,93.0,107.9,96.1,98.8,92.8,93.2,92.4,102.0,101.1,98.5,91.2
SEALER-0061,391,06:31,97.6,94.0,107.3,96.5,98.2,93.3,92.8,92.3,104.2,102.3,99.4,90.9
SEALER-0061,392,06:32,98.0,95.1,108.2,97.0,98.3,94.4,93.0,92.0,105.6,102.9,98.3,91.2
SEALER-0061,393,06:33,97.9,96.2,109.6,97.1,97.5,93.8,93.3,91.8,105.6,103.1,100.9,91.5
SEALER-0061,394,06:34,98.5,96.5,110.0,97.5,97.9,94.2,93.9,90.7,106.6,103.3,103.1,90.8
SEALER-0061,395,06:35,97.1,97.9,109.5,98.7,98.6,94.4,92.5,92.1,107.1,103.5,103.4,91.2
SEALER-0061,396,06:36,97.5,97.4,109.8,99.2,98.4,94.2,92.6,91.6,107.4,103.5,104.4,91.8
SEALER-0061,397,06:37,97.6,98.5,111.7,99.6,97.6,94.0,92.3,92.0,107.8,104.8,105.6,91.3
SEALER-0061,398,06:38,98.0,98.4,110.6,99.6,97.8,93.7,92.8,92.4,109.1,104.8,106.0,90.6
SEALER-0061,399,06:39,98.2,99.4,112.5,100.4,98.7,93.4,93.2,91.4,108.8,105.5,105.9,90.6
SEALER-0061,400,06:40,97.6,99.2,111.6,100.9,99.1,93.5,93.2,91.8,109.1,104.8,106.2,90.5
SEALER-0061,401,06:41,98.1,100.0,112.7,100.3,98.0,93.3,93.0,92.2,109.6,105.9,107.1,91.4
SEALER-0061,402,06:42,97.3,99.5,111.9,101.4,99.5,94.1,92.7,91.2,109.7,106.0,107.0,90.9
SEALER-0061,403,06:43,98.3,99.9,112.3,101.9,98.3,94.1,92.4,91.6,110.5,105.4,107.6,91.8
SEALER-0061,404,06:44,97.6,100.5,113.4,101.9,97.8,93.4,93.3,91.5,111.5,106.6,108.8,91.0
SEALER-0061,405,06:45,97.7,99.9,113.0,101.5,99.8,93.1,92.2,91.8,111.4,107.3,109.0,91.3
SEALER-0061,406,06:46,101.2,101.7,113.2,101.8,98.3,94.9,92.0,91.6,112.0,106.1,108.0,90.5
SEALER-0061,407,06:47,102.8,102.9,114.6,103.5,97.8,94.3,92.8,91.1,112.5,107.5,109.3,91.1
SEALER-0061,408,06:48,102.0,102.7,114.7,103.2,98.9,94.8,92.5,91.8,112.1,108.1,109.2,90.7
SEALER-0061,409,06:49,103.1,102.8,114.2,103.4,98.9,94.1,93.3,92.6,113.1,107.5,109.8,93.5
SEALER-0061,410,06:50,103.3,102.2,114.6,102.9,97.9,93.7,93.8,92.0,113.3,107.4,111.1,95.9
SEALER-0061,411,06:51,105.2,102.6,114.9,103.9,99.0,93.8,92.9,91.8,113.2,107.5,110.8,95.2
SEALER-0061,412,06:52,106.0,102.4,115.2,103.9,98.6,94.4,93.1,91.8,113.4,108.7,111.3,95.8
SEALER-0061,413,06:53,106.6,104.4,114.7,104.0,98.7,93.7,93.6,91.9,114.3,108.9,111.0,97.3
SEALER-0061,414,06:54,105.5,104.4,116.6,104.8,99.0,94.6,92.9,90.7,115.9,109.3,112.3,97.4
SEALER-0061,415,06:55,107.5,103.5,116.1,104.5,98.3,94.2,93.6,92.6,114.7,109.3,112.0,98.5
SEALER-0061,416,06:56,106.9,103.8,115.2,105.0,98.9,93.1,91.8,91.3,114.6,109.6,112.6,99.0
SEALER-0061,417,06:57,107.8,105.3,117.1,106.8,98.6,94.4,92.4,95.3,114.5,109.4,112.5,98.6
SEALER-0061,418,06:58,108.7,104.3,117.4,106.6,99.1,93.7,92.6,95.6,115.5,109.8,114.2,100.1
SEALER-0061,419,06:59,107.6,105.3,116.9,105.8,98.2,94.2,93.8,95.8,116.4,110.2,113.2,100.5
SEALER-0061,420,07:00,109.4,105.6,117.7,106.1,101.4,93.7,92.9,96.6,116.4,110.0,113.7,101.0
SEALER-0061,421,07:01,109.8,106.2,118.3,107.2,102.0,93.9,92.9,99.1,115.1,110.0,114.0,100.7
SEALER-0061,422,07:02,109.5,105.7,118.3,106.6,104.2,93.8,93.8,99.0,117.1,110.5,114.1,101.2
SEALER-0061,423,07:03,110.5,106.6,118.5,106.7,104.3,93.3,95.5,98.5,117.0,109.8,114.1,101.6
SEALER-0061,424,07:04,110.1,106.7,118.3,107.9,105.6,93.7,97.4,99.8,117.3,110.8,115.1,102.3
SEALER-0061,425,07:05,110.9,106.7,118.2,106.8,105.6,94.6,98.9,100.2,116.7,111.4,115.3,102.4
SEALER-0061,426,07:06,110.2,106.0,119.0,107.0,106.6,97.9,97.9,100.2,117.1,110.7,115.0,102.3
SEALER-0061,427,07:07,111.8,107.5,119.0,107.1,107.3,97.5,99.3,99.2,118.1,111.1,114.4,102.6
SEALER-0061,428,07:08,111.5,107.3,118.7,108.9,107.4,98.9,100.5,100.9,118.0,111.7,116.0,102.2
SEALER-0061,429,07:09,112.1,107.5,119.3,108.5,107.8,99.2,100.6,101.4,117.9,112.4,115.8,103.6
SEALER-0061,430,07:10,111.6,107.7,119.9,109.4,107.9,99.9,100.5,101.2,118.9,113.0,115.9,103.6
SEALER-0061,431,07:11,112.3,107.3,119.6,108.3,108.9,100.2,101.2,101.9,118.6,112.3,115.8,103.6
SEALER-0061,432,07:12,112.0,108.8,119.6,108.5,109.9,101.0,101.2,101.6,118.3,112.2,116.5,103.4
SEALER-0061,433,07:13,113.4,108.4,121.0,109.5,109.5,101.5,102.1,102.1,119.0,112.4,116.9,103.7
SEALER-0061,434,07:14,113.3,108.3,120.2,109.2,109.9,102.4,102.3,103.1,120.5,112.7,117.3,103.3
SEALER-0061,435,07:15,113.0,108.4,120.7,108.5,110.0,103.0,102.4,103.8,119.2,112.4,117.2,105.0
SEALER-0061,436,07:16,114.1,108.7,120.5,109.7,110.7,102.9,102.7,103.9,120.1,113.9,116.6,104.8
SEALER-0061,437,07:17,113.0,109.8,121.2,109.8,111.1,103.1,103.7,103.8,120.1,113.8,118.1,105.6
SEALER-0061,438,07:18,113.5,109.0,121.3,109.4,111.4,104.4,103.7,104.0,120.3,113.5,117.4,106.5
SEALER-0061,439,07:19,115.0,109.0,121.6,110.5,112.3,104.0,103.7,104.6,120.4,114.1,118.7,105.4
SEALER-0061,440,07:20,114.6,109.7,122.1,110.2,111.5,104.1,104.4,104.9,120.6,113.4,117.9,106.3
SEALER-0061,441,07:21,114.8,110.3,121.9,110.4,112.5,103.9,103.4,104.6,119.8,113.8,119.0,106.0
SEALER-0061,442,07:22,114.9,109.8,121.7,110.5,111.4,104.4,105.1,106.5,120.5,114.7,118.7,106.8
SEALER-0061,443,07:23,115.4,110.9,121.4,110.6,113.0,105.6,105.1,105.0,120.4,114.0,118.5,107.1
SEALER-0061,444,07:24,116.2,110.2,122.7,111.6,113.0,105.6,105.8,106.1,121.4,114.7,118.6,107.3
SEALER-0061,445,07:25,114.9,110.7,122.5,110.4,113.1,107.0,105.6,106.4,123.1,114.0,119.1,107.0
SEALER-0061,446,07:26,115.1,110.5,122.3,111.0,113.0,106.1,106.0,105.9,122.0,114.7,118.7,107.4
SEALER-0061,447,07:27,115.7,111.0,123.6,111.7,113.5,106.2,106.3,106.8,121.1,114.1,119.5,108.5
SEALER-0061,448,07:28,115.6,111.5,122.6,112.9,113.7,106.9,107.2,106.9,121.6,115.7,119.4,108.1
SEALER-0061,449,07:29,116.9,110.7,122.5,111.6,114.3,107.1,108.1,107.2,122.6,115.3,119.8,107.8
SEALER-0061,450,07:30,117.2,111.7,124.4,111.5,114.9,109.0,106.7,107.3,122.6,115.2,120.2,107.6
SEALER-0061,451,07:31,116.9,112.3,123.4,111.7,114.7,108.1,106.8,107.0,122.8,115.5,120.4,108.7
SEALER-0061,452,07:32,116.8,111.5,124.1,112.3,114.7,108.4,107.2,108.2,122.6,116.2,120.3,108.6
SEALER-0061,453,07:33,117.1,111.6,123.9,111.9,115.0,108.1,108.4,108.0,123.6,116.4,120.7,109.6
SEALER-0061,454,07:34,117.1,112.5,123.5,112.9,114.0,108.3,107.9,108.9,123.0,116.9,121.8,108.4
SEALER-0061,455,07:35,118.3,111.8,124.4,112.5,115.4,108.8,108.8,108.7,123.8,115.7,120.6,109.1
SEALER-0061,456,07:36,118.4,112.0,124.6,112.1,115.6,109.2,109.3,109.4,123.4,116.0,121.7,110.5
SEALER-0061,457,07:37,118.4,112.3,124.4,113.0,116.2,109.6,109.3,108.8,124.5,116.5,120.8,109.9
SEALER-0061,458,07:38,119.3,112.8,125.1,114.6,117.1,109.7,109.2,109.2,123.6,116.6,121.3,110.3
SEALER-0061,459,07:39,119.6,112.7,125.3,113.2,116.5,109.9,109.6,109.4,123.9,116.3,122.5,111.0
SEALER-0061,460,07:40,119.2,112.4,125.3,112.9,117.1,110.2,110.1,109.4,124.5,117.2,122.2,111.2
SEALER-0061,461,07:41,119.7,113.1,125.6,113.6,116.6,110.2,110.1,109.8,124.5,117.1,121.8,110.3
SEALER-0061,462,07:42,119.2,113.5,125.0,113.6,117.1,110.4,110.5,111.0,123.9,116.9,122.2,110.5
SEALER-0061,463,07:43,119.8,112.0,125.6,113.7,116.5,110.0,110.7,110.0,125.1,117.7,122.6,111.0
SEALER-0061,464,07:44,119.4,114.2,126.0,113.2,118.0,109.8,110.2,111.8,125.1,117.2,123.1,110.7
SEALER-0061,465,07:45,119.4,113.2,125.8,114.3,117.2,111.8,110.6,111.2,124.3,117.9,123.1,110.2
SEALER-0061,466,07:46,120.1,113.9,126.3,114.4,118.0,111.6,110.9,109.9,126.4,118.4,122.5,111.6
SEALER-0061,467,07:47,120.2,114.5,127.0,114.6,118.1,111.1,110.9,111.9,124.4,118.3,123.0,112.0
SEALER-0061,468,07:48,119.9,113.7,126.0,114.4,119.2,112.5,110.5,110.6,125.4,117.7,125.1,111.4
SEALER-0061,469,07:49,120.7,114.6,127.0,114.5,119.1,110.6,111.5,110.8,125.2,118.2,123.5,112.2
SEALER-0061,470,07:50,121.1,114.8,126.7,114.6,118.4,112.2,111.4,111.8,126.1,118.6,124.9,112.4
SEALER-0061,471,07:51,120.8,114.9,126.8,115.3,119.5,113.6,111.6,110.8,126.4,119.0,123.4,111.6
SEALER-0061,472,07:52,121.6,114.8,127.8,115.0,119.5,113.1,112.5,111.4,126.1,118.7,124.0,111.7
SEALER-0061,473,07:53,121.7,115.0,127.4,115.8,119.6,113.6,112.6,112.0,126.2,119.5,124.3,112.0
SEALER-0061,474,07:54,120.8,114.8,127.3,115.2,120.2,112.6,112.0,111.7,126.3,119.6,124.4,112.7
SEALER-0061,475,07:55,120.6,114.9,126.6,115.3,119.1,114.0,112.6,112.6,126.5,119.5,123.8,112.9
SEALER-0061,476,07:56,122.0,115.5,127.3,115.4,120.5,113.1,113.1,112.2,126.8,119.2,124.3,113.0
SEALER-0061,477,07:57,121.5,115.8,128.8,115.4,119.7,113.8,113.3,113.2,126.7,118.9,124.3,113.9
SEALER-0061,478,07:58,121.9,116.0,128.0,115.9,120.6,113.3,113.5,113.1,127.9,119.0,125.3,113.3
SEALER-0061,479,07:59,122.6,117.0,128.4,115.3,120.8,114.6,113.0,112.8,127.0,120.4,123.9,112.6
SEALER-0061,480,08:00,123.1,115.9,129.2,116.7,121.4,114.1,112.9,113.1,127.4,120.2,124.9,113.9
SEALER-0061,481,08:01,122.5,116.4,129.1,116.6,121.0,114.7,114.2,113.7,127.8,120.3,125.1,114.0
SEALER-0061,482,08:02,122.1,115.4,128.6,117.9,121.0,115.0,114.0,114.0,128.1,119.4,125.3,114.6
SEALER-0061,483,08:03,123.3,116.3,128.9,115.5,122.0,115.5,113.5,114.0,128.3,120.1,126.3,114.7
SEALER-0061,484,08:04,123.1,117.2,128.9,117.0,120.9,115.0,113.9,113.7,128.4,120.9,125.9,114.4
SEALER-0061,485,08:05,124.5,116.9,128.3,116.3,121.8,115.1,115.1,113.6,127.8,121.1,125.4,113.8
SEALER-0061,486,08:06,123.2,116.6,129.1,116.5,121.8,115.3,114.2,114.8,127.7,121.5,125.5,114.2
SEALER-0061,487,08:07,122.4,116.5,128.9,117.5,122.1,115.4,114.7,113.1,128.3,120.5,126.5,114.8
SEALER-0061,488,08:08,123.3,117.0,130.1,117.3,122.4,115.0,115.3,115.0,129.2,121.6,126.7,114.8
SEALER-0061,489,08:09,123.0,117.3,129.4,117.7,123.1,116.1,114.5,113.7,128.1,121.6,126.4,115.3
SEALER-0061,490,08:10,123.9,117.6,128.8,118.2,123.1,115.8,116.0,114.8,129.4,122.4,126.2,115.2
SEALER-0061,491,08:11,123.9,117.6,129.7,118.2,122.6,116.4,115.8,114.0,128.7,122.4,126.6,115.4
SEALER-0061,492,08:12,124.0,117.4,130.0,118.0,122.6,116.9,115.7,114.6,129.9,121.2,126.4,114.4
SEALER-0061,493,08:13,124.2,117.2,130.6,117.9,123.8,116.4,116.0,114.7,129.0,122.5,127.6,115.4
SEALER-0061,494,08:14,125.0,118.1,130.7,117.7,123.2,116.2,116.2,115.0,129.9,121.6,127.1,116.2
SEALER-0061,495,08:15,125.2,119.4,129.8,117.5,123.6,116.6,116.2,115.4,130.4,121.5,126.8,116.0
SEALER-0061,496,08:16,125.1,118.0,130.7,117.0,123.8,117.2,116.2,116.1,129.5,122.0,127.0,116.1
SEALER-0061,497,08:17,125.1,118.1,130.5,118.4,122.9,116.3,116.4,116.2,130.4,122.3,127.3,115.5
SEALER-0061,498,08:18,125.0,118.4,130.8,118.3,123.2,117.9,116.6,114.9,129.8,122.1,127.0,116.2
SEALER-0061,499,08:19,125.4,118.6,131.0,119.7,123.9,117.3,116.7,116.3,130.6,122.6,127.3,115.6
SEALER-0061,500,08:20,125.0,118.5,130.5,118.2,124.7,117.0,117.6,115.1,129.7,122.0,127.6,116.8
SEALER-0061,501,08:21,127.0,118.8,131.0,118.9,123.9,117.7,117.4,116.5,130.4,122.5,127.8,115.8
SEALER-0061,502,08:22,126.1,118.1,131.6,118.6,124.5,117.8,116.3,116.7,129.9,122.5,128.6,116.0
SEALER-0061,503,08:23,126.1,118.9,131.5,118.8,124.8,117.9,116.8,117.5,131.3,122.4,128.9,116.4
SEALER-0061,504,08:24,125.8,119.2,131.4,119.5,125.0,118.3,117.8,117.4,130.9,123.3,128.3,115.8
SEALER-0061,505,08:25,126.9,119.5,131.4,120.0,125.4,118.7,117.0,116.2,131.5,122.7,128.6,118.2
SEALER-0061,506,08:26,125.8,120.0,132.3,120.2,124.8,118.6,117.8,115.8,131.6,123.6,128.8,117.6
SEALER-0061,507,08:27,125.9,119.7,131.6,119.3,125.5,117.8,118.2,117.3,131.5,123.6,128.9,118.2
SEALER-0061,508,08:28,128.2,120.2,132.6,120.2,126.2,118.9,117.7,117.3,131.0,124.0,129.4,117.2
SEALER-0061,509,08:29,127.5,119.6,132.9,120.3,126.3,119.4,117.0,118.3,131.5,123.4,129.1,116.9
SEALER-0061,510,08:30,127.3,119.7,132.8,120.1,126.1,117.6,117.6,117.2,132.3,123.5,128.9,118.3
SEALER-0061,511,08:31,126.6,119.7,132.8,119.4,125.0,119.2,119.0,118.2,131.8,124.0,129.3,118.2
SEALER-0061,512,08:32,128.3,120.4,132.7,119.8,125.8,118.4,118.2,118.7,132.3,124.2,129.0,118.1
SEALER-0061,513,08:33,127.6,120.7,133.0,121.1,125.4,119.2,118.8,118.0,131.8,123.3,130.6,117.4
SEALER-0061,514,08:34,127.0,120.6,133.5,120.9,126.1,119.8,119.2,119.2,131.9,123.6,129.9,118.4
SEALER-0061,515,08:35,128.1,120.4,132.4,120.8,127.0,119.5,119.3,118.6,131.8,124.2,130.0,118.0
SEALER-0061,516,08:36,128.4,120.9,133.1,121.4,126.6,119.3,118.6,118.6,132.5,124.4,130.4,118.1
SEALER-0061,517,08:37,127.4,120.6,132.9,121.0,126.6,119.5,119.1,118.2,132.0,124.0,130.1,118.3
SEALER-0061,518,08:38,127.2,120.8,133.2,120.1,126.1,120.6,120.1,118.5,132.5,125.5,130.6,119.0
SEALER-0061,519,08:39,128.4,120.5,133.6,120.5,127.0,120.1,119.3,118.3,133.6,124.7,130.1,119.3
SEALER-0061,520,08:40,127.2,121.6,133.2,120.8,127.5,120.6,119.4,118.4,132.2,125.3,129.5,118.5
SEALER-0061,521,08:41,127.8,121.3,133.0,121.7,127.4,120.0,119.9,118.6,132.9,124.1,131.1,119.6
SEALER-0061,522,08:42,128.5,121.5,133.8,121.0,127.7,120.7,119.3,118.7,132.8,125.0,130.8,119.7
SEALER-0061,523,08:43,128.6,121.7,133.9,121.3,127.2,120.5,120.2,118.6,133.8,124.9,131.3,120.0
SEALER-0061,524,08:44,129.1,122.2,134.4,122.1,127.6,120.6,120.1,119.0,133.5,125.2,131.2,119.8
SEALER-0061,525,08:45,127.7,122.4,134.6,122.1,128.1,121.0,120.0,119.4,133.1,125.2,131.4,118.7
SEALER-0061,526,08:46,128.6,120.5,134.5,122.5,128.5,121.9,119.1,119.8,134.0,125.8,131.9,120.8
SEALER-0061,527,08:47,128.9,121.4,134.0,122.8,128.0,120.7,119.9,119.3,133.5,126.6,132.3,120.5
SEALER-0061,528,08:48,129.2,121.9,134.2,121.2,128.5,122.3,120.1,120.3,133.6,125.2,131.7,120.1
SEALER-0061,529,08:49,129.7,121.4,135.1,121.9,128.6,121.5,120.5,120.1,133.8,125.8,130.9,120.0
SEALER-0061,530,08:50,129.8,121.6,134.4,122.8,128.6,121.3,120.8,120.1,134.2,126.4,131.3,120.2
SEALER-0061,531,08:51,129.5,122.6,135.2,123.2,128.1,122.4,120.9,120.9,134.1,125.8,131.8,121.3
SEALER-0061,532,08:52,129.2,123.1,134.7,122.4,128.6,121.0,121.4,120.9,134.0,126.1,132.2,121.1
SEALER-0061,533,08:53,129.7,121.6,135.0,122.6,129.6,121.9,120.3,120.7,134.2,126.4,131.5,120.5
SEALER-0061,534,08:54,129.9,122.0,134.9,122.4,129.5,121.4,121.4,120.8,134.4,126.4,132.9,121.0
SEALER-0061,535,08:55,130.5,124.0,135.1,123.2,130.0,122.9,120.7,121.1,134.4,126.5,133.4,121.1
SEALER-0061,536,08:56,130.6,122.0,135.2,122.8,129.9,122.9,122.2,119.7,134.3,127.2,132.9,120.5
SEALER-0061,537,08:57,131.0,123.0,136.2,122.6,129.5,123.5,121.9,120.2,134.8,126.0,133.3,121.4
SEALER-0061,538,08:58,130.6,123.0,136.3,122.8,129.7,122.8,121.8,122.0,134.6,127.1,132.0,121.7
SEALER-0061,539,08:59,131.2,123.5,135.6,123.7,129.8,123.5,122.6,121.1,135.0,126.3,132.9,120.9
SEALER-0061,540,09:00,131.5,122.5,135.5,123.8,130.2,122.9,121.7,120.5,135.0,126.4,133.0,121.9
SEALER-0061,541,09:01,131.4,123.5,136.6,124.3,130.5,123.9,121.6,121.0,135.2,126.0,133.4,120.6
SEALER-0061,542,09:02,130.8,123.1,136.9,122.8,130.2,122.5,122.9,122.4,135.9,127.1,134.5,121.4
SEALER-0061,543,09:03,131.1,124.1,136.1,123.1,130.3,124.8,122.6,121.3,134.7,127.2,132.7,122.0
SEALER-0061,544,09:04,132.3,123.3,137.2,122.8,131.2,123.6,122.9,121.8,135.3,128.0,133.0,122.2
SEALER-0061,545,09:05,131.1,124.0,138.0,123.4,130.9,123.4,122.9,121.1,135.7,126.7,132.7,121.7
SEALER-0061,546,09:06,131.4,123.1,136.0,124.2,131.8,123.0,123.3,121.5,135.8,127.5,133.2,122.6
SEALER-0061,547,09:07,131.5,124.4,136.8,124.6,129.9,123.7,123.0,122.1,135.8,128.2,134.7,122.1
SEALER-0061,548,09:08,131.3,124.5,136.4,123.2,130.9,123.1,123.9,122.6,135.4,127.7,133.3,122.9
SEALER-0061,549,09:09,131.8,124.3,136.6,123.9,131.7,124.3,123.2,122.8,136.8,127.5,133.5,123.1
SEALER-0061,550,09:10,131.9,124.2,136.6,123.5,130.5,124.3,123.4,122.2,136.2,127.9,134.1,122.1
SEALER-0061,551,09:11,132.1,125.6,136.4,124.9,130.8,124.8,123.7,122.5,136.9,127.7,133.6,123.3
SEALER-0061,552,09:12,133.3,123.7,136.9,124.7,131.3,124.1,124.3,122.9,136.5,128.1,134.8,122.1
SEALER-0061,553,09:13,132.1,124.3,137.3,124.2,132.1,125.6,123.1,122.1,136.9,128.0,134.5,122.3
SEALER-0061,554,09:14,132.2,123.6,138.7,124.0,131.6,124.6,124.1,122.4,136.5,128.7,135.1,123.2
SEALER-0061,555,09:15,132.7,124.2,137.4,125.2,131.0,125.6,123.4,122.7,136.8,128.6,134.9,123.6
SEALER-0061,556,09:16,133.1,124.9,137.5,125.7,132.4,124.7,123.7,123.3,137.1,127.4,135.4,123.1
SEALER-0061,557,09:17,132.4,125.4,136.6,125.3,132.0,124.9,123.6,123.0,137.2,127.9,135.4,122.8
SEALER-0061,558,09:18,133.7,124.8,137.1,124.5,131.8,126.5,124.4,123.7,137.9,128.9,134.8,123.9
SEALER-0061,559,09:19,133.1,124.3,138.2,125.1,133.1,125.7,124.1,123.3,136.8,128.7,135.2,123.8
SEALER-0061,560,09:20,132.6,125.5,138.3,125.8,132.6,125.4,125.4,124.3,137.6,128.3,135.5,124.0
SEALER-0061,561,09:21,132.5,124.8,138.5,125.8,132.0,125.8,124.2,123.1,138.0,129.2,134.6,123.9
SEALER-0061,562,09:22,134.2,126.1,137.8,125.3,131.9,125.0,124.0,123.4,138.4,129.1,135.5,124.1
SEALER-0061,563,09:23,133.1,125.1,139.2,125.2,131.3,125.3,124.6,123.3,137.2,129.8,135.9,123.8
SEALER-0061,564,09:24,133.8,125.3,138.9,125.5,133.1,125.4,125.1,123.6,138.0,129.1,135.9,124.0
SEALER-0061,565,09:25,134.4,125.5,138.7,125.7,132.8,126.3,124.6,124.5,137.9,129.2,136.3,124.2
SEALER-0061,566,09:26,133.6,126.1,138.9,125.7,133.1,125.8,124.8,125.0,137.8,129.6,136.4,124.8
SEALER-0061,567,09:27,133.9,125.6,138.8,126.3,133.8,126.4,125.8,124.4,137.8,129.4,136.0,124.5
SEALER-0061,568,09:28,134.3,125.8,138.4,125.8,132.9,127.4,125.0,124.2,138.6,130.3,136.2,123.8
SEALER-0061,569,09:29,134.1,126.6,138.8,126.9,133.5,126.0,126.0,124.5,138.9,130.4,135.6,124.5
SEALER-0061,570,09:30,134.0,125.8,139.4,125.8,134.2,126.7,125.8,124.3,138.9,130.5,137.2,124.4
SEALER-0061,571,09:31,134.4,125.9,139.2,127.0,133.2,127.3,124.7,124.5,138.1,128.7,135.8,124.5
SEALER-0061,572,09:32,134.3,126.1,140.1,127.1,134.5,127.0,125.8,125.5,138.8,131.0,135.9,125.4
SEALER-0061,573,09:33,134.5,126.9,139.3,127.3,133.9,127.7,126.3,124.7,138.8,129.8,136.2,125.0
SEALER-0061,574,09:34,134.3,126.8,139.6,127.7,134.3,126.6,126.3,125.1,138.9,130.1,137.1,124.6
SEALER-0061,575,09:35,134.1,126.5,139.2,127.0,134.0,126.5,126.3,126.3,139.5,130.0,136.6,125.4
SEALER-0061,576,09:36,134.5,127.4,140.2,126.1,134.1,127.8,125.7,125.8,139.1,130.9,136.8,126.0
SEALER-0061,577,09:37,135.5,126.8,140.5,127.0,133.8,126.8,126.6,124.7,139.1,131.3,137.5,125.9
SEALER-0061,578,09:38,134.7,127.2,139.9,126.4,134.1,127.8,125.6,125.5,139.3,130.4,136.8,126.1
SEALER-0061,579,09:39,136.0,127.6,140.2,127.3,135.4,127.9,127.1,125.5,138.8,130.3,137.3,125.6
SEALER-0061,580,09:40,135.2,127.1,141.1,127.8,134.6,127.3,127.3,126.3,139.2,131.5,136.5,126.5
SEALER-0061,581,09:41,134.8,128.0,140.7,127.1,135.3,128.0,126.8,125.6,139.2,131.9,137.7,125.4
SEALER-0061,582,09:42,135.3,126.6,141.3,126.9,135.1,128.0,126.9,125.4,139.9,130.6,138.2,125.5
SEALER-0061,583,09:43,136.2,127.5,140.8,127.6,135.2,128.5,126.7,126.0,139.4,131.7,137.6,126.4
SEALER-0061,584,09:44,135.7,126.6,140.8,128.6,134.5,128.0,127.5,125.2,140.4,130.8,138.0,125.5
SEALER-0061,585,09:45,135.1,128.2,141.3,126.9,135.0,127.8,126.6,125.4,140.6,129.9,138.4,125.9
SEALER-0061,586,09:46,135.4,127.3,141.4,128.2,136.2,128.7,127.2,126.2,140.9,131.6,138.5,126.7
SEALER-0061,587,09:47,135.5,127.9,140.9,128.5,135.3,129.3,127.2,126.0,141.1,132.2,137.9,126.6
SEALER-0061,588,09:48,137.1,127.1,141.9,127.7,134.9,128.2,127.0,126.3,140.8,131.4,139.1,127.7
SEALER-0061,589,09:49,136.3,127.9,141.6,126.7,135.3,128.4,127.2,126.9,140.5,131.6,138.5,127.4
SEALER-0061,590,09:50,136.0,128.5,141.0,128.2,135.9,129.0,126.9,126.6,140.2,132.2,138.5,126.7
SEALER-0061,591,09:51,136.3,127.7,141.7,128.6,135.9,129.6,127.5,128.1,141.7,132.0,138.0,126.7
SEALER-0061,592,09:52,137.0,128.3,141.7,129.1,136.1,128.3,127.8,126.8,141.1,132.9,138.6,125.8
SEALER-0061,593,09:53,136.7,129.8,142.6,129.4,136.3,128.9,127.3,127.4,140.6,133.4,139.0,126.4
SEALER-0061,594,09:54,136.2,129.4,141.5,128.5,136.0,129.5,127.7,127.3,140.8,131.4,138.4,126.9
SEALER-0061,595,09:55,137.1,128.4,142.3,129.2,137.0,129.7,126.9,126.5,141.3,132.8,138.8,126.6
SEALER-0061,596,09:56,136.9,128.9,142.0,129.2,137.0,128.9,128.0,127.0,141.5,132.5,139.4,128.4
SEALER-0061,597,09:57,137.7,128.9,141.7,128.7,136.4,129.3,128.6,125.9,141.6,133.5,138.4,127.5
SEALER-0061,598,09:58,137.5,128.8,142.9,128.8,137.9,129.8,128.9,127.6,141.8,132.6,139.2,127.5
SEALER-0061,599,09:59,136.8,128.7,142.6,129.1,136.6,129.7,129.3,127.5,142.3,132.7,139.6,127.0
SEALER-0061,600,10:00,136.7,129.4,143.0,128.8,137.3,131.4,129.5,127.4,141.4,132.8,139.3,128.9
SEALER-0061,601,10:01,137.7,128.3,143.3,130.0,136.7,129.8,128.9,127.7,142.5,132.2,139.9,127.6
SEALER-0061,602,10:02,137.4,129.5,142.4,128.4,136.9,129.5,128.2,127.4,142.3,133.3,139.5,128.0
SEALER-0061,603,10:03,137.0,128.8,142.3,129.0,137.1,131.2,129.7,128.1,141.9,133.7,139.9,127.4
SEALER-0061,604,10:04,136.8,129.5,143.4,129.6,136.9,129.8,128.6,128.3,142.3,133.8,139.1,128.0
SEALER-0061,605,10:05,138.2,129.6,143.3,129.8,137.1,130.2,128.5,128.2,142.4,133.7,139.9,127.4
SEALER-0061,606,10:06,138.1,129.0,142.6,130.6,137.3,130.6,129.0,128.8,142.7,133.4,139.6,128.6
SEALER-0061,607,10:07,138.8,129.3,143.2,130.4,137.6,130.4,129.6,128.0,142.8,133.6,140.5,129.2
SEALER-0061,608,10:08,137.8,130.1,143.1,129.7,138.2,130.8,129.9,128.9,143.7,133.6,140.1,128.8
SEALER-0061,609,10:09,137.9,129.9,143.8,130.1,138.2,131.0,129.7,129.2,142.0,133.9,140.2,128.4
SEALER-0061,610,10:10,138.0,130.2,143.3,129.7,138.5,131.4,129.5,128.2,142.7,133.8,141.0,129.0
SEALER-0061,611,10:11,137.8,129.7,143.4,130.3,139.0,131.0,130.4,128.7,143.7,134.6,140.6,128.6
SEALER-0061,612,10:12,137.9,130.8,143.7,130.7,139.0,131.3,129.6,128.4,143.7,133.8,140.8,129.1
SEALER-0061,613,10:13,140.1,131.1,143.3,130.4,138.1,131.1,130.3,127.8,143.0,134.4,140.4,129.6
SEALER-0061,614,10:14,138.6,131.4,143.6,130.0,138.7,130.6,129.3,128.8,143.5,134.5,141.3,130.0
SEALER-0061,615,10:15,139.2,130.1,143.0,129.3,138.1,130.8,130.1,128.7,143.4,134.7,140.5,129.6
SEALER-0061,616,10:16,138.2,129.7,144.5,130.8,138.3,131.9,130.6,129.5,143.5,133.9,140.4,129.3
SEALER-0061,617,10:17,139.1,131.2,144.4,130.7,138.1,130.7,130.5,128.8,142.7,134.4,140.1,128.9
SEALER-0061,618,10:18,139.2,129.9,144.2,131.6,139.4,130.6,130.4,130.0,143.3,134.6,141.1,129.8
SEALER-0061,619,10:19,138.5,130.6,143.9,131.1,138.3,131.8,130.5,130.0,143.7,134.2,141.8,130.0
SEALER-0061,620,10:20,138.7,131.2,144.6,131.2,139.7,131.8,131.0,129.2,143.5,135.6,141.0,128.1
SEALER-0061,621,10:21,138.6,130.7,145.3,130.9,138.5,131.7,130.4,130.0,143.8,134.6,141.7,128.8
SEALER-0061,622,10:22,139.3,130.2,143.2,131.0,140.2,132.2,130.7,129.7,144.3,134.4,142.3,129.8
SEALER-0061,623,10:23,139.9,131.9,144.6,131.4,139.7,132.4,131.2,129.9,144.4,134.5,141.5,130.0
SEALER-0061,624,10:24,140.6,130.7,143.9,131.4,140.0,132.7,130.7,129.7,143.9,134.8,141.6,130.0
SEALER-0061,625,10:25,140.3,131.0,144.6,131.4,139.2,132.7,131.6,130.6,144.1,135.3,141.5,129.6
SEALER-0061,626,10:26,139.7,131.8,144.4,132.1,139.9,132.9,131.4,129.6,144.4,134.9,142.0,129.6
SEALER-0061,627,10:27,139.5,132.1,144.5,131.2,139.4,132.1,132.1,129.0,144.9,134.6,142.2,130.1
SEALER-0061,628,10:28,140.2,131.3,145.6,131.3,139.1,132.1,131.1,130.5,144.9,135.6,142.7,130.9
SEALER-0061,629,10:29,139.6,131.2,144.0,130.8,140.7,133.2,132.4,130.7,144.9,136.2,141.8,130.8
SEALER-0061,630,10:30,140.3,132.1,144.4,132.1,139.3,133.0,132.3,130.0,144.8,135.6,142.9,130.4
SEALER-0061,631,10:31,140.7,131.6,144.7,132.2,139.5,132.9,132.1,130.8,145.2,135.4,142.6,130.8
SEALER-0061,632,10:32,140.7,131.9,145.3,131.8,139.7,133.2,131.0,131.0,144.2,135.7,141.9,130.5
SEALER-0061,633,10:33,140.2,132.0,145.0,131.8,140.8,133.4,131.7,131.7,144.5,135.4,143.3,130.4
SEALER-0061,634,10:34,141.3,131.2,145.1,132.5,140.8,133.4,131.6,130.7,146.0,135.7,141.5,131.1
SEALER-0061,635,10:35,141.2,132.0,145.3,131.2,141.1,133.7,132.6,131.3,145.9,135.5,143.3,130.9
SEALER-0061,636,10:36,140.2,131.5,145.2,131.9,140.5,133.8,131.9,131.2,145.4,136.4,142.4,131.4
SEALER-0061,637,10:37,140.6,132.5,146.1,131.8,141.0,134.1,131.6,130.7,145.5,136.1,142.4,130.9
SEALER-0061,638,10:38,141.0,132.1,145.8,133.0,140.8,134.8,133.0,132.5,146.0,135.8,143.4,131.9
SEALER-0061,639,10:39,142.0,132.0,146.9,131.5,140.7,132.9,132.1,131.2,145.7,136.0,143.5,131.0
SEALER-0061,640,10:40,140.9,132.4,145.1,132.6,140.8,133.6,132.6,131.8,145.6,136.5,142.6,129.8
SEALER-0061,641,10:41,142.0,133.7,144.7,133.1,141.1,134.1,132.2,132.0,144.7,137.9,143.7,131.1
SEALER-0061,642,10:42,141.5,132.8,145.0,133.6,142.7,134.4,133.1,132.0,145.5,137.2,143.4,131.6
SEALER-0061,643,10:43,142.3,132.8,146.7,133.5,140.7,133.5,132.7,131.1,145.7,135.6,142.8,131.6
SEALER-0061,644,10:44,141.5,132.7,147.2,133.4,140.9,133.8,133.9,131.4,144.9,136.8,144.4,132.0
SEALER-0061,645,10:45,142.2,132.7,146.3,133.0,141.5,134.0,132.7,132.7,145.8,137.5,143.7,132.4
SEALER-0061,646,10:46,140.9,132.2,146.5,133.6,140.4,134.7,132.7,131.5,146.2,137.9,144.3,131.7
SEALER-0061,647,10:47,141.8,132.8,146.4,133.7,142.2,134.4,133.2,131.2,145.4,137.3,143.7,131.0
SEALER-0061,648,10:48,142.5,132.8,147.2,132.9,142.1,135.0,133.3,133.1,145.9,137.7,143.3,132.4
SEALER-0061,649,10:49,142.1,132.9,146.8,133.2,141.5,134.5,133.5,132.0,146.6,136.2,143.8,131.7
SEALER-0061,650,10:50,142.4,132.9,146.8,133.8,141.7,135.0,133.4,133.3,146.5,137.6,143.9,131.5
SEALER-0061,651,10:51,142.5,133.2,146.5,133.5,142.3,134.5,132.9,131.5,146.0,137.7,144.0,132.4
SEALER-0061,652,10:52,142.2,133.2,146.1,133.3,142.0,134.8,133.7,132.1,147.1,137.6,144.4,132.9
SEALER-0061,653,10:53,142.6,133.7,147.1,133.0,143.3,134.2,134.3,132.7,146.3,137.0,143.7,132.9
SEALER-0061,654,10:54,142.7,134.9,146.8,133.8,142.0,135.5,134.3,132.9,146.2,137.9,143.9,132.5
SEALER-0061,655,10:55,141.8,134.1,147.4,133.9,143.3,134.7,133.5,134.1,146.8,138.2,144.3,132.9
SEALER-0061,656,10:56,142.5,133.0,148.1,133.9,143.2,135.9,134.3,133.6,146.5,137.1,144.5,133.1
SEALER-0061,657,10:57,142.5,134.1,147.2,134.6,141.0,134.7,134.7,133.7,146.4,137.6,144.7,133.1
SEALER-0061,658,10:58,143.4,134.9,148.2,134.3,143.0,135.4,134.7,133.2,147.6,137.6,144.5,133.2
SEALER-0061,659,10:59,142.7,133.9,147.3,133.5,141.8,134.6,133.9,133.0,147.2,137.7,144.5,132.2
SEALER-0061,660,11:00,143.3,134.4,148.1,134.2,142.1,135.5,134.6,133.2,148.3,137.7,145.1,133.1
SEALER-0061,661,11:01,143.2,135.1,147.5,134.4,142.8,135.6,134.7,134.2,146.4,138.5,145.6,132.8
SEALER-0061,662,11:02,143.8,134.6,148.5,134.3,143.6,136.2,134.7,133.2,147.4,138.1,144.8,132.9
SEALER-0061,663,11:03,144.0,134.4,148.8,134.3,143.8,134.9,134.9,133.7,148.1,138.4,144.4,134.2
SEALER-0061,664,11:04,144.1,135.2,148.3,134.1,142.6,135.9,134.3,133.5,148.0,138.7,145.2,133.3
SEALER-0061,665,11:05,143.5,134.0,147.8,133.9,142.7,135.6,135.4,133.4,147.2,138.5,145.8,132.6
SEALER-0061,666,11:06,144.2,135.1,148.4,134.7,144.0,135.6,134.2,133.6,148.5,138.4,146.0,132.9
SEALER-0061,667,11:07,143.0,134.6,148.1,134.8,143.7,136.1,135.6,132.8,148.0,138.5,144.8,133.8
SEALER-0061,668,11:08,143.3,134.6,148.9,134.2,144.0,136.4,134.9,133.7,147.7,138.2,146.3,134.4
SEALER-0061,669,11:09,143.5,134.9,148.7,135.3,143.1,136.7,135.2,134.3,148.3,139.0,146.1,133.3
SEALER-0061,670,11:10,143.1,135.4,148.7,134.7,143.4,136.2,134.7,133.6,148.0,139.4,146.2,134.8
SEALER-0061,671,11:11,143.8,135.7,149.0,135.7,144.5,135.8,135.8,133.4,148.8,138.2,145.7,133.8
SEALER-0061,672,11:12,144.7,134.7,149.1,135.5,143.4,136.3,134.8,134.8,147.6,139.5,145.8,133.2
SEALER-0061,673,11:13,144.7,134.4,148.5,134.8,144.2,136.1,135.4,134.3,149.0,139.0,146.9,134.1
SEALER-0061,674,11:14,144.5,135.1,149.2,135.5,144.1,136.6,135.5,134.7,148.7,139.4,145.7,134.6
SEALER-0061,675,11:15,145.2,134.1,149.3,135.4,144.5,137.0,135.1,134.2,147.9,139.4,146.6,133.9
SEALER-0061,676,11:16,144.5,134.9,148.5,135.6,144.1,136.7,136.4,134.6,148.8,139.4,146.8,133.4
SEALER-0061,677,11:17,144.1,135.3,150.0,135.4,144.6,136.8,136.0,133.9,147.9,139.4,146.5,135.2
SEALER-0061,678,11:18,144.0,136.4,149.5,136.2,144.6,137.5,136.7,134.4,149.2,139.2,146.2,134.8
SEALER-0061,679,11:19,145.4,135.1,149.6,136.5,144.2,137.1,135.5,134.5,148.7,139.4,146.8,134.2
SEALER-0061,680,11:20,144.3,135.7,149.9,136.6,145.2,137.2,136.3,134.9,149.1,139.4,146.8,135.0
SEALER-0061,681,11:21,144.2,135.5,149.4,136.0,144.3,137.1,136.6,134.9,148.6,139.5,147.0,134.9
SEALER-0061,682,11:22,144.3,136.1,149.9,135.9,144.9,136.8,136.5,135.3,148.9,140.5,146.7,136.2
SEALER-0061,683,11:23,144.8,136.9,149.3,135.4,143.8,137.2,136.7,135.6,149.7,139.4,147.7,135.1
SEALER-0061,684,11:24,145.2,136.0,151.0,136.5,144.2,137.8,136.7,134.5,150.0,140.0,147.2,134.4
SEALER-0061,685,11:25,145.5,135.7,150.4,135.6,145.3,136.8,136.4,133.5,149.4,140.5,145.9,135.6
SEALER-0061,686,11:26,145.9,135.3,150.3,135.8,144.8,137.5,137.5,135.2,149.2,139.3,147.2,135.5
SEALER-0061,687,11:27,145.0,136.3,150.4,137.1,144.7,138.0,136.7,135.7,149.8,140.6,147.2,135.4
SEALER-0061,688,11:28,144.5,135.8,150.2,136.6,144.7,137.7,136.5,135.5,149.8,139.9,147.6,134.8
SEALER-0061,689,11:29,145.8,136.0,150.7,136.2,145.0,138.0,137.4,134.9,149.9,141.0,147.7,136.1
SEALER-0061,690,11:30,146.6,136.3,149.9,136.6,145.8,138.5,137.9,134.8,149.3,140.8,148.1,135.2
SEALER-0061,691,11:31,145.6,136.4,150.3,137.2,145.2,137.9,137.5,136.1,150.4,140.7,147.6,135.3
SEALER-0061,692,11:32,146.0,136.9,150.9,136.2,144.7,138.3,137.2,135.9,150.2,140.3,147.5,135.3
SEALER-0061,693,11:33,145.3,136.6,151.0,136.9,145.5,138.3,137.4,135.6,149.8,140.4,148.8,135.6
SEALER-0061,694,11:34,145.4,136.7,150.7,136.9,145.5,138.8,137.1,136.3,150.1,140.9,147.2,135.8
SEALER-0061,695,11:35,146.3,136.7,151.7,136.6,146.9,138.1,136.8,136.4,149.3,141.2,148.0,135.6
SEALER-0061,696,11:36,145.3,137.5,150.3,137.2,145.9,138.7,137.6,136.2,150.9,141.6,148.0,136.1
SEALER-0061,697,11:37,147.1,136.9,151.1,137.4,145.5,138.9,137.9,136.5,150.2,141.1,148.2,136.9
SEALER-0061,698,11:38,146.2,137.2,151.2,137.5,145.7,138.5,137.5,136.9,150.8,141.4,147.8,135.4
SEALER-0061,699,11:39,146.6,137.0,150.4,137.6,145.9,138.9,138.0,135.8,151.0,140.9,147.7,136.6
SEALER-0061,700,11:40,146.6,137.7,151.4,137.8,145.8,138.3,138.3,136.5,150.6,141.1,148.0,136.7
SEALER-0061,701,11:41,147.2,137.6,151.2,137.6,146.0,139.1,138.3,136.7,150.6,141.2,148.2,136.9
SEALER-0061,702,11:42,147.2,137.2,151.7,137.3,146.4,139.1,138.1,136.2,151.0,141.2,148.7,135.9
SEALER-0061,703,11:43,146.4,137.7,151.3,137.7,147.3,138.9,138.0,136.0,150.8,141.3,149.1,135.9
SEALER-0061,704,11:44,146.3,137.1,150.7,138.0,147.0,139.3,137.8,136.1,149.8,142.0,148.9,136.6
SEALER-0061,705,11:45,146.3,136.9,151.2,136.5,146.5,140.8,138.6,136.0,151.8,142.1,148.5,136.9
SEALER-0061,706,11:46,147.3,137.2,151.6,137.6,147.2,139.0,138.0,136.5,150.0,140.8,148.4,136.6
SEALER-0061,707,11:47,147.9,138.4,151.7,137.4,146.4,139.8,139.2,137.0,151.1,141.2,148.7,136.5
SEALER-0061,708,11:48,147.5,138.0,151.6,137.6,146.0,139.3,138.6,137.0,151.0,141.6,148.4,136.5
SEALER-0061,709,11:49,146.4,138.6,152.0,137.6,146.8,139.7,138.5,137.3,151.2,142.6,149.3,136.9
SEALER-0061,710,11:50,146.9,138.1,152.2,137.5,147.6,139.7,139.2,137.4,150.9,141.2,149.9,136.4
SEALER-0061,711,11:51,147.3,138.5,151.9,138.5,147.7,140.1,139.4,137.5,152.2,140.9,149.5,137.9
SEALER-0061,712,11:52,147.7,137.5,151.7,137.6,147.3,140.8,138.7,137.4,152.6,141.8,149.5,136.8
SEALER-0061,713,11:53,148.1,137.2,152.6,137.8,147.8,140.2,138.4,137.8,151.5,141.6,149.2,136.8
SEALER-0061,714,11:54,147.2,137.3,151.8,138.1,147.3,140.1,138.2,137.9,152.1,141.9,149.1,137.7
SEALER-0061,715,11:55,147.7,138.6,152.6,138.3,148.3,139.6,139.8,137.6,152.0,142.4,149.1,137.1
SEALER-0061,716,11:56,148.0,138.1,152.7,138.6,148.0,140.8,138.8,137.1,152.2,142.2,150.4,137.5
SEALER-0061,717,11:57,147.8,137.9,152.7,139.6,148.1,139.8,139.3,137.9,152.0,142.3,149.6,137.9
SEALER-0061,718,11:58,147.6,138.3,152.2,138.4,148.4,140.6,139.6,137.7,151.4,142.5,149.6,137.6
SEALER-0061,719,11:59,148.3,137.3,153.4,138.4,148.7,141.7,139.2,137.4,152.1,142.5,150.5,137.7
SEALER-0061,720,12:00,148.1,138.1,153.2,139.0,147.3,140.5,138.4,138.2,152.5,142.7,150.2,138.4
SEALER-0061,721,12:01,147.6,138.6,152.8,138.7,147.8,139.7,139.1,137.3,152.1,143.0,150.5,138.2
SEALER-0061,722,12:02,148.8,139.2,151.9,138.1,147.9,140.7,139.0,138.6,152.5,142.6,150.2,137.6
SEALER-0061,723,12:03,147.9,139.4,152.5,139.1,147.3,140.5,140.0,138.3,152.6,143.3,150.2,138.3
SEALER-0061,724,12:04,148.2,138.8,152.5,138.1,148.6,141.1,138.9,139.3,152.5,142.3,150.9,137.7
SEALER-0061,725,12:05,148.6,139.1,153.2,139.1,148.0,140.3,139.6,138.3,152.3,142.9,149.9,138.2
SEALER-0061,726,12:06,147.1,138.8,152.9,138.7,147.8,140.5,139.5,137.7,152.3,144.0,150.0,138.5
SEALER-0061,727,12:07,148.8,138.8,153.1,139.0,149.3,141.2,140.1,137.9,151.8,142.3,150.4,138.7
SEALER-0061,728,12:08,148.8,139.7,154.3,139.4,149.1,141.3,140.5,138.7,152.4,142.7,151.0,138.6
SEALER-0061,729,12:09,148.2,139.4,153.1,139.7,148.2,140.5,139.8,138.1,153.4,143.9,151.5,138.5
SEALER-0061,730,12:10,149.0,139.5,153.2,139.5,148.1,141.2,139.8,138.5,153.8,144.0,149.6,138.9
SEALER-0061,731,12:11,148.8,138.9,154.5,139.3,149.8,141.4,139.7,139.2,153.3,142.7,150.9,138.7
SEALER-0061,732,12:12,149.1,139.2,153.8,139.5,149.0,140.8,139.9,138.8,152.4,143.4,150.8,138.3
SEALER-0061,733,12:13,150.0,139.4,153.9,139.6,148.6,141.5,140.4,138.8,153.5,144.1,150.3,138.2
SEALER-0061,734,12:14,149.7,141.1,153.6,139.6,149.8,141.7,141.1,139.2,152.9,143.7,150.6,139.1
SEALER-0061,735,12:15,150.4,139.8,154.3,139.8,149.4,141.6,139.9,139.1,153.5,144.0,150.6,138.8
SEALER-0061,736,12:16,149.7,139.4,154.1,139.9,149.9,141.9,140.1,139.3,153.4,144.2,150.5,138.7
SEALER-0061,737,12:17,148.8,139.6,154.2,139.4,148.4,141.8,140.5,139.8,153.8,143.6,151.5,138.9
SEALER-0061,738,12:18,149.0,141.2,153.8,140.1,149.7,142.4,141.0,138.9,153.8,143.7,151.8,139.4
SEALER-0061,739,12:19,149.9,140.1,153.8,139.5,149.9,141.7,141.3,139.3,153.8,142.9,150.5,139.4
SEALER-0061,740,12:20,149.0,139.3,154.2,140.1,149.1,143.1,140.3,140.2,154.8,144.6,150.8,139.6
SEALER-0061,741,12:21,148.8,139.4,154.0,140.2,149.2,142.6,140.5,139.3,154.0,144.2,149.8,140.6
SEALER-0061,742,12:22,149.8,139.5,154.8,140.6,148.7,142.4,140.2,139.0,153.9,144.6,151.8,138.8
SEALER-0061,743,12:23,149.9,140.4,154.5,140.4,149.6,140.9,141.2,140.0,154.0,144.5,151.2,139.7
SEALER-0061,744,12:24,149.9,140.0,155.0,140.3,149.7,142.8,141.7,139.5,153.6,143.6,151.8,139.8
SEALER-0061,745,12:25,150.0,141.0,153.9,140.4,149.2,142.8,141.2,140.6,155.1,144.9,152.0,140.3
SEALER-0061,746,12:26,150.7,140.8,153.8,141.4,150.3,142.7,141.2,140.3,153.9,144.4,151.5,140.0
SEALER-0061,747,12:27,150.1,141.5,154.3,140.7,150.3,142.3,141.5,139.9,154.7,145.1,151.5,139.7
SEALER-0061,748,12:28,150.0,141.0,155.2,141.4,149.5,142.3,140.5,139.8,154.5,144.5,152.0,140.5
SEALER-0061,749,12:29,150.7,140.4,155.5,141.2,149.3,144.0,141.6,141.2,153.9,145.7,151.7,139.6
SEALER-0061,750,12:30,150.5,139.7,154.2,141.1,150.5,143.1,141.4,140.4,155.0,144.4,152.0,140.5
SEALER-0061,751,12:31,150.2,140.8,155.7,140.6,150.2,143.7,141.3,139.9,154.8,144.6,151.9,139.3
SEALER-0061,752,12:32,150.8,140.5,155.8,141.1,151.0,143.9,142.3,140.7,155.8,144.1,152.0,139.8
SEALER-0061,753,12:33,150.6,141.2,154.9,140.4,150.8,143.3,141.1,141.2,155.1,144.7,152.3,140.2
SEALER-0061,754,12:34,151.4,140.7,155.5,141.5,150.9,143.8,141.3,140.7,155.2,144.8,152.5,140.1
SEALER-0061,755,12:35,151.3,142.1,156.1,140.9,150.2,142.6,141.7,140.7,156.2,145.5,152.2,140.7
SEALER-0061,756,12:36,151.1,141.5,155.1,141.9,151.0,143.5,142.3,140.4,155.4,144.7,152.8,140.8
SEALER-0061,757,12:37,150.5,141.4,155.9,141.3,150.8,143.5,142.3,140.6,155.1,145.0,152.7,140.2
SEALER-0061,758,12:38,151.1,140.9,155.6,141.6,151.1,143.1,142.4,140.4,154.8,144.9,153.2,140.7
SEALER-0061,759,12:39,150.6,141.4,155.6,141.0,151.9,144.7,142.1,140.7,155.2,145.7,152.6,140.1
SEALER-0061,760,12:40,150.1,141.2,155.7,142.0,151.0,143.7,142.2,140.9,154.8,143.9,153.6,140.0
SEALER-0061,761,12:41,151.6,140.9,156.2,142.1,150.9,142.5,141.8,141.3,155.8,145.1,152.2,139.7
SEALER-0061,762,12:42,151.7,140.6,156.1,140.6,151.6,144.0,142.1,140.6,155.4,145.7,152.6,140.3
SEALER-0061,763,12:43,151.5,140.7,156.6,141.6,151.3,144.5,142.0,141.5,155.6,144.9,152.8,141.4
SEALER-0061,764,12:44,152.1,141.1,156.1,141.7,151.0,143.4,141.6,141.8,155.0,145.9,153.5,140.9
SEALER-0061,765,12:45,151.1,141.2,156.2,142.2,150.9,144.5,143.1,141.5,156.9,145.6,153.3,140.9
SEALER-0061,766,12:46,151.3,141.4,156.4,142.5,151.1,144.8,142.7,141.1,155.9,145.5,153.2,140.9
SEALER-0061,767,12:47,151.8,142.1,156.4,141.3,151.7,144.5,143.7,141.6,155.5,145.6,152.8,140.9
SEALER-0061,768,12:48,151.4,142.5,156.0,141.9,151.5,144.2,142.7,141.3,155.5,145.4,154.1,140.5
SEALER-0061,769,12:49,151.7,142.3,156.4,142.5,151.7,143.6,142.6,141.6,155.8,145.8,153.8,141.7
SEALER-0061,770,12:50,152.7,141.9,155.9,142.2,152.1,144.4,142.6,141.8,155.9,145.9,153.3,141.6
SEALER-0061,771,12:51,152.6,143.0,156.2,142.3,152.0,144.9,142.5,142.8,156.0,146.6,154.4,141.3
SEALER-0061,772,12:52,152.5,141.7,156.5,143.6,151.8,145.0,143.9,142.7,155.7,145.6,154.0,141.4
SEALER-0061,773,12:53,151.9,142.3,156.6,141.7,152.0,143.7,143.5,142.2,155.6,146.3,153.7,141.7
SEALER-0061,774,12:54,152.0,142.2,157.0,142.8,152.1,144.5,143.3,141.1,156.6,145.8,153.0,141.8
SEALER-0061,775,12:55,152.4,143.1,156.7,142.2,152.4,144.6,143.6,141.3,156.0,145.2,153.5,141.7
SEALER-0061,776,12:56,152.6,142.4,156.6,142.7,152.0,144.5,142.1,142.6,156.5,146.9,154.0,141.1
SEALER-0061,777,12:57,152.2,141.9,157.1,142.6,152.4,144.7,143.1,141.7,156.6,147.3,154.7,141.8
SEALER-0061,778,12:58,152.8,142.7,157.1,142.7,153.1,144.5,143.4,142.1,157.0,147.3,153.8,142.3
SEALER-0061,779,12:59,152.8,142.6,157.0,143.3,153.4,144.8,144.1,142.4,157.2,147.0,154.6,140.9
SEALER-0061,780,13:00,152.8,142.9,157.8,142.5,152.9,145.4,143.0,142.0,157.3,146.9,155.0,142.0
SEALER-0061,781,13:01,152.5,141.8,157.4,142.5,153.5,145.5,143.6,142.4,157.2,147.6,154.2,142.3
SEALER-0061,782,13:02,152.8,143.8,157.2,142.5,152.1,144.7,144.2,142.6,155.8,147.3,154.7,141.7
SEALER-0061,783,13:03,152.8,143.5,157.3,143.7,152.8,144.2,143.8,142.4,157.9,147.2,154.7,141.4
SEALER-0061,784,13:04,153.2,143.3,157.7,142.8,151.9,145.4,144.1,142.6,156.8,145.8,155.3,142.8
SEALER-0061,785,13:05,152.7,142.8,157.9,142.8,153.3,146.0,144.7,142.1,158.2,147.4,155.0,141.7
SEALER-0061,786,13:06,153.0,143.6,157.6,143.5,153.3,145.1,144.5,142.8,156.8,147.4,154.7,142.7
SEALER-0061,787,13:07,152.8,143.7,157.9,143.3,153.7,145.7,144.3,142.4,158.2,147.4,155.0,142.2
SEALER-0061,788,13:08,153.5,143.0,157.6,143.5,152.5,145.3,144.6,142.2,157.2,147.2,155.3,142.8
SEALER-0061,789,13:09,153.4,144.1,157.7,144.0,153.5,145.5,145.1,142.7,157.1,147.0,154.9,142.8
SEALER-0061,790,13:10,152.9,143.5,158.5,143.3,152.9,145.3,144.6,143.0,158.2,147.5,155.0,142.7
SEALER-0061,791,13:11,153.5,143.6,158.0,144.0,153.6,146.1,144.6,143.1,157.6,147.1,155.7,142.7
SEALER-0061,792,13:12,152.6,142.8,157.7,143.1,154.0,144.7,144.6,143.0,158.1,147.7,155.5,143.2
SEALER-0061,793,13:13,153.8,143.3,158.2,143.8,153.8,145.6,144.9,143.5,157.3,148.2,155.2,142.9
SEALER-0061,794,13:14,152.3,143.9,157.9,143.3,153.8,146.4,145.3,143.2,157.4,148.3,155.2,142.8
SEALER-0061,795,13:15,153.8,143.6,157.8,144.2,153.9,146.4,145.5,143.0,158.0,147.5,155.7,142.6
SEALER-0061,796,13:16,152.8,143.7,158.7,144.2,153.1,145.9,144.3,143.2,158.7,147.7,156.6,142.7
SEALER-0061,797,13:17,154.8,143.9,157.6,143.5,154.1,145.8,144.8,143.4,158.3,148.1,156.0,144.6
SEALER-0061,798,13:18,153.6,144.9,158.5,144.0,154.4,146.5,144.8,143.3,158.3,147.7,155.7,143.7
SEALER-0061,799,13:19,154.1,143.5,159.6,143.3,154.0,146.4,145.2,144.7,158.0,147.8,155.7,142.6
SEALER-0061,800,13:20,154.2,144.9,158.7,144.0,153.6,146.9,144.5,143.9,158.7,147.9,156.3,142.1
SEALER-0061,801,13:21,155.2,143.8,158.4,145.0,154.2,146.5,145.6,144.0,157.9,147.1,156.2,144.4
SEALER-0061,802,13:22,154.4,144.5,158.9,143.6,153.9,146.5,145.9,144.9,159.0,148.0,156.3,142.4
SEALER-0061,803,13:23,154.4,143.8,158.8,144.1,154.8,146.4,145.5,144.1,159.1,146.9,156.6,143.1
SEALER-0061,804,13:24,154.9,144.4,158.6,143.9,154.8,146.7,145.9,144.3,157.4,148.0,155.6,144.0
SEALER-0061,805,13:25,154.3,143.4,158.3,144.7,154.9,146.9,145.0,144.7,159.1,147.6,156.5,144.2
SEALER-0061,806,13:26,154.8,144.6,160.0,145.2,154.8,146.8,146.2,143.9,158.2,148.9,156.0,143.9
SEALER-0061,807,13:27,154.6,144.7,159.1,144.7,154.9,147.4,145.8,144.9,158.4,148.4,156.6,143.7
SEALER-0061,808,13:28,154.7,145.1,158.8,144.7,155.6,147.2,145.7,145.1,158.6,148.5,156.9,143.9
SEALER-0061,809,13:29,154.7,144.9,158.4,144.4,155.1,147.3,145.4,145.0,158.1,148.3,155.9,144.0
SEALER-0061,810,13:30,155.6,144.9,158.8,144.7,154.5,147.5,146.0,144.0,158.8,148.2,156.3,143.9
SEALER-0061,811,13:31,155.2,143.6,159.4,145.1,155.5,147.0,146.2,144.9,158.3,149.3,156.2,144.1
SEALER-0061,812,13:32,155.3,144.9,160.6,144.9,154.9,147.4,145.1,144.7,159.1,149.2,156.3,144.2
SEALER-0061,813,13:33,154.9,145.2,159.5,144.8,154.8,147.6,145.6,145.0,159.4,148.5,157.2,144.2
SEALER-0061,814,13:34,154.7,145.3,159.6,145.0,154.1,147.3,146.7,144.3,158.9,148.7,156.8,144.3
SEALER-0061,815,13:35,154.6,143.9,160.6,145.8,155.1,148.4,145.0,144.6,160.2,148.0,157.3,144.1
SEALER-0061,816,13:36,154.7,145.4,159.1,145.3,155.1,146.7,146.3,144.9,159.3,149.4,156.2,144.4
SEALER-0061,817,13:37,155.6,145.8,160.2,145.1,156.5,147.5,144.9,144.6,159.0,149.5,156.7,144.6
SEALER-0061,818,13:38,156.1,145.9,159.9,145.3,155.8,147.6,146.7,144.4,159.0,149.0,156.3,144.9
SEALER-0061,819,13:39,154.9,145.5,161.2,146.5,156.1,148.0,146.3,145.9,160.4,148.9,157.0,143.9
SEALER-0061,820,13:40,155.7,145.4,160.0,145.6,155.7,148.1,147.2,145.1,160.0,149.3,157.7,145.3
SEALER-0061,821,13:41,156.0,144.7,160.6,145.4,156.0,147.8,147.3,146.5,159.8,149.4,158.0,145.6
SEALER-0061,822,13:42,156.2,144.3,160.2,146.0,156.2,148.2,147.3,145.5,160.5,150.4,157.5,144.7
SEALER-0061,823,13:43,155.4,146.4,159.9,145.1,156.5,147.9,147.0,144.3,161.1,149.4,157.8,145.6
SEALER-0061,824,13:44,156.0,144.8,159.9,146.3,155.3,147.7,147.2,145.5,160.8,149.0,157.1,145.4
SEALER-0061,825,13:45,155.4,145.2,160.1,145.5,156.1,148.8,147.0,145.2,159.9,150.0,157.8,145.7
SEALER-0061,826,13:46,155.8,145.5,160.5,145.6,156.4,148.6,146.8,145.2,160.2,149.5,157.4,145.6
SEALER-0061,827,13:47,155.5,145.9,160.3,146.4,155.9,147.6,146.6,144.9,159.4,149.3,158.7,145.9
SEALER-0061,828,13:48,155.4,146.3,161.1,145.9,156.9,148.8,146.6,145.3,161.1,149.4,157.7,145.3
SEALER-0061,829,13:49,155.9,145.4,160.5,146.3,156.2,148.3,146.9,145.9,161.2,149.9,158.5,144.8
SEALER-0061,830,13:50,155.0,146.2,160.9,146.1,156.0,148.5,147.5,144.7,161.1,149.1,158.0,144.8
SEALER-0061,831,13:51,156.5,145.9,161.0,146.2,156.2,148.7,146.7,145.7,160.0,150.1,157.5,145.4
SEALER-0061,832,13:52,156.5,145.7,161.5,145.9,155.7,149.1,146.7,146.2,160.4,151.4,158.2,145.8
SEALER-0061,833,13:53,155.5,146.3,161.1,146.0,156.1,148.3,147.1,146.2,161.3,149.8,158.3,146.3
SEALER-0061,834,13:54,156.3,146.1,160.9,146.1,157.0,148.9,147.0,146.6,160.4,150.3,159.0,145.7
SEALER-0061,835,13:55,155.7,146.7,161.6,145.8,157.3,148.3,147.5,146.6,160.7,150.5,158.2,145.1
SEALER-0061,836,13:56,157.0,146.0,160.4,146.7,156.5,148.5,147.4,146.3,161.6,150.7,158.2,145.9
SEALER-0061,837,13:57,156.5,146.4,160.8,146.8,157.4,150.4,147.2,146.3,160.6,150.9,158.7,146.0
SEALER-0061,838,13:58,156.3,146.3,161.7,146.0,156.0,148.5,147.6,145.5,161.3,150.1,158.4,145.8
SEALER-0061,839,13:59,156.4,146.4,161.8,145.4,158.6,149.2,148.0,146.0,160.7,150.3,158.3,145.7
SEALER-0061,840,14:00,156.7,146.2,161.0,146.2,157.5,149.1,147.9,146.5,160.9,150.4,158.3,145.2
SEALER-0061,841,14:01,157.5,146.4,161.3,146.3,158.0,148.7,147.7,145.7,161.4,150.6,158.5,146.5
SEALER-0061,842,14:02,157.1,147.1,161.2,146.9,156.8,149.4,147.8,147.1,161.9,151.3,158.7,146.1
SEALER-0061,843,14:03,156.7,146.5,161.3,146.4,156.9,149.5,148.9,146.5,160.6,150.6,158.1,145.7
SEALER-0061,844,14:04,157.3,146.3,162.5,147.6,156.9,150.3,148.5,145.7,161.0,150.9,157.7,146.4
SEALER-0061,845,14:05,157.7,146.6,161.8,146.1,156.9,148.5,148.0,146.8,161.0,151.3,158.9,145.3
SEALER-0061,846,14:06,157.1,147.1,162.0,146.5,157.4,149.1,148.1,147.1,160.9,151.1,158.8,146.5
SEALER-0061,847,14:07,157.7,146.3,163.0,147.2,158.3,150.1,147.7,146.1,161.7,150.7,159.2,146.9
SEALER-0061,848,14:08,157.1,147.2,161.9,147.0,157.9,149.8,148.7,146.5,161.9,151.3,159.5,146.4
SEALER-0061,849,14:09,156.9,147.0,162.1,146.9,157.8,149.7,148.9,147.3,161.8,150.8,159.4,146.4
SEALER-0061,850,14:10,157.7,147.1,162.3,146.7,157.4,149.0,149.1,147.4,162.5,150.4,159.2,147.1
SEALER-0061,851,14:11,157.6,147.2,162.6,147.0,157.7,150.7,148.8,146.7,161.7,150.6,159.3,146.2
SEALER-0061,852,14:12,157.0,146.8,163.0,146.9,157.0,151.0,148.6,147.3,161.7,151.1,159.9,146.3
SEALER-0061,853,14:13,157.8,147.7,162.5,146.8,157.0,149.8,148.1,147.5,161.9,151.6,159.9,146.7
SEALER-0061,854,14:14,158.0,148.3,162.9,147.4,158.6,150.3,148.5,147.3,161.8,151.0,160.0,147.6
SEALER-0061,855,14:15,156.9,147.3,162.5,147.4,158.2,150.8,148.8,147.0,162.2,151.5,158.8,147.8
SEALER-0061,856,14:16,158.1,148.0,162.3,146.9,158.5,149.6,148.2,147.5,161.7,152.4,159.6,146.4
SEALER-0061,857,14:17,156.8,147.8,162.7,148.3,158.2,150.5,149.0,147.6,162.4,151.4,159.5,146.5
SEALER-0061,858,14:18,158.5,147.3,162.9,148.2,158.1,149.9,148.9,148.1,162.3,152.2,160.3,146.9
SEALER-0061,859,14:19,158.4,148.0,163.6,147.3,158.8,150.3,149.1,146.8,162.4,151.8,159.6,146.7
SEALER-0061,860,14:20,158.7,148.7,163.0,147.6,158.7,151.0,149.2,147.4,162.4,151.3,159.0,146.7
SEALER-0061,861,14:21,158.5,148.5,163.5,147.5,158.2,149.4,149.1,147.4,162.0,151.0,160.1,147.0
SEALER-0061,862,14:22,158.3,148.6,162.2,148.5,158.4,150.4,149.3,147.5,163.6,151.1,160.3,148.1
SEALER-0061,863,14:23,158.6,147.8,162.7,147.9,158.7,151.3,149.2,148.0,161.9,151.9,159.7,147.3
SEALER-0061,864,14:24,158.0,147.4,162.8,148.8,158.2,150.5,149.4,148.2,163.5,152.2,160.0,147.0
SEALER-0061,865,14:25,159.6,147.9,162.9,148.7,158.4,150.8,149.8,148.9,163.0,151.4,160.2,148.1
SEALER-0061,866,14:26,158.8,148.9,162.8,148.6,158.9,150.4,149.2,147.8,162.3,151.5,161.0,147.2
SEALER-0061,867,14:27,159.4,148.4,163.6,147.8,159.4,151.0,148.9,148.2,163.1,152.3,159.8,147.8
SEALER-0061,868,14:28,158.6,148.0,163.2,147.8,159.4,149.9,150.2,148.5,163.5,152.1,160.1,147.3
SEALER-0061,869,14:29,158.1,148.2,163.7,148.1,159.0,151.2,149.9,147.7,162.6,151.7,160.3,147.3
SEALER-0061,870,14:30,158.4,148.9,163.5,149.5,159.3,151.2,148.9,147.2,162.8,152.2,160.4,147.9
SEALER-0061,871,14:31,158.9,147.3,164.5,148.1,158.7,151.6,149.4,149.4,163.3,152.6,159.9,149.0
SEALER-0061,872,14:32,159.5,148.7,163.5,148.0,159.1,151.4,150.2,149.2,163.6,152.0,160.4,147.8
SEALER-0061,873,14:33,158.9,147.9,163.9,148.7,159.8,152.7,150.5,149.2,162.8,152.3,160.3,147.6
SEALER-0061,874,14:34,159.2,148.4,163.8,148.4,158.8,151.5,148.8,148.6,163.5,152.1,161.2,148.3
SEALER-0061,875,14:35,159.3,148.6,164.0,148.2,159.3,151.5,150.4,149.2,163.2,153.0,160.8,147.6
SEALER-0061,876,14:36,158.7,149.8,163.3,149.2,159.6,151.7,149.5,148.5,163.3,152.0,161.1,148.4
SEALER-0061,877,14:37,160.1,148.9,164.3,148.2,159.1,152.0,150.2,148.1,163.3,153.7,161.0,148.1
SEALER-0061,878,14:38,159.3,148.9,164.6,148.5,159.6,151.1,149.9,148.8,163.5,151.7,160.6,148.0
SEALER-0061,879,14:39,159.1,148.9,163.3,148.5,159.8,152.0,150.2,148.9,163.9,151.9,161.2,148.8
SEALER-0061,880,14:40,159.3,148.7,164.6,149.4,160.0,152.0,150.4,149.3,163.8,153.6,161.5,148.8
SEALER-0061,881,14:41,159.8,148.8,164.3,147.9,159.7,152.2,150.0,147.8,163.8,152.8,161.7,148.4
SEALER-0061,882,14:42,160.2,148.5,164.5,148.8,160.9,152.0,149.5,149.2,162.9,152.7,161.3,147.6
SEALER-0061,883,14:43,158.7,148.6,164.0,149.2,159.6,152.3,150.2,148.8,164.6,153.6,161.4,148.7
SEALER-0061,884,14:44,159.2,148.8,163.2,149.2,159.5,152.4,151.4,148.6,163.8,153.4,161.5,148.0
SEALER-0061,885,14:45,160.6,149.7,164.2,149.4,159.6,152.7,151.0,148.3,163.9,153.2,162.5,148.4
SEALER-0061,886,14:46,160.1,149.2,163.8,150.2,161.1,152.4,151.7,147.9,164.5,154.6,161.8,148.7
SEALER-0061,887,14:47,159.8,149.6,163.5,150.1,160.1,151.8,150.2,149.7,163.6,154.0,161.2,148.5
SEALER-0061,888,14:48,160.4,149.7,164.2,149.0,160.0,151.7,151.6,149.4,165.3,152.9,163.0,150.2
SEALER-0061,889,14:49,159.8,149.2,165.2,148.2,160.6,152.2,151.1,149.2,163.5,154.5,161.7,149.7
SEALER-0061,890,14:50,160.3,148.3,164.2,149.8,160.5,152.0,151.1,149.9,164.2,153.5,162.1,149.9
SEALER-0061,891,14:51,160.7,150.4,165.5,149.3,160.0,153.2,150.2,149.3,164.6,153.6,162.6,149.3
SEALER-0061,892,14:52,160.0,149.6,164.9,149.8,161.6,152.1,150.5,149.5,164.9,153.8,162.1,149.1
SEALER-0061,893,14:53,161.3,150.0,164.9,150.3,161.0,151.6,150.8,150.3,164.1,153.7,162.6,149.4
SEALER-0061,894,14:54,161.4,149.1,165.1,149.4,160.5,152.9,151.9,150.2,164.5,153.5,161.5,149.3
SEALER-0061,895,14:55,160.3,149.9,164.1,150.0,160.0,153.8,150.7,149.5,165.1,153.8,161.7,149.1
SEALER-0061,896,14:56,160.5,149.2,164.6,149.6,160.3,152.1,151.3,150.2,163.7,153.6,162.8,150.0
SEALER-0061,897,14:57,160.0,150.1,164.6,150.8,160.8,153.7,151.4,149.7,164.6,153.5,162.8,149.8
SEALER-0061,898,14:58,160.6,151.3,165.9,150.6,162.1,152.8,151.7,150.3,165.7,153.8,162.0,149.4
SEALER-0061,899,14:59,160.7,150.1,166.3,149.9,160.8,152.2,152.5,149.8,164.9,152.8,161.7,148.8
SEALER-0061,900,15:00,161.7,150.8,165.8,149.9,160.0,153.3,152.1,150.3,163.8,154.1,162.8,150.0
SEALER-0061,901,15:01,161.1,150.8,165.3,150.4,161.4,152.7,151.6,149.9,165.2,154.9,161.8,149.2
SEALER-0061,902,15:02,160.8,150.1,165.7,151.1,160.6,153.3,150.9,149.1,166.0,154.6,162.2,149.2
SEALER-0061,903,15:03,161.7,150.7,165.1,150.6,161.6,153.2,151.5,150.1,165.2,154.1,162.8,149.5
SEALER-0061,904,15:04,160.7,150.5,166.0,151.0,162.4,153.3,152.3,150.3,164.9,154.9,162.4,149.7
SEALER-0061,905,15:05,160.9,150.9,165.3,150.2,160.6,154.1,152.5,151.3,165.5,155.5,164.1,149.6
SEALER-0061,906,15:06,160.2,150.7,165.0,150.3,161.3,152.7,151.8,150.8,164.9,155.2,163.1,149.7
SEALER-0061,907,15:07,161.0,150.6,166.0,150.3,162.2,153.9,152.6,150.8,165.0,156.0,162.6,149.9
SEALER-0061,908,15:08,161.7,150.9,165.2,150.4,161.7,153.3,152.0,150.4,164.5,154.3,163.5,150.1
SEALER-0061,909,15:09,161.1,150.6,166.0,151.2,162.1,153.2,151.7,150.3,164.8,154.6,162.9,149.7
SEALER-0061,910,15:10,160.5,150.8,165.9,151.1,161.6,153.5,151.8,150.8,165.3,154.7,163.1,148.9
SEALER-0061,911,15:11,161.4,151.3,165.8,150.9,161.8,152.2,152.4,149.9,165.6,154.6,163.5,149.0
SEALER-0061,912,15:12,161.4,150.0,165.9,150.1,163.1,153.2,153.1,150.0,166.7,155.3,164.1,149.9
SEALER-0061,913,15:13,161.7,150.9,166.1,150.8,161.6,154.0,152.7,151.3,165.9,155.8,164.3,149.5
SEALER-0061,914,15:14,161.2,150.9,165.1,151.0,161.3,154.4,152.4,150.7,165.7,154.7,164.0,150.5
SEALER-0061,915,15:15,162.1,151.3,166.9,151.0,162.2,154.0,152.1,151.0,165.9,154.7,163.2,150.6
SEALER-0061,916,15:16,162.1,150.9,166.5,151.2,161.6,154.5,152.6,151.3,166.3,155.4,163.2,150.8
SEALER-0061,917,15:17,161.9,151.2,166.2,151.8,162.1,153.7,153.8,150.8,165.7,154.6,163.3,151.3
SEALER-0061,918,15:18,161.8,151.0,167.0,150.7,161.8,154.3,152.7,150.7,166.1,156.1,164.2,151.2
SEALER-0061,919,15:19,162.8,150.7,166.9,151.0,161.6,153.7,152.9,150.8,166.2,154.8,164.4,150.8
SEALER-0061,920,15:20,161.4,150.6,166.3,151.7,161.6,155.0,153.0,151.9,166.8,157.6,164.9,150.3
SEALER-0061,921,15:21,161.1,152.1,166.3,150.2,162.2,154.7,153.4,151.1,166.4,155.5,163.6,150.6
SEALER-0061,922,15:22,162.9,151.2,166.3,151.9,163.4,155.1,152.4,151.1,166.2,156.1,164.0,151.2
SEALER-0061,923,15:23,161.8,151.1,167.1,151.7,161.6,155.5,153.2,151.1,166.7,154.5,164.6,150.9
SEALER-0061,924,15:24,162.1,151.7,169.4,151.6,162.4,154.4,153.2,151.1,166.4,154.7,164.5,150.6
SEALER-0061,925,15:25,162.5,151.8,167.5,151.5,162.7,155.3,153.1,151.5,166.0,155.6,164.7,150.4
SEALER-0061,926,15:26,163.0,152.2,166.9,152.4,162.4,155.2,153.2,151.9,165.6,154.9,164.1,151.1
SEALER-0061,927,15:27,163.2,151.4,166.4,150.7,161.8,154.6,153.8,151.5,166.4,156.0,163.5,150.8
SEALER-0061,928,15:28,162.9,151.4,167.2,151.7,163.0,155.1,153.6,151.8,167.1,154.3,164.9,151.3
SEALER-0061,929,15:29,162.7,152.7,166.6,151.8,163.0,154.7,153.5,152.3,166.5,155.3,164.4,151.3
SEALER-0061,930,15:30,162.9,151.7,167.5,151.6,163.3,154.8,153.9,151.3,166.8,155.3,163.8,151.0
SEALER-0061,931,15:31,162.7,152.6,167.0,149.5,163.4,154.3,153.6,151.8,166.6,154.0,165.0,150.9
SEALER-0061,932,15:32,163.3,153.1,167.7,151.3,163.9,155.4,153.4,152.7,167.8,156.7,166.7,151.4
SEALER-0061,933,15:33,163.0,150.9,166.2,151.9,162.3,154.7,153.6,152.3,166.7,155.4,163.5,151.3
SEALER-0061,934,15:34,162.1,152.0,169.1,151.0,162.5,155.1,153.2,152.4,168.0,155.6,163.9,151.9
SEALER-0061,935,15:35,162.7,152.2,166.4,151.3,162.7,155.7,154.0,151.9,167.5,157.1,163.6,151.4
SEALER-0061,936,15:36,163.2,152.9,165.5,152.3,163.0,154.8,154.7,152.6,167.2,155.6,164.6,152.3
SEALER-0061,937,15:37,162.6,152.3,166.6,151.5,163.4,156.0,154.5,152.6,167.5,154.3,163.3,152.7
SEALER-0061,938,15:38,162.9,152.9,167.3,151.8,163.1,154.8,154.1,152.1,166.3,154.8,163.1,152.5
SEALER-0061,939,15:39,163.3,152.0,167.9,152.5,163.5,155.5,153.8,152.7,166.5,155.9,164.5,152.0
SEALER-0061,940,15:40,163.3,153.0,166.1,151.9,164.0,155.2,153.1,152.6,169.3,155.5,165.4,151.7
SEALER-0061,941,15:41,163.8,151.1,165.7,152.7,163.5,155.9,153.3,152.3,165.7,155.0,164.1,152.4
SEALER-0061,942,15:42,163.8,151.4,167.8,153.2,163.2,156.0,154.5,152.6,167.0,155.3,165.8,151.9
SEALER-0061,943,15:43,163.0,151.6,166.2,151.2,163.4,155.5,153.5,152.1,167.0,155.5,164.5,151.2
SEALER-0061,944,15:44,164.0,150.2,167.2,151.4,163.9,156.2,154.6,153.6,167.2,154.6,165.4,152.0
SEALER-0061,945,15:45,164.2,151.5,166.7,152.1,164.0,155.0,154.4,152.7,166.6,156.9,163.6,152.2
SEALER-0061,946,15:46,163.7,152.7,166.9,151.2,164.3,156.3,154.4,153.1,166.4,156.4,164.1,152.8
SEALER-0061,947,15:47,163.4,151.5,167.5,150.7,164.1,155.6,154.2,151.6,166.0,154.8,163.9,152.3
SEALER-0061,948,15:48,164.1,152.9,166.5,153.1,164.4,155.4,154.7,152.1,166.5,156.6,164.7,151.4
SEALER-0061,949,15:49,163.5,153.0,167.0,151.7,164.5,156.7,154.3,153.3,168.6,154.8,164.9,152.3
SEALER-0061,950,15:50,164.8,151.9,165.6,151.5,163.8,155.5,154.1,152.4,166.5,153.6,164.6,152.3
SEALER-0061,951,15:51,165.5,152.8,166.0,151.4,165.0,155.8,154.3,152.9,165.0,154.6,165.0,152.6
SEALER-0061,952,15:52,163.8,150.8,167.1,151.0,164.2,155.6,155.0,153.1,166.4,156.7,165.2,151.6
SEALER-0061,953,15:53,163.6,152.3,168.2,152.5,164.5,156.9,155.0,153.0,167.8,155.3,163.8,152.8
SEALER-0061,954,15:54,164.3,151.8,167.4,153.1,164.7,156.4,154.7,153.0,167.8,156.4,165.8,153.6
SEALER-0061,955,15:55,163.7,151.6,166.5,152.2,164.2,156.0,155.2,153.1,167.5,153.9,166.8,153.7
SEALER-0061,956,15:56,163.7,151.6,167.0,151.6,164.2,156.5,155.2,154.7,167.7,154.3,164.1,153.7
SEALER-0061,957,15:57,163.2,151.3,166.3,152.1,164.2,155.8,154.0,151.8,166.2,154.9,164.3,152.2
SEALER-0061,958,15:58,163.0,150.3,167.3,152.0,164.5,156.7,155.1,153.4,166.1,155.5,165.5,152.5
SEALER-0061,959,15:59,163.9,152.3,166.2,150.3,164.7,156.7,155.3,152.1,167.7,156.5,165.2,153.9
SEALER-0061,960,16:00,164.1,153.6,167.4,151.2,164.5,157.9,155.4,152.6,167.4,156.2,165.8,153.5
SEALER-0061,961,16:01,163.9,151.8,166.5,150.7,165.2,157.1,156.1,153.2,167.4,155.1,164.4,152.2
SEALER-0061,962,16:02,164.7,152.0,164.8,152.0,164.5,156.6,156.1,153.0,167.6,155.4,164.3,151.2
SEALER-0061,963,16:03,162.7,153.1,166.4,150.1,164.7,157.2,155.2,153.3,166.6,156.2,163.9,151.6
SEALER-0061,964,16:04,163.8,151.8,168.0,153.3,164.7,156.7,154.4,155.0,165.2,153.6,163.8,151.9
SEALER-0061,965,16:05,163.6,151.3,166.7,152.0,164.8,156.1,156.5,152.1,167.8,155.5,165.2,151.1
SEALER-0061,966,16:06,163.7,153.8,167.9,152.2,165.4,157.2,154.8,153.1,167.0,155.7,164.0,153.4
SEALER-0061,967,16:07,164.1,150.7,166.1,153.0,166.7,156.5,155.0,154.0,167.4,154.3,164.0,153.0
SEALER-0061,968,16:08,164.6,152.6,166.5,152.5,164.8,156.1,155.8,153.4,166.6,155.2,164.0,152.3
SEALER-0061,969,16:09,163.9,152.7,166.3,150.6,165.3,157.0,156.5,154.4,168.1,155.8,164.4,152.0
SEALER-0061,970,16:10,164.2,151.5,168.3,152.0,163.3,155.1,155.8,153.2,166.4,154.2,165.9,152.2
SEALER-0061,971,16:11,162.7,154.0,166.8,151.4,164.2,156.3,156.7,153.8,166.8,155.5,164.1,152.3
SEALER-0061,972,16:12,164.1,151.7,165.7,151.1,164.4,157.1,154.9,152.8,168.3,154.1,163.5,153.3
SEALER-0061,973,16:13,164.1,151.1,166.0,150.6,165.2,158.6,154.9,153.5,166.5,156.3,164.9,151.5
SEALER-0061,974,16:14,163.0,154.0,167.7,151.6,163.7,156.3,153.6,152.3,166.3,154.4,165.5,152.0
SEALER-0061,975,16:15,162.9,151.5,167.7,151.1,163.1,156.5,155.3,152.8,168.0,155.2,164.3,151.2
SEALER-0061,976,16:16,164.2,152.1,166.4,151.3,164.0,155.8,154.1,153.1,165.7,156.4,166.0,151.5
SEALER-0061,977,16:17,165.2,154.6,166.7,151.4,165.8,156.5,155.9,152.9,165.4,154.6,163.3,153.3
SEALER-0061,978,16:18,162.7,152.6,166.4,150.6,163.3,157.0,155.2,152.2,167.6,154.9,163.8,153.5
SEALER-0061,979,16:19,163.7,152.0,166.2,150.1,165.1,157.4,155.8,153.3,166.6,155.7,164.6,150.7
SEALER-0061,980,16:20,164.2,153.6,166.5,152.3,162.5,155.9,153.9,153.1,166.8,156.0,164.5,152.4
SEALER-0061,981,16:21,164.6,151.7,166.7,151.8,164.0,157.2,153.8,152.7,165.6,155.4,164.9,152.0
SEALER-0061,982,16:22,162.5,153.3,167.0,150.9,164.4,157.1,155.3,153.9,166.6,155.6,165.1,152.4
SEALER-0061,983,16:23,163.9,151.6,167.1,152.3,164.5,157.2,154.4,151.8,167.6,154.8,163.5,153.4
SEALER-0061,984,16:24,163.6,151.2,167.7,152.3,164.2,157.4,156.5,154.6,168.1,155.5,163.9,153.5
SEALER-0061,985,16:25,163.5,150.3,167.7,151.9,163.2,157.1,155.4,152.6,166.8,154.4,163.0,153.9
SEALER-0061,986,16:26,162.5,151.0,166.6,151.9,164.4,156.8,155.3,151.9,166.6,155.6,165.6,152.6
SEALER-0061,987,16:27,163.8,151.4,166.4,151.4,164.5,158.7,155.0,154.0,165.2,156.3,165.0,153.0
SEALER-0061,988,16:28,162.8,152.0,167.5,151.3,166.1,156.6,155.2,154.7,165.2,157.4,164.2,152.7
SEALER-0061,989,16:29,163.5,151.2,166.9,152.3,165.6,157.1,155.2,153.1,167.1,155.7,165.1,151.5
SEALER-0061,990,16:30,162.6,150.6,165.9,152.9,163.8,156.6,155.7,153.6,166.6,155.1,165.0,151.2
SEALER-0061,991,16:31,164.7,152.4,166.2,153.3,164.3,156.1,155.3,154.2,166.0,156.0,163.9,152.2
SEALER-0061,992,16:32,163.1,152.0,167.1,151.5,164.8,156.6,155.7,154.2,166.3,155.4,164.7,152.3
SEALER-0061,993,16:33,163.2,151.4,166.7,150.6,165.0,158.5,153.9,154.0,168.0,155.8,165.6,152.7
SEALER-0061,994,16:34,163.5,151.9,166.7,151.0,165.4,155.6,155.4,153.7,167.0,155.2,165.3,152.5
SEALER-0061,995,16:35,162.7,150.9,166.9,150.7,165.0,156.9,155.6,153.8,166.1,156.6,163.7,153.3
SEALER-0061,996,16:36,164.5,151.6,166.5,151.0,164.1,157.1,154.3,153.0,166.0,156.6,164.8,152.6
SEALER-0061,997,16:37,164.3,152.5,165.8,151.7,166.0,157.5,156.5,152.1,166.5,157.0,164.6,151.6
SEALER-0061,998,16:38,164.3,151.1,166.7,152.4,165.4,157.4,155.8,152.8,166.6,156.0,165.4,153.7
SEALER-0061,999,16:39,164.3,152.1,164.6,150.9,166.1,157.2,154.7,153.6,166.0,155.9,165.1,152.7
SEALER-0061,1000,16:40,163.6,151.1,165.5,152.1,163.8,158.8,156.4,151.5,166.4,157.0,163.6,152.1
SEALER-0061,1001,16:41,163.2,150.9,166.9,152.3,164.3,156.9,155.3,153.3,167.7,155.6,165.9,152.3
SEALER-0061,1002,16:42,163.8,152.1,166.0,150.4,165.0,157.9,154.9,154.6,168.4,154.5,165.9,154.1
SEALER-0061,1003,16:43,163.6,152.6,165.2,151.3,166.0,157.7,154.5,154.4,165.5,155.1,165.5,152.3
SEALER-0061,1004,16:44,163.9,151.9,167.0,151.2,164.2,157.3,156.4,152.8,166.8,154.9,166.5,151.4
SEALER-0061,1005,16:45,164.7,150.3,167.0,153.5,164.4,155.3,155.5,155.7,167.2,153.9,165.2,152.3
SEALER-0061,1006,16:46,163.7,150.6,167.4,151.3,163.2,158.4,154.9,152.8,167.5,156.2,163.5,152.1
SEALER-0061,1007,16:47,164.4,152.8,167.4,151.3,165.5,157.2,154.7,153.7,166.4,155.0,164.0,152.8
SEALER-0061,1008,16:48,163.6,152.6,165.8,152.7,165.4,157.8,154.1,153.5,166.8,156.3,164.8,152.2
SEALER-0061,1009,16:49,162.9,150.2,168.0,151.0,165.3,156.7,155.2,153.4,167.5,155.1,165.1,154.7
SEALER-0061,1010,16:50,163.2,152.2,165.9,152.3,165.4,156.4,155.3,153.3,165.9,155.5,165.2,152.4
SEALER-0061,1011,16:51,162.7,150.5,167.2,152.0,164.7,158.7,156.8,153.9,166.5,155.4,163.9,151.9
SEALER-0061,1012,16:52,162.6,151.9,166.5,152.6,165.0,158.4,155.2,152.7,167.9,155.1,165.8,151.6
SEALER-0061,1013,16:53,163.4,153.0,166.5,152.6,164.7,157.6,155.7,152.4,167.2,155.1,163.5,152.7
SEALER-0061,1014,16:54,164.1,151.2,167.4,150.8,165.7,158.6,154.6,152.7,165.7,154.6,164.9,152.6
SEALER-0061,1015,16:55,164.6,151.4,165.5,149.8,164.2,156.8,157.0,153.3,166.7,155.3,164.6,150.5
SEALER-0061,1016,16:56,162.2,151.1,167.5,151.8,165.3,158.2,154.6,153.1,167.2,155.3,165.3,153.6
SEALER-0061,1017,16:57,163.3,152.7,165.3,151.5,165.2,158.4,153.9,154.7,165.1,154.9,166.3,152.1
SEALER-0061,1018,16:58,164.8,153.3,167.6,151.4,165.2,156.1,155.9,152.7,168.6,154.7,164.7,153.9
SEALER-0061,1019,16:59,163.7,151.1,168.3,153.4,164.2,156.8,154.8,152.1,165.6,156.2,164.7,152.4
SEALER-0061,1020,17:00,163.7,153.2,167.4,151.9,164.0,157.0,155.5,153.2,166.4,155.4,163.4,151.7
SEALER-0061,1021,17:01,164.0,151.9,166.9,151.3,163.5,156.4,154.4,153.2,166.0,155.1,163.2,154.0
SEALER-0061,1022,17:02,164.2,151.1,167.6,152.7,164.4,156.3,155.9,153.1,167.4,155.2,164.5,152.1
SEALER-0061,1023,17:03,162.3,151.1,166.8,152.3,163.4,158.3,155.7,153.7,167.7,157.3,164.8,150.5
SEALER-0061,1024,17:04,162.8,151.8,166.4,151.1,163.7,156.5,156.1,153.9,166.0,154.5,163.9,153.7
SEALER-0061,1025,17:05,164.3,151.8,167.6,150.2,164.0,158.0,155.3,153.2,167.5,155.1,163.6,152.5
SEALER-0061,1026,17:06,164.0,150.5,166.4,151.6,164.5,157.7,154.9,154.4,167.0,155.1,164.1,153.4
SEALER-0061,1027,17:07,164.2,152.5,165.5,151.1,164.8,157.8,156.4,154.8,167.9,154.7,163.5,152.8
SEALER-0061,1028,17:08,163.5,152.1,165.9,150.5,164.7,156.1,156.8,152.7,166.3,155.4,164.2,152.2
SEALER-0061,1029,17:09,164.0,152.0,166.8,151.4,163.8,156.9,156.1,153.9,166.9,156.4,164.7,152.5
SEALER-0061,1030,17:10,163.8,151.4,166.5,151.9,163.7,156.5,154.7,152.2,166.7,155.6,165.1,153.8
SEALER-0061,1031,17:11,164.5,152.3,167.2,150.7,165.1,156.7,155.9,153.5,166.4,154.9,164.9,152.4
SEALER-0061,1032,17:12,162.3,151.6,165.8,152.4,163.6,154.7,154.6,154.6,166.7,154.4,163.6,152.9
SEALER-0061,1033,17:13,164.0,151.4,167.9,151.7,164.1,156.4,156.3,153.6,166.0,155.8,164.2,151.0
SEALER-0061,1034,17:14,164.7,152.0,165.8,152.2,165.1,155.6,156.7,153.1,167.4,156.1,163.7,153.4
SEALER-0061,1035,17:15,161.9,150.8,168.8,151.1,164.3,156.3,154.2,152.8,166.3,156.4,164.1,152.6
SEALER-0061,1036,17:16,162.4,152.8,167.0,151.6,166.4,156.0,155.8,153.1,166.2,155.5,164.6,151.9
SEALER-0061,1037,17:17,164.1,152.3,166.4,151.3,165.0,156.7,156.6,151.8,166.2,155.4,164.7,151.5
SEALER-0061,1038,17:18,164.0,153.1,168.5,152.3,166.3,155.3,154.4,153.6,167.9,154.8,163.5,153.6
SEALER-0061,1039,17:19,163.4,153.5,165.3,152.1,163.5,157.3,155.1,152.3,167.6,155.1,161.8,152.4
SEALER-0061,1040,17:20,163.7,151.9,166.7,151.9,164.7,156.5,153.1,152.7,166.8,155.3,164.7,150.2
SEALER-0061,1041,17:21,162.0,152.8,167.6,150.4,163.8,155.9,156.2,152.4,167.5,155.3,164.1,152.4
SEALER-0061,1042,17:22,165.1,152.2,167.4,152.5,164.6,157.0,156.3,152.4,167.4,155.0,162.5,153.4
SEALER-0061,1043,17:23,164.7,151.6,167.1,151.9,163.5,157.0,155.4,153.0,167.9,155.4,163.5,154.4
SEALER-0061,1044,17:24,162.2,152.7,165.4,152.0,165.6,157.0,154.6,154.1,165.2,157.2,165.7,150.9
SEALER-0061,1045,17:25,161.4,151.3,167.3,152.1,164.4,158.0,154.6,154.6,167.1,155.1,163.8,152.4
SEALER-0061,1046,17:26,162.9,152.1,166.5,150.3,166.0,157.6,156.1,153.2,167.3,154.7,164.5,152.1
SEALER-0061,1047,17:27,163.8,152.0,166.6,151.5,163.7,156.6,156.7,155.3,167.2,156.0,164.8,152.6
SEALER-0061,1048,17:28,161.0,151.8,168.2,154.3,166.1,156.4,154.6,152.7,167.4,154.5,165.4,152.7
SEALER-0061,1049,17:29,163.9,152.7,168.1,152.1,164.2,158.0,155.0,153.0,167.2,154.0,166.2,152.3
SEALER-0061,1050,17:30,164.4,153.4,167.1,152.0,166.2,156.8,155.1,150.7,167.1,156.1,165.1,151.7
SEALER-0061,1051,17:31,162.4,151.9,168.0,150.4,163.2,157.5,156.1,152.6,166.2,156.1,166.0,152.0
SEALER-0061,1052,17:32,163.9,151.7,165.5,152.2,164.9,157.7,153.1,152.9,168.7,155.5,164.6,152.1
SEALER-0061,1053,17:33,162.8,151.6,166.5,151.3,163.4,155.5,154.4,154.0,167.0,155.8,163.4,151.4
SEALER-0061,1054,17:34,164.4,151.8,169.1,150.6,164.6,157.9,154.7,153.1,166.2,154.6,164.1,151.8
SEALER-0061,1055,17:35,163.8,152.3,166.0,152.3,163.3,158.0,155.2,152.3,166.9,155.0,163.8,153.9
SEALER-0061,1056,17:36,163.0,152.1,166.4,153.2,164.6,157.6,157.0,153.8,167.5,155.8,164.5,152.6
SEALER-0061,1057,17:37,163.8,150.2,167.3,152.4,164.2,157.5,156.2,151.8,166.2,156.5,163.7,152.9
SEALER-0061,1058,17:38,163.4,152.9,166.7,149.7,165.3,156.5,155.3,154.0,168.1,155.9,163.4,153.1
SEALER-0061,1059,17:39,163.2,151.6,166.2,151.9,164.3,153.6,155.1,153.7,168.1,154.8,163.8,151.7
SEALER-0061,1060,17:40,161.9,151.5,166.9,152.3,165.7,156.6,154.3,152.9,167.6,154.8,164.1,152.9
SEALER-0061,1061,17:41,164.1,151.2,166.8,151.7,164.5,155.8,156.2,154.0,166.5,155.4,163.9,152.4
SEALER-0061,1062,17:42,163.4,151.0,167.8,154.7,165.6,157.4,155.5,152.3,167.8,153.9,163.0,151.9
SEALER-0061,1063,17:43,165.0,152.1,167.3,151.5,164.5,159.3,156.6,153.7,168.1,155.1,165.5,152.8
SEALER-0061,1064,17:44,162.2,151.7,167.2,151.7,165.9,157.8,155.4,152.6,166.9,156.3,162.8,151.4
SEALER-0061,1065,17:45,164.6,151.7,165.2,150.5,163.9,158.1,155.1,153.5,167.3,154.4,165.3,151.8
SEALER-0061,1066,17:46,163.0,152.5,166.9,152.2,164.4,156.6,155.6,153.2,167.5,157.1,165.1,152.6
SEALER-0061,1067,17:47,163.3,152.3,166.7,152.1,165.9,157.6,154.3,152.0,167.9,155.7,162.8,150.4
SEALER-0061,1068,17:48,163.7,152.5,166.5,152.9,166.1,155.9,156.1,153.3,166.6,154.8,164.6,152.0
SEALER-0061,1069,17:49,164.3,152.5,166.4,152.9,166.3,157.3,154.4,154.2,166.5,156.4,164.9,151.6
SEALER-0061,1070,17:50,163.2,152.2,166.1,151.4,164.3,157.9,155.9,154.1,166.6,153.8,163.8,153.6
SEALER-0061,1071,17:51,163.7,151.9,165.0,151.0,165.1,156.5,156.2,151.8,166.4,155.7,164.9,152.1
SEALER-0061,1072,17:52,163.9,152.9,167.7,151.0,166.0,156.1,157.2,152.7,166.3,155.0,164.6,150.8
SEALER-0061,1073,17:53,162.5,151.7,167.1,152.6,163.8,155.8,156.2,153.4,165.3,156.8,163.5,151.3
SEALER-0061,1074,17:54,163.6,151.4,168.0,151.8,166.1,157.3,154.1,153.4,167.4,154.5,163.6,152.5
SEALER-0061,1075,17:55,162.3,152.7,167.7,151.9,164.7,156.4,154.5,154.2,167.1,156.1,165.1,153.0
SEALER-0061,1076,17:56,161.8,152.2,166.0,151.7,165.3,157.0,153.6,154.1,168.1,154.5,164.2,151.7
SEALER-0061,1077,17:57,164.0,151.9,168.4,152.3,165.7,156.5,155.4,153.5,167.0,155.8,165.0,152.5
SEALER-0061,1078,17:58,164.4,152.5,167.3,149.2,166.0,157.4,155.7,153.5,166.2,155.6,164.7,152.6
SEALER-0061,1079,17:59,163.3,150.7,167.2,151.6,163.4,157.7,155.3,152.5,164.3,155.5,163.4,152.6
SEALER-0061,1080,18:00,163.6,153.1,167.1,151.0,165.1,156.4,155.9,154.0,166.7,154.6,162.6,153.7
SEALER-0061,1081,18:01,162.2,150.8,166.7,151.3,164.6,157.6,153.8,152.7,165.8,156.1,165.1,151.8
SEALER-0061,1082,18:02,162.7,150.3,168.2,153.3,164.8,156.9,155.6,153.7,166.1,153.7,164.1,153.2
SEALER-0061,1083,18:03,164.2,152.2,167.8,152.1,165.0,157.2,154.3,154.0,166.0,154.4,163.2,153.1
SEALER-0061,1084,18:04,163.5,149.6,168.0,151.9,164.7,157.7,156.2,154.1,166.5,157.4,165.3,150.6
SEALER-0061,1085,18:05,162.5,152.1,168.2,151.3,164.8,157.5,155.8,152.3,166.2,155.6,163.3,152.6
SEALER-0061,1086,18:06,163.0,152.5,168.4,152.8,164.2,156.3,156.0,152.7,167.2,154.1,165.2,152.3
SEALER-0061,1087,18:07,163.0,152.5,165.7,152.3,165.3,157.6,155.6,152.3,167.3,155.2,163.5,152.1
SEALER-0061,1088,18:08,165.8,153.5,167.0,151.5,165.1,158.3,155.1,152.6,165.6,155.9,164.9,152.0
SEALER-0061,1089,18:09,162.1,152.8,167.8,153.2,164.2,156.8,154.8,153.7,167.4,155.1,165.4,152.2
SEALER-0061,1090,18:10,163.1,151.0,167.8,151.3,164.3,156.9,155.6,153.2,166.1,155.5,165.0,152.6
SEALER-0061,1091,18:11,164.4,153.2,167.3,151.8,165.7,156.1,155.6,154.3,165.6,156.2,164.1,151.6
SEALER-0061,1092,18:12,163.9,150.8,166.5,153.2,164.5,157.1,154.9,153.9,166.1,154.4,162.8,152.2
SEALER-0061,1093,18:13,163.5,151.8,166.8,153.2,164.6,156.3,154.8,153.4,167.1,156.3,164.4,153.2
SEALER-0061,1094,18:14,163.6,152.0,165.9,151.6,164.8,156.7,155.1,153.2,168.0,155.9,164.0,151.2
SEALER-0061,1095,18:15,162.0,150.8,166.0,150.2,164.3,157.2,156.1,153.2,167.6,154.5,165.1,153.5
SEALER-0061,1096,18:16,165.3,151.6,168.4,150.5,165.6,157.4,154.3,153.4,166.7,155.1,165.9,153.7
SEALER-0061,1097,18:17,160.5,150.7,165.9,152.7,164.6,157.6,154.7,151.3,167.0,155.3,164.7,151.0
SEALER-0061,1098,18:18,163.4,152.2,166.2,152.3,164.3,158.0,155.8,153.9,166.8,153.5,165.5,151.0
SEALER-0061,1099,18:19,162.1,152.0,167.0,150.8,164.4,156.3,154.8,153.9,166.4,156.2,163.9,151.8
SEALER-0061,1100,18:20,164.6,152.4,165.3,151.2,164.4,155.6,155.4,153.8,166.1,156.3,164.8,153.5
SEALER-0061,1101,18:21,164.0,150.6,168.1,150.8,164.3,158.0,155.5,152.4,165.1,154.7,163.2,152.3
SEALER-0061,1102,18:22,161.8,153.3,165.0,152.2,165.0,155.8,156.0,152.2,167.8,155.4,163.0,153.0
SEALER-0061,1103,18:23,164.0,152.7,167.7,151.4,164.4,157.1,154.1,152.6,165.4,154.9,164.7,152.4
SEALER-0061,1104,18:24,163.6,151.5,166.8,151.3,165.2,158.2,154.3,152.1,167.0,155.1,162.6,151.7
SEALER-0061,1105,18:25,163.3,150.2,165.0,152.4,164.2,157.0,154.0,152.4,165.9,156.6,164.5,151.9
SEALER-0061,1106,18:26,163.1,150.2,165.5,150.3,164.8,157.5,155.4,153.5,165.8,156.4,165.8,151.4
SEALER-0061,1107,18:27,161.6,152.8,165.9,152.1,165.7,156.2,156.6,152.2,166.0,154.3,164.0,152.3
SEALER-0061,1108,18:28,163.0,152.1,165.7,152.3,164.0,157.1,154.6,152.6,165.8,153.8,165.1,153.0
SEALER-0061,1109,18:29,163.1,152.4,167.8,152.5,164.5,156.1,155.5,154.3,165.0,155.5,164.6,152.0
SEALER-0061,1110,18:30,163.1,152.9,166.8,150.1,163.8,157.5,155.7,152.6,167.0,154.2,164.4,153.7
SEALER-0061,1111,18:31,163.6,151.2,166.5,150.9,164.9,155.2,156.9,153.2,166.8,154.3,164.8,151.3
SEALER-0061,1112,18:32,165.5,151.7,167.2,151.8,164.2,157.9,155.9,152.4,167.3,154.9,162.2,153.8
SEALER-0061,1113,18:33,163.2,152.7,167.2,150.7,164.8,156.5,155.7,152.6,166.2,156.1,164.4,152.8
SEALER-0061,1114,18:34,164.7,151.1,167.3,152.3,164.7,156.2,156.6,152.6,166.6,156.9,164.8,150.5
SEALER-0061,1115,18:35,165.1,151.1,168.3,153.4,165.7,156.8,154.3,151.4,166.0,155.2,164.2,151.9
SEALER-0061,1116,18:36,163.8,152.2,166.0,150.0,165.6,157.9,154.9,155.0,166.7,154.1,163.8,151.9
SEALER-0061,1117,18:37,164.7,153.1,165.8,152.3,164.0,157.7,153.2,153.4,168.8,155.1,165.8,152.2
SEALER-0061,1118,18:38,161.6,152.5,166.6,152.1,164.0,157.2,156.0,153.6,166.6,154.7,165.2,152.4
SEALER-0061,1119,18:39,161.5,152.1,166.5,150.1,166.4,157.1,155.2,153.0,167.4,156.0,164.4,154.2
SEALER-0061,1120,18:40,161.8,152.3,164.6,151.1,164.9,155.9,155.7,151.9,165.2,156.9,164.4,153.3
SEALER-0061,1121,18:41,165.0,151.6,168.0,149.9,164.1,156.7,154.7,153.0,167.7,155.9,165.5,152.2
SEALER-0061,1122,18:42,163.6,152.1,167.3,152.3,164.8,155.5,155.4,150.9,167.6,153.3,163.8,152.2
SEALER-0061,1123,18:43,162.7,153.0,166.5,152.1,165.1,157.7,153.6,154.0,166.6,156.4,164.9,153.8
SEALER-0061,1124,18:44,162.7,151.9,166.4,152.3,167.2,156.7,155.1,154.2,167.1,156.3,161.9,152.5
SEALER-0061,1125,18:45,165.2,151.2,165.7,152.5,164.6,154.7,154.7,153.7,167.3,155.4,164.7,153.3
SEALER-0061,1126,18:46,163.2,153.5,167.2,151.4,165.3,156.8,154.1,154.2,166.2,154.9,165.4,152.0
SEALER-0061,1127,18:47,163.7,151.6,166.4,152.1,166.3,155.7,155.4,154.1,167.2,155.3,164.6,152.7
SEALER-0061,1128,18:48,163.8,151.6,166.9,151.5,166.0,157.7,154.1,153.8,165.8,155.7,164.9,153.4
SEALER-0061,1129,18:49,163.1,150.4,167.2,150.8,164.9,157.0,154.7,152.6,167.0,155.2,165.3,151.3
SEALER-0061,1130,18:50,162.5,152.4,166.5,151.7,163.5,155.4,155.5,153.4,168.1,156.2,164.3,152.6
SEALER-0061,1131,18:51,163.9,150.4,165.0,151.0,165.6,157.2,154.3,152.0,167.0,157.0,164.0,152.3
SEALER-0061,1132,18:52,164.3,150.8,167.5,150.8,164.4,155.6,154.7,153.1,167.2,155.8,164.2,152.5
SEALER-0061,1133,18:53,162.3,151.7,167.1,152.6,164.3,157.6,153.9,152.4,167.2,154.1,163.6,151.6
SEALER-0061,1134,18:54,163.0,151.3,168.1,150.3,166.0,157.0,155.2,153.2,165.5,155.7,164.5,151.4
SEALER-0061,1135,18:55,163.3,153.0,168.0,151.1,165.2,156.1,157.4,153.1,167.3,155.7,163.3,151.9
SEALER-0061,1136,18:56,164.0,152.8,167.0,152.0,165.0,157.5,156.8,152.2,167.3,154.9,165.0,153.2
SEALER-0061,1137,18:57,164.3,152.1,166.2,152.1,166.7,156.7,156.6,154.7,166.1,153.9,163.2,152.6
SEALER-0061,1138,18:58,164.7,151.6,167.5,152.6,163.7,157.2,155.2,152.4,165.7,155.1,162.0,152.3
SEALER-0061,1139,18:59,162.4,151.9,167.0,153.0,165.6,157.9,153.9,152.4,167.2,155.4,165.4,153.4
SEALER-0061,1140,19:00,163.7,152.3,164.4,150.2,163.5,156.6,155.9,152.7,166.9,155.4,165.1,153.1
SEALER-0061,1141,19:01,165.1,152.1,165.6,151.6,165.6,158.5,154.7,154.4,165.4,154.9,164.5,152.8
SEALER-0061,1142,19:02,163.3,153.6,167.1,151.5,164.2,155.0,153.5,155.8,166.5,155.3,165.8,152.6
SEALER-0061,1143,19:03,164.0,151.5,165.4,151.4,164.8,158.3,155.9,153.1,168.0,155.6,164.1,151.8
SEALER-0061,1144,19:04,163.9,151.9,166.8,152.0,164.1,155.7,153.8,152.5,166.0,156.0,164.9,152.5
SEALER-0061,1145,19:05,163.9,150.5,168.9,151.1,165.1,157.3,154.6,153.1,165.7,155.3,165.0,152.9
SEALER-0061,1146,19:06,160.8,153.0,166.3,151.6,164.3,157.4,156.6,152.1,166.3,156.3,162.9,152.3
SEALER-0061,1147,19:07,163.9,151.7,166.1,152.0,164.9,157.1,155.2,153.0,165.9,155.3,164.8,152.6
SEALER-0061,1148,19:08,164.0,150.1,167.3,150.2,164.5,157.6,156.0,153.5,165.5,155.4,165.1,152.5
SEALER-0061,1149,19:09,165.1,152.3,165.4,151.9,164.1,156.2,156.6,153.4,166.9,155.9,164.9,152.3
SEALER-0061,1150,19:10,163.0,153.6,165.9,151.3,165.3,156.1,155.0,152.9,166.4,155.5,162.6,152.0
SEALER-0061,1151,19:11,163.0,152.7,167.2,150.9,164.5,157.5,155.6,152.5,166.0,156.2,164.5,153.0
SEALER-0061,1152,19:12,163.3,150.6,166.6,152.1,165.3,155.6,155.4,153.4,166.6,155.2,166.2,151.5
SEALER-0061,1153,19:13,164.8,151.3,165.9,151.3,163.1,156.5,156.1,153.0,166.4,155.7,163.4,152.8
SEALER-0061,1154,19:14,162.2,151.9,166.6,153.1,164.8,157.1,153.8,154.0,165.4,154.4,163.6,152.1
SEALER-0061,1155,19:15,163.5,150.9,167.7,151.8,164.9,156.4,154.3,152.8,166.7,155.3,163.3,151.4
SEALER-0061,1156,19:16,163.4,152.8,166.0,152.4,163.9,156.4,155.3,153.7,167.4,156.2,165.8,151.7
SEALER-0061,1157,19:17,164.0,151.8,166.2,151.6,164.8,157.4,154.7,152.5,165.7,155.0,166.1,152.6
SEALER-0061,1158,19:18,162.8,151.5,165.6,152.2,165.6,156.7,155.3,153.6,167.5,155.1,164.8,153.7
SEALER-0061,1159,19:19,163.6,151.6,166.3,150.8,164.0,155.8,155.3,152.5,167.4,156.0,164.2,152.8
SEALER-0061,1160,19:20,164.0,150.2,166.6,150.9,163.4,156.3,153.8,153.4,167.0,156.3,165.2,152.4
SEALER-0061,1161,19:21,164.0,150.7,168.2,151.1,165.2,156.9,156.4,152.9,168.7,155.3,163.6,151.2
SEALER-0061,1162,19:22,163.7,152.0,166.3,151.2,165.7,156.4,157.2,154.1,166.9,156.0,165.0,152.1
SEALER-0061,1163,19:23,164.3,151.3,166.5,151.6,161.8,157.9,156.1,153.1,166.1,155.4,165.8,152.5
SEALER-0061,1164,19:24,163.4,151.7,166.6,151.3,165.5,156.6,155.3,152.5,166.5,154.4,163.5,152.2
SEALER-0061,1165,19:25,164.0,151.7,165.4,151.6,165.9,156.1,155.6,154.0,165.9,156.8,163.3,153.8
SEALER-0061,1166,19:26,163.2,151.6,167.4,151.5,164.3,157.7,153.0,154.3,166.5,154.5,164.5,153.7
SEALER-0061,1167,19:27,163.6,151.8,166.6,151.8,165.0,155.7,156.5,153.3,167.2,155.4,164.0,152.2
SEALER-0061,1168,19:28,164.1,151.3,167.9,153.2,165.2,157.7,156.9,152.5,166.8,154.3,165.7,151.6
SEALER-0061,1169,19:29,163.1,151.5,166.5,150.7,165.3,156.6,154.7,152.6,168.1,157.1,164.1,151.7
SEALER-0061,1170,19:30,162.6,151.3,166.5,152.1,165.0,156.3,155.6,153.8,168.0,155.1,165.2,151.9
SEALER-0061,1171,19:31,164.5,153.1,165.7,151.6,165.4,156.4,156.0,153.3,167.0,154.1,164.3,150.7
SEALER-0061,1172,19:32,163.0,151.8,165.4,152.6,165.6,155.3,156.4,153.4,165.6,155.7,165.1,151.9
SEALER-0061,1173,19:33,163.3,153.0,168.4,150.6,164.3,158.1,157.1,152.1,165.8,156.9,165.9,152.7
SEALER-0061,1174,19:34,164.7,150.6,166.4,151.9,164.8,158.3,156.0,153.3,166.7,156.1,164.0,152.4
SEALER-0061,1175,19:35,164.0,154.1,167.1,152.5,165.9,157.0,155.8,153.9,169.2,154.4,166.1,152.3
SEALER-0061,1176,19:36,163.5,151.5,165.9,151.2,164.9,157.0,156.3,153.7,166.1,156.7,164.4,151.3
SEALER-0061,1177,19:37,162.4,152.4,167.9,152.2,165.3,157.1,155.4,153.4,165.6,156.2,164.2,152.6
SEALER-0061,1178,19:38,163.5,152.1,165.0,152.1,164.4,157.0,155.8,153.5,166.2,156.0,165.2,152.4
SEALER-0061,1179,19:39,162.8,152.6,167.4,151.1,164.2,158.6,157.2,153.3,167.4,155.3,165.9,151.2
SEALER-0061,1180,19:40,162.7,151.0,167.2,152.6,164.4,156.7,155.8,151.8,167.0,157.1,164.9,153.1
SEALER-0061,1181,19:41,162.6,152.2,165.7,150.4,163.2,157.5,154.2,152.6,166.7,155.9,165.5,152.5
SEALER-0061,1182,19:42,164.0,151.8,165.9,152.2,165.3,156.1,154.8,154.2,166.9,155.6,165.6,152.8
SEALER-0061,1183,19:43,163.2,152.9,167.3,150.9,164.1,159.1,154.0,154.2,165.8,154.5,164.9,152.3
SEALER-0061,1184,19:44,163.7,152.6,167.3,152.4,164.6,156.8,154.8,153.7,168.6,155.2,165.4,152.0
SEALER-0061,1185,19:45,163.3,151.4,167.2,151.7,164.7,157.3,152.6,153.3,167.4,155.3,165.5,151.5
SEALER-0061,1186,19:46,162.7,151.5,165.8,153.5,166.4,157.2,156.1,153.6,166.0,156.8,164.5,152.7
SEALER-0061,1187,19:47,164.0,152.5,164.7,150.5,164.7,157.4,155.3,152.6,168.4,154.5,166.2,151.1
SEALER-0061,1188,19:48,164.3,151.7,166.6,152.1,163.6,155.7,154.6,153.4,165.4,156.4,163.9,153.1
SEALER-0061,1189,19:49,163.4,151.4,165.9,150.5,165.0,156.6,154.8,153.5,167.4,156.2,164.8,152.1
SEALER-0061,1190,19:50,163.6,151.2,165.7,151.0,166.0,156.5,154.0,153.2,167.4,154.2,163.5,151.1
SEALER-0061,1191,19:51,163.5,151.1,168.2,152.1,164.5,158.7,155.5,153.7,168.3,155.6,163.8,153.1
SEALER-0061,1192,19:52,164.7,151.3,164.2,152.6,165.2,158.0,156.6,153.0,166.0,155.3,164.2,152.5
SEALER-0061,1193,19:53,164.8,151.6,166.4,152.0,163.9,157.8,155.7,153.7,167.4,156.0,162.6,152.9
SEALER-0061,1194,19:54,164.5,152.4,166.8,152.3,164.4,157.6,155.9,153.0,168.0,155.3,163.5,151.9
SEALER-0061,1195,19:55,163.9,152.3,166.7,150.7,164.3,158.1,155.3,153.0,165.3,155.7,161.9,152.3
SEALER-0061,1196,19:56,165.2,152.2,166.7,152.9,164.6,157.5,153.0,153.0,166.1,155.1,164.8,152.6
SEALER-0061,1197,19:57,164.1,152.1,165.4,152.2,164.8,157.0,154.3,153.5,168.2,156.9,166.3,153.1
SEALER-0061,1198,19:58,163.5,151.1,167.2,152.1,163.8,156.5,156.3,154.7,166.9,156.7,163.2,151.9
SEALER-0061,1199,19:59,163.4,152.5,165.9,152.1,163.8,156.4,154.4,153.9,165.2,155.6,164.2,151.7
SEALER-0061,1200,20:00,163.9,153.7,167.5,152.1,163.3,158.1,155.5,153.9,167.8,155.0,165.2,152.2
SEALER-0061,1201,20:01,163.0,151.4,167.3,152.8,164.3,157.1,154.9,153.9,166.4,157.0,165.7,153.4
SEALER-0061,1202,20:02,163.1,153.6,166.6,151.8,165.2,158.3,155.7,154.9,166.0,154.9,164.3,152.1
SEALER-0061,1203,20:03,164.1,151.3,164.9,150.4,165.7,157.0,155.6,151.8,166.2,154.5,165.3,152.8
SEALER-0061,1204,20:04,163.8,152.3,166.9,150.9,165.6,157.1,155.5,150.4,167.8,155.2,165.1,152.8
SEALER-0061,1205,20:05,164.3,151.6,167.2,151.9,164.3,159.0,155.8,152.5,166.2,156.9,165.1,151.2
SEALER-0061,1206,20:06,164.5,151.9,166.6,151.5,164.5,156.0,154.4,152.7,166.1,156.2,165.1,152.0
SEALER-0061,1207,20:07,162.7,151.8,166.2,150.4,164.3,156.8,155.0,153.5,166.7,156.3,165.7,152.7
SEALER-0061,1208,20:08,163.9,151.2,168.1,151.2,164.1,157.7,157.3,153.0,167.8,155.0,165.0,152.5
SEALER-0061,1209,20:09,161.6,151.2,168.0,150.9,163.3,157.5,156.9,153.3,166.9,154.7,165.2,152.4
SEALER-0061,1210,20:10,163.7,152.0,166.8,152.4,165.5,157.1,156.3,153.1,166.5,154.9,163.1,152.0
SEALER-0061,1211,20:11,164.6,151.5,167.7,150.9,166.2,157.9,156.0,153.5,165.7,155.9,164.4,152.1
SEALER-0061,1212,20:12,164.2,153.2,166.3,152.5,164.4,156.4,155.0,153.3,166.9,154.8,163.8,152.6
SEALER-0061,1213,20:13,163.8,154.0,166.8,151.8,165.4,156.1,156.6,153.7,167.8,155.1,163.3,153.6
SEALER-0061,1214,20:14,163.5,152.2,165.4,151.6,163.9,155.8,155.8,153.2,167.1,154.3,163.9,151.8
SEALER-0061,1215,20:15,163.6,151.6,165.5,151.3,165.7,156.2,155.0,153.2,167.2,156.8,164.4,153.3
SEALER-0061,1216,20:16,164.9,152.0,166.6,151.1,165.0,157.6,155.0,153.5,169.1,155.2,164.8,152.7
SEALER-0061,1217,20:17,165.0,151.4,165.9,152.0,166.6,157.5,155.2,153.4,166.1,155.4,163.3,152.1
SEALER-0061,1218,20:18,163.1,151.0,166.6,152.3,164.8,156.3,156.8,153.9,166.6,155.5,163.4,152.9
SEALER-0061,1219,20:19,163.5,151.8,165.6,151.3,165.4,156.5,155.7,152.7,167.2,156.3,165.1,152.4
SEALER-0061,1220,20:20,165.5,150.8,168.5,151.4,164.4,155.7,154.3,153.9,167.5,155.5,163.5,150.7
SEALER-0061,1221,20:21,163.3,150.5,167.0,151.4,163.3,155.8,154.8,153.4,166.6,156.3,164.5,152.4
SEALER-0061,1222,20:22,163.3,152.2,167.6,151.5,165.0,158.0,154.3,153.8,165.8,154.6,164.5,152.9
SEALER-0061,1223,20:23,163.9,151.8,164.7,152.6,163.9,155.9,155.2,153.7,167.5,155.2,165.6,152.4
SEALER-0061,1224,20:24,163.6,153.0,167.1,152.4,164.5,158.1,156.5,152.4,167.5,156.0,165.5,152.9
SEALER-0061,1225,20:25,163.6,151.2,166.6,151.1,165.1,156.9,155.1,154.0,167.5,154.9,163.8,153.5
SEALER-0061,1226,20:26,163.7,151.1,166.6,150.3,165.3,156.2,153.3,153.0,165.4,155.4,164.2,154.1
SEALER-0061,1227,20:27,164.7,151.7,165.7,152.5,165.5,157.6,156.6,153.3,166.9,155.6,162.9,152.1
SEALER-0061,1228,20:28,165.2,153.0,166.8,151.6,164.7,156.0,155.4,153.4,166.9,157.2,164.3,152.8
SEALER-0061,1229,20:29,164.1,151.4,167.1,152.0,164.6,159.1,155.8,153.7,166.5,156.3,162.9,152.1
SEALER-0061,1230,20:30,164.8,153.3,167.5,151.8,164.1,157.8,156.2,154.5,166.9,155.2,164.0,153.6
SEALER-0061,1231,20:31,163.3,152.0,167.1,151.7,167.5,155.8,156.1,153.9,166.3,156.4,164.4,153.1
SEALER-0061,1232,20:32,163.3,151.7,166.8,151.8,163.4,156.9,154.0,154.0,168.8,155.8,165.9,152.0
SEALER-0061,1233,20:33,164.9,152.0,166.3,151.2,164.9,158.4,154.9,153.6,165.8,155.2,163.6,150.8
SEALER-0061,1234,20:34,163.3,152.2,168.1,151.0,164.3,157.6,155.3,154.5,166.2,154.6,165.4,152.2
SEALER-0061,1235,20:35,164.2,151.5,165.7,153.0,165.7,157.2,154.4,153.4,166.4,156.4,165.3,152.2
SEALER-0061,1236,20:36,163.5,149.5,168.2,152.2,165.9,157.1,156.5,152.7,166.2,153.6,164.7,152.2
SEALER-0061,1237,20:37,164.1,151.8,165.9,152.3,165.2,157.0,154.4,155.1,166.8,154.8,164.9,151.1
SEALER-0061,1238,20:38,165.3,151.3,165.2,150.5,165.0,156.1,155.0,153.3,167.9,154.2,163.7,152.1
SEALER-0061,1239,20:39,163.2,151.7,165.4,152.2,165.0,155.8,154.4,153.2,166.5,155.4,165.4,153.1
SEALER-0061,1240,20:40,163.4,151.2,167.0,151.1,165.9,156.7,156.0,153.9,166.2,154.9,164.3,153.2
SEALER-0061,1241,20:41,164.3,152.9,166.1,152.6,164.5,155.9,155.4,152.5,167.9,155.3,164.7,151.5
SEALER-0061,1242,20:42,164.0,151.8,166.8,153.3,165.3,156.4,154.7,152.4,168.7,154.7,164.4,152.9
SEALER-0061,1243,20:43,163.0,150.5,166.2,150.5,164.7,155.7,156.8,154.4,167.8,155.3,163.7,152.3
SEALER-0061,1244,20:44,164.9,153.0,166.4,151.8,165.8,155.3,155.4,152.8,167.9,156.7,166.1,153.1
SEALER-0061,1245,20:45,163.2,151.7,166.9,151.0,164.2,155.8,156.7,154.0,165.7,154.4,164.4,151.8
SEALER-0061,1246,20:46,165.1,153.4,167.7,152.2,164.2,159.0,155.6,154.3,166.3,154.1,164.1,152.7
SEALER-0061,1247,20:47,164.7,150.8,166.8,153.0,165.9,156.1,154.5,154.3,164.9,156.0,165.0,152.5
SEALER-0061,1248,20:48,163.5,152.2,167.0,151.5,165.0,156.8,156.4,154.0,165.7,154.3,165.4,152.7
SEALER-0061,1249,20:49,164.3,153.7,168.2,151.0,166.0,156.6,154.7,156.1,167.7,155.0,164.7,151.3
SEALER-0061,1250,20:50,163.1,152.3,165.2,152.6,165.0,156.8,155.4,154.0,168.6,156.0,162.1,151.8
SEALER-0061,1251,20:51,164.2,151.3,166.5,153.5,165.0,156.5,155.2,152.6,166.8,155.9,163.8,152.4
SEALER-0061,1252,20:52,164.4,151.5,166.6,151.7,165.5,157.6,155.1,153.9,167.7,155.7,164.2,153.1
SEALER-0061,1253,20:53,164.6,154.2,167.4,150.7,164.7,156.9,153.4,154.2,165.6,155.8,164.4,154.1
SEALER-0061,1254,20:54,164.3,151.1,168.5,151.4,164.3,157.3,153.9,153.4,168.0,155.2,164.2,151.1
SEALER-0061,1255,20:55,164.3,152.0,167.7,151.8,166.5,157.4,156.3,154.1,168.5,154.3,163.4,152.5
SEALER-0061,1256,20:56,164.5,152.5,166.4,150.5,164.1,157.4,156.3,152.2,165.5,155.3,163.8,152.1
SEALER-0061,1257,20:57,164.7,151.3,167.1,152.0,166.1,156.0,155.9,151.7,166.6,155.2,163.4,151.9
SEALER-0061,1258,20:58,162.9,152.6,166.6,151.9,165.2,158.7,155.4,153.2,167.3,154.7,165.3,151.4
SEALER-0061,1259,20:59,163.5,151.5,166.6,152.5,164.8,157.6,155.9,154.4,167.7,155.0,163.7,151.5
SEALER-0061,1260,21:00,164.0,151.2,166.3,151.2,165.7,156.6,154.8,153.1,165.5,155.9,164.3,153.1
SEALER-0061,1261,21:01,164.3,151.7,165.4,152.8,164.1,157.0,156.2,153.7,165.6,154.1,163.2,151.7
SEALER-0061,1262,21:02,163.4,150.4,167.2,150.4,166.1,156.8,155.0,153.5,166.1,156.2,163.4,151.5
SEALER-0061,1263,21:03,163.2,151.3,166.5,151.0,164.4,156.5,155.1,153.6,166.9,155.9,165.2,152.3
SEALER-0061,1264,21:04,163.2,151.9,166.9,150.9,165.8,157.2,155.5,152.5,166.4,155.3,164.3,151.3
SEALER-0061,1265,21:05,163.9,151.6,166.8,152.7,164.7,158.0,155.0,154.2,167.1,154.7,163.8,151.7
SEALER-0061,1266,21:06,162.2,151.6,166.6,152.5,167.2,156.3,155.0,153.8,166.6,156.2,164.0,152.7
SEALER-0061,1267,21:07,162.2,151.1,166.1,151.2,163.5,156.2,155.8,154.4,167.0,155.7,165.0,152.5
SEALER-0061,1268,21:08,163.0,151.0,166.0,152.1,165.2,157.1,155.4,154.6,167.1,154.7,164.7,151.1
SEALER-0061,1269,21:09,162.8,150.7,168.0,153.8,164.4,156.1,155.1,153.4,166.5,156.2,164.8,152.1
SEALER-0061,1270,21:10,164.0,152.6,167.7,151.6,165.6,157.6,154.1,153.5,167.5,154.2,164.7,153.3
SEALER-0061,1271,21:11,164.2,151.3,166.5,151.7,164.9,159.0,155.5,151.9,166.5,156.8,164.4,153.0
SEALER-0061,1272,21:12,163.7,151.8,165.6,152.8,165.6,156.8,155.1,152.3,167.4,155.2,165.0,152.3
SEALER-0061,1273,21:13,162.9,149.6,167.5,151.0,165.8,156.3,155.1,153.0,165.4,155.7,165.0,153.2
SEALER-0061,1274,21:14,163.0,152.0,167.6,153.6,163.4,156.3,155.3,153.8,166.9,155.3,162.5,152.2
SEALER-0061,1275,21:15,163.6,153.1,166.6,151.1,164.4,156.3,156.6,152.3,166.5,154.2,163.9,151.8
SEALER-0061,1276,21:16,164.1,152.1,165.3,150.8,165.7,156.7,156.0,153.4,166.0,156.5,163.3,151.6
SEALER-0061,1277,21:17,162.5,153.0,167.8,151.8,165.3,156.4,155.7,153.8,168.7,155.6,164.8,152.4
SEALER-0061,1278,21:18,163.0,152.2,167.0,151.7,165.0,157.1,154.1,152.9,167.3,156.9,165.2,152.0
SEALER-0061,1279,21:19,162.6,152.8,166.2,152.6,164.4,156.6,153.6,153.0,167.5,154.6,164.4,151.7
SEALER-0061,1280,21:20,164.1,150.9,167.4,152.5,165.2,159.0,153.6,152.6,166.1,155.9,163.5,151.8
SEALER-0061,1281,21:21,163.8,151.7,167.2,151.9,164.5,158.4,155.4,154.0,166.6,155.5,165.4,153.9
SEALER-0061,1282,21:22,164.0,150.3,167.3,150.6,165.5,156.2,153.3,152.7,167.7,155.0,164.9,152.8
SEALER-0061,1283,21:23,164.1,151.7,168.5,151.4,163.9,156.7,153.9,152.8,166.6,154.0,164.8,151.6
SEALER-0061,1284,21:24,164.0,151.4,166.3,153.4,164.2,156.7,156.4,153.6,167.1,155.3,164.5,152.9
SEALER-0061,1285,21:25,162.4,151.8,168.0,150.2,164.9,155.2,157.4,153.5,167.2,155.2,164.9,151.7
SEALER-0061,1286,21:26,165.0,151.3,168.1,152.4,164.8,156.3,155.8,153.2,166.6,155.9,165.1,151.3
SEALER-0061,1287,21:27,163.8,154.3,167.9,150.7,165.1,157.4,154.7,151.5,165.8,155.6,164.5,150.4
SEALER-0061,1288,21:28,162.8,153.8,166.5,151.1,163.8,156.0,155.9,152.3,166.8,155.7,165.7,152.6
SEALER-0061,1289,21:29,163.4,152.0,165.7,151.2,164.0,155.4,155.9,152.9,167.3,154.2,164.8,152.6
SEALER-0061,1290,21:30,163.7,150.6,167.3,152.6,164.0,156.8,153.8,154.0,166.5,155.6,164.8,152.2
SEALER-0061,1291,21:31,163.7,152.4,166.7,150.7,163.8,157.0,154.6,153.7,166.0,155.5,162.5,151.1
SEALER-0061,1292,21:32,163.7,151.0,168.1,150.8,164.0,156.2,153.9,151.8,166.1,154.9,163.1,152.3
SEALER-0061,1293,21:33,164.0,151.8,165.9,152.8,166.4,157.3,155.8,152.7,165.7,154.2,165.1,151.1
SEALER-0061,1294,21:34,164.1,151.3,166.5,151.4,165.3,157.9,155.9,153.1,168.0,155.7,164.3,151.9
SEALER-0061,1295,21:35,162.8,152.6,166.4,150.5,164.3,156.7,155.5,154.0,166.5,156.4,166.2,152.0
SEALER-0061,1296,21:36,163.7,150.0,167.6,150.3,165.2,156.0,156.9,152.3,166.2,155.2,164.8,154.3
SEALER-0061,1297,21:37,163.7,150.9,165.7,151.0,165.5,157.8,155.3,153.5,167.8,155.0,163.6,152.8
SEALER-0061,1298,21:38,162.6,152.3,166.0,151.7,164.6,157.2,154.2,153.5,166.3,155.6,165.2,152.4
SEALER-0061,1299,21:39,162.9,150.4,167.1,150.3,164.8,156.4,154.3,153.3,167.9,154.4,164.9,151.3
SEALER-0061,1300,21:40,163.9,151.6,167.9,153.4,164.6,158.3,155.0,153.7,165.9,156.6,163.7,150.7
SEALER-0061,1301,21:41,163.7,153.3,168.9,151.2,163.3,155.8,155.7,152.5,168.5,156.7,165.0,154.4
SEALER-0061,1302,21:42,163.5,150.9,166.9,150.6,165.5,156.1,155.0,153.7,167.2,153.8,164.2,151.8
SEALER-0061,1303,21:43,164.1,149.2,168.2,152.3,165.5,156.6,154.6,153.8,167.1,155.5,164.1,152.3
SEALER-0061,1304,21:44,165.4,150.9,166.1,152.0,167.3,157.2,153.7,152.8,167.2,156.3,165.0,151.7
SEALER-0061,1305,21:45,163.8,151.3,165.5,150.8,164.6,156.6,156.5,153.1,166.7,157.5,166.2,151.5
SEALER-0061,1306,21:46,162.6,151.0,166.4,151.7,165.3,155.6,153.2,152.9,167.8,155.8,164.8,152.6
SEALER-0061,1307,21:47,164.2,152.4,167.7,151.2,166.0,156.1,154.9,153.1,166.3,154.1,164.8,152.2
SEALER-0061,1308,21:48,162.9,152.1,168.2,153.1,167.3,156.8,155.9,154.1,165.7,156.1,165.2,154.4
SEALER-0061,1309,21:49,163.8,152.4,167.8,151.4,164.0,157.8,155.8,153.1,166.9,155.7,164.0,152.9
SEALER-0061,1310,21:50,163.4,151.1,166.9,151.2,164.9,156.7,155.4,154.2,166.2,154.4,164.8,153.8
SEALER-0061,1311,21:51,163.0,151.6,167.0,150.8,165.4,158.0,154.4,154.8,165.4,155.6,165.1,154.0
SEALER-0061,1312,21:52,163.2,152.0,166.9,151.7,164.3,156.0,155.3,152.3,166.8,156.4,163.4,152.3
SEALER-0061,1313,21:53,164.6,152.8,168.1,151.8,164.3,157.3,155.7,153.9,166.1,155.3,165.3,153.1
SEALER-0061,1314,21:54,165.1,152.9,166.4,150.8,163.3,155.9,155.7,154.0,168.3,154.8,164.3,151.9
SEALER-0061,1315,21:55,161.1,152.3,165.9,153.3,164.5,156.5,155.7,154.5,167.0,155.5,164.5,151.6
SEALER-0061,1316,21:56,161.8,152.9,168.3,151.9,165.0,157.0,155.6,153.3,167.2,155.7,163.9,151.6
SEALER-0061,1317,21:57,163.0,151.0,166.3,151.5,163.8,157.3,155.0,152.9,167.7,155.5,164.5,152.6
SEALER-0061,1318,21:58,161.7,151.9,167.4,152.6,163.2,156.3,155.9,152.6,166.6,156.4,163.4,152.9
SEALER-0061,1319,21:59,164.2,151.6,166.5,151.6,165.0,158.4,156.2,153.4,167.1,155.5,164.1,150.8
SEALER-0061,1320,22:00,163.7,152.2,168.3,151.4,165.4,156.6,154.9,153.9,167.8,154.3,163.8,151.6
SEALER-0061,1321,22:01,162.6,152.5,167.0,151.8,165.3,156.4,156.6,152.3,167.2,155.7,163.0,152.0
SEALER-0061,1322,22:02,165.2,152.2,168.2,153.5,164.9,157.0,155.9,152.4,166.0,155.3,164.2,152.0
SEALER-0061,1323,22:03,164.4,151.9,167.1,153.1,165.7,156.7,152.7,155.0,167.8,154.3,164.7,152.8
SEALER-0061,1324,22:04,163.4,151.5,167.3,151.4,164.3,155.4,155.0,153.6,167.4,154.4,165.2,152.9
SEALER-0061,1325,22:05,162.9,151.9,168.3,151.9,164.3,157.2,156.1,151.3,166.6,155.8,165.3,153.2
SEALER-0061,1326,22:06,162.5,151.3,165.3,151.9,165.1,156.7,154.9,151.6,166.5,155.9,162.7,152.4
SEALER-0061,1327,22:07,164.3,151.2,166.3,151.7,164.3,156.8,154.8,153.3,166.2,153.8,166.0,152.1
SEALER-0061,1328,22:08,163.5,150.6,166.5,152.3,164.2,155.1,155.6,152.3,166.5,155.9,165.8,151.9
SEALER-0061,1329,22:09,163.4,151.1,166.7,151.4,164.0,157.6,155.4,152.3,166.8,153.9,164.0,153.3
SEALER-0061,1330,22:10,163.5,151.2,167.1,151.7,166.4,157.7,155.1,153.5,168.5,155.4,165.5,153.5
SEALER-0061,1331,22:11,162.4,151.9,165.6,151.4,165.8,157.8,156.0,153.5,167.4,154.9,164.8,151.7
SEALER-0061,1332,22:12,164.2,151.0,166.2,152.6,163.4,157.9,154.7,153.7,166.8,157.0,163.9,153.5
SEALER-0061,1333,22:13,165.9,152.1,166.0,151.4,164.4,156.7,155.8,153.7,167.0,154.6,164.6,152.5
SEALER-0061,1334,22:14,162.8,150.4,165.9,151.1,163.8,156.3,154.3,153.4,166.8,155.7,164.6,152.6
SEALER-0061,1335,22:15,162.8,151.5,166.7,152.2,166.4,156.7,155.8,153.1,167.0,154.8,164.1,153.6
SEALER-0061,1336,22:16,164.9,151.1,166.4,153.0,164.6,157.2,155.5,152.3,166.4,156.1,164.9,153.0
SEALER-0061,1337,22:17,164.6,151.0,166.3,153.0,164.5,155.6,156.6,152.4,166.9,156.4,164.9,150.8
SEALER-0061,1338,22:18,163.3,152.2,165.4,153.4,164.2,156.9,155.4,151.9,167.8,153.2,163.9,153.4
SEALER-0061,1339,22:19,164.5,152.0,168.4,150.7,165.4,158.4,156.8,153.5,165.5,156.1,165.3,152.9
SEALER-0061,1340,22:20,163.6,152.7,164.8,151.4,164.8,157.6,154.1,153.1,167.0,156.3,164.3,152.2
SEALER-0061,1341,22:21,164.8,151.3,166.0,151.8,163.6,159.1,154.3,151.2,167.1,156.2,164.4,151.4
SEALER-0061,1342,22:22,162.7,150.3,166.2,151.8,164.9,157.0,157.0,153.4,167.4,154.9,163.3,152.2
SEALER-0061,1343,22:23,164.2,152.4,167.4,152.9,165.2,158.0,154.7,153.3,166.6,155.5,165.0,152.4
SEALER-0061,1344,22:24,163.7,152.7,165.8,151.3,165.8,156.9,155.1,153.2,165.8,154.7,164.3,149.9
SEALER-0061,1345,22:25,162.5,152.5,166.0,151.8,163.8,154.4,154.3,154.1,167.2,156.4,164.2,153.6
SEALER-0061,1346,22:26,166.0,152.4,165.8,153.8,164.7,157.3,155.3,153.2,166.7,155.7,164.6,152.7
SEALER-0061,1347,22:27,164.9,153.0,167.0,151.2,164.1,157.1,154.4,153.5,166.3,156.8,163.1,151.5
SEALER-0061,1348,22:28,165.8,151.1,168.4,151.6,164.4,157.2,154.4,154.8,167.3,155.3,165.3,153.7
SEALER-0061,1349,22:29,164.1,151.1,166.5,151.0,164.2,157.0,154.7,153.2,167.3,154.0,165.0,152.4
SEALER-0061,1350,22:30,163.4,150.8,167.4,151.0,164.7,158.1,154.6,151.1,168.1,154.9,164.7,153.0
SEALER-0061,1351,22:31,164.6,152.7,166.1,152.2,164.0,155.6,155.8,153.4,166.9,155.6,164.2,153.0
SEALER-0061,1352,22:32,163.0,151.8,167.1,150.5,163.5,155.7,156.6,152.8,167.3,155.1,164.4,151.8
SEALER-0061,1353,22:33,162.7,151.3,167.4,152.4,165.3,157.3,156.1,151.4,166.5,155.5,163.9,151.2
SEALER-0061,1354,22:34,165.0,151.8,167.5,151.3,164.7,157.2,155.1,151.7,167.1,155.6,164.7,152.4
SEALER-0061,1355,22:35,162.3,151.8,166.5,153.1,165.0,157.6,155.2,152.3,167.3,155.3,164.7,151.8
SEALER-0061,1356,22:36,164.7,152.2,167.5,150.8,163.2,157.0,153.6,154.4,167.2,156.0,164.8,154.1
SEALER-0061,1357,22:37,163.0,151.2,167.6,152.3,165.4,158.0,156.5,153.2,166.3,155.9,164.9,153.8
SEALER-0061,1358,22:38,164.2,152.1,166.6,151.4,164.8,158.4,155.1,153.9,167.4,154.8,165.7,153.5
SEALER-0061,1359,22:39,163.2,152.1,166.7,151.6,164.3,156.7,154.8,153.7,166.0,155.7,164.1,152.7
SEALER-0061,1360,22:40,163.0,151.6,165.4,152.6,165.5,158.9,155.1,153.0,167.1,156.0,165.8,152.6
SEALER-0061,1361,22:41,163.8,153.0,167.5,152.3,165.4,157.8,154.0,153.6,166.7,155.7,164.0,152.2
SEALER-0061,1362,22:42,165.7,152.2,166.9,151.1,165.4,157.5,155.3,152.8,167.2,155.2,164.6,153.7
SEALER-0061,1363,22:43,164.3,151.6,165.0,151.9,165.8,157.7,154.8,154.2,166.8,157.0,163.1,153.2
SEALER-0061,1364,22:44,162.3,150.5,167.7,150.9,163.5,156.4,154.9,152.4,165.9,155.2,164.1,153.0
SEALER-0061,1365,22:45,163.8,152.3,167.7,151.6,165.4,156.0,153.5,153.5,167.2,155.1,164.3,153.0
SEALER-0061,1366,22:46,162.6,152.8,165.8,151.8,163.5,156.5,153.8,154.2,167.7,154.9,163.5,152.8
SEALER-0061,1367,22:47,165.0,152.3,167.1,152.1,164.5,157.6,154.9,152.2,166.8,156.1,164.3,152.2
SEALER-0061,1368,22:48,163.0,151.3,166.1,149.8,164.0,156.3,155.3,152.7,167.4,156.6,164.9,153.8
SEALER-0061,1369,22:49,163.7,151.5,168.7,152.9,165.2,158.1,156.9,153.2,166.1,155.6,165.3,152.5
SEALER-0061,1370,22:50,163.1,152.2,166.9,151.0,164.1,157.7,156.6,151.5,165.5,155.1,165.5,152.3
SEALER-0061,1371,22:51,163.7,150.3,167.0,152.2,164.5,159.2,155.5,153.0,167.1,155.5,164.8,150.7
SEALER-0061,1372,22:52,163.0,152.3,168.2,153.1,165.1,157.4,155.7,152.4,166.6,157.2,164.2,152.3
SEALER-0061,1373,22:53,163.5,151.2,167.3,150.0,164.3,156.6,155.7,152.3,165.4,155.1,164.1,152.6
SEALER-0061,1374,22:54,164.3,151.9,166.4,151.1,165.0,158.1,156.7,152.4,167.3,155.0,163.1,151.1
SEALER-0061,1375,22:55,164.2,152.3,166.2,151.4,165.7,156.6,154.4,153.9,166.3,155.9,163.8,151.1
SEALER-0061,1376,22:56,165.0,152.3,166.2,152.8,163.7,155.7,154.1,152.9,166.2,156.6,164.9,152.5
SEALER-0061,1377,22:57,164.6,151.4,166.7,152.0,163.8,156.3,154.4,153.6,166.2,154.7,164.4,151.6
SEALER-0061,1378,22:58,162.4,150.9,166.8,152.3,164.1,157.6,153.6,154.1,166.0,156.0,165.0,153.0
SEALER-0061,1379,22:59,163.4,151.8,166.6,152.6,164.0,157.0,154.9,152.4,166.8,156.5,164.8,153.3
SEALER-0061,1380,23:00,162.9,152.2,165.7,151.4,166.5,155.8,155.9,152.6,166.6,154.7,165.2,153.6
SEALER-0061,1381,23:01,162.6,151.7,167.2,151.9,167.4,157.9,154.5,154.0,167.9,157.4,164.2,154.3
SEALER-0061,1382,23:02,163.0,151.5,167.8,149.1,163.6,156.2,155.4,152.2,166.9,156.4,164.1,153.4
SEALER-0061,1383,23:03,164.6,152.2,167.7,151.3,163.5,155.6,155.2,155.2,167.4,156.3,164.7,153.3
SEALER-0061,1384,23:04,164.2,150.5,166.2,152.2,163.9,158.2,156.2,153.1,165.9,155.9,164.3,151.1
SEALER-0061,1385,23:05,162.2,151.7,167.5,151.2,166.4,156.2,154.9,154.4,165.0,153.8,163.1,151.6
SEALER-0061,1386,23:06,161.8,151.3,166.6,150.8,164.9,156.5,154.7,152.7,167.5,155.0,165.2,152.4
SEALER-0061,1387,23:07,164.2,150.6,167.6,150.0,164.2,157.6,155.0,155.1,166.0,154.8,164.6,152.5
SEALER-0061,1388,23:08,164.1,151.0,166.8,150.9,164.6,156.1,153.6,154.0,166.1,156.6,164.1,152.9
SEALER-0061,1389,23:09,162.6,151.7,167.8,151.3,164.7,158.3,155.6,153.4,165.2,154.9,165.6,153.3
SEALER-0061,1390,23:10,162.7,151.8,167.4,152.3,165.2,156.5,154.6,153.0,166.5,155.9,163.0,152.2
SEALER-0061,1391,23:11,162.3,152.5,167.4,150.7,164.7,157.5,155.0,153.5,166.2,155.5,164.6,152.7
SEALER-0061,1392,23:12,163.2,151.8,167.7,152.3,164.3,156.6,155.6,153.3,169.0,155.7,164.1,151.0
SEALER-0061,1393,23:13,161.8,150.4,167.3,151.3,163.4,157.3,154.5,152.9,167.0,156.1,166.2,153.3
SEALER-0061,1394,23:14,162.4,151.8,168.5,151.5,164.5,157.6,154.3,153.8,167.3,154.0,164.0,153.1
SEALER-0061,1395,23:15,164.5,151.0,165.8,152.9,165.3,157.1,155.2,155.0,166.9,154.5,163.1,151.0
SEALER-0061,1396,23:16,164.5,152.3,166.5,151.5,165.5,156.7,155.3,152.7,167.5,155.9,164.6,150.2
SEALER-0061,1397,23:17,165.5,152.1,167.8,150.3,165.0,156.6,156.4,154.0,166.7,155.8,164.9,152.5
SEALER-0061,1398,23:18,163.0,152.4,168.1,152.6,163.3,155.2,154.5,153.3,166.5,154.9,164.2,154.7
SEALER-0061,1399,23:19,164.9,151.1,167.6,151.5,164.2,157.1,155.3,153.5,167.7,155.7,164.4,151.9
SEALER-0061,1400,23:20,163.7,150.1,167.2,151.4,163.4,158.5,154.3,152.0,167.4,157.3,164.8,152.4
SEALER-0061,1401,23:21,164.5,152.5,166.1,152.2,163.6,156.8,155.4,153.3,166.8,155.7,165.0,151.8
SEALER-0061,1402,23:22,164.2,152.7,167.5,152.2,165.7,157.2,156.1,152.4,167.1,156.6,165.5,153.3
SEALER-0061,1403,23:23,164.7,151.5,167.4,153.1,165.0,155.1,156.1,152.5,168.3,155.1,163.1,152.3
SEALER-0061,1404,23:24,164.3,149.9,166.3,151.0,163.7,157.2,154.3,154.3,167.8,156.5,163.8,151.5
SEALER-0061,1405,23:25,163.5,149.7,166.7,150.5,164.6,156.2,155.8,153.2,166.6,155.0,164.1,152.3
SEALER-0061,1406,23:26,163.7,151.8,167.0,152.1,165.3,156.5,155.1,151.7,167.9,155.1,165.7,152.1
SEALER-0061,1407,23:27,163.2,150.7,167.3,151.9,163.3,157.6,155.9,154.4,167.0,154.3,166.4,153.7
SEALER-0061,1408,23:28,162.2,152.5,166.3,152.0,165.8,157.7,155.2,153.4,164.6,156.5,164.0,152.4
SEALER-0061,1409,23:29,163.8,152.1,167.0,150.4,164.1,156.2,155.3,153.2,167.3,154.2,165.0,152.5
SEALER-0061,1410,23:30,162.4,154.1,166.8,150.9,163.6,154.9,154.7,153.6,166.5,154.7,164.8,152.2
SEALER-0061,1411,23:31,164.5,151.3,167.3,149.9,165.7,158.1,155.4,153.1,166.4,157.2,164.2,152.5
SEALER-0061,1412,23:32,163.3,152.2,167.1,150.3,164.8,156.4,155.9,153.5,167.5,154.8,163.9,151.6
SEALER-0061,1413,23:33,163.7,151.2,166.5,152.5,165.8,156.8,155.8,152.8,167.8,156.5,165.2,152.2
SEALER-0061,1414,23:34,162.6,151.1,166.8,152.7,164.6,157.2,156.1,152.8,165.7,155.2,164.3,153.4
SEALER-0061,1415,23:35,165.0,150.2,165.5,151.4,164.3,156.3,156.9,153.9,167.6,155.0,164.7,154.3
SEALER-0061,1416,23:36,165.0,150.8,165.0,152.7,165.9,155.6,154.4,154.7,167.7,156.0,164.1,154.2
SEALER-0061,1417,23:37,162.9,150.0,165.1,151.8,164.7,157.2,154.1,153.7,166.2,155.9,164.3,152.8
SEALER-0061,1418,23:38,164.4,151.0,165.1,151.9,163.6,157.8,155.8,154.1,167.8,155.1,163.4,153.8
SEALER-0061,1419,23:39,164.7,151.4,166.9,150.8,164.7,156.2,154.9,152.8,166.8,154.2,164.6,153.7
SEALER-0061,1420,23:40,163.5,151.3,166.5,150.4,163.1,156.7,153.1,155.0,166.1,154.7,165.2,153.1
SEALER-0061,1421,23:41,164.3,152.1,168.1,150.6,165.1,158.1,155.0,153.9,166.6,156.1,164.1,152.5
SEALER-0061,1422,23:42,163.1,151.3,166.4,153.1,166.0,157.6,154.9,152.1,167.0,156.2,164.8,152.4
SEALER-0061,1423,23:43,164.9,151.5,168.3,151.1,164.5,156.8,154.8,154.5,167.9,154.4,164.3,152.7
SEALER-0061,1424,23:44,163.8,151.9,168.4,151.1,164.3,156.5,155.8,153.7,167.8,155.0,163.6,151.4
SEALER-0061,1425,23:45,163.2,152.7,165.8,151.8,164.8,156.6,155.4,153.3,165.9,157.9,164.7,152.1
SEALER-0061,1426,23:46,162.8,151.8,167.3,150.8,164.2,157.5,154.5,154.4,167.3,155.3,164.8,152.9
SEALER-0061,1427,23:47,161.4,151.7,165.4,151.4,164.0,157.6,154.4,154.2,167.1,156.4,165.4,152.0
SEALER-0061,1428,23:48,163.8,152.8,168.0,152.4,164.4,156.6,155.3,151.7,166.7,156.6,164.1,152.9
SEALER-0061,1429,23:49,163.5,151.7,166.9,151.2,166.5,158.7,156.5,154.4,166.9,155.4,165.4,151.6
SEALER-0061,1430,23:50,165.1,152.8,165.9,153.1,164.7,157.5,156.2,154.7,168.4,154.1,165.0,152.9
SEALER-0061,1431,23:51,163.1,151.7,168.4,151.8,165.6,157.2,154.9,152.4,165.8,154.4,164.7,152.0
SEALER-0061,1432,23:52,162.7,150.5,166.0,151.6,165.7,157.6,155.9,152.3,166.6,156.2,165.3,151.2
SEALER-0061,1433,23:53,163.3,151.3,167.4,151.0,163.8,156.9,155.6,153.7,167.9,155.9,163.9,153.1
SEALER-0061,1434,23:54,163.2,151.0,165.2,151.4,164.7,156.4,155.2,154.3,167.2,154.5,163.0,152.0
SEALER-0061,1435,23:55,163.5,152.1,166.0,151.9,164.2,157.1,155.2,152.9,167.9,153.2,163.6,152.5
SEALER-0061,1436,23:56,162.6,151.1,165.0,150.8,164.9,156.1,156.3,152.8,165.2,155.2,163.7,151.3
SEALER-0061,1437,23:57,164.5,151.9,167.1,151.7,166.3,157.1,156.7,153.0,166.5,154.6,164.0,151.4
SEALER-0061,1438,23:58,162.7,151.0,166.9,151.8,164.7,157.1,157.2,152.7,167.4,154.1,163.6,152.0
SEALER-0061,1439,23:59,163.5,151.8,166.7,150.8,163.7,157.5,153.4,152.8,167.8,155.2,164.3,151.7
SEALER-0061,1440,24:00,164.1,152.7,166.6,151.4,165.4,158.3,156.5,153.6,166.6,155.6,162.4,151.6
SEALER-0061,1441,24:01,162.0,152.6,165.4,152.0,164.3,156.8,154.9,152.8,165.7,154.4,162.4,152.6
SEALER-0061,1442,24:02,163.1,151.4,166.8,151.4,165.5,157.0,155.0,153.0,167.0,155.6,165.4,152.0
SEALER-0061,1443,24:03,164.5,151.5,167.2,152.1,166.6,157.6,156.4,152.7,167.0,153.4,164.3,152.5
SEALER-0061,1444,24:04,164.2,151.8,165.5,150.7,164.9,157.1,155.4,153.6,168.1,156.0,164.8,153.5
SEALER-0061,1445,24:05,165.1,150.9,166.5,151.5,165.3,157.4,154.5,153.1,166.2,155.1,164.7,153.6
SEALER-0061,1446,24:06,164.7,152.3,165.7,151.7,166.0,157.8,155.3,154.0,165.7,155.8,164.8,152.7
SEALER-0061,1447,24:07,163.7,152.3,167.2,152.5,164.9,156.4,153.7,152.6,168.1,154.6,164.6,152.1
SEALER-0061,1448,24:08,162.1,151.3,167.4,152.1,164.0,157.3,156.4,153.8,165.4,155.0,164.0,152.0
SEALER-0061,1449,24:09,164.0,152.6,165.7,150.9,164.4,156.9,155.3,153.2,166.3,156.2,164.5,152.8
SEALER-0061,1450,24:10,163.5,151.8,165.7,151.3,163.8,155.6,156.2,153.1,165.4,156.1,163.6,152.9
SEALER-0061,1451,24:11,164.2,150.6,166.2,151.2,165.2,157.5,155.0,151.3,167.1,153.8,163.6,152.1
SEALER-0061,1452,24:12,164.7,152.3,165.2,152.2,163.6,155.8,155.3,154.5,167.3,157.6,165.4,151.0
SEALER-0061,1453,24:13,163.6,152.0,166.6,151.9,165.7,156.2,154.8,152.6,167.4,154.9,162.4,153.1
SEALER-0061,1454,24:14,163.4,152.6,167.3,153.5,165.6,156.2,155.4,154.4,165.9,156.1,164.9,152.8
SEALER-0061,1455,24:15,164.2,154.0,166.8,152.6,163.8,157.3,156.2,151.5,167.2,155.1,166.0,151.8
SEALER-0061,1456,24:16,166.6,152.9,166.9,151.8,163.8,156.4,154.4,152.7,165.9,155.1,163.5,151.8
SEALER-0061,1457,24:17,162.2,152.6,166.0,151.4,166.6,156.5,155.7,153.2,165.6,155.6,163.3,153.6
SEALER-0061,1458,24:18,163.5,151.5,166.7,151.9,164.9,157.4,154.8,153.9,167.2,154.6,164.7,152.1
SEALER-0061,1459,24:19,163.4,150.8,167.9,150.9,164.4,158.1,156.4,153.4,166.1,156.6,164.2,152.5
SEALER-0061,1460,24:20,163.6,152.6,166.1,150.4,165.2,157.0,155.4,152.5,167.3,155.9,165.4,151.4
SEALER-0061,1461,24:21,164.2,152.6,166.2,152.7,165.2,156.2,156.1,152.6,166.8,155.3,164.7,152.3
SEALER-0061,1462,24:22,163.6,152.4,166.6,151.3,166.2,158.2,156.1,151.7,167.7,154.6,165.0,152.3
SEALER-0061,1463,24:23,162.5,152.3,166.8,151.6,164.6,157.9,155.2,153.7,167.4,153.7,164.5,152.5
SEALER-0061,1464,24:24,163.9,151.7,167.3,152.2,163.8,157.5,154.6,153.0,165.7,154.7,165.2,152.1
SEALER-0061,1465,24:25,163.4,152.7,165.9,151.0,163.7,156.6,155.3,152.8,166.9,153.4,165.7,152.0
SEALER-0061,1466,24:26,162.6,151.0,165.4,151.2,165.2,155.5,155.7,153.4,167.4,153.9,164.2,151.5
SEALER-0061,1467,24:27,162.5,152.0,164.8,150.7,164.4,157.5,154.8,153.2,166.1,153.0,163.2,152.3
SEALER-0061,1468,24:28,163.7,153.0,164.6,149.8,164.6,157.2,154.8,154.2,167.2,153.1,164.8,150.7
SEALER-0061,1469,24:29,164.1,152.3,164.5,148.6,165.0,158.6,154.4,153.0,167.4,153.0,164.5,152.9
SEALER-0061,1470,24:30,165.3,152.1,164.0,149.9,165.7,156.7,155.7,155.0,166.2,152.0,165.5,151.8
SEALER-0061,1471,24:31,164.4,151.5,163.6,149.3,165.8,156.4,154.5,155.3,166.3,151.6,164.1,152.2
SEALER-0061,1472,24:32,162.8,150.9,162.9,149.2,164.0,155.9,155.3,153.5,165.6,149.8,164.3,150.5
SEALER-0061,1473,24:33,163.9,150.7,163.1,148.5,165.6,156.6,155.1,154.4,165.7,151.2,164.1,151.7
SEALER-0061,1474,24:34,164.6,149.5,161.5,148.4,164.9,156.6,155.4,153.2,164.7,150.3,163.4,153.3
SEALER-0061,1475,24:35,164.8,150.2,160.7,147.5,165.4,157.7,153.5,153.5,164.8,150.8,163.8,152.9
SEALER-0061,1476,24:36,164.3,149.5,161.3,147.8,165.0,156.5,154.7,154.2,163.8,149.3,161.8,151.8
SEALER-0061,1477,24:37,163.9,149.2,160.8,146.7,167.4,156.1,157.4,154.0,164.7,150.0,162.6,151.0
SEALER-0061,1478,24:38,163.3,149.0,160.6,146.0,164.7,156.4,153.9,153.4,163.3,150.0,161.3,151.0
SEALER-0061,1479,24:39,163.8,147.8,160.5,146.0,164.4,155.4,155.7,153.5,162.6,148.5,161.0,151.5
SEALER-0061,1480,24:40,164.0,147.6,160.1,145.5,163.6,157.4,153.8,152.5,162.8,148.3,160.1,153.0
SEALER-0061,1481,24:41,164.3,147.2,159.0,145.7,167.0,156.0,156.1,153.1,162.0,148.2,160.4,149.2
SEALER-0061,1482,24:42,165.1,146.9,158.5,145.5,164.6,157.1,155.5,154.3,162.1,147.9,160.9,153.7
SEALER-0061,1483,24:43,164.0,146.6,158.4,145.0,164.7,158.2,156.0,153.0,161.3,147.4,159.3,153.9
SEALER-0061,1484,24:44,163.8,146.7,157.8,145.0,164.3,157.0,155.5,153.0,160.2,147.3,159.3,152.0
SEALER-0061,1485,24:45,163.8,145.6,157.7,143.1,164.5,156.5,156.8,154.7,161.2,146.0,158.5,152.0
SEALER-0061,1486,24:46,163.9,145.0,157.6,143.6,164.3,156.4,155.7,153.2,159.8,146.7,158.8,152.6
SEALER-0061,1487,24:47,162.9,145.0,155.8,143.3,163.6,157.2,156.4,153.9,160.1,145.3,157.7,152.0
SEALER-0061,1488,24:48,161.7,145.2,156.7,142.4,165.3,155.8,154.5,153.0,158.6,144.6,158.3,152.4
SEALER-0061,1489,24:49,162.7,144.5,157.1,141.6,164.5,157.4,157.0,152.3,158.0,145.6,156.4,151.4
SEALER-0061,1490,24:50,162.4,144.1,155.9,141.4,165.3,156.7,157.5,152.7,159.1,144.7,156.5,151.1
SEALER-0061,1491,24:51,161.7,144.6,154.8,142.6,165.4,156.9,155.4,152.0,157.5,145.1,156.0,151.1
SEALER-0061,1492,24:52,161.1,143.7,155.4,142.0,165.0,155.8,153.5,154.1,158.2,143.6,155.6,149.3
SEALER-0061,1493,24:53,159.9,143.1,154.4,141.1,164.7,156.9,154.0,154.5,157.2,144.5,155.8,149.7
SEALER-0061,1494,24:54,160.4,143.2,153.6,140.8,163.9,156.8,154.7,153.3,155.4,143.6,154.7,150.3
SEALER-0061,1495,24:55,159.9,141.6,153.9,139.4,164.8,156.5,154.7,151.9,157.1,142.6,154.8,149.7
SEALER-0061,1496,24:56,158.8,142.4,153.6,139.7,164.3,155.9,153.8,152.7,155.6,142.7,154.5,149.0
SEALER-0061,1497,24:57,159.0,141.0,153.1,139.7,163.9,156.5,156.2,152.4,155.6,142.5,154.1,149.1
SEALER-0061,1498,24:58,159.3,141.1,152.2,139.2,165.6,156.1,154.6,152.3,154.3,141.4,153.2,148.5
SEALER-0061,1499,24:59,158.5,140.9,152.4,139.4,164.6,156.9,156.6,151.3,154.2,141.5,152.2,148.2
SEALER-0061,1500,25:00,158.5,140.1,152.2,138.7,165.0,157.0,156.0,151.5,154.0,142.0,152.1,147.3
SEALER-0061,1501,25:01,158.4,140.1,152.0,138.5,164.6,158.5,155.0,151.4,153.3,141.6,152.6,147.3
SEALER-0061,1502,25:02,157.8,138.9,151.9,138.6,163.8,156.7,156.1,150.4,153.8,140.1,152.3,147.2
SEALER-0061,1503,25:03,156.4,138.8,150.6,137.6,164.0,157.7,155.0,149.9,153.6,140.6,151.0,146.7
SEALER-0061,1504,25:04,156.5,139.6,150.5,136.6,163.5,158.5,155.9,149.5,152.6,140.4,150.8,146.1
SEALER-0061,1505,25:05,156.1,137.6,151.0,136.3,162.5,157.8,154.7,148.3,151.5,140.0,150.4,145.2
SEALER-0061,1506,25:06,155.6,138.8,149.5,137.4,162.1,157.5,154.9,148.8,151.7,138.8,150.7,145.0
SEALER-0061,1507,25:07,155.6,138.5,149.3,135.5,162.1,157.2,152.7,147.9,151.7,137.4,149.8,145.9
SEALER-0061,1508,25:08,155.8,136.8,148.1,136.6,161.4,156.7,153.5,147.8,151.6,137.9,149.5,145.2
SEALER-0061,1509,25:09,155.1,137.3,148.4,135.6,160.9,156.3,152.4,147.5,150.4,138.3,149.7,144.5
SEALER-0061,1510,25:10,154.6,137.1,148.3,135.7,160.7,155.9,152.5,147.4,150.3,137.5,149.0,144.2
SEALER-0061,1511,25:11,154.1,136.8,148.0,134.9,160.1,155.5,151.8,146.4,150.4,137.5,148.4,143.3
SEALER-0061,1512,25:12,153.3,136.2,148.4,133.6,159.4,155.5,152.5,147.2,150.4,136.8,148.0,143.6
SEALER-0061,1513,25:13,152.6,135.9,147.6,134.7,158.8,155.2,150.7,146.3,150.1,135.9,147.3,142.9
SEALER-0061,1514,25:14,153.3,134.7,146.6,133.9,158.7,155.1,150.9,145.0,149.0,136.7,147.1,143.0
SEALER-0061,1515,25:15,152.1,135.3,146.4,133.8,157.5,154.3,150.2,144.7,149.0,136.1,145.9,142.6
SEALER-0061,1516,25:16,152.3,135.4,145.7,133.6,157.0,152.8,149.7,145.6,148.2,135.0,146.1,142.5
SEALER-0061,1517,25:17,151.1,134.8,145.4,132.7,157.2,153.1,149.4,145.7,148.4,135.5,145.3,142.7
SEALER-0061,1518,25:18,152.2,133.9,145.2,132.7,156.7,152.0,149.0,144.3,147.4,135.5,145.9,141.2
SEALER-0061,1519,25:19,151.1,133.9,144.8,130.6,156.2,153.2,148.8,143.7,147.3,134.3,144.3,141.7
SEALER-0061,1520,25:20,149.9,133.5,144.7,130.8,154.2,152.0,149.0,142.6,147.2,134.3,145.0,141.0
SEALER-0061,1521,25:21,150.4,132.6,144.3,131.3,154.9,151.2,147.8,142.3,145.5,134.2,144.1,141.3
SEALER-0061,1522,25:22,150.5,131.5,143.3,131.5,154.5,150.1,146.8,142.5,146.1,133.5,142.9,140.1
SEALER-0061,1523,25:23,150.4,131.4,143.3,131.4,154.7,150.5,147.3,141.6,146.1,133.6,144.1,140.0
SEALER-0061,1524,25:24,149.9,132.0,144.2,130.4,154.7,150.5,145.8,142.1,144.5,133.5,143.4,138.9
SEALER-0061,1525,25:25,149.2,132.0,143.1,130.7,152.9,148.7,146.1,141.1,144.8,132.7,141.8,139.6
SEALER-0061,1526,25:26,149.4,131.7,142.8,129.9,153.2,148.8,145.7,140.9,144.6,133.0,142.4,139.7
SEALER-0061,1527,25:27,148.1,131.0,143.0,130.6,152.2,148.5,145.8,141.1,144.1,132.4,142.0,138.8
SEALER-0061,1528,25:28,147.4,131.1,141.7,129.4,152.7,148.3,144.9,140.6,143.5,132.4,142.0,137.2
SEALER-0061,1529,25:29,147.5,130.6,142.1,128.6,152.1,147.4,144.1,139.3,143.1,132.6,140.9,137.4
SEALER-0061,1530,25:30,147.7,130.1,141.9,128.7,151.6,147.3,144.5,140.6,142.7,131.6,141.3,138.3
SEALER-0061,1531,25:31,146.4,128.7,140.2,129.0,151.0,147.2,144.2,138.6,142.7,131.4,141.0,137.4
SEALER-0061,1532,25:32,146.5,129.1,141.1,128.7,150.6,146.4,143.7,139.0,141.5,130.9,140.1,137.9
SEALER-0061,1533,25:33,146.6,128.5,139.8,128.3,150.0,146.1,143.5,138.7,142.2,130.3,139.5,137.0
SEALER-0061,1534,25:34,146.8,129.5,138.9,128.1,150.8,146.6,142.5,137.1,141.5,130.4,139.1,137.3
SEALER-0061,1535,25:35,145.0,129.2,140.0,126.9,149.8,144.5,143.0,137.8,140.3,130.2,138.6,135.8
SEALER-0061,1536,25:36,145.4,128.9,138.8,127.3,149.2,145.1,141.5,137.9,141.0,129.2,137.9,135.4
SEALER-0061,1537,25:37,145.2,128.1,138.7,126.9,148.8,144.4,141.3,136.3,139.8,128.0,138.6,135.4
SEALER-0061,1538,25:38,144.2,127.4,138.1,126.5,148.0,143.8,141.2,135.9,141.0,129.5,139.4,136.0
SEALER-0061,1539,25:39,144.9,126.7,138.2,125.3,147.7,143.1,141.1,135.9,139.4,128.4,137.6,135.4
SEALER-0061,1540,25:40,144.0,127.1,138.1,126.9,147.4,144.0,140.2,135.6,139.2,128.9,137.1,135.1
SEALER-0061,1541,25:41,143.4,126.9,137.6,125.7,146.1,141.8,138.8,135.6,138.6,127.5,137.1,134.9
SEALER-0061,1542,25:42,143.8,126.3,137.7,126.4,145.7,142.3,138.7,134.5,139.3,127.6,136.0,134.5
SEALER-0061,1543,25:43,143.5,126.2,135.7,124.7,146.1,141.6,139.0,134.8,138.0,127.8,136.6,133.2
SEALER-0061,1544,25:44,143.3,124.4,136.7,124.6,146.2,141.6,139.0,135.6,139.3,127.3,136.1,133.5
SEALER-0061,1545,25:45,143.0,124.8,136.2,124.9,145.3,141.1,137.5,133.5,136.7,126.4,135.5,133.3
SEALER-0061,1546,25:46,142.4,124.7,136.0,123.7,145.6,140.6,137.7,134.2,137.1,127.2,134.8,132.8
SEALER-0061,1547,25:47,142.0,123.8,136.1,124.2,143.7,140.8,138.0,132.8,137.9,126.1,134.6,133.0
SEALER-0061,1548,25:48,141.5,124.5,134.9,124.1,143.5,140.2,136.4,133.4,136.3,126.5,135.0,131.6
SEALER-0061,1549,25:49,141.0,122.9,134.6,123.3,143.3,139.8,137.0,133.2,136.0,126.0,134.6,133.0
SEALER-0061,1550,25:50,141.8,123.8,134.0,122.2,143.6,140.0,136.6,132.2,136.3,125.5,134.0,131.4
SEALER-0061,1551,25:51,140.2,123.9,134.9,122.5,143.0,138.6,135.5,132.4,136.4,123.9,133.6,131.4
SEALER-0061,1552,25:52,139.7,122.5,133.6,122.2,142.1,137.7,134.9,131.6,135.8,125.6,133.3,132.3
SEALER-0061,1553,25:53,139.9,123.4,133.1,122.1,142.0,137.4,135.0,131.2,135.7,124.2,133.1,130.7
SEALER-0061,1554,25:54,139.1,122.3,133.9,121.4,141.9,137.8,134.9,130.5,134.2,123.3,132.0,130.3
SEALER-0061,1555,25:55,139.3,122.3,133.2,122.3,141.1,137.1,132.9,129.4,134.6,124.7,133.0,130.6
SEALER-0061,1556,25:56,138.8,121.3,132.3,121.3,140.6,137.3,133.5,129.8,134.1,123.2,131.2,130.0
SEALER-0061,1557,25:57,138.6,121.5,132.4,121.4,141.2,137.4,133.4,129.8,133.6,123.9,131.3,129.5
SEALER-0061,1558,25:58,139.0,122.3,132.2,121.0,140.9,135.8,133.0,129.2,133.5,122.7,132.4,129.8
SEALER-0061,1559,25:59,138.5,121.3,131.7,120.8,140.1,135.5,133.0,129.1,133.4,123.0,131.7,128.4
SEALER-0061,1560,26:00,138.2,120.3,131.5,121.1,139.7,134.9,132.9,128.4,133.1,122.8,130.5,129.5
SEALER-0061,1561,26:01,136.6,120.7,130.4,120.1,138.0,134.4,132.1,127.7,133.3,122.3,130.4,129.4
SEALER-0061,1562,26:02,136.3,120.0,131.0,119.3,138.6,134.7,131.4,127.8,131.6,122.5,129.6,128.0
SEALER-0061,1563,26:03,137.3,121.0,129.6,119.1,137.7,135.2,131.0,127.8,131.7,121.2,128.9,128.9
SEALER-0061,1564,26:04,137.1,118.8,130.0,119.3,137.8,134.8,130.6,127.8,131.6,120.6,129.4,128.2
SEALER-0061,1565,26:05,136.0,119.9,129.1,118.7,137.4,134.1,131.1,127.4,131.5,120.8,129.1,128.1
SEALER-0061,1566,26:06,136.0,118.8,129.4,118.4,137.2,133.2,129.9,127.2,130.7,121.6,128.9,126.5
SEALER-0061,1567,26:07,135.4,119.1,129.8,118.9,136.5,133.0,129.6,126.7,129.9,120.1,127.6,128.1
SEALER-0061,1568,26:08,136.0,118.8,128.5,117.9,136.5,132.2,129.2,126.3,129.8,120.6,128.1,127.4
SEALER-0061,1569,26:09,134.7,118.3,128.2,117.6,135.4,131.9,129.6,125.9,129.4,119.3,127.7,126.2
SEALER-0061,1570,26:10,136.0,118.6,127.7,116.7,136.6,131.5,128.8,125.2,129.5,119.0,128.4,126.7
SEALER-0061,1571,26:11,134.2,117.2,128.3,116.5,135.1,130.9,128.2,124.5,129.9,119.1,127.0,126.2
SEALER-0061,1572,26:12,134.7,118.2,126.8,115.8,134.6,131.8,128.3,124.5,129.9,119.7,126.8,125.3
SEALER-0061,1573,26:13,134.5,117.4,127.5,116.4,134.9,131.0,127.6,124.3,128.9,119.5,126.0,125.6
SEALER-0061,1574,26:14,133.6,116.7,128.1,116.4,134.6,129.9,127.1,124.4,128.2,118.4,126.5,124.0
SEALER-0061,1575,26:15,133.2,116.5,127.4,116.3,133.9,129.9,127.6,124.0,128.4,119.0,124.3,123.9
SEALER-0061,1576,26:16,132.8,116.5,126.5,115.2,134.4,129.7,126.8,123.0,128.4,117.9,125.1,124.5
SEALER-0061,1577,26:17,131.5,115.8,127.0,115.6,132.8,129.4,126.7,123.3,127.8,117.9,124.1,124.8
SEALER-0061,1578,26:18,132.9,115.6,125.7,115.2,132.7,129.9,126.3,123.0,127.4,117.1,124.9,124.1
SEALER-0061,1579,26:19,131.8,114.8,125.5,114.6,132.5,129.5,125.3,122.9,126.5,117.1,124.5,124.8
SEALER-0061,1580,26:20,133.0,114.7,124.4,114.7,133.3,128.4,125.5,122.6,126.6,117.2,124.1,123.0
SEALER-0061,1581,26:21,131.6,114.2,124.2,115.0,131.9,127.7,124.3,121.8,125.6,116.9,123.2,122.8
SEALER-0061,1582,26:22,132.5,114.9,124.0,113.7,130.9,128.3,125.2,121.0,127.2,116.8,123.3,122.5
SEALER-0061,1583,26:23,131.3,114.9,123.7,113.7,130.8,127.4,124.9,121.4,126.5,116.2,123.6,122.7
SEALER-0061,1584,26:24,131.5,114.5,123.6,114.1,129.8,126.5,123.9,121.2,125.4,116.2,122.5,123.1
SEALER-0061,1585,26:25,129.8,114.1,124.1,113.6,130.8,126.9,122.8,120.6,125.4,115.8,124.3,122.8
SEALER-0061,1586,26:26,129.6,113.2,123.2,113.7,129.4,126.1,122.2,120.8,124.6,115.3,121.8,122.2
SEALER-0061,1587,26:27,129.5,113.3,122.9,113.8,128.7,125.4,122.9,120.8,124.8,115.2,121.7,122.5
SEALER-0061,1588,26:28,129.5,112.9,122.4,113.2,130.3,125.1,123.4,119.8,124.3,114.6,121.7,122.4
SEALER-0061,1589,26:29,129.3,112.4,122.8,112.5,129.0,125.5,122.3,119.4,123.7,116.1,121.2,121.3
SEALER-0061,1590,26:30,128.8,112.6,122.5,112.6,128.3,124.8,121.9,120.0,124.2,114.3,121.6,120.9
SEALER-0061,1591,26:31,128.7,112.0,121.0,112.0,129.1,124.2,121.8,119.2,122.9,113.5,120.8,119.9
SEALER-0061,1592,26:32,128.6,111.3,121.3,112.1,127.6,123.9,122.0,119.3,123.5,114.4,119.6,120.7
SEALER-0061,1593,26:33,128.0,111.3,121.8,112.1,127.9,124.6,121.0,118.8,123.1,113.5,119.3,119.6
SEALER-0061,1594,26:34,128.4,111.6,121.2,111.9,127.2,123.4,120.8,117.7,122.5,113.9,119.2,120.3
SEALER-0061,1595,26:35,128.2,111.2,120.7,110.8,127.2,123.0,120.5,118.4,122.9,113.4,119.8,120.0
SEALER-0061,1596,26:36,127.9,110.9,121.5,111.4,126.4,122.4,119.8,117.3,123.2,113.0,119.3,119.0
SEALER-0061,1597,26:37,127.7,110.5,120.1,110.8,126.2,122.5,121.0,117.8,120.9,112.6,118.8,119.9
SEALER-0061,1598,26:38,125.8,110.5,119.4,110.9,126.3,122.1,119.8,116.7,122.0,112.4,118.9,119.0
SEALER-0061,1599,26:39,126.4,110.1,119.8,111.1,124.7,122.1,118.8,116.7,120.1,112.5,118.3,118.3
SEALER-0061,1600,26:40,127.0,109.4,119.5,109.7,125.1,121.1,118.5,114.7,120.6,113.0,117.6,117.8
SEALER-0061,1601,26:41,125.9,110.6,118.8,109.1,124.9,121.4,119.3,116.6,121.1,111.1,117.6,117.6
SEALER-0061,1602,26:42,126.3,109.3,119.0,109.5,123.5,120.9,118.0,115.6,120.1,110.2,117.1,117.5
SEALER-0061,1603,26:43,126.5,108.4,118.6,108.9,124.7,120.0,118.2,115.3,120.0,111.1,117.3,117.7
SEALER-0061,1604,26:44,125.9,109.8,117.6,109.7,124.5,119.5,117.6,115.1,120.2,110.3,117.2,116.9
SEALER-0061,1605,26:45,124.6,107.6,118.4,108.5,123.0,120.0,117.4,113.6,119.5,110.8,116.8,117.1
SEALER-0061,1606,26:46,125.4,107.6,117.3,108.8,123.2,119.1,117.0,114.4,118.9,109.4,116.3,115.7
SEALER-0061,1607,26:47,125.1,109.1,118.0,107.7,122.5,118.4,116.1,113.4,118.7,109.9,116.5,117.4
SEALER-0061,1608,26:48,124.3,108.5,117.4,108.3,123.2,118.8,116.6,114.0,118.1,110.1,115.4,116.7
SEALER-0061,1609,26:49,123.8,107.9,116.4,106.9,122.6,118.3,116.5,114.5,118.0,109.2,115.2,116.1
SEALER-0061,1610,26:50,122.9,107.3,116.1,107.4,122.1,118.3,115.8,113.4,118.6,110.4,115.4,115.7
SEALER-0061,1611,26:51,123.6,106.3,116.8,106.9,121.7,117.8,115.0,113.7,116.8,109.3,113.5,115.6
SEALER-0061,1612,26:52,123.3,106.9,116.4,107.4,121.4,117.9,114.5,113.3,117.3,108.3,115.0,115.8
SEALER-0061,1613,26:53,122.6,106.2,116.5,106.3,121.5,116.8,114.9,113.1,117.7,108.4,114.0,115.4
SEALER-0061,1614,26:54,123.0,106.0,115.3,106.2,120.7,118.3,114.2,112.2,117.1,108.9,114.6,114.6
SEALER-0061,1615,26:55,121.9,105.8,115.4,106.8,119.9,116.9,115.4,112.8,115.8,108.0,112.8,114.4
SEALER-0061,1616,26:56,122.1,105.4,116.3,105.9,119.8,116.8,113.7,111.7,116.9,107.3,113.8,114.3
SEALER-0061,1617,26:57,121.5,105.7,113.5,105.4,119.6,116.0,113.9,112.1,116.3,107.8,113.4,113.9
SEALER-0061,1618,26:58,121.7,104.9,114.9,104.7,119.8,115.9,113.2,112.3,115.4,107.1,112.9,114.3
SEALER-0061,1619,26:59,122.1,104.3,114.5,104.5,119.6,115.2,113.1,110.9,115.8,107.6,112.9,113.8
SEALER-0061,1620,27:00,121.8,105.3,113.6,105.2,119.0,115.4,112.4,111.1,114.8,106.9,112.1,113.8
SEALER-0061,1621,27:01,121.6,104.4,114.1,104.9,118.5,114.5,112.4,110.2,115.4,107.5,112.3,112.8
SEALER-0061,1622,27:02,121.0,104.9,112.8,103.9,118.7,115.1,111.9,110.2,115.7,106.7,112.2,113.3
SEALER-0061,1623,27:03,120.3,104.2,113.5,104.1,117.8,114.8,111.8,110.1,114.3,106.0,111.2,112.6
SEALER-0061,1624,27:04,120.1,103.6,112.5,105.1,118.1,115.0,111.9,109.8,114.9,106.3,112.8,112.9
SEALER-0061,1625,27:05,120.2,104.5,112.5,103.3,117.3,113.6,111.0,109.6,114.3,105.0,110.8,112.3
SEALER-0061,1626,27:06,119.3,103.0,113.2,103.1,117.6,113.4,111.0,109.1,113.9,105.9,111.2,112.3
SEALER-0061,1627,27:07,119.6,103.1,113.1,103.6,117.7,114.3,111.0,109.4,114.2,106.3,109.8,110.9
SEALER-0061,1628,27:08,119.1,103.6,112.3,104.3,116.8,114.0,111.0,108.6,113.6,105.7,110.4,110.7
SEALER-0061,1629,27:09,119.7,102.7,111.7,103.0,116.4,112.8,109.9,108.2,112.5,105.4,109.8,111.2
SEALER-0061,1630,27:10,119.0,101.5,111.6,101.6,115.4,112.2,108.9,108.3,112.9,104.4,109.9,109.9
SEALER-0061,1631,27:11,118.4,101.9,111.1,102.6,115.8,112.0,109.7,108.2,112.1,105.2,109.7,110.7
SEALER-0061,1632,27:12,119.0,102.4,110.6,102.5,115.6,111.9,109.8,107.1,112.4,104.5,110.6,110.9
SEALER-0061,1633,27:13,118.5,101.6,111.3,102.0,114.9,111.9,108.2,107.0,112.9,103.3,108.8,110.5
SEALER-0061,1634,27:14,117.5,100.7,110.7,102.8,113.9,111.7,108.9,106.9,111.6,105.3,109.5,110.9
SEALER-0061,1635,27:15,116.9,102.1,110.3,101.7,114.1,112.2,108.4,107.0,112.8,104.1,109.2,109.2
SEALER-0061,1636,27:16,117.1,101.2,110.5,101.4,114.1,110.9,108.4,105.8,111.2,103.9,109.1,110.0
SEALER-0061,1637,27:17,117.1,100.9,110.9,101.7,113.8,109.2,106.9,105.4,110.5,103.0,108.1,108.7
SEALER-0061,1638,27:18,116.4,101.0,109.6,101.1,113.5,109.9,107.5,105.7,110.8,102.6,107.1,108.8
SEALER-0061,1639,27:19,116.6,100.8,109.1,100.4,114.3,110.0,107.7,104.9,110.5,102.7,107.5,109.3
SEALER-0061,1640,27:20,116.6,100.4,109.0,100.1,112.8,110.0,106.2,104.7,110.5,103.7,107.3,108.6
SEALER-0061,1641,27:21,116.0,100.0,108.1,100.8,111.9,109.5,106.8,105.5,109.8,102.4,106.7,108.1
SEALER-0061,1642,27:22,115.1,99.4,108.2,100.3,112.5,109.1,107.0,105.2,109.7,102.5,107.2,108.7
SEALER-0061,1643,27:23,115.0,99.5,108.8,99.8,111.7,107.7,106.0,105.2,109.9,101.7,105.2,108.4
SEALER-0061,1644,27:24,114.8,99.4,108.0,99.7,112.1,108.7,105.7,104.9,108.3,101.1,106.4,108.0
SEALER-0061,1645,27:25,114.4,99.3,109.0,100.2,111.6,109.0,106.2,102.6,108.5,101.3,106.3,107.2
SEALER-0061,1646,27:26,115.5,99.3,108.0,99.2,112.3,107.9,106.0,103.3,108.2,101.5,106.5,108.2
SEALER-0061,1647,27:27,115.1,98.8,107.4,100.0,110.9,108.0,105.2,103.2,108.6,100.9,105.1,106.8
SEALER-0061,1648,27:28,114.0,98.4,107.1,99.2,111.2,106.7,105.7,103.5,108.0,101.3,105.0,107.4
SEALER-0061,1649,27:29,114.1,98.1,106.8,99.3,109.6,106.8,105.0,103.5,108.4,101.8,106.0,105.5
SEALER-0061,1650,27:30,113.2,97.7,106.2,98.7,109.7,106.5,103.4,102.5,107.0,100.4,104.6,106.9
SEALER-0061,1651,27:31,113.4,98.4,107.0,98.3,109.8,106.3,104.4,102.7,107.5,99.0,104.0,106.6
SEALER-0061,1652,27:32,113.2,97.2,106.4,97.6,109.2,106.4,103.9,101.1,107.7,100.8,103.6,106.2
SEALER-0061,1653,27:33,112.8,98.0,106.5,98.8,109.5,106.3,103.2,102.3,107.3,99.0,105.0,106.1
SEALER-0061,1654,27:34,113.2,97.7,105.3,98.3,109.3,105.9,103.7,101.8,106.7,99.4,104.8,107.1
SEALER-0061,1655,27:35,113.1,96.8,105.6,96.2,109.4,106.0,103.9,101.8,105.9,100.2,104.0,105.5
SEALER-0061,1656,27:36,111.4,97.0,105.3,97.2,108.9,105.8,102.3,101.9,106.3,98.9,104.1,105.1
SEALER-0061,1657,27:37,112.6,96.5,105.3,97.1,109.0,105.2,102.2,100.8,106.9,98.7,102.8,105.3
SEALER-0061,1658,27:38,111.8,95.9,104.1,97.0,108.6,104.6,102.5,100.8,105.9,98.8,102.4,104.2
SEALER-0061,1659,27:39,110.9,96.3,104.0,97.4,108.2,104.3,103.0,100.7,104.8,99.0,102.7,104.5
SEALER-0061,1660,27:40,111.0,95.6,104.8,95.9,107.7,104.6,102.0,99.9,105.0,98.6,102.6,105.2
SEALER-0061,1661,27:41,111.9,95.5,104.0,96.6,107.8,104.0,101.1,100.7,105.6,98.0,102.4,104.0
SEALER-0061,1662,27:42,111.1,95.4,104.5,96.8,107.2,104.5,101.1,100.1,104.3,99.1,102.8,104.4
SEALER-0061,1663,27:43,110.5,95.7,103.0,96.3,107.1,103.7,100.9,100.0,104.0,97.8,101.4,103.8
SEALER-0061,1664,27:44,110.5,96.0,103.3,94.9,106.1,103.2,101.8,99.9,104.9,96.9,101.5,104.2
SEALER-0061,1665,27:45,110.2,94.6,103.4,95.9,106.6,102.8,101.5,100.2,104.2,97.6,101.8,103.8
SEALER-0061,1666,27:46,110.6,95.2,103.8,94.8,106.6,101.5,100.4,100.3,104.1,97.4,101.0,102.9
SEALER-0061,1667,27:47,110.5,94.5,102.5,94.9,106.0,103.0,99.9,98.1,104.7,96.3,100.3,103.1
SEALER-0061,1668,27:48,109.0,95.3,103.3,95.1,106.4,103.1,100.3,98.5,104.0,96.5,100.9,102.5
SEALER-0061,1669,27:49,108.8,93.7,102.4,95.2,105.0,102.9,99.4,99.4,103.2,96.6,99.8,103.0
SEALER-0061,1670,27:50,109.3,95.1,102.2,94.4,104.6,102.6,99.7,97.7,103.0,96.2,100.7,102.0
SEALER-0061,1671,27:51,108.5,93.4,101.7,93.9,105.0,101.1,99.0,98.0,103.1,97.4,99.9,102.5
SEALER-0061,1672,27:52,108.9,93.7,101.7,94.3,104.4,100.5,98.7,97.8,103.8,96.0,99.5,102.2
SEALER-0061,1673,27:53,109.6,93.4,100.8,94.4,103.8,101.0,99.2,96.4,102.8,96.6,99.9,101.0
SEALER-0061,1674,27:54,108.1,93.8,101.9,94.0,104.6,100.8,98.5,96.8,101.9,95.6,99.2,100.7
SEALER-0061,1675,27:55,107.4,93.4,100.6,94.6,103.4,99.7,98.5,97.0,102.3,95.3,98.1,100.8
SEALER-0061,1676,27:56,108.4,93.1,100.8,92.2,103.9,100.0,97.4,96.8,101.5,95.2,99.2,100.9
SEALER-0061,1677,27:57,107.5,92.1,100.8,92.9,103.8,100.5,97.9,96.8,101.3,95.3,99.0,101.0
SEALER-0061,1678,27:58,106.9,92.6,100.5,92.8,102.6,99.9,97.7,97.4,100.7,94.5,98.6,100.8
SEALER-0061,1679,27:59,107.3,92.5,100.3,92.6,102.2,99.8,97.0,95.6,100.0,94.3,98.8,100.3
SEALER-0061,1680,28:00,106.9,91.8,99.8,92.9,102.3,99.5,96.8,95.1,100.2,94.0,97.4,99.9
SEALER-0061,1681,28:01,105.9,91.9,99.1,92.7,102.7,99.2,97.4,95.6,100.3,94.1,96.9,100.5
SEALER-0061,1682,28:02,106.6,90.7,99.8,93.1,101.7,98.6,96.0,95.5,100.2,93.4,98.4,100.6
SEALER-0061,1683,28:03,106.9,91.4,99.5,92.2,101.3,99.5,96.6,95.5,99.7,94.1,97.4,100.0
SEALER-0061,1684,28:04,105.4,91.6,99.2,92.7,101.5,97.9,96.6,94.8,99.8,93.5,97.1,98.7
SEALER-0061,1685,28:05,106.8,91.5,98.9,91.8,100.7,98.2,96.3,95.1,100.3,93.5,97.6,99.1
SEALER-0061,1686,28:06,106.5,92.1,98.5,91.4,101.7,97.7,95.6,95.0,99.5,93.6,96.9,99.4
SEALER-0061,1687,28:07,105.9,90.1,99.2,90.8,100.7,97.1,95.7,94.6,99.7,93.8,96.1,99.0
SEALER-0061,1688,28:08,105.6,90.2,98.5,91.0,101.4,98.3,95.2,93.9,99.8,92.9,97.5,98.5
SEALER-0061,1689,28:09,105.1,90.4,97.3,90.9,100.3,96.5,94.4,93.1,98.9,93.5,95.4,98.1
SEALER-0061,1690,28:10,104.8,90.1,98.0,90.5,100.8,97.8,94.8,94.8,99.4,92.9,95.1,98.4
SEALER-0061,1691,28:11,105.1,89.6,98.3,90.5,100.0,97.6,95.1,92.8,97.6,92.2,95.7,97.9
SEALER-0061,1692,28:12,105.9,89.5,97.8,90.4,99.6,96.2,93.9,94.1,98.8,91.7,95.5,99.2
SEALER-0061,1693,28:13,104.3,89.6,97.4,89.6,98.7,96.0,94.9,93.2,98.8,91.3,95.0,97.7
SEALER-0061,1694,28:14,103.8,89.2,97.8,91.4,98.7,95.7,93.9,93.3,97.6,91.8,94.5,97.4
SEALER-0061,1695,28:15,105.1,88.1,96.6,89.8,98.7,96.3,94.1,92.5,98.0,91.3,95.1,97.6
SEALER-0061,1696,28:16,103.9,88.6,96.8,89.5,99.1,96.5,93.0,92.9,96.9,91.5,94.1,97.1
SEALER-0061,1697,28:17,103.6,88.3,95.7,89.0,99.0,95.7,92.7,93.0,97.3,91.4,94.2,97.1
SEALER-0061,1698,28:18,103.9,89.2,95.9,89.1,97.3,95.2,94.0,91.5,96.4,91.4,94.3,96.8
SEALER-0061,1699,28:19,103.7,88.2,96.6,88.9,97.7,95.4,92.8,92.7,96.2,90.9,93.6,96.7
SEALER-0061,1700,28:20,103.6,87.7,95.2,89.9,97.7,95.2,92.7,91.8,97.0,90.4,94.4,96.7
SEALER-0061,1701,28:21,102.7,88.0,95.9,88.1,97.3,94.7,92.6,92.1,95.5,91.0,93.4,97.3
SEALER-0061,1702,28:22,102.6,87.8,95.3,89.4,96.7,94.2,91.3,91.9,96.2,90.2,93.9,95.7
SEALER-0061,1703,28:23,102.1,87.6,95.5,88.1,96.8,94.2,91.8,91.3,96.5,89.6,93.2,95.6
SEALER-0061,1704,28:24,101.5,87.9,95.2,87.9,97.6,94.0,91.9,91.3,95.1,89.9,93.2,96.0
SEALER-0061,1705,28:25,101.6,87.2,94.5,88.2,96.8,93.2,90.8,90.5,95.7,90.6,93.0,95.7
SEALER-0061,1706,28:26,101.8,86.4,94.5,86.8,96.7,93.3,91.1,90.7,95.8,89.7,93.4,95.2
SEALER-0061,1707,28:27,101.6,86.5,94.5,87.8,96.5,93.5,90.8,91.2,95.6,89.6,91.9,95.0
SEALER-0061,1708,28:28,101.2,86.5,94.3,87.7,95.8,92.5,91.2,89.8,94.9,88.8,91.9,95.7
SEALER-0061,1709,28:29,101.9,85.2,93.7,87.8,95.8,92.4,90.6,89.8,95.8,89.5,92.1,95.0
SEALER-0061,1710,28:30,100.6,87.0,94.1,87.0,95.5,92.3,90.0,90.4,95.4,88.9,92.1,95.5
SEALER-0061,1711,28:31,99.8,86.1,94.3,86.7,95.2,92.6,90.5,89.6,94.5,88.7,91.1,93.9
SEALER-0061,1712,28:32,100.2,86.1,93.0,87.4,96.0,92.6,89.9,89.6,95.8,88.2,91.0,93.9
SEALER-0061,1713,28:33,100.6,86.1,92.7,87.6,94.7,92.1,89.5,89.5,94.3,88.6,91.2,94.4
SEALER-0061,1714,28:34,99.5,85.4,93.8,86.8,94.9,92.3,89.3,89.3,94.0,88.9,91.0,93.4
SEALER-0061,1715,28:35,99.9,85.2,93.8,86.0,93.8,91.6,89.7,89.3,93.9,87.8,91.1,93.7
SEALER-0061,1716,28:36,100.1,85.0,93.3,85.7,94.5,91.6,88.8,88.7,93.9,87.4,90.8,94.0
SEALER-0061,1717,28:37,100.1,85.7,93.7,86.4,94.6,91.5,89.8,88.5,93.6,87.1,89.9,93.7
SEALER-0061,1718,28:38,99.4,84.9,92.6,86.9,94.0,90.5,88.0,87.9,92.8,88.2,89.8,93.8
SEALER-0061,1719,28:39,98.5,84.6,92.4,85.5,93.0,90.1,89.2,88.6,92.6,86.9,90.0,92.8
SEALER-0061,1720,28:40,98.9,84.1,92.6,86.0,94.4,90.9,89.4,87.8,93.4,86.8,89.6,93.8
SEALER-0061,1721,28:41,99.2,84.3,91.5,86.0,93.7,89.6,87.9,87.5,92.7,86.9,89.2,93.0
SEALER-0061,1722,28:42,98.3,84.4,91.7,85.2,93.0,90.2,87.6,86.7,92.2,87.0,89.1,92.4
SEALER-0061,1723,28:43,97.5,83.9,91.5,85.0,92.8,90.0,87.4,87.0,92.2,86.6,89.3,92.0
SEALER-0061,1724,28:44,98.0,84.1,91.1,84.7,92.7,89.8,88.6,87.0,90.6,87.3,89.1,91.7
SEALER-0061,1725,28:45,98.5,84.4,91.1,84.5,93.0,89.4,87.3,87.5,91.7,86.3,89.4,90.9
SEALER-0061,1726,28:46,97.1,83.9,90.6,84.8,92.0,88.5,86.6,86.2,91.5,87.3,89.5,92.3
SEALER-0061,1727,28:47,96.9,83.1,91.4,84.2,91.5,89.3,87.3,87.1,91.0,85.9,88.1,91.7
SEALER-0061,1728,28:48,97.1,83.1,91.2,84.4,91.8,89.2,86.5,86.0,91.5,85.9,88.9,91.4
SEALER-0061,1729,28:49,96.7,82.8,89.2,84.1,92.2,88.8,87.1,86.1,91.1,86.2,88.0,90.5
SEALER-0061,1730,28:50,97.3,83.3,90.1,83.5,91.6,88.5,87.6,86.9,90.2,86.6,87.6,91.6
SEALER-0061,1731,28:51,96.8,82.8,89.8,84.0,92.1,88.4,85.8,85.4,90.9,85.9,87.6,91.4
SEALER-0061,1732,28:52,96.1,82.7,89.4,83.9,91.2,88.6,86.8,86.3,90.0,86.5,87.2,91.0
SEALER-0061,1733,28:53,95.9,82.3,89.3,83.4,90.5,87.2,86.3,84.9,90.5,84.6,86.8,90.1
SEALER-0061,1734,28:54,97.4,82.0,89.8,84.1,91.3,87.2,86.0,85.6,90.1,84.3,86.2,91.1
SEALER-0061,1735,28:55,94.9,82.5,89.1,82.6,90.1,87.9,85.5,85.9,90.2,83.5,87.1,90.4
SEALER-0061,1736,28:56,96.2,81.0,89.2,83.2,91.6,87.6,85.0,85.6,89.4,85.1,86.9,89.9
SEALER-0061,1737,28:57,95.6,82.5,89.2,83.4,90.2,87.0,85.4,86.2,90.3,84.4,87.3,91.1
SEALER-0061,1738,28:58,95.5,82.7,88.9,82.2,90.5,87.0,84.8,83.8,89.5,84.2,86.0,89.7
SEALER-0061,1739,28:59,95.6,81.8,89.1,82.8,89.6,86.6,84.5,84.2,89.5,83.8,86.8,90.1
SEALER-0061,1740,29:00,95.8,81.5,87.3,82.0,89.3,87.4,85.0,84.1,89.4,83.5,86.4,88.7
SEALER-0061,1741,29:01,94.7,81.5,87.8,82.8,89.9,86.9,85.2,83.6,89.3,83.7,86.4,89.7
SEALER-0061,1742,29:02,94.6,82.1,88.9,81.4,89.6,86.4,83.9,83.8,88.2,83.2,85.8,89.4
SEALER-0061,1743,29:03,94.3,81.0,88.1,81.8,89.1,86.0,84.2,83.1,89.0,83.6,84.8,89.9
SEALER-0061,1744,29:04,94.6,81.4,87.7,80.8,87.8,85.1,84.2,83.6,88.8,82.5,84.7,88.4
SEALER-0061,1745,29:05,94.2,80.5,87.3,80.8,88.3,85.4,83.4,84.3,87.6,82.9,85.5,88.8
SEALER-0061,1746,29:06,95.8,80.5,87.4,81.2,88.4,85.3,84.2,83.6,88.1,82.6,84.4,88.8
SEALER-0061,1747,29:07,94.4,80.2,87.1,81.4,87.7,85.5,82.9,83.3,88.7,82.1,85.4,88.7
SEALER-0061,1748,29:08,94.0,79.9,87.4,81.5,88.0,84.8,82.7,82.8,87.5,81.9,84.8,88.8
SEALER-0061,1749,29:09,94.0,80.7,87.3,81.6,87.3,84.4,82.7,82.9,88.1,82.3,84.9,88.7
SEALER-0061,1750,29:10,93.0,79.4,87.1,81.0,87.5,84.2,82.1,82.2,87.6,82.7,84.3,87.7
SEALER-0061,1751,29:11,92.6,80.0,87.0,81.0,87.0,85.3,82.1,82.4,87.4,81.3,84.0,88.5
SEALER-0061,1752,29:12,94.1,80.0,86.2,80.6,87.0,83.3,82.0,82.5,86.4,82.0,84.0,86.8
SEALER-0061,1753,29:13,92.3,78.8,86.0,80.2,86.2,84.3,81.9,81.3,86.2,82.2,83.7,88.1
SEALER-0061,1754,29:14,92.6,79.5,85.6,81.1,86.1,84.3,82.0,81.4,87.1,81.8,83.7,87.5
SEALER-0061,1755,29:15,92.9,79.1,85.8,79.9,86.4,83.5,82.4,81.2,87.6,82.1,82.5,86.9
SEALER-0061,1756,29:16,92.7,79.2,85.7,80.1,86.3,82.9,81.1,81.9,86.5,82.6,83.6,86.9
SEALER-0061,1757,29:17,92.2,78.4,85.7,80.5,85.5,83.8,80.8,82.2,86.2,82.4,83.1,87.8
SEALER-0061,1758,29:18,91.7,80.3,86.0,79.9,85.6,82.8,82.0,81.1,86.5,81.3,82.6,86.6
SEALER-0061,1759,29:19,91.4,78.4,85.2,79.7,85.8,83.6,81.5,80.5,85.3,80.7,82.5,86.2
SEALER-0061,1760,29:20,91.3,77.9,85.2,78.8,86.4,82.5,81.1,80.3,85.4,80.0,82.7,87.1
SEALER-0061,1761,29:21,91.7,78.9,85.3,79.0,85.2,82.6,80.3,79.6,86.3,80.6,82.5,86.4
SEALER-0061,1762,29:22,91.7,77.5,84.7,79.3,85.2,82.4,81.5,79.5,85.4,80.6,82.4,85.8
SEALER-0061,1763,29:23,91.8,77.2,83.7,78.7,84.9,82.4,81.3,79.4,85.5,79.7,82.4,86.1
SEALER-0061,1764,29:24,91.2,76.9,85.0,79.2,84.2,82.6,79.8,80.5,85.8,80.0,82.0,86.1
SEALER-0061,1765,29:25,90.8,77.4,84.6,78.8,84.1,81.9,79.6,79.5,85.4,79.6,82.3,85.8
SEALER-0061,1766,29:26,91.5,77.6,84.5,79.2,84.0,81.8,79.4,80.1,85.1,80.5,82.5,85.0
SEALER-0061,1767,29:27,90.6,77.1,84.1,78.5,85.0,81.3,80.0,79.8,83.9,79.7,80.7,85.5
SEALER-0061,1768,29:28,90.1,77.1,83.4,77.8,84.7,82.2,80.3,79.3,85.0,79.3,81.4,86.2
SEALER-0061,1769,29:29,90.1,77.0,83.7,78.7,83.9,80.9,79.5,79.0,83.2,80.4,81.0,85.0
SEALER-0061,1770,29:30,90.7,76.7,83.9,77.8,83.9,81.5,80.4,78.8,84.0,79.4,81.6,85.1
SEALER-0061,1771,29:31,89.3,76.6,83.0,77.8,83.2,81.5,79.7,79.0,83.4,79.8,81.4,84.0
SEALER-0061,1772,29:32,89.7,76.8,83.8,77.7,83.5,80.4,78.6,78.5,82.7,79.9,80.9,85.0
SEALER-0061,1773,29:33,90.4,76.3,82.8,77.5,83.4,81.4,78.1,78.0,83.7,78.5,80.5,84.8
SEALER-0061,1774,29:34,89.5,75.4,83.3,77.2,82.9,80.4,78.4,79.0,83.7,78.2,80.0,84.2
SEALER-0061,1775,29:35,88.8,76.2,82.9,77.3,83.5,80.0,78.2,78.1,84.1,78.8,80.7,83.4
SEALER-0061,1776,29:36,88.7,76.4,83.3,76.8,82.5,80.3,77.6,78.8,82.8,78.9,80.5,83.8
SEALER-0061,1777,29:37,89.3,75.9,82.4,76.8,83.0,80.5,78.3,78.5,83.3,78.6,80.9,84.2
SEALER-0061,1778,29:38,88.8,75.8,82.1,76.2,83.1,79.9,77.6,77.3,82.6,78.7,79.8,83.8
SEALER-0061,1779,29:39,88.2,75.6,82.2,77.4,82.4,80.1,77.9,77.1,82.4,78.8,79.4,83.4
SEALER-0061,1780,29:40,88.8,74.7,81.2,76.3,81.8,79.8,77.9,77.6,83.0,77.7,79.5,82.6
SEALER-0061,1781,29:41,89.0,75.8,81.9,76.8,82.0,79.2,77.4,78.4,82.3,78.3,79.6,82.9
SEALER-0061,1782,29:42,88.7,75.2,81.4,76.8,81.4,79.5,77.4,77.6,81.9,77.5,78.9,83.5
SEALER-0061,1783,29:43,87.9,75.5,82.5,75.5,81.4,78.5,77.4,77.2,82.5,77.7,78.7,82.5
SEALER-0061,1784,29:44,88.2,75.6,82.3,75.5,80.4,79.4,77.6,77.6,82.1,76.6,78.8,82.4
SEALER-0061,1785,29:45,88.5,74.6,81.7,76.3,81.5,79.3,76.6,76.3,81.4,77.2,77.7,82.8
SEALER-0061,1786,29:46,87.6,74.8,80.5,75.9,80.5,78.9,77.6,76.8,81.3,77.2,79.4,82.9
SEALER-0061,1787,29:47,87.2,74.0,80.9,75.6,80.0,78.9,77.1,77.1,81.6,76.4,78.2,82.5
SEALER-0061,1788,29:48,87.4,74.1,79.9,75.1,80.8,78.1,76.9,76.9,82.2,76.7,79.0,82.1
SEALER-0061,1789,29:49,87.8,74.5,80.9,75.0,79.0,78.6,75.8,76.6,81.1,76.1,78.4,82.2
SEALER-0061,1790,29:50,87.2,73.7,80.5,74.8,80.5,77.8,76.9,75.8,81.7,76.9,78.1,81.8
SEALER-0061,1791,29:51,86.9,74.4,80.1,74.9,80.0,77.3,76.0,76.7,80.7,76.3,77.8,82.0
SEALER-0061,1792,29:52,86.3,73.5,80.8,75.0,80.2,78.6,75.6,75.8,80.0,77.1,77.3,81.9
SEALER-0061,1793,29:53,86.3,73.7,80.6,75.0,79.6,77.1,75.5,74.9,80.3,76.1,78.0,82.2
SEALER-0061,1794,29:54,86.5,72.9,80.6,75.5,79.9,77.0,75.8,75.3,79.8,77.1,77.1,81.3
SEALER-0061,1795,29:55,86.7,73.3,79.4,73.6,79.8,77.5,74.9,76.3,80.7,75.6,77.6,80.9
SEALER-0061,1796,29:56,86.3,72.4,79.7,74.0,79.4,76.1,74.8,75.1,80.9,77.2,77.4,79.9
SEALER-0061,1797,29:57,86.2,73.3,78.9,74.1,79.1,76.1,75.1,74.2,79.8,75.0,76.9,81.2
SEALER-0061,1798,29:58,85.2,72.7,77.9,74.0,78.4,76.6,74.2,75.0,79.4,75.6,77.0,80.1
SEALER-0061,1799,29:59,85.4,73.3,80.4,75.0,79.0,76.2,74.6,74.8,79.4,74.7,76.6,81.5
