trial_id,time_s,time_mmss,T_LH_HOOD,T_LH_FENDER,T_LH_FRONT_DOOR,T_LH_REAR_DOOR,T_LH_Q_P,T_LH_T_G,T_RH_T_G,T_RH_Q_P,T_RH_REAR_DOOR,T_RH_FR_DOOR,T_RH_FENDER,T_RH_HOOD
SEALER-0058,0,00:00,35.1,35.5,35.0,35.8,36.0,34.8,34.1,34.1,35.6,34.5,35.4,34.4
SEALER-0058,1,00:01,35.0,34.0,35.2,35.7,34.8,34.9,34.3,34.6,35.6,35.3,35.6,35.9
SEALER-0058,2,00:02,35.5,35.0,34.5,34.8,35.2,35.1,34.2,36.0,34.8,35.5,34.4,35.9
SEALER-0058,3,00:03,34.9,35.6,35.5,33.9,35.3,35.0,34.9,34.6,34.4,34.6,34.7,35.0
SEALER-0058,4,00:04,35.1,34.2,35.5,33.6,34.8,34.4,35.1,34.5,35.2,34.9,34.0,34.9
SEALER-0058,5,00:05,34.7,36.4,34.9,34.1,34.8,35.2,34.7,34.3,33.8,34.9,34.9,34.5
SEALER-0058,6,00:06,35.4,35.0,35.0,34.1,33.9,35.1,35.4,34.3,35.5,34.6,34.4,35.2
SEALER-0058,7,00:07,35.3,35.0,35.3,34.2,35.5,34.4,35.2,34.9,35.4,35.3,35.5,35.0
SEALER-0058,8,00:08,34.7,35.5,34.9,35.3,35.0,34.8,33.6,35.3,35.6,35.8,35.6,34.7
SEALER-0058,9,00:09,34.9,35.3,34.8,35.8,35.1,35.0,34.9,34.9,34.6,35.4,35.0,35.1
SEALER-0058,10,00:10,35.3,34.3,34.2,35.5,33.9,34.7,34.9,34.6,34.5,35.6,34.4,34.1
SEALER-0058,11,00:11,35.1,35.8,35.0,35.0,35.0,35.2,35.0,35.2,35.3,35.9,34.2,35.1
SEALER-0058,12,00:12,35.0,34.7,35.2,36.1,34.2,35.0,35.7,35.2,34.5,35.2,35.1,35.5
SEALER-0058,13,00:13,34.2,34.6,35.4,35.0,34.8,34.9,36.3,35.1,34.8,34.6,34.6,35.0
SEALER-0058,14,00:14,35.6,34.8,35.5,35.4,34.7,35.0,34.3,34.9,35.2,35.1,35.0,35.4
SEALER-0058,15,00:15,35.2,36.3,35.6,35.2,35.0,34.6,34.8,33.9,35.3,35.7,34.5,35.4
SEALER-0058,16,00:16,35.9,34.7,34.5,35.4,34.5,34.5,34.8,34.7,35.6,34.5,35.0,35.5
SEALER-0058,17,00:17,35.1,34.8,34.9,35.0,34.5,33.8,34.0,34.3,34.5,34.9,34.7,35.5
SEALER-0058,18,00:18,34.0,35.0,34.9,34.6,35.6,34.6,34.0,35.2,34.7,35.9,35.5,35.2
SEALER-0058,19,00:19,35.0,34.8,36.0,34.4,35.2,35.1,33.7,35.6,35.4,34.8,34.3,35.1
SEALER-0058,20,00:20,35.4,34.1,35.2,35.3,34.9,35.1,33.9,35.4,34.6,35.6,34.8,34.3
SEALER-0058,21,00:21,36.0,35.1,35.3,35.1,35.6,36.1,35.5,34.9,34.5,35.1,34.7,34.6
SEALER-0058,22,00:22,34.4,36.7,35.3,35.6,35.3,35.4,34.3,34.3,34.7,35.1,34.7,33.7
SEALER-0058,23,00:23,33.9,35.1,34.9,34.2,35.1,35.2,35.6,34.9,35.7,35.7,35.3,35.0
SEALER-0058,24,00:24,35.5,33.9,35.7,35.0,34.1,35.6,34.4,34.9,34.9,34.7,34.7,35.6
SEALER-0058,25,00:25,34.9,35.1,35.4,35.6,34.3,34.8,35.2,34.7,34.8,36.1,35.7,35.2
SEALER-0058,26,00:26,36.2,34.7,35.4,35.5,35.7,35.1,35.2,35.4,34.9,35.1,34.2,35.9
SEALER-0058,27,00:27,34.8,37.0,35.9,35.2,34.8,36.0,35.2,34.2,35.7,36.0,35.1,36.3
SEALER-0058,28,00:28,35.1,35.2,34.9,35.4,35.0,35.4,35.3,33.5,35.6,34.2,34.8,35.8
SEALER-0058,29,00:29,35.1,36.0,34.9,34.7,35.7,34.3,34.6,34.1,36.1,35.1,34.8,34.3
SEALER-0058,30,00:30,35.3,35.0,35.1,35.4,35.0,35.8,36.9,35.6,35.4,35.4,35.0,36.0
SEALER-0058,31,00:31,34.7,35.3,36.1,35.4,35.0,35.0,34.9,34.4,34.7,35.0,34.1,34.7
SEALER-0058,32,00:32,35.8,35.1,35.9,35.6,34.3,34.3,35.8,34.0,35.3,34.7,35.1,35.3
SEALER-0058,33,00:33,35.4,34.4,35.6,34.9,34.5,34.6,34.8,35.1,34.9,35.0,35.3,35.5
SEALER-0058,34,00:34,35.0,35.8,35.5,35.8,34.7,34.4,35.3,34.7,34.3,35.9,34.7,36.0
SEALER-0058,35,00:35,34.3,36.1,35.1,36.0,34.8,34.4,34.7,34.9,35.4,35.6,35.8,36.2
SEALER-0058,36,00:36,34.1,34.9,34.6,35.3,34.2,34.8,34.6,35.3,35.1,35.7,36.2,34.8
SEALER-0058,37,00:37,36.1,36.0,35.3,35.2,35.4,35.2,35.5,35.2,35.4,34.8,35.6,35.3
SEALER-0058,38,00:38,35.0,35.8,35.7,34.8,34.5,35.4,35.4,35.5,34.7,36.8,34.8,35.0
SEALER-0058,39,00:39,34.8,35.2,35.8,35.4,35.6,35.0,35.6,34.9,34.4,35.8,34.8,36.7
SEALER-0058,40,00:40,35.5,34.2,35.0,35.0,35.0,34.8,35.4,35.0,35.5,35.8,35.3,35.2
SEALER-0058,41,00:41,35.6,35.2,34.9,34.8,34.5,35.5,34.4,34.5,34.7,35.4,34.7,34.7
SEALER-0058,42,00:42,35.2,35.7,35.4,34.8,35.6,34.3,35.3,35.3,35.8,35.1,35.0,35.0
SEALER-0058,43,00:43,35.2,35.1,36.5,35.4,35.5,35.0,34.5,34.2,35.1,34.9,34.9,35.9
SEALER-0058,44,00:44,34.8,35.9,36.2,35.7,34.8,35.3,35.4,35.7,35.9,35.3,35.8,35.1
SEALER-0058,45,00:45,35.7,35.9,35.3,35.4,34.9,33.8,34.2,34.9,34.7,35.6,34.8,35.0
SEALER-0058,46,00:46,35.4,34.8,35.7,35.4,34.4,34.0,33.9,34.3,35.9,34.7,35.5,35.8
SEALER-0058,47,00:47,35.1,34.9,35.0,34.8,35.1,35.1,35.0,36.0,34.9,35.9,35.4,35.3
SEALER-0058,48,00:48,35.3,34.5,35.4,35.7,34.7,35.2,35.4,35.0,35.3,35.3,35.4,33.8
SEALER-0058,49,00:49,35.5,35.9,34.8,35.6,34.2,35.5,34.7,34.7,34.8,35.6,35.3,34.8
SEALER-0058,50,00:50,34.1,35.9,35.3,35.4,34.9,35.4,34.9,34.0,35.4,35.1,35.7,34.5
SEALER-0058,51,00:51,34.3,36.2,36.4,35.3,34.8,35.2,34.3,35.8,35.9,35.2,36.3,35.5
SEALER-0058,52,00:52,35.9,34.5,35.4,35.2,34.6,34.6,34.5,34.3,35.1,35.8,36.0,35.1
SEALER-0058,53,00:53,35.2,35.5,35.8,34.9,34.0,36.4,36.2,35.4,35.6,35.1,34.5,35.0
SEALER-0058,54,00:54,35.3,35.5,35.8,35.3,35.5,34.3,35.2,35.4,35.9,35.7,35.5,35.0
SEALER-0058,55,00:55,35.2,36.3,35.3,35.5,34.4,34.7,35.0,34.9,36.2,34.8,35.8,34.6
SEALER-0058,56,00:56,35.8,35.3,35.6,35.5,35.7,35.8,35.4,34.8,35.6,35.2,35.0,35.2
SEALER-0058,57,00:57,34.7,35.3,35.1,35.1,35.1,34.7,35.2,34.5,35.2,34.9,36.0,35.5
SEALER-0058,58,00:58,35.3,35.6,35.4,35.5,35.1,34.8,34.9,34.2,35.6,35.4,35.8,34.9
SEALER-0058,59,00:59,35.4,35.2,35.4,35.1,35.4,35.9,34.5,34.9,35.4,34.7,35.3,35.7
SEALER-0058,60,01:00,35.1,35.2,35.5,35.6,35.3,34.9,34.1,35.0,35.7,36.0,35.6,36.2
SEALER-0058,61,01:01,35.2,35.5,36.0,36.4,35.6,34.6,35.4,35.3,34.9,35.7,35.1,34.9
SEALER-0058,62,01:02,35.6,34.9,35.6,34.9,35.4,33.4,33.8,35.1,35.1,35.6,35.3,34.8
SEALER-0058,63,01:03,35.2,35.3,36.2,35.2,35.7,36.3,35.9,34.5,35.6,35.8,35.6,35.0
SEALER-0058,64,01:04,35.7,36.2,35.8,36.1,35.4,34.9,34.7,35.2,35.3,35.3,34.9,34.5
SEALER-0058,65,01:05,35.2,35.0,36.0,35.9,35.5,34.6,34.6,34.9,34.9,36.2,35.5,35.0
SEALER-0058,66,01:06,35.6,35.0,34.9,34.7,34.9,35.9,34.8,35.8,35.4,35.0,35.5,34.9
SEALER-0058,67,01:07,35.1,35.6,34.9,36.8,34.6,35.9,34.9,35.3,35.5,36.2,35.0,36.2
SEALER-0058,68,01:08,35.0,35.1,36.6,36.0,35.6,34.7,34.6,34.4,34.5,35.0,35.2,34.8
SEALER-0058,69,01:09,35.1,35.5,35.9,35.4,35.7,35.3,35.1,35.9,34.9,34.2,35.5,35.2
SEALER-0058,70,01:10,35.2,34.9,35.7,36.1,34.7,34.9,34.7,34.7,34.3,35.1,35.5,35.0
SEALER-0058,71,01:11,36.1,35.7,35.4,35.7,34.5,35.3,35.0,36.2,35.6,35.9,35.7,34.9
SEALER-0058,72,01:12,36.2,35.4,35.8,36.1,34.6,36.0,34.8,35.1,35.4,35.6,35.7,35.6
SEALER-0058,73,01:13,34.4,35.7,35.3,36.2,35.4,35.3,35.6,36.1,36.1,35.6,36.1,36.9
SEALER-0058,74,01:14,35.4,36.2,36.2,36.5,35.5,34.7,35.3,35.1,35.8,35.1,35.7,36.2
SEALER-0058,75,01:15,34.7,35.7,36.7,35.7,35.7,34.8,35.2,34.7,35.1,36.1,35.9,34.5
SEALER-0058,76,01:16,35.8,35.6,35.9,36.1,35.5,35.6,35.2,35.5,36.0,36.4,37.0,35.7
SEALER-0058,77,01:17,34.9,36.2,34.9,36.9,34.6,34.7,35.4,34.9,35.2,35.6,36.0,35.9
SEALER-0058,78,01:18,35.6,34.8,36.3,35.5,35.2,35.0,35.2,36.3,35.8,36.1,35.8,36.2
SEALER-0058,79,01:19,35.6,35.3,35.5,36.0,35.3,34.9,35.2,34.8,36.5,36.4,35.5,35.6
SEALER-0058,80,01:20,35.7,35.9,36.4,36.8,35.9,35.9,35.3,36.2,36.3,36.1,36.0,36.8
SEALER-0058,81,01:21,35.0,36.3,36.1,35.1,34.8,35.8,35.7,34.4,36.3,36.3,35.9,35.8
SEALER-0058,82,01:22,36.0,36.6,36.1,36.5,35.5,35.1,35.2,35.4,36.1,36.6,35.1,34.9
SEALER-0058,83,01:23,34.9,35.4,35.8,35.9,35.4,34.1,35.5,35.1,35.3,36.2,35.8,34.7
SEALER-0058,84,01:24,35.7,35.2,36.6,36.1,35.4,34.5,35.6,35.4,36.7,36.6,35.9,35.7
SEALER-0058,85,01:25,36.3,35.8,36.0,36.3,35.1,35.5,35.4,35.5,36.3,36.3,36.8,35.7
SEALER-0058,86,01:26,36.7,35.9,36.7,35.3,35.6,35.3,35.8,35.6,36.5,36.8,36.0,36.2
SEALER-0058,87,01:27,35.5,36.4,36.6,35.7,36.8,35.3,34.3,36.4,35.8,37.1,36.7,35.6
SEALER-0058,88,01:28,35.4,35.9,35.6,37.4,35.3,35.2,35.4,35.3,35.3,36.2,35.9,35.7
SEALER-0058,89,01:29,35.2,35.5,36.3,35.7,35.4,35.5,35.2,35.4,36.4,36.6,35.8,35.0
SEALER-0058,90,01:30,36.1,36.8,36.6,37.2,35.0,36.3,35.6,35.5,36.2,37.0,36.3,35.7
SEALER-0058,91,01:31,35.6,35.7,37.4,36.1,35.8,35.1,35.3,35.5,35.7,37.0,35.3,35.1
SEALER-0058,92,01:32,35.5,35.5,35.8,37.3,35.3,34.8,35.8,34.7,35.5,36.8,35.8,35.1
SEALER-0058,93,01:33,35.7,36.0,36.2,36.5,36.3,35.7,35.2,35.5,35.8,37.2,36.0,35.4
SEALER-0058,94,01:34,34.2,36.1,36.8,35.8,35.3,35.0,35.6,36.5,36.3,37.0,35.9,35.4
SEALER-0058,95,01:35,35.6,36.3,36.8,36.8,35.7,35.9,35.5,35.9,36.2,37.1,36.6,35.9
SEALER-0058,96,01:36,35.9,36.6,38.0,37.4,35.1,35.3,35.7,35.3,35.5,37.1,36.7,35.0
SEALER-0058,97,01:37,35.8,36.4,37.1,36.2,36.2,36.3,34.9,36.6,37.7,36.7,36.3,35.5
SEALER-0058,98,01:38,35.6,36.4,36.5,36.2,35.0,35.6,35.6,35.3,36.0,36.8,36.5,35.9
SEALER-0058,99,01:39,35.7,36.6,36.6,38.2,35.4,35.3,35.7,35.9,35.6,36.9,37.3,36.0
SEALER-0058,100,01:40,36.2,37.1,37.0,36.9,35.9,35.7,34.8,35.2,37.4,36.9,36.8,37.1
SEALER-0058,101,01:41,35.6,36.6,37.2,38.2,34.1,35.9,36.2,36.1,36.3,37.4,36.3,36.3
SEALER-0058,102,01:42,35.5,36.5,36.6,36.9,35.0,35.5,35.6,35.8,36.9,37.3,36.9,36.6
SEALER-0058,103,01:43,35.5,35.9,37.9,37.4,35.7,35.3,35.4,35.6,35.9,37.7,36.5,35.7
SEALER-0058,104,01:44,36.4,36.2,37.8,37.0,35.2,35.1,35.4,35.3,36.8,37.5,37.7,36.8
SEALER-0058,105,01:45,35.9,36.4,37.3,36.6,35.6,35.9,35.8,35.9,37.0,37.4,36.1,36.5
SEALER-0058,106,01:46,35.4,36.9,37.5,37.4,35.3,36.3,35.0,36.1,38.0,37.8,36.7,36.3
SEALER-0058,107,01:47,35.9,36.7,37.8,37.5,36.2,34.9,35.5,36.1,37.9,37.5,36.5,37.2
SEALER-0058,108,01:48,36.8,36.7,36.8,36.9,35.9,35.9,35.7,35.9,37.2,38.1,37.1,36.7
SEALER-0058,109,01:49,36.0,36.4,37.7,37.4,35.2,35.6,36.2,36.2,36.8,37.6,36.6,35.3
SEALER-0058,110,01:50,36.8,37.6,38.1,38.0,35.4,35.3,35.3,35.9,36.4,38.0,37.1,37.1
SEALER-0058,111,01:51,36.1,38.1,37.8,38.8,35.9,35.3,36.3,35.2,37.4,37.8,37.3,36.0
SEALER-0058,112,01:52,35.7,37.1,37.9,38.1,35.8,35.5,35.2,36.2,37.0,38.2,37.8,37.0
SEALER-0058,113,01:53,36.4,37.3,38.2,37.8,36.1,35.4,36.3,36.0,38.4,38.4,38.0,36.3
SEALER-0058,114,01:54,36.3,37.0,38.8,38.1,36.5,35.2,35.2,35.7,38.3,38.9,37.8,36.4
SEALER-0058,115,01:55,36.9,37.3,38.1,38.0,36.4,35.9,35.6,36.2,37.6,38.2,38.0,36.5
SEALER-0058,116,01:56,36.6,36.5,38.8,38.7,36.4,35.5,36.3,36.0,37.3,37.8,37.9,36.4
SEALER-0058,117,01:57,36.6,37.9,38.3,38.5,36.3,36.1,36.9,35.2,38.8,38.0,37.3,37.1
SEALER-0058,118,01:58,35.0,38.0,39.1,37.1,35.8,35.8,35.8,36.9,38.0,38.4,38.3,36.2
SEALER-0058,119,01:59,36.2,37.6,38.2,38.9,36.4,35.3,36.5,35.8,37.5,39.1,38.5,37.5
SEALER-0058,120,02:00,36.2,37.8,39.7,38.4,36.0,35.2,36.3,36.2,37.6,39.7,37.7,37.2
SEALER-0058,121,02:01,36.2,37.9,39.4,38.4,36.1,36.0,36.4,36.5,37.7,38.8,37.9,36.5
SEALER-0058,122,02:02,36.4,36.7,38.7,39.7,36.7,36.0,35.3,35.4,37.4,38.7,37.9,36.5
SEALER-0058,123,02:03,37.5,37.7,39.5,38.6,37.1,35.6,36.3,35.8,38.1,40.1,39.0,36.9
SEALER-0058,124,02:04,37.4,38.2,39.2,38.9,36.3,35.2,35.9,36.0,38.4,39.6,38.2,37.7
SEALER-0058,125,02:05,37.0,38.3,39.0,39.8,36.8,36.6,36.1,36.1,39.4,39.5,38.0,37.6
SEALER-0058,126,02:06,36.5,39.1,39.7,40.5,35.9,35.7,36.2,36.5,37.8,39.8,38.3,36.2
SEALER-0058,127,02:07,37.1,38.5,39.2,39.5,35.5,35.8,35.5,35.9,38.9,41.2,39.1,37.7
SEALER-0058,128,02:08,36.9,38.9,40.2,39.2,36.5,36.3,36.6,37.3,38.8,40.3,38.5,37.1
SEALER-0058,129,02:09,37.2,38.8,39.8,39.9,36.8,36.2,36.0,37.1,38.6,40.2,39.1,38.2
SEALER-0058,130,02:10,37.3,39.3,40.7,39.5,36.4,36.5,36.7,36.5,39.2,41.0,38.9,37.6
SEALER-0058,131,02:11,37.4,38.2,40.7,40.0,37.0,36.8,36.0,36.8,40.2,40.1,39.2,37.8
SEALER-0058,132,02:12,37.6,39.4,40.3,40.3,36.9,34.9,37.0,36.5,39.0,40.9,38.6,38.4
SEALER-0058,133,02:13,38.0,39.7,40.4,39.7,36.4,36.4,36.8,36.5,40.2,41.3,40.5,37.0
SEALER-0058,134,02:14,36.8,39.4,41.2,40.2,36.8,35.7,36.4,37.5,40.1,41.5,39.5,38.1
SEALER-0058,135,02:15,37.7,40.0,41.0,42.2,37.3,36.5,37.0,37.0,40.4,41.2,39.9,38.1
SEALER-0058,136,02:16,36.5,39.6,42.4,41.4,37.9,37.1,36.9,37.2,41.1,40.6,40.0,38.6
SEALER-0058,137,02:17,37.6,39.2,40.9,41.3,37.9,37.4,36.4,37.2,40.4,41.9,40.5,37.7
SEALER-0058,138,02:18,38.2,40.8,41.9,41.5,37.0,36.2,36.6,36.6,39.4,42.1,39.6,38.0
SEALER-0058,139,02:19,38.2,39.7,41.5,42.0,36.9,37.5,36.5,37.5,39.9,42.0,41.4,37.7
SEALER-0058,140,02:20,38.6,39.9,42.6,41.8,37.1,37.9,36.3,37.5,40.2,42.8,40.8,38.1
SEALER-0058,141,02:21,38.5,41.4,42.9,41.7,37.9,37.3,37.5,37.5,40.6,44.1,40.9,37.9
SEALER-0058,142,02:22,38.4,41.5,43.2,41.2,36.6,36.7,38.2,38.0,40.6,43.4,41.0,38.2
SEALER-0058,143,02:23,38.4,40.9,43.3,42.2,38.4,37.3,37.2,37.7,40.6,44.0,42.5,38.2
SEALER-0058,144,02:24,38.3,41.1,42.5,43.4,38.7,36.3,37.4,37.5,42.5,42.8,41.9,38.2
SEALER-0058,145,02:25,38.1,41.6,43.2,42.2,37.9,37.2,37.2,37.9,41.7,43.8,40.9,39.5
SEALER-0058,146,02:26,39.4,42.1,43.7,43.7,37.7,36.4,37.2,37.0,42.4,43.7,40.8,38.0
SEALER-0058,147,02:27,38.8,41.1,44.7,42.9,37.0,37.0,36.9,38.9,41.3,44.0,41.4,38.9
SEALER-0058,148,02:28,39.1,42.5,44.2,43.9,38.4,37.2,37.2,37.1,42.8,44.4,42.3,39.7
SEALER-0058,149,02:29,40.8,42.7,44.3,43.4,38.6,37.3,37.2,37.7,42.2,45.2,41.6,39.4
SEALER-0058,150,02:30,39.2,42.6,44.9,44.9,38.6,38.1,37.8,37.6,42.4,44.7,42.1,40.2
SEALER-0058,151,02:31,39.4,43.0,44.6,44.6,38.4,37.1,37.8,38.6,42.7,45.8,42.9,40.0
SEALER-0058,152,02:32,39.8,42.7,45.3,43.4,38.6,37.2,37.7,38.1,43.0,45.7,44.1,40.2
SEALER-0058,153,02:33,39.6,42.9,46.4,44.9,38.7,39.1,38.2,38.3,43.6,45.5,43.7,41.0
SEALER-0058,154,02:34,39.2,43.0,46.3,45.0,38.8,37.8,37.6,38.2,43.5,46.7,43.7,39.3
SEALER-0058,155,02:35,40.1,43.8,46.5,45.2,38.9,37.2,38.5,38.5,44.6,46.4,42.9,40.5
SEALER-0058,156,02:36,40.2,43.5,46.4,44.9,38.6,38.3,37.8,39.3,44.2,46.0,44.0,40.9
SEALER-0058,157,02:37,40.1,43.5,47.2,45.8,39.5,37.2,39.0,38.6,44.5,47.4,44.0,40.7
SEALER-0058,158,02:38,40.5,44.0,47.1,45.9,39.1,37.6,37.9,39.4,44.6,47.4,45.0,41.3
SEALER-0058,159,02:39,40.4,43.8,47.4,46.2,39.9,37.6,37.8,38.9,44.7,47.6,45.2,40.9
SEALER-0058,160,02:40,40.6,46.0,47.9,45.9,38.5,37.8,38.4,39.3,44.9,48.3,45.4,41.4
SEALER-0058,161,02:41,41.5,45.5,48.1,46.8,38.6,38.3,39.3,39.6,45.0,48.6,45.8,41.1
SEALER-0058,162,02:42,41.3,45.5,48.5,46.6,40.4,38.9,39.0,39.5,45.6,48.9,45.9,41.8
SEALER-0058,163,02:43,40.7,45.9,48.5,47.0,39.6,39.0,38.4,39.7,45.8,48.9,46.6,41.9
SEALER-0058,164,02:44,41.1,44.5,48.8,48.1,40.9,38.4,39.7,39.0,47.0,50.7,46.3,41.1
SEALER-0058,165,02:45,42.8,46.4,50.0,48.0,40.4,38.4,39.0,40.1,47.2,50.2,46.2,41.2
SEALER-0058,166,02:46,43.0,46.7,51.0,48.5,39.7,38.7,38.0,41.2,45.6,50.4,46.8,42.2
SEALER-0058,167,02:47,42.2,47.2,50.8,49.0,40.1,38.6,39.2,40.8,47.2,50.6,47.4,42.2
SEALER-0058,168,02:48,42.4,46.3,52.1,49.3,40.6,39.6,39.3,39.8,46.9,51.2,48.0,42.8
SEALER-0058,169,02:49,42.4,47.2,52.5,50.6,39.9,39.4,38.9,39.6,47.8,52.4,46.9,42.4
SEALER-0058,170,02:50,42.6,48.1,52.4,50.0,40.6,40.2,40.3,40.2,48.6,52.4,48.8,43.4
SEALER-0058,171,02:51,42.3,47.1,52.6,49.8,41.1,39.8,40.2,40.9,48.7,51.9,48.8,43.7
SEALER-0058,172,02:52,43.0,47.1,53.1,51.2,41.0,39.8,40.6,41.4,48.0,52.8,48.3,44.8
SEALER-0058,173,02:53,43.4,48.7,53.0,52.3,41.3,39.6,40.1,41.3,48.7,53.4,49.2,44.0
SEALER-0058,174,02:54,42.8,49.6,54.4,52.2,41.7,40.4,40.9,42.3,49.6,53.7,49.9,45.4
SEALER-0058,175,02:55,43.9,48.2,54.4,51.1,42.8,40.2,40.8,42.8,49.8,53.8,50.9,45.3
SEALER-0058,176,02:56,44.5,48.8,55.1,53.3,42.0,40.7,40.1,42.2,51.2,53.8,51.0,44.3
SEALER-0058,177,02:57,45.6,49.4,55.4,53.2,41.9,40.2,40.9,42.2,50.5,55.2,51.6,46.6
SEALER-0058,178,02:58,44.9,50.2,56.0,54.1,43.0,40.7,41.2,42.0,51.3,55.6,51.7,45.0
SEALER-0058,179,02:59,45.7,51.4,57.1,53.4,42.2,42.0,41.2,43.4,51.6,55.7,52.1,46.7
SEALER-0058,180,03:00,45.9,51.3,56.6,54.4,43.1,40.5,41.4,42.5,52.1,56.2,53.3,45.6
SEALER-0058,181,03:01,45.7,51.0,56.6,55.8,43.2,40.9,40.9,44.0,52.1,57.5,52.7,46.0
SEALER-0058,182,03:02,44.9,51.2,57.2,55.9,43.9,41.9,40.7,42.9,52.5,57.7,52.7,47.9
SEALER-0058,183,03:03,45.8,52.2,59.5,55.8,43.4,41.7,42.0,44.2,53.3,58.1,52.9,46.0
SEALER-0058,184,03:04,46.2,52.0,57.5,57.1,44.4,41.9,43.1,45.7,54.1,58.6,54.3,47.5
SEALER-0058,185,03:05,46.9,52.3,58.3,57.6,44.8,42.2,42.3,43.6,53.5,58.9,54.6,47.1
SEALER-0058,186,03:06,46.9,54.1,60.2,56.5,45.5,43.2,43.7,45.1,53.9,60.3,54.9,48.6
SEALER-0058,187,03:07,46.7,53.3,60.0,57.8,45.3,43.2,42.6,44.7,55.3,60.3,56.3,48.7
SEALER-0058,188,03:08,47.8,54.0,60.9,58.5,45.3,43.0,43.4,45.6,55.4,60.4,56.1,49.2
SEALER-0058,189,03:09,47.4,54.3,61.2,58.5,45.7,43.4,42.9,45.4,56.6,60.7,56.1,48.9
SEALER-0058,190,03:10,48.1,56.0,62.0,59.9,45.5,43.0,43.7,46.6,56.0,62.1,58.1,49.0
SEALER-0058,191,03:11,49.1,54.4,62.1,59.5,46.0,43.9,44.0,45.1,56.5,62.6,57.9,49.0
SEALER-0058,192,03:12,49.3,55.3,62.6,60.4,46.6,43.5,44.3,46.6,57.3,62.4,59.1,50.1
SEALER-0058,193,03:13,48.8,56.6,62.7,61.2,46.5,43.5,43.2,46.4,57.6,63.0,57.8,50.9
SEALER-0058,194,03:14,50.4,56.8,63.6,62.4,47.6,44.2,44.4,46.6,59.4,64.1,58.7,51.6
SEALER-0058,195,03:15,51.0,57.9,64.1,62.1,48.1,44.1,45.1,46.4,57.8,63.6,59.5,51.5
SEALER-0058,196,03:16,51.0,56.9,64.7,62.8,48.0,44.7,44.6,47.5,59.4,65.6,59.1,51.8
SEALER-0058,197,03:17,51.3,58.2,66.5,64.0,48.0,45.4,45.7,47.9,58.8,65.1,60.1,53.4
SEALER-0058,198,03:18,51.1,58.9,66.6,63.8,48.5,44.8,45.0,48.0,60.1,65.4,61.0,52.8
SEALER-0058,199,03:19,51.1,59.5,67.2,65.2,48.4,45.6,45.7,48.6,60.5,66.6,62.1,52.9
SEALER-0058,200,03:20,52.0,60.0,68.0,64.7,49.1,45.3,46.8,49.3,61.9,66.9,61.8,54.4
SEALER-0058,201,03:21,53.1,60.2,68.4,65.1,51.0,45.6,46.9,49.6,61.4,67.8,63.0,53.7
SEALER-0058,202,03:22,52.8,60.5,68.7,67.4,50.3,46.0,46.7,48.8,62.6,68.1,63.6,54.5
SEALER-0058,203,03:23,54.4,61.6,68.3,66.2,51.5,46.6,47.1,49.6,62.1,69.2,63.7,55.3
SEALER-0058,204,03:24,53.6,60.4,68.9,68.5,50.8,47.4,47.9,50.0,63.2,69.1,63.9,56.5
SEALER-0058,205,03:25,53.4,61.7,70.6,68.8,51.4,48.1,48.7,50.8,63.3,70.0,65.9,56.4
SEALER-0058,206,03:26,55.1,62.1,70.7,67.9,51.4,48.1,49.5,51.4,64.1,70.5,66.3,55.9
SEALER-0058,207,03:27,54.8,63.1,72.7,68.5,52.0,48.7,48.9,50.8,64.1,70.0,66.0,56.2
SEALER-0058,208,03:28,55.3,63.7,71.2,69.5,53.2,48.5,49.3,51.8,64.8,71.4,65.8,57.4
SEALER-0058,209,03:29,55.8,63.7,72.8,69.3,53.5,48.9,49.1,52.3,65.0,72.1,67.7,57.5
SEALER-0058,210,03:30,56.5,64.7,72.5,69.9,53.5,48.8,48.7,52.7,65.9,71.6,67.8,59.2
SEALER-0058,211,03:31,57.5,65.7,74.1,70.7,54.3,49.8,49.5,53.7,66.8,72.1,68.5,59.0
SEALER-0058,212,03:32,57.0,66.0,74.0,71.6,54.0,49.3,49.5,53.9,67.0,73.5,69.3,59.0
SEALER-0058,213,03:33,58.1,65.5,74.9,72.0,55.1,51.2,50.8,54.4,67.9,74.2,69.2,60.4
SEALER-0058,214,03:34,57.8,66.7,74.6,73.2,54.9,50.7,51.1,54.4,68.9,73.5,70.1,61.3
SEALER-0058,215,03:35,57.7,67.1,75.1,73.5,55.9,50.8,52.1,54.8,69.2,74.2,71.1,61.5
SEALER-0058,216,03:36,59.3,67.5,76.7,74.1,57.2,52.0,52.3,56.3,69.1,75.3,70.8,62.7
SEALER-0058,217,03:37,59.3,68.0,76.5,74.9,56.8,52.1,52.1,55.5,70.7,76.4,70.5,61.5
SEALER-0058,218,03:38,60.2,68.0,76.6,74.8,56.8,50.8,52.5,56.4,70.4,76.7,72.7,63.1
SEALER-0058,219,03:39,60.0,68.7,77.4,75.2,58.2,52.3,52.2,56.5,71.6,77.2,72.6,62.9
SEALER-0058,220,03:40,60.0,69.0,78.8,75.4,57.8,54.2,53.0,56.8,71.5,77.1,73.8,64.2
SEALER-0058,221,03:41,60.6,70.1,79.1,76.7,58.5,53.2,54.4,57.4,71.3,77.0,73.8,64.6
SEALER-0058,222,03:42,60.9,70.1,79.4,77.5,59.2,53.8,54.4,57.7,73.1,79.0,74.6,64.3
SEALER-0058,223,03:43,62.4,71.6,78.7,77.8,60.0,54.0,54.6,58.0,72.7,78.6,75.4,65.7
SEALER-0058,224,03:44,62.4,71.6,80.9,78.1,61.0,54.2,55.0,58.5,73.1,78.5,76.0,66.2
SEALER-0058,225,03:45,62.8,72.3,81.1,79.6,60.4,53.8,55.6,59.3,74.2,79.4,76.6,66.8
SEALER-0058,226,03:46,63.7,71.7,81.2,80.2,62.1,55.6,55.5,59.9,73.7,79.6,76.4,66.8
SEALER-0058,227,03:47,64.0,72.4,81.4,79.3,62.6,55.7,56.8,60.8,74.6,80.3,77.3,68.2
SEALER-0058,228,03:48,64.7,72.1,82.1,79.9,62.3,57.0,56.5,60.1,75.5,80.8,77.5,68.5
SEALER-0058,229,03:49,64.2,72.8,81.9,80.5,64.1,56.5,58.1,61.2,75.1,81.2,77.2,68.5
SEALER-0058,230,03:50,65.3,73.7,82.9,80.9,64.1,56.7,58.0,62.0,76.0,81.3,79.4,69.3
SEALER-0058,231,03:51,65.8,75.2,83.9,80.9,63.9,57.8,57.6,62.5,76.2,82.7,78.5,70.5
SEALER-0058,232,03:52,66.1,73.9,84.7,82.3,65.3,58.7,57.9,63.3,76.8,82.2,80.5,70.2
SEALER-0058,233,03:53,66.2,75.2,84.6,81.8,65.1,59.7,60.0,64.2,77.5,83.3,80.2,71.3
SEALER-0058,234,03:54,67.5,75.6,84.7,83.8,65.6,58.5,58.7,63.9,77.5,84.2,81.1,71.3
SEALER-0058,235,03:55,68.2,76.1,84.6,83.5,65.7,60.3,59.4,64.1,79.2,83.8,81.0,72.5
SEALER-0058,236,03:56,67.9,76.4,85.2,83.4,66.7,60.7,60.7,64.8,78.8,83.9,82.1,72.8
SEALER-0058,237,03:57,69.1,76.8,86.2,84.1,66.4,60.9,61.2,65.0,78.7,84.7,81.9,73.7
SEALER-0058,238,03:58,68.2,78.5,87.1,84.9,67.7,61.1,60.6,65.8,79.5,85.1,83.5,73.7
SEALER-0058,239,03:59,69.4,76.9,86.6,85.5,69.5,62.2,62.6,66.8,79.6,86.0,83.5,74.2
SEALER-0058,240,04:00,70.0,77.0,87.3,85.2,68.8,62.5,62.8,66.2,80.6,85.9,83.4,74.4
SEALER-0058,241,04:01,69.7,77.7,87.7,85.3,70.4,62.9,63.0,67.6,80.9,86.8,83.5,74.5
SEALER-0058,242,04:02,70.8,77.9,88.7,86.1,70.1,62.6,63.7,67.0,80.8,86.4,83.7,76.4
SEALER-0058,243,04:03,71.5,79.5,88.2,86.6,71.2,64.7,64.2,67.9,82.0,86.4,84.6,76.0
SEALER-0058,244,04:04,71.3,79.5,88.8,87.4,71.1,64.1,64.4,69.6,82.1,87.6,85.2,76.8
SEALER-0058,245,04:05,71.9,79.6,90.5,87.6,72.4,64.9,64.9,69.9,81.7,87.5,85.5,78.7
SEALER-0058,246,04:06,73.1,79.8,89.9,87.1,71.8,65.6,64.5,69.2,82.4,88.6,85.6,77.1
SEALER-0058,247,04:07,73.3,80.6,90.5,88.0,71.9,66.2,65.2,69.5,82.3,88.2,86.5,77.9
SEALER-0058,248,04:08,73.0,80.4,89.9,88.0,73.5,66.7,66.2,71.4,82.9,88.0,87.1,79.1
SEALER-0058,249,04:09,72.8,81.8,90.7,88.8,73.9,66.6,67.5,71.4,82.5,89.1,87.8,79.7
SEALER-0058,250,04:10,75.0,81.0,91.1,89.3,75.4,66.5,67.1,71.0,83.6,88.4,87.8,79.6
SEALER-0058,251,04:11,74.2,81.5,91.3,90.2,74.9,66.9,67.2,72.0,84.6,89.3,88.1,79.8
SEALER-0058,252,04:12,75.3,82.1,92.9,90.4,75.6,67.7,67.8,72.8,84.9,88.8,88.1,80.9
SEALER-0058,253,04:13,75.5,82.1,91.3,89.6,76.4,68.5,69.6,73.0,84.8,90.1,89.7,81.3
SEALER-0058,254,04:14,75.3,82.1,92.2,90.8,76.8,69.2,68.5,72.8,86.0,90.2,89.4,82.0
SEALER-0058,255,04:15,76.4,82.9,93.5,89.8,76.6,69.8,69.6,73.1,85.6,89.4,90.3,81.7
SEALER-0058,256,04:16,76.1,82.6,93.2,90.7,77.3,69.9,69.6,74.2,85.2,90.0,90.5,83.1
SEALER-0058,257,04:17,76.9,82.4,92.3,91.6,78.6,70.6,70.5,74.5,86.6,91.0,90.3,82.0
SEALER-0058,258,04:18,77.7,82.9,93.2,91.2,79.7,70.6,70.2,74.8,86.3,90.4,90.4,84.0
SEALER-0058,259,04:19,77.0,83.7,93.9,92.1,79.9,72.0,71.9,75.1,86.9,91.9,91.1,83.8
SEALER-0058,260,04:20,77.9,84.7,93.8,92.1,80.7,72.6,71.6,76.1,86.3,91.8,92.2,84.4
SEALER-0058,261,04:21,77.8,84.3,94.3,92.6,79.9,72.7,72.1,76.5,87.2,91.4,91.3,84.9
SEALER-0058,262,04:22,77.9,84.6,94.6,92.4,80.7,73.0,72.1,76.1,86.9,91.3,92.2,84.8
SEALER-0058,263,04:23,78.6,86.0,94.6,92.6,81.8,73.5,73.3,77.7,87.9,92.0,91.6,85.9
SEALER-0058,264,04:24,78.5,85.0,95.3,94.3,82.9,74.8,73.3,78.1,88.3,92.2,91.8,86.2
SEALER-0058,265,04:25,79.2,85.1,95.2,93.9,81.9,74.3,74.6,78.3,88.5,91.8,92.4,86.5
SEALER-0058,266,04:26,79.6,86.1,94.9,94.0,82.4,74.5,74.8,77.5,88.2,92.5,93.3,87.2
SEALER-0058,267,04:27,80.2,85.2,95.4,93.4,83.3,74.0,74.9,78.3,88.4,92.8,93.2,87.1
SEALER-0058,268,04:28,80.3,85.8,96.3,93.9,83.0,75.7,75.5,78.2,89.0,93.0,93.3,87.6
SEALER-0058,269,04:29,81.4,86.0,96.3,94.6,84.6,75.5,75.3,80.2,88.7,93.7,94.8,88.0
SEALER-0058,270,04:30,80.1,86.4,96.1,94.9,84.3,76.8,75.3,80.4,88.5,93.0,94.0,88.6
SEALER-0058,271,04:31,81.1,86.2,96.0,95.1,84.7,78.0,76.0,79.4,89.3,93.3,94.9,89.0
SEALER-0058,272,04:32,81.1,87.6,97.7,94.2,84.4,78.4,77.0,80.5,90.4,94.0,93.9,89.8
SEALER-0058,273,04:33,81.6,86.1,96.5,94.6,85.8,77.7,77.3,82.2,89.8,93.4,95.0,89.1
SEALER-0058,274,04:34,81.7,87.6,96.7,95.5,86.0,78.1,77.5,80.4,90.6,93.8,94.8,90.2
SEALER-0058,275,04:35,83.1,87.3,97.5,95.7,86.9,78.1,78.2,81.0,90.6,94.1,95.0,89.3
SEALER-0058,276,04:36,82.5,87.4,97.8,95.6,87.0,78.3,78.1,82.0,90.9,93.4,95.5,90.4
SEALER-0058,277,04:37,82.3,87.2,97.5,96.2,86.9,78.6,78.8,82.3,90.7,95.0,95.8,90.9
SEALER-0058,278,04:38,82.9,89.0,98.1,96.2,88.2,80.1,78.9,82.0,91.2,94.9,94.8,90.2
SEALER-0058,279,04:39,82.7,89.3,98.4,97.0,87.6,79.9,78.5,82.8,90.1,95.7,96.5,91.2
SEALER-0058,280,04:40,83.9,88.8,98.8,96.1,88.4,81.2,79.6,83.1,91.4,95.4,96.1,91.4
SEALER-0058,281,04:41,83.8,88.2,98.2,96.1,88.8,80.9,78.9,83.5,91.8,94.8,95.2,92.7
SEALER-0058,282,04:42,84.2,88.0,98.6,96.9,89.5,80.2,79.6,83.3,91.7,94.6,97.0,92.2
SEALER-0058,283,04:43,83.9,88.3,98.1,96.5,89.3,81.9,80.0,83.5,91.7,94.2,96.2,92.1
SEALER-0058,284,04:44,84.5,88.5,98.2,96.9,90.6,81.3,81.1,84.1,92.2,95.6,97.4,93.3
SEALER-0058,285,04:45,84.4,88.9,98.3,97.1,89.6,82.1,81.7,85.2,92.3,96.0,97.0,91.9
SEALER-0058,286,04:46,85.6,89.9,98.9,98.4,89.8,82.2,81.0,85.1,93.0,95.6,96.6,92.8
SEALER-0058,287,04:47,84.8,88.8,99.8,97.0,91.3,82.9,81.6,84.3,92.4,95.5,97.5,92.9
SEALER-0058,288,04:48,85.0,89.4,99.1,97.5,91.5,82.9,80.9,85.6,92.2,95.8,98.3,92.7
SEALER-0058,289,04:49,85.4,89.8,99.0,97.6,91.0,83.7,82.4,86.7,92.3,96.5,97.8,94.2
SEALER-0058,290,04:50,85.3,89.2,99.5,98.0,91.8,83.6,81.7,85.3,92.6,95.7,98.0,94.8
SEALER-0058,291,04:51,84.8,89.8,98.8,98.5,91.9,84.4,82.5,86.3,92.1,96.4,98.1,94.4
SEALER-0058,292,04:52,85.1,89.2,100.2,98.7,91.4,83.7,83.0,87.3,92.8,96.3,98.5,94.1
SEALER-0058,293,04:53,86.4,90.1,100.5,97.8,91.8,84.3,83.2,86.2,93.5,96.0,97.7,94.3
SEALER-0058,294,04:54,86.2,89.7,99.4,99.4,92.5,85.0,83.0,87.7,93.8,97.3,98.8,94.9
SEALER-0058,295,04:55,86.2,89.4,100.0,98.3,92.9,84.8,83.2,88.3,92.9,96.4,98.9,94.7
SEALER-0058,296,04:56,87.1,89.8,100.0,98.8,93.7,85.3,83.8,87.1,93.5,96.5,99.3,95.1
SEALER-0058,297,04:57,86.9,89.6,100.7,98.8,93.0,86.2,83.3,87.7,92.4,96.2,98.7,96.0
SEALER-0058,298,04:58,85.7,91.0,100.4,99.1,93.3,86.5,84.7,87.5,93.3,96.5,98.6,96.4
SEALER-0058,299,04:59,86.7,89.9,101.7,99.0,94.8,85.7,83.5,87.5,93.6,96.9,97.7,95.6
SEALER-0058,300,05:00,86.7,89.6,100.4,99.6,94.8,86.8,84.9,87.9,93.6,97.2,98.9,96.3
SEALER-0058,301,05:01,87.5,90.7,100.4,99.2,94.2,87.5,84.0,88.1,93.5,96.6,99.1,95.6
SEALER-0058,302,05:02,86.5,90.3,100.3,99.5,95.2,87.0,85.9,87.8,93.7,97.5,100.2,95.9
SEALER-0058,303,05:03,87.4,91.0,99.1,99.6,94.9,87.1,84.8,88.2,93.9,96.9,99.7,96.6
SEALER-0058,304,05:04,87.2,89.4,101.2,99.2,95.1,88.6,85.7,88.7,93.9,97.1,100.6,96.4
SEALER-0058,305,05:05,87.2,91.2,101.3,98.9,94.4,87.1,86.1,89.1,93.6,97.1,99.2,96.6
SEALER-0058,306,05:06,87.9,90.6,101.0,99.1,95.3,88.7,85.5,88.9,93.9,97.2,99.2,97.0
SEALER-0058,307,05:07,87.4,91.0,100.9,99.0,96.0,88.0,85.6,88.3,94.7,97.3,100.3,97.6
SEALER-0058,308,05:08,87.7,90.8,101.1,100.3,95.6,87.2,86.9,88.8,95.3,97.4,99.2,97.2
SEALER-0058,309,05:09,87.6,91.2,101.3,99.0,96.4,88.0,86.2,89.4,93.9,96.9,99.5,97.4
SEALER-0058,310,05:10,87.5,90.2,101.4,99.6,97.0,89.4,86.4,89.6,93.9,97.4,99.4,96.6
SEALER-0058,311,05:11,87.4,91.3,101.2,99.0,96.3,87.8,87.4,89.9,94.4,98.0,100.8,96.9
SEALER-0058,312,05:12,88.6,91.4,100.5,99.8,97.4,89.5,86.4,90.5,94.7,97.1,99.9,97.3
SEALER-0058,313,05:13,88.3,91.1,101.2,100.1,96.9,88.1,87.2,90.1,94.7,97.6,101.5,97.9
SEALER-0058,314,05:14,89.1,91.6,101.4,100.4,96.9,89.5,87.5,89.6,93.9,97.0,99.2,97.8
SEALER-0058,315,05:15,89.1,90.7,101.2,99.2,97.2,89.0,87.0,90.4,95.0,98.5,100.7,97.9
SEALER-0058,316,05:16,89.3,91.7,101.4,99.6,97.0,89.8,86.6,90.1,95.3,97.6,100.2,97.9
SEALER-0058,317,05:17,88.3,91.5,101.2,99.1,97.8,89.1,88.1,90.1,94.3,98.1,101.1,98.7
SEALER-0058,318,05:18,88.7,90.5,102.2,101.1,97.5,89.6,87.9,90.3,94.4,97.5,100.9,98.4
SEALER-0058,319,05:19,89.1,91.4,102.3,100.8,97.9,89.8,87.5,90.8,95.3,98.6,100.7,98.6
SEALER-0058,320,05:20,88.7,91.3,101.2,100.9,97.8,90.0,87.8,90.6,95.3,97.8,100.4,99.0
SEALER-0058,321,05:21,88.1,91.7,101.1,100.2,97.6,89.9,88.5,91.0,95.6,97.9,100.8,98.4
SEALER-0058,322,05:22,88.9,90.9,101.5,100.9,97.3,89.6,88.9,90.5,94.5,98.0,100.3,100.0
SEALER-0058,323,05:23,89.0,91.6,102.1,99.9,97.9,90.8,88.5,90.7,95.3,97.5,99.7,98.7
SEALER-0058,324,05:24,89.3,91.3,102.7,100.4,98.2,90.1,88.0,91.9,95.1,98.2,101.2,99.1
SEALER-0058,325,05:25,89.2,92.0,101.8,99.9,98.1,90.3,88.6,92.0,95.3,97.3,100.6,99.2
SEALER-0058,326,05:26,89.0,91.7,101.0,100.4,98.3,91.0,89.0,91.8,95.5,98.5,101.3,98.9
SEALER-0058,327,05:27,90.0,91.2,101.3,100.5,98.8,90.9,88.4,91.2,94.6,97.7,101.0,98.5
SEALER-0058,328,05:28,89.6,91.8,102.0,99.8,99.0,90.9,88.4,90.9,95.5,98.1,101.1,98.5
SEALER-0058,329,05:29,90.1,91.5,101.3,101.0,98.6,91.4,90.0,90.9,96.0,97.7,101.5,99.0
SEALER-0058,330,05:30,89.4,91.5,101.4,101.0,99.2,91.3,87.7,91.1,96.1,98.1,101.3,98.8
SEALER-0058,331,05:31,90.2,92.3,101.9,100.1,98.2,91.6,89.8,91.8,94.8,97.8,101.1,99.9
SEALER-0058,332,05:32,89.6,93.2,101.9,100.5,99.3,91.9,89.1,91.5,95.6,98.2,101.6,99.8
SEALER-0058,333,05:33,89.3,91.8,102.0,101.1,99.0,91.8,88.7,91.9,95.0,98.5,101.3,99.4
SEALER-0058,334,05:34,90.0,92.5,102.2,100.8,99.0,91.7,89.7,92.3,95.3,98.4,101.1,99.6
SEALER-0058,335,05:35,90.0,92.8,102.3,100.0,99.0,91.6,89.4,92.5,96.0,98.6,101.5,100.2
SEALER-0058,336,05:36,90.1,92.7,101.6,100.6,99.2,91.4,89.1,92.3,95.5,98.8,101.8,99.9
SEALER-0058,337,05:37,89.6,92.1,101.5,100.7,99.2,92.5,90.4,92.0,95.6,98.5,101.4,99.7
SEALER-0058,338,05:38,89.7,92.3,101.8,100.9,99.7,92.2,89.6,92.5,96.2,98.6,102.2,99.0
SEALER-0058,339,05:39,90.3,93.1,102.0,101.6,99.3,92.4,89.7,92.5,96.0,98.5,101.6,99.8
SEALER-0058,340,05:40,91.0,93.1,102.4,101.2,99.4,92.2,89.0,91.7,94.6,98.0,100.9,100.1
SEALER-0058,341,05:41,90.8,93.0,102.6,100.3,99.0,91.1,90.1,92.4,95.7,98.0,101.0,100.4
SEALER-0058,342,05:42,90.5,91.8,102.0,101.6,99.9,92.4,89.9,92.3,96.0,99.6,102.5,100.2
SEALER-0058,343,05:43,90.5,91.9,102.1,101.1,99.9,92.5,90.7,94.6,96.4,98.7,101.5,100.2
SEALER-0058,344,05:44,90.4,92.2,101.6,100.5,100.6,91.7,89.9,93.5,94.9,98.8,101.4,100.6
SEALER-0058,345,05:45,90.0,92.2,102.6,102.1,99.6,92.0,91.1,93.1,96.1,98.9,102.0,100.6
SEALER-0058,346,05:46,90.6,91.7,102.4,101.3,99.7,93.1,89.6,92.6,94.9,98.8,102.3,100.4
SEALER-0058,347,05:47,90.1,91.8,102.4,101.2,101.1,92.4,91.0,92.8,95.9,98.8,101.1,99.5
SEALER-0058,348,05:48,89.3,92.1,101.1,100.4,100.2,92.8,90.5,92.2,96.1,99.4,102.3,100.9
SEALER-0058,349,05:49,90.0,91.3,103.5,100.6,100.2,93.1,89.9,93.1,95.4,98.8,101.5,99.4
SEALER-0058,350,05:50,89.9,92.8,103.4,101.5,100.0,93.5,90.3,92.9,96.6,98.5,101.7,100.0
SEALER-0058,351,05:51,89.5,92.3,101.9,100.7,101.4,92.9,89.6,93.5,96.2,98.0,103.1,100.8
SEALER-0058,352,05:52,91.0,92.9,102.8,101.2,99.8,93.1,91.0,93.5,96.1,99.3,102.3,99.5
SEALER-0058,353,05:53,90.1,92.6,102.1,101.5,101.0,92.7,90.8,93.3,96.6,99.0,101.7,100.4
SEALER-0058,354,05:54,90.9,93.1,103.0,101.1,100.4,93.4,91.2,92.2,96.7,99.3,101.5,99.7
SEALER-0058,355,05:55,90.3,92.4,102.3,100.4,100.6,93.0,90.3,93.3,96.1,98.7,102.0,101.1
SEALER-0058,356,05:56,90.2,92.9,103.3,100.6,99.9,93.0,91.3,92.8,95.9,98.5,103.1,99.6
SEALER-0058,357,05:57,91.1,92.1,102.5,101.4,100.5,93.7,90.8,92.9,96.5,98.7,102.0,100.4
SEALER-0058,358,05:58,89.6,92.3,103.5,101.7,101.4,92.7,90.4,92.4,96.3,98.8,101.9,100.3
SEALER-0058,359,05:59,89.7,92.5,102.6,101.2,101.0,93.4,90.6,93.2,95.6,98.4,101.8,100.7
SEALER-0058,360,06:00,90.2,92.7,102.5,100.9,101.6,94.2,91.1,93.7,95.6,98.6,101.8,99.6
SEALER-0058,361,06:01,91.3,91.7,102.0,101.5,100.0,93.3,90.0,93.0,95.1,99.7,102.8,100.1
SEALER-0058,362,06:02,89.8,92.4,101.7,100.6,101.3,92.0,90.7,93.4,95.9,98.7,102.8,100.5
SEALER-0058,363,06:03,90.8,93.1,101.8,100.9,100.5,93.3,91.0,93.5,96.7,98.3,102.2,101.2
SEALER-0058,364,06:04,90.7,91.8,102.2,102.0,101.2,93.6,91.2,93.3,97.4,98.2,102.9,100.3
SEALER-0058,365,06:05,91.4,92.0,101.7,101.1,101.7,93.2,91.1,94.4,95.6,98.3,101.2,101.6
SEALER-0058,366,06:06,90.5,92.8,102.5,102.1,101.1,93.3,91.0,93.3,96.2,98.6,101.3,101.3
SEALER-0058,367,06:07,90.3,91.4,102.5,101.8,100.8,93.3,90.7,93.6,96.3,98.8,102.4,100.7
SEALER-0058,368,06:08,90.5,93.4,102.1,100.5,101.1,92.8,91.6,93.7,96.1,98.2,101.6,100.7
SEALER-0058,369,06:09,90.5,92.2,102.6,101.5,101.2,93.1,91.8,93.8,96.1,98.9,101.7,100.1
SEALER-0058,370,06:10,90.7,92.6,102.2,100.6,101.5,93.2,91.0,93.2,96.0,98.4,101.7,100.2
SEALER-0058,371,06:11,90.5,92.5,102.8,101.2,101.0,93.7,90.2,93.7,95.8,98.3,104.0,100.9
SEALER-0058,372,06:12,90.5,93.3,102.5,100.2,100.1,93.2,90.9,93.6,96.1,98.8,102.9,99.1
SEALER-0058,373,06:13,90.7,93.5,103.2,101.4,101.6,94.5,92.2,93.4,96.7,98.8,102.5,100.7
SEALER-0058,374,06:14,91.3,92.5,102.8,101.9,101.0,93.9,91.4,93.8,95.8,98.3,102.3,100.6
SEALER-0058,375,06:15,91.3,92.8,102.3,101.9,100.7,94.3,90.9,93.8,96.4,98.3,102.1,101.2
SEALER-0058,376,06:16,91.2,92.4,103.2,101.4,100.8,94.2,91.2,93.5,95.6,98.8,102.2,100.7
SEALER-0058,377,06:17,90.2,92.5,102.8,101.2,99.9,93.4,91.4,94.9,96.6,98.3,101.7,100.6
SEALER-0058,378,06:18,90.6,92.4,102.4,100.9,101.3,93.6,90.8,94.2,95.5,98.1,102.5,101.4
SEALER-0058,379,06:19,90.8,93.0,102.6,101.1,100.1,94.1,91.9,93.3,96.7,98.9,103.0,100.5
SEALER-0058,380,06:20,90.5,92.6,103.1,102.0,101.9,94.8,92.0,93.9,96.6,99.0,102.3,101.3
SEALER-0058,381,06:21,90.9,92.2,103.0,101.6,102.0,94.1,90.7,94.1,96.2,101.7,102.3,101.5
SEALER-0058,382,06:22,91.0,93.2,102.2,101.4,101.2,93.4,91.4,93.1,96.1,104.1,102.6,101.6
SEALER-0058,383,06:23,91.1,92.7,101.7,101.4,101.5,93.7,90.4,94.0,96.6,104.8,103.5,100.7
SEALER-0058,384,06:24,91.2,92.8,105.8,101.8,101.8,94.6,92.2,94.2,96.3,104.7,102.9,101.5
SEALER-0058,385,06:25,89.9,93.4,107.3,101.6,100.6,94.8,92.0,93.9,96.5,105.4,101.3,100.4
SEALER-0058,386,06:26,91.5,92.6,107.8,102.0,102.1,94.2,90.5,94.0,96.4,105.6,102.0,101.1
SEALER-0058,387,06:27,90.7,92.4,108.5,104.2,101.7,93.3,91.1,94.1,97.5,106.1,101.9,101.2
SEALER-0058,388,06:28,90.8,92.5,109.8,104.9,102.1,93.9,91.3,93.8,96.1,106.8,101.3,101.0
SEALER-0058,389,06:29,90.7,93.9,109.5,107.6,101.2,93.9,90.7,93.7,95.2,106.9,102.5,100.5
SEALER-0058,390,06:30,91.5,95.6,110.6,108.3,102.3,94.3,90.9,93.0,99.3,107.5,102.5,100.9
SEALER-0058,391,06:31,91.1,95.5,111.5,108.0,101.9,93.5,91.5,94.2,100.1,107.9,102.2,101.4
SEALER-0058,392,06:32,91.7,98.3,111.7,109.4,102.7,93.0,92.1,93.2,100.8,108.8,101.9,101.0
SEALER-0058,393,06:33,90.6,98.4,111.7,109.7,100.7,93.7,92.0,93.9,102.8,109.5,105.3,100.7
SEALER-0058,394,06:34,91.5,98.8,112.8,109.6,101.7,93.4,92.2,93.3,102.9,109.1,107.1,100.5
SEALER-0058,395,06:35,90.8,99.6,113.4,110.4,101.5,94.6,92.4,93.2,104.1,110.4,107.7,100.5
SEALER-0058,396,06:36,91.0,99.8,113.2,111.0,102.0,94.1,92.3,93.8,104.2,109.8,108.2,102.1
SEALER-0058,397,06:37,90.8,101.1,112.8,111.6,100.0,94.1,91.0,95.1,104.0,111.6,109.0,101.4
SEALER-0058,398,06:38,90.7,100.8,113.9,112.5,100.9,95.0,92.0,93.3,104.5,110.7,110.3,101.1
SEALER-0058,399,06:39,90.7,100.8,113.4,112.4,102.3,93.9,92.2,93.9,105.0,111.1,111.0,100.7
SEALER-0058,400,06:40,90.3,101.7,115.4,111.9,101.5,94.0,91.9,94.5,105.5,112.0,110.7,101.6
SEALER-0058,401,06:41,91.7,102.8,114.4,112.9,101.6,94.6,92.2,93.9,106.3,110.6,111.2,101.9
SEALER-0058,402,06:42,90.3,103.1,116.7,113.4,101.5,94.0,91.4,94.5,106.8,112.0,112.0,101.2
SEALER-0058,403,06:43,91.7,103.1,115.2,113.3,101.3,94.1,91.6,93.3,106.9,112.2,112.7,101.2
SEALER-0058,404,06:44,90.9,103.1,116.2,113.7,101.0,95.0,91.4,93.9,106.5,113.0,112.8,101.8
SEALER-0058,405,06:45,90.8,103.6,116.8,114.1,100.9,94.8,92.7,93.4,107.8,113.2,113.8,100.9
SEALER-0058,406,06:46,94.3,103.6,116.8,115.0,101.5,94.6,91.7,94.3,107.9,113.7,114.4,100.6
SEALER-0058,407,06:47,95.0,104.8,117.8,115.7,100.9,94.1,92.0,93.2,107.7,113.3,113.3,101.2
SEALER-0058,408,06:48,96.4,103.7,118.1,114.9,102.1,94.9,91.8,94.1,108.4,114.2,113.7,100.5
SEALER-0058,409,06:49,95.3,105.8,117.8,115.1,101.6,93.7,91.9,94.1,109.3,114.6,115.1,104.0
SEALER-0058,410,06:50,97.1,105.4,117.2,115.4,101.1,94.7,91.7,93.7,108.8,115.7,116.0,104.9
SEALER-0058,411,06:51,98.1,106.1,118.1,116.2,101.4,94.5,91.3,94.6,109.2,114.3,115.3,105.9
SEALER-0058,412,06:52,97.7,105.1,118.2,116.6,101.5,95.5,92.6,94.2,109.3,115.4,115.5,106.6
SEALER-0058,413,06:53,98.0,105.6,119.9,116.5,101.3,94.8,92.7,93.9,109.7,115.8,116.6,108.8
SEALER-0058,414,06:54,98.6,107.4,119.3,116.4,101.7,94.3,91.9,93.5,110.5,115.4,116.6,108.5
SEALER-0058,415,06:55,99.2,106.2,119.5,117.9,101.6,95.1,92.0,93.9,109.3,115.6,114.9,108.8
SEALER-0058,416,06:56,100.1,107.1,120.6,117.8,101.4,94.1,91.3,93.8,111.1,116.7,117.9,109.4
SEALER-0058,417,06:57,100.0,107.1,119.4,117.1,101.9,94.0,91.4,96.5,111.9,116.1,116.7,110.1
SEALER-0058,418,06:58,99.6,107.5,120.8,118.0,101.2,94.8,91.3,97.9,111.0,116.4,118.5,110.0
SEALER-0058,419,06:59,100.9,107.7,121.1,118.1,102.3,93.7,92.1,98.2,110.9,116.7,117.3,111.0
SEALER-0058,420,07:00,101.1,106.9,120.4,117.9,105.0,94.4,91.9,100.3,111.5,116.9,117.3,111.7
SEALER-0058,421,07:01,102.3,107.5,120.4,118.7,106.7,94.7,92.3,100.4,112.0,116.6,117.7,112.0
SEALER-0058,422,07:02,101.7,108.5,120.6,119.2,106.8,94.3,91.9,100.3,112.4,117.1,118.8,112.5
SEALER-0058,423,07:03,101.2,107.4,120.9,120.5,106.8,94.5,93.7,101.7,112.9,116.8,119.5,112.0
SEALER-0058,424,07:04,101.5,108.5,121.0,119.6,108.6,93.6,95.2,101.9,112.2,117.3,119.2,112.5
SEALER-0058,425,07:05,102.4,108.9,122.4,120.1,109.2,94.0,95.7,102.0,113.3,118.4,119.1,114.3
SEALER-0058,426,07:06,102.7,109.5,121.2,119.6,109.8,96.7,96.4,101.8,113.1,118.0,120.8,113.2
SEALER-0058,427,07:07,104.6,109.2,121.7,120.2,110.0,99.1,97.4,103.2,113.2,119.0,119.3,113.8
SEALER-0058,428,07:08,103.9,109.9,122.9,120.8,110.4,99.5,97.9,102.9,112.6,118.8,120.5,115.0
SEALER-0058,429,07:09,103.3,110.4,123.5,119.9,111.2,99.2,99.2,103.2,113.5,119.3,120.3,115.4
SEALER-0058,430,07:10,103.1,110.6,122.5,120.6,111.5,100.1,99.4,104.7,112.9,119.0,121.2,114.0
SEALER-0058,431,07:11,104.4,110.0,123.3,120.7,112.6,101.2,99.8,105.1,114.7,119.5,119.8,115.2
SEALER-0058,432,07:12,106.5,110.4,122.9,121.7,112.9,102.5,100.3,105.3,114.5,119.5,120.6,116.1
SEALER-0058,433,07:13,105.2,110.4,124.4,121.5,113.3,101.7,100.9,105.2,113.8,119.8,121.1,116.7
SEALER-0058,434,07:14,104.9,110.3,124.1,122.1,113.0,103.0,101.0,105.2,114.6,118.7,121.9,115.6
SEALER-0058,435,07:15,105.4,111.9,124.3,122.2,113.4,103.2,101.5,106.0,114.5,119.2,121.5,117.1
SEALER-0058,436,07:16,105.6,111.1,125.1,123.0,114.5,103.4,101.4,106.7,116.0,121.1,121.5,116.6
SEALER-0058,437,07:17,105.6,111.2,123.8,121.6,113.9,103.7,101.6,106.8,115.8,120.2,122.8,117.2
SEALER-0058,438,07:18,105.9,111.9,123.6,122.0,114.0,104.4,102.5,106.4,115.6,119.5,122.7,116.3
SEALER-0058,439,07:19,105.8,111.8,124.7,122.4,114.7,103.9,102.8,107.4,116.6,120.5,123.0,117.8
SEALER-0058,440,07:20,106.4,111.6,125.1,122.7,115.0,104.9,102.3,107.1,115.7,120.0,123.1,118.1
SEALER-0058,441,07:21,106.6,111.7,125.2,123.4,115.9,104.5,103.0,108.1,115.3,120.6,122.7,118.1
SEALER-0058,442,07:22,106.6,113.2,125.4,122.9,115.7,105.3,103.3,108.3,116.8,121.2,123.4,118.2
SEALER-0058,443,07:23,107.4,112.5,124.2,123.1,116.4,106.7,103.5,108.5,117.0,122.7,123.7,118.8
SEALER-0058,444,07:24,107.2,113.2,125.0,124.6,116.8,106.4,104.1,108.1,116.3,122.0,123.6,119.1
SEALER-0058,445,07:25,107.5,113.2,126.0,124.3,117.0,105.8,103.7,107.4,117.5,120.3,123.8,118.8
SEALER-0058,446,07:26,107.5,114.0,126.0,123.9,117.3,106.4,104.0,109.4,116.9,121.9,124.7,119.3
SEALER-0058,447,07:27,107.5,113.5,125.8,124.4,117.7,107.2,105.1,109.0,116.7,122.7,124.4,118.8
SEALER-0058,448,07:28,107.4,113.5,127.6,124.1,118.2,108.5,105.0,109.9,118.5,123.0,125.3,119.6
SEALER-0058,449,07:29,107.6,113.2,127.1,124.7,116.6,107.9,106.3,109.5,118.2,122.8,125.2,120.6
SEALER-0058,450,07:30,109.3,112.9,126.9,124.8,118.0,108.0,105.5,109.3,117.3,122.3,125.1,121.0
SEALER-0058,451,07:31,108.2,114.3,127.8,125.5,118.9,109.1,106.0,110.4,117.6,122.1,124.8,120.4
SEALER-0058,452,07:32,109.2,113.8,126.3,125.0,118.2,108.9,106.8,110.6,118.1,123.3,125.5,121.2
SEALER-0058,453,07:33,108.9,113.9,126.7,125.3,118.2,108.3,107.4,110.7,118.9,123.7,125.4,120.8
SEALER-0058,454,07:34,109.8,114.1,127.0,124.7,119.1,109.7,107.6,110.5,118.7,123.6,125.0,121.7
SEALER-0058,455,07:35,109.0,114.3,127.6,125.3,118.9,109.9,107.2,110.3,119.0,123.2,126.2,121.7
SEALER-0058,456,07:36,108.7,114.6,127.4,125.7,120.6,109.6,107.8,111.7,119.4,124.1,126.4,122.0
SEALER-0058,457,07:37,110.1,114.7,128.1,126.1,121.0,109.8,106.6,111.8,119.0,123.7,125.6,121.5
SEALER-0058,458,07:38,110.4,114.2,128.9,126.6,120.6,110.1,107.0,111.4,119.0,123.8,125.5,122.1
SEALER-0058,459,07:39,109.7,114.6,128.6,126.0,118.8,109.8,107.3,112.0,119.3,124.8,126.5,122.5
SEALER-0058,460,07:40,109.7,114.9,127.8,126.2,120.7,111.0,108.3,112.2,119.9,125.0,127.6,121.6
SEALER-0058,461,07:41,111.3,115.8,128.6,126.7,121.7,110.4,108.4,112.2,120.1,125.1,126.8,122.3
SEALER-0058,462,07:42,110.6,116.1,128.6,127.7,121.1,111.1,108.8,112.5,120.1,123.8,126.9,122.4
SEALER-0058,463,07:43,110.9,116.4,129.7,126.8,121.6,110.8,108.6,111.7,120.0,124.7,127.8,123.5
SEALER-0058,464,07:44,111.5,116.3,129.5,128.2,121.5,111.7,108.4,113.1,119.8,124.9,127.6,123.9
SEALER-0058,465,07:45,110.5,115.8,129.0,127.1,121.6,112.1,109.1,112.9,121.3,124.5,128.1,122.7
SEALER-0058,466,07:46,111.1,115.9,129.1,128.1,122.1,112.8,108.9,112.9,120.1,126.6,128.2,123.2
SEALER-0058,467,07:47,111.7,115.9,129.7,127.5,122.2,112.2,110.1,113.5,121.1,125.2,129.0,123.7
SEALER-0058,468,07:48,111.9,115.9,129.9,127.7,122.1,112.6,109.9,112.8,120.9,126.1,128.3,123.9
SEALER-0058,469,07:49,111.3,116.8,129.5,128.4,122.6,112.9,110.0,113.6,120.4,125.5,128.3,124.9
SEALER-0058,470,07:50,112.9,116.8,130.3,128.9,122.8,112.7,110.1,113.0,120.9,125.6,129.0,124.1
SEALER-0058,471,07:51,112.1,116.9,131.2,128.6,122.6,112.8,110.5,114.8,122.0,125.3,128.6,124.4
SEALER-0058,472,07:52,113.1,116.6,130.3,129.5,123.5,112.9,110.7,114.6,121.8,126.2,129.2,124.0
SEALER-0058,473,07:53,113.5,118.1,130.7,129.7,123.1,114.1,110.5,113.9,122.3,125.6,128.7,124.4
SEALER-0058,474,07:54,112.7,117.6,131.2,129.4,123.3,113.3,111.1,114.1,121.7,126.8,129.1,124.9
SEALER-0058,475,07:55,113.3,117.2,131.1,128.5,123.0,113.6,110.6,115.4,121.9,126.4,129.3,125.1
SEALER-0058,476,07:56,113.9,118.2,130.9,129.3,123.1,113.5,111.0,115.8,122.3,126.1,129.4,125.2
SEALER-0058,477,07:57,113.0,118.6,132.2,129.1,123.6,112.9,111.9,115.4,121.7,126.8,129.9,125.9
SEALER-0058,478,07:58,113.8,118.2,131.1,129.2,123.4,113.3,112.6,115.6,122.1,125.4,129.8,125.2
SEALER-0058,479,07:59,114.0,118.4,131.8,129.7,124.4,113.8,112.3,115.4,122.2,127.6,128.9,126.0
SEALER-0058,480,08:00,113.8,117.7,131.4,130.3,125.3,114.3,111.5,116.6,123.0,127.5,130.5,126.8
SEALER-0058,481,08:01,113.8,118.0,131.6,129.9,124.3,114.0,112.0,115.1,123.6,127.6,130.3,125.9
SEALER-0058,482,08:02,114.0,119.3,132.2,130.1,124.6,116.5,112.7,116.1,122.8,127.6,130.6,126.5
SEALER-0058,483,08:03,114.6,118.8,133.1,130.1,125.5,115.4,113.0,115.7,123.0,127.6,129.8,126.8
SEALER-0058,484,08:04,114.1,119.2,132.4,130.4,125.3,114.7,112.6,116.5,124.1,128.6,130.2,126.6
SEALER-0058,485,08:05,114.7,118.9,132.3,131.2,124.9,115.1,113.1,116.9,124.0,128.7,131.3,127.8
SEALER-0058,486,08:06,115.5,119.7,132.1,130.5,126.0,115.8,113.5,117.5,123.4,128.9,130.8,127.6
SEALER-0058,487,08:07,114.0,118.9,131.9,131.4,125.8,115.8,114.4,116.7,123.3,128.4,131.0,127.0
SEALER-0058,488,08:08,115.1,119.3,132.1,131.4,125.8,116.2,113.4,117.1,124.2,127.1,131.5,127.2
SEALER-0058,489,08:09,114.5,119.9,132.8,131.6,127.0,116.2,113.8,117.4,123.5,129.4,132.7,128.0
SEALER-0058,490,08:10,115.0,119.9,134.2,131.7,126.7,116.0,113.7,117.7,123.9,129.1,131.2,127.6
SEALER-0058,491,08:11,115.1,119.9,133.2,130.9,127.3,116.2,113.7,117.4,124.6,128.1,131.6,126.9
SEALER-0058,492,08:12,114.9,119.4,133.2,131.5,126.0,116.7,114.3,117.4,124.2,129.4,132.5,128.6
SEALER-0058,493,08:13,116.6,121.1,133.5,130.9,127.3,117.0,114.0,117.5,124.5,129.3,132.4,128.1
SEALER-0058,494,08:14,115.3,121.1,133.9,132.2,127.3,116.9,114.3,118.6,124.6,129.0,132.9,129.3
SEALER-0058,495,08:15,115.6,119.8,134.6,132.4,127.1,117.2,114.9,118.1,125.3,129.2,132.2,127.6
SEALER-0058,496,08:16,116.3,120.4,134.0,132.0,127.7,117.7,114.9,118.1,125.8,128.7,133.0,128.2
SEALER-0058,497,08:17,116.9,120.8,134.2,131.7,128.3,117.8,113.8,118.7,124.8,129.5,132.9,129.4
SEALER-0058,498,08:18,116.6,121.3,134.4,132.6,128.4,117.2,114.7,118.2,125.3,129.5,133.7,129.4
SEALER-0058,499,08:19,116.7,121.6,134.7,132.4,128.7,117.3,115.6,119.6,125.7,129.7,133.4,128.8
SEALER-0058,500,08:20,116.7,120.4,135.3,132.6,128.3,117.6,114.2,117.9,125.5,130.4,131.5,128.5
SEALER-0058,501,08:21,117.0,121.1,135.2,133.2,127.7,118.9,115.6,119.9,126.2,130.6,133.4,129.0
SEALER-0058,502,08:22,115.6,121.8,135.5,133.6,128.1,118.6,116.0,119.5,125.5,130.6,133.0,129.4
SEALER-0058,503,08:23,116.8,120.6,135.6,132.5,128.7,118.1,115.3,119.8,125.0,130.5,133.8,129.4
SEALER-0058,504,08:24,117.3,122.6,135.1,133.5,129.3,119.3,115.8,119.5,126.4,130.3,133.8,130.1
SEALER-0058,505,08:25,117.1,122.3,135.9,133.8,128.9,118.3,115.9,120.6,126.1,130.6,134.3,129.3
SEALER-0058,506,08:26,116.9,122.0,135.7,133.9,128.9,118.7,116.2,120.1,125.9,131.3,133.4,129.5
SEALER-0058,507,08:27,117.8,122.3,135.7,134.0,129.1,118.9,116.3,120.1,126.5,131.8,134.6,130.2
SEALER-0058,508,08:28,117.7,121.7,134.1,133.8,128.7,119.0,116.3,119.7,126.2,131.4,134.8,131.0
SEALER-0058,509,08:29,118.1,121.9,135.5,134.2,129.8,119.4,116.6,120.1,127.0,131.7,134.1,130.6
SEALER-0058,510,08:30,117.7,122.7,136.4,134.3,129.0,119.4,116.8,120.7,126.3,131.3,135.0,130.3
SEALER-0058,511,08:31,118.0,122.3,136.2,133.8,129.8,120.0,116.7,119.9,127.0,130.6,134.4,130.8
SEALER-0058,512,08:32,118.8,122.7,137.1,135.0,130.2,119.6,116.8,121.1,127.9,131.8,134.4,131.0
SEALER-0058,513,08:33,118.4,123.3,136.7,134.0,130.1,119.5,116.4,120.2,127.4,130.3,134.2,130.5
SEALER-0058,514,08:34,118.3,122.7,136.4,133.7,130.2,120.2,117.5,120.5,127.3,131.4,135.3,132.0
SEALER-0058,515,08:35,117.8,123.1,137.4,135.3,130.9,119.0,117.2,120.9,127.9,131.6,135.4,131.5
SEALER-0058,516,08:36,119.0,123.1,136.7,134.4,130.5,119.3,117.1,121.0,127.4,132.2,135.0,131.7
SEALER-0058,517,08:37,119.0,123.2,136.8,134.9,130.3,120.6,118.2,121.3,127.0,132.7,135.1,131.7
SEALER-0058,518,08:38,118.0,123.2,137.9,135.8,131.1,120.0,117.8,121.3,128.6,133.0,135.5,131.9
SEALER-0058,519,08:39,118.9,124.1,136.0,134.9,130.9,120.0,118.2,122.3,128.0,132.4,136.5,132.4
SEALER-0058,520,08:40,118.9,123.6,137.9,135.2,130.9,120.9,118.1,122.2,128.4,132.9,135.5,132.2
SEALER-0058,521,08:41,118.9,123.0,137.5,136.1,132.3,120.5,119.0,121.6,129.0,132.9,136.4,132.2
SEALER-0058,522,08:42,119.2,123.4,137.0,135.3,131.5,121.9,119.0,122.1,128.2,132.8,135.7,132.7
SEALER-0058,523,08:43,119.6,123.2,136.9,136.2,131.8,120.8,118.7,121.2,128.4,134.0,136.4,132.5
SEALER-0058,524,08:44,119.7,124.5,137.7,137.2,131.8,121.5,118.6,122.0,129.3,131.7,136.0,132.7
SEALER-0058,525,08:45,120.4,123.6,138.4,136.1,133.3,121.1,118.3,123.4,128.7,134.3,136.0,133.4
SEALER-0058,526,08:46,120.7,125.5,138.9,136.0,132.1,121.7,119.3,122.7,127.8,132.9,136.9,133.2
SEALER-0058,527,08:47,119.7,123.6,138.4,137.3,131.4,120.8,119.1,123.4,128.7,133.0,135.5,133.1
SEALER-0058,528,08:48,120.8,124.5,139.0,136.0,132.4,123.0,119.3,122.7,129.3,134.5,137.4,132.7
SEALER-0058,529,08:49,120.9,124.0,138.9,137.1,131.7,122.7,119.1,123.3,128.4,134.2,136.2,133.6
SEALER-0058,530,08:50,119.9,124.5,138.4,138.0,132.2,122.1,119.6,123.2,129.2,133.0,137.1,132.9
SEALER-0058,531,08:51,120.0,124.6,138.9,137.0,133.0,122.6,119.8,122.5,129.6,133.2,137.1,132.9
SEALER-0058,532,08:52,120.9,123.8,138.3,136.7,131.7,122.3,119.1,123.7,129.5,133.9,138.3,134.8
SEALER-0058,533,08:53,119.9,125.2,140.0,136.9,132.9,123.0,119.2,124.0,129.6,133.7,137.6,134.5
SEALER-0058,534,08:54,121.1,125.4,137.6,137.7,133.0,122.6,120.2,123.3,129.7,134.7,136.7,134.7
SEALER-0058,535,08:55,121.0,124.8,138.5,136.5,133.6,122.4,119.4,123.8,129.5,134.8,137.9,134.0
SEALER-0058,536,08:56,121.0,124.5,138.2,137.1,134.1,121.7,119.3,123.6,131.0,134.7,137.6,134.3
SEALER-0058,537,08:57,121.0,125.4,139.7,137.8,133.5,123.3,119.3,123.9,130.2,134.0,137.8,133.6
SEALER-0058,538,08:58,121.7,125.6,139.0,137.8,134.0,123.8,120.3,124.3,129.5,134.9,138.0,135.1
SEALER-0058,539,08:59,120.4,125.9,138.9,138.1,133.3,124.2,121.0,123.7,129.9,134.6,138.9,134.5
SEALER-0058,540,09:00,122.1,124.7,139.7,138.2,133.7,123.1,121.2,123.8,130.6,135.9,137.9,135.1
SEALER-0058,541,09:01,121.4,125.2,140.5,137.9,134.0,123.9,120.5,125.5,130.7,134.6,138.9,135.1
SEALER-0058,542,09:02,122.1,125.1,140.0,137.9,134.1,124.1,120.9,124.4,131.1,135.6,139.3,133.8
SEALER-0058,543,09:03,121.7,126.3,138.9,137.8,134.1,125.0,120.5,124.6,130.3,135.2,138.4,134.5
SEALER-0058,544,09:04,122.0,126.8,140.3,138.8,134.5,123.6,121.4,124.3,131.0,135.7,138.1,135.4
SEALER-0058,545,09:05,121.4,126.5,139.4,138.7,135.1,124.3,121.0,124.7,130.7,134.4,139.4,136.3
SEALER-0058,546,09:06,122.5,125.2,139.9,138.2,135.2,124.4,121.2,124.7,130.8,135.9,138.6,135.9
SEALER-0058,547,09:07,122.1,126.4,139.3,138.8,135.2,124.3,122.1,124.9,130.3,135.4,139.4,135.6
SEALER-0058,548,09:08,122.8,128.0,140.6,139.1,134.4,124.5,121.6,125.4,131.2,135.1,140.1,135.9
SEALER-0058,549,09:09,121.6,126.3,140.7,139.4,135.6,124.0,122.5,125.4,131.9,136.3,140.2,136.3
SEALER-0058,550,09:10,122.5,126.4,141.1,138.6,134.4,125.2,121.8,126.2,131.8,136.0,139.8,136.1
SEALER-0058,551,09:11,121.8,127.0,141.2,139.2,135.8,124.6,121.9,126.4,131.2,135.9,139.6,135.3
SEALER-0058,552,09:12,122.6,127.5,140.6,139.4,135.9,125.2,121.7,126.0,131.4,135.9,139.7,137.0
SEALER-0058,553,09:13,122.5,128.1,142.0,139.6,135.3,125.3,122.0,124.5,132.3,136.1,139.4,136.7
SEALER-0058,554,09:14,122.9,127.7,141.9,139.1,135.7,125.3,123.0,125.1,131.4,136.0,139.7,136.9
SEALER-0058,555,09:15,122.9,127.0,140.9,138.3,136.6,125.7,122.3,126.0,132.4,136.4,140.4,136.9
SEALER-0058,556,09:16,122.5,126.2,140.5,139.6,136.7,126.5,122.5,126.4,132.1,137.0,140.4,137.1
SEALER-0058,557,09:17,123.3,127.2,142.2,139.9,136.0,125.7,123.0,126.1,133.0,136.8,141.2,137.9
SEALER-0058,558,09:18,123.0,127.3,142.0,139.6,136.0,124.9,123.3,126.2,133.4,136.6,139.7,136.6
SEALER-0058,559,09:19,122.9,127.9,141.6,140.6,136.4,127.2,122.4,127.2,132.8,137.1,140.5,137.1
SEALER-0058,560,09:20,123.4,128.2,142.4,139.8,136.2,125.5,122.6,126.8,132.4,136.7,140.9,138.1
SEALER-0058,561,09:21,123.8,127.6,141.8,140.4,137.0,125.4,123.4,126.1,131.9,138.3,141.3,137.9
SEALER-0058,562,09:22,123.7,128.4,141.7,140.4,136.7,126.2,122.7,126.3,132.4,137.0,141.2,137.6
SEALER-0058,563,09:23,123.9,129.0,142.6,140.7,136.3,127.0,123.8,126.3,133.0,137.8,140.9,137.8
SEALER-0058,564,09:24,124.4,128.8,142.0,140.3,136.9,126.3,123.4,127.6,133.1,137.3,141.4,137.3
SEALER-0058,565,09:25,124.7,128.4,142.4,141.3,138.2,126.3,122.2,127.2,134.1,138.8,141.5,137.8
SEALER-0058,566,09:26,124.2,129.5,143.3,140.5,137.0,126.5,123.7,127.6,132.6,137.7,142.2,137.5
SEALER-0058,567,09:27,124.5,128.6,142.8,141.1,137.5,127.2,123.1,127.5,133.8,138.0,140.8,137.2
SEALER-0058,568,09:28,124.0,127.7,142.1,140.9,137.5,126.8,124.8,127.2,134.0,137.6,142.0,138.3
SEALER-0058,569,09:29,125.0,128.9,142.8,140.7,137.4,126.0,124.2,128.1,132.8,137.8,141.4,138.3
SEALER-0058,570,09:30,125.2,128.8,142.7,141.3,138.2,127.2,124.2,128.1,134.8,137.7,141.8,138.2
SEALER-0058,571,09:31,125.2,128.6,142.9,141.3,138.2,127.1,123.8,127.6,134.2,138.8,142.1,138.4
SEALER-0058,572,09:32,125.2,129.4,142.9,142.2,138.2,127.5,124.2,127.8,133.8,138.6,143.1,138.7
SEALER-0058,573,09:33,124.5,129.2,143.5,142.0,137.4,127.5,123.8,127.5,134.3,138.9,142.4,138.6
SEALER-0058,574,09:34,124.5,129.7,143.4,141.6,138.3,127.8,123.8,127.7,134.8,137.7,141.8,139.3
SEALER-0058,575,09:35,125.0,129.8,144.6,142.7,138.3,127.3,123.8,129.2,134.3,139.2,142.0,139.2
SEALER-0058,576,09:36,126.5,128.8,144.0,141.8,137.6,127.2,124.1,127.9,134.4,138.7,142.6,138.8
SEALER-0058,577,09:37,125.0,130.5,144.1,141.9,138.4,128.6,124.7,128.6,134.2,138.5,142.7,139.4
SEALER-0058,578,09:38,125.4,129.8,145.0,141.7,139.1,128.4,124.3,128.7,134.4,138.6,142.2,139.1
SEALER-0058,579,09:39,125.4,130.7,144.5,141.8,139.2,127.5,125.0,129.9,134.3,138.5,142.6,139.9
SEALER-0058,580,09:40,126.0,130.4,144.1,142.3,139.5,128.4,125.7,130.4,135.2,139.4,142.1,139.4
SEALER-0058,581,09:41,126.5,130.1,143.6,141.9,139.3,128.8,125.6,128.0,134.3,139.3,143.3,139.8
SEALER-0058,582,09:42,126.3,130.0,144.7,143.0,139.6,129.2,125.6,128.7,134.8,138.6,143.1,139.4
SEALER-0058,583,09:43,126.5,130.6,144.2,142.5,139.6,129.2,125.1,129.8,135.1,139.5,143.2,138.7
SEALER-0058,584,09:44,126.3,130.3,145.0,143.5,139.5,128.9,125.5,130.1,133.9,138.4,144.3,140.2
SEALER-0058,585,09:45,125.8,130.0,145.0,142.2,139.0,128.5,125.4,128.8,134.9,139.6,143.0,139.7
SEALER-0058,586,09:46,127.0,130.3,144.3,143.3,139.2,128.5,125.5,129.4,136.0,140.1,143.4,139.1
SEALER-0058,587,09:47,126.7,130.1,144.1,144.6,139.2,128.9,126.0,130.5,136.1,140.0,143.3,141.0
SEALER-0058,588,09:48,127.2,129.8,144.6,143.2,140.1,130.0,126.0,129.5,135.0,140.9,143.8,140.5
SEALER-0058,589,09:49,126.1,131.1,145.2,142.7,139.1,130.1,125.9,129.6,135.9,140.1,143.0,140.4
SEALER-0058,590,09:50,127.4,130.6,145.0,143.1,140.6,128.9,126.3,130.2,135.7,140.3,142.9,140.1
SEALER-0058,591,09:51,127.2,130.6,145.5,143.1,140.1,130.0,126.9,131.2,135.9,141.0,145.0,140.1
SEALER-0058,592,09:52,127.1,131.6,146.2,143.3,140.4,128.4,125.6,130.2,136.4,141.1,144.3,140.7
SEALER-0058,593,09:53,127.8,130.7,145.0,143.3,140.7,130.3,125.9,129.7,136.4,140.5,145.0,140.8
SEALER-0058,594,09:54,126.6,130.8,145.4,143.3,140.3,130.2,126.4,130.8,137.2,140.0,144.2,141.3
SEALER-0058,595,09:55,127.8,131.2,146.1,143.5,141.7,129.2,126.6,130.5,136.2,140.7,143.8,140.9
SEALER-0058,596,09:56,127.6,131.1,146.2,143.7,140.2,130.4,126.7,129.7,137.0,140.2,144.8,141.0
SEALER-0058,597,09:57,127.3,131.1,145.7,144.6,141.4,129.5,126.1,131.5,136.2,139.7,144.5,141.6
SEALER-0058,598,09:58,128.4,131.6,145.9,144.6,141.6,129.6,127.1,130.4,137.8,141.7,144.8,141.0
SEALER-0058,599,09:59,128.0,131.1,145.8,142.7,141.1,129.8,126.8,130.7,135.6,141.3,144.4,142.2
SEALER-0058,600,10:00,127.2,132.1,146.0,144.3,140.9,130.4,126.6,130.1,137.0,140.8,144.3,142.2
SEALER-0058,601,10:01,128.4,131.2,147.2,145.6,142.2,130.8,126.6,131.8,136.8,141.2,146.2,141.5
SEALER-0058,602,10:02,127.1,132.0,145.6,143.9,141.1,130.1,127.4,130.5,136.5,141.6,144.7,142.2
SEALER-0058,603,10:03,128.0,132.1,146.2,144.3,141.7,130.2,127.5,131.9,136.6,141.0,145.5,142.4
SEALER-0058,604,10:04,128.4,131.9,147.5,144.8,141.5,130.6,126.6,131.4,135.4,140.6,146.3,142.9
SEALER-0058,605,10:05,128.8,132.4,146.4,144.9,142.0,130.8,127.1,131.4,138.0,142.4,145.8,142.3
SEALER-0058,606,10:06,128.0,131.8,146.3,145.1,141.1,131.2,127.4,131.7,138.2,141.1,145.7,142.6
SEALER-0058,607,10:07,129.7,132.6,146.9,144.6,142.4,131.0,127.1,130.8,136.7,141.5,146.9,142.1
SEALER-0058,608,10:08,128.5,132.5,147.8,145.8,142.2,131.0,128.3,131.8,136.3,142.1,145.4,142.6
SEALER-0058,609,10:09,128.4,132.3,147.1,146.0,141.8,132.0,128.2,132.2,136.6,142.6,146.8,141.8
SEALER-0058,610,10:10,128.1,132.8,147.0,145.5,142.2,131.8,127.9,132.5,136.9,141.8,145.7,142.8
SEALER-0058,611,10:11,127.1,131.5,147.0,144.8,141.8,131.6,127.9,131.3,137.2,141.9,145.9,143.8
SEALER-0058,612,10:12,129.2,132.7,147.2,145.6,142.7,132.2,128.8,132.0,138.4,142.2,146.1,142.8
SEALER-0058,613,10:13,129.2,133.0,147.8,145.7,143.3,131.9,129.4,131.9,137.9,141.8,146.5,143.6
SEALER-0058,614,10:14,128.5,133.5,147.5,145.1,142.2,131.6,129.1,132.0,137.3,142.5,146.8,143.8
SEALER-0058,615,10:15,129.5,133.2,148.2,145.7,143.6,132.9,129.1,132.4,137.6,142.2,146.8,143.1
SEALER-0058,616,10:16,129.5,132.9,148.2,145.6,142.4,132.2,129.3,131.9,138.7,142.1,146.1,143.3
SEALER-0058,617,10:17,130.1,133.5,147.9,146.8,143.5,132.6,129.1,133.0,138.6,142.8,146.5,143.4
SEALER-0058,618,10:18,129.6,133.4,148.6,146.7,143.3,132.0,129.1,132.7,138.7,143.0,146.8,143.7
SEALER-0058,619,10:19,129.0,133.3,147.5,145.7,143.6,131.8,129.0,131.9,138.7,143.0,146.4,144.5
SEALER-0058,620,10:20,128.7,134.2,147.9,146.6,142.5,132.8,129.1,133.0,138.6,143.0,147.9,143.5
SEALER-0058,621,10:21,128.8,133.7,148.1,146.1,144.1,131.6,129.6,132.8,139.1,143.1,147.2,144.3
SEALER-0058,622,10:22,129.5,134.4,148.8,145.8,143.3,133.5,129.6,133.6,139.2,143.4,147.7,143.7
SEALER-0058,623,10:23,129.5,135.1,148.4,147.3,142.7,132.2,129.4,133.0,138.1,143.1,148.4,143.9
SEALER-0058,624,10:24,129.3,133.9,147.9,147.3,143.8,132.8,129.6,133.6,138.8,144.1,147.3,144.2
SEALER-0058,625,10:25,130.5,134.0,148.6,146.8,144.3,132.6,129.2,133.4,138.2,142.8,147.0,143.2
SEALER-0058,626,10:26,129.6,134.1,148.8,146.8,144.6,133.3,128.7,134.4,140.0,144.5,147.5,144.4
SEALER-0058,627,10:27,129.5,134.0,149.3,146.6,143.7,133.7,130.0,133.5,139.9,142.9,147.8,144.6
SEALER-0058,628,10:28,129.8,134.0,150.2,147.9,144.3,132.6,128.9,132.1,138.7,144.0,147.8,144.9
SEALER-0058,629,10:29,130.2,133.7,148.2,146.8,143.5,133.2,130.4,134.2,138.9,143.5,148.2,144.8
SEALER-0058,630,10:30,130.0,134.4,148.6,147.9,144.0,132.2,129.8,133.2,139.4,143.3,148.3,144.7
SEALER-0058,631,10:31,130.5,134.4,149.3,147.9,144.3,133.6,129.6,132.9,139.7,144.7,148.8,144.4
SEALER-0058,632,10:32,131.5,134.6,150.0,146.8,144.2,133.5,129.8,134.4,139.5,143.1,148.5,145.0
SEALER-0058,633,10:33,130.5,134.2,149.1,147.7,144.1,133.9,129.5,134.2,139.8,143.8,148.0,145.3
SEALER-0058,634,10:34,130.8,135.1,149.6,147.9,145.3,134.7,130.4,133.5,140.0,145.5,148.7,145.9
SEALER-0058,635,10:35,130.4,134.3,149.8,147.7,145.0,133.0,130.0,134.9,140.6,145.9,148.7,145.0
SEALER-0058,636,10:36,131.5,134.9,150.0,147.4,144.8,134.0,129.7,134.4,139.4,144.7,148.5,145.5
SEALER-0058,637,10:37,130.8,135.1,149.5,148.8,145.6,133.8,130.2,134.7,140.3,145.3,148.6,145.6
SEALER-0058,638,10:38,130.8,135.4,149.7,147.5,145.1,134.2,129.9,134.0,139.9,145.7,149.6,145.8
SEALER-0058,639,10:39,130.0,134.3,149.6,147.7,144.8,135.2,131.3,133.8,139.2,145.2,148.9,145.5
SEALER-0058,640,10:40,130.8,135.7,150.7,148.6,145.6,134.7,130.8,134.8,140.3,144.3,149.3,145.8
SEALER-0058,641,10:41,132.1,135.0,150.6,149.0,145.3,133.9,130.8,135.2,140.8,144.6,149.2,146.0
SEALER-0058,642,10:42,131.7,136.1,150.6,148.4,144.7,135.2,131.9,135.1,141.4,145.2,148.6,146.1
SEALER-0058,643,10:43,130.9,135.3,149.8,148.2,146.1,135.0,131.7,135.6,140.0,144.7,149.0,146.4
SEALER-0058,644,10:44,131.8,134.8,150.6,148.4,145.3,134.6,131.1,135.8,141.0,145.6,149.5,146.6
SEALER-0058,645,10:45,131.4,136.6,150.2,149.1,145.2,134.9,131.0,135.4,140.6,145.8,149.4,146.9
SEALER-0058,646,10:46,130.9,135.4,151.1,148.7,145.7,135.0,131.8,136.3,140.3,144.9,149.6,146.7
SEALER-0058,647,10:47,132.1,136.1,150.5,148.4,145.4,135.0,131.7,135.2,141.1,145.7,149.5,147.3
SEALER-0058,648,10:48,132.0,136.3,149.9,148.8,145.8,134.8,131.7,135.3,140.0,145.4,149.5,145.7
SEALER-0058,649,10:49,131.9,135.9,151.1,148.9,146.3,134.6,132.5,135.7,140.9,144.9,149.3,145.5
SEALER-0058,650,10:50,131.7,135.9,151.6,149.0,145.8,135.2,131.7,135.3,141.6,145.6,150.1,146.7
SEALER-0058,651,10:51,132.4,135.9,151.0,148.7,146.0,136.3,131.9,134.9,142.2,145.6,149.1,146.8
SEALER-0058,652,10:52,132.7,136.6,151.2,149.8,147.0,135.9,131.6,136.3,141.0,145.5,149.7,146.8
SEALER-0058,653,10:53,132.4,137.9,151.7,149.1,147.2,134.2,132.1,136.2,141.6,146.0,149.8,147.2
SEALER-0058,654,10:54,132.7,136.7,150.7,149.2,146.4,135.9,132.4,134.9,141.5,145.7,149.5,146.6
SEALER-0058,655,10:55,132.4,136.1,150.2,149.9,147.1,136.1,132.8,136.2,141.3,145.8,149.4,147.7
SEALER-0058,656,10:56,132.3,136.0,151.7,149.3,147.6,136.2,132.9,136.4,141.9,146.8,151.4,146.3
SEALER-0058,657,10:57,132.1,137.1,151.8,149.3,146.8,135.4,133.3,136.8,141.6,146.7,150.7,147.1
SEALER-0058,658,10:58,132.5,137.1,151.3,150.4,146.7,135.6,132.0,136.9,142.3,146.6,150.4,148.1
SEALER-0058,659,10:59,132.5,137.8,151.9,148.8,147.4,136.7,132.2,136.2,142.4,146.5,151.3,147.1
SEALER-0058,660,11:00,133.1,136.8,151.7,150.1,146.9,136.6,132.4,136.2,141.8,146.9,149.5,146.8
SEALER-0058,661,11:01,132.9,137.1,152.8,150.2,147.2,135.0,133.2,136.7,142.3,146.5,150.7,148.1
SEALER-0058,662,11:02,132.2,136.7,153.0,149.6,147.9,136.2,132.8,136.6,141.9,146.9,150.7,148.2
SEALER-0058,663,11:03,132.9,136.4,152.7,150.0,147.9,136.0,132.8,136.3,142.3,146.9,151.7,147.3
SEALER-0058,664,11:04,132.5,137.3,151.9,149.7,148.1,135.9,132.7,138.1,142.5,147.2,151.3,147.4
SEALER-0058,665,11:05,134.3,136.8,151.9,150.6,147.0,136.9,132.6,136.4,141.8,146.7,150.6,147.8
SEALER-0058,666,11:06,133.4,137.0,151.8,150.5,148.5,137.4,133.4,137.2,143.3,147.3,151.3,148.2
SEALER-0058,667,11:07,132.8,138.4,152.2,150.8,148.5,136.9,133.6,138.0,141.9,147.2,151.5,148.0
SEALER-0058,668,11:08,133.2,137.8,152.8,151.3,148.7,137.3,133.9,136.9,142.6,146.9,151.3,147.7
SEALER-0058,669,11:09,134.1,138.2,152.6,151.1,148.1,136.8,133.1,137.9,142.1,146.8,152.2,147.8
SEALER-0058,670,11:10,133.5,137.2,152.9,151.5,148.7,136.5,133.1,137.3,143.3,147.3,151.4,149.5
SEALER-0058,671,11:11,133.6,137.0,151.7,151.4,148.1,137.1,132.7,137.5,142.9,147.2,152.3,148.4
SEALER-0058,672,11:12,133.5,137.5,153.2,151.1,147.8,137.3,133.3,137.6,143.2,147.3,151.5,148.7
SEALER-0058,673,11:13,133.8,138.3,152.0,151.8,148.6,137.7,133.6,137.3,143.4,146.9,151.8,148.0
SEALER-0058,674,11:14,134.3,137.7,152.8,151.0,148.6,137.2,134.3,137.3,143.1,148.4,151.8,148.7
SEALER-0058,675,11:15,133.9,138.2,152.7,151.5,148.3,137.9,134.0,137.6,143.5,147.6,152.5,149.7
SEALER-0058,676,11:16,134.5,138.7,153.8,151.6,149.2,137.5,133.9,137.3,143.2,147.4,151.5,148.7
SEALER-0058,677,11:17,134.3,138.6,153.6,150.7,149.3,136.9,134.7,137.6,144.2,147.8,151.6,149.0
SEALER-0058,678,11:18,134.4,137.9,152.8,151.1,149.3,137.5,133.4,137.7,142.8,148.8,152.9,148.6
SEALER-0058,679,11:19,134.4,136.8,152.7,151.3,149.8,139.0,134.3,136.5,143.2,147.7,153.3,149.2
SEALER-0058,680,11:20,134.7,139.4,152.9,151.5,148.3,139.3,134.2,137.3,143.6,148.9,153.3,149.0
SEALER-0058,681,11:21,134.9,139.4,153.5,152.4,150.0,138.2,134.5,138.4,142.7,148.0,152.3,148.9
SEALER-0058,682,11:22,134.6,138.1,153.3,152.3,149.9,137.3,134.3,139.2,143.3,147.8,152.5,149.5
SEALER-0058,683,11:23,134.3,139.0,154.0,151.3,148.8,137.0,134.8,138.4,144.3,148.1,152.8,149.7
SEALER-0058,684,11:24,134.9,138.8,154.2,152.2,149.5,138.7,134.8,138.0,144.5,149.1,153.3,149.8
SEALER-0058,685,11:25,135.1,138.0,154.4,151.6,150.3,138.3,134.7,137.7,143.7,148.4,152.0,149.7
SEALER-0058,686,11:26,135.0,139.9,154.1,151.7,149.3,138.4,134.9,138.7,144.0,148.2,153.7,149.8
SEALER-0058,687,11:27,135.4,139.3,154.4,152.6,149.1,138.0,134.9,138.5,144.1,148.7,153.5,149.8
SEALER-0058,688,11:28,135.1,138.6,154.6,152.6,149.5,138.6,134.7,138.6,144.6,148.4,153.4,150.1
SEALER-0058,689,11:29,134.9,139.4,154.8,151.7,150.2,138.2,135.0,139.0,143.9,148.7,153.6,150.4
SEALER-0058,690,11:30,135.2,139.5,155.7,153.1,151.0,138.2,135.1,138.9,143.6,149.7,153.0,150.6
SEALER-0058,691,11:31,135.2,140.0,154.8,152.4,150.3,138.5,135.9,138.7,144.4,149.7,153.1,150.4
SEALER-0058,692,11:32,135.6,138.5,154.7,153.3,150.8,138.4,136.4,138.5,144.5,149.2,153.9,150.8
SEALER-0058,693,11:33,136.2,140.1,154.3,153.4,151.1,138.1,135.3,140.0,144.9,149.9,154.3,150.6
SEALER-0058,694,11:34,136.0,139.4,155.5,153.2,150.6,139.9,135.7,139.1,144.2,149.4,154.1,150.7
SEALER-0058,695,11:35,134.9,139.5,155.1,152.7,150.4,138.2,135.4,139.7,144.9,148.9,154.6,150.6
SEALER-0058,696,11:36,135.3,140.0,154.4,153.7,150.1,138.7,134.8,139.9,145.2,149.5,154.1,151.3
SEALER-0058,697,11:37,135.9,139.7,155.0,153.4,151.3,138.6,135.1,139.3,144.8,149.6,153.8,151.0
SEALER-0058,698,11:38,136.8,139.3,155.6,153.4,150.8,139.0,135.0,139.3,144.8,150.1,154.9,150.6
SEALER-0058,699,11:39,136.3,139.8,155.4,152.8,150.9,139.0,134.5,139.4,146.1,149.3,153.9,151.3
SEALER-0058,700,11:40,136.0,139.8,155.5,154.1,151.4,139.3,136.9,139.3,144.6,150.2,154.5,151.8
SEALER-0058,701,11:41,136.8,139.8,155.9,153.3,151.7,139.9,135.6,139.4,145.2,150.6,154.5,150.5
SEALER-0058,702,11:42,136.4,140.5,155.9,154.1,152.0,139.9,136.6,140.1,145.8,148.9,153.4,151.3
SEALER-0058,703,11:43,136.2,141.3,156.4,154.4,151.1,139.8,136.9,139.8,146.0,149.5,153.9,151.6
SEALER-0058,704,11:44,136.9,140.8,155.9,153.5,151.0,140.5,135.8,140.2,145.2,150.3,154.2,151.5
SEALER-0058,705,11:45,136.1,140.9,156.4,153.7,151.5,139.8,137.1,140.5,145.7,150.5,154.3,151.7
SEALER-0058,706,11:46,136.9,140.3,154.5,152.6,150.8,139.5,136.5,139.7,144.8,150.2,154.8,151.4
SEALER-0058,707,11:47,136.5,140.6,156.2,153.7,151.5,140.4,136.7,140.5,145.5,150.1,155.1,152.2
SEALER-0058,708,11:48,136.6,141.7,156.9,154.3,150.4,139.8,136.7,140.7,146.1,149.9,154.3,152.1
SEALER-0058,709,11:49,136.5,141.8,156.1,153.8,152.3,141.0,136.4,141.1,146.5,151.0,155.4,151.5
SEALER-0058,710,11:50,136.9,140.9,156.6,153.5,152.2,139.8,136.0,140.6,145.1,149.8,155.2,151.6
SEALER-0058,711,11:51,136.9,140.9,156.0,154.5,151.7,141.1,136.4,141.6,146.5,150.2,154.9,152.0
SEALER-0058,712,11:52,137.0,141.4,156.3,154.1,151.9,140.2,137.3,141.2,145.8,150.3,154.5,152.3
SEALER-0058,713,11:53,137.4,141.4,156.4,153.6,151.5,140.0,136.7,141.1,146.3,150.3,156.4,151.7
SEALER-0058,714,11:54,137.5,141.2,155.6,155.3,150.9,140.4,137.0,141.4,146.3,150.1,155.5,152.7
SEALER-0058,715,11:55,137.1,141.5,157.0,153.4,152.3,140.4,137.3,140.6,146.5,151.0,155.1,152.4
SEALER-0058,716,11:56,136.6,140.4,156.6,154.1,152.5,141.1,136.7,140.6,146.4,151.1,155.4,152.5
SEALER-0058,717,11:57,137.1,140.9,156.7,154.9,152.4,140.6,137.4,141.6,146.6,150.9,155.3,152.1
SEALER-0058,718,11:58,137.2,141.2,157.7,154.7,152.5,141.2,137.5,141.9,146.2,150.0,156.3,152.7
SEALER-0058,719,11:59,136.7,141.1,156.7,155.4,152.3,141.4,136.5,141.7,147.3,150.6,156.3,153.0
SEALER-0058,720,12:00,137.0,141.7,156.2,154.6,152.6,140.9,137.6,140.8,147.2,150.8,156.1,153.5
SEALER-0058,721,12:01,137.8,141.7,156.5,155.1,153.3,141.4,138.0,141.3,146.6,151.4,155.1,153.2
SEALER-0058,722,12:02,137.4,141.1,158.4,155.2,153.5,141.7,138.7,141.5,148.0,151.4,155.8,152.9
SEALER-0058,723,12:03,137.8,142.0,157.9,155.9,153.5,141.3,137.6,142.0,147.4,151.7,155.9,152.5
SEALER-0058,724,12:04,138.0,141.7,157.7,155.5,153.0,141.0,137.6,142.4,147.9,151.8,156.0,153.1
SEALER-0058,725,12:05,138.2,142.6,158.0,155.9,153.4,141.4,136.7,142.4,147.4,151.3,156.3,153.1
SEALER-0058,726,12:06,138.1,142.3,158.0,155.6,152.6,141.6,138.2,141.5,148.4,153.2,156.5,153.6
SEALER-0058,727,12:07,138.4,142.1,156.7,155.2,152.8,142.2,137.4,140.5,147.0,152.0,156.0,153.8
SEALER-0058,728,12:08,138.4,141.2,157.5,155.1,153.0,141.9,138.1,142.2,146.6,152.4,156.9,152.7
SEALER-0058,729,12:09,138.1,141.8,158.2,156.6,154.0,143.2,138.7,142.8,148.4,151.9,156.6,153.4
SEALER-0058,730,12:10,138.2,141.4,158.6,155.4,153.5,141.8,138.5,141.2,147.3,152.6,156.8,152.6
SEALER-0058,731,12:11,138.7,142.7,157.9,155.3,153.0,142.1,137.8,142.5,148.2,152.4,157.0,154.0
SEALER-0058,732,12:12,139.0,142.8,157.2,156.0,153.1,142.2,139.1,142.4,146.4,151.7,156.7,153.0
SEALER-0058,733,12:13,138.1,142.3,157.9,156.6,153.8,142.0,138.1,142.6,147.4,152.2,157.1,154.1
SEALER-0058,734,12:14,138.5,143.0,157.8,156.2,153.4,142.1,138.9,143.5,147.8,152.0,156.7,154.4
SEALER-0058,735,12:15,138.4,142.1,158.1,156.3,153.8,143.0,138.6,143.5,147.4,152.5,157.4,154.6
SEALER-0058,736,12:16,138.4,144.1,157.7,155.5,153.9,141.9,138.7,143.3,147.6,152.6,157.2,153.9
SEALER-0058,737,12:17,138.6,143.5,158.6,156.5,153.5,142.5,138.9,141.9,148.5,153.3,157.3,154.6
SEALER-0058,738,12:18,139.1,142.2,157.5,156.1,154.0,141.9,138.7,143.2,147.4,152.8,157.9,154.7
SEALER-0058,739,12:19,139.5,143.3,159.1,156.3,154.2,142.2,137.9,142.0,147.9,151.5,157.8,155.3
SEALER-0058,740,12:20,139.2,142.7,158.8,155.5,154.4,143.6,138.7,143.8,148.0,153.0,157.2,155.0
SEALER-0058,741,12:21,138.7,143.1,158.5,156.4,154.1,143.4,139.3,143.5,149.1,152.7,157.9,154.5
SEALER-0058,742,12:22,139.4,143.6,158.9,156.7,154.1,142.3,140.6,142.5,149.0,153.0,157.2,154.7
SEALER-0058,743,12:23,139.8,142.6,158.4,156.7,154.8,143.4,139.0,142.7,147.8,153.1,158.2,155.0
SEALER-0058,744,12:24,139.2,142.7,158.4,156.9,153.8,143.0,139.8,143.8,148.1,153.4,157.8,154.5
SEALER-0058,745,12:25,140.1,142.5,159.1,157.4,154.6,143.7,138.8,143.8,148.9,153.1,156.7,154.6
SEALER-0058,746,12:26,138.1,143.8,159.7,157.7,155.1,142.7,140.0,143.3,148.3,153.1,157.4,154.5
SEALER-0058,747,12:27,138.9,143.8,158.6,157.0,155.4,142.7,139.6,143.6,148.9,153.1,158.0,155.6
SEALER-0058,748,12:28,139.3,143.0,159.3,156.5,155.4,143.2,140.2,142.9,148.5,155.0,157.8,154.8
SEALER-0058,749,12:29,140.4,144.2,159.8,157.0,155.5,143.5,139.4,142.8,148.2,154.1,157.5,155.0
SEALER-0058,750,12:30,139.8,143.1,159.0,156.7,154.3,144.0,140.3,143.8,148.6,154.4,157.8,156.5
SEALER-0058,751,12:31,140.0,143.9,159.5,156.6,154.2,143.2,139.1,142.9,148.9,153.6,158.4,154.5
SEALER-0058,752,12:32,140.2,143.7,158.8,157.4,155.6,144.6,139.8,143.2,149.2,153.6,159.0,155.7
SEALER-0058,753,12:33,140.1,144.2,160.0,158.3,155.6,143.6,140.2,142.6,149.2,153.9,158.9,155.5
SEALER-0058,754,12:34,140.5,144.1,159.4,157.1,156.3,144.1,141.1,144.9,149.2,154.1,157.9,155.7
SEALER-0058,755,12:35,139.7,144.7,159.9,158.4,156.3,143.6,140.1,144.5,149.2,154.6,158.0,155.5
SEALER-0058,756,12:36,140.2,144.1,159.5,157.3,155.3,144.4,140.0,143.8,149.4,155.0,157.9,155.9
SEALER-0058,757,12:37,140.2,144.2,159.4,156.8,154.8,144.8,139.9,145.3,148.5,153.6,158.1,155.8
SEALER-0058,758,12:38,140.5,144.9,160.0,157.5,155.8,143.4,139.8,143.6,148.8,154.1,158.7,156.0
SEALER-0058,759,12:39,139.1,144.4,160.4,158.0,156.0,144.6,139.9,144.1,149.7,154.9,157.8,155.7
SEALER-0058,760,12:40,140.5,144.5,159.3,157.0,155.7,143.7,140.4,143.6,150.0,154.3,158.9,155.9
SEALER-0058,761,12:41,139.7,144.6,160.5,158.2,156.2,143.6,141.2,144.1,149.7,154.7,159.5,156.4
SEALER-0058,762,12:42,140.3,145.3,160.5,158.6,156.5,145.4,140.3,144.7,149.0,154.8,159.0,155.5
SEALER-0058,763,12:43,141.7,145.1,160.6,158.6,155.4,143.9,141.0,144.5,150.4,155.5,159.2,156.4
SEALER-0058,764,12:44,140.5,144.4,161.3,158.3,156.7,144.9,140.5,144.9,150.1,155.0,159.7,155.6
SEALER-0058,765,12:45,140.2,145.2,161.0,158.7,156.9,144.7,140.7,144.8,150.5,154.9,158.7,155.2
SEALER-0058,766,12:46,140.2,145.0,160.1,158.4,156.0,144.6,141.6,144.4,150.2,154.9,159.3,156.5
SEALER-0058,767,12:47,140.8,144.5,160.2,158.6,155.6,144.8,141.4,144.1,150.2,155.0,159.3,156.1
SEALER-0058,768,12:48,141.0,144.2,161.3,159.1,157.5,145.4,140.9,144.9,151.1,155.4,159.4,156.0
SEALER-0058,769,12:49,141.2,145.4,160.0,159.0,157.1,144.0,142.0,145.2,150.4,154.8,158.7,156.7
SEALER-0058,770,12:50,140.6,145.4,160.5,159.3,157.7,145.1,140.9,145.0,151.1,154.8,160.2,156.9
SEALER-0058,771,12:51,140.7,145.0,160.8,159.8,156.4,145.2,140.9,144.5,151.0,155.6,159.2,156.8
SEALER-0058,772,12:52,140.4,145.8,160.9,158.8,157.2,145.2,141.2,145.5,150.1,154.6,159.9,157.1
SEALER-0058,773,12:53,140.9,145.3,160.5,159.0,156.4,144.1,140.2,145.5,150.6,154.9,160.1,157.3
SEALER-0058,774,12:54,141.0,144.9,161.4,160.1,157.6,143.9,141.5,145.4,150.3,155.4,160.1,157.3
SEALER-0058,775,12:55,140.3,145.7,160.7,159.9,157.5,145.1,142.1,146.0,150.5,155.3,160.1,156.9
SEALER-0058,776,12:56,142.1,145.8,160.7,159.5,156.9,144.9,142.3,146.1,150.7,155.7,160.4,156.9
SEALER-0058,777,12:57,141.7,146.0,161.3,158.5,156.9,145.2,140.7,144.9,151.2,155.0,160.3,157.9
SEALER-0058,778,12:58,142.0,144.2,161.7,159.6,157.7,145.5,142.5,146.2,151.4,155.5,160.6,157.9
SEALER-0058,779,12:59,140.8,145.6,161.5,159.1,157.5,145.3,141.7,146.2,151.7,155.8,160.7,157.9
SEALER-0058,780,13:00,141.2,146.2,161.2,159.7,156.9,145.8,141.6,146.1,149.9,155.5,161.3,157.3
SEALER-0058,781,13:01,141.5,145.5,161.8,159.7,157.2,145.0,141.7,146.1,151.2,155.1,160.3,158.7
SEALER-0058,782,13:02,141.1,147.0,161.2,159.8,157.8,145.5,142.2,145.0,150.9,155.6,161.4,156.6
SEALER-0058,783,13:03,142.4,146.6,162.0,161.3,158.6,145.7,141.6,146.6,151.6,156.3,160.1,159.0
SEALER-0058,784,13:04,141.8,145.9,162.0,160.3,158.2,145.9,142.6,146.6,151.5,155.7,161.5,157.9
SEALER-0058,785,13:05,142.2,145.7,161.8,160.4,157.7,146.2,142.1,146.4,152.0,155.4,160.1,158.8
SEALER-0058,786,13:06,141.8,146.2,161.6,160.8,159.0,146.5,142.1,146.2,151.1,156.4,161.6,157.8
SEALER-0058,787,13:07,142.1,146.2,161.3,160.6,159.4,147.2,142.9,145.7,151.7,156.5,161.1,158.3
SEALER-0058,788,13:08,141.7,146.7,161.9,159.6,158.5,146.6,143.1,146.0,151.0,155.8,160.3,157.8
SEALER-0058,789,13:09,142.0,146.2,161.8,159.9,157.2,146.5,142.4,146.1,151.7,156.3,161.4,157.9
SEALER-0058,790,13:10,142.2,146.5,162.1,160.0,158.2,146.4,143.4,146.9,151.6,155.8,161.6,158.3
SEALER-0058,791,13:11,142.8,146.3,162.0,160.0,159.1,146.6,142.7,146.7,151.9,157.1,161.0,158.5
SEALER-0058,792,13:12,142.0,147.5,162.4,160.3,158.5,146.3,143.6,145.7,151.8,156.5,161.0,157.7
SEALER-0058,793,13:13,142.0,146.7,161.6,160.9,158.7,147.0,142.3,147.5,152.1,156.5,161.1,158.5
SEALER-0058,794,13:14,142.6,146.4,162.8,160.7,158.1,147.1,142.4,147.5,151.8,157.0,161.3,158.1
SEALER-0058,795,13:15,143.1,147.0,162.6,161.3,158.0,146.9,142.0,146.3,151.2,155.8,161.7,159.3
SEALER-0058,796,13:16,143.5,147.1,162.6,160.3,158.9,146.8,143.2,147.8,152.1,157.3,162.0,159.2
SEALER-0058,797,13:17,142.8,146.0,163.1,161.4,159.2,146.9,143.2,147.4,152.5,157.2,162.3,159.0
SEALER-0058,798,13:18,142.9,147.2,163.0,161.4,159.2,147.0,143.5,147.5,152.6,157.5,161.7,159.2
SEALER-0058,799,13:19,143.0,147.7,163.1,161.1,158.6,146.0,142.7,147.1,153.1,157.2,161.6,158.5
SEALER-0058,800,13:20,142.6,147.2,163.1,161.5,158.5,145.7,143.2,147.2,152.4,157.2,161.6,158.4
SEALER-0058,801,13:21,143.2,148.4,162.8,161.1,158.7,146.9,142.9,147.7,152.4,157.5,161.8,159.3
SEALER-0058,802,13:22,142.8,146.5,162.9,161.4,158.9,147.1,143.4,147.9,152.5,156.8,162.5,158.0
SEALER-0058,803,13:23,143.6,147.3,162.9,161.2,159.9,147.6,143.0,147.6,152.4,158.3,162.0,159.7
SEALER-0058,804,13:24,143.2,148.3,163.7,161.5,159.4,146.8,143.1,147.3,152.3,157.4,162.7,158.9
SEALER-0058,805,13:25,143.3,147.1,163.0,161.6,158.9,147.5,143.9,148.1,152.6,157.7,162.4,159.8
SEALER-0058,806,13:26,144.1,147.8,163.7,160.9,159.3,147.3,144.7,147.2,152.8,158.1,162.7,159.8
SEALER-0058,807,13:27,143.4,147.8,163.4,161.6,158.4,146.8,144.2,148.0,153.5,156.9,163.0,159.8
SEALER-0058,808,13:28,143.8,147.3,163.4,161.7,158.8,147.4,143.2,147.3,153.2,157.4,162.8,159.0
SEALER-0058,809,13:29,143.9,147.1,163.8,162.0,159.9,147.7,144.6,147.5,153.1,158.4,163.1,160.3
SEALER-0058,810,13:30,144.4,147.9,163.8,161.9,160.1,147.5,144.2,148.5,153.8,157.3,162.4,159.6
SEALER-0058,811,13:31,143.0,147.9,162.6,161.8,159.5,148.1,144.1,146.9,153.7,158.2,162.8,159.2
SEALER-0058,812,13:32,143.9,146.8,164.3,161.4,160.3,147.6,144.7,148.6,152.8,157.9,163.1,160.1
SEALER-0058,813,13:33,144.1,148.0,164.6,162.5,160.5,147.4,143.8,147.8,153.1,157.5,162.8,160.1
SEALER-0058,814,13:34,142.9,147.4,163.9,161.3,159.7,147.8,143.6,148.2,153.1,158.1,162.9,160.2
SEALER-0058,815,13:35,143.0,148.7,163.5,162.1,159.6,148.5,144.1,148.4,153.6,158.9,162.7,160.1
SEALER-0058,816,13:36,142.7,147.9,164.2,162.8,160.3,148.0,144.3,148.6,153.0,158.4,163.2,159.8
SEALER-0058,817,13:37,144.7,148.6,164.0,162.1,160.2,147.9,144.7,148.3,153.4,159.0,163.2,160.1
SEALER-0058,818,13:38,144.7,148.4,164.0,163.3,160.1,147.8,144.2,148.6,153.0,159.1,163.0,159.9
SEALER-0058,819,13:39,145.6,150.1,164.4,161.6,159.6,148.3,144.1,147.6,154.0,158.5,163.2,160.1
SEALER-0058,820,13:40,145.1,148.4,165.3,162.2,160.6,148.0,144.4,149.1,154.3,158.4,163.8,160.9
SEALER-0058,821,13:41,144.9,148.6,164.8,162.5,160.3,148.7,145.8,149.3,154.1,158.8,163.3,159.4
SEALER-0058,822,13:42,144.5,148.9,164.7,162.2,160.5,149.2,145.1,148.1,154.4,158.5,163.3,160.8
SEALER-0058,823,13:43,144.7,148.9,164.4,162.7,161.1,149.5,145.3,149.1,153.7,158.8,163.5,160.8
SEALER-0058,824,13:44,144.3,148.5,164.9,162.2,160.4,147.9,144.3,149.0,154.4,158.3,163.4,161.3
SEALER-0058,825,13:45,144.0,148.6,165.8,162.0,161.8,149.6,145.7,148.4,153.9,158.9,163.9,160.6
SEALER-0058,826,13:46,146.0,149.6,164.6,162.8,161.3,149.3,144.6,149.7,153.8,158.9,163.7,161.7
SEALER-0058,827,13:47,144.0,148.5,164.1,163.8,160.9,149.5,145.5,148.9,154.3,159.6,165.2,161.8
SEALER-0058,828,13:48,144.6,149.4,164.9,163.6,161.5,149.7,144.8,149.4,154.9,158.8,163.8,160.8
SEALER-0058,829,13:49,144.8,148.4,164.9,162.6,161.1,149.1,145.1,149.1,155.8,159.6,164.5,161.2
SEALER-0058,830,13:50,145.2,149.5,164.1,163.0,161.6,148.0,144.9,148.7,154.8,159.9,163.7,162.0
SEALER-0058,831,13:51,144.8,148.4,165.2,163.8,160.9,148.3,144.4,149.8,155.0,159.3,163.4,160.6
SEALER-0058,832,13:52,144.4,149.0,165.2,163.3,161.3,148.5,145.0,149.0,154.9,159.2,164.4,161.7
SEALER-0058,833,13:53,144.9,149.4,165.4,163.1,161.6,150.1,146.3,149.0,154.3,159.3,163.6,161.8
SEALER-0058,834,13:54,145.0,149.2,165.9,163.1,161.8,149.9,145.6,150.0,154.9,159.4,163.6,161.2
SEALER-0058,835,13:55,144.4,149.0,166.1,163.9,161.9,150.2,145.1,150.0,155.5,159.3,164.5,161.4
SEALER-0058,836,13:56,146.1,148.7,165.6,162.8,161.5,149.5,145.4,149.3,155.2,159.9,164.5,161.0
SEALER-0058,837,13:57,145.5,149.9,165.0,164.9,162.2,149.5,145.7,149.0,154.8,159.9,165.1,161.8
SEALER-0058,838,13:58,145.8,149.6,165.6,164.6,162.5,149.6,144.9,149.6,155.3,159.2,163.5,162.2
SEALER-0058,839,13:59,145.5,149.7,165.5,163.9,162.2,150.0,146.3,149.8,155.8,160.6,163.9,162.0
SEALER-0058,840,14:00,145.6,150.1,165.6,163.6,163.3,150.3,146.7,149.9,154.8,160.6,165.7,162.2
SEALER-0058,841,14:01,145.6,149.8,165.9,164.4,162.2,150.2,145.3,150.6,155.6,161.3,165.2,161.2
SEALER-0058,842,14:02,146.1,149.4,166.1,163.9,163.1,149.7,146.5,149.2,154.7,159.1,165.6,160.8
SEALER-0058,843,14:03,145.1,149.8,165.8,164.1,162.1,149.8,145.7,149.8,155.2,160.7,165.8,162.0
SEALER-0058,844,14:04,146.2,150.0,166.6,164.8,162.0,150.5,145.7,149.9,155.2,158.9,165.1,162.1
SEALER-0058,845,14:05,146.0,150.4,166.8,164.4,162.0,149.7,146.5,150.2,155.5,160.2,165.8,162.4
SEALER-0058,846,14:06,144.9,149.8,167.5,164.3,161.3,150.5,146.6,151.5,155.8,161.4,165.3,162.1
SEALER-0058,847,14:07,146.3,150.7,166.4,165.1,162.9,150.8,145.6,149.6,155.5,160.1,164.9,162.7
SEALER-0058,848,14:08,146.6,150.9,166.4,164.3,162.7,150.3,147.1,151.2,155.7,160.4,165.6,162.5
SEALER-0058,849,14:09,145.8,150.0,166.4,165.4,162.7,150.4,146.6,150.7,156.2,161.7,165.3,162.2
SEALER-0058,850,14:10,146.7,150.1,166.2,164.4,162.4,150.9,146.9,151.3,155.7,160.6,165.7,162.7
SEALER-0058,851,14:11,146.2,150.4,166.4,165.3,162.5,150.8,146.3,151.7,156.2,161.5,165.5,162.8
SEALER-0058,852,14:12,146.1,149.7,166.8,164.6,163.4,150.1,146.2,150.9,156.1,161.2,165.3,163.2
SEALER-0058,853,14:13,146.2,150.5,167.4,165.4,162.9,151.2,146.8,150.4,156.5,161.0,165.0,163.5
SEALER-0058,854,14:14,146.8,150.8,167.3,165.0,163.0,150.9,146.7,150.4,155.8,161.3,165.8,162.2
SEALER-0058,855,14:15,147.1,151.6,166.0,164.3,162.8,149.9,147.0,149.9,156.3,160.9,166.6,163.7
SEALER-0058,856,14:16,146.6,150.0,166.8,165.4,163.7,150.7,146.8,151.3,155.6,160.9,166.1,164.2
SEALER-0058,857,14:17,146.3,150.7,167.3,165.4,163.1,149.7,147.9,150.7,157.6,161.0,166.2,163.5
SEALER-0058,858,14:18,147.0,150.4,167.6,165.2,163.5,151.6,147.1,150.9,157.3,160.8,166.1,163.8
SEALER-0058,859,14:19,147.4,150.0,167.5,165.7,164.1,151.6,146.7,151.4,156.1,161.7,166.3,163.8
SEALER-0058,860,14:20,146.9,150.5,167.9,164.9,163.3,151.6,147.6,151.9,157.1,160.3,165.4,163.2
SEALER-0058,861,14:21,147.1,150.4,167.1,164.9,162.5,151.4,146.8,151.4,157.2,161.6,166.5,164.3
SEALER-0058,862,14:22,147.2,151.1,167.3,166.1,164.0,151.2,147.7,151.1,156.6,161.2,167.3,163.5
SEALER-0058,863,14:23,147.1,150.9,167.5,166.2,163.4,150.8,147.2,151.4,156.1,160.6,165.3,163.3
SEALER-0058,864,14:24,147.0,152.3,167.8,165.5,164.3,150.9,146.9,152.4,156.4,161.9,166.4,163.3
SEALER-0058,865,14:25,147.6,151.5,168.1,166.4,163.3,151.6,147.0,151.8,157.0,162.0,167.8,163.8
SEALER-0058,866,14:26,147.7,150.5,167.2,165.7,164.0,151.9,147.8,152.1,157.2,161.2,165.8,163.9
SEALER-0058,867,14:27,146.9,151.3,167.4,165.8,163.7,151.4,148.5,151.6,157.0,162.1,167.0,163.6
SEALER-0058,868,14:28,148.1,152.1,169.0,165.8,163.6,151.3,146.7,151.4,157.3,162.4,167.0,163.7
SEALER-0058,869,14:29,147.0,151.6,166.8,166.0,163.7,152.3,147.4,152.5,157.3,161.3,167.1,163.8
SEALER-0058,870,14:30,147.9,151.8,167.8,165.8,163.6,151.4,147.4,151.5,157.3,161.5,166.2,164.2
SEALER-0058,871,14:31,147.9,152.2,167.5,166.1,164.0,150.6,147.8,152.7,156.2,162.2,166.3,164.8
SEALER-0058,872,14:32,147.6,150.9,168.1,166.4,163.8,152.2,148.8,152.5,157.5,161.9,166.6,164.1
SEALER-0058,873,14:33,147.8,151.5,168.4,166.3,164.5,151.6,147.4,152.5,157.1,161.7,167.2,164.3
SEALER-0058,874,14:34,147.5,151.8,167.7,166.4,164.5,151.4,148.3,152.8,156.9,161.7,167.3,163.8
SEALER-0058,875,14:35,146.8,151.3,168.4,165.7,164.3,152.5,147.4,151.8,157.4,161.9,167.9,164.4
SEALER-0058,876,14:36,148.1,152.2,167.6,166.6,164.4,152.4,148.4,151.8,157.9,161.3,166.4,164.5
SEALER-0058,877,14:37,147.7,152.2,168.4,166.3,164.4,151.3,149.0,152.0,157.4,162.0,167.1,164.7
SEALER-0058,878,14:38,147.8,152.0,168.5,166.4,164.5,152.5,148.6,152.4,157.7,162.7,167.5,164.0
SEALER-0058,879,14:39,148.6,152.4,168.0,167.0,164.3,152.4,148.3,152.9,157.4,162.4,167.9,164.0
SEALER-0058,880,14:40,148.3,152.1,168.8,166.9,164.8,152.4,147.8,152.1,158.0,163.7,167.8,164.3
SEALER-0058,881,14:41,147.8,152.5,168.8,166.8,164.0,152.3,147.9,153.0,157.4,162.3,167.5,165.0
SEALER-0058,882,14:42,148.2,152.5,168.9,166.5,164.6,152.0,148.2,152.7,156.9,162.2,168.3,164.6
SEALER-0058,883,14:43,147.5,152.3,168.4,167.5,164.8,152.6,148.9,152.5,157.6,161.9,168.0,165.1
SEALER-0058,884,14:44,148.0,152.5,169.0,167.4,165.8,152.4,148.5,153.4,158.2,163.6,167.9,165.5
SEALER-0058,885,14:45,149.1,152.8,169.1,166.6,164.8,153.0,148.8,152.7,157.9,162.3,169.1,165.4
SEALER-0058,886,14:46,148.4,152.2,169.1,167.4,164.6,153.4,148.3,152.9,158.1,163.1,168.3,165.2
SEALER-0058,887,14:47,148.8,152.5,168.9,166.7,165.0,152.9,148.8,152.8,158.3,162.4,167.6,164.9
SEALER-0058,888,14:48,148.2,153.5,169.3,167.1,165.9,153.3,148.9,153.0,158.3,163.2,167.6,165.3
SEALER-0058,889,14:49,149.3,152.4,169.2,167.6,164.3,153.2,149.1,153.4,157.7,164.2,168.6,165.5
SEALER-0058,890,14:50,149.0,153.0,169.0,166.6,165.0,152.9,148.8,153.4,158.8,164.4,168.1,166.3
SEALER-0058,891,14:51,148.9,152.9,170.0,166.9,164.9,153.3,149.7,153.8,157.7,161.9,168.2,165.4
SEALER-0058,892,14:52,148.3,152.9,169.5,168.2,165.5,152.8,149.3,153.9,159.0,163.7,168.8,166.2
SEALER-0058,893,14:53,149.1,153.5,169.8,166.6,165.5,153.1,149.0,154.1,159.3,162.3,168.2,166.1
SEALER-0058,894,14:54,149.0,153.5,169.1,167.7,164.7,152.7,149.0,153.6,160.0,162.8,169.4,165.1
SEALER-0058,895,14:55,148.9,152.6,169.0,166.8,165.9,153.1,148.9,153.3,158.2,163.3,168.7,165.7
SEALER-0058,896,14:56,148.7,152.7,169.3,168.2,165.7,153.5,149.3,154.1,158.4,163.3,168.7,165.7
SEALER-0058,897,14:57,150.2,154.8,169.1,167.8,165.6,154.4,150.4,153.0,158.9,163.8,168.8,165.8
SEALER-0058,898,14:58,148.9,153.6,170.0,167.7,165.4,153.5,149.5,154.3,159.2,163.5,168.3,165.5
SEALER-0058,899,14:59,148.3,153.2,170.2,167.9,166.4,154.2,149.6,154.3,159.0,163.4,169.0,166.1
SEALER-0058,900,15:00,150.0,153.4,170.4,167.0,166.3,153.7,149.5,153.8,159.3,163.7,168.8,165.9
SEALER-0058,901,15:01,149.2,153.4,169.8,167.4,165.7,153.5,148.8,153.5,159.3,163.4,169.3,166.0
SEALER-0058,902,15:02,149.3,152.6,169.8,167.9,166.1,153.3,150.1,154.2,158.9,164.0,169.9,166.7
SEALER-0058,903,15:03,149.2,154.3,170.0,167.9,166.0,152.5,149.9,153.8,160.2,163.8,169.2,165.8
SEALER-0058,904,15:04,148.3,153.7,170.1,167.9,166.1,154.3,149.9,154.1,158.8,163.6,168.9,165.9
SEALER-0058,905,15:05,148.7,154.0,169.4,168.7,165.6,154.5,150.5,154.2,158.9,162.9,168.4,166.1
SEALER-0058,906,15:06,150.2,153.4,170.4,168.4,166.2,154.5,150.9,154.9,160.2,164.5,169.8,166.8
SEALER-0058,907,15:07,150.2,153.8,170.3,168.4,165.9,154.0,150.4,154.7,160.3,164.2,169.4,166.6
SEALER-0058,908,15:08,149.1,153.5,170.2,168.9,166.8,153.6,150.0,155.3,160.1,164.4,169.8,165.6
SEALER-0058,909,15:09,149.8,154.1,170.8,168.5,167.3,153.6,149.8,153.5,159.5,165.4,169.1,166.0
SEALER-0058,910,15:10,150.7,153.7,170.8,168.3,166.7,154.4,150.0,154.6,159.6,164.0,169.7,166.7
SEALER-0058,911,15:11,148.5,154.0,170.9,168.9,165.9,153.7,150.3,154.3,159.7,163.8,168.3,166.9
SEALER-0058,912,15:12,150.2,153.9,170.5,169.2,166.4,154.7,149.7,154.4,159.0,164.1,169.0,166.7
SEALER-0058,913,15:13,150.1,154.8,170.2,168.6,167.2,154.6,150.2,154.4,160.3,165.1,169.1,166.1
SEALER-0058,914,15:14,150.1,155.0,170.5,168.4,167.8,154.4,149.6,154.8,160.1,164.5,169.9,167.6
SEALER-0058,915,15:15,150.0,155.1,170.5,169.3,167.4,154.8,150.4,155.2,159.3,164.7,169.5,167.3
SEALER-0058,916,15:16,150.1,153.2,170.3,169.3,167.5,154.4,151.2,155.5,160.5,165.3,169.6,167.9
SEALER-0058,917,15:17,150.6,154.7,171.3,169.8,166.4,154.1,150.9,155.1,159.6,164.4,170.0,167.1
SEALER-0058,918,15:18,150.8,154.2,170.4,169.4,167.5,155.5,150.4,153.8,160.8,165.2,170.3,167.5
SEALER-0058,919,15:19,150.5,155.1,170.7,169.0,166.9,154.7,151.3,154.8,160.3,165.1,170.4,168.2
SEALER-0058,920,15:20,151.0,154.5,171.1,169.2,166.9,155.3,149.9,154.5,159.4,165.2,170.2,167.2
SEALER-0058,921,15:21,150.8,154.5,171.5,169.6,167.8,155.0,151.5,154.9,160.0,163.9,169.9,168.1
SEALER-0058,922,15:22,150.4,155.1,171.5,169.5,166.9,154.9,151.2,154.9,160.7,165.2,170.1,167.6
SEALER-0058,923,15:23,152.0,154.5,171.4,169.3,165.9,154.6,151.0,155.5,159.9,164.9,170.0,167.4
SEALER-0058,924,15:24,150.2,154.2,172.6,169.9,167.8,155.3,151.1,154.6,160.3,164.7,170.5,167.2
SEALER-0058,925,15:25,151.1,154.7,171.1,169.1,167.8,154.4,150.5,154.3,161.3,164.3,171.3,167.7
SEALER-0058,926,15:26,150.2,154.6,171.6,170.4,167.9,155.6,151.7,154.5,160.7,166.8,171.2,166.9
SEALER-0058,927,15:27,151.8,154.4,171.7,167.9,168.5,154.8,151.8,155.0,161.1,165.4,170.6,167.7
SEALER-0058,928,15:28,150.7,156.3,171.6,167.4,167.4,154.7,152.0,156.6,160.2,165.8,170.1,167.0
SEALER-0058,929,15:29,150.8,155.1,171.6,169.1,168.0,155.3,151.2,156.2,161.0,164.2,171.8,168.3
SEALER-0058,930,15:30,150.9,154.4,171.2,168.8,167.9,154.5,150.9,155.6,161.0,164.1,170.6,167.6
SEALER-0058,931,15:31,151.0,156.4,172.6,168.9,168.5,155.7,151.8,155.6,160.2,163.7,170.4,168.5
SEALER-0058,932,15:32,150.7,154.9,170.6,169.3,168.0,156.4,152.0,155.2,159.8,165.1,171.2,167.8
SEALER-0058,933,15:33,152.0,154.2,172.6,169.2,168.8,156.1,152.4,155.7,160.3,165.1,170.8,167.6
SEALER-0058,934,15:34,151.4,156.1,173.2,168.3,168.8,155.5,152.7,155.9,161.3,165.2,170.3,168.0
SEALER-0058,935,15:35,151.6,154.9,171.0,167.8,167.9,156.0,151.6,155.6,158.8,164.5,172.1,168.4
SEALER-0058,936,15:36,151.5,155.1,171.1,168.6,168.2,156.8,152.0,155.7,161.6,166.2,171.6,167.9
SEALER-0058,937,15:37,151.2,153.9,172.6,167.9,168.4,156.6,152.1,156.1,160.5,166.5,171.8,168.1
SEALER-0058,938,15:38,152.0,155.0,170.8,169.7,168.3,156.5,152.5,155.4,162.0,165.1,170.7,168.8
SEALER-0058,939,15:39,151.1,155.4,170.8,169.1,169.0,156.1,152.3,155.5,160.2,164.1,170.9,168.2
SEALER-0058,940,15:40,151.7,155.5,172.3,169.2,169.9,156.3,151.9,155.9,159.2,163.6,170.7,167.9
SEALER-0058,941,15:41,151.2,154.6,173.2,170.7,168.4,156.4,151.8,155.6,160.2,164.9,172.7,168.7
SEALER-0058,942,15:42,151.1,156.3,170.8,170.3,168.4,157.1,152.5,156.8,161.2,164.6,171.1,168.8
SEALER-0058,943,15:43,151.7,154.1,171.4,167.6,167.9,156.6,152.1,156.0,162.5,166.2,169.2,169.9
SEALER-0058,944,15:44,152.0,155.5,171.6,170.4,169.0,155.9,152.1,156.1,161.0,164.2,172.4,169.1
SEALER-0058,945,15:45,151.8,153.9,171.0,169.6,169.5,156.2,153.0,156.5,160.1,165.9,171.7,169.0
SEALER-0058,946,15:46,152.6,155.7,172.2,169.5,169.4,156.8,153.0,157.1,160.9,165.6,172.8,168.5
SEALER-0058,947,15:47,149.8,154.8,171.2,169.6,168.3,157.4,153.3,156.2,161.1,163.6,171.4,169.6
SEALER-0058,948,15:48,151.8,155.6,171.1,168.8,169.3,156.5,152.9,156.8,160.7,165.3,170.2,168.5
SEALER-0058,949,15:49,151.6,154.5,171.9,169.2,168.8,156.3,152.1,156.3,161.8,165.6,170.8,169.3
SEALER-0058,950,15:50,152.8,155.1,171.2,169.4,169.4,156.0,152.4,157.0,161.0,166.6,170.6,168.9
SEALER-0058,951,15:51,152.1,155.6,170.3,168.8,169.2,157.9,152.7,157.0,161.3,166.3,169.6,170.2
SEALER-0058,952,15:52,152.6,155.3,173.1,168.4,169.0,157.6,152.1,156.7,161.5,165.5,171.3,169.6
SEALER-0058,953,15:53,153.3,156.5,172.0,169.7,169.3,156.5,153.2,156.1,160.8,166.4,172.4,169.7
SEALER-0058,954,15:54,151.8,156.1,170.7,170.0,170.1,156.2,152.7,157.2,161.5,165.3,171.2,167.6
SEALER-0058,955,15:55,151.3,155.3,170.6,170.1,168.9,156.7,153.0,156.8,160.5,163.7,170.7,168.8
SEALER-0058,956,15:56,151.8,156.4,173.5,171.0,169.0,157.0,153.1,156.8,161.8,165.4,170.4,168.6
SEALER-0058,957,15:57,149.6,155.9,171.5,169.4,169.6,156.9,153.3,157.3,160.5,167.8,169.5,170.2
SEALER-0058,958,15:58,151.9,155.1,171.1,169.6,169.9,157.0,152.0,156.6,159.6,164.1,169.5,169.6
SEALER-0058,959,15:59,151.2,155.4,169.9,169.7,170.8,156.8,153.4,155.9,159.9,166.0,171.7,169.2
SEALER-0058,960,16:00,150.6,155.3,171.5,169.9,170.5,157.3,153.2,157.6,161.4,164.8,171.0,168.2
SEALER-0058,961,16:01,152.0,155.0,171.4,169.6,171.0,157.9,153.1,156.6,160.5,165.9,171.9,168.8
SEALER-0058,962,16:02,152.2,155.0,170.4,169.1,168.5,157.8,152.6,154.3,160.8,163.8,169.7,168.8
SEALER-0058,963,16:03,150.9,155.9,172.4,169.8,170.2,157.2,155.2,156.9,160.1,165.2,170.6,170.3
SEALER-0058,964,16:04,152.7,155.0,171.1,169.7,169.2,157.3,153.7,154.8,160.0,164.3,170.1,169.8
SEALER-0058,965,16:05,151.3,155.3,171.7,169.4,169.8,158.1,153.5,156.8,160.6,165.0,172.5,168.8
SEALER-0058,966,16:06,152.6,154.8,170.9,169.9,170.7,158.4,152.8,156.4,162.3,165.2,170.9,169.0
SEALER-0058,967,16:07,151.3,155.4,169.7,168.6,170.3,157.0,153.4,159.2,161.2,164.9,171.5,168.9
SEALER-0058,968,16:08,153.2,155.5,171.3,168.4,170.1,158.0,152.2,155.9,161.1,165.6,170.0,169.6
SEALER-0058,969,16:09,151.6,156.4,170.6,169.3,169.0,158.8,153.4,155.7,161.7,165.2,170.5,169.6
SEALER-0058,970,16:10,151.9,153.8,172.7,169.6,168.8,158.4,153.3,159.2,162.6,164.1,171.2,169.4
SEALER-0058,971,16:11,153.7,155.5,171.3,169.9,170.9,158.4,154.0,157.8,161.3,165.5,170.5,168.3
SEALER-0058,972,16:12,152.7,154.6,172.8,168.5,168.9,157.8,151.9,156.1,159.2,165.3,171.2,169.2
SEALER-0058,973,16:13,151.8,155.6,170.2,168.6,171.5,158.6,154.1,157.9,161.3,164.5,169.9,168.8
SEALER-0058,974,16:14,151.2,154.5,171.3,169.0,169.3,156.9,153.4,156.4,161.0,163.6,169.6,169.3
SEALER-0058,975,16:15,152.1,154.9,172.3,169.8,168.8,156.4,152.2,157.2,162.5,164.8,170.8,169.6
SEALER-0058,976,16:16,150.5,154.7,171.9,169.0,171.2,157.0,152.3,156.3,160.8,165.7,169.3,169.4
SEALER-0058,977,16:17,152.4,156.5,169.4,169.0,170.5,155.2,154.5,157.5,160.5,164.4,171.9,169.0
SEALER-0058,978,16:18,152.3,155.0,171.9,170.1,170.0,157.5,153.5,155.6,158.9,165.0,170.3,169.4
SEALER-0058,979,16:19,151.7,154.7,172.3,169.0,170.0,156.7,151.3,157.7,160.6,163.6,171.4,168.0
SEALER-0058,980,16:20,150.9,155.4,172.5,168.8,170.4,157.5,152.4,156.8,159.8,166.1,170.0,169.3
SEALER-0058,981,16:21,151.9,155.6,171.6,171.3,168.6,157.3,152.2,157.8,161.3,164.6,168.7,169.6
SEALER-0058,982,16:22,152.7,155.8,172.9,169.6,168.8,157.8,153.5,158.4,160.8,164.8,170.6,170.4
SEALER-0058,983,16:23,152.6,153.9,172.1,170.0,170.3,156.8,154.0,156.9,159.2,164.9,171.3,168.9
SEALER-0058,984,16:24,152.9,155.4,171.9,170.5,167.5,157.5,153.5,157.4,161.2,165.1,172.5,169.5
SEALER-0058,985,16:25,152.5,156.9,171.5,170.1,169.7,156.1,153.8,156.9,161.1,165.1,173.1,169.3
SEALER-0058,986,16:26,152.3,155.0,171.5,168.9,169.6,157.6,153.7,157.0,161.3,164.2,171.4,169.5
SEALER-0058,987,16:27,151.5,154.4,170.9,169.7,170.3,158.3,152.9,156.8,160.8,166.6,171.2,168.3
SEALER-0058,988,16:28,152.1,153.8,170.9,168.4,169.7,156.8,153.9,159.1,161.1,164.9,171.2,167.3
SEALER-0058,989,16:29,151.3,155.7,170.7,170.0,170.5,158.9,151.9,156.0,161.7,164.3,171.0,169.6
SEALER-0058,990,16:30,151.5,154.4,170.8,170.4,170.5,156.9,154.7,155.4,160.2,164.0,171.5,168.7
SEALER-0058,991,16:31,152.7,155.3,170.0,169.3,170.4,156.9,153.9,158.7,160.4,166.1,169.8,167.9
SEALER-0058,992,16:32,150.2,153.7,169.9,170.0,168.5,157.7,153.2,156.7,160.0,165.6,172.0,169.3
SEALER-0058,993,16:33,150.6,154.2,170.5,171.1,167.9,157.4,152.5,157.9,159.6,165.7,170.9,168.2
SEALER-0058,994,16:34,151.0,154.5,170.5,169.9,170.4,155.8,153.9,156.7,160.1,164.7,171.5,169.4
SEALER-0058,995,16:35,151.2,155.7,170.6,171.3,169.0,157.7,153.9,157.8,161.3,163.5,172.2,171.4
SEALER-0058,996,16:36,152.2,154.9,171.3,170.5,171.4,155.5,154.3,158.2,160.3,164.0,171.1,169.7
SEALER-0058,997,16:37,149.7,155.6,170.6,168.6,169.9,157.8,151.8,156.8,160.5,164.9,172.8,169.8
SEALER-0058,998,16:38,153.1,154.6,171.5,170.5,170.0,157.7,153.8,157.2,158.5,165.1,170.0,169.3
SEALER-0058,999,16:39,152.2,154.1,171.2,170.0,169.0,157.3,153.2,156.0,160.0,163.6,171.8,168.0
SEALER-0058,1000,16:40,150.9,154.8,171.5,170.0,170.7,157.7,152.9,155.8,161.2,165.3,172.4,170.6
SEALER-0058,1001,16:41,150.9,154.6,170.7,169.2,170.1,158.4,153.8,157.3,160.4,165.8,169.7,169.4
SEALER-0058,1002,16:42,152.0,155.5,171.3,169.1,169.7,158.0,152.8,157.8,161.0,165.7,171.6,168.2
SEALER-0058,1003,16:43,152.4,155.6,172.6,169.5,169.1,157.0,153.4,157.2,160.8,164.7,170.5,169.5
SEALER-0058,1004,16:44,151.9,157.1,171.7,170.3,169.2,158.5,154.1,156.6,161.5,165.8,171.1,168.8
SEALER-0058,1005,16:45,151.8,155.8,172.2,168.5,169.6,157.9,152.8,155.7,160.9,166.1,170.9,169.5
SEALER-0058,1006,16:46,151.1,155.1,170.7,169.6,170.0,156.6,152.6,156.1,161.6,165.9,169.6,168.4
SEALER-0058,1007,16:47,151.9,155.1,172.2,170.5,167.9,157.6,153.6,157.7,161.5,165.0,172.3,168.8
SEALER-0058,1008,16:48,150.4,155.6,171.4,169.9,169.7,158.6,153.1,155.8,160.4,164.8,170.7,168.9
SEALER-0058,1009,16:49,152.8,155.4,171.4,168.7,171.1,156.2,153.4,157.6,161.3,164.4,169.4,168.9
SEALER-0058,1010,16:50,151.2,153.8,172.4,168.5,170.0,158.4,154.1,154.9,161.2,166.3,170.0,168.8
SEALER-0058,1011,16:51,152.1,155.6,171.5,169.9,170.4,157.5,154.5,156.3,160.3,165.5,172.2,169.6
SEALER-0058,1012,16:52,151.6,155.1,171.4,170.9,170.4,158.3,152.7,159.1,161.9,163.8,168.8,170.8
SEALER-0058,1013,16:53,151.9,155.1,171.1,169.2,171.2,156.6,151.6,157.8,157.9,165.2,170.9,169.5
SEALER-0058,1014,16:54,152.8,156.0,171.0,170.1,168.2,157.9,153.5,158.5,162.3,165.8,170.4,168.9
SEALER-0058,1015,16:55,151.1,154.9,171.5,169.1,170.0,157.2,153.3,157.8,160.7,165.5,170.4,169.3
SEALER-0058,1016,16:56,153.3,154.4,171.0,169.2,169.8,158.7,152.8,158.0,161.4,166.5,170.9,170.0
SEALER-0058,1017,16:57,151.1,154.7,171.0,168.1,169.4,158.3,153.2,157.0,160.1,164.2,170.1,169.2
SEALER-0058,1018,16:58,152.0,154.2,171.7,170.7,170.4,158.0,151.9,157.3,161.1,165.5,171.9,168.7
SEALER-0058,1019,16:59,151.2,155.5,172.1,168.5,170.5,157.9,152.7,157.6,161.6,165.3,172.3,170.0
SEALER-0058,1020,17:00,152.1,156.3,171.1,169.3,169.6,157.5,154.5,156.7,160.5,164.9,170.0,170.6
SEALER-0058,1021,17:01,152.0,157.3,170.1,169.8,169.1,156.4,152.7,156.3,161.3,165.4,169.7,169.1
SEALER-0058,1022,17:02,151.5,154.3,170.1,169.5,171.5,158.0,152.4,157.2,160.0,164.6,170.1,169.9
SEALER-0058,1023,17:03,151.3,153.9,171.4,169.3,168.5,157.1,153.1,156.3,161.2,165.4,171.3,170.4
SEALER-0058,1024,17:04,152.6,156.1,170.6,168.1,169.7,157.4,153.7,155.5,160.4,165.5,171.2,167.9
SEALER-0058,1025,17:05,151.2,155.3,171.2,170.1,169.2,159.1,153.1,156.8,161.7,165.1,171.0,169.2
SEALER-0058,1026,17:06,151.6,156.4,171.6,169.9,169.3,158.3,153.6,157.2,161.5,165.5,170.4,169.1
SEALER-0058,1027,17:07,152.3,157.0,170.7,169.8,170.7,157.9,152.4,156.2,160.7,165.1,169.8,169.1
SEALER-0058,1028,17:08,150.6,155.5,171.0,168.4,170.2,156.9,152.9,156.4,159.6,164.5,171.9,167.8
SEALER-0058,1029,17:09,152.4,156.1,172.1,169.1,169.6,156.2,152.3,158.1,160.0,165.5,170.3,168.2
SEALER-0058,1030,17:10,151.6,154.2,171.5,170.6,167.4,156.6,151.9,157.1,162.5,165.9,170.3,169.7
SEALER-0058,1031,17:11,151.7,156.2,171.0,169.4,168.8,157.2,153.3,158.6,161.4,165.3,170.9,168.5
SEALER-0058,1032,17:12,151.8,155.4,170.6,169.7,169.0,157.3,153.9,156.6,160.6,164.0,172.3,168.8
SEALER-0058,1033,17:13,152.7,155.1,170.0,169.4,170.3,159.3,152.8,156.0,160.2,164.8,170.3,168.1
SEALER-0058,1034,17:14,150.8,153.9,171.5,170.3,170.8,157.0,153.3,157.2,161.0,163.2,171.7,170.4
SEALER-0058,1035,17:15,152.2,155.2,171.0,169.1,170.9,157.6,152.7,157.5,161.1,165.4,169.6,169.6
SEALER-0058,1036,17:16,150.9,154.3,170.8,168.5,171.1,156.8,153.6,157.2,161.6,163.2,172.4,168.4
SEALER-0058,1037,17:17,152.9,156.2,171.9,170.8,169.4,156.9,152.7,159.3,161.8,164.8,170.9,169.1
SEALER-0058,1038,17:18,151.6,154.2,169.8,169.2,169.5,157.4,153.5,157.0,159.9,165.6,171.1,168.0
SEALER-0058,1039,17:19,150.9,155.3,170.1,169.1,168.7,157.2,153.0,156.7,160.9,165.0,171.1,168.2
SEALER-0058,1040,17:20,152.1,155.0,172.1,168.8,170.1,158.4,154.0,155.8,160.6,164.9,169.7,166.9
SEALER-0058,1041,17:21,152.6,153.5,172.0,170.0,169.8,158.7,154.8,155.9,161.5,165.4,170.0,169.8
SEALER-0058,1042,17:22,151.1,154.6,171.0,169.7,169.0,157.6,153.7,157.0,161.0,166.1,171.9,169.1
SEALER-0058,1043,17:23,152.0,155.6,170.9,169.2,169.9,157.2,153.2,158.1,162.1,164.4,170.9,169.3
SEALER-0058,1044,17:24,150.5,155.0,171.9,170.8,169.6,158.9,154.4,155.8,161.4,164.9,172.6,167.4
SEALER-0058,1045,17:25,151.0,154.7,172.4,169.5,171.0,156.9,153.6,157.4,159.8,163.9,170.1,170.2
SEALER-0058,1046,17:26,150.0,156.5,171.0,170.1,168.8,156.4,153.8,156.8,160.1,164.8,170.2,169.8
SEALER-0058,1047,17:27,151.9,155.6,172.1,169.2,169.6,158.8,153.0,155.8,160.8,164.9,171.0,168.0
SEALER-0058,1048,17:28,152.9,155.1,171.2,170.2,171.1,158.1,154.2,156.9,161.6,164.6,171.1,169.2
SEALER-0058,1049,17:29,152.3,154.4,170.8,167.4,169.6,157.7,155.1,158.2,161.1,164.9,171.0,169.2
SEALER-0058,1050,17:30,150.4,155.5,171.6,168.7,170.3,157.7,152.3,157.6,160.9,165.4,171.9,168.8
SEALER-0058,1051,17:31,152.7,155.0,170.4,169.0,169.5,158.6,154.0,156.9,160.0,163.7,169.8,169.6
SEALER-0058,1052,17:32,152.3,154.0,170.9,169.7,171.0,157.6,153.9,157.7,160.0,166.3,172.8,171.1
SEALER-0058,1053,17:33,152.4,155.5,172.0,169.4,169.8,157.7,153.5,157.2,160.8,164.8,170.6,168.7
SEALER-0058,1054,17:34,152.5,156.5,170.9,170.6,169.3,158.3,154.6,158.3,160.2,164.4,172.0,168.9
SEALER-0058,1055,17:35,152.7,154.9,170.2,169.6,168.6,158.8,152.7,158.5,160.4,164.6,169.9,168.0
SEALER-0058,1056,17:36,150.6,154.1,172.2,170.4,171.2,157.4,152.7,157.4,162.0,165.6,171.3,168.3
SEALER-0058,1057,17:37,152.9,154.8,171.5,168.3,171.0,157.8,154.2,157.9,160.7,163.5,171.2,168.1
SEALER-0058,1058,17:38,153.3,155.2,170.5,168.4,169.0,157.9,152.6,156.8,161.4,164.1,170.8,168.3
SEALER-0058,1059,17:39,152.3,154.8,171.8,170.1,170.6,158.3,153.7,156.7,160.7,164.0,171.1,168.7
SEALER-0058,1060,17:40,152.0,155.5,170.5,168.7,168.9,158.3,153.1,157.6,159.9,164.1,170.4,170.3
SEALER-0058,1061,17:41,152.0,155.4,170.7,169.2,171.0,157.7,153.1,157.3,161.8,166.2,169.9,169.1
SEALER-0058,1062,17:42,152.0,155.8,171.8,169.7,171.0,159.4,154.1,156.6,161.4,164.1,171.7,168.0
SEALER-0058,1063,17:43,150.8,153.9,170.7,170.0,171.5,158.7,154.3,157.6,159.2,165.3,170.3,170.2
SEALER-0058,1064,17:44,151.3,154.1,170.3,168.7,170.4,159.4,151.6,157.3,160.3,164.9,168.2,168.3
SEALER-0058,1065,17:45,152.2,156.7,172.5,169.0,170.9,156.7,154.6,156.1,161.8,163.3,171.5,168.5
SEALER-0058,1066,17:46,151.1,155.3,171.7,169.3,169.8,157.4,154.1,156.8,160.4,164.6,172.0,169.9
SEALER-0058,1067,17:47,150.7,154.4,171.0,169.1,169.8,158.6,154.3,156.4,159.2,164.1,172.2,169.2
SEALER-0058,1068,17:48,151.0,154.6,170.4,170.4,170.6,158.9,152.2,157.2,162.2,166.8,171.0,170.8
SEALER-0058,1069,17:49,151.8,155.7,170.6,167.5,170.0,159.0,152.9,157.7,161.1,164.5,171.3,169.2
SEALER-0058,1070,17:50,152.4,154.5,171.2,167.2,170.2,157.2,154.0,157.1,160.7,166.0,171.8,170.3
SEALER-0058,1071,17:51,152.0,154.7,170.4,169.8,168.5,156.6,153.1,156.7,160.1,165.5,169.8,169.4
SEALER-0058,1072,17:52,150.7,153.8,171.1,170.1,169.3,159.2,153.7,156.1,160.5,165.1,169.6,169.7
SEALER-0058,1073,17:53,152.3,155.2,172.0,170.1,170.3,156.0,154.1,157.3,159.2,165.1,170.3,170.0
SEALER-0058,1074,17:54,151.9,153.6,171.1,169.6,169.9,155.9,154.8,157.3,160.6,166.4,171.2,168.9
SEALER-0058,1075,17:55,152.2,156.1,171.7,170.1,169.4,157.6,154.5,157.8,160.4,164.8,169.0,170.2
SEALER-0058,1076,17:56,152.8,155.6,172.6,169.9,169.0,156.1,154.3,157.4,160.4,164.7,170.8,170.2
SEALER-0058,1077,17:57,152.3,155.2,171.5,170.5,170.1,158.3,152.2,157.0,161.5,164.0,170.2,169.1
SEALER-0058,1078,17:58,150.9,155.9,170.6,170.2,169.6,156.9,154.7,157.5,160.8,165.6,171.0,169.9
SEALER-0058,1079,17:59,151.5,155.0,171.1,168.9,168.4,159.8,154.4,157.4,159.8,163.7,170.4,168.5
SEALER-0058,1080,18:00,151.8,154.8,172.0,169.2,170.2,157.1,154.3,158.0,160.8,165.4,171.2,169.2
SEALER-0058,1081,18:01,152.8,155.8,170.7,167.0,171.1,157.7,154.4,158.9,159.5,164.7,172.8,168.7
SEALER-0058,1082,18:02,152.0,155.4,171.5,170.2,170.6,157.5,151.9,157.3,160.0,165.8,170.9,169.5
SEALER-0058,1083,18:03,152.5,154.6,170.6,169.3,170.8,157.4,154.8,157.9,162.2,164.8,170.7,168.1
SEALER-0058,1084,18:04,151.1,155.1,171.2,169.7,169.8,157.8,152.9,157.2,159.4,163.3,171.8,167.5
SEALER-0058,1085,18:05,152.2,154.4,171.1,169.9,169.5,156.3,154.4,157.9,160.5,165.4,170.0,167.7
SEALER-0058,1086,18:06,151.2,155.3,170.5,169.9,171.0,157.2,153.6,157.8,160.8,164.2,170.4,169.7
SEALER-0058,1087,18:07,152.5,155.6,172.5,169.6,168.7,159.6,153.3,156.8,161.0,164.5,170.7,169.1
SEALER-0058,1088,18:08,152.8,154.4,170.5,168.9,169.6,155.4,152.0,158.1,161.2,164.5,171.3,168.6
SEALER-0058,1089,18:09,152.0,155.1,170.8,170.4,170.8,158.1,153.4,158.2,160.0,164.5,171.3,169.3
SEALER-0058,1090,18:10,150.1,156.0,171.7,170.0,170.6,156.8,154.2,155.5,161.1,164.4,169.3,168.4
SEALER-0058,1091,18:11,152.3,155.9,171.7,168.6,169.2,157.6,154.3,157.2,161.6,165.3,171.5,168.1
SEALER-0058,1092,18:12,152.2,154.8,171.3,170.2,170.8,156.9,154.0,157.6,161.1,163.7,170.5,169.3
SEALER-0058,1093,18:13,151.2,155.1,172.0,169.8,169.7,157.8,153.5,156.9,160.3,165.3,169.8,168.1
SEALER-0058,1094,18:14,150.4,154.4,170.4,169.0,170.2,159.0,152.4,158.7,160.3,167.1,170.7,168.4
SEALER-0058,1095,18:15,152.4,153.9,172.5,169.0,170.6,157.0,152.3,155.8,161.1,165.3,170.1,168.5
SEALER-0058,1096,18:16,153.7,153.6,171.8,169.4,169.1,156.8,153.6,157.4,160.8,164.4,172.8,169.3
SEALER-0058,1097,18:17,150.8,154.4,170.7,169.5,170.5,157.0,152.8,155.5,161.2,164.0,170.0,170.0
SEALER-0058,1098,18:18,152.1,155.1,171.2,169.1,170.1,157.5,153.0,155.3,160.1,164.5,172.3,167.7
SEALER-0058,1099,18:19,152.5,154.2,172.3,169.5,169.3,159.3,154.5,156.0,160.6,164.9,170.1,170.0
SEALER-0058,1100,18:20,150.7,156.1,170.3,168.3,169.7,158.8,153.4,156.7,160.6,165.0,170.7,169.1
SEALER-0058,1101,18:21,152.1,154.7,170.4,169.2,170.0,157.6,153.6,157.5,160.5,165.4,171.1,169.2
SEALER-0058,1102,18:22,151.9,155.7,170.8,169.2,169.8,159.7,152.7,158.5,160.2,165.0,169.5,168.0
SEALER-0058,1103,18:23,152.7,154.7,171.0,169.2,170.8,157.3,154.5,156.0,160.0,164.1,172.1,168.1
SEALER-0058,1104,18:24,151.6,157.1,170.8,169.8,171.3,157.5,152.1,157.2,161.7,163.0,171.8,167.1
SEALER-0058,1105,18:25,153.0,153.5,171.7,169.4,169.7,157.9,151.8,157.9,162.5,164.5,171.6,169.1
SEALER-0058,1106,18:26,151.5,154.8,170.9,169.3,168.4,157.6,152.4,158.0,159.7,165.0,171.6,169.6
SEALER-0058,1107,18:27,152.4,154.8,169.9,169.6,169.3,158.1,154.4,158.0,160.3,165.3,170.5,169.4
SEALER-0058,1108,18:28,152.2,155.5,171.8,171.3,171.1,156.5,153.2,158.1,159.1,166.1,171.5,168.1
SEALER-0058,1109,18:29,153.1,153.3,172.1,170.9,170.4,158.3,153.2,157.3,162.0,166.0,171.3,168.1
SEALER-0058,1110,18:30,152.6,154.5,171.7,168.9,168.6,157.7,153.8,157.9,160.5,163.7,172.0,169.8
SEALER-0058,1111,18:31,154.1,156.2,172.2,170.1,169.5,158.6,153.5,156.5,161.6,164.7,169.8,169.2
SEALER-0058,1112,18:32,152.7,156.5,173.0,167.5,170.2,157.1,153.3,158.3,162.6,164.3,171.5,169.8
SEALER-0058,1113,18:33,150.8,155.3,171.3,168.2,169.7,156.9,153.4,158.2,161.0,164.3,171.5,166.8
SEALER-0058,1114,18:34,150.7,156.2,171.0,169.2,170.3,160.1,154.1,157.2,162.5,165.3,171.3,168.5
SEALER-0058,1115,18:35,151.1,153.4,172.1,169.6,169.8,156.1,151.6,156.2,162.0,166.1,171.8,168.3
SEALER-0058,1116,18:36,151.1,154.8,173.2,168.3,170.0,157.4,153.9,156.4,161.4,164.1,172.4,168.3
SEALER-0058,1117,18:37,152.3,155.6,171.3,170.2,169.7,156.9,154.4,157.6,159.9,164.8,170.5,169.2
SEALER-0058,1118,18:38,152.0,154.7,170.7,168.7,170.2,157.9,154.2,156.7,161.5,164.5,172.1,170.2
SEALER-0058,1119,18:39,151.3,155.2,171.2,169.9,169.9,157.1,154.8,157.1,159.2,163.7,169.3,169.6
SEALER-0058,1120,18:40,151.5,155.1,171.1,169.8,170.9,158.2,154.5,156.8,160.1,166.2,170.7,169.4
SEALER-0058,1121,18:41,152.3,155.4,171.0,168.1,168.1,156.8,153.8,157.0,160.4,166.4,170.4,169.5
SEALER-0058,1122,18:42,152.5,155.3,172.4,169.6,169.4,156.8,153.2,157.4,159.3,165.4,171.3,168.4
SEALER-0058,1123,18:43,151.1,155.3,171.8,168.4,170.5,157.6,153.6,156.7,161.1,165.0,171.4,167.4
SEALER-0058,1124,18:44,150.6,155.8,170.8,169.0,169.0,158.4,152.7,157.6,161.1,166.9,170.2,168.0
SEALER-0058,1125,18:45,154.0,154.9,172.6,168.0,169.5,156.6,153.1,157.5,161.2,164.7,169.9,168.5
SEALER-0058,1126,18:46,150.4,155.3,171.1,169.9,169.4,156.4,153.3,157.6,161.4,164.5,169.5,169.4
SEALER-0058,1127,18:47,151.3,154.7,171.2,169.7,168.8,156.6,152.5,158.3,161.8,164.0,170.6,170.9
SEALER-0058,1128,18:48,152.5,155.3,171.5,169.4,169.4,158.2,151.6,155.6,160.7,165.0,171.8,168.9
SEALER-0058,1129,18:49,151.2,156.7,171.4,169.9,172.0,156.8,153.7,156.6,160.3,165.0,172.6,167.7
SEALER-0058,1130,18:50,152.0,155.0,170.5,168.5,170.0,158.2,151.9,158.4,161.3,163.4,170.3,167.5
SEALER-0058,1131,18:51,150.4,155.5,170.4,169.1,169.2,158.0,153.8,156.1,161.8,165.8,169.7,169.5
SEALER-0058,1132,18:52,152.1,153.5,172.0,170.6,170.0,157.6,155.1,157.4,160.3,164.8,170.9,169.1
SEALER-0058,1133,18:53,150.5,154.7,170.5,169.1,169.5,157.1,153.0,158.0,161.0,165.4,171.2,170.1
SEALER-0058,1134,18:54,151.2,155.7,172.1,169.7,169.0,158.8,153.3,157.8,162.6,164.8,169.6,169.4
SEALER-0058,1135,18:55,150.6,153.2,171.2,169.4,168.7,158.2,153.8,157.2,160.9,164.8,171.4,168.6
SEALER-0058,1136,18:56,152.3,155.4,170.2,168.9,170.9,159.1,152.6,156.7,160.5,164.9,170.9,168.0
SEALER-0058,1137,18:57,151.8,155.3,171.3,167.5,169.2,156.7,152.5,158.4,160.3,165.8,170.8,168.7
SEALER-0058,1138,18:58,152.9,153.6,171.2,169.5,169.9,158.3,153.8,157.4,159.9,164.6,170.0,168.2
SEALER-0058,1139,18:59,151.0,153.7,172.3,169.0,170.6,157.7,153.0,157.9,161.9,167.1,171.7,168.9
SEALER-0058,1140,19:00,151.4,154.4,170.4,169.0,170.7,157.2,153.1,156.3,159.8,164.2,172.2,168.9
SEALER-0058,1141,19:01,154.3,155.4,172.9,170.9,171.2,157.6,153.0,158.0,160.3,165.8,170.9,169.4
SEALER-0058,1142,19:02,149.8,153.6,170.7,169.8,169.9,157.3,153.4,156.7,160.7,165.2,170.1,168.4
SEALER-0058,1143,19:03,151.2,155.1,171.6,167.9,168.6,157.6,152.4,157.1,160.7,165.2,171.3,169.3
SEALER-0058,1144,19:04,151.9,154.9,170.6,168.4,169.9,157.5,153.3,158.6,158.5,163.3,170.8,170.2
SEALER-0058,1145,19:05,152.1,153.8,171.1,169.3,168.7,157.0,153.6,157.8,160.9,164.9,171.4,168.4
SEALER-0058,1146,19:06,150.8,155.5,171.4,170.4,170.4,156.3,153.0,156.7,160.4,164.9,170.3,168.4
SEALER-0058,1147,19:07,151.2,155.6,171.6,168.4,169.6,156.9,154.3,156.1,160.4,163.6,172.7,168.5
SEALER-0058,1148,19:08,151.9,155.8,171.3,170.0,169.2,157.2,153.8,157.6,160.5,164.2,170.9,168.5
SEALER-0058,1149,19:09,150.7,153.8,171.1,169.5,170.3,157.6,153.8,156.5,162.6,164.5,169.6,169.2
SEALER-0058,1150,19:10,153.3,155.4,170.8,168.8,169.4,158.5,153.0,157.0,160.6,166.1,170.1,168.3
SEALER-0058,1151,19:11,151.7,154.9,172.9,169.8,169.5,157.6,154.5,156.0,159.3,165.1,171.9,169.7
SEALER-0058,1152,19:12,150.5,156.0,172.5,169.9,171.3,157.2,153.7,156.1,160.0,166.5,169.8,168.2
SEALER-0058,1153,19:13,151.7,153.9,171.1,169.7,168.2,157.2,152.5,156.7,160.7,165.5,170.8,168.1
SEALER-0058,1154,19:14,152.1,154.0,170.9,169.3,168.4,156.6,152.6,158.0,160.5,164.6,171.1,168.5
SEALER-0058,1155,19:15,151.3,154.4,170.6,168.9,170.1,157.1,154.2,157.6,159.8,165.9,172.1,170.4
SEALER-0058,1156,19:16,152.0,154.2,172.3,170.3,169.5,156.4,154.5,156.3,162.6,165.1,171.8,170.1
SEALER-0058,1157,19:17,153.5,154.6,171.1,169.5,170.1,158.4,153.1,157.0,160.7,167.4,168.0,168.2
SEALER-0058,1158,19:18,152.0,156.0,171.9,171.1,169.3,157.2,154.0,156.5,161.3,164.5,172.3,169.5
SEALER-0058,1159,19:19,151.7,157.0,170.8,170.8,170.1,156.6,152.6,156.6,160.9,165.5,172.4,168.1
SEALER-0058,1160,19:20,152.7,155.5,172.8,169.5,168.8,157.9,151.9,155.5,162.6,162.5,170.2,169.8
SEALER-0058,1161,19:21,150.3,156.0,172.2,167.7,169.4,156.2,153.4,157.5,160.8,165.1,171.2,168.6
SEALER-0058,1162,19:22,152.5,155.1,172.0,171.2,169.8,157.9,153.6,157.5,160.0,165.2,170.6,166.8
SEALER-0058,1163,19:23,152.8,155.1,172.3,170.3,168.7,158.1,153.6,157.2,161.5,164.5,169.9,169.3
SEALER-0058,1164,19:24,152.3,156.7,172.6,169.3,169.7,157.4,153.9,158.0,161.2,165.2,171.2,167.8
SEALER-0058,1165,19:25,153.4,155.8,170.0,170.4,171.0,158.1,152.7,157.1,158.8,164.3,170.5,168.4
SEALER-0058,1166,19:26,151.5,156.1,172.3,170.3,170.2,157.6,152.6,156.2,162.1,165.5,171.5,171.7
SEALER-0058,1167,19:27,151.6,154.1,170.9,169.4,168.4,157.3,153.5,154.6,161.4,164.3,172.5,167.2
SEALER-0058,1168,19:28,153.0,154.2,171.4,169.5,170.0,157.3,152.9,157.5,160.7,165.3,170.8,169.4
SEALER-0058,1169,19:29,152.1,155.8,171.2,169.4,168.9,157.4,153.6,157.6,161.7,165.5,171.1,170.2
SEALER-0058,1170,19:30,151.7,153.6,172.0,169.2,169.6,158.7,153.0,157.2,161.2,166.0,169.6,168.7
SEALER-0058,1171,19:31,150.4,154.8,170.9,170.0,170.1,159.3,152.5,155.8,160.5,164.5,172.9,168.3
SEALER-0058,1172,19:32,150.3,156.7,170.2,169.3,169.5,157.6,151.9,156.3,160.2,165.4,169.1,167.1
SEALER-0058,1173,19:33,152.7,154.8,171.9,170.4,168.5,156.6,152.7,158.2,161.0,164.9,171.8,166.5
SEALER-0058,1174,19:34,152.9,156.0,171.4,169.8,170.4,157.7,154.4,158.7,160.8,164.7,171.2,170.6
SEALER-0058,1175,19:35,151.4,154.8,172.3,168.8,169.8,159.2,154.1,157.8,160.1,165.3,170.8,170.6
SEALER-0058,1176,19:36,151.1,154.7,170.5,169.3,170.4,158.4,153.2,156.9,161.0,164.7,170.5,169.5
SEALER-0058,1177,19:37,151.7,152.5,170.9,168.9,169.1,159.7,153.0,155.9,161.2,165.0,171.4,170.4
SEALER-0058,1178,19:38,151.1,155.3,169.6,167.9,171.3,157.9,154.7,157.3,160.3,163.9,170.6,167.7
SEALER-0058,1179,19:39,151.7,154.8,170.5,169.6,170.9,156.5,153.2,157.1,160.3,165.2,170.7,168.8
SEALER-0058,1180,19:40,151.2,155.6,171.4,168.4,169.1,159.1,153.1,157.2,161.2,166.6,170.6,170.8
SEALER-0058,1181,19:41,151.0,155.1,171.0,169.5,171.1,156.5,153.7,156.0,161.5,164.3,172.1,170.7
SEALER-0058,1182,19:42,152.7,155.8,171.9,170.0,169.8,157.3,152.8,158.4,161.8,164.5,169.3,168.7
SEALER-0058,1183,19:43,152.3,156.0,172.3,168.4,169.7,157.8,152.6,157.7,161.0,166.1,170.2,170.2
SEALER-0058,1184,19:44,152.7,154.2,172.8,169.9,169.0,156.8,153.2,157.6,161.0,165.3,171.3,168.8
SEALER-0058,1185,19:45,151.8,155.3,171.7,168.5,170.1,157.2,154.3,158.2,161.5,164.6,170.4,168.4
SEALER-0058,1186,19:46,152.0,156.3,172.4,168.7,168.9,157.9,153.5,156.3,160.7,164.8,169.5,167.3
SEALER-0058,1187,19:47,151.3,155.7,169.7,170.1,169.0,156.7,152.7,156.4,162.6,165.1,172.0,168.8
SEALER-0058,1188,19:48,152.6,154.5,172.6,169.2,169.6,156.9,152.3,156.7,161.8,166.6,172.2,168.4
SEALER-0058,1189,19:49,150.4,154.4,171.6,168.8,169.4,159.1,154.4,157.1,159.9,165.0,170.1,168.9
SEALER-0058,1190,19:50,152.1,155.6,172.4,168.7,171.8,157.7,153.8,156.5,159.7,165.1,170.9,169.9
SEALER-0058,1191,19:51,151.2,153.7,172.0,168.9,170.1,158.2,152.3,157.1,160.4,166.3,172.4,167.8
SEALER-0058,1192,19:52,151.8,153.9,170.5,171.5,168.5,156.5,153.2,158.3,160.3,164.6,170.4,170.4
SEALER-0058,1193,19:53,151.5,154.5,171.7,168.7,170.2,158.3,152.5,156.1,160.8,165.1,171.7,171.0
SEALER-0058,1194,19:54,150.8,155.7,172.9,169.8,169.5,157.4,151.9,155.1,160.5,164.2,171.1,168.2
SEALER-0058,1195,19:55,152.7,156.0,171.5,169.2,171.0,158.0,153.1,158.3,162.0,164.7,170.6,168.4
SEALER-0058,1196,19:56,151.7,155.9,170.3,168.9,169.0,158.2,154.1,157.7,161.3,165.9,171.4,167.6
SEALER-0058,1197,19:57,151.2,154.8,171.0,169.2,169.6,156.5,151.5,156.9,163.4,165.3,170.1,169.7
SEALER-0058,1198,19:58,151.6,156.4,171.5,168.4,169.5,157.6,153.3,158.8,160.8,165.1,169.7,171.8
SEALER-0058,1199,19:59,151.8,153.8,172.8,168.4,168.2,158.7,153.7,157.3,161.5,164.3,170.4,168.5
SEALER-0058,1200,20:00,150.2,154.2,171.2,170.7,170.4,158.3,152.8,155.8,161.7,164.7,170.2,167.6
SEALER-0058,1201,20:01,152.0,154.8,171.9,170.3,169.6,156.0,151.9,155.9,160.2,165.2,170.5,168.8
SEALER-0058,1202,20:02,152.4,155.3,169.7,169.0,171.1,157.2,154.1,157.6,160.5,167.0,170.8,169.7
SEALER-0058,1203,20:03,152.8,155.2,171.0,168.5,170.6,158.1,154.3,156.9,160.9,165.6,168.6,168.2
SEALER-0058,1204,20:04,153.4,156.2,170.6,169.7,169.5,157.0,155.1,159.2,161.1,165.6,169.2,170.5
SEALER-0058,1205,20:05,151.0,155.7,171.0,168.7,170.0,157.7,152.2,157.7,161.3,164.7,171.2,168.6
SEALER-0058,1206,20:06,151.6,155.6,170.9,170.2,170.6,157.6,153.5,156.6,159.5,165.7,170.0,168.0
SEALER-0058,1207,20:07,153.0,154.3,171.9,169.3,169.4,156.4,152.5,155.9,161.3,166.5,172.2,168.4
SEALER-0058,1208,20:08,152.7,155.9,171.3,170.3,168.9,157.6,153.0,157.1,160.4,166.7,170.1,169.9
SEALER-0058,1209,20:09,150.2,154.9,170.0,167.4,170.6,157.6,153.4,156.2,162.0,165.3,171.0,168.9
SEALER-0058,1210,20:10,151.6,155.6,170.8,168.9,169.3,156.6,152.5,156.7,159.3,164.6,170.7,169.7
SEALER-0058,1211,20:11,151.6,156.2,170.5,169.9,170.8,157.6,154.1,157.3,161.3,166.3,170.9,169.3
SEALER-0058,1212,20:12,152.7,155.0,168.6,169.4,168.8,157.1,153.8,157.9,161.3,163.4,171.4,170.1
SEALER-0058,1213,20:13,151.7,155.0,172.1,169.4,170.4,158.3,152.2,155.5,160.6,165.3,169.8,169.3
SEALER-0058,1214,20:14,152.7,155.8,171.4,169.4,168.7,157.3,152.4,157.2,158.6,165.4,169.6,170.2
SEALER-0058,1215,20:15,150.9,154.8,172.5,169.1,169.3,157.8,153.4,156.4,161.0,166.3,170.1,168.5
SEALER-0058,1216,20:16,151.6,155.5,169.7,169.0,170.5,157.0,153.6,156.9,160.9,164.9,170.8,169.0
SEALER-0058,1217,20:17,151.4,155.3,170.7,169.7,171.5,155.4,152.7,158.5,159.3,164.6,170.4,170.0
SEALER-0058,1218,20:18,153.0,154.2,171.1,168.1,170.4,157.1,153.9,157.6,160.2,164.6,170.0,170.8
SEALER-0058,1219,20:19,152.4,153.6,171.6,169.6,169.2,157.1,151.7,156.7,160.4,165.2,169.9,170.2
SEALER-0058,1220,20:20,152.4,154.8,171.0,168.8,169.1,157.1,152.6,157.6,160.1,164.4,170.5,169.4
SEALER-0058,1221,20:21,152.0,156.6,170.9,169.3,169.2,158.1,153.1,156.6,160.8,164.4,170.6,168.2
SEALER-0058,1222,20:22,151.1,153.8,170.1,170.7,169.4,159.4,154.5,156.8,160.9,166.0,170.7,170.1
SEALER-0058,1223,20:23,153.1,155.3,171.6,170.3,169.6,157.4,153.5,155.5,161.1,164.0,170.5,169.3
SEALER-0058,1224,20:24,151.8,154.7,171.2,169.9,171.9,157.3,152.7,158.8,160.8,165.7,172.5,169.1
SEALER-0058,1225,20:25,150.8,154.5,171.8,170.1,168.1,157.6,152.2,158.2,162.8,164.4,171.9,168.3
SEALER-0058,1226,20:26,152.7,155.5,172.4,169.7,170.2,156.6,152.5,157.5,161.0,167.3,171.6,169.4
SEALER-0058,1227,20:27,151.1,154.8,171.9,168.5,171.4,157.3,154.0,158.1,161.1,164.8,171.9,170.0
SEALER-0058,1228,20:28,151.8,154.0,171.1,169.9,171.1,157.5,152.9,158.1,161.5,165.2,172.2,168.6
SEALER-0058,1229,20:29,152.8,153.0,172.5,167.6,169.8,158.0,152.0,159.9,161.2,166.1,171.1,168.7
SEALER-0058,1230,20:30,151.8,155.5,171.9,170.6,170.6,157.9,152.5,157.9,161.1,164.8,170.1,168.9
SEALER-0058,1231,20:31,152.1,155.3,171.3,168.8,169.5,157.5,152.7,156.7,158.8,164.3,170.9,168.9
SEALER-0058,1232,20:32,150.2,155.2,171.8,169.5,170.3,156.6,152.5,156.2,160.3,165.1,172.3,168.5
SEALER-0058,1233,20:33,152.7,155.4,173.8,170.8,169.7,156.9,154.0,156.3,159.8,163.4,170.5,168.4
SEALER-0058,1234,20:34,152.6,154.6,171.4,168.0,169.1,157.1,152.8,156.1,160.3,163.9,171.6,170.6
SEALER-0058,1235,20:35,152.1,155.4,171.3,170.9,171.6,157.5,153.5,157.2,160.8,165.0,170.3,169.8
SEALER-0058,1236,20:36,151.8,155.1,171.5,171.4,169.3,156.1,154.2,156.9,161.4,163.7,171.7,168.2
SEALER-0058,1237,20:37,152.0,153.5,172.7,170.4,169.6,158.2,152.9,157.3,163.0,165.4,170.6,168.2
SEALER-0058,1238,20:38,151.4,154.5,171.8,170.1,170.0,156.9,154.0,156.9,162.6,165.1,171.8,169.7
SEALER-0058,1239,20:39,151.5,156.7,171.1,169.4,170.6,157.6,153.4,155.0,160.9,166.1,170.5,169.2
SEALER-0058,1240,20:40,150.7,153.2,169.7,171.0,170.3,157.3,153.4,157.7,160.6,164.4,169.7,168.5
SEALER-0058,1241,20:41,152.3,154.0,172.4,170.1,170.5,156.2,153.3,156.9,161.0,165.6,170.4,169.6
SEALER-0058,1242,20:42,152.0,154.9,170.8,170.4,168.9,157.4,153.4,156.8,161.4,163.6,171.4,169.8
SEALER-0058,1243,20:43,151.3,153.9,173.5,168.8,169.7,158.0,152.7,157.3,160.3,166.1,171.6,167.6
SEALER-0058,1244,20:44,152.8,154.3,171.4,169.8,169.9,159.3,152.0,157.8,161.9,166.3,170.8,170.1
SEALER-0058,1245,20:45,151.0,154.9,171.1,169.2,169.4,156.9,153.1,156.7,162.2,163.7,170.4,169.3
SEALER-0058,1246,20:46,149.9,155.2,172.0,168.9,169.3,154.8,152.3,157.5,161.6,164.6,170.9,169.3
SEALER-0058,1247,20:47,152.5,155.6,171.5,169.9,170.2,157.4,153.5,157.0,159.3,166.4,171.0,170.1
SEALER-0058,1248,20:48,152.1,155.5,172.2,170.6,170.6,157.9,153.0,156.5,160.6,167.0,170.3,168.3
SEALER-0058,1249,20:49,150.6,154.9,172.5,170.0,171.6,157.6,152.9,157.4,162.6,165.3,171.7,169.7
SEALER-0058,1250,20:50,152.9,154.8,170.3,169.5,169.7,157.6,153.8,157.1,160.3,165.4,169.7,168.6
SEALER-0058,1251,20:51,153.3,154.8,172.0,169.1,171.2,157.0,154.6,158.1,162.0,165.2,171.3,169.4
SEALER-0058,1252,20:52,152.2,154.2,170.2,169.5,169.4,159.5,153.2,156.3,162.1,164.5,171.1,169.0
SEALER-0058,1253,20:53,151.4,155.7,171.3,170.0,169.0,157.8,154.2,159.0,160.6,165.5,170.2,167.5
SEALER-0058,1254,20:54,151.0,155.7,171.1,168.8,169.1,158.3,153.0,157.3,160.2,165.3,169.9,171.5
SEALER-0058,1255,20:55,151.3,156.2,171.6,168.9,168.3,157.1,152.4,157.7,161.7,164.3,170.3,168.0
SEALER-0058,1256,20:56,152.1,154.5,170.9,169.4,169.4,158.0,154.0,157.3,161.6,165.0,172.4,170.7
SEALER-0058,1257,20:57,151.0,154.7,168.9,170.1,168.3,156.8,153.5,157.6,160.1,164.6,171.8,168.2
SEALER-0058,1258,20:58,151.7,154.0,171.9,169.7,168.6,157.1,153.3,156.5,161.1,165.2,170.2,169.8
SEALER-0058,1259,20:59,150.5,155.7,172.4,169.6,169.0,158.0,153.9,155.8,159.6,165.8,168.1,169.9
SEALER-0058,1260,21:00,152.2,155.3,171.2,170.9,170.6,157.3,153.0,158.5,160.4,163.8,171.9,168.9
SEALER-0058,1261,21:01,151.2,154.6,170.4,171.7,171.0,159.1,153.7,155.8,160.9,165.2,171.5,168.9
SEALER-0058,1262,21:02,152.9,156.8,171.9,169.1,170.5,157.3,152.2,157.3,161.0,164.5,172.1,170.1
SEALER-0058,1263,21:03,152.0,155.6,172.6,169.4,170.4,158.4,153.3,157.7,160.9,164.3,170.9,170.4
SEALER-0058,1264,21:04,152.1,155.3,171.1,170.1,169.6,158.6,153.7,155.9,160.4,165.6,172.6,170.7
SEALER-0058,1265,21:05,151.3,154.4,170.1,169.1,171.1,157.8,153.0,157.6,161.3,164.6,169.3,169.4
SEALER-0058,1266,21:06,152.5,155.2,169.7,169.6,170.2,156.0,153.4,156.8,161.0,165.8,169.9,170.8
SEALER-0058,1267,21:07,149.9,155.4,169.6,169.4,168.7,158.8,152.3,156.4,160.2,164.9,171.4,169.7
SEALER-0058,1268,21:08,154.0,155.6,171.3,168.0,170.3,157.7,152.4,159.0,162.4,165.8,169.2,168.8
SEALER-0058,1269,21:09,152.0,156.0,171.2,169.6,169.1,157.7,153.6,157.8,160.6,164.6,171.5,168.7
SEALER-0058,1270,21:10,153.5,154.8,171.6,169.1,168.5,157.7,154.0,155.9,161.6,166.0,168.3,169.0
SEALER-0058,1271,21:11,150.8,154.7,169.1,170.1,170.6,157.3,153.4,157.5,160.6,165.9,170.7,169.1
SEALER-0058,1272,21:12,151.8,153.6,171.6,169.7,170.8,157.4,153.1,157.6,161.9,164.8,172.9,169.0
SEALER-0058,1273,21:13,151.4,153.7,171.0,169.7,169.9,157.1,153.9,157.8,160.9,166.3,171.8,169.1
SEALER-0058,1274,21:14,151.5,155.7,170.7,168.6,169.9,158.2,152.7,157.7,159.9,163.1,170.4,169.3
SEALER-0058,1275,21:15,152.1,155.7,173.3,169.2,169.1,157.5,154.1,156.3,160.0,163.9,170.9,169.1
SEALER-0058,1276,21:16,152.0,154.1,171.9,172.2,170.3,156.6,152.4,158.4,161.4,165.6,171.8,168.3
SEALER-0058,1277,21:17,150.5,155.8,171.8,168.7,170.3,158.6,153.7,156.6,159.8,163.5,172.4,169.1
SEALER-0058,1278,21:18,151.5,154.1,171.7,168.2,170.6,156.3,150.9,157.8,162.1,166.0,171.9,168.8
SEALER-0058,1279,21:19,150.8,154.5,171.5,168.9,171.4,157.9,152.8,156.6,163.0,165.4,169.8,169.2
SEALER-0058,1280,21:20,150.6,155.8,170.2,170.9,169.4,157.1,153.2,157.1,160.3,164.3,171.6,168.2
SEALER-0058,1281,21:21,152.3,153.4,172.2,168.4,170.9,157.3,154.2,156.1,159.2,165.2,170.3,170.2
SEALER-0058,1282,21:22,152.5,154.4,172.1,167.7,170.9,158.1,152.9,158.4,161.1,165.1,170.8,169.5
SEALER-0058,1283,21:23,152.0,155.4,171.6,169.6,169.8,158.3,152.9,157.5,160.5,165.2,171.4,170.1
SEALER-0058,1284,21:24,153.0,155.0,173.3,168.6,170.5,157.2,152.9,158.5,162.5,165.5,171.1,169.5
SEALER-0058,1285,21:25,151.8,155.5,172.3,170.6,168.9,158.9,152.6,155.9,159.4,165.2,171.0,168.6
SEALER-0058,1286,21:26,152.1,154.1,169.9,170.5,169.3,157.5,153.3,157.3,159.8,163.9,171.3,168.6
SEALER-0058,1287,21:27,152.2,154.5,171.1,169.4,170.6,157.3,153.9,156.6,160.5,165.5,171.3,169.4
SEALER-0058,1288,21:28,151.9,154.1,170.0,170.3,170.7,156.6,153.8,156.5,159.7,165.7,171.1,169.2
SEALER-0058,1289,21:29,152.0,155.3,171.3,169.9,170.6,158.1,153.6,156.4,161.3,164.5,170.7,169.4
SEALER-0058,1290,21:30,152.3,156.4,172.1,168.8,171.4,156.4,151.8,158.0,161.8,164.2,171.6,167.5
SEALER-0058,1291,21:31,151.3,154.0,170.8,170.8,170.4,157.5,153.1,156.1,160.4,165.5,171.8,169.6
SEALER-0058,1292,21:32,151.7,155.9,171.3,169.0,169.5,157.0,152.6,157.2,160.4,164.6,171.6,169.4
SEALER-0058,1293,21:33,151.3,152.8,172.5,169.4,169.9,157.3,153.4,157.8,160.3,164.8,170.1,168.7
SEALER-0058,1294,21:34,152.9,153.9,171.5,170.0,168.5,157.5,152.6,157.0,161.1,165.5,172.4,168.1
SEALER-0058,1295,21:35,152.5,153.8,171.3,168.5,168.6,157.2,153.3,156.4,159.2,164.6,170.8,167.6
SEALER-0058,1296,21:36,151.9,154.6,171.5,170.2,169.2,157.4,153.8,156.4,160.5,166.2,170.2,169.1
SEALER-0058,1297,21:37,151.0,156.2,171.6,169.7,169.3,157.7,153.5,157.1,160.2,164.3,171.4,169.8
SEALER-0058,1298,21:38,151.5,154.7,171.6,170.3,170.3,156.5,154.1,156.8,160.0,166.3,170.3,168.6
SEALER-0058,1299,21:39,152.6,154.9,171.3,170.6,169.7,157.8,153.0,157.1,159.9,164.3,170.8,168.8
SEALER-0058,1300,21:40,152.9,155.6,171.5,169.7,169.2,157.4,151.5,155.6,160.4,165.0,171.2,169.3
SEALER-0058,1301,21:41,150.7,154.9,170.8,168.2,170.2,156.4,152.7,156.8,159.7,165.6,171.6,168.9
SEALER-0058,1302,21:42,151.4,155.6,171.2,169.0,169.6,159.9,154.7,156.6,160.2,164.3,171.4,169.0
SEALER-0058,1303,21:43,151.5,156.2,171.0,170.2,169.2,158.1,154.4,156.7,160.3,165.5,172.0,168.5
SEALER-0058,1304,21:44,150.6,156.3,171.8,169.2,170.7,158.5,154.7,157.5,159.6,163.5,171.5,168.8
SEALER-0058,1305,21:45,151.5,155.5,171.5,168.3,171.5,158.4,152.0,157.0,158.5,164.7,168.9,170.4
SEALER-0058,1306,21:46,151.2,155.0,170.9,168.6,169.4,158.0,153.5,156.9,161.7,164.2,171.1,168.8
SEALER-0058,1307,21:47,152.0,155.1,172.0,169.7,168.7,155.4,152.1,159.2,160.6,164.8,171.9,169.3
SEALER-0058,1308,21:48,150.7,155.9,171.4,169.6,170.3,157.8,152.5,157.8,159.5,164.6,171.0,171.0
SEALER-0058,1309,21:49,150.9,154.0,174.1,170.9,169.6,157.4,151.5,156.8,161.6,164.7,172.0,168.9
SEALER-0058,1310,21:50,152.4,153.8,171.4,168.3,169.5,156.6,153.2,157.8,160.3,165.5,173.4,170.5
SEALER-0058,1311,21:51,152.8,153.8,171.0,168.9,170.8,158.0,153.9,157.5,159.9,164.6,171.3,170.4
SEALER-0058,1312,21:52,153.0,155.7,171.7,168.9,170.4,158.2,153.0,157.6,161.0,165.5,171.5,169.3
SEALER-0058,1313,21:53,151.0,155.3,169.7,169.2,170.3,156.8,153.7,157.4,162.7,164.9,171.7,170.1
SEALER-0058,1314,21:54,151.5,156.0,171.1,169.2,170.5,156.1,152.5,156.4,160.2,165.8,171.7,170.7
SEALER-0058,1315,21:55,152.0,156.1,171.9,167.9,169.8,155.9,153.5,157.2,160.7,165.6,170.2,169.3
SEALER-0058,1316,21:56,152.6,155.7,171.1,170.1,169.9,156.8,153.0,156.0,161.6,166.5,168.9,167.8
SEALER-0058,1317,21:57,150.3,155.9,171.7,170.1,171.7,158.5,152.4,157.4,161.5,165.1,169.6,170.8
SEALER-0058,1318,21:58,152.3,154.9,170.9,170.9,169.1,157.9,152.7,156.5,160.2,164.3,170.9,169.1
SEALER-0058,1319,21:59,151.2,155.5,171.3,171.1,171.0,158.0,152.4,155.3,159.3,164.5,171.1,168.6
SEALER-0058,1320,22:00,151.2,155.4,171.7,169.6,169.6,157.4,152.8,158.1,161.9,165.8,171.4,169.8
SEALER-0058,1321,22:01,153.1,154.6,171.7,170.9,170.8,157.8,153.6,157.6,161.6,166.6,170.0,167.6
SEALER-0058,1322,22:02,152.3,155.1,170.3,169.5,169.6,157.3,153.5,157.2,161.0,164.9,169.2,167.6
SEALER-0058,1323,22:03,152.1,156.0,172.0,171.2,170.0,159.5,152.9,158.5,161.0,165.0,171.2,168.9
SEALER-0058,1324,22:04,152.5,156.2,170.8,168.8,171.8,156.1,153.2,157.8,161.5,165.4,172.4,169.1
SEALER-0058,1325,22:05,154.0,154.6,173.5,169.4,170.3,157.7,154.7,157.4,159.7,163.7,171.1,169.1
SEALER-0058,1326,22:06,151.9,155.2,171.1,168.7,168.6,158.0,154.6,156.7,159.7,164.7,170.8,169.0
SEALER-0058,1327,22:07,152.4,155.9,171.8,169.4,170.1,156.9,152.6,156.4,163.0,163.4,172.4,169.1
SEALER-0058,1328,22:08,152.2,155.8,173.3,169.8,170.3,156.6,153.1,157.7,160.4,165.9,170.9,168.7
SEALER-0058,1329,22:09,150.6,155.5,171.5,170.4,170.7,158.0,153.2,156.5,160.5,165.1,169.6,169.7
SEALER-0058,1330,22:10,151.8,156.0,171.0,169.0,169.6,157.7,152.3,156.1,159.3,166.3,169.1,168.6
SEALER-0058,1331,22:11,151.9,152.4,171.9,170.5,169.7,157.6,152.4,157.0,160.9,165.1,171.6,169.3
SEALER-0058,1332,22:12,152.5,154.4,170.2,169.0,170.1,157.1,152.1,157.4,161.8,166.1,172.6,168.2
SEALER-0058,1333,22:13,151.5,155.5,170.3,169.0,168.9,158.2,153.3,158.2,161.0,167.0,171.0,169.1
SEALER-0058,1334,22:14,151.7,154.3,173.2,169.2,169.2,156.8,154.5,158.5,160.1,164.8,171.3,169.1
SEALER-0058,1335,22:15,151.1,154.4,171.0,170.1,170.2,158.0,153.1,157.5,162.2,166.9,170.2,168.8
SEALER-0058,1336,22:16,152.7,156.9,171.0,168.2,169.9,157.0,152.5,158.8,159.9,165.0,171.1,169.6
SEALER-0058,1337,22:17,152.4,154.1,171.7,168.7,170.7,158.9,154.0,157.0,162.0,164.9,169.3,168.5
SEALER-0058,1338,22:18,152.9,155.0,171.8,170.0,170.9,156.6,153.7,155.2,159.6,165.7,171.1,168.7
SEALER-0058,1339,22:19,152.6,154.4,171.4,170.4,171.0,156.6,154.1,157.8,161.6,165.3,170.6,168.5
SEALER-0058,1340,22:20,152.0,154.1,171.3,169.8,169.1,158.3,153.0,158.0,158.4,164.4,171.7,168.4
SEALER-0058,1341,22:21,152.1,154.0,171.5,169.6,168.6,157.3,152.8,157.7,160.1,164.3,172.0,169.4
SEALER-0058,1342,22:22,152.8,154.3,171.4,168.6,170.8,158.3,153.7,156.8,162.2,165.1,170.7,168.7
SEALER-0058,1343,22:23,153.3,155.7,171.6,168.5,169.0,157.8,153.6,156.4,160.2,164.4,171.1,168.2
SEALER-0058,1344,22:24,152.9,155.2,171.9,168.5,169.1,157.7,153.3,155.5,161.1,164.9,172.4,170.7
SEALER-0058,1345,22:25,151.0,156.1,170.8,169.7,170.0,157.9,154.6,156.4,162.8,163.6,171.0,169.1
SEALER-0058,1346,22:26,152.7,154.9,171.4,169.9,168.8,157.4,153.4,157.3,159.1,165.8,172.5,167.5
SEALER-0058,1347,22:27,151.9,155.0,170.6,169.0,169.6,156.7,153.0,157.4,160.7,165.5,170.6,169.6
SEALER-0058,1348,22:28,153.2,156.8,172.1,170.2,167.6,156.1,154.3,158.4,159.7,165.4,171.1,168.1
SEALER-0058,1349,22:29,151.2,154.8,171.9,167.9,170.7,157.2,152.7,156.4,160.9,164.5,171.9,168.3
SEALER-0058,1350,22:30,151.0,154.3,170.5,169.3,170.1,157.4,151.8,159.3,161.9,164.7,172.0,170.1
SEALER-0058,1351,22:31,150.9,155.1,171.3,169.7,170.6,158.2,155.6,158.0,162.7,164.4,171.6,167.9
SEALER-0058,1352,22:32,152.0,154.4,172.4,169.3,170.6,158.3,152.0,156.4,160.6,165.7,171.1,168.1
SEALER-0058,1353,22:33,151.2,155.8,169.1,170.7,168.7,158.2,154.2,157.7,158.9,165.1,171.7,169.0
SEALER-0058,1354,22:34,151.8,153.6,171.2,171.2,167.5,156.6,153.6,158.0,160.0,166.4,171.2,167.5
SEALER-0058,1355,22:35,151.6,156.2,171.4,168.8,169.2,158.9,150.3,156.2,161.1,165.5,170.8,168.8
SEALER-0058,1356,22:36,152.9,155.4,171.3,169.3,171.9,155.0,154.9,156.8,158.6,164.5,172.9,169.0
SEALER-0058,1357,22:37,152.3,156.2,171.5,167.8,169.9,157.2,154.4,157.2,161.9,164.7,171.4,168.8
SEALER-0058,1358,22:38,151.6,155.3,171.1,168.7,170.1,158.7,152.0,157.4,162.1,165.0,172.8,168.2
SEALER-0058,1359,22:39,152.8,154.2,170.7,167.9,170.0,157.6,153.4,156.7,160.0,164.0,170.4,170.3
SEALER-0058,1360,22:40,150.9,155.7,171.6,170.5,170.7,159.2,153.5,158.3,162.0,164.0,171.4,169.0
SEALER-0058,1361,22:41,152.3,155.4,172.8,169.7,169.2,158.0,154.0,157.0,161.0,165.3,172.2,169.2
SEALER-0058,1362,22:42,152.6,156.1,171.9,170.8,169.6,156.5,154.5,158.9,161.8,164.2,170.0,169.2
SEALER-0058,1363,22:43,151.4,155.9,170.2,169.2,170.5,156.4,153.7,157.8,160.2,164.9,169.6,169.1
SEALER-0058,1364,22:44,151.7,154.8,171.4,170.4,169.0,158.8,151.9,158.9,161.6,164.9,171.0,169.3
SEALER-0058,1365,22:45,152.6,154.8,172.6,168.8,169.8,156.5,153.5,157.5,160.8,164.8,171.4,169.4
SEALER-0058,1366,22:46,151.8,153.8,172.1,171.7,169.8,158.6,152.6,158.0,160.1,165.2,170.2,168.9
SEALER-0058,1367,22:47,151.0,154.0,169.6,169.6,169.6,158.1,152.6,157.1,161.6,164.3,171.6,169.5
SEALER-0058,1368,22:48,151.7,153.7,171.7,169.4,172.2,157.2,152.5,156.7,160.8,165.1,171.1,168.3
SEALER-0058,1369,22:49,151.6,157.3,170.4,169.5,170.0,159.5,153.2,156.2,159.9,164.8,170.8,168.5
SEALER-0058,1370,22:50,152.4,155.7,172.2,168.7,169.4,156.3,153.1,158.4,160.1,164.4,172.0,168.7
SEALER-0058,1371,22:51,152.0,155.1,171.3,169.4,170.9,157.8,153.1,158.3,161.8,164.3,172.6,168.7
SEALER-0058,1372,22:52,152.6,155.2,170.9,169.8,169.9,156.8,152.4,155.4,160.4,165.0,169.6,170.4
SEALER-0058,1373,22:53,151.8,154.0,170.9,169.9,168.3,157.5,154.9,157.1,160.3,163.9,170.9,169.3
SEALER-0058,1374,22:54,151.7,155.8,171.9,168.9,170.3,156.6,152.0,157.6,161.1,165.2,172.1,169.3
SEALER-0058,1375,22:55,151.3,154.4,173.0,170.5,169.3,158.6,153.9,156.8,162.0,164.9,171.2,168.5
SEALER-0058,1376,22:56,151.2,155.4,170.3,169.4,170.1,156.6,153.1,156.0,160.5,165.2,169.9,168.6
SEALER-0058,1377,22:57,153.2,155.3,171.1,168.6,169.3,156.3,153.9,158.0,160.9,166.0,170.9,169.9
SEALER-0058,1378,22:58,151.4,154.5,173.3,170.1,169.5,156.4,153.5,158.6,160.5,164.7,172.5,169.7
SEALER-0058,1379,22:59,151.9,154.2,169.4,169.3,168.6,157.2,153.6,157.3,160.6,165.3,171.7,168.1
SEALER-0058,1380,23:00,153.2,156.1,171.9,169.7,169.7,160.2,153.6,156.3,161.0,163.7,169.9,170.3
SEALER-0058,1381,23:01,151.9,155.2,172.6,169.5,169.0,157.4,155.0,157.3,160.4,166.8,171.7,169.1
SEALER-0058,1382,23:02,151.8,155.8,171.2,169.3,171.3,158.0,153.1,156.4,161.5,165.2,170.2,169.6
SEALER-0058,1383,23:03,152.5,155.0,173.1,169.9,170.8,158.3,153.1,155.9,159.6,164.7,170.3,169.4
SEALER-0058,1384,23:04,153.1,155.9,172.5,171.2,168.8,157.2,153.0,157.1,161.2,165.1,172.0,169.3
SEALER-0058,1385,23:05,151.0,154.5,171.4,171.7,170.8,157.9,152.2,158.4,160.0,164.1,172.2,169.1
SEALER-0058,1386,23:06,150.7,155.2,170.2,167.6,170.9,158.7,152.8,158.0,159.5,166.0,169.7,169.0
SEALER-0058,1387,23:07,150.1,155.9,172.1,169.7,169.0,157.5,153.9,157.6,160.7,163.0,170.4,169.9
SEALER-0058,1388,23:08,152.7,154.9,172.0,170.1,168.6,156.8,154.2,157.7,160.0,164.3,170.5,168.7
SEALER-0058,1389,23:09,153.7,155.9,169.1,170.6,169.2,158.2,152.3,157.4,161.6,163.8,170.2,169.2
SEALER-0058,1390,23:10,153.5,155.7,172.2,168.8,169.9,156.9,154.0,157.3,161.7,165.9,170.4,169.4
SEALER-0058,1391,23:11,149.8,156.2,170.4,169.1,169.3,157.3,153.9,156.4,161.4,166.9,171.7,168.5
SEALER-0058,1392,23:12,153.3,155.6,170.9,169.3,168.5,156.8,153.2,156.8,161.8,164.5,171.4,168.6
SEALER-0058,1393,23:13,151.5,154.6,171.9,169.9,168.6,157.0,153.5,157.0,161.8,165.5,172.1,168.9
SEALER-0058,1394,23:14,152.3,154.2,170.2,169.5,169.3,157.8,153.4,158.0,160.1,165.5,171.5,169.7
SEALER-0058,1395,23:15,151.5,154.4,170.2,169.4,169.6,157.5,153.0,157.5,161.0,166.2,172.3,170.4
SEALER-0058,1396,23:16,152.2,155.1,171.3,169.7,170.6,157.1,154.3,157.2,159.9,165.3,171.1,169.8
SEALER-0058,1397,23:17,151.0,155.2,170.8,171.6,169.4,155.8,153.5,156.4,160.9,164.9,170.1,168.5
SEALER-0058,1398,23:18,152.4,155.2,170.2,170.0,169.1,159.7,154.3,158.5,160.3,164.8,171.2,168.5
SEALER-0058,1399,23:19,152.1,156.3,171.4,169.8,168.8,159.6,153.4,156.4,159.5,166.4,170.9,170.5
SEALER-0058,1400,23:20,151.0,156.1,172.6,169.0,170.0,158.7,152.0,157.4,161.3,166.1,170.2,169.6
SEALER-0058,1401,23:21,152.7,155.3,171.1,169.5,169.7,157.4,153.0,157.4,160.5,163.8,171.7,168.0
SEALER-0058,1402,23:22,151.7,155.3,171.0,169.8,171.3,157.0,153.5,156.5,161.3,164.8,171.3,169.0
SEALER-0058,1403,23:23,150.4,155.0,170.0,169.0,169.8,156.7,152.9,156.8,160.3,166.0,172.1,167.4
SEALER-0058,1404,23:24,152.8,154.9,171.4,170.8,169.6,157.9,153.5,156.9,160.6,164.7,171.3,169.1
SEALER-0058,1405,23:25,151.8,154.3,170.6,169.5,171.2,158.0,152.6,156.4,159.8,165.7,171.0,169.1
SEALER-0058,1406,23:26,151.6,156.5,170.9,171.3,170.3,157.3,153.0,156.3,160.9,166.9,170.1,167.6
SEALER-0058,1407,23:27,153.4,155.1,171.0,170.3,169.9,158.0,152.0,157.1,160.4,165.7,171.4,168.8
SEALER-0058,1408,23:28,152.3,155.0,172.2,169.6,169.7,156.5,152.7,157.5,159.4,165.7,171.4,169.3
SEALER-0058,1409,23:29,151.3,154.7,171.4,168.2,171.1,158.4,153.7,156.2,161.6,163.7,170.4,169.4
SEALER-0058,1410,23:30,151.5,155.8,171.7,170.0,171.0,158.4,152.4,156.4,161.0,165.9,173.3,168.2
SEALER-0058,1411,23:31,151.6,155.8,172.4,169.6,169.2,156.7,153.8,157.9,160.6,164.9,171.9,170.0
SEALER-0058,1412,23:32,152.4,155.2,172.8,169.3,169.2,157.5,154.5,156.5,163.4,166.2,171.8,170.2
SEALER-0058,1413,23:33,151.0,153.8,170.9,169.9,171.3,158.3,153.0,157.5,160.2,165.4,171.0,170.0
SEALER-0058,1414,23:34,151.6,154.8,171.9,170.4,169.1,157.2,152.7,156.4,158.3,163.9,170.9,168.1
SEALER-0058,1415,23:35,153.4,153.6,171.3,169.8,169.8,158.7,152.8,157.2,161.0,165.4,171.1,169.5
SEALER-0058,1416,23:36,150.9,154.9,171.4,170.0,168.9,157.4,153.0,157.5,161.0,164.9,171.7,168.6
SEALER-0058,1417,23:37,151.5,156.0,171.9,170.6,170.7,158.1,152.1,156.6,160.3,163.4,171.3,168.8
SEALER-0058,1418,23:38,152.7,155.3,172.0,168.8,170.2,158.1,153.2,157.7,160.6,166.1,169.8,168.7
SEALER-0058,1419,23:39,152.0,155.3,172.4,169.7,170.5,156.4,151.8,155.8,161.0,163.7,170.7,167.9
SEALER-0058,1420,23:40,151.4,156.2,171.4,170.2,169.0,155.5,152.7,156.5,162.1,162.7,170.3,167.4
SEALER-0058,1421,23:41,151.0,155.9,170.9,170.3,170.1,156.8,151.6,158.6,161.4,165.8,171.4,169.5
SEALER-0058,1422,23:42,151.4,156.4,170.0,168.3,171.0,158.1,154.0,156.5,158.8,164.9,171.9,170.1
SEALER-0058,1423,23:43,152.1,154.5,170.5,169.6,170.7,157.3,153.4,157.2,161.1,164.6,170.6,169.1
SEALER-0058,1424,23:44,152.6,155.4,171.9,167.9,169.9,158.2,152.3,156.8,160.3,165.0,171.3,169.9
SEALER-0058,1425,23:45,151.6,155.9,171.5,170.3,170.2,156.0,154.1,157.3,159.1,163.7,171.1,168.8
SEALER-0058,1426,23:46,151.4,155.4,169.4,169.6,168.5,156.9,154.6,157.8,161.3,164.7,170.9,169.2
SEALER-0058,1427,23:47,152.2,155.4,171.1,170.0,169.6,157.0,154.1,158.6,159.5,165.6,171.0,168.9
SEALER-0058,1428,23:48,152.1,154.6,172.6,168.8,168.8,159.1,154.6,157.8,161.8,165.8,170.8,169.5
SEALER-0058,1429,23:49,151.7,155.7,170.6,168.5,169.5,156.6,152.3,157.8,160.1,164.8,170.4,168.4
SEALER-0058,1430,23:50,151.2,155.8,171.0,168.8,170.9,157.0,153.9,157.7,162.1,164.6,171.3,169.2
SEALER-0058,1431,23:51,153.0,155.5,170.6,170.6,170.1,157.1,153.0,155.9,159.3,163.5,170.5,170.4
SEALER-0058,1432,23:52,150.1,156.1,171.3,169.8,169.5,156.0,153.1,156.9,159.9,165.3,170.0,169.1
SEALER-0058,1433,23:53,152.5,155.5,171.7,169.4,169.2,157.8,153.9,156.4,159.3,163.8,170.5,168.9
SEALER-0058,1434,23:54,152.6,154.0,172.9,168.9,168.4,158.5,152.8,156.2,161.5,165.3,171.2,169.3
SEALER-0058,1435,23:55,151.2,155.5,170.7,170.3,170.1,158.8,153.5,156.4,160.8,165.4,170.8,169.2
SEALER-0058,1436,23:56,152.1,154.6,171.0,169.8,170.9,157.1,154.0,157.5,159.4,164.7,169.9,168.5
SEALER-0058,1437,23:57,151.3,154.8,171.2,170.9,170.3,157.7,152.9,157.8,162.0,167.1,171.2,167.7
SEALER-0058,1438,23:58,150.6,155.1,172.4,170.1,168.7,156.9,152.8,155.3,160.4,164.8,171.4,169.1
SEALER-0058,1439,23:59,151.6,154.7,171.4,169.5,170.4,157.5,153.8,157.5,160.1,165.3,168.5,168.1
SEALER-0058,1440,24:00,153.7,156.3,170.1,168.5,170.0,159.0,153.5,156.2,160.8,165.7,170.1,168.9
SEALER-0058,1441,24:01,152.8,155.0,170.7,168.4,170.9,156.9,153.5,157.4,161.1,166.6,171.3,170.0
SEALER-0058,1442,24:02,153.2,155.1,172.2,168.2,170.9,156.3,153.2,156.4,159.4,163.5,172.2,170.5
SEALER-0058,1443,24:03,153.6,156.3,173.0,170.8,170.6,159.2,153.8,156.3,160.0,164.5,172.4,167.9
SEALER-0058,1444,24:04,151.4,156.1,170.8,168.8,169.1,156.9,153.0,157.5,162.2,163.9,170.6,169.2
SEALER-0058,1445,24:05,151.7,156.0,171.0,169.4,169.2,157.1,152.0,158.6,160.6,163.6,172.4,169.5
SEALER-0058,1446,24:06,152.2,153.9,171.0,170.8,169.6,157.7,153.0,156.6,159.7,165.3,170.4,169.6
SEALER-0058,1447,24:07,151.3,154.3,171.2,169.0,168.8,157.8,152.8,158.3,160.8,167.1,171.0,169.3
SEALER-0058,1448,24:08,151.5,155.4,171.8,169.7,169.9,158.6,152.4,157.9,160.6,164.6,171.9,169.1
SEALER-0058,1449,24:09,150.2,155.3,172.0,169.6,169.5,158.1,152.9,156.7,160.1,165.4,170.9,170.0
SEALER-0058,1450,24:10,152.6,155.3,172.5,169.4,169.1,157.0,153.1,157.0,160.1,166.8,170.4,169.4
SEALER-0058,1451,24:11,151.5,153.1,171.2,169.5,170.4,156.9,153.9,158.0,161.2,163.4,170.9,169.7
SEALER-0058,1452,24:12,152.4,154.8,171.6,170.3,170.4,158.4,152.8,157.8,160.8,166.6,171.4,169.9
SEALER-0058,1453,24:13,151.6,154.7,170.9,171.6,170.3,158.7,152.5,155.9,160.9,163.5,172.0,168.9
SEALER-0058,1454,24:14,153.3,155.8,171.1,169.1,169.7,156.3,152.8,157.8,161.6,165.1,170.8,169.7
SEALER-0058,1455,24:15,151.6,154.3,171.9,169.5,170.7,158.5,154.4,156.8,160.9,165.8,172.3,168.6
SEALER-0058,1456,24:16,152.8,154.6,172.4,169.9,168.9,158.8,153.1,157.4,161.1,164.8,170.6,170.0
SEALER-0058,1457,24:17,152.0,154.5,171.0,169.1,169.2,156.6,153.8,156.2,160.9,164.3,169.7,168.6
SEALER-0058,1458,24:18,153.5,155.2,172.4,168.2,170.4,158.5,152.6,157.9,159.4,166.0,172.0,168.5
SEALER-0058,1459,24:19,151.6,156.9,172.7,168.0,170.1,157.5,153.0,157.8,160.4,165.2,170.5,169.9
SEALER-0058,1460,24:20,152.1,155.8,170.8,169.3,170.0,158.0,153.0,157.9,162.2,166.5,171.5,166.6
SEALER-0058,1461,24:21,151.4,153.2,172.0,169.1,170.7,157.5,152.2,157.0,160.3,165.9,172.1,169.0
SEALER-0058,1462,24:22,152.0,156.1,170.7,170.3,169.5,156.4,153.4,156.4,159.9,165.1,172.5,169.9
SEALER-0058,1463,24:23,152.1,154.1,170.8,169.0,169.0,157.8,153.9,157.4,160.3,165.6,171.2,169.3
SEALER-0058,1464,24:24,153.3,154.6,169.6,169.8,170.8,155.1,154.9,156.3,160.9,163.6,169.8,167.6
SEALER-0058,1465,24:25,151.1,155.0,169.4,169.6,169.3,157.9,153.1,157.2,160.7,163.7,171.6,169.5
SEALER-0058,1466,24:26,151.9,156.5,169.5,168.5,168.7,158.2,153.5,157.3,162.2,163.3,173.0,169.0
SEALER-0058,1467,24:27,152.1,154.6,169.6,169.1,169.0,158.9,151.1,158.0,160.4,163.9,171.7,168.6
SEALER-0058,1468,24:28,151.3,154.2,169.2,168.3,169.4,156.3,152.8,158.6,160.8,163.2,170.0,168.8
SEALER-0058,1469,24:29,151.9,155.0,168.7,168.3,168.7,158.0,153.0,156.9,160.6,162.3,171.5,170.4
SEALER-0058,1470,24:30,151.6,154.1,168.0,167.6,170.2,156.3,152.9,155.7,160.7,162.0,171.6,169.7
SEALER-0058,1471,24:31,152.0,154.3,167.6,166.8,169.7,158.1,152.5,157.9,159.7,162.0,171.3,168.5
SEALER-0058,1472,24:32,151.6,153.4,167.4,166.2,170.6,158.7,153.0,157.5,159.8,161.2,171.1,169.6
SEALER-0058,1473,24:33,152.2,153.7,167.2,166.0,169.6,157.4,153.4,158.1,158.8,161.2,170.3,170.4
SEALER-0058,1474,24:34,151.2,153.7,166.0,166.1,170.1,157.7,152.2,156.2,158.4,160.6,171.0,167.4
SEALER-0058,1475,24:35,151.2,153.0,165.7,165.7,170.5,158.7,153.6,156.6,158.7,159.5,169.6,169.7
SEALER-0058,1476,24:36,152.0,152.6,165.6,165.3,170.1,159.7,153.2,156.5,157.9,159.8,169.5,169.8
SEALER-0058,1477,24:37,151.5,151.9,164.2,165.7,168.8,157.3,154.0,157.2,156.7,159.2,168.2,169.6
SEALER-0058,1478,24:38,150.9,150.9,165.2,163.8,171.0,158.0,154.6,155.9,156.9,158.8,168.3,169.7
SEALER-0058,1479,24:39,153.3,151.5,164.3,164.1,169.1,158.6,152.6,159.3,157.0,159.6,168.3,170.0
SEALER-0058,1480,24:40,151.6,150.8,164.1,163.5,171.5,157.4,154.5,156.7,156.4,157.8,167.1,169.4
SEALER-0058,1481,24:41,151.1,149.1,163.5,163.0,170.7,158.3,154.2,156.6,156.4,158.2,167.1,170.0
SEALER-0058,1482,24:42,152.1,150.3,163.2,162.7,169.1,157.0,152.4,157.8,155.5,156.7,166.9,169.8
SEALER-0058,1483,24:43,152.4,149.3,163.6,163.3,170.8,156.8,153.1,159.0,154.4,156.5,167.0,169.0
SEALER-0058,1484,24:44,152.2,149.7,162.0,162.4,169.4,156.5,154.4,157.9,154.7,156.4,165.9,168.7
SEALER-0058,1485,24:45,152.6,150.2,162.6,161.7,170.1,157.4,153.3,156.7,154.9,156.5,165.0,168.1
SEALER-0058,1486,24:46,152.3,149.4,161.4,162.0,169.9,156.8,152.9,157.4,154.9,156.2,164.7,169.2
SEALER-0058,1487,24:47,152.8,149.3,161.3,160.9,168.7,158.1,152.2,157.4,153.9,156.2,164.1,169.0
SEALER-0058,1488,24:48,151.8,148.3,160.5,160.3,169.4,155.9,151.8,157.7,153.4,155.6,164.5,169.1
SEALER-0058,1489,24:49,151.8,147.5,161.1,160.8,169.8,156.7,154.1,156.1,152.6,154.0,164.6,167.4
SEALER-0058,1490,24:50,150.5,147.2,160.5,160.4,169.8,157.4,155.3,156.9,153.2,154.6,163.4,167.9
SEALER-0058,1491,24:51,152.0,147.5,158.8,159.9,170.2,157.4,152.9,155.2,153.8,154.1,161.9,166.9
SEALER-0058,1492,24:52,150.7,146.4,159.9,158.4,170.3,156.1,154.3,156.8,151.7,153.8,162.6,167.6
SEALER-0058,1493,24:53,149.8,146.1,159.7,158.9,169.3,157.1,152.6,156.2,151.9,153.8,161.9,167.0
SEALER-0058,1494,24:54,149.3,146.4,159.6,158.6,170.0,157.1,153.7,157.3,152.4,153.5,161.2,166.4
SEALER-0058,1495,24:55,149.0,145.1,158.1,157.0,169.8,157.6,153.3,157.6,150.4,153.6,161.1,165.3
SEALER-0058,1496,24:56,148.7,144.5,157.3,158.1,170.8,156.6,152.6,157.7,151.4,152.8,160.9,166.4
SEALER-0058,1497,24:57,150.1,145.1,157.1,157.7,169.3,158.4,151.3,157.4,150.0,153.2,161.4,165.6
SEALER-0058,1498,24:58,147.8,144.3,157.0,157.6,169.4,158.2,153.7,157.6,151.1,151.1,160.3,165.9
SEALER-0058,1499,24:59,147.9,144.8,157.0,156.4,169.2,156.5,153.1,157.0,149.1,151.6,159.7,165.2
SEALER-0058,1500,25:00,147.8,144.5,156.0,155.1,168.1,157.4,153.2,156.4,148.5,151.3,159.0,164.8
SEALER-0058,1501,25:01,147.8,142.9,157.1,155.4,168.2,157.5,153.6,154.9,149.3,151.9,159.2,164.0
SEALER-0058,1502,25:02,147.0,143.1,156.9,156.3,167.5,157.8,154.3,155.4,148.0,151.0,159.1,163.9
SEALER-0058,1503,25:03,146.9,142.8,155.9,154.8,167.0,157.9,153.8,154.9,147.5,150.1,158.6,163.9
SEALER-0058,1504,25:04,146.3,142.8,155.1,154.4,166.6,157.5,153.3,155.5,147.8,149.5,157.5,162.8
SEALER-0058,1505,25:05,146.6,142.2,155.3,154.8,165.9,157.3,152.5,154.5,147.6,149.5,156.7,162.3
SEALER-0058,1506,25:06,146.3,141.7,154.4,152.8,166.4,157.1,152.4,155.0,146.7,149.0,157.3,161.6
SEALER-0058,1507,25:07,145.8,142.2,153.7,153.6,165.9,155.9,151.2,153.4,146.7,148.7,156.9,161.7
SEALER-0058,1508,25:08,145.3,142.0,153.8,153.7,165.5,155.6,151.2,153.8,146.8,147.8,156.1,161.6
SEALER-0058,1509,25:09,144.9,140.5,154.3,153.2,165.0,154.8,150.8,151.4,146.0,148.3,156.1,161.7
SEALER-0058,1510,25:10,144.6,140.2,153.2,151.8,164.0,154.7,150.9,151.6,145.7,147.9,155.5,161.0
SEALER-0058,1511,25:11,144.9,140.6,152.4,152.0,163.9,153.3,150.5,152.3,146.0,147.5,155.6,160.2
SEALER-0058,1512,25:12,143.8,140.1,152.1,153.2,163.6,153.5,149.7,151.5,144.8,146.8,154.9,159.3
SEALER-0058,1513,25:13,143.5,139.4,151.3,151.0,163.2,153.9,148.5,151.3,144.1,147.9,154.0,160.3
SEALER-0058,1514,25:14,143.2,139.1,151.2,152.0,162.0,152.6,148.4,150.9,144.0,145.6,154.7,159.5
SEALER-0058,1515,25:15,142.7,138.8,151.1,150.5,162.4,152.9,148.8,150.9,144.2,146.3,154.4,158.9
SEALER-0058,1516,25:16,142.7,138.2,150.5,150.3,162.3,152.3,148.5,150.4,143.1,145.6,153.6,158.1
SEALER-0058,1517,25:17,142.2,137.1,150.8,149.6,161.4,151.8,148.2,149.4,142.4,145.8,151.7,158.6
SEALER-0058,1518,25:18,142.7,137.2,151.4,149.9,161.7,152.4,148.1,149.3,143.4,144.9,152.7,158.0
SEALER-0058,1519,25:19,142.0,137.8,149.8,149.6,160.5,151.9,147.5,149.2,142.1,145.6,152.2,158.5
SEALER-0058,1520,25:20,141.8,137.5,149.6,148.7,160.8,151.1,146.8,148.7,142.2,144.7,151.3,157.0
SEALER-0058,1521,25:21,142.0,137.0,148.9,148.5,160.0,150.1,146.3,148.3,141.8,143.6,151.2,156.6
SEALER-0058,1522,25:22,141.6,136.4,148.4,148.7,158.8,149.7,146.2,148.3,142.0,144.1,151.1,156.2
SEALER-0058,1523,25:23,141.0,136.1,148.3,147.8,159.0,148.4,145.5,147.2,141.7,143.3,151.1,156.5
SEALER-0058,1524,25:24,140.4,135.8,148.9,148.3,157.7,149.4,145.4,147.2,141.3,142.8,150.4,156.2
SEALER-0058,1525,25:25,140.4,136.4,147.9,147.5,158.3,149.1,146.1,147.2,141.3,142.5,149.4,155.7
SEALER-0058,1526,25:26,139.4,136.7,147.8,147.5,157.7,149.1,144.7,146.1,140.9,142.9,149.4,154.8
SEALER-0058,1527,25:27,139.7,135.6,147.0,146.5,156.7,147.6,144.2,146.3,139.2,141.8,148.5,154.9
SEALER-0058,1528,25:28,139.3,135.1,146.5,146.0,156.7,147.7,144.1,144.9,139.3,141.0,148.8,154.5
SEALER-0058,1529,25:29,139.9,134.5,146.8,145.8,156.1,148.1,143.7,145.2,139.9,141.9,148.1,154.3
SEALER-0058,1530,25:30,139.8,135.1,146.7,146.3,154.9,147.4,143.0,144.9,139.9,140.6,148.6,154.3
SEALER-0058,1531,25:31,137.9,132.9,145.0,145.2,155.8,146.0,142.0,144.2,138.4,140.2,148.0,153.4
SEALER-0058,1532,25:32,139.0,134.0,145.4,143.9,154.8,145.8,142.1,143.2,138.5,140.4,147.3,152.9
SEALER-0058,1533,25:33,138.0,134.0,145.5,145.6,154.1,145.8,141.4,143.3,138.7,140.1,146.9,152.8
SEALER-0058,1534,25:34,138.5,131.8,145.3,144.6,155.0,145.7,141.3,143.7,138.6,139.0,146.9,153.2
SEALER-0058,1535,25:35,136.3,132.3,144.6,144.7,154.2,145.0,141.7,143.4,138.2,140.2,145.8,152.3
SEALER-0058,1536,25:36,136.7,132.0,144.7,143.6,152.7,144.9,140.6,142.4,137.8,139.5,146.0,151.7
SEALER-0058,1537,25:37,136.5,131.4,143.8,143.7,153.6,145.6,140.0,141.7,137.0,138.5,144.6,151.6
SEALER-0058,1538,25:38,137.0,132.2,143.9,142.8,153.4,144.0,140.9,142.7,137.2,139.1,145.1,151.2
SEALER-0058,1539,25:39,136.7,131.1,143.5,142.7,153.0,144.3,139.6,142.4,136.6,138.7,144.5,151.5
SEALER-0058,1540,25:40,135.9,131.8,142.4,142.1,151.3,143.2,139.9,141.5,136.0,137.4,143.9,150.8
SEALER-0058,1541,25:41,136.3,130.7,141.9,141.9,151.6,143.1,139.1,140.7,135.5,138.6,144.6,150.0
SEALER-0058,1542,25:42,136.6,130.3,143.1,141.7,151.6,142.0,138.9,140.7,136.0,138.5,143.9,150.2
SEALER-0058,1543,25:43,135.0,130.5,141.4,140.4,151.4,142.5,137.9,140.5,135.2,137.1,143.2,149.3
SEALER-0058,1544,25:44,135.7,129.5,141.4,140.8,150.5,141.2,138.5,139.8,135.3,137.2,144.8,149.7
SEALER-0058,1545,25:45,135.2,130.5,141.8,141.1,150.4,141.1,137.5,140.1,134.9,136.5,143.2,148.5
SEALER-0058,1546,25:46,134.4,129.7,141.5,140.2,149.4,141.0,137.4,139.5,135.0,135.4,141.8,148.0
SEALER-0058,1547,25:47,134.1,129.0,141.3,139.8,149.0,140.9,135.3,138.9,133.8,136.2,141.8,148.4
SEALER-0058,1548,25:48,134.2,128.8,140.3,140.0,148.3,139.9,136.9,138.6,133.8,135.8,142.1,147.7
SEALER-0058,1549,25:49,133.4,128.8,139.6,139.8,149.0,141.0,136.2,138.8,133.5,135.6,141.5,147.7
SEALER-0058,1550,25:50,133.3,127.9,140.0,139.5,147.5,139.4,135.9,137.4,133.9,134.8,141.2,147.5
SEALER-0058,1551,25:51,133.6,127.8,139.7,138.3,147.8,139.6,135.7,137.0,132.7,134.8,140.4,146.8
SEALER-0058,1552,25:52,132.7,127.6,138.9,138.9,147.4,139.1,135.8,137.5,133.5,135.4,139.9,147.1
SEALER-0058,1553,25:53,132.6,126.9,138.0,137.8,145.9,138.2,134.9,137.9,131.4,134.8,139.0,146.3
SEALER-0058,1554,25:54,132.6,126.6,138.3,138.0,147.3,138.2,134.8,136.0,132.6,134.8,139.1,146.3
SEALER-0058,1555,25:55,131.4,126.8,137.7,137.5,146.1,136.9,134.2,136.8,131.7,133.9,139.1,146.3
SEALER-0058,1556,25:56,132.1,126.0,137.2,137.0,146.6,137.2,134.7,136.2,132.0,133.0,139.2,145.3
SEALER-0058,1557,25:57,132.7,125.8,137.0,137.2,145.4,136.9,133.2,136.0,131.8,133.6,138.7,145.3
SEALER-0058,1558,25:58,132.2,125.6,137.5,137.1,145.3,137.0,132.0,134.4,130.8,132.7,138.4,145.7
SEALER-0058,1559,25:59,130.6,125.3,136.7,137.2,145.4,136.7,132.3,135.5,131.4,132.8,138.5,145.9
SEALER-0058,1560,26:00,131.1,125.9,137.0,135.9,144.9,135.4,131.9,133.2,130.2,132.5,137.6,144.2
SEALER-0058,1561,26:01,131.0,125.2,135.3,135.6,144.4,136.3,131.5,134.5,131.1,131.9,137.3,144.3
SEALER-0058,1562,26:02,128.8,124.7,135.6,135.4,142.7,134.8,132.3,133.2,129.5,131.6,138.0,144.0
SEALER-0058,1563,26:03,130.4,123.8,134.7,135.8,142.7,134.7,131.7,134.5,129.7,132.1,137.2,144.3
SEALER-0058,1564,26:04,129.9,124.8,135.2,135.0,143.2,134.6,131.9,132.8,129.5,130.5,136.2,143.9
SEALER-0058,1565,26:05,129.9,123.7,135.9,134.9,142.9,134.0,130.4,133.4,128.0,130.1,135.5,142.7
SEALER-0058,1566,26:06,129.8,122.5,135.1,134.8,142.2,134.6,130.1,132.8,128.1,129.3,135.1,142.1
SEALER-0058,1567,26:07,128.9,123.1,134.1,133.5,142.0,133.2,130.0,133.0,127.5,129.3,135.3,142.7
SEALER-0058,1568,26:08,129.4,122.2,133.5,134.0,141.8,132.4,128.9,132.6,127.7,129.8,136.2,141.4
SEALER-0058,1569,26:09,128.5,122.5,134.7,133.1,141.0,133.5,129.4,131.6,127.9,129.9,135.7,141.8
SEALER-0058,1570,26:10,127.1,122.5,133.5,133.6,140.7,133.5,128.7,130.8,127.0,129.3,134.8,141.0
SEALER-0058,1571,26:11,127.4,122.1,133.2,131.7,140.7,133.1,128.4,130.1,127.4,128.7,134.9,141.9
SEALER-0058,1572,26:12,127.2,120.8,132.7,133.4,140.6,131.4,128.3,130.7,127.3,129.1,133.7,140.6
SEALER-0058,1573,26:13,128.1,121.5,133.3,132.0,139.7,131.8,127.8,131.0,126.6,128.4,133.7,140.6
SEALER-0058,1574,26:14,128.2,121.5,131.6,131.7,139.3,130.8,128.0,130.4,126.3,128.9,133.9,139.4
SEALER-0058,1575,26:15,127.5,120.4,132.2,132.3,139.5,132.0,127.0,130.2,126.4,128.2,132.6,138.7
SEALER-0058,1576,26:16,126.1,120.8,132.7,131.3,138.4,130.7,127.4,129.7,126.2,128.0,132.2,139.7
SEALER-0058,1577,26:17,126.3,119.9,131.1,131.2,139.3,130.2,126.8,129.0,125.5,127.3,131.5,139.6
SEALER-0058,1578,26:18,125.5,120.2,131.1,130.6,138.5,130.8,125.7,128.5,125.3,127.0,131.4,139.8
SEALER-0058,1579,26:19,126.0,119.2,131.0,130.3,137.4,129.5,127.2,129.0,124.8,126.7,131.6,138.8
SEALER-0058,1580,26:20,125.6,119.6,130.3,130.5,137.1,129.3,125.4,128.6,123.5,126.9,131.3,138.1
SEALER-0058,1581,26:21,125.4,119.0,129.2,130.0,137.3,129.1,125.6,127.5,125.0,126.4,132.3,138.9
SEALER-0058,1582,26:22,125.1,118.5,129.6,129.8,136.7,128.8,125.2,127.6,124.2,126.9,131.3,137.7
SEALER-0058,1583,26:23,125.5,119.5,130.1,130.7,136.5,128.6,124.0,127.4,124.2,124.7,131.5,137.6
SEALER-0058,1584,26:24,125.0,118.0,129.8,129.1,137.1,128.1,123.4,126.8,123.0,125.7,129.5,138.3
SEALER-0058,1585,26:25,124.0,118.7,129.6,128.9,136.5,127.2,125.3,126.7,123.5,125.1,129.7,137.3
SEALER-0058,1586,26:26,124.3,118.2,129.4,129.1,135.3,127.0,123.6,127.1,123.5,124.8,129.7,136.7
SEALER-0058,1587,26:27,123.8,118.1,129.3,129.9,134.4,126.9,123.5,125.7,123.3,125.0,129.3,137.0
SEALER-0058,1588,26:28,123.9,116.5,128.7,128.0,134.5,126.9,123.3,125.9,122.1,124.9,128.4,136.2
SEALER-0058,1589,26:29,123.7,117.4,128.4,127.6,133.9,126.7,123.3,126.0,122.5,123.9,128.9,136.3
SEALER-0058,1590,26:30,122.8,116.7,128.4,127.5,133.9,126.3,123.0,125.4,122.3,123.9,127.8,137.3
SEALER-0058,1591,26:31,123.5,116.8,126.6,126.6,133.8,125.1,122.8,125.7,121.5,123.6,128.7,135.5
SEALER-0058,1592,26:32,123.1,116.6,127.1,126.5,134.0,124.9,122.4,124.3,121.0,123.8,127.4,135.0
SEALER-0058,1593,26:33,122.5,116.2,126.2,125.9,132.1,125.6,122.1,124.2,121.0,122.6,127.9,134.2
SEALER-0058,1594,26:34,122.8,115.8,127.5,126.7,133.2,125.8,121.8,123.9,120.3,122.5,127.0,135.0
SEALER-0058,1595,26:35,123.0,115.9,126.1,125.8,132.4,124.2,121.1,124.5,119.8,122.8,126.7,134.7
SEALER-0058,1596,26:36,121.8,116.5,125.8,125.8,132.1,124.2,121.7,123.0,119.8,123.0,126.8,133.4
SEALER-0058,1597,26:37,122.1,115.8,126.0,125.0,131.4,124.5,121.6,122.8,120.5,121.9,127.1,133.3
SEALER-0058,1598,26:38,121.5,115.4,125.8,125.3,131.5,124.8,120.9,122.5,120.2,122.9,125.8,133.8
SEALER-0058,1599,26:39,121.7,115.3,124.8,125.5,131.4,124.6,120.1,122.5,118.8,121.6,125.9,133.3
SEALER-0058,1600,26:40,121.9,114.4,124.6,125.9,130.5,123.9,120.2,122.3,118.7,120.8,125.1,133.5
SEALER-0058,1601,26:41,120.3,113.6,125.1,124.3,129.5,122.2,119.8,122.3,118.6,120.8,125.7,131.4
SEALER-0058,1602,26:42,120.4,114.5,123.5,124.3,130.3,121.8,118.7,122.0,119.0,120.6,125.1,132.0
SEALER-0058,1603,26:43,120.6,113.3,125.4,123.1,128.9,123.1,119.2,122.4,119.4,120.8,124.7,132.5
SEALER-0058,1604,26:44,119.9,113.7,124.4,123.5,129.0,122.0,118.5,121.4,117.8,120.8,125.6,131.9
SEALER-0058,1605,26:45,119.0,112.6,124.1,123.3,128.6,121.2,118.2,121.5,117.2,120.6,123.5,131.8
SEALER-0058,1606,26:46,119.9,113.4,123.2,122.5,127.9,121.1,118.4,121.4,117.5,119.7,123.8,130.8
SEALER-0058,1607,26:47,119.5,112.6,123.2,122.4,127.9,121.3,118.5,120.7,118.1,119.5,122.9,130.6
SEALER-0058,1608,26:48,118.7,112.2,123.5,122.4,127.8,120.8,117.0,119.8,117.1,119.0,123.8,130.9
SEALER-0058,1609,26:49,119.1,112.7,123.3,122.3,127.6,120.2,118.4,120.2,117.9,119.0,122.3,130.1
SEALER-0058,1610,26:50,118.5,112.8,122.6,121.9,126.9,120.5,117.2,119.7,117.0,119.5,121.9,130.8
SEALER-0058,1611,26:51,117.3,111.5,121.8,122.7,127.2,120.2,117.0,119.1,116.5,118.8,122.0,129.9
SEALER-0058,1612,26:52,118.2,113.0,121.3,121.6,126.2,119.0,117.2,120.2,117.5,118.7,123.2,128.3
SEALER-0058,1613,26:53,118.6,110.8,121.5,120.2,126.4,118.5,115.9,118.3,115.6,117.9,122.1,129.2
SEALER-0058,1614,26:54,117.6,111.1,120.9,120.8,125.6,119.6,115.6,117.9,115.6,117.5,121.9,129.4
SEALER-0058,1615,26:55,116.9,110.0,120.8,120.5,126.5,118.8,114.6,118.3,115.5,118.0,121.3,129.0
SEALER-0058,1616,26:56,118.1,111.3,121.4,120.9,127.0,118.0,115.7,118.5,115.2,117.3,120.3,128.3
SEALER-0058,1617,26:57,118.0,110.4,120.9,120.7,125.2,118.3,115.3,118.1,115.5,117.3,120.3,128.2
SEALER-0058,1618,26:58,116.7,110.2,120.2,119.9,124.8,118.7,115.4,117.3,115.3,116.9,120.4,128.1
SEALER-0058,1619,26:59,117.0,110.2,120.0,119.9,125.1,117.5,114.1,117.1,114.4,116.4,120.5,128.0
SEALER-0058,1620,27:00,116.8,109.7,120.1,119.9,123.6,116.3,113.2,116.5,114.5,116.0,119.2,127.8
SEALER-0058,1621,27:01,115.7,109.1,118.9,119.0,124.6,116.5,113.5,116.4,113.4,116.6,119.6,127.0
SEALER-0058,1622,27:02,115.4,109.4,119.0,119.6,123.5,116.4,113.4,115.8,115.2,115.6,119.0,126.3
SEALER-0058,1623,27:03,116.3,108.7,118.2,119.0,123.1,117.0,113.7,115.2,113.8,114.0,117.5,126.3
SEALER-0058,1624,27:04,115.8,109.4,118.1,119.2,124.2,116.4,113.4,115.0,113.7,114.4,118.4,125.9
SEALER-0058,1625,27:05,115.0,107.8,118.6,118.7,123.1,116.9,113.1,114.5,112.9,115.6,118.8,126.1
SEALER-0058,1626,27:06,115.8,107.7,118.0,117.8,122.5,115.8,112.8,115.7,113.4,115.1,119.0,125.7
SEALER-0058,1627,27:07,115.1,107.6,117.8,117.9,123.2,115.5,111.7,114.3,113.4,114.4,117.8,125.3
SEALER-0058,1628,27:08,114.0,107.9,117.4,118.0,121.1,115.7,112.2,115.3,112.0,114.4,117.4,126.8
SEALER-0058,1629,27:09,114.1,107.5,117.9,117.1,120.9,114.8,111.3,114.3,112.4,114.5,117.6,125.8
SEALER-0058,1630,27:10,113.9,106.9,117.8,116.2,122.3,115.5,111.7,114.6,111.6,114.6,117.4,124.9
SEALER-0058,1631,27:11,113.9,106.9,116.8,116.6,121.4,113.9,111.9,114.8,112.1,113.5,116.9,124.9
SEALER-0058,1632,27:12,113.2,107.0,116.6,115.5,120.7,113.6,111.0,113.6,112.7,113.9,118.0,124.8
SEALER-0058,1633,27:13,114.3,107.5,116.6,115.4,119.4,114.5,110.2,112.8,111.4,113.6,115.9,124.1
SEALER-0058,1634,27:14,113.3,106.2,116.3,116.7,120.4,113.1,110.6,112.9,111.0,113.2,116.5,124.2
SEALER-0058,1635,27:15,112.5,105.9,116.0,116.6,119.8,112.9,110.0,113.0,110.8,112.8,116.0,123.6
SEALER-0058,1636,27:16,112.9,105.6,115.6,116.4,120.2,113.4,109.8,112.9,110.9,113.3,115.6,123.3
SEALER-0058,1637,27:17,112.2,104.8,115.5,114.5,119.8,112.7,108.7,112.3,110.7,111.6,115.1,123.8
SEALER-0058,1638,27:18,112.8,105.0,115.8,114.9,118.9,111.7,109.8,113.0,109.8,110.5,114.1,122.7
SEALER-0058,1639,27:19,112.8,104.8,115.4,114.9,119.3,112.1,109.7,111.0,110.6,111.4,114.1,123.0
SEALER-0058,1640,27:20,111.8,104.1,114.0,113.6,118.8,112.5,109.3,111.7,109.9,111.7,114.9,122.5
SEALER-0058,1641,27:21,111.7,104.6,116.3,114.5,118.1,111.6,108.7,111.3,109.8,111.7,114.0,122.5
SEALER-0058,1642,27:22,112.1,105.0,114.3,114.4,118.5,111.1,108.8,110.7,109.3,110.8,114.1,121.7
SEALER-0058,1643,27:23,111.3,105.0,115.2,114.3,117.6,110.7,107.4,110.5,109.2,111.0,113.9,121.7
SEALER-0058,1644,27:24,111.2,104.0,113.8,114.3,117.8,110.4,108.1,110.4,109.1,110.5,112.8,122.5
SEALER-0058,1645,27:25,111.1,103.3,113.2,113.7,116.6,111.1,107.9,110.4,108.2,109.8,114.1,122.0
SEALER-0058,1646,27:26,110.9,103.4,113.9,113.1,116.7,111.0,107.7,109.0,107.8,110.5,113.2,121.7
SEALER-0058,1647,27:27,111.2,103.7,113.3,113.3,116.9,110.2,107.5,109.9,108.2,110.4,112.6,120.9
SEALER-0058,1648,27:28,110.7,103.4,112.6,113.3,116.9,110.4,107.5,109.2,107.1,109.6,112.6,121.0
SEALER-0058,1649,27:29,109.7,102.0,113.2,112.1,115.9,110.0,106.9,109.1,107.6,109.6,112.9,120.9
SEALER-0058,1650,27:30,110.1,103.2,112.7,112.3,115.8,109.4,106.5,109.5,107.8,108.9,111.6,120.1
SEALER-0058,1651,27:31,109.9,102.6,112.6,111.8,115.6,108.8,105.9,109.4,107.2,109.6,111.0,119.6
SEALER-0058,1652,27:32,110.1,103.0,112.6,111.6,116.4,108.7,106.9,108.2,107.3,108.9,112.0,119.5
SEALER-0058,1653,27:33,108.8,101.4,112.2,111.8,115.1,108.8,105.1,109.1,106.7,108.6,111.7,119.0
SEALER-0058,1654,27:34,108.4,102.8,111.8,112.0,115.2,108.6,105.3,107.8,107.0,108.2,111.6,119.5
SEALER-0058,1655,27:35,109.3,102.1,111.2,111.8,113.5,107.6,105.4,108.5,106.5,108.2,110.7,118.6
SEALER-0058,1656,27:36,109.0,102.4,111.5,110.9,114.2,107.0,104.5,107.3,106.6,107.7,110.3,118.9
SEALER-0058,1657,27:37,108.3,100.6,111.4,110.5,114.5,108.1,105.3,108.1,105.7,107.0,110.6,119.0
SEALER-0058,1658,27:38,107.6,101.7,110.1,111.0,113.7,107.2,104.2,107.1,105.5,107.4,110.6,118.2
SEALER-0058,1659,27:39,108.1,100.7,111.1,110.0,113.6,107.3,104.2,106.0,104.5,107.7,109.2,118.2
SEALER-0058,1660,27:40,107.8,100.7,110.4,110.2,113.9,106.4,104.1,106.7,105.6,106.9,109.6,118.1
SEALER-0058,1661,27:41,107.2,100.0,109.9,110.3,113.1,106.5,104.0,106.7,106.1,105.9,109.1,118.7
SEALER-0058,1662,27:42,108.0,100.8,109.3,110.0,112.4,105.9,103.8,106.4,105.1,106.6,108.8,117.8
SEALER-0058,1663,27:43,107.7,99.9,109.4,109.7,112.3,106.0,103.3,105.6,104.4,105.5,109.2,116.6
SEALER-0058,1664,27:44,107.1,100.8,109.4,109.8,112.8,104.7,103.5,105.4,105.7,105.9,108.5,117.0
SEALER-0058,1665,27:45,107.7,99.9,109.3,109.8,112.1,105.2,101.6,103.9,104.8,106.0,108.5,116.1
SEALER-0058,1666,27:46,106.2,100.0,108.4,108.3,112.6,105.3,102.0,104.2,104.3,105.5,108.0,116.7
SEALER-0058,1667,27:47,107.0,99.4,108.0,108.9,112.4,105.4,102.7,104.7,103.9,105.1,109.3,116.8
SEALER-0058,1668,27:48,106.0,98.9,108.4,108.4,111.3,104.3,102.4,104.6,104.0,105.6,106.4,116.0
SEALER-0058,1669,27:49,105.9,98.7,108.6,109.1,110.6,105.2,102.4,104.9,103.6,104.1,107.2,115.2
SEALER-0058,1670,27:50,106.2,98.6,107.5,107.8,111.2,103.9,101.8,104.3,103.7,105.0,107.9,115.8
SEALER-0058,1671,27:51,106.5,98.8,108.2,107.1,109.8,104.1,101.4,104.6,102.4,105.2,106.5,115.1
SEALER-0058,1672,27:52,104.5,99.2,107.4,107.0,110.7,104.1,100.8,104.0,102.5,105.3,107.6,115.5
SEALER-0058,1673,27:53,104.7,97.3,108.3,106.1,110.1,103.7,101.8,103.8,102.6,105.1,106.1,115.4
SEALER-0058,1674,27:54,105.7,97.6,107.1,107.0,109.7,104.4,101.0,103.3,101.5,104.6,106.5,114.8
SEALER-0058,1675,27:55,104.7,97.9,105.8,105.6,109.7,103.3,100.5,102.8,101.7,103.5,105.6,115.0
SEALER-0058,1676,27:56,105.2,97.1,107.1,107.6,109.9,103.0,100.7,103.3,101.4,104.2,106.9,115.0
SEALER-0058,1677,27:57,104.8,96.2,106.5,105.9,109.4,102.3,100.1,102.1,101.6,103.9,104.8,115.5
SEALER-0058,1678,27:58,105.3,97.4,105.6,105.5,108.2,102.3,99.7,102.4,101.1,103.7,105.3,113.1
SEALER-0058,1679,27:59,104.3,96.6,105.5,105.4,108.8,102.7,99.1,102.6,100.2,102.9,104.6,113.5
SEALER-0058,1680,28:00,104.0,96.9,106.1,105.3,108.5,102.6,100.3,102.3,101.3,101.8,105.0,113.6
SEALER-0058,1681,28:01,104.6,96.6,106.1,105.7,107.5,101.5,98.9,102.5,101.6,103.3,105.1,112.8
SEALER-0058,1682,28:02,104.3,96.3,105.3,106.1,107.6,101.8,99.2,101.5,100.9,102.5,104.7,112.1
SEALER-0058,1683,28:03,103.2,96.2,104.9,105.2,107.3,101.7,98.9,101.4,100.5,102.3,104.5,113.1
SEALER-0058,1684,28:04,103.4,95.5,104.6,104.3,107.1,101.1,98.4,101.8,100.4,102.0,103.9,113.3
SEALER-0058,1685,28:05,103.2,96.5,104.5,104.1,107.3,102.3,99.2,101.7,100.1,102.6,104.1,111.7
SEALER-0058,1686,28:06,102.5,95.4,104.5,104.7,106.8,100.1,98.5,101.2,100.1,101.7,104.6,111.9
SEALER-0058,1687,28:07,104.2,95.9,104.0,104.6,106.8,100.0,98.3,100.4,99.4,101.7,103.2,112.4
SEALER-0058,1688,28:08,103.1,94.9,104.6,103.1,105.6,100.2,97.7,99.8,99.4,101.8,103.2,112.1
SEALER-0058,1689,28:09,102.3,94.8,103.9,103.1,105.8,99.7,98.2,99.3,99.5,100.7,102.2,111.3
SEALER-0058,1690,28:10,101.4,95.3,103.8,103.8,105.1,100.5,97.3,100.2,100.0,100.0,102.7,111.2
SEALER-0058,1691,28:11,101.7,95.0,102.8,103.3,105.8,99.6,96.3,100.0,98.8,101.2,103.1,111.5
SEALER-0058,1692,28:12,100.5,94.5,102.6,104.2,105.7,98.7,98.0,99.5,98.5,99.9,102.6,110.5
SEALER-0058,1693,28:13,101.1,94.4,104.4,102.2,105.8,99.4,96.4,99.3,98.8,100.2,102.5,110.8
SEALER-0058,1694,28:14,102.1,94.0,103.2,102.2,104.8,99.3,96.1,99.4,98.3,99.8,102.5,111.0
SEALER-0058,1695,28:15,101.1,93.7,103.4,103.0,104.5,98.6,96.7,97.9,98.5,100.2,102.1,109.8
SEALER-0058,1696,28:16,100.8,92.9,102.7,102.4,104.5,98.9,96.1,98.3,97.9,100.3,101.2,109.9
SEALER-0058,1697,28:17,101.0,94.8,102.1,102.0,104.3,97.5,95.5,98.6,97.2,98.9,102.2,109.6
SEALER-0058,1698,28:18,101.3,94.3,102.0,101.8,103.3,98.5,95.2,98.8,98.0,100.1,100.6,109.3
SEALER-0058,1699,28:19,100.0,93.4,102.6,102.2,103.8,98.8,95.1,98.3,97.8,100.2,101.0,109.4
SEALER-0058,1700,28:20,100.1,92.5,101.5,100.4,103.8,97.8,95.3,98.7,98.0,99.1,100.4,108.8
SEALER-0058,1701,28:21,100.0,93.0,102.4,102.0,103.1,97.5,95.0,97.4,96.6,100.2,100.8,108.4
SEALER-0058,1702,28:22,99.8,92.5,101.1,101.5,103.0,98.1,95.2,97.3,97.1,99.2,98.4,108.6
SEALER-0058,1703,28:23,99.6,91.7,100.5,101.2,102.8,97.1,95.1,97.0,96.1,98.6,99.3,107.9
SEALER-0058,1704,28:24,99.3,93.4,100.6,102.4,103.5,95.9,93.6,97.1,96.3,99.0,100.3,107.8
SEALER-0058,1705,28:25,98.5,91.6,102.2,101.6,102.2,95.9,94.5,96.7,95.5,98.3,99.4,108.1
SEALER-0058,1706,28:26,99.4,91.5,101.3,99.8,102.4,95.7,93.5,98.0,96.2,97.5,100.4,107.9
SEALER-0058,1707,28:27,99.4,90.9,99.3,100.9,102.0,97.1,93.0,96.0,96.2,97.6,99.0,107.6
SEALER-0058,1708,28:28,99.1,90.3,100.0,100.1,101.2,96.8,93.2,96.4,95.8,97.1,99.1,106.9
SEALER-0058,1709,28:29,99.3,90.5,100.1,99.6,101.5,96.0,92.7,96.4,95.6,97.9,98.4,107.7
SEALER-0058,1710,28:30,98.3,91.9,99.8,99.2,101.9,95.7,92.4,95.7,95.6,96.9,98.7,106.9
SEALER-0058,1711,28:31,99.0,91.3,99.9,99.3,100.2,95.9,93.9,95.7,95.7,98.3,98.5,107.0
SEALER-0058,1712,28:32,98.4,90.7,99.1,99.1,100.6,95.3,92.7,96.0,95.2,96.2,97.7,106.8
SEALER-0058,1713,28:33,97.8,91.0,98.7,99.0,100.5,95.4,92.6,95.2,94.9,96.8,97.8,106.7
SEALER-0058,1714,28:34,97.3,90.9,98.8,99.1,101.0,95.6,92.5,95.7,95.0,96.1,98.0,106.7
SEALER-0058,1715,28:35,97.5,90.7,99.2,98.6,100.2,94.4,92.4,94.8,93.6,97.2,97.3,105.7
SEALER-0058,1716,28:36,98.5,89.9,98.6,98.7,99.5,94.0,91.7,95.0,93.6,95.9,96.8,105.8
SEALER-0058,1717,28:37,96.9,89.8,99.0,98.4,99.7,94.7,92.0,94.1,94.1,95.9,97.7,106.6
SEALER-0058,1718,28:38,97.6,89.8,98.0,97.5,99.8,93.9,92.1,93.3,94.4,95.9,97.3,105.7
SEALER-0058,1719,28:39,97.3,89.9,96.8,98.8,99.8,93.4,90.8,93.6,93.7,95.5,96.6,105.8
SEALER-0058,1720,28:40,97.7,89.3,97.6,97.9,99.5,93.3,91.2,93.8,94.5,95.1,96.5,105.6
SEALER-0058,1721,28:41,97.2,89.0,98.5,97.0,99.5,93.0,90.3,92.9,93.5,95.3,96.3,105.2
SEALER-0058,1722,28:42,96.2,89.2,98.1,96.5,97.8,93.4,91.1,93.7,92.6,95.2,95.7,104.8
SEALER-0058,1723,28:43,96.3,89.0,97.2,97.3,99.3,93.9,90.5,93.3,92.6,95.6,96.0,104.1
SEALER-0058,1724,28:44,96.9,89.2,97.3,96.9,98.2,92.7,90.2,93.8,92.4,95.2,95.0,103.8
SEALER-0058,1725,28:45,96.3,89.1,96.4,96.0,98.2,92.8,89.6,91.8,92.7,94.3,95.6,104.4
SEALER-0058,1726,28:46,96.5,89.1,97.7,96.5,98.5,91.7,90.1,92.2,92.7,94.1,95.6,104.0
SEALER-0058,1727,28:47,95.5,88.0,96.5,96.2,97.4,91.9,90.5,93.2,93.1,93.4,95.2,103.4
SEALER-0058,1728,28:48,95.5,88.2,95.3,96.9,97.8,92.3,89.7,92.4,92.6,95.2,95.5,104.0
SEALER-0058,1729,28:49,94.3,87.7,95.4,96.8,97.5,91.7,88.7,92.5,91.8,93.7,96.3,103.4
SEALER-0058,1730,28:50,95.5,87.9,95.4,96.6,96.9,91.7,88.8,92.8,91.9,94.1,95.6,102.8
SEALER-0058,1731,28:51,95.3,87.9,96.1,95.7,96.8,91.6,89.4,91.3,91.1,93.0,94.2,103.3
SEALER-0058,1732,28:52,95.4,87.0,94.8,97.2,96.3,91.4,89.0,92.5,91.3,92.9,94.2,102.0
SEALER-0058,1733,28:53,94.2,87.4,95.5,94.8,95.8,90.7,88.0,91.4,90.9,93.5,94.7,103.3
SEALER-0058,1734,28:54,94.2,87.0,94.6,94.6,95.6,91.0,88.3,90.5,91.9,93.0,93.8,102.3
SEALER-0058,1735,28:55,94.6,87.2,94.8,94.5,95.9,89.9,88.0,90.6,90.5,92.5,94.3,101.6
SEALER-0058,1736,28:56,94.5,87.0,95.1,94.2,95.7,90.3,87.3,91.3,90.9,92.6,94.0,102.6
SEALER-0058,1737,28:57,94.7,86.7,94.1,94.8,95.2,90.2,87.5,90.3,90.1,92.2,92.9,100.9
SEALER-0058,1738,28:58,93.8,86.6,94.9,93.9,95.1,89.8,86.9,90.5,90.1,92.8,94.2,101.9
SEALER-0058,1739,28:59,93.3,85.3,94.4,93.5,94.8,90.1,87.0,90.0,89.9,91.6,93.7,101.4
SEALER-0058,1740,29:00,94.1,85.9,94.9,94.1,96.1,90.5,87.3,90.2,90.8,91.9,92.9,101.1
SEALER-0058,1741,29:01,93.5,85.1,94.5,92.9,95.1,89.9,87.6,90.5,90.5,91.7,92.6,100.8
SEALER-0058,1742,29:02,93.2,85.0,93.6,93.9,94.4,89.8,87.1,89.7,91.0,91.7,91.7,100.7
SEALER-0058,1743,29:03,93.4,86.0,94.6,94.0,94.6,89.1,87.6,88.6,90.2,91.4,91.8,101.5
SEALER-0058,1744,29:04,92.1,85.4,94.4,93.8,94.3,88.6,86.2,89.0,89.4,90.8,92.6,100.7
SEALER-0058,1745,29:05,93.4,85.4,93.8,93.8,93.6,89.0,87.0,89.3,90.4,90.8,92.1,100.8
SEALER-0058,1746,29:06,93.5,85.5,93.6,92.8,94.7,88.8,86.3,88.7,89.0,90.6,91.5,99.7
SEALER-0058,1747,29:07,92.3,84.1,92.7,93.2,94.0,87.8,86.2,88.7,89.2,91.3,92.1,100.2
SEALER-0058,1748,29:08,92.0,84.4,92.6,92.7,94.2,88.7,86.6,88.9,89.5,90.4,91.1,100.2
SEALER-0058,1749,29:09,91.8,84.6,92.4,92.2,93.9,88.5,85.7,88.1,88.8,90.9,91.3,100.3
SEALER-0058,1750,29:10,92.6,85.0,92.2,92.6,92.8,88.2,85.7,88.0,88.6,89.3,90.4,99.0
SEALER-0058,1751,29:11,92.1,84.7,92.5,92.3,93.0,88.6,85.3,87.6,88.9,90.6,90.7,99.2
SEALER-0058,1752,29:12,91.9,84.1,91.6,91.5,91.4,86.5,84.9,88.2,87.7,90.7,90.6,99.8
SEALER-0058,1753,29:13,92.5,83.5,92.4,91.4,92.4,87.1,85.4,88.2,88.1,89.7,89.9,99.0
SEALER-0058,1754,29:14,90.7,83.8,92.3,91.6,92.5,87.5,85.0,87.4,88.1,90.3,90.0,99.6
SEALER-0058,1755,29:15,91.6,83.4,90.7,91.4,91.9,86.7,84.9,87.3,87.5,89.5,90.2,97.6
SEALER-0058,1756,29:16,91.3,83.0,91.8,91.7,92.7,86.1,84.8,87.7,87.7,89.3,90.3,97.8
SEALER-0058,1757,29:17,90.7,84.0,91.5,91.6,90.8,86.5,84.9,87.7,87.5,89.4,89.4,98.6
SEALER-0058,1758,29:18,91.1,83.7,91.1,89.8,90.8,86.4,84.7,86.8,87.5,89.2,89.7,98.0
SEALER-0058,1759,29:19,91.8,83.0,90.4,90.7,91.9,86.0,83.8,86.8,87.3,87.7,89.9,98.1
SEALER-0058,1760,29:20,89.9,83.3,91.3,91.0,90.2,86.4,83.3,86.4,87.2,88.4,87.8,97.8
SEALER-0058,1761,29:21,90.5,82.8,91.3,90.0,90.9,85.6,83.5,87.1,86.7,89.2,89.1,97.9
SEALER-0058,1762,29:22,90.6,82.3,90.0,89.6,90.4,86.2,84.1,86.6,86.6,88.1,88.6,98.5
SEALER-0058,1763,29:23,90.0,83.2,90.6,90.0,91.0,85.6,83.6,85.5,86.9,88.3,88.5,97.1
SEALER-0058,1764,29:24,89.9,82.6,91.1,89.9,89.9,86.2,83.0,86.3,86.4,88.5,88.1,96.7
SEALER-0058,1765,29:25,89.4,82.0,89.9,90.6,91.0,84.9,83.7,85.9,85.8,88.1,87.9,97.2
SEALER-0058,1766,29:26,89.2,81.5,89.3,89.9,90.2,84.7,83.5,86.3,86.2,87.9,88.4,96.3
SEALER-0058,1767,29:27,89.4,82.4,89.1,89.6,90.5,84.7,82.5,85.1,85.6,88.5,88.7,95.7
SEALER-0058,1768,29:28,89.9,80.6,89.6,89.3,89.8,85.2,82.6,85.1,85.8,88.7,89.1,96.7
SEALER-0058,1769,29:29,88.8,81.5,89.4,89.9,89.5,84.9,82.7,85.1,85.9,87.4,87.7,97.2
SEALER-0058,1770,29:30,88.8,81.1,89.9,89.9,89.4,84.1,82.0,84.4,85.9,86.0,87.6,96.1
SEALER-0058,1771,29:31,88.8,81.5,88.3,89.1,90.0,85.1,82.1,84.7,84.8,86.5,87.2,94.9
SEALER-0058,1772,29:32,88.7,81.5,89.0,88.5,88.8,83.8,81.2,83.9,85.0,87.0,86.8,95.2
SEALER-0058,1773,29:33,88.7,81.0,88.0,88.2,89.0,83.0,81.4,83.7,85.0,86.9,86.4,95.6
SEALER-0058,1774,29:34,88.8,79.9,88.4,87.8,89.1,84.1,81.1,84.5,85.2,85.8,86.8,95.5
SEALER-0058,1775,29:35,88.6,80.3,88.6,88.6,88.8,83.6,81.0,84.9,84.3,86.1,86.4,95.3
SEALER-0058,1776,29:36,88.0,80.7,87.0,88.2,88.1,84.8,81.5,84.5,85.1,87.0,87.5,96.5
SEALER-0058,1777,29:37,88.1,80.3,86.7,88.7,88.4,82.6,80.6,83.4,83.9,86.2,87.1,95.1
SEALER-0058,1778,29:38,87.4,79.5,87.2,87.9,87.6,83.3,80.6,84.0,83.4,86.1,86.3,94.5
SEALER-0058,1779,29:39,88.0,80.7,87.9,87.8,87.5,83.2,81.4,83.3,84.5,85.9,86.5,93.8
SEALER-0058,1780,29:40,88.2,80.1,88.6,87.6,87.2,83.0,81.3,82.9,83.9,84.6,86.4,93.8
SEALER-0058,1781,29:41,88.0,80.1,86.7,87.4,87.7,83.7,80.4,82.7,84.4,85.1,85.9,95.1
SEALER-0058,1782,29:42,87.6,79.5,87.0,86.4,86.0,82.9,80.4,82.3,83.7,84.7,85.3,94.6
SEALER-0058,1783,29:43,87.1,80.3,87.8,86.7,87.7,81.1,80.4,82.6,83.5,85.1,85.8,94.9
SEALER-0058,1784,29:44,87.1,79.6,87.7,86.8,86.7,82.8,80.7,82.3,83.5,85.2,85.0,93.6
SEALER-0058,1785,29:45,86.9,79.0,87.3,86.7,86.0,81.3,80.0,82.0,83.5,84.7,84.9,93.4
SEALER-0058,1786,29:46,87.1,78.8,86.8,85.9,86.1,81.7,79.7,83.0,82.6,85.0,85.8,93.6
SEALER-0058,1787,29:47,87.1,79.5,87.3,86.9,86.1,81.4,79.1,82.5,82.4,83.9,85.1,93.0
SEALER-0058,1788,29:48,85.7,77.8,85.8,86.2,85.1,81.7,80.1,82.1,83.8,84.9,84.4,93.5
SEALER-0058,1789,29:49,85.8,79.5,86.0,85.4,86.2,80.8,78.6,82.3,81.9,84.9,85.0,92.6
SEALER-0058,1790,29:50,85.8,78.2,85.5,85.0,85.9,80.7,79.9,81.5,82.2,84.3,84.7,92.9
SEALER-0058,1791,29:51,86.7,77.9,86.1,85.9,85.6,80.4,78.4,82.1,82.7,84.7,84.0,92.4
SEALER-0058,1792,29:52,85.5,77.7,85.9,86.3,86.5,81.4,78.0,82.1,82.7,83.5,84.4,92.4
SEALER-0058,1793,29:53,86.3,76.8,85.5,84.8,85.1,80.8,79.1,80.7,81.3,82.8,83.2,92.1
SEALER-0058,1794,29:54,85.5,78.2,85.8,84.6,85.7,80.2,78.7,81.5,82.0,83.4,83.4,91.5
SEALER-0058,1795,29:55,85.2,78.5,85.7,84.5,84.8,79.9,78.3,82.0,82.1,82.9,84.1,92.3
SEALER-0058,1796,29:56,84.5,77.5,84.8,84.4,84.1,79.7,77.9,80.3,81.8,83.1,83.5,91.8
SEALER-0058,1797,29:57,85.9,77.5,85.8,84.4,85.0,79.5,77.7,81.1,81.0,82.8,82.8,91.6
SEALER-0058,1798,29:58,85.9,77.6,84.6,84.9,85.0,79.5,77.4,80.7,82.0,83.3,82.6,91.1
SEALER-0058,1799,29:59,85.1,77.2,85.0,84.0,84.9,79.9,77.1,80.6,81.0,82.6,82.7,91.0
