trial_id,time_s,time_mmss,T_LH_HOOD,T_LH_FENDER,T_LH_FRONT_DOOR,T_LH_REAR_DOOR,T_LH_Q_P,T_LH_T_G,T_RH_T_G,T_RH_Q_P,T_RH_REAR_DOOR,T_RH_FR_DOOR,T_RH_FENDER,T_RH_HOOD
ED-0034,0,00:00,35.2,36.2,35.0,35.4,35.1,34.4,34.9,35.0,34.6,34.3,35.6,34.0
ED-0034,1,00:01,34.9,35.0,34.5,34.9,35.0,35.9,35.2,35.0,35.2,34.5,34.8,35.5
ED-0034,2,00:02,36.6,33.8,34.1,35.4,34.5,34.9,34.4,35.0,34.8,34.6,36.3,34.4
ED-0034,3,00:03,35.4,35.3,33.7,34.5,35.6,35.5,34.3,35.3,35.1,34.8,34.9,35.3
ED-0034,4,00:04,34.8,36.2,35.7,35.5,35.6,35.5,36.5,34.8,35.1,34.9,34.4,35.0
ED-0034,5,00:05,35.0,34.3,34.8,35.5,35.3,35.0,36.1,35.2,36.9,35.1,35.0,35.0
ED-0034,6,00:06,34.8,34.9,34.6,35.1,35.2,34.8,35.6,34.3,35.0,34.5,34.0,34.4
ED-0034,7,00:07,35.1,34.1,35.5,34.9,35.7,35.3,35.2,34.6,34.7,35.6,34.5,34.8
ED-0034,8,00:08,34.3,35.5,35.3,35.8,35.4,34.3,34.6,35.6,34.6,35.6,35.6,34.8
ED-0034,9,00:09,35.2,34.2,35.5,35.3,35.9,35.4,34.3,36.0,34.7,35.9,35.7,33.5
ED-0034,10,00:10,34.1,35.5,35.2,34.9,34.6,35.8,35.4,34.3,33.8,34.9,35.3,34.0
ED-0034,11,00:11,35.0,34.5,34.7,34.7,35.9,34.6,34.7,34.3,34.9,35.1,34.7,35.5
ED-0034,12,00:12,34.8,34.1,36.0,35.3,35.1,35.1,35.7,35.3,35.6,35.4,35.4,34.4
ED-0034,13,00:13,34.8,36.2,34.7,35.0,35.5,35.6,34.4,35.1,35.1,34.6,35.3,34.8
ED-0034,14,00:14,35.5,35.1,35.1,35.6,35.1,33.7,35.3,34.5,35.4,34.6,35.3,35.2
ED-0034,15,00:15,34.7,35.0,35.7,35.3,34.2,34.9,34.7,36.0,35.1,35.1,35.2,35.3
ED-0034,16,00:16,34.7,35.1,34.6,34.2,35.5,34.5,36.0,35.5,34.7,34.3,34.9,34.7
ED-0034,17,00:17,35.7,35.7,34.0,35.5,34.7,35.4,34.7,35.5,35.6,35.1,35.2,34.5
ED-0034,18,00:18,35.2,35.9,35.9,34.7,34.3,34.4,34.5,36.2,36.4,35.4,34.2,35.1
ED-0034,19,00:19,34.6,35.3,35.7,35.0,35.3,35.4,35.4,35.6,34.7,35.2,35.0,36.4
ED-0034,20,00:20,35.2,36.6,34.3,35.7,35.3,35.2,34.6,35.8,34.7,35.7,35.8,35.0
ED-0034,21,00:21,35.2,35.7,35.6,34.0,35.3,35.0,35.6,35.1,35.0,35.0,34.3,35.5
ED-0034,22,00:22,34.6,35.5,34.9,34.6,36.0,35.1,34.7,35.6,35.1,36.0,34.8,34.9
ED-0034,23,00:23,35.1,34.7,34.6,34.8,35.7,35.0,34.9,34.4,34.9,34.5,34.6,34.4
ED-0034,24,00:24,34.2,34.3,35.4,34.6,36.2,34.4,34.5,35.4,35.5,35.2,34.8,35.6
ED-0034,25,00:25,34.9,34.6,36.2,34.7,35.2,35.4,35.7,35.2,35.0,35.0,35.1,34.5
ED-0034,26,00:26,35.4,35.2,35.5,35.0,34.8,34.6,35.4,34.7,35.1,34.8,35.1,35.2
ED-0034,27,00:27,35.5,35.3,35.6,34.6,35.1,34.9,35.6,34.8,34.9,35.4,34.4,35.6
ED-0034,28,00:28,33.9,34.4,34.6,35.1,35.9,34.2,34.9,34.6,34.7,35.8,35.4,36.0
ED-0034,29,00:29,35.4,35.6,34.5,36.0,34.8,34.1,35.0,35.1,34.6,35.0,35.1,35.7
ED-0034,30,00:30,36.2,36.1,35.6,35.0,35.6,36.0,35.1,34.1,36.1,35.0,35.6,34.1
ED-0034,31,00:31,34.2,35.3,35.0,34.8,35.7,34.7,35.8,34.4,35.6,35.7,36.2,33.6
ED-0034,32,00:32,35.4,35.0,35.6,34.8,35.6,35.8,34.0,36.2,34.5,34.6,35.4,35.4
ED-0034,33,00:33,33.9,35.7,35.4,35.7,35.4,35.1,35.7,35.3,35.3,35.5,35.9,34.5
ED-0034,34,00:34,34.8,35.4,35.2,35.5,35.9,34.3,33.5,34.7,35.3,35.2,35.8,36.8
ED-0034,35,00:35,34.9,35.3,35.7,35.3,35.9,35.6,34.7,35.2,35.1,34.9,35.2,34.5
ED-0034,36,00:36,35.9,35.8,35.3,35.5,36.0,35.2,34.6,34.5,35.6,35.5,35.6,35.6
ED-0034,37,00:37,34.9,35.2,35.4,35.5,35.1,35.3,35.6,35.3,34.9,35.4,35.1,35.4
ED-0034,38,00:38,35.0,35.5,35.3,35.5,34.3,34.8,35.0,35.0,35.6,35.4,34.8,34.6
ED-0034,39,00:39,34.9,35.2,35.3,35.3,34.4,34.4,35.0,35.5,34.7,35.4,35.4,34.6
ED-0034,40,00:40,35.4,35.9,36.3,35.1,35.7,34.4,34.6,35.1,35.8,35.7,35.4,35.5
ED-0034,41,00:41,33.5,35.6,35.5,35.3,35.6,35.0,35.0,35.3,34.6,35.4,35.0,34.9
ED-0034,42,00:42,35.4,35.5,36.2,35.2,35.5,35.1,34.9,34.3,35.0,35.5,35.3,35.3
ED-0034,43,00:43,35.0,34.6,35.0,35.4,34.1,35.1,34.7,34.9,35.6,35.0,35.0,34.9
ED-0034,44,00:44,35.2,34.5,34.9,36.1,34.7,33.7,34.8,33.5,35.4,35.3,34.8,34.3
ED-0034,45,00:45,34.0,35.4,35.4,35.3,34.3,35.8,35.4,34.3,34.9,34.5,34.9,35.2
ED-0034,46,00:46,34.7,36.3,35.3,35.0,34.5,34.7,34.9,34.2,34.8,35.3,35.1,35.4
ED-0034,47,00:47,35.6,36.0,35.1,35.3,35.1,35.2,35.0,35.0,35.3,34.6,34.7,36.0
ED-0034,48,00:48,34.5,35.5,35.7,35.4,35.8,35.3,35.4,35.0,35.0,35.6,35.0,35.4
ED-0034,49,00:49,34.5,35.1,35.3,35.0,35.4,34.7,34.5,34.5,35.2,36.2,35.3,34.7
ED-0034,50,00:50,34.8,35.5,36.0,36.0,34.4,35.3,34.8,34.8,34.7,35.2,36.2,35.8
ED-0034,51,00:51,34.4,35.3,36.1,34.6,35.0,35.2,34.8,35.7,35.2,34.8,37.1,35.0
ED-0034,52,00:52,34.6,36.3,35.7,34.6,34.5,35.8,35.4,34.4,35.0,35.8,35.6,36.2
ED-0034,53,00:53,35.8,36.3,34.9,34.7,35.5,34.1,35.2,35.2,35.2,35.9,35.6,35.9
ED-0034,54,00:54,34.3,35.5,34.9,35.6,35.0,34.9,35.5,34.8,35.3,35.1,35.3,35.1
ED-0034,55,00:55,34.2,35.4,35.0,35.2,35.1,35.2,35.4,35.5,35.7,35.8,34.7,35.1
ED-0034,56,00:56,35.3,35.1,35.4,35.9,34.9,34.9,34.9,34.8,36.3,35.2,35.1,35.3
ED-0034,57,00:57,35.5,35.5,35.8,34.8,35.2,35.6,34.4,35.2,35.0,35.0,35.7,34.5
ED-0034,58,00:58,36.0,35.8,35.6,35.7,34.8,34.2,35.3,35.9,36.7,35.9,35.5,35.6
ED-0034,59,00:59,35.8,35.0,35.6,35.1,35.4,35.5,35.2,35.7,35.5,35.8,34.8,35.3
ED-0034,60,01:00,35.2,35.7,34.9,36.4,34.5,33.7,35.5,34.9,35.3,36.4,35.8,35.2
ED-0034,61,01:01,35.0,35.5,35.5,36.4,35.1,34.7,34.3,34.6,35.6,35.1,36.0,36.0
ED-0034,62,01:02,35.2,35.5,36.3,35.2,35.5,35.1,35.7,35.9,34.7,36.1,35.3,35.3
ED-0034,63,01:03,35.6,35.6,35.4,34.8,36.3,34.2,34.6,34.8,36.6,35.0,35.9,34.7
ED-0034,64,01:04,34.9,35.6,35.0,35.8,35.2,35.0,34.5,36.1,35.4,35.9,35.3,35.4
ED-0034,65,01:05,34.8,36.7,35.5,35.7,35.1,35.3,34.4,34.7,35.2,35.6,34.9,34.8
ED-0034,66,01:06,35.3,35.5,35.5,35.7,35.0,35.4,34.8,35.4,36.4,35.7,35.1,35.3
ED-0034,67,01:07,35.6,36.1,36.0,35.5,35.9,35.5,35.2,34.6,34.8,34.6,35.5,35.6
ED-0034,68,01:08,35.5,35.0,35.2,35.1,35.6,35.4,34.5,35.9,34.8,36.2,35.9,35.0
ED-0034,69,01:09,35.8,34.8,36.4,35.3,35.3,34.9,36.6,35.1,35.5,36.1,35.9,35.1
ED-0034,70,01:10,36.2,36.3,35.7,35.9,35.2,35.2,35.4,34.5,35.9,35.8,34.4,33.5
ED-0034,71,01:11,35.8,35.6,35.6,36.1,35.6,35.2,35.6,35.3,35.5,36.3,35.4,34.9
ED-0034,72,01:12,35.8,35.1,35.6,35.9,35.2,35.4,35.1,36.3,35.4,36.9,34.7,35.5
ED-0034,73,01:13,35.1,35.2,34.8,36.2,35.2,35.9,35.1,35.6,35.8,35.9,35.3,35.6
ED-0034,74,01:14,35.2,35.6,35.6,35.3,34.5,35.5,34.9,34.9,36.0,34.9,35.5,34.9
ED-0034,75,01:15,35.1,35.1,35.5,35.9,36.0,34.8,35.3,35.0,35.3,35.7,35.9,35.7
ED-0034,76,01:16,35.2,35.9,36.3,36.1,35.0,35.3,35.2,36.2,35.5,34.8,36.3,35.9
ED-0034,77,01:17,35.4,35.7,35.0,34.7,34.7,36.0,35.9,35.7,36.0,35.0,36.2,34.8
ED-0034,78,01:18,35.1,35.0,35.7,36.1,35.6,35.6,34.8,35.0,35.7,35.3,34.8,34.1
ED-0034,79,01:19,35.8,35.2,35.5,35.5,33.9,34.8,36.1,34.7,36.1,36.0,35.6,34.5
ED-0034,80,01:20,34.4,35.6,35.8,35.4,35.2,35.6,36.1,34.8,36.0,37.1,35.4,35.5
ED-0034,81,01:21,35.8,35.6,36.5,36.1,35.2,34.4,35.4,35.6,34.4,35.7,35.4,35.6
ED-0034,82,01:22,35.9,35.3,36.0,35.5,36.5,35.2,34.8,35.0,35.9,36.5,35.7,35.6
ED-0034,83,01:23,35.3,35.4,35.6,35.8,35.7,35.2,34.9,35.4,35.9,35.1,36.4,36.5
ED-0034,84,01:24,35.6,36.3,36.2,35.9,35.6,35.4,35.5,34.8,36.3,36.6,36.0,35.5
ED-0034,85,01:25,36.8,35.3,35.3,36.6,34.1,35.6,35.1,35.3,35.2,35.4,35.3,34.6
ED-0034,86,01:26,35.9,36.6,36.0,35.5,34.9,35.2,34.1,35.4,36.3,36.7,35.9,35.7
ED-0034,87,01:27,35.3,36.3,36.0,35.3,35.7,35.7,36.3,35.0,36.0,35.7,35.6,35.1
ED-0034,88,01:28,35.9,36.7,36.1,34.8,35.8,35.6,35.8,34.3,35.9,35.8,35.4,36.0
ED-0034,89,01:29,35.7,36.0,35.8,35.5,35.3,36.0,34.7,35.1,36.3,36.6,36.5,36.7
ED-0034,90,01:30,35.8,35.9,36.3,36.2,35.2,35.1,35.2,35.2,35.5,35.9,36.3,35.8
ED-0034,91,01:31,35.3,35.9,36.6,35.4,34.6,35.3,35.7,34.2,36.2,35.8,35.5,36.5
ED-0034,92,01:32,36.2,36.6,35.9,36.3,35.1,35.7,36.0,34.8,36.2,36.2,36.1,35.8
ED-0034,93,01:33,35.4,35.8,35.6,36.0,35.5,35.0,35.9,36.4,36.7,36.0,35.7,35.7
ED-0034,94,01:34,36.6,37.2,35.6,36.1,35.5,35.3,35.4,34.9,36.2,36.5,36.7,36.1
ED-0034,95,01:35,35.1,35.8,35.7,36.3,36.0,35.2,34.9,35.9,35.6,36.1,36.1,35.4
ED-0034,96,01:36,36.1,36.6,35.5,35.5,35.6,35.8,35.4,35.2,35.7,36.7,36.8,35.2
ED-0034,97,01:37,36.4,35.9,37.2,37.4,34.7,35.4,34.7,35.4,36.3,36.8,36.0,35.8
ED-0034,98,01:38,35.7,36.5,36.6,36.6,35.4,35.9,34.9,36.0,35.4,37.0,35.3,34.6
ED-0034,99,01:39,35.2,36.0,35.7,35.7,35.2,35.9,36.0,36.0,35.9,36.9,36.6,35.9
ED-0034,100,01:40,35.7,36.3,36.1,36.1,34.9,35.6,35.1,35.6,36.5,36.3,36.6,36.0
ED-0034,101,01:41,36.2,37.2,36.1,36.5,36.0,35.4,34.9,35.7,36.8,36.1,36.0,36.7
ED-0034,102,01:42,35.8,36.0,36.2,36.2,35.8,36.4,35.5,34.4,35.0,37.0,36.2,35.8
ED-0034,103,01:43,36.7,36.2,36.0,36.7,34.6,35.5,35.9,35.9,35.9,36.3,36.0,36.1
ED-0034,104,01:44,35.5,34.9,36.3,37.4,35.6,36.0,35.6,35.3,36.7,36.7,36.7,35.5
ED-0034,105,01:45,36.5,35.7,37.0,36.2,35.7,35.6,34.3,35.0,36.5,37.2,36.3,36.7
ED-0034,106,01:46,36.0,36.4,36.4,36.3,35.9,36.0,36.3,34.7,36.7,36.4,35.6,36.8
ED-0034,107,01:47,35.8,37.0,36.9,36.4,36.3,35.1,34.8,35.8,36.5,36.9,36.0,35.0
ED-0034,108,01:48,36.4,36.5,37.0,36.5,35.5,35.6,34.9,34.8,36.7,36.5,36.0,36.8
ED-0034,109,01:49,36.0,36.4,36.6,36.6,35.4,35.5,36.3,35.2,37.0,36.0,36.9,35.1
ED-0034,110,01:50,35.8,36.4,37.4,36.6,36.0,35.4,35.5,35.3,36.8,37.5,36.7,36.9
ED-0034,111,01:51,35.3,36.3,36.3,35.9,35.7,36.4,35.7,36.4,36.7,36.7,36.0,35.7
ED-0034,112,01:52,35.5,37.1,37.8,36.5,35.6,36.0,35.3,35.3,36.4,37.2,36.4,35.8
ED-0034,113,01:53,36.0,36.2,37.1,36.9,35.8,35.7,34.8,36.2,37.5,37.4,36.2,35.5
ED-0034,114,01:54,35.9,35.5,36.1,37.2,35.6,36.4,35.7,35.3,36.9,37.0,37.3,35.8
ED-0034,115,01:55,35.2,36.6,37.1,37.5,35.4,35.7,36.4,35.5,37.0,36.9,36.5,35.9
ED-0034,116,01:56,35.9,36.2,37.4,36.4,35.8,36.1,35.9,36.0,36.6,37.3,36.9,35.2
ED-0034,117,01:57,35.3,37.5,37.8,37.0,35.4,34.8,35.5,36.1,36.5,36.4,36.5,35.3
ED-0034,118,01:58,35.9,36.7,37.5,37.5,35.2,34.9,35.6,36.0,37.3,37.6,36.0,36.2
ED-0034,119,01:59,36.9,37.0,37.8,36.6,36.1,35.6,35.9,36.2,37.1,37.6,36.8,36.3
ED-0034,120,02:00,36.8,36.9,37.2,37.1,36.5,36.7,35.7,35.3,36.6,38.2,36.9,37.2
ED-0034,121,02:01,35.9,37.2,37.6,37.3,35.7,35.6,36.1,36.3,36.4,38.7,36.6,36.3
ED-0034,122,02:02,35.8,37.1,37.1,37.2,36.2,36.4,36.4,36.4,37.5,37.9,36.9,35.9
ED-0034,123,02:03,36.4,38.1,37.0,37.2,36.6,35.7,35.7,35.8,37.3,37.1,38.0,36.7
ED-0034,124,02:04,36.6,37.5,37.3,37.0,35.9,36.3,35.6,36.6,36.0,37.9,36.4,35.9
ED-0034,125,02:05,36.9,37.1,37.4,37.3,36.9,36.6,35.3,35.9,38.0,38.0,36.5,35.5
ED-0034,126,02:06,36.1,36.4,38.0,37.0,36.4,35.8,35.7,35.6,37.8,37.6,38.0,36.5
ED-0034,127,02:07,36.3,37.8,38.4,36.3,35.9,35.7,35.9,37.2,36.7,37.6,37.3,35.0
ED-0034,128,02:08,37.2,37.9,37.6,37.0,37.0,36.6,36.6,35.8,37.9,37.2,36.9,37.1
ED-0034,129,02:09,35.9,37.3,38.1,37.4,35.6,36.1,36.5,36.5,36.8,38.8,36.7,36.1
ED-0034,130,02:10,36.8,37.8,38.3,37.3,36.2,35.5,36.6,36.4,37.0,37.9,37.0,37.0
ED-0034,131,02:11,37.1,36.8,39.0,37.8,36.2,35.6,35.6,36.0,37.8,38.8,36.9,37.2
ED-0034,132,02:12,36.2,37.0,38.3,38.6,36.0,36.4,36.1,36.4,37.3,38.4,38.1,37.0
ED-0034,133,02:13,37.4,37.8,37.3,37.3,36.1,36.8,35.7,35.8,37.0,38.0,37.3,36.5
ED-0034,134,02:14,36.4,37.5,37.8,37.6,36.2,36.9,35.5,37.1,37.9,38.5,37.0,36.4
ED-0034,135,02:15,37.3,36.9,38.4,37.3,36.6,36.4,36.2,36.2,38.2,38.6,37.2,36.3
ED-0034,136,02:16,36.6,37.3,38.1,38.7,37.4,36.3,36.3,36.0,37.5,38.7,37.1,36.2
ED-0034,137,02:17,36.6,37.4,37.5,37.7,36.5,36.8,36.9,36.4,38.6,39.9,37.8,36.6
ED-0034,138,02:18,37.5,38.1,38.8,38.1,36.4,36.4,35.9,36.4,38.2,39.2,37.8,37.2
ED-0034,139,02:19,37.1,36.8,39.2,37.9,36.2,37.0,35.5,36.4,38.5,39.7,37.6,37.4
ED-0034,140,02:20,36.9,38.2,38.8,38.5,35.6,36.1,36.5,36.4,37.4,39.1,37.8,37.4
ED-0034,141,02:21,37.2,38.1,38.7,38.4,36.3,36.8,36.4,36.9,38.0,38.6,37.4,36.2
ED-0034,142,02:22,36.6,38.9,38.9,38.1,36.1,36.0,36.7,36.3,38.4,39.3,38.5,37.7
ED-0034,143,02:23,36.3,38.3,38.9,39.1,37.4,36.2,36.0,36.7,38.8,38.8,37.9,37.2
ED-0034,144,02:24,37.4,38.7,38.4,38.9,36.6,36.8,36.7,36.5,39.0,40.3,38.0,37.1
ED-0034,145,02:25,36.8,37.9,40.4,39.0,36.3,36.9,36.4,37.9,39.2,39.4,37.7,37.1
ED-0034,146,02:26,36.8,37.8,38.7,39.5,36.8,36.5,36.9,36.3,38.0,40.2,38.5,37.6
ED-0034,147,02:27,37.1,39.0,39.0,38.6,37.2,35.2,35.9,36.3,38.0,40.2,38.5,36.4
ED-0034,148,02:28,37.4,38.4,39.3,38.4,36.9,36.2,36.9,37.0,39.0,38.8,38.5,37.6
ED-0034,149,02:29,37.1,39.1,39.9,39.1,36.7,36.9,38.4,38.0,39.4,39.8,37.6,37.3
ED-0034,150,02:30,38.7,39.7,38.6,39.7,36.6,36.2,36.7,37.0,39.4,40.6,38.4,37.4
ED-0034,151,02:31,37.3,38.6,40.1,39.1,37.3,38.0,37.1,38.2,39.7,40.2,37.7,36.3
ED-0034,152,02:32,36.6,39.1,39.7,39.7,37.1,36.6,36.6,37.5,38.6,40.3,38.5,37.8
ED-0034,153,02:33,37.6,39.7,40.1,39.3,36.7,36.2,36.9,36.9,38.6,40.7,38.2,37.6
ED-0034,154,02:34,37.0,40.3,40.5,39.8,38.0,37.1,36.8,37.0,38.4,40.0,39.5,38.1
ED-0034,155,02:35,38.1,40.4,40.7,40.4,37.0,36.6,37.2,37.8,39.7,41.1,39.4,37.4
ED-0034,156,02:36,37.6,39.7,41.1,39.9,37.1,36.6,37.3,37.0,40.0,40.0,39.0,39.1
ED-0034,157,02:37,39.3,40.1,41.4,39.6,37.6,36.8,37.1,37.0,39.6,42.0,39.2,38.4
ED-0034,158,02:38,38.7,39.5,40.4,40.5,38.1,36.5,37.6,37.1,40.1,40.8,39.4,38.3
ED-0034,159,02:39,38.4,40.0,40.7,41.2,37.4,37.3,37.9,36.8,39.9,41.4,39.9,38.6
ED-0034,160,02:40,38.2,39.8,41.2,40.6,38.0,36.9,37.0,36.4,39.5,40.9,39.3,39.1
ED-0034,161,02:41,38.9,39.3,41.5,40.1,37.6,37.3,37.9,38.0,40.4,41.5,40.4,37.6
ED-0034,162,02:42,38.6,41.1,41.0,39.8,37.7,37.2,36.3,36.9,39.5,41.4,38.8,37.7
ED-0034,163,02:43,39.6,41.0,42.4,41.1,37.5,37.1,37.2,37.9,39.8,42.3,40.2,38.2
ED-0034,164,02:44,37.9,39.6,41.6,40.7,37.6,36.9,36.7,37.6,40.8,42.4,39.9,38.1
ED-0034,165,02:45,37.9,40.8,41.6,40.8,38.1,37.8,37.3,38.1,40.8,42.1,39.1,38.1
ED-0034,166,02:46,38.5,40.2,42.5,41.6,37.2,37.6,37.5,38.4,39.7,42.1,40.0,38.7
ED-0034,167,02:47,38.6,41.0,41.5,41.5,37.6,38.1,38.6,38.0,41.0,42.9,40.9,39.3
ED-0034,168,02:48,38.3,41.3,41.5,41.6,38.1,37.0,37.4,38.1,40.9,42.5,39.7,38.1
ED-0034,169,02:49,39.9,41.5,42.7,41.2,37.9,37.4,38.0,38.0,40.1,43.5,40.9,38.6
ED-0034,170,02:50,38.3,41.1,41.7,41.1,38.0,37.9,38.3,38.2,41.2,42.9,40.6,38.7
ED-0034,171,02:51,39.4,41.7,43.1,42.1,37.2,37.6,37.0,38.4,41.9,44.2,40.5,38.5
ED-0034,172,02:52,40.1,41.2,43.0,41.8,38.9,37.8,38.2,39.6,41.6,43.2,40.8,39.0
ED-0034,173,02:53,38.6,42.1,43.5,41.1,39.6,37.6,38.8,38.6,41.1,42.8,41.0,39.3
ED-0034,174,02:54,39.4,42.3,43.1,42.5,38.3,38.2,38.1,39.1,41.7,43.6,41.1,38.4
ED-0034,175,02:55,38.7,41.9,43.2,43.0,37.3,38.1,38.2,38.4,41.6,43.8,40.5,39.7
ED-0034,176,02:56,40.0,42.6,43.5,42.5,39.2,37.5,38.2,38.4,42.8,44.7,41.1,39.6
ED-0034,177,02:57,40.2,41.5,44.5,42.4,38.6,37.3,38.1,39.2,42.5,43.5,41.5,39.1
ED-0034,178,02:58,40.3,43.3,43.4,43.0,38.1,37.7,38.3,38.8,42.1,45.0,42.1,39.2
ED-0034,179,02:59,40.6,43.3,44.1,43.4,38.7,37.9,39.1,39.8,42.6,44.3,41.1,40.3
ED-0034,180,03:00,40.2,43.6,44.1,43.4,39.3,37.7,38.9,39.3,42.5,45.1,42.4,40.1
ED-0034,181,03:01,39.8,41.9,44.9,43.6,39.1,38.7,38.5,39.2,43.2,45.3,41.8,38.4
ED-0034,182,03:02,41.2,42.9,45.3,44.1,38.9,38.0,38.2,38.9,42.8,46.0,42.2,41.0
ED-0034,183,03:03,41.6,43.4,44.8,44.0,39.0,38.5,38.4,39.9,43.7,45.9,42.7,39.3
ED-0034,184,03:04,40.5,44.1,45.5,44.1,39.7,38.8,39.0,39.3,43.6,46.4,42.5,40.4
ED-0034,185,03:05,41.6,44.5,44.9,44.4,39.3,38.6,39.2,39.7,43.2,46.4,42.5,40.5
ED-0034,186,03:06,41.6,43.7,45.0,44.6,38.7,38.3,39.5,39.7,44.3,47.2,43.7,40.4
ED-0034,187,03:07,41.2,43.8,45.9,44.4,39.3,38.9,40.0,39.3,44.5,47.5,43.5,39.9
ED-0034,188,03:08,42.2,44.3,45.6,45.0,40.3,39.2,40.0,39.7,44.1,46.8,43.5,40.8
ED-0034,189,03:09,42.0,43.7,46.8,45.2,39.2,38.7,40.2,39.3,44.8,47.5,44.5,40.7
ED-0034,190,03:10,40.8,44.9,47.2,45.4,39.2,38.8,39.6,40.3,45.3,48.5,43.9,41.1
ED-0034,191,03:11,40.6,44.6,47.6,45.2,41.0,39.4,40.0,41.1,45.2,47.9,44.7,41.3
ED-0034,192,03:12,41.7,45.7,47.5,45.3,40.7,40.3,39.9,40.9,45.7,48.1,44.2,40.7
ED-0034,193,03:13,42.6,45.6,47.6,46.9,40.1,39.8,39.7,40.3,46.3,48.6,44.9,40.9
ED-0034,194,03:14,41.9,46.0,47.1,45.7,41.4,39.7,40.8,40.1,46.5,47.2,44.2,41.9
ED-0034,195,03:15,42.6,45.3,47.7,46.5,40.1,40.2,40.7,40.8,46.8,48.9,45.2,41.8
ED-0034,196,03:16,42.2,46.6,48.1,46.8,40.4,40.2,41.1,41.9,46.6,49.0,45.4,41.2
ED-0034,197,03:17,44.2,46.3,48.9,47.4,40.5,39.8,41.5,40.5,46.7,49.6,45.6,42.0
ED-0034,198,03:18,43.0,46.2,49.2,48.5,40.9,40.3,41.1,41.8,46.1,50.0,44.7,41.9
ED-0034,199,03:19,42.4,46.9,50.6,47.8,41.1,40.8,41.1,41.8,47.4,51.1,46.5,42.0
ED-0034,200,03:20,42.4,46.2,49.8,47.8,41.1,39.8,41.1,41.5,46.1,51.0,45.8,42.8
ED-0034,201,03:21,43.2,47.9,49.7,47.9,41.5,39.8,41.4,41.2,47.2,51.1,45.6,43.5
ED-0034,202,03:22,43.7,47.6,49.9,48.9,41.0,40.5,41.3,42.5,48.8,51.0,45.8,42.7
ED-0034,203,03:23,43.6,46.9,50.8,48.4,41.3,41.0,42.2,41.7,48.1,50.6,47.3,42.7
ED-0034,204,03:24,43.5,48.5,51.4,48.7,42.1,41.0,40.1,42.6,48.6,52.1,46.5,44.0
ED-0034,205,03:25,44.9,48.7,51.3,49.7,41.8,41.1,41.4,41.3,49.1,51.8,47.3,43.8
ED-0034,206,03:26,44.4,49.0,51.2,50.1,42.0,41.2,40.9,42.4,50.6,52.2,47.9,44.0
ED-0034,207,03:27,44.7,48.0,52.2,49.6,41.9,41.1,42.2,43.4,49.0,53.2,48.1,43.1
ED-0034,208,03:28,43.8,48.6,51.9,49.6,42.8,41.2,41.7,42.8,50.1,52.8,48.6,42.6
ED-0034,209,03:29,45.3,50.6,52.1,50.4,43.5,40.5,42.0,43.3,50.6,53.5,48.5,44.9
ED-0034,210,03:30,45.5,49.9,52.6,50.6,42.9,41.5,43.0,43.7,51.1,54.0,48.0,44.5
ED-0034,211,03:31,45.2,50.2,53.1,51.4,43.9,41.4,42.7,44.3,50.7,53.7,48.7,44.7
ED-0034,212,03:32,44.9,50.7,53.6,51.8,43.6,42.3,43.0,44.0,51.8,54.5,49.4,44.7
ED-0034,213,03:33,46.8,51.1,53.8,51.2,42.9,41.8,43.0,43.7,51.1,55.6,49.2,45.1
ED-0034,214,03:34,46.0,51.7,54.4,53.0,43.9,42.6,43.0,44.2,52.4,55.6,49.4,46.1
ED-0034,215,03:35,46.6,50.1,54.1,51.8,44.2,42.5,44.2,44.1,52.2,56.3,51.1,45.4
ED-0034,216,03:36,46.8,52.2,55.0,53.4,43.9,42.7,43.9,44.0,51.9,56.5,50.3,45.6
ED-0034,217,03:37,47.3,52.0,55.6,52.8,44.2,42.2,44.8,44.6,53.6,55.6,51.0,46.2
ED-0034,218,03:38,47.8,52.4,56.5,54.6,43.9,43.0,44.0,44.9,52.7,56.9,51.5,46.4
ED-0034,219,03:39,48.2,52.5,56.3,52.6,45.1,43.7,44.5,44.8,53.8,57.4,51.0,46.1
ED-0034,220,03:40,47.6,52.4,56.6,54.7,45.8,42.4,44.7,45.4,54.2,57.6,52.1,46.6
ED-0034,221,03:41,48.2,52.9,57.4,55.6,45.8,43.4,45.3,44.8,52.8,58.7,51.7,46.5
ED-0034,222,03:42,47.8,53.5,57.3,55.7,44.6,43.5,44.8,45.6,55.0,58.9,51.5,46.9
ED-0034,223,03:43,48.3,54.2,58.2,54.7,45.3,44.6,45.0,45.6,54.6,59.0,52.4,47.4
ED-0034,224,03:44,49.2,55.4,58.6,55.0,46.6,43.6,45.4,45.9,54.6,59.7,53.5,47.6
ED-0034,225,03:45,48.6,55.3,58.9,56.3,46.6,44.2,46.1,47.1,55.4,59.8,53.0,49.1
ED-0034,226,03:46,49.6,55.1,58.8,55.9,46.9,44.3,45.3,46.3,55.7,61.5,53.2,48.6
ED-0034,227,03:47,50.4,56.4,58.9,56.5,45.9,44.7,46.3,47.0,55.9,61.0,54.4,48.5
ED-0034,228,03:48,50.6,56.5,60.5,57.5,47.4,45.1,46.7,47.4,56.6,60.5,54.9,48.5
ED-0034,229,03:49,50.6,57.9,60.7,58.1,46.6,45.5,46.4,46.9,57.6,61.9,54.7,49.8
ED-0034,230,03:50,50.2,57.5,61.0,58.5,47.9,46.5,47.5,48.2,58.0,61.6,54.8,49.2
ED-0034,231,03:51,51.0,57.6,61.5,58.8,48.8,46.1,47.5,48.3,58.7,62.5,55.9,50.9
ED-0034,232,03:52,51.4,58.0,62.1,58.3,47.8,45.2,47.5,48.0,58.9,63.3,55.9,50.6
ED-0034,233,03:53,52.6,57.9,62.5,59.6,48.4,46.0,47.5,48.4,57.8,63.6,56.7,49.8
ED-0034,234,03:54,52.4,58.6,63.0,60.6,48.3,46.5,47.8,48.6,59.5,64.4,56.4,50.0
ED-0034,235,03:55,52.5,58.6,63.9,61.2,49.0,45.8,47.9,49.1,59.4,64.7,57.6,50.8
ED-0034,236,03:56,51.7,59.7,63.7,59.9,49.3,47.8,49.2,49.6,60.6,64.7,57.3,51.1
ED-0034,237,03:57,52.4,59.9,64.4,61.4,49.2,47.5,48.3,49.6,60.8,66.2,57.5,52.0
ED-0034,238,03:58,54.3,59.7,64.6,61.3,49.8,47.3,48.9,49.7,61.5,65.8,58.6,52.0
ED-0034,239,03:59,53.9,61.2,65.3,62.1,49.8,47.6,49.1,50.5,61.4,65.9,59.5,51.1
ED-0034,240,04:00,55.0,62.2,65.8,61.9,50.2,47.4,50.1,50.7,61.3,67.5,58.8,52.9
ED-0034,241,04:01,54.3,62.2,65.9,62.4,50.5,47.8,49.6,50.6,62.1,67.5,59.4,52.5
ED-0034,242,04:02,54.5,62.5,67.8,64.4,50.9,49.5,50.3,51.4,62.4,67.9,61.0,53.4
ED-0034,243,04:03,55.7,63.0,68.9,63.5,51.4,49.4,51.7,51.3,63.0,69.1,60.3,54.0
ED-0034,244,04:04,56.1,63.7,67.3,63.8,51.3,49.2,51.0,51.2,64.4,69.0,61.0,53.7
ED-0034,245,04:05,55.9,63.2,68.9,64.6,51.5,50.0,51.4,52.4,65.1,69.5,62.0,54.7
ED-0034,246,04:06,56.8,63.9,68.7,64.9,51.9,49.4,50.9,53.5,65.1,69.9,62.0,54.8
ED-0034,247,04:07,57.0,64.6,68.8,65.8,52.7,49.2,52.4,53.5,64.7,71.1,63.1,56.1
ED-0034,248,04:08,57.0,64.1,69.4,65.5,53.0,50.0,52.3,53.4,66.0,70.7,62.5,55.7
ED-0034,249,04:09,57.2,65.7,70.0,66.1,53.3,50.1,52.9,53.2,66.2,71.5,63.1,56.5
ED-0034,250,04:10,58.6,66.4,71.0,67.1,53.9,49.7,52.8,54.2,66.7,73.1,64.0,56.7
ED-0034,251,04:11,58.6,66.7,71.3,67.0,53.6,51.4,53.4,54.5,68.0,72.7,64.3,55.8
ED-0034,252,04:12,59.2,67.7,71.9,68.5,54.6,51.5,53.3,55.2,68.3,73.2,65.3,55.8
ED-0034,253,04:13,59.0,67.0,72.1,68.5,54.8,51.5,53.9,55.3,68.2,73.9,64.8,57.8
ED-0034,254,04:14,58.9,68.1,72.6,68.5,54.4,52.4,54.6,55.5,69.4,73.7,65.5,57.8
ED-0034,255,04:15,61.3,68.0,73.4,69.7,55.6,52.5,54.5,55.7,69.7,75.0,66.0,57.7
ED-0034,256,04:16,60.4,69.1,72.8,69.9,56.4,52.5,55.3,56.1,70.1,74.4,66.1,58.3
ED-0034,257,04:17,61.8,68.5,73.9,70.1,57.1,52.4,54.4,55.9,70.7,75.8,65.9,59.4
ED-0034,258,04:18,61.0,70.5,75.3,70.8,56.5,54.2,56.0,57.8,71.2,76.6,66.8,59.3
ED-0034,259,04:19,61.6,70.0,75.7,71.1,57.5,54.2,57.0,57.5,71.8,75.9,68.2,60.3
ED-0034,260,04:20,61.4,70.7,75.6,71.9,57.3,53.9,56.6,57.8,71.5,77.2,68.3,60.1
ED-0034,261,04:21,62.4,71.8,77.1,72.7,57.6,53.6,56.9,58.8,72.2,77.4,68.1,61.4
ED-0034,262,04:22,63.1,71.0,77.4,73.0,58.5,54.5,57.1,58.8,73.1,78.7,68.6,61.1
ED-0034,263,04:23,63.2,71.7,78.2,73.4,58.9,55.3,57.5,58.6,72.9,78.9,70.0,62.4
ED-0034,264,04:24,64.3,72.5,78.6,72.9,59.0,55.9,58.4,59.0,73.6,79.7,69.9,62.4
ED-0034,265,04:25,64.5,73.6,78.2,74.6,59.5,56.2,58.3,60.0,74.3,79.6,70.2,62.3
ED-0034,266,04:26,63.4,73.5,78.8,75.0,59.6,55.3,59.4,60.0,75.0,80.9,70.6,63.4
ED-0034,267,04:27,65.1,74.7,80.6,75.1,60.0,57.2,59.3,60.3,75.5,81.2,71.7,62.5
ED-0034,268,04:28,65.0,75.4,80.1,75.5,61.2,57.9,60.0,62.0,76.5,82.8,71.3,63.7
ED-0034,269,04:29,66.6,75.2,80.4,75.9,61.3,57.9,60.1,62.7,75.9,82.1,72.8,65.2
ED-0034,270,04:30,67.0,75.7,81.7,76.5,61.2,58.4,61.0,61.4,77.7,82.5,73.2,64.8
ED-0034,271,04:31,67.7,77.0,82.3,77.2,61.6,57.7,61.8,62.7,77.7,83.8,73.6,65.3
ED-0034,272,04:32,68.3,76.9,82.8,78.4,61.8,58.3,60.9,63.2,78.4,83.5,73.9,65.6
ED-0034,273,04:33,69.0,76.8,82.8,78.1,62.9,58.1,62.5,63.7,78.9,84.4,74.2,66.1
ED-0034,274,04:34,68.9,77.8,83.0,78.9,63.5,60.1,62.5,62.8,78.6,84.4,74.9,66.9
ED-0034,275,04:35,69.0,78.0,83.8,78.7,64.1,59.4,63.2,63.6,79.6,85.4,75.6,66.6
ED-0034,276,04:36,69.8,78.6,84.9,78.7,64.4,60.8,63.8,65.4,80.5,85.7,75.8,67.2
ED-0034,277,04:37,69.8,79.3,85.1,80.1,65.4,61.4,64.2,64.3,79.9,86.4,76.3,68.7
ED-0034,278,04:38,71.9,80.2,85.4,81.5,65.3,62.4,64.9,65.1,81.1,86.6,77.2,68.2
ED-0034,279,04:39,71.7,80.1,86.4,82.1,65.4,61.0,64.6,66.7,82.0,87.4,77.3,69.0
ED-0034,280,04:40,71.6,79.6,86.3,81.9,66.8,62.7,65.5,66.4,82.0,87.5,77.4,68.9
ED-0034,281,04:41,72.4,81.3,87.5,83.0,66.7,61.5,66.9,66.6,82.3,88.4,78.0,69.9
ED-0034,282,04:42,72.7,83.0,86.4,82.4,66.6,62.8,67.7,68.1,82.4,89.2,79.1,70.7
ED-0034,283,04:43,73.5,82.4,87.4,82.1,67.7,63.5,66.6,68.0,83.6,89.1,78.9,71.3
ED-0034,284,04:44,74.0,82.1,88.7,84.5,68.7,63.2,68.3,69.1,82.8,90.2,79.5,70.3
ED-0034,285,04:45,74.5,83.4,89.2,83.8,69.2,64.2,67.5,68.9,84.5,90.4,80.6,71.7
ED-0034,286,04:46,74.6,83.4,89.3,83.7,69.1,65.5,69.0,69.3,85.5,90.0,81.5,71.2
ED-0034,287,04:47,75.4,84.5,89.9,85.0,69.9,65.1,68.6,69.6,85.4,91.7,81.2,72.9
ED-0034,288,04:48,75.5,85.1,91.4,85.7,69.7,66.4,70.1,70.4,86.3,91.4,81.8,73.5
ED-0034,289,04:49,76.2,84.9,92.3,85.6,71.3,66.3,69.7,70.9,86.9,92.8,82.6,72.8
ED-0034,290,04:50,76.8,85.7,91.4,86.1,71.0,67.2,71.3,70.8,87.6,92.5,82.4,74.3
ED-0034,291,04:51,75.9,86.7,92.4,87.0,72.3,66.9,70.7,71.4,88.0,93.1,83.4,74.0
ED-0034,292,04:52,78.1,87.0,92.7,86.9,72.9,67.4,71.1,72.5,88.0,93.9,84.2,75.6
ED-0034,293,04:53,78.3,86.9,92.3,88.9,72.9,67.8,70.9,72.6,88.4,94.6,83.7,75.6
ED-0034,294,04:54,79.5,87.2,93.5,87.6,73.3,69.1,72.8,74.0,88.0,95.4,85.2,75.1
ED-0034,295,04:55,79.2,88.1,93.4,87.6,73.9,69.5,72.9,75.1,89.9,95.2,85.6,76.8
ED-0034,296,04:56,78.9,88.3,94.7,89.2,74.5,69.5,73.9,74.5,90.4,95.5,84.5,75.9
ED-0034,297,04:57,81.2,88.6,95.0,90.1,74.6,69.9,74.5,74.9,90.0,95.5,86.5,76.6
ED-0034,298,04:58,80.7,89.7,95.6,89.2,75.1,70.1,75.6,76.1,91.5,95.6,86.3,77.7
ED-0034,299,04:59,81.0,89.3,95.3,89.7,75.6,71.6,75.6,75.6,91.6,96.8,87.1,77.6
ED-0034,300,05:00,82.0,89.6,96.7,90.4,76.6,71.4,75.2,75.9,91.6,98.5,87.4,78.4
ED-0034,301,05:01,81.4,90.8,96.8,91.3,76.9,72.4,76.1,76.6,91.9,96.7,88.1,79.2
ED-0034,302,05:02,82.8,90.3,97.1,91.8,77.5,72.9,75.7,77.5,92.9,97.9,88.2,79.7
ED-0034,303,05:03,82.9,91.6,97.8,92.7,77.0,73.2,77.4,77.6,92.5,96.7,87.7,80.2
ED-0034,304,05:04,83.2,91.7,97.0,92.4,77.9,73.1,78.7,78.4,94.0,98.7,89.2,80.5
ED-0034,305,05:05,84.3,93.2,98.5,93.1,79.8,73.0,77.9,78.9,93.5,99.5,89.8,81.2
ED-0034,306,05:06,84.2,92.7,97.8,93.8,79.3,74.4,78.5,78.8,94.6,99.4,89.5,81.7
ED-0034,307,05:07,84.4,92.2,99.3,92.6,78.9,74.3,79.6,79.3,95.1,99.8,89.2,81.5
ED-0034,308,05:08,85.4,93.0,99.7,93.8,81.2,75.9,80.1,79.8,95.9,100.0,90.6,81.8
ED-0034,309,05:09,85.9,94.0,101.0,95.1,81.4,75.3,80.7,80.9,95.4,101.3,90.9,82.8
ED-0034,310,05:10,86.7,94.2,100.2,94.0,80.3,76.8,80.9,81.4,95.4,100.3,91.3,83.5
ED-0034,311,05:11,85.8,94.9,101.3,94.5,83.0,76.4,81.4,81.9,96.8,101.3,91.2,83.8
ED-0034,312,05:12,86.6,94.6,101.5,95.4,82.7,77.4,81.2,82.2,97.3,101.1,92.0,84.4
ED-0034,313,05:13,87.7,96.3,101.5,96.4,83.0,77.9,82.9,83.4,97.2,100.3,91.7,84.4
ED-0034,314,05:14,87.5,96.6,102.5,95.7,83.8,78.3,83.0,83.6,98.4,102.4,92.0,85.4
ED-0034,315,05:15,88.6,96.8,103.3,96.9,84.4,79.0,82.8,83.7,97.2,102.5,92.5,85.7
ED-0034,316,05:16,89.1,96.3,102.2,96.3,84.7,78.0,84.6,83.7,98.4,102.8,93.8,85.7
ED-0034,317,05:17,89.5,97.5,102.9,97.2,85.1,79.7,85.3,85.8,99.7,102.9,93.8,85.8
ED-0034,318,05:18,89.6,97.2,102.9,97.3,86.3,79.7,85.8,85.7,99.0,103.9,94.7,86.4
ED-0034,319,05:19,90.1,97.5,103.9,98.0,86.3,80.2,85.6,85.4,100.1,103.5,94.4,86.8
ED-0034,320,05:20,90.3,98.5,104.4,98.2,86.7,80.1,86.8,85.4,99.3,104.3,94.5,87.7
ED-0034,321,05:21,91.3,98.5,104.6,99.6,86.6,82.5,86.7,87.2,99.6,105.3,96.1,88.9
ED-0034,322,05:22,91.3,99.6,104.5,98.7,87.4,81.7,87.6,87.0,101.1,104.8,95.8,88.5
ED-0034,323,05:23,92.0,99.8,104.7,99.3,87.7,83.1,87.8,88.0,100.2,103.6,96.2,88.6
ED-0034,324,05:24,91.6,99.0,105.4,99.1,87.8,82.5,87.8,87.6,100.3,106.0,96.9,90.0
ED-0034,325,05:25,92.7,100.6,105.7,100.1,89.3,82.2,88.5,88.2,101.3,104.5,97.1,90.6
ED-0034,326,05:26,92.1,98.9,105.7,99.8,89.8,84.0,88.7,88.4,102.5,106.5,98.3,90.9
ED-0034,327,05:27,93.0,100.5,106.3,100.2,89.3,84.7,89.2,88.2,101.2,106.9,97.8,90.3
ED-0034,328,05:28,93.6,100.1,106.7,100.7,90.7,84.3,90.4,89.2,102.3,107.5,97.3,90.0
ED-0034,329,05:29,94.1,100.8,106.9,100.4,90.1,85.3,90.1,90.2,103.1,107.3,97.5,90.8
ED-0034,330,05:30,94.0,102.0,106.8,101.6,90.3,86.2,90.8,90.7,103.2,106.3,98.1,90.3
ED-0034,331,05:31,94.7,100.9,107.4,100.9,90.7,87.0,91.6,90.4,103.3,107.6,98.8,92.2
ED-0034,332,05:32,94.8,101.4,107.4,102.1,91.8,86.9,90.7,90.3,103.1,108.2,98.2,92.0
ED-0034,333,05:33,95.1,102.6,107.6,102.4,91.6,87.3,91.7,91.3,103.7,107.6,99.8,92.9
ED-0034,334,05:34,96.1,102.8,109.5,101.9,92.6,87.9,91.4,91.5,104.6,108.4,98.8,93.4
ED-0034,335,05:35,95.4,103.5,109.0,102.6,92.1,87.6,93.4,91.8,104.4,108.7,100.2,94.0
ED-0034,336,05:36,95.6,103.1,107.7,103.9,93.8,90.1,94.1,92.1,105.5,109.6,100.4,93.6
ED-0034,337,05:37,96.9,102.3,108.9,102.9,94.0,89.0,94.1,92.5,104.9,108.5,100.7,94.3
ED-0034,338,05:38,96.3,103.8,108.7,103.9,93.8,89.8,94.9,92.4,105.0,109.5,100.8,93.7
ED-0034,339,05:39,98.2,103.7,109.2,103.3,94.6,90.1,94.9,94.1,105.7,110.4,100.1,94.8
ED-0034,340,05:40,98.1,103.9,109.2,103.5,96.4,90.6,95.1,93.2,106.4,109.4,101.9,95.2
ED-0034,341,05:41,97.0,104.2,109.3,102.6,95.7,89.8,96.1,94.5,106.9,110.3,101.2,96.3
ED-0034,342,05:42,98.6,104.4,110.2,103.4,96.1,91.2,95.3,94.4,106.2,110.5,102.5,95.5
ED-0034,343,05:43,97.2,104.6,109.0,104.7,96.6,90.3,96.9,95.3,107.1,109.4,101.4,96.5
ED-0034,344,05:44,99.4,105.2,110.4,104.9,97.3,92.2,96.9,95.6,106.2,111.5,102.6,96.1
ED-0034,345,05:45,99.2,105.5,110.1,105.0,96.9,92.1,98.2,96.2,106.2,109.6,102.3,96.1
ED-0034,346,05:46,100.2,105.6,110.9,106.4,96.6,91.4,97.8,95.7,107.4,111.5,102.5,97.5
ED-0034,347,05:47,100.1,105.3,110.3,104.8,96.5,92.8,98.6,97.7,107.9,110.5,103.1,97.0
ED-0034,348,05:48,99.9,105.0,111.9,105.3,97.9,93.6,98.9,97.0,108.3,111.5,103.4,97.2
ED-0034,349,05:49,100.6,106.6,111.0,105.6,98.8,93.4,99.5,97.4,108.6,111.4,103.1,98.0
ED-0034,350,05:50,99.9,106.5,112.0,105.4,98.0,92.8,98.8,97.8,108.7,111.8,103.0,97.9
ED-0034,351,05:51,100.5,106.6,112.6,105.7,98.9,93.9,99.8,97.2,108.1,111.4,102.8,97.7
ED-0034,352,05:52,100.5,106.4,112.7,106.1,100.1,94.5,99.1,97.8,108.4,112.1,104.5,99.0
ED-0034,353,05:53,101.7,107.0,112.6,106.1,100.0,95.6,100.2,98.4,109.0,112.2,103.7,97.4
ED-0034,354,05:54,102.3,107.5,113.2,107.6,99.8,95.6,101.0,98.7,109.2,112.0,104.2,99.2
ED-0034,355,05:55,102.3,107.7,112.3,106.7,100.3,95.6,101.0,99.1,108.2,113.0,104.6,100.4
ED-0034,356,05:56,102.5,108.0,112.7,106.9,100.6,95.6,102.2,98.2,109.4,112.9,104.3,100.2
ED-0034,357,05:57,102.4,108.7,113.6,107.2,101.6,96.9,102.3,99.8,110.3,112.8,104.3,100.0
ED-0034,358,05:58,103.5,108.5,113.4,107.3,101.1,96.2,101.5,98.8,109.8,113.7,104.8,99.9
ED-0034,359,05:59,102.4,108.1,113.3,107.5,101.4,97.5,102.0,100.9,110.5,113.6,105.5,101.1
ED-0034,360,06:00,103.5,108.0,113.0,106.9,102.6,97.7,102.1,100.4,110.2,112.9,105.2,101.1
ED-0034,361,06:01,103.6,108.2,113.4,107.8,102.4,97.1,102.7,101.5,110.0,113.4,105.5,100.3
ED-0034,362,06:02,103.7,108.2,114.4,108.7,102.2,97.5,102.8,101.0,110.4,114.3,106.4,101.0
ED-0034,363,06:03,104.4,108.6,113.8,108.5,102.6,98.4,103.3,101.4,110.1,114.1,105.5,101.5
ED-0034,364,06:04,104.6,109.3,112.8,108.6,103.1,98.9,104.0,100.9,111.0,114.4,106.0,101.9
ED-0034,365,06:05,103.4,109.1,114.5,108.6,103.0,97.6,104.4,101.4,111.3,113.9,106.4,101.6
ED-0034,366,06:06,104.5,107.9,114.7,108.1,104.1,99.0,104.3,102.1,110.7,114.9,106.9,102.8
ED-0034,367,06:07,104.2,110.3,114.5,109.5,104.0,99.3,104.7,102.2,111.2,114.5,106.5,102.6
ED-0034,368,06:08,105.6,109.6,115.1,108.3,104.4,99.8,105.0,102.7,112.0,115.1,108.1,102.3
ED-0034,369,06:09,105.6,108.8,114.6,108.9,104.2,99.3,105.4,102.7,111.0,114.7,107.0,102.1
ED-0034,370,06:10,104.6,109.6,114.0,109.1,105.3,101.1,105.2,103.2,111.7,115.1,107.7,103.0
ED-0034,371,06:11,105.7,109.3,114.4,109.8,105.2,100.5,106.4,103.4,112.5,114.5,107.4,102.8
ED-0034,372,06:12,105.2,109.7,114.6,109.1,105.9,100.1,106.6,103.6,112.5,115.3,107.1,103.6
ED-0034,373,06:13,105.4,110.2,114.8,109.4,105.0,100.1,106.3,104.4,112.3,114.9,107.8,103.4
ED-0034,374,06:14,106.0,111.0,115.4,109.6,105.9,100.6,106.9,104.5,111.4,115.1,107.0,103.7
ED-0034,375,06:15,105.6,111.0,115.5,109.8,105.8,100.3,106.2,104.3,112.3,115.3,107.8,103.4
ED-0034,376,06:16,106.2,111.0,115.6,110.1,106.5,101.9,108.1,104.2,112.5,115.0,107.5,103.6
ED-0034,377,06:17,107.1,110.1,115.8,109.9,106.0,101.4,107.5,104.2,112.9,115.6,107.6,104.0
ED-0034,378,06:18,106.1,110.5,115.8,110.0,106.5,103.1,107.3,103.3,112.8,115.7,107.7,104.4
ED-0034,379,06:19,106.9,111.3,115.2,110.1,107.1,102.5,107.1,105.1,113.1,115.6,107.4,104.3
ED-0034,380,06:20,106.5,110.7,115.7,111.2,106.7,102.8,108.2,105.1,112.4,116.5,107.7,104.8
ED-0034,381,06:21,106.8,111.0,115.9,110.4,107.2,102.7,108.8,106.1,112.8,115.8,107.8,104.8
ED-0034,382,06:22,107.4,111.6,115.8,110.4,107.0,102.9,109.0,105.5,113.5,116.4,108.4,105.0
ED-0034,383,06:23,107.9,111.4,116.4,109.8,106.6,102.7,109.4,106.1,113.0,116.3,108.6,104.2
ED-0034,384,06:24,107.5,111.2,116.5,111.0,107.4,102.9,109.8,105.8,113.5,116.5,108.2,105.3
ED-0034,385,06:25,107.7,112.5,116.6,110.3,107.7,103.7,109.2,105.7,113.7,115.7,108.6,104.9
ED-0034,386,06:26,108.2,111.0,116.9,111.2,108.1,104.4,109.7,105.8,113.7,115.5,108.9,105.0
ED-0034,387,06:27,108.2,110.5,116.6,111.1,108.5,103.8,109.9,106.8,114.4,117.5,108.5,105.1
ED-0034,388,06:28,108.1,111.9,117.1,111.8,108.2,104.6,109.1,106.4,113.6,116.8,108.8,105.9
ED-0034,389,06:29,107.5,112.2,116.4,110.7,108.1,103.6,109.5,107.1,113.8,116.9,108.7,105.5
ED-0034,390,06:30,108.2,112.0,117.0,110.9,110.2,104.4,110.2,107.2,113.3,118.5,109.3,105.0
ED-0034,391,06:31,109.5,112.8,116.8,111.5,109.8,105.0,110.7,107.4,114.3,116.6,109.2,105.9
ED-0034,392,06:32,108.1,112.3,118.6,111.0,108.5,104.5,110.2,107.7,114.0,117.0,109.1,106.8
ED-0034,393,06:33,107.9,112.6,116.9,111.1,109.0,105.2,110.2,108.4,114.5,117.0,109.7,106.2
ED-0034,394,06:34,109.5,112.1,117.0,111.7,109.6,105.5,111.1,108.4,114.7,116.0,109.0,105.6
ED-0034,395,06:35,109.0,111.3,117.0,112.3,110.4,106.1,111.2,107.6,114.4,116.9,109.2,105.9
ED-0034,396,06:36,109.7,112.9,117.5,111.5,109.9,105.7,111.1,108.2,114.0,117.6,109.9,106.3
ED-0034,397,06:37,109.1,113.5,118.0,111.3,109.9,104.9,112.1,107.6,113.6,116.8,111.2,105.8
ED-0034,398,06:38,108.8,112.4,117.4,111.4,110.6,105.5,111.4,108.1,114.8,117.2,109.4,106.9
ED-0034,399,06:39,108.6,112.9,117.1,112.1,109.8,106.6,111.7,109.1,114.7,116.8,110.1,106.7
ED-0034,400,06:40,109.7,112.6,117.8,111.9,110.9,106.0,112.0,109.0,114.8,117.5,109.6,106.8
ED-0034,401,06:41,109.0,113.3,117.7,111.2,109.8,104.7,112.2,108.5,115.6,117.4,109.6,106.4
ED-0034,402,06:42,109.1,112.2,118.8,112.3,110.9,106.6,111.2,108.1,115.5,117.8,110.5,107.0
ED-0034,403,06:43,110.0,113.2,116.9,112.5,110.9,106.8,112.7,108.3,114.0,117.1,109.7,107.5
ED-0034,404,06:44,109.6,112.7,118.6,112.3,111.5,107.0,113.3,108.6,115.2,117.7,110.5,107.3
ED-0034,405,06:45,110.0,112.4,118.5,111.7,110.4,105.9,112.5,109.4,114.7,118.1,110.9,107.3
ED-0034,406,06:46,110.5,113.4,118.7,111.2,111.7,106.8,112.8,108.3,115.1,117.4,110.4,107.2
ED-0034,407,06:47,110.7,113.9,118.8,111.8,111.4,107.1,112.4,109.7,115.2,117.9,111.3,108.1
ED-0034,408,06:48,109.8,113.1,117.9,112.6,111.7,106.7,113.1,109.1,115.2,117.7,110.1,107.4
ED-0034,409,06:49,110.5,113.6,118.3,112.2,112.0,107.8,112.5,108.5,115.2,117.9,110.7,108.1
ED-0034,410,06:50,109.8,113.1,118.0,111.3,112.1,107.3,113.7,109.2,114.8,117.6,110.7,108.1
ED-0034,411,06:51,109.9,114.4,118.9,111.7,112.5,107.6,113.1,109.7,114.9,118.5,110.6,107.5
ED-0034,412,06:52,110.4,113.6,118.4,113.6,112.1,108.8,113.3,109.7,116.5,118.3,110.0,107.7
ED-0034,413,06:53,110.2,113.0,118.7,112.6,112.4,108.6,113.5,109.4,115.7,118.2,110.5,108.1
ED-0034,414,06:54,110.6,112.7,118.0,112.1,112.2,107.9,113.8,110.2,115.8,117.5,111.3,108.7
ED-0034,415,06:55,110.9,114.0,117.8,112.8,112.8,107.3,114.1,110.1,115.6,118.7,111.6,108.3
ED-0034,416,06:56,109.9,113.4,118.8,112.5,112.9,109.0,113.3,110.6,115.7,117.6,110.5,108.3
ED-0034,417,06:57,110.7,113.9,118.6,112.8,112.2,108.1,113.8,110.9,116.3,117.9,110.4,108.1
ED-0034,418,06:58,110.8,113.6,119.0,112.9,112.5,109.9,115.0,109.9,115.9,117.8,110.2,108.7
ED-0034,419,06:59,111.5,114.6,118.3,112.7,111.9,108.2,114.1,110.5,115.9,118.3,111.2,108.4
ED-0034,420,07:00,111.1,114.0,118.9,112.5,113.9,108.2,114.7,110.5,115.3,118.3,110.8,107.9
ED-0034,421,07:01,111.3,114.7,118.5,112.9,112.7,108.4,114.4,110.3,116.2,118.1,111.7,108.8
ED-0034,422,07:02,111.8,114.3,117.4,113.2,112.6,108.9,114.4,110.8,115.4,118.0,111.2,108.8
ED-0034,423,07:03,110.9,114.5,118.5,113.5,112.9,109.0,115.0,110.3,116.7,118.9,111.7,108.0
ED-0034,424,07:04,111.1,114.5,118.1,112.2,112.5,109.7,114.5,110.0,116.5,118.6,111.3,109.7
ED-0034,425,07:05,111.3,114.1,118.7,113.4,112.9,108.8,115.2,110.7,116.0,118.6,111.1,109.2
ED-0034,426,07:06,112.0,114.3,118.4,113.7,112.5,109.1,115.5,110.6,116.5,118.4,111.3,109.5
ED-0034,427,07:07,111.2,114.9,119.1,114.4,112.1,109.1,115.4,110.8,116.1,118.0,111.6,109.8
ED-0034,428,07:08,112.3,114.2,119.8,113.5,114.7,109.6,115.5,111.3,116.6,118.8,111.2,109.5
ED-0034,429,07:09,110.8,114.5,119.1,114.0,113.9,109.8,114.5,110.2,116.7,118.5,111.6,109.2
ED-0034,430,07:10,111.7,114.7,119.6,112.9,113.7,109.4,115.5,110.6,116.4,118.1,111.9,109.9
ED-0034,431,07:11,111.9,114.6,118.5,114.2,113.7,109.8,115.3,111.1,116.4,117.5,111.1,108.6
ED-0034,432,07:12,111.3,114.3,119.5,113.9,114.2,110.9,114.2,111.5,116.2,119.6,111.3,110.5
ED-0034,433,07:13,111.1,115.3,119.8,113.0,113.4,109.9,115.0,111.1,117.1,118.4,111.7,109.8
ED-0034,434,07:14,111.8,114.3,119.5,114.0,113.5,110.2,115.3,111.5,116.5,118.8,111.8,109.4
ED-0034,435,07:15,112.1,114.1,118.8,114.0,114.3,110.6,114.4,110.5,116.3,119.0,111.1,109.7
ED-0034,436,07:16,112.3,114.8,119.6,113.3,113.4,110.2,116.2,110.8,117.0,119.2,111.2,109.4
ED-0034,437,07:17,112.0,114.5,119.8,114.1,113.5,110.1,115.0,112.2,116.6,118.6,112.5,111.3
ED-0034,438,07:18,112.8,114.1,119.1,114.0,114.4,109.9,115.9,111.6,116.3,119.5,111.1,109.6
ED-0034,439,07:19,111.1,114.3,120.1,113.7,114.6,110.4,114.9,112.3,117.0,117.4,111.8,110.1
ED-0034,440,07:20,112.0,114.6,118.9,113.0,114.3,110.4,116.1,112.1,116.4,118.4,111.3,109.6
ED-0034,441,07:21,112.2,114.2,119.8,114.6,114.5,110.4,115.8,112.2,117.1,118.4,111.8,109.6
ED-0034,442,07:22,112.7,114.6,119.6,112.7,113.8,110.6,116.0,111.7,117.4,118.9,111.8,111.1
ED-0034,443,07:23,112.2,114.4,120.1,114.4,114.2,110.8,117.0,111.6,116.9,118.8,112.1,110.5
ED-0034,444,07:24,112.1,114.4,120.1,113.5,114.3,110.7,115.8,111.5,117.0,119.5,112.0,110.0
ED-0034,445,07:25,112.4,114.4,119.4,114.2,115.0,111.5,115.9,112.2,115.9,119.0,111.4,109.8
ED-0034,446,07:26,111.8,113.6,118.8,114.2,114.9,109.2,116.7,112.5,116.5,119.1,112.8,110.7
ED-0034,447,07:27,111.8,114.9,119.8,114.5,114.4,110.8,116.2,112.6,117.4,119.6,111.9,110.3
ED-0034,448,07:28,111.7,114.0,120.7,112.8,114.6,110.8,116.2,111.8,117.0,118.7,112.3,109.9
ED-0034,449,07:29,111.9,115.1,119.6,113.4,114.0,111.4,117.1,112.6,117.8,118.7,111.3,109.2
ED-0034,450,07:30,112.2,114.7,119.1,113.4,114.8,110.7,115.8,111.6,117.1,119.1,112.8,109.7
ED-0034,451,07:31,111.7,114.8,120.0,114.1,114.2,111.3,116.0,112.9,117.2,119.3,111.7,110.4
ED-0034,452,07:32,112.3,115.4,120.7,113.8,114.6,110.6,116.7,112.4,117.0,119.0,111.7,109.6
ED-0034,453,07:33,112.9,116.0,119.6,113.3,115.2,110.6,115.7,112.0,117.3,118.9,111.3,110.4
ED-0034,454,07:34,112.8,115.0,119.3,114.1,115.7,112.2,116.7,112.4,117.1,119.0,112.6,110.0
ED-0034,455,07:35,111.8,114.7,119.6,113.7,115.4,111.4,116.6,112.6,116.8,118.4,112.7,110.4
ED-0034,456,07:36,112.3,114.7,119.6,113.9,115.1,112.6,117.7,112.7,116.9,119.2,112.2,110.5
ED-0034,457,07:37,112.5,114.6,119.9,113.9,114.0,110.8,116.8,112.7,116.6,119.3,112.0,111.5
ED-0034,458,07:38,112.3,115.2,119.8,113.3,115.7,112.1,116.5,112.4,116.4,119.7,112.5,110.5
ED-0034,459,07:39,112.4,115.0,119.9,114.3,115.4,111.3,117.1,112.6,116.8,119.3,112.5,110.4
ED-0034,460,07:40,113.4,114.8,119.1,113.4,115.2,112.3,116.8,112.0,116.9,118.7,112.0,109.7
ED-0034,461,07:41,112.4,115.1,119.8,115.4,115.9,111.4,117.4,112.1,118.1,119.5,113.1,110.0
ED-0034,462,07:42,112.1,114.9,119.4,113.9,115.5,112.1,116.6,113.1,117.1,119.4,111.6,110.5
ED-0034,463,07:43,113.2,114.9,119.8,113.9,115.4,111.2,117.2,112.9,116.1,119.4,111.8,110.4
ED-0034,464,07:44,113.2,114.6,119.9,114.5,115.8,111.8,117.4,111.5,117.3,119.9,111.8,110.9
ED-0034,465,07:45,112.6,115.0,119.9,113.9,115.7,112.1,116.8,113.0,117.6,119.9,113.1,110.8
ED-0034,466,07:46,111.2,115.7,120.5,114.6,115.5,111.7,116.6,112.3,117.2,120.1,113.2,110.1
ED-0034,467,07:47,112.4,114.5,120.2,114.6,115.6,111.7,117.9,112.8,118.1,120.4,112.6,110.8
ED-0034,468,07:48,113.1,115.3,119.5,114.5,115.8,111.0,117.5,113.7,116.9,119.8,112.7,110.0
ED-0034,469,07:49,112.9,115.4,120.4,113.4,116.3,110.9,116.3,112.2,116.4,118.6,112.1,111.4
ED-0034,470,07:50,112.6,115.6,120.0,113.7,116.0,111.4,116.8,114.0,117.0,120.6,112.3,111.1
ED-0034,471,07:51,112.2,114.4,120.0,114.5,115.1,111.0,117.9,112.4,116.9,119.4,113.0,110.7
ED-0034,472,07:52,112.6,115.1,119.5,115.1,115.8,111.3,116.9,113.0,116.7,119.4,112.8,111.2
ED-0034,473,07:53,112.4,115.8,121.1,115.3,115.3,112.9,118.2,113.0,118.2,120.5,111.9,110.9
ED-0034,474,07:54,112.2,115.2,120.1,114.9,115.1,111.3,118.4,112.1,117.5,118.6,112.4,110.9
ED-0034,475,07:55,112.9,115.1,119.0,114.3,116.1,111.3,117.1,111.9,117.2,119.7,113.2,110.7
ED-0034,476,07:56,112.7,115.9,120.8,115.0,116.5,112.0,116.6,112.2,117.2,120.4,112.5,110.5
ED-0034,477,07:57,112.9,115.7,119.8,113.9,115.6,112.2,118.3,113.1,116.8,119.4,112.2,111.0
ED-0034,478,07:58,112.8,114.8,119.7,114.7,115.7,111.2,117.6,112.5,117.1,119.1,113.2,111.2
ED-0034,479,07:59,112.4,114.3,119.8,114.5,115.8,111.5,118.0,112.6,117.3,118.7,112.5,110.6
ED-0034,480,08:00,112.3,116.2,120.8,113.9,115.1,112.3,117.9,113.2,116.7,119.2,112.1,110.3
ED-0034,481,08:01,113.8,115.6,119.9,114.3,115.4,112.7,117.7,113.4,116.5,120.4,113.0,110.9
ED-0034,482,08:02,112.8,115.3,120.9,114.1,115.2,111.7,117.7,113.1,117.5,119.2,112.4,111.3
ED-0034,483,08:03,112.7,116.0,120.2,114.3,114.8,111.7,118.0,113.7,117.8,119.2,112.4,111.3
ED-0034,484,08:04,113.3,115.4,120.1,115.1,116.2,110.9,117.9,113.6,118.4,119.4,113.3,110.7
ED-0034,485,08:05,113.0,115.2,121.1,114.6,115.6,111.8,117.3,113.2,117.5,119.5,111.8,111.0
ED-0034,486,08:06,112.9,114.9,120.4,115.0,115.9,112.5,118.2,112.7,118.3,119.3,114.0,111.1
ED-0034,487,08:07,113.0,115.0,120.0,113.5,116.0,112.1,117.4,114.3,117.5,119.7,112.5,111.0
ED-0034,488,08:08,113.3,115.7,120.6,114.2,115.5,111.9,118.0,113.1,118.4,120.0,112.9,110.8
ED-0034,489,08:09,113.9,115.8,119.6,113.7,116.4,112.1,117.9,114.1,117.6,119.3,112.5,110.6
ED-0034,490,08:10,112.8,115.8,119.7,114.5,115.0,112.1,117.9,113.6,118.2,119.2,113.3,111.5
ED-0034,491,08:11,113.4,115.1,121.0,114.5,115.9,112.3,117.8,113.4,117.6,120.3,112.9,110.4
ED-0034,492,08:12,112.5,115.5,120.0,114.3,116.0,111.8,117.7,113.7,117.7,120.2,113.2,110.5
ED-0034,493,08:13,112.9,115.7,120.0,114.9,116.0,113.2,117.6,112.7,116.6,120.2,112.7,110.7
ED-0034,494,08:14,112.9,115.5,119.9,114.7,116.1,111.8,118.1,113.5,118.5,119.2,112.1,110.1
ED-0034,495,08:15,113.1,115.1,119.5,114.6,116.3,112.0,118.2,113.3,116.9,119.2,112.8,110.5
ED-0034,496,08:16,113.7,115.0,121.3,114.8,115.8,111.4,117.8,113.7,118.0,119.8,112.0,111.1
ED-0034,497,08:17,112.9,115.6,120.2,114.8,116.5,112.7,117.7,113.2,117.1,120.0,112.7,111.3
ED-0034,498,08:18,113.1,116.0,120.1,114.3,115.5,112.1,117.8,112.6,117.1,119.8,112.9,111.0
ED-0034,499,08:19,113.9,114.9,121.0,114.6,116.0,112.5,117.9,113.1,118.4,119.7,111.9,111.6
ED-0034,500,08:20,113.2,115.5,120.4,114.5,116.4,112.4,118.3,113.6,117.9,119.1,112.8,110.4
ED-0034,501,08:21,113.0,115.2,120.2,115.0,116.5,111.8,117.9,113.0,117.8,122.3,113.2,110.5
ED-0034,502,08:22,112.2,115.1,120.8,113.9,116.1,112.5,118.7,112.9,117.5,124.7,113.7,110.5
ED-0034,503,08:23,113.0,115.0,119.6,113.9,116.7,112.9,118.1,112.8,116.6,124.4,112.9,110.8
ED-0034,504,08:24,113.7,116.1,122.5,114.7,116.7,111.6,117.1,113.4,116.8,125.6,113.0,109.9
ED-0034,505,08:25,113.4,115.4,124.3,114.9,116.3,112.1,119.0,112.7,118.0,125.8,112.0,111.7
ED-0034,506,08:26,112.7,115.8,124.5,114.0,116.3,112.4,118.4,113.7,117.1,126.6,112.6,111.6
ED-0034,507,08:27,113.3,115.7,126.1,117.4,116.4,112.4,117.1,113.2,117.1,127.9,112.7,111.6
ED-0034,508,08:28,113.5,115.7,126.8,118.1,116.3,112.6,117.8,112.8,117.7,128.4,113.0,111.0
ED-0034,509,08:29,112.2,115.6,128.2,118.8,115.6,112.3,118.0,113.5,118.3,128.7,112.8,111.4
ED-0034,510,08:30,112.7,118.3,128.4,119.5,116.0,112.6,118.4,113.3,120.6,128.7,113.8,110.8
ED-0034,511,08:31,113.5,119.3,129.1,120.5,115.6,112.7,118.7,113.1,122.2,128.8,113.6,111.3
ED-0034,512,08:32,112.6,120.7,129.3,120.5,116.3,113.0,117.7,113.5,122.3,129.4,112.0,110.7
ED-0034,513,08:33,112.9,122.0,129.5,122.6,115.8,112.3,118.4,113.5,123.2,131.3,115.3,111.2
ED-0034,514,08:34,113.3,123.4,130.6,123.7,116.2,111.7,118.3,113.4,123.6,131.4,117.1,111.0
ED-0034,515,08:35,113.8,122.0,130.4,123.0,116.6,113.8,116.8,113.5,125.0,131.9,117.6,110.9
ED-0034,516,08:36,113.1,123.2,131.3,122.7,116.5,112.4,118.5,114.0,125.5,132.5,117.8,110.8
ED-0034,517,08:37,112.4,122.6,131.4,122.9,117.4,112.3,118.5,113.8,126.4,132.3,119.8,111.4
ED-0034,518,08:38,113.8,124.5,131.0,124.1,116.8,112.9,117.4,113.9,125.8,132.3,119.6,111.0
ED-0034,519,08:39,113.8,124.7,132.6,124.7,116.3,112.7,118.5,113.0,127.2,133.4,120.0,111.8
ED-0034,520,08:40,114.2,124.6,133.1,125.4,116.4,113.4,117.7,113.8,128.8,132.6,120.7,111.0
ED-0034,521,08:41,113.0,127.0,132.8,126.6,116.8,112.7,118.5,113.9,128.3,134.0,121.1,111.2
ED-0034,522,08:42,113.5,126.2,132.5,125.8,115.6,113.6,117.2,112.5,127.3,133.8,123.1,111.7
ED-0034,523,08:43,112.8,125.5,133.7,126.4,116.2,112.5,118.3,113.5,129.5,134.6,122.0,111.2
ED-0034,524,08:44,112.9,127.1,134.7,126.9,115.7,111.9,118.0,113.7,128.7,134.0,123.0,111.7
ED-0034,525,08:45,114.0,126.3,134.0,125.7,115.6,111.9,118.4,113.8,129.0,135.3,123.1,111.4
ED-0034,526,08:46,116.4,127.1,134.2,127.9,116.2,112.6,118.4,112.6,129.4,135.6,124.0,111.0
ED-0034,527,08:47,117.2,128.1,134.7,127.7,116.1,111.9,118.4,113.7,129.8,135.9,123.4,110.7
ED-0034,528,08:48,118.0,127.8,135.5,127.7,116.0,112.4,118.1,114.2,130.4,135.0,123.8,111.2
ED-0034,529,08:49,118.0,128.8,135.1,129.4,116.9,113.1,117.5,113.5,130.4,136.2,124.5,114.2
ED-0034,530,08:50,120.6,129.5,135.7,129.3,116.2,112.9,118.8,113.7,131.7,136.0,124.7,115.2
ED-0034,531,08:51,119.4,128.5,135.3,129.2,116.2,113.6,118.7,112.7,131.2,136.0,125.8,115.8
ED-0034,532,08:52,120.0,129.1,136.0,128.7,116.8,112.4,117.8,113.4,131.1,136.3,125.2,116.4
ED-0034,533,08:53,121.9,129.3,136.2,129.0,116.1,112.5,118.8,113.1,131.9,136.5,125.5,116.7
ED-0034,534,08:54,121.9,129.6,136.5,129.7,116.4,113.1,118.1,113.3,132.7,136.8,125.6,118.7
ED-0034,535,08:55,122.9,130.4,137.4,130.6,117.4,112.7,118.4,112.8,132.9,137.2,126.0,118.3
ED-0034,536,08:56,122.8,130.9,138.5,129.8,116.5,112.8,119.2,114.1,131.6,137.8,126.4,120.3
ED-0034,537,08:57,123.2,130.5,136.8,130.1,116.5,112.9,118.2,116.7,132.7,137.7,126.8,120.1
ED-0034,538,08:58,123.9,130.8,138.1,130.0,115.8,112.3,118.3,117.7,133.4,139.3,127.5,119.7
ED-0034,539,08:59,124.3,131.4,137.9,130.2,116.6,111.9,117.5,118.6,132.7,138.3,128.2,119.8
ED-0034,540,09:00,124.8,131.3,138.3,131.3,119.1,112.0,118.0,119.2,134.4,139.3,128.6,120.6
ED-0034,541,09:01,124.3,132.1,138.8,131.4,120.5,113.5,118.1,120.9,134.6,138.3,127.6,121.5
ED-0034,542,09:02,124.5,132.1,139.3,131.8,121.7,112.8,118.7,120.0,134.3,138.2,128.4,122.0
ED-0034,543,09:03,125.1,132.4,139.4,131.9,122.3,112.0,121.3,121.5,134.8,140.3,128.7,121.6
ED-0034,544,09:04,126.1,132.6,138.9,132.5,122.2,113.2,122.0,122.0,134.3,139.5,128.1,121.9
ED-0034,545,09:05,125.7,133.1,140.4,131.8,123.2,112.8,123.9,122.1,135.3,139.6,128.9,122.6
ED-0034,546,09:06,126.8,133.8,139.1,132.9,124.0,115.1,123.9,122.9,135.0,140.1,129.0,122.6
ED-0034,547,09:07,126.8,132.6,140.7,132.7,124.3,117.2,125.2,123.5,136.3,139.9,128.6,122.5
ED-0034,548,09:08,126.1,133.1,140.9,133.8,125.1,117.0,125.2,123.5,136.0,140.1,129.7,123.9
ED-0034,549,09:09,126.8,132.8,141.7,133.3,125.2,118.9,126.4,123.4,136.3,141.3,129.4,124.4
ED-0034,550,09:10,127.3,133.3,140.6,133.3,125.0,118.7,127.8,124.9,136.3,140.4,131.1,124.5
ED-0034,551,09:11,127.5,132.8,140.7,133.6,126.4,119.2,127.1,124.8,136.4,140.8,129.9,124.9
ED-0034,552,09:12,127.2,134.7,140.8,134.0,125.4,119.6,127.0,124.3,136.9,140.1,130.3,125.1
ED-0034,553,09:13,129.0,134.2,141.4,133.6,127.1,120.2,127.4,124.3,137.6,141.3,131.6,125.5
ED-0034,554,09:14,129.3,134.1,141.2,134.1,128.2,121.2,127.7,125.3,138.3,141.0,131.2,125.5
ED-0034,555,09:15,128.7,135.4,141.9,134.5,126.8,121.0,129.0,126.8,138.3,142.0,131.0,124.6
ED-0034,556,09:16,129.9,136.3,142.5,135.2,127.8,122.0,129.8,125.0,137.8,141.9,131.6,126.3
ED-0034,557,09:17,129.5,135.2,142.3,134.8,128.5,123.6,130.0,126.5,137.6,143.0,132.1,125.9
ED-0034,558,09:18,129.2,135.7,143.1,134.8,129.7,123.2,130.2,127.7,138.5,141.7,131.9,126.9
ED-0034,559,09:19,129.6,135.2,142.7,134.9,128.9,123.3,130.6,127.7,138.2,143.3,132.3,126.2
ED-0034,560,09:20,129.9,136.5,142.7,134.5,130.0,124.2,131.1,127.2,138.4,143.5,131.9,127.3
ED-0034,561,09:21,130.7,136.3,143.2,135.7,129.7,124.1,130.8,127.4,138.4,142.5,131.7,126.5
ED-0034,562,09:22,130.9,137.0,142.7,136.4,130.2,124.0,131.6,128.3,139.0,143.9,132.9,127.9
ED-0034,563,09:23,131.3,137.2,144.0,136.2,130.2,125.1,132.2,127.8,138.4,142.9,132.1,128.0
ED-0034,564,09:24,130.0,136.9,143.7,134.4,130.7,124.6,132.5,128.3,139.9,143.5,133.3,127.0
ED-0034,565,09:25,131.2,137.2,143.3,136.6,132.0,124.7,132.7,129.3,139.9,143.0,133.7,128.1
ED-0034,566,09:26,130.9,138.4,144.7,136.7,130.8,125.7,132.6,129.9,139.0,143.0,134.4,128.5
ED-0034,567,09:27,131.7,137.7,144.8,136.4,132.0,126.2,132.7,129.1,139.1,144.8,133.7,128.9
ED-0034,568,09:28,132.0,137.8,144.6,136.8,131.2,126.3,133.3,129.7,139.9,144.6,134.1,128.9
ED-0034,569,09:29,132.1,138.4,144.9,138.0,132.7,126.0,133.9,129.7,140.5,144.5,133.3,129.3
ED-0034,570,09:30,132.0,137.6,145.2,138.1,132.9,126.6,134.3,130.3,140.0,145.3,134.3,129.5
ED-0034,571,09:31,131.9,137.9,144.8,137.3,132.3,126.7,133.6,130.2,140.0,144.6,134.5,130.5
ED-0034,572,09:32,132.1,138.1,146.5,137.5,132.8,127.0,133.7,130.7,141.4,145.4,133.7,130.1
ED-0034,573,09:33,131.9,137.8,144.5,138.8,133.3,126.8,135.0,131.5,141.2,144.2,135.1,130.6
ED-0034,574,09:34,133.7,137.8,144.7,138.3,132.5,127.5,134.5,132.1,140.9,145.1,134.8,129.6
ED-0034,575,09:35,132.3,139.0,146.3,137.4,133.8,128.1,135.4,131.4,141.0,145.1,134.4,130.4
ED-0034,576,09:36,133.7,138.7,146.3,137.5,133.5,128.2,136.2,132.1,141.8,145.5,136.5,130.8
ED-0034,577,09:37,133.9,139.7,146.0,138.1,135.0,128.8,136.1,131.5,141.3,144.9,135.2,130.8
ED-0034,578,09:38,134.3,139.0,146.4,138.8,134.3,128.5,135.9,132.3,141.9,146.5,135.5,131.2
ED-0034,579,09:39,134.3,139.7,146.2,138.9,134.3,128.7,136.6,132.8,141.9,146.0,136.6,130.8
ED-0034,580,09:40,133.7,139.5,146.0,139.6,134.4,129.5,136.6,132.5,142.5,145.9,136.6,131.0
ED-0034,581,09:41,133.9,139.5,145.6,139.4,136.1,128.5,137.7,132.6,142.9,146.8,136.0,132.1
ED-0034,582,09:42,134.8,140.0,145.7,139.1,135.4,129.7,136.5,133.4,143.6,146.9,137.6,131.3
ED-0034,583,09:43,135.5,139.6,146.9,139.6,136.4,130.2,137.2,133.3,142.7,146.7,137.2,131.5
ED-0034,584,09:44,135.1,141.0,146.4,140.9,135.5,129.2,138.1,133.1,143.8,147.7,136.7,132.0
ED-0034,585,09:45,135.4,141.0,147.2,139.0,136.6,130.0,137.2,133.6,143.5,147.0,136.3,132.4
ED-0034,586,09:46,135.6,140.0,147.2,140.1,136.6,130.3,138.4,133.5,143.2,147.4,137.4,132.6
ED-0034,587,09:47,135.9,140.5,148.0,139.8,136.4,130.5,138.4,134.2,143.1,147.3,137.5,132.9
ED-0034,588,09:48,136.3,141.0,147.0,141.3,136.8,131.4,138.5,134.7,143.9,147.6,137.8,133.6
ED-0034,589,09:49,135.8,141.6,148.2,140.2,137.2,131.3,138.6,133.7,143.8,148.0,137.1,133.3
ED-0034,590,09:50,135.4,140.7,148.4,140.9,137.3,132.4,139.4,134.9,144.7,149.2,138.0,132.9
ED-0034,591,09:51,136.9,141.5,148.3,140.8,137.9,131.5,139.3,134.6,144.5,147.9,137.1,132.9
ED-0034,592,09:52,136.2,141.5,149.1,140.7,137.5,131.2,138.8,135.0,145.1,148.1,138.4,133.0
ED-0034,593,09:53,136.2,142.7,148.3,141.2,137.8,131.7,139.0,135.1,144.7,148.8,138.0,133.5
ED-0034,594,09:54,136.4,141.5,148.3,141.5,139.4,133.0,140.2,133.9,144.6,149.3,138.7,133.6
ED-0034,595,09:55,136.7,142.3,148.9,141.1,138.1,131.8,140.2,135.8,144.3,149.2,138.3,134.0
ED-0034,596,09:56,137.8,142.3,149.3,140.2,138.9,133.2,140.8,136.3,145.6,150.0,138.9,133.2
ED-0034,597,09:57,137.4,141.8,149.2,141.8,138.9,133.2,140.5,136.4,144.9,149.6,138.3,134.7
ED-0034,598,09:58,137.0,142.8,150.0,141.8,138.2,132.7,140.5,136.4,145.2,149.4,139.6,135.2
ED-0034,599,09:59,137.4,142.9,149.6,141.8,138.7,133.4,140.5,136.3,146.0,149.4,139.4,134.7
ED-0034,600,10:00,136.7,142.4,147.8,142.0,139.0,133.5,141.8,135.3,145.7,149.5,140.0,135.2
ED-0034,601,10:01,138.4,142.8,150.5,141.5,139.6,132.9,141.3,136.9,145.5,149.2,140.3,134.8
ED-0034,602,10:02,138.4,142.9,149.5,142.3,138.4,134.8,141.6,136.5,145.9,149.4,139.8,135.0
ED-0034,603,10:03,137.8,142.9,150.7,141.5,139.7,135.3,141.6,136.6,146.1,150.4,139.6,135.9
ED-0034,604,10:04,138.7,144.5,150.7,142.7,140.2,134.3,141.9,137.1,146.3,150.7,140.5,135.6
ED-0034,605,10:05,137.8,143.5,150.2,142.4,139.8,134.3,142.1,136.5,146.4,151.5,139.6,135.9
ED-0034,606,10:06,138.9,144.1,150.3,143.1,140.8,134.4,141.7,136.7,145.3,150.9,140.2,135.5
ED-0034,607,10:07,139.5,143.6,152.1,143.6,140.0,134.8,142.1,136.7,146.5,150.6,139.8,136.4
ED-0034,608,10:08,138.6,143.7,150.6,143.0,140.2,135.9,143.3,137.3,146.8,151.1,140.4,136.5
ED-0034,609,10:09,139.2,144.3,151.9,143.6,140.0,134.9,142.6,137.4,147.1,150.8,141.5,137.0
ED-0034,610,10:10,139.4,144.1,150.6,143.6,140.9,135.6,142.6,137.6,147.4,150.2,140.8,137.3
ED-0034,611,10:11,139.9,144.2,151.1,144.1,142.0,135.9,142.7,137.2,147.0,151.4,140.9,137.2
ED-0034,612,10:12,139.5,144.7,151.3,144.4,141.9,136.2,143.4,138.7,147.5,151.9,141.7,136.9
ED-0034,613,10:13,139.3,145.1,151.4,143.9,140.9,135.2,143.3,138.4,148.1,151.5,140.7,136.8
ED-0034,614,10:14,139.1,144.5,152.0,144.1,140.8,136.3,143.5,138.6,147.2,152.4,141.4,136.4
ED-0034,615,10:15,140.5,145.8,151.4,143.7,142.3,136.0,143.4,138.5,148.2,151.7,140.7,136.7
ED-0034,616,10:16,141.1,145.3,151.6,145.2,141.7,136.9,143.7,138.8,147.2,152.3,142.3,137.7
ED-0034,617,10:17,140.1,145.1,152.1,144.3,141.6,136.6,143.5,138.9,148.6,150.9,142.3,137.2
ED-0034,618,10:18,141.1,146.5,152.0,144.5,141.7,136.6,143.0,139.4,148.0,151.9,142.1,137.8
ED-0034,619,10:19,141.2,145.8,152.1,144.4,142.5,136.7,143.5,139.0,148.0,151.8,142.3,137.0
ED-0034,620,10:20,141.6,146.3,151.6,144.8,143.0,136.7,145.0,139.4,148.5,152.1,142.3,137.9
ED-0034,621,10:21,140.6,146.9,152.7,145.7,142.0,136.8,145.7,140.6,149.2,153.1,142.4,138.3
ED-0034,622,10:22,140.1,146.6,153.4,145.4,143.3,137.7,144.6,140.1,148.6,151.5,142.5,138.0
ED-0034,623,10:23,140.7,146.1,152.7,145.1,142.7,137.8,145.6,139.8,148.6,153.2,142.5,138.1
ED-0034,624,10:24,140.6,145.8,152.9,145.3,143.4,136.5,145.5,140.6,148.5,153.1,141.9,139.1
ED-0034,625,10:25,142.6,146.9,152.5,146.2,143.0,138.5,145.5,140.8,151.0,152.9,142.7,138.5
ED-0034,626,10:26,142.7,147.2,154.0,145.3,142.5,137.2,145.0,141.0,149.6,153.0,143.1,138.7
ED-0034,627,10:27,142.7,146.0,154.3,145.9,144.3,139.2,145.4,140.4,151.0,153.5,142.5,139.1
ED-0034,628,10:28,142.0,147.2,154.6,145.7,144.9,138.8,146.3,141.6,149.5,153.3,143.0,139.0
ED-0034,629,10:29,142.5,147.4,153.9,146.2,144.0,139.4,145.1,141.8,149.8,153.4,142.9,138.9
ED-0034,630,10:30,142.6,147.5,153.9,146.5,144.6,139.1,146.5,141.5,149.6,153.8,144.1,139.3
ED-0034,631,10:31,141.6,147.6,155.0,146.4,144.0,139.4,146.0,141.5,149.8,154.8,143.6,139.1
ED-0034,632,10:32,142.8,148.2,154.5,146.3,145.1,138.7,146.1,140.9,149.7,154.5,144.0,138.9
ED-0034,633,10:33,143.2,146.7,154.3,146.2,145.1,139.7,146.2,141.3,150.5,153.5,144.7,139.0
ED-0034,634,10:34,144.3,148.4,155.1,146.9,145.4,138.6,146.5,141.8,150.8,154.3,144.5,139.7
ED-0034,635,10:35,142.2,148.4,155.0,147.8,144.5,139.9,147.0,141.8,149.9,153.7,144.2,140.3
ED-0034,636,10:36,143.1,147.8,154.4,146.7,144.9,141.1,146.2,141.5,150.9,154.2,143.7,139.7
ED-0034,637,10:37,142.6,148.0,154.7,147.8,145.6,139.1,147.5,141.6,151.3,154.1,143.9,140.5
ED-0034,638,10:38,144.7,148.6,155.1,146.9,144.8,139.9,148.5,142.5,151.0,153.7,144.1,140.1
ED-0034,639,10:39,144.0,148.1,154.6,146.6,145.5,140.1,147.8,141.7,151.2,156.0,144.6,140.9
ED-0034,640,10:40,143.4,148.4,154.9,146.7,144.7,140.2,147.8,143.2,150.8,155.2,143.7,141.3
ED-0034,641,10:41,143.1,148.0,155.6,148.9,145.6,140.5,147.2,142.3,150.3,155.9,144.6,140.8
ED-0034,642,10:42,143.2,148.3,155.0,147.8,146.5,140.7,147.9,142.6,151.3,155.6,145.1,141.0
ED-0034,643,10:43,144.1,149.2,156.2,147.6,145.7,139.7,148.8,142.4,151.9,155.5,145.1,140.8
ED-0034,644,10:44,144.2,148.9,156.0,147.5,146.4,140.8,148.6,142.6,152.5,155.6,144.7,141.8
ED-0034,645,10:45,144.2,149.2,155.7,149.3,146.3,139.6,148.4,143.0,150.7,155.6,144.8,141.4
ED-0034,646,10:46,143.9,149.5,155.5,148.0,146.2,140.7,148.1,143.0,152.1,155.2,145.9,141.7
ED-0034,647,10:47,144.7,150.0,156.1,148.8,146.2,140.9,148.3,143.4,151.7,155.7,146.2,142.1
ED-0034,648,10:48,144.2,148.8,156.5,148.1,147.2,140.9,148.8,143.9,152.0,156.3,145.3,141.0
ED-0034,649,10:49,145.0,149.5,156.1,148.0,147.4,140.6,148.4,144.2,152.1,156.1,145.8,141.7
ED-0034,650,10:50,145.3,149.7,155.8,148.8,147.0,141.3,149.8,143.2,152.1,156.8,145.8,141.6
ED-0034,651,10:51,144.7,150.5,156.6,148.7,147.6,142.6,149.1,144.8,152.7,157.6,145.4,142.1
ED-0034,652,10:52,144.6,149.3,156.7,149.4,147.7,142.6,149.2,143.6,153.0,156.7,146.5,142.1
ED-0034,653,10:53,145.3,148.8,156.4,148.3,147.3,141.7,150.3,143.5,152.8,156.1,146.6,142.5
ED-0034,654,10:54,144.4,149.4,156.4,148.9,147.9,142.4,150.6,144.1,152.7,157.0,145.1,141.5
ED-0034,655,10:55,146.6,151.1,157.3,149.7,147.6,142.6,149.9,144.2,153.1,156.6,146.8,143.0
ED-0034,656,10:56,145.9,149.3,158.1,150.3,147.4,142.5,150.5,144.6,153.5,156.5,146.5,143.5
ED-0034,657,10:57,146.0,150.7,157.7,148.7,148.5,143.4,149.3,145.5,153.6,157.2,146.9,143.5
ED-0034,658,10:58,145.6,151.4,157.2,149.2,147.7,141.7,149.6,145.3,154.4,156.6,147.0,142.6
ED-0034,659,10:59,146.4,151.0,157.2,150.3,148.5,143.2,150.1,145.2,153.3,157.4,146.5,142.3
ED-0034,660,11:00,146.7,151.3,157.6,149.9,148.6,142.7,150.3,145.3,153.0,157.4,147.4,142.8
ED-0034,661,11:01,146.1,150.9,158.2,149.7,148.7,143.6,150.7,145.9,153.9,157.2,147.7,143.0
ED-0034,662,11:02,146.3,151.0,157.1,149.3,149.0,142.7,150.8,145.8,152.2,157.4,146.6,143.9
ED-0034,663,11:03,145.3,151.3,158.2,149.4,149.4,143.8,151.5,146.3,154.0,157.9,146.9,142.7
ED-0034,664,11:04,146.6,151.7,158.4,150.6,149.2,144.3,151.5,145.9,153.3,158.1,148.8,143.5
ED-0034,665,11:05,146.5,152.1,158.3,151.1,148.7,144.0,151.6,146.4,153.4,157.8,147.3,143.2
ED-0034,666,11:06,146.1,151.4,158.6,151.0,149.8,143.5,152.0,144.7,154.2,159.0,148.8,144.3
ED-0034,667,11:07,147.3,151.8,158.1,150.2,148.6,143.2,151.4,144.4,154.7,158.5,148.1,143.2
ED-0034,668,11:08,147.2,151.6,158.4,151.4,149.0,143.4,151.8,145.5,155.1,159.1,147.9,144.0
ED-0034,669,11:09,146.7,152.1,158.8,151.6,148.8,145.1,151.7,146.9,154.8,158.6,147.5,143.9
ED-0034,670,11:10,146.7,150.9,159.1,151.0,149.6,143.4,151.9,146.8,155.2,158.6,148.9,143.4
ED-0034,671,11:11,148.7,152.9,158.5,151.6,149.7,143.9,151.4,146.7,155.4,159.0,148.8,144.8
ED-0034,672,11:12,148.3,151.9,159.1,150.9,150.1,144.7,151.7,146.7,154.1,158.7,149.0,144.5
ED-0034,673,11:13,147.2,152.5,160.0,151.0,150.8,144.6,152.9,146.2,154.6,159.8,149.0,144.7
ED-0034,674,11:14,147.1,153.3,160.3,151.4,150.3,144.3,151.8,147.0,155.6,159.2,148.8,145.9
ED-0034,675,11:15,147.9,151.9,159.6,152.6,150.8,144.4,152.0,147.4,156.1,159.5,148.8,145.2
ED-0034,676,11:16,147.6,153.6,159.5,151.3,149.8,145.0,152.7,146.8,155.5,159.3,149.3,145.5
ED-0034,677,11:17,147.6,152.3,159.6,152.2,151.1,144.9,152.0,147.7,155.4,159.0,149.2,145.0
ED-0034,678,11:18,147.5,152.9,159.9,152.1,150.4,146.4,152.5,147.2,156.0,158.8,149.2,145.2
ED-0034,679,11:19,148.3,152.6,159.6,152.1,150.1,145.3,152.8,147.5,155.4,159.6,149.2,145.5
ED-0034,680,11:20,148.5,152.6,160.6,151.9,150.8,145.1,152.1,147.4,156.2,160.4,149.2,145.3
ED-0034,681,11:21,149.4,153.4,159.8,151.9,150.7,145.8,153.2,147.0,156.1,160.1,149.0,145.7
ED-0034,682,11:22,149.0,153.9,160.7,152.8,150.5,145.5,154.0,148.2,156.1,160.2,149.4,145.6
ED-0034,683,11:23,148.8,153.2,161.0,152.1,151.7,145.8,152.9,147.9,156.5,159.4,148.9,145.8
ED-0034,684,11:24,148.2,153.3,159.9,152.5,150.9,146.0,153.7,146.9,155.6,160.2,149.2,145.9
ED-0034,685,11:25,149.1,152.8,160.6,152.0,151.7,146.6,154.2,148.1,156.6,160.5,150.1,145.7
ED-0034,686,11:26,148.8,152.8,160.5,152.2,150.3,146.0,153.5,148.5,156.3,160.2,150.6,146.0
ED-0034,687,11:27,149.9,153.8,160.8,152.4,152.9,145.8,155.0,148.8,156.6,159.8,150.0,146.2
ED-0034,688,11:28,149.3,153.3,161.0,152.3,151.1,145.7,154.2,149.2,157.3,160.3,149.9,146.0
ED-0034,689,11:29,150.2,154.0,161.2,153.8,152.0,146.5,153.6,148.5,156.9,160.1,150.3,146.0
ED-0034,690,11:30,149.7,153.9,161.5,153.0,152.8,146.4,153.6,148.1,156.4,160.1,150.4,147.1
ED-0034,691,11:31,149.7,154.3,161.3,151.8,151.5,147.6,154.8,149.2,156.7,160.8,150.5,146.5
ED-0034,692,11:32,149.2,153.8,160.7,153.7,152.5,146.5,154.9,149.9,157.7,160.2,150.1,147.0
ED-0034,693,11:33,150.2,153.6,160.8,153.4,152.4,146.6,154.8,149.7,156.8,160.8,150.4,146.3
ED-0034,694,11:34,150.0,154.5,161.8,153.8,152.3,146.6,155.1,148.9,157.2,160.9,151.3,147.6
ED-0034,695,11:35,150.2,154.9,161.8,154.5,153.3,147.6,155.3,149.2,157.3,161.2,151.0,146.9
ED-0034,696,11:36,150.7,154.6,161.9,154.6,152.8,146.1,154.4,149.6,158.4,160.7,151.8,147.4
ED-0034,697,11:37,150.6,155.2,162.0,153.7,152.8,147.4,154.7,149.7,158.0,161.9,150.6,147.1
ED-0034,698,11:38,150.9,154.4,161.9,154.9,153.1,147.7,155.3,148.7,157.6,162.2,151.5,147.9
ED-0034,699,11:39,150.9,155.2,162.5,153.5,152.6,147.3,155.1,150.0,158.6,161.5,151.3,147.0
ED-0034,700,11:40,151.1,155.4,162.7,155.0,153.7,147.3,156.0,150.3,159.0,162.3,152.0,147.2
ED-0034,701,11:41,150.9,155.3,162.4,153.7,153.7,147.9,156.0,149.9,158.6,162.3,151.4,148.6
ED-0034,702,11:42,151.5,156.1,162.7,153.7,153.3,148.2,155.4,150.2,158.0,162.6,152.0,148.1
ED-0034,703,11:43,151.3,155.3,162.9,154.2,153.8,148.3,155.7,150.7,157.7,162.0,152.3,147.1
ED-0034,704,11:44,150.5,155.6,162.5,155.0,153.9,147.9,156.2,150.0,158.8,163.1,152.0,148.0
ED-0034,705,11:45,151.9,156.0,162.8,154.3,153.6,148.5,155.5,150.1,158.3,162.4,152.3,148.1
ED-0034,706,11:46,151.1,155.7,162.6,154.5,153.5,149.6,156.1,150.7,159.7,162.9,153.0,148.1
ED-0034,707,11:47,151.2,155.5,162.8,155.4,154.3,148.9,155.9,150.2,157.7,162.8,152.1,148.5
ED-0034,708,11:48,150.9,155.7,163.6,155.3,153.8,148.4,156.4,150.2,159.0,162.9,152.5,147.3
ED-0034,709,11:49,150.6,156.5,162.8,156.0,153.7,148.6,156.8,151.1,159.4,162.9,152.2,148.2
ED-0034,710,11:50,152.7,156.2,163.9,155.7,154.3,148.8,156.5,150.5,160.1,161.9,151.9,147.9
ED-0034,711,11:51,152.1,156.8,163.3,155.4,154.5,148.2,157.0,151.3,159.6,162.6,151.5,149.3
ED-0034,712,11:52,152.1,156.7,162.9,155.8,154.3,148.6,156.1,152.0,160.0,163.0,152.3,149.2
ED-0034,713,11:53,152.9,157.1,163.7,155.7,155.0,148.8,157.0,151.7,159.1,163.3,152.3,149.5
ED-0034,714,11:54,151.5,156.9,163.9,155.3,155.1,149.3,156.8,151.6,160.1,162.3,153.1,148.3
ED-0034,715,11:55,152.0,156.1,163.3,155.6,155.0,148.8,156.3,151.1,160.7,163.8,152.7,148.9
ED-0034,716,11:56,152.8,157.1,164.4,155.5,155.3,149.7,156.4,152.4,160.5,164.2,152.6,150.1
ED-0034,717,11:57,152.8,156.9,163.8,156.7,155.7,149.5,157.4,152.4,159.8,164.9,152.7,149.7
ED-0034,718,11:58,151.6,156.8,163.8,156.6,154.2,149.5,156.4,151.2,160.8,164.0,154.2,149.6
ED-0034,719,11:59,152.3,156.4,164.6,155.5,155.2,149.6,157.3,152.0,159.7,163.3,154.0,150.0
ED-0034,720,12:00,153.4,157.3,163.8,155.9,155.2,150.5,157.7,152.2,159.7,164.4,152.8,150.1
ED-0034,721,12:01,153.0,157.7,165.5,156.1,156.5,150.4,157.6,151.9,160.7,164.1,153.7,150.3
ED-0034,722,12:02,152.2,157.4,165.2,156.0,155.5,149.5,157.5,152.1,160.0,164.0,154.0,150.7
ED-0034,723,12:03,153.1,157.9,164.6,155.5,155.7,149.9,157.5,152.3,161.1,165.3,153.2,149.7
ED-0034,724,12:04,154.1,158.0,165.0,156.6,155.6,150.6,157.2,152.8,159.9,164.5,153.4,150.2
ED-0034,725,12:05,152.7,157.9,164.4,156.7,156.5,150.1,157.7,151.7,160.4,164.7,154.3,150.6
ED-0034,726,12:06,153.5,159.2,164.8,157.1,156.1,150.0,158.8,153.4,160.3,165.2,153.7,150.3
ED-0034,727,12:07,153.4,158.3,164.1,157.4,156.1,151.5,158.7,152.6,160.3,164.9,154.2,150.4
ED-0034,728,12:08,153.2,158.3,164.9,157.1,155.7,149.9,159.3,153.2,161.3,165.0,153.8,151.5
ED-0034,729,12:09,153.7,158.2,165.2,157.0,155.9,150.9,159.3,152.7,160.9,164.6,155.5,151.7
ED-0034,730,12:10,153.8,157.0,165.9,157.1,156.8,151.9,159.0,153.2,161.2,165.0,154.0,150.5
ED-0034,731,12:11,154.3,158.0,165.6,156.9,155.6,151.8,159.5,153.1,161.4,165.6,154.3,150.7
ED-0034,732,12:12,153.3,157.3,165.3,158.4,157.1,151.8,158.8,152.6,161.1,165.2,154.7,151.0
ED-0034,733,12:13,154.0,158.1,165.1,157.1,156.2,151.6,159.7,153.6,162.9,164.8,154.5,151.7
ED-0034,734,12:14,154.3,157.7,165.7,156.5,157.0,151.8,158.8,153.4,161.8,166.0,153.8,150.4
ED-0034,735,12:15,155.0,159.5,165.8,157.7,156.4,151.5,158.8,153.7,161.6,164.7,155.1,150.9
ED-0034,736,12:16,154.4,158.6,165.7,158.5,156.8,152.6,159.8,154.7,161.2,166.3,154.5,151.5
ED-0034,737,12:17,154.5,160.3,165.9,158.5,157.7,152.4,159.5,154.0,161.4,165.9,154.8,151.3
ED-0034,738,12:18,153.3,159.1,165.7,158.4,156.9,152.3,159.5,154.0,162.2,166.0,155.5,150.7
ED-0034,739,12:19,154.2,159.4,166.3,157.6,157.2,152.3,159.8,154.2,162.9,165.6,155.6,151.2
ED-0034,740,12:20,154.4,158.9,166.5,158.0,157.0,152.1,159.5,154.2,162.8,165.2,154.6,150.3
ED-0034,741,12:21,154.7,159.5,166.1,157.9,158.8,151.5,160.5,153.7,162.3,166.3,155.4,151.6
ED-0034,742,12:22,155.7,159.7,166.3,158.7,157.6,152.3,159.9,154.3,161.8,166.9,155.7,151.2
ED-0034,743,12:23,155.5,159.6,167.0,158.3,157.8,152.8,160.2,154.7,163.3,166.4,154.7,151.6
ED-0034,744,12:24,154.7,159.9,165.7,157.9,158.6,152.6,160.5,154.4,162.6,165.6,155.4,151.8
ED-0034,745,12:25,155.9,159.4,166.4,158.9,157.8,152.2,160.7,154.7,163.7,166.3,155.3,152.4
ED-0034,746,12:26,154.7,159.3,166.6,158.3,158.3,152.5,160.4,155.3,163.7,166.3,155.9,152.4
ED-0034,747,12:27,155.1,160.0,167.4,159.5,159.0,151.9,161.1,154.4,163.7,166.5,156.0,152.0
ED-0034,748,12:28,155.6,159.9,166.4,158.7,157.9,153.4,161.4,155.0,163.8,167.4,156.5,151.8
ED-0034,749,12:29,155.8,159.5,166.9,158.9,159.0,153.2,160.5,154.6,162.8,166.1,156.3,152.4
ED-0034,750,12:30,154.9,160.3,167.9,159.7,157.3,152.7,161.1,155.3,163.2,167.8,155.6,151.5
ED-0034,751,12:31,156.3,160.1,168.0,159.2,158.1,152.3,160.7,155.1,163.8,166.6,156.3,152.6
ED-0034,752,12:32,155.2,160.5,167.8,159.2,158.7,152.4,161.5,155.0,163.2,166.4,156.9,151.9
ED-0034,753,12:33,155.1,161.0,167.1,159.0,159.0,152.9,161.2,154.9,163.4,167.4,156.6,153.1
ED-0034,754,12:34,155.4,160.6,168.2,158.8,159.1,153.3,161.3,156.0,164.3,167.4,156.0,153.5
ED-0034,755,12:35,155.5,160.4,167.8,159.7,158.5,154.0,161.3,155.6,164.4,166.4,157.4,152.9
ED-0034,756,12:36,156.4,160.9,166.9,159.1,159.7,154.0,161.3,155.4,163.5,167.5,157.2,153.7
ED-0034,757,12:37,156.5,161.2,167.8,158.8,159.1,153.4,162.6,155.1,163.9,168.3,156.5,152.8
ED-0034,758,12:38,157.0,160.4,168.5,159.3,159.4,153.5,161.4,156.9,163.5,167.3,157.3,152.6
ED-0034,759,12:39,156.6,160.7,168.7,159.5,160.0,153.8,161.8,154.7,162.9,168.4,158.5,153.7
ED-0034,760,12:40,157.2,161.1,168.0,160.5,159.6,153.6,162.0,157.2,164.0,168.4,157.1,152.2
ED-0034,761,12:41,156.5,160.5,168.6,160.3,161.4,153.8,162.3,156.4,163.7,167.1,157.0,153.5
ED-0034,762,12:42,157.2,160.9,168.2,160.0,160.9,154.2,162.6,156.0,165.2,168.5,156.3,153.7
ED-0034,763,12:43,157.1,162.1,167.7,160.6,160.0,154.6,162.6,156.0,164.9,168.1,157.6,153.6
ED-0034,764,12:44,156.0,161.9,168.5,160.2,159.9,154.2,162.8,156.0,163.2,169.0,157.8,153.7
ED-0034,765,12:45,157.9,161.5,168.9,160.4,160.5,154.5,162.7,156.8,165.1,168.0,157.9,154.5
ED-0034,766,12:46,156.9,162.2,168.6,160.3,159.7,153.7,162.3,156.5,164.5,168.7,157.7,153.9
ED-0034,767,12:47,157.4,162.2,168.9,160.0,160.3,155.1,162.3,157.2,164.8,167.8,158.4,153.8
ED-0034,768,12:48,156.7,161.6,169.3,161.2,160.9,154.6,161.9,157.7,165.5,169.3,157.1,153.9
ED-0034,769,12:49,158.5,161.6,169.2,160.1,160.0,153.9,162.6,157.5,165.1,168.3,157.8,154.6
ED-0034,770,12:50,156.9,161.6,169.7,160.5,159.2,154.4,163.2,156.1,164.6,168.8,158.4,154.1
ED-0034,771,12:51,157.5,161.2,169.2,160.7,160.7,155.1,161.9,157.4,165.2,168.0,157.7,155.0
ED-0034,772,12:52,158.0,161.5,169.8,160.7,160.2,155.3,163.7,157.2,165.6,169.0,157.8,155.1
ED-0034,773,12:53,158.0,161.8,169.8,161.7,161.3,156.0,163.6,158.3,165.9,167.8,159.2,154.1
ED-0034,774,12:54,157.6,162.2,169.4,160.5,160.0,155.9,163.5,157.2,165.6,169.3,158.4,154.9
ED-0034,775,12:55,157.8,163.0,169.5,161.4,160.5,155.9,163.2,158.0,165.8,169.2,157.8,155.1
ED-0034,776,12:56,158.0,162.6,170.1,160.6,161.1,156.1,162.9,157.0,165.7,169.7,157.7,154.7
ED-0034,777,12:57,157.5,162.9,169.4,160.9,162.4,155.8,163.9,158.2,165.3,170.2,158.6,154.7
ED-0034,778,12:58,158.5,163.5,169.6,161.5,160.8,156.5,164.4,157.3,166.1,168.5,157.7,154.8
ED-0034,779,12:59,158.7,163.3,170.4,161.9,161.7,156.3,164.0,158.0,165.6,169.6,158.7,155.2
ED-0034,780,13:00,158.0,163.3,169.7,160.9,161.4,155.8,164.0,158.0,165.4,169.0,158.5,155.8
ED-0034,781,13:01,157.7,162.6,169.2,161.4,161.0,155.8,164.4,158.0,165.7,169.7,159.6,155.3
ED-0034,782,13:02,157.8,162.6,170.4,161.6,161.7,156.9,164.1,157.4,166.4,169.7,158.6,155.0
ED-0034,783,13:03,158.2,163.8,170.7,162.0,161.2,156.9,164.0,157.7,164.9,170.1,159.1,155.7
ED-0034,784,13:04,158.6,162.7,170.5,161.9,162.6,156.5,164.2,158.4,165.7,170.2,159.4,155.8
ED-0034,785,13:05,158.5,163.3,171.1,161.8,162.7,155.7,164.7,158.6,165.2,170.2,159.4,155.7
ED-0034,786,13:06,158.9,163.8,171.4,161.2,162.5,156.0,164.4,158.1,166.7,170.5,160.3,156.6
ED-0034,787,13:07,158.9,162.9,171.1,162.8,161.7,156.5,164.3,158.6,167.0,169.6,160.3,156.0
ED-0034,788,13:08,159.1,163.8,171.1,162.7,162.5,156.7,164.5,158.4,166.3,170.6,159.0,156.6
ED-0034,789,13:09,159.1,163.4,171.5,161.7,162.1,157.2,164.5,158.7,166.5,171.9,159.1,155.4
ED-0034,790,13:10,159.7,164.1,171.7,162.3,163.0,156.4,164.0,159.1,166.7,170.7,160.1,156.6
ED-0034,791,13:11,159.5,162.9,171.7,162.8,163.3,156.3,164.4,158.8,166.4,170.8,160.3,155.5
ED-0034,792,13:12,159.8,163.9,171.4,163.3,162.2,156.7,165.4,159.1,165.5,170.9,159.7,156.4
ED-0034,793,13:13,159.6,164.5,171.5,163.5,163.2,157.5,166.2,159.4,166.7,170.8,160.2,156.6
ED-0034,794,13:14,159.7,163.2,171.3,162.5,163.0,156.8,165.4,158.6,166.9,171.1,160.2,156.5
ED-0034,795,13:15,160.3,164.1,171.5,163.4,163.2,157.1,165.3,159.5,167.3,171.1,159.1,157.1
ED-0034,796,13:16,159.6,163.7,171.8,162.4,163.5,157.3,165.2,159.6,167.7,170.7,160.6,157.3
ED-0034,797,13:17,159.9,164.6,171.7,163.0,163.0,156.9,165.3,158.6,167.6,171.0,160.5,156.6
ED-0034,798,13:18,159.6,164.0,171.5,163.7,163.7,157.2,165.1,159.3,167.9,171.5,160.8,156.2
ED-0034,799,13:19,161.0,164.4,171.8,163.6,163.5,158.3,164.6,160.0,167.4,172.3,160.9,156.7
ED-0034,800,13:20,159.6,164.2,172.2,163.6,163.6,158.3,166.5,159.6,168.4,171.5,160.8,157.1
ED-0034,801,13:21,160.8,164.5,172.1,163.4,163.5,157.9,166.5,160.2,167.4,171.5,160.7,157.3
ED-0034,802,13:22,160.6,164.6,172.6,164.3,163.8,158.0,166.8,160.3,168.9,171.1,160.7,156.3
ED-0034,803,13:23,161.2,164.5,172.3,163.1,163.2,157.6,166.4,159.7,167.3,171.6,161.0,157.7
ED-0034,804,13:24,161.2,164.9,172.0,162.5,163.7,157.8,165.7,160.1,167.8,172.3,160.7,157.1
ED-0034,805,13:25,160.6,165.5,173.3,163.6,164.0,156.7,167.1,159.4,168.2,171.9,160.5,157.3
ED-0034,806,13:26,160.9,164.4,172.7,163.3,163.9,157.7,166.1,160.2,169.0,172.3,161.2,157.8
ED-0034,807,13:27,162.0,165.6,172.7,164.2,163.6,158.5,166.3,160.6,168.9,171.9,160.9,157.9
ED-0034,808,13:28,161.2,164.2,172.5,164.0,164.6,157.8,166.2,160.6,168.4,171.5,160.9,158.5
ED-0034,809,13:29,160.5,164.3,171.2,163.2,163.9,157.9,166.3,159.4,167.3,172.3,160.9,157.3
ED-0034,810,13:30,160.8,165.6,171.6,164.3,164.1,158.6,166.5,161.6,169.1,172.9,161.1,158.2
ED-0034,811,13:31,160.9,165.8,173.2,164.6,165.1,158.8,166.7,161.2,167.7,172.1,161.4,157.3
ED-0034,812,13:32,160.9,164.8,173.0,164.4,164.5,158.3,166.3,160.7,168.7,172.3,161.2,157.6
ED-0034,813,13:33,161.3,165.7,174.0,164.6,163.8,158.4,166.9,160.7,169.1,172.8,162.3,159.1
ED-0034,814,13:34,161.2,165.7,173.1,164.1,164.3,157.9,168.3,160.4,168.8,172.7,162.4,158.1
ED-0034,815,13:35,161.3,166.3,173.3,165.1,164.4,158.3,167.1,160.6,169.3,172.6,161.7,158.0
ED-0034,816,13:36,160.8,166.2,173.8,164.4,164.2,159.6,167.6,161.8,169.7,172.5,162.1,158.8
ED-0034,817,13:37,161.7,165.3,172.6,164.8,165.0,158.7,167.1,161.5,169.5,172.4,162.3,158.5
ED-0034,818,13:38,162.9,166.0,173.6,165.3,164.7,158.9,168.1,161.4,169.6,173.8,162.5,159.2
ED-0034,819,13:39,161.9,166.4,173.8,163.8,165.5,158.5,167.8,160.9,169.1,173.6,161.9,159.5
ED-0034,820,13:40,161.5,165.1,173.7,165.1,165.4,159.0,168.1,161.9,169.7,173.7,162.6,159.8
ED-0034,821,13:41,162.1,167.0,174.3,164.5,165.7,159.1,167.5,161.4,169.0,172.3,161.5,158.8
ED-0034,822,13:42,162.2,166.9,174.9,164.9,164.9,159.4,167.3,161.0,169.3,173.1,163.1,159.7
ED-0034,823,13:43,161.3,166.3,174.4,165.7,165.9,159.9,166.6,162.2,169.5,174.0,163.2,158.7
ED-0034,824,13:44,163.3,166.9,173.3,164.6,165.0,159.5,168.1,161.8,169.9,173.9,162.1,159.0
ED-0034,825,13:45,162.0,166.2,173.7,166.3,165.6,159.2,167.3,161.1,169.9,173.5,162.8,160.3
ED-0034,826,13:46,162.3,166.2,174.0,165.8,164.9,160.0,168.0,162.3,170.1,174.2,161.9,158.8
ED-0034,827,13:47,162.0,166.8,173.6,164.9,165.8,160.2,168.7,162.9,170.6,173.5,162.9,159.1
ED-0034,828,13:48,161.4,167.9,173.8,165.8,164.6,160.0,168.6,162.5,170.0,173.7,162.2,159.8
ED-0034,829,13:49,162.6,167.0,174.0,165.5,166.3,159.4,169.6,161.4,168.6,174.5,162.6,159.6
ED-0034,830,13:50,163.5,167.3,173.5,166.1,166.5,160.0,168.4,162.0,170.4,174.3,163.3,159.3
ED-0034,831,13:51,162.1,167.0,174.2,166.5,166.8,160.4,168.2,162.0,170.4,174.1,162.5,160.0
ED-0034,832,13:52,162.7,167.0,175.3,166.7,166.4,160.6,169.2,161.4,170.9,174.2,162.7,158.8
ED-0034,833,13:53,162.5,167.3,175.1,165.3,165.4,161.3,167.8,162.4,170.8,173.2,163.2,160.4
ED-0034,834,13:54,163.1,167.2,174.2,166.0,165.8,160.9,169.1,162.8,170.9,173.7,163.6,159.1
ED-0034,835,13:55,163.3,167.8,174.9,165.8,167.1,160.8,168.7,162.4,171.2,173.8,164.0,160.2
ED-0034,836,13:56,162.9,168.6,175.0,166.3,165.5,161.3,169.2,162.6,170.4,174.0,164.2,160.2
ED-0034,837,13:57,163.0,166.8,175.0,167.2,166.7,159.4,169.1,163.4,170.5,174.3,163.6,160.5
ED-0034,838,13:58,163.9,168.3,175.5,166.1,166.2,161.1,169.3,162.6,171.4,174.8,162.4,159.8
ED-0034,839,13:59,163.2,168.0,175.0,166.0,166.5,161.7,168.7,162.5,170.8,174.4,164.4,160.6
ED-0034,840,14:00,163.5,168.7,176.7,166.4,167.7,162.0,168.7,163.1,171.2,174.3,163.6,160.8
ED-0034,841,14:01,163.0,167.5,174.6,167.3,166.7,161.4,168.7,162.4,171.7,176.1,163.7,160.6
ED-0034,842,14:02,163.7,167.7,175.2,165.8,166.4,161.3,169.5,164.3,171.8,174.4,163.8,161.1
ED-0034,843,14:03,163.4,168.1,175.5,166.6,166.6,161.2,169.4,164.0,171.6,175.5,164.9,160.8
ED-0034,844,14:04,163.7,169.0,175.6,167.4,166.9,161.5,169.1,163.7,171.3,175.0,164.8,160.3
ED-0034,845,14:05,163.1,168.0,175.2,166.9,168.3,161.4,169.2,163.3,170.7,175.3,164.1,160.8
ED-0034,846,14:06,163.4,168.6,174.9,167.8,167.3,161.6,170.2,163.8,171.8,174.9,165.1,160.9
ED-0034,847,14:07,163.7,169.0,175.2,167.1,167.9,161.5,169.5,163.1,171.1,175.0,164.2,160.0
ED-0034,848,14:08,164.2,168.6,176.3,167.3,166.6,161.4,169.9,163.3,171.2,175.4,164.5,161.3
ED-0034,849,14:09,164.4,168.0,176.3,168.1,167.4,161.4,170.5,163.9,171.8,175.9,164.3,160.7
ED-0034,850,14:10,164.3,167.9,176.5,166.2,167.7,161.3,170.3,164.0,171.3,175.9,163.7,162.2
ED-0034,851,14:11,163.8,167.6,176.7,167.2,167.4,162.3,171.1,163.9,171.6,176.3,165.3,161.7
ED-0034,852,14:12,164.6,168.6,176.6,167.8,167.8,162.0,169.3,163.0,171.2,176.1,164.7,161.0
ED-0034,853,14:13,163.9,169.1,176.6,168.1,167.2,161.6,170.4,163.9,171.5,176.6,164.1,161.1
ED-0034,854,14:14,164.2,169.4,177.0,167.4,167.8,163.1,171.3,164.4,171.2,175.0,166.1,160.5
ED-0034,855,14:15,165.3,168.7,176.8,168.5,167.7,161.8,169.6,163.4,172.5,175.8,164.7,162.3
ED-0034,856,14:16,165.0,168.3,176.2,167.7,167.4,162.0,170.0,164.6,172.4,175.2,165.4,161.6
ED-0034,857,14:17,164.9,169.5,177.1,167.8,168.0,162.4,170.5,163.9,173.0,176.3,165.4,162.9
ED-0034,858,14:18,164.7,169.5,176.8,167.5,168.1,162.6,170.8,164.8,171.8,176.2,164.6,161.4
ED-0034,859,14:19,165.4,169.1,177.7,168.1,168.9,162.1,170.7,165.1,172.2,176.3,164.5,161.4
ED-0034,860,14:20,165.3,168.7,177.4,167.7,168.1,162.7,170.6,164.7,172.1,176.1,165.3,161.6
ED-0034,861,14:21,164.8,168.9,177.9,168.7,168.5,163.0,170.7,164.0,173.2,175.9,165.5,161.9
ED-0034,862,14:22,165.1,169.8,176.9,169.3,168.5,163.6,171.0,165.2,172.6,176.8,165.5,162.4
ED-0034,863,14:23,166.2,169.5,177.4,169.1,168.4,162.7,170.4,165.5,172.5,176.8,165.0,161.5
ED-0034,864,14:24,164.6,169.5,176.9,168.2,168.9,162.6,170.7,165.1,173.9,176.8,165.2,162.2
ED-0034,865,14:25,165.9,170.3,177.5,169.1,169.4,163.5,171.6,165.0,173.1,177.6,166.4,161.4
ED-0034,866,14:26,165.1,169.2,177.8,168.5,169.4,163.3,171.1,165.1,172.8,178.3,165.9,162.7
ED-0034,867,14:27,166.1,170.3,176.8,169.7,169.6,162.7,171.6,164.7,173.4,176.2,166.1,162.9
ED-0034,868,14:28,166.1,169.5,177.6,169.8,169.5,163.8,172.3,165.3,173.0,177.2,166.2,163.1
ED-0034,869,14:29,165.6,170.4,176.8,169.2,169.3,163.7,172.3,165.9,173.5,176.9,165.8,161.8
ED-0034,870,14:30,166.1,170.7,178.0,169.2,168.9,163.5,171.4,165.0,173.1,177.6,166.0,162.9
ED-0034,871,14:31,166.0,170.0,177.3,168.9,168.6,163.7,172.2,165.2,173.4,177.2,165.3,162.1
ED-0034,872,14:32,166.6,169.8,177.4,168.5,168.7,164.1,172.2,166.1,174.7,177.7,166.3,162.3
ED-0034,873,14:33,165.8,171.2,178.1,168.2,169.6,163.8,172.0,165.7,174.0,177.4,166.8,162.9
ED-0034,874,14:34,166.4,171.0,178.2,169.9,169.9,163.6,171.2,165.7,172.9,178.0,166.4,162.9
ED-0034,875,14:35,166.0,170.5,178.0,169.3,169.7,164.9,172.6,165.8,173.7,177.8,165.4,163.5
ED-0034,876,14:36,166.6,171.0,177.8,168.7,169.6,164.1,171.8,165.7,173.9,177.8,166.6,163.3
ED-0034,877,14:37,166.1,170.6,177.5,168.7,170.0,163.5,172.4,166.8,173.9,177.7,165.5,162.9
ED-0034,878,14:38,167.3,170.6,178.7,169.6,170.0,164.0,173.0,166.4,174.9,177.6,166.7,163.9
ED-0034,879,14:39,166.7,171.1,177.3,169.7,169.8,164.1,172.5,166.1,173.0,178.0,166.7,163.1
ED-0034,880,14:40,166.5,170.6,178.0,169.4,170.0,163.7,172.3,165.7,174.5,178.3,167.2,163.4
ED-0034,881,14:41,165.8,171.1,178.6,170.2,169.7,164.3,172.7,166.7,173.6,177.2,166.8,163.6
ED-0034,882,14:42,166.4,172.1,178.2,169.5,170.2,164.5,172.2,166.8,173.9,178.0,167.3,163.3
ED-0034,883,14:43,166.7,172.3,178.8,170.5,170.1,164.6,173.4,167.5,173.9,178.0,166.8,163.7
ED-0034,884,14:44,166.9,170.7,179.2,169.9,169.6,164.7,174.2,167.1,173.0,178.7,167.7,164.0
ED-0034,885,14:45,166.2,171.1,179.0,169.0,170.3,165.3,172.8,167.9,175.0,178.7,167.7,163.5
ED-0034,886,14:46,167.5,172.1,178.8,170.7,171.1,164.4,173.1,167.3,174.7,178.5,167.6,163.5
ED-0034,887,14:47,166.8,172.1,179.4,170.3,170.1,164.6,171.9,166.9,175.5,177.8,167.9,166.0
ED-0034,888,14:48,167.3,171.6,179.7,171.0,170.5,164.9,173.9,167.0,175.1,178.4,167.0,164.5
ED-0034,889,14:49,167.6,171.8,179.0,169.7,170.7,165.1,173.3,166.4,174.7,178.3,167.5,164.0
ED-0034,890,14:50,167.6,171.9,179.0,170.1,171.8,165.0,173.7,166.1,174.6,179.0,166.3,164.4
ED-0034,891,14:51,167.0,171.7,179.3,170.2,171.0,164.9,172.7,166.4,175.6,178.8,167.4,164.0
ED-0034,892,14:52,167.7,172.1,179.5,171.1,171.3,165.3,173.1,167.4,175.0,178.8,167.4,164.5
ED-0034,893,14:53,167.5,172.3,179.1,170.3,171.5,165.9,174.8,167.3,175.7,179.2,167.7,164.7
ED-0034,894,14:54,167.6,172.3,179.4,170.9,171.0,166.4,173.8,167.1,174.6,179.7,167.9,164.7
ED-0034,895,14:55,166.3,172.0,178.9,170.4,172.0,166.0,173.7,167.1,175.0,180.0,168.6,164.3
ED-0034,896,14:56,168.0,171.7,180.4,169.9,171.8,165.6,173.3,167.4,175.8,179.5,168.0,165.2
ED-0034,897,14:57,168.1,172.2,179.8,171.3,170.1,165.5,173.3,167.5,175.0,178.9,168.1,165.4
ED-0034,898,14:58,168.3,171.9,180.3,170.4,171.1,165.3,174.5,167.2,175.0,179.2,167.9,164.7
ED-0034,899,14:59,167.2,171.9,180.3,171.9,171.5,165.3,174.3,167.9,175.8,179.6,169.0,164.9
ED-0034,900,15:00,168.5,171.6,180.6,171.7,171.6,166.2,174.1,167.8,175.6,178.8,168.5,164.8
ED-0034,901,15:01,167.2,170.9,180.3,172.2,172.1,165.9,174.0,168.0,176.2,178.9,168.5,164.8
ED-0034,902,15:02,168.2,173.2,180.0,171.6,172.3,166.5,173.7,167.3,176.7,179.1,168.6,165.8
ED-0034,903,15:03,168.3,172.3,180.4,171.6,172.0,166.4,173.8,168.1,176.4,180.3,168.5,164.2
ED-0034,904,15:04,168.3,173.6,180.0,171.6,171.5,166.0,173.6,168.5,175.8,180.6,169.3,165.2
ED-0034,905,15:05,168.6,172.9,181.0,171.4,171.7,166.0,173.6,168.3,176.2,178.7,169.8,165.1
ED-0034,906,15:06,167.5,173.1,182.0,172.7,172.9,165.5,174.9,167.9,176.7,179.4,168.9,165.0
ED-0034,907,15:07,168.9,172.6,180.4,171.6,172.3,166.1,174.7,168.1,176.1,179.6,169.1,165.3
ED-0034,908,15:08,168.4,172.8,180.1,171.9,171.7,166.7,175.2,168.3,176.2,180.2,168.1,166.5
ED-0034,909,15:09,169.1,172.9,180.3,171.9,172.1,166.3,175.3,168.9,176.5,179.9,168.3,165.6
ED-0034,910,15:10,169.1,173.2,181.5,171.8,172.3,166.1,174.4,168.2,176.6,180.0,169.2,165.9
ED-0034,911,15:11,168.3,172.9,181.3,171.8,172.8,166.6,174.6,168.9,176.3,181.2,169.6,165.2
ED-0034,912,15:12,169.6,172.8,180.5,171.5,172.2,167.0,174.9,168.5,177.0,179.7,169.5,165.7
ED-0034,913,15:13,167.7,172.6,180.0,172.5,172.2,166.8,175.2,168.1,177.8,181.2,169.8,166.5
ED-0034,914,15:14,168.8,174.5,179.8,172.0,172.7,166.7,175.1,169.0,176.0,181.2,169.5,166.4
ED-0034,915,15:15,169.0,173.6,180.6,172.2,173.3,167.1,175.6,168.5,176.9,180.4,169.6,165.4
ED-0034,916,15:16,168.6,173.9,180.9,172.7,173.1,168.6,176.2,168.9,176.2,180.6,168.8,165.5
ED-0034,917,15:17,169.2,174.5,180.4,172.5,173.6,167.1,174.9,168.6,176.9,180.8,169.7,165.9
ED-0034,918,15:18,169.5,173.4,181.8,171.7,173.5,167.2,175.9,169.3,177.7,181.7,169.8,166.1
ED-0034,919,15:19,169.0,174.7,182.0,172.0,173.5,167.5,175.6,169.5,176.7,181.2,169.0,166.3
ED-0034,920,15:20,170.0,173.7,182.2,171.9,173.3,167.3,175.5,169.3,177.5,181.9,169.9,165.3
ED-0034,921,15:21,169.0,173.9,181.6,172.6,172.1,166.7,174.8,168.9,177.7,181.1,170.0,165.7
ED-0034,922,15:22,168.8,173.8,181.5,173.5,172.7,166.3,176.1,169.1,177.5,180.6,169.5,166.9
ED-0034,923,15:23,169.3,173.7,181.7,173.1,174.0,167.3,175.9,169.1,177.2,181.8,170.8,166.7
ED-0034,924,15:24,170.6,175.2,181.1,172.7,173.9,167.7,175.7,169.8,177.5,180.3,170.3,165.3
ED-0034,925,15:25,169.7,174.7,182.0,172.5,174.3,168.2,176.7,169.0,176.6,181.1,170.2,166.0
ED-0034,926,15:26,170.2,175.3,182.3,171.5,173.2,168.1,176.1,169.9,178.0,181.6,169.5,167.1
ED-0034,927,15:27,170.2,174.5,181.4,173.8,173.8,167.6,175.9,169.5,178.6,181.0,170.8,166.6
ED-0034,928,15:28,170.2,174.5,183.2,173.3,174.1,167.8,176.0,169.4,177.7,182.4,170.2,166.3
ED-0034,929,15:29,170.9,174.1,182.5,172.7,173.9,168.3,176.2,169.2,177.5,181.7,170.3,166.6
ED-0034,930,15:30,169.5,174.9,182.4,174.4,174.7,166.8,176.7,170.4,177.8,181.1,170.0,166.6
ED-0034,931,15:31,169.9,175.0,182.7,173.1,174.9,168.4,176.4,169.7,178.0,181.4,170.3,166.9
ED-0034,932,15:32,169.6,174.6,181.9,173.6,173.4,168.0,176.7,170.1,178.3,182.0,171.2,166.2
ED-0034,933,15:33,169.7,175.2,182.2,174.5,174.4,169.0,176.5,170.2,178.6,181.7,170.3,166.7
ED-0034,934,15:34,170.5,174.3,182.9,173.1,173.8,168.6,176.8,170.1,178.2,181.7,170.6,167.2
ED-0034,935,15:35,169.9,175.1,182.5,174.1,174.9,169.1,176.9,170.3,177.8,182.4,171.0,167.3
ED-0034,936,15:36,170.6,174.8,182.1,172.4,174.4,168.3,176.2,170.3,179.1,181.6,169.8,168.5
ED-0034,937,15:37,171.0,176.1,183.4,173.1,175.4,168.9,177.4,170.2,179.1,181.6,171.3,167.2
ED-0034,938,15:38,171.4,175.4,182.6,173.5,174.2,168.0,176.8,171.4,178.2,182.3,170.5,167.7
ED-0034,939,15:39,171.7,175.5,182.3,173.5,174.2,168.4,176.3,170.4,177.4,182.5,170.4,167.3
ED-0034,940,15:40,171.2,175.1,183.4,173.6,174.2,169.2,177.0,170.1,178.3,181.8,170.4,168.0
ED-0034,941,15:41,171.2,174.4,183.2,173.2,174.5,168.6,177.6,170.2,178.7,181.7,171.6,166.8
ED-0034,942,15:42,171.4,174.5,183.4,173.1,175.4,169.2,177.5,169.6,179.0,182.8,170.3,167.5
ED-0034,943,15:43,171.9,175.3,184.0,174.5,175.4,169.6,177.9,170.7,178.9,182.4,170.5,167.6
ED-0034,944,15:44,172.0,175.4,183.6,174.7,175.4,169.6,178.2,171.3,179.7,182.4,171.5,168.1
ED-0034,945,15:45,171.2,175.1,183.4,176.0,174.7,169.2,177.5,170.9,179.1,182.8,171.3,168.2
ED-0034,946,15:46,171.5,175.7,182.8,174.5,175.3,168.4,177.9,171.3,179.0,183.4,172.3,169.2
ED-0034,947,15:47,171.2,176.2,183.1,174.8,173.7,168.7,177.9,172.1,178.4,182.8,170.7,168.1
ED-0034,948,15:48,171.7,176.1,184.9,174.8,174.6,169.3,177.9,171.4,178.8,182.0,172.5,167.1
ED-0034,949,15:49,171.7,176.4,183.5,174.5,175.5,169.4,178.1,171.4,179.1,183.1,172.5,167.6
ED-0034,950,15:50,172.8,176.1,182.9,174.3,174.8,169.0,177.4,170.3,179.1,182.5,172.5,167.6
ED-0034,951,15:51,171.3,176.7,184.1,174.5,176.0,169.1,178.6,171.4,179.3,182.5,171.7,167.5
ED-0034,952,15:52,172.2,176.7,183.9,174.7,174.7,169.2,177.4,171.7,179.9,183.3,171.2,168.7
ED-0034,953,15:53,172.2,176.6,183.9,176.0,175.0,169.2,177.9,171.2,179.4,183.4,172.5,168.1
ED-0034,954,15:54,170.8,176.5,184.2,174.9,176.7,169.9,178.2,171.2,179.5,183.9,172.3,168.7
ED-0034,955,15:55,171.6,176.2,183.8,174.9,176.1,169.3,178.6,171.6,180.2,184.1,171.8,168.9
ED-0034,956,15:56,172.4,176.1,184.2,175.1,175.3,169.9,178.3,171.6,179.1,183.0,172.3,169.2
ED-0034,957,15:57,172.5,177.4,183.9,175.3,175.9,169.8,178.4,171.5,180.0,183.8,172.7,169.8
ED-0034,958,15:58,172.4,177.2,184.1,175.1,174.9,170.8,178.0,171.1,179.2,183.2,172.2,168.2
ED-0034,959,15:59,171.9,176.4,184.4,175.6,176.9,170.1,178.5,172.3,179.6,183.8,172.6,169.1
ED-0034,960,16:00,172.2,176.3,185.4,175.4,176.3,170.8,178.1,172.6,180.8,183.7,172.5,168.8
ED-0034,961,16:01,172.2,176.2,184.7,175.6,175.4,170.9,178.6,172.2,180.0,183.3,172.2,169.0
ED-0034,962,16:02,172.7,176.9,184.3,176.4,175.7,170.3,179.2,173.1,179.9,184.0,172.7,169.3
ED-0034,963,16:03,172.3,176.4,184.5,174.5,175.8,170.8,178.7,171.7,179.8,184.6,172.5,169.3
ED-0034,964,16:04,171.7,177.2,184.7,175.8,176.3,170.8,179.3,172.2,180.2,183.9,172.5,169.0
ED-0034,965,16:05,172.3,176.9,184.5,176.2,176.7,170.5,178.9,173.0,179.8,184.6,173.4,169.4
ED-0034,966,16:06,173.0,176.5,185.4,176.2,175.8,170.4,179.3,172.4,180.1,183.4,173.2,169.6
ED-0034,967,16:07,173.3,177.9,184.7,175.3,177.5,169.3,179.7,172.2,180.7,183.5,172.6,170.7
ED-0034,968,16:08,173.6,176.8,185.6,175.7,176.0,170.6,179.2,172.4,180.9,184.8,173.3,169.5
ED-0034,969,16:09,173.0,177.8,184.4,175.3,177.3,169.9,178.3,172.8,180.2,184.4,173.2,170.2
ED-0034,970,16:10,173.0,176.6,185.0,176.0,176.5,171.0,179.0,172.7,180.7,185.3,172.4,169.1
ED-0034,971,16:11,172.9,177.4,184.7,175.7,177.5,171.0,180.0,172.5,181.0,184.3,172.4,170.5
ED-0034,972,16:12,172.8,178.2,185.5,175.4,177.1,170.9,179.5,173.6,180.2,184.7,172.9,169.5
ED-0034,973,16:13,172.9,177.9,184.5,175.9,175.8,171.0,180.3,172.1,181.4,185.3,173.2,169.1
ED-0034,974,16:14,173.5,177.3,185.9,176.4,176.9,170.6,179.2,173.5,180.4,184.3,173.2,170.1
ED-0034,975,16:15,172.4,178.7,185.7,176.7,176.4,170.9,180.8,172.0,180.8,184.9,173.7,169.3
ED-0034,976,16:16,173.4,177.5,186.5,176.1,177.9,171.4,180.0,173.1,181.7,184.0,172.6,170.6
ED-0034,977,16:17,174.1,177.7,184.7,176.6,177.8,169.8,179.8,173.4,181.7,184.6,174.0,170.4
ED-0034,978,16:18,173.4,177.6,184.9,176.6,177.6,171.5,180.9,173.2,181.7,184.5,173.2,170.2
ED-0034,979,16:19,173.5,177.9,185.8,176.3,177.5,172.1,180.4,173.7,182.0,184.4,174.0,169.6
ED-0034,980,16:20,173.6,177.9,185.7,176.1,177.7,172.4,180.7,172.3,181.3,185.3,173.7,170.8
ED-0034,981,16:21,173.9,177.8,184.2,176.6,176.8,171.2,180.0,173.7,181.3,185.7,173.5,170.7
ED-0034,982,16:22,173.6,178.7,186.5,177.9,176.9,171.9,179.5,173.5,181.7,185.2,174.5,169.9
ED-0034,983,16:23,173.9,179.0,185.4,176.5,178.4,170.8,178.9,174.6,181.4,186.0,174.4,169.7
ED-0034,984,16:24,174.6,178.7,185.0,176.9,178.4,171.2,180.9,173.6,182.3,185.7,174.1,171.4
ED-0034,985,16:25,173.0,178.4,185.9,176.4,176.9,171.6,180.6,173.9,182.4,185.4,173.6,170.2
ED-0034,986,16:26,173.5,178.8,185.8,177.1,177.9,172.2,181.9,173.5,182.0,186.0,174.7,170.5
ED-0034,987,16:27,173.1,179.1,186.9,176.4,178.1,171.5,180.8,173.5,182.3,186.0,175.3,170.8
ED-0034,988,16:28,174.4,178.4,185.8,176.4,177.1,172.4,181.1,173.7,181.8,185.4,173.7,171.1
ED-0034,989,16:29,173.7,178.5,186.5,177.1,177.9,172.4,181.1,174.3,181.7,185.2,173.9,170.0
ED-0034,990,16:30,174.2,179.0,186.8,178.3,178.2,172.3,181.1,173.6,181.5,185.9,173.4,170.8
ED-0034,991,16:31,174.2,179.1,185.4,177.1,178.2,172.0,180.2,174.3,181.9,185.7,174.8,170.9
ED-0034,992,16:32,173.8,178.8,186.4,177.4,178.8,171.9,181.0,173.5,182.5,185.1,174.8,171.1
ED-0034,993,16:33,174.9,178.7,186.8,177.8,177.8,172.0,181.2,174.6,182.4,186.9,173.9,171.0
ED-0034,994,16:34,175.2,177.7,186.8,178.3,177.8,172.4,181.8,173.6,182.3,187.1,174.6,171.2
ED-0034,995,16:35,174.2,179.3,186.7,177.9,178.7,172.3,181.6,174.2,182.9,186.3,175.3,171.5
ED-0034,996,16:36,175.2,178.8,187.7,178.6,178.4,173.1,180.9,174.3,182.5,186.3,174.8,171.5
ED-0034,997,16:37,175.4,179.2,186.9,177.7,178.9,171.7,181.4,174.1,183.5,186.2,175.8,170.4
ED-0034,998,16:38,174.9,179.5,186.7,178.0,178.2,172.6,181.2,173.7,182.8,187.4,175.3,171.1
ED-0034,999,16:39,174.9,179.8,187.0,177.2,178.8,172.1,181.0,174.3,183.2,186.6,174.8,171.6
ED-0034,1000,16:40,175.0,180.3,187.9,177.8,177.9,172.6,181.3,174.0,183.0,186.9,174.3,171.9
ED-0034,1001,16:41,175.0,179.1,187.7,177.8,179.0,173.1,182.1,175.2,182.8,186.8,175.3,171.9
ED-0034,1002,16:42,174.7,179.8,187.2,178.3,178.8,173.3,181.4,174.4,183.8,186.5,175.0,170.8
ED-0034,1003,16:43,175.8,178.9,187.5,177.9,179.3,172.4,182.8,174.6,183.5,185.9,175.2,171.9
ED-0034,1004,16:44,175.1,180.3,186.7,178.4,179.5,173.8,181.6,174.7,183.3,187.1,175.6,171.4
ED-0034,1005,16:45,175.0,180.0,188.4,179.3,178.8,172.9,181.9,174.3,183.3,186.6,175.9,171.4
ED-0034,1006,16:46,176.1,179.5,186.5,177.8,179.1,173.2,182.1,174.5,183.0,187.1,175.1,171.6
ED-0034,1007,16:47,175.7,179.8,187.5,179.0,179.1,173.3,182.7,175.1,182.5,186.1,176.7,172.3
ED-0034,1008,16:48,175.2,179.8,187.9,178.8,178.5,173.3,182.0,175.9,182.8,187.2,175.7,172.7
ED-0034,1009,16:49,175.6,179.6,187.7,178.2,179.4,173.7,182.8,175.7,183.8,186.9,175.3,172.1
ED-0034,1010,16:50,176.4,180.5,187.6,177.5,180.1,174.0,181.8,175.5,183.1,186.4,175.0,172.0
ED-0034,1011,16:51,175.6,180.0,188.1,178.2,179.7,173.6,182.6,174.8,183.0,186.7,175.4,172.4
ED-0034,1012,16:52,175.9,180.2,187.9,178.6,179.7,174.1,182.3,175.4,183.1,186.8,176.0,173.1
ED-0034,1013,16:53,175.6,179.3,187.9,178.6,179.2,173.9,182.4,175.2,183.8,186.9,176.1,172.1
ED-0034,1014,16:54,175.5,179.9,187.5,178.1,178.7,173.2,181.7,175.9,184.4,186.7,175.6,172.6
ED-0034,1015,16:55,176.2,179.6,188.3,179.0,180.5,174.3,182.5,176.2,183.4,187.3,176.1,172.7
ED-0034,1016,16:56,176.4,181.0,187.8,178.5,181.2,172.9,182.8,176.0,183.7,187.2,176.3,173.2
ED-0034,1017,16:57,176.8,180.7,189.3,179.0,180.1,173.2,182.6,176.5,183.6,187.6,176.4,172.9
ED-0034,1018,16:58,176.8,180.7,188.9,178.6,180.2,174.7,182.7,176.6,184.4,188.0,176.9,171.5
ED-0034,1019,16:59,175.8,180.5,187.9,178.8,179.4,173.5,182.5,177.2,183.7,187.9,177.0,173.7
ED-0034,1020,17:00,175.9,180.6,187.9,179.7,180.0,173.8,182.9,176.0,184.8,188.9,176.5,172.7
ED-0034,1021,17:01,176.1,180.4,189.4,179.7,179.8,174.7,183.6,175.8,184.3,189.0,176.1,173.0
ED-0034,1022,17:02,177.0,180.7,189.0,179.0,180.3,174.6,183.3,176.0,184.5,188.1,176.8,173.4
ED-0034,1023,17:03,176.3,180.6,188.7,178.8,180.1,174.5,182.9,176.3,183.3,188.2,177.0,172.9
ED-0034,1024,17:04,175.5,180.8,188.1,179.4,180.0,173.9,183.5,176.7,184.1,187.9,175.9,172.7
ED-0034,1025,17:05,177.5,180.4,188.2,179.9,180.5,174.2,184.1,175.5,184.1,187.9,177.2,174.4
ED-0034,1026,17:06,175.8,181.5,189.7,178.7,180.6,173.9,182.8,176.1,184.5,187.9,176.8,173.2
ED-0034,1027,17:07,176.3,181.5,188.8,179.0,181.1,174.4,183.1,176.8,184.5,188.9,176.8,173.3
ED-0034,1028,17:08,176.5,180.1,188.6,179.4,180.1,174.2,183.4,177.1,185.0,189.0,176.7,173.3
ED-0034,1029,17:09,177.1,181.3,189.0,179.1,181.6,174.0,183.3,176.3,185.1,188.8,176.8,173.6
ED-0034,1030,17:10,177.7,181.2,189.4,179.5,181.1,174.9,184.0,176.9,183.9,188.4,176.3,173.9
ED-0034,1031,17:11,176.1,181.0,188.2,179.5,181.2,174.8,183.3,176.6,183.9,188.8,176.5,174.1
ED-0034,1032,17:12,176.3,180.8,188.9,180.5,179.4,175.3,183.0,177.0,185.0,189.2,178.1,174.4
ED-0034,1033,17:13,176.4,181.1,188.4,180.3,181.2,174.1,183.2,176.8,185.0,189.0,176.4,173.5
ED-0034,1034,17:14,177.1,181.2,189.3,179.8,181.2,174.5,183.6,177.3,184.7,188.6,176.6,173.8
ED-0034,1035,17:15,177.9,181.1,189.0,179.6,181.2,174.6,183.4,176.4,185.0,188.9,177.8,173.5
ED-0034,1036,17:16,177.3,181.4,189.2,179.6,180.9,175.2,184.0,177.4,183.9,188.4,176.3,173.3
ED-0034,1037,17:17,176.0,181.7,189.6,179.5,181.5,175.8,183.7,176.7,184.9,189.6,177.9,174.0
ED-0034,1038,17:18,177.4,182.1,190.3,179.8,181.7,174.7,184.4,177.6,185.1,189.1,176.9,173.5
ED-0034,1039,17:19,177.6,180.9,189.3,180.5,180.9,175.5,184.8,178.7,185.2,189.7,176.6,173.6
ED-0034,1040,17:20,177.4,181.7,190.0,180.1,180.9,175.7,183.9,177.4,185.5,189.5,178.0,173.6
ED-0034,1041,17:21,177.7,182.0,189.0,181.1,182.2,175.4,184.0,177.7,185.7,189.5,177.8,175.0
ED-0034,1042,17:22,177.9,180.8,190.0,181.1,181.3,174.9,185.0,177.4,185.0,188.9,177.6,173.8
ED-0034,1043,17:23,178.4,181.9,190.3,180.6,181.1,175.6,184.4,177.0,185.2,189.4,178.3,174.2
ED-0034,1044,17:24,178.2,182.0,189.6,180.2,181.8,175.7,184.4,176.5,185.0,189.8,178.0,175.2
ED-0034,1045,17:25,177.0,181.5,189.9,180.6,182.6,175.2,185.2,177.4,186.0,189.6,178.2,174.5
ED-0034,1046,17:26,177.9,182.6,190.3,181.4,181.2,174.6,184.2,177.8,184.4,189.8,177.4,174.5
ED-0034,1047,17:27,177.9,182.0,190.5,181.5,181.8,175.5,184.6,176.7,185.6,189.2,177.4,175.8
ED-0034,1048,17:28,176.9,182.0,190.6,180.5,181.3,175.0,184.9,177.6,185.3,189.9,178.1,174.5
ED-0034,1049,17:29,178.1,181.9,190.7,181.4,182.1,175.8,184.9,178.3,185.4,190.0,179.3,175.8
ED-0034,1050,17:30,179.3,182.0,190.3,180.3,181.5,176.2,184.2,178.3,184.8,190.1,178.7,174.8
ED-0034,1051,17:31,177.3,182.5,191.5,181.6,181.7,176.0,184.8,178.8,185.9,189.5,179.0,174.9
ED-0034,1052,17:32,178.0,182.6,190.7,181.3,182.6,176.0,184.4,177.9,186.1,190.4,177.5,175.8
ED-0034,1053,17:33,178.2,182.3,191.0,181.0,182.3,176.1,184.8,177.8,187.7,190.2,179.0,175.7
ED-0034,1054,17:34,178.7,182.7,190.8,181.2,182.4,175.8,184.5,177.9,186.7,190.5,178.1,175.6
ED-0034,1055,17:35,178.4,182.8,191.9,180.5,182.4,176.2,184.6,179.1,185.9,189.4,178.4,174.5
ED-0034,1056,17:36,178.5,183.7,190.1,181.5,182.7,175.6,185.3,178.7,187.2,189.9,179.1,175.1
ED-0034,1057,17:37,178.5,183.2,190.1,180.5,182.6,176.7,185.2,177.9,185.8,190.3,178.8,175.8
ED-0034,1058,17:38,179.6,183.1,190.0,181.0,181.7,176.0,185.1,178.3,186.9,189.8,179.0,175.5
ED-0034,1059,17:39,179.1,182.2,191.1,181.2,182.2,176.4,185.6,178.2,184.9,190.5,178.4,175.1
ED-0034,1060,17:40,178.9,182.4,190.9,181.3,182.5,176.8,185.2,178.9,186.9,191.0,178.4,175.4
ED-0034,1061,17:41,178.9,183.8,190.7,182.0,182.9,176.7,185.8,178.7,186.9,190.7,179.7,174.6
ED-0034,1062,17:42,178.5,183.6,190.8,181.7,183.7,176.5,185.5,178.5,186.1,190.9,178.6,175.6
ED-0034,1063,17:43,178.8,183.3,191.5,181.6,182.1,176.2,184.8,178.5,187.5,190.8,178.4,175.0
ED-0034,1064,17:44,179.9,183.1,190.9,182.1,183.2,176.6,185.3,178.7,186.5,190.3,179.0,175.8
ED-0034,1065,17:45,179.6,182.7,191.5,182.5,182.8,177.1,186.4,179.2,188.1,191.0,178.7,175.3
ED-0034,1066,17:46,179.4,183.3,190.9,181.9,182.8,176.7,186.5,179.6,187.1,190.8,178.0,176.3
ED-0034,1067,17:47,179.6,182.5,191.7,181.6,183.5,177.9,186.7,178.6,187.7,189.6,178.8,175.1
ED-0034,1068,17:48,179.5,183.6,190.6,182.6,182.9,177.9,185.9,179.0,186.4,190.1,179.3,176.0
ED-0034,1069,17:49,179.2,183.1,192.0,182.3,182.7,177.4,186.3,179.4,187.2,190.1,179.4,175.7
ED-0034,1070,17:50,180.0,183.4,191.5,182.0,183.6,177.3,186.3,178.7,187.6,190.5,179.6,176.5
ED-0034,1071,17:51,179.4,185.0,192.3,182.8,183.7,177.1,184.7,179.5,187.2,191.2,179.7,174.8
ED-0034,1072,17:52,180.0,183.3,192.5,182.8,182.9,177.0,185.9,179.1,187.5,190.7,179.4,176.8
ED-0034,1073,17:53,179.2,183.4,191.9,182.9,184.3,177.7,187.7,179.7,187.2,191.0,178.5,176.4
ED-0034,1074,17:54,179.8,184.3,191.8,183.0,184.5,178.5,186.7,179.2,186.9,191.0,180.2,176.1
ED-0034,1075,17:55,179.4,183.6,192.2,182.2,183.3,176.9,185.9,179.5,187.0,190.8,180.3,176.0
ED-0034,1076,17:56,179.6,183.7,192.9,183.1,184.2,177.1,187.0,179.0,186.4,191.8,181.0,176.0
ED-0034,1077,17:57,179.8,184.0,192.7,182.8,183.3,178.2,186.5,180.0,187.6,191.9,179.6,176.4
ED-0034,1078,17:58,180.4,185.0,192.4,183.1,183.2,177.4,185.9,179.6,187.4,192.4,179.8,175.8
ED-0034,1079,17:59,179.1,184.7,192.4,183.4,184.0,177.8,187.2,179.9,188.3,192.1,180.0,176.6
ED-0034,1080,18:00,180.4,184.0,192.9,182.7,183.2,177.8,186.9,180.3,188.0,192.2,180.7,176.8
ED-0034,1081,18:01,180.3,184.4,191.9,181.9,184.9,178.1,187.1,179.0,188.2,191.8,179.1,176.7
ED-0034,1082,18:02,179.7,184.9,192.8,183.3,185.6,177.8,187.0,179.7,188.2,192.0,180.9,176.3
ED-0034,1083,18:03,180.1,184.2,192.5,182.4,183.9,177.5,187.9,180.4,187.3,191.7,179.4,176.9
ED-0034,1084,18:04,179.9,184.7,192.9,183.5,183.7,178.7,187.7,180.2,188.6,192.3,180.5,176.9
ED-0034,1085,18:05,179.8,184.8,192.6,182.0,184.2,178.0,185.9,180.3,188.3,192.4,180.6,177.1
ED-0034,1086,18:06,180.5,184.3,191.5,184.1,185.0,178.2,188.1,179.2,188.6,192.0,181.1,177.0
ED-0034,1087,18:07,180.5,185.2,192.3,182.9,185.0,178.8,187.7,180.2,188.4,192.4,180.5,177.0
ED-0034,1088,18:08,180.1,184.9,193.2,183.9,183.9,178.3,187.9,179.8,188.2,191.3,179.9,177.1
ED-0034,1089,18:09,180.0,185.4,192.9,182.6,185.3,178.3,187.7,179.8,188.2,191.6,179.7,177.0
ED-0034,1090,18:10,180.6,184.6,193.3,183.0,184.9,178.4,188.3,179.6,188.1,192.3,180.4,176.8
ED-0034,1091,18:11,180.6,184.9,192.4,183.5,184.6,177.7,186.8,180.9,188.2,192.4,180.6,177.3
ED-0034,1092,18:12,180.0,185.0,193.2,183.2,185.2,178.1,186.8,180.8,188.9,192.1,180.4,176.0
ED-0034,1093,18:13,180.5,185.1,193.6,184.5,184.6,178.2,188.0,181.5,188.4,192.3,180.8,177.5
ED-0034,1094,18:14,180.7,185.2,192.3,183.3,185.4,179.6,188.0,180.0,188.4,193.5,179.8,178.2
ED-0034,1095,18:15,181.2,185.9,193.2,184.1,185.4,178.9,187.3,180.0,188.3,192.3,180.6,177.0
ED-0034,1096,18:16,181.0,185.4,193.5,183.7,185.2,179.2,187.9,180.4,188.3,193.3,181.8,177.1
ED-0034,1097,18:17,180.6,184.7,193.2,183.2,185.1,179.2,187.4,181.0,189.2,192.9,180.2,177.2
ED-0034,1098,18:18,180.8,185.8,192.6,184.3,184.9,177.9,187.8,180.3,189.5,193.1,180.7,177.8
ED-0034,1099,18:19,180.2,185.3,193.5,183.8,184.6,178.8,188.5,181.3,189.4,192.8,181.6,177.7
ED-0034,1100,18:20,180.3,185.8,193.3,183.2,185.8,178.6,188.2,180.6,188.5,193.9,180.8,177.3
ED-0034,1101,18:21,181.2,185.4,193.8,184.6,185.7,179.1,188.4,181.3,189.2,193.2,181.7,177.0
ED-0034,1102,18:22,180.5,184.8,193.9,183.8,185.6,178.9,187.9,181.0,188.6,193.5,181.2,177.6
ED-0034,1103,18:23,181.5,185.7,193.7,183.9,185.6,179.1,187.0,181.2,189.5,193.1,181.8,177.6
ED-0034,1104,18:24,180.7,185.3,193.7,184.4,184.9,179.8,188.0,180.6,189.1,192.6,181.5,178.3
ED-0034,1105,18:25,180.8,185.3,194.0,184.3,185.4,178.8,188.5,180.9,190.1,194.4,181.6,177.3
ED-0034,1106,18:26,180.5,185.7,194.0,183.7,185.6,178.9,188.4,181.1,188.4,193.5,181.8,177.8
ED-0034,1107,18:27,181.0,185.8,194.4,184.8,185.2,179.4,188.6,180.8,188.9,192.7,181.6,178.2
ED-0034,1108,18:28,182.0,186.4,194.7,184.8,185.6,179.2,188.9,182.1,189.7,192.4,181.0,178.7
ED-0034,1109,18:29,180.6,186.0,193.0,184.9,185.7,180.3,188.7,181.7,189.6,192.8,181.4,178.2
ED-0034,1110,18:30,181.3,185.5,194.6,185.2,185.6,179.9,188.4,182.0,189.0,194.2,182.1,178.4
ED-0034,1111,18:31,181.9,185.9,194.0,184.2,186.2,179.4,188.3,181.1,190.0,193.8,182.2,178.1
ED-0034,1112,18:32,182.1,186.8,193.7,184.5,185.6,179.2,188.5,181.1,190.4,193.7,183.0,178.3
ED-0034,1113,18:33,181.7,186.5,194.0,185.0,185.9,179.7,189.2,180.9,189.3,194.0,181.5,178.7
ED-0034,1114,18:34,181.4,186.4,194.9,185.2,186.6,179.3,189.0,181.9,189.7,193.5,181.7,179.2
ED-0034,1115,18:35,182.3,186.1,194.4,185.1,186.0,179.2,188.7,181.7,190.2,193.3,182.1,179.0
ED-0034,1116,18:36,181.9,187.0,194.4,184.2,186.3,179.0,188.6,181.8,190.4,194.1,182.7,177.0
ED-0034,1117,18:37,181.3,185.9,194.2,185.1,185.9,180.1,189.7,180.9,189.3,193.9,181.8,178.6
ED-0034,1118,18:38,182.6,186.0,194.4,185.6,187.0,180.6,189.6,182.4,189.2,194.9,182.6,179.1
ED-0034,1119,18:39,181.9,186.6,195.0,185.0,186.3,179.8,189.0,181.5,190.6,193.1,182.0,178.4
ED-0034,1120,18:40,182.5,186.0,194.8,185.0,186.0,179.8,189.9,181.6,191.0,193.7,182.2,178.1
ED-0034,1121,18:41,182.1,187.4,194.2,186.1,186.5,180.5,189.6,181.6,190.6,194.2,182.3,178.3
ED-0034,1122,18:42,182.6,186.5,195.7,185.3,186.6,180.1,189.3,182.3,190.0,194.8,182.6,178.4
ED-0034,1123,18:43,182.8,187.0,194.8,185.5,187.6,180.9,189.7,182.6,190.1,194.3,182.5,178.3
ED-0034,1124,18:44,181.9,187.6,195.2,185.8,186.7,179.8,189.0,182.5,190.4,194.6,182.7,179.0
ED-0034,1125,18:45,183.6,187.5,194.5,185.8,186.5,180.3,189.6,182.3,190.7,195.2,183.0,179.0
ED-0034,1126,18:46,182.0,186.9,194.7,185.3,187.1,180.5,190.0,182.6,191.0,193.7,181.6,179.4
ED-0034,1127,18:47,182.5,187.6,195.4,185.8,187.1,180.4,188.9,182.2,191.1,194.1,183.6,178.9
ED-0034,1128,18:48,182.6,187.0,194.8,185.1,187.1,180.9,189.1,182.6,191.5,194.8,183.4,179.6
ED-0034,1129,18:49,181.8,186.5,194.7,185.9,187.5,180.8,190.4,182.3,190.2,194.3,182.9,179.6
ED-0034,1130,18:50,182.9,186.3,195.4,186.2,187.0,180.5,190.4,182.4,191.0,194.5,182.5,178.6
ED-0034,1131,18:51,183.7,188.0,195.5,185.8,188.0,180.3,189.5,181.9,190.6,193.8,182.9,180.1
ED-0034,1132,18:52,183.0,187.4,195.5,186.3,187.5,181.6,191.0,183.4,191.2,195.6,183.3,180.4
ED-0034,1133,18:53,182.8,187.1,195.1,185.9,187.5,180.9,190.8,182.3,192.2,194.6,182.2,179.6
ED-0034,1134,18:54,183.1,187.4,196.1,186.2,186.8,180.5,190.3,183.2,191.7,195.7,183.2,179.4
ED-0034,1135,18:55,182.8,187.8,195.4,185.3,187.0,181.5,190.3,182.6,190.8,194.7,184.3,180.3
ED-0034,1136,18:56,182.8,188.2,195.7,186.2,187.4,181.6,190.2,183.0,190.3,195.6,183.4,180.4
ED-0034,1137,18:57,183.2,187.1,196.2,186.7,187.2,181.1,190.2,183.5,191.2,193.5,182.7,179.7
ED-0034,1138,18:58,183.7,188.8,195.6,186.6,187.6,181.8,189.9,181.9,191.6,195.9,184.7,179.7
ED-0034,1139,18:59,183.8,187.7,194.0,185.2,187.2,181.5,191.1,182.8,191.4,194.7,183.6,180.4
ED-0034,1140,19:00,183.8,187.1,196.9,186.0,188.0,181.9,190.2,182.9,191.6,195.8,183.7,179.9
ED-0034,1141,19:01,183.1,188.2,196.5,187.0,187.3,182.5,190.4,183.6,191.8,194.4,184.0,181.5
ED-0034,1142,19:02,183.3,187.8,195.7,185.7,187.8,180.6,190.9,183.8,192.0,195.7,183.6,180.8
ED-0034,1143,19:03,183.4,187.5,195.4,188.1,187.0,181.4,189.7,184.1,191.7,194.9,183.1,180.0
ED-0034,1144,19:04,184.3,188.8,196.8,186.4,187.9,181.4,191.7,182.5,191.5,195.2,184.1,179.4
ED-0034,1145,19:05,183.6,188.0,196.4,186.7,188.1,180.4,190.2,183.0,192.1,194.1,182.7,180.4
ED-0034,1146,19:06,183.6,189.3,195.3,186.6,187.9,182.1,191.1,183.7,192.0,195.7,183.3,179.9
ED-0034,1147,19:07,183.9,189.1,196.1,186.8,187.9,182.0,191.5,183.4,191.0,196.0,183.1,180.0
ED-0034,1148,19:08,184.4,188.4,196.7,187.4,188.0,182.4,190.9,183.6,191.5,195.7,183.8,180.2
ED-0034,1149,19:09,184.0,188.2,196.0,186.1,188.0,182.0,190.8,184.7,192.6,195.4,184.5,181.0
ED-0034,1150,19:10,184.4,188.4,196.1,187.1,189.0,181.5,191.5,183.4,192.0,195.5,185.3,180.7
ED-0034,1151,19:11,183.7,188.7,196.4,186.9,188.2,181.6,190.5,184.3,192.2,195.2,184.2,180.8
ED-0034,1152,19:12,184.2,188.9,196.6,187.0,188.6,182.5,191.5,183.1,192.0,195.5,183.8,180.0
ED-0034,1153,19:13,184.3,188.8,197.1,186.9,188.2,182.1,191.6,183.7,192.0,196.0,184.9,181.1
ED-0034,1154,19:14,183.9,188.4,196.6,187.2,189.6,182.1,191.1,184.1,193.0,195.7,184.0,180.0
ED-0034,1155,19:15,184.5,188.8,197.7,187.0,188.1,181.8,190.5,184.5,191.7,196.6,184.4,180.6
ED-0034,1156,19:16,183.9,188.3,197.1,186.7,188.9,182.5,191.5,184.6,193.1,196.9,185.3,180.4
ED-0034,1157,19:17,184.2,187.8,196.2,187.6,189.5,182.6,192.3,184.2,192.4,196.5,184.5,180.9
ED-0034,1158,19:18,184.5,189.7,196.9,187.2,188.7,181.5,191.8,184.3,191.8,195.9,183.9,181.4
ED-0034,1159,19:19,183.5,189.1,196.7,187.8,189.4,181.7,192.4,185.1,192.3,196.3,184.0,181.4
ED-0034,1160,19:20,184.7,190.0,196.6,187.5,188.9,181.5,191.4,184.1,192.3,197.2,183.9,181.1
ED-0034,1161,19:21,184.9,189.1,196.5,187.9,188.6,181.6,191.5,185.1,192.9,196.3,184.6,181.5
ED-0034,1162,19:22,184.9,188.4,197.4,187.6,188.9,182.6,191.4,185.6,192.2,196.0,184.0,180.4
ED-0034,1163,19:23,183.8,189.0,198.0,187.5,189.4,182.7,191.1,184.5,192.9,195.8,185.5,181.7
ED-0034,1164,19:24,183.8,189.2,196.3,188.5,189.4,182.6,192.5,185.0,192.1,197.1,185.2,180.8
ED-0034,1165,19:25,184.4,189.6,197.6,188.0,189.9,182.4,191.5,184.5,193.3,196.4,185.3,180.7
ED-0034,1166,19:26,184.6,190.3,197.3,186.9,189.0,181.4,193.1,185.1,192.6,196.5,185.2,180.8
ED-0034,1167,19:27,185.1,188.1,197.3,188.3,188.9,183.0,190.5,185.6,193.5,196.9,184.7,181.4
ED-0034,1168,19:28,185.0,190.4,198.1,187.4,189.2,183.6,191.8,184.9,193.6,196.9,185.0,182.0
ED-0034,1169,19:29,185.0,189.7,197.7,187.3,189.0,182.8,193.1,186.0,193.1,197.9,185.4,181.5
ED-0034,1170,19:30,185.7,189.7,198.7,187.6,188.9,183.6,191.8,184.9,192.3,197.7,184.7,182.6
ED-0034,1171,19:31,184.7,188.9,197.1,188.2,190.0,184.4,192.6,186.0,193.7,196.4,185.2,182.3
ED-0034,1172,19:32,185.1,189.0,198.0,188.4,189.0,183.5,191.7,185.8,193.7,197.5,185.7,181.2
ED-0034,1173,19:33,185.4,189.6,196.6,188.1,189.8,183.8,192.3,185.2,192.8,196.7,185.4,182.8
ED-0034,1174,19:34,185.1,190.1,198.1,188.6,190.0,183.4,192.6,184.6,193.1,196.6,185.8,181.7
ED-0034,1175,19:35,185.7,190.1,197.5,188.3,190.0,183.8,191.9,185.4,193.0,196.9,185.8,182.3
ED-0034,1176,19:36,185.1,189.4,198.3,188.1,189.9,183.6,192.3,184.6,193.8,197.4,185.7,182.0
ED-0034,1177,19:37,185.5,189.5,199.2,188.0,190.3,183.1,192.7,185.1,193.5,197.4,186.2,181.7
ED-0034,1178,19:38,184.9,190.0,197.9,188.5,190.0,183.7,193.3,186.0,192.8,198.2,185.9,181.4
ED-0034,1179,19:39,185.1,190.2,198.5,187.8,188.8,182.4,193.2,185.9,193.8,198.7,185.6,182.0
ED-0034,1180,19:40,185.8,190.7,197.9,188.5,190.0,183.3,192.6,185.4,194.1,198.6,185.5,182.0
ED-0034,1181,19:41,185.2,189.4,197.7,188.6,190.7,183.6,192.4,185.4,193.4,197.8,185.6,181.5
ED-0034,1182,19:42,186.4,190.5,198.2,187.8,189.7,183.6,192.5,185.5,193.9,197.6,184.7,182.2
ED-0034,1183,19:43,186.4,190.1,198.4,189.4,190.7,183.6,193.2,184.8,193.2,197.2,185.0,182.5
ED-0034,1184,19:44,186.5,190.0,198.0,188.0,189.3,184.2,193.2,185.7,194.2,197.4,186.1,182.7
ED-0034,1185,19:45,184.5,189.8,198.4,189.0,191.0,183.6,192.5,185.6,193.5,198.2,185.1,182.4
ED-0034,1186,19:46,186.3,190.8,198.2,188.4,190.5,183.2,193.4,185.6,193.9,198.4,185.7,182.4
ED-0034,1187,19:47,186.0,190.2,198.4,189.1,190.7,183.4,193.1,185.9,194.0,197.7,185.7,182.1
ED-0034,1188,19:48,186.0,190.8,198.6,189.5,190.9,184.8,192.7,185.4,193.6,197.7,186.4,182.6
ED-0034,1189,19:49,185.9,190.8,198.6,188.7,190.9,183.6,193.7,186.4,195.2,197.9,186.3,182.6
ED-0034,1190,19:50,185.8,189.9,199.1,188.1,190.5,183.9,192.6,186.1,194.2,198.2,187.0,183.1
ED-0034,1191,19:51,186.5,190.4,198.5,188.7,191.1,184.8,193.1,186.4,194.2,197.9,185.9,182.8
ED-0034,1192,19:52,186.2,190.1,198.7,189.2,191.4,184.5,192.7,186.4,194.4,197.9,186.1,182.7
ED-0034,1193,19:53,186.2,190.8,198.1,188.2,190.9,185.7,193.8,186.4,194.8,198.3,186.7,183.0
ED-0034,1194,19:54,187.1,191.1,199.4,189.8,191.8,184.2,193.4,186.8,194.8,198.4,186.1,183.5
ED-0034,1195,19:55,187.2,190.1,199.1,189.2,190.1,183.4,193.5,186.9,194.7,198.5,187.4,183.6
ED-0034,1196,19:56,185.8,191.6,200.1,189.2,191.4,184.8,194.0,186.9,194.4,197.6,185.9,183.8
ED-0034,1197,19:57,186.6,190.9,199.0,190.1,190.9,183.7,193.5,187.1,194.5,199.1,186.8,183.3
ED-0034,1198,19:58,186.1,191.4,200.5,190.3,190.7,184.4,193.8,186.5,195.4,198.5,187.3,183.2
ED-0034,1199,19:59,186.6,191.3,200.3,189.9,191.0,184.8,193.0,187.1,194.6,198.3,186.6,183.0
ED-0034,1200,20:00,186.1,191.5,199.0,190.3,191.5,183.9,194.7,186.5,195.6,199.1,185.7,183.3
ED-0034,1201,20:01,186.8,191.1,199.2,189.4,191.5,184.8,194.3,186.9,195.2,198.0,186.5,183.2
ED-0034,1202,20:02,187.2,191.2,198.7,189.7,191.7,184.8,194.5,186.9,195.5,199.5,186.5,184.0
ED-0034,1203,20:03,186.6,191.6,199.7,190.0,190.6,184.6,194.5,187.3,194.3,200.0,186.8,182.7
ED-0034,1204,20:04,187.0,191.1,199.9,190.2,191.8,184.4,193.7,187.6,194.5,198.4,187.0,183.5
ED-0034,1205,20:05,187.1,191.7,199.1,189.3,190.6,185.8,193.9,186.4,195.2,198.2,186.7,183.8
ED-0034,1206,20:06,186.9,191.2,199.1,190.5,191.6,185.1,194.7,187.0,195.0,198.7,186.3,184.2
ED-0034,1207,20:07,188.7,191.4,200.3,189.9,191.1,185.8,194.7,186.5,195.5,199.1,187.2,184.3
ED-0034,1208,20:08,187.4,191.7,199.2,189.6,192.0,185.1,196.0,187.9,195.1,199.4,187.5,184.6
ED-0034,1209,20:09,186.9,191.7,200.1,190.7,191.4,185.4,194.4,187.4,195.0,199.0,187.3,183.5
ED-0034,1210,20:10,187.4,192.2,200.4,188.9,191.4,185.1,194.9,186.8,195.8,199.3,186.8,183.3
ED-0034,1211,20:11,187.1,191.4,200.7,190.4,192.8,185.9,194.8,187.1,195.1,199.4,187.5,184.1
ED-0034,1212,20:12,187.3,191.8,199.9,191.2,191.6,184.7,194.0,188.2,195.3,199.3,187.7,184.0
ED-0034,1213,20:13,186.8,192.8,199.8,190.7,192.2,184.8,195.3,187.2,196.5,200.0,188.1,184.1
ED-0034,1214,20:14,187.7,191.9,200.1,190.7,192.8,185.7,195.1,187.7,195.5,199.2,187.7,184.8
ED-0034,1215,20:15,188.3,193.2,200.7,191.3,192.9,185.6,194.9,187.2,195.6,199.6,187.0,184.3
ED-0034,1216,20:16,187.8,191.9,200.4,190.3,192.1,185.6,193.8,187.1,195.6,200.0,188.7,184.2
ED-0034,1217,20:17,188.0,192.5,200.5,190.5,192.2,186.3,195.1,187.6,196.1,200.3,188.2,183.8
ED-0034,1218,20:18,187.4,192.0,200.3,191.2,192.2,186.3,195.2,187.7,196.5,200.0,187.9,184.5
ED-0034,1219,20:19,187.7,192.5,199.9,190.5,192.9,186.2,194.3,187.3,195.7,199.7,187.9,183.8
ED-0034,1220,20:20,187.0,193.4,199.7,190.7,192.5,185.7,194.0,188.0,196.0,199.4,187.8,184.5
ED-0034,1221,20:21,188.5,192.3,201.7,190.2,191.6,185.7,195.3,187.8,195.8,200.1,187.4,183.5
ED-0034,1222,20:22,187.9,192.7,200.9,189.4,192.6,186.4,195.1,187.2,196.0,200.9,188.4,184.3
ED-0034,1223,20:23,188.8,192.7,200.9,190.2,193.0,186.0,195.6,188.3,195.5,200.8,188.0,184.2
ED-0034,1224,20:24,188.4,192.9,200.5,191.4,191.7,186.8,194.6,187.7,196.5,200.9,188.2,184.2
ED-0034,1225,20:25,188.4,191.6,201.2,190.3,192.5,186.8,195.3,187.7,196.1,200.6,187.8,184.6
ED-0034,1226,20:26,187.1,191.8,199.2,190.5,192.4,185.4,195.6,188.1,196.5,198.9,187.3,184.8
ED-0034,1227,20:27,188.7,192.6,200.9,191.0,191.8,186.1,195.5,187.9,196.4,200.1,187.8,184.4
ED-0034,1228,20:28,188.2,192.7,201.5,192.1,192.9,186.3,195.6,188.8,196.1,199.8,188.0,184.9
ED-0034,1229,20:29,188.0,194.0,200.7,190.6,192.7,186.1,195.9,188.8,197.2,198.2,188.5,184.3
ED-0034,1230,20:30,188.6,192.4,201.6,190.0,192.8,186.3,195.5,188.2,195.3,200.3,188.6,184.7
ED-0034,1231,20:31,188.3,191.7,201.1,190.5,193.4,185.8,196.3,188.5,195.3,200.2,188.1,184.9
ED-0034,1232,20:32,188.2,194.0,199.8,189.7,192.4,186.1,196.0,188.6,197.8,201.0,187.5,185.1
ED-0034,1233,20:33,188.1,193.4,200.8,191.2,193.5,186.0,196.0,188.2,194.2,199.1,188.5,185.3
ED-0034,1234,20:34,188.5,195.0,200.2,191.0,193.1,187.0,195.9,187.9,194.6,200.6,188.1,185.2
ED-0034,1235,20:35,189.1,193.0,200.9,193.5,192.9,186.9,195.3,189.6,197.1,200.8,187.1,184.6
ED-0034,1236,20:36,188.4,192.9,200.6,192.3,193.6,186.4,196.8,188.5,196.3,198.9,187.8,185.5
ED-0034,1237,20:37,188.9,194.0,201.9,191.0,192.6,186.6,197.1,188.5,196.3,199.7,188.7,185.5
ED-0034,1238,20:38,189.1,193.3,200.2,191.0,192.4,187.4,196.5,188.7,196.9,200.0,187.8,184.1
ED-0034,1239,20:39,188.8,194.0,200.5,191.8,192.9,187.3,196.8,189.0,196.7,200.2,190.2,185.6
ED-0034,1240,20:40,189.5,193.9,199.9,191.0,193.6,186.7,196.8,189.7,196.7,200.4,187.6,185.6
ED-0034,1241,20:41,188.5,192.3,200.6,190.7,194.3,187.3,196.1,189.4,197.1,201.0,188.1,184.9
ED-0034,1242,20:42,188.5,194.2,201.2,189.9,194.3,187.1,196.0,189.1,195.5,199.6,188.4,185.9
ED-0034,1243,20:43,190.3,193.8,203.1,190.0,194.3,187.6,196.1,190.5,195.2,199.9,188.2,185.3
ED-0034,1244,20:44,188.7,192.7,200.7,191.4,194.4,186.8,195.8,189.3,196.9,199.5,188.6,185.9
ED-0034,1245,20:45,188.7,192.3,200.4,190.9,193.8,187.7,197.2,188.6,197.6,198.3,187.4,185.0
ED-0034,1246,20:46,188.1,194.5,200.2,190.0,193.7,187.0,195.9,189.5,196.0,199.0,188.1,186.3
ED-0034,1247,20:47,191.0,192.5,199.6,190.7,193.7,186.7,197.0,187.5,196.6,199.3,186.9,186.0
ED-0034,1248,20:48,189.0,192.6,199.0,191.1,193.6,188.0,197.0,189.1,196.7,199.4,188.2,186.9
ED-0034,1249,20:49,190.8,192.1,200.9,190.9,193.8,188.7,196.9,188.8,197.4,200.6,188.0,185.9
ED-0034,1250,20:50,189.2,192.7,200.4,190.0,193.3,187.2,197.1,189.2,196.3,198.3,187.6,183.6
ED-0034,1251,20:51,189.0,190.8,199.8,190.8,194.3,187.2,196.7,189.7,196.1,200.2,188.9,185.1
ED-0034,1252,20:52,189.7,192.5,201.6,192.2,194.3,186.6,195.6,189.8,195.2,199.0,188.3,186.3
ED-0034,1253,20:53,187.8,192.2,202.3,190.3,192.9,186.6,196.7,190.4,196.7,199.1,187.9,185.2
ED-0034,1254,20:54,186.4,194.3,200.6,191.9,193.7,187.3,197.6,189.6,195.9,200.9,189.0,186.5
ED-0034,1255,20:55,187.6,193.5,201.1,190.1,193.4,187.2,197.2,189.3,196.8,200.3,188.3,185.6
ED-0034,1256,20:56,190.3,192.0,201.0,191.3,194.3,187.9,197.0,190.1,198.2,199.9,188.7,184.4
ED-0034,1257,20:57,189.2,193.5,201.2,191.2,193.8,188.9,197.0,189.7,196.2,201.7,187.9,185.4
ED-0034,1258,20:58,189.6,193.0,200.5,190.0,195.2,187.6,197.5,188.8,195.3,199.4,187.7,185.3
ED-0034,1259,20:59,188.9,193.9,200.6,192.4,194.3,188.5,197.9,189.6,196.8,198.9,188.6,185.2
ED-0034,1260,21:00,189.6,192.3,203.1,190.6,193.4,188.0,197.0,190.2,195.8,199.4,188.1,185.3
ED-0034,1261,21:01,188.6,193.2,200.2,191.2,196.8,188.2,196.7,190.5,196.3,198.3,188.0,186.3
ED-0034,1262,21:02,188.4,191.9,202.7,192.6,194.7,187.5,196.7,190.5,197.8,199.8,189.6,186.3
ED-0034,1263,21:03,188.3,193.2,200.4,191.4,195.7,188.9,196.8,189.6,195.1,199.8,187.2,185.8
ED-0034,1264,21:04,188.5,192.5,200.6,190.2,193.6,188.7,197.8,188.7,198.3,199.9,188.5,185.8
ED-0034,1265,21:05,189.8,192.8,202.3,192.1,194.1,188.9,198.3,189.1,196.4,200.7,187.8,186.8
ED-0034,1266,21:06,188.7,192.5,199.9,190.6,194.5,188.4,196.9,189.4,197.9,202.2,189.7,186.8
ED-0034,1267,21:07,190.9,191.9,199.8,190.8,195.3,190.1,197.0,191.5,197.1,201.4,188.7,185.9
ED-0034,1268,21:08,189.9,192.5,200.0,191.0,196.4,190.4,198.3,190.2,196.0,200.2,187.7,186.9
ED-0034,1269,21:09,187.3,192.6,199.8,191.0,195.4,189.1,197.4,189.4,196.0,199.9,189.7,185.2
ED-0034,1270,21:10,189.4,193.0,202.1,190.7,194.6,186.1,196.0,189.5,198.5,199.4,188.2,185.5
ED-0034,1271,21:11,190.9,191.8,200.4,191.3,194.1,187.8,198.2,188.8,195.7,200.8,188.5,186.0
ED-0034,1272,21:12,188.7,192.5,200.8,191.5,193.3,188.9,198.0,190.1,197.4,198.4,186.8,183.8
ED-0034,1273,21:13,189.0,191.9,201.2,191.5,193.9,189.4,197.2,189.7,196.4,200.2,188.0,184.9
ED-0034,1274,21:14,188.6,192.4,199.5,192.3,195.2,187.8,196.1,189.8,196.6,201.2,187.0,185.0
ED-0034,1275,21:15,190.9,192.6,200.9,190.7,193.8,188.5,196.5,187.6,196.2,202.4,188.9,184.1
ED-0034,1276,21:16,189.7,193.1,200.4,192.5,192.5,188.8,199.2,190.4,198.1,199.3,187.7,186.4
ED-0034,1277,21:17,189.4,194.9,200.6,192.5,195.4,188.5,196.3,190.1,196.6,200.3,188.4,185.7
ED-0034,1278,21:18,190.2,195.2,199.2,190.6,192.6,188.5,196.9,189.8,195.3,200.5,188.1,184.2
ED-0034,1279,21:19,189.3,191.9,200.5,190.8,194.7,187.7,197.9,188.2,194.8,200.3,189.4,186.0
ED-0034,1280,21:20,187.0,192.5,201.1,190.6,195.4,188.9,197.8,189.1,197.2,201.6,187.3,183.7
ED-0034,1281,21:21,190.8,192.7,201.0,191.0,195.2,189.1,196.5,189.2,197.3,199.6,190.0,186.5
ED-0034,1282,21:22,189.4,192.8,200.1,190.2,194.8,188.9,198.4,191.2,196.1,198.1,189.0,184.9
ED-0034,1283,21:23,186.8,192.8,201.4,190.7,192.7,188.2,197.1,190.7,195.3,200.6,189.6,187.0
ED-0034,1284,21:24,189.5,193.3,200.0,191.1,195.0,188.9,196.9,188.7,197.7,200.5,188.9,185.6
ED-0034,1285,21:25,188.9,192.8,199.9,190.9,194.1,188.9,198.3,190.2,196.4,199.4,188.8,185.7
ED-0034,1286,21:26,189.5,194.3,201.8,190.7,194.0,189.7,198.3,188.1,196.2,199.0,189.3,184.7
ED-0034,1287,21:27,189.6,192.5,200.9,192.0,193.9,187.9,198.0,188.3,196.7,199.6,189.2,185.8
ED-0034,1288,21:28,189.5,192.7,201.0,190.3,193.9,187.9,197.8,189.4,196.9,199.3,188.2,185.9
ED-0034,1289,21:29,190.6,192.3,202.0,191.2,194.5,188.4,199.1,190.5,195.2,198.8,189.1,185.9
ED-0034,1290,21:30,189.9,192.5,200.8,191.4,195.2,188.1,197.8,190.1,195.5,200.1,188.8,185.7
ED-0034,1291,21:31,189.7,192.9,201.9,191.2,194.3,187.8,200.2,189.7,196.4,199.0,190.0,186.4
ED-0034,1292,21:32,188.2,191.9,201.1,191.4,194.4,188.3,196.4,190.3,196.7,199.8,188.3,186.6
ED-0034,1293,21:33,189.1,191.6,200.9,191.4,195.1,189.3,197.8,190.0,195.2,200.7,188.5,186.3
ED-0034,1294,21:34,188.9,192.4,200.4,189.3,195.2,189.7,198.0,189.7,195.8,199.9,187.6,185.7
ED-0034,1295,21:35,189.3,193.3,201.5,191.9,194.8,187.7,196.4,189.5,196.3,198.4,189.5,186.4
ED-0034,1296,21:36,190.5,193.6,201.0,190.9,193.8,188.3,196.2,189.6,195.7,200.2,188.7,185.8
ED-0034,1297,21:37,187.4,192.3,201.6,190.0,194.6,188.5,195.8,190.6,194.7,200.4,188.8,185.7
ED-0034,1298,21:38,190.0,192.1,201.1,191.5,193.5,189.0,196.3,187.9,195.7,199.2,189.8,186.2
ED-0034,1299,21:39,189.7,192.8,202.3,190.2,193.8,187.3,197.2,189.2,196.2,199.0,189.2,185.3
ED-0034,1300,21:40,190.1,194.2,200.8,192.4,195.9,189.2,197.2,190.5,195.8,200.8,188.3,186.7
ED-0034,1301,21:41,189.6,193.0,200.8,190.7,192.4,188.4,199.5,191.3,196.7,199.5,188.8,185.0
ED-0034,1302,21:42,189.0,192.6,201.3,191.3,195.1,185.5,197.1,189.7,195.8,199.4,188.3,184.9
ED-0034,1303,21:43,189.9,192.9,199.8,191.5,194.9,188.3,198.4,189.4,196.7,199.8,188.4,185.7
ED-0034,1304,21:44,189.3,193.3,201.2,190.6,193.2,188.5,198.2,189.4,196.8,199.4,187.5,186.9
ED-0034,1305,21:45,189.0,193.8,200.2,190.7,193.6,188.9,196.0,189.2,195.2,199.7,187.7,184.9
ED-0034,1306,21:46,188.6,193.6,201.3,190.4,194.3,187.0,197.5,191.1,196.8,198.6,187.3,184.3
ED-0034,1307,21:47,189.3,193.5,199.6,190.6,193.7,187.9,197.0,191.0,196.0,200.5,187.3,184.7
ED-0034,1308,21:48,188.6,191.7,200.2,190.8,193.2,188.0,197.9,189.9,196.0,198.7,188.2,186.0
ED-0034,1309,21:49,187.3,193.5,200.4,191.8,194.7,189.8,197.0,190.7,195.5,199.8,188.2,185.5
ED-0034,1310,21:50,190.1,193.1,199.2,190.2,195.5,189.2,198.8,190.5,197.1,199.2,188.2,185.6
ED-0034,1311,21:51,189.7,192.2,200.6,190.6,194.4,188.2,197.3,190.4,196.3,199.6,188.0,185.0
ED-0034,1312,21:52,189.0,192.7,200.9,190.7,194.0,188.1,196.6,189.2,196.2,201.9,188.2,185.3
ED-0034,1313,21:53,189.5,193.2,201.8,191.4,194.5,187.3,197.0,189.5,196.0,200.6,188.0,184.9
ED-0034,1314,21:54,188.2,192.9,201.0,189.7,195.0,187.8,197.6,189.5,196.4,199.2,189.5,185.7
ED-0034,1315,21:55,188.2,192.6,198.6,191.9,194.8,187.2,197.6,189.8,196.1,199.8,188.9,185.4
ED-0034,1316,21:56,190.6,194.4,199.8,189.7,194.0,187.8,198.9,188.5,194.8,200.3,188.1,185.9
ED-0034,1317,21:57,188.7,193.2,200.1,189.8,194.3,188.8,196.1,189.0,196.8,200.5,187.9,185.4
ED-0034,1318,21:58,189.0,192.1,200.6,192.3,195.6,189.3,197.5,188.4,196.6,198.2,189.0,186.3
ED-0034,1319,21:59,188.3,193.8,200.2,190.8,194.7,188.7,197.7,188.7,196.1,197.0,188.8,184.9
ED-0034,1320,22:00,189.0,192.1,199.1,188.7,194.0,188.3,198.3,188.3,195.0,200.2,187.9,186.6
ED-0034,1321,22:01,188.6,191.6,202.0,193.2,194.5,187.2,197.6,188.4,196.2,200.3,186.9,186.3
ED-0034,1322,22:02,190.6,192.5,198.8,190.7,194.5,188.9,197.2,189.2,196.4,200.4,188.2,186.7
ED-0034,1323,22:03,187.4,192.0,201.8,191.2,193.3,188.0,195.5,189.7,196.7,201.5,187.8,184.5
ED-0034,1324,22:04,187.9,193.5,200.1,192.1,195.0,186.1,197.3,189.8,196.0,199.2,189.4,186.9
ED-0034,1325,22:05,189.5,193.5,200.6,192.3,193.9,187.2,197.4,187.7,195.9,200.9,188.9,185.7
ED-0034,1326,22:06,189.2,193.0,200.7,191.1,194.5,188.6,197.3,189.8,195.5,199.5,188.6,184.9
ED-0034,1327,22:07,188.0,192.0,201.3,192.1,194.9,189.4,198.8,191.3,198.0,199.7,188.6,186.1
ED-0034,1328,22:08,189.5,193.9,201.9,194.0,192.8,187.4,197.9,191.3,196.6,199.3,189.3,185.5
ED-0034,1329,22:09,189.4,191.7,200.6,190.9,196.0,188.8,196.0,188.6,197.3,200.7,187.5,184.4
ED-0034,1330,22:10,189.9,190.8,199.8,192.2,194.5,188.0,198.1,188.4,197.2,199.7,188.9,186.1
ED-0034,1331,22:11,189.6,192.0,199.9,191.2,193.3,188.4,197.1,190.9,195.5,199.1,189.3,185.7
ED-0034,1332,22:12,189.5,192.4,201.4,190.3,195.1,188.1,197.3,189.6,195.6,201.3,189.0,187.5
ED-0034,1333,22:13,188.9,192.0,200.6,192.1,195.7,189.5,197.8,191.5,196.1,199.9,188.5,183.9
ED-0034,1334,22:14,189.3,193.6,200.6,191.1,193.9,188.5,196.7,190.9,196.0,199.3,189.8,187.1
ED-0034,1335,22:15,188.9,192.6,201.3,191.3,194.5,188.9,196.4,188.5,196.6,200.6,188.9,185.9
ED-0034,1336,22:16,191.1,193.1,200.7,191.5,194.3,188.2,197.5,188.8,197.7,199.2,187.9,184.7
ED-0034,1337,22:17,188.4,193.6,200.8,191.1,193.9,188.1,197.3,189.0,198.1,199.4,187.6,186.4
ED-0034,1338,22:18,190.4,192.0,201.5,190.7,194.7,185.4,197.6,190.0,196.2,200.2,188.8,187.7
ED-0034,1339,22:19,189.2,192.7,199.3,191.1,193.8,187.2,197.2,188.0,196.5,199.0,188.3,185.8
ED-0034,1340,22:20,187.8,192.1,200.8,189.1,193.7,188.0,197.8,190.9,196.9,199.7,187.9,185.4
ED-0034,1341,22:21,189.7,192.4,200.5,191.8,194.0,188.9,198.3,190.4,196.5,199.6,189.0,186.2
ED-0034,1342,22:22,189.0,193.2,200.7,192.1,194.4,188.5,198.2,191.2,196.3,200.9,188.9,186.5
ED-0034,1343,22:23,188.9,193.0,199.8,190.0,193.8,188.5,197.5,188.8,196.0,200.5,189.0,185.3
ED-0034,1344,22:24,188.4,192.2,199.8,191.2,195.7,188.1,197.8,190.5,195.5,199.7,186.8,185.7
ED-0034,1345,22:25,190.1,193.2,202.2,192.7,195.0,187.5,197.9,189.1,196.6,201.0,188.2,185.9
ED-0034,1346,22:26,190.9,193.2,200.5,191.2,194.1,188.0,196.6,190.2,196.7,200.0,187.2,186.2
ED-0034,1347,22:27,190.4,192.6,199.3,191.1,194.8,188.7,198.2,189.5,195.4,199.2,188.1,185.8
ED-0034,1348,22:28,188.9,192.7,200.7,191.7,193.3,187.3,198.4,190.1,196.5,199.3,186.8,186.7
ED-0034,1349,22:29,188.2,193.8,200.7,192.0,194.7,188.8,197.7,189.9,195.6,202.5,189.2,183.9
ED-0034,1350,22:30,188.6,192.2,199.4,191.2,194.2,187.4,197.8,189.4,195.7,198.1,188.3,185.2
ED-0034,1351,22:31,188.6,194.2,199.8,191.7,192.1,187.6,197.3,189.7,196.6,199.2,187.1,186.8
ED-0034,1352,22:32,186.7,193.3,200.6,190.7,193.6,190.0,196.9,190.3,196.0,199.8,189.0,185.6
ED-0034,1353,22:33,190.7,194.9,201.0,191.7,193.1,188.6,198.8,189.9,195.5,200.9,188.9,185.6
ED-0034,1354,22:34,188.2,192.7,200.9,190.5,193.8,187.7,196.5,188.8,195.4,198.0,188.6,184.4
ED-0034,1355,22:35,190.5,192.7,200.0,191.4,195.6,188.2,198.0,189.1,196.0,198.8,188.9,185.6
ED-0034,1356,22:36,190.8,191.8,200.2,190.3,195.8,187.8,196.1,189.1,197.9,199.9,189.2,184.8
ED-0034,1357,22:37,189.6,193.9,199.1,190.6,194.5,188.7,196.1,189.6,196.0,199.6,188.1,185.4
ED-0034,1358,22:38,189.6,192.4,202.0,191.1,194.6,187.6,197.5,190.5,196.7,199.6,189.1,186.2
ED-0034,1359,22:39,189.0,192.4,200.4,190.9,195.9,189.3,197.2,188.8,194.8,199.1,187.0,186.1
ED-0034,1360,22:40,187.8,192.2,201.1,191.1,195.4,188.4,196.7,189.2,196.0,199.5,187.1,184.5
ED-0034,1361,22:41,189.6,193.1,201.1,191.9,194.7,187.3,197.4,188.7,195.6,198.5,188.5,184.4
ED-0034,1362,22:42,188.1,191.8,199.6,189.4,195.3,188.6,195.4,191.1,196.9,200.0,188.4,186.0
ED-0034,1363,22:43,188.0,192.5,201.3,190.1,193.2,188.9,198.8,190.5,197.4,199.1,189.3,185.8
ED-0034,1364,22:44,186.3,193.1,200.4,191.1,193.6,189.4,197.7,189.9,195.2,200.2,187.7,184.6
ED-0034,1365,22:45,189.9,193.9,199.7,191.4,193.4,187.9,198.7,190.6,196.2,201.3,188.9,186.9
ED-0034,1366,22:46,189.0,193.8,199.3,190.8,195.3,189.1,197.8,188.5,197.6,199.9,189.6,185.9
ED-0034,1367,22:47,190.4,193.4,200.8,190.2,195.6,189.1,196.5,190.0,196.0,200.4,188.2,185.3
ED-0034,1368,22:48,188.2,191.4,200.3,189.8,193.0,187.8,198.6,188.4,195.5,200.6,188.5,184.7
ED-0034,1369,22:49,189.6,193.6,200.5,190.1,194.1,188.7,197.7,189.0,194.2,200.1,189.1,185.3
ED-0034,1370,22:50,190.9,191.1,200.8,189.9,194.3,189.8,196.9,189.5,194.5,199.1,187.6,186.7
ED-0034,1371,22:51,190.1,192.9,199.5,190.6,194.6,189.2,197.5,190.2,195.8,200.5,189.4,185.5
ED-0034,1372,22:52,189.0,192.6,200.0,191.4,194.4,188.0,198.0,189.6,196.0,200.3,189.4,183.1
ED-0034,1373,22:53,190.2,194.4,200.6,192.0,194.8,188.4,198.1,191.1,198.2,198.7,188.0,186.6
ED-0034,1374,22:54,189.3,192.5,200.6,191.7,194.8,187.6,198.2,188.3,195.4,199.0,188.5,184.7
ED-0034,1375,22:55,189.8,191.3,200.1,190.8,194.5,188.8,197.1,189.8,197.1,199.3,188.5,185.9
ED-0034,1376,22:56,189.1,192.2,201.3,190.4,194.8,189.7,197.6,191.1,195.4,199.0,188.5,185.8
ED-0034,1377,22:57,189.1,193.2,200.8,190.2,193.2,188.5,198.2,190.2,196.1,199.6,187.1,185.2
ED-0034,1378,22:58,187.8,193.0,201.0,191.0,193.6,188.5,197.7,189.8,196.8,199.3,188.4,185.5
ED-0034,1379,22:59,188.4,192.5,201.5,191.0,193.8,188.2,196.8,189.7,196.1,200.7,187.9,184.7
ED-0034,1380,23:00,189.5,193.3,201.8,191.0,195.4,187.6,198.3,188.8,198.3,199.3,188.5,186.3
ED-0034,1381,23:01,188.5,194.4,199.3,190.2,193.4,188.6,199.3,190.3,196.3,199.1,189.7,185.7
ED-0034,1382,23:02,187.8,192.7,200.1,190.9,194.2,188.4,198.6,190.7,196.4,199.5,189.6,184.9
ED-0034,1383,23:03,187.4,192.9,201.5,192.0,195.7,188.5,195.7,188.9,196.5,200.0,189.3,186.2
ED-0034,1384,23:04,189.2,192.6,200.6,192.4,195.1,189.5,197.1,190.8,195.3,199.3,188.7,186.4
ED-0034,1385,23:05,190.2,192.0,200.4,190.2,195.8,188.3,196.9,190.3,196.1,200.6,188.7,185.8
ED-0034,1386,23:06,187.6,191.8,201.1,190.2,197.2,188.5,197.5,188.2,197.3,199.0,186.6,186.7
ED-0034,1387,23:07,187.7,192.7,200.4,191.3,194.7,187.8,196.9,188.7,196.3,200.5,187.5,184.7
ED-0034,1388,23:08,188.6,193.9,200.1,190.9,196.0,188.0,198.0,189.1,196.1,200.6,187.8,185.8
ED-0034,1389,23:09,189.2,192.5,201.4,191.7,193.9,187.6,196.8,190.0,196.9,200.4,188.1,186.4
ED-0034,1390,23:10,189.6,191.6,199.1,191.0,195.4,187.9,196.8,190.1,196.6,198.7,188.8,185.5
ED-0034,1391,23:11,189.0,192.3,200.6,191.8,195.1,188.9,197.6,191.3,197.0,200.7,188.4,186.3
ED-0034,1392,23:12,190.2,192.7,200.3,191.0,194.5,188.9,197.3,189.7,196.0,201.6,189.6,185.5
ED-0034,1393,23:13,189.0,194.7,202.0,192.7,194.5,190.0,198.4,191.2,198.9,199.8,188.6,183.3
ED-0034,1394,23:14,187.1,192.9,200.2,192.0,193.8,186.6,197.7,189.4,195.2,201.8,188.0,186.0
ED-0034,1395,23:15,190.4,193.8,199.5,189.6,195.7,186.1,197.3,188.9,197.2,199.9,187.8,187.1
ED-0034,1396,23:16,191.0,191.8,199.3,190.9,195.4,188.9,197.2,189.4,196.7,199.0,189.3,186.3
ED-0034,1397,23:17,190.3,193.2,200.8,190.9,193.7,189.1,197.1,189.7,196.4,199.2,188.5,184.3
ED-0034,1398,23:18,190.9,193.3,199.5,190.0,193.9,187.7,196.2,189.2,197.6,200.0,188.4,186.2
ED-0034,1399,23:19,189.3,191.0,200.5,190.4,194.9,188.2,197.8,189.3,197.1,203.2,189.6,185.6
ED-0034,1400,23:20,187.6,191.7,200.4,190.5,193.1,187.2,197.8,190.4,196.7,198.0,188.7,185.2
ED-0034,1401,23:21,189.3,194.2,201.6,192.2,192.8,187.3,196.9,189.9,196.2,200.4,187.6,186.1
ED-0034,1402,23:22,189.2,192.2,200.2,190.5,195.3,188.4,198.4,189.7,195.4,200.1,189.3,184.6
ED-0034,1403,23:23,189.0,193.7,201.1,191.7,194.1,188.8,197.9,189.5,196.7,199.8,188.0,186.7
ED-0034,1404,23:24,190.2,192.7,200.5,190.6,194.9,187.8,197.1,189.6,195.9,199.9,188.5,185.8
ED-0034,1405,23:25,187.2,192.1,200.5,191.6,193.9,188.6,197.9,189.7,197.4,199.0,189.0,184.9
ED-0034,1406,23:26,190.4,192.2,200.8,190.7,194.1,188.4,197.5,189.9,196.5,200.7,187.1,185.0
ED-0034,1407,23:27,190.5,193.0,199.6,189.9,193.9,188.4,197.6,191.0,196.3,199.8,188.4,186.4
ED-0034,1408,23:28,189.3,192.0,200.2,191.4,194.0,188.5,197.8,189.7,196.0,200.1,188.8,186.4
ED-0034,1409,23:29,187.9,192.7,201.0,189.0,194.6,187.9,196.1,190.8,195.8,200.2,190.0,188.0
ED-0034,1410,23:30,187.8,191.9,200.3,191.0,193.4,188.9,199.2,189.8,196.2,200.0,188.6,186.3
ED-0034,1411,23:31,188.6,192.1,199.4,192.3,193.2,187.1,197.6,190.1,195.6,200.1,188.4,184.7
ED-0034,1412,23:32,189.1,192.8,201.9,191.3,193.9,188.2,196.9,189.3,197.7,200.9,188.8,186.8
ED-0034,1413,23:33,189.5,191.7,202.0,190.9,193.4,189.3,198.0,189.2,197.9,200.8,188.3,184.7
ED-0034,1414,23:34,188.6,192.3,200.4,192.6,195.1,188.9,196.4,189.5,196.1,200.4,187.3,185.3
ED-0034,1415,23:35,189.3,192.3,200.6,190.2,194.3,188.7,198.7,191.3,197.2,200.5,189.1,186.5
ED-0034,1416,23:36,189.3,192.3,200.0,190.1,194.0,189.0,198.3,190.4,195.7,200.3,187.9,184.9
ED-0034,1417,23:37,190.2,192.2,200.7,191.9,194.8,187.8,197.6,189.4,197.3,200.7,189.0,185.9
ED-0034,1418,23:38,188.7,192.4,200.1,191.4,194.4,189.7,197.9,190.5,194.8,202.0,188.9,186.8
ED-0034,1419,23:39,189.8,192.8,201.8,191.2,194.2,189.8,198.2,189.1,198.5,201.5,188.5,186.4
ED-0034,1420,23:40,190.1,192.6,200.0,190.5,194.2,188.7,196.1,190.5,197.9,196.0,187.4,186.0
ED-0034,1421,23:41,189.3,192.5,201.3,190.9,194.4,187.4,198.6,188.9,195.7,198.5,189.6,185.7
ED-0034,1422,23:42,187.6,193.1,202.1,189.6,194.8,190.1,198.5,187.9,197.6,199.2,189.1,185.6
ED-0034,1423,23:43,186.7,191.8,201.3,191.1,196.0,188.2,196.9,189.4,195.8,200.2,188.0,185.6
ED-0034,1424,23:44,187.8,190.7,200.3,190.2,194.1,187.4,198.7,189.8,197.8,200.0,188.3,186.3
ED-0034,1425,23:45,188.7,192.4,202.1,191.2,193.6,188.2,197.2,188.8,195.1,200.0,188.7,185.0
ED-0034,1426,23:46,190.6,193.2,202.8,190.5,194.1,188.0,199.4,188.2,195.8,200.1,189.3,186.3
ED-0034,1427,23:47,189.3,194.3,201.0,190.5,193.9,189.0,196.5,189.5,197.0,199.1,189.7,187.3
ED-0034,1428,23:48,188.9,192.3,200.9,189.7,194.1,189.1,197.8,191.5,195.9,197.7,188.1,185.1
ED-0034,1429,23:49,189.3,192.7,203.1,190.4,193.5,189.1,198.5,189.4,194.2,199.0,187.9,186.5
ED-0034,1430,23:50,190.1,193.6,199.7,190.0,195.4,188.7,198.7,191.2,196.1,199.6,187.8,186.9
ED-0034,1431,23:51,189.4,192.7,199.4,190.2,194.4,188.4,198.0,190.0,196.2,199.0,188.3,184.0
ED-0034,1432,23:52,189.9,193.5,199.6,190.9,192.5,187.3,198.9,189.5,196.1,201.1,187.7,186.3
ED-0034,1433,23:53,189.8,192.5,200.2,191.7,194.7,186.4,196.9,189.6,196.8,198.2,188.7,184.1
ED-0034,1434,23:54,189.3,192.0,201.2,191.8,194.4,190.1,197.0,189.0,196.4,200.0,187.7,185.8
ED-0034,1435,23:55,190.8,192.0,200.2,191.2,193.8,187.3,198.5,189.7,198.5,197.9,188.5,184.4
ED-0034,1436,23:56,190.5,194.3,198.9,192.3,192.6,188.4,197.3,189.5,193.8,198.2,188.3,186.4
ED-0034,1437,23:57,190.6,192.6,200.3,192.0,193.4,188.5,197.8,189.3,194.3,200.2,187.0,187.2
ED-0034,1438,23:58,190.1,192.5,201.4,191.3,193.0,187.5,197.1,189.0,195.5,199.6,188.2,185.1
ED-0034,1439,23:59,188.4,192.1,199.4,191.8,193.9,189.6,199.6,190.3,197.8,201.5,188.6,185.8
ED-0034,1440,24:00,188.5,192.6,199.8,189.4,194.8,187.1,196.6,189.4,195.2,201.2,188.8,184.4
ED-0034,1441,24:01,189.3,193.6,199.7,191.4,194.9,187.6,195.8,190.5,197.9,200.3,187.6,186.4
ED-0034,1442,24:02,188.9,192.2,200.6,191.6,194.1,189.1,197.7,190.7,195.7,200.9,187.6,185.3
ED-0034,1443,24:03,189.8,193.5,201.1,191.0,192.2,188.8,196.9,188.8,196.9,201.5,189.7,184.4
ED-0034,1444,24:04,188.6,193.6,201.1,190.1,194.2,188.7,196.9,188.9,197.2,199.6,188.1,185.4
ED-0034,1445,24:05,187.7,194.6,203.0,190.3,195.4,187.6,196.6,189.2,196.5,197.4,190.0,186.8
ED-0034,1446,24:06,190.2,192.3,200.1,191.6,194.1,187.2,197.1,190.4,195.8,200.3,187.9,187.1
ED-0034,1447,24:07,189.0,193.8,200.8,190.6,194.3,189.2,197.4,190.2,194.4,198.4,188.5,186.7
ED-0034,1448,24:08,190.0,193.0,200.3,191.0,194.7,188.8,197.1,190.6,196.7,200.5,189.0,186.1
ED-0034,1449,24:09,189.5,192.6,201.0,191.2,195.1,187.4,198.0,188.7,195.6,199.3,188.9,187.7
ED-0034,1450,24:10,188.7,193.6,201.0,189.4,195.0,188.4,197.1,188.5,196.7,200.3,188.3,185.0
ED-0034,1451,24:11,187.9,191.4,199.1,189.9,194.3,187.8,198.1,189.9,196.4,200.0,188.4,185.9
ED-0034,1452,24:12,190.2,193.7,199.9,190.2,194.7,187.9,197.2,190.0,196.8,198.9,188.0,186.4
ED-0034,1453,24:13,188.6,191.5,201.2,190.5,195.2,189.0,196.9,189.8,196.3,199.7,188.2,186.2
ED-0034,1454,24:14,189.3,193.4,200.1,190.0,195.6,188.6,197.0,189.9,196.2,198.8,188.3,185.6
ED-0034,1455,24:15,189.2,193.1,201.6,192.1,193.2,188.4,196.5,190.0,196.8,199.1,188.1,185.1
ED-0034,1456,24:16,189.7,191.7,200.2,190.3,195.1,187.8,196.9,190.7,196.8,199.5,187.5,186.6
ED-0034,1457,24:17,189.6,193.2,200.5,192.6,194.3,186.9,195.5,189.5,195.0,199.8,190.6,184.6
ED-0034,1458,24:18,189.8,194.1,200.9,191.7,194.6,187.9,197.1,189.1,195.3,200.6,187.2,185.3
ED-0034,1459,24:19,188.9,192.4,199.9,189.3,193.7,188.0,195.4,191.9,197.0,200.1,187.1,185.4
ED-0034,1460,24:20,190.1,191.5,200.2,189.9,194.1,187.5,197.7,188.9,197.7,199.8,188.4,186.2
ED-0034,1461,24:21,189.1,193.1,200.5,190.5,194.4,189.2,196.3,190.9,196.7,201.2,188.0,186.3
ED-0034,1462,24:22,190.3,193.4,199.9,189.2,195.5,188.2,198.7,189.7,195.7,201.0,188.8,184.9
ED-0034,1463,24:23,190.2,192.3,200.3,191.3,194.6,189.3,195.2,189.5,196.6,199.9,189.1,185.5
ED-0034,1464,24:24,189.5,192.5,201.5,191.9,195.3,188.6,198.6,189.2,196.9,199.4,188.8,185.8
ED-0034,1465,24:25,190.6,191.7,201.0,190.7,195.0,189.0,197.8,190.9,195.0,199.6,188.5,184.3
ED-0034,1466,24:26,189.9,192.1,200.2,189.3,194.9,187.1,195.7,190.2,197.5,199.4,188.5,185.6
ED-0034,1467,24:27,189.0,193.1,200.3,189.9,195.1,188.4,196.7,189.4,197.3,198.8,187.5,185.3
ED-0034,1468,24:28,189.1,193.4,200.5,192.1,195.2,188.3,198.1,190.5,196.8,200.4,188.5,187.6
ED-0034,1469,24:29,189.1,194.4,201.5,191.8,193.4,188.7,197.2,190.4,196.2,199.1,189.0,185.2
ED-0034,1470,24:30,188.5,192.9,200.7,191.3,195.8,187.6,197.9,190.5,196.2,199.4,189.4,186.6
ED-0034,1471,24:31,188.5,193.4,200.8,191.6,193.4,186.8,198.0,190.2,197.7,199.9,188.2,187.0
ED-0034,1472,24:32,189.7,192.3,202.0,191.6,194.4,188.6,197.3,190.2,197.1,200.2,187.4,186.6
ED-0034,1473,24:33,188.7,192.1,200.6,191.0,193.5,185.9,197.6,190.0,195.5,200.6,188.7,185.6
ED-0034,1474,24:34,188.4,192.6,200.3,191.6,193.5,189.6,198.2,188.7,196.8,199.2,187.5,186.0
ED-0034,1475,24:35,187.7,193.6,202.0,191.3,194.5,188.5,198.0,189.7,196.1,199.5,188.3,185.6
ED-0034,1476,24:36,189.0,193.1,199.3,191.3,193.9,187.5,197.4,188.1,196.7,198.9,189.5,183.8
ED-0034,1477,24:37,189.4,192.8,200.9,190.8,195.0,187.2,196.9,191.1,196.0,199.9,188.5,187.6
ED-0034,1478,24:38,189.2,191.8,200.4,190.7,194.9,187.4,196.8,190.6,195.4,199.7,189.0,185.0
ED-0034,1479,24:39,188.9,191.6,202.0,190.7,194.3,188.1,196.6,189.2,197.6,199.5,187.6,185.4
ED-0034,1480,24:40,187.0,194.1,201.3,191.9,195.7,188.2,198.1,190.6,195.0,199.3,188.7,184.7
ED-0034,1481,24:41,189.3,191.1,201.1,190.7,193.5,186.8,196.8,188.4,195.9,199.9,188.6,185.2
ED-0034,1482,24:42,189.2,193.2,201.8,192.0,194.9,189.2,196.8,188.0,195.9,199.0,188.6,185.9
ED-0034,1483,24:43,188.7,193.7,200.8,191.7,195.6,188.7,197.1,188.2,196.3,200.6,187.1,185.3
ED-0034,1484,24:44,188.4,192.5,200.0,189.9,194.7,188.9,197.9,191.6,196.3,199.6,188.3,185.3
ED-0034,1485,24:45,188.7,193.1,201.4,191.2,195.3,188.0,196.6,188.3,196.7,199.8,189.3,185.3
ED-0034,1486,24:46,188.8,191.9,202.1,192.1,194.9,188.2,197.3,189.2,194.7,200.0,187.0,186.5
ED-0034,1487,24:47,187.9,193.2,201.2,191.8,193.3,187.2,199.8,189.8,196.4,199.3,190.1,186.0
ED-0034,1488,24:48,190.5,192.0,200.7,190.6,194.8,188.3,197.6,190.1,197.9,200.4,189.8,186.1
ED-0034,1489,24:49,189.5,192.5,200.7,192.3,192.2,188.9,199.9,190.3,196.1,199.7,188.9,184.1
ED-0034,1490,24:50,189.1,193.1,202.6,192.3,193.6,189.3,197.4,189.6,195.0,202.8,187.0,185.5
ED-0034,1491,24:51,188.8,192.3,200.2,191.3,195.2,189.9,196.9,191.0,196.3,199.8,190.1,186.7
ED-0034,1492,24:52,188.6,192.7,199.8,189.7,194.6,187.6,196.9,189.0,197.1,199.3,189.1,186.1
ED-0034,1493,24:53,189.7,192.5,200.5,191.0,195.0,187.5,197.9,189.6,196.4,200.1,189.0,185.9
ED-0034,1494,24:54,189.7,192.4,199.0,191.3,193.9,187.1,197.8,188.7,195.0,200.0,190.0,184.8
ED-0034,1495,24:55,189.0,194.8,201.5,191.6,194.6,190.0,196.1,190.3,196.4,199.5,188.5,186.2
ED-0034,1496,24:56,190.7,192.2,203.0,190.2,195.0,187.5,198.0,190.4,197.3,200.2,188.8,185.1
ED-0034,1497,24:57,187.8,192.4,201.4,191.2,193.7,187.1,196.2,189.9,195.9,200.6,188.1,186.1
ED-0034,1498,24:58,189.4,193.5,200.9,191.2,193.5,187.7,195.1,189.2,196.6,200.2,187.4,185.9
ED-0034,1499,24:59,188.6,192.2,201.1,190.4,194.8,188.0,196.6,188.5,197.4,200.0,188.7,184.4
ED-0034,1500,25:00,188.3,192.3,201.0,192.6,193.9,188.4,198.5,188.6,196.5,198.9,187.4,184.3
ED-0034,1501,25:01,188.9,193.7,201.5,191.8,193.9,188.7,199.0,187.9,197.1,200.3,188.5,185.0
ED-0034,1502,25:02,191.1,193.0,200.5,190.5,196.1,188.5,197.6,191.4,197.1,199.2,188.2,185.8
ED-0034,1503,25:03,188.0,194.5,200.1,191.6,194.4,187.8,197.2,189.5,196.6,200.3,188.3,185.7
ED-0034,1504,25:04,189.0,193.2,200.0,189.8,194.0,188.0,197.8,190.2,197.1,200.3,187.9,186.5
ED-0034,1505,25:05,188.8,195.3,200.5,191.3,193.0,187.9,197.2,189.9,195.3,199.9,188.3,185.4
ED-0034,1506,25:06,189.6,194.3,199.2,191.0,194.5,187.8,196.5,190.4,196.8,198.8,187.5,185.8
ED-0034,1507,25:07,187.7,192.2,201.2,192.6,194.3,188.1,197.0,189.3,196.6,198.2,189.1,186.9
ED-0034,1508,25:08,189.7,192.7,199.0,191.5,194.5,189.3,196.0,189.2,195.9,198.4,187.0,184.3
ED-0034,1509,25:09,189.3,193.7,199.8,192.2,193.9,187.6,198.2,191.2,196.2,199.5,188.4,187.0
ED-0034,1510,25:10,190.3,193.1,201.5,190.6,194.8,188.5,198.3,190.0,196.3,199.2,188.0,185.1
ED-0034,1511,25:11,189.1,193.2,201.2,192.1,194.4,188.3,196.9,190.2,196.4,199.1,189.3,185.5
ED-0034,1512,25:12,190.2,192.4,202.3,191.6,194.4,187.9,197.3,189.8,195.4,199.6,189.4,185.2
ED-0034,1513,25:13,189.9,191.8,200.3,193.3,196.0,187.5,195.8,188.7,195.7,199.9,188.9,184.9
ED-0034,1514,25:14,188.9,193.2,200.3,190.1,193.9,187.1,197.7,189.6,194.5,199.5,188.8,186.5
ED-0034,1515,25:15,188.1,194.4,201.2,192.0,193.2,187.4,197.3,189.2,196.5,199.9,189.3,185.8
ED-0034,1516,25:16,188.8,192.9,199.3,189.9,192.6,189.6,197.9,190.8,197.0,201.3,189.5,186.4
ED-0034,1517,25:17,189.9,193.2,200.6,192.1,194.8,187.6,197.4,189.8,197.6,200.4,188.2,186.7
ED-0034,1518,25:18,188.5,193.1,201.3,190.1,194.8,188.3,196.7,190.6,198.3,200.4,187.1,184.8
ED-0034,1519,25:19,189.7,192.1,200.8,190.2,195.3,189.0,198.1,190.0,197.2,198.7,190.3,186.4
ED-0034,1520,25:20,188.4,192.7,201.6,192.6,193.8,186.6,197.0,190.5,197.7,199.2,188.9,186.2
ED-0034,1521,25:21,188.6,194.7,199.8,191.1,194.3,188.6,197.4,191.0,197.8,200.7,188.7,184.6
ED-0034,1522,25:22,188.9,191.7,200.3,191.3,194.2,188.6,197.0,189.4,197.7,201.0,189.2,185.0
ED-0034,1523,25:23,189.6,193.8,201.0,190.3,194.2,187.9,196.7,190.0,196.7,201.4,188.4,186.1
ED-0034,1524,25:24,189.9,192.4,200.8,190.7,194.6,188.1,197.8,188.9,196.2,199.8,188.6,185.8
ED-0034,1525,25:25,188.0,192.5,201.9,191.1,193.4,187.7,197.6,189.7,195.8,199.7,189.0,185.9
ED-0034,1526,25:26,189.7,193.3,201.5,190.1,194.0,188.1,198.1,190.8,196.7,200.2,187.0,184.7
ED-0034,1527,25:27,189.9,192.0,201.5,190.2,195.1,188.2,198.0,189.5,196.3,200.2,189.5,186.1
ED-0034,1528,25:28,189.3,194.3,203.2,190.5,193.9,188.0,198.4,188.7,197.1,199.6,187.4,184.8
ED-0034,1529,25:29,188.7,193.1,200.6,190.4,193.5,188.4,196.5,190.4,194.7,200.0,187.0,185.3
ED-0034,1530,25:30,189.0,192.5,202.0,192.1,193.6,189.3,197.0,190.0,195.8,199.8,189.0,184.6
ED-0034,1531,25:31,189.0,192.6,199.8,191.8,194.5,188.7,197.8,190.5,197.4,200.2,188.9,185.4
ED-0034,1532,25:32,188.5,193.4,201.1,192.4,192.9,187.6,196.8,189.8,196.5,200.3,189.0,186.1
ED-0034,1533,25:33,188.1,192.3,201.7,190.5,194.5,189.2,198.1,190.6,196.8,199.8,188.1,186.4
ED-0034,1534,25:34,189.6,193.1,201.0,190.8,194.5,188.7,198.6,188.9,197.6,199.3,189.4,186.6
ED-0034,1535,25:35,188.1,192.5,199.6,190.2,195.3,189.1,197.8,190.7,195.7,200.5,187.7,185.1
ED-0034,1536,25:36,189.3,192.7,201.1,190.4,195.5,188.2,197.2,189.9,196.9,198.9,188.4,184.5
ED-0034,1537,25:37,188.6,191.9,201.4,189.2,194.6,189.9,196.2,190.8,194.5,199.4,189.7,187.6
ED-0034,1538,25:38,188.5,192.6,200.3,191.4,195.1,189.2,196.5,188.7,196.0,200.5,187.9,185.7
ED-0034,1539,25:39,188.0,192.0,200.9,190.1,194.9,189.8,197.3,189.5,197.4,200.3,188.1,185.4
ED-0034,1540,25:40,188.6,192.3,201.0,191.3,193.0,188.2,198.5,190.1,196.1,200.9,189.0,185.3
ED-0034,1541,25:41,187.9,192.8,200.4,190.6,193.9,189.4,197.9,189.5,197.3,200.9,188.7,185.0
ED-0034,1542,25:42,188.4,192.9,200.5,190.5,194.4,188.9,198.5,190.1,196.6,200.3,189.1,185.1
ED-0034,1543,25:43,190.0,193.1,201.5,191.2,195.4,188.7,198.4,189.6,195.9,199.3,187.5,185.2
ED-0034,1544,25:44,189.5,192.4,200.6,191.5,195.1,189.1,197.2,189.5,197.6,199.9,188.5,185.5
ED-0034,1545,25:45,188.4,194.0,200.7,190.8,192.8,188.2,197.0,190.3,195.9,198.9,189.5,186.1
ED-0034,1546,25:46,190.1,192.1,199.6,191.0,194.5,187.3,198.2,190.5,197.7,199.6,189.0,186.5
ED-0034,1547,25:47,188.9,191.6,202.0,191.1,193.9,187.7,196.0,190.7,196.1,200.2,189.6,186.5
ED-0034,1548,25:48,189.8,192.7,200.3,190.6,193.2,188.7,198.0,188.3,198.4,199.3,187.6,184.9
ED-0034,1549,25:49,188.1,193.2,201.3,190.6,195.3,187.9,197.3,189.5,197.3,198.6,187.8,185.7
ED-0034,1550,25:50,189.3,192.3,200.7,190.9,196.2,188.9,197.0,189.6,195.2,199.2,187.8,186.7
ED-0034,1551,25:51,189.7,192.9,202.3,192.9,194.3,188.8,198.3,190.2,196.0,199.4,187.8,186.4
ED-0034,1552,25:52,190.6,194.3,197.9,191.1,194.5,188.0,198.9,189.8,196.6,199.1,187.4,185.4
ED-0034,1553,25:53,189.5,191.4,201.7,191.8,194.5,187.8,197.4,189.4,196.2,197.6,188.2,185.0
ED-0034,1554,25:54,189.3,192.6,202.0,191.4,194.7,188.6,196.5,189.2,197.3,199.3,188.5,186.3
ED-0034,1555,25:55,188.9,194.7,200.6,191.1,194.1,188.7,196.2,188.9,196.2,199.1,188.6,186.3
ED-0034,1556,25:56,188.1,193.0,201.3,190.3,194.0,189.0,197.8,190.3,197.4,197.8,187.6,185.5
ED-0034,1557,25:57,188.9,192.4,199.0,191.5,192.6,190.1,197.1,191.4,195.7,200.3,188.3,185.4
ED-0034,1558,25:58,189.9,193.8,201.4,192.1,194.8,189.7,196.5,190.2,196.7,199.8,189.3,186.2
ED-0034,1559,25:59,188.0,192.2,201.4,190.7,193.9,186.4,197.2,188.9,195.0,198.8,189.2,185.8
ED-0034,1560,26:00,188.4,193.5,200.8,190.1,194.9,186.1,197.0,190.9,195.5,201.0,188.4,184.8
ED-0034,1561,26:01,190.3,193.4,200.6,191.9,194.5,187.7,196.8,189.5,195.4,202.5,189.2,185.8
ED-0034,1562,26:02,189.3,192.2,200.8,191.1,193.7,188.7,197.4,190.0,197.2,199.5,188.1,187.7
ED-0034,1563,26:03,188.3,192.7,200.4,190.5,193.7,188.1,197.7,190.2,196.3,200.0,187.8,184.6
ED-0034,1564,26:04,190.0,193.6,201.4,191.0,195.7,189.6,197.2,190.0,196.3,200.3,187.9,185.3
ED-0034,1565,26:05,188.5,192.4,200.3,190.1,194.2,188.7,198.1,189.6,195.3,201.1,188.6,184.9
ED-0034,1566,26:06,189.1,191.5,199.0,191.9,194.5,188.2,197.2,188.8,195.4,197.8,187.7,186.5
ED-0034,1567,26:07,188.6,193.1,201.2,191.7,193.0,189.0,197.6,189.7,196.0,201.7,188.1,186.0
ED-0034,1568,26:08,189.5,193.5,200.3,191.6,194.8,189.4,198.3,189.3,196.8,200.0,188.7,184.7
ED-0034,1569,26:09,189.7,193.5,199.9,189.8,194.2,188.5,198.5,189.4,196.8,199.7,189.3,186.7
ED-0034,1570,26:10,190.6,192.5,201.2,192.7,193.3,188.9,196.6,190.4,196.8,200.2,187.9,186.2
ED-0034,1571,26:11,189.1,194.0,200.6,192.5,193.4,188.7,198.0,190.7,196.2,199.8,189.9,187.0
ED-0034,1572,26:12,190.2,195.1,200.8,190.3,195.3,187.1,197.7,190.1,195.3,199.3,190.0,186.6
ED-0034,1573,26:13,189.6,191.0,200.3,190.0,195.5,188.4,197.4,189.1,196.2,199.0,189.6,186.4
ED-0034,1574,26:14,189.7,193.5,199.6,190.7,194.6,189.0,197.6,189.4,194.5,201.0,188.1,186.0
ED-0034,1575,26:15,188.7,190.6,200.7,190.5,195.5,187.4,198.7,190.0,197.8,199.0,187.6,186.4
ED-0034,1576,26:16,189.8,193.1,201.1,190.9,194.9,188.4,197.5,189.4,196.1,199.4,188.4,186.1
ED-0034,1577,26:17,188.0,192.8,201.1,188.9,193.6,188.1,198.4,188.9,197.2,199.9,188.0,185.5
ED-0034,1578,26:18,188.2,193.5,199.5,190.6,196.3,188.3,197.0,189.0,194.8,200.2,190.5,184.7
ED-0034,1579,26:19,189.5,191.3,200.3,192.2,194.2,186.9,197.1,190.7,195.9,201.0,187.1,186.8
ED-0034,1580,26:20,189.2,192.1,201.3,191.8,194.7,187.8,196.6,189.5,195.5,198.9,187.9,185.7
ED-0034,1581,26:21,188.2,192.7,200.9,189.7,194.1,188.7,199.4,189.9,196.9,199.8,188.0,186.0
ED-0034,1582,26:22,188.8,192.8,200.5,190.6,193.9,188.1,196.6,188.6,196.4,199.5,187.4,185.9
ED-0034,1583,26:23,190.3,193.6,200.6,189.7,193.5,188.7,197.3,190.4,197.5,198.5,187.1,185.5
ED-0034,1584,26:24,190.1,192.7,200.1,192.5,194.4,189.3,196.4,190.0,195.9,201.7,188.0,186.7
ED-0034,1585,26:25,189.0,192.1,199.7,191.3,194.3,188.3,197.0,188.9,196.4,199.3,188.1,185.7
ED-0034,1586,26:26,187.4,192.7,201.7,191.6,194.0,189.5,196.7,189.4,195.6,199.2,189.1,186.6
ED-0034,1587,26:27,188.5,192.4,199.9,192.5,194.5,188.1,197.5,189.4,196.9,199.2,188.7,187.1
ED-0034,1588,26:28,188.5,191.9,200.1,190.7,193.3,188.5,199.2,191.3,196.3,200.1,190.1,184.5
ED-0034,1589,26:29,188.9,193.1,200.4,190.1,193.7,188.2,198.2,189.2,195.6,199.0,189.8,186.1
ED-0034,1590,26:30,190.0,191.6,201.3,190.7,195.0,188.2,196.9,189.5,196.1,198.9,188.5,186.1
ED-0034,1591,26:31,188.3,192.4,200.2,189.4,194.1,187.3,196.8,189.1,196.3,202.0,188.6,185.4
ED-0034,1592,26:32,189.0,191.8,200.3,191.9,195.1,188.7,197.4,192.0,196.9,199.3,188.6,186.9
ED-0034,1593,26:33,190.5,193.3,201.3,189.6,196.6,186.8,197.4,191.6,196.3,201.7,188.1,186.6
ED-0034,1594,26:34,189.0,193.5,199.9,190.4,192.9,189.6,196.8,192.6,195.8,201.5,188.7,185.0
ED-0034,1595,26:35,188.0,193.7,200.8,190.8,195.0,187.4,197.5,188.5,195.9,200.8,189.5,186.5
ED-0034,1596,26:36,189.4,192.9,201.0,192.6,193.4,188.1,194.6,188.9,194.4,199.0,187.9,186.1
ED-0034,1597,26:37,189.2,194.6,200.0,191.4,194.5,188.6,198.1,189.2,195.4,199.9,189.1,186.3
ED-0034,1598,26:38,186.5,191.8,200.9,190.5,192.0,187.1,198.0,188.8,195.9,201.3,189.0,186.0
ED-0034,1599,26:39,188.3,193.3,200.3,191.2,194.1,188.6,197.2,190.2,197.4,199.1,188.3,186.7
ED-0034,1600,26:40,189.6,193.3,201.8,191.1,194.5,188.7,196.8,190.6,196.1,199.5,188.6,186.6
ED-0034,1601,26:41,189.4,194.0,200.0,191.1,195.0,189.1,198.7,189.2,195.9,199.3,188.1,185.9
ED-0034,1602,26:42,189.5,193.3,199.7,191.7,194.6,188.8,197.3,190.2,197.0,199.8,189.0,184.6
ED-0034,1603,26:43,189.5,191.6,200.0,190.2,194.2,187.8,197.2,190.2,196.4,200.2,188.3,187.8
ED-0034,1604,26:44,191.4,193.7,198.7,190.1,194.3,189.9,196.2,191.0,196.7,199.5,189.9,186.6
ED-0034,1605,26:45,190.0,192.5,200.0,188.5,194.4,187.2,196.8,189.4,195.6,200.5,188.1,184.5
ED-0034,1606,26:46,189.5,193.0,202.0,189.8,194.2,188.8,198.0,189.6,196.3,203.0,187.3,185.8
ED-0034,1607,26:47,188.9,193.4,200.0,191.9,193.3,187.2,197.6,190.1,198.0,200.4,189.9,185.7
ED-0034,1608,26:48,188.2,192.1,199.8,190.8,195.4,186.7,197.1,189.5,197.5,198.9,188.0,185.3
ED-0034,1609,26:49,188.9,192.6,199.9,191.8,194.6,188.2,196.6,189.5,195.9,200.0,188.9,187.2
ED-0034,1610,26:50,189.6,192.1,199.9,191.5,195.0,188.3,197.1,189.4,196.9,199.6,186.8,185.7
ED-0034,1611,26:51,189.4,191.4,200.4,191.2,194.7,187.5,196.6,188.9,195.9,200.5,189.3,186.0
ED-0034,1612,26:52,189.6,193.4,200.9,191.6,193.4,187.8,199.8,189.0,196.1,199.9,188.5,185.0
ED-0034,1613,26:53,188.8,193.1,201.9,191.1,194.5,187.0,197.2,189.6,194.9,199.0,187.0,186.9
ED-0034,1614,26:54,188.3,192.8,200.2,188.7,195.2,189.5,196.6,190.3,195.6,198.3,188.7,186.4
ED-0034,1615,26:55,189.1,195.0,200.5,190.4,194.9,187.6,196.5,187.3,195.3,199.6,187.5,186.0
ED-0034,1616,26:56,189.5,194.5,200.9,190.8,194.1,186.0,196.6,187.8,197.6,199.3,188.1,185.1
ED-0034,1617,26:57,187.6,192.3,199.8,191.7,194.2,188.5,197.6,187.8,195.8,200.5,187.8,185.3
ED-0034,1618,26:58,189.3,193.2,201.9,191.1,194.3,187.6,196.3,187.0,196.1,199.1,189.3,186.1
ED-0034,1619,26:59,188.5,193.3,199.9,192.3,193.4,187.1,196.0,189.7,194.1,199.0,188.4,186.1
ED-0034,1620,27:00,188.4,192.0,200.5,190.4,194.1,188.7,196.6,189.7,197.1,199.4,186.4,186.2
ED-0034,1621,27:01,188.5,194.1,201.2,191.1,194.7,189.2,197.7,189.4,196.8,199.9,189.3,185.8
ED-0034,1622,27:02,189.4,193.7,199.8,191.9,194.8,188.3,198.9,188.7,195.6,199.0,188.4,185.9
ED-0034,1623,27:03,188.8,193.1,202.2,192.1,193.4,188.3,195.9,189.5,196.3,200.4,189.4,186.1
ED-0034,1624,27:04,187.5,193.6,201.4,190.9,194.1,188.2,198.5,188.5,198.8,200.3,188.4,186.6
ED-0034,1625,27:05,189.5,192.1,201.9,191.7,192.9,188.8,196.8,190.0,195.2,200.6,187.6,184.2
ED-0034,1626,27:06,189.4,192.5,200.9,191.4,193.2,189.2,196.5,189.1,196.3,199.1,187.3,186.4
ED-0034,1627,27:07,189.2,194.0,200.1,190.9,194.8,189.2,196.5,189.0,197.0,199.4,187.2,185.7
ED-0034,1628,27:08,189.2,194.3,200.2,190.3,196.8,188.6,196.7,188.8,195.3,200.0,188.4,185.7
ED-0034,1629,27:09,189.1,192.3,200.1,191.4,194.8,189.8,197.2,188.9,196.1,198.7,189.3,186.5
ED-0034,1630,27:10,190.0,193.2,201.4,190.6,193.9,187.9,196.7,190.5,197.5,200.0,189.4,185.3
ED-0034,1631,27:11,189.5,192.5,200.8,192.7,193.2,187.3,197.3,189.8,196.0,198.6,187.6,186.5
ED-0034,1632,27:12,190.6,193.1,201.1,190.2,194.5,188.0,199.4,190.9,195.9,200.7,190.0,186.4
ED-0034,1633,27:13,189.8,192.0,200.6,192.1,193.8,187.3,196.9,189.6,196.7,201.2,189.5,184.8
ED-0034,1634,27:14,188.1,192.2,198.1,190.6,194.1,188.7,196.3,190.0,197.7,199.2,189.1,185.4
ED-0034,1635,27:15,188.3,192.8,201.2,191.7,194.9,189.4,197.9,189.4,196.9,200.4,189.4,185.3
ED-0034,1636,27:16,189.5,191.6,201.6,191.8,193.8,189.6,194.6,190.3,195.9,198.8,189.4,185.9
ED-0034,1637,27:17,190.4,191.3,201.1,191.9,195.0,187.0,197.5,190.9,195.0,200.0,188.3,185.5
ED-0034,1638,27:18,189.2,193.1,202.0,188.4,193.6,187.7,197.4,189.3,196.8,200.3,190.0,184.7
ED-0034,1639,27:19,189.2,192.6,203.1,190.5,193.8,189.1,195.6,191.1,197.5,199.7,188.8,185.4
ED-0034,1640,27:20,188.6,191.7,201.1,191.7,195.4,186.7,197.4,189.0,195.4,199.8,189.1,186.0
ED-0034,1641,27:21,188.9,191.8,200.1,190.1,194.2,189.7,196.9,188.8,195.7,199.8,186.8,187.6
ED-0034,1642,27:22,190.9,192.9,202.3,191.4,192.9,187.3,198.5,190.3,195.1,200.5,188.3,186.5
ED-0034,1643,27:23,189.7,192.5,201.9,188.5,194.7,189.2,197.5,190.0,196.2,200.5,189.2,185.2
ED-0034,1644,27:24,188.8,193.5,199.9,191.3,194.9,188.2,196.9,190.1,198.5,199.3,188.4,184.9
ED-0034,1645,27:25,189.0,192.2,201.0,191.1,192.7,188.0,198.0,189.9,196.1,200.1,190.7,185.2
ED-0034,1646,27:26,189.6,192.8,200.8,188.7,195.6,187.9,197.1,189.5,196.8,200.3,188.5,184.8
ED-0034,1647,27:27,187.7,191.8,202.5,191.3,194.7,188.1,197.9,191.0,195.3,199.4,187.1,184.9
ED-0034,1648,27:28,189.3,193.1,201.1,192.1,194.1,186.8,197.7,190.3,196.8,201.1,189.6,187.4
ED-0034,1649,27:29,190.9,191.6,200.2,191.2,194.0,189.4,198.0,189.8,194.0,199.2,186.9,185.7
ED-0034,1650,27:30,188.7,194.2,201.2,192.4,194.7,188.2,196.6,190.0,195.0,199.8,189.7,186.1
ED-0034,1651,27:31,188.2,193.0,201.1,190.4,194.2,188.3,196.8,189.3,196.5,199.8,188.7,185.1
ED-0034,1652,27:32,188.0,191.6,199.6,191.8,194.3,186.9,198.7,190.5,196.6,199.7,187.5,186.3
ED-0034,1653,27:33,189.6,193.4,199.6,192.0,195.2,188.1,196.1,188.9,197.1,200.8,188.0,186.4
ED-0034,1654,27:34,189.5,194.0,200.8,190.4,195.4,189.4,196.9,190.4,196.2,199.8,188.4,186.8
ED-0034,1655,27:35,189.3,193.9,197.7,191.6,194.7,187.7,197.5,189.6,196.3,199.1,187.0,186.5
ED-0034,1656,27:36,189.5,193.1,201.5,192.9,193.9,187.5,196.5,189.8,195.6,200.7,189.1,186.7
ED-0034,1657,27:37,187.1,191.8,200.9,191.3,194.9,188.8,197.8,188.6,197.2,200.8,187.9,185.9
ED-0034,1658,27:38,189.2,192.1,200.8,191.0,196.0,188.3,197.5,190.2,196.4,198.6,187.9,188.6
ED-0034,1659,27:39,190.1,191.7,200.2,189.4,194.6,187.2,197.4,188.3,196.4,200.9,188.0,184.5
ED-0034,1660,27:40,188.0,193.0,201.2,191.0,194.2,188.1,197.7,190.9,196.4,200.1,189.0,185.8
ED-0034,1661,27:41,187.9,192.6,200.3,191.1,193.7,189.5,197.3,189.3,195.7,199.9,188.6,186.8
ED-0034,1662,27:42,187.8,193.8,201.5,189.7,193.5,189.2,198.5,191.1,196.5,199.8,187.4,185.5
ED-0034,1663,27:43,190.1,191.5,200.9,191.6,197.1,189.3,198.4,189.3,196.1,199.3,188.1,185.5
ED-0034,1664,27:44,191.2,193.7,201.0,192.6,194.4,188.5,197.0,191.0,195.7,199.2,187.9,184.5
ED-0034,1665,27:45,189.3,194.2,200.3,192.5,194.3,189.2,195.9,189.4,195.4,200.8,188.1,186.0
ED-0034,1666,27:46,187.9,193.0,199.6,190.8,195.7,188.6,197.7,190.3,195.3,197.5,190.0,185.6
ED-0034,1667,27:47,189.4,194.4,200.4,189.8,193.1,188.3,196.7,188.4,195.1,199.2,189.5,186.8
ED-0034,1668,27:48,189.2,193.0,200.0,191.7,193.8,189.2,197.7,188.7,197.3,199.7,189.3,186.3
ED-0034,1669,27:49,188.0,193.3,200.7,191.6,194.2,188.4,199.0,189.3,196.2,201.0,188.6,185.1
ED-0034,1670,27:50,188.5,193.0,199.7,190.0,193.2,187.8,197.4,188.3,196.7,199.4,188.1,186.0
ED-0034,1671,27:51,187.9,193.0,200.2,192.2,195.0,188.3,196.9,189.7,195.9,198.8,188.3,185.7
ED-0034,1672,27:52,188.9,191.2,198.9,191.2,195.4,188.1,196.3,188.5,197.1,200.2,186.2,186.6
ED-0034,1673,27:53,189.4,194.8,199.5,191.0,194.8,188.0,197.9,189.9,196.2,198.5,189.3,187.9
ED-0034,1674,27:54,187.7,192.8,200.6,190.1,194.1,189.0,197.0,189.6,196.1,198.9,187.9,184.9
ED-0034,1675,27:55,190.0,194.5,200.0,189.5,196.5,188.0,198.2,192.0,195.6,201.4,188.7,184.0
ED-0034,1676,27:56,189.5,193.6,198.8,190.7,193.6,189.5,199.4,189.0,195.0,199.3,187.9,185.2
ED-0034,1677,27:57,189.1,192.3,198.7,190.6,194.1,187.6,197.5,191.5,195.7,201.1,187.2,185.5
ED-0034,1678,27:58,189.5,193.6,201.4,191.2,196.2,188.5,197.5,189.4,196.7,199.9,187.9,186.9
ED-0034,1679,27:59,188.4,193.8,201.9,190.9,195.0,188.6,197.1,190.0,195.3,199.7,188.9,184.1
ED-0034,1680,28:00,188.9,192.9,200.6,190.7,193.6,187.9,197.2,189.0,194.9,201.1,188.5,187.4
ED-0034,1681,28:01,188.9,192.6,200.0,191.3,195.3,188.5,199.4,190.1,196.9,200.1,189.3,184.9
ED-0034,1682,28:02,188.3,190.8,199.9,191.0,194.0,190.5,196.8,190.7,196.2,199.5,188.8,186.0
ED-0034,1683,28:03,188.6,193.4,200.0,188.9,193.7,188.0,198.2,187.5,196.2,200.2,189.7,184.8
ED-0034,1684,28:04,189.9,192.4,201.7,190.3,195.6,187.7,197.0,190.2,197.2,199.4,187.7,185.5
ED-0034,1685,28:05,189.4,193.2,200.7,190.7,195.2,187.3,196.2,189.6,196.7,198.4,190.0,185.7
ED-0034,1686,28:06,190.7,193.0,201.6,191.8,192.5,186.9,196.7,189.0,196.2,200.1,188.0,185.8
ED-0034,1687,28:07,188.6,193.1,202.2,189.9,193.5,188.6,197.2,191.0,196.6,199.2,189.1,185.4
ED-0034,1688,28:08,189.9,194.5,201.2,192.1,195.3,189.3,198.2,189.4,197.1,199.4,187.3,185.5
ED-0034,1689,28:09,190.5,193.3,201.3,190.7,194.4,187.4,196.9,189.6,195.8,199.6,187.2,186.1
ED-0034,1690,28:10,188.6,192.8,201.2,190.9,195.0,188.3,198.3,187.2,195.9,200.0,188.1,185.2
ED-0034,1691,28:11,188.1,192.6,199.3,192.1,193.2,188.9,198.9,188.3,197.4,199.7,188.6,184.8
ED-0034,1692,28:12,188.5,192.1,200.8,191.0,194.2,189.5,197.1,191.2,196.4,199.1,188.9,186.6
ED-0034,1693,28:13,188.1,193.7,198.9,192.1,194.2,188.6,198.2,189.0,196.8,201.1,188.1,185.9
ED-0034,1694,28:14,189.0,191.8,201.4,191.4,194.4,188.9,196.6,189.2,196.5,201.5,188.3,186.5
ED-0034,1695,28:15,189.2,192.1,201.6,190.2,194.1,188.4,197.9,189.9,197.4,199.3,188.3,184.9
ED-0034,1696,28:16,190.2,192.9,200.8,192.6,193.1,188.0,196.1,188.1,194.7,200.6,188.2,187.2
ED-0034,1697,28:17,189.8,191.8,200.9,190.1,194.5,187.2,196.9,189.8,196.7,199.9,188.2,185.5
ED-0034,1698,28:18,188.2,191.7,200.5,190.5,193.2,188.2,197.7,190.9,196.8,199.5,187.6,184.1
ED-0034,1699,28:19,189.3,193.0,199.8,190.5,194.9,187.9,198.0,189.8,197.8,200.6,189.5,186.3
ED-0034,1700,28:20,188.4,192.8,200.0,190.7,194.1,187.2,197.7,189.8,196.5,200.9,189.1,185.8
ED-0034,1701,28:21,188.3,192.7,201.8,191.4,194.4,188.0,198.0,189.3,198.0,200.2,188.3,185.6
ED-0034,1702,28:22,189.2,193.3,200.5,191.4,196.2,189.0,196.0,189.6,197.3,197.9,187.1,184.8
ED-0034,1703,28:23,190.0,191.7,200.6,192.8,194.1,187.2,198.6,190.8,195.1,200.1,187.4,187.3
ED-0034,1704,28:24,189.3,190.6,201.0,191.5,195.8,187.2,196.6,189.2,196.7,200.5,188.0,184.4
ED-0034,1705,28:25,189.1,192.4,201.3,190.1,194.4,188.2,198.1,190.1,196.8,199.8,188.9,185.5
ED-0034,1706,28:26,188.6,191.4,199.9,190.1,192.9,188.2,197.1,189.0,194.8,199.0,187.1,184.7
ED-0034,1707,28:27,188.1,193.3,200.4,192.4,194.4,187.9,197.5,189.5,197.3,199.1,189.2,185.5
ED-0034,1708,28:28,188.7,193.4,201.5,190.7,194.9,189.5,196.8,189.2,196.6,198.6,189.6,185.4
ED-0034,1709,28:29,189.3,194.5,198.9,192.0,193.1,189.3,196.7,189.2,196.0,198.4,188.3,185.1
ED-0034,1710,28:30,189.0,191.8,200.0,192.4,193.6,188.7,197.5,190.8,196.5,200.3,188.3,185.4
ED-0034,1711,28:31,188.8,194.2,199.8,190.9,196.9,187.4,197.7,189.9,196.4,200.0,189.1,184.0
ED-0034,1712,28:32,189.2,193.7,202.4,189.0,195.2,187.1,198.3,189.0,196.4,199.5,188.5,185.2
ED-0034,1713,28:33,190.7,192.0,201.5,191.1,194.1,188.3,196.2,189.3,196.5,199.9,187.3,185.9
ED-0034,1714,28:34,188.7,193.1,199.2,192.2,192.4,187.9,198.4,188.6,197.2,200.9,188.2,184.4
ED-0034,1715,28:35,189.3,193.8,201.7,192.3,194.5,187.8,197.7,189.2,196.8,200.1,188.5,184.3
ED-0034,1716,28:36,188.3,191.2,199.9,190.8,194.5,190.1,196.3,189.6,196.8,199.2,188.7,186.1
ED-0034,1717,28:37,190.0,192.2,200.6,190.3,195.2,187.1,196.4,189.2,195.7,199.9,187.6,186.1
ED-0034,1718,28:38,190.6,192.4,199.0,188.8,193.1,187.5,198.0,188.7,195.6,199.7,188.1,186.0
ED-0034,1719,28:39,190.2,193.6,201.6,190.7,193.9,187.4,196.8,189.0,195.6,199.2,188.5,185.9
ED-0034,1720,28:40,189.3,192.7,200.5,191.0,192.9,189.4,196.3,189.6,197.1,199.4,187.9,186.2
ED-0034,1721,28:41,188.6,192.7,201.6,191.5,194.7,188.0,196.7,190.1,196.2,200.4,186.8,185.7
ED-0034,1722,28:42,189.0,193.7,201.2,189.9,195.7,187.4,198.8,189.9,196.7,200.5,188.2,185.4
ED-0034,1723,28:43,189.8,192.5,200.5,191.6,196.0,187.5,197.6,189.2,196.6,200.0,187.4,187.0
ED-0034,1724,28:44,188.6,193.8,200.6,189.3,193.8,187.9,198.2,190.3,196.7,200.4,188.3,186.5
ED-0034,1725,28:45,189.0,193.4,201.3,190.8,194.1,188.8,199.3,189.0,196.8,200.5,187.9,185.4
ED-0034,1726,28:46,189.2,194.0,201.1,188.4,193.8,187.5,197.7,189.6,195.7,199.4,189.4,186.3
ED-0034,1727,28:47,188.9,193.1,199.0,192.5,195.5,187.7,196.5,190.4,196.8,199.6,188.4,186.5
ED-0034,1728,28:48,188.0,192.7,200.7,192.3,194.8,188.3,197.7,189.7,196.5,200.4,188.6,185.7
ED-0034,1729,28:49,190.1,192.4,199.8,190.8,194.5,187.4,196.4,189.6,197.2,200.2,190.2,186.8
ED-0034,1730,28:50,189.1,192.7,199.8,191.4,194.5,187.8,197.7,188.2,197.3,199.0,188.2,185.5
ED-0034,1731,28:51,188.6,192.1,200.9,190.5,194.5,188.6,198.6,189.7,197.1,199.3,188.3,185.9
ED-0034,1732,28:52,187.7,193.0,200.2,191.1,193.4,189.3,196.0,190.5,196.3,200.5,188.6,185.1
ED-0034,1733,28:53,188.8,193.3,200.7,190.4,194.8,188.4,196.4,190.8,198.3,200.3,188.5,185.2
ED-0034,1734,28:54,190.0,192.1,202.2,191.3,196.1,189.8,197.8,190.2,195.5,200.3,188.8,185.1
ED-0034,1735,28:55,188.7,192.3,199.8,193.1,193.5,188.6,197.0,190.3,195.1,199.9,188.6,186.0
ED-0034,1736,28:56,189.8,192.9,199.1,191.8,194.3,187.5,198.7,189.0,195.1,200.4,188.4,184.9
ED-0034,1737,28:57,189.0,190.9,199.5,190.5,194.4,188.8,197.0,190.5,197.0,198.8,189.5,187.3
ED-0034,1738,28:58,189.0,191.5,199.6,190.6,195.6,187.7,197.9,190.5,196.6,201.2,188.8,186.7
ED-0034,1739,28:59,189.7,192.2,200.9,190.3,194.9,188.2,197.1,191.0,195.1,201.7,187.4,184.1
ED-0034,1740,29:00,188.7,193.2,199.9,190.9,192.9,189.6,197.5,189.0,198.2,200.1,187.9,187.1
ED-0034,1741,29:01,191.0,193.2,201.3,191.6,194.0,187.7,196.8,188.9,196.7,199.3,188.4,187.2
ED-0034,1742,29:02,188.3,193.2,201.1,191.2,193.7,188.3,198.9,189.4,196.4,198.6,187.8,185.3
ED-0034,1743,29:03,189.2,192.8,201.5,190.6,194.9,189.5,198.9,190.6,197.2,199.0,186.7,185.6
ED-0034,1744,29:04,190.5,192.8,201.5,190.6,193.2,189.2,197.2,189.3,196.6,200.9,187.8,186.3
ED-0034,1745,29:05,188.8,191.5,202.0,189.6,194.1,186.2,196.8,189.9,195.2,200.8,186.9,185.0
ED-0034,1746,29:06,190.3,193.2,200.1,191.1,194.6,187.4,197.6,190.3,197.9,198.5,189.3,185.9
ED-0034,1747,29:07,189.4,192.9,200.7,190.3,193.4,188.4,198.1,189.0,196.8,200.0,189.8,183.9
ED-0034,1748,29:08,190.1,192.4,201.3,191.2,194.6,189.3,196.8,189.3,195.0,198.8,188.6,186.3
ED-0034,1749,29:09,189.8,193.2,200.5,192.9,194.2,187.7,197.3,190.6,195.4,200.4,189.4,185.6
ED-0034,1750,29:10,189.6,191.6,200.9,191.3,194.1,188.3,197.4,188.0,195.5,199.4,189.6,184.9
ED-0034,1751,29:11,189.3,192.6,201.1,190.6,195.5,186.3,196.0,188.8,197.0,200.3,187.5,185.6
ED-0034,1752,29:12,189.4,192.7,201.2,190.4,193.3,188.7,196.5,189.3,195.4,200.0,189.7,184.3
ED-0034,1753,29:13,188.7,192.6,200.4,193.3,193.7,188.3,197.6,190.3,195.1,199.0,188.3,185.1
ED-0034,1754,29:14,188.4,192.6,200.9,190.6,193.5,189.1,198.4,189.9,195.9,200.0,187.4,186.8
ED-0034,1755,29:15,189.4,192.0,200.4,189.8,194.4,187.2,198.7,188.8,196.0,201.1,189.8,186.8
ED-0034,1756,29:16,190.3,192.2,200.7,189.2,194.2,188.1,196.1,189.8,196.8,199.3,187.3,184.5
ED-0034,1757,29:17,190.6,192.5,201.7,191.9,193.8,188.0,197.2,189.4,196.4,199.0,187.2,185.3
ED-0034,1758,29:18,187.6,192.7,199.6,190.8,195.6,189.2,197.7,189.0,199.1,200.6,188.3,187.0
ED-0034,1759,29:19,188.9,191.8,200.8,191.0,197.0,189.5,198.5,190.9,195.3,201.4,187.6,186.3
ED-0034,1760,29:20,190.8,194.0,200.1,190.0,195.3,187.9,197.1,189.3,195.4,201.6,188.8,186.5
ED-0034,1761,29:21,190.3,192.9,199.5,190.2,193.2,187.3,198.6,189.1,196.3,198.3,188.5,187.0
ED-0034,1762,29:22,190.2,192.4,201.1,190.9,193.1,187.6,198.0,190.9,195.5,201.2,187.9,184.7
ED-0034,1763,29:23,188.0,192.0,200.7,192.3,195.0,189.1,198.3,191.5,198.5,199.0,188.3,186.6
ED-0034,1764,29:24,189.1,194.1,199.2,191.6,194.1,188.4,196.7,190.7,194.9,200.3,187.7,186.1
ED-0034,1765,29:25,188.5,193.2,201.1,191.8,193.6,186.3,198.3,190.6,195.7,199.5,188.5,183.2
ED-0034,1766,29:26,189.3,193.1,200.2,191.7,194.7,187.4,198.1,188.8,198.0,199.4,188.7,185.6
ED-0034,1767,29:27,190.7,193.4,199.5,192.7,193.4,187.3,197.2,188.8,196.5,199.4,186.6,185.4
ED-0034,1768,29:28,189.5,194.3,200.6,191.6,195.0,187.7,198.0,190.3,197.9,200.1,188.2,186.5
ED-0034,1769,29:29,189.5,193.9,200.7,191.4,193.6,189.1,197.2,189.5,194.8,199.5,189.4,186.1
ED-0034,1770,29:30,188.1,192.6,199.9,191.3,194.9,188.1,196.9,190.3,196.8,199.2,188.9,185.6
ED-0034,1771,29:31,189.0,192.5,200.3,190.2,193.5,188.4,199.0,191.5,195.4,201.1,190.2,185.9
ED-0034,1772,29:32,188.2,192.8,200.5,190.5,194.6,187.5,197.8,188.7,195.2,198.3,188.9,187.3
ED-0034,1773,29:33,189.1,193.8,200.8,192.6,193.2,187.5,198.1,190.8,196.2,199.5,189.2,184.7
ED-0034,1774,29:34,189.0,195.2,200.4,190.7,195.1,188.3,197.8,189.2,196.8,199.4,188.5,186.8
ED-0034,1775,29:35,187.5,191.9,201.1,192.2,195.8,190.1,197.4,189.5,195.4,200.5,187.4,185.4
ED-0034,1776,29:36,189.1,192.2,200.5,189.5,195.1,187.1,197.6,189.8,197.4,199.0,188.7,186.6
ED-0034,1777,29:37,190.7,192.7,202.3,190.8,194.4,187.8,196.3,189.4,195.8,199.3,187.7,187.0
ED-0034,1778,29:38,189.2,193.4,198.9,192.5,193.3,189.1,197.9,189.5,197.2,198.4,187.4,185.5
ED-0034,1779,29:39,188.0,192.5,200.2,190.4,195.4,187.6,198.1,187.5,195.9,199.2,188.3,184.4
ED-0034,1780,29:40,189.8,192.6,199.6,191.7,193.5,189.0,198.0,190.6,198.0,200.3,187.9,186.0
ED-0034,1781,29:41,188.4,192.2,200.6,191.5,194.3,188.3,197.5,189.5,195.3,200.7,188.2,186.0
ED-0034,1782,29:42,188.4,191.7,200.7,190.8,194.0,188.4,197.7,188.5,194.7,199.6,188.7,185.3
ED-0034,1783,29:43,188.4,192.2,200.9,189.9,195.4,187.9,197.8,189.8,196.0,199.6,189.3,184.3
ED-0034,1784,29:44,189.5,193.3,199.7,191.8,194.1,187.8,197.5,188.6,196.9,200.1,188.1,185.4
ED-0034,1785,29:45,188.7,193.7,200.1,191.1,194.6,190.3,196.7,189.5,197.6,199.2,189.8,185.9
ED-0034,1786,29:46,189.7,191.1,203.0,192.0,193.4,187.1,198.7,189.5,196.6,200.1,188.8,186.5
ED-0034,1787,29:47,188.1,192.1,200.9,192.4,194.1,187.3,198.3,190.6,197.3,201.0,188.9,185.0
ED-0034,1788,29:48,189.9,192.5,202.3,191.2,193.3,187.7,198.1,190.3,195.8,201.5,189.4,185.2
ED-0034,1789,29:49,188.4,191.6,200.1,193.0,194.7,189.1,198.0,188.7,197.3,200.9,189.5,185.9
ED-0034,1790,29:50,189.3,193.9,200.2,191.4,194.1,188.6,197.7,190.7,196.8,199.5,189.7,186.1
ED-0034,1791,29:51,187.9,194.0,199.3,190.7,194.5,189.1,195.8,187.6,197.4,198.6,188.6,187.5
ED-0034,1792,29:52,189.5,193.2,199.0,190.8,195.7,187.0,197.1,187.9,196.8,200.2,188.7,184.9
ED-0034,1793,29:53,188.9,192.2,200.4,190.4,193.2,188.3,198.9,188.9,196.2,200.0,188.0,187.1
ED-0034,1794,29:54,189.0,192.8,201.6,191.5,195.0,187.7,196.7,190.3,197.0,200.8,187.1,186.8
ED-0034,1795,29:55,189.0,193.8,200.6,190.5,194.6,188.8,196.6,189.3,196.5,201.7,187.7,185.2
ED-0034,1796,29:56,188.8,192.8,201.7,192.8,193.4,189.1,197.5,189.1,196.3,199.2,187.8,183.6
ED-0034,1797,29:57,188.8,191.8,201.8,192.1,195.6,187.7,197.5,188.8,196.3,198.1,186.9,185.1
ED-0034,1798,29:58,189.7,193.7,199.1,189.9,194.8,188.0,196.5,190.6,195.6,201.2,187.6,186.4
ED-0034,1799,29:59,189.1,191.2,201.1,191.1,194.6,187.8,198.7,189.9,195.7,199.2,187.1,185.1
ED-0034,1800,30:00,187.8,192.6,201.9,190.9,194.3,188.5,196.0,188.8,195.4,199.6,189.6,188.2
ED-0034,1801,30:01,186.4,193.1,199.4,193.7,194.7,188.6,197.0,190.1,195.4,199.9,188.0,185.9
ED-0034,1802,30:02,189.9,192.2,200.5,191.5,194.3,188.3,198.7,189.4,196.9,201.1,189.4,187.0
ED-0034,1803,30:03,189.2,193.0,201.1,191.2,195.8,188.9,198.2,189.1,196.2,201.3,189.1,185.5
ED-0034,1804,30:04,189.2,192.3,200.1,191.7,194.7,188.0,197.3,187.9,195.8,199.6,189.1,186.4
ED-0034,1805,30:05,187.9,191.5,200.8,191.4,195.0,187.6,197.7,190.7,195.6,201.4,189.0,185.7
ED-0034,1806,30:06,190.4,194.0,199.5,190.1,193.7,189.1,197.2,189.2,196.6,199.3,189.0,186.4
ED-0034,1807,30:07,189.5,193.1,200.4,190.8,194.9,187.5,199.0,188.7,196.9,199.1,188.8,186.6
ED-0034,1808,30:08,189.3,193.1,200.4,191.1,194.5,186.9,198.8,191.0,196.1,199.4,187.8,184.3
ED-0034,1809,30:09,189.6,191.3,198.6,191.1,194.4,186.7,196.6,191.2,197.2,200.9,189.0,186.1
ED-0034,1810,30:10,188.9,191.7,201.0,190.4,194.5,188.1,196.8,190.2,197.0,200.8,188.5,185.5
ED-0034,1811,30:11,188.9,193.7,202.5,191.2,195.1,186.9,197.0,188.8,196.7,201.4,188.8,185.1
ED-0034,1812,30:12,188.3,192.7,201.7,190.7,194.3,188.3,197.0,189.1,195.8,199.8,188.9,185.5
ED-0034,1813,30:13,189.7,193.3,201.3,191.8,192.9,189.1,197.7,188.9,197.7,199.7,190.1,187.1
ED-0034,1814,30:14,188.9,192.2,201.4,191.1,193.6,186.9,196.1,189.9,196.1,199.9,187.1,186.3
ED-0034,1815,30:15,189.1,192.7,200.1,190.7,195.3,189.8,197.4,189.2,196.5,198.7,189.0,186.3
ED-0034,1816,30:16,189.0,192.0,200.5,191.0,193.9,189.3,197.2,189.3,197.0,199.5,187.6,186.3
ED-0034,1817,30:17,190.7,193.8,201.3,191.3,193.2,186.4,198.2,189.2,196.5,202.1,187.5,186.2
ED-0034,1818,30:18,189.4,192.5,202.0,190.3,196.0,186.5,197.6,189.0,197.3,199.4,189.6,184.0
ED-0034,1819,30:19,188.8,193.1,199.1,191.4,194.9,188.3,197.7,188.8,194.8,198.8,188.0,184.3
ED-0034,1820,30:20,190.2,193.4,201.6,191.7,194.6,186.7,197.3,191.0,195.6,200.1,187.3,185.5
ED-0034,1821,30:21,189.4,193.6,201.5,190.2,193.4,187.3,198.6,189.5,196.2,199.4,189.2,185.1
ED-0034,1822,30:22,188.3,191.7,200.5,192.0,195.1,187.6,197.5,189.6,195.4,199.7,186.4,184.7
ED-0034,1823,30:23,188.7,192.9,200.0,190.8,194.5,188.5,197.5,190.3,196.7,197.8,188.2,186.2
ED-0034,1824,30:24,188.7,193.4,200.1,190.6,193.4,188.7,197.5,189.9,196.5,199.0,188.3,186.0
ED-0034,1825,30:25,189.5,193.6,199.6,191.9,193.7,188.5,199.1,190.4,196.2,198.0,188.5,185.2
ED-0034,1826,30:26,187.4,193.0,198.7,190.9,193.3,188.1,197.2,189.9,198.5,197.7,188.7,184.0
ED-0034,1827,30:27,190.1,193.8,198.9,192.0,195.6,188.0,197.6,188.8,195.3,196.5,187.3,186.0
ED-0034,1828,30:28,189.5,191.5,198.8,189.9,194.9,187.2,198.0,190.5,196.4,196.6,190.0,186.0
ED-0034,1829,30:29,189.2,192.0,197.9,189.9,195.6,188.2,196.2,190.5,196.6,196.3,189.2,186.4
ED-0034,1830,30:30,188.8,191.8,197.4,190.3,194.0,188.3,197.1,189.4,195.9,195.5,187.8,184.5
ED-0034,1831,30:31,189.8,191.2,196.9,189.4,195.4,188.9,197.7,189.5,195.2,196.5,188.9,185.4
ED-0034,1832,30:32,188.3,190.6,196.3,189.2,196.0,187.9,197.7,190.4,194.7,194.4,188.1,186.1
ED-0034,1833,30:33,191.2,189.9,195.7,189.6,194.5,187.9,199.1,190.1,195.0,194.9,187.7,186.4
ED-0034,1834,30:34,188.6,188.7,195.3,188.7,194.2,187.3,196.9,190.8,193.1,194.4,187.9,185.5
ED-0034,1835,30:35,188.8,189.9,196.1,188.2,194.3,187.5,198.0,189.5,194.4,193.9,186.6,184.8
ED-0034,1836,30:36,189.5,189.7,194.3,188.3,194.9,187.2,196.7,188.6,193.4,193.6,186.3,187.2
ED-0034,1837,30:37,190.5,189.1,194.3,187.9,193.6,187.8,197.6,189.7,192.9,192.5,186.1,184.1
ED-0034,1838,30:38,189.4,188.4,194.4,187.9,194.3,188.4,196.0,189.3,191.9,192.3,185.8,186.7
ED-0034,1839,30:39,190.4,188.4,193.5,186.1,193.1,187.2,197.4,190.4,192.0,192.5,186.0,186.5
ED-0034,1840,30:40,189.3,187.2,192.4,186.8,195.7,189.0,199.6,190.9,191.8,192.2,185.2,186.7
ED-0034,1841,30:41,189.0,187.9,192.8,186.5,194.1,188.8,197.7,187.3,191.4,191.2,185.1,186.0
ED-0034,1842,30:42,188.1,187.1,192.5,185.6,196.0,188.8,197.2,190.2,191.1,191.7,184.3,184.8
ED-0034,1843,30:43,188.3,185.6,191.9,185.8,194.8,188.3,198.3,189.9,191.3,191.4,184.3,186.3
ED-0034,1844,30:44,189.7,185.7,192.2,184.8,193.6,188.4,198.1,191.5,190.3,189.8,183.7,186.2
ED-0034,1845,30:45,188.7,185.0,191.1,185.1,195.2,189.0,197.4,189.7,189.3,189.7,183.1,186.1
ED-0034,1846,30:46,188.2,185.8,190.7,184.6,194.9,188.7,197.9,190.1,189.3,189.3,183.2,186.4
ED-0034,1847,30:47,188.7,184.9,189.9,183.3,193.0,188.0,197.0,190.4,189.2,189.2,182.2,185.8
ED-0034,1848,30:48,187.1,184.5,190.1,183.3,194.9,188.6,197.4,190.1,188.5,189.6,182.5,185.4
ED-0034,1849,30:49,187.2,183.5,189.6,183.0,193.3,188.1,198.4,190.0,188.8,188.2,182.4,186.0
ED-0034,1850,30:50,187.1,183.0,189.7,183.0,193.8,188.2,195.8,189.5,187.7,188.7,181.7,185.6
ED-0034,1851,30:51,186.6,183.8,188.3,182.0,194.2,188.1,196.8,189.1,187.0,188.1,181.8,185.2
ED-0034,1852,30:52,187.1,183.5,188.0,181.8,195.9,189.2,196.6,190.2,187.6,187.9,180.2,184.5
ED-0034,1853,30:53,186.3,182.5,189.1,181.6,194.2,188.6,197.2,191.3,187.4,187.7,180.1,184.3
ED-0034,1854,30:54,186.0,182.3,187.3,180.7,194.7,188.3,197.1,188.3,185.9,186.0,180.1,184.1
ED-0034,1855,30:55,186.2,181.0,188.1,181.7,192.9,188.6,197.0,187.9,185.9,185.8,178.8,184.5
ED-0034,1856,30:56,185.2,181.0,187.1,180.8,195.1,188.2,197.3,189.5,186.0,185.6,179.2,183.2
ED-0034,1857,30:57,184.8,180.5,186.8,179.8,194.2,188.3,197.2,189.3,184.9,185.6,178.3,181.8
ED-0034,1858,30:58,184.8,180.8,186.7,180.4,194.4,189.0,196.8,188.1,184.5,184.6,178.9,182.2
ED-0034,1859,30:59,183.8,180.1,186.0,178.8,194.2,187.4,198.9,188.0,184.4,184.5,177.2,180.8
ED-0034,1860,31:00,183.4,179.1,185.5,178.5,194.5,187.3,197.6,187.1,183.5,184.0,177.5,182.1
ED-0034,1861,31:01,183.6,179.6,185.6,179.2,194.6,188.6,199.0,187.1,183.5,183.4,177.6,180.4
ED-0034,1862,31:02,182.9,179.0,185.0,177.8,193.5,187.6,198.4,186.4,182.7,183.6,176.0,181.8
ED-0034,1863,31:03,182.9,178.4,184.3,177.5,192.8,189.5,198.7,186.1,183.2,182.8,176.8,180.5
ED-0034,1864,31:04,182.8,177.7,184.7,177.6,192.8,189.5,197.4,186.3,182.3,182.6,175.9,179.7
ED-0034,1865,31:05,181.8,176.7,184.2,177.7,191.7,189.9,197.0,185.4,181.2,182.4,175.5,179.8
ED-0034,1866,31:06,182.0,177.4,184.3,176.4,191.5,188.3,196.7,184.2,181.4,182.2,176.2,178.9
ED-0034,1867,31:07,181.1,177.3,182.3,175.3,191.7,187.3,196.0,183.8,181.2,182.1,174.7,178.9
ED-0034,1868,31:08,180.4,177.3,182.4,176.6,191.0,187.9,195.0,184.4,181.0,182.6,175.2,178.8
ED-0034,1869,31:09,181.2,175.6,182.9,175.5,189.9,186.2,194.7,183.6,179.4,180.6,174.0,178.3
ED-0034,1870,31:10,181.0,175.1,182.2,175.2,190.0,187.5,195.0,183.2,180.6,180.9,173.0,177.5
ED-0034,1871,31:11,179.8,175.7,182.2,175.5,189.9,186.2,194.6,182.0,179.6,180.1,173.7,177.5
ED-0034,1872,31:12,179.6,176.0,181.1,174.5,189.0,185.0,193.1,182.1,180.1,179.7,172.9,177.6
ED-0034,1873,31:13,179.9,173.7,181.5,175.2,188.6,185.7,192.9,182.4,179.0,178.9,172.3,177.3
ED-0034,1874,31:14,179.5,174.7,179.6,174.5,189.8,185.8,192.9,181.8,178.7,179.5,172.9,177.3
ED-0034,1875,31:15,179.5,173.8,180.0,173.7,188.0,184.4,192.7,181.7,178.4,179.2,172.5,177.1
ED-0034,1876,31:16,179.2,173.7,180.1,173.2,188.3,183.9,192.0,180.9,178.6,179.2,172.2,176.7
ED-0034,1877,31:17,178.1,173.9,179.6,172.6,187.6,183.6,192.1,180.4,177.4,177.8,171.8,176.2
ED-0034,1878,31:18,177.8,172.8,178.3,172.1,186.2,183.9,189.9,179.8,177.2,178.2,171.1,176.5
ED-0034,1879,31:19,177.3,171.8,179.7,172.5,186.7,183.1,189.9,179.2,176.5,178.0,170.3,175.0
ED-0034,1880,31:20,176.7,172.1,178.2,171.3,185.8,183.2,190.2,179.0,176.8,177.5,169.8,174.7
ED-0034,1881,31:21,177.1,171.9,177.4,170.5,184.8,182.5,191.3,178.0,176.6,176.4,169.9,174.5
ED-0034,1882,31:22,175.4,170.4,177.3,170.9,184.7,181.5,189.5,178.7,176.0,176.6,169.5,174.6
ED-0034,1883,31:23,176.6,170.7,177.2,171.3,185.2,181.2,189.2,177.8,175.9,176.7,169.7,174.9
ED-0034,1884,31:24,175.8,170.8,177.4,171.2,184.8,180.2,188.6,177.5,176.2,175.9,168.5,173.3
ED-0034,1885,31:25,175.7,170.0,176.3,170.0,183.4,181.0,187.1,177.0,175.6,175.2,169.4,173.4
ED-0034,1886,31:26,175.9,170.4,175.6,169.5,182.8,180.4,188.3,176.9,174.5,174.6,167.6,172.5
ED-0034,1887,31:27,174.9,168.8,176.1,169.4,182.8,180.6,186.7,176.4,173.8,174.2,168.6,172.4
ED-0034,1888,31:28,174.2,169.0,174.8,169.4,181.2,179.2,187.1,175.9,173.2,173.5,167.1,172.7
ED-0034,1889,31:29,174.4,168.9,175.5,169.5,182.0,179.4,186.3,176.3,172.3,174.1,167.0,171.1
ED-0034,1890,31:30,174.0,168.9,174.9,169.1,181.5,179.2,186.6,175.1,173.9,173.6,167.0,170.8
ED-0034,1891,31:31,173.7,168.1,174.5,168.0,181.4,178.1,186.4,173.9,171.6,172.7,166.3,172.0
ED-0034,1892,31:32,174.1,168.2,174.9,168.3,179.8,177.6,184.8,174.2,172.0,172.8,165.8,171.4
ED-0034,1893,31:33,172.3,167.8,174.3,167.1,180.7,177.4,183.9,173.9,172.1,172.0,166.2,170.4
ED-0034,1894,31:34,172.8,166.6,173.2,167.8,179.9,177.6,184.5,172.8,172.0,172.1,164.4,169.6
ED-0034,1895,31:35,172.6,167.5,172.7,165.6,179.9,176.6,183.4,172.5,171.0,172.9,165.4,169.0
ED-0034,1896,31:36,172.8,166.2,173.3,165.5,179.6,176.6,183.5,172.4,171.1,172.2,164.6,169.4
ED-0034,1897,31:37,171.4,166.6,172.1,166.1,179.2,176.2,182.5,171.9,170.5,171.0,163.4,168.9
ED-0034,1898,31:38,172.7,165.4,172.0,165.8,178.5,175.8,181.2,172.0,170.3,171.0,163.6,168.9
ED-0034,1899,31:39,171.4,165.1,172.2,165.7,178.9,174.0,182.4,171.9,170.0,170.9,163.5,169.9
ED-0034,1900,31:40,171.6,164.8,172.0,165.4,177.7,173.5,181.2,171.2,169.3,171.0,162.7,168.4
ED-0034,1901,31:41,170.2,164.3,171.6,165.4,176.2,173.3,180.9,171.4,169.5,170.0,163.0,166.9
ED-0034,1902,31:42,170.5,164.6,171.1,164.7,175.9,173.1,180.9,171.5,169.5,169.8,162.9,169.1
ED-0034,1903,31:43,170.7,164.4,170.4,163.8,177.0,173.1,179.9,169.9,168.9,169.6,162.0,167.2
ED-0034,1904,31:44,170.4,163.6,169.9,164.5,175.8,172.0,179.9,169.9,167.9,168.5,162.4,167.9
ED-0034,1905,31:45,169.3,164.1,169.2,164.8,176.0,172.7,179.6,169.6,168.3,168.2,161.8,167.4
ED-0034,1906,31:46,168.9,162.9,169.3,164.3,176.0,171.4,178.4,169.4,166.8,167.5,160.6,167.6
ED-0034,1907,31:47,168.0,162.4,168.3,162.7,175.1,171.5,178.5,168.0,167.7,168.4,160.2,167.7
ED-0034,1908,31:48,168.5,161.5,168.8,162.2,174.5,170.6,177.9,169.2,167.1,168.4,160.4,166.1
ED-0034,1909,31:49,168.1,161.7,167.9,162.7,173.7,170.3,177.1,168.5,166.3,167.6,159.3,165.9
ED-0034,1910,31:50,167.9,162.0,168.3,161.5,173.2,170.3,179.1,168.0,166.5,167.0,158.9,165.8
ED-0034,1911,31:51,168.0,161.6,168.0,161.9,172.8,169.2,177.3,167.8,166.0,167.4,159.9,165.3
ED-0034,1912,31:52,166.8,160.8,167.5,161.6,172.7,169.5,177.0,167.0,165.5,166.8,158.9,165.0
ED-0034,1913,31:53,167.3,160.3,166.9,160.8,173.4,169.5,176.0,166.0,165.7,166.0,158.3,164.0
ED-0034,1914,31:54,165.9,160.4,166.6,160.5,172.7,169.1,176.0,167.0,165.1,166.1,158.9,164.2
ED-0034,1915,31:55,166.5,159.4,166.0,160.4,172.4,168.5,175.7,165.4,164.6,164.8,158.2,162.7
ED-0034,1916,31:56,166.6,159.1,165.6,160.4,170.5,167.1,174.6,166.1,163.6,165.5,157.6,164.6
ED-0034,1917,31:57,165.5,159.6,165.1,160.1,171.1,168.3,174.9,165.1,163.6,165.1,156.7,164.5
ED-0034,1918,31:58,166.0,158.6,165.9,158.7,170.8,166.4,174.4,164.4,163.5,164.8,156.9,162.7
ED-0034,1919,31:59,164.5,158.7,165.1,159.4,169.8,166.9,172.7,164.3,163.4,163.6,156.9,162.7
ED-0034,1920,32:00,164.5,158.6,164.3,158.5,171.4,166.0,173.9,164.2,163.1,165.0,156.7,162.4
ED-0034,1921,32:01,163.8,157.4,163.9,159.0,169.8,166.2,173.0,162.5,163.3,163.7,156.4,162.3
ED-0034,1922,32:02,164.5,157.5,164.3,157.6,169.2,165.7,173.1,162.7,162.3,162.9,155.5,162.3
ED-0034,1923,32:03,163.6,156.9,163.4,157.9,169.7,165.9,173.2,162.7,162.0,163.8,156.3,162.1
ED-0034,1924,32:04,164.2,157.0,162.4,157.4,168.6,164.2,171.3,162.4,161.7,162.1,154.8,161.4
ED-0034,1925,32:05,163.0,156.4,163.0,157.0,167.7,164.2,171.9,162.8,161.0,162.3,154.5,161.0
ED-0034,1926,32:06,162.8,156.9,163.0,157.1,167.3,165.0,170.5,161.9,160.7,161.4,154.5,161.1
ED-0034,1927,32:07,162.6,155.8,162.8,157.1,167.3,163.9,170.4,161.3,160.2,162.7,155.1,160.2
ED-0034,1928,32:08,162.8,155.9,162.7,155.9,167.8,164.7,170.5,161.2,160.0,160.9,154.5,160.1
ED-0034,1929,32:09,163.0,154.8,161.9,156.1,167.0,163.5,169.1,161.2,159.4,161.6,153.3,159.8
ED-0034,1930,32:10,162.2,156.2,161.4,156.4,166.1,163.0,169.3,159.8,159.6,160.3,154.2,160.4
ED-0034,1931,32:11,161.9,155.0,161.6,155.1,165.8,163.5,170.0,159.8,159.1,160.8,153.0,159.2
ED-0034,1932,32:12,161.5,153.7,160.7,154.9,165.7,161.7,168.3,159.9,159.2,158.9,153.0,159.0
ED-0034,1933,32:13,161.3,154.8,160.4,154.9,165.6,162.4,169.2,159.4,159.8,159.1,152.0,158.8
ED-0034,1934,32:14,161.6,154.2,160.4,154.1,165.3,161.4,168.3,159.0,157.7,160.3,152.1,158.5
ED-0034,1935,32:15,160.6,154.1,160.8,155.3,164.4,161.6,167.6,159.4,158.3,159.4,150.8,158.6
ED-0034,1936,32:16,161.1,154.0,158.8,153.7,163.7,160.5,167.2,157.6,158.4,159.2,152.5,157.7
ED-0034,1937,32:17,161.1,153.3,159.4,154.4,162.9,161.3,167.6,158.7,157.5,158.6,150.9,157.7
ED-0034,1938,32:18,160.5,153.6,159.2,152.9,163.6,160.0,167.0,157.9,158.8,158.3,152.3,157.0
ED-0034,1939,32:19,159.7,152.4,158.0,153.1,163.3,160.3,167.0,157.6,157.2,158.7,149.8,156.0
ED-0034,1940,32:20,158.9,152.0,158.0,152.6,163.7,158.9,165.6,157.1,156.5,158.4,149.8,158.3
ED-0034,1941,32:21,159.2,151.2,157.6,152.0,162.5,158.9,166.2,157.3,155.9,158.0,150.5,156.9
ED-0034,1942,32:22,158.3,151.4,157.2,152.5,161.7,158.5,165.2,156.1,156.9,157.8,149.7,156.0
ED-0034,1943,32:23,158.0,150.7,158.2,152.0,161.9,158.6,165.1,155.9,156.1,155.9,149.0,155.2
ED-0034,1944,32:24,158.2,150.7,157.5,152.0,160.6,157.7,164.3,156.0,155.2,156.9,148.8,155.7
ED-0034,1945,32:25,157.4,150.5,156.4,151.4,161.3,157.4,163.2,155.5,155.1,155.8,148.5,155.2
ED-0034,1946,32:26,157.6,150.8,156.7,151.2,160.5,157.3,163.6,155.1,154.5,156.2,148.0,155.3
ED-0034,1947,32:27,157.5,150.1,156.9,150.8,159.5,156.3,163.5,154.4,154.9,155.9,147.8,155.4
ED-0034,1948,32:28,157.0,150.0,156.3,150.2,159.4,156.4,162.8,154.3,153.9,154.4,147.3,155.1
ED-0034,1949,32:29,155.7,149.1,155.4,150.8,159.7,156.6,162.1,154.4,153.1,155.1,148.0,154.5
ED-0034,1950,32:30,157.0,149.3,155.2,150.0,159.3,155.9,161.7,153.4,153.6,154.1,147.3,154.4
ED-0034,1951,32:31,155.0,148.3,155.1,150.0,158.2,156.1,162.1,153.5,153.0,154.5,146.1,153.2
ED-0034,1952,32:32,156.5,148.9,155.3,149.4,159.0,155.2,161.4,152.8,153.0,154.3,147.6,153.1
ED-0034,1953,32:33,155.9,147.9,154.3,148.7,157.5,156.1,161.6,152.6,153.0,153.7,145.6,153.4
ED-0034,1954,32:34,155.7,146.7,153.7,150.1,158.5,154.8,161.2,152.2,152.3,153.7,146.5,152.9
ED-0034,1955,32:35,155.2,147.3,153.8,148.9,156.4,153.8,159.8,151.7,152.3,153.3,145.7,152.4
ED-0034,1956,32:36,154.4,148.3,153.4,148.0,157.7,153.7,160.1,152.6,152.1,153.6,145.9,152.5
ED-0034,1957,32:37,154.3,147.7,151.9,147.5,156.9,153.1,159.4,152.1,151.9,152.7,145.2,152.5
ED-0034,1958,32:38,154.3,146.6,153.0,147.3,156.0,152.9,159.0,151.3,150.9,152.1,144.8,152.2
ED-0034,1959,32:39,153.1,146.4,151.9,147.0,156.2,152.7,158.4,150.4,150.4,151.6,143.6,150.4
ED-0034,1960,32:40,153.1,145.4,151.8,146.7,156.7,153.2,159.3,151.6,150.2,151.4,144.3,151.7
ED-0034,1961,32:41,153.5,145.9,152.1,148.3,155.8,152.6,158.3,150.6,150.4,151.7,143.8,150.5
ED-0034,1962,32:42,152.9,145.6,152.2,145.5,155.1,152.0,157.6,150.7,150.5,150.8,143.4,151.1
ED-0034,1963,32:43,153.5,145.2,152.5,146.5,155.0,151.4,156.6,150.3,150.2,150.9,143.9,150.2
ED-0034,1964,32:44,151.9,144.9,152.1,145.9,153.9,150.5,157.2,150.2,149.4,149.6,143.1,150.2
ED-0034,1965,32:45,151.4,143.8,150.7,145.8,154.4,151.4,156.6,148.9,149.6,149.9,142.0,150.2
ED-0034,1966,32:46,152.8,143.8,150.4,146.0,153.0,150.2,156.3,148.9,149.0,150.1,142.8,149.9
ED-0034,1967,32:47,151.0,143.5,150.5,145.6,153.2,150.0,155.2,148.3,149.4,149.6,143.0,148.6
ED-0034,1968,32:48,151.3,142.5,150.4,144.5,153.0,149.9,155.2,148.2,148.5,148.7,140.9,149.6
ED-0034,1969,32:49,151.3,143.9,150.2,145.5,152.4,149.7,155.6,147.5,147.8,149.8,140.5,148.3
ED-0034,1970,32:50,150.9,143.3,150.3,145.2,152.2,149.9,155.1,147.3,148.3,148.8,141.2,148.7
ED-0034,1971,32:51,150.1,143.0,148.4,144.9,151.7,149.0,154.4,147.7,147.5,149.2,140.7,148.0
ED-0034,1972,32:52,151.5,142.1,148.5,144.1,151.8,148.2,154.1,146.4,147.2,147.8,140.7,148.3
ED-0034,1973,32:53,150.9,142.0,148.3,143.6,151.2,148.2,154.4,146.8,146.6,148.4,140.6,147.1
ED-0034,1974,32:54,150.4,142.5,148.6,143.5,150.0,148.0,153.6,146.4,147.0,147.7,140.3,148.4
ED-0034,1975,32:55,149.1,142.3,147.7,142.7,150.8,147.4,152.9,145.7,146.4,147.8,140.0,147.7
ED-0034,1976,32:56,148.9,141.0,148.2,142.5,150.8,147.3,152.7,144.5,146.6,147.5,139.2,147.5
ED-0034,1977,32:57,149.0,141.3,147.0,143.1,149.6,146.3,153.0,145.7,146.1,146.4,139.5,147.4
ED-0034,1978,32:58,148.8,141.3,147.6,141.3,150.4,146.5,151.9,144.5,145.4,146.3,139.1,146.9
ED-0034,1979,32:59,148.0,140.6,147.9,142.0,149.6,146.2,151.4,143.8,144.9,146.8,138.8,146.7
ED-0034,1980,33:00,148.6,140.3,146.1,141.9,149.0,146.1,152.2,145.0,144.0,145.0,139.4,146.6
ED-0034,1981,33:01,148.9,139.8,145.8,142.2,148.8,146.5,151.2,144.8,144.8,145.9,138.6,146.0
ED-0034,1982,33:02,148.9,140.0,145.6,141.3,148.5,145.4,150.5,143.5,144.5,145.9,137.9,145.0
ED-0034,1983,33:03,147.0,139.7,145.6,141.2,149.8,144.6,150.2,143.6,144.9,144.3,138.3,144.7
ED-0034,1984,33:04,147.3,140.0,145.6,140.5,147.7,144.7,150.8,142.5,143.5,145.4,137.6,145.3
ED-0034,1985,33:05,147.4,139.3,146.1,140.0,147.1,144.4,149.7,141.8,142.9,145.3,137.6,144.2
ED-0034,1986,33:06,146.3,139.1,145.1,139.9,147.9,144.4,149.3,142.8,143.1,144.5,137.2,144.5
ED-0034,1987,33:07,146.3,139.0,145.4,139.8,147.6,144.1,149.3,142.4,143.0,143.3,137.5,144.0
ED-0034,1988,33:08,146.4,138.6,144.2,139.9,146.9,144.0,148.0,141.6,143.2,142.8,136.5,143.5
ED-0034,1989,33:09,145.9,137.8,144.2,138.7,146.2,142.9,147.9,142.3,141.9,143.5,136.1,143.8
ED-0034,1990,33:10,145.6,138.2,143.6,139.5,146.8,142.9,147.6,141.1,142.5,143.6,135.7,144.4
ED-0034,1991,33:11,144.8,137.8,143.4,138.8,146.3,142.7,147.9,140.8,141.8,143.6,134.7,142.4
ED-0034,1992,33:12,144.7,137.0,142.9,137.9,144.7,141.2,148.2,140.0,141.7,142.6,136.1,143.0
ED-0034,1993,33:13,145.4,137.8,142.9,138.3,145.0,141.8,146.9,140.3,141.9,143.1,134.6,142.7
ED-0034,1994,33:14,145.3,136.7,143.2,137.9,144.7,142.0,147.0,140.6,140.8,142.2,135.0,142.5
ED-0034,1995,33:15,145.4,136.7,142.4,137.1,145.6,141.8,146.8,141.0,141.6,142.2,134.8,141.4
ED-0034,1996,33:16,144.0,136.0,142.1,137.0,144.9,141.2,147.1,139.3,141.3,142.2,133.6,142.1
ED-0034,1997,33:17,143.9,135.9,142.5,137.2,144.3,140.9,145.5,138.8,140.5,141.9,133.1,141.6
ED-0034,1998,33:18,143.8,135.4,142.6,137.6,144.1,140.7,146.2,138.8,140.0,141.5,133.3,141.0
ED-0034,1999,33:19,143.9,134.9,140.8,135.9,143.3,140.0,145.4,139.3,139.3,141.6,134.1,141.8
ED-0034,2000,33:20,143.4,135.2,141.7,135.7,143.0,140.3,144.6,138.7,139.6,139.9,133.3,140.9
ED-0034,2001,33:21,143.4,134.4,141.6,137.7,143.0,139.4,144.5,137.9,139.6,140.7,132.3,140.8
ED-0034,2002,33:22,143.2,134.7,140.3,136.5,142.5,139.7,144.5,138.0,138.8,141.9,133.4,141.5
ED-0034,2003,33:23,142.0,133.8,140.4,135.0,141.3,138.5,143.6,137.0,138.3,140.4,133.4,140.0
ED-0034,2004,33:24,141.6,134.1,139.9,135.1,141.4,139.5,144.2,137.6,138.3,139.8,131.7,139.7
ED-0034,2005,33:25,142.2,133.5,139.6,135.1,141.1,138.5,142.8,137.2,138.5,139.7,132.0,139.0
ED-0034,2006,33:26,142.0,133.0,139.9,134.6,141.3,137.5,143.8,136.9,137.4,139.2,131.5,139.9
ED-0034,2007,33:27,141.2,134.2,140.0,133.9,141.1,138.0,142.8,137.2,137.9,139.0,132.4,138.8
ED-0034,2008,33:28,141.8,133.1,138.4,134.5,141.5,137.6,142.4,137.0,137.5,138.3,131.3,138.8
ED-0034,2009,33:29,141.4,132.1,138.3,134.5,140.7,138.0,141.6,136.3,137.4,138.7,131.2,139.0
ED-0034,2010,33:30,139.8,132.1,139.1,133.2,139.3,137.0,141.2,136.6,137.7,138.4,130.6,137.9
ED-0034,2011,33:31,141.3,131.1,137.6,133.2,139.7,136.2,141.5,135.9,136.6,137.1,130.3,138.6
ED-0034,2012,33:32,141.2,131.8,137.5,133.5,139.4,136.7,142.1,135.9,135.1,138.1,130.5,138.0
ED-0034,2013,33:33,140.7,131.5,138.5,133.3,139.6,136.2,141.7,134.4,135.7,137.7,129.2,138.3
ED-0034,2014,33:34,139.9,131.6,138.9,133.5,139.0,136.5,140.2,135.4,136.2,138.0,130.0,137.3
ED-0034,2015,33:35,139.3,130.6,137.2,133.1,138.3,136.0,140.3,134.4,135.4,137.2,128.6,137.6
ED-0034,2016,33:36,139.5,131.2,136.9,132.8,138.3,135.9,140.1,133.8,135.8,136.1,129.7,137.2
ED-0034,2017,33:37,138.6,129.9,136.9,132.8,138.1,134.4,138.8,134.4,135.4,136.5,128.6,137.0
ED-0034,2018,33:38,138.3,130.5,136.9,131.3,137.7,134.6,139.0,133.0,134.7,136.9,129.2,136.1
ED-0034,2019,33:39,138.5,130.3,136.2,131.1,137.5,134.7,138.7,133.6,135.3,135.4,128.8,136.6
ED-0034,2020,33:40,138.3,129.5,136.5,131.0,137.3,135.7,138.4,132.6,134.5,135.3,128.5,136.6
ED-0034,2021,33:41,138.7,130.0,136.1,131.3,136.7,133.3,139.4,132.7,134.3,135.4,128.4,136.3
ED-0034,2022,33:42,138.0,129.9,135.7,131.6,136.1,134.0,137.9,133.3,133.8,136.1,127.8,135.6
ED-0034,2023,33:43,138.2,128.5,135.7,131.1,136.9,133.8,138.1,131.6,134.9,135.7,127.1,134.9
ED-0034,2024,33:44,137.6,128.7,135.5,129.6,136.5,133.5,138.7,131.2,133.7,135.2,127.2,134.7
ED-0034,2025,33:45,137.8,128.6,134.5,129.6,136.3,132.2,137.7,131.9,133.6,134.2,126.7,135.5
ED-0034,2026,33:46,136.7,129.0,134.8,130.0,135.1,132.1,137.5,132.4,133.4,134.6,126.9,135.4
ED-0034,2027,33:47,137.4,128.9,134.2,130.3,135.3,132.5,136.0,131.5,132.8,133.3,126.1,135.3
ED-0034,2028,33:48,136.1,128.1,133.5,131.0,134.9,131.5,136.6,130.9,132.3,133.7,125.9,134.4
ED-0034,2029,33:49,135.6,127.6,133.6,128.8,134.9,131.6,136.2,130.8,132.3,133.7,125.4,134.5
ED-0034,2030,33:50,136.8,127.7,133.5,128.5,134.5,132.0,135.9,131.0,133.1,132.5,126.0,133.2
ED-0034,2031,33:51,135.7,127.5,133.4,128.4,134.8,131.0,135.8,129.6,131.9,133.4,123.9,133.6
ED-0034,2032,33:52,136.1,126.3,133.4,128.5,134.0,130.1,135.4,130.0,132.2,132.1,125.3,133.1
ED-0034,2033,33:53,136.1,126.7,133.6,128.6,134.1,130.2,135.0,129.5,131.6,132.2,124.9,133.4
ED-0034,2034,33:54,135.2,126.2,132.6,128.8,133.3,130.1,135.2,129.6,131.5,131.9,124.3,132.6
ED-0034,2035,33:55,135.4,126.6,132.2,128.2,133.0,129.7,134.5,128.5,131.3,132.1,124.0,132.3
ED-0034,2036,33:56,134.4,126.7,131.5,128.0,133.0,129.0,134.6,128.6,130.5,131.7,123.5,132.8
ED-0034,2037,33:57,135.2,126.4,130.9,127.5,132.1,129.0,133.3,128.5,131.5,131.4,124.5,133.0
ED-0034,2038,33:58,134.3,125.0,131.8,127.3,132.3,129.3,133.4,128.0,129.6,131.1,125.0,130.9
ED-0034,2039,33:59,134.7,125.4,132.1,126.5,131.5,129.2,132.9,128.3,130.1,130.4,123.4,131.1
ED-0034,2040,34:00,134.7,125.0,131.5,126.1,131.1,128.0,133.3,127.6,129.1,131.3,123.1,131.1
ED-0034,2041,34:01,133.8,124.9,132.1,126.4,131.4,127.6,133.5,126.7,128.9,131.5,123.5,131.1
ED-0034,2042,34:02,133.3,123.6,130.7,126.3,131.3,129.1,133.1,127.5,128.8,130.4,123.1,131.2
ED-0034,2043,34:03,133.4,124.1,130.6,126.5,130.4,127.5,132.2,127.3,129.6,128.7,122.8,129.9
ED-0034,2044,34:04,132.2,124.9,130.3,125.7,131.0,127.1,130.8,126.9,127.7,129.5,123.4,131.2
ED-0034,2045,34:05,132.7,124.3,129.4,125.8,130.6,127.3,131.5,127.1,127.9,129.7,121.5,130.8
ED-0034,2046,34:06,132.9,123.6,129.2,125.2,131.3,126.2,131.4,126.6,127.5,129.8,121.4,129.6
ED-0034,2047,34:07,133.0,123.3,129.9,125.0,129.4,126.3,130.3,125.4,128.1,129.8,121.6,130.4
ED-0034,2048,34:08,132.1,123.2,129.8,125.3,129.9,126.5,131.6,125.6,127.0,129.1,122.1,129.5
ED-0034,2049,34:09,131.4,122.9,128.7,125.0,129.8,126.4,130.5,124.9,127.7,129.2,120.8,128.6
ED-0034,2050,34:10,131.2,122.8,128.6,124.2,129.2,125.3,130.3,125.6,127.2,128.1,120.9,129.2
ED-0034,2051,34:11,132.2,122.3,128.2,124.6,129.0,126.1,129.6,124.8,127.3,129.0,120.6,129.0
ED-0034,2052,34:12,132.0,122.8,128.7,124.4,129.2,125.9,129.9,125.3,128.0,128.7,120.3,127.9
ED-0034,2053,34:13,131.6,122.2,127.8,124.1,128.0,124.7,129.7,124.3,126.4,127.8,121.1,129.2
ED-0034,2054,34:14,131.9,121.5,128.4,124.2,127.8,124.7,128.9,124.3,125.0,127.5,120.0,128.9
ED-0034,2055,34:15,131.2,121.0,126.5,123.0,127.5,123.8,129.3,124.2,125.2,127.4,119.7,128.0
ED-0034,2056,34:16,130.6,121.3,126.7,123.4,127.4,124.2,128.9,123.6,125.2,126.7,120.4,127.2
ED-0034,2057,34:17,129.9,121.4,126.7,123.2,127.7,123.1,128.1,123.2,126.3,126.4,119.5,128.2
ED-0034,2058,34:18,129.6,120.8,126.9,123.1,126.2,124.3,127.5,123.3,124.9,127.0,119.3,127.7
ED-0034,2059,34:19,130.4,119.7,126.4,123.1,126.5,123.1,128.1,124.8,125.5,126.7,119.2,128.2
ED-0034,2060,34:20,128.6,119.1,126.6,122.4,125.6,123.3,128.3,122.5,125.1,126.3,118.0,126.9
ED-0034,2061,34:21,129.0,120.4,125.5,121.4,126.4,123.9,127.1,122.4,125.7,127.0,118.5,126.4
ED-0034,2062,34:22,128.5,119.4,125.9,122.0,126.1,122.5,126.5,122.3,125.0,126.4,118.8,126.6
ED-0034,2063,34:23,128.0,119.9,125.9,122.2,125.6,122.2,126.7,123.2,124.1,124.9,118.2,127.3
ED-0034,2064,34:24,129.0,119.9,124.4,121.6,125.0,122.4,126.3,121.6,123.4,125.3,117.0,127.7
ED-0034,2065,34:25,128.6,118.6,125.0,120.8,124.2,121.8,126.3,121.7,123.3,125.0,117.2,126.6
ED-0034,2066,34:26,128.6,120.0,125.9,121.3,125.1,121.8,125.1,121.5,122.9,124.3,117.2,126.9
ED-0034,2067,34:27,128.2,118.8,125.0,121.0,125.4,121.2,125.6,121.4,123.2,124.7,116.8,125.5
ED-0034,2068,34:28,127.7,118.0,124.4,120.8,124.1,121.5,125.5,120.8,124.2,125.2,117.6,125.1
ED-0034,2069,34:29,128.0,118.8,125.2,120.3,124.4,120.5,125.7,121.0,123.3,124.7,115.6,125.2
ED-0034,2070,34:30,127.5,118.1,124.0,120.6,124.3,119.8,125.7,120.7,121.8,123.7,115.8,125.1
ED-0034,2071,34:31,126.2,118.7,123.4,119.7,123.3,121.2,125.2,120.8,123.2,123.6,115.6,124.8
ED-0034,2072,34:32,126.0,117.2,123.4,119.8,123.8,120.5,124.7,120.7,123.1,123.4,115.8,124.9
ED-0034,2073,34:33,127.2,117.8,123.5,120.1,123.2,120.1,124.0,119.4,122.3,123.7,116.4,124.7
ED-0034,2074,34:34,126.6,117.2,124.4,120.3,122.8,120.1,124.3,119.5,121.8,123.8,116.0,124.3
ED-0034,2075,34:35,126.6,116.4,123.2,119.5,122.3,120.3,124.2,119.4,121.8,122.1,115.7,123.0
ED-0034,2076,34:36,125.9,117.1,123.4,118.6,122.4,120.0,122.8,119.8,121.2,123.0,114.8,123.1
ED-0034,2077,34:37,126.4,116.7,122.7,119.0,122.8,118.8,123.4,119.1,120.3,122.7,116.0,124.1
ED-0034,2078,34:38,126.0,116.2,122.2,118.3,121.9,118.2,122.1,119.6,122.0,122.7,113.7,123.8
ED-0034,2079,34:39,125.9,116.7,122.1,117.4,121.9,119.7,122.8,118.3,121.5,121.6,115.1,123.8
ED-0034,2080,34:40,125.3,116.2,121.4,118.2,122.2,118.2,122.1,118.3,120.3,121.0,114.8,122.8
ED-0034,2081,34:41,124.4,116.2,121.5,117.4,121.1,117.8,122.7,118.9,119.5,121.3,114.3,123.1
ED-0034,2082,34:42,124.3,115.0,121.4,117.9,121.0,117.5,122.3,117.8,119.2,121.8,113.8,122.8
ED-0034,2083,34:43,125.7,115.3,121.1,118.2,120.4,118.0,122.0,117.8,120.1,120.7,114.4,122.6
ED-0034,2084,34:44,124.9,116.0,120.8,117.3,120.8,117.6,121.6,116.8,120.0,120.8,114.6,122.4
ED-0034,2085,34:45,124.9,114.2,120.9,117.4,120.4,118.2,121.9,116.2,118.7,119.4,112.7,122.8
ED-0034,2086,34:46,122.8,114.3,120.2,117.4,120.6,116.7,120.5,117.1,119.3,120.5,112.3,121.7
ED-0034,2087,34:47,123.6,115.1,121.1,116.0,120.0,117.0,120.1,116.8,118.5,120.1,111.6,121.3
ED-0034,2088,34:48,123.2,114.1,120.8,117.1,118.8,117.0,120.3,116.4,118.4,120.4,113.3,121.6
ED-0034,2089,34:49,123.8,113.9,120.3,115.4,118.9,116.2,119.4,115.7,119.2,119.1,112.8,121.5
ED-0034,2090,34:50,124.2,113.9,119.7,116.9,119.1,116.6,120.3,115.3,118.0,119.4,112.2,121.2
ED-0034,2091,34:51,123.1,113.5,119.6,115.7,118.6,116.8,119.4,115.7,118.4,119.5,112.4,121.2
ED-0034,2092,34:52,122.7,113.4,119.5,115.6,118.5,115.6,119.9,116.1,117.4,120.0,112.0,120.7
ED-0034,2093,34:53,122.3,112.6,117.9,115.5,118.1,115.5,119.1,114.9,118.5,118.7,111.8,119.2
ED-0034,2094,34:54,122.5,112.5,118.8,116.3,118.5,115.6,120.0,114.7,117.9,119.3,112.5,120.7
ED-0034,2095,34:55,122.1,113.0,117.9,114.6,117.9,114.0,118.9,114.9,117.0,119.4,111.8,120.4
ED-0034,2096,34:56,122.3,112.4,118.4,114.2,117.1,115.1,117.9,115.8,118.3,118.9,110.9,120.1
ED-0034,2097,34:57,122.6,112.4,117.2,114.4,117.5,114.9,118.6,115.1,117.0,117.9,110.4,120.2
ED-0034,2098,34:58,120.9,112.8,117.8,114.3,116.5,114.5,117.1,114.3,117.1,117.7,109.9,120.3
ED-0034,2099,34:59,122.1,111.9,117.8,114.5,116.3,114.7,117.8,114.6,116.2,118.3,109.7,119.1
ED-0034,2100,35:00,121.2,111.6,118.5,114.2,117.1,113.7,116.8,113.6,116.3,117.5,110.3,118.2
ED-0034,2101,35:01,121.6,111.2,118.1,114.1,116.5,114.6,117.8,114.1,115.7,117.4,109.8,119.3
ED-0034,2102,35:02,120.6,111.6,117.5,112.9,116.6,112.9,116.5,114.2,116.0,116.5,110.6,118.7
ED-0034,2103,35:03,120.9,111.5,116.6,114.2,115.5,113.1,117.1,112.9,116.9,117.9,109.6,117.9
ED-0034,2104,35:04,120.5,110.5,116.1,113.0,116.2,113.8,116.8,113.0,115.4,117.1,108.6,118.7
ED-0034,2105,35:05,121.1,110.8,116.3,112.8,114.8,112.6,116.2,112.6,115.4,116.4,108.9,118.2
ED-0034,2106,35:06,120.2,111.1,117.2,111.9,114.1,112.3,116.2,111.8,114.2,116.6,109.4,117.1
ED-0034,2107,35:07,119.9,110.7,117.1,112.2,115.8,112.8,115.7,112.7,114.9,116.1,109.8,117.4
ED-0034,2108,35:08,120.4,109.5,115.6,112.3,114.6,112.2,116.1,111.6,115.3,116.0,109.3,118.1
ED-0034,2109,35:09,120.2,110.1,114.9,111.4,114.5,111.6,114.9,110.7,114.3,116.3,109.0,116.9
ED-0034,2110,35:10,118.9,110.2,115.9,112.5,114.5,110.9,115.1,111.3,114.3,115.8,107.9,118.3
ED-0034,2111,35:11,119.2,109.5,115.2,112.6,114.6,111.3,115.8,110.7,114.1,114.8,107.9,116.6
ED-0034,2112,35:12,118.7,109.1,114.4,112.0,113.8,111.5,115.1,110.7,113.0,115.7,107.2,116.5
ED-0034,2113,35:13,118.8,108.9,115.2,111.4,113.9,110.9,115.1,110.6,113.3,114.3,108.0,115.7
ED-0034,2114,35:14,118.8,108.7,114.9,110.1,113.2,111.0,113.9,111.1,113.7,114.5,108.3,115.9
ED-0034,2115,35:15,119.0,109.0,114.7,111.5,114.2,110.4,114.4,110.2,113.1,114.1,107.8,116.6
ED-0034,2116,35:16,118.1,108.0,115.1,110.8,113.4,111.2,113.5,110.3,112.4,114.1,107.2,116.8
ED-0034,2117,35:17,118.1,108.2,113.8,109.7,113.5,110.3,114.5,110.8,113.2,114.5,106.3,116.0
ED-0034,2118,35:18,118.2,108.1,114.2,110.5,112.4,110.7,113.9,109.3,111.8,113.6,106.3,115.2
ED-0034,2119,35:19,117.8,108.1,113.3,109.8,112.4,109.5,113.0,109.2,112.7,113.6,106.0,115.9
ED-0034,2120,35:20,117.6,107.7,112.9,109.8,113.0,108.9,112.1,109.9,112.4,113.2,105.6,115.4
ED-0034,2121,35:21,118.0,107.8,113.7,110.6,111.2,109.7,112.7,109.3,112.5,113.7,105.6,115.5
ED-0034,2122,35:22,116.7,107.8,113.7,109.6,111.3,109.0,111.6,109.7,111.4,112.9,105.6,114.8
ED-0034,2123,35:23,117.0,107.1,112.9,109.6,112.0,109.1,112.0,109.2,111.6,112.9,106.3,114.0
ED-0034,2124,35:24,116.5,107.7,112.9,109.2,111.3,109.0,111.2,108.0,110.6,112.2,105.0,114.6
ED-0034,2125,35:25,116.2,107.0,112.5,108.4,111.3,108.8,111.6,109.2,110.8,111.8,105.1,114.5
ED-0034,2126,35:26,116.7,106.2,112.4,109.2,110.2,107.8,112.1,108.0,111.1,113.0,105.5,113.9
ED-0034,2127,35:27,115.8,106.4,111.6,109.3,111.2,107.6,111.0,107.9,111.4,112.6,105.4,114.4
ED-0034,2128,35:28,115.6,107.0,111.7,108.5,110.8,107.4,110.7,108.1,110.7,112.1,105.1,114.7
ED-0034,2129,35:29,115.6,106.6,111.3,108.9,110.2,107.2,111.4,107.5,110.7,111.4,104.3,113.4
ED-0034,2130,35:30,115.6,106.9,112.1,107.2,109.8,107.6,110.1,107.6,110.9,112.8,105.0,113.0
ED-0034,2131,35:31,115.1,105.5,110.7,107.6,109.9,106.6,110.4,107.9,110.1,111.5,104.4,113.1
ED-0034,2132,35:32,115.0,105.6,112.8,108.1,110.7,107.4,110.8,107.0,109.8,111.1,103.6,112.6
ED-0034,2133,35:33,114.9,105.0,110.6,108.5,110.0,105.9,109.3,107.0,109.7,111.7,104.2,112.5
ED-0034,2134,35:34,115.3,105.8,111.0,107.0,109.4,106.4,110.1,106.0,109.3,110.6,104.5,113.0
ED-0034,2135,35:35,114.7,105.2,110.9,107.1,109.2,106.2,109.7,106.8,109.2,110.7,104.8,111.8
ED-0034,2136,35:36,114.8,104.9,110.3,106.6,109.4,105.9,109.5,106.2,109.2,110.6,103.8,112.1
ED-0034,2137,35:37,114.4,105.4,109.9,106.6,108.9,106.6,109.8,106.4,109.0,110.0,103.8,112.6
ED-0034,2138,35:38,114.5,105.1,110.6,106.9,108.6,105.5,109.1,106.6,108.8,110.7,102.9,112.1
ED-0034,2139,35:39,113.3,104.4,110.9,106.5,108.3,105.4,109.2,105.6,107.8,109.5,103.4,111.2
ED-0034,2140,35:40,113.3,103.9,110.5,105.9,109.4,106.3,108.9,104.9,108.1,109.0,103.0,111.8
ED-0034,2141,35:41,113.8,103.7,110.3,107.6,107.0,105.2,108.5,104.6,107.6,109.7,101.9,111.7
ED-0034,2142,35:42,113.6,105.0,109.4,106.9,106.5,105.4,108.5,104.7,107.1,109.8,102.4,110.9
ED-0034,2143,35:43,113.3,103.0,108.7,106.5,107.4,105.3,108.5,105.4,107.0,109.0,101.8,110.5
ED-0034,2144,35:44,113.2,104.1,108.7,106.3,107.4,104.8,107.6,103.9,107.8,109.0,102.2,111.0
ED-0034,2145,35:45,112.9,103.8,108.9,104.5,106.7,104.7,107.8,104.9,107.6,109.1,102.5,110.0
ED-0034,2146,35:46,112.2,103.9,108.2,105.2,107.3,103.8,107.4,104.1,106.4,107.9,101.9,111.1
ED-0034,2147,35:47,112.8,103.2,108.8,105.2,106.0,104.1,107.0,104.6,106.8,108.4,101.4,110.1
ED-0034,2148,35:48,112.7,102.1,107.6,105.7,106.2,104.2,106.4,104.2,107.5,108.1,100.5,109.1
ED-0034,2149,35:49,112.4,102.4,108.4,105.0,106.2,104.1,106.6,103.7,107.8,108.1,100.6,109.9
ED-0034,2150,35:50,110.6,101.9,107.1,105.5,106.6,102.3,106.0,102.5,106.8,107.7,101.0,110.4
ED-0034,2151,35:51,112.1,101.4,108.0,105.6,106.6,103.5,106.1,103.0,106.3,107.1,101.1,109.4
ED-0034,2152,35:52,111.0,102.1,107.3,104.0,105.7,102.5,105.5,103.3,106.7,107.4,100.9,109.2
ED-0034,2153,35:53,110.9,102.2,107.0,103.7,105.8,103.9,105.2,103.2,106.3,107.6,100.1,108.6
ED-0034,2154,35:54,110.5,102.8,107.6,104.3,105.4,102.6,106.2,102.9,106.5,106.9,100.0,109.0
ED-0034,2155,35:55,111.6,101.2,107.3,104.5,105.1,102.3,105.7,101.8,105.9,108.0,100.8,109.2
ED-0034,2156,35:56,110.9,101.0,106.0,103.3,105.4,102.2,105.3,103.4,105.7,107.2,100.7,109.8
ED-0034,2157,35:57,111.5,101.5,106.4,103.8,104.9,102.1,104.7,103.5,105.8,107.5,99.7,108.3
ED-0034,2158,35:58,110.3,101.9,106.7,103.4,105.9,101.4,105.2,102.3,106.1,106.9,98.9,108.6
ED-0034,2159,35:59,110.5,101.5,106.6,102.9,105.3,101.8,105.0,101.4,106.0,105.6,98.7,108.3
ED-0034,2160,36:00,110.0,100.4,106.7,102.6,104.7,102.2,105.1,101.9,104.7,106.1,99.3,107.9
ED-0034,2161,36:01,110.1,100.1,105.9,102.5,103.6,101.1,104.2,100.7,105.0,106.3,99.3,107.9
ED-0034,2162,36:02,111.0,100.2,105.8,101.6,103.1,100.1,103.7,102.8,103.4,104.8,99.1,107.2
ED-0034,2163,36:03,110.0,100.4,105.8,102.7,103.2,101.7,103.5,100.8,104.4,105.8,98.4,108.8
ED-0034,2164,36:04,109.1,99.7,105.7,102.4,102.4,101.1,103.7,101.0,103.9,105.5,98.2,107.5
ED-0034,2165,36:05,110.1,100.7,104.6,102.8,103.5,100.5,103.5,101.0,102.8,104.4,98.3,106.3
ED-0034,2166,36:06,109.4,99.6,105.5,101.9,103.0,100.8,103.4,101.2,104.2,104.9,98.1,107.2
ED-0034,2167,36:07,109.8,99.8,105.1,102.4,103.2,99.9,102.9,99.3,103.9,105.0,98.3,107.5
ED-0034,2168,36:08,109.1,100.0,104.4,101.7,103.3,99.8,103.0,101.0,103.4,105.2,98.5,106.7
ED-0034,2169,36:09,108.9,99.6,104.6,101.7,102.6,99.7,103.2,100.1,103.1,104.5,98.1,106.8
ED-0034,2170,36:10,108.4,99.9,104.6,101.1,102.2,99.6,101.8,99.0,102.7,104.5,97.1,106.3
ED-0034,2171,36:11,108.4,99.0,104.5,101.4,102.5,100.3,101.9,99.9,103.5,104.2,97.3,106.1
ED-0034,2172,36:12,108.1,98.8,103.9,100.8,101.5,100.4,102.1,99.4,102.1,104.4,97.3,106.3
ED-0034,2173,36:13,109.6,97.9,104.3,100.4,102.2,99.3,102.0,100.2,103.4,104.8,98.1,106.4
ED-0034,2174,36:14,107.6,98.2,103.2,101.4,102.0,98.6,101.9,98.3,103.4,104.4,96.6,106.3
ED-0034,2175,36:15,108.2,97.8,102.9,100.3,101.2,98.8,101.2,98.5,102.6,103.2,96.5,105.9
ED-0034,2176,36:16,107.6,97.8,103.7,100.8,100.6,98.1,101.9,99.6,101.3,103.4,96.0,105.4
ED-0034,2177,36:17,107.5,98.0,104.5,100.3,100.2,99.0,101.3,98.5,102.6,102.8,96.3,105.0
ED-0034,2178,36:18,107.1,97.7,103.6,99.7,100.5,97.6,100.8,97.8,100.5,103.5,95.9,105.4
ED-0034,2179,36:19,107.7,97.6,102.9,100.5,100.7,97.4,101.9,99.4,101.5,102.8,95.4,105.1
ED-0034,2180,36:20,107.0,96.4,102.9,100.7,100.8,97.0,100.0,98.4,101.3,102.6,95.8,104.7
ED-0034,2181,36:21,107.5,96.5,102.6,98.5,100.7,97.8,100.1,98.4,100.7,103.1,95.9,105.5
ED-0034,2182,36:22,106.5,96.5,102.3,99.2,100.5,97.2,100.5,97.9,102.6,101.8,95.6,103.7
ED-0034,2183,36:23,107.5,97.4,102.3,99.5,99.6,97.0,99.9,98.4,100.7,101.1,95.5,104.6
ED-0034,2184,36:24,107.1,97.2,102.3,99.2,99.5,97.7,99.7,97.5,100.2,102.2,95.7,104.0
ED-0034,2185,36:25,105.5,96.7,102.2,99.1,99.6,98.2,99.2,96.8,101.3,102.8,95.3,103.9
ED-0034,2186,36:26,106.0,95.9,101.8,98.2,100.0,97.6,99.1,97.2,99.5,101.6,95.5,103.7
ED-0034,2187,36:27,105.7,96.3,102.2,98.5,98.5,96.2,99.6,97.0,99.8,101.0,94.7,103.2
ED-0034,2188,36:28,106.2,95.6,101.6,98.0,100.7,95.9,98.7,96.6,100.5,101.1,95.3,104.0
ED-0034,2189,36:29,105.1,95.5,101.9,99.1,98.5,95.6,99.6,95.9,100.2,100.3,93.8,103.7
ED-0034,2190,36:30,105.0,95.6,101.0,97.9,98.7,97.0,98.6,96.9,100.0,101.7,94.4,103.0
ED-0034,2191,36:31,105.8,95.9,100.9,97.9,99.6,97.0,98.6,96.4,99.4,100.6,94.2,103.1
ED-0034,2192,36:32,105.5,95.2,100.5,98.2,98.9,95.6,97.7,95.3,99.5,100.8,93.9,103.7
ED-0034,2193,36:33,105.1,94.5,100.2,97.8,98.3,95.6,97.9,96.5,99.4,101.0,93.0,103.7
ED-0034,2194,36:34,104.9,95.3,101.4,97.8,97.5,96.2,98.3,95.3,99.1,99.8,93.2,103.0
ED-0034,2195,36:35,104.3,95.0,99.6,97.1,97.7,94.8,98.4,96.4,99.1,100.5,93.3,101.8
ED-0034,2196,36:36,104.8,94.4,99.3,97.5,97.0,94.6,98.4,94.7,99.3,100.5,94.0,102.7
ED-0034,2197,36:37,104.5,94.4,99.8,96.8,98.3,95.0,97.5,94.9,98.2,99.7,92.3,102.1
ED-0034,2198,36:38,104.5,94.1,99.6,97.0,98.0,93.8,98.1,94.6,98.8,99.1,93.1,101.7
ED-0034,2199,36:39,103.5,94.1,99.1,96.6,97.5,95.8,97.3,94.9,98.4,99.3,92.8,101.5
ED-0034,2200,36:40,104.4,93.2,99.3,96.4,97.5,94.7,97.5,94.4,98.7,99.1,93.2,101.4
ED-0034,2201,36:41,103.4,94.1,99.2,97.2,96.3,94.2,96.9,94.4,98.0,98.8,92.4,101.6
ED-0034,2202,36:42,103.7,93.7,99.5,96.5,96.0,94.0,96.6,94.8,98.3,99.4,92.4,100.6
ED-0034,2203,36:43,103.4,94.0,98.9,95.6,96.7,94.1,95.7,94.7,97.5,99.0,92.1,100.6
ED-0034,2204,36:44,102.1,93.6,99.0,96.7,96.3,93.8,95.8,93.5,96.6,99.6,92.7,100.5
ED-0034,2205,36:45,102.9,93.5,98.8,96.2,96.5,93.8,95.5,93.3,97.2,98.1,92.0,101.7
ED-0034,2206,36:46,102.3,93.2,98.2,94.7,96.2,94.1,96.1,92.7,97.2,98.9,91.5,101.4
ED-0034,2207,36:47,102.2,93.4,98.1,95.8,96.0,92.8,95.3,94.5,96.3,98.1,92.0,100.4
ED-0034,2208,36:48,102.7,92.1,98.6,95.2,95.7,92.6,96.2,93.6,95.9,98.8,92.2,99.6
ED-0034,2209,36:49,102.1,92.6,96.3,95.8,95.6,93.0,95.1,93.4,96.8,96.9,90.9,100.8
ED-0034,2210,36:50,103.6,92.5,98.5,94.4,95.5,93.0,94.9,92.7,96.4,97.3,90.8,99.6
ED-0034,2211,36:51,102.4,92.2,97.7,95.1,95.6,93.0,94.9,93.3,96.3,97.8,92.5,100.0
ED-0034,2212,36:52,101.8,92.1,97.5,94.7,95.2,91.3,95.3,93.0,96.1,97.5,91.1,100.1
ED-0034,2213,36:53,101.5,92.7,98.1,94.2,94.6,93.1,95.0,91.9,96.2,97.2,90.8,100.6
ED-0034,2214,36:54,102.5,91.1,97.8,94.0,94.6,92.8,94.0,92.4,95.8,97.0,89.9,99.1
ED-0034,2215,36:55,100.9,92.0,96.2,93.4,95.6,92.3,94.0,92.7,95.3,96.8,90.6,100.2
ED-0034,2216,36:56,100.8,91.9,96.8,94.4,94.6,92.2,94.3,92.2,95.2,96.6,89.8,99.5
ED-0034,2217,36:57,100.4,91.7,96.1,93.9,94.4,91.8,93.6,92.1,94.6,96.3,91.0,99.1
ED-0034,2218,36:58,100.8,91.7,96.3,93.8,94.7,91.9,93.7,92.3,96.0,95.6,90.3,99.4
ED-0034,2219,36:59,100.8,91.8,96.8,93.2,93.2,91.2,93.2,91.7,95.3,97.0,90.4,99.4
ED-0034,2220,37:00,101.0,91.3,96.5,93.8,93.9,91.5,93.1,91.4,95.2,96.9,89.2,98.3
ED-0034,2221,37:01,99.7,91.1,95.0,93.1,93.7,91.2,93.7,91.4,95.3,96.8,89.3,98.5
ED-0034,2222,37:02,100.6,90.6,95.3,93.9,93.8,91.0,92.9,91.4,94.9,94.8,89.5,99.4
ED-0034,2223,37:03,101.2,91.2,96.0,93.0,92.2,90.5,92.7,91.3,94.2,96.0,89.0,98.6
ED-0034,2224,37:04,100.3,89.1,96.5,92.0,93.4,90.1,92.8,90.9,94.8,96.1,89.5,99.2
ED-0034,2225,37:05,99.8,89.8,95.3,92.0,93.0,90.8,92.6,90.8,93.9,95.6,88.8,97.4
ED-0034,2226,37:06,100.4,90.4,95.8,92.7,93.4,90.7,92.9,90.9,94.1,94.8,89.1,97.2
ED-0034,2227,37:07,99.6,89.9,96.6,91.8,92.3,90.3,91.4,90.8,94.2,95.4,88.1,98.2
ED-0034,2228,37:08,99.0,91.1,94.2,92.3,91.8,90.0,91.9,90.4,94.0,95.7,88.5,96.9
ED-0034,2229,37:09,99.2,90.1,95.0,92.7,92.4,90.3,92.4,89.8,94.1,94.9,88.2,98.1
ED-0034,2230,37:10,99.3,89.9,94.5,92.5,92.7,89.4,92.2,90.5,93.8,94.4,88.3,96.9
ED-0034,2231,37:11,98.6,89.6,95.3,91.8,92.2,88.8,92.2,89.5,93.7,94.8,88.3,97.2
ED-0034,2232,37:12,99.9,88.8,93.9,92.9,91.1,88.9,90.9,89.5,92.8,93.6,87.0,96.9
ED-0034,2233,37:13,97.9,88.9,94.0,91.3,91.0,89.2,91.3,89.4,93.9,93.9,87.7,96.9
ED-0034,2234,37:14,99.0,88.5,93.9,92.2,92.0,89.1,91.0,90.1,92.6,94.3,87.3,97.4
ED-0034,2235,37:15,98.3,88.8,93.7,91.6,90.9,88.1,90.8,89.3,92.7,94.4,87.7,96.4
ED-0034,2236,37:16,98.3,89.0,93.9,91.4,91.0,87.9,91.0,88.3,93.5,94.4,86.5,95.8
ED-0034,2237,37:17,98.4,88.9,93.3,92.0,91.0,88.6,90.3,89.3,92.9,94.0,87.1,96.7
ED-0034,2238,37:18,98.4,88.1,93.4,91.3,90.8,88.2,90.6,89.0,93.4,94.2,86.4,94.6
ED-0034,2239,37:19,97.9,88.1,92.7,90.3,90.4,87.7,91.7,88.4,92.7,93.7,87.6,95.4
ED-0034,2240,37:20,98.4,89.3,93.8,90.9,90.3,88.6,90.7,88.8,92.3,93.3,86.3,95.7
ED-0034,2241,37:21,97.5,87.0,93.3,90.9,91.0,87.8,91.1,88.1,91.6,93.0,86.8,95.7
ED-0034,2242,37:22,97.5,87.5,93.3,91.1,89.7,87.5,90.2,88.1,91.7,93.6,86.0,95.0
ED-0034,2243,37:23,97.7,88.0,93.6,90.4,90.1,88.6,90.0,89.4,91.4,92.8,87.0,95.1
ED-0034,2244,37:24,97.7,87.7,92.9,90.4,89.1,87.4,89.8,87.8,91.1,92.9,86.1,94.7
ED-0034,2245,37:25,97.9,87.6,92.8,89.6,89.5,87.5,89.6,87.6,90.6,93.2,86.6,95.0
ED-0034,2246,37:26,98.2,87.5,92.5,88.8,89.4,87.4,89.8,87.8,91.6,92.8,86.9,94.6
ED-0034,2247,37:27,96.4,86.9,92.8,89.5,89.5,86.4,89.3,87.4,91.0,92.3,85.5,95.2
ED-0034,2248,37:28,96.8,87.4,91.8,89.3,89.0,86.2,89.5,86.8,91.2,92.4,85.1,95.0
ED-0034,2249,37:29,96.9,86.5,92.0,89.5,89.3,86.4,89.1,87.0,90.8,92.0,86.0,95.6
ED-0034,2250,37:30,96.6,86.1,91.8,89.0,89.5,87.4,88.7,87.3,89.7,91.9,85.0,94.6
ED-0034,2251,37:31,96.6,87.4,92.1,89.4,88.6,86.0,88.8,87.4,90.3,91.0,86.1,93.5
ED-0034,2252,37:32,95.6,86.5,90.9,89.6,89.1,87.1,88.2,87.1,89.8,91.4,84.1,94.1
ED-0034,2253,37:33,96.1,87.1,91.9,88.8,89.0,85.0,88.5,87.2,90.7,91.7,85.3,93.5
ED-0034,2254,37:34,95.4,86.5,91.8,89.1,88.1,85.4,88.4,87.1,90.0,91.3,84.5,93.7
ED-0034,2255,37:35,95.8,85.4,91.0,89.1,88.2,86.2,87.8,86.1,89.9,90.2,85.1,94.4
ED-0034,2256,37:36,94.3,85.8,91.3,89.1,87.9,86.3,88.3,85.4,90.6,91.7,84.5,93.5
ED-0034,2257,37:37,95.2,85.8,90.2,87.4,87.8,85.5,87.6,85.6,88.4,90.8,84.3,93.2
ED-0034,2258,37:38,95.6,86.6,90.7,87.7,88.4,85.6,87.3,86.7,89.5,90.5,85.0,93.1
ED-0034,2259,37:39,95.1,85.7,90.6,87.8,88.3,85.9,86.9,86.5,89.0,90.3,84.9,93.8
ED-0034,2260,37:40,94.5,85.2,90.4,88.7,87.4,85.2,87.1,85.8,88.9,90.6,85.0,92.7
ED-0034,2261,37:41,94.1,85.9,90.2,87.9,87.7,84.5,87.6,84.8,90.0,91.5,83.9,93.1
ED-0034,2262,37:42,95.6,85.6,90.5,86.8,87.0,85.1,85.8,85.7,89.0,90.9,84.2,93.3
ED-0034,2263,37:43,94.0,84.1,91.2,87.8,87.2,84.4,86.7,85.4,89.7,89.6,84.3,92.5
ED-0034,2264,37:44,94.6,84.5,88.3,87.4,87.0,84.4,86.0,84.8,89.2,89.8,83.8,92.0
ED-0034,2265,37:45,95.0,83.9,89.5,86.9,87.4,84.6,86.7,85.6,88.4,89.7,83.3,92.0
ED-0034,2266,37:46,94.0,84.5,89.5,86.8,86.2,83.8,85.9,85.0,88.3,89.6,83.4,92.1
ED-0034,2267,37:47,95.4,83.9,89.8,87.4,87.1,83.6,85.7,84.9,88.4,89.7,84.0,91.6
ED-0034,2268,37:48,93.9,83.1,89.1,86.6,86.5,83.7,86.0,84.7,87.8,89.1,82.2,93.0
ED-0034,2269,37:49,94.0,84.9,89.3,86.8,86.0,84.4,85.8,85.0,87.7,89.3,82.7,92.6
ED-0034,2270,37:50,94.1,84.3,88.9,87.5,85.8,83.8,87.0,84.1,88.0,89.1,83.4,91.5
ED-0034,2271,37:51,93.6,83.3,88.6,86.4,85.1,82.7,84.8,84.8,87.6,89.0,82.7,92.3
ED-0034,2272,37:52,92.8,84.6,89.7,86.4,85.9,82.9,85.0,84.9,88.2,88.6,81.7,91.3
ED-0034,2273,37:53,92.6,84.1,88.5,87.3,85.6,82.9,85.0,83.6,87.0,88.8,82.3,91.8
ED-0034,2274,37:54,93.3,84.1,88.8,86.7,86.2,83.2,85.5,82.8,88.1,89.2,83.3,90.6
ED-0034,2275,37:55,93.5,82.8,88.7,86.5,84.9,82.8,84.6,83.2,87.5,89.5,82.1,91.4
ED-0034,2276,37:56,93.1,83.4,88.9,86.7,84.9,83.4,84.6,83.5,87.0,88.0,82.8,91.0
ED-0034,2277,37:57,93.4,82.6,88.4,85.4,85.3,83.2,85.6,83.8,86.4,88.4,81.9,90.6
ED-0034,2278,37:58,91.8,82.8,87.9,85.2,84.7,82.6,85.1,83.2,87.0,88.6,81.8,91.5
ED-0034,2279,37:59,92.9,83.3,88.1,86.8,85.4,82.6,83.7,81.9,86.3,87.7,82.1,90.5
ED-0034,2280,38:00,92.5,82.5,87.7,84.6,85.9,82.5,84.5,82.8,85.4,87.8,83.1,90.9
ED-0034,2281,38:01,92.3,82.8,87.3,85.3,84.9,81.9,84.5,83.0,86.8,87.2,81.9,88.7
ED-0034,2282,38:02,91.2,83.0,87.6,85.2,84.2,82.3,83.6,82.3,86.9,88.5,82.7,88.9
ED-0034,2283,38:03,91.0,82.7,87.0,84.7,83.4,82.8,83.2,82.2,86.5,87.8,80.9,90.3
ED-0034,2284,38:04,91.3,82.2,87.6,85.3,84.2,81.4,83.6,82.5,86.7,87.6,81.1,89.7
ED-0034,2285,38:05,91.9,82.3,87.0,83.5,84.3,82.3,83.7,82.9,85.6,87.3,80.8,90.5
ED-0034,2286,38:06,92.0,82.0,86.7,84.6,83.6,81.6,84.0,82.0,85.4,86.4,80.9,89.1
ED-0034,2287,38:07,91.8,81.8,86.3,84.7,83.2,82.1,83.6,81.5,86.0,87.3,80.7,90.2
ED-0034,2288,38:08,90.7,81.6,86.3,83.9,83.5,81.1,83.4,82.1,86.3,86.9,80.8,90.4
ED-0034,2289,38:09,91.6,82.2,86.1,83.3,83.9,81.4,83.4,81.9,85.3,86.7,79.9,89.4
ED-0034,2290,38:10,91.2,81.0,86.3,84.0,82.6,81.5,82.7,81.6,85.6,85.7,79.6,89.4
ED-0034,2291,38:11,89.8,81.2,86.8,84.5,82.6,81.5,82.3,81.2,84.8,86.8,80.6,89.5
ED-0034,2292,38:12,91.2,81.0,86.6,83.6,82.7,80.2,82.4,80.5,84.7,85.9,80.4,89.0
ED-0034,2293,38:13,91.2,81.5,86.0,83.9,82.9,80.2,82.9,80.1,84.7,85.7,80.4,89.4
ED-0034,2294,38:14,91.2,80.8,85.5,84.0,83.2,81.2,82.2,81.2,84.3,86.2,80.1,88.9
ED-0034,2295,38:15,90.2,81.5,86.5,84.2,82.1,81.4,81.8,81.0,84.4,86.1,80.1,88.0
ED-0034,2296,38:16,90.3,80.8,85.0,83.6,82.8,79.7,82.2,80.7,83.7,86.6,79.2,88.6
ED-0034,2297,38:17,89.2,80.6,84.5,83.7,81.7,80.9,80.5,81.5,84.7,85.2,80.0,88.6
ED-0034,2298,38:18,89.9,80.7,85.8,82.8,82.2,80.1,81.9,80.5,83.9,85.2,78.4,88.4
ED-0034,2299,38:19,90.6,82.1,85.1,83.7,82.2,79.4,81.6,80.8,84.5,85.3,79.4,88.0
ED-0034,2300,38:20,89.2,80.3,84.4,83.6,82.3,80.2,81.5,80.9,84.1,85.4,78.7,87.7
ED-0034,2301,38:21,89.2,80.6,84.5,84.1,82.4,79.4,81.6,80.1,84.4,84.5,78.4,88.4
ED-0034,2302,38:22,90.1,79.5,84.8,82.8,81.5,78.8,81.1,81.3,84.6,85.8,78.3,87.0
ED-0034,2303,38:23,88.6,80.4,84.9,82.2,82.1,79.0,81.0,80.0,83.7,84.8,78.8,87.7
ED-0034,2304,38:24,88.7,79.8,84.5,82.6,81.4,79.2,81.6,80.1,83.9,84.9,78.0,88.1
ED-0034,2305,38:25,89.3,79.9,84.1,82.5,80.4,78.7,80.6,79.9,83.2,84.6,79.3,86.9
ED-0034,2306,38:26,88.7,79.5,84.3,81.8,81.0,78.2,80.4,79.7,83.8,84.7,78.4,87.5
ED-0034,2307,38:27,89.2,79.4,84.6,81.9,80.6,78.7,80.6,80.3,83.8,84.5,78.4,87.0
ED-0034,2308,38:28,89.0,78.7,83.8,82.3,80.4,79.0,80.9,78.8,83.4,84.6,78.3,87.0
ED-0034,2309,38:29,88.5,79.2,83.3,82.5,80.6,79.4,80.9,79.8,82.1,84.2,78.2,87.6
ED-0034,2310,38:30,88.9,78.5,84.4,82.0,81.0,79.0,80.9,80.2,82.8,83.9,77.3,87.1
ED-0034,2311,38:31,88.0,79.2,84.6,80.8,80.6,78.6,80.2,79.1,82.2,84.5,78.6,86.1
ED-0034,2312,38:32,88.2,79.1,84.6,81.8,79.7,78.7,79.2,79.1,82.5,83.4,77.1,85.9
ED-0034,2313,38:33,88.3,79.0,84.0,81.5,80.6,77.5,79.6,79.7,82.5,83.3,77.7,86.4
ED-0034,2314,38:34,88.4,78.6,83.8,81.2,80.8,77.6,79.7,79.0,82.4,83.1,77.4,85.8
ED-0034,2315,38:35,88.8,79.1,83.1,81.5,79.9,77.6,80.2,78.7,82.6,83.4,77.2,85.8
ED-0034,2316,38:36,87.7,78.0,83.2,80.4,79.3,77.3,79.5,79.4,81.4,83.9,77.8,86.8
ED-0034,2317,38:37,88.3,79.7,84.3,80.5,79.3,77.3,78.5,78.9,82.0,84.2,77.6,84.7
ED-0034,2318,38:38,86.8,78.4,83.2,80.7,80.4,77.9,78.9,78.5,81.9,82.2,77.8,86.0
ED-0034,2319,38:39,87.9,78.1,82.8,80.0,79.2,77.4,79.2,77.9,81.5,83.0,77.8,86.1
ED-0034,2320,38:40,87.5,78.0,83.2,80.6,79.3,78.0,79.4,77.6,81.9,82.7,77.1,85.7
ED-0034,2321,38:41,87.3,78.8,82.7,80.4,79.0,77.7,79.3,77.3,81.1,83.1,77.0,85.1
ED-0034,2322,38:42,86.5,77.7,82.6,80.5,79.1,76.8,78.4,78.3,81.6,82.5,76.9,84.4
ED-0034,2323,38:43,87.2,77.4,82.8,80.1,79.2,77.3,79.0,77.2,81.5,83.3,76.9,86.6
ED-0034,2324,38:44,86.0,77.2,82.2,80.0,78.8,77.0,78.8,77.5,81.6,82.2,77.1,84.9
ED-0034,2325,38:45,86.0,77.9,82.2,80.0,78.9,76.6,78.4,77.2,80.4,82.3,75.0,85.2
ED-0034,2326,38:46,86.5,77.3,81.8,80.1,78.8,76.8,78.2,76.5,79.9,82.3,75.8,85.1
ED-0034,2327,38:47,86.2,77.9,81.8,79.9,78.0,77.0,79.0,78.0,80.7,81.8,76.6,84.5
ED-0034,2328,38:48,86.0,77.2,82.5,79.7,77.2,76.2,77.6,77.0,80.6,82.2,75.5,84.7
ED-0034,2329,38:49,86.6,77.2,81.1,79.3,78.4,75.9,78.0,77.1,80.6,81.5,76.2,84.1
ED-0034,2330,38:50,86.6,77.2,81.2,79.4,78.5,76.3,77.2,76.9,80.3,80.9,76.0,84.5
ED-0034,2331,38:51,87.1,77.5,81.8,80.6,78.7,77.1,77.0,76.6,79.7,81.0,75.3,84.4
ED-0034,2332,38:52,85.4,76.6,82.3,78.8,77.9,75.4,77.2,75.8,80.1,81.4,75.5,84.7
ED-0034,2333,38:53,86.2,76.3,80.8,79.5,78.3,75.0,76.3,76.6,80.1,81.6,75.0,83.2
ED-0034,2334,38:54,86.5,76.6,81.3,79.4,78.1,75.5,76.8,76.5,80.0,80.9,75.8,84.3
ED-0034,2335,38:55,85.7,76.5,80.9,78.4,77.7,75.4,77.1,77.5,79.8,83.2,74.7,84.3
ED-0034,2336,38:56,85.6,75.6,80.5,79.3,77.3,75.9,76.4,75.7,80.0,80.6,74.8,83.4
ED-0034,2337,38:57,85.3,75.8,81.0,79.6,76.8,74.9,76.9,75.7,80.3,80.9,75.2,83.0
ED-0034,2338,38:58,85.5,76.1,80.0,78.6,77.5,74.5,76.0,76.0,79.0,80.8,73.8,83.2
ED-0034,2339,38:59,84.4,76.4,81.5,79.0,77.4,74.6,76.7,75.4,79.5,80.3,74.4,83.1
ED-0034,2340,39:00,85.5,75.8,80.8,79.6,77.4,74.7,76.1,75.6,79.3,80.6,75.2,83.2
ED-0034,2341,39:01,84.4,76.3,79.9,78.1,76.9,75.6,76.2,75.3,78.9,79.7,74.6,83.6
ED-0034,2342,39:02,83.9,76.5,80.6,78.2,75.9,74.6,76.2,75.2,80.1,80.1,75.3,81.9
ED-0034,2343,39:03,83.9,75.6,79.4,78.2,76.9,74.1,75.4,75.5,78.7,79.4,74.7,83.2
ED-0034,2344,39:04,85.9,75.8,80.4,77.7,75.3,74.1,75.5,75.2,78.9,80.2,73.3,82.7
ED-0034,2345,39:05,84.5,75.4,79.9,78.1,76.3,74.3,75.4,75.6,78.5,79.5,73.6,82.9
ED-0034,2346,39:06,84.6,75.4,79.3,77.3,75.6,73.8,75.1,75.2,78.7,80.0,74.2,82.8
ED-0034,2347,39:07,83.8,74.8,79.7,77.2,76.1,74.3,75.7,74.8,78.4,79.0,73.5,81.9
ED-0034,2348,39:08,83.1,75.3,80.3,77.7,76.1,74.2,75.3,74.6,78.8,79.5,73.3,82.6
ED-0034,2349,39:09,82.9,74.8,78.9,77.0,75.7,74.6,75.0,74.2,78.0,79.3,73.6,81.7
ED-0034,2350,39:10,84.6,75.2,79.3,77.1,75.9,73.1,75.7,74.6,78.0,79.6,73.2,83.2
ED-0034,2351,39:11,84.4,74.5,79.0,76.6,77.4,74.0,75.3,74.8,78.5,79.8,73.0,81.4
ED-0034,2352,39:12,83.9,73.2,80.4,76.5,76.4,73.2,74.4,74.3,78.3,79.2,73.7,82.7
ED-0034,2353,39:13,83.8,74.3,78.3,76.9,76.8,73.6,75.0,74.2,77.4,79.8,72.6,81.1
ED-0034,2354,39:14,83.0,74.3,78.6,76.9,74.8,73.4,73.9,75.0,78.2,78.6,73.3,81.6
ED-0034,2355,39:15,83.7,74.3,78.9,75.5,76.2,73.8,74.4,73.4,78.2,78.3,72.3,82.7
ED-0034,2356,39:16,82.2,73.7,78.5,76.8,75.2,72.7,74.8,73.9,77.6,79.3,72.9,81.2
ED-0034,2357,39:17,83.1,73.4,78.5,76.8,75.4,72.1,74.6,73.7,78.5,79.0,72.8,81.2
ED-0034,2358,39:18,82.9,74.6,78.7,76.8,74.7,73.2,74.3,74.9,77.4,78.1,73.4,81.2
ED-0034,2359,39:19,82.9,74.2,78.0,75.6,75.2,72.0,75.1,73.2,77.5,78.6,73.1,81.5
ED-0034,2360,39:20,83.3,73.4,78.8,75.4,75.0,73.5,74.0,73.5,77.4,78.5,73.7,80.8
ED-0034,2361,39:21,82.6,74.4,78.2,76.3,74.2,71.6,74.6,73.7,76.7,78.7,72.5,80.6
ED-0034,2362,39:22,83.1,73.1,77.6,75.7,73.9,72.9,74.0,73.7,77.2,77.9,72.0,81.3
ED-0034,2363,39:23,82.4,72.6,77.6,75.8,74.8,72.1,73.4,72.6,76.6,79.0,71.8,80.7
ED-0034,2364,39:24,82.6,73.9,77.4,77.0,74.8,72.7,72.7,73.3,76.5,77.8,72.4,81.2
ED-0034,2365,39:25,81.7,72.9,77.4,75.9,74.1,71.9,74.0,71.9,76.3,77.6,71.4,80.9
ED-0034,2366,39:26,83.4,73.0,77.3,75.3,73.8,71.3,72.9,72.9,76.5,77.8,72.2,80.1
ED-0034,2367,39:27,81.5,73.3,77.6,75.6,75.0,72.3,73.1,72.8,76.9,77.8,72.3,80.8
ED-0034,2368,39:28,82.2,73.0,77.0,76.6,73.7,72.1,73.5,72.5,76.3,76.6,72.1,81.0
ED-0034,2369,39:29,81.7,72.0,77.7,75.6,74.0,71.9,72.8,72.6,77.2,76.7,71.9,80.6
ED-0034,2370,39:30,81.7,72.7,77.2,75.2,73.2,71.2,73.0,72.2,76.3,77.0,71.9,79.6
ED-0034,2371,39:31,81.2,72.8,77.2,74.4,73.8,71.8,72.8,73.2,75.9,76.5,72.1,80.1
ED-0034,2372,39:32,80.6,72.6,75.9,74.4,73.7,71.6,72.8,72.3,75.5,76.2,71.5,80.8
ED-0034,2373,39:33,81.4,71.7,76.9,75.3,74.2,70.8,72.0,71.4,75.6,76.3,71.4,79.7
ED-0034,2374,39:34,81.7,72.8,76.3,74.5,73.2,71.4,72.1,71.9,74.8,78.0,71.1,79.9
ED-0034,2375,39:35,81.6,72.3,76.1,74.6,73.5,70.5,72.7,71.6,75.1,76.9,70.7,79.8
ED-0034,2376,39:36,80.9,72.8,76.4,75.1,73.6,71.0,71.9,71.3,75.2,76.3,71.2,79.3
ED-0034,2377,39:37,80.7,72.5,76.5,75.2,73.2,70.8,72.0,70.5,76.5,76.3,71.2,79.6
ED-0034,2378,39:38,80.7,70.5,75.7,74.6,71.9,71.0,72.1,71.5,75.9,76.7,71.3,79.1
ED-0034,2379,39:39,80.5,71.9,76.6,73.9,72.3,71.1,72.1,71.6,74.9,75.5,71.7,79.5
ED-0034,2380,39:40,80.6,71.5,76.5,74.6,72.5,70.6,71.1,72.0,74.8,77.4,71.8,80.1
ED-0034,2381,39:41,80.9,71.4,76.7,74.5,72.4,70.3,72.3,71.4,75.0,75.9,70.7,78.3
ED-0034,2382,39:42,80.5,71.6,76.1,74.7,71.7,70.7,71.6,70.8,75.6,76.2,69.8,78.0
ED-0034,2383,39:43,79.4,71.5,76.0,73.2,71.9,70.4,71.8,71.4,75.0,76.5,70.5,78.7
ED-0034,2384,39:44,79.8,71.0,75.9,74.2,71.9,70.6,72.0,71.3,74.1,75.2,70.9,78.3
ED-0034,2385,39:45,79.4,71.0,74.7,73.7,71.9,70.2,71.6,70.4,74.7,75.6,70.4,78.8
ED-0034,2386,39:46,79.0,71.3,75.3,72.9,71.7,69.7,70.4,71.5,75.0,75.3,69.7,78.9
ED-0034,2387,39:47,80.3,71.7,76.3,73.7,71.8,69.8,70.9,71.0,74.9,74.9,70.4,78.0
ED-0034,2388,39:48,79.9,71.8,74.7,74.0,71.6,70.2,71.0,70.9,74.4,75.0,69.1,78.1
ED-0034,2389,39:49,79.4,70.6,75.3,73.3,72.3,69.9,72.0,70.7,74.2,75.0,70.7,77.6
ED-0034,2390,39:50,80.1,71.4,74.8,72.8,71.8,69.7,70.5,70.4,73.9,75.2,70.1,77.8
ED-0034,2391,39:51,80.3,71.2,75.4,73.6,71.3,68.9,71.4,70.7,74.3,75.5,70.0,77.9
ED-0034,2392,39:52,80.5,70.6,74.4,73.5,71.2,70.1,71.3,70.5,74.7,74.9,68.8,77.8
ED-0034,2393,39:53,79.8,70.9,75.2,71.7,70.5,69.5,69.5,70.4,72.7,74.8,69.0,77.6
ED-0034,2394,39:54,78.9,70.3,74.5,72.3,71.1,69.7,70.3,69.9,73.9,74.9,68.9,77.0
ED-0034,2395,39:55,79.0,71.1,74.4,72.7,71.4,69.5,70.3,70.3,73.2,75.2,69.5,77.5
ED-0034,2396,39:56,79.0,70.3,74.2,72.5,70.1,69.1,69.9,70.7,72.5,73.9,69.5,76.8
ED-0034,2397,39:57,79.6,71.0,74.4,72.6,70.9,68.8,70.5,69.4,73.7,74.3,69.4,77.7
ED-0034,2398,39:58,79.2,70.4,74.1,72.6,71.2,69.9,69.8,69.8,73.1,74.3,68.6,76.9
ED-0034,2399,39:59,78.9,70.9,73.7,73.0,70.5,69.2,69.9,69.1,73.4,74.3,68.3,77.0
