trial_id,time_s,time_mmss,T_LH_HOOD,T_LH_FENDER,T_LH_FRONT_DOOR,T_LH_REAR_DOOR,T_LH_Q_P,T_LH_T_G,T_RH_T_G,T_RH_Q_P,T_RH_REAR_DOOR,T_RH_FR_DOOR,T_RH_FENDER,T_RH_HOOD
ED-0076,0,00:00,33.0,33.0,33.0,33.0,33.0,33.0,33.0,33.0,33.0,33.0,33.0,33.0
ED-0076,1,00:01,33.0,33.0,33.0,33.0,33.0,33.0,33.0,33.0,33.0,33.0,33.0,33.0
ED-0076,2,00:02,33.0,33.0,33.0,33.0,33.0,33.0,33.0,33.0,33.0,33.0,33.0,33.0
ED-0076,3,00:03,33.0,33.0,33.0,33.0,33.0,33.0,33.0,33.0,33.0,33.0,33.0,33.0
ED-0076,4,00:04,33.0,33.0,33.0,33.0,33.0,33.0,33.0,33.0,33.0,33.0,33.0,33.0
ED-0076,5,00:05,33.0,33.0,33.0,33.0,33.0,33.0,33.0,33.0,33.0,33.0,33.0,33.0
ED-0076,6,00:06,33.0,33.0,33.0,33.0,33.0,33.0,33.0,33.0,33.0,33.0,33.0,33.0
ED-0076,7,00:07,33.0,33.0,33.0,33.0,33.0,33.0,33.0,33.0,33.0,33.0,33.0,33.0
ED-0076,8,00:08,33.0,33.0,33.0,33.0,33.0,33.0,33.0,33.0,33.0,33.0,33.0,33.0
ED-0076,9,00:09,33.0,33.0,33.0,33.0,33.0,33.0,33.0,33.0,33.0,33.0,33.0,33.0
ED-0076,10,00:10,33.0,33.0,33.0,33.0,33.0,33.0,33.0,33.0,33.0,33.0,33.0,33.0
ED-0076,11,00:11,33.0,33.0,33.0,33.0,33.0,33.0,33.0,33.0,33.0,33.0,33.0,33.0
ED-0076,12,00:12,33.0,33.0,33.0,33.0,33.0,33.0,33.0,33.0,33.0,33.0,33.0,33.0
ED-0076,13,00:13,33.0,33.0,33.0,33.0,33.0,33.0,33.0,33.0,33.0,33.0,33.0,33.0
ED-0076,14,00:14,33.0,33.0,33.0,33.0,33.0,33.0,33.0,33.0,33.0,33.0,33.0,33.0
ED-0076,15,00:15,33.0,33.0,33.0,33.0,33.0,33.0,33.0,33.0,33.0,33.0,33.0,33.0
ED-0076,16,00:16,33.0,33.0,33.0,33.0,33.0,33.0,33.0,33.0,33.0,33.0,33.0,33.0
ED-0076,17,00:17,33.0,33.0,33.0,33.0,33.0,33.0,33.0,33.0,33.0,33.0,33.0,33.0
ED-0076,18,00:18,33.0,33.0,33.0,33.0,33.0,33.0,33.0,33.0,33.0,33.0,33.0,33.0
ED-0076,19,00:19,33.0,33.0,33.0,33.0,33.0,33.0,33.0,33.0,33.0,33.0,33.0,33.0
ED-0076,20,00:20,33.0,33.0,33.0,33.0,33.0,33.0,33.0,33.0,33.0,33.0,33.0,33.0
ED-0076,21,00:21,33.0,33.0,33.0,33.0,33.0,33.0,33.0,33.0,33.0,33.0,33.0,33.0
ED-0076,22,00:22,33.0,33.0,33.0,33.0,33.0,33.0,33.0,33.0,33.0,33.0,33.0,33.0
ED-0076,23,00:23,33.0,33.0,33.0,33.0,33.0,33.0,33.0,33.0,33.0,33.0,33.0,33.0
ED-0076,24,00:24,33.0,33.0,33.0,33.0,33.0,33.0,33.0,33.0,33.0,33.0,33.0,33.0
ED-0076,25,00:25,33.0,33.0,33.0,33.0,33.0,33.0,33.0,33.0,33.0,33.0,33.0,33.0
ED-0076,26,00:26,33.0,33.0,33.0,33.0,33.0,33.0,33.0,33.0,33.0,33.0,33.0,33.0
ED-0076,27,00:27,33.0,33.0,33.0,33.0,33.0,33.0,33.0,33.0,33.0,33.0,33.0,33.0
ED-0076,28,00:28,33.0,33.0,33.0,33.0,33.0,33.0,33.0,33.0,33.0,33.0,33.0,33.0
ED-0076,29,00:29,33.0,33.0,33.0,33.0,33.0,33.0,33.0,33.0,33.0,33.0,33.0,33.0
ED-0076,30,00:30,33.0,33.0,33.0,33.0,33.0,33.0,33.0,33.0,33.0,33.0,33.0,33.0
ED-0076,31,00:31,33.0,33.0,33.0,33.0,33.0,33.0,33.0,33.0,33.0,33.0,33.0,33.0
ED-0076,32,00:32,33.0,33.0,33.0,33.0,33.0,33.0,33.0,33.0,33.0,33.0,33.0,33.0
ED-0076,33,00:33,33.0,33.0,33.0,33.0,33.0,33.0,33.0,33.0,33.0,33.0,33.0,33.0
ED-0076,34,00:34,33.0,33.0,33.0,33.0,33.0,33.0,33.0,33.0,33.0,33.0,33.0,33.0
ED-0076,35,00:35,33.0,33.0,33.0,33.0,33.0,33.0,33.0,33.0,33.0,33.0,33.0,33.0
ED-0076,36,00:36,33.0,33.0,33.0,33.0,33.0,33.0,33.0,33.0,33.0,33.0,33.0,33.0
ED-0076,37,00:37,33.0,33.0,33.0,33.0,33.0,33.0,33.0,33.0,33.0,33.0,33.0,33.0
ED-0076,38,00:38,33.0,33.0,33.0,33.0,33.0,33.0,33.0,33.0,33.0,33.0,33.0,33.0
ED-0076,39,00:39,33.0,33.0,33.0,33.0,33.0,33.0,33.0,33.0,33.0,33.0,33.0,33.0
ED-0076,40,00:40,33.0,33.0,33.0,33.0,33.0,33.0,33.0,33.0,33.0,33.0,33.0,33.0
ED-0076,41,00:41,33.0,33.0,33.0,33.0,33.0,33.0,33.0,33.0,33.0,33.0,33.0,33.0
ED-0076,42,00:42,33.0,33.0,33.0,33.0,33.0,33.0,33.0,33.0,33.0,33.0,33.0,33.0
ED-0076,43,00:43,33.0,33.0,33.0,33.0,33.0,33.0,33.0,33.0,33.0,33.0,33.0,33.0
ED-0076,44,00:44,33.0,33.0,33.0,33.0,33.0,33.0,33.0,33.0,33.0,33.0,33.0,33.0
ED-0076,45,00:45,33.0,33.0,33.0,33.0,33.0,33.0,33.0,33.0,33.0,33.0,33.0,33.0
ED-0076,46,00:46,33.0,33.0,33.0,33.0,33.0,33.0,33.0,33.0,33.0,33.0,33.0,33.0
ED-0076,47,00:47,33.0,33.0,33.0,33.0,33.0,33.0,33.0,33.0,33.0,33.0,33.0,33.0
ED-0076,48,00:48,33.0,33.0,33.0,33.0,33.0,33.0,33.0,33.0,33.0,33.0,33.0,33.0
ED-0076,49,00:49,33.0,33.0,33.0,33.0,33.0,33.0,33.0,33.0,33.0,33.0,33.0,33.0
ED-0076,50,00:50,33.0,33.0,33.0,33.0,33.0,33.0,33.0,33.0,33.0,33.0,33.0,33.0
ED-0076,51,00:51,33.0,33.0,33.0,33.0,33.0,33.0,33.0,33.0,33.0,33.0,33.0,33.0
ED-0076,52,00:52,33.0,33.0,33.0,33.0,33.0,33.0,33.0,33.0,33.0,33.0,33.0,33.0
ED-0076,53,00:53,33.0,33.0,33.0,33.0,33.0,33.0,33.0,33.0,33.0,33.0,33.0,33.0
ED-0076,54,00:54,33.0,33.0,33.0,33.0,33.0,33.0,33.0,33.0,33.0,33.0,33.0,33.0
ED-0076,55,00:55,33.0,33.0,33.0,33.0,33.0,33.0,33.0,33.0,33.0,33.0,33.0,33.0
ED-0076,56,00:56,33.0,33.0,33.0,33.0,33.0,33.0,33.0,33.0,33.0,33.0,33.0,33.0
ED-0076,57,00:57,33.0,33.0,33.0,33.0,33.0,33.0,33.0,33.0,33.0,33.0,33.0,33.0
ED-0076,58,00:58,33.0,33.0,33.0,33.0,33.0,33.0,33.0,33.0,33.0,33.0,33.0,33.0
ED-0076,59,00:59,33.0,33.0,33.0,33.0,33.0,33.0,33.0,33.0,33.0,33.0,33.0,33.0
ED-0076,60,01:00,33.0,33.0,33.0,33.0,33.0,33.0,33.0,33.0,33.0,33.0,33.0,33.0
ED-0076,61,01:01,33.0,33.0,33.0,33.0,33.0,33.0,33.0,33.0,33.0,33.0,33.0,33.0
ED-0076,62,01:02,33.0,33.0,33.0,33.0,33.0,33.0,33.0,33.0,33.0,33.0,33.0,33.0
ED-0076,63,01:03,33.0,33.0,33.0,33.0,33.0,33.0,33.0,33.0,33.0,33.0,33.0,33.0
ED-0076,64,01:04,33.0,33.0,33.0,33.0,33.0,33.0,33.0,33.0,33.0,33.0,33.0,33.0
ED-0076,65,01:05,33.0,33.0,33.0,33.0,33.0,33.0,33.0,33.0,33.0,33.0,33.0,33.0
ED-0076,66,01:06,33.0,33.0,33.0,33.0,33.0,33.0,33.0,33.0,33.0,33.0,33.0,33.0
ED-0076,67,01:07,33.0,33.0,33.0,33.0,33.0,33.0,33.0,33.0,33.0,33.0,33.0,33.0
ED-0076,68,01:08,33.0,33.0,33.0,33.0,33.0,33.0,33.0,33.0,33.0,33.0,33.0,33.0
ED-0076,69,01:09,33.0,33.0,33.0,33.0,33.0,33.0,33.0,33.0,33.0,33.0,33.0,33.0
ED-0076,70,01:10,33.0,33.0,33.0,33.0,33.0,33.0,33.0,33.0,33.0,33.0,33.0,33.0
ED-0076,71,01:11,33.0,33.0,33.0,33.0,33.0,33.0,33.0,33.0,33.0,33.0,33.0,33.0
ED-0076,72,01:12,33.0,33.0,33.0,33.0,33.0,33.0,33.0,33.0,33.0,33.0,33.0,33.0
ED-0076,73,01:13,33.0,33.0,33.0,33.0,33.0,33.0,33.0,33.0,33.0,33.0,33.0,33.0
ED-0076,74,01:14,33.0,33.0,33.0,33.0,33.0,33.0,33.0,33.0,33.0,33.0,33.0,33.0
ED-0076,75,01:15,33.0,33.0,33.0,33.0,33.0,33.0,33.0,33.0,33.0,33.0,33.0,33.0
ED-0076,76,01:16,33.0,33.0,33.0,33.0,33.0,33.0,33.0,33.0,33.0,33.0,33.0,33.0
ED-0076,77,01:17,33.0,33.0,33.0,33.0,33.0,33.0,33.0,33.0,33.0,33.0,33.0,33.0
ED-0076,78,01:18,33.0,33.0,33.0,33.0,33.0,33.0,33.0,33.0,33.0,33.0,33.0,33.0
ED-0076,79,01:19,33.0,33.0,33.0,33.0,33.0,33.0,33.0,33.0,33.0,33.0,33.0,33.0
ED-0076,80,01:20,33.0,33.0,33.0,33.0,33.0,33.0,33.0,33.0,33.0,33.0,33.0,33.0
ED-0076,81,01:21,33.0,33.0,33.0,33.0,33.0,33.0,33.0,33.0,33.0,33.0,33.0,33.0
ED-0076,82,01:22,33.0,33.0,33.0,33.0,33.0,33.0,33.0,33.0,33.0,33.0,33.0,33.0
ED-0076,83,01:23,33.0,33.0,33.0,33.0,33.0,33.0,33.0,33.0,33.0,33.0,33.0,33.0
ED-0076,84,01:24,33.0,33.0,33.0,33.0,33.0,33.0,33.0,33.0,33.0,33.0,33.0,33.0
ED-0076,85,01:25,33.0,33.0,33.0,33.0,33.0,33.0,33.0,33.0,33.0,33.0,33.0,33.0
ED-0076,86,01:26,33.0,33.0,33.0,33.0,33.0,33.0,33.0,33.0,33.0,33.0,33.0,33.0
ED-0076,87,01:27,33.0,33.0,33.0,33.0,33.0,33.0,33.0,33.0,33.0,33.0,33.0,33.0
ED-0076,88,01:28,33.0,33.0,33.0,33.0,33.0,33.0,33.0,33.0,33.0,33.0,33.0,33.0
ED-0076,89,01:29,33.0,33.0,33.0,33.0,33.0,33.0,33.0,33.0,33.0,33.0,33.0,33.0
ED-0076,90,01:30,33.0,33.0,33.0,33.0,33.0,33.0,33.0,33.0,33.0,33.0,33.0,33.0
ED-0076,91,01:31,33.0,33.0,33.0,33.0,33.0,33.0,33.0,33.0,33.0,33.0,33.0,33.0
ED-0076,92,01:32,33.0,33.0,33.0,33.0,33.0,33.0,33.0,33.0,33.0,33.0,33.0,33.0
ED-0076,93,01:33,33.0,33.0,33.0,33.0,33.0,33.0,33.0,33.0,33.0,33.0,33.0,33.0
ED-0076,94,01:34,33.0,33.0,33.0,33.0,33.0,33.0,33.0,33.0,33.0,33.0,33.0,33.0
ED-0076,95,01:35,33.0,33.0,33.0,33.0,33.0,33.0,33.0,33.0,33.0,33.0,33.0,33.0
ED-0076,96,01:36,33.0,33.0,33.0,33.0,33.0,33.0,33.0,33.0,33.0,33.0,33.0,33.0
ED-0076,97,01:37,33.0,33.0,33.0,33.0,33.0,33.0,33.0,33.0,33.0,33.0,33.0,33.0
ED-0076,98,01:38,33.0,33.0,33.0,33.0,33.0,33.0,33.0,33.0,33.0,33.0,33.0,33.0
ED-0076,99,01:39,33.0,33.0,33.0,33.0,33.0,33.0,33.0,33.0,33.0,33.0,33.0,33.0
ED-0076,100,01:40,33.0,33.0,33.0,33.0,33.0,33.0,33.0,33.0,33.0,33.0,33.0,33.0
ED-0076,101,01:41,33.0,33.0,33.0,33.0,33.0,33.0,33.0,33.0,33.0,33.0,33.0,33.0
ED-0076,102,01:42,33.0,33.0,33.0,33.0,33.0,33.0,33.0,33.0,33.0,33.0,33.0,33.0
ED-0076,103,01:43,33.0,33.0,33.0,33.0,33.0,33.0,33.0,33.0,33.0,33.0,33.0,33.0
ED-0076,104,01:44,33.0,33.0,33.0,33.0,33.0,33.0,33.0,33.0,33.0,33.0,33.0,33.0
ED-0076,105,01:45,33.0,33.0,33.0,33.0,33.0,33.0,33.0,33.0,33.0,33.0,33.0,33.0
ED-0076,106,01:46,33.0,33.0,33.0,33.0,33.0,33.0,33.0,33.0,33.0,33.0,33.0,33.0
ED-0076,107,01:47,33.0,33.0,33.0,33.0,33.0,33.0,33.0,33.0,33.0,33.0,33.0,33.0
ED-0076,108,01:48,33.0,33.0,33.0,33.0,33.0,33.0,33.0,33.0,33.0,33.0,33.0,33.0
ED-0076,109,01:49,33.0,33.0,33.0,33.0,33.0,33.0,33.0,33.0,33.0,33.0,33.0,33.0
ED-0076,110,01:50,33.0,33.0,33.0,33.0,33.0,33.0,33.0,33.0,33.0,33.0,33.0,33.0
ED-0076,111,01:51,33.0,33.0,33.0,33.0,33.0,33.0,33.0,33.0,33.0,33.0,33.0,33.0
ED-0076,112,01:52,33.0,33.0,33.0,33.0,33.0,33.0,33.0,33.0,33.0,33.0,33.0,33.0
ED-0076,113,01:53,33.0,33.0,33.0,33.0,33.0,33.0,33.0,33.0,33.0,33.0,33.0,33.0
ED-0076,114,01:54,33.0,33.0,33.0,33.0,33.0,33.0,33.0,33.0,33.0,33.0,33.0,33.0
ED-0076,115,01:55,33.0,33.0,33.0,33.0,33.0,33.0,33.0,33.0,33.0,33.0,33.0,33.0
ED-0076,116,01:56,33.0,33.0,33.0,33.0,33.0,33.0,33.0,33.0,33.0,33.0,33.0,33.0
ED-0076,117,01:57,33.0,33.0,33.0,33.0,33.0,33.0,33.0,33.0,33.0,33.0,33.0,33.0
ED-0076,118,01:58,33.0,33.0,33.0,33.0,33.0,33.0,33.0,33.0,33.0,33.0,33.0,33.0
ED-0076,119,01:59,33.0,33.0,33.0,33.0,33.0,33.0,33.0,33.0,33.0,33.0,33.0,33.0
ED-0076,120,02:00,33.0,33.0,33.0,33.0,33.0,33.0,33.0,33.0,33.0,33.0,33.0,33.0
ED-0076,121,02:01,33.0,33.0,33.0,33.0,33.0,33.0,33.0,33.0,33.0,33.0,33.0,33.0
ED-0076,122,02:02,33.0,33.0,33.0,33.0,33.0,33.0,33.0,33.0,33.0,33.0,33.0,33.0
ED-0076,123,02:03,33.0,33.0,33.0,33.0,33.0,33.0,33.0,33.0,33.0,33.0,33.0,33.0
ED-0076,124,02:04,33.0,33.0,33.0,33.0,33.0,33.0,33.0,33.0,33.0,33.0,33.0,33.0
ED-0076,125,02:05,33.0,33.0,33.0,33.0,33.0,33.0,33.0,33.0,33.0,33.0,33.0,33.0
ED-0076,126,02:06,33.0,33.0,33.0,33.0,33.0,33.0,33.0,33.0,33.0,33.0,33.0,33.0
ED-0076,127,02:07,33.0,33.0,33.0,33.0,33.0,33.0,33.0,33.0,33.0,33.0,33.0,33.0
ED-0076,128,02:08,33.0,33.0,33.0,33.0,33.0,33.0,33.0,33.0,33.0,33.0,33.0,33.0
ED-0076,129,02:09,33.0,33.0,33.0,33.0,33.0,33.0,33.0,33.0,33.0,33.0,33.0,33.0
ED-0076,130,02:10,33.0,33.0,33.0,33.0,33.0,33.0,33.0,33.0,33.0,33.0,33.0,33.0
ED-0076,131,02:11,33.0,33.0,33.0,33.0,33.0,33.0,33.0,33.0,33.0,33.0,33.0,33.0
ED-0076,132,02:12,33.0,33.0,33.0,33.0,33.0,33.0,33.0,33.0,33.0,33.0,33.0,33.0
ED-0076,133,02:13,33.0,33.0,33.0,33.0,33.0,33.0,33.0,33.0,33.0,33.0,33.0,33.0
ED-0076,134,02:14,33.0,33.0,33.0,33.0,33.0,33.0,33.0,33.0,33.0,33.0,33.0,33.0
ED-0076,135,02:15,33.0,33.0,33.0,33.0,33.0,33.0,33.0,33.0,33.0,33.0,33.0,33.0
ED-0076,136,02:16,33.0,33.0,33.0,33.0,33.0,33.0,33.0,33.0,33.0,33.0,33.0,33.0
ED-0076,137,02:17,33.0,33.0,33.0,33.0,33.0,33.0,33.0,33.0,33.0,33.0,33.0,33.0
ED-0076,138,02:18,33.0,33.0,33.0,33.0,33.0,33.0,33.0,33.0,33.0,33.0,33.0,33.0
ED-0076,139,02:19,33.0,33.0,33.0,33.0,33.0,33.0,33.0,33.0,33.0,33.0,33.0,33.0
ED-0076,140,02:20,33.0,33.0,33.0,33.0,33.0,33.0,33.0,33.0,33.0,33.0,33.0,33.0
ED-0076,141,02:21,33.0,33.0,33.0,33.0,33.0,33.0,33.0,33.0,33.0,33.0,33.0,33.0
ED-0076,142,02:22,33.0,33.0,33.0,33.0,33.0,33.0,33.0,33.0,33.0,33.0,33.0,33.0
ED-0076,143,02:23,33.0,33.0,33.0,33.0,33.0,33.0,33.0,33.0,33.0,33.0,33.0,33.0
ED-0076,144,02:24,33.0,33.0,33.0,33.0,33.0,33.0,33.0,33.0,33.0,33.0,33.0,33.0
ED-0076,145,02:25,33.0,33.0,33.0,33.0,33.0,33.0,33.0,33.0,33.0,33.0,33.0,33.0
ED-0076,146,02:26,33.0,33.0,33.0,33.0,33.0,33.0,33.0,33.0,33.0,33.0,33.0,33.0
ED-0076,147,02:27,33.0,33.0,33.0,33.0,33.0,33.0,33.0,33.0,33.0,33.0,33.0,33.0
ED-0076,148,02:28,33.0,33.0,33.0,33.0,33.0,33.0,33.0,33.0,33.0,33.0,33.0,33.0
ED-0076,149,02:29,33.0,33.0,33.0,33.0,33.0,33.0,33.0,33.0,33.0,33.0,33.0,33.0
ED-0076,150,02:30,33.0,33.0,33.0,33.0,33.0,33.0,33.0,33.0,33.0,33.0,33.0,33.0
ED-0076,151,02:31,33.0,33.0,33.0,33.0,33.0,33.0,33.0,33.0,33.0,33.0,33.0,33.0
ED-0076,152,02:32,33.0,33.0,33.0,33.0,33.0,33.0,33.0,33.0,33.0,33.0,33.0,33.0
ED-0076,153,02:33,33.0,33.0,33.0,33.0,33.0,33.0,33.0,33.0,33.0,33.0,33.0,33.0
ED-0076,154,02:34,33.0,33.0,33.0,33.0,33.0,33.0,33.0,33.0,33.0,33.0,33.0,33.0
ED-0076,155,02:35,33.0,33.0,33.0,33.0,33.0,33.0,33.0,33.0,33.0,33.0,33.0,33.0
ED-0076,156,02:36,33.0,33.0,33.0,33.0,33.0,33.0,33.0,33.0,33.0,33.0,33.0,33.0
ED-0076,157,02:37,33.0,33.0,33.0,33.0,33.0,33.0,33.0,33.0,33.0,33.0,33.0,33.0
ED-0076,158,02:38,33.0,33.0,33.0,33.0,33.0,33.0,33.0,33.0,33.0,33.0,33.0,33.0
ED-0076,159,02:39,33.0,33.0,33.0,33.0,33.0,33.0,33.0,33.0,33.0,33.0,33.0,33.0
ED-0076,160,02:40,33.0,33.0,33.0,33.0,33.0,33.0,33.0,33.0,33.0,33.0,33.0,33.0
ED-0076,161,02:41,33.0,33.0,33.0,33.0,33.0,33.0,33.0,33.0,33.0,33.0,33.0,33.0
ED-0076,162,02:42,33.0,33.0,33.0,33.0,33.0,33.0,33.0,33.0,33.0,33.0,33.0,33.0
ED-0076,163,02:43,33.0,33.0,33.0,33.0,33.0,33.0,33.0,33.0,33.0,33.0,33.0,33.0
ED-0076,164,02:44,33.0,33.0,33.0,33.0,33.0,33.0,33.0,33.0,33.0,33.0,33.0,33.0
ED-0076,165,02:45,33.0,33.0,33.0,33.0,33.0,33.0,33.0,33.0,33.0,33.0,33.0,33.0
ED-0076,166,02:46,33.0,33.0,33.0,33.0,33.0,33.0,33.0,33.0,33.0,33.0,33.0,33.0
ED-0076,167,02:47,33.0,33.0,33.0,33.0,33.0,33.0,33.0,33.0,33.0,33.0,33.0,33.0
ED-0076,168,02:48,33.0,33.0,33.0,33.0,33.0,33.0,33.0,33.0,33.0,33.0,33.0,33.0
ED-0076,169,02:49,33.0,33.0,33.0,33.0,33.0,33.0,33.0,33.0,33.0,33.0,33.0,33.0
ED-0076,170,02:50,33.0,33.0,33.0,33.0,33.0,33.0,33.0,33.0,33.0,33.0,33.0,33.0
ED-0076,171,02:51,33.0,33.0,33.0,33.0,33.0,33.0,33.0,33.0,33.0,33.0,33.0,33.0
ED-0076,172,02:52,33.0,33.0,33.0,33.0,33.0,33.0,33.0,33.0,33.0,33.0,33.0,33.0
ED-0076,173,02:53,33.0,33.0,33.0,33.0,33.0,33.0,33.0,33.0,33.0,33.0,33.0,33.0
ED-0076,174,02:54,33.0,33.0,33.0,33.0,33.0,33.0,33.0,33.0,33.0,33.0,33.0,33.0
ED-0076,175,02:55,33.0,33.0,33.0,33.0,33.0,33.0,33.0,33.0,33.0,33.0,33.0,33.0
ED-0076,176,02:56,33.0,33.0,33.0,33.0,33.0,33.0,33.0,33.0,33.0,33.0,33.0,33.0
ED-0076,177,02:57,33.0,33.0,33.0,33.0,33.0,33.0,33.0,33.0,33.0,33.0,33.0,33.0
ED-0076,178,02:58,33.0,33.0,33.0,33.0,33.0,33.0,33.0,33.0,33.0,33.0,33.0,33.0
ED-0076,179,02:59,33.0,33.0,33.0,33.0,33.0,33.0,33.0,33.0,33.0,33.0,33.0,33.0
ED-0076,180,03:00,33.0,33.0,33.0,33.0,33.0,33.0,33.0,33.0,33.0,33.0,33.0,33.0
ED-0076,181,03:01,33.0,33.0,33.0,33.0,33.0,33.0,33.0,33.0,33.0,33.0,33.0,33.0
ED-0076,182,03:02,33.0,33.0,33.0,33.0,33.0,33.0,33.0,33.0,33.0,33.0,33.0,33.0
ED-0076,183,03:03,33.0,33.0,33.0,33.0,33.0,33.0,33.0,33.0,33.0,33.0,33.0,33.0
ED-0076,184,03:04,33.0,33.0,33.0,33.0,33.0,33.0,33.0,33.0,33.0,33.0,33.0,33.0
ED-0076,185,03:05,33.0,33.0,33.0,33.0,33.0,33.0,33.0,33.0,33.0,33.0,33.0,33.0
ED-0076,186,03:06,33.0,33.0,33.0,33.0,33.0,33.0,33.0,33.0,33.0,33.0,33.0,33.0
ED-0076,187,03:07,33.0,33.0,33.0,33.0,33.0,33.0,33.0,33.0,33.0,33.0,33.0,33.0
ED-0076,188,03:08,33.0,33.0,33.0,33.2,33.0,33.0,33.0,33.0,33.0,33.0,33.0,33.0
ED-0076,189,03:09,33.0,33.3,33.0,33.0,33.0,33.0,33.0,33.0,33.0,33.0,33.8,33.0
ED-0076,190,03:10,33.0,33.0,33.0,33.3,33.0,33.0,33.0,33.0,33.0,33.0,33.0,33.0
ED-0076,191,03:11,33.0,33.3,33.0,33.0,33.0,33.0,33.0,33.0,33.0,33.0,33.0,33.0
ED-0076,192,03:12,33.0,33.0,33.0,33.0,33.0,33.0,33.0,33.0,33.0,33.0,33.5,33.0
ED-0076,193,03:13,33.0,33.2,33.0,33.0,33.0,33.0,33.0,33.0,33.0,33.0,33.6,33.0
ED-0076,194,03:14,33.0,34.2,33.0,33.0,33.0,33.0,33.0,33.0,33.0,33.0,33.4,33.0
ED-0076,195,03:15,33.0,33.0,33.0,33.2,33.0,33.0,33.0,33.0,33.0,33.0,34.1,33.0
ED-0076,196,03:16,33.0,33.0,33.0,34.2,33.0,33.0,33.0,33.0,33.0,33.0,34.7,33.0
ED-0076,197,03:17,33.0,34.0,33.0,34.0,33.0,33.0,33.0,33.0,33.0,33.0,34.4,33.0
ED-0076,198,03:18,33.0,33.8,33.0,34.6,33.0,33.0,33.0,33.0,33.0,33.0,34.0,33.0
ED-0076,199,03:19,33.0,34.1,33.0,34.7,33.0,33.0,33.0,33.0,33.0,33.0,33.6,33.0
ED-0076,200,03:20,33.0,33.7,33.0,34.1,33.0,33.0,33.0,33.0,33.0,33.0,34.6,33.0
ED-0076,201,03:21,33.0,34.8,33.0,34.3,33.0,33.0,33.0,33.0,33.0,33.0,35.1,33.0
ED-0076,202,03:22,33.0,35.2,33.0,35.2,33.0,33.0,33.0,33.0,33.0,33.0,35.6,33.0
ED-0076,203,03:23,33.0,34.2,33.0,34.5,33.0,33.0,33.0,33.0,33.0,33.0,35.7,33.0
ED-0076,204,03:24,33.0,35.0,33.0,35.3,33.0,33.0,33.0,33.0,33.0,33.0,35.3,33.0
ED-0076,205,03:25,33.0,35.1,33.0,34.9,33.0,33.0,33.0,33.0,33.0,33.0,35.6,33.0
ED-0076,206,03:26,33.0,35.7,33.0,36.2,33.0,33.0,33.0,33.0,33.0,33.0,35.6,33.0
ED-0076,207,03:27,33.0,35.3,33.0,36.2,33.0,33.0,33.0,33.0,33.0,33.0,36.9,33.0
ED-0076,208,03:28,33.0,35.9,33.6,36.6,33.0,33.0,33.0,33.0,33.0,33.0,35.7,33.0
ED-0076,209,03:29,33.0,36.3,33.0,36.6,33.0,33.0,33.0,33.0,33.0,33.0,36.5,33.0
ED-0076,210,03:30,33.0,36.4,33.5,36.0,33.0,33.0,33.0,33.0,33.0,33.0,36.9,33.0
ED-0076,211,03:31,33.0,36.2,34.0,36.9,33.0,33.0,33.0,33.0,33.0,33.0,36.0,33.0
ED-0076,212,03:32,33.0,36.3,34.3,37.4,33.0,33.0,33.0,33.0,33.0,33.0,36.9,33.0
ED-0076,213,03:33,33.0,36.8,33.4,37.5,33.0,33.0,33.0,33.0,33.0,33.0,37.1,33.0
ED-0076,214,03:34,33.0,36.7,33.9,37.9,33.0,33.0,33.0,33.0,33.0,33.0,37.5,33.0
ED-0076,215,03:35,33.0,37.1,34.9,37.5,33.0,33.0,33.0,33.0,33.0,33.0,37.7,33.0
ED-0076,216,03:36,33.0,38.3,34.4,38.2,33.0,33.0,33.0,33.0,33.0,33.0,38.3,33.0
ED-0076,217,03:37,33.0,37.7,34.7,38.9,33.0,33.0,33.0,33.0,33.0,33.0,39.4,33.0
ED-0076,218,03:38,33.0,38.9,35.0,39.0,33.0,33.0,33.0,33.0,33.7,33.0,38.5,33.0
ED-0076,219,03:39,33.0,38.4,35.8,39.9,33.0,33.0,33.0,33.0,33.6,33.7,38.6,33.0
ED-0076,220,03:40,33.0,38.6,35.6,39.6,33.0,33.0,33.0,33.0,33.9,33.6,38.6,33.0
ED-0076,221,03:41,33.0,39.6,36.1,39.4,33.0,33.0,33.0,33.0,33.0,33.8,39.0,33.0
ED-0076,222,03:42,33.0,39.3,36.4,38.9,33.0,33.0,33.0,33.0,33.4,33.4,39.3,33.0
ED-0076,223,03:43,33.0,39.1,36.2,39.7,33.0,33.0,33.0,33.0,34.2,35.2,39.5,33.0
ED-0076,224,03:44,33.0,39.2,36.5,40.7,33.0,33.0,33.0,33.0,34.6,34.3,40.4,33.0
ED-0076,225,03:45,33.0,41.5,37.1,40.0,33.0,33.0,33.0,33.0,35.1,35.7,39.7,33.3
ED-0076,226,03:46,33.0,40.4,37.5,39.8,33.0,33.0,33.0,33.0,34.6,35.2,40.5,33.4
ED-0076,227,03:47,33.2,40.4,37.4,41.3,33.0,33.0,33.0,33.0,34.3,34.4,40.6,33.0
ED-0076,228,03:48,33.0,40.7,37.9,41.2,33.0,33.0,33.0,33.0,35.5,36.2,41.1,33.7
ED-0076,229,03:49,33.0,41.1,37.5,41.1,33.0,33.0,33.0,33.0,35.5,36.1,41.2,33.1
ED-0076,230,03:50,33.0,40.9,38.6,41.7,33.0,33.0,33.0,33.0,35.2,36.2,42.1,33.7
ED-0076,231,03:51,33.6,41.2,39.0,43.3,33.0,33.0,33.0,33.0,35.7,36.8,41.3,33.7
ED-0076,232,03:52,33.5,41.8,39.0,42.2,33.0,34.3,33.0,33.0,36.5,35.6,42.7,34.1
ED-0076,233,03:53,33.1,42.4,39.3,42.9,33.0,34.0,33.0,33.0,36.5,37.5,41.6,34.6
ED-0076,234,03:54,33.6,43.0,39.3,43.1,33.0,34.1,33.0,33.0,36.4,36.9,43.3,34.5
ED-0076,235,03:55,33.5,43.6,39.5,43.3,33.3,34.0,33.0,33.0,37.0,38.0,42.6,34.3
ED-0076,236,03:56,34.2,42.8,40.6,43.4,33.0,34.1,33.0,33.0,37.4,37.7,43.2,34.5
ED-0076,237,03:57,34.0,43.6,40.7,43.9,33.2,33.9,33.0,33.0,37.4,37.9,44.1,35.6
ED-0076,238,03:58,35.5,44.0,41.4,44.4,33.3,34.9,33.0,33.0,38.1,38.1,44.3,35.5
ED-0076,239,03:59,33.9,44.0,40.8,44.9,33.0,34.9,33.8,33.0,39.1,38.2,44.1,35.3
ED-0076,240,04:00,35.4,43.9,40.9,45.4,33.9,35.5,33.0,33.0,39.0,38.6,44.2,35.8
ED-0076,241,04:01,34.7,44.7,41.5,45.6,34.3,35.2,33.6,33.0,38.6,39.3,45.9,36.3
ED-0076,242,04:02,36.3,44.4,42.0,46.4,34.0,35.5,33.0,33.0,39.1,38.9,45.5,37.2
ED-0076,243,04:03,35.5,44.7,42.7,46.7,34.6,35.4,34.2,33.0,39.1,39.3,46.4,36.4
ED-0076,244,04:04,36.0,44.6,42.8,46.6,34.2,35.9,33.7,33.0,38.9,39.5,44.9,37.1
ED-0076,245,04:05,36.5,45.7,43.6,47.2,34.4,36.4,34.2,33.0,40.8,39.1,45.9,37.2
ED-0076,246,04:06,36.0,46.4,43.6,47.8,34.5,36.2,34.0,33.6,39.7,40.0,47.3,37.8
ED-0076,247,04:07,36.0,46.6,43.0,47.6,34.6,35.8,33.7,33.0,40.8,40.1,45.6,37.3
ED-0076,248,04:08,37.2,47.2,43.8,47.3,34.6,37.0,34.2,33.0,40.6,40.7,47.7,38.4
ED-0076,249,04:09,38.2,47.9,43.5,47.8,35.8,37.4,35.6,33.8,40.7,41.9,46.7,38.6
ED-0076,250,04:10,36.8,47.7,44.2,48.6,36.3,36.6,35.4,33.6,41.5,41.2,47.3,38.3
ED-0076,251,04:11,38.4,48.5,45.8,49.1,36.3,38.0,35.5,34.1,41.7,41.5,47.7,39.4
ED-0076,252,04:12,37.6,47.5,45.0,49.3,36.1,36.1,35.9,33.5,41.6,41.9,48.5,38.9
ED-0076,253,04:13,38.8,48.7,45.1,48.7,36.7,37.6,35.9,35.1,43.3,43.7,48.0,39.2
ED-0076,254,04:14,39.0,48.8,45.8,50.9,36.7,38.8,36.2,33.9,42.1,42.4,49.5,38.9
ED-0076,255,04:15,39.5,49.4,46.0,50.1,36.8,37.6,36.0,34.0,43.2,43.1,49.3,39.6
ED-0076,256,04:16,40.0,49.7,46.9,49.6,37.7,39.2,37.2,34.7,42.6,43.3,49.7,39.9
ED-0076,257,04:17,40.6,49.7,46.6,51.2,37.3,38.2,36.2,35.0,43.6,43.3,50.5,40.9
ED-0076,258,04:18,39.4,49.9,47.8,51.5,38.7,39.1,36.6,34.8,42.8,44.0,50.5,40.8
ED-0076,259,04:19,40.1,50.7,47.4,51.5,37.9,38.6,37.4,36.2,44.7,43.7,51.2,40.9
ED-0076,260,04:20,41.0,50.6,48.1,51.2,38.2,39.0,38.5,35.7,44.7,44.4,52.0,42.1
ED-0076,261,04:21,40.7,52.2,48.1,53.0,38.8,39.8,38.6,36.7,45.1,44.4,51.3,41.1
ED-0076,262,04:22,41.1,51.0,48.2,51.8,38.6,40.2,39.2,36.4,45.1,44.6,51.8,42.9
ED-0076,263,04:23,41.8,52.3,48.8,53.4,38.8,40.9,39.1,36.1,45.5,45.1,51.9,41.8
ED-0076,264,04:24,41.1,52.0,49.2,53.4,38.2,40.5,39.0,37.4,45.6,46.2,53.4,42.3
ED-0076,265,04:25,42.2,52.7,49.2,53.7,39.6,40.3,38.7,37.3,46.1,46.8,53.0,42.5
ED-0076,266,04:26,42.1,52.5,49.2,54.9,39.9,41.9,38.9,38.3,46.6,46.2,54.1,43.5
ED-0076,267,04:27,43.9,53.0,50.6,55.2,39.9,41.6,40.5,38.6,46.8,46.3,53.3,42.8
ED-0076,268,04:28,42.9,53.9,50.8,55.1,40.3,42.0,40.7,38.7,46.1,46.5,54.4,44.5
ED-0076,269,04:29,43.5,54.9,50.3,55.0,40.6,41.3,40.1,38.5,47.8,48.3,54.4,43.7
ED-0076,270,04:30,43.8,54.7,50.1,55.4,41.4,41.2,41.3,39.2,47.1,46.6,54.9,44.5
ED-0076,271,04:31,43.7,55.0,51.2,56.0,40.8,42.6,40.8,38.7,47.3,47.4,55.8,44.4
ED-0076,272,04:32,44.5,55.9,52.2,55.9,41.3,43.8,40.5,39.1,47.1,47.5,55.2,44.1
ED-0076,273,04:33,45.1,56.4,52.6,57.5,41.6,42.9,41.4,39.3,48.5,48.4,56.2,45.4
ED-0076,274,04:34,45.6,56.2,52.3,57.0,42.2,43.9,41.8,40.4,48.5,47.7,56.7,46.2
ED-0076,275,04:35,45.4,55.9,52.9,57.9,42.6,44.1,41.8,39.8,49.1,49.2,56.6,46.1
ED-0076,276,04:36,44.8,57.4,52.9,58.6,41.5,44.1,42.0,40.2,50.1,49.4,56.7,45.6
ED-0076,277,04:37,46.0,56.8,53.7,59.1,42.5,43.8,42.0,41.2,49.4,48.5,57.3,46.2
ED-0076,278,04:38,45.7,58.0,52.9,59.1,42.3,45.0,44.0,41.6,50.1,49.3,57.4,47.1
ED-0076,279,04:39,46.8,58.0,53.5,57.9,43.9,45.4,43.0,42.5,50.5,49.5,58.2,47.2
ED-0076,280,04:40,46.5,57.4,54.1,59.3,44.1,45.7,43.1,42.1,50.4,50.1,59.0,47.0
ED-0076,281,04:41,46.8,58.8,54.1,59.3,43.9,46.3,44.0,42.1,50.4,51.0,58.8,48.1
ED-0076,282,04:42,46.9,59.4,54.4,59.6,44.1,46.6,44.2,42.9,52.7,51.1,58.8,48.4
ED-0076,283,04:43,48.4,58.5,55.0,61.1,44.4,46.3,44.8,42.5,52.4,50.8,60.4,47.9
ED-0076,284,04:44,47.9,59.7,55.7,61.3,45.1,47.2,45.1,43.4,52.6,51.2,59.9,49.0
ED-0076,285,04:45,47.7,59.9,55.7,61.1,45.1,47.6,44.7,44.2,52.4,51.0,59.8,48.1
ED-0076,286,04:46,49.3,60.1,55.7,61.0,45.4,47.7,45.8,44.2,52.7,51.0,60.9,50.2
ED-0076,287,04:47,48.5,59.8,55.9,62.2,47.0,47.8,45.2,44.3,53.1,52.2,60.5,49.4
ED-0076,288,04:48,49.3,60.8,56.8,61.5,46.8,48.4,47.0,44.3,52.9,53.0,61.3,50.3
ED-0076,289,04:49,49.9,60.8,57.1,62.1,46.6,48.4,47.5,44.9,53.1,53.0,61.4,50.8
ED-0076,290,04:50,50.2,61.1,56.7,63.4,47.2,49.1,47.3,44.7,53.4,51.2,61.6,50.5
ED-0076,291,04:51,50.8,61.9,57.9,62.8,47.0,49.1,47.4,46.1,54.3,52.8,62.8,51.2
ED-0076,292,04:52,50.9,62.7,58.7,63.6,48.1,49.8,48.0,45.4,53.7,54.0,63.1,51.2
ED-0076,293,04:53,51.7,62.7,57.9,63.2,47.9,49.8,48.3,46.6,54.3,54.1,63.0,51.4
ED-0076,294,04:54,51.5,62.2,58.9,63.9,46.7,50.6,49.1,47.1,54.3,54.2,63.1,52.4
ED-0076,295,04:55,52.3,62.6,58.9,63.2,48.6,50.4,48.9,46.1,54.8,54.5,64.0,52.4
ED-0076,296,04:56,52.1,64.2,60.3,65.0,49.6,51.4,48.6,46.0,54.2,54.0,64.1,52.9
ED-0076,297,04:57,52.6,63.2,60.0,65.5,49.5,50.9,50.0,47.4,55.8,55.1,64.6,53.4
ED-0076,298,04:58,52.7,64.2,59.7,65.3,49.8,51.8,50.6,47.3,56.1,54.1,64.8,54.3
ED-0076,299,04:59,54.0,65.6,61.4,64.9,50.6,51.9,49.8,48.2,56.0,54.4,64.8,54.0
ED-0076,300,05:00,54.1,64.6,60.9,65.7,50.8,52.4,50.6,48.2,55.3,54.9,64.6,54.6
ED-0076,301,05:01,54.1,64.2,59.5,66.4,50.9,53.6,51.2,49.6,56.5,55.2,65.8,54.3
ED-0076,302,05:02,54.4,65.0,60.8,65.9,51.1,53.3,50.8,49.1,57.0,55.5,66.5,55.2
ED-0076,303,05:03,55.3,65.9,60.9,66.0,51.8,54.2,51.2,49.3,57.4,56.2,66.3,55.8
ED-0076,304,05:04,54.9,65.7,61.0,66.8,51.2,53.8,51.8,49.2,57.9,56.1,66.9,56.1
ED-0076,305,05:05,55.0,66.1,61.9,67.1,52.4,54.3,52.3,49.1,57.5,56.1,67.2,55.7
ED-0076,306,05:06,56.1,66.5,61.4,67.3,53.1,54.4,51.8,50.5,57.6,56.6,67.2,54.9
ED-0076,307,05:07,55.5,67.9,62.1,68.5,52.0,55.1,53.1,50.6,58.6,56.6,67.2,56.4
ED-0076,308,05:08,56.2,67.6,61.4,68.7,52.5,55.5,53.5,50.8,58.6,56.6,68.7,56.3
ED-0076,309,05:09,56.6,67.0,63.0,68.4,53.2,55.5,53.5,51.9,58.7,57.0,68.3,56.2
ED-0076,310,05:10,56.9,67.3,62.4,67.8,53.4,56.0,53.8,51.9,59.6,56.6,68.7,57.9
ED-0076,311,05:11,57.1,68.5,62.2,69.2,53.9,56.5,54.0,51.5,59.3,57.9,68.4,57.8
ED-0076,312,05:12,57.1,69.4,63.2,70.1,54.2,57.1,55.5,52.8,59.0,57.3,68.3,57.4
ED-0076,313,05:13,57.5,69.3,63.4,71.1,53.9,57.6,54.8,52.0,59.8,57.8,69.3,58.0
ED-0076,314,05:14,57.8,69.4,62.9,69.6,54.9,57.7,55.9,51.6,59.3,58.1,70.3,58.3
ED-0076,315,05:15,58.1,68.5,64.3,70.4,54.7,57.5,56.8,52.5,60.7,58.3,70.1,58.6
ED-0076,316,05:16,58.9,69.0,64.5,70.2,54.4,57.7,56.6,53.8,60.3,58.9,70.2,58.9
ED-0076,317,05:17,59.4,69.6,64.9,71.1,55.8,58.3,57.3,53.5,60.1,58.3,71.3,59.1
ED-0076,318,05:18,59.3,70.4,64.0,71.3,56.0,58.2,56.6,53.3,60.9,59.3,71.7,60.1
ED-0076,319,05:19,58.5,70.1,64.7,70.8,56.0,60.2,57.1,54.1,61.7,58.4,70.9,59.4
ED-0076,320,05:20,60.1,70.6,65.2,71.1,56.7,59.2,57.6,54.1,61.4,59.4,70.9,60.1
ED-0076,321,05:21,59.8,70.5,65.6,71.4,55.9,60.3,58.4,54.6,61.6,59.5,71.7,60.4
ED-0076,322,05:22,60.4,71.0,65.6,71.1,58.2,60.5,58.3,55.0,61.6,58.8,71.6,60.8
ED-0076,323,05:23,60.2,71.6,66.7,72.6,57.3,60.5,58.7,55.4,62.2,59.8,72.0,61.3
ED-0076,324,05:24,60.9,71.8,65.9,72.1,58.4,60.5,58.9,55.2,62.0,59.3,73.0,61.2
ED-0076,325,05:25,61.7,71.3,64.9,71.7,57.9,61.7,59.0,56.2,62.2,60.6,72.9,61.6
ED-0076,326,05:26,61.8,72.2,66.1,72.4,58.3,61.4,60.0,56.2,62.8,60.2,71.9,62.4
ED-0076,327,05:27,61.4,72.4,65.3,72.4,57.6,62.1,59.6,55.2,62.3,60.9,73.2,61.9
ED-0076,328,05:28,62.2,72.8,66.5,72.8,59.7,62.6,60.2,57.4,63.1,60.7,73.4,62.8
ED-0076,329,05:29,62.3,71.8,66.1,73.2,59.2,62.5,60.1,57.6,62.9,60.8,73.6,63.0
ED-0076,330,05:30,61.7,72.5,66.3,74.2,59.0,63.3,60.7,57.0,64.1,60.5,74.1,62.7
ED-0076,331,05:31,62.7,73.4,67.0,73.2,59.0,63.3,61.6,57.7,63.8,59.7,73.8,62.1
ED-0076,332,05:32,62.7,73.0,67.7,74.5,60.8,64.4,61.7,58.1,63.6,60.9,74.2,63.3
ED-0076,333,05:33,63.2,73.7,66.9,74.2,61.3,63.7,61.5,58.0,64.9,61.1,75.0,63.5
ED-0076,334,05:34,62.7,72.8,67.5,74.3,61.0,64.1,62.2,57.9,64.4,61.8,74.7,64.2
ED-0076,335,05:35,63.7,73.6,67.4,73.7,60.3,64.8,61.1,58.7,64.7,61.8,75.0,64.2
ED-0076,336,05:36,63.7,74.2,67.5,75.1,61.2,64.8,62.4,58.2,64.5,61.8,74.1,64.9
ED-0076,337,05:37,63.9,74.1,68.3,73.9,61.1,64.9,63.1,58.9,64.8,61.6,76.0,64.7
ED-0076,338,05:38,64.7,74.2,67.8,75.4,61.1,64.9,63.3,58.9,64.9,62.8,75.1,65.0
ED-0076,339,05:39,63.8,74.5,68.4,75.4,61.4,65.8,63.4,59.9,65.3,62.5,75.1,65.3
ED-0076,340,05:40,64.5,75.5,67.9,75.1,61.4,66.6,63.3,60.4,65.1,62.9,76.2,64.8
ED-0076,341,05:41,65.3,75.5,68.2,75.6,62.0,65.8,63.9,59.6,66.0,62.1,76.9,66.2
ED-0076,342,05:42,65.0,74.7,69.4,76.2,63.0,66.3,64.1,59.6,65.5,62.2,76.2,65.5
ED-0076,343,05:43,65.9,74.8,68.7,75.6,63.3,67.6,64.0,61.2,65.6,62.5,76.2,66.1
ED-0076,344,05:44,65.8,75.2,69.3,76.1,63.1,67.0,64.9,61.0,66.2,63.1,76.7,65.3
ED-0076,345,05:45,66.2,75.1,69.0,76.3,63.0,67.8,65.6,60.8,65.5,63.0,77.8,66.3
ED-0076,346,05:46,65.6,75.8,69.2,76.9,63.1,67.2,64.8,61.9,65.6,62.9,76.8,66.3
ED-0076,347,05:47,65.8,76.4,69.4,76.2,64.2,67.2,65.0,60.5,66.2,63.0,77.5,67.2
ED-0076,348,05:48,66.3,76.1,69.1,76.4,64.3,67.7,65.3,60.6,67.4,62.2,77.6,67.2
ED-0076,349,05:49,67.3,76.8,69.3,75.5,63.8,68.3,66.7,61.0,65.5,63.5,77.7,67.5
ED-0076,350,05:50,66.9,76.5,70.5,77.0,65.1,69.4,67.1,62.0,66.7,63.1,77.5,67.5
ED-0076,351,05:51,67.2,77.6,69.9,77.2,65.1,68.5,66.8,62.9,67.1,63.3,78.0,67.7
ED-0076,352,05:52,66.8,76.3,69.9,76.4,65.4,69.6,66.4,62.1,67.7,62.8,78.5,66.9
ED-0076,353,05:53,66.9,76.2,69.9,77.5,64.8,69.5,67.2,62.5,65.9,64.7,78.5,68.1
ED-0076,354,05:54,67.7,77.7,70.6,77.3,64.7,70.0,66.7,62.5,67.1,63.7,79.3,68.9
ED-0076,355,05:55,68.0,76.7,69.4,76.9,65.6,70.2,67.9,63.4,68.4,62.7,78.5,68.4
ED-0076,356,05:56,68.0,76.5,70.0,78.1,65.9,70.0,67.2,63.1,66.6,64.2,79.3,68.3
ED-0076,357,05:57,67.7,77.5,69.7,78.5,66.0,70.6,68.3,63.3,67.2,63.3,79.2,68.8
ED-0076,358,05:58,67.6,77.4,70.6,78.4,66.2,71.6,68.4,63.4,67.9,64.0,78.6,69.0
ED-0076,359,05:59,68.5,77.9,70.3,78.3,65.9,71.4,69.2,63.9,67.7,64.2,79.5,69.4
ED-0076,360,06:00,68.4,77.5,70.9,78.1,66.4,71.7,68.4,64.7,67.8,65.0,79.1,68.8
ED-0076,361,06:01,69.5,77.6,70.6,78.3,67.4,71.7,68.5,64.7,68.4,63.3,78.8,69.4
ED-0076,362,06:02,68.8,77.2,70.3,78.2,67.2,72.2,70.0,65.0,67.9,63.9,78.9,68.8
ED-0076,363,06:03,69.5,77.6,71.1,78.8,67.1,72.4,68.9,63.9,68.5,64.5,78.8,69.8
ED-0076,364,06:04,68.3,78.5,71.3,78.3,66.9,72.3,69.0,65.2,68.5,64.6,78.9,70.4
ED-0076,365,06:05,69.3,78.7,71.4,79.1,67.5,72.4,70.4,64.7,69.4,65.7,78.9,70.0
ED-0076,366,06:06,69.3,78.8,71.1,78.5,67.6,72.8,69.9,64.5,68.3,65.4,79.5,69.7
ED-0076,367,06:07,70.1,78.7,72.3,79.1,67.9,73.3,70.6,65.1,67.8,64.9,80.4,69.9
ED-0076,368,06:08,70.5,77.6,71.7,78.8,68.0,73.4,70.7,64.1,69.2,64.9,79.8,70.2
ED-0076,369,06:09,69.3,77.0,71.8,79.0,68.5,72.9,70.8,66.5,68.8,64.7,79.8,70.7
ED-0076,370,06:10,69.9,78.5,71.6,78.5,67.7,74.1,71.5,66.0,68.7,64.4,80.6,69.7
ED-0076,371,06:11,70.1,78.7,71.5,79.3,68.7,74.2,71.1,65.3,69.5,64.9,80.5,70.8
ED-0076,372,06:12,69.6,78.9,71.6,79.4,69.5,73.5,71.2,65.6,68.6,65.5,81.1,70.9
ED-0076,373,06:13,69.2,78.2,71.4,79.9,68.7,73.6,72.0,65.8,70.0,65.1,81.0,71.3
ED-0076,374,06:14,70.5,79.4,71.0,79.4,67.8,74.3,70.7,66.1,68.4,65.1,80.6,71.3
ED-0076,375,06:15,70.9,78.5,71.4,80.2,68.4,75.4,72.4,66.7,68.7,65.6,81.1,71.4
ED-0076,376,06:16,71.0,79.6,72.0,80.1,68.7,75.3,70.9,66.9,68.6,64.5,81.2,71.4
ED-0076,377,06:17,71.1,79.8,72.2,80.4,69.4,74.2,72.4,65.9,69.0,64.5,80.6,71.4
ED-0076,378,06:18,70.3,79.6,72.2,81.4,70.0,75.2,72.0,66.9,69.6,65.5,80.7,71.0
ED-0076,379,06:19,70.8,79.1,71.7,80.5,68.6,74.4,72.3,66.7,69.0,65.7,81.2,71.9
ED-0076,380,06:20,70.2,79.2,72.7,80.0,70.5,75.7,73.0,66.2,69.3,66.1,82.3,72.2
ED-0076,381,06:21,70.8,79.4,71.9,80.2,69.5,74.9,72.5,67.4,69.3,65.6,81.7,73.0
ED-0076,382,06:22,71.4,80.7,72.9,80.1,69.9,75.4,71.8,67.9,70.4,65.4,81.1,71.2
ED-0076,383,06:23,71.4,79.7,72.5,82.2,71.2,75.7,72.3,67.6,69.7,65.0,82.5,72.9
ED-0076,384,06:24,71.0,79.5,72.1,79.9,70.2,76.5,73.2,67.2,69.8,66.1,81.8,72.8
ED-0076,385,06:25,71.6,79.5,71.7,80.2,71.0,76.8,72.6,67.3,69.5,66.2,82.1,71.9
ED-0076,386,06:26,71.7,79.8,72.8,80.0,70.5,76.6,72.2,67.8,70.3,66.2,82.7,73.2
ED-0076,387,06:27,72.3,80.0,72.9,81.2,71.6,77.4,73.6,68.2,70.5,65.5,81.5,73.0
ED-0076,388,06:28,72.3,80.0,73.1,80.6,71.5,76.7,73.9,68.8,70.0,66.5,81.7,73.4
ED-0076,389,06:29,72.1,80.3,73.4,80.2,71.3,76.9,74.2,68.1,70.2,66.4,82.6,72.6
ED-0076,390,06:30,71.0,80.3,72.9,79.9,71.8,76.8,74.2,68.0,70.3,66.2,81.7,72.7
ED-0076,391,06:31,72.0,81.0,73.0,80.8,70.9,76.3,73.5,68.3,69.9,65.1,82.1,73.8
ED-0076,392,06:32,71.1,80.9,72.3,81.6,71.8,77.7,74.8,68.2,70.7,66.1,82.0,72.7
ED-0076,393,06:33,71.7,80.7,72.7,81.3,71.0,77.3,73.7,68.8,69.5,65.9,82.6,73.2
ED-0076,394,06:34,73.0,79.8,72.8,82.2,71.9,77.5,75.1,67.9,70.8,66.7,82.7,74.0
ED-0076,395,06:35,72.2,81.0,73.8,81.7,71.6,78.0,75.2,69.3,70.3,66.6,81.4,72.9
ED-0076,396,06:36,72.3,80.8,72.9,80.9,72.3,78.0,74.6,69.3,70.7,66.9,82.5,73.5
ED-0076,397,06:37,72.9,81.0,73.0,81.5,72.5,77.9,75.4,68.7,70.0,66.4,82.9,73.2
ED-0076,398,06:38,72.2,80.0,73.9,81.4,72.0,78.4,75.5,68.9,70.7,66.2,82.3,74.3
ED-0076,399,06:39,72.1,82.1,72.9,80.4,72.1,78.8,74.8,69.9,71.1,67.3,82.5,74.0
ED-0076,400,06:40,72.5,80.3,73.0,81.4,71.9,79.1,74.8,69.2,70.7,66.7,82.8,74.6
ED-0076,401,06:41,73.0,80.7,73.3,80.6,72.0,78.3,73.8,69.0,71.3,65.8,82.7,73.2
ED-0076,402,06:42,73.4,81.1,74.2,82.0,73.0,79.0,74.8,69.6,71.0,66.6,82.7,74.5
ED-0076,403,06:43,73.1,81.3,73.3,81.3,72.1,78.6,75.6,69.9,70.7,66.3,83.3,74.0
ED-0076,404,06:44,73.7,81.3,72.2,81.9,72.4,77.9,75.3,69.1,70.9,65.8,84.0,74.0
ED-0076,405,06:45,72.8,81.4,73.0,80.5,72.2,78.3,75.2,68.7,70.9,67.1,81.6,74.4
ED-0076,406,06:46,73.0,80.9,73.5,81.3,72.6,78.4,75.7,70.1,70.9,66.8,83.9,73.8
ED-0076,407,06:47,73.7,81.6,73.8,82.0,72.9,78.9,75.4,69.4,71.6,66.4,82.6,73.8
ED-0076,408,06:48,74.0,82.1,74.0,82.2,73.0,78.6,76.3,69.6,70.7,66.6,83.1,74.7
ED-0076,409,06:49,73.4,81.3,73.8,82.1,72.8,79.7,76.1,69.5,71.4,66.2,83.7,74.5
ED-0076,410,06:50,72.9,81.1,73.6,82.1,73.4,79.4,75.9,70.1,70.7,66.2,84.0,74.1
ED-0076,411,06:51,73.1,81.0,73.9,81.0,73.3,80.6,76.3,70.0,71.0,65.7,82.9,73.7
ED-0076,412,06:52,74.0,81.8,73.4,81.8,72.1,79.2,75.9,70.1,71.2,67.0,83.9,74.5
ED-0076,413,06:53,72.9,81.3,72.8,83.0,72.8,79.3,76.2,69.7,71.0,66.8,83.0,74.2
ED-0076,414,06:54,73.0,82.1,74.6,81.9,73.1,79.3,76.4,70.6,70.3,66.2,82.8,73.9
ED-0076,415,06:55,74.1,80.9,74.3,82.3,73.5,79.1,75.7,69.9,71.3,66.9,83.5,74.4
ED-0076,416,06:56,74.0,80.8,74.0,82.6,74.2,80.2,76.3,70.7,71.0,67.5,83.6,74.3
ED-0076,417,06:57,73.5,81.6,74.1,81.9,73.8,80.6,76.8,70.8,71.1,65.8,83.7,75.1
ED-0076,418,06:58,74.1,81.0,73.2,82.0,73.0,79.9,76.6,69.7,71.3,65.9,83.8,74.8
ED-0076,419,06:59,74.4,81.9,73.8,82.6,74.4,80.3,76.9,69.6,70.7,66.9,83.3,74.6
ED-0076,420,07:00,73.4,81.3,73.2,82.5,72.8,80.9,76.2,71.4,71.1,66.7,85.0,74.8
ED-0076,421,07:01,74.5,80.9,73.3,82.4,73.7,80.7,77.2,70.2,71.6,66.1,82.9,74.7
ED-0076,422,07:02,73.3,81.9,74.4,82.6,73.9,80.1,76.9,70.4,71.8,66.6,82.9,74.5
ED-0076,423,07:03,73.8,81.9,74.8,81.8,72.8,80.6,76.7,70.6,71.4,66.7,83.3,74.4
ED-0076,424,07:04,73.8,81.9,73.4,82.3,73.7,80.1,77.1,70.2,71.8,66.7,84.1,74.1
ED-0076,425,07:05,73.9,81.5,73.9,82.4,74.4,80.4,76.4,71.0,71.1,67.0,84.5,75.0
ED-0076,426,07:06,73.7,81.7,73.3,82.4,74.9,81.2,76.3,71.7,71.5,67.2,83.7,73.9
ED-0076,427,07:07,73.8,82.3,74.6,82.1,74.0,80.0,77.6,70.6,71.8,67.1,83.9,75.1
ED-0076,428,07:08,74.6,82.5,74.2,82.5,74.1,81.0,78.2,71.4,72.0,66.8,84.0,75.2
ED-0076,429,07:09,73.9,81.7,74.2,82.5,74.4,79.8,77.7,71.4,71.8,67.0,83.8,74.2
ED-0076,430,07:10,73.6,82.0,74.6,82.5,73.1,80.6,79.1,70.5,72.0,66.7,83.4,74.5
ED-0076,431,07:11,73.5,81.9,73.5,81.7,73.9,81.0,76.6,70.0,72.1,67.7,83.7,75.1
ED-0076,432,07:12,73.9,82.1,74.6,82.4,74.3,80.9,77.8,71.1,71.4,66.6,84.5,75.2
ED-0076,433,07:13,74.5,82.1,73.7,83.2,73.6,80.3,77.9,70.9,72.0,67.4,83.6,75.5
ED-0076,434,07:14,74.7,81.0,74.5,82.5,73.2,80.8,77.8,70.4,72.0,67.0,84.9,76.0
ED-0076,435,07:15,74.2,82.0,74.0,82.6,74.2,80.6,78.0,71.2,72.5,67.2,85.0,75.1
ED-0076,436,07:16,74.2,81.8,73.9,82.3,74.4,81.0,77.8,70.2,71.0,67.6,83.6,75.8
ED-0076,437,07:17,74.8,82.6,74.1,82.2,74.9,81.4,77.9,72.2,71.8,67.3,84.2,74.6
ED-0076,438,07:18,73.6,82.5,74.8,81.6,73.7,81.3,77.2,70.4,72.5,67.9,84.0,74.9
ED-0076,439,07:19,73.7,82.4,74.4,81.6,74.3,81.2,77.4,71.0,71.6,68.0,83.9,76.2
ED-0076,440,07:20,75.5,82.7,74.3,83.1,74.3,81.0,77.4,70.9,71.8,66.6,84.3,76.5
ED-0076,441,07:21,73.8,82.7,73.9,82.7,74.1,81.1,78.1,71.0,71.2,68.0,84.1,76.1
ED-0076,442,07:22,74.6,82.2,73.9,82.1,74.7,81.4,77.6,71.5,71.6,67.0,85.0,76.1
ED-0076,443,07:23,75.1,82.4,74.5,82.6,74.7,82.4,78.0,71.1,71.9,67.5,84.4,76.1
ED-0076,444,07:24,74.4,82.5,73.9,81.8,75.1,81.5,77.7,71.4,71.9,66.5,84.8,76.5
ED-0076,445,07:25,74.5,82.1,74.2,83.9,74.1,81.0,78.2,71.3,73.1,67.3,84.5,76.5
ED-0076,446,07:26,75.2,82.3,74.4,82.5,75.0,82.0,77.7,71.1,72.2,67.5,83.9,75.5
ED-0076,447,07:27,74.9,80.9,74.8,82.2,74.6,81.9,77.6,70.7,71.2,68.5,84.0,76.2
ED-0076,448,07:28,74.6,83.2,74.7,83.4,74.9,81.5,79.1,70.9,72.7,67.3,84.9,75.5
ED-0076,449,07:29,74.4,82.0,73.6,82.8,74.1,81.4,78.7,71.7,71.8,66.3,83.1,76.3
ED-0076,450,07:30,75.3,82.1,74.8,83.1,74.3,81.4,77.3,71.3,72.5,67.4,83.0,75.6
ED-0076,451,07:31,74.8,82.8,75.1,82.8,74.7,81.4,78.5,71.5,72.9,67.5,84.8,76.1
ED-0076,452,07:32,74.3,81.3,74.4,83.9,74.4,82.2,77.4,71.2,71.5,67.6,84.4,76.2
ED-0076,453,07:33,74.4,82.8,74.5,82.9,73.6,81.6,77.9,71.4,72.3,67.8,84.9,75.9
ED-0076,454,07:34,74.2,82.1,74.0,83.4,74.7,82.6,79.1,71.4,71.7,67.2,84.4,75.9
ED-0076,455,07:35,74.7,82.7,75.0,83.2,74.6,82.3,78.4,71.3,71.9,66.7,84.1,76.1
ED-0076,456,07:36,74.6,82.2,74.7,82.5,75.0,81.7,78.8,71.6,72.5,67.9,85.5,76.5
ED-0076,457,07:37,74.4,82.1,75.2,82.6,74.3,82.3,78.6,71.9,73.1,67.2,84.2,76.5
ED-0076,458,07:38,75.0,81.9,74.7,83.7,75.3,81.6,77.9,71.8,72.4,67.6,84.5,75.7
ED-0076,459,07:39,75.0,83.3,74.3,83.2,75.1,82.5,78.8,72.5,71.9,67.7,83.9,75.5
ED-0076,460,07:40,74.6,82.5,75.0,82.8,75.1,81.6,78.7,70.9,71.5,67.0,84.6,76.7
ED-0076,461,07:41,75.1,83.2,75.5,83.1,74.4,81.3,77.9,71.4,71.9,67.1,85.6,74.7
ED-0076,462,07:42,75.1,82.6,74.6,83.7,75.2,81.2,78.5,71.9,71.6,68.1,84.1,75.8
ED-0076,463,07:43,75.5,82.5,75.1,82.5,75.2,82.1,78.6,72.5,73.5,67.9,84.3,75.6
ED-0076,464,07:44,75.0,82.7,74.6,82.4,75.4,82.4,78.6,72.2,72.5,66.9,83.8,77.0
ED-0076,465,07:45,75.5,82.2,75.1,82.7,74.6,81.8,79.1,71.8,71.9,67.9,84.4,75.6
ED-0076,466,07:46,73.8,82.4,75.2,82.5,75.2,82.4,79.0,72.1,72.6,67.1,84.8,75.5
ED-0076,467,07:47,75.1,82.5,75.4,83.6,76.5,81.6,78.9,73.0,71.1,68.1,84.9,76.2
ED-0076,468,07:48,75.1,82.6,74.3,82.9,74.8,82.1,77.9,72.3,72.7,68.2,84.0,76.1
ED-0076,469,07:49,74.8,82.8,74.3,83.7,75.4,82.5,78.7,72.6,72.1,67.5,84.3,75.9
ED-0076,470,07:50,74.7,82.7,73.8,83.6,75.1,82.7,78.7,72.6,73.4,68.2,83.8,75.9
ED-0076,471,07:51,74.7,82.3,74.3,82.1,74.9,82.4,78.9,72.5,72.3,68.3,84.8,76.0
ED-0076,472,07:52,74.5,82.5,74.4,83.1,74.6,82.1,79.0,71.8,72.1,68.0,84.3,76.7
ED-0076,473,07:53,74.4,82.8,75.5,82.0,75.5,82.9,78.9,71.6,71.9,66.5,84.2,76.2
ED-0076,474,07:54,75.2,81.0,75.0,83.0,75.4,82.7,79.0,72.0,71.7,68.0,84.6,76.5
ED-0076,475,07:55,75.3,83.1,74.6,81.8,75.5,83.2,79.4,72.0,71.0,67.8,84.8,75.4
ED-0076,476,07:56,74.7,81.5,74.8,82.7,76.1,82.1,78.4,71.8,72.5,67.8,85.0,74.9
ED-0076,477,07:57,74.6,81.9,75.2,83.1,74.8,81.7,78.9,72.9,72.9,67.6,85.0,75.5
ED-0076,478,07:58,74.8,82.5,74.4,83.2,75.5,81.8,78.6,71.2,73.0,67.0,84.4,75.9
ED-0076,479,07:59,75.3,82.1,75.6,84.1,76.4,82.0,78.7,72.1,72.3,67.6,84.7,76.4
ED-0076,480,08:00,119.7,113.8,115.1,115.2,109.8,114.2,119.8,118.7,115.2,112.9,112.8,112.4
ED-0076,481,08:01,118.2,112.6,115.0,115.8,109.8,113.9,119.2,118.0,115.9,112.2,113.5,113.6
ED-0076,482,08:02,118.8,112.8,115.8,115.5,109.9,114.3,120.4,118.4,115.2,112.6,113.1,113.8
ED-0076,483,08:03,118.8,112.7,115.9,115.3,109.5,113.7,119.1,117.9,114.9,112.5,113.1,113.5
ED-0076,484,08:04,119.4,113.2,116.0,114.4,110.1,114.5,119.8,117.4,115.8,112.4,113.2,113.2
ED-0076,485,08:05,118.6,113.0,116.1,115.6,109.2,114.4,118.9,116.8,115.3,112.4,113.1,112.4
ED-0076,486,08:06,119.0,112.7,115.7,115.6,109.7,114.3,120.0,117.6,115.2,112.5,114.0,112.7
ED-0076,487,08:07,119.0,113.6,115.5,115.8,110.2,114.8,119.4,117.8,114.6,112.6,112.9,112.2
ED-0076,488,08:08,119.4,113.4,115.8,115.0,108.6,114.1,119.5,117.7,115.3,112.2,114.0,112.6
ED-0076,489,08:09,118.6,112.4,116.3,115.8,109.6,114.9,119.6,117.0,115.5,112.4,113.3,113.1
ED-0076,490,08:10,119.7,114.0,116.3,115.0,110.2,113.9,119.9,117.2,114.8,112.9,113.5,113.8
ED-0076,491,08:11,119.9,112.9,115.1,115.7,110.0,114.2,119.5,118.1,116.0,112.2,113.5,112.9
ED-0076,492,08:12,119.3,113.0,115.9,116.4,109.9,114.9,119.5,118.2,115.5,111.9,114.0,113.2
ED-0076,493,08:13,118.9,112.6,115.6,116.7,109.9,113.9,119.7,117.9,115.3,112.2,113.3,113.2
ED-0076,494,08:14,118.5,113.3,115.8,115.5,110.5,114.0,119.4,117.8,114.9,112.6,112.8,112.5
ED-0076,495,08:15,118.6,114.1,116.5,115.1,109.5,114.5,119.7,118.0,115.6,112.2,113.4,112.9
ED-0076,496,08:16,119.4,113.3,116.0,115.2,110.0,113.8,119.0,118.1,115.2,112.6,113.6,113.0
ED-0076,497,08:17,119.0,113.2,115.9,115.1,109.0,114.3,119.3,118.1,115.4,111.5,113.6,112.4
ED-0076,498,08:18,118.9,113.0,117.0,115.5,109.8,114.1,120.2,117.4,115.5,112.6,114.3,113.4
ED-0076,499,08:19,119.5,114.2,115.0,116.8,110.0,114.6,120.0,118.7,114.7,112.3,113.8,112.8
ED-0076,500,08:20,119.4,112.4,115.0,114.9,110.2,114.4,119.7,117.6,115.5,113.4,114.1,112.6
ED-0076,501,08:21,119.8,112.5,115.7,115.8,110.9,114.4,119.3,118.2,115.2,115.1,113.7,112.0
ED-0076,502,08:22,119.5,113.7,115.5,116.6,109.4,114.5,120.0,117.0,114.9,116.8,113.5,113.7
ED-0076,503,08:23,119.8,113.7,115.5,114.7,110.5,114.6,120.2,117.6,116.4,116.3,113.3,112.7
ED-0076,504,08:24,118.5,113.1,119.5,115.2,110.3,113.4,119.3,117.8,116.3,117.3,112.9,113.2
ED-0076,505,08:25,119.4,113.9,120.2,115.2,109.5,114.5,120.5,117.8,115.6,118.9,113.7,111.3
ED-0076,506,08:26,119.9,113.1,120.8,114.8,110.0,113.6,119.8,118.2,115.9,119.2,113.5,112.3
ED-0076,507,08:27,119.5,113.2,121.2,119.1,111.1,115.1,120.0,117.8,115.1,120.8,113.2,112.3
ED-0076,508,08:28,119.8,113.1,122.9,119.7,110.0,113.5,120.6,118.2,115.9,121.4,113.2,112.7
ED-0076,509,08:29,119.1,113.4,123.3,120.1,110.2,114.4,119.5,117.2,115.5,121.2,112.8,113.4
ED-0076,510,08:30,120.1,115.6,123.7,121.6,110.9,114.5,120.7,117.9,119.0,120.7,113.2,113.0
ED-0076,511,08:31,120.3,117.4,124.5,122.6,110.2,115.6,120.0,117.7,120.1,121.4,114.0,113.2
ED-0076,512,08:32,119.6,118.0,124.8,122.1,111.0,115.1,119.5,119.0,120.8,121.3,113.2,112.2
ED-0076,513,08:33,119.7,119.1,125.5,122.3,110.1,115.5,120.3,118.6,121.0,122.6,115.7,112.7
ED-0076,514,08:34,119.9,119.2,126.0,124.9,109.9,114.7,120.4,117.8,120.8,123.3,117.7,114.2
ED-0076,515,08:35,119.4,119.7,125.7,125.1,109.6,114.8,120.4,117.9,123.0,123.4,118.8,113.6
ED-0076,516,08:36,119.7,120.9,126.8,124.5,111.0,114.3,119.8,119.1,123.8,123.4,120.1,113.6
ED-0076,517,08:37,119.4,121.1,126.0,125.6,110.3,114.9,120.4,118.0,124.4,124.8,119.9,114.1
ED-0076,518,08:38,119.2,121.4,127.2,126.7,110.6,114.7,119.6,118.1,125.2,124.3,119.9,112.2
ED-0076,519,08:39,120.1,122.8,127.6,125.7,110.2,114.3,120.4,117.6,124.8,125.7,121.3,112.9
ED-0076,520,08:40,118.9,122.8,129.0,125.9,110.9,115.7,120.2,117.5,125.3,124.9,121.2,113.2
ED-0076,521,08:41,119.4,123.4,128.3,127.2,109.6,114.7,120.0,118.5,125.8,124.8,121.7,114.4
ED-0076,522,08:42,120.4,122.9,128.2,127.3,110.2,114.7,120.9,117.5,126.2,126.0,121.5,112.9
ED-0076,523,08:43,119.6,123.1,129.2,126.7,110.6,114.9,120.0,118.0,126.3,125.7,122.6,112.5
ED-0076,524,08:44,119.9,123.9,129.5,128.3,110.3,114.7,120.4,117.4,126.7,126.8,123.5,113.4
ED-0076,525,08:45,119.6,124.5,128.8,127.7,109.7,114.9,120.1,118.4,127.2,126.1,123.2,112.8
ED-0076,526,08:46,122.8,124.5,130.6,128.0,110.4,114.9,120.2,118.6,127.2,127.1,123.7,111.9
ED-0076,527,08:47,123.0,125.8,130.8,128.8,110.5,114.7,119.5,117.9,128.0,126.8,124.5,113.1
ED-0076,528,08:48,124.6,126.7,130.3,129.0,110.0,115.5,121.0,118.5,128.3,127.1,124.8,113.2
ED-0076,529,08:49,126.3,126.2,130.7,129.0,110.2,115.2,120.2,118.6,129.1,127.7,125.7,116.0
ED-0076,530,08:50,126.5,126.0,130.9,130.7,110.8,114.0,120.4,118.3,129.0,128.6,124.7,117.1
ED-0076,531,08:51,126.4,127.6,131.4,130.3,110.8,114.2,120.9,118.0,129.0,127.7,126.6,118.4
ED-0076,532,08:52,127.5,127.4,131.3,131.4,111.2,114.7,119.6,118.6,129.5,128.8,126.0,119.4
ED-0076,533,08:53,127.6,126.3,131.3,130.3,110.0,114.3,120.1,118.5,129.6,129.3,126.9,120.0
ED-0076,534,08:54,127.4,127.6,131.7,130.8,111.0,115.5,120.6,118.0,129.9,129.4,126.7,120.6
ED-0076,535,08:55,128.2,128.1,132.3,131.2,111.0,115.6,119.6,118.6,130.8,128.8,126.5,120.9
ED-0076,536,08:56,129.7,128.2,133.5,131.4,110.8,114.4,120.0,118.2,130.4,129.9,127.3,121.0
ED-0076,537,08:57,130.5,128.6,133.6,132.0,109.9,114.6,120.6,121.4,131.0,129.6,127.4,121.4
ED-0076,538,08:58,130.0,128.3,132.3,131.7,110.0,114.8,120.6,122.6,131.4,129.2,127.4,123.0
ED-0076,539,08:59,131.1,128.6,134.1,132.4,110.0,114.7,119.8,123.0,131.1,130.2,128.6,122.6
ED-0076,540,09:00,130.6,128.8,133.4,132.7,113.1,115.2,120.0,124.1,132.0,130.2,128.3,123.4
ED-0076,541,09:01,131.6,129.1,133.9,133.0,114.4,114.8,120.3,125.6,132.1,131.1,128.1,122.2
ED-0076,542,09:02,131.7,130.4,134.7,132.9,114.7,114.8,120.8,126.6,131.9,131.4,129.3,123.0
ED-0076,543,09:03,132.9,130.1,134.7,133.3,116.5,115.0,123.0,125.7,132.0,130.6,129.0,125.2
ED-0076,544,09:04,132.4,131.5,133.4,134.5,115.9,114.8,124.1,127.4,133.2,131.9,129.2,124.0
ED-0076,545,09:05,132.4,131.0,134.3,133.8,116.5,114.8,125.5,126.6,133.2,131.5,129.4,124.8
ED-0076,546,09:06,133.4,129.7,135.0,134.2,117.3,118.0,126.1,128.1,132.8,132.1,129.1,125.3
ED-0076,547,09:07,133.7,130.1,134.6,133.9,118.3,118.5,127.3,127.3,132.6,132.1,130.0,124.5
ED-0076,548,09:08,133.6,131.6,135.4,133.8,118.5,120.8,128.5,128.2,133.6,131.4,130.6,126.0
ED-0076,549,09:09,133.5,130.9,135.4,133.8,119.0,120.6,128.9,128.5,133.2,131.7,131.3,125.6
ED-0076,550,09:10,133.6,131.3,135.5,134.0,119.2,120.2,129.3,130.5,134.1,133.0,131.0,126.3
ED-0076,551,09:11,134.1,131.3,135.6,135.2,119.9,122.2,129.0,129.8,134.7,132.3,130.7,126.5
ED-0076,552,09:12,135.3,131.7,136.6,134.5,120.7,123.1,129.9,129.5,134.4,132.7,130.3,126.9
ED-0076,553,09:13,135.2,132.1,136.7,136.2,120.5,123.4,130.1,130.6,134.9,133.2,131.5,127.3
ED-0076,554,09:14,135.6,132.2,136.7,136.3,122.1,123.6,131.2,130.5,135.3,133.3,131.0,128.2
ED-0076,555,09:15,135.5,131.8,135.8,135.9,121.6,124.0,131.0,131.2,135.3,133.1,131.3,129.2
ED-0076,556,09:16,136.1,134.2,137.6,135.6,121.8,124.0,132.1,131.3,136.0,132.8,131.6,128.7
ED-0076,557,09:17,135.4,132.9,136.5,135.9,121.8,124.4,132.2,131.8,134.2,133.6,132.0,128.5
ED-0076,558,09:18,136.0,133.7,137.5,136.5,122.6,125.1,132.5,132.6,135.2,133.5,132.7,128.4
ED-0076,559,09:19,137.5,133.6,138.3,136.2,122.3,125.5,131.9,132.5,136.0,134.6,133.0,128.0
ED-0076,560,09:20,137.4,133.7,137.8,136.9,122.4,126.1,132.5,131.8,135.5,134.4,132.6,129.7
ED-0076,561,09:21,137.3,134.9,138.3,137.7,123.1,126.3,133.9,133.8,136.3,134.7,134.5,129.6
ED-0076,562,09:22,137.3,133.7,137.9,136.5,123.8,126.4,132.8,133.2,136.8,134.8,133.7,130.0
ED-0076,563,09:23,137.5,133.2,138.5,137.0,123.9,126.3,134.0,133.8,137.2,134.6,133.3,130.5
ED-0076,564,09:24,137.9,133.0,138.3,137.8,123.4,127.1,134.3,133.4,136.2,134.6,133.6,129.5
ED-0076,565,09:25,138.5,134.2,138.6,137.4,124.6,127.2,134.8,134.2,137.1,135.2,133.8,129.5
ED-0076,566,09:26,138.1,135.0,138.8,138.0,124.2,127.9,134.8,134.2,137.8,135.8,134.5,130.6
ED-0076,567,09:27,139.0,135.4,138.9,137.8,125.3,128.6,135.2,135.3,137.3,135.1,134.0,130.0
ED-0076,568,09:28,140.1,134.3,138.8,138.4,124.3,128.9,135.2,134.6,137.3,136.5,134.8,131.4
ED-0076,569,09:29,138.6,136.1,139.3,138.4,126.0,130.2,135.6,135.3,137.6,136.0,134.9,131.9
ED-0076,570,09:30,138.4,135.0,139.0,138.5,124.8,129.1,137.0,135.0,137.6,135.9,135.2,131.7
ED-0076,571,09:31,139.6,136.6,139.0,139.1,126.0,129.6,135.9,135.0,138.1,136.3,134.6,131.6
ED-0076,572,09:32,139.7,136.3,139.2,138.8,126.3,130.2,136.8,136.3,139.1,136.0,135.4,131.5
ED-0076,573,09:33,140.0,135.8,140.7,139.8,126.0,129.7,136.6,136.4,138.9,136.7,136.2,132.5
ED-0076,574,09:34,140.4,136.2,140.2,139.7,126.4,131.2,136.7,136.8,138.9,136.9,136.2,132.5
ED-0076,575,09:35,140.8,135.0,140.2,140.8,127.0,130.4,137.7,136.6,138.8,137.7,135.9,132.4
ED-0076,576,09:36,140.8,136.1,140.2,139.9,126.0,131.4,137.5,137.4,138.7,137.3,135.4,132.7
ED-0076,577,09:37,141.4,136.5,141.2,139.9,126.9,130.7,138.3,136.9,138.6,136.8,135.5,133.1
ED-0076,578,09:38,140.7,137.4,141.2,140.0,126.8,131.8,137.8,137.0,140.2,137.9,135.7,133.8
ED-0076,579,09:39,142.3,138.1,142.7,140.1,127.3,131.4,138.9,138.6,139.5,137.9,136.6,134.5
ED-0076,580,09:40,142.0,136.8,140.5,140.6,127.7,130.9,138.6,138.4,139.4,137.6,136.9,134.5
ED-0076,581,09:41,141.8,137.2,142.1,140.3,127.7,132.1,138.1,138.1,141.1,137.9,137.3,133.4
ED-0076,582,09:42,141.0,137.3,140.3,140.7,127.4,131.5,138.9,138.5,140.5,138.2,136.8,133.6
ED-0076,583,09:43,141.9,138.2,141.7,140.5,128.4,133.2,139.6,138.5,140.1,137.9,136.8,134.8
ED-0076,584,09:44,142.8,137.6,141.8,141.4,128.5,132.7,139.0,138.7,140.8,138.6,137.6,135.0
ED-0076,585,09:45,142.6,138.7,143.0,142.1,128.0,132.7,140.2,138.7,140.2,139.1,137.2,134.2
ED-0076,586,09:46,143.1,138.2,142.5,141.3,129.1,132.9,140.4,139.6,141.5,138.3,137.9,135.4
ED-0076,587,09:47,143.6,138.7,141.4,141.9,129.6,133.3,140.9,139.4,141.8,138.7,137.3,134.2
ED-0076,588,09:48,142.7,138.9,142.6,141.5,129.3,133.5,140.7,138.9,141.7,138.8,137.2,135.3
ED-0076,589,09:49,143.3,138.8,142.5,142.4,129.9,133.6,140.9,139.7,141.7,138.7,138.1,135.4
ED-0076,590,09:50,144.0,139.5,143.1,142.6,129.8,133.2,140.9,140.3,142.2,139.9,137.8,135.7
ED-0076,591,09:51,144.5,140.2,143.5,142.2,129.4,134.8,141.2,140.2,140.9,139.9,138.8,136.5
ED-0076,592,09:52,144.0,139.0,143.6,142.5,131.1,135.6,140.4,140.5,142.0,139.5,138.9,135.9
ED-0076,593,09:53,144.8,139.1,142.3,142.5,130.7,134.4,142.0,141.2,142.2,139.4,138.9,136.0
ED-0076,594,09:54,143.7,138.9,144.3,143.2,130.5,134.9,141.3,139.6,141.5,140.0,138.6,137.0
ED-0076,595,09:55,144.5,140.1,143.0,142.4,131.2,134.8,141.0,141.0,142.5,139.7,140.2,135.8
ED-0076,596,09:56,144.4,139.9,143.5,143.8,131.3,135.0,143.3,140.9,142.8,139.8,139.3,136.6
ED-0076,597,09:57,145.2,139.6,143.4,143.3,130.8,135.2,143.0,140.8,142.7,139.9,140.2,136.8
ED-0076,598,09:58,145.3,140.3,143.7,144.1,132.2,135.5,142.1,140.8,143.1,139.5,139.2,136.9
ED-0076,599,09:59,144.9,139.8,144.5,143.8,132.6,135.9,142.4,141.5,143.1,141.1,139.9,137.4
ED-0076,600,10:00,145.8,140.9,144.6,143.5,131.2,136.2,143.4,142.5,142.8,140.1,139.4,136.8
ED-0076,601,10:01,146.3,141.0,143.9,143.7,131.8,137.3,143.8,141.6,142.8,140.7,140.0,136.5
ED-0076,602,10:02,145.7,140.7,144.9,144.1,131.5,136.9,144.1,142.0,143.4,140.6,139.8,136.5
ED-0076,603,10:03,145.1,140.6,144.1,144.5,133.0,137.0,143.7,143.0,143.3,141.5,140.3,137.3
ED-0076,604,10:04,145.2,141.5,145.1,144.4,132.3,136.4,144.6,143.0,144.5,141.1,140.2,137.7
ED-0076,605,10:05,146.3,141.8,146.0,145.6,132.5,138.0,144.0,142.4,144.2,140.8,139.7,138.6
ED-0076,606,10:06,146.3,140.1,144.3,144.6,133.0,136.8,144.7,142.4,143.8,141.6,140.8,138.4
ED-0076,607,10:07,146.5,141.6,145.5,145.1,133.2,137.9,144.6,143.2,144.1,142.2,141.1,138.5
ED-0076,608,10:08,146.4,141.0,145.1,144.1,132.9,137.1,144.2,143.8,144.0,141.6,140.9,137.9
ED-0076,609,10:09,146.1,141.6,146.0,145.4,133.4,137.4,144.5,143.4,144.3,141.8,140.2,138.7
ED-0076,610,10:10,146.4,141.0,145.9,144.5,133.4,137.2,145.2,143.6,144.8,141.5,142.1,139.1
ED-0076,611,10:11,147.1,142.0,144.9,145.4,134.0,137.4,145.2,144.2,144.6,143.0,141.5,138.8
ED-0076,612,10:12,147.5,142.5,146.2,145.3,133.8,139.4,145.1,143.3,144.3,141.7,141.3,139.3
ED-0076,613,10:13,147.4,142.5,146.0,145.1,133.9,138.5,145.7,144.9,145.0,143.2,141.8,139.1
ED-0076,614,10:14,148.0,142.1,145.3,145.6,134.8,138.6,146.1,144.0,145.3,142.0,141.9,139.5
ED-0076,615,10:15,148.2,142.3,145.7,145.6,135.0,139.0,145.7,145.3,145.7,142.6,141.6,139.4
ED-0076,616,10:16,147.5,142.4,146.8,146.5,134.0,138.5,145.5,145.5,146.0,142.7,142.0,139.9
ED-0076,617,10:17,147.9,141.6,147.4,145.3,134.3,139.0,145.5,144.7,146.0,143.0,143.4,140.1
ED-0076,618,10:18,148.1,143.4,146.9,145.0,134.1,139.9,146.6,145.5,145.5,143.0,143.3,140.5
ED-0076,619,10:19,148.8,142.6,146.7,146.6,134.9,139.8,146.1,145.5,145.2,142.2,142.4,139.6
ED-0076,620,10:20,148.1,142.3,146.8,146.0,134.7,140.3,146.6,145.4,146.0,143.2,142.2,140.4
ED-0076,621,10:21,149.6,143.1,146.9,146.0,135.9,139.8,146.4,145.6,145.8,144.0,143.4,141.1
ED-0076,622,10:22,149.2,143.5,148.0,146.2,134.9,140.5,147.4,145.4,146.4,143.5,143.3,140.6
ED-0076,623,10:23,149.8,144.4,147.0,146.3,135.5,140.3,147.5,145.6,146.3,143.9,143.2,141.1
ED-0076,624,10:24,148.7,144.8,148.0,146.7,136.0,139.8,146.9,146.7,145.9,143.5,143.7,140.6
ED-0076,625,10:25,149.5,143.1,147.8,147.5,136.0,140.9,147.4,146.3,146.5,144.0,143.7,141.6
ED-0076,626,10:26,149.6,143.3,148.4,146.9,135.3,141.8,148.9,145.4,147.0,144.2,142.7,140.8
ED-0076,627,10:27,149.6,144.0,147.3,148.2,135.8,140.5,147.9,146.9,147.2,144.0,144.3,141.0
ED-0076,628,10:28,149.4,143.8,148.6,147.8,136.1,141.2,148.2,146.7,146.0,144.5,144.4,141.1
ED-0076,629,10:29,149.2,143.7,147.5,147.9,136.5,141.6,148.3,146.6,147.3,144.3,143.8,141.9
ED-0076,630,10:30,150.4,144.7,147.8,146.9,137.9,141.8,149.1,146.6,147.0,144.3,143.7,142.3
ED-0076,631,10:31,150.6,144.2,148.9,147.7,137.0,141.7,148.6,146.1,146.9,145.2,144.6,141.7
ED-0076,632,10:32,150.3,145.7,149.3,148.7,137.1,141.8,149.6,147.4,148.4,145.6,144.4,142.0
ED-0076,633,10:33,151.1,145.9,149.2,148.1,137.8,141.3,150.1,147.2,147.2,145.3,144.1,141.8
ED-0076,634,10:34,150.4,144.0,149.1,148.8,137.3,140.9,148.8,147.4,147.9,145.3,144.5,142.4
ED-0076,635,10:35,150.8,144.7,149.0,148.6,138.2,141.1,149.7,147.5,147.9,145.6,144.7,142.9
ED-0076,636,10:36,150.5,144.7,148.8,148.2,137.5,142.3,150.7,148.2,148.0,145.2,144.6,141.8
ED-0076,637,10:37,150.9,145.8,149.7,148.6,138.3,142.0,149.2,147.5,147.8,145.1,145.0,143.1
ED-0076,638,10:38,151.7,146.2,149.7,148.6,137.0,141.8,149.3,147.3,148.4,146.2,144.4,143.6
ED-0076,639,10:39,151.8,145.4,150.0,148.2,137.4,141.7,150.4,148.0,148.2,145.7,145.1,143.0
ED-0076,640,10:40,151.0,144.2,149.9,149.5,137.4,143.5,149.8,149.0,149.4,145.2,145.1,142.5
ED-0076,641,10:41,151.5,146.5,149.9,149.0,138.2,143.0,149.9,148.0,148.0,145.9,145.7,143.0
ED-0076,642,10:42,152.3,145.9,150.0,150.1,138.6,142.8,150.4,148.7,149.6,146.8,145.5,143.0
ED-0076,643,10:43,152.9,146.4,150.9,149.2,138.2,144.1,150.3,148.7,148.4,145.4,146.0,143.6
ED-0076,644,10:44,152.4,147.0,150.4,149.7,138.6,143.5,151.8,148.8,149.6,145.3,145.9,143.5
ED-0076,645,10:45,151.6,146.8,149.9,149.4,138.1,143.3,150.6,149.2,149.4,146.3,145.5,144.7
ED-0076,646,10:46,152.4,146.7,149.7,150.6,138.7,143.9,151.3,149.6,150.1,146.1,145.0,144.7
ED-0076,647,10:47,152.2,146.3,150.9,150.0,137.3,143.7,151.4,149.2,150.0,146.2,146.1,144.1
ED-0076,648,10:48,153.1,147.9,151.6,149.3,138.9,143.9,151.7,149.4,149.9,146.8,146.4,144.8
ED-0076,649,10:49,152.6,147.3,151.6,149.8,138.5,144.9,150.7,149.7,149.7,148.1,146.5,143.3
ED-0076,650,10:50,153.4,147.2,150.5,149.8,139.1,144.6,151.4,150.0,149.3,147.5,147.1,144.6
ED-0076,651,10:51,153.0,146.6,151.1,151.2,139.6,144.0,151.1,150.4,150.3,147.6,146.1,145.0
ED-0076,652,10:52,153.3,147.7,149.7,151.5,139.2,144.9,151.2,150.7,150.0,147.8,146.5,145.5
ED-0076,653,10:53,153.6,147.7,150.9,151.3,139.9,143.9,150.8,150.8,149.7,147.8,147.7,144.7
ED-0076,654,10:54,154.2,147.6,152.0,150.9,139.6,145.0,151.7,150.2,150.5,147.3,146.6,145.6
ED-0076,655,10:55,153.4,147.9,151.9,151.5,139.5,145.1,151.5,150.8,149.5,148.1,147.1,145.0
ED-0076,656,10:56,153.5,148.0,152.0,151.0,139.9,143.8,152.4,150.9,150.1,148.1,147.5,145.9
ED-0076,657,10:57,155.1,148.1,151.8,150.6,140.6,145.7,152.4,149.9,150.2,147.7,146.9,145.9
ED-0076,658,10:58,153.7,147.4,152.2,152.0,141.2,145.5,152.5,150.2,150.7,147.9,147.9,145.5
ED-0076,659,10:59,154.1,148.8,151.5,152.0,140.5,145.5,153.3,151.1,151.0,147.7,147.6,145.1
ED-0076,660,11:00,153.4,147.6,151.8,150.4,140.4,145.7,152.0,150.9,151.1,148.7,147.1,145.6
ED-0076,661,11:01,154.0,148.3,152.5,152.2,140.7,145.5,152.5,151.3,151.9,147.8,148.4,145.8
ED-0076,662,11:02,153.8,148.1,152.5,151.6,142.1,146.4,153.6,151.2,150.9,148.1,147.0,146.0
ED-0076,663,11:03,155.3,147.8,152.1,150.6,140.8,146.2,153.2,151.9,152.3,148.3,147.8,145.3
ED-0076,664,11:04,155.1,148.6,152.1,152.1,140.9,145.7,153.3,151.6,151.2,148.5,148.0,146.0
ED-0076,665,11:05,154.1,147.3,152.5,152.0,142.2,146.8,154.0,152.4,152.8,149.3,148.9,145.9
ED-0076,666,11:06,155.6,148.7,153.0,151.9,140.9,145.5,154.5,151.9,152.6,148.2,148.5,146.0
ED-0076,667,11:07,155.8,149.2,152.8,152.4,141.7,146.8,155.3,152.3,151.9,149.0,148.1,146.7
ED-0076,668,11:08,155.2,149.2,152.7,151.7,141.5,147.0,154.2,152.7,151.4,148.2,148.8,146.8
ED-0076,669,11:09,155.8,149.9,153.1,152.5,142.1,145.7,153.2,152.0,152.0,148.4,148.9,146.4
ED-0076,670,11:10,154.9,149.2,152.2,152.5,140.9,147.4,154.2,152.0,151.0,149.1,149.2,147.1
ED-0076,671,11:11,155.1,149.0,153.2,153.2,141.9,146.6,154.7,152.0,152.1,148.8,149.3,146.9
ED-0076,672,11:12,156.8,149.9,153.9,152.9,142.3,147.7,154.9,152.5,152.8,149.6,149.4,147.0
ED-0076,673,11:13,156.2,149.3,153.8,153.4,142.1,148.0,154.3,152.2,152.2,149.2,149.4,147.2
ED-0076,674,11:14,155.5,149.5,153.9,153.1,142.3,147.0,155.5,152.5,152.6,150.3,150.1,147.8
ED-0076,675,11:15,155.8,149.4,154.6,153.2,141.4,147.9,154.8,153.2,151.8,150.3,149.2,147.7
ED-0076,676,11:16,156.0,150.4,154.1,152.5,141.5,146.9,155.2,152.4,153.4,148.3,149.4,148.1
ED-0076,677,11:17,156.3,150.3,153.8,152.9,143.0,148.9,155.6,153.4,154.2,149.8,150.7,147.6
ED-0076,678,11:18,156.2,150.5,153.9,152.8,142.6,148.7,155.3,153.4,153.3,149.7,149.6,148.1
ED-0076,679,11:19,157.2,149.5,154.3,153.1,143.2,147.8,155.0,153.5,153.7,149.8,149.8,149.0
ED-0076,680,11:20,157.2,149.7,155.2,154.5,142.6,148.7,155.4,154.5,153.8,149.9,149.9,147.6
ED-0076,681,11:21,156.6,151.1,154.0,155.0,143.6,148.8,155.9,154.0,153.6,151.4,150.2,148.6
ED-0076,682,11:22,156.7,150.7,155.5,154.1,142.7,147.5,155.7,154.2,153.1,150.4,150.1,147.7
ED-0076,683,11:23,156.8,150.5,154.3,154.9,142.7,149.6,155.9,155.0,153.4,150.7,151.3,148.5
ED-0076,684,11:24,157.7,150.6,154.5,153.3,143.2,148.6,156.7,155.0,154.7,150.9,150.8,147.1
ED-0076,685,11:25,157.4,150.7,154.6,153.5,143.6,148.5,155.8,154.7,153.9,151.4,152.2,148.5
ED-0076,686,11:26,157.4,150.2,155.9,154.1,143.2,149.3,156.1,154.7,153.8,151.3,150.5,149.9
ED-0076,687,11:27,157.3,150.9,155.3,154.8,143.3,149.7,156.1,154.0,154.5,151.2,151.1,148.8
ED-0076,688,11:28,158.1,150.8,154.4,154.5,144.2,149.0,156.0,154.6,154.0,150.3,151.3,148.2
ED-0076,689,11:29,158.8,152.1,155.7,155.4,143.4,150.3,156.3,154.7,153.4,152.1,151.4,148.6
ED-0076,690,11:30,157.4,151.4,155.2,154.6,143.8,149.5,157.1,154.7,154.6,151.3,151.1,149.1
ED-0076,691,11:31,157.5,150.2,155.9,154.9,144.6,149.1,156.2,155.4,154.0,151.6,152.6,149.2
ED-0076,692,11:32,158.6,151.2,156.2,155.0,144.6,149.4,157.2,154.8,154.5,150.5,151.4,149.8
ED-0076,693,11:33,158.7,151.3,156.6,154.6,144.3,149.3,157.1,154.9,154.8,151.1,151.5,149.6
ED-0076,694,11:34,158.7,153.0,155.9,155.0,145.0,150.5,156.9,154.8,155.1,151.3,151.7,149.4
ED-0076,695,11:35,158.4,151.3,155.4,155.4,144.5,150.0,156.5,155.2,155.0,151.4,152.0,149.4
ED-0076,696,11:36,158.0,152.3,156.8,156.0,144.5,150.0,158.2,156.6,154.2,152.0,151.4,150.0
ED-0076,697,11:37,158.5,152.1,155.7,156.0,144.4,150.7,158.4,155.9,154.9,151.7,151.4,149.3
ED-0076,698,11:38,158.2,152.8,156.5,155.4,144.7,151.1,157.9,155.3,155.0,152.4,152.2,150.2
ED-0076,699,11:39,158.7,152.7,156.3,155.6,145.1,150.4,157.2,156.3,155.9,153.5,151.3,150.7
ED-0076,700,11:40,159.3,152.1,155.3,154.9,145.5,151.1,157.2,157.2,154.6,152.7,153.1,150.0
ED-0076,701,11:41,160.3,153.1,155.7,156.3,145.3,150.5,158.1,155.7,155.3,152.7,152.1,151.4
ED-0076,702,11:42,159.8,152.8,156.6,156.2,145.6,151.4,157.8,156.2,155.2,152.1,152.4,150.1
ED-0076,703,11:43,159.4,152.8,156.3,155.6,144.9,151.5,158.1,157.2,155.7,153.3,152.6,150.6
ED-0076,704,11:44,159.5,152.8,156.7,156.2,145.3,150.9,158.1,156.8,155.1,152.3,152.3,151.2
ED-0076,705,11:45,159.0,152.9,156.7,156.4,145.1,151.5,159.6,156.3,155.7,152.2,152.4,149.9
ED-0076,706,11:46,159.5,153.8,158.3,156.5,146.1,151.3,158.1,156.4,156.6,152.8,152.9,149.8
ED-0076,707,11:47,159.4,152.2,157.5,156.2,146.9,151.7,159.2,156.7,156.7,152.9,152.5,151.3
ED-0076,708,11:48,159.5,153.1,158.4,156.6,146.9,151.3,159.0,156.4,156.8,152.2,152.9,150.8
ED-0076,709,11:49,159.7,152.9,158.0,156.4,146.1,152.3,159.0,157.0,157.9,152.8,153.1,151.2
ED-0076,710,11:50,160.9,153.5,156.1,156.6,146.1,151.7,159.2,157.8,156.3,153.3,153.0,151.4
ED-0076,711,11:51,160.3,154.3,157.7,156.8,146.5,152.1,158.6,157.1,156.6,153.9,151.8,151.2
ED-0076,712,11:52,160.7,154.2,158.1,156.5,147.1,150.9,160.0,157.1,156.7,153.9,153.2,151.9
ED-0076,713,11:53,160.5,153.9,158.3,157.0,146.6,152.9,159.9,157.4,156.6,154.1,154.8,151.0
ED-0076,714,11:54,160.6,154.1,158.5,156.8,146.3,152.4,160.4,158.1,156.4,153.6,153.5,151.7
ED-0076,715,11:55,161.0,154.6,158.5,157.5,147.0,152.6,160.2,157.6,156.6,153.6,154.0,151.9
ED-0076,716,11:56,160.5,154.6,157.5,157.8,147.0,152.3,160.3,157.7,157.1,153.7,153.5,152.0
ED-0076,717,11:57,159.9,153.5,157.3,156.8,147.3,153.0,159.7,158.4,157.3,153.9,153.2,151.4
ED-0076,718,11:58,160.6,154.8,158.2,157.7,147.5,153.0,159.9,158.0,156.8,154.1,153.6,152.0
ED-0076,719,11:59,161.3,154.6,158.3,157.2,146.9,153.7,159.5,158.0,157.8,154.5,154.4,151.7
ED-0076,720,12:00,161.3,155.3,158.2,158.8,147.2,153.0,160.2,158.5,157.2,154.6,153.6,153.8
ED-0076,721,12:01,161.1,155.5,159.8,157.9,148.1,153.2,160.5,159.2,157.3,154.9,153.3,152.5
ED-0076,722,12:02,161.8,155.1,159.0,158.7,148.2,152.8,160.2,158.5,157.6,153.9,153.9,153.6
ED-0076,723,12:03,161.2,154.8,158.2,157.9,147.8,153.6,160.8,159.1,157.2,154.6,154.0,153.4
ED-0076,724,12:04,161.3,155.6,158.7,158.6,147.8,152.8,160.9,158.3,157.2,154.7,155.0,153.1
ED-0076,725,12:05,161.4,154.7,158.7,159.2,148.7,154.8,160.6,158.8,158.3,154.5,154.0,152.2
ED-0076,726,12:06,161.2,154.5,158.9,158.5,148.4,153.6,161.3,158.8,158.6,155.0,154.6,153.5
ED-0076,727,12:07,162.2,155.6,159.2,158.8,148.5,152.8,161.4,158.9,158.9,155.0,154.7,153.4
ED-0076,728,12:08,162.0,154.4,160.2,159.1,148.1,152.7,159.9,158.9,159.2,154.8,155.3,152.2
ED-0076,729,12:09,162.1,154.3,158.5,158.6,149.1,153.4,161.6,159.8,158.4,155.2,154.6,152.7
ED-0076,730,12:10,161.6,155.2,159.4,159.3,148.7,154.6,160.2,159.5,158.3,154.4,155.6,153.8
ED-0076,731,12:11,162.8,154.8,159.0,158.1,148.8,154.3,161.9,158.9,157.7,156.0,156.2,152.8
ED-0076,732,12:12,161.9,156.0,159.3,158.7,149.1,153.8,161.1,159.0,158.2,154.7,155.4,153.3
ED-0076,733,12:13,162.7,155.6,160.1,158.6,149.1,154.8,162.4,159.8,158.8,155.0,154.9,153.5
ED-0076,734,12:14,162.5,156.2,160.2,159.8,148.6,154.2,161.6,160.5,159.1,155.1,155.2,153.9
ED-0076,735,12:15,162.1,156.2,160.5,159.1,149.3,154.2,162.0,159.3,158.9,155.4,155.9,154.1
ED-0076,736,12:16,162.4,155.5,160.1,159.3,148.8,154.2,161.3,161.4,159.6,156.1,155.2,154.1
ED-0076,737,12:17,162.2,155.2,160.3,160.1,148.8,154.4,162.5,160.3,159.8,155.6,155.7,153.2
ED-0076,738,12:18,162.9,156.7,160.9,160.0,149.2,153.6,162.2,160.3,159.3,156.6,155.4,153.9
ED-0076,739,12:19,163.7,156.5,160.6,159.9,149.3,154.1,162.8,160.7,160.3,155.3,155.8,154.3
ED-0076,740,12:20,162.9,157.1,161.7,159.9,148.1,155.2,162.8,161.5,159.4,156.1,155.0,153.9
ED-0076,741,12:21,163.0,156.4,160.7,159.0,149.4,155.5,162.4,160.5,160.1,157.2,155.7,154.4
ED-0076,742,12:22,163.9,156.6,160.5,159.6,149.5,155.2,162.4,160.9,158.0,156.1,157.1,154.2
ED-0076,743,12:23,163.1,157.4,161.5,159.3,149.8,155.5,162.9,160.5,159.7,156.4,155.3,154.4
ED-0076,744,12:24,162.7,156.5,160.0,160.1,149.2,155.6,162.3,161.3,159.5,156.5,156.2,154.5
ED-0076,745,12:25,164.2,157.1,161.0,160.4,149.8,155.5,162.6,160.2,159.8,156.5,155.6,154.3
ED-0076,746,12:26,164.1,157.4,161.8,160.6,149.8,155.1,163.1,162.0,160.0,155.9,157.1,154.8
ED-0076,747,12:27,163.7,157.2,161.6,160.2,150.4,155.7,163.1,161.3,159.4,157.0,156.0,155.0
ED-0076,748,12:28,164.0,157.1,161.0,160.7,150.1,155.4,163.3,160.8,159.9,156.6,156.6,154.8
ED-0076,749,12:29,163.5,156.4,161.1,161.1,150.4,156.0,163.0,162.6,159.8,157.1,156.5,154.8
ED-0076,750,12:30,165.0,157.1,161.3,161.0,151.0,155.7,163.4,161.7,159.9,157.6,156.7,155.1
ED-0076,751,12:31,164.7,157.4,160.8,160.5,150.9,156.1,162.9,160.7,161.0,156.4,157.0,155.1
ED-0076,752,12:32,164.0,157.3,161.9,161.0,150.9,156.2,163.4,161.9,160.0,156.9,157.6,154.8
ED-0076,753,12:33,165.4,157.3,161.0,160.9,150.8,155.3,163.6,161.9,161.2,156.9,157.4,155.4
ED-0076,754,12:34,165.0,158.1,160.8,161.1,150.4,156.4,164.3,161.9,160.8,157.2,158.1,156.0
ED-0076,755,12:35,164.8,157.4,162.0,161.0,150.1,155.6,164.9,162.5,160.8,158.2,157.7,155.2
ED-0076,756,12:36,165.4,157.7,162.3,160.7,151.3,157.1,163.9,161.6,160.6,157.3,156.7,157.1
ED-0076,757,12:37,165.5,158.3,161.5,161.0,151.0,156.4,163.7,162.0,161.4,157.0,157.1,156.1
ED-0076,758,12:38,166.1,158.3,161.6,161.3,150.9,157.4,164.3,161.9,162.4,157.7,157.7,155.5
ED-0076,759,12:39,165.1,157.6,162.5,161.5,149.7,156.6,164.0,162.5,161.1,157.6,158.6,156.1
ED-0076,760,12:40,165.7,158.2,162.6,161.8,151.1,157.4,165.1,162.8,161.2,157.6,157.5,156.4
ED-0076,761,12:41,164.9,157.9,162.2,162.4,151.6,156.9,164.9,162.8,161.7,158.2,157.8,156.7
ED-0076,762,12:42,165.3,157.7,161.6,162.8,151.0,157.1,164.9,162.4,161.9,158.4,157.9,156.5
ED-0076,763,12:43,165.5,158.5,162.6,161.6,152.3,156.9,165.5,162.8,161.6,157.8,158.6,156.2
ED-0076,764,12:44,165.6,158.9,162.5,162.6,151.1,157.4,165.4,162.7,161.6,158.2,158.9,156.4
ED-0076,765,12:45,166.4,158.4,163.3,162.3,152.8,157.1,165.2,163.0,161.7,157.9,158.9,156.5
ED-0076,766,12:46,165.2,159.1,162.4,161.5,152.3,156.8,165.5,162.6,161.6,158.0,158.1,157.1
ED-0076,767,12:47,165.5,158.7,161.8,162.1,151.5,158.4,164.4,164.1,162.6,158.7,157.7,157.1
ED-0076,768,12:48,166.5,158.8,162.2,163.1,151.9,158.9,165.4,162.7,162.4,158.5,158.9,157.1
ED-0076,769,12:49,166.0,160.0,162.4,162.6,152.2,157.7,165.3,163.3,161.7,158.2,158.6,156.7
ED-0076,770,12:50,166.4,159.1,162.9,162.2,152.1,157.5,166.0,164.0,161.7,158.5,159.3,156.0
ED-0076,771,12:51,166.6,158.8,163.5,163.0,152.4,158.0,165.3,163.6,163.3,159.0,158.8,157.6
ED-0076,772,12:52,166.3,158.5,163.3,163.4,153.0,156.9,165.3,164.3,162.1,159.7,159.1,157.6
ED-0076,773,12:53,166.2,158.9,164.2,162.7,151.9,158.6,165.7,163.5,162.6,159.7,159.6,157.3
ED-0076,774,12:54,166.3,160.0,163.6,162.4,151.3,158.5,165.9,163.8,163.3,158.4,158.7,157.8
ED-0076,775,12:55,167.4,158.8,163.3,163.5,152.0,158.5,166.9,163.8,162.4,159.6,160.2,157.2
ED-0076,776,12:56,167.5,158.8,163.7,163.3,151.4,157.9,166.0,164.8,163.0,158.7,159.5,157.4
ED-0076,777,12:57,167.6,159.2,163.4,163.2,152.4,157.9,166.1,164.8,163.0,160.6,159.3,157.5
ED-0076,778,12:58,168.2,160.3,163.7,162.9,152.7,158.7,165.5,163.3,163.7,159.4,159.5,158.4
ED-0076,779,12:59,166.9,159.2,164.4,163.2,153.4,158.5,167.1,163.5,163.3,160.1,159.4,158.0
ED-0076,780,13:00,167.5,159.8,164.2,163.1,153.3,158.7,166.4,164.2,162.3,159.9,159.3,157.5
ED-0076,781,13:01,167.7,159.8,164.3,163.6,153.1,159.6,166.9,164.2,162.3,159.4,159.4,159.5
ED-0076,782,13:02,167.2,160.2,163.5,163.4,152.6,159.4,167.1,165.3,163.1,160.8,159.4,158.8
ED-0076,783,13:03,167.4,159.9,163.7,163.3,154.2,158.8,166.3,165.3,163.3,159.9,160.4,158.6
ED-0076,784,13:04,167.7,160.5,165.8,164.0,152.7,159.3,166.9,164.7,163.2,159.9,159.2,157.3
ED-0076,785,13:05,167.3,160.2,164.0,164.7,152.7,159.9,166.6,164.7,162.8,160.1,159.6,158.4
ED-0076,786,13:06,167.4,160.2,164.2,163.9,154.1,158.6,167.4,166.0,162.8,160.4,160.1,159.1
ED-0076,787,13:07,167.4,160.1,165.1,163.7,153.2,159.8,166.7,164.8,163.6,160.4,159.8,158.5
ED-0076,788,13:08,167.5,161.8,164.7,163.8,153.2,159.9,167.6,165.0,162.9,160.9,160.2,157.9
ED-0076,789,13:09,168.1,161.2,165.3,164.3,154.0,159.3,167.7,165.2,163.8,160.9,161.8,160.2
ED-0076,790,13:10,168.9,159.5,164.8,164.5,152.9,159.7,167.9,166.4,164.4,159.6,160.8,158.8
ED-0076,791,13:11,168.3,160.2,164.6,164.8,153.7,160.6,167.8,165.4,163.2,160.4,161.3,158.8
ED-0076,792,13:12,168.8,161.2,164.2,165.2,154.0,160.3,167.8,166.2,164.1,160.6,160.3,159.4
ED-0076,793,13:13,167.5,161.1,164.1,164.6,154.1,160.4,167.8,165.7,164.8,161.5,160.2,159.0
ED-0076,794,13:14,169.0,160.5,164.6,163.9,154.1,160.6,167.1,165.7,163.7,160.7,161.3,159.5
ED-0076,795,13:15,169.3,161.0,165.4,164.7,154.0,160.6,167.2,165.5,164.2,160.1,161.7,158.7
ED-0076,796,13:16,168.4,160.7,165.5,164.4,153.7,161.0,168.4,165.0,164.5,160.9,161.6,160.4
ED-0076,797,13:17,168.5,161.5,165.3,164.0,154.3,159.7,168.9,166.3,164.3,160.4,160.5,158.3
ED-0076,798,13:18,169.7,161.0,165.9,164.9,155.0,160.4,167.9,165.3,164.7,162.2,161.2,159.4
ED-0076,799,13:19,169.6,161.2,166.4,166.4,154.8,160.8,168.8,165.9,164.9,160.6,162.6,159.6
ED-0076,800,13:20,168.7,161.2,165.0,164.1,155.0,159.9,168.4,166.7,165.8,160.3,161.3,160.7
ED-0076,801,13:21,167.9,161.5,166.3,165.0,154.1,160.2,168.0,166.2,164.5,160.6,161.5,159.7
ED-0076,802,13:22,168.9,161.6,165.1,165.6,155.3,160.9,168.9,165.9,165.0,162.2,161.7,160.0
ED-0076,803,13:23,170.1,161.7,166.5,166.2,156.5,161.2,168.8,166.5,165.2,161.2,161.8,160.3
ED-0076,804,13:24,169.5,162.4,166.3,165.0,154.7,160.6,169.1,166.7,164.6,161.6,161.7,160.1
ED-0076,805,13:25,169.3,161.9,166.4,166.7,155.1,161.0,170.2,166.6,165.4,162.6,162.1,160.4
ED-0076,806,13:26,169.6,162.0,166.2,165.7,155.3,162.0,169.3,166.6,165.4,161.9,162.6,160.9
ED-0076,807,13:27,169.4,161.3,164.8,165.9,155.2,161.6,169.2,166.6,165.4,162.5,161.5,160.7
ED-0076,808,13:28,168.8,162.9,166.3,165.4,155.5,161.7,169.7,167.4,165.8,162.0,162.4,160.8
ED-0076,809,13:29,169.7,162.9,166.1,165.7,155.5,161.0,169.1,167.9,165.8,161.8,161.9,161.4
ED-0076,810,13:30,169.4,162.8,166.2,166.3,155.8,163.0,169.5,166.2,165.2,162.2,162.7,160.6
ED-0076,811,13:31,170.9,162.5,167.4,166.2,155.9,161.7,169.0,167.4,166.8,162.1,162.1,161.3
ED-0076,812,13:32,170.1,161.6,165.4,166.3,155.2,162.0,169.9,167.9,166.3,162.5,162.5,160.4
ED-0076,813,13:33,170.0,163.3,166.7,165.8,155.1,162.4,170.0,167.5,166.1,162.5,162.3,160.5
ED-0076,814,13:34,170.2,163.4,166.9,167.2,156.2,162.4,169.4,167.2,165.6,162.6,161.6,160.9
ED-0076,815,13:35,170.7,163.3,165.3,166.8,155.8,161.7,170.2,168.1,166.3,163.1,162.0,161.3
ED-0076,816,13:36,170.3,163.5,167.6,166.3,155.9,162.5,170.4,167.3,166.1,162.2,163.6,160.9
ED-0076,817,13:37,170.5,163.1,167.4,166.4,155.7,162.1,169.9,167.6,166.1,163.3,163.2,159.6
ED-0076,818,13:38,170.3,162.2,167.4,166.1,156.2,162.1,170.7,167.8,165.7,163.2,162.5,161.7
ED-0076,819,13:39,170.2,163.0,167.6,166.3,155.7,162.8,170.6,167.8,167.7,163.0,162.5,161.7
ED-0076,820,13:40,170.6,163.6,167.6,167.4,156.4,162.2,170.1,168.2,166.7,163.4,163.1,162.4
ED-0076,821,13:41,172.1,163.0,167.4,165.7,156.5,163.2,170.7,168.4,167.1,163.1,163.5,161.7
ED-0076,822,13:42,170.3,163.9,167.0,167.8,157.0,162.2,170.9,168.6,166.4,162.8,162.5,162.0
ED-0076,823,13:43,171.3,164.5,168.3,166.5,156.4,162.0,170.2,167.4,166.3,162.2,163.7,161.9
ED-0076,824,13:44,170.7,163.7,167.9,167.3,156.5,162.0,171.1,167.7,166.7,163.1,163.9,161.9
ED-0076,825,13:45,170.6,165.3,168.3,167.2,156.4,162.0,170.5,169.4,167.5,164.2,164.4,162.9
ED-0076,826,13:46,171.5,164.8,168.1,167.1,157.1,162.5,170.2,167.8,166.7,163.1,163.5,161.7
ED-0076,827,13:47,172.3,163.8,167.9,166.9,157.6,163.0,171.1,168.6,167.3,162.9,163.8,162.7
ED-0076,828,13:48,172.5,164.1,167.1,167.4,157.2,163.6,171.4,169.4,168.2,163.6,163.3,162.0
ED-0076,829,13:49,171.1,163.6,168.7,167.8,157.3,163.3,171.7,168.9,166.9,163.7,163.6,161.8
ED-0076,830,13:50,171.6,164.0,167.9,168.5,157.6,163.3,171.2,168.2,166.9,163.7,163.5,162.2
ED-0076,831,13:51,171.0,163.8,168.6,168.9,157.0,163.7,171.5,169.6,167.9,163.7,164.5,162.6
ED-0076,832,13:52,172.4,163.7,168.3,168.2,158.0,163.7,171.0,169.0,168.1,163.2,162.9,162.7
ED-0076,833,13:53,171.2,163.6,168.3,167.7,157.8,164.8,171.0,169.3,167.2,163.8,164.4,162.3
ED-0076,834,13:54,172.2,164.4,168.6,167.5,157.9,163.2,171.5,169.2,167.0,164.0,165.0,162.0
ED-0076,835,13:55,171.5,163.9,168.0,168.2,157.6,164.0,172.0,170.3,167.4,163.4,164.0,162.3
ED-0076,836,13:56,172.2,164.8,168.1,168.9,157.3,165.4,171.8,169.7,168.3,165.2,164.2,162.8
ED-0076,837,13:57,172.2,163.8,168.2,168.4,157.4,163.1,172.0,169.8,166.5,163.8,164.5,163.2
ED-0076,838,13:58,172.1,164.4,167.3,168.6,157.8,164.5,171.4,170.1,167.5,163.4,163.8,162.7
ED-0076,839,13:59,173.3,164.6,169.9,168.3,157.3,163.8,172.4,169.6,169.0,164.7,164.8,162.8
ED-0076,840,14:00,172.8,164.8,169.0,168.1,157.5,164.3,171.7,169.7,167.0,164.6,165.0,163.0
ED-0076,841,14:01,172.5,165.3,169.2,167.7,158.0,164.4,171.8,169.9,168.1,164.9,165.0,163.0
ED-0076,842,14:02,173.6,164.3,169.8,168.2,158.0,164.1,171.8,169.7,168.6,164.4,164.3,162.5
ED-0076,843,14:03,172.8,165.5,168.4,168.4,158.8,164.3,172.4,169.7,168.7,164.4,164.4,163.7
ED-0076,844,14:04,172.7,165.1,169.5,168.9,158.7,164.4,172.5,169.8,168.0,164.4,164.3,162.9
ED-0076,845,14:05,173.3,165.9,169.4,168.3,158.1,164.7,172.9,170.6,167.9,164.9,164.8,164.2
ED-0076,846,14:06,173.4,166.2,169.9,168.8,158.2,164.2,172.4,170.0,169.0,165.1,164.7,163.1
ED-0076,847,14:07,173.7,165.0,169.3,169.1,157.6,164.9,172.7,169.6,168.7,165.0,164.9,164.1
ED-0076,848,14:08,173.4,165.8,169.8,168.8,158.7,164.3,173.3,170.0,169.2,164.6,164.9,163.8
ED-0076,849,14:09,173.3,164.7,170.1,168.7,159.1,164.9,172.8,171.6,168.2,165.0,164.8,163.8
ED-0076,850,14:10,173.0,165.0,170.2,169.3,158.7,165.2,172.4,170.4,168.8,165.3,165.5,164.5
ED-0076,851,14:11,173.2,166.1,169.9,169.5,159.1,164.6,173.4,170.2,168.4,165.5,165.8,163.6
ED-0076,852,14:12,173.0,165.3,170.2,169.3,159.3,164.8,172.9,171.4,169.3,165.9,165.3,163.8
ED-0076,853,14:13,173.2,165.7,169.6,170.2,158.6,166.0,173.7,170.1,169.3,165.4,165.6,164.6
ED-0076,854,14:14,173.8,166.9,169.3,169.2,160.1,164.8,173.2,170.8,168.9,166.1,165.1,164.0
ED-0076,855,14:15,173.6,166.0,170.4,170.1,159.4,165.7,173.3,171.8,169.1,165.1,165.9,165.2
ED-0076,856,14:16,173.8,166.2,169.7,169.8,159.4,165.8,173.7,171.7,170.7,165.6,165.7,164.5
ED-0076,857,14:17,173.9,167.2,170.7,170.1,159.2,164.9,173.2,171.1,170.1,166.5,165.8,163.7
ED-0076,858,14:18,174.2,167.2,170.7,168.8,159.1,166.7,174.2,170.4,168.5,165.2,166.3,164.4
ED-0076,859,14:19,174.2,166.7,170.5,169.7,159.2,166.6,173.6,172.4,169.5,166.1,165.4,164.7
ED-0076,860,14:20,173.6,165.4,170.1,170.4,160.1,165.5,173.6,171.3,170.2,166.5,166.7,164.8
ED-0076,861,14:21,174.8,165.4,170.8,170.2,159.9,166.1,174.3,171.8,170.1,165.5,166.6,164.7
ED-0076,862,14:22,173.9,166.1,170.2,169.3,159.4,165.5,174.3,172.5,170.3,165.8,166.3,164.0
ED-0076,863,14:23,174.1,166.1,170.6,171.2,159.6,165.8,173.9,171.1,170.0,167.5,166.7,165.3
ED-0076,864,14:24,174.1,167.7,170.1,170.2,159.9,165.7,173.7,172.1,170.0,166.1,166.8,164.5
ED-0076,865,14:25,174.7,166.3,170.9,170.7,160.4,166.5,174.5,172.3,169.7,166.5,167.6,166.2
ED-0076,866,14:26,174.4,167.5,171.2,170.9,160.3,166.6,173.8,171.9,170.2,166.9,165.9,165.3
ED-0076,867,14:27,175.3,167.4,169.7,169.8,160.0,167.0,174.6,172.3,169.4,166.8,165.8,164.6
ED-0076,868,14:28,174.2,167.1,171.4,171.3,161.1,166.6,174.2,172.1,169.7,166.6,166.5,165.1
ED-0076,869,14:29,174.7,167.0,171.8,170.7,160.6,166.7,175.5,172.6,171.2,166.8,165.8,165.0
ED-0076,870,14:30,174.7,168.0,170.6,171.3,159.8,167.1,175.0,172.8,169.6,166.0,166.3,166.2
ED-0076,871,14:31,174.1,167.0,171.8,170.6,160.0,167.1,174.4,172.7,170.4,167.5,165.8,165.5
ED-0076,872,14:32,174.7,166.9,171.3,171.3,160.0,167.4,175.0,171.8,169.8,167.0,166.9,166.3
ED-0076,873,14:33,175.3,167.3,171.1,170.5,160.8,166.2,175.4,172.7,171.3,166.2,166.7,165.3
ED-0076,874,14:34,174.6,167.7,171.2,170.9,160.5,167.1,174.7,172.6,170.5,166.1,166.9,166.2
ED-0076,875,14:35,175.7,167.4,171.0,170.3,160.5,167.1,175.3,173.0,170.5,167.1,167.2,166.1
ED-0076,876,14:36,175.7,167.6,171.5,170.7,161.0,166.5,175.8,172.3,171.3,166.6,167.5,165.7
ED-0076,877,14:37,175.9,167.4,171.9,170.4,160.5,166.9,176.0,172.2,169.8,166.9,167.3,165.9
ED-0076,878,14:38,175.5,166.8,170.4,171.9,161.5,167.2,174.9,172.8,171.6,167.9,167.8,166.1
ED-0076,879,14:39,175.5,168.3,171.4,171.5,161.6,166.4,176.6,172.5,171.2,166.9,166.8,165.9
ED-0076,880,14:40,175.4,168.2,171.3,171.5,160.8,167.3,175.2,173.4,171.8,167.2,168.1,166.3
ED-0076,881,14:41,175.9,167.3,172.2,172.1,161.3,167.6,176.9,173.4,171.4,167.5,168.2,165.0
ED-0076,882,14:42,175.4,167.3,171.5,171.3,160.8,167.4,175.1,172.6,171.7,167.7,167.8,167.3
ED-0076,883,14:43,176.8,167.8,172.9,171.2,160.6,167.4,174.6,173.3,172.0,167.7,166.9,166.3
ED-0076,884,14:44,176.2,167.9,171.7,171.9,160.9,166.9,174.9,173.5,171.6,167.9,167.9,165.9
ED-0076,885,14:45,175.2,168.3,172.0,171.2,160.8,168.5,176.4,173.5,171.7,167.4,168.0,167.3
ED-0076,886,14:46,176.8,167.6,171.9,171.3,161.5,168.1,175.7,173.3,171.4,167.7,168.0,166.7
ED-0076,887,14:47,175.6,168.6,173.3,171.7,161.7,167.9,175.8,173.3,171.6,168.2,168.4,167.1
ED-0076,888,14:48,176.5,168.3,172.3,170.9,162.3,168.1,177.0,173.8,172.3,167.9,167.5,166.6
ED-0076,889,14:49,175.8,169.2,173.6,172.2,161.2,166.6,176.6,174.1,171.5,167.8,168.3,166.4
ED-0076,890,14:50,176.4,169.2,172.9,173.2,162.6,167.6,176.0,173.7,172.0,167.8,168.9,167.2
ED-0076,891,14:51,177.3,168.6,173.3,171.6,161.7,168.3,176.6,174.0,172.4,167.3,169.2,166.4
ED-0076,892,14:52,176.7,168.2,172.2,173.2,161.2,168.8,175.9,174.3,172.1,167.8,167.7,166.0
ED-0076,893,14:53,177.2,168.4,172.9,172.0,161.6,167.8,176.9,174.7,172.4,168.6,168.9,167.6
ED-0076,894,14:54,176.4,169.0,173.6,172.5,162.2,168.2,176.7,174.3,173.3,168.1,169.1,167.4
ED-0076,895,14:55,176.9,169.5,173.0,172.9,162.8,169.0,176.4,173.5,171.7,168.4,169.1,167.0
ED-0076,896,14:56,177.4,169.2,173.6,173.9,162.8,168.6,177.0,175.4,172.7,168.1,169.1,166.9
ED-0076,897,14:57,176.7,169.0,172.4,172.3,162.4,168.4,177.5,175.0,173.2,168.6,169.8,166.5
ED-0076,898,14:58,178.4,169.4,173.2,173.0,163.1,169.8,176.7,174.1,172.4,168.6,169.2,166.8
ED-0076,899,14:59,177.3,168.7,173.5,173.1,163.4,169.4,177.6,174.4,172.1,168.9,168.7,168.0
ED-0076,900,15:00,177.4,169.7,173.3,172.9,162.4,168.7,176.4,174.5,172.9,169.1,168.5,167.6
ED-0076,901,15:01,177.5,169.8,173.5,173.6,163.2,169.1,177.2,174.0,172.6,169.4,169.9,167.8
ED-0076,902,15:02,178.1,169.0,173.6,172.1,162.4,169.2,177.0,174.0,171.5,169.2,169.5,168.8
ED-0076,903,15:03,177.3,170.2,174.0,173.0,162.5,170.0,177.6,174.6,173.3,168.1,169.0,168.3
ED-0076,904,15:04,177.8,169.9,173.1,172.2,161.8,169.2,177.8,175.2,173.2,168.6,169.2,167.7
ED-0076,905,15:05,178.0,170.4,173.1,173.6,162.7,169.7,177.1,175.1,172.6,169.6,169.7,168.7
ED-0076,906,15:06,177.4,171.0,173.3,173.7,161.8,169.8,178.0,175.4,173.9,169.8,169.5,168.6
ED-0076,907,15:07,177.4,170.3,174.5,173.4,163.5,168.7,177.6,174.8,172.6,168.3,169.3,167.8
ED-0076,908,15:08,177.1,170.5,174.6,174.0,162.9,170.1,179.1,174.9,173.1,169.1,170.1,169.6
ED-0076,909,15:09,178.2,169.8,175.7,173.1,164.0,169.1,177.6,175.9,173.5,169.0,169.1,168.5
ED-0076,910,15:10,177.8,170.1,173.8,174.2,162.4,169.6,178.6,175.1,172.6,169.8,169.8,168.5
ED-0076,911,15:11,178.7,169.2,175.1,173.4,163.1,170.2,178.1,175.5,173.5,169.1,170.2,168.6
ED-0076,912,15:12,178.0,170.6,173.4,174.9,164.0,170.3,178.4,175.2,173.8,169.7,170.5,168.5
ED-0076,913,15:13,178.6,170.9,174.5,174.9,164.5,169.7,178.6,175.4,174.0,169.2,169.6,168.9
ED-0076,914,15:14,178.5,169.7,174.4,173.8,163.4,169.4,178.9,175.6,173.6,169.7,169.9,168.4
ED-0076,915,15:15,179.4,170.3,174.3,174.3,164.2,169.5,178.1,174.6,174.6,169.6,170.6,168.4
ED-0076,916,15:16,177.7,170.0,174.3,173.9,163.0,170.3,178.9,176.0,174.7,170.0,170.3,168.1
ED-0076,917,15:17,178.5,169.5,174.9,174.0,163.7,170.2,178.8,174.8,173.8,169.3,169.3,168.7
ED-0076,918,15:18,177.5,170.5,173.7,173.5,164.5,170.3,178.7,175.6,173.7,170.0,169.4,169.6
ED-0076,919,15:19,178.5,171.4,174.7,174.1,163.9,171.0,178.8,175.8,173.9,169.4,171.7,168.9
ED-0076,920,15:20,178.2,171.0,175.4,174.1,163.0,168.8,178.5,176.5,173.2,170.0,169.6,169.2
ED-0076,921,15:21,178.5,170.9,174.6,174.5,164.5,171.1,178.4,175.3,173.8,169.7,171.0,169.1
ED-0076,922,15:22,179.8,170.7,174.4,174.2,164.6,169.9,179.0,176.1,174.2,169.7,170.6,169.1
ED-0076,923,15:23,179.6,171.2,175.1,174.9,164.3,170.6,178.4,176.6,174.4,170.5,169.6,169.4
ED-0076,924,15:24,180.0,171.1,176.0,175.3,164.4,170.2,178.8,176.2,173.9,171.1,170.4,170.0
ED-0076,925,15:25,178.3,171.5,175.3,174.8,164.7,171.0,178.9,175.5,174.4,169.7,170.9,169.0
ED-0076,926,15:26,179.1,171.4,175.3,174.7,164.8,170.7,179.0,176.6,174.3,170.8,171.3,169.8
ED-0076,927,15:27,179.7,171.7,175.8,175.5,164.1,171.1,179.5,177.0,174.6,170.3,170.6,170.7
ED-0076,928,15:28,179.7,171.4,176.0,175.6,164.5,171.0,179.4,176.9,174.0,170.9,171.7,169.7
ED-0076,929,15:29,178.9,171.9,175.5,174.9,164.0,171.2,178.6,176.7,175.4,170.9,171.5,169.6
ED-0076,930,15:30,179.4,172.4,175.2,175.4,164.3,171.0,179.1,175.7,175.1,170.7,171.9,169.5
ED-0076,931,15:31,179.5,171.8,175.4,176.2,164.7,171.1,178.6,176.9,175.4,171.3,171.1,170.0
ED-0076,932,15:32,179.4,172.8,175.8,174.6,164.4,172.0,179.7,177.6,174.1,171.2,170.9,169.8
ED-0076,933,15:33,179.8,171.8,175.7,175.1,165.4,171.8,178.7,177.2,175.5,171.3,171.5,170.2
ED-0076,934,15:34,179.8,171.8,176.1,176.2,164.6,170.8,180.4,178.2,174.6,170.6,171.2,169.6
ED-0076,935,15:35,180.2,171.5,175.6,175.4,164.6,172.3,179.5,176.6,175.0,171.9,171.9,170.7
ED-0076,936,15:36,179.6,172.0,176.6,176.1,165.1,170.9,179.9,177.7,175.0,171.7,171.2,169.8
ED-0076,937,15:37,179.7,171.4,176.5,175.9,165.1,171.9,179.6,176.8,175.2,171.2,172.1,170.6
ED-0076,938,15:38,180.2,173.1,176.1,175.3,165.3,171.3,179.9,176.5,174.9,171.1,172.0,170.4
ED-0076,939,15:39,179.8,172.2,175.8,175.9,165.1,171.2,180.7,177.7,174.2,171.7,172.0,170.3
ED-0076,940,15:40,180.3,172.9,175.8,175.5,165.7,172.1,180.9,177.4,176.1,172.5,172.6,170.2
ED-0076,941,15:41,180.5,172.7,177.0,175.7,165.7,172.1,179.7,177.7,176.1,171.7,172.1,170.8
ED-0076,942,15:42,179.9,171.0,176.4,176.0,165.3,171.4,180.5,177.4,175.5,171.7,172.3,171.5
ED-0076,943,15:43,180.9,171.7,176.6,176.8,166.4,172.4,180.3,177.8,176.0,172.3,172.5,170.7
ED-0076,944,15:44,180.8,172.5,177.0,176.2,164.9,172.1,180.8,178.0,176.0,171.8,172.6,170.8
ED-0076,945,15:45,180.6,172.3,176.8,176.2,165.9,172.3,180.3,177.6,175.1,172.8,172.4,170.6
ED-0076,946,15:46,181.3,172.2,176.5,176.6,166.0,172.5,180.0,177.0,177.1,172.1,172.6,171.3
ED-0076,947,15:47,180.8,172.4,176.2,176.5,166.0,172.7,180.2,178.1,175.4,171.5,171.3,172.4
ED-0076,948,15:48,181.0,172.4,177.9,176.3,166.3,172.2,180.1,178.0,174.4,172.6,171.2,169.7
ED-0076,949,15:49,180.8,172.4,176.8,176.0,166.8,171.8,181.5,178.5,176.1,172.2,172.9,171.7
ED-0076,950,15:50,180.1,172.1,176.6,176.4,166.2,172.7,180.5,178.7,176.6,171.9,172.4,170.9
ED-0076,951,15:51,180.8,173.3,176.4,176.9,166.1,172.5,180.9,180.1,176.4,171.7,172.6,170.5
ED-0076,952,15:52,180.6,172.8,176.9,176.5,166.9,172.9,182.1,178.5,176.2,172.1,172.2,171.6
ED-0076,953,15:53,181.5,173.3,177.7,176.4,166.4,172.8,182.1,177.7,176.7,174.0,172.5,171.7
ED-0076,954,15:54,181.3,172.5,177.8,177.3,165.7,173.0,180.8,178.6,176.1,173.1,172.3,171.4
ED-0076,955,15:55,182.0,173.8,177.2,177.1,165.7,173.6,182.1,178.2,176.7,172.9,173.1,171.0
ED-0076,956,15:56,181.0,172.8,177.6,177.8,166.6,172.7,181.3,178.4,176.1,172.1,172.6,171.3
ED-0076,957,15:57,181.3,173.6,177.4,177.1,166.3,173.6,181.9,179.0,177.6,173.2,173.1,171.5
ED-0076,958,15:58,181.2,173.2,177.7,177.1,166.4,173.2,182.6,178.5,176.5,171.9,172.2,171.4
ED-0076,959,15:59,180.3,173.2,177.9,178.1,167.3,173.3,181.6,179.4,176.1,173.2,172.3,171.7
ED-0076,960,16:00,181.6,173.5,178.2,177.0,167.0,173.4,182.4,178.6,176.8,172.7,173.7,172.1
ED-0076,961,16:01,181.4,173.4,179.1,176.5,166.8,173.5,181.8,179.0,176.3,173.8,173.4,171.9
ED-0076,962,16:02,181.8,173.7,178.3,176.6,167.2,173.6,182.7,179.6,175.9,173.8,172.5,170.6
ED-0076,963,16:03,181.8,172.8,177.7,176.7,166.3,173.9,182.6,179.2,177.3,172.8,173.7,171.8
ED-0076,964,16:04,182.6,174.5,178.5,177.5,166.3,174.3,182.3,180.3,176.9,173.3,173.4,171.2
ED-0076,965,16:05,182.4,173.8,177.2,177.5,167.3,174.3,182.0,180.0,176.9,173.0,174.7,171.7
ED-0076,966,16:06,182.8,174.5,177.9,178.1,167.1,173.6,181.4,179.4,177.3,173.3,172.9,172.5
ED-0076,967,16:07,182.7,174.1,177.1,177.6,168.1,173.8,183.1,179.1,178.1,172.1,173.3,172.2
ED-0076,968,16:08,182.9,173.1,178.1,178.0,167.2,174.3,182.6,179.2,177.6,173.0,173.4,172.5
ED-0076,969,16:09,183.3,174.1,178.2,177.2,167.5,173.1,182.4,180.1,177.9,173.6,173.8,172.9
ED-0076,970,16:10,182.5,174.6,178.3,177.7,167.3,173.0,182.7,180.0,178.5,173.2,174.1,172.4
ED-0076,971,16:11,183.0,175.0,177.8,177.8,167.4,174.4,182.3,180.2,177.7,173.7,174.1,172.7
ED-0076,972,16:12,182.0,174.3,179.1,177.2,167.9,174.2,182.7,180.3,177.2,173.2,173.8,172.8
ED-0076,973,16:13,182.5,174.5,178.8,177.0,167.0,174.8,182.8,179.4,178.2,173.6,173.4,173.0
ED-0076,974,16:14,182.6,174.3,179.0,178.0,167.8,174.0,182.3,180.6,177.8,173.4,174.5,172.8
ED-0076,975,16:15,182.6,174.2,178.5,178.0,167.5,174.0,183.1,180.3,178.2,172.6,173.5,172.6
ED-0076,976,16:16,183.5,174.7,179.9,178.7,167.4,175.0,183.3,181.0,177.9,173.9,175.0,173.0
ED-0076,977,16:17,183.5,174.0,179.3,178.3,168.3,175.0,182.5,180.7,177.3,173.2,174.0,172.7
ED-0076,978,16:18,182.3,174.6,179.5,177.6,167.7,175.3,182.0,180.7,177.9,173.4,173.8,173.3
ED-0076,979,16:19,182.7,174.5,178.9,179.2,168.2,173.6,182.9,180.4,178.5,173.5,174.6,173.1
ED-0076,980,16:20,183.0,174.0,178.7,178.0,168.2,174.7,183.1,180.5,178.8,174.6,174.7,173.2
ED-0076,981,16:21,183.5,175.9,178.7,178.6,167.8,175.2,181.9,180.0,178.3,173.9,174.0,173.3
ED-0076,982,16:22,182.9,175.0,179.6,177.9,168.2,175.5,183.4,180.8,177.4,174.4,174.1,172.5
ED-0076,983,16:23,183.8,175.3,180.2,179.3,167.8,175.8,184.0,180.2,178.0,174.6,175.4,174.6
ED-0076,984,16:24,184.1,175.7,178.9,178.6,168.2,175.3,183.2,181.3,177.4,174.6,174.4,172.9
ED-0076,985,16:25,183.4,175.2,179.8,179.6,168.9,174.7,183.1,179.7,178.5,174.0,175.1,174.1
ED-0076,986,16:26,184.2,174.8,179.1,178.7,168.0,175.5,183.8,180.6,179.0,175.1,174.8,173.2
ED-0076,987,16:27,183.3,174.9,179.5,178.7,168.9,175.3,183.2,181.3,179.7,174.4,175.7,173.5
ED-0076,988,16:28,183.7,175.8,179.8,179.8,169.3,174.3,183.3,181.0,178.4,175.0,175.9,173.6
ED-0076,989,16:29,183.7,175.6,178.2,178.6,168.2,175.3,183.0,181.3,179.3,174.6,175.4,173.8
ED-0076,990,16:30,183.9,175.6,179.2,179.3,168.7,175.2,183.5,181.1,178.3,174.8,175.6,174.1
ED-0076,991,16:31,184.4,175.3,180.0,179.9,168.1,175.2,183.7,181.3,179.1,173.9,175.6,174.5
ED-0076,992,16:32,184.1,176.1,179.7,179.1,169.6,176.3,183.7,180.0,179.8,174.7,176.0,173.9
ED-0076,993,16:33,184.8,175.8,180.5,179.6,168.0,175.9,184.1,180.5,179.1,174.2,175.2,175.8
ED-0076,994,16:34,183.1,175.9,179.5,180.2,168.7,175.2,183.2,180.9,179.2,174.0,175.6,174.5
ED-0076,995,16:35,185.0,176.0,180.3,179.1,169.2,175.8,184.5,181.1,179.2,173.9,175.6,173.9
ED-0076,996,16:36,184.4,175.7,180.0,180.4,168.9,175.4,184.5,182.4,179.6,175.8,176.1,175.1
ED-0076,997,16:37,183.9,175.6,180.3,179.2,168.0,176.1,184.0,181.6,180.2,175.7,175.3,174.0
ED-0076,998,16:38,184.5,176.8,180.0,179.9,168.7,175.6,183.9,181.2,178.9,175.9,176.3,174.7
ED-0076,999,16:39,183.8,175.0,179.6,178.9,169.0,176.8,184.9,181.5,179.9,174.9,175.2,174.6
ED-0076,1000,16:40,184.7,175.7,180.4,180.6,169.9,175.3,184.4,181.7,180.1,175.5,176.4,174.3
ED-0076,1001,16:41,184.1,177.3,180.7,179.9,169.1,176.2,184.8,182.1,179.4,175.4,176.1,174.3
ED-0076,1002,16:42,185.0,176.0,181.3,180.2,169.1,176.8,184.9,181.7,179.0,175.2,176.6,174.2
ED-0076,1003,16:43,184.9,176.4,181.5,179.4,169.3,175.4,184.1,181.9,179.8,175.3,176.1,174.7
ED-0076,1004,16:44,184.3,177.1,180.8,180.9,169.7,176.3,186.2,181.6,179.9,175.1,175.2,175.5
ED-0076,1005,16:45,184.0,176.8,180.7,179.9,169.4,176.5,185.0,181.8,180.6,174.9,175.7,175.0
ED-0076,1006,16:46,184.2,176.0,180.4,179.8,168.5,176.7,185.2,182.0,180.0,176.1,176.1,174.9
ED-0076,1007,16:47,185.1,176.4,180.5,180.2,170.2,176.1,185.3,182.0,179.4,176.2,176.0,174.6
ED-0076,1008,16:48,184.6,177.3,180.9,180.4,169.5,175.9,185.4,182.4,179.2,175.6,176.7,174.3
ED-0076,1009,16:49,184.7,175.9,181.2,180.3,171.0,177.1,185.2,182.5,180.3,175.9,177.6,175.5
ED-0076,1010,16:50,184.7,176.5,179.8,181.0,169.9,177.2,184.7,183.1,180.5,175.3,177.2,174.9
ED-0076,1011,16:51,185.4,177.1,181.4,181.3,169.6,177.5,185.4,181.8,180.2,176.1,175.7,176.1
ED-0076,1012,16:52,185.1,176.2,181.0,180.4,170.7,176.1,185.3,183.3,180.1,176.7,177.3,175.9
ED-0076,1013,16:53,185.2,176.5,181.7,180.4,170.0,176.7,185.4,182.4,180.2,175.8,175.8,175.7
ED-0076,1014,16:54,185.8,177.5,181.1,181.2,170.3,177.3,185.5,182.5,180.0,177.0,176.9,174.9
ED-0076,1015,16:55,185.5,177.0,180.2,180.5,170.8,177.8,185.9,182.8,180.7,176.1,176.9,175.2
ED-0076,1016,16:56,186.5,178.0,180.9,180.8,170.6,177.0,185.9,183.1,180.5,176.7,176.1,175.3
ED-0076,1017,16:57,185.7,177.3,181.5,181.8,170.5,177.4,185.9,183.6,179.8,177.2,176.0,175.5
ED-0076,1018,16:58,185.9,177.2,181.2,181.4,171.2,177.6,185.3,182.9,180.3,176.3,177.6,176.0
ED-0076,1019,16:59,185.2,177.1,181.9,180.7,170.9,176.7,185.5,183.0,181.8,175.9,176.2,175.6
ED-0076,1020,17:00,186.0,177.6,182.6,181.9,171.3,177.6,185.1,183.9,180.4,176.4,176.9,175.4
ED-0076,1021,17:01,186.4,177.8,181.5,182.1,171.1,176.5,185.4,183.7,180.9,176.1,177.3,176.2
ED-0076,1022,17:02,184.3,177.6,181.2,181.1,170.2,177.7,186.9,182.7,180.9,177.1,176.7,176.2
ED-0076,1023,17:03,186.0,177.3,182.4,181.3,170.5,178.1,185.9,183.6,181.4,176.9,177.5,176.2
ED-0076,1024,17:04,187.0,178.1,182.1,181.1,171.3,178.2,186.1,183.3,182.1,177.0,177.9,175.6
ED-0076,1025,17:05,186.0,177.3,182.2,181.2,170.2,177.8,186.9,183.4,180.8,176.7,176.8,175.7
ED-0076,1026,17:06,186.0,177.9,182.7,181.3,171.0,178.1,186.7,183.5,181.5,177.0,177.0,176.2
ED-0076,1027,17:07,186.7,178.0,182.4,181.4,170.5,177.4,186.3,184.1,181.4,176.5,177.0,176.9
ED-0076,1028,17:08,186.2,177.6,182.4,182.1,171.4,179.7,187.0,184.0,181.3,177.4,177.6,175.6
ED-0076,1029,17:09,185.6,177.7,182.0,181.8,171.3,177.3,186.7,184.0,181.3,177.5,177.3,176.5
ED-0076,1030,17:10,186.2,177.9,182.5,181.6,171.4,178.3,186.4,183.9,181.6,176.1,177.0,175.7
ED-0076,1031,17:11,186.7,178.0,182.7,181.6,171.5,177.6,186.9,183.6,181.2,177.7,178.1,176.0
ED-0076,1032,17:12,186.9,178.3,182.4,181.8,171.7,179.2,185.9,183.8,181.2,177.0,178.6,176.4
ED-0076,1033,17:13,186.6,178.5,182.9,182.3,171.1,177.7,186.8,183.8,182.2,177.1,178.7,177.4
ED-0076,1034,17:14,186.1,178.3,182.5,181.9,171.2,178.4,187.6,183.8,182.1,178.3,177.7,177.0
ED-0076,1035,17:15,186.1,179.2,182.0,182.1,171.4,178.7,187.1,184.0,180.9,176.9,178.1,176.1
ED-0076,1036,17:16,186.8,179.1,182.0,182.4,171.8,178.5,186.6,184.0,182.1,178.0,178.4,178.3
ED-0076,1037,17:17,186.7,179.9,182.7,183.1,171.9,178.4,186.5,185.0,182.0,177.2,177.8,176.1
ED-0076,1038,17:18,186.8,178.6,182.1,182.7,171.8,178.4,187.4,184.4,182.2,177.2,178.7,176.0
ED-0076,1039,17:19,187.0,178.6,183.8,182.4,171.5,179.3,186.9,184.8,182.0,177.7,177.6,177.5
ED-0076,1040,17:20,187.0,177.9,182.8,181.8,173.2,178.5,187.2,184.1,182.3,177.4,177.3,177.4
ED-0076,1041,17:21,187.0,178.2,182.1,182.3,171.8,178.9,187.5,184.6,181.8,177.8,179.1,177.6
ED-0076,1042,17:22,187.5,178.5,182.9,182.9,172.5,179.5,187.6,185.0,182.5,178.0,179.1,177.5
ED-0076,1043,17:23,186.9,178.7,183.1,182.2,171.8,178.1,187.8,185.2,182.3,177.2,178.2,177.2
ED-0076,1044,17:24,187.3,179.1,183.1,183.3,172.3,179.0,187.4,184.5,182.7,177.1,178.5,177.2
ED-0076,1045,17:25,187.3,178.5,183.1,182.8,171.6,179.0,187.7,185.2,182.6,178.5,179.0,177.9
ED-0076,1046,17:26,188.1,178.6,183.3,182.5,172.5,178.2,188.1,185.1,182.3,178.7,179.1,177.7
ED-0076,1047,17:27,187.5,179.1,183.0,182.9,171.7,179.7,187.2,185.2,183.1,178.5,178.4,177.5
ED-0076,1048,17:28,189.0,178.3,183.3,183.3,172.2,179.0,187.4,185.7,183.3,177.7,178.9,177.3
ED-0076,1049,17:29,188.2,178.6,183.8,183.0,172.0,179.2,187.5,185.0,183.0,178.0,179.2,177.1
ED-0076,1050,17:30,187.6,179.7,183.4,183.4,172.4,179.4,187.3,184.5,182.0,178.1,178.7,177.5
ED-0076,1051,17:31,188.4,179.0,182.4,183.6,172.3,179.5,188.0,185.1,183.3,179.3,178.2,178.2
ED-0076,1052,17:32,187.9,179.6,185.0,183.2,172.3,179.1,188.6,184.5,182.0,179.2,179.2,177.8
ED-0076,1053,17:33,188.1,179.5,183.5,182.8,172.8,179.7,187.4,184.8,182.7,178.6,179.8,177.9
ED-0076,1054,17:34,188.5,178.7,183.8,183.4,173.3,179.5,188.7,186.5,183.5,179.1,178.9,177.9
ED-0076,1055,17:35,187.6,179.6,183.6,183.8,172.8,179.2,188.2,186.4,182.8,178.1,180.0,177.8
ED-0076,1056,17:36,188.5,179.2,183.8,183.1,172.8,180.2,187.8,185.5,183.5,178.9,178.9,177.6
ED-0076,1057,17:37,187.9,179.4,184.9,182.8,172.7,179.7,188.6,185.3,183.6,178.3,179.3,178.7
ED-0076,1058,17:38,187.7,179.2,183.7,182.8,173.1,180.7,187.8,185.9,183.4,178.7,179.4,178.4
ED-0076,1059,17:39,188.5,179.2,184.3,184.0,172.9,178.7,188.5,185.7,183.3,179.3,178.9,179.0
ED-0076,1060,17:40,187.8,180.2,184.2,183.1,172.7,180.3,189.2,185.3,183.5,178.4,179.4,178.4
ED-0076,1061,17:41,189.6,180.3,184.3,184.8,173.5,180.8,187.7,186.3,183.1,179.7,179.8,178.2
ED-0076,1062,17:42,189.2,180.1,183.4,183.0,173.8,180.1,188.8,185.5,184.1,179.4,179.2,178.5
ED-0076,1063,17:43,188.9,179.8,185.0,183.7,173.7,179.7,188.6,186.4,183.0,179.5,179.1,178.8
ED-0076,1064,17:44,188.5,180.0,185.6,183.9,172.8,180.3,189.8,185.8,184.1,179.7,179.1,179.5
ED-0076,1065,17:45,189.1,179.6,183.6,184.4,174.2,179.7,189.4,185.8,184.1,179.2,178.9,178.1
ED-0076,1066,17:46,188.7,180.3,184.6,182.8,173.1,180.0,189.3,186.4,183.3,179.2,179.6,178.4
ED-0076,1067,17:47,188.6,180.5,184.7,183.8,174.1,180.5,189.4,186.5,183.9,179.7,180.3,178.1
ED-0076,1068,17:48,189.9,180.7,184.7,184.3,174.8,181.0,189.1,186.6,183.2,179.9,179.9,178.8
ED-0076,1069,17:49,189.2,180.9,184.5,183.5,173.6,181.0,188.3,186.0,183.7,179.9,179.7,179.2
ED-0076,1070,17:50,189.4,180.8,185.2,184.6,174.4,180.9,189.6,186.7,184.1,179.5,180.0,178.0
ED-0076,1071,17:51,189.0,181.2,184.8,184.7,172.8,180.8,189.6,186.3,184.3,179.6,179.8,178.1
ED-0076,1072,17:52,189.3,180.9,184.6,184.9,173.5,181.4,189.0,187.8,183.8,179.7,180.6,179.0
ED-0076,1073,17:53,190.4,180.2,184.8,184.9,173.9,180.3,190.1,186.6,184.9,179.0,180.5,179.9
ED-0076,1074,17:54,189.6,181.0,184.3,184.0,174.4,181.0,189.3,186.9,184.6,180.6,180.4,178.8
ED-0076,1075,17:55,189.9,180.9,184.8,184.3,174.9,181.1,190.1,187.3,184.4,179.9,180.5,178.6
ED-0076,1076,17:56,190.0,181.1,185.8,184.7,174.0,181.0,190.3,186.5,184.2,179.8,180.9,179.2
ED-0076,1077,17:57,189.7,180.9,185.0,184.4,173.8,181.0,190.1,186.3,184.5,179.8,182.0,179.8
ED-0076,1078,17:58,189.6,180.7,185.1,185.0,175.1,181.3,190.3,186.7,184.8,179.5,180.6,179.3
ED-0076,1079,17:59,190.6,180.3,186.2,185.2,174.8,180.6,189.2,186.6,183.6,180.1,180.5,179.1
ED-0076,1080,18:00,190.0,180.9,185.1,185.6,175.3,181.2,189.6,186.9,184.1,179.3,180.4,179.6
ED-0076,1081,18:01,189.4,180.3,186.0,184.9,174.0,181.1,189.8,186.7,184.5,180.0,181.3,179.9
ED-0076,1082,18:02,190.3,180.3,185.4,185.3,174.4,181.2,190.0,188.1,184.7,180.1,181.1,179.8
ED-0076,1083,18:03,190.6,181.1,185.6,184.7,174.8,182.1,190.3,187.5,185.3,180.7,180.6,179.9
ED-0076,1084,18:04,190.8,181.0,185.5,186.2,174.5,182.0,190.8,186.8,184.6,180.7,181.4,179.9
ED-0076,1085,18:05,190.0,180.6,186.4,184.4,174.7,181.5,190.6,188.2,186.4,179.8,180.5,179.8
ED-0076,1086,18:06,190.7,181.7,186.0,184.7,174.6,181.2,190.6,186.8,184.4,180.4,181.6,179.1
ED-0076,1087,18:07,190.9,181.9,186.4,184.9,175.1,181.4,189.8,188.0,185.3,180.3,181.0,180.0
ED-0076,1088,18:08,190.4,181.1,186.8,185.6,174.7,181.4,190.4,188.1,185.4,180.9,181.4,178.5
ED-0076,1089,18:09,190.9,181.3,185.7,185.3,175.6,181.7,190.5,187.7,184.4,180.5,181.5,180.3
ED-0076,1090,18:10,190.0,181.3,186.2,184.9,174.5,183.0,190.8,187.7,184.8,180.3,181.8,180.3
ED-0076,1091,18:11,190.4,181.8,186.8,185.9,174.8,182.6,191.7,187.5,185.6,182.3,181.3,179.8
ED-0076,1092,18:12,189.6,181.9,185.5,185.3,175.3,181.6,191.5,187.0,184.8,180.9,181.8,180.4
ED-0076,1093,18:13,190.6,182.1,186.2,185.5,174.6,182.6,190.8,188.3,184.7,181.2,182.5,180.3
ED-0076,1094,18:14,191.4,181.9,186.5,185.8,175.7,182.4,190.5,187.2,185.3,181.1,181.2,180.4
ED-0076,1095,18:15,190.3,182.3,186.1,185.8,175.2,181.2,191.2,188.9,185.5,181.1,182.0,180.6
ED-0076,1096,18:16,190.8,181.6,186.9,185.6,174.9,182.5,190.9,188.6,184.5,180.4,182.9,181.1
ED-0076,1097,18:17,191.8,181.3,186.6,184.6,175.5,182.7,191.8,188.1,185.6,182.2,182.5,180.5
ED-0076,1098,18:18,191.2,182.3,185.9,186.0,174.8,181.9,190.9,189.0,185.3,181.5,181.8,180.6
ED-0076,1099,18:19,190.7,182.5,186.3,187.1,175.5,182.5,191.5,188.5,186.5,181.6,181.7,180.7
ED-0076,1100,18:20,189.9,182.0,186.6,185.5,175.1,182.5,192.6,188.6,184.6,181.1,183.1,180.9
ED-0076,1101,18:21,191.5,182.5,186.9,186.2,177.0,182.5,191.4,188.3,186.8,181.3,183.3,180.3
ED-0076,1102,18:22,191.4,182.6,186.7,186.1,174.7,182.9,191.7,189.1,185.7,181.3,181.6,180.7
ED-0076,1103,18:23,191.3,182.2,186.9,185.6,175.1,183.2,192.1,188.4,186.1,181.8,182.1,180.6
ED-0076,1104,18:24,191.5,182.5,186.3,185.6,175.6,182.8,191.4,188.2,185.7,182.1,182.7,181.1
ED-0076,1105,18:25,191.2,182.4,187.5,187.3,175.1,182.8,191.6,188.1,186.1,181.4,181.4,181.8
ED-0076,1106,18:26,191.9,182.8,186.4,186.3,176.5,183.4,191.4,188.3,185.9,182.2,182.2,180.7
ED-0076,1107,18:27,190.8,182.4,187.7,186.4,176.0,183.3,191.7,188.9,186.2,183.4,181.7,180.6
ED-0076,1108,18:28,191.5,182.2,187.0,187.0,176.1,182.6,191.0,188.6,186.6,181.2,182.9,180.7
ED-0076,1109,18:29,191.0,182.1,187.8,187.1,175.6,183.0,191.7,188.6,186.7,182.3,182.3,181.5
ED-0076,1110,18:30,191.5,182.4,186.3,187.1,176.5,182.7,190.9,189.0,186.9,181.4,182.9,180.7
ED-0076,1111,18:31,191.7,182.0,186.6,186.8,176.3,183.9,191.9,190.0,186.1,182.4,182.6,181.2
ED-0076,1112,18:32,191.7,183.1,187.7,186.7,176.2,183.1,191.4,188.9,186.5,182.2,182.7,181.2
ED-0076,1113,18:33,190.9,183.5,187.3,186.5,176.1,183.3,192.2,189.3,186.6,182.7,182.7,181.2
ED-0076,1114,18:34,191.5,183.4,186.9,187.2,176.2,183.4,191.1,188.8,187.1,182.5,183.2,181.6
ED-0076,1115,18:35,191.7,183.3,187.8,187.1,176.0,184.1,191.4,189.1,186.6,182.1,183.1,182.1
ED-0076,1116,18:36,192.4,183.2,187.1,186.2,175.9,183.1,192.2,189.1,186.5,182.7,182.7,180.8
ED-0076,1117,18:37,192.2,183.0,188.3,187.8,176.5,183.8,191.1,189.2,187.1,182.7,182.6,181.4
ED-0076,1118,18:38,191.6,184.4,187.1,186.6,177.0,183.5,192.1,189.3,186.6,182.6,182.8,181.2
ED-0076,1119,18:39,192.1,182.7,187.8,187.7,176.3,183.2,192.0,189.3,186.7,182.4,182.5,182.1
ED-0076,1120,18:40,192.5,183.0,187.3,187.8,176.8,183.8,193.2,190.1,186.6,182.8,183.5,181.7
ED-0076,1121,18:41,191.5,182.8,187.3,188.2,177.0,182.8,192.7,190.1,186.9,183.0,183.2,181.4
ED-0076,1122,18:42,191.9,183.1,188.8,187.6,176.7,184.0,192.6,189.5,187.3,182.6,183.6,181.5
ED-0076,1123,18:43,192.3,183.2,187.5,187.3,176.5,183.6,192.6,190.3,187.2,182.9,183.2,182.0
ED-0076,1124,18:44,193.1,183.3,187.5,187.7,176.6,182.8,192.8,189.0,187.0,183.8,183.4,182.3
ED-0076,1125,18:45,192.4,183.2,187.1,187.7,176.7,183.7,192.5,189.3,186.7,182.7,182.7,182.0
ED-0076,1126,18:46,193.5,183.9,188.0,186.6,177.2,184.8,192.3,190.3,187.3,182.0,184.3,182.3
ED-0076,1127,18:47,192.1,183.8,188.2,188.1,176.4,184.6,192.9,189.9,187.8,183.5,183.0,182.6
ED-0076,1128,18:48,192.2,184.6,187.5,187.6,177.7,183.2,192.5,189.9,187.3,182.5,183.4,183.2
ED-0076,1129,18:49,192.8,184.0,188.0,187.6,178.0,184.7,192.3,189.8,187.4,183.0,183.3,182.2
ED-0076,1130,18:50,193.1,183.6,187.8,188.2,176.4,184.5,192.6,190.2,187.1,182.6,184.0,182.3
ED-0076,1131,18:51,192.9,183.9,188.4,187.6,177.9,184.7,192.8,191.0,187.0,182.7,184.7,182.4
ED-0076,1132,18:52,193.1,184.8,188.2,187.9,177.6,185.3,192.7,190.1,187.2,182.7,183.7,183.0
ED-0076,1133,18:53,193.9,184.2,187.9,189.0,177.5,184.2,192.6,191.2,187.9,183.0,183.7,183.3
ED-0076,1134,18:54,193.2,184.1,188.3,188.1,177.0,184.4,192.1,190.6,188.8,183.1,184.8,182.3
ED-0076,1135,18:55,193.7,183.2,188.8,187.3,177.2,185.3,193.9,190.0,188.8,183.2,184.4,183.0
ED-0076,1136,18:56,193.4,183.9,188.8,187.4,177.0,185.5,193.2,190.9,188.2,183.6,184.0,183.3
ED-0076,1137,18:57,192.7,184.5,188.5,187.9,176.9,185.1,193.7,190.7,188.5,182.5,183.3,183.1
ED-0076,1138,18:58,193.0,184.9,189.7,187.8,177.7,184.8,193.3,190.8,187.7,183.8,184.5,183.0
ED-0076,1139,18:59,192.5,183.9,188.5,188.2,177.8,184.4,193.4,191.2,188.4,182.6,184.8,182.7
ED-0076,1140,19:00,193.5,184.8,189.6,189.0,178.1,184.7,193.5,190.7,188.0,183.7,184.7,183.2
ED-0076,1141,19:01,192.9,184.1,188.5,188.5,177.9,184.9,193.5,190.7,188.9,184.0,184.3,183.6
ED-0076,1142,19:02,193.1,186.0,189.7,188.2,178.3,184.7,194.0,191.0,187.4,183.8,183.9,182.2
ED-0076,1143,19:03,193.4,184.7,188.8,187.7,177.5,185.6,192.9,191.0,187.8,183.3,185.0,183.2
ED-0076,1144,19:04,193.0,183.8,188.8,188.5,177.7,185.9,193.6,191.3,187.7,183.5,184.2,182.7
ED-0076,1145,19:05,194.7,184.9,188.6,189.4,177.6,185.1,193.8,190.4,188.0,184.6,185.2,183.0
ED-0076,1146,19:06,193.5,184.7,189.9,187.8,179.0,185.2,193.8,192.5,188.2,184.4,185.5,183.9
ED-0076,1147,19:07,194.2,184.9,189.0,188.9,177.4,185.6,194.2,191.5,188.1,184.6,184.9,183.6
ED-0076,1148,19:08,194.3,184.0,188.3,189.2,178.3,184.9,193.8,191.8,188.8,184.5,184.8,182.9
ED-0076,1149,19:09,194.5,185.5,189.3,188.6,177.6,184.8,194.5,192.0,188.8,184.6,184.6,183.8
ED-0076,1150,19:10,194.8,185.2,189.2,188.8,177.8,184.9,194.5,191.3,188.6,185.2,184.0,184.2
ED-0076,1151,19:11,194.5,185.3,189.7,189.0,178.6,185.6,195.2,191.7,189.3,184.0,185.4,183.4
ED-0076,1152,19:12,194.4,185.4,190.3,188.9,178.3,185.6,194.9,191.7,188.9,183.1,184.9,183.7
ED-0076,1153,19:13,193.9,184.6,189.6,189.3,177.7,184.3,193.2,191.2,188.8,185.0,184.2,183.7
ED-0076,1154,19:14,194.2,184.6,189.4,189.0,178.7,185.3,194.4,191.4,188.6,184.6,184.8,184.0
ED-0076,1155,19:15,194.0,184.6,189.1,189.6,178.8,185.7,194.5,191.9,189.4,185.0,185.8,185.0
ED-0076,1156,19:16,193.9,184.9,190.5,188.9,179.0,185.3,195.1,192.0,189.1,185.5,185.1,184.4
ED-0076,1157,19:17,194.7,185.1,188.7,188.4,179.4,186.7,194.7,191.4,188.4,184.2,186.0,184.2
ED-0076,1158,19:18,194.1,186.0,189.4,188.9,178.9,185.7,194.8,192.6,189.0,183.8,185.9,184.4
ED-0076,1159,19:19,194.2,185.4,188.7,188.5,179.0,186.4,195.1,191.2,189.1,184.8,185.3,183.3
ED-0076,1160,19:20,195.3,185.8,190.1,190.1,178.8,185.8,195.1,191.1,188.7,184.0,186.3,184.0
ED-0076,1161,19:21,195.3,185.6,189.8,190.3,178.8,186.4,194.9,192.0,188.7,184.3,185.7,184.2
ED-0076,1162,19:22,194.8,185.3,190.2,190.4,178.8,186.2,194.5,191.7,189.5,184.7,185.5,183.9
ED-0076,1163,19:23,194.5,186.0,189.9,189.3,178.7,185.5,194.6,192.3,189.9,184.5,185.2,184.0
ED-0076,1164,19:24,194.4,186.3,190.7,189.7,178.5,186.1,195.3,191.7,189.5,184.9,185.1,184.2
ED-0076,1165,19:25,195.2,185.9,190.0,190.7,178.3,185.7,195.6,191.7,189.5,184.5,185.7,184.2
ED-0076,1166,19:26,195.4,185.8,189.7,190.8,178.8,186.6,195.4,192.9,189.0,186.1,186.0,184.4
ED-0076,1167,19:27,195.3,185.6,190.3,189.8,178.8,185.5,195.4,192.9,188.2,186.4,185.6,185.1
ED-0076,1168,19:28,195.6,186.5,190.6,189.9,178.0,186.3,194.9,192.3,189.1,184.7,185.2,184.6
ED-0076,1169,19:29,195.0,186.4,191.2,189.2,178.6,187.0,195.2,192.8,191.0,184.8,185.7,185.0
ED-0076,1170,19:30,194.9,186.4,190.6,189.4,179.3,186.5,195.9,193.1,189.8,185.2,185.3,184.3
ED-0076,1171,19:31,195.1,185.6,190.9,190.5,179.3,187.2,195.6,193.3,191.0,185.4,185.8,183.4
ED-0076,1172,19:32,195.4,186.9,190.6,191.1,179.5,186.1,195.6,191.8,190.4,185.9,185.9,184.0
ED-0076,1173,19:33,195.3,186.3,190.7,190.1,179.1,187.2,196.4,193.2,189.0,185.2,185.7,184.5
ED-0076,1174,19:34,195.3,185.7,191.0,190.5,179.9,186.9,196.5,193.2,190.0,185.5,187.0,184.8
ED-0076,1175,19:35,195.8,187.6,190.6,189.9,178.9,187.7,195.9,193.6,190.4,186.1,186.1,185.0
ED-0076,1176,19:36,195.3,186.3,191.2,189.8,179.4,187.1,195.7,193.2,190.2,186.4,187.0,184.8
ED-0076,1177,19:37,194.7,186.2,190.3,191.0,180.2,187.3,195.6,193.0,189.4,185.8,187.0,185.3
ED-0076,1178,19:38,195.8,187.2,190.4,191.0,179.9,186.7,196.1,192.2,190.5,185.6,186.1,185.2
ED-0076,1179,19:39,196.4,186.6,191.5,191.0,180.3,187.1,195.3,193.2,190.6,185.6,187.1,184.8
ED-0076,1180,19:40,195.9,186.6,190.8,191.1,179.5,186.3,196.5,193.3,191.0,185.0,185.4,185.2
ED-0076,1181,19:41,196.4,186.7,191.0,190.6,178.7,186.6,196.4,193.7,191.2,185.7,185.8,185.4
ED-0076,1182,19:42,196.2,187.0,191.0,191.2,180.2,186.7,195.6,193.3,191.0,185.8,185.2,185.0
ED-0076,1183,19:43,196.5,186.7,190.9,190.8,180.8,187.6,196.2,193.4,190.5,186.1,186.3,185.2
ED-0076,1184,19:44,195.8,186.8,191.0,191.1,180.7,187.2,196.4,193.1,190.0,185.8,187.7,185.7
ED-0076,1185,19:45,195.6,187.6,192.1,190.7,179.9,188.0,196.9,193.1,191.2,186.1,186.7,185.4
ED-0076,1186,19:46,196.7,186.2,191.2,190.9,181.3,187.3,196.1,193.4,190.2,186.2,187.1,185.5
ED-0076,1187,19:47,196.4,187.0,191.3,191.1,180.9,187.1,197.4,191.7,190.9,186.2,187.1,184.7
ED-0076,1188,19:48,195.8,186.9,191.6,192.0,180.0,188.8,196.4,193.4,191.3,186.2,186.5,185.9
ED-0076,1189,19:49,196.5,187.1,191.2,191.4,180.4,187.0,196.3,194.1,190.4,186.3,186.9,185.3
ED-0076,1190,19:50,196.7,187.3,190.8,190.3,180.8,187.9,196.9,193.6,190.6,186.7,187.4,185.8
ED-0076,1191,19:51,195.6,187.7,192.7,191.2,180.1,187.0,196.8,193.9,190.0,186.4,187.6,186.3
ED-0076,1192,19:52,196.7,187.3,191.1,191.0,180.6,188.3,196.6,193.3,190.6,186.1,187.0,185.9
ED-0076,1193,19:53,197.5,186.9,192.3,191.0,180.7,187.6,197.0,194.2,190.9,186.5,186.6,185.4
ED-0076,1194,19:54,196.0,187.7,192.8,192.0,180.3,188.8,197.2,194.5,190.8,186.5,188.3,186.8
ED-0076,1195,19:55,197.1,187.2,191.7,191.1,180.7,187.8,197.3,195.7,191.2,187.3,186.6,185.5
ED-0076,1196,19:56,196.8,187.7,191.2,192.6,181.6,188.2,196.7,194.4,190.5,185.9,187.6,186.8
ED-0076,1197,19:57,196.8,187.4,192.8,192.0,181.0,187.0,196.8,194.8,191.8,185.9,187.6,187.1
ED-0076,1198,19:58,196.7,186.9,191.7,191.8,181.1,187.8,197.3,194.2,191.2,186.7,187.8,186.4
ED-0076,1199,19:59,196.7,187.6,192.4,192.0,181.4,186.9,197.3,194.1,191.2,186.4,187.4,186.0
ED-0076,1200,20:00,197.6,187.6,192.7,191.8,181.3,188.6,197.0,194.5,191.4,187.5,187.6,187.0
ED-0076,1201,20:01,197.5,187.0,193.0,191.8,181.7,188.4,198.0,194.7,192.0,187.6,187.2,186.3
ED-0076,1202,20:02,196.6,187.9,192.5,191.5,181.2,187.5,196.9,194.2,191.9,187.0,187.7,187.2
ED-0076,1203,20:03,197.3,187.6,192.6,191.4,181.1,188.5,196.9,194.9,191.5,186.5,188.2,187.0
ED-0076,1204,20:04,196.6,188.3,191.9,192.0,180.7,188.1,197.7,194.7,191.5,186.5,187.3,187.0
ED-0076,1205,20:05,197.1,188.3,193.0,191.3,181.0,187.5,197.5,195.7,191.1,187.2,187.4,187.2
ED-0076,1206,20:06,197.7,187.6,191.9,192.1,181.4,188.6,197.3,195.5,191.0,188.1,188.1,186.9
ED-0076,1207,20:07,197.5,187.9,192.7,192.7,182.2,188.5,197.8,194.9,192.5,187.7,188.3,186.8
ED-0076,1208,20:08,197.6,188.5,192.3,191.7,182.0,189.4,198.2,195.3,192.0,187.3,188.8,186.9
ED-0076,1209,20:09,198.4,187.6,192.2,191.5,181.8,189.4,198.4,194.9,191.3,187.5,188.1,186.6
ED-0076,1210,20:10,198.0,189.1,193.2,193.1,181.3,188.6,197.4,195.2,191.7,187.3,188.3,186.6
ED-0076,1211,20:11,197.8,188.7,192.0,191.2,181.7,189.5,197.7,194.5,191.4,186.9,188.0,187.3
ED-0076,1212,20:12,197.5,188.9,192.6,193.3,182.3,188.4,197.6,194.4,191.8,187.2,187.8,186.3
ED-0076,1213,20:13,198.7,187.7,193.6,193.2,181.0,189.6,198.6,195.1,191.7,187.7,188.7,186.9
ED-0076,1214,20:14,198.2,188.5,192.9,192.9,181.8,189.1,198.2,195.8,191.8,187.4,188.4,186.5
ED-0076,1215,20:15,197.3,188.6,193.0,192.0,182.2,189.3,198.1,196.2,191.9,187.9,188.9,186.7
ED-0076,1216,20:16,197.8,188.9,193.0,192.5,181.2,189.2,198.0,195.8,192.3,187.5,188.8,186.8
ED-0076,1217,20:17,197.9,189.5,193.5,192.3,182.1,189.5,198.4,195.1,193.4,188.4,188.9,186.7
ED-0076,1218,20:18,197.8,189.1,193.2,192.7,182.8,189.3,198.3,195.2,193.1,188.0,189.3,187.2
ED-0076,1219,20:19,197.8,188.5,192.9,192.7,183.1,189.7,198.4,194.4,192.5,188.0,188.0,187.2
ED-0076,1220,20:20,197.6,189.0,193.4,192.3,181.7,189.4,198.6,195.4,192.1,188.2,187.8,187.2
ED-0076,1221,20:21,197.4,189.1,193.1,192.9,181.9,189.1,198.3,195.0,192.8,186.7,188.8,188.3
ED-0076,1222,20:22,198.1,188.6,192.8,192.8,182.4,189.5,199.0,195.4,193.1,188.4,188.7,188.2
ED-0076,1223,20:23,197.4,188.7,193.1,193.5,181.4,190.2,198.9,197.5,193.5,187.5,189.2,188.0
ED-0076,1224,20:24,198.1,189.7,194.9,193.3,183.4,189.5,198.6,195.5,193.1,189.2,188.0,188.0
ED-0076,1225,20:25,199.1,189.0,193.1,193.6,182.3,189.7,198.1,195.3,193.0,187.9,189.4,187.8
ED-0076,1226,20:26,198.5,189.7,193.5,191.3,182.2,190.0,199.2,195.8,193.1,188.6,190.0,187.5
ED-0076,1227,20:27,198.6,189.3,193.3,192.3,182.1,189.9,199.5,196.2,192.3,187.4,189.8,187.6
ED-0076,1228,20:28,198.4,189.2,194.8,193.2,182.1,188.3,198.4,195.7,193.2,188.3,188.6,188.6
ED-0076,1229,20:29,198.6,188.5,193.0,193.0,181.6,189.9,198.9,196.2,192.9,186.1,188.2,188.5
ED-0076,1230,20:30,199.1,189.1,191.9,192.8,182.9,190.4,199.2,196.3,193.7,188.5,188.9,187.6
ED-0076,1231,20:31,199.6,187.9,193.2,193.5,181.8,190.6,199.0,195.5,193.7,187.0,189.2,187.7
ED-0076,1232,20:32,199.5,188.7,194.0,193.0,182.2,189.9,199.9,196.4,192.9,187.6,187.2,188.5
ED-0076,1233,20:33,199.1,189.0,193.9,191.8,182.1,190.6,199.5,197.0,192.6,186.2,189.8,188.9
ED-0076,1234,20:34,198.5,188.3,193.6,192.8,183.2,191.2,198.8,195.4,192.6,188.5,190.2,188.9
ED-0076,1235,20:35,198.6,189.7,191.8,194.7,183.1,190.3,200.2,196.5,193.6,188.2,189.1,187.8
ED-0076,1236,20:36,199.4,188.7,194.5,193.6,182.4,189.7,199.1,195.7,191.8,188.5,188.5,189.1
ED-0076,1237,20:37,198.4,188.9,192.8,192.5,183.7,191.1,199.2,196.8,193.0,188.5,190.0,188.9
ED-0076,1238,20:38,198.3,189.4,192.9,193.5,183.3,190.5,198.6,196.8,192.5,189.3,190.1,187.9
ED-0076,1239,20:39,199.4,189.3,193.4,193.5,182.6,190.4,199.6,196.2,194.6,187.5,189.7,188.7
ED-0076,1240,20:40,199.1,190.4,195.2,192.7,183.0,190.7,198.3,196.7,194.0,189.2,190.3,188.0
ED-0076,1241,20:41,199.2,190.2,192.4,192.9,182.5,191.2,199.6,196.4,194.7,187.7,188.3,188.6
ED-0076,1242,20:42,200.1,189.0,192.7,192.4,182.9,189.8,199.7,196.3,193.7,187.4,189.6,188.8
ED-0076,1243,20:43,199.9,189.6,192.1,193.7,182.5,191.2,199.9,197.0,192.4,187.6,189.9,187.9
ED-0076,1244,20:44,199.0,189.0,192.3,193.3,183.6,191.1,200.3,197.4,193.5,188.4,189.6,189.4
ED-0076,1245,20:45,200.9,188.8,194.4,191.3,183.5,191.0,199.5,196.6,192.3,188.5,189.0,188.8
ED-0076,1246,20:46,199.1,189.3,192.0,193.0,183.7,191.5,199.8,196.2,194.3,188.6,188.6,189.3
ED-0076,1247,20:47,199.3,187.9,193.9,193.8,183.7,190.6,200.7,197.0,193.0,189.6,188.6,189.4
ED-0076,1248,20:48,197.2,189.6,193.0,192.3,184.4,191.7,199.1,196.9,191.8,187.7,188.9,189.2
ED-0076,1249,20:49,198.0,190.3,193.0,193.6,184.2,190.3,199.9,196.7,193.7,188.7,190.4,189.1
ED-0076,1250,20:50,200.0,189.8,194.2,194.2,182.8,192.0,200.1,196.8,193.4,187.7,189.9,188.5
ED-0076,1251,20:51,199.2,188.3,193.4,192.8,184.2,191.4,200.2,196.8,193.5,188.4,187.9,188.6
ED-0076,1252,20:52,199.3,189.8,193.3,195.1,184.1,191.4,199.9,197.0,192.9,187.9,188.5,189.0
ED-0076,1253,20:53,199.4,188.4,193.9,193.9,184.2,191.1,200.5,196.9,193.0,187.9,190.1,188.1
ED-0076,1254,20:54,200.4,189.6,193.1,194.0,184.4,191.9,199.7,197.6,193.1,188.0,190.2,189.2
ED-0076,1255,20:55,200.4,190.0,194.3,192.4,183.4,191.7,200.2,197.5,192.4,188.2,189.3,189.6
ED-0076,1256,20:56,200.2,189.8,193.2,195.0,184.2,191.8,200.7,196.7,192.9,186.5,189.2,190.0
ED-0076,1257,20:57,198.5,187.9,193.7,192.5,183.9,191.1,199.9,197.8,192.0,187.2,188.0,188.5
ED-0076,1258,20:58,199.0,188.8,193.6,192.5,184.1,190.9,201.1,197.0,192.8,187.4,189.2,189.5
ED-0076,1259,20:59,200.2,188.9,193.7,192.8,183.5,192.2,200.4,197.4,192.4,189.7,188.8,190.7
ED-0076,1260,21:00,200.8,191.5,194.2,193.4,183.3,191.9,201.5,197.7,194.0,187.9,190.1,188.4
ED-0076,1261,21:01,198.5,187.2,194.6,193.0,184.3,191.2,200.8,197.8,191.7,188.6,190.6,188.7
ED-0076,1262,21:02,198.0,188.2,193.4,192.8,184.8,191.9,199.8,196.9,193.9,187.3,189.1,189.7
ED-0076,1263,21:03,199.0,187.9,192.7,193.8,184.8,191.9,198.7,196.5,191.7,186.8,189.7,188.5
ED-0076,1264,21:04,199.9,190.3,193.1,191.3,183.4,191.4,199.7,197.0,191.8,188.5,188.7,188.0
ED-0076,1265,21:05,201.1,189.0,192.4,194.9,185.1,193.2,200.3,197.7,192.8,188.2,190.2,188.7
ED-0076,1266,21:06,200.0,190.8,193.6,194.3,184.2,193.1,199.9,198.3,192.2,187.0,190.3,188.4
ED-0076,1267,21:07,199.2,189.7,193.1,193.7,185.5,193.0,202.2,196.9,193.6,188.1,189.3,189.0
ED-0076,1268,21:08,199.8,189.2,193.2,192.8,185.1,192.3,201.1,197.9,194.1,188.2,190.1,188.3
ED-0076,1269,21:09,199.5,190.0,193.0,193.2,184.9,191.6,201.6,197.3,193.8,187.5,188.9,188.1
ED-0076,1270,21:10,199.3,188.7,193.7,192.6,184.0,191.9,201.8,196.7,193.0,188.6,188.5,189.3
ED-0076,1271,21:11,199.0,189.8,193.9,193.5,183.5,192.4,201.8,197.7,194.6,188.1,188.9,188.3
ED-0076,1272,21:12,199.3,188.3,193.4,192.9,183.9,190.5,200.8,196.4,192.5,187.3,189.7,189.8
ED-0076,1273,21:13,199.0,190.0,194.2,193.6,184.2,193.7,199.0,197.1,193.2,189.4,190.7,188.5
ED-0076,1274,21:14,200.4,190.9,194.3,192.9,184.9,192.5,200.7,197.9,193.6,187.6,188.5,188.6
ED-0076,1275,21:15,200.1,189.4,192.9,191.9,182.9,193.0,200.7,197.3,194.1,187.7,189.6,188.3
ED-0076,1276,21:16,200.6,189.8,194.1,193.2,184.9,191.6,199.7,197.8,191.4,188.5,188.9,188.9
ED-0076,1277,21:17,198.2,190.7,194.6,195.4,185.3,190.9,200.2,196.2,193.7,186.3,187.9,189.2
ED-0076,1278,21:18,198.4,190.9,192.8,192.5,184.8,190.6,200.2,196.8,192.8,188.5,190.3,190.0
ED-0076,1279,21:19,199.0,188.7,193.6,192.2,182.4,192.3,200.6,197.0,192.3,188.7,189.5,190.8
ED-0076,1280,21:20,199.1,189.1,192.2,192.3,184.5,191.6,200.8,198.6,193.7,188.1,190.4,189.0
ED-0076,1281,21:21,199.5,188.4,194.0,194.3,184.1,191.6,202.4,197.9,193.9,187.7,188.2,187.7
ED-0076,1282,21:22,199.9,190.5,194.0,192.4,184.9,192.4,201.0,198.6,193.0,187.5,190.0,187.2
ED-0076,1283,21:23,198.7,189.6,195.6,192.3,184.0,192.0,200.6,197.3,192.6,189.6,188.9,187.9
ED-0076,1284,21:24,199.5,189.6,192.6,193.3,185.0,190.4,201.7,198.2,192.5,187.7,188.1,189.4
ED-0076,1285,21:25,198.1,189.0,193.0,192.7,183.8,191.6,200.2,197.8,192.9,187.2,190.7,188.7
ED-0076,1286,21:26,199.1,189.9,193.4,193.9,184.5,192.2,201.2,199.0,192.5,186.7,188.2,188.9
ED-0076,1287,21:27,199.6,190.3,195.0,193.9,185.4,190.9,200.7,196.0,193.0,186.9,188.5,191.6
ED-0076,1288,21:28,199.3,188.8,192.6,192.4,183.6,192.5,199.6,196.6,193.3,186.5,189.1,188.9
ED-0076,1289,21:29,198.9,189.8,194.5,193.5,185.3,192.9,201.4,197.7,192.4,189.4,188.5,188.4
ED-0076,1290,21:30,200.1,189.7,193.5,192.5,183.2,191.7,201.1,196.7,193.8,186.6,190.0,188.1
ED-0076,1291,21:31,199.4,188.8,193.8,193.3,183.1,191.6,200.2,197.1,191.6,186.9,188.6,190.0
ED-0076,1292,21:32,198.6,187.4,192.2,194.9,183.8,192.3,201.0,196.7,193.4,188.5,189.6,189.0
ED-0076,1293,21:33,198.2,188.4,193.2,192.6,185.2,190.3,198.3,196.0,193.9,187.2,190.6,187.6
ED-0076,1294,21:34,199.7,189.8,193.7,193.0,182.4,191.9,200.6,196.1,194.3,188.5,187.8,189.7
ED-0076,1295,21:35,199.7,189.0,193.1,192.8,184.1,192.7,200.9,196.7,191.7,187.9,189.8,189.7
ED-0076,1296,21:36,198.8,188.2,192.1,193.3,183.2,191.6,199.4,197.0,192.0,189.2,187.7,189.5
ED-0076,1297,21:37,199.4,189.6,194.4,193.5,184.0,192.5,200.1,195.9,191.6,188.5,189.0,188.3
ED-0076,1298,21:38,199.0,188.7,193.2,192.9,184.7,192.6,201.1,197.7,194.4,189.2,190.6,189.3
ED-0076,1299,21:39,199.1,188.8,194.9,192.3,184.7,191.5,201.6,199.8,195.0,188.5,188.9,187.0
ED-0076,1300,21:40,199.3,188.6,193.6,192.6,184.0,190.6,201.8,196.6,192.8,187.8,190.4,190.5
ED-0076,1301,21:41,198.5,189.3,193.4,193.0,183.3,191.9,200.8,197.2,193.3,188.1,189.0,189.3
ED-0076,1302,21:42,199.8,189.7,193.0,192.2,185.0,191.2,201.9,198.3,192.7,188.8,187.4,190.4
ED-0076,1303,21:43,199.7,187.9,192.9,192.4,182.0,192.1,201.8,197.1,192.5,187.5,188.4,187.0
ED-0076,1304,21:44,198.6,189.7,193.4,192.8,184.4,193.2,202.6,197.7,193.9,187.3,189.7,187.9
ED-0076,1305,21:45,199.4,188.0,194.8,192.7,183.7,192.8,200.4,197.0,194.1,189.2,189.8,188.5
ED-0076,1306,21:46,199.7,190.6,193.4,195.2,182.5,190.7,201.3,196.6,194.0,188.6,188.5,188.6
ED-0076,1307,21:47,196.9,190.9,194.1,192.9,183.4,191.1,202.5,198.3,191.5,188.4,188.4,189.6
ED-0076,1308,21:48,199.1,190.2,192.9,193.5,184.4,192.9,201.1,197.2,193.9,187.6,188.3,190.4
ED-0076,1309,21:49,198.2,188.1,194.4,193.3,185.6,192.2,200.4,196.7,193.5,186.7,189.8,188.5
ED-0076,1310,21:50,198.7,188.5,193.2,192.3,183.1,190.4,202.9,198.3,191.9,188.7,189.2,187.4
ED-0076,1311,21:51,198.4,187.9,192.7,193.0,184.1,191.5,200.6,196.4,193.5,186.6,189.5,190.0
ED-0076,1312,21:52,199.2,190.0,194.1,193.2,185.5,192.0,201.4,197.8,191.7,188.8,189.1,190.7
ED-0076,1313,21:53,200.6,188.6,193.7,193.1,184.9,192.6,200.2,196.0,192.8,186.2,189.6,189.9
ED-0076,1314,21:54,198.6,188.6,194.2,190.7,184.1,191.3,200.6,197.3,193.5,188.6,188.5,189.5
ED-0076,1315,21:55,198.9,189.2,193.7,192.8,186.4,192.2,200.7,197.7,194.1,189.5,190.3,189.1
ED-0076,1316,21:56,199.0,189.6,193.7,191.2,184.5,191.6,199.9,198.5,193.4,188.5,188.4,189.0
ED-0076,1317,21:57,199.2,191.2,194.0,193.4,184.3,192.3,200.5,197.8,193.2,188.6,189.8,189.2
ED-0076,1318,21:58,199.7,189.0,193.0,195.6,184.3,192.1,200.9,196.9,192.9,188.9,188.9,188.9
ED-0076,1319,21:59,198.4,189.8,194.0,193.9,184.6,192.2,200.4,197.2,191.7,187.7,189.1,189.0
ED-0076,1320,22:00,200.2,188.7,192.9,192.5,184.4,190.9,201.1,199.5,193.2,188.5,189.2,190.1
ED-0076,1321,22:01,200.1,188.5,193.1,193.5,183.6,191.4,201.3,198.0,193.9,188.4,189.6,189.1
ED-0076,1322,22:02,199.4,188.4,193.0,192.0,184.5,191.6,201.8,197.2,193.2,188.8,189.4,188.8
ED-0076,1323,22:03,200.7,188.2,193.4,194.3,182.7,191.5,201.6,197.9,192.1,188.3,189.8,189.3
ED-0076,1324,22:04,199.6,188.5,192.9,193.5,182.5,192.6,201.4,197.0,191.0,187.8,190.6,188.5
ED-0076,1325,22:05,201.3,189.5,194.0,194.0,184.6,190.8,201.6,197.6,193.1,189.0,187.8,190.3
ED-0076,1326,22:06,200.1,189.4,192.6,192.8,184.6,191.8,201.5,197.4,193.0,188.2,190.0,188.7
ED-0076,1327,22:07,200.0,189.6,194.2,193.0,184.4,193.6,200.8,198.7,192.4,187.6,189.8,190.1
ED-0076,1328,22:08,199.4,190.3,195.0,192.8,185.2,190.2,200.8,197.1,192.8,188.4,189.7,189.9
ED-0076,1329,22:09,198.5,189.5,194.2,193.2,183.8,192.6,200.4,197.5,193.1,187.3,190.2,188.5
ED-0076,1330,22:10,200.1,190.0,194.2,193.0,184.8,189.6,201.6,198.5,193.8,187.9,188.1,189.0
ED-0076,1331,22:11,199.4,188.7,192.2,194.1,185.3,191.6,200.0,195.9,193.2,187.7,188.7,190.6
ED-0076,1332,22:12,201.2,190.0,193.8,193.3,184.1,192.8,201.5,195.5,194.5,189.1,190.4,189.9
ED-0076,1333,22:13,200.5,189.9,193.3,193.9,184.3,191.9,201.1,196.5,192.0,186.7,189.7,188.6
ED-0076,1334,22:14,199.5,189.0,193.7,193.2,184.3,191.9,202.5,197.9,192.4,188.6,190.7,188.3
ED-0076,1335,22:15,198.7,190.0,194.4,194.6,183.2,193.2,199.7,196.7,193.2,187.2,188.1,188.6
ED-0076,1336,22:16,198.3,187.5,195.0,194.0,183.4,191.9,198.6,196.0,193.7,188.2,190.4,189.1
ED-0076,1337,22:17,200.8,190.2,194.1,192.6,184.4,193.0,201.6,198.0,192.5,188.2,188.4,188.5
ED-0076,1338,22:18,200.6,189.4,193.7,193.2,185.1,192.9,200.8,199.7,193.6,188.0,189.7,189.2
ED-0076,1339,22:19,200.3,188.8,194.1,193.2,184.9,192.9,200.5,198.4,192.7,188.9,189.4,188.3
ED-0076,1340,22:20,200.2,189.1,194.4,193.4,183.7,193.3,200.8,196.9,192.9,187.6,188.7,190.1
ED-0076,1341,22:21,198.8,189.5,194.0,191.2,184.4,192.7,200.2,199.0,192.2,186.0,190.2,189.3
ED-0076,1342,22:22,198.9,189.6,195.4,192.7,184.2,190.0,201.8,197.1,194.3,188.2,189.6,189.6
ED-0076,1343,22:23,199.6,189.3,194.7,193.1,183.6,190.0,201.1,198.2,191.9,188.9,188.9,188.7
ED-0076,1344,22:24,200.1,189.5,193.3,193.0,183.1,191.5,200.9,198.4,192.4,188.3,188.5,187.5
ED-0076,1345,22:25,199.3,189.6,192.9,191.7,184.3,192.0,200.3,198.2,193.2,187.3,189.4,188.2
ED-0076,1346,22:26,200.2,189.9,193.4,192.7,184.6,191.1,201.7,196.9,192.3,187.8,189.2,190.1
ED-0076,1347,22:27,200.3,188.9,194.3,194.1,183.6,191.7,199.0,198.1,192.0,187.4,189.7,188.0
ED-0076,1348,22:28,200.3,189.7,193.6,194.5,185.5,193.2,200.4,195.3,194.8,186.9,189.3,189.2
ED-0076,1349,22:29,200.2,188.6,194.3,193.2,184.5,190.7,199.7,198.4,192.1,187.6,188.4,189.4
ED-0076,1350,22:30,200.3,189.0,193.1,192.3,184.5,191.7,200.8,198.9,194.6,188.1,189.4,191.5
ED-0076,1351,22:31,200.4,188.9,193.4,194.0,185.0,191.3,200.5,197.1,192.9,186.7,189.5,189.9
ED-0076,1352,22:32,199.3,188.7,192.6,194.4,184.3,193.2,200.8,197.5,193.2,188.7,188.9,189.1
ED-0076,1353,22:33,198.2,189.7,193.9,193.5,184.9,192.4,201.0,197.3,192.1,188.4,189.8,187.5
ED-0076,1354,22:34,199.1,188.2,193.4,192.3,183.6,190.2,200.2,197.0,192.8,187.9,190.0,190.1
ED-0076,1355,22:35,200.0,189.9,192.1,194.1,183.8,189.5,202.0,197.6,193.3,188.2,189.6,189.7
ED-0076,1356,22:36,199.1,189.2,194.5,193.3,183.7,192.8,200.6,197.7,191.7,187.9,188.5,188.7
ED-0076,1357,22:37,199.1,189.5,192.8,192.5,183.7,190.6,200.5,197.0,192.3,189.0,188.7,188.3
ED-0076,1358,22:38,199.6,189.9,195.2,193.1,185.1,190.9,201.1,196.7,193.7,188.1,188.8,189.5
ED-0076,1359,22:39,201.0,189.0,194.2,192.9,184.6,192.3,201.6,196.0,193.9,189.2,190.0,188.8
ED-0076,1360,22:40,200.4,190.4,193.6,192.8,185.4,189.6,201.8,198.1,192.5,188.0,190.5,190.3
ED-0076,1361,22:41,201.1,190.2,194.1,193.1,184.2,192.2,201.5,197.4,192.5,188.8,188.5,189.0
ED-0076,1362,22:42,199.8,189.9,193.7,192.4,185.5,192.1,201.1,197.3,194.7,187.7,189.4,188.7
ED-0076,1363,22:43,199.5,188.7,194.4,193.9,182.0,190.9,201.3,196.0,192.4,187.4,188.1,189.1
ED-0076,1364,22:44,199.4,188.7,193.2,193.0,184.5,191.7,200.1,198.0,193.1,187.7,189.2,188.4
ED-0076,1365,22:45,199.0,188.9,193.6,194.9,185.2,190.2,200.2,197.0,193.8,186.8,189.9,189.9
ED-0076,1366,22:46,198.6,190.6,193.9,193.6,184.2,192.3,200.3,196.7,193.2,188.7,189.8,189.5
ED-0076,1367,22:47,198.4,188.9,194.7,194.6,184.2,192.2,200.6,199.3,194.0,187.7,189.1,189.4
ED-0076,1368,22:48,199.7,188.4,191.7,193.7,185.2,192.8,199.7,196.8,192.7,187.8,189.0,190.1
ED-0076,1369,22:49,199.5,189.9,192.9,191.9,186.0,191.9,201.3,195.9,190.9,187.4,190.7,189.2
ED-0076,1370,22:50,199.4,188.8,193.6,192.6,184.4,191.3,200.9,198.1,192.2,188.4,189.5,187.2
ED-0076,1371,22:51,201.2,189.4,194.4,192.6,184.3,193.8,201.3,198.9,192.5,187.6,188.8,187.5
ED-0076,1372,22:52,197.7,188.0,194.3,193.2,184.6,192.2,201.2,195.8,193.3,188.6,190.8,189.5
ED-0076,1373,22:53,198.6,188.7,194.7,192.6,183.8,194.3,201.2,197.1,192.8,187.1,187.8,188.6
ED-0076,1374,22:54,199.7,189.3,191.5,191.5,183.3,191.6,201.0,197.4,194.1,188.3,187.5,191.1
ED-0076,1375,22:55,199.1,188.1,194.2,193.4,184.4,191.8,200.6,197.9,193.1,188.2,188.7,188.1
ED-0076,1376,22:56,200.5,188.7,192.7,191.8,183.0,192.6,200.0,198.5,192.7,188.4,190.6,189.4
ED-0076,1377,22:57,201.9,188.1,192.8,191.6,183.6,191.0,200.1,195.7,192.7,186.4,188.7,189.2
ED-0076,1378,22:58,198.6,189.3,194.6,193.8,184.2,192.4,199.0,196.1,192.4,187.5,189.6,186.5
ED-0076,1379,22:59,199.6,189.5,193.5,193.3,183.2,192.1,200.3,197.1,192.1,188.3,190.7,188.7
ED-0076,1380,23:00,198.3,190.0,193.1,193.2,184.3,191.8,200.4,196.7,193.6,188.3,190.3,188.5
ED-0076,1381,23:01,200.3,188.1,192.8,192.9,185.4,192.9,202.7,197.9,192.1,186.4,189.4,188.5
ED-0076,1382,23:02,199.3,190.1,192.9,192.0,183.9,191.2,199.9,197.3,192.7,189.0,189.4,189.0
ED-0076,1383,23:03,199.9,189.3,193.8,192.4,183.8,192.0,200.7,197.0,193.0,188.5,189.1,189.4
ED-0076,1384,23:04,199.8,188.3,192.4,193.2,183.2,189.6,201.7,197.3,192.3,188.6,189.8,190.8
ED-0076,1385,23:05,199.5,189.3,193.3,193.6,185.0,191.3,200.2,197.7,193.2,188.7,188.9,189.0
ED-0076,1386,23:06,198.7,190.4,192.7,192.9,184.4,191.6,200.6,196.9,193.0,187.7,190.6,189.6
ED-0076,1387,23:07,200.4,189.8,192.7,193.3,184.0,191.9,201.4,199.1,193.7,188.0,189.0,187.9
ED-0076,1388,23:08,199.8,188.4,193.1,191.7,182.2,190.5,201.5,198.2,192.8,188.2,189.2,191.9
ED-0076,1389,23:09,198.8,190.6,193.8,192.9,183.2,191.7,201.4,196.1,194.3,187.8,188.8,189.6
ED-0076,1390,23:10,198.6,189.8,194.7,193.5,182.9,192.1,201.0,197.9,192.4,188.1,189.0,190.0
ED-0076,1391,23:11,198.7,189.9,192.7,192.5,183.1,191.4,200.9,198.2,192.5,189.2,189.8,189.3
ED-0076,1392,23:12,198.9,189.4,193.1,194.1,183.2,191.9,200.3,196.3,193.9,188.5,190.1,188.5
ED-0076,1393,23:13,200.2,188.2,193.6,192.6,184.8,191.4,200.6,196.9,192.3,188.2,190.8,188.4
ED-0076,1394,23:14,200.6,188.7,192.2,193.9,184.9,191.1,201.6,197.5,192.8,189.5,190.9,187.9
ED-0076,1395,23:15,198.8,189.2,194.2,192.7,184.6,192.6,201.2,197.3,192.4,188.7,190.4,190.1
ED-0076,1396,23:16,199.4,189.7,191.5,193.2,183.4,191.9,201.0,198.3,191.0,187.2,188.4,188.8
ED-0076,1397,23:17,199.9,189.3,193.9,193.3,184.4,191.9,202.0,198.0,192.0,188.3,190.4,189.5
ED-0076,1398,23:18,199.3,190.2,193.6,193.3,183.5,192.2,201.9,197.3,194.7,188.5,189.5,189.0
ED-0076,1399,23:19,199.1,190.5,192.4,192.2,183.7,192.8,201.6,197.9,193.4,188.6,188.4,189.7
ED-0076,1400,23:20,199.8,189.4,192.1,193.6,182.5,191.1,199.8,197.7,191.1,188.3,190.3,188.6
ED-0076,1401,23:21,200.2,186.9,194.9,193.3,186.5,192.3,201.2,196.8,192.7,188.0,188.5,189.0
ED-0076,1402,23:22,199.4,188.9,194.7,192.0,183.5,193.4,200.9,196.5,192.9,189.5,190.3,188.6
ED-0076,1403,23:23,198.7,189.0,191.7,194.1,184.7,191.0,201.7,196.6,192.0,187.8,190.3,187.8
ED-0076,1404,23:24,198.4,189.4,193.0,194.1,183.2,192.9,201.1,197.4,192.4,187.9,190.7,187.8
ED-0076,1405,23:25,199.1,189.3,194.3,192.5,183.8,193.8,202.1,198.6,193.1,188.0,188.8,188.3
ED-0076,1406,23:26,199.7,188.6,193.2,193.6,183.0,191.6,200.0,197.0,194.9,187.2,189.0,188.5
ED-0076,1407,23:27,199.8,190.6,192.6,192.8,183.7,191.1,202.1,198.0,193.0,187.7,190.5,188.1
ED-0076,1408,23:28,200.2,189.8,192.0,193.0,186.2,190.9,199.7,198.0,192.3,187.6,188.8,188.7
ED-0076,1409,23:29,200.4,189.7,193.8,191.7,183.6,191.6,201.3,196.6,192.7,188.4,190.7,189.2
ED-0076,1410,23:30,200.8,189.8,192.7,193.6,185.4,192.3,200.0,197.1,194.1,188.0,190.4,188.7
ED-0076,1411,23:31,199.9,189.0,194.4,194.2,183.6,191.9,200.2,197.5,192.4,186.8,191.0,188.7
ED-0076,1412,23:32,199.2,189.3,192.9,192.9,184.6,192.1,201.5,197.0,193.1,189.1,189.9,189.9
ED-0076,1413,23:33,199.4,189.9,191.9,194.1,183.4,192.3,201.4,196.9,192.6,188.0,190.7,189.4
ED-0076,1414,23:34,198.5,188.5,194.0,193.4,185.3,191.9,200.6,196.1,193.3,188.1,189.9,189.4
ED-0076,1415,23:35,201.1,189.0,191.9,193.6,184.4,190.7,200.8,198.0,194.1,189.9,189.6,187.5
ED-0076,1416,23:36,199.8,189.0,193.5,193.8,183.3,190.1,201.2,198.3,192.2,187.7,190.1,191.2
ED-0076,1417,23:37,200.2,189.6,193.2,192.8,184.0,192.4,199.9,196.5,194.0,187.1,191.1,189.8
ED-0076,1418,23:38,199.1,188.7,193.2,193.1,184.8,191.9,200.1,197.1,192.1,188.9,189.2,189.6
ED-0076,1419,23:39,200.1,189.4,192.7,193.0,182.3,192.6,201.5,198.1,192.8,187.2,189.3,189.3
ED-0076,1420,23:40,199.5,189.4,193.5,192.0,183.9,192.0,200.8,198.4,194.0,188.7,188.4,189.2
ED-0076,1421,23:41,199.6,190.8,193.1,194.0,184.6,191.4,200.8,197.2,194.2,187.7,189.1,189.2
ED-0076,1422,23:42,198.3,191.2,194.3,192.1,183.0,191.8,202.2,197.6,192.8,189.0,188.9,189.8
ED-0076,1423,23:43,197.5,189.5,192.9,192.4,183.5,192.4,201.2,199.8,193.2,187.8,188.6,188.5
ED-0076,1424,23:44,200.5,188.7,193.7,193.8,184.8,189.3,200.8,197.0,191.9,188.2,190.1,188.6
ED-0076,1425,23:45,199.1,189.4,193.0,193.0,184.5,191.8,200.6,198.5,192.8,186.9,189.7,188.5
ED-0076,1426,23:46,199.6,189.3,194.7,193.3,184.1,193.1,201.4,196.1,192.1,188.9,188.6,188.7
ED-0076,1427,23:47,198.0,188.9,192.7,191.5,184.4,192.1,200.3,197.5,193.7,187.6,188.6,189.8
ED-0076,1428,23:48,198.1,189.1,194.7,194.1,185.2,189.9,199.5,197.6,192.4,187.6,188.8,188.9
ED-0076,1429,23:49,198.5,189.6,194.1,194.7,183.0,190.9,199.7,197.6,193.8,187.7,189.6,189.8
ED-0076,1430,23:50,199.8,189.4,193.0,192.7,184.0,190.7,199.7,198.8,191.9,188.0,190.7,189.2
ED-0076,1431,23:51,198.7,189.3,193.7,191.6,184.5,192.4,199.1,197.7,192.6,188.4,189.2,187.8
ED-0076,1432,23:52,200.1,187.2,193.3,193.0,182.8,191.4,199.6,197.3,192.0,189.4,189.2,188.0
ED-0076,1433,23:53,199.9,188.3,192.4,193.9,184.4,192.3,202.4,197.3,193.0,187.7,188.0,188.0
ED-0076,1434,23:54,199.0,189.4,194.6,194.0,185.1,192.1,200.8,198.4,194.2,188.5,189.4,190.1
ED-0076,1435,23:55,199.6,188.9,195.3,192.2,183.6,192.1,200.2,197.1,193.2,188.0,189.6,190.0
ED-0076,1436,23:56,200.2,189.1,193.6,191.4,185.1,191.9,201.6,197.1,194.5,187.9,188.8,189.2
ED-0076,1437,23:57,199.5,189.8,192.5,192.9,185.1,192.7,201.4,198.0,193.5,188.2,187.8,189.3
ED-0076,1438,23:58,199.3,188.6,193.7,192.8,184.2,192.0,200.8,197.9,194.3,187.5,189.0,189.9
ED-0076,1439,23:59,197.7,189.6,193.8,194.4,184.2,191.5,200.2,199.0,192.7,188.8,189.8,188.8
ED-0076,1440,24:00,200.1,188.7,193.3,191.8,185.2,191.0,201.1,197.5,192.6,188.4,188.6,188.3
ED-0076,1441,24:01,199.1,189.1,192.8,191.8,184.3,193.8,199.1,197.1,192.3,188.4,189.3,188.1
ED-0076,1442,24:02,199.4,188.9,193.3,194.2,184.3,192.4,199.8,197.8,193.2,187.9,190.5,190.1
ED-0076,1443,24:03,199.5,188.5,193.6,191.8,184.3,192.5,200.4,197.7,193.6,187.6,188.5,188.7
ED-0076,1444,24:04,200.2,188.0,192.2,190.9,184.4,190.9,201.0,198.0,192.9,186.0,189.6,188.2
ED-0076,1445,24:05,197.3,190.7,193.3,195.0,183.9,192.9,201.2,198.1,195.1,188.4,190.4,188.2
ED-0076,1446,24:06,200.0,187.9,192.6,192.9,183.3,192.4,200.7,198.1,193.4,187.8,187.9,188.4
ED-0076,1447,24:07,199.7,190.3,193.9,191.7,183.5,192.9,200.5,197.3,193.6,186.0,190.0,187.9
ED-0076,1448,24:08,199.9,189.9,192.4,193.2,182.6,192.3,200.0,198.8,194.4,189.0,191.1,188.4
ED-0076,1449,24:09,198.3,188.8,191.6,193.9,183.8,192.1,200.8,197.8,193.2,188.4,190.5,188.0
ED-0076,1450,24:10,199.8,189.8,193.0,192.5,183.8,192.0,201.7,197.3,193.1,189.2,189.4,189.4
ED-0076,1451,24:11,199.6,190.6,193.0,193.4,184.0,192.1,201.1,197.1,192.8,188.4,188.6,189.0
ED-0076,1452,24:12,199.0,189.6,193.3,193.1,183.6,191.2,200.6,198.4,193.1,188.2,190.2,190.3
ED-0076,1453,24:13,199.9,188.6,193.1,193.1,184.5,192.3,199.6,197.3,193.8,187.3,189.4,189.8
ED-0076,1454,24:14,200.2,188.7,194.5,192.3,184.6,191.1,200.6,196.9,191.4,187.6,188.7,189.1
ED-0076,1455,24:15,199.0,188.8,194.5,193.5,184.0,192.0,199.7,198.5,192.3,187.9,189.9,189.1
ED-0076,1456,24:16,198.8,190.2,194.8,192.6,183.3,191.9,200.0,198.5,192.8,188.4,189.5,189.7
ED-0076,1457,24:17,200.5,189.5,192.6,193.6,184.8,192.1,200.2,197.1,193.4,188.7,189.0,190.0
ED-0076,1458,24:18,199.8,189.8,192.5,193.4,185.0,191.5,199.8,198.7,193.5,187.7,187.9,189.2
ED-0076,1459,24:19,199.9,189.2,193.7,193.0,186.2,192.7,200.0,198.5,193.0,188.4,190.2,188.5
ED-0076,1460,24:20,199.6,189.6,192.2,193.2,183.5,192.0,201.8,197.5,194.0,188.9,190.2,189.3
ED-0076,1461,24:21,199.7,189.2,192.2,193.7,183.4,192.9,200.2,196.0,192.9,188.0,190.3,190.1
ED-0076,1462,24:22,199.2,188.7,194.0,193.4,184.5,192.5,200.5,197.1,192.8,187.7,188.7,189.1
ED-0076,1463,24:23,198.3,188.1,193.6,193.3,183.6,192.2,201.2,196.3,193.2,187.6,189.4,188.4
ED-0076,1464,24:24,199.4,189.8,193.5,193.5,183.9,192.5,201.5,196.6,192.3,188.8,188.9,190.9
ED-0076,1465,24:25,199.9,189.3,193.8,193.0,183.9,193.1,200.1,196.6,193.7,189.5,189.8,189.7
ED-0076,1466,24:26,198.5,190.3,194.8,191.3,185.2,190.3,201.0,197.6,192.2,187.8,188.9,189.8
ED-0076,1467,24:27,199.9,189.6,193.5,192.2,185.0,192.3,200.7,200.0,192.9,188.1,189.9,188.5
ED-0076,1468,24:28,199.3,189.8,193.7,190.8,183.1,192.3,200.6,196.1,193.7,189.7,189.7,190.5
ED-0076,1469,24:29,200.5,189.6,194.6,193.8,185.7,191.9,201.6,198.2,191.4,187.9,188.7,188.7
ED-0076,1470,24:30,200.9,190.6,193.0,194.5,184.1,191.4,199.2,196.9,193.4,188.2,189.8,188.6
ED-0076,1471,24:31,198.2,189.7,192.9,190.6,183.3,193.6,201.0,197.3,192.7,188.3,189.0,188.9
ED-0076,1472,24:32,199.6,190.3,193.3,192.7,183.9,192.1,201.1,196.4,193.6,189.5,188.3,189.5
ED-0076,1473,24:33,199.6,187.8,193.9,191.7,182.9,191.9,199.9,197.9,194.7,188.4,189.8,188.8
ED-0076,1474,24:34,200.2,189.6,193.3,192.4,183.8,190.8,199.3,197.1,192.8,188.1,191.1,189.8
ED-0076,1475,24:35,198.9,190.1,194.4,191.9,184.4,193.6,199.5,199.5,192.9,187.7,189.1,188.4
ED-0076,1476,24:36,199.4,189.6,194.0,192.8,182.1,191.8,199.2,197.0,193.3,187.9,189.1,188.5
ED-0076,1477,24:37,198.2,189.0,194.0,193.3,184.2,191.7,202.4,196.2,191.6,187.0,189.1,190.7
ED-0076,1478,24:38,199.5,189.3,194.5,193.7,182.5,192.2,199.6,196.8,192.8,186.8,189.5,189.3
ED-0076,1479,24:39,199.3,186.8,193.6,192.7,183.0,191.5,199.3,196.3,192.9,186.2,188.8,190.5
ED-0076,1480,24:40,200.7,190.3,193.4,193.0,185.4,191.9,201.3,197.4,194.1,188.2,189.1,188.2
ED-0076,1481,24:41,198.4,189.8,191.9,193.6,183.9,192.3,200.5,196.4,192.3,188.3,188.5,187.3
ED-0076,1482,24:42,200.2,190.5,193.9,191.9,183.6,190.0,199.3,197.0,193.1,187.9,189.0,189.1
ED-0076,1483,24:43,199.7,188.4,193.6,194.3,184.4,191.9,201.5,198.4,192.8,188.2,190.0,189.1
ED-0076,1484,24:44,199.1,189.4,194.4,191.9,184.3,193.4,201.2,199.3,193.0,188.2,189.8,189.4
ED-0076,1485,24:45,200.1,189.1,192.1,193.4,184.3,192.7,199.5,198.5,193.4,187.7,189.9,189.2
ED-0076,1486,24:46,199.5,191.6,192.4,193.2,183.5,192.3,200.8,197.8,193.4,188.2,188.6,189.3
ED-0076,1487,24:47,198.8,188.9,194.4,193.2,184.8,191.6,202.0,197.9,193.4,186.9,189.7,190.1
ED-0076,1488,24:48,200.1,189.5,192.6,192.3,182.8,191.1,200.8,199.4,191.9,187.5,189.0,188.0
ED-0076,1489,24:49,198.9,190.6,192.2,192.5,184.0,191.4,200.3,197.6,192.5,187.9,188.7,188.0
ED-0076,1490,24:50,199.3,187.6,194.1,192.1,183.0,192.7,200.4,195.7,193.1,187.4,189.8,189.0
ED-0076,1491,24:51,199.1,190.7,193.9,191.4,184.3,191.5,199.6,197.9,193.8,187.8,190.2,189.3
ED-0076,1492,24:52,199.4,189.4,192.8,195.2,183.6,191.4,200.9,197.3,192.0,187.5,187.3,189.2
ED-0076,1493,24:53,199.4,189.3,193.4,194.1,185.9,192.0,200.8,196.2,194.8,189.3,190.3,188.4
ED-0076,1494,24:54,199.3,189.8,194.6,193.8,184.3,192.1,201.3,197.1,194.0,187.8,187.7,190.0
ED-0076,1495,24:55,199.8,188.9,194.8,192.4,184.0,191.7,199.9,196.5,193.2,187.5,189.7,189.8
ED-0076,1496,24:56,199.1,189.7,193.8,191.5,184.5,192.4,201.5,198.2,193.9,187.5,189.8,189.8
ED-0076,1497,24:57,200.3,189.3,193.5,192.7,185.0,191.6,202.5,197.4,192.7,187.7,189.7,188.3
ED-0076,1498,24:58,198.6,186.8,193.5,195.9,186.4,192.5,201.8,197.3,193.3,188.6,189.1,189.1
ED-0076,1499,24:59,201.0,189.6,192.1,192.7,183.2,190.7,201.9,197.8,192.9,185.5,189.1,187.6
ED-0076,1500,25:00,200.1,189.1,195.2,192.6,184.8,191.3,200.7,197.4,192.9,187.9,187.3,187.9
ED-0076,1501,25:01,197.6,189.6,193.4,193.3,184.9,192.2,201.4,198.3,192.8,187.3,189.2,189.5
ED-0076,1502,25:02,199.9,190.1,192.4,193.1,181.8,191.7,200.3,197.5,192.5,188.5,188.9,189.6
ED-0076,1503,25:03,199.9,188.8,193.7,192.5,184.6,190.8,200.3,195.8,192.8,188.7,189.5,188.9
ED-0076,1504,25:04,199.4,188.9,194.1,194.2,183.3,191.8,200.8,195.5,193.6,186.8,188.2,190.4
ED-0076,1505,25:05,198.6,191.7,193.4,194.5,183.8,192.6,200.9,197.2,193.5,187.2,190.0,188.8
ED-0076,1506,25:06,199.8,191.3,192.5,193.5,184.0,192.9,200.3,197.2,192.7,188.6,190.1,189.3
ED-0076,1507,25:07,200.0,190.5,194.5,193.8,183.0,190.9,200.5,199.2,193.2,187.2,189.6,189.7
ED-0076,1508,25:08,199.2,190.8,192.6,192.1,184.0,191.6,203.1,197.4,192.6,186.8,189.3,188.9
ED-0076,1509,25:09,200.4,188.7,193.3,192.4,184.8,192.3,199.5,198.1,193.3,188.3,187.8,189.0
ED-0076,1510,25:10,198.6,189.4,193.7,192.8,183.4,192.9,201.1,197.5,192.9,187.8,188.5,188.0
ED-0076,1511,25:11,198.8,190.4,193.2,193.0,184.8,191.2,199.5,196.3,191.8,188.4,188.9,189.3
ED-0076,1512,25:12,199.5,188.0,195.1,192.6,182.4,191.0,201.5,198.4,193.9,187.5,188.3,188.0
ED-0076,1513,25:13,199.0,190.0,192.6,193.4,185.5,192.0,200.9,198.8,193.3,189.2,188.7,186.5
ED-0076,1514,25:14,199.2,190.1,192.3,191.4,185.2,193.5,202.5,197.2,191.6,187.8,191.8,190.5
ED-0076,1515,25:15,200.3,188.7,191.9,192.5,184.9,192.6,200.9,198.6,191.9,188.8,188.5,188.4
ED-0076,1516,25:16,198.7,190.7,193.3,193.6,186.4,191.5,200.7,198.0,193.2,188.7,189.4,189.9
ED-0076,1517,25:17,198.1,189.6,192.3,191.7,184.1,190.9,202.2,197.8,193.6,187.2,188.3,188.8
ED-0076,1518,25:18,199.4,188.4,193.7,193.2,184.0,193.1,200.2,197.4,194.0,188.5,190.8,189.0
ED-0076,1519,25:19,198.6,189.6,192.1,194.5,184.2,191.7,201.3,196.7,192.6,188.8,190.3,188.2
ED-0076,1520,25:20,199.6,190.1,194.1,192.8,185.0,193.6,200.1,197.8,192.9,188.0,191.5,190.5
ED-0076,1521,25:21,200.6,189.3,192.1,194.3,184.5,191.4,201.7,195.9,192.6,187.9,189.1,188.8
ED-0076,1522,25:22,199.4,189.3,193.5,192.1,185.0,190.4,200.9,198.2,192.6,189.1,190.0,189.5
ED-0076,1523,25:23,200.0,189.6,193.0,192.4,184.2,192.3,199.5,198.1,192.3,186.9,189.5,188.6
ED-0076,1524,25:24,199.7,189.4,192.6,193.6,184.1,191.2,200.8,197.9,194.2,188.1,190.5,189.9
ED-0076,1525,25:25,200.1,187.9,194.1,192.0,183.2,192.2,201.5,196.8,193.0,187.1,188.9,188.6
ED-0076,1526,25:26,199.3,189.4,193.8,192.4,183.7,192.9,200.5,196.3,194.0,188.9,188.7,188.9
ED-0076,1527,25:27,198.3,189.0,193.0,191.8,184.3,192.0,200.8,198.1,193.7,189.1,190.1,190.2
ED-0076,1528,25:28,199.4,188.9,193.2,192.8,185.3,192.4,202.8,198.8,193.0,188.4,189.0,190.2
ED-0076,1529,25:29,199.7,190.1,194.3,192.5,185.0,191.8,202.4,196.9,193.3,187.2,189.3,188.1
ED-0076,1530,25:30,199.4,188.7,192.6,192.7,184.6,191.3,200.8,198.1,191.8,188.5,191.5,187.8
ED-0076,1531,25:31,199.9,188.7,193.9,193.3,183.8,192.5,201.0,199.0,193.7,188.5,187.5,189.2
ED-0076,1532,25:32,200.1,190.3,195.1,192.2,183.1,191.3,203.1,199.0,193.0,190.1,189.1,188.2
ED-0076,1533,25:33,199.2,190.3,193.0,192.5,183.1,191.8,201.0,197.9,191.4,188.3,188.7,188.8
ED-0076,1534,25:34,199.6,189.3,194.3,192.9,184.5,193.8,201.6,198.1,193.2,189.6,188.8,188.7
ED-0076,1535,25:35,200.6,191.2,191.9,191.5,185.0,191.5,201.6,196.3,193.7,187.3,189.8,188.2
ED-0076,1536,25:36,199.8,188.7,193.6,193.6,184.8,192.1,200.5,197.9,193.7,188.0,188.9,188.8
ED-0076,1537,25:37,199.6,189.4,194.4,192.7,183.7,191.8,201.9,198.2,193.7,186.5,189.3,189.4
ED-0076,1538,25:38,199.3,189.9,192.9,194.5,184.4,192.4,201.4,197.6,192.4,187.8,190.2,189.7
ED-0076,1539,25:39,199.8,189.7,192.9,192.5,185.2,191.4,201.7,197.2,191.9,186.0,188.7,188.8
ED-0076,1540,25:40,199.7,190.1,194.3,192.4,184.2,190.5,199.7,196.1,195.2,187.3,188.6,188.3
ED-0076,1541,25:41,200.1,189.1,193.9,192.5,183.6,191.2,200.2,196.4,191.8,188.0,190.7,189.0
ED-0076,1542,25:42,199.5,189.3,195.0,191.4,183.1,192.8,200.5,197.1,192.7,187.5,187.6,190.8
ED-0076,1543,25:43,201.2,189.3,193.2,196.0,182.3,191.4,200.9,196.7,194.1,188.4,188.5,189.0
ED-0076,1544,25:44,201.3,190.7,192.6,192.5,184.3,191.5,201.1,197.3,192.2,189.8,189.4,190.3
ED-0076,1545,25:45,199.9,188.8,192.8,193.1,183.8,191.1,203.4,197.3,193.1,188.2,190.7,188.1
ED-0076,1546,25:46,198.8,188.6,193.7,192.8,184.2,190.7,202.4,196.4,192.4,188.4,188.2,189.9
ED-0076,1547,25:47,199.1,190.3,194.8,194.5,183.9,191.8,200.9,198.3,191.9,188.8,190.5,186.8
ED-0076,1548,25:48,199.4,189.8,192.9,193.1,183.1,191.1,201.1,198.3,192.3,188.9,189.9,188.1
ED-0076,1549,25:49,197.4,188.4,194.2,191.6,184.5,191.9,200.9,197.9,192.1,188.4,189.5,187.5
ED-0076,1550,25:50,200.9,189.0,193.1,192.9,183.4,191.9,200.2,197.1,192.7,188.6,190.0,188.0
ED-0076,1551,25:51,199.7,190.2,192.2,191.7,184.2,190.0,199.9,196.5,192.0,187.5,188.7,188.9
ED-0076,1552,25:52,199.7,188.5,194.5,193.0,183.9,192.4,200.6,198.7,194.0,186.6,190.1,187.4
ED-0076,1553,25:53,200.3,189.2,194.6,193.1,183.2,191.7,200.3,195.4,192.2,187.9,189.3,188.8
ED-0076,1554,25:54,199.8,190.3,193.7,192.7,182.6,193.0,201.0,197.3,193.0,187.6,187.8,188.2
ED-0076,1555,25:55,200.2,188.2,193.4,193.6,183.4,191.5,202.6,198.3,192.2,188.0,190.3,189.4
ED-0076,1556,25:56,198.0,188.8,194.3,193.5,182.9,191.7,201.4,196.9,193.8,188.4,191.1,188.8
ED-0076,1557,25:57,198.6,188.5,193.7,192.8,183.9,193.1,201.6,196.3,194.2,188.1,189.9,190.0
ED-0076,1558,25:58,198.8,189.2,192.9,194.4,184.8,192.1,202.1,195.9,192.8,187.6,189.9,187.1
ED-0076,1559,25:59,199.6,189.1,190.9,193.8,185.4,192.5,200.3,197.5,194.6,189.1,187.9,189.4
ED-0076,1560,26:00,199.2,189.3,193.0,193.1,184.0,190.0,199.8,196.9,192.0,188.3,189.2,189.0
ED-0076,1561,26:01,199.3,188.2,193.0,191.6,183.8,191.6,201.8,196.7,191.5,188.1,191.1,189.3
ED-0076,1562,26:02,199.0,189.3,193.0,193.4,182.9,190.7,200.8,196.8,192.9,187.9,189.1,189.6
ED-0076,1563,26:03,198.8,189.0,194.5,191.8,183.6,192.0,199.0,197.4,193.8,187.6,189.4,187.4
ED-0076,1564,26:04,199.4,190.7,192.6,193.4,183.6,191.4,200.4,198.7,194.6,187.8,190.6,188.7
ED-0076,1565,26:05,200.7,188.1,194.0,194.3,183.3,191.3,201.0,198.8,191.4,187.4,188.9,189.6
ED-0076,1566,26:06,199.7,189.7,194.2,193.3,183.8,192.8,200.8,197.2,192.9,188.0,189.2,188.4
ED-0076,1567,26:07,200.3,189.3,193.2,194.0,184.6,191.9,200.7,197.1,192.7,187.4,191.1,189.0
ED-0076,1568,26:08,198.7,188.4,194.5,192.2,183.2,193.5,200.4,197.1,194.5,190.0,189.7,189.9
ED-0076,1569,26:09,199.3,189.7,193.8,193.3,184.9,190.5,201.0,198.3,193.2,188.9,190.5,187.1
ED-0076,1570,26:10,198.8,188.7,193.0,191.9,184.4,191.8,200.5,197.5,192.1,186.6,188.4,190.5
ED-0076,1571,26:11,200.2,188.4,192.6,194.2,183.4,191.1,202.6,197.5,192.1,188.0,189.6,188.8
ED-0076,1572,26:12,199.0,189.2,194.3,191.9,183.9,191.3,200.9,200.3,192.6,186.7,188.9,188.2
ED-0076,1573,26:13,201.3,190.0,192.5,194.9,184.7,191.8,199.2,197.3,192.0,187.8,188.9,189.3
ED-0076,1574,26:14,199.1,188.4,193.8,192.4,185.6,192.7,201.5,198.2,192.2,186.8,190.7,188.8
ED-0076,1575,26:15,199.2,188.8,192.8,193.0,184.6,191.1,199.9,198.8,194.6,187.7,191.1,188.3
ED-0076,1576,26:16,200.2,189.1,194.2,193.9,184.5,192.1,202.7,195.3,193.0,187.3,188.6,189.5
ED-0076,1577,26:17,199.6,189.6,195.5,192.2,184.3,190.8,200.4,196.7,193.4,188.2,189.7,190.2
ED-0076,1578,26:18,200.1,191.0,193.6,194.1,182.1,192.7,201.1,198.6,192.5,187.5,188.6,188.4
ED-0076,1579,26:19,199.6,190.7,193.7,194.2,183.4,191.7,200.3,197.5,193.1,189.8,189.3,189.2
ED-0076,1580,26:20,198.4,190.1,194.5,193.5,183.6,191.2,199.8,198.4,194.7,187.4,189.5,190.5
ED-0076,1581,26:21,198.3,188.0,195.3,193.2,182.5,192.8,201.9,199.4,192.7,188.2,188.2,189.0
ED-0076,1582,26:22,199.0,189.9,194.3,192.6,184.2,191.6,201.2,199.1,191.8,189.5,188.5,187.8
ED-0076,1583,26:23,197.6,191.0,193.1,192.6,183.8,193.2,201.9,198.7,193.7,187.6,189.5,187.9
ED-0076,1584,26:24,199.7,189.9,193.8,193.5,183.5,191.3,201.1,198.6,195.6,188.4,189.4,189.9
ED-0076,1585,26:25,199.0,189.4,191.7,193.6,184.2,192.0,201.6,197.0,193.6,189.3,187.7,187.6
ED-0076,1586,26:26,198.0,189.2,192.8,193.8,182.5,191.6,199.7,196.9,193.3,188.3,189.6,187.8
ED-0076,1587,26:27,198.5,189.7,193.2,192.7,184.2,191.8,201.3,198.0,192.4,186.2,190.7,187.4
ED-0076,1588,26:28,200.7,189.0,193.6,194.3,184.7,192.2,199.8,199.5,192.9,188.2,189.5,188.8
ED-0076,1589,26:29,199.2,190.4,194.4,193.6,184.0,192.0,202.0,197.5,192.9,188.4,190.2,189.5
ED-0076,1590,26:30,200.4,189.1,191.9,193.5,183.5,191.2,200.1,198.8,193.1,188.3,188.5,190.0
ED-0076,1591,26:31,198.7,188.2,193.1,192.5,184.6,191.4,199.3,198.8,193.4,188.1,189.6,189.1
ED-0076,1592,26:32,200.1,190.2,193.4,194.1,185.6,191.3,200.3,197.9,192.8,186.4,189.5,188.7
ED-0076,1593,26:33,199.6,189.1,193.9,194.5,183.2,191.4,199.7,197.0,193.9,187.0,188.7,188.5
ED-0076,1594,26:34,199.4,189.6,192.7,193.0,183.2,191.5,201.6,197.5,192.5,186.4,189.0,187.9
ED-0076,1595,26:35,198.8,189.3,193.4,192.4,185.1,190.9,201.6,198.3,192.4,186.9,191.1,187.4
ED-0076,1596,26:36,197.9,189.9,193.1,192.9,183.8,190.9,200.5,196.7,193.6,187.6,189.4,190.0
ED-0076,1597,26:37,199.3,190.9,193.4,194.1,184.2,191.5,199.6,196.7,193.1,186.8,189.8,188.8
ED-0076,1598,26:38,199.1,189.9,192.7,194.1,184.3,191.4,199.6,197.9,193.5,188.5,190.0,189.3
ED-0076,1599,26:39,199.1,189.5,192.6,192.0,185.1,192.0,200.2,197.0,193.2,187.7,188.3,188.2
ED-0076,1600,26:40,200.0,189.0,193.9,193.4,184.7,190.9,201.8,196.8,193.0,186.4,188.4,190.6
ED-0076,1601,26:41,200.9,188.2,192.9,193.0,184.9,191.7,199.9,196.3,193.2,187.5,187.7,189.0
ED-0076,1602,26:42,198.5,189.1,193.8,194.6,182.5,191.0,200.1,198.0,194.1,188.3,189.4,189.0
ED-0076,1603,26:43,200.6,190.8,192.6,193.0,186.3,191.9,200.8,197.1,193.2,188.8,190.0,188.3
ED-0076,1604,26:44,199.7,189.1,194.8,193.0,185.0,191.8,199.8,195.9,192.5,188.4,188.3,188.1
ED-0076,1605,26:45,200.6,189.4,193.4,192.8,184.9,192.4,199.5,196.7,193.6,186.9,189.7,189.5
ED-0076,1606,26:46,199.1,190.0,193.6,191.2,183.5,191.9,200.5,196.6,194.0,189.2,188.5,189.6
ED-0076,1607,26:47,200.8,188.7,193.9,193.8,184.7,192.8,202.1,196.8,192.9,187.2,189.5,186.3
ED-0076,1608,26:48,198.9,190.4,193.3,193.7,183.3,191.3,201.4,197.8,193.8,187.1,188.4,188.0
ED-0076,1609,26:49,198.8,190.3,194.3,193.1,184.3,191.4,201.0,196.8,193.6,189.3,189.6,188.6
ED-0076,1610,26:50,199.8,187.8,193.6,193.6,184.3,191.6,199.8,197.2,191.8,188.0,189.2,188.7
ED-0076,1611,26:51,200.3,189.9,193.3,193.6,184.5,192.0,199.3,197.6,192.9,186.9,189.4,187.9
ED-0076,1612,26:52,199.5,189.9,192.9,192.8,183.8,191.3,201.9,196.0,192.5,186.8,189.0,188.7
ED-0076,1613,26:53,199.9,187.1,194.1,192.5,185.1,193.2,200.1,196.6,192.4,188.2,188.7,190.4
ED-0076,1614,26:54,199.9,189.8,192.8,193.2,184.9,191.9,201.9,195.9,193.0,188.2,189.0,190.0
ED-0076,1615,26:55,201.1,189.5,193.4,192.8,183.0,192.0,201.6,197.8,192.3,188.6,190.6,188.7
ED-0076,1616,26:56,200.5,189.1,194.5,193.8,185.3,192.5,200.3,198.1,193.1,188.3,189.2,188.4
ED-0076,1617,26:57,200.9,189.5,193.6,194.0,182.4,191.3,199.7,196.5,193.6,186.1,188.5,189.0
ED-0076,1618,26:58,199.9,190.0,193.2,193.2,185.1,192.4,200.2,197.4,192.6,187.8,189.7,188.5
ED-0076,1619,26:59,198.8,189.5,193.8,193.0,183.6,192.1,202.7,197.4,193.8,186.4,190.0,189.5
ED-0076,1620,27:00,200.3,190.3,193.2,192.7,184.1,191.4,199.6,196.5,193.1,188.0,190.2,188.3
ED-0076,1621,27:01,199.8,188.6,193.2,192.8,185.9,191.5,201.0,196.5,194.2,186.7,190.8,188.5
ED-0076,1622,27:02,199.4,188.9,194.5,193.4,185.1,190.6,201.2,197.8,193.0,187.1,189.5,189.7
ED-0076,1623,27:03,200.3,189.1,194.4,194.2,183.6,193.8,201.1,198.2,192.2,187.6,190.1,188.6
ED-0076,1624,27:04,202.2,189.7,192.8,192.8,182.6,192.6,198.7,197.4,193.0,188.1,189.8,190.8
ED-0076,1625,27:05,200.1,190.0,193.4,193.3,183.3,192.4,201.0,197.9,191.1,187.3,190.1,188.8
ED-0076,1626,27:06,200.1,190.0,193.8,191.8,185.6,192.2,203.0,198.3,192.8,187.5,191.2,189.4
ED-0076,1627,27:07,197.7,190.0,193.7,193.2,184.3,193.5,200.5,198.6,193.3,188.4,189.5,189.3
ED-0076,1628,27:08,198.0,190.7,195.1,193.7,185.5,192.8,200.7,196.2,191.8,187.6,189.6,189.1
ED-0076,1629,27:09,198.6,188.1,193.7,193.0,183.3,190.6,198.8,196.2,193.0,186.4,187.9,189.0
ED-0076,1630,27:10,199.2,190.0,192.3,194.0,183.4,191.3,200.1,196.0,192.8,187.9,189.3,188.7
ED-0076,1631,27:11,200.2,190.2,192.4,194.2,183.6,191.7,200.8,197.6,191.8,187.7,189.5,190.4
ED-0076,1632,27:12,200.1,190.4,192.3,192.8,183.9,191.2,198.9,198.2,192.2,185.9,188.6,189.1
ED-0076,1633,27:13,198.9,187.5,193.0,192.4,184.0,193.4,200.8,198.4,192.7,187.3,190.3,188.6
ED-0076,1634,27:14,199.3,189.9,193.3,191.4,183.9,192.4,200.8,198.4,191.8,187.2,189.7,189.6
ED-0076,1635,27:15,199.7,188.8,194.1,192.2,184.1,191.5,201.5,198.0,194.7,186.3,188.3,188.7
ED-0076,1636,27:16,198.4,189.2,193.1,192.1,184.5,191.4,200.3,197.0,192.7,188.4,191.2,187.7
ED-0076,1637,27:17,199.4,190.1,192.0,192.7,184.2,191.7,199.1,197.6,194.6,187.8,188.7,186.8
ED-0076,1638,27:18,199.2,189.3,194.0,194.0,186.5,192.5,201.0,198.6,195.9,187.5,188.6,189.8
ED-0076,1639,27:19,199.2,189.8,193.9,194.4,183.9,191.9,201.1,197.7,192.7,188.2,188.5,188.6
ED-0076,1640,27:20,198.9,190.1,193.3,192.0,183.1,193.4,200.5,196.8,193.2,188.6,191.1,189.0
ED-0076,1641,27:21,199.0,190.2,193.4,192.0,184.2,190.7,200.2,195.8,193.7,188.4,189.7,187.6
ED-0076,1642,27:22,200.7,189.0,192.8,193.2,184.6,190.3,202.1,198.9,192.6,187.3,187.9,190.5
ED-0076,1643,27:23,199.5,188.4,194.3,191.8,185.6,192.9,200.2,197.2,192.6,187.5,189.4,190.5
ED-0076,1644,27:24,200.0,189.0,194.8,192.5,185.3,193.4,201.1,198.6,193.1,188.4,188.5,189.2
ED-0076,1645,27:25,198.9,189.1,194.8,192.2,183.6,192.8,200.3,196.5,193.2,188.2,189.4,190.1
ED-0076,1646,27:26,199.8,189.0,193.4,192.9,184.0,193.4,200.6,198.7,193.1,188.5,189.2,187.5
ED-0076,1647,27:27,200.1,188.7,194.4,192.5,185.2,191.1,201.7,197.3,193.9,186.9,188.1,187.4
ED-0076,1648,27:28,199.6,189.6,193.9,193.3,185.0,193.2,200.7,198.0,193.6,187.7,188.9,189.2
ED-0076,1649,27:29,201.4,189.6,193.7,194.6,183.7,193.4,201.0,197.5,191.8,188.5,188.5,188.8
ED-0076,1650,27:30,199.0,189.8,193.4,192.0,183.9,192.2,201.5,198.0,192.4,187.7,188.0,188.3
ED-0076,1651,27:31,198.5,189.2,194.3,193.0,185.3,191.2,201.0,197.9,192.5,186.4,189.0,188.7
ED-0076,1652,27:32,199.5,189.9,194.9,193.2,184.0,190.6,202.1,198.3,193.6,186.8,189.0,188.9
ED-0076,1653,27:33,198.7,188.6,194.9,193.4,182.1,191.8,202.8,197.9,191.6,186.9,187.6,190.3
ED-0076,1654,27:34,198.8,188.6,193.7,192.3,183.4,194.6,201.5,197.3,192.6,189.1,190.7,187.3
ED-0076,1655,27:35,200.3,189.4,194.5,192.0,184.0,191.0,199.7,197.6,193.5,187.9,190.0,190.2
ED-0076,1656,27:36,200.1,188.1,192.3,192.1,184.5,192.5,200.8,195.5,192.1,188.4,190.0,187.9
ED-0076,1657,27:37,198.6,188.6,192.7,194.6,185.7,193.6,200.7,197.4,192.6,187.9,189.6,187.3
ED-0076,1658,27:38,199.2,189.8,192.5,192.8,183.1,189.9,200.7,196.4,193.5,187.2,188.3,188.8
ED-0076,1659,27:39,199.4,189.0,194.1,192.9,183.9,192.1,200.8,197.0,193.5,187.0,189.7,188.9
ED-0076,1660,27:40,199.0,189.2,192.8,193.8,183.0,191.3,200.7,198.1,192.1,188.3,189.0,187.2
ED-0076,1661,27:41,200.5,189.3,194.0,193.0,185.4,192.7,200.5,196.8,193.7,187.8,188.1,189.6
ED-0076,1662,27:42,200.3,189.0,193.0,193.6,182.8,192.3,201.1,196.6,192.7,186.9,190.0,188.9
ED-0076,1663,27:43,199.8,189.8,192.6,193.7,184.1,191.7,201.5,196.8,193.2,188.5,189.9,188.6
ED-0076,1664,27:44,200.5,189.6,193.6,193.5,183.4,192.3,200.6,198.3,191.7,187.8,190.0,188.6
ED-0076,1665,27:45,198.9,189.8,193.4,192.5,184.8,191.2,200.8,197.8,192.6,187.7,188.7,188.6
ED-0076,1666,27:46,199.7,189.3,192.1,191.5,185.5,191.8,199.6,197.8,192.7,188.1,188.3,188.7
ED-0076,1667,27:47,199.5,189.1,194.0,191.3,182.8,191.1,199.4,197.5,191.2,188.0,188.8,188.5
ED-0076,1668,27:48,199.1,188.1,193.6,192.0,185.4,192.6,200.6,196.2,193.1,187.8,188.9,188.4
ED-0076,1669,27:49,198.4,188.5,194.0,193.0,184.8,192.5,200.2,198.3,194.3,188.3,189.1,189.0
ED-0076,1670,27:50,199.9,190.6,193.6,193.9,184.6,190.7,200.9,197.5,193.3,188.8,188.6,189.4
ED-0076,1671,27:51,199.5,190.4,194.0,192.8,184.3,193.6,201.3,195.9,191.6,189.2,190.9,189.3
ED-0076,1672,27:52,198.9,187.9,194.8,192.2,185.7,192.2,201.3,199.1,192.6,188.5,189.2,189.3
ED-0076,1673,27:53,198.4,188.4,193.0,193.7,183.8,191.7,200.7,197.9,194.2,187.5,187.9,189.3
ED-0076,1674,27:54,200.6,188.6,194.6,192.7,185.3,191.1,200.5,198.4,192.2,186.9,188.5,189.2
ED-0076,1675,27:55,199.3,191.2,194.1,196.3,182.6,191.2,199.0,198.5,190.5,187.2,189.2,188.1
ED-0076,1676,27:56,199.4,190.7,193.4,192.8,184.7,192.8,202.9,196.9,191.4,188.0,188.9,189.0
ED-0076,1677,27:57,199.7,190.5,193.0,191.8,185.2,191.4,203.0,196.9,192.1,187.6,188.1,188.9
ED-0076,1678,27:58,200.0,189.1,195.0,194.6,183.7,191.2,199.2,197.4,193.8,188.3,189.3,190.5
ED-0076,1679,27:59,199.9,190.2,194.5,192.3,185.1,192.5,203.5,197.5,193.7,189.4,189.1,189.0
ED-0076,1680,28:00,199.7,190.5,194.2,194.6,184.2,192.3,201.2,196.9,191.7,188.2,188.8,188.1
ED-0076,1681,28:01,199.2,188.6,193.5,192.6,184.5,190.0,202.3,198.7,194.3,187.4,189.3,189.4
ED-0076,1682,28:02,199.7,189.6,193.4,193.5,183.4,191.3,199.0,197.7,191.6,188.5,189.1,189.7
ED-0076,1683,28:03,199.9,188.9,192.5,194.8,183.1,192.3,200.8,197.9,194.1,188.4,190.2,189.3
ED-0076,1684,28:04,200.1,189.1,194.4,192.0,183.9,192.3,200.1,199.2,192.3,186.9,190.4,190.1
ED-0076,1685,28:05,199.8,190.0,193.8,194.8,183.8,192.7,199.8,198.1,193.0,187.8,189.9,188.8
ED-0076,1686,28:06,199.9,189.9,192.6,193.6,183.5,192.2,200.6,198.1,193.6,189.3,190.1,189.4
ED-0076,1687,28:07,200.9,188.6,195.6,193.1,183.6,191.8,200.5,196.7,194.2,186.3,190.6,190.0
ED-0076,1688,28:08,199.4,189.7,193.5,192.7,184.0,191.6,200.7,196.5,191.6,188.6,189.2,190.0
ED-0076,1689,28:09,199.3,188.2,194.3,193.6,184.3,191.6,201.6,197.9,192.4,188.3,189.3,188.7
ED-0076,1690,28:10,199.1,189.6,194.6,193.0,185.7,189.9,200.5,197.9,194.4,187.4,190.1,190.4
ED-0076,1691,28:11,199.6,188.6,194.1,193.2,184.8,192.8,201.4,197.6,194.4,190.2,189.7,190.0
ED-0076,1692,28:12,199.7,189.8,194.3,192.9,183.0,191.6,201.9,196.4,194.7,187.6,189.7,188.5
ED-0076,1693,28:13,199.8,190.5,194.6,193.6,184.1,192.2,200.4,197.1,193.4,188.4,189.1,191.6
ED-0076,1694,28:14,199.6,190.0,194.4,192.0,184.8,192.1,199.6,197.5,192.9,188.8,190.0,188.8
ED-0076,1695,28:15,200.3,190.0,193.7,194.5,182.4,190.8,202.3,197.2,193.2,187.1,191.5,190.9
ED-0076,1696,28:16,201.3,189.5,193.4,193.5,183.9,191.3,201.7,197.2,193.4,187.5,188.1,189.6
ED-0076,1697,28:17,198.7,189.0,194.1,193.1,184.3,191.5,199.7,197.7,192.7,186.6,188.8,187.7
ED-0076,1698,28:18,197.5,189.1,193.2,193.0,184.8,190.9,200.6,198.3,192.5,187.3,189.7,188.8
ED-0076,1699,28:19,199.0,190.0,193.3,192.3,185.2,190.2,202.4,198.6,193.8,188.1,191.1,190.3
ED-0076,1700,28:20,198.8,189.1,194.0,192.7,185.1,192.7,201.1,195.8,193.7,188.3,189.1,188.7
ED-0076,1701,28:21,199.7,190.2,193.1,192.8,184.0,192.3,200.7,197.8,191.9,188.2,189.5,186.9
ED-0076,1702,28:22,201.2,189.4,193.0,192.4,184.3,192.2,201.6,196.9,192.6,186.3,188.3,189.2
ED-0076,1703,28:23,200.1,189.2,193.3,194.3,183.4,194.6,201.5,196.0,194.2,187.2,189.9,190.3
ED-0076,1704,28:24,199.8,189.2,192.6,192.5,183.2,190.2,200.7,197.6,193.8,187.7,189.6,188.6
ED-0076,1705,28:25,199.3,189.1,193.3,194.5,185.1,191.2,200.0,198.6,195.8,188.2,189.1,188.3
ED-0076,1706,28:26,200.5,190.2,192.1,193.1,186.3,191.5,199.9,195.7,193.3,187.9,189.6,187.6
ED-0076,1707,28:27,199.9,189.1,193.0,193.2,184.6,191.4,200.5,197.1,192.3,189.4,189.8,189.5
ED-0076,1708,28:28,199.4,189.5,192.7,193.1,185.4,190.7,201.3,197.0,193.4,188.1,189.8,188.9
ED-0076,1709,28:29,200.8,189.1,191.4,193.3,184.0,191.3,200.4,196.0,193.0,187.5,191.2,188.1
ED-0076,1710,28:30,199.4,190.2,195.3,192.1,183.1,193.3,201.2,198.1,193.0,190.0,190.0,188.4
ED-0076,1711,28:31,199.1,189.2,191.6,192.2,183.3,192.6,201.3,196.3,191.2,187.2,187.8,188.7
ED-0076,1712,28:32,197.6,189.8,194.1,192.4,183.7,191.5,199.8,196.4,193.7,187.6,188.9,187.8
ED-0076,1713,28:33,200.7,190.0,193.1,193.2,184.6,191.5,200.6,197.3,191.9,188.1,188.6,188.4
ED-0076,1714,28:34,199.3,189.2,193.2,191.7,184.7,191.0,200.9,196.2,192.9,186.5,189.4,188.3
ED-0076,1715,28:35,198.7,189.0,193.3,191.4,184.0,191.6,201.1,198.8,193.1,187.3,189.5,189.4
ED-0076,1716,28:36,199.8,189.6,193.4,192.6,186.3,192.0,201.4,197.0,191.7,187.2,189.9,189.6
ED-0076,1717,28:37,198.4,189.9,195.0,193.4,183.7,192.5,200.4,196.2,194.1,187.0,189.8,189.5
ED-0076,1718,28:38,198.6,189.3,192.5,194.1,184.0,190.7,201.2,196.1,193.5,188.2,189.3,188.3
ED-0076,1719,28:39,198.9,188.3,194.6,193.7,183.3,192.6,201.4,197.6,192.9,187.0,188.8,188.7
ED-0076,1720,28:40,197.8,189.3,192.0,193.3,184.3,191.0,200.3,197.8,192.9,188.3,188.1,190.3
ED-0076,1721,28:41,199.5,190.6,194.3,191.5,184.6,192.0,200.7,199.0,192.2,187.7,189.5,187.9
ED-0076,1722,28:42,199.9,187.2,194.2,193.0,185.5,193.1,201.5,197.2,192.9,188.4,188.7,189.4
ED-0076,1723,28:43,200.9,188.8,192.2,192.8,184.6,192.4,200.4,196.3,193.8,188.5,189.5,188.9
ED-0076,1724,28:44,198.1,189.6,193.7,193.5,183.6,191.3,199.5,199.1,191.5,187.1,187.5,190.5
ED-0076,1725,28:45,201.1,188.2,192.9,194.3,184.1,191.4,202.2,196.6,193.1,187.2,190.3,189.4
ED-0076,1726,28:46,199.8,190.6,193.9,192.8,184.1,190.2,200.3,194.7,192.5,187.1,188.1,188.6
ED-0076,1727,28:47,199.8,190.1,194.0,194.9,184.3,192.6,200.0,196.6,192.0,189.0,189.1,189.3
ED-0076,1728,28:48,199.7,189.9,192.4,192.4,184.4,190.4,200.8,197.7,193.7,185.9,188.1,189.2
ED-0076,1729,28:49,197.9,189.7,194.3,192.3,183.9,192.4,201.8,197.2,192.2,188.6,189.1,187.4
ED-0076,1730,28:50,199.3,189.9,193.5,193.6,184.6,190.6,201.4,199.1,193.3,186.2,190.1,188.8
ED-0076,1731,28:51,201.6,189.5,193.4,193.8,185.7,193.1,201.8,198.5,192.6,186.9,187.8,188.0
ED-0076,1732,28:52,198.9,189.1,194.1,192.2,183.4,193.1,201.7,198.6,192.2,186.2,188.3,188.3
ED-0076,1733,28:53,200.3,189.1,193.0,192.5,183.8,191.2,202.4,197.6,193.4,188.5,188.6,188.5
ED-0076,1734,28:54,200.6,187.9,193.1,193.4,183.3,191.2,200.8,198.0,194.0,187.2,188.4,189.6
ED-0076,1735,28:55,200.4,189.7,194.9,192.2,184.4,191.5,201.1,196.7,192.9,189.4,190.2,188.7
ED-0076,1736,28:56,200.4,189.2,194.3,192.2,184.9,191.5,202.7,198.0,192.8,188.3,188.5,188.2
ED-0076,1737,28:57,201.4,188.8,192.7,192.9,183.5,191.8,202.6,198.6,193.4,190.1,190.2,188.8
ED-0076,1738,28:58,200.1,187.9,192.9,191.7,185.6,192.2,202.7,197.2,192.9,188.2,189.0,189.1
ED-0076,1739,28:59,200.0,188.6,191.5,194.9,183.8,192.0,201.5,198.0,194.5,186.9,188.8,189.3
ED-0076,1740,29:00,199.2,189.3,194.1,194.3,184.8,191.8,201.0,197.3,191.7,188.5,189.3,187.0
ED-0076,1741,29:01,200.1,189.9,193.4,193.5,183.8,191.6,200.2,199.0,192.4,189.0,189.2,187.0
ED-0076,1742,29:02,200.7,189.9,194.4,194.4,184.3,192.0,200.9,197.8,193.0,186.8,190.5,189.2
ED-0076,1743,29:03,197.8,188.3,195.5,193.2,183.3,192.0,199.7,198.1,192.8,187.5,188.3,188.1
ED-0076,1744,29:04,198.7,188.6,192.1,191.6,185.2,192.8,201.2,198.6,192.8,186.9,189.8,189.0
ED-0076,1745,29:05,198.3,190.6,192.1,194.0,185.7,191.5,200.6,197.1,193.5,187.2,189.7,190.5
ED-0076,1746,29:06,199.0,189.0,192.4,193.8,184.2,191.6,199.3,198.2,194.1,188.2,189.3,189.0
ED-0076,1747,29:07,200.7,189.4,193.6,193.7,186.0,192.7,201.8,197.8,194.0,186.6,188.6,191.0
ED-0076,1748,29:08,199.6,188.7,193.7,194.4,182.1,191.0,200.8,198.6,193.7,189.0,189.6,190.8
ED-0076,1749,29:09,200.1,188.2,193.9,195.2,185.2,192.5,201.9,197.7,192.9,187.8,189.3,188.9
ED-0076,1750,29:10,200.2,189.8,194.7,193.6,185.0,190.8,200.5,197.5,193.4,186.1,189.6,188.7
ED-0076,1751,29:11,198.4,188.0,193.5,193.0,184.4,191.8,202.0,197.1,195.1,188.4,191.1,189.2
ED-0076,1752,29:12,200.5,188.6,194.7,193.2,183.9,191.1,199.6,197.2,193.7,189.6,188.3,189.2
ED-0076,1753,29:13,200.5,189.7,193.3,192.9,184.9,190.2,200.9,199.7,193.5,188.1,190.0,188.2
ED-0076,1754,29:14,197.7,187.8,192.6,193.4,183.4,192.9,200.8,197.2,192.3,187.5,190.4,188.8
ED-0076,1755,29:15,199.5,189.0,193.2,193.0,183.6,192.1,202.0,198.0,193.8,187.6,189.0,187.4
ED-0076,1756,29:16,202.0,188.9,194.2,192.2,185.0,191.5,200.6,196.8,191.5,187.5,189.6,188.3
ED-0076,1757,29:17,199.0,189.0,195.4,192.6,186.0,192.3,200.0,197.6,193.0,188.1,190.7,190.3
ED-0076,1758,29:18,199.1,189.7,193.6,192.3,184.9,192.6,201.2,197.9,192.4,186.8,190.7,189.0
ED-0076,1759,29:19,197.9,189.6,193.7,194.1,183.5,191.8,200.0,197.6,192.9,187.4,188.1,188.2
ED-0076,1760,29:20,199.4,190.3,193.5,193.6,184.8,192.0,199.5,198.8,192.9,188.8,190.5,188.8
ED-0076,1761,29:21,198.6,189.4,193.5,195.5,185.9,192.8,201.4,196.5,192.4,188.2,188.8,188.6
ED-0076,1762,29:22,199.7,188.9,192.8,192.8,184.3,191.2,201.2,196.0,194.1,189.1,189.0,186.9
ED-0076,1763,29:23,200.1,188.9,192.9,193.6,183.7,192.2,203.1,196.6,192.3,187.6,188.9,188.8
ED-0076,1764,29:24,198.4,188.1,193.4,194.3,184.9,192.3,199.5,198.9,194.3,186.7,189.3,188.3
ED-0076,1765,29:25,200.4,188.8,193.5,193.5,184.2,192.1,200.4,197.6,191.4,187.2,190.3,189.1
ED-0076,1766,29:26,201.1,189.6,192.2,193.0,184.1,191.5,201.5,198.4,193.0,188.1,189.8,188.7
ED-0076,1767,29:27,200.8,188.4,193.9,193.4,182.8,192.9,200.7,196.6,192.9,189.9,189.5,188.1
ED-0076,1768,29:28,199.3,188.6,194.5,194.4,184.5,190.7,201.6,197.2,193.6,188.2,189.8,188.0
ED-0076,1769,29:29,198.8,187.7,194.8,193.6,184.5,191.9,200.0,197.2,191.9,188.0,190.0,189.5
ED-0076,1770,29:30,198.7,188.9,193.0,193.4,185.2,191.6,201.9,199.4,193.6,188.0,190.3,189.2
ED-0076,1771,29:31,200.0,189.4,193.8,192.5,183.6,193.3,200.7,198.0,194.9,188.5,189.2,188.9
ED-0076,1772,29:32,200.4,188.6,193.0,193.2,185.6,191.7,201.3,197.8,193.1,186.8,190.0,189.1
ED-0076,1773,29:33,200.8,189.1,192.9,192.5,184.5,193.3,199.5,197.6,192.7,187.7,187.4,188.8
ED-0076,1774,29:34,198.8,189.6,194.7,192.8,182.9,191.9,200.8,197.6,192.9,186.8,189.1,189.2
ED-0076,1775,29:35,199.6,189.2,191.8,194.4,184.0,193.5,201.4,198.6,192.1,189.6,188.0,188.4
ED-0076,1776,29:36,200.2,188.9,193.0,194.0,184.4,190.4,200.3,198.1,193.5,188.5,190.2,186.8
ED-0076,1777,29:37,199.2,190.1,193.6,193.0,184.0,191.0,200.3,198.5,192.9,188.3,190.7,188.8
ED-0076,1778,29:38,199.2,188.9,194.5,192.1,182.5,191.8,200.9,196.8,193.3,187.4,186.5,186.8
ED-0076,1779,29:39,198.2,188.7,194.7,192.9,184.4,190.7,200.6,195.7,194.4,188.7,187.9,188.9
ED-0076,1780,29:40,199.7,188.7,193.6,194.9,182.9,191.4,200.6,197.3,192.8,186.3,189.9,189.0
ED-0076,1781,29:41,199.3,190.2,193.8,193.2,183.9,190.9,200.6,197.2,192.4,186.6,190.0,189.1
ED-0076,1782,29:42,200.2,188.7,192.4,192.2,184.4,192.2,201.1,197.7,193.2,189.6,190.2,188.5
ED-0076,1783,29:43,198.7,187.8,193.4,193.5,183.8,191.3,202.0,197.6,193.1,187.8,190.3,188.2
ED-0076,1784,29:44,200.4,188.5,194.7,193.5,183.5,192.0,200.1,196.4,191.8,189.2,189.8,188.2
ED-0076,1785,29:45,198.6,190.3,193.8,195.3,184.6,192.3,200.3,198.7,194.1,187.3,190.5,187.8
ED-0076,1786,29:46,199.7,189.2,196.5,192.5,183.2,191.8,200.8,197.0,193.8,186.6,189.6,189.3
ED-0076,1787,29:47,198.9,189.7,193.8,192.8,183.5,191.0,200.6,197.9,194.2,189.2,189.3,188.4
ED-0076,1788,29:48,198.8,189.6,194.1,192.9,186.1,191.3,202.3,198.3,192.7,185.9,187.6,186.7
ED-0076,1789,29:49,200.2,189.0,193.0,192.2,184.3,191.6,201.5,197.5,192.0,187.0,190.0,188.4
ED-0076,1790,29:50,198.6,188.8,192.4,194.0,183.5,190.7,200.9,196.6,193.2,188.9,187.1,188.2
ED-0076,1791,29:51,198.8,187.7,194.2,193.2,182.5,190.5,199.9,198.2,193.0,188.0,189.7,190.0
ED-0076,1792,29:52,199.7,189.1,194.0,193.1,182.8,193.1,201.7,197.1,193.2,189.2,188.5,189.1
ED-0076,1793,29:53,199.0,189.9,193.5,193.8,185.2,191.2,201.9,197.1,194.4,187.0,189.5,189.2
ED-0076,1794,29:54,199.1,189.2,192.6,192.4,183.1,191.3,200.7,197.3,191.7,188.0,188.8,188.6
ED-0076,1795,29:55,200.5,189.7,194.9,193.9,183.3,192.9,201.0,196.3,194.2,187.4,188.6,189.8
ED-0076,1796,29:56,199.7,188.7,193.8,193.9,183.8,192.5,202.2,198.2,192.0,187.4,189.5,188.3
ED-0076,1797,29:57,200.3,190.5,193.6,193.5,185.2,190.7,199.2,197.9,192.6,187.4,189.2,188.7
ED-0076,1798,29:58,199.7,188.7,192.2,194.0,185.5,191.3,200.0,197.1,192.4,187.3,187.9,188.8
ED-0076,1799,29:59,198.6,189.5,192.7,192.3,184.4,190.8,200.4,198.4,192.7,187.7,190.3,188.5
ED-0076,1800,30:00,200.1,189.9,193.7,193.4,182.6,191.5,200.2,198.8,192.6,189.4,188.4,189.0
ED-0076,1801,30:01,200.9,189.9,193.5,192.6,183.1,191.8,201.6,197.1,191.7,189.1,188.2,190.2
ED-0076,1802,30:02,200.4,190.9,192.2,192.8,185.6,192.2,199.3,196.5,192.6,188.1,188.9,188.5
ED-0076,1803,30:03,200.0,190.0,193.1,192.5,184.5,191.6,201.4,198.1,193.0,188.5,189.3,188.1
ED-0076,1804,30:04,199.8,189.5,192.7,192.4,184.2,192.0,201.8,199.8,193.3,187.4,190.0,189.0
ED-0076,1805,30:05,198.9,189.2,194.1,194.0,184.7,192.4,202.2,197.2,194.0,188.4,189.6,190.0
ED-0076,1806,30:06,197.8,188.7,194.0,192.6,183.5,191.7,200.9,197.9,193.8,187.8,189.4,189.2
ED-0076,1807,30:07,199.5,190.0,193.0,193.0,182.8,192.5,202.6,197.5,193.9,190.2,190.0,190.7
ED-0076,1808,30:08,198.4,190.8,194.6,192.8,183.2,191.9,200.6,198.4,193.9,187.0,188.7,189.4
ED-0076,1809,30:09,199.3,189.4,195.2,192.3,182.9,192.0,200.2,198.1,192.2,189.2,188.9,188.4
ED-0076,1810,30:10,198.1,189.9,193.6,192.9,183.2,190.3,200.1,196.5,193.2,187.6,188.7,189.5
ED-0076,1811,30:11,198.2,189.0,193.4,193.0,185.2,193.0,200.6,197.5,193.6,187.0,188.9,188.7
ED-0076,1812,30:12,201.3,189.9,194.1,192.7,182.3,192.6,202.7,197.8,192.0,188.1,188.9,189.5
ED-0076,1813,30:13,198.8,188.9,193.0,193.3,183.9,191.6,202.0,197.5,193.3,188.2,189.3,188.4
ED-0076,1814,30:14,200.4,190.1,192.7,193.3,183.5,193.2,201.1,197.6,194.4,187.9,189.5,188.9
ED-0076,1815,30:15,199.4,189.7,195.6,194.5,184.5,193.2,200.5,197.8,194.7,186.6,190.1,189.4
ED-0076,1816,30:16,199.6,190.2,193.4,193.5,184.6,190.3,201.4,196.9,195.1,186.6,188.8,189.9
ED-0076,1817,30:17,197.3,189.7,192.5,192.2,183.5,191.0,201.7,197.8,193.9,187.2,189.3,189.3
ED-0076,1818,30:18,200.1,189.5,194.6,192.2,184.3,191.9,200.2,196.8,193.0,187.5,189.8,189.2
ED-0076,1819,30:19,198.7,189.7,193.3,192.2,184.3,192.9,199.2,198.2,193.4,188.4,189.0,187.2
ED-0076,1820,30:20,197.3,190.5,193.3,193.5,183.2,191.7,200.6,199.1,192.3,188.1,191.2,188.2
ED-0076,1821,30:21,199.6,189.9,194.4,195.1,183.2,192.2,199.8,197.0,191.9,188.2,189.0,189.6
ED-0076,1822,30:22,200.8,189.6,193.4,193.1,183.8,191.9,200.2,197.9,192.6,186.6,189.4,189.3
ED-0076,1823,30:23,200.1,189.5,193.6,194.3,183.4,192.6,201.5,197.0,191.5,186.3,190.6,188.8
ED-0076,1824,30:24,199.7,188.1,193.2,193.8,184.2,190.1,200.3,198.5,192.3,186.1,188.2,188.9
ED-0076,1825,30:25,200.9,189.0,192.1,191.8,183.2,191.3,201.1,197.2,192.0,187.1,187.9,189.4
ED-0076,1826,30:26,199.7,189.5,192.1,191.5,184.7,192.7,200.9,198.4,192.3,185.6,189.7,189.8
ED-0076,1827,30:27,201.6,190.8,190.6,191.9,184.2,192.8,201.1,198.3,193.0,184.2,189.8,189.8
ED-0076,1828,30:28,201.1,189.4,191.6,190.9,184.7,194.9,201.5,197.7,194.1,184.6,190.5,189.2
ED-0076,1829,30:29,200.6,189.3,190.5,191.4,183.4,192.0,199.8,196.8,194.3,184.6,188.2,188.8
ED-0076,1830,30:30,199.2,189.5,190.3,189.9,184.5,190.0,200.5,196.6,193.4,184.2,188.6,188.9
ED-0076,1831,30:31,199.6,189.2,189.8,189.7,184.5,192.0,200.6,197.8,194.1,183.0,189.7,191.4
ED-0076,1832,30:32,199.9,188.1,189.7,189.2,183.9,192.7,200.8,197.3,192.1,183.1,189.2,189.6
ED-0076,1833,30:33,199.4,187.8,189.6,188.7,184.3,191.6,200.2,198.5,192.6,182.9,189.5,187.8
ED-0076,1834,30:34,200.5,187.9,188.7,187.6,183.3,190.9,200.2,197.9,192.0,182.1,188.9,186.7
ED-0076,1835,30:35,200.0,187.8,186.9,187.6,183.5,191.0,201.0,196.7,190.5,182.4,188.0,188.8
ED-0076,1836,30:36,200.0,186.3,187.2,186.9,184.1,192.4,201.9,198.6,190.9,180.7,187.0,188.7
ED-0076,1837,30:37,200.3,186.1,186.9,186.9,184.3,191.6,199.6,197.1,189.8,179.7,187.3,190.9
ED-0076,1838,30:38,198.7,186.1,186.1,185.5,183.8,191.8,203.0,198.3,190.0,180.8,186.3,190.3
ED-0076,1839,30:39,198.8,184.8,186.5,185.7,184.0,193.3,200.8,197.7,189.7,179.6,186.6,189.0
ED-0076,1840,30:40,201.1,184.5,185.7,185.4,185.7,193.0,200.5,198.5,188.4,179.5,185.1,189.0
ED-0076,1841,30:41,199.0,183.7,184.9,184.5,185.8,191.8,201.6,196.9,189.0,178.6,184.9,189.4
ED-0076,1842,30:42,199.0,183.6,185.4,184.6,183.6,191.9,202.5,198.1,187.8,178.8,185.2,189.6
ED-0076,1843,30:43,200.2,183.6,183.7,183.6,183.9,191.0,200.8,198.0,187.1,178.0,183.7,188.6
ED-0076,1844,30:44,200.4,182.9,183.6,183.4,185.2,191.8,199.7,198.2,186.3,178.0,183.1,189.2
ED-0076,1845,30:45,200.1,183.5,183.6,183.7,184.2,192.2,201.3,197.3,186.4,177.4,183.3,188.8
ED-0076,1846,30:46,199.7,180.9,182.4,182.6,183.0,191.1,201.0,199.5,186.9,177.2,182.8,190.9
ED-0076,1847,30:47,198.4,181.1,182.8,182.1,185.4,191.0,200.8,197.5,185.8,175.7,182.2,189.1
ED-0076,1848,30:48,199.2,180.6,181.8,181.6,183.0,193.0,201.4,196.4,185.1,175.7,181.9,188.8
ED-0076,1849,30:49,197.1,180.7,181.9,181.4,183.5,190.7,200.8,197.4,185.2,175.6,181.0,189.4
ED-0076,1850,30:50,198.3,179.7,181.1,180.9,184.5,191.9,200.3,198.9,184.2,174.4,181.6,189.6
ED-0076,1851,30:51,197.3,179.1,179.8,180.3,184.4,192.6,200.6,197.3,184.2,174.4,181.2,188.7
ED-0076,1852,30:52,196.5,178.2,180.1,179.9,184.2,192.7,200.3,195.5,182.6,174.6,180.3,188.8
ED-0076,1853,30:53,196.9,178.9,179.0,179.3,185.1,191.2,201.2,196.8,183.4,173.1,179.8,188.1
ED-0076,1854,30:54,195.0,178.6,179.0,179.3,184.7,190.7,201.0,198.0,183.0,173.7,179.4,187.6
ED-0076,1855,30:55,195.3,177.3,178.8,179.0,184.6,192.5,200.3,197.7,182.2,173.7,179.2,187.0
ED-0076,1856,30:56,195.3,176.7,178.3,178.0,182.4,191.6,201.1,198.2,181.7,173.4,178.5,186.5
ED-0076,1857,30:57,194.4,176.7,178.1,178.0,182.8,190.3,201.5,196.6,181.4,172.4,178.2,186.4
ED-0076,1858,30:58,194.6,176.4,178.5,177.8,184.0,192.1,199.9,197.0,180.7,171.5,176.6,185.8
ED-0076,1859,30:59,193.4,176.2,176.7,176.8,182.9,192.7,200.8,196.3,180.3,171.8,175.4,185.6
ED-0076,1860,31:00,193.2,175.9,175.8,177.1,183.4,191.4,202.3,195.4,179.8,170.0,176.9,185.8
ED-0076,1861,31:01,193.9,174.0,176.5,176.1,183.4,192.2,201.9,195.4,179.8,170.4,175.8,184.9
ED-0076,1862,31:02,192.3,174.4,176.5,175.0,182.2,191.7,202.2,194.5,179.3,171.1,174.9,184.2
ED-0076,1863,31:03,192.2,175.0,175.8,176.0,182.8,192.8,200.5,194.3,179.2,169.7,175.0,183.7
ED-0076,1864,31:04,191.5,174.3,175.1,174.3,181.2,193.3,200.6,193.6,178.9,169.3,173.2,183.5
ED-0076,1865,31:05,191.2,172.4,175.4,174.8,181.0,192.0,200.2,193.6,177.4,168.8,174.1,183.3
ED-0076,1866,31:06,190.7,172.8,174.5,173.5,180.2,192.0,199.7,193.1,177.0,168.5,173.8,182.0
ED-0076,1867,31:07,190.9,171.9,173.7,173.6,179.8,191.4,198.6,192.6,175.9,167.6,173.3,182.8
ED-0076,1868,31:08,188.9,171.8,173.0,173.2,179.6,191.1,198.2,191.5,175.0,167.9,172.7,181.2
ED-0076,1869,31:09,189.5,171.4,172.3,172.2,179.1,190.0,197.3,190.5,176.1,168.1,172.2,180.8
ED-0076,1870,31:10,188.5,171.3,172.7,173.0,179.0,190.4,196.7,189.8,176.1,166.6,171.4,180.7
ED-0076,1871,31:11,188.4,170.7,172.4,171.1,177.6,189.9,197.0,190.8,175.5,166.8,171.8,180.1
ED-0076,1872,31:12,187.9,169.8,171.7,171.9,177.8,187.8,196.0,189.7,174.4,166.8,171.1,180.4
ED-0076,1873,31:13,186.4,168.7,170.8,171.6,176.9,188.4,195.3,189.1,173.8,165.3,169.8,179.2
ED-0076,1874,31:14,187.4,169.7,169.9,171.1,177.5,187.6,195.3,188.5,174.8,165.1,169.5,180.5
ED-0076,1875,31:15,186.8,169.7,170.8,170.2,176.3,188.0,194.3,187.3,173.7,165.5,169.8,178.8
ED-0076,1876,31:16,186.9,168.6,170.3,170.3,175.6,186.4,194.8,187.0,173.0,164.7,169.6,178.1
ED-0076,1877,31:17,186.1,168.6,169.6,169.1,175.0,186.2,193.3,187.6,172.6,164.3,168.8,178.7
ED-0076,1878,31:18,185.8,166.8,170.0,169.3,175.1,186.5,192.4,186.1,173.2,163.1,168.3,178.0
ED-0076,1879,31:19,185.0,167.7,169.4,168.4,174.4,184.7,192.7,185.4,172.3,163.6,168.2,177.5
ED-0076,1880,31:20,184.8,167.4,167.9,167.2,173.7,184.9,191.8,185.2,171.4,163.9,168.6,177.4
ED-0076,1881,31:21,184.6,165.9,168.0,167.9,173.7,184.3,190.8,184.6,171.0,163.3,167.0,176.2
ED-0076,1882,31:22,184.4,165.5,167.9,168.1,172.3,184.8,189.6,185.6,170.8,162.7,166.9,176.6
ED-0076,1883,31:23,184.2,165.8,168.5,166.8,172.3,184.3,190.4,183.6,169.6,161.5,166.5,176.0
ED-0076,1884,31:24,183.7,164.8,166.0,166.3,171.6,183.1,190.0,184.0,169.9,161.1,166.1,174.8
ED-0076,1885,31:25,183.0,165.5,167.3,165.4,171.5,183.2,190.1,183.3,169.3,161.8,166.4,175.0
ED-0076,1886,31:26,182.2,164.3,166.1,166.5,171.0,182.0,187.6,182.4,168.7,161.2,165.8,174.6
ED-0076,1887,31:27,182.3,163.6,166.3,165.5,171.2,181.3,187.7,181.4,169.2,160.5,165.3,174.0
ED-0076,1888,31:28,180.7,164.1,165.6,164.9,170.7,181.3,187.4,181.1,167.6,160.7,164.3,173.5
ED-0076,1889,31:29,181.2,163.1,165.8,164.8,169.9,179.9,186.7,179.9,168.2,159.9,163.9,173.5
ED-0076,1890,31:30,181.5,162.7,165.2,164.4,170.4,180.7,186.8,179.2,167.2,159.1,163.3,172.7
ED-0076,1891,31:31,180.5,163.2,163.9,164.0,169.7,179.0,185.3,180.4,167.3,158.6,162.8,172.5
ED-0076,1892,31:32,180.7,161.2,163.9,164.1,169.0,179.2,186.2,179.5,166.5,159.6,162.8,172.7
ED-0076,1893,31:33,180.5,161.0,164.3,163.5,168.2,179.5,184.9,178.8,166.6,158.2,161.9,171.6
ED-0076,1894,31:34,179.0,161.2,163.6,163.0,166.9,177.3,184.0,178.3,165.4,158.0,162.1,171.1
ED-0076,1895,31:35,179.8,160.8,161.8,162.3,166.6,177.2,183.3,178.2,164.7,158.4,161.2,171.3
ED-0076,1896,31:36,178.9,160.5,163.1,161.3,167.2,176.6,183.1,177.3,165.2,157.8,160.5,170.3
ED-0076,1897,31:37,178.4,159.9,161.3,161.3,166.1,176.9,181.9,177.0,164.3,156.5,160.5,170.6
ED-0076,1898,31:38,178.2,159.7,161.2,160.7,165.3,176.2,181.9,176.7,164.7,156.7,160.1,170.5
ED-0076,1899,31:39,177.9,159.2,161.1,160.5,165.4,174.6,181.3,176.6,164.3,156.4,160.0,169.9
ED-0076,1900,31:40,176.9,158.9,160.7,160.0,165.5,175.0,181.6,175.6,163.3,156.1,159.9,168.5
ED-0076,1901,31:41,176.4,158.6,160.5,159.7,164.5,173.9,180.7,174.8,162.8,156.0,159.3,168.5
ED-0076,1902,31:42,176.6,157.5,160.5,159.7,164.5,174.1,179.6,174.9,162.0,154.1,158.2,168.3
ED-0076,1903,31:43,176.3,157.9,158.5,159.6,163.1,173.7,180.0,174.2,162.1,155.5,157.8,168.4
ED-0076,1904,31:44,175.9,157.5,159.8,157.8,162.6,173.4,179.0,174.3,161.9,154.6,158.1,166.6
ED-0076,1905,31:45,175.3,156.7,158.9,159.1,162.9,172.8,178.8,172.7,161.2,152.9,157.4,167.1
ED-0076,1906,31:46,173.8,157.0,158.7,158.3,161.5,172.0,177.7,173.2,161.0,153.7,156.4,167.3
ED-0076,1907,31:47,173.8,155.6,158.3,158.1,161.7,172.0,176.4,172.9,161.1,153.0,156.9,166.7
ED-0076,1908,31:48,173.9,156.5,157.0,156.8,161.3,172.4,176.3,173.1,160.4,153.0,156.6,166.0
ED-0076,1909,31:49,173.3,154.8,158.0,156.3,160.9,170.6,176.8,172.2,160.0,152.1,156.9,165.9
ED-0076,1910,31:50,173.2,155.0,156.6,156.6,160.1,170.1,176.5,172.3,159.7,152.6,155.4,165.2
ED-0076,1911,31:51,172.9,154.6,156.8,156.2,159.7,169.5,175.2,170.0,158.2,150.9,155.5,165.0
ED-0076,1912,31:52,171.9,154.3,156.3,156.7,160.6,169.9,174.9,170.5,158.5,152.0,154.7,163.9
ED-0076,1913,31:53,172.3,153.7,156.8,154.7,159.7,168.5,174.6,169.8,158.6,151.0,153.7,165.3
ED-0076,1914,31:54,170.8,153.6,155.8,155.7,159.6,168.4,175.1,170.2,158.2,152.0,154.7,164.2
ED-0076,1915,31:55,170.9,153.5,154.2,155.3,158.2,168.3,174.7,169.5,158.1,149.9,153.6,163.9
ED-0076,1916,31:56,170.7,153.7,155.2,154.0,158.1,167.8,171.8,168.1,157.1,150.0,153.7,163.2
ED-0076,1917,31:57,170.6,152.7,154.9,153.9,157.8,166.5,172.4,168.3,156.9,149.6,153.1,163.0
ED-0076,1918,31:58,169.5,152.1,153.6,153.1,156.7,166.6,172.4,168.2,157.4,148.9,152.1,163.5
ED-0076,1919,31:59,169.4,152.1,153.8,153.3,157.0,165.2,172.2,167.1,156.8,148.8,151.8,162.8
ED-0076,1920,32:00,169.2,151.2,153.2,152.4,157.4,166.0,171.1,167.2,155.6,149.4,152.1,161.4
ED-0076,1921,32:01,168.9,151.7,153.5,152.5,156.2,166.1,170.3,166.6,155.6,149.1,151.2,161.4
ED-0076,1922,32:02,168.7,151.0,152.3,152.4,155.8,164.2,170.5,165.7,154.9,148.5,151.0,161.6
ED-0076,1923,32:03,167.6,150.8,152.5,152.2,155.6,165.3,169.9,165.4,154.8,148.0,150.5,160.8
ED-0076,1924,32:04,167.8,149.3,151.9,151.9,155.3,164.2,169.3,165.5,154.1,147.1,150.9,160.8
ED-0076,1925,32:05,167.6,149.8,151.9,151.2,154.0,163.4,169.6,164.7,155.0,146.6,150.6,159.6
ED-0076,1926,32:06,166.7,147.9,151.9,151.4,154.6,163.1,168.1,164.0,153.6,147.4,149.2,159.8
ED-0076,1927,32:07,167.0,149.2,150.3,151.6,154.2,162.2,167.9,163.0,153.8,147.0,148.8,159.7
ED-0076,1928,32:08,166.3,148.2,151.1,150.8,154.0,162.1,167.9,163.1,153.0,146.3,148.5,159.0
ED-0076,1929,32:09,165.5,148.4,150.1,150.1,152.9,162.4,167.0,162.5,152.8,145.3,148.6,159.2
ED-0076,1930,32:10,166.4,148.2,150.0,149.2,152.2,161.1,167.1,161.7,152.4,145.6,148.3,157.9
ED-0076,1931,32:11,165.5,147.2,149.4,149.2,152.2,161.5,166.8,161.2,152.4,144.5,148.1,158.4
ED-0076,1932,32:12,164.5,147.9,149.2,148.6,151.4,160.3,165.9,161.9,151.0,144.8,147.8,157.3
ED-0076,1933,32:13,164.8,146.4,148.9,148.8,151.0,158.9,164.9,161.4,150.7,145.5,147.5,157.7
ED-0076,1934,32:14,164.0,145.6,149.0,148.0,151.3,160.4,164.8,159.9,151.7,144.5,146.6,156.7
ED-0076,1935,32:15,163.8,146.8,148.2,147.9,150.5,159.2,164.8,160.5,150.9,144.7,145.9,156.5
ED-0076,1936,32:16,163.8,145.6,147.1,147.9,150.5,158.5,163.7,159.1,150.2,143.7,146.4,156.1
ED-0076,1937,32:17,163.5,144.9,148.2,147.6,150.1,158.5,162.9,159.3,149.1,142.9,146.1,156.6
ED-0076,1938,32:18,161.5,144.5,148.5,148.4,149.6,158.1,163.0,158.9,150.2,143.4,144.7,156.2
ED-0076,1939,32:19,162.7,144.5,147.4,147.4,148.9,157.3,162.0,158.5,149.1,141.7,145.3,155.3
ED-0076,1940,32:20,162.0,144.3,146.0,146.5,148.6,156.9,162.8,157.8,148.7,142.3,144.5,154.7
ED-0076,1941,32:21,161.5,144.7,145.8,146.3,149.0,157.4,162.1,156.8,147.9,142.4,144.4,155.0
ED-0076,1942,32:22,161.1,143.4,146.5,145.6,147.2,156.7,160.8,158.0,147.6,141.8,145.1,154.8
ED-0076,1943,32:23,160.7,144.1,145.4,145.4,147.5,155.7,160.0,156.9,146.8,141.7,143.8,154.1
ED-0076,1944,32:24,160.6,143.1,145.5,143.9,147.3,154.6,160.9,156.8,147.4,141.4,143.2,153.2
ED-0076,1945,32:25,159.9,141.8,145.1,144.6,147.2,155.9,160.8,156.0,146.9,140.7,143.3,153.0
ED-0076,1946,32:26,159.7,142.0,144.8,145.2,147.4,154.3,159.4,156.7,147.2,141.1,142.8,153.4
ED-0076,1947,32:27,160.2,140.9,143.4,143.6,146.7,154.7,159.9,155.4,146.5,140.2,142.1,152.6
ED-0076,1948,32:28,159.2,141.6,144.1,143.8,145.3,153.1,157.7,154.6,146.4,139.7,141.5,152.2
ED-0076,1949,32:29,159.2,141.4,143.2,143.3,145.5,153.7,157.5,154.0,146.1,140.8,140.8,152.4
ED-0076,1950,32:30,158.2,141.2,144.1,142.5,145.3,153.4,159.3,154.1,144.8,139.5,140.8,151.6
ED-0076,1951,32:31,158.3,140.2,142.9,143.3,143.9,152.8,157.1,154.3,144.7,138.8,141.1,151.2
ED-0076,1952,32:32,157.9,140.0,142.8,142.0,144.2,153.1,157.3,153.8,145.1,138.4,141.0,151.0
ED-0076,1953,32:33,158.2,139.4,142.0,141.9,143.5,151.7,156.9,153.0,144.2,139.0,140.3,150.2
ED-0076,1954,32:34,156.9,138.9,141.2,142.7,143.1,151.6,156.4,151.6,144.2,137.0,139.6,150.7
ED-0076,1955,32:35,157.4,139.9,141.0,141.1,143.3,151.3,156.1,152.8,144.5,137.0,139.7,150.1
ED-0076,1956,32:36,156.8,138.7,141.7,140.8,143.0,150.7,155.1,152.4,141.8,137.8,138.9,149.8
ED-0076,1957,32:37,156.7,139.8,141.1,141.0,142.5,150.5,155.2,151.9,142.8,135.7,139.0,148.6
ED-0076,1958,32:38,155.3,138.2,141.3,139.7,141.2,149.2,154.1,151.3,142.6,136.2,139.1,149.2
ED-0076,1959,32:39,155.6,138.6,140.8,140.8,141.4,149.1,154.0,151.4,142.1,136.9,138.9,150.4
ED-0076,1960,32:40,155.8,137.8,139.9,139.4,141.9,149.9,152.8,150.9,141.5,136.7,137.4,149.3
ED-0076,1961,32:41,155.0,136.5,139.5,140.0,140.7,148.5,153.1,150.3,142.5,135.6,137.5,147.1
ED-0076,1962,32:42,155.1,137.3,139.4,139.3,141.5,147.9,152.7,149.9,141.4,135.3,137.8,147.8
ED-0076,1963,32:43,154.2,136.0,139.3,139.6,139.7,147.4,153.3,149.6,141.9,134.5,136.9,147.8
ED-0076,1964,32:44,154.2,136.2,139.7,138.8,140.9,147.9,152.1,148.4,140.3,134.9,136.6,147.7
ED-0076,1965,32:45,154.0,135.8,138.6,137.8,139.7,147.3,151.3,149.3,139.9,135.5,136.0,146.7
ED-0076,1966,32:46,154.0,134.8,137.5,138.7,139.9,146.7,151.6,148.4,139.5,134.7,136.4,146.4
ED-0076,1967,32:47,153.5,135.1,137.6,137.3,138.7,146.1,151.3,148.3,141.5,133.9,135.2,146.3
ED-0076,1968,32:48,152.5,135.0,137.9,137.0,138.5,145.5,150.3,147.3,139.5,133.3,135.2,145.8
ED-0076,1969,32:49,152.8,134.2,137.4,136.9,138.1,144.7,150.4,146.6,139.4,133.1,134.6,146.0
ED-0076,1970,32:50,152.8,134.5,137.2,136.3,137.4,145.1,149.1,145.8,139.2,133.4,134.4,145.1
ED-0076,1971,32:51,152.3,134.1,136.4,136.4,137.7,144.8,149.4,146.3,139.4,132.8,134.3,145.2
ED-0076,1972,32:52,151.8,134.2,136.3,135.3,137.1,144.4,149.3,145.2,138.6,132.5,134.5,144.9
ED-0076,1973,32:53,151.9,133.9,135.7,136.1,136.8,144.3,148.9,144.9,137.8,132.2,133.9,144.1
ED-0076,1974,32:54,150.9,132.8,135.6,135.5,137.1,143.5,148.2,145.5,137.4,131.3,133.4,144.4
ED-0076,1975,32:55,150.8,134.0,135.1,135.9,136.4,142.7,146.9,145.3,137.4,131.9,132.3,144.1
ED-0076,1976,32:56,150.2,132.6,135.0,134.7,135.7,143.6,148.2,144.5,136.7,132.0,133.2,143.3
ED-0076,1977,32:57,149.6,132.5,135.2,134.8,135.1,143.0,146.4,144.7,136.3,131.1,131.8,143.6
ED-0076,1978,32:58,149.4,132.4,135.0,135.2,136.2,142.4,145.9,142.5,136.5,130.5,131.4,142.8
ED-0076,1979,32:59,149.5,132.6,134.7,134.5,134.6,141.0,145.6,142.3,136.1,130.7,132.3,142.7
ED-0076,1980,33:00,149.5,131.0,133.6,133.4,134.7,141.4,145.9,143.1,135.5,129.0,131.0,142.1
ED-0076,1981,33:01,148.8,131.2,133.1,134.2,134.6,140.5,145.5,143.1,136.1,129.8,131.4,141.9
ED-0076,1982,33:02,148.0,130.0,133.5,132.2,132.9,140.0,145.2,143.2,135.3,130.1,130.8,141.7
ED-0076,1983,33:03,147.9,131.1,133.6,133.7,132.7,139.5,144.5,141.7,134.8,129.1,130.0,140.8
ED-0076,1984,33:04,147.3,130.3,133.0,132.3,132.4,139.3,143.9,141.6,134.1,128.9,130.3,140.5
ED-0076,1985,33:05,147.5,129.1,133.0,132.6,132.5,139.2,143.8,142.0,133.8,129.3,129.5,140.0
ED-0076,1986,33:06,146.8,129.0,131.8,132.3,132.6,139.4,143.5,141.4,133.1,128.8,129.7,140.2
ED-0076,1987,33:07,147.1,129.3,131.4,131.4,132.0,138.7,142.8,141.2,133.2,128.1,129.9,140.6
ED-0076,1988,33:08,146.9,129.1,132.0,130.7,130.7,139.0,142.7,140.6,133.4,128.1,129.1,139.7
ED-0076,1989,33:09,145.8,128.9,130.9,131.5,131.7,138.3,142.7,139.0,132.3,127.7,128.7,140.1
ED-0076,1990,33:10,145.9,128.3,131.7,131.0,131.0,138.3,142.2,140.1,133.5,127.4,129.3,139.8
ED-0076,1991,33:11,146.1,127.4,129.8,130.7,131.2,138.9,141.6,139.9,132.2,127.4,127.8,139.5
ED-0076,1992,33:12,145.1,127.6,130.8,129.8,130.8,137.2,141.5,138.2,132.0,128.6,127.9,139.2
ED-0076,1993,33:13,145.2,126.8,130.1,129.9,129.9,137.1,140.4,138.6,131.2,127.4,128.0,138.8
ED-0076,1994,33:14,144.5,127.6,130.5,129.1,129.3,136.3,140.7,138.6,130.8,126.5,127.0,139.4
ED-0076,1995,33:15,143.7,126.7,129.7,129.9,130.0,135.7,141.3,138.0,130.8,126.4,127.3,138.5
ED-0076,1996,33:16,144.4,126.6,129.5,128.9,129.7,135.8,139.2,138.4,131.2,126.5,126.4,137.4
ED-0076,1997,33:17,143.6,126.2,128.0,129.1,128.6,135.2,139.9,136.7,129.9,126.3,126.7,137.2
ED-0076,1998,33:18,143.4,126.6,128.3,128.5,129.3,135.8,139.9,136.7,129.7,125.4,126.0,136.9
ED-0076,1999,33:19,143.5,126.2,128.0,127.0,128.8,135.6,139.0,135.5,130.7,124.4,126.1,136.8
ED-0076,2000,33:20,143.6,126.1,128.0,127.7,128.6,134.4,138.4,137.5,130.6,124.4,124.5,136.9
ED-0076,2001,33:21,142.2,124.8,127.1,126.8,128.2,134.5,138.8,135.6,129.8,125.1,125.3,136.7
ED-0076,2002,33:22,141.9,124.2,127.1,128.0,127.6,134.5,137.6,135.9,128.2,125.2,124.6,135.9
ED-0076,2003,33:23,142.3,124.1,126.3,127.1,128.0,133.8,137.5,135.4,129.3,123.4,124.5,135.9
ED-0076,2004,33:24,141.5,124.3,126.7,126.9,127.7,133.2,136.8,134.9,128.4,123.8,123.8,136.0
ED-0076,2005,33:25,141.7,124.0,127.1,126.7,126.5,132.7,135.9,133.7,128.3,123.8,124.3,135.6
ED-0076,2006,33:26,141.6,123.5,126.6,126.6,126.8,131.9,136.3,134.9,128.2,122.3,123.8,135.0
ED-0076,2007,33:27,141.0,123.4,125.9,126.6,125.1,132.3,136.2,132.8,128.1,122.9,124.0,134.8
ED-0076,2008,33:28,140.3,123.6,126.3,126.5,125.6,132.0,136.8,132.5,127.4,122.5,123.1,134.3
ED-0076,2009,33:29,140.2,121.8,126.1,126.0,125.2,131.5,134.7,133.2,127.4,122.8,122.8,134.2
ED-0076,2010,33:30,139.4,122.4,125.9,125.3,125.4,130.3,134.8,133.8,126.1,122.0,122.1,134.2
ED-0076,2011,33:31,139.3,122.9,124.9,125.9,125.4,131.2,134.7,132.4,126.5,121.2,122.7,133.1
ED-0076,2012,33:32,139.6,121.5,124.9,125.1,123.6,130.1,134.6,132.7,127.3,122.0,121.3,133.7
ED-0076,2013,33:33,139.2,121.4,125.1,124.5,124.4,130.1,134.1,132.1,126.6,120.8,122.1,132.5
ED-0076,2014,33:34,139.8,121.5,124.6,124.2,123.9,129.4,134.4,132.2,125.4,120.7,122.2,133.1
ED-0076,2015,33:35,138.5,122.4,124.3,124.1,124.0,129.5,134.3,132.0,125.5,121.3,121.5,131.9
ED-0076,2016,33:36,139.3,120.5,124.4,123.3,124.0,129.5,133.5,130.4,124.4,120.9,120.0,132.1
ED-0076,2017,33:37,138.0,120.5,123.4,123.5,122.1,129.1,132.7,130.4,125.2,120.4,120.6,131.5
ED-0076,2018,33:38,137.7,119.7,123.7,123.2,122.9,128.1,132.3,130.3,125.0,119.9,121.9,131.7
ED-0076,2019,33:39,138.2,120.3,123.4,123.3,122.2,128.3,132.2,129.9,124.8,119.7,119.5,130.7
ED-0076,2020,33:40,138.0,120.2,123.8,122.1,122.6,127.7,132.0,129.2,124.9,120.2,120.1,131.2
ED-0076,2021,33:41,137.0,120.1,122.7,122.1,122.6,127.7,131.5,130.1,124.3,119.2,118.7,131.5
ED-0076,2022,33:42,136.5,119.1,121.6,121.6,122.5,126.7,130.9,129.3,123.3,118.6,118.8,131.0
ED-0076,2023,33:43,136.4,118.7,121.7,121.3,120.3,126.4,130.8,128.6,122.8,119.8,118.6,130.0
ED-0076,2024,33:44,135.5,119.1,121.8,122.0,121.1,126.9,130.0,129.5,123.4,118.5,118.0,129.0
ED-0076,2025,33:45,136.8,119.3,122.0,121.5,121.3,125.7,129.7,127.9,123.3,117.9,118.9,130.1
ED-0076,2026,33:46,135.6,117.0,121.2,120.7,119.5,126.6,130.0,128.1,122.5,118.3,118.2,129.1
ED-0076,2027,33:47,135.7,118.1,120.3,120.0,120.1,126.4,128.9,127.7,122.9,117.1,117.9,129.6
ED-0076,2028,33:48,135.4,117.7,121.0,121.1,119.8,126.5,129.9,126.5,122.3,118.0,118.0,129.1
ED-0076,2029,33:49,134.8,117.8,119.5,119.9,119.4,125.0,128.2,126.5,122.1,117.6,116.8,129.6
ED-0076,2030,33:50,134.2,116.8,120.4,120.6,118.5,125.1,129.0,126.7,121.3,117.1,118.4,129.0
ED-0076,2031,33:51,135.0,116.5,120.1,120.3,119.9,125.1,128.0,126.0,121.4,117.2,117.8,128.6
ED-0076,2032,33:52,134.9,115.9,120.3,119.1,118.3,124.2,127.6,127.0,120.6,116.1,116.2,128.0
ED-0076,2033,33:53,133.5,116.4,118.7,120.3,117.9,123.2,127.9,125.5,120.7,116.2,116.5,128.0
ED-0076,2034,33:54,133.4,115.8,119.5,119.0,117.5,123.6,127.3,125.7,121.9,115.9,116.8,127.9
ED-0076,2035,33:55,133.1,115.1,118.3,118.8,117.9,122.3,126.6,124.7,121.5,116.2,116.1,126.3
ED-0076,2036,33:56,133.1,116.5,118.4,118.5,117.4,122.6,126.3,125.3,120.0,116.2,115.8,126.8
ED-0076,2037,33:57,133.1,115.5,117.9,117.5,117.3,122.5,126.6,124.9,120.1,115.2,114.5,127.4
ED-0076,2038,33:58,132.8,114.8,118.6,118.5,116.7,121.4,125.5,124.4,119.7,115.1,115.3,126.6
ED-0076,2039,33:59,132.1,114.8,117.4,116.8,116.3,121.9,125.8,123.1,118.9,114.8,113.9,126.8
ED-0076,2040,34:00,130.9,114.6,117.8,116.5,116.5,122.1,124.8,123.6,119.3,114.6,114.5,125.7
ED-0076,2041,34:01,131.0,113.9,117.4,117.3,116.5,121.5,124.7,124.1,118.1,114.0,114.0,125.8
ED-0076,2042,34:02,130.1,114.4,117.2,117.0,116.4,122.2,124.2,123.3,119.5,114.5,113.4,125.9
ED-0076,2043,34:03,130.6,113.9,117.2,116.7,116.3,120.3,124.0,123.2,117.0,114.4,113.9,125.8
ED-0076,2044,34:04,132.0,112.2,116.2,115.4,115.6,120.4,124.5,123.2,118.3,114.7,113.9,125.4
ED-0076,2045,34:05,131.1,113.7,116.9,115.7,115.4,120.9,123.9,122.9,118.0,114.0,113.5,124.1
ED-0076,2046,34:06,129.7,113.1,116.0,115.9,114.9,120.2,122.8,121.4,117.8,113.8,112.8,124.5
ED-0076,2047,34:07,128.8,112.7,115.6,115.5,114.3,119.0,122.8,121.4,117.2,113.4,113.5,124.4
ED-0076,2048,34:08,129.9,112.6,115.7,115.5,114.3,119.9,122.6,122.4,116.2,113.1,113.1,123.3
ED-0076,2049,34:09,130.0,112.4,115.2,115.4,114.2,119.6,122.9,121.8,116.6,112.7,113.1,123.8
ED-0076,2050,34:10,129.4,110.8,113.8,114.9,113.8,118.6,122.2,121.3,117.6,111.4,112.3,123.8
ED-0076,2051,34:11,129.4,111.8,115.6,113.6,113.7,118.6,122.4,120.8,116.3,111.8,112.2,123.5
ED-0076,2052,34:12,128.7,111.4,114.6,114.6,113.0,117.8,121.5,119.9,115.9,111.9,112.2,123.0
ED-0076,2053,34:13,129.2,111.8,114.4,114.4,112.0,118.4,121.1,120.1,116.5,111.6,111.2,122.2
ED-0076,2054,34:14,128.2,111.1,114.6,113.4,112.5,118.2,120.6,120.3,116.1,111.9,111.2,122.5
ED-0076,2055,34:15,127.6,111.4,114.0,114.3,112.8,117.3,120.4,118.8,115.3,111.5,111.4,122.0
ED-0076,2056,34:16,127.3,110.8,113.5,113.8,112.3,117.2,120.3,119.5,115.2,110.9,110.4,122.6
ED-0076,2057,34:17,127.5,110.3,113.0,113.4,112.6,116.6,121.0,119.0,114.8,110.8,109.9,122.5
ED-0076,2058,34:18,126.7,109.7,113.4,112.4,110.9,117.1,120.4,119.2,114.6,110.7,109.3,121.4
ED-0076,2059,34:19,126.4,109.7,113.0,113.9,111.2,116.4,119.6,118.8,114.8,110.2,109.1,121.8
ED-0076,2060,34:20,126.4,110.2,112.1,113.6,111.4,115.2,118.8,118.8,114.2,108.7,109.6,121.0
ED-0076,2061,34:21,126.4,110.2,113.0,111.9,110.6,116.4,119.7,117.4,113.3,110.6,109.6,120.5
ED-0076,2062,34:22,126.5,109.3,112.2,113.1,110.5,115.0,118.7,117.1,113.0,109.7,109.1,120.0
ED-0076,2063,34:23,126.1,108.5,111.1,111.7,110.0,115.1,118.4,117.2,112.6,109.1,108.7,120.2
ED-0076,2064,34:24,126.0,109.0,112.3,111.2,109.5,115.1,117.6,116.4,113.1,109.6,108.8,119.2
ED-0076,2065,34:25,125.4,108.4,111.4,111.9,109.4,115.1,118.4,116.8,112.5,109.1,108.2,121.0
ED-0076,2066,34:26,125.2,107.2,111.1,112.0,109.4,114.5,116.5,116.8,112.9,109.5,107.7,118.7
ED-0076,2067,34:27,124.5,108.7,110.6,111.1,110.0,114.7,116.3,116.4,111.4,108.8,108.3,119.7
ED-0076,2068,34:28,124.2,107.6,111.4,110.3,109.6,113.2,116.3,115.3,111.6,108.6,106.7,119.4
ED-0076,2069,34:29,123.4,107.4,110.8,111.5,108.9,114.5,116.2,114.7,112.0,108.1,107.7,118.9
ED-0076,2070,34:30,123.8,107.4,110.7,110.7,108.7,113.1,115.9,115.0,112.0,108.2,107.6,118.4
ED-0076,2071,34:31,124.0,107.3,110.7,109.4,108.4,113.3,116.0,114.4,111.4,107.9,107.4,118.0
ED-0076,2072,34:32,123.2,106.4,110.2,109.0,108.5,112.4,115.3,113.7,111.8,107.4,106.7,117.8
ED-0076,2073,34:33,123.7,108.1,109.7,108.8,108.7,112.9,115.7,115.0,111.8,107.2,107.2,117.7
ED-0076,2074,34:34,123.3,106.1,109.5,109.0,108.2,112.2,114.7,114.5,110.7,107.3,106.2,117.7
ED-0076,2075,34:35,123.0,105.7,109.5,108.9,107.9,111.7,113.9,114.5,110.1,106.7,106.1,117.8
ED-0076,2076,34:36,122.9,106.8,108.3,109.0,107.2,111.4,114.7,114.0,110.3,106.9,106.0,117.8
ED-0076,2077,34:37,123.5,105.6,109.4,108.7,106.8,111.8,114.9,114.5,110.2,106.2,106.0,117.2
ED-0076,2078,34:38,121.4,105.6,108.5,109.4,106.6,111.1,114.2,113.9,109.3,106.5,105.7,117.1
ED-0076,2079,34:39,121.3,105.1,108.5,108.5,106.6,111.2,113.4,113.3,110.5,106.4,105.7,116.4
ED-0076,2080,34:40,121.5,105.9,108.2,109.0,106.1,110.7,114.4,112.5,109.2,106.4,105.3,115.1
ED-0076,2081,34:41,122.2,105.1,108.6,107.6,105.8,110.5,114.1,112.4,109.1,106.2,105.4,116.4
ED-0076,2082,34:42,121.3,104.3,108.2,107.6,105.1,110.6,112.4,111.8,109.4,105.1,104.9,115.7
ED-0076,2083,34:43,120.9,104.1,107.5,107.3,105.7,108.8,112.6,112.2,109.3,104.6,104.3,115.3
ED-0076,2084,34:44,120.9,103.4,107.6,107.7,104.7,109.8,112.6,112.0,108.7,103.7,104.1,114.9
ED-0076,2085,34:45,120.8,103.9,107.6,106.5,105.0,110.3,112.5,111.7,109.0,104.9,103.9,115.7
ED-0076,2086,34:46,120.4,103.9,107.5,107.0,105.3,109.4,111.6,110.4,108.4,104.6,104.5,115.8
ED-0076,2087,34:47,120.3,103.3,107.3,106.2,104.2,108.9,111.7,110.3,107.8,103.7,104.2,114.8
ED-0076,2088,34:48,119.5,103.1,105.8,106.2,104.2,108.6,111.5,111.0,107.3,104.0,103.1,114.6
ED-0076,2089,34:49,119.9,103.1,106.4,106.2,103.7,108.3,111.3,110.5,106.7,103.3,103.0,114.6
ED-0076,2090,34:50,118.9,103.5,107.0,106.1,104.7,108.7,110.7,109.8,106.9,103.7,103.8,113.4
ED-0076,2091,34:51,119.4,103.5,106.3,106.0,103.6,109.2,111.0,110.4,106.8,104.2,102.2,114.0
ED-0076,2092,34:52,119.4,102.8,106.0,104.7,103.8,107.5,110.0,110.2,106.3,102.8,103.6,114.2
ED-0076,2093,34:53,119.4,102.4,105.6,105.2,102.5,107.1,109.6,109.7,107.5,102.8,103.1,113.8
ED-0076,2094,34:54,119.0,102.4,105.1,104.7,103.4,106.7,109.7,108.9,106.6,103.4,102.3,112.4
ED-0076,2095,34:55,118.5,102.3,105.0,104.0,102.7,107.7,109.8,108.6,106.2,102.6,101.6,113.5
ED-0076,2096,34:56,118.8,101.8,105.8,104.4,101.8,106.2,108.8,108.9,105.4,102.2,101.8,114.4
ED-0076,2097,34:57,117.6,100.8,104.8,103.7,101.7,105.9,108.5,108.3,105.7,102.7,101.3,112.6
ED-0076,2098,34:58,117.4,101.0,104.5,104.5,101.6,105.6,108.7,109.1,105.3,102.3,100.8,111.9
ED-0076,2099,34:59,116.8,100.8,104.3,104.6,102.2,105.6,107.9,107.9,106.4,100.9,100.3,111.1
ED-0076,2100,35:00,118.1,101.3,103.4,103.2,102.5,105.7,108.2,107.4,105.1,102.1,100.4,112.3
ED-0076,2101,35:01,117.6,101.1,103.7,104.5,101.5,105.9,108.1,107.5,105.1,101.8,101.0,113.0
ED-0076,2102,35:02,117.6,99.7,103.1,103.8,102.0,105.7,107.4,107.0,105.1,101.7,100.3,112.5
ED-0076,2103,35:03,117.0,99.8,103.0,103.3,100.6,105.8,108.5,107.3,104.5,100.9,99.6,110.7
ED-0076,2104,35:04,116.7,100.9,102.1,102.5,101.0,105.2,107.6,107.3,104.8,101.9,100.7,110.6
ED-0076,2105,35:05,115.8,100.3,103.6,103.4,99.9,104.1,106.7,106.6,103.9,100.1,99.9,111.6
ED-0076,2106,35:06,116.3,99.7,102.6,102.3,99.9,103.5,106.2,106.0,104.0,101.0,100.0,111.1
ED-0076,2107,35:07,116.6,99.3,102.6,101.4,99.5,104.2,107.2,106.2,102.8,101.4,98.6,109.7
ED-0076,2108,35:08,115.6,98.5,102.1,102.3,99.5,103.4,106.1,105.2,104.3,100.6,98.8,109.8
ED-0076,2109,35:09,115.7,99.1,102.0,102.9,100.1,104.3,106.0,105.9,103.1,99.9,99.1,109.6
ED-0076,2110,35:10,114.9,98.0,102.9,101.5,99.4,102.8,105.3,105.8,103.9,98.8,98.7,109.6
ED-0076,2111,35:11,113.9,98.6,101.9,101.1,99.0,102.5,105.4,105.2,103.5,99.6,97.8,110.1
ED-0076,2112,35:12,114.6,98.2,101.5,102.0,99.2,103.3,105.7,105.0,101.6,99.7,98.4,109.8
ED-0076,2113,35:13,114.3,97.9,101.7,100.7,98.5,103.2,105.3,104.3,102.1,98.3,98.4,108.7
ED-0076,2114,35:14,114.0,98.0,101.0,101.3,98.7,101.9,105.5,105.3,102.2,98.7,97.7,108.1
ED-0076,2115,35:15,113.6,97.4,100.2,101.1,98.2,102.3,104.8,104.2,101.5,99.3,97.9,108.2
ED-0076,2116,35:16,114.3,98.2,100.8,100.3,98.1,102.4,105.4,104.9,102.3,98.4,97.7,108.9
ED-0076,2117,35:17,113.2,98.1,101.3,100.2,97.9,101.6,103.0,103.7,101.4,98.6,97.7,109.1
ED-0076,2118,35:18,113.5,98.0,100.7,100.1,96.8,102.3,103.5,102.9,101.5,98.3,97.5,107.6
ED-0076,2119,35:19,112.9,98.3,99.6,99.9,97.5,100.7,103.8,103.9,101.1,98.0,97.7,108.0
ED-0076,2120,35:20,112.4,96.5,100.7,98.8,97.4,101.4,103.8,103.1,101.1,97.9,96.2,108.1
ED-0076,2121,35:21,113.0,97.3,99.8,100.0,97.7,100.5,103.2,103.3,101.4,97.5,96.9,108.0
ED-0076,2122,35:22,113.0,95.6,99.9,100.0,96.5,100.6,103.1,102.8,100.3,97.4,96.4,107.6
ED-0076,2123,35:23,112.2,95.3,98.9,99.0,96.6,101.3,102.2,101.1,100.3,96.9,95.9,106.9
ED-0076,2124,35:24,111.9,97.1,99.6,98.9,96.6,100.3,102.2,102.2,100.2,97.5,96.3,107.3
ED-0076,2125,35:25,111.7,95.4,99.6,99.4,96.8,99.7,102.6,102.8,100.7,96.8,95.9,106.9
ED-0076,2126,35:26,111.4,95.4,99.0,99.4,96.4,99.9,101.9,101.4,99.9,97.0,95.9,107.1
ED-0076,2127,35:27,111.2,94.8,97.3,98.5,96.1,99.1,101.5,101.9,99.3,97.2,95.0,106.2
ED-0076,2128,35:28,111.9,95.8,98.2,98.4,96.2,100.1,100.9,100.6,99.7,96.1,94.4,105.8
ED-0076,2129,35:29,111.5,94.2,98.0,97.3,95.5,99.4,101.4,101.8,98.4,96.2,94.8,105.2
ED-0076,2130,35:30,110.8,94.7,98.8,98.5,94.5,98.9,101.3,100.6,99.2,95.6,95.1,105.7
ED-0076,2131,35:31,110.1,94.9,97.6,98.3,95.9,98.8,101.1,101.1,99.4,95.2,95.0,105.9
ED-0076,2132,35:32,110.4,94.9,98.1,98.1,94.6,98.2,100.8,100.7,99.4,96.4,94.1,104.9
ED-0076,2133,35:33,110.1,94.4,98.2,97.3,94.9,98.5,100.1,100.6,98.6,94.7,94.4,104.2
ED-0076,2134,35:34,110.8,94.2,97.2,96.9,94.5,97.9,99.6,100.8,98.1,95.6,93.7,105.5
ED-0076,2135,35:35,110.0,94.1,97.1,97.2,95.1,96.7,100.4,100.4,97.0,95.0,93.6,105.1
ED-0076,2136,35:36,109.8,94.8,97.6,97.0,93.9,97.6,99.8,99.8,98.4,94.8,94.1,103.8
ED-0076,2137,35:37,110.4,94.0,96.6,96.3,94.3,97.3,99.0,99.7,96.9,94.4,92.7,104.8
ED-0076,2138,35:38,109.7,93.8,97.3,96.4,94.0,97.9,99.4,99.6,97.0,95.2,92.5,103.6
ED-0076,2139,35:39,108.8,92.7,96.4,96.4,94.0,96.8,100.2,98.2,96.9,94.8,93.5,104.7
ED-0076,2140,35:40,108.8,92.4,95.8,95.4,93.5,96.3,98.6,99.6,96.9,94.9,92.8,104.3
ED-0076,2141,35:41,108.5,92.7,96.8,96.7,92.8,97.4,99.4,98.9,96.4,94.6,93.1,103.7
ED-0076,2142,35:42,108.9,91.8,96.8,95.2,93.1,96.4,99.1,98.4,97.2,93.5,92.4,103.8
ED-0076,2143,35:43,108.3,92.7,95.9,94.4,92.9,95.1,98.7,97.9,96.5,93.5,92.5,103.5
ED-0076,2144,35:44,107.8,92.0,95.2,93.9,93.7,96.1,98.4,98.2,96.0,92.9,91.7,103.3
ED-0076,2145,35:45,107.6,91.6,95.6,95.0,91.5,96.0,97.9,97.8,95.3,93.3,92.6,103.3
ED-0076,2146,35:46,107.4,92.1,95.4,94.7,93.1,95.6,97.1,98.1,96.3,93.9,91.4,102.4
ED-0076,2147,35:47,107.1,91.2,95.2,94.3,92.8,94.8,97.3,97.3,95.9,92.5,91.0,101.8
ED-0076,2148,35:48,107.2,91.9,95.0,94.9,91.7,94.9,96.7,96.5,94.7,92.8,91.0,102.7
ED-0076,2149,35:49,106.5,90.2,94.3,94.3,90.5,95.5,97.5,96.5,95.0,93.4,91.3,102.2
ED-0076,2150,35:50,107.0,90.8,94.6,94.3,91.8,94.7,96.5,97.0,94.7,92.0,92.1,101.5
ED-0076,2151,35:51,106.2,91.5,93.7,94.0,91.1,93.2,96.7,97.3,95.2,92.2,90.7,101.6
ED-0076,2152,35:52,106.7,91.3,93.4,93.7,91.0,93.5,95.8,96.8,95.5,91.6,92.0,102.7
ED-0076,2153,35:53,106.0,91.0,94.2,94.4,91.2,93.0,96.4,96.0,95.2,91.6,90.4,101.0
ED-0076,2154,35:54,106.8,90.3,93.5,92.7,90.1,93.9,96.0,96.2,94.3,92.0,90.8,100.9
ED-0076,2155,35:55,105.7,90.3,93.7,92.8,90.6,93.7,96.1,96.0,94.8,91.9,89.8,100.7
ED-0076,2156,35:56,105.6,90.2,93.0,92.9,90.7,93.7,94.6,94.8,94.1,90.8,89.0,100.2
ED-0076,2157,35:57,104.6,90.6,92.8,93.7,90.2,94.0,95.3,94.7,93.9,92.1,90.0,101.3
ED-0076,2158,35:58,105.0,89.9,93.4,92.4,89.9,93.2,94.5,94.5,94.5,90.3,89.0,100.9
ED-0076,2159,35:59,104.3,89.9,93.8,91.8,89.0,93.5,95.5,94.9,93.9,91.8,89.2,99.4
ED-0076,2160,36:00,104.7,89.3,92.8,92.6,89.7,93.0,95.0,94.9,93.6,90.5,89.4,100.3
ED-0076,2161,36:01,104.1,89.2,92.8,93.1,89.2,92.5,93.7,94.6,93.2,91.0,88.1,101.0
ED-0076,2162,36:02,104.7,89.4,92.6,92.3,88.8,92.3,94.9,94.9,92.8,90.5,88.6,99.7
ED-0076,2163,36:03,104.4,88.8,92.2,92.2,89.2,92.1,93.6,92.8,92.9,90.1,88.7,99.9
ED-0076,2164,36:04,104.7,88.9,92.6,92.2,89.0,91.4,93.5,93.8,92.2,90.0,88.9,99.4
ED-0076,2165,36:05,103.9,89.0,91.4,91.4,88.9,92.0,93.9,93.6,93.1,90.4,88.3,98.6
ED-0076,2166,36:06,104.0,88.4,91.4,92.2,89.1,91.8,93.6,94.6,91.8,90.2,88.9,99.7
ED-0076,2167,36:07,104.1,87.8,90.9,91.5,87.8,91.6,93.5,93.7,92.9,89.0,88.8,99.2
ED-0076,2168,36:08,103.1,87.7,91.1,90.8,88.6,91.5,93.3,93.0,91.8,89.1,88.0,98.0
ED-0076,2169,36:09,103.9,88.1,91.4,90.7,88.0,91.2,91.3,93.7,92.0,89.3,87.3,98.3
ED-0076,2170,36:10,102.8,87.5,90.2,90.7,88.7,91.1,92.0,93.2,91.4,89.2,87.5,99.9
ED-0076,2171,36:11,102.9,88.2,90.8,91.0,87.5,90.7,91.8,92.6,91.3,88.7,88.1,98.0
ED-0076,2172,36:12,102.2,88.0,91.4,89.9,86.9,90.1,92.2,91.8,91.5,89.5,87.9,97.7
ED-0076,2173,36:13,101.5,87.8,89.9,89.1,87.8,90.1,92.0,93.0,91.0,88.7,87.0,97.8
ED-0076,2174,36:14,101.9,86.1,90.3,90.0,88.4,90.2,92.2,92.4,90.8,88.3,87.1,98.3
ED-0076,2175,36:15,102.6,87.0,90.4,89.8,87.2,89.4,91.0,91.3,90.1,87.6,86.5,97.4
ED-0076,2176,36:16,102.2,86.6,90.0,89.7,87.8,89.5,91.0,92.7,90.6,88.0,86.0,97.6
ED-0076,2177,36:17,100.8,87.0,90.3,89.0,86.1,89.4,91.1,91.0,89.5,88.1,86.6,96.8
ED-0076,2178,36:18,101.5,86.1,89.6,89.4,87.0,89.2,90.3,91.2,89.7,88.3,86.1,96.4
ED-0076,2179,36:19,101.5,86.0,89.1,89.3,86.3,89.7,90.7,91.4,90.4,88.3,86.6,95.9
ED-0076,2180,36:20,100.9,86.3,89.4,89.6,85.1,88.4,90.7,89.9,89.8,87.8,86.3,96.4
ED-0076,2181,36:21,100.6,86.6,89.1,88.5,84.6,89.0,91.4,90.3,89.2,87.1,85.1,96.8
ED-0076,2182,36:22,101.0,85.2,89.3,88.6,85.5,88.3,90.1,90.2,89.7,87.0,85.7,96.6
ED-0076,2183,36:23,100.8,86.2,88.7,89.4,85.9,88.5,90.3,90.6,88.8,86.6,85.2,95.6
ED-0076,2184,36:24,100.1,85.7,88.7,88.4,85.4,88.1,90.7,90.3,89.8,85.8,85.2,95.6
ED-0076,2185,36:25,100.9,85.3,88.9,88.2,85.1,88.0,90.0,89.9,88.7,87.3,85.2,95.7
ED-0076,2186,36:26,100.7,85.4,87.8,87.3,86.0,87.7,89.9,88.8,88.9,86.6,85.3,95.5
ED-0076,2187,36:27,100.3,85.1,88.2,87.8,84.3,87.6,88.8,89.2,88.7,85.9,84.9,95.4
ED-0076,2188,36:28,99.9,84.8,88.4,87.8,84.6,88.0,89.3,89.7,88.9,86.1,85.2,95.5
ED-0076,2189,36:29,100.1,85.3,87.3,87.0,84.9,88.0,88.8,90.2,88.3,86.6,84.5,95.5
ED-0076,2190,36:30,99.0,85.0,87.5,88.1,84.1,87.8,89.3,90.0,89.7,85.7,84.9,95.4
ED-0076,2191,36:31,99.5,84.3,87.2,88.1,83.6,86.9,88.8,87.6,88.9,85.5,84.1,94.2
ED-0076,2192,36:32,98.5,84.6,87.7,86.6,83.7,86.3,87.8,89.5,87.8,85.5,84.1,93.0
ED-0076,2193,36:33,97.8,82.5,87.2,87.6,84.2,85.9,88.7,89.2,88.2,85.0,83.7,94.5
ED-0076,2194,36:34,98.4,84.0,87.2,86.8,83.5,86.1,87.8,88.3,88.0,85.7,83.9,94.3
ED-0076,2195,36:35,98.0,83.8,86.5,87.1,83.3,86.8,88.2,88.8,88.3,85.9,83.6,93.7
ED-0076,2196,36:36,98.7,83.9,86.5,87.7,83.5,85.7,88.3,87.6,87.0,84.8,83.3,94.2
ED-0076,2197,36:37,98.8,83.5,86.4,87.0,83.1,85.8,87.4,87.9,87.6,85.0,82.5,93.3
ED-0076,2198,36:38,98.0,83.6,86.3,86.0,83.1,84.8,87.6,88.3,86.9,85.5,83.6,93.9
ED-0076,2199,36:39,97.0,83.9,86.8,86.4,82.6,85.6,86.8,87.7,86.4,84.9,82.9,92.7
ED-0076,2200,36:40,97.8,83.5,86.6,86.9,82.6,85.1,86.4,87.1,87.2,85.2,82.6,93.8
ED-0076,2201,36:41,97.4,82.6,85.3,85.2,83.0,85.0,85.9,87.9,86.7,84.0,82.2,93.6
ED-0076,2202,36:42,97.0,82.3,86.5,86.8,83.4,84.8,87.3,86.7,86.4,83.5,81.9,92.5
ED-0076,2203,36:43,97.3,82.7,85.0,85.3,81.6,84.7,86.4,86.2,86.6,84.8,82.4,92.7
ED-0076,2204,36:44,96.4,82.5,85.4,85.3,82.4,84.2,87.4,86.9,86.9,83.9,82.7,92.3
ED-0076,2205,36:45,96.8,82.2,85.8,84.2,82.1,84.5,85.7,86.7,86.2,84.6,82.1,91.6
ED-0076,2206,36:46,96.2,82.4,85.7,84.9,81.9,83.6,86.1,86.7,84.9,84.1,82.0,92.1
ED-0076,2207,36:47,96.4,82.3,84.3,85.1,81.8,84.4,85.7,86.3,85.2,84.0,81.7,92.0
ED-0076,2208,36:48,96.9,81.9,85.9,83.7,81.6,84.0,85.5,86.5,85.5,83.4,81.0,92.2
ED-0076,2209,36:49,96.7,81.2,84.2,84.0,81.8,83.7,84.9,86.6,85.5,84.2,81.7,92.4
ED-0076,2210,36:50,95.5,81.7,85.1,83.9,81.9,83.5,84.7,86.3,85.1,82.8,81.1,92.2
ED-0076,2211,36:51,96.2,80.8,84.8,83.6,81.0,83.8,84.9,85.7,85.5,82.7,81.5,92.3
ED-0076,2212,36:52,96.0,81.9,83.3,85.1,81.4,83.1,84.7,85.3,84.8,82.6,80.5,91.4
ED-0076,2213,36:53,96.2,81.1,84.3,84.1,81.4,83.6,85.3,85.0,85.0,83.2,81.9,91.1
ED-0076,2214,36:54,94.7,80.7,84.5,83.1,80.9,83.0,84.5,85.0,85.0,82.8,80.7,91.5
ED-0076,2215,36:55,94.1,80.7,84.1,83.9,81.3,82.5,85.0,85.2,84.4,82.7,81.0,91.5
ED-0076,2216,36:56,93.8,80.1,84.4,83.3,80.6,82.5,84.0,84.8,83.8,81.5,80.0,90.7
ED-0076,2217,36:57,95.5,80.3,83.2,83.7,79.2,82.8,83.9,83.5,84.7,81.4,80.6,90.8
ED-0076,2218,36:58,94.6,80.5,84.0,83.4,79.9,81.9,84.3,84.5,83.2,81.7,80.8,89.8
ED-0076,2219,36:59,95.3,80.2,83.1,83.2,80.2,81.4,83.9,84.1,83.3,81.8,80.2,90.5
ED-0076,2220,37:00,94.4,80.3,83.3,83.1,79.8,82.2,83.8,84.2,83.6,81.2,79.5,90.5
ED-0076,2221,37:01,94.0,79.6,83.5,82.5,79.7,82.1,83.1,84.3,83.7,81.5,80.1,90.5
ED-0076,2222,37:02,94.5,79.3,82.9,82.8,78.9,82.4,82.9,84.3,83.5,82.0,78.5,89.9
ED-0076,2223,37:03,94.6,79.5,81.9,82.9,79.6,81.7,83.1,82.4,82.6,81.3,79.7,89.5
ED-0076,2224,37:04,94.1,79.1,82.2,82.5,79.7,82.0,82.7,83.4,83.4,81.2,79.3,90.0
ED-0076,2225,37:05,94.1,79.7,82.8,81.9,79.6,82.2,83.6,82.3,82.4,80.2,79.2,89.5
ED-0076,2226,37:06,93.8,79.2,81.7,82.9,78.9,81.9,82.1,81.9,82.6,80.3,78.3,89.2
ED-0076,2227,37:07,93.1,78.5,81.3,81.8,78.3,80.6,82.5,82.8,82.7,80.1,78.8,89.3
ED-0076,2228,37:08,92.6,79.0,82.0,82.0,78.8,80.8,80.9,82.9,83.3,80.4,78.8,89.8
ED-0076,2229,37:09,92.9,78.9,81.9,81.9,77.6,80.0,80.8,83.3,82.3,79.0,78.4,88.5
ED-0076,2230,37:10,92.8,78.9,81.5,81.2,78.5,80.5,82.0,81.6,82.4,80.2,79.1,87.9
ED-0076,2231,37:11,92.4,79.0,81.3,81.7,77.7,80.2,81.6,81.5,82.8,79.3,78.8,88.2
ED-0076,2232,37:12,92.3,78.3,81.5,80.7,77.6,79.8,82.1,81.4,81.8,80.2,78.4,87.6
ED-0076,2233,37:13,91.6,79.0,81.6,81.3,78.2,81.2,81.4,81.1,81.7,79.8,77.1,87.9
ED-0076,2234,37:14,92.6,77.8,80.7,80.5,77.6,80.2,81.9,81.8,81.7,79.4,78.0,88.3
ED-0076,2235,37:15,92.2,77.6,80.6,80.9,77.9,78.7,81.1,82.0,82.5,79.6,78.3,88.0
ED-0076,2236,37:16,90.4,77.8,81.0,79.8,77.4,80.4,80.7,81.9,81.2,79.7,77.4,87.1
ED-0076,2237,37:17,91.7,77.5,80.9,80.5,77.7,79.8,80.6,81.0,81.2,78.8,76.5,87.1
ED-0076,2238,37:18,91.0,78.1,80.6,80.8,77.1,78.8,80.8,81.0,81.5,79.2,77.0,87.2
ED-0076,2239,37:19,90.5,77.6,81.0,80.2,77.8,79.4,80.2,81.2,81.0,79.5,76.9,87.4
ED-0076,2240,37:20,91.3,77.9,80.2,80.1,76.6,79.8,79.6,81.5,80.7,79.1,76.8,87.1
ED-0076,2241,37:21,90.6,77.0,80.0,79.8,76.5,78.8,80.1,81.3,80.5,80.1,76.1,87.8
ED-0076,2242,37:22,90.8,76.9,80.0,79.7,76.7,78.0,79.3,80.4,81.2,79.3,77.1,87.0
ED-0076,2243,37:23,90.6,77.4,80.5,80.1,75.8,78.9,80.1,80.6,80.1,78.5,76.8,86.3
ED-0076,2244,37:24,91.6,77.3,79.6,79.5,76.2,77.9,80.0,79.6,80.2,78.0,76.4,88.1
ED-0076,2245,37:25,90.7,75.7,79.9,79.1,76.1,77.5,80.0,80.0,79.8,78.4,76.4,86.2
ED-0076,2246,37:26,90.2,77.1,80.0,79.7,76.9,77.8,79.4,79.2,80.0,77.7,76.6,86.2
ED-0076,2247,37:27,91.6,76.3,79.7,79.7,75.6,78.5,80.0,79.9,79.5,78.9,75.7,85.6
ED-0076,2248,37:28,89.8,75.9,79.3,79.6,75.6,78.5,78.9,79.3,79.1,77.9,75.7,86.1
ED-0076,2249,37:29,90.7,75.7,79.8,79.1,75.6,77.9,78.9,79.1,80.0,77.2,76.1,84.8
ED-0076,2250,37:30,89.6,75.5,79.2,78.9,76.0,77.7,78.7,79.6,80.5,77.7,75.8,85.4
ED-0076,2251,37:31,89.8,75.9,78.7,78.0,75.8,77.0,79.8,78.5,78.5,76.8,76.2,85.5
ED-0076,2252,37:32,90.7,75.9,78.6,78.1,74.9,77.3,78.3,79.4,78.7,77.2,76.4,85.6
ED-0076,2253,37:33,89.3,75.6,78.6,78.8,74.6,76.7,78.4,78.7,79.6,76.8,76.0,85.2
ED-0076,2254,37:34,89.9,75.1,78.8,78.6,74.2,77.3,77.5,79.7,78.2,77.5,74.6,85.4
ED-0076,2255,37:35,89.6,74.8,78.2,78.9,75.6,77.0,77.6,80.0,78.7,78.1,76.1,85.3
ED-0076,2256,37:36,88.8,74.5,78.0,78.4,75.3,76.9,78.0,77.5,78.0,76.8,74.9,84.9
ED-0076,2257,37:37,89.7,74.3,78.4,78.0,74.2,75.9,77.4,78.0,78.8,76.8,73.4,85.2
ED-0076,2258,37:38,87.9,75.0,77.7,78.6,74.5,77.0,77.7,77.9,78.3,76.8,74.9,84.4
ED-0076,2259,37:39,88.1,74.2,78.0,79.0,74.0,76.3,77.4,78.1,78.8,77.0,75.2,84.9
ED-0076,2260,37:40,87.5,74.8,78.6,77.6,73.6,75.4,76.1,78.4,77.8,75.9,74.0,84.7
ED-0076,2261,37:41,88.1,74.9,76.7,77.5,73.5,76.0,75.5,77.5,77.6,76.8,74.3,84.1
ED-0076,2262,37:42,88.7,73.1,77.2,76.5,74.1,75.5,77.6,77.9,77.6,76.3,74.2,83.7
ED-0076,2263,37:43,87.9,73.8,77.6,77.0,73.0,75.2,75.8,77.4,78.2,75.8,73.4,84.0
ED-0076,2264,37:44,87.5,74.7,77.4,76.7,73.5,75.9,77.3,76.6,77.7,75.7,74.5,82.9
ED-0076,2265,37:45,87.6,73.4,77.1,77.7,73.0,75.7,76.7,77.2,77.9,75.6,73.6,84.1
ED-0076,2266,37:46,88.0,73.6,77.8,76.3,73.8,75.3,76.9,76.8,77.3,76.2,72.9,83.8
ED-0076,2267,37:47,86.9,73.1,76.6,76.4,73.1,76.0,76.3,76.9,77.4,75.8,72.7,84.1
ED-0076,2268,37:48,87.4,73.9,76.4,76.0,73.9,75.4,75.8,77.0,77.2,76.2,72.7,83.0
ED-0076,2269,37:49,86.6,73.7,75.6,77.2,72.6,74.7,75.9,76.7,77.3,75.1,73.1,83.8
ED-0076,2270,37:50,86.7,73.5,76.1,76.6,72.8,74.8,76.6,77.0,76.5,75.5,72.3,81.9
ED-0076,2271,37:51,86.3,73.6,76.0,76.4,73.7,74.0,76.1,76.7,76.2,76.6,73.4,82.7
ED-0076,2272,37:52,86.9,73.2,75.4,76.1,72.5,75.0,75.7,76.1,76.2,74.5,73.2,82.5
ED-0076,2273,37:53,86.1,73.0,76.2,75.6,72.0,74.3,75.3,77.3,76.8,74.4,73.1,82.8
ED-0076,2274,37:54,85.8,72.8,76.5,75.8,72.0,74.9,75.7,76.7,75.9,75.1,72.0,82.2
ED-0076,2275,37:55,86.1,72.7,76.2,76.5,72.2,74.1,74.9,75.8,76.5,74.4,73.1,82.6
ED-0076,2276,37:56,86.0,72.9,75.3,75.6,72.1,74.7,75.1,75.2,75.9,73.8,72.7,80.7
ED-0076,2277,37:57,85.9,72.4,75.7,75.8,71.4,74.4,74.0,75.1,75.4,74.7,73.0,82.3
ED-0076,2278,37:58,85.4,72.6,75.8,75.4,71.0,73.9,74.5,75.6,76.4,74.8,72.8,80.9
ED-0076,2279,37:59,85.6,72.4,74.5,75.1,70.6,74.4,74.2,74.7,74.4,73.8,72.9,82.4
ED-0076,2280,38:00,85.6,72.0,75.2,74.7,72.0,73.0,75.0,75.4,75.6,74.5,71.4,82.5
ED-0076,2281,38:01,85.3,72.1,75.4,74.9,71.9,73.3,73.5,74.7,75.3,73.6,72.8,82.0
ED-0076,2282,38:02,85.1,71.9,75.4,74.4,72.0,73.6,73.3,75.1,75.8,73.5,71.9,81.2
ED-0076,2283,38:03,84.6,71.6,74.6,75.0,71.5,72.6,74.5,75.0,76.2,74.2,71.1,80.9
ED-0076,2284,38:04,84.7,71.5,74.9,74.7,71.6,72.9,73.7,74.9,75.3,74.4,71.1,80.6
ED-0076,2285,38:05,84.4,72.0,73.7,73.9,71.2,72.4,73.7,74.6,74.8,73.4,71.2,80.8
ED-0076,2286,38:06,84.9,70.6,73.7,74.8,71.4,71.6,73.4,75.2,74.8,72.8,71.9,80.5
ED-0076,2287,38:07,84.0,70.8,74.9,74.1,70.9,72.5,74.5,73.8,75.7,73.2,71.2,81.3
ED-0076,2288,38:08,84.1,71.1,75.1,73.7,70.9,72.3,73.5,74.0,75.7,73.9,70.8,80.5
ED-0076,2289,38:09,84.7,71.4,73.7,73.5,70.4,71.6,73.8,73.6,73.8,72.7,72.1,81.0
ED-0076,2290,38:10,83.5,70.4,73.7,73.2,70.3,71.8,72.6,73.0,73.5,73.7,71.1,79.7
ED-0076,2291,38:11,83.6,70.6,73.1,74.6,70.1,71.9,72.3,73.5,73.6,72.4,71.0,80.4
ED-0076,2292,38:12,84.3,71.0,74.2,74.1,70.1,71.5,73.5,73.9,74.3,73.2,71.1,80.6
ED-0076,2293,38:13,83.8,70.8,73.4,73.2,70.2,71.8,73.2,73.1,74.7,72.5,70.3,80.0
ED-0076,2294,38:14,82.6,69.3,73.9,74.0,69.0,72.0,72.9,72.3,73.8,72.6,70.4,80.4
ED-0076,2295,38:15,84.0,70.6,73.3,72.4,69.8,71.5,72.2,72.6,73.7,71.5,70.5,80.4
ED-0076,2296,38:16,82.5,71.0,73.0,73.3,69.2,71.9,72.4,72.8,73.0,72.2,70.7,79.8
ED-0076,2297,38:17,83.3,70.2,73.2,73.9,69.6,71.9,73.2,73.6,74.1,72.2,69.9,79.6
ED-0076,2298,38:18,83.4,70.7,72.9,72.6,69.4,69.7,72.6,73.2,73.3,72.0,70.5,79.5
ED-0076,2299,38:19,83.2,69.8,72.8,73.0,69.2,70.6,72.5,72.5,74.2,71.8,69.0,79.0
ED-0076,2300,38:20,82.1,69.5,72.3,73.0,68.7,70.5,71.0,72.4,73.2,71.9,70.2,80.2
ED-0076,2301,38:21,82.0,69.7,73.0,72.5,68.7,70.6,72.2,72.7,73.2,73.0,69.3,78.8
ED-0076,2302,38:22,82.9,70.0,72.5,73.0,69.4,70.4,71.8,72.8,72.8,71.2,69.9,79.7
ED-0076,2303,38:23,82.6,69.5,72.1,71.6,68.5,70.7,70.5,73.1,72.3,71.9,69.6,79.0
ED-0076,2304,38:24,81.6,68.6,72.4,71.4,69.1,70.9,71.9,71.8,72.5,72.0,70.3,78.1
ED-0076,2305,38:25,81.3,69.7,73.1,72.7,68.9,70.5,72.1,72.6,72.8,70.7,68.8,77.5
ED-0076,2306,38:26,82.0,70.0,72.5,72.3,68.3,70.4,71.8,72.2,73.0,71.5,69.2,78.7
ED-0076,2307,38:27,81.7,70.6,72.4,71.7,68.5,70.0,70.9,71.0,73.1,70.2,69.4,78.7
ED-0076,2308,38:28,81.6,69.9,72.0,71.3,68.0,70.0,70.8,72.1,72.5,70.1,69.3,77.3
ED-0076,2309,38:29,82.2,68.5,71.5,71.6,68.7,69.8,71.3,71.0,72.2,70.8,68.0,77.5
ED-0076,2310,38:30,81.6,69.1,72.1,71.8,69.2,69.6,70.4,71.6,72.1,71.5,68.6,78.7
ED-0076,2311,38:31,81.9,69.6,71.9,71.7,67.8,70.2,70.5,71.4,71.6,70.7,68.7,78.5
ED-0076,2312,38:32,81.3,68.4,71.2,71.3,67.6,69.0,71.0,71.2,72.6,70.0,69.4,78.0
ED-0076,2313,38:33,80.3,68.4,71.5,70.5,67.7,69.5,69.5,71.4,71.2,70.0,68.6,77.3
ED-0076,2314,38:34,80.9,68.6,71.8,70.7,67.3,69.2,70.7,71.1,71.5,70.5,68.1,77.4
ED-0076,2315,38:35,81.0,68.0,71.4,71.2,67.5,69.2,70.5,70.9,71.1,70.4,68.8,77.6
ED-0076,2316,38:36,81.1,67.9,71.6,71.2,67.5,68.4,69.7,70.5,71.3,70.2,68.5,77.6
ED-0076,2317,38:37,80.1,67.8,71.0,70.7,66.5,68.8,69.6,70.5,70.5,70.4,67.0,77.5
ED-0076,2318,38:38,80.2,68.2,70.5,71.3,66.4,67.7,70.7,71.3,70.9,69.7,66.8,77.5
ED-0076,2319,38:39,79.9,69.3,71.2,71.2,66.8,68.3,69.9,70.7,70.7,70.3,66.8,77.6
ED-0076,2320,38:40,80.7,68.0,70.4,70.7,67.3,68.8,69.8,70.5,70.6,69.8,67.4,76.7
ED-0076,2321,38:41,79.8,68.5,70.5,70.1,67.2,68.5,69.5,69.7,70.5,69.6,67.7,76.1
ED-0076,2322,38:42,80.3,67.7,71.0,70.8,66.8,67.7,69.2,71.1,71.5,70.0,67.7,76.9
ED-0076,2323,38:43,80.0,67.5,70.5,71.0,66.4,68.6,69.2,70.4,69.6,69.3,67.3,76.5
ED-0076,2324,38:44,79.6,67.4,69.9,71.0,66.6,67.7,68.2,68.9,71.0,70.4,67.8,76.5
ED-0076,2325,38:45,79.5,67.2,70.3,69.7,66.3,67.5,68.3,70.0,71.3,68.7,67.4,76.6
ED-0076,2326,38:46,78.9,67.6,70.0,69.8,67.3,68.7,68.9,69.7,70.4,69.0,66.9,75.5
ED-0076,2327,38:47,78.9,67.3,70.9,70.4,65.4,67.7,68.6,69.1,70.2,70.0,67.5,76.1
ED-0076,2328,38:48,79.9,67.6,69.6,69.5,66.3,67.8,68.1,68.9,70.0,69.3,66.3,76.7
ED-0076,2329,38:49,78.4,66.9,68.6,70.0,65.6,66.8,68.0,68.9,69.5,67.9,66.5,76.3
ED-0076,2330,38:50,79.0,66.8,69.6,69.0,66.8,67.6,67.8,69.2,70.0,68.4,66.8,75.4
ED-0076,2331,38:51,78.9,66.7,68.8,69.9,65.2,66.7,67.5,68.6,70.1,68.2,66.9,75.5
ED-0076,2332,38:52,77.9,66.5,68.7,68.8,65.7,67.0,67.9,69.6,69.6,67.8,66.8,75.6
ED-0076,2333,38:53,79.5,65.8,68.7,68.3,65.6,68.3,67.4,68.3,69.0,67.8,67.1,75.3
ED-0076,2334,38:54,78.8,66.6,70.2,69.1,65.4,66.2,67.6,69.5,70.2,68.1,66.2,75.4
ED-0076,2335,38:55,78.1,66.4,68.9,69.3,65.3,66.4,67.4,68.4,69.9,68.1,66.2,75.1
ED-0076,2336,38:56,79.1,65.2,68.3,68.7,65.5,66.5,66.8,68.7,69.8,67.9,66.4,75.3
ED-0076,2337,38:57,78.8,66.7,69.3,68.5,65.2,67.2,67.3,67.6,69.7,67.4,65.4,73.4
ED-0076,2338,38:58,77.3,66.7,68.3,68.6,65.2,66.0,67.1,67.2,68.3,68.1,65.8,74.9
ED-0076,2339,38:59,78.2,65.0,68.1,69.1,66.4,66.5,66.6,68.1,68.3,67.4,66.3,74.2
ED-0076,2340,39:00,77.6,65.6,69.6,68.6,66.0,66.0,66.8,67.8,69.3,68.0,66.5,74.1
ED-0076,2341,39:01,77.8,65.9,69.1,68.5,65.8,65.9,66.8,67.0,69.4,67.8,66.0,75.0
ED-0076,2342,39:02,77.9,65.5,68.2,68.6,65.0,65.1,67.0,67.9,68.4,66.7,65.1,74.6
ED-0076,2343,39:03,76.7,65.8,68.1,68.1,63.9,66.0,66.4,67.9,69.1,67.8,65.4,73.8
ED-0076,2344,39:04,77.2,65.7,68.1,67.4,64.6,66.2,66.4,67.9,68.8,66.9,64.9,74.0
ED-0076,2345,39:05,77.0,65.1,67.7,68.5,64.1,65.7,66.0,67.3,68.8,66.4,64.5,73.6
ED-0076,2346,39:06,77.7,64.8,68.2,67.9,64.7,66.0,66.8,66.9,68.6,66.3,65.4,73.7
ED-0076,2347,39:07,77.0,64.7,68.1,68.0,64.1,65.4,66.0,67.8,67.4,67.7,65.0,74.2
ED-0076,2348,39:08,76.8,65.0,67.1,68.1,64.3,65.1,65.9,66.8,69.2,66.9,64.3,74.1
ED-0076,2349,39:09,76.6,65.0,68.1,66.9,64.3,65.3,65.1,67.8,67.4,67.0,65.5,73.9
ED-0076,2350,39:10,76.9,65.3,67.8,67.3,65.6,64.6,66.0,67.0,67.9,66.6,65.3,73.4
ED-0076,2351,39:11,76.9,65.6,67.0,67.3,63.8,64.6,65.4,66.3,67.6,67.9,64.4,72.7
ED-0076,2352,39:12,76.0,64.9,66.9,67.6,64.0,65.5,65.9,67.1,68.6,66.6,64.5,74.2
ED-0076,2353,39:13,75.8,64.8,67.4,66.8,63.8,65.4,66.2,66.2,67.6,67.5,63.5,73.1
ED-0076,2354,39:14,75.9,65.1,67.2,67.5,63.9,64.2,64.7,67.0,66.7,67.2,63.8,73.4
ED-0076,2355,39:15,75.7,64.6,67.2,66.5,63.8,64.6,64.9,65.8,67.5,66.0,65.2,72.7
ED-0076,2356,39:16,75.5,65.0,66.9,67.9,64.7,65.0,64.7,66.4,67.2,65.8,63.6,72.3
ED-0076,2357,39:17,76.6,64.5,66.9,67.2,63.6,64.1,65.1,66.3,66.3,66.5,63.8,71.8
ED-0076,2358,39:18,75.9,63.6,66.3,67.4,63.6,64.3,65.2,65.8,66.5,66.4,63.8,71.8
ED-0076,2359,39:19,74.5,64.2,66.5,66.7,62.6,64.9,64.4,66.1,66.9,65.8,63.9,72.2
ED-0076,2360,39:20,75.8,63.8,67.4,66.3,63.0,64.0,64.8,65.5,67.6,65.6,63.8,72.4
ED-0076,2361,39:21,75.1,63.4,66.2,67.3,62.8,64.2,64.7,65.6,66.5,64.9,63.8,72.4
ED-0076,2362,39:22,75.6,63.5,66.6,65.9,62.5,63.5,65.1,66.6,67.7,66.0,63.5,72.2
ED-0076,2363,39:23,74.3,63.7,67.1,67.0,63.0,63.9,64.6,66.5,67.3,65.3,63.0,71.4
ED-0076,2364,39:24,75.8,63.1,66.6,66.0,62.4,63.3,64.6,65.8,66.2,64.9,63.3,71.8
ED-0076,2365,39:25,74.6,64.0,65.9,66.4,63.1,63.6,63.5,65.7,66.1,66.0,63.1,72.2
ED-0076,2366,39:26,75.2,63.3,66.1,66.3,62.1,63.6,63.6,65.0,66.6,65.3,62.8,71.7
ED-0076,2367,39:27,74.8,63.4,66.5,66.1,61.9,63.1,64.4,64.9,67.2,65.7,62.7,70.7
ED-0076,2368,39:28,74.8,63.5,65.8,66.4,62.4,63.1,63.4,64.5,66.3,64.8,63.3,72.1
ED-0076,2369,39:29,74.5,63.3,65.7,65.2,62.1,62.7,64.3,65.5,66.3,65.0,61.7,71.4
ED-0076,2370,39:30,74.6,63.0,65.0,66.4,61.9,62.9,62.9,65.6,65.4,64.6,62.5,71.1
ED-0076,2371,39:31,74.1,62.8,66.2,65.2,62.6,63.3,63.1,64.5,66.1,64.7,64.0,71.5
ED-0076,2372,39:32,74.8,63.0,64.7,64.7,62.0,63.6,63.4,64.7,66.0,65.4,62.8,72.1
ED-0076,2373,39:33,74.3,62.4,64.9,65.1,61.0,62.8,63.1,64.2,65.7,64.0,62.1,71.2
ED-0076,2374,39:34,74.0,61.7,65.1,65.3,61.0,62.4,63.7,64.3,65.1,64.1,62.1,71.5
ED-0076,2375,39:35,73.3,62.6,65.4,64.8,61.5,62.8,63.4,63.4,64.1,65.1,62.6,71.4
ED-0076,2376,39:36,73.4,62.5,65.3,64.7,62.1,62.1,63.1,64.0,66.0,63.6,62.6,70.2
ED-0076,2377,39:37,74.2,62.6,65.6,64.6,60.7,62.5,63.9,65.0,65.4,64.1,63.2,71.5
ED-0076,2378,39:38,73.2,62.4,64.4,65.4,61.3,62.3,62.6,64.9,66.0,63.8,61.1,70.4
ED-0076,2379,39:39,73.3,62.6,64.3,64.7,61.4,63.4,62.1,63.2,64.8,64.5,61.8,71.2
ED-0076,2380,39:40,72.4,62.4,64.7,64.2,60.8,62.0,61.7,64.2,64.2,64.7,62.7,69.9
ED-0076,2381,39:41,74.1,61.7,64.6,65.0,60.7,62.0,62.8,63.7,64.7,63.8,60.8,70.0
ED-0076,2382,39:42,72.9,62.3,64.3,64.6,61.2,62.7,62.7,64.3,65.1,64.0,61.5,70.5
ED-0076,2383,39:43,74.6,62.4,64.5,64.8,60.3,62.3,62.2,63.7,64.5,64.1,61.4,70.5
ED-0076,2384,39:44,73.1,62.7,64.7,65.0,62.3,61.2,62.9,62.8,65.4,63.8,62.3,70.5
ED-0076,2385,39:45,72.5,62.5,65.5,64.3,60.4,62.1,62.5,63.1,65.7,63.4,60.8,70.2
ED-0076,2386,39:46,72.9,62.1,64.2,64.0,60.7,61.0,62.2,64.0,64.6,63.8,61.2,69.7
ED-0076,2387,39:47,73.5,61.3,63.4,64.7,59.8,61.2,62.3,63.0,64.4,63.5,60.8,69.6
ED-0076,2388,39:48,73.0,61.6,64.2,63.7,60.0,62.4,62.6,63.8,63.7,63.1,60.1,70.3
ED-0076,2389,39:49,71.3,61.9,64.1,62.9,60.6,61.5,62.0,63.5,64.9,62.2,61.0,70.4
ED-0076,2390,39:50,73.0,61.5,63.6,63.9,60.3,61.8,61.9,62.6,64.2,63.2,60.7,68.9
ED-0076,2391,39:51,72.1,61.5,64.1,63.8,59.7,60.1,62.2,63.0,62.9,63.3,60.4,69.5
ED-0076,2392,39:52,71.8,61.1,63.1,63.4,60.3,61.8,61.8,64.2,63.1,62.6,60.6,68.7
ED-0076,2393,39:53,72.8,60.8,64.4,63.8,59.8,60.8,62.1,62.6,63.4,63.5,61.0,69.1
ED-0076,2394,39:54,71.3,61.0,62.9,64.0,60.3,60.8,61.6,62.6,63.1,63.1,60.9,69.2
ED-0076,2395,39:55,71.8,61.2,63.3,63.4,59.4,60.9,61.7,63.2,62.8,62.6,61.4,67.9
ED-0076,2396,39:56,71.6,61.0,64.3,64.6,59.9,61.0,60.6,62.1,63.1,62.8,60.2,68.4
ED-0076,2397,39:57,70.7,60.5,62.6,63.4,59.8,60.8,61.2,62.4,63.5,63.0,60.6,67.9
ED-0076,2398,39:58,71.9,61.0,62.1,63.1,59.5,61.5,61.2,62.2,62.5,62.2,60.3,69.0
ED-0076,2399,39:59,70.7,60.8,62.8,62.2,59.7,61.0,61.4,62.1,63.2,62.3,60.6,67.7
