trial_id,time_s,time_mmss,T_LH_HOOD,T_LH_FENDER,T_LH_FRONT_DOOR,T_LH_REAR_DOOR,T_LH_Q_P,T_LH_T_G,T_RH_T_G,T_RH_Q_P,T_RH_REAR_DOOR,T_RH_FR_DOOR,T_RH_FENDER,T_RH_HOOD
ED-0033,0,00:00,34.5,34.0,34.8,35.1,34.4,35.3,34.9,35.3,34.9,35.4,36.0,34.9
ED-0033,1,00:01,35.2,35.0,35.7,34.2,34.5,35.2,34.7,33.7,35.2,34.9,35.5,35.0
ED-0033,2,00:02,34.9,35.1,35.3,33.4,34.4,35.7,35.4,34.5,36.2,35.4,34.9,34.8
ED-0033,3,00:03,34.9,35.6,35.5,34.7,34.7,34.9,34.7,34.6,35.6,34.6,34.5,35.6
ED-0033,4,00:04,34.6,35.7,35.0,36.1,34.4,36.1,36.4,34.9,35.0,33.8,35.3,35.1
ED-0033,5,00:05,35.9,34.3,34.9,34.9,35.2,36.0,35.3,35.0,34.0,34.9,35.2,34.6
ED-0033,6,00:06,35.2,34.8,33.8,35.3,35.2,34.5,34.4,35.1,34.9,34.7,35.1,33.8
ED-0033,7,00:07,34.2,35.3,34.6,34.8,34.9,34.4,36.8,35.6,35.2,35.0,35.7,35.3
ED-0033,8,00:08,35.7,35.6,34.9,35.7,34.2,35.8,35.1,34.4,35.0,34.7,34.6,35.4
ED-0033,9,00:09,34.8,34.5,35.4,34.6,33.9,34.7,35.4,35.4,34.2,35.5,34.7,34.7
ED-0033,10,00:10,35.1,34.9,35.2,35.2,34.7,34.7,35.6,34.5,34.3,34.4,35.2,34.6
ED-0033,11,00:11,34.7,35.1,35.2,34.8,34.9,35.1,35.5,35.5,34.9,35.0,36.5,35.7
ED-0033,12,00:12,36.0,34.9,35.0,35.0,34.4,35.2,35.3,35.8,34.9,34.3,34.7,34.5
ED-0033,13,00:13,34.2,34.9,34.5,35.7,35.4,34.3,33.7,34.1,34.2,35.8,34.9,35.7
ED-0033,14,00:14,34.7,34.4,36.5,35.2,34.6,34.7,35.6,35.5,35.4,35.4,36.1,34.2
ED-0033,15,00:15,35.9,34.0,34.5,36.0,35.5,35.1,34.3,34.2,33.9,36.2,35.5,35.4
ED-0033,16,00:16,35.3,36.2,35.0,34.7,36.0,35.9,34.5,34.2,35.8,34.2,34.5,34.9
ED-0033,17,00:17,34.8,34.4,34.8,34.6,35.0,34.8,35.7,35.2,35.7,34.5,34.6,34.2
ED-0033,18,00:18,35.5,34.5,34.2,35.5,35.3,34.9,35.3,34.8,35.5,35.3,34.9,35.6
ED-0033,19,00:19,34.6,36.2,35.4,35.3,35.0,34.7,34.4,34.7,34.4,36.1,35.0,35.2
ED-0033,20,00:20,35.8,34.6,35.3,36.2,34.8,35.6,34.7,35.0,35.7,35.0,35.2,35.0
ED-0033,21,00:21,34.9,35.1,34.2,34.8,34.7,35.0,35.0,34.8,35.7,35.0,35.3,35.3
ED-0033,22,00:22,35.3,35.0,35.9,35.3,36.1,35.5,34.7,34.5,34.9,35.1,35.1,34.8
ED-0033,23,00:23,34.5,34.4,36.1,36.4,35.4,34.5,34.4,34.6,35.3,35.0,35.8,34.6
ED-0033,24,00:24,35.6,35.4,34.8,36.0,34.4,36.1,34.9,35.9,34.8,35.4,35.4,34.4
ED-0033,25,00:25,34.9,34.9,34.9,35.8,34.9,34.5,34.9,34.6,34.5,35.1,35.8,35.7
ED-0033,26,00:26,34.6,35.4,34.9,35.0,35.7,34.9,35.4,35.1,35.1,35.2,35.8,34.9
ED-0033,27,00:27,34.6,34.0,35.6,35.1,34.5,34.1,35.1,33.8,35.1,35.1,35.8,36.1
ED-0033,28,00:28,35.9,35.4,34.4,34.6,35.1,34.5,35.2,35.5,35.0,35.0,35.3,35.5
ED-0033,29,00:29,35.3,35.4,35.1,35.2,34.7,34.6,35.4,35.6,36.2,35.6,35.9,35.1
ED-0033,30,00:30,34.3,34.8,35.7,35.0,35.5,34.5,35.3,34.7,35.0,34.9,34.5,35.0
ED-0033,31,00:31,34.9,35.5,34.6,34.6,34.4,35.2,34.9,36.0,35.6,34.9,34.1,35.6
ED-0033,32,00:32,35.0,34.4,34.6,34.9,36.1,35.5,35.0,35.2,35.4,35.3,35.5,35.1
ED-0033,33,00:33,34.9,35.9,35.1,36.1,36.4,35.0,35.0,34.8,35.0,35.6,35.5,35.7
ED-0033,34,00:34,34.4,34.9,34.6,35.6,35.1,36.0,35.2,35.1,34.9,34.8,35.6,35.5
ED-0033,35,00:35,35.3,35.4,35.1,36.1,35.6,34.4,35.5,34.8,34.6,35.2,35.7,35.2
ED-0033,36,00:36,35.7,35.3,35.2,34.4,34.5,36.4,33.9,34.9,35.5,35.1,34.7,34.8
ED-0033,37,00:37,34.4,34.8,35.0,35.7,34.7,33.7,35.0,35.3,34.8,35.8,36.0,35.5
ED-0033,38,00:38,34.7,36.4,35.8,34.3,34.3,34.8,35.5,35.3,36.1,35.5,36.1,35.6
ED-0033,39,00:39,35.4,35.7,35.4,34.9,35.1,35.1,35.7,35.2,35.2,36.2,34.7,34.6
ED-0033,40,00:40,35.5,35.4,36.1,35.3,33.9,34.5,35.2,35.3,34.7,35.3,35.6,34.1
ED-0033,41,00:41,35.1,35.6,35.3,35.3,34.3,35.3,35.4,35.2,34.7,34.8,34.8,35.4
ED-0033,42,00:42,34.7,34.7,36.1,35.1,34.8,35.2,34.8,34.3,34.8,35.4,35.4,33.7
ED-0033,43,00:43,35.2,35.3,35.5,35.4,35.2,35.2,36.4,35.2,35.2,35.3,35.7,36.0
ED-0033,44,00:44,34.8,34.5,36.1,36.2,35.4,35.8,34.9,34.1,34.7,35.5,35.4,35.4
ED-0033,45,00:45,34.9,34.8,34.8,35.2,34.8,35.4,34.5,34.4,34.7,34.8,35.3,34.7
ED-0033,46,00:46,35.6,34.9,35.4,35.8,33.9,34.8,35.6,35.0,35.4,35.4,36.2,35.2
ED-0033,47,00:47,34.7,36.4,35.8,35.4,34.7,34.2,34.5,34.8,35.0,35.6,34.8,34.5
ED-0033,48,00:48,34.6,35.3,35.4,35.2,33.9,34.4,35.5,34.4,34.7,35.8,34.4,34.9
ED-0033,49,00:49,35.9,35.1,35.1,34.8,36.1,34.6,34.3,35.2,35.5,35.8,35.3,33.7
ED-0033,50,00:50,35.3,35.1,34.7,34.1,34.4,34.4,35.3,34.9,35.6,35.5,34.8,35.8
ED-0033,51,00:51,35.1,35.3,35.6,34.4,35.2,34.5,34.1,36.0,36.1,34.7,35.3,35.4
ED-0033,52,00:52,35.2,35.6,35.3,35.9,35.0,35.6,34.8,35.2,35.6,35.5,34.5,35.3
ED-0033,53,00:53,34.2,35.7,35.3,36.5,35.2,35.1,34.4,35.3,35.3,34.9,35.6,35.6
ED-0033,54,00:54,34.6,35.5,35.7,35.2,34.4,35.2,34.5,34.6,35.3,35.9,35.8,36.0
ED-0033,55,00:55,35.0,35.3,35.2,36.1,34.2,35.3,34.7,35.7,35.0,35.9,35.4,35.6
ED-0033,56,00:56,34.4,35.4,35.4,35.8,35.0,34.7,34.0,35.0,35.9,35.6,36.1,34.7
ED-0033,57,00:57,35.2,35.3,35.1,36.4,34.9,35.3,35.9,35.5,35.4,34.7,35.1,35.1
ED-0033,58,00:58,34.8,34.9,35.0,34.7,34.2,34.3,34.8,35.1,36.3,34.6,35.5,34.9
ED-0033,59,00:59,35.1,35.4,36.0,35.6,35.4,34.6,35.0,36.3,34.5,34.9,35.3,35.4
ED-0033,60,01:00,35.3,35.5,34.6,35.2,35.3,34.4,35.4,35.6,37.1,34.0,34.9,34.8
ED-0033,61,01:01,34.6,35.9,36.2,34.0,35.4,34.8,35.2,35.5,35.3,35.7,36.5,34.8
ED-0033,62,01:02,35.7,35.6,34.4,35.4,35.2,35.4,35.0,35.1,35.2,35.3,35.0,34.4
ED-0033,63,01:03,34.7,35.5,35.5,35.3,35.7,34.8,35.3,35.2,36.8,35.8,35.4,34.7
ED-0033,64,01:04,35.7,34.6,34.6,35.8,35.5,35.2,34.8,34.7,35.3,36.8,35.0,34.8
ED-0033,65,01:05,35.1,35.3,35.1,35.0,35.1,34.8,36.0,35.1,35.7,35.9,35.3,35.5
ED-0033,66,01:06,35.2,35.3,35.2,35.7,35.2,34.0,34.6,34.7,35.2,35.4,35.3,35.2
ED-0033,67,01:07,35.0,35.2,35.6,36.6,35.5,36.1,34.7,35.1,36.1,35.5,35.5,35.4
ED-0033,68,01:08,35.2,34.6,35.6,36.2,35.2,34.9,35.4,34.7,35.5,35.1,34.8,36.3
ED-0033,69,01:09,35.2,35.5,36.3,36.1,35.1,35.1,35.8,34.2,35.9,35.2,35.0,35.4
ED-0033,70,01:10,35.8,35.4,35.5,35.3,35.3,35.4,35.2,34.4,36.1,35.8,35.5,35.4
ED-0033,71,01:11,35.4,35.4,36.0,35.5,35.3,35.5,36.2,35.6,34.8,35.6,36.6,35.3
ED-0033,72,01:12,34.9,35.1,36.4,35.5,35.3,34.9,34.4,34.8,35.1,35.3,35.3,36.6
ED-0033,73,01:13,35.1,35.7,35.7,35.2,34.7,36.2,35.3,34.9,35.6,35.5,35.7,35.3
ED-0033,74,01:14,35.4,35.0,36.9,35.7,35.1,35.1,35.5,34.4,35.9,35.5,36.1,35.3
ED-0033,75,01:15,36.6,35.6,36.0,35.6,35.2,34.8,36.3,35.9,35.3,35.6,35.7,36.1
ED-0033,76,01:16,36.1,34.6,36.0,35.2,35.7,35.7,35.4,34.8,35.7,35.5,35.8,35.7
ED-0033,77,01:17,36.2,35.2,35.4,36.1,35.4,35.9,36.2,34.8,36.3,35.1,34.8,36.1
ED-0033,78,01:18,35.2,34.4,35.6,35.4,35.9,35.5,35.8,35.6,35.6,36.3,35.2,35.8
ED-0033,79,01:19,35.6,36.5,35.9,36.3,34.2,34.9,35.0,35.4,35.6,36.4,36.3,34.8
ED-0033,80,01:20,35.9,35.3,35.3,35.4,34.8,35.3,36.1,35.1,35.4,36.2,35.3,35.7
ED-0033,81,01:21,34.9,35.7,36.0,36.3,35.6,35.3,34.4,35.5,35.9,35.9,35.5,35.5
ED-0033,82,01:22,35.8,35.9,36.5,35.6,35.5,35.3,35.3,36.4,35.9,35.7,35.1,34.3
ED-0033,83,01:23,36.0,35.7,35.9,36.6,35.6,35.5,35.7,35.7,35.8,36.4,35.9,34.3
ED-0033,84,01:24,35.8,35.4,35.4,35.4,34.8,35.4,35.7,35.3,36.7,35.8,35.3,35.5
ED-0033,85,01:25,35.7,35.3,35.7,36.1,35.7,35.6,35.7,35.4,36.3,36.6,35.5,35.8
ED-0033,86,01:26,35.8,36.9,37.4,35.4,35.3,35.3,35.2,35.2,36.0,35.8,35.6,35.1
ED-0033,87,01:27,35.5,35.8,35.5,36.3,35.9,35.6,35.1,35.3,35.6,35.2,35.4,36.1
ED-0033,88,01:28,36.1,35.5,35.4,34.9,36.2,35.7,35.7,35.0,36.3,36.0,35.9,35.7
ED-0033,89,01:29,36.1,35.8,36.0,35.5,35.9,35.4,35.9,35.5,35.2,36.9,35.8,35.7
ED-0033,90,01:30,35.1,36.2,36.6,35.8,35.1,34.8,35.4,36.2,36.1,36.1,36.1,36.0
ED-0033,91,01:31,35.9,36.2,36.3,36.8,36.0,35.4,36.0,35.8,35.5,35.8,36.3,35.8
ED-0033,92,01:32,35.9,35.2,36.7,35.4,34.9,35.2,35.0,36.0,35.2,37.0,36.1,35.1
ED-0033,93,01:33,35.5,36.3,36.6,35.4,35.2,35.5,35.3,35.8,35.2,36.6,35.8,35.8
ED-0033,94,01:34,35.4,36.0,36.0,35.2,35.3,36.4,35.0,35.4,36.4,36.4,36.0,35.8
ED-0033,95,01:35,35.5,36.6,36.4,35.4,35.8,35.3,35.7,35.6,36.4,35.5,35.8,35.7
ED-0033,96,01:36,35.9,35.7,37.0,36.9,36.1,35.5,35.6,35.4,35.9,35.7,37.4,35.5
ED-0033,97,01:37,36.2,36.3,36.2,36.9,34.7,36.1,35.2,35.3,36.0,36.2,35.8,35.6
ED-0033,98,01:38,35.6,36.4,36.3,36.6,35.3,35.5,35.8,35.2,36.1,36.8,36.8,35.7
ED-0033,99,01:39,36.2,36.7,35.7,36.8,36.4,35.9,35.9,35.6,36.1,37.6,36.5,35.9
ED-0033,100,01:40,35.9,35.1,36.1,35.6,35.9,35.4,35.4,36.4,35.9,37.1,36.2,36.6
ED-0033,101,01:41,36.7,36.9,36.7,35.9,35.3,34.8,35.9,35.5,36.1,35.9,36.5,35.4
ED-0033,102,01:42,35.2,36.7,37.0,36.9,35.9,36.4,35.6,35.8,36.8,37.3,36.9,36.1
ED-0033,103,01:43,35.8,36.5,35.9,36.1,36.6,34.9,35.3,35.0,36.1,36.3,36.4,36.3
ED-0033,104,01:44,35.6,35.8,36.8,37.0,35.3,35.0,35.1,35.7,35.7,36.6,36.3,35.6
ED-0033,105,01:45,35.8,36.3,36.7,36.2,35.7,35.4,34.9,35.5,36.6,36.4,36.3,35.7
ED-0033,106,01:46,35.2,36.8,36.9,36.9,36.1,36.1,35.8,34.8,36.4,36.3,35.7,36.3
ED-0033,107,01:47,36.6,36.1,35.8,35.8,35.5,34.4,35.7,35.2,35.8,36.6,36.4,36.0
ED-0033,108,01:48,36.6,36.7,36.3,36.7,36.5,36.4,35.6,35.2,35.7,36.5,36.7,36.1
ED-0033,109,01:49,35.4,36.7,37.4,35.4,35.8,35.2,35.4,36.1,36.3,37.3,36.1,35.8
ED-0033,110,01:50,36.6,36.2,37.2,35.7,35.0,36.0,34.7,36.3,36.9,37.3,35.4,35.3
ED-0033,111,01:51,35.9,36.7,36.8,36.6,36.4,36.9,36.0,35.7,37.4,37.3,36.9,36.0
ED-0033,112,01:52,35.9,36.8,37.0,36.8,36.5,35.6,35.6,35.6,37.1,36.9,36.4,35.3
ED-0033,113,01:53,35.5,36.8,36.7,37.4,36.0,35.5,36.1,35.1,36.5,37.7,37.9,36.0
ED-0033,114,01:54,36.4,37.2,37.0,36.7,35.1,36.5,36.1,35.7,36.7,37.6,36.8,36.9
ED-0033,115,01:55,36.3,37.0,37.0,36.7,36.0,35.3,35.5,35.6,36.6,38.1,36.2,36.6
ED-0033,116,01:56,36.3,37.7,36.7,37.1,36.4,36.2,35.9,36.1,36.5,36.7,36.5,35.1
ED-0033,117,01:57,36.3,37.2,37.6,36.8,36.7,35.2,35.7,35.9,36.3,37.2,37.9,36.4
ED-0033,118,01:58,35.5,35.7,37.3,37.9,36.6,35.8,35.9,35.5,37.4,37.9,37.3,37.1
ED-0033,119,01:59,35.5,36.2,36.8,37.4,36.3,35.9,36.0,35.7,36.0,37.8,36.6,35.5
ED-0033,120,02:00,37.1,37.2,36.7,36.6,36.2,35.2,37.0,35.8,36.8,37.5,36.8,34.9
ED-0033,121,02:01,36.7,35.8,37.4,36.5,35.9,36.6,36.1,35.4,36.7,37.8,36.2,35.8
ED-0033,122,02:02,36.6,35.6,37.7,37.3,35.8,36.0,36.4,36.4,37.2,37.5,37.2,36.8
ED-0033,123,02:03,36.1,36.7,37.9,36.8,35.8,36.0,35.4,36.0,36.5,37.4,37.6,35.7
ED-0033,124,02:04,36.8,37.9,37.0,36.4,36.0,36.0,35.5,35.4,36.4,38.5,36.5,35.5
ED-0033,125,02:05,36.8,37.0,37.6,37.6,36.4,35.3,35.6,37.2,36.5,37.7,37.7,35.9
ED-0033,126,02:06,36.6,38.3,37.9,37.9,36.8,35.6,36.3,35.6,36.8,37.8,37.3,35.9
ED-0033,127,02:07,37.0,37.7,36.7,37.2,35.5,35.7,36.4,35.4,37.4,38.4,36.9,35.8
ED-0033,128,02:08,36.6,37.3,37.0,37.3,36.1,35.0,36.1,35.9,37.6,38.3,37.6,37.5
ED-0033,129,02:09,36.2,37.6,37.4,37.5,36.3,35.6,35.3,36.5,35.4,38.3,36.6,37.0
ED-0033,130,02:10,36.7,36.3,37.7,37.3,35.8,35.9,37.3,36.5,37.0,38.0,37.1,36.2
ED-0033,131,02:11,36.2,37.7,38.4,37.9,36.0,36.5,35.9,36.3,37.8,37.4,36.7,36.9
ED-0033,132,02:12,37.3,37.1,37.2,36.7,36.8,36.3,35.5,36.1,37.9,38.5,37.5,36.4
ED-0033,133,02:13,36.8,37.2,38.4,38.4,36.0,36.5,35.5,36.2,37.0,38.4,38.4,37.4
ED-0033,134,02:14,37.5,37.6,37.6,37.6,35.5,37.2,35.3,36.1,37.3,39.4,38.0,37.3
ED-0033,135,02:15,37.0,37.7,38.3,38.3,36.2,37.0,36.7,36.5,37.5,38.3,37.3,36.9
ED-0033,136,02:16,36.6,37.1,38.4,37.1,35.8,35.9,36.2,36.6,37.7,38.7,38.0,36.0
ED-0033,137,02:17,37.2,37.6,37.6,37.6,36.9,36.9,36.5,37.0,38.3,38.6,37.5,36.4
ED-0033,138,02:18,36.0,37.9,38.8,38.0,36.7,35.5,36.1,36.4,38.1,38.3,38.6,37.9
ED-0033,139,02:19,37.7,37.7,38.3,38.9,37.0,36.6,35.9,36.4,37.8,38.9,37.8,37.0
ED-0033,140,02:20,37.2,38.5,38.0,38.3,36.3,35.7,35.9,36.4,37.8,38.5,37.7,36.6
ED-0033,141,02:21,36.6,39.5,39.1,38.6,36.8,35.9,37.1,36.3,37.7,38.7,37.9,36.5
ED-0033,142,02:22,37.1,38.4,38.8,38.4,36.4,37.0,36.3,37.9,38.3,39.5,38.4,37.3
ED-0033,143,02:23,37.4,38.3,38.3,38.8,37.4,36.8,36.6,36.5,38.0,38.7,38.5,37.9
ED-0033,144,02:24,37.8,39.4,37.8,38.9,36.6,37.1,36.4,36.5,38.4,39.2,38.3,36.8
ED-0033,145,02:25,36.6,38.9,39.3,38.9,37.3,36.7,36.7,37.0,38.0,38.8,37.4,37.7
ED-0033,146,02:26,37.3,38.9,38.0,38.7,36.7,36.3,36.3,35.7,38.3,39.2,38.1,36.3
ED-0033,147,02:27,38.2,39.5,38.9,37.4,36.5,36.1,36.5,37.2,39.0,39.2,38.3,37.9
ED-0033,148,02:28,37.7,38.1,39.0,38.7,36.7,37.2,36.7,36.0,39.1,39.8,38.1,37.6
ED-0033,149,02:29,37.9,39.0,39.1,39.2,37.1,37.4,36.5,37.1,39.0,40.0,38.3,37.6
ED-0033,150,02:30,37.4,38.7,39.2,38.8,37.5,37.1,36.7,36.8,39.5,40.4,38.7,36.7
ED-0033,151,02:31,36.8,39.7,39.4,39.0,37.6,36.4,37.0,36.9,38.3,39.8,38.2,37.2
ED-0033,152,02:32,37.9,40.0,39.9,39.5,36.5,36.9,35.6,37.3,38.9,39.4,38.5,38.9
ED-0033,153,02:33,38.1,39.5,39.3,38.8,37.5,36.7,36.9,38.1,39.4,40.0,39.0,37.9
ED-0033,154,02:34,38.3,38.6,40.0,40.2,37.3,36.4,37.5,36.9,38.6,40.2,39.0,38.1
ED-0033,155,02:35,37.4,39.4,39.5,40.4,37.0,37.6,35.9,37.9,39.2,40.1,38.7,38.4
ED-0033,156,02:36,37.9,39.5,39.4,39.5,37.9,37.2,37.1,37.5,40.5,41.1,39.3,37.9
ED-0033,157,02:37,38.5,39.6,39.6,39.4,38.1,37.0,36.8,38.0,39.5,41.3,39.1,39.0
ED-0033,158,02:38,37.8,39.4,39.7,40.2,37.8,37.3,36.6,37.2,40.0,40.3,39.3,37.5
ED-0033,159,02:39,38.3,39.3,41.5,40.0,37.3,36.6,36.7,37.7,40.2,41.2,40.0,37.5
ED-0033,160,02:40,38.7,40.1,41.2,40.2,37.9,36.9,37.2,38.1,39.4,40.6,39.6,37.6
ED-0033,161,02:41,38.8,39.9,40.6,39.5,37.7,37.6,37.0,37.5,40.1,40.6,39.7,38.4
ED-0033,162,02:42,38.5,40.5,41.7,40.1,38.0,37.7,37.9,38.3,40.5,40.0,39.2,39.2
ED-0033,163,02:43,38.6,40.0,41.7,40.4,37.8,36.8,37.3,37.8,40.7,40.7,40.1,38.8
ED-0033,164,02:44,38.8,40.4,41.0,40.0,38.1,38.0,37.3,38.8,40.0,41.8,39.5,38.3
ED-0033,165,02:45,39.3,40.9,42.1,40.9,38.4,37.2,38.1,38.8,41.4,41.9,39.7,39.2
ED-0033,166,02:46,39.0,40.6,41.3,40.8,38.1,36.8,37.4,38.5,41.2,41.5,39.9,37.7
ED-0033,167,02:47,39.6,41.5,41.0,41.5,38.0,37.8,38.0,38.6,41.0,41.8,40.8,39.1
ED-0033,168,02:48,38.5,41.9,41.2,40.9,38.3,37.6,38.1,38.6,40.6,42.0,40.3,38.9
ED-0033,169,02:49,39.1,41.4,42.4,40.9,39.0,37.9,38.4,38.9,40.9,41.4,40.0,39.3
ED-0033,170,02:50,39.0,42.3,41.4,41.2,38.8,37.8,37.6,37.4,41.2,42.5,40.7,38.7
ED-0033,171,02:51,38.9,41.2,41.9,41.7,37.6,37.3,37.7,38.6,41.4,42.7,41.1,38.6
ED-0033,172,02:52,39.4,42.6,42.1,41.9,39.9,38.2,37.1,39.5,40.8,43.0,40.7,39.5
ED-0033,173,02:53,40.2,41.8,42.1,42.0,38.2,38.9,38.0,38.7,42.0,42.5,40.0,39.3
ED-0033,174,02:54,39.5,40.7,42.8,42.0,38.5,38.4,37.7,38.8,41.5,43.6,41.1,39.6
ED-0033,175,02:55,39.7,42.4,43.0,42.2,38.7,38.7,38.2,39.2,42.7,42.2,41.8,39.2
ED-0033,176,02:56,40.0,42.5,43.4,42.5,38.6,38.7,37.9,38.9,41.8,43.0,40.9,39.1
ED-0033,177,02:57,39.1,42.6,43.3,42.6,38.7,37.5,38.8,39.6,42.2,44.1,41.3,39.4
ED-0033,178,02:58,40.2,43.2,43.3,43.2,39.5,38.1,38.4,38.9,42.7,43.6,41.2,39.7
ED-0033,179,02:59,39.9,43.4,43.3,42.7,39.2,39.0,38.3,40.0,42.5,43.7,43.0,40.2
ED-0033,180,03:00,41.2,43.1,44.6,43.6,39.5,38.7,38.0,39.4,42.8,43.4,41.8,39.5
ED-0033,181,03:01,40.0,42.0,43.7,43.2,38.8,38.3,38.9,39.2,43.9,44.5,42.0,41.3
ED-0033,182,03:02,40.9,44.1,44.3,43.3,39.6,38.0,39.0,39.7,43.9,44.8,41.7,40.8
ED-0033,183,03:03,41.6,44.1,44.0,43.7,38.9,38.8,39.2,39.6,43.0,44.2,43.1,40.4
ED-0033,184,03:04,41.7,43.6,44.8,43.7,38.7,39.0,38.5,39.4,44.0,46.2,43.0,40.8
ED-0033,185,03:05,42.2,43.7,44.8,43.8,39.6,38.9,38.5,39.5,42.6,45.5,42.4,40.4
ED-0033,186,03:06,41.2,44.4,44.9,44.6,40.0,39.5,39.4,40.3,44.9,45.5,43.0,41.1
ED-0033,187,03:07,41.0,45.3,45.6,44.1,40.3,39.0,37.9,40.8,43.8,46.0,43.4,41.4
ED-0033,188,03:08,41.5,44.7,45.5,45.7,40.4,40.1,38.6,40.3,43.7,46.8,43.0,42.0
ED-0033,189,03:09,41.9,45.7,44.9,45.4,40.6,39.4,39.4,40.4,45.0,45.4,43.2,40.6
ED-0033,190,03:10,43.0,44.7,46.3,45.1,40.6,39.5,38.7,41.5,44.3,46.1,43.7,41.6
ED-0033,191,03:11,42.8,45.4,46.6,46.4,40.5,40.3,39.0,41.0,45.6,46.7,43.5,41.7
ED-0033,192,03:12,42.3,46.4,47.0,44.5,40.9,38.6,39.2,40.5,44.5,46.9,44.4,42.2
ED-0033,193,03:13,42.3,46.5,46.1,46.0,41.0,40.7,39.9,40.9,45.0,47.3,45.4,41.6
ED-0033,194,03:14,42.7,46.2,46.8,45.6,40.8,40.2,40.5,40.7,46.0,46.8,44.7,42.2
ED-0033,195,03:15,43.1,46.1,47.0,46.0,41.3,40.2,40.4,41.6,46.2,47.9,44.3,42.2
ED-0033,196,03:16,42.6,46.0,47.8,46.9,40.9,39.3,40.6,41.1,46.2,48.3,44.8,42.2
ED-0033,197,03:17,43.2,45.7,47.3,45.5,41.2,39.6,41.0,41.4,45.6,48.1,45.2,41.9
ED-0033,198,03:18,42.8,47.7,47.7,47.4,41.5,40.4,40.5,41.9,46.7,48.9,44.0,42.0
ED-0033,199,03:19,43.6,47.1,48.7,46.2,41.5,40.5,40.7,42.6,47.1,49.6,46.0,42.9
ED-0033,200,03:20,44.4,47.9,48.1,47.2,41.9,40.7,41.1,41.6,48.2,49.3,44.9,42.8
ED-0033,201,03:21,44.0,47.6,49.0,48.6,41.6,40.7,41.3,42.4,47.5,49.5,47.0,43.5
ED-0033,202,03:22,44.2,48.9,48.9,47.8,42.4,40.9,40.9,43.7,47.8,49.8,46.4,44.1
ED-0033,203,03:23,45.0,49.3,49.5,47.6,42.4,41.9,41.4,42.3,47.9,50.0,46.7,43.4
ED-0033,204,03:24,43.9,48.8,49.8,48.8,42.8,41.0,42.2,42.2,47.3,50.3,47.4,44.1
ED-0033,205,03:25,44.8,48.9,48.9,48.5,43.4,41.2,41.1,42.9,48.4,50.0,46.8,43.6
ED-0033,206,03:26,44.6,49.9,50.9,49.4,43.1,42.0,41.5,43.2,48.4,51.0,47.0,44.6
ED-0033,207,03:27,44.8,49.7,50.2,49.9,43.7,42.2,41.2,43.1,48.8,52.2,47.5,44.2
ED-0033,208,03:28,44.9,49.7,50.9,50.3,43.3,41.1,42.1,43.0,50.2,52.0,48.3,43.9
ED-0033,209,03:29,46.0,50.0,50.8,51.0,43.6,42.6,42.3,43.0,48.8,52.0,47.8,45.0
ED-0033,210,03:30,46.9,51.5,52.1,50.1,44.2,42.3,42.2,44.0,50.1,53.1,48.0,44.9
ED-0033,211,03:31,46.4,52.0,51.9,50.8,43.6,42.7,41.5,43.6,50.0,53.1,49.3,45.4
ED-0033,212,03:32,47.2,51.3,53.2,52.2,44.1,42.8,42.0,43.9,51.0,53.6,48.9,45.6
ED-0033,213,03:33,47.0,51.9,52.5,51.2,43.9,42.6,42.8,44.9,51.2,53.4,49.7,45.5
ED-0033,214,03:34,47.3,52.4,52.5,51.7,44.5,43.4,42.9,44.7,50.9,53.8,49.8,44.9
ED-0033,215,03:35,47.4,53.1,53.4,51.4,45.4,42.2,42.7,44.1,52.8,54.5,49.3,46.0
ED-0033,216,03:36,47.3,53.3,53.2,52.3,44.5,43.9,43.3,44.6,51.1,55.3,50.2,46.4
ED-0033,217,03:37,47.2,53.0,53.9,52.7,44.8,43.4,43.1,45.4,51.9,55.6,49.5,47.5
ED-0033,218,03:38,47.5,53.7,53.4,52.3,44.9,43.7,43.3,45.6,52.9,55.9,50.8,46.3
ED-0033,219,03:39,48.6,54.2,55.0,53.3,45.6,43.5,43.6,45.5,53.5,56.9,51.4,46.4
ED-0033,220,03:40,48.5,54.9,54.9,53.2,46.2,44.6,43.4,45.2,52.5,56.1,51.2,47.9
ED-0033,221,03:41,48.8,54.4,56.3,54.5,45.1,43.5,43.4,47.5,53.2,58.1,52.8,48.2
ED-0033,222,03:42,48.8,54.5,55.9,54.8,45.9,44.6,44.2,46.3,54.1,57.3,52.6,48.2
ED-0033,223,03:43,49.4,55.7,55.9,55.5,46.2,43.9,44.5,46.8,54.6,56.8,53.0,47.1
ED-0033,224,03:44,49.5,55.8,57.7,54.8,46.8,44.5,44.9,47.2,53.9,57.1,52.6,48.8
ED-0033,225,03:45,50.1,56.3,57.6,55.8,47.4,45.1,44.7,46.8,55.3,57.7,52.0,49.2
ED-0033,226,03:46,49.5,56.5,57.3,56.3,47.7,45.8,45.6,47.8,55.6,58.5,53.4,49.4
ED-0033,227,03:47,50.4,57.0,57.3,56.2,47.7,45.5,45.7,47.4,55.3,58.4,53.7,48.9
ED-0033,228,03:48,50.5,57.7,58.3,57.5,48.2,46.3,45.8,49.3,55.8,59.9,54.5,50.0
ED-0033,229,03:49,51.9,57.1,58.5,57.3,47.8,45.0,46.1,49.6,56.4,59.8,54.1,49.8
ED-0033,230,03:50,51.7,58.4,59.0,57.5,48.6,46.3,45.9,48.3,57.1,60.6,54.6,50.0
ED-0033,231,03:51,51.4,58.7,59.9,57.4,48.6,45.9,45.7,48.9,57.4,60.8,55.4,49.8
ED-0033,232,03:52,52.1,58.5,59.6,58.3,49.1,47.0,46.4,48.5,57.7,61.0,55.9,51.7
ED-0033,233,03:53,52.1,59.4,60.6,58.6,48.9,47.5,46.5,49.6,58.1,62.1,56.4,51.1
ED-0033,234,03:54,52.8,60.1,60.9,59.3,49.4,47.1,46.0,49.6,57.8,62.0,56.6,52.1
ED-0033,235,03:55,53.7,60.0,61.1,60.2,49.5,47.6,47.4,49.6,58.6,63.0,55.9,53.0
ED-0033,236,03:56,54.6,61.0,61.3,60.5,50.5,48.2,48.3,50.4,58.8,62.8,57.0,53.1
ED-0033,237,03:57,53.9,61.2,62.5,60.9,49.5,48.2,47.3,50.5,60.5,63.5,56.8,53.3
ED-0033,238,03:58,54.7,60.5,62.5,60.9,50.3,48.2,48.2,51.5,60.4,63.9,58.5,54.7
ED-0033,239,03:59,54.4,62.0,62.8,61.5,50.5,47.7,48.8,51.2,61.1,64.2,57.6,54.3
ED-0033,240,04:00,54.7,62.5,63.8,61.1,51.0,48.4,48.6,52.5,61.0,65.3,59.2,53.8
ED-0033,241,04:01,55.9,63.0,64.7,62.2,52.3,48.4,48.7,52.7,61.5,64.9,58.2,53.8
ED-0033,242,04:02,56.0,63.5,64.1,62.5,52.2,48.5,48.7,53.8,61.0,66.3,60.1,55.3
ED-0033,243,04:03,55.2,63.3,65.5,62.6,52.9,49.4,48.9,53.3,61.6,66.4,60.3,56.0
ED-0033,244,04:04,56.3,65.1,65.2,63.8,51.9,50.1,49.2,53.4,63.2,66.4,59.9,55.5
ED-0033,245,04:05,56.6,64.4,65.3,64.0,53.0,51.3,50.2,53.2,64.0,67.6,60.9,55.2
ED-0033,246,04:06,56.9,65.5,65.2,64.1,52.9,50.8,50.9,53.8,64.5,67.1,61.7,57.0
ED-0033,247,04:07,58.1,66.3,66.3,64.4,54.1,51.3,50.5,54.0,63.9,68.2,61.7,56.2
ED-0033,248,04:08,58.4,65.9,66.8,65.4,54.1,51.4,51.4,54.2,65.0,69.4,62.3,57.1
ED-0033,249,04:09,59.3,67.5,67.2,65.2,53.7,52.1,52.1,55.1,64.7,68.1,62.4,56.7
ED-0033,250,04:10,59.5,68.0,67.4,66.4,55.3,52.5,52.0,55.8,65.9,68.9,64.0,57.8
ED-0033,251,04:11,59.3,68.3,68.3,66.5,55.6,52.6,51.5,56.4,66.4,69.6,63.4,58.0
ED-0033,252,04:12,60.0,68.3,69.5,66.7,56.1,52.3,52.5,57.0,66.0,70.5,63.3,58.9
ED-0033,253,04:13,60.1,69.2,69.9,67.4,56.4,53.1,52.6,57.3,67.2,71.4,65.1,58.6
ED-0033,254,04:14,60.3,69.7,69.7,68.5,56.5,52.8,54.0,57.0,67.5,71.3,64.7,59.5
ED-0033,255,04:15,61.2,69.9,69.6,68.4,56.7,53.9,53.1,57.2,68.2,72.1,65.9,59.3
ED-0033,256,04:16,61.9,69.9,70.2,69.2,57.5,53.5,53.9,58.5,68.4,71.8,66.2,59.8
ED-0033,257,04:17,62.1,70.5,71.7,69.2,57.1,54.6,54.7,57.7,69.5,73.1,65.6,60.2
ED-0033,258,04:18,62.9,71.0,71.7,69.7,57.9,54.9,54.3,58.2,69.3,74.1,65.8,60.9
ED-0033,259,04:19,62.6,72.4,72.1,70.5,58.9,55.3,54.3,58.3,70.0,73.0,67.4,60.1
ED-0033,260,04:20,63.9,72.4,73.2,70.8,59.5,55.6,55.3,58.7,70.7,73.7,67.7,61.7
ED-0033,261,04:21,63.7,72.6,72.2,71.2,59.3,56.6,54.4,59.7,70.7,75.7,68.3,61.7
ED-0033,262,04:22,64.0,74.2,73.5,72.8,59.7,56.2,56.7,61.2,71.0,74.4,68.4,62.2
ED-0033,263,04:23,65.0,74.4,74.1,72.4,60.5,56.6,56.0,61.7,72.0,75.3,68.6,62.9
ED-0033,264,04:24,64.9,73.9,74.8,73.4,60.2,57.5,57.0,61.6,71.2,77.1,69.2,63.1
ED-0033,265,04:25,65.9,75.2,75.8,72.6,61.3,58.6,56.3,61.5,72.3,77.0,70.5,63.6
ED-0033,266,04:26,67.3,75.6,76.5,73.3,61.7,58.1,57.8,62.5,73.6,76.7,71.1,64.0
ED-0033,267,04:27,67.4,76.4,76.1,73.9,62.4,58.3,58.8,63.1,73.3,77.3,70.7,64.8
ED-0033,268,04:28,67.3,76.5,76.7,73.7,62.7,59.0,58.6,62.7,74.5,77.3,71.0,66.0
ED-0033,269,04:29,68.0,76.1,77.6,75.4,63.5,58.4,59.3,63.5,75.0,79.0,70.9,66.3
ED-0033,270,04:30,68.3,76.8,78.3,76.0,63.0,59.9,59.9,63.4,75.4,79.6,72.5,66.5
ED-0033,271,04:31,69.1,78.4,79.3,76.5,65.3,59.9,59.7,64.3,76.6,79.6,73.3,67.1
ED-0033,272,04:32,69.4,79.7,78.6,76.9,64.4,61.0,60.5,64.8,75.9,79.7,73.2,67.7
ED-0033,273,04:33,70.1,79.6,80.1,77.4,64.9,61.0,60.1,64.6,76.8,81.1,74.0,67.9
ED-0033,274,04:34,70.7,79.6,80.0,78.0,66.1,61.8,60.1,66.0,76.7,81.2,73.9,68.4
ED-0033,275,04:35,71.5,80.8,80.3,78.0,66.8,62.4,61.4,66.8,77.4,81.4,75.5,68.8
ED-0033,276,04:36,71.1,80.3,79.7,78.6,66.9,62.1,62.2,66.5,78.7,81.7,74.8,70.5
ED-0033,277,04:37,72.5,80.9,81.0,79.8,67.1,62.8,62.2,67.2,78.1,83.1,75.6,69.9
ED-0033,278,04:38,72.4,82.3,81.1,79.7,68.1,63.5,62.9,68.6,80.2,82.9,75.9,70.8
ED-0033,279,04:39,73.6,83.1,81.7,80.6,68.2,63.5,63.7,67.8,79.6,83.3,76.9,70.9
ED-0033,280,04:40,73.3,83.5,83.2,80.5,68.6,65.1,63.0,70.0,80.8,84.5,77.8,70.7
ED-0033,281,04:41,74.9,83.9,82.8,80.8,69.3,64.5,63.1,69.2,81.8,83.9,78.3,71.8
ED-0033,282,04:42,75.1,84.1,83.1,81.4,69.0,65.4,63.9,69.4,81.7,85.5,77.9,72.1
ED-0033,283,04:43,74.6,84.5,83.8,82.3,70.3,65.1,63.9,69.3,81.8,85.1,79.8,73.4
ED-0033,284,04:44,75.2,84.3,84.1,82.7,71.1,66.5,66.3,70.1,82.7,85.7,79.5,73.4
ED-0033,285,04:45,76.6,85.1,85.5,82.8,71.4,66.3,65.4,71.5,82.5,86.0,80.2,74.0
ED-0033,286,04:46,76.6,85.6,85.6,83.0,71.3,67.2,66.4,71.1,83.2,86.2,79.8,74.3
ED-0033,287,04:47,77.6,86.4,85.3,83.7,72.5,67.7,67.2,72.2,83.5,86.8,79.8,74.5
ED-0033,288,04:48,77.9,87.4,86.0,84.6,71.9,68.3,67.0,72.7,84.1,87.3,81.3,75.8
ED-0033,289,04:49,79.2,87.4,87.2,84.9,74.0,68.8,66.7,73.5,83.9,88.1,81.0,75.5
ED-0033,290,04:50,78.1,87.4,87.6,84.8,74.8,69.3,68.3,74.1,85.2,88.7,82.4,77.5
ED-0033,291,04:51,79.1,88.9,87.3,85.6,74.0,70.5,68.5,75.5,85.3,89.2,82.5,77.3
ED-0033,292,04:52,78.9,89.7,87.9,85.9,75.2,70.1,69.1,75.7,85.7,89.9,82.2,76.8
ED-0033,293,04:53,80.1,89.6,88.6,86.4,74.8,70.7,69.6,75.5,87.9,89.3,84.5,77.7
ED-0033,294,04:54,80.2,88.9,89.6,87.2,76.1,71.4,70.1,76.1,87.0,90.2,83.7,78.8
ED-0033,295,04:55,81.5,90.2,89.6,87.3,77.5,72.4,71.0,77.2,86.4,90.4,84.0,79.0
ED-0033,296,04:56,81.2,90.6,89.7,87.3,77.5,72.5,70.1,77.8,88.0,91.2,84.7,79.2
ED-0033,297,04:57,82.0,91.5,90.9,89.0,78.8,73.1,71.8,78.0,87.9,92.0,83.8,80.3
ED-0033,298,04:58,82.1,91.3,91.0,88.8,78.0,72.9,71.8,77.8,88.1,91.3,85.5,80.5
ED-0033,299,04:59,83.6,92.0,92.2,89.5,78.5,74.0,71.6,79.4,88.7,92.1,86.2,81.1
ED-0033,300,05:00,83.3,92.7,91.6,89.1,80.5,74.9,72.8,79.3,89.5,91.4,86.0,81.6
ED-0033,301,05:01,84.3,92.7,91.6,89.7,79.5,75.0,73.9,79.6,90.2,92.5,86.1,82.2
ED-0033,302,05:02,84.3,93.9,92.3,90.4,80.9,75.7,74.1,81.3,90.9,93.7,87.0,81.7
ED-0033,303,05:03,85.5,94.7,93.4,90.9,81.4,75.1,73.7,81.0,91.3,94.4,87.9,82.8
ED-0033,304,05:04,85.9,94.4,93.0,90.5,82.1,77.3,75.0,81.2,90.8,94.4,88.7,83.0
ED-0033,305,05:05,86.1,94.5,93.7,91.7,81.7,77.0,75.4,81.3,92.5,94.6,88.4,83.5
ED-0033,306,05:06,87.1,94.7,94.1,91.9,82.6,77.2,77.5,82.8,92.0,94.7,89.3,84.5
ED-0033,307,05:07,87.5,95.7,93.5,91.8,82.8,78.6,75.7,83.7,91.5,95.4,89.5,85.1
ED-0033,308,05:08,87.8,96.8,94.0,91.8,83.6,78.6,76.2,84.4,93.0,95.5,89.3,85.1
ED-0033,309,05:09,88.4,96.9,95.7,93.4,84.1,79.4,76.7,84.1,92.6,95.2,89.7,85.2
ED-0033,310,05:10,88.4,97.3,95.9,92.2,84.3,79.5,78.4,84.2,93.6,95.9,90.1,86.3
ED-0033,311,05:11,89.3,97.3,96.0,93.1,85.1,79.9,78.7,85.5,94.5,96.3,91.1,86.9
ED-0033,312,05:12,88.9,98.5,95.7,94.0,85.3,81.3,79.0,85.1,94.4,96.3,90.7,87.2
ED-0033,313,05:13,89.6,98.4,96.0,94.9,87.2,81.6,79.7,86.7,93.8,96.8,91.4,87.4
ED-0033,314,05:14,90.5,98.8,97.2,95.0,88.1,80.9,79.8,86.8,95.8,97.3,92.1,88.8
ED-0033,315,05:15,91.2,99.7,96.2,95.5,87.6,82.1,80.7,86.4,95.6,97.3,92.8,87.9
ED-0033,316,05:16,91.9,99.8,97.5,94.9,88.9,82.6,81.7,88.1,95.7,98.3,92.2,89.3
ED-0033,317,05:17,91.4,100.2,96.8,96.3,89.0,83.4,81.4,88.0,96.0,97.0,93.2,89.8
ED-0033,318,05:18,93.5,100.9,97.7,96.6,89.1,84.9,82.0,89.6,97.0,98.8,92.8,89.3
ED-0033,319,05:19,92.5,100.9,97.5,96.7,89.4,84.8,82.8,88.8,96.1,99.3,93.0,90.0
ED-0033,320,05:20,92.2,100.2,98.2,97.1,90.7,85.3,82.0,88.5,97.9,99.2,93.8,90.4
ED-0033,321,05:21,93.6,100.9,99.1,96.4,91.2,85.4,83.9,89.6,97.5,100.0,94.2,91.6
ED-0033,322,05:22,94.4,101.9,98.4,98.4,91.0,86.3,84.2,90.3,97.2,100.5,95.4,91.5
ED-0033,323,05:23,93.6,102.3,98.9,96.9,90.8,87.2,84.0,91.2,97.7,100.2,95.7,92.4
ED-0033,324,05:24,94.3,102.8,99.9,98.4,92.1,86.2,84.1,91.5,98.9,100.7,96.5,91.5
ED-0033,325,05:25,95.1,102.6,100.0,98.4,92.6,87.3,85.1,91.4,99.4,100.3,96.1,92.7
ED-0033,326,05:26,96.5,103.0,100.9,98.1,93.5,87.6,85.6,92.0,99.0,101.2,94.8,93.0
ED-0033,327,05:27,95.9,103.7,100.1,98.9,93.8,88.4,85.5,93.0,99.9,101.2,96.7,93.3
ED-0033,328,05:28,96.8,103.3,101.6,98.7,94.3,88.7,87.0,93.1,100.0,101.2,96.6,94.4
ED-0033,329,05:29,96.5,103.8,101.2,99.4,94.5,89.2,87.0,93.2,99.7,101.0,95.9,95.2
ED-0033,330,05:30,96.8,104.6,101.4,99.6,94.7,89.6,86.9,94.8,100.9,102.1,96.7,94.9
ED-0033,331,05:31,97.5,104.8,101.4,100.6,96.5,90.6,87.3,93.8,100.6,102.2,97.5,95.3
ED-0033,332,05:32,97.5,105.4,101.8,100.5,96.5,91.1,88.1,94.9,100.5,102.4,97.7,96.5
ED-0033,333,05:33,97.8,105.0,101.4,100.7,97.3,90.8,88.7,95.7,101.8,102.8,97.8,95.7
ED-0033,334,05:34,98.8,106.0,102.9,101.0,96.6,92.0,88.9,96.4,101.7,103.1,98.7,96.9
ED-0033,335,05:35,98.3,106.2,102.4,101.2,97.4,91.7,88.7,96.3,101.5,103.7,98.6,95.9
ED-0033,336,05:36,99.2,106.3,102.6,101.6,97.1,91.9,89.4,96.4,102.0,102.9,99.2,96.4
ED-0033,337,05:37,99.4,107.0,103.5,101.8,97.6,92.2,89.9,96.6,102.5,104.1,99.0,97.7
ED-0033,338,05:38,100.3,105.6,103.6,101.2,99.3,94.4,91.0,96.8,103.3,103.2,99.0,97.9
ED-0033,339,05:39,100.5,107.9,103.8,101.8,98.3,93.9,90.6,99.1,102.9,104.1,99.7,97.5
ED-0033,340,05:40,100.6,107.8,103.6,102.0,99.6,94.8,90.5,98.7,103.0,104.4,99.4,97.9
ED-0033,341,05:41,100.8,107.4,103.8,102.7,99.8,94.8,91.7,98.4,102.9,104.6,100.0,98.8
ED-0033,342,05:42,101.1,107.5,104.4,102.6,100.8,94.9,91.7,99.5,102.7,104.3,100.4,98.7
ED-0033,343,05:43,101.1,107.8,104.5,103.8,102.0,96.0,92.6,100.1,104.3,104.7,101.0,98.3
ED-0033,344,05:44,102.0,108.0,104.4,103.1,101.7,95.5,92.1,100.0,103.9,104.7,101.4,99.7
ED-0033,345,05:45,102.4,108.8,104.7,103.3,100.9,95.7,94.4,101.1,104.3,104.5,101.7,99.7
ED-0033,346,05:46,102.8,107.9,105.8,103.6,102.3,97.4,93.1,99.6,104.8,105.1,101.4,100.2
ED-0033,347,05:47,103.0,108.1,105.8,104.3,101.9,96.4,94.4,100.8,104.7,105.3,100.2,100.7
ED-0033,348,05:48,103.0,110.0,104.8,104.3,103.4,99.0,93.5,100.8,104.5,106.1,100.9,101.2
ED-0033,349,05:49,103.7,109.0,104.2,104.9,103.2,97.9,94.6,101.1,105.8,106.8,101.9,101.4
ED-0033,350,05:50,103.1,109.2,105.7,105.3,103.8,97.5,95.4,101.8,104.7,105.8,102.5,101.6
ED-0033,351,05:51,103.9,110.2,105.7,104.8,103.8,98.6,95.0,101.7,105.3,106.6,102.4,102.5
ED-0033,352,05:52,105.0,109.7,106.8,104.8,103.7,99.7,96.2,102.5,105.7,106.8,103.2,102.3
ED-0033,353,05:53,105.1,110.2,107.3,105.0,104.5,98.5,95.5,103.1,104.7,106.1,102.7,102.3
ED-0033,354,05:54,104.1,110.4,106.6,105.2,105.4,99.9,95.5,103.2,106.8,106.6,102.9,102.5
ED-0033,355,05:55,105.5,111.1,106.9,104.7,105.3,100.4,97.3,104.2,106.3,107.5,103.0,101.9
ED-0033,356,05:56,105.6,111.3,107.4,105.4,106.7,100.7,97.4,104.3,106.0,106.7,103.2,103.4
ED-0033,357,05:57,105.4,110.7,107.2,106.0,106.4,101.3,96.5,105.4,106.8,106.2,102.8,102.7
ED-0033,358,05:58,106.1,111.0,107.8,105.8,106.7,102.2,97.3,104.6,105.6,107.7,103.3,103.6
ED-0033,359,05:59,105.5,112.0,107.9,106.2,107.4,102.3,98.1,104.4,107.0,107.9,103.3,103.7
ED-0033,360,06:00,107.0,111.4,107.9,105.2,107.7,102.7,98.2,104.6,106.7,107.0,103.4,103.5
ED-0033,361,06:01,107.4,112.5,108.1,105.7,107.4,101.8,98.5,105.4,106.7,107.9,104.6,104.5
ED-0033,362,06:02,106.9,111.4,107.5,106.9,107.5,103.0,98.3,105.6,107.4,107.9,104.4,103.8
ED-0033,363,06:03,107.7,111.9,107.5,106.5,108.9,103.0,98.6,106.6,106.8,108.1,105.1,105.1
ED-0033,364,06:04,107.0,113.3,107.3,107.1,107.5,103.2,100.0,107.2,106.8,108.0,104.7,105.0
ED-0033,365,06:05,107.2,112.1,108.7,106.8,108.8,103.2,99.1,106.1,107.7,108.5,105.3,105.6
ED-0033,366,06:06,107.2,113.0,108.4,107.0,108.0,104.5,100.4,106.7,107.5,108.5,105.9,106.1
ED-0033,367,06:07,108.0,112.6,107.9,107.3,109.7,104.3,99.6,106.8,107.7,108.5,104.7,106.1
ED-0033,368,06:08,108.8,112.9,108.6,107.2,109.8,105.5,99.9,107.5,108.4,108.7,105.8,105.3
ED-0033,369,06:09,109.5,112.5,107.8,107.8,110.3,105.2,100.4,108.2,107.7,108.6,105.0,105.6
ED-0033,370,06:10,109.0,113.6,108.7,107.6,109.5,105.8,101.0,108.2,108.3,109.0,106.1,106.8
ED-0033,371,06:11,108.8,113.9,108.9,107.8,110.5,105.6,100.2,108.9,108.0,108.4,105.7,105.5
ED-0033,372,06:12,108.1,113.7,108.5,106.3,110.6,106.0,101.7,107.7,108.4,109.4,106.3,106.6
ED-0033,373,06:13,108.7,112.6,109.7,109.0,111.2,105.6,102.1,108.2,108.9,110.1,106.9,107.5
ED-0033,374,06:14,109.4,114.1,109.9,107.6,111.6,105.9,101.3,108.4,109.3,108.9,106.8,107.6
ED-0033,375,06:15,110.6,114.2,109.0,107.7,111.4,106.9,102.0,109.0,109.1,109.4,106.8,107.4
ED-0033,376,06:16,108.6,114.5,109.7,108.2,112.5,106.2,102.6,110.1,108.7,109.7,106.2,107.8
ED-0033,377,06:17,109.6,114.0,109.3,108.3,111.3,107.4,102.2,109.4,109.2,109.7,106.6,107.2
ED-0033,378,06:18,110.3,114.5,109.0,107.8,112.2,107.9,102.9,109.5,109.3,109.5,106.1,108.0
ED-0033,379,06:19,110.6,114.5,109.1,108.2,113.1,108.0,102.2,109.7,109.9,110.1,106.5,108.3
ED-0033,380,06:20,110.1,114.2,109.8,108.8,113.1,108.4,102.3,110.3,110.3,109.6,106.8,108.1
ED-0033,381,06:21,110.2,115.1,110.0,108.6,112.6,108.6,103.1,110.7,109.3,110.5,107.2,107.8
ED-0033,382,06:22,111.2,115.1,109.7,109.2,113.7,107.9,104.1,111.8,110.4,110.7,107.3,108.5
ED-0033,383,06:23,110.5,115.2,109.9,108.3,113.9,108.4,103.6,111.1,110.4,110.7,106.7,108.7
ED-0033,384,06:24,110.3,114.8,109.6,109.1,114.0,108.7,104.5,111.1,110.0,110.5,107.6,108.0
ED-0033,385,06:25,110.9,114.6,110.4,108.6,113.3,108.3,104.3,110.8,110.3,110.0,108.1,108.5
ED-0033,386,06:26,110.8,115.1,110.8,108.8,114.6,109.1,104.6,112.4,110.5,111.7,107.8,109.1
ED-0033,387,06:27,111.5,115.4,110.0,109.5,115.1,109.7,105.0,110.9,111.0,110.3,107.8,109.4
ED-0033,388,06:28,111.3,115.2,110.6,109.8,114.7,109.8,104.3,112.5,110.4,110.2,107.6,110.1
ED-0033,389,06:29,111.5,115.8,110.0,109.0,114.8,109.7,104.2,111.7,110.8,110.6,107.1,111.0
ED-0033,390,06:30,111.9,116.0,111.5,108.9,114.8,110.1,104.7,112.1,111.8,110.1,107.4,110.3
ED-0033,391,06:31,111.8,116.6,110.5,110.8,114.7,109.4,105.2,112.1,110.7,111.3,108.7,109.4
ED-0033,392,06:32,111.3,115.8,109.9,109.4,114.6,110.4,106.0,112.7,110.8,110.9,107.9,109.9
ED-0033,393,06:33,111.9,115.6,110.9,109.2,114.9,110.4,105.9,113.2,111.1,111.6,107.7,111.0
ED-0033,394,06:34,111.9,116.5,111.6,110.2,115.7,111.2,106.9,112.8,111.6,110.8,108.1,110.7
ED-0033,395,06:35,112.7,116.4,111.5,109.4,116.0,111.0,106.2,113.5,111.0,111.1,108.7,110.2
ED-0033,396,06:36,112.6,115.9,111.7,110.4,116.1,110.9,106.9,112.5,111.7,111.8,108.9,111.0
ED-0033,397,06:37,112.7,115.5,111.3,110.6,116.6,110.6,105.9,112.5,111.6,111.2,108.5,110.6
ED-0033,398,06:38,113.2,116.3,110.9,110.8,115.8,112.4,107.1,113.9,111.5,110.7,108.6,110.6
ED-0033,399,06:39,112.4,116.7,111.1,110.5,116.4,112.6,106.8,113.2,111.9,110.7,109.5,110.5
ED-0033,400,06:40,112.4,116.2,111.8,110.5,116.8,111.0,106.4,113.9,112.4,111.1,108.7,110.5
ED-0033,401,06:41,112.7,116.9,111.3,109.5,116.7,112.0,107.7,114.1,111.8,111.6,108.8,111.7
ED-0033,402,06:42,112.5,116.7,111.2,111.0,117.7,112.4,105.8,113.8,112.1,112.2,109.4,111.8
ED-0033,403,06:43,113.3,116.6,110.8,110.4,116.3,113.5,106.9,114.5,112.0,111.9,109.2,111.3
ED-0033,404,06:44,113.4,116.4,111.7,111.2,117.1,112.0,106.9,114.0,111.2,110.9,109.6,111.0
ED-0033,405,06:45,113.6,115.2,112.2,111.0,116.5,112.4,108.0,113.9,112.4,111.2,108.6,111.2
ED-0033,406,06:46,112.9,117.0,111.6,109.5,118.3,113.3,107.4,114.5,111.7,111.4,109.8,112.6
ED-0033,407,06:47,114.2,115.8,110.5,110.5,117.0,113.1,107.4,114.0,111.8,112.3,109.2,111.4
ED-0033,408,06:48,113.4,117.7,111.6,111.2,117.2,113.2,107.8,114.8,112.2,111.6,109.1,111.6
ED-0033,409,06:49,114.6,117.6,111.7,110.4,116.7,114.0,108.3,114.2,112.6,111.4,110.2,112.1
ED-0033,410,06:50,113.2,116.8,111.5,111.1,118.1,113.2,107.9,114.6,112.9,111.7,109.8,112.7
ED-0033,411,06:51,113.8,116.6,111.5,109.8,116.7,113.8,107.5,115.1,112.2,111.9,109.4,112.1
ED-0033,412,06:52,112.8,117.4,112.6,111.2,117.3,113.7,108.5,115.5,112.9,112.4,109.6,112.8
ED-0033,413,06:53,113.5,117.3,112.3,110.9,118.2,113.5,108.3,115.7,113.4,111.8,110.0,112.7
ED-0033,414,06:54,115.0,117.3,112.5,111.1,117.9,114.3,108.7,115.8,112.9,111.9,108.8,111.5
ED-0033,415,06:55,113.7,117.2,111.8,110.9,117.3,114.1,108.8,115.2,111.6,111.5,110.2,112.6
ED-0033,416,06:56,113.5,118.2,112.2,111.1,118.5,114.9,108.6,114.6,112.3,112.3,111.0,112.7
ED-0033,417,06:57,114.5,117.7,112.6,110.4,119.2,114.5,108.6,115.3,112.7,112.2,108.8,111.5
ED-0033,418,06:58,114.6,116.5,112.6,111.4,118.1,113.8,108.7,116.3,113.1,112.6,109.7,112.9
ED-0033,419,06:59,113.7,117.5,112.9,111.6,118.5,114.0,108.3,115.1,112.7,111.8,109.4,113.0
ED-0033,420,07:00,114.5,117.6,111.7,110.9,118.7,116.2,109.4,114.9,112.5,111.9,109.2,113.4
ED-0033,421,07:01,114.0,117.5,112.1,111.6,119.0,115.5,109.3,115.8,113.1,111.8,110.0,112.2
ED-0033,422,07:02,113.7,117.8,112.3,110.7,119.1,114.5,109.1,116.0,112.3,112.2,110.4,112.7
ED-0033,423,07:03,114.5,117.4,112.3,111.7,119.5,115.5,109.0,115.7,112.5,112.2,109.8,112.7
ED-0033,424,07:04,115.0,118.0,112.9,110.7,119.4,114.9,109.2,116.1,112.8,112.5,110.4,113.6
ED-0033,425,07:05,114.4,118.3,113.0,111.2,118.5,115.1,109.9,116.2,113.0,112.5,110.6,112.5
ED-0033,426,07:06,114.4,117.6,112.8,111.9,119.7,115.7,109.9,116.4,113.3,111.9,109.8,112.5
ED-0033,427,07:07,114.4,117.3,112.6,112.1,119.8,115.5,110.5,116.4,112.0,112.9,110.0,113.0
ED-0033,428,07:08,114.8,118.0,113.2,111.2,119.4,115.6,110.2,116.1,113.6,112.1,110.6,113.3
ED-0033,429,07:09,115.8,117.7,112.6,111.5,119.8,115.0,109.3,115.9,113.4,112.3,110.6,112.8
ED-0033,430,07:10,116.4,117.1,112.6,111.3,119.2,115.4,110.3,116.3,113.2,112.6,110.8,113.0
ED-0033,431,07:11,115.0,117.3,113.4,112.6,119.9,116.1,109.8,117.3,112.5,112.7,111.0,113.7
ED-0033,432,07:12,115.1,116.9,113.4,112.5,120.1,115.8,110.2,116.7,113.1,112.1,110.6,113.8
ED-0033,433,07:13,115.4,118.1,113.2,112.3,119.9,116.0,109.9,117.0,112.3,112.9,110.8,112.9
ED-0033,434,07:14,114.8,117.9,112.4,112.3,120.1,115.5,109.9,116.6,113.8,113.0,109.6,113.5
ED-0033,435,07:15,115.2,118.7,112.9,111.5,120.0,116.3,109.7,116.3,113.9,112.4,110.9,113.7
ED-0033,436,07:16,115.2,118.9,112.0,112.4,120.2,116.5,109.7,118.4,113.2,111.9,110.2,114.3
ED-0033,437,07:17,115.2,118.8,113.2,111.6,119.5,116.0,110.2,116.8,113.6,112.9,110.2,113.7
ED-0033,438,07:18,115.7,118.8,113.2,110.9,119.9,116.4,110.9,117.5,112.4,113.0,110.6,113.6
ED-0033,439,07:19,115.5,118.4,113.1,111.7,120.3,117.6,110.3,116.1,113.2,111.8,110.0,114.3
ED-0033,440,07:20,116.0,118.3,113.0,111.9,120.2,116.5,110.5,117.5,113.6,111.9,110.3,113.3
ED-0033,441,07:21,115.4,119.2,112.5,111.6,120.5,116.7,110.5,117.2,113.2,112.9,111.7,113.5
ED-0033,442,07:22,116.3,118.7,112.3,111.8,120.7,117.0,110.6,117.1,113.9,112.6,110.6,113.9
ED-0033,443,07:23,115.8,118.8,112.8,112.0,121.3,116.2,110.8,117.9,112.9,112.6,110.9,113.8
ED-0033,444,07:24,116.1,118.7,113.6,111.8,120.3,116.2,110.9,116.9,114.0,112.1,109.8,114.4
ED-0033,445,07:25,116.1,118.3,113.7,111.7,120.8,117.1,111.6,117.1,112.5,112.9,110.9,114.2
ED-0033,446,07:26,115.8,119.2,112.8,112.0,120.3,117.5,111.9,117.5,113.2,112.9,111.4,113.9
ED-0033,447,07:27,116.3,118.6,113.6,112.9,120.3,116.9,111.5,117.9,113.3,113.0,110.5,113.7
ED-0033,448,07:28,116.1,118.1,113.0,112.0,121.2,117.1,111.3,118.1,113.4,112.9,110.5,114.5
ED-0033,449,07:29,115.6,118.7,113.3,112.2,121.1,117.1,111.4,118.4,113.6,112.3,110.8,114.1
ED-0033,450,07:30,116.5,118.2,112.5,111.6,121.4,116.0,110.3,117.6,114.4,113.1,110.4,114.2
ED-0033,451,07:31,115.9,118.7,112.8,111.9,120.8,117.9,111.5,117.6,113.1,112.0,111.4,113.8
ED-0033,452,07:32,116.3,118.7,113.7,111.7,120.9,116.7,111.7,118.7,113.9,113.2,111.0,114.4
ED-0033,453,07:33,116.9,118.1,112.7,111.9,119.5,116.7,111.4,117.7,113.7,113.0,111.7,114.7
ED-0033,454,07:34,115.5,118.3,113.6,111.8,120.1,116.9,111.8,117.6,112.8,112.6,111.2,114.8
ED-0033,455,07:35,115.8,117.5,113.9,112.0,121.6,116.6,111.1,117.7,114.0,112.4,111.1,115.1
ED-0033,456,07:36,115.6,119.1,113.0,111.7,120.9,117.3,111.2,118.3,113.4,111.7,110.5,114.7
ED-0033,457,07:37,116.0,119.2,114.0,112.0,121.4,117.6,111.5,118.7,113.9,113.2,110.7,115.4
ED-0033,458,07:38,116.4,119.2,112.7,111.7,121.4,117.7,111.8,118.1,114.3,114.0,110.1,114.0
ED-0033,459,07:39,116.1,118.7,113.4,112.6,121.2,117.0,112.0,118.0,113.9,112.8,111.0,114.8
ED-0033,460,07:40,116.1,118.6,113.6,111.0,120.7,117.4,112.0,117.3,112.9,112.3,110.4,114.5
ED-0033,461,07:41,116.5,118.5,114.8,113.0,122.1,117.2,111.9,118.2,114.3,113.0,110.5,114.3
ED-0033,462,07:42,115.6,118.9,113.7,112.7,121.5,117.7,112.3,119.0,113.9,112.6,111.8,115.3
ED-0033,463,07:43,116.0,118.4,113.2,112.7,121.2,117.6,110.7,118.8,112.9,111.9,111.0,114.4
ED-0033,464,07:44,116.0,118.4,113.8,112.3,122.0,117.3,112.1,118.6,113.8,113.0,110.2,114.8
ED-0033,465,07:45,116.9,119.0,112.8,112.1,121.1,118.1,111.2,117.7,113.9,114.6,111.7,115.3
ED-0033,466,07:46,115.5,118.8,113.5,112.7,121.6,116.7,111.6,119.0,113.9,112.8,110.7,115.1
ED-0033,467,07:47,115.8,119.0,113.2,111.9,121.0,117.7,112.1,118.6,114.5,113.2,111.4,114.5
ED-0033,468,07:48,117.1,119.4,112.9,111.5,121.7,117.0,112.0,118.5,114.0,113.2,111.3,115.2
ED-0033,469,07:49,116.5,118.9,112.5,111.3,122.0,117.9,111.6,118.6,114.4,113.9,111.2,114.3
ED-0033,470,07:50,116.8,118.7,113.7,112.9,121.6,117.2,110.9,117.9,114.5,113.1,111.4,114.6
ED-0033,471,07:51,116.4,119.2,112.8,112.3,121.7,117.1,112.0,118.8,113.2,112.3,110.5,114.3
ED-0033,472,07:52,116.1,118.5,112.9,112.2,121.5,117.2,111.5,117.7,115.1,113.3,111.2,114.6
ED-0033,473,07:53,116.5,119.4,112.9,112.7,122.2,117.6,111.7,118.1,114.2,112.6,111.9,114.6
ED-0033,474,07:54,117.2,119.1,114.0,111.9,120.8,118.0,110.8,119.0,114.7,112.8,111.4,114.4
ED-0033,475,07:55,117.0,119.1,112.7,113.4,121.9,117.3,112.2,118.1,114.1,113.5,111.4,115.3
ED-0033,476,07:56,116.7,118.4,114.3,112.8,120.1,117.8,110.9,119.0,113.8,113.1,110.9,115.4
ED-0033,477,07:57,115.9,118.7,113.4,112.2,121.8,117.4,112.3,118.5,113.7,113.4,111.4,114.7
ED-0033,478,07:58,116.9,119.3,114.0,113.3,121.5,117.6,112.9,118.4,114.4,113.9,111.6,115.0
ED-0033,479,07:59,116.0,119.0,112.6,113.1,122.4,117.8,111.7,119.0,113.3,113.2,111.0,115.1
ED-0033,480,08:00,116.3,119.6,112.4,111.9,122.1,117.9,111.7,118.6,114.5,113.1,110.8,115.0
ED-0033,481,08:01,116.3,118.3,113.1,112.4,121.9,118.6,112.2,118.0,113.3,114.0,112.1,115.0
ED-0033,482,08:02,117.2,120.1,113.2,113.2,121.8,117.8,111.6,118.9,113.7,114.1,111.8,114.7
ED-0033,483,08:03,116.6,119.0,113.1,112.0,121.8,117.3,112.7,118.3,113.9,113.0,111.7,115.3
ED-0033,484,08:04,116.8,119.7,113.2,111.9,122.5,118.2,111.6,119.4,115.0,114.4,111.1,115.9
ED-0033,485,08:05,117.1,119.5,114.2,112.1,121.9,118.1,112.6,118.4,114.9,113.4,111.2,115.2
ED-0033,486,08:06,116.4,119.3,112.9,112.7,122.0,118.6,112.1,119.0,113.7,112.8,111.7,115.3
ED-0033,487,08:07,116.8,118.7,113.5,112.5,122.6,119.0,112.4,119.0,114.0,113.6,111.6,115.6
ED-0033,488,08:08,117.3,119.7,113.4,113.3,122.2,118.5,112.8,118.9,114.6,112.4,112.1,114.8
ED-0033,489,08:09,117.4,119.1,113.8,111.8,122.6,118.1,112.3,118.6,114.4,114.2,110.6,115.6
ED-0033,490,08:10,117.7,119.6,113.8,112.1,121.8,117.9,112.9,118.3,114.4,113.2,111.7,115.4
ED-0033,491,08:11,116.3,118.2,113.1,111.8,123.2,118.8,113.2,119.4,114.4,113.4,111.2,115.6
ED-0033,492,08:12,116.4,118.6,113.4,112.7,122.2,119.5,112.6,119.4,114.9,112.8,110.9,115.7
ED-0033,493,08:13,116.2,119.0,113.6,111.5,122.0,119.1,111.7,119.3,115.4,113.7,112.0,114.9
ED-0033,494,08:14,116.4,119.3,114.1,112.9,121.5,118.3,112.6,118.3,114.8,113.3,111.1,116.1
ED-0033,495,08:15,116.6,119.1,114.0,111.5,122.7,117.4,112.3,118.8,113.9,113.8,111.3,114.4
ED-0033,496,08:16,116.2,119.0,113.3,112.5,122.0,118.1,111.6,119.5,113.4,113.7,112.4,114.3
ED-0033,497,08:17,116.6,119.0,113.2,112.8,122.8,118.9,112.0,119.2,114.1,112.6,111.5,115.7
ED-0033,498,08:18,117.6,119.0,113.3,112.6,122.0,117.6,112.4,118.6,114.3,112.1,111.8,115.3
ED-0033,499,08:19,116.5,118.8,112.8,111.7,122.3,118.4,111.9,118.6,114.7,113.4,111.2,115.4
ED-0033,500,08:20,117.2,120.0,112.7,112.7,122.2,118.8,112.6,119.6,114.1,113.2,111.3,115.7
ED-0033,501,08:21,116.5,119.1,113.2,112.3,121.6,118.2,113.2,118.8,114.1,116.3,111.1,115.8
ED-0033,502,08:22,116.4,119.9,113.4,112.4,123.2,117.9,111.9,118.9,115.1,116.4,111.1,114.8
ED-0033,503,08:23,116.5,119.8,113.4,112.2,121.7,118.3,112.3,118.5,115.1,117.6,112.5,115.8
ED-0033,504,08:24,116.0,119.1,117.1,112.0,121.9,118.7,112.3,119.3,114.3,118.6,111.9,115.8
ED-0033,505,08:25,117.0,118.7,117.8,112.0,122.0,119.1,112.2,119.4,114.4,120.7,111.7,114.2
ED-0033,506,08:26,118.1,120.0,118.8,113.1,123.0,118.6,111.5,118.2,113.8,120.0,112.0,116.1
ED-0033,507,08:27,116.6,118.5,120.3,115.9,122.6,118.9,113.0,119.1,114.5,120.7,111.4,115.0
ED-0033,508,08:28,117.2,118.8,119.8,117.1,121.9,118.5,112.9,119.7,113.8,121.7,111.1,115.9
ED-0033,509,08:29,117.4,119.9,120.9,116.6,122.0,118.3,112.2,118.8,114.1,122.6,112.8,115.1
ED-0033,510,08:30,116.4,122.5,121.4,117.9,122.3,118.6,113.2,119.4,116.6,122.2,111.8,114.7
ED-0033,511,08:31,117.1,123.7,121.5,119.3,121.7,119.5,111.9,118.8,118.0,122.6,112.3,115.8
ED-0033,512,08:32,117.0,124.4,121.6,119.1,122.1,119.6,113.1,118.7,119.3,123.4,112.3,115.0
ED-0033,513,08:33,116.8,125.2,122.7,120.6,122.9,118.9,112.8,118.6,120.7,123.4,114.5,115.3
ED-0033,514,08:34,116.3,126.7,123.7,120.0,122.4,118.4,112.1,119.6,120.1,124.0,115.5,116.0
ED-0033,515,08:35,117.9,127.3,123.7,120.8,122.6,119.8,112.5,119.0,121.2,124.2,116.6,115.3
ED-0033,516,08:36,116.7,128.2,124.0,121.7,121.2,118.1,112.0,118.8,122.0,125.6,117.7,114.5
ED-0033,517,08:37,116.6,128.3,125.2,121.8,122.2,118.9,112.4,120.2,121.8,125.5,118.5,116.0
ED-0033,518,08:38,116.2,128.6,125.3,122.5,122.9,119.4,111.7,119.5,123.3,124.9,119.3,115.7
ED-0033,519,08:39,117.0,128.9,124.9,122.4,123.0,118.8,112.2,118.5,124.4,125.6,119.2,115.2
ED-0033,520,08:40,117.2,129.4,125.5,123.6,122.2,118.2,112.6,119.2,123.9,124.7,119.0,115.3
ED-0033,521,08:41,116.7,128.8,126.3,123.3,122.9,118.1,112.3,119.5,124.2,126.0,119.8,115.3
ED-0033,522,08:42,116.6,129.9,125.6,123.5,122.7,119.3,112.8,119.1,124.6,126.3,120.2,114.9
ED-0033,523,08:43,116.6,130.7,126.3,124.9,121.8,118.4,112.8,118.7,126.0,126.8,120.2,115.2
ED-0033,524,08:44,116.4,131.0,126.6,124.0,123.3,118.2,112.6,118.9,124.9,128.2,121.7,116.1
ED-0033,525,08:45,117.6,131.5,127.6,123.9,122.3,119.9,112.5,119.5,126.1,127.4,122.0,115.2
ED-0033,526,08:46,119.4,131.8,128.2,125.6,123.0,119.1,113.2,120.3,125.8,128.4,121.7,116.6
ED-0033,527,08:47,120.8,131.8,127.4,125.0,122.8,117.5,112.3,118.8,126.7,127.9,122.3,115.4
ED-0033,528,08:48,121.6,132.1,127.2,126.3,122.2,119.5,112.7,118.6,127.3,129.1,122.9,116.5
ED-0033,529,08:49,122.1,133.2,128.2,125.8,122.5,119.2,112.4,119.8,127.1,128.1,123.8,118.0
ED-0033,530,08:50,123.9,133.2,128.2,127.0,123.0,119.9,112.6,119.2,127.4,129.0,123.2,119.0
ED-0033,531,08:51,123.9,133.7,128.8,126.4,123.2,118.2,112.2,119.1,127.3,129.7,123.2,120.1
ED-0033,532,08:52,123.7,134.1,129.1,125.7,122.5,119.5,111.8,118.9,128.3,129.2,123.4,121.1
ED-0033,533,08:53,125.7,133.5,129.5,127.3,123.0,119.3,112.9,119.3,127.9,129.1,125.2,122.4
ED-0033,534,08:54,126.1,134.0,129.6,127.2,123.1,119.0,113.6,119.8,128.7,130.6,123.8,122.7
ED-0033,535,08:55,126.1,134.5,129.7,127.9,122.6,119.2,112.4,119.3,129.0,129.5,124.9,122.4
ED-0033,536,08:56,125.9,135.1,130.9,127.4,123.2,118.1,112.3,119.1,128.6,130.6,125.8,123.0
ED-0033,537,08:57,126.8,135.0,130.8,127.6,122.3,119.5,112.9,121.9,129.9,129.9,124.2,123.3
ED-0033,538,08:58,127.4,134.7,130.2,127.7,123.0,118.5,113.5,123.1,129.4,130.6,125.4,124.9
ED-0033,539,08:59,127.9,136.1,131.4,129.1,123.8,119.4,112.1,124.3,129.7,130.5,126.3,125.3
ED-0033,540,09:00,128.8,136.8,130.4,128.5,125.1,118.0,113.0,124.9,130.4,130.2,126.6,125.3
ED-0033,541,09:01,128.7,135.3,131.2,129.2,126.2,118.7,112.4,125.6,130.9,130.8,125.5,126.2
ED-0033,542,09:02,129.0,136.3,131.8,129.3,128.3,119.3,112.7,126.8,131.2,132.1,126.6,126.3
ED-0033,543,09:03,129.5,136.3,132.2,129.0,128.1,118.8,116.2,127.0,130.9,131.8,126.5,125.7
ED-0033,544,09:04,130.4,137.0,132.0,129.1,128.6,119.7,116.7,128.3,131.2,132.5,127.6,127.0
ED-0033,545,09:05,129.9,136.9,131.9,130.1,129.5,119.0,117.3,128.8,131.8,131.5,126.9,127.0
ED-0033,546,09:06,129.6,136.8,132.4,129.6,130.3,121.7,117.9,128.8,132.7,132.3,127.7,127.9
ED-0033,547,09:07,130.6,137.8,133.3,131.0,130.7,122.8,119.0,129.4,131.2,133.7,127.5,128.3
ED-0033,548,09:08,130.8,138.2,132.2,131.5,131.6,124.7,120.2,129.4,132.2,132.5,128.7,129.2
ED-0033,549,09:09,130.9,138.0,132.2,131.7,133.0,125.6,120.4,130.2,133.2,133.8,128.4,127.7
ED-0033,550,09:10,132.1,138.1,133.9,130.8,133.0,125.8,121.6,130.7,131.7,132.3,127.9,128.3
ED-0033,551,09:11,132.4,138.5,133.8,132.0,133.3,126.1,121.1,131.1,133.2,133.3,128.1,129.8
ED-0033,552,09:12,132.3,139.4,132.9,131.9,132.2,127.1,121.4,131.4,132.8,133.6,129.0,128.6
ED-0033,553,09:13,133.2,139.5,133.3,131.2,134.3,127.4,122.6,131.7,132.9,134.1,130.8,130.2
ED-0033,554,09:14,132.6,139.4,133.5,131.9,133.8,128.0,123.4,131.8,134.4,134.0,129.6,130.4
ED-0033,555,09:15,132.5,139.9,133.9,132.3,134.7,128.2,122.4,132.5,132.9,135.2,130.4,130.6
ED-0033,556,09:16,133.6,140.2,133.9,132.7,134.7,127.8,123.9,132.4,133.3,135.0,130.0,131.5
ED-0033,557,09:17,133.2,140.0,135.1,133.1,135.8,129.5,123.4,132.6,134.5,135.4,130.1,131.6
ED-0033,558,09:18,134.3,140.4,134.5,132.6,135.5,130.3,123.8,132.5,134.3,134.7,130.1,130.5
ED-0033,559,09:19,133.7,140.5,135.1,133.1,136.1,130.3,125.2,133.8,134.1,135.2,129.9,130.8
ED-0033,560,09:20,133.7,141.4,135.0,134.0,135.8,130.4,124.5,134.2,134.0,135.0,130.6,132.5
ED-0033,561,09:21,134.7,141.3,135.1,132.8,138.2,130.8,125.1,134.2,134.3,135.3,131.1,131.9
ED-0033,562,09:22,135.5,140.9,135.6,133.6,137.3,131.1,124.4,134.0,135.5,136.4,131.3,132.6
ED-0033,563,09:23,135.1,141.4,135.6,134.1,138.0,131.8,126.1,134.2,136.0,135.8,131.2,132.6
ED-0033,564,09:24,135.5,141.0,135.8,134.3,137.4,131.2,125.6,135.2,135.1,135.5,131.9,132.0
ED-0033,565,09:25,134.7,141.2,136.3,134.9,137.4,132.0,126.4,135.2,135.5,136.3,132.2,134.1
ED-0033,566,09:26,136.0,141.9,135.9,134.6,139.0,131.8,126.4,135.4,135.5,136.5,133.0,133.1
ED-0033,567,09:27,135.4,142.3,137.0,134.1,138.1,133.3,126.4,135.5,136.4,136.8,132.6,132.8
ED-0033,568,09:28,136.6,142.2,137.1,135.1,138.8,133.4,127.0,135.7,136.6,136.7,131.6,133.0
ED-0033,569,09:29,135.7,142.2,137.3,134.5,139.2,133.4,127.2,137.0,136.6,136.5,132.5,134.4
ED-0033,570,09:30,136.1,142.3,137.4,135.2,139.9,134.4,128.5,137.2,136.3,137.2,132.6,134.2
ED-0033,571,09:31,136.1,143.0,137.3,134.7,140.7,133.4,128.4,135.8,137.3,137.2,132.1,134.1
ED-0033,572,09:32,136.1,143.0,136.2,135.7,140.2,135.0,128.0,137.4,136.3,137.8,133.1,135.4
ED-0033,573,09:33,137.6,143.4,137.1,135.4,140.2,135.9,128.6,137.6,137.0,137.6,132.9,134.7
ED-0033,574,09:34,136.9,143.8,138.4,135.8,140.8,135.0,127.9,137.2,136.7,138.0,134.4,134.4
ED-0033,575,09:35,137.2,143.9,138.6,135.9,140.9,135.6,129.1,138.4,136.9,138.0,133.9,134.5
ED-0033,576,09:36,136.8,144.0,137.6,136.6,142.1,135.6,130.0,138.5,135.8,138.4,133.7,135.8
ED-0033,577,09:37,137.9,144.6,137.2,136.4,141.8,136.5,128.7,138.9,138.0,138.3,134.2,136.1
ED-0033,578,09:38,138.1,143.5,139.0,136.3,140.9,135.7,129.1,138.5,136.8,137.9,134.0,135.2
ED-0033,579,09:39,138.1,144.1,138.7,136.3,141.3,136.1,130.0,138.7,137.3,139.2,134.5,135.5
ED-0033,580,09:40,138.7,144.3,138.8,136.7,142.0,136.8,130.2,138.2,139.2,138.1,134.6,136.5
ED-0033,581,09:41,139.1,144.2,138.1,137.6,142.3,137.2,129.8,139.5,138.7,139.4,134.2,136.6
ED-0033,582,09:42,139.1,145.7,139.2,137.2,143.2,136.5,130.5,139.5,139.1,139.0,135.1,136.6
ED-0033,583,09:43,138.9,144.8,139.7,137.2,142.9,137.5,131.3,140.0,139.4,139.0,135.5,135.4
ED-0033,584,09:44,139.2,144.2,138.6,137.4,144.3,138.2,131.1,139.5,138.1,139.8,135.3,137.5
ED-0033,585,09:45,139.5,146.5,139.5,137.9,142.7,138.5,131.4,140.1,139.2,140.0,135.4,137.7
ED-0033,586,09:46,140.7,145.7,139.5,138.2,143.7,137.3,132.0,139.6,139.1,138.9,135.4,136.9
ED-0033,587,09:47,140.1,145.6,139.1,138.4,142.8,139.4,131.1,140.7,139.3,139.9,135.1,137.9
ED-0033,588,09:48,139.3,144.8,140.1,138.3,144.4,138.5,131.4,140.4,140.8,140.1,135.3,137.3
ED-0033,589,09:49,140.5,145.2,139.2,138.9,145.3,138.8,131.7,140.6,139.9,140.3,135.6,138.7
ED-0033,590,09:50,140.4,145.7,140.6,138.5,143.4,139.0,131.8,141.4,139.6,140.5,135.7,138.2
ED-0033,591,09:51,141.7,146.2,139.4,139.2,145.0,139.6,132.6,141.4,140.8,140.9,135.9,138.2
ED-0033,592,09:52,140.3,146.7,139.1,139.0,145.4,140.4,133.9,142.0,140.6,140.4,137.0,138.9
ED-0033,593,09:53,141.0,146.4,140.1,139.0,144.7,139.9,132.2,142.3,140.8,140.0,136.4,138.4
ED-0033,594,09:54,141.3,146.6,141.3,139.1,145.2,139.6,131.8,141.0,140.1,140.9,135.9,138.9
ED-0033,595,09:55,140.9,147.3,140.1,138.6,145.7,139.3,132.5,142.2,140.9,141.1,135.8,139.0
ED-0033,596,09:56,142.0,146.7,141.9,138.8,145.3,141.0,133.7,141.5,140.9,142.2,137.1,138.9
ED-0033,597,09:57,142.5,146.8,142.0,139.0,145.8,140.8,133.7,142.4,140.4,140.8,137.3,139.3
ED-0033,598,09:58,141.1,148.0,141.0,139.1,144.7,140.2,133.4,142.3,141.2,142.0,137.6,139.6
ED-0033,599,09:59,142.3,148.4,141.8,140.7,146.8,140.4,133.7,142.5,141.7,141.7,137.8,139.5
ED-0033,600,10:00,142.5,147.4,142.5,140.6,146.9,141.3,133.8,143.5,141.3,142.2,137.4,139.5
ED-0033,601,10:01,142.5,148.7,142.3,138.9,145.5,141.0,134.9,143.3,141.9,141.8,137.2,140.1
ED-0033,602,10:02,143.5,147.5,142.6,139.4,145.9,141.7,133.9,142.5,141.2,142.2,137.6,140.7
ED-0033,603,10:03,143.4,148.9,142.1,139.0,147.1,141.5,134.9,143.6,141.8,141.3,137.9,141.0
ED-0033,604,10:04,142.7,148.1,141.6,140.7,147.5,141.8,134.8,143.5,141.7,142.0,137.4,140.3
ED-0033,605,10:05,143.4,147.7,142.2,140.1,147.8,141.7,135.0,143.5,142.4,142.7,138.7,140.5
ED-0033,606,10:06,143.4,148.2,143.0,140.2,147.4,142.3,136.2,143.4,142.2,143.1,138.6,141.0
ED-0033,607,10:07,143.2,148.8,142.8,140.9,148.9,141.9,135.6,144.3,142.6,142.6,138.3,141.3
ED-0033,608,10:08,143.4,149.7,142.6,142.4,147.7,142.5,134.9,144.4,142.6,143.1,139.1,141.7
ED-0033,609,10:09,143.5,149.3,143.5,141.2,147.7,143.7,136.9,144.4,143.8,143.0,138.5,141.1
ED-0033,610,10:10,144.5,149.1,142.2,141.1,147.9,142.4,136.6,144.5,143.5,142.7,138.7,140.7
ED-0033,611,10:11,143.8,150.0,143.8,140.5,149.3,143.7,136.3,144.8,143.5,142.8,139.0,141.3
ED-0033,612,10:12,144.8,149.4,143.8,143.1,148.7,143.7,136.0,145.1,143.1,143.9,139.4,141.8
ED-0033,613,10:13,143.7,149.2,144.4,141.8,149.5,144.3,137.0,145.0,143.4,143.3,139.3,141.6
ED-0033,614,10:14,144.0,149.6,143.5,141.9,149.0,143.7,135.6,145.9,142.8,143.2,139.9,142.2
ED-0033,615,10:15,144.8,149.7,143.6,141.5,148.3,144.0,135.6,145.2,143.6,143.7,140.5,142.7
ED-0033,616,10:16,145.1,150.0,143.8,141.3,149.5,144.8,137.5,146.3,144.1,144.1,140.0,142.2
ED-0033,617,10:17,145.7,150.6,142.8,143.0,150.3,143.9,137.0,146.6,144.0,144.2,140.1,143.0
ED-0033,618,10:18,145.3,151.0,144.0,142.1,150.7,144.3,137.3,146.5,144.0,143.5,139.8,142.9
ED-0033,619,10:19,145.1,150.8,144.7,142.5,149.8,144.4,138.3,146.0,144.2,144.4,140.3,142.9
ED-0033,620,10:20,145.9,150.5,143.9,142.7,150.3,144.6,137.7,147.6,144.5,144.3,140.0,142.3
ED-0033,621,10:21,145.2,150.5,144.3,142.8,150.5,144.7,138.0,147.2,144.3,144.0,141.3,143.5
ED-0033,622,10:22,145.8,151.2,145.2,142.6,151.0,144.9,137.5,146.4,144.5,144.7,140.7,143.8
ED-0033,623,10:23,145.7,152.2,144.5,143.4,150.4,145.0,138.8,147.4,145.3,145.6,140.9,143.4
ED-0033,624,10:24,146.0,151.6,144.9,143.2,151.3,145.3,138.3,147.8,144.6,144.4,140.5,144.6
ED-0033,625,10:25,146.4,151.2,145.2,143.6,150.8,146.0,138.9,147.6,145.7,144.9,141.0,143.6
ED-0033,626,10:26,147.0,152.3,144.7,143.3,151.4,145.9,138.7,146.8,144.9,145.4,141.0,143.7
ED-0033,627,10:27,146.4,151.9,144.6,143.9,152.1,145.9,138.8,147.3,145.4,144.1,141.1,143.8
ED-0033,628,10:28,146.6,152.1,145.9,143.8,150.9,144.8,139.3,147.8,145.6,144.7,141.7,144.0
ED-0033,629,10:29,147.6,151.9,145.5,143.7,151.7,146.5,139.4,148.6,144.4,145.5,142.3,144.9
ED-0033,630,10:30,147.1,152.4,146.2,144.1,151.5,147.4,138.6,148.5,144.8,145.8,141.5,145.0
ED-0033,631,10:31,147.8,152.3,145.2,144.1,151.4,146.8,139.4,148.0,146.3,146.6,141.2,145.0
ED-0033,632,10:32,147.0,152.7,146.3,144.3,151.8,145.7,139.3,147.5,146.3,145.8,142.0,144.7
ED-0033,633,10:33,147.4,152.4,146.3,144.3,151.9,146.6,140.6,147.8,145.4,145.8,142.6,145.5
ED-0033,634,10:34,147.3,152.5,146.8,144.5,151.9,147.5,140.6,149.1,146.6,146.4,142.1,145.1
ED-0033,635,10:35,148.2,153.3,146.5,145.0,152.0,146.3,139.8,148.9,146.7,146.5,142.3,144.9
ED-0033,636,10:36,148.1,153.3,146.6,145.4,152.8,148.4,139.4,149.5,146.7,145.5,143.2,146.4
ED-0033,637,10:37,148.3,152.7,147.5,144.9,153.0,147.4,139.0,149.5,146.4,146.7,143.0,146.5
ED-0033,638,10:38,147.5,152.7,146.1,144.1,152.7,146.4,140.3,149.9,146.9,146.4,142.4,145.8
ED-0033,639,10:39,148.2,153.4,147.4,144.6,153.4,146.5,140.8,149.1,146.1,147.5,144.1,146.4
ED-0033,640,10:40,148.3,153.9,147.2,145.2,153.1,148.2,139.6,149.3,147.1,146.9,144.6,146.4
ED-0033,641,10:41,148.9,153.7,148.4,144.8,153.4,148.7,140.8,150.2,147.4,147.3,143.2,145.5
ED-0033,642,10:42,148.5,153.9,146.6,144.9,153.7,147.6,141.2,150.4,147.4,146.5,142.5,146.8
ED-0033,643,10:43,149.9,154.0,147.5,144.7,154.0,147.8,141.4,150.0,147.6,147.5,143.3,147.0
ED-0033,644,10:44,148.9,153.3,147.4,145.3,153.7,148.7,141.0,149.7,148.0,148.6,143.4,146.7
ED-0033,645,10:45,149.1,153.3,147.6,146.2,154.3,148.1,140.7,150.2,147.5,146.2,143.6,145.7
ED-0033,646,10:46,148.9,155.1,147.7,145.4,154.6,148.7,142.3,150.0,147.2,147.6,143.2,147.5
ED-0033,647,10:47,148.8,154.4,147.4,145.6,154.7,148.9,142.7,150.1,148.4,146.9,143.5,147.4
ED-0033,648,10:48,149.3,154.1,148.3,146.4,155.0,150.0,142.3,150.7,148.1,147.2,143.9,146.7
ED-0033,649,10:49,149.8,154.2,147.8,146.5,154.0,150.0,141.8,150.3,148.4,148.4,143.9,147.5
ED-0033,650,10:50,149.3,154.4,148.1,146.0,153.6,150.2,142.0,151.0,148.3,148.3,144.3,146.9
ED-0033,651,10:51,149.4,155.1,147.6,145.3,154.3,149.2,143.6,151.3,148.4,148.6,144.0,147.9
ED-0033,652,10:52,149.5,155.7,148.1,146.8,155.1,149.6,141.3,151.5,148.2,147.7,144.4,147.5
ED-0033,653,10:53,149.3,155.8,148.2,146.4,155.6,150.4,142.9,151.1,148.3,148.7,145.1,147.5
ED-0033,654,10:54,149.2,154.5,148.7,147.1,155.2,149.4,142.9,150.7,148.0,148.6,144.5,148.6
ED-0033,655,10:55,149.9,154.1,148.1,146.0,155.8,150.1,142.9,152.6,149.0,149.1,144.9,147.7
ED-0033,656,10:56,150.5,156.0,148.8,147.8,155.3,148.8,143.1,151.7,148.1,148.3,144.9,148.5
ED-0033,657,10:57,149.9,156.3,149.0,147.2,155.8,150.8,142.9,151.5,148.4,148.6,145.1,148.0
ED-0033,658,10:58,149.9,155.0,148.7,148.3,156.1,150.8,142.9,151.7,147.9,148.6,146.5,148.5
ED-0033,659,10:59,151.4,155.8,149.3,146.9,156.3,150.2,143.4,152.5,149.8,149.5,145.1,147.9
ED-0033,660,11:00,151.5,155.5,149.5,147.8,154.7,150.5,144.5,153.0,149.4,149.6,145.0,148.7
ED-0033,661,11:01,151.3,157.5,149.4,146.8,157.4,150.9,143.5,152.7,149.1,149.0,146.0,149.3
ED-0033,662,11:02,149.8,155.0,149.5,148.1,157.2,150.6,143.5,152.6,150.1,148.7,144.6,148.3
ED-0033,663,11:03,151.6,155.8,149.4,148.1,156.2,151.8,143.8,151.9,149.2,149.1,145.4,149.3
ED-0033,664,11:04,151.6,155.9,149.2,147.9,155.8,151.0,144.1,153.2,150.0,148.9,146.2,149.2
ED-0033,665,11:05,152.6,157.5,149.7,148.6,157.4,152.1,145.1,152.0,150.5,149.2,146.2,148.4
ED-0033,666,11:06,151.1,156.2,150.1,148.4,156.6,150.7,143.8,154.2,149.9,149.9,146.3,149.7
ED-0033,667,11:07,151.5,156.2,150.0,148.3,157.0,151.5,144.3,153.9,150.1,150.2,146.2,149.8
ED-0033,668,11:08,152.8,157.3,149.0,148.3,157.4,151.1,144.1,154.1,150.7,150.5,146.0,149.9
ED-0033,669,11:09,151.8,157.4,150.3,148.5,158.2,151.4,145.0,152.7,150.4,150.1,146.9,150.1
ED-0033,670,11:10,152.0,157.0,149.7,148.4,156.5,151.7,144.8,153.9,149.5,149.9,146.4,149.2
ED-0033,671,11:11,151.7,157.0,151.4,149.4,158.3,152.1,145.5,154.5,150.5,150.8,146.7,150.4
ED-0033,672,11:12,152.0,157.2,151.3,148.7,158.5,152.7,144.1,153.2,151.0,149.9,146.4,149.7
ED-0033,673,11:13,152.7,157.5,150.3,149.7,158.5,153.1,145.3,154.3,150.7,149.9,146.4,150.6
ED-0033,674,11:14,152.7,158.1,150.2,148.7,158.2,152.5,145.3,154.6,150.9,150.7,146.9,149.9
ED-0033,675,11:15,152.5,157.0,151.4,149.1,157.4,153.0,145.6,154.2,150.7,150.9,147.4,150.4
ED-0033,676,11:16,152.7,158.0,151.3,149.5,157.8,152.2,146.2,153.8,151.6,150.5,147.0,149.8
ED-0033,677,11:17,153.2,158.3,151.1,149.6,158.8,152.6,146.3,154.7,152.1,150.9,147.5,150.2
ED-0033,678,11:18,152.7,158.4,150.6,150.4,158.8,152.2,144.5,154.4,151.4,151.2,147.7,150.8
ED-0033,679,11:19,154.1,158.2,151.1,149.7,158.7,153.3,146.2,154.6,151.7,151.6,146.8,150.8
ED-0033,680,11:20,153.0,158.6,150.5,150.4,158.8,153.5,145.4,154.6,152.4,150.4,148.1,150.6
ED-0033,681,11:21,153.1,158.2,151.1,149.1,159.3,153.6,146.5,154.9,152.0,151.6,147.8,150.5
ED-0033,682,11:22,153.0,158.4,151.0,149.7,159.8,154.3,146.2,155.4,152.3,151.5,148.0,150.7
ED-0033,683,11:23,154.0,159.1,152.7,149.9,160.9,153.1,146.6,154.7,151.8,151.8,147.3,151.7
ED-0033,684,11:24,153.9,157.9,152.4,150.6,160.4,153.5,146.4,156.0,152.2,151.3,146.8,151.5
ED-0033,685,11:25,154.3,159.0,151.7,150.8,159.1,154.5,146.6,156.1,152.1,151.4,147.5,151.5
ED-0033,686,11:26,154.0,158.6,151.3,150.9,159.7,154.2,146.0,155.8,152.1,152.4,148.0,151.6
ED-0033,687,11:27,153.2,159.7,152.1,151.0,160.4,155.2,146.4,155.2,151.9,151.8,148.6,152.3
ED-0033,688,11:28,154.3,158.2,151.8,150.1,160.1,154.3,146.6,156.1,151.0,151.7,148.2,150.9
ED-0033,689,11:29,153.5,158.7,151.6,151.7,161.1,153.7,147.1,155.9,152.9,153.6,148.5,151.7
ED-0033,690,11:30,153.6,159.5,152.1,151.6,161.6,154.3,146.6,154.9,152.3,152.2,147.8,151.6
ED-0033,691,11:31,155.2,159.5,152.1,150.5,160.6,155.3,147.8,156.1,152.5,152.6,149.1,152.0
ED-0033,692,11:32,155.0,159.9,152.7,151.1,160.7,155.0,147.3,156.5,153.0,152.6,149.2,153.0
ED-0033,693,11:33,155.9,160.0,152.8,150.9,161.2,155.2,147.1,157.0,152.8,152.6,149.0,151.9
ED-0033,694,11:34,155.3,160.1,153.1,151.0,160.6,154.6,147.4,156.8,153.4,152.8,148.8,152.8
ED-0033,695,11:35,155.1,160.2,153.0,151.9,161.0,156.3,146.9,156.8,153.2,152.7,148.8,153.4
ED-0033,696,11:36,155.4,160.6,153.4,151.2,161.6,155.9,147.6,157.8,153.2,153.1,149.6,152.5
ED-0033,697,11:37,154.9,160.1,153.1,151.0,161.5,154.7,147.6,157.6,153.6,152.9,148.6,153.2
ED-0033,698,11:38,155.6,159.6,153.3,151.1,161.7,156.0,147.4,157.1,152.4,152.6,150.0,152.4
ED-0033,699,11:39,155.1,159.9,154.3,152.2,161.8,155.7,147.8,158.4,154.0,153.4,149.9,152.4
ED-0033,700,11:40,156.4,160.7,153.2,151.7,162.3,156.2,148.2,157.0,154.2,153.2,150.6,152.8
ED-0033,701,11:41,155.1,160.8,153.9,152.2,160.9,156.0,148.4,157.0,153.2,153.3,149.8,153.1
ED-0033,702,11:42,155.8,161.7,153.8,151.9,161.1,155.4,148.8,157.8,154.8,153.5,150.6,154.2
ED-0033,703,11:43,155.1,160.8,154.0,152.6,163.1,155.7,148.3,157.6,153.7,154.0,149.6,153.2
ED-0033,704,11:44,155.6,160.8,153.8,151.8,161.0,156.7,148.9,157.1,153.7,154.1,150.1,153.6
ED-0033,705,11:45,155.7,160.8,154.1,152.9,162.3,156.5,148.5,159.1,153.3,153.0,150.5,153.8
ED-0033,706,11:46,156.3,161.7,154.2,153.2,162.2,156.5,148.9,157.7,154.7,154.1,150.4,153.7
ED-0033,707,11:47,155.7,160.9,155.0,152.3,161.7,156.7,148.9,158.7,154.3,153.6,150.9,154.1
ED-0033,708,11:48,156.8,161.7,155.0,152.7,163.3,156.9,148.7,158.2,154.0,154.1,149.8,153.4
ED-0033,709,11:49,157.1,161.4,154.7,152.8,162.8,156.5,150.0,158.8,154.1,155.2,150.5,154.4
ED-0033,710,11:50,156.0,162.1,154.1,153.1,163.7,156.6,149.4,158.6,154.8,154.1,151.0,154.4
ED-0033,711,11:51,156.9,162.4,154.5,152.8,162.7,157.4,148.9,158.5,154.8,154.8,150.8,153.9
ED-0033,712,11:52,157.4,161.1,154.0,153.5,163.2,156.9,149.3,158.2,154.6,154.9,151.1,154.3
ED-0033,713,11:53,157.7,161.2,154.2,152.0,163.4,157.1,149.0,159.2,156.5,154.4,151.6,155.3
ED-0033,714,11:54,156.8,161.0,154.4,152.6,162.7,157.4,150.2,159.3,155.3,155.4,151.8,155.4
ED-0033,715,11:55,157.9,161.9,155.2,152.7,162.8,158.1,149.9,159.7,155.2,155.3,151.9,154.4
ED-0033,716,11:56,157.6,161.3,155.4,153.1,163.4,157.2,149.1,159.3,154.6,154.9,151.2,155.7
ED-0033,717,11:57,157.5,161.7,155.1,153.2,163.8,158.4,150.4,158.6,155.5,155.4,151.8,154.9
ED-0033,718,11:58,157.8,161.5,155.2,153.0,163.8,158.7,150.0,159.3,155.3,154.5,151.4,154.9
ED-0033,719,11:59,158.3,161.5,155.8,153.8,163.5,158.5,149.7,158.7,155.2,155.6,152.2,155.5
ED-0033,720,12:00,158.6,161.7,155.3,153.3,163.0,158.4,150.3,159.4,155.7,155.3,151.3,155.4
ED-0033,721,12:01,156.9,162.7,156.2,153.2,164.1,158.6,150.5,159.6,155.9,155.1,151.4,155.2
ED-0033,722,12:02,156.9,163.6,155.9,153.8,163.9,158.6,150.2,159.8,155.9,155.6,151.9,155.3
ED-0033,723,12:03,159.1,163.2,156.2,155.2,164.6,158.9,150.2,159.7,156.3,155.4,152.6,155.5
ED-0033,724,12:04,158.4,162.4,156.3,153.9,163.9,158.6,149.6,159.8,156.0,156.7,152.4,156.1
ED-0033,725,12:05,157.9,163.2,157.0,153.6,163.9,158.3,149.9,160.4,156.2,155.2,152.2,155.2
ED-0033,726,12:06,158.3,162.2,156.9,154.8,164.1,158.7,150.8,159.6,156.2,156.6,152.9,156.7
ED-0033,727,12:07,158.5,163.2,156.3,154.1,164.9,159.1,150.5,159.4,156.2,156.6,152.0,155.4
ED-0033,728,12:08,158.1,163.3,156.0,154.3,164.7,159.4,151.4,161.5,157.2,156.0,153.5,156.3
ED-0033,729,12:09,158.4,162.7,156.0,155.8,164.9,158.4,150.9,160.8,156.5,156.0,151.9,157.1
ED-0033,730,12:10,158.4,163.4,156.3,155.4,164.4,159.9,151.8,160.2,156.9,156.4,152.8,156.3
ED-0033,731,12:11,158.3,163.9,157.0,154.2,165.7,159.6,150.9,161.1,156.3,156.2,153.3,156.3
ED-0033,732,12:12,158.5,164.2,156.1,154.2,164.4,159.8,150.7,160.3,156.6,156.2,152.2,157.1
ED-0033,733,12:13,158.2,163.7,157.1,154.2,165.4,159.5,151.7,161.2,157.1,156.7,152.4,156.1
ED-0033,734,12:14,158.5,164.5,157.0,154.5,165.5,160.3,152.3,160.9,157.1,156.1,152.8,156.9
ED-0033,735,12:15,159.1,164.5,157.0,155.3,166.2,159.7,152.6,161.5,156.9,157.9,152.7,157.0
ED-0033,736,12:16,159.1,164.2,157.1,155.0,166.3,159.8,152.3,161.3,157.3,157.6,153.0,157.8
ED-0033,737,12:17,159.2,164.5,157.9,155.7,165.8,160.0,152.2,160.2,156.7,158.5,153.4,157.0
ED-0033,738,12:18,159.4,163.7,157.8,156.2,165.8,160.9,151.8,161.5,157.4,156.4,153.5,157.0
ED-0033,739,12:19,160.6,164.8,157.3,155.6,166.3,160.4,151.9,162.0,158.0,157.5,153.9,157.5
ED-0033,740,12:20,159.6,164.9,157.4,156.0,166.7,160.8,152.3,161.4,156.8,157.6,153.5,158.0
ED-0033,741,12:21,160.0,164.0,157.2,155.6,165.9,160.6,152.3,161.3,158.3,157.1,153.3,157.2
ED-0033,742,12:22,159.6,164.2,157.9,156.5,166.7,160.9,152.6,161.3,157.8,156.9,154.1,157.0
ED-0033,743,12:23,160.5,165.4,157.6,155.7,166.2,160.6,152.5,162.1,158.7,156.7,153.4,157.3
ED-0033,744,12:24,160.3,164.5,156.9,155.4,166.0,160.6,152.4,162.6,158.4,158.2,153.2,156.8
ED-0033,745,12:25,159.5,165.5,158.2,156.9,166.2,160.4,152.8,162.3,157.6,157.6,154.4,158.1
ED-0033,746,12:26,160.1,165.4,156.7,156.6,166.2,161.6,152.4,162.3,158.2,157.8,155.0,158.0
ED-0033,747,12:27,160.8,165.5,157.4,155.9,166.4,160.4,153.0,162.8,158.2,158.1,154.4,158.4
ED-0033,748,12:28,161.7,166.1,158.4,156.1,166.9,161.7,153.4,162.2,158.7,157.6,154.4,158.3
ED-0033,749,12:29,160.2,165.8,158.0,156.6,167.1,161.7,153.6,162.4,158.5,157.5,154.4,158.0
ED-0033,750,12:30,159.8,165.6,158.5,156.8,166.9,161.1,153.1,163.1,158.6,157.4,152.4,158.2
ED-0033,751,12:31,160.1,165.8,157.6,156.7,166.6,162.6,153.9,162.3,158.5,158.2,154.5,158.2
ED-0033,752,12:32,161.1,165.8,158.9,156.9,166.8,162.6,153.5,162.8,158.7,158.4,155.1,158.5
ED-0033,753,12:33,160.7,166.1,157.7,156.8,167.1,162.2,152.8,163.3,158.9,158.2,154.5,159.1
ED-0033,754,12:34,161.8,166.2,158.5,157.1,167.2,161.9,153.7,162.5,158.7,158.4,155.4,158.9
ED-0033,755,12:35,161.7,166.7,158.9,156.1,168.0,161.4,153.8,163.7,159.4,158.5,155.2,158.8
ED-0033,756,12:36,161.4,166.4,158.5,156.9,166.3,161.8,153.8,163.5,159.4,159.0,155.5,158.6
ED-0033,757,12:37,160.6,166.5,159.3,157.6,167.8,163.0,153.7,162.7,158.4,159.5,155.1,158.7
ED-0033,758,12:38,161.5,166.6,159.3,156.8,168.6,163.1,153.8,164.4,159.4,158.8,155.2,159.7
ED-0033,759,12:39,161.3,165.3,159.2,157.0,168.4,163.2,154.9,163.3,159.5,159.1,155.0,158.8
ED-0033,760,12:40,161.1,166.7,158.5,157.2,167.2,162.8,154.2,164.2,158.3,159.5,154.8,159.2
ED-0033,761,12:41,162.9,166.6,159.2,157.7,168.5,162.3,153.8,164.3,160.0,159.1,155.3,159.4
ED-0033,762,12:42,161.8,167.4,160.7,156.6,168.7,162.0,154.3,164.2,158.9,159.5,156.0,159.5
ED-0033,763,12:43,161.4,166.4,160.4,158.2,168.0,163.2,154.6,163.8,159.5,159.4,155.5,160.7
ED-0033,764,12:44,162.1,166.0,159.0,157.7,168.9,162.2,154.2,164.1,159.3,159.5,155.5,159.9
ED-0033,765,12:45,162.0,166.8,159.5,157.3,168.7,163.4,154.0,164.5,158.5,159.0,155.1,159.9
ED-0033,766,12:46,162.0,167.2,159.8,158.4,168.1,163.6,154.6,163.2,159.6,159.4,156.1,160.9
ED-0033,767,12:47,162.3,167.2,160.0,158.4,167.7,163.1,155.2,164.2,160.3,159.2,156.7,160.1
ED-0033,768,12:48,162.9,167.0,159.0,157.6,168.7,163.4,154.2,165.4,160.4,159.0,154.7,159.4
ED-0033,769,12:49,162.4,168.2,159.9,158.3,168.8,163.1,154.7,165.5,160.9,159.7,155.0,160.3
ED-0033,770,12:50,163.5,167.4,160.2,158.2,168.9,162.7,154.9,164.4,161.2,159.1,155.8,160.5
ED-0033,771,12:51,162.8,167.1,159.6,158.7,170.0,164.6,155.6,164.7,160.5,160.5,156.2,159.8
ED-0033,772,12:52,163.4,166.9,159.5,158.6,169.0,162.5,155.8,165.1,159.8,160.4,157.0,160.7
ED-0033,773,12:53,162.3,167.5,160.0,159.6,169.4,163.8,155.2,165.3,161.3,160.0,156.7,160.8
ED-0033,774,12:54,163.4,168.3,160.5,158.2,169.4,163.9,155.7,166.4,161.9,160.9,157.4,161.4
ED-0033,775,12:55,163.4,167.4,160.4,160.0,169.0,164.8,156.9,166.3,161.1,160.1,157.2,160.3
ED-0033,776,12:56,163.0,168.1,160.3,159.2,169.6,164.2,155.9,165.8,161.4,160.3,156.9,159.9
ED-0033,777,12:57,163.6,167.9,161.3,159.0,168.1,164.3,155.9,165.4,161.0,160.2,157.1,160.9
ED-0033,778,12:58,162.7,167.4,160.4,158.6,169.8,164.1,156.5,165.8,161.2,160.3,157.0,161.4
ED-0033,779,12:59,164.1,168.2,160.9,158.5,170.3,164.7,157.1,166.7,161.1,161.2,156.8,159.8
ED-0033,780,13:00,163.7,169.1,160.3,159.0,170.6,164.5,155.6,165.2,161.6,160.6,156.2,161.8
ED-0033,781,13:01,163.2,168.4,161.2,159.7,170.8,163.9,156.6,165.3,161.8,161.1,156.6,161.4
ED-0033,782,13:02,163.5,168.5,161.1,159.4,170.4,164.6,156.1,166.3,161.0,161.9,157.3,161.1
ED-0033,783,13:03,163.9,168.1,161.1,160.1,170.3,164.7,156.1,166.1,161.5,160.2,157.0,162.7
ED-0033,784,13:04,164.2,169.1,160.0,159.6,170.6,165.1,157.3,165.7,161.6,162.0,157.6,161.1
ED-0033,785,13:05,164.7,169.6,161.2,159.4,169.9,165.2,156.6,165.1,161.7,160.8,157.7,161.9
ED-0033,786,13:06,164.3,169.4,161.7,159.8,170.6,165.0,157.2,166.2,162.0,161.9,158.1,161.4
ED-0033,787,13:07,164.4,169.2,161.8,160.2,170.7,164.2,156.9,165.2,162.4,161.4,157.9,161.3
ED-0033,788,13:08,164.8,169.1,161.6,160.5,170.7,165.4,157.2,166.9,161.8,160.9,157.0,162.4
ED-0033,789,13:09,163.3,169.9,161.1,159.4,170.7,164.6,156.7,166.3,162.0,161.8,157.4,162.4
ED-0033,790,13:10,164.9,169.2,161.5,160.2,171.7,165.3,157.7,165.8,162.9,162.1,157.4,161.8
ED-0033,791,13:11,164.9,169.2,162.6,160.3,170.5,165.6,157.5,167.2,162.7,162.1,157.2,161.4
ED-0033,792,13:12,164.6,169.2,161.7,161.0,171.6,165.6,157.9,166.3,162.0,161.5,158.3,162.1
ED-0033,793,13:13,165.0,169.6,162.0,159.7,171.1,166.1,157.2,167.3,162.0,161.2,157.8,162.4
ED-0033,794,13:14,165.7,169.3,162.2,160.6,170.6,166.1,158.1,166.6,162.7,162.2,160.0,162.5
ED-0033,795,13:15,165.2,169.7,161.0,161.1,170.7,165.2,158.1,166.3,161.7,161.9,158.4,162.3
ED-0033,796,13:16,164.9,169.6,162.8,159.4,171.9,165.7,158.1,167.8,162.8,162.0,158.8,162.7
ED-0033,797,13:17,165.0,169.5,162.5,160.6,171.6,166.2,158.9,167.6,162.4,162.7,158.0,162.6
ED-0033,798,13:18,165.2,170.1,162.5,160.1,172.1,166.0,157.0,167.2,163.4,162.7,158.6,162.2
ED-0033,799,13:19,165.8,170.2,162.7,161.2,172.3,167.1,158.2,167.2,162.7,162.3,158.7,162.9
ED-0033,800,13:20,165.0,170.1,163.3,160.0,171.5,166.7,157.0,168.2,163.5,163.4,159.2,163.1
ED-0033,801,13:21,165.7,170.6,162.2,160.4,171.9,166.3,158.8,167.9,163.2,162.4,158.6,163.0
ED-0033,802,13:22,165.2,170.6,163.4,161.4,172.5,166.4,157.6,168.3,163.4,162.4,159.2,162.6
ED-0033,803,13:23,165.5,170.9,162.5,160.3,172.0,166.7,158.1,167.7,163.4,162.3,159.6,164.1
ED-0033,804,13:24,164.9,170.3,162.4,160.4,172.4,167.0,157.7,167.3,163.9,162.6,158.6,163.4
ED-0033,805,13:25,164.8,170.0,163.2,161.3,173.2,167.3,158.7,168.6,164.0,162.9,158.9,164.3
ED-0033,806,13:26,165.7,171.0,163.3,160.8,172.6,167.2,158.3,168.4,163.6,162.5,158.7,163.4
ED-0033,807,13:27,166.1,170.5,163.3,160.9,172.8,167.3,157.9,167.7,163.7,162.7,159.9,163.3
ED-0033,808,13:28,165.5,170.6,163.7,161.9,172.3,167.7,158.6,168.4,163.7,163.4,159.0,163.7
ED-0033,809,13:29,166.6,171.1,162.7,161.1,173.2,167.6,158.7,169.0,164.0,163.1,159.4,163.4
ED-0033,810,13:30,166.4,170.8,163.5,161.5,173.2,168.0,159.1,168.2,164.2,163.0,159.7,163.8
ED-0033,811,13:31,165.8,171.5,163.0,161.0,173.1,167.0,159.3,168.9,164.2,163.3,159.6,164.2
ED-0033,812,13:32,166.3,171.2,162.7,160.9,173.3,167.1,158.8,167.8,164.4,164.1,159.3,164.6
ED-0033,813,13:33,166.7,171.4,163.2,161.6,172.8,167.2,158.5,167.8,164.4,163.9,160.8,164.3
ED-0033,814,13:34,166.1,172.2,163.0,163.0,173.3,166.9,159.1,168.6,164.3,163.2,160.0,163.7
ED-0033,815,13:35,166.3,171.7,164.2,162.0,173.2,167.2,159.1,168.8,164.1,163.7,159.4,164.7
ED-0033,816,13:36,166.1,171.8,164.2,161.8,173.7,168.4,159.7,168.9,163.9,163.7,160.0,164.3
ED-0033,817,13:37,167.5,171.1,164.4,161.4,174.4,168.0,159.6,169.3,164.1,163.9,160.1,164.5
ED-0033,818,13:38,167.5,171.7,164.6,162.4,172.7,168.0,159.0,169.0,164.3,163.1,159.9,163.2
ED-0033,819,13:39,166.3,171.7,164.5,162.6,174.5,168.2,159.7,168.4,164.6,163.1,159.7,165.5
ED-0033,820,13:40,167.5,172.5,164.7,162.2,174.3,168.2,159.5,169.7,164.9,164.3,160.9,164.7
ED-0033,821,13:41,167.1,171.9,164.5,161.6,174.0,168.3,160.0,169.9,164.4,163.8,161.3,164.3
ED-0033,822,13:42,167.3,171.8,163.2,162.5,173.3,166.4,159.9,170.3,165.2,163.7,160.3,164.7
ED-0033,823,13:43,167.6,171.9,164.6,163.1,174.8,168.4,159.8,168.9,164.9,164.2,160.6,165.6
ED-0033,824,13:44,167.2,172.2,164.8,163.0,173.9,168.2,159.4,170.2,165.6,164.0,160.5,165.2
ED-0033,825,13:45,166.3,172.7,164.0,162.9,173.9,168.7,160.1,170.1,165.5,164.4,160.8,164.7
ED-0033,826,13:46,167.4,172.2,165.0,163.0,173.4,169.3,159.5,169.7,165.0,164.6,160.9,165.7
ED-0033,827,13:47,167.3,173.0,164.8,162.9,174.5,168.8,160.2,169.7,165.1,164.2,160.7,165.3
ED-0033,828,13:48,167.7,172.1,164.6,163.1,174.7,168.4,160.0,169.5,165.8,164.7,161.4,164.9
ED-0033,829,13:49,167.8,172.8,164.8,163.1,174.5,168.4,161.1,170.5,165.0,164.3,161.0,165.5
ED-0033,830,13:50,168.1,172.2,165.0,163.6,174.4,169.7,160.5,170.4,165.3,165.5,161.6,165.1
ED-0033,831,13:51,167.2,172.6,164.5,162.5,174.3,170.0,161.5,169.7,165.0,164.7,160.7,166.8
ED-0033,832,13:52,168.6,172.9,165.7,162.9,175.1,168.5,160.9,170.0,165.7,164.8,161.3,166.5
ED-0033,833,13:53,168.6,173.7,165.4,163.5,175.9,170.2,161.4,170.0,165.8,165.5,161.2,165.8
ED-0033,834,13:54,167.9,173.0,164.9,162.7,175.0,169.6,160.3,170.2,165.4,165.0,161.9,165.9
ED-0033,835,13:55,168.0,173.0,165.6,162.6,175.8,169.4,160.9,171.5,166.6,165.3,162.5,164.9
ED-0033,836,13:56,168.3,172.9,164.6,164.0,175.7,168.6,161.1,170.9,165.4,164.7,160.7,166.2
ED-0033,837,13:57,168.6,173.0,165.0,164.4,175.8,169.6,161.8,170.5,165.7,165.4,162.0,166.6
ED-0033,838,13:58,168.7,173.3,165.3,163.5,175.3,170.5,161.1,171.5,166.1,165.3,161.9,166.0
ED-0033,839,13:59,168.6,173.4,165.3,163.3,176.2,169.0,161.1,171.4,166.4,165.7,161.8,167.1
ED-0033,840,14:00,168.7,173.2,166.2,163.4,175.5,169.2,161.1,170.6,166.3,166.1,162.1,166.4
ED-0033,841,14:01,169.4,173.6,165.7,163.9,175.6,170.9,160.6,170.2,166.2,166.2,162.6,166.5
ED-0033,842,14:02,168.9,175.1,165.9,163.7,175.1,170.5,162.3,170.7,166.8,164.4,162.1,166.3
ED-0033,843,14:03,169.9,173.5,166.0,164.5,175.4,169.8,161.3,171.3,167.0,165.7,161.9,167.2
ED-0033,844,14:04,169.0,174.7,166.7,164.0,177.2,170.0,162.1,171.6,166.7,165.0,162.6,166.4
ED-0033,845,14:05,169.2,174.3,166.3,163.7,175.8,170.3,160.5,172.1,166.9,165.4,162.6,166.8
ED-0033,846,14:06,168.7,174.3,166.3,164.5,176.6,170.9,160.7,172.3,166.1,166.9,161.5,166.7
ED-0033,847,14:07,168.8,174.5,166.1,164.5,175.5,170.1,161.4,170.8,166.8,165.6,162.1,167.7
ED-0033,848,14:08,169.3,175.0,166.3,164.3,177.1,170.9,162.5,171.9,167.0,166.5,162.8,166.9
ED-0033,849,14:09,170.1,174.5,166.2,165.0,176.3,170.8,162.4,172.1,166.3,166.1,163.0,166.5
ED-0033,850,14:10,169.7,175.8,167.4,164.2,175.8,170.5,162.1,172.0,166.1,166.6,162.7,166.3
ED-0033,851,14:11,169.7,173.8,165.9,165.7,176.3,170.5,162.2,173.5,167.0,167.3,162.5,167.6
ED-0033,852,14:12,170.5,175.2,167.1,164.8,176.9,170.4,162.6,172.0,166.1,166.2,162.9,167.7
ED-0033,853,14:13,169.7,173.9,166.4,165.0,177.4,170.6,161.4,171.7,167.1,166.7,163.0,167.4
ED-0033,854,14:14,169.7,175.7,167.0,164.4,176.4,170.7,162.7,172.9,168.0,167.4,163.4,167.9
ED-0033,855,14:15,170.2,174.5,167.2,164.6,177.7,170.5,162.5,172.1,167.4,167.5,163.1,168.0
ED-0033,856,14:16,169.2,175.4,167.5,165.2,176.8,171.6,162.0,172.5,167.5,166.6,162.6,167.2
ED-0033,857,14:17,170.8,174.6,167.4,165.5,177.0,171.8,163.0,172.9,167.4,167.0,163.2,167.3
ED-0033,858,14:18,170.6,175.5,167.8,164.6,177.3,171.6,162.9,173.3,168.3,166.9,163.4,167.5
ED-0033,859,14:19,171.1,175.6,166.7,165.7,177.5,172.3,163.2,173.2,168.0,167.0,163.6,168.7
ED-0033,860,14:20,170.3,176.7,167.3,165.4,176.9,172.1,163.3,172.5,168.6,167.1,163.9,167.2
ED-0033,861,14:21,170.8,175.0,166.8,165.8,177.6,171.1,163.3,173.3,167.4,168.0,164.0,168.0
ED-0033,862,14:22,169.8,174.7,167.1,166.0,177.9,172.2,163.5,174.2,167.3,167.3,163.6,168.8
ED-0033,863,14:23,170.9,175.2,167.2,166.1,177.6,172.1,163.5,172.1,167.8,166.6,164.3,168.3
ED-0033,864,14:24,171.2,175.7,167.7,164.5,177.4,172.2,164.7,173.7,168.4,167.6,163.5,168.3
ED-0033,865,14:25,170.8,175.9,168.2,166.0,178.4,172.9,163.0,173.6,167.8,167.2,163.9,167.9
ED-0033,866,14:26,171.4,175.6,167.0,165.3,178.1,172.6,164.3,174.1,167.5,167.7,164.9,169.2
ED-0033,867,14:27,171.9,176.3,168.3,165.8,178.2,171.7,163.2,173.3,168.8,167.3,164.1,168.8
ED-0033,868,14:28,169.7,175.5,168.3,166.4,177.8,172.4,163.8,172.8,168.0,168.5,163.3,168.6
ED-0033,869,14:29,170.5,175.5,167.9,166.0,178.6,173.2,163.5,174.0,167.0,167.9,164.0,169.0
ED-0033,870,14:30,171.5,175.4,169.0,165.5,178.9,171.8,164.2,173.3,168.3,168.0,164.5,169.3
ED-0033,871,14:31,171.3,176.1,168.3,166.9,177.7,171.7,163.7,173.2,168.8,167.9,164.7,168.7
ED-0033,872,14:32,171.7,176.9,167.8,165.6,178.0,172.0,164.4,174.2,169.1,167.4,163.8,168.9
ED-0033,873,14:33,171.4,176.3,168.4,167.0,178.6,172.7,164.1,174.2,169.0,167.9,164.1,168.8
ED-0033,874,14:34,171.7,176.2,168.7,166.0,177.9,171.9,164.2,174.1,168.7,168.6,163.8,169.1
ED-0033,875,14:35,171.4,175.2,168.0,166.3,178.4,172.8,164.1,174.9,167.7,168.2,164.7,169.6
ED-0033,876,14:36,170.9,175.9,168.0,166.1,179.7,173.2,164.5,174.8,168.9,169.2,164.6,169.6
ED-0033,877,14:37,171.5,176.9,168.1,167.1,178.8,172.5,164.1,173.7,168.9,167.6,164.8,169.6
ED-0033,878,14:38,171.8,176.4,168.5,166.5,179.4,173.8,163.5,174.0,169.1,168.7,164.6,169.3
ED-0033,879,14:39,172.3,176.5,168.3,166.5,179.7,172.6,164.1,173.9,169.0,168.0,165.5,169.9
ED-0033,880,14:40,172.1,176.9,169.1,167.1,179.7,173.6,164.0,174.3,168.7,168.7,164.8,169.1
ED-0033,881,14:41,172.1,178.0,168.8,166.8,178.8,172.9,164.3,174.7,170.2,169.0,164.4,169.9
ED-0033,882,14:42,172.8,176.7,168.5,166.7,179.4,173.2,164.8,173.9,169.5,169.1,165.1,169.6
ED-0033,883,14:43,173.1,176.5,168.8,167.7,179.9,173.8,164.8,174.6,169.4,169.2,165.7,169.0
ED-0033,884,14:44,172.6,177.2,169.2,166.9,179.5,174.0,165.0,175.0,168.8,168.4,164.9,170.1
ED-0033,885,14:45,172.5,178.2,169.5,168.7,179.2,173.8,165.6,174.7,169.6,169.1,164.9,169.6
ED-0033,886,14:46,172.1,176.7,169.2,167.7,179.5,174.0,164.8,175.0,169.8,169.4,165.9,170.4
ED-0033,887,14:47,172.4,177.0,169.0,167.1,180.2,173.8,164.7,174.9,170.4,168.6,165.7,170.5
ED-0033,888,14:48,172.6,177.3,169.4,167.3,179.4,174.2,164.8,175.0,169.3,168.7,165.7,170.3
ED-0033,889,14:49,172.4,177.5,169.0,168.0,179.6,174.8,165.4,175.8,169.4,168.3,166.2,169.5
ED-0033,890,14:50,173.5,178.3,169.0,166.9,179.3,173.8,165.1,175.0,170.2,169.3,165.1,169.7
ED-0033,891,14:51,173.3,177.7,169.6,166.3,179.8,173.0,165.3,175.9,170.2,169.0,165.9,170.8
ED-0033,892,14:52,173.6,178.1,169.7,168.3,180.2,174.0,165.0,175.8,170.5,168.4,166.5,170.5
ED-0033,893,14:53,173.5,177.7,169.6,168.3,180.8,175.2,166.3,175.5,170.7,169.7,165.8,170.5
ED-0033,894,14:54,172.6,178.1,170.6,168.3,180.3,174.5,165.3,175.5,170.9,169.4,165.3,170.4
ED-0033,895,14:55,172.6,178.2,169.7,167.9,180.5,174.6,165.2,175.0,170.5,169.6,166.3,171.1
ED-0033,896,14:56,173.7,177.5,170.0,168.4,180.4,175.0,165.3,176.0,170.0,169.1,165.8,171.7
ED-0033,897,14:57,173.3,177.5,169.9,168.7,180.4,175.1,165.3,175.9,169.4,170.0,166.4,170.9
ED-0033,898,14:58,173.3,177.8,171.3,167.8,180.8,173.7,165.9,175.7,170.8,169.5,166.1,170.4
ED-0033,899,14:59,173.4,178.4,171.0,168.5,180.1,174.3,165.4,175.9,169.9,170.8,166.1,171.4
ED-0033,900,15:00,173.2,178.2,169.6,167.4,180.9,174.9,165.5,175.6,170.5,170.1,166.5,171.7
ED-0033,901,15:01,173.0,178.5,170.1,168.8,181.4,175.7,166.1,176.1,171.5,169.7,167.0,171.5
ED-0033,902,15:02,174.0,178.6,170.3,168.6,181.5,175.5,166.6,176.3,170.3,169.8,167.4,171.7
ED-0033,903,15:03,173.4,178.7,171.1,169.0,180.8,175.1,165.5,176.6,170.6,169.8,167.5,171.0
ED-0033,904,15:04,174.0,178.4,170.5,168.4,181.2,174.8,165.1,176.9,172.2,170.3,166.5,171.2
ED-0033,905,15:05,173.8,177.8,171.2,168.4,180.7,175.5,166.5,175.9,170.1,170.7,166.5,172.1
ED-0033,906,15:06,174.2,178.7,171.0,168.9,180.7,175.7,165.5,176.3,171.3,169.8,167.1,171.4
ED-0033,907,15:07,174.3,178.6,171.0,169.4,180.6,175.5,166.2,175.7,171.3,170.1,166.8,171.7
ED-0033,908,15:08,174.1,179.1,171.2,169.7,181.3,175.1,167.1,177.4,171.2,170.7,166.4,171.5
ED-0033,909,15:09,173.8,179.9,170.6,169.5,182.5,175.4,166.2,177.2,170.3,170.6,166.8,171.7
ED-0033,910,15:10,174.2,178.7,170.7,169.0,181.6,175.7,166.8,176.3,172.1,170.7,166.8,171.7
ED-0033,911,15:11,174.0,179.4,171.2,169.3,181.7,176.2,167.4,176.0,171.4,170.7,167.2,171.9
ED-0033,912,15:12,174.8,179.2,170.8,168.7,181.9,176.1,166.2,176.6,172.1,170.8,167.6,172.3
ED-0033,913,15:13,174.9,179.4,171.5,169.4,182.6,175.9,168.0,177.5,171.3,171.5,166.9,172.5
ED-0033,914,15:14,175.2,179.7,171.5,169.8,182.3,176.0,166.5,176.5,170.7,171.5,167.7,172.4
ED-0033,915,15:15,174.5,178.9,171.1,168.6,181.7,175.2,166.6,177.2,170.9,170.8,167.5,172.3
ED-0033,916,15:16,174.8,179.2,171.0,169.6,182.3,176.0,167.2,176.9,171.6,170.7,167.3,173.1
ED-0033,917,15:17,174.3,179.1,172.5,170.2,182.1,176.4,167.4,177.3,172.3,171.5,167.0,173.0
ED-0033,918,15:18,175.1,179.9,171.3,168.4,182.7,175.8,167.0,177.7,171.3,171.1,166.7,172.6
ED-0033,919,15:19,174.8,179.6,171.4,168.3,181.6,176.6,167.6,177.7,172.4,171.5,167.4,172.1
ED-0033,920,15:20,175.4,179.1,171.6,169.7,182.1,176.2,167.8,176.9,172.5,171.9,167.8,172.7
ED-0033,921,15:21,176.3,180.5,172.2,169.4,182.6,176.5,168.3,177.1,172.7,171.5,168.2,171.7
ED-0033,922,15:22,175.1,179.6,173.0,169.7,182.0,177.5,168.8,177.6,172.9,170.7,168.1,171.2
ED-0033,923,15:23,176.0,180.5,171.9,170.2,182.3,176.9,168.8,177.9,172.3,170.5,167.9,172.5
ED-0033,924,15:24,175.1,179.4,172.4,170.3,183.1,176.3,167.9,177.0,171.7,171.5,167.8,172.8
ED-0033,925,15:25,175.9,181.7,172.1,169.8,181.9,176.6,168.3,177.7,173.0,171.8,169.2,172.6
ED-0033,926,15:26,175.1,180.2,172.8,170.1,183.2,177.1,168.9,178.4,171.4,172.0,169.4,174.0
ED-0033,927,15:27,175.2,179.9,171.5,170.6,182.7,176.8,169.0,178.1,172.2,171.7,168.2,173.7
ED-0033,928,15:28,175.5,180.6,171.6,170.7,183.3,177.7,169.0,177.6,173.3,171.9,169.0,172.5
ED-0033,929,15:29,175.9,179.5,171.6,169.8,182.6,176.8,167.9,177.9,172.5,172.3,167.8,172.7
ED-0033,930,15:30,175.9,180.7,172.0,170.6,183.8,177.2,168.8,178.3,172.2,171.9,167.3,174.5
ED-0033,931,15:31,175.4,180.8,171.8,170.8,184.0,176.7,167.0,178.7,173.3,171.3,168.3,173.0
ED-0033,932,15:32,176.4,180.6,171.8,170.8,183.7,177.5,167.3,178.2,173.2,172.4,168.7,172.7
ED-0033,933,15:33,176.0,180.5,172.6,170.4,182.9,177.8,168.6,178.0,172.4,172.2,168.0,173.5
ED-0033,934,15:34,175.8,180.5,173.7,171.6,182.6,178.3,169.4,179.0,172.9,171.7,168.0,173.8
ED-0033,935,15:35,175.4,180.4,172.3,170.0,182.8,177.6,168.1,178.3,174.0,172.0,168.5,174.0
ED-0033,936,15:36,175.8,180.3,172.4,171.2,183.8,177.5,168.2,179.2,173.1,172.9,168.2,174.0
ED-0033,937,15:37,176.5,180.2,172.2,171.2,184.0,178.2,168.3,179.2,173.7,171.7,169.3,173.3
ED-0033,938,15:38,176.6,180.0,173.1,170.7,183.9,178.8,168.7,178.5,173.2,173.1,169.6,173.2
ED-0033,939,15:39,176.3,181.6,173.6,171.4,184.5,178.1,169.3,179.2,174.8,173.0,169.3,173.0
ED-0033,940,15:40,175.6,180.5,172.8,170.2,183.8,178.8,169.7,179.1,173.1,173.3,169.4,173.3
ED-0033,941,15:41,176.1,181.2,173.2,170.8,183.3,177.9,169.4,178.8,173.6,172.5,168.5,174.1
ED-0033,942,15:42,177.6,181.1,172.7,170.7,184.3,178.2,169.6,179.3,173.7,172.5,168.4,173.9
ED-0033,943,15:43,176.1,182.4,173.5,171.0,183.6,178.3,169.1,180.2,174.0,173.2,169.0,174.7
ED-0033,944,15:44,178.0,181.7,172.5,170.9,183.3,177.4,168.3,179.0,174.4,173.1,169.4,174.6
ED-0033,945,15:45,177.1,180.9,172.7,171.3,183.9,178.9,169.0,179.5,172.6,173.7,169.5,174.2
ED-0033,946,15:46,177.1,181.7,173.6,171.8,184.6,178.9,169.5,180.3,174.7,173.1,169.7,174.8
ED-0033,947,15:47,177.1,181.1,173.0,172.0,184.7,178.5,169.1,179.9,174.1,173.1,169.6,173.6
ED-0033,948,15:48,176.7,181.3,173.0,171.0,183.6,177.2,169.1,178.9,174.5,173.3,169.4,174.3
ED-0033,949,15:49,177.0,180.8,174.3,171.6,184.5,178.3,169.5,180.1,174.4,173.3,169.1,174.9
ED-0033,950,15:50,176.9,181.3,174.8,172.7,183.7,178.9,169.2,179.8,174.8,173.3,169.2,175.6
ED-0033,951,15:51,175.7,182.3,173.1,171.5,185.3,178.3,169.7,179.8,173.7,173.7,169.7,174.5
ED-0033,952,15:52,178.4,181.6,173.9,171.1,185.2,178.9,169.5,180.9,173.9,174.1,170.2,174.6
ED-0033,953,15:53,177.0,181.6,173.9,172.7,185.3,178.8,169.8,179.5,174.3,173.6,170.0,174.4
ED-0033,954,15:54,178.3,182.9,174.4,171.6,184.9,178.9,169.0,180.3,174.6,173.7,170.7,175.4
ED-0033,955,15:55,177.5,182.1,174.4,172.4,184.5,180.1,170.0,180.3,174.2,174.0,170.4,174.5
ED-0033,956,15:56,176.2,181.9,174.5,172.5,184.3,179.2,169.3,179.9,174.7,174.1,170.3,174.2
ED-0033,957,15:57,177.2,183.0,174.6,171.3,184.3,178.9,170.4,180.8,174.6,173.8,170.7,174.7
ED-0033,958,15:58,177.9,181.3,173.8,172.0,185.0,179.9,170.6,180.5,174.8,173.6,170.2,174.7
ED-0033,959,15:59,177.7,182.7,174.1,173.3,185.5,179.8,170.3,180.5,174.8,174.3,169.7,175.3
ED-0033,960,16:00,177.1,183.0,174.3,172.3,185.6,179.8,170.4,179.8,174.1,174.3,170.7,175.7
ED-0033,961,16:01,177.9,183.4,174.0,172.5,185.5,180.1,170.9,180.2,174.7,174.2,171.1,175.2
ED-0033,962,16:02,178.3,183.3,174.5,172.1,185.5,179.7,169.7,181.2,175.0,173.6,171.3,176.1
ED-0033,963,16:03,178.0,182.7,175.4,171.9,186.1,179.7,170.5,181.6,175.4,173.9,170.9,175.7
ED-0033,964,16:04,178.0,182.9,174.4,172.4,185.4,179.7,170.1,181.1,174.2,173.8,171.1,176.1
ED-0033,965,16:05,178.0,183.1,175.1,173.3,185.3,179.9,171.0,180.7,174.7,174.4,170.9,175.4
ED-0033,966,16:06,178.7,182.4,175.2,173.4,186.1,179.7,171.1,180.7,175.0,175.6,171.0,176.1
ED-0033,967,16:07,179.3,183.3,174.4,173.1,186.3,179.8,171.2,180.5,175.5,174.5,171.1,175.5
ED-0033,968,16:08,178.0,183.0,175.7,172.8,186.6,180.1,171.1,180.8,175.4,174.8,171.5,175.5
ED-0033,969,16:09,177.6,183.2,174.7,172.7,186.2,180.8,170.9,180.5,176.0,175.2,171.6,175.4
ED-0033,970,16:10,178.6,183.9,174.7,172.7,186.4,180.1,171.2,182.1,175.1,175.0,171.5,177.0
ED-0033,971,16:11,178.3,183.5,175.2,173.3,186.0,179.8,170.6,181.8,176.1,175.0,171.2,176.7
ED-0033,972,16:12,178.1,183.6,174.6,173.0,185.7,180.4,171.4,181.3,176.4,174.2,171.4,176.0
ED-0033,973,16:13,178.7,183.8,175.7,173.2,186.5,180.3,171.2,181.9,175.3,174.6,171.0,176.3
ED-0033,974,16:14,178.0,184.3,174.3,173.2,187.0,180.6,171.6,182.0,175.7,175.2,171.5,175.8
ED-0033,975,16:15,178.9,183.1,175.0,172.6,186.6,180.7,171.5,181.7,175.5,175.5,171.5,176.9
ED-0033,976,16:16,178.1,183.0,175.5,172.8,186.0,180.6,171.5,181.8,177.1,174.5,171.1,176.1
ED-0033,977,16:17,179.6,183.4,175.2,173.1,186.5,181.2,170.6,181.5,175.7,174.7,171.6,176.2
ED-0033,978,16:18,179.0,183.7,176.1,174.5,186.5,181.0,172.2,182.1,175.5,175.9,171.7,176.5
ED-0033,979,16:19,179.5,183.6,175.8,173.7,186.2,180.8,172.2,182.3,176.4,174.9,171.6,176.0
ED-0033,980,16:20,179.2,183.8,176.2,173.8,187.7,180.5,172.4,182.2,175.9,175.7,171.4,176.4
ED-0033,981,16:21,179.4,183.8,174.8,173.4,186.3,180.3,171.8,182.1,176.7,176.7,171.4,176.9
ED-0033,982,16:22,179.0,184.3,176.0,172.9,186.4,180.8,171.4,182.2,176.7,176.2,172.0,177.2
ED-0033,983,16:23,179.6,183.6,176.4,173.8,187.5,181.0,171.2,182.0,175.3,175.1,171.7,178.0
ED-0033,984,16:24,179.8,184.0,175.7,174.3,186.4,181.2,171.4,182.2,176.7,175.4,172.0,177.3
ED-0033,985,16:25,179.9,184.2,175.9,173.6,187.7,181.3,170.5,181.4,176.7,175.6,172.5,177.9
ED-0033,986,16:26,179.6,185.1,175.5,173.3,186.9,181.6,171.4,182.9,177.1,174.6,172.6,177.3
ED-0033,987,16:27,178.9,183.9,176.6,174.5,187.7,181.6,171.8,183.3,177.2,175.1,171.7,177.7
ED-0033,988,16:28,180.4,184.3,175.8,173.6,186.9,181.8,171.8,182.2,176.9,175.7,172.2,177.6
ED-0033,989,16:29,179.4,185.1,176.4,173.4,188.1,181.9,171.9,182.7,177.3,175.7,172.1,177.5
ED-0033,990,16:30,179.5,184.9,177.3,174.2,187.8,180.5,172.2,182.6,176.7,175.9,172.8,178.4
ED-0033,991,16:31,179.6,185.1,175.5,175.5,186.7,180.7,172.6,181.9,176.6,176.0,172.6,176.8
ED-0033,992,16:32,179.7,184.1,176.0,175.8,187.6,182.2,172.9,183.4,176.3,176.2,172.7,177.8
ED-0033,993,16:33,180.5,184.9,175.8,175.5,188.5,182.3,171.9,182.6,177.3,176.4,172.3,177.8
ED-0033,994,16:34,180.2,184.4,175.8,174.9,187.9,182.2,171.7,182.7,178.0,177.5,172.6,177.4
ED-0033,995,16:35,180.3,185.3,176.2,175.2,188.6,182.3,173.6,183.0,176.9,176.5,173.0,178.1
ED-0033,996,16:36,180.8,185.3,176.3,175.5,187.2,181.1,173.3,183.1,176.9,176.8,173.1,177.1
ED-0033,997,16:37,180.4,184.9,176.6,175.2,188.5,182.2,172.9,184.0,177.7,176.2,172.9,177.9
ED-0033,998,16:38,180.5,185.4,176.0,173.9,188.5,181.8,173.4,184.3,177.7,176.0,173.0,177.6
ED-0033,999,16:39,180.5,185.5,177.3,175.8,188.6,182.2,172.8,183.0,177.7,175.7,172.8,178.4
ED-0033,1000,16:40,181.0,185.7,177.0,174.4,188.4,181.7,173.5,183.9,177.4,176.4,173.0,178.1
ED-0033,1001,16:41,180.5,185.6,176.9,174.2,188.0,182.7,172.6,183.7,177.7,176.7,172.9,177.5
ED-0033,1002,16:42,180.6,185.9,176.9,174.8,189.2,182.8,173.2,183.2,177.3,176.2,172.3,177.9
ED-0033,1003,16:43,180.7,185.3,177.0,175.3,188.7,182.5,173.1,183.5,178.3,176.8,173.4,178.4
ED-0033,1004,16:44,180.8,184.7,177.3,175.3,188.4,183.0,173.5,183.4,177.8,176.2,173.2,178.5
ED-0033,1005,16:45,181.0,185.3,177.9,175.7,188.0,182.3,172.8,184.1,177.5,177.5,174.4,177.8
ED-0033,1006,16:46,180.5,185.5,177.9,176.3,189.1,182.6,173.0,183.8,178.0,176.8,172.3,177.7
ED-0033,1007,16:47,180.1,185.2,177.0,175.8,189.0,183.0,173.6,183.0,178.5,176.9,173.4,178.1
ED-0033,1008,16:48,181.2,186.1,177.7,175.7,188.9,183.1,173.9,183.8,177.9,177.0,173.5,179.0
ED-0033,1009,16:49,180.5,185.4,177.0,175.2,189.0,183.1,173.7,183.0,178.5,177.7,173.7,178.6
ED-0033,1010,16:50,180.7,185.6,177.0,175.5,189.4,184.0,173.3,183.7,178.5,176.7,174.3,178.4
ED-0033,1011,16:51,181.1,185.6,178.3,175.1,189.0,183.1,173.4,184.9,178.9,177.8,173.2,178.9
ED-0033,1012,16:52,181.0,186.1,178.3,176.3,190.0,182.5,174.3,184.2,177.0,177.9,172.8,178.9
ED-0033,1013,16:53,182.1,185.9,177.5,175.5,189.1,183.6,173.9,183.9,178.2,177.8,173.6,179.5
ED-0033,1014,16:54,181.8,185.4,177.9,176.0,188.8,182.9,173.6,183.9,178.5,177.6,173.9,178.6
ED-0033,1015,16:55,181.6,186.9,177.6,176.6,190.1,183.2,174.0,183.8,178.8,177.6,173.5,179.2
ED-0033,1016,16:56,181.6,186.1,178.4,175.9,189.9,183.6,173.7,184.7,178.8,178.2,174.5,179.2
ED-0033,1017,16:57,181.4,187.2,178.3,176.0,190.1,183.5,174.1,184.2,178.3,177.7,174.2,179.7
ED-0033,1018,16:58,181.1,186.9,178.1,176.0,189.8,183.8,174.1,184.9,178.9,176.9,173.9,179.8
ED-0033,1019,16:59,182.2,187.3,178.1,176.8,189.0,183.6,174.3,185.4,178.9,177.8,174.7,179.1
ED-0033,1020,17:00,182.2,186.5,178.8,176.6,190.2,184.5,174.6,185.2,178.9,178.1,173.9,179.1
ED-0033,1021,17:01,182.4,187.2,178.6,175.2,189.5,183.6,173.7,184.1,179.5,177.0,174.8,179.3
ED-0033,1022,17:02,181.9,187.2,179.2,176.5,189.7,183.6,174.5,184.4,179.9,178.4,174.5,179.0
ED-0033,1023,17:03,181.9,187.1,178.2,176.2,190.3,183.8,174.7,184.7,179.0,177.8,174.4,180.3
ED-0033,1024,17:04,182.5,187.0,178.2,176.6,189.8,183.9,174.3,184.1,179.2,178.9,175.0,178.8
ED-0033,1025,17:05,181.6,186.2,178.6,176.6,190.0,183.7,174.2,184.5,180.3,178.7,175.2,179.8
ED-0033,1026,17:06,182.0,187.6,178.9,176.4,190.7,184.0,175.3,185.6,179.2,178.1,174.5,179.7
ED-0033,1027,17:07,183.3,186.7,179.1,176.3,189.6,183.7,175.4,185.4,179.0,177.3,174.2,179.3
ED-0033,1028,17:08,182.7,187.7,178.3,177.1,190.0,183.6,174.9,185.2,180.3,178.6,174.4,179.2
ED-0033,1029,17:09,182.7,188.7,178.9,176.7,190.7,184.8,174.8,185.8,179.5,177.9,175.2,180.7
ED-0033,1030,17:10,182.4,187.4,178.0,177.6,190.7,184.8,176.1,185.0,179.4,178.6,175.0,180.5
ED-0033,1031,17:11,182.6,187.7,179.0,176.7,190.2,184.9,175.8,185.3,179.1,178.7,175.0,180.4
ED-0033,1032,17:12,182.7,187.5,178.0,176.4,190.6,184.6,175.2,186.4,179.0,178.3,175.4,179.5
ED-0033,1033,17:13,182.5,188.5,179.1,177.3,190.5,185.2,173.8,185.6,178.9,178.5,174.8,180.1
ED-0033,1034,17:14,182.6,188.2,178.8,177.9,190.9,184.6,174.8,185.9,180.0,178.9,174.8,180.5
ED-0033,1035,17:15,182.7,187.7,179.4,177.6,190.4,184.8,174.9,185.6,179.8,179.3,175.8,180.3
ED-0033,1036,17:16,182.5,187.6,178.9,177.3,190.0,185.5,175.4,185.1,179.7,178.7,175.6,180.8
ED-0033,1037,17:17,183.6,187.4,180.4,177.5,190.9,185.1,175.7,186.2,179.8,178.5,175.8,180.2
ED-0033,1038,17:18,183.6,187.0,179.6,178.4,191.3,185.0,176.2,185.9,180.2,178.8,175.3,179.5
ED-0033,1039,17:19,183.2,188.2,179.6,177.3,190.7,184.6,175.0,186.7,179.2,178.5,175.6,180.7
ED-0033,1040,17:20,183.2,187.5,179.1,177.6,190.7,185.5,175.6,186.3,180.6,178.4,175.3,180.3
ED-0033,1041,17:21,182.9,186.8,179.6,178.0,191.1,184.5,176.3,187.1,179.9,178.8,174.7,180.5
ED-0033,1042,17:22,182.3,187.8,180.1,177.9,191.7,185.4,175.2,185.7,180.1,179.4,175.4,180.6
ED-0033,1043,17:23,183.3,189.3,179.7,177.2,191.8,185.7,175.9,186.2,180.5,179.7,176.2,180.7
ED-0033,1044,17:24,183.5,187.6,179.1,176.9,191.0,186.2,175.4,187.2,180.3,178.4,176.1,180.9
ED-0033,1045,17:25,184.9,188.3,179.0,177.5,192.2,185.4,175.5,186.0,180.4,180.2,176.0,181.3
ED-0033,1046,17:26,182.9,187.5,179.3,177.6,191.7,185.9,175.2,187.2,179.7,179.4,175.2,180.7
ED-0033,1047,17:27,183.8,187.8,180.5,178.0,191.5,185.3,176.1,185.8,181.2,178.7,175.8,181.6
ED-0033,1048,17:28,183.8,189.4,180.0,177.4,191.5,185.2,175.1,186.8,179.8,178.8,175.6,181.0
ED-0033,1049,17:29,183.0,188.9,180.7,178.8,191.6,185.5,175.4,187.7,179.9,180.4,176.1,180.8
ED-0033,1050,17:30,184.2,188.9,180.1,177.8,191.0,185.0,176.5,186.1,180.7,179.2,175.7,181.7
ED-0033,1051,17:31,183.0,188.0,180.5,177.5,191.8,186.5,176.9,185.8,180.9,179.2,176.9,181.5
ED-0033,1052,17:32,183.4,188.9,179.2,178.3,191.5,185.4,176.1,187.1,181.1,179.4,176.0,181.6
ED-0033,1053,17:33,185.1,189.7,180.4,178.6,192.0,185.7,175.8,186.7,180.2,179.2,176.7,181.6
ED-0033,1054,17:34,184.6,188.8,179.6,177.4,192.0,184.7,176.4,187.2,181.6,180.4,176.8,180.8
ED-0033,1055,17:35,183.6,189.1,180.6,177.3,193.3,186.0,177.0,186.9,181.6,179.7,176.7,181.8
ED-0033,1056,17:36,184.0,189.9,180.4,177.9,191.7,186.5,176.9,185.9,182.1,180.1,176.1,181.7
ED-0033,1057,17:37,183.9,188.8,180.9,178.1,192.1,186.3,176.7,187.7,180.6,180.8,175.6,181.8
ED-0033,1058,17:38,185.1,190.0,180.1,178.3,191.9,184.8,176.7,187.1,180.7,179.5,176.2,182.8
ED-0033,1059,17:39,184.9,189.8,180.1,178.3,191.9,186.4,176.6,188.1,179.9,180.3,177.2,182.1
ED-0033,1060,17:40,184.7,188.5,180.7,179.1,192.0,186.6,177.2,186.8,180.7,180.7,176.9,183.0
ED-0033,1061,17:41,184.6,189.4,180.6,179.4,192.7,185.9,176.4,187.2,181.3,180.7,177.1,181.7
ED-0033,1062,17:42,184.8,189.4,180.0,179.5,192.6,185.8,176.8,186.9,182.1,180.4,177.6,181.9
ED-0033,1063,17:43,184.6,189.6,181.0,178.3,192.6,186.5,177.7,187.6,180.7,180.5,176.4,181.9
ED-0033,1064,17:44,184.7,189.5,180.5,179.8,193.1,186.8,177.2,186.9,181.7,180.5,177.3,182.1
ED-0033,1065,17:45,184.8,189.8,181.2,178.7,192.7,187.4,177.5,188.2,182.0,179.8,177.1,181.5
ED-0033,1066,17:46,185.3,189.5,180.2,178.7,192.7,187.0,177.4,187.9,182.4,180.2,177.5,181.6
ED-0033,1067,17:47,184.6,190.3,181.0,178.9,192.9,186.4,176.2,187.5,181.7,181.0,177.4,181.3
ED-0033,1068,17:48,185.4,190.0,181.7,178.7,192.9,187.0,176.8,188.2,181.5,181.3,175.9,181.6
ED-0033,1069,17:49,184.3,189.7,181.5,179.4,193.5,186.7,178.8,188.8,180.9,180.7,177.4,182.5
ED-0033,1070,17:50,185.9,190.3,180.4,179.1,193.2,187.7,177.4,187.2,181.0,181.2,176.6,182.6
ED-0033,1071,17:51,184.7,189.6,180.2,179.6,193.1,187.1,177.1,187.2,182.2,180.8,177.0,182.9
ED-0033,1072,17:52,185.6,189.0,181.1,179.9,192.6,186.3,177.8,188.4,182.0,181.3,177.5,182.2
ED-0033,1073,17:53,185.3,190.2,181.5,179.6,193.0,187.6,177.2,188.6,181.5,181.3,177.5,182.9
ED-0033,1074,17:54,185.2,190.6,181.0,180.1,193.8,187.3,177.9,187.9,182.3,180.6,177.8,182.9
ED-0033,1075,17:55,186.0,190.3,180.3,178.9,193.0,188.1,177.0,188.4,182.7,180.6,177.3,182.6
ED-0033,1076,17:56,185.1,191.1,180.3,179.1,194.0,187.6,176.7,188.3,182.0,180.8,178.1,183.9
ED-0033,1077,17:57,184.6,190.4,181.5,179.6,192.2,186.7,178.3,188.1,182.6,181.4,178.1,182.3
ED-0033,1078,17:58,185.6,190.8,182.3,179.5,194.2,187.8,176.8,187.7,182.8,180.8,178.2,182.6
ED-0033,1079,17:59,185.9,190.5,182.1,180.2,193.4,188.0,177.6,189.4,182.0,180.2,177.9,182.7
ED-0033,1080,18:00,184.8,189.8,181.5,180.4,194.7,187.9,177.9,189.5,183.5,181.0,178.4,183.9
ED-0033,1081,18:01,185.8,190.5,182.3,179.7,193.8,187.6,178.0,188.2,182.1,181.0,177.3,183.9
ED-0033,1082,18:02,185.2,191.0,182.0,179.9,193.0,187.3,178.7,188.6,182.0,180.6,178.7,183.2
ED-0033,1083,18:03,186.3,190.9,182.1,179.9,193.6,188.5,177.8,188.9,183.1,181.1,176.7,183.1
ED-0033,1084,18:04,186.9,191.0,182.3,180.6,193.8,188.3,178.2,187.9,183.4,182.5,178.4,183.2
ED-0033,1085,18:05,186.2,191.1,181.1,179.8,194.8,187.7,178.3,189.4,182.7,182.2,177.7,182.9
ED-0033,1086,18:06,186.0,190.4,182.4,179.9,194.1,187.9,178.2,189.6,183.0,182.0,177.3,183.7
ED-0033,1087,18:07,186.9,190.2,181.7,180.6,194.2,187.7,178.5,189.1,182.7,181.7,177.8,183.9
ED-0033,1088,18:08,185.4,190.7,182.7,180.1,194.6,187.0,178.3,188.8,183.1,182.2,177.9,183.7
ED-0033,1089,18:09,186.6,190.4,182.0,180.8,194.7,188.0,177.4,188.9,183.1,182.3,178.4,183.6
ED-0033,1090,18:10,186.7,191.3,182.4,180.2,194.5,189.2,179.3,189.8,183.0,181.7,178.7,184.7
ED-0033,1091,18:11,186.3,191.0,182.7,180.8,194.5,188.8,178.4,189.1,183.6,182.7,178.4,183.0
ED-0033,1092,18:12,186.3,191.3,182.4,180.5,194.8,189.3,178.4,189.7,183.0,181.9,178.2,184.0
ED-0033,1093,18:13,186.2,191.0,182.8,180.5,194.0,188.4,178.0,189.2,184.2,181.8,178.4,185.1
ED-0033,1094,18:14,186.9,191.9,181.7,180.9,195.1,188.1,178.3,190.6,183.3,181.8,178.4,183.7
ED-0033,1095,18:15,186.6,190.9,183.0,181.0,195.2,187.9,179.1,188.9,183.8,182.0,177.7,184.2
ED-0033,1096,18:16,186.7,191.6,182.4,181.1,194.2,188.4,178.7,189.5,183.9,182.0,179.6,183.6
ED-0033,1097,18:17,186.5,191.6,182.5,179.6,194.8,188.9,179.7,188.9,182.5,182.6,178.4,183.8
ED-0033,1098,18:18,187.0,191.9,183.0,180.5,195.6,188.6,178.4,189.5,182.8,182.6,178.5,184.2
ED-0033,1099,18:19,187.0,191.8,182.5,182.0,195.4,188.7,179.3,189.4,183.3,182.4,178.5,185.4
ED-0033,1100,18:20,187.4,191.2,182.8,181.3,195.5,188.6,178.8,189.7,184.2,181.6,178.7,184.2
ED-0033,1101,18:21,187.0,191.9,184.2,182.0,195.0,188.6,179.4,190.2,183.6,183.1,178.8,184.4
ED-0033,1102,18:22,186.6,192.5,183.0,181.0,196.0,189.4,180.1,190.1,183.4,182.8,180.1,184.1
ED-0033,1103,18:23,186.6,192.0,182.8,181.1,194.8,189.7,179.7,189.9,184.2,183.5,179.4,184.0
ED-0033,1104,18:24,187.6,192.9,183.5,181.4,195.9,189.0,179.5,190.1,183.1,182.5,179.9,184.1
ED-0033,1105,18:25,186.9,192.4,183.5,181.0,195.4,189.0,179.4,190.8,183.9,183.1,179.1,184.5
ED-0033,1106,18:26,187.5,192.0,182.5,181.9,195.4,189.2,179.6,190.4,184.2,183.2,179.8,184.9
ED-0033,1107,18:27,186.8,191.9,184.0,181.6,195.2,189.8,179.8,190.7,184.3,183.2,178.8,183.9
ED-0033,1108,18:28,187.1,193.0,183.5,182.1,194.9,189.4,180.2,190.5,185.0,183.0,178.8,184.8
ED-0033,1109,18:29,187.4,192.2,183.9,181.6,196.5,189.3,179.4,190.8,184.0,182.6,179.7,184.6
ED-0033,1110,18:30,188.0,192.3,183.4,181.8,195.3,189.4,179.4,190.5,184.2,183.7,180.0,185.1
ED-0033,1111,18:31,188.2,192.3,183.3,182.3,195.3,190.2,180.2,191.1,185.1,183.2,180.1,185.7
ED-0033,1112,18:32,187.0,193.5,183.0,182.3,195.9,190.5,179.7,190.0,183.9,183.5,180.0,184.9
ED-0033,1113,18:33,188.4,191.8,184.6,181.7,195.7,189.8,179.5,190.3,185.0,183.3,180.9,186.0
ED-0033,1114,18:34,188.5,192.6,183.9,182.2,195.6,190.2,180.0,190.4,184.8,183.7,180.2,185.4
ED-0033,1115,18:35,187.9,192.6,185.0,182.1,196.1,190.1,180.6,190.6,185.5,183.6,180.1,184.7
ED-0033,1116,18:36,186.9,192.2,183.5,181.5,195.4,189.6,179.8,190.6,184.0,185.1,179.6,185.0
ED-0033,1117,18:37,188.4,193.3,183.5,181.7,196.9,190.6,180.4,190.7,184.7,183.1,180.0,185.7
ED-0033,1118,18:38,187.9,192.5,184.0,181.9,195.6,189.1,180.2,190.8,185.7,183.7,179.6,185.9
ED-0033,1119,18:39,187.3,193.6,184.2,181.9,196.5,190.1,180.0,190.9,184.7,183.6,180.7,185.7
ED-0033,1120,18:40,188.4,193.9,183.4,181.7,195.8,189.8,180.1,190.4,185.4,183.8,180.3,185.1
ED-0033,1121,18:41,187.8,192.7,184.4,181.9,195.4,190.5,180.7,190.9,184.2,183.6,180.6,185.4
ED-0033,1122,18:42,188.6,193.2,184.3,182.5,196.5,190.7,180.9,190.8,183.8,183.3,180.7,185.9
ED-0033,1123,18:43,188.9,192.9,184.1,182.0,196.7,191.2,179.7,191.4,186.2,183.6,180.4,185.9
ED-0033,1124,18:44,188.5,193.8,184.5,183.2,196.6,190.2,179.8,190.8,184.7,184.4,180.7,185.8
ED-0033,1125,18:45,189.0,193.3,184.9,182.0,196.1,190.6,181.2,191.7,185.7,183.5,181.0,185.1
ED-0033,1126,18:46,188.7,193.6,185.2,182.6,197.2,191.1,180.5,190.8,185.8,183.8,179.9,185.8
ED-0033,1127,18:47,188.7,193.7,185.0,183.5,196.8,190.5,180.9,191.4,185.7,184.4,180.1,187.2
ED-0033,1128,18:48,187.9,193.1,184.5,183.6,197.0,190.7,180.1,191.8,185.4,184.4,180.3,186.5
ED-0033,1129,18:49,189.5,192.8,184.3,182.5,197.7,190.4,180.8,191.7,185.2,185.0,179.8,185.8
ED-0033,1130,18:50,188.5,192.9,184.5,183.3,197.8,190.2,180.2,191.2,185.7,184.5,179.6,185.4
ED-0033,1131,18:51,189.9,193.8,185.1,182.3,196.6,190.5,181.3,192.1,186.6,183.8,181.0,186.0
ED-0033,1132,18:52,189.1,193.5,184.0,182.8,197.2,190.2,181.6,192.4,185.6,185.2,179.9,185.8
ED-0033,1133,18:53,189.1,193.3,185.5,183.3,198.0,191.0,181.4,191.8,186.3,184.7,181.0,186.4
ED-0033,1134,18:54,188.9,194.0,183.5,182.6,197.4,191.0,181.7,193.1,186.5,184.3,181.6,186.4
ED-0033,1135,18:55,188.6,194.4,185.5,183.7,197.2,190.2,180.6,191.4,185.5,184.7,181.1,186.6
ED-0033,1136,18:56,189.6,194.0,184.9,183.6,197.0,191.5,181.5,191.6,185.3,183.8,180.8,186.1
ED-0033,1137,18:57,189.6,194.6,185.7,182.9,197.9,191.8,181.0,192.3,185.8,184.2,180.9,186.7
ED-0033,1138,18:58,189.3,193.7,185.3,183.7,198.2,191.4,180.4,192.5,185.1,184.3,182.4,187.0
ED-0033,1139,18:59,189.8,194.0,185.6,183.4,197.7,191.2,181.1,192.6,186.7,185.3,180.7,186.9
ED-0033,1140,19:00,188.4,194.7,184.7,182.7,196.7,191.3,182.8,192.8,185.7,184.2,181.7,186.2
ED-0033,1141,19:01,189.4,194.0,184.5,183.5,198.0,191.1,181.8,192.7,186.8,185.3,180.9,186.6
ED-0033,1142,19:02,190.1,193.7,184.3,182.6,197.4,190.4,181.6,193.1,185.8,185.0,181.7,187.2
ED-0033,1143,19:03,189.6,195.0,185.2,184.1,198.5,192.5,182.5,191.9,185.6,184.8,182.0,186.7
ED-0033,1144,19:04,189.3,194.0,185.9,183.3,198.4,190.9,181.6,192.7,186.5,186.0,181.5,187.0
ED-0033,1145,19:05,190.1,194.2,185.6,183.4,197.9,191.6,181.4,192.1,186.4,185.3,182.1,186.5
ED-0033,1146,19:06,188.9,194.4,185.9,184.3,198.2,191.3,181.8,192.4,185.3,184.8,182.0,185.8
ED-0033,1147,19:07,189.6,194.5,185.7,183.7,198.2,191.5,181.9,192.9,186.6,185.2,181.5,186.7
ED-0033,1148,19:08,189.4,194.0,185.4,183.9,198.7,191.7,181.9,193.1,186.7,185.8,181.7,187.3
ED-0033,1149,19:09,189.7,194.5,184.7,184.5,198.8,192.7,181.8,192.8,186.4,185.8,182.5,186.3
ED-0033,1150,19:10,189.1,194.4,185.5,183.4,198.5,191.9,182.6,192.9,186.6,185.3,182.0,186.8
ED-0033,1151,19:11,189.0,194.1,185.3,183.6,198.0,191.2,182.6,192.7,187.0,185.9,182.1,187.3
ED-0033,1152,19:12,190.7,194.7,185.3,184.3,199.5,192.2,182.5,193.1,187.3,186.8,181.8,187.9
ED-0033,1153,19:13,190.5,194.3,186.4,184.9,197.4,191.0,182.8,193.8,187.0,186.2,182.1,187.7
ED-0033,1154,19:14,191.0,194.9,186.4,183.1,198.2,191.8,182.4,194.0,186.2,185.6,181.9,187.2
ED-0033,1155,19:15,189.7,194.9,185.8,184.6,198.8,191.8,181.6,194.1,186.2,185.4,181.8,188.1
ED-0033,1156,19:16,190.9,194.2,186.2,183.3,199.0,192.9,181.4,193.1,187.0,186.1,182.4,186.7
ED-0033,1157,19:17,191.7,196.0,187.0,184.0,199.4,193.1,182.4,193.9,186.5,186.4,182.5,187.3
ED-0033,1158,19:18,190.5,195.9,185.5,183.9,198.7,192.3,182.3,193.1,186.9,185.8,182.4,188.9
ED-0033,1159,19:19,189.5,195.9,186.4,184.2,199.1,193.3,183.2,193.1,187.2,185.5,181.7,188.0
ED-0033,1160,19:20,191.4,195.8,186.6,184.3,199.6,192.1,183.7,194.0,187.5,187.2,182.2,187.1
ED-0033,1161,19:21,191.0,196.3,186.3,184.4,199.0,193.0,182.5,193.5,187.9,186.3,182.2,188.5
ED-0033,1162,19:22,190.6,196.3,186.5,184.8,198.7,192.0,182.5,193.9,187.7,185.6,182.9,188.3
ED-0033,1163,19:23,191.0,194.9,187.5,184.8,199.9,192.2,182.0,193.3,187.7,186.1,183.7,188.1
ED-0033,1164,19:24,190.5,196.2,187.2,185.3,198.7,192.9,183.9,193.9,187.5,187.1,183.1,187.6
ED-0033,1165,19:25,190.6,195.6,186.7,184.8,199.4,193.2,182.8,193.6,187.1,186.4,183.6,188.0
ED-0033,1166,19:26,191.3,195.5,187.4,185.1,199.3,193.1,183.1,193.7,187.6,185.5,182.1,188.7
ED-0033,1167,19:27,191.2,195.5,186.3,186.0,198.4,193.3,182.7,193.2,187.1,186.3,181.8,188.2
ED-0033,1168,19:28,191.4,196.7,187.6,185.3,199.4,193.0,182.3,194.5,187.9,186.6,182.5,188.6
ED-0033,1169,19:29,190.6,196.4,186.6,184.5,199.2,193.5,183.4,194.4,187.6,186.9,183.1,188.2
ED-0033,1170,19:30,190.5,195.6,187.6,185.2,199.3,193.5,183.5,193.9,187.9,186.5,183.6,187.8
ED-0033,1171,19:31,191.3,196.1,186.5,185.6,199.8,194.2,182.5,195.2,186.3,186.4,182.4,188.6
ED-0033,1172,19:32,190.8,196.4,187.4,185.0,199.7,192.9,183.4,194.5,187.9,186.2,183.1,188.8
ED-0033,1173,19:33,191.2,195.7,187.5,185.1,199.1,193.4,182.6,193.6,187.9,186.3,183.1,189.8
ED-0033,1174,19:34,190.9,197.3,188.0,185.7,200.0,193.2,183.2,195.1,187.7,187.5,183.1,188.4
ED-0033,1175,19:35,191.4,195.2,187.8,184.4,199.5,193.6,184.5,194.6,188.2,186.2,183.9,188.0
ED-0033,1176,19:36,191.0,196.6,186.9,185.8,200.3,193.2,183.6,193.4,187.0,186.2,183.8,188.0
ED-0033,1177,19:37,192.6,196.2,188.0,185.5,200.1,192.6,183.9,194.5,187.5,186.6,183.3,189.8
ED-0033,1178,19:38,192.1,195.9,187.9,185.8,200.7,193.7,184.0,194.4,188.2,187.6,182.8,188.6
ED-0033,1179,19:39,191.9,196.6,187.3,185.9,200.7,193.9,182.8,194.2,187.9,187.3,182.8,187.9
ED-0033,1180,19:40,191.7,196.6,187.7,186.1,200.1,194.2,183.8,195.4,188.4,187.5,183.4,189.1
ED-0033,1181,19:41,192.3,197.2,186.6,186.1,200.2,194.5,184.2,194.1,188.3,187.0,182.7,189.4
ED-0033,1182,19:42,191.8,196.6,187.8,186.1,200.4,193.9,184.4,194.4,187.9,186.7,184.0,188.2
ED-0033,1183,19:43,192.0,196.7,187.2,185.8,200.9,194.0,183.3,194.5,189.1,187.5,183.1,189.6
ED-0033,1184,19:44,191.9,196.6,187.5,185.2,201.2,194.5,184.4,195.1,188.4,186.9,184.1,189.8
ED-0033,1185,19:45,191.4,197.1,187.9,185.7,200.5,193.6,184.5,195.6,187.7,188.2,183.9,189.0
ED-0033,1186,19:46,192.3,196.7,188.0,185.7,201.0,193.5,183.2,195.5,188.9,187.6,183.5,189.9
ED-0033,1187,19:47,193.0,197.0,187.9,185.4,200.9,193.8,184.3,195.0,188.4,186.5,184.3,189.3
ED-0033,1188,19:48,192.7,197.6,187.8,186.1,201.4,194.0,184.9,195.1,188.2,188.8,182.9,190.4
ED-0033,1189,19:49,192.1,196.6,188.2,186.4,200.6,194.2,185.1,194.7,188.8,187.3,183.6,189.5
ED-0033,1190,19:50,191.6,197.8,188.1,186.0,201.3,194.2,184.5,195.2,188.8,187.1,183.1,189.9
ED-0033,1191,19:51,192.7,197.0,187.5,187.1,200.0,194.7,184.6,195.6,189.2,187.5,183.9,189.6
ED-0033,1192,19:52,191.9,198.4,188.9,186.2,200.8,194.2,184.6,194.8,188.7,188.2,184.7,190.2
ED-0033,1193,19:53,192.5,198.1,187.9,186.2,201.5,194.2,184.4,195.1,188.3,189.2,184.5,189.7
ED-0033,1194,19:54,192.4,197.0,187.3,186.5,200.4,193.8,185.0,196.3,189.8,187.8,184.4,189.9
ED-0033,1195,19:55,192.8,197.3,187.6,185.0,201.2,194.5,185.0,196.0,189.5,187.6,184.2,190.2
ED-0033,1196,19:56,193.0,197.2,189.1,187.2,201.2,194.2,185.2,195.5,190.0,187.8,184.6,190.0
ED-0033,1197,19:57,192.4,197.5,187.9,187.0,202.1,194.2,184.9,195.5,188.6,188.3,183.7,189.8
ED-0033,1198,19:58,192.5,197.5,188.0,186.2,201.3,194.7,184.6,195.2,189.7,187.9,185.7,190.4
ED-0033,1199,19:59,192.2,197.4,188.4,185.8,201.5,194.6,185.5,195.1,190.3,188.1,184.8,189.3
ED-0033,1200,20:00,192.9,197.1,188.1,186.5,201.5,194.5,184.1,196.2,189.6,189.0,185.5,189.2
ED-0033,1201,20:01,193.1,197.1,189.0,185.9,200.9,194.7,184.9,196.2,189.4,188.1,185.1,189.6
ED-0033,1202,20:02,192.4,197.8,188.9,187.1,202.4,194.9,184.3,196.2,189.6,188.1,183.8,190.6
ED-0033,1203,20:03,192.2,197.5,189.0,185.8,200.8,195.2,184.9,196.7,190.6,189.8,184.7,190.8
ED-0033,1204,20:04,193.0,197.2,188.8,186.4,202.2,194.6,185.6,196.9,189.7,188.6,185.4,190.5
ED-0033,1205,20:05,192.7,198.5,188.2,187.5,201.3,195.4,185.5,195.5,189.0,187.7,185.1,190.8
ED-0033,1206,20:06,193.6,198.1,188.9,186.9,201.0,194.3,185.5,197.0,190.7,188.8,184.7,190.2
ED-0033,1207,20:07,192.7,197.6,189.3,186.9,201.4,195.6,185.9,196.6,188.8,188.7,185.0,190.7
ED-0033,1208,20:08,192.9,198.0,189.3,187.2,201.7,195.9,185.0,196.0,190.5,188.0,184.9,191.8
ED-0033,1209,20:09,193.0,198.0,189.0,187.3,202.9,195.8,185.5,196.0,189.9,188.8,184.9,191.2
ED-0033,1210,20:10,193.4,197.8,189.0,187.3,201.5,195.6,185.8,196.9,190.3,188.8,185.4,190.2
ED-0033,1211,20:11,192.9,197.9,189.5,187.2,201.0,195.0,185.6,196.6,190.2,187.9,184.6,189.5
ED-0033,1212,20:12,193.1,199.1,189.1,186.9,202.2,195.6,186.1,197.4,189.6,189.0,185.0,190.8
ED-0033,1213,20:13,193.2,198.9,189.3,187.9,201.8,196.0,185.7,197.0,190.0,189.5,185.8,191.4
ED-0033,1214,20:14,193.7,198.3,189.5,187.4,201.4,195.7,185.0,197.2,190.3,188.7,184.6,190.9
ED-0033,1215,20:15,193.4,198.2,190.2,188.0,201.7,195.2,185.6,196.7,191.0,189.8,184.2,190.9
ED-0033,1216,20:16,193.3,198.7,189.4,187.7,202.5,196.4,185.6,195.8,190.5,188.8,185.4,191.9
ED-0033,1217,20:17,193.9,198.5,188.9,188.6,202.0,195.7,185.4,196.1,189.9,189.8,185.3,190.4
ED-0033,1218,20:18,193.7,198.7,188.6,187.4,201.8,196.3,184.7,197.2,190.8,188.8,185.5,191.3
ED-0033,1219,20:19,194.9,198.2,189.8,187.1,202.9,195.0,185.6,197.5,190.5,189.7,185.1,190.9
ED-0033,1220,20:20,194.4,198.4,190.0,187.8,202.9,195.3,186.2,197.0,190.7,188.9,185.3,191.8
ED-0033,1221,20:21,193.7,199.1,190.0,187.6,202.0,195.9,187.0,197.7,191.3,189.1,186.1,191.1
ED-0033,1222,20:22,194.5,198.9,189.8,187.3,201.9,196.2,186.0,197.4,190.9,188.6,186.2,191.6
ED-0033,1223,20:23,193.9,199.2,190.7,187.6,202.7,196.6,185.4,197.3,190.7,190.2,185.4,191.3
ED-0033,1224,20:24,193.7,199.2,190.7,188.1,202.5,196.4,186.1,197.7,190.6,189.3,185.4,191.7
ED-0033,1225,20:25,194.7,198.5,189.2,187.0,203.3,196.9,185.5,197.9,190.9,189.4,185.7,191.7
ED-0033,1226,20:26,194.5,199.2,189.3,188.0,202.4,196.7,187.0,197.6,191.4,189.7,185.7,191.8
ED-0033,1227,20:27,194.5,199.0,189.1,187.7,202.6,196.2,185.8,197.2,191.0,189.0,186.0,192.1
ED-0033,1228,20:28,193.9,199.2,188.4,188.0,203.2,195.8,186.1,197.2,190.6,190.0,186.2,192.0
ED-0033,1229,20:29,194.7,199.1,190.5,187.1,203.2,196.2,186.5,198.0,191.8,189.7,186.4,192.1
ED-0033,1230,20:30,194.4,198.1,189.2,188.6,202.7,196.6,186.4,197.8,192.8,189.1,186.4,191.2
ED-0033,1231,20:31,195.2,199.1,190.8,188.5,203.1,196.9,187.3,197.0,191.7,189.7,185.9,192.0
ED-0033,1232,20:32,194.7,199.9,190.1,188.0,203.3,197.1,187.0,198.3,191.7,189.6,184.9,192.2
ED-0033,1233,20:33,194.5,199.5,191.0,189.1,203.2,196.6,186.8,198.1,190.4,189.4,185.5,192.0
ED-0033,1234,20:34,195.5,200.5,190.0,187.5,202.9,195.6,186.8,197.1,192.5,189.0,186.8,192.2
ED-0033,1235,20:35,194.9,198.8,189.8,188.9,203.7,196.4,186.9,197.2,191.7,192.1,186.3,193.0
ED-0033,1236,20:36,194.1,199.0,189.2,187.6,203.6,196.5,186.4,198.3,191.4,189.3,185.7,192.5
ED-0033,1237,20:37,194.6,199.6,190.2,189.8,202.6,196.6,187.2,198.2,190.9,188.7,185.7,192.3
ED-0033,1238,20:38,194.3,198.5,191.3,188.0,203.0,197.4,187.6,198.1,192.6,188.0,186.5,192.7
ED-0033,1239,20:39,194.5,198.6,190.7,188.4,203.3,197.6,186.4,197.8,191.4,188.4,186.4,192.1
ED-0033,1240,20:40,195.3,198.2,190.6,189.5,203.6,196.4,187.4,198.5,191.1,188.6,186.0,191.9
ED-0033,1241,20:41,194.7,199.4,190.3,187.9,203.3,197.9,187.5,198.1,191.2,187.4,185.6,192.5
ED-0033,1242,20:42,194.9,197.7,190.2,186.5,203.1,196.5,187.5,199.7,191.1,189.0,188.0,192.3
ED-0033,1243,20:43,194.4,199.2,189.6,188.1,203.6,197.1,187.8,197.8,189.8,189.5,185.6,193.3
ED-0033,1244,20:44,195.3,199.1,190.9,188.7,203.4,197.9,186.4,198.7,190.9,189.2,187.8,192.7
ED-0033,1245,20:45,193.2,201.2,189.4,189.4,203.8,196.8,187.2,198.2,191.4,189.0,187.2,193.2
ED-0033,1246,20:46,194.2,198.5,189.4,189.7,204.2,196.8,187.5,197.9,191.2,189.9,186.3,192.4
ED-0033,1247,20:47,193.1,199.3,190.6,187.7,203.8,196.7,187.9,198.9,190.8,187.6,186.8,192.8
ED-0033,1248,20:48,196.3,198.8,190.1,187.2,204.6,198.2,188.1,198.6,190.4,188.1,186.1,192.2
ED-0033,1249,20:49,194.7,199.8,188.9,187.0,204.1,196.7,187.3,198.8,191.8,190.1,186.8,193.0
ED-0033,1250,20:50,194.3,200.0,188.8,188.1,203.3,197.5,188.2,199.5,192.5,189.6,187.4,190.6
ED-0033,1251,20:51,194.3,200.8,189.9,190.0,204.4,198.2,187.7,198.4,191.5,188.4,185.9,193.3
ED-0033,1252,20:52,195.1,198.4,190.9,188.9,203.3,197.4,187.7,198.6,192.5,189.8,185.9,194.3
ED-0033,1253,20:53,196.6,199.4,190.8,189.1,204.6,198.0,187.5,199.4,192.1,189.8,185.6,192.4
ED-0033,1254,20:54,196.3,197.4,190.1,188.9,205.4,198.0,187.8,199.6,189.7,189.3,187.4,194.2
ED-0033,1255,20:55,195.1,197.5,189.3,189.7,204.5,197.7,187.9,197.8,191.6,189.5,185.2,193.4
ED-0033,1256,20:56,195.2,197.7,189.4,186.5,205.2,197.1,187.3,199.0,191.3,189.8,186.6,193.3
ED-0033,1257,20:57,194.7,199.8,190.9,188.5,205.3,198.0,187.9,199.6,191.4,189.7,185.3,192.5
ED-0033,1258,20:58,196.9,199.8,189.1,187.3,204.2,198.3,187.8,197.8,191.8,189.1,184.7,192.8
ED-0033,1259,20:59,195.2,199.2,191.0,187.9,205.5,199.0,187.9,199.7,191.5,189.4,185.7,191.7
ED-0033,1260,21:00,195.9,198.0,188.6,188.6,205.3,198.9,187.9,199.5,190.8,190.5,185.5,191.3
ED-0033,1261,21:01,195.2,198.5,192.2,188.2,204.7,198.4,187.9,199.0,192.0,189.5,187.1,192.0
ED-0033,1262,21:02,195.7,199.2,188.6,189.9,204.5,198.1,188.4,199.1,189.6,189.3,186.2,192.8
ED-0033,1263,21:03,195.8,199.5,187.7,188.0,203.7,197.9,188.2,199.4,193.1,189.1,186.6,191.9
ED-0033,1264,21:04,195.2,198.4,190.2,188.1,204.5,197.7,187.0,199.5,190.3,188.3,186.7,194.0
ED-0033,1265,21:05,196.0,197.9,190.0,187.7,204.4,198.5,188.6,197.3,189.8,187.7,186.6,191.9
ED-0033,1266,21:06,194.8,200.5,187.6,188.0,206.6,199.1,188.0,198.7,190.6,187.4,187.5,191.7
ED-0033,1267,21:07,195.1,199.0,191.1,187.6,205.4,198.8,187.9,199.3,191.9,188.9,186.5,194.2
ED-0033,1268,21:08,194.4,200.1,190.8,187.8,204.9,198.8,190.6,199.1,191.2,189.2,187.1,191.4
ED-0033,1269,21:09,195.9,199.0,190.6,187.3,203.6,198.3,188.5,199.5,192.3,189.7,186.2,192.7
ED-0033,1270,21:10,194.4,198.2,190.2,186.2,204.7,199.7,188.9,198.8,190.2,187.1,185.8,191.6
ED-0033,1271,21:11,195.1,199.5,190.0,188.8,205.2,199.7,188.2,198.9,190.4,189.2,185.8,193.4
ED-0033,1272,21:12,197.1,199.3,190.4,188.4,204.6,198.0,189.2,199.6,191.5,189.0,185.5,193.2
ED-0033,1273,21:13,194.1,199.7,188.2,188.0,204.7,197.6,188.3,200.0,191.4,188.9,186.9,193.5
ED-0033,1274,21:14,197.1,200.2,191.1,188.2,204.8,199.8,188.6,198.6,189.0,188.5,185.7,193.1
ED-0033,1275,21:15,194.3,200.5,190.6,186.9,204.6,198.5,189.4,199.7,190.6,189.7,185.1,192.8
ED-0033,1276,21:16,194.3,198.6,190.3,186.4,204.9,198.7,187.9,201.3,191.1,189.3,185.5,192.6
ED-0033,1277,21:17,194.8,199.3,191.3,188.0,204.7,199.9,190.3,199.7,191.8,187.0,185.6,193.2
ED-0033,1278,21:18,193.9,199.0,191.1,188.4,203.0,197.5,188.1,200.2,191.5,189.8,185.6,193.9
ED-0033,1279,21:19,196.3,199.6,190.4,186.5,205.4,200.2,187.0,199.1,190.7,188.1,185.5,191.6
ED-0033,1280,21:20,196.9,198.7,189.4,189.7,206.1,198.4,188.4,199.0,190.3,189.5,186.3,192.0
ED-0033,1281,21:21,196.1,200.1,191.1,188.8,204.4,200.5,187.8,198.9,191.1,190.1,186.9,191.8
ED-0033,1282,21:22,195.6,199.2,188.9,188.9,205.1,197.7,186.8,199.4,190.3,190.5,187.0,191.9
ED-0033,1283,21:23,195.9,200.4,189.7,187.5,202.9,198.3,188.4,198.1,192.2,189.2,185.4,191.7
ED-0033,1284,21:24,195.8,199.3,190.9,188.2,205.4,199.6,188.4,198.3,190.4,189.5,186.7,192.3
ED-0033,1285,21:25,194.5,198.8,190.1,187.9,204.6,199.7,188.5,200.6,190.6,188.9,186.5,192.2
ED-0033,1286,21:26,196.9,198.5,189.6,187.9,203.6,198.2,188.4,199.2,191.3,189.1,185.9,193.1
ED-0033,1287,21:27,195.2,198.1,189.8,186.9,204.2,199.8,188.7,198.2,190.3,188.8,185.0,193.3
ED-0033,1288,21:28,194.7,199.6,191.5,187.2,205.0,198.5,187.8,199.0,190.6,189.6,187.8,193.3
ED-0033,1289,21:29,195.4,199.1,190.0,187.6,205.1,200.1,188.1,198.0,190.2,190.5,186.2,193.5
ED-0033,1290,21:30,195.7,199.8,190.4,187.6,205.1,199.0,188.2,199.6,190.7,188.4,184.8,191.5
ED-0033,1291,21:31,197.0,198.1,189.1,188.7,205.7,199.7,186.9,199.5,191.5,189.9,186.0,193.0
ED-0033,1292,21:32,195.5,201.1,189.0,187.4,204.7,197.6,187.9,198.4,191.8,188.5,185.5,192.7
ED-0033,1293,21:33,195.5,199.5,188.6,188.7,205.0,198.0,187.4,198.9,191.5,189.7,186.4,192.3
ED-0033,1294,21:34,196.6,199.8,188.9,185.9,203.6,198.6,188.9,199.3,189.5,190.4,185.5,193.8
ED-0033,1295,21:35,196.8,197.5,190.1,186.4,204.4,198.6,187.5,198.2,190.0,189.4,186.3,191.5
ED-0033,1296,21:36,197.5,198.1,190.0,187.9,203.2,199.2,188.0,199.4,191.6,190.2,185.8,194.1
ED-0033,1297,21:37,194.9,199.0,189.1,189.1,205.1,199.3,189.0,199.9,190.7,188.8,186.2,194.5
ED-0033,1298,21:38,197.3,199.9,190.6,187.0,204.5,198.8,188.2,198.8,191.0,188.8,185.5,191.8
ED-0033,1299,21:39,195.3,197.8,190.0,187.6,204.7,198.9,188.8,199.9,190.3,190.6,184.8,191.8
ED-0033,1300,21:40,195.3,201.1,189.9,188.2,203.8,198.6,189.4,200.5,191.3,189.0,186.3,192.2
ED-0033,1301,21:41,194.3,200.2,189.8,187.2,204.9,197.7,188.6,197.5,190.9,190.7,185.9,193.9
ED-0033,1302,21:42,194.3,200.4,189.4,188.7,203.5,198.5,188.4,199.7,190.9,187.5,186.9,194.3
ED-0033,1303,21:43,197.5,199.8,190.8,187.6,205.2,197.5,188.3,199.1,190.2,190.4,186.7,193.1
ED-0033,1304,21:44,195.3,200.0,190.4,188.4,205.6,198.5,188.2,198.3,190.9,191.2,185.4,193.4
ED-0033,1305,21:45,193.9,198.8,190.0,188.5,202.9,199.1,189.0,198.7,189.8,190.3,186.0,191.5
ED-0033,1306,21:46,194.7,200.4,190.4,188.5,204.5,197.3,188.4,199.4,190.6,189.5,185.3,192.8
ED-0033,1307,21:47,194.8,199.4,188.1,188.0,205.5,199.5,188.7,198.4,190.7,190.3,186.5,194.1
ED-0033,1308,21:48,195.4,198.3,189.3,188.8,205.7,199.7,187.9,199.3,191.1,190.7,185.7,192.5
ED-0033,1309,21:49,195.8,197.4,191.5,187.8,203.9,198.5,187.3,198.6,191.6,188.9,186.8,192.3
ED-0033,1310,21:50,195.2,199.4,191.0,189.3,204.0,199.5,187.0,199.7,190.8,190.1,185.9,193.5
ED-0033,1311,21:51,194.3,200.9,190.6,187.5,203.7,199.7,188.0,200.0,189.1,189.7,185.3,192.3
ED-0033,1312,21:52,195.5,199.2,188.0,187.7,205.6,199.2,188.0,200.2,190.8,188.1,184.3,193.0
ED-0033,1313,21:53,194.5,199.8,190.5,188.9,205.8,199.1,189.0,200.5,189.7,187.0,185.7,191.5
ED-0033,1314,21:54,195.2,199.8,190.3,189.3,205.5,198.0,188.0,199.3,188.2,189.8,185.6,193.2
ED-0033,1315,21:55,196.2,200.2,191.3,188.3,205.4,198.4,187.1,200.2,190.6,189.6,186.1,193.0
ED-0033,1316,21:56,196.3,200.4,189.4,187.8,204.6,198.7,189.8,198.9,191.8,190.7,185.9,192.8
ED-0033,1317,21:57,195.9,201.2,187.8,187.9,205.4,198.9,188.1,199.8,191.6,189.4,185.9,192.6
ED-0033,1318,21:58,195.5,199.0,189.4,188.1,204.8,199.3,188.0,199.8,191.2,189.4,186.0,192.2
ED-0033,1319,21:59,194.4,199.8,188.6,188.1,204.3,197.3,188.0,198.5,191.2,189.0,187.7,193.2
ED-0033,1320,22:00,194.7,200.5,188.9,188.4,205.3,197.7,187.7,199.9,190.9,188.5,186.5,193.0
ED-0033,1321,22:01,194.8,198.1,189.7,189.3,205.3,197.9,188.3,198.8,190.8,189.6,185.3,194.2
ED-0033,1322,22:02,194.8,199.9,189.9,188.6,204.7,198.7,187.6,200.1,190.9,188.6,188.0,191.7
ED-0033,1323,22:03,195.8,199.0,190.0,188.0,204.6,199.5,189.2,198.4,191.2,188.4,186.7,195.0
ED-0033,1324,22:04,195.5,198.3,189.1,188.4,207.3,197.5,188.0,198.9,192.1,189.6,185.7,192.2
ED-0033,1325,22:05,197.3,200.0,189.6,188.2,205.3,199.2,189.1,199.6,189.4,188.4,186.3,190.4
ED-0033,1326,22:06,195.6,198.8,189.2,188.0,203.5,198.8,190.3,198.3,191.0,188.9,186.9,193.1
ED-0033,1327,22:07,195.8,199.3,187.5,187.9,204.1,200.0,189.6,202.3,190.7,190.0,185.8,192.8
ED-0033,1328,22:08,195.8,198.5,189.5,187.8,204.8,197.9,189.3,200.4,191.7,186.8,184.3,194.5
ED-0033,1329,22:09,196.5,200.1,188.9,187.8,204.9,197.9,188.9,199.9,191.5,189.3,185.6,193.1
ED-0033,1330,22:10,195.2,198.9,189.9,189.2,205.3,198.4,189.0,198.4,191.5,189.6,185.7,193.8
ED-0033,1331,22:11,194.5,199.8,189.1,188.6,205.0,200.0,187.7,199.4,190.1,188.2,185.3,192.8
ED-0033,1332,22:12,194.2,198.4,189.6,187.7,204.2,197.0,187.7,199.8,191.8,189.1,186.4,190.8
ED-0033,1333,22:13,194.4,198.1,189.9,187.7,204.6,199.6,188.6,200.1,190.4,188.0,185.4,192.2
ED-0033,1334,22:14,195.5,199.6,188.7,187.7,205.4,198.8,188.6,199.2,189.5,188.3,185.3,192.5
ED-0033,1335,22:15,195.6,199.0,189.5,187.9,203.5,199.6,188.7,199.6,191.4,191.2,184.7,193.4
ED-0033,1336,22:16,195.0,199.6,188.6,187.9,204.7,197.0,187.9,198.4,191.8,190.4,185.2,192.8
ED-0033,1337,22:17,195.1,199.7,191.1,188.2,205.1,199.1,189.0,201.4,191.6,188.6,187.4,193.9
ED-0033,1338,22:18,196.4,200.5,190.1,189.1,205.4,198.2,189.7,198.4,190.8,189.0,185.3,193.5
ED-0033,1339,22:19,195.6,198.9,190.1,187.2,206.2,197.3,188.5,200.5,190.9,190.0,187.1,193.7
ED-0033,1340,22:20,195.1,199.1,191.2,187.0,204.0,199.6,189.8,198.2,191.2,190.7,185.1,194.5
ED-0033,1341,22:21,196.1,198.3,189.8,188.1,205.4,197.8,188.7,200.3,190.5,191.0,185.7,192.7
ED-0033,1342,22:22,196.0,199.4,189.4,188.7,203.7,198.6,188.2,200.9,190.8,188.0,186.1,193.1
ED-0033,1343,22:23,195.8,199.8,188.5,187.8,206.2,199.3,187.9,199.5,189.6,189.1,187.6,193.2
ED-0033,1344,22:24,196.6,198.9,189.6,188.5,204.2,198.7,188.6,199.2,191.7,188.8,185.3,192.5
ED-0033,1345,22:25,196.2,199.2,190.1,187.8,204.3,199.1,189.1,198.8,191.2,189.3,184.8,191.8
ED-0033,1346,22:26,194.3,200.2,190.1,187.9,204.2,198.1,187.4,197.6,190.6,189.3,186.9,193.1
ED-0033,1347,22:27,194.6,199.1,190.7,188.4,204.7,199.0,188.6,200.0,189.9,188.5,186.4,192.4
ED-0033,1348,22:28,194.3,198.0,188.6,189.6,205.0,196.9,187.6,198.6,192.1,188.3,185.9,192.3
ED-0033,1349,22:29,194.6,198.1,190.0,188.6,205.2,197.5,188.6,198.2,190.9,189.1,186.3,192.2
ED-0033,1350,22:30,195.2,199.3,189.5,189.0,205.0,198.6,188.2,198.6,190.6,189.4,185.7,192.3
ED-0033,1351,22:31,194.0,198.8,191.0,187.5,206.7,198.4,188.4,197.7,190.4,188.2,187.2,194.1
ED-0033,1352,22:32,195.5,200.9,190.7,189.0,206.0,198.6,189.1,198.8,191.4,187.5,185.6,192.6
ED-0033,1353,22:33,195.7,198.8,188.5,187.9,205.4,198.5,188.5,198.9,192.4,190.7,186.0,193.4
ED-0033,1354,22:34,196.7,199.6,190.3,188.5,202.6,198.5,188.2,199.2,191.0,189.5,187.7,192.5
ED-0033,1355,22:35,194.9,198.4,189.2,186.9,206.1,199.2,187.6,200.2,189.9,188.9,186.0,194.1
ED-0033,1356,22:36,194.7,199.0,188.5,188.2,204.4,198.3,189.1,198.9,191.6,188.9,186.5,192.7
ED-0033,1357,22:37,194.2,198.9,189.8,187.2,203.9,198.0,188.2,198.6,190.8,188.5,186.0,191.8
ED-0033,1358,22:38,195.3,198.1,190.0,189.4,203.9,198.1,187.4,200.2,191.2,190.0,186.7,192.8
ED-0033,1359,22:39,192.7,197.6,188.8,189.2,204.8,199.7,188.2,199.2,190.8,188.7,187.0,191.8
ED-0033,1360,22:40,195.8,198.8,189.8,187.7,205.2,200.0,187.8,198.6,190.5,188.3,185.3,191.6
ED-0033,1361,22:41,195.1,199.8,188.9,186.2,205.4,197.9,187.7,199.1,192.1,189.9,185.6,192.8
ED-0033,1362,22:42,196.6,199.1,189.9,187.4,203.1,197.8,189.6,199.9,191.1,188.7,186.5,193.1
ED-0033,1363,22:43,195.7,198.5,190.4,188.1,206.0,197.9,187.3,198.4,191.4,191.4,187.2,194.5
ED-0033,1364,22:44,195.8,199.4,190.7,187.4,203.8,199.1,188.0,199.7,190.5,189.4,187.5,194.1
ED-0033,1365,22:45,196.3,198.7,191.6,188.0,204.6,197.3,188.7,199.7,191.2,189.6,187.0,191.3
ED-0033,1366,22:46,195.6,200.4,188.9,188.1,205.6,198.6,188.2,199.9,189.3,189.0,185.7,192.2
ED-0033,1367,22:47,194.3,198.6,190.0,188.7,205.5,198.6,187.0,199.8,191.9,190.8,186.1,192.2
ED-0033,1368,22:48,195.5,200.2,191.0,187.7,203.0,199.5,189.1,199.7,190.1,189.1,184.4,193.3
ED-0033,1369,22:49,194.4,199.3,190.8,187.7,205.4,200.0,187.6,199.6,190.3,188.0,186.2,194.1
ED-0033,1370,22:50,193.9,199.1,191.1,187.7,205.7,197.9,187.8,199.4,191.2,190.0,187.6,192.4
ED-0033,1371,22:51,193.9,199.4,190.2,188.6,206.3,200.3,188.8,199.8,191.5,188.3,185.5,192.4
ED-0033,1372,22:52,195.6,199.8,187.3,187.4,205.0,197.4,187.8,198.8,190.7,187.7,186.3,192.1
ED-0033,1373,22:53,193.3,198.5,190.1,187.6,205.7,198.9,188.8,198.7,191.7,190.3,187.1,192.8
ED-0033,1374,22:54,195.1,199.9,190.4,187.5,204.3,198.8,188.3,198.2,192.9,189.6,185.5,191.8
ED-0033,1375,22:55,195.1,199.2,188.6,186.3,206.8,199.4,190.1,197.3,191.3,189.2,185.7,191.4
ED-0033,1376,22:56,195.0,199.5,190.6,187.3,205.2,198.8,189.0,199.4,192.2,190.2,187.0,191.8
ED-0033,1377,22:57,196.4,199.5,190.6,187.5,205.2,198.1,189.3,200.0,190.0,189.2,184.3,193.3
ED-0033,1378,22:58,195.5,197.8,190.4,188.6,203.9,198.4,186.9,199.9,193.1,189.3,187.9,192.2
ED-0033,1379,22:59,195.0,200.4,189.2,188.7,203.5,198.2,187.7,199.3,190.9,189.6,186.3,193.0
ED-0033,1380,23:00,194.2,198.4,189.6,189.7,205.2,197.5,188.2,199.6,190.6,188.3,186.1,190.2
ED-0033,1381,23:01,195.9,198.8,189.0,189.4,203.7,198.3,189.0,200.5,190.8,188.7,186.0,194.6
ED-0033,1382,23:02,194.9,199.9,189.5,188.5,205.0,198.5,186.9,198.7,190.2,189.6,187.2,192.9
ED-0033,1383,23:03,194.5,199.3,189.5,187.8,205.5,198.8,188.9,199.3,191.1,189.9,185.7,192.6
ED-0033,1384,23:04,195.1,198.5,189.7,189.2,204.5,198.5,189.4,200.8,190.5,189.0,184.3,192.0
ED-0033,1385,23:05,193.9,198.0,190.7,189.1,204.3,198.0,186.9,199.6,190.3,189.2,187.7,193.2
ED-0033,1386,23:06,194.7,199.6,189.8,188.3,204.8,198.9,188.9,198.2,191.4,190.8,187.5,192.0
ED-0033,1387,23:07,195.9,200.2,189.9,187.9,205.3,197.5,189.1,198.8,191.3,188.5,187.2,193.5
ED-0033,1388,23:08,195.5,199.6,189.0,188.6,204.8,199.7,188.1,199.2,191.1,188.9,186.4,192.2
ED-0033,1389,23:09,195.9,199.7,190.8,188.5,203.9,200.6,189.6,198.7,190.6,189.6,186.6,194.3
ED-0033,1390,23:10,196.5,199.7,190.8,189.6,203.8,198.2,187.8,199.3,192.2,189.4,185.8,191.6
ED-0033,1391,23:11,194.9,198.2,189.8,188.1,203.7,197.9,186.8,198.2,190.8,188.1,185.5,193.2
ED-0033,1392,23:12,193.6,199.9,190.1,188.7,202.6,198.9,189.1,197.9,190.7,189.2,186.5,191.7
ED-0033,1393,23:13,195.2,198.8,188.5,188.7,204.0,199.2,188.1,198.9,190.4,190.3,186.3,192.7
ED-0033,1394,23:14,196.4,199.5,189.1,188.6,204.2,197.5,187.6,198.0,189.7,189.5,185.9,194.5
ED-0033,1395,23:15,197.7,200.0,188.9,187.1,203.7,198.0,188.6,200.3,191.9,189.9,187.8,192.4
ED-0033,1396,23:16,195.0,199.6,188.2,188.4,205.1,197.7,189.5,199.9,188.6,188.5,188.3,193.0
ED-0033,1397,23:17,195.3,199.7,191.4,188.8,203.7,199.8,188.9,199.0,189.4,190.0,187.5,194.0
ED-0033,1398,23:18,196.0,199.4,190.3,188.7,203.6,199.4,188.7,198.1,192.5,189.3,186.0,192.6
ED-0033,1399,23:19,194.1,200.5,190.4,188.3,203.9,199.3,187.8,199.6,190.1,187.8,186.4,192.6
ED-0033,1400,23:20,196.4,199.2,189.6,187.5,203.1,198.5,189.4,198.8,190.4,189.4,186.0,192.1
ED-0033,1401,23:21,195.2,198.5,191.9,188.0,205.3,200.0,187.8,199.9,190.3,189.7,186.9,190.8
ED-0033,1402,23:22,194.1,198.9,190.3,188.2,205.5,198.0,188.9,200.0,191.8,189.2,185.5,192.8
ED-0033,1403,23:23,195.1,200.4,190.2,186.8,205.9,198.9,189.3,200.2,190.3,190.1,186.6,192.9
ED-0033,1404,23:24,195.9,198.5,190.0,188.9,203.9,197.4,186.3,200.0,190.3,189.9,186.3,193.5
ED-0033,1405,23:25,195.8,199.7,189.8,187.5,204.9,198.2,187.4,200.3,191.7,188.8,185.7,192.8
ED-0033,1406,23:26,196.0,199.1,189.9,188.7,204.0,199.3,187.3,199.4,190.6,189.4,186.1,192.2
ED-0033,1407,23:27,195.0,199.7,189.9,187.2,204.3,198.7,187.2,198.8,192.2,188.9,186.4,192.4
ED-0033,1408,23:28,193.7,198.6,189.4,188.2,202.8,198.8,188.1,199.0,189.6,189.1,186.4,192.7
ED-0033,1409,23:29,195.2,199.8,191.2,189.0,203.8,199.1,188.3,199.0,191.2,188.9,185.0,193.7
ED-0033,1410,23:30,196.6,198.5,190.5,187.5,204.6,196.6,188.9,198.6,189.8,189.3,186.1,194.5
ED-0033,1411,23:31,196.6,199.5,187.5,188.1,204.2,197.0,185.5,199.7,191.2,189.0,186.1,194.8
ED-0033,1412,23:32,194.4,198.9,189.6,188.8,204.5,198.5,187.3,200.2,190.5,188.3,187.6,193.1
ED-0033,1413,23:33,195.4,199.2,189.0,188.6,204.8,200.2,187.7,199.8,191.7,189.6,186.7,193.2
ED-0033,1414,23:34,195.6,200.0,190.0,188.8,204.7,197.3,187.5,199.6,190.0,190.5,186.1,192.9
ED-0033,1415,23:35,195.7,200.2,191.1,189.4,203.4,197.6,188.5,198.8,191.3,188.6,185.9,192.1
ED-0033,1416,23:36,194.7,197.5,189.4,188.5,205.3,198.6,188.6,198.0,190.7,189.8,186.9,191.8
ED-0033,1417,23:37,193.9,200.1,190.3,189.0,204.0,199.6,187.3,199.2,189.6,189.1,184.7,192.0
ED-0033,1418,23:38,196.1,198.6,188.4,186.9,204.5,198.5,188.6,199.7,190.6,188.6,186.4,194.5
ED-0033,1419,23:39,195.6,199.0,190.7,189.4,205.5,197.9,186.6,198.2,191.6,187.7,186.4,192.4
ED-0033,1420,23:40,195.4,200.2,190.9,188.9,205.4,198.6,187.8,198.9,189.4,190.2,187.0,192.9
ED-0033,1421,23:41,195.6,198.6,189.3,190.2,205.3,198.9,188.9,197.6,191.6,190.2,187.2,192.0
ED-0033,1422,23:42,197.0,200.1,189.7,188.5,204.2,198.7,188.3,200.4,191.4,188.4,185.7,194.1
ED-0033,1423,23:43,194.5,199.2,190.5,188.8,204.4,198.8,188.3,198.1,192.0,188.2,187.9,193.2
ED-0033,1424,23:44,194.2,200.1,189.6,188.1,205.0,197.5,188.5,199.6,190.3,189.5,186.4,191.4
ED-0033,1425,23:45,195.7,199.7,190.8,186.8,206.5,198.8,187.5,199.8,191.0,189.6,185.5,194.6
ED-0033,1426,23:46,195.4,200.7,190.9,188.0,205.2,200.7,190.1,198.5,190.9,187.5,188.4,192.9
ED-0033,1427,23:47,195.6,199.6,189.2,188.4,204.8,197.9,188.8,197.9,190.1,190.4,186.0,192.5
ED-0033,1428,23:48,196.5,197.7,189.0,189.4,204.3,198.2,188.2,199.8,192.1,189.7,185.2,193.4
ED-0033,1429,23:49,195.3,199.2,190.1,189.5,204.0,198.5,189.7,199.0,190.1,189.3,186.0,192.9
ED-0033,1430,23:50,196.1,198.8,189.2,186.6,205.6,199.8,187.9,198.7,190.0,189.7,186.1,192.5
ED-0033,1431,23:51,195.4,200.2,191.4,188.2,203.3,197.5,188.4,199.5,191.1,189.0,186.7,192.8
ED-0033,1432,23:52,194.5,199.4,190.0,189.0,203.0,197.2,189.7,199.5,189.8,189.2,186.9,192.8
ED-0033,1433,23:53,196.1,197.7,192.7,188.3,204.3,196.7,188.1,200.0,190.5,189.9,186.4,194.2
ED-0033,1434,23:54,195.4,198.9,191.5,187.0,205.3,197.6,187.6,200.3,191.3,189.0,186.5,192.7
ED-0033,1435,23:55,196.1,199.4,190.5,188.9,205.0,200.0,186.7,199.1,190.9,188.9,186.6,192.8
ED-0033,1436,23:56,195.6,198.4,189.9,187.2,205.3,198.1,189.4,200.0,191.0,189.7,185.4,193.9
ED-0033,1437,23:57,194.9,199.7,189.0,188.4,205.1,198.5,188.9,198.5,190.9,189.9,186.0,193.7
ED-0033,1438,23:58,195.7,198.6,187.7,185.8,205.3,199.6,189.1,198.6,190.4,189.5,186.0,193.5
ED-0033,1439,23:59,195.9,199.7,189.7,187.5,206.1,198.8,188.6,199.3,190.8,190.2,185.9,192.9
ED-0033,1440,24:00,195.2,201.7,189.1,187.8,203.9,200.1,188.6,199.1,190.9,189.7,185.9,192.8
ED-0033,1441,24:01,194.8,199.2,190.1,186.2,205.0,197.9,188.2,198.8,192.4,188.9,186.1,191.8
ED-0033,1442,24:02,193.9,200.6,191.0,187.7,205.3,199.0,188.3,201.0,190.6,188.7,185.4,193.9
ED-0033,1443,24:03,196.5,200.6,190.7,186.9,204.9,199.0,188.6,199.6,190.1,189.3,186.5,193.0
ED-0033,1444,24:04,195.0,198.8,189.7,187.7,204.7,199.0,188.7,198.6,191.6,188.0,186.8,191.0
ED-0033,1445,24:05,195.3,199.9,189.3,188.4,204.9,199.3,188.4,201.1,191.2,189.8,186.2,192.4
ED-0033,1446,24:06,195.6,199.3,190.3,186.9,205.4,198.3,187.4,199.8,191.8,190.1,186.9,193.1
ED-0033,1447,24:07,195.1,198.3,191.7,188.3,204.4,198.3,187.6,200.1,191.5,187.8,186.4,192.6
ED-0033,1448,24:08,196.1,198.9,189.5,188.9,203.9,197.1,188.3,198.7,190.3,188.7,184.2,193.3
ED-0033,1449,24:09,194.1,200.2,189.9,186.6,204.4,198.8,188.8,198.3,191.0,189.5,186.4,193.4
ED-0033,1450,24:10,195.8,199.9,189.5,190.9,204.8,199.4,187.4,198.5,192.6,189.2,186.6,193.5
ED-0033,1451,24:11,195.8,201.9,189.5,187.5,206.0,197.9,189.6,200.7,192.1,188.8,185.8,191.2
ED-0033,1452,24:12,194.8,199.4,190.6,188.0,205.4,199.6,187.7,200.7,190.1,189.7,186.6,192.9
ED-0033,1453,24:13,194.2,199.2,190.5,188.9,204.9,198.9,187.2,199.7,191.2,190.1,185.9,192.1
ED-0033,1454,24:14,194.3,198.9,188.5,187.7,204.9,199.6,189.0,197.8,191.5,189.3,186.7,192.7
ED-0033,1455,24:15,196.5,197.9,189.6,188.4,203.2,198.3,188.1,198.4,190.7,190.3,187.4,192.4
ED-0033,1456,24:16,195.5,199.4,189.7,187.5,204.7,198.0,189.5,198.1,192.7,191.0,185.2,194.2
ED-0033,1457,24:17,193.8,198.3,190.9,188.9,206.2,199.0,189.4,198.0,190.6,190.0,187.2,192.9
ED-0033,1458,24:18,196.6,198.9,189.5,187.0,204.4,198.6,187.9,200.0,190.7,190.2,185.0,192.0
ED-0033,1459,24:19,194.1,200.3,189.9,189.0,204.2,198.1,189.1,198.5,190.9,189.5,186.1,192.8
ED-0033,1460,24:20,195.2,200.1,190.3,186.6,205.2,199.9,188.9,199.1,189.5,188.5,185.7,191.4
ED-0033,1461,24:21,194.7,198.2,191.1,188.3,204.4,200.1,187.9,200.4,190.2,187.6,186.9,194.1
ED-0033,1462,24:22,195.0,199.9,190.4,187.9,206.0,196.2,187.7,197.8,189.5,189.6,186.4,192.7
ED-0033,1463,24:23,194.4,198.8,189.8,186.7,204.5,198.5,189.4,199.9,190.6,189.0,185.6,192.0
ED-0033,1464,24:24,193.6,199.2,190.1,186.2,205.0,198.9,187.9,199.9,190.5,190.1,185.7,193.7
ED-0033,1465,24:25,196.1,198.6,189.9,188.0,203.1,198.6,189.4,200.3,191.2,188.9,185.3,193.3
ED-0033,1466,24:26,194.6,198.2,190.9,188.3,204.3,198.8,187.2,199.9,191.8,189.5,186.8,192.3
ED-0033,1467,24:27,194.0,198.3,189.9,187.4,205.7,200.5,187.7,199.2,190.8,188.9,183.8,192.6
ED-0033,1468,24:28,196.5,200.0,189.6,188.5,205.7,196.7,189.2,199.0,191.8,189.9,186.5,194.4
ED-0033,1469,24:29,195.1,200.6,190.1,187.1,204.9,199.2,189.2,198.8,189.9,190.2,187.2,192.3
ED-0033,1470,24:30,195.8,199.3,190.2,186.2,205.7,197.5,187.2,201.5,191.8,189.4,187.3,192.8
ED-0033,1471,24:31,193.5,199.2,189.0,187.6,205.3,196.6,186.6,198.9,192.4,188.0,185.3,194.3
ED-0033,1472,24:32,194.0,199.5,190.7,186.9,206.2,198.9,188.8,196.8,192.3,190.1,186.4,193.7
ED-0033,1473,24:33,196.4,197.7,190.8,187.1,204.1,198.1,187.2,199.5,191.1,190.2,186.9,192.2
ED-0033,1474,24:34,194.1,200.7,191.1,186.8,203.7,199.3,189.0,198.4,191.5,189.7,185.7,193.5
ED-0033,1475,24:35,196.2,199.2,189.0,188.0,205.9,199.3,187.1,199.3,189.5,188.3,185.8,192.0
ED-0033,1476,24:36,196.2,199.4,191.6,186.5,205.4,196.9,189.2,199.7,188.6,189.3,187.1,190.6
ED-0033,1477,24:37,194.6,198.0,189.9,187.0,205.2,200.3,187.3,199.0,190.9,188.0,186.6,191.9
ED-0033,1478,24:38,195.6,198.4,188.3,188.2,204.6,198.0,188.8,199.1,190.2,188.3,184.6,192.6
ED-0033,1479,24:39,195.7,200.6,189.1,188.6,204.9,198.6,187.2,199.2,191.0,189.3,186.8,193.1
ED-0033,1480,24:40,194.5,199.1,189.2,187.4,204.5,197.5,187.1,198.3,191.5,188.7,186.3,192.3
ED-0033,1481,24:41,195.6,199.6,190.2,188.2,205.3,198.5,188.8,199.1,191.4,188.8,186.9,193.8
ED-0033,1482,24:42,197.2,198.5,188.3,188.9,206.3,198.3,189.7,198.9,191.8,189.2,184.9,192.9
ED-0033,1483,24:43,196.1,200.7,189.2,187.1,204.9,200.2,187.6,198.2,189.4,189.7,186.0,192.1
ED-0033,1484,24:44,194.9,199.8,190.6,189.0,205.4,199.1,189.2,197.2,191.7,188.5,186.9,193.4
ED-0033,1485,24:45,194.4,198.1,190.3,188.6,204.1,199.7,187.7,199.1,190.9,190.2,186.6,193.7
ED-0033,1486,24:46,193.6,199.3,189.1,188.6,204.6,198.7,187.4,199.6,190.9,189.1,186.0,192.9
ED-0033,1487,24:47,194.3,199.9,189.8,187.0,204.6,198.6,188.0,198.0,191.4,189.9,186.1,192.7
ED-0033,1488,24:48,196.2,198.3,188.8,187.7,205.9,197.9,189.2,199.0,190.2,188.8,185.7,193.3
ED-0033,1489,24:49,196.8,199.6,191.3,188.8,205.5,198.7,187.6,198.9,190.2,188.8,187.4,193.9
ED-0033,1490,24:50,195.7,199.4,190.8,186.9,204.6,200.1,185.6,198.6,190.3,188.7,185.8,193.6
ED-0033,1491,24:51,196.0,199.7,189.7,187.3,205.2,201.1,187.4,198.6,190.5,190.2,186.1,192.7
ED-0033,1492,24:52,196.2,198.9,190.4,186.7,203.4,200.2,189.2,197.3,190.3,189.8,186.0,194.3
ED-0033,1493,24:53,194.3,199.5,190.2,186.4,205.1,198.6,188.9,199.6,189.3,188.3,186.9,193.8
ED-0033,1494,24:54,195.7,198.9,188.1,188.2,203.9,198.7,188.8,199.5,191.6,190.9,186.7,193.1
ED-0033,1495,24:55,196.3,199.3,190.6,188.6,205.4,199.2,188.0,199.5,190.4,189.8,185.6,193.0
ED-0033,1496,24:56,195.1,199.4,189.6,189.6,203.7,198.1,188.6,199.5,190.7,189.5,186.6,193.9
ED-0033,1497,24:57,195.1,198.5,188.6,188.8,204.9,198.8,187.0,198.5,192.1,189.0,186.3,193.1
ED-0033,1498,24:58,195.9,199.2,189.4,189.0,203.6,199.3,188.4,198.4,191.1,188.9,186.8,194.0
ED-0033,1499,24:59,195.1,198.9,190.1,186.0,204.3,197.9,188.9,197.1,192.0,189.2,184.2,191.0
ED-0033,1500,25:00,196.2,199.9,189.6,189.1,203.1,197.7,187.5,199.7,191.7,189.7,186.0,192.3
ED-0033,1501,25:01,194.7,199.3,191.0,188.9,204.5,197.9,189.3,198.9,190.6,189.1,186.2,193.9
ED-0033,1502,25:02,194.0,197.8,190.4,188.5,205.0,197.6,188.0,200.3,190.4,190.5,186.1,193.8
ED-0033,1503,25:03,195.0,199.3,189.7,187.0,204.8,198.9,187.5,199.4,192.1,188.5,185.4,191.8
ED-0033,1504,25:04,195.8,199.1,189.4,187.3,204.0,198.1,187.6,199.4,190.5,190.0,186.2,193.3
ED-0033,1505,25:05,195.0,198.4,189.7,186.8,204.6,199.1,187.3,198.6,190.7,189.1,186.4,192.3
ED-0033,1506,25:06,193.5,200.5,189.3,188.5,203.9,198.8,188.6,198.6,191.5,190.4,187.5,193.5
ED-0033,1507,25:07,195.4,199.9,190.1,186.3,204.5,197.7,187.4,198.7,190.3,189.2,186.8,192.4
ED-0033,1508,25:08,194.2,200.0,189.3,186.8,205.3,200.5,187.7,201.4,189.9,189.1,186.3,192.7
ED-0033,1509,25:09,196.6,197.8,189.8,188.5,203.8,198.4,187.7,198.6,190.3,191.0,185.4,193.6
ED-0033,1510,25:10,195.9,199.8,188.8,189.2,203.3,197.4,187.0,200.5,190.6,189.2,186.4,193.3
ED-0033,1511,25:11,195.1,199.7,190.1,187.6,205.1,200.0,187.8,199.5,191.7,190.5,184.6,192.9
ED-0033,1512,25:12,195.2,200.3,190.2,188.4,205.6,198.6,188.1,198.8,190.3,190.1,186.5,192.3
ED-0033,1513,25:13,195.9,197.2,189.0,187.9,205.1,199.2,188.7,200.6,191.1,189.5,184.8,192.3
ED-0033,1514,25:14,194.6,199.3,190.8,188.2,205.1,198.2,187.6,199.6,189.9,188.7,186.9,190.5
ED-0033,1515,25:15,195.1,198.7,189.6,187.4,204.4,198.7,189.1,199.9,192.4,188.0,186.3,193.6
ED-0033,1516,25:16,196.1,200.1,187.7,189.4,206.0,198.2,188.1,198.5,189.4,189.3,185.4,192.7
ED-0033,1517,25:17,195.4,199.4,189.5,187.3,204.1,199.2,187.8,200.6,189.3,188.3,188.6,194.0
ED-0033,1518,25:18,194.9,199.1,190.3,186.7,204.6,197.7,189.4,199.0,189.8,189.2,186.6,191.7
ED-0033,1519,25:19,197.3,199.3,189.3,188.1,204.4,198.9,189.3,199.5,190.2,189.3,186.2,194.4
ED-0033,1520,25:20,194.9,199.6,188.9,187.4,205.6,199.2,187.8,198.4,190.4,188.5,185.7,191.6
ED-0033,1521,25:21,195.2,199.5,190.5,188.4,205.4,197.8,189.3,198.9,189.4,190.2,186.8,193.9
ED-0033,1522,25:22,194.9,199.8,190.4,188.4,203.4,198.0,188.3,199.2,192.5,190.1,185.5,192.8
ED-0033,1523,25:23,194.4,199.1,189.6,188.4,205.8,199.4,187.9,198.6,191.6,190.2,185.6,192.7
ED-0033,1524,25:24,193.9,199.5,189.3,188.0,204.9,198.6,187.8,198.1,189.8,188.7,185.8,193.8
ED-0033,1525,25:25,194.2,197.4,188.9,188.5,203.4,197.5,188.8,199.8,190.0,190.4,186.6,193.6
ED-0033,1526,25:26,196.7,199.4,190.0,186.8,204.0,199.4,186.8,199.0,191.9,187.6,185.7,193.4
ED-0033,1527,25:27,195.5,199.2,190.0,188.4,204.4,198.9,188.7,199.3,191.8,190.1,184.1,194.1
ED-0033,1528,25:28,194.5,200.1,188.9,187.5,204.1,199.5,188.6,198.7,190.4,190.4,185.7,194.7
ED-0033,1529,25:29,196.2,197.8,190.2,188.2,203.9,197.7,189.0,199.9,189.5,189.0,186.5,194.5
ED-0033,1530,25:30,195.0,199.3,190.3,188.0,205.5,199.0,189.2,199.4,191.6,187.5,186.1,193.3
ED-0033,1531,25:31,196.2,198.9,190.0,187.9,204.4,199.8,187.4,200.2,191.2,188.4,187.9,192.6
ED-0033,1532,25:32,194.9,199.5,190.7,187.7,204.9,198.0,187.2,198.4,190.7,188.6,186.6,192.3
ED-0033,1533,25:33,195.6,201.0,189.5,189.0,203.9,199.0,189.4,199.4,190.8,188.7,188.4,193.6
ED-0033,1534,25:34,195.3,199.5,189.7,189.0,205.4,198.9,188.9,199.6,190.3,189.5,184.9,192.5
ED-0033,1535,25:35,196.2,199.3,189.1,187.4,203.2,199.8,187.5,200.1,190.8,190.0,186.9,193.5
ED-0033,1536,25:36,195.9,199.6,189.9,188.7,205.2,197.8,188.0,198.1,191.0,188.2,185.9,194.0
ED-0033,1537,25:37,194.7,198.4,189.1,187.9,204.5,199.4,190.2,197.3,191.2,189.3,186.2,193.7
ED-0033,1538,25:38,196.5,201.1,189.5,188.4,204.9,197.9,188.4,200.1,191.4,190.4,186.3,193.1
ED-0033,1539,25:39,196.7,200.5,188.6,187.3,203.4,198.8,189.5,198.9,191.5,188.9,186.2,193.0
ED-0033,1540,25:40,195.5,199.6,192.8,187.5,204.2,198.9,189.0,199.1,190.2,188.8,186.3,192.0
ED-0033,1541,25:41,194.9,198.9,190.5,187.0,204.3,201.0,188.1,199.4,190.9,189.6,186.0,192.8
ED-0033,1542,25:42,194.1,200.0,188.6,187.5,203.2,197.0,187.4,199.2,191.4,191.1,186.5,193.4
ED-0033,1543,25:43,195.6,199.7,190.4,188.7,204.1,198.6,189.2,197.7,191.5,188.7,185.5,192.0
ED-0033,1544,25:44,194.5,200.4,188.3,187.4,204.4,198.4,189.8,198.2,191.0,189.8,186.1,193.0
ED-0033,1545,25:45,194.6,199.4,190.3,187.9,204.2,198.1,188.3,199.1,191.2,188.3,185.2,193.3
ED-0033,1546,25:46,195.0,198.9,188.4,185.8,205.9,198.8,188.5,199.8,191.2,189.1,188.2,192.9
ED-0033,1547,25:47,195.9,199.4,189.3,187.7,204.2,199.7,189.4,200.0,191.9,187.8,186.0,191.8
ED-0033,1548,25:48,195.2,198.0,190.7,187.9,204.9,199.2,187.6,198.9,190.7,188.7,185.7,192.2
ED-0033,1549,25:49,196.0,200.4,189.9,189.6,205.0,199.0,187.3,200.0,190.2,190.7,185.5,195.2
ED-0033,1550,25:50,194.5,198.5,189.2,187.8,202.6,199.0,186.6,200.0,191.8,189.3,185.5,193.0
ED-0033,1551,25:51,195.1,198.5,189.4,188.8,204.0,199.8,189.2,199.0,189.2,189.4,186.0,193.3
ED-0033,1552,25:52,196.8,199.6,190.7,188.7,206.0,197.7,187.8,199.1,191.3,189.2,186.9,193.1
ED-0033,1553,25:53,195.1,198.4,189.2,186.7,204.8,197.6,188.7,198.3,192.0,189.0,185.8,193.6
ED-0033,1554,25:54,195.4,199.7,190.7,186.6,205.0,197.4,186.8,199.6,190.8,190.4,187.3,192.4
ED-0033,1555,25:55,194.8,200.7,188.7,188.7,205.3,197.2,189.3,198.9,193.0,189.3,187.1,192.6
ED-0033,1556,25:56,194.4,198.9,189.2,186.9,203.0,199.4,188.0,200.4,190.2,190.2,186.1,192.9
ED-0033,1557,25:57,194.6,198.7,192.1,188.5,204.3,199.7,189.1,200.5,191.9,188.9,186.1,193.7
ED-0033,1558,25:58,197.8,199.9,189.8,186.3,204.1,198.4,188.1,199.2,191.3,188.7,184.9,192.1
ED-0033,1559,25:59,194.5,200.0,189.9,186.7,203.3,199.0,187.7,199.3,191.8,189.9,186.1,193.5
ED-0033,1560,26:00,193.7,199.9,189.9,188.5,203.7,200.9,187.7,198.2,192.1,189.4,184.2,192.1
ED-0033,1561,26:01,195.6,199.2,189.3,188.5,204.9,197.5,187.3,201.0,191.1,189.6,186.1,194.1
ED-0033,1562,26:02,195.3,200.7,190.3,188.3,204.2,198.6,187.7,199.8,188.8,190.7,186.2,193.1
ED-0033,1563,26:03,193.9,199.1,190.0,187.9,206.6,199.2,186.7,199.8,190.4,189.6,184.8,192.1
ED-0033,1564,26:04,194.2,197.8,190.7,188.8,204.8,198.5,188.4,198.1,191.8,189.4,186.3,192.9
ED-0033,1565,26:05,195.8,200.1,189.2,186.8,204.7,198.2,187.8,199.6,190.7,190.3,186.9,191.9
ED-0033,1566,26:06,195.4,198.9,191.1,187.0,206.3,198.5,187.7,199.6,191.1,188.5,187.7,193.5
ED-0033,1567,26:07,196.5,197.7,189.8,188.1,204.3,198.0,187.7,199.0,189.9,188.2,186.5,192.8
ED-0033,1568,26:08,195.1,199.8,190.0,188.6,205.8,198.3,187.8,198.9,191.2,188.4,184.5,192.4
ED-0033,1569,26:09,194.8,199.5,188.2,188.5,204.4,199.6,189.7,200.1,190.6,188.4,186.6,192.3
ED-0033,1570,26:10,196.1,199.5,188.4,188.6,204.4,197.8,188.9,199.2,189.7,190.5,184.7,194.3
ED-0033,1571,26:11,195.3,198.3,189.4,186.6,205.1,200.1,187.2,198.5,190.7,189.9,185.8,193.2
ED-0033,1572,26:12,196.2,198.0,191.5,188.0,204.2,199.2,188.6,199.9,190.9,188.1,185.1,193.1
ED-0033,1573,26:13,193.6,199.6,189.6,187.5,205.7,198.0,187.8,199.7,190.2,189.5,187.9,193.2
ED-0033,1574,26:14,196.2,199.4,189.9,188.1,203.1,197.4,186.8,199.1,191.2,189.0,185.5,192.8
ED-0033,1575,26:15,197.1,200.3,188.5,187.4,206.4,199.2,188.8,198.4,190.9,189.9,187.0,193.3
ED-0033,1576,26:16,193.0,198.9,188.7,189.0,204.0,199.7,188.2,199.4,190.8,188.6,186.0,193.2
ED-0033,1577,26:17,195.9,200.2,190.2,188.5,204.4,198.0,188.1,197.4,191.5,189.5,186.9,193.5
ED-0033,1578,26:18,195.6,199.7,188.0,188.2,204.7,198.1,186.7,198.7,190.0,189.9,187.1,192.9
ED-0033,1579,26:19,194.9,199.1,189.8,187.1,205.1,197.3,188.7,199.3,190.6,190.8,186.1,191.5
ED-0033,1580,26:20,193.7,198.4,190.4,188.2,204.8,199.3,188.4,199.4,191.1,187.9,185.3,192.1
ED-0033,1581,26:21,196.1,199.5,189.9,187.0,204.5,199.1,189.2,199.6,192.4,188.1,186.2,193.0
ED-0033,1582,26:22,196.2,199.0,190.0,187.9,204.6,197.9,188.6,198.4,191.4,188.2,186.6,193.5
ED-0033,1583,26:23,194.8,198.2,188.7,187.5,205.5,198.0,188.5,198.7,191.8,189.4,185.4,192.3
ED-0033,1584,26:24,195.3,200.2,189.3,188.2,204.9,198.7,188.7,199.7,191.0,188.7,186.0,191.9
ED-0033,1585,26:25,196.7,200.0,191.1,189.9,206.5,198.2,187.8,198.6,190.8,190.0,185.9,194.3
ED-0033,1586,26:26,195.3,197.4,189.8,188.0,204.4,197.6,188.4,199.0,190.2,188.7,187.3,193.9
ED-0033,1587,26:27,194.6,198.1,189.6,188.1,205.5,198.0,189.1,199.9,190.3,188.9,187.0,191.5
ED-0033,1588,26:28,195.2,199.3,190.8,188.4,203.5,199.0,188.4,199.1,190.8,189.6,186.7,194.0
ED-0033,1589,26:29,194.7,199.1,190.2,188.2,203.7,198.6,188.0,199.0,189.8,189.6,185.5,192.0
ED-0033,1590,26:30,193.8,199.0,189.7,188.8,206.2,197.5,189.8,200.2,192.0,190.5,187.1,192.5
ED-0033,1591,26:31,197.1,198.3,189.8,186.6,204.0,198.2,187.6,198.2,190.4,188.9,185.9,192.7
ED-0033,1592,26:32,194.9,198.0,190.9,187.5,203.8,197.9,187.7,198.9,192.9,189.8,186.3,193.2
ED-0033,1593,26:33,194.7,200.4,188.4,187.6,204.8,199.1,187.3,198.9,190.8,187.6,187.5,190.8
ED-0033,1594,26:34,195.4,197.9,189.9,189.5,204.2,200.2,188.4,199.1,190.2,189.8,188.4,193.7
ED-0033,1595,26:35,196.0,198.5,189.5,188.1,205.6,199.3,187.4,197.7,190.0,189.4,186.7,194.4
ED-0033,1596,26:36,195.6,198.8,188.5,187.6,204.5,200.2,189.0,199.2,191.7,187.4,186.1,192.8
ED-0033,1597,26:37,194.0,198.8,190.3,190.3,204.2,198.8,187.3,198.1,190.9,189.6,185.4,192.7
ED-0033,1598,26:38,194.0,198.8,190.1,188.0,203.9,199.4,188.0,198.1,192.3,191.1,186.0,192.8
ED-0033,1599,26:39,194.9,200.6,189.4,187.8,205.1,198.8,188.6,197.0,192.4,188.9,186.3,194.2
ED-0033,1600,26:40,194.2,198.8,190.0,187.7,205.0,197.3,187.5,198.3,190.8,188.4,185.4,191.9
ED-0033,1601,26:41,194.2,199.6,188.7,187.9,203.5,197.6,188.7,199.6,189.9,189.5,187.0,192.9
ED-0033,1602,26:42,195.9,199.6,188.8,188.0,204.9,198.0,187.1,199.3,190.7,189.2,186.3,193.4
ED-0033,1603,26:43,195.4,199.0,189.6,188.1,206.1,198.8,187.0,199.2,191.3,189.6,185.5,192.3
ED-0033,1604,26:44,195.1,200.1,189.8,189.0,203.8,198.7,188.7,199.6,190.4,189.3,185.7,192.7
ED-0033,1605,26:45,194.7,198.8,190.5,188.5,203.4,199.1,189.4,199.7,190.8,190.2,185.7,191.8
ED-0033,1606,26:46,193.4,198.7,189.3,188.0,203.9,198.5,188.5,197.6,190.0,190.7,186.2,192.6
ED-0033,1607,26:47,196.4,198.9,190.5,188.8,204.0,197.5,187.0,197.8,190.2,190.0,185.7,191.5
ED-0033,1608,26:48,195.3,197.8,190.3,187.9,204.6,197.0,186.9,198.7,191.2,190.8,185.8,190.8
ED-0033,1609,26:49,194.7,199.5,189.0,187.1,205.3,197.3,188.5,198.9,190.1,190.8,187.5,193.3
ED-0033,1610,26:50,195.4,198.9,189.7,188.8,204.8,198.7,187.9,198.2,190.7,188.8,187.1,193.2
ED-0033,1611,26:51,196.5,198.9,190.6,187.9,205.1,199.0,188.7,198.7,189.6,190.1,186.7,192.4
ED-0033,1612,26:52,197.0,198.7,188.0,187.6,204.7,197.1,187.0,197.6,191.5,189.5,186.5,192.3
ED-0033,1613,26:53,196.6,199.7,189.7,186.7,203.7,197.5,189.0,198.5,191.8,189.5,187.9,193.3
ED-0033,1614,26:54,196.0,199.4,189.2,187.9,206.3,198.4,189.4,200.6,191.0,190.9,187.2,192.4
ED-0033,1615,26:55,195.4,199.4,190.3,188.4,205.4,199.2,188.1,197.8,191.6,188.9,185.3,192.3
ED-0033,1616,26:56,195.7,199.0,190.0,188.5,204.9,198.0,189.0,199.6,189.9,190.7,185.4,194.5
ED-0033,1617,26:57,194.5,198.7,190.8,185.9,204.7,200.0,188.9,199.4,193.0,188.8,186.4,192.8
ED-0033,1618,26:58,195.2,198.5,190.3,188.2,203.6,199.2,187.8,199.5,190.2,189.0,186.3,194.1
ED-0033,1619,26:59,195.6,198.1,189.9,188.5,205.3,198.3,187.8,200.3,191.1,189.1,185.5,192.7
ED-0033,1620,27:00,195.8,198.2,191.1,188.2,205.5,196.5,190.5,198.8,190.5,190.3,186.3,192.5
ED-0033,1621,27:01,194.4,198.8,190.0,188.6,205.5,199.8,189.9,200.6,191.8,189.6,187.3,191.9
ED-0033,1622,27:02,194.4,200.0,189.1,188.6,204.0,199.2,188.5,198.1,190.8,189.9,185.5,192.9
ED-0033,1623,27:03,195.9,199.0,188.6,188.5,204.6,198.9,188.5,198.5,190.8,188.7,185.6,193.8
ED-0033,1624,27:04,196.2,199.9,191.2,187.7,206.3,198.1,187.3,198.4,190.5,189.4,187.6,192.1
ED-0033,1625,27:05,194.7,198.7,188.8,188.4,204.6,197.2,188.5,198.0,189.4,190.6,187.5,192.6
ED-0033,1626,27:06,196.2,200.0,189.5,187.9,203.6,197.6,188.3,199.4,191.6,189.8,185.6,192.7
ED-0033,1627,27:07,195.7,199.2,190.7,187.7,204.4,199.5,188.8,199.1,190.0,189.5,186.8,191.6
ED-0033,1628,27:08,193.4,199.7,190.9,187.6,205.4,196.6,187.2,198.7,190.3,189.9,186.1,194.1
ED-0033,1629,27:09,194.8,200.3,190.1,187.8,204.0,199.2,188.6,197.9,191.0,189.4,186.0,193.7
ED-0033,1630,27:10,194.5,199.4,189.4,188.1,206.0,198.0,188.5,199.9,190.5,188.8,186.3,193.3
ED-0033,1631,27:11,196.2,200.0,189.7,189.2,204.2,198.7,187.5,197.6,190.3,188.4,185.4,192.1
ED-0033,1632,27:12,194.2,199.1,190.1,188.6,206.1,198.0,187.8,199.9,190.0,190.4,186.8,193.8
ED-0033,1633,27:13,196.7,198.9,190.8,187.9,204.4,197.9,188.0,200.2,192.3,190.6,186.1,192.5
ED-0033,1634,27:14,196.0,198.4,189.8,187.8,203.1,198.1,188.8,199.0,191.4,188.5,187.6,192.4
ED-0033,1635,27:15,195.9,198.9,189.3,188.2,203.3,199.1,187.7,198.0,192.4,189.1,185.7,191.3
ED-0033,1636,27:16,194.3,200.3,189.7,189.8,204.9,198.5,190.2,199.3,190.1,188.1,186.1,192.0
ED-0033,1637,27:17,193.9,199.5,190.7,187.5,203.6,197.7,187.8,198.8,190.2,189.3,186.0,192.1
ED-0033,1638,27:18,195.2,198.6,190.2,188.0,204.7,198.8,187.4,198.1,191.1,188.9,186.5,191.6
ED-0033,1639,27:19,195.2,199.5,190.4,188.2,205.1,197.9,188.4,200.3,190.0,190.2,186.2,193.6
ED-0033,1640,27:20,196.5,199.0,190.7,188.0,205.7,199.7,188.3,197.1,190.5,189.9,185.3,190.4
ED-0033,1641,27:21,194.8,199.8,190.4,187.9,203.9,197.4,187.8,201.1,190.3,189.2,185.4,191.9
ED-0033,1642,27:22,196.8,199.8,188.7,188.1,204.8,198.9,187.9,199.1,191.5,188.7,186.3,193.1
ED-0033,1643,27:23,194.8,198.1,189.4,187.3,204.4,199.7,187.7,199.5,191.1,189.8,185.5,193.6
ED-0033,1644,27:24,195.1,198.0,189.4,187.8,205.2,198.6,189.7,200.0,192.4,190.3,186.7,191.9
ED-0033,1645,27:25,194.3,199.9,190.2,188.1,205.7,198.5,188.5,199.0,191.1,189.3,187.0,193.2
ED-0033,1646,27:26,194.8,197.7,188.6,187.4,203.9,198.8,189.2,198.1,190.6,187.2,185.2,192.4
ED-0033,1647,27:27,196.3,199.6,189.2,189.5,204.0,198.3,187.8,199.1,190.3,189.8,185.0,194.5
ED-0033,1648,27:28,194.9,197.7,189.1,188.5,205.1,198.2,187.4,198.0,191.3,189.2,186.5,191.4
ED-0033,1649,27:29,196.5,199.6,191.3,188.7,205.9,199.1,186.7,198.2,190.8,189.4,185.3,192.2
ED-0033,1650,27:30,193.6,199.1,190.3,187.6,204.9,199.4,186.7,198.9,189.8,189.7,186.8,192.3
ED-0033,1651,27:31,194.8,200.1,190.5,187.4,205.3,198.2,188.7,199.3,191.9,189.3,187.7,193.6
ED-0033,1652,27:32,195.5,198.5,191.3,188.8,206.0,197.9,188.2,198.8,190.4,190.7,187.2,192.5
ED-0033,1653,27:33,195.6,198.1,190.0,187.4,206.0,197.7,188.9,198.9,191.6,188.3,184.7,193.9
ED-0033,1654,27:34,195.8,200.5,189.6,188.4,204.9,196.3,188.0,198.3,190.5,189.3,187.6,194.1
ED-0033,1655,27:35,196.0,197.7,189.2,187.4,205.1,197.4,186.4,198.8,190.9,189.7,185.5,192.9
ED-0033,1656,27:36,194.9,199.6,190.3,187.4,203.8,199.2,187.9,197.2,190.9,188.9,187.0,192.0
ED-0033,1657,27:37,195.8,199.9,189.1,188.5,204.3,199.7,188.1,198.9,189.9,189.1,184.5,192.4
ED-0033,1658,27:38,196.6,199.8,190.9,187.5,205.4,198.1,187.3,199.4,190.2,189.0,187.5,192.8
ED-0033,1659,27:39,193.5,199.0,190.2,188.8,204.8,198.3,188.8,201.0,191.1,188.9,186.5,193.1
ED-0033,1660,27:40,195.5,200.2,189.3,187.5,203.2,199.0,190.2,198.3,189.9,189.7,187.2,192.1
ED-0033,1661,27:41,195.2,200.5,188.6,187.9,204.1,198.1,188.8,199.4,190.1,189.3,186.6,191.7
ED-0033,1662,27:42,194.7,199.1,189.5,187.5,204.5,199.7,187.3,201.8,191.5,190.7,185.2,192.1
ED-0033,1663,27:43,194.8,198.8,188.8,189.4,206.0,197.9,189.1,199.6,191.9,189.0,185.8,192.7
ED-0033,1664,27:44,195.9,197.6,189.7,188.3,204.9,198.9,188.1,199.3,191.0,190.0,185.4,193.0
ED-0033,1665,27:45,195.8,199.1,191.0,190.0,204.7,199.1,187.7,200.0,191.2,188.9,186.3,192.2
ED-0033,1666,27:46,196.5,198.3,189.5,186.4,203.3,200.4,188.4,199.0,192.0,190.0,184.4,193.8
ED-0033,1667,27:47,196.7,200.1,190.9,188.0,205.4,199.7,186.2,198.8,190.1,188.6,186.9,192.1
ED-0033,1668,27:48,193.4,201.5,191.2,188.4,203.8,199.1,187.4,199.4,191.7,189.0,186.4,192.7
ED-0033,1669,27:49,194.3,200.1,189.9,189.2,206.4,199.4,188.4,197.6,191.1,188.4,185.6,192.2
ED-0033,1670,27:50,195.0,199.3,190.5,188.0,206.5,196.5,188.5,200.1,191.8,189.2,186.3,191.7
ED-0033,1671,27:51,196.0,198.8,189.8,188.2,205.5,199.2,188.7,199.4,190.8,189.6,186.2,193.2
ED-0033,1672,27:52,194.9,198.5,189.4,188.5,204.9,197.8,187.2,199.0,190.9,189.3,186.2,191.8
ED-0033,1673,27:53,195.4,198.8,190.9,187.3,205.4,199.0,188.2,199.6,190.5,190.6,187.3,192.4
ED-0033,1674,27:54,195.9,199.8,190.6,188.6,204.4,200.8,187.9,199.5,190.8,188.4,184.9,192.7
ED-0033,1675,27:55,195.9,200.6,188.9,188.3,205.0,197.7,189.5,200.2,189.4,189.5,185.3,192.8
ED-0033,1676,27:56,194.0,199.3,190.5,188.0,204.9,198.8,188.5,200.3,190.0,189.6,186.6,192.1
ED-0033,1677,27:57,195.8,197.5,189.1,187.8,204.4,197.9,188.1,198.3,190.8,188.8,185.9,192.3
ED-0033,1678,27:58,196.5,200.8,191.0,188.3,203.6,200.0,188.3,198.9,189.6,190.2,185.3,192.6
ED-0033,1679,27:59,195.2,198.4,191.4,186.6,204.8,198.9,188.0,198.9,191.2,189.3,186.4,192.7
ED-0033,1680,28:00,196.1,200.4,189.3,189.4,201.9,198.0,189.3,199.3,192.0,188.9,186.0,192.9
ED-0033,1681,28:01,194.2,197.5,189.0,188.1,205.3,197.5,189.2,199.8,190.9,189.6,188.4,193.8
ED-0033,1682,28:02,195.0,200.2,189.7,188.0,204.7,198.1,188.9,199.9,190.9,189.9,186.4,193.3
ED-0033,1683,28:03,196.6,199.5,188.3,187.2,205.4,199.6,187.2,199.7,190.8,190.3,185.9,193.5
ED-0033,1684,28:04,197.2,200.0,190.4,187.8,204.6,198.2,186.1,197.3,191.1,190.5,186.8,192.1
ED-0033,1685,28:05,197.1,199.4,188.4,188.2,204.0,198.5,186.8,198.8,190.4,189.5,185.6,192.1
ED-0033,1686,28:06,195.0,199.3,188.3,186.3,205.7,197.6,187.9,198.3,192.0,189.2,185.0,192.8
ED-0033,1687,28:07,195.9,198.7,189.2,188.0,205.2,198.6,190.1,200.6,190.6,188.6,186.1,192.2
ED-0033,1688,28:08,195.3,199.7,191.1,187.7,204.9,198.9,189.4,199.7,190.3,189.0,187.1,192.5
ED-0033,1689,28:09,195.0,198.9,190.1,187.7,205.1,197.7,188.4,198.5,192.8,188.7,187.1,192.6
ED-0033,1690,28:10,196.5,197.7,190.0,187.7,205.6,198.6,189.5,199.8,191.6,188.8,185.5,192.5
ED-0033,1691,28:11,194.3,199.3,190.2,186.2,204.9,198.7,188.8,200.3,191.6,189.5,184.6,192.3
ED-0033,1692,28:12,196.0,197.4,189.8,188.8,205.1,198.6,188.5,201.1,190.7,189.6,187.0,192.3
ED-0033,1693,28:13,195.0,198.4,190.2,188.1,205.7,199.0,189.4,198.5,190.4,189.0,184.4,192.5
ED-0033,1694,28:14,195.2,199.4,191.2,189.0,204.2,199.1,188.9,200.1,192.6,190.2,185.7,194.3
ED-0033,1695,28:15,195.5,198.9,191.0,187.6,205.7,198.3,187.0,197.5,191.4,188.9,188.5,192.4
ED-0033,1696,28:16,195.9,200.0,187.5,189.6,205.1,199.3,188.4,198.5,190.3,189.7,186.5,193.1
ED-0033,1697,28:17,193.5,199.6,191.2,189.1,205.8,199.6,188.1,198.6,190.5,188.0,186.1,192.6
ED-0033,1698,28:18,197.0,200.0,188.8,189.3,204.8,199.2,188.1,199.4,190.6,190.2,187.6,192.8
ED-0033,1699,28:19,195.4,199.1,189.1,188.2,204.7,199.7,188.3,199.3,191.9,189.3,186.5,192.7
ED-0033,1700,28:20,194.1,199.5,190.1,187.3,204.9,198.6,187.8,200.4,190.9,188.9,186.7,192.8
ED-0033,1701,28:21,194.9,199.0,189.3,187.4,203.7,197.4,188.5,199.0,190.6,189.7,185.4,194.1
ED-0033,1702,28:22,196.6,198.1,188.5,186.9,204.2,199.1,189.5,199.1,190.7,188.8,186.5,192.0
ED-0033,1703,28:23,195.2,199.8,191.3,189.0,205.6,198.6,188.2,199.4,190.3,188.2,188.0,193.3
ED-0033,1704,28:24,194.9,200.6,188.6,188.0,204.9,198.1,188.1,198.2,189.5,190.2,186.0,192.1
ED-0033,1705,28:25,195.6,198.8,190.0,188.5,206.1,198.0,187.5,199.5,190.8,187.2,186.4,192.1
ED-0033,1706,28:26,195.7,199.8,188.8,190.5,203.6,197.9,189.3,198.8,191.0,189.9,186.0,193.1
ED-0033,1707,28:27,195.6,199.6,189.4,187.4,206.3,197.5,186.7,200.4,190.0,187.5,186.5,193.7
ED-0033,1708,28:28,194.4,198.7,189.7,186.9,204.9,199.1,188.5,199.9,190.3,190.0,187.5,193.3
ED-0033,1709,28:29,195.9,198.6,189.1,187.4,204.9,198.5,188.8,198.7,189.9,188.1,185.1,193.1
ED-0033,1710,28:30,195.6,199.4,188.9,188.3,204.2,198.4,188.1,199.0,191.3,189.0,185.9,193.5
ED-0033,1711,28:31,196.6,197.8,190.0,189.1,204.2,197.6,188.2,199.6,191.0,188.9,186.1,193.4
ED-0033,1712,28:32,196.0,200.1,190.0,187.8,203.7,196.8,187.0,198.9,190.7,189.6,187.0,191.9
ED-0033,1713,28:33,195.4,200.0,190.4,188.6,203.5,199.1,188.7,200.0,191.8,187.7,185.8,192.9
ED-0033,1714,28:34,195.8,198.8,190.4,187.5,204.4,198.7,188.5,198.6,190.0,190.8,186.8,192.9
ED-0033,1715,28:35,195.9,198.9,191.1,187.2,205.2,197.6,189.0,199.7,189.8,188.8,188.2,193.2
ED-0033,1716,28:36,192.5,198.7,190.5,188.7,203.1,198.7,189.6,199.8,190.7,189.2,186.1,192.9
ED-0033,1717,28:37,194.1,199.8,189.4,188.5,204.2,196.1,189.6,198.6,191.8,189.8,186.8,193.0
ED-0033,1718,28:38,194.1,200.1,190.5,188.1,204.9,198.4,188.4,198.6,191.5,189.7,186.3,192.2
ED-0033,1719,28:39,195.1,200.1,189.7,186.9,204.9,199.0,188.4,201.2,191.0,188.3,185.7,193.6
ED-0033,1720,28:40,195.9,199.8,189.4,187.5,205.2,197.3,188.7,199.2,189.4,190.1,186.1,194.6
ED-0033,1721,28:41,195.3,198.8,190.9,187.5,203.9,199.1,189.3,199.2,189.6,190.3,185.3,192.2
ED-0033,1722,28:42,196.5,198.4,188.6,189.0,203.5,198.7,186.4,199.2,190.3,189.3,186.3,192.3
ED-0033,1723,28:43,195.9,199.3,190.8,187.9,202.2,197.5,188.1,200.0,190.4,189.2,186.7,194.2
ED-0033,1724,28:44,195.1,199.8,190.0,188.9,204.3,199.6,187.6,197.8,190.2,188.0,186.9,191.9
ED-0033,1725,28:45,194.3,198.4,190.1,186.3,205.9,197.8,187.3,198.4,191.9,188.4,186.3,192.4
ED-0033,1726,28:46,195.1,197.8,189.1,186.8,204.5,198.3,188.9,199.1,189.5,188.7,186.4,192.3
ED-0033,1727,28:47,195.3,200.8,189.9,187.2,204.0,196.8,188.4,200.5,190.6,188.9,187.8,194.6
ED-0033,1728,28:48,195.8,199.2,190.5,187.0,204.1,198.1,188.4,200.7,191.8,187.9,187.4,192.7
ED-0033,1729,28:49,196.3,197.6,189.8,188.9,205.5,199.0,187.6,197.5,190.0,189.7,186.2,192.8
ED-0033,1730,28:50,194.9,198.9,189.8,188.1,204.6,199.3,188.7,199.1,191.4,188.9,186.9,193.9
ED-0033,1731,28:51,194.7,200.6,189.9,187.5,205.8,198.1,187.4,197.8,190.9,189.9,186.5,193.5
ED-0033,1732,28:52,196.9,198.8,190.1,187.9,205.2,198.0,188.4,198.5,191.7,187.7,185.7,191.5
ED-0033,1733,28:53,196.8,199.0,190.3,188.2,205.0,199.0,188.5,200.5,192.0,188.7,186.3,193.4
ED-0033,1734,28:54,195.7,199.3,189.5,187.7,204.1,200.4,190.5,199.2,190.1,188.8,186.8,191.9
ED-0033,1735,28:55,194.3,199.0,188.6,187.8,204.2,198.4,188.4,199.0,191.9,188.1,184.9,192.9
ED-0033,1736,28:56,195.1,200.9,188.4,187.3,203.8,199.8,187.0,200.5,189.6,190.1,184.7,192.3
ED-0033,1737,28:57,193.6,199.7,191.1,187.6,205.2,198.7,188.4,199.4,189.6,189.4,186.8,193.3
ED-0033,1738,28:58,194.6,199.7,190.7,188.2,203.8,199.6,188.9,198.6,191.5,188.2,186.2,192.4
ED-0033,1739,28:59,194.6,198.5,190.0,189.6,205.5,198.3,187.8,198.2,191.4,188.2,187.2,193.9
ED-0033,1740,29:00,197.0,199.8,189.8,187.5,203.6,198.5,187.6,198.5,189.8,188.6,185.7,192.4
ED-0033,1741,29:01,195.4,196.9,188.3,186.9,206.9,197.9,189.4,201.5,190.3,190.9,185.8,192.5
ED-0033,1742,29:02,195.0,200.0,189.0,188.3,203.9,198.3,186.8,199.4,191.2,190.2,186.2,193.0
ED-0033,1743,29:03,195.0,198.6,191.6,189.0,204.8,198.6,190.3,199.9,191.6,189.4,186.8,192.4
ED-0033,1744,29:04,195.7,200.5,188.7,188.2,204.8,197.6,189.4,199.8,189.5,189.9,186.2,191.7
ED-0033,1745,29:05,196.1,200.1,190.1,188.8,203.9,197.7,189.0,197.5,191.6,188.9,187.0,192.4
ED-0033,1746,29:06,196.2,199.8,190.4,186.9,206.2,198.2,188.0,199.4,190.9,191.1,185.9,193.3
ED-0033,1747,29:07,195.6,200.4,189.8,186.6,204.3,198.7,187.5,198.9,190.9,189.5,185.8,193.1
ED-0033,1748,29:08,194.7,199.6,189.7,187.3,204.9,198.6,187.4,197.5,191.8,189.3,186.8,193.6
ED-0033,1749,29:09,195.8,197.6,189.4,188.3,204.5,197.9,187.3,199.7,190.3,188.8,185.5,192.5
ED-0033,1750,29:10,194.1,198.9,190.5,189.5,205.2,199.2,188.6,199.0,190.3,189.2,185.6,192.1
ED-0033,1751,29:11,194.7,197.9,188.9,188.9,205.4,198.7,188.1,200.2,191.9,188.6,186.0,193.4
ED-0033,1752,29:12,194.5,200.3,190.1,187.3,204.1,198.3,190.5,199.2,191.9,189.1,186.1,193.5
ED-0033,1753,29:13,196.5,200.0,188.9,187.2,204.1,198.8,188.6,199.8,189.9,189.8,184.9,192.2
ED-0033,1754,29:14,196.1,199.2,190.3,188.5,204.0,197.9,188.9,198.2,188.8,188.5,186.9,192.6
ED-0033,1755,29:15,195.5,199.6,189.9,188.2,204.2,197.2,188.2,198.8,189.2,189.2,185.4,193.4
ED-0033,1756,29:16,194.7,199.8,189.2,188.4,204.7,199.0,188.8,199.4,189.5,188.8,186.0,192.8
ED-0033,1757,29:17,195.6,200.5,188.1,188.7,206.0,198.2,188.3,199.4,189.5,189.4,185.9,192.3
ED-0033,1758,29:18,194.1,197.9,188.6,188.1,205.2,199.1,188.6,198.4,192.4,188.3,186.0,192.8
ED-0033,1759,29:19,196.8,198.9,190.2,188.5,205.0,198.0,187.4,199.3,190.8,188.5,184.6,191.3
ED-0033,1760,29:20,194.7,199.2,190.1,189.1,203.1,198.7,189.4,198.9,191.3,189.5,187.2,192.9
ED-0033,1761,29:21,196.7,199.4,190.2,188.3,203.9,199.0,188.0,199.7,190.6,189.1,186.7,194.2
ED-0033,1762,29:22,194.8,199.9,189.4,187.8,205.2,198.7,188.3,199.7,191.1,189.3,186.5,190.8
ED-0033,1763,29:23,195.5,200.0,191.3,188.2,204.5,198.7,189.9,197.6,189.3,188.1,186.7,193.1
ED-0033,1764,29:24,194.9,201.4,188.6,188.1,204.3,198.9,185.8,199.9,192.1,187.3,185.9,193.1
ED-0033,1765,29:25,195.7,198.6,189.9,189.1,206.3,198.4,187.8,198.8,191.2,190.6,186.6,193.4
ED-0033,1766,29:26,193.7,198.6,189.0,187.8,205.1,197.8,189.5,198.8,190.4,187.8,186.9,194.3
ED-0033,1767,29:27,195.1,200.4,190.7,187.2,203.0,198.0,187.5,199.3,190.3,189.2,185.0,192.7
ED-0033,1768,29:28,194.8,199.3,189.1,186.8,203.4,200.6,188.3,198.4,189.6,187.9,187.0,194.1
ED-0033,1769,29:29,196.3,199.4,189.0,189.9,205.8,197.2,188.6,199.4,192.8,187.8,187.4,192.7
ED-0033,1770,29:30,197.1,198.3,189.8,187.3,203.6,198.7,188.3,200.0,191.6,189.3,186.5,192.1
ED-0033,1771,29:31,195.4,201.2,189.8,187.1,204.6,199.7,189.1,200.2,190.3,188.9,186.5,193.4
ED-0033,1772,29:32,194.5,198.8,189.5,187.4,204.8,198.4,188.9,199.2,190.0,188.8,186.4,193.2
ED-0033,1773,29:33,197.1,200.9,188.7,187.6,207.4,199.5,188.3,199.0,191.4,189.2,185.4,191.9
ED-0033,1774,29:34,194.6,200.7,190.2,186.8,203.8,199.4,188.1,198.6,189.5,189.3,187.5,194.3
ED-0033,1775,29:35,195.2,201.1,190.6,188.6,204.7,197.4,188.1,198.4,189.5,188.2,186.6,192.9
ED-0033,1776,29:36,195.5,199.7,190.3,187.9,205.2,199.0,188.6,199.4,190.6,190.6,186.8,191.7
ED-0033,1777,29:37,195.5,199.7,188.6,187.6,204.9,199.2,188.2,199.6,191.1,191.2,187.4,193.7
ED-0033,1778,29:38,193.8,198.8,191.4,190.2,205.8,197.4,188.6,197.8,190.4,188.2,186.9,192.5
ED-0033,1779,29:39,194.6,199.7,189.4,187.9,204.4,199.0,187.4,200.9,192.1,189.2,185.6,194.1
ED-0033,1780,29:40,195.7,199.7,189.7,189.0,204.2,197.8,186.5,199.7,191.9,189.8,188.5,192.7
ED-0033,1781,29:41,194.4,199.9,188.9,186.8,204.8,201.0,189.0,200.1,191.9,189.8,185.5,192.9
ED-0033,1782,29:42,194.6,199.6,189.1,187.3,204.4,199.3,187.6,200.0,191.1,188.2,185.7,192.5
ED-0033,1783,29:43,195.9,199.6,188.6,187.1,205.0,199.3,188.2,199.1,190.7,189.1,186.5,194.0
ED-0033,1784,29:44,194.8,198.9,189.7,188.3,203.0,197.7,187.7,199.6,190.1,189.2,186.7,194.2
ED-0033,1785,29:45,193.7,199.9,188.5,187.0,205.6,198.6,188.0,197.6,189.3,188.5,186.2,194.2
ED-0033,1786,29:46,196.2,201.6,191.6,188.3,204.8,196.8,188.9,199.3,191.4,190.2,185.0,191.7
ED-0033,1787,29:47,195.9,199.7,190.2,188.7,205.6,198.7,188.5,198.5,190.9,189.1,186.5,192.5
ED-0033,1788,29:48,195.3,199.3,189.4,186.6,205.2,199.1,187.4,199.7,190.5,189.0,186.8,193.4
ED-0033,1789,29:49,194.8,199.4,190.3,187.5,207.0,199.3,187.7,200.4,190.3,189.4,186.1,192.2
ED-0033,1790,29:50,195.4,199.7,188.3,188.0,203.4,197.6,189.6,198.4,191.7,189.3,186.3,192.6
ED-0033,1791,29:51,195.7,197.0,190.8,187.8,203.4,199.8,188.1,198.7,189.7,189.3,186.0,194.4
ED-0033,1792,29:52,196.0,198.8,190.3,187.4,204.4,199.6,186.2,199.2,190.5,189.8,186.2,193.3
ED-0033,1793,29:53,195.2,200.9,190.2,187.7,204.6,197.5,189.6,198.1,189.8,188.1,185.7,192.1
ED-0033,1794,29:54,196.1,199.4,189.4,187.0,204.1,197.2,189.2,199.5,191.0,190.3,188.1,192.1
ED-0033,1795,29:55,195.2,201.4,189.8,189.4,205.3,198.1,188.8,198.9,190.4,189.1,186.9,192.7
ED-0033,1796,29:56,194.9,199.5,188.5,188.1,203.6,198.8,190.0,200.0,190.9,187.7,185.5,193.1
ED-0033,1797,29:57,193.8,199.0,191.0,186.5,204.6,199.2,189.1,197.8,190.7,189.0,187.5,193.6
ED-0033,1798,29:58,195.9,198.6,190.1,188.3,204.2,197.4,187.6,199.2,191.3,189.7,185.7,193.3
ED-0033,1799,29:59,194.7,200.2,189.4,188.1,205.2,199.0,189.2,199.8,191.3,189.1,186.3,193.6
ED-0033,1800,30:00,197.0,199.9,190.1,188.2,205.4,199.9,187.2,198.9,189.2,189.1,186.8,192.1
ED-0033,1801,30:01,194.6,199.7,190.6,188.4,206.2,199.2,188.7,199.2,191.0,187.4,184.5,191.1
ED-0033,1802,30:02,196.2,198.7,190.1,187.6,204.6,198.4,187.6,200.3,191.6,189.9,186.0,191.8
ED-0033,1803,30:03,194.0,198.0,190.4,185.8,204.5,200.1,188.3,200.6,190.0,188.9,187.1,193.2
ED-0033,1804,30:04,195.1,200.0,188.7,187.8,205.4,198.9,188.4,197.6,190.3,189.1,187.1,192.9
ED-0033,1805,30:05,194.4,199.1,189.7,187.6,204.7,199.1,187.0,199.8,191.9,188.3,187.1,192.7
ED-0033,1806,30:06,194.6,199.8,191.1,187.3,205.0,198.9,187.5,199.1,190.1,188.7,186.2,192.5
ED-0033,1807,30:07,196.6,198.8,189.6,189.7,204.3,199.3,187.6,198.3,190.4,189.5,186.7,193.0
ED-0033,1808,30:08,195.3,199.3,190.5,190.0,204.8,198.0,187.4,198.6,191.3,188.9,185.7,193.1
ED-0033,1809,30:09,194.7,197.0,189.4,189.3,204.3,199.3,187.5,199.1,192.1,188.8,186.4,194.2
ED-0033,1810,30:10,196.1,198.3,190.5,187.9,205.3,198.7,187.1,199.7,189.8,189.4,186.2,193.9
ED-0033,1811,30:11,197.4,199.5,188.5,187.8,204.8,198.4,187.2,199.1,190.7,189.8,185.7,191.9
ED-0033,1812,30:12,196.1,199.9,189.8,188.1,204.0,198.7,188.8,199.1,191.0,189.6,186.3,192.5
ED-0033,1813,30:13,194.4,200.1,189.3,188.1,204.7,198.8,188.8,198.7,188.4,188.0,186.8,191.6
ED-0033,1814,30:14,194.4,198.4,191.2,188.6,204.6,197.7,188.5,201.1,190.5,188.3,185.2,192.8
ED-0033,1815,30:15,194.3,197.9,189.0,188.9,204.9,198.1,188.0,197.4,190.2,189.2,184.7,192.8
ED-0033,1816,30:16,195.1,198.0,189.3,187.7,204.0,198.1,188.6,197.3,191.5,188.7,185.3,192.2
ED-0033,1817,30:17,194.8,198.1,191.4,188.0,204.0,199.2,189.3,199.7,190.6,189.5,185.5,193.0
ED-0033,1818,30:18,195.0,199.4,190.4,189.1,204.8,197.3,187.0,199.1,189.0,190.5,184.5,191.5
ED-0033,1819,30:19,195.5,200.3,188.6,188.3,205.8,197.0,188.2,201.5,191.5,189.0,185.1,191.6
ED-0033,1820,30:20,194.9,196.8,189.7,189.4,205.5,198.7,187.8,197.7,192.2,188.1,189.1,195.8
ED-0033,1821,30:21,195.3,200.8,189.4,186.6,204.2,198.5,188.5,199.1,190.5,188.0,186.0,191.6
ED-0033,1822,30:22,194.2,199.4,190.3,187.3,203.9,198.0,187.2,199.7,190.2,188.8,186.1,194.0
ED-0033,1823,30:23,196.1,198.4,190.1,187.8,205.8,197.4,188.3,199.7,189.9,187.8,186.3,193.6
ED-0033,1824,30:24,196.2,199.9,189.3,187.4,206.2,201.7,188.8,199.2,190.8,186.8,185.1,191.7
ED-0033,1825,30:25,195.1,199.6,188.5,188.3,205.1,197.5,187.1,198.6,190.2,186.2,185.4,193.2
ED-0033,1826,30:26,195.4,199.0,187.8,188.2,203.9,201.9,186.7,199.2,189.8,185.5,186.4,192.8
ED-0033,1827,30:27,195.4,199.0,187.9,187.6,204.5,200.3,188.7,199.5,190.6,186.8,185.1,193.0
ED-0033,1828,30:28,193.8,199.7,187.1,187.8,203.7,198.7,187.8,198.9,190.9,185.2,186.5,192.4
ED-0033,1829,30:29,195.3,199.5,187.9,186.2,204.4,197.7,186.4,199.0,191.0,185.1,185.7,192.8
ED-0033,1830,30:30,194.3,198.9,186.6,187.0,205.5,197.4,187.7,198.0,190.5,185.0,185.8,194.7
ED-0033,1831,30:31,194.3,198.1,186.3,186.3,202.6,199.8,189.1,197.6,189.5,183.8,187.1,192.5
ED-0033,1832,30:32,195.8,197.6,185.6,185.3,204.9,198.7,187.7,200.1,189.9,183.9,187.2,192.8
ED-0033,1833,30:33,194.4,197.3,185.8,186.3,204.3,199.3,187.5,199.2,188.6,182.9,186.1,193.7
ED-0033,1834,30:34,193.4,196.6,185.0,184.4,205.0,198.0,188.1,199.0,189.8,182.4,187.3,192.1
ED-0033,1835,30:35,196.4,195.4,184.9,184.8,204.9,199.2,186.9,200.3,187.5,181.6,185.1,193.3
ED-0033,1836,30:36,194.0,195.3,183.3,183.6,204.7,198.6,189.1,198.2,187.2,182.0,185.6,192.1
ED-0033,1837,30:37,196.1,196.3,183.3,183.7,205.7,198.1,186.8,200.6,186.5,179.9,184.1,193.1
ED-0033,1838,30:38,195.8,194.0,182.6,182.5,205.4,198.5,189.1,201.1,187.0,180.0,184.4,192.0
ED-0033,1839,30:39,196.8,193.6,182.8,183.1,205.7,201.0,187.8,199.2,185.9,180.2,182.6,193.0
ED-0033,1840,30:40,195.4,193.1,182.0,181.8,206.0,199.1,189.2,199.8,185.3,180.8,183.9,192.4
ED-0033,1841,30:41,195.6,193.3,180.6,181.0,204.5,198.2,188.5,198.5,184.9,180.1,182.6,193.4
ED-0033,1842,30:42,194.2,193.0,180.2,181.6,206.1,199.3,187.6,200.3,184.9,180.0,182.6,191.4
ED-0033,1843,30:43,195.6,192.7,181.7,181.4,204.8,198.4,188.3,199.4,184.4,178.5,181.3,192.2
ED-0033,1844,30:44,194.7,191.0,181.6,180.0,203.8,197.7,190.0,199.1,183.6,178.1,181.0,192.1
ED-0033,1845,30:45,194.8,191.2,179.1,179.5,206.5,198.9,188.5,199.5,183.9,177.0,180.5,192.8
ED-0033,1846,30:46,193.9,189.6,179.2,180.0,204.7,197.9,187.2,199.7,183.0,177.4,180.7,191.3
ED-0033,1847,30:47,192.8,190.5,178.8,179.2,204.9,198.2,188.3,198.1,182.3,176.3,179.8,193.4
ED-0033,1848,30:48,193.4,188.6,178.4,177.7,204.7,198.8,187.4,198.4,183.0,176.1,179.8,193.2
ED-0033,1849,30:49,191.9,188.2,179.0,178.9,204.1,199.4,187.9,198.7,181.8,175.8,179.1,192.7
ED-0033,1850,30:50,191.8,189.5,177.8,177.7,206.3,199.4,187.9,199.3,181.7,175.3,178.1,192.3
ED-0033,1851,30:51,192.3,187.4,177.5,177.1,204.1,199.7,188.9,200.5,181.6,175.3,178.7,191.7
ED-0033,1852,30:52,191.3,188.0,177.1,176.3,206.4,198.8,188.1,198.7,180.3,175.3,177.7,191.8
ED-0033,1853,30:53,190.4,186.4,175.9,175.9,204.7,197.7,187.1,198.8,180.1,173.6,176.9,191.3
ED-0033,1854,30:54,190.9,186.8,174.9,177.1,204.1,199.4,188.2,199.0,179.5,173.5,176.7,191.3
ED-0033,1855,30:55,189.8,185.9,175.4,175.9,203.7,198.9,187.6,200.2,180.7,172.7,176.2,190.1
ED-0033,1856,30:56,190.3,186.7,174.7,175.2,204.0,197.9,188.2,199.5,178.5,173.2,176.3,190.2
ED-0033,1857,30:57,189.1,185.0,174.2,174.6,204.2,197.5,187.0,199.3,178.3,173.6,175.5,189.5
ED-0033,1858,30:58,189.2,184.3,174.2,174.9,205.7,197.8,188.3,198.8,178.5,171.9,175.0,189.0
ED-0033,1859,30:59,187.5,184.1,173.7,173.9,205.9,199.8,188.2,198.7,177.5,171.6,174.8,188.4
ED-0033,1860,31:00,186.9,183.8,174.4,174.3,205.4,199.5,188.2,197.7,176.8,170.8,174.8,188.0
ED-0033,1861,31:01,187.3,183.4,173.1,173.5,203.3,197.8,187.5,197.4,177.2,171.8,173.8,188.4
ED-0033,1862,31:02,188.1,182.9,172.9,172.5,203.3,200.3,187.5,197.0,174.8,171.7,173.3,187.2
ED-0033,1863,31:03,187.5,182.0,172.4,172.8,204.2,199.5,187.9,196.6,175.2,170.3,172.6,186.7
ED-0033,1864,31:04,186.2,182.0,172.8,171.8,202.6,197.4,186.7,196.0,174.8,169.7,171.6,186.1
ED-0033,1865,31:05,186.1,181.8,171.7,171.9,202.1,198.4,185.9,195.2,175.1,168.7,171.4,186.4
ED-0033,1866,31:06,184.9,180.8,170.4,170.6,202.0,196.6,185.0,194.7,174.0,169.4,171.4,185.6
ED-0033,1867,31:07,185.3,180.6,171.6,170.5,201.3,196.4,184.4,194.0,175.3,169.5,170.9,184.8
ED-0033,1868,31:08,185.4,180.8,170.0,171.0,200.2,195.7,185.0,193.2,172.6,168.6,170.5,185.1
ED-0033,1869,31:09,183.5,180.2,169.4,169.5,199.0,195.2,183.9,193.9,173.5,168.3,170.2,184.4
ED-0033,1870,31:10,183.4,179.4,168.9,169.8,199.6,194.8,183.2,192.8,172.6,167.7,168.8,182.7
ED-0033,1871,31:11,184.1,179.4,169.4,168.5,198.9,194.7,184.4,191.4,172.7,167.1,170.0,183.9
ED-0033,1872,31:12,182.9,178.0,168.4,168.5,197.3,193.2,183.0,193.1,172.3,167.0,168.4,182.4
ED-0033,1873,31:13,182.0,177.7,168.7,168.3,198.3,193.0,181.8,192.0,171.5,166.2,167.7,183.0
ED-0033,1874,31:14,183.1,177.0,168.0,167.7,197.1,192.4,180.3,190.6,171.5,166.4,168.3,181.5
ED-0033,1875,31:15,181.6,176.6,167.5,167.2,196.0,191.7,180.7,189.7,171.0,165.1,168.1,181.3
ED-0033,1876,31:16,181.2,176.3,166.3,167.7,196.3,191.3,180.6,189.6,169.2,164.8,165.9,181.9
ED-0033,1877,31:17,180.5,176.1,167.5,166.4,195.9,191.1,178.8,189.1,169.6,164.9,167.0,180.3
ED-0033,1878,31:18,181.0,175.4,164.7,166.9,195.6,190.8,179.6,188.5,169.4,164.2,166.9,180.7
ED-0033,1879,31:19,179.6,174.1,165.9,166.0,194.0,191.4,179.1,187.0,169.0,163.9,165.8,180.2
ED-0033,1880,31:20,180.7,174.9,166.7,165.8,193.7,189.4,178.9,187.2,168.0,163.9,166.2,179.4
ED-0033,1881,31:21,179.6,174.1,165.5,165.4,192.7,189.6,178.0,186.2,168.9,163.2,165.6,179.5
ED-0033,1882,31:22,180.0,173.3,164.6,163.9,192.0,188.0,177.1,186.3,168.0,162.2,164.4,179.5
ED-0033,1883,31:23,178.9,173.8,164.1,164.2,192.8,188.0,177.5,186.2,167.2,162.2,164.5,179.0
ED-0033,1884,31:24,178.1,172.4,163.5,164.9,191.8,188.0,177.0,185.1,167.0,161.8,164.0,178.8
ED-0033,1885,31:25,177.4,172.3,163.8,164.5,192.1,187.9,175.5,184.6,166.9,161.5,163.4,177.7
ED-0033,1886,31:26,177.4,172.2,162.7,163.7,190.5,186.7,175.1,184.6,166.5,161.6,163.2,177.9
ED-0033,1887,31:27,176.2,171.4,163.4,163.0,189.9,185.8,174.6,184.0,166.2,160.3,161.7,176.8
ED-0033,1888,31:28,176.7,171.4,163.4,162.9,189.1,185.9,174.2,184.5,165.9,160.7,162.8,177.1
ED-0033,1889,31:29,176.0,170.7,163.1,162.2,189.5,184.5,173.7,183.8,165.7,160.1,161.9,175.4
ED-0033,1890,31:30,176.2,170.5,161.7,162.4,188.9,184.3,173.7,182.7,163.9,160.2,161.6,175.7
ED-0033,1891,31:31,175.3,169.7,161.6,160.8,188.2,184.0,173.1,182.4,164.5,159.3,161.7,175.4
ED-0033,1892,31:32,176.3,169.8,161.2,159.8,187.9,183.4,172.2,181.6,163.5,159.7,160.2,176.0
ED-0033,1893,31:33,173.8,169.4,160.3,160.7,187.7,183.2,171.7,181.2,162.5,159.2,160.2,174.7
ED-0033,1894,31:34,174.9,167.9,160.3,159.9,186.4,182.2,172.3,180.3,162.3,158.2,160.0,173.1
ED-0033,1895,31:35,174.4,167.7,159.7,160.3,186.1,181.7,171.2,179.6,162.2,157.4,159.9,173.3
ED-0033,1896,31:36,174.2,168.1,159.1,160.1,184.9,181.0,171.1,179.8,163.5,157.1,159.2,174.3
ED-0033,1897,31:37,173.2,167.5,159.2,159.0,184.9,180.6,170.9,179.4,161.0,157.9,158.3,172.9
ED-0033,1898,31:38,172.8,167.8,158.3,159.7,184.4,179.4,170.4,178.0,161.4,156.5,158.7,172.6
ED-0033,1899,31:39,172.3,166.1,157.9,158.0,183.8,180.4,168.9,179.4,160.8,156.7,157.5,172.7
ED-0033,1900,31:40,172.1,166.5,158.8,157.6,184.1,179.6,168.9,177.9,160.7,156.8,157.4,172.0
ED-0033,1901,31:41,172.7,166.3,158.2,157.9,183.1,179.6,167.9,177.2,160.1,156.0,157.2,172.1
ED-0033,1902,31:42,171.9,165.3,156.3,157.5,182.5,178.8,168.3,176.2,160.6,156.1,157.5,171.4
ED-0033,1903,31:43,172.6,165.1,157.9,157.1,182.6,177.1,167.9,175.6,160.3,155.1,156.9,170.2
ED-0033,1904,31:44,170.4,164.8,156.1,157.3,181.1,177.1,167.5,175.9,159.1,154.6,156.4,170.7
ED-0033,1905,31:45,170.4,163.8,156.5,155.3,181.3,177.5,166.9,176.6,158.8,154.4,156.3,169.8
ED-0033,1906,31:46,170.3,163.7,156.4,156.2,181.1,176.4,166.4,176.0,157.7,154.9,154.8,169.5
ED-0033,1907,31:47,170.2,163.0,155.9,155.8,179.4,176.8,165.1,175.2,158.4,153.5,155.0,169.3
ED-0033,1908,31:48,169.0,163.1,154.7,155.1,180.4,176.9,164.2,174.3,158.4,152.8,154.6,169.0
ED-0033,1909,31:49,169.4,162.1,154.6,155.4,179.8,175.7,164.9,173.9,158.1,152.4,154.3,167.6
ED-0033,1910,31:50,169.1,162.2,155.6,154.5,179.1,174.7,164.1,173.0,157.3,152.7,154.6,168.6
ED-0033,1911,31:51,167.4,162.0,153.4,154.2,178.6,174.6,164.1,172.7,156.2,152.0,152.9,167.7
ED-0033,1912,31:52,167.5,160.7,154.4,153.1,178.5,173.7,163.9,171.9,157.1,152.2,152.7,167.6
ED-0033,1913,31:53,166.6,160.7,152.6,153.1,177.1,172.9,163.8,171.9,155.6,151.9,152.5,166.5
ED-0033,1914,31:54,166.7,160.6,152.6,153.6,176.9,173.2,162.7,171.6,155.3,151.1,151.4,165.8
ED-0033,1915,31:55,167.2,159.6,151.9,153.3,176.3,173.2,161.8,170.7,154.3,151.4,151.8,166.8
ED-0033,1916,31:56,166.5,159.5,152.4,151.7,175.8,172.4,161.9,169.9,155.1,151.1,151.5,165.7
ED-0033,1917,31:57,166.5,159.2,152.1,151.5,175.3,170.6,161.3,169.2,154.6,149.9,151.3,164.9
ED-0033,1918,31:58,165.3,158.6,152.2,151.5,175.0,171.5,161.1,169.7,153.4,150.1,150.7,164.6
ED-0033,1919,31:59,164.8,158.4,150.4,151.0,174.8,170.3,160.7,170.0,154.3,150.2,150.2,164.9
ED-0033,1920,32:00,164.3,158.1,151.0,149.9,174.3,169.9,159.4,167.9,153.0,150.4,150.4,164.9
ED-0033,1921,32:01,164.4,158.0,149.4,150.8,173.8,169.6,160.3,168.7,153.1,149.5,149.9,164.1
ED-0033,1922,32:02,163.5,157.3,149.7,149.6,173.2,168.4,160.1,168.5,153.5,148.1,148.7,164.2
ED-0033,1923,32:03,164.5,157.5,150.1,149.7,172.6,169.3,158.7,167.5,151.4,148.9,148.9,164.0
ED-0033,1924,32:04,163.1,155.9,149.2,149.4,172.3,168.2,158.3,167.6,152.5,147.6,148.6,163.1
ED-0033,1925,32:05,162.8,156.3,148.6,149.7,172.1,167.6,158.6,166.6,152.2,146.8,148.1,163.2
ED-0033,1926,32:06,162.9,157.3,148.3,148.3,170.6,167.4,156.2,165.9,151.0,147.3,146.9,161.6
ED-0033,1927,32:07,161.1,155.7,148.5,147.9,170.9,167.2,157.8,165.3,150.6,146.9,147.7,162.1
ED-0033,1928,32:08,162.8,154.5,146.7,147.4,170.3,166.0,156.9,164.9,150.5,147.2,147.1,162.0
ED-0033,1929,32:09,161.0,155.0,147.3,147.2,170.3,165.2,155.7,164.8,149.8,145.0,147.3,161.5
ED-0033,1930,32:10,161.5,154.6,147.0,147.3,169.6,165.8,155.7,164.5,150.0,146.3,146.4,161.0
ED-0033,1931,32:11,161.3,154.1,146.8,146.5,168.7,165.1,156.0,163.7,149.6,145.3,145.0,160.4
ED-0033,1932,32:12,160.5,152.7,146.9,146.9,168.9,164.8,155.9,163.8,149.9,144.6,145.6,160.9
ED-0033,1933,32:13,160.0,153.8,145.7,145.5,167.7,164.7,154.5,163.3,149.2,143.8,145.0,160.2
ED-0033,1934,32:14,161.2,152.6,145.5,146.5,167.5,163.8,153.9,161.7,148.7,144.8,145.3,159.1
ED-0033,1935,32:15,160.4,152.1,145.0,146.3,167.4,163.5,154.4,162.7,148.6,143.6,145.2,159.3
ED-0033,1936,32:16,159.9,151.7,145.8,144.3,166.6,163.4,153.5,161.2,147.1,144.9,144.5,159.5
ED-0033,1937,32:17,158.1,151.1,145.2,144.6,166.1,162.1,152.8,160.9,147.5,144.3,143.4,158.5
ED-0033,1938,32:18,159.0,151.6,145.8,144.6,165.9,161.9,151.8,162.1,146.9,142.9,144.3,158.2
ED-0033,1939,32:19,158.5,151.4,143.8,144.3,165.6,160.7,152.9,159.9,145.9,143.3,143.2,156.9
ED-0033,1940,32:20,158.3,151.6,144.3,143.6,164.5,160.8,152.0,160.3,146.0,142.5,142.1,158.4
ED-0033,1941,32:21,158.0,150.5,144.0,143.3,165.3,160.6,151.0,159.8,146.3,142.1,142.4,157.1
ED-0033,1942,32:22,157.7,149.6,142.4,143.6,163.9,159.8,151.0,159.7,145.3,142.4,141.6,156.9
ED-0033,1943,32:23,157.0,149.2,142.6,144.2,163.5,159.5,150.7,158.7,146.3,141.4,142.0,157.1
ED-0033,1944,32:24,157.0,149.1,142.3,143.0,163.6,159.8,150.6,158.8,144.7,141.8,140.8,155.6
ED-0033,1945,32:25,155.7,149.8,142.0,142.0,163.1,159.5,149.9,157.6,144.9,141.3,142.1,155.9
ED-0033,1946,32:26,156.0,149.0,141.9,141.8,161.8,158.9,149.5,158.8,145.2,140.1,140.6,155.5
ED-0033,1947,32:27,155.3,146.6,140.9,141.9,162.3,157.9,149.1,156.9,144.7,140.9,140.7,155.8
ED-0033,1948,32:28,155.0,147.2,140.6,141.4,161.6,158.5,149.1,157.2,144.1,140.5,140.7,154.8
ED-0033,1949,32:29,155.7,147.2,141.5,141.8,161.1,156.6,147.2,157.3,142.9,140.3,139.9,154.8
ED-0033,1950,32:30,155.3,146.2,140.3,140.7,160.9,155.7,147.8,155.7,143.0,140.6,138.7,153.8
ED-0033,1951,32:31,154.3,148.1,140.4,140.5,161.3,156.6,147.6,154.8,143.6,139.8,138.8,153.1
ED-0033,1952,32:32,153.4,146.3,141.1,140.5,159.6,155.1,147.1,154.6,142.4,139.3,138.3,153.9
ED-0033,1953,32:33,154.1,146.0,140.4,139.0,160.1,155.5,146.6,155.8,141.8,139.2,138.2,153.0
ED-0033,1954,32:34,153.1,145.9,139.2,139.5,159.1,154.5,146.1,154.1,140.9,138.1,137.9,152.4
ED-0033,1955,32:35,153.2,146.4,139.3,138.3,159.0,154.5,145.3,154.4,141.7,138.1,138.4,152.6
ED-0033,1956,32:36,152.7,143.8,138.6,138.6,158.6,154.4,145.3,152.8,141.6,138.2,137.3,153.0
ED-0033,1957,32:37,152.3,144.7,138.7,138.9,157.9,153.6,145.4,153.0,141.0,137.7,137.8,151.8
ED-0033,1958,32:38,151.9,144.9,137.9,138.1,156.9,153.7,144.6,152.7,140.4,136.5,137.1,151.5
ED-0033,1959,32:39,152.7,143.8,137.9,138.2,157.5,153.2,144.6,151.9,139.6,136.5,136.7,151.2
ED-0033,1960,32:40,151.7,143.9,137.9,137.7,157.7,153.1,144.4,152.1,139.8,135.7,136.4,152.2
ED-0033,1961,32:41,150.1,143.5,137.4,137.2,156.6,153.5,143.0,151.7,139.0,137.2,135.9,150.2
ED-0033,1962,32:42,150.9,142.0,137.7,137.2,155.6,151.3,143.4,150.9,139.2,135.8,135.1,150.4
ED-0033,1963,32:43,149.8,141.9,136.6,136.3,156.2,151.1,142.0,151.2,139.6,136.1,135.4,149.9
ED-0033,1964,32:44,150.0,141.9,136.6,135.8,155.8,150.8,141.9,150.7,138.1,135.8,135.4,150.0
ED-0033,1965,32:45,150.1,141.1,135.5,137.0,154.7,150.9,141.7,150.2,139.0,136.0,134.7,149.3
ED-0033,1966,32:46,148.9,140.8,136.6,135.7,155.1,151.0,140.9,149.6,137.4,135.6,134.1,149.2
ED-0033,1967,32:47,149.5,141.6,135.7,136.7,154.1,149.6,142.0,150.0,138.0,134.4,133.9,148.6
ED-0033,1968,32:48,148.6,140.5,135.2,135.6,153.3,149.5,141.2,149.8,137.3,134.1,133.8,149.5
ED-0033,1969,32:49,147.9,140.8,135.0,135.0,153.2,149.0,140.3,148.6,137.2,134.1,134.2,149.0
ED-0033,1970,32:50,148.8,140.1,134.1,133.7,152.8,149.5,140.7,149.0,136.4,133.7,131.7,147.7
ED-0033,1971,32:51,147.8,139.2,134.8,135.2,151.5,148.4,140.0,148.4,136.5,133.4,132.8,147.8
ED-0033,1972,32:52,148.3,139.4,133.9,134.1,152.2,147.7,139.2,147.4,136.3,132.4,132.1,146.9
ED-0033,1973,32:53,147.4,140.1,133.9,133.5,151.7,147.5,138.6,147.1,136.5,133.1,131.8,146.7
ED-0033,1974,32:54,146.0,138.6,133.6,133.5,151.2,148.0,139.3,146.9,135.2,131.6,131.2,146.6
ED-0033,1975,32:55,146.2,137.9,133.5,132.6,150.3,147.8,137.9,146.0,135.8,131.9,131.7,145.9
ED-0033,1976,32:56,146.9,138.3,133.1,132.0,150.8,146.6,138.9,146.0,134.9,131.9,130.8,146.2
ED-0033,1977,32:57,145.8,137.6,131.7,132.2,149.9,146.5,138.6,145.0,135.6,131.7,130.4,145.4
ED-0033,1978,32:58,146.1,136.6,132.8,132.1,149.7,145.3,138.1,146.0,133.9,131.2,130.7,145.8
ED-0033,1979,32:59,146.7,136.6,132.1,131.5,149.3,144.6,137.3,145.4,134.7,130.1,130.8,144.2
ED-0033,1980,33:00,144.3,136.4,131.7,131.9,147.7,144.6,136.3,144.8,134.0,130.8,129.4,144.0
ED-0033,1981,33:01,144.9,136.7,131.5,131.5,149.0,144.1,136.6,143.9,132.9,130.3,130.1,143.6
ED-0033,1982,33:02,145.5,137.1,129.4,130.8,147.5,144.6,135.9,144.4,133.3,129.2,129.7,143.0
ED-0033,1983,33:03,144.1,136.1,130.0,130.8,148.0,144.5,135.3,143.6,132.3,129.8,128.9,142.8
ED-0033,1984,33:04,143.9,135.5,130.0,130.6,147.5,143.0,135.2,143.1,132.9,129.9,128.9,143.1
ED-0033,1985,33:05,144.0,136.1,130.4,130.1,147.1,144.1,134.6,142.8,132.1,128.9,126.8,142.9
ED-0033,1986,33:06,143.3,135.7,130.5,130.0,146.6,143.0,135.3,143.1,132.1,129.0,128.0,143.3
ED-0033,1987,33:07,143.0,134.4,129.6,129.9,146.8,142.8,134.2,141.6,131.4,129.5,127.5,142.3
ED-0033,1988,33:08,143.2,134.4,129.8,129.3,145.0,141.9,134.3,141.0,130.9,128.2,127.1,142.1
ED-0033,1989,33:09,142.8,134.0,129.7,129.3,146.3,141.9,132.6,142.2,130.8,128.3,127.5,142.0
ED-0033,1990,33:10,141.8,134.2,129.0,129.5,144.9,141.0,133.8,140.6,130.8,128.0,126.7,142.3
ED-0033,1991,33:11,142.1,134.0,128.3,129.4,145.1,140.8,132.7,140.6,130.2,127.4,126.7,141.4
ED-0033,1992,33:12,141.6,133.9,128.2,128.8,144.1,139.8,132.3,140.2,129.6,126.8,125.8,141.9
ED-0033,1993,33:13,140.8,133.0,128.3,127.4,144.1,139.6,132.3,141.1,130.5,127.2,126.2,140.9
ED-0033,1994,33:14,141.7,133.4,127.4,127.2,143.7,139.8,131.0,139.5,129.5,126.3,125.9,140.7
ED-0033,1995,33:15,140.6,133.0,127.3,127.0,143.1,138.8,131.1,139.9,128.6,126.4,125.7,140.2
ED-0033,1996,33:16,140.1,132.6,126.6,127.0,142.9,139.7,131.0,139.1,129.7,126.8,125.0,139.6
ED-0033,1997,33:17,140.4,131.5,126.0,126.8,142.8,138.9,130.4,139.2,128.4,126.1,125.6,140.1
ED-0033,1998,33:18,140.1,131.7,126.4,126.3,141.8,138.2,130.5,138.5,126.9,125.7,124.4,139.8
ED-0033,1999,33:19,140.0,130.8,126.2,126.6,142.3,137.1,129.7,137.4,128.7,125.3,123.8,138.3
ED-0033,2000,33:20,139.7,131.2,126.1,126.6,141.5,136.7,130.0,137.6,128.6,125.1,123.6,138.6
ED-0033,2001,33:21,139.3,130.1,125.6,126.0,141.7,136.8,129.6,137.8,127.7,123.9,123.4,138.7
ED-0033,2002,33:22,138.7,130.6,124.8,125.0,140.7,136.8,128.7,136.4,128.2,124.3,123.7,138.0
ED-0033,2003,33:23,138.1,130.1,125.5,125.4,140.2,136.7,128.8,135.9,127.2,123.9,123.5,137.1
ED-0033,2004,33:24,139.2,129.6,125.1,125.7,140.2,136.4,129.3,135.5,127.0,123.4,122.8,136.6
ED-0033,2005,33:25,137.7,130.1,124.4,124.3,139.9,135.8,129.2,135.7,126.2,123.3,122.3,136.7
ED-0033,2006,33:26,137.7,129.1,124.5,124.4,140.0,135.6,128.3,135.8,127.1,123.8,121.8,137.2
ED-0033,2007,33:27,137.3,128.8,124.3,124.0,139.4,135.2,127.9,135.6,126.5,123.5,121.9,136.5
ED-0033,2008,33:28,137.2,128.9,123.8,124.0,138.9,134.6,126.9,135.0,125.7,122.3,122.3,136.8
ED-0033,2009,33:29,137.4,128.5,122.6,123.8,137.1,134.9,126.9,135.3,125.9,122.9,121.4,136.8
ED-0033,2010,33:30,135.5,127.4,123.7,123.3,137.9,135.0,125.9,134.8,125.0,122.6,120.9,135.3
ED-0033,2011,33:31,136.8,127.5,122.4,123.4,138.1,132.9,125.5,133.7,124.6,121.7,120.9,136.3
ED-0033,2012,33:32,136.7,127.0,122.1,123.5,137.8,133.5,126.3,133.5,124.3,121.1,120.3,135.6
ED-0033,2013,33:33,135.7,127.1,122.0,122.8,136.8,134.2,125.1,133.5,124.5,121.5,120.3,135.8
ED-0033,2014,33:34,136.4,125.2,121.6,121.9,136.8,132.8,125.4,133.3,124.1,121.0,120.1,134.9
ED-0033,2015,33:35,135.0,126.5,122.1,121.5,136.8,133.1,124.9,133.0,124.6,121.0,119.6,134.0
ED-0033,2016,33:36,135.5,126.0,121.6,122.1,135.9,131.5,124.9,131.6,124.3,121.6,119.6,134.8
ED-0033,2017,33:37,134.5,126.4,122.1,122.7,135.4,131.9,124.4,132.0,123.3,120.8,118.9,133.8
ED-0033,2018,33:38,135.0,126.1,122.2,121.2,135.7,131.2,124.3,132.0,122.3,120.7,118.7,133.2
ED-0033,2019,33:39,134.4,125.3,120.3,121.2,134.9,131.1,124.0,131.3,121.9,120.6,118.9,132.8
ED-0033,2020,33:40,134.0,124.7,120.1,121.2,134.0,131.3,124.4,131.2,122.6,119.3,118.0,133.3
ED-0033,2021,33:41,134.0,124.8,120.2,120.7,134.0,131.4,123.1,129.9,122.0,119.7,117.4,133.5
ED-0033,2022,33:42,132.3,123.8,120.3,119.9,133.6,129.7,123.9,131.4,121.9,119.4,117.9,133.1
ED-0033,2023,33:43,133.8,124.1,121.3,120.1,133.0,130.7,123.1,130.1,121.8,118.4,117.5,132.6
ED-0033,2024,33:44,132.9,123.5,120.6,120.2,133.6,129.8,122.4,129.4,122.2,118.4,118.0,132.5
ED-0033,2025,33:45,132.9,123.6,119.6,119.5,132.6,128.3,123.0,129.3,121.6,118.6,117.5,131.3
ED-0033,2026,33:46,132.9,122.5,119.3,118.5,133.0,128.4,121.8,128.8,121.9,118.4,116.9,132.4
ED-0033,2027,33:47,131.0,123.6,119.0,119.7,132.3,129.0,121.9,129.3,120.5,118.9,115.8,130.8
ED-0033,2028,33:48,131.4,122.4,118.0,118.9,132.0,128.9,121.1,128.7,120.7,118.6,115.7,130.7
ED-0033,2029,33:49,132.4,122.7,118.9,118.8,131.9,127.5,120.3,129.0,120.3,118.0,116.3,129.5
ED-0033,2030,33:50,131.2,121.5,117.8,118.2,131.2,127.5,120.5,127.4,119.0,116.7,115.8,130.2
ED-0033,2031,33:51,131.2,121.3,118.3,117.3,130.6,128.0,120.2,128.5,119.2,117.0,115.3,130.7
ED-0033,2032,33:52,131.2,121.6,118.0,118.1,131.1,127.9,118.6,127.4,119.3,117.8,116.1,130.7
ED-0033,2033,33:53,130.5,121.5,117.3,116.9,131.1,126.9,119.5,128.1,118.8,116.9,116.1,129.4
ED-0033,2034,33:54,130.3,121.2,117.1,117.1,130.2,127.0,120.2,126.4,118.3,116.2,115.4,129.5
ED-0033,2035,33:55,130.5,120.3,118.1,117.5,129.2,126.3,120.1,127.0,118.8,115.4,114.4,129.4
ED-0033,2036,33:56,129.3,119.8,117.6,116.6,129.7,125.4,118.7,126.3,117.5,116.6,114.3,128.9
ED-0033,2037,33:57,129.1,121.2,116.4,115.8,129.4,125.7,119.1,126.1,118.1,115.0,114.1,127.7
ED-0033,2038,33:58,129.3,120.8,116.9,116.7,128.6,125.2,118.1,125.1,117.9,115.1,113.5,127.6
ED-0033,2039,33:59,128.8,120.2,116.0,116.9,128.3,124.9,118.5,125.1,117.2,114.8,113.5,128.3
ED-0033,2040,34:00,128.2,119.9,115.2,116.3,128.4,123.8,117.9,124.7,117.5,114.8,112.3,126.7
ED-0033,2041,34:01,129.5,119.9,115.7,115.8,127.9,124.1,117.2,124.6,117.3,114.0,112.8,128.9
ED-0033,2042,34:02,128.7,118.8,115.4,115.7,127.6,123.7,116.8,124.8,117.7,113.9,113.6,126.5
ED-0033,2043,34:03,127.8,117.8,115.5,115.1,127.0,123.6,117.5,124.2,116.7,115.0,111.8,127.5
ED-0033,2044,34:04,127.6,118.4,114.6,114.4,127.3,123.3,116.2,124.1,116.5,114.5,112.2,126.4
ED-0033,2045,34:05,128.1,117.4,114.6,115.7,126.4,124.1,115.5,123.9,115.7,113.7,112.7,127.3
ED-0033,2046,34:06,128.4,117.4,114.2,115.4,126.9,123.6,116.2,123.6,115.8,114.4,112.8,126.2
ED-0033,2047,34:07,126.6,117.0,114.5,114.2,126.1,122.6,116.6,122.8,115.2,113.0,112.1,126.5
ED-0033,2048,34:08,125.7,117.5,114.1,113.8,126.1,122.2,114.9,123.5,116.3,113.4,112.0,126.1
ED-0033,2049,34:09,125.3,116.1,114.5,113.6,125.0,122.3,115.5,122.6,115.3,113.8,110.9,125.4
ED-0033,2050,34:10,125.7,117.1,114.5,112.8,125.7,122.0,115.3,121.6,114.3,112.3,111.0,124.9
ED-0033,2051,34:11,124.9,116.5,113.0,111.6,124.7,121.0,114.6,121.5,114.1,111.8,111.1,125.4
ED-0033,2052,34:12,126.0,116.9,112.9,113.2,124.3,121.6,114.5,121.6,114.5,111.7,110.3,125.2
ED-0033,2053,34:13,126.3,115.9,112.3,112.5,124.4,120.9,113.4,120.7,114.2,112.7,109.4,124.3
ED-0033,2054,34:14,125.1,115.9,112.0,112.5,124.4,120.1,114.2,120.8,114.4,111.9,110.5,124.2
ED-0033,2055,34:15,124.9,115.5,113.0,112.3,123.2,119.4,113.5,121.2,113.8,111.5,110.9,123.7
ED-0033,2056,34:16,124.9,115.1,112.2,112.6,123.1,120.0,113.6,120.3,113.1,111.3,108.8,123.9
ED-0033,2057,34:17,124.6,115.4,112.0,110.8,123.1,119.0,112.6,120.6,113.5,110.9,108.7,123.7
ED-0033,2058,34:18,123.3,114.5,111.3,111.1,123.5,119.7,112.9,119.4,112.4,110.8,108.6,123.7
ED-0033,2059,34:19,123.7,115.2,111.7,111.1,122.9,118.9,112.5,119.7,113.3,111.9,108.7,123.7
ED-0033,2060,34:20,123.4,114.0,112.2,110.8,121.5,117.9,111.4,119.0,112.1,110.8,108.9,123.6
ED-0033,2061,34:21,124.4,113.5,110.9,111.2,121.9,119.1,112.8,118.7,112.2,109.9,107.5,122.7
ED-0033,2062,34:22,123.5,113.5,110.8,110.0,121.0,118.5,111.5,119.0,112.8,110.1,107.8,121.9
ED-0033,2063,34:23,123.0,113.6,110.7,109.9,122.0,117.6,110.5,117.8,111.5,109.5,107.9,121.6
ED-0033,2064,34:24,122.6,112.9,110.2,110.6,121.3,117.2,110.3,117.9,111.3,108.9,109.0,121.6
ED-0033,2065,34:25,122.6,112.9,110.7,110.7,121.0,116.3,110.3,117.7,111.5,108.6,106.3,122.5
ED-0033,2066,34:26,122.2,112.9,109.4,109.7,120.5,116.3,110.6,118.1,110.6,109.7,107.4,121.4
ED-0033,2067,34:27,121.2,112.5,109.6,108.9,120.6,116.9,110.6,117.3,110.5,108.2,106.0,121.3
ED-0033,2068,34:28,122.3,112.5,109.4,108.8,120.0,116.5,110.2,116.9,110.7,109.3,107.3,121.2
ED-0033,2069,34:29,121.3,112.2,109.1,108.5,119.2,116.7,109.5,116.1,111.2,108.4,106.7,121.0
ED-0033,2070,34:30,122.1,111.4,109.5,108.9,119.5,116.1,109.1,117.0,109.8,108.0,106.7,119.6
ED-0033,2071,34:31,121.5,111.2,108.3,108.3,118.8,116.2,108.8,116.4,109.8,107.8,105.7,120.5
ED-0033,2072,34:32,120.9,111.8,106.9,108.4,118.6,115.9,109.1,115.4,109.4,108.3,105.7,120.3
ED-0033,2073,34:33,121.0,111.3,107.7,107.9,119.1,115.6,109.5,116.3,109.8,107.8,105.9,119.4
ED-0033,2074,34:34,120.4,110.1,107.7,108.0,118.4,115.6,108.4,114.9,109.5,107.3,104.8,119.2
ED-0033,2075,34:35,120.3,110.3,107.5,107.9,117.5,114.9,108.3,115.2,109.0,107.2,104.7,119.2
ED-0033,2076,34:36,119.5,109.9,108.2,107.5,117.3,113.5,107.7,114.8,108.5,106.2,105.4,118.0
ED-0033,2077,34:37,120.1,110.1,106.9,107.6,118.3,114.0,108.1,115.1,108.8,107.8,104.5,119.4
ED-0033,2078,34:38,119.5,109.5,108.5,106.4,117.2,113.8,107.6,114.5,108.5,106.4,104.7,118.6
ED-0033,2079,34:39,119.1,109.3,105.6,106.7,116.4,113.3,107.6,114.0,107.4,105.6,104.8,118.7
ED-0033,2080,34:40,119.4,110.3,106.1,107.4,117.0,112.9,106.6,114.4,108.1,106.2,104.1,118.6
ED-0033,2081,34:41,118.6,108.7,106.4,105.8,115.7,112.3,107.2,114.8,107.9,106.2,103.1,117.7
ED-0033,2082,34:42,118.4,109.4,105.7,107.4,116.4,112.2,107.1,113.0,107.9,105.4,103.7,118.8
ED-0033,2083,34:43,117.3,109.0,106.0,105.2,115.0,111.6,105.9,113.3,107.5,105.4,103.7,117.0
ED-0033,2084,34:44,118.1,108.3,106.1,104.6,116.1,112.7,106.7,113.3,107.6,105.7,103.1,117.5
ED-0033,2085,34:45,117.4,108.5,105.3,104.9,115.9,111.4,106.0,112.1,106.9,104.7,102.1,117.6
ED-0033,2086,34:46,117.8,108.0,105.3,105.4,115.1,111.3,105.1,112.6,106.5,104.9,102.4,116.6
ED-0033,2087,34:47,117.2,108.3,105.1,105.9,114.3,112.0,104.3,112.3,107.2,104.7,102.2,116.9
ED-0033,2088,34:48,117.3,107.8,104.6,104.6,114.4,111.0,105.0,111.8,107.2,104.2,102.3,116.1
ED-0033,2089,34:49,117.2,107.9,104.2,104.4,114.5,111.2,105.0,111.3,105.1,104.3,101.7,116.2
ED-0033,2090,34:50,116.8,107.9,104.7,105.0,113.8,111.2,104.6,111.8,105.7,103.6,101.4,115.5
ED-0033,2091,34:51,116.8,107.3,104.3,103.7,114.1,109.7,104.2,109.9,105.6,103.1,102.3,116.1
ED-0033,2092,34:52,116.8,106.6,104.0,103.4,112.8,111.7,104.3,111.1,105.1,104.8,100.4,114.9
ED-0033,2093,34:53,116.6,106.4,103.3,103.6,112.8,109.5,103.8,110.5,105.6,104.2,101.0,114.7
ED-0033,2094,34:54,114.9,105.9,103.7,104.5,113.0,109.0,103.6,110.0,104.9,103.4,100.7,114.4
ED-0033,2095,34:55,115.0,106.2,103.7,103.1,112.6,109.2,102.9,108.9,104.3,102.3,100.8,114.9
ED-0033,2096,34:56,115.3,106.1,103.5,102.9,112.4,109.1,101.5,109.9,104.8,102.7,100.1,114.3
ED-0033,2097,34:57,115.1,105.4,103.5,102.9,112.3,108.8,103.1,110.4,104.2,102.5,99.6,113.7
ED-0033,2098,34:58,113.8,105.1,102.7,103.0,111.8,108.5,103.2,108.2,104.4,103.0,99.4,114.0
ED-0033,2099,34:59,113.8,105.5,101.9,103.3,111.4,107.8,102.8,108.4,104.6,101.8,99.8,113.6
ED-0033,2100,35:00,114.8,103.4,102.3,102.8,112.3,108.4,101.1,109.2,103.0,102.2,99.1,113.2
ED-0033,2101,35:01,115.1,104.0,103.0,102.9,110.9,108.1,101.7,108.5,104.0,102.6,98.9,113.2
ED-0033,2102,35:02,114.0,104.3,102.6,102.6,111.0,107.9,102.0,108.8,102.5,101.0,99.1,113.4
ED-0033,2103,35:03,113.2,103.4,101.7,102.0,111.2,107.6,101.3,107.3,102.5,101.2,99.8,113.7
ED-0033,2104,35:04,113.7,103.7,102.0,102.1,111.0,106.8,100.1,108.0,103.2,100.9,98.7,112.3
ED-0033,2105,35:05,113.6,103.8,101.2,102.0,110.0,106.3,101.5,108.1,102.6,100.9,98.1,113.0
ED-0033,2106,35:06,113.0,104.2,101.7,101.0,109.8,105.8,100.9,108.1,103.1,101.0,98.6,112.8
ED-0033,2107,35:07,112.8,103.6,101.4,102.0,110.2,106.1,100.4,107.6,101.4,99.3,97.8,112.3
ED-0033,2108,35:08,112.8,103.2,100.6,100.5,109.8,106.3,100.3,106.7,102.1,100.7,98.0,111.7
ED-0033,2109,35:09,112.7,102.6,101.1,100.9,108.7,105.7,100.4,106.7,102.3,100.1,97.6,111.8
ED-0033,2110,35:10,112.1,102.5,100.3,100.9,109.3,105.0,100.6,106.0,101.7,99.9,97.4,111.7
ED-0033,2111,35:11,111.9,102.6,99.9,99.9,108.3,105.6,99.6,106.4,100.9,99.9,97.4,111.2
ED-0033,2112,35:12,112.2,102.7,100.2,99.8,107.7,104.5,99.4,105.5,100.8,99.9,96.5,110.3
ED-0033,2113,35:13,113.0,102.3,100.4,98.9,107.2,104.3,98.6,106.0,101.3,98.7,96.9,111.0
ED-0033,2114,35:14,112.6,101.7,100.3,99.2,108.1,104.6,98.5,105.3,100.6,99.7,97.3,110.6
ED-0033,2115,35:15,111.5,101.5,99.7,100.2,107.8,104.2,99.4,105.5,101.1,98.6,97.4,109.8
ED-0033,2116,35:16,111.9,100.9,97.9,98.4,108.0,105.0,98.3,105.3,100.2,98.9,96.6,110.7
ED-0033,2117,35:17,111.1,101.1,99.5,99.4,106.6,104.2,98.7,104.7,99.8,98.9,96.8,110.3
ED-0033,2118,35:18,111.5,101.0,98.4,98.2,107.3,103.8,98.2,105.0,99.8,98.5,95.8,110.0
ED-0033,2119,35:19,110.2,100.5,100.0,97.5,105.6,104.1,99.1,103.6,99.1,98.0,95.7,108.9
ED-0033,2120,35:20,110.1,100.9,98.6,98.7,106.7,102.4,98.6,104.3,99.6,98.5,96.0,108.5
ED-0033,2121,35:21,110.1,100.3,98.5,98.5,105.9,103.7,97.6,104.5,99.1,97.3,95.4,108.8
ED-0033,2122,35:22,109.6,99.6,98.3,98.1,105.7,103.0,97.7,103.4,99.9,97.0,94.6,108.2
ED-0033,2123,35:23,109.8,99.7,98.0,98.2,105.9,102.1,97.0,103.6,99.1,97.4,95.4,108.8
ED-0033,2124,35:24,109.7,99.8,97.8,98.0,105.4,102.4,95.3,102.7,99.8,98.4,94.7,109.1
ED-0033,2125,35:25,108.8,99.3,97.5,97.3,104.3,101.7,97.1,103.4,98.8,97.4,95.0,108.7
ED-0033,2126,35:26,109.6,98.6,97.1,97.0,104.9,101.3,95.5,103.2,97.9,96.8,94.2,107.5
ED-0033,2127,35:27,108.4,99.1,96.9,98.1,104.9,102.3,95.6,102.2,97.4,97.1,95.0,107.4
ED-0033,2128,35:28,108.9,99.5,96.4,96.7,104.4,100.6,96.5,102.0,98.3,96.9,93.4,108.4
ED-0033,2129,35:29,108.2,98.5,96.3,97.2,104.5,101.5,96.3,102.3,97.3,96.2,93.9,108.0
ED-0033,2130,35:30,108.5,98.3,96.3,96.3,104.7,101.5,94.4,101.6,98.1,96.0,93.7,106.8
ED-0033,2131,35:31,107.6,97.8,96.2,96.7,103.9,101.0,95.5,102.0,97.8,96.4,93.3,107.2
ED-0033,2132,35:32,107.8,97.6,96.5,96.9,103.0,100.4,94.6,101.7,96.8,96.1,93.3,106.9
ED-0033,2133,35:33,107.6,98.1,96.3,95.7,103.8,100.3,95.0,100.9,96.4,95.5,93.1,106.5
ED-0033,2134,35:34,108.0,97.2,95.4,96.4,102.8,99.3,94.2,101.0,96.4,95.7,92.8,105.3
ED-0033,2135,35:35,107.2,97.0,95.1,96.0,103.6,99.4,94.5,101.0,97.4,94.9,93.6,105.8
ED-0033,2136,35:36,107.4,96.8,96.1,95.3,102.6,100.3,94.3,101.4,96.4,94.7,93.1,105.8
ED-0033,2137,35:37,106.8,96.9,95.2,95.7,102.4,98.8,94.0,100.6,97.3,95.4,92.1,105.3
ED-0033,2138,35:38,106.7,96.3,95.7,95.3,102.5,99.4,94.7,100.9,96.3,95.2,92.7,105.5
ED-0033,2139,35:39,107.3,96.5,94.0,94.2,101.9,99.0,93.8,99.1,96.8,95.0,91.2,105.8
ED-0033,2140,35:40,106.6,96.5,94.9,94.6,101.4,99.4,94.1,99.8,96.2,94.6,91.7,104.8
ED-0033,2141,35:41,105.9,96.4,94.3,95.0,100.7,98.1,93.6,99.3,95.1,94.3,91.6,105.0
ED-0033,2142,35:42,105.0,96.0,93.9,95.1,101.4,98.1,92.7,99.6,95.9,94.7,91.9,105.0
ED-0033,2143,35:43,106.0,95.2,94.7,94.5,100.4,98.8,92.6,99.7,95.9,94.4,91.2,105.0
ED-0033,2144,35:44,105.0,96.2,94.4,93.7,100.8,97.1,93.7,99.0,95.9,94.2,91.3,104.7
ED-0033,2145,35:45,105.6,95.0,94.3,93.7,100.9,97.6,92.4,98.5,95.0,94.4,91.7,105.0
ED-0033,2146,35:46,105.1,95.8,93.7,93.4,100.7,97.7,92.5,98.4,94.5,93.3,91.1,104.0
ED-0033,2147,35:47,104.8,94.1,94.1,93.3,100.6,97.8,91.7,99.2,95.1,93.2,90.9,102.4
ED-0033,2148,35:48,105.8,95.1,93.5,93.8,100.3,97.2,91.0,98.5,94.5,93.8,90.2,104.1
ED-0033,2149,35:49,104.8,95.9,93.7,92.9,99.8,96.2,91.3,97.9,93.4,93.1,90.5,103.7
ED-0033,2150,35:50,104.3,94.5,93.1,93.2,99.5,97.3,91.7,97.6,94.5,93.4,90.7,103.0
ED-0033,2151,35:51,104.2,93.8,92.6,94.0,99.7,95.3,91.0,97.3,93.5,93.0,89.3,103.3
ED-0033,2152,35:52,104.4,93.9,92.5,92.3,100.4,96.2,92.0,96.6,93.6,92.6,89.6,103.2
ED-0033,2153,35:53,103.8,93.6,93.0,92.8,99.3,95.9,91.1,96.8,92.8,92.0,90.4,103.5
ED-0033,2154,35:54,103.5,93.5,92.8,91.7,98.4,96.0,90.3,96.7,93.1,91.3,89.6,102.3
ED-0033,2155,35:55,103.2,93.6,92.2,92.4,98.6,95.4,91.2,97.2,93.7,92.0,89.3,102.8
ED-0033,2156,35:56,102.8,93.3,92.6,91.6,97.6,95.3,90.5,95.9,92.9,92.6,89.1,102.1
ED-0033,2157,35:57,102.7,93.2,90.9,91.3,98.0,95.4,89.8,96.0,92.5,91.6,89.3,101.4
ED-0033,2158,35:58,104.0,93.0,91.8,91.6,98.0,94.2,90.0,95.8,92.3,92.5,88.8,101.0
ED-0033,2159,35:59,102.2,93.0,91.5,92.2,98.1,94.9,89.9,96.0,91.3,90.7,88.6,101.7
ED-0033,2160,36:00,102.0,92.9,91.7,90.9,97.9,94.7,90.1,96.1,92.4,91.0,88.5,101.4
ED-0033,2161,36:01,102.1,92.8,90.7,90.7,97.7,94.2,89.7,94.5,91.8,91.2,88.6,101.7
ED-0033,2162,36:02,102.1,91.9,90.8,91.8,97.1,94.5,89.5,94.7,91.9,90.6,87.9,101.5
ED-0033,2163,36:03,101.9,92.8,90.7,90.7,97.7,93.9,88.8,94.6,92.2,90.3,88.7,101.2
ED-0033,2164,36:04,102.0,92.5,90.5,90.5,96.0,93.7,89.0,95.1,91.5,91.2,88.0,99.6
ED-0033,2165,36:05,101.8,91.6,90.9,90.4,96.2,93.5,88.5,95.2,92.7,90.0,87.4,100.3
ED-0033,2166,36:06,101.7,91.6,90.4,90.5,95.8,93.3,89.0,94.4,91.2,90.3,87.7,100.8
ED-0033,2167,36:07,101.4,91.0,90.7,90.3,96.5,93.9,88.4,94.0,91.2,88.5,87.1,99.4
ED-0033,2168,36:08,101.3,90.6,89.8,90.8,95.4,92.5,87.9,94.0,90.2,89.8,87.2,99.7
ED-0033,2169,36:09,100.1,91.4,89.7,90.2,94.9,92.6,88.1,93.8,90.6,89.8,86.7,99.4
ED-0033,2170,36:10,100.8,91.7,89.6,90.0,95.0,92.4,86.4,93.1,89.9,89.1,87.5,99.4
ED-0033,2171,36:11,100.8,90.2,89.1,89.3,95.4,91.3,87.9,92.9,90.7,88.6,86.1,100.3
ED-0033,2172,36:12,100.5,90.0,90.0,89.3,95.0,91.4,87.1,93.2,90.6,89.0,86.5,98.6
ED-0033,2173,36:13,99.7,90.2,89.2,88.6,94.4,92.2,87.7,92.9,89.4,88.3,86.4,98.2
ED-0033,2174,36:14,100.0,90.3,88.5,88.5,94.5,91.4,88.3,92.1,89.3,88.6,86.2,98.9
ED-0033,2175,36:15,98.8,90.0,88.9,88.9,94.1,92.1,87.4,92.6,90.6,87.5,86.1,99.0
ED-0033,2176,36:16,99.2,90.1,87.8,89.3,91.9,91.2,86.9,92.1,89.3,88.6,85.9,99.1
ED-0033,2177,36:17,99.5,90.1,88.9,88.8,94.6,91.1,87.4,93.1,90.4,88.2,85.4,98.8
ED-0033,2178,36:18,99.5,89.2,89.1,88.4,93.0,91.8,86.8,92.9,89.5,88.4,85.8,98.9
ED-0033,2179,36:19,99.6,89.2,88.3,89.0,93.5,90.5,86.9,91.4,89.0,88.7,85.0,97.5
ED-0033,2180,36:20,98.1,88.1,87.7,88.8,93.5,91.0,85.5,91.5,89.1,88.0,84.6,97.4
ED-0033,2181,36:21,99.1,88.9,87.7,89.0,93.1,90.5,86.5,90.6,88.3,87.8,84.9,97.4
ED-0033,2182,36:22,98.9,88.2,87.3,87.9,92.5,89.6,86.7,91.5,89.0,87.1,84.7,97.0
ED-0033,2183,36:23,97.9,89.1,88.0,88.2,92.3,90.2,86.0,90.9,87.9,87.5,84.5,97.3
ED-0033,2184,36:24,98.6,88.2,86.6,86.6,92.5,89.8,85.3,91.1,88.6,87.8,84.3,96.8
ED-0033,2185,36:25,97.7,89.2,87.3,87.4,92.8,89.6,85.8,91.0,88.1,87.1,83.8,95.8
ED-0033,2186,36:26,96.7,88.3,88.0,87.6,92.4,89.0,85.2,91.7,88.1,86.2,83.6,97.1
ED-0033,2187,36:27,98.2,87.8,86.8,87.7,91.7,88.4,85.1,89.5,87.7,87.3,84.8,96.1
ED-0033,2188,36:28,97.5,88.3,86.5,87.0,91.5,88.2,84.7,90.4,87.0,86.5,83.6,97.0
ED-0033,2189,36:29,96.9,87.5,86.2,87.0,92.0,89.7,84.5,90.8,87.6,86.1,83.0,97.0
ED-0033,2190,36:30,98.0,87.9,86.7,86.9,91.8,87.8,84.2,90.0,88.0,86.4,83.7,96.5
ED-0033,2191,36:31,97.1,86.9,85.8,87.0,92.5,87.6,83.8,89.3,86.9,85.2,83.1,95.4
ED-0033,2192,36:32,97.0,86.7,87.2,86.7,92.4,87.7,83.6,90.9,86.8,86.0,83.4,96.0
ED-0033,2193,36:33,96.3,88.1,85.7,85.3,90.1,88.4,83.9,89.6,87.0,85.4,82.5,95.4
ED-0033,2194,36:34,96.4,87.4,86.3,85.5,90.7,87.7,83.0,88.4,87.4,85.5,83.7,95.0
ED-0033,2195,36:35,96.1,86.1,85.8,86.3,90.2,88.4,83.9,89.1,86.7,84.8,83.3,95.5
ED-0033,2196,36:36,95.2,85.5,85.4,85.7,90.2,86.6,82.8,89.0,85.0,84.8,82.4,95.9
ED-0033,2197,36:37,97.3,85.6,85.8,85.4,91.3,86.9,83.4,88.5,85.4,85.1,81.8,94.9
ED-0033,2198,36:38,95.8,85.9,85.3,85.8,90.2,86.4,82.3,88.0,85.6,84.0,83.0,94.2
ED-0033,2199,36:39,94.8,86.5,85.3,84.9,89.0,87.6,83.0,87.7,86.0,85.5,82.1,94.0
ED-0033,2200,36:40,95.1,85.0,84.3,85.4,89.2,86.6,83.3,88.1,86.1,85.1,81.8,94.5
ED-0033,2201,36:41,95.0,86.3,85.7,84.6,89.8,86.6,82.5,87.7,84.9,84.7,81.3,94.7
ED-0033,2202,36:42,95.3,85.5,84.9,84.1,90.1,87.1,83.0,88.3,85.2,84.4,81.4,93.9
ED-0033,2203,36:43,94.8,86.6,84.8,84.5,89.2,87.1,82.4,88.0,85.2,83.9,81.9,94.5
ED-0033,2204,36:44,95.0,84.8,84.4,84.7,88.4,86.6,81.3,86.9,85.3,85.0,81.4,93.6
ED-0033,2205,36:45,95.0,85.2,83.5,84.0,89.7,86.0,81.9,87.2,85.2,83.4,81.8,93.1
ED-0033,2206,36:46,94.1,85.0,84.4,84.8,87.8,85.6,82.2,87.2,84.1,84.0,81.2,93.3
ED-0033,2207,36:47,95.0,85.8,84.2,84.9,88.3,85.6,81.3,86.4,83.4,83.1,81.4,93.1
ED-0033,2208,36:48,94.0,84.8,83.7,84.0,88.9,85.7,81.2,86.2,84.5,83.4,80.9,94.3
ED-0033,2209,36:49,93.8,84.6,82.6,83.7,88.7,85.4,81.8,87.3,84.5,83.5,80.2,94.1
ED-0033,2210,36:50,94.2,84.1,83.0,83.2,88.1,84.8,81.5,85.5,84.1,84.3,81.0,93.2
ED-0033,2211,36:51,94.0,84.1,84.1,84.0,87.9,85.4,80.9,86.5,84.2,82.8,80.6,92.4
ED-0033,2212,36:52,93.1,83.9,83.2,84.1,87.4,85.0,80.7,86.3,83.7,82.7,79.9,93.1
ED-0033,2213,36:53,93.6,83.2,83.2,84.4,87.7,85.2,79.7,86.0,84.3,82.9,79.6,92.0
ED-0033,2214,36:54,93.0,83.9,82.8,82.6,86.8,84.6,81.1,85.3,83.5,82.3,80.1,91.3
ED-0033,2215,36:55,92.8,83.3,83.4,82.7,86.5,83.8,80.7,86.0,82.8,82.0,79.7,91.7
ED-0033,2216,36:56,93.8,82.9,82.4,83.2,86.3,85.1,80.6,85.7,84.2,81.9,79.6,91.8
ED-0033,2217,36:57,92.9,82.8,83.2,82.5,86.9,83.9,80.4,85.7,83.2,81.7,79.1,91.4
ED-0033,2218,36:58,92.7,82.7,82.3,83.4,86.3,84.0,80.2,85.2,84.0,81.8,79.8,92.3
ED-0033,2219,36:59,92.6,82.8,82.2,81.2,85.6,83.5,79.2,84.8,82.6,82.6,79.3,90.7
ED-0033,2220,37:00,93.3,83.5,83.1,81.4,86.1,83.6,80.2,84.9,81.7,81.5,78.7,92.2
ED-0033,2221,37:01,92.1,82.0,81.8,82.0,86.8,83.2,78.6,84.6,82.2,80.8,79.3,91.5
ED-0033,2222,37:02,91.9,83.6,81.4,81.4,85.4,83.6,78.8,83.7,82.4,81.8,79.2,90.2
ED-0033,2223,37:03,91.4,82.8,81.1,81.7,85.4,83.8,79.3,84.8,82.8,81.1,77.9,91.8
ED-0033,2224,37:04,90.9,81.9,80.9,81.6,85.4,83.6,79.0,84.3,82.1,80.8,78.8,90.1
ED-0033,2225,37:05,90.6,81.4,81.8,81.7,86.2,83.0,78.3,84.3,81.4,81.2,79.0,90.2
ED-0033,2226,37:06,91.6,82.2,81.0,81.4,84.9,82.4,79.5,84.4,81.7,80.5,78.1,90.4
ED-0033,2227,37:07,90.5,82.2,80.7,81.2,85.0,82.5,78.8,83.5,81.2,80.7,78.4,89.9
ED-0033,2228,37:08,90.7,80.6,80.4,81.4,85.2,81.5,79.1,84.9,81.4,81.1,77.9,90.1
ED-0033,2229,37:09,91.2,81.7,80.4,80.2,84.6,82.3,78.4,83.7,81.5,80.4,78.4,91.0
ED-0033,2230,37:10,91.0,80.8,80.1,80.9,85.0,82.1,77.7,82.7,81.1,80.4,78.0,89.8
ED-0033,2231,37:11,90.7,80.4,80.1,81.3,84.9,81.5,77.6,82.7,81.5,80.8,77.5,88.4
ED-0033,2232,37:12,90.5,81.7,80.3,80.1,83.8,81.9,77.4,82.3,81.1,80.1,77.3,89.1
ED-0033,2233,37:13,90.8,80.4,79.8,80.0,83.7,81.6,76.5,83.0,80.7,79.6,77.9,89.4
ED-0033,2234,37:14,90.2,80.3,81.0,80.2,84.0,81.5,78.2,82.4,80.1,79.9,77.1,89.3
ED-0033,2235,37:15,89.1,80.6,79.9,80.9,84.1,80.8,76.8,81.6,80.7,79.7,76.5,88.3
ED-0033,2236,37:16,89.7,80.2,79.7,80.1,83.6,80.5,77.4,82.2,79.8,80.9,76.7,89.5
ED-0033,2237,37:17,90.0,80.6,79.9,79.1,83.9,81.3,76.2,81.2,80.3,80.3,76.7,87.7
ED-0033,2238,37:18,89.6,80.3,79.3,80.1,83.2,80.8,76.2,82.3,80.1,79.8,76.5,88.4
ED-0033,2239,37:19,90.0,79.6,78.5,78.6,83.7,80.4,77.0,81.5,79.1,79.1,77.4,88.3
ED-0033,2240,37:20,88.9,79.8,79.1,80.6,83.1,80.0,76.3,81.2,79.6,79.7,76.7,88.5
ED-0033,2241,37:21,89.5,79.7,79.9,80.0,82.0,80.1,76.9,81.6,78.6,79.1,75.8,88.4
ED-0033,2242,37:22,88.8,80.1,79.2,79.4,82.4,79.6,76.8,81.6,80.1,78.7,76.3,88.4
ED-0033,2243,37:23,88.7,79.1,79.1,80.1,82.0,79.9,76.5,81.3,78.8,79.4,75.0,88.3
ED-0033,2244,37:24,87.9,79.4,78.9,78.9,83.0,80.2,75.6,80.6,79.4,78.5,76.2,87.7
ED-0033,2245,37:25,88.5,79.4,77.5,78.9,82.0,79.1,75.7,81.5,79.4,79.0,75.7,88.5
ED-0033,2246,37:26,88.2,79.3,78.6,78.1,81.9,80.0,76.2,81.2,79.0,78.6,75.9,88.1
ED-0033,2247,37:27,88.1,77.9,77.9,77.7,81.7,80.1,75.8,80.5,79.2,78.2,75.8,87.7
ED-0033,2248,37:28,87.6,79.3,77.3,78.2,80.9,79.7,75.1,80.7,78.3,78.4,74.8,87.9
ED-0033,2249,37:29,86.8,78.8,78.1,77.8,81.0,79.3,74.6,80.4,77.9,78.4,75.7,87.7
ED-0033,2250,37:30,88.0,78.5,78.5,77.3,81.9,79.1,75.9,79.9,78.5,77.2,74.6,86.5
ED-0033,2251,37:31,88.3,77.9,77.8,79.2,81.2,78.1,75.5,79.8,79.3,77.6,74.8,87.0
ED-0033,2252,37:32,87.2,78.8,77.5,78.2,80.7,79.4,74.9,80.4,78.4,77.8,74.8,86.5
ED-0033,2253,37:33,86.5,78.6,76.6,77.1,80.8,79.3,74.5,79.6,78.1,77.1,74.2,86.7
ED-0033,2254,37:34,87.5,79.0,77.2,76.7,80.1,77.9,74.9,79.1,78.0,77.1,74.6,86.6
ED-0033,2255,37:35,88.2,77.8,77.1,77.1,80.9,78.6,74.7,80.4,78.4,77.1,74.7,87.1
ED-0033,2256,37:36,86.5,79.0,77.1,76.9,80.2,77.6,73.6,79.8,77.8,77.5,74.0,86.2
ED-0033,2257,37:37,86.7,77.9,76.9,77.6,80.5,77.6,74.3,78.2,77.6,76.4,74.1,85.5
ED-0033,2258,37:38,86.7,76.9,77.1,77.6,79.8,76.4,73.5,78.8,76.8,77.1,74.1,85.2
ED-0033,2259,37:39,86.1,77.2,76.0,76.1,79.6,76.8,73.2,79.0,76.9,76.6,74.2,86.0
ED-0033,2260,37:40,86.0,77.1,76.4,77.8,79.9,78.5,73.8,78.5,77.9,76.7,73.6,86.0
ED-0033,2261,37:41,86.5,76.4,76.9,76.4,80.2,76.2,74.7,78.3,76.8,76.5,73.6,85.5
ED-0033,2262,37:42,86.0,77.8,76.8,77.0,79.4,77.1,73.7,78.8,77.4,76.1,73.9,85.6
ED-0033,2263,37:43,86.0,76.1,76.4,74.9,79.7,78.2,73.0,78.7,76.7,76.5,74.4,84.5
ED-0033,2264,37:44,86.8,76.5,76.6,76.4,78.8,76.2,72.8,78.2,77.3,76.0,72.8,84.8
ED-0033,2265,37:45,85.9,76.3,75.8,77.1,78.8,76.2,72.6,78.1,76.8,76.1,73.0,84.7
ED-0033,2266,37:46,85.0,76.0,76.2,76.7,79.3,77.3,72.5,78.3,76.3,75.5,73.2,84.0
ED-0033,2267,37:47,85.2,75.9,75.7,75.2,78.9,77.1,72.4,77.4,75.5,76.1,73.2,84.8
ED-0033,2268,37:48,84.8,75.9,75.8,75.7,78.7,76.3,73.0,77.2,75.2,75.8,73.1,84.1
ED-0033,2269,37:49,85.5,75.0,76.0,74.8,78.5,75.9,73.2,76.7,76.0,75.3,72.7,84.2
ED-0033,2270,37:50,85.8,75.5,75.1,75.1,78.5,76.4,71.4,77.7,76.3,75.3,73.4,84.4
ED-0033,2271,37:51,84.6,75.5,75.1,76.0,78.1,74.9,73.3,77.0,76.0,75.5,72.7,83.9
ED-0033,2272,37:52,85.5,75.7,75.4,75.0,78.1,75.9,73.4,76.7,76.4,75.4,72.0,84.8
ED-0033,2273,37:53,85.1,74.9,75.9,75.9,78.5,75.9,71.1,76.7,76.0,74.6,72.6,82.9
ED-0033,2274,37:54,85.5,75.8,75.1,75.0,77.1,76.2,72.6,76.4,75.8,75.1,73.2,83.3
ED-0033,2275,37:55,83.9,74.6,74.5,74.5,77.4,75.3,72.5,76.4,76.2,75.2,72.1,82.5
ED-0033,2276,37:56,83.7,75.0,75.0,74.7,77.7,74.7,71.4,75.9,75.3,74.3,73.5,82.2
ED-0033,2277,37:57,84.5,75.0,74.5,75.1,77.0,74.6,70.8,76.1,75.4,74.5,71.3,82.3
ED-0033,2278,37:58,85.1,75.1,74.8,74.3,76.4,74.3,71.1,75.7,74.0,75.0,72.3,82.2
ED-0033,2279,37:59,84.0,73.9,73.5,73.8,77.3,74.7,71.7,75.8,74.8,74.8,72.7,83.3
ED-0033,2280,38:00,83.0,74.9,75.7,74.4,76.7,74.2,71.7,75.8,74.8,74.2,71.5,82.1
ED-0033,2281,38:01,83.6,74.6,73.7,74.7,77.8,74.5,71.5,74.8,74.3,74.1,71.4,82.9
ED-0033,2282,38:02,84.0,73.8,73.5,74.3,77.1,73.7,70.7,75.3,75.6,74.6,71.4,82.3
ED-0033,2283,38:03,83.7,74.7,74.0,74.0,76.4,73.8,70.9,75.1,74.5,73.6,70.3,82.3
ED-0033,2284,38:04,83.6,74.2,74.3,74.2,76.2,73.3,69.4,75.6,73.4,74.6,70.5,82.4
ED-0033,2285,38:05,82.8,73.8,73.5,73.5,76.1,73.8,70.3,74.5,74.1,73.5,70.9,82.7
ED-0033,2286,38:06,83.9,72.5,74.6,73.4,75.7,73.4,69.9,75.6,74.0,74.0,70.5,82.1
ED-0033,2287,38:07,82.9,73.8,73.3,73.1,76.3,73.0,70.5,75.6,74.1,73.7,70.2,82.3
ED-0033,2288,38:08,83.1,73.7,73.0,74.2,76.0,73.5,70.4,74.6,73.7,73.1,70.3,81.9
ED-0033,2289,38:09,81.5,73.4,72.9,73.3,75.9,73.0,71.2,74.1,74.5,72.7,71.1,80.9
ED-0033,2290,38:10,82.8,73.9,72.9,73.1,75.7,72.4,69.3,74.1,73.4,72.5,71.2,82.0
ED-0033,2291,38:11,81.8,73.3,73.7,72.8,75.2,73.4,70.2,74.2,73.7,72.9,70.6,82.0
ED-0033,2292,38:12,81.4,74.2,73.0,72.8,75.6,72.1,69.7,73.9,73.0,73.3,70.3,81.6
ED-0033,2293,38:13,81.2,72.9,72.8,73.0,75.4,72.1,69.6,73.8,73.2,74.0,70.5,81.6
ED-0033,2294,38:14,81.7,72.2,72.6,72.8,75.5,73.6,69.5,73.7,74.2,73.2,69.0,81.0
ED-0033,2295,38:15,81.9,72.9,73.0,73.2,74.7,72.7,68.1,74.4,73.6,71.8,69.7,80.6
ED-0033,2296,38:16,81.2,71.9,72.1,72.4,75.1,73.1,69.0,73.5,72.7,73.2,69.3,81.2
ED-0033,2297,38:17,81.5,72.4,72.2,72.5,74.0,71.9,69.7,72.9,72.5,72.0,69.1,80.7
ED-0033,2298,38:18,81.8,72.1,72.6,72.3,74.1,72.8,69.2,73.5,72.2,72.8,69.2,80.4
ED-0033,2299,38:19,82.1,72.8,72.1,72.5,74.4,72.8,69.5,74.2,72.3,72.2,69.9,79.3
ED-0033,2300,38:20,81.4,71.8,72.4,72.6,74.3,71.7,68.1,73.2,71.5,72.2,69.0,79.4
ED-0033,2301,38:21,81.3,71.8,72.7,71.5,73.5,71.5,67.6,73.3,72.8,71.8,69.6,80.5
ED-0033,2302,38:22,80.9,70.8,71.3,73.0,73.0,72.0,68.4,73.2,72.2,71.0,68.4,79.5
ED-0033,2303,38:23,80.9,72.1,71.2,71.6,73.2,71.4,67.5,72.3,71.9,71.6,69.1,80.0
ED-0033,2304,38:24,80.8,71.7,70.9,71.1,73.6,72.4,68.4,72.6,72.0,71.6,69.0,79.6
ED-0033,2305,38:25,80.1,71.7,70.1,71.7,73.3,72.1,68.6,72.6,72.3,72.3,69.1,79.1
ED-0033,2306,38:26,80.3,70.8,71.0,71.5,73.4,70.4,68.0,72.2,71.8,71.5,68.9,79.7
ED-0033,2307,38:27,79.9,70.7,70.7,70.5,73.6,71.3,68.3,73.0,71.4,70.9,68.7,78.2
ED-0033,2308,38:28,80.2,71.4,71.4,71.9,73.5,70.6,67.3,71.7,72.0,71.6,69.1,79.1
ED-0033,2309,38:29,80.7,71.0,70.5,71.6,73.4,70.8,68.1,72.2,71.9,71.0,68.2,79.4
ED-0033,2310,38:30,79.2,71.0,70.6,71.6,73.7,71.1,67.4,71.7,71.3,70.8,67.9,78.8
ED-0033,2311,38:31,80.0,70.0,71.1,70.2,72.3,70.6,67.4,71.2,70.6,70.5,68.1,78.8
ED-0033,2312,38:32,79.6,71.0,71.4,70.7,72.3,70.7,66.1,72.6,70.9,69.8,68.0,78.8
ED-0033,2313,38:33,79.8,70.3,70.8,70.2,72.6,70.3,67.1,71.8,71.4,71.0,67.2,79.3
ED-0033,2314,38:34,79.2,71.0,70.3,70.6,73.2,69.8,66.6,71.6,71.3,70.5,68.0,78.5
ED-0033,2315,38:35,79.4,71.0,70.4,70.5,71.8,70.3,67.1,71.2,71.1,69.9,68.2,77.6
ED-0033,2316,38:36,78.6,69.4,70.8,70.1,72.0,68.9,66.6,72.0,70.5,70.7,67.4,77.1
ED-0033,2317,38:37,79.2,70.1,69.9,70.7,72.4,70.0,66.6,70.7,70.1,70.7,67.4,78.1
ED-0033,2318,38:38,78.9,69.6,70.7,69.7,72.0,69.8,66.8,70.5,70.3,70.1,68.0,78.3
ED-0033,2319,38:39,79.3,70.6,69.8,70.6,70.8,69.7,67.3,71.1,69.6,70.0,67.9,77.8
ED-0033,2320,38:40,79.0,69.9,69.7,69.5,71.5,69.7,67.0,71.6,71.4,69.2,67.7,78.0
ED-0033,2321,38:41,78.7,69.5,69.3,69.8,71.0,69.0,67.4,70.2,70.1,69.4,66.4,77.5
ED-0033,2322,38:42,79.3,69.1,70.3,69.3,71.0,69.0,66.3,71.0,70.8,69.8,66.9,76.7
ED-0033,2323,38:43,78.2,69.1,70.4,70.7,70.4,69.1,66.4,70.2,69.8,69.1,68.3,77.7
ED-0033,2324,38:44,78.1,69.1,69.7,69.2,71.6,69.6,66.0,69.8,70.5,69.5,65.9,76.7
ED-0033,2325,38:45,78.2,69.6,69.8,68.9,71.2,69.4,65.3,69.7,69.9,70.2,67.7,76.4
ED-0033,2326,38:46,77.7,69.1,68.9,69.5,70.3,69.0,66.0,69.7,69.6,69.2,66.6,76.4
ED-0033,2327,38:47,77.3,68.4,68.6,70.0,70.5,68.5,65.5,70.4,69.0,69.1,65.7,75.9
ED-0033,2328,38:48,78.5,69.6,68.5,69.2,69.8,69.2,65.2,69.2,69.2,69.0,65.9,76.4
ED-0033,2329,38:49,77.9,68.7,68.2,69.0,70.2,68.6,66.0,69.1,69.9,68.3,66.2,75.7
ED-0033,2330,38:50,77.4,68.0,68.4,68.8,70.2,68.5,65.5,68.9,69.1,68.8,66.2,76.8
ED-0033,2331,38:51,77.6,70.1,68.9,69.1,70.6,67.6,65.5,69.7,68.8,68.4,66.2,76.0
ED-0033,2332,38:52,77.8,68.9,68.7,69.2,70.1,67.2,65.2,69.8,68.5,69.5,66.1,75.5
ED-0033,2333,38:53,77.5,67.2,69.0,68.2,70.4,68.2,64.2,70.4,68.4,68.5,65.6,76.9
ED-0033,2334,38:54,76.8,68.6,68.2,68.2,70.0,67.4,65.7,69.0,68.7,68.1,65.8,76.2
ED-0033,2335,38:55,76.8,68.3,68.2,67.9,69.7,68.0,64.9,67.9,69.3,68.4,65.8,76.0
ED-0033,2336,38:56,76.8,68.6,67.6,68.5,68.8,67.1,64.6,70.0,69.4,67.3,65.9,75.8
ED-0033,2337,38:57,75.9,68.2,68.3,68.1,69.3,66.7,64.7,69.1,67.5,68.0,65.5,76.5
ED-0033,2338,38:58,76.4,67.2,67.8,67.7,69.1,67.4,64.3,69.1,67.3,68.8,64.7,75.6
ED-0033,2339,38:59,77.3,68.6,67.6,68.1,68.6,68.1,64.9,68.6,69.0,67.9,65.3,75.4
ED-0033,2340,39:00,75.8,67.0,67.6,67.7,69.0,66.8,64.3,69.1,68.0,67.8,64.4,74.5
ED-0033,2341,39:01,76.5,68.3,67.8,67.6,69.8,66.7,64.3,69.0,67.7,67.4,64.8,75.2
ED-0033,2342,39:02,75.3,66.9,68.8,67.6,69.2,67.2,63.3,69.6,67.9,67.8,64.7,75.3
ED-0033,2343,39:03,76.0,67.3,68.5,67.6,68.7,66.3,63.6,68.2,68.3,67.9,65.4,74.7
ED-0033,2344,39:04,75.3,67.4,67.8,67.1,68.4,67.1,65.0,67.5,67.7,67.6,65.2,74.9
ED-0033,2345,39:05,75.4,66.4,66.4,67.6,68.8,66.5,64.0,67.4,68.0,67.3,64.2,74.2
ED-0033,2346,39:06,76.3,66.2,67.1,67.5,67.7,66.4,63.1,69.0,67.5,68.4,65.3,74.3
ED-0033,2347,39:07,75.2,68.0,66.0,66.9,67.9,66.5,63.2,67.5,67.9,67.7,64.3,74.7
ED-0033,2348,39:08,76.0,66.8,66.6,66.7,68.8,65.9,64.0,67.9,66.7,66.3,63.4,74.4
ED-0033,2349,39:09,75.7,66.4,67.1,66.9,68.3,66.4,62.9,67.3,67.5,67.1,64.7,73.4
ED-0033,2350,39:10,75.0,66.8,66.9,67.1,67.9,66.1,62.8,66.9,67.4,65.9,64.1,73.4
ED-0033,2351,39:11,75.6,66.7,67.2,66.4,67.6,66.0,63.8,67.1,67.7,66.7,65.1,73.8
ED-0033,2352,39:12,74.4,66.7,66.1,67.5,68.3,66.1,63.5,67.2,67.4,67.0,63.5,73.1
ED-0033,2353,39:13,74.2,66.1,66.9,65.5,68.5,65.6,63.2,67.1,66.7,66.0,63.3,73.7
ED-0033,2354,39:14,75.3,65.5,66.1,66.5,67.4,65.7,62.8,67.2,67.2,66.7,64.0,74.4
ED-0033,2355,39:15,74.0,65.9,66.4,66.6,67.5,66.4,63.4,67.3,66.2,66.3,64.2,73.9
ED-0033,2356,39:16,75.0,65.2,66.7,65.8,67.3,65.8,63.3,66.9,66.1,66.2,63.5,72.7
ED-0033,2357,39:17,74.5,65.2,66.4,66.4,67.4,64.8,63.5,67.7,66.7,66.6,62.7,73.4
ED-0033,2358,39:18,74.7,65.9,65.8,66.4,67.4,65.1,62.9,66.5,66.3,66.6,62.9,73.6
ED-0033,2359,39:19,75.7,66.1,66.4,65.8,66.5,65.4,62.3,65.5,66.9,66.5,63.4,72.5
ED-0033,2360,39:20,74.1,65.0,66.1,66.0,67.0,65.2,61.9,65.9,67.4,65.9,63.1,73.6
ED-0033,2361,39:21,74.6,65.3,65.4,65.5,66.9,65.1,62.4,65.0,66.2,65.0,62.5,72.9
ED-0033,2362,39:22,73.7,65.8,66.0,66.3,66.5,64.4,62.3,66.0,65.5,65.5,63.9,73.9
ED-0033,2363,39:23,74.1,64.6,65.0,65.9,66.5,64.7,62.3,65.7,65.6,66.7,63.0,73.1
ED-0033,2364,39:24,74.3,65.8,66.2,65.9,66.7,64.7,61.7,65.8,65.9,65.2,63.4,72.3
ED-0033,2365,39:25,74.6,65.0,66.3,65.4,66.1,64.3,62.7,66.2,65.8,65.7,63.1,73.1
ED-0033,2366,39:26,73.9,64.7,64.7,65.0,66.6,65.4,62.2,66.0,65.4,65.3,63.0,72.6
ED-0033,2367,39:27,73.5,65.3,65.2,66.6,66.8,63.4,61.9,65.7,65.9,64.1,61.7,73.2
ED-0033,2368,39:28,72.9,65.5,65.7,65.9,66.5,64.0,62.2,66.1,65.5,65.1,62.8,72.0
ED-0033,2369,39:29,73.2,65.0,65.3,64.5,66.3,64.3,61.8,65.7,66.4,65.8,61.9,72.5
ED-0033,2370,39:30,72.5,64.9,65.0,65.0,65.7,64.3,61.8,64.3,64.7,64.7,62.1,72.1
ED-0033,2371,39:31,72.6,64.5,63.8,65.2,65.5,65.1,62.3,65.1,65.9,65.1,62.6,71.9
ED-0033,2372,39:32,73.5,64.6,64.6,65.1,66.0,63.9,61.7,65.5,65.0,65.0,61.4,71.8
ED-0033,2373,39:33,71.8,64.1,65.6,66.1,66.2,63.8,61.0,65.0,65.0,65.2,62.1,71.5
ED-0033,2374,39:34,72.2,64.0,64.6,64.9,65.6,64.6,61.8,65.0,65.8,64.6,62.2,71.1
ED-0033,2375,39:35,72.4,64.3,64.7,65.5,64.6,63.6,61.4,64.1,64.6,65.2,62.0,70.2
ED-0033,2376,39:36,72.3,63.9,64.3,64.6,65.4,63.9,61.3,64.4,65.1,64.6,62.0,71.5
ED-0033,2377,39:37,72.8,63.8,63.9,64.8,64.0,63.3,60.6,64.4,65.2,64.4,61.7,71.4
ED-0033,2378,39:38,72.7,65.0,65.0,63.9,65.3,62.9,61.4,64.3,64.4,63.8,60.9,70.5
ED-0033,2379,39:39,72.4,64.3,65.0,64.5,64.1,62.8,59.5,63.8,64.2,63.5,60.8,70.7
ED-0033,2380,39:40,72.1,63.3,63.9,64.8,64.8,63.7,59.8,64.6,64.0,64.0,62.1,70.3
ED-0033,2381,39:41,72.2,63.7,63.6,64.0,64.5,62.9,60.0,65.5,64.9,64.4,61.5,70.0
ED-0033,2382,39:42,71.4,63.6,64.2,63.9,64.8,63.6,60.4,64.7,63.6,63.3,61.2,70.5
ED-0033,2383,39:43,71.9,63.5,63.4,64.3,65.7,62.7,59.3,63.5,64.2,63.9,61.1,71.2
ED-0033,2384,39:44,72.3,62.6,63.5,63.2,64.0,62.0,59.6,63.8,64.2,63.2,61.2,70.3
ED-0033,2385,39:45,72.0,63.3,63.4,63.7,64.2,63.2,60.9,64.2,63.5,64.2,60.1,70.1
ED-0033,2386,39:46,71.7,62.3,63.2,63.0,64.8,62.5,60.1,63.9,64.0,63.1,59.9,70.0
ED-0033,2387,39:47,72.2,64.0,63.7,63.5,63.6,61.9,60.8,63.5,63.8,63.1,60.8,70.2
ED-0033,2388,39:48,70.7,63.0,63.9,63.6,64.6,63.8,59.6,63.4,64.1,63.6,61.2,70.4
ED-0033,2389,39:49,71.7,63.0,63.5,63.0,64.7,61.9,59.7,63.9,63.7,63.4,60.6,70.8
ED-0033,2390,39:50,71.5,62.4,62.7,63.0,64.0,62.0,60.2,64.2,63.3,64.2,60.2,69.1
ED-0033,2391,39:51,71.5,63.0,62.7,63.4,64.8,62.4,60.2,63.5,63.3,63.1,59.7,70.3
ED-0033,2392,39:52,70.3,62.7,63.6,63.4,64.3,62.0,59.5,62.9,63.4,61.8,60.7,69.8
ED-0033,2393,39:53,70.9,62.0,63.6,62.5,64.5,61.4,59.0,62.9,63.5,63.5,60.7,69.3
ED-0033,2394,39:54,70.5,63.0,62.5,62.8,64.0,61.3,59.3,62.4,63.3,63.7,60.2,69.2
ED-0033,2395,39:55,71.2,62.3,62.5,63.7,64.0,61.9,59.1,63.2,62.6,62.2,61.0,69.9
ED-0033,2396,39:56,70.4,62.7,61.9,64.1,63.6,61.4,59.6,63.4,63.0,63.5,59.7,69.3
ED-0033,2397,39:57,69.8,62.1,62.3,62.0,64.6,61.3,58.1,62.5,62.7,61.8,60.2,69.9
ED-0033,2398,39:58,69.2,62.3,61.2,62.3,64.3,61.7,59.7,63.0,63.1,62.6,60.4,69.0
ED-0033,2399,39:59,70.1,63.1,62.0,62.6,63.8,60.9,59.3,62.5,63.0,63.1,58.9,69.4
