trial_id,time_s,time_mmss,T_LH_HOOD,T_LH_FENDER,T_LH_FRONT_DOOR,T_LH_REAR_DOOR,T_LH_Q_P,T_LH_T_G,T_RH_T_G,T_RH_Q_P,T_RH_REAR_DOOR,T_RH_FR_DOOR,T_RH_FENDER,T_RH_HOOD
ED-0054,0,00:00,35.1,34.7,34.6,34.7,34.3,33.8,34.7,35.3,34.4,34.1,34.1,33.7
ED-0054,1,00:01,34.9,35.4,35.0,35.9,35.2,35.0,36.5,34.1,35.1,33.8,35.4,34.3
ED-0054,2,00:02,34.7,36.8,34.7,34.5,34.3,34.4,35.9,34.1,35.0,35.0,35.5,34.3
ED-0054,3,00:03,34.9,34.2,35.0,35.4,35.5,35.6,34.8,35.9,36.0,35.1,36.2,35.1
ED-0054,4,00:04,34.8,35.5,34.0,35.4,34.2,35.1,35.8,34.7,36.3,35.1,35.4,35.2
ED-0054,5,00:05,35.3,34.6,35.3,36.3,35.7,35.3,35.3,36.1,34.8,34.9,34.7,35.3
ED-0054,6,00:06,34.6,35.0,35.2,34.6,35.6,34.4,35.5,36.2,34.5,33.7,35.5,35.5
ED-0054,7,00:07,34.3,34.2,35.4,34.7,35.5,35.7,35.3,36.8,34.1,35.0,34.8,34.5
ED-0054,8,00:08,36.3,35.4,35.0,34.5,35.2,36.5,35.4,35.3,35.7,35.2,35.1,35.5
ED-0054,9,00:09,35.0,35.8,34.2,36.2,35.5,35.0,35.6,35.1,34.7,35.2,34.8,35.4
ED-0054,10,00:10,34.7,35.0,34.8,36.3,34.3,34.7,34.9,35.3,34.7,35.2,35.9,33.7
ED-0054,11,00:11,34.4,35.6,35.2,35.0,35.1,34.8,34.3,34.6,35.7,35.4,34.5,35.0
ED-0054,12,00:12,34.9,34.7,35.3,35.0,33.8,35.4,35.3,34.8,35.5,34.5,35.1,35.4
ED-0054,13,00:13,34.0,35.5,35.4,36.8,34.8,35.5,35.0,35.0,36.0,35.2,34.6,34.7
ED-0054,14,00:14,35.7,35.8,35.3,34.1,35.2,35.4,34.8,33.4,35.9,35.7,34.9,34.3
ED-0054,15,00:15,35.8,34.6,33.7,35.8,34.9,34.6,35.6,35.1,34.3,35.8,35.0,34.9
ED-0054,16,00:16,35.6,34.4,33.9,34.9,35.0,34.7,35.1,35.8,34.5,35.9,35.2,35.0
ED-0054,17,00:17,35.0,34.7,35.5,33.6,34.6,35.8,35.5,35.3,35.1,34.0,36.2,35.3
ED-0054,18,00:18,34.8,34.1,34.8,35.2,35.4,34.3,34.5,35.7,35.4,36.0,35.4,34.7
ED-0054,19,00:19,34.4,35.1,34.7,34.7,34.0,35.8,34.0,34.8,34.6,35.9,33.9,36.3
ED-0054,20,00:20,35.0,35.2,34.1,34.5,34.7,35.0,35.2,35.5,35.4,35.5,35.7,34.6
ED-0054,21,00:21,35.1,35.1,35.6,35.5,34.3,34.8,35.2,35.7,36.2,35.4,35.5,34.6
ED-0054,22,00:22,35.2,35.1,34.9,34.8,35.5,34.7,34.7,35.2,35.0,34.3,34.7,35.6
ED-0054,23,00:23,34.2,34.1,35.4,35.2,35.7,34.5,34.6,35.1,34.6,35.5,34.9,35.4
ED-0054,24,00:24,35.3,35.2,35.3,35.4,36.0,35.3,35.2,33.6,34.6,35.1,35.6,35.9
ED-0054,25,00:25,33.8,34.9,35.4,35.9,34.5,35.2,34.4,35.1,35.2,35.6,35.4,34.7
ED-0054,26,00:26,34.7,33.4,35.6,33.8,34.3,34.8,34.9,37.3,34.8,34.5,34.8,35.1
ED-0054,27,00:27,34.6,35.0,36.2,35.3,34.7,34.9,34.8,35.5,35.5,35.4,34.9,35.5
ED-0054,28,00:28,35.1,36.1,35.0,35.3,34.3,34.6,34.9,35.7,35.2,34.5,35.8,34.7
ED-0054,29,00:29,35.1,35.2,34.9,35.2,35.1,35.0,34.7,33.8,35.2,34.2,34.9,35.0
ED-0054,30,00:30,35.1,34.5,35.0,35.5,34.3,35.6,34.8,34.4,35.2,35.2,35.9,35.7
ED-0054,31,00:31,34.5,35.0,35.1,35.1,35.1,35.6,35.1,35.1,34.8,35.8,34.9,34.6
ED-0054,32,00:32,33.7,35.2,34.5,35.6,34.4,34.9,34.8,35.7,35.6,34.2,34.6,35.2
ED-0054,33,00:33,35.5,35.1,34.5,35.0,35.0,34.7,36.0,35.3,34.5,35.7,34.7,36.4
ED-0054,34,00:34,35.2,35.3,35.1,35.6,35.1,34.5,34.0,34.3,34.7,35.5,35.5,34.0
ED-0054,35,00:35,35.1,34.8,36.1,35.3,35.4,35.1,34.8,35.2,35.9,35.8,35.9,35.1
ED-0054,36,00:36,33.9,35.5,35.2,34.8,34.9,34.5,36.3,36.1,35.7,35.0,35.1,34.7
ED-0054,37,00:37,35.0,35.6,35.7,36.4,34.3,33.8,35.5,35.0,36.2,35.5,34.8,35.2
ED-0054,38,00:38,35.6,36.1,35.7,34.5,35.5,35.4,34.8,35.5,35.9,35.2,34.7,35.3
ED-0054,39,00:39,35.9,35.3,35.5,35.2,34.7,34.3,33.7,34.7,35.2,35.0,34.7,35.2
ED-0054,40,00:40,35.0,35.6,35.8,35.1,33.7,34.4,36.0,35.7,34.9,35.5,34.8,35.7
ED-0054,41,00:41,34.7,34.7,34.8,34.6,35.0,36.2,34.5,35.1,35.0,35.5,34.3,35.4
ED-0054,42,00:42,33.9,35.0,35.7,34.5,36.3,35.4,34.5,34.0,35.2,35.8,35.9,35.3
ED-0054,43,00:43,34.4,34.8,34.8,36.2,35.8,35.4,35.0,34.7,34.8,35.4,34.8,35.3
ED-0054,44,00:44,35.0,35.1,35.5,36.1,35.2,36.2,34.7,34.9,34.0,34.2,34.6,35.0
ED-0054,45,00:45,34.9,36.2,35.7,35.5,33.6,35.9,36.1,35.0,35.0,35.1,35.3,35.5
ED-0054,46,00:46,35.3,34.5,35.6,34.8,34.6,34.8,35.1,35.0,36.3,35.7,35.1,35.4
ED-0054,47,00:47,35.4,35.2,36.0,35.5,35.4,34.5,34.9,36.0,35.3,35.4,35.0,35.6
ED-0054,48,00:48,36.0,36.4,35.5,35.4,34.1,35.7,33.9,34.8,35.7,34.5,35.7,34.6
ED-0054,49,00:49,35.0,35.7,35.6,35.1,35.0,34.6,34.4,35.6,36.0,34.7,34.9,35.2
ED-0054,50,00:50,35.7,34.2,35.2,35.4,35.1,35.6,35.2,35.3,35.0,35.5,35.4,35.7
ED-0054,51,00:51,35.4,35.2,35.5,35.3,35.8,34.8,35.5,35.2,35.8,34.7,35.4,35.3
ED-0054,52,00:52,34.5,35.7,34.9,35.1,35.7,35.9,36.0,34.7,35.3,35.7,34.9,35.3
ED-0054,53,00:53,35.8,35.9,35.2,34.9,35.1,35.3,33.9,34.1,35.1,34.9,35.0,35.8
ED-0054,54,00:54,35.7,35.7,35.8,34.5,35.4,34.6,35.3,35.2,35.4,35.8,35.1,35.6
ED-0054,55,00:55,35.9,34.6,35.5,34.4,35.0,35.3,35.0,35.1,35.8,35.8,35.0,35.9
ED-0054,56,00:56,34.1,34.7,35.3,35.8,35.1,34.7,34.3,34.7,35.2,35.9,35.3,35.7
ED-0054,57,00:57,35.1,35.4,35.2,35.9,35.5,34.9,35.8,35.7,35.7,34.8,35.5,35.6
ED-0054,58,00:58,34.2,34.9,35.1,34.9,35.5,34.7,35.6,35.0,35.6,36.0,35.7,35.2
ED-0054,59,00:59,35.4,34.9,34.8,35.2,35.9,35.6,34.8,35.5,35.0,35.6,34.7,34.6
ED-0054,60,01:00,34.9,35.3,36.1,35.4,35.3,35.7,34.7,35.7,34.7,35.4,33.6,35.2
ED-0054,61,01:01,35.8,35.2,35.8,35.9,35.6,34.0,34.3,34.3,34.5,35.4,35.6,35.5
ED-0054,62,01:02,35.2,35.8,34.9,35.5,34.9,34.8,34.7,35.0,36.0,35.0,35.9,35.8
ED-0054,63,01:03,35.9,35.1,35.6,35.7,35.0,36.5,35.8,36.3,34.7,36.1,34.3,35.7
ED-0054,64,01:04,35.1,34.9,35.9,35.2,36.1,35.0,35.1,35.2,36.4,34.5,35.1,35.2
ED-0054,65,01:05,35.1,35.6,36.1,35.2,34.8,35.9,35.5,34.9,36.3,34.9,35.2,35.3
ED-0054,66,01:06,34.9,35.2,35.5,35.0,35.4,34.7,35.8,35.5,35.0,36.2,35.7,35.2
ED-0054,67,01:07,35.4,36.1,35.0,36.4,34.8,35.4,35.4,34.6,35.0,36.1,35.0,34.8
ED-0054,68,01:08,36.3,35.6,35.7,35.8,35.3,35.1,35.1,35.6,35.2,35.8,35.7,35.2
ED-0054,69,01:09,36.2,36.1,35.7,35.8,35.6,34.9,36.2,35.8,35.2,35.9,35.0,34.9
ED-0054,70,01:10,35.5,35.6,35.7,35.5,34.8,34.8,35.6,35.3,36.9,35.5,35.2,37.1
ED-0054,71,01:11,35.1,36.6,35.9,35.8,35.0,34.8,35.4,35.4,36.2,34.6,35.1,34.6
ED-0054,72,01:12,35.2,35.6,35.4,36.3,36.1,34.5,36.5,35.1,35.9,36.8,35.6,35.9
ED-0054,73,01:13,35.7,34.4,35.6,35.7,34.9,35.4,35.1,35.1,35.9,35.8,36.2,34.1
ED-0054,74,01:14,34.7,36.0,35.9,34.9,35.0,35.2,34.8,35.0,35.7,35.4,35.7,34.8
ED-0054,75,01:15,35.8,35.5,35.5,35.8,35.2,35.5,35.0,35.6,36.3,35.1,34.9,34.8
ED-0054,76,01:16,34.9,36.3,35.4,34.9,34.9,34.6,33.8,35.4,35.4,34.7,35.9,35.1
ED-0054,77,01:17,36.2,35.8,35.4,35.2,35.9,34.8,35.0,35.5,35.4,35.7,36.1,34.6
ED-0054,78,01:18,35.1,35.8,35.4,36.8,35.3,35.2,34.9,34.6,35.4,36.1,35.5,36.1
ED-0054,79,01:19,34.9,36.2,35.9,35.4,35.8,35.3,35.7,34.8,35.8,35.7,36.4,36.1
ED-0054,80,01:20,35.9,35.3,35.2,35.8,34.7,34.9,36.6,35.0,34.7,35.6,35.8,35.6
ED-0054,81,01:21,36.0,36.6,35.7,35.0,35.0,34.9,34.6,35.2,35.4,35.7,35.9,36.1
ED-0054,82,01:22,35.2,35.7,36.6,35.3,35.3,35.4,36.0,36.4,35.2,36.5,35.3,35.4
ED-0054,83,01:23,35.3,36.0,36.2,35.8,34.7,34.4,35.9,35.2,35.6,35.2,35.4,35.7
ED-0054,84,01:24,35.8,36.0,36.4,35.6,34.7,35.3,35.7,35.7,35.9,36.2,35.4,36.1
ED-0054,85,01:25,36.0,35.6,35.8,36.1,34.7,34.4,35.9,34.8,36.0,35.7,35.1,35.7
ED-0054,86,01:26,35.9,37.0,36.0,36.2,35.5,36.0,35.5,35.5,35.9,35.5,35.7,35.2
ED-0054,87,01:27,35.7,36.1,36.2,35.5,34.8,35.7,35.3,35.9,36.0,36.6,35.5,34.4
ED-0054,88,01:28,35.8,35.6,36.2,36.8,35.3,35.1,35.7,35.0,35.2,36.9,36.3,35.4
ED-0054,89,01:29,35.6,36.4,36.0,35.8,35.9,35.3,35.4,34.6,35.2,37.0,35.9,35.6
ED-0054,90,01:30,35.1,35.7,36.0,35.3,35.6,35.0,35.7,35.8,36.9,35.6,36.1,34.9
ED-0054,91,01:31,35.8,35.8,35.4,35.4,35.3,36.0,35.3,34.6,36.9,35.5,34.9,34.8
ED-0054,92,01:32,35.0,36.8,36.2,36.6,36.5,35.6,34.9,35.5,36.5,36.1,36.0,35.8
ED-0054,93,01:33,35.6,35.3,37.0,36.3,36.7,35.4,34.9,36.4,35.9,35.4,35.9,35.9
ED-0054,94,01:34,35.4,36.5,35.8,36.2,34.9,35.5,34.6,35.3,36.7,37.2,36.4,35.4
ED-0054,95,01:35,35.8,35.5,35.8,36.5,35.7,35.3,34.7,35.4,36.1,36.1,35.9,36.3
ED-0054,96,01:36,35.9,36.3,36.8,35.1,35.0,35.2,35.4,34.9,37.0,35.1,35.1,35.2
ED-0054,97,01:37,36.1,35.7,35.9,35.9,35.8,35.2,36.1,35.5,36.3,36.3,36.1,36.7
ED-0054,98,01:38,35.5,36.2,36.6,36.8,36.1,36.0,36.0,35.3,37.2,37.4,36.4,35.4
ED-0054,99,01:39,36.6,36.2,36.7,36.0,36.0,35.6,34.5,36.1,36.5,36.0,35.6,35.9
ED-0054,100,01:40,36.9,36.9,36.9,36.9,36.5,35.3,36.5,36.1,36.2,36.7,36.4,35.3
ED-0054,101,01:41,36.2,36.3,36.4,35.4,36.5,35.4,35.5,35.6,35.8,36.5,36.1,35.0
ED-0054,102,01:42,36.2,35.7,35.5,36.0,35.7,35.4,34.3,36.2,37.1,35.7,36.3,35.2
ED-0054,103,01:43,35.6,36.2,36.4,36.1,35.3,35.4,36.2,36.2,36.8,37.4,36.5,36.1
ED-0054,104,01:44,36.5,36.3,37.5,36.9,35.2,35.6,35.5,35.6,36.9,37.7,37.0,35.4
ED-0054,105,01:45,35.4,36.5,36.3,36.2,36.2,35.4,35.6,36.7,36.2,37.8,36.7,35.8
ED-0054,106,01:46,36.1,37.1,36.5,36.1,35.3,35.3,35.5,35.7,36.6,36.5,35.9,35.0
ED-0054,107,01:47,36.7,36.1,37.0,36.1,36.3,35.0,36.5,34.9,36.3,36.3,36.0,35.9
ED-0054,108,01:48,35.6,36.0,35.7,36.7,36.2,36.0,36.4,35.9,36.9,36.4,36.3,35.0
ED-0054,109,01:49,36.2,37.2,37.2,37.2,34.8,35.6,35.9,35.4,36.5,37.4,36.0,34.9
ED-0054,110,01:50,35.6,36.2,36.0,36.4,35.7,35.1,35.3,36.0,36.2,37.8,37.3,36.3
ED-0054,111,01:51,36.7,36.0,36.6,36.7,36.2,36.4,36.3,35.7,36.3,37.6,37.0,35.6
ED-0054,112,01:52,37.3,37.6,37.2,36.6,35.8,36.3,36.1,35.8,37.2,36.2,35.7,35.9
ED-0054,113,01:53,35.9,36.6,35.5,36.9,36.2,35.7,35.2,36.0,36.8,37.2,36.3,36.3
ED-0054,114,01:54,35.9,36.1,36.5,37.7,35.2,35.6,36.1,36.5,35.7,36.3,36.3,35.2
ED-0054,115,01:55,36.0,36.0,36.2,38.0,35.2,36.1,35.8,35.9,35.9,37.3,36.7,36.8
ED-0054,116,01:56,36.9,37.0,36.4,36.7,35.4,36.4,37.0,35.9,36.6,37.3,36.3,35.6
ED-0054,117,01:57,35.5,36.9,36.7,37.7,36.1,35.4,36.6,36.2,36.4,36.8,36.8,35.3
ED-0054,118,01:58,36.2,36.4,36.1,36.6,36.3,35.8,36.9,36.2,37.0,37.3,36.9,36.4
ED-0054,119,01:59,36.1,36.2,37.3,37.2,35.5,35.3,35.1,35.7,36.6,37.4,36.9,35.9
ED-0054,120,02:00,36.3,37.2,37.2,38.0,36.2,34.8,35.0,36.4,37.2,36.5,37.0,35.9
ED-0054,121,02:01,35.7,36.9,36.4,37.5,34.8,35.1,35.5,36.2,36.4,37.7,36.3,35.7
ED-0054,122,02:02,36.5,37.6,36.9,37.4,35.0,36.1,35.3,35.4,36.9,37.7,36.4,35.9
ED-0054,123,02:03,36.3,37.1,37.0,37.3,35.8,36.3,35.9,35.2,37.3,37.5,36.1,35.6
ED-0054,124,02:04,36.5,36.2,37.1,37.0,35.7,35.3,35.7,35.4,36.4,37.6,36.4,36.3
ED-0054,125,02:05,35.9,37.4,37.6,37.0,35.9,36.4,36.1,36.3,37.3,37.3,37.1,36.1
ED-0054,126,02:06,36.3,37.7,38.0,37.3,36.4,34.9,36.0,35.4,36.5,38.0,38.0,36.8
ED-0054,127,02:07,36.1,37.5,36.7,37.9,36.2,35.4,35.7,36.3,36.9,37.0,38.0,35.9
ED-0054,128,02:08,36.0,37.4,38.7,37.5,35.9,35.5,36.0,35.6,36.7,37.5,37.0,36.3
ED-0054,129,02:09,36.2,37.2,37.6,37.7,36.3,36.2,35.9,37.0,36.9,37.7,37.4,36.5
ED-0054,130,02:10,37.6,37.8,38.0,38.2,37.0,35.1,35.1,36.8,37.2,38.6,37.3,36.2
ED-0054,131,02:11,35.7,36.5,37.2,38.3,37.0,34.8,36.2,36.3,36.9,37.8,37.0,35.1
ED-0054,132,02:12,36.8,37.8,38.4,38.2,36.5,35.7,36.7,36.5,37.3,37.4,38.1,35.7
ED-0054,133,02:13,36.2,37.4,38.5,38.3,35.7,35.4,36.5,35.6,37.3,38.3,38.0,36.9
ED-0054,134,02:14,37.3,37.2,38.5,38.4,36.6,36.8,36.6,36.0,38.4,39.5,37.6,36.7
ED-0054,135,02:15,36.2,37.5,37.3,37.0,36.4,36.5,36.5,37.0,37.8,38.8,37.5,36.4
ED-0054,136,02:16,37.5,37.7,37.8,38.7,36.4,36.5,36.4,36.5,37.7,38.9,37.7,37.0
ED-0054,137,02:17,37.4,37.2,38.7,39.2,36.5,36.0,36.5,37.2,37.3,39.9,37.5,37.1
ED-0054,138,02:18,37.0,38.2,38.8,38.5,36.1,35.5,36.6,36.1,38.3,38.9,39.0,36.6
ED-0054,139,02:19,37.0,38.1,38.2,37.7,36.1,36.4,36.8,36.4,38.7,39.2,37.9,36.4
ED-0054,140,02:20,37.9,38.5,38.5,39.0,36.1,36.6,36.5,36.3,38.3,38.7,37.4,37.5
ED-0054,141,02:21,36.8,37.2,38.8,38.7,36.6,35.8,36.5,36.5,38.0,38.7,36.9,37.0
ED-0054,142,02:22,36.6,38.4,39.7,39.1,36.6,36.6,35.8,36.5,38.3,39.6,38.5,36.5
ED-0054,143,02:23,38.2,38.3,38.1,39.6,37.0,36.2,37.0,36.0,39.1,38.9,38.4,37.0
ED-0054,144,02:24,37.6,37.7,38.7,38.5,35.9,36.6,37.2,37.0,37.9,38.7,38.1,37.2
ED-0054,145,02:25,37.8,38.3,39.1,38.7,36.9,36.5,35.8,36.3,38.5,38.7,38.1,36.7
ED-0054,146,02:26,37.3,38.1,39.1,39.2,36.7,36.1,36.3,37.3,38.4,39.6,39.0,36.5
ED-0054,147,02:27,37.4,38.3,38.9,39.0,36.6,36.8,36.9,36.9,38.5,39.6,38.6,37.9
ED-0054,148,02:28,36.9,39.2,38.6,39.5,36.7,36.0,36.8,37.9,38.9,39.7,38.4,37.8
ED-0054,149,02:29,38.3,39.2,39.8,40.1,37.3,37.1,37.0,36.5,38.9,39.7,39.9,37.4
ED-0054,150,02:30,37.5,39.3,37.9,39.1,36.9,37.0,36.3,37.1,38.6,39.3,39.0,36.7
ED-0054,151,02:31,38.3,38.9,39.4,39.2,36.9,36.2,37.1,36.9,39.6,39.5,37.6,37.0
ED-0054,152,02:32,38.2,38.7,39.7,39.2,36.6,37.4,36.9,37.0,38.9,39.9,38.9,37.3
ED-0054,153,02:33,37.9,39.9,39.1,39.6,37.1,35.9,36.5,38.0,39.9,40.8,38.4,36.3
ED-0054,154,02:34,38.3,39.6,40.0,39.1,37.6,36.9,38.3,37.5,39.1,40.1,38.4,37.9
ED-0054,155,02:35,38.0,39.2,39.6,39.8,37.6,37.2,37.2,36.9,39.7,40.9,39.4,38.0
ED-0054,156,02:36,39.4,39.7,41.0,40.6,38.0,36.7,36.7,37.4,40.1,41.0,38.8,37.6
ED-0054,157,02:37,39.0,39.8,39.2,40.6,37.0,37.1,36.4,36.8,40.1,41.6,39.4,38.1
ED-0054,158,02:38,38.4,40.2,40.2,41.0,37.2,36.8,37.2,37.5,39.1,40.6,40.4,37.7
ED-0054,159,02:39,39.0,39.0,41.8,40.0,37.4,37.6,37.0,37.9,39.7,41.4,38.6,37.8
ED-0054,160,02:40,37.8,40.4,40.2,40.2,37.3,36.7,37.2,38.9,39.7,41.2,38.6,37.8
ED-0054,161,02:41,38.8,39.9,40.3,40.4,38.1,37.1,37.8,38.1,39.6,40.8,38.7,37.8
ED-0054,162,02:42,38.8,40.1,40.7,40.9,38.0,36.9,37.4,38.3,40.0,42.0,39.0,38.8
ED-0054,163,02:43,39.9,39.8,40.2,41.0,38.0,37.2,38.0,37.6,40.8,41.5,39.3,37.5
ED-0054,164,02:44,38.3,40.7,41.1,41.4,37.9,37.4,38.2,37.1,40.1,42.1,38.9,38.2
ED-0054,165,02:45,38.7,40.6,40.5,41.4,38.1,38.2,37.5,39.0,40.8,41.8,39.5,38.3
ED-0054,166,02:46,38.8,40.2,41.0,41.3,37.5,37.2,38.8,37.6,40.5,41.9,39.5,38.4
ED-0054,167,02:47,39.8,41.8,41.6,41.3,38.3,38.2,37.6,38.1,40.6,42.4,39.9,38.3
ED-0054,168,02:48,39.2,41.1,41.4,40.9,38.0,37.7,37.3,39.0,40.4,42.8,40.4,38.6
ED-0054,169,02:49,38.3,41.1,41.0,41.7,38.1,37.5,38.5,38.2,41.7,42.4,40.5,38.4
ED-0054,170,02:50,40.2,41.8,42.7,41.8,38.9,37.3,39.0,38.5,42.5,42.4,40.3,38.8
ED-0054,171,02:51,39.6,41.5,41.7,42.0,38.6,37.2,37.8,38.1,41.3,43.8,40.5,39.2
ED-0054,172,02:52,40.2,41.5,42.8,43.3,37.8,38.0,38.1,37.5,40.7,43.0,40.3,38.4
ED-0054,173,02:53,39.9,42.1,43.8,42.2,38.3,36.5,39.6,38.5,42.3,43.9,40.5,39.0
ED-0054,174,02:54,39.3,41.2,42.1,42.5,38.0,38.8,38.3,38.7,42.0,43.2,41.9,38.9
ED-0054,175,02:55,40.4,42.1,42.8,43.0,37.7,37.9,39.6,38.9,42.2,43.6,41.8,39.2
ED-0054,176,02:56,39.9,42.1,42.4,42.4,39.0,37.9,38.3,38.6,41.8,43.4,42.2,39.2
ED-0054,177,02:57,39.6,41.9,42.7,42.9,39.2,38.2,38.6,39.0,42.2,44.6,41.4,39.1
ED-0054,178,02:58,40.6,42.7,43.6,43.8,38.7,37.8,39.4,39.8,42.5,44.3,42.1,39.2
ED-0054,179,02:59,40.4,42.5,42.8,44.0,39.1,37.7,37.5,39.1,43.2,44.1,42.5,40.3
ED-0054,180,03:00,40.2,42.9,43.6,43.5,40.0,37.5,39.7,39.4,42.9,45.2,42.6,39.2
ED-0054,181,03:01,41.6,42.8,44.0,44.0,38.2,38.0,38.5,40.0,43.0,44.5,42.1,40.0
ED-0054,182,03:02,41.2,43.3,44.6,44.6,40.4,39.1,38.8,39.8,42.9,44.6,43.0,40.3
ED-0054,183,03:03,40.9,44.1,44.5,44.7,39.0,38.7,38.9,39.4,44.7,46.0,42.5,40.1
ED-0054,184,03:04,40.8,43.8,44.2,44.7,39.0,39.6,38.9,39.2,43.5,45.6,42.1,40.0
ED-0054,185,03:05,42.2,43.5,45.3,45.2,39.1,38.5,38.9,39.2,44.2,46.2,42.5,40.8
ED-0054,186,03:06,42.0,45.1,44.6,44.8,40.0,38.4,39.7,40.1,43.1,45.2,43.2,41.0
ED-0054,187,03:07,41.2,44.4,45.7,45.6,40.2,39.3,39.4,39.4,44.9,45.7,43.1,40.2
ED-0054,188,03:08,41.8,44.8,45.8,45.7,40.6,38.7,39.2,40.2,44.6,46.7,43.1,41.5
ED-0054,189,03:09,40.9,44.0,46.0,46.0,40.8,38.7,39.9,40.5,42.8,46.2,43.5,41.3
ED-0054,190,03:10,42.1,45.2,45.3,46.2,39.4,39.8,39.7,40.5,44.5,47.3,43.6,41.2
ED-0054,191,03:11,41.8,44.7,46.0,46.9,41.0,39.3,40.2,40.0,44.2,47.3,43.4,41.0
ED-0054,192,03:12,41.9,45.9,46.6,46.2,39.6,38.6,39.8,40.6,45.9,47.6,45.3,40.7
ED-0054,193,03:13,42.4,45.5,46.7,46.7,40.3,38.8,40.9,40.8,45.4,47.5,44.9,41.8
ED-0054,194,03:14,42.3,46.2,46.9,47.7,40.2,39.1,39.7,40.1,46.0,48.1,44.8,42.4
ED-0054,195,03:15,43.0,45.6,46.9,47.0,40.2,39.4,39.4,41.4,45.4,48.1,45.0,41.8
ED-0054,196,03:16,43.2,46.1,46.7,47.4,41.8,40.5,41.2,40.9,47.3,48.0,44.8,42.4
ED-0054,197,03:17,43.5,46.4,47.7,48.8,41.5,39.5,40.9,41.1,47.0,48.7,44.3,42.4
ED-0054,198,03:18,43.2,46.6,47.8,48.3,40.5,38.9,40.7,41.3,46.7,49.1,44.2,41.8
ED-0054,199,03:19,43.5,47.0,47.9,49.2,40.5,40.4,41.6,41.2,46.8,49.2,46.5,41.5
ED-0054,200,03:20,43.5,47.8,48.9,48.7,41.1,40.9,41.0,41.8,46.6,49.9,45.7,42.9
ED-0054,201,03:21,44.2,46.8,49.0,49.6,41.9,40.8,41.8,41.5,46.7,49.7,46.3,42.5
ED-0054,202,03:22,44.6,47.1,49.2,50.1,42.0,40.1,40.5,42.6,47.9,49.8,46.3,43.0
ED-0054,203,03:23,44.2,47.8,49.3,50.4,41.4,41.0,41.9,43.0,48.0,50.3,46.8,43.7
ED-0054,204,03:24,43.9,48.4,48.8,50.2,41.3,40.5,40.9,41.9,48.2,50.7,47.4,42.9
ED-0054,205,03:25,44.6,47.6,49.8,49.5,41.5,41.0,41.6,42.1,48.2,51.4,47.6,43.2
ED-0054,206,03:26,45.7,48.4,50.0,51.2,42.3,40.9,42.0,42.3,49.1,51.9,47.3,43.6
ED-0054,207,03:27,45.0,49.9,50.8,51.5,43.3,41.2,42.6,42.8,49.1,52.7,47.2,43.3
ED-0054,208,03:28,46.2,48.7,51.0,51.4,42.1,41.3,42.5,43.0,49.4,52.7,47.9,43.4
ED-0054,209,03:29,45.9,49.6,50.7,51.8,43.2,40.8,41.7,43.2,49.6,52.9,48.1,44.7
ED-0054,210,03:30,46.0,50.0,52.1,51.8,42.9,42.4,42.8,42.9,49.9,52.0,48.8,44.5
ED-0054,211,03:31,46.0,49.5,51.2,52.3,43.3,42.1,43.1,42.5,49.4,52.9,49.1,45.3
ED-0054,212,03:32,47.6,51.2,51.6,53.6,43.6,41.4,43.4,43.7,50.1,54.2,49.3,45.1
ED-0054,213,03:33,47.0,50.8,52.4,52.8,43.5,43.0,43.2,43.5,50.4,53.6,49.8,45.5
ED-0054,214,03:34,47.1,50.5,52.2,53.5,44.1,43.4,43.4,43.6,50.9,53.9,48.6,44.7
ED-0054,215,03:35,47.8,51.0,52.7,54.7,44.5,42.3,43.5,43.4,51.3,54.7,50.7,45.1
ED-0054,216,03:36,47.3,50.9,53.8,55.0,44.5,42.5,43.2,44.5,52.2,55.8,50.3,46.3
ED-0054,217,03:37,48.0,52.4,54.1,54.7,44.7,42.9,43.6,45.4,53.1,56.6,50.1,46.1
ED-0054,218,03:38,48.5,52.5,54.0,55.2,45.4,42.7,44.7,44.9,52.9,55.6,51.3,46.4
ED-0054,219,03:39,48.4,53.2,54.2,55.2,44.6,43.6,44.7,44.7,53.3,56.0,51.7,46.5
ED-0054,220,03:40,47.5,53.3,54.5,55.5,44.8,43.6,44.7,45.4,52.6,57.4,51.2,46.5
ED-0054,221,03:41,49.1,54.4,55.3,56.0,44.9,43.3,45.0,45.2,54.1,57.2,52.5,46.6
ED-0054,222,03:42,49.4,54.4,55.1,57.4,45.7,43.2,46.0,45.6,54.5,57.6,53.0,47.8
ED-0054,223,03:43,49.9,54.8,55.8,57.6,45.7,43.4,44.5,45.8,53.8,58.1,52.1,47.2
ED-0054,224,03:44,49.1,54.2,55.9,58.5,46.7,44.4,46.2,46.6,55.0,57.4,52.8,47.7
ED-0054,225,03:45,50.3,55.6,56.5,57.9,46.7,44.1,46.2,47.0,55.9,58.8,53.8,47.7
ED-0054,226,03:46,50.7,55.4,57.3,58.5,46.9,43.5,46.4,46.9,55.6,59.1,52.8,47.6
ED-0054,227,03:47,51.0,55.4,57.5,58.3,46.4,43.8,47.8,47.3,56.5,60.4,55.4,48.8
ED-0054,228,03:48,52.0,55.8,57.5,57.7,46.5,44.9,46.4,46.7,57.1,60.1,54.5,48.8
ED-0054,229,03:49,52.2,55.8,57.2,60.1,47.2,45.2,46.7,47.3,56.6,60.3,54.2,49.5
ED-0054,230,03:50,52.0,57.6,59.1,59.5,47.0,45.3,46.6,48.3,56.9,62.1,55.0,50.2
ED-0054,231,03:51,52.9,56.8,59.0,60.6,47.0,45.5,47.7,47.8,58.0,61.5,56.0,49.6
ED-0054,232,03:52,53.1,57.7,59.3,61.0,48.4,45.4,48.1,47.8,58.1,62.0,54.7,49.7
ED-0054,233,03:53,53.0,57.8,59.2,61.1,47.3,45.7,48.3,48.9,59.1,63.0,56.2,50.1
ED-0054,234,03:54,53.2,58.8,59.6,62.2,47.8,46.4,49.0,48.7,59.2,62.3,57.3,50.4
ED-0054,235,03:55,53.4,59.1,60.8,63.1,48.2,46.0,49.1,50.0,58.5,62.8,56.8,51.1
ED-0054,236,03:56,53.8,59.8,61.4,62.2,48.5,47.4,50.0,49.4,59.8,63.2,57.9,50.9
ED-0054,237,03:57,54.7,59.8,61.0,63.7,49.1,46.7,48.8,49.7,59.0,63.6,56.8,51.3
ED-0054,238,03:58,54.8,60.1,63.3,64.3,49.5,47.9,49.4,50.7,60.2,64.3,58.6,50.9
ED-0054,239,03:59,54.9,60.3,62.1,63.6,50.0,47.5,50.5,50.0,61.3,65.1,57.9,52.1
ED-0054,240,04:00,55.4,60.7,63.1,65.4,49.6,47.6,50.4,51.5,60.9,65.8,59.0,52.2
ED-0054,241,04:01,56.1,61.4,63.0,65.9,50.4,46.9,49.5,51.0,62.3,66.2,59.4,52.9
ED-0054,242,04:02,56.3,61.9,62.9,65.9,52.2,48.0,50.4,51.2,62.8,66.4,58.9,52.8
ED-0054,243,04:03,56.4,62.1,63.8,66.6,50.8,48.0,51.0,52.2,63.5,67.2,60.5,53.4
ED-0054,244,04:04,56.4,63.0,65.7,66.7,52.2,49.3,52.1,52.3,63.0,66.8,59.8,54.1
ED-0054,245,04:05,57.3,63.2,64.7,66.3,51.4,49.4,51.5,51.4,64.3,68.7,61.0,53.8
ED-0054,246,04:06,58.5,63.4,65.4,67.7,52.4,49.2,52.5,52.7,63.2,68.8,61.7,54.6
ED-0054,247,04:07,58.4,63.1,66.1,67.9,52.4,49.4,52.5,53.8,64.3,68.9,61.5,55.8
ED-0054,248,04:08,59.1,65.6,65.8,69.2,53.3,49.7,52.4,52.9,65.2,69.8,62.8,56.1
ED-0054,249,04:09,59.4,65.4,66.6,70.0,53.3,49.3,54.1,53.8,65.7,70.7,62.7,56.3
ED-0054,250,04:10,59.5,65.2,67.9,69.7,53.5,50.0,52.1,54.9,65.9,70.7,63.7,57.3
ED-0054,251,04:11,60.1,66.0,67.4,71.2,54.8,50.8,54.0,54.5,66.4,71.3,63.8,57.1
ED-0054,252,04:12,60.4,68.3,67.4,70.8,53.7,51.7,54.5,54.2,68.1,70.8,64.3,57.2
ED-0054,253,04:13,61.2,67.5,69.6,70.4,55.4,51.7,54.6,54.8,68.4,71.5,63.7,57.1
ED-0054,254,04:14,61.5,66.6,68.9,71.9,55.9,51.2,55.3,55.7,68.5,72.7,64.8,57.5
ED-0054,255,04:15,62.3,67.3,69.2,72.4,56.0,51.0,55.7,56.3,67.7,72.7,65.1,58.1
ED-0054,256,04:16,61.0,67.4,69.9,74.1,56.6,53.0,56.1,55.8,69.6,72.7,66.5,57.6
ED-0054,257,04:17,62.4,69.1,70.1,74.1,56.1,53.1,56.3,56.8,69.3,74.3,66.7,58.2
ED-0054,258,04:18,63.4,68.6,70.8,75.0,56.5,52.9,57.0,56.6,70.0,74.5,67.3,59.2
ED-0054,259,04:19,63.5,69.1,72.0,74.3,57.3,53.2,56.3,57.7,71.3,74.0,67.4,60.5
ED-0054,260,04:20,63.3,70.1,71.9,75.5,57.5,54.0,57.4,57.6,72.0,74.9,67.9,59.3
ED-0054,261,04:21,64.5,70.8,72.2,75.1,57.3,54.7,58.2,58.0,72.3,75.8,68.5,59.7
ED-0054,262,04:22,66.0,71.4,73.5,76.4,58.3,54.5,58.5,58.5,72.7,76.9,69.2,61.2
ED-0054,263,04:23,65.4,71.9,74.0,76.6,58.7,53.9,58.2,58.6,72.3,76.9,70.3,61.8
ED-0054,264,04:24,66.1,72.4,73.7,77.9,58.9,55.2,59.3,58.8,72.6,77.8,69.4,61.6
ED-0054,265,04:25,66.1,73.1,74.0,78.3,60.7,56.7,59.9,60.9,73.7,77.9,70.6,62.4
ED-0054,266,04:26,66.8,72.3,74.0,78.1,60.1,55.3,59.9,59.7,73.8,78.5,70.9,62.8
ED-0054,267,04:27,67.4,74.8,75.2,79.2,60.6,56.8,60.4,60.1,75.2,78.8,70.6,63.2
ED-0054,268,04:28,68.1,74.8,75.4,78.7,60.5,57.7,61.5,60.0,74.5,79.6,72.2,63.9
ED-0054,269,04:29,67.2,74.3,76.1,79.8,61.1,57.8,61.2,61.6,76.5,80.3,72.2,63.7
ED-0054,270,04:30,68.6,74.8,77.1,79.6,62.5,57.0,61.3,61.6,75.5,80.5,72.0,64.9
ED-0054,271,04:31,69.4,76.4,76.6,80.9,62.7,58.4,62.5,62.2,76.9,81.1,73.3,64.4
ED-0054,272,04:32,71.1,76.7,78.0,81.9,63.3,59.0,64.0,63.4,77.0,81.8,73.8,65.1
ED-0054,273,04:33,69.9,76.9,78.8,82.3,63.0,58.3,62.8,62.4,77.5,81.0,74.2,66.1
ED-0054,274,04:34,71.1,77.2,79.4,83.2,64.3,59.7,63.2,63.7,77.3,82.2,75.2,66.2
ED-0054,275,04:35,71.3,77.7,78.6,82.8,64.6,59.4,63.7,64.3,78.2,82.8,75.9,66.5
ED-0054,276,04:36,71.9,78.3,78.6,83.5,64.3,60.1,64.8,64.2,79.8,83.5,75.9,66.6
ED-0054,277,04:37,72.8,78.1,81.3,83.9,64.5,59.6,64.0,66.2,80.5,84.0,76.9,67.6
ED-0054,278,04:38,73.0,80.1,81.2,84.5,66.0,60.4,65.0,65.9,79.9,85.1,77.0,68.0
ED-0054,279,04:39,73.9,79.3,81.9,85.7,66.7,61.5,65.4,65.7,80.2,84.5,77.1,68.5
ED-0054,280,04:40,74.7,79.8,81.4,86.5,66.6,61.2,67.2,66.9,80.4,84.6,77.2,68.2
ED-0054,281,04:41,74.9,80.2,81.7,86.5,66.7,61.9,66.6,66.9,81.6,87.1,78.4,70.2
ED-0054,282,04:42,74.6,81.1,82.4,86.8,67.1,62.8,68.4,67.0,82.0,87.1,78.3,69.1
ED-0054,283,04:43,75.7,81.4,83.7,86.9,68.3,63.2,68.1,68.9,82.4,86.5,78.9,70.8
ED-0054,284,04:44,76.4,82.0,83.1,88.2,68.4,62.7,68.5,68.6,83.9,87.3,79.2,69.7
ED-0054,285,04:45,76.5,82.0,84.7,89.9,68.5,63.7,68.9,69.7,83.6,88.1,80.3,70.9
ED-0054,286,04:46,77.6,83.2,84.4,89.1,69.2,64.0,69.9,69.8,84.9,88.2,79.5,72.2
ED-0054,287,04:47,77.9,84.3,84.5,89.0,70.8,64.1,71.1,70.6,84.4,89.3,80.6,71.6
ED-0054,288,04:48,77.7,83.9,85.6,90.9,71.3,64.9,71.3,70.1,85.3,89.5,81.5,73.1
ED-0054,289,04:49,78.5,85.1,85.7,89.7,71.4,64.8,71.9,71.8,85.6,90.1,81.8,73.0
ED-0054,290,04:50,78.8,85.3,85.5,91.2,71.7,65.8,71.6,72.0,86.4,89.2,83.1,73.9
ED-0054,291,04:51,78.6,85.1,87.0,91.2,72.8,66.8,72.2,72.2,86.6,90.2,83.1,74.1
ED-0054,292,04:52,80.2,86.0,86.8,92.2,72.5,66.9,73.9,72.5,86.2,90.8,82.9,74.0
ED-0054,293,04:53,81.2,86.7,87.4,92.3,72.5,67.7,72.8,73.6,86.8,91.4,85.0,75.0
ED-0054,294,04:54,82.0,86.7,87.6,93.4,74.0,68.5,73.7,73.0,88.4,91.7,83.9,75.3
ED-0054,295,04:55,81.4,88.0,89.0,93.7,73.9,68.7,74.3,75.5,88.2,92.1,84.9,75.9
ED-0054,296,04:56,82.2,88.1,88.2,93.8,75.0,69.0,74.8,75.5,88.3,92.3,85.9,77.2
ED-0054,297,04:57,82.6,88.9,89.0,94.4,75.0,69.4,75.4,74.4,89.3,92.9,85.9,76.4
ED-0054,298,04:58,84.0,88.0,89.5,95.1,75.3,70.0,76.2,75.8,90.6,93.5,86.0,77.2
ED-0054,299,04:59,83.7,89.1,90.5,95.6,76.3,69.9,77.3,75.3,90.8,94.2,85.7,78.3
ED-0054,300,05:00,84.6,89.5,90.2,95.7,76.7,70.5,76.7,78.0,90.6,94.6,86.8,77.9
ED-0054,301,05:01,85.4,91.2,91.1,96.2,77.6,70.6,77.4,76.6,91.5,94.5,86.3,78.7
ED-0054,302,05:02,84.7,89.7,91.5,95.9,78.1,71.2,77.9,77.4,91.1,94.3,88.6,79.6
ED-0054,303,05:03,86.2,90.3,91.2,97.5,77.5,73.2,79.0,78.1,91.7,96.2,88.4,79.3
ED-0054,304,05:04,86.2,90.9,91.2,97.5,79.2,72.8,78.9,78.8,91.3,95.5,88.9,79.8
ED-0054,305,05:05,86.8,92.1,92.0,98.5,80.0,74.0,79.9,79.4,92.3,96.3,88.7,80.1
ED-0054,306,05:06,87.8,91.5,92.6,98.6,80.2,74.1,80.9,79.8,93.1,96.2,88.9,81.3
ED-0054,307,05:07,89.3,93.1,92.9,98.8,80.8,73.6,80.9,79.1,93.9,97.7,89.6,82.4
ED-0054,308,05:08,88.2,92.8,92.9,99.4,80.3,74.6,81.9,81.4,94.4,96.9,89.8,81.2
ED-0054,309,05:09,88.6,93.5,93.0,99.8,81.5,75.0,82.6,81.0,92.8,97.8,90.1,81.8
ED-0054,310,05:10,90.0,92.9,93.9,100.0,81.5,75.8,82.2,81.7,94.9,98.6,90.1,82.5
ED-0054,311,05:11,89.3,94.5,94.5,100.9,82.5,77.0,83.0,81.9,95.6,97.8,91.6,82.5
ED-0054,312,05:12,90.2,94.5,94.3,100.7,82.7,77.1,83.7,82.5,95.4,98.9,92.0,84.0
ED-0054,313,05:13,90.8,94.1,94.6,100.8,84.0,77.0,84.0,83.0,96.3,98.8,92.1,84.3
ED-0054,314,05:14,91.6,95.0,96.6,102.0,84.3,77.5,84.1,83.9,96.4,99.6,92.4,85.3
ED-0054,315,05:15,91.6,95.7,95.6,102.6,83.8,77.7,85.5,83.9,96.4,99.9,92.2,86.0
ED-0054,316,05:16,92.7,95.9,95.5,102.6,85.1,78.5,85.5,84.1,96.7,99.8,93.6,86.2
ED-0054,317,05:17,92.4,96.3,94.8,104.0,85.3,78.6,86.1,84.7,97.2,101.2,94.0,85.4
ED-0054,318,05:18,93.9,96.7,96.4,102.8,86.8,79.0,87.0,85.4,97.6,100.7,94.6,85.6
ED-0054,319,05:19,92.7,95.8,95.9,104.4,87.3,79.4,87.7,85.8,97.7,101.4,93.9,86.6
ED-0054,320,05:20,94.5,96.8,97.1,104.6,86.7,80.2,88.2,87.0,98.7,101.0,94.5,87.5
ED-0054,321,05:21,93.7,97.7,98.0,103.5,87.7,80.6,87.9,86.9,98.1,101.8,94.2,87.4
ED-0054,322,05:22,95.3,97.7,98.3,105.3,88.2,81.4,89.7,86.3,99.2,101.8,95.3,88.3
ED-0054,323,05:23,94.7,97.9,97.5,105.0,89.2,81.3,89.2,88.3,100.0,102.7,94.5,88.2
ED-0054,324,05:24,96.2,97.6,98.3,105.2,88.6,82.4,89.9,88.3,99.2,103.0,95.3,89.5
ED-0054,325,05:25,95.9,99.3,98.5,106.3,90.0,83.4,90.6,88.8,99.7,102.3,96.2,88.9
ED-0054,326,05:26,96.7,99.3,98.8,106.4,89.1,83.4,91.1,89.2,100.6,103.4,96.6,89.1
ED-0054,327,05:27,96.7,99.0,99.5,106.5,90.4,83.9,91.5,88.7,100.6,104.1,95.8,90.3
ED-0054,328,05:28,97.7,100.9,99.4,106.4,90.6,83.7,90.9,89.2,101.6,103.8,96.2,90.1
ED-0054,329,05:29,98.0,99.5,99.9,106.7,90.3,85.1,91.8,90.3,102.1,103.0,97.5,90.7
ED-0054,330,05:30,98.1,99.5,100.2,108.0,91.4,84.8,92.3,91.2,101.2,104.3,97.4,91.0
ED-0054,331,05:31,97.6,100.3,99.9,108.6,92.2,84.7,93.0,91.5,101.7,103.3,97.5,91.7
ED-0054,332,05:32,98.6,101.0,100.1,107.6,92.4,85.8,94.0,91.0,101.7,105.0,98.2,92.2
ED-0054,333,05:33,99.5,101.7,100.5,108.5,93.3,85.3,94.5,91.1,102.7,104.0,97.7,91.5
ED-0054,334,05:34,100.1,101.4,100.9,108.5,93.5,85.8,94.7,91.9,102.7,104.8,98.8,92.2
ED-0054,335,05:35,99.7,102.2,101.1,109.2,93.6,86.4,95.3,92.6,103.0,104.9,98.9,92.5
ED-0054,336,05:36,99.6,101.7,101.2,109.0,94.3,87.5,95.5,93.9,102.4,105.5,99.2,92.1
ED-0054,337,05:37,100.6,102.2,101.8,109.5,95.0,88.3,96.4,93.3,103.3,105.0,100.1,93.1
ED-0054,338,05:38,100.6,102.4,101.4,109.9,95.4,88.6,96.1,93.9,103.6,106.3,98.6,93.0
ED-0054,339,05:39,101.9,102.2,103.5,109.9,95.0,89.1,96.9,93.8,104.7,106.6,100.0,94.9
ED-0054,340,05:40,102.2,103.6,102.8,111.0,95.9,88.9,97.3,94.2,104.0,106.5,100.7,94.7
ED-0054,341,05:41,102.4,103.5,102.7,109.8,96.4,89.3,97.2,95.4,104.4,106.9,101.2,95.1
ED-0054,342,05:42,102.1,104.4,102.3,109.8,97.1,89.5,98.6,95.2,105.5,106.4,102.4,94.4
ED-0054,343,05:43,102.3,103.4,102.3,110.6,96.2,90.2,98.3,96.2,105.0,106.3,100.7,95.7
ED-0054,344,05:44,102.8,104.1,103.4,111.5,97.8,91.2,98.4,95.1,104.8,107.3,102.1,96.0
ED-0054,345,05:45,103.2,104.5,103.3,111.5,99.2,90.5,99.4,95.5,107.0,107.3,100.7,96.0
ED-0054,346,05:46,103.0,104.7,103.9,112.0,98.2,91.0,100.3,95.9,105.8,107.1,101.5,95.1
ED-0054,347,05:47,103.8,105.0,103.6,111.0,98.6,91.9,100.5,96.8,106.1,107.7,102.3,96.9
ED-0054,348,05:48,104.4,104.7,103.1,112.1,98.4,92.7,100.9,98.2,106.0,107.5,101.3,96.5
ED-0054,349,05:49,103.8,104.8,103.6,112.8,99.6,92.5,101.0,98.0,107.2,108.1,102.5,96.6
ED-0054,350,05:50,105.0,105.7,104.6,113.1,100.1,92.4,100.7,98.0,106.7,107.6,102.7,96.7
ED-0054,351,05:51,104.2,104.7,104.2,112.6,100.0,93.0,101.4,98.8,106.9,109.3,103.1,96.4
ED-0054,352,05:52,105.0,105.3,104.8,113.1,100.0,93.1,101.5,99.2,106.8,108.8,103.0,97.2
ED-0054,353,05:53,105.8,105.8,104.5,112.9,100.1,93.8,102.6,98.5,107.4,108.7,104.2,97.2
ED-0054,354,05:54,105.5,106.8,104.6,113.3,100.9,93.2,103.4,100.0,108.1,109.1,103.3,97.6
ED-0054,355,05:55,105.5,106.0,105.5,113.9,101.6,93.5,103.6,99.4,108.4,109.6,103.8,98.7
ED-0054,356,05:56,107.1,106.7,104.8,115.1,101.6,95.1,104.7,100.3,108.2,109.1,104.0,98.3
ED-0054,357,05:57,106.4,106.8,104.5,114.6,101.6,94.8,104.2,100.8,107.7,109.6,104.1,99.4
ED-0054,358,05:58,106.2,106.7,105.7,114.4,102.5,96.0,105.0,100.4,107.7,109.5,104.8,98.6
ED-0054,359,05:59,107.4,108.0,105.5,113.6,102.9,95.9,104.4,101.5,108.9,109.2,104.4,97.9
ED-0054,360,06:00,107.9,106.9,106.7,114.9,102.3,95.5,105.0,100.8,109.4,110.4,105.3,100.0
ED-0054,361,06:01,107.6,106.9,105.4,115.4,102.9,96.3,105.4,101.7,108.6,109.3,105.3,99.6
ED-0054,362,06:02,108.4,107.7,104.9,114.1,103.7,97.2,105.4,102.5,109.9,109.9,105.4,100.9
ED-0054,363,06:03,107.6,108.1,106.4,114.3,103.5,96.5,105.9,102.3,108.4,110.1,105.8,99.7
ED-0054,364,06:04,109.0,107.6,106.1,116.2,104.0,97.6,105.9,101.6,109.7,110.3,105.6,101.1
ED-0054,365,06:05,108.4,107.4,107.1,116.2,103.9,97.4,107.0,102.2,109.1,109.9,105.1,101.6
ED-0054,366,06:06,108.8,108.2,107.5,115.8,104.0,99.3,106.7,102.7,110.2,111.2,105.1,100.6
ED-0054,367,06:07,108.5,109.2,105.9,115.5,105.3,98.0,107.3,102.4,109.7,110.5,106.3,101.3
ED-0054,368,06:08,109.0,108.3,106.8,116.0,105.5,98.2,108.9,102.6,109.6,110.6,107.2,101.7
ED-0054,369,06:09,109.4,108.5,106.6,116.4,105.6,98.4,106.2,103.3,110.2,111.9,105.8,101.3
ED-0054,370,06:10,109.8,108.0,105.8,115.6,105.1,99.4,108.9,104.2,109.3,110.8,106.6,101.2
ED-0054,371,06:11,109.5,108.6,107.3,116.3,105.6,99.3,108.2,103.6,110.0,110.7,106.2,103.1
ED-0054,372,06:12,109.9,108.7,106.7,117.2,106.3,99.5,109.1,103.7,110.9,111.8,106.3,101.7
ED-0054,373,06:13,109.6,109.0,106.8,116.6,106.3,99.7,108.5,103.7,110.5,110.9,106.4,101.4
ED-0054,374,06:14,110.5,109.0,107.6,116.4,107.1,100.1,109.1,104.9,111.4,111.4,107.0,102.5
ED-0054,375,06:15,110.4,109.1,108.5,116.4,106.5,100.1,109.2,104.7,111.0,112.0,107.3,102.2
ED-0054,376,06:16,109.6,109.5,108.1,116.7,106.8,100.1,111.6,105.4,110.5,111.1,106.8,102.1
ED-0054,377,06:17,111.0,109.6,108.4,117.1,108.3,100.6,111.0,105.9,111.4,112.1,106.9,102.7
ED-0054,378,06:18,110.9,109.0,108.4,116.4,107.2,101.2,110.0,106.0,111.3,113.1,106.9,103.6
ED-0054,379,06:19,111.3,109.9,108.2,117.3,107.2,101.7,110.9,105.1,110.8,111.6,106.6,103.4
ED-0054,380,06:20,110.8,110.3,108.3,118.2,108.4,101.6,110.3,105.9,110.9,111.5,107.9,102.9
ED-0054,381,06:21,112.0,110.3,107.9,116.9,107.9,101.5,111.0,106.0,110.8,112.2,106.7,103.4
ED-0054,382,06:22,110.9,110.3,107.6,117.5,107.9,102.4,111.1,106.4,112.6,112.5,107.5,104.1
ED-0054,383,06:23,112.2,110.5,108.8,117.2,108.3,102.9,111.0,105.7,111.8,112.2,108.2,105.0
ED-0054,384,06:24,111.3,110.4,109.3,117.0,109.2,103.5,110.8,106.3,112.4,113.2,108.0,103.2
ED-0054,385,06:25,112.5,110.4,108.4,118.4,109.8,102.8,112.4,105.8,112.0,113.5,107.9,104.6
ED-0054,386,06:26,112.5,110.7,108.3,118.3,108.5,103.3,111.5,106.3,112.2,112.4,107.5,103.9
ED-0054,387,06:27,112.3,110.7,109.4,117.5,110.3,103.1,112.1,107.6,112.7,112.9,108.0,105.2
ED-0054,388,06:28,112.4,111.3,108.0,117.3,110.0,102.1,112.3,107.5,112.9,113.4,107.8,104.8
ED-0054,389,06:29,112.4,111.1,108.9,118.1,109.4,103.7,112.2,107.1,112.5,113.3,107.9,104.2
ED-0054,390,06:30,112.5,110.5,108.9,118.9,109.7,103.6,113.1,107.8,112.3,112.9,108.3,103.9
ED-0054,391,06:31,113.5,110.6,108.2,118.7,110.2,104.0,113.4,107.5,112.9,113.1,109.5,104.3
ED-0054,392,06:32,112.9,111.1,108.5,119.5,110.5,104.3,112.5,108.7,113.4,112.5,109.1,105.5
ED-0054,393,06:33,112.9,111.6,109.1,118.3,110.6,104.2,113.1,109.0,113.1,113.4,108.4,105.9
ED-0054,394,06:34,113.1,110.6,109.4,118.8,110.7,103.4,113.9,108.2,112.9,113.3,108.7,105.2
ED-0054,395,06:35,113.3,110.7,109.6,118.5,110.5,104.3,113.5,107.8,113.0,114.6,108.7,106.3
ED-0054,396,06:36,113.3,110.9,109.6,117.7,111.4,104.1,114.3,108.8,112.8,113.0,107.5,105.6
ED-0054,397,06:37,114.2,111.6,109.7,118.5,111.0,104.0,113.3,108.9,112.7,112.7,109.1,105.1
ED-0054,398,06:38,113.6,111.2,109.7,118.5,111.3,105.3,114.8,108.0,113.7,113.4,109.7,105.2
ED-0054,399,06:39,113.5,112.2,109.9,118.3,111.0,105.5,114.3,108.0,113.0,113.5,109.0,105.5
ED-0054,400,06:40,114.6,111.6,109.2,119.7,111.3,104.8,114.3,108.7,113.5,113.9,109.8,106.2
ED-0054,401,06:41,114.1,111.2,109.8,118.7,111.6,104.8,114.8,108.8,112.8,114.5,108.9,106.6
ED-0054,402,06:42,112.6,111.9,109.8,118.5,111.5,105.3,114.6,109.5,113.5,113.8,109.3,105.2
ED-0054,403,06:43,113.9,112.2,110.0,119.9,111.2,104.9,115.0,109.6,113.3,114.2,109.6,106.3
ED-0054,404,06:44,114.4,112.6,109.7,118.5,112.1,105.7,114.6,110.1,113.4,113.9,109.5,105.6
ED-0054,405,06:45,115.4,111.4,109.6,118.8,112.1,106.4,115.3,108.6,113.6,114.1,109.3,106.0
ED-0054,406,06:46,114.4,112.8,110.2,119.4,112.2,106.5,115.5,108.9,114.5,113.9,110.0,106.5
ED-0054,407,06:47,114.8,111.7,110.0,119.9,112.8,105.8,115.4,110.6,114.0,113.0,109.4,106.8
ED-0054,408,06:48,114.5,111.7,109.6,119.0,111.6,104.9,116.3,110.1,114.7,114.1,109.6,106.6
ED-0054,409,06:49,115.6,112.4,109.5,118.7,112.1,106.5,115.8,110.7,113.6,114.1,109.6,106.2
ED-0054,410,06:50,115.3,112.8,110.5,119.6,113.3,106.3,116.2,109.1,114.1,113.4,111.1,107.3
ED-0054,411,06:51,114.4,112.1,110.5,119.7,111.5,106.8,116.4,110.0,114.7,114.3,109.2,106.8
ED-0054,412,06:52,114.8,113.5,110.1,119.7,113.2,105.9,116.2,110.4,113.9,114.4,109.7,106.8
ED-0054,413,06:53,114.1,111.7,110.5,119.4,112.4,106.6,117.0,111.4,115.0,114.6,110.4,106.8
ED-0054,414,06:54,115.4,112.8,109.2,119.2,113.9,106.1,116.8,109.9,114.0,114.6,110.1,107.1
ED-0054,415,06:55,115.4,112.2,110.5,119.7,113.5,106.3,117.0,110.6,115.1,114.4,110.1,107.5
ED-0054,416,06:56,115.7,112.8,109.4,120.8,113.0,107.4,117.6,111.0,114.7,114.3,111.0,106.7
ED-0054,417,06:57,115.6,113.1,110.4,119.8,114.3,106.9,117.1,111.0,115.3,115.0,109.8,108.4
ED-0054,418,06:58,115.2,111.5,111.0,120.1,113.8,106.7,116.6,110.2,115.4,113.6,110.9,107.1
ED-0054,419,06:59,115.9,112.9,110.7,120.7,114.5,107.1,116.3,111.6,114.1,114.3,110.7,107.2
ED-0054,420,07:00,116.2,112.7,110.4,120.9,113.8,107.4,117.4,110.5,114.6,114.9,110.1,108.5
ED-0054,421,07:01,115.9,113.0,110.4,120.7,113.5,107.7,117.0,110.5,114.3,114.6,110.9,107.7
ED-0054,422,07:02,115.0,112.8,111.2,120.2,114.0,108.2,117.8,112.0,114.6,114.6,110.2,106.4
ED-0054,423,07:03,116.5,113.0,110.4,120.4,114.5,107.9,116.9,111.0,114.7,114.9,109.6,107.8
ED-0054,424,07:04,115.8,112.4,110.4,120.9,113.9,107.8,117.3,110.1,115.2,115.1,110.9,107.8
ED-0054,425,07:05,117.7,112.2,109.9,119.3,113.0,108.1,117.9,111.4,115.0,115.0,109.6,108.7
ED-0054,426,07:06,116.6,113.2,110.4,120.7,114.6,108.3,117.4,111.5,115.7,114.8,112.0,107.9
ED-0054,427,07:07,115.5,113.1,110.4,121.0,114.5,108.1,117.5,111.4,115.0,114.0,110.9,107.6
ED-0054,428,07:08,115.3,113.1,110.5,120.4,114.9,109.3,118.1,112.7,114.3,115.2,111.5,108.2
ED-0054,429,07:09,116.5,113.5,110.6,121.6,114.8,108.1,117.1,111.0,114.4,115.3,111.7,107.8
ED-0054,430,07:10,117.2,113.3,111.2,120.6,114.5,108.2,118.0,110.9,114.9,114.9,111.4,108.1
ED-0054,431,07:11,116.6,113.7,111.0,121.6,115.3,107.8,117.5,113.0,114.8,115.7,111.8,107.6
ED-0054,432,07:12,116.7,112.9,111.0,120.8,114.5,108.6,118.6,111.7,115.2,115.0,111.1,108.6
ED-0054,433,07:13,116.1,113.3,112.0,120.6,114.7,108.4,118.6,111.9,114.1,114.8,111.2,108.1
ED-0054,434,07:14,116.0,112.8,111.5,121.0,114.1,108.8,118.5,111.0,115.2,116.2,111.4,109.0
ED-0054,435,07:15,116.5,114.0,110.5,120.5,115.2,109.1,117.9,112.4,115.8,115.2,110.7,106.6
ED-0054,436,07:16,116.9,114.5,110.5,121.4,115.2,109.4,118.3,111.1,115.1,115.7,110.8,108.9
ED-0054,437,07:17,116.5,113.1,110.7,120.1,115.8,109.0,118.8,112.6,116.2,114.5,111.5,109.2
ED-0054,438,07:18,116.5,113.7,110.9,120.3,115.2,109.4,119.2,111.5,115.6,114.8,111.4,108.6
ED-0054,439,07:19,117.5,113.3,110.9,120.8,115.3,109.5,118.2,112.1,114.7,114.9,111.4,108.6
ED-0054,440,07:20,116.2,113.4,112.2,120.7,114.5,108.6,119.3,113.0,115.1,115.4,110.7,108.3
ED-0054,441,07:21,117.8,113.9,111.8,120.8,115.1,109.2,119.6,112.4,115.1,114.9,111.6,109.4
ED-0054,442,07:22,117.1,113.4,111.1,121.0,115.0,109.7,119.3,112.7,114.7,114.8,111.3,109.4
ED-0054,443,07:23,117.0,113.3,111.7,121.4,115.6,109.1,118.2,112.3,115.7,115.0,111.8,109.5
ED-0054,444,07:24,116.2,113.7,110.7,121.6,115.2,109.9,118.4,112.6,115.7,114.6,110.4,108.7
ED-0054,445,07:25,116.8,113.1,112.2,120.1,115.4,110.1,119.0,112.6,115.2,115.2,111.3,108.6
ED-0054,446,07:26,116.6,114.0,112.4,120.6,115.8,109.1,119.1,113.3,115.2,116.0,110.8,109.4
ED-0054,447,07:27,116.4,113.9,111.6,121.4,116.0,109.3,119.2,112.2,115.3,115.4,110.3,108.6
ED-0054,448,07:28,117.4,112.8,111.7,121.2,114.4,109.1,119.3,112.3,114.9,115.6,111.6,108.0
ED-0054,449,07:29,117.2,112.9,111.2,122.1,116.2,110.4,119.5,112.7,115.3,114.8,111.5,108.8
ED-0054,450,07:30,117.5,114.6,111.3,121.9,115.0,109.5,119.6,112.5,115.3,115.7,111.1,109.4
ED-0054,451,07:31,117.8,114.2,111.5,120.1,116.0,110.3,119.9,112.7,115.3,115.4,111.0,108.6
ED-0054,452,07:32,117.6,113.5,111.1,121.0,115.5,110.0,120.5,112.5,115.4,114.9,111.8,108.9
ED-0054,453,07:33,118.0,113.9,111.8,121.4,116.3,110.1,119.8,112.4,116.1,115.4,111.4,108.1
ED-0054,454,07:34,117.4,113.1,110.9,121.4,115.8,110.1,119.1,112.7,115.5,114.9,111.9,109.2
ED-0054,455,07:35,117.0,112.7,111.8,120.6,116.1,109.5,119.8,112.8,115.3,115.0,112.4,108.7
ED-0054,456,07:36,117.6,114.9,111.0,122.2,116.0,109.3,119.4,112.5,115.3,116.1,111.3,108.6
ED-0054,457,07:37,116.7,113.9,111.2,121.2,116.5,110.3,120.7,113.2,115.5,115.3,111.6,108.7
ED-0054,458,07:38,116.7,113.8,111.7,121.9,116.2,109.8,120.0,113.3,115.9,114.8,111.5,108.6
ED-0054,459,07:39,117.6,113.8,112.0,121.2,116.0,110.0,119.9,113.0,115.9,115.7,111.6,109.5
ED-0054,460,07:40,117.3,114.2,111.2,120.7,116.0,110.4,120.6,113.6,115.8,115.6,110.7,110.2
ED-0054,461,07:41,116.9,114.0,112.1,120.7,115.0,108.8,120.5,113.2,115.7,115.9,111.7,108.9
ED-0054,462,07:42,118.1,114.8,111.9,122.5,116.6,110.4,120.4,113.0,115.8,115.6,111.3,109.3
ED-0054,463,07:43,117.7,114.2,112.1,121.1,116.1,110.7,119.3,113.6,116.0,115.7,112.3,109.0
ED-0054,464,07:44,117.1,115.0,112.1,121.8,115.6,109.8,120.0,114.2,116.5,115.5,111.8,109.0
ED-0054,465,07:45,118.9,114.1,111.3,121.1,115.8,109.9,120.0,113.6,115.8,115.5,111.7,109.9
ED-0054,466,07:46,117.0,113.3,111.3,121.6,115.7,110.3,119.6,113.5,115.5,114.4,112.0,109.7
ED-0054,467,07:47,116.5,114.0,111.2,121.3,116.4,110.6,119.6,113.6,115.5,116.4,111.0,108.7
ED-0054,468,07:48,117.6,113.3,111.6,121.2,115.9,109.8,121.3,112.1,116.4,114.7,111.8,110.2
ED-0054,469,07:49,117.2,114.6,111.5,121.1,115.8,109.8,120.2,113.1,114.8,116.2,112.1,109.0
ED-0054,470,07:50,117.7,114.9,111.3,121.4,116.7,111.2,120.2,113.7,116.2,115.4,110.7,110.0
ED-0054,471,07:51,117.6,113.1,111.4,122.0,115.6,111.4,119.8,113.4,115.0,116.5,111.9,110.2
ED-0054,472,07:52,117.7,114.9,111.9,121.8,116.7,111.2,120.0,113.1,115.8,115.5,112.0,109.0
ED-0054,473,07:53,118.3,113.9,112.2,120.7,116.7,110.6,120.0,113.1,116.6,115.4,110.5,109.0
ED-0054,474,07:54,118.3,113.2,111.8,121.7,116.9,110.2,119.9,113.4,115.8,116.8,111.8,109.2
ED-0054,475,07:55,117.4,114.3,112.4,121.5,116.9,111.0,119.7,114.1,116.1,115.2,111.5,110.0
ED-0054,476,07:56,118.2,114.6,111.3,121.1,117.2,111.0,120.6,112.8,116.5,116.4,112.3,109.7
ED-0054,477,07:57,117.3,114.0,111.4,121.0,116.1,110.5,120.0,113.8,115.7,114.1,111.9,109.3
ED-0054,478,07:58,117.6,114.3,112.3,121.2,116.0,110.9,120.5,112.9,115.4,115.7,112.7,110.2
ED-0054,479,07:59,117.4,114.1,112.3,121.6,116.2,110.5,121.6,113.8,115.9,115.8,112.1,109.8
ED-0054,480,08:00,117.9,114.6,111.9,120.7,116.5,111.0,119.7,113.4,115.4,115.4,111.9,110.2
ED-0054,481,08:01,118.1,113.9,111.7,121.6,116.4,110.0,120.9,113.0,115.9,115.0,111.9,108.8
ED-0054,482,08:02,117.5,113.4,111.7,121.7,117.6,110.8,120.6,113.3,115.4,115.5,112.0,109.2
ED-0054,483,08:03,117.4,116.0,112.2,120.8,116.6,110.4,120.1,113.7,116.0,116.7,112.3,109.1
ED-0054,484,08:04,118.1,114.7,112.7,121.4,116.7,111.1,120.6,114.0,116.9,116.0,112.5,108.9
ED-0054,485,08:05,118.5,114.0,111.6,121.4,117.4,111.2,120.9,113.6,115.3,115.9,112.3,109.1
ED-0054,486,08:06,118.1,114.4,111.8,122.7,117.3,110.6,121.2,113.3,115.1,116.3,112.6,108.7
ED-0054,487,08:07,117.3,112.9,112.1,122.8,116.7,110.5,121.2,113.2,116.3,115.5,112.3,109.8
ED-0054,488,08:08,118.6,115.7,111.2,122.2,116.7,111.3,120.7,113.2,116.1,115.9,111.5,110.2
ED-0054,489,08:09,118.1,113.6,111.6,121.6,117.9,110.8,119.7,114.2,116.1,116.4,111.2,110.3
ED-0054,490,08:10,118.2,114.4,111.9,121.8,116.8,111.2,120.5,113.5,116.5,115.5,112.4,110.3
ED-0054,491,08:11,118.1,114.0,112.2,121.0,116.9,110.0,120.5,113.6,115.5,115.1,112.5,109.7
ED-0054,492,08:12,118.2,114.4,111.5,121.1,117.1,110.4,121.1,114.3,115.7,116.2,112.9,110.3
ED-0054,493,08:13,117.6,115.4,112.0,121.3,116.8,111.5,120.4,114.4,116.0,115.3,112.8,109.1
ED-0054,494,08:14,118.7,114.0,112.0,122.2,116.4,110.1,120.3,114.0,116.2,115.8,111.9,110.6
ED-0054,495,08:15,117.3,114.5,111.3,121.5,117.1,110.3,120.5,112.9,116.2,115.3,112.3,109.9
ED-0054,496,08:16,117.9,114.0,111.4,121.7,117.4,111.6,121.0,113.7,116.4,115.5,112.2,109.0
ED-0054,497,08:17,118.2,115.0,112.3,122.4,117.3,111.5,120.0,113.6,116.5,115.8,112.3,109.4
ED-0054,498,08:18,117.5,114.4,111.7,121.6,116.3,110.7,121.0,113.4,116.1,115.1,111.5,110.1
ED-0054,499,08:19,118.4,115.4,110.8,121.4,116.7,110.5,121.2,113.5,116.5,115.2,111.5,109.7
ED-0054,500,08:20,118.1,114.3,112.4,121.8,117.2,110.5,120.7,114.0,116.1,116.3,111.8,110.2
ED-0054,501,08:21,117.9,113.9,112.1,121.7,116.9,111.0,121.2,113.9,116.5,118.2,113.1,110.4
ED-0054,502,08:22,117.9,114.0,112.0,120.7,117.3,111.8,120.8,114.8,116.1,120.0,111.8,109.2
ED-0054,503,08:23,119.6,114.0,112.2,122.0,116.8,111.1,122.1,112.4,115.8,120.0,112.3,109.4
ED-0054,504,08:24,117.2,115.3,114.5,121.4,117.1,111.0,121.5,114.1,116.2,121.6,111.9,109.6
ED-0054,505,08:25,117.8,114.5,116.0,122.0,117.2,111.4,121.6,114.6,115.8,122.4,111.9,109.3
ED-0054,506,08:26,117.7,114.2,116.9,121.3,116.7,110.9,120.8,113.3,116.0,123.0,112.6,110.2
ED-0054,507,08:27,116.9,114.9,117.4,124.8,116.9,111.9,120.5,114.8,116.0,123.5,112.5,110.0
ED-0054,508,08:28,118.2,114.4,116.7,125.2,116.8,110.2,121.2,113.6,116.9,124.3,111.1,109.7
ED-0054,509,08:29,118.3,114.6,118.8,127.0,117.4,110.4,120.1,115.0,115.6,124.6,112.4,110.5
ED-0054,510,08:30,118.1,117.1,119.2,127.7,116.5,110.9,119.9,114.0,119.7,124.5,112.2,109.6
ED-0054,511,08:31,119.0,119.7,119.9,128.8,117.6,110.7,120.7,115.0,120.6,125.0,111.5,109.8
ED-0054,512,08:32,118.6,119.7,118.7,128.6,117.0,110.8,120.7,113.9,120.9,126.1,112.4,109.3
ED-0054,513,08:33,117.6,119.8,119.8,129.8,116.4,111.4,121.2,113.7,121.7,127.3,115.1,109.0
ED-0054,514,08:34,118.2,120.5,120.9,131.2,117.3,111.7,120.5,113.7,123.0,127.2,116.5,109.3
ED-0054,515,08:35,118.1,121.8,121.7,130.4,117.1,111.4,121.7,113.0,122.5,127.1,117.1,109.6
ED-0054,516,08:36,119.0,122.3,121.8,130.9,117.5,111.7,121.4,114.1,124.2,127.3,118.1,110.3
ED-0054,517,08:37,119.5,122.7,122.7,130.6,117.5,111.2,120.2,113.7,123.9,127.9,117.9,109.9
ED-0054,518,08:38,118.5,122.7,123.1,132.2,117.0,112.7,121.9,113.4,125.0,128.7,118.1,110.0
ED-0054,519,08:39,118.4,123.2,123.3,132.3,117.8,110.5,121.5,113.6,125.7,129.6,118.2,110.7
ED-0054,520,08:40,118.1,123.5,123.3,133.5,117.2,110.8,120.6,113.7,125.4,128.6,120.8,110.5
ED-0054,521,08:41,118.4,124.0,123.2,133.7,116.8,111.0,120.8,113.9,126.2,128.8,120.8,109.5
ED-0054,522,08:42,118.8,125.3,124.1,134.1,118.2,110.6,121.5,114.3,126.9,129.6,120.7,110.3
ED-0054,523,08:43,118.1,125.7,125.5,133.9,117.3,111.3,120.9,113.1,126.5,129.6,122.3,109.7
ED-0054,524,08:44,119.0,125.8,125.1,134.6,116.7,111.6,121.1,114.2,126.9,129.3,122.4,109.9
ED-0054,525,08:45,119.0,126.5,124.9,135.1,117.2,111.7,120.3,114.3,127.7,130.5,122.1,109.7
ED-0054,526,08:46,120.6,127.0,125.5,135.6,117.0,111.0,121.3,114.4,128.1,130.7,122.7,110.6
ED-0054,527,08:47,122.0,126.2,125.5,136.9,117.2,111.6,121.6,114.1,128.6,129.9,123.4,109.4
ED-0054,528,08:48,122.9,127.4,126.2,136.2,117.7,112.1,121.4,114.1,129.0,131.3,123.7,109.1
ED-0054,529,08:49,124.6,126.9,127.0,135.6,117.0,110.7,121.4,113.8,129.1,131.1,122.7,113.0
ED-0054,530,08:50,125.1,128.4,126.0,136.8,117.6,111.6,121.5,113.8,129.0,131.4,123.7,114.0
ED-0054,531,08:51,125.1,127.5,126.3,136.3,117.0,111.2,121.4,114.7,129.4,132.2,124.4,115.0
ED-0054,532,08:52,125.5,128.4,126.2,137.6,117.3,111.4,121.1,114.2,129.7,132.2,125.7,116.0
ED-0054,533,08:53,126.3,128.4,127.0,138.0,116.9,110.5,121.3,114.1,130.2,131.9,125.3,116.3
ED-0054,534,08:54,126.5,129.0,127.7,138.1,117.6,110.8,121.7,114.0,131.0,133.2,125.8,116.3
ED-0054,535,08:55,127.5,128.8,127.7,137.4,117.3,112.4,121.7,114.0,131.7,133.0,126.1,117.5
ED-0054,536,08:56,128.2,129.1,128.4,138.5,117.8,110.8,121.7,113.9,131.6,133.2,125.1,118.2
ED-0054,537,08:57,128.6,130.1,127.9,138.6,117.4,111.2,120.9,117.4,131.7,132.9,126.1,118.3
ED-0054,538,08:58,128.9,130.4,128.4,138.9,117.8,112.2,121.0,117.1,130.7,133.8,125.4,119.3
ED-0054,539,08:59,130.2,131.1,128.1,138.6,117.4,111.8,120.8,118.3,132.2,133.4,126.8,118.7
ED-0054,540,09:00,130.2,130.2,128.3,140.1,120.0,111.1,121.6,120.3,132.2,133.6,127.1,119.4
ED-0054,541,09:01,130.1,131.6,128.3,140.0,121.1,111.0,120.7,121.4,133.1,133.5,127.4,120.6
ED-0054,542,09:02,130.6,131.3,129.1,139.3,123.0,111.7,121.1,121.3,133.1,134.3,127.7,119.7
ED-0054,543,09:03,131.4,131.3,130.1,140.1,124.2,111.5,125.0,122.1,132.5,134.5,126.9,120.1
ED-0054,544,09:04,131.2,130.7,129.8,139.7,123.8,111.8,125.3,121.8,133.1,134.8,128.0,121.6
ED-0054,545,09:05,132.1,132.1,130.5,140.1,123.6,111.1,126.2,122.9,133.1,135.8,128.5,121.3
ED-0054,546,09:06,132.8,132.2,129.6,140.6,125.7,114.9,127.0,121.8,133.3,135.3,128.5,122.2
ED-0054,547,09:07,131.8,133.3,130.8,141.3,125.3,115.5,127.9,124.1,133.8,136.3,128.5,121.2
ED-0054,548,09:08,132.3,132.0,131.2,141.7,126.7,115.6,128.3,124.2,133.6,135.9,129.5,122.2
ED-0054,549,09:09,132.3,133.4,130.2,142.0,126.7,116.8,128.7,124.8,134.5,135.7,129.1,122.7
ED-0054,550,09:10,133.5,133.0,130.2,142.1,126.6,117.7,129.1,124.8,134.2,137.2,129.5,122.8
ED-0054,551,09:11,133.4,133.0,131.2,141.7,126.9,118.4,130.8,126.2,135.3,136.0,130.2,123.0
ED-0054,552,09:12,133.3,133.4,131.2,142.8,128.3,118.9,130.6,123.5,134.9,136.1,129.3,123.9
ED-0054,553,09:13,134.3,133.2,132.5,142.7,128.8,118.6,130.9,126.4,135.0,137.5,129.3,123.0
ED-0054,554,09:14,134.2,134.0,131.9,143.5,128.2,119.7,131.2,126.1,134.9,136.9,129.7,124.2
ED-0054,555,09:15,134.7,133.0,132.2,143.1,130.2,120.9,132.6,126.1,135.5,137.6,130.6,123.5
ED-0054,556,09:16,134.6,132.7,131.5,143.7,129.2,120.5,133.1,126.9,136.4,137.4,130.7,124.6
ED-0054,557,09:17,134.3,135.0,132.9,142.9,129.3,122.0,132.9,127.8,135.1,137.9,131.7,125.0
ED-0054,558,09:18,136.1,134.3,132.9,144.3,130.7,121.5,134.1,129.1,136.3,137.1,131.2,125.1
ED-0054,559,09:19,135.2,135.8,132.8,143.9,130.7,121.7,134.2,127.7,136.0,138.3,131.6,125.3
ED-0054,560,09:20,135.3,135.2,132.4,144.3,131.1,122.3,133.3,128.7,136.5,138.9,131.9,124.8
ED-0054,561,09:21,136.3,135.2,133.2,144.1,131.2,122.9,133.9,128.9,136.6,138.0,133.4,125.5
ED-0054,562,09:22,136.2,136.1,133.3,144.5,131.4,123.0,134.4,128.8,137.2,138.7,132.3,125.1
ED-0054,563,09:23,135.9,135.8,134.0,144.6,131.3,123.4,135.8,129.1,137.2,138.7,132.6,126.4
ED-0054,564,09:24,136.3,136.1,133.6,145.3,132.9,123.0,135.0,129.5,137.5,139.1,133.2,126.5
ED-0054,565,09:25,137.1,136.5,134.1,146.1,132.1,123.6,136.4,129.7,138.7,139.2,132.9,128.1
ED-0054,566,09:26,137.5,135.9,133.9,146.0,132.8,124.2,136.8,129.3,138.9,139.7,132.1,127.0
ED-0054,567,09:27,136.7,136.5,134.7,145.7,132.7,124.2,137.1,130.0,137.8,139.0,132.4,127.3
ED-0054,568,09:28,137.2,136.4,133.9,145.9,133.3,123.8,136.2,130.1,138.1,139.9,133.0,127.8
ED-0054,569,09:29,138.1,136.9,133.7,146.4,133.1,125.1,136.5,130.7,139.0,139.0,133.3,128.5
ED-0054,570,09:30,138.8,137.8,135.6,145.7,133.5,126.0,137.3,130.4,139.2,139.8,132.9,128.2
ED-0054,571,09:31,139.4,137.2,135.7,146.1,134.4,125.4,137.0,130.8,138.4,140.2,133.3,126.7
ED-0054,572,09:32,137.1,137.1,134.8,146.6,134.5,126.3,138.9,131.8,138.4,140.0,134.4,128.8
ED-0054,573,09:33,137.8,136.5,135.2,146.1,133.9,125.2,137.3,130.9,139.1,140.5,134.5,128.7
ED-0054,574,09:34,139.5,136.4,136.3,146.5,134.9,126.6,138.7,131.4,140.1,141.5,134.4,128.7
ED-0054,575,09:35,139.2,139.1,136.0,146.2,134.6,127.2,137.8,132.8,139.7,141.7,135.5,128.5
ED-0054,576,09:36,139.4,137.8,135.7,148.7,135.4,127.5,138.8,132.9,141.2,140.3,134.7,129.0
ED-0054,577,09:37,139.9,137.6,136.0,147.0,135.6,126.9,139.2,132.1,140.0,141.2,135.0,129.2
ED-0054,578,09:38,140.7,137.9,135.5,147.5,136.3,127.0,139.2,132.5,140.0,142.1,134.6,130.4
ED-0054,579,09:39,140.3,138.4,136.6,148.4,136.2,128.1,140.3,132.9,140.6,140.6,135.2,129.5
ED-0054,580,09:40,140.0,138.1,135.4,148.0,136.3,127.0,140.6,132.2,140.4,141.5,135.9,129.8
ED-0054,581,09:41,141.1,139.1,136.7,147.9,135.9,128.1,139.3,133.0,140.6,141.8,134.6,130.3
ED-0054,582,09:42,141.3,139.0,136.9,147.8,136.9,129.0,140.7,134.2,140.2,142.2,135.8,129.5
ED-0054,583,09:43,142.4,138.4,137.3,148.4,136.6,129.4,141.1,134.3,141.1,141.8,135.3,130.9
ED-0054,584,09:44,140.4,138.6,136.2,148.8,136.3,129.2,141.0,134.5,140.4,142.5,135.1,131.0
ED-0054,585,09:45,141.1,138.7,137.5,148.5,137.4,129.2,141.0,134.8,141.3,142.0,135.8,131.0
ED-0054,586,09:46,141.0,139.7,137.4,150.2,137.2,129.2,140.7,134.8,141.2,142.9,135.9,131.5
ED-0054,587,09:47,141.1,139.9,137.0,148.8,137.5,129.6,141.2,133.7,142.0,142.4,136.4,131.7
ED-0054,588,09:48,141.0,138.8,137.8,148.9,138.1,129.9,141.6,134.8,142.4,143.6,136.7,130.9
ED-0054,589,09:49,142.2,140.0,137.7,149.3,137.8,129.0,141.7,134.7,142.2,143.3,137.3,130.8
ED-0054,590,09:50,142.4,139.9,137.7,150.6,138.7,130.3,142.1,135.1,142.6,143.5,137.0,132.0
ED-0054,591,09:51,141.7,140.9,137.7,149.5,138.4,129.5,142.8,135.0,142.2,142.6,137.4,131.2
ED-0054,592,09:52,143.0,140.6,138.0,150.1,139.0,129.8,142.4,135.5,141.9,143.5,136.7,131.6
ED-0054,593,09:53,142.3,140.8,138.0,150.5,139.2,130.3,142.4,136.0,143.0,143.5,138.2,131.0
ED-0054,594,09:54,142.6,141.2,138.5,149.9,139.5,130.3,143.5,136.0,142.6,143.7,137.3,132.9
ED-0054,595,09:55,143.6,140.3,138.4,150.6,139.1,130.8,143.3,137.4,144.0,144.0,138.8,132.2
ED-0054,596,09:56,142.1,140.4,138.8,151.0,139.0,131.7,143.3,135.9,144.0,144.2,138.1,132.3
ED-0054,597,09:57,143.0,141.1,139.3,150.8,139.9,131.0,142.8,136.8,143.2,144.1,137.8,132.4
ED-0054,598,09:58,142.7,141.8,139.7,150.2,140.1,132.0,143.4,136.7,144.0,144.8,138.5,133.1
ED-0054,599,09:59,143.7,141.1,138.3,150.7,140.1,132.1,144.2,137.4,143.8,145.0,138.2,133.0
ED-0054,600,10:00,144.4,140.9,140.0,151.0,140.0,132.1,143.7,137.1,143.8,145.1,139.8,133.1
ED-0054,601,10:01,144.1,141.8,140.3,151.6,140.6,132.5,144.1,136.1,143.8,145.6,138.9,134.0
ED-0054,602,10:02,144.9,141.6,139.2,151.6,140.3,132.9,144.1,137.7,143.8,146.0,138.7,134.4
ED-0054,603,10:03,144.7,142.0,140.5,151.6,140.6,132.3,144.8,138.1,144.2,144.9,139.3,133.3
ED-0054,604,10:04,144.2,142.7,139.7,152.5,141.6,133.1,145.2,137.6,144.5,146.2,138.8,133.9
ED-0054,605,10:05,144.7,142.8,139.4,152.3,141.7,133.8,145.3,139.1,144.7,146.2,139.1,133.4
ED-0054,606,10:06,144.8,142.5,140.5,152.6,141.5,133.1,145.7,138.0,143.9,145.6,138.9,134.4
ED-0054,607,10:07,145.5,142.4,140.1,152.0,142.4,133.2,145.2,138.5,144.5,145.4,139.7,133.8
ED-0054,608,10:08,145.2,142.5,139.9,152.3,141.7,133.2,145.8,137.9,144.9,146.8,140.4,134.4
ED-0054,609,10:09,146.1,142.7,139.0,152.7,142.2,134.6,146.4,138.5,144.6,145.9,140.4,133.9
ED-0054,610,10:10,146.0,144.3,140.7,152.5,142.0,134.1,146.1,139.1,146.1,146.3,139.3,134.6
ED-0054,611,10:11,145.6,143.0,141.0,153.9,143.3,133.5,146.1,138.2,146.0,146.3,140.7,134.6
ED-0054,612,10:12,145.7,143.0,142.1,152.2,142.8,134.0,147.0,139.5,145.5,146.7,140.4,135.5
ED-0054,613,10:13,146.2,143.6,141.6,153.1,142.3,134.2,147.2,138.7,145.6,146.7,140.8,134.6
ED-0054,614,10:14,145.6,143.0,141.9,152.4,142.5,134.2,146.7,139.2,145.3,146.2,140.7,135.8
ED-0054,615,10:15,146.2,144.2,140.9,153.7,143.2,134.1,147.3,139.5,146.4,146.8,140.6,135.6
ED-0054,616,10:16,146.7,144.8,141.9,154.0,143.4,134.6,147.8,139.7,146.8,146.3,141.2,135.7
ED-0054,617,10:17,146.2,144.9,142.0,154.9,143.7,135.7,148.1,140.6,146.0,147.2,140.5,135.6
ED-0054,618,10:18,146.4,143.8,142.2,154.2,143.8,134.3,148.1,140.8,145.9,147.1,141.3,136.4
ED-0054,619,10:19,146.5,144.9,141.6,155.1,143.0,134.8,147.3,140.2,146.4,147.8,141.4,136.1
ED-0054,620,10:20,147.1,144.4,143.5,154.2,143.2,135.4,149.1,140.0,145.8,147.3,141.3,136.1
ED-0054,621,10:21,147.1,144.4,141.4,154.3,143.9,136.1,147.6,140.1,148.1,147.9,141.3,136.2
ED-0054,622,10:22,147.5,144.2,142.2,153.5,144.9,136.1,148.4,141.2,146.5,148.1,141.3,136.0
ED-0054,623,10:23,148.1,144.5,142.6,154.5,144.9,135.8,148.2,141.4,147.7,147.2,141.3,137.6
ED-0054,624,10:24,148.6,144.6,142.4,155.5,144.7,136.2,148.5,140.6,147.5,147.8,142.3,136.5
ED-0054,625,10:25,147.4,145.1,142.9,155.2,144.0,136.4,148.9,141.2,147.3,147.3,141.7,137.7
ED-0054,626,10:26,147.4,145.7,142.2,155.2,144.6,135.5,148.6,141.6,146.8,149.1,141.5,136.7
ED-0054,627,10:27,147.6,145.6,142.7,154.8,144.7,136.9,149.2,141.9,146.9,147.9,141.4,136.3
ED-0054,628,10:28,148.1,144.2,142.6,154.8,144.9,136.8,149.9,140.4,147.9,147.6,142.5,137.5
ED-0054,629,10:29,148.0,146.3,144.0,155.3,145.4,137.0,149.1,141.4,148.4,148.0,142.0,137.8
ED-0054,630,10:30,148.8,145.5,143.5,155.5,145.3,136.9,149.6,142.1,147.8,149.1,142.6,138.3
ED-0054,631,10:31,147.7,146.0,144.1,155.7,145.9,138.1,150.3,141.8,148.0,149.7,141.9,137.3
ED-0054,632,10:32,149.1,146.0,143.6,155.9,145.4,137.2,150.3,143.0,148.1,148.4,142.4,138.2
ED-0054,633,10:33,148.5,146.9,143.4,156.0,145.2,137.9,149.7,142.1,148.2,148.7,143.0,137.8
ED-0054,634,10:34,149.0,146.6,142.7,156.0,146.0,137.9,149.7,142.5,147.5,149.6,144.0,139.0
ED-0054,635,10:35,149.2,147.0,143.9,156.0,146.1,137.7,150.2,142.1,149.1,148.5,143.4,137.8
ED-0054,636,10:36,149.8,146.9,143.4,155.4,146.5,137.2,150.8,143.4,148.5,149.5,144.0,138.1
ED-0054,637,10:37,149.2,147.0,144.2,157.1,147.3,138.2,150.1,142.6,148.6,150.2,142.8,139.4
ED-0054,638,10:38,149.3,146.7,144.2,156.5,146.8,137.9,150.9,143.3,149.3,149.6,143.9,139.2
ED-0054,639,10:39,150.4,146.8,144.8,157.0,146.7,138.5,151.1,143.1,149.0,150.6,144.7,139.6
ED-0054,640,10:40,150.4,147.3,144.4,157.1,147.5,138.7,150.1,143.5,149.5,150.5,143.5,139.5
ED-0054,641,10:41,149.8,147.2,144.4,157.3,147.0,138.1,151.6,143.5,149.9,149.5,144.2,138.3
ED-0054,642,10:42,150.2,147.1,145.3,157.5,146.4,138.7,151.1,143.8,149.8,150.5,144.2,139.5
ED-0054,643,10:43,150.4,147.1,144.1,156.8,147.8,138.9,151.7,143.7,149.9,150.8,144.6,139.1
ED-0054,644,10:44,150.3,148.0,144.4,157.3,147.7,139.7,152.6,143.7,150.5,150.3,143.8,140.3
ED-0054,645,10:45,150.3,148.0,145.0,157.3,147.7,138.7,151.9,143.7,150.0,151.2,145.0,139.2
ED-0054,646,10:46,151.1,147.1,145.3,157.1,147.7,139.8,152.1,145.1,150.3,150.8,144.1,139.5
ED-0054,647,10:47,151.0,147.0,146.0,157.9,148.0,140.3,153.0,145.1,150.2,150.0,145.0,140.1
ED-0054,648,10:48,150.8,148.1,145.1,158.3,147.6,139.9,151.2,144.7,149.8,150.4,144.7,139.8
ED-0054,649,10:49,151.3,148.2,146.2,158.1,147.0,139.6,152.7,144.5,150.3,150.8,145.2,141.0
ED-0054,650,10:50,151.8,148.7,146.5,158.6,148.1,140.7,152.7,144.1,150.4,151.1,145.5,139.8
ED-0054,651,10:51,151.8,148.3,145.9,158.0,148.2,139.2,153.4,144.2,150.4,151.1,145.9,140.8
ED-0054,652,10:52,152.5,148.5,146.2,158.6,148.9,139.8,152.5,145.9,151.7,151.1,145.4,140.0
ED-0054,653,10:53,151.3,149.3,145.7,158.8,148.2,140.3,152.5,144.8,150.5,150.7,145.7,141.6
ED-0054,654,10:54,151.9,149.5,146.4,158.2,149.3,140.5,152.6,144.0,151.0,151.7,145.7,141.3
ED-0054,655,10:55,152.2,149.3,146.3,158.2,148.9,140.7,154.0,145.0,151.0,151.6,146.4,141.5
ED-0054,656,10:56,152.4,148.6,147.4,158.5,149.0,140.1,154.0,145.8,151.7,151.9,145.6,141.8
ED-0054,657,10:57,152.4,149.2,146.9,158.5,149.9,140.6,154.6,145.9,151.2,152.3,145.7,141.0
ED-0054,658,10:58,153.2,148.6,147.5,159.8,149.0,141.0,153.2,145.8,152.0,152.1,145.3,141.8
ED-0054,659,10:59,151.8,149.6,146.2,159.2,149.3,141.0,154.7,145.6,151.7,153.0,146.8,141.9
ED-0054,660,11:00,151.7,149.0,146.6,159.3,149.6,140.5,153.8,145.6,150.1,152.6,146.8,141.4
ED-0054,661,11:01,152.4,149.4,147.3,159.4,150.5,141.1,154.3,146.0,151.8,152.5,147.1,142.4
ED-0054,662,11:02,153.2,149.1,147.0,159.4,149.2,140.7,153.9,147.3,151.9,153.6,147.3,141.9
ED-0054,663,11:03,153.0,149.7,147.9,158.8,151.2,142.0,153.7,146.4,152.7,152.8,147.3,141.9
ED-0054,664,11:04,153.5,150.3,147.6,159.6,150.4,142.2,154.8,146.6,152.3,152.9,146.6,142.3
ED-0054,665,11:05,153.1,150.9,147.8,160.5,150.9,141.7,155.5,146.0,151.5,152.9,146.9,142.5
ED-0054,666,11:06,153.2,150.4,147.4,159.1,151.1,142.1,154.9,146.9,152.5,152.5,146.8,142.3
ED-0054,667,11:07,154.1,150.0,147.7,160.1,149.4,142.1,155.4,147.5,152.5,153.6,147.2,141.6
ED-0054,668,11:08,154.3,150.7,147.4,160.2,150.3,142.8,155.2,147.2,151.5,152.8,146.8,143.0
ED-0054,669,11:09,154.4,150.3,148.1,160.5,150.8,142.4,154.8,146.7,153.1,153.7,147.4,143.0
ED-0054,670,11:10,153.5,150.3,147.4,160.6,151.0,142.0,154.5,146.6,153.9,153.5,148.5,143.4
ED-0054,671,11:11,154.7,150.9,147.6,160.5,150.7,142.5,155.0,147.4,152.5,153.1,148.2,141.9
ED-0054,672,11:12,153.9,151.3,148.4,160.4,151.7,142.7,155.5,146.9,153.7,154.4,147.0,143.4
ED-0054,673,11:13,154.1,150.8,149.4,160.8,151.1,143.5,156.2,148.1,153.3,153.3,148.1,143.4
ED-0054,674,11:14,153.8,151.6,148.4,161.4,150.9,143.2,156.2,148.1,154.2,153.4,148.0,143.7
ED-0054,675,11:15,154.3,151.1,147.7,161.2,151.6,143.2,156.8,148.2,153.5,154.5,147.6,144.4
ED-0054,676,11:16,154.9,151.3,149.5,161.4,151.5,142.3,156.7,148.1,153.3,153.5,147.3,144.0
ED-0054,677,11:17,154.8,151.7,148.6,160.9,152.0,144.0,155.1,148.1,154.3,155.0,146.6,143.7
ED-0054,678,11:18,154.5,151.3,149.3,160.4,152.0,143.2,155.8,148.3,154.1,154.3,149.0,142.9
ED-0054,679,11:19,155.2,152.0,149.3,161.3,151.6,143.7,156.2,147.8,154.1,154.8,148.9,143.8
ED-0054,680,11:20,154.6,151.9,149.1,162.3,152.0,144.5,156.4,147.5,153.7,154.7,148.5,144.4
ED-0054,681,11:21,154.0,151.4,149.8,161.9,152.1,144.1,156.3,148.2,154.0,155.4,149.1,145.0
ED-0054,682,11:22,155.1,152.8,150.4,160.6,152.5,144.1,155.9,148.8,154.4,155.7,149.0,143.6
ED-0054,683,11:23,154.7,152.3,149.5,162.5,152.7,143.8,157.1,149.1,153.6,154.8,148.4,143.5
ED-0054,684,11:24,155.0,152.4,150.7,161.9,153.0,144.6,156.8,149.0,154.9,155.0,149.1,144.6
ED-0054,685,11:25,156.2,153.1,150.6,162.1,152.5,144.2,156.5,149.3,154.9,155.3,149.9,143.9
ED-0054,686,11:26,156.1,152.6,149.5,162.5,152.6,144.0,157.1,148.7,155.4,155.1,149.2,144.4
ED-0054,687,11:27,155.6,152.3,148.8,162.4,153.4,143.6,158.3,149.7,153.9,155.1,149.5,145.6
ED-0054,688,11:28,156.4,153.1,149.3,163.5,152.9,144.6,157.9,150.5,154.5,155.6,148.7,145.7
ED-0054,689,11:29,156.8,152.6,149.9,162.7,154.0,144.5,157.5,150.1,155.2,156.3,149.8,144.8
ED-0054,690,11:30,156.0,152.9,150.1,163.3,152.5,145.1,158.0,149.4,155.3,154.5,149.7,144.6
ED-0054,691,11:31,156.7,153.2,150.8,162.5,153.1,144.8,158.2,150.0,155.4,156.5,149.8,145.1
ED-0054,692,11:32,157.0,153.1,152.4,162.7,153.9,144.7,157.7,150.3,155.3,155.4,148.9,144.3
ED-0054,693,11:33,156.2,153.9,150.1,163.6,154.0,144.6,158.5,151.4,155.2,156.4,148.9,145.4
ED-0054,694,11:34,156.9,153.0,150.2,164.2,154.4,145.1,158.3,150.1,155.7,157.1,150.1,145.4
ED-0054,695,11:35,156.4,153.5,150.8,164.4,153.9,145.7,158.7,150.9,155.7,157.1,149.4,146.2
ED-0054,696,11:36,156.2,153.5,150.6,163.5,154.3,145.7,158.5,150.2,155.3,156.2,149.1,146.1
ED-0054,697,11:37,157.0,153.8,151.0,163.3,153.3,146.2,159.2,149.4,155.3,156.2,150.5,145.5
ED-0054,698,11:38,156.9,153.5,150.6,164.8,154.5,145.7,158.1,150.6,156.8,155.9,150.8,145.9
ED-0054,699,11:39,157.2,154.5,151.4,164.6,153.9,145.1,160.0,151.3,156.0,156.6,150.4,145.8
ED-0054,700,11:40,157.7,154.4,150.4,165.0,154.6,146.2,159.5,151.5,155.7,156.6,150.3,145.9
ED-0054,701,11:41,157.2,154.3,151.2,164.1,155.2,146.3,159.0,150.0,156.1,157.3,151.0,146.3
ED-0054,702,11:42,158.7,154.4,151.3,164.5,154.7,146.5,159.6,151.5,157.2,157.2,151.0,146.7
ED-0054,703,11:43,158.8,154.3,151.3,164.6,154.9,147.4,160.2,150.3,157.0,157.1,150.8,147.0
ED-0054,704,11:44,157.6,153.8,152.2,164.3,155.0,146.5,158.7,151.2,157.0,157.0,151.0,147.8
ED-0054,705,11:45,157.5,154.6,152.3,164.5,155.9,146.2,160.0,152.1,156.6,158.0,150.8,147.1
ED-0054,706,11:46,157.8,154.2,152.0,164.3,155.3,146.9,159.7,151.6,156.9,156.9,150.8,146.5
ED-0054,707,11:47,158.2,154.8,153.1,165.1,156.5,146.9,160.4,150.7,156.3,157.6,151.2,147.1
ED-0054,708,11:48,158.6,154.7,152.3,164.9,156.0,147.7,160.7,151.7,156.9,157.2,151.5,147.6
ED-0054,709,11:49,157.7,154.6,151.5,165.4,155.6,146.5,160.1,152.0,156.9,157.8,151.7,147.1
ED-0054,710,11:50,158.4,155.4,152.5,165.1,155.3,146.7,160.8,151.4,156.9,158.5,151.3,147.0
ED-0054,711,11:51,157.8,155.2,152.6,165.0,156.7,147.5,160.8,152.9,157.4,158.2,150.9,146.3
ED-0054,712,11:52,158.9,155.1,152.2,165.2,156.8,147.8,161.7,152.2,157.9,158.4,151.9,147.4
ED-0054,713,11:53,159.3,155.2,152.1,165.2,156.0,148.0,161.0,151.4,157.6,157.4,151.2,148.2
ED-0054,714,11:54,159.2,156.0,153.2,165.6,156.1,148.0,161.3,151.6,157.8,157.7,151.5,147.5
ED-0054,715,11:55,158.7,155.1,152.4,164.7,155.8,146.2,160.2,151.9,158.2,158.3,152.5,148.7
ED-0054,716,11:56,159.4,155.3,152.2,165.9,156.8,148.3,161.1,153.0,158.0,158.4,152.8,148.3
ED-0054,717,11:57,159.3,155.5,152.9,166.7,156.7,148.3,161.4,151.8,157.5,157.7,152.0,148.6
ED-0054,718,11:58,159.0,156.3,152.7,166.1,156.0,147.1,161.6,153.1,158.8,157.8,152.7,147.1
ED-0054,719,11:59,159.0,155.7,153.2,166.6,156.7,147.9,160.4,152.3,158.3,159.2,152.8,148.2
ED-0054,720,12:00,158.9,155.7,153.1,166.9,156.9,148.5,161.9,153.1,158.5,159.2,153.0,148.4
ED-0054,721,12:01,159.4,156.4,152.5,166.5,156.7,148.6,162.7,152.8,157.4,158.9,152.8,148.5
ED-0054,722,12:02,160.5,155.8,152.7,166.2,157.5,147.3,161.5,153.0,157.5,159.2,152.1,148.5
ED-0054,723,12:03,159.9,156.7,153.6,166.4,157.1,148.1,161.1,152.6,158.1,158.6,152.1,148.8
ED-0054,724,12:04,159.9,156.2,154.6,167.0,157.1,147.8,162.3,153.5,158.0,159.0,151.6,148.1
ED-0054,725,12:05,159.5,157.0,154.0,166.3,157.0,147.9,162.3,153.0,158.0,159.1,153.5,148.5
ED-0054,726,12:06,158.7,156.6,153.6,167.3,157.3,149.0,161.1,153.3,158.2,158.8,153.0,148.4
ED-0054,727,12:07,160.2,156.5,153.5,167.4,157.8,149.3,162.6,153.5,158.2,158.6,153.3,148.8
ED-0054,728,12:08,159.9,156.0,152.5,166.9,158.7,149.3,163.2,153.7,159.1,159.3,153.4,147.9
ED-0054,729,12:09,160.4,157.0,154.0,167.4,158.7,149.0,162.4,153.7,160.1,160.5,153.1,149.4
ED-0054,730,12:10,160.7,157.8,154.3,166.5,157.9,149.5,163.2,154.1,158.9,160.5,153.3,149.2
ED-0054,731,12:11,160.2,157.1,153.6,167.2,157.5,149.6,163.5,153.9,158.9,160.2,153.7,149.3
ED-0054,732,12:12,161.2,159.1,154.0,167.6,158.3,149.8,162.5,155.0,160.2,160.0,153.9,150.0
ED-0054,733,12:13,160.6,156.1,153.8,167.4,157.7,149.3,162.7,153.6,160.3,160.2,154.0,150.1
ED-0054,734,12:14,161.3,157.4,153.6,167.8,158.4,150.0,163.5,154.4,158.4,160.2,153.7,148.4
ED-0054,735,12:15,161.5,156.9,154.7,166.9,158.4,150.1,162.9,154.1,159.4,160.3,154.2,148.7
ED-0054,736,12:16,160.7,157.6,154.9,168.1,158.3,149.8,162.5,154.3,159.4,160.5,154.4,149.7
ED-0054,737,12:17,162.0,157.0,154.6,167.6,157.9,149.9,162.8,154.5,159.9,160.2,153.4,150.3
ED-0054,738,12:18,161.6,157.4,154.9,167.4,158.9,150.2,162.9,154.3,160.1,161.2,153.8,150.1
ED-0054,739,12:19,161.2,157.6,154.6,168.8,158.5,150.6,163.0,155.1,159.8,161.3,153.8,149.5
ED-0054,740,12:20,161.1,157.9,154.4,168.5,158.6,149.9,163.7,155.7,160.6,160.4,154.3,150.4
ED-0054,741,12:21,161.7,157.3,154.5,169.1,158.6,149.7,164.4,154.5,160.7,161.5,154.2,150.3
ED-0054,742,12:22,162.1,157.9,156.1,167.3,159.3,150.9,164.5,155.3,160.7,161.3,155.2,150.3
ED-0054,743,12:23,162.2,158.4,154.4,169.2,158.5,150.0,164.0,155.7,160.2,161.0,154.2,149.1
ED-0054,744,12:24,162.4,157.9,155.5,168.8,158.8,149.4,163.9,155.6,160.9,159.0,154.8,150.1
ED-0054,745,12:25,161.8,159.0,155.3,168.6,159.6,151.3,164.3,155.9,161.0,161.7,154.4,150.7
ED-0054,746,12:26,163.2,158.7,156.5,169.2,159.8,151.0,164.6,155.7,160.7,160.8,155.6,150.5
ED-0054,747,12:27,161.9,158.3,156.1,168.9,159.2,150.9,164.3,155.8,160.4,161.3,155.0,150.3
ED-0054,748,12:28,162.8,158.1,156.0,169.8,159.9,151.4,164.5,155.7,160.8,161.9,154.6,150.2
ED-0054,749,12:29,161.8,158.9,155.7,168.3,159.3,150.9,164.7,156.1,160.7,161.2,155.6,149.9
ED-0054,750,12:30,162.7,159.4,155.6,169.6,159.7,151.6,164.9,156.2,161.5,161.0,156.0,151.4
ED-0054,751,12:31,161.8,158.8,155.5,169.6,161.0,151.7,164.8,156.0,161.0,161.6,155.0,151.5
ED-0054,752,12:32,163.0,158.8,155.9,168.9,160.0,151.5,164.2,156.6,162.0,162.1,155.1,150.9
ED-0054,753,12:33,162.9,159.6,156.9,169.4,160.9,150.9,165.1,155.8,161.4,161.2,155.2,150.8
ED-0054,754,12:34,162.2,158.2,155.8,169.9,160.8,152.3,164.9,156.0,160.8,162.3,155.9,150.9
ED-0054,755,12:35,162.2,158.3,155.4,169.6,160.6,151.7,165.3,156.2,161.4,161.3,155.8,151.6
ED-0054,756,12:36,162.4,159.0,156.6,168.7,159.6,151.9,165.4,155.6,161.6,161.8,155.5,150.0
ED-0054,757,12:37,164.0,159.2,156.4,169.7,160.1,152.0,165.2,156.4,162.0,162.9,155.8,151.3
ED-0054,758,12:38,163.4,159.6,156.2,169.7,159.7,152.2,165.4,157.1,161.8,162.0,156.5,153.0
ED-0054,759,12:39,163.3,160.0,156.5,170.2,161.0,151.9,165.4,156.6,162.1,161.7,155.9,151.9
ED-0054,760,12:40,163.3,158.7,157.0,170.4,160.7,152.6,165.8,157.0,161.7,162.0,156.2,152.1
ED-0054,761,12:41,163.3,159.5,157.1,170.2,160.9,152.1,165.8,156.5,161.8,162.8,155.9,151.6
ED-0054,762,12:42,164.3,159.0,156.8,170.4,162.1,152.5,165.0,157.3,163.4,162.5,156.6,153.3
ED-0054,763,12:43,164.5,159.7,156.5,171.3,161.9,152.2,166.6,157.3,162.1,162.1,156.1,152.0
ED-0054,764,12:44,163.5,159.8,156.6,170.8,161.2,152.8,166.8,156.7,162.3,162.1,157.2,153.0
ED-0054,765,12:45,163.7,160.4,156.6,170.9,161.2,152.2,166.3,157.0,162.4,163.0,156.9,151.6
ED-0054,766,12:46,164.1,159.5,157.4,170.7,161.2,152.8,166.7,156.5,162.2,162.4,155.8,152.6
ED-0054,767,12:47,163.6,161.4,157.3,170.8,161.3,152.3,167.9,157.1,162.2,163.0,156.9,152.5
ED-0054,768,12:48,163.9,160.8,157.3,170.3,162.3,153.1,167.2,157.8,162.4,163.6,156.6,151.4
ED-0054,769,12:49,164.6,160.8,157.4,170.5,161.8,152.9,167.2,157.6,162.8,163.0,156.6,152.7
ED-0054,770,12:50,163.7,161.5,157.9,171.2,162.1,152.9,167.4,157.7,163.0,163.0,157.5,152.7
ED-0054,771,12:51,163.9,160.6,157.6,170.9,161.7,152.7,166.7,157.5,163.3,163.8,157.9,153.7
ED-0054,772,12:52,164.5,161.2,158.5,171.1,161.3,153.1,166.9,157.9,162.9,162.9,157.1,153.2
ED-0054,773,12:53,164.0,161.0,157.4,171.5,163.2,154.0,167.1,157.9,163.4,164.0,157.0,153.0
ED-0054,774,12:54,164.8,161.0,157.3,171.2,162.7,153.4,166.9,159.1,163.5,165.1,157.5,152.5
ED-0054,775,12:55,165.2,160.8,157.8,172.6,163.1,153.5,167.5,158.0,163.6,164.7,158.0,153.5
ED-0054,776,12:56,164.5,161.5,157.4,172.2,162.2,153.3,167.2,158.0,163.4,163.3,157.6,153.2
ED-0054,777,12:57,165.0,161.5,159.0,171.3,162.8,154.5,167.6,158.8,163.6,164.4,158.0,153.1
ED-0054,778,12:58,164.7,160.1,157.5,171.3,161.8,154.3,167.4,158.1,164.0,164.0,158.1,153.7
ED-0054,779,12:59,164.9,161.3,158.2,171.8,163.0,154.1,168.2,158.1,162.8,163.4,157.7,153.2
ED-0054,780,13:00,166.1,161.4,158.2,171.9,163.4,153.6,168.2,158.8,163.6,164.5,159.0,154.1
ED-0054,781,13:01,166.5,161.4,157.9,171.1,161.9,153.9,168.4,159.3,164.1,165.6,158.5,154.5
ED-0054,782,13:02,165.4,161.0,159.5,171.9,163.2,154.0,168.2,159.3,164.3,163.6,157.6,153.7
ED-0054,783,13:03,166.9,161.2,159.1,171.5,162.4,154.5,168.0,159.1,163.8,163.7,158.8,154.8
ED-0054,784,13:04,165.1,161.9,158.4,173.0,163.3,154.2,168.3,158.4,164.3,163.9,158.5,153.7
ED-0054,785,13:05,165.5,161.5,158.9,172.3,163.2,154.5,168.4,160.1,164.8,164.9,157.8,153.9
ED-0054,786,13:06,165.7,162.1,159.4,172.3,163.9,154.8,168.2,158.6,165.0,164.5,157.8,153.6
ED-0054,787,13:07,165.7,162.3,158.6,172.5,163.6,154.5,168.1,159.4,164.4,164.7,158.7,154.4
ED-0054,788,13:08,166.2,161.9,158.5,173.9,164.2,154.5,168.4,159.4,164.3,165.5,159.8,155.5
ED-0054,789,13:09,166.0,162.5,160.1,173.0,164.4,154.6,168.4,160.3,164.7,165.1,158.4,154.0
ED-0054,790,13:10,167.0,163.1,158.2,173.5,164.6,154.7,168.2,159.5,164.3,165.5,159.1,154.2
ED-0054,791,13:11,166.4,162.3,158.8,173.1,164.6,155.6,168.9,158.8,163.9,164.9,158.9,153.8
ED-0054,792,13:12,166.3,162.8,158.9,172.4,164.5,154.7,168.7,160.1,165.8,165.7,159.7,153.9
ED-0054,793,13:13,166.3,161.7,159.1,173.1,164.4,154.9,168.6,160.3,164.7,165.1,159.7,154.8
ED-0054,794,13:14,165.3,162.2,159.7,173.8,164.8,156.1,169.3,159.3,164.3,164.6,159.2,155.3
ED-0054,795,13:15,166.6,161.7,159.5,173.6,164.1,156.3,168.4,159.1,164.2,165.9,158.7,154.9
ED-0054,796,13:16,165.9,162.3,160.0,172.6,164.0,155.7,169.6,160.8,164.9,165.8,159.9,154.4
ED-0054,797,13:17,167.2,161.7,160.0,174.7,164.9,156.1,170.0,160.5,165.8,165.4,159.5,155.4
ED-0054,798,13:18,167.7,163.3,160.6,173.7,163.9,155.7,170.5,160.5,165.3,165.8,159.9,155.1
ED-0054,799,13:19,166.8,162.3,160.8,174.1,165.6,155.5,169.7,159.3,165.3,166.2,160.4,154.8
ED-0054,800,13:20,166.3,163.3,160.1,174.4,164.8,155.8,169.0,159.8,165.7,165.9,159.6,155.8
ED-0054,801,13:21,166.3,162.3,160.0,174.1,164.8,155.7,170.3,160.1,165.5,165.4,159.8,155.6
ED-0054,802,13:22,167.6,162.8,159.8,174.7,164.3,156.3,169.5,160.2,165.0,166.5,159.9,155.9
ED-0054,803,13:23,167.0,164.2,160.0,173.5,164.9,156.0,170.2,161.1,165.5,166.1,159.6,155.7
ED-0054,804,13:24,167.5,163.6,159.7,174.0,164.2,155.7,170.9,161.2,165.4,167.4,160.8,156.5
ED-0054,805,13:25,167.4,164.3,160.5,174.3,165.7,156.4,171.1,160.3,165.7,166.5,159.8,155.3
ED-0054,806,13:26,167.9,163.3,160.5,174.3,165.3,155.9,170.4,161.2,165.7,166.9,158.8,156.4
ED-0054,807,13:27,167.4,164.4,161.0,174.0,165.5,156.1,170.4,160.9,166.6,166.2,159.2,156.4
ED-0054,808,13:28,167.5,164.0,160.5,174.4,165.1,157.2,170.9,161.5,165.6,166.3,160.4,156.6
ED-0054,809,13:29,167.9,164.3,160.5,175.7,165.6,155.8,170.3,160.9,166.3,166.9,160.1,156.7
ED-0054,810,13:30,167.6,163.7,161.2,174.8,166.4,157.3,170.8,162.3,166.1,166.7,160.1,156.0
ED-0054,811,13:31,167.9,164.1,160.4,174.3,165.6,156.8,171.1,161.6,166.4,167.5,161.2,156.2
ED-0054,812,13:32,167.4,164.3,161.3,174.6,165.9,155.7,170.4,161.5,166.0,167.7,160.4,156.6
ED-0054,813,13:33,168.6,164.1,161.4,175.2,165.5,156.9,171.1,161.5,166.7,167.3,160.7,155.6
ED-0054,814,13:34,167.6,163.3,161.2,175.0,166.0,156.6,170.5,161.4,166.9,167.4,161.6,155.5
ED-0054,815,13:35,169.4,165.3,160.7,175.1,166.3,156.9,171.3,161.2,166.4,166.3,160.9,155.9
ED-0054,816,13:36,169.5,165.1,162.0,175.7,166.4,157.3,171.0,162.3,166.6,166.9,160.6,156.5
ED-0054,817,13:37,168.9,163.3,161.7,174.9,165.4,157.5,170.3,161.9,166.5,166.3,161.3,155.9
ED-0054,818,13:38,168.8,165.1,161.6,175.7,165.6,157.3,172.3,162.3,167.1,167.2,161.2,157.7
ED-0054,819,13:39,168.4,164.0,162.4,175.9,167.1,157.7,171.7,161.6,166.7,166.7,161.6,156.3
ED-0054,820,13:40,170.2,165.4,160.9,176.1,166.4,158.6,171.3,162.7,167.2,167.8,160.5,157.1
ED-0054,821,13:41,169.0,164.7,162.2,176.9,166.1,157.9,171.7,161.7,167.4,166.8,161.6,157.4
ED-0054,822,13:42,168.9,165.1,162.6,176.0,166.9,157.6,171.8,162.4,166.3,167.5,161.1,157.5
ED-0054,823,13:43,169.2,165.6,162.5,175.8,167.0,158.6,171.6,163.8,167.5,168.0,160.8,157.4
ED-0054,824,13:44,170.5,164.8,162.9,176.2,166.7,157.8,171.6,163.3,167.9,167.7,161.2,156.4
ED-0054,825,13:45,168.9,165.2,162.3,176.1,167.6,157.7,171.5,162.8,167.4,167.9,162.3,157.3
ED-0054,826,13:46,169.5,165.8,162.1,175.7,166.5,157.2,172.2,162.9,167.7,168.7,161.8,157.7
ED-0054,827,13:47,169.3,164.9,162.3,176.0,167.0,158.6,172.8,163.0,167.5,167.7,162.1,157.4
ED-0054,828,13:48,169.3,166.2,161.8,175.8,167.2,158.5,172.7,163.3,167.6,168.4,163.3,157.4
ED-0054,829,13:49,169.2,165.4,162.5,176.6,167.8,158.5,172.4,163.1,168.4,168.3,161.5,157.7
ED-0054,830,13:50,169.9,166.1,162.4,176.3,167.6,158.5,172.8,162.9,168.0,168.4,161.7,157.8
ED-0054,831,13:51,169.5,165.3,162.7,176.8,167.4,158.9,173.8,162.7,167.7,169.0,162.8,157.9
ED-0054,832,13:52,169.6,166.1,162.7,177.0,167.7,158.6,173.8,163.5,167.7,168.2,162.2,157.1
ED-0054,833,13:53,170.3,165.8,163.2,175.9,167.8,158.1,172.6,162.8,167.7,168.6,163.0,157.9
ED-0054,834,13:54,170.0,165.9,162.3,175.6,166.9,158.6,173.1,164.1,168.5,168.4,162.0,157.5
ED-0054,835,13:55,170.7,166.1,163.3,177.1,167.9,159.0,172.9,163.2,168.8,168.2,162.0,158.7
ED-0054,836,13:56,170.6,166.2,163.3,177.0,167.6,157.8,172.8,164.2,168.6,168.5,163.0,157.4
ED-0054,837,13:57,170.5,166.5,164.0,177.2,168.5,158.3,173.4,163.2,168.6,169.5,162.5,159.6
ED-0054,838,13:58,171.3,166.5,162.7,176.9,168.3,158.9,173.6,164.3,167.6,168.5,163.6,159.1
ED-0054,839,13:59,169.8,166.4,163.2,177.6,169.0,159.1,173.8,163.5,168.5,169.5,163.2,158.8
ED-0054,840,14:00,170.6,166.3,162.9,177.2,168.8,159.0,172.8,164.5,168.3,169.6,163.0,158.1
ED-0054,841,14:01,170.3,166.5,163.5,177.6,168.3,159.4,174.1,164.3,169.1,168.5,162.7,158.5
ED-0054,842,14:02,170.9,166.7,163.3,176.8,169.1,158.9,174.7,163.9,168.1,169.1,163.6,158.9
ED-0054,843,14:03,171.0,167.2,163.9,176.8,167.8,159.3,173.7,164.6,168.7,168.8,162.7,158.1
ED-0054,844,14:04,170.9,166.7,164.5,177.8,168.3,159.2,173.6,163.9,169.1,169.1,162.6,158.9
ED-0054,845,14:05,169.8,167.3,164.6,177.4,168.5,159.2,173.8,164.3,169.2,169.9,164.2,159.0
ED-0054,846,14:06,171.6,166.5,164.1,176.7,168.4,160.1,173.7,164.3,169.2,170.3,163.5,158.7
ED-0054,847,14:07,171.0,166.3,163.2,177.4,168.5,159.1,173.2,163.3,169.6,169.8,163.4,159.1
ED-0054,848,14:08,170.9,166.8,163.4,177.5,169.3,160.3,173.8,164.7,169.5,170.2,163.2,159.2
ED-0054,849,14:09,171.5,166.8,164.3,177.6,168.4,159.5,174.3,164.4,169.8,169.6,163.2,158.8
ED-0054,850,14:10,172.5,167.8,163.9,178.9,169.5,160.9,173.8,164.7,168.5,169.7,163.6,159.8
ED-0054,851,14:11,171.0,167.2,164.3,178.2,169.4,160.2,174.4,164.1,169.4,170.4,164.0,158.7
ED-0054,852,14:12,171.8,167.5,164.3,177.7,169.1,160.2,173.7,164.8,170.0,170.3,164.5,159.2
ED-0054,853,14:13,171.7,167.4,163.0,178.2,169.5,160.1,174.4,164.7,169.7,171.0,163.8,159.6
ED-0054,854,14:14,171.6,166.7,164.6,179.5,170.0,160.0,174.1,165.6,170.2,169.9,164.2,159.5
ED-0054,855,14:15,171.9,167.1,164.5,178.4,169.8,161.3,175.6,164.3,170.3,170.2,164.0,160.3
ED-0054,856,14:16,171.2,167.8,164.4,179.2,169.7,160.4,174.5,165.0,170.5,169.2,164.2,159.2
ED-0054,857,14:17,172.0,167.8,163.7,178.0,169.9,160.8,175.0,166.2,169.4,170.3,164.2,160.1
ED-0054,858,14:18,171.7,167.3,164.5,178.7,169.8,161.1,174.8,164.1,170.2,170.2,164.9,160.2
ED-0054,859,14:19,171.6,167.4,165.2,178.0,169.5,161.2,174.8,166.0,170.4,170.3,164.7,160.0
ED-0054,860,14:20,173.1,168.3,165.3,179.0,168.8,161.4,175.0,165.9,169.8,171.0,164.3,159.9
ED-0054,861,14:21,172.9,168.8,164.9,178.9,169.3,161.1,175.6,165.6,170.5,170.8,163.8,160.1
ED-0054,862,14:22,171.9,168.6,165.1,178.5,170.4,161.0,176.0,166.0,171.4,170.6,164.2,159.9
ED-0054,863,14:23,172.9,167.7,165.1,179.0,170.3,160.2,176.2,166.3,170.5,170.1,164.7,160.7
ED-0054,864,14:24,172.4,168.3,165.4,178.0,169.8,162.2,175.7,166.2,170.2,170.6,163.8,160.3
ED-0054,865,14:25,172.2,168.4,165.2,178.8,170.3,161.7,174.9,166.0,171.3,171.2,165.3,161.1
ED-0054,866,14:26,172.6,168.2,165.1,178.9,169.9,161.3,175.2,165.8,171.0,171.6,164.4,161.0
ED-0054,867,14:27,172.9,168.4,164.7,179.0,170.4,161.2,175.6,166.3,170.0,171.0,165.2,160.6
ED-0054,868,14:28,172.8,167.8,165.3,179.5,171.7,161.5,175.8,165.8,170.8,171.2,165.6,161.1
ED-0054,869,14:29,172.5,168.9,165.9,180.4,171.3,161.6,175.8,166.2,170.8,172.1,163.9,161.1
ED-0054,870,14:30,172.9,168.5,166.0,180.6,170.6,161.6,176.2,166.4,171.3,171.9,164.9,161.0
ED-0054,871,14:31,172.7,169.0,166.0,179.8,170.7,161.2,176.5,166.0,171.0,172.1,165.0,160.3
ED-0054,872,14:32,173.8,169.1,165.9,179.6,171.3,162.8,176.0,166.7,171.2,171.0,165.7,160.4
ED-0054,873,14:33,173.0,169.1,166.0,180.0,171.9,161.9,176.4,167.5,171.2,172.1,165.6,161.0
ED-0054,874,14:34,173.9,169.6,165.6,180.2,171.0,162.5,176.1,166.7,171.6,171.5,165.9,161.1
ED-0054,875,14:35,173.9,170.3,165.3,179.5,170.9,162.9,175.6,167.0,170.9,171.9,164.9,160.3
ED-0054,876,14:36,173.5,168.5,167.9,180.2,170.9,162.1,176.4,166.8,171.9,171.9,166.1,161.0
ED-0054,877,14:37,173.5,169.1,166.2,181.0,171.9,162.0,176.2,166.7,171.7,171.9,165.3,160.8
ED-0054,878,14:38,173.8,169.7,165.6,181.1,171.2,162.7,175.8,166.9,170.9,172.4,166.4,161.8
ED-0054,879,14:39,173.8,168.3,166.7,180.4,171.8,162.1,176.0,167.0,171.2,172.1,166.3,161.5
ED-0054,880,14:40,174.2,169.6,165.9,180.5,171.0,162.1,176.7,166.8,171.8,171.5,165.9,162.3
ED-0054,881,14:41,173.3,169.0,166.1,180.6,170.4,162.7,177.2,167.1,171.7,172.0,166.5,161.6
ED-0054,882,14:42,174.3,169.4,166.4,181.6,171.6,163.3,177.5,166.8,172.2,173.1,166.1,161.7
ED-0054,883,14:43,173.6,169.7,165.8,180.0,172.1,161.9,177.0,167.7,171.3,171.6,165.5,162.1
ED-0054,884,14:44,174.1,169.3,166.6,180.8,171.8,162.8,177.2,168.0,172.4,171.7,166.5,161.8
ED-0054,885,14:45,173.0,169.7,166.1,180.9,171.3,162.1,177.4,166.4,172.0,172.6,165.5,161.7
ED-0054,886,14:46,175.4,169.8,166.0,181.7,172.3,161.9,178.3,167.5,172.5,173.5,166.3,161.5
ED-0054,887,14:47,174.8,170.0,166.5,180.4,171.8,162.6,177.5,166.8,173.2,172.5,166.5,162.8
ED-0054,888,14:48,174.3,170.4,166.1,181.8,171.6,162.9,176.6,167.3,171.2,174.5,166.0,162.2
ED-0054,889,14:49,174.1,170.0,166.9,181.0,172.5,162.8,177.0,168.0,172.3,172.5,166.0,162.6
ED-0054,890,14:50,174.3,170.8,166.6,181.2,172.6,163.3,178.5,167.3,172.7,173.4,166.8,162.1
ED-0054,891,14:51,174.6,169.4,167.1,181.9,172.0,163.3,177.4,167.9,172.7,173.4,166.5,162.6
ED-0054,892,14:52,174.8,170.8,166.9,181.7,172.7,162.8,177.2,167.8,172.4,173.3,167.4,162.9
ED-0054,893,14:53,174.7,170.3,166.8,182.0,172.0,163.9,177.6,167.9,172.6,172.8,166.8,162.3
ED-0054,894,14:54,175.6,169.9,166.9,181.7,172.8,162.7,177.6,168.0,172.3,173.6,167.4,162.2
ED-0054,895,14:55,175.7,169.5,167.5,181.7,172.6,163.3,177.5,168.5,173.8,173.0,167.8,162.0
ED-0054,896,14:56,175.6,170.8,166.9,182.2,172.8,163.0,177.8,168.1,172.6,172.7,167.1,163.7
ED-0054,897,14:57,176.2,170.6,167.3,182.0,173.1,163.7,177.7,168.4,173.1,174.0,166.8,163.2
ED-0054,898,14:58,174.6,171.5,166.9,182.0,171.9,164.0,177.2,168.6,173.4,173.5,167.6,162.9
ED-0054,899,14:59,175.7,171.7,167.7,181.9,172.7,164.8,178.2,168.5,174.1,173.6,167.4,163.2
ED-0054,900,15:00,176.0,171.9,167.4,182.3,173.8,163.6,178.8,169.2,173.9,173.6,167.7,163.5
ED-0054,901,15:01,174.8,171.8,167.4,181.2,172.9,164.3,179.1,169.4,172.5,172.7,167.8,162.8
ED-0054,902,15:02,175.3,171.2,167.9,182.5,173.3,164.1,179.5,167.6,173.1,174.0,167.4,163.3
ED-0054,903,15:03,176.4,170.7,169.0,182.2,173.6,164.5,178.6,168.9,173.3,173.9,167.7,162.6
ED-0054,904,15:04,176.3,172.2,168.0,183.1,174.0,164.4,178.6,168.3,173.1,173.4,166.7,162.8
ED-0054,905,15:05,175.5,171.8,167.8,182.5,174.2,164.8,178.5,168.6,174.1,173.7,168.5,164.2
ED-0054,906,15:06,176.6,170.6,167.7,181.3,173.1,164.8,179.0,169.2,174.3,174.3,167.9,163.5
ED-0054,907,15:07,175.5,170.8,167.6,182.3,173.7,165.0,178.8,167.8,173.8,173.8,169.1,163.2
ED-0054,908,15:08,176.7,171.5,168.8,183.7,173.5,165.0,179.8,169.1,173.2,174.4,167.4,163.9
ED-0054,909,15:09,175.8,171.4,167.8,182.3,173.4,164.8,178.4,168.5,175.1,174.8,168.3,163.3
ED-0054,910,15:10,176.1,171.6,168.4,182.6,173.0,164.1,179.5,169.5,175.0,174.6,167.9,163.8
ED-0054,911,15:11,176.6,170.8,167.5,182.2,174.2,163.5,179.7,169.5,173.9,174.9,168.2,163.6
ED-0054,912,15:12,176.4,172.8,168.5,183.3,173.9,164.9,179.6,169.6,174.9,174.4,168.8,162.8
ED-0054,913,15:13,176.6,171.5,167.3,182.7,173.7,165.0,179.4,169.9,174.8,175.0,167.5,163.4
ED-0054,914,15:14,176.8,171.9,168.2,183.5,174.1,165.2,178.8,169.0,175.3,174.6,168.6,164.6
ED-0054,915,15:15,176.9,172.3,168.4,182.5,174.2,165.6,179.2,169.4,174.6,175.0,168.0,164.6
ED-0054,916,15:16,176.5,172.3,168.6,182.6,174.2,165.9,180.1,170.5,174.0,174.3,169.6,163.7
ED-0054,917,15:17,177.5,172.5,169.5,183.3,174.6,164.8,179.5,169.7,174.3,175.1,168.3,164.3
ED-0054,918,15:18,177.2,171.9,168.9,184.0,174.6,164.5,180.1,170.5,174.5,174.6,167.7,163.2
ED-0054,919,15:19,177.3,171.6,168.6,184.1,173.9,165.1,179.8,170.2,175.2,174.5,167.6,165.3
ED-0054,920,15:20,176.0,171.8,169.2,183.1,175.2,164.2,179.2,170.4,175.1,174.1,169.1,164.3
ED-0054,921,15:21,176.8,172.2,169.1,183.0,174.1,166.5,180.6,170.1,175.8,174.8,169.2,164.5
ED-0054,922,15:22,176.9,173.0,169.2,183.5,175.7,165.0,179.9,169.7,175.6,175.0,168.6,164.4
ED-0054,923,15:23,177.0,172.9,169.6,184.2,175.1,166.0,180.1,169.3,174.7,174.1,168.2,164.7
ED-0054,924,15:24,176.5,171.9,169.4,183.9,175.1,166.0,179.2,169.7,175.3,175.0,168.8,164.9
ED-0054,925,15:25,177.6,172.2,169.8,183.3,174.6,165.5,179.7,170.6,175.3,175.8,169.6,165.3
ED-0054,926,15:26,177.8,172.3,169.6,184.5,175.5,165.7,180.2,171.2,175.9,175.4,168.7,164.8
ED-0054,927,15:27,177.4,173.0,169.5,183.3,175.5,165.3,180.4,170.6,175.8,176.5,169.4,166.0
ED-0054,928,15:28,177.3,173.2,169.5,184.2,175.1,165.2,180.3,170.9,175.5,175.1,169.2,165.4
ED-0054,929,15:29,177.5,172.3,169.2,184.2,174.6,165.4,179.9,170.6,175.5,175.6,170.0,165.1
ED-0054,930,15:30,178.5,172.8,170.7,183.8,175.3,164.8,180.4,170.5,175.9,175.5,170.5,165.3
ED-0054,931,15:31,177.1,172.8,170.3,184.5,175.0,166.2,181.1,170.1,175.8,176.2,169.3,164.6
ED-0054,932,15:32,177.1,173.0,169.1,185.1,176.0,165.5,181.4,170.8,175.3,175.7,170.4,165.0
ED-0054,933,15:33,178.3,173.5,170.0,184.9,176.6,167.1,180.8,170.8,175.3,176.7,169.4,166.5
ED-0054,934,15:34,178.0,173.1,169.4,184.8,175.4,165.9,181.0,170.9,175.8,175.7,170.5,166.8
ED-0054,935,15:35,177.7,173.1,169.7,183.1,176.0,166.0,181.2,170.7,177.2,177.5,169.2,165.5
ED-0054,936,15:36,177.9,174.2,169.9,184.4,175.9,166.5,181.4,170.9,175.9,176.3,170.4,165.6
ED-0054,937,15:37,177.3,173.2,170.5,185.0,176.0,167.1,181.9,171.0,176.5,176.6,169.6,165.4
ED-0054,938,15:38,178.0,174.4,169.9,185.0,175.6,167.1,181.5,170.7,176.1,176.2,169.1,164.8
ED-0054,939,15:39,178.1,174.2,169.2,184.8,177.2,166.5,181.5,171.7,176.3,176.3,171.1,165.8
ED-0054,940,15:40,177.9,173.8,170.3,184.6,175.6,167.1,181.9,171.3,176.8,176.6,169.9,166.0
ED-0054,941,15:41,179.4,174.0,168.9,185.9,176.4,166.6,181.6,172.6,175.9,177.5,170.3,165.8
ED-0054,942,15:42,177.9,173.7,170.3,184.5,176.2,166.8,181.1,171.8,176.0,176.3,170.3,165.8
ED-0054,943,15:43,179.2,173.4,170.5,185.3,176.3,167.0,181.6,171.7,176.0,177.0,169.6,166.6
ED-0054,944,15:44,178.7,174.3,169.6,186.0,176.7,166.9,181.7,172.2,176.6,176.4,170.4,164.9
ED-0054,945,15:45,178.4,174.3,171.2,185.5,176.3,166.8,182.1,172.3,176.1,176.6,171.0,165.9
ED-0054,946,15:46,179.2,174.5,171.2,185.7,176.6,168.0,182.0,172.5,176.9,176.0,170.4,165.0
ED-0054,947,15:47,179.0,174.0,170.9,185.4,175.8,166.7,182.8,172.0,176.9,176.7,170.8,166.5
ED-0054,948,15:48,178.8,173.9,170.4,185.5,176.8,166.7,182.2,172.6,176.5,177.0,169.3,166.1
ED-0054,949,15:49,179.0,174.2,171.0,185.6,176.7,167.0,181.5,172.4,176.9,177.3,170.1,165.6
ED-0054,950,15:50,180.2,174.8,171.2,186.4,176.9,167.3,182.5,172.1,177.2,176.7,170.2,166.3
ED-0054,951,15:51,178.3,173.6,170.6,186.2,176.7,167.3,182.5,173.6,176.7,177.4,171.5,166.5
ED-0054,952,15:52,179.6,175.1,171.0,185.9,176.7,167.4,183.0,172.6,176.3,176.9,171.2,166.4
ED-0054,953,15:53,178.2,174.5,171.3,185.8,175.8,168.7,182.2,172.5,178.0,176.8,171.8,166.9
ED-0054,954,15:54,179.3,174.4,171.1,186.2,177.4,167.4,182.4,172.7,177.7,177.6,170.3,166.8
ED-0054,955,15:55,180.0,174.8,171.2,186.4,177.1,168.0,182.0,173.4,177.6,177.1,171.5,165.9
ED-0054,956,15:56,179.9,174.9,171.2,186.5,177.1,167.1,183.9,173.2,176.6,177.7,171.4,166.8
ED-0054,957,15:57,179.7,175.2,171.2,185.7,177.4,168.3,183.5,172.5,177.7,177.2,171.7,167.5
ED-0054,958,15:58,179.2,175.3,171.0,185.9,177.7,167.0,182.1,172.6,177.8,178.4,171.2,167.4
ED-0054,959,15:59,180.1,174.9,172.0,186.2,177.8,168.2,182.3,173.4,177.5,177.9,171.8,166.8
ED-0054,960,16:00,179.7,175.0,171.9,186.2,177.4,167.4,182.7,172.6,177.2,178.2,171.5,167.1
ED-0054,961,16:01,180.1,174.9,170.8,185.9,177.5,168.1,183.3,172.5,177.1,177.1,171.8,167.2
ED-0054,962,16:02,179.4,174.8,172.2,187.0,178.3,168.1,183.5,173.2,178.0,178.6,172.2,167.0
ED-0054,963,16:03,179.7,175.2,171.9,186.7,177.5,168.4,183.1,172.2,177.7,178.8,171.6,168.0
ED-0054,964,16:04,179.9,175.4,171.7,186.8,178.4,168.4,183.9,173.4,177.1,177.5,171.8,167.7
ED-0054,965,16:05,179.8,175.4,171.7,186.8,177.4,168.5,183.4,172.9,178.6,178.1,171.1,168.0
ED-0054,966,16:06,179.9,175.9,171.0,186.8,177.8,168.5,183.6,173.0,177.3,178.4,171.1,168.0
ED-0054,967,16:07,180.7,174.7,171.7,187.7,177.8,168.9,183.7,173.1,178.5,178.1,171.9,167.7
ED-0054,968,16:08,180.1,174.7,171.9,186.9,178.4,168.6,184.3,173.5,178.2,177.8,172.6,167.5
ED-0054,969,16:09,180.2,175.6,172.6,187.9,177.7,168.8,184.0,173.8,177.8,177.9,172.1,167.1
ED-0054,970,16:10,180.7,175.2,172.0,187.6,178.5,168.2,183.2,173.5,177.6,179.0,171.8,167.5
ED-0054,971,16:11,180.5,176.8,172.3,186.9,178.9,169.4,183.8,172.7,177.9,178.2,172.5,168.4
ED-0054,972,16:12,179.6,175.9,172.1,187.6,178.0,168.8,183.4,173.6,178.4,178.7,173.2,168.5
ED-0054,973,16:13,180.1,176.4,172.0,187.9,178.9,169.0,183.6,174.2,179.3,179.0,173.1,168.0
ED-0054,974,16:14,180.4,176.5,173.2,186.8,178.7,169.1,184.0,173.5,178.6,178.1,171.6,167.4
ED-0054,975,16:15,181.6,175.6,172.7,187.8,179.5,168.9,184.6,174.5,178.6,178.9,172.9,168.7
ED-0054,976,16:16,181.3,176.4,173.0,187.2,179.3,169.4,183.9,173.4,178.2,178.9,172.3,168.7
ED-0054,977,16:17,180.4,176.7,173.5,188.2,178.4,169.5,184.3,174.2,179.0,178.8,172.0,168.6
ED-0054,978,16:18,180.3,175.2,173.0,186.7,179.0,169.9,183.8,174.6,178.8,178.7,173.4,168.0
ED-0054,979,16:19,181.6,176.1,172.7,188.8,178.8,169.3,183.7,174.3,178.5,178.9,173.5,167.9
ED-0054,980,16:20,181.3,177.0,173.4,188.9,179.2,169.4,184.2,173.7,179.1,179.4,172.8,167.9
ED-0054,981,16:21,180.9,176.1,173.5,187.7,177.9,169.7,184.6,175.1,178.5,178.0,172.6,168.4
ED-0054,982,16:22,181.5,175.7,173.7,187.4,179.1,169.3,183.9,174.8,178.0,178.6,172.6,169.0
ED-0054,983,16:23,181.0,176.8,173.2,188.0,178.1,168.2,184.1,173.9,179.3,178.6,173.2,169.4
ED-0054,984,16:24,182.5,176.5,173.2,188.1,178.4,170.1,184.0,174.5,178.8,179.1,172.9,167.7
ED-0054,985,16:25,181.3,176.6,173.3,187.9,179.6,169.7,184.5,174.6,179.7,179.5,173.8,168.5
ED-0054,986,16:26,181.5,176.5,173.1,188.0,180.1,170.1,184.8,174.6,178.5,179.6,172.9,168.9
ED-0054,987,16:27,181.5,177.3,173.9,188.6,179.1,169.6,185.0,175.0,178.4,180.2,172.8,168.4
ED-0054,988,16:28,181.3,176.9,174.1,187.6,179.8,170.6,184.3,175.3,178.8,179.0,173.9,169.1
ED-0054,989,16:29,180.9,176.5,173.4,189.2,180.3,169.1,185.6,175.0,179.6,179.8,174.3,169.1
ED-0054,990,16:30,182.1,177.0,172.4,188.0,179.2,168.9,185.1,175.3,179.6,179.7,172.8,169.9
ED-0054,991,16:31,182.1,177.0,174.0,188.7,179.0,169.3,185.8,175.4,179.9,180.2,173.5,168.4
ED-0054,992,16:32,181.7,176.8,175.1,188.9,179.1,170.7,184.9,175.2,179.5,180.7,173.2,170.2
ED-0054,993,16:33,181.4,177.4,173.4,189.3,179.7,169.1,185.3,175.2,179.9,180.3,173.7,169.2
ED-0054,994,16:34,181.7,177.0,174.0,188.6,180.2,170.3,185.7,175.0,179.8,180.2,174.1,169.5
ED-0054,995,16:35,181.6,177.7,174.2,189.1,179.8,170.6,185.8,175.6,180.1,180.1,174.3,168.9
ED-0054,996,16:36,181.8,176.7,173.0,189.5,180.3,169.8,185.4,175.0,179.3,179.5,174.5,168.6
ED-0054,997,16:37,183.3,178.3,174.0,188.4,180.1,170.5,186.0,175.6,180.6,179.3,174.6,170.0
ED-0054,998,16:38,182.6,177.1,174.2,188.7,180.3,170.1,185.3,174.9,180.0,180.4,173.5,169.6
ED-0054,999,16:39,182.4,178.2,174.3,188.1,179.7,171.2,185.6,175.4,181.2,180.4,173.3,169.2
ED-0054,1000,16:40,183.1,177.1,174.0,188.9,180.2,171.2,187.0,175.8,181.4,180.1,173.5,169.7
ED-0054,1001,16:41,182.3,177.7,174.1,188.9,181.1,171.7,185.4,175.7,180.9,180.6,173.1,170.1
ED-0054,1002,16:42,182.9,178.3,174.5,189.1,180.7,170.3,185.8,175.7,179.4,180.5,173.6,170.0
ED-0054,1003,16:43,183.1,177.9,174.4,189.9,180.2,170.9,185.9,175.4,181.2,180.6,174.3,170.5
ED-0054,1004,16:44,182.9,177.7,174.0,189.2,180.4,171.0,186.1,176.2,179.9,179.9,174.3,169.7
ED-0054,1005,16:45,183.3,178.0,175.1,190.4,181.3,171.2,185.8,175.5,180.4,180.8,175.3,169.7
ED-0054,1006,16:46,183.6,178.3,175.1,189.6,181.1,171.9,186.3,175.9,180.7,181.1,175.3,170.3
ED-0054,1007,16:47,183.0,177.5,174.6,189.6,181.4,171.4,185.9,176.4,180.7,180.2,174.3,170.4
ED-0054,1008,16:48,182.9,178.1,175.3,189.9,181.2,171.6,186.5,175.7,180.3,180.9,174.5,169.8
ED-0054,1009,16:49,183.2,178.8,175.2,190.2,181.4,171.3,185.6,176.1,180.8,181.1,174.7,170.6
ED-0054,1010,16:50,182.7,178.1,174.8,189.2,181.0,170.9,186.5,176.0,181.1,181.5,174.8,170.3
ED-0054,1011,16:51,184.9,178.2,175.1,190.3,180.9,171.3,186.5,176.1,181.5,181.7,175.2,170.7
ED-0054,1012,16:52,183.2,178.0,175.1,189.7,181.2,171.9,187.4,176.0,181.2,180.1,175.5,170.7
ED-0054,1013,16:53,183.4,178.8,174.5,190.4,181.5,171.2,187.5,176.6,181.4,181.3,174.8,170.2
ED-0054,1014,16:54,182.7,178.5,175.4,189.8,181.1,171.1,186.1,176.6,181.9,181.7,174.4,170.3
ED-0054,1015,16:55,183.5,179.0,174.3,191.4,181.4,172.6,186.8,176.6,181.7,181.1,174.2,170.2
ED-0054,1016,16:56,183.9,178.5,175.6,190.1,181.9,172.3,188.5,177.0,181.0,180.7,174.4,169.7
ED-0054,1017,16:57,184.1,178.6,174.5,190.4,181.2,172.0,187.1,177.0,181.1,180.7,176.2,169.9
ED-0054,1018,16:58,183.7,179.6,175.7,190.3,180.8,171.3,186.5,177.4,181.7,181.4,175.7,171.0
ED-0054,1019,16:59,184.5,179.2,176.0,190.6,181.3,172.1,188.0,177.7,181.6,181.4,175.3,171.4
ED-0054,1020,17:00,183.6,178.6,175.2,190.6,182.3,171.1,187.0,177.2,181.1,181.6,175.1,171.3
ED-0054,1021,17:01,183.3,178.1,175.0,191.1,181.3,171.7,187.2,176.8,181.8,182.7,175.3,171.5
ED-0054,1022,17:02,184.4,179.9,176.0,191.3,181.3,172.5,187.6,177.1,182.0,182.2,175.4,170.9
ED-0054,1023,17:03,184.1,179.5,175.2,190.0,181.1,172.2,187.6,178.1,181.8,181.7,175.8,170.8
ED-0054,1024,17:04,184.6,180.3,176.5,191.2,181.9,172.5,187.9,176.8,181.8,181.3,176.4,171.4
ED-0054,1025,17:05,185.0,180.4,175.4,191.0,182.3,171.8,187.4,176.5,181.5,181.6,174.2,171.8
ED-0054,1026,17:06,184.5,179.2,175.6,191.4,181.8,172.7,187.2,177.5,181.8,181.0,176.0,171.5
ED-0054,1027,17:07,183.4,179.5,176.4,191.4,182.1,172.2,187.4,176.1,181.8,183.0,175.8,170.8
ED-0054,1028,17:08,183.5,179.4,176.1,192.0,183.7,173.0,187.5,176.6,182.1,182.8,175.9,170.8
ED-0054,1029,17:09,185.2,179.6,175.1,191.8,182.2,172.6,188.1,178.2,180.0,182.9,176.2,171.1
ED-0054,1030,17:10,183.6,179.9,175.8,190.3,181.9,172.7,187.6,177.8,182.5,182.3,176.2,171.0
ED-0054,1031,17:11,185.1,179.7,176.1,191.4,182.6,173.0,187.7,178.2,181.7,182.7,176.6,171.1
ED-0054,1032,17:12,184.8,179.9,176.8,191.6,182.6,172.3,188.2,177.0,182.7,182.5,176.1,171.0
ED-0054,1033,17:13,184.5,179.6,176.7,191.2,182.8,173.2,188.4,177.3,182.3,183.3,176.8,172.0
ED-0054,1034,17:14,184.5,180.3,175.8,191.7,181.9,172.5,188.2,177.1,182.5,183.1,176.3,171.1
ED-0054,1035,17:15,185.3,180.3,177.5,191.0,183.6,172.7,188.5,178.0,182.4,182.4,176.7,171.1
ED-0054,1036,17:16,185.3,180.2,176.3,191.6,183.1,172.8,189.1,178.5,182.8,182.9,176.1,172.3
ED-0054,1037,17:17,185.7,179.5,175.5,192.1,183.6,172.7,189.7,177.7,182.6,182.1,176.4,172.2
ED-0054,1038,17:18,185.4,179.6,176.1,191.9,182.8,172.9,188.8,177.1,182.5,182.6,176.2,172.0
ED-0054,1039,17:19,185.9,180.1,176.2,191.5,182.7,173.7,188.3,177.5,183.3,182.7,176.0,171.6
ED-0054,1040,17:20,185.5,180.2,175.7,192.2,183.3,172.9,188.4,178.1,182.7,182.7,177.1,172.7
ED-0054,1041,17:21,184.8,180.4,177.2,192.6,181.7,173.6,189.0,179.0,182.8,181.9,176.3,173.0
ED-0054,1042,17:22,184.9,180.8,177.4,192.4,183.1,173.4,188.8,178.6,182.1,184.1,176.6,172.2
ED-0054,1043,17:23,184.8,180.5,177.6,192.3,183.6,173.6,188.4,178.0,184.0,183.0,176.1,172.2
ED-0054,1044,17:24,185.4,181.3,176.8,192.2,183.5,173.0,189.4,178.3,184.0,183.0,176.9,172.8
ED-0054,1045,17:25,185.7,180.5,177.0,191.9,183.5,174.1,189.3,178.2,182.4,183.9,177.6,171.8
ED-0054,1046,17:26,184.9,180.4,176.7,192.1,183.3,174.1,188.3,178.1,183.6,183.8,177.0,172.6
ED-0054,1047,17:27,186.8,180.7,177.5,192.0,184.5,172.6,188.9,178.7,183.9,184.3,176.5,173.6
ED-0054,1048,17:28,185.7,180.5,176.8,191.8,183.3,173.4,190.1,179.1,183.1,183.5,176.6,172.9
ED-0054,1049,17:29,185.0,180.9,178.3,193.1,183.8,173.9,189.9,178.2,183.3,183.9,176.0,173.1
ED-0054,1050,17:30,185.7,181.6,177.0,192.0,183.7,173.1,190.2,179.0,183.9,183.9,177.0,172.3
ED-0054,1051,17:31,186.1,181.6,176.7,193.3,184.1,174.5,189.4,179.0,183.6,184.0,177.7,172.8
ED-0054,1052,17:32,185.6,181.2,177.9,193.2,183.4,174.5,190.0,178.9,184.2,183.2,177.2,172.7
ED-0054,1053,17:33,185.9,180.9,177.5,191.8,184.1,174.5,189.5,179.2,183.5,183.5,177.8,173.1
ED-0054,1054,17:34,186.7,181.3,177.0,193.0,183.7,173.4,189.7,179.0,183.8,185.0,178.0,173.4
ED-0054,1055,17:35,186.2,181.6,177.4,192.7,184.4,174.7,189.1,178.7,184.3,184.3,177.2,174.1
ED-0054,1056,17:36,186.4,181.3,177.0,193.1,184.6,173.8,189.2,179.6,183.8,183.7,177.5,173.9
ED-0054,1057,17:37,186.2,181.3,177.2,193.9,184.9,174.5,189.6,179.5,184.8,184.2,177.8,174.3
ED-0054,1058,17:38,187.6,181.5,178.0,193.3,184.3,174.1,189.5,179.2,184.3,184.4,178.4,173.3
ED-0054,1059,17:39,186.8,181.1,178.3,193.5,185.2,174.7,188.9,179.3,183.8,184.0,178.8,173.7
ED-0054,1060,17:40,186.9,182.2,176.9,193.0,184.2,175.0,190.7,179.7,183.9,185.0,177.3,172.9
ED-0054,1061,17:41,186.7,180.8,177.8,193.6,183.9,175.0,189.5,178.9,184.1,184.5,178.7,173.3
ED-0054,1062,17:42,186.9,182.3,177.5,194.3,183.9,174.5,190.2,179.6,184.0,185.9,177.2,173.1
ED-0054,1063,17:43,186.3,181.4,178.2,193.1,184.3,174.5,189.8,179.0,184.0,184.6,178.0,174.0
ED-0054,1064,17:44,186.2,181.5,178.6,194.0,184.6,174.7,191.2,180.3,183.7,184.3,178.4,173.4
ED-0054,1065,17:45,186.8,182.0,178.4,194.3,184.1,174.8,190.4,180.4,183.8,185.6,178.0,174.0
ED-0054,1066,17:46,186.9,182.1,177.5,193.1,183.7,175.4,190.5,180.8,184.7,184.7,178.2,174.0
ED-0054,1067,17:47,186.7,182.1,177.6,193.6,185.0,174.3,190.9,180.3,184.5,185.2,178.5,173.4
ED-0054,1068,17:48,187.2,182.3,179.1,193.6,184.4,174.6,189.6,180.5,184.8,185.5,177.5,173.4
ED-0054,1069,17:49,187.9,182.2,178.8,194.3,184.8,175.5,191.5,180.4,184.7,184.6,178.0,173.8
ED-0054,1070,17:50,186.9,182.1,178.5,193.5,185.7,175.2,191.2,179.6,185.1,185.2,178.6,174.7
ED-0054,1071,17:51,187.3,181.8,178.0,193.8,184.3,174.8,191.1,179.9,184.5,184.7,179.1,174.4
ED-0054,1072,17:52,187.3,182.7,178.6,193.9,185.1,174.6,190.7,180.6,185.6,185.2,178.9,175.0
ED-0054,1073,17:53,186.2,182.6,177.4,193.8,185.0,175.9,190.9,180.6,184.7,184.8,178.3,173.8
ED-0054,1074,17:54,186.7,182.0,178.9,194.2,185.2,174.9,190.8,181.0,184.7,186.0,178.1,174.5
ED-0054,1075,17:55,187.6,182.6,178.4,194.5,185.0,176.1,191.3,180.3,184.9,185.1,178.8,174.5
ED-0054,1076,17:56,187.4,181.9,179.3,194.5,185.3,175.2,191.4,180.2,185.7,186.0,179.0,174.3
ED-0054,1077,17:57,187.6,182.5,179.8,194.3,185.5,175.6,190.4,181.2,185.1,184.8,178.3,175.4
ED-0054,1078,17:58,188.4,182.8,178.8,194.6,185.0,174.5,191.2,181.1,185.6,185.8,178.2,173.1
ED-0054,1079,17:59,188.1,183.5,178.4,194.5,186.4,175.6,190.9,181.3,185.4,185.7,178.9,174.8
ED-0054,1080,18:00,187.9,182.1,178.9,193.9,184.7,176.0,191.1,180.7,186.3,185.5,179.1,175.4
ED-0054,1081,18:01,187.5,182.4,178.4,193.9,185.6,175.6,192.2,180.2,184.8,185.9,178.8,175.0
ED-0054,1082,18:02,188.0,182.1,179.1,194.1,185.4,176.0,191.0,181.6,185.6,185.0,179.8,175.5
ED-0054,1083,18:03,188.5,182.9,179.5,194.8,184.9,175.6,191.9,180.7,186.2,185.8,179.5,174.4
ED-0054,1084,18:04,188.8,182.9,180.3,194.9,186.3,175.1,191.9,181.1,185.4,186.0,179.2,174.7
ED-0054,1085,18:05,188.2,182.6,178.3,194.6,185.9,175.4,192.1,181.1,186.2,184.7,179.4,174.4
ED-0054,1086,18:06,187.9,183.1,179.6,194.4,187.6,176.2,191.3,181.2,186.4,186.1,179.3,175.2
ED-0054,1087,18:07,188.9,183.2,178.9,194.8,185.9,175.9,191.6,180.6,185.8,185.7,179.3,174.4
ED-0054,1088,18:08,188.1,183.7,179.3,195.8,185.2,175.9,191.8,180.5,186.5,185.3,180.2,175.0
ED-0054,1089,18:09,189.0,182.9,179.9,195.4,185.9,176.3,191.3,180.7,185.5,185.8,179.9,174.2
ED-0054,1090,18:10,188.3,182.6,179.5,195.3,185.8,176.2,191.7,181.7,186.1,186.5,179.8,174.2
ED-0054,1091,18:11,189.0,183.6,179.7,196.0,186.5,176.0,192.1,180.8,185.9,186.4,179.8,174.7
ED-0054,1092,18:12,188.8,183.1,180.2,194.6,185.9,176.4,191.8,181.5,186.4,186.3,179.2,175.9
ED-0054,1093,18:13,188.7,182.6,179.8,195.2,186.6,176.4,192.0,181.6,185.7,186.4,179.6,175.3
ED-0054,1094,18:14,188.7,183.6,180.3,195.3,186.3,177.2,192.9,181.6,186.0,185.6,179.7,175.3
ED-0054,1095,18:15,188.5,183.5,180.7,195.8,186.5,176.1,192.5,181.6,186.3,186.3,179.9,176.0
ED-0054,1096,18:16,187.8,183.8,179.4,195.9,188.0,177.1,192.7,181.9,186.4,186.5,179.8,175.2
ED-0054,1097,18:17,188.2,183.6,180.2,195.7,186.6,176.7,192.2,181.4,186.9,185.8,180.2,176.6
ED-0054,1098,18:18,190.1,184.3,180.0,196.1,186.9,177.0,192.5,180.9,186.3,186.0,179.6,174.8
ED-0054,1099,18:19,189.5,183.5,180.2,195.8,186.6,176.4,192.5,182.4,186.9,185.7,180.0,176.2
ED-0054,1100,18:20,188.8,183.8,180.1,196.1,185.6,177.2,193.0,182.2,186.9,186.7,180.4,176.3
ED-0054,1101,18:21,188.3,183.6,179.7,196.0,186.6,176.9,191.5,182.0,186.7,187.1,181.0,175.7
ED-0054,1102,18:22,189.5,183.0,180.3,196.0,186.2,176.6,193.1,182.4,186.5,186.3,179.3,176.1
ED-0054,1103,18:23,189.8,183.7,180.9,196.6,186.5,177.1,192.5,182.5,186.8,187.0,180.5,175.7
ED-0054,1104,18:24,189.5,184.6,180.3,196.4,186.3,176.6,193.0,181.6,187.6,186.6,180.2,176.3
ED-0054,1105,18:25,190.2,184.6,179.8,195.9,187.2,177.0,193.8,182.4,186.3,187.2,180.4,175.6
ED-0054,1106,18:26,189.4,185.0,181.1,196.7,187.4,177.2,193.2,181.9,186.8,186.8,180.5,176.4
ED-0054,1107,18:27,189.1,184.5,180.1,195.8,187.8,178.1,192.3,182.6,187.3,187.0,180.3,176.0
ED-0054,1108,18:28,190.1,184.1,181.2,196.8,186.3,177.5,193.3,182.6,187.6,186.8,180.8,176.0
ED-0054,1109,18:29,190.2,185.2,179.8,196.5,186.4,177.0,193.5,182.7,187.2,187.1,180.3,176.7
ED-0054,1110,18:30,190.4,184.1,179.6,197.3,187.7,177.9,193.2,182.3,186.7,188.1,182.0,175.9
ED-0054,1111,18:31,189.2,184.7,180.8,195.8,187.6,177.7,193.5,182.0,187.1,187.2,180.3,176.9
ED-0054,1112,18:32,189.6,184.6,180.9,195.4,187.3,177.7,194.0,182.5,186.9,185.9,180.8,177.1
ED-0054,1113,18:33,190.2,183.8,180.8,196.9,187.1,177.7,193.8,182.7,187.3,186.6,180.9,177.3
ED-0054,1114,18:34,190.0,184.9,181.3,196.5,187.0,177.5,193.9,183.5,187.5,186.4,180.4,176.6
ED-0054,1115,18:35,190.1,185.3,181.3,196.8,187.9,177.4,192.5,183.3,187.2,187.5,180.9,176.5
ED-0054,1116,18:36,190.8,185.4,181.0,196.4,187.3,178.6,193.6,183.1,187.7,186.3,180.7,177.0
ED-0054,1117,18:37,190.4,184.9,180.8,196.7,188.3,178.3,194.0,183.4,188.0,186.9,180.1,176.6
ED-0054,1118,18:38,190.6,184.9,180.6,195.4,188.5,178.0,193.5,183.0,187.7,187.6,181.0,177.3
ED-0054,1119,18:39,190.3,185.1,182.2,196.6,187.5,177.9,193.5,183.1,188.2,187.6,181.6,176.7
ED-0054,1120,18:40,190.7,184.2,181.4,196.2,188.3,178.8,193.7,183.1,187.5,188.2,181.2,176.8
ED-0054,1121,18:41,189.5,185.2,182.1,196.8,188.8,178.1,193.4,183.1,187.5,187.7,181.1,177.7
ED-0054,1122,18:42,189.7,185.2,181.5,196.9,188.3,179.0,194.4,183.2,187.9,187.3,181.3,177.2
ED-0054,1123,18:43,190.7,185.9,181.5,196.5,189.4,178.6,194.3,182.8,188.0,189.1,181.3,177.1
ED-0054,1124,18:44,190.8,185.8,181.3,197.4,188.4,178.7,194.9,183.2,188.2,188.1,181.3,177.9
ED-0054,1125,18:45,190.8,185.1,180.8,197.3,188.6,178.2,194.3,183.4,187.7,188.8,181.7,177.3
ED-0054,1126,18:46,190.6,186.0,181.2,197.1,188.7,179.2,193.7,184.0,187.0,188.1,181.3,177.6
ED-0054,1127,18:47,190.0,185.3,182.1,197.7,189.1,179.6,195.4,184.0,188.2,187.4,181.3,177.9
ED-0054,1128,18:48,191.8,186.4,181.7,197.2,188.0,177.9,194.0,184.0,187.9,187.9,181.1,177.6
ED-0054,1129,18:49,191.1,186.3,181.8,196.6,188.7,177.9,195.2,182.7,187.6,188.1,182.3,177.9
ED-0054,1130,18:50,191.7,185.5,181.9,198.4,188.4,178.2,195.4,183.7,189.1,188.4,181.7,177.8
ED-0054,1131,18:51,190.9,186.4,182.1,198.0,188.4,177.6,194.7,183.6,187.9,188.7,182.1,177.4
ED-0054,1132,18:52,190.7,185.6,181.3,197.8,188.1,179.0,194.4,184.1,188.1,187.7,182.2,177.6
ED-0054,1133,18:53,190.9,186.2,182.0,198.5,188.5,179.2,194.7,183.6,188.5,188.2,182.2,177.5
ED-0054,1134,18:54,190.5,185.6,181.4,197.7,189.6,178.9,194.8,184.3,188.1,189.4,181.9,178.4
ED-0054,1135,18:55,191.2,186.3,182.5,199.0,188.5,179.5,195.3,184.5,187.8,188.9,181.8,178.3
ED-0054,1136,18:56,191.8,186.1,182.4,198.8,189.4,179.7,194.8,183.5,188.6,188.7,182.1,177.4
ED-0054,1137,18:57,191.8,185.7,181.3,198.0,190.5,178.8,195.2,184.5,188.6,189.1,182.0,178.6
ED-0054,1138,18:58,190.8,186.3,182.4,198.3,189.3,178.6,194.5,184.0,188.7,189.3,183.2,178.2
ED-0054,1139,18:59,192.0,185.4,182.2,198.2,189.8,179.3,195.3,184.6,188.3,189.0,181.3,177.9
ED-0054,1140,19:00,191.8,186.3,182.3,198.0,189.4,179.2,195.8,183.9,188.4,188.2,181.8,178.3
ED-0054,1141,19:01,191.5,186.6,182.0,198.3,188.5,178.9,194.7,184.4,188.3,188.6,182.9,178.4
ED-0054,1142,19:02,191.3,186.5,181.9,198.5,188.9,179.7,195.3,184.5,188.5,189.2,182.6,178.1
ED-0054,1143,19:03,191.9,186.7,182.6,198.4,189.1,179.7,195.1,185.5,189.5,189.8,182.1,177.8
ED-0054,1144,19:04,192.1,186.1,183.0,199.1,189.6,180.2,195.3,184.4,189.3,188.4,182.6,178.0
ED-0054,1145,19:05,191.0,186.6,182.7,198.6,190.1,178.4,196.6,185.1,189.4,188.4,183.1,178.9
ED-0054,1146,19:06,191.7,186.7,183.2,199.0,189.6,179.6,195.2,184.6,189.3,188.7,183.4,178.0
ED-0054,1147,19:07,192.5,187.6,183.1,198.4,188.4,178.4,194.8,184.8,188.7,189.2,183.1,179.1
ED-0054,1148,19:08,192.8,187.0,182.9,199.6,189.6,179.2,196.5,185.0,189.2,189.0,183.5,178.2
ED-0054,1149,19:09,192.3,186.4,183.3,198.5,189.0,179.7,195.2,184.8,188.7,189.8,183.0,178.4
ED-0054,1150,19:10,191.2,187.0,183.3,198.6,189.8,179.5,194.5,185.8,188.6,189.8,181.5,177.6
ED-0054,1151,19:11,192.3,186.7,183.5,198.9,189.2,180.0,196.0,185.5,188.8,190.0,183.1,178.7
ED-0054,1152,19:12,192.7,187.1,182.7,198.7,189.7,180.7,195.8,185.1,189.3,189.0,182.8,179.0
ED-0054,1153,19:13,192.6,187.3,183.0,199.1,189.9,179.4,194.8,184.9,189.3,189.8,184.0,179.0
ED-0054,1154,19:14,191.5,188.6,182.7,198.9,190.4,180.5,195.9,185.1,189.9,189.8,183.9,179.2
ED-0054,1155,19:15,193.0,186.5,183.5,199.6,190.5,179.9,195.7,185.5,189.8,190.4,182.9,178.8
ED-0054,1156,19:16,192.2,188.0,183.1,199.1,190.4,180.1,196.0,184.2,189.8,190.7,183.2,179.1
ED-0054,1157,19:17,191.9,186.5,182.7,200.1,190.9,179.5,195.7,185.4,190.0,189.9,182.6,179.0
ED-0054,1158,19:18,193.2,186.8,183.4,199.4,190.7,180.3,195.8,184.0,189.4,190.2,183.0,179.3
ED-0054,1159,19:19,191.9,187.5,183.5,200.2,190.3,179.7,196.0,184.5,189.0,190.0,183.6,179.5
ED-0054,1160,19:20,193.1,186.3,183.0,198.3,191.3,180.8,197.1,185.9,190.1,191.2,183.6,179.3
ED-0054,1161,19:21,192.7,187.2,182.8,198.9,190.1,180.3,196.7,185.8,189.7,190.6,182.3,179.6
ED-0054,1162,19:22,192.3,187.4,184.1,199.5,190.7,179.5,196.7,185.4,191.4,190.2,184.4,179.6
ED-0054,1163,19:23,192.1,187.4,183.5,199.1,191.5,181.1,195.8,185.4,190.2,190.2,183.3,179.5
ED-0054,1164,19:24,193.5,187.4,183.6,198.9,190.6,180.4,197.4,185.0,190.4,190.1,183.9,178.7
ED-0054,1165,19:25,193.2,188.2,184.1,200.3,190.2,182.1,195.7,185.7,190.4,190.2,184.1,179.3
ED-0054,1166,19:26,193.5,188.4,183.2,199.4,190.2,179.8,195.7,185.1,190.8,190.2,183.9,178.6
ED-0054,1167,19:27,192.8,187.4,183.9,199.6,190.3,180.7,196.5,184.6,190.8,189.7,184.0,179.7
ED-0054,1168,19:28,192.9,187.5,183.7,199.7,191.8,180.2,196.3,185.5,190.2,190.4,184.1,177.8
ED-0054,1169,19:29,193.5,188.8,183.4,199.9,190.5,181.5,197.1,187.0,189.6,190.2,183.9,179.7
ED-0054,1170,19:30,193.3,188.5,184.5,200.5,191.0,181.0,198.1,186.4,190.9,190.6,183.3,179.8
ED-0054,1171,19:31,194.1,188.3,183.9,200.9,190.9,180.2,197.1,185.9,190.9,190.6,184.7,180.2
ED-0054,1172,19:32,193.0,187.9,184.8,201.0,191.1,181.1,197.1,186.6,190.9,190.6,184.0,179.9
ED-0054,1173,19:33,193.1,188.1,184.8,199.8,191.5,181.3,197.2,186.2,190.6,189.9,184.6,179.7
ED-0054,1174,19:34,193.2,187.6,184.8,200.2,190.8,181.5,198.0,186.3,191.1,189.8,184.8,179.6
ED-0054,1175,19:35,193.1,187.8,184.1,200.4,191.5,180.3,196.4,186.6,190.5,190.4,184.2,179.4
ED-0054,1176,19:36,193.8,188.4,184.4,200.4,191.4,181.8,196.6,186.5,190.6,190.8,184.0,180.1
ED-0054,1177,19:37,193.2,189.6,184.7,200.4,190.7,181.0,196.9,186.2,190.4,191.2,183.9,180.0
ED-0054,1178,19:38,193.9,189.3,184.8,200.4,191.9,181.8,197.1,185.5,192.0,190.8,184.2,180.4
ED-0054,1179,19:39,193.7,187.9,183.8,200.0,191.9,180.9,197.9,186.2,191.4,191.2,185.3,179.9
ED-0054,1180,19:40,194.8,188.3,183.4,200.7,191.7,181.7,198.2,185.9,191.4,190.7,184.4,179.6
ED-0054,1181,19:41,193.5,187.8,185.1,200.7,191.5,180.9,197.5,186.9,192.0,191.1,184.5,179.7
ED-0054,1182,19:42,194.4,189.3,184.8,201.1,191.8,181.1,197.9,186.5,190.8,190.4,185.0,180.5
ED-0054,1183,19:43,193.2,188.4,184.7,200.3,191.9,181.8,197.9,186.3,191.1,190.2,185.2,180.0
ED-0054,1184,19:44,194.4,188.1,185.2,200.7,192.2,181.6,198.8,186.9,191.4,192.0,185.1,180.6
ED-0054,1185,19:45,194.2,188.1,185.2,202.3,192.4,181.2,197.9,187.2,190.7,191.0,184.5,180.4
ED-0054,1186,19:46,193.8,188.5,185.3,201.3,191.6,180.9,196.7,187.4,192.4,191.8,185.3,180.0
ED-0054,1187,19:47,194.0,189.0,185.8,202.4,191.9,182.3,198.1,187.7,191.8,191.7,185.6,181.0
ED-0054,1188,19:48,194.0,189.0,184.6,201.5,191.9,180.6,197.7,187.0,191.1,190.8,185.0,180.9
ED-0054,1189,19:49,195.6,188.6,185.1,201.3,192.2,182.0,197.8,186.9,192.0,192.4,186.0,181.0
ED-0054,1190,19:50,194.1,188.8,185.1,200.6,191.4,181.3,197.6,186.4,192.3,191.7,185.7,181.3
ED-0054,1191,19:51,193.8,189.6,185.0,201.7,192.3,182.2,198.3,186.9,191.6,191.2,185.1,182.0
ED-0054,1192,19:52,195.0,189.6,185.2,201.3,191.8,182.3,197.6,188.0,191.4,191.9,185.1,180.8
ED-0054,1193,19:53,194.2,188.8,186.5,202.3,192.6,183.4,198.2,187.3,191.7,191.5,185.3,180.2
ED-0054,1194,19:54,195.0,188.9,185.5,202.0,192.0,182.5,198.7,187.8,191.4,192.5,185.4,181.4
ED-0054,1195,19:55,194.8,187.7,184.8,201.0,193.4,182.3,198.3,187.3,191.7,192.3,185.2,181.8
ED-0054,1196,19:56,195.7,190.2,186.0,200.6,192.4,181.8,199.6,186.8,192.1,192.5,185.6,181.9
ED-0054,1197,19:57,194.0,190.0,185.1,201.9,192.9,181.8,199.8,187.2,191.8,191.8,184.7,181.2
ED-0054,1198,19:58,195.2,189.7,186.5,201.3,192.9,182.0,197.8,186.9,193.5,193.3,184.9,181.3
ED-0054,1199,19:59,193.9,189.6,185.6,201.8,192.9,182.2,198.8,187.6,191.8,191.9,185.5,181.7
ED-0054,1200,20:00,195.2,190.1,186.3,202.2,192.8,182.7,198.5,187.4,192.0,192.5,185.0,181.6
ED-0054,1201,20:01,195.0,188.7,185.9,202.4,192.9,182.9,199.3,187.4,192.4,191.8,185.7,181.8
ED-0054,1202,20:02,194.1,189.4,186.1,202.0,192.8,182.6,199.8,187.9,192.3,192.8,185.7,183.3
ED-0054,1203,20:03,195.6,188.8,185.2,202.2,193.6,183.4,199.0,187.9,193.0,192.5,185.2,181.2
ED-0054,1204,20:04,195.0,189.9,186.4,202.0,193.5,183.8,198.8,188.3,192.5,191.9,185.1,181.1
ED-0054,1205,20:05,195.3,190.4,185.6,202.0,192.7,182.7,199.1,188.3,192.3,193.2,185.4,181.0
ED-0054,1206,20:06,195.2,189.1,185.0,202.8,193.0,182.7,198.2,188.3,192.5,192.6,186.4,181.4
ED-0054,1207,20:07,195.2,190.0,186.3,202.0,193.4,184.2,199.2,188.5,192.6,192.8,186.0,181.8
ED-0054,1208,20:08,194.8,189.3,185.4,202.1,193.8,182.4,198.7,187.7,192.5,192.2,185.8,182.1
ED-0054,1209,20:09,194.9,190.0,185.8,201.7,193.0,183.3,199.3,188.6,192.4,192.7,185.8,182.6
ED-0054,1210,20:10,195.8,190.4,186.1,202.4,193.8,183.0,198.9,188.6,192.9,193.2,186.6,180.9
ED-0054,1211,20:11,195.7,189.3,186.6,203.1,194.0,183.5,199.6,188.2,193.1,192.8,185.9,180.6
ED-0054,1212,20:12,195.4,189.7,186.3,203.2,193.5,183.8,198.8,189.2,193.6,192.9,186.2,182.2
ED-0054,1213,20:13,195.5,190.5,186.0,202.7,193.7,182.6,200.2,188.2,192.7,193.5,186.0,181.8
ED-0054,1214,20:14,195.9,190.8,185.7,202.8,194.5,183.7,199.9,188.5,192.7,193.3,186.8,180.9
ED-0054,1215,20:15,195.7,190.1,185.7,202.1,193.6,183.3,198.7,190.2,193.1,192.9,186.6,182.3
ED-0054,1216,20:16,196.2,191.0,185.9,202.8,193.2,184.0,198.9,188.2,193.7,193.2,186.3,182.2
ED-0054,1217,20:17,196.0,190.4,186.0,202.1,193.6,183.8,199.8,189.5,193.0,193.9,186.8,182.7
ED-0054,1218,20:18,195.9,190.3,186.9,203.5,193.4,183.3,199.6,188.3,193.4,193.1,186.4,182.2
ED-0054,1219,20:19,195.8,190.4,186.3,202.5,193.8,183.6,200.9,187.8,193.8,192.9,186.2,182.3
ED-0054,1220,20:20,196.0,189.8,186.7,203.2,194.8,183.8,199.7,188.9,193.4,195.2,187.0,182.1
ED-0054,1221,20:21,195.8,190.5,186.1,203.2,194.0,183.0,200.1,188.8,193.4,192.2,186.1,182.6
ED-0054,1222,20:22,196.2,190.1,186.4,203.0,194.0,183.7,200.1,188.3,194.1,192.2,186.8,182.3
ED-0054,1223,20:23,196.3,190.1,185.6,203.3,194.6,183.9,199.3,188.4,193.6,193.0,187.3,182.5
ED-0054,1224,20:24,195.6,190.8,186.8,203.5,193.9,183.5,200.0,189.7,193.8,193.4,187.0,183.0
ED-0054,1225,20:25,196.2,189.9,186.2,202.5,194.5,183.3,200.6,188.8,194.1,194.7,186.9,182.9
ED-0054,1226,20:26,195.4,191.0,187.3,203.7,194.0,184.3,200.4,189.4,194.1,192.2,187.1,182.6
ED-0054,1227,20:27,196.5,191.8,186.7,202.2,194.1,184.1,201.2,188.5,194.5,193.3,186.6,182.4
ED-0054,1228,20:28,196.9,191.0,187.4,203.1,194.1,184.4,201.2,189.8,193.9,191.8,186.8,182.4
ED-0054,1229,20:29,195.8,193.1,186.5,203.2,194.4,184.1,199.5,189.6,193.4,192.3,187.3,183.1
ED-0054,1230,20:30,196.1,192.1,186.6,203.2,194.3,184.2,201.0,188.9,195.3,192.4,186.5,183.4
ED-0054,1231,20:31,196.0,190.9,187.6,203.0,193.5,184.8,200.4,189.6,194.6,193.8,187.3,183.0
ED-0054,1232,20:32,197.1,191.5,189.4,202.1,193.9,184.3,200.5,188.9,193.2,194.9,188.3,183.7
ED-0054,1233,20:33,196.7,190.1,187.0,203.6,194.8,184.6,201.3,190.1,193.3,192.2,187.2,183.2
ED-0054,1234,20:34,197.2,191.9,186.0,203.1,194.3,184.6,200.6,189.6,193.7,193.9,188.5,183.6
ED-0054,1235,20:35,196.4,191.2,185.8,205.3,193.7,184.7,201.5,189.0,193.6,193.8,186.8,183.1
ED-0054,1236,20:36,196.1,191.4,188.9,202.5,194.9,185.0,202.0,189.6,194.2,194.1,187.5,182.3
ED-0054,1237,20:37,196.9,191.2,185.5,203.8,195.3,184.3,200.5,190.3,194.7,194.3,186.3,183.4
ED-0054,1238,20:38,197.8,190.8,187.9,203.1,195.3,184.6,200.4,189.9,194.5,192.7,187.0,182.5
ED-0054,1239,20:39,196.7,190.0,185.8,203.2,194.1,185.0,201.6,189.7,191.8,192.7,187.3,183.0
ED-0054,1240,20:40,197.2,192.0,187.0,203.9,195.0,184.4,201.1,190.1,193.4,193.7,186.3,183.9
ED-0054,1241,20:41,197.5,189.6,187.3,202.1,195.1,184.6,200.6,189.3,194.5,193.1,187.7,183.3
ED-0054,1242,20:42,196.3,191.5,185.5,203.7,195.7,184.4,201.1,189.5,194.4,192.1,186.4,183.4
ED-0054,1243,20:43,197.2,190.7,185.8,202.9,195.8,184.9,201.0,190.6,195.5,192.7,186.8,184.1
ED-0054,1244,20:44,197.4,190.0,187.9,204.1,195.1,185.0,201.4,189.9,191.8,194.1,187.5,183.4
ED-0054,1245,20:45,197.1,190.6,185.8,203.6,195.0,185.2,202.0,190.2,193.8,193.2,185.7,183.1
ED-0054,1246,20:46,197.6,191.6,187.5,205.1,195.0,185.7,201.7,189.5,195.4,190.3,186.3,182.8
ED-0054,1247,20:47,197.5,190.4,187.8,202.6,195.4,185.1,201.4,190.1,193.2,192.8,185.8,183.5
ED-0054,1248,20:48,198.1,191.6,185.0,203.1,195.3,185.0,201.7,189.8,193.7,192.8,187.0,185.1
ED-0054,1249,20:49,197.1,190.2,188.7,202.7,196.1,185.1,201.5,190.5,193.1,193.3,187.9,183.8
ED-0054,1250,20:50,197.7,190.6,187.1,203.8,194.9,185.5,201.6,190.1,193.9,192.5,187.7,184.8
ED-0054,1251,20:51,196.5,191.1,186.8,202.6,195.0,184.9,202.5,190.1,192.5,192.4,187.5,182.5
ED-0054,1252,20:52,197.1,189.2,186.7,203.3,195.7,185.9,202.6,190.9,194.5,192.5,187.9,184.1
ED-0054,1253,20:53,197.8,190.5,187.7,203.3,195.4,185.6,201.9,190.6,194.5,193.7,188.2,183.1
ED-0054,1254,20:54,196.6,192.8,185.5,204.4,195.1,185.4,201.8,190.5,194.0,192.5,187.5,184.5
ED-0054,1255,20:55,197.9,189.7,187.6,205.4,195.8,185.7,202.3,190.8,193.6,193.9,187.0,183.8
ED-0054,1256,20:56,197.4,193.3,186.2,202.4,196.2,185.0,202.1,190.0,193.8,194.3,186.4,184.0
ED-0054,1257,20:57,198.9,191.9,188.3,204.8,196.3,186.0,202.6,190.2,192.6,194.3,186.9,182.4
ED-0054,1258,20:58,197.2,190.0,186.6,202.9,196.7,186.3,201.9,190.5,193.6,193.3,187.3,184.1
ED-0054,1259,20:59,197.8,191.1,185.2,204.6,196.7,185.7,201.9,191.9,193.6,193.5,187.6,181.4
ED-0054,1260,21:00,198.9,191.4,186.0,202.4,195.9,186.4,202.7,190.4,193.2,192.3,187.3,182.8
ED-0054,1261,21:01,196.7,191.0,187.1,201.9,194.8,185.8,202.6,190.8,192.5,193.9,188.3,183.5
ED-0054,1262,21:02,198.5,190.8,187.4,203.5,196.6,186.4,203.1,190.3,194.1,194.9,187.1,184.4
ED-0054,1263,21:03,197.7,190.7,187.3,202.8,195.7,185.3,202.6,189.7,193.4,192.9,185.4,184.9
ED-0054,1264,21:04,197.2,190.9,187.4,203.4,194.9,186.1,202.6,189.8,194.6,193.7,187.5,183.2
ED-0054,1265,21:05,196.9,189.6,186.4,204.0,196.6,186.5,202.5,190.5,195.2,193.9,187.2,183.4
ED-0054,1266,21:06,197.4,189.4,186.6,203.1,196.4,183.7,203.8,191.7,193.2,194.3,188.2,184.1
ED-0054,1267,21:07,198.5,190.3,186.9,204.3,196.4,185.8,203.5,189.2,195.4,193.2,186.5,184.6
ED-0054,1268,21:08,198.4,191.6,186.7,202.1,197.3,186.5,202.0,190.1,193.2,192.5,188.3,183.3
ED-0054,1269,21:09,197.3,191.9,186.2,203.5,196.0,186.0,203.0,192.3,194.1,193.3,188.9,183.8
ED-0054,1270,21:10,198.3,189.4,184.9,202.3,196.1,186.0,202.9,190.0,193.3,193.5,187.6,185.1
ED-0054,1271,21:11,196.2,188.8,186.6,203.0,197.0,185.9,202.1,191.2,194.6,194.0,187.2,183.4
ED-0054,1272,21:12,197.8,192.2,187.7,203.2,197.4,184.6,202.0,190.7,193.1,193.6,188.5,183.2
ED-0054,1273,21:13,198.1,192.3,187.0,203.2,195.7,186.6,202.0,191.5,194.1,192.6,188.3,183.5
ED-0054,1274,21:14,197.5,191.0,186.1,202.2,196.7,185.5,202.6,191.1,192.1,193.3,187.4,184.2
ED-0054,1275,21:15,196.6,191.6,187.5,203.4,196.2,186.2,202.9,191.5,195.5,192.9,188.9,184.6
ED-0054,1276,21:16,198.7,192.4,187.1,202.8,196.4,185.5,203.3,189.0,193.2,193.5,188.5,182.8
ED-0054,1277,21:17,197.7,190.5,186.5,205.5,195.8,188.2,203.1,191.2,194.0,194.4,188.0,184.6
ED-0054,1278,21:18,197.6,190.2,187.0,204.4,197.0,186.3,202.6,190.7,194.3,193.4,188.0,183.6
ED-0054,1279,21:19,198.5,191.8,187.3,203.6,194.7,185.3,203.2,190.3,194.9,193.8,188.4,183.9
ED-0054,1280,21:20,198.9,190.9,187.0,202.5,196.5,185.9,203.4,191.3,192.9,192.1,187.3,184.1
ED-0054,1281,21:21,197.5,190.9,186.2,204.2,197.1,186.9,201.7,191.0,193.5,193.8,187.2,183.2
ED-0054,1282,21:22,196.5,191.1,187.1,204.6,195.1,185.6,202.2,191.0,193.5,192.8,187.6,182.4
ED-0054,1283,21:23,197.7,190.4,186.7,202.5,196.1,186.6,201.9,190.8,194.2,192.9,185.9,183.5
ED-0054,1284,21:24,197.2,190.3,188.0,203.2,195.1,186.3,203.8,191.5,193.9,193.6,185.9,182.8
ED-0054,1285,21:25,196.7,191.5,188.1,205.3,195.9,186.8,203.4,189.9,193.0,193.8,187.3,184.4
ED-0054,1286,21:26,196.7,190.3,186.2,201.2,197.8,188.1,202.9,190.3,193.6,192.9,187.6,184.3
ED-0054,1287,21:27,196.1,191.6,186.9,203.9,195.1,186.3,203.0,190.6,192.9,194.0,187.8,184.3
ED-0054,1288,21:28,197.6,192.3,186.7,202.2,196.3,186.2,203.3,191.7,192.1,193.6,187.1,183.9
ED-0054,1289,21:29,196.8,191.5,187.1,203.9,195.8,187.0,203.5,189.9,193.1,193.2,186.6,182.5
ED-0054,1290,21:30,197.1,191.3,186.6,203.4,196.3,186.8,201.3,192.5,194.6,194.1,186.0,182.8
ED-0054,1291,21:31,197.1,190.1,187.3,203.5,196.0,187.0,202.3,190.5,193.3,193.8,188.5,184.1
ED-0054,1292,21:32,197.5,190.7,187.3,202.8,195.9,185.2,200.9,191.0,194.7,194.1,187.7,185.4
ED-0054,1293,21:33,197.0,189.8,185.0,204.2,196.7,184.7,203.5,190.9,193.2,194.5,185.7,184.9
ED-0054,1294,21:34,197.3,190.9,188.1,204.7,196.1,186.1,203.3,189.7,194.4,193.8,186.6,183.6
ED-0054,1295,21:35,197.5,190.4,186.7,202.0,195.8,186.2,200.1,191.4,194.2,194.4,187.7,184.7
ED-0054,1296,21:36,198.6,190.8,185.9,201.8,195.8,186.3,202.0,190.7,195.5,192.9,188.1,184.0
ED-0054,1297,21:37,197.9,190.7,185.5,203.0,196.6,188.1,201.6,192.0,193.9,194.0,186.8,185.6
ED-0054,1298,21:38,197.8,189.3,186.0,203.9,196.2,186.5,203.2,191.2,193.3,194.3,185.9,182.6
ED-0054,1299,21:39,197.6,190.4,187.0,202.3,195.2,186.5,202.1,190.7,193.3,192.7,187.9,183.3
ED-0054,1300,21:40,197.4,190.9,186.3,203.0,198.6,185.9,202.5,190.4,194.6,193.7,188.0,183.3
ED-0054,1301,21:41,197.5,189.4,188.2,204.3,196.5,185.9,200.1,191.5,193.1,192.4,187.2,183.8
ED-0054,1302,21:42,197.7,191.8,187.6,204.5,195.2,187.2,204.3,191.6,193.9,192.1,188.2,183.5
ED-0054,1303,21:43,196.8,188.9,188.8,203.5,197.3,185.8,202.2,190.6,193.3,193.9,188.2,183.7
ED-0054,1304,21:44,198.7,190.7,186.7,204.2,196.2,187.1,202.2,191.1,194.4,192.6,187.5,182.5
ED-0054,1305,21:45,196.3,189.7,186.7,201.7,195.8,184.1,202.0,190.7,194.4,193.7,188.3,184.9
ED-0054,1306,21:46,198.0,191.5,187.8,203.9,197.1,185.5,203.1,190.4,193.3,194.0,187.7,181.9
ED-0054,1307,21:47,197.3,188.9,186.2,203.1,195.4,186.4,203.1,191.2,193.1,193.5,187.8,183.5
ED-0054,1308,21:48,197.2,190.1,185.8,202.9,196.3,185.5,201.4,190.7,193.8,192.4,186.3,183.0
ED-0054,1309,21:49,197.3,190.5,185.8,203.4,195.5,186.0,201.6,189.8,195.1,193.5,187.3,183.3
ED-0054,1310,21:50,197.7,191.0,186.9,204.4,196.7,186.4,204.9,192.1,194.1,193.4,186.7,184.5
ED-0054,1311,21:51,198.0,191.5,187.4,203.4,196.9,185.2,203.8,189.5,193.4,194.6,187.2,183.5
ED-0054,1312,21:52,196.6,189.1,186.7,204.2,195.6,186.1,204.2,190.7,193.2,193.2,186.5,183.4
ED-0054,1313,21:53,198.0,190.0,187.4,203.8,195.9,184.8,202.1,189.5,192.7,193.2,188.2,184.3
ED-0054,1314,21:54,198.1,191.1,186.6,203.3,196.5,186.2,201.8,190.2,192.8,192.5,186.9,183.4
ED-0054,1315,21:55,197.0,191.3,187.0,203.1,195.1,186.7,202.8,190.3,195.0,193.7,187.7,183.4
ED-0054,1316,21:56,197.3,192.9,186.3,203.6,196.1,186.5,203.1,190.5,192.9,195.0,188.1,184.5
ED-0054,1317,21:57,198.2,191.1,186.0,203.7,195.2,186.7,200.9,191.6,193.9,193.0,186.3,184.5
ED-0054,1318,21:58,197.3,192.5,185.7,203.5,195.5,186.9,201.9,192.1,193.5,192.4,187.1,183.3
ED-0054,1319,21:59,197.9,190.9,187.0,203.6,196.8,186.1,200.9,189.4,194.6,193.1,186.1,182.5
ED-0054,1320,22:00,199.1,191.6,186.7,203.0,195.0,185.5,203.6,190.0,194.7,194.3,188.4,182.5
ED-0054,1321,22:01,196.3,190.3,187.4,202.5,196.3,185.5,202.0,191.3,193.1,193.4,186.0,184.7
ED-0054,1322,22:02,196.1,191.8,186.9,204.6,196.3,186.5,203.3,191.4,192.7,193.3,187.6,182.5
ED-0054,1323,22:03,197.6,191.6,186.5,202.6,196.3,185.6,201.2,190.6,194.4,194.3,188.1,183.8
ED-0054,1324,22:04,198.2,191.5,186.5,201.7,194.9,186.6,201.4,190.4,193.4,191.2,188.0,181.2
ED-0054,1325,22:05,197.6,190.4,187.4,202.3,196.8,186.4,202.0,190.3,193.2,194.0,189.2,183.9
ED-0054,1326,22:06,196.6,189.8,187.5,204.4,196.9,185.9,204.3,190.2,193.7,193.0,187.5,184.4
ED-0054,1327,22:07,198.6,192.0,186.4,204.3,196.4,185.9,202.0,191.3,195.3,193.0,187.5,184.8
ED-0054,1328,22:08,197.9,190.2,187.2,202.0,196.8,186.7,200.8,190.6,193.7,192.3,187.9,183.5
ED-0054,1329,22:09,197.2,191.0,187.2,202.7,196.8,186.1,201.4,191.8,193.8,193.1,186.9,184.6
ED-0054,1330,22:10,196.5,191.3,187.7,202.7,197.7,187.2,200.4,191.6,194.0,193.9,185.8,185.1
ED-0054,1331,22:11,196.6,191.9,187.5,202.6,195.8,186.0,203.0,188.9,194.7,193.8,187.7,184.4
ED-0054,1332,22:12,197.4,192.8,186.8,203.9,195.2,186.9,202.4,191.6,193.4,191.5,187.6,183.8
ED-0054,1333,22:13,198.1,191.2,188.8,203.6,195.0,185.9,204.2,190.9,194.4,192.9,188.6,182.0
ED-0054,1334,22:14,198.9,192.1,187.1,203.5,195.0,185.7,201.3,189.9,193.7,192.3,187.0,182.9
ED-0054,1335,22:15,196.4,192.5,186.7,204.8,195.7,186.5,201.4,190.7,193.4,193.6,186.0,184.0
ED-0054,1336,22:16,197.0,189.7,185.1,202.2,195.9,185.9,201.8,191.0,193.6,192.3,187.7,183.8
ED-0054,1337,22:17,197.8,189.9,186.3,203.6,196.0,185.1,200.9,191.9,193.2,192.7,188.9,184.5
ED-0054,1338,22:18,196.2,190.4,186.1,204.8,196.5,186.4,201.5,191.0,193.5,193.8,186.0,184.5
ED-0054,1339,22:19,196.7,191.1,187.8,202.4,198.3,185.8,201.7,192.6,194.9,193.3,188.4,183.3
ED-0054,1340,22:20,196.5,190.8,187.0,202.3,195.8,187.5,200.7,191.4,193.1,194.4,186.9,182.7
ED-0054,1341,22:21,195.7,192.0,186.1,204.3,197.0,185.5,202.4,191.4,192.1,192.7,187.3,185.5
ED-0054,1342,22:22,197.7,190.3,186.7,203.6,194.6,184.8,201.7,190.7,194.7,192.7,187.0,183.9
ED-0054,1343,22:23,197.8,190.0,186.4,203.4,194.8,185.6,203.4,191.6,193.9,194.0,188.5,184.2
ED-0054,1344,22:24,198.8,191.4,186.1,203.6,196.4,186.0,202.3,191.2,194.9,193.5,186.9,184.1
ED-0054,1345,22:25,198.8,191.4,187.4,203.4,197.0,187.2,202.6,188.6,193.2,193.3,187.2,183.0
ED-0054,1346,22:26,195.7,191.3,185.8,203.3,195.9,184.6,204.2,192.4,193.0,192.5,188.0,182.4
ED-0054,1347,22:27,198.4,190.7,188.0,203.7,196.1,185.9,202.3,189.9,192.7,193.7,186.8,184.9
ED-0054,1348,22:28,198.8,191.8,187.1,202.8,195.3,186.5,200.4,190.9,193.5,192.1,186.7,183.3
ED-0054,1349,22:29,197.7,191.0,186.9,202.3,195.2,185.6,201.9,190.5,193.1,193.8,185.8,183.0
ED-0054,1350,22:30,196.9,191.6,186.3,202.9,195.5,185.1,202.3,190.7,193.2,193.1,188.1,183.4
ED-0054,1351,22:31,199.0,191.4,187.9,202.6,196.4,185.5,201.5,189.3,194.8,193.9,186.4,184.8
ED-0054,1352,22:32,199.0,192.5,186.5,203.0,196.2,186.7,199.9,190.7,193.1,193.9,188.3,182.8
ED-0054,1353,22:33,197.1,191.0,187.6,203.9,196.0,185.6,201.9,191.7,193.1,193.5,186.7,183.6
ED-0054,1354,22:34,198.8,190.8,186.3,203.6,194.7,186.4,203.2,191.0,195.5,193.9,186.6,184.4
ED-0054,1355,22:35,197.2,189.7,186.9,203.8,195.1,185.3,203.9,190.5,193.6,193.8,188.4,182.7
ED-0054,1356,22:36,196.8,190.2,186.8,203.9,198.0,186.5,202.9,192.7,193.7,193.2,187.9,183.3
ED-0054,1357,22:37,197.7,191.3,187.3,204.0,196.1,184.4,201.5,191.5,194.2,194.7,187.2,183.1
ED-0054,1358,22:38,196.8,191.6,186.8,203.8,196.5,187.1,202.2,190.6,193.5,192.7,187.4,185.0
ED-0054,1359,22:39,199.2,190.2,186.3,202.1,196.5,186.9,201.9,189.0,193.4,193.5,186.2,183.2
ED-0054,1360,22:40,197.8,191.8,187.7,203.3,196.3,186.7,202.6,190.2,193.6,191.8,186.7,182.7
ED-0054,1361,22:41,197.3,189.8,186.1,204.1,197.6,185.2,202.1,189.6,194.2,194.7,187.9,182.5
ED-0054,1362,22:42,198.5,192.6,186.6,203.4,197.4,185.2,203.8,192.6,192.1,193.5,188.5,183.4
ED-0054,1363,22:43,197.9,190.3,186.0,203.2,196.0,186.3,201.2,190.2,193.9,194.2,188.6,184.9
ED-0054,1364,22:44,198.0,189.5,187.5,203.5,195.7,187.2,200.4,192.2,195.1,193.6,187.4,185.0
ED-0054,1365,22:45,197.1,191.1,185.9,204.1,195.7,186.9,203.0,190.9,193.9,193.3,187.7,183.9
ED-0054,1366,22:46,199.5,191.0,187.8,203.2,195.6,185.9,202.5,191.1,193.3,192.7,188.0,184.9
ED-0054,1367,22:47,198.7,191.8,186.7,204.2,197.1,186.3,202.5,191.1,193.2,194.1,188.0,184.4
ED-0054,1368,22:48,197.0,189.9,187.5,203.8,195.1,185.3,202.3,190.6,193.7,193.4,187.7,183.5
ED-0054,1369,22:49,196.2,190.5,187.9,204.3,195.0,186.6,203.4,190.3,194.3,193.1,188.1,183.8
ED-0054,1370,22:50,196.9,189.8,185.9,203.5,195.1,186.0,203.6,190.2,194.0,193.0,188.0,184.8
ED-0054,1371,22:51,197.5,189.7,186.9,202.7,196.9,186.4,202.0,189.5,195.3,193.4,188.3,184.3
ED-0054,1372,22:52,198.4,190.3,186.5,204.1,197.2,186.0,203.8,190.9,193.7,193.1,187.1,184.7
ED-0054,1373,22:53,198.2,190.8,187.1,205.0,196.6,186.4,203.5,189.4,194.6,192.7,187.5,182.5
ED-0054,1374,22:54,197.8,191.3,186.4,201.9,196.9,186.3,202.6,191.0,193.6,193.2,188.5,183.7
ED-0054,1375,22:55,197.7,190.4,185.3,203.1,195.6,185.7,201.9,190.8,194.3,192.1,187.6,185.3
ED-0054,1376,22:56,197.3,193.3,185.2,204.4,195.0,186.7,201.3,191.5,192.6,193.9,187.5,183.1
ED-0054,1377,22:57,197.9,190.6,187.2,203.8,196.1,185.6,202.2,191.6,193.0,191.4,187.3,183.2
ED-0054,1378,22:58,197.8,193.0,187.9,204.5,194.9,186.2,203.9,190.5,193.4,194.9,186.1,183.6
ED-0054,1379,22:59,198.0,191.0,186.8,204.1,196.5,186.2,202.7,191.3,194.8,193.5,187.1,184.4
ED-0054,1380,23:00,198.1,191.7,186.4,202.4,196.0,185.5,202.5,192.5,193.6,194.0,187.7,184.1
ED-0054,1381,23:01,196.8,191.2,186.0,203.2,194.9,186.4,201.7,191.2,193.6,193.6,187.6,184.6
ED-0054,1382,23:02,196.6,191.6,186.5,202.5,196.8,185.8,202.2,190.9,193.5,192.2,186.6,183.3
ED-0054,1383,23:03,197.3,190.5,185.7,203.3,195.0,187.0,202.2,190.8,192.7,193.9,187.3,182.7
ED-0054,1384,23:04,198.0,190.9,187.7,203.6,196.3,187.0,203.2,191.5,194.6,191.1,187.7,183.9
ED-0054,1385,23:05,197.0,189.9,187.0,203.8,194.9,185.1,203.0,189.7,194.2,194.8,185.3,184.1
ED-0054,1386,23:06,197.6,190.5,186.4,203.7,196.7,185.7,202.2,190.1,194.3,194.1,186.6,182.9
ED-0054,1387,23:07,196.4,191.7,187.4,203.7,195.7,186.2,202.6,190.4,193.3,193.8,188.5,183.2
ED-0054,1388,23:08,197.5,190.7,186.3,203.8,196.8,187.1,202.2,190.5,193.0,194.0,188.4,183.4
ED-0054,1389,23:09,197.8,190.7,187.6,201.7,197.5,185.2,203.7,192.2,193.3,192.7,187.6,183.9
ED-0054,1390,23:10,196.7,191.1,187.2,204.3,197.3,186.2,202.2,189.9,193.7,193.5,187.1,184.7
ED-0054,1391,23:11,197.4,190.3,187.2,201.6,195.4,186.1,201.2,192.2,193.5,192.3,186.6,184.8
ED-0054,1392,23:12,197.4,191.4,187.1,203.0,196.1,186.3,202.8,191.6,192.8,194.0,188.9,184.8
ED-0054,1393,23:13,196.2,190.6,185.8,203.4,196.9,186.7,203.4,188.5,194.4,193.6,187.1,184.2
ED-0054,1394,23:14,197.0,193.4,186.6,203.5,195.3,185.2,202.8,189.5,195.2,193.2,187.5,184.1
ED-0054,1395,23:15,197.8,192.3,186.0,203.5,195.9,186.1,201.9,190.7,194.3,194.7,187.4,183.5
ED-0054,1396,23:16,198.1,189.8,186.5,203.0,196.6,186.7,202.5,190.9,194.0,192.7,188.0,183.3
ED-0054,1397,23:17,197.8,191.3,187.2,202.7,195.6,187.4,200.5,191.2,194.4,193.5,186.7,184.6
ED-0054,1398,23:18,195.4,194.1,186.8,204.5,196.2,186.0,202.2,190.2,195.2,192.2,188.8,182.8
ED-0054,1399,23:19,196.1,193.3,187.3,202.5,196.2,186.4,203.4,190.8,192.8,193.2,187.4,183.7
ED-0054,1400,23:20,197.6,192.0,187.6,204.2,193.4,186.0,202.0,190.3,194.2,193.8,187.9,183.6
ED-0054,1401,23:21,195.9,190.9,186.9,203.1,195.2,186.5,203.2,189.6,193.6,193.3,186.5,183.8
ED-0054,1402,23:22,197.0,192.7,186.3,202.8,195.3,185.2,202.2,190.3,193.9,193.9,186.5,183.8
ED-0054,1403,23:23,197.9,192.3,188.6,203.8,198.4,185.0,204.2,192.1,192.5,193.7,186.9,183.3
ED-0054,1404,23:24,196.8,191.6,186.4,202.6,195.7,186.2,202.2,190.4,192.8,193.3,186.4,184.4
ED-0054,1405,23:25,196.6,190.5,186.7,202.8,196.0,187.6,202.0,192.8,192.9,193.1,188.2,181.3
ED-0054,1406,23:26,197.4,190.7,186.0,203.1,196.7,186.7,202.5,191.1,192.8,193.1,187.3,184.1
ED-0054,1407,23:27,197.6,190.8,187.4,203.3,195.3,185.6,202.0,192.8,196.4,195.2,189.9,184.1
ED-0054,1408,23:28,197.3,191.2,187.5,203.4,196.6,187.2,202.2,192.3,194.5,193.5,187.8,183.9
ED-0054,1409,23:29,196.5,190.9,186.0,203.1,195.9,186.6,201.3,191.9,195.5,193.6,186.7,184.7
ED-0054,1410,23:30,199.0,192.0,188.1,202.8,197.1,185.5,200.7,191.4,193.9,192.5,187.8,182.7
ED-0054,1411,23:31,196.6,191.1,187.8,202.9,194.4,187.4,203.1,190.5,193.6,191.4,187.4,183.5
ED-0054,1412,23:32,197.7,192.4,186.3,202.1,195.2,186.6,203.2,190.6,194.6,192.8,186.9,184.0
ED-0054,1413,23:33,196.9,190.8,188.7,203.2,196.3,186.6,202.4,190.0,194.8,193.1,187.7,183.2
ED-0054,1414,23:34,198.0,192.1,186.9,204.9,196.7,186.2,201.5,190.6,193.7,193.0,188.3,184.3
ED-0054,1415,23:35,196.6,190.5,186.8,203.9,196.4,186.8,202.0,190.8,194.8,193.4,187.3,184.7
ED-0054,1416,23:36,197.4,190.2,187.8,204.0,196.3,185.1,203.2,190.9,193.6,191.4,186.7,184.1
ED-0054,1417,23:37,196.3,192.1,187.6,202.9,197.7,185.9,201.9,189.3,192.6,192.3,188.3,185.1
ED-0054,1418,23:38,197.9,191.4,188.3,202.6,194.9,186.8,202.7,190.3,194.4,193.9,185.4,184.5
ED-0054,1419,23:39,195.1,193.1,187.3,204.4,195.0,186.8,201.5,189.9,193.0,192.3,188.8,186.2
ED-0054,1420,23:40,197.4,192.0,187.7,203.2,195.4,186.2,203.6,190.5,193.2,192.3,188.1,183.6
ED-0054,1421,23:41,197.2,190.8,187.1,203.2,195.7,185.3,203.4,190.5,194.4,193.5,188.1,183.8
ED-0054,1422,23:42,197.8,190.6,186.6,204.6,196.7,186.5,201.2,190.5,194.4,192.6,186.9,183.5
ED-0054,1423,23:43,197.1,191.7,187.9,204.8,195.2,185.6,202.6,189.6,193.5,193.3,187.3,183.4
ED-0054,1424,23:44,198.9,191.3,186.3,205.0,196.5,186.2,203.6,189.3,194.3,192.3,187.1,183.1
ED-0054,1425,23:45,198.1,191.4,186.9,201.5,196.5,185.4,203.7,191.3,193.1,192.9,185.7,184.3
ED-0054,1426,23:46,197.1,190.8,186.4,203.1,196.2,186.5,203.8,190.5,193.9,192.4,188.9,185.4
ED-0054,1427,23:47,198.0,190.7,187.3,203.6,194.3,187.8,202.1,190.6,194.1,193.5,186.2,183.1
ED-0054,1428,23:48,198.0,190.7,187.1,203.0,197.1,184.6,202.3,189.0,194.1,194.1,188.1,185.6
ED-0054,1429,23:49,198.1,192.0,186.3,202.8,196.9,186.7,203.3,191.1,193.0,193.5,186.6,182.7
ED-0054,1430,23:50,198.0,191.7,186.9,205.5,195.6,187.2,201.3,189.8,194.1,192.5,186.6,183.6
ED-0054,1431,23:51,197.7,191.7,189.2,203.6,197.0,185.2,201.5,191.0,195.0,192.7,188.8,184.7
ED-0054,1432,23:52,197.8,192.0,187.2,202.3,197.1,186.8,202.0,189.7,195.2,192.8,186.9,183.6
ED-0054,1433,23:53,196.7,191.9,187.0,202.3,196.3,187.6,202.3,189.9,192.8,192.9,187.7,183.1
ED-0054,1434,23:54,199.0,191.7,187.4,203.9,198.3,186.9,203.2,190.0,192.9,193.7,187.3,185.4
ED-0054,1435,23:55,198.2,191.3,187.3,204.2,195.4,186.2,203.4,190.5,194.1,193.3,187.4,182.9
ED-0054,1436,23:56,198.6,191.2,187.1,202.3,195.1,185.0,203.9,190.9,195.9,193.3,188.3,183.7
ED-0054,1437,23:57,197.3,189.7,186.7,202.8,195.1,185.0,202.5,190.2,192.6,194.4,186.2,183.7
ED-0054,1438,23:58,197.1,190.9,186.1,203.8,197.2,186.8,202.6,189.8,195.1,192.9,188.3,184.1
ED-0054,1439,23:59,197.7,191.1,185.9,203.1,195.9,186.5,203.3,190.6,194.9,194.0,187.3,183.4
ED-0054,1440,24:00,197.4,189.7,185.7,204.2,196.2,186.5,202.5,190.8,193.7,194.0,188.4,182.5
ED-0054,1441,24:01,196.9,191.1,186.2,204.3,195.8,187.1,200.7,188.9,193.5,193.0,187.1,183.0
ED-0054,1442,24:02,197.1,192.0,186.3,203.6,195.4,187.3,202.2,191.8,193.3,193.5,187.1,184.3
ED-0054,1443,24:03,196.7,190.2,186.4,203.0,196.3,185.5,200.7,191.5,193.6,194.8,188.0,184.5
ED-0054,1444,24:04,196.9,189.9,186.6,204.3,195.5,184.6,201.5,188.6,194.2,193.9,187.3,184.7
ED-0054,1445,24:05,196.7,191.6,185.2,203.5,195.1,185.1,202.7,190.3,194.5,193.6,187.0,182.2
ED-0054,1446,24:06,197.2,190.9,186.0,202.9,196.0,186.0,202.9,190.9,195.3,193.5,186.4,184.3
ED-0054,1447,24:07,198.5,191.9,186.7,203.5,196.3,188.3,204.4,190.1,194.7,192.5,186.2,184.9
ED-0054,1448,24:08,198.0,191.5,186.9,204.0,193.5,185.7,202.5,190.8,194.1,193.1,187.5,183.2
ED-0054,1449,24:09,196.9,190.8,186.5,203.7,196.2,186.0,201.1,190.2,191.9,192.8,185.8,184.9
ED-0054,1450,24:10,197.5,190.6,188.0,203.7,196.6,184.3,200.4,189.2,192.2,193.8,187.0,184.0
ED-0054,1451,24:11,196.8,191.6,186.3,202.9,195.9,186.0,202.0,191.9,193.0,194.5,186.7,182.9
ED-0054,1452,24:12,198.1,191.6,187.6,204.3,195.7,185.5,203.3,189.6,193.2,193.6,187.6,183.7
ED-0054,1453,24:13,195.3,190.5,187.3,203.5,195.7,186.1,203.0,190.3,193.5,192.9,186.4,183.6
ED-0054,1454,24:14,198.0,191.8,187.4,204.5,197.0,185.5,202.3,191.1,194.3,193.9,186.3,184.7
ED-0054,1455,24:15,198.0,193.9,187.4,204.0,196.2,186.0,202.4,191.3,194.4,193.4,188.2,183.2
ED-0054,1456,24:16,196.7,190.9,187.4,203.8,195.8,185.7,202.1,191.9,193.3,193.5,187.6,184.4
ED-0054,1457,24:17,196.0,189.9,187.6,203.9,196.4,185.5,202.5,190.0,193.9,191.9,189.1,184.7
ED-0054,1458,24:18,198.7,191.4,187.4,202.2,196.4,187.4,202.9,190.4,193.4,193.6,186.7,184.2
ED-0054,1459,24:19,197.3,192.3,185.8,204.2,195.1,186.5,201.9,189.7,194.5,194.2,187.9,183.9
ED-0054,1460,24:20,197.1,189.0,188.2,202.8,196.4,185.3,203.8,189.8,193.8,192.6,187.7,185.4
ED-0054,1461,24:21,197.3,191.7,187.1,203.5,197.0,186.2,200.4,190.6,195.0,194.1,186.0,182.0
ED-0054,1462,24:22,196.6,190.8,187.7,202.7,196.3,185.2,202.5,191.0,193.6,193.3,186.2,183.8
ED-0054,1463,24:23,197.9,191.6,187.2,202.7,194.7,186.9,201.3,189.8,194.1,192.8,186.1,182.3
ED-0054,1464,24:24,197.7,189.7,186.7,201.2,195.5,185.8,203.1,192.2,194.2,193.6,186.9,184.4
ED-0054,1465,24:25,197.0,190.6,186.5,203.6,197.4,188.1,203.1,191.3,195.2,193.8,187.4,185.1
ED-0054,1466,24:26,197.0,190.7,188.1,204.2,195.8,185.2,202.5,190.7,194.0,192.6,187.7,184.1
ED-0054,1467,24:27,197.7,190.0,186.1,204.6,195.4,186.3,202.7,190.8,193.0,193.6,188.9,182.7
ED-0054,1468,24:28,195.9,190.8,185.2,203.0,196.7,185.9,202.7,190.8,193.5,192.4,187.1,184.8
ED-0054,1469,24:29,197.5,191.4,187.5,203.8,195.0,185.0,202.8,190.4,194.9,194.7,187.3,183.7
ED-0054,1470,24:30,195.6,192.1,185.8,203.6,195.9,184.3,202.0,190.6,194.4,194.0,187.4,182.2
ED-0054,1471,24:31,196.8,191.8,186.9,204.6,195.7,186.7,203.4,192.1,193.6,195.1,188.5,184.6
ED-0054,1472,24:32,196.3,192.4,187.8,201.6,196.8,186.8,202.5,190.0,194.2,194.0,187.0,182.1
ED-0054,1473,24:33,199.3,191.6,187.7,203.2,195.9,188.0,201.5,191.3,194.4,193.6,187.2,184.6
ED-0054,1474,24:34,196.6,191.1,185.6,203.4,196.5,186.6,202.9,190.0,194.7,192.8,186.8,182.9
ED-0054,1475,24:35,197.1,191.0,186.3,202.7,196.3,185.5,203.3,192.1,193.1,193.8,187.1,184.7
ED-0054,1476,24:36,198.9,190.3,187.0,204.7,196.4,185.7,203.0,191.5,193.9,193.4,187.3,185.1
ED-0054,1477,24:37,196.9,189.8,188.0,201.7,195.5,185.8,201.9,189.7,195.4,195.4,187.2,183.3
ED-0054,1478,24:38,198.2,191.5,187.4,203.3,196.2,186.1,202.3,190.3,195.3,193.0,186.7,181.8
ED-0054,1479,24:39,197.5,192.0,186.4,204.3,194.9,186.4,202.0,191.8,194.8,193.6,188.2,184.7
ED-0054,1480,24:40,197.2,189.8,187.9,202.9,195.2,186.4,203.1,190.1,193.0,193.9,186.8,182.7
ED-0054,1481,24:41,197.4,192.6,187.5,203.0,195.9,185.5,202.2,190.9,193.5,194.7,187.9,184.6
ED-0054,1482,24:42,198.0,190.7,187.2,202.6,195.5,186.3,202.2,191.9,193.8,193.3,184.7,184.6
ED-0054,1483,24:43,197.4,191.1,187.3,202.1,195.5,187.1,201.5,190.7,194.1,194.2,186.4,183.8
ED-0054,1484,24:44,198.9,192.7,186.7,203.6,196.0,185.9,202.5,190.9,193.8,192.8,188.3,182.9
ED-0054,1485,24:45,198.1,192.0,187.5,204.2,196.7,184.7,203.1,190.9,194.1,194.3,187.9,183.6
ED-0054,1486,24:46,197.7,188.7,186.6,204.7,195.4,186.0,202.4,188.8,193.6,193.2,187.4,184.0
ED-0054,1487,24:47,196.6,190.9,187.9,203.8,196.1,186.0,201.7,192.1,196.1,192.8,186.5,183.9
ED-0054,1488,24:48,199.2,191.5,188.3,205.1,195.4,185.9,201.7,190.3,194.0,193.2,187.4,184.2
ED-0054,1489,24:49,197.4,191.4,187.3,204.2,195.6,185.3,204.5,190.8,194.1,193.0,186.8,182.8
ED-0054,1490,24:50,196.6,191.7,185.9,204.1,196.6,185.8,204.5,191.0,194.4,193.0,187.4,183.7
ED-0054,1491,24:51,197.1,192.1,187.0,202.8,196.6,186.6,201.6,191.4,192.5,195.3,187.5,183.9
ED-0054,1492,24:52,198.2,189.2,184.9,202.6,194.5,185.4,201.9,191.2,194.1,192.9,187.2,183.1
ED-0054,1493,24:53,197.4,190.1,186.8,203.9,195.6,185.7,201.7,189.9,194.3,194.9,188.9,183.6
ED-0054,1494,24:54,197.3,191.4,186.2,203.7,195.1,185.4,203.1,189.5,193.0,194.7,186.9,184.6
ED-0054,1495,24:55,199.2,190.8,187.2,203.4,197.1,185.5,203.2,190.6,194.4,194.2,186.2,183.9
ED-0054,1496,24:56,197.8,190.3,185.8,202.4,195.7,187.0,201.5,191.1,194.1,192.5,187.0,184.8
ED-0054,1497,24:57,196.5,191.2,186.2,202.5,195.3,186.7,204.1,190.4,193.9,194.2,186.5,183.1
ED-0054,1498,24:58,196.7,191.6,188.3,203.6,197.6,186.7,202.4,191.3,193.8,194.2,188.6,184.6
ED-0054,1499,24:59,198.0,190.5,187.4,202.9,197.3,186.6,200.7,189.0,193.2,193.2,185.0,183.5
ED-0054,1500,25:00,197.3,191.6,186.1,203.7,196.6,185.4,202.6,190.1,192.3,193.4,186.1,183.3
ED-0054,1501,25:01,196.2,190.7,185.7,204.0,197.9,185.7,201.3,191.5,193.1,192.8,187.6,183.5
ED-0054,1502,25:02,196.9,190.1,187.1,204.9,196.9,186.9,203.9,190.1,195.1,193.7,186.2,183.9
ED-0054,1503,25:03,198.3,190.5,187.5,203.0,197.7,185.4,201.5,190.1,194.5,192.8,188.8,185.5
ED-0054,1504,25:04,197.2,192.4,185.1,202.3,195.7,187.0,203.7,191.2,194.0,193.9,187.3,184.2
ED-0054,1505,25:05,197.8,191.0,187.5,202.9,195.8,186.6,202.1,192.0,192.4,192.2,186.4,182.7
ED-0054,1506,25:06,197.5,192.0,185.9,203.6,195.6,186.6,201.9,189.6,193.0,191.8,186.3,182.5
ED-0054,1507,25:07,196.8,190.4,186.4,203.8,197.0,185.9,201.2,191.1,194.3,193.9,187.1,184.3
ED-0054,1508,25:08,198.9,189.3,186.4,202.4,195.3,186.1,202.3,191.0,194.5,193.1,186.6,184.7
ED-0054,1509,25:09,196.9,190.8,187.7,203.3,196.8,185.8,201.7,190.1,195.9,193.2,187.1,182.7
ED-0054,1510,25:10,198.3,191.2,186.7,202.6,197.1,186.4,201.9,188.7,195.0,193.4,188.1,182.8
ED-0054,1511,25:11,196.6,190.0,188.8,202.8,196.6,185.5,201.8,190.3,192.0,194.4,188.4,183.5
ED-0054,1512,25:12,197.5,190.2,187.2,202.5,196.8,187.1,202.1,191.0,193.7,192.7,187.9,185.1
ED-0054,1513,25:13,197.4,191.1,186.1,202.2,195.4,186.0,202.9,191.5,193.2,194.1,188.0,182.8
ED-0054,1514,25:14,196.9,191.6,184.8,203.5,196.8,186.5,202.1,189.7,191.8,191.1,187.5,182.6
ED-0054,1515,25:15,197.8,190.7,186.0,202.5,196.5,185.8,203.0,189.8,193.4,193.3,188.6,184.3
ED-0054,1516,25:16,197.3,189.7,187.8,203.1,196.8,186.0,203.2,190.8,194.8,192.2,186.5,185.1
ED-0054,1517,25:17,197.2,189.3,185.8,201.6,196.8,184.4,202.0,190.9,194.1,194.2,187.5,182.7
ED-0054,1518,25:18,197.0,190.7,188.0,202.5,197.9,185.1,201.3,189.7,194.0,193.0,188.7,182.3
ED-0054,1519,25:19,198.2,192.5,188.0,202.2,196.7,185.9,201.7,190.3,194.0,193.4,188.2,183.1
ED-0054,1520,25:20,196.2,191.1,186.8,202.1,197.6,186.5,203.1,190.4,194.6,194.6,188.2,184.7
ED-0054,1521,25:21,197.8,191.8,186.3,202.6,196.4,185.7,202.7,190.2,193.8,194.9,187.9,183.5
ED-0054,1522,25:22,196.0,191.8,187.3,205.2,194.1,186.1,201.9,190.6,193.1,193.5,187.5,184.2
ED-0054,1523,25:23,195.2,191.0,186.9,202.1,196.2,187.3,203.1,189.7,193.7,193.6,187.0,185.7
ED-0054,1524,25:24,197.4,190.8,185.5,203.2,194.9,185.3,202.3,190.5,192.7,194.4,187.0,183.9
ED-0054,1525,25:25,197.2,192.0,187.3,203.2,196.5,186.6,203.6,190.6,192.7,193.7,187.3,182.6
ED-0054,1526,25:26,195.4,191.0,187.1,201.9,195.1,185.6,202.6,191.4,193.8,193.2,186.8,183.2
ED-0054,1527,25:27,196.7,191.5,186.9,203.9,195.4,187.0,202.1,191.2,194.1,194.7,187.1,183.4
ED-0054,1528,25:28,197.7,189.6,187.2,204.4,197.8,186.8,201.1,191.7,194.2,193.1,187.3,183.5
ED-0054,1529,25:29,197.8,190.6,186.2,202.7,196.0,185.6,202.4,189.9,193.4,192.0,188.0,184.2
ED-0054,1530,25:30,198.2,191.0,187.8,202.0,196.3,187.0,203.0,190.1,195.0,193.3,187.5,183.4
ED-0054,1531,25:31,197.6,191.6,186.9,203.4,195.8,186.7,202.3,190.4,193.8,192.5,185.7,181.9
ED-0054,1532,25:32,197.2,192.3,186.6,203.6,196.4,185.9,201.0,192.2,194.4,192.6,187.6,184.3
ED-0054,1533,25:33,195.6,190.3,187.8,203.0,195.2,188.9,202.2,191.1,193.8,194.3,187.7,183.3
ED-0054,1534,25:34,197.4,192.1,187.9,203.6,195.6,185.1,202.5,189.9,193.9,192.8,186.8,185.0
ED-0054,1535,25:35,197.6,191.4,186.9,204.1,195.2,185.5,201.9,190.9,194.1,193.6,187.2,182.7
ED-0054,1536,25:36,199.5,189.3,187.1,203.6,196.6,186.0,202.6,191.4,194.5,192.9,187.4,183.9
ED-0054,1537,25:37,198.4,189.8,186.5,202.9,197.4,186.3,202.4,191.0,194.5,193.6,187.1,183.8
ED-0054,1538,25:38,197.6,190.9,186.2,202.4,195.5,187.0,200.1,189.7,193.8,193.2,186.4,185.4
ED-0054,1539,25:39,197.0,191.0,185.1,204.8,195.7,184.7,203.0,189.6,194.5,195.0,186.3,184.8
ED-0054,1540,25:40,197.2,190.2,186.9,202.6,195.9,186.5,202.9,191.8,193.4,193.3,187.7,183.2
ED-0054,1541,25:41,196.0,191.3,187.6,203.9,195.8,186.9,203.3,189.4,193.7,192.0,186.5,183.1
ED-0054,1542,25:42,197.9,190.4,186.0,201.0,195.2,186.4,204.7,191.0,194.9,193.8,187.2,183.8
ED-0054,1543,25:43,198.7,191.6,186.4,203.9,195.9,186.3,202.4,189.2,195.6,193.7,186.6,185.6
ED-0054,1544,25:44,197.7,190.0,186.0,203.1,194.7,187.0,203.5,189.6,194.1,192.1,187.7,183.5
ED-0054,1545,25:45,198.5,190.7,187.4,201.8,195.6,185.3,201.8,190.2,194.3,193.8,186.8,184.5
ED-0054,1546,25:46,197.3,191.0,186.7,203.3,195.9,185.9,201.5,190.7,191.8,192.0,187.3,184.9
ED-0054,1547,25:47,197.9,190.8,185.7,204.1,196.2,185.6,203.0,190.3,194.1,193.6,187.2,184.5
ED-0054,1548,25:48,197.7,190.3,186.5,203.0,195.7,186.0,204.0,191.0,194.1,194.4,188.2,182.5
ED-0054,1549,25:49,196.5,190.8,185.6,203.0,194.3,185.5,202.2,190.2,194.3,194.2,188.1,183.2
ED-0054,1550,25:50,197.0,191.9,186.4,203.8,196.1,186.4,202.0,191.3,194.6,193.4,186.4,182.7
ED-0054,1551,25:51,198.0,191.1,186.9,203.9,196.2,185.0,203.1,190.6,193.5,193.3,187.2,184.4
ED-0054,1552,25:52,196.7,191.3,188.9,203.1,194.3,186.3,202.9,190.4,193.7,193.6,185.7,186.3
ED-0054,1553,25:53,196.6,191.7,187.5,202.7,195.8,186.5,202.7,191.4,195.0,191.8,187.8,183.6
ED-0054,1554,25:54,195.6,190.4,186.9,201.8,196.6,185.6,205.6,188.8,193.8,192.3,188.4,184.4
ED-0054,1555,25:55,198.3,190.9,186.5,204.4,196.2,185.3,202.4,189.7,194.2,193.9,188.4,183.4
ED-0054,1556,25:56,196.5,191.1,187.9,202.7,195.3,186.2,203.2,189.8,194.7,194.1,187.2,183.7
ED-0054,1557,25:57,199.5,191.2,186.4,201.4,195.3,186.0,200.9,190.4,196.0,193.4,186.6,183.9
ED-0054,1558,25:58,198.2,191.2,187.5,203.7,196.0,185.7,202.0,190.2,193.6,194.3,187.7,184.2
ED-0054,1559,25:59,200.5,191.9,187.2,203.4,194.5,186.9,200.5,190.5,194.1,193.5,186.8,182.7
ED-0054,1560,26:00,196.7,191.5,187.5,203.8,194.7,185.6,201.0,191.7,195.1,193.1,185.8,183.3
ED-0054,1561,26:01,196.6,190.8,187.4,203.4,195.1,187.1,202.4,192.3,195.4,194.7,187.1,183.8
ED-0054,1562,26:02,197.7,191.5,185.7,202.9,197.7,187.1,201.3,190.3,192.8,193.1,186.8,183.6
ED-0054,1563,26:03,195.8,192.4,186.4,202.1,195.8,187.1,201.9,191.6,194.3,193.1,187.9,183.3
ED-0054,1564,26:04,197.0,189.3,186.3,204.4,195.5,186.7,203.4,190.0,193.4,192.8,186.8,184.4
ED-0054,1565,26:05,197.8,190.4,186.4,203.3,196.2,186.0,201.9,189.6,196.2,194.5,187.4,184.0
ED-0054,1566,26:06,197.3,189.1,188.7,203.1,196.8,186.4,203.6,189.7,195.3,192.2,190.0,184.0
ED-0054,1567,26:07,196.8,192.3,186.2,203.7,195.5,186.8,202.7,191.1,194.1,192.0,187.3,184.6
ED-0054,1568,26:08,198.4,189.8,187.3,203.0,197.2,184.8,203.0,190.3,192.6,193.1,187.2,184.2
ED-0054,1569,26:09,199.4,191.1,188.2,203.3,194.5,184.9,201.6,190.9,193.4,192.3,188.5,184.9
ED-0054,1570,26:10,198.3,191.0,187.2,203.3,196.9,185.7,201.5,189.9,194.4,193.1,188.2,184.1
ED-0054,1571,26:11,197.9,191.2,188.2,203.0,195.7,186.5,203.4,190.8,193.8,192.9,186.5,185.3
ED-0054,1572,26:12,198.0,190.3,187.1,203.7,195.7,185.3,203.3,189.3,194.6,192.6,186.2,184.2
ED-0054,1573,26:13,198.1,190.8,186.8,204.1,195.9,187.1,200.9,191.5,192.8,192.7,185.9,183.3
ED-0054,1574,26:14,198.7,190.7,186.4,203.6,195.4,186.6,202.6,191.3,194.0,192.2,187.2,183.7
ED-0054,1575,26:15,197.7,192.0,186.0,203.8,195.1,184.9,201.6,191.9,194.3,193.7,188.6,183.0
ED-0054,1576,26:16,196.3,190.8,186.3,203.9,197.0,187.1,202.4,190.2,194.1,193.3,187.1,184.8
ED-0054,1577,26:17,197.9,192.0,187.6,202.6,195.5,186.1,201.7,190.6,193.4,191.5,186.9,182.9
ED-0054,1578,26:18,196.9,191.4,187.1,201.9,197.3,185.0,201.0,190.8,194.4,194.8,188.5,182.1
ED-0054,1579,26:19,198.7,192.3,186.7,203.3,196.9,186.5,203.4,191.5,193.5,193.8,187.9,183.4
ED-0054,1580,26:20,198.0,190.5,187.9,203.5,196.4,186.1,201.7,190.2,193.2,194.1,186.5,184.3
ED-0054,1581,26:21,197.7,191.1,187.4,202.7,195.7,184.8,201.7,190.9,193.2,193.7,189.4,183.9
ED-0054,1582,26:22,199.4,191.6,188.0,202.2,195.8,187.0,203.4,189.6,192.1,193.4,186.0,184.5
ED-0054,1583,26:23,197.1,191.3,188.9,202.8,195.2,186.7,201.0,191.0,194.7,192.3,187.4,183.5
ED-0054,1584,26:24,197.0,190.5,186.5,204.4,195.5,185.7,202.0,189.5,192.8,192.5,188.1,182.5
ED-0054,1585,26:25,196.9,190.5,185.3,203.5,195.8,185.7,202.9,192.9,195.0,193.2,187.4,183.1
ED-0054,1586,26:26,196.6,190.4,187.5,202.0,196.2,185.7,202.6,189.5,194.1,192.8,187.9,185.5
ED-0054,1587,26:27,198.0,191.2,189.3,203.7,197.7,187.7,201.8,190.9,194.6,194.4,187.8,183.7
ED-0054,1588,26:28,198.4,191.0,186.5,203.1,197.7,185.6,202.7,190.4,195.7,191.3,186.2,182.7
ED-0054,1589,26:29,199.1,192.4,186.5,203.4,195.6,186.4,203.0,191.7,193.7,192.8,187.4,186.0
ED-0054,1590,26:30,195.9,191.6,186.2,203.9,198.2,185.0,203.2,191.0,194.2,194.2,187.1,185.2
ED-0054,1591,26:31,197.4,192.5,187.9,202.0,197.2,185.8,202.2,191.6,194.3,194.7,186.1,183.8
ED-0054,1592,26:32,196.9,190.2,186.6,203.4,196.6,186.4,202.9,190.4,194.0,192.3,187.5,183.9
ED-0054,1593,26:33,197.0,190.7,186.4,202.9,197.5,186.7,203.3,191.9,194.4,194.2,187.7,184.1
ED-0054,1594,26:34,197.9,191.2,187.3,202.3,196.6,184.4,201.8,191.1,192.3,193.7,186.3,183.5
ED-0054,1595,26:35,198.2,192.2,187.7,203.7,196.3,184.9,201.1,188.4,194.0,193.5,186.7,182.8
ED-0054,1596,26:36,197.3,191.7,188.8,203.7,195.5,185.2,203.3,190.9,194.3,193.0,188.0,185.0
ED-0054,1597,26:37,198.3,190.9,186.5,203.6,195.9,185.7,202.1,191.5,193.8,192.6,187.6,184.3
ED-0054,1598,26:38,198.4,190.1,187.7,202.8,197.2,186.3,202.6,191.1,192.7,193.0,186.9,184.7
ED-0054,1599,26:39,199.3,191.7,187.5,200.8,196.2,185.2,203.2,189.3,193.8,192.4,186.4,184.3
ED-0054,1600,26:40,197.4,191.8,187.2,202.7,194.9,185.8,202.5,191.6,193.3,194.3,186.0,183.4
ED-0054,1601,26:41,196.7,190.9,186.0,202.1,197.3,185.8,201.2,191.1,194.6,193.3,187.2,184.1
ED-0054,1602,26:42,197.8,191.3,187.2,204.6,194.9,185.6,203.3,191.6,193.9,192.0,187.4,183.5
ED-0054,1603,26:43,199.7,190.8,188.9,202.6,195.9,184.6,200.9,191.5,195.3,192.5,188.7,184.7
ED-0054,1604,26:44,196.7,192.5,188.4,204.0,196.5,184.8,202.8,191.5,194.6,194.0,186.4,182.9
ED-0054,1605,26:45,195.3,192.1,187.7,202.1,196.7,187.2,202.2,191.1,192.8,193.2,186.6,184.3
ED-0054,1606,26:46,196.0,189.4,186.2,202.7,195.7,186.1,202.5,191.0,195.2,193.3,187.0,182.4
ED-0054,1607,26:47,198.0,191.5,187.1,202.6,196.5,185.4,201.7,189.6,194.1,194.3,188.7,182.3
ED-0054,1608,26:48,197.7,188.5,187.6,204.1,195.4,186.0,200.8,190.1,194.7,193.9,189.4,184.9
ED-0054,1609,26:49,197.4,190.3,186.6,202.9,197.3,185.5,200.8,190.1,194.9,192.8,188.1,183.4
ED-0054,1610,26:50,197.2,190.8,187.2,203.5,196.3,185.6,201.2,190.7,192.5,194.3,188.2,184.2
ED-0054,1611,26:51,196.4,190.6,187.4,203.2,194.9,185.2,201.0,189.7,195.2,195.4,187.6,184.4
ED-0054,1612,26:52,196.3,190.3,185.9,202.6,195.8,185.8,202.9,190.1,193.7,193.3,187.2,182.5
ED-0054,1613,26:53,198.7,192.2,187.6,202.8,197.0,187.3,201.6,192.1,193.8,195.0,188.1,185.7
ED-0054,1614,26:54,199.1,191.0,186.1,203.4,196.6,185.3,201.0,189.7,196.7,195.0,187.9,183.7
ED-0054,1615,26:55,198.2,192.6,186.6,202.9,195.3,185.7,202.9,189.6,193.5,192.7,188.0,183.3
ED-0054,1616,26:56,199.7,192.0,187.4,204.2,195.7,186.0,202.7,192.4,193.2,192.9,186.9,183.5
ED-0054,1617,26:57,197.2,190.5,187.0,203.0,195.9,184.2,202.8,189.9,194.0,194.1,187.5,184.0
ED-0054,1618,26:58,197.5,191.5,186.8,203.3,197.2,186.7,202.1,191.0,194.0,194.1,187.1,184.5
ED-0054,1619,26:59,197.4,190.2,188.1,200.9,195.8,185.3,203.0,190.9,193.7,194.2,187.2,184.6
ED-0054,1620,27:00,195.8,190.6,187.0,202.6,197.3,184.7,201.9,192.6,195.2,193.6,188.2,184.0
ED-0054,1621,27:01,197.2,191.0,187.6,202.8,195.5,186.9,203.4,189.6,193.2,192.0,187.1,183.4
ED-0054,1622,27:02,197.7,191.6,187.8,202.4,196.1,185.9,202.1,191.4,194.3,192.1,187.9,184.7
ED-0054,1623,27:03,197.2,191.6,187.2,202.9,197.0,186.3,203.2,190.1,192.9,193.3,187.3,184.2
ED-0054,1624,27:04,197.0,190.5,186.6,204.0,194.2,185.6,203.1,191.1,192.9,193.7,186.6,182.2
ED-0054,1625,27:05,197.4,190.1,187.9,203.1,196.2,186.2,202.5,190.3,192.9,193.5,188.5,184.3
ED-0054,1626,27:06,197.9,191.2,185.8,201.3,195.8,186.5,203.0,189.3,194.0,192.0,187.3,183.4
ED-0054,1627,27:07,196.5,190.1,188.6,204.2,195.4,184.5,203.8,190.8,194.0,193.2,185.7,183.6
ED-0054,1628,27:08,197.4,190.5,187.8,202.2,194.7,184.2,202.7,189.5,194.4,192.4,188.3,184.2
ED-0054,1629,27:09,198.3,191.5,186.5,203.6,195.9,186.0,203.2,191.2,194.6,193.0,186.8,183.1
ED-0054,1630,27:10,198.0,190.4,187.2,202.6,195.5,185.9,203.5,189.5,194.9,195.4,187.4,183.3
ED-0054,1631,27:11,198.8,191.9,187.6,203.9,196.2,186.9,203.0,191.7,193.2,193.6,186.4,184.5
ED-0054,1632,27:12,195.9,190.5,187.5,202.6,194.7,184.8,201.5,190.4,195.8,193.3,187.3,183.4
ED-0054,1633,27:13,198.1,190.2,186.6,203.3,196.6,187.4,203.3,189.8,194.7,194.0,187.2,183.6
ED-0054,1634,27:14,197.5,190.9,186.9,204.3,197.9,186.4,202.5,189.8,195.6,193.9,186.6,183.9
ED-0054,1635,27:15,196.1,190.9,186.1,203.8,196.2,186.8,202.6,189.7,193.3,193.5,187.3,183.5
ED-0054,1636,27:16,197.5,191.9,186.8,203.1,196.9,184.7,203.1,191.1,193.0,192.9,187.6,183.8
ED-0054,1637,27:17,198.1,191.8,187.4,203.4,196.7,186.4,200.4,190.5,194.9,194.2,186.8,181.1
ED-0054,1638,27:18,195.9,191.8,187.0,202.0,197.3,187.9,202.8,189.4,194.0,193.2,187.4,184.9
ED-0054,1639,27:19,196.9,191.1,185.9,203.4,196.4,187.1,200.5,191.7,194.8,194.3,187.0,181.8
ED-0054,1640,27:20,198.9,192.6,187.9,203.4,196.8,187.2,202.8,191.5,193.8,193.5,186.8,182.9
ED-0054,1641,27:21,197.5,191.5,186.7,202.4,195.2,186.3,201.8,190.3,193.3,193.5,189.2,184.2
ED-0054,1642,27:22,197.0,190.9,187.5,204.6,197.5,186.6,203.3,191.3,195.0,193.3,189.1,183.6
ED-0054,1643,27:23,196.1,192.0,188.6,203.7,196.0,185.4,203.0,190.5,194.4,193.4,189.3,182.8
ED-0054,1644,27:24,197.2,190.7,186.6,203.2,196.1,185.9,202.2,190.5,193.3,193.0,187.3,182.7
ED-0054,1645,27:25,198.3,191.2,188.8,203.6,197.1,186.7,203.9,191.2,193.9,193.3,186.4,183.8
ED-0054,1646,27:26,195.8,192.2,186.0,204.2,196.2,185.2,201.0,190.9,194.7,194.2,188.1,183.8
ED-0054,1647,27:27,197.4,190.7,186.9,200.7,195.3,185.5,203.0,190.2,192.6,195.0,187.7,184.6
ED-0054,1648,27:28,199.3,190.3,188.4,203.1,196.9,186.5,203.1,190.7,194.1,193.8,188.0,184.6
ED-0054,1649,27:29,197.7,192.5,187.6,203.5,196.6,185.8,202.1,189.8,194.3,194.3,188.2,184.1
ED-0054,1650,27:30,195.9,192.5,186.1,204.3,195.5,186.2,203.7,191.4,195.4,194.9,187.2,183.9
ED-0054,1651,27:31,197.6,191.7,186.5,203.4,196.1,186.7,202.9,191.3,194.0,191.8,188.7,185.1
ED-0054,1652,27:32,196.1,192.3,186.4,202.4,195.2,188.0,202.8,189.8,193.7,193.5,186.2,181.9
ED-0054,1653,27:33,196.1,191.1,185.9,203.5,196.8,185.6,201.1,189.5,194.1,193.5,187.5,182.0
ED-0054,1654,27:34,197.9,191.3,187.9,203.0,195.6,185.3,203.6,189.8,193.3,195.0,188.3,183.1
ED-0054,1655,27:35,197.2,189.8,185.0,203.1,195.9,185.4,202.2,190.2,194.9,194.1,187.1,184.6
ED-0054,1656,27:36,197.5,190.3,187.1,204.3,196.6,185.4,204.6,189.7,194.5,195.0,188.5,182.7
ED-0054,1657,27:37,197.8,191.8,186.0,201.6,196.3,186.4,204.3,191.0,194.1,195.6,184.7,184.2
ED-0054,1658,27:38,196.7,191.7,187.0,202.4,196.3,187.1,203.1,189.8,193.6,195.0,187.4,183.6
ED-0054,1659,27:39,197.7,192.0,185.6,202.7,195.9,186.7,203.4,189.8,194.9,192.6,187.6,183.7
ED-0054,1660,27:40,198.7,191.0,186.9,203.6,195.5,186.5,202.6,188.9,194.2,193.0,187.0,182.2
ED-0054,1661,27:41,197.5,191.7,186.4,203.9,195.5,185.9,201.4,190.6,192.9,193.0,187.7,183.5
ED-0054,1662,27:42,198.1,190.6,186.8,202.4,196.3,185.2,203.6,190.4,194.9,192.3,186.8,185.0
ED-0054,1663,27:43,198.8,189.6,186.2,202.8,194.6,184.6,203.5,192.1,192.6,194.5,187.8,183.2
ED-0054,1664,27:44,198.1,190.9,186.0,204.3,195.4,185.1,203.0,191.3,193.8,192.4,187.6,183.5
ED-0054,1665,27:45,200.0,191.4,187.7,203.5,196.2,184.9,201.8,191.4,195.0,193.8,188.0,182.2
ED-0054,1666,27:46,196.7,191.2,187.0,204.6,195.8,186.6,202.1,191.2,193.8,194.5,186.3,183.5
ED-0054,1667,27:47,198.0,190.6,186.7,204.1,196.9,186.8,203.9,190.1,193.2,191.0,186.6,184.4
ED-0054,1668,27:48,198.4,190.8,188.0,203.1,196.8,187.8,201.8,190.5,194.5,193.4,188.4,184.3
ED-0054,1669,27:49,197.7,191.8,186.9,203.4,195.5,186.6,203.4,190.0,195.4,192.1,187.2,184.3
ED-0054,1670,27:50,197.5,192.6,187.8,202.6,197.7,185.6,203.0,191.7,193.3,193.0,187.2,183.9
ED-0054,1671,27:51,197.2,191.0,185.9,203.4,194.4,186.9,202.9,191.1,194.4,193.3,186.3,183.6
ED-0054,1672,27:52,196.3,191.8,188.4,202.8,196.6,186.5,203.5,190.1,194.7,193.9,187.1,182.5
ED-0054,1673,27:53,196.1,191.4,186.4,202.6,195.8,187.0,204.9,191.4,195.0,192.6,188.8,183.7
ED-0054,1674,27:54,197.5,191.2,188.7,203.0,194.8,187.2,203.6,190.6,194.1,192.8,188.0,182.6
ED-0054,1675,27:55,198.8,192.9,185.5,203.6,195.5,184.9,203.8,191.1,193.3,193.7,187.9,184.6
ED-0054,1676,27:56,198.0,191.6,187.5,203.1,196.6,184.5,202.8,189.5,193.5,192.4,185.7,182.2
ED-0054,1677,27:57,196.9,190.6,186.9,205.3,194.4,184.6,203.4,189.7,194.8,193.5,187.8,184.0
ED-0054,1678,27:58,196.1,190.6,188.6,203.5,196.1,186.5,202.7,191.6,191.5,193.8,187.3,182.9
ED-0054,1679,27:59,196.4,191.3,188.3,204.3,194.8,186.8,202.9,190.4,194.3,192.3,188.0,184.5
ED-0054,1680,28:00,197.8,191.2,187.9,202.8,195.6,185.5,202.6,191.2,194.7,194.4,187.9,184.5
ED-0054,1681,28:01,196.6,191.4,186.4,204.1,196.3,185.5,202.4,190.8,193.7,193.0,186.9,185.9
ED-0054,1682,28:02,197.3,190.6,187.2,202.4,196.4,186.7,202.8,191.9,193.3,192.4,186.8,185.0
ED-0054,1683,28:03,196.2,191.2,187.2,204.0,196.2,186.0,202.2,189.7,195.1,193.6,186.7,182.8
ED-0054,1684,28:04,198.8,189.3,187.2,203.4,194.1,186.0,202.6,189.8,194.1,193.7,187.9,182.9
ED-0054,1685,28:05,198.4,191.3,186.7,203.7,197.0,187.6,201.7,189.0,195.4,194.0,188.5,183.5
ED-0054,1686,28:06,197.8,191.5,187.1,202.3,195.8,185.4,201.4,190.5,193.4,193.4,188.5,182.2
ED-0054,1687,28:07,199.1,190.1,186.9,203.2,195.1,186.6,201.8,190.8,192.7,192.6,186.5,183.3
ED-0054,1688,28:08,199.1,190.0,187.5,203.8,195.3,186.6,200.4,190.5,194.4,194.3,187.2,184.3
ED-0054,1689,28:09,197.2,191.3,185.4,202.7,194.9,185.8,202.9,189.3,194.0,193.1,186.3,183.6
ED-0054,1690,28:10,198.2,192.2,187.4,203.5,196.4,185.2,202.3,193.7,194.8,192.9,188.1,184.4
ED-0054,1691,28:11,196.6,189.8,186.8,203.7,195.8,184.5,201.9,190.7,194.0,194.5,186.1,182.8
ED-0054,1692,28:12,196.4,189.9,188.5,203.1,195.5,187.4,201.2,190.6,193.0,191.8,188.6,183.7
ED-0054,1693,28:13,197.5,190.8,187.9,202.6,195.7,186.5,201.9,190.7,194.1,193.7,187.4,181.3
ED-0054,1694,28:14,196.8,191.0,187.1,202.3,196.0,187.4,203.5,190.9,193.1,193.2,187.1,183.3
ED-0054,1695,28:15,196.4,190.4,186.4,202.3,196.1,185.7,202.5,190.5,193.9,193.8,189.2,185.4
ED-0054,1696,28:16,197.5,191.6,186.1,204.4,196.8,186.4,202.4,190.5,194.5,193.0,187.0,184.8
ED-0054,1697,28:17,198.4,191.5,187.3,202.9,193.4,186.2,202.2,192.0,194.3,193.0,188.6,184.7
ED-0054,1698,28:18,197.5,191.6,186.7,202.5,195.1,187.0,201.9,191.1,193.7,192.8,187.5,184.0
ED-0054,1699,28:19,198.2,191.4,184.8,202.9,197.0,185.8,202.1,191.5,193.8,193.0,188.0,181.3
ED-0054,1700,28:20,197.5,192.3,186.5,201.8,197.1,185.4,201.9,191.3,194.2,193.7,188.3,182.8
ED-0054,1701,28:21,198.0,192.4,186.0,204.2,195.9,185.4,202.8,192.6,194.7,194.0,188.2,183.5
ED-0054,1702,28:22,197.9,191.3,185.0,202.9,196.9,186.7,202.8,190.9,194.1,193.7,187.0,184.5
ED-0054,1703,28:23,197.5,192.2,186.2,204.5,197.3,186.3,201.6,190.6,195.4,192.9,187.7,182.7
ED-0054,1704,28:24,198.8,190.5,187.0,204.6,196.0,185.6,202.0,190.4,193.7,194.0,188.4,183.4
ED-0054,1705,28:25,198.0,190.9,186.5,203.9,195.3,186.6,201.8,189.2,193.9,192.4,188.1,182.9
ED-0054,1706,28:26,197.7,191.1,186.1,203.2,195.5,186.6,203.1,190.6,195.1,192.8,186.9,184.1
ED-0054,1707,28:27,198.4,191.4,186.9,202.7,195.3,186.2,204.1,191.0,192.1,194.3,187.8,185.1
ED-0054,1708,28:28,197.7,190.1,186.1,201.2,196.5,185.8,202.7,191.1,193.8,193.4,186.7,182.6
ED-0054,1709,28:29,197.1,188.7,186.7,201.9,196.5,184.9,202.1,190.2,192.0,193.6,188.3,183.6
ED-0054,1710,28:30,198.4,191.8,187.0,204.0,196.8,187.6,202.9,190.4,194.7,194.1,187.6,182.8
ED-0054,1711,28:31,197.5,191.8,185.8,203.9,197.1,185.9,204.4,191.8,192.9,191.4,187.2,185.1
ED-0054,1712,28:32,198.8,190.5,186.9,203.6,195.7,184.5,200.6,191.4,193.9,193.7,188.4,184.4
ED-0054,1713,28:33,196.6,192.0,187.1,202.9,195.5,184.6,202.4,192.0,193.6,193.8,188.2,186.4
ED-0054,1714,28:34,197.0,192.2,186.7,202.5,196.8,185.3,203.5,190.5,193.7,193.0,186.9,182.5
ED-0054,1715,28:35,196.4,191.1,187.3,202.4,197.2,186.2,203.0,190.1,194.1,194.1,187.4,183.4
ED-0054,1716,28:36,196.2,191.1,188.1,203.3,196.2,186.1,202.7,191.2,193.7,192.6,187.4,183.9
ED-0054,1717,28:37,198.4,190.1,188.8,202.3,195.6,185.2,202.1,190.0,194.2,193.6,185.9,183.2
ED-0054,1718,28:38,196.6,189.1,186.2,203.5,196.2,185.2,203.5,191.2,194.1,193.3,187.9,183.6
ED-0054,1719,28:39,197.2,190.6,187.1,203.1,195.3,186.8,201.3,189.6,193.8,192.2,186.4,184.8
ED-0054,1720,28:40,196.6,190.4,186.1,202.2,195.6,186.4,203.7,189.9,195.8,194.8,186.9,183.1
ED-0054,1721,28:41,197.3,191.9,187.8,204.1,196.3,186.7,204.3,191.0,192.5,194.5,187.0,183.3
ED-0054,1722,28:42,198.0,190.5,186.1,204.1,197.6,186.3,203.3,189.6,193.4,193.6,187.0,184.3
ED-0054,1723,28:43,196.7,191.1,187.6,203.2,195.7,185.7,200.2,190.1,194.3,191.8,186.2,183.2
ED-0054,1724,28:44,197.5,191.4,188.2,204.0,197.4,186.1,203.3,192.3,193.1,193.7,187.6,184.7
ED-0054,1725,28:45,198.0,190.8,186.4,202.8,196.1,187.8,202.8,191.7,192.6,193.0,188.2,184.2
ED-0054,1726,28:46,196.1,191.8,186.1,203.6,194.8,185.5,202.0,192.1,192.1,193.5,187.2,184.5
ED-0054,1727,28:47,196.3,189.3,186.7,203.8,195.6,185.2,202.8,190.4,194.1,194.5,186.5,182.7
ED-0054,1728,28:48,197.4,192.0,187.4,201.7,197.2,185.7,201.3,191.0,195.2,194.1,187.6,184.7
ED-0054,1729,28:49,196.9,191.6,188.0,204.0,197.1,186.1,201.7,190.4,195.1,194.6,186.7,183.5
ED-0054,1730,28:50,198.6,192.1,186.4,203.5,195.7,185.8,202.5,191.2,193.3,194.2,186.2,183.4
ED-0054,1731,28:51,196.3,190.9,185.9,203.3,196.0,186.3,203.0,191.3,193.9,192.6,186.9,183.3
ED-0054,1732,28:52,196.8,191.3,187.0,202.3,196.8,186.7,202.0,190.2,194.5,193.2,186.3,183.0
ED-0054,1733,28:53,197.2,190.5,186.2,203.2,195.0,187.2,202.4,191.4,194.5,192.6,188.4,183.7
ED-0054,1734,28:54,197.8,191.5,186.2,204.4,196.3,184.5,203.4,190.4,195.1,193.7,186.8,183.9
ED-0054,1735,28:55,197.4,190.1,186.8,202.0,197.3,185.9,202.3,193.1,193.8,193.8,187.2,182.9
ED-0054,1736,28:56,197.5,191.2,188.3,203.9,195.7,186.5,203.4,191.0,194.6,194.1,187.5,184.8
ED-0054,1737,28:57,198.3,188.8,187.2,204.0,196.3,185.2,203.7,191.9,193.4,193.1,188.5,183.0
ED-0054,1738,28:58,197.8,190.4,187.9,203.5,195.2,185.1,201.6,191.5,193.8,193.1,188.0,184.2
ED-0054,1739,28:59,199.0,189.9,186.5,203.0,196.7,185.5,199.8,190.1,194.1,193.3,187.1,183.4
ED-0054,1740,29:00,197.7,192.1,186.8,203.7,195.5,187.8,202.9,190.4,194.3,192.3,187.2,184.0
ED-0054,1741,29:01,198.5,192.9,186.9,202.7,197.2,187.0,203.7,190.6,193.9,193.5,186.9,185.3
ED-0054,1742,29:02,197.9,192.0,187.0,203.8,195.9,186.5,203.4,189.8,195.3,193.6,188.3,184.1
ED-0054,1743,29:03,197.6,190.7,185.7,203.0,196.2,186.5,203.6,190.9,194.9,193.9,186.9,183.7
ED-0054,1744,29:04,197.9,191.4,186.8,203.9,197.4,184.6,201.5,190.8,193.5,194.3,187.6,185.5
ED-0054,1745,29:05,196.9,191.0,187.8,202.3,196.7,185.3,203.7,191.4,192.5,193.2,186.4,185.2
ED-0054,1746,29:06,196.4,191.4,188.1,203.0,196.0,186.1,202.1,189.4,195.1,194.6,186.4,184.1
ED-0054,1747,29:07,196.5,191.0,185.5,203.3,195.7,186.0,200.8,189.4,194.8,194.6,188.1,184.7
ED-0054,1748,29:08,195.7,191.7,187.5,202.9,195.8,185.2,203.6,189.6,193.3,191.8,188.0,183.3
ED-0054,1749,29:09,196.6,190.3,186.8,204.0,196.3,186.4,202.0,191.9,193.9,193.2,188.3,183.7
ED-0054,1750,29:10,198.0,190.6,187.7,202.5,195.8,186.3,202.1,189.5,194.9,193.1,188.9,183.5
ED-0054,1751,29:11,198.2,193.0,186.4,202.1,194.6,185.4,201.7,190.1,193.7,194.3,186.2,183.3
ED-0054,1752,29:12,196.8,190.4,187.3,203.3,195.8,184.7,203.0,192.1,193.0,193.0,186.7,183.6
ED-0054,1753,29:13,196.4,190.6,187.4,205.3,196.9,185.6,203.8,190.6,193.7,194.1,188.1,182.9
ED-0054,1754,29:14,196.3,191.1,187.3,203.9,194.8,185.5,202.6,190.6,193.2,192.5,188.5,183.9
ED-0054,1755,29:15,197.6,189.4,188.6,203.3,195.6,184.6,203.5,190.4,193.9,193.6,187.6,182.5
ED-0054,1756,29:16,197.2,192.2,187.1,202.0,196.4,186.8,201.5,190.0,192.3,194.4,187.8,184.1
ED-0054,1757,29:17,195.7,191.0,186.9,204.2,193.5,187.7,201.4,191.5,193.9,192.6,188.3,185.1
ED-0054,1758,29:18,197.4,191.6,186.2,202.1,197.1,186.2,202.4,189.7,193.3,193.2,187.8,184.4
ED-0054,1759,29:19,197.0,190.7,187.1,203.7,195.2,185.8,203.5,190.6,195.2,192.5,187.2,182.9
ED-0054,1760,29:20,197.7,190.4,187.9,202.7,195.3,186.9,201.9,190.6,191.5,192.2,187.5,184.5
ED-0054,1761,29:21,197.2,191.4,186.3,202.1,196.1,185.4,203.5,190.0,194.4,194.0,186.6,184.5
ED-0054,1762,29:22,196.7,192.5,186.7,203.2,196.3,186.8,202.2,191.3,193.8,194.9,186.0,184.3
ED-0054,1763,29:23,198.5,191.9,186.0,204.0,196.8,187.1,200.5,189.8,193.3,194.5,187.7,184.2
ED-0054,1764,29:24,197.1,191.7,187.9,202.4,195.6,186.4,204.0,189.9,193.6,192.7,186.5,182.7
ED-0054,1765,29:25,198.4,190.2,185.3,203.0,195.8,185.3,202.0,191.2,192.7,194.5,186.8,183.0
ED-0054,1766,29:26,198.0,190.3,188.4,202.0,196.5,185.2,203.5,189.6,193.1,191.8,186.7,183.3
ED-0054,1767,29:27,199.1,190.6,186.2,203.1,196.9,185.7,201.8,192.1,194.1,194.4,186.0,183.5
ED-0054,1768,29:28,196.5,191.7,187.0,201.8,195.4,185.3,201.9,192.0,194.3,194.5,188.6,183.7
ED-0054,1769,29:29,197.3,189.5,187.1,203.1,197.1,185.7,203.1,189.1,193.5,194.7,187.2,184.1
ED-0054,1770,29:30,196.8,190.8,187.7,204.0,195.7,186.9,202.2,191.9,193.0,193.6,186.9,183.6
ED-0054,1771,29:31,197.5,189.7,187.2,202.5,196.1,185.1,203.3,190.0,192.2,192.5,188.7,183.0
ED-0054,1772,29:32,198.4,191.5,186.6,203.2,196.5,185.3,203.5,191.1,195.3,193.1,187.1,184.3
ED-0054,1773,29:33,196.4,191.5,186.0,203.1,195.3,186.0,201.9,190.9,194.1,192.1,187.5,183.3
ED-0054,1774,29:34,196.7,191.8,186.6,203.4,195.0,186.8,201.1,191.4,193.4,195.4,187.5,185.0
ED-0054,1775,29:35,195.5,189.8,186.6,202.4,195.1,185.8,202.5,190.2,193.0,192.0,187.3,184.2
ED-0054,1776,29:36,198.4,192.5,186.6,203.8,196.3,187.0,203.2,189.8,195.3,194.0,186.0,183.3
ED-0054,1777,29:37,196.5,192.3,186.1,203.2,195.8,185.9,201.3,190.6,194.9,193.5,187.6,183.6
ED-0054,1778,29:38,196.5,191.1,187.0,202.7,195.8,185.5,204.2,189.7,193.8,193.2,187.2,184.6
ED-0054,1779,29:39,199.5,191.7,187.2,201.9,196.1,187.7,202.5,191.4,194.3,193.0,188.4,185.6
ED-0054,1780,29:40,198.5,191.5,187.1,202.5,195.8,186.9,202.1,192.4,192.7,192.9,186.3,184.7
ED-0054,1781,29:41,196.8,189.8,186.9,203.7,196.7,187.1,201.2,189.5,193.4,193.9,185.6,184.2
ED-0054,1782,29:42,197.6,190.7,186.0,202.1,195.2,186.1,202.7,190.8,194.6,193.0,187.5,184.7
ED-0054,1783,29:43,197.5,191.8,187.4,202.8,195.5,186.4,201.6,192.1,192.1,192.5,188.1,183.5
ED-0054,1784,29:44,197.3,191.6,186.4,204.1,196.0,187.0,201.9,189.9,193.9,193.1,188.1,183.2
ED-0054,1785,29:45,199.1,190.8,186.4,203.9,196.8,185.6,201.8,191.0,194.1,193.3,188.8,184.6
ED-0054,1786,29:46,197.9,191.0,186.6,203.2,196.0,185.1,202.3,191.5,193.2,192.7,187.7,185.0
ED-0054,1787,29:47,196.6,191.2,186.8,204.6,196.6,185.2,201.4,190.2,193.5,192.8,186.5,184.3
ED-0054,1788,29:48,197.3,190.5,186.4,202.9,195.7,185.2,200.6,191.4,193.4,193.1,186.9,184.2
ED-0054,1789,29:49,198.1,192.4,185.8,202.7,195.8,186.1,202.6,191.3,195.1,193.1,187.9,182.0
ED-0054,1790,29:50,198.0,192.8,187.1,203.5,195.8,186.0,202.1,190.9,194.8,193.4,186.2,185.5
ED-0054,1791,29:51,198.5,190.8,187.9,204.9,194.4,186.2,202.7,188.4,193.5,194.8,185.2,184.4
ED-0054,1792,29:52,196.2,191.7,185.5,202.3,194.6,186.6,202.3,190.0,194.2,194.4,187.2,183.1
ED-0054,1793,29:53,197.8,188.8,187.2,203.0,196.1,185.4,203.9,190.6,194.2,192.8,187.5,183.7
ED-0054,1794,29:54,197.2,190.3,187.0,204.5,196.0,187.2,201.7,190.2,195.2,192.7,187.7,183.2
ED-0054,1795,29:55,195.7,190.4,186.2,203.7,196.5,185.9,203.3,190.3,194.6,193.6,188.5,185.9
ED-0054,1796,29:56,198.4,190.4,187.5,201.6,196.4,185.3,203.3,190.3,193.9,194.6,188.1,184.7
ED-0054,1797,29:57,197.7,190.7,187.1,204.8,195.6,185.1,202.7,190.9,193.2,193.9,185.2,184.1
ED-0054,1798,29:58,197.8,190.9,186.3,204.0,195.9,185.6,201.8,190.7,192.6,192.1,186.6,182.5
ED-0054,1799,29:59,197.2,192.1,187.0,204.1,195.3,187.4,201.9,193.0,195.3,192.8,187.8,182.8
ED-0054,1800,30:00,195.6,191.3,187.4,204.1,196.6,186.7,202.8,189.3,195.4,194.1,187.5,183.2
ED-0054,1801,30:01,197.8,192.3,186.8,203.0,196.2,184.5,202.4,190.9,192.9,193.5,186.0,184.5
ED-0054,1802,30:02,197.3,192.3,186.5,204.4,195.7,185.5,202.6,191.5,193.3,194.0,187.5,184.1
ED-0054,1803,30:03,198.0,190.7,185.3,202.1,197.2,187.4,200.8,189.4,194.5,192.7,188.5,184.2
ED-0054,1804,30:04,196.9,191.2,187.1,203.6,197.3,185.4,201.9,190.4,194.6,192.1,186.9,182.9
ED-0054,1805,30:05,198.2,191.5,188.6,202.6,195.6,186.7,201.7,191.0,192.3,193.2,187.4,184.0
ED-0054,1806,30:06,197.8,191.0,188.0,202.7,196.3,185.4,201.4,191.0,193.5,192.9,187.8,185.0
ED-0054,1807,30:07,195.8,190.6,187.8,201.1,194.5,186.3,201.6,190.3,195.4,194.0,186.7,184.0
ED-0054,1808,30:08,197.8,191.0,186.1,203.2,195.9,185.9,202.1,192.1,194.9,194.5,187.4,182.6
ED-0054,1809,30:09,198.1,190.2,186.7,202.7,196.6,187.0,204.2,192.2,194.7,192.7,187.4,184.9
ED-0054,1810,30:10,197.6,191.8,186.7,203.2,194.5,187.3,202.5,188.7,193.5,193.0,186.4,182.9
ED-0054,1811,30:11,197.4,190.3,187.2,203.1,195.6,186.4,201.5,190.1,193.9,192.8,187.4,182.7
ED-0054,1812,30:12,196.1,192.3,186.6,203.5,195.2,185.9,201.6,191.2,193.5,194.6,187.2,183.9
ED-0054,1813,30:13,198.4,191.1,186.4,202.9,195.3,186.1,202.9,189.4,194.9,192.0,186.5,184.4
ED-0054,1814,30:14,196.5,192.1,185.7,204.8,197.0,185.6,202.2,191.1,195.3,192.8,190.0,182.7
ED-0054,1815,30:15,197.1,191.9,186.7,202.5,196.3,184.9,202.6,190.0,192.1,193.0,188.5,183.1
ED-0054,1816,30:16,197.9,190.4,187.0,204.7,198.4,185.8,200.8,189.5,194.1,193.6,186.2,184.7
ED-0054,1817,30:17,198.1,191.7,186.3,204.7,195.7,185.4,200.2,190.4,194.8,194.4,186.4,184.5
ED-0054,1818,30:18,197.2,191.1,189.1,204.2,195.6,186.7,202.6,192.5,194.4,194.0,187.2,183.3
ED-0054,1819,30:19,196.4,190.1,185.1,203.0,195.4,185.1,201.2,191.4,195.2,194.7,187.9,184.0
ED-0054,1820,30:20,197.7,191.0,186.6,203.8,194.5,187.3,201.9,190.5,194.1,193.2,187.7,184.0
ED-0054,1821,30:21,196.9,192.2,187.8,204.4,197.1,183.7,201.0,190.3,195.2,193.0,187.9,183.0
ED-0054,1822,30:22,199.0,189.8,188.3,202.8,196.8,185.9,201.8,192.1,193.9,192.7,187.1,182.7
ED-0054,1823,30:23,194.7,190.9,187.9,202.3,195.8,186.6,203.6,191.6,194.2,192.4,187.3,183.1
ED-0054,1824,30:24,196.8,192.2,188.4,203.2,195.7,187.2,203.6,192.2,195.0,191.7,188.6,184.5
ED-0054,1825,30:25,195.6,191.2,187.2,202.5,196.0,187.2,202.8,189.3,195.5,191.1,187.6,182.4
ED-0054,1826,30:26,197.0,190.9,187.3,203.6,196.3,184.9,202.7,188.9,192.0,191.0,188.2,184.8
ED-0054,1827,30:27,197.0,191.0,186.4,201.1,195.5,186.5,202.1,190.3,194.8,190.9,189.4,182.6
ED-0054,1828,30:28,196.6,190.4,187.1,201.8,196.1,186.0,202.1,190.9,194.4,190.7,186.4,183.5
ED-0054,1829,30:29,197.6,190.9,186.1,201.2,195.1,187.1,202.4,190.2,194.7,189.6,186.8,183.9
ED-0054,1830,30:30,196.5,190.6,186.3,200.6,196.0,184.2,202.9,191.0,194.1,190.6,188.0,184.1
ED-0054,1831,30:31,197.5,189.4,186.3,199.9,195.9,185.6,201.9,190.9,194.0,189.4,187.3,183.6
ED-0054,1832,30:32,198.5,189.5,184.7,200.2,196.6,186.6,202.4,190.2,193.6,188.4,187.3,183.7
ED-0054,1833,30:33,197.9,189.2,184.5,199.2,196.9,185.7,203.1,190.5,192.7,189.0,188.4,181.8
ED-0054,1834,30:34,198.3,188.6,184.5,199.3,195.2,185.3,201.4,190.7,193.0,188.1,187.3,183.2
ED-0054,1835,30:35,198.1,187.7,184.1,198.9,197.2,187.1,201.8,189.7,191.9,188.0,185.8,184.3
ED-0054,1836,30:36,197.0,188.3,184.0,198.7,196.5,185.7,202.2,189.8,190.7,187.5,186.1,182.6
ED-0054,1837,30:37,198.5,187.9,183.8,198.6,198.1,186.4,202.4,191.5,190.9,187.3,185.3,183.7
ED-0054,1838,30:38,198.4,186.6,183.6,197.5,195.4,186.6,203.5,189.9,190.8,185.8,185.0,184.4
ED-0054,1839,30:39,197.8,185.9,182.8,197.4,196.0,185.3,203.2,189.5,190.0,185.4,184.8,183.6
ED-0054,1840,30:40,198.8,185.2,181.9,197.6,194.9,186.4,203.0,192.4,190.5,185.2,183.8,183.7
ED-0054,1841,30:41,197.9,185.3,181.8,196.6,196.6,185.8,201.8,192.0,189.9,186.1,184.3,183.4
ED-0054,1842,30:42,198.6,185.7,180.8,196.4,195.2,185.9,202.1,192.2,189.3,184.1,183.2,183.4
ED-0054,1843,30:43,197.6,185.0,181.5,195.9,197.0,187.1,202.4,189.4,188.4,184.0,183.1,185.4
ED-0054,1844,30:44,197.0,184.1,181.0,195.5,196.1,186.5,202.8,191.3,188.1,184.7,182.7,184.8
ED-0054,1845,30:45,197.6,184.4,180.9,194.2,196.8,184.7,202.4,189.2,187.3,183.4,182.7,184.1
ED-0054,1846,30:46,196.2,183.9,180.3,193.6,196.1,186.8,203.2,190.6,187.6,183.3,182.3,185.0
ED-0054,1847,30:47,197.1,184.3,179.8,193.7,196.6,186.1,203.2,190.3,187.4,183.3,182.1,182.4
ED-0054,1848,30:48,196.4,183.7,179.8,193.3,197.5,185.5,202.1,190.3,186.9,182.3,181.9,182.1
ED-0054,1849,30:49,195.0,182.5,179.0,192.4,196.3,187.0,203.3,190.5,186.8,182.2,182.2,182.5
ED-0054,1850,30:50,194.8,182.9,179.7,192.5,196.3,186.4,203.2,192.1,186.7,182.0,180.7,181.8
ED-0054,1851,30:51,194.8,181.1,178.3,191.6,194.6,185.2,205.1,190.4,185.8,181.0,179.4,182.0
ED-0054,1852,30:52,194.9,181.4,177.7,192.4,197.0,185.4,202.0,192.1,185.3,181.4,179.7,182.3
ED-0054,1853,30:53,194.5,180.9,177.8,191.8,196.4,185.8,201.5,191.4,184.7,180.7,178.8,181.9
ED-0054,1854,30:54,193.5,181.2,177.3,191.4,195.9,186.2,201.8,189.5,184.7,180.4,179.1,180.4
ED-0054,1855,30:55,193.7,180.1,177.2,190.7,194.4,184.5,204.9,191.6,183.4,180.0,178.1,180.1
ED-0054,1856,30:56,193.6,180.1,176.5,190.1,194.7,186.3,202.5,191.8,184.9,179.2,178.7,181.3
ED-0054,1857,30:57,192.6,179.4,176.2,189.5,195.6,185.3,202.4,191.1,183.8,178.8,178.5,180.1
ED-0054,1858,30:58,192.0,178.8,175.5,189.3,196.6,185.3,203.0,191.1,183.6,180.0,177.3,179.6
ED-0054,1859,30:59,191.0,178.8,175.7,189.2,196.7,185.5,202.4,189.4,183.8,179.0,178.2,179.9
ED-0054,1860,31:00,192.0,178.0,175.3,188.5,196.1,186.0,203.5,189.4,182.9,179.1,176.3,179.1
ED-0054,1861,31:01,191.4,178.0,175.2,188.8,195.5,186.9,203.0,189.3,181.2,177.8,176.5,179.1
ED-0054,1862,31:02,191.3,177.9,173.8,187.9,194.9,183.3,203.0,188.8,182.0,178.1,176.1,177.5
ED-0054,1863,31:03,191.1,176.7,174.1,187.5,194.9,187.1,202.6,188.2,180.6,176.7,175.7,178.7
ED-0054,1864,31:04,190.1,177.0,173.9,187.6,193.5,185.3,201.8,187.3,180.6,176.8,175.1,177.7
ED-0054,1865,31:05,189.4,176.4,173.8,185.9,194.5,184.7,200.8,187.3,180.4,177.9,175.3,176.9
ED-0054,1866,31:06,189.3,176.9,172.0,186.5,194.8,184.3,201.0,187.9,180.6,175.5,174.5,177.8
ED-0054,1867,31:07,189.1,176.8,172.3,186.3,193.3,184.6,199.7,187.9,180.9,176.4,174.6,177.1
ED-0054,1868,31:08,189.3,175.2,172.7,185.9,193.4,184.4,199.5,186.2,180.0,175.9,173.8,177.3
ED-0054,1869,31:09,188.2,174.7,171.8,185.4,192.4,183.7,199.2,186.8,178.2,174.9,173.8,174.7
ED-0054,1870,31:10,188.0,174.6,171.3,185.0,192.8,183.3,198.6,185.3,178.1,175.0,172.5,175.7
ED-0054,1871,31:11,189.0,174.5,171.5,185.3,191.9,182.7,198.2,185.6,179.1,174.5,173.1,175.4
ED-0054,1872,31:12,186.8,173.4,171.2,184.2,190.6,182.5,198.3,186.6,179.0,174.1,172.9,174.0
ED-0054,1873,31:13,186.2,173.2,170.7,184.7,189.3,182.0,197.4,184.8,177.3,173.2,172.2,174.2
ED-0054,1874,31:14,187.1,172.8,170.8,183.0,190.5,181.5,195.8,184.1,176.2,173.6,170.9,174.7
ED-0054,1875,31:15,184.8,172.5,169.4,183.6,190.1,179.8,195.5,183.5,177.5,173.7,171.3,174.4
ED-0054,1876,31:16,185.8,172.6,169.6,183.2,189.2,180.6,195.6,182.2,176.1,173.7,170.2,173.1
ED-0054,1877,31:17,185.5,171.7,169.7,182.6,188.8,179.9,195.1,182.6,176.1,172.3,171.0,174.1
ED-0054,1878,31:18,185.8,171.5,169.1,181.1,188.0,179.8,195.3,182.3,176.0,172.2,170.2,174.1
ED-0054,1879,31:19,184.2,171.4,168.2,181.9,187.9,179.8,194.5,182.0,175.4,171.3,168.7,173.2
ED-0054,1880,31:20,185.1,171.7,168.5,181.7,187.5,179.1,194.1,181.8,174.6,171.3,169.7,172.9
ED-0054,1881,31:21,184.2,171.3,167.6,181.6,186.6,178.4,193.8,181.7,174.0,172.1,169.3,172.5
ED-0054,1882,31:22,184.9,169.7,167.2,180.3,186.5,178.0,192.3,180.4,173.8,170.5,168.9,172.3
ED-0054,1883,31:23,183.4,170.1,167.5,180.0,185.2,177.4,193.3,180.8,174.4,171.1,168.5,172.3
ED-0054,1884,31:24,183.4,170.0,167.0,180.5,186.3,176.0,191.6,179.9,174.3,170.2,168.1,171.9
ED-0054,1885,31:25,183.6,170.3,166.3,179.2,185.0,176.5,191.9,178.7,173.6,170.2,166.2,170.6
ED-0054,1886,31:26,182.9,168.2,166.6,179.4,185.1,177.2,192.2,178.9,172.0,169.7,166.9,170.6
ED-0054,1887,31:27,182.2,169.0,167.2,179.9,184.3,175.9,191.1,179.1,172.1,169.1,166.6,170.3
ED-0054,1888,31:28,181.4,168.2,165.5,179.8,184.2,174.7,190.2,179.1,172.5,168.6,167.4,170.4
ED-0054,1889,31:29,181.2,168.4,165.8,178.6,183.7,175.2,189.1,178.0,172.0,169.5,166.0,169.5
ED-0054,1890,31:30,181.2,167.3,165.5,176.4,182.8,174.7,189.6,177.8,171.1,168.5,165.6,168.5
ED-0054,1891,31:31,180.8,166.9,164.9,178.1,182.9,175.1,188.9,177.9,171.6,168.0,166.2,168.3
ED-0054,1892,31:32,180.7,167.0,164.5,177.0,182.3,173.8,188.8,176.5,170.7,167.1,164.2,168.8
ED-0054,1893,31:33,180.6,167.0,164.7,176.9,181.5,173.7,188.8,176.6,170.3,167.4,164.3,168.4
ED-0054,1894,31:34,179.5,166.2,163.4,177.0,181.4,173.7,187.8,175.1,170.9,166.6,164.3,169.1
ED-0054,1895,31:35,178.4,166.2,163.2,175.9,181.4,173.4,187.1,175.4,169.5,166.4,164.3,167.4
ED-0054,1896,31:36,179.1,165.6,163.5,175.9,180.3,172.4,186.2,175.4,169.4,165.5,163.1,167.4
ED-0054,1897,31:37,180.1,164.6,163.4,175.7,180.8,172.9,187.0,174.9,169.2,165.5,163.5,167.2
ED-0054,1898,31:38,178.7,164.6,162.6,174.9,179.4,171.3,185.0,175.0,168.5,165.9,163.9,166.1
ED-0054,1899,31:39,179.2,164.8,162.3,173.4,179.5,171.5,185.5,174.4,169.5,165.2,162.9,166.3
ED-0054,1900,31:40,178.2,164.6,161.7,174.2,179.3,171.4,184.6,174.3,169.2,164.5,162.9,166.7
ED-0054,1901,31:41,177.1,164.2,160.1,173.8,178.9,170.3,184.4,173.1,167.9,164.7,161.1,165.8
ED-0054,1902,31:42,177.1,163.7,161.1,173.4,178.0,170.2,184.0,173.2,167.8,165.0,161.8,164.4
ED-0054,1903,31:43,177.3,163.7,160.7,172.7,177.5,169.6,183.3,172.1,168.2,164.1,161.2,165.2
ED-0054,1904,31:44,176.6,163.3,160.3,172.8,177.3,169.5,184.0,171.5,166.5,163.7,161.4,166.2
ED-0054,1905,31:45,176.2,161.5,159.9,173.2,176.4,168.9,183.5,171.7,166.4,163.3,160.6,165.2
ED-0054,1906,31:46,176.9,162.0,160.0,172.1,177.4,168.5,182.8,172.0,166.2,163.7,160.3,165.2
ED-0054,1907,31:47,175.5,161.4,159.9,171.0,176.3,167.6,182.0,170.7,165.3,163.2,159.8,163.3
ED-0054,1908,31:48,175.5,159.6,159.3,171.1,175.9,167.5,181.4,171.1,165.9,162.0,159.0,163.5
ED-0054,1909,31:49,175.2,161.4,159.9,171.3,175.2,166.9,181.4,170.2,165.0,161.6,158.7,163.7
ED-0054,1910,31:50,175.0,160.2,158.8,171.2,176.1,166.5,181.1,170.2,164.6,161.3,160.0,163.1
ED-0054,1911,31:51,175.0,160.6,158.8,170.4,174.3,166.7,180.9,170.9,164.0,161.2,158.5,163.2
ED-0054,1912,31:52,175.2,159.7,158.0,169.9,174.5,166.8,180.2,168.5,164.3,161.8,158.5,161.7
ED-0054,1913,31:53,174.3,160.2,157.6,169.2,173.2,166.1,180.4,169.0,163.9,160.7,158.4,162.6
ED-0054,1914,31:54,173.4,159.6,157.6,169.8,173.4,165.4,179.8,167.4,163.7,160.3,157.8,161.9
ED-0054,1915,31:55,172.8,158.2,156.5,168.6,172.8,166.0,179.1,168.2,163.0,160.6,157.7,162.1
ED-0054,1916,31:56,173.5,158.1,156.5,169.3,172.6,165.2,178.1,167.7,162.7,160.5,157.3,162.0
ED-0054,1917,31:57,172.9,157.3,156.1,168.6,172.5,164.9,178.5,168.3,162.8,159.7,156.7,161.2
ED-0054,1918,31:58,172.4,158.7,157.2,168.1,172.2,164.1,177.1,167.4,162.8,158.7,157.5,161.0
ED-0054,1919,31:59,172.4,157.7,156.0,167.7,171.7,164.0,177.3,167.0,161.4,159.2,157.0,160.2
ED-0054,1920,32:00,171.6,158.7,154.7,168.0,171.1,163.0,176.9,165.8,161.6,159.2,155.2,160.2
ED-0054,1921,32:01,171.7,157.7,154.8,166.9,171.8,164.6,176.9,165.8,161.7,157.8,155.9,160.9
ED-0054,1922,32:02,170.8,156.4,155.2,166.1,170.0,163.0,175.9,166.7,160.9,157.3,154.9,159.7
ED-0054,1923,32:03,170.4,156.9,155.6,166.4,170.1,163.4,175.8,164.9,161.1,157.1,154.5,159.3
ED-0054,1924,32:04,170.6,155.3,154.4,166.3,169.1,162.3,175.6,165.5,160.6,157.7,153.9,158.7
ED-0054,1925,32:05,170.1,155.6,153.4,166.5,169.9,161.9,174.4,164.3,160.0,156.7,154.3,158.5
ED-0054,1926,32:06,170.2,155.4,155.1,165.6,169.3,160.6,175.0,164.0,159.6,156.7,153.4,157.8
ED-0054,1927,32:07,169.9,155.2,153.5,165.5,169.1,161.3,174.2,163.2,159.2,157.0,153.4,158.4
ED-0054,1928,32:08,169.6,154.7,152.8,163.8,168.2,160.8,173.2,163.3,158.2,156.4,153.6,158.0
ED-0054,1929,32:09,168.5,154.7,153.8,164.6,168.3,161.3,172.5,163.5,159.2,156.0,152.8,157.2
ED-0054,1930,32:10,169.0,155.0,152.9,164.5,167.0,160.5,173.2,163.6,158.4,155.3,151.2,157.2
ED-0054,1931,32:11,168.8,153.8,152.0,164.7,167.2,159.2,171.9,162.8,158.4,155.0,151.9,157.2
ED-0054,1932,32:12,167.6,153.0,152.6,163.6,166.9,159.1,172.2,161.4,156.6,154.6,152.1,156.9
ED-0054,1933,32:13,167.9,152.6,152.3,163.5,166.1,159.1,171.4,161.8,157.4,154.5,151.9,156.3
ED-0054,1934,32:14,166.6,153.3,151.4,164.1,165.4,159.0,171.3,161.3,157.1,154.5,151.3,156.8
ED-0054,1935,32:15,167.5,152.6,151.9,161.7,165.6,158.3,171.2,160.6,157.5,154.4,151.4,157.3
ED-0054,1936,32:16,167.2,152.6,150.5,162.9,165.7,158.4,170.7,160.7,156.7,154.0,150.7,155.7
ED-0054,1937,32:17,166.9,152.1,149.6,161.4,165.3,158.3,169.7,160.8,156.0,153.4,151.4,155.8
ED-0054,1938,32:18,166.0,152.3,150.9,161.8,164.4,157.0,169.3,159.6,155.6,153.3,150.5,155.2
ED-0054,1939,32:19,165.6,150.6,149.7,161.1,164.8,157.4,168.6,160.2,156.0,152.8,149.4,154.7
ED-0054,1940,32:20,164.7,151.0,149.7,161.0,163.8,156.6,168.3,159.7,155.9,153.1,150.6,154.8
ED-0054,1941,32:21,166.3,150.6,149.2,160.4,163.4,156.0,168.6,159.2,154.9,153.1,150.0,155.0
ED-0054,1942,32:22,165.2,150.9,149.4,160.7,163.1,156.2,168.2,158.4,155.5,152.5,149.1,153.9
ED-0054,1943,32:23,163.9,149.8,149.1,159.9,163.0,155.1,168.2,158.5,154.7,152.0,148.8,153.9
ED-0054,1944,32:24,165.0,150.2,148.0,160.1,162.1,154.9,168.0,158.1,153.9,151.6,148.3,152.5
ED-0054,1945,32:25,164.6,149.6,147.6,159.9,162.7,154.6,167.0,157.5,153.1,152.7,148.3,153.7
ED-0054,1946,32:26,164.2,149.6,148.3,159.9,162.2,153.9,166.3,156.8,153.1,151.0,147.5,152.9
ED-0054,1947,32:27,162.4,148.9,148.0,158.9,161.4,154.9,166.5,157.2,153.4,150.7,147.6,152.0
ED-0054,1948,32:28,162.9,148.8,148.1,158.6,161.1,153.4,165.0,156.1,153.2,150.5,147.5,151.9
ED-0054,1949,32:29,163.1,148.9,146.8,157.3,160.0,153.7,165.0,156.1,153.2,149.8,146.4,152.6
ED-0054,1950,32:30,163.4,147.6,147.4,157.6,160.7,153.0,165.4,156.2,153.0,149.8,147.0,152.1
ED-0054,1951,32:31,161.7,147.8,147.2,157.4,160.5,152.6,165.1,155.9,152.6,149.2,147.2,150.8
ED-0054,1952,32:32,162.1,146.7,146.5,156.8,160.2,152.9,164.6,154.1,152.5,150.0,146.1,151.8
ED-0054,1953,32:33,161.9,146.8,146.9,156.9,160.1,152.0,163.8,154.2,151.4,148.9,145.1,150.6
ED-0054,1954,32:34,161.4,146.6,146.0,157.1,158.5,150.4,164.3,154.0,152.6,149.4,144.8,150.7
ED-0054,1955,32:35,160.9,146.9,144.5,155.8,159.3,151.5,163.1,154.5,150.5,147.6,145.1,150.4
ED-0054,1956,32:36,161.1,146.9,144.8,156.0,158.6,150.4,162.7,154.2,150.3,147.5,144.3,150.0
ED-0054,1957,32:37,161.0,145.8,144.9,156.6,158.5,151.1,162.8,152.1,150.8,148.2,144.4,150.1
ED-0054,1958,32:38,160.1,146.0,144.7,155.3,157.8,151.0,162.8,153.3,150.8,147.1,144.3,149.4
ED-0054,1959,32:39,161.4,145.4,143.2,155.6,157.0,150.8,161.1,152.7,149.7,147.7,143.7,149.6
ED-0054,1960,32:40,160.0,144.8,143.5,155.3,157.3,150.5,161.1,152.6,150.0,146.5,143.6,149.6
ED-0054,1961,32:41,160.1,145.5,144.4,154.3,156.8,149.6,161.0,152.7,150.1,145.9,144.2,148.9
ED-0054,1962,32:42,159.0,144.3,144.2,154.2,156.2,149.9,160.1,152.7,148.8,146.3,142.0,148.7
ED-0054,1963,32:43,159.8,144.6,142.8,154.8,156.3,149.0,161.7,152.6,148.5,146.8,142.9,148.2
ED-0054,1964,32:44,159.2,143.9,142.7,153.3,155.9,148.3,160.0,151.3,148.4,145.0,142.7,147.9
ED-0054,1965,32:45,157.9,143.6,142.7,152.8,155.9,148.2,159.8,151.6,147.3,146.2,141.8,147.5
ED-0054,1966,32:46,158.0,143.1,143.0,153.1,155.0,148.5,159.9,149.8,147.9,145.3,141.4,147.0
ED-0054,1967,32:47,158.2,142.9,142.7,153.1,154.4,147.7,158.8,152.0,147.4,145.4,142.2,147.3
ED-0054,1968,32:48,158.0,143.6,142.2,152.6,154.2,146.7,158.2,150.3,147.6,144.7,140.9,147.1
ED-0054,1969,32:49,156.7,143.1,141.8,152.9,153.9,147.0,158.4,149.6,146.9,144.3,141.4,147.4
ED-0054,1970,32:50,157.2,144.1,141.8,151.4,153.9,147.0,157.0,149.7,147.2,143.7,141.7,146.9
ED-0054,1971,32:51,156.7,142.0,141.2,150.9,154.1,146.3,158.4,149.2,146.1,144.1,139.8,146.6
ED-0054,1972,32:52,156.0,142.0,141.3,151.8,152.9,146.2,157.2,148.9,146.1,143.7,140.7,146.4
ED-0054,1973,32:53,156.4,142.1,140.4,151.2,153.5,144.8,156.5,148.1,146.3,143.3,140.3,145.9
ED-0054,1974,32:54,155.8,141.5,140.5,150.9,152.5,146.0,157.4,148.6,146.6,144.0,139.7,146.3
ED-0054,1975,32:55,156.8,140.9,141.0,150.9,151.8,144.9,156.2,147.4,144.3,142.6,138.5,144.9
ED-0054,1976,32:56,155.8,140.4,139.8,149.4,151.8,144.7,155.3,147.7,145.1,142.6,139.6,145.4
ED-0054,1977,32:57,154.8,138.9,140.1,150.2,150.7,144.2,155.3,147.0,144.8,142.4,138.9,145.0
ED-0054,1978,32:58,155.0,139.9,139.2,149.1,151.1,143.4,154.7,147.4,144.0,142.8,137.7,144.7
ED-0054,1979,32:59,154.1,139.3,139.2,148.8,150.2,143.2,155.1,146.8,144.3,141.5,138.9,144.1
ED-0054,1980,33:00,155.2,139.5,138.7,148.8,150.2,142.9,153.0,145.9,144.4,142.2,138.0,144.1
ED-0054,1981,33:01,154.7,139.0,138.6,149.4,150.4,143.1,153.5,146.5,143.0,141.3,137.2,142.7
ED-0054,1982,33:02,153.8,139.0,137.5,147.7,150.3,142.9,154.4,146.9,142.9,141.3,138.5,142.3
ED-0054,1983,33:03,152.8,138.5,137.8,148.6,149.4,143.1,153.3,145.6,142.9,140.6,137.0,143.5
ED-0054,1984,33:04,154.3,138.1,138.2,148.3,149.4,142.5,153.3,145.1,142.2,140.0,137.1,142.8
ED-0054,1985,33:05,153.2,137.1,137.8,147.2,149.4,141.6,152.8,144.3,142.6,140.7,137.1,143.4
ED-0054,1986,33:06,153.8,137.8,137.1,147.1,148.6,140.4,152.6,145.0,141.6,140.4,136.2,143.0
ED-0054,1987,33:07,153.0,138.0,137.2,146.7,148.3,142.6,151.4,143.8,142.3,139.0,136.3,141.4
ED-0054,1988,33:08,152.1,136.2,136.8,147.4,148.0,141.0,151.1,143.4,141.7,138.3,135.2,142.5
ED-0054,1989,33:09,152.0,136.8,137.5,146.9,148.4,141.0,151.3,143.9,140.6,139.4,135.5,142.5
ED-0054,1990,33:10,150.8,136.9,135.7,146.7,148.1,140.7,152.0,143.3,141.7,138.2,135.6,141.3
ED-0054,1991,33:11,151.9,135.3,136.5,145.5,146.5,140.1,149.9,142.4,141.1,139.1,134.7,141.0
ED-0054,1992,33:12,150.6,136.6,136.1,145.6,146.2,139.5,149.9,143.1,141.2,139.0,135.2,140.7
ED-0054,1993,33:13,149.6,136.0,135.7,146.4,146.3,138.7,149.7,142.2,141.2,138.0,134.3,141.2
ED-0054,1994,33:14,150.1,136.6,135.5,143.6,146.7,139.6,149.2,143.1,140.6,137.7,133.2,140.9
ED-0054,1995,33:15,150.3,134.6,134.4,145.5,145.5,139.1,148.7,142.2,139.7,138.0,133.8,140.1
ED-0054,1996,33:16,150.4,134.7,134.4,144.3,145.0,137.9,148.3,141.8,138.6,137.6,134.2,139.7
ED-0054,1997,33:17,150.4,135.1,134.9,144.8,144.6,138.1,148.9,141.2,139.5,136.5,133.2,140.4
ED-0054,1998,33:18,149.5,134.6,133.8,143.6,145.3,138.7,147.1,142.1,139.3,137.4,134.1,139.5
ED-0054,1999,33:19,150.0,135.1,133.7,143.1,143.9,137.7,148.5,140.9,138.8,136.4,131.9,138.6
ED-0054,2000,33:20,149.0,134.2,133.8,143.8,144.9,138.0,148.1,140.3,138.7,137.2,133.0,139.7
ED-0054,2001,33:21,149.1,134.4,133.4,143.1,143.4,137.0,146.9,140.3,138.5,136.0,132.0,138.5
ED-0054,2002,33:22,148.1,134.3,133.5,142.6,143.2,137.2,146.5,140.1,137.7,135.0,131.7,138.7
ED-0054,2003,33:23,148.6,133.1,133.9,142.9,143.5,135.4,146.4,139.9,138.5,136.1,131.3,138.3
ED-0054,2004,33:24,148.1,132.8,133.3,141.9,143.0,135.9,146.7,139.8,137.9,135.8,132.8,137.5
ED-0054,2005,33:25,147.8,132.5,132.8,142.5,142.9,136.3,146.0,139.3,136.4,134.8,131.6,137.6
ED-0054,2006,33:26,147.7,132.9,132.4,142.3,142.5,136.2,145.2,138.1,137.1,135.2,131.2,138.3
ED-0054,2007,33:27,147.3,132.7,131.8,142.0,142.1,134.9,144.9,138.2,136.1,134.4,131.1,138.2
ED-0054,2008,33:28,146.6,132.0,131.5,141.8,142.2,135.0,144.6,138.2,136.0,134.0,130.6,136.9
ED-0054,2009,33:29,147.4,132.0,131.5,140.4,141.4,134.8,144.9,138.6,135.6,133.5,130.2,137.1
ED-0054,2010,33:30,146.0,131.5,131.3,141.0,141.6,135.0,144.2,138.5,135.9,133.8,130.6,136.2
ED-0054,2011,33:31,146.1,131.4,131.7,140.8,140.1,134.6,144.1,136.5,135.7,133.6,129.4,136.7
ED-0054,2012,33:32,146.0,130.8,130.9,140.0,141.1,133.8,142.9,137.3,135.7,133.1,129.2,136.1
ED-0054,2013,33:33,145.5,131.2,129.9,140.1,140.9,133.4,142.9,135.9,134.6,133.0,130.1,136.5
ED-0054,2014,33:34,145.6,130.3,129.6,139.8,140.8,133.8,142.7,135.7,135.1,131.3,128.7,135.2
ED-0054,2015,33:35,144.8,131.6,130.0,139.5,140.2,133.0,142.3,136.1,134.8,132.6,129.1,135.5
ED-0054,2016,33:36,145.9,129.9,129.6,139.7,138.8,132.7,143.4,136.2,134.3,131.6,128.7,135.6
ED-0054,2017,33:37,144.8,130.5,130.3,138.5,138.7,132.3,141.6,135.2,134.6,132.2,127.7,135.1
ED-0054,2018,33:38,144.2,129.2,129.2,138.3,139.0,132.4,142.0,136.5,134.0,133.3,129.0,134.5
ED-0054,2019,33:39,143.9,129.4,129.1,137.7,138.8,132.6,142.5,135.1,133.3,131.7,127.6,134.8
ED-0054,2020,33:40,144.9,128.8,129.3,138.6,138.8,132.0,141.4,134.0,134.0,131.9,127.4,135.5
ED-0054,2021,33:41,143.0,129.1,128.6,138.1,137.2,132.1,140.9,134.9,133.5,131.4,128.5,134.5
ED-0054,2022,33:42,143.2,128.2,127.7,137.5,138.4,131.3,140.5,133.7,134.1,130.6,126.7,134.1
ED-0054,2023,33:43,143.1,128.2,128.6,138.1,137.7,130.7,140.4,133.4,132.9,130.9,127.3,134.1
ED-0054,2024,33:44,143.8,128.6,127.4,136.4,136.5,130.5,139.8,134.0,132.7,130.5,126.3,132.8
ED-0054,2025,33:45,142.9,128.9,128.7,136.6,136.7,130.0,139.5,133.8,132.2,130.1,126.8,133.9
ED-0054,2026,33:46,142.4,128.3,127.2,136.8,137.1,130.2,138.9,133.7,132.4,130.8,125.7,133.3
ED-0054,2027,33:47,142.6,127.7,127.4,135.7,136.4,129.3,139.2,132.8,132.0,128.9,126.1,133.7
ED-0054,2028,33:48,141.8,126.0,126.6,136.0,136.8,130.1,139.6,132.2,131.4,129.0,125.7,133.3
ED-0054,2029,33:49,141.0,126.3,126.5,135.3,135.9,129.8,138.5,132.0,130.8,129.0,125.3,132.1
ED-0054,2030,33:50,141.2,126.3,126.2,135.5,135.5,128.7,138.4,132.0,130.5,128.7,125.1,132.6
ED-0054,2031,33:51,141.7,126.1,126.7,135.8,134.5,128.3,138.4,131.6,130.4,129.3,125.1,132.4
ED-0054,2032,33:52,140.5,126.7,125.4,134.8,135.4,128.5,138.8,131.1,130.2,128.6,125.3,131.5
ED-0054,2033,33:53,141.0,126.4,126.6,134.8,135.1,128.5,137.5,131.5,130.1,128.2,124.9,131.4
ED-0054,2034,33:54,140.4,125.8,125.7,134.4,133.9,127.6,137.2,131.5,129.6,128.8,124.3,130.8
ED-0054,2035,33:55,141.1,125.4,125.0,134.1,134.3,128.0,136.8,131.0,129.7,128.7,124.4,131.2
ED-0054,2036,33:56,139.8,125.3,125.1,133.7,134.6,127.7,136.6,130.8,129.1,128.3,123.8,131.4
ED-0054,2037,33:57,139.2,124.7,125.5,133.0,133.6,128.0,136.5,130.0,129.9,127.7,123.1,131.1
ED-0054,2038,33:58,139.5,125.8,124.9,133.4,134.0,126.5,135.9,130.5,129.5,126.5,123.6,129.9
ED-0054,2039,33:59,140.6,124.4,124.6,134.0,133.0,127.1,134.2,129.5,129.5,127.0,122.4,130.2
ED-0054,2040,34:00,139.6,124.2,124.8,132.9,132.2,127.2,134.8,130.1,128.0,127.9,123.0,130.1
ED-0054,2041,34:01,138.6,124.2,123.7,132.4,132.2,126.3,134.8,129.2,128.6,126.1,123.0,130.0
ED-0054,2042,34:02,138.1,123.4,124.8,133.3,131.0,125.5,134.7,129.0,127.3,126.7,122.5,129.0
ED-0054,2043,34:03,137.9,123.4,124.1,132.9,131.6,125.9,134.5,128.7,128.2,126.7,121.6,129.0
ED-0054,2044,34:04,138.3,122.4,123.6,130.9,131.0,124.4,135.0,128.2,127.3,125.8,121.7,128.6
ED-0054,2045,34:05,137.8,123.2,123.4,132.3,131.4,125.6,134.4,127.8,127.2,124.5,121.9,128.1
ED-0054,2046,34:06,137.5,123.4,123.9,132.0,130.5,124.8,133.9,128.4,126.2,126.3,121.6,128.6
ED-0054,2047,34:07,137.6,122.6,123.5,131.5,130.9,124.6,133.0,127.0,126.9,124.8,121.7,128.7
ED-0054,2048,34:08,137.2,121.8,122.0,131.5,130.2,124.5,133.7,127.5,126.8,125.4,121.3,129.4
ED-0054,2049,34:09,137.0,121.4,122.7,131.4,130.8,123.6,133.4,127.5,125.8,124.7,120.8,127.9
ED-0054,2050,34:10,136.3,121.6,122.3,131.1,129.8,123.2,132.1,127.0,125.8,124.2,120.6,128.2
ED-0054,2051,34:11,136.7,122.0,121.2,130.5,130.0,123.9,132.1,126.5,126.4,125.3,120.5,127.0
ED-0054,2052,34:12,136.6,121.9,121.4,130.7,129.4,122.7,132.5,126.5,125.2,124.3,119.9,127.6
ED-0054,2053,34:13,135.0,120.9,121.7,129.5,129.4,123.2,132.0,126.7,126.6,123.9,119.9,127.6
ED-0054,2054,34:14,136.1,121.4,121.8,129.2,129.4,123.3,131.4,126.1,125.2,124.6,119.3,127.0
ED-0054,2055,34:15,135.1,121.4,121.2,129.3,128.7,121.4,131.9,124.7,124.9,124.1,119.4,126.6
ED-0054,2056,34:16,134.7,120.4,120.7,128.8,128.5,123.1,130.6,125.3,125.5,124.0,118.6,126.4
ED-0054,2057,34:17,135.6,120.8,120.0,129.2,129.0,122.4,130.5,125.0,123.9,123.1,119.0,126.9
ED-0054,2058,34:18,135.5,120.0,121.1,129.3,127.5,122.4,130.8,125.6,124.0,123.2,118.8,126.0
ED-0054,2059,34:19,133.8,120.0,120.5,129.2,127.7,121.9,130.6,124.7,123.7,122.9,118.3,126.1
ED-0054,2060,34:20,134.6,119.1,120.1,128.3,127.0,121.2,129.9,124.3,124.3,123.3,117.8,125.9
ED-0054,2061,34:21,134.6,119.0,119.2,127.8,127.2,121.4,129.6,123.6,123.2,122.7,118.0,125.4
ED-0054,2062,34:22,134.4,119.2,119.8,127.3,127.1,120.6,129.8,124.6,124.2,121.5,117.5,125.0
ED-0054,2063,34:23,133.6,118.8,120.4,127.0,126.4,120.9,128.1,123.7,123.3,121.0,117.2,125.3
ED-0054,2064,34:24,132.8,118.2,119.5,127.1,126.3,121.4,128.9,122.5,123.4,122.0,117.2,124.0
ED-0054,2065,34:25,133.4,118.7,119.0,127.5,125.6,119.6,128.1,123.3,122.7,122.2,117.5,124.9
ED-0054,2066,34:26,132.4,118.8,119.0,126.7,126.4,119.6,127.8,123.1,123.1,121.3,116.7,124.0
ED-0054,2067,34:27,132.7,118.0,119.2,126.8,125.4,120.0,127.7,123.1,122.2,121.4,116.3,124.9
ED-0054,2068,34:28,132.7,118.0,118.4,126.6,125.7,119.8,127.8,122.8,121.8,120.5,116.6,123.6
ED-0054,2069,34:29,132.5,118.0,118.1,125.7,125.5,118.5,127.7,123.4,121.7,120.6,116.8,123.9
ED-0054,2070,34:30,132.5,116.9,118.1,125.9,124.3,118.7,126.8,122.0,122.4,120.6,115.8,123.4
ED-0054,2071,34:31,131.9,116.4,118.2,125.3,124.0,119.1,125.5,121.1,121.5,119.7,115.5,123.3
ED-0054,2072,34:32,131.9,117.3,117.8,126.1,125.4,118.6,127.1,121.4,121.7,120.4,116.3,124.0
ED-0054,2073,34:33,132.3,116.4,117.2,125.3,124.4,118.9,126.2,121.1,121.2,120.3,115.1,123.1
ED-0054,2074,34:34,132.0,115.4,117.6,124.0,123.6,118.2,126.2,120.8,120.6,120.1,115.7,122.4
ED-0054,2075,34:35,130.8,115.7,117.2,124.7,124.4,117.8,126.3,121.0,120.7,118.8,115.1,123.6
ED-0054,2076,34:36,130.5,117.2,115.8,124.9,122.9,116.7,124.9,120.7,120.3,118.4,114.4,122.6
ED-0054,2077,34:37,129.9,116.7,117.1,124.6,123.3,117.5,125.7,121.3,121.0,118.8,114.6,121.6
ED-0054,2078,34:38,131.8,116.4,115.7,123.8,122.2,118.1,125.3,120.2,120.0,118.4,114.7,122.4
ED-0054,2079,34:39,129.5,115.7,116.9,124.4,123.3,116.8,124.4,119.6,119.2,118.4,114.3,121.6
ED-0054,2080,34:40,130.0,114.9,115.9,124.0,121.8,116.3,124.8,119.5,119.2,118.5,114.4,121.9
ED-0054,2081,34:41,129.7,114.6,115.1,122.8,121.9,117.5,123.9,119.2,118.8,117.9,113.5,122.2
ED-0054,2082,34:42,129.3,114.3,115.3,123.8,121.9,115.3,123.5,119.3,119.2,117.8,113.9,121.2
ED-0054,2083,34:43,130.4,114.6,115.1,122.6,123.2,115.8,123.5,118.9,119.2,117.6,113.9,120.9
ED-0054,2084,34:44,129.3,113.9,115.2,122.0,121.6,114.7,124.1,119.3,119.0,117.5,112.9,120.5
ED-0054,2085,34:45,128.8,113.7,114.3,122.5,122.8,114.2,123.3,119.0,117.8,116.6,112.9,120.2
ED-0054,2086,34:46,129.6,113.4,114.4,122.9,120.0,115.9,122.3,118.0,118.1,117.1,113.8,120.7
ED-0054,2087,34:47,129.2,114.3,115.5,123.0,120.6,115.4,122.2,118.7,117.5,116.7,112.3,119.9
ED-0054,2088,34:48,129.1,113.3,113.9,122.5,120.3,114.3,122.4,117.9,118.2,116.6,112.8,120.0
ED-0054,2089,34:49,128.3,113.4,113.3,121.1,120.2,114.8,122.3,118.4,117.9,115.0,111.7,118.7
ED-0054,2090,34:50,127.3,113.6,113.8,120.9,119.7,114.5,121.9,117.1,117.6,116.8,112.0,120.3
ED-0054,2091,34:51,127.5,112.7,113.6,121.2,118.7,115.0,121.6,117.2,116.9,116.4,112.0,119.5
ED-0054,2092,34:52,127.5,112.5,114.0,121.3,120.1,114.1,121.2,117.0,116.7,115.7,112.3,119.3
ED-0054,2093,34:53,127.6,112.7,112.9,121.1,119.1,113.9,121.0,116.6,116.6,115.8,111.7,119.7
ED-0054,2094,34:54,127.5,112.3,113.5,120.7,118.0,114.3,121.2,115.9,115.9,115.5,110.8,118.8
ED-0054,2095,34:55,126.7,112.5,112.8,120.8,118.8,113.0,119.7,116.5,115.6,114.8,111.6,118.6
ED-0054,2096,34:56,127.2,110.8,111.3,120.4,119.0,113.9,120.1,116.2,115.3,115.2,110.3,117.6
ED-0054,2097,34:57,126.3,111.8,112.9,120.4,117.7,113.4,120.2,115.5,116.2,115.2,111.0,118.1
ED-0054,2098,34:58,125.6,112.3,112.8,118.9,119.1,112.8,119.2,116.3,115.5,113.8,110.5,117.7
ED-0054,2099,34:59,125.3,111.5,112.2,119.7,116.4,112.3,119.5,115.1,115.9,114.4,109.8,117.9
ED-0054,2100,35:00,125.5,111.7,111.3,118.6,118.1,111.1,119.2,114.5,115.8,114.0,109.5,117.4
ED-0054,2101,35:01,125.9,110.0,112.3,119.4,117.6,110.9,119.8,114.7,115.5,113.5,109.5,117.6
ED-0054,2102,35:02,125.1,110.8,111.5,118.3,117.5,112.1,119.2,114.8,115.4,113.7,109.3,117.7
ED-0054,2103,35:03,125.1,110.3,111.2,119.2,116.8,111.6,118.4,115.2,114.9,112.4,110.3,117.8
ED-0054,2104,35:04,125.1,111.0,110.7,118.0,116.5,110.9,118.2,114.5,114.8,113.4,110.0,116.7
ED-0054,2105,35:05,125.0,110.1,109.8,118.5,117.0,110.7,118.9,113.7,114.3,114.3,108.9,116.6
ED-0054,2106,35:06,124.4,109.8,110.4,118.1,116.4,110.6,117.3,113.7,114.7,113.2,108.8,116.5
ED-0054,2107,35:07,124.4,110.2,110.7,117.9,116.9,110.1,117.8,114.1,114.4,113.1,108.6,116.4
ED-0054,2108,35:08,123.5,110.0,110.3,116.8,114.9,110.5,117.5,112.7,114.5,113.2,109.0,115.8
ED-0054,2109,35:09,123.8,109.5,109.8,118.3,115.1,110.3,116.8,112.5,113.4,112.1,107.3,115.9
ED-0054,2110,35:10,124.2,109.6,110.2,117.3,115.6,109.7,116.8,112.7,114.2,112.6,107.8,116.1
ED-0054,2111,35:11,123.4,108.7,109.5,117.8,114.9,109.3,116.2,112.2,113.9,112.9,107.6,116.1
ED-0054,2112,35:12,123.9,109.6,109.9,115.7,115.5,109.5,117.6,112.0,112.4,111.9,107.2,115.9
ED-0054,2113,35:13,122.9,108.5,108.6,117.1,114.6,109.4,116.8,111.0,112.7,110.9,106.6,115.6
ED-0054,2114,35:14,122.6,109.2,109.1,116.4,113.8,109.6,116.6,112.6,113.0,112.5,108.0,115.1
ED-0054,2115,35:15,123.6,108.8,108.4,116.1,114.4,108.6,116.6,112.0,111.9,111.7,106.7,115.0
ED-0054,2116,35:16,122.7,108.4,109.9,115.9,114.2,108.6,115.7,112.0,111.6,111.2,106.4,115.0
ED-0054,2117,35:17,121.9,107.2,108.0,115.9,115.0,108.7,114.9,111.6,111.0,110.9,106.2,114.2
ED-0054,2118,35:18,122.2,108.5,108.9,115.5,113.1,108.8,115.4,110.6,112.1,110.5,106.1,114.2
ED-0054,2119,35:19,122.5,108.3,107.5,116.2,113.9,109.7,115.2,110.9,110.7,111.2,107.1,115.0
ED-0054,2120,35:20,121.8,107.1,107.5,115.1,113.2,108.0,114.9,111.3,111.1,110.8,106.2,113.7
ED-0054,2121,35:21,121.5,107.5,108.2,115.4,112.5,107.4,114.6,110.7,111.2,110.4,105.9,113.1
ED-0054,2122,35:22,120.9,106.7,107.4,115.8,113.0,107.5,113.9,109.2,111.8,109.0,105.7,114.2
ED-0054,2123,35:23,120.6,106.5,107.4,114.3,111.8,107.6,113.3,110.0,111.8,109.4,106.0,113.5
ED-0054,2124,35:24,121.0,107.6,107.7,114.9,112.9,106.8,114.8,109.9,111.8,109.8,104.9,113.1
ED-0054,2125,35:25,120.5,105.9,108.1,114.1,111.7,107.9,113.7,109.4,110.2,109.5,106.0,112.9
ED-0054,2126,35:26,120.5,106.4,107.2,114.1,111.6,106.0,113.7,110.4,109.5,109.3,104.3,113.1
ED-0054,2127,35:27,120.3,105.9,106.8,113.2,111.5,107.3,113.7,109.5,110.6,108.1,104.5,112.5
ED-0054,2128,35:28,119.2,105.3,105.8,113.3,111.5,106.8,112.6,110.8,109.7,108.9,103.9,112.9
ED-0054,2129,35:29,120.2,105.3,106.5,113.2,110.4,106.9,112.3,109.3,109.5,108.7,105.1,112.7
ED-0054,2130,35:30,120.3,105.0,106.1,113.8,111.3,105.2,112.8,108.3,108.7,108.0,104.9,112.8
ED-0054,2131,35:31,119.3,105.1,105.7,114.5,110.5,105.8,112.6,108.7,109.9,108.8,104.3,112.5
ED-0054,2132,35:32,120.0,105.5,105.7,112.7,110.2,105.5,111.8,108.4,110.1,108.3,104.1,112.5
ED-0054,2133,35:33,119.2,105.6,105.9,112.4,110.7,105.3,111.5,107.8,109.0,108.0,104.4,111.2
ED-0054,2134,35:34,118.9,104.8,105.8,111.8,109.2,105.1,112.3,107.1,108.1,107.4,102.9,112.1
ED-0054,2135,35:35,119.2,104.5,106.1,111.4,110.8,105.3,111.3,107.0,109.3,107.5,102.6,112.4
ED-0054,2136,35:36,119.0,104.6,105.0,111.9,109.7,104.1,111.1,107.1,108.0,108.2,102.1,111.0
ED-0054,2137,35:37,118.4,104.1,104.7,112.3,108.9,104.3,111.2,108.3,107.7,107.5,102.9,110.8
ED-0054,2138,35:38,117.9,104.0,105.3,111.5,108.5,105.4,111.5,106.6,108.0,106.9,103.2,109.6
ED-0054,2139,35:39,117.6,103.5,104.4,111.8,109.3,104.0,111.1,106.6,108.8,106.5,102.2,109.8
ED-0054,2140,35:40,118.2,102.8,104.0,111.0,109.6,103.8,110.6,107.2,107.4,106.5,101.6,110.6
ED-0054,2141,35:41,117.8,103.8,103.6,110.9,109.0,104.5,110.7,106.0,107.4,107.2,102.5,110.4
ED-0054,2142,35:42,117.9,102.1,103.7,111.0,108.3,102.7,109.7,105.9,107.4,107.6,102.0,110.0
ED-0054,2143,35:43,116.9,103.5,104.0,110.5,108.6,104.0,110.2,106.5,107.8,106.3,102.5,108.9
ED-0054,2144,35:44,117.4,102.6,103.5,111.0,107.8,103.2,109.1,105.4,107.6,106.4,101.5,109.7
ED-0054,2145,35:45,117.2,103.2,104.2,110.1,107.9,102.5,109.7,105.3,106.7,105.7,100.5,110.1
ED-0054,2146,35:46,116.8,101.8,103.3,110.3,109.1,102.8,108.4,105.4,106.1,105.9,101.2,109.1
ED-0054,2147,35:47,116.7,102.9,103.0,109.4,106.7,102.6,108.8,105.8,105.5,105.4,100.9,109.7
ED-0054,2148,35:48,116.1,101.7,103.4,109.7,107.2,101.8,109.0,105.4,106.6,105.4,101.1,109.0
ED-0054,2149,35:49,116.8,102.1,102.9,109.2,107.8,101.9,108.1,106.0,106.0,105.4,100.2,108.6
ED-0054,2150,35:50,116.5,102.2,101.9,109.5,107.2,101.9,108.7,105.5,105.4,105.2,100.7,108.5
ED-0054,2151,35:51,115.3,102.2,102.3,109.2,107.5,102.2,108.6,105.1,106.9,104.6,99.9,109.5
ED-0054,2152,35:52,115.3,102.1,103.3,109.7,106.2,101.7,107.4,103.2,106.0,105.0,100.5,108.0
ED-0054,2153,35:53,116.6,101.1,101.9,108.8,106.2,101.9,107.1,104.5,105.7,104.5,100.5,108.1
ED-0054,2154,35:54,115.2,101.6,102.3,109.1,106.3,101.1,106.5,103.7,105.0,104.1,100.0,108.3
ED-0054,2155,35:55,115.8,100.7,101.7,108.1,105.8,101.3,107.3,103.4,104.9,104.4,99.9,106.7
ED-0054,2156,35:56,114.9,101.1,102.6,108.7,105.2,100.7,107.3,103.8,104.7,103.3,99.2,107.2
ED-0054,2157,35:57,114.0,100.6,101.6,108.6,105.5,99.6,106.3,103.4,104.5,104.6,99.1,106.8
ED-0054,2158,35:58,114.7,101.1,101.4,108.1,105.5,99.4,107.5,103.0,104.8,103.4,98.8,106.6
ED-0054,2159,35:59,114.1,100.3,100.4,107.3,104.6,99.8,105.4,103.1,103.4,103.6,99.4,106.9
ED-0054,2160,36:00,114.2,101.1,101.4,106.9,104.8,99.7,105.6,103.4,104.3,102.8,98.5,106.8
ED-0054,2161,36:01,114.9,100.2,100.8,107.7,104.7,99.8,105.7,103.0,103.6,102.6,98.9,106.8
ED-0054,2162,36:02,114.1,100.4,101.5,108.1,105.1,100.4,105.0,102.0,104.2,103.4,99.4,106.1
ED-0054,2163,36:03,114.3,99.9,101.7,107.0,104.8,99.6,105.2,101.8,103.2,101.9,98.7,107.2
ED-0054,2164,36:04,113.4,99.6,101.4,107.4,104.0,99.8,104.4,102.0,103.7,103.5,98.3,107.1
ED-0054,2165,36:05,113.2,99.1,100.0,106.3,104.3,99.9,105.6,102.0,102.8,103.0,98.1,106.9
ED-0054,2166,36:06,113.7,98.4,101.5,106.3,102.7,99.2,105.0,101.7,102.4,102.7,97.8,105.7
ED-0054,2167,36:07,112.7,99.3,100.4,106.7,102.8,99.0,105.3,101.9,103.4,102.9,96.8,105.9
ED-0054,2168,36:08,113.4,98.6,99.7,107.1,103.4,98.8,105.0,101.5,102.8,102.6,96.9,105.7
ED-0054,2169,36:09,112.2,98.5,99.4,105.9,103.2,98.1,104.1,100.4,102.0,102.1,97.8,105.9
ED-0054,2170,36:10,112.3,98.0,98.9,106.9,102.9,97.9,104.0,101.3,101.5,100.3,97.2,105.1
ED-0054,2171,36:11,112.9,97.6,98.4,106.9,103.3,96.7,103.8,100.7,101.9,101.4,96.7,104.7
ED-0054,2172,36:12,112.0,97.6,99.4,104.9,103.4,98.2,103.1,100.9,102.2,101.5,97.2,104.4
ED-0054,2173,36:13,112.0,98.1,98.7,105.0,103.0,97.6,103.1,100.4,101.7,101.1,96.3,105.4
ED-0054,2174,36:14,112.5,98.1,99.5,105.3,102.5,97.8,103.7,100.0,101.1,99.8,96.8,104.7
ED-0054,2175,36:15,111.9,97.8,98.8,105.3,102.6,96.3,103.3,100.6,101.3,100.3,97.4,104.5
ED-0054,2176,36:16,110.5,97.1,98.8,105.2,102.1,97.1,102.3,100.5,101.4,101.3,96.6,104.6
ED-0054,2177,36:17,111.2,97.3,98.4,104.1,101.3,97.1,102.8,101.0,100.5,100.2,96.0,104.1
ED-0054,2178,36:18,111.3,97.1,97.7,103.2,101.4,96.9,102.2,99.7,100.5,99.7,96.3,103.9
ED-0054,2179,36:19,111.2,96.6,97.5,104.5,101.6,95.7,102.6,100.5,101.4,100.3,95.5,103.1
ED-0054,2180,36:20,110.6,97.2,98.7,103.1,101.4,95.8,101.0,99.5,100.7,99.5,96.4,103.3
ED-0054,2181,36:21,110.8,96.2,97.7,104.2,100.1,96.8,101.6,98.6,101.6,99.9,95.3,103.4
ED-0054,2182,36:22,111.3,96.5,98.1,103.5,100.7,96.2,102.0,98.6,100.3,99.1,95.4,103.0
ED-0054,2183,36:23,109.6,96.2,97.1,104.3,101.3,96.5,101.7,98.7,100.4,99.8,95.7,103.4
ED-0054,2184,36:24,110.2,95.6,97.6,103.3,100.3,95.2,102.4,97.7,100.3,98.3,94.8,103.3
ED-0054,2185,36:25,110.2,96.9,97.5,102.3,99.8,95.7,101.1,99.0,99.8,97.8,94.5,102.3
ED-0054,2186,36:26,109.2,95.5,97.0,103.3,100.6,95.1,101.4,98.4,99.8,98.8,94.9,102.5
ED-0054,2187,36:27,109.6,95.2,96.1,102.7,100.8,96.2,100.9,98.1,99.0,98.6,93.9,102.8
ED-0054,2188,36:28,109.3,94.5,96.3,102.7,100.4,94.6,100.9,97.9,99.0,98.5,93.5,102.7
ED-0054,2189,36:29,109.3,95.2,96.5,103.1,99.6,94.4,100.2,97.3,99.0,98.5,95.1,102.3
ED-0054,2190,36:30,109.0,94.7,96.4,101.0,99.5,94.6,100.1,98.2,99.4,99.0,94.1,102.1
ED-0054,2191,36:31,108.8,96.0,96.2,101.8,99.4,94.2,99.8,97.1,98.8,97.5,92.8,102.2
ED-0054,2192,36:32,107.9,94.7,96.5,101.9,99.2,94.2,100.9,96.9,99.2,98.2,93.5,101.9
ED-0054,2193,36:33,108.1,94.4,96.0,102.4,98.4,94.1,99.6,97.9,98.6,97.6,93.9,101.6
ED-0054,2194,36:34,107.5,94.2,94.5,102.1,98.3,93.8,99.4,95.9,97.8,97.5,93.5,101.6
ED-0054,2195,36:35,107.9,95.3,96.1,101.4,97.7,94.5,98.3,97.0,98.8,96.2,93.2,101.4
ED-0054,2196,36:36,108.6,93.0,95.1,101.4,99.5,92.6,98.7,96.2,97.9,97.5,93.2,101.4
ED-0054,2197,36:37,108.3,93.6,95.9,101.0,98.3,93.4,99.1,97.4,98.6,97.0,92.8,100.4
ED-0054,2198,36:38,107.1,93.2,95.4,101.2,97.9,92.6,98.7,95.6,97.7,97.2,92.3,101.0
ED-0054,2199,36:39,107.0,93.3,95.3,100.9,98.6,93.2,97.6,96.4,97.1,97.0,92.5,100.5
ED-0054,2200,36:40,106.1,94.6,94.6,100.8,98.5,93.4,98.4,96.6,98.0,96.7,92.3,100.5
ED-0054,2201,36:41,108.2,92.7,95.1,100.9,97.7,93.0,98.7,95.8,97.0,97.8,92.5,99.7
ED-0054,2202,36:42,106.1,92.7,95.0,100.4,97.2,92.4,97.5,94.9,96.7,95.7,92.4,101.1
ED-0054,2203,36:43,107.1,93.3,93.9,100.5,97.2,93.2,98.0,95.9,97.4,96.6,91.3,100.4
ED-0054,2204,36:44,107.3,92.7,94.4,100.1,96.6,93.5,98.0,94.9,96.1,96.7,93.0,100.1
ED-0054,2205,36:45,107.1,92.8,94.7,100.9,97.3,91.7,97.3,95.1,95.6,95.8,91.4,100.5
ED-0054,2206,36:46,106.8,92.8,94.1,100.3,95.9,92.4,97.4,95.2,96.4,96.7,91.3,99.1
ED-0054,2207,36:47,106.4,92.3,93.5,99.1,96.7,91.9,96.7,94.6,96.6,95.2,90.7,100.1
ED-0054,2208,36:48,105.6,92.1,93.4,99.9,96.9,92.1,97.4,94.7,95.1,95.5,91.0,98.8
ED-0054,2209,36:49,105.2,92.3,94.0,99.4,95.7,91.1,96.1,93.9,95.8,94.9,91.2,98.5
ED-0054,2210,36:50,105.6,91.2,93.3,99.6,96.0,92.0,97.2,94.2,95.8,96.2,90.9,98.6
ED-0054,2211,36:51,105.1,92.7,92.7,98.8,96.0,91.3,97.1,94.0,96.2,94.7,91.1,98.5
ED-0054,2212,36:52,106.0,92.6,92.9,99.6,95.9,91.3,96.6,93.4,95.3,94.2,90.0,97.5
ED-0054,2213,36:53,105.8,92.0,92.1,100.2,95.6,90.5,96.5,93.5,95.7,96.0,90.3,99.4
ED-0054,2214,36:54,105.1,91.1,93.9,98.9,95.7,90.6,95.6,93.8,95.0,94.6,90.2,98.0
ED-0054,2215,36:55,104.7,91.5,92.0,98.1,94.9,89.4,96.0,93.4,95.2,94.6,89.9,97.8
ED-0054,2216,36:56,104.6,91.4,92.6,97.6,95.2,89.8,96.0,93.4,94.4,94.6,90.1,99.5
ED-0054,2217,36:57,104.4,92.1,92.1,97.2,95.3,90.6,95.7,93.4,95.0,94.8,89.9,98.2
ED-0054,2218,36:58,104.8,91.2,93.3,97.4,94.6,91.0,94.8,93.7,92.8,94.9,89.7,97.5
ED-0054,2219,36:59,104.8,90.7,92.6,97.8,95.1,90.9,95.1,93.2,94.2,94.1,89.2,98.0
ED-0054,2220,37:00,104.5,90.3,91.4,97.9,94.3,90.5,95.0,92.8,94.8,93.9,89.3,98.5
ED-0054,2221,37:01,103.8,90.4,91.9,96.8,92.9,90.1,94.5,92.6,94.5,93.4,88.6,96.6
ED-0054,2222,37:02,104.1,90.5,92.2,97.3,93.6,90.2,94.2,91.9,93.2,93.6,89.0,96.8
ED-0054,2223,37:03,103.8,90.7,92.0,96.3,93.8,90.8,93.6,92.3,94.2,93.3,88.7,97.4
ED-0054,2224,37:04,103.0,90.1,92.4,97.1,93.9,89.4,94.0,92.4,94.2,93.0,88.2,96.3
ED-0054,2225,37:05,103.0,90.3,91.9,96.6,94.2,89.8,93.4,92.3,93.7,93.2,88.6,96.9
ED-0054,2226,37:06,103.1,89.3,91.0,96.3,94.0,88.7,94.6,92.5,93.0,93.6,88.2,96.7
ED-0054,2227,37:07,103.3,89.7,90.4,96.7,93.7,88.4,93.0,91.7,93.0,92.4,88.1,96.8
ED-0054,2228,37:08,103.7,89.8,90.8,95.5,93.3,89.3,93.3,91.8,93.1,91.9,89.1,96.7
ED-0054,2229,37:09,102.4,89.4,91.5,96.3,93.3,89.0,92.7,90.7,91.9,92.9,87.6,96.3
ED-0054,2230,37:10,103.9,89.0,91.3,96.2,92.1,88.9,93.3,90.6,92.3,91.9,87.9,96.1
ED-0054,2231,37:11,102.5,89.8,90.2,95.5,92.0,88.3,93.2,91.6,93.3,91.7,87.7,95.6
ED-0054,2232,37:12,102.4,89.1,90.6,94.9,91.4,87.9,93.3,90.3,91.7,92.0,88.0,95.0
ED-0054,2233,37:13,102.7,89.0,90.0,95.2,92.9,87.2,92.7,90.2,92.5,91.4,87.5,95.9
ED-0054,2234,37:14,102.3,88.4,90.1,94.7,92.8,87.5,92.4,90.2,92.6,91.5,86.9,96.5
ED-0054,2235,37:15,102.2,88.1,89.9,95.7,91.0,87.5,92.0,89.6,91.9,92.3,86.9,95.9
ED-0054,2236,37:16,101.5,88.2,89.9,95.7,92.0,87.2,91.7,90.2,91.6,92.5,86.4,95.0
ED-0054,2237,37:17,101.3,88.6,90.0,94.4,91.4,87.4,92.0,89.4,91.6,91.6,86.6,94.9
ED-0054,2238,37:18,100.6,88.4,89.7,94.2,91.2,87.8,91.7,89.1,92.6,91.0,87.1,94.9
ED-0054,2239,37:19,100.9,87.9,89.0,94.5,90.5,86.8,92.0,89.5,90.9,90.5,86.5,94.8
ED-0054,2240,37:20,101.5,87.6,89.9,94.2,91.1,86.6,91.3,90.1,91.5,90.9,86.4,95.1
ED-0054,2241,37:21,101.5,87.4,89.3,94.5,91.0,86.3,92.1,88.8,92.0,90.7,86.4,94.1
ED-0054,2242,37:22,101.3,87.7,88.9,94.4,91.7,86.9,91.8,89.8,91.5,90.1,86.1,94.6
ED-0054,2243,37:23,99.7,88.1,89.0,93.9,90.2,87.0,90.7,89.4,90.1,90.5,86.2,94.1
ED-0054,2244,37:24,101.0,86.5,88.0,94.1,90.0,85.9,91.4,87.9,91.2,90.2,86.4,95.3
ED-0054,2245,37:25,100.3,87.0,88.7,93.5,90.6,86.7,90.8,88.5,91.1,90.9,85.6,93.5
ED-0054,2246,37:26,100.3,87.0,88.8,93.9,90.6,85.3,90.5,88.8,89.8,90.0,85.9,94.3
ED-0054,2247,37:27,100.1,87.1,88.4,93.5,90.3,85.8,89.8,88.5,90.6,90.6,85.8,93.5
ED-0054,2248,37:28,99.6,87.1,88.5,92.5,89.8,86.2,90.6,88.4,90.4,90.1,85.9,93.1
ED-0054,2249,37:29,100.2,86.5,87.8,94.0,89.7,86.5,90.8,87.2,89.1,89.4,86.4,94.0
ED-0054,2250,37:30,99.2,86.9,88.0,92.6,90.1,84.6,89.8,88.4,89.9,90.3,85.8,94.0
ED-0054,2251,37:31,99.6,86.3,88.1,93.3,89.8,85.7,88.9,87.6,90.0,89.5,85.2,93.5
ED-0054,2252,37:32,99.9,86.3,87.3,91.6,89.9,85.0,89.3,88.7,89.1,89.2,84.8,93.0
ED-0054,2253,37:33,98.5,85.5,87.2,91.5,89.9,84.7,89.3,87.1,89.3,89.2,85.7,93.0
ED-0054,2254,37:34,99.4,85.5,88.1,92.3,88.4,85.0,89.3,87.9,89.9,89.2,85.3,92.6
ED-0054,2255,37:35,99.1,86.0,87.7,92.6,88.4,84.5,89.5,86.2,89.7,88.5,84.1,93.0
ED-0054,2256,37:36,98.3,85.0,87.3,92.0,89.2,84.6,88.9,87.2,89.1,88.5,84.1,92.0
ED-0054,2257,37:37,99.6,85.3,86.8,92.0,89.4,83.8,89.1,86.8,90.0,87.7,84.5,92.6
ED-0054,2258,37:38,98.4,85.6,86.5,91.0,87.9,84.6,88.9,87.3,88.5,88.6,83.9,91.6
ED-0054,2259,37:39,98.6,85.6,86.3,91.5,87.6,85.3,88.3,87.0,88.8,89.3,84.0,92.6
ED-0054,2260,37:40,98.4,86.1,86.1,91.6,88.6,83.6,89.1,86.1,89.1,87.7,84.4,92.2
ED-0054,2261,37:41,98.1,85.0,86.1,91.6,87.7,83.2,88.3,85.9,88.6,88.4,83.4,91.9
ED-0054,2262,37:42,98.5,84.7,86.6,91.3,87.3,83.3,88.1,86.4,88.3,87.4,83.0,92.0
ED-0054,2263,37:43,97.0,84.0,86.2,90.8,88.1,83.9,88.1,85.2,87.5,87.1,84.4,91.3
ED-0054,2264,37:44,97.8,84.1,86.4,90.4,87.0,83.4,88.7,85.8,88.0,88.0,83.1,91.5
ED-0054,2265,37:45,97.5,84.2,85.4,90.1,87.6,83.2,87.7,86.1,87.2,87.8,82.3,91.1
ED-0054,2266,37:46,97.2,84.5,85.7,91.0,88.5,82.1,86.9,86.5,88.0,86.8,83.3,90.5
ED-0054,2267,37:47,95.9,83.8,85.9,90.4,86.3,83.1,87.6,85.5,87.2,86.4,82.0,90.3
ED-0054,2268,37:48,97.6,82.9,85.3,89.9,87.7,82.6,86.8,85.4,87.2,87.9,83.5,91.1
ED-0054,2269,37:49,97.4,84.4,84.9,90.5,86.5,82.8,86.8,85.5,86.8,87.3,83.3,91.5
ED-0054,2270,37:50,96.6,83.6,85.4,89.9,86.5,82.9,87.4,84.8,87.5,87.2,83.4,91.0
ED-0054,2271,37:51,96.6,83.6,85.5,89.7,86.2,82.0,86.2,84.7,86.9,86.3,83.3,90.3
ED-0054,2272,37:52,96.5,83.7,85.6,89.7,86.1,82.6,86.9,84.7,86.9,86.2,82.2,90.9
ED-0054,2273,37:53,96.4,83.9,85.3,90.2,86.4,81.3,86.5,84.2,87.2,87.2,82.7,90.3
ED-0054,2274,37:54,96.1,84.0,85.3,88.8,86.3,82.4,85.1,84.4,85.7,86.2,80.9,90.5
ED-0054,2275,37:55,95.5,83.1,84.4,88.5,85.9,82.3,85.9,84.4,86.4,85.5,81.9,89.6
ED-0054,2276,37:56,96.2,82.5,84.4,90.0,86.2,81.0,85.9,84.3,86.9,85.6,81.9,89.4
ED-0054,2277,37:57,96.0,83.0,83.8,88.8,85.6,81.7,86.6,84.5,86.8,86.5,82.3,89.6
ED-0054,2278,37:58,96.5,82.9,84.5,89.3,85.9,81.3,84.9,83.4,86.5,86.1,80.8,89.9
ED-0054,2279,37:59,96.3,82.8,83.3,88.3,86.0,82.3,85.2,84.9,86.4,86.5,81.6,88.9
ED-0054,2280,38:00,95.7,83.2,84.6,88.9,84.8,81.0,85.1,84.4,86.0,85.6,81.7,90.4
ED-0054,2281,38:01,94.0,82.3,83.8,88.8,84.9,82.2,84.3,83.8,85.9,85.3,82.0,89.2
ED-0054,2282,38:02,94.6,82.0,84.0,87.9,84.8,81.2,85.3,83.5,85.8,84.9,81.1,89.1
ED-0054,2283,38:03,94.9,82.4,84.4,87.5,84.5,80.2,85.1,83.5,85.6,84.8,81.1,88.7
ED-0054,2284,38:04,94.4,81.5,83.2,88.3,84.7,80.4,84.4,83.6,85.6,85.5,81.7,89.2
ED-0054,2285,38:05,95.3,81.4,83.8,87.9,84.8,80.0,85.2,83.4,84.7,85.7,80.5,88.7
ED-0054,2286,38:06,95.3,81.5,82.7,88.9,85.5,81.2,85.7,82.8,85.2,85.4,80.8,88.6
ED-0054,2287,38:07,94.8,81.5,82.8,88.4,84.6,80.3,84.4,83.0,85.4,83.9,80.7,88.4
ED-0054,2288,38:08,94.4,82.2,83.9,87.7,84.3,80.3,83.6,82.2,85.2,85.1,80.3,88.2
ED-0054,2289,38:09,93.2,81.4,83.9,87.3,84.0,80.1,84.6,81.9,84.3,84.8,80.7,88.1
ED-0054,2290,38:10,93.9,81.1,83.1,87.0,84.7,79.3,83.4,82.1,84.6,84.2,79.8,88.2
ED-0054,2291,38:11,93.2,81.6,82.9,86.6,83.2,78.9,84.1,82.5,85.1,84.7,80.8,88.2
ED-0054,2292,38:12,93.9,81.2,83.2,87.2,83.5,79.2,83.7,82.2,85.1,83.5,79.3,88.0
ED-0054,2293,38:13,92.3,80.3,81.8,87.1,83.5,79.7,83.5,82.3,84.6,84.2,80.0,88.1
ED-0054,2294,38:14,93.1,80.3,82.2,87.7,83.9,79.5,83.5,81.2,83.6,84.0,80.0,87.9
ED-0054,2295,38:15,93.1,80.3,83.2,86.7,83.4,79.2,83.7,82.4,84.6,83.8,79.8,87.6
ED-0054,2296,38:16,93.0,81.5,81.5,86.7,83.6,79.4,84.5,82.3,84.2,83.1,79.8,87.4
ED-0054,2297,38:17,93.3,80.7,81.5,86.4,83.3,78.6,83.2,80.8,84.0,84.1,78.6,85.9
ED-0054,2298,38:18,93.0,80.4,82.1,86.7,83.4,79.6,83.5,81.6,83.7,84.1,79.6,87.4
ED-0054,2299,38:19,93.4,80.1,81.2,85.5,82.4,79.0,82.9,81.9,84.2,83.0,79.4,87.2
ED-0054,2300,38:20,92.1,79.5,81.5,85.9,81.7,78.8,83.1,81.8,83.5,82.9,78.6,87.4
ED-0054,2301,38:21,94.0,80.3,82.6,85.7,81.9,78.4,82.4,80.0,83.7,83.6,78.8,86.6
ED-0054,2302,38:22,92.5,79.8,81.7,86.2,81.9,78.2,82.9,80.6,83.1,82.3,78.8,87.7
ED-0054,2303,38:23,92.7,80.3,80.2,85.9,81.7,79.1,81.9,81.0,83.0,82.5,78.4,86.5
ED-0054,2304,38:24,91.5,79.3,81.1,86.6,82.4,78.2,82.4,79.5,82.7,83.7,78.1,86.6
ED-0054,2305,38:25,92.0,79.8,80.3,86.4,82.4,78.3,81.4,80.1,83.8,83.0,78.9,86.4
ED-0054,2306,38:26,91.4,79.1,80.4,85.3,81.1,78.6,82.1,80.5,83.0,82.7,79.0,86.5
ED-0054,2307,38:27,91.4,79.5,80.2,85.7,82.3,77.3,81.4,79.9,82.4,82.4,78.1,85.9
ED-0054,2308,38:28,92.1,78.9,80.6,85.1,81.3,78.0,81.3,80.0,83.2,82.3,77.9,85.4
ED-0054,2309,38:29,92.3,79.2,80.7,85.2,81.6,77.2,81.0,79.6,82.4,82.3,77.1,85.5
ED-0054,2310,38:30,91.6,79.1,80.5,85.3,81.1,77.7,80.2,79.9,82.4,82.5,78.7,85.7
ED-0054,2311,38:31,91.6,78.4,80.1,84.0,80.5,77.7,81.1,80.4,82.7,81.8,78.2,86.5
ED-0054,2312,38:32,90.5,79.5,79.9,85.1,81.1,77.3,80.7,79.2,82.0,82.3,77.0,85.3
ED-0054,2313,38:33,89.8,79.2,80.4,84.4,81.2,77.0,81.5,79.7,81.6,81.8,76.4,85.2
ED-0054,2314,38:34,90.7,78.8,80.0,84.2,80.1,78.1,80.2,79.8,82.0,80.9,77.3,85.9
ED-0054,2315,38:35,90.5,79.1,79.6,84.3,80.5,76.7,80.5,79.2,81.0,81.3,77.6,85.4
ED-0054,2316,38:36,91.0,77.8,79.8,83.4,80.7,77.0,80.4,79.7,81.8,80.8,77.9,84.9
ED-0054,2317,38:37,90.3,78.1,80.0,84.3,79.7,76.1,80.3,79.4,81.6,81.8,76.9,85.7
ED-0054,2318,38:38,89.8,77.3,79.6,84.1,80.0,76.8,80.0,79.2,81.8,81.7,76.8,85.1
ED-0054,2319,38:39,90.9,77.3,79.9,83.9,78.2,76.2,80.7,78.5,81.5,80.6,77.5,84.4
ED-0054,2320,38:40,89.8,77.7,80.2,84.5,80.3,76.2,79.7,78.9,81.8,80.9,76.4,85.1
ED-0054,2321,38:41,89.5,77.7,79.1,83.7,79.3,76.8,79.8,78.9,81.0,80.7,75.4,84.0
ED-0054,2322,38:42,90.4,76.7,78.8,83.8,79.1,76.4,80.2,78.3,81.0,81.4,75.9,84.2
ED-0054,2323,38:43,90.2,76.8,79.3,83.0,79.0,75.8,79.6,77.7,80.5,80.8,75.9,83.6
ED-0054,2324,38:44,88.9,77.3,78.8,84.4,79.7,75.9,80.0,78.6,81.7,79.8,76.7,84.5
ED-0054,2325,38:45,90.3,77.7,78.7,82.9,78.6,76.3,78.8,79.1,79.9,79.9,75.9,84.3
ED-0054,2326,38:46,89.8,76.7,78.9,82.9,79.0,75.3,78.6,78.7,80.6,80.3,75.3,84.1
ED-0054,2327,38:47,89.5,77.0,78.9,83.7,79.3,75.7,78.7,78.1,79.7,80.1,75.8,83.4
ED-0054,2328,38:48,89.4,77.3,78.7,83.6,78.4,75.5,79.9,78.5,79.9,80.1,75.7,82.3
ED-0054,2329,38:49,89.7,76.1,79.0,83.4,79.1,74.4,79.0,77.5,80.9,80.2,76.1,84.2
ED-0054,2330,38:50,88.6,76.8,79.0,82.7,78.8,74.8,78.0,77.4,80.1,79.9,75.7,83.9
ED-0054,2331,38:51,88.7,76.8,78.9,83.2,78.4,74.9,77.6,77.7,80.2,79.5,75.3,83.4
ED-0054,2332,38:52,88.2,75.8,78.6,81.4,78.2,75.5,78.8,77.0,79.6,79.4,75.9,82.9
ED-0054,2333,38:53,88.3,75.8,78.4,81.8,78.2,75.8,78.3,77.1,79.2,79.8,74.8,83.0
ED-0054,2334,38:54,88.7,76.9,77.4,82.1,77.3,75.4,78.7,76.6,79.7,79.8,75.2,83.3
ED-0054,2335,38:55,87.7,76.6,77.7,81.6,78.5,74.7,78.5,76.9,79.8,79.3,75.2,83.3
ED-0054,2336,38:56,88.1,75.2,77.5,81.8,77.8,75.0,78.1,76.0,79.5,79.4,75.2,83.2
ED-0054,2337,38:57,88.5,76.1,77.0,82.1,77.8,74.7,78.1,76.3,79.1,78.1,74.7,82.4
ED-0054,2338,38:58,87.1,76.1,77.6,81.6,77.9,74.8,78.5,76.9,80.3,79.5,74.8,82.8
ED-0054,2339,38:59,87.1,76.3,76.7,81.3,77.8,73.8,77.5,76.3,79.6,79.7,75.1,81.7
ED-0054,2340,39:00,87.2,75.3,77.9,81.3,77.1,74.4,77.4,76.8,79.2,79.5,74.2,81.4
ED-0054,2341,39:01,87.9,75.5,76.8,80.7,77.6,74.2,77.0,75.5,78.4,78.7,74.6,82.7
ED-0054,2342,39:02,87.2,74.1,76.8,80.6,76.5,74.6,76.2,76.1,78.5,76.6,74.7,81.7
ED-0054,2343,39:03,87.5,75.3,77.9,81.3,76.5,73.3,77.5,76.2,78.4,77.3,75.2,82.5
ED-0054,2344,39:04,87.2,75.1,76.8,80.8,77.7,73.4,76.4,75.9,78.7,78.1,73.9,82.0
ED-0054,2345,39:05,86.3,74.9,76.5,80.3,76.7,73.8,76.8,76.6,78.3,78.8,74.5,81.8
ED-0054,2346,39:06,86.8,74.6,76.8,80.4,76.6,74.1,75.8,75.4,78.7,78.7,73.9,81.3
ED-0054,2347,39:07,86.2,75.4,75.9,80.4,76.8,73.6,75.1,75.6,77.8,76.9,73.5,81.2
ED-0054,2348,39:08,86.9,75.7,77.0,80.6,76.3,73.3,76.5,75.1,78.0,77.5,73.4,81.1
ED-0054,2349,39:09,87.0,74.6,76.7,79.6,76.0,72.9,76.4,75.3,77.4,76.5,73.8,81.4
ED-0054,2350,39:10,86.5,74.6,75.6,80.2,76.9,73.4,75.8,75.5,77.8,78.0,73.9,80.6
ED-0054,2351,39:11,87.0,74.3,75.6,79.8,76.9,73.6,75.8,74.6,77.6,77.5,73.7,80.9
ED-0054,2352,39:12,86.1,75.1,74.8,78.6,75.4,72.1,76.2,74.1,78.1,77.4,73.1,81.3
ED-0054,2353,39:13,86.2,74.0,76.4,80.7,75.8,73.5,76.4,75.1,77.8,78.1,74.0,80.9
ED-0054,2354,39:14,86.7,74.2,75.9,79.4,76.4,72.4,76.2,75.0,77.9,77.8,74.0,80.9
ED-0054,2355,39:15,85.8,74.4,77.4,79.8,76.1,72.5,75.9,75.0,78.3,77.3,73.4,81.3
ED-0054,2356,39:16,85.3,74.8,75.1,79.2,75.2,72.4,75.6,74.9,77.5,77.4,73.1,81.0
ED-0054,2357,39:17,85.5,74.3,75.4,79.8,74.8,72.0,75.2,74.6,76.9,76.9,73.4,80.2
ED-0054,2358,39:18,85.6,73.8,75.5,79.3,75.6,72.5,76.2,74.6,76.0,77.8,73.1,80.1
ED-0054,2359,39:19,85.1,73.0,75.6,79.1,74.9,72.4,75.5,74.2,76.8,76.8,72.0,80.4
ED-0054,2360,39:20,85.5,73.5,74.7,78.7,74.4,71.6,74.7,75.3,76.5,77.4,71.9,79.9
ED-0054,2361,39:21,85.7,73.3,75.2,78.9,75.5,71.0,74.6,74.6,75.9,76.4,72.0,80.2
ED-0054,2362,39:22,85.0,72.8,75.0,79.1,74.7,71.4,74.7,73.5,76.5,75.5,72.5,80.2
ED-0054,2363,39:23,84.8,72.8,74.3,79.3,74.6,71.6,75.3,74.4,76.3,76.1,72.4,79.1
ED-0054,2364,39:24,84.9,72.5,73.9,78.2,74.7,70.6,74.4,74.3,77.2,76.0,72.0,79.9
ED-0054,2365,39:25,84.8,73.1,74.8,78.6,74.8,70.7,74.4,73.6,76.0,76.0,72.1,80.0
ED-0054,2366,39:26,84.1,73.1,73.9,77.7,74.1,70.9,74.3,72.8,76.1,75.3,72.0,78.4
ED-0054,2367,39:27,85.3,72.5,74.3,78.5,74.2,70.7,73.6,73.1,75.5,74.9,71.7,80.2
ED-0054,2368,39:28,84.4,72.4,75.3,78.2,74.0,71.5,73.8,73.7,75.9,75.7,71.6,79.5
ED-0054,2369,39:29,83.5,73.2,73.7,78.3,73.4,71.1,74.1,73.5,76.2,76.1,71.7,78.7
ED-0054,2370,39:30,84.6,72.5,73.4,77.3,74.6,70.8,74.6,73.3,76.6,75.5,71.2,79.1
ED-0054,2371,39:31,83.8,72.1,74.7,78.2,73.9,71.2,74.0,73.3,76.1,75.4,72.3,78.7
ED-0054,2372,39:32,83.6,72.3,73.9,77.6,73.2,71.0,72.8,73.1,75.4,74.8,71.9,79.5
ED-0054,2373,39:33,84.1,72.4,73.8,77.5,73.7,69.6,73.7,72.8,75.6,76.0,70.8,78.7
ED-0054,2374,39:34,83.4,72.1,74.3,78.0,73.7,71.2,73.8,73.3,75.8,74.9,71.0,78.7
ED-0054,2375,39:35,83.8,72.4,73.1,78.4,73.1,71.0,72.5,72.9,76.0,74.7,70.9,78.6
ED-0054,2376,39:36,82.6,72.2,73.3,78.1,73.6,70.1,73.4,71.0,75.2,74.4,71.4,79.0
ED-0054,2377,39:37,83.0,71.0,73.8,76.5,74.4,70.3,73.6,72.6,75.3,74.9,69.7,78.5
ED-0054,2378,39:38,83.7,71.9,73.6,77.5,73.8,69.6,72.9,72.4,74.4,74.0,71.3,78.3
ED-0054,2379,39:39,83.0,72.4,73.6,77.3,72.9,70.0,73.0,71.4,74.1,74.6,70.4,79.6
ED-0054,2380,39:40,83.4,72.3,73.0,77.4,72.3,69.0,72.8,72.8,75.3,74.4,70.7,78.4
ED-0054,2381,39:41,82.1,71.6,73.3,77.0,72.2,69.3,72.5,72.2,73.7,74.6,70.8,76.1
ED-0054,2382,39:42,82.8,71.1,73.9,76.4,73.8,69.6,72.9,71.5,74.8,74.1,70.1,77.5
ED-0054,2383,39:43,83.1,71.3,72.7,76.3,73.1,69.6,72.3,72.0,74.0,74.4,70.1,77.1
ED-0054,2384,39:44,82.6,70.5,73.3,76.0,72.8,69.3,73.0,72.0,73.6,74.3,69.8,77.5
ED-0054,2385,39:45,82.9,71.5,73.0,75.4,72.5,68.9,72.4,72.3,74.3,74.0,70.7,78.3
ED-0054,2386,39:46,82.9,71.2,73.1,76.5,72.9,69.0,72.2,71.4,74.0,73.8,69.5,77.6
ED-0054,2387,39:47,81.8,70.4,72.4,76.0,72.4,68.7,71.8,71.6,74.0,74.1,69.6,77.1
ED-0054,2388,39:48,82.5,70.7,73.0,75.6,72.1,69.3,71.8,71.5,73.5,73.2,70.3,76.5
ED-0054,2389,39:49,82.3,70.9,71.7,75.9,72.4,68.2,72.1,71.3,73.4,74.3,69.8,77.5
ED-0054,2390,39:50,82.0,70.5,72.7,75.6,72.8,69.5,72.6,70.5,73.7,73.3,69.1,76.7
ED-0054,2391,39:51,81.4,69.9,71.9,75.2,72.0,68.3,70.9,71.1,73.3,73.1,69.9,76.9
ED-0054,2392,39:52,81.9,71.3,72.2,75.6,71.9,68.7,71.6,70.5,74.0,73.0,69.4,76.3
ED-0054,2393,39:53,82.7,70.1,72.2,75.8,72.2,68.1,70.9,71.3,73.1,74.1,69.5,76.8
ED-0054,2394,39:54,81.3,70.8,71.1,75.5,70.7,69.1,71.2,70.5,72.5,73.3,69.6,76.7
ED-0054,2395,39:55,81.8,69.1,72.1,76.1,72.2,68.3,72.1,69.8,72.9,73.0,68.8,76.7
ED-0054,2396,39:56,81.6,70.3,72.1,75.7,72.0,68.5,71.0,70.5,73.7,73.7,68.8,76.9
ED-0054,2397,39:57,80.8,70.3,71.5,75.9,71.3,68.1,69.8,71.2,73.6,73.3,68.6,76.4
ED-0054,2398,39:58,81.2,70.2,71.3,74.8,70.7,67.1,71.2,70.5,73.0,73.0,68.3,77.3
ED-0054,2399,39:59,81.4,68.9,71.3,75.0,71.2,69.1,70.9,70.2,73.1,72.7,68.4,75.5
