trial_id,time_s,time_mmss,T_LH_HOOD,T_LH_FENDER,T_LH_FRONT_DOOR,T_LH_REAR_DOOR,T_LH_Q_P,T_LH_T_G,T_RH_T_G,T_RH_Q_P,T_RH_REAR_DOOR,T_RH_FR_DOOR,T_RH_FENDER,T_RH_HOOD
ED-0082,0,00:00,33.0,33.0,42.2,33.0,33.0,39.2,44.6,36.5,33.0,36.0,33.0,33.0
ED-0082,1,00:01,33.0,33.0,41.7,33.0,33.0,39.5,44.0,38.3,33.0,35.4,33.0,33.0
ED-0082,2,00:02,33.0,33.0,42.4,33.0,33.0,39.5,45.1,37.9,33.0,34.5,33.0,33.0
ED-0082,3,00:03,33.0,33.0,41.4,33.0,33.0,39.3,44.8,37.0,33.0,34.0,33.0,33.0
ED-0082,4,00:04,33.0,33.0,41.9,33.0,33.0,38.8,43.5,37.4,33.0,36.1,33.0,33.0
ED-0082,5,00:05,33.0,33.0,41.3,33.0,33.0,38.6,44.3,35.9,33.0,34.4,33.0,33.0
ED-0082,6,00:06,33.0,33.0,42.6,33.0,33.0,39.4,45.1,37.5,33.0,35.2,33.0,33.0
ED-0082,7,00:07,33.0,33.0,43.1,33.0,33.0,38.8,44.7,38.2,33.0,35.0,33.0,33.0
ED-0082,8,00:08,33.0,33.0,41.4,33.0,33.0,38.9,43.7,36.5,33.0,35.5,33.0,33.0
ED-0082,9,00:09,33.0,33.0,41.7,33.0,33.0,39.4,43.9,37.7,33.0,34.9,33.0,33.0
ED-0082,10,00:10,33.0,33.0,42.3,33.0,33.0,39.0,44.3,36.3,33.0,34.4,33.0,33.0
ED-0082,11,00:11,33.0,33.0,41.3,33.0,33.0,38.0,43.8,37.4,33.0,36.3,33.0,33.0
ED-0082,12,00:12,33.0,33.0,42.0,33.0,33.0,38.5,43.8,35.7,33.0,36.9,33.0,33.0
ED-0082,13,00:13,33.0,33.0,42.3,33.0,33.0,38.2,44.0,37.3,33.0,35.7,33.0,33.0
ED-0082,14,00:14,33.0,33.0,42.8,33.0,33.0,37.9,44.1,37.1,33.0,34.8,33.0,33.0
ED-0082,15,00:15,33.0,33.0,42.1,33.0,33.0,39.8,44.0,36.6,33.0,35.4,33.0,33.0
ED-0082,16,00:16,33.0,33.0,42.1,33.0,33.0,39.4,44.2,36.8,33.0,34.9,33.0,33.0
ED-0082,17,00:17,33.0,33.0,42.6,33.0,33.0,39.0,43.7,36.8,33.0,35.1,33.0,33.0
ED-0082,18,00:18,33.0,33.0,42.2,33.0,33.0,38.6,44.0,37.9,33.0,35.7,33.0,33.0
ED-0082,19,00:19,33.0,33.0,42.5,33.0,33.0,38.7,45.6,37.0,33.0,34.0,33.0,33.0
ED-0082,20,00:20,33.0,33.0,41.2,33.0,33.0,38.4,43.8,38.5,33.0,35.2,33.0,33.0
ED-0082,21,00:21,33.0,33.0,42.2,33.0,33.0,38.4,44.2,37.3,33.0,35.0,33.0,33.0
ED-0082,22,00:22,33.0,33.0,42.3,33.0,33.0,39.4,44.5,36.5,33.0,35.7,33.0,33.0
ED-0082,23,00:23,33.0,33.0,42.7,33.0,33.0,38.9,45.0,37.2,33.0,34.4,33.0,33.0
ED-0082,24,00:24,33.0,33.0,42.6,33.0,33.0,37.4,44.4,37.0,33.0,35.7,33.0,33.0
ED-0082,25,00:25,33.0,33.0,42.4,33.0,33.0,38.7,44.9,36.6,33.0,35.4,33.0,33.0
ED-0082,26,00:26,33.0,33.0,42.9,33.0,33.0,39.5,44.1,36.8,33.0,35.9,33.0,33.0
ED-0082,27,00:27,33.0,33.0,42.5,33.0,33.0,38.5,43.7,37.2,33.0,35.7,33.0,33.0
ED-0082,28,00:28,33.0,33.0,41.4,33.0,33.0,39.0,44.6,36.2,33.0,35.7,33.0,33.0
ED-0082,29,00:29,33.0,33.0,42.6,33.0,33.0,39.6,43.5,37.4,33.0,36.2,33.0,33.0
ED-0082,30,00:30,33.0,33.0,41.9,33.0,33.0,38.1,43.7,36.6,33.0,35.1,33.0,33.0
ED-0082,31,00:31,33.0,33.0,42.5,33.0,33.0,39.5,44.3,38.6,33.0,35.2,33.0,33.0
ED-0082,32,00:32,33.0,33.0,42.8,33.0,33.0,40.0,43.7,38.7,33.0,35.8,33.0,33.0
ED-0082,33,00:33,33.0,33.0,42.3,33.0,33.0,38.3,44.3,37.0,33.0,34.7,33.0,33.0
ED-0082,34,00:34,33.0,33.0,42.9,33.0,33.0,38.1,43.8,36.9,33.0,36.2,33.0,33.0
ED-0082,35,00:35,33.0,33.0,42.8,33.0,33.0,39.4,44.3,36.8,33.0,36.0,33.0,33.0
ED-0082,36,00:36,33.0,33.0,42.0,33.0,33.0,38.2,43.4,36.9,33.0,36.4,33.0,33.0
ED-0082,37,00:37,33.0,33.0,42.3,33.0,33.0,38.1,44.5,37.1,33.0,35.4,33.0,33.0
ED-0082,38,00:38,33.0,33.0,42.6,33.0,33.0,39.0,44.2,37.0,33.0,35.1,33.0,33.0
ED-0082,39,00:39,33.0,33.0,42.4,33.0,33.0,38.6,44.4,36.7,33.0,36.2,33.0,33.0
ED-0082,40,00:40,33.0,33.0,43.2,33.0,33.0,38.0,44.8,36.9,33.0,37.2,33.0,33.0
ED-0082,41,00:41,33.0,33.0,42.9,33.0,33.0,38.3,43.3,37.0,33.0,35.6,33.0,33.0
ED-0082,42,00:42,33.0,33.0,43.2,33.0,33.0,39.0,44.3,36.4,33.0,34.5,33.0,33.0
ED-0082,43,00:43,33.0,33.0,43.0,33.0,33.0,39.1,43.2,38.3,33.0,35.6,33.0,33.0
ED-0082,44,00:44,33.0,33.0,43.0,33.0,33.0,39.1,44.3,37.9,33.0,36.2,33.0,33.0
ED-0082,45,00:45,33.0,33.0,42.9,33.0,33.0,38.6,45.1,37.0,33.0,35.8,33.0,33.0
ED-0082,46,00:46,33.0,33.0,43.0,33.0,33.0,38.7,44.4,36.8,33.0,36.5,33.0,33.0
ED-0082,47,00:47,33.0,33.0,43.5,33.0,33.0,37.2,43.6,36.8,33.0,36.3,33.0,33.0
ED-0082,48,00:48,33.0,33.0,42.8,33.0,33.0,39.6,44.4,36.3,33.0,36.0,33.0,33.0
ED-0082,49,00:49,33.0,33.0,42.1,33.0,33.0,39.5,44.7,37.0,33.0,34.9,33.0,33.0
ED-0082,50,00:50,33.0,33.0,43.0,33.0,33.0,39.0,45.1,36.9,33.0,36.3,33.0,33.0
ED-0082,51,00:51,33.0,33.0,42.7,33.0,33.0,38.3,44.1,36.1,33.0,36.2,33.0,33.0
ED-0082,52,00:52,33.0,33.0,41.8,33.0,33.0,40.0,43.8,37.3,33.0,35.2,33.0,33.0
ED-0082,53,00:53,33.0,33.0,43.1,33.0,33.0,39.0,45.0,37.5,33.0,35.2,33.0,33.0
ED-0082,54,00:54,33.0,33.0,42.5,33.0,33.0,38.6,43.9,37.2,33.0,36.0,33.0,33.0
ED-0082,55,00:55,33.0,33.0,43.2,33.0,33.0,38.5,43.5,37.3,33.0,36.1,33.0,33.0
ED-0082,56,00:56,33.0,33.0,42.5,33.0,33.0,39.1,44.3,37.3,33.0,35.6,33.0,33.0
ED-0082,57,00:57,33.0,33.0,42.6,33.0,33.0,39.4,44.3,37.3,33.0,34.6,33.0,33.0
ED-0082,58,00:58,33.0,33.0,43.5,33.0,33.0,39.5,44.3,37.4,33.0,36.1,33.0,33.0
ED-0082,59,00:59,33.0,33.0,43.1,33.0,33.0,37.2,45.6,37.4,33.0,35.4,33.0,33.0
ED-0082,60,01:00,33.0,33.0,43.0,33.0,33.0,37.9,43.6,38.0,33.0,35.1,33.0,33.0
ED-0082,61,01:01,33.0,33.0,42.6,33.0,33.0,38.8,43.9,37.2,33.0,37.0,33.0,33.0
ED-0082,62,01:02,33.0,33.0,43.2,33.0,33.0,38.4,44.3,37.7,33.0,35.9,33.0,33.0
ED-0082,63,01:03,33.0,33.0,43.5,33.0,33.0,40.2,44.6,37.6,33.0,36.1,33.0,33.0
ED-0082,64,01:04,33.0,33.0,42.1,33.0,33.0,38.1,45.6,38.4,33.0,34.8,33.0,33.0
ED-0082,65,01:05,33.0,33.0,43.0,33.0,33.0,39.7,45.0,37.3,33.0,36.5,33.0,33.0
ED-0082,66,01:06,33.0,33.0,43.2,33.0,33.0,39.6,44.9,37.9,33.0,36.5,33.0,33.0
ED-0082,67,01:07,33.0,33.0,42.3,33.0,33.0,38.3,44.1,37.7,33.0,35.8,33.0,33.0
ED-0082,68,01:08,33.0,33.0,43.1,33.0,33.0,39.4,45.3,38.2,33.0,36.4,33.0,33.0
ED-0082,69,01:09,33.0,33.0,42.3,33.0,33.0,38.9,44.7,38.1,33.0,35.8,33.0,33.0
ED-0082,70,01:10,33.0,33.0,42.4,33.0,33.0,40.1,44.3,37.6,33.0,35.9,33.0,33.0
ED-0082,71,01:11,33.0,33.0,42.5,33.0,33.0,39.2,43.9,37.6,33.0,35.7,33.0,33.0
ED-0082,72,01:12,33.0,33.0,43.6,33.0,33.0,38.7,44.5,37.6,33.0,36.2,33.0,33.0
ED-0082,73,01:13,33.0,33.0,42.9,33.0,33.0,39.4,44.8,37.2,33.0,36.6,33.0,33.0
ED-0082,74,01:14,33.0,33.0,43.8,33.0,33.0,39.1,45.4,37.6,33.0,35.8,33.0,33.0
ED-0082,75,01:15,33.0,33.0,42.9,33.0,33.0,39.2,44.4,37.3,33.0,35.6,33.0,33.0
ED-0082,76,01:16,33.0,33.0,42.8,33.0,33.0,39.7,44.8,36.5,33.0,36.4,33.0,33.0
ED-0082,77,01:17,33.0,33.0,42.0,33.0,33.0,38.7,45.0,37.2,33.0,36.8,33.0,33.0
ED-0082,78,01:18,33.0,33.0,44.4,33.0,33.0,38.5,44.0,36.7,33.0,37.0,33.0,33.0
ED-0082,79,01:19,33.0,33.0,43.5,33.0,33.0,38.6,44.8,37.0,33.0,36.3,33.0,33.0
ED-0082,80,01:20,33.0,33.0,42.7,33.0,33.0,39.5,45.4,37.0,33.0,36.5,33.0,33.0
ED-0082,81,01:21,33.0,33.0,42.0,33.0,33.0,39.6,45.6,38.1,33.0,35.7,33.0,33.0
ED-0082,82,01:22,33.0,33.0,42.7,33.0,33.0,39.6,44.8,37.9,33.0,36.3,33.0,33.0
ED-0082,83,01:23,33.0,33.0,43.1,33.0,33.0,39.1,44.8,37.8,33.0,36.0,33.0,33.0
ED-0082,84,01:24,33.0,33.0,43.7,33.0,33.0,38.8,45.6,37.4,33.0,35.7,33.0,33.0
ED-0082,85,01:25,33.0,33.0,43.6,33.0,33.0,38.6,44.6,38.2,33.0,35.8,33.0,33.0
ED-0082,86,01:26,33.0,33.0,42.7,33.0,33.0,38.5,44.3,37.6,33.0,36.5,33.0,33.0
ED-0082,87,01:27,33.0,33.0,43.8,33.0,33.0,39.1,44.2,37.9,33.0,36.7,33.0,33.0
ED-0082,88,01:28,33.0,33.0,44.2,33.0,33.0,38.9,45.5,38.2,33.0,36.2,33.0,33.0
ED-0082,89,01:29,33.0,33.0,43.6,33.0,33.0,38.5,45.3,37.2,33.0,36.4,33.0,33.0
ED-0082,90,01:30,33.0,33.0,43.1,33.0,33.0,38.7,44.7,38.5,33.0,36.7,33.0,33.0
ED-0082,91,01:31,33.0,33.0,44.1,33.0,33.0,39.0,44.0,37.5,33.0,36.1,33.0,33.0
ED-0082,92,01:32,33.0,33.0,43.4,33.0,33.0,39.0,45.5,38.3,33.0,36.8,33.0,33.0
ED-0082,93,01:33,33.0,33.0,43.1,33.0,33.0,38.8,44.7,38.7,33.0,37.0,33.0,33.0
ED-0082,94,01:34,33.0,33.0,44.0,33.0,33.0,39.3,44.3,37.4,33.0,37.0,33.0,33.0
ED-0082,95,01:35,33.0,33.0,42.6,33.0,33.0,39.8,44.9,38.1,33.0,36.8,33.0,33.0
ED-0082,96,01:36,33.0,33.0,43.9,33.0,33.0,38.8,45.7,37.3,33.0,36.8,33.0,33.0
ED-0082,97,01:37,33.0,33.0,43.8,33.0,33.0,40.4,45.0,38.0,33.0,36.6,33.0,33.0
ED-0082,98,01:38,33.0,33.0,43.1,33.0,33.0,38.4,43.8,37.4,33.0,35.9,33.0,33.0
ED-0082,99,01:39,33.0,33.0,44.2,33.0,33.0,39.8,44.5,38.6,33.0,37.2,33.0,33.0
ED-0082,100,01:40,33.0,33.0,43.8,33.0,33.0,40.1,44.7,37.5,33.0,36.9,33.0,33.0
ED-0082,101,01:41,33.0,33.0,43.7,33.0,33.0,39.2,44.8,38.1,33.0,36.3,33.0,33.0
ED-0082,102,01:42,33.0,33.0,43.4,33.0,33.0,39.0,44.9,37.8,33.0,37.5,33.0,33.0
ED-0082,103,01:43,33.0,33.0,43.6,33.0,33.0,39.1,44.8,36.9,33.0,36.3,33.0,33.0
ED-0082,104,01:44,33.0,33.0,43.6,33.0,33.0,39.5,45.5,37.8,33.9,37.3,33.0,33.0
ED-0082,105,01:45,33.0,33.0,43.8,33.0,33.0,39.0,45.4,38.6,33.0,37.5,33.0,33.0
ED-0082,106,01:46,33.0,33.0,43.8,33.0,33.0,40.1,44.8,37.9,33.0,38.0,33.0,33.0
ED-0082,107,01:47,33.0,33.0,44.5,33.0,33.0,39.5,45.6,37.7,33.0,37.1,33.0,33.0
ED-0082,108,01:48,33.0,33.0,43.3,33.0,33.0,39.7,45.1,38.2,33.0,37.1,33.0,33.0
ED-0082,109,01:49,33.0,33.0,43.8,33.0,33.0,39.8,44.8,38.0,33.0,37.0,33.0,33.0
ED-0082,110,01:50,33.0,33.0,43.4,33.0,33.0,39.7,44.6,38.9,33.0,36.4,33.0,33.0
ED-0082,111,01:51,33.0,33.0,44.4,33.0,33.0,39.8,45.2,37.7,33.0,38.0,33.0,33.0
ED-0082,112,01:52,33.0,33.0,44.5,33.0,33.0,39.2,45.2,37.9,33.0,36.6,33.0,33.0
ED-0082,113,01:53,33.0,33.0,43.9,33.0,33.0,40.0,44.6,37.4,33.0,37.5,33.0,33.0
ED-0082,114,01:54,33.0,33.0,44.5,33.0,33.0,39.8,45.4,37.2,33.0,38.1,33.0,33.0
ED-0082,115,01:55,33.0,33.0,43.7,33.0,33.0,38.3,45.3,37.5,33.0,38.2,33.0,33.0
ED-0082,116,01:56,33.0,33.0,44.3,33.0,33.0,39.5,44.9,38.5,33.0,37.0,33.0,33.0
ED-0082,117,01:57,33.0,33.0,44.4,33.0,33.0,39.1,44.7,37.6,33.0,38.1,33.0,33.0
ED-0082,118,01:58,33.0,33.0,44.8,33.0,33.0,40.3,44.8,37.9,33.0,37.4,33.0,33.0
ED-0082,119,01:59,33.0,33.0,43.6,33.0,33.0,39.6,44.7,38.3,34.2,36.8,33.0,33.0
ED-0082,120,02:00,33.0,33.0,44.7,33.0,33.0,39.5,45.1,38.2,33.0,37.7,33.0,33.0
ED-0082,121,02:01,33.0,33.0,44.4,33.0,33.0,39.7,45.4,38.5,33.3,37.5,33.0,33.0
ED-0082,122,02:02,33.0,33.0,44.5,33.0,33.0,39.9,45.5,37.8,33.0,37.5,33.0,33.0
ED-0082,123,02:03,33.0,33.0,45.1,33.0,33.0,40.1,45.8,38.1,33.0,37.7,33.0,33.0
ED-0082,124,02:04,33.0,33.0,44.8,33.0,33.0,39.0,45.6,38.2,33.0,37.9,33.0,33.0
ED-0082,125,02:05,33.0,33.0,45.0,33.0,33.0,40.2,46.0,38.0,33.8,37.1,33.0,33.0
ED-0082,126,02:06,33.0,33.0,45.0,33.0,33.0,40.0,45.4,38.4,33.0,37.4,33.0,33.0
ED-0082,127,02:07,33.0,33.0,44.3,33.0,33.0,40.2,45.8,38.4,33.2,37.6,33.0,33.0
ED-0082,128,02:08,33.0,33.0,44.7,33.0,33.0,40.3,45.3,37.7,33.0,38.1,33.0,33.0
ED-0082,129,02:09,33.0,33.0,45.3,33.0,33.0,40.3,45.3,38.9,33.9,36.8,33.0,33.0
ED-0082,130,02:10,33.0,33.0,45.1,33.0,33.0,39.4,46.3,37.8,33.0,37.7,33.0,33.0
ED-0082,131,02:11,33.0,33.0,45.8,33.0,33.0,39.3,46.0,38.3,33.8,38.0,33.0,33.0
ED-0082,132,02:12,33.0,33.0,45.6,33.0,33.0,39.1,44.9,38.3,33.1,38.9,33.0,33.0
ED-0082,133,02:13,33.0,33.0,46.1,33.0,33.0,41.3,45.2,39.4,33.0,38.6,33.0,33.0
ED-0082,134,02:14,33.0,33.0,45.8,33.0,33.0,40.3,45.7,38.0,34.3,38.1,33.0,33.0
ED-0082,135,02:15,33.0,33.0,45.5,33.0,33.0,39.6,45.3,38.7,33.9,38.5,33.0,33.0
ED-0082,136,02:16,33.0,33.0,45.6,33.0,33.0,39.6,45.9,39.0,33.0,38.3,33.0,33.0
ED-0082,137,02:17,33.0,33.0,46.1,33.0,33.0,40.7,45.7,38.0,33.4,39.3,33.0,33.0
ED-0082,138,02:18,33.0,33.0,45.8,33.0,33.0,40.3,45.3,38.4,34.0,38.7,33.0,33.0
ED-0082,139,02:19,33.0,33.0,45.0,33.0,33.0,39.4,45.8,38.4,34.1,38.5,33.0,33.0
ED-0082,140,02:20,33.0,33.0,46.6,33.0,33.0,40.2,45.6,38.1,33.7,38.2,33.0,33.0
ED-0082,141,02:21,33.0,33.0,46.0,33.0,33.0,39.8,45.6,39.9,35.3,38.8,33.0,33.0
ED-0082,142,02:22,33.0,33.0,46.2,33.0,33.0,39.9,47.0,38.9,33.8,39.4,33.0,33.0
ED-0082,143,02:23,33.0,33.0,46.3,33.0,33.0,40.2,46.2,39.2,33.9,39.3,33.0,33.0
ED-0082,144,02:24,33.0,33.0,45.8,33.0,33.0,40.4,46.4,39.0,34.6,39.3,33.0,33.0
ED-0082,145,02:25,33.0,33.0,46.3,33.0,33.0,40.2,45.9,39.3,35.3,39.7,33.0,33.0
ED-0082,146,02:26,33.0,33.0,46.9,33.0,33.0,39.6,45.9,39.1,34.9,39.6,33.0,33.0
ED-0082,147,02:27,33.0,33.0,46.9,33.0,33.0,40.9,45.5,38.9,35.7,39.5,33.0,33.0
ED-0082,148,02:28,33.0,33.0,46.9,33.0,33.0,40.2,45.6,39.1,34.7,38.6,33.0,33.0
ED-0082,149,02:29,33.0,33.0,46.2,33.0,33.0,40.0,46.1,38.6,34.4,39.9,33.0,33.0
ED-0082,150,02:30,33.0,33.0,47.2,33.0,33.0,40.9,46.1,37.9,35.0,40.1,33.0,33.0
ED-0082,151,02:31,33.0,33.0,46.9,33.0,33.0,41.1,44.7,39.0,34.8,39.3,33.0,33.0
ED-0082,152,02:32,33.0,33.0,47.1,33.0,33.0,41.3,45.9,39.5,34.8,40.6,33.0,33.0
ED-0082,153,02:33,33.0,33.0,46.3,33.0,33.0,40.3,46.6,39.4,34.7,40.3,33.0,33.0
ED-0082,154,02:34,33.0,33.0,47.4,33.0,33.0,41.4,46.0,39.1,34.0,41.6,33.0,33.0
ED-0082,155,02:35,33.0,33.0,47.8,33.0,33.0,39.9,46.6,39.8,35.0,39.8,33.0,33.0
ED-0082,156,02:36,33.0,33.0,47.7,33.0,33.0,40.9,46.2,39.9,36.1,40.9,33.0,33.0
ED-0082,157,02:37,33.0,33.0,47.5,33.0,33.0,40.6,46.6,38.8,35.7,40.7,33.0,33.0
ED-0082,158,02:38,33.0,33.0,46.8,33.0,33.0,40.9,46.9,39.7,36.0,40.9,33.0,33.0
ED-0082,159,02:39,33.0,33.0,47.4,33.0,33.0,41.0,46.8,39.6,35.8,41.0,33.0,33.0
ED-0082,160,02:40,33.0,33.0,47.3,33.0,33.0,40.9,47.2,40.0,36.4,41.0,33.0,33.0
ED-0082,161,02:41,33.0,33.0,48.0,33.0,33.0,41.2,46.4,38.7,37.0,41.4,33.0,33.0
ED-0082,162,02:42,33.0,33.0,49.7,33.0,33.0,41.6,46.9,40.6,37.4,41.5,33.0,33.0
ED-0082,163,02:43,33.0,33.0,47.8,33.0,33.0,40.7,46.6,40.3,36.1,42.3,33.0,33.0
ED-0082,164,02:44,33.0,33.0,47.2,33.0,33.0,41.2,47.8,39.5,37.3,42.3,33.0,33.0
ED-0082,165,02:45,33.0,33.0,48.9,33.0,33.0,42.5,47.6,40.9,36.9,41.3,33.0,33.2
ED-0082,166,02:46,33.0,33.0,48.9,33.0,33.0,42.1,47.3,39.5,38.0,42.7,33.0,33.1
ED-0082,167,02:47,33.0,33.0,48.8,33.0,33.3,41.1,46.9,39.9,37.3,41.5,33.0,33.0
ED-0082,168,02:48,33.0,33.0,48.7,33.0,33.0,42.9,47.8,40.8,38.0,42.0,33.0,33.0
ED-0082,169,02:49,33.0,33.0,49.4,33.0,33.0,40.3,47.1,40.0,37.0,42.5,33.8,33.0
ED-0082,170,02:50,33.0,33.0,49.8,33.0,33.0,41.5,47.5,40.2,37.3,43.3,33.1,33.2
ED-0082,171,02:51,33.0,33.0,49.8,33.0,33.0,41.4,47.8,40.3,37.5,42.1,33.0,33.0
ED-0082,172,02:52,33.0,33.0,49.1,33.0,33.0,42.2,47.3,40.5,36.7,43.3,33.8,33.0
ED-0082,173,02:53,33.0,33.0,50.2,33.0,33.0,41.5,47.2,41.5,37.1,43.4,33.7,33.6
ED-0082,174,02:54,33.0,33.0,49.6,33.0,33.0,43.2,47.7,41.0,37.6,43.1,33.1,33.8
ED-0082,175,02:55,33.0,33.0,50.0,33.0,33.0,42.1,46.8,41.7,37.6,43.2,34.0,33.0
ED-0082,176,02:56,33.0,33.0,51.0,33.0,33.0,42.6,48.4,41.1,38.8,43.5,33.9,33.0
ED-0082,177,02:57,33.0,33.0,50.1,33.0,33.1,42.4,48.3,39.5,38.3,44.1,33.6,33.7
ED-0082,178,02:58,33.0,33.0,50.8,33.0,33.2,42.6,48.4,41.0,38.7,44.0,34.8,33.9
ED-0082,179,02:59,33.0,33.0,50.6,33.0,33.0,41.3,48.2,41.1,38.3,43.5,34.6,33.2
ED-0082,180,03:00,33.0,33.0,51.1,33.0,33.8,42.2,48.0,41.2,38.7,45.4,34.4,33.8
ED-0082,181,03:01,33.0,33.0,51.5,33.0,33.0,42.1,49.0,41.2,39.7,44.7,34.6,34.3
ED-0082,182,03:02,33.0,33.0,51.2,33.0,33.8,41.4,48.3,41.1,39.7,44.0,35.8,33.8
ED-0082,183,03:03,33.0,33.0,52.2,33.0,33.1,42.9,47.5,41.8,40.1,44.2,34.8,34.0
ED-0082,184,03:04,33.0,33.0,51.8,33.0,33.3,42.6,48.4,41.6,39.6,45.3,35.7,34.0
ED-0082,185,03:05,33.0,33.5,51.9,33.0,33.2,43.3,48.2,41.4,39.7,46.1,35.1,34.5
ED-0082,186,03:06,33.0,34.0,52.3,33.2,33.8,43.0,48.2,42.2,40.1,45.8,36.0,35.2
ED-0082,187,03:07,33.1,33.5,53.0,33.0,34.7,42.8,48.7,42.5,39.8,46.2,35.7,34.9
ED-0082,188,03:08,33.0,33.4,52.8,33.0,34.2,43.6,48.7,42.3,40.9,46.7,36.3,35.1
ED-0082,189,03:09,33.0,33.5,53.9,33.5,34.7,44.3,49.2,41.4,40.5,46.6,36.2,34.8
ED-0082,190,03:10,33.4,34.5,53.3,34.1,34.2,43.2,48.8,41.7,40.9,46.8,36.8,35.9
ED-0082,191,03:11,33.8,35.0,53.0,33.9,34.7,43.5,48.9,42.6,41.2,46.8,38.3,35.5
ED-0082,192,03:12,33.3,34.3,53.7,34.4,33.7,43.9,48.9,42.3,41.5,47.8,37.2,34.8
ED-0082,193,03:13,33.6,35.1,53.7,34.5,34.7,43.8,50.2,42.5,41.9,47.4,37.7,34.8
ED-0082,194,03:14,33.9,34.3,54.2,35.0,34.9,44.6,50.3,42.9,42.5,48.3,37.8,34.8
ED-0082,195,03:15,33.8,35.0,54.4,34.4,34.5,44.2,49.7,42.9,42.3,47.4,37.2,36.1
ED-0082,196,03:16,34.5,35.3,54.9,35.3,35.3,43.4,50.0,42.0,42.5,49.3,38.4,37.0
ED-0082,197,03:17,34.8,35.6,54.6,35.3,34.7,43.9,49.6,42.8,42.1,48.4,38.3,36.7
ED-0082,198,03:18,34.5,35.2,55.7,36.2,35.6,44.3,50.4,43.6,42.9,48.8,38.7,36.2
ED-0082,199,03:19,35.3,35.1,55.6,35.9,34.1,44.9,50.3,43.4,42.7,48.7,38.9,36.8
ED-0082,200,03:20,34.5,36.8,55.2,35.8,35.3,44.2,50.7,43.8,43.8,49.2,39.3,36.4
ED-0082,201,03:21,34.4,36.2,56.5,36.5,35.7,44.6,50.0,44.1,43.6,49.4,39.2,37.1
ED-0082,202,03:22,35.5,35.6,56.2,37.3,36.6,44.4,50.1,43.9,43.7,50.1,39.1,37.3
ED-0082,203,03:23,35.1,36.5,56.9,37.1,36.3,45.7,50.3,43.4,44.9,50.4,40.2,37.4
ED-0082,204,03:24,36.3,36.9,58.3,36.5,35.3,44.5,50.9,44.9,44.8,50.8,39.7,37.8
ED-0082,205,03:25,36.2,37.8,56.8,37.1,37.2,46.2,50.4,42.9,44.9,51.1,40.9,38.1
ED-0082,206,03:26,35.3,37.4,57.4,38.1,36.6,45.6,51.3,44.0,45.6,51.3,40.8,38.9
ED-0082,207,03:27,37.5,39.0,56.7,38.0,37.1,45.6,52.3,44.3,45.9,51.6,41.8,38.4
ED-0082,208,03:28,37.2,38.9,58.5,38.2,37.1,45.5,51.6,45.3,46.4,51.9,41.2,39.1
ED-0082,209,03:29,37.0,38.7,58.4,38.0,37.9,46.6,51.9,44.8,46.5,52.1,41.3,38.6
ED-0082,210,03:30,37.1,38.8,59.5,39.2,37.0,46.5,53.2,46.0,46.2,52.7,41.4,39.2
ED-0082,211,03:31,38.0,38.8,59.3,39.0,37.2,46.5,52.6,45.4,46.1,52.6,41.6,39.5
ED-0082,212,03:32,37.1,39.8,60.3,39.6,37.2,46.1,52.2,46.1,47.5,52.9,42.5,40.0
ED-0082,213,03:33,36.9,39.5,59.6,40.6,38.7,46.4,52.3,44.7,48.1,54.2,43.2,40.8
ED-0082,214,03:34,37.4,40.7,60.6,39.7,39.0,46.7,52.7,45.8,46.9,53.3,43.7,39.9
ED-0082,215,03:35,37.1,39.7,61.2,40.3,37.9,46.7,53.4,45.8,47.9,54.6,43.0,40.1
ED-0082,216,03:36,37.6,40.5,61.1,41.4,38.7,48.7,52.5,45.7,48.0,55.3,43.9,40.5
ED-0082,217,03:37,38.6,41.9,62.5,41.3,38.2,46.4,53.7,46.3,48.7,54.5,43.1,41.2
ED-0082,218,03:38,38.6,41.5,63.2,41.8,38.2,48.6,53.2,46.6,48.9,55.6,43.8,41.2
ED-0082,219,03:39,39.6,42.2,62.8,42.2,39.6,48.5,54.1,47.2,49.9,55.9,44.7,41.2
ED-0082,220,03:40,40.2,43.4,62.4,42.5,39.1,48.4,53.5,47.9,50.2,56.1,45.2,41.4
ED-0082,221,03:41,40.0,42.9,63.8,42.1,39.7,48.4,54.1,47.2,49.9,56.5,45.0,41.5
ED-0082,222,03:42,40.2,41.4,63.9,43.1,39.6,49.7,55.3,47.2,50.3,57.2,45.1,42.0
ED-0082,223,03:43,40.2,42.8,64.5,43.3,39.9,48.7,54.4,47.4,50.8,57.1,45.5,41.7
ED-0082,224,03:44,41.3,43.3,64.3,44.7,41.0,49.0,54.5,48.4,52.2,57.1,46.2,42.9
ED-0082,225,03:45,40.9,43.6,64.4,43.5,40.8,48.9,55.4,48.8,51.5,58.0,46.3,43.1
ED-0082,226,03:46,41.3,44.2,65.4,45.3,40.9,48.9,56.1,47.9,52.4,58.4,47.0,44.4
ED-0082,227,03:47,40.9,44.9,65.3,45.1,40.9,48.9,55.6,49.0,52.6,58.9,47.6,43.8
ED-0082,228,03:48,42.1,45.6,65.9,45.1,41.4,49.9,55.8,49.1,52.4,60.2,48.0,43.9
ED-0082,229,03:49,41.7,45.3,66.2,45.9,40.6,50.2,55.8,49.0,52.9,59.7,48.4,44.5
ED-0082,230,03:50,42.9,45.9,66.9,45.4,41.9,50.6,56.7,49.4,53.3,60.2,48.4,44.1
ED-0082,231,03:51,42.2,45.7,66.9,46.3,42.3,51.0,56.6,49.0,54.0,60.7,48.5,44.0
ED-0082,232,03:52,43.2,46.9,68.0,47.3,42.0,52.0,57.4,49.8,55.0,60.6,49.3,46.0
ED-0082,233,03:53,44.3,47.2,69.1,48.3,43.5,51.4,56.9,50.9,54.8,62.2,49.5,45.0
ED-0082,234,03:54,43.1,47.0,68.6,47.1,42.4,52.1,58.3,50.1,56.0,61.9,50.4,46.2
ED-0082,235,03:55,44.1,48.0,68.4,48.1,43.0,51.3,58.3,50.1,55.5,61.8,50.6,46.2
ED-0082,236,03:56,45.2,48.5,70.0,49.0,43.2,52.1,58.5,51.2,56.8,64.3,51.5,45.9
ED-0082,237,03:57,44.5,49.4,70.2,48.6,44.1,52.3,57.4,50.9,57.3,63.4,51.2,47.4
ED-0082,238,03:58,44.1,49.0,70.0,48.2,43.7,52.4,58.6,51.2,56.2,63.6,51.3,47.3
ED-0082,239,03:59,45.8,49.1,70.4,50.3,43.5,52.5,59.4,51.3,57.3,64.3,52.4,47.4
ED-0082,240,04:00,45.3,50.0,71.1,50.3,44.9,53.3,60.2,52.3,58.0,64.2,53.4,47.4
ED-0082,241,04:01,45.5,50.9,72.1,50.2,45.9,53.4,59.6,52.4,58.6,64.6,53.4,48.7
ED-0082,242,04:02,46.8,50.8,71.8,51.5,46.1,53.8,59.8,52.6,59.2,66.7,53.3,49.1
ED-0082,243,04:03,47.2,51.5,73.2,52.0,45.5,53.7,59.4,53.0,59.7,65.7,54.1,49.8
ED-0082,244,04:04,46.8,51.6,72.8,51.8,45.5,54.9,60.6,53.1,59.3,66.5,55.3,49.7
ED-0082,245,04:05,47.8,52.5,73.5,52.4,46.1,54.5,60.9,54.3,60.3,66.2,54.6,50.1
ED-0082,246,04:06,47.8,53.1,74.1,53.3,47.1,54.7,62.8,55.1,61.1,67.3,55.5,51.2
ED-0082,247,04:07,48.5,52.6,75.2,53.4,46.5,55.0,61.7,54.0,61.1,67.7,56.3,50.3
ED-0082,248,04:08,49.1,53.0,75.5,52.9,48.7,56.0,61.7,54.7,62.5,68.8,57.2,51.9
ED-0082,249,04:09,48.7,53.6,76.1,54.3,47.3,56.2,62.9,54.3,62.1,68.6,57.3,52.0
ED-0082,250,04:10,49.8,53.9,76.1,54.6,47.8,56.5,62.3,54.6,63.0,68.9,57.4,52.3
ED-0082,251,04:11,49.8,54.5,75.8,55.3,47.5,56.7,64.2,56.6,63.0,68.7,58.0,52.7
ED-0082,252,04:12,50.2,54.8,77.2,55.4,47.6,57.1,63.9,56.5,62.9,71.0,58.8,53.0
ED-0082,253,04:13,50.1,55.3,77.5,56.6,49.3,57.8,62.9,56.3,64.4,71.3,58.8,54.0
ED-0082,254,04:14,51.7,56.4,77.3,56.9,48.9,57.9,64.2,56.9,64.3,70.4,59.8,54.7
ED-0082,255,04:15,51.5,56.4,78.6,57.0,49.0,59.2,63.5,56.8,65.7,71.0,60.0,54.6
ED-0082,256,04:16,52.1,57.1,79.4,57.9,49.7,58.6,65.5,57.2,66.0,71.6,60.7,54.3
ED-0082,257,04:17,52.6,57.7,80.7,58.0,49.6,58.1,65.9,57.5,66.8,72.3,60.8,55.0
ED-0082,258,04:18,53.0,58.8,80.4,58.5,50.9,60.0,65.9,59.1,66.6,73.1,61.7,55.3
ED-0082,259,04:19,53.2,57.8,80.5,59.8,51.6,59.0,65.9,58.2,67.0,73.7,61.7,56.2
ED-0082,260,04:20,54.3,59.9,81.4,59.4,52.3,59.4,65.8,58.4,67.6,74.2,62.3,56.4
ED-0082,261,04:21,54.1,58.6,82.5,61.2,53.3,60.0,66.6,60.1,68.9,74.2,62.2,56.4
ED-0082,262,04:22,54.0,59.8,82.5,60.1,53.0,62.1,66.7,60.2,69.1,74.5,62.7,57.7
ED-0082,263,04:23,55.2,60.8,82.1,60.1,52.1,62.2,67.4,60.7,69.9,75.1,62.8,58.9
ED-0082,264,04:24,55.3,61.0,83.5,61.7,52.7,61.8,68.3,60.3,70.2,75.8,64.6,58.5
ED-0082,265,04:25,55.6,62.0,83.3,62.4,54.2,62.3,67.8,60.6,70.7,76.6,66.0,59.2
ED-0082,266,04:26,56.9,62.0,85.0,62.9,53.7,63.1,68.9,61.6,70.4,77.4,64.9,59.4
ED-0082,267,04:27,57.5,62.2,85.4,62.9,54.7,64.1,70.4,61.7,71.3,77.1,66.0,61.2
ED-0082,268,04:28,57.1,63.3,84.7,62.9,56.2,62.8,69.4,62.9,71.8,78.0,66.5,60.9
ED-0082,269,04:29,57.3,62.2,84.9,64.4,55.9,63.9,69.8,62.9,72.7,77.7,67.2,60.2
ED-0082,270,04:30,58.4,64.0,86.6,64.3,56.7,64.2,70.9,62.6,72.6,78.9,67.0,62.5
ED-0082,271,04:31,59.3,65.3,87.6,64.0,55.8,64.6,72.4,63.3,74.5,79.3,67.9,62.5
ED-0082,272,04:32,59.6,65.1,86.5,65.5,57.0,65.3,72.0,63.7,73.5,79.7,68.7,62.8
ED-0082,273,04:33,59.7,65.5,87.4,65.5,57.4,66.3,71.6,64.5,74.4,80.0,70.0,63.0
ED-0082,274,04:34,59.9,66.5,89.3,66.8,57.8,66.4,72.5,63.7,75.0,81.0,70.0,63.2
ED-0082,275,04:35,60.7,65.6,88.8,66.4,58.3,67.3,72.7,66.1,75.7,81.1,71.2,63.1
ED-0082,276,04:36,60.5,67.8,89.0,67.1,58.3,66.7,72.9,65.1,76.8,81.5,70.8,63.9
ED-0082,277,04:37,62.0,67.0,89.0,67.5,60.1,68.2,73.9,65.6,76.5,82.0,70.4,65.0
ED-0082,278,04:38,62.1,68.5,90.2,68.5,60.6,68.4,75.1,67.1,76.8,82.5,72.3,65.8
ED-0082,279,04:39,62.0,68.5,91.1,68.9,60.2,69.0,75.8,66.9,77.9,82.6,72.9,66.4
ED-0082,280,04:40,62.5,69.0,90.9,69.2,60.9,69.6,75.2,67.8,79.4,83.4,73.7,66.3
ED-0082,281,04:41,63.0,69.4,91.3,69.5,61.3,68.3,75.9,68.6,78.8,83.6,72.9,67.0
ED-0082,282,04:42,64.0,69.7,92.5,70.6,61.8,70.5,77.1,69.5,79.6,84.5,73.2,68.2
ED-0082,283,04:43,64.4,70.8,93.4,70.9,62.6,71.0,76.6,68.6,80.1,84.3,73.3,67.9
ED-0082,284,04:44,65.2,70.2,93.4,72.3,62.6,71.9,78.9,69.1,80.2,84.9,75.0,68.5
ED-0082,285,04:45,65.4,71.7,94.0,72.1,63.2,71.9,78.2,69.2,80.8,84.8,75.6,68.7
ED-0082,286,04:46,65.3,71.7,95.5,72.5,62.0,72.4,77.7,70.3,80.8,86.4,75.7,69.1
ED-0082,287,04:47,66.0,71.6,94.9,73.0,64.1,73.6,80.2,70.5,82.4,87.5,77.1,70.8
ED-0082,288,04:48,68.0,73.0,95.8,72.8,64.4,73.4,79.3,71.0,82.0,87.0,77.0,71.2
ED-0082,289,04:49,66.7,72.5,95.5,74.4,65.2,74.7,81.1,71.9,82.8,87.8,78.1,71.2
ED-0082,290,04:50,66.8,72.5,96.9,74.7,64.9,74.4,81.4,72.0,84.4,87.3,78.1,72.3
ED-0082,291,04:51,68.7,74.4,95.9,74.2,65.9,74.6,81.3,73.3,84.2,88.7,78.5,72.6
ED-0082,292,04:52,68.6,74.1,96.7,74.5,66.6,75.4,81.8,73.7,85.4,89.6,78.7,73.2
ED-0082,293,04:53,68.9,75.7,96.2,75.6,67.4,76.3,82.2,73.0,85.4,89.1,79.5,73.6
ED-0082,294,04:54,69.8,75.3,99.1,75.5,67.1,77.1,83.1,74.2,84.9,90.2,79.7,74.7
ED-0082,295,04:55,70.6,76.9,98.2,76.3,68.8,77.8,83.6,75.3,85.8,89.7,80.0,74.5
ED-0082,296,04:56,71.3,76.0,98.8,76.1,68.9,77.4,84.6,74.4,87.2,91.1,80.9,74.2
ED-0082,297,04:57,71.1,77.1,98.9,77.1,69.5,78.2,84.5,75.5,87.2,89.6,81.6,76.1
ED-0082,298,04:58,71.1,77.1,99.1,77.5,69.7,79.2,85.2,75.4,87.1,91.5,82.2,76.2
ED-0082,299,04:59,72.4,77.8,100.1,78.8,70.5,80.2,86.0,77.0,88.1,91.3,82.1,75.5
ED-0082,300,05:00,72.6,77.9,100.0,78.2,71.2,79.1,85.2,76.8,88.6,91.8,82.4,77.2
ED-0082,301,05:01,72.9,77.8,100.7,78.3,71.6,79.8,86.5,77.5,88.2,93.0,83.2,77.7
ED-0082,302,05:02,73.2,78.4,101.3,79.3,71.7,80.6,87.9,78.2,89.5,92.6,82.9,78.3
ED-0082,303,05:03,74.9,78.8,102.5,80.9,72.1,81.3,87.6,78.8,88.7,93.6,83.1,80.3
ED-0082,304,05:04,73.5,80.0,101.5,79.9,73.0,81.7,88.0,78.8,90.1,93.3,84.1,79.6
ED-0082,305,05:05,75.7,79.7,102.5,80.5,72.3,82.2,89.5,79.4,90.4,94.0,85.5,79.3
ED-0082,306,05:06,75.3,80.8,102.6,80.8,73.3,83.4,89.1,79.1,90.4,94.0,85.3,80.2
ED-0082,307,05:07,75.6,80.4,104.4,81.0,73.8,83.1,90.0,80.1,91.3,94.5,86.6,80.9
ED-0082,308,05:08,75.4,81.5,104.0,81.2,75.5,83.1,90.0,80.6,90.8,94.5,86.5,81.4
ED-0082,309,05:09,76.0,81.1,103.8,81.4,75.6,84.3,90.7,81.8,91.0,95.6,86.8,80.9
ED-0082,310,05:10,77.1,82.7,104.3,82.2,74.3,86.1,91.3,81.8,92.5,95.6,87.2,82.3
ED-0082,311,05:11,77.3,82.9,104.9,82.6,76.7,85.0,91.8,82.0,92.6,96.3,87.6,83.5
ED-0082,312,05:12,77.7,82.5,105.0,82.5,76.6,86.4,92.2,82.5,93.8,95.7,87.2,84.2
ED-0082,313,05:13,77.9,83.6,105.5,82.9,77.6,85.2,92.4,82.8,93.2,95.7,89.1,84.0
ED-0082,314,05:14,78.7,82.9,106.0,83.8,78.1,87.1,92.9,84.0,93.3,95.5,87.8,84.7
ED-0082,315,05:15,79.6,83.9,106.4,83.0,77.7,88.5,93.9,84.4,94.5,96.9,89.3,84.8
ED-0082,316,05:16,80.1,84.2,105.4,84.1,78.5,88.1,94.6,85.5,95.0,97.0,89.4,85.5
ED-0082,317,05:17,79.0,84.8,106.8,84.2,79.7,88.6,95.4,84.3,95.3,98.2,90.4,85.6
ED-0082,318,05:18,80.2,84.1,106.1,84.0,80.7,89.8,95.1,86.0,96.0,98.9,89.9,86.0
ED-0082,319,05:19,79.6,85.2,107.3,85.0,79.9,90.3,96.4,85.6,96.8,98.3,90.9,85.7
ED-0082,320,05:20,81.0,85.1,106.9,86.1,80.1,90.6,96.9,86.4,96.8,99.1,91.3,87.2
ED-0082,321,05:21,82.2,85.6,108.2,86.8,80.9,91.1,96.8,86.3,96.6,99.1,92.0,87.7
ED-0082,322,05:22,82.6,86.0,106.9,86.2,81.9,92.6,96.7,86.4,96.9,99.7,91.6,88.1
ED-0082,323,05:23,82.0,86.8,108.5,86.9,82.7,92.0,98.3,86.9,97.0,99.3,92.4,88.0
ED-0082,324,05:24,82.7,87.2,108.4,87.5,83.3,92.5,99.2,88.4,98.2,99.9,91.7,88.9
ED-0082,325,05:25,82.9,88.0,110.3,87.2,83.6,92.6,99.5,86.8,97.3,100.4,93.5,89.0
ED-0082,326,05:26,83.6,87.3,110.0,87.6,83.7,94.0,99.7,88.7,97.0,100.1,92.7,90.2
ED-0082,327,05:27,83.7,87.5,110.3,86.9,84.5,93.4,100.2,89.0,100.0,100.8,93.9,89.9
ED-0082,328,05:28,84.2,87.8,109.7,87.9,84.4,94.2,100.4,89.7,99.4,101.3,93.4,90.9
ED-0082,329,05:29,83.8,88.5,110.0,88.4,85.5,94.4,101.4,89.5,99.1,100.1,93.9,90.7
ED-0082,330,05:30,84.5,89.0,110.6,88.9,84.8,95.9,101.8,89.6,99.5,101.4,94.6,91.1
ED-0082,331,05:31,84.0,89.0,110.0,89.2,85.8,95.3,102.6,90.7,100.4,100.7,94.3,91.4
ED-0082,332,05:32,85.6,89.2,111.4,89.1,86.4,97.0,103.0,91.4,99.9,100.8,95.5,92.8
ED-0082,333,05:33,85.1,88.9,111.3,88.7,87.1,97.4,102.3,91.8,100.4,102.1,95.5,92.5
ED-0082,334,05:34,86.6,90.6,111.8,88.9,86.0,97.2,102.6,91.6,101.1,101.4,95.1,92.6
ED-0082,335,05:35,86.4,90.5,111.9,89.6,87.3,97.8,103.6,92.8,100.8,101.6,95.7,92.8
ED-0082,336,05:36,86.6,90.5,112.5,89.9,87.8,99.3,104.1,93.4,101.0,102.3,96.8,93.4
ED-0082,337,05:37,88.3,90.7,112.4,90.5,87.9,99.4,105.5,93.0,100.8,103.2,96.2,94.4
ED-0082,338,05:38,87.3,90.3,112.5,89.4,88.3,101.0,105.3,92.2,101.9,103.3,97.3,95.1
ED-0082,339,05:39,88.1,92.2,113.1,91.4,87.7,99.6,105.1,93.7,102.2,103.1,98.1,93.8
ED-0082,340,05:40,88.6,90.2,112.4,90.9,89.5,101.8,106.2,94.0,101.9,103.2,96.9,94.6
ED-0082,341,05:41,88.4,91.9,112.7,91.5,89.6,100.5,106.0,94.1,102.4,103.8,97.4,95.1
ED-0082,342,05:42,89.3,92.5,113.9,91.5,90.1,101.0,107.1,94.3,102.5,104.0,97.5,96.2
ED-0082,343,05:43,88.2,91.5,114.1,91.6,91.0,101.7,108.0,95.6,103.3,103.9,98.4,96.4
ED-0082,344,05:44,89.1,92.8,113.1,91.7,91.2,102.4,107.5,95.1,103.3,104.2,98.8,96.8
ED-0082,345,05:45,89.9,92.0,113.6,92.2,91.3,102.8,108.1,95.5,103.6,104.5,98.8,96.5
ED-0082,346,05:46,89.6,92.2,114.7,92.2,92.1,103.1,109.2,96.1,103.9,104.8,98.9,97.7
ED-0082,347,05:47,89.6,93.6,113.8,92.4,92.1,104.1,109.2,96.2,104.0,104.4,98.8,97.8
ED-0082,348,05:48,90.7,93.5,115.6,92.5,92.2,103.8,109.5,95.9,104.3,105.6,99.5,98.2
ED-0082,349,05:49,90.8,94.5,114.5,92.8,93.8,104.7,110.6,97.5,103.6,105.1,99.7,98.4
ED-0082,350,05:50,90.3,93.6,115.1,93.0,93.7,104.7,109.4,96.9,104.2,104.8,100.9,98.4
ED-0082,351,05:51,91.1,93.2,115.3,93.5,93.0,105.6,110.0,97.3,106.0,104.9,100.4,98.4
ED-0082,352,05:52,90.4,94.9,116.2,94.4,93.8,105.7,111.0,98.2,105.6,105.5,100.3,98.5
ED-0082,353,05:53,92.2,93.8,115.0,93.3,94.1,106.2,111.9,98.7,105.5,106.0,99.6,100.3
ED-0082,354,05:54,91.6,94.1,116.0,93.5,92.8,106.3,111.8,98.8,105.6,106.7,100.9,99.6
ED-0082,355,05:55,92.6,94.9,114.6,94.3,94.8,106.2,111.6,98.6,105.8,106.5,100.8,100.4
ED-0082,356,05:56,92.4,94.0,116.9,94.6,94.6,106.8,112.9,99.4,106.2,106.5,101.2,99.6
ED-0082,357,05:57,92.9,94.5,115.8,94.0,95.8,107.8,112.1,99.7,106.5,106.3,100.4,100.8
ED-0082,358,05:58,93.2,94.9,117.0,94.1,96.4,107.9,113.4,99.8,106.1,106.1,101.0,100.6
ED-0082,359,05:59,92.9,95.3,116.3,94.2,95.5,107.9,113.9,99.6,107.3,106.6,100.8,100.9
ED-0082,360,06:00,93.3,96.1,116.3,94.5,95.9,108.4,113.6,99.4,106.7,106.8,101.4,101.1
ED-0082,361,06:01,94.2,95.2,117.0,94.1,96.5,108.0,114.5,101.1,107.3,107.7,102.4,101.6
ED-0082,362,06:02,92.4,96.0,117.2,95.7,97.0,109.3,114.1,100.3,107.0,106.9,102.5,101.9
ED-0082,363,06:03,94.5,94.9,116.4,94.9,97.9,109.8,115.5,100.1,107.1,106.9,103.7,101.5
ED-0082,364,06:04,94.0,96.3,117.0,95.4,97.4,110.3,115.4,101.7,107.7,107.1,102.3,101.7
ED-0082,365,06:05,94.3,95.7,118.3,96.0,97.6,110.4,116.1,101.9,107.9,108.2,102.2,102.3
ED-0082,366,06:06,93.6,95.9,117.4,96.5,97.1,110.1,115.4,100.5,107.6,107.4,102.6,102.8
ED-0082,367,06:07,94.5,96.3,117.3,96.6,98.6,111.5,115.8,102.4,107.0,107.9,102.9,103.9
ED-0082,368,06:08,94.7,97.4,117.7,96.0,98.6,110.6,115.8,102.3,108.0,107.4,104.2,104.1
ED-0082,369,06:09,95.1,96.3,117.6,95.6,98.9,111.8,115.6,102.5,107.7,107.1,103.2,103.2
ED-0082,370,06:10,96.0,97.3,117.7,95.7,99.7,111.2,116.7,102.4,108.9,107.1,104.4,104.1
ED-0082,371,06:11,95.9,97.2,117.9,96.5,100.1,112.2,117.4,103.0,107.7,108.5,103.7,104.1
ED-0082,372,06:12,95.6,97.4,119.3,96.8,99.8,111.6,117.2,103.1,108.3,109.0,103.1,104.1
ED-0082,373,06:13,95.6,97.3,119.1,96.5,99.6,112.7,117.7,103.4,108.6,108.5,103.5,103.1
ED-0082,374,06:14,96.5,96.3,119.0,97.1,99.4,112.5,118.1,104.2,108.8,107.8,103.4,104.4
ED-0082,375,06:15,96.6,97.3,118.6,96.9,101.2,113.4,118.6,103.6,109.1,109.3,103.8,103.6
ED-0082,376,06:16,96.4,98.1,118.7,96.4,101.0,112.6,118.0,103.9,109.6,107.9,105.4,104.8
ED-0082,377,06:17,96.2,98.0,118.9,97.4,101.2,114.1,118.5,103.5,109.4,108.0,104.6,105.4
ED-0082,378,06:18,96.2,98.9,119.0,96.2,100.5,114.0,118.5,104.3,109.7,109.1,104.4,105.6
ED-0082,379,06:19,97.5,97.8,119.3,97.5,101.2,113.8,118.8,104.0,109.4,108.6,104.8,105.4
ED-0082,380,06:20,96.7,98.0,118.9,98.0,101.5,114.2,119.5,105.2,110.1,109.5,104.5,106.7
ED-0082,381,06:21,97.2,98.9,119.0,97.6,101.8,115.5,120.2,104.4,108.9,110.0,105.6,105.8
ED-0082,382,06:22,97.6,98.3,119.7,97.4,101.8,115.3,120.4,105.1,110.8,109.6,104.6,105.5
ED-0082,383,06:23,97.3,98.8,119.5,97.7,102.6,114.8,120.3,106.1,109.8,109.2,106.3,107.0
ED-0082,384,06:24,97.7,98.5,118.8,97.8,103.2,115.6,119.8,104.4,110.4,109.1,106.0,106.5
ED-0082,385,06:25,97.8,97.9,119.6,97.9,102.7,115.5,120.5,105.4,110.8,108.8,105.5,106.5
ED-0082,386,06:26,98.3,99.6,119.8,98.8,102.4,115.9,120.7,105.0,110.4,109.5,105.8,106.3
ED-0082,387,06:27,98.4,98.6,119.9,97.8,102.3,115.9,122.0,106.2,110.3,109.7,106.3,106.3
ED-0082,388,06:28,98.6,99.0,119.6,97.2,103.1,116.4,121.0,105.5,110.7,109.6,105.2,107.1
ED-0082,389,06:29,98.9,99.2,120.1,97.2,102.8,116.1,121.2,105.7,110.6,109.6,106.8,107.0
ED-0082,390,06:30,97.4,98.7,120.7,98.4,103.3,116.6,122.5,105.4,110.9,109.3,107.2,107.1
ED-0082,391,06:31,98.3,99.0,119.4,97.7,104.5,116.1,121.5,106.4,111.3,110.3,106.1,106.4
ED-0082,392,06:32,97.3,99.7,120.8,98.8,103.6,115.9,122.2,106.6,110.4,110.4,106.4,107.7
ED-0082,393,06:33,98.8,100.0,120.0,98.7,104.6,116.7,122.5,107.6,111.4,110.0,105.8,107.4
ED-0082,394,06:34,99.1,98.7,121.0,98.9,105.1,118.1,121.7,105.8,110.9,110.3,106.6,107.9
ED-0082,395,06:35,98.7,99.3,120.2,97.5,104.8,117.3,122.6,106.8,110.8,109.8,106.6,106.3
ED-0082,396,06:36,99.5,99.4,120.8,98.9,104.0,117.9,122.2,106.6,110.8,110.1,106.2,107.0
ED-0082,397,06:37,100.1,99.7,121.1,99.1,103.9,118.0,122.2,107.3,111.0,109.6,106.2,107.8
ED-0082,398,06:38,99.6,99.3,120.4,98.4,104.9,117.7,123.1,106.7,111.5,110.7,107.2,108.5
ED-0082,399,06:39,99.5,99.5,120.9,98.3,104.3,118.2,124.1,107.7,111.5,110.6,107.5,108.3
ED-0082,400,06:40,99.7,99.5,120.0,99.3,105.8,119.6,122.9,107.6,111.6,110.3,106.9,108.9
ED-0082,401,06:41,99.1,100.5,121.0,99.7,105.0,118.7,122.7,108.1,111.7,109.9,106.9,108.6
ED-0082,402,06:42,98.8,100.1,120.6,98.5,105.2,118.7,123.1,107.6,111.9,110.1,107.0,108.7
ED-0082,403,06:43,100.0,101.0,120.2,98.1,105.8,120.1,123.0,108.2,111.8,110.8,107.2,108.6
ED-0082,404,06:44,100.0,100.2,121.0,99.4,105.7,119.1,124.3,108.6,111.9,110.2,107.6,108.9
ED-0082,405,06:45,100.4,100.3,121.0,99.6,105.6,118.7,123.0,108.3,112.3,111.3,107.4,108.0
ED-0082,406,06:46,99.9,100.8,120.8,98.9,105.6,120.2,123.9,107.8,112.1,110.8,106.5,109.9
ED-0082,407,06:47,99.9,99.5,121.3,98.5,105.9,120.2,123.8,107.4,110.6,111.7,108.3,108.8
ED-0082,408,06:48,100.9,99.0,121.4,100.0,106.7,119.2,125.1,108.8,112.0,111.0,107.1,109.9
ED-0082,409,06:49,101.0,101.2,121.6,100.2,106.3,120.1,124.6,108.1,112.3,110.5,107.7,109.4
ED-0082,410,06:50,99.9,100.4,120.9,99.9,105.8,120.8,125.4,108.9,112.3,111.1,107.1,109.4
ED-0082,411,06:51,100.2,101.5,122.2,99.9,106.5,120.3,123.9,108.9,111.9,111.8,107.1,110.4
ED-0082,412,06:52,100.6,100.9,121.8,99.9,106.9,120.2,124.0,108.9,112.8,112.4,107.5,109.8
ED-0082,413,06:53,99.5,100.6,121.7,99.0,106.4,120.9,125.4,107.7,112.5,111.3,107.7,109.2
ED-0082,414,06:54,100.7,101.2,121.2,99.4,107.3,120.4,124.3,108.1,111.9,111.2,107.8,109.7
ED-0082,415,06:55,100.8,101.1,121.2,99.0,107.0,120.7,125.5,110.2,112.5,111.1,108.3,109.6
ED-0082,416,06:56,100.6,100.1,121.5,100.3,106.7,120.8,125.2,108.9,112.0,111.3,108.5,109.8
ED-0082,417,06:57,100.9,101.0,121.7,99.7,106.7,119.6,125.9,108.9,111.8,111.4,107.9,109.6
ED-0082,418,06:58,101.1,100.5,122.3,99.0,107.4,121.8,125.4,110.0,113.0,111.3,108.3,109.4
ED-0082,419,06:59,101.4,101.0,121.5,100.4,107.8,121.8,125.8,110.1,112.3,111.0,108.9,109.7
ED-0082,420,07:00,100.7,101.5,122.2,99.7,107.1,121.4,124.9,109.7,112.5,111.4,108.6,110.9
ED-0082,421,07:01,100.9,101.6,121.1,99.1,107.9,122.5,126.2,109.4,112.6,112.2,107.7,109.9
ED-0082,422,07:02,101.3,100.9,120.8,99.9,107.5,120.6,125.9,109.1,113.0,111.4,108.5,110.9
ED-0082,423,07:03,100.9,101.2,123.1,99.9,106.8,121.9,126.1,109.8,112.1,111.7,107.6,110.0
ED-0082,424,07:04,101.9,101.2,122.0,99.3,107.4,122.0,126.4,110.1,111.9,111.3,108.2,111.2
ED-0082,425,07:05,101.4,101.5,121.8,99.5,108.0,122.6,126.0,109.2,112.7,111.7,108.4,110.7
ED-0082,426,07:06,101.6,101.0,121.4,100.1,107.8,122.2,126.6,109.2,113.7,111.5,109.0,110.6
ED-0082,427,07:07,101.5,102.2,121.7,100.0,108.2,121.6,126.7,110.9,112.4,111.5,108.5,109.5
ED-0082,428,07:08,101.9,102.2,122.5,99.6,108.5,122.4,125.8,110.5,113.3,111.3,107.1,111.2
ED-0082,429,07:09,101.6,101.2,121.1,99.8,108.6,122.6,126.2,110.5,113.2,112.3,108.2,111.2
ED-0082,430,07:10,102.1,101.6,121.4,101.3,108.6,122.5,126.8,109.2,111.9,111.7,108.8,110.6
ED-0082,431,07:11,101.8,101.5,121.6,100.8,108.6,122.4,126.2,111.2,113.9,111.3,108.8,110.8
ED-0082,432,07:12,101.9,101.1,121.6,100.5,108.1,122.5,126.6,110.7,113.8,111.8,108.6,110.4
ED-0082,433,07:13,101.1,100.8,123.0,101.2,108.0,122.6,127.4,110.5,112.9,112.3,108.7,110.6
ED-0082,434,07:14,102.0,101.2,121.8,100.7,107.9,122.8,126.8,110.5,113.2,111.4,108.7,110.8
ED-0082,435,07:15,102.0,101.9,122.7,99.6,108.6,122.8,127.0,110.5,113.6,112.4,109.2,111.3
ED-0082,436,07:16,102.6,101.7,122.5,100.0,108.1,122.3,127.2,110.3,113.3,112.8,107.9,111.5
ED-0082,437,07:17,102.6,101.3,121.9,100.9,108.1,122.2,127.5,111.2,114.0,112.4,108.5,111.9
ED-0082,438,07:18,101.6,102.4,121.1,101.3,108.4,123.7,127.0,111.0,113.5,112.0,108.4,111.2
ED-0082,439,07:19,101.9,101.7,122.6,100.1,109.5,123.3,127.3,111.2,113.6,113.0,109.4,110.1
ED-0082,440,07:20,102.1,102.7,122.6,100.7,108.6,123.5,126.5,111.1,113.0,112.0,109.6,110.2
ED-0082,441,07:21,102.9,101.3,122.7,100.4,109.0,123.2,126.7,110.3,112.6,112.0,109.6,111.7
ED-0082,442,07:22,102.5,101.1,121.8,100.7,108.2,122.1,127.3,110.8,113.0,111.7,109.5,111.2
ED-0082,443,07:23,102.4,101.5,122.6,100.3,109.3,124.1,127.5,111.3,112.7,112.5,109.0,111.3
ED-0082,444,07:24,101.5,102.2,123.1,100.9,109.1,124.1,127.5,110.1,113.3,111.8,109.3,110.9
ED-0082,445,07:25,102.2,102.0,122.4,100.2,109.4,123.0,127.6,110.5,114.1,112.4,109.2,110.8
ED-0082,446,07:26,101.8,101.8,122.5,100.5,108.9,123.7,127.0,111.7,113.6,112.3,109.2,111.3
ED-0082,447,07:27,101.9,102.0,122.5,100.3,109.2,123.0,128.1,111.0,113.4,111.5,109.3,112.1
ED-0082,448,07:28,101.8,102.6,122.3,100.3,108.2,123.1,127.3,111.1,113.5,112.1,109.3,112.5
ED-0082,449,07:29,102.1,101.2,122.6,101.4,108.1,123.4,128.1,111.9,114.3,112.4,109.1,112.4
ED-0082,450,07:30,102.6,102.4,123.3,101.0,109.0,123.7,128.2,110.9,114.2,112.7,109.1,111.5
ED-0082,451,07:31,102.8,101.7,121.7,101.1,108.4,124.2,127.4,111.6,113.1,112.2,109.2,111.4
ED-0082,452,07:32,102.6,101.9,122.5,100.7,110.0,124.5,128.4,111.3,114.3,112.1,109.1,112.0
ED-0082,453,07:33,101.9,101.4,122.1,100.4,109.2,125.2,128.8,111.2,114.3,112.2,108.8,112.4
ED-0082,454,07:34,102.2,102.0,123.1,101.3,108.4,124.8,128.1,112.7,114.0,111.3,108.8,111.2
ED-0082,455,07:35,102.8,101.3,122.7,101.1,109.6,124.4,127.7,112.3,114.3,112.0,109.9,112.0
ED-0082,456,07:36,103.2,101.4,122.7,100.3,109.3,125.1,128.5,111.1,113.3,112.6,109.2,111.6
ED-0082,457,07:37,101.2,103.1,123.1,100.3,109.3,124.3,128.4,111.5,114.1,112.3,109.2,111.9
ED-0082,458,07:38,101.8,103.6,123.4,100.8,109.5,124.8,127.9,111.0,114.4,111.8,109.5,112.0
ED-0082,459,07:39,102.7,102.5,122.6,101.4,109.4,124.2,129.2,111.4,114.0,112.6,108.4,112.8
ED-0082,460,07:40,102.6,101.8,122.7,101.3,109.4,124.8,129.1,112.2,114.3,112.6,109.3,112.6
ED-0082,461,07:41,103.4,102.1,122.1,101.3,109.4,124.1,129.5,111.2,113.9,111.9,108.7,111.9
ED-0082,462,07:42,103.2,100.8,122.5,101.0,110.3,124.2,128.1,113.1,113.4,112.6,109.4,112.9
ED-0082,463,07:43,102.5,102.6,123.1,101.7,109.6,124.0,128.2,111.7,114.3,111.8,110.1,113.0
ED-0082,464,07:44,102.8,102.4,122.8,102.0,109.6,125.3,128.5,111.5,115.1,111.9,109.0,112.3
ED-0082,465,07:45,102.9,102.1,122.4,101.5,109.9,124.7,128.5,111.4,114.6,111.9,110.4,112.9
ED-0082,466,07:46,102.3,102.1,122.6,101.2,109.4,125.0,129.0,112.1,113.7,112.3,110.0,111.9
ED-0082,467,07:47,102.6,101.0,122.8,99.7,109.6,125.0,128.5,111.3,114.6,112.2,109.7,112.4
ED-0082,468,07:48,103.8,102.1,123.0,101.0,109.5,123.6,128.4,111.4,114.7,111.9,109.0,112.8
ED-0082,469,07:49,103.5,102.3,121.9,101.3,109.8,124.9,129.0,111.7,114.8,112.9,109.7,113.8
ED-0082,470,07:50,104.1,102.7,122.0,100.9,110.3,123.6,128.8,111.8,114.2,113.4,108.9,112.1
ED-0082,471,07:51,103.9,101.4,122.3,101.1,109.5,125.0,129.5,112.1,113.3,112.1,109.9,113.2
ED-0082,472,07:52,103.4,102.4,123.1,101.7,109.9,124.2,129.9,111.2,114.4,111.1,108.9,111.7
ED-0082,473,07:53,103.7,102.5,122.7,101.2,110.2,124.8,128.9,111.4,113.9,112.4,109.8,111.9
ED-0082,474,07:54,103.6,102.2,122.8,100.9,109.9,124.4,129.1,112.1,113.7,112.3,109.9,112.3
ED-0082,475,07:55,102.2,102.4,122.9,101.2,110.0,124.6,129.6,112.1,114.1,112.0,109.4,112.9
ED-0082,476,07:56,103.1,102.9,123.4,100.6,110.1,125.3,128.3,112.3,114.0,111.6,108.8,112.9
ED-0082,477,07:57,103.4,103.1,122.3,100.9,110.3,125.4,128.5,112.3,114.8,112.2,110.1,112.5
ED-0082,478,07:58,103.7,101.9,122.8,102.4,109.9,125.0,128.3,112.2,113.6,111.9,109.4,112.5
ED-0082,479,07:59,102.5,103.3,122.7,101.3,110.3,124.3,127.9,112.6,114.0,111.4,110.3,112.2
ED-0082,480,08:00,103.4,102.6,122.5,100.6,109.7,125.2,129.4,111.5,114.3,112.7,109.8,113.2
ED-0082,481,08:01,102.9,102.3,123.1,100.4,110.5,124.8,128.8,112.8,113.3,112.8,109.5,112.5
ED-0082,482,08:02,103.0,102.5,121.9,101.0,109.9,125.6,128.3,111.3,114.3,113.8,109.4,113.5
ED-0082,483,08:03,104.0,103.0,123.1,101.7,109.8,125.3,129.8,112.7,114.8,111.7,110.3,112.8
ED-0082,484,08:04,103.2,102.7,122.8,101.2,109.6,125.9,128.5,112.6,114.6,112.8,109.5,113.1
ED-0082,485,08:05,103.8,102.0,122.6,100.6,110.8,125.0,129.3,111.5,114.1,112.1,109.0,112.3
ED-0082,486,08:06,102.5,102.4,122.8,101.0,110.1,124.9,129.2,112.1,114.1,112.6,108.9,113.4
ED-0082,487,08:07,103.1,102.1,123.3,101.4,110.1,125.2,128.8,112.4,114.7,112.7,110.3,112.8
ED-0082,488,08:08,103.0,101.5,123.7,101.6,110.2,125.1,129.1,112.5,113.9,112.9,109.8,113.0
ED-0082,489,08:09,104.0,101.9,122.2,101.7,110.1,125.1,129.4,113.2,114.7,112.3,109.4,113.0
ED-0082,490,08:10,103.2,101.7,124.2,100.5,109.9,124.7,128.9,112.0,114.2,112.3,109.5,113.1
ED-0082,491,08:11,103.8,102.2,122.7,101.5,110.0,125.9,129.2,111.8,115.0,112.8,109.9,112.4
ED-0082,492,08:12,102.7,103.0,121.4,101.3,109.7,124.6,129.3,112.7,114.2,113.4,110.3,113.6
ED-0082,493,08:13,104.4,102.4,123.1,100.2,110.2,124.8,128.8,111.1,114.8,112.0,109.7,111.7
ED-0082,494,08:14,103.3,102.9,122.8,101.8,109.9,125.5,129.0,111.5,114.6,113.9,109.5,113.2
ED-0082,495,08:15,103.4,102.2,122.2,101.3,110.3,124.9,128.8,111.9,114.0,112.5,108.9,112.9
ED-0082,496,08:16,104.2,103.5,123.1,101.0,110.2,125.4,129.3,112.8,114.8,112.4,108.7,112.3
ED-0082,497,08:17,102.8,101.8,122.6,100.9,109.9,126.2,129.8,111.8,113.8,112.8,109.8,113.0
ED-0082,498,08:18,104.3,102.4,122.9,100.5,110.2,125.0,129.4,111.4,114.5,113.1,110.5,112.8
ED-0082,499,08:19,102.7,102.3,122.3,101.1,110.4,124.7,129.3,111.5,114.9,113.1,110.8,112.8
ED-0082,500,08:20,103.1,102.0,122.9,101.9,110.2,124.7,129.1,111.4,114.6,113.2,110.4,112.8
ED-0082,501,08:21,103.0,102.7,123.1,100.8,109.2,125.8,129.8,112.9,114.8,116.1,109.2,112.2
ED-0082,502,08:22,103.3,102.3,122.6,100.8,112.3,125.2,129.6,113.6,114.3,115.5,109.8,113.2
ED-0082,503,08:23,102.9,102.1,122.9,101.9,110.1,125.9,129.6,112.7,114.2,117.1,109.8,113.4
ED-0082,504,08:24,105.1,103.0,127.0,100.9,109.8,125.4,129.8,112.4,114.2,117.4,109.7,113.9
ED-0082,505,08:25,103.1,102.8,127.2,102.6,110.6,124.9,129.7,113.1,113.6,118.7,109.2,113.6
ED-0082,506,08:26,102.9,101.9,128.0,100.6,110.4,125.2,128.8,111.6,114.5,119.6,109.5,112.9
ED-0082,507,08:27,103.7,101.0,130.0,104.6,111.0,125.8,129.5,112.2,115.2,120.6,109.6,112.6
ED-0082,508,08:28,103.2,103.1,130.1,104.8,110.5,126.0,129.6,112.8,114.1,120.4,110.1,113.6
ED-0082,509,08:29,103.0,102.1,129.9,106.4,110.9,125.3,129.5,112.2,114.8,121.1,110.7,113.1
ED-0082,510,08:30,104.5,105.7,130.8,106.6,110.6,126.7,129.3,111.1,118.0,120.9,109.8,111.6
ED-0082,511,08:31,103.5,106.4,131.1,108.2,111.0,125.2,129.4,112.0,118.5,122.6,111.0,112.5
ED-0082,512,08:32,104.2,106.5,130.8,107.9,110.4,125.3,130.0,112.6,120.3,122.3,109.2,112.4
ED-0082,513,08:33,103.4,108.1,133.1,107.9,111.3,124.8,129.2,112.6,120.1,122.4,112.6,112.8
ED-0082,514,08:34,103.8,108.7,132.7,109.3,110.3,126.3,129.4,112.3,121.1,123.0,113.6,113.6
ED-0082,515,08:35,103.3,109.8,132.8,110.1,110.5,124.9,129.6,112.3,121.7,123.5,115.4,112.9
ED-0082,516,08:36,103.4,110.2,133.5,110.1,110.5,126.4,128.4,112.6,122.1,123.6,116.3,113.2
ED-0082,517,08:37,104.2,111.0,133.3,110.7,110.9,126.0,129.9,112.5,122.9,124.1,116.5,113.1
ED-0082,518,08:38,104.7,111.0,135.3,110.9,111.3,125.8,129.7,112.1,123.4,123.9,117.0,112.9
ED-0082,519,08:39,103.0,112.0,134.5,112.7,110.6,125.4,130.1,112.4,123.8,124.8,117.4,112.8
ED-0082,520,08:40,102.6,111.2,135.4,111.6,110.6,124.8,129.0,113.1,124.4,125.1,118.1,112.3
ED-0082,521,08:41,104.6,112.7,136.2,112.8,110.8,126.1,129.6,113.1,125.1,124.9,118.6,113.2
ED-0082,522,08:42,103.4,113.2,134.9,113.2,110.6,125.5,130.0,113.2,126.1,125.1,119.3,113.3
ED-0082,523,08:43,103.9,113.0,135.8,112.6,109.5,125.5,130.0,112.1,124.4,126.5,120.0,112.2
ED-0082,524,08:44,103.7,113.1,136.4,113.4,110.6,124.8,129.1,112.0,126.0,126.3,119.8,112.9
ED-0082,525,08:45,103.3,114.3,137.3,114.4,110.5,126.2,130.7,112.6,126.3,127.1,120.3,112.0
ED-0082,526,08:46,106.8,114.9,137.6,113.7,110.9,126.3,129.2,113.2,126.3,127.6,121.6,113.5
ED-0082,527,08:47,107.7,113.9,136.4,114.8,111.2,126.2,128.7,112.7,127.2,127.9,121.6,113.6
ED-0082,528,08:48,109.0,115.6,137.3,114.3,111.0,126.0,129.1,112.6,127.2,127.0,120.9,113.3
ED-0082,529,08:49,109.9,115.3,138.0,115.3,110.3,125.9,129.6,112.4,127.4,127.7,121.3,115.6
ED-0082,530,08:50,109.5,115.4,138.4,115.4,110.8,126.3,129.8,112.5,128.0,127.9,122.1,117.6
ED-0082,531,08:51,109.8,116.8,139.3,116.2,110.3,125.3,130.3,112.7,128.3,127.7,122.5,118.6
ED-0082,532,08:52,111.4,116.2,139.0,115.8,111.6,126.1,129.7,112.3,129.4,128.7,123.5,118.9
ED-0082,533,08:53,110.9,116.9,138.9,116.5,110.4,125.1,129.7,112.6,128.2,128.9,123.1,119.9
ED-0082,534,08:54,112.8,117.2,138.7,116.1,110.1,125.5,129.5,112.4,129.8,129.8,123.5,120.9
ED-0082,535,08:55,112.5,116.3,139.5,116.2,110.9,126.2,129.4,111.8,129.5,129.1,124.3,120.3
ED-0082,536,08:56,112.8,116.4,140.1,116.9,110.6,125.2,129.4,111.9,130.1,129.3,123.8,121.5
ED-0082,537,08:57,114.1,116.5,139.0,116.1,110.6,125.7,130.1,116.2,130.6,128.5,124.6,122.2
ED-0082,538,08:58,113.6,117.6,140.4,116.6,110.3,125.0,128.9,116.4,130.4,130.0,125.9,122.1
ED-0082,539,08:59,114.7,118.2,140.7,118.2,110.7,126.8,129.8,117.5,130.7,130.0,124.5,123.4
ED-0082,540,09:00,114.7,118.1,141.2,118.6,113.8,125.9,129.8,117.7,132.1,130.6,125.1,123.0
ED-0082,541,09:01,115.0,118.2,140.1,118.3,114.4,125.8,129.3,118.3,131.4,129.4,126.4,124.5
ED-0082,542,09:02,115.3,117.8,140.7,118.4,115.8,126.9,128.9,119.4,132.0,130.1,125.4,124.6
ED-0082,543,09:03,115.0,119.9,140.9,118.4,116.9,126.1,133.1,120.1,132.2,130.9,126.3,124.7
ED-0082,544,09:04,116.0,119.2,141.1,118.2,117.6,125.4,133.5,119.9,132.0,131.3,126.3,124.5
ED-0082,545,09:05,116.5,119.4,141.9,118.5,118.4,126.0,136.4,121.0,132.3,131.7,127.7,125.4
ED-0082,546,09:06,116.3,119.8,141.6,119.6,118.2,128.8,135.6,121.7,132.9,131.0,127.2,125.2
ED-0082,547,09:07,117.2,120.4,142.8,119.5,119.0,130.4,137.5,121.7,132.2,131.7,128.3,126.3
ED-0082,548,09:08,117.4,120.1,142.9,119.0,120.2,131.5,136.5,121.2,134.5,131.5,127.7,125.2
ED-0082,549,09:09,117.9,121.1,142.9,119.5,120.2,132.3,138.8,123.1,132.9,132.0,127.3,126.3
ED-0082,550,09:10,117.3,121.1,144.0,121.1,120.1,133.1,138.3,122.6,132.9,132.6,127.9,127.1
ED-0082,551,09:11,117.9,119.9,143.4,120.5,120.7,133.1,139.7,122.3,134.2,133.4,127.7,128.0
ED-0082,552,09:12,116.9,121.4,143.8,120.4,120.7,134.2,138.9,123.6,133.4,132.6,129.3,128.6
ED-0082,553,09:13,118.2,121.3,143.4,121.2,121.3,134.4,140.3,123.5,134.0,132.7,128.9,128.8
ED-0082,554,09:14,118.3,122.2,143.9,121.1,121.4,135.3,139.7,124.4,134.9,134.3,129.3,127.9
ED-0082,555,09:15,119.1,120.7,144.5,120.7,122.8,134.4,140.0,124.7,134.4,133.1,129.5,128.5
ED-0082,556,09:16,119.4,121.5,143.7,120.8,122.2,135.5,140.8,124.9,134.2,133.5,129.9,128.9
ED-0082,557,09:17,118.7,122.8,144.2,122.6,123.4,137.5,141.7,125.6,135.4,134.7,129.7,128.4
ED-0082,558,09:18,118.7,121.7,143.9,121.8,122.8,136.1,141.8,125.8,134.5,133.9,129.6,128.4
ED-0082,559,09:19,119.6,123.2,145.6,121.1,123.6,137.8,142.7,125.7,134.9,133.6,130.1,129.1
ED-0082,560,09:20,120.7,123.1,144.5,122.8,123.8,137.6,142.4,126.3,136.4,133.2,131.6,129.7
ED-0082,561,09:21,120.2,123.7,145.1,121.9,124.3,137.9,142.8,127.0,136.3,134.6,130.9,130.2
ED-0082,562,09:22,121.0,123.0,145.2,122.4,124.8,138.5,142.9,126.9,135.0,134.2,131.5,130.6
ED-0082,563,09:23,121.1,123.3,145.1,123.1,125.7,137.9,143.1,126.9,136.1,133.9,130.9,131.0
ED-0082,564,09:24,121.6,123.7,146.0,122.7,125.3,139.9,142.7,127.4,136.1,135.3,131.3,130.5
ED-0082,565,09:25,120.4,124.4,145.2,122.5,125.7,139.7,144.5,127.6,137.1,135.2,131.5,131.1
ED-0082,566,09:26,120.9,123.7,145.8,122.6,125.6,139.6,144.2,127.8,136.7,135.1,130.3,131.2
ED-0082,567,09:27,121.9,124.1,146.3,124.2,125.9,139.8,145.0,128.2,137.5,135.0,131.6,131.4
ED-0082,568,09:28,122.6,124.8,146.8,123.7,125.9,140.1,144.7,129.6,137.5,135.9,131.8,132.2
ED-0082,569,09:29,121.1,124.9,146.9,123.3,126.9,141.5,145.6,128.0,137.3,135.1,131.8,133.1
ED-0082,570,09:30,122.1,124.8,146.9,125.1,127.2,142.1,146.3,129.6,137.6,136.3,133.0,133.1
ED-0082,571,09:31,123.0,124.6,146.9,123.9,127.8,142.1,145.9,128.9,137.6,136.2,133.3,132.5
ED-0082,572,09:32,122.4,124.9,146.9,124.1,127.0,140.8,145.9,128.9,137.6,136.1,133.0,132.8
ED-0082,573,09:33,123.5,124.9,147.3,123.9,127.8,142.4,146.1,129.2,138.1,136.6,134.1,133.0
ED-0082,574,09:34,123.6,125.3,148.3,124.8,127.5,142.3,145.9,130.0,139.5,136.5,133.0,133.8
ED-0082,575,09:35,124.4,126.1,148.1,124.9,128.5,142.5,147.1,130.4,138.7,136.6,133.8,133.4
ED-0082,576,09:36,124.0,125.9,148.3,125.4,128.6,143.1,146.6,129.8,138.1,137.6,133.9,133.8
ED-0082,577,09:37,123.9,125.9,148.0,125.1,128.8,141.8,147.5,130.5,138.8,136.0,133.9,134.8
ED-0082,578,09:38,123.0,124.7,148.2,124.9,129.2,143.0,147.9,129.9,137.9,137.1,133.2,133.7
ED-0082,579,09:39,123.2,126.0,147.4,125.4,128.8,143.8,148.6,130.9,139.4,137.2,134.3,133.7
ED-0082,580,09:40,124.2,126.1,150.0,125.4,129.0,143.7,148.1,131.2,140.6,137.0,134.7,134.7
ED-0082,581,09:41,124.3,126.4,149.7,125.8,130.2,144.0,149.0,130.7,139.2,137.7,133.9,135.3
ED-0082,582,09:42,124.6,126.4,149.0,125.4,129.5,144.6,148.9,130.8,139.4,137.3,134.8,135.4
ED-0082,583,09:43,125.4,126.3,149.1,125.9,130.6,143.8,149.5,131.9,139.0,138.3,135.3,135.1
ED-0082,584,09:44,124.8,126.9,150.0,125.6,130.5,143.9,149.0,131.6,139.7,137.5,136.1,135.7
ED-0082,585,09:45,124.7,126.7,149.6,126.8,131.2,144.6,149.4,131.0,139.8,137.8,135.0,135.6
ED-0082,586,09:46,124.6,127.3,149.8,125.4,131.1,145.2,149.3,131.8,140.7,139.4,135.6,136.2
ED-0082,587,09:47,125.9,127.2,149.5,126.9,131.4,146.0,150.4,131.7,140.0,138.0,135.9,136.3
ED-0082,588,09:48,125.6,127.9,150.0,126.7,130.5,146.1,149.5,132.9,140.7,138.2,135.4,136.7
ED-0082,589,09:49,125.3,127.9,150.1,126.8,131.6,146.5,150.4,132.6,141.0,139.2,136.1,136.4
ED-0082,590,09:50,125.8,127.4,150.4,127.0,131.8,146.1,150.8,132.5,140.6,139.6,135.2,136.9
ED-0082,591,09:51,126.2,127.3,149.7,127.3,132.8,147.0,150.4,132.9,141.5,139.8,136.6,136.7
ED-0082,592,09:52,127.1,128.0,150.2,127.3,132.5,146.2,150.7,132.5,142.1,139.5,136.9,136.6
ED-0082,593,09:53,126.9,129.1,150.0,126.9,131.7,146.8,151.2,134.0,141.5,138.9,136.7,137.5
ED-0082,594,09:54,127.0,128.9,150.3,128.1,132.7,146.6,151.7,133.4,141.1,139.6,136.4,136.9
ED-0082,595,09:55,126.5,128.2,151.2,128.0,132.9,146.5,151.3,132.9,141.8,140.7,136.5,137.3
ED-0082,596,09:56,126.2,129.6,150.0,128.1,132.6,147.9,151.8,134.3,141.6,139.7,136.7,136.8
ED-0082,597,09:57,127.4,129.1,149.8,129.2,132.9,147.8,152.4,134.2,141.6,140.2,137.0,137.6
ED-0082,598,09:58,127.3,129.5,151.2,128.7,133.3,147.8,152.5,134.2,141.7,139.6,136.9,138.0
ED-0082,599,09:59,128.4,129.8,152.2,128.5,133.4,148.6,152.9,133.7,143.0,139.5,136.6,138.4
ED-0082,600,10:00,128.1,129.5,151.8,129.3,133.4,148.6,152.5,134.8,143.3,140.8,137.4,139.1
ED-0082,601,10:01,127.5,130.3,151.4,129.1,134.0,148.3,153.2,134.3,142.5,142.0,137.3,139.4
ED-0082,602,10:02,128.4,129.9,152.4,128.2,134.3,149.5,152.1,134.4,142.7,140.6,138.6,138.2
ED-0082,603,10:03,128.5,128.8,152.6,129.2,134.2,148.8,154.0,135.6,143.2,140.6,138.4,139.0
ED-0082,604,10:04,128.6,130.7,152.5,129.6,133.7,149.0,152.9,135.7,143.0,141.3,138.7,139.2
ED-0082,605,10:05,128.8,130.3,153.4,129.9,134.6,149.8,153.2,134.5,143.9,141.6,138.1,138.7
ED-0082,606,10:06,129.5,130.6,152.7,129.3,134.2,150.3,153.7,135.6,143.7,140.8,138.1,140.1
ED-0082,607,10:07,129.2,131.4,152.6,130.4,134.3,150.0,154.1,136.0,143.4,141.6,138.0,140.2
ED-0082,608,10:08,129.7,131.4,152.0,129.8,134.7,149.3,154.7,136.3,143.4,141.7,138.2,139.0
ED-0082,609,10:09,129.2,131.2,152.3,131.3,134.6,150.5,154.4,136.0,143.7,142.1,138.4,139.6
ED-0082,610,10:10,129.4,130.4,153.6,130.4,134.5,150.0,154.8,135.3,143.8,142.2,139.8,140.4
ED-0082,611,10:11,128.9,132.2,152.9,130.8,135.7,150.2,154.8,136.1,144.5,141.8,139.3,139.3
ED-0082,612,10:12,129.7,131.5,153.6,129.8,135.9,152.1,155.0,136.6,144.8,141.9,140.0,140.1
ED-0082,613,10:13,130.2,131.9,153.6,131.0,135.5,150.9,154.4,136.7,144.4,142.0,139.5,140.0
ED-0082,614,10:14,129.4,130.6,154.2,130.2,136.3,152.5,155.2,137.3,144.5,142.3,140.4,140.6
ED-0082,615,10:15,130.0,130.9,153.6,130.5,136.0,151.7,155.7,137.0,145.3,142.8,139.9,140.7
ED-0082,616,10:16,129.9,132.4,154.3,131.8,135.9,151.5,155.8,137.0,145.5,142.4,140.3,141.0
ED-0082,617,10:17,130.6,132.4,154.1,131.6,137.4,151.9,155.6,136.7,145.5,142.9,140.9,141.2
ED-0082,618,10:18,129.7,132.4,153.8,131.2,136.4,151.8,155.8,137.6,145.4,142.5,140.2,141.2
ED-0082,619,10:19,130.6,131.7,154.2,131.6,136.3,153.3,155.3,137.3,146.0,143.4,140.2,141.0
ED-0082,620,10:20,130.4,132.3,154.2,131.0,136.7,151.7,157.0,137.8,144.7,142.9,140.1,141.4
ED-0082,621,10:21,130.9,132.4,154.6,132.7,138.0,152.3,156.6,137.9,145.5,143.4,140.6,142.1
ED-0082,622,10:22,131.4,132.7,153.9,131.1,137.7,153.6,156.7,138.1,145.4,142.8,141.1,141.9
ED-0082,623,10:23,130.9,131.9,155.4,132.0,137.9,152.3,156.6,138.2,145.7,144.5,141.9,142.2
ED-0082,624,10:24,131.4,132.8,155.5,131.1,137.4,153.0,158.1,139.5,146.3,142.9,141.5,142.1
ED-0082,625,10:25,132.5,132.8,155.1,131.2,138.0,153.1,157.0,138.3,146.5,143.5,140.8,142.4
ED-0082,626,10:26,131.4,132.2,154.8,131.5,138.0,153.8,157.2,139.6,146.6,144.1,141.3,142.0
ED-0082,627,10:27,132.1,133.7,155.1,132.1,137.9,154.2,157.5,138.8,146.4,144.9,142.1,142.1
ED-0082,628,10:28,131.6,132.8,155.5,132.5,137.9,154.0,157.3,139.6,146.2,144.2,141.8,142.7
ED-0082,629,10:29,132.5,132.7,155.4,133.3,138.3,153.4,157.8,139.6,147.0,145.3,141.8,143.0
ED-0082,630,10:30,131.8,134.1,156.4,132.8,138.5,154.5,158.3,139.9,146.9,144.7,141.8,142.5
ED-0082,631,10:31,133.2,133.7,156.7,132.9,138.7,154.4,158.3,139.9,147.1,145.2,141.8,143.7
ED-0082,632,10:32,132.6,133.5,155.4,133.4,138.7,154.4,158.2,139.6,147.3,145.1,141.9,143.5
ED-0082,633,10:33,132.0,134.0,155.5,132.1,137.9,153.7,158.0,139.4,146.8,145.1,142.1,143.7
ED-0082,634,10:34,133.4,133.9,156.2,133.2,138.1,154.6,158.1,139.9,147.6,144.9,142.9,143.9
ED-0082,635,10:35,133.7,134.6,156.9,133.7,139.2,155.3,158.3,140.5,147.1,146.0,142.0,143.7
ED-0082,636,10:36,133.8,134.6,155.8,134.6,139.5,155.5,158.9,139.5,148.1,145.7,142.5,144.1
ED-0082,637,10:37,133.2,133.7,157.1,133.8,139.8,155.6,159.6,139.6,148.4,145.3,143.0,143.9
ED-0082,638,10:38,133.1,133.9,155.9,133.4,139.8,155.2,158.6,140.6,147.8,145.3,143.3,144.4
ED-0082,639,10:39,132.9,135.9,156.6,133.4,138.7,154.8,158.9,140.6,147.5,145.0,144.5,145.8
ED-0082,640,10:40,132.6,134.9,156.5,134.1,139.5,156.0,159.8,140.8,148.6,145.5,143.8,144.3
ED-0082,641,10:41,133.4,134.8,156.6,134.7,140.3,155.6,160.2,140.1,148.6,146.5,143.6,144.7
ED-0082,642,10:42,134.4,135.9,156.7,134.6,139.9,156.1,160.1,140.6,148.3,145.6,143.9,144.9
ED-0082,643,10:43,134.3,134.2,157.4,135.6,140.3,156.5,160.2,141.6,148.6,146.4,143.8,145.0
ED-0082,644,10:44,135.2,135.4,157.3,134.3,140.5,156.2,159.4,140.9,148.9,146.0,143.9,145.5
ED-0082,645,10:45,133.5,136.0,157.0,134.0,141.4,157.3,160.1,141.2,149.6,147.1,143.5,145.9
ED-0082,646,10:46,133.7,134.9,157.3,135.2,141.1,156.3,159.8,141.7,148.6,146.8,144.7,145.6
ED-0082,647,10:47,133.7,135.6,157.4,135.0,140.3,156.4,161.0,141.9,149.4,146.6,144.0,145.4
ED-0082,648,10:48,135.3,136.0,157.3,135.0,140.1,156.9,161.8,141.7,148.9,146.7,144.4,145.8
ED-0082,649,10:49,135.0,136.3,157.3,135.3,141.1,157.1,161.2,141.8,149.1,146.9,144.7,146.3
ED-0082,650,10:50,134.5,136.8,158.3,134.8,140.6,157.2,161.3,142.5,149.3,146.1,144.4,145.5
ED-0082,651,10:51,135.4,135.7,158.4,136.0,141.3,157.6,161.7,141.4,148.9,147.4,144.0,145.9
ED-0082,652,10:52,134.3,136.4,157.5,134.8,141.8,158.0,161.3,142.1,150.5,147.4,143.9,147.4
ED-0082,653,10:53,135.8,136.9,158.8,135.3,141.3,157.7,161.9,141.7,149.5,147.2,145.5,146.3
ED-0082,654,10:54,135.8,137.7,158.8,136.6,141.9,157.6,162.0,142.3,149.6,147.3,144.8,146.7
ED-0082,655,10:55,135.5,137.1,158.9,135.4,142.3,158.0,161.7,143.3,151.2,147.8,145.5,146.6
ED-0082,656,10:56,135.2,135.6,158.4,136.5,143.1,158.1,162.0,143.0,150.6,148.1,144.8,147.1
ED-0082,657,10:57,135.8,136.4,158.4,136.8,141.5,157.9,161.6,143.1,151.1,147.2,145.4,147.4
ED-0082,658,10:58,137.0,137.8,159.1,135.7,143.3,158.2,162.3,142.5,151.1,148.2,146.2,146.6
ED-0082,659,10:59,136.0,136.6,159.1,137.1,143.3,157.8,162.5,143.9,150.4,147.1,145.4,148.2
ED-0082,660,11:00,136.3,136.7,159.2,136.1,142.9,159.4,162.2,142.8,150.1,147.9,146.3,146.8
ED-0082,661,11:01,136.4,136.7,158.9,136.6,142.8,158.0,162.6,143.5,150.5,147.4,146.9,147.8
ED-0082,662,11:02,136.3,137.6,159.5,137.1,142.4,158.7,163.1,143.8,150.4,147.8,145.5,147.3
ED-0082,663,11:03,136.8,137.9,159.9,136.5,143.2,158.8,163.4,144.5,151.3,148.5,147.6,147.9
ED-0082,664,11:04,137.0,138.0,159.6,137.2,143.4,159.1,163.2,143.4,151.1,148.0,146.5,147.3
ED-0082,665,11:05,136.8,138.1,159.8,137.0,142.6,159.4,162.3,143.8,151.2,148.4,146.1,148.5
ED-0082,666,11:06,136.6,137.7,159.7,137.4,143.9,159.2,163.1,143.2,151.4,148.6,146.3,148.0
ED-0082,667,11:07,137.5,138.1,159.7,138.4,143.6,159.6,163.8,144.0,150.9,148.8,145.6,147.2
ED-0082,668,11:08,136.8,137.8,160.8,138.0,143.7,160.0,163.1,144.8,151.8,149.2,146.6,148.7
ED-0082,669,11:09,136.4,138.6,160.9,136.9,144.2,159.7,164.0,144.8,151.9,148.0,147.4,147.4
ED-0082,670,11:10,137.4,138.5,160.6,138.3,144.1,159.0,163.9,144.6,151.2,148.9,147.1,148.1
ED-0082,671,11:11,137.7,138.1,160.3,138.4,143.3,159.6,163.1,143.9,151.1,148.4,147.3,148.9
ED-0082,672,11:12,137.9,138.2,160.7,138.2,144.9,159.4,163.6,144.9,152.7,149.3,147.4,148.8
ED-0082,673,11:13,137.8,139.6,161.0,137.0,144.5,161.2,163.7,144.7,152.5,149.7,147.8,148.6
ED-0082,674,11:14,136.8,139.0,160.9,137.7,144.3,161.1,164.4,145.0,152.0,148.8,147.0,148.6
ED-0082,675,11:15,137.0,139.1,161.3,138.2,145.9,160.7,164.6,145.3,153.6,149.4,147.3,148.6
ED-0082,676,11:16,137.7,139.6,161.0,137.7,144.9,160.0,164.4,145.6,153.1,149.6,148.5,149.7
ED-0082,677,11:17,138.6,138.7,160.7,138.5,144.0,161.3,163.8,144.9,153.0,150.1,148.5,149.3
ED-0082,678,11:18,138.5,139.6,160.8,137.2,145.7,160.8,164.5,145.8,152.4,149.5,149.2,149.9
ED-0082,679,11:19,137.8,140.2,161.7,138.7,144.6,161.4,164.6,145.2,153.0,149.7,148.3,150.8
ED-0082,680,11:20,138.1,139.3,161.1,138.2,144.5,161.4,165.3,145.6,152.7,149.8,148.8,149.9
ED-0082,681,11:21,138.8,140.5,162.0,139.4,145.3,160.9,165.0,146.0,152.9,150.2,147.7,149.9
ED-0082,682,11:22,137.9,140.0,161.1,138.9,145.1,161.0,165.2,146.4,153.6,149.8,148.3,150.4
ED-0082,683,11:23,138.4,139.1,160.9,138.2,146.0,161.5,165.6,145.9,152.5,150.1,149.3,149.9
ED-0082,684,11:24,139.1,140.1,161.0,138.8,145.7,161.9,165.6,146.1,154.0,150.2,148.1,149.8
ED-0082,685,11:25,139.4,139.3,162.0,139.0,145.3,162.0,165.1,146.0,153.7,150.2,148.7,150.4
ED-0082,686,11:26,138.6,139.8,162.4,139.9,145.6,161.3,165.8,146.7,154.2,150.9,149.1,150.6
ED-0082,687,11:27,139.0,141.0,162.1,138.8,145.6,162.1,165.9,146.6,152.8,151.6,150.0,150.7
ED-0082,688,11:28,139.3,140.4,162.6,138.8,146.1,162.2,165.2,147.0,154.6,151.7,148.7,150.3
ED-0082,689,11:29,139.5,139.6,162.0,139.0,146.8,162.8,166.3,146.2,154.4,150.6,149.2,151.8
ED-0082,690,11:30,139.0,140.8,162.7,140.0,146.9,162.6,166.0,146.5,153.9,150.8,150.0,150.3
ED-0082,691,11:31,139.6,141.2,162.4,139.7,146.2,162.7,166.1,145.9,154.6,151.7,150.0,150.9
ED-0082,692,11:32,139.5,141.0,162.5,140.6,147.1,163.5,167.5,147.6,154.6,152.2,149.6,151.9
ED-0082,693,11:33,140.4,141.3,163.1,139.7,146.6,163.3,167.1,146.5,154.6,151.9,150.0,151.3
ED-0082,694,11:34,140.1,141.1,163.3,140.5,147.0,163.0,166.7,147.8,155.5,151.0,150.7,152.2
ED-0082,695,11:35,139.7,141.2,164.1,140.1,147.9,163.4,166.4,147.4,154.5,151.3,149.8,151.5
ED-0082,696,11:36,140.1,141.2,163.6,140.6,147.8,162.6,167.5,147.1,155.6,152.5,150.4,151.9
ED-0082,697,11:37,140.4,141.5,163.6,140.9,146.9,163.7,167.0,147.4,155.9,152.3,150.7,152.1
ED-0082,698,11:38,141.0,142.0,163.2,140.9,147.9,163.5,167.7,147.9,154.8,152.1,150.2,151.8
ED-0082,699,11:39,140.4,141.8,164.8,141.4,147.6,163.7,167.1,147.5,156.1,152.6,149.3,152.3
ED-0082,700,11:40,139.4,141.5,163.1,140.5,147.9,163.3,167.1,147.4,155.2,152.9,150.2,151.7
ED-0082,701,11:41,140.1,141.6,163.5,141.1,146.2,163.7,167.9,148.2,155.2,151.9,149.6,152.0
ED-0082,702,11:42,140.7,141.6,164.0,140.5,146.9,163.4,167.7,147.7,155.1,151.9,150.8,152.6
ED-0082,703,11:43,140.3,143.1,164.3,140.9,148.2,164.9,168.2,147.9,155.2,151.7,150.0,152.3
ED-0082,704,11:44,140.4,141.4,164.2,141.1,147.8,164.4,167.9,149.5,155.1,152.5,151.4,152.3
ED-0082,705,11:45,140.8,142.2,164.2,142.3,148.5,163.6,168.0,148.4,155.4,152.6,150.3,152.1
ED-0082,706,11:46,141.3,142.5,164.3,141.5,148.6,164.2,167.4,148.8,156.1,152.9,151.0,151.9
ED-0082,707,11:47,141.4,142.8,164.7,141.7,148.4,163.9,168.6,147.7,155.9,152.4,151.1,152.9
ED-0082,708,11:48,141.8,142.9,164.9,142.5,148.4,164.8,168.9,149.1,156.3,152.1,152.2,153.6
ED-0082,709,11:49,141.0,143.2,165.6,141.2,148.3,165.1,168.6,148.6,155.8,153.9,150.8,152.3
ED-0082,710,11:50,141.4,142.2,165.0,141.3,149.1,165.6,168.8,149.5,156.2,153.0,150.7,153.8
ED-0082,711,11:51,141.7,142.8,165.2,142.0,149.3,164.6,168.7,148.6,156.6,152.7,151.8,153.8
ED-0082,712,11:52,141.5,142.7,164.2,142.1,148.8,164.6,169.1,149.0,157.7,153.2,150.6,153.4
ED-0082,713,11:53,142.3,143.4,164.6,141.4,149.4,165.7,168.8,149.2,156.5,153.4,153.1,154.1
ED-0082,714,11:54,141.9,143.3,165.3,142.1,149.2,166.0,170.0,150.3,157.4,153.3,152.0,154.0
ED-0082,715,11:55,142.2,143.8,165.6,142.6,149.3,165.3,169.8,149.7,156.4,152.8,151.7,153.4
ED-0082,716,11:56,142.0,143.6,165.7,142.7,150.1,165.4,169.4,150.0,157.5,154.6,152.5,154.0
ED-0082,717,11:57,142.1,143.5,165.5,142.1,149.5,166.1,169.8,149.8,157.2,153.6,151.5,154.4
ED-0082,718,11:58,141.7,142.9,166.0,142.7,149.9,166.3,169.6,149.4,157.1,154.4,151.8,154.5
ED-0082,719,11:59,141.3,142.9,165.7,142.5,149.1,165.3,169.2,150.1,157.2,154.1,152.6,154.3
ED-0082,720,12:00,142.8,143.7,165.9,142.3,149.7,165.8,170.9,150.1,156.4,153.9,153.0,154.0
ED-0082,721,12:01,141.9,143.2,165.4,143.3,150.0,165.7,170.2,149.7,157.7,154.0,153.3,154.0
ED-0082,722,12:02,142.7,144.7,165.4,143.0,150.4,166.1,169.7,149.0,157.4,154.4,151.8,155.5
ED-0082,723,12:03,142.3,143.3,166.3,142.5,150.7,166.5,169.6,149.9,157.6,154.7,153.0,154.7
ED-0082,724,12:04,142.6,143.3,166.6,143.2,150.8,165.9,170.3,149.8,158.3,153.9,153.4,155.2
ED-0082,725,12:05,142.1,144.1,166.4,143.1,149.8,166.4,170.5,150.4,156.3,155.3,153.2,155.4
ED-0082,726,12:06,142.7,144.0,166.2,143.2,150.6,167.1,171.0,150.3,158.0,155.2,153.7,155.3
ED-0082,727,12:07,143.2,144.6,166.5,143.5,150.6,166.9,169.9,150.2,158.2,154.8,153.3,155.0
ED-0082,728,12:08,143.8,144.4,166.5,144.0,150.5,167.6,170.2,151.0,158.8,155.3,153.3,155.1
ED-0082,729,12:09,144.0,144.1,165.9,143.5,151.2,167.9,169.9,151.0,158.6,155.2,153.2,156.2
ED-0082,730,12:10,144.1,144.3,166.2,143.6,151.8,167.2,170.9,150.5,158.1,155.1,153.7,156.2
ED-0082,731,12:11,143.9,145.3,166.5,143.7,150.3,167.4,171.7,151.2,158.2,155.3,152.8,156.1
ED-0082,732,12:12,143.2,144.4,166.9,143.2,150.8,167.2,171.4,150.6,158.8,155.7,153.4,155.8
ED-0082,733,12:13,144.2,145.1,167.0,143.4,151.3,167.7,171.1,151.1,157.8,154.8,154.0,154.9
ED-0082,734,12:14,143.4,145.0,167.3,143.6,151.8,168.0,170.6,150.7,158.9,156.0,152.8,156.2
ED-0082,735,12:15,143.6,144.6,167.7,144.4,151.4,167.3,171.2,151.2,158.8,155.8,153.5,155.7
ED-0082,736,12:16,144.1,145.4,167.0,144.3,152.3,168.0,171.9,151.5,158.3,154.1,154.0,156.6
ED-0082,737,12:17,144.2,144.7,167.5,144.3,152.3,168.3,172.5,150.8,159.1,155.3,154.5,155.7
ED-0082,738,12:18,144.5,145.7,168.0,144.7,152.0,169.1,171.3,151.6,158.9,156.2,154.4,156.4
ED-0082,739,12:19,144.7,145.8,167.6,144.7,152.2,168.4,172.2,152.3,158.4,156.2,154.2,156.5
ED-0082,740,12:20,144.6,145.2,167.0,144.0,151.4,168.5,172.3,152.0,159.7,156.0,154.7,157.3
ED-0082,741,12:21,144.7,145.4,167.1,145.4,152.0,169.4,172.6,152.2,160.0,155.0,154.7,156.5
ED-0082,742,12:22,144.0,146.1,167.2,145.0,151.3,168.9,172.3,152.2,159.6,155.7,155.6,157.0
ED-0082,743,12:23,144.7,145.6,167.3,145.2,152.4,169.9,172.3,152.3,159.1,156.5,155.0,156.3
ED-0082,744,12:24,145.6,146.8,168.1,145.1,152.7,168.5,173.0,151.5,160.1,155.7,155.0,156.9
ED-0082,745,12:25,144.9,146.4,169.3,144.3,152.4,168.6,172.1,152.8,160.5,157.1,155.1,157.6
ED-0082,746,12:26,145.2,146.5,168.9,144.9,152.8,168.8,172.4,152.1,159.5,155.5,155.0,157.1
ED-0082,747,12:27,145.7,146.0,168.5,145.2,152.8,168.9,173.3,151.9,160.7,156.7,155.2,156.5
ED-0082,748,12:28,145.2,146.2,168.1,145.1,153.7,169.0,172.4,153.1,159.9,157.8,154.8,157.3
ED-0082,749,12:29,146.1,146.0,168.9,145.2,153.7,169.5,172.7,153.2,160.8,156.7,155.2,156.6
ED-0082,750,12:30,145.5,146.8,167.9,145.1,152.9,169.6,172.8,153.6,160.8,157.5,155.4,158.1
ED-0082,751,12:31,145.7,146.9,167.9,145.9,153.3,169.1,172.9,153.5,159.8,156.7,155.5,157.0
ED-0082,752,12:32,145.1,145.8,168.7,145.5,152.6,169.2,173.2,153.9,161.0,157.9,156.0,157.7
ED-0082,753,12:33,144.9,146.3,169.1,145.4,153.1,169.9,173.3,153.4,160.3,157.3,156.2,157.8
ED-0082,754,12:34,145.0,146.9,168.9,146.2,153.0,169.3,173.2,153.7,160.5,157.1,155.1,158.5
ED-0082,755,12:35,145.9,146.2,169.2,145.1,152.5,169.8,173.0,152.9,161.3,157.1,156.1,157.9
ED-0082,756,12:36,145.7,146.7,170.3,146.2,153.3,169.2,174.1,153.8,161.9,157.4,156.3,158.6
ED-0082,757,12:37,146.5,147.9,168.7,145.6,153.7,169.2,174.1,153.5,161.0,157.2,155.4,157.9
ED-0082,758,12:38,146.4,147.1,170.2,146.0,153.7,170.6,174.6,153.1,160.5,157.7,156.2,159.0
ED-0082,759,12:39,147.0,146.9,169.2,146.9,154.1,170.8,173.9,153.2,161.3,157.4,156.1,158.3
ED-0082,760,12:40,146.6,147.2,169.2,146.2,153.8,171.4,174.6,153.3,161.9,157.9,155.8,158.6
ED-0082,761,12:41,146.3,146.7,169.1,147.5,154.2,169.9,173.8,154.4,161.1,158.9,157.4,158.3
ED-0082,762,12:42,146.8,146.3,171.0,146.8,155.2,170.7,174.4,153.7,161.7,157.0,156.3,158.6
ED-0082,763,12:43,146.5,148.2,169.4,146.2,154.3,170.6,174.2,155.1,162.0,157.6,156.3,158.9
ED-0082,764,12:44,147.3,148.6,169.9,146.8,154.1,170.5,174.9,153.6,161.4,158.4,156.5,158.1
ED-0082,765,12:45,146.5,147.9,170.6,147.2,154.4,171.2,175.4,154.7,161.7,158.6,156.1,159.0
ED-0082,766,12:46,147.3,148.1,169.9,146.9,154.2,170.6,174.4,154.0,162.5,158.4,157.2,158.8
ED-0082,767,12:47,147.0,147.7,170.1,146.9,154.2,170.9,175.6,155.1,161.4,158.6,156.5,159.4
ED-0082,768,12:48,147.0,147.8,170.2,147.0,156.0,171.1,174.2,154.4,162.6,158.5,156.7,158.6
ED-0082,769,12:49,147.2,148.5,169.9,146.4,154.6,171.8,174.8,154.8,162.5,159.7,158.3,159.9
ED-0082,770,12:50,147.6,149.1,170.7,146.5,155.1,172.0,175.5,153.7,163.1,157.9,157.2,159.5
ED-0082,771,12:51,146.8,148.3,170.5,147.7,155.3,171.1,175.4,154.9,162.0,158.7,157.6,159.5
ED-0082,772,12:52,147.0,148.9,171.2,147.6,154.9,171.1,175.7,154.8,162.0,159.3,157.4,158.6
ED-0082,773,12:53,147.2,149.5,170.8,147.1,154.9,171.6,176.4,156.2,162.7,159.6,157.4,159.4
ED-0082,774,12:54,147.3,148.1,170.2,146.9,155.5,171.5,175.8,154.8,162.9,159.0,157.7,159.2
ED-0082,775,12:55,147.1,148.4,170.4,147.6,155.7,172.7,176.0,155.0,163.7,159.7,157.9,159.9
ED-0082,776,12:56,148.0,149.1,170.9,148.5,154.9,172.0,175.5,155.5,162.7,159.0,157.8,159.8
ED-0082,777,12:57,148.0,149.3,170.8,147.7,155.4,172.3,175.9,156.0,163.2,159.3,157.1,160.6
ED-0082,778,12:58,147.4,148.9,172.5,147.6,155.4,172.6,175.4,156.1,163.0,159.3,157.9,159.7
ED-0082,779,12:59,147.9,149.1,170.9,147.8,156.0,172.5,176.5,154.8,162.8,158.8,157.7,160.0
ED-0082,780,13:00,147.3,148.1,171.1,148.5,156.3,171.9,175.8,156.0,162.8,158.9,159.2,160.5
ED-0082,781,13:01,148.8,149.0,170.3,148.8,156.5,172.7,175.2,155.5,163.2,160.3,158.4,160.5
ED-0082,782,13:02,149.0,149.3,170.9,148.0,155.7,172.5,177.0,155.6,163.8,159.3,158.7,160.7
ED-0082,783,13:03,148.3,149.3,172.4,148.3,155.6,172.0,176.7,155.4,163.1,160.0,157.4,159.6
ED-0082,784,13:04,148.9,149.7,171.1,148.1,156.0,173.5,177.0,155.8,162.6,160.0,157.9,160.1
ED-0082,785,13:05,149.1,149.4,172.5,148.9,156.4,173.5,176.2,155.9,163.3,159.4,158.4,160.9
ED-0082,786,13:06,148.5,150.4,170.8,148.4,156.0,173.2,177.1,156.3,164.2,159.1,159.4,161.2
ED-0082,787,13:07,148.6,149.5,172.3,148.7,156.6,173.6,177.5,157.0,164.1,160.1,159.3,161.1
ED-0082,788,13:08,149.1,149.3,170.6,148.2,156.8,173.2,177.1,156.7,164.4,159.6,159.1,161.9
ED-0082,789,13:09,148.8,149.4,171.3,149.1,156.0,173.0,177.7,157.4,164.1,159.7,158.9,160.7
ED-0082,790,13:10,149.4,150.6,172.0,149.2,157.3,173.9,177.1,156.7,163.6,160.8,159.6,161.8
ED-0082,791,13:11,149.0,150.7,172.5,149.0,156.6,174.6,177.0,155.8,164.2,160.5,158.7,161.6
ED-0082,792,13:12,148.7,150.1,171.3,148.5,156.8,174.1,177.3,157.4,164.2,160.7,159.4,161.9
ED-0082,793,13:13,149.7,148.7,172.2,149.6,157.4,173.2,177.7,156.4,164.5,161.6,159.0,162.3
ED-0082,794,13:14,149.9,149.8,172.6,149.2,156.5,174.4,177.4,156.4,164.4,160.6,159.2,161.8
ED-0082,795,13:15,149.1,150.6,173.2,149.0,156.3,173.4,177.9,157.9,165.0,160.3,158.9,161.6
ED-0082,796,13:16,149.0,149.6,172.8,149.4,157.2,174.5,177.6,157.9,164.3,161.0,159.6,161.1
ED-0082,797,13:17,151.3,151.3,172.8,150.1,157.5,174.0,178.0,157.0,165.1,160.5,158.8,161.5
ED-0082,798,13:18,149.7,150.6,172.3,149.4,158.2,173.7,177.6,158.1,165.1,160.7,159.2,162.5
ED-0082,799,13:19,149.6,150.7,173.0,149.8,158.2,174.8,178.9,157.2,165.3,160.9,159.6,162.4
ED-0082,800,13:20,149.5,150.8,172.8,150.2,157.2,174.2,178.0,157.0,164.4,161.5,160.2,162.5
ED-0082,801,13:21,149.9,151.0,173.0,150.1,158.3,174.4,178.1,157.1,165.6,160.2,160.4,162.9
ED-0082,802,13:22,149.4,151.0,172.6,150.2,157.3,175.1,179.2,157.0,165.2,162.1,160.0,161.6
ED-0082,803,13:23,150.0,150.7,172.4,150.3,157.7,174.2,179.3,157.9,165.8,161.4,160.1,163.1
ED-0082,804,13:24,150.9,151.0,173.5,150.5,157.7,174.9,179.1,158.4,165.5,161.8,159.9,162.2
ED-0082,805,13:25,150.5,151.4,172.2,150.3,159.3,175.5,179.1,158.3,165.6,161.2,160.1,162.0
ED-0082,806,13:26,150.7,150.8,173.2,149.8,158.3,175.3,178.6,157.6,165.3,162.0,160.4,162.3
ED-0082,807,13:27,150.8,151.0,174.3,150.0,157.4,175.0,178.6,157.4,165.1,162.0,160.6,162.4
ED-0082,808,13:28,150.3,151.4,174.4,150.5,158.4,175.2,179.1,158.1,164.6,161.8,160.3,163.9
ED-0082,809,13:29,150.4,150.7,174.1,150.7,158.4,174.9,178.0,157.0,165.5,161.0,160.4,163.6
ED-0082,810,13:30,150.7,151.5,173.9,150.4,159.2,175.5,179.0,158.3,165.8,160.8,160.6,162.4
ED-0082,811,13:31,150.2,149.9,174.1,150.3,158.6,174.9,180.1,158.2,165.1,161.8,160.5,162.9
ED-0082,812,13:32,150.9,151.5,173.8,151.3,158.5,175.6,179.5,158.7,165.8,162.5,161.9,163.4
ED-0082,813,13:33,151.4,151.8,173.7,151.0,158.6,176.2,180.6,158.5,165.9,162.5,162.0,163.5
ED-0082,814,13:34,151.1,151.9,174.1,151.3,159.8,175.0,180.6,159.0,165.7,163.0,161.7,164.6
ED-0082,815,13:35,150.1,151.3,174.5,150.5,160.1,175.9,179.6,159.5,165.9,162.7,161.4,163.6
ED-0082,816,13:36,150.7,152.0,172.9,150.6,159.6,177.2,179.6,158.7,165.8,162.6,161.5,162.9
ED-0082,817,13:37,151.2,152.3,174.1,152.2,158.3,176.1,178.8,159.1,165.9,162.6,161.5,164.3
ED-0082,818,13:38,151.1,152.0,174.0,150.5,159.2,175.7,180.0,159.3,164.7,163.0,161.5,163.5
ED-0082,819,13:39,151.0,151.3,174.5,151.2,159.3,176.7,180.8,159.2,166.6,162.0,161.3,163.9
ED-0082,820,13:40,152.6,152.1,174.4,151.8,159.6,177.1,179.1,159.3,165.9,163.1,162.1,164.5
ED-0082,821,13:41,151.2,152.3,175.5,151.3,159.4,176.7,180.1,159.6,166.0,162.8,162.3,163.5
ED-0082,822,13:42,151.4,151.6,173.4,151.4,159.9,176.3,180.0,159.2,166.4,161.8,161.4,163.9
ED-0082,823,13:43,151.3,152.5,175.6,150.8,159.9,176.8,179.3,159.9,167.0,163.7,161.7,163.9
ED-0082,824,13:44,151.6,153.5,174.3,150.9,159.7,176.6,179.6,158.7,166.9,162.8,161.2,164.1
ED-0082,825,13:45,152.4,153.3,175.7,152.4,160.8,177.4,180.2,159.5,165.8,162.4,162.9,165.2
ED-0082,826,13:46,152.3,153.3,175.2,151.7,159.2,176.5,180.4,159.5,167.4,162.8,162.6,164.6
ED-0082,827,13:47,151.9,152.8,174.5,151.5,160.1,176.6,180.6,159.3,167.6,163.5,162.3,165.0
ED-0082,828,13:48,151.6,152.6,175.9,152.4,159.5,176.1,181.5,159.4,166.7,164.4,162.3,164.9
ED-0082,829,13:49,151.6,153.2,175.7,151.1,160.7,177.3,181.7,159.9,167.3,163.0,162.5,164.6
ED-0082,830,13:50,151.6,154.2,176.3,152.3,160.1,177.0,181.3,159.3,167.6,162.8,162.6,164.5
ED-0082,831,13:51,152.6,153.5,175.7,153.1,160.1,178.0,181.6,160.1,167.3,164.0,161.8,165.7
ED-0082,832,13:52,152.7,154.8,175.6,152.4,160.9,177.4,181.4,160.8,168.2,162.7,161.7,164.9
ED-0082,833,13:53,153.2,154.0,175.3,151.7,160.1,177.4,180.6,160.0,167.0,164.0,162.6,165.4
ED-0082,834,13:54,152.6,152.8,175.5,153.1,161.0,178.2,181.4,159.8,166.9,164.3,162.7,165.3
ED-0082,835,13:55,152.6,153.6,175.3,152.1,161.1,178.3,181.2,160.3,168.6,164.1,163.1,164.5
ED-0082,836,13:56,152.8,154.0,176.2,152.8,161.7,177.3,181.6,160.6,168.2,163.8,163.2,165.7
ED-0082,837,13:57,153.2,154.1,175.9,152.4,161.2,178.1,181.4,160.9,167.8,163.7,163.4,165.3
ED-0082,838,13:58,152.6,154.0,176.3,153.4,161.3,177.0,181.5,160.8,168.9,163.9,163.1,165.2
ED-0082,839,13:59,152.8,153.8,176.3,152.9,161.0,177.5,182.0,160.4,168.7,163.6,163.4,166.3
ED-0082,840,14:00,153.0,153.8,176.6,153.0,160.9,178.0,181.4,160.2,168.2,164.8,163.2,166.0
ED-0082,841,14:01,152.6,153.5,176.6,153.1,161.2,178.7,182.1,160.4,167.6,164.9,163.1,165.6
ED-0082,842,14:02,153.1,153.9,176.5,153.2,161.3,178.8,181.5,161.0,168.2,163.9,162.7,165.5
ED-0082,843,14:03,153.0,154.9,176.7,153.1,161.9,178.4,181.1,161.9,169.3,163.8,163.8,166.4
ED-0082,844,14:04,153.5,153.9,176.8,152.0,160.9,177.4,182.7,160.5,168.4,165.4,163.3,166.3
ED-0082,845,14:05,153.2,154.9,176.3,153.3,160.9,178.8,183.4,161.3,168.9,164.8,164.1,166.8
ED-0082,846,14:06,153.9,154.2,176.4,153.8,161.9,179.2,181.4,161.6,169.0,164.4,163.8,166.4
ED-0082,847,14:07,153.8,154.9,176.2,153.4,161.0,178.6,182.5,161.4,169.3,164.8,163.0,167.6
ED-0082,848,14:08,153.6,155.0,177.0,153.3,161.9,179.1,182.4,160.8,168.9,164.6,163.8,166.1
ED-0082,849,14:09,154.0,154.7,176.7,154.3,161.6,178.6,182.5,160.3,168.1,165.4,164.6,166.9
ED-0082,850,14:10,153.8,154.4,177.0,153.9,161.5,179.6,182.7,161.0,169.8,165.0,164.8,165.8
ED-0082,851,14:11,153.4,154.4,177.3,152.6,161.6,179.2,182.5,160.6,169.6,164.4,164.0,165.9
ED-0082,852,14:12,154.3,154.5,177.6,153.4,162.6,178.9,183.3,162.3,169.9,165.1,164.0,167.2
ED-0082,853,14:13,153.6,155.4,177.6,154.0,162.7,179.2,184.4,161.3,169.0,165.3,164.7,167.0
ED-0082,854,14:14,154.4,155.4,177.9,154.2,163.1,178.8,184.1,161.0,169.9,165.1,165.7,166.8
ED-0082,855,14:15,154.1,155.0,177.4,154.6,162.2,181.0,183.5,161.9,169.6,166.2,164.8,167.0
ED-0082,856,14:16,154.1,155.3,177.0,154.6,162.9,179.8,182.6,161.4,169.1,165.3,164.4,166.5
ED-0082,857,14:17,153.8,155.1,176.7,153.4,162.7,179.8,184.0,162.3,170.5,164.8,164.7,167.3
ED-0082,858,14:18,154.5,155.6,177.4,154.8,163.0,180.3,183.9,161.7,169.0,165.7,165.0,166.1
ED-0082,859,14:19,154.6,156.0,177.1,154.6,164.0,179.8,183.8,162.0,169.7,165.9,165.0,167.8
ED-0082,860,14:20,155.3,155.8,177.9,154.7,163.0,180.4,183.5,162.7,170.2,166.0,164.9,167.0
ED-0082,861,14:21,154.8,155.6,177.6,154.8,162.6,180.3,183.0,163.0,169.9,165.3,163.9,167.5
ED-0082,862,14:22,154.3,155.2,177.3,154.9,163.2,179.6,183.1,162.8,170.4,166.3,165.3,167.4
ED-0082,863,14:23,155.7,156.2,178.7,154.4,163.4,180.2,183.6,162.7,170.2,165.9,165.3,168.0
ED-0082,864,14:24,155.2,155.7,178.8,154.9,163.0,179.9,183.4,163.1,169.8,165.9,164.9,167.5
ED-0082,865,14:25,155.4,156.3,178.3,154.4,162.7,180.7,183.7,162.3,170.4,166.0,165.1,167.8
ED-0082,866,14:26,154.1,156.3,178.8,155.3,163.0,179.4,183.9,162.6,171.0,165.4,165.5,167.2
ED-0082,867,14:27,155.2,155.8,178.0,154.9,163.7,181.4,184.3,162.3,169.8,167.1,164.8,168.4
ED-0082,868,14:28,155.0,156.1,177.6,154.5,164.2,180.7,183.6,162.8,170.4,166.2,165.8,168.1
ED-0082,869,14:29,154.9,156.4,178.2,155.3,163.7,181.3,185.3,163.2,170.8,165.3,165.1,167.7
ED-0082,870,14:30,155.2,155.8,178.0,155.1,164.0,180.0,183.7,161.8,170.8,166.0,165.7,168.5
ED-0082,871,14:31,155.3,156.0,178.4,155.6,163.5,180.7,184.3,162.9,170.2,166.6,166.0,168.6
ED-0082,872,14:32,154.9,157.5,177.9,155.6,163.2,181.5,184.0,163.4,171.4,166.8,165.6,168.3
ED-0082,873,14:33,155.7,154.8,178.5,155.4,163.8,181.3,184.6,163.8,170.9,166.8,166.9,168.7
ED-0082,874,14:34,156.0,156.4,179.4,155.8,164.3,181.5,184.9,163.5,171.4,166.8,165.7,167.8
ED-0082,875,14:35,155.7,157.6,179.0,155.5,164.4,180.8,184.5,163.1,171.3,166.2,165.0,168.7
ED-0082,876,14:36,156.4,155.9,179.0,156.2,164.3,179.9,184.6,163.9,170.0,166.6,165.8,168.9
ED-0082,877,14:37,156.1,156.2,178.9,155.3,164.2,181.9,184.4,163.6,171.1,166.8,166.9,168.1
ED-0082,878,14:38,156.4,156.2,178.1,155.7,164.4,182.0,185.5,163.4,171.2,167.7,166.8,168.1
ED-0082,879,14:39,155.9,156.8,179.0,155.9,164.5,181.4,185.4,164.0,171.1,168.0,167.4,169.5
ED-0082,880,14:40,156.5,157.7,179.5,154.8,164.6,181.6,185.4,164.0,172.2,167.8,166.5,169.1
ED-0082,881,14:41,156.1,156.3,179.0,155.8,164.5,181.5,185.3,163.5,171.2,166.8,166.9,169.0
ED-0082,882,14:42,156.2,156.9,179.9,155.2,164.5,181.5,185.5,163.7,172.5,167.5,167.4,169.4
ED-0082,883,14:43,156.8,156.7,179.4,156.6,165.2,182.7,186.0,163.9,170.6,167.3,166.7,168.1
ED-0082,884,14:44,155.9,157.8,179.3,156.4,164.7,180.7,186.3,163.2,171.6,168.5,167.2,168.9
ED-0082,885,14:45,155.9,156.8,179.8,156.8,164.5,181.8,185.2,164.5,171.2,167.9,167.3,169.1
ED-0082,886,14:46,156.1,157.6,178.9,156.1,164.6,182.5,185.3,164.1,171.2,168.3,166.6,169.9
ED-0082,887,14:47,157.0,157.8,179.6,157.2,164.1,181.9,186.2,164.7,172.0,166.9,167.7,169.6
ED-0082,888,14:48,156.8,157.5,179.6,156.6,165.5,183.0,185.7,164.7,171.9,167.7,166.9,169.3
ED-0082,889,14:49,156.9,157.3,180.4,156.2,165.5,182.4,186.0,163.8,172.7,168.2,167.6,170.0
ED-0082,890,14:50,157.1,157.6,180.0,156.8,165.7,182.6,186.1,165.1,172.9,167.6,167.6,169.3
ED-0082,891,14:51,156.9,157.4,179.0,155.8,165.3,183.5,185.8,165.1,172.2,168.0,166.8,169.8
ED-0082,892,14:52,157.3,157.6,180.2,156.5,166.1,182.5,185.9,165.2,171.5,167.7,167.6,170.0
ED-0082,893,14:53,156.3,158.3,180.2,156.5,166.2,182.3,185.7,164.2,172.7,169.0,167.8,170.0
ED-0082,894,14:54,156.6,157.9,180.4,157.2,166.1,182.7,186.6,164.5,172.3,167.7,166.9,170.3
ED-0082,895,14:55,157.0,157.8,180.0,155.5,165.9,183.5,186.3,164.6,172.3,168.0,167.2,170.6
ED-0082,896,14:56,157.5,158.7,180.1,157.4,165.4,182.9,187.1,165.6,172.4,168.1,167.8,170.3
ED-0082,897,14:57,157.9,158.5,180.4,157.5,165.0,183.3,186.6,164.4,172.9,168.5,167.4,170.0
ED-0082,898,14:58,156.5,157.8,180.8,157.0,165.8,182.5,185.9,164.7,172.5,168.2,167.9,170.1
ED-0082,899,14:59,158.0,159.1,181.0,157.7,165.5,182.6,186.9,164.4,173.0,168.8,167.7,169.9
ED-0082,900,15:00,157.8,158.3,180.3,157.6,166.6,184.2,186.7,165.1,173.1,168.2,167.4,170.7
ED-0082,901,15:01,157.4,158.7,180.5,157.4,166.0,182.8,185.7,165.0,172.8,168.0,168.5,170.3
ED-0082,902,15:02,158.2,158.4,179.8,157.6,166.9,182.8,186.1,164.8,173.2,169.0,167.8,170.4
ED-0082,903,15:03,157.9,159.4,179.8,158.2,166.5,183.8,186.5,164.6,172.5,169.7,168.4,171.3
ED-0082,904,15:04,157.6,158.4,180.6,157.7,166.1,183.2,187.2,165.3,173.3,168.7,167.6,170.1
ED-0082,905,15:05,157.8,159.5,180.3,157.4,166.4,182.7,187.0,165.2,172.9,169.6,167.8,170.8
ED-0082,906,15:06,157.6,159.5,181.3,158.3,167.0,183.5,187.7,165.2,173.2,168.9,168.6,171.6
ED-0082,907,15:07,157.8,158.3,181.7,157.9,165.7,184.7,186.8,165.2,173.3,169.0,169.0,171.4
ED-0082,908,15:08,158.8,159.6,181.0,157.0,167.2,184.2,186.6,166.6,174.2,169.6,169.2,170.5
ED-0082,909,15:09,158.1,160.1,180.1,157.6,166.6,184.0,187.1,165.7,173.3,169.7,169.1,171.5
ED-0082,910,15:10,158.7,159.1,181.2,157.8,167.3,183.6,187.7,166.0,173.2,169.6,168.4,171.4
ED-0082,911,15:11,158.1,159.3,181.3,158.5,166.8,184.4,187.6,166.2,173.7,169.3,168.6,171.4
ED-0082,912,15:12,158.7,159.0,180.9,157.7,166.0,184.4,187.5,166.5,173.9,169.0,168.7,170.8
ED-0082,913,15:13,158.2,159.8,181.1,158.1,167.4,183.9,186.9,165.9,173.2,169.0,168.8,171.2
ED-0082,914,15:14,158.3,159.7,181.9,157.1,167.4,185.1,187.3,166.0,173.3,170.0,169.2,172.0
ED-0082,915,15:15,159.1,159.5,182.4,159.3,167.0,184.4,187.8,166.4,174.6,169.2,169.3,171.2
ED-0082,916,15:16,158.5,159.5,182.5,158.7,166.6,184.7,187.6,166.7,173.8,170.1,169.3,171.7
ED-0082,917,15:17,157.7,158.9,181.3,158.7,168.0,185.2,188.8,168.0,173.3,170.1,168.9,171.5
ED-0082,918,15:18,159.3,159.6,181.7,158.7,166.5,185.5,187.5,166.4,174.5,169.9,168.9,172.2
ED-0082,919,15:19,158.9,159.6,182.1,159.0,168.1,186.0,188.1,166.5,173.8,169.7,169.7,171.7
ED-0082,920,15:20,159.9,160.2,182.7,159.5,167.6,184.3,188.3,166.2,173.7,170.2,169.0,172.0
ED-0082,921,15:21,159.2,160.4,181.5,159.3,167.8,184.9,187.7,166.5,174.5,170.9,169.0,172.4
ED-0082,922,15:22,159.5,160.1,181.8,159.1,167.7,185.3,188.2,166.6,173.9,169.1,169.5,171.7
ED-0082,923,15:23,159.7,160.6,182.0,158.4,168.0,184.7,188.0,167.3,175.0,170.5,170.1,171.0
ED-0082,924,15:24,159.4,160.0,182.6,158.5,167.7,184.6,188.2,166.8,173.6,170.4,169.8,172.2
ED-0082,925,15:25,159.7,159.8,182.3,158.9,167.4,185.6,188.8,166.3,174.4,169.8,169.8,171.7
ED-0082,926,15:26,159.9,160.3,181.9,159.0,167.6,185.4,189.3,166.6,174.6,169.3,170.5,172.4
ED-0082,927,15:27,159.6,160.6,182.3,158.9,167.8,185.4,189.1,167.0,174.0,170.3,170.1,171.3
ED-0082,928,15:28,159.2,160.9,182.8,159.8,167.6,186.1,189.2,167.3,175.3,170.6,170.2,171.7
ED-0082,929,15:29,159.6,160.5,183.0,159.7,168.0,185.6,189.4,167.2,175.5,170.2,169.6,173.0
ED-0082,930,15:30,159.6,160.6,183.8,159.0,168.1,186.1,189.4,167.2,174.8,170.1,170.5,172.3
ED-0082,931,15:31,159.5,160.7,182.7,159.7,168.2,185.5,188.9,167.1,177.0,170.6,169.7,172.3
ED-0082,932,15:32,159.1,160.3,183.8,159.2,167.5,185.8,189.6,167.9,175.1,171.7,170.8,172.6
ED-0082,933,15:33,160.1,160.8,182.9,159.1,168.0,185.7,189.4,166.5,174.6,170.7,171.6,173.2
ED-0082,934,15:34,159.8,161.0,183.6,159.3,168.5,186.2,188.9,168.1,175.8,170.8,171.2,172.2
ED-0082,935,15:35,160.5,161.2,182.8,159.8,169.5,185.2,188.8,168.3,175.0,171.6,170.8,173.5
ED-0082,936,15:36,160.7,161.4,182.0,160.0,168.2,186.2,189.1,168.0,174.7,170.5,170.8,172.7
ED-0082,937,15:37,160.2,162.1,183.5,160.1,168.9,185.0,189.3,167.8,175.4,171.2,170.5,173.1
ED-0082,938,15:38,160.7,160.7,183.5,159.4,168.1,185.5,190.0,168.4,176.2,170.6,170.3,173.2
ED-0082,939,15:39,160.3,161.1,182.9,159.9,169.7,185.3,191.1,167.8,175.7,171.1,171.0,173.0
ED-0082,940,15:40,160.2,161.2,183.0,159.5,168.6,186.9,189.3,168.3,176.0,170.2,170.7,172.7
ED-0082,941,15:41,160.9,161.9,184.2,160.0,169.5,186.7,189.7,168.3,175.4,171.6,170.7,173.6
ED-0082,942,15:42,161.2,161.2,184.5,160.6,168.4,186.5,189.9,168.1,176.0,171.1,171.2,173.6
ED-0082,943,15:43,160.1,161.2,183.4,160.9,168.3,185.5,190.4,168.3,175.6,171.6,171.3,174.0
ED-0082,944,15:44,161.9,161.4,184.1,160.5,168.9,186.4,190.3,168.0,176.0,171.5,171.3,173.5
ED-0082,945,15:45,161.2,161.6,184.1,160.7,169.3,186.7,189.7,168.5,174.9,171.8,171.5,173.7
ED-0082,946,15:46,160.7,161.3,183.5,160.5,169.7,185.8,189.9,168.6,176.5,171.9,171.5,174.3
ED-0082,947,15:47,160.5,162.0,184.0,160.2,168.9,187.1,189.9,168.3,176.0,172.1,170.5,174.2
ED-0082,948,15:48,161.4,161.9,184.6,160.7,168.8,186.6,190.7,167.8,175.9,173.1,170.8,173.9
ED-0082,949,15:49,161.1,162.7,184.5,159.9,169.9,186.7,190.6,168.4,176.5,172.7,171.3,173.9
ED-0082,950,15:50,160.4,161.5,184.0,161.3,169.9,187.3,190.8,168.7,176.7,172.4,171.7,173.7
ED-0082,951,15:51,160.6,161.8,183.2,161.7,170.1,187.6,190.5,168.1,176.6,171.5,171.5,174.1
ED-0082,952,15:52,161.8,161.6,184.7,160.9,170.2,187.7,189.4,169.8,176.2,172.5,171.4,174.1
ED-0082,953,15:53,161.9,162.2,184.3,161.0,170.4,186.7,191.2,169.9,176.3,171.2,172.2,174.3
ED-0082,954,15:54,161.8,162.7,184.3,161.5,170.7,187.8,191.3,168.9,176.4,172.3,172.1,174.4
ED-0082,955,15:55,161.2,162.7,185.4,161.3,170.1,187.4,190.5,169.0,177.3,172.2,171.8,174.3
ED-0082,956,15:56,161.7,161.7,185.3,160.8,170.7,186.3,191.4,169.8,175.7,172.3,172.9,173.9
ED-0082,957,15:57,162.1,162.8,184.7,161.6,169.7,186.7,190.7,169.1,176.3,172.1,171.9,175.1
ED-0082,958,15:58,161.6,162.9,184.2,161.3,170.2,187.1,191.4,169.1,177.0,172.5,172.7,174.5
ED-0082,959,15:59,161.7,162.4,184.7,161.8,170.3,188.3,190.8,169.0,176.4,172.9,172.7,174.5
ED-0082,960,16:00,161.3,162.1,184.9,161.7,171.5,188.4,190.6,168.9,177.6,173.0,172.0,174.9
ED-0082,961,16:01,161.8,162.3,184.7,162.1,170.0,187.9,190.5,169.6,177.3,172.7,172.6,176.1
ED-0082,962,16:02,160.9,162.9,184.6,161.3,170.3,188.5,191.5,169.7,177.4,172.6,172.6,175.4
ED-0082,963,16:03,162.1,163.2,184.6,160.8,171.0,188.2,191.7,170.4,177.1,172.6,173.0,175.5
ED-0082,964,16:04,161.4,162.6,185.8,161.9,170.3,187.6,191.7,169.3,177.2,173.0,172.5,174.6
ED-0082,965,16:05,162.2,162.8,185.6,161.7,171.3,187.8,191.1,169.2,177.8,172.1,174.1,175.8
ED-0082,966,16:06,161.7,162.8,184.6,161.8,171.1,188.7,192.3,170.0,178.1,173.7,173.1,175.4
ED-0082,967,16:07,163.3,163.4,185.2,162.5,171.7,189.3,192.6,169.6,177.8,173.2,172.3,176.1
ED-0082,968,16:08,161.9,163.6,186.1,162.0,170.9,188.6,191.7,169.7,178.1,173.3,172.6,175.9
ED-0082,969,16:09,162.6,162.9,186.3,161.7,171.3,188.4,191.6,170.2,177.4,172.7,173.1,175.9
ED-0082,970,16:10,162.0,163.4,186.2,162.3,170.6,189.3,191.3,169.7,177.6,173.3,173.3,175.7
ED-0082,971,16:11,162.4,163.2,185.6,162.5,171.3,188.4,192.6,169.4,178.1,172.6,171.9,176.2
ED-0082,972,16:12,162.8,162.9,185.9,162.1,171.8,189.7,192.1,170.4,178.3,174.3,173.5,176.3
ED-0082,973,16:13,162.1,163.6,185.7,162.5,171.0,188.3,191.9,168.5,177.7,173.3,172.8,176.2
ED-0082,974,16:14,162.4,163.1,186.2,162.2,171.6,188.8,191.9,169.8,178.9,173.6,173.2,176.9
ED-0082,975,16:15,162.0,163.7,186.2,162.3,171.1,188.5,192.4,170.6,179.3,173.9,173.8,176.6
ED-0082,976,16:16,163.0,163.3,185.4,162.8,171.6,188.6,192.8,170.8,177.8,173.1,173.8,175.9
ED-0082,977,16:17,163.4,162.9,186.0,162.2,171.6,189.1,192.1,170.2,178.4,173.5,173.3,175.5
ED-0082,978,16:18,162.6,163.3,186.7,163.3,172.3,189.1,192.8,170.1,178.1,173.3,173.6,177.1
ED-0082,979,16:19,162.4,163.5,186.0,162.4,171.8,188.6,193.1,169.5,178.3,173.4,173.5,176.6
ED-0082,980,16:20,161.7,163.7,185.9,162.5,171.9,188.9,192.0,170.5,178.6,173.5,173.2,177.3
ED-0082,981,16:21,163.2,164.6,185.8,163.1,171.5,189.6,191.8,170.7,179.5,174.3,173.2,176.1
ED-0082,982,16:22,163.8,163.3,187.3,163.2,171.9,189.9,192.4,171.3,178.6,174.5,173.8,176.5
ED-0082,983,16:23,163.6,164.3,185.6,162.8,171.8,189.3,192.4,170.3,178.4,175.1,174.1,176.5
ED-0082,984,16:24,164.0,164.8,186.4,162.2,172.4,189.1,192.9,171.0,178.2,173.8,173.7,176.9
ED-0082,985,16:25,162.8,164.0,186.7,162.9,172.6,189.6,194.1,170.9,178.8,174.0,174.4,177.0
ED-0082,986,16:26,162.9,165.0,187.4,163.2,171.3,189.2,193.7,170.7,179.5,175.1,173.2,176.3
ED-0082,987,16:27,163.8,164.0,187.3,163.5,172.3,189.1,193.9,171.6,179.7,174.3,175.1,177.3
ED-0082,988,16:28,163.2,164.6,186.8,164.0,172.4,189.9,193.6,171.3,179.3,174.0,173.7,175.8
ED-0082,989,16:29,163.6,164.6,186.0,164.1,173.0,190.0,193.4,171.6,179.0,173.9,174.4,176.8
ED-0082,990,16:30,163.6,164.7,187.7,164.4,173.1,189.6,193.2,170.9,179.6,174.8,175.1,177.8
ED-0082,991,16:31,163.5,164.8,187.1,163.4,172.5,190.4,193.1,170.5,180.1,174.2,175.3,177.6
ED-0082,992,16:32,164.6,164.1,186.8,164.4,172.9,190.5,193.9,171.8,179.3,174.4,174.1,177.8
ED-0082,993,16:33,163.5,164.3,186.7,163.7,172.2,190.4,193.8,171.6,179.2,174.3,174.3,177.7
ED-0082,994,16:34,165.3,165.4,187.4,163.0,173.0,189.8,193.9,172.3,180.4,175.0,175.6,178.2
ED-0082,995,16:35,164.1,165.1,186.6,163.9,172.8,190.1,194.2,171.1,178.6,174.6,174.6,176.5
ED-0082,996,16:36,164.4,165.3,186.7,163.3,171.8,189.7,193.9,171.4,180.1,174.7,175.0,177.6
ED-0082,997,16:37,164.3,164.6,187.9,164.2,172.6,190.8,194.3,171.6,179.7,174.0,174.3,177.9
ED-0082,998,16:38,164.6,164.6,187.2,163.4,173.0,190.7,193.9,171.0,179.4,174.3,175.5,178.0
ED-0082,999,16:39,163.7,164.7,186.4,163.5,173.8,189.1,194.0,171.8,179.7,174.3,175.1,178.5
ED-0082,1000,16:40,164.1,165.0,187.7,164.0,173.0,191.5,193.4,172.0,181.2,175.1,175.5,177.7
ED-0082,1001,16:41,164.7,165.5,188.2,163.6,172.3,190.9,194.4,172.1,180.9,176.0,175.7,177.3
ED-0082,1002,16:42,164.6,164.6,187.0,164.6,173.8,190.6,194.7,172.0,179.6,175.0,175.0,177.7
ED-0082,1003,16:43,165.0,165.0,187.5,164.9,173.7,191.3,193.1,172.2,180.0,175.9,175.9,178.5
ED-0082,1004,16:44,164.4,165.9,187.3,164.2,173.3,191.9,194.5,173.3,180.2,174.6,175.0,178.0
ED-0082,1005,16:45,164.8,166.0,187.6,164.3,173.5,190.9,194.2,172.4,181.2,175.5,175.2,177.4
ED-0082,1006,16:46,164.8,165.9,187.7,164.5,173.6,191.8,195.0,171.8,180.6,175.4,175.7,177.8
ED-0082,1007,16:47,165.5,165.4,188.2,164.0,173.6,191.4,193.7,171.3,180.1,175.6,176.3,178.1
ED-0082,1008,16:48,164.2,165.6,188.0,165.0,173.2,192.0,195.0,173.1,180.6,175.5,174.6,178.6
ED-0082,1009,16:49,164.8,165.3,188.3,164.3,174.2,191.7,195.5,172.5,180.4,175.0,175.8,178.7
ED-0082,1010,16:50,164.4,165.1,187.6,164.6,174.4,190.9,195.3,172.4,180.3,176.7,175.3,177.9
ED-0082,1011,16:51,165.4,165.4,189.0,164.7,174.1,191.2,194.7,173.2,182.3,175.3,176.3,179.9
ED-0082,1012,16:52,165.3,166.6,187.9,165.6,174.1,191.8,194.4,172.5,180.7,175.3,175.6,178.6
ED-0082,1013,16:53,165.8,166.0,188.8,165.3,173.5,192.3,195.0,173.7,180.8,175.8,175.6,179.1
ED-0082,1014,16:54,166.2,165.8,186.9,165.0,174.0,190.6,194.9,172.2,181.5,176.6,175.9,179.1
ED-0082,1015,16:55,165.3,165.4,188.8,165.0,174.2,191.6,194.8,172.9,180.3,176.1,176.0,178.0
ED-0082,1016,16:56,166.3,166.1,187.9,165.2,173.7,192.2,194.8,173.1,181.7,176.1,176.2,179.3
ED-0082,1017,16:57,165.8,167.1,189.1,165.6,174.2,190.7,195.4,173.2,182.1,176.3,176.7,178.6
ED-0082,1018,16:58,165.5,166.4,188.9,164.8,174.9,191.7,196.8,172.8,180.6,176.2,176.2,179.6
ED-0082,1019,16:59,165.3,165.0,188.6,164.7,174.7,192.2,196.4,172.9,181.7,176.5,176.5,178.5
ED-0082,1020,17:00,166.0,166.4,189.9,165.3,175.5,192.3,195.3,173.6,181.8,176.6,176.9,178.9
ED-0082,1021,17:01,166.2,166.0,189.1,165.5,175.0,191.1,195.5,173.5,181.4,176.3,176.7,179.5
ED-0082,1022,17:02,165.5,167.2,189.6,166.1,174.4,192.3,195.9,173.2,179.7,177.0,176.4,178.8
ED-0082,1023,17:03,165.3,166.9,188.7,165.2,174.4,192.5,194.2,173.5,181.6,176.6,176.7,179.6
ED-0082,1024,17:04,166.0,166.9,188.2,166.1,174.6,192.3,196.2,173.5,181.3,176.1,176.9,180.0
ED-0082,1025,17:05,165.1,167.3,190.3,166.3,174.8,191.8,196.1,173.4,181.0,177.9,176.7,179.2
ED-0082,1026,17:06,166.0,166.9,188.7,165.8,175.2,192.4,196.3,174.0,181.8,176.9,176.4,180.3
ED-0082,1027,17:07,165.7,166.6,188.6,166.5,175.2,192.7,195.0,174.1,181.1,176.4,176.4,180.1
ED-0082,1028,17:08,166.4,166.5,190.1,166.0,175.1,192.1,195.9,174.0,181.6,176.5,176.1,179.8
ED-0082,1029,17:09,166.2,166.7,189.3,164.3,174.9,191.8,196.1,173.9,181.9,176.9,177.4,180.1
ED-0082,1030,17:10,166.0,167.1,189.6,166.8,175.1,192.6,196.4,174.5,182.0,177.6,176.9,179.4
ED-0082,1031,17:11,166.4,167.0,189.8,166.2,175.3,193.1,195.5,174.2,181.8,176.8,177.1,179.6
ED-0082,1032,17:12,167.0,167.8,189.4,165.7,175.7,193.7,196.4,174.1,182.4,177.7,176.9,179.7
ED-0082,1033,17:13,165.7,166.9,190.2,165.5,175.5,193.5,196.0,174.3,181.8,177.5,177.6,180.2
ED-0082,1034,17:14,166.3,167.1,190.8,166.8,175.2,192.2,196.8,173.9,183.0,177.2,176.5,179.4
ED-0082,1035,17:15,166.2,167.8,190.1,166.2,175.7,193.0,195.5,174.3,182.3,177.1,177.3,180.8
ED-0082,1036,17:16,166.4,166.9,187.6,166.9,175.8,192.7,195.8,174.2,182.6,177.0,177.6,179.9
ED-0082,1037,17:17,166.4,167.6,189.2,165.2,175.5,193.5,195.9,174.3,182.0,177.4,177.3,180.8
ED-0082,1038,17:18,166.7,166.7,190.0,166.0,175.9,193.4,196.8,175.2,182.7,177.7,178.5,180.8
ED-0082,1039,17:19,167.0,167.3,190.4,167.0,176.1,193.7,196.8,175.2,183.1,178.3,176.8,180.9
ED-0082,1040,17:20,167.8,167.6,189.6,167.5,175.5,192.1,197.8,175.3,182.4,177.5,178.1,180.3
ED-0082,1041,17:21,167.7,167.3,190.0,166.7,175.9,194.9,197.5,174.4,182.8,177.8,177.8,180.8
ED-0082,1042,17:22,167.0,167.9,190.9,166.9,176.1,194.0,197.4,174.9,182.0,178.0,177.7,180.0
ED-0082,1043,17:23,166.4,167.3,190.0,166.2,176.4,193.9,197.4,174.5,182.9,178.1,178.3,180.8
ED-0082,1044,17:24,167.4,167.8,190.4,166.6,176.5,193.6,197.5,175.3,182.3,177.6,178.1,180.9
ED-0082,1045,17:25,167.1,167.6,189.7,166.6,176.5,194.3,197.2,174.2,182.5,178.1,178.4,180.2
ED-0082,1046,17:26,166.7,167.5,191.3,167.7,175.8,194.3,197.3,174.8,182.9,178.5,178.7,180.3
ED-0082,1047,17:27,167.3,167.3,190.8,167.6,175.2,193.3,197.9,175.4,183.7,178.8,177.2,180.8
ED-0082,1048,17:28,167.8,167.7,190.0,167.1,176.2,192.8,198.0,175.0,182.9,178.1,178.4,181.4
ED-0082,1049,17:29,166.5,167.4,190.4,167.0,176.1,194.4,197.4,174.2,182.9,178.1,179.1,181.7
ED-0082,1050,17:30,167.2,167.9,190.4,167.9,176.8,194.3,197.2,175.8,183.9,177.9,177.4,182.0
ED-0082,1051,17:31,167.8,168.4,190.8,167.4,177.6,194.6,197.0,175.7,183.4,178.9,178.7,180.7
ED-0082,1052,17:32,166.8,169.1,191.1,166.9,176.0,194.3,197.8,174.3,182.4,177.6,178.2,181.7
ED-0082,1053,17:33,167.9,168.0,190.2,167.6,176.2,194.7,198.1,175.4,183.3,178.9,178.1,180.7
ED-0082,1054,17:34,167.5,168.4,190.5,167.4,177.2,194.5,197.0,174.9,183.0,178.5,179.3,181.3
ED-0082,1055,17:35,167.5,168.8,191.0,166.5,176.7,195.3,197.4,175.6,183.9,177.9,178.5,180.7
ED-0082,1056,17:36,167.6,168.6,190.9,167.1,178.0,194.5,198.0,175.5,183.5,178.8,178.8,181.7
ED-0082,1057,17:37,168.2,169.1,190.7,168.4,176.6,195.0,198.3,175.2,183.6,178.6,178.6,181.5
ED-0082,1058,17:38,168.5,169.8,191.4,168.2,177.3,194.8,198.3,175.3,183.3,178.3,178.6,181.9
ED-0082,1059,17:39,168.6,169.4,191.1,167.1,176.9,194.9,198.3,175.2,183.8,178.7,178.5,181.1
ED-0082,1060,17:40,168.5,169.0,191.3,167.5,177.5,194.8,198.2,175.9,184.4,179.2,178.7,181.6
ED-0082,1061,17:41,168.1,169.0,191.4,166.9,177.3,195.1,198.2,175.2,183.6,179.1,178.6,182.0
ED-0082,1062,17:42,167.9,168.7,191.0,168.5,178.3,195.7,198.3,176.3,184.5,179.8,179.1,182.1
ED-0082,1063,17:43,168.2,169.6,191.9,168.7,177.9,196.1,198.1,176.3,183.8,179.2,178.8,181.6
ED-0082,1064,17:44,168.5,169.1,191.3,168.5,177.0,195.5,198.5,176.4,183.4,179.5,179.1,182.2
ED-0082,1065,17:45,168.7,168.9,192.6,168.7,177.5,195.4,199.2,176.5,183.2,179.1,179.0,181.8
ED-0082,1066,17:46,168.1,168.7,192.4,168.5,177.0,195.1,198.5,175.9,184.0,179.8,179.5,181.9
ED-0082,1067,17:47,168.4,169.8,192.4,167.6,177.5,195.3,199.5,175.2,184.4,179.0,179.4,182.4
ED-0082,1068,17:48,168.8,169.5,192.6,167.3,177.6,195.9,198.8,177.0,184.9,179.6,179.1,182.1
ED-0082,1069,17:49,169.4,169.3,192.1,168.2,177.7,195.3,198.8,176.1,184.2,179.3,179.0,182.6
ED-0082,1070,17:50,169.1,169.7,191.5,169.2,177.8,195.4,198.1,176.7,183.5,179.8,179.7,183.6
ED-0082,1071,17:51,168.8,169.2,191.9,168.2,177.5,195.3,198.4,177.1,185.2,179.1,179.9,183.3
ED-0082,1072,17:52,169.6,169.5,191.9,168.4,177.4,195.7,198.1,176.5,184.2,179.3,180.4,182.5
ED-0082,1073,17:53,168.3,169.5,192.1,168.5,178.7,196.5,198.8,176.9,184.8,180.3,179.5,182.1
ED-0082,1074,17:54,168.9,170.2,192.9,168.1,177.2,195.8,199.6,176.8,184.0,180.5,179.6,183.0
ED-0082,1075,17:55,170.0,169.0,191.9,168.2,177.9,195.7,200.4,175.8,184.6,179.6,178.6,183.4
ED-0082,1076,17:56,169.3,169.8,192.7,168.8,178.3,195.6,198.8,177.2,184.6,179.6,179.9,182.1
ED-0082,1077,17:57,168.8,169.2,192.0,168.8,177.3,195.5,199.9,176.4,184.9,180.3,179.5,182.8
ED-0082,1078,17:58,170.4,170.7,192.3,168.8,178.1,195.7,200.1,177.6,184.8,179.5,180.6,182.3
ED-0082,1079,17:59,168.4,169.7,192.3,169.6,178.2,196.1,199.5,176.5,185.7,180.3,178.9,183.5
ED-0082,1080,18:00,170.1,170.4,192.5,169.1,178.4,195.4,199.1,176.3,185.6,180.2,180.5,182.5
ED-0082,1081,18:01,169.7,170.4,191.8,170.1,178.9,197.0,199.9,177.5,185.0,180.6,179.7,183.3
ED-0082,1082,18:02,170.7,170.4,192.8,169.0,179.3,196.3,198.4,176.9,184.8,181.0,180.3,184.0
ED-0082,1083,18:03,169.3,170.0,192.3,168.7,178.6,196.7,199.5,177.6,184.3,180.0,180.4,183.2
ED-0082,1084,18:04,170.2,170.9,193.0,169.0,178.7,196.6,199.8,177.1,184.3,180.7,180.1,183.6
ED-0082,1085,18:05,170.3,171.2,192.7,169.0,178.5,196.4,199.3,177.4,186.6,179.8,180.5,184.1
ED-0082,1086,18:06,169.0,170.3,193.7,169.1,178.5,196.5,199.9,177.7,185.4,180.5,180.5,183.9
ED-0082,1087,18:07,170.3,170.6,193.4,168.8,178.2,196.6,199.6,178.1,186.0,179.7,180.0,183.2
ED-0082,1088,18:08,170.0,170.3,192.3,169.2,180.1,195.7,200.4,177.1,185.8,180.6,180.9,183.7
ED-0082,1089,18:09,170.5,170.5,192.7,169.7,179.5,196.9,200.3,178.0,186.2,179.4,180.3,182.9
ED-0082,1090,18:10,169.3,170.1,192.8,169.7,179.4,197.3,201.3,178.1,185.2,180.0,181.2,183.9
ED-0082,1091,18:11,170.6,169.9,192.9,169.4,179.5,197.7,200.5,177.7,185.7,180.6,180.9,183.2
ED-0082,1092,18:12,171.0,170.8,193.4,169.0,180.1,197.5,200.3,177.0,186.0,180.4,180.9,184.4
ED-0082,1093,18:13,169.6,170.2,191.4,170.3,179.1,197.0,200.5,177.6,186.6,180.2,181.4,183.5
ED-0082,1094,18:14,171.0,170.7,193.1,169.4,179.4,196.8,200.5,178.4,185.3,180.7,180.8,184.0
ED-0082,1095,18:15,169.8,170.7,193.4,170.1,179.1,196.3,200.7,177.3,185.7,180.5,180.4,183.5
ED-0082,1096,18:16,170.1,171.1,193.8,169.8,179.2,196.6,199.7,178.1,186.5,181.0,181.5,184.2
ED-0082,1097,18:17,170.7,171.9,195.0,169.6,179.4,197.0,200.6,177.6,187.1,181.7,181.4,184.0
ED-0082,1098,18:18,170.7,171.4,192.8,169.0,179.8,197.7,200.5,178.4,187.2,180.8,181.1,184.2
ED-0082,1099,18:19,170.7,171.3,193.3,170.0,179.2,197.9,200.5,178.0,185.3,181.2,181.1,184.7
ED-0082,1100,18:20,170.0,171.1,193.4,169.9,179.5,197.5,201.2,178.9,185.5,180.7,181.4,184.3
ED-0082,1101,18:21,169.9,170.8,193.1,170.5,179.1,197.6,200.8,177.7,187.0,181.3,181.5,185.3
ED-0082,1102,18:22,170.7,171.1,194.2,170.1,180.3,197.6,200.9,178.2,186.3,181.5,181.5,183.9
ED-0082,1103,18:23,170.1,172.4,195.1,169.9,179.8,197.7,201.2,178.5,188.2,181.1,181.2,184.0
ED-0082,1104,18:24,170.6,171.5,193.3,170.2,180.0,197.5,200.6,178.0,187.1,181.7,181.2,184.2
ED-0082,1105,18:25,170.9,171.3,193.9,170.1,179.8,198.0,201.9,178.4,186.5,181.1,181.8,185.4
ED-0082,1106,18:26,170.5,171.4,194.6,170.5,179.0,198.0,201.6,178.7,187.0,181.6,180.8,183.9
ED-0082,1107,18:27,171.0,172.5,194.5,171.1,179.8,197.2,201.5,178.8,187.0,181.5,180.9,184.6
ED-0082,1108,18:28,170.2,172.0,194.0,170.2,180.3,198.2,201.0,179.0,187.3,182.1,182.4,185.1
ED-0082,1109,18:29,172.4,171.5,195.2,170.9,180.5,197.8,201.2,179.5,186.6,181.3,182.0,183.8
ED-0082,1110,18:30,172.3,172.1,194.2,172.1,180.7,198.9,200.8,178.2,186.4,181.6,181.6,184.7
ED-0082,1111,18:31,171.4,172.1,192.7,170.7,180.8,197.3,201.3,178.3,187.6,180.8,182.9,184.5
ED-0082,1112,18:32,171.0,171.7,194.6,171.1,181.3,198.6,202.3,178.5,187.4,182.5,182.3,185.1
ED-0082,1113,18:33,170.9,172.6,193.5,170.7,180.5,197.4,201.3,178.7,187.8,181.7,182.2,185.2
ED-0082,1114,18:34,171.4,171.7,193.6,171.1,181.6,198.0,201.8,179.0,187.6,182.2,181.4,184.6
ED-0082,1115,18:35,171.4,171.9,193.9,171.8,180.3,198.0,201.7,178.3,188.2,182.7,182.7,184.8
ED-0082,1116,18:36,171.5,172.3,195.0,170.6,180.8,198.6,201.8,179.8,187.2,182.9,182.8,185.2
ED-0082,1117,18:37,171.3,172.7,195.7,170.9,181.0,197.6,201.4,179.3,188.9,182.5,182.1,185.4
ED-0082,1118,18:38,170.9,172.9,194.4,171.4,180.7,199.1,201.3,179.4,188.1,182.6,182.9,184.4
ED-0082,1119,18:39,171.7,171.7,193.9,172.1,181.5,199.2,202.1,178.5,187.9,182.4,182.3,186.3
ED-0082,1120,18:40,170.9,172.5,194.0,171.5,180.8,199.4,201.6,179.3,187.6,183.0,182.3,185.7
ED-0082,1121,18:41,171.3,172.8,195.5,170.7,181.9,198.3,202.2,179.7,188.0,182.9,182.8,185.4
ED-0082,1122,18:42,171.5,172.4,194.8,171.5,181.3,198.6,201.8,178.8,187.7,182.3,183.3,185.0
ED-0082,1123,18:43,171.4,173.1,196.0,172.5,181.3,198.7,202.1,179.7,187.9,182.0,182.9,186.3
ED-0082,1124,18:44,172.4,171.9,195.6,171.5,181.3,199.9,202.6,178.6,187.9,182.3,182.2,185.9
ED-0082,1125,18:45,173.4,172.9,195.7,170.4,181.4,198.4,201.8,178.9,187.4,182.8,182.9,185.7
ED-0082,1126,18:46,171.8,172.9,195.9,170.8,180.7,199.0,202.5,179.9,188.2,182.0,183.6,185.5
ED-0082,1127,18:47,172.5,172.6,195.5,171.0,181.3,199.5,201.9,180.3,187.3,182.4,182.8,185.1
ED-0082,1128,18:48,172.0,172.9,195.2,173.0,181.2,198.7,202.4,180.1,188.5,182.8,183.4,185.4
ED-0082,1129,18:49,171.6,172.9,194.8,170.9,181.8,199.0,202.5,179.3,187.6,182.9,183.5,185.3
ED-0082,1130,18:50,172.4,173.4,195.4,171.5,181.2,199.2,203.5,180.2,187.5,182.6,182.7,185.7
ED-0082,1131,18:51,172.3,172.5,195.1,171.0,181.8,199.5,203.3,180.4,188.1,183.3,183.1,186.0
ED-0082,1132,18:52,171.3,172.4,195.0,172.9,182.0,200.0,203.6,179.8,187.9,182.9,183.0,186.0
ED-0082,1133,18:53,172.6,172.1,195.6,172.2,181.9,200.2,202.7,179.6,188.0,183.4,182.9,187.0
ED-0082,1134,18:54,171.1,173.3,195.7,171.5,181.7,200.4,202.5,180.0,188.8,182.6,183.5,186.7
ED-0082,1135,18:55,172.8,172.9,195.8,172.4,182.6,199.6,202.7,179.8,188.7,182.3,183.7,186.3
ED-0082,1136,18:56,172.4,173.4,195.5,171.7,181.3,200.1,202.6,180.4,188.7,182.7,183.8,186.4
ED-0082,1137,18:57,173.0,173.4,195.4,172.8,182.4,199.5,203.2,180.4,188.1,183.7,184.0,186.3
ED-0082,1138,18:58,173.4,173.2,196.0,172.8,181.2,200.4,202.9,180.3,188.5,183.6,183.7,186.6
ED-0082,1139,18:59,172.4,173.2,196.1,172.6,182.9,199.1,203.2,180.4,189.3,183.5,183.7,186.2
ED-0082,1140,19:00,173.1,173.3,196.2,171.5,181.7,200.3,203.3,179.6,188.5,182.9,183.4,187.1
ED-0082,1141,19:01,172.8,173.2,196.5,172.2,181.9,199.8,203.7,181.3,188.6,183.3,182.9,186.8
ED-0082,1142,19:02,172.6,173.0,195.2,172.3,182.4,199.6,202.8,180.9,189.0,183.1,184.0,186.9
ED-0082,1143,19:03,173.9,173.6,195.9,171.9,182.1,201.1,203.2,180.2,188.6,184.0,183.7,187.0
ED-0082,1144,19:04,172.8,173.3,196.7,172.6,182.4,201.0,203.7,180.2,189.5,184.2,184.8,187.9
ED-0082,1145,19:05,173.6,174.3,197.1,172.2,182.8,200.4,203.2,181.4,188.2,184.2,184.4,187.6
ED-0082,1146,19:06,172.8,173.2,194.8,173.4,182.1,199.8,203.7,180.4,189.5,183.8,184.1,187.7
ED-0082,1147,19:07,172.9,173.3,196.0,173.4,182.5,199.8,203.5,180.5,188.6,184.4,184.3,187.1
ED-0082,1148,19:08,173.0,174.2,196.9,173.1,182.9,199.9,204.3,179.8,189.7,184.8,183.4,186.8
ED-0082,1149,19:09,173.1,173.8,196.7,172.5,182.6,200.9,203.8,180.8,190.2,184.5,183.7,187.2
ED-0082,1150,19:10,172.7,173.7,196.6,173.4,183.3,201.1,203.8,181.1,189.3,184.6,183.8,186.6
ED-0082,1151,19:11,173.2,173.5,196.8,172.5,182.0,200.8,203.8,180.5,188.6,183.5,184.7,187.9
ED-0082,1152,19:12,173.7,173.2,196.5,172.9,182.5,201.2,204.1,182.0,189.4,183.1,185.0,187.2
ED-0082,1153,19:13,173.3,174.6,197.0,173.4,182.8,201.2,204.4,180.8,189.7,184.8,185.1,187.6
ED-0082,1154,19:14,174.0,174.0,197.6,173.5,181.9,201.2,203.2,180.9,189.0,183.6,184.4,187.3
ED-0082,1155,19:15,173.2,175.2,196.3,173.6,183.7,201.7,204.8,180.8,189.6,184.5,184.6,187.3
ED-0082,1156,19:16,173.6,174.9,197.6,173.4,183.8,200.6,204.4,181.7,190.2,184.1,184.0,188.3
ED-0082,1157,19:17,174.2,174.5,197.8,173.1,182.9,201.0,204.1,181.2,190.0,184.2,185.0,187.6
ED-0082,1158,19:18,174.0,174.4,196.8,173.7,183.6,201.7,204.6,181.3,189.1,184.3,185.3,187.4
ED-0082,1159,19:19,174.4,174.2,196.9,173.7,182.7,201.8,204.7,180.4,189.4,184.5,185.0,187.7
ED-0082,1160,19:20,174.5,174.4,197.6,173.6,183.1,201.7,203.8,181.1,189.2,184.5,184.9,188.3
ED-0082,1161,19:21,173.6,174.7,197.2,173.8,183.1,201.9,205.4,180.7,190.0,184.0,185.2,188.2
ED-0082,1162,19:22,174.0,174.3,197.9,174.5,183.3,200.8,203.9,181.1,190.3,185.1,184.7,188.4
ED-0082,1163,19:23,174.0,174.6,198.5,173.0,182.5,201.9,204.6,181.8,190.6,185.1,185.1,187.9
ED-0082,1164,19:24,174.5,174.5,197.7,173.9,183.6,200.6,204.3,182.1,190.6,184.2,184.1,187.7
ED-0082,1165,19:25,174.4,175.0,197.3,173.6,183.1,202.6,204.6,182.0,190.4,184.4,184.4,188.5
ED-0082,1166,19:26,174.6,174.2,197.7,173.1,183.7,202.1,205.5,181.9,190.8,185.3,184.6,187.3
ED-0082,1167,19:27,174.0,175.3,197.3,173.5,184.6,201.4,204.8,181.8,191.1,185.6,185.3,188.5
ED-0082,1168,19:28,175.5,174.1,197.2,173.6,183.0,201.1,204.6,182.1,190.1,183.8,186.1,189.1
ED-0082,1169,19:29,174.8,174.9,197.1,173.4,184.4,201.9,205.3,181.8,190.7,184.3,185.8,188.5
ED-0082,1170,19:30,175.5,174.8,198.6,173.7,183.4,202.0,205.0,181.9,190.1,185.6,185.6,188.8
ED-0082,1171,19:31,175.1,175.2,197.9,174.3,183.6,201.7,205.8,182.7,190.4,184.6,186.0,188.2
ED-0082,1172,19:32,172.5,174.7,197.9,173.9,184.4,202.0,204.8,182.3,190.2,185.2,183.9,188.7
ED-0082,1173,19:33,174.8,176.1,197.8,174.3,183.9,202.6,206.0,182.1,190.7,185.7,185.4,188.6
ED-0082,1174,19:34,174.7,175.9,198.8,174.3,184.5,202.3,205.3,181.8,190.5,184.6,185.9,188.1
ED-0082,1175,19:35,174.6,175.4,198.2,174.9,183.6,202.2,204.7,181.8,190.4,185.3,185.3,188.9
ED-0082,1176,19:36,174.3,176.0,198.7,174.1,184.9,202.0,206.1,182.4,190.8,184.8,184.9,188.4
ED-0082,1177,19:37,174.1,175.1,197.8,174.7,184.6,203.0,205.1,182.1,189.7,185.0,186.3,189.3
ED-0082,1178,19:38,175.5,176.1,198.3,175.2,184.4,202.2,205.5,182.4,190.3,184.9,185.8,189.3
ED-0082,1179,19:39,175.1,175.2,198.8,174.2,184.9,202.8,206.8,182.7,190.1,185.1,186.3,189.0
ED-0082,1180,19:40,175.9,175.1,198.2,175.2,184.4,202.7,205.9,183.3,190.9,185.6,186.5,189.5
ED-0082,1181,19:41,174.6,176.3,197.9,174.6,184.0,202.4,205.1,182.6,190.8,185.4,185.8,189.3
ED-0082,1182,19:42,174.8,175.6,199.6,175.0,184.9,202.8,206.5,182.5,190.9,186.6,185.5,189.3
ED-0082,1183,19:43,175.2,175.5,198.6,174.8,184.8,202.4,205.8,182.9,192.1,184.7,186.6,189.1
ED-0082,1184,19:44,174.7,175.6,199.1,175.0,185.0,203.1,205.2,183.4,191.4,185.6,186.0,190.0
ED-0082,1185,19:45,175.3,176.8,199.1,174.9,185.4,202.1,206.0,182.2,191.3,185.8,185.2,189.4
ED-0082,1186,19:46,175.2,176.9,198.5,174.0,184.7,203.9,206.4,182.8,192.1,185.6,186.7,188.7
ED-0082,1187,19:47,175.2,176.6,199.5,174.2,184.8,203.5,206.7,182.5,192.3,186.2,186.5,190.1
ED-0082,1188,19:48,175.7,175.1,198.3,175.7,184.0,203.2,204.5,182.9,190.9,185.9,186.5,189.1
ED-0082,1189,19:49,175.3,175.5,198.9,175.5,185.2,202.8,206.3,183.0,191.9,186.3,186.2,190.0
ED-0082,1190,19:50,175.9,176.7,198.4,174.7,185.0,203.9,206.9,183.7,191.6,186.4,186.5,190.0
ED-0082,1191,19:51,175.4,176.3,198.1,175.8,185.7,203.1,206.6,183.7,191.5,185.9,187.5,190.5
ED-0082,1192,19:52,174.9,176.3,199.2,174.6,185.7,203.9,206.4,183.4,192.1,186.1,187.0,189.4
ED-0082,1193,19:53,175.3,175.9,199.8,176.5,186.0,203.3,207.2,183.2,191.5,186.3,187.0,189.0
ED-0082,1194,19:54,175.6,177.2,199.8,175.0,184.8,203.5,207.3,182.8,190.9,185.8,187.7,190.4
ED-0082,1195,19:55,175.3,176.3,199.3,174.7,184.7,204.7,206.7,183.2,192.4,186.6,187.6,190.0
ED-0082,1196,19:56,176.6,176.5,199.2,175.5,185.2,203.7,208.1,183.2,192.8,186.0,187.1,189.9
ED-0082,1197,19:57,176.0,177.4,199.4,175.7,185.8,204.6,206.2,182.7,191.7,186.6,186.2,189.9
ED-0082,1198,19:58,175.5,176.5,199.6,175.8,185.6,203.7,206.4,183.4,191.5,186.3,187.4,190.2
ED-0082,1199,19:59,176.0,176.3,199.1,175.3,185.9,203.7,206.9,183.2,192.3,186.0,187.7,189.6
ED-0082,1200,20:00,175.8,176.1,200.3,176.1,185.6,203.5,207.4,184.2,192.2,187.9,186.8,190.1
ED-0082,1201,20:01,175.3,177.2,199.3,175.9,186.1,203.4,206.7,183.8,192.6,188.1,186.4,190.0
ED-0082,1202,20:02,176.8,177.3,198.9,175.9,185.7,204.5,207.4,183.7,191.5,186.0,187.4,190.5
ED-0082,1203,20:03,176.1,176.3,199.6,175.8,186.6,204.0,205.9,183.9,192.4,187.5,186.9,190.8
ED-0082,1204,20:04,175.6,177.6,199.3,176.3,185.3,205.2,206.8,183.9,192.8,187.2,187.1,190.8
ED-0082,1205,20:05,175.8,177.7,199.7,175.9,185.9,203.2,207.5,183.6,192.6,186.4,187.0,190.2
ED-0082,1206,20:06,175.6,176.6,199.9,175.8,185.8,203.7,207.4,183.2,192.1,187.2,187.8,191.3
ED-0082,1207,20:07,176.3,177.5,200.1,175.5,186.2,204.7,207.8,184.3,192.9,187.8,188.0,190.8
ED-0082,1208,20:08,176.4,178.3,198.9,176.2,184.5,203.5,207.1,183.8,192.7,186.3,189.0,191.6
ED-0082,1209,20:09,177.6,177.5,200.4,175.9,185.7,204.7,207.0,184.4,192.9,187.3,187.8,190.7
ED-0082,1210,20:10,177.2,177.1,200.3,176.5,186.7,203.1,206.8,184.1,193.6,187.3,188.2,190.3
ED-0082,1211,20:11,177.2,177.4,199.5,176.0,186.1,204.7,206.4,183.9,192.7,187.3,188.2,191.6
ED-0082,1212,20:12,175.8,177.4,200.0,176.7,185.9,204.0,207.4,184.3,191.5,187.3,188.6,191.6
ED-0082,1213,20:13,177.6,177.1,199.4,177.1,186.7,203.3,206.5,184.1,192.5,186.9,188.6,191.0
ED-0082,1214,20:14,176.4,176.3,198.9,175.5,186.7,203.4,207.4,184.3,193.4,188.3,187.6,190.7
ED-0082,1215,20:15,176.9,176.5,200.3,176.7,185.8,205.1,207.6,184.4,192.9,187.2,188.0,191.7
ED-0082,1216,20:16,176.5,177.7,200.2,177.1,187.8,205.8,207.9,184.3,192.8,187.6,188.4,191.3
ED-0082,1217,20:17,176.8,177.2,200.4,176.4,186.4,204.0,207.2,184.1,193.0,188.4,188.5,191.2
ED-0082,1218,20:18,177.5,178.5,200.6,177.0,186.1,205.0,207.7,184.5,193.3,187.9,188.2,191.4
ED-0082,1219,20:19,176.2,179.0,200.4,176.5,186.5,204.4,208.0,185.2,193.1,187.5,188.1,192.2
ED-0082,1220,20:20,177.9,177.4,201.0,177.0,186.6,205.5,207.6,184.7,194.1,188.3,189.2,191.5
ED-0082,1221,20:21,177.2,177.9,201.4,176.8,186.9,204.7,208.7,184.7,193.5,185.8,187.1,191.7
ED-0082,1222,20:22,176.9,177.6,200.5,176.6,186.4,205.4,208.1,186.1,194.5,188.6,188.3,192.5
ED-0082,1223,20:23,177.1,177.6,199.3,176.8,185.9,204.6,208.1,185.4,194.1,187.1,188.7,191.1
ED-0082,1224,20:24,177.4,178.0,198.9,176.7,186.1,204.0,207.9,183.4,193.7,188.0,189.8,191.2
ED-0082,1225,20:25,177.7,177.4,202.0,177.3,187.3,204.8,208.6,185.8,193.6,188.3,188.8,192.6
ED-0082,1226,20:26,178.0,178.2,201.8,175.3,186.0,204.1,208.7,185.4,193.4,186.6,188.3,191.9
ED-0082,1227,20:27,177.8,177.9,201.8,177.4,188.2,205.5,208.2,185.6,194.4,186.5,189.1,191.3
ED-0082,1228,20:28,176.9,178.7,200.0,176.8,187.2,206.0,208.7,184.5,194.3,186.8,189.1,191.9
ED-0082,1229,20:29,177.6,177.6,202.2,177.5,187.1,205.9,208.4,185.0,193.8,187.5,188.8,191.5
ED-0082,1230,20:30,178.2,178.6,201.6,177.6,187.7,206.2,209.4,185.5,194.8,187.5,188.4,191.8
ED-0082,1231,20:31,177.2,178.4,201.8,177.8,187.2,206.3,208.9,185.3,194.3,188.6,189.3,192.8
ED-0082,1232,20:32,178.6,179.8,200.5,176.8,187.3,205.1,209.1,184.8,194.5,187.0,188.4,192.3
ED-0082,1233,20:33,178.3,176.8,200.3,179.1,187.8,205.7,208.4,185.4,192.0,188.0,190.2,192.8
ED-0082,1234,20:34,178.4,178.1,200.8,176.2,187.6,205.6,208.5,186.7,194.8,188.6,189.1,192.6
ED-0082,1235,20:35,178.4,179.1,200.3,177.2,188.2,206.3,209.4,185.3,195.2,186.9,189.0,192.4
ED-0082,1236,20:36,177.9,178.8,201.3,177.0,187.8,205.6,208.7,185.8,195.0,186.9,188.2,192.1
ED-0082,1237,20:37,178.0,177.9,201.1,176.7,187.7,206.0,208.5,185.3,195.1,189.0,188.7,191.8
ED-0082,1238,20:38,178.1,178.3,200.4,176.2,186.3,206.3,207.9,186.0,194.6,187.4,189.5,193.0
ED-0082,1239,20:39,178.0,178.1,200.8,177.7,187.6,205.7,209.6,185.4,194.8,188.9,188.3,192.2
ED-0082,1240,20:40,178.7,178.8,201.2,177.6,188.4,206.6,208.7,185.9,192.0,187.4,188.0,192.4
ED-0082,1241,20:41,179.2,178.1,199.6,177.3,188.8,205.9,209.3,185.4,194.3,189.1,188.9,193.0
ED-0082,1242,20:42,177.8,177.2,201.0,177.0,187.7,205.2,209.5,186.1,194.6,187.9,189.3,192.6
ED-0082,1243,20:43,178.4,178.0,199.6,178.3,188.4,206.6,208.7,185.6,193.8,187.5,188.0,192.4
ED-0082,1244,20:44,178.9,177.7,200.4,176.4,187.9,206.8,208.8,186.4,192.0,188.3,189.4,193.4
ED-0082,1245,20:45,178.0,180.1,201.0,177.5,188.5,206.5,209.9,185.7,192.2,187.6,187.8,193.2
ED-0082,1246,20:46,178.2,179.0,200.7,178.9,188.2,206.5,209.4,185.8,193.1,189.9,188.8,194.0
ED-0082,1247,20:47,178.9,177.3,201.0,176.8,188.3,206.4,209.3,186.2,191.9,188.0,189.5,193.1
ED-0082,1248,20:48,180.3,178.6,200.7,175.3,189.1,205.9,209.8,186.6,193.0,185.5,189.5,193.7
ED-0082,1249,20:49,180.4,179.1,200.2,177.1,187.7,206.8,209.6,185.9,191.8,187.7,188.7,194.6
ED-0082,1250,20:50,179.3,178.6,200.2,177.0,188.0,206.9,209.3,186.0,192.7,188.3,189.4,193.4
ED-0082,1251,20:51,178.6,178.5,200.4,176.4,188.9,207.0,209.4,185.8,193.6,187.1,188.2,194.2
ED-0082,1252,20:52,179.4,178.0,200.6,178.2,188.3,206.8,210.2,186.8,193.3,185.0,189.4,193.9
ED-0082,1253,20:53,176.7,178.0,199.9,177.6,187.6,207.3,210.0,186.1,194.1,186.6,189.0,193.1
ED-0082,1254,20:54,177.7,176.9,200.2,175.9,188.8,207.3,209.8,186.2,195.1,186.2,188.0,193.1
ED-0082,1255,20:55,178.8,180.5,200.0,177.7,188.8,207.1,210.4,186.5,193.2,188.9,188.2,193.4
ED-0082,1256,20:56,179.9,178.9,201.1,177.3,189.1,207.3,210.5,186.4,193.5,186.9,188.7,192.9
ED-0082,1257,20:57,177.0,178.7,200.1,177.4,188.9,206.3,210.5,186.5,193.6,186.1,190.1,194.1
ED-0082,1258,20:58,178.2,179.0,199.6,177.8,188.8,205.9,210.3,186.8,192.6,187.4,187.5,193.1
ED-0082,1259,20:59,177.7,179.1,200.0,178.0,188.5,207.7,209.7,186.7,193.5,186.2,189.3,192.5
ED-0082,1260,21:00,179.8,177.9,200.5,177.4,189.0,207.3,210.3,186.2,192.7,187.3,188.1,192.8
ED-0082,1261,21:01,177.6,180.2,201.3,177.1,189.7,207.4,210.4,185.2,192.7,186.9,189.0,193.1
ED-0082,1262,21:02,178.0,179.6,199.8,177.3,188.2,207.4,210.0,186.3,193.5,187.3,190.5,193.9
ED-0082,1263,21:03,176.7,179.8,201.4,176.3,188.9,207.1,210.7,188.0,194.4,186.7,188.8,193.2
ED-0082,1264,21:04,178.1,179.9,200.4,177.1,187.3,207.7,209.6,186.7,195.2,187.8,187.9,193.9
ED-0082,1265,21:05,177.8,179.8,201.5,176.6,188.7,208.4,210.6,185.0,194.4,187.0,189.7,192.9
ED-0082,1266,21:06,177.6,177.9,200.8,176.8,190.0,207.9,210.9,186.2,193.4,186.8,188.4,192.4
ED-0082,1267,21:07,177.9,178.5,199.9,176.8,188.5,207.9,211.1,187.0,194.6,188.0,188.7,193.3
ED-0082,1268,21:08,177.2,179.2,201.6,176.9,188.8,207.6,209.6,185.9,193.5,187.3,189.9,193.3
ED-0082,1269,21:09,178.3,179.0,199.9,178.2,190.2,207.1,210.6,186.8,193.5,188.1,190.2,193.3
ED-0082,1270,21:10,177.8,177.6,200.8,177.2,189.6,208.4,210.0,187.2,192.9,187.2,188.9,192.5
ED-0082,1271,21:11,177.5,178.4,200.6,177.6,189.9,207.6,209.6,186.5,195.1,186.3,189.7,192.1
ED-0082,1272,21:12,178.1,178.5,200.1,177.6,189.0,207.4,208.9,185.6,195.3,188.5,190.3,193.6
ED-0082,1273,21:13,178.5,177.3,199.9,177.0,189.1,207.3,210.4,185.2,194.8,188.3,189.0,192.8
ED-0082,1274,21:14,178.0,178.0,201.4,175.9,189.3,207.4,210.8,185.5,194.1,188.2,189.1,192.8
ED-0082,1275,21:15,178.4,178.4,199.6,179.0,189.0,206.6,209.7,187.8,195.0,187.1,187.5,194.8
ED-0082,1276,21:16,178.5,177.2,200.1,177.0,189.0,208.0,212.0,186.4,191.9,187.2,189.1,194.5
ED-0082,1277,21:17,178.2,180.0,199.3,176.9,190.0,207.0,210.8,187.7,194.2,189.6,189.2,192.2
ED-0082,1278,21:18,179.2,179.4,201.0,178.6,188.0,208.1,211.6,186.5,194.3,188.7,188.8,192.4
ED-0082,1279,21:19,176.8,178.4,201.4,176.2,188.2,208.0,209.1,187.2,194.1,188.7,189.4,193.1
ED-0082,1280,21:20,178.8,177.7,199.6,177.5,188.0,206.8,210.8,186.2,194.1,187.9,188.9,193.2
ED-0082,1281,21:21,178.7,178.6,201.5,177.4,189.4,209.4,210.2,188.4,194.0,187.3,189.1,194.8
ED-0082,1282,21:22,178.9,177.3,200.7,176.9,188.2,207.9,210.3,187.4,195.0,187.7,190.1,193.3
ED-0082,1283,21:23,177.7,178.2,200.6,177.5,190.0,207.3,209.8,187.3,193.9,187.3,188.7,193.5
ED-0082,1284,21:24,177.6,177.7,201.5,176.5,187.9,206.4,210.3,184.8,194.8,187.5,189.3,192.2
ED-0082,1285,21:25,177.8,179.3,198.3,174.6,190.1,208.9,209.2,185.9,193.7,188.1,188.1,194.2
ED-0082,1286,21:26,178.1,179.0,200.7,177.0,189.2,206.6,210.0,186.8,194.7,185.8,188.5,192.8
ED-0082,1287,21:27,178.9,177.9,201.0,176.8,189.4,207.9,209.3,187.4,192.6,187.9,188.9,192.8
ED-0082,1288,21:28,178.6,178.9,200.4,177.5,190.4,207.3,211.1,185.6,195.0,186.3,188.8,193.3
ED-0082,1289,21:29,178.2,178.9,199.7,176.6,188.2,208.2,211.3,186.9,193.4,188.4,187.4,192.8
ED-0082,1290,21:30,178.9,178.5,201.5,176.5,188.2,208.6,211.5,185.8,193.8,186.6,188.7,192.8
ED-0082,1291,21:31,178.1,177.5,201.4,176.8,188.1,208.9,210.1,187.1,193.2,187.3,188.8,193.0
ED-0082,1292,21:32,178.0,178.2,200.3,176.0,188.1,207.7,210.6,186.0,192.9,188.1,188.6,193.2
ED-0082,1293,21:33,179.7,177.1,200.7,176.5,187.6,207.0,209.6,184.8,192.7,187.7,188.7,193.3
ED-0082,1294,21:34,178.0,177.0,199.3,176.5,189.1,208.3,210.5,186.3,194.0,188.8,189.1,192.7
ED-0082,1295,21:35,177.5,178.3,199.9,176.9,189.0,207.3,208.5,186.4,194.5,188.0,188.1,193.0
ED-0082,1296,21:36,179.8,176.6,200.2,177.2,189.7,207.3,210.2,183.8,194.5,188.6,190.3,192.8
ED-0082,1297,21:37,179.5,178.5,200.7,177.3,187.8,206.4,210.4,185.8,193.4,188.2,190.4,193.4
ED-0082,1298,21:38,177.1,179.3,201.9,177.5,188.8,207.9,210.9,187.1,194.1,188.0,189.3,193.3
ED-0082,1299,21:39,178.9,176.9,200.2,175.7,190.2,208.1,211.1,187.5,194.0,188.6,189.2,194.2
ED-0082,1300,21:40,179.1,176.4,199.8,177.8,190.2,207.6,210.9,187.0,192.0,187.0,187.5,191.7
ED-0082,1301,21:41,178.7,178.3,201.2,178.7,187.9,206.8,209.6,186.1,194.3,187.5,190.1,193.7
ED-0082,1302,21:42,177.7,177.3,200.4,177.0,190.2,207.7,211.7,187.0,193.1,188.3,188.5,192.4
ED-0082,1303,21:43,179.6,179.5,200.4,177.7,189.2,207.7,210.0,185.8,193.2,187.2,190.4,194.6
ED-0082,1304,21:44,178.8,178.3,200.9,177.5,190.4,205.9,209.0,188.2,192.8,187.2,188.3,191.8
ED-0082,1305,21:45,177.4,179.1,199.9,176.7,188.3,208.0,210.2,185.1,194.4,187.6,188.3,191.5
ED-0082,1306,21:46,178.4,179.5,198.3,178.7,190.2,208.4,210.6,187.6,194.6,187.1,189.0,192.7
ED-0082,1307,21:47,178.2,179.8,200.4,178.4,189.9,207.5,211.6,187.6,195.4,187.4,189.2,194.6
ED-0082,1308,21:48,177.4,178.8,200.4,178.2,190.3,207.1,210.3,187.8,192.8,187.4,189.7,191.9
ED-0082,1309,21:49,178.9,178.8,200.9,178.8,189.6,207.0,210.0,187.5,193.2,187.7,188.7,194.0
ED-0082,1310,21:50,178.7,178.8,201.3,177.3,188.5,208.6,211.7,187.6,193.8,188.5,189.2,193.5
ED-0082,1311,21:51,178.2,177.8,200.0,176.0,189.8,207.1,209.2,186.4,195.1,186.7,189.5,192.2
ED-0082,1312,21:52,181.1,177.8,200.0,178.0,189.3,208.4,209.3,186.4,193.2,188.2,187.2,193.0
ED-0082,1313,21:53,177.1,180.1,199.3,176.5,188.0,208.6,210.4,186.5,194.7,188.0,189.2,192.4
ED-0082,1314,21:54,177.5,178.0,200.2,177.5,190.4,208.9,210.8,186.9,194.4,188.2,188.4,192.8
ED-0082,1315,21:55,178.9,179.5,200.4,176.5,189.6,207.5,209.6,187.2,195.4,188.4,188.3,194.0
ED-0082,1316,21:56,178.8,179.3,200.4,176.6,188.5,208.6,212.0,186.5,194.3,187.9,188.3,192.3
ED-0082,1317,21:57,180.2,179.0,201.1,178.1,188.3,206.2,211.2,188.1,193.9,188.6,187.8,193.5
ED-0082,1318,21:58,178.8,179.1,200.4,177.7,188.0,207.8,211.4,185.8,194.0,187.1,188.0,193.4
ED-0082,1319,21:59,176.7,179.2,199.6,176.8,189.2,209.2,211.6,186.9,194.8,188.2,187.4,193.2
ED-0082,1320,22:00,178.3,179.0,199.7,176.8,188.8,206.2,211.3,186.0,192.1,188.9,188.0,191.9
ED-0082,1321,22:01,179.2,178.0,201.0,176.3,188.5,207.1,211.5,186.3,194.4,187.2,188.2,193.8
ED-0082,1322,22:02,178.0,178.5,200.1,177.0,189.4,207.4,209.9,186.5,193.2,186.8,189.0,194.7
ED-0082,1323,22:03,177.3,178.0,201.3,175.5,190.0,207.3,210.7,186.6,193.9,188.1,188.4,194.8
ED-0082,1324,22:04,178.1,180.0,201.8,176.7,189.3,207.5,212.8,186.6,192.4,186.7,189.0,193.2
ED-0082,1325,22:05,178.6,177.2,200.6,177.2,188.6,207.7,209.2,187.2,194.5,188.0,189.4,193.8
ED-0082,1326,22:06,179.0,179.2,201.5,177.1,190.0,206.8,210.3,186.7,193.2,187.2,189.0,192.9
ED-0082,1327,22:07,177.8,178.0,200.3,176.5,190.1,207.8,209.6,186.8,194.2,187.6,190.0,192.5
ED-0082,1328,22:08,177.7,177.8,199.6,175.7,189.4,206.8,210.9,185.7,194.7,188.1,188.8,193.6
ED-0082,1329,22:09,180.6,178.3,201.3,176.3,189.0,207.5,210.2,186.2,194.4,187.6,187.6,192.5
ED-0082,1330,22:10,177.0,178.8,200.4,177.1,188.6,206.9,208.8,186.0,193.6,187.9,188.3,193.3
ED-0082,1331,22:11,179.0,179.6,200.4,177.9,188.8,206.9,211.4,185.6,194.1,188.5,188.2,194.0
ED-0082,1332,22:12,178.8,176.9,201.0,177.2,188.5,207.9,212.5,186.8,194.4,186.4,189.3,193.2
ED-0082,1333,22:13,180.4,177.3,201.2,177.1,188.1,209.0,210.6,187.6,194.2,187.9,189.5,194.6
ED-0082,1334,22:14,179.5,177.6,199.2,175.6,189.0,207.9,210.1,187.1,194.9,187.3,188.7,193.2
ED-0082,1335,22:15,180.2,178.5,200.2,178.1,189.3,207.5,210.7,185.2,193.4,188.1,188.8,192.9
ED-0082,1336,22:16,180.8,177.6,201.3,177.7,187.7,208.0,207.8,187.8,194.3,186.4,189.8,193.1
ED-0082,1337,22:17,178.1,179.1,201.2,175.8,188.2,208.4,211.1,187.8,194.9,187.5,188.3,192.8
ED-0082,1338,22:18,178.4,180.2,199.4,177.4,188.7,207.4,211.8,186.6,194.0,187.4,188.8,192.1
ED-0082,1339,22:19,180.0,178.3,200.9,176.2,188.1,207.3,212.8,185.0,194.6,188.9,188.5,192.6
ED-0082,1340,22:20,178.1,179.2,201.3,177.3,188.7,206.6,210.4,184.8,194.7,185.3,189.1,193.6
ED-0082,1341,22:21,178.5,178.6,201.9,176.8,189.0,208.6,211.2,186.9,193.8,189.3,189.9,192.8
ED-0082,1342,22:22,178.0,177.4,199.6,176.9,189.2,206.7,211.7,186.0,193.0,188.2,187.7,193.1
ED-0082,1343,22:23,178.7,178.7,200.7,175.8,187.6,207.1,211.8,185.9,193.9,188.5,188.4,192.2
ED-0082,1344,22:24,179.3,177.3,200.0,177.1,190.3,206.4,211.3,186.3,194.1,188.3,190.1,192.1
ED-0082,1345,22:25,178.4,178.3,199.8,177.7,189.0,208.3,211.3,186.8,192.3,188.0,189.8,193.3
ED-0082,1346,22:26,177.5,178.4,201.0,176.4,188.8,206.8,211.1,185.9,193.9,186.4,189.6,193.0
ED-0082,1347,22:27,178.2,180.5,201.1,176.9,188.0,205.7,210.1,186.3,193.6,187.5,189.0,193.6
ED-0082,1348,22:28,179.7,177.6,199.6,175.9,187.4,207.3,210.1,185.4,194.0,188.3,189.1,193.1
ED-0082,1349,22:29,178.2,177.9,202.4,176.8,189.4,207.1,208.3,186.2,195.5,186.8,188.6,193.0
ED-0082,1350,22:30,177.8,178.7,200.5,176.5,189.3,207.7,209.7,184.5,194.2,187.3,190.1,193.3
ED-0082,1351,22:31,179.1,177.8,200.6,176.2,188.6,208.3,210.4,186.5,194.7,188.3,188.3,194.1
ED-0082,1352,22:32,178.7,178.9,199.2,177.6,187.7,207.0,211.6,187.9,194.9,187.0,190.3,192.8
ED-0082,1353,22:33,179.2,179.8,200.6,176.4,188.7,209.7,211.2,187.6,192.6,186.9,189.5,193.0
ED-0082,1354,22:34,178.6,177.7,201.2,178.5,188.2,208.2,210.8,187.0,194.4,186.7,188.9,192.7
ED-0082,1355,22:35,179.9,179.3,200.6,176.5,188.7,207.5,209.8,185.8,193.9,189.2,188.1,192.5
ED-0082,1356,22:36,179.6,178.3,200.5,177.7,189.4,207.8,209.4,186.2,195.6,186.5,187.3,192.5
ED-0082,1357,22:37,177.6,178.2,200.1,177.5,189.3,208.2,210.9,187.1,194.0,188.7,189.6,192.3
ED-0082,1358,22:38,178.3,178.0,201.2,178.0,188.4,207.0,210.2,186.7,193.6,186.8,188.0,192.6
ED-0082,1359,22:39,177.8,178.8,201.4,176.6,189.6,206.7,209.9,187.0,194.6,188.1,191.2,193.3
ED-0082,1360,22:40,177.6,179.3,200.2,178.0,189.2,208.8,211.9,186.8,193.8,188.8,188.8,193.5
ED-0082,1361,22:41,179.2,178.9,200.5,176.7,190.0,206.3,209.3,186.6,192.6,187.3,189.1,193.3
ED-0082,1362,22:42,178.0,177.8,199.8,177.3,189.4,207.3,210.4,186.6,194.3,187.6,190.7,192.8
ED-0082,1363,22:43,178.2,179.2,199.8,177.3,189.5,207.2,209.8,186.4,193.5,187.2,189.5,193.3
ED-0082,1364,22:44,179.0,177.2,201.3,176.5,189.0,208.3,210.6,186.7,193.6,187.2,189.4,193.9
ED-0082,1365,22:45,179.6,178.2,201.3,177.4,188.3,207.3,210.2,186.9,192.8,187.3,188.9,192.8
ED-0082,1366,22:46,177.5,178.0,200.4,176.6,188.5,207.7,210.6,187.2,195.4,187.1,188.2,194.1
ED-0082,1367,22:47,178.0,178.1,201.2,178.1,189.1,206.8,208.8,187.2,192.8,186.9,189.4,192.8
ED-0082,1368,22:48,178.4,179.7,200.7,175.8,188.4,208.9,211.6,185.7,195.0,188.8,189.2,194.0
ED-0082,1369,22:49,177.7,180.4,203.5,176.6,189.7,208.9,210.8,186.7,194.0,188.8,189.2,193.9
ED-0082,1370,22:50,179.6,178.1,199.9,177.2,187.3,207.4,211.3,187.5,194.1,187.6,190.7,192.3
ED-0082,1371,22:51,177.9,177.9,201.8,177.7,189.9,207.6,210.7,187.8,194.7,188.1,188.4,192.9
ED-0082,1372,22:52,178.8,177.4,201.1,177.8,190.1,209.0,211.3,185.5,193.5,187.6,187.7,192.4
ED-0082,1373,22:53,177.0,179.7,201.9,176.3,188.2,206.5,211.8,187.3,193.7,188.2,189.5,193.6
ED-0082,1374,22:54,175.7,177.5,200.7,176.5,189.5,206.8,209.3,186.9,192.6,186.4,188.9,194.6
ED-0082,1375,22:55,177.6,177.6,200.4,178.3,187.6,207.8,209.8,187.6,195.0,189.6,190.1,194.0
ED-0082,1376,22:56,179.4,177.4,200.4,177.8,188.1,206.7,211.5,185.6,194.3,188.9,187.6,194.9
ED-0082,1377,22:57,178.6,178.3,201.1,177.3,188.7,208.3,210.2,186.6,195.1,188.8,188.0,194.8
ED-0082,1378,22:58,178.2,178.7,201.1,176.1,188.2,208.9,209.9,186.0,193.7,187.8,188.8,193.4
ED-0082,1379,22:59,177.4,178.6,201.4,177.6,187.7,209.1,210.4,186.5,192.2,188.5,188.9,193.9
ED-0082,1380,23:00,177.7,178.5,200.4,174.9,189.7,206.0,211.5,187.2,194.5,188.3,188.2,193.3
ED-0082,1381,23:01,178.8,178.3,198.3,176.3,187.9,207.4,210.8,186.4,192.9,188.1,187.9,194.8
ED-0082,1382,23:02,177.8,178.8,200.9,175.0,188.1,206.9,210.0,186.9,195.3,190.5,189.6,192.4
ED-0082,1383,23:03,177.8,177.9,200.9,178.5,188.8,207.7,210.8,187.5,193.5,190.1,188.3,194.0
ED-0082,1384,23:04,178.6,178.8,200.5,176.9,189.0,206.4,210.8,188.0,192.5,187.8,187.5,193.1
ED-0082,1385,23:05,178.4,177.3,202.6,176.4,187.8,208.3,211.1,185.7,192.5,188.5,189.4,192.5
ED-0082,1386,23:06,179.3,179.5,200.8,177.3,190.3,206.5,210.8,187.5,193.9,188.3,188.8,192.8
ED-0082,1387,23:07,178.6,178.4,199.3,176.5,188.7,207.0,209.7,187.4,192.5,187.7,187.3,193.0
ED-0082,1388,23:08,177.9,179.3,201.2,175.7,189.4,208.0,210.6,186.0,193.2,185.5,189.0,193.7
ED-0082,1389,23:09,178.6,177.7,201.6,175.5,188.7,206.2,210.8,186.3,194.3,187.6,189.3,193.9
ED-0082,1390,23:10,178.0,178.6,200.8,177.5,189.3,207.3,209.6,187.5,195.1,186.8,188.2,194.8
ED-0082,1391,23:11,177.7,177.9,200.4,176.5,189.4,207.1,208.9,186.6,193.0,186.8,189.1,194.5
ED-0082,1392,23:12,179.3,177.7,201.1,175.9,188.1,206.6,209.0,186.4,193.1,188.4,188.1,192.9
ED-0082,1393,23:13,178.4,177.3,200.7,176.8,187.2,206.8,209.2,185.5,195.0,187.6,190.3,192.4
ED-0082,1394,23:14,179.2,178.7,200.1,177.4,187.8,208.1,212.3,185.6,194.5,187.7,188.4,191.2
ED-0082,1395,23:15,179.5,178.5,200.9,177.1,188.6,209.1,209.7,186.0,194.0,186.7,188.8,193.3
ED-0082,1396,23:16,178.4,179.1,199.2,176.8,188.0,208.0,211.4,187.2,194.8,187.9,189.0,194.4
ED-0082,1397,23:17,180.3,179.3,200.5,175.4,188.3,207.3,209.7,186.1,194.0,187.2,188.5,192.8
ED-0082,1398,23:18,178.4,178.5,200.6,178.1,189.2,207.7,210.5,187.1,192.6,187.3,188.2,192.8
ED-0082,1399,23:19,177.9,177.2,200.0,176.2,188.7,207.1,211.1,188.1,194.5,188.6,189.2,193.1
ED-0082,1400,23:20,177.9,178.5,202.6,176.4,188.8,208.7,212.7,184.2,195.4,188.8,190.6,193.2
ED-0082,1401,23:21,179.2,179.0,201.2,176.3,188.8,206.7,210.0,186.7,194.4,189.2,190.5,194.2
ED-0082,1402,23:22,178.4,178.1,201.1,177.0,188.7,208.4,210.1,186.5,194.5,187.3,190.7,192.7
ED-0082,1403,23:23,178.4,178.5,201.8,178.0,190.2,206.7,211.8,187.1,193.8,187.3,188.8,193.6
ED-0082,1404,23:24,177.6,178.1,200.0,176.1,191.0,208.1,208.4,187.7,194.4,187.9,189.0,193.1
ED-0082,1405,23:25,177.9,178.7,201.0,178.8,190.4,207.2,211.6,185.0,194.1,188.3,188.8,192.9
ED-0082,1406,23:26,178.4,179.0,200.7,178.2,187.9,206.6,210.6,185.8,194.5,185.5,190.4,193.2
ED-0082,1407,23:27,177.8,179.5,200.9,177.3,189.1,205.9,211.1,187.4,193.8,187.0,188.8,192.4
ED-0082,1408,23:28,177.8,177.4,201.0,176.0,187.7,207.5,211.0,185.6,195.0,189.1,190.5,193.7
ED-0082,1409,23:29,177.6,179.6,201.3,178.0,188.1,207.0,211.4,186.2,193.8,187.5,188.5,192.8
ED-0082,1410,23:30,178.7,176.3,199.3,176.5,188.9,207.9,210.2,187.0,193.7,188.0,187.8,192.7
ED-0082,1411,23:31,177.6,179.2,199.7,178.3,189.9,208.2,210.9,187.8,194.3,187.5,189.8,192.8
ED-0082,1412,23:32,177.6,178.7,200.3,176.5,188.7,207.4,210.1,185.1,193.8,188.1,189.5,193.3
ED-0082,1413,23:33,179.0,178.6,202.0,179.8,187.2,208.6,210.7,187.4,193.0,186.5,188.5,193.6
ED-0082,1414,23:34,178.2,176.9,201.0,177.9,187.3,207.1,210.2,187.9,193.9,187.7,188.9,192.7
ED-0082,1415,23:35,179.0,177.9,201.0,176.7,188.1,207.4,210.1,187.3,195.6,187.1,191.2,192.4
ED-0082,1416,23:36,178.2,178.6,200.0,176.9,189.5,204.9,210.6,186.0,192.6,185.9,189.4,193.3
ED-0082,1417,23:37,178.1,178.2,200.7,177.1,189.4,206.4,210.3,186.1,193.9,187.3,190.2,192.3
ED-0082,1418,23:38,179.2,179.2,198.2,177.2,188.3,207.8,210.8,186.8,193.1,188.3,189.1,193.6
ED-0082,1419,23:39,178.6,179.9,202.0,176.4,189.2,207.3,209.5,185.7,193.2,187.5,189.2,194.7
ED-0082,1420,23:40,176.7,178.7,200.7,176.8,188.5,207.1,209.3,186.7,193.6,187.8,188.1,192.8
ED-0082,1421,23:41,177.5,178.5,199.3,177.0,190.1,205.4,211.2,188.0,194.3,187.5,190.4,192.1
ED-0082,1422,23:42,178.6,177.2,200.4,177.8,189.9,206.3,211.4,186.5,193.9,188.6,189.3,193.0
ED-0082,1423,23:43,177.6,179.0,199.8,177.0,188.1,207.1,211.7,186.5,194.0,187.8,190.8,193.0
ED-0082,1424,23:44,177.7,179.0,200.1,177.2,188.7,207.4,210.3,185.5,195.7,187.3,189.8,193.1
ED-0082,1425,23:45,178.0,178.7,200.6,176.5,189.3,207.3,210.5,189.2,194.3,188.3,189.0,192.8
ED-0082,1426,23:46,179.0,177.9,198.2,176.8,188.6,207.8,209.6,186.8,193.7,186.9,190.2,193.8
ED-0082,1427,23:47,177.1,178.9,202.3,175.9,187.8,208.3,209.9,184.7,193.0,188.4,188.5,193.0
ED-0082,1428,23:48,180.1,178.7,200.1,176.3,189.5,207.7,211.8,187.6,192.6,187.3,188.5,193.5
ED-0082,1429,23:49,178.6,179.0,199.5,177.9,188.3,208.4,212.6,186.1,193.8,188.1,188.7,193.6
ED-0082,1430,23:50,179.0,179.6,200.9,176.8,188.2,207.9,208.9,186.6,192.7,188.2,189.8,193.4
ED-0082,1431,23:51,177.0,176.7,200.8,176.6,189.8,208.6,212.0,185.5,193.3,188.2,189.1,193.3
ED-0082,1432,23:52,178.2,179.4,201.9,177.0,188.6,208.1,211.2,186.0,193.6,187.1,188.2,193.6
ED-0082,1433,23:53,177.5,179.7,200.5,178.1,190.3,209.3,210.1,185.6,193.0,188.6,189.0,193.3
ED-0082,1434,23:54,178.6,180.9,200.8,176.9,188.8,207.2,211.2,186.5,194.3,188.1,188.3,193.7
ED-0082,1435,23:55,178.7,180.0,202.6,177.0,189.3,207.4,209.6,187.2,193.5,187.2,189.0,192.3
ED-0082,1436,23:56,177.8,178.5,200.5,177.1,189.5,208.4,210.2,186.4,194.5,188.3,187.0,194.1
ED-0082,1437,23:57,177.7,178.8,200.9,177.2,188.8,207.4,211.7,186.0,194.6,186.1,188.6,193.6
ED-0082,1438,23:58,177.4,180.0,200.5,176.7,189.1,207.0,210.5,185.9,192.7,188.2,190.4,194.3
ED-0082,1439,23:59,179.6,177.8,200.7,177.3,189.1,205.9,210.0,187.2,193.4,189.1,189.1,193.8
ED-0082,1440,24:00,178.8,177.2,200.1,176.8,189.4,208.4,209.2,185.9,193.6,186.2,188.4,192.2
ED-0082,1441,24:01,178.7,178.2,201.1,177.4,191.4,206.7,211.5,186.4,192.5,187.7,188.4,193.2
ED-0082,1442,24:02,179.4,179.0,199.7,178.6,189.5,207.1,210.8,186.3,193.4,188.0,190.5,193.4
ED-0082,1443,24:03,179.5,180.1,200.1,177.5,188.2,207.3,210.7,188.3,194.0,187.4,189.4,191.7
ED-0082,1444,24:04,178.7,178.0,200.9,177.6,188.6,208.0,209.6,187.1,193.7,188.2,190.5,192.5
ED-0082,1445,24:05,177.9,178.3,201.1,177.0,187.7,208.0,211.0,186.0,193.1,186.4,189.7,193.6
ED-0082,1446,24:06,178.0,177.6,199.8,176.7,189.8,208.0,210.1,187.5,193.6,187.4,188.8,193.9
ED-0082,1447,24:07,178.4,177.4,201.3,175.2,188.4,207.0,212.1,187.6,194.4,186.9,188.2,193.1
ED-0082,1448,24:08,177.6,180.2,199.7,176.9,188.2,206.3,211.3,187.2,194.4,186.5,190.0,194.3
ED-0082,1449,24:09,178.7,178.6,198.8,176.7,188.6,207.0,210.0,185.7,193.2,187.4,190.5,192.9
ED-0082,1450,24:10,178.6,178.5,201.6,177.0,189.6,209.0,208.8,186.7,194.0,187.3,187.6,193.7
ED-0082,1451,24:11,179.0,178.0,201.7,177.8,188.3,208.0,209.1,186.6,194.1,188.2,189.3,194.9
ED-0082,1452,24:12,178.0,178.4,200.0,176.9,190.0,206.7,210.8,185.5,193.7,187.5,188.7,191.9
ED-0082,1453,24:13,178.0,178.4,200.4,177.2,188.5,207.0,211.4,186.9,195.1,189.0,190.1,193.0
ED-0082,1454,24:14,178.9,178.5,200.6,175.3,189.1,208.9,210.3,186.7,193.6,186.9,188.5,193.7
ED-0082,1455,24:15,178.1,176.8,201.6,176.7,189.5,208.2,213.1,187.0,194.3,188.8,188.7,192.4
ED-0082,1456,24:16,178.4,179.2,200.6,177.3,188.2,207.0,210.7,186.6,193.9,186.5,190.3,194.4
ED-0082,1457,24:17,179.1,178.4,200.4,177.0,189.7,207.9,212.0,185.3,194.8,186.7,188.8,191.9
ED-0082,1458,24:18,179.5,177.6,201.9,177.4,189.2,208.5,210.0,187.9,192.3,186.5,187.9,194.5
ED-0082,1459,24:19,179.3,178.5,201.5,176.2,188.3,208.4,209.8,186.5,193.3,187.2,188.4,193.3
ED-0082,1460,24:20,177.4,179.4,201.4,176.9,188.0,207.7,210.3,185.3,194.0,186.0,188.3,193.0
ED-0082,1461,24:21,179.0,179.4,200.4,176.4,189.3,207.3,210.2,185.8,193.5,188.1,191.0,194.5
ED-0082,1462,24:22,179.9,177.9,199.6,176.7,189.5,206.9,209.8,187.2,193.7,189.1,188.9,191.7
ED-0082,1463,24:23,177.2,177.5,201.3,175.7,188.3,207.9,211.1,187.4,192.6,186.7,187.8,193.6
ED-0082,1464,24:24,178.8,178.1,200.8,176.5,189.4,206.8,210.8,187.2,193.4,188.2,189.6,192.0
ED-0082,1465,24:25,178.6,179.2,200.7,177.5,189.3,208.0,211.1,187.6,194.2,186.5,188.8,192.1
ED-0082,1466,24:26,179.0,178.9,199.7,177.6,189.3,207.7,212.0,186.9,192.6,188.2,189.3,194.9
ED-0082,1467,24:27,178.6,177.6,200.4,177.0,188.3,207.0,210.2,187.4,193.1,189.0,188.7,193.2
ED-0082,1468,24:28,178.1,177.5,201.2,177.3,189.1,207.8,210.1,187.0,193.2,186.6,188.5,192.6
ED-0082,1469,24:29,179.0,178.9,200.4,177.4,188.9,208.0,208.7,186.6,194.8,185.3,189.6,193.2
ED-0082,1470,24:30,178.4,178.4,200.0,178.3,187.9,207.1,209.7,185.0,193.7,186.7,189.2,192.6
ED-0082,1471,24:31,179.7,178.3,200.1,177.6,188.7,209.0,210.6,187.1,194.0,185.8,188.9,191.8
ED-0082,1472,24:32,177.8,178.6,200.7,178.3,189.7,207.0,211.9,186.6,194.3,187.3,188.8,194.4
ED-0082,1473,24:33,178.1,178.2,200.0,177.3,188.5,207.6,211.4,188.1,193.9,187.5,189.0,193.9
ED-0082,1474,24:34,178.7,179.1,200.0,178.4,187.8,207.9,212.5,186.5,193.3,187.7,189.0,192.8
ED-0082,1475,24:35,178.2,176.8,201.2,176.6,185.9,207.8,210.5,186.5,193.3,188.3,188.7,193.7
ED-0082,1476,24:36,179.1,178.3,201.1,176.8,187.8,208.1,212.0,186.9,194.8,187.9,188.6,192.5
ED-0082,1477,24:37,179.7,177.9,202.4,177.5,187.7,208.8,211.2,185.6,193.0,187.5,188.0,192.4
ED-0082,1478,24:38,179.0,178.3,201.4,177.6,188.5,209.2,211.8,187.9,194.3,186.8,188.1,193.3
ED-0082,1479,24:39,179.4,179.1,201.9,178.1,190.2,206.4,208.0,187.2,193.3,188.1,190.9,193.7
ED-0082,1480,24:40,179.1,178.4,199.1,178.2,190.9,207.1,209.5,185.8,192.5,189.0,189.2,193.7
ED-0082,1481,24:41,180.0,178.3,200.5,177.6,187.4,207.1,210.2,186.8,195.1,187.9,188.5,193.4
ED-0082,1482,24:42,178.0,179.4,200.9,177.4,189.4,208.0,209.9,185.2,193.9,186.3,189.2,193.7
ED-0082,1483,24:43,177.2,177.7,201.2,177.2,190.5,207.0,209.2,187.8,192.9,188.0,189.8,193.7
ED-0082,1484,24:44,179.8,177.8,200.4,177.6,189.0,207.7,209.8,183.9,195.1,186.7,189.1,193.1
ED-0082,1485,24:45,178.0,178.0,199.9,177.2,189.7,206.7,210.2,186.3,194.8,187.6,189.8,193.0
ED-0082,1486,24:46,178.7,179.9,200.7,177.0,190.0,207.4,210.5,186.4,194.8,189.8,187.1,193.1
ED-0082,1487,24:47,178.9,178.4,198.9,175.8,189.8,206.6,211.2,185.9,193.9,187.5,188.6,192.8
ED-0082,1488,24:48,178.0,178.8,200.4,176.7,190.5,207.3,210.2,187.0,193.9,188.1,191.0,192.3
ED-0082,1489,24:49,178.2,178.0,201.8,177.1,187.7,207.5,210.3,185.6,193.1,186.9,188.1,192.1
ED-0082,1490,24:50,178.8,179.0,200.9,177.2,188.2,208.0,210.2,185.7,194.5,188.8,189.0,193.2
ED-0082,1491,24:51,179.3,179.6,201.0,177.1,188.5,206.9,211.9,187.1,193.3,187.3,190.7,192.7
ED-0082,1492,24:52,178.5,177.4,200.7,174.3,188.4,208.5,210.8,185.7,194.2,189.0,188.8,192.4
ED-0082,1493,24:53,178.0,177.2,199.5,176.8,189.4,207.6,209.3,186.8,192.7,188.5,189.3,193.7
ED-0082,1494,24:54,178.9,178.1,201.7,176.9,187.5,207.1,210.0,187.5,195.6,188.2,189.1,192.8
ED-0082,1495,24:55,177.6,178.1,200.5,176.9,188.4,206.8,208.8,186.0,195.2,188.6,189.1,192.3
ED-0082,1496,24:56,177.8,179.5,201.8,178.3,189.3,206.5,212.0,187.0,192.8,187.5,189.3,193.1
ED-0082,1497,24:57,179.5,179.2,200.7,177.2,189.4,206.5,211.0,185.6,192.7,187.7,189.5,192.6
ED-0082,1498,24:58,179.6,178.4,200.7,176.2,188.3,209.7,211.3,187.6,193.9,188.6,189.2,192.8
ED-0082,1499,24:59,179.7,178.7,199.7,177.0,188.8,205.7,210.0,186.3,194.7,189.0,188.4,192.7
ED-0082,1500,25:00,179.0,177.8,200.1,177.8,190.2,208.1,209.9,186.7,195.6,186.7,189.6,193.5
ED-0082,1501,25:01,177.4,178.4,200.8,176.9,189.8,206.2,208.6,186.2,192.9,187.8,187.8,192.8
ED-0082,1502,25:02,179.3,178.2,199.7,177.5,189.1,206.9,210.2,186.4,192.3,187.0,188.3,192.9
ED-0082,1503,25:03,178.9,179.2,199.2,174.8,190.0,208.2,211.4,186.8,194.9,187.3,188.5,192.6
ED-0082,1504,25:04,179.7,180.0,200.9,178.0,190.2,206.4,211.1,184.1,192.2,187.6,187.6,191.4
ED-0082,1505,25:05,179.3,178.0,201.2,179.2,189.3,206.8,212.5,186.1,191.9,186.9,189.6,193.2
ED-0082,1506,25:06,177.8,178.4,201.8,177.4,189.0,206.5,210.0,186.6,195.5,188.5,190.0,192.9
ED-0082,1507,25:07,178.8,179.3,200.9,176.3,189.0,208.5,211.2,188.4,194.0,186.9,190.0,193.1
ED-0082,1508,25:08,179.0,177.4,200.4,177.2,189.5,209.2,210.8,187.2,192.2,188.5,187.7,192.5
ED-0082,1509,25:09,179.3,178.3,201.9,177.3,188.6,208.1,210.1,186.7,193.1,186.9,189.6,192.4
ED-0082,1510,25:10,178.9,179.4,201.2,177.1,189.3,208.7,209.1,185.5,193.8,187.6,189.2,191.3
ED-0082,1511,25:11,177.5,178.2,200.7,177.3,189.9,208.0,210.6,187.1,194.1,188.1,187.9,192.3
ED-0082,1512,25:12,178.2,179.3,200.9,176.4,189.6,208.5,211.8,186.4,193.4,189.1,186.9,194.3
ED-0082,1513,25:13,178.0,178.8,200.0,178.1,187.8,207.9,211.2,187.9,194.1,187.7,190.1,193.2
ED-0082,1514,25:14,177.4,177.1,201.4,177.9,191.4,206.6,211.0,186.5,194.3,189.0,189.9,193.5
ED-0082,1515,25:15,177.5,178.6,201.0,176.9,188.6,208.2,210.2,186.8,195.2,187.1,187.9,193.1
ED-0082,1516,25:16,179.0,178.4,201.6,176.7,188.2,207.7,210.4,186.8,194.0,188.7,188.2,192.8
ED-0082,1517,25:17,177.6,178.4,200.0,176.5,188.6,208.9,210.0,186.8,193.3,187.2,187.2,192.8
ED-0082,1518,25:18,179.4,176.7,200.9,176.9,188.9,208.5,211.8,188.3,193.9,186.7,188.8,192.5
ED-0082,1519,25:19,178.6,178.5,200.5,176.9,188.8,206.9,212.1,187.5,193.6,186.5,190.6,192.8
ED-0082,1520,25:20,177.9,178.3,200.4,176.1,188.2,207.3,211.5,187.1,193.0,187.2,190.9,192.6
ED-0082,1521,25:21,180.5,177.8,199.9,178.1,188.7,206.7,211.0,186.9,194.2,188.3,189.6,192.8
ED-0082,1522,25:22,177.7,178.2,200.0,175.8,187.7,206.8,209.5,186.3,193.9,187.8,188.6,193.2
ED-0082,1523,25:23,178.9,178.5,200.1,177.4,189.5,207.1,210.4,187.8,193.8,187.0,189.9,191.7
ED-0082,1524,25:24,178.3,178.9,198.7,179.4,187.5,207.1,211.3,185.9,193.3,187.8,189.3,193.0
ED-0082,1525,25:25,179.2,177.5,200.3,179.0,187.6,207.0,210.4,187.4,193.9,187.3,188.7,192.9
ED-0082,1526,25:26,179.4,177.7,201.4,178.0,188.8,208.6,210.2,186.7,192.7,187.2,189.3,193.3
ED-0082,1527,25:27,177.1,178.3,200.2,177.5,190.0,207.5,210.8,187.5,193.8,187.2,189.7,193.6
ED-0082,1528,25:28,178.0,178.7,201.0,178.2,189.4,207.2,211.2,187.7,193.7,186.8,189.4,194.1
ED-0082,1529,25:29,179.5,178.2,201.4,176.7,188.5,207.7,210.4,185.9,195.0,187.7,188.5,193.2
ED-0082,1530,25:30,177.3,178.5,200.1,175.5,187.8,208.5,209.5,185.8,193.2,188.3,188.0,192.5
ED-0082,1531,25:31,176.0,177.7,201.8,175.2,188.7,207.4,209.1,184.3,195.4,187.6,188.1,193.0
ED-0082,1532,25:32,178.4,178.6,200.0,177.6,189.1,207.5,212.0,186.4,192.5,186.5,189.7,193.1
ED-0082,1533,25:33,177.7,178.6,200.7,176.1,188.3,207.7,209.4,186.1,194.6,189.8,189.2,193.4
ED-0082,1534,25:34,179.7,178.3,199.9,177.2,188.4,207.6,209.5,187.0,194.6,187.4,189.8,194.1
ED-0082,1535,25:35,178.2,179.9,201.0,175.7,187.9,207.4,211.0,186.8,194.2,187.1,189.0,192.2
ED-0082,1536,25:36,179.8,178.6,199.5,177.1,189.7,208.8,210.3,186.9,194.1,187.3,188.0,192.5
ED-0082,1537,25:37,179.5,178.1,201.1,176.2,188.9,206.4,210.3,186.2,193.4,186.7,188.4,191.5
ED-0082,1538,25:38,177.9,178.0,199.3,175.6,189.2,207.7,209.3,185.7,194.1,188.1,189.8,192.5
ED-0082,1539,25:39,178.5,177.8,200.6,178.6,189.5,207.7,211.4,187.1,192.9,187.2,188.1,193.8
ED-0082,1540,25:40,179.0,178.2,199.8,175.8,189.0,207.4,210.1,186.6,193.4,187.9,186.7,193.0
ED-0082,1541,25:41,176.7,178.2,200.1,177.5,188.1,206.8,209.9,185.8,193.4,187.4,190.2,194.1
ED-0082,1542,25:42,177.9,179.4,200.9,176.6,189.9,207.1,209.9,186.4,194.1,187.3,189.3,193.0
ED-0082,1543,25:43,177.1,179.3,201.4,175.7,187.9,206.7,210.6,187.7,194.7,187.6,188.7,193.9
ED-0082,1544,25:44,175.7,176.6,200.3,177.5,189.9,208.1,211.4,185.4,194.7,187.8,189.4,193.1
ED-0082,1545,25:45,179.9,177.7,199.2,177.6,189.0,209.4,210.8,185.9,194.3,189.1,189.0,193.1
ED-0082,1546,25:46,178.5,176.7,201.6,175.8,189.1,208.5,210.3,186.4,194.6,187.8,188.8,193.5
ED-0082,1547,25:47,178.8,178.7,200.1,177.8,187.3,207.0,209.4,187.9,194.8,188.1,189.3,192.9
ED-0082,1548,25:48,178.7,178.0,201.3,177.5,188.3,207.2,208.8,186.5,194.7,188.0,189.2,192.0
ED-0082,1549,25:49,177.7,178.5,200.0,178.4,189.3,207.4,210.1,184.5,193.8,189.2,188.0,194.2
ED-0082,1550,25:50,178.8,180.0,199.5,177.9,187.9,208.9,210.3,185.7,194.1,187.1,189.2,194.3
ED-0082,1551,25:51,178.1,177.9,200.5,177.3,187.5,207.2,210.5,187.1,193.9,188.4,188.2,194.5
ED-0082,1552,25:52,177.7,178.2,201.3,178.5,189.9,208.6,211.2,185.3,194.7,187.2,187.8,192.7
ED-0082,1553,25:53,179.7,177.5,201.6,176.9,189.0,206.9,210.1,186.4,193.0,188.3,187.9,193.0
ED-0082,1554,25:54,179.1,177.6,201.1,177.7,189.5,207.4,208.9,185.5,193.6,187.7,188.6,193.7
ED-0082,1555,25:55,179.4,177.8,199.1,177.3,188.6,208.0,210.6,186.6,194.9,187.9,189.2,192.1
ED-0082,1556,25:56,177.6,178.9,201.8,177.7,188.8,208.2,208.5,186.5,193.6,189.0,190.1,193.2
ED-0082,1557,25:57,177.8,178.5,200.7,178.3,188.0,207.1,211.2,186.9,193.6,186.6,188.4,194.1
ED-0082,1558,25:58,180.2,179.6,199.7,178.0,189.9,208.6,208.3,186.6,194.4,186.6,189.3,194.2
ED-0082,1559,25:59,179.2,179.6,201.5,178.3,188.1,206.9,211.7,186.9,192.2,187.4,188.8,193.8
ED-0082,1560,26:00,178.4,178.3,200.8,176.6,187.1,208.2,210.2,186.8,194.1,188.4,189.6,194.0
ED-0082,1561,26:01,177.5,177.8,199.4,176.4,189.3,206.3,211.1,185.1,192.7,187.4,188.8,193.1
ED-0082,1562,26:02,178.3,178.1,199.4,177.7,188.4,207.3,208.4,185.8,195.9,187.0,189.0,193.6
ED-0082,1563,26:03,178.4,177.5,199.8,176.4,188.8,208.1,211.5,185.8,194.1,187.8,188.1,192.5
ED-0082,1564,26:04,178.6,178.4,201.6,176.5,189.9,208.8,210.6,187.0,195.3,187.2,189.8,194.0
ED-0082,1565,26:05,178.3,178.1,199.5,177.1,190.0,208.5,210.8,187.1,194.5,186.2,189.2,192.3
ED-0082,1566,26:06,177.8,178.1,198.5,177.7,187.7,207.4,210.9,187.0,195.2,186.6,188.9,192.0
ED-0082,1567,26:07,177.8,178.3,200.7,177.0,188.6,207.8,210.4,185.1,192.7,188.7,189.1,192.1
ED-0082,1568,26:08,177.6,179.6,200.7,176.4,187.5,206.9,210.3,186.4,193.6,185.6,189.7,192.6
ED-0082,1569,26:09,178.1,179.2,201.4,177.6,189.4,207.9,209.8,185.8,194.0,187.0,188.9,192.8
ED-0082,1570,26:10,178.8,178.7,201.8,176.8,188.1,207.4,210.0,187.0,193.0,187.4,189.1,192.4
ED-0082,1571,26:11,177.8,178.8,200.7,178.2,188.4,207.8,210.8,186.7,194.0,187.6,188.8,191.9
ED-0082,1572,26:12,178.5,179.7,202.0,175.8,188.2,207.6,210.6,186.6,193.1,187.3,188.0,194.4
ED-0082,1573,26:13,179.0,178.6,201.0,176.5,189.5,209.3,211.7,186.5,194.2,188.1,187.9,194.4
ED-0082,1574,26:14,178.4,179.8,200.8,176.6,190.1,209.3,210.0,184.8,194.5,188.2,186.7,193.6
ED-0082,1575,26:15,178.1,177.4,200.1,178.6,189.3,206.6,211.4,187.1,192.8,186.6,189.6,193.2
ED-0082,1576,26:16,179.5,178.1,200.8,175.8,189.1,207.6,210.1,186.7,194.7,186.9,188.9,193.4
ED-0082,1577,26:17,180.0,177.3,199.4,177.9,189.6,206.7,210.2,185.2,193.9,186.6,188.5,193.6
ED-0082,1578,26:18,177.4,177.1,202.1,176.7,190.5,207.1,209.9,185.9,193.8,188.3,190.2,192.7
ED-0082,1579,26:19,179.1,178.2,199.9,177.8,189.3,206.8,210.1,185.5,193.8,186.5,189.4,191.5
ED-0082,1580,26:20,179.2,179.4,201.0,176.3,189.6,208.3,210.6,187.3,193.8,187.4,188.0,193.2
ED-0082,1581,26:21,179.6,178.5,201.2,178.5,189.2,207.4,210.0,188.1,193.5,187.1,188.2,191.7
ED-0082,1582,26:22,178.4,177.0,201.7,176.3,188.0,206.3,209.5,187.2,193.6,187.9,189.1,194.6
ED-0082,1583,26:23,180.9,178.2,201.3,177.5,187.4,207.3,210.7,187.3,193.6,188.9,189.0,193.1
ED-0082,1584,26:24,178.1,178.0,200.2,176.7,186.9,206.4,210.0,186.8,193.8,188.1,188.8,192.7
ED-0082,1585,26:25,180.6,179.4,199.0,178.9,190.0,208.9,210.9,186.5,193.6,187.8,189.4,193.8
ED-0082,1586,26:26,179.5,179.0,200.4,177.3,188.1,207.0,209.7,186.6,193.1,189.2,189.7,193.7
ED-0082,1587,26:27,177.6,177.5,200.3,176.5,187.5,208.8,211.2,186.2,193.5,188.2,189.2,193.7
ED-0082,1588,26:28,180.3,176.6,202.4,177.0,188.0,208.2,208.8,184.2,194.6,187.8,189.1,192.6
ED-0082,1589,26:29,178.2,177.8,200.3,178.0,187.6,208.9,210.4,187.6,192.2,187.9,187.6,192.4
ED-0082,1590,26:30,178.7,179.4,200.2,176.1,189.3,208.3,209.8,185.4,193.6,187.8,190.2,192.0
ED-0082,1591,26:31,178.3,178.6,200.1,177.2,188.5,208.8,210.1,187.1,192.6,188.3,189.3,193.4
ED-0082,1592,26:32,178.6,178.2,200.6,175.9,189.3,206.7,210.7,187.4,192.8,188.4,189.1,193.9
ED-0082,1593,26:33,178.1,179.3,201.2,178.1,187.8,208.6,210.0,187.2,195.5,188.9,190.5,190.5
ED-0082,1594,26:34,178.1,180.1,200.4,176.0,188.6,207.3,210.2,187.5,192.3,186.8,187.5,193.4
ED-0082,1595,26:35,179.1,179.3,200.9,177.3,189.3,207.8,211.7,187.6,192.9,186.7,189.4,193.3
ED-0082,1596,26:36,177.8,178.5,200.1,177.1,189.6,207.6,209.2,186.5,195.4,187.5,189.3,194.5
ED-0082,1597,26:37,178.6,178.6,199.4,177.5,188.3,207.2,209.1,186.2,192.1,188.9,188.6,193.8
ED-0082,1598,26:38,178.5,178.4,201.8,178.7,189.1,207.4,210.5,185.6,195.7,186.8,189.5,191.9
ED-0082,1599,26:39,178.7,177.5,200.5,177.3,188.4,209.5,211.0,187.3,192.0,187.2,189.5,194.0
ED-0082,1600,26:40,177.3,178.6,200.5,177.9,188.5,207.9,209.1,186.7,193.4,187.9,189.3,193.4
ED-0082,1601,26:41,178.8,179.2,202.8,177.4,187.8,207.1,211.3,185.6,194.5,188.1,189.6,194.0
ED-0082,1602,26:42,178.8,178.7,200.0,176.7,188.9,207.5,212.6,187.0,193.3,188.1,189.6,194.0
ED-0082,1603,26:43,178.2,178.3,201.6,176.6,189.1,207.1,209.9,186.1,193.0,187.1,188.5,193.5
ED-0082,1604,26:44,178.9,177.4,201.4,177.5,187.8,206.4,209.8,185.7,193.8,188.1,190.2,193.0
ED-0082,1605,26:45,178.6,178.3,199.2,176.9,189.5,206.8,210.8,187.6,192.4,187.1,189.4,193.5
ED-0082,1606,26:46,176.0,177.6,201.5,177.0,188.4,207.9,210.0,186.1,194.1,186.8,189.2,193.4
ED-0082,1607,26:47,177.6,178.2,200.9,176.2,187.8,207.1,210.5,186.6,193.7,186.4,188.7,192.4
ED-0082,1608,26:48,177.0,179.9,202.2,178.3,189.0,208.2,209.5,184.6,193.9,188.8,188.7,193.1
ED-0082,1609,26:49,178.7,176.8,199.4,176.9,189.2,207.9,209.7,186.7,193.4,186.0,188.3,192.1
ED-0082,1610,26:50,178.5,177.9,202.0,175.6,188.5,206.9,209.9,186.7,194.8,188.1,188.3,192.7
ED-0082,1611,26:51,178.6,177.1,200.1,177.8,188.6,205.4,209.7,185.9,192.7,186.3,189.7,193.5
ED-0082,1612,26:52,177.4,176.8,199.0,177.0,188.0,207.7,210.1,186.6,193.7,185.8,187.3,193.7
ED-0082,1613,26:53,179.9,178.0,200.4,178.9,189.3,208.4,210.3,185.4,192.9,188.6,188.6,192.3
ED-0082,1614,26:54,179.1,178.2,200.5,177.0,188.4,205.7,211.6,187.4,194.0,186.4,189.1,192.9
ED-0082,1615,26:55,177.6,179.0,200.9,176.3,188.6,207.9,210.7,188.2,193.7,188.5,191.1,194.5
ED-0082,1616,26:56,178.8,179.5,200.2,176.1,189.0,207.8,210.5,186.4,194.9,187.2,188.7,193.0
ED-0082,1617,26:57,179.9,179.1,200.9,177.0,189.3,206.4,208.9,186.5,194.9,188.1,189.0,193.3
ED-0082,1618,26:58,179.0,179.0,200.4,176.3,188.2,208.1,211.3,186.5,193.7,187.8,186.9,194.0
ED-0082,1619,26:59,178.1,177.5,201.5,176.6,190.5,208.7,211.8,187.4,194.1,188.1,189.0,192.0
ED-0082,1620,27:00,177.8,176.9,201.5,177.3,188.3,208.5,209.9,187.0,195.5,189.2,189.4,194.0
ED-0082,1621,27:01,179.6,177.4,199.5,176.4,188.1,209.2,209.2,185.1,194.0,188.3,188.9,193.8
ED-0082,1622,27:02,177.8,179.0,200.7,177.2,188.9,208.4,211.0,186.5,194.5,186.9,188.4,193.9
ED-0082,1623,27:03,176.5,178.0,200.1,177.2,188.6,207.1,210.3,186.6,194.3,186.7,189.9,192.8
ED-0082,1624,27:04,179.0,179.8,200.5,178.1,187.4,206.6,210.2,186.7,194.6,187.3,191.5,192.2
ED-0082,1625,27:05,177.0,177.3,201.2,177.0,188.5,207.6,209.4,186.4,194.1,187.6,189.6,192.3
ED-0082,1626,27:06,179.5,178.3,200.1,176.2,188.6,208.1,210.2,187.5,193.3,187.7,189.9,193.7
ED-0082,1627,27:07,179.2,178.0,199.9,177.5,187.9,207.0,209.9,187.8,194.1,188.1,189.8,193.2
ED-0082,1628,27:08,178.1,179.6,200.3,176.1,188.5,207.1,209.3,188.0,193.8,187.4,189.6,193.7
ED-0082,1629,27:09,178.6,178.0,200.4,176.3,189.7,207.4,212.8,185.6,193.8,187.6,189.5,194.1
ED-0082,1630,27:10,177.9,177.7,202.4,176.9,187.7,208.7,211.3,186.6,194.4,186.5,188.8,193.4
ED-0082,1631,27:11,180.8,180.0,201.1,177.0,188.1,207.7,210.1,187.2,192.2,187.6,188.5,193.0
ED-0082,1632,27:12,179.7,177.8,199.7,178.0,188.0,207.6,211.0,186.8,192.5,187.9,190.1,192.7
ED-0082,1633,27:13,179.0,178.9,200.4,177.0,189.4,208.8,211.0,185.6,193.2,189.2,187.7,192.5
ED-0082,1634,27:14,180.1,180.1,200.8,176.9,188.1,206.5,211.8,186.6,194.2,186.9,189.4,191.3
ED-0082,1635,27:15,179.2,179.0,201.0,177.2,188.7,205.6,211.1,187.2,194.4,188.3,188.4,193.6
ED-0082,1636,27:16,178.1,177.8,200.3,175.7,187.8,208.0,211.0,186.2,192.6,188.4,190.2,192.4
ED-0082,1637,27:17,178.4,177.6,199.7,175.4,187.6,207.8,209.6,187.2,192.7,187.0,189.2,191.2
ED-0082,1638,27:18,179.8,179.6,200.4,178.2,189.9,207.7,210.5,186.0,193.6,187.5,189.3,191.3
ED-0082,1639,27:19,177.2,178.3,200.5,178.8,189.2,207.9,209.2,186.7,195.3,188.2,189.8,194.2
ED-0082,1640,27:20,177.6,177.8,201.5,175.9,190.3,209.1,209.7,187.7,193.2,189.3,191.4,193.7
ED-0082,1641,27:21,178.0,177.9,200.8,175.9,189.6,207.8,209.1,186.9,192.4,187.4,189.0,193.8
ED-0082,1642,27:22,179.8,178.2,200.2,175.8,188.8,207.7,211.4,185.6,194.6,187.9,187.8,192.2
ED-0082,1643,27:23,178.1,179.3,200.0,176.6,188.7,207.0,211.4,186.8,193.6,189.0,189.3,191.3
ED-0082,1644,27:24,178.0,176.9,201.3,176.9,189.4,206.2,210.4,187.4,192.8,189.1,188.2,192.9
ED-0082,1645,27:25,179.2,178.4,199.7,178.2,189.9,207.2,210.8,185.7,194.8,188.7,188.7,192.9
ED-0082,1646,27:26,180.7,178.5,200.7,177.5,188.3,207.0,208.8,187.8,194.1,187.7,189.0,192.5
ED-0082,1647,27:27,179.8,178.8,199.9,177.9,189.4,206.0,211.3,186.0,194.1,187.8,191.3,193.5
ED-0082,1648,27:28,178.8,178.3,201.7,176.8,189.2,208.8,210.9,186.5,194.5,188.9,187.5,193.8
ED-0082,1649,27:29,178.6,176.7,201.9,177.3,186.8,207.7,208.9,187.1,194.6,188.0,189.2,191.9
ED-0082,1650,27:30,179.3,179.2,199.9,177.8,188.8,207.3,209.7,185.4,192.3,186.7,188.4,192.0
ED-0082,1651,27:31,178.3,177.3,199.8,175.8,189.6,207.7,209.9,187.2,194.3,187.7,189.3,192.9
ED-0082,1652,27:32,178.2,178.6,201.9,176.9,189.6,208.1,209.6,186.4,194.0,186.9,188.6,192.4
ED-0082,1653,27:33,178.8,178.0,199.8,176.4,189.1,208.6,210.5,185.9,194.5,187.6,189.7,192.0
ED-0082,1654,27:34,178.7,177.1,200.6,175.3,188.5,209.2,209.9,187.0,196.0,186.9,188.2,193.5
ED-0082,1655,27:35,177.7,177.9,201.0,177.5,188.3,207.6,211.2,185.6,193.8,187.4,188.3,193.1
ED-0082,1656,27:36,177.9,177.6,199.9,177.4,188.5,207.7,211.3,187.6,193.6,188.5,189.5,193.7
ED-0082,1657,27:37,178.2,178.5,200.9,177.1,189.0,207.5,210.2,185.8,193.1,189.1,188.1,193.3
ED-0082,1658,27:38,179.3,178.7,202.8,176.6,189.6,206.8,211.3,186.1,192.6,186.9,187.0,192.3
ED-0082,1659,27:39,177.9,179.0,199.4,177.6,189.8,206.6,210.6,186.1,193.6,187.6,189.0,193.0
ED-0082,1660,27:40,179.3,178.6,200.1,177.5,189.2,207.5,210.5,187.1,193.8,186.2,189.6,195.1
ED-0082,1661,27:41,177.9,177.1,199.3,176.9,189.0,208.0,210.0,187.1,193.6,186.8,189.4,192.0
ED-0082,1662,27:42,177.8,178.7,201.3,177.4,188.5,206.5,211.8,186.2,193.3,186.3,189.0,191.7
ED-0082,1663,27:43,176.7,178.9,201.2,178.5,188.6,208.0,210.5,187.6,193.8,188.0,191.1,191.6
ED-0082,1664,27:44,178.7,178.8,200.7,177.4,188.6,207.8,212.3,187.4,193.1,187.8,189.7,192.0
ED-0082,1665,27:45,178.2,179.1,199.8,177.4,188.7,207.8,209.0,187.1,194.2,188.0,188.4,193.1
ED-0082,1666,27:46,179.1,177.0,200.4,177.3,188.3,206.7,210.7,185.6,194.7,188.0,188.5,191.9
ED-0082,1667,27:47,177.4,178.2,201.0,178.1,188.6,207.5,211.5,186.5,193.1,186.4,189.3,191.6
ED-0082,1668,27:48,180.1,177.4,201.1,177.4,188.4,208.9,211.8,185.4,195.4,186.7,188.9,193.5
ED-0082,1669,27:49,179.3,177.0,200.9,177.5,189.2,209.0,211.6,186.6,194.6,189.4,188.6,193.4
ED-0082,1670,27:50,178.9,178.4,201.0,178.1,187.5,207.4,210.3,186.7,194.0,188.3,190.8,192.9
ED-0082,1671,27:51,178.9,177.6,198.8,177.2,188.4,206.1,209.9,184.1,193.7,185.8,186.6,193.6
ED-0082,1672,27:52,177.1,177.3,201.2,175.8,187.7,208.1,209.8,186.0,193.0,188.0,188.8,194.3
ED-0082,1673,27:53,179.0,178.8,201.3,177.3,188.2,207.9,210.6,187.8,194.9,188.1,190.4,194.0
ED-0082,1674,27:54,180.1,177.7,199.1,177.5,188.4,206.9,210.2,185.5,194.7,186.8,189.7,194.3
ED-0082,1675,27:55,177.9,179.8,201.7,176.9,189.8,208.5,210.1,186.1,193.4,188.7,188.3,191.4
ED-0082,1676,27:56,177.9,178.0,199.0,176.5,188.9,207.9,209.6,186.4,194.0,189.5,187.7,193.1
ED-0082,1677,27:57,178.0,177.5,200.4,176.3,188.7,208.5,211.5,184.1,193.8,187.2,189.6,192.5
ED-0082,1678,27:58,179.0,177.3,200.6,176.7,187.9,207.7,210.3,186.3,193.0,186.7,189.5,193.1
ED-0082,1679,27:59,178.6,178.1,201.2,177.5,189.3,208.2,212.1,186.8,194.3,187.3,189.4,194.7
ED-0082,1680,28:00,179.5,179.3,200.8,176.9,189.8,207.1,210.6,188.3,194.4,187.6,188.1,192.7
ED-0082,1681,28:01,176.1,178.1,199.8,176.1,187.8,208.6,210.3,188.1,192.7,186.9,189.0,193.2
ED-0082,1682,28:02,180.5,178.4,198.8,176.7,188.2,208.6,210.3,187.2,192.9,187.1,188.6,192.6
ED-0082,1683,28:03,179.0,178.5,201.8,175.6,188.9,207.7,210.7,186.5,193.8,187.9,188.6,192.5
ED-0082,1684,28:04,178.5,178.6,201.1,178.6,188.9,208.0,209.3,187.0,194.1,186.7,189.6,193.1
ED-0082,1685,28:05,177.4,178.3,200.8,177.5,190.8,206.3,211.4,185.7,193.1,189.2,189.7,193.6
ED-0082,1686,28:06,180.5,178.0,200.5,177.5,187.4,208.4,211.6,187.1,195.3,187.2,189.9,194.7
ED-0082,1687,28:07,177.4,178.8,201.2,176.1,188.6,207.3,210.6,186.6,194.2,188.1,189.5,193.5
ED-0082,1688,28:08,177.5,177.9,200.4,176.3,189.3,207.9,211.3,187.4,193.3,189.4,188.9,191.8
ED-0082,1689,28:09,180.0,178.6,200.6,175.6,187.8,207.6,210.3,186.8,192.8,187.1,188.4,192.3
ED-0082,1690,28:10,178.9,178.1,200.9,176.8,188.3,206.4,211.2,186.3,193.2,187.0,189.3,194.1
ED-0082,1691,28:11,179.1,178.3,199.6,176.9,188.9,210.4,210.3,186.5,193.1,188.1,189.8,192.9
ED-0082,1692,28:12,179.3,179.5,201.6,175.2,188.7,207.6,209.7,186.6,193.5,187.3,188.5,194.1
ED-0082,1693,28:13,178.7,178.1,202.7,177.0,188.8,206.8,210.5,186.9,193.8,187.2,190.5,194.1
ED-0082,1694,28:14,177.9,177.9,200.4,177.9,187.9,207.8,210.8,186.8,194.0,186.9,189.3,191.8
ED-0082,1695,28:15,176.3,177.3,202.2,177.5,189.5,207.8,210.8,186.5,194.9,187.4,190.2,193.9
ED-0082,1696,28:16,178.9,179.2,201.9,177.2,188.5,207.0,209.8,185.4,193.2,186.4,190.1,193.0
ED-0082,1697,28:17,178.7,177.5,200.8,175.6,189.6,207.8,211.1,186.3,192.4,186.4,190.1,192.8
ED-0082,1698,28:18,179.7,179.3,202.4,177.8,187.7,207.9,210.1,186.8,194.8,186.7,189.0,191.0
ED-0082,1699,28:19,178.0,178.1,201.3,176.5,187.9,207.7,208.8,186.4,192.8,188.0,188.7,194.1
ED-0082,1700,28:20,178.1,178.2,200.4,177.3,189.8,208.1,211.7,185.8,194.3,188.8,188.2,194.0
ED-0082,1701,28:21,177.5,178.2,200.2,176.8,189.1,207.0,211.4,185.3,195.3,189.5,190.0,193.1
ED-0082,1702,28:22,178.4,179.3,201.1,174.8,189.3,207.7,210.0,186.1,195.1,187.5,187.8,193.6
ED-0082,1703,28:23,178.5,178.7,201.0,177.4,187.4,207.4,212.5,186.7,193.8,188.4,189.3,193.2
ED-0082,1704,28:24,178.9,179.4,202.2,178.2,190.1,207.3,210.4,185.9,192.8,187.1,188.6,193.8
ED-0082,1705,28:25,180.2,177.4,201.1,176.2,188.7,207.1,210.7,186.7,191.9,187.1,187.7,193.9
ED-0082,1706,28:26,178.7,177.6,200.3,175.3,187.4,209.7,210.8,188.1,194.4,187.5,189.9,192.1
ED-0082,1707,28:27,178.3,178.5,201.3,176.7,188.3,207.5,209.8,186.7,194.4,187.4,190.1,192.9
ED-0082,1708,28:28,178.5,179.4,200.6,177.4,189.8,207.1,210.0,185.6,193.7,187.8,188.8,191.5
ED-0082,1709,28:29,178.5,179.6,199.6,176.5,187.6,206.1,209.9,187.1,194.0,187.7,189.3,193.7
ED-0082,1710,28:30,178.2,177.2,199.5,177.3,187.6,208.3,209.4,187.0,193.8,186.4,189.2,191.7
ED-0082,1711,28:31,178.3,179.1,200.1,177.1,188.4,209.3,209.6,186.8,193.9,187.6,188.3,193.3
ED-0082,1712,28:32,178.5,178.8,200.9,177.3,191.5,206.6,208.7,186.4,194.8,187.1,188.7,193.1
ED-0082,1713,28:33,178.3,177.5,202.2,176.3,188.3,207.2,211.2,186.4,193.2,186.9,188.7,193.3
ED-0082,1714,28:34,177.9,177.3,202.0,175.7,189.4,209.0,210.5,187.7,193.5,188.8,191.2,193.0
ED-0082,1715,28:35,179.9,179.5,201.3,176.6,190.2,208.8,209.0,187.6,194.4,187.3,189.3,194.0
ED-0082,1716,28:36,178.5,177.8,201.4,176.1,187.7,207.5,212.3,186.8,192.4,187.5,188.7,192.9
ED-0082,1717,28:37,177.8,178.0,201.1,176.9,189.8,206.4,210.9,186.8,193.4,188.2,189.4,193.0
ED-0082,1718,28:38,179.2,178.6,200.6,177.3,189.4,207.1,210.0,186.8,194.7,187.4,188.7,192.2
ED-0082,1719,28:39,178.8,180.3,202.6,178.0,188.6,207.5,209.3,186.8,193.6,187.1,189.6,192.7
ED-0082,1720,28:40,177.8,180.3,201.3,177.7,188.5,209.5,211.7,187.3,193.9,186.8,188.6,192.7
ED-0082,1721,28:41,178.3,177.6,201.1,176.2,188.6,208.4,210.3,187.2,192.9,186.8,188.4,193.4
ED-0082,1722,28:42,177.9,179.4,201.4,177.1,189.4,205.9,209.7,186.6,192.4,186.8,188.9,193.7
ED-0082,1723,28:43,178.6,180.2,201.8,178.2,188.5,208.4,210.3,186.5,193.5,187.4,190.4,193.0
ED-0082,1724,28:44,179.3,178.5,200.9,176.9,190.0,207.2,210.8,186.4,195.7,188.6,190.1,193.4
ED-0082,1725,28:45,178.9,178.1,200.7,178.4,187.9,208.1,210.9,186.8,193.3,187.9,189.9,193.5
ED-0082,1726,28:46,179.1,178.7,201.5,177.0,187.7,208.0,209.8,185.5,193.8,188.9,188.5,193.4
ED-0082,1727,28:47,178.9,177.9,202.4,177.5,187.3,209.7,210.3,187.1,193.9,186.5,188.9,192.0
ED-0082,1728,28:48,178.9,179.8,200.7,178.0,188.1,208.0,210.5,186.9,194.4,187.4,189.0,193.9
ED-0082,1729,28:49,179.1,178.8,200.1,177.6,189.5,206.1,210.6,187.9,194.2,187.6,188.6,193.3
ED-0082,1730,28:50,177.9,177.8,201.2,176.3,188.7,207.0,210.4,188.3,192.2,188.2,188.8,193.1
ED-0082,1731,28:51,178.5,179.3,200.2,176.0,187.2,206.8,209.3,185.9,194.2,189.1,188.6,193.1
ED-0082,1732,28:52,177.0,178.6,201.8,176.8,188.5,208.3,211.0,186.3,193.9,188.2,190.6,193.2
ED-0082,1733,28:53,178.8,175.8,199.8,177.9,188.7,206.8,211.4,184.2,193.5,188.3,189.4,192.3
ED-0082,1734,28:54,178.5,178.5,200.2,176.9,190.1,208.9,213.2,186.3,194.0,187.9,189.7,193.5
ED-0082,1735,28:55,178.9,178.3,200.9,177.0,189.5,207.3,210.5,186.8,193.4,188.7,189.3,191.5
ED-0082,1736,28:56,177.3,176.6,201.2,175.9,188.6,206.1,210.6,183.7,194.4,186.4,188.8,194.3
ED-0082,1737,28:57,177.1,178.5,201.0,175.2,188.5,207.7,210.4,185.9,194.1,186.9,187.3,193.7
ED-0082,1738,28:58,176.6,177.4,201.9,176.1,188.7,207.6,210.3,186.4,193.6,187.4,189.9,193.2
ED-0082,1739,28:59,178.8,179.7,199.4,176.2,187.0,206.8,209.7,186.6,194.2,188.5,189.1,192.7
ED-0082,1740,29:00,178.3,179.1,201.0,179.3,188.9,207.3,210.5,186.9,194.5,187.2,190.8,193.3
ED-0082,1741,29:01,179.0,177.7,200.2,176.2,189.2,206.3,209.7,186.6,193.0,186.0,187.2,191.4
ED-0082,1742,29:02,177.1,177.8,200.7,176.3,187.6,208.1,211.4,185.7,192.2,187.8,189.3,194.1
ED-0082,1743,29:03,177.6,178.1,200.8,177.7,189.4,208.1,210.5,186.6,194.2,188.5,188.4,194.2
ED-0082,1744,29:04,177.9,179.6,200.4,176.8,188.5,206.7,209.8,186.9,193.4,187.2,188.4,193.0
ED-0082,1745,29:05,178.3,178.6,201.0,177.3,187.9,207.1,211.3,187.9,192.1,187.6,188.7,192.9
ED-0082,1746,29:06,178.9,178.3,199.2,177.3,188.2,208.0,211.0,185.5,192.7,186.6,190.1,193.5
ED-0082,1747,29:07,179.1,178.2,200.4,177.3,189.6,206.6,210.7,187.9,193.5,186.9,189.9,192.9
ED-0082,1748,29:08,177.9,178.0,200.4,176.6,189.4,206.9,210.4,185.9,194.3,186.2,189.3,193.5
ED-0082,1749,29:09,180.1,178.5,201.6,178.0,188.8,207.1,210.1,186.0,192.7,187.0,189.0,193.3
ED-0082,1750,29:10,178.1,178.7,200.8,177.5,188.4,207.2,211.7,187.3,194.8,187.8,189.3,194.0
ED-0082,1751,29:11,178.7,179.7,200.7,177.6,187.8,207.4,211.0,186.7,194.1,189.5,189.0,193.1
ED-0082,1752,29:12,178.2,178.8,200.7,175.6,189.5,207.0,210.5,188.0,194.7,187.9,189.0,193.0
ED-0082,1753,29:13,178.4,179.7,201.3,176.2,188.4,207.3,211.8,186.5,193.1,189.3,188.3,193.3
ED-0082,1754,29:14,178.5,179.1,200.7,177.9,187.8,208.6,209.2,187.4,194.0,186.1,189.5,193.4
ED-0082,1755,29:15,178.9,179.4,200.8,176.4,188.5,208.0,210.7,187.7,195.8,187.7,190.0,192.5
ED-0082,1756,29:16,177.8,178.0,199.8,175.8,188.8,210.1,211.1,187.0,193.0,187.4,187.5,194.3
ED-0082,1757,29:17,180.4,177.3,201.2,176.6,188.6,206.1,210.6,185.3,193.6,188.2,188.0,193.6
ED-0082,1758,29:18,178.7,178.2,199.4,177.7,189.1,207.9,209.0,186.0,193.8,187.2,188.3,192.1
ED-0082,1759,29:19,178.0,176.8,201.1,176.5,188.4,207.5,209.9,186.0,194.0,189.2,190.7,192.8
ED-0082,1760,29:20,178.1,177.6,200.8,178.9,187.6,207.1,210.7,187.2,194.6,185.9,189.8,193.2
ED-0082,1761,29:21,179.0,178.6,201.4,176.5,188.7,207.6,211.1,187.6,194.7,186.9,189.3,193.5
ED-0082,1762,29:22,178.1,179.0,200.8,176.5,189.4,207.1,209.6,187.7,193.7,187.8,188.0,193.9
ED-0082,1763,29:23,178.5,178.6,200.3,178.1,188.0,208.5,210.0,188.3,193.5,188.2,189.1,191.7
ED-0082,1764,29:24,178.7,179.1,200.7,177.8,188.2,208.0,210.7,186.9,194.0,188.1,188.2,195.8
ED-0082,1765,29:25,178.5,179.6,201.9,177.4,189.4,206.2,211.4,187.1,194.2,187.6,187.8,193.6
ED-0082,1766,29:26,176.3,178.0,200.2,175.8,188.6,208.3,210.5,185.6,193.8,186.3,188.7,193.8
ED-0082,1767,29:27,178.5,177.6,201.0,175.9,188.7,208.6,210.0,188.1,193.8,187.5,189.6,194.0
ED-0082,1768,29:28,179.6,179.4,202.0,178.2,187.7,207.8,210.4,186.5,194.5,188.4,190.7,195.2
ED-0082,1769,29:29,178.0,178.6,202.0,177.8,186.8,206.2,211.3,187.3,194.2,186.9,189.5,192.7
ED-0082,1770,29:30,178.9,178.9,199.5,176.8,189.3,210.4,210.1,187.6,193.5,188.4,188.8,192.3
ED-0082,1771,29:31,176.9,177.0,200.4,177.8,189.0,206.4,209.5,186.4,195.1,188.0,189.7,193.0
ED-0082,1772,29:32,176.9,177.8,201.4,176.6,189.6,208.0,210.8,185.9,194.3,187.8,188.6,192.9
ED-0082,1773,29:33,179.6,177.9,201.3,176.3,189.4,208.5,210.7,187.1,194.6,188.2,188.8,192.0
ED-0082,1774,29:34,176.9,178.7,201.1,177.6,188.3,206.1,211.6,187.1,192.9,187.5,189.6,193.2
ED-0082,1775,29:35,179.5,177.9,201.9,176.5,190.2,207.1,209.3,186.6,193.8,186.4,190.8,195.6
ED-0082,1776,29:36,180.6,178.7,200.5,178.8,188.5,207.2,209.9,186.4,194.5,186.0,188.4,193.2
ED-0082,1777,29:37,178.7,177.6,201.0,176.3,189.0,209.2,211.2,187.4,192.4,189.2,188.9,193.0
ED-0082,1778,29:38,179.1,178.5,198.9,178.2,189.3,206.3,210.9,186.7,193.0,186.2,188.4,192.9
ED-0082,1779,29:39,178.4,178.7,199.9,175.7,187.8,207.3,210.7,185.6,195.0,186.4,188.2,193.1
ED-0082,1780,29:40,178.7,178.4,199.9,176.6,188.0,206.9,210.4,186.4,192.3,188.8,189.4,194.0
ED-0082,1781,29:41,178.2,178.3,200.2,176.8,189.8,206.7,209.1,187.9,193.9,188.2,188.9,191.6
ED-0082,1782,29:42,179.5,179.0,199.0,176.7,189.2,206.0,210.9,185.9,193.6,186.8,189.3,193.3
ED-0082,1783,29:43,178.8,177.8,200.6,176.7,189.2,206.1,208.3,186.2,193.1,185.9,189.2,193.4
ED-0082,1784,29:44,178.7,178.7,201.1,176.3,189.0,207.2,209.6,187.2,194.1,186.1,189.5,191.8
ED-0082,1785,29:45,178.7,177.3,201.0,175.8,189.0,207.8,210.7,186.9,193.2,187.3,187.4,193.3
ED-0082,1786,29:46,177.9,179.0,199.4,176.8,188.8,207.2,210.6,185.0,195.1,188.5,188.4,194.2
ED-0082,1787,29:47,179.0,179.0,199.7,176.3,188.3,209.1,210.4,186.1,194.5,187.7,188.8,191.4
ED-0082,1788,29:48,178.8,178.6,200.5,177.6,188.8,207.7,210.0,186.9,195.4,186.6,187.9,192.4
ED-0082,1789,29:49,177.4,176.9,200.6,177.5,188.2,208.2,211.4,186.8,192.6,188.0,190.9,194.1
ED-0082,1790,29:50,177.6,179.3,199.1,178.5,189.3,206.6,211.2,186.6,193.5,189.1,189.3,193.6
ED-0082,1791,29:51,177.0,179.2,201.3,177.8,188.6,209.5,210.1,185.6,191.8,188.5,188.9,192.4
ED-0082,1792,29:52,179.8,178.6,200.8,176.4,190.0,209.2,209.5,185.3,192.5,187.6,188.6,193.3
ED-0082,1793,29:53,179.3,178.7,201.7,177.1,189.1,208.2,209.4,186.7,193.5,187.0,189.0,192.5
ED-0082,1794,29:54,177.0,178.0,200.3,175.7,189.6,206.6,209.7,185.3,194.0,188.1,191.1,193.8
ED-0082,1795,29:55,178.7,178.3,201.9,177.4,189.2,208.4,211.8,187.1,193.7,187.4,189.5,193.6
ED-0082,1796,29:56,177.5,177.8,201.1,177.0,190.1,207.2,209.9,187.4,194.7,187.1,189.9,192.9
ED-0082,1797,29:57,179.4,177.9,199.4,176.7,189.3,207.4,210.1,185.8,195.0,187.8,189.2,194.0
ED-0082,1798,29:58,177.5,177.8,200.9,177.4,190.3,207.4,211.1,186.0,194.8,188.1,190.4,192.9
ED-0082,1799,29:59,178.3,178.1,200.6,177.2,189.3,206.9,212.3,186.1,195.2,186.5,190.0,194.2
ED-0082,1800,30:00,177.7,180.3,200.4,177.7,189.7,208.1,211.5,186.3,195.5,187.1,188.9,192.7
ED-0082,1801,30:01,179.0,178.4,200.3,176.1,187.3,206.7,209.8,186.9,192.8,188.0,189.8,194.1
ED-0082,1802,30:02,179.0,177.8,200.9,177.6,189.4,207.9,210.3,186.6,193.1,186.5,190.4,192.7
ED-0082,1803,30:03,178.7,177.5,201.2,176.7,187.4,207.0,209.3,187.5,193.3,186.2,190.7,192.6
ED-0082,1804,30:04,178.6,178.1,200.5,176.7,188.6,206.7,209.0,186.4,194.0,188.2,189.3,193.0
ED-0082,1805,30:05,178.6,178.2,201.8,177.6,189.4,206.9,210.5,185.9,193.2,187.8,188.0,191.5
ED-0082,1806,30:06,177.6,176.2,200.2,175.0,188.1,207.1,211.8,186.6,195.3,185.8,190.0,192.8
ED-0082,1807,30:07,179.0,178.6,201.6,176.6,188.2,207.3,211.5,186.6,193.1,187.2,188.4,193.8
ED-0082,1808,30:08,179.2,178.1,200.1,176.1,189.1,206.8,209.3,187.1,194.2,186.0,187.6,193.3
ED-0082,1809,30:09,180.0,178.2,201.1,177.3,189.7,207.5,210.2,187.4,193.4,186.9,190.4,194.5
ED-0082,1810,30:10,179.3,177.4,202.3,176.8,189.3,207.4,211.3,186.9,194.1,187.9,188.6,193.4
ED-0082,1811,30:11,177.5,178.1,199.9,177.5,189.7,207.1,209.8,186.3,193.8,188.3,188.3,192.1
ED-0082,1812,30:12,178.4,177.3,202.5,177.0,188.6,208.2,211.2,187.5,193.0,185.8,188.0,193.7
ED-0082,1813,30:13,179.5,177.5,201.6,177.2,189.9,208.5,210.0,185.7,194.4,187.9,188.4,194.0
ED-0082,1814,30:14,177.6,177.4,200.4,177.7,188.9,207.7,210.4,185.2,193.7,187.8,188.3,193.2
ED-0082,1815,30:15,178.0,176.8,201.5,177.4,188.8,206.0,210.8,186.5,194.2,188.1,188.7,193.6
ED-0082,1816,30:16,178.5,178.5,200.8,177.8,189.6,206.1,209.3,186.6,192.9,188.3,188.2,193.3
ED-0082,1817,30:17,178.9,177.5,200.5,177.9,187.8,207.7,211.9,187.2,193.8,186.8,188.3,192.6
ED-0082,1818,30:18,179.9,178.7,199.6,177.1,187.9,207.2,209.1,186.0,196.2,187.8,189.0,192.7
ED-0082,1819,30:19,177.9,178.2,201.2,178.2,190.1,207.2,210.7,186.5,194.0,186.8,188.9,194.2
ED-0082,1820,30:20,176.6,178.2,198.7,177.6,189.1,209.1,211.4,185.5,193.7,186.7,189.2,194.2
ED-0082,1821,30:21,179.0,179.5,199.6,177.9,188.4,205.5,210.2,185.9,193.0,186.9,190.3,193.1
ED-0082,1822,30:22,177.5,178.0,200.6,177.4,188.1,207.7,209.8,186.8,193.1,185.7,188.5,194.3
ED-0082,1823,30:23,179.4,177.8,199.9,177.3,188.6,206.7,210.1,188.5,194.1,184.9,189.5,193.7
ED-0082,1824,30:24,177.9,180.2,200.8,176.8,186.6,207.0,211.0,187.4,195.6,184.2,190.2,192.9
ED-0082,1825,30:25,178.1,177.8,199.1,176.8,189.4,207.9,212.1,187.2,193.1,184.8,189.9,193.1
ED-0082,1826,30:26,177.3,179.4,200.0,176.4,188.7,206.4,210.6,186.9,193.2,183.8,189.3,193.6
ED-0082,1827,30:27,178.2,178.0,199.4,176.0,189.7,206.5,210.5,186.1,192.6,183.6,188.7,193.4
ED-0082,1828,30:28,177.5,177.6,198.7,175.3,188.0,205.9,211.6,187.0,193.5,183.2,189.8,193.5
ED-0082,1829,30:29,177.9,177.4,199.7,175.1,188.0,208.0,209.2,187.3,193.7,181.7,188.6,192.3
ED-0082,1830,30:30,179.2,177.2,197.4,174.7,189.2,209.2,209.1,187.7,193.6,181.1,187.5,192.2
ED-0082,1831,30:31,179.4,177.4,196.9,173.5,188.3,208.1,209.6,186.9,192.9,182.5,188.9,192.7
ED-0082,1832,30:32,178.3,175.9,195.9,172.9,189.5,207.2,210.1,187.3,191.7,180.7,189.1,193.4
ED-0082,1833,30:33,177.9,175.4,196.2,173.0,188.2,207.8,211.0,186.0,192.2,179.9,188.8,193.5
ED-0082,1834,30:34,178.9,174.8,195.6,173.5,188.7,206.6,208.8,185.7,191.8,179.8,188.2,192.7
ED-0082,1835,30:35,177.6,175.6,196.1,172.1,188.7,207.5,210.2,187.0,191.9,180.9,187.1,193.3
ED-0082,1836,30:36,178.1,174.3,195.3,170.9,188.1,207.2,211.0,188.5,191.1,179.2,187.5,193.2
ED-0082,1837,30:37,179.3,173.8,194.3,170.8,189.1,207.6,212.7,185.4,190.0,178.7,185.8,194.6
ED-0082,1838,30:38,177.9,172.9,194.3,170.3,187.7,207.1,211.7,185.9,188.3,177.9,185.0,192.5
ED-0082,1839,30:39,180.0,172.6,192.9,170.3,190.2,208.4,209.1,187.3,189.3,177.9,185.5,192.3
ED-0082,1840,30:40,179.4,171.7,192.8,168.8,186.7,207.7,211.1,187.2,188.1,176.9,183.5,193.3
ED-0082,1841,30:41,178.3,171.2,192.2,168.6,188.3,207.7,212.3,186.8,187.5,176.7,183.2,193.0
ED-0082,1842,30:42,179.2,170.4,191.8,168.3,187.9,207.1,210.7,188.4,187.9,175.8,183.7,193.4
ED-0082,1843,30:43,179.3,170.5,191.3,167.8,188.6,206.2,210.1,187.1,186.3,176.4,183.6,191.5
ED-0082,1844,30:44,177.8,169.4,191.3,167.3,190.2,207.4,211.1,186.6,185.4,175.2,182.4,193.6
ED-0082,1845,30:45,178.2,169.1,190.1,166.7,189.0,207.7,209.1,187.3,185.6,174.8,182.0,193.8
ED-0082,1846,30:46,177.8,170.0,190.0,167.3,188.3,208.5,211.8,185.9,186.6,175.1,181.0,194.4
ED-0082,1847,30:47,177.0,167.5,189.4,165.7,189.3,207.8,210.3,187.4,184.3,173.8,180.6,191.4
ED-0082,1848,30:48,177.3,167.8,188.3,164.8,187.5,206.2,209.2,186.6,184.9,173.7,180.6,192.2
ED-0082,1849,30:49,176.5,167.8,188.5,165.6,189.0,207.8,210.6,185.7,183.8,173.4,179.9,190.9
ED-0082,1850,30:50,176.6,167.0,187.5,164.9,188.9,208.1,211.3,185.0,183.1,172.6,179.3,190.5
ED-0082,1851,30:51,176.8,166.7,187.4,165.1,187.8,208.0,210.1,186.3,182.9,172.2,178.2,190.3
ED-0082,1852,30:52,175.9,166.6,185.9,163.9,189.2,207.4,210.4,186.6,181.8,171.0,177.0,189.9
ED-0082,1853,30:53,174.6,166.1,186.6,163.5,188.5,208.9,210.0,187.1,182.3,171.6,177.3,189.5
ED-0082,1854,30:54,175.3,166.3,185.8,163.5,188.6,207.8,210.5,184.9,180.9,171.2,177.1,188.7
ED-0082,1855,30:55,173.7,164.4,186.4,162.3,190.2,206.5,209.9,188.3,180.7,171.0,176.9,188.3
ED-0082,1856,30:56,173.0,163.5,184.2,162.3,188.7,207.8,210.5,188.1,179.6,170.9,176.1,187.7
ED-0082,1857,30:57,172.5,162.9,184.0,161.4,189.9,208.2,211.7,187.9,178.8,170.7,175.5,188.3
ED-0082,1858,30:58,173.1,163.4,184.3,160.9,190.6,208.2,209.6,188.1,178.2,169.9,174.4,186.1
ED-0082,1859,30:59,172.5,164.3,184.5,161.0,189.4,208.1,210.6,187.7,179.8,168.6,174.5,185.8
ED-0082,1860,31:00,173.1,162.3,183.3,159.1,188.7,207.8,211.4,186.3,178.8,169.0,173.6,185.6
ED-0082,1861,31:01,171.7,161.3,182.8,159.6,188.7,209.9,210.9,185.8,177.2,167.9,174.0,186.2
ED-0082,1862,31:02,170.5,161.2,182.0,159.7,187.8,208.0,210.3,185.8,177.0,167.5,173.4,185.2
ED-0082,1863,31:03,170.4,161.5,181.9,159.0,186.9,207.2,208.8,184.4,176.7,166.7,172.5,184.5
ED-0082,1864,31:04,169.1,160.2,181.3,159.1,186.9,207.2,208.4,185.1,176.8,166.7,171.9,184.6
ED-0082,1865,31:05,169.7,161.4,181.2,158.1,185.8,208.0,208.2,183.1,175.9,166.6,172.2,183.3
ED-0082,1866,31:06,169.1,158.9,180.8,157.4,185.2,206.9,207.1,182.9,175.4,165.4,170.3,183.1
ED-0082,1867,31:07,169.3,158.4,180.0,156.7,185.9,206.5,206.3,182.4,175.2,165.0,170.8,182.6
ED-0082,1868,31:08,167.4,157.8,179.7,156.3,184.9,205.0,206.0,182.3,175.9,164.8,169.9,181.9
ED-0082,1869,31:09,168.3,158.6,178.7,155.7,183.1,205.2,206.0,181.2,175.2,164.0,169.9,181.7
ED-0082,1870,31:10,167.3,157.7,178.4,155.9,183.2,204.2,204.2,181.9,173.5,163.8,168.1,180.8
ED-0082,1871,31:11,166.3,157.0,177.5,155.8,182.2,203.2,204.9,180.0,173.1,163.9,168.3,179.7
ED-0082,1872,31:12,166.1,156.9,177.1,154.9,182.4,204.8,204.2,180.6,172.1,163.6,167.5,180.3
ED-0082,1873,31:13,166.4,156.3,176.7,154.2,181.0,202.7,203.2,179.3,171.2,161.6,167.7,179.8
ED-0082,1874,31:14,164.8,155.9,176.7,153.8,181.2,201.6,202.5,178.6,171.4,161.5,166.8,179.3
ED-0082,1875,31:15,165.4,155.6,175.8,152.8,180.4,201.5,202.4,178.6,171.6,162.3,166.7,179.6
ED-0082,1876,31:16,165.7,155.5,176.2,153.7,179.5,200.4,201.4,177.7,171.0,161.6,166.5,177.8
ED-0082,1877,31:17,164.8,155.6,175.9,153.2,179.2,200.1,200.4,177.5,170.1,160.6,165.1,177.4
ED-0082,1878,31:18,164.5,155.2,175.1,152.8,179.4,199.7,200.0,176.6,169.9,160.6,165.3,177.9
ED-0082,1879,31:19,163.9,153.4,174.6,153.2,178.3,198.6,199.7,176.7,169.3,160.9,164.7,176.6
ED-0082,1880,31:20,163.6,152.1,174.1,151.7,178.2,198.1,198.8,175.7,169.0,160.0,164.0,177.4
ED-0082,1881,31:21,162.7,153.3,173.2,151.3,177.9,197.2,198.5,175.6,168.7,160.3,163.5,176.3
ED-0082,1882,31:22,162.0,152.1,173.8,151.2,177.2,196.8,198.3,175.2,168.0,158.6,162.9,175.8
ED-0082,1883,31:23,162.0,152.5,173.6,149.8,176.8,197.0,197.8,175.6,167.7,158.7,163.2,175.4
ED-0082,1884,31:24,161.9,150.9,172.5,149.4,176.2,195.8,196.9,173.9,167.4,159.4,162.4,175.2
ED-0082,1885,31:25,161.5,150.7,171.7,150.3,175.6,195.5,197.1,174.7,167.6,158.2,162.0,174.1
ED-0082,1886,31:26,160.7,149.7,171.8,148.9,174.0,194.6,195.3,173.6,166.1,157.3,161.2,173.9
ED-0082,1887,31:27,160.9,150.7,171.6,148.9,174.3,194.3,195.2,172.2,165.2,157.6,161.3,173.9
ED-0082,1888,31:28,160.8,150.0,170.5,147.2,172.6,193.7,194.6,172.3,165.2,155.6,160.3,173.9
ED-0082,1889,31:29,159.7,149.2,170.4,148.0,173.5,193.2,193.3,171.7,164.9,155.8,160.4,173.1
ED-0082,1890,31:30,159.6,148.7,169.5,147.4,172.5,192.2,194.4,171.2,164.7,156.8,159.7,172.7
ED-0082,1891,31:31,158.9,148.0,169.3,146.7,172.5,191.7,192.4,171.4,164.0,155.8,159.5,172.6
ED-0082,1892,31:32,158.8,148.3,169.1,146.4,171.4,191.0,192.0,170.4,162.5,154.4,157.8,170.9
ED-0082,1893,31:33,158.8,147.4,169.0,147.3,171.7,190.0,192.2,170.1,163.4,154.4,158.7,170.6
ED-0082,1894,31:34,158.0,147.4,168.2,146.8,170.6,189.6,191.5,168.7,162.4,154.7,157.0,169.5
ED-0082,1895,31:35,157.7,147.4,167.4,145.1,170.0,189.8,190.2,168.4,162.9,153.8,156.7,170.9
ED-0082,1896,31:36,157.5,146.4,167.6,144.5,170.3,188.5,189.4,167.8,162.3,153.6,156.6,170.5
ED-0082,1897,31:37,157.4,145.4,167.5,144.4,169.6,188.8,190.5,166.9,162.1,153.3,156.2,170.2
ED-0082,1898,31:38,156.1,145.8,167.1,145.2,168.0,188.4,189.3,166.8,160.8,153.2,155.2,169.0
ED-0082,1899,31:39,156.0,146.0,166.3,144.2,167.5,186.8,188.3,167.0,159.8,152.3,155.4,168.6
ED-0082,1900,31:40,156.0,144.1,166.1,143.5,167.7,186.7,188.7,166.3,159.5,151.1,154.4,168.4
ED-0082,1901,31:41,154.3,144.4,165.0,143.3,166.5,187.0,187.5,166.2,160.2,151.8,154.3,166.6
ED-0082,1902,31:42,156.2,144.5,165.3,141.8,166.3,186.1,187.3,165.1,159.1,152.4,153.6,166.2
ED-0082,1903,31:43,155.2,143.4,164.6,142.4,165.2,186.2,186.2,164.7,159.5,151.5,153.9,166.7
ED-0082,1904,31:44,154.3,142.5,164.4,141.9,164.5,184.1,185.5,165.1,159.2,150.5,153.4,165.4
ED-0082,1905,31:45,153.5,142.9,164.1,141.7,164.9,184.2,185.2,164.2,157.8,150.8,152.2,165.7
ED-0082,1906,31:46,153.3,141.0,162.9,141.9,164.4,183.5,184.2,163.4,156.5,150.0,152.8,165.7
ED-0082,1907,31:47,152.3,141.8,162.8,141.2,163.9,183.4,185.0,163.8,156.6,150.0,151.7,165.0
ED-0082,1908,31:48,153.1,140.8,162.5,140.3,163.1,182.3,183.9,162.5,156.7,149.1,150.9,164.9
ED-0082,1909,31:49,151.9,139.7,162.9,141.1,163.0,182.1,181.9,162.4,155.6,149.5,151.9,164.5
ED-0082,1910,31:50,152.2,141.0,162.9,139.4,162.8,181.5,183.0,161.6,155.4,149.2,150.1,164.0
ED-0082,1911,31:51,152.1,140.2,161.7,138.8,161.8,180.7,181.9,161.0,156.5,148.4,150.2,163.0
ED-0082,1912,31:52,151.0,140.2,160.7,139.1,161.7,179.9,181.6,161.4,154.0,147.6,149.2,163.1
ED-0082,1913,31:53,149.9,139.8,160.2,138.7,162.2,179.2,181.3,161.3,155.3,147.2,147.5,163.2
ED-0082,1914,31:54,149.8,139.1,160.5,137.8,159.8,179.8,181.5,160.1,153.3,147.5,148.7,162.5
ED-0082,1915,31:55,149.8,138.6,160.2,137.9,160.9,179.1,180.1,159.9,153.4,148.2,148.5,161.3
ED-0082,1916,31:56,150.4,138.4,160.0,137.0,159.4,177.7,179.3,158.8,153.9,146.5,148.5,161.4
ED-0082,1917,31:57,150.1,138.0,159.4,137.2,160.3,178.1,179.1,158.1,153.1,145.4,147.6,161.8
ED-0082,1918,31:58,149.6,138.2,158.8,136.6,158.0,179.2,178.9,158.1,152.7,145.6,146.6,161.5
ED-0082,1919,31:59,148.8,137.9,158.6,136.5,157.6,177.2,178.2,158.4,152.2,144.4,146.8,160.5
ED-0082,1920,32:00,147.7,136.6,158.5,135.7,157.4,176.8,177.6,157.4,152.3,144.5,146.4,160.0
ED-0082,1921,32:01,147.7,136.0,157.5,136.4,157.3,175.8,177.4,157.5,151.7,144.1,145.4,159.9
ED-0082,1922,32:02,147.0,136.2,157.2,135.8,157.1,174.4,176.7,156.5,150.9,145.1,146.0,159.3
ED-0082,1923,32:03,147.0,134.6,156.9,134.3,156.4,174.6,176.2,154.9,150.8,144.5,145.4,157.2
ED-0082,1924,32:04,146.5,134.8,156.6,134.4,155.4,173.9,175.4,155.4,149.9,143.3,144.6,158.3
ED-0082,1925,32:05,146.4,134.5,155.6,134.8,156.0,173.4,175.9,155.9,149.9,143.0,143.9,157.1
ED-0082,1926,32:06,145.2,134.7,156.1,134.2,154.5,173.6,174.6,154.4,149.2,143.1,144.6,156.9
ED-0082,1927,32:07,145.4,134.2,156.0,133.8,154.2,172.6,174.5,153.4,150.4,142.3,143.6,157.2
ED-0082,1928,32:08,145.4,132.7,155.2,133.3,154.1,172.3,173.7,153.8,148.3,142.3,143.6,157.0
ED-0082,1929,32:09,145.3,133.7,155.2,132.7,153.8,171.1,172.5,152.7,147.7,142.3,142.9,156.7
ED-0082,1930,32:10,144.7,132.4,154.9,132.5,154.4,172.3,172.0,153.0,148.3,141.6,142.6,155.7
ED-0082,1931,32:11,143.9,131.4,154.2,132.4,152.5,170.3,172.2,152.6,147.2,141.4,141.4,155.4
ED-0082,1932,32:12,143.9,131.9,153.4,132.6,151.8,170.7,172.4,152.6,146.8,140.5,140.7,154.6
ED-0082,1933,32:13,142.9,131.9,153.0,131.4,151.6,169.6,170.8,152.1,146.3,139.2,141.4,154.1
ED-0082,1934,32:14,143.9,131.6,153.0,130.3,151.5,169.5,169.8,152.0,145.9,140.3,141.4,154.5
ED-0082,1935,32:15,143.0,131.6,153.4,129.7,151.0,169.6,169.9,151.6,145.4,139.5,140.3,154.1
ED-0082,1936,32:16,142.6,130.4,152.9,129.6,150.4,168.3,168.6,150.1,145.4,139.5,140.9,155.1
ED-0082,1937,32:17,141.8,130.0,151.4,129.6,150.0,168.8,170.4,151.5,145.2,140.0,140.3,153.2
ED-0082,1938,32:18,141.8,130.8,151.7,130.6,150.0,167.5,168.5,150.0,144.4,139.2,139.1,153.1
ED-0082,1939,32:19,141.9,129.4,151.6,130.1,149.4,166.6,169.0,149.6,144.6,138.5,139.2,152.7
ED-0082,1940,32:20,140.6,129.4,150.5,128.8,147.9,165.4,167.5,149.9,144.5,137.4,137.7,151.2
ED-0082,1941,32:21,140.8,128.2,150.6,128.7,148.3,165.9,167.9,148.6,144.2,137.6,136.7,152.0
ED-0082,1942,32:22,141.1,129.2,150.4,128.6,148.0,165.8,168.0,148.8,144.9,137.9,137.6,150.6
ED-0082,1943,32:23,140.4,128.8,149.9,126.7,148.3,164.9,165.8,148.2,143.5,137.3,136.9,151.2
ED-0082,1944,32:24,139.9,127.6,149.6,127.7,147.1,163.9,166.1,147.4,143.0,136.8,136.9,151.4
ED-0082,1945,32:25,140.0,127.0,148.6,127.9,147.8,164.1,165.4,148.2,142.4,136.0,137.3,150.8
ED-0082,1946,32:26,139.4,127.1,148.3,127.5,146.2,163.7,164.7,146.0,142.5,136.1,136.4,150.0
ED-0082,1947,32:27,139.0,126.4,148.2,126.5,146.0,163.7,163.6,146.2,141.5,134.8,135.3,148.9
ED-0082,1948,32:28,138.7,127.1,148.3,125.6,144.9,162.3,164.1,146.3,141.0,135.1,134.1,148.8
ED-0082,1949,32:29,137.8,125.9,147.6,126.2,145.3,162.7,164.0,145.7,140.9,135.7,134.4,148.5
ED-0082,1950,32:30,137.5,126.3,148.2,125.8,144.2,161.1,163.6,144.7,139.9,135.0,134.6,148.1
ED-0082,1951,32:31,137.2,125.1,146.3,125.5,143.5,161.6,162.9,144.7,140.1,134.4,133.3,148.2
ED-0082,1952,32:32,138.0,125.5,145.6,124.5,143.9,161.1,162.9,145.0,139.2,133.8,133.2,147.9
ED-0082,1953,32:33,136.7,123.8,146.5,124.9,143.0,160.6,161.9,144.3,139.1,134.4,132.3,148.3
ED-0082,1954,32:34,136.5,124.1,146.2,123.9,142.1,159.4,161.5,143.7,138.7,133.8,132.5,146.6
ED-0082,1955,32:35,135.7,124.4,145.8,123.7,142.6,159.8,161.4,143.3,138.4,133.8,132.8,147.2
ED-0082,1956,32:36,135.0,122.9,145.5,123.7,142.0,159.3,161.4,142.9,138.0,132.8,132.2,146.5
ED-0082,1957,32:37,135.2,123.2,145.2,123.0,141.4,158.3,160.4,142.7,137.5,132.3,132.0,146.8
ED-0082,1958,32:38,135.4,122.8,144.1,122.2,141.4,157.8,159.3,142.1,137.9,131.8,131.6,146.0
ED-0082,1959,32:39,134.3,121.6,143.4,121.3,140.5,158.1,159.5,141.3,137.5,132.3,131.3,145.2
ED-0082,1960,32:40,135.8,120.9,144.1,121.8,140.4,157.9,158.8,140.8,137.0,132.3,131.0,145.0
ED-0082,1961,32:41,133.1,122.4,143.6,121.3,140.5,157.1,158.6,141.6,136.8,130.9,130.1,144.9
ED-0082,1962,32:42,133.9,121.4,143.9,121.5,140.2,155.6,157.8,141.5,135.5,130.7,130.5,143.6
ED-0082,1963,32:43,134.5,121.4,142.6,121.5,139.1,156.7,157.8,140.1,136.0,131.4,129.7,144.6
ED-0082,1964,32:44,133.9,120.7,142.9,120.8,139.5,155.5,158.5,139.8,136.3,130.3,129.4,143.3
ED-0082,1965,32:45,133.4,119.3,141.8,120.1,139.2,155.8,156.9,138.9,134.5,130.0,129.7,143.2
ED-0082,1966,32:46,131.9,120.8,141.4,120.8,139.1,155.1,157.0,139.1,135.4,129.9,128.5,143.2
ED-0082,1967,32:47,132.3,120.4,141.1,120.2,137.8,154.6,155.3,139.2,134.4,129.2,127.9,142.1
ED-0082,1968,32:48,132.5,119.7,141.2,119.2,137.5,154.3,155.2,137.5,134.3,129.3,126.8,141.5
ED-0082,1969,32:49,130.6,118.9,140.8,119.6,135.8,153.8,155.4,138.0,134.2,129.1,126.6,142.3
ED-0082,1970,32:50,130.8,119.1,140.8,119.5,136.9,152.3,154.9,137.3,133.4,128.2,127.1,141.2
ED-0082,1971,32:51,131.1,117.8,140.2,119.2,136.8,152.5,154.9,136.7,132.8,127.7,127.2,141.5
ED-0082,1972,32:52,130.7,118.5,140.8,117.6,135.9,152.5,153.8,137.9,132.4,127.5,126.1,140.9
ED-0082,1973,32:53,130.6,117.3,139.9,118.3,135.5,151.0,153.9,135.2,132.4,128.4,126.2,139.8
ED-0082,1974,32:54,129.8,117.2,139.0,117.8,134.6,150.9,152.7,136.0,131.1,126.9,125.9,140.0
ED-0082,1975,32:55,130.3,116.5,138.4,117.4,135.2,151.8,153.0,136.2,132.2,126.8,125.9,139.6
ED-0082,1976,32:56,129.4,117.0,138.7,117.2,134.0,150.1,152.1,134.9,132.0,127.0,125.1,139.3
ED-0082,1977,32:57,128.7,117.0,138.1,116.9,133.6,150.4,151.1,134.7,130.8,126.7,125.5,139.0
ED-0082,1978,32:58,129.0,117.0,137.9,117.3,133.5,149.5,151.4,135.0,130.2,125.7,124.2,138.6
ED-0082,1979,32:59,128.2,116.3,137.5,116.2,133.6,149.1,151.1,134.6,130.7,126.0,123.9,138.2
ED-0082,1980,33:00,128.2,115.6,136.8,116.2,132.6,150.0,150.4,135.1,129.8,125.9,124.3,137.5
ED-0082,1981,33:01,127.9,115.6,137.1,115.9,132.0,149.8,150.2,133.6,130.5,125.6,123.2,138.2
ED-0082,1982,33:02,128.0,114.5,136.5,115.1,132.8,147.8,149.7,133.6,129.4,124.8,122.7,138.2
ED-0082,1983,33:03,126.8,114.7,136.6,115.7,131.8,148.9,150.2,133.7,129.8,125.1,122.3,136.9
ED-0082,1984,33:04,127.3,114.7,135.5,115.9,131.4,146.5,148.8,133.6,128.2,124.4,122.7,136.9
ED-0082,1985,33:05,127.0,114.9,135.7,114.3,130.5,147.1,149.7,133.1,128.3,124.3,122.3,136.4
ED-0082,1986,33:06,126.3,113.5,136.0,114.4,129.6,146.1,149.1,132.3,127.7,123.9,122.2,136.2
ED-0082,1987,33:07,126.5,113.7,134.8,114.5,130.6,146.0,147.8,132.6,128.5,123.7,121.6,135.7
ED-0082,1988,33:08,125.2,113.0,134.6,113.6,130.4,146.1,147.8,131.3,126.6,123.0,120.6,136.2
ED-0082,1989,33:09,125.4,113.6,134.7,113.3,127.9,144.5,147.1,130.7,126.7,123.6,120.1,135.7
ED-0082,1990,33:10,125.8,112.0,133.8,112.8,128.3,144.7,146.7,131.3,127.4,122.5,120.6,135.2
ED-0082,1991,33:11,125.1,112.3,133.9,113.1,129.2,143.8,146.5,130.7,127.1,122.5,120.9,134.5
ED-0082,1992,33:12,124.5,111.5,133.3,112.1,128.4,144.9,145.0,130.6,126.4,122.7,120.0,134.1
ED-0082,1993,33:13,124.5,111.6,133.7,112.3,129.5,143.6,145.5,129.4,125.8,122.3,118.8,134.1
ED-0082,1994,33:14,124.1,111.6,133.7,111.6,128.5,144.3,145.1,130.2,125.2,121.8,118.9,133.1
ED-0082,1995,33:15,123.5,110.6,132.8,111.5,126.5,142.0,145.2,129.7,125.8,121.0,119.4,133.0
ED-0082,1996,33:16,124.0,111.2,132.2,111.2,126.4,142.2,143.8,129.2,124.7,121.4,118.7,132.5
ED-0082,1997,33:17,124.0,110.6,131.7,111.2,126.8,141.6,144.9,128.7,123.8,119.8,118.1,132.8
ED-0082,1998,33:18,122.8,109.9,132.4,111.5,126.3,141.6,143.6,128.4,124.4,120.8,117.9,132.3
ED-0082,1999,33:19,122.1,110.3,132.0,110.7,126.2,141.6,143.2,127.3,124.3,119.9,117.0,131.7
ED-0082,2000,33:20,122.2,110.7,131.5,109.6,125.5,140.4,142.8,127.3,125.0,119.8,117.4,131.5
ED-0082,2001,33:21,122.8,109.5,131.9,109.3,125.1,140.0,142.5,127.6,123.3,120.2,117.2,131.1
ED-0082,2002,33:22,122.1,108.9,131.7,110.5,125.5,139.7,142.4,126.0,123.2,120.2,116.3,131.3
ED-0082,2003,33:23,121.7,108.5,130.4,109.2,124.7,139.6,141.5,127.2,122.8,118.9,116.8,129.6
ED-0082,2004,33:24,120.7,109.0,130.3,109.0,124.2,139.2,141.4,126.3,122.2,118.9,114.4,131.0
ED-0082,2005,33:25,120.5,107.7,130.2,109.3,123.9,139.8,141.9,125.1,123.0,117.9,115.4,131.4
ED-0082,2006,33:26,120.4,108.1,129.4,108.2,123.8,138.8,141.2,126.3,120.7,118.0,116.8,130.7
ED-0082,2007,33:27,120.9,107.7,129.7,109.0,123.5,138.5,139.6,125.3,121.7,117.9,115.3,129.9
ED-0082,2008,33:28,120.5,106.5,129.9,108.0,122.7,137.2,140.4,124.6,121.9,118.5,114.8,129.7
ED-0082,2009,33:29,119.3,107.1,128.2,108.3,122.5,137.8,140.4,125.2,121.2,117.6,115.2,129.4
ED-0082,2010,33:30,118.9,105.8,127.6,105.6,122.6,137.5,139.9,123.9,120.6,116.9,113.3,129.1
ED-0082,2011,33:31,119.4,105.7,129.1,107.7,121.9,137.3,138.8,124.2,120.4,117.4,114.0,128.5
ED-0082,2012,33:32,118.8,106.5,128.0,106.8,121.3,136.3,138.0,123.9,120.6,117.2,113.2,127.8
ED-0082,2013,33:33,118.8,105.5,128.4,107.0,120.5,136.6,138.8,122.9,119.5,116.4,113.2,127.2
ED-0082,2014,33:34,119.5,106.7,126.8,106.0,121.0,136.2,138.2,123.1,120.8,116.3,113.3,127.6
ED-0082,2015,33:35,118.3,106.1,127.1,105.4,121.2,135.2,137.6,123.2,119.4,116.7,112.8,127.2
ED-0082,2016,33:36,118.8,105.4,127.7,105.2,120.6,134.9,137.4,122.6,117.9,116.2,112.6,126.4
ED-0082,2017,33:37,117.5,105.0,126.0,104.9,119.7,134.5,137.6,122.7,119.1,115.5,112.8,127.1
ED-0082,2018,33:38,117.7,104.2,127.0,105.1,119.7,134.4,136.3,122.7,118.7,116.2,110.8,126.0
ED-0082,2019,33:39,117.4,105.0,126.5,104.8,120.2,134.2,135.3,121.3,117.8,114.6,111.1,126.5
ED-0082,2020,33:40,116.5,104.3,125.4,104.1,119.2,133.9,135.6,121.4,118.1,115.5,111.7,125.0
ED-0082,2021,33:41,116.4,104.4,125.9,105.0,118.3,133.8,135.1,120.6,117.8,114.7,111.0,125.5
ED-0082,2022,33:42,116.5,103.1,124.8,104.2,118.6,132.9,134.7,121.0,116.4,113.9,110.5,125.4
ED-0082,2023,33:43,117.4,103.2,125.1,104.1,117.3,133.4,134.0,119.9,116.8,112.6,111.0,124.7
ED-0082,2024,33:44,116.2,103.5,125.1,103.2,117.7,132.9,134.3,120.1,117.3,113.5,109.8,124.3
ED-0082,2025,33:45,116.4,103.0,124.3,101.9,116.2,133.6,134.7,119.3,116.7,113.0,110.6,123.7
ED-0082,2026,33:46,114.8,102.6,125.1,103.4,117.6,131.7,133.7,120.2,115.8,112.8,109.8,123.4
ED-0082,2027,33:47,114.7,102.5,123.8,102.4,116.0,131.5,133.6,119.6,115.3,112.7,109.2,123.3
ED-0082,2028,33:48,115.4,101.3,123.2,102.2,116.4,131.0,133.7,118.6,115.6,112.1,108.2,122.3
ED-0082,2029,33:49,114.4,101.8,122.8,102.6,116.5,130.8,132.8,118.4,116.1,112.5,108.8,122.3
ED-0082,2030,33:50,114.6,102.0,122.7,102.3,115.4,130.7,132.5,118.4,115.8,112.1,108.4,122.7
ED-0082,2031,33:51,115.5,100.3,123.5,101.7,115.3,130.3,132.2,117.0,115.1,112.3,107.9,122.7
ED-0082,2032,33:52,113.9,100.5,122.7,102.1,115.3,129.6,131.1,118.4,114.6,112.4,107.7,122.4
ED-0082,2033,33:53,113.8,100.7,122.4,101.5,115.3,129.1,131.7,117.5,113.4,111.4,107.9,121.6
ED-0082,2034,33:54,112.5,99.9,121.8,101.5,114.3,128.2,130.9,117.0,114.8,110.3,107.6,121.0
ED-0082,2035,33:55,113.1,101.1,121.8,101.7,114.3,128.8,131.1,117.2,113.8,110.5,107.2,120.8
ED-0082,2036,33:56,112.1,99.2,121.9,101.3,114.0,127.5,129.4,116.3,113.1,111.3,106.9,121.8
ED-0082,2037,33:57,111.7,98.9,121.5,100.3,112.4,128.2,129.1,116.4,113.6,110.0,106.3,120.6
ED-0082,2038,33:58,111.8,99.6,121.2,99.8,112.9,128.4,129.4,116.1,112.5,110.1,106.1,120.5
ED-0082,2039,33:59,112.9,98.6,121.0,99.3,113.1,127.7,130.0,115.4,112.6,110.3,105.3,119.7
ED-0082,2040,34:00,111.9,99.8,120.6,99.3,112.0,127.3,128.7,115.6,111.9,109.2,106.5,120.1
ED-0082,2041,34:01,111.5,98.8,120.3,99.3,111.8,126.9,129.5,115.3,112.0,109.8,106.1,119.3
ED-0082,2042,34:02,110.5,98.0,120.3,99.0,111.8,127.3,129.5,114.2,112.3,110.0,105.2,119.6
ED-0082,2043,34:03,111.4,98.4,120.4,98.7,111.5,126.5,128.2,115.0,111.9,108.7,105.6,120.0
ED-0082,2044,34:04,110.9,97.5,119.4,98.9,110.8,126.3,127.7,115.0,110.5,108.4,105.1,119.3
ED-0082,2045,34:05,110.5,98.1,119.3,98.5,111.3,126.1,127.3,114.2,110.8,108.9,104.1,118.5
ED-0082,2046,34:06,110.4,97.4,117.9,97.5,110.8,125.2,127.1,113.7,110.7,107.3,103.6,118.2
ED-0082,2047,34:07,109.3,97.5,118.7,97.2,110.2,125.4,126.5,113.9,110.9,108.8,104.9,118.5
ED-0082,2048,34:08,110.1,95.8,118.6,97.2,110.3,124.6,125.9,114.0,109.2,108.3,104.3,117.3
ED-0082,2049,34:09,109.9,97.6,119.3,97.8,109.6,123.8,126.2,112.0,109.1,107.5,103.1,116.2
ED-0082,2050,34:10,109.8,96.1,118.0,96.6,109.0,122.7,126.2,112.5,110.0,107.7,102.6,117.6
ED-0082,2051,34:11,108.9,96.6,117.4,97.6,108.7,124.2,126.7,112.1,109.4,107.6,102.7,116.7
ED-0082,2052,34:12,109.4,95.3,116.5,97.1,109.2,122.9,126.0,112.5,109.6,107.1,101.9,117.2
ED-0082,2053,34:13,109.0,95.0,117.3,96.3,108.4,122.1,124.4,112.4,109.5,106.6,103.2,116.8
ED-0082,2054,34:14,107.7,95.9,117.2,96.6,108.6,122.3,125.9,111.7,108.6,106.3,102.3,116.3
ED-0082,2055,34:15,107.7,94.6,116.7,95.6,108.1,121.8,124.8,110.6,107.7,106.5,101.6,115.2
ED-0082,2056,34:16,107.5,94.7,116.7,96.0,108.0,122.4,124.2,111.5,107.9,106.6,101.1,116.0
ED-0082,2057,34:17,107.5,95.6,116.9,94.8,107.7,121.3,123.6,111.0,107.8,106.5,101.1,115.5
ED-0082,2058,34:18,107.6,94.0,116.0,95.2,107.9,121.3,122.9,110.1,107.3,105.8,100.5,114.9
ED-0082,2059,34:19,107.7,94.8,116.9,94.8,107.6,119.9,123.2,110.7,107.1,105.1,100.8,114.7
ED-0082,2060,34:20,107.3,94.1,115.7,93.5,106.5,120.2,123.8,111.0,108.0,105.2,100.9,113.4
ED-0082,2061,34:21,106.2,94.0,115.6,95.0,106.5,120.3,123.3,109.2,106.7,104.7,99.6,114.0
ED-0082,2062,34:22,106.7,93.7,114.7,93.9,106.2,119.1,123.1,110.2,106.0,104.5,99.5,113.9
ED-0082,2063,34:23,106.6,92.7,114.9,93.7,106.3,119.6,122.4,108.5,106.4,105.1,99.3,113.1
ED-0082,2064,34:24,105.9,94.0,114.3,93.9,105.6,120.4,122.4,108.7,105.8,104.7,99.2,115.1
ED-0082,2065,34:25,104.8,92.8,114.4,92.5,104.6,119.9,121.6,108.2,105.6,104.0,98.6,113.5
ED-0082,2066,34:26,105.5,92.3,114.1,93.0,104.8,118.2,121.5,108.0,106.2,103.5,99.2,112.6
ED-0082,2067,34:27,105.1,92.7,114.1,93.3,104.4,118.0,122.0,107.7,106.0,103.4,98.5,112.6
ED-0082,2068,34:28,105.5,91.8,113.1,92.7,105.2,118.4,121.1,108.2,104.3,103.9,98.9,112.1
ED-0082,2069,34:29,104.2,91.1,114.3,93.9,103.8,118.2,120.4,107.6,104.9,103.1,98.2,113.2
ED-0082,2070,34:30,104.7,92.0,112.9,92.5,103.8,117.6,120.1,107.9,104.5,101.6,98.3,112.7
ED-0082,2071,34:31,104.8,91.0,112.7,91.4,104.4,117.5,120.8,107.0,103.9,102.1,97.7,111.4
ED-0082,2072,34:32,104.6,90.4,112.8,91.9,103.9,117.9,119.1,107.1,104.4,102.3,97.5,111.4
ED-0082,2073,34:33,104.1,90.7,112.4,91.8,103.6,116.8,120.4,105.9,105.1,102.3,97.3,111.3
ED-0082,2074,34:34,104.1,89.9,112.2,91.2,102.3,117.3,118.8,107.4,103.4,101.9,96.8,111.2
ED-0082,2075,34:35,103.2,89.0,112.6,91.5,102.6,115.5,118.7,106.4,104.5,101.6,96.2,110.6
ED-0082,2076,34:36,103.5,89.6,111.9,91.1,102.4,116.1,118.1,105.7,103.5,101.6,95.5,110.5
ED-0082,2077,34:37,103.2,89.6,112.3,90.7,101.4,115.8,117.8,105.8,103.1,101.5,95.9,109.7
ED-0082,2078,34:38,103.3,89.3,112.5,91.5,101.4,115.4,117.9,104.6,103.4,100.7,96.5,110.1
ED-0082,2079,34:39,102.2,89.9,112.5,90.6,101.2,114.6,117.6,105.0,102.1,100.9,94.8,108.9
ED-0082,2080,34:40,101.8,89.0,111.2,90.2,101.0,115.4,117.2,104.1,102.3,101.3,95.8,109.0
ED-0082,2081,34:41,102.7,89.2,110.7,89.7,101.4,115.0,117.8,104.8,101.5,101.3,96.0,109.1
ED-0082,2082,34:42,101.4,89.2,110.4,90.3,101.5,114.3,116.9,103.6,101.6,101.3,95.3,109.5
ED-0082,2083,34:43,101.1,88.6,109.5,89.5,101.2,113.3,116.8,103.8,101.0,101.2,95.2,109.3
ED-0082,2084,34:44,101.4,89.5,109.4,89.5,100.6,113.1,116.2,104.1,101.1,99.7,94.9,109.2
ED-0082,2085,34:45,101.2,88.1,110.3,88.7,99.9,113.3,116.7,103.7,100.9,100.0,94.0,108.4
ED-0082,2086,34:46,100.8,87.7,109.7,88.9,100.0,111.9,115.3,103.4,100.5,99.9,94.6,108.2
ED-0082,2087,34:47,101.6,87.6,109.5,88.9,98.2,113.3,116.0,102.4,101.5,99.3,93.9,107.3
ED-0082,2088,34:48,99.9,86.5,109.6,88.2,99.3,113.5,115.3,103.2,100.4,99.3,93.7,107.6
ED-0082,2089,34:49,100.6,87.6,108.1,89.7,99.5,113.2,114.9,103.2,100.2,99.2,93.1,107.3
ED-0082,2090,34:50,99.3,87.0,108.7,87.9,99.2,111.6,114.5,102.0,100.2,98.5,93.5,107.2
ED-0082,2091,34:51,100.1,87.4,108.4,88.0,98.1,112.2,114.0,101.7,99.8,98.1,93.1,107.5
ED-0082,2092,34:52,99.2,86.6,107.9,87.5,96.9,111.3,114.1,101.6,99.0,98.6,91.8,106.1
ED-0082,2093,34:53,99.8,86.9,108.4,87.0,97.5,111.9,114.6,101.8,99.6,97.9,92.6,106.4
ED-0082,2094,34:54,99.2,86.0,107.7,87.9,97.4,110.1,113.1,100.8,100.5,96.9,92.5,106.2
ED-0082,2095,34:55,99.4,85.0,108.2,87.3,96.8,111.1,113.5,101.7,99.0,97.9,91.4,106.8
ED-0082,2096,34:56,99.1,86.2,107.8,87.2,96.6,110.6,113.3,101.2,98.5,97.2,91.5,105.8
ED-0082,2097,34:57,97.2,85.9,107.1,86.3,96.7,109.9,112.3,102.4,98.9,96.8,91.7,105.6
ED-0082,2098,34:58,98.0,86.4,106.8,86.3,97.4,108.9,112.4,99.9,98.6,97.1,90.6,105.5
ED-0082,2099,34:59,97.9,85.1,106.4,86.2,96.6,109.1,112.4,101.1,98.0,96.5,92.0,104.7
ED-0082,2100,35:00,98.0,84.3,106.6,85.9,97.0,109.2,112.1,100.1,97.9,96.1,90.7,104.7
ED-0082,2101,35:01,97.0,84.1,107.0,85.4,95.1,108.5,112.0,99.6,97.1,97.0,90.3,104.9
ED-0082,2102,35:02,97.4,84.5,107.3,85.9,94.6,109.5,112.1,99.7,97.4,96.1,90.3,104.4
ED-0082,2103,35:03,98.3,83.2,106.7,86.0,95.6,108.1,111.7,99.8,96.9,96.4,90.9,104.4
ED-0082,2104,35:04,96.6,83.3,105.7,85.2,94.7,108.3,111.7,99.0,97.3,95.8,90.1,103.5
ED-0082,2105,35:05,96.3,83.7,105.1,85.8,95.2,108.3,110.8,99.6,96.6,95.4,89.8,104.0
ED-0082,2106,35:06,97.5,83.2,106.2,85.6,95.0,108.1,111.4,97.8,95.5,95.1,89.6,103.6
ED-0082,2107,35:07,96.4,84.1,104.9,84.1,95.2,106.9,110.6,98.9,96.3,94.8,89.3,104.0
ED-0082,2108,35:08,97.1,83.6,104.7,84.5,94.4,108.0,110.7,98.8,95.7,95.4,90.2,103.2
ED-0082,2109,35:09,96.5,82.4,106.0,84.1,93.9,107.2,109.7,98.8,95.5,95.4,88.8,103.9
ED-0082,2110,35:10,95.9,83.2,104.5,83.8,92.9,106.6,109.9,98.6,95.6,94.7,89.6,102.5
ED-0082,2111,35:11,96.4,82.7,104.1,83.8,93.7,106.4,110.2,98.1,95.4,94.7,88.8,102.8
ED-0082,2112,35:12,95.5,83.4,103.8,84.6,92.7,106.3,109.6,97.2,95.5,94.3,88.1,102.6
ED-0082,2113,35:13,95.1,82.1,104.6,83.5,93.5,106.2,107.8,98.4,94.3,94.7,88.7,102.0
ED-0082,2114,35:14,95.7,82.4,104.0,84.1,93.1,106.2,108.5,97.2,94.3,93.9,88.2,101.2
ED-0082,2115,35:15,95.0,80.8,104.1,83.2,92.3,105.0,108.1,96.9,94.1,93.2,87.6,100.9
ED-0082,2116,35:16,93.7,82.3,103.9,83.3,92.2,104.7,108.0,97.2,93.7,93.4,86.8,101.7
ED-0082,2117,35:17,94.5,82.3,102.7,82.4,92.2,105.3,107.8,97.4,94.6,93.5,87.9,100.3
ED-0082,2118,35:18,93.6,80.9,103.0,81.7,92.5,105.1,107.3,96.1,93.8,93.1,87.2,100.3
ED-0082,2119,35:19,93.5,80.9,104.0,81.8,91.2,104.1,108.0,96.2,93.9,93.5,87.1,101.2
ED-0082,2120,35:20,93.9,80.8,102.6,82.1,91.2,103.7,107.6,96.4,93.4,92.6,87.3,100.2
ED-0082,2121,35:21,95.3,80.3,102.0,81.4,92.7,104.5,107.2,95.6,92.9,92.1,85.8,100.5
ED-0082,2122,35:22,92.7,80.4,102.9,82.6,91.3,103.6,106.7,95.6,93.2,92.7,86.7,100.2
ED-0082,2123,35:23,93.3,80.7,101.4,81.2,90.7,105.0,106.4,96.1,92.9,91.9,85.8,99.7
ED-0082,2124,35:24,93.3,78.5,102.1,81.1,91.4,103.7,107.1,94.7,91.8,91.9,86.3,99.4
ED-0082,2125,35:25,92.4,80.4,102.1,81.4,90.0,103.9,105.8,94.7,92.8,92.3,85.2,98.7
ED-0082,2126,35:26,92.4,79.2,101.1,80.6,89.5,103.5,105.9,95.4,92.3,90.5,85.0,99.1
ED-0082,2127,35:27,92.8,79.7,101.1,80.6,89.7,102.1,106.4,94.3,92.1,91.8,85.2,98.7
ED-0082,2128,35:28,92.1,79.3,100.5,80.6,88.1,101.9,106.6,95.0,91.5,91.4,85.6,98.7
ED-0082,2129,35:29,91.7,78.5,102.2,80.2,89.5,102.3,104.2,93.3,90.9,90.6,85.3,97.6
ED-0082,2130,35:30,92.0,78.8,100.9,80.4,88.7,101.2,105.8,93.2,91.6,91.9,84.0,99.6
ED-0082,2131,35:31,92.7,79.2,100.0,79.7,89.8,101.7,104.4,93.9,91.2,91.1,84.4,97.8
ED-0082,2132,35:32,91.6,78.9,100.4,80.1,88.1,102.2,104.3,93.5,91.2,89.8,84.8,97.9
ED-0082,2133,35:33,90.6,79.1,100.1,78.5,88.0,100.6,104.3,93.1,91.1,89.8,84.4,97.3
ED-0082,2134,35:34,90.9,78.7,101.1,79.3,87.6,100.4,104.5,92.6,90.2,90.9,83.9,97.3
ED-0082,2135,35:35,91.5,78.3,100.1,78.9,88.6,101.1,103.7,93.4,90.4,90.2,84.1,97.4
ED-0082,2136,35:36,90.8,77.3,99.5,79.0,88.2,101.2,103.6,93.6,89.8,89.2,83.1,97.2
ED-0082,2137,35:37,90.2,78.0,99.5,78.0,88.1,100.1,103.9,92.0,89.5,90.2,83.0,96.8
ED-0082,2138,35:38,90.3,76.9,98.6,79.1,87.9,100.5,103.5,92.2,89.3,90.5,83.3,96.6
ED-0082,2139,35:39,89.6,78.0,97.9,78.4,86.9,100.4,103.5,92.0,89.3,88.6,82.9,95.3
ED-0082,2140,35:40,90.8,77.2,98.5,77.7,87.4,100.3,103.2,90.9,90.2,89.2,82.3,96.4
ED-0082,2141,35:41,90.3,77.0,97.5,77.9,87.8,98.9,103.3,91.7,90.1,88.2,82.7,96.4
ED-0082,2142,35:42,89.9,77.2,98.4,78.3,87.0,99.0,102.8,91.7,89.3,88.2,81.9,96.0
ED-0082,2143,35:43,89.8,75.6,98.5,78.1,86.7,98.9,102.1,91.3,90.0,87.9,82.0,95.4
ED-0082,2144,35:44,90.0,75.7,98.4,77.9,88.0,98.7,102.1,91.1,87.7,89.0,81.6,95.2
ED-0082,2145,35:45,88.5,75.7,98.3,77.6,86.6,97.7,101.1,90.9,88.9,88.4,81.7,95.7
ED-0082,2146,35:46,88.7,75.5,96.8,76.6,86.7,98.0,101.0,90.3,88.4,87.8,81.6,94.2
ED-0082,2147,35:47,89.2,76.6,97.5,77.7,86.1,98.1,100.4,89.6,88.0,88.3,81.7,94.6
ED-0082,2148,35:48,88.9,76.6,97.4,76.9,85.1,97.6,101.5,90.1,86.9,88.7,81.2,94.5
ED-0082,2149,35:49,88.3,75.7,96.2,77.2,85.1,97.1,101.1,89.8,87.7,88.7,81.6,93.9
ED-0082,2150,35:50,88.1,75.5,96.5,76.1,84.5,98.1,100.5,91.1,87.0,87.2,81.1,94.7
ED-0082,2151,35:51,88.7,75.3,96.9,77.2,84.9,97.7,100.5,89.1,87.0,87.5,80.6,93.5
ED-0082,2152,35:52,87.5,74.5,95.4,76.1,84.6,97.4,100.1,89.2,86.8,87.2,80.3,93.6
ED-0082,2153,35:53,87.7,75.2,97.4,76.6,84.1,96.5,100.7,89.1,87.2,87.6,80.6,93.4
ED-0082,2154,35:54,87.4,75.4,95.6,75.9,84.3,97.6,100.6,89.3,87.4,86.8,80.4,93.3
ED-0082,2155,35:55,86.0,74.7,95.3,76.2,85.0,96.1,98.5,88.2,86.5,86.8,80.2,93.2
ED-0082,2156,35:56,88.2,74.0,95.4,75.0,84.0,96.4,99.4,89.6,86.8,86.9,78.9,92.6
ED-0082,2157,35:57,86.9,74.3,97.1,76.7,84.5,95.8,99.6,88.2,86.8,86.6,79.2,92.7
ED-0082,2158,35:58,86.1,74.2,95.3,74.3,83.5,95.8,99.5,88.6,86.0,86.4,79.1,93.0
ED-0082,2159,35:59,85.5,73.6,94.7,74.6,83.2,95.8,98.3,88.6,86.7,86.0,79.3,92.6
ED-0082,2160,36:00,87.6,74.6,95.3,75.6,82.9,94.9,99.6,88.6,84.6,86.1,78.6,91.8
ED-0082,2161,36:01,86.5,72.9,94.7,75.6,83.2,95.2,98.5,88.1,85.0,86.1,78.2,91.2
ED-0082,2162,36:02,85.7,73.7,94.2,74.2,83.5,94.6,97.4,88.5,84.9,85.0,78.5,91.3
ED-0082,2163,36:03,85.9,73.1,95.1,74.3,83.6,94.5,98.6,87.5,86.0,85.0,79.1,91.9
ED-0082,2164,36:04,84.5,72.5,95.4,74.1,83.2,94.0,96.7,87.9,84.7,85.6,77.9,91.0
ED-0082,2165,36:05,85.8,72.7,95.5,74.3,82.4,93.9,98.0,87.4,84.8,85.3,78.6,91.4
ED-0082,2166,36:06,85.0,73.6,94.1,73.1,81.5,94.5,98.0,87.0,83.5,84.7,77.4,90.4
ED-0082,2167,36:07,85.4,72.1,94.3,73.2,81.0,94.5,96.8,86.5,84.5,84.9,78.0,90.6
ED-0082,2168,36:08,85.2,72.1,94.7,73.4,82.3,93.1,96.9,87.0,84.0,84.7,78.3,90.6
ED-0082,2169,36:09,84.4,71.6,93.7,74.0,81.0,93.1,96.0,87.5,84.3,84.6,77.4,89.5
ED-0082,2170,36:10,84.6,72.1,94.3,73.2,81.3,92.6,96.9,86.4,84.1,84.2,77.5,90.2
ED-0082,2171,36:11,84.6,71.6,92.8,72.6,80.5,93.4,95.7,86.1,83.8,83.4,76.9,89.9
ED-0082,2172,36:12,84.1,71.5,93.6,73.1,80.4,93.4,97.5,85.7,83.8,83.5,77.5,90.3
ED-0082,2173,36:13,83.7,70.0,92.8,73.3,80.7,91.5,96.4,86.0,83.2,84.5,76.9,89.5
ED-0082,2174,36:14,83.8,71.5,92.6,72.5,81.1,92.5,95.1,85.7,83.0,83.8,76.4,89.8
ED-0082,2175,36:15,84.2,71.7,92.6,72.5,80.0,92.6,95.5,84.9,83.4,83.0,76.5,89.4
ED-0082,2176,36:16,83.2,71.5,91.5,72.3,79.9,92.4,96.1,85.3,82.3,82.5,76.7,89.0
ED-0082,2177,36:17,83.5,69.3,92.7,72.3,80.0,92.5,94.4,85.6,82.5,82.7,76.0,89.2
ED-0082,2178,36:18,82.9,71.0,91.9,70.5,79.6,91.5,94.3,84.2,82.6,83.9,76.5,89.2
ED-0082,2179,36:19,82.6,70.6,91.7,71.6,80.1,90.9,93.9,84.4,82.7,82.7,75.6,88.5
ED-0082,2180,36:20,83.1,70.0,92.4,72.4,79.0,91.4,94.7,84.9,82.0,82.5,75.3,88.4
ED-0082,2181,36:21,82.0,70.4,91.6,71.3,79.3,90.6,94.4,84.9,81.2,81.8,75.4,87.6
ED-0082,2182,36:22,82.3,69.9,91.1,71.3,78.9,90.3,94.4,83.6,81.2,81.6,75.5,87.3
ED-0082,2183,36:23,82.7,69.4,90.7,70.4,79.1,90.5,93.4,83.5,82.5,81.1,74.8,88.0
ED-0082,2184,36:24,82.1,70.0,91.7,71.1,79.2,90.4,93.1,83.6,81.6,81.6,74.4,87.8
ED-0082,2185,36:25,82.2,69.2,91.5,71.8,78.3,90.5,94.2,83.8,81.5,81.4,74.3,87.6
ED-0082,2186,36:26,82.0,69.4,91.5,70.0,78.5,90.2,93.6,83.4,81.0,81.3,74.6,87.5
ED-0082,2187,36:27,82.0,69.3,91.4,70.6,78.9,89.9,93.5,83.7,81.3,81.7,74.5,86.8
ED-0082,2188,36:28,81.8,69.9,90.6,71.1,77.3,89.8,93.5,83.6,81.0,81.4,73.6,86.9
ED-0082,2189,36:29,82.7,68.9,90.7,70.7,78.0,90.3,93.3,83.6,80.7,80.7,74.2,87.7
ED-0082,2190,36:30,81.4,68.6,90.5,70.7,78.1,89.4,92.5,82.9,80.2,81.3,73.8,86.5
ED-0082,2191,36:31,80.4,67.7,89.9,69.8,77.8,89.1,92.5,82.4,80.0,80.8,73.5,86.3
ED-0082,2192,36:32,81.2,68.9,89.8,69.5,76.7,89.5,91.2,82.5,79.6,81.8,73.4,86.1
ED-0082,2193,36:33,80.8,68.1,89.9,70.6,76.4,89.2,92.3,82.1,79.6,79.9,72.6,85.9
ED-0082,2194,36:34,81.7,68.2,89.6,69.7,77.6,88.9,92.2,82.2,80.3,80.2,73.3,85.6
ED-0082,2195,36:35,80.6,68.8,89.8,69.5,76.4,88.9,92.0,81.8,79.3,80.5,73.5,85.4
ED-0082,2196,36:36,79.9,67.6,88.9,68.3,76.1,88.2,91.6,81.7,80.1,79.4,73.0,85.0
ED-0082,2197,36:37,80.3,67.8,89.1,69.4,76.8,88.8,91.0,81.9,79.6,79.5,72.1,85.5
ED-0082,2198,36:38,78.8,67.7,88.9,69.7,77.0,87.6,91.8,81.5,79.9,79.7,72.2,85.5
ED-0082,2199,36:39,79.0,67.0,88.9,69.1,75.8,87.9,91.0,81.0,79.6,79.4,72.1,85.0
ED-0082,2200,36:40,79.4,66.7,88.1,68.5,75.5,88.2,90.2,80.3,78.3,79.7,71.7,84.6
ED-0082,2201,36:41,79.5,68.4,88.8,68.0,75.8,87.2,91.4,80.9,78.7,79.5,72.3,84.9
ED-0082,2202,36:42,79.0,66.6,88.4,67.9,75.1,87.2,90.3,80.9,78.4,80.0,71.9,84.4
ED-0082,2203,36:43,78.8,66.7,88.7,67.8,74.9,86.6,90.4,81.4,78.7,79.7,71.9,84.4
ED-0082,2204,36:44,79.8,67.2,88.4,68.1,74.8,87.1,89.8,80.4,78.4,79.4,73.0,84.6
ED-0082,2205,36:45,79.3,66.6,88.0,67.6,74.9,87.7,89.9,80.6,78.8,79.3,71.1,83.9
ED-0082,2206,36:46,79.3,65.0,87.8,68.0,74.1,87.2,90.2,79.9,78.7,79.2,71.4,84.4
ED-0082,2207,36:47,79.0,67.2,87.1,67.4,74.4,85.8,89.7,80.0,77.5,78.1,70.8,83.5
ED-0082,2208,36:48,78.1,65.9,87.4,66.5,74.6,86.4,90.4,79.6,78.2,78.9,71.4,83.9
ED-0082,2209,36:49,78.4,66.1,86.3,67.8,74.5,85.6,89.8,80.2,77.9,77.7,71.2,83.3
ED-0082,2210,36:50,77.8,65.5,87.1,67.0,74.3,86.2,89.1,78.9,77.2,79.0,70.1,83.5
ED-0082,2211,36:51,77.5,65.2,87.3,67.5,74.6,85.3,89.5,81.1,78.1,78.2,71.7,83.0
ED-0082,2212,36:52,76.8,65.1,87.5,66.7,74.6,85.0,89.7,79.5,76.7,78.6,70.5,83.4
ED-0082,2213,36:53,77.8,65.4,86.6,66.5,73.7,84.5,87.6,79.5,76.8,78.0,70.1,83.2
ED-0082,2214,36:54,77.2,65.8,86.1,66.2,73.9,84.6,89.2,78.2,77.0,77.7,69.8,82.5
ED-0082,2215,36:55,77.6,66.1,86.9,66.9,73.5,85.0,88.5,79.2,76.1,77.8,70.4,82.7
ED-0082,2216,36:56,77.2,65.7,86.7,65.7,73.5,84.6,88.1,78.0,76.3,77.5,69.8,83.0
ED-0082,2217,36:57,77.1,65.0,86.3,65.2,73.5,84.2,88.4,79.7,75.7,75.4,70.4,83.0
ED-0082,2218,36:58,77.0,64.3,86.2,65.5,72.9,84.2,86.9,78.3,75.5,78.0,69.0,81.4
ED-0082,2219,36:59,77.1,63.9,85.6,66.1,72.8,83.3,87.1,77.8,75.6,77.1,69.4,81.6
ED-0082,2220,37:00,75.9,64.7,85.0,65.6,72.5,84.6,88.0,78.5,75.5,76.3,68.7,81.7
ED-0082,2221,37:01,76.7,64.8,86.2,66.9,72.1,84.3,86.9,77.5,75.4,76.7,69.4,81.3
ED-0082,2222,37:02,75.8,63.7,84.7,66.0,73.0,83.5,86.9,78.2,75.8,76.9,69.3,81.9
ED-0082,2223,37:03,75.2,64.6,84.6,64.3,72.3,83.8,86.3,77.5,75.3,77.2,68.7,80.7
ED-0082,2224,37:04,76.1,64.2,85.7,65.2,71.9,83.2,86.4,77.9,74.7,77.0,68.5,80.9
ED-0082,2225,37:05,76.2,64.5,84.9,65.6,72.3,83.1,86.8,77.6,74.2,75.8,68.1,81.0
ED-0082,2226,37:06,75.7,63.1,84.9,64.6,70.5,83.4,86.6,78.1,74.8,76.4,68.5,81.0
ED-0082,2227,37:07,75.5,63.4,85.3,64.3,71.8,82.8,86.9,77.3,75.8,75.7,67.9,80.6
ED-0082,2228,37:08,74.8,64.0,85.1,65.6,71.4,81.5,86.4,77.3,74.9,75.7,67.7,80.4
ED-0082,2229,37:09,75.2,63.7,84.1,65.0,71.7,82.8,85.8,77.1,74.3,76.3,68.3,79.6
ED-0082,2230,37:10,75.2,62.1,84.2,64.5,71.8,82.6,85.2,77.4,75.1,75.5,67.1,80.1
ED-0082,2231,37:11,74.3,62.2,84.9,64.4,71.3,82.0,86.1,76.9,74.1,75.6,68.1,79.8
ED-0082,2232,37:12,75.8,63.8,83.8,64.0,71.0,82.6,86.3,77.7,73.9,75.0,67.5,80.4
ED-0082,2233,37:13,73.8,63.1,84.6,63.4,70.9,81.2,85.5,76.1,74.5,75.2,67.4,78.7
ED-0082,2234,37:14,75.4,62.6,83.4,63.9,71.3,82.4,85.3,76.5,73.0,76.0,66.2,79.0
ED-0082,2235,37:15,74.8,63.1,84.5,64.5,70.8,81.5,85.1,75.5,73.1,75.4,67.2,79.6
ED-0082,2236,37:16,74.2,62.3,82.5,63.8,70.3,81.4,85.2,76.0,73.6,75.6,66.6,78.5
ED-0082,2237,37:17,75.0,62.5,83.2,63.2,70.4,80.7,84.5,75.0,74.3,74.7,66.7,79.0
ED-0082,2238,37:18,74.7,61.6,83.7,62.6,69.4,81.3,84.8,75.9,73.4,74.3,67.4,79.0
ED-0082,2239,37:19,73.7,60.9,82.6,63.4,70.0,80.6,84.6,75.7,74.2,74.2,66.8,78.7
ED-0082,2240,37:20,73.8,60.8,83.4,63.4,69.9,81.6,84.5,75.2,72.7,74.3,66.8,78.0
ED-0082,2241,37:21,73.7,61.6,82.0,63.1,70.3,80.5,84.6,75.5,73.0,74.1,66.1,79.4
ED-0082,2242,37:22,73.6,61.4,81.9,62.3,68.7,80.4,83.5,74.8,73.9,73.6,66.2,78.8
ED-0082,2243,37:23,73.0,62.5,82.3,62.6,69.5,80.4,83.4,75.7,72.8,73.6,65.6,78.5
ED-0082,2244,37:24,73.9,61.1,82.3,63.0,67.8,80.2,84.6,74.7,73.3,73.5,66.1,78.1
ED-0082,2245,37:25,74.5,60.3,82.0,62.4,69.6,80.2,84.1,74.1,71.9,73.8,65.6,76.8
ED-0082,2246,37:26,72.6,60.9,82.4,62.6,68.5,79.9,83.2,74.5,72.2,73.1,64.8,77.3
ED-0082,2247,37:27,72.1,60.7,82.5,62.1,68.5,79.0,82.9,74.8,71.6,73.0,65.9,77.3
ED-0082,2248,37:28,72.5,60.3,82.1,62.0,67.9,79.6,83.0,74.9,71.8,73.5,65.1,77.5
ED-0082,2249,37:29,73.4,60.8,81.7,61.4,68.2,79.2,82.9,73.9,72.1,73.2,65.9,78.6
ED-0082,2250,37:30,73.0,60.1,82.5,60.9,68.9,79.0,82.1,73.7,71.3,72.8,64.8,77.0
ED-0082,2251,37:31,72.2,59.7,82.4,61.3,67.4,78.8,84.2,73.3,70.8,72.7,64.9,76.1
ED-0082,2252,37:32,71.7,60.9,81.4,62.2,67.8,78.7,83.0,74.3,71.3,73.0,64.3,78.6
ED-0082,2253,37:33,72.9,60.2,82.7,61.7,68.2,78.3,82.0,74.0,70.9,72.7,65.3,76.5
ED-0082,2254,37:34,72.6,60.5,81.2,61.5,68.0,79.4,82.9,73.4,69.9,73.4,64.6,76.0
ED-0082,2255,37:35,71.6,58.9,81.7,61.6,67.6,79.4,82.3,73.4,70.7,74.2,63.8,76.3
ED-0082,2256,37:36,70.9,59.8,80.2,61.2,67.1,78.6,82.2,73.7,70.1,71.5,64.3,76.0
ED-0082,2257,37:37,71.9,60.7,80.7,60.3,66.8,78.4,82.8,71.9,70.1,72.0,63.5,76.7
ED-0082,2258,37:38,71.2,60.4,80.4,60.4,67.8,77.8,81.7,73.4,69.7,71.6,64.0,76.7
ED-0082,2259,37:39,71.1,59.2,80.0,60.6,67.6,78.0,81.3,72.3,70.7,72.7,64.6,75.5
ED-0082,2260,37:40,71.5,58.9,81.3,60.2,66.8,77.1,82.2,72.9,71.2,71.6,64.3,76.2
ED-0082,2261,37:41,71.7,58.3,80.6,60.0,66.9,76.8,80.9,72.4,70.4,71.3,63.0,74.7
ED-0082,2262,37:42,70.9,58.9,79.6,60.9,66.6,77.1,81.9,73.2,69.4,71.8,63.4,74.6
ED-0082,2263,37:43,70.8,58.1,80.8,60.7,65.9,77.4,81.0,71.5,69.6,71.6,62.8,75.2
ED-0082,2264,37:44,70.8,58.6,80.5,60.0,67.6,77.2,80.2,72.9,70.1,71.1,62.8,75.0
ED-0082,2265,37:45,69.7,58.5,78.9,59.9,65.5,78.0,80.2,72.7,69.4,72.4,62.5,74.6
ED-0082,2266,37:46,70.8,58.4,79.3,59.7,66.0,77.1,80.4,72.3,69.4,71.7,63.0,74.7
ED-0082,2267,37:47,69.9,58.3,79.4,60.4,66.0,77.1,81.8,71.9,69.4,70.7,62.6,75.0
ED-0082,2268,37:48,69.2,58.3,79.4,59.5,66.0,77.2,79.8,71.6,68.8,71.0,62.2,73.8
ED-0082,2269,37:49,70.6,57.7,78.7,59.9,64.6,76.5,80.7,71.9,68.6,70.9,62.1,73.3
ED-0082,2270,37:50,68.8,57.8,79.5,59.7,64.6,77.2,80.4,72.0,68.6,71.1,62.6,74.1
ED-0082,2271,37:51,69.7,59.0,79.6,59.5,64.9,76.8,79.4,71.1,69.0,70.8,62.7,74.1
ED-0082,2272,37:52,69.3,57.9,78.9,59.1,65.3,75.9,79.6,71.1,68.5,70.8,62.6,74.1
ED-0082,2273,37:53,69.2,57.3,78.4,58.5,64.6,75.6,79.3,71.8,68.8,70.5,62.2,73.7
ED-0082,2274,37:54,69.3,57.8,79.4,58.9,64.8,75.4,80.1,70.2,69.0,69.4,61.5,73.6
ED-0082,2275,37:55,68.9,57.2,78.3,58.7,65.0,75.3,79.2,71.3,69.1,70.2,60.9,72.9
ED-0082,2276,37:56,68.7,57.0,78.5,58.6,64.5,75.7,79.6,71.2,68.9,70.2,62.2,72.7
ED-0082,2277,37:57,68.6,57.2,78.5,57.2,64.1,75.5,79.4,70.8,68.8,70.2,61.2,72.4
ED-0082,2278,37:58,69.6,58.5,78.5,57.8,64.1,75.3,79.6,70.5,68.4,69.7,61.6,73.9
ED-0082,2279,37:59,68.4,56.5,77.4,57.8,64.0,74.2,79.4,70.7,68.0,69.7,60.9,72.9
ED-0082,2280,38:00,68.9,57.2,77.1,58.2,64.1,75.2,78.6,70.6,67.7,69.6,61.3,73.8
ED-0082,2281,38:01,69.0,57.2,77.5,58.8,64.1,75.3,78.2,70.1,67.8,69.2,60.5,72.4
ED-0082,2282,38:02,67.4,56.8,78.0,57.7,63.8,74.5,79.1,70.1,68.2,69.3,61.6,72.0
ED-0082,2283,38:03,67.5,56.8,77.3,58.3,62.7,74.1,78.3,70.4,67.3,69.0,60.2,72.5
ED-0082,2284,38:04,67.9,56.7,77.6,58.9,63.4,74.4,79.0,69.6,67.0,69.3,60.6,72.1
ED-0082,2285,38:05,67.9,57.1,78.1,58.3,63.8,75.2,77.6,70.0,66.6,69.5,61.0,70.9
ED-0082,2286,38:06,67.8,55.8,77.9,57.7,63.5,74.8,78.5,70.7,68.2,69.1,60.4,71.6
ED-0082,2287,38:07,67.5,55.7,77.0,57.7,63.3,74.4,78.0,69.7,66.8,68.6,60.5,71.6
ED-0082,2288,38:08,67.2,56.8,77.2,57.9,63.5,74.1,78.5,68.7,67.0,68.9,60.5,71.1
ED-0082,2289,38:09,67.2,55.6,76.5,57.5,63.2,73.5,78.1,69.0,65.7,68.2,60.1,71.8
ED-0082,2290,38:10,67.0,55.9,76.7,57.6,62.7,73.6,78.0,69.8,66.2,67.7,59.7,71.1
ED-0082,2291,38:11,67.6,55.7,77.3,57.2,63.0,73.2,77.1,69.1,66.6,67.7,59.4,71.6
ED-0082,2292,38:12,67.6,55.8,76.8,56.7,63.0,73.0,76.8,69.3,65.9,68.5,59.8,71.2
ED-0082,2293,38:13,67.8,55.9,77.3,56.6,62.4,73.6,77.1,68.1,66.0,68.3,59.2,70.2
ED-0082,2294,38:14,66.7,55.0,75.7,56.2,63.3,73.3,77.7,68.0,65.9,68.8,60.9,70.9
ED-0082,2295,38:15,66.6,55.7,77.0,56.0,61.8,72.9,76.7,68.1,65.9,67.2,60.2,70.3
ED-0082,2296,38:16,66.3,54.9,76.7,57.2,62.7,73.0,76.7,68.4,66.3,67.7,59.8,71.3
ED-0082,2297,38:17,66.2,55.9,76.8,56.0,61.6,73.1,77.4,68.6,65.4,68.1,60.2,70.1
ED-0082,2298,38:18,66.7,55.7,75.3,56.3,62.6,72.1,76.5,68.5,65.3,67.7,60.0,70.2
ED-0082,2299,38:19,65.4,55.4,75.3,56.1,62.0,72.8,76.3,67.3,65.6,67.9,59.4,70.9
ED-0082,2300,38:20,66.2,55.0,76.2,55.7,61.3,72.7,76.7,68.0,65.7,68.3,59.3,70.6
ED-0082,2301,38:21,66.1,54.8,75.9,56.1,61.7,72.6,77.2,68.6,65.1,67.1,59.4,69.5
ED-0082,2302,38:22,64.9,54.2,75.5,56.3,60.7,71.2,75.7,67.6,64.6,68.0,58.9,70.4
ED-0082,2303,38:23,65.6,54.3,74.5,54.6,61.9,72.4,76.6,67.5,64.4,67.1,58.4,70.0
ED-0082,2304,38:24,65.0,54.6,74.8,54.7,60.7,71.0,75.6,67.1,65.2,67.5,58.3,69.3
ED-0082,2305,38:25,65.3,54.8,75.4,55.4,60.9,72.2,75.9,67.8,65.9,67.2,58.5,69.3
ED-0082,2306,38:26,65.0,54.6,75.1,55.5,61.2,71.6,75.7,66.9,64.2,67.4,57.6,69.9
ED-0082,2307,38:27,64.9,54.1,74.4,54.6,60.6,72.2,75.4,66.1,63.9,67.8,58.6,68.6
ED-0082,2308,38:28,65.5,54.6,74.8,55.8,60.5,71.1,74.2,67.2,64.1,66.0,57.2,69.3
ED-0082,2309,38:29,64.4,53.5,74.6,55.7,61.0,71.1,76.1,67.2,65.1,66.1,57.5,69.3
ED-0082,2310,38:30,65.6,54.0,74.5,54.8,59.5,71.1,75.4,66.4,64.1,66.1,57.3,69.8
ED-0082,2311,38:31,64.2,53.7,73.9,55.8,60.1,71.0,74.3,66.6,64.4,65.8,58.4,68.3
ED-0082,2312,38:32,64.7,52.9,74.2,55.5,60.6,70.6,74.5,66.8,64.5,66.5,57.6,69.0
ED-0082,2313,38:33,63.5,53.1,74.4,54.6,59.9,71.1,74.8,66.8,63.3,65.2,58.0,68.7
ED-0082,2314,38:34,65.3,52.9,73.1,55.0,59.4,70.1,74.2,66.5,63.1,65.9,57.4,68.3
ED-0082,2315,38:35,64.1,52.6,74.0,54.7,60.0,70.6,74.1,67.6,63.6,66.3,57.1,69.0
ED-0082,2316,38:36,64.2,53.4,74.2,54.4,60.8,70.7,74.4,65.5,63.3,66.3,57.4,68.3
ED-0082,2317,38:37,63.3,53.4,73.3,53.7,59.6,70.1,74.5,65.9,63.7,65.4,56.9,68.4
ED-0082,2318,38:38,64.1,52.5,74.0,54.5,60.1,70.6,74.9,66.3,62.3,66.7,57.1,68.4
ED-0082,2319,38:39,63.5,53.0,73.6,53.7,59.4,70.6,74.7,66.1,63.2,66.5,56.1,69.1
ED-0082,2320,38:40,63.2,52.3,73.7,54.1,59.7,69.9,73.7,67.2,63.2,65.0,56.2,67.8
ED-0082,2321,38:41,64.2,52.0,73.1,53.7,59.4,69.9,73.4,65.9,62.5,65.1,57.7,66.2
ED-0082,2322,38:42,62.9,53.0,73.4,53.4,59.0,70.1,73.8,65.5,63.3,64.6,56.1,68.5
ED-0082,2323,38:43,62.1,52.2,73.6,54.1,60.1,70.0,74.2,65.3,63.2,64.9,56.2,67.1
ED-0082,2324,38:44,63.5,51.8,73.5,54.3,60.2,69.7,73.0,66.3,62.5,65.2,56.4,66.9
ED-0082,2325,38:45,63.3,53.4,73.0,53.2,58.4,68.8,72.9,66.1,62.5,65.9,56.3,66.6
ED-0082,2326,38:46,63.0,52.6,72.9,53.8,57.9,70.5,72.9,65.6,62.4,64.6,56.7,66.8
ED-0082,2327,38:47,62.7,51.9,72.1,52.7,58.8,69.4,72.5,65.1,62.1,64.6,55.0,67.0
ED-0082,2328,38:48,62.1,51.6,72.8,52.4,58.2,69.3,72.6,65.8,61.9,64.7,56.6,66.8
ED-0082,2329,38:49,62.2,51.7,72.5,52.8,58.6,68.9,73.4,65.7,62.5,64.3,55.4,66.9
ED-0082,2330,38:50,63.4,51.8,72.9,53.0,58.4,68.4,72.5,65.7,62.2,64.8,55.8,66.4
ED-0082,2331,38:51,62.6,52.4,73.7,53.0,57.7,68.7,73.3,63.7,61.6,64.9,55.6,66.7
ED-0082,2332,38:52,61.4,52.7,72.1,52.9,57.9,68.5,72.8,64.3,62.3,64.5,55.7,66.4
ED-0082,2333,38:53,62.3,51.7,72.4,53.1,58.3,68.9,72.5,64.8,61.9,64.0,55.5,66.7
ED-0082,2334,38:54,62.2,51.7,72.9,52.2,58.0,68.5,72.3,65.1,61.7,63.1,55.3,66.1
ED-0082,2335,38:55,61.5,50.6,72.4,52.2,57.9,68.9,72.6,65.7,61.8,63.9,55.7,66.2
ED-0082,2336,38:56,62.4,51.5,71.7,52.6,57.2,67.7,72.9,64.1,62.1,64.4,54.9,65.4
ED-0082,2337,38:57,61.5,51.1,72.2,52.4,58.7,68.0,72.1,64.1,61.9,64.4,55.7,66.0
ED-0082,2338,38:58,62.9,50.7,72.0,52.6,58.2,67.7,72.6,63.2,61.0,63.5,55.3,65.1
ED-0082,2339,38:59,62.0,51.2,71.8,52.4,57.0,66.9,71.1,64.6,60.8,64.1,55.1,65.4
ED-0082,2340,39:00,61.7,51.3,71.5,52.3,56.8,68.1,71.6,63.3,61.6,63.8,54.8,65.8
ED-0082,2341,39:01,62.0,50.4,71.1,52.0,57.4,67.7,72.4,63.1,61.4,63.1,54.8,64.9
ED-0082,2342,39:02,61.3,51.5,71.4,52.0,56.9,68.1,71.7,65.2,61.0,63.2,54.1,66.2
ED-0082,2343,39:03,61.3,50.8,71.4,52.5,56.9,66.8,72.2,63.3,61.7,63.4,55.0,65.2
ED-0082,2344,39:04,61.1,50.8,71.6,52.1,57.4,67.6,71.8,62.6,60.7,63.3,53.7,65.1
ED-0082,2345,39:05,61.1,50.9,71.6,51.5,56.1,67.1,71.9,63.2,61.8,63.3,54.6,64.0
ED-0082,2346,39:06,62.0,50.7,71.6,52.1,56.6,67.1,71.3,62.8,60.2,62.8,53.2,64.3
ED-0082,2347,39:07,60.6,50.4,71.0,51.1,56.5,66.8,70.9,62.6,59.6,63.1,53.9,64.2
ED-0082,2348,39:08,62.2,50.8,71.4,50.7,55.9,67.2,70.4,63.4,60.3,63.3,54.3,64.6
ED-0082,2349,39:09,60.5,49.9,70.5,51.5,56.7,67.2,70.3,63.5,60.7,62.8,54.2,63.8
ED-0082,2350,39:10,61.0,49.9,71.1,51.5,56.7,66.1,71.5,63.3,60.3,63.2,53.3,63.6
ED-0082,2351,39:11,61.1,50.5,69.7,51.4,55.7,66.3,70.8,63.2,60.0,62.4,53.6,65.3
ED-0082,2352,39:12,59.4,50.0,70.3,51.0,56.9,66.9,71.0,61.5,59.8,62.6,54.0,63.5
ED-0082,2353,39:13,60.4,49.2,70.3,50.9,55.4,66.4,70.3,62.6,60.0,62.8,53.6,62.7
ED-0082,2354,39:14,60.0,49.9,70.3,50.0,55.4,66.2,70.3,62.5,59.5,63.5,53.0,63.9
ED-0082,2355,39:15,59.8,49.4,70.3,50.9,55.9,66.0,69.5,63.1,59.0,62.3,52.8,64.7
ED-0082,2356,39:16,60.7,49.9,69.8,51.1,55.5,65.7,70.8,62.1,60.6,62.9,53.5,63.8
ED-0082,2357,39:17,60.0,49.7,70.3,51.0,55.5,66.3,70.1,62.6,59.4,62.3,53.0,63.7
ED-0082,2358,39:18,60.4,48.7,69.5,50.8,55.3,65.4,70.4,61.8,58.8,62.0,53.0,63.7
ED-0082,2359,39:19,59.4,48.7,69.7,50.2,55.8,65.5,70.6,62.2,59.3,62.7,52.9,63.4
ED-0082,2360,39:20,59.8,49.3,70.2,50.3,55.2,65.5,69.6,62.3,58.6,60.9,52.8,63.2
ED-0082,2361,39:21,59.8,49.2,70.8,50.3,55.3,65.6,69.7,62.0,60.0,61.2,51.7,63.3
ED-0082,2362,39:22,59.0,49.2,70.2,49.9,55.0,65.2,69.0,62.3,58.7,61.0,53.2,63.2
ED-0082,2363,39:23,59.9,49.5,69.9,49.6,55.2,64.6,68.6,61.5,58.2,61.4,52.6,63.4
ED-0082,2364,39:24,59.0,48.8,69.7,49.7,55.6,64.9,68.9,61.9,59.5,61.3,52.8,63.3
ED-0082,2365,39:25,58.6,48.5,69.4,49.8,54.6,64.4,70.2,62.2,58.9,62.1,52.8,62.1
ED-0082,2366,39:26,59.3,48.8,69.7,49.4,55.4,64.7,68.5,60.7,59.1,61.3,52.2,62.8
ED-0082,2367,39:27,58.9,49.2,69.1,49.7,55.7,64.4,69.5,61.5,58.6,61.3,52.6,62.8
ED-0082,2368,39:28,58.5,49.2,68.9,50.2,54.8,65.3,69.1,61.5,58.8,61.1,52.2,62.6
ED-0082,2369,39:29,58.7,49.1,68.9,50.1,54.3,64.3,68.6,60.9,58.1,61.3,53.3,62.9
ED-0082,2370,39:30,59.2,48.3,69.6,49.2,55.5,64.8,69.5,60.9,59.0,60.2,52.0,62.0
ED-0082,2371,39:31,58.8,48.7,69.0,49.4,54.6,65.3,69.3,60.2,57.9,60.9,52.1,62.1
ED-0082,2372,39:32,57.7,48.9,69.1,49.4,54.1,65.2,68.8,61.4,57.5,61.0,52.1,62.1
ED-0082,2373,39:33,57.5,48.4,67.9,48.9,53.9,64.5,69.0,60.5,59.0,61.6,52.1,61.4
ED-0082,2374,39:34,58.8,47.7,68.3,48.7,54.4,63.5,68.2,60.3,58.6,60.6,51.5,62.1
ED-0082,2375,39:35,58.9,48.6,67.7,49.6,53.7,64.8,67.7,61.3,57.5,60.8,51.4,61.5
ED-0082,2376,39:36,57.0,47.7,68.1,48.7,53.8,63.9,68.4,60.0,57.6,60.2,51.5,61.0
ED-0082,2377,39:37,58.4,48.2,68.2,48.9,54.1,64.9,68.5,60.2,58.2,60.8,51.4,61.5
ED-0082,2378,39:38,58.4,47.4,68.7,49.7,53.7,63.7,67.7,60.1,57.3,60.6,51.9,61.1
ED-0082,2379,39:39,57.3,47.4,68.0,48.0,53.6,63.4,67.6,59.9,58.3,60.0,51.5,62.0
ED-0082,2380,39:40,58.0,47.4,67.7,49.0,53.8,63.9,68.1,61.2,57.8,59.9,51.2,61.1
ED-0082,2381,39:41,57.3,47.2,68.3,48.6,53.3,64.2,67.8,60.5,57.0,60.2,52.0,60.8
ED-0082,2382,39:42,57.2,47.4,68.2,47.8,53.5,63.9,68.3,60.2,56.8,60.1,51.5,61.3
ED-0082,2383,39:43,57.3,47.1,68.2,48.0,52.3,63.3,67.7,60.8,57.0,59.4,50.7,60.0
ED-0082,2384,39:44,56.7,45.9,67.3,48.0,53.8,63.1,68.8,60.5,56.1,59.7,51.2,60.7
ED-0082,2385,39:45,57.1,47.1,67.0,48.3,52.4,62.4,67.8,60.2,56.7,59.4,50.2,60.9
ED-0082,2386,39:46,57.5,46.3,67.6,47.7,52.9,63.5,67.0,59.5,56.0,60.1,50.0,61.1
ED-0082,2387,39:47,56.2,47.0,67.6,48.7,52.3,62.5,67.9,60.7,56.7,59.5,50.4,60.2
ED-0082,2388,39:48,57.7,46.6,68.1,48.1,52.6,63.5,66.9,59.4,56.7,60.2,50.5,60.8
ED-0082,2389,39:49,55.4,46.2,67.3,48.4,52.6,63.1,68.3,59.8,56.4,59.6,50.1,60.2
ED-0082,2390,39:50,57.2,47.7,68.3,47.4,52.6,62.8,67.2,59.6,56.7,59.7,49.7,60.2
ED-0082,2391,39:51,57.5,47.2,66.8,46.9,52.7,62.1,67.2,58.7,56.2,57.8,50.8,60.4
ED-0082,2392,39:52,57.6,46.8,66.4,47.8,52.2,62.5,66.8,58.9,56.6,60.0,50.7,60.8
ED-0082,2393,39:53,56.1,45.7,67.4,47.0,52.7,62.9,67.0,59.7,55.8,58.6,50.6,59.1
ED-0082,2394,39:54,56.0,46.5,65.9,47.0,52.7,63.0,67.6,59.7,56.4,58.9,48.6,60.7
ED-0082,2395,39:55,58.0,45.8,66.7,46.0,52.5,62.6,67.4,58.8,56.1,59.8,49.9,59.8
ED-0082,2396,39:56,56.6,46.0,66.5,47.4,52.2,62.7,66.4,59.5,55.6,59.1,50.6,59.2
ED-0082,2397,39:57,55.8,46.7,66.7,46.8,51.9,61.8,66.8,59.0,55.8,58.4,50.3,59.2
ED-0082,2398,39:58,55.6,46.1,66.5,46.7,51.2,62.8,66.5,59.3,56.2,57.8,49.8,59.2
ED-0082,2399,39:59,56.1,46.0,67.0,47.0,51.7,61.9,65.9,58.4,56.0,58.7,50.4,59.6
