trial_id,time_s,time_mmss,T_LH_HOOD,T_LH_FENDER,T_LH_FRONT_DOOR,T_LH_REAR_DOOR,T_LH_Q_P,T_LH_T_G,T_RH_T_G,T_RH_Q_P,T_RH_REAR_DOOR,T_RH_FR_DOOR,T_RH_FENDER,T_RH_HOOD
ED-0040,0,00:00,36.2,35.1,33.7,34.1,35.5,35.7,35.2,34.3,34.2,35.5,34.9,35.1
ED-0040,1,00:01,35.2,34.5,35.8,35.2,35.3,36.1,34.6,35.4,34.4,34.4,35.0,36.2
ED-0040,2,00:02,35.1,34.0,35.1,34.8,35.7,35.5,34.3,34.9,34.4,36.5,35.1,35.8
ED-0040,3,00:03,34.8,33.8,34.5,35.4,34.7,35.0,35.4,35.3,34.6,34.0,36.0,34.2
ED-0040,4,00:04,34.6,35.1,33.9,34.6,34.8,35.2,35.4,35.6,34.6,35.3,34.6,35.4
ED-0040,5,00:05,34.6,33.7,34.4,35.3,35.0,34.9,34.8,35.3,35.7,35.7,35.2,35.1
ED-0040,6,00:06,34.7,34.7,36.0,34.8,34.3,35.2,34.1,36.1,34.9,34.3,36.1,35.7
ED-0040,7,00:07,35.0,35.9,35.1,34.8,35.4,35.1,34.4,35.8,34.6,34.9,34.4,34.9
ED-0040,8,00:08,35.6,34.9,35.4,35.2,35.4,34.5,35.4,34.9,35.1,34.8,35.7,34.7
ED-0040,9,00:09,34.6,34.7,35.3,35.2,34.6,35.7,34.8,34.4,35.5,33.9,35.2,35.3
ED-0040,10,00:10,34.4,34.8,34.6,34.8,34.5,34.8,34.4,35.0,35.6,33.7,34.5,35.1
ED-0040,11,00:11,35.7,34.6,36.5,34.1,34.2,34.6,34.7,35.6,33.8,33.7,35.9,35.0
ED-0040,12,00:12,35.8,34.4,34.4,34.7,35.7,35.2,35.7,36.6,35.0,34.9,34.9,35.4
ED-0040,13,00:13,35.4,33.7,33.8,35.0,35.0,34.4,34.9,34.5,34.3,34.2,34.6,35.6
ED-0040,14,00:14,35.6,35.9,35.7,35.5,35.3,35.1,34.1,35.1,34.3,35.2,35.5,35.0
ED-0040,15,00:15,35.1,35.2,35.6,35.5,34.3,34.1,36.1,33.9,34.1,35.5,34.6,35.0
ED-0040,16,00:16,35.0,34.2,35.2,35.3,35.3,35.7,33.6,35.4,34.8,35.7,34.8,34.5
ED-0040,17,00:17,34.9,35.0,35.0,35.2,34.9,34.5,34.2,35.2,34.5,35.4,35.2,34.4
ED-0040,18,00:18,34.7,34.8,34.9,34.6,35.7,34.2,36.0,35.2,35.7,35.8,35.1,34.3
ED-0040,19,00:19,35.7,34.5,35.6,35.0,35.7,35.7,35.3,34.4,34.9,34.9,35.2,35.5
ED-0040,20,00:20,33.9,34.7,35.1,34.2,34.6,35.6,34.0,34.8,35.0,35.6,35.0,35.2
ED-0040,21,00:21,34.1,34.8,35.1,33.9,34.6,36.0,34.6,36.7,35.7,34.5,34.9,35.2
ED-0040,22,00:22,34.9,33.9,34.1,35.5,35.4,35.7,35.1,35.4,33.7,34.7,34.7,34.7
ED-0040,23,00:23,35.3,35.3,34.4,35.0,34.9,34.3,35.2,35.6,35.2,34.5,34.7,35.2
ED-0040,24,00:24,35.8,34.2,35.3,35.5,34.8,35.1,34.3,35.6,34.9,35.0,35.4,35.5
ED-0040,25,00:25,34.6,34.9,36.1,35.6,35.0,35.1,34.0,35.3,35.3,35.1,34.7,35.4
ED-0040,26,00:26,35.4,35.1,34.8,35.1,36.0,34.1,35.3,35.7,35.0,35.2,35.1,35.0
ED-0040,27,00:27,34.0,34.7,35.2,35.5,35.2,35.5,35.2,35.7,34.8,35.7,34.9,34.9
ED-0040,28,00:28,34.9,34.6,35.0,34.8,34.9,35.3,34.4,34.9,35.1,34.8,36.0,35.2
ED-0040,29,00:29,35.4,35.1,35.5,34.9,35.1,34.7,34.3,35.9,35.7,35.4,35.5,35.1
ED-0040,30,00:30,35.3,35.9,35.9,35.5,33.7,35.9,33.7,35.6,34.2,35.7,34.6,33.9
ED-0040,31,00:31,34.6,34.7,36.1,35.1,36.4,34.7,35.6,34.4,34.8,35.7,35.1,35.3
ED-0040,32,00:32,35.8,34.4,34.7,34.5,35.4,35.5,34.0,34.4,34.9,35.2,34.4,34.5
ED-0040,33,00:33,35.5,35.1,36.0,35.2,36.2,34.9,34.1,34.7,35.0,35.8,35.7,34.9
ED-0040,34,00:34,34.5,35.6,35.7,35.0,34.5,35.3,35.6,35.2,34.9,33.9,35.2,34.8
ED-0040,35,00:35,35.2,35.2,35.5,35.8,34.8,34.3,35.6,35.1,35.1,34.8,34.5,35.7
ED-0040,36,00:36,36.0,35.7,34.5,36.0,34.6,35.0,34.8,35.4,35.1,36.0,35.4,33.6
ED-0040,37,00:37,34.8,35.1,34.9,34.8,34.8,33.9,33.9,35.5,35.8,35.2,35.2,35.5
ED-0040,38,00:38,35.5,34.7,35.0,34.9,35.0,34.5,34.9,35.2,35.1,35.6,34.4,35.5
ED-0040,39,00:39,34.4,35.3,35.6,34.9,35.2,35.7,35.5,34.3,34.8,35.0,35.0,34.7
ED-0040,40,00:40,34.6,35.1,36.3,35.8,35.1,34.2,34.1,34.3,34.1,35.6,35.3,34.8
ED-0040,41,00:41,34.4,35.2,35.0,34.9,35.4,35.6,34.3,33.4,35.2,35.0,34.7,35.2
ED-0040,42,00:42,34.1,35.6,36.2,35.9,34.6,35.1,33.8,35.6,36.2,35.4,34.7,35.2
ED-0040,43,00:43,34.4,35.2,35.7,36.0,34.4,35.9,33.9,34.6,34.7,35.0,35.8,36.0
ED-0040,44,00:44,35.7,35.3,34.5,35.4,35.6,34.9,34.2,34.9,34.7,35.8,35.0,34.8
ED-0040,45,00:45,35.1,36.6,35.2,35.9,35.1,35.1,34.8,34.9,35.1,35.6,34.9,35.6
ED-0040,46,00:46,35.4,35.7,35.6,35.4,34.3,34.8,35.2,36.3,35.2,35.5,34.4,35.0
ED-0040,47,00:47,35.6,35.0,35.1,34.7,35.5,34.4,34.8,35.6,34.8,35.2,34.9,35.3
ED-0040,48,00:48,34.3,35.3,35.7,35.2,34.5,33.9,34.8,34.1,35.6,35.1,35.8,35.2
ED-0040,49,00:49,35.0,35.0,36.2,35.4,34.6,35.8,34.9,33.9,35.0,35.9,36.0,34.6
ED-0040,50,00:50,34.5,35.3,36.4,34.9,34.5,35.2,34.6,34.2,36.1,34.8,35.7,34.4
ED-0040,51,00:51,35.2,36.2,34.8,35.5,35.7,35.2,34.9,35.8,35.0,36.6,35.2,35.2
ED-0040,52,00:52,35.4,37.0,34.5,35.5,34.2,35.7,35.3,34.8,36.2,35.5,35.8,35.0
ED-0040,53,00:53,35.3,36.1,35.5,35.4,34.9,34.3,34.5,34.6,35.3,34.8,35.1,36.0
ED-0040,54,00:54,35.0,34.9,35.4,35.7,35.0,35.6,34.6,35.1,35.8,36.1,35.5,34.7
ED-0040,55,00:55,35.7,35.8,35.2,35.7,34.9,34.1,34.2,34.7,35.6,35.5,35.4,34.7
ED-0040,56,00:56,35.3,34.2,35.2,34.9,34.7,35.1,34.7,34.6,35.8,36.0,35.3,35.8
ED-0040,57,00:57,35.1,35.2,35.7,35.0,35.2,36.1,34.9,35.0,36.6,36.5,35.8,34.9
ED-0040,58,00:58,35.7,35.2,35.5,36.1,35.0,34.0,33.8,36.0,35.6,35.7,33.8,35.8
ED-0040,59,00:59,35.2,36.5,35.7,35.0,34.4,34.9,35.8,35.4,35.8,35.6,34.9,35.9
ED-0040,60,01:00,35.2,35.3,35.8,35.4,34.1,34.7,34.4,35.5,34.7,35.6,35.1,35.2
ED-0040,61,01:01,35.5,35.0,36.1,35.1,35.0,34.1,34.7,35.3,35.8,35.2,35.7,35.4
ED-0040,62,01:02,35.4,35.7,35.4,34.9,35.1,34.7,35.0,35.8,35.5,35.7,35.2,34.8
ED-0040,63,01:03,34.7,35.0,35.4,35.3,35.8,35.7,35.2,36.1,35.5,36.1,35.4,35.7
ED-0040,64,01:04,36.0,35.2,35.8,35.7,34.9,35.3,35.1,35.4,35.6,34.8,35.1,35.7
ED-0040,65,01:05,35.2,35.2,35.6,35.7,35.1,35.1,34.1,35.1,36.4,36.2,35.9,35.8
ED-0040,66,01:06,36.2,35.9,36.2,35.2,35.8,35.1,35.1,35.6,35.9,35.8,35.0,35.2
ED-0040,67,01:07,35.4,34.5,35.1,35.6,35.6,35.1,35.4,34.9,35.4,35.3,35.3,35.8
ED-0040,68,01:08,35.6,35.6,35.2,36.6,35.7,35.4,34.8,36.3,35.1,35.6,35.8,34.5
ED-0040,69,01:09,34.8,35.2,34.6,35.8,35.1,34.6,35.5,34.8,35.9,36.1,35.6,36.1
ED-0040,70,01:10,33.6,35.2,35.3,34.8,35.8,35.4,35.8,35.6,35.6,35.9,34.8,35.4
ED-0040,71,01:11,35.6,35.8,36.1,35.6,34.6,34.6,35.1,35.6,35.9,36.5,35.1,34.9
ED-0040,72,01:12,35.7,36.5,36.3,35.2,36.3,35.5,35.9,35.3,35.1,35.3,35.6,36.0
ED-0040,73,01:13,35.2,35.8,35.9,35.1,35.4,35.9,36.1,35.1,34.8,35.6,35.3,35.4
ED-0040,74,01:14,35.4,35.0,35.6,34.7,36.0,35.8,35.2,36.3,36.2,35.0,34.4,34.9
ED-0040,75,01:15,35.9,35.0,37.3,36.2,35.8,35.5,35.3,36.1,35.7,36.4,35.9,35.5
ED-0040,76,01:16,35.6,36.2,34.9,36.1,34.7,35.2,34.9,35.0,35.7,36.5,35.9,36.2
ED-0040,77,01:17,36.4,36.1,35.7,35.4,35.0,34.9,36.3,35.7,35.9,34.5,34.5,36.0
ED-0040,78,01:18,35.8,35.2,36.3,36.4,35.2,35.4,35.9,35.1,35.8,35.7,35.8,35.2
ED-0040,79,01:19,35.6,35.8,35.5,35.7,36.0,36.0,36.9,34.7,36.4,36.1,35.4,35.6
ED-0040,80,01:20,34.9,35.6,36.3,36.7,34.9,35.8,35.7,35.8,36.5,36.6,36.1,35.5
ED-0040,81,01:21,33.7,34.5,34.7,35.7,34.8,34.6,36.0,35.5,35.3,37.1,35.6,35.7
ED-0040,82,01:22,35.7,36.6,35.8,35.7,35.5,36.1,34.7,35.4,36.1,36.6,36.2,35.8
ED-0040,83,01:23,34.7,36.4,36.0,35.6,34.7,34.6,35.6,35.9,36.5,34.4,35.8,35.1
ED-0040,84,01:24,34.8,35.7,37.1,35.6,35.1,36.0,34.8,36.4,35.5,35.4,36.0,36.2
ED-0040,85,01:25,36.2,36.1,35.4,35.9,35.5,35.8,34.8,35.5,35.6,35.5,35.9,35.0
ED-0040,86,01:26,35.1,36.2,36.0,36.1,35.7,35.5,36.2,35.8,37.2,35.4,37.5,35.1
ED-0040,87,01:27,35.6,36.6,36.6,35.5,35.0,35.3,34.8,35.4,36.2,35.8,35.1,35.1
ED-0040,88,01:28,35.2,36.4,35.7,35.4,35.6,35.1,35.6,35.6,35.7,36.6,36.2,35.7
ED-0040,89,01:29,35.3,35.7,36.2,35.6,35.4,35.7,34.5,35.8,36.8,35.9,36.3,34.9
ED-0040,90,01:30,35.6,35.3,36.7,36.9,34.3,35.3,35.1,35.6,35.7,36.0,35.4,35.8
ED-0040,91,01:31,35.9,36.3,36.6,35.6,35.9,35.0,35.3,36.3,35.3,36.4,35.5,35.8
ED-0040,92,01:32,35.9,35.9,36.7,36.0,35.5,35.7,35.8,35.4,36.3,36.2,35.5,35.9
ED-0040,93,01:33,36.3,36.3,36.0,36.2,36.2,36.0,34.4,35.4,36.2,37.0,35.4,35.6
ED-0040,94,01:34,34.9,35.4,36.4,36.5,35.3,34.8,36.3,35.6,36.2,37.2,36.7,35.1
ED-0040,95,01:35,35.4,35.4,36.0,36.3,35.7,35.3,35.0,35.5,34.9,37.5,36.0,35.5
ED-0040,96,01:36,34.6,36.5,36.7,35.9,35.8,36.4,35.4,35.7,35.4,36.1,35.8,36.1
ED-0040,97,01:37,35.5,36.7,37.3,35.8,35.2,35.3,35.5,35.4,36.0,35.1,36.1,35.7
ED-0040,98,01:38,35.2,36.5,35.8,36.1,35.9,34.7,35.6,35.7,36.3,36.6,36.2,35.2
ED-0040,99,01:39,35.8,37.4,36.8,36.0,35.6,36.0,34.8,35.6,36.2,36.6,35.4,35.4
ED-0040,100,01:40,35.6,35.7,35.7,36.0,35.4,35.3,34.9,35.8,35.9,35.4,36.4,35.2
ED-0040,101,01:41,35.0,36.5,36.1,36.4,36.2,35.6,35.0,36.3,35.7,36.1,35.5,35.6
ED-0040,102,01:42,36.0,36.2,36.6,37.2,36.1,35.8,35.7,35.4,36.2,36.4,35.7,36.2
ED-0040,103,01:43,36.3,36.9,37.1,36.6,35.5,35.3,35.8,35.2,35.4,37.2,35.8,35.5
ED-0040,104,01:44,35.2,36.2,36.1,36.4,34.3,36.3,35.3,35.5,37.0,36.2,36.3,35.6
ED-0040,105,01:45,36.1,35.2,35.9,35.8,35.5,35.6,35.6,36.2,36.7,36.5,35.1,36.3
ED-0040,106,01:46,35.6,36.2,36.6,35.8,35.6,35.5,35.3,35.3,37.1,37.1,36.6,36.2
ED-0040,107,01:47,36.3,35.4,36.1,35.8,35.3,34.7,35.3,34.9,36.6,37.0,35.9,35.1
ED-0040,108,01:48,36.5,36.9,36.7,37.0,35.4,35.1,35.8,35.2,36.2,36.5,36.9,35.7
ED-0040,109,01:49,35.8,35.8,36.8,37.2,36.1,36.1,35.5,35.0,37.1,37.1,36.2,36.2
ED-0040,110,01:50,36.5,37.1,37.0,36.2,36.3,35.3,35.3,36.4,36.9,36.9,36.0,36.6
ED-0040,111,01:51,35.8,35.8,36.4,36.5,36.8,36.3,35.6,35.9,37.4,36.5,36.7,36.3
ED-0040,112,01:52,35.3,36.7,37.1,37.2,35.7,36.1,35.8,35.4,37.3,36.6,35.9,35.4
ED-0040,113,01:53,36.3,36.4,36.6,36.7,35.1,35.2,36.5,36.5,35.6,37.4,36.4,36.7
ED-0040,114,01:54,37.1,36.2,36.6,36.0,35.4,36.0,35.0,36.0,36.3,37.2,36.2,35.9
ED-0040,115,01:55,36.0,37.6,36.8,36.3,35.5,36.2,35.2,36.2,37.0,37.3,36.4,35.7
ED-0040,116,01:56,36.0,36.2,37.1,36.2,35.7,35.4,36.2,35.7,36.5,37.1,36.8,36.0
ED-0040,117,01:57,36.1,37.0,37.5,37.2,36.0,36.4,35.7,35.2,37.1,37.2,36.9,35.8
ED-0040,118,01:58,36.2,36.9,37.7,36.6,36.4,36.0,35.0,36.2,37.0,37.7,36.0,36.0
ED-0040,119,01:59,36.0,36.7,37.6,36.9,36.5,35.2,36.4,37.3,36.7,37.4,37.3,36.9
ED-0040,120,02:00,36.0,36.9,37.0,36.9,36.3,36.0,35.8,36.2,36.7,37.9,35.9,36.5
ED-0040,121,02:01,36.5,36.5,36.4,37.3,36.1,36.0,35.8,35.4,36.6,36.4,36.1,35.4
ED-0040,122,02:02,35.6,37.0,36.9,36.9,36.4,36.2,36.5,36.6,37.4,38.5,37.1,35.7
ED-0040,123,02:03,36.2,36.8,37.3,35.9,35.9,36.0,36.6,36.1,37.2,38.3,37.0,36.5
ED-0040,124,02:04,35.8,36.7,37.8,37.6,35.6,36.0,36.0,36.2,36.8,37.9,36.8,35.7
ED-0040,125,02:05,36.2,38.0,37.9,37.6,36.2,36.0,35.8,35.7,37.1,38.0,37.6,36.9
ED-0040,126,02:06,36.3,36.9,37.2,37.6,35.7,36.4,35.6,36.3,38.1,37.2,36.6,36.9
ED-0040,127,02:07,35.9,37.7,37.7,37.5,36.1,35.0,36.0,36.2,37.3,38.0,36.7,36.4
ED-0040,128,02:08,37.2,37.5,38.7,37.0,36.3,35.8,36.3,36.3,37.8,38.4,37.1,36.6
ED-0040,129,02:09,36.0,37.2,38.4,37.5,36.2,35.9,36.9,36.6,37.0,39.1,37.3,36.6
ED-0040,130,02:10,36.9,36.9,38.7,37.9,36.2,36.4,36.3,36.9,37.7,37.4,37.0,36.0
ED-0040,131,02:11,36.9,37.1,38.8,37.7,36.2,35.9,36.3,36.4,37.1,37.7,36.8,36.9
ED-0040,132,02:12,37.4,38.1,37.3,37.4,36.5,36.9,36.0,36.5,37.0,38.0,37.9,36.6
ED-0040,133,02:13,37.5,38.0,38.2,38.4,36.6,36.6,36.4,36.4,38.6,38.3,37.6,36.3
ED-0040,134,02:14,36.4,37.7,39.7,37.3,35.9,35.9,36.6,36.8,37.4,38.4,37.2,36.7
ED-0040,135,02:15,36.8,37.7,37.9,38.3,36.6,35.9,36.9,35.6,38.1,37.5,37.0,36.3
ED-0040,136,02:16,36.6,36.9,38.8,38.1,37.3,36.2,36.6,37.3,37.1,39.6,37.6,37.3
ED-0040,137,02:17,37.0,37.9,39.1,37.9,35.7,35.2,36.5,35.7,37.6,38.9,37.4,37.1
ED-0040,138,02:18,37.1,38.2,37.8,38.0,37.0,36.8,36.3,36.4,38.6,38.7,37.7,36.5
ED-0040,139,02:19,36.4,37.2,39.3,38.1,36.4,35.9,36.4,35.5,38.0,38.9,37.5,36.7
ED-0040,140,02:20,36.6,37.2,39.5,38.6,36.1,36.0,36.4,38.1,38.2,39.7,38.0,37.0
ED-0040,141,02:21,36.1,37.6,39.8,38.4,37.3,36.0,37.5,36.4,37.2,38.7,38.1,37.6
ED-0040,142,02:22,37.1,38.2,39.2,37.8,35.7,36.5,36.3,37.5,38.4,40.0,38.1,37.1
ED-0040,143,02:23,36.4,38.3,38.9,38.9,36.9,36.6,37.5,37.2,38.7,39.1,37.0,36.5
ED-0040,144,02:24,37.0,38.6,39.7,39.2,37.3,36.6,37.3,35.8,37.9,39.0,38.8,36.4
ED-0040,145,02:25,38.2,38.5,38.2,38.3,36.6,36.9,36.7,37.3,38.2,38.5,38.3,37.1
ED-0040,146,02:26,38.0,39.2,40.1,39.1,37.2,37.2,36.1,37.1,38.9,39.3,39.6,37.0
ED-0040,147,02:27,37.7,37.6,38.9,38.7,36.9,36.6,37.5,37.4,38.0,39.8,37.5,37.4
ED-0040,148,02:28,37.5,38.1,40.6,39.7,36.6,36.9,37.3,37.2,39.1,39.6,38.7,37.9
ED-0040,149,02:29,37.8,38.2,39.8,38.9,36.9,36.0,36.4,37.6,38.5,40.1,38.9,37.0
ED-0040,150,02:30,37.3,38.9,39.9,38.8,37.5,36.6,36.4,37.3,39.6,39.8,37.9,37.4
ED-0040,151,02:31,37.5,39.1,40.1,39.9,37.1,36.4,37.6,37.6,38.7,40.7,39.5,37.4
ED-0040,152,02:32,37.1,38.5,38.9,39.0,36.4,36.4,36.5,37.5,38.3,40.3,38.6,37.4
ED-0040,153,02:33,37.9,39.0,38.9,38.8,37.7,36.4,37.2,38.7,39.7,41.1,38.3,37.1
ED-0040,154,02:34,38.2,39.2,40.5,39.5,36.4,36.6,37.2,37.3,40.1,40.1,38.5,37.0
ED-0040,155,02:35,38.8,39.3,40.8,39.0,37.5,36.3,37.7,38.2,40.0,40.1,39.7,37.2
ED-0040,156,02:36,38.1,40.1,40.5,40.5,37.8,36.6,36.1,38.3,39.8,40.9,40.0,38.9
ED-0040,157,02:37,38.3,38.6,40.3,40.1,37.4,36.9,37.1,37.9,39.4,40.3,40.2,37.6
ED-0040,158,02:38,37.8,40.5,41.7,40.2,36.9,37.0,36.4,37.4,39.4,40.9,38.9,38.3
ED-0040,159,02:39,39.0,40.3,40.9,40.7,37.6,37.3,37.2,37.5,40.6,41.4,39.5,37.9
ED-0040,160,02:40,37.9,39.8,41.4,40.5,37.7,36.4,39.0,38.2,40.4,41.7,39.3,37.7
ED-0040,161,02:41,38.5,39.7,40.8,41.4,38.1,36.9,37.7,37.6,39.5,42.4,40.2,38.7
ED-0040,162,02:42,37.3,39.4,41.6,40.5,37.3,36.9,37.5,37.4,39.5,40.6,39.7,37.3
ED-0040,163,02:43,38.4,39.5,41.8,40.8,37.9,37.3,38.4,38.2,40.0,42.3,40.5,38.3
ED-0040,164,02:44,38.6,39.9,40.7,40.8,38.0,38.1,37.6,38.1,40.7,41.5,40.2,38.5
ED-0040,165,02:45,38.3,39.7,41.3,40.7,37.4,36.9,38.0,38.1,40.0,43.1,40.2,38.3
ED-0040,166,02:46,38.2,40.1,41.7,40.8,38.2,36.7,38.2,37.9,41.1,43.5,40.6,38.7
ED-0040,167,02:47,39.1,40.7,41.7,41.2,38.6,37.7,37.9,38.2,40.8,43.0,41.2,39.5
ED-0040,168,02:48,39.1,41.0,42.3,42.0,38.5,38.6,37.8,37.9,41.8,41.2,41.3,38.8
ED-0040,169,02:49,39.6,40.1,43.3,41.8,38.3,36.3,38.0,38.5,41.3,42.5,41.9,39.5
ED-0040,170,02:50,39.6,41.5,43.7,41.2,38.6,37.6,38.2,38.1,41.5,43.3,41.3,39.4
ED-0040,171,02:51,39.7,42.1,43.2,42.1,38.1,38.1,39.4,39.1,42.8,43.4,41.5,39.2
ED-0040,172,02:52,40.0,40.5,43.2,41.3,38.6,38.0,37.8,39.0,41.9,43.3,40.5,39.2
ED-0040,173,02:53,40.0,41.3,43.1,41.9,39.2,37.7,39.4,38.3,41.6,43.7,40.7,40.3
ED-0040,174,02:54,39.8,41.4,43.1,43.0,38.6,37.7,37.7,38.5,41.6,43.9,42.0,39.5
ED-0040,175,02:55,39.8,42.2,44.1,43.0,38.2,37.9,38.1,39.4,42.6,44.4,41.4,39.8
ED-0040,176,02:56,39.5,42.1,44.0,42.9,40.1,37.3,38.6,39.8,41.6,44.4,41.8,39.6
ED-0040,177,02:57,40.5,42.0,44.0,42.6,38.3,38.6,38.9,39.3,42.5,44.5,42.2,39.8
ED-0040,178,02:58,39.2,42.6,43.8,43.0,38.1,38.7,39.1,38.5,43.3,44.5,42.1,40.4
ED-0040,179,02:59,40.3,42.6,44.6,43.1,39.4,38.5,38.7,39.4,43.2,45.4,42.3,39.5
ED-0040,180,03:00,38.9,43.4,44.0,43.5,38.7,39.1,39.4,39.6,42.9,44.5,42.3,39.9
ED-0040,181,03:01,38.9,43.2,44.7,43.1,39.2,38.9,39.0,39.7,43.7,45.1,42.6,40.6
ED-0040,182,03:02,40.0,43.3,44.6,44.1,39.7,39.4,39.5,40.0,43.8,45.4,43.2,40.7
ED-0040,183,03:03,40.9,43.8,45.4,43.5,38.8,38.2,40.5,40.3,43.9,46.2,42.6,39.7
ED-0040,184,03:04,40.3,42.9,44.7,45.2,40.7,39.0,40.6,39.4,44.1,46.3,43.0,40.6
ED-0040,185,03:05,41.6,43.4,46.0,45.4,39.2,38.5,39.2,41.1,43.9,45.6,42.7,40.0
ED-0040,186,03:06,40.5,43.8,45.6,43.8,40.6,39.2,39.0,39.1,44.7,46.0,43.4,40.8
ED-0040,187,03:07,41.1,43.6,46.1,44.7,40.3,39.7,40.0,40.6,44.1,47.1,44.9,41.8
ED-0040,188,03:08,41.5,44.9,46.7,44.9,39.8,38.6,39.8,40.3,44.9,47.1,44.0,41.5
ED-0040,189,03:09,41.6,44.2,46.6,45.5,40.0,39.3,39.6,41.0,45.2,47.0,43.6,41.0
ED-0040,190,03:10,41.9,44.9,47.1,45.3,40.8,40.2,40.3,40.9,45.0,47.0,44.8,40.9
ED-0040,191,03:11,41.3,44.4,46.6,46.1,41.1,38.8,40.8,41.5,45.7,47.8,44.1,40.8
ED-0040,192,03:12,41.6,45.9,47.4,46.2,40.3,39.8,39.5,40.8,45.9,47.5,44.3,41.7
ED-0040,193,03:13,42.9,45.2,47.9,46.7,40.4,38.9,39.9,40.8,45.3,48.3,44.9,41.4
ED-0040,194,03:14,42.8,45.4,49.9,46.5,41.0,39.1,40.4,40.4,46.8,48.9,44.8,41.8
ED-0040,195,03:15,42.0,44.4,48.8,46.8,40.3,39.4,40.8,40.7,47.1,48.5,45.1,42.3
ED-0040,196,03:16,42.8,45.1,49.0,46.7,41.0,40.1,41.5,41.7,46.3,50.1,46.0,42.9
ED-0040,197,03:17,43.0,45.8,49.1,47.9,41.1,39.5,41.5,41.7,46.5,50.0,46.5,42.7
ED-0040,198,03:18,42.8,47.2,49.3,47.4,41.3,39.9,41.4,40.8,47.6,49.9,45.7,42.8
ED-0040,199,03:19,42.8,46.7,49.9,47.5,41.7,39.1,41.4,41.7,48.1,49.6,46.9,42.4
ED-0040,200,03:20,43.0,47.3,49.2,46.8,41.7,40.9,41.0,42.5,47.4,50.2,47.4,43.0
ED-0040,201,03:21,43.5,47.0,50.7,48.8,42.0,40.5,42.2,42.0,47.7,51.8,47.6,42.5
ED-0040,202,03:22,44.3,47.2,50.4,47.8,42.8,40.4,41.9,41.9,48.9,50.8,46.9,43.5
ED-0040,203,03:23,43.5,48.2,51.9,48.4,42.4,40.5,41.1,42.6,49.4,51.5,47.8,44.3
ED-0040,204,03:24,43.9,47.8,51.0,48.3,41.8,41.1,42.4,41.6,48.0,51.4,48.2,42.9
ED-0040,205,03:25,45.2,48.3,51.1,50.1,41.8,40.3,41.8,43.2,49.4,52.2,47.8,43.7
ED-0040,206,03:26,44.6,49.0,51.5,50.5,42.7,40.5,43.1,43.1,49.8,53.1,48.1,44.4
ED-0040,207,03:27,45.1,49.5,51.1,49.8,42.8,40.9,42.9,43.0,49.8,51.7,49.3,43.8
ED-0040,208,03:28,45.9,48.8,51.2,50.8,43.4,40.7,42.1,44.6,50.3,53.3,49.2,45.5
ED-0040,209,03:29,45.9,48.9,52.8,50.2,42.9,42.7,42.6,44.3,49.1,54.2,49.0,45.3
ED-0040,210,03:30,46.1,49.8,52.6,51.3,43.6,42.6,44.4,44.0,50.7,54.6,49.2,44.2
ED-0040,211,03:31,45.8,50.2,53.3,51.3,43.2,42.2,42.6,43.8,51.1,53.5,50.5,45.3
ED-0040,212,03:32,45.8,50.7,53.6,51.7,43.7,41.5,42.9,45.1,51.4,54.4,49.9,46.8
ED-0040,213,03:33,46.9,50.3,54.3,51.9,43.8,43.3,43.7,44.4,51.5,54.5,51.1,45.9
ED-0040,214,03:34,45.9,51.6,53.8,52.1,44.7,42.7,43.6,45.0,52.3,55.3,50.4,45.4
ED-0040,215,03:35,47.2,51.0,54.8,52.7,44.6,42.2,44.2,44.6,52.3,55.5,50.7,45.4
ED-0040,216,03:36,47.0,50.8,55.3,53.0,44.4,43.4,43.7,45.6,52.5,56.8,52.0,46.3
ED-0040,217,03:37,48.3,52.3,56.1,52.9,45.3,43.8,43.9,46.1,52.8,56.5,52.3,47.1
ED-0040,218,03:38,46.9,52.7,56.3,54.4,45.7,44.4,44.4,45.4,54.1,56.9,51.5,45.4
ED-0040,219,03:39,47.0,52.2,56.6,54.6,45.4,43.8,44.0,46.5,54.3,57.5,51.3,46.0
ED-0040,220,03:40,48.6,52.9,57.7,55.2,45.3,43.5,45.3,47.3,53.8,56.8,52.6,48.0
ED-0040,221,03:41,48.1,52.9,57.5,53.8,45.4,43.8,44.7,46.4,54.2,57.8,52.5,47.8
ED-0040,222,03:42,49.5,53.2,58.0,55.4,45.1,44.3,46.2,46.7,54.7,58.7,53.6,47.5
ED-0040,223,03:43,50.0,54.1,58.6,55.9,46.1,43.7,45.4,46.5,54.7,58.5,54.0,48.8
ED-0040,224,03:44,50.6,54.5,58.2,55.8,46.6,44.9,45.8,47.8,55.8,59.2,54.0,48.1
ED-0040,225,03:45,49.6,54.1,58.3,56.3,46.3,45.4,46.1,47.0,56.1,59.5,53.6,49.0
ED-0040,226,03:46,49.4,55.2,59.6,56.6,46.6,44.2,46.1,47.8,56.3,60.3,54.5,49.4
ED-0040,227,03:47,50.3,54.9,59.1,58.0,47.3,45.3,46.1,47.9,57.0,60.3,55.1,49.8
ED-0040,228,03:48,50.4,56.2,60.3,57.3,47.3,46.1,46.7,48.5,56.5,60.7,56.4,50.1
ED-0040,229,03:49,50.0,56.4,60.3,57.6,48.6,44.6,48.0,49.0,58.2,61.6,55.5,50.2
ED-0040,230,03:50,51.7,56.3,61.5,58.9,48.1,46.3,48.2,48.3,57.3,61.0,56.6,50.6
ED-0040,231,03:51,51.7,56.6,62.2,59.2,49.1,45.9,48.6,49.0,57.7,62.3,57.1,50.5
ED-0040,232,03:52,51.5,56.8,62.2,59.0,49.3,46.4,48.8,49.9,58.7,63.0,57.2,50.7
ED-0040,233,03:53,52.3,58.1,61.2,58.5,49.4,46.4,48.6,49.6,59.7,63.3,57.5,51.5
ED-0040,234,03:54,52.7,57.5,63.0,59.0,49.1,47.0,48.8,49.8,60.0,64.0,58.0,51.0
ED-0040,235,03:55,52.5,59.1,63.1,61.3,49.9,46.8,49.1,51.6,60.1,65.5,57.9,52.1
ED-0040,236,03:56,53.9,58.7,64.9,60.1,49.8,46.8,48.9,50.5,61.2,64.9,59.1,53.3
ED-0040,237,03:57,53.1,60.3,63.8,60.8,49.6,47.5,50.0,51.6,61.7,65.0,59.3,52.9
ED-0040,238,03:58,54.4,59.5,64.6,61.8,49.6,47.1,49.2,51.2,62.0,66.7,60.2,52.5
ED-0040,239,03:59,55.0,60.4,65.0,62.3,50.5,48.1,50.8,52.6,62.0,65.4,60.3,54.6
ED-0040,240,04:00,55.2,61.0,65.4,62.3,51.2,48.1,51.4,52.3,62.4,67.3,60.6,53.7
ED-0040,241,04:01,55.5,60.4,66.5,62.7,51.5,48.2,51.2,52.8,62.8,66.7,60.8,53.3
ED-0040,242,04:02,55.5,61.3,66.6,64.2,50.8,48.2,51.2,53.4,63.5,67.8,61.7,54.7
ED-0040,243,04:03,56.9,62.9,68.3,65.3,52.5,49.0,52.1,53.2,63.1,67.8,61.3,55.0
ED-0040,244,04:04,56.7,62.4,67.6,65.1,52.2,49.8,51.9,53.6,63.9,68.8,63.7,54.7
ED-0040,245,04:05,57.1,62.1,69.2,64.7,52.0,49.6,52.1,54.5,64.9,68.8,62.5,55.5
ED-0040,246,04:06,56.7,63.6,68.5,65.7,52.8,50.9,53.1,54.9,66.0,70.0,63.8,56.6
ED-0040,247,04:07,57.6,63.5,69.0,67.7,54.0,50.0,53.3,54.3,65.9,70.3,62.7,56.9
ED-0040,248,04:08,58.3,64.5,69.8,66.0,53.7,50.4,53.4,54.9,65.3,70.3,65.6,57.5
ED-0040,249,04:09,57.7,64.2,71.5,67.2,53.9,50.2,53.6,55.3,67.2,71.4,65.0,56.8
ED-0040,250,04:10,58.1,65.5,69.9,68.5,54.8,51.4,54.3,56.8,67.4,71.6,65.5,56.5
ED-0040,251,04:11,58.9,65.7,71.5,67.4,54.6,51.8,55.1,56.9,67.9,72.4,65.1,58.1
ED-0040,252,04:12,58.7,67.2,71.8,68.8,55.6,52.9,53.4,57.4,68.0,72.3,65.3,58.9
ED-0040,253,04:13,59.3,66.6,72.6,68.9,55.8,51.6,54.9,57.4,69.2,73.2,67.1,58.1
ED-0040,254,04:14,60.2,66.7,72.9,69.4,56.7,52.2,55.3,57.8,68.6,74.8,67.2,59.8
ED-0040,255,04:15,60.0,67.8,73.3,70.2,55.9,52.3,56.4,57.4,70.2,74.6,67.6,59.3
ED-0040,256,04:16,61.0,68.0,74.3,70.2,57.4,52.7,56.6,58.5,70.1,74.7,68.1,59.9
ED-0040,257,04:17,61.6,68.5,74.0,70.8,57.1,54.2,57.1,59.1,70.8,75.7,67.8,60.5
ED-0040,258,04:18,62.1,69.7,74.7,71.5,59.0,54.1,57.5,59.0,70.8,76.5,68.2,61.2
ED-0040,259,04:19,63.4,69.1,75.6,72.3,57.7,54.2,57.8,59.9,72.6,76.4,70.0,62.0
ED-0040,260,04:20,62.1,69.4,76.6,72.4,58.4,54.9,58.1,60.3,73.1,77.2,69.6,61.7
ED-0040,261,04:21,62.9,70.5,76.9,72.7,58.8,54.2,58.7,60.5,73.4,77.8,71.5,62.5
ED-0040,262,04:22,63.5,70.9,78.2,73.4,59.6,55.8,60.1,60.5,73.8,79.0,70.7,62.2
ED-0040,263,04:23,64.3,71.6,78.0,74.4,59.9,56.0,59.6,61.4,73.7,78.4,71.3,63.0
ED-0040,264,04:24,65.9,71.6,78.6,73.6,59.9,56.4,60.5,61.9,75.4,79.5,71.9,64.2
ED-0040,265,04:25,64.4,72.3,78.3,74.5,61.5,55.9,60.9,62.7,74.8,79.5,72.8,64.3
ED-0040,266,04:26,65.7,73.4,79.3,75.8,61.6,57.1,61.2,62.9,75.0,80.1,72.8,65.1
ED-0040,267,04:27,64.7,72.8,80.0,75.9,62.1,56.9,61.4,63.7,76.3,81.0,73.3,64.9
ED-0040,268,04:28,66.3,73.9,80.3,76.9,61.2,58.4,61.7,63.8,76.8,81.8,74.5,65.5
ED-0040,269,04:29,68.0,75.7,80.5,76.8,62.2,58.6,62.6,64.2,76.8,82.7,75.7,65.8
ED-0040,270,04:30,68.6,73.9,82.1,78.0,63.2,59.6,61.4,65.1,78.6,82.4,75.1,67.3
ED-0040,271,04:31,67.7,75.9,82.1,78.2,63.9,58.9,63.4,64.9,78.5,82.7,75.7,67.3
ED-0040,272,04:32,68.0,76.2,82.7,78.2,63.5,59.5,63.3,65.8,78.5,83.8,76.0,67.4
ED-0040,273,04:33,68.3,76.8,82.9,78.8,65.3,60.2,63.8,66.3,79.9,84.2,76.8,68.1
ED-0040,274,04:34,70.2,76.2,84.7,78.7,65.1,59.9,64.1,66.5,79.6,84.2,77.3,69.1
ED-0040,275,04:35,69.9,78.2,83.8,79.9,67.0,60.9,64.7,67.4,79.7,84.0,78.0,69.3
ED-0040,276,04:36,70.1,77.1,85.3,79.4,66.6,60.8,65.2,68.1,81.0,85.7,78.2,69.1
ED-0040,277,04:37,71.9,78.1,86.0,81.7,67.4,61.7,66.3,68.3,81.4,85.7,78.5,70.3
ED-0040,278,04:38,72.0,78.0,85.5,81.5,66.8,62.2,66.6,68.2,80.6,87.4,79.7,69.6
ED-0040,279,04:39,71.9,79.6,85.9,81.7,68.2,62.3,67.2,68.8,81.7,86.9,79.8,71.2
ED-0040,280,04:40,72.1,79.5,87.2,83.0,67.6,63.6,66.9,69.4,82.6,87.6,79.8,70.8
ED-0040,281,04:41,72.6,80.4,87.8,83.4,69.0,63.0,67.7,70.1,83.4,88.4,80.5,72.1
ED-0040,282,04:42,73.1,79.7,87.9,83.5,69.1,64.1,68.9,70.6,84.5,88.8,81.2,72.5
ED-0040,283,04:43,74.7,81.9,89.3,83.7,69.4,64.5,69.3,72.2,83.9,89.4,81.6,73.1
ED-0040,284,04:44,74.4,80.9,89.0,83.9,71.0,65.4,68.9,72.7,85.4,90.7,82.7,73.1
ED-0040,285,04:45,74.4,82.3,89.1,85.6,70.3,65.5,70.0,73.3,85.6,89.0,83.4,74.4
ED-0040,286,04:46,75.8,81.7,90.1,85.1,71.3,65.8,69.4,73.0,85.1,90.7,83.7,73.9
ED-0040,287,04:47,76.0,82.4,90.6,86.1,71.7,65.6,71.2,73.5,87.2,90.2,83.6,74.6
ED-0040,288,04:48,76.4,84.0,91.1,85.0,71.8,67.2,71.8,74.0,86.5,91.4,84.3,74.8
ED-0040,289,04:49,77.7,84.0,91.7,86.5,73.1,67.6,72.8,75.1,86.6,92.7,84.1,76.7
ED-0040,290,04:50,77.8,84.7,91.8,88.1,73.1,66.8,72.2,75.4,87.5,92.6,85.9,77.0
ED-0040,291,04:51,77.8,84.6,91.0,88.2,74.7,68.2,73.3,74.7,88.4,92.9,85.6,77.1
ED-0040,292,04:52,77.4,83.8,93.0,87.9,75.3,68.7,73.4,75.1,89.6,93.8,86.1,78.1
ED-0040,293,04:53,78.3,86.0,93.8,88.6,75.4,68.8,74.7,76.2,90.5,93.5,86.7,77.8
ED-0040,294,04:54,79.8,86.9,93.2,89.5,75.3,69.5,74.8,77.8,90.5,94.6,86.8,78.5
ED-0040,295,04:55,80.3,86.0,94.5,89.4,75.4,71.3,74.9,78.7,89.6,94.5,88.4,79.8
ED-0040,296,04:56,80.2,86.4,94.0,90.2,76.3,69.6,76.0,78.3,91.0,95.5,88.2,80.1
ED-0040,297,04:57,80.8,88.3,96.1,89.4,77.3,70.6,77.2,78.9,91.6,95.4,88.4,79.1
ED-0040,298,04:58,81.6,88.1,96.0,91.4,78.2,71.7,76.6,79.7,91.5,96.7,89.1,80.5
ED-0040,299,04:59,81.8,87.3,96.6,91.3,77.9,71.0,77.5,81.0,91.5,96.6,90.3,81.5
ED-0040,300,05:00,82.6,89.0,95.9,91.0,78.5,72.4,77.9,80.5,92.1,96.4,90.7,80.9
ED-0040,301,05:01,82.8,89.8,96.7,92.4,80.1,73.2,78.2,82.2,92.4,97.3,90.7,82.5
ED-0040,302,05:02,83.5,90.1,97.5,93.0,79.9,73.7,79.4,81.5,93.4,98.4,91.1,82.3
ED-0040,303,05:03,84.5,90.4,98.1,93.8,80.6,74.3,80.6,81.9,92.6,97.0,91.4,82.6
ED-0040,304,05:04,84.3,90.5,97.6,93.0,81.0,75.1,80.8,82.5,94.1,97.4,92.0,83.7
ED-0040,305,05:05,85.1,91.8,98.4,92.8,81.5,75.7,81.6,83.3,94.9,98.9,92.1,84.3
ED-0040,306,05:06,85.7,90.9,98.3,93.8,82.3,75.6,81.5,83.7,94.6,99.9,92.4,84.9
ED-0040,307,05:07,85.6,91.5,99.5,95.3,82.6,76.5,81.9,83.8,96.1,99.8,92.2,84.8
ED-0040,308,05:08,85.4,92.3,99.7,94.2,83.4,76.4,82.5,84.9,95.7,100.0,94.2,85.5
ED-0040,309,05:09,86.5,92.6,100.0,95.5,83.5,77.7,82.7,84.9,95.5,99.8,94.4,87.3
ED-0040,310,05:10,87.6,93.0,100.4,95.8,84.8,78.5,84.2,85.7,96.7,100.9,95.1,86.5
ED-0040,311,05:11,87.3,93.4,101.0,96.6,84.4,78.2,84.3,87.0,98.3,100.1,95.2,86.9
ED-0040,312,05:12,87.8,93.7,101.5,97.5,86.0,79.6,84.6,86.7,98.2,101.0,95.6,87.4
ED-0040,313,05:13,88.2,93.2,101.7,97.9,86.5,78.7,85.2,88.3,98.2,101.7,95.7,88.7
ED-0040,314,05:14,88.3,94.0,102.5,97.5,86.8,80.6,86.1,88.8,98.6,101.5,95.6,88.4
ED-0040,315,05:15,89.1,94.6,103.0,97.2,88.1,80.1,87.2,89.3,99.3,102.7,96.7,87.9
ED-0040,316,05:16,89.7,95.7,102.7,97.9,86.9,80.7,86.7,90.0,99.5,103.0,97.7,88.7
ED-0040,317,05:17,90.5,95.1,103.6,98.0,87.8,81.5,87.9,90.8,100.2,102.1,97.1,89.2
ED-0040,318,05:18,90.6,95.5,104.0,98.4,88.1,81.3,88.0,90.6,100.5,103.4,98.4,89.1
ED-0040,319,05:19,90.1,95.9,104.7,99.2,89.6,82.1,89.3,90.0,101.1,104.7,97.9,90.8
ED-0040,320,05:20,91.0,96.3,104.0,99.4,89.1,83.5,89.8,90.1,101.0,104.9,98.6,90.2
ED-0040,321,05:21,91.6,96.7,104.2,100.2,89.3,83.0,90.0,91.7,100.6,103.9,99.8,92.1
ED-0040,322,05:22,91.7,96.4,104.2,100.2,89.8,84.0,90.4,92.2,101.8,105.3,99.9,92.1
ED-0040,323,05:23,92.4,96.4,104.4,99.4,90.9,83.4,90.9,92.5,102.1,104.9,99.2,92.3
ED-0040,324,05:24,93.0,97.0,105.8,100.5,91.0,84.5,90.8,93.0,102.3,105.5,100.1,92.3
ED-0040,325,05:25,92.8,97.5,104.9,100.6,91.8,84.3,92.7,94.5,103.2,105.7,100.1,93.3
ED-0040,326,05:26,93.7,98.5,106.8,101.7,93.0,85.5,91.4,94.4,103.1,106.7,101.0,93.6
ED-0040,327,05:27,94.2,98.9,107.0,101.9,92.6,85.4,93.1,94.5,103.5,105.7,101.1,94.2
ED-0040,328,05:28,94.9,98.8,107.3,102.1,93.2,86.7,93.1,95.4,102.2,106.5,102.0,94.2
ED-0040,329,05:29,95.1,99.8,107.6,101.8,92.9,86.6,93.9,95.5,104.3,106.3,101.3,94.6
ED-0040,330,05:30,94.8,99.1,107.1,102.9,93.3,86.8,94.2,96.5,103.3,107.1,101.3,95.4
ED-0040,331,05:31,95.9,100.8,107.8,102.5,95.2,87.7,94.7,97.3,104.5,106.6,102.2,95.7
ED-0040,332,05:32,96.4,99.9,107.7,103.1,95.7,88.0,95.1,97.4,104.3,107.8,102.2,96.1
ED-0040,333,05:33,95.9,99.8,107.9,103.0,96.1,89.0,95.9,97.3,105.1,107.7,103.5,96.5
ED-0040,334,05:34,97.9,99.9,108.1,103.1,96.8,89.8,96.4,97.9,106.1,107.7,103.0,95.7
ED-0040,335,05:35,97.2,100.7,109.4,104.0,96.8,89.6,97.1,97.5,105.0,107.9,103.8,97.3
ED-0040,336,05:36,97.4,101.3,109.5,104.6,96.9,88.9,97.3,98.4,106.2,108.8,103.7,97.2
ED-0040,337,05:37,97.4,101.7,108.7,105.5,97.7,90.1,98.4,99.1,105.6,108.8,103.6,96.9
ED-0040,338,05:38,98.1,102.0,109.5,104.7,97.8,91.6,97.9,99.5,106.7,108.8,103.8,97.6
ED-0040,339,05:39,99.6,102.3,109.8,103.7,98.8,91.6,98.2,99.8,106.1,109.0,105.1,97.9
ED-0040,340,05:40,99.0,102.2,109.8,105.2,99.1,92.4,98.9,100.2,106.4,109.9,104.0,98.3
ED-0040,341,05:41,98.9,102.3,109.4,105.5,99.6,92.9,99.1,102.1,107.5,110.1,105.5,99.7
ED-0040,342,05:42,100.0,102.4,110.5,104.3,100.1,92.5,100.4,101.2,106.7,109.5,105.6,99.0
ED-0040,343,05:43,99.1,102.7,110.9,105.9,100.1,92.8,100.1,102.1,108.1,109.6,105.6,99.9
ED-0040,344,05:44,98.9,103.1,111.4,105.7,99.5,93.2,100.8,102.2,108.2,110.5,105.7,100.6
ED-0040,345,05:45,100.3,103.4,111.5,105.6,101.0,94.3,101.1,103.2,108.6,110.1,106.5,99.8
ED-0040,346,05:46,100.4,103.9,111.1,106.8,101.2,93.5,101.4,102.5,108.3,110.5,106.3,100.1
ED-0040,347,05:47,100.6,103.1,112.0,106.0,102.7,94.9,102.2,103.9,108.1,110.8,106.8,101.5
ED-0040,348,05:48,101.4,103.9,112.0,106.5,103.2,96.2,103.2,103.5,109.1,110.4,108.1,100.6
ED-0040,349,05:49,102.0,103.7,112.3,107.1,102.3,95.5,102.7,104.2,109.1,110.4,107.4,103.2
ED-0040,350,05:50,101.8,103.7,112.3,107.1,102.8,95.7,103.1,104.6,109.5,111.1,106.7,102.0
ED-0040,351,05:51,101.6,104.6,112.5,107.0,102.7,96.2,103.7,104.5,110.2,112.1,107.8,102.0
ED-0040,352,05:52,101.5,104.0,112.5,108.1,103.6,96.5,104.2,104.9,109.6,112.6,106.6,102.7
ED-0040,353,05:53,101.9,104.0,112.8,108.0,104.6,96.3,104.4,105.4,110.1,111.9,108.4,102.4
ED-0040,354,05:54,102.8,105.8,112.9,108.0,104.8,97.7,105.3,105.4,110.3,111.7,108.4,102.4
ED-0040,355,05:55,103.2,104.8,113.0,108.3,104.1,97.6,105.6,106.1,109.6,113.2,109.0,103.7
ED-0040,356,05:56,103.7,106.3,112.6,108.1,105.5,97.6,105.2,105.9,110.7,112.7,107.5,103.2
ED-0040,357,05:57,104.4,106.1,113.4,108.6,104.7,98.1,105.6,106.9,110.3,112.5,108.5,104.4
ED-0040,358,05:58,104.0,105.8,113.9,108.5,106.6,98.0,106.5,106.9,110.5,112.7,108.7,104.2
ED-0040,359,05:59,104.3,105.9,113.4,108.9,105.6,98.9,107.4,106.6,110.9,113.1,108.8,104.2
ED-0040,360,06:00,104.7,105.6,115.0,109.0,106.9,99.0,107.2,107.0,111.8,113.3,109.9,104.1
ED-0040,361,06:01,105.2,106.6,113.3,108.8,106.2,99.6,107.3,108.1,111.3,113.6,110.0,104.3
ED-0040,362,06:02,103.6,107.2,114.2,109.1,106.2,99.4,107.9,108.4,112.4,113.7,109.2,104.2
ED-0040,363,06:03,104.7,106.3,114.0,110.1,106.3,100.0,107.9,108.5,111.4,113.9,109.0,104.7
ED-0040,364,06:04,105.2,106.2,115.3,110.1,107.2,100.2,108.8,108.9,111.4,113.3,110.0,105.7
ED-0040,365,06:05,104.9,106.7,114.7,109.2,106.6,100.5,109.7,109.3,112.4,113.3,109.9,106.7
ED-0040,366,06:06,105.5,107.4,115.0,109.9,108.3,100.2,109.7,109.4,112.6,113.2,110.0,106.4
ED-0040,367,06:07,105.7,108.0,115.3,110.2,108.1,101.3,109.7,108.9,112.7,113.7,111.6,105.3
ED-0040,368,06:08,106.3,107.3,115.5,110.0,108.7,101.7,108.9,109.8,113.1,113.7,110.6,107.5
ED-0040,369,06:09,106.5,107.7,115.3,110.5,108.6,101.4,110.1,109.4,112.9,113.4,110.6,107.0
ED-0040,370,06:10,105.3,108.5,115.4,109.4,109.2,101.8,109.9,109.1,113.6,114.0,110.8,107.2
ED-0040,371,06:11,105.8,108.4,115.8,110.5,108.4,102.0,110.7,110.9,112.8,114.5,110.8,105.9
ED-0040,372,06:12,106.2,107.4,115.6,111.4,109.5,102.8,110.2,110.7,113.5,115.1,111.2,106.7
ED-0040,373,06:13,106.7,109.1,116.6,110.8,110.1,102.8,110.8,111.2,113.0,115.0,111.3,107.5
ED-0040,374,06:14,107.3,108.8,116.1,110.5,110.1,103.4,111.0,112.4,112.9,115.2,111.4,106.7
ED-0040,375,06:15,107.7,108.8,115.9,110.1,110.6,103.4,110.9,111.9,113.5,114.0,112.1,107.8
ED-0040,376,06:16,107.3,108.8,115.8,111.8,110.9,103.6,111.7,111.5,113.7,114.5,111.3,107.4
ED-0040,377,06:17,107.6,108.4,115.3,112.3,111.3,104.2,111.7,112.9,114.3,115.3,112.8,109.0
ED-0040,378,06:18,108.1,108.7,115.4,110.8,110.7,104.7,111.2,112.2,113.9,115.2,112.0,109.0
ED-0040,379,06:19,108.4,109.0,115.7,112.1,111.5,104.3,112.8,112.3,113.9,115.5,112.7,108.0
ED-0040,380,06:20,108.0,109.0,117.1,111.0,111.7,104.6,112.8,112.6,114.4,116.4,112.5,108.5
ED-0040,381,06:21,108.9,109.5,115.9,111.2,113.0,105.7,113.3,113.3,114.8,115.7,113.4,109.3
ED-0040,382,06:22,108.2,108.6,116.7,111.9,112.7,105.6,113.2,113.7,114.5,116.3,112.8,108.5
ED-0040,383,06:23,109.0,110.0,116.3,112.4,111.9,104.6,113.7,114.4,114.8,116.1,113.7,109.7
ED-0040,384,06:24,107.5,109.0,116.2,112.1,111.9,104.9,113.7,113.5,113.8,115.1,111.8,109.0
ED-0040,385,06:25,108.4,109.3,117.6,111.6,113.4,105.8,114.9,114.2,114.5,114.6,112.5,109.9
ED-0040,386,06:26,109.4,109.6,117.4,112.3,112.7,105.8,113.5,114.6,113.9,116.3,113.3,110.5
ED-0040,387,06:27,108.8,109.6,116.5,112.4,113.1,106.9,113.6,113.3,114.9,114.9,113.4,109.5
ED-0040,388,06:28,108.7,109.4,117.9,113.1,114.3,106.4,114.8,114.0,114.9,116.0,113.9,110.0
ED-0040,389,06:29,110.0,110.6,117.0,112.9,113.1,105.9,114.3,114.4,115.5,115.7,113.4,108.9
ED-0040,390,06:30,109.7,110.8,116.6,113.0,113.7,106.6,114.2,114.6,116.1,117.2,114.1,110.4
ED-0040,391,06:31,109.1,110.1,117.6,111.8,113.4,106.8,116.3,114.0,115.7,116.2,113.8,110.0
ED-0040,392,06:32,109.4,110.1,117.5,112.6,113.3,108.4,115.1,115.1,115.8,116.0,113.6,110.8
ED-0040,393,06:33,109.4,109.0,117.5,112.9,114.2,107.5,115.8,115.8,115.0,116.5,114.5,111.3
ED-0040,394,06:34,110.7,110.7,117.0,113.4,113.9,107.4,115.9,116.4,115.6,116.7,112.5,110.7
ED-0040,395,06:35,111.1,110.1,118.1,112.2,114.1,107.7,115.9,114.8,115.7,116.5,113.3,110.7
ED-0040,396,06:36,109.6,109.9,118.5,113.3,114.6,107.9,116.3,115.6,116.4,117.3,113.8,110.7
ED-0040,397,06:37,110.3,110.4,117.8,112.0,115.2,108.3,115.9,114.8,116.7,116.0,115.0,111.8
ED-0040,398,06:38,110.6,110.7,117.6,113.7,115.6,108.2,116.6,115.7,114.7,117.0,114.8,111.6
ED-0040,399,06:39,109.9,110.6,118.3,113.5,115.4,108.5,116.7,115.7,116.4,116.4,114.1,112.0
ED-0040,400,06:40,110.9,111.3,118.2,113.0,115.5,108.6,116.1,116.0,116.4,117.6,113.5,111.1
ED-0040,401,06:41,110.0,111.1,118.1,113.3,115.4,109.2,116.7,116.7,116.5,117.9,115.3,111.3
ED-0040,402,06:42,111.2,110.8,118.1,113.2,114.9,109.4,116.2,116.0,116.2,116.8,114.9,112.3
ED-0040,403,06:43,111.3,111.7,118.4,113.8,115.6,108.4,117.1,116.6,115.8,117.0,114.3,111.7
ED-0040,404,06:44,110.4,111.1,118.7,113.4,115.7,109.6,117.6,117.0,116.6,116.7,114.7,112.4
ED-0040,405,06:45,110.8,110.7,118.7,113.5,115.4,110.2,117.7,117.2,116.0,117.0,114.0,112.6
ED-0040,406,06:46,110.7,112.0,118.1,113.4,116.3,109.6,117.8,117.6,116.6,116.8,114.8,112.4
ED-0040,407,06:47,110.6,111.1,118.5,114.0,116.4,110.3,119.0,116.9,116.9,116.7,114.9,111.3
ED-0040,408,06:48,110.9,111.0,118.6,113.4,116.3,110.0,118.3,117.5,117.1,117.3,114.8,111.9
ED-0040,409,06:49,111.8,112.0,118.9,114.3,116.7,110.5,117.5,116.8,117.6,116.5,115.2,112.4
ED-0040,410,06:50,111.0,110.6,118.7,113.3,115.9,110.3,118.2,116.5,116.8,118.0,114.6,112.2
ED-0040,411,06:51,111.4,111.7,119.2,113.3,117.1,109.8,118.7,119.1,117.5,117.3,115.7,112.4
ED-0040,412,06:52,112.2,110.8,118.4,114.2,116.3,110.2,117.1,117.9,116.2,117.2,115.0,112.4
ED-0040,413,06:53,111.3,111.9,118.9,113.6,117.1,110.9,118.7,117.5,117.9,117.5,115.2,112.8
ED-0040,414,06:54,111.9,111.0,118.7,113.9,117.3,110.4,118.8,117.8,117.3,116.8,115.1,113.3
ED-0040,415,06:55,111.8,111.1,119.7,113.4,117.9,111.2,118.7,118.2,117.6,118.2,115.4,113.4
ED-0040,416,06:56,110.7,111.8,118.4,114.4,117.2,110.8,118.9,117.7,116.5,117.6,115.3,112.2
ED-0040,417,06:57,112.5,112.1,119.6,114.1,116.7,111.7,119.8,118.2,117.4,118.5,114.9,112.7
ED-0040,418,06:58,111.8,111.3,119.5,114.8,118.2,110.4,119.0,118.2,117.7,118.1,115.9,113.6
ED-0040,419,06:59,111.9,110.8,119.6,114.5,117.3,109.6,119.2,118.5,117.0,117.1,115.4,113.6
ED-0040,420,07:00,113.0,111.9,119.3,113.6,117.0,112.0,120.4,118.2,116.8,117.4,115.8,113.2
ED-0040,421,07:01,112.5,111.7,118.9,114.4,117.9,110.9,119.8,118.2,118.2,118.6,115.7,112.8
ED-0040,422,07:02,112.4,111.0,120.1,114.5,118.2,111.7,119.7,118.2,116.5,117.0,116.3,112.9
ED-0040,423,07:03,112.1,112.2,119.8,113.0,118.3,112.2,119.6,119.0,116.5,117.2,116.3,112.7
ED-0040,424,07:04,112.6,112.3,119.9,114.6,118.1,111.4,120.4,119.6,117.0,118.6,116.0,114.0
ED-0040,425,07:05,112.9,111.8,119.3,114.5,118.2,111.0,120.6,118.5,117.7,118.3,116.7,113.6
ED-0040,426,07:06,112.7,111.3,119.1,115.1,118.2,111.6,121.0,119.2,117.4,117.9,115.9,113.6
ED-0040,427,07:07,111.5,111.4,119.1,114.7,118.3,111.3,120.8,118.9,117.7,117.9,116.6,113.0
ED-0040,428,07:08,113.0,111.5,120.2,114.5,118.4,111.1,120.6,119.7,119.4,117.5,116.0,113.1
ED-0040,429,07:09,113.4,111.9,120.1,114.3,118.9,111.1,120.0,119.0,118.9,118.3,116.4,114.0
ED-0040,430,07:10,112.8,112.3,119.9,115.0,119.4,111.6,120.5,119.4,117.8,119.7,116.0,114.2
ED-0040,431,07:11,112.7,111.7,120.0,115.0,118.1,112.4,119.4,118.9,118.2,117.9,117.2,113.8
ED-0040,432,07:12,112.2,112.5,119.8,114.6,118.2,111.8,120.3,119.4,117.4,118.6,115.9,113.6
ED-0040,433,07:13,112.8,112.4,119.6,114.4,119.4,112.4,119.8,119.6,118.1,118.4,116.4,113.6
ED-0040,434,07:14,113.0,112.5,119.2,114.3,118.9,112.8,121.8,119.6,118.2,118.0,116.2,113.5
ED-0040,435,07:15,112.9,112.3,119.9,114.9,118.5,112.0,120.5,119.5,117.9,118.9,115.8,113.4
ED-0040,436,07:16,112.7,111.8,118.8,114.8,118.9,112.3,119.3,119.4,117.5,118.1,115.7,114.3
ED-0040,437,07:17,113.7,112.6,119.4,115.0,119.0,113.0,121.2,120.8,117.5,118.4,116.2,114.7
ED-0040,438,07:18,112.7,112.7,119.4,114.5,119.6,113.0,121.0,119.9,118.1,118.1,116.4,114.7
ED-0040,439,07:19,112.5,113.0,120.8,114.9,119.0,113.2,120.7,120.2,117.9,118.1,115.6,114.0
ED-0040,440,07:20,113.7,112.1,119.7,114.1,119.4,113.2,121.4,119.3,117.8,118.3,116.6,114.5
ED-0040,441,07:21,113.8,112.8,120.2,115.1,119.9,112.9,120.8,120.2,117.9,117.6,115.5,114.8
ED-0040,442,07:22,113.8,112.3,120.0,114.2,119.5,113.1,121.3,119.7,118.3,118.1,115.7,114.2
ED-0040,443,07:23,112.8,112.2,120.8,115.2,118.6,113.0,121.1,120.0,118.7,118.9,116.3,114.7
ED-0040,444,07:24,113.8,112.2,119.9,115.3,119.4,113.0,121.4,120.1,118.6,117.6,116.0,114.1
ED-0040,445,07:25,112.9,113.0,119.7,115.4,120.2,112.7,121.3,119.9,118.2,117.4,117.3,114.9
ED-0040,446,07:26,113.4,112.3,119.7,115.6,119.3,113.6,122.0,120.2,117.7,118.9,116.4,116.3
ED-0040,447,07:27,113.9,113.4,120.0,115.3,120.3,113.9,121.7,120.5,119.2,118.7,116.9,114.4
ED-0040,448,07:28,113.1,111.7,120.9,115.2,119.7,113.8,121.3,119.3,118.4,119.5,116.7,114.4
ED-0040,449,07:29,112.9,111.5,119.7,115.6,118.6,113.5,120.8,119.4,118.7,118.4,116.3,114.0
ED-0040,450,07:30,113.6,112.7,120.3,114.9,119.6,113.0,121.8,120.4,117.5,119.3,116.9,114.4
ED-0040,451,07:31,113.8,112.5,120.2,115.1,119.2,112.9,121.7,120.2,118.1,118.6,116.4,114.5
ED-0040,452,07:32,114.2,113.3,120.1,114.5,119.9,113.8,122.6,120.7,118.4,118.6,116.4,114.0
ED-0040,453,07:33,113.7,112.6,120.3,114.8,120.3,113.6,122.9,120.4,117.9,118.8,116.4,114.7
ED-0040,454,07:34,114.4,112.9,119.5,114.9,118.8,113.2,122.5,120.6,118.5,119.2,118.0,114.5
ED-0040,455,07:35,113.6,112.8,120.3,115.2,120.1,113.7,121.8,119.9,117.9,118.1,116.4,113.9
ED-0040,456,07:36,113.4,113.1,120.0,115.5,119.9,113.6,122.2,120.1,118.6,117.8,116.0,115.6
ED-0040,457,07:37,113.5,112.7,120.9,115.2,121.0,114.2,121.6,120.1,119.4,119.2,116.7,115.4
ED-0040,458,07:38,113.9,113.3,120.4,115.4,119.0,114.4,122.0,120.7,117.7,119.8,117.0,115.1
ED-0040,459,07:39,112.7,114.3,120.1,115.8,120.1,113.1,121.4,121.2,118.4,119.5,116.5,115.5
ED-0040,460,07:40,113.2,113.4,120.0,115.5,120.0,113.3,121.7,120.7,119.3,119.2,117.3,114.5
ED-0040,461,07:41,114.0,112.6,120.1,114.7,120.3,114.1,122.7,121.6,118.4,118.0,117.5,114.7
ED-0040,462,07:42,112.9,112.8,119.6,115.5,120.6,113.8,121.9,121.7,118.8,118.7,117.2,115.2
ED-0040,463,07:43,114.0,112.2,120.4,115.4,120.3,114.2,121.8,121.7,118.7,118.8,117.5,115.4
ED-0040,464,07:44,114.3,113.4,120.5,115.6,119.9,113.9,121.6,120.2,118.6,118.9,116.2,114.1
ED-0040,465,07:45,113.7,113.1,120.5,115.8,120.5,113.5,123.2,120.9,119.1,118.8,116.2,114.2
ED-0040,466,07:46,113.9,112.9,120.8,115.1,120.7,113.9,121.7,121.3,119.5,119.9,117.2,114.3
ED-0040,467,07:47,113.4,113.0,120.7,115.4,120.2,113.0,122.3,120.8,118.4,119.6,117.1,115.4
ED-0040,468,07:48,113.7,112.6,120.5,115.3,120.7,113.9,122.2,121.9,118.3,118.4,115.9,114.9
ED-0040,469,07:49,114.1,113.7,120.5,115.5,120.5,114.4,122.0,120.5,118.9,119.4,117.0,115.3
ED-0040,470,07:50,114.9,112.5,121.0,115.3,119.7,115.0,122.6,121.1,117.8,118.3,117.5,115.1
ED-0040,471,07:51,114.3,112.6,120.9,116.0,120.1,114.1,121.9,121.0,118.6,119.6,116.7,115.2
ED-0040,472,07:52,114.8,113.1,120.1,115.3,120.5,114.5,122.5,121.4,119.1,118.8,117.5,115.5
ED-0040,473,07:53,114.2,113.2,120.9,115.6,121.2,113.5,122.7,121.4,119.5,119.2,116.8,114.8
ED-0040,474,07:54,113.5,113.4,120.6,116.7,121.0,114.1,123.2,121.3,119.0,119.1,117.6,114.7
ED-0040,475,07:55,113.6,113.0,120.2,116.1,121.0,114.1,123.2,121.7,119.0,118.5,117.1,114.7
ED-0040,476,07:56,113.5,114.2,120.3,115.7,120.9,113.6,122.5,121.6,118.9,119.8,116.4,114.8
ED-0040,477,07:57,114.0,112.9,120.7,115.4,120.3,114.4,122.6,121.5,118.2,119.6,117.0,115.1
ED-0040,478,07:58,113.3,113.5,120.2,115.9,121.2,114.4,122.8,120.8,119.2,118.6,117.5,114.5
ED-0040,479,07:59,113.7,113.2,121.7,115.4,121.4,114.8,123.0,121.0,118.5,118.6,117.4,116.0
ED-0040,480,08:00,114.0,113.3,120.6,115.8,120.5,115.6,122.8,121.6,119.7,119.1,117.6,114.7
ED-0040,481,08:01,114.3,112.7,122.0,116.0,121.4,114.0,123.2,121.3,118.1,119.1,117.8,114.8
ED-0040,482,08:02,114.2,113.5,121.1,115.5,121.0,114.7,123.0,121.1,118.9,118.9,117.0,115.4
ED-0040,483,08:03,115.0,113.5,120.6,115.6,120.3,114.7,122.7,121.2,118.5,119.5,117.4,115.4
ED-0040,484,08:04,113.9,112.5,119.5,115.4,120.5,115.2,121.9,121.8,118.5,118.8,116.6,115.7
ED-0040,485,08:05,114.8,113.2,120.7,115.8,120.8,114.3,122.8,121.5,118.6,119.7,117.8,114.7
ED-0040,486,08:06,112.9,113.4,121.2,115.8,120.9,114.8,122.3,121.6,119.4,119.1,117.9,114.7
ED-0040,487,08:07,114.1,112.9,120.7,115.0,120.9,114.5,122.5,121.0,119.0,118.8,117.4,115.1
ED-0040,488,08:08,113.9,112.7,120.0,116.0,120.5,114.6,124.1,122.3,118.6,119.2,117.7,116.3
ED-0040,489,08:09,114.2,113.3,120.5,116.0,121.0,115.0,122.8,121.8,118.7,119.5,117.8,115.2
ED-0040,490,08:10,113.5,113.1,120.8,115.7,121.9,115.1,123.1,122.6,119.6,118.7,117.7,115.7
ED-0040,491,08:11,114.0,113.7,121.0,115.4,120.7,115.0,123.3,121.7,119.2,119.5,116.7,115.1
ED-0040,492,08:12,114.2,113.5,119.3,116.4,121.0,114.5,123.0,120.4,119.4,119.1,117.8,115.4
ED-0040,493,08:13,114.6,113.1,121.5,115.5,121.2,115.1,122.9,122.0,118.9,119.4,117.8,116.1
ED-0040,494,08:14,114.1,113.3,120.1,115.8,121.1,113.9,123.3,121.6,119.4,119.3,117.5,116.1
ED-0040,495,08:15,113.6,112.8,120.3,114.9,120.1,114.3,123.7,121.3,118.1,119.7,117.1,116.0
ED-0040,496,08:16,114.6,113.2,121.0,115.2,120.5,115.9,123.6,121.8,119.1,119.1,117.0,115.6
ED-0040,497,08:17,114.9,113.5,121.0,116.2,120.6,113.3,123.0,121.5,118.6,119.1,118.5,114.6
ED-0040,498,08:18,114.4,113.3,119.8,115.9,121.8,115.6,123.4,121.7,119.1,119.8,116.5,115.5
ED-0040,499,08:19,114.4,112.6,121.3,115.6,120.3,114.9,122.8,121.8,119.2,119.5,117.1,115.3
ED-0040,500,08:20,113.5,112.5,120.3,115.3,121.1,115.2,122.5,120.8,118.4,119.1,117.5,115.1
ED-0040,501,08:21,114.6,112.9,121.4,115.8,121.6,113.7,124.6,121.8,118.9,121.4,117.3,115.5
ED-0040,502,08:22,114.6,113.2,121.5,115.0,121.9,115.0,123.3,121.0,119.0,123.5,116.8,115.6
ED-0040,503,08:23,114.8,112.5,120.8,115.5,121.2,115.6,123.3,121.7,118.4,124.2,117.1,115.7
ED-0040,504,08:24,114.3,113.0,123.3,116.9,120.5,113.4,123.1,122.1,119.1,125.4,117.1,115.5
ED-0040,505,08:25,114.2,113.6,124.3,116.0,121.7,114.8,122.5,121.4,118.6,125.8,117.0,115.7
ED-0040,506,08:26,115.4,114.3,125.1,116.7,122.4,114.6,123.4,122.6,119.0,125.8,117.7,116.0
ED-0040,507,08:27,114.5,113.4,126.7,119.3,121.6,115.0,124.0,121.3,119.5,127.8,117.1,115.9
ED-0040,508,08:28,114.6,112.4,127.9,119.6,121.1,115.2,123.9,121.8,119.2,128.2,117.6,115.3
ED-0040,509,08:29,115.9,113.1,128.0,120.3,121.3,114.4,123.1,121.4,119.5,127.9,116.9,116.4
ED-0040,510,08:30,114.5,116.2,127.6,121.6,121.1,115.4,123.2,121.8,121.6,129.3,117.0,116.0
ED-0040,511,08:31,114.8,117.2,129.3,122.6,121.8,115.6,123.7,121.5,123.5,128.5,117.7,115.9
ED-0040,512,08:32,114.7,118.5,129.7,121.4,122.9,114.5,123.1,122.6,124.3,128.6,117.9,115.9
ED-0040,513,08:33,114.4,118.2,131.1,123.6,121.7,115.0,124.2,122.4,125.0,129.7,120.5,115.0
ED-0040,514,08:34,115.0,119.9,130.0,123.6,120.5,114.7,124.0,121.2,126.5,130.7,121.3,116.2
ED-0040,515,08:35,114.2,119.9,131.0,123.8,121.6,115.2,124.2,121.3,126.4,131.4,121.8,115.4
ED-0040,516,08:36,114.3,120.4,131.9,124.7,121.3,115.0,124.1,121.8,127.1,131.1,124.1,116.0
ED-0040,517,08:37,114.5,121.4,132.7,126.2,121.1,115.2,123.7,121.7,127.3,131.6,124.4,115.5
ED-0040,518,08:38,114.0,122.1,131.8,126.6,121.5,114.3,122.9,121.7,127.5,131.8,124.8,114.7
ED-0040,519,08:39,115.1,122.0,131.7,125.5,120.9,115.3,122.9,121.8,128.3,132.6,125.1,115.8
ED-0040,520,08:40,114.8,122.1,133.5,127.0,122.0,114.0,123.5,122.4,128.8,132.9,125.6,115.6
ED-0040,521,08:41,115.2,123.2,133.6,126.1,121.5,115.7,123.3,123.8,128.8,133.0,126.7,115.7
ED-0040,522,08:42,115.1,123.3,133.6,128.3,120.7,115.2,123.7,121.9,130.0,132.7,127.2,115.6
ED-0040,523,08:43,114.7,123.2,134.3,127.2,120.4,115.5,123.7,122.2,129.6,133.9,127.1,115.9
ED-0040,524,08:44,115.2,124.6,135.2,128.4,122.1,113.8,124.3,121.7,129.5,134.9,128.1,116.7
ED-0040,525,08:45,114.1,123.5,134.4,128.6,121.3,115.0,124.4,122.6,131.2,134.0,129.1,115.5
ED-0040,526,08:46,118.1,125.2,135.5,128.9,121.8,114.7,123.5,121.1,131.4,134.2,129.1,115.8
ED-0040,527,08:47,118.3,125.2,136.0,130.1,121.3,114.7,124.5,121.8,131.2,134.7,128.5,115.7
ED-0040,528,08:48,119.5,125.0,135.8,129.6,120.8,114.7,123.6,122.2,132.9,134.7,129.4,115.3
ED-0040,529,08:49,120.7,125.3,136.9,130.1,121.6,115.1,122.6,121.1,132.8,135.6,129.6,118.9
ED-0040,530,08:50,121.4,125.6,137.5,130.1,121.0,115.0,124.0,121.7,133.1,134.4,130.5,119.5
ED-0040,531,08:51,121.8,125.7,135.9,129.5,121.5,115.2,124.2,122.1,132.4,134.9,130.9,120.9
ED-0040,532,08:52,121.3,126.2,136.5,130.1,121.3,115.3,123.3,122.1,132.8,136.3,131.3,121.6
ED-0040,533,08:53,122.3,127.0,137.7,130.9,121.2,115.5,123.0,121.3,133.8,136.8,130.6,121.8
ED-0040,534,08:54,122.8,127.7,137.1,130.9,121.6,115.3,123.1,122.4,134.7,137.1,131.0,122.8
ED-0040,535,08:55,123.5,128.1,138.4,130.7,121.3,115.4,123.7,122.9,133.8,136.7,132.2,124.0
ED-0040,536,08:56,123.9,127.9,137.6,131.1,121.2,115.2,123.5,121.5,133.9,137.9,132.6,124.6
ED-0040,537,08:57,124.6,128.6,138.1,132.2,122.1,115.8,123.6,125.7,134.3,137.1,131.4,124.5
ED-0040,538,08:58,124.5,128.6,139.1,132.3,121.8,115.4,123.9,126.1,134.9,137.3,132.5,124.6
ED-0040,539,08:59,125.2,128.3,138.3,132.7,121.4,115.2,123.4,127.3,134.6,137.4,132.0,124.9
ED-0040,540,09:00,126.1,129.3,138.9,132.7,125.3,114.8,123.5,128.5,136.2,138.0,132.5,125.8
ED-0040,541,09:01,126.3,129.5,140.3,132.7,124.8,115.1,123.5,129.4,135.0,138.2,132.8,125.9
ED-0040,542,09:02,125.9,130.8,140.0,132.8,126.3,116.2,124.4,129.0,136.5,138.0,133.4,126.6
ED-0040,543,09:03,126.7,129.0,139.9,134.1,127.2,115.7,127.1,129.4,136.7,138.6,133.6,127.3
ED-0040,544,09:04,127.2,130.8,139.8,133.4,128.4,115.4,127.4,129.7,137.4,139.0,133.3,127.4
ED-0040,545,09:05,126.8,130.0,140.8,133.8,128.7,114.8,129.3,130.2,136.3,138.5,134.4,127.9
ED-0040,546,09:06,128.4,130.6,140.6,133.6,130.1,118.3,129.8,132.0,137.0,139.9,133.7,128.3
ED-0040,547,09:07,128.1,130.3,141.1,134.2,129.7,119.0,130.4,132.7,137.6,139.3,135.3,128.6
ED-0040,548,09:08,127.4,130.5,140.3,134.3,131.2,120.8,131.1,133.5,137.5,140.6,134.4,128.3
ED-0040,549,09:09,127.8,131.4,141.6,134.2,131.1,121.3,131.9,132.8,138.5,140.2,135.3,130.0
ED-0040,550,09:10,128.6,131.2,141.4,135.7,131.7,121.5,132.5,134.3,138.1,140.4,135.2,128.9
ED-0040,551,09:11,129.1,131.8,141.3,135.5,132.0,121.9,134.6,133.7,138.3,140.6,134.9,130.6
ED-0040,552,09:12,129.9,131.4,142.1,135.2,131.4,122.5,133.5,134.9,138.0,140.4,135.9,129.2
ED-0040,553,09:13,130.1,132.2,141.9,135.6,132.5,123.3,134.9,134.4,138.3,140.2,135.1,130.0
ED-0040,554,09:14,129.5,131.9,141.9,135.5,133.1,124.4,134.4,135.4,138.9,141.4,137.1,129.9
ED-0040,555,09:15,130.6,132.5,142.7,137.1,133.6,123.9,134.4,135.8,139.1,141.5,136.7,131.1
ED-0040,556,09:16,131.0,132.6,142.8,136.2,133.6,124.6,134.2,135.5,139.7,141.8,136.5,130.5
ED-0040,557,09:17,131.1,133.0,142.7,136.6,133.4,125.1,135.1,136.0,139.3,141.8,136.5,131.1
ED-0040,558,09:18,130.6,133.2,143.4,136.5,134.4,126.3,135.4,136.4,139.9,141.2,137.3,131.4
ED-0040,559,09:19,131.6,133.3,142.6,136.2,135.0,126.3,136.5,137.6,139.8,142.2,138.2,132.3
ED-0040,560,09:20,131.4,133.2,143.4,136.4,135.3,126.4,137.0,137.6,140.1,141.7,138.2,131.8
ED-0040,561,09:21,131.7,134.0,143.7,138.0,135.6,126.6,136.9,138.2,140.6,143.0,138.4,132.8
ED-0040,562,09:22,131.5,134.4,143.8,137.6,136.0,127.1,136.8,137.2,140.9,142.5,139.1,132.2
ED-0040,563,09:23,132.1,134.5,143.2,138.0,136.9,127.9,137.9,138.3,139.7,143.9,137.8,133.4
ED-0040,564,09:24,132.4,135.3,144.4,137.3,136.4,127.6,138.7,138.4,141.8,144.1,138.2,134.0
ED-0040,565,09:25,131.8,134.6,143.8,138.2,137.8,128.3,138.2,138.0,140.7,142.8,138.1,133.1
ED-0040,566,09:26,133.1,135.2,144.6,138.1,137.5,129.2,138.0,138.7,140.8,142.3,138.9,134.1
ED-0040,567,09:27,133.5,135.4,144.3,138.8,137.3,129.6,138.9,138.6,141.1,143.6,138.6,133.6
ED-0040,568,09:28,134.8,134.8,144.6,138.4,137.3,129.4,139.8,139.3,141.7,143.0,139.5,134.5
ED-0040,569,09:29,133.6,135.5,145.1,138.4,138.0,130.1,140.2,139.5,142.4,143.8,139.2,134.4
ED-0040,570,09:30,134.1,135.4,145.0,138.1,138.0,130.5,140.3,140.0,141.9,143.7,140.0,134.6
ED-0040,571,09:31,134.0,136.0,145.2,138.4,138.0,130.2,140.5,140.5,142.0,144.3,140.1,135.1
ED-0040,572,09:32,134.2,136.0,145.0,138.8,139.4,130.3,140.1,141.0,143.2,144.6,141.1,135.5
ED-0040,573,09:33,134.0,136.7,145.8,140.6,139.1,130.9,140.9,140.5,143.6,144.2,139.6,135.5
ED-0040,574,09:34,133.8,137.0,145.7,140.0,139.7,130.8,140.5,140.5,143.3,145.6,140.1,136.0
ED-0040,575,09:35,134.1,136.4,146.5,139.9,139.9,130.7,141.1,141.2,142.9,145.1,140.5,136.1
ED-0040,576,09:36,135.1,136.6,146.3,139.7,140.4,130.9,141.5,141.6,144.1,144.0,140.3,136.5
ED-0040,577,09:37,135.0,136.3,146.7,140.3,140.0,132.3,141.7,142.2,143.3,145.0,140.8,135.6
ED-0040,578,09:38,135.4,137.3,147.0,139.8,140.9,132.0,142.2,141.3,143.8,145.4,142.5,136.1
ED-0040,579,09:39,135.2,137.0,147.0,139.7,140.9,132.7,142.0,142.5,144.6,145.9,141.6,137.6
ED-0040,580,09:40,136.5,136.4,147.5,140.9,140.1,132.3,142.3,142.9,143.6,146.0,142.4,136.2
ED-0040,581,09:41,137.3,137.3,148.5,140.6,141.5,132.1,142.8,142.1,143.3,145.3,141.3,136.3
ED-0040,582,09:42,136.1,137.2,146.9,141.5,140.9,132.4,143.5,142.5,144.8,147.0,141.8,138.2
ED-0040,583,09:43,136.0,137.6,146.7,141.5,141.8,132.4,144.1,142.8,144.3,146.0,143.1,137.8
ED-0040,584,09:44,137.1,138.3,147.8,141.9,142.4,132.6,143.5,143.3,144.7,146.4,141.9,137.6
ED-0040,585,09:45,137.5,137.3,147.3,142.0,141.8,133.6,143.6,143.5,144.4,145.9,141.9,137.6
ED-0040,586,09:46,137.4,138.7,147.5,141.6,141.7,133.2,144.6,143.9,144.9,147.2,143.2,137.7
ED-0040,587,09:47,136.4,138.4,149.2,142.0,143.6,133.6,144.4,144.6,144.5,147.2,141.9,138.0
ED-0040,588,09:48,137.0,137.9,149.1,142.2,142.6,133.9,143.9,144.2,144.7,147.1,142.6,138.2
ED-0040,589,09:49,137.2,138.6,148.5,141.7,143.1,134.6,144.1,144.3,145.0,147.7,143.0,138.8
ED-0040,590,09:50,137.8,138.4,148.7,141.7,142.7,134.1,144.8,145.1,145.4,148.3,143.0,139.1
ED-0040,591,09:51,137.6,138.8,148.4,142.3,143.9,135.2,145.0,144.8,145.3,146.7,142.7,138.5
ED-0040,592,09:52,138.2,138.2,149.0,141.6,143.3,134.7,146.0,144.8,145.7,147.0,143.6,138.2
ED-0040,593,09:53,139.4,139.4,149.3,143.1,142.7,134.9,145.5,145.3,145.3,148.2,144.3,139.1
ED-0040,594,09:54,138.2,139.0,148.8,144.0,144.2,135.7,146.4,145.3,145.9,147.2,144.6,139.9
ED-0040,595,09:55,138.4,138.2,149.1,142.7,144.0,135.5,145.9,145.9,146.6,148.4,144.2,139.8
ED-0040,596,09:56,139.6,139.6,150.3,143.5,144.7,136.2,146.5,145.7,145.5,148.3,144.2,139.8
ED-0040,597,09:57,138.8,140.0,149.7,143.5,144.1,135.5,146.2,145.4,146.7,148.2,145.3,139.6
ED-0040,598,09:58,139.2,139.4,150.4,143.3,143.8,136.8,146.1,146.0,146.5,149.3,144.9,140.0
ED-0040,599,09:59,139.4,140.4,150.3,144.8,144.6,136.4,147.3,145.6,146.4,148.6,144.7,140.4
ED-0040,600,10:00,140.8,141.2,151.1,143.2,145.5,136.1,146.7,147.1,147.4,148.8,145.5,140.1
ED-0040,601,10:01,139.5,140.5,151.1,143.5,145.8,136.8,147.9,146.1,147.8,149.3,145.5,140.4
ED-0040,602,10:02,139.1,140.7,150.1,144.8,145.8,137.8,147.0,146.7,147.9,149.5,144.0,140.9
ED-0040,603,10:03,140.3,140.0,150.9,144.1,145.8,136.6,147.3,146.9,147.7,149.5,144.9,140.0
ED-0040,604,10:04,140.2,140.3,150.9,144.3,146.9,137.4,148.1,147.3,148.2,149.3,145.2,140.4
ED-0040,605,10:05,139.0,140.1,150.9,144.1,145.7,137.7,148.1,147.6,148.1,149.6,146.8,142.2
ED-0040,606,10:06,140.1,141.2,150.6,144.1,146.4,137.8,147.5,148.1,148.2,149.9,146.0,141.1
ED-0040,607,10:07,140.5,141.6,151.2,144.4,146.7,138.3,147.8,147.9,148.6,150.5,147.1,141.8
ED-0040,608,10:08,140.4,141.5,151.2,145.2,146.3,138.5,148.2,147.8,149.4,151.1,146.0,142.0
ED-0040,609,10:09,141.1,141.6,151.8,145.0,146.9,138.1,149.1,148.1,149.2,151.1,145.9,142.2
ED-0040,610,10:10,141.4,142.0,152.2,145.5,147.4,139.0,148.8,147.8,149.2,150.5,145.3,141.9
ED-0040,611,10:11,140.8,141.2,152.0,145.8,146.9,138.3,149.4,149.3,148.7,150.5,146.5,142.0
ED-0040,612,10:12,141.1,141.9,152.3,144.7,148.0,139.8,147.8,147.4,148.7,150.0,146.3,142.9
ED-0040,613,10:13,141.5,142.3,152.1,145.7,147.7,137.9,150.0,148.2,147.9,150.2,146.9,142.0
ED-0040,614,10:14,141.5,142.5,151.7,145.6,147.2,138.4,150.4,149.2,149.8,151.4,146.5,141.5
ED-0040,615,10:15,141.5,141.4,152.7,146.6,147.7,138.7,149.8,149.5,150.0,151.4,147.6,142.6
ED-0040,616,10:16,142.0,142.9,152.8,146.1,148.7,139.3,150.1,149.2,149.7,150.6,147.7,143.1
ED-0040,617,10:17,142.0,142.6,152.8,146.2,147.5,138.9,150.6,149.3,149.3,151.1,147.4,143.6
ED-0040,618,10:18,141.5,142.9,154.0,146.2,149.0,140.4,150.5,149.9,150.2,151.3,148.2,143.3
ED-0040,619,10:19,142.6,143.2,152.8,146.5,148.9,139.4,150.3,149.4,150.2,151.4,147.7,143.0
ED-0040,620,10:20,142.9,142.3,153.1,146.3,148.1,140.3,150.8,150.6,150.5,151.5,148.4,143.1
ED-0040,621,10:21,142.1,142.9,153.8,147.0,149.3,140.6,149.8,149.9,150.5,151.7,147.7,142.9
ED-0040,622,10:22,142.7,144.6,154.0,147.3,149.6,140.5,151.9,150.1,150.5,151.9,148.1,144.0
ED-0040,623,10:23,142.9,143.2,153.5,146.9,149.7,140.3,151.8,150.7,150.7,152.7,148.1,143.3
ED-0040,624,10:24,143.6,143.6,153.6,148.1,148.8,141.0,151.1,150.3,150.3,152.5,149.0,143.9
ED-0040,625,10:25,143.1,144.9,154.6,146.7,150.4,140.5,152.3,151.4,151.1,152.0,149.5,144.8
ED-0040,626,10:26,143.9,144.1,155.1,147.5,149.7,141.7,152.4,151.1,151.2,152.9,149.6,144.2
ED-0040,627,10:27,143.2,144.5,154.9,146.4,150.3,141.4,152.3,151.0,150.7,152.3,148.9,144.3
ED-0040,628,10:28,143.9,144.0,154.5,147.5,149.8,141.2,150.9,151.5,152.0,153.1,149.8,144.9
ED-0040,629,10:29,144.0,144.4,154.4,148.2,150.0,141.6,152.1,151.9,152.0,153.5,148.8,144.6
ED-0040,630,10:30,144.2,144.9,155.2,147.8,150.4,141.7,153.0,151.3,151.3,153.2,150.1,144.1
ED-0040,631,10:31,144.0,144.7,155.0,148.4,150.0,142.1,152.9,151.6,151.2,153.1,150.3,145.0
ED-0040,632,10:32,145.0,144.1,154.7,148.8,151.6,142.2,152.7,151.8,152.3,153.1,149.1,145.4
ED-0040,633,10:33,144.7,144.5,154.9,149.0,150.7,141.6,153.4,151.8,152.7,154.8,149.6,146.3
ED-0040,634,10:34,144.2,145.3,154.7,147.5,151.8,142.6,152.5,152.1,152.6,152.7,150.0,145.1
ED-0040,635,10:35,144.6,145.1,155.6,148.4,151.5,143.4,153.9,153.2,151.8,153.7,150.6,146.1
ED-0040,636,10:36,145.2,144.3,155.4,148.0,151.5,142.8,154.5,152.8,153.2,153.8,150.3,146.8
ED-0040,637,10:37,144.9,145.2,156.5,148.0,152.3,143.4,153.6,152.6,151.9,154.3,149.4,145.2
ED-0040,638,10:38,146.1,144.8,156.3,148.5,152.3,143.3,153.8,152.9,152.8,154.9,150.5,145.9
ED-0040,639,10:39,146.2,145.7,156.0,148.8,151.2,143.5,154.2,153.0,153.1,155.2,150.5,145.9
ED-0040,640,10:40,145.5,145.5,156.0,149.3,152.5,143.8,154.4,152.4,153.0,155.0,150.7,146.5
ED-0040,641,10:41,145.9,144.9,155.9,150.1,151.5,143.2,153.1,153.0,153.6,154.6,150.5,146.1
ED-0040,642,10:42,145.1,146.2,156.3,149.1,153.8,143.8,154.5,153.5,152.5,155.3,151.5,147.1
ED-0040,643,10:43,146.1,145.5,156.5,149.8,152.8,143.5,154.4,152.9,152.3,153.7,150.6,146.9
ED-0040,644,10:44,144.9,146.9,156.9,149.5,153.1,143.7,154.4,153.9,153.8,154.9,151.1,146.0
ED-0040,645,10:45,145.5,145.8,156.2,149.4,152.6,143.7,155.6,153.4,153.4,155.3,150.7,146.9
ED-0040,646,10:46,146.5,146.6,156.5,149.5,153.0,144.9,155.1,153.6,154.4,154.9,151.0,147.1
ED-0040,647,10:47,145.8,146.6,156.7,149.7,153.0,144.0,156.4,154.6,154.0,155.8,151.6,147.9
ED-0040,648,10:48,146.2,146.5,156.4,150.5,152.7,143.7,154.9,154.6,154.7,155.3,150.7,147.4
ED-0040,649,10:49,146.2,146.5,156.7,150.2,153.3,144.6,155.9,154.8,154.6,156.3,152.4,147.6
ED-0040,650,10:50,147.4,146.9,155.8,150.6,153.9,144.7,155.6,154.9,153.9,155.9,150.7,147.9
ED-0040,651,10:51,147.0,146.9,157.4,149.7,153.5,145.9,156.4,155.6,153.9,155.8,151.8,148.0
ED-0040,652,10:52,147.7,147.3,156.6,151.9,153.8,145.4,155.7,154.7,154.4,156.1,151.3,147.8
ED-0040,653,10:53,147.0,146.6,157.0,150.1,154.0,146.0,156.2,155.8,155.4,156.6,152.9,148.1
ED-0040,654,10:54,147.2,147.7,157.1,151.2,154.8,146.2,156.9,155.0,154.4,156.1,152.4,148.2
ED-0040,655,10:55,147.2,147.9,158.1,151.1,153.7,145.4,156.1,154.8,154.3,155.7,153.4,148.9
ED-0040,656,10:56,147.6,147.8,158.4,151.2,154.7,145.7,156.3,156.1,154.9,156.8,152.9,148.6
ED-0040,657,10:57,147.9,146.9,158.7,151.2,154.0,145.9,156.1,155.8,155.6,156.1,154.3,148.4
ED-0040,658,10:58,147.0,147.8,157.5,150.6,155.7,145.4,157.1,155.7,155.8,156.5,153.2,149.0
ED-0040,659,10:59,148.3,147.8,158.4,150.8,154.9,147.0,157.4,155.5,155.1,156.0,153.5,148.7
ED-0040,660,11:00,147.7,148.3,158.6,151.1,154.5,146.5,158.0,155.7,155.4,156.4,153.9,148.9
ED-0040,661,11:01,148.0,147.2,158.0,151.5,155.0,146.3,157.8,155.3,155.5,157.0,153.6,148.3
ED-0040,662,11:02,147.5,148.3,158.6,151.8,154.3,146.5,156.4,156.6,155.8,157.0,154.0,149.0
ED-0040,663,11:03,148.1,147.8,158.4,151.9,155.8,146.8,157.4,156.6,155.8,157.1,153.6,149.0
ED-0040,664,11:04,147.8,148.6,159.8,152.8,155.3,146.1,158.7,155.9,155.7,157.2,152.3,149.2
ED-0040,665,11:05,148.3,148.1,158.5,151.2,154.8,147.7,158.1,156.2,156.2,157.2,153.9,149.2
ED-0040,666,11:06,148.6,149.1,159.4,152.5,155.9,146.7,158.7,157.3,155.8,157.9,154.2,150.1
ED-0040,667,11:07,148.5,149.1,159.5,152.2,156.8,147.3,158.7,156.8,156.4,157.7,153.9,149.3
ED-0040,668,11:08,149.2,149.3,158.8,152.8,156.3,147.0,157.9,157.2,156.5,157.9,153.8,150.1
ED-0040,669,11:09,149.7,149.2,159.6,152.9,156.6,147.5,158.9,157.4,157.1,158.1,154.5,150.1
ED-0040,670,11:10,148.8,148.9,159.1,152.9,155.8,146.7,158.3,156.3,156.3,157.5,153.9,150.6
ED-0040,671,11:11,149.1,148.3,159.1,153.2,156.4,147.6,158.9,158.0,157.4,158.0,155.2,150.4
ED-0040,672,11:12,149.9,149.1,159.9,152.9,155.8,147.2,158.0,156.2,156.7,158.1,154.0,150.9
ED-0040,673,11:13,149.3,149.2,159.8,153.1,156.8,147.7,158.7,158.2,157.2,158.1,153.9,150.2
ED-0040,674,11:14,149.9,149.6,160.5,153.7,157.1,148.6,159.7,157.9,157.4,158.3,155.3,151.2
ED-0040,675,11:15,149.6,149.5,160.5,153.4,156.7,148.6,159.4,158.1,156.7,158.2,154.8,150.8
ED-0040,676,11:16,150.3,150.1,161.1,152.7,156.1,148.6,159.9,158.2,157.8,158.5,154.8,151.5
ED-0040,677,11:17,150.3,149.1,160.9,153.8,157.5,148.0,159.8,158.9,157.6,159.1,154.6,150.8
ED-0040,678,11:18,149.6,149.8,160.2,153.5,158.2,148.6,159.8,158.4,158.4,158.8,155.7,151.1
ED-0040,679,11:19,149.7,150.1,159.5,153.7,156.5,148.2,158.6,158.0,157.4,159.3,155.8,151.7
ED-0040,680,11:20,150.3,150.9,160.6,153.7,156.9,149.1,159.3,157.9,157.5,159.5,155.1,150.6
ED-0040,681,11:21,150.4,149.5,160.8,153.8,157.6,148.4,160.3,159.3,159.2,159.3,156.2,151.7
ED-0040,682,11:22,150.4,151.3,160.8,153.3,157.5,149.3,160.6,159.0,157.7,159.4,156.1,152.0
ED-0040,683,11:23,151.5,150.8,161.0,155.3,157.5,149.4,160.1,159.4,157.8,158.7,156.4,152.2
ED-0040,684,11:24,151.2,150.7,161.4,155.1,158.1,149.4,159.0,158.9,158.6,159.2,155.6,151.4
ED-0040,685,11:25,151.1,151.8,161.9,154.4,158.2,149.2,159.7,158.5,158.0,159.3,156.7,152.7
ED-0040,686,11:26,149.7,151.1,162.2,154.3,158.7,149.8,159.4,159.6,158.7,159.8,156.3,152.1
ED-0040,687,11:27,150.2,150.7,161.0,155.3,158.7,149.3,160.3,159.4,157.6,160.1,156.7,152.1
ED-0040,688,11:28,151.3,150.7,162.8,155.5,158.7,149.9,161.3,160.8,159.6,159.7,156.7,152.1
ED-0040,689,11:29,151.4,150.4,162.5,155.0,158.7,150.5,160.6,159.1,159.1,159.8,156.7,152.5
ED-0040,690,11:30,151.3,151.4,162.0,155.3,159.0,149.5,161.1,160.0,159.2,160.5,156.8,153.9
ED-0040,691,11:31,150.7,150.7,161.8,154.9,158.7,150.0,161.8,160.2,158.4,161.5,157.1,153.2
ED-0040,692,11:32,152.0,152.2,162.0,155.0,158.5,150.8,161.5,160.4,158.4,159.8,156.4,153.5
ED-0040,693,11:33,152.0,151.8,162.7,155.2,158.7,150.5,161.5,160.3,158.1,160.6,156.8,152.0
ED-0040,694,11:34,151.8,151.9,162.2,154.8,159.0,150.5,161.8,161.0,159.2,160.8,157.6,152.8
ED-0040,695,11:35,151.8,152.0,161.4,156.3,159.8,149.6,162.3,160.8,160.5,161.6,156.8,153.3
ED-0040,696,11:36,152.6,151.9,162.1,155.8,160.5,150.7,161.8,160.9,159.6,161.0,157.6,152.8
ED-0040,697,11:37,151.0,151.2,163.0,156.1,159.3,151.1,162.5,161.2,159.9,161.2,156.8,153.8
ED-0040,698,11:38,153.4,152.3,162.7,156.1,159.7,151.5,162.0,160.8,159.9,161.5,157.6,154.0
ED-0040,699,11:39,152.6,152.4,163.0,156.0,160.3,151.3,162.7,162.0,159.6,160.0,157.7,154.1
ED-0040,700,11:40,152.5,152.2,162.8,155.7,159.8,151.4,162.0,160.8,159.4,161.3,157.8,153.9
ED-0040,701,11:41,152.8,152.2,163.0,156.0,160.7,152.0,161.6,162.4,160.4,161.1,157.5,153.4
ED-0040,702,11:42,152.5,152.6,162.3,156.4,160.2,152.0,162.7,161.2,160.1,161.7,158.3,153.8
ED-0040,703,11:43,153.7,152.4,163.4,156.8,160.3,152.0,162.9,160.9,159.4,161.6,158.3,153.0
ED-0040,704,11:44,152.9,153.8,163.1,156.4,160.6,151.0,162.8,161.5,160.4,161.3,157.5,154.3
ED-0040,705,11:45,152.6,152.8,164.0,156.6,159.8,151.1,163.1,161.4,161.3,161.5,158.2,154.2
ED-0040,706,11:46,152.7,152.5,163.8,157.0,160.0,151.8,163.6,162.7,160.6,162.8,159.1,153.8
ED-0040,707,11:47,153.0,152.4,164.2,156.6,160.8,152.8,162.9,161.6,160.1,162.6,158.4,154.7
ED-0040,708,11:48,153.1,153.2,163.5,157.4,160.4,151.9,163.9,161.9,160.7,162.5,159.0,154.8
ED-0040,709,11:49,153.6,152.4,163.6,155.8,161.4,153.0,162.7,162.5,161.8,162.9,158.3,155.3
ED-0040,710,11:50,153.9,153.9,164.8,157.5,161.7,151.6,163.4,161.6,160.7,162.1,159.3,155.0
ED-0040,711,11:51,153.8,153.8,164.2,157.4,161.5,152.4,163.9,163.6,161.3,162.2,158.7,154.6
ED-0040,712,11:52,154.8,154.0,164.6,157.1,160.4,152.2,163.5,162.6,162.2,161.8,159.2,154.5
ED-0040,713,11:53,154.0,154.5,165.2,156.9,161.2,152.9,164.8,162.1,160.7,162.7,159.4,156.6
ED-0040,714,11:54,153.7,154.0,164.1,157.1,162.1,152.0,164.3,161.8,162.0,162.7,159.0,155.2
ED-0040,715,11:55,154.5,154.6,165.7,157.0,162.4,152.6,164.5,163.2,161.2,163.2,159.7,155.1
ED-0040,716,11:56,154.3,154.6,165.2,157.9,161.2,152.1,164.4,163.5,161.3,162.5,159.5,155.5
ED-0040,717,11:57,155.2,154.5,165.0,156.9,162.6,153.4,165.0,164.4,162.7,164.0,159.2,156.4
ED-0040,718,11:58,154.3,154.0,164.2,157.6,162.3,152.2,164.7,163.0,162.5,163.6,159.4,155.7
ED-0040,719,11:59,154.3,153.6,165.0,157.9,162.3,153.1,164.9,162.9,162.7,163.8,158.9,156.5
ED-0040,720,12:00,154.1,154.1,165.5,158.2,162.9,153.6,163.9,163.3,162.5,163.2,160.3,155.7
ED-0040,721,12:01,154.5,154.0,164.5,158.4,163.0,154.0,165.2,163.4,162.2,163.7,159.9,156.3
ED-0040,722,12:02,155.6,155.3,165.6,157.8,162.0,154.2,165.5,163.2,162.7,163.3,160.0,156.4
ED-0040,723,12:03,155.0,155.3,164.5,158.7,162.4,154.4,164.8,163.7,162.8,162.3,159.7,156.4
ED-0040,724,12:04,154.3,155.4,165.4,157.9,163.5,153.2,165.1,163.5,162.6,163.7,159.3,156.9
ED-0040,725,12:05,155.7,154.7,166.2,158.7,163.6,154.0,165.3,165.3,163.1,163.6,160.1,156.5
ED-0040,726,12:06,154.9,155.5,165.3,159.0,163.4,155.3,165.6,164.1,162.5,164.1,160.3,156.7
ED-0040,727,12:07,154.3,154.8,165.1,159.1,163.3,153.7,166.0,163.3,163.3,164.4,159.1,156.0
ED-0040,728,12:08,155.5,155.0,166.0,158.8,163.2,153.5,165.5,164.4,164.0,163.6,160.0,156.5
ED-0040,729,12:09,154.4,155.5,166.5,158.6,163.5,154.3,167.0,164.9,162.8,164.5,160.2,156.2
ED-0040,730,12:10,156.2,155.4,166.1,158.8,163.4,154.0,165.9,165.3,162.6,164.0,160.9,157.3
ED-0040,731,12:11,155.6,155.9,166.3,159.1,162.6,155.0,165.7,164.7,163.1,163.9,161.3,158.2
ED-0040,732,12:12,156.1,155.7,165.7,159.1,163.6,154.3,166.0,165.1,162.8,165.4,160.0,157.1
ED-0040,733,12:13,156.3,155.7,166.9,159.8,164.6,155.6,165.7,164.8,163.8,165.5,160.6,157.2
ED-0040,734,12:14,155.7,155.9,166.7,159.2,163.6,154.3,165.9,164.8,163.7,165.3,161.2,156.6
ED-0040,735,12:15,157.0,155.3,167.1,159.9,165.3,154.7,167.2,165.2,163.6,164.3,160.8,157.7
ED-0040,736,12:16,156.7,156.4,166.1,159.2,165.3,155.0,167.2,165.7,163.8,164.6,161.5,157.7
ED-0040,737,12:17,156.3,155.4,166.6,159.8,164.6,154.0,167.0,165.8,163.7,165.0,160.7,158.1
ED-0040,738,12:18,156.4,156.7,166.3,160.7,164.4,155.9,167.5,165.0,163.7,165.0,161.8,157.3
ED-0040,739,12:19,157.3,155.9,168.1,159.5,164.0,155.1,167.6,164.3,163.4,165.4,161.6,157.7
ED-0040,740,12:20,156.7,157.3,166.8,160.2,164.7,155.0,166.9,166.8,163.7,165.2,161.4,157.1
ED-0040,741,12:21,157.0,156.7,166.6,160.1,164.3,155.0,167.3,166.2,163.3,165.1,162.0,157.6
ED-0040,742,12:22,157.7,156.3,167.3,159.9,164.7,155.5,167.2,164.8,164.4,165.5,161.5,157.6
ED-0040,743,12:23,157.2,156.3,167.2,159.8,165.3,155.8,166.9,167.1,164.3,165.8,161.7,156.9
ED-0040,744,12:24,157.2,157.3,167.3,160.6,164.4,156.3,167.5,166.7,164.9,165.3,161.8,158.9
ED-0040,745,12:25,157.4,157.1,167.7,159.7,165.6,155.1,167.8,165.9,164.0,165.7,161.5,157.6
ED-0040,746,12:26,157.0,156.9,168.4,160.2,164.5,156.6,167.4,167.0,165.2,165.9,162.8,157.9
ED-0040,747,12:27,157.4,157.3,167.1,160.5,165.9,156.9,169.2,167.0,164.8,165.8,162.4,159.7
ED-0040,748,12:28,157.2,156.5,166.7,160.4,165.6,156.5,168.9,166.3,164.2,166.4,163.3,158.5
ED-0040,749,12:29,157.0,156.9,168.2,161.4,165.5,156.2,168.2,166.8,165.0,165.5,162.7,159.6
ED-0040,750,12:30,157.8,157.0,168.0,159.9,165.8,156.8,168.2,167.2,164.2,165.9,161.8,159.6
ED-0040,751,12:31,157.8,158.1,168.3,162.0,165.6,156.4,168.0,166.5,164.6,166.2,163.1,159.0
ED-0040,752,12:32,157.8,157.0,167.8,161.0,165.3,156.7,167.7,166.4,164.3,165.9,163.0,160.0
ED-0040,753,12:33,157.4,157.7,168.3,161.1,165.8,156.0,169.1,166.5,166.1,167.4,163.5,158.3
ED-0040,754,12:34,157.9,157.3,168.5,161.7,166.0,156.2,168.4,166.2,165.4,165.9,162.9,159.5
ED-0040,755,12:35,158.5,157.6,167.5,161.0,165.9,156.7,168.5,166.7,165.3,166.5,162.4,160.1
ED-0040,756,12:36,157.8,156.0,169.1,162.4,165.5,158.3,168.6,167.5,166.1,166.3,163.5,159.6
ED-0040,757,12:37,158.1,157.6,168.9,161.3,166.7,158.7,169.0,167.3,166.1,166.8,164.0,159.6
ED-0040,758,12:38,158.7,157.8,168.6,161.7,167.0,157.5,170.1,167.3,166.2,166.3,163.4,160.1
ED-0040,759,12:39,157.5,157.1,169.1,162.4,166.7,156.2,169.0,166.6,165.1,166.9,163.5,159.7
ED-0040,760,12:40,158.7,158.3,168.4,160.7,166.5,158.1,169.7,167.8,166.0,167.0,163.6,160.8
ED-0040,761,12:41,158.6,158.2,169.4,161.3,165.9,157.9,168.8,168.5,165.8,167.5,163.1,161.1
ED-0040,762,12:42,158.9,158.1,168.8,162.7,166.3,157.4,169.8,166.8,166.0,167.1,164.1,160.9
ED-0040,763,12:43,159.3,158.2,169.7,161.8,166.8,157.6,169.9,167.4,166.7,167.3,164.0,161.1
ED-0040,764,12:44,158.7,159.3,169.7,162.4,167.7,157.6,169.4,168.6,166.6,167.7,163.1,160.2
ED-0040,765,12:45,159.5,158.4,170.1,162.3,166.0,157.9,170.5,168.2,166.8,166.7,163.7,160.0
ED-0040,766,12:46,158.6,158.3,168.2,162.8,167.2,158.7,169.3,168.6,167.2,167.3,164.3,161.3
ED-0040,767,12:47,159.6,158.5,169.9,162.5,167.3,158.3,170.3,168.6,165.9,168.3,164.0,160.3
ED-0040,768,12:48,159.8,159.0,169.5,162.8,167.3,158.1,171.0,168.3,166.4,168.7,165.0,160.7
ED-0040,769,12:49,158.8,158.5,169.9,163.0,167.5,158.6,169.8,167.9,166.3,168.3,163.3,160.8
ED-0040,770,12:50,159.4,160.2,169.5,162.0,167.7,158.3,169.5,168.8,167.2,167.6,164.1,160.6
ED-0040,771,12:51,159.3,158.7,170.4,162.2,166.8,158.8,170.2,169.0,167.3,168.5,164.4,161.2
ED-0040,772,12:52,159.9,158.4,170.5,163.3,168.3,158.9,170.5,169.3,167.4,168.0,164.0,161.0
ED-0040,773,12:53,159.6,158.3,169.7,161.6,168.1,158.1,170.7,169.4,167.8,168.5,165.1,161.0
ED-0040,774,12:54,159.7,158.7,171.0,163.3,168.0,159.4,169.8,169.7,167.5,168.8,165.1,161.2
ED-0040,775,12:55,159.8,159.5,170.6,163.1,168.6,158.5,170.3,169.1,167.0,168.7,165.3,161.6
ED-0040,776,12:56,160.8,159.2,170.4,164.0,168.0,159.6,170.9,168.6,167.1,168.5,165.1,161.4
ED-0040,777,12:57,160.5,159.3,170.6,163.3,168.7,158.7,171.3,170.3,167.6,169.7,165.5,160.9
ED-0040,778,12:58,160.1,160.2,170.1,163.1,168.1,159.0,170.7,169.3,167.8,169.1,165.8,160.8
ED-0040,779,12:59,160.4,158.5,170.2,162.6,168.0,159.1,171.2,170.0,167.3,168.2,165.1,161.8
ED-0040,780,13:00,160.6,159.6,170.7,163.6,169.1,158.4,171.4,169.5,167.9,170.1,165.4,162.1
ED-0040,781,13:01,160.2,159.5,170.2,163.9,169.4,159.2,171.6,169.8,168.0,169.3,165.8,161.5
ED-0040,782,13:02,160.5,159.4,171.5,162.4,167.8,159.9,171.8,170.1,167.6,169.3,164.9,162.1
ED-0040,783,13:03,161.3,161.1,171.1,164.2,168.4,159.4,171.7,169.4,168.5,169.8,166.2,162.5
ED-0040,784,13:04,159.7,160.8,171.3,164.0,170.2,159.2,171.6,170.2,168.8,169.3,165.7,162.3
ED-0040,785,13:05,161.2,159.9,171.3,163.5,169.0,159.4,171.9,169.6,167.6,168.7,167.0,162.9
ED-0040,786,13:06,160.8,160.5,171.6,164.3,169.2,159.3,172.3,169.7,167.5,169.8,165.5,162.3
ED-0040,787,13:07,160.4,160.4,171.1,163.5,170.1,159.9,172.0,169.9,169.5,169.8,166.2,163.0
ED-0040,788,13:08,160.3,159.6,170.9,163.9,169.5,160.0,172.6,170.4,168.8,169.7,166.6,161.7
ED-0040,789,13:09,160.7,160.4,170.6,164.7,169.4,160.2,172.4,170.0,168.2,170.5,166.8,162.6
ED-0040,790,13:10,160.3,160.1,172.3,164.7,170.3,160.4,172.2,171.3,168.4,169.0,166.6,161.3
ED-0040,791,13:11,160.7,160.8,171.2,165.1,170.5,160.0,171.5,170.7,168.5,169.7,166.4,162.8
ED-0040,792,13:12,161.0,161.3,171.4,164.1,169.7,160.4,172.6,170.0,168.8,170.0,165.8,162.9
ED-0040,793,13:13,161.6,160.7,172.9,164.1,170.9,160.9,173.3,171.1,170.0,170.7,165.9,162.4
ED-0040,794,13:14,161.0,160.5,171.3,164.7,170.5,160.3,172.8,172.0,169.8,170.1,168.0,162.3
ED-0040,795,13:15,161.8,162.2,172.2,164.8,170.1,160.5,172.9,171.0,170.3,170.0,167.0,162.9
ED-0040,796,13:16,162.2,161.4,172.0,165.6,170.7,161.5,172.1,170.6,169.5,171.0,167.3,162.5
ED-0040,797,13:17,161.1,161.0,172.2,165.5,169.8,161.7,172.3,170.7,169.3,169.8,166.9,162.8
ED-0040,798,13:18,162.9,161.8,172.1,164.9,170.3,161.0,174.1,171.2,169.8,170.9,167.2,163.7
ED-0040,799,13:19,162.8,161.8,172.8,165.4,170.0,161.6,173.6,171.1,169.4,170.5,166.3,162.8
ED-0040,800,13:20,162.8,162.2,172.6,165.1,170.7,162.9,173.6,171.6,169.7,171.4,167.2,163.0
ED-0040,801,13:21,162.9,161.7,173.1,165.0,170.3,160.6,172.9,171.9,168.9,170.9,167.0,163.5
ED-0040,802,13:22,162.0,161.9,173.2,166.9,170.4,161.8,173.7,170.8,169.9,170.6,167.6,163.9
ED-0040,803,13:23,162.2,161.2,172.7,164.8,171.0,161.6,173.1,171.8,169.8,171.3,168.0,164.4
ED-0040,804,13:24,162.5,161.5,173.5,165.0,170.6,161.8,173.6,171.9,170.4,171.2,167.3,163.3
ED-0040,805,13:25,162.5,161.7,172.3,165.3,171.0,161.9,173.3,172.1,169.3,170.9,168.1,164.1
ED-0040,806,13:26,162.9,163.3,172.8,166.0,170.7,162.4,174.3,172.7,171.0,171.4,168.0,163.7
ED-0040,807,13:27,163.0,162.0,172.2,166.1,170.4,161.3,175.1,173.7,170.9,171.2,168.0,164.5
ED-0040,808,13:28,161.8,162.7,172.9,166.0,171.2,161.9,173.9,172.8,170.3,172.1,168.0,164.0
ED-0040,809,13:29,163.0,162.1,173.0,165.8,171.4,162.3,174.2,172.3,171.2,171.5,168.4,164.1
ED-0040,810,13:30,163.3,162.5,173.1,166.0,171.1,162.9,174.4,171.9,170.9,170.9,168.2,164.9
ED-0040,811,13:31,162.7,162.8,174.0,165.2,171.3,161.8,174.3,172.5,171.1,170.8,168.6,164.4
ED-0040,812,13:32,162.8,162.4,173.1,166.3,171.7,161.8,174.0,172.2,170.0,171.8,167.9,164.1
ED-0040,813,13:33,163.4,163.5,173.1,165.9,170.9,161.6,173.8,172.6,170.9,171.7,167.9,164.4
ED-0040,814,13:34,163.2,162.7,174.3,165.7,171.8,163.1,173.7,173.3,171.8,171.5,168.2,165.2
ED-0040,815,13:35,163.6,163.4,174.3,167.8,172.0,162.8,174.6,172.4,171.8,172.0,168.7,164.6
ED-0040,816,13:36,163.2,163.1,172.8,166.5,172.7,162.8,174.8,173.0,171.5,173.0,167.7,164.8
ED-0040,817,13:37,164.5,163.0,174.0,167.4,171.5,162.9,175.2,172.5,170.6,172.3,168.3,164.9
ED-0040,818,13:38,164.8,163.0,174.6,166.8,172.8,162.7,176.1,172.6,171.4,172.6,168.2,165.4
ED-0040,819,13:39,163.4,162.8,174.6,166.8,172.9,163.2,174.9,173.1,171.4,172.8,168.5,165.3
ED-0040,820,13:40,163.5,163.3,174.5,167.3,171.9,162.8,175.1,174.0,171.8,171.7,168.8,165.0
ED-0040,821,13:41,163.2,162.3,174.2,167.1,172.0,163.0,174.9,173.0,171.2,172.5,168.8,165.6
ED-0040,822,13:42,164.6,162.9,174.7,167.8,172.5,162.9,175.5,173.0,171.5,171.6,168.2,165.8
ED-0040,823,13:43,164.4,162.9,174.5,167.0,172.8,162.2,174.7,172.9,170.8,174.3,169.6,165.2
ED-0040,824,13:44,165.2,163.2,173.7,167.2,172.1,162.3,175.1,173.5,171.3,173.1,168.0,165.4
ED-0040,825,13:45,165.0,163.4,174.5,167.5,172.8,163.0,175.7,173.2,172.6,173.4,168.7,166.7
ED-0040,826,13:46,164.0,162.3,174.5,167.1,173.3,163.0,175.5,173.7,172.3,172.9,170.0,165.8
ED-0040,827,13:47,164.3,163.9,174.9,168.2,173.2,163.8,176.1,174.8,172.5,172.4,169.2,165.0
ED-0040,828,13:48,164.1,163.6,174.5,167.6,172.8,162.4,176.4,173.9,173.3,173.9,169.4,166.1
ED-0040,829,13:49,164.4,163.8,176.4,167.1,173.3,163.5,176.2,174.3,172.3,173.1,170.0,166.0
ED-0040,830,13:50,163.8,163.5,174.7,168.0,173.0,163.8,176.3,174.3,172.0,174.6,169.2,165.9
ED-0040,831,13:51,164.5,164.0,174.7,168.3,173.8,164.5,175.3,174.7,172.9,173.4,170.6,166.0
ED-0040,832,13:52,164.6,164.0,175.1,167.5,173.7,164.4,175.4,174.3,172.1,172.8,169.9,167.0
ED-0040,833,13:53,165.2,164.4,175.0,168.5,173.2,164.0,176.8,173.9,171.7,173.7,170.3,166.4
ED-0040,834,13:54,164.9,164.0,175.6,169.0,173.3,163.6,177.3,174.6,173.3,173.3,170.0,166.2
ED-0040,835,13:55,165.3,164.0,175.6,168.9,172.7,163.7,177.3,174.6,173.3,174.1,169.7,165.8
ED-0040,836,13:56,165.2,163.9,175.4,168.6,173.7,164.4,176.6,174.9,172.8,173.1,170.2,166.4
ED-0040,837,13:57,164.0,164.0,175.9,168.4,173.8,164.0,176.5,174.6,173.3,174.2,170.2,167.0
ED-0040,838,13:58,165.1,164.0,175.7,168.8,174.1,164.0,176.1,174.4,172.9,173.1,170.5,166.3
ED-0040,839,13:59,165.0,164.1,174.7,167.9,173.8,164.7,176.8,174.6,172.5,173.8,171.1,166.0
ED-0040,840,14:00,165.4,164.7,176.7,168.3,174.1,164.5,176.5,174.6,173.0,174.1,170.8,166.7
ED-0040,841,14:01,165.1,164.9,175.1,168.5,174.5,164.6,177.4,175.0,173.2,175.0,171.0,167.4
ED-0040,842,14:02,166.3,165.7,175.8,168.5,174.4,164.4,177.4,173.6,173.9,174.4,170.2,166.6
ED-0040,843,14:03,165.5,164.3,175.9,169.9,174.3,164.9,176.5,176.5,172.9,174.8,170.1,166.9
ED-0040,844,14:04,165.6,164.3,175.7,169.4,175.6,165.5,178.2,175.1,173.8,174.8,169.9,167.4
ED-0040,845,14:05,165.7,165.2,176.7,169.0,174.1,165.2,176.2,174.8,173.6,174.0,170.7,167.5
ED-0040,846,14:06,166.4,165.2,176.2,168.9,174.6,165.0,177.8,174.4,173.5,174.5,170.0,166.4
ED-0040,847,14:07,165.2,165.3,177.0,169.2,174.1,165.0,178.1,175.9,173.5,175.1,170.8,167.1
ED-0040,848,14:08,165.4,165.5,177.3,169.0,174.4,165.6,177.2,174.9,173.4,174.4,171.2,167.9
ED-0040,849,14:09,165.3,166.0,176.6,169.8,175.4,165.5,178.0,176.5,173.8,174.8,171.5,168.9
ED-0040,850,14:10,165.9,165.5,177.2,168.9,174.1,166.1,177.8,176.4,174.0,174.7,171.4,167.1
ED-0040,851,14:11,165.9,165.0,176.6,168.6,174.0,164.9,177.6,176.6,174.0,174.9,171.8,168.0
ED-0040,852,14:12,165.9,166.1,177.5,170.5,175.7,165.4,177.5,176.0,173.7,175.0,171.3,166.7
ED-0040,853,14:13,166.8,165.9,176.8,170.3,176.2,165.3,177.1,176.9,174.8,174.5,172.3,167.9
ED-0040,854,14:14,166.6,165.4,177.2,170.9,175.4,166.0,177.5,176.4,174.6,174.8,171.7,168.0
ED-0040,855,14:15,166.1,166.2,177.0,169.7,175.8,165.4,178.4,177.0,174.2,175.2,172.3,167.7
ED-0040,856,14:16,167.6,165.6,177.3,170.2,175.1,165.8,178.3,175.9,174.5,174.6,171.8,168.0
ED-0040,857,14:17,167.4,166.2,178.2,169.3,176.5,165.6,178.3,177.0,174.0,175.1,171.5,168.4
ED-0040,858,14:18,167.5,165.4,177.4,169.9,175.8,166.6,178.0,176.8,174.7,175.0,171.9,168.2
ED-0040,859,14:19,166.6,165.6,177.4,169.6,176.2,166.7,178.3,177.0,174.3,176.5,171.3,168.6
ED-0040,860,14:20,167.3,166.0,179.0,170.9,175.9,166.3,177.9,176.9,174.9,176.1,171.8,169.5
ED-0040,861,14:21,167.5,166.8,177.0,170.1,175.7,166.2,178.5,177.6,174.8,175.4,173.7,168.7
ED-0040,862,14:22,167.0,165.5,178.1,170.4,175.7,166.7,177.7,177.9,174.8,175.3,172.3,168.8
ED-0040,863,14:23,167.3,166.8,178.0,170.2,175.6,166.7,180.4,176.1,175.4,175.9,172.4,168.2
ED-0040,864,14:24,167.7,166.3,178.6,170.5,176.6,166.3,179.2,176.7,175.6,176.2,172.1,168.3
ED-0040,865,14:25,167.0,167.1,178.2,170.3,176.5,166.5,178.7,177.5,174.6,175.8,172.4,168.8
ED-0040,866,14:26,167.3,166.6,178.2,170.3,176.1,166.8,179.5,177.2,174.9,176.0,172.8,168.9
ED-0040,867,14:27,167.3,167.4,177.2,171.2,175.8,166.5,179.3,177.1,175.1,175.8,173.0,168.2
ED-0040,868,14:28,166.7,167.3,178.4,170.9,176.5,167.2,179.4,177.8,175.4,176.3,172.0,168.8
ED-0040,869,14:29,167.8,167.6,179.0,170.1,176.8,167.0,179.6,177.9,176.0,175.9,173.5,169.6
ED-0040,870,14:30,168.7,168.0,179.2,170.8,176.0,167.1,180.0,178.2,175.0,176.0,173.7,169.5
ED-0040,871,14:31,167.3,167.6,178.3,170.9,176.5,167.5,179.7,177.9,176.3,175.3,173.2,169.7
ED-0040,872,14:32,166.9,167.3,179.9,169.9,176.1,167.2,179.7,178.5,174.8,176.4,172.7,169.5
ED-0040,873,14:33,167.8,167.0,178.1,171.9,177.0,167.7,179.1,178.5,175.4,176.1,173.6,169.8
ED-0040,874,14:34,167.4,166.9,179.6,170.4,176.5,168.0,178.5,177.1,175.8,175.4,173.2,169.5
ED-0040,875,14:35,168.6,167.1,179.4,171.9,177.2,168.0,179.7,177.2,175.3,177.1,173.4,170.8
ED-0040,876,14:36,168.1,167.3,179.3,171.7,177.6,167.1,180.2,178.4,176.0,176.4,174.0,169.3
ED-0040,877,14:37,168.7,167.8,179.2,172.4,176.7,167.4,179.4,178.2,175.9,177.9,173.6,169.8
ED-0040,878,14:38,167.6,168.1,178.8,172.0,177.5,167.5,180.1,178.5,176.2,176.9,173.9,170.5
ED-0040,879,14:39,169.2,166.9,178.6,171.7,177.2,168.2,179.9,177.7,175.9,177.1,174.0,170.1
ED-0040,880,14:40,168.5,168.6,179.0,172.6,177.2,167.5,180.4,178.0,175.8,177.7,173.3,169.6
ED-0040,881,14:41,169.1,167.8,179.2,171.6,178.0,168.0,180.5,178.9,176.2,176.9,174.2,171.3
ED-0040,882,14:42,168.5,167.3,179.7,172.4,177.9,168.2,180.4,177.7,176.2,177.6,174.0,170.3
ED-0040,883,14:43,167.7,167.3,179.5,172.5,178.1,169.2,181.6,179.6,176.0,178.2,174.3,169.7
ED-0040,884,14:44,169.0,168.3,178.9,171.5,178.0,168.0,180.8,178.6,177.1,177.3,173.6,170.5
ED-0040,885,14:45,168.5,168.2,179.6,171.2,178.7,168.8,180.5,178.9,176.9,176.9,173.8,170.4
ED-0040,886,14:46,168.9,167.5,180.2,173.4,178.3,168.6,180.1,179.3,177.5,177.6,173.6,171.2
ED-0040,887,14:47,169.7,168.8,178.9,171.2,178.1,169.2,181.2,178.8,176.3,178.0,174.9,170.0
ED-0040,888,14:48,169.6,168.1,179.0,172.4,178.0,169.9,180.5,179.3,176.9,178.8,173.8,169.6
ED-0040,889,14:49,169.2,167.4,179.5,171.7,178.3,169.0,181.5,180.5,176.1,178.2,175.1,171.4
ED-0040,890,14:50,168.9,168.1,180.4,172.7,179.0,168.8,181.4,178.8,177.6,177.9,174.6,170.3
ED-0040,891,14:51,168.1,169.4,179.3,172.6,178.7,169.4,181.5,179.6,176.7,178.5,174.2,171.8
ED-0040,892,14:52,169.1,169.4,180.6,173.0,178.1,168.7,181.0,179.4,176.7,178.5,175.4,171.4
ED-0040,893,14:53,169.4,168.9,180.4,173.1,178.4,169.0,181.2,180.1,177.3,177.4,174.0,171.1
ED-0040,894,14:54,169.0,168.6,179.7,173.1,178.6,169.8,181.4,180.2,177.2,177.8,174.5,171.2
ED-0040,895,14:55,169.9,168.9,180.5,172.3,177.1,169.8,182.5,180.5,177.1,177.6,175.9,171.0
ED-0040,896,14:56,169.7,169.4,180.0,173.4,178.5,168.8,182.0,180.0,177.4,178.7,175.2,170.7
ED-0040,897,14:57,169.9,168.8,179.9,172.3,178.9,169.1,182.3,180.9,178.2,178.0,174.5,171.4
ED-0040,898,14:58,169.7,169.0,180.4,173.5,178.8,168.8,181.7,180.0,177.3,179.4,174.6,172.0
ED-0040,899,14:59,170.5,170.2,180.7,172.8,179.4,169.3,181.7,180.7,177.8,177.2,174.7,171.9
ED-0040,900,15:00,169.7,169.1,180.5,173.1,179.4,169.1,182.1,180.3,177.8,178.4,175.2,171.9
ED-0040,901,15:01,170.2,169.4,180.8,173.2,179.0,170.1,182.2,179.9,177.0,179.7,174.7,171.8
ED-0040,902,15:02,170.3,169.4,181.0,173.8,179.6,169.2,181.8,180.0,177.6,178.5,176.3,172.0
ED-0040,903,15:03,170.5,169.9,181.3,173.1,179.2,170.2,182.4,180.2,177.6,179.3,175.5,172.7
ED-0040,904,15:04,170.5,169.8,181.2,173.0,179.1,171.3,181.6,180.4,178.8,178.4,175.9,171.6
ED-0040,905,15:05,170.6,170.1,181.3,172.9,180.2,169.3,182.2,179.8,177.6,178.8,175.9,171.9
ED-0040,906,15:06,170.3,169.8,181.2,173.7,179.5,170.2,182.6,180.1,177.8,178.5,176.0,172.6
ED-0040,907,15:07,170.4,168.6,180.9,173.2,180.1,170.0,182.8,180.5,178.8,179.5,175.8,172.2
ED-0040,908,15:08,169.9,169.5,181.6,173.2,179.6,170.8,182.3,180.9,178.3,178.6,174.9,171.7
ED-0040,909,15:09,170.9,170.4,181.7,173.8,180.2,171.0,182.7,180.3,178.9,179.0,175.9,171.8
ED-0040,910,15:10,170.6,170.4,181.2,173.8,180.1,170.7,182.7,180.9,178.7,178.9,177.1,173.0
ED-0040,911,15:11,171.0,170.2,181.9,173.1,179.8,170.8,183.0,181.0,179.4,179.7,176.3,173.6
ED-0040,912,15:12,171.0,170.0,181.8,173.4,179.4,169.8,183.2,181.2,178.5,179.4,175.7,172.3
ED-0040,913,15:13,171.2,170.4,181.8,173.0,178.8,170.7,183.2,181.9,178.1,180.3,176.1,172.9
ED-0040,914,15:14,170.9,170.1,181.4,174.1,180.1,171.7,183.1,181.7,178.2,179.3,176.2,172.8
ED-0040,915,15:15,171.8,169.7,182.1,174.1,179.9,170.5,182.0,181.0,179.0,180.0,175.9,172.6
ED-0040,916,15:16,170.7,170.9,182.2,174.9,180.5,171.1,183.3,181.8,179.3,180.2,174.9,172.4
ED-0040,917,15:17,171.8,170.9,182.2,175.2,180.2,171.3,183.1,181.6,179.1,180.1,176.6,172.9
ED-0040,918,15:18,171.1,171.4,182.7,174.0,181.4,170.7,183.7,181.2,179.7,180.0,176.6,173.4
ED-0040,919,15:19,171.5,170.5,182.6,174.8,180.8,171.2,184.0,181.9,178.6,180.3,175.7,172.8
ED-0040,920,15:20,171.6,169.9,181.7,175.0,179.4,170.3,184.0,181.8,178.4,179.5,176.9,171.9
ED-0040,921,15:21,170.9,171.2,182.6,175.1,180.8,171.4,183.4,182.0,179.9,180.7,176.6,173.4
ED-0040,922,15:22,171.8,171.2,182.4,174.0,180.6,171.0,183.7,182.3,179.5,179.9,176.7,173.7
ED-0040,923,15:23,171.6,171.3,182.8,174.3,181.0,171.1,183.8,182.2,179.4,179.3,177.0,173.3
ED-0040,924,15:24,171.4,171.3,181.8,175.0,181.2,171.3,184.3,182.3,179.3,181.1,177.6,173.7
ED-0040,925,15:25,172.1,171.2,183.8,175.2,181.0,171.7,184.2,182.0,180.7,179.8,176.9,173.4
ED-0040,926,15:26,172.1,171.2,183.8,173.9,181.4,171.3,183.8,181.8,179.6,181.1,177.1,172.9
ED-0040,927,15:27,172.3,171.0,182.8,175.3,181.8,172.3,185.4,181.8,179.8,181.2,176.4,173.5
ED-0040,928,15:28,172.8,171.2,182.4,176.0,181.7,172.1,183.6,181.6,179.5,179.9,176.9,173.4
ED-0040,929,15:29,172.3,171.4,183.2,175.9,181.4,171.5,184.3,182.9,179.4,180.6,177.2,173.9
ED-0040,930,15:30,172.6,171.2,182.9,175.3,182.1,171.4,184.9,182.5,179.4,180.8,177.1,174.0
ED-0040,931,15:31,171.7,172.1,183.1,175.3,181.2,172.0,184.8,183.5,180.0,181.6,177.4,173.9
ED-0040,932,15:32,172.6,170.8,182.1,174.7,181.3,172.2,184.8,183.3,179.5,180.6,177.2,173.7
ED-0040,933,15:33,172.9,171.5,182.8,175.1,181.7,171.8,185.1,183.0,180.3,180.5,176.8,173.1
ED-0040,934,15:34,172.7,172.2,184.0,174.9,181.3,172.8,184.4,183.6,180.7,181.3,176.7,173.7
ED-0040,935,15:35,172.6,172.0,183.4,175.7,182.4,172.4,184.7,183.1,179.7,181.1,177.1,173.7
ED-0040,936,15:36,172.6,171.9,182.4,175.3,181.1,172.4,184.4,183.6,179.3,181.8,178.0,173.7
ED-0040,937,15:37,173.0,171.6,183.4,175.4,181.3,171.6,184.5,182.3,181.0,182.4,177.6,174.7
ED-0040,938,15:38,172.4,171.5,184.0,175.8,181.5,172.8,184.5,183.6,180.2,182.1,178.5,174.1
ED-0040,939,15:39,173.1,172.0,184.0,175.2,182.3,172.8,184.9,183.4,180.6,180.9,178.6,174.0
ED-0040,940,15:40,172.9,172.6,183.1,175.7,181.6,172.7,185.1,183.5,180.4,181.6,178.0,175.0
ED-0040,941,15:41,172.8,172.4,185.0,176.1,182.6,171.9,184.5,183.2,180.6,182.1,178.2,173.9
ED-0040,942,15:42,173.6,173.8,183.1,176.1,183.2,172.2,186.8,182.7,181.4,182.0,179.1,175.2
ED-0040,943,15:43,173.6,172.1,184.2,175.8,182.3,172.8,185.7,183.9,181.7,181.6,177.3,175.1
ED-0040,944,15:44,174.0,173.3,183.8,176.5,182.2,172.3,184.8,183.9,182.4,181.8,178.8,175.0
ED-0040,945,15:45,173.3,171.9,184.5,175.8,182.0,172.9,185.6,183.7,180.8,181.9,178.6,175.4
ED-0040,946,15:46,173.0,172.3,184.4,175.1,182.6,172.3,185.1,184.6,180.7,181.7,178.3,175.2
ED-0040,947,15:47,173.9,171.8,184.7,176.2,182.6,172.6,185.1,183.3,181.5,181.9,178.2,175.4
ED-0040,948,15:48,173.0,172.4,183.6,176.6,182.8,173.0,185.6,183.4,181.3,181.2,178.6,174.9
ED-0040,949,15:49,173.3,172.3,184.2,176.0,182.6,172.9,186.6,184.1,180.7,181.6,178.5,175.5
ED-0040,950,15:50,173.9,173.2,184.3,176.7,182.9,173.5,186.6,183.1,181.4,183.0,178.8,175.5
ED-0040,951,15:51,174.2,173.3,184.2,177.0,182.8,173.0,185.3,184.3,181.4,182.1,179.2,175.1
ED-0040,952,15:52,174.1,173.0,184.7,177.0,182.9,172.6,185.6,184.0,180.9,182.6,179.1,174.9
ED-0040,953,15:53,173.4,172.9,184.4,176.1,184.2,173.7,186.9,184.6,180.8,182.6,179.2,175.7
ED-0040,954,15:54,173.6,172.6,184.0,176.9,183.3,173.5,185.9,184.7,182.0,182.7,179.0,175.1
ED-0040,955,15:55,174.1,173.6,183.9,176.5,183.4,173.8,186.7,184.0,181.7,183.6,179.2,175.4
ED-0040,956,15:56,174.0,174.1,185.1,177.3,183.7,174.0,186.7,183.5,181.4,182.7,178.5,175.3
ED-0040,957,15:57,173.3,172.7,185.3,176.9,183.9,173.0,186.8,184.7,181.6,182.9,179.2,175.6
ED-0040,958,15:58,174.9,173.4,186.2,176.9,183.7,173.5,186.8,184.0,181.7,182.9,179.1,175.4
ED-0040,959,15:59,173.7,173.3,184.4,177.2,183.6,173.8,186.8,185.2,182.3,183.6,179.4,176.7
ED-0040,960,16:00,174.6,173.0,185.4,176.6,183.2,173.9,186.8,185.0,182.3,182.9,178.5,175.9
ED-0040,961,16:01,175.3,173.7,185.3,177.2,183.7,173.7,186.0,185.0,183.0,183.1,180.1,175.6
ED-0040,962,16:02,174.6,173.7,185.0,176.6,184.4,173.9,187.9,185.3,181.6,183.7,179.7,175.9
ED-0040,963,16:03,174.5,173.9,185.9,177.7,184.4,174.5,187.4,184.4,182.3,182.2,179.3,175.9
ED-0040,964,16:04,174.5,173.6,185.9,178.2,184.5,173.9,187.1,184.7,182.0,183.0,180.1,175.6
ED-0040,965,16:05,174.5,173.6,185.4,178.5,184.6,174.0,187.3,185.3,182.6,182.6,179.5,176.8
ED-0040,966,16:06,174.9,172.8,184.9,178.3,183.9,174.6,186.6,184.9,182.3,182.8,180.0,175.9
ED-0040,967,16:07,174.6,173.2,185.3,177.7,184.4,174.8,187.9,184.8,182.4,183.5,179.6,176.3
ED-0040,968,16:08,174.3,174.6,184.9,178.0,184.5,174.8,187.0,185.6,182.0,183.1,180.4,176.0
ED-0040,969,16:09,175.1,173.3,185.5,178.3,184.0,174.0,188.3,185.6,182.3,183.9,179.0,176.3
ED-0040,970,16:10,175.0,174.0,185.0,177.5,185.1,174.0,187.8,186.6,182.9,184.1,180.1,177.1
ED-0040,971,16:11,175.2,174.0,185.2,178.1,184.7,174.9,188.0,185.7,182.9,184.2,180.8,177.3
ED-0040,972,16:12,174.7,174.1,186.8,177.3,184.5,174.3,188.2,185.7,183.4,184.3,180.4,177.0
ED-0040,973,16:13,175.0,174.2,187.3,177.7,185.8,174.9,187.1,185.0,181.8,183.7,180.2,176.1
ED-0040,974,16:14,175.3,174.5,186.6,178.2,186.5,174.6,186.7,185.5,182.2,184.3,180.4,176.4
ED-0040,975,16:15,175.9,175.0,186.7,177.6,185.0,175.0,187.6,185.8,183.6,184.3,180.4,176.3
ED-0040,976,16:16,176.9,174.8,187.4,178.2,185.0,174.8,188.0,185.0,182.5,184.7,180.8,176.7
ED-0040,977,16:17,175.8,174.5,187.6,179.0,184.8,175.0,188.4,185.4,183.5,184.3,180.5,177.4
ED-0040,978,16:18,175.9,174.6,186.0,178.2,184.6,174.9,187.6,185.7,182.5,183.4,181.1,177.2
ED-0040,979,16:19,176.5,174.4,186.4,178.9,185.6,174.1,187.4,186.8,184.0,184.8,180.3,176.3
ED-0040,980,16:20,175.9,174.8,186.8,178.9,185.5,174.9,188.2,186.4,182.8,184.7,180.7,177.4
ED-0040,981,16:21,175.5,174.8,185.8,178.4,185.5,176.7,188.2,187.0,183.0,184.2,181.2,177.1
ED-0040,982,16:22,176.0,174.2,186.7,178.4,185.6,175.8,188.7,185.5,184.0,184.8,180.4,177.4
ED-0040,983,16:23,175.5,175.4,186.1,179.2,185.9,175.9,187.3,186.7,184.4,184.9,180.5,177.7
ED-0040,984,16:24,176.6,175.0,187.3,178.4,185.1,176.2,188.0,186.0,184.3,184.5,179.5,177.5
ED-0040,985,16:25,177.0,175.1,186.7,178.9,185.6,176.2,189.5,186.5,184.2,184.0,181.6,177.3
ED-0040,986,16:26,176.5,174.7,186.8,178.9,186.2,175.3,189.1,186.5,183.8,185.5,181.3,177.6
ED-0040,987,16:27,176.1,175.9,186.4,179.5,185.2,176.3,189.6,186.6,183.0,184.2,181.4,177.9
ED-0040,988,16:28,175.2,175.5,187.2,178.6,186.1,176.0,189.3,186.9,184.2,185.1,181.4,177.4
ED-0040,989,16:29,176.1,175.3,187.4,178.8,185.6,175.6,189.0,186.5,184.2,184.0,181.0,177.4
ED-0040,990,16:30,175.7,175.1,187.1,180.2,185.9,175.6,188.1,186.9,184.9,185.0,181.0,177.8
ED-0040,991,16:31,176.5,175.7,187.9,180.0,186.7,175.3,189.1,187.7,183.9,185.5,182.3,178.7
ED-0040,992,16:32,176.6,175.7,186.0,179.5,186.6,175.7,188.8,187.1,185.2,185.2,181.0,178.4
ED-0040,993,16:33,177.1,175.0,187.1,179.8,187.1,176.0,188.6,187.4,185.0,185.3,181.4,178.2
ED-0040,994,16:34,176.5,175.5,186.9,179.6,186.2,175.7,188.8,187.0,184.6,184.8,181.4,178.7
ED-0040,995,16:35,176.9,176.0,187.9,180.1,186.2,175.2,189.6,186.3,184.1,185.2,181.8,178.4
ED-0040,996,16:36,176.0,174.8,187.7,179.0,186.0,176.1,188.6,186.8,184.0,185.3,182.5,178.9
ED-0040,997,16:37,177.4,175.1,188.1,179.7,186.9,177.1,189.7,187.8,185.2,184.9,181.6,178.1
ED-0040,998,16:38,176.9,176.9,187.5,180.5,187.0,176.7,189.5,187.0,184.4,185.2,181.8,178.1
ED-0040,999,16:39,177.6,175.3,187.1,179.8,186.4,176.1,189.4,187.5,184.6,185.9,182.1,177.7
ED-0040,1000,16:40,176.6,176.1,188.1,180.1,186.1,176.3,190.2,188.0,184.4,186.0,181.0,177.5
ED-0040,1001,16:41,177.4,176.5,187.4,181.3,187.0,176.6,189.3,188.2,185.7,185.1,181.4,178.8
ED-0040,1002,16:42,177.9,176.3,187.7,179.6,186.7,176.5,189.4,187.5,185.5,185.5,182.2,179.0
ED-0040,1003,16:43,176.9,175.7,188.2,179.8,186.3,176.4,189.7,187.5,184.9,186.1,181.1,178.6
ED-0040,1004,16:44,177.3,176.3,188.2,179.2,187.5,177.1,189.1,187.8,184.7,186.1,182.2,178.5
ED-0040,1005,16:45,176.9,177.2,188.4,180.5,187.9,177.1,190.7,189.3,185.0,185.5,182.5,178.7
ED-0040,1006,16:46,177.4,176.4,189.4,180.7,186.7,177.5,190.2,188.4,185.1,186.5,182.9,179.6
ED-0040,1007,16:47,177.4,176.6,188.1,180.8,186.9,176.9,189.9,188.8,185.4,186.3,182.9,179.7
ED-0040,1008,16:48,177.3,176.9,188.3,179.8,188.2,177.0,190.8,187.7,185.3,186.0,182.5,179.4
ED-0040,1009,16:49,177.6,177.4,188.0,179.9,187.0,177.2,190.3,187.6,185.4,187.0,181.9,179.2
ED-0040,1010,16:50,178.2,175.7,188.6,181.7,187.3,177.9,190.8,188.5,185.7,185.8,182.9,179.1
ED-0040,1011,16:51,178.0,176.2,189.0,180.9,188.0,177.4,190.1,188.4,185.7,187.0,182.9,179.0
ED-0040,1012,16:52,178.1,177.2,187.9,181.0,187.4,178.2,190.4,187.6,185.4,187.1,182.4,179.1
ED-0040,1013,16:53,177.8,176.6,189.0,180.4,187.7,177.7,191.4,189.2,185.7,186.2,183.1,179.3
ED-0040,1014,16:54,177.7,176.0,189.0,181.1,187.8,177.5,190.1,187.7,185.6,186.8,182.8,179.2
ED-0040,1015,16:55,178.5,177.2,188.9,180.7,188.4,178.0,190.9,188.6,185.4,187.5,183.2,179.0
ED-0040,1016,16:56,178.1,176.9,188.4,181.6,187.2,177.3,190.8,189.0,185.3,186.2,182.7,178.3
ED-0040,1017,16:57,178.3,177.1,189.4,180.6,187.2,177.0,191.4,189.4,185.4,186.7,183.0,180.7
ED-0040,1018,16:58,176.8,177.8,188.4,181.3,187.3,178.0,191.1,188.3,186.4,186.4,183.5,179.6
ED-0040,1019,16:59,177.8,176.9,188.5,181.3,188.6,178.6,190.1,188.6,185.2,187.1,183.5,179.2
ED-0040,1020,17:00,178.1,177.7,189.6,180.5,188.1,177.1,190.9,189.3,185.9,186.8,182.5,180.9
ED-0040,1021,17:01,178.9,178.1,188.4,181.9,188.4,177.1,191.0,188.9,186.5,186.9,184.2,179.3
ED-0040,1022,17:02,178.0,177.5,189.6,181.6,187.8,177.5,191.7,188.8,185.6,187.1,183.7,180.7
ED-0040,1023,17:03,178.3,177.5,188.9,181.5,187.9,178.8,191.4,189.4,186.7,187.0,183.3,180.6
ED-0040,1024,17:04,178.4,177.6,189.1,182.3,188.5,178.1,191.6,188.8,186.1,187.3,183.9,179.3
ED-0040,1025,17:05,178.7,177.7,188.9,181.0,188.2,178.6,191.2,189.9,186.6,188.0,183.2,180.9
ED-0040,1026,17:06,179.2,177.8,190.6,182.2,187.7,179.0,191.6,189.1,187.0,187.8,183.4,180.8
ED-0040,1027,17:07,178.5,177.7,188.7,182.4,187.6,178.4,191.3,188.9,186.4,186.9,184.2,180.1
ED-0040,1028,17:08,178.4,177.5,189.4,181.6,189.1,178.6,191.2,189.9,186.0,187.6,184.4,180.8
ED-0040,1029,17:09,179.0,177.8,189.5,181.8,189.2,178.1,191.8,190.5,186.6,188.7,183.8,181.2
ED-0040,1030,17:10,179.1,177.8,190.2,182.7,189.4,178.8,191.7,190.0,186.8,187.3,184.2,180.1
ED-0040,1031,17:11,179.3,178.1,189.6,182.0,188.2,178.7,191.6,189.4,187.4,188.0,183.8,180.3
ED-0040,1032,17:12,178.2,178.5,189.7,182.0,188.6,178.2,191.7,189.6,187.0,187.8,182.9,180.3
ED-0040,1033,17:13,178.8,178.4,190.9,181.7,189.1,178.9,191.9,189.1,187.9,187.4,184.1,180.5
ED-0040,1034,17:14,179.0,178.2,190.2,181.9,188.6,180.0,191.2,190.2,187.6,187.1,183.8,181.2
ED-0040,1035,17:15,179.4,178.5,189.1,182.1,189.2,178.5,191.3,190.3,186.8,188.3,184.8,180.1
ED-0040,1036,17:16,179.7,178.3,189.9,182.7,188.4,179.7,193.0,190.5,187.5,188.2,184.5,181.2
ED-0040,1037,17:17,179.6,179.4,190.1,182.6,188.9,180.2,192.6,190.2,187.4,189.3,183.9,181.1
ED-0040,1038,17:18,178.6,179.3,190.0,182.4,190.3,178.8,193.0,190.0,187.5,188.1,184.8,180.7
ED-0040,1039,17:19,179.5,178.1,190.2,181.9,190.1,178.6,192.1,190.5,187.0,188.6,184.1,181.2
ED-0040,1040,17:20,179.8,178.3,191.7,182.9,190.0,179.9,193.1,189.5,186.9,188.4,184.8,181.1
ED-0040,1041,17:21,179.6,178.7,190.9,183.2,189.5,179.5,192.4,190.6,187.6,189.0,184.6,180.9
ED-0040,1042,17:22,180.0,178.8,190.3,182.2,190.2,179.9,192.0,190.6,186.9,188.7,184.6,181.6
ED-0040,1043,17:23,179.4,178.4,190.7,181.5,188.9,179.2,192.7,191.0,187.4,189.2,184.9,181.5
ED-0040,1044,17:24,180.2,179.1,191.2,182.2,189.6,180.2,192.9,191.3,187.5,188.6,184.7,182.0
ED-0040,1045,17:25,180.2,179.2,190.4,182.7,190.2,179.9,193.4,190.7,188.2,189.3,184.8,182.1
ED-0040,1046,17:26,180.5,178.0,190.4,183.2,189.3,180.1,192.4,190.7,187.8,188.6,185.2,182.1
ED-0040,1047,17:27,179.6,178.9,191.2,183.0,190.5,179.8,192.9,191.1,188.1,189.7,184.7,182.3
ED-0040,1048,17:28,179.7,178.7,191.3,183.6,190.2,180.7,193.1,191.2,188.1,186.6,185.6,181.3
ED-0040,1049,17:29,180.6,179.5,191.1,184.2,188.9,179.4,193.5,191.0,188.4,188.4,184.8,182.4
ED-0040,1050,17:30,179.9,179.8,190.6,181.9,190.7,179.6,192.9,190.7,188.1,188.7,184.7,182.3
ED-0040,1051,17:31,180.7,179.0,190.2,182.8,189.8,180.6,193.8,191.4,188.2,189.6,184.9,182.3
ED-0040,1052,17:32,180.4,179.5,190.3,182.8,190.2,180.9,192.8,190.5,188.8,189.7,185.3,182.4
ED-0040,1053,17:33,180.5,179.9,190.8,182.9,189.3,179.6,193.0,191.0,187.8,188.2,184.8,181.9
ED-0040,1054,17:34,179.9,179.5,191.0,183.4,190.4,180.3,193.1,191.8,188.8,189.7,185.0,182.2
ED-0040,1055,17:35,180.8,179.2,191.8,182.0,189.8,180.2,194.0,191.2,188.1,189.5,185.5,182.8
ED-0040,1056,17:36,180.1,179.3,192.6,183.4,190.6,180.9,193.9,190.7,188.2,189.4,185.7,183.0
ED-0040,1057,17:37,180.4,180.1,191.9,183.2,189.9,180.3,193.8,191.7,188.3,189.1,184.7,182.5
ED-0040,1058,17:38,180.8,180.0,191.2,183.9,190.7,180.2,194.1,191.4,189.0,189.5,185.9,183.4
ED-0040,1059,17:39,180.6,179.0,191.7,183.6,192.1,180.4,193.3,191.7,189.3,189.7,186.3,182.1
ED-0040,1060,17:40,180.9,179.1,191.4,183.9,191.0,180.2,193.7,191.0,189.1,190.8,186.5,182.3
ED-0040,1061,17:41,180.4,179.3,191.4,183.6,191.4,181.3,193.6,190.9,188.0,190.0,185.0,182.6
ED-0040,1062,17:42,180.6,180.3,192.6,183.4,191.1,180.4,194.7,191.5,188.3,189.7,186.2,182.1
ED-0040,1063,17:43,180.9,179.7,191.8,184.0,190.9,179.9,193.7,191.7,189.5,190.1,186.5,183.1
ED-0040,1064,17:44,182.3,179.7,191.1,184.9,190.5,180.3,193.9,190.6,189.7,189.5,186.1,183.2
ED-0040,1065,17:45,181.9,180.0,192.1,183.3,191.3,180.2,194.2,192.3,189.6,190.4,186.4,182.9
ED-0040,1066,17:46,181.6,180.3,192.0,184.0,190.7,180.4,195.1,192.6,188.9,190.3,186.0,182.6
ED-0040,1067,17:47,181.7,180.4,193.4,184.0,190.7,181.2,194.4,191.9,189.5,190.6,186.3,183.3
ED-0040,1068,17:48,181.7,180.8,193.2,184.4,192.6,181.8,194.2,193.6,189.9,190.3,186.0,182.9
ED-0040,1069,17:49,181.8,179.4,192.2,184.3,191.1,180.6,194.0,192.7,189.7,190.5,185.9,183.0
ED-0040,1070,17:50,181.4,180.6,192.6,184.7,192.0,180.4,193.8,191.9,189.5,191.2,187.1,182.8
ED-0040,1071,17:51,181.4,179.8,192.1,184.1,191.6,181.3,193.8,192.3,189.0,190.3,187.1,182.8
ED-0040,1072,17:52,180.8,180.4,192.2,184.6,191.8,180.9,194.3,193.0,189.7,190.3,187.3,183.5
ED-0040,1073,17:53,180.9,179.8,192.7,184.1,191.5,182.0,195.0,192.5,189.9,190.3,187.6,183.2
ED-0040,1074,17:54,181.9,180.9,192.9,184.1,191.9,182.1,195.1,192.6,189.4,189.7,187.1,182.4
ED-0040,1075,17:55,182.7,181.8,191.4,184.8,192.0,181.4,194.7,193.0,189.8,190.0,187.6,183.4
ED-0040,1076,17:56,181.7,180.2,193.2,183.8,191.9,181.5,195.3,192.9,190.3,191.0,187.4,183.0
ED-0040,1077,17:57,181.0,180.4,192.6,184.8,192.1,182.6,195.0,193.7,189.6,190.9,187.8,184.0
ED-0040,1078,17:58,181.4,179.9,193.0,184.7,191.0,181.7,194.0,193.2,189.2,190.5,186.8,184.0
ED-0040,1079,17:59,181.9,180.2,193.6,184.2,192.2,182.5,195.5,192.7,189.3,190.7,187.7,183.7
ED-0040,1080,18:00,181.3,180.7,193.1,185.0,191.8,182.2,195.5,192.7,190.4,190.5,186.3,184.3
ED-0040,1081,18:01,181.5,180.7,192.3,185.2,192.0,181.6,195.3,192.2,190.2,191.9,187.6,183.9
ED-0040,1082,18:02,180.9,181.0,193.5,185.5,192.3,182.9,195.3,193.5,189.7,190.6,187.3,183.9
ED-0040,1083,18:03,182.2,180.9,193.4,185.1,192.4,182.0,195.0,193.4,189.4,191.1,187.9,184.9
ED-0040,1084,18:04,182.5,181.6,193.3,185.4,192.6,181.7,195.0,193.4,189.2,190.8,187.7,184.6
ED-0040,1085,18:05,182.8,180.7,194.0,184.5,192.7,181.9,196.0,194.2,189.7,191.2,187.6,184.6
ED-0040,1086,18:06,182.3,181.9,194.0,185.3,192.8,182.0,195.1,194.1,189.9,191.3,187.6,183.6
ED-0040,1087,18:07,183.0,181.4,193.3,185.1,192.6,182.2,195.8,193.0,189.9,191.1,187.6,183.3
ED-0040,1088,18:08,183.1,181.1,193.6,185.3,192.1,183.0,195.7,193.2,190.5,191.5,187.7,184.1
ED-0040,1089,18:09,182.5,180.8,194.1,184.3,192.5,182.7,195.0,193.7,189.8,191.6,187.9,184.3
ED-0040,1090,18:10,183.9,181.0,194.1,186.2,192.4,182.5,195.1,194.2,190.2,191.9,187.7,185.0
ED-0040,1091,18:11,182.7,180.7,193.1,185.8,192.7,182.4,195.4,194.5,191.0,191.2,187.6,184.0
ED-0040,1092,18:12,183.2,180.6,193.8,185.3,193.3,183.2,196.2,193.8,190.8,191.0,188.1,184.9
ED-0040,1093,18:13,184.3,181.5,193.8,186.4,192.6,181.9,195.9,193.8,190.7,191.5,188.4,184.5
ED-0040,1094,18:14,182.8,182.0,194.2,186.1,193.9,182.7,196.0,194.3,190.2,191.3,188.1,184.6
ED-0040,1095,18:15,182.7,182.4,193.9,185.5,192.9,182.7,195.3,194.3,190.7,190.0,188.2,184.3
ED-0040,1096,18:16,183.7,181.8,194.4,185.9,192.5,183.1,196.6,193.6,190.5,192.3,187.6,184.5
ED-0040,1097,18:17,183.1,183.0,194.5,185.7,193.5,183.3,196.4,193.0,191.0,191.2,188.3,185.1
ED-0040,1098,18:18,183.6,181.5,193.9,186.2,194.4,182.4,196.6,195.2,191.1,191.9,187.9,185.2
ED-0040,1099,18:19,183.6,181.8,193.7,185.9,192.8,182.7,196.6,195.2,191.1,191.6,188.3,185.8
ED-0040,1100,18:20,182.8,182.4,193.3,186.3,193.2,182.5,195.9,194.6,191.8,192.6,189.3,184.5
ED-0040,1101,18:21,183.6,182.5,193.6,186.8,193.2,183.6,196.8,194.9,191.0,192.6,188.1,184.8
ED-0040,1102,18:22,183.2,182.4,194.4,185.8,193.5,182.7,196.9,194.0,189.6,191.9,188.8,185.9
ED-0040,1103,18:23,184.0,182.3,193.2,186.4,194.0,182.9,197.2,195.1,191.7,192.9,189.0,185.3
ED-0040,1104,18:24,183.4,183.0,194.2,186.8,193.1,183.9,198.0,194.5,190.4,192.4,188.5,185.3
ED-0040,1105,18:25,184.5,181.5,195.1,186.5,193.9,183.5,197.1,194.8,190.3,192.1,188.2,185.1
ED-0040,1106,18:26,184.3,182.9,193.5,185.3,194.1,183.5,197.6,194.5,191.5,191.8,190.3,184.6
ED-0040,1107,18:27,184.0,181.9,194.9,185.8,193.8,183.0,196.8,195.7,191.3,192.7,188.6,185.1
ED-0040,1108,18:28,183.1,181.8,195.3,186.0,193.4,183.7,195.6,193.7,190.8,192.9,188.5,186.3
ED-0040,1109,18:29,182.4,182.7,195.2,186.5,194.1,182.9,196.5,194.3,191.7,193.1,189.4,185.3
ED-0040,1110,18:30,183.6,181.5,194.8,186.5,194.7,184.2,197.3,194.2,191.8,192.2,188.6,184.7
ED-0040,1111,18:31,183.6,182.3,194.3,186.7,193.9,183.0,196.9,195.2,191.2,193.2,189.1,185.4
ED-0040,1112,18:32,183.9,182.2,194.9,187.3,194.2,183.8,196.3,196.1,192.0,192.8,188.3,185.8
ED-0040,1113,18:33,183.7,182.4,194.0,186.9,193.9,183.9,198.1,195.9,191.6,193.3,189.4,185.4
ED-0040,1114,18:34,184.6,183.9,195.2,187.3,194.9,184.2,198.4,194.6,192.6,192.0,189.3,185.2
ED-0040,1115,18:35,183.3,182.9,196.1,187.5,194.9,184.4,196.6,195.7,191.6,192.5,188.8,185.5
ED-0040,1116,18:36,183.8,184.1,195.4,187.3,193.3,183.6,197.6,195.2,193.0,193.2,190.3,185.7
ED-0040,1117,18:37,185.3,182.4,195.3,186.4,195.2,184.2,197.1,195.4,192.0,192.4,189.3,185.7
ED-0040,1118,18:38,184.4,183.2,195.4,187.4,194.6,184.5,197.7,195.5,192.4,193.1,189.3,185.0
ED-0040,1119,18:39,183.9,183.2,196.6,187.0,194.6,184.6,198.0,196.0,192.2,194.1,190.2,186.0
ED-0040,1120,18:40,184.0,183.6,195.9,187.3,194.8,184.9,197.4,194.5,191.6,193.6,189.9,185.7
ED-0040,1121,18:41,184.4,182.8,195.3,187.5,194.5,184.4,197.9,196.1,192.1,194.3,189.6,186.4
ED-0040,1122,18:42,184.8,183.1,195.2,188.2,194.8,184.5,198.7,195.9,192.6,192.7,190.8,186.1
ED-0040,1123,18:43,185.0,183.0,195.9,187.9,194.9,184.5,198.5,196.1,192.3,193.5,188.8,185.2
ED-0040,1124,18:44,184.8,182.7,195.7,187.5,195.1,185.1,197.9,196.1,193.2,193.4,189.7,186.9
ED-0040,1125,18:45,184.2,183.4,194.6,188.1,195.7,184.6,197.7,196.6,192.2,193.2,190.6,186.6
ED-0040,1126,18:46,184.1,183.1,195.4,188.5,194.4,185.0,198.5,194.9,193.1,193.3,189.7,186.7
ED-0040,1127,18:47,184.4,182.3,195.5,188.1,194.0,185.9,198.8,196.3,192.7,193.8,189.7,187.2
ED-0040,1128,18:48,184.6,183.0,196.2,188.4,195.6,185.0,197.7,196.1,192.6,194.1,189.7,186.7
ED-0040,1129,18:49,184.0,183.8,196.2,187.4,195.3,184.5,197.7,195.6,193.6,193.8,190.1,187.1
ED-0040,1130,18:50,184.3,183.5,196.3,187.6,195.0,184.8,198.3,195.6,193.5,194.1,190.1,188.0
ED-0040,1131,18:51,183.9,183.8,195.9,188.0,195.3,185.3,198.7,196.9,192.7,194.0,190.4,186.7
ED-0040,1132,18:52,185.5,184.2,196.6,187.5,196.3,184.9,199.3,196.5,193.0,193.9,190.2,187.1
ED-0040,1133,18:53,185.2,183.6,196.6,188.1,195.2,185.0,198.5,197.3,193.2,193.0,190.9,187.1
ED-0040,1134,18:54,186.0,184.4,197.0,189.0,196.3,185.2,198.2,196.5,193.1,194.5,189.9,187.3
ED-0040,1135,18:55,184.7,185.0,196.4,187.0,196.5,186.2,198.7,195.9,193.1,193.8,191.0,186.5
ED-0040,1136,18:56,185.1,184.9,197.0,188.0,196.4,185.2,199.4,196.3,192.9,194.1,191.5,186.6
ED-0040,1137,18:57,185.8,184.6,196.9,187.9,195.6,184.4,198.9,196.5,193.8,194.8,190.0,187.1
ED-0040,1138,18:58,186.0,184.8,196.9,188.7,195.2,184.9,199.3,197.5,192.1,193.9,191.6,187.8
ED-0040,1139,18:59,186.3,183.6,196.7,189.0,195.6,186.8,199.2,196.0,192.5,195.1,191.3,187.7
ED-0040,1140,19:00,185.5,184.8,197.4,188.3,195.7,185.9,199.8,195.8,193.0,195.2,190.6,188.1
ED-0040,1141,19:01,185.3,185.6,196.1,188.6,195.0,185.9,198.7,197.5,195.0,194.3,190.3,187.2
ED-0040,1142,19:02,185.7,184.7,196.9,189.0,195.9,186.1,198.7,196.5,193.4,194.9,190.6,187.7
ED-0040,1143,19:03,185.0,184.2,197.5,188.9,195.0,186.1,199.6,197.8,193.7,194.6,191.0,187.1
ED-0040,1144,19:04,186.4,184.4,196.4,188.8,195.6,185.6,198.4,196.2,193.9,193.7,191.1,187.7
ED-0040,1145,19:05,185.5,184.5,196.6,188.7,195.9,186.3,198.9,197.5,193.5,194.1,190.9,187.6
ED-0040,1146,19:06,185.3,185.9,197.7,188.8,196.1,186.8,199.4,196.6,194.2,195.5,191.4,188.2
ED-0040,1147,19:07,186.4,184.9,197.3,188.5,197.0,186.1,199.2,197.3,194.6,195.2,191.6,187.2
ED-0040,1148,19:08,186.9,184.7,197.0,188.7,197.2,185.8,200.2,197.4,193.9,195.0,191.0,188.1
ED-0040,1149,19:09,186.1,184.4,196.8,190.4,197.3,185.9,200.7,197.3,193.5,195.1,191.3,187.3
ED-0040,1150,19:10,186.4,185.2,197.7,189.0,196.2,186.2,199.9,197.0,194.2,194.6,190.6,188.1
ED-0040,1151,19:11,186.6,185.5,197.3,189.3,197.3,186.2,199.7,197.5,193.6,194.6,191.2,187.8
ED-0040,1152,19:12,186.5,184.8,196.8,188.4,196.8,186.1,200.0,197.7,194.3,195.6,192.4,188.6
ED-0040,1153,19:13,187.0,185.3,197.1,190.4,196.9,186.0,199.5,197.5,195.1,194.5,191.0,187.0
ED-0040,1154,19:14,186.6,185.5,197.8,188.3,196.5,187.3,199.8,197.8,194.2,195.9,191.4,188.0
ED-0040,1155,19:15,186.0,185.0,197.8,188.8,196.6,185.9,199.9,196.9,195.2,195.2,192.0,188.1
ED-0040,1156,19:16,186.6,187.1,197.8,189.2,197.6,186.3,200.2,197.8,195.0,195.7,192.0,188.5
ED-0040,1157,19:17,186.2,183.9,197.1,188.5,197.4,186.8,200.2,198.1,194.9,196.1,192.4,188.7
ED-0040,1158,19:18,186.8,185.5,196.9,189.2,196.4,186.7,199.5,198.0,194.7,195.0,191.3,188.6
ED-0040,1159,19:19,186.9,184.5,198.0,189.4,196.4,187.4,201.1,197.5,195.2,195.7,191.8,188.6
ED-0040,1160,19:20,186.2,185.8,197.6,189.4,197.0,188.1,199.9,198.1,194.6,195.6,192.2,187.9
ED-0040,1161,19:21,186.3,185.2,198.0,190.2,196.8,186.2,200.7,197.4,194.4,195.7,191.7,189.2
ED-0040,1162,19:22,187.4,185.5,197.9,189.0,197.2,186.1,201.2,199.0,194.8,195.4,191.8,188.4
ED-0040,1163,19:23,185.7,185.4,197.7,189.3,198.0,186.9,200.8,198.5,194.8,195.7,192.2,187.8
ED-0040,1164,19:24,186.5,186.2,197.4,190.1,197.2,186.4,200.9,198.7,193.8,196.5,192.4,188.4
ED-0040,1165,19:25,187.1,185.5,198.6,189.9,196.3,186.8,201.0,199.0,195.3,195.9,191.7,188.8
ED-0040,1166,19:26,187.7,185.6,198.1,189.5,196.9,187.5,199.7,199.4,196.3,196.2,192.3,188.8
ED-0040,1167,19:27,187.0,185.5,199.1,189.6,198.9,187.2,200.0,198.8,194.6,195.7,192.6,188.5
ED-0040,1168,19:28,187.0,186.0,197.9,190.6,197.2,187.0,201.2,199.4,195.0,196.1,192.0,189.4
ED-0040,1169,19:29,187.2,186.8,198.6,189.5,198.2,187.1,201.4,199.4,195.3,195.9,193.1,188.9
ED-0040,1170,19:30,187.0,185.9,198.7,190.1,197.2,187.7,201.7,198.0,195.6,196.8,193.1,189.0
ED-0040,1171,19:31,187.5,185.5,198.6,189.9,198.1,186.5,201.9,199.3,194.6,195.8,193.2,190.1
ED-0040,1172,19:32,187.6,185.9,198.7,191.1,197.4,188.3,201.0,198.7,195.5,196.3,192.8,189.6
ED-0040,1173,19:33,187.0,185.1,199.1,191.3,197.6,187.2,201.2,199.0,195.4,195.9,192.7,189.0
ED-0040,1174,19:34,187.3,185.8,198.6,190.7,198.1,187.8,201.4,198.9,195.4,196.3,192.8,189.1
ED-0040,1175,19:35,187.3,186.3,199.3,190.1,198.4,187.4,200.5,198.8,195.9,196.5,193.9,190.5
ED-0040,1176,19:36,187.3,186.5,198.2,189.9,197.5,188.2,201.2,199.4,195.3,197.1,193.0,188.8
ED-0040,1177,19:37,188.1,186.1,198.6,191.1,198.6,187.6,201.7,199.8,195.6,196.0,192.4,189.6
ED-0040,1178,19:38,187.6,186.5,198.7,190.0,197.4,187.4,200.6,198.6,195.7,196.6,192.5,189.6
ED-0040,1179,19:39,187.3,187.5,198.9,190.4,198.0,188.5,202.2,198.6,195.1,196.9,193.2,188.5
ED-0040,1180,19:40,188.2,186.4,199.1,190.5,199.3,188.0,201.7,199.4,196.3,196.3,193.5,189.8
ED-0040,1181,19:41,188.2,186.0,199.2,190.2,198.4,187.8,201.8,199.3,195.4,196.4,193.4,189.1
ED-0040,1182,19:42,188.2,186.7,199.6,190.9,198.3,187.7,202.0,198.0,195.8,196.2,193.1,188.8
ED-0040,1183,19:43,187.8,186.5,199.4,190.9,198.0,187.0,201.6,199.3,195.5,196.2,193.7,189.3
ED-0040,1184,19:44,188.7,186.6,198.7,191.4,198.5,189.2,201.9,199.4,196.2,197.2,194.2,189.7
ED-0040,1185,19:45,188.3,186.6,200.2,191.1,199.1,189.2,201.3,199.4,195.6,197.3,193.5,189.7
ED-0040,1186,19:46,188.1,186.9,199.5,190.7,198.5,188.5,201.0,200.4,195.5,197.2,193.4,189.3
ED-0040,1187,19:47,188.6,188.3,200.5,190.7,198.9,188.8,202.6,199.3,195.6,196.7,193.4,190.3
ED-0040,1188,19:48,188.2,186.4,200.4,190.3,198.3,188.1,202.2,198.5,195.7,197.4,193.5,189.5
ED-0040,1189,19:49,188.9,186.7,199.6,191.1,197.3,188.2,202.0,200.0,196.8,197.6,193.1,190.4
ED-0040,1190,19:50,188.8,187.4,198.9,191.1,198.8,188.3,202.4,200.0,197.0,197.3,193.8,190.2
ED-0040,1191,19:51,188.3,187.5,199.3,190.7,198.8,188.5,202.3,200.2,196.9,197.7,193.0,190.5
ED-0040,1192,19:52,187.9,187.6,200.2,191.3,198.5,188.1,202.4,200.7,195.2,197.2,193.9,190.9
ED-0040,1193,19:53,187.6,187.0,200.9,191.2,199.6,188.8,202.2,200.4,196.9,197.6,193.5,190.5
ED-0040,1194,19:54,188.7,186.3,200.0,191.0,200.4,188.1,202.5,200.3,197.1,197.7,193.9,190.8
ED-0040,1195,19:55,189.0,187.3,200.0,190.9,198.1,189.5,201.2,200.1,197.2,197.4,194.1,189.8
ED-0040,1196,19:56,189.5,186.9,200.8,190.9,199.3,188.3,203.3,200.6,195.7,198.2,194.1,189.6
ED-0040,1197,19:57,189.0,187.9,200.1,192.3,199.8,188.4,201.9,200.1,196.4,197.2,194.3,190.8
ED-0040,1198,19:58,188.8,187.2,200.0,191.5,199.4,188.4,201.5,200.0,196.9,198.5,194.0,190.8
ED-0040,1199,19:59,188.6,188.0,200.2,192.1,199.1,188.5,203.4,201.3,198.0,197.7,194.3,189.7
ED-0040,1200,20:00,188.5,188.0,200.4,192.3,199.0,188.8,202.5,200.0,197.3,197.8,193.9,191.2
ED-0040,1201,20:01,190.0,188.0,199.7,191.7,200.5,188.8,203.1,201.4,197.5,197.2,195.0,190.9
ED-0040,1202,20:02,189.0,187.3,201.4,192.8,199.5,189.4,202.6,200.4,197.4,198.5,194.2,190.5
ED-0040,1203,20:03,189.5,189.1,201.3,192.3,199.4,189.3,203.9,201.1,197.5,197.4,194.4,190.7
ED-0040,1204,20:04,188.7,187.2,199.4,192.5,200.3,188.7,203.2,200.5,196.9,197.9,194.3,190.6
ED-0040,1205,20:05,188.9,187.4,199.9,192.4,199.3,189.6,204.1,200.3,197.1,198.1,194.9,191.3
ED-0040,1206,20:06,189.9,187.6,200.3,192.4,199.1,189.4,203.5,201.0,197.0,197.7,194.2,191.3
ED-0040,1207,20:07,189.2,187.7,200.8,192.4,200.8,188.9,202.8,200.4,197.8,198.6,194.7,191.6
ED-0040,1208,20:08,190.0,188.1,200.0,192.0,199.3,189.6,202.7,200.8,197.3,199.2,194.2,189.8
ED-0040,1209,20:09,188.8,187.4,202.4,192.4,200.6,189.5,203.1,202.0,196.9,199.4,194.9,192.2
ED-0040,1210,20:10,189.5,187.8,200.5,193.1,199.4,189.9,204.5,201.5,197.1,198.9,194.0,190.7
ED-0040,1211,20:11,189.6,188.3,201.7,192.7,200.4,189.6,203.0,201.1,198.4,198.0,194.7,191.6
ED-0040,1212,20:12,190.3,187.9,201.3,192.6,199.9,190.3,203.6,200.4,197.5,198.5,194.7,190.8
ED-0040,1213,20:13,189.4,187.6,201.6,192.5,200.4,189.4,203.0,200.2,197.9,198.8,193.9,192.4
ED-0040,1214,20:14,189.5,187.8,201.3,192.6,199.7,190.3,203.9,200.7,197.9,198.4,195.9,191.9
ED-0040,1215,20:15,190.7,189.0,201.4,193.1,201.1,189.0,203.6,201.4,197.4,198.4,194.5,191.6
ED-0040,1216,20:16,189.7,188.2,200.3,192.6,200.4,190.1,203.6,201.8,197.8,198.4,195.7,191.7
ED-0040,1217,20:17,189.9,187.9,201.4,193.4,200.5,190.3,204.0,201.5,197.7,199.3,195.5,191.7
ED-0040,1218,20:18,189.9,188.7,201.4,192.1,201.3,189.3,203.5,202.0,198.5,199.5,195.3,192.4
ED-0040,1219,20:19,190.0,188.0,201.4,192.8,200.4,190.1,204.7,201.2,197.9,199.5,194.6,192.0
ED-0040,1220,20:20,190.8,189.2,201.5,193.2,202.1,191.0,204.1,201.9,197.2,198.9,195.0,191.5
ED-0040,1221,20:21,189.8,188.8,201.4,193.1,200.4,190.0,204.3,201.5,198.6,198.7,195.2,192.4
ED-0040,1222,20:22,191.2,189.2,200.8,193.6,201.2,189.2,204.3,201.3,198.4,198.5,195.9,191.4
ED-0040,1223,20:23,189.8,189.3,201.5,192.5,200.3,189.9,204.9,202.4,198.8,200.0,195.1,192.0
ED-0040,1224,20:24,191.0,189.1,201.3,193.2,200.8,190.5,204.3,202.1,199.1,199.3,196.0,191.5
ED-0040,1225,20:25,190.1,188.8,200.3,193.3,200.6,190.6,204.4,202.3,197.9,200.8,194.7,192.3
ED-0040,1226,20:26,190.9,188.9,200.2,191.7,199.5,190.2,205.4,202.2,198.4,198.4,195.8,192.3
ED-0040,1227,20:27,190.7,189.1,200.1,193.0,200.7,190.7,204.4,202.4,198.8,199.7,196.0,192.5
ED-0040,1228,20:28,191.0,189.3,202.3,193.4,201.2,190.4,203.6,202.8,198.8,200.5,195.8,192.8
ED-0040,1229,20:29,190.3,190.4,201.6,193.1,200.8,190.6,204.4,201.4,199.1,198.6,195.3,192.4
ED-0040,1230,20:30,191.0,188.1,201.3,193.4,200.9,191.4,204.4,201.9,199.8,198.6,196.6,192.3
ED-0040,1231,20:31,190.3,190.1,201.9,194.7,202.0,191.0,205.5,202.6,199.6,200.1,195.6,192.1
ED-0040,1232,20:32,191.3,190.1,200.6,193.3,202.0,191.9,204.5,202.7,198.1,200.4,195.9,193.2
ED-0040,1233,20:33,189.9,188.9,201.5,194.7,201.0,191.3,205.8,202.3,199.1,199.2,195.7,192.5
ED-0040,1234,20:34,191.4,188.4,201.8,194.3,201.7,190.5,205.2,203.4,197.6,198.5,197.0,192.9
ED-0040,1235,20:35,190.5,190.6,202.3,193.2,202.1,190.7,204.8,202.1,198.3,199.7,196.0,192.3
ED-0040,1236,20:36,190.9,188.4,203.1,192.3,201.4,191.5,204.4,202.5,199.6,200.6,195.2,192.1
ED-0040,1237,20:37,190.6,189.9,199.7,193.4,202.3,191.3,204.7,202.6,197.7,199.2,196.3,192.0
ED-0040,1238,20:38,190.7,189.2,200.5,192.5,201.7,191.7,205.0,203.1,198.5,198.3,195.7,193.2
ED-0040,1239,20:39,190.9,188.7,199.9,193.3,202.0,192.0,204.7,202.4,198.5,200.3,195.4,192.7
ED-0040,1240,20:40,190.3,187.9,201.6,193.5,202.0,189.8,204.9,203.3,197.1,199.3,195.7,194.0
ED-0040,1241,20:41,191.1,189.9,201.6,194.9,201.7,190.8,205.7,203.5,198.7,199.2,196.0,191.8
ED-0040,1242,20:42,191.6,189.7,202.4,193.0,200.9,191.1,204.7,203.7,197.6,198.0,197.0,192.3
ED-0040,1243,20:43,190.4,189.0,201.9,193.1,202.2,190.6,205.7,203.7,196.3,197.1,193.9,193.2
ED-0040,1244,20:44,191.4,189.5,201.2,193.2,202.4,191.7,205.2,203.3,198.9,199.3,196.2,192.8
ED-0040,1245,20:45,191.1,189.5,200.5,193.7,201.5,192.2,206.2,203.8,197.5,199.2,195.4,193.4
ED-0040,1246,20:46,189.7,188.8,201.6,192.6,202.1,191.7,205.6,203.6,198.3,199.0,195.2,193.4
ED-0040,1247,20:47,191.4,190.2,201.8,192.3,202.1,192.0,206.5,203.0,198.1,199.8,195.9,193.4
ED-0040,1248,20:48,190.7,188.4,201.1,192.8,201.7,190.9,206.2,203.3,198.3,199.7,196.3,193.7
ED-0040,1249,20:49,190.5,188.8,202.5,191.5,202.8,191.9,206.2,203.2,198.2,199.3,196.4,193.1
ED-0040,1250,20:50,191.8,188.9,200.4,194.5,202.6,191.6,206.6,203.9,200.0,198.8,195.8,192.3
ED-0040,1251,20:51,192.7,187.3,201.9,192.8,202.8,191.3,205.7,204.3,198.5,199.0,195.8,192.9
ED-0040,1252,20:52,192.1,189.6,201.1,192.4,202.2,192.0,204.7,204.3,198.5,197.6,195.8,194.3
ED-0040,1253,20:53,191.8,188.3,201.7,193.1,201.9,191.3,206.0,203.1,198.8,200.7,198.1,194.2
ED-0040,1254,20:54,192.3,191.0,201.3,193.0,202.1,191.6,205.7,204.1,200.0,200.2,194.2,194.1
ED-0040,1255,20:55,192.2,190.7,200.0,190.7,202.0,192.5,205.9,203.9,200.2,199.8,196.4,193.9
ED-0040,1256,20:56,191.0,188.4,201.8,192.7,203.3,192.3,205.7,203.7,197.9,198.9,194.8,192.4
ED-0040,1257,20:57,190.5,190.2,200.9,194.4,203.4,192.0,205.9,203.3,198.5,199.0,197.0,192.9
ED-0040,1258,20:58,193.9,190.8,201.0,192.9,203.0,192.6,206.2,203.5,199.8,199.1,195.8,193.0
ED-0040,1259,20:59,191.3,189.6,200.6,191.9,203.0,192.5,206.4,204.3,198.2,200.0,195.1,193.5
ED-0040,1260,21:00,192.4,188.4,200.6,193.5,202.9,192.5,206.8,203.4,199.1,198.5,195.2,193.5
ED-0040,1261,21:01,191.0,189.3,202.4,194.4,202.3,192.4,206.8,203.8,199.2,198.4,194.6,193.4
ED-0040,1262,21:02,190.2,187.5,201.6,192.6,203.5,192.7,206.6,204.7,198.8,198.7,195.2,195.7
ED-0040,1263,21:03,191.8,189.3,202.3,193.1,204.8,192.4,206.1,203.8,199.7,198.5,196.6,192.7
ED-0040,1264,21:04,191.7,190.1,201.8,193.8,202.7,192.2,205.8,204.1,199.5,198.3,196.7,194.0
ED-0040,1265,21:05,191.1,189.0,200.2,194.3,203.1,192.4,207.5,202.4,200.1,199.5,195.2,193.4
ED-0040,1266,21:06,193.0,190.0,200.7,193.0,203.3,192.6,205.0,204.7,198.8,199.3,196.0,193.1
ED-0040,1267,21:07,189.1,187.6,199.6,194.1,203.5,193.6,207.1,202.4,197.0,198.8,196.1,194.0
ED-0040,1268,21:08,192.0,188.9,201.4,193.8,200.7,190.9,206.2,203.5,199.7,198.4,197.5,193.4
ED-0040,1269,21:09,192.9,188.0,200.0,192.3,203.6,192.7,204.5,204.7,197.8,199.6,195.8,192.2
ED-0040,1270,21:10,189.7,189.2,202.6,193.9,200.7,192.0,204.5,204.6,196.8,199.4,196.2,194.8
ED-0040,1271,21:11,190.7,189.0,202.7,192.0,201.6,193.7,205.9,203.5,199.4,199.2,196.7,193.3
ED-0040,1272,21:12,191.0,189.4,201.3,193.9,202.3,191.2,206.4,204.4,197.2,199.6,197.1,193.8
ED-0040,1273,21:13,190.8,189.1,201.3,193.2,201.2,192.6,205.5,205.4,200.0,198.7,196.4,195.3
ED-0040,1274,21:14,190.9,188.5,200.3,192.5,202.7,193.2,207.1,203.2,198.6,199.2,195.6,192.7
ED-0040,1275,21:15,191.9,186.7,199.6,192.8,203.0,192.5,206.3,202.5,197.6,199.3,196.7,194.4
ED-0040,1276,21:16,191.2,188.8,201.9,193.1,204.1,194.1,205.9,202.5,197.3,199.2,196.7,192.7
ED-0040,1277,21:17,191.4,189.2,202.4,192.1,202.2,191.1,206.4,203.7,199.0,199.5,196.0,192.3
ED-0040,1278,21:18,192.6,189.1,203.0,192.8,204.7,192.8,207.4,205.1,199.7,198.4,198.3,194.4
ED-0040,1279,21:19,190.8,188.9,202.4,193.8,202.4,193.6,205.6,203.4,199.0,198.4,195.1,194.5
ED-0040,1280,21:20,192.0,189.7,200.6,193.5,202.3,192.3,204.7,204.4,198.6,197.9,196.0,193.5
ED-0040,1281,21:21,191.5,189.2,200.6,192.4,202.4,192.4,206.4,203.6,198.5,198.7,197.5,193.9
ED-0040,1282,21:22,191.8,189.4,199.7,192.3,202.9,192.9,207.4,204.0,199.2,199.6,195.9,193.6
ED-0040,1283,21:23,190.9,188.9,202.1,193.1,203.3,193.6,207.0,204.1,198.5,198.5,195.8,193.3
ED-0040,1284,21:24,192.2,189.3,200.7,192.2,202.2,193.4,205.9,205.0,199.5,199.8,195.4,193.3
ED-0040,1285,21:25,191.3,188.6,200.2,192.8,203.1,191.7,208.3,201.3,197.4,199.1,196.6,193.6
ED-0040,1286,21:26,192.5,189.4,201.6,192.5,201.8,191.5,205.8,204.0,199.0,198.7,196.8,192.6
ED-0040,1287,21:27,193.4,189.2,200.9,193.1,202.3,194.3,206.2,202.8,198.8,199.4,195.3,191.7
ED-0040,1288,21:28,192.2,189.6,202.5,192.4,204.3,192.7,208.1,203.4,197.5,200.0,197.4,193.9
ED-0040,1289,21:29,191.5,189.3,201.5,192.6,202.9,191.8,205.6,203.6,198.6,198.0,196.0,193.6
ED-0040,1290,21:30,191.3,189.0,201.8,192.7,201.8,192.4,206.4,203.7,197.9,198.4,195.4,193.6
ED-0040,1291,21:31,191.9,187.6,202.1,192.2,203.1,193.6,206.2,203.1,198.5,197.8,195.8,194.6
ED-0040,1292,21:32,192.9,188.6,199.9,193.6,202.6,191.5,206.1,205.3,199.0,197.6,197.5,193.9
ED-0040,1293,21:33,190.6,189.2,201.0,192.6,201.1,192.4,207.5,206.1,197.9,197.2,195.2,191.1
ED-0040,1294,21:34,191.3,187.9,202.6,191.4,203.0,192.0,206.8,203.2,199.8,198.5,196.1,191.7
ED-0040,1295,21:35,191.9,188.1,200.8,193.9,202.6,192.4,205.6,204.0,199.3,200.2,196.8,192.1
ED-0040,1296,21:36,191.2,187.4,203.0,193.1,202.5,192.5,206.0,205.0,198.3,199.5,196.4,193.8
ED-0040,1297,21:37,191.1,190.3,202.4,192.5,202.5,193.3,207.1,204.5,200.8,198.7,195.5,194.4
ED-0040,1298,21:38,193.0,190.4,201.1,192.7,203.8,192.4,206.9,202.9,198.8,196.8,198.1,193.8
ED-0040,1299,21:39,190.2,188.0,202.2,192.6,202.8,191.3,207.3,204.4,198.8,198.3,195.7,193.7
ED-0040,1300,21:40,190.7,190.5,202.3,193.9,202.9,191.2,206.9,202.5,198.4,200.4,197.1,193.4
ED-0040,1301,21:41,188.7,188.6,201.1,194.1,202.5,192.7,206.6,204.2,199.4,196.8,195.4,192.7
ED-0040,1302,21:42,191.6,188.8,201.2,194.8,203.0,193.7,204.7,204.2,197.9,198.8,195.9,193.3
ED-0040,1303,21:43,191.8,188.3,201.8,193.3,203.2,192.0,206.1,202.7,198.8,199.3,195.4,192.7
ED-0040,1304,21:44,192.2,189.4,202.8,193.9,204.0,192.4,206.5,204.0,199.0,199.0,195.0,193.8
ED-0040,1305,21:45,191.7,188.6,201.6,193.0,204.1,193.5,206.1,203.4,197.6,199.8,195.2,192.4
ED-0040,1306,21:46,191.1,188.9,201.6,191.8,202.8,193.8,206.9,203.3,200.9,198.1,196.3,194.1
ED-0040,1307,21:47,191.5,188.1,201.3,193.0,205.3,192.4,206.8,205.1,197.4,199.6,197.3,194.4
ED-0040,1308,21:48,192.8,187.0,202.1,193.7,202.8,191.7,205.5,204.9,196.6,198.9,197.1,195.5
ED-0040,1309,21:49,190.6,189.5,201.1,194.8,201.8,193.4,207.6,203.9,200.0,199.3,195.8,193.1
ED-0040,1310,21:50,191.2,187.9,201.3,193.0,202.4,192.5,207.8,203.7,198.5,200.1,197.0,193.5
ED-0040,1311,21:51,193.0,189.2,201.7,192.7,203.4,193.4,206.5,203.9,198.0,200.0,195.8,193.2
ED-0040,1312,21:52,190.2,191.1,202.3,192.6,201.4,191.0,206.5,204.3,199.2,198.4,195.4,192.9
ED-0040,1313,21:53,191.1,189.1,201.5,192.8,203.1,193.7,207.7,203.7,199.3,198.0,196.5,194.4
ED-0040,1314,21:54,192.1,189.3,202.1,191.8,203.2,192.5,206.7,203.7,198.1,199.4,196.6,193.2
ED-0040,1315,21:55,189.8,188.5,202.1,191.5,204.3,194.1,206.9,204.0,198.1,198.9,198.0,193.1
ED-0040,1316,21:56,191.8,189.7,201.8,193.1,202.3,190.3,205.9,203.6,198.1,197.4,195.4,193.0
ED-0040,1317,21:57,190.6,189.2,200.6,192.3,203.5,190.7,205.4,203.3,197.5,199.1,196.6,193.3
ED-0040,1318,21:58,192.3,189.1,201.0,194.3,203.2,192.9,205.6,205.7,196.1,198.8,196.3,193.2
ED-0040,1319,21:59,192.2,189.3,201.9,194.1,202.1,193.0,205.6,202.5,200.9,198.9,197.1,194.7
ED-0040,1320,22:00,191.9,187.6,201.4,193.0,203.7,191.3,206.5,202.4,200.1,198.3,196.0,193.9
ED-0040,1321,22:01,191.2,189.5,200.8,194.8,203.0,192.8,207.4,203.7,199.2,199.8,196.9,193.8
ED-0040,1322,22:02,190.4,189.5,199.3,193.8,203.0,193.1,205.4,204.6,198.6,201.0,196.9,192.7
ED-0040,1323,22:03,189.9,188.2,201.0,194.6,203.0,192.4,204.6,204.3,198.4,197.3,194.5,193.4
ED-0040,1324,22:04,192.4,188.8,200.8,193.5,202.7,192.5,207.1,202.9,199.0,199.2,196.6,195.7
ED-0040,1325,22:05,191.3,190.0,200.6,192.7,203.8,194.3,206.0,202.2,198.7,197.8,195.0,194.4
ED-0040,1326,22:06,191.5,189.3,200.4,193.7,202.7,192.4,207.8,203.1,197.9,200.9,198.2,192.7
ED-0040,1327,22:07,189.8,189.5,200.5,193.0,201.9,193.7,206.8,202.8,198.2,199.4,196.0,193.3
ED-0040,1328,22:08,191.8,187.2,202.1,193.3,201.9,193.0,206.3,203.7,198.0,198.7,196.0,193.7
ED-0040,1329,22:09,191.1,188.6,200.1,194.6,201.8,190.9,205.2,205.2,198.9,198.7,195.1,193.6
ED-0040,1330,22:10,191.7,188.7,202.8,194.1,203.2,191.5,205.8,203.4,198.7,200.4,195.8,193.9
ED-0040,1331,22:11,191.2,187.9,200.4,194.2,202.5,192.2,207.6,202.8,200.2,199.8,196.4,192.5
ED-0040,1332,22:12,189.5,188.3,201.4,192.5,202.1,192.4,206.2,204.1,197.0,199.9,195.8,195.1
ED-0040,1333,22:13,191.1,188.7,201.8,194.2,202.7,193.4,208.0,204.9,198.5,200.0,196.7,192.8
ED-0040,1334,22:14,190.5,188.2,201.4,193.4,203.1,192.7,207.8,203.6,199.6,199.8,194.1,192.5
ED-0040,1335,22:15,190.6,187.6,201.9,193.5,202.9,191.2,206.6,204.6,198.4,198.4,196.1,193.5
ED-0040,1336,22:16,191.1,189.6,200.7,192.1,202.6,192.0,208.5,204.9,199.7,200.0,194.5,194.4
ED-0040,1337,22:17,190.8,189.9,200.2,192.8,203.2,194.1,206.4,205.1,199.0,199.2,197.0,193.3
ED-0040,1338,22:18,191.4,190.8,201.8,192.5,203.0,194.0,206.4,202.9,198.4,199.7,197.3,192.7
ED-0040,1339,22:19,191.4,190.2,201.9,194.4,203.5,193.0,205.8,203.2,197.8,199.1,195.8,192.4
ED-0040,1340,22:20,192.8,191.2,203.1,194.5,204.0,193.1,205.5,204.4,198.4,198.8,197.5,193.7
ED-0040,1341,22:21,190.7,188.8,201.1,193.1,204.2,191.9,206.3,206.3,198.9,199.6,195.6,191.9
ED-0040,1342,22:22,190.5,188.6,200.0,192.7,203.2,193.7,205.6,203.0,197.9,197.9,195.2,192.5
ED-0040,1343,22:23,191.4,189.6,200.5,192.6,202.6,192.4,205.8,203.3,198.3,200.1,194.4,192.1
ED-0040,1344,22:24,192.2,188.8,202.7,194.0,202.7,191.3,207.2,204.6,199.7,200.1,195.9,194.4
ED-0040,1345,22:25,191.4,189.4,202.9,194.7,204.0,193.4,206.2,204.0,198.6,199.1,197.3,192.0
ED-0040,1346,22:26,191.5,189.4,200.7,192.9,201.6,191.6,205.9,204.2,199.1,199.2,196.5,193.6
ED-0040,1347,22:27,191.1,188.3,202.5,193.4,203.5,192.0,206.2,202.6,199.8,199.0,196.1,193.4
ED-0040,1348,22:28,192.2,189.5,201.8,194.4,202.6,193.6,207.0,205.1,197.4,198.3,195.7,193.4
ED-0040,1349,22:29,191.7,188.8,200.8,194.2,204.5,191.9,206.7,204.1,199.1,200.5,194.8,192.9
ED-0040,1350,22:30,190.5,190.7,201.6,194.1,203.4,193.4,206.2,205.4,198.6,199.8,196.2,193.5
ED-0040,1351,22:31,190.8,189.4,203.1,193.7,201.2,192.3,205.7,204.1,200.9,200.7,196.7,192.7
ED-0040,1352,22:32,192.4,188.0,201.2,194.9,203.2,191.4,205.7,202.9,199.0,199.8,195.7,194.4
ED-0040,1353,22:33,191.7,191.1,201.5,193.1,203.6,193.5,209.1,203.3,199.6,199.5,195.2,192.1
ED-0040,1354,22:34,191.1,189.6,201.9,193.4,204.4,190.6,205.6,203.7,198.2,198.7,196.9,193.8
ED-0040,1355,22:35,191.9,190.2,200.5,193.5,203.0,193.3,206.3,202.8,198.9,200.0,195.7,193.4
ED-0040,1356,22:36,191.4,189.3,200.8,193.4,203.1,193.0,205.7,203.8,200.2,199.5,196.2,191.6
ED-0040,1357,22:37,192.3,187.9,201.8,194.7,202.6,193.8,206.6,204.1,198.5,199.5,195.4,193.9
ED-0040,1358,22:38,191.2,190.3,200.9,194.9,202.5,191.4,205.5,204.6,199.0,199.2,196.8,193.9
ED-0040,1359,22:39,191.7,189.4,201.8,192.9,203.8,191.4,205.7,204.6,199.9,199.2,196.4,193.6
ED-0040,1360,22:40,191.1,188.8,201.7,192.3,201.8,193.6,207.9,202.4,198.7,198.7,195.7,193.9
ED-0040,1361,22:41,191.3,189.4,200.7,195.4,203.9,193.4,207.4,204.1,200.0,198.4,196.9,193.2
ED-0040,1362,22:42,191.0,190.5,202.4,193.1,202.9,193.1,204.7,204.4,197.8,197.6,195.9,193.4
ED-0040,1363,22:43,192.2,190.6,200.9,193.9,201.7,192.8,205.4,204.9,198.4,197.6,196.5,192.8
ED-0040,1364,22:44,191.7,189.6,201.4,193.1,203.6,191.3,205.7,202.4,199.4,197.8,195.3,192.4
ED-0040,1365,22:45,191.3,191.3,200.9,193.7,203.6,192.2,206.1,204.7,198.4,199.1,196.6,193.0
ED-0040,1366,22:46,190.7,188.2,201.6,191.9,203.7,192.7,206.5,203.6,198.8,200.5,195.7,192.6
ED-0040,1367,22:47,191.6,188.8,202.3,193.1,202.9,191.5,206.5,204.0,198.0,198.1,197.4,191.3
ED-0040,1368,22:48,191.6,190.5,201.9,194.3,202.7,192.4,205.2,203.3,198.4,200.6,195.9,193.6
ED-0040,1369,22:49,190.6,189.2,202.7,192.6,203.4,192.8,204.6,203.6,198.3,198.9,195.4,192.7
ED-0040,1370,22:50,190.4,188.4,202.0,194.0,203.4,193.7,205.8,203.4,196.4,199.3,194.4,194.1
ED-0040,1371,22:51,190.2,188.7,202.0,194.0,202.6,192.5,205.8,202.5,198.6,200.0,196.4,192.2
ED-0040,1372,22:52,191.4,189.2,201.6,191.4,203.2,190.9,207.3,203.3,198.0,198.4,196.5,192.6
ED-0040,1373,22:53,191.9,188.5,202.7,192.9,203.1,192.8,207.1,203.4,197.8,198.6,196.6,193.7
ED-0040,1374,22:54,191.2,189.0,201.9,192.7,203.1,192.2,206.6,203.3,199.1,199.5,196.6,193.7
ED-0040,1375,22:55,192.0,190.1,201.6,193.2,203.2,193.1,205.4,204.6,198.0,198.0,196.5,193.7
ED-0040,1376,22:56,191.9,189.0,202.0,193.0,203.2,193.5,204.5,203.2,199.3,199.2,196.2,193.6
ED-0040,1377,22:57,190.9,188.4,201.4,193.8,203.6,192.4,206.0,202.2,199.5,200.1,195.2,193.9
ED-0040,1378,22:58,189.6,188.5,201.8,194.3,204.7,192.4,205.7,203.8,199.1,199.5,195.4,193.2
ED-0040,1379,22:59,191.9,189.9,201.0,193.2,202.3,193.1,207.3,202.9,197.7,198.9,197.3,193.6
ED-0040,1380,23:00,191.7,190.9,199.7,192.8,201.4,191.3,205.7,202.6,198.5,198.8,196.8,193.8
ED-0040,1381,23:01,191.6,189.6,201.0,193.1,203.2,191.6,207.5,203.9,197.9,199.1,195.7,193.4
ED-0040,1382,23:02,190.9,188.5,203.3,191.5,203.2,191.5,205.9,204.1,197.3,199.9,195.7,193.2
ED-0040,1383,23:03,191.4,189.1,201.5,191.9,202.1,193.2,206.0,203.0,197.1,198.6,195.0,194.1
ED-0040,1384,23:04,191.9,188.3,200.3,191.9,202.1,192.5,206.3,203.3,199.9,199.7,195.3,194.1
ED-0040,1385,23:05,193.2,189.1,201.6,192.9,203.3,192.9,207.4,202.4,198.8,198.4,196.4,192.4
ED-0040,1386,23:06,193.4,190.2,201.1,195.1,203.6,194.4,206.8,203.4,200.2,200.2,196.2,193.4
ED-0040,1387,23:07,191.7,187.4,200.7,194.5,202.0,192.8,206.8,204.2,196.9,199.2,196.7,193.1
ED-0040,1388,23:08,191.1,189.7,200.7,194.2,202.7,193.8,206.0,204.5,199.1,197.9,195.4,194.6
ED-0040,1389,23:09,192.1,188.9,202.8,193.0,201.8,192.4,206.1,204.6,198.4,199.1,194.1,192.8
ED-0040,1390,23:10,192.6,190.0,200.7,193.4,200.7,192.1,206.0,202.8,198.7,199.0,195.1,192.7
ED-0040,1391,23:11,190.4,189.3,201.7,193.2,202.1,193.2,206.0,203.0,197.1,199.4,195.6,192.9
ED-0040,1392,23:12,190.6,190.3,201.6,193.3,203.1,192.9,207.5,205.1,197.7,199.2,196.2,193.2
ED-0040,1393,23:13,191.4,187.5,202.1,192.0,201.4,192.3,206.1,203.7,199.0,199.6,195.5,193.6
ED-0040,1394,23:14,190.2,191.2,201.9,192.1,202.3,191.0,207.3,203.1,199.0,197.9,196.6,193.9
ED-0040,1395,23:15,189.6,188.5,202.2,193.7,201.0,192.9,206.3,203.2,199.3,199.3,197.6,192.7
ED-0040,1396,23:16,191.3,188.1,201.2,192.7,201.9,192.3,206.1,203.9,198.8,198.6,195.6,193.0
ED-0040,1397,23:17,190.2,188.8,201.5,193.2,203.8,193.9,205.3,204.0,198.6,199.4,194.6,192.3
ED-0040,1398,23:18,191.7,188.8,200.9,193.1,202.3,192.6,206.1,203.8,198.4,199.3,195.5,193.9
ED-0040,1399,23:19,190.9,189.2,201.6,192.5,201.4,193.3,207.3,203.2,199.2,200.7,197.2,191.8
ED-0040,1400,23:20,190.2,188.7,202.2,195.4,204.0,192.5,205.8,203.8,199.3,199.2,195.6,192.4
ED-0040,1401,23:21,191.9,188.8,203.3,193.1,201.6,191.5,205.8,204.0,200.5,198.5,196.7,193.2
ED-0040,1402,23:22,191.7,188.8,201.5,192.1,203.0,192.2,206.0,203.7,198.4,198.9,196.1,193.9
ED-0040,1403,23:23,191.0,188.5,202.3,192.4,203.5,190.0,207.3,203.3,197.7,199.0,194.0,194.2
ED-0040,1404,23:24,190.4,190.7,201.4,193.3,204.1,193.8,206.2,204.6,199.2,195.5,196.3,193.3
ED-0040,1405,23:25,192.5,189.9,200.4,192.2,203.2,193.0,206.5,204.3,199.5,199.9,196.9,194.2
ED-0040,1406,23:26,192.0,189.0,202.4,193.4,203.8,192.0,206.4,205.2,197.4,200.7,195.1,193.9
ED-0040,1407,23:27,191.6,189.8,201.6,193.1,201.7,192.6,206.1,203.9,196.8,197.6,195.5,194.4
ED-0040,1408,23:28,191.2,188.5,201.6,192.7,201.0,192.8,205.1,202.9,200.7,199.5,197.3,193.5
ED-0040,1409,23:29,190.5,188.8,201.9,192.8,203.7,192.9,205.4,203.3,199.5,199.4,195.4,192.9
ED-0040,1410,23:30,191.9,189.5,200.6,192.0,201.4,192.2,207.2,203.8,199.6,200.1,196.1,193.7
ED-0040,1411,23:31,192.6,188.7,202.9,193.4,203.9,191.4,206.6,203.5,197.5,199.3,196.4,193.3
ED-0040,1412,23:32,190.4,190.5,201.6,192.2,202.2,190.9,207.6,205.4,200.4,198.9,195.2,192.0
ED-0040,1413,23:33,191.1,188.4,200.2,194.4,202.8,193.1,207.0,203.8,198.3,199.8,196.7,192.3
ED-0040,1414,23:34,190.9,189.5,202.3,193.1,202.7,192.6,207.4,204.7,198.2,199.0,196.4,192.0
ED-0040,1415,23:35,189.0,189.8,202.2,194.7,201.7,191.3,208.0,202.8,197.2,199.2,196.7,194.7
ED-0040,1416,23:36,191.2,188.7,201.0,193.9,201.9,194.0,206.9,202.4,198.6,198.1,195.6,193.2
ED-0040,1417,23:37,189.6,188.8,200.6,192.0,202.7,191.9,206.1,204.2,198.2,199.3,196.4,191.7
ED-0040,1418,23:38,192.4,189.8,201.9,192.6,204.0,191.2,205.8,203.7,198.4,197.7,195.3,192.6
ED-0040,1419,23:39,192.0,191.2,200.0,193.5,203.6,192.5,206.5,203.4,197.5,199.2,195.3,194.3
ED-0040,1420,23:40,192.8,188.9,201.5,194.1,203.6,192.2,206.7,204.1,197.8,199.1,195.7,192.1
ED-0040,1421,23:41,192.2,189.2,201.4,192.5,201.5,192.5,205.4,202.7,198.2,197.5,195.8,194.1
ED-0040,1422,23:42,190.8,190.8,201.8,194.1,202.1,191.7,206.0,203.6,198.7,198.8,196.1,191.8
ED-0040,1423,23:43,191.3,187.9,202.1,192.5,202.7,192.5,207.7,203.8,197.6,198.5,197.1,192.1
ED-0040,1424,23:44,191.8,189.6,201.2,194.4,202.4,192.8,207.3,205.0,198.0,199.3,196.2,192.5
ED-0040,1425,23:45,192.9,189.8,200.6,193.0,202.9,192.3,206.1,203.5,196.8,198.2,196.3,193.2
ED-0040,1426,23:46,191.7,191.1,201.6,193.4,202.5,191.2,205.7,205.1,198.6,199.2,195.4,193.8
ED-0040,1427,23:47,191.3,188.8,201.6,192.6,201.8,192.9,206.0,204.2,197.4,198.7,196.3,192.9
ED-0040,1428,23:48,190.9,190.2,201.4,193.8,202.1,191.9,206.8,203.5,199.3,199.0,198.0,193.6
ED-0040,1429,23:49,191.4,189.7,202.8,192.3,202.4,193.3,207.5,204.0,200.9,200.6,195.8,193.3
ED-0040,1430,23:50,191.7,189.7,200.3,193.0,204.3,191.2,205.8,204.0,200.0,198.7,195.3,194.4
ED-0040,1431,23:51,191.1,189.5,201.0,193.9,203.6,191.9,206.6,204.1,198.7,198.8,196.2,193.3
ED-0040,1432,23:52,190.1,189.1,201.6,193.5,201.5,192.5,205.7,204.4,198.6,199.3,195.6,194.2
ED-0040,1433,23:53,190.9,188.2,201.9,192.1,202.2,192.8,208.0,203.4,199.2,199.6,196.7,194.7
ED-0040,1434,23:54,190.4,189.9,201.7,192.3,204.1,193.5,206.3,201.9,199.2,199.0,196.5,194.1
ED-0040,1435,23:55,191.2,187.5,202.9,193.2,203.5,191.3,205.7,203.1,198.7,199.3,196.5,193.9
ED-0040,1436,23:56,191.6,190.9,201.8,193.4,203.4,193.7,205.9,204.3,197.5,199.3,195.9,192.9
ED-0040,1437,23:57,192.1,187.4,201.8,191.3,202.2,191.9,207.4,206.1,198.1,198.7,194.8,193.7
ED-0040,1438,23:58,190.7,189.5,200.2,193.0,203.2,191.7,206.7,204.7,198.9,199.4,196.0,193.5
ED-0040,1439,23:59,192.1,189.4,201.9,193.9,202.1,193.3,204.9,203.6,197.8,199.7,194.3,192.4
ED-0040,1440,24:00,190.6,188.4,200.2,192.4,202.0,192.6,206.7,203.7,199.4,199.2,197.3,193.8
ED-0040,1441,24:01,190.2,190.7,202.9,192.0,203.8,193.1,206.3,203.9,199.6,198.4,197.6,194.9
ED-0040,1442,24:02,192.2,188.0,202.2,193.4,201.8,191.7,207.4,203.9,199.0,199.0,195.4,193.9
ED-0040,1443,24:03,191.1,189.9,203.7,193.3,203.5,192.4,206.2,204.6,199.5,199.6,196.3,193.1
ED-0040,1444,24:04,191.9,190.5,201.8,193.0,202.8,193.1,206.2,204.9,200.1,197.8,196.7,194.4
ED-0040,1445,24:05,192.3,189.0,201.8,193.4,201.7,193.5,207.2,203.0,198.3,198.1,196.4,194.0
ED-0040,1446,24:06,192.4,189.8,200.6,193.4,202.8,193.0,206.2,203.5,199.9,199.2,196.8,194.1
ED-0040,1447,24:07,191.2,190.1,201.4,192.2,201.8,192.3,207.3,203.8,198.1,198.8,196.3,192.7
ED-0040,1448,24:08,190.2,188.5,201.4,192.2,202.9,192.0,206.0,204.2,197.0,197.6,198.0,193.5
ED-0040,1449,24:09,189.5,188.9,201.0,192.5,201.7,192.4,207.1,202.8,198.5,198.9,196.0,193.1
ED-0040,1450,24:10,191.9,190.3,201.3,194.1,202.3,193.7,207.2,204.4,198.0,200.4,196.4,192.9
ED-0040,1451,24:11,192.2,189.8,201.2,193.7,201.4,194.2,205.8,204.4,199.0,198.0,196.0,192.1
ED-0040,1452,24:12,191.2,189.4,201.4,193.3,203.1,192.4,207.2,204.7,198.4,200.1,196.9,193.1
ED-0040,1453,24:13,190.6,188.4,201.5,195.1,203.3,190.8,205.7,203.3,199.4,196.9,197.3,191.1
ED-0040,1454,24:14,191.5,189.4,201.3,192.0,201.4,192.6,206.5,202.1,199.7,198.2,196.2,192.4
ED-0040,1455,24:15,191.7,189.2,201.2,192.7,202.3,192.9,206.0,204.5,198.8,199.8,196.5,193.0
ED-0040,1456,24:16,191.9,188.9,200.9,192.1,202.5,193.0,207.5,204.0,198.8,198.3,195.2,192.4
ED-0040,1457,24:17,190.3,188.8,203.1,193.2,202.2,191.7,205.0,204.1,198.3,199.4,195.6,194.0
ED-0040,1458,24:18,191.7,188.8,202.4,192.5,203.3,192.3,207.9,204.4,197.8,198.2,197.6,192.0
ED-0040,1459,24:19,191.6,188.7,199.7,193.9,203.1,191.8,205.7,205.1,198.0,198.9,196.4,192.2
ED-0040,1460,24:20,192.8,190.1,201.3,194.0,201.9,190.6,206.2,203.9,198.4,200.1,196.2,193.4
ED-0040,1461,24:21,191.1,189.0,200.9,193.1,202.4,192.4,204.7,204.4,199.1,198.3,193.9,193.1
ED-0040,1462,24:22,191.5,189.0,201.4,192.3,203.4,192.4,205.4,204.1,198.3,200.4,196.1,195.1
ED-0040,1463,24:23,192.5,189.3,203.0,192.4,202.9,191.3,206.7,203.3,199.3,198.0,196.2,192.8
ED-0040,1464,24:24,189.8,189.4,201.1,193.7,203.6,191.8,206.7,200.9,198.2,199.6,197.5,192.2
ED-0040,1465,24:25,191.5,188.7,202.2,193.8,203.4,193.2,206.6,201.9,198.8,199.6,195.4,193.4
ED-0040,1466,24:26,192.3,189.8,201.1,193.1,202.6,192.2,207.1,204.2,198.7,197.2,195.3,193.8
ED-0040,1467,24:27,191.2,189.2,200.8,192.6,203.4,192.9,207.2,204.0,199.4,198.7,196.5,194.1
ED-0040,1468,24:28,191.3,189.4,202.3,194.5,203.6,193.0,205.4,203.3,197.5,199.4,195.5,192.8
ED-0040,1469,24:29,191.3,190.6,202.3,193.6,203.1,191.8,205.4,203.0,198.0,197.4,195.6,195.2
ED-0040,1470,24:30,190.2,189.3,200.8,192.9,203.2,191.6,207.0,204.2,199.0,198.5,194.7,193.2
ED-0040,1471,24:31,191.6,189.1,202.8,193.0,202.7,192.0,205.9,203.3,199.2,198.8,195.4,192.1
ED-0040,1472,24:32,192.7,190.1,201.9,194.0,203.1,192.7,205.3,202.8,198.3,199.0,194.7,193.8
ED-0040,1473,24:33,191.3,188.8,200.6,194.2,202.6,192.3,207.8,203.5,198.3,198.5,196.2,192.9
ED-0040,1474,24:34,191.4,189.4,200.2,192.0,201.6,192.7,204.9,204.4,200.3,198.5,197.1,194.0
ED-0040,1475,24:35,190.8,189.1,199.4,192.4,202.2,192.3,205.3,205.8,197.5,199.5,195.3,193.5
ED-0040,1476,24:36,191.5,188.3,200.4,194.0,203.3,191.8,205.9,204.9,196.9,199.1,196.0,194.8
ED-0040,1477,24:37,190.9,190.5,202.4,193.3,202.1,193.3,206.0,205.6,197.9,200.9,195.9,194.0
ED-0040,1478,24:38,192.7,188.9,201.6,194.1,202.4,194.0,205.9,204.1,198.8,200.4,195.6,193.3
ED-0040,1479,24:39,191.3,189.5,201.8,193.0,203.7,194.9,206.2,204.9,198.4,198.8,197.9,192.3
ED-0040,1480,24:40,191.5,189.9,202.5,192.0,202.4,192.2,204.8,202.9,197.2,200.1,196.3,193.2
ED-0040,1481,24:41,190.5,189.2,202.4,193.3,203.3,192.2,206.1,204.2,198.5,199.5,196.0,193.4
ED-0040,1482,24:42,191.3,188.3,201.8,193.7,201.3,192.9,204.9,204.2,199.8,201.3,195.1,193.5
ED-0040,1483,24:43,191.8,189.6,201.7,192.2,202.9,191.2,206.0,204.0,198.3,200.0,194.4,194.2
ED-0040,1484,24:44,189.1,189.2,202.2,192.7,203.3,191.2,208.0,203.9,197.0,199.3,196.0,192.8
ED-0040,1485,24:45,191.4,189.1,200.2,193.3,202.9,192.3,207.3,204.0,197.6,199.5,194.9,194.1
ED-0040,1486,24:46,191.8,187.7,202.1,193.2,203.0,192.6,206.6,203.5,198.1,200.0,195.8,193.4
ED-0040,1487,24:47,193.5,189.5,201.4,194.1,202.0,191.4,206.9,203.1,197.5,200.6,195.0,193.7
ED-0040,1488,24:48,192.3,188.8,201.5,193.2,203.7,192.2,206.9,205.2,197.7,200.7,196.2,193.3
ED-0040,1489,24:49,191.1,189.3,202.1,191.8,202.0,192.0,206.0,204.0,198.6,199.6,196.1,195.0
ED-0040,1490,24:50,190.3,188.1,202.1,193.8,202.7,193.1,205.6,204.8,199.4,199.7,195.6,192.0
ED-0040,1491,24:51,192.0,188.2,202.2,192.9,203.4,192.3,207.2,202.5,198.5,198.9,195.7,192.8
ED-0040,1492,24:52,192.0,188.4,201.7,191.7,203.7,192.3,207.0,203.3,199.3,198.8,195.9,192.9
ED-0040,1493,24:53,192.2,189.4,201.2,193.4,202.1,192.3,206.9,204.7,198.1,200.4,194.5,192.4
ED-0040,1494,24:54,191.0,189.3,202.4,192.7,202.2,192.7,205.5,203.0,198.7,200.1,195.7,193.3
ED-0040,1495,24:55,193.8,189.0,202.1,193.4,201.3,191.5,208.5,204.5,198.8,199.8,197.0,193.8
ED-0040,1496,24:56,192.2,189.2,201.6,194.9,203.9,192.0,205.9,202.0,197.2,199.8,198.2,193.4
ED-0040,1497,24:57,190.9,189.0,201.5,194.2,204.3,191.5,208.2,203.2,198.9,199.1,195.9,194.6
ED-0040,1498,24:58,191.9,189.5,201.9,192.3,202.9,192.0,207.5,203.6,199.0,200.1,196.3,194.7
ED-0040,1499,24:59,192.5,190.3,201.4,193.4,202.1,194.0,207.5,204.4,198.0,199.5,196.7,193.0
ED-0040,1500,25:00,191.3,188.4,201.8,193.2,204.5,191.8,205.4,202.0,199.5,197.0,196.8,193.2
ED-0040,1501,25:01,192.0,188.8,202.5,193.2,202.7,194.5,206.2,203.4,199.5,198.4,195.9,192.6
ED-0040,1502,25:02,192.3,188.1,201.9,194.6,202.5,193.5,206.5,203.4,197.8,198.5,194.4,194.4
ED-0040,1503,25:03,190.6,187.6,202.6,193.6,203.0,192.8,206.8,203.9,199.6,200.0,195.9,191.3
ED-0040,1504,25:04,193.1,189.4,200.8,192.6,203.4,193.7,204.9,203.7,199.0,198.9,195.8,193.3
ED-0040,1505,25:05,190.8,190.1,201.7,192.7,203.1,191.7,206.3,203.6,198.5,198.7,196.7,193.0
ED-0040,1506,25:06,191.7,187.0,201.5,192.8,201.8,192.5,205.3,204.4,197.8,199.5,196.9,193.2
ED-0040,1507,25:07,191.2,189.6,202.1,194.2,202.8,192.5,206.2,203.6,200.2,199.3,197.0,194.2
ED-0040,1508,25:08,193.0,190.2,201.6,192.5,202.6,191.3,206.7,203.6,198.7,196.6,196.3,192.4
ED-0040,1509,25:09,191.1,188.2,202.3,194.0,203.4,192.2,205.8,203.4,199.3,200.2,195.9,192.8
ED-0040,1510,25:10,191.6,188.5,200.7,193.5,203.1,192.8,206.8,203.4,199.0,199.2,195.0,192.4
ED-0040,1511,25:11,193.1,189.6,201.3,193.2,202.7,192.9,206.0,202.4,199.3,198.8,195.5,191.5
ED-0040,1512,25:12,192.8,189.2,202.2,192.6,202.5,192.6,205.6,204.6,197.9,197.8,197.5,192.2
ED-0040,1513,25:13,191.1,190.0,201.5,193.5,203.5,191.4,205.9,203.9,198.1,199.5,195.2,193.6
ED-0040,1514,25:14,191.4,188.1,200.9,194.2,202.1,191.9,205.7,202.6,198.0,200.0,195.5,191.8
ED-0040,1515,25:15,191.2,191.0,199.9,192.8,202.4,191.7,207.4,202.0,199.6,198.5,196.5,192.7
ED-0040,1516,25:16,191.3,187.3,202.8,195.4,202.4,194.8,207.6,204.0,199.1,199.2,194.9,192.4
ED-0040,1517,25:17,191.0,190.2,201.4,192.9,202.0,193.5,205.4,203.8,199.2,198.6,195.2,193.6
ED-0040,1518,25:18,190.2,188.3,201.3,194.2,203.4,193.9,207.4,203.4,198.8,199.7,197.3,194.6
ED-0040,1519,25:19,192.4,188.3,201.7,195.5,204.2,192.6,206.4,204.2,199.1,198.6,195.7,191.4
ED-0040,1520,25:20,190.9,189.9,201.9,192.4,202.0,193.4,208.1,203.5,198.5,200.0,194.5,191.1
ED-0040,1521,25:21,191.7,188.4,200.2,193.3,203.7,192.0,207.0,204.1,198.4,199.4,195.6,192.7
ED-0040,1522,25:22,193.7,188.1,200.3,192.7,203.3,192.1,206.7,204.0,196.7,199.1,195.7,193.8
ED-0040,1523,25:23,192.1,189.8,201.7,192.4,204.1,192.6,206.3,204.1,198.8,198.9,195.6,194.0
ED-0040,1524,25:24,191.1,189.5,200.7,193.9,202.0,192.5,206.8,204.0,199.5,199.5,196.4,193.0
ED-0040,1525,25:25,191.2,190.5,202.4,193.2,204.3,193.3,206.9,202.2,197.9,198.3,195.8,194.1
ED-0040,1526,25:26,190.6,189.6,201.6,193.5,203.3,191.2,207.4,203.1,199.7,199.3,196.2,194.3
ED-0040,1527,25:27,190.1,189.7,201.6,193.1,201.3,191.3,206.4,203.8,197.6,198.4,195.8,191.4
ED-0040,1528,25:28,191.3,190.3,201.8,193.7,203.8,192.6,206.2,204.9,199.6,199.2,195.2,194.1
ED-0040,1529,25:29,190.0,187.6,201.1,194.2,200.4,193.2,207.3,203.8,198.2,197.7,196.4,194.5
ED-0040,1530,25:30,191.3,189.9,200.6,192.4,204.3,193.6,206.8,203.1,197.4,199.0,195.9,193.1
ED-0040,1531,25:31,190.0,189.2,202.3,193.9,205.1,192.3,205.6,203.3,196.2,199.8,196.9,194.4
ED-0040,1532,25:32,192.0,188.5,202.6,193.0,203.0,191.5,208.0,204.6,199.1,199.4,196.4,194.9
ED-0040,1533,25:33,192.3,190.2,199.9,193.9,203.3,193.3,207.2,203.8,197.5,199.2,196.0,193.6
ED-0040,1534,25:34,192.0,188.6,200.5,193.7,202.7,192.2,207.3,202.1,200.1,198.4,195.8,193.3
ED-0040,1535,25:35,191.9,190.2,201.0,192.0,202.9,192.7,205.8,204.4,198.7,200.2,195.6,194.6
ED-0040,1536,25:36,189.8,189.3,201.0,193.6,203.6,193.6,206.8,204.5,199.4,200.0,198.7,193.3
ED-0040,1537,25:37,192.2,189.6,201.5,193.1,203.7,193.1,206.3,204.7,198.7,200.3,196.1,196.1
ED-0040,1538,25:38,191.4,190.4,199.9,192.9,202.9,191.7,207.6,205.0,198.6,199.0,196.1,192.6
ED-0040,1539,25:39,191.4,186.8,200.5,192.6,203.5,193.2,206.8,203.4,199.6,200.7,195.3,193.1
ED-0040,1540,25:40,191.7,189.4,202.0,195.0,203.3,191.6,206.1,203.8,199.7,199.3,195.5,193.9
ED-0040,1541,25:41,190.8,189.3,200.0,194.0,201.7,191.4,206.5,204.3,199.9,199.5,197.2,193.0
ED-0040,1542,25:42,190.4,189.5,201.3,194.3,203.1,192.2,206.1,202.5,199.0,199.2,194.1,193.2
ED-0040,1543,25:43,190.4,189.2,201.2,190.9,202.4,193.8,206.8,204.7,196.7,200.3,197.1,194.8
ED-0040,1544,25:44,191.7,189.5,202.5,194.3,203.1,192.6,206.5,204.9,199.2,199.7,195.9,192.8
ED-0040,1545,25:45,190.6,188.7,201.3,192.7,201.8,191.6,207.3,203.7,200.1,199.9,195.2,193.4
ED-0040,1546,25:46,191.6,188.8,200.0,192.5,202.4,193.0,205.7,202.7,198.4,199.2,195.8,192.4
ED-0040,1547,25:47,192.0,189.2,201.5,193.6,202.3,193.1,206.5,202.8,199.8,197.6,195.6,193.2
ED-0040,1548,25:48,192.1,189.2,202.5,192.8,203.2,189.7,207.8,205.2,199.3,198.0,194.7,193.4
ED-0040,1549,25:49,190.0,188.5,202.3,194.1,201.8,193.3,206.6,202.1,197.7,199.9,195.7,195.1
ED-0040,1550,25:50,191.2,188.8,201.1,193.8,203.2,192.2,205.8,203.5,198.9,198.6,195.5,193.2
ED-0040,1551,25:51,190.1,189.9,202.0,194.0,202.3,193.2,206.4,204.4,199.6,198.7,194.1,193.1
ED-0040,1552,25:52,192.3,188.6,199.9,193.6,201.8,192.8,206.2,203.1,197.1,199.7,196.4,192.4
ED-0040,1553,25:53,190.5,189.4,203.0,194.1,202.4,192.8,206.5,203.1,198.4,200.0,197.1,193.1
ED-0040,1554,25:54,190.1,190.0,202.0,191.9,202.9,194.6,205.9,203.9,198.1,200.0,195.9,191.6
ED-0040,1555,25:55,190.5,187.6,201.7,193.3,202.9,192.6,205.8,202.7,198.1,199.5,197.1,192.0
ED-0040,1556,25:56,191.8,190.1,201.6,194.3,203.0,192.2,205.7,203.4,198.5,200.3,196.1,193.1
ED-0040,1557,25:57,191.6,189.7,200.7,194.8,202.7,194.2,206.9,205.0,198.9,199.3,194.6,195.3
ED-0040,1558,25:58,191.2,190.0,200.2,191.7,203.7,192.2,206.2,202.9,196.7,200.3,196.6,193.5
ED-0040,1559,25:59,190.5,188.7,200.7,194.1,203.4,191.7,207.1,203.9,198.7,198.4,196.0,194.1
ED-0040,1560,26:00,191.4,188.2,202.3,193.6,203.0,192.3,205.7,204.0,199.0,198.8,194.8,194.3
ED-0040,1561,26:01,191.5,190.3,200.8,194.3,202.3,191.7,206.6,202.8,197.9,199.0,195.6,194.6
ED-0040,1562,26:02,192.7,188.4,201.2,192.4,203.3,192.0,206.8,204.9,197.5,199.0,196.7,192.2
ED-0040,1563,26:03,190.3,190.1,201.0,192.1,203.5,192.8,207.0,204.0,198.9,198.5,195.4,194.0
ED-0040,1564,26:04,190.2,189.3,202.7,192.0,203.9,192.4,206.4,205.2,197.9,199.4,194.8,194.0
ED-0040,1565,26:05,190.6,189.7,201.6,194.3,202.7,191.9,207.2,204.3,198.1,197.4,196.0,191.6
ED-0040,1566,26:06,190.3,188.5,203.8,194.5,201.5,193.1,207.0,203.8,198.4,199.5,195.4,193.8
ED-0040,1567,26:07,191.4,190.1,200.2,191.3,202.8,194.3,205.6,203.4,199.3,200.0,197.1,194.4
ED-0040,1568,26:08,192.0,190.0,201.5,193.9,203.0,192.6,206.8,204.7,200.2,198.7,197.3,193.4
ED-0040,1569,26:09,192.9,189.0,201.7,192.6,203.3,190.7,206.5,203.9,200.1,198.7,195.6,194.2
ED-0040,1570,26:10,192.4,187.5,201.3,194.6,204.1,192.5,207.3,204.2,198.5,200.0,194.9,193.2
ED-0040,1571,26:11,190.0,188.5,202.4,191.1,201.5,192.2,206.7,203.9,198.0,199.5,194.5,193.6
ED-0040,1572,26:12,191.0,190.5,202.0,193.8,202.5,193.1,206.4,204.3,198.0,198.4,197.5,193.1
ED-0040,1573,26:13,191.1,189.2,202.3,192.2,202.4,191.2,206.2,204.4,199.5,199.8,196.6,192.9
ED-0040,1574,26:14,191.9,190.2,201.3,193.6,203.0,193.0,207.2,204.1,199.3,198.4,196.9,193.4
ED-0040,1575,26:15,191.5,187.7,202.0,192.2,203.2,193.5,207.4,204.0,196.6,199.0,196.3,193.7
ED-0040,1576,26:16,191.5,189.1,200.5,194.1,202.4,193.9,205.9,203.0,198.3,197.8,196.4,193.4
ED-0040,1577,26:17,192.0,190.1,201.6,194.1,202.4,192.1,206.1,203.6,197.5,199.3,195.9,194.9
ED-0040,1578,26:18,192.0,189.3,202.3,193.7,203.4,192.6,206.7,205.2,198.9,198.5,196.4,193.1
ED-0040,1579,26:19,192.5,189.4,203.3,194.2,202.2,193.8,206.0,203.3,197.5,198.4,195.4,192.3
ED-0040,1580,26:20,193.1,190.0,202.3,193.5,203.0,193.0,207.4,203.3,199.6,200.6,196.0,193.1
ED-0040,1581,26:21,192.6,189.0,201.7,193.4,201.6,193.3,207.5,204.3,198.9,199.9,196.3,194.1
ED-0040,1582,26:22,190.7,189.2,202.0,193.8,202.3,191.3,205.1,203.8,199.2,197.6,195.8,193.8
ED-0040,1583,26:23,191.2,188.8,201.0,191.9,203.5,191.6,206.6,203.4,196.4,198.6,196.6,193.6
ED-0040,1584,26:24,190.2,188.9,201.3,193.3,201.5,191.8,205.3,204.4,197.1,199.8,196.3,192.5
ED-0040,1585,26:25,191.0,190.2,202.2,191.5,203.1,192.0,206.0,203.3,197.8,198.8,196.0,193.2
ED-0040,1586,26:26,191.2,188.7,202.0,193.8,202.0,191.8,206.5,203.6,198.2,199.6,194.8,193.6
ED-0040,1587,26:27,191.5,190.1,202.2,192.1,203.0,191.9,206.5,203.2,200.1,198.1,196.1,192.9
ED-0040,1588,26:28,192.1,189.9,200.2,193.0,202.3,193.8,206.4,203.3,199.4,198.8,196.0,193.0
ED-0040,1589,26:29,191.0,190.4,201.1,192.8,203.5,193.4,206.3,202.2,196.9,197.2,194.6,193.0
ED-0040,1590,26:30,191.1,188.6,201.5,192.5,203.1,193.2,207.6,203.4,197.7,198.6,196.6,193.0
ED-0040,1591,26:31,192.5,189.6,202.3,192.9,202.3,192.9,207.2,203.7,199.1,198.4,194.4,193.5
ED-0040,1592,26:32,191.0,188.6,201.2,193.3,203.1,192.8,206.7,204.9,198.8,199.3,196.4,194.2
ED-0040,1593,26:33,190.6,188.8,201.1,193.9,203.5,193.1,205.0,203.1,198.2,198.0,196.4,194.1
ED-0040,1594,26:34,190.9,189.7,200.6,193.9,204.7,192.3,205.5,205.0,197.3,200.0,195.0,193.5
ED-0040,1595,26:35,190.7,188.9,201.5,192.7,201.6,192.0,207.6,203.2,198.4,198.6,196.9,192.7
ED-0040,1596,26:36,191.2,189.8,201.5,192.2,200.8,193.0,205.6,203.2,199.5,198.3,195.5,193.5
ED-0040,1597,26:37,191.7,188.4,201.2,193.2,201.4,191.5,206.3,203.5,198.7,199.6,196.3,192.8
ED-0040,1598,26:38,191.5,188.4,201.6,194.6,204.1,193.1,206.0,204.7,198.5,199.5,194.9,192.9
ED-0040,1599,26:39,190.7,187.4,202.4,193.4,202.0,192.4,207.2,205.5,197.7,199.1,194.8,193.9
ED-0040,1600,26:40,193.3,190.2,202.1,192.4,201.8,192.1,206.3,203.5,199.5,198.5,197.0,194.1
ED-0040,1601,26:41,191.6,190.1,201.5,195.7,201.0,192.5,207.4,203.9,198.8,199.2,195.7,193.9
ED-0040,1602,26:42,191.9,190.7,202.2,192.3,203.9,192.1,206.6,203.5,199.9,199.3,196.6,194.1
ED-0040,1603,26:43,192.7,188.7,201.7,193.9,203.4,192.0,205.8,204.4,199.7,198.6,196.3,195.3
ED-0040,1604,26:44,191.4,188.0,201.3,193.4,203.6,192.4,205.7,204.3,199.4,200.0,196.5,194.1
ED-0040,1605,26:45,192.9,188.3,200.2,193.7,203.0,192.9,206.6,203.4,197.6,199.0,196.6,192.7
ED-0040,1606,26:46,192.1,190.5,201.5,193.4,201.7,192.5,207.7,204.7,199.5,198.3,194.9,194.6
ED-0040,1607,26:47,191.1,190.3,203.0,193.7,202.7,192.2,205.9,204.0,198.1,199.0,196.4,191.7
ED-0040,1608,26:48,190.3,189.9,202.1,193.5,202.2,191.9,207.7,203.9,200.3,199.2,196.2,194.5
ED-0040,1609,26:49,191.8,190.9,202.1,192.0,203.7,192.4,205.1,204.6,198.5,199.0,197.6,194.3
ED-0040,1610,26:50,192.9,189.9,201.5,193.2,202.9,193.6,206.0,203.8,197.7,197.7,197.3,193.8
ED-0040,1611,26:51,190.9,188.2,200.0,193.2,202.2,194.0,205.9,203.6,198.3,197.5,194.7,193.1
ED-0040,1612,26:52,190.8,190.4,202.5,192.1,202.5,193.0,205.6,204.2,198.1,198.1,195.0,192.1
ED-0040,1613,26:53,191.9,190.1,200.6,193.6,202.9,192.2,205.4,204.2,197.2,198.9,196.5,194.4
ED-0040,1614,26:54,191.3,188.3,200.3,193.2,203.4,192.0,207.2,203.9,198.7,198.6,195.6,193.9
ED-0040,1615,26:55,191.8,189.6,201.0,193.6,202.5,193.6,204.3,203.2,198.7,198.8,194.1,192.0
ED-0040,1616,26:56,192.0,188.9,203.0,193.8,203.5,191.9,207.4,204.6,196.9,199.4,193.9,192.9
ED-0040,1617,26:57,193.3,189.6,200.5,193.9,203.3,193.5,206.4,202.8,197.1,198.8,196.1,193.2
ED-0040,1618,26:58,191.0,188.0,201.2,195.0,202.9,193.0,207.3,203.9,198.5,198.9,195.3,192.7
ED-0040,1619,26:59,192.0,190.2,201.3,193.3,201.0,192.4,207.2,203.5,199.0,198.7,195.4,194.6
ED-0040,1620,27:00,191.4,189.4,201.9,194.5,203.5,191.8,207.1,203.4,199.5,198.6,198.0,193.1
ED-0040,1621,27:01,193.0,188.0,202.7,193.4,202.0,192.7,205.0,204.3,198.2,198.1,195.9,192.3
ED-0040,1622,27:02,191.8,187.1,201.2,193.7,202.7,192.9,206.6,202.8,196.6,198.6,196.3,194.1
ED-0040,1623,27:03,190.4,189.4,202.4,193.1,202.7,191.5,204.7,203.6,199.5,198.9,195.7,193.9
ED-0040,1624,27:04,191.7,189.2,201.6,192.6,201.7,192.0,208.1,203.7,198.3,199.1,195.6,193.2
ED-0040,1625,27:05,191.4,188.5,202.0,193.0,202.0,191.4,205.9,204.2,197.6,199.7,196.6,192.4
ED-0040,1626,27:06,190.9,187.9,201.5,193.5,202.8,191.3,206.6,205.3,198.6,198.1,197.5,192.2
ED-0040,1627,27:07,193.6,190.3,201.6,194.7,203.1,191.7,206.5,203.4,199.1,197.8,196.2,192.6
ED-0040,1628,27:08,189.5,188.9,201.0,191.8,202.1,192.7,207.2,205.0,199.5,196.5,195.5,192.0
ED-0040,1629,27:09,193.4,189.3,201.1,193.3,201.1,191.2,205.9,203.6,198.2,200.1,194.1,193.4
ED-0040,1630,27:10,191.6,189.1,200.3,192.5,202.6,191.7,206.0,204.4,197.9,199.9,196.2,194.0
ED-0040,1631,27:11,191.3,190.1,202.4,194.0,202.2,191.1,207.2,203.5,198.9,199.5,196.0,193.3
ED-0040,1632,27:12,191.7,188.6,200.4,193.4,202.8,193.3,205.7,202.2,198.5,197.9,195.2,193.0
ED-0040,1633,27:13,191.7,188.9,201.7,192.8,202.1,195.2,206.0,204.1,198.8,199.2,197.7,193.2
ED-0040,1634,27:14,191.2,189.0,202.5,192.0,203.3,192.0,207.0,204.2,198.6,199.7,196.8,194.9
ED-0040,1635,27:15,190.6,189.4,203.3,193.4,202.3,195.3,207.0,204.7,198.6,198.9,195.7,192.1
ED-0040,1636,27:16,190.9,188.7,200.8,192.4,201.6,194.8,207.2,203.6,198.7,198.0,197.3,193.7
ED-0040,1637,27:17,190.6,190.9,200.9,194.1,203.5,192.6,208.0,203.7,198.7,198.2,196.3,194.7
ED-0040,1638,27:18,192.9,190.0,200.2,193.9,204.3,192.8,206.7,204.8,197.1,199.4,195.7,192.8
ED-0040,1639,27:19,191.3,190.0,201.3,191.5,203.0,190.8,205.8,204.4,198.0,199.8,196.8,192.9
ED-0040,1640,27:20,191.7,187.8,201.2,191.8,201.0,191.6,206.5,204.2,199.0,198.6,195.9,192.4
ED-0040,1641,27:21,191.2,189.3,200.4,193.4,202.5,193.5,206.6,204.2,198.3,197.6,196.3,194.0
ED-0040,1642,27:22,192.1,188.4,202.0,194.0,201.5,192.8,206.5,203.3,198.7,199.2,195.7,193.2
ED-0040,1643,27:23,191.7,191.2,202.6,191.5,202.9,194.2,206.6,204.3,198.4,199.3,195.6,192.7
ED-0040,1644,27:24,190.6,188.8,201.8,191.6,203.0,192.3,206.3,204.7,199.3,199.7,196.5,193.1
ED-0040,1645,27:25,192.1,189.1,201.7,193.0,201.8,192.9,207.1,203.4,198.1,198.7,196.9,193.6
ED-0040,1646,27:26,191.5,189.8,200.0,194.3,203.0,193.2,207.5,203.5,197.8,199.0,198.0,192.9
ED-0040,1647,27:27,191.0,188.3,200.2,193.0,204.5,192.7,205.6,203.7,198.5,199.1,196.4,193.9
ED-0040,1648,27:28,192.8,188.7,201.3,193.9,202.5,192.6,206.7,203.4,198.5,197.9,196.6,193.5
ED-0040,1649,27:29,191.9,189.5,201.5,194.2,202.9,192.7,207.9,204.1,198.8,199.1,196.9,192.6
ED-0040,1650,27:30,189.9,189.7,202.5,194.3,203.8,191.2,207.8,204.0,197.9,200.1,195.5,194.2
ED-0040,1651,27:31,191.1,189.0,202.0,194.3,204.7,193.5,205.6,203.1,199.7,197.7,193.8,192.3
ED-0040,1652,27:32,191.8,189.1,201.3,192.7,202.3,193.9,206.8,202.9,199.5,198.7,196.6,193.7
ED-0040,1653,27:33,191.0,188.7,202.2,194.6,202.9,193.4,206.0,203.7,199.0,200.2,195.3,192.4
ED-0040,1654,27:34,189.9,187.2,201.5,193.8,201.5,192.1,206.4,203.2,200.3,199.4,194.6,193.8
ED-0040,1655,27:35,189.8,190.0,200.7,192.5,203.2,191.7,206.8,204.1,199.1,198.9,195.6,193.1
ED-0040,1656,27:36,190.7,189.3,200.4,192.9,202.4,192.6,206.7,203.2,197.8,198.5,195.8,192.0
ED-0040,1657,27:37,192.3,190.4,200.7,193.1,202.8,192.3,208.2,204.2,198.8,200.0,195.1,192.7
ED-0040,1658,27:38,192.5,188.6,201.7,193.3,202.1,190.6,206.3,205.0,198.8,199.1,196.6,194.6
ED-0040,1659,27:39,191.5,189.7,203.0,193.8,201.6,193.2,206.7,205.1,198.4,198.8,195.1,195.2
ED-0040,1660,27:40,192.3,187.7,201.2,191.4,202.7,193.2,205.5,203.2,198.6,199.4,196.3,192.8
ED-0040,1661,27:41,190.8,189.5,200.8,192.8,203.4,193.1,205.9,205.7,199.1,199.8,195.9,193.3
ED-0040,1662,27:42,192.6,189.7,201.9,193.4,203.5,192.7,206.5,202.6,198.0,197.3,195.8,192.7
ED-0040,1663,27:43,193.2,190.1,200.5,193.2,203.0,192.4,206.9,203.3,198.5,199.1,195.9,193.8
ED-0040,1664,27:44,190.9,189.9,201.0,192.6,204.6,193.5,206.6,203.5,199.5,197.3,196.6,193.8
ED-0040,1665,27:45,191.0,189.7,201.7,193.7,203.7,191.4,206.3,203.7,199.2,199.8,195.5,193.8
ED-0040,1666,27:46,190.7,190.3,201.8,193.8,203.3,191.2,207.2,204.3,198.7,198.8,196.5,193.9
ED-0040,1667,27:47,193.2,190.8,201.0,194.8,202.2,192.4,206.2,204.1,199.3,199.5,195.3,192.9
ED-0040,1668,27:48,192.5,188.5,201.7,194.3,204.3,191.9,206.9,201.1,198.9,200.0,196.1,192.4
ED-0040,1669,27:49,190.5,190.6,200.2,192.8,204.2,192.0,205.9,203.1,197.3,198.9,194.8,191.7
ED-0040,1670,27:50,192.1,188.8,201.1,193.5,203.2,192.9,207.3,204.5,198.6,200.0,195.4,193.6
ED-0040,1671,27:51,191.5,187.7,203.3,193.9,202.5,191.6,207.2,203.5,198.5,199.8,195.2,193.5
ED-0040,1672,27:52,191.2,189.6,201.9,194.1,202.5,192.5,205.8,204.3,199.1,199.6,196.3,192.5
ED-0040,1673,27:53,192.8,189.6,202.3,192.4,202.9,193.6,206.4,204.1,197.4,198.6,196.3,193.0
ED-0040,1674,27:54,190.7,188.6,201.3,193.4,202.8,191.7,206.9,203.7,199.2,199.0,195.3,192.7
ED-0040,1675,27:55,191.5,190.1,201.9,194.0,202.0,193.0,206.1,203.6,196.7,198.9,197.1,191.3
ED-0040,1676,27:56,193.2,189.8,201.6,192.1,203.6,191.8,205.2,202.7,199.0,199.1,195.9,194.2
ED-0040,1677,27:57,191.9,188.8,200.3,192.3,202.5,193.0,206.0,204.1,198.8,199.4,196.9,193.6
ED-0040,1678,27:58,191.5,189.1,201.5,194.3,202.7,191.7,207.3,203.9,200.2,198.5,195.8,193.6
ED-0040,1679,27:59,192.1,190.0,201.1,194.1,204.1,191.7,207.0,203.5,198.6,197.0,195.4,194.1
ED-0040,1680,28:00,191.2,190.2,202.3,194.1,202.5,190.8,205.9,203.4,198.0,198.7,195.4,193.4
ED-0040,1681,28:01,191.5,189.5,200.1,192.7,201.4,192.4,206.5,203.0,197.6,199.3,196.6,194.4
ED-0040,1682,28:02,190.8,189.8,201.6,193.1,203.2,191.7,206.6,203.6,197.1,198.8,195.8,193.9
ED-0040,1683,28:03,190.9,188.6,202.4,191.7,203.7,192.9,205.7,205.1,198.3,198.4,195.0,193.7
ED-0040,1684,28:04,191.4,188.2,202.2,193.7,203.0,193.4,207.2,203.5,199.7,198.4,196.5,192.8
ED-0040,1685,28:05,190.9,190.7,201.3,192.7,200.5,193.4,205.8,204.9,197.8,200.2,196.6,194.0
ED-0040,1686,28:06,191.6,189.0,202.0,193.7,203.6,191.4,205.5,202.7,197.5,199.0,195.3,193.5
ED-0040,1687,28:07,191.1,187.5,201.1,192.6,203.3,193.1,206.9,203.5,198.0,199.0,197.0,192.6
ED-0040,1688,28:08,189.6,187.3,202.2,195.0,202.2,192.7,206.9,204.7,197.9,199.4,195.8,193.9
ED-0040,1689,28:09,191.4,190.5,202.9,193.4,201.2,193.4,208.1,204.1,198.0,198.5,195.8,192.7
ED-0040,1690,28:10,192.1,187.9,201.6,193.6,204.0,191.1,206.1,205.4,198.2,200.0,194.6,193.4
ED-0040,1691,28:11,190.0,188.5,202.1,192.8,201.8,191.2,206.1,203.1,198.6,198.6,195.2,195.0
ED-0040,1692,28:12,190.5,189.9,200.2,191.8,201.9,192.9,206.4,202.9,199.6,199.2,195.8,193.5
ED-0040,1693,28:13,190.1,188.8,201.6,192.3,204.0,193.1,206.3,204.0,199.3,198.5,195.5,194.0
ED-0040,1694,28:14,191.5,189.6,201.3,193.0,204.2,191.5,206.6,203.3,199.8,199.3,195.9,194.2
ED-0040,1695,28:15,191.5,188.8,201.4,194.1,202.0,192.6,206.0,202.9,198.3,199.9,195.9,193.9
ED-0040,1696,28:16,190.9,189.3,201.8,192.5,203.4,192.0,206.1,203.4,200.0,200.0,196.7,192.6
ED-0040,1697,28:17,191.8,188.1,201.6,193.7,203.6,191.4,206.7,202.6,197.4,199.1,196.7,192.3
ED-0040,1698,28:18,192.0,188.8,201.2,194.0,203.0,192.3,206.7,204.5,198.4,199.0,196.9,194.0
ED-0040,1699,28:19,191.2,189.8,200.9,193.6,203.7,192.3,204.8,204.3,197.9,199.6,196.9,193.0
ED-0040,1700,28:20,191.5,190.5,201.5,192.8,203.7,193.0,208.6,203.4,198.9,198.8,195.1,192.9
ED-0040,1701,28:21,190.9,190.1,201.1,192.4,203.1,192.3,207.1,204.5,199.1,199.8,196.9,194.1
ED-0040,1702,28:22,192.0,190.5,202.0,191.3,202.7,193.1,205.5,203.7,199.6,199.7,195.9,193.7
ED-0040,1703,28:23,191.5,189.4,202.0,193.5,203.6,191.3,205.0,204.9,198.2,199.9,195.5,194.5
ED-0040,1704,28:24,190.9,188.5,201.4,193.2,203.2,191.4,207.8,204.3,199.5,200.2,195.2,196.2
ED-0040,1705,28:25,191.4,190.4,201.8,192.9,203.4,193.9,207.7,204.1,197.6,199.1,197.2,192.6
ED-0040,1706,28:26,191.3,190.8,200.8,193.1,201.8,192.0,207.9,204.2,199.9,200.2,196.6,193.0
ED-0040,1707,28:27,190.3,189.4,201.2,194.4,202.7,192.6,206.8,203.6,199.5,197.8,194.5,194.7
ED-0040,1708,28:28,191.8,190.6,201.9,193.7,202.2,191.6,207.0,205.0,197.3,198.0,197.0,193.6
ED-0040,1709,28:29,190.0,189.7,202.0,194.0,205.0,192.4,206.5,204.0,197.2,198.6,196.4,195.1
ED-0040,1710,28:30,190.7,189.0,201.4,193.0,201.2,190.6,206.7,204.6,198.5,199.7,197.2,193.6
ED-0040,1711,28:31,191.3,189.3,201.4,193.3,202.6,190.6,206.8,203.8,198.4,199.9,196.2,193.6
ED-0040,1712,28:32,192.1,188.3,202.0,195.0,203.7,192.0,206.1,203.9,198.2,196.8,196.6,194.6
ED-0040,1713,28:33,191.2,190.6,202.3,194.0,203.3,192.7,208.0,203.0,200.6,198.9,195.9,192.0
ED-0040,1714,28:34,191.6,189.1,203.0,194.6,202.6,192.9,206.0,203.7,199.0,198.8,196.7,195.7
ED-0040,1715,28:35,191.7,188.5,201.1,193.3,203.7,193.3,206.8,203.8,199.7,199.9,196.5,193.0
ED-0040,1716,28:36,190.3,189.4,202.4,192.7,202.1,192.3,207.0,204.1,197.8,198.6,196.6,193.5
ED-0040,1717,28:37,191.9,189.4,201.2,194.5,202.0,192.7,206.7,203.9,198.6,199.5,196.7,192.7
ED-0040,1718,28:38,191.3,190.0,201.8,194.0,202.8,194.3,205.8,203.1,197.5,198.7,195.8,194.7
ED-0040,1719,28:39,192.1,189.6,200.2,193.2,202.5,191.4,205.3,204.9,200.2,197.8,197.2,193.0
ED-0040,1720,28:40,190.2,189.6,202.2,194.5,204.0,192.9,207.4,202.7,199.3,199.3,196.1,195.1
ED-0040,1721,28:41,192.5,189.7,200.7,193.5,204.4,192.7,206.4,204.9,197.9,199.7,196.1,192.4
ED-0040,1722,28:42,190.0,189.0,202.5,192.3,202.7,193.4,204.7,203.3,198.5,198.0,197.4,193.6
ED-0040,1723,28:43,190.5,190.0,202.4,193.1,202.8,192.4,206.0,203.4,200.6,199.5,194.9,194.5
ED-0040,1724,28:44,191.7,188.8,203.0,192.0,201.6,193.1,206.7,203.4,199.5,199.0,196.5,193.6
ED-0040,1725,28:45,191.6,188.9,200.6,192.3,203.2,193.2,205.4,204.2,199.8,200.3,195.8,193.5
ED-0040,1726,28:46,190.4,190.2,201.7,193.0,203.2,192.6,206.4,204.6,200.0,199.8,195.8,192.2
ED-0040,1727,28:47,191.3,189.5,201.5,193.6,205.3,191.7,206.5,204.5,198.9,198.8,196.3,192.7
ED-0040,1728,28:48,191.5,188.0,202.4,193.4,203.8,193.1,206.7,204.5,197.1,198.4,194.9,192.2
ED-0040,1729,28:49,192.2,189.2,203.1,193.5,202.4,193.5,207.6,204.5,198.6,197.6,197.7,193.7
ED-0040,1730,28:50,191.6,189.2,203.2,193.5,202.0,193.3,207.7,204.2,198.7,197.6,195.7,194.5
ED-0040,1731,28:51,191.0,189.2,201.5,192.2,203.4,194.1,206.4,203.1,197.9,199.9,196.5,193.9
ED-0040,1732,28:52,192.3,189.3,203.5,191.7,203.0,193.2,206.2,204.2,198.0,199.1,196.0,194.3
ED-0040,1733,28:53,192.3,188.4,201.5,192.8,201.5,193.7,206.7,203.5,199.0,201.3,196.1,194.1
ED-0040,1734,28:54,191.1,187.8,201.0,193.0,203.4,193.0,206.9,203.1,198.5,198.8,196.7,192.3
ED-0040,1735,28:55,192.7,189.8,202.5,193.5,203.0,192.7,206.5,202.4,198.0,199.7,195.2,192.9
ED-0040,1736,28:56,191.8,189.2,201.1,192.1,203.0,192.9,206.2,204.1,198.6,198.5,196.5,191.7
ED-0040,1737,28:57,190.7,188.2,201.7,193.8,204.8,192.3,206.7,204.4,197.1,199.5,196.0,193.5
ED-0040,1738,28:58,191.8,187.9,201.3,192.8,201.3,193.3,208.7,203.1,198.4,200.3,195.5,194.1
ED-0040,1739,28:59,192.8,189.8,201.7,193.5,203.5,191.8,205.9,203.0,198.1,198.4,197.0,193.0
ED-0040,1740,29:00,190.5,188.1,201.8,192.2,201.7,191.7,206.5,205.1,199.1,198.6,195.7,192.9
ED-0040,1741,29:01,192.5,190.0,201.5,195.0,203.3,192.9,207.1,203.9,198.6,199.1,197.1,192.9
ED-0040,1742,29:02,192.5,189.2,201.1,192.3,202.3,191.7,205.7,203.3,198.0,198.7,196.7,194.0
ED-0040,1743,29:03,191.5,189.4,201.9,192.2,202.3,193.9,206.5,204.6,197.7,198.8,195.6,194.1
ED-0040,1744,29:04,191.1,187.7,201.1,192.4,202.9,193.0,205.9,203.5,199.8,198.4,195.3,193.8
ED-0040,1745,29:05,192.3,189.2,203.0,193.1,203.9,192.5,207.2,202.5,198.1,199.4,197.3,193.4
ED-0040,1746,29:06,191.3,189.4,202.3,194.1,203.0,192.2,206.8,204.8,199.7,199.6,194.7,193.9
ED-0040,1747,29:07,193.4,190.0,201.1,194.5,203.6,192.2,206.7,202.7,197.7,197.9,196.5,192.9
ED-0040,1748,29:08,190.2,189.8,200.2,193.9,203.5,192.8,206.4,204.4,198.6,197.8,196.8,194.3
ED-0040,1749,29:09,191.1,190.2,200.4,192.9,203.1,191.2,206.1,204.5,199.0,198.5,196.5,194.5
ED-0040,1750,29:10,191.2,189.0,201.7,194.5,203.3,190.7,205.5,203.5,198.9,198.9,197.0,194.1
ED-0040,1751,29:11,191.2,190.2,201.2,192.2,201.4,194.3,204.3,203.1,198.2,199.7,196.8,192.5
ED-0040,1752,29:12,190.8,189.3,201.0,194.4,203.8,191.6,206.6,202.6,198.3,198.7,195.7,194.6
ED-0040,1753,29:13,191.9,189.1,201.7,193.4,203.6,191.1,205.8,203.5,198.2,198.5,194.3,193.8
ED-0040,1754,29:14,190.7,188.4,201.6,194.0,203.9,191.5,206.6,203.6,200.2,199.3,196.3,192.7
ED-0040,1755,29:15,192.1,190.3,201.0,192.7,202.4,192.2,205.3,204.3,199.2,197.6,195.9,192.9
ED-0040,1756,29:16,191.4,189.0,202.4,191.9,202.9,193.7,206.3,204.1,197.8,199.1,195.5,192.9
ED-0040,1757,29:17,191.8,189.7,200.8,193.0,203.2,191.5,207.0,203.5,197.6,199.8,194.9,192.6
ED-0040,1758,29:18,191.4,188.5,202.8,192.9,203.6,193.1,206.3,203.5,198.4,200.6,196.8,193.5
ED-0040,1759,29:19,189.9,188.7,199.9,195.7,203.1,193.0,208.0,203.6,199.4,199.9,194.8,193.4
ED-0040,1760,29:20,191.9,188.5,201.4,191.8,203.0,192.7,206.1,203.4,199.1,200.0,197.1,193.8
ED-0040,1761,29:21,191.5,190.2,199.9,190.7,203.0,192.0,208.0,203.5,196.5,199.0,194.7,193.0
ED-0040,1762,29:22,193.0,189.7,201.5,193.4,203.2,191.4,207.2,203.2,198.5,200.3,196.5,192.8
ED-0040,1763,29:23,191.3,190.2,201.8,194.5,202.9,193.9,205.5,202.6,199.1,198.6,196.2,194.3
ED-0040,1764,29:24,190.5,189.9,202.0,192.0,202.9,192.4,205.7,204.5,199.5,198.8,195.7,194.0
ED-0040,1765,29:25,192.0,188.5,201.7,193.2,204.0,191.4,205.9,204.9,198.8,199.5,196.4,192.9
ED-0040,1766,29:26,190.5,190.2,202.4,193.0,203.0,192.0,206.2,203.6,198.7,197.7,194.4,195.3
ED-0040,1767,29:27,192.3,188.5,201.6,193.9,202.5,192.4,207.5,204.4,198.2,197.0,197.9,192.8
ED-0040,1768,29:28,192.5,188.0,201.3,191.6,202.9,193.7,207.3,203.7,199.6,199.8,193.7,192.4
ED-0040,1769,29:29,190.9,188.1,202.9,193.3,202.5,193.2,206.2,204.5,199.2,198.4,196.0,194.4
ED-0040,1770,29:30,191.6,188.1,201.8,194.0,201.2,192.7,206.9,203.5,199.5,198.6,195.5,193.3
ED-0040,1771,29:31,190.7,189.9,200.8,193.6,202.8,191.3,207.6,204.2,199.5,199.1,196.6,192.0
ED-0040,1772,29:32,193.3,189.6,201.7,194.4,203.7,192.1,206.1,204.1,199.2,199.2,198.0,192.9
ED-0040,1773,29:33,191.7,188.9,202.0,192.0,203.0,193.9,207.5,203.0,197.4,198.1,195.3,192.8
ED-0040,1774,29:34,190.7,189.1,202.5,192.9,203.5,192.7,207.1,204.1,197.6,199.7,196.8,194.6
ED-0040,1775,29:35,192.7,190.8,201.7,192.8,203.1,194.6,206.4,203.7,199.8,200.7,195.4,192.7
ED-0040,1776,29:36,191.2,189.5,201.1,194.4,203.0,193.0,206.8,204.3,198.1,198.4,196.0,193.7
ED-0040,1777,29:37,191.2,190.2,202.0,195.0,201.2,193.5,206.0,204.7,199.3,198.3,195.2,193.4
ED-0040,1778,29:38,190.2,190.3,201.6,193.8,202.0,193.0,207.5,202.2,199.2,199.0,195.7,192.0
ED-0040,1779,29:39,193.3,189.0,202.6,192.4,201.5,193.0,205.3,203.5,196.9,198.0,196.9,193.9
ED-0040,1780,29:40,193.6,188.8,200.7,191.2,204.0,190.3,206.0,201.8,198.6,198.7,196.6,192.6
ED-0040,1781,29:41,191.3,189.8,200.1,192.4,202.1,192.6,204.8,204.9,196.6,199.0,196.7,193.4
ED-0040,1782,29:42,191.2,189.6,202.0,194.5,203.0,192.7,205.8,204.8,199.0,198.5,195.5,193.4
ED-0040,1783,29:43,191.2,188.8,202.8,193.5,203.4,192.2,205.9,203.1,199.4,199.9,196.7,193.3
ED-0040,1784,29:44,190.6,188.8,200.6,193.0,203.0,192.1,207.1,204.8,197.0,199.5,195.6,193.1
ED-0040,1785,29:45,191.7,189.3,199.3,194.4,202.1,193.3,205.6,204.1,198.5,199.7,197.0,194.6
ED-0040,1786,29:46,191.2,188.1,203.4,194.1,203.0,192.6,205.7,204.0,199.5,199.1,196.1,194.8
ED-0040,1787,29:47,190.6,189.3,201.1,194.8,203.0,192.9,207.3,203.9,197.8,198.1,195.6,193.4
ED-0040,1788,29:48,191.5,189.3,201.4,194.8,203.2,191.1,207.2,203.4,197.8,199.4,195.1,193.2
ED-0040,1789,29:49,190.8,189.7,202.5,192.9,202.8,191.6,207.6,204.9,197.8,199.7,195.9,194.2
ED-0040,1790,29:50,190.7,189.0,200.6,193.6,202.9,192.8,205.5,204.7,197.3,199.9,196.3,194.1
ED-0040,1791,29:51,191.0,191.7,200.5,193.7,203.4,192.1,206.2,203.2,198.0,199.2,194.6,193.0
ED-0040,1792,29:52,192.5,190.2,200.6,192.8,201.7,192.7,207.0,203.3,197.2,199.0,195.6,192.4
ED-0040,1793,29:53,192.0,189.3,202.1,193.2,203.4,191.7,205.3,204.1,198.4,198.1,195.8,193.6
ED-0040,1794,29:54,191.3,189.3,200.9,193.0,203.1,191.2,206.5,202.3,199.6,199.2,195.8,193.0
ED-0040,1795,29:55,191.3,188.0,202.1,193.4,202.8,192.0,208.1,202.6,198.3,199.8,195.9,194.3
ED-0040,1796,29:56,190.7,190.0,201.8,192.9,201.4,192.4,205.8,203.9,199.3,198.3,196.4,193.7
ED-0040,1797,29:57,192.0,189.5,200.7,191.8,203.5,191.8,206.3,205.0,199.1,198.1,196.5,193.1
ED-0040,1798,29:58,191.2,189.7,202.8,194.3,202.7,195.1,207.0,202.4,197.6,198.9,194.7,193.2
ED-0040,1799,29:59,191.1,189.8,203.7,195.0,204.2,192.0,206.7,202.7,198.5,198.5,197.1,193.7
ED-0040,1800,30:00,190.4,188.9,201.2,192.8,204.1,191.3,206.3,204.2,199.7,199.4,197.0,194.6
ED-0040,1801,30:01,191.9,189.1,200.7,193.5,201.8,192.3,207.3,203.3,198.8,199.8,195.1,194.1
ED-0040,1802,30:02,189.7,188.3,201.6,194.0,202.9,193.8,206.2,203.3,198.0,198.5,196.7,192.6
ED-0040,1803,30:03,190.2,191.5,202.6,193.8,202.4,192.5,206.2,204.5,198.2,199.7,195.2,193.8
ED-0040,1804,30:04,190.6,188.2,201.5,192.6,202.7,191.7,207.0,202.8,200.1,199.4,195.2,192.6
ED-0040,1805,30:05,192.5,188.7,200.6,192.6,203.8,191.2,205.5,203.5,199.2,198.7,196.4,194.0
ED-0040,1806,30:06,191.0,186.9,200.4,192.8,201.9,194.3,206.5,202.4,197.1,200.5,196.0,191.7
ED-0040,1807,30:07,190.8,189.6,201.3,192.8,201.6,193.6,206.9,203.6,198.2,199.6,195.2,193.7
ED-0040,1808,30:08,190.6,189.6,201.0,193.8,203.5,192.3,205.1,202.6,199.5,200.7,195.1,193.8
ED-0040,1809,30:09,191.9,189.1,201.5,193.1,202.4,191.2,205.5,202.5,199.3,199.3,193.4,194.3
ED-0040,1810,30:10,192.2,189.3,200.4,194.9,204.3,193.9,206.0,202.8,198.4,200.6,195.6,193.4
ED-0040,1811,30:11,192.3,190.4,201.5,192.9,203.7,192.5,206.4,203.5,199.2,199.5,195.6,193.0
ED-0040,1812,30:12,191.5,188.3,203.4,193.1,201.9,191.8,206.6,203.8,199.2,199.2,195.7,192.4
ED-0040,1813,30:13,191.1,188.5,202.8,193.5,204.5,192.5,208.0,204.5,198.6,201.5,197.0,193.2
ED-0040,1814,30:14,191.4,189.8,201.0,192.9,203.2,192.8,206.2,204.8,198.9,198.1,196.2,193.4
ED-0040,1815,30:15,192.8,189.0,202.9,192.8,204.2,191.5,206.7,204.7,199.1,199.6,196.1,193.9
ED-0040,1816,30:16,191.9,189.6,202.9,193.3,202.7,192.5,207.4,204.3,199.6,198.3,197.2,193.0
ED-0040,1817,30:17,192.5,187.4,202.2,194.2,203.6,191.5,206.0,203.7,199.2,199.9,197.9,193.4
ED-0040,1818,30:18,190.9,188.6,201.4,192.9,202.4,193.1,205.2,203.4,198.5,198.5,195.9,192.6
ED-0040,1819,30:19,192.0,190.0,200.8,192.6,203.5,191.7,207.9,202.7,197.9,198.1,196.5,194.9
ED-0040,1820,30:20,192.1,188.7,200.5,192.6,201.8,192.8,207.7,204.1,196.9,199.9,195.6,192.2
ED-0040,1821,30:21,191.3,189.2,199.4,194.1,201.9,192.4,207.8,204.5,199.9,198.7,196.5,193.8
ED-0040,1822,30:22,191.6,187.6,200.3,193.0,203.0,192.1,206.9,203.2,200.1,196.8,196.3,194.6
ED-0040,1823,30:23,190.5,191.0,199.7,193.3,204.4,192.1,207.2,203.2,198.9,196.8,196.1,193.2
ED-0040,1824,30:24,191.5,188.6,199.8,192.3,203.5,192.6,205.7,204.1,198.8,197.0,196.4,192.8
ED-0040,1825,30:25,191.9,188.8,199.7,194.2,202.2,193.3,206.5,203.1,199.2,196.8,196.2,192.1
ED-0040,1826,30:26,190.7,188.1,198.8,193.5,201.7,191.4,206.3,202.7,198.1,195.4,196.6,193.3
ED-0040,1827,30:27,190.5,190.2,198.1,192.7,203.8,192.1,207.4,204.6,200.9,195.5,197.5,193.5
ED-0040,1828,30:28,192.8,189.4,197.9,192.5,202.5,191.3,205.8,203.2,197.4,195.1,197.5,194.7
ED-0040,1829,30:29,192.2,188.7,197.6,191.9,203.4,192.2,205.9,203.1,198.4,194.8,195.3,194.2
ED-0040,1830,30:30,193.3,188.1,197.5,191.7,203.3,191.5,206.9,204.2,197.9,194.2,196.0,194.1
ED-0040,1831,30:31,190.4,188.6,196.6,191.0,201.3,192.1,205.1,205.0,196.5,194.2,197.0,194.6
ED-0040,1832,30:32,191.0,187.7,196.4,191.0,203.6,194.0,205.1,203.8,196.4,192.5,196.7,194.2
ED-0040,1833,30:33,191.2,187.8,194.9,190.1,201.4,193.8,206.3,204.3,196.0,193.2,197.2,193.0
ED-0040,1834,30:34,191.5,186.9,195.6,189.5,202.7,193.8,206.3,203.4,195.9,191.8,195.9,193.6
ED-0040,1835,30:35,192.4,186.0,194.1,189.9,202.8,192.5,207.0,203.5,195.3,192.1,195.3,193.9
ED-0040,1836,30:36,191.8,186.1,194.4,188.9,201.4,193.5,205.2,202.8,194.2,191.3,195.8,192.4
ED-0040,1837,30:37,191.6,185.1,193.8,189.1,203.3,193.2,207.1,204.0,193.7,190.9,194.3,193.2
ED-0040,1838,30:38,191.8,184.5,193.3,187.9,203.4,192.8,207.7,203.3,193.6,190.1,194.5,191.8
ED-0040,1839,30:39,190.0,184.6,192.2,186.6,202.0,192.1,206.2,204.6,192.8,189.9,193.2,194.5
ED-0040,1840,30:40,190.9,184.1,192.9,187.8,203.4,192.0,207.1,203.7,193.6,188.8,192.3,192.7
ED-0040,1841,30:41,191.9,183.7,192.0,186.8,203.0,192.7,206.4,202.4,192.1,188.6,192.7,192.7
ED-0040,1842,30:42,191.8,182.3,191.7,185.9,202.1,193.3,204.2,202.6,191.7,188.8,191.4,194.5
ED-0040,1843,30:43,190.5,182.7,190.8,185.5,202.7,192.8,206.0,202.5,191.0,188.6,191.9,193.0
ED-0040,1844,30:44,191.9,181.6,190.2,186.3,203.6,191.9,205.7,202.8,189.7,187.3,190.3,192.1
ED-0040,1845,30:45,191.8,181.8,190.2,184.3,203.1,192.4,205.6,203.1,190.8,187.1,191.2,193.4
ED-0040,1846,30:46,191.0,180.9,189.3,184.4,202.9,191.6,205.8,204.7,190.2,185.5,189.8,194.0
ED-0040,1847,30:47,191.0,179.8,189.6,184.4,203.4,191.6,206.0,204.4,189.5,185.9,189.9,193.9
ED-0040,1848,30:48,190.6,179.8,188.3,183.0,204.0,192.7,207.0,203.9,188.7,185.5,187.7,194.8
ED-0040,1849,30:49,189.9,179.6,188.1,183.3,202.7,190.8,209.2,203.9,187.8,184.9,187.5,193.7
ED-0040,1850,30:50,188.8,179.1,187.1,181.8,203.6,191.6,206.7,203.7,188.2,185.2,188.3,193.8
ED-0040,1851,30:51,189.1,179.6,188.1,182.3,203.0,192.2,207.8,204.1,188.5,185.1,187.5,192.8
ED-0040,1852,30:52,188.3,178.6,187.4,181.2,204.4,192.4,206.8,203.8,187.6,182.9,188.3,192.2
ED-0040,1853,30:53,188.2,177.4,186.7,181.0,203.2,193.9,207.4,203.6,186.3,183.9,185.9,191.9
ED-0040,1854,30:54,187.6,177.0,186.2,180.9,201.6,192.8,206.5,202.8,185.9,182.5,186.0,191.8
ED-0040,1855,30:55,186.6,177.2,184.9,180.4,201.9,191.1,206.3,202.5,185.8,183.3,184.9,190.8
ED-0040,1856,30:56,186.6,176.8,185.0,180.2,202.6,192.3,207.2,202.4,184.6,182.4,184.4,190.4
ED-0040,1857,30:57,186.5,176.9,184.7,179.6,202.7,194.3,205.9,201.6,184.7,181.7,184.2,189.6
ED-0040,1858,30:58,185.6,175.6,183.7,179.1,202.4,192.6,205.6,201.8,185.4,182.0,184.2,189.6
ED-0040,1859,30:59,185.4,174.8,183.5,178.6,202.4,191.9,206.3,200.2,183.9,180.5,183.8,189.5
ED-0040,1860,31:00,185.6,173.6,183.3,178.6,202.4,192.0,205.5,199.9,182.4,179.6,183.4,188.8
ED-0040,1861,31:01,184.9,173.9,182.0,177.0,202.3,192.7,206.5,199.9,182.8,181.1,183.1,188.2
ED-0040,1862,31:02,184.6,173.3,181.8,176.4,201.1,193.6,207.3,200.2,182.0,179.9,182.3,188.8
ED-0040,1863,31:03,184.8,172.8,182.5,176.7,201.0,192.8,206.9,197.8,181.5,179.1,181.9,187.7
ED-0040,1864,31:04,184.0,173.9,181.5,175.4,199.4,192.2,205.8,197.7,181.5,179.3,181.0,187.6
ED-0040,1865,31:05,183.8,172.8,181.6,175.4,200.4,192.5,205.2,197.3,180.4,177.9,180.8,186.8
ED-0040,1866,31:06,182.8,172.1,179.5,175.6,199.7,192.5,204.4,197.7,180.5,178.3,180.5,186.4
ED-0040,1867,31:07,182.4,171.9,180.9,175.1,199.0,191.9,204.5,196.6,180.8,177.6,179.9,186.3
ED-0040,1868,31:08,181.6,171.0,180.5,174.3,198.3,190.5,203.8,196.5,180.4,177.0,178.9,185.3
ED-0040,1869,31:09,181.1,171.6,179.6,173.6,196.8,190.4,202.9,195.0,179.2,175.3,179.4,185.5
ED-0040,1870,31:10,181.8,170.0,178.9,174.2,197.0,190.6,203.3,195.0,179.3,175.5,178.0,185.4
ED-0040,1871,31:11,181.4,169.6,178.0,173.1,196.0,189.7,201.0,194.8,178.5,175.2,177.4,183.7
ED-0040,1872,31:12,180.8,168.8,178.6,173.4,195.4,188.4,201.4,193.7,178.1,174.4,177.3,183.9
ED-0040,1873,31:13,179.5,169.4,177.7,172.7,194.6,188.3,200.3,194.2,177.7,175.4,175.7,183.2
ED-0040,1874,31:14,180.0,168.6,176.4,172.8,195.3,187.9,201.0,192.7,177.1,174.3,175.6,183.9
ED-0040,1875,31:15,179.0,169.0,177.0,171.2,193.5,187.0,199.6,192.4,176.7,173.4,176.2,183.1
ED-0040,1876,31:16,177.7,167.8,176.8,172.3,192.9,186.7,199.4,191.2,176.2,174.6,175.5,182.5
ED-0040,1877,31:17,178.6,167.6,176.5,170.3,193.7,187.1,198.7,190.5,175.9,173.5,175.6,182.8
ED-0040,1878,31:18,179.0,167.6,175.5,170.9,192.3,185.9,198.4,191.2,175.3,173.9,175.4,181.7
ED-0040,1879,31:19,176.4,166.2,175.0,170.3,191.5,185.7,196.7,190.3,175.0,171.5,174.2,180.3
ED-0040,1880,31:20,177.1,166.2,175.4,169.8,191.7,185.6,197.0,189.5,174.8,172.3,174.1,181.3
ED-0040,1881,31:21,176.3,165.3,174.0,168.8,191.3,184.5,195.6,189.3,174.4,171.5,173.8,181.4
ED-0040,1882,31:22,177.4,165.3,174.3,168.9,191.0,183.8,195.7,189.2,174.1,170.8,173.4,179.8
ED-0040,1883,31:23,176.6,164.3,173.2,169.2,189.6,184.0,194.8,188.5,173.4,171.7,171.9,179.0
ED-0040,1884,31:24,175.3,164.6,171.9,168.9,188.9,183.4,194.6,188.1,174.0,170.9,172.5,180.5
ED-0040,1885,31:25,175.1,164.3,173.1,166.7,189.3,181.6,194.1,187.3,172.5,170.2,171.8,178.8
ED-0040,1886,31:26,174.9,162.6,172.4,167.8,187.6,181.4,194.7,187.1,172.4,170.1,171.2,178.1
ED-0040,1887,31:27,174.3,163.3,171.8,167.0,188.2,181.1,192.1,186.2,171.0,168.4,171.4,177.4
ED-0040,1888,31:28,173.8,163.0,171.9,167.1,187.5,180.9,192.1,186.0,170.9,169.2,169.8,176.9
ED-0040,1889,31:29,173.8,162.6,171.5,166.3,187.2,179.4,190.7,185.4,170.8,168.5,170.3,176.9
ED-0040,1890,31:30,173.1,162.7,171.2,165.7,185.7,179.6,191.1,184.8,170.1,167.2,170.4,176.7
ED-0040,1891,31:31,174.1,161.1,170.4,165.3,185.3,179.8,190.8,184.3,169.4,168.9,168.8,176.2
ED-0040,1892,31:32,172.2,161.6,170.1,165.6,185.8,178.9,190.6,184.0,170.1,167.7,169.0,176.1
ED-0040,1893,31:33,172.8,160.9,169.3,164.1,184.9,177.2,189.5,183.6,169.7,167.6,167.9,175.6
ED-0040,1894,31:34,173.0,159.6,168.4,164.7,184.5,177.6,189.2,183.5,170.0,166.7,167.3,176.0
ED-0040,1895,31:35,172.0,160.0,168.1,163.3,183.7,177.0,188.7,182.2,168.6,166.1,167.7,174.7
ED-0040,1896,31:36,171.5,160.0,167.8,164.0,183.8,177.5,187.9,180.5,167.6,166.5,167.3,174.3
ED-0040,1897,31:37,169.8,160.0,167.8,163.2,182.9,176.7,187.7,180.5,167.4,165.5,167.1,172.9
ED-0040,1898,31:38,170.5,159.6,167.0,162.8,182.5,175.4,186.7,181.1,167.7,164.8,166.2,173.6
ED-0040,1899,31:39,170.3,158.6,167.4,162.8,182.1,175.9,185.0,179.5,166.4,164.6,165.6,173.7
ED-0040,1900,31:40,170.5,157.8,166.5,162.5,182.7,175.4,186.1,179.5,166.8,164.1,165.8,172.8
ED-0040,1901,31:41,169.2,156.7,165.6,161.4,181.8,175.2,184.9,178.9,166.1,163.6,165.3,172.2
ED-0040,1902,31:42,168.6,156.9,165.8,162.1,180.3,174.0,185.1,179.5,165.4,163.3,163.5,172.0
ED-0040,1903,31:43,168.6,157.4,166.0,161.1,179.6,173.2,183.7,178.4,165.9,163.1,164.6,171.8
ED-0040,1904,31:44,168.6,156.8,165.6,161.1,180.5,172.8,183.5,178.2,164.5,162.7,163.6,172.9
ED-0040,1905,31:45,168.3,156.1,165.8,160.9,178.1,172.1,182.2,177.1,164.2,161.6,163.4,169.9
ED-0040,1906,31:46,167.9,156.4,164.0,159.6,178.5,172.0,183.1,177.6,164.2,161.6,162.8,170.4
ED-0040,1907,31:47,166.5,155.1,163.9,159.4,178.3,171.8,182.4,176.2,163.6,161.3,163.1,169.9
ED-0040,1908,31:48,166.7,155.6,163.3,159.7,177.4,171.0,181.1,175.6,163.5,161.3,162.0,170.0
ED-0040,1909,31:49,167.1,153.5,163.0,158.3,176.9,170.9,180.8,175.6,162.3,160.5,162.2,169.5
ED-0040,1910,31:50,165.6,154.8,161.4,157.9,176.9,169.8,181.3,175.3,162.9,159.9,161.4,169.1
ED-0040,1911,31:51,164.4,153.7,162.3,157.3,177.0,169.7,180.3,174.4,162.3,159.9,160.6,168.8
ED-0040,1912,31:52,165.5,153.2,162.3,157.1,175.5,169.0,180.1,174.2,160.8,158.7,160.6,168.9
ED-0040,1913,31:53,164.1,153.3,161.0,156.9,174.6,168.9,179.2,173.8,161.6,159.2,160.3,167.8
ED-0040,1914,31:54,164.3,153.0,161.9,156.7,174.2,167.9,178.9,174.1,161.3,158.6,160.0,167.7
ED-0040,1915,31:55,164.0,152.5,160.7,156.3,174.7,167.7,178.5,173.0,160.9,158.0,159.1,167.0
ED-0040,1916,31:56,163.2,152.2,160.1,155.8,174.6,167.4,178.4,172.6,159.3,157.9,158.3,166.2
ED-0040,1917,31:57,163.7,151.1,159.4,155.3,173.1,167.3,177.6,172.3,158.5,157.6,158.2,166.3
ED-0040,1918,31:58,163.0,151.7,159.5,156.5,174.3,166.4,175.6,171.7,160.5,157.7,158.6,166.2
ED-0040,1919,31:59,162.3,150.3,158.7,155.1,172.2,165.3,176.9,170.7,158.3,157.7,157.9,166.1
ED-0040,1920,32:00,162.4,149.8,158.3,154.5,172.2,166.2,176.0,169.6,158.4,156.2,158.0,165.1
ED-0040,1921,32:01,161.8,150.5,159.3,155.3,171.3,165.4,175.6,169.9,157.3,156.8,157.5,165.5
ED-0040,1922,32:02,161.7,149.3,157.3,153.7,171.8,165.4,175.5,169.9,158.1,156.6,156.9,165.1
ED-0040,1923,32:03,161.8,149.0,158.1,153.1,170.8,163.7,174.4,169.0,157.5,156.0,156.5,164.2
ED-0040,1924,32:04,160.6,148.2,156.7,154.0,170.3,164.7,173.0,168.0,157.6,155.5,154.9,164.3
ED-0040,1925,32:05,161.3,149.3,156.5,152.3,170.3,163.4,171.9,168.6,158.2,155.3,155.1,163.5
ED-0040,1926,32:06,160.2,148.3,156.3,152.1,169.5,162.6,172.3,166.8,157.6,155.0,154.9,162.6
ED-0040,1927,32:07,160.4,148.9,156.0,152.9,169.1,161.6,172.7,167.5,156.7,154.2,154.3,162.9
ED-0040,1928,32:08,159.7,147.7,155.9,152.2,168.3,162.3,172.4,167.7,155.9,153.0,153.6,162.2
ED-0040,1929,32:09,159.4,147.5,156.1,151.3,168.1,161.2,172.7,167.5,155.8,153.5,153.5,161.8
ED-0040,1930,32:10,159.3,147.4,155.1,151.4,167.4,161.4,171.3,167.0,153.9,152.1,152.5,162.2
ED-0040,1931,32:11,159.1,146.6,154.9,151.4,167.7,160.9,170.6,165.3,155.0,152.2,152.8,161.9
ED-0040,1932,32:12,158.8,145.8,153.8,150.7,166.2,161.0,169.2,165.1,153.6,153.0,153.2,161.8
ED-0040,1933,32:13,157.7,145.2,153.3,149.4,166.2,159.9,169.8,165.6,154.5,151.8,152.3,161.4
ED-0040,1934,32:14,157.4,145.5,153.9,149.8,164.9,159.5,170.0,164.5,153.5,152.1,152.0,160.8
ED-0040,1935,32:15,158.3,146.3,153.7,149.4,166.1,159.5,168.7,164.9,153.0,151.6,151.5,159.8
ED-0040,1936,32:16,156.6,144.4,152.6,149.2,164.4,159.0,167.4,163.4,153.0,151.1,151.0,160.3
ED-0040,1937,32:17,157.1,144.8,152.5,148.2,164.0,158.8,168.2,163.6,152.2,150.6,151.3,158.9
ED-0040,1938,32:18,156.7,143.9,151.1,148.5,164.0,157.0,167.7,162.5,151.7,150.7,151.1,159.7
ED-0040,1939,32:19,156.4,144.6,152.0,148.1,163.7,157.4,166.6,163.4,151.4,149.3,150.2,157.9
ED-0040,1940,32:20,155.6,143.6,151.6,147.0,162.9,158.4,166.4,162.6,151.8,149.8,150.1,158.5
ED-0040,1941,32:21,155.5,143.4,151.2,147.4,162.7,156.5,166.3,162.1,151.0,148.9,149.9,158.6
ED-0040,1942,32:22,154.3,143.7,151.7,146.7,162.5,156.1,166.4,160.5,150.6,148.9,148.7,157.3
ED-0040,1943,32:23,154.5,142.8,150.6,146.5,161.6,156.1,164.6,160.3,150.9,148.9,149.6,157.2
ED-0040,1944,32:24,153.6,143.3,149.9,146.0,161.6,155.6,165.1,160.4,150.2,147.7,148.9,156.5
ED-0040,1945,32:25,153.2,141.9,149.2,145.5,160.9,154.4,164.0,161.1,149.7,148.3,147.8,157.3
ED-0040,1946,32:26,153.7,141.4,149.0,145.2,160.9,154.3,164.3,160.2,150.3,148.2,147.6,155.7
ED-0040,1947,32:27,153.1,140.9,149.3,144.7,161.1,153.8,163.4,159.8,148.7,148.5,148.0,154.9
ED-0040,1948,32:28,153.3,140.8,148.6,145.3,160.1,152.8,163.0,158.2,149.1,146.8,146.3,154.6
ED-0040,1949,32:29,153.1,141.2,149.2,144.6,160.1,153.8,161.2,157.9,148.4,145.7,145.8,155.3
ED-0040,1950,32:30,151.9,139.7,147.7,143.9,159.1,152.9,162.1,158.4,148.4,145.6,145.4,155.1
ED-0040,1951,32:31,152.2,139.6,147.5,144.0,157.7,152.6,161.3,157.4,148.1,146.3,146.3,154.8
ED-0040,1952,32:32,151.7,139.1,147.6,143.3,158.3,152.4,161.4,157.1,147.8,146.0,145.2,154.2
ED-0040,1953,32:33,151.9,139.1,147.5,144.0,158.5,152.3,161.1,157.2,146.9,145.5,144.7,153.8
ED-0040,1954,32:34,150.3,138.2,146.7,143.4,157.1,150.9,160.5,156.0,146.2,145.2,143.7,153.1
ED-0040,1955,32:35,150.9,138.9,145.6,143.2,156.7,151.3,159.8,155.6,145.7,144.9,145.3,153.6
ED-0040,1956,32:36,150.4,138.4,146.3,141.6,156.9,151.2,159.2,155.6,145.4,143.5,145.0,153.5
ED-0040,1957,32:37,150.4,137.8,145.5,143.1,156.2,150.2,159.8,154.8,145.4,144.4,143.1,153.5
ED-0040,1958,32:38,149.6,137.4,145.5,141.4,155.7,149.7,158.5,154.7,145.7,144.1,143.5,152.3
ED-0040,1959,32:39,149.5,137.2,145.5,140.8,155.5,149.8,157.4,153.2,145.2,143.7,142.4,152.2
ED-0040,1960,32:40,148.9,136.7,144.9,140.7,154.9,148.7,158.0,154.5,144.1,143.1,143.0,151.7
ED-0040,1961,32:41,149.2,135.4,144.2,140.5,155.3,148.7,157.6,153.2,144.4,142.2,141.6,151.7
ED-0040,1962,32:42,148.6,136.3,144.3,139.6,154.3,148.1,156.9,152.9,143.7,142.2,141.4,151.6
ED-0040,1963,32:43,149.1,136.0,143.8,140.2,154.1,148.0,156.8,152.4,144.6,142.5,142.1,149.8
ED-0040,1964,32:44,147.6,135.5,144.1,139.5,154.5,149.0,156.5,152.5,143.1,142.0,140.6,150.5
ED-0040,1965,32:45,148.5,135.5,142.4,139.4,152.8,147.5,155.8,151.9,142.5,141.4,140.5,150.3
ED-0040,1966,32:46,148.0,134.9,142.0,138.9,152.8,147.6,155.5,151.8,142.8,141.2,139.4,150.0
ED-0040,1967,32:47,147.5,134.4,142.6,139.4,152.6,145.8,155.4,152.1,142.2,141.5,139.9,149.2
ED-0040,1968,32:48,146.1,134.2,142.5,137.8,151.5,146.1,154.3,151.4,141.5,140.4,139.8,149.7
ED-0040,1969,32:49,146.5,134.3,142.0,138.1,151.2,146.1,154.1,150.8,141.5,140.6,139.2,149.3
ED-0040,1970,32:50,146.0,134.4,141.1,138.1,150.4,145.4,153.8,149.8,140.9,140.3,139.8,148.6
ED-0040,1971,32:51,146.1,132.9,142.1,137.4,151.5,144.7,153.4,149.2,140.6,139.7,138.9,148.5
ED-0040,1972,32:52,146.1,132.8,140.7,136.6,150.1,144.6,152.7,150.2,140.2,139.3,138.5,148.4
ED-0040,1973,32:53,145.1,132.2,140.8,138.0,149.6,144.1,152.0,148.9,140.0,139.8,137.9,147.4
ED-0040,1974,32:54,145.1,132.7,140.8,136.2,150.4,144.1,152.2,149.6,141.2,138.4,138.3,146.1
ED-0040,1975,32:55,144.6,132.6,139.4,136.9,149.7,143.0,151.0,148.7,139.9,138.8,137.2,146.7
ED-0040,1976,32:56,144.1,132.8,139.5,135.9,149.5,143.3,150.5,147.3,138.7,137.6,136.6,146.4
ED-0040,1977,32:57,144.2,132.4,138.9,135.4,148.1,141.7,151.1,147.1,138.4,137.8,138.1,146.4
ED-0040,1978,32:58,144.2,130.9,138.2,135.6,148.2,141.9,150.3,147.4,138.7,136.9,137.3,145.6
ED-0040,1979,32:59,144.7,131.0,139.3,135.1,147.5,141.4,150.0,146.6,138.2,138.3,135.7,146.9
ED-0040,1980,33:00,143.2,130.9,139.2,133.9,147.3,141.9,150.6,146.2,138.0,136.8,135.5,145.8
ED-0040,1981,33:01,143.2,130.7,137.1,134.1,146.4,141.2,149.3,145.8,137.9,136.4,135.5,145.2
ED-0040,1982,33:02,143.6,130.7,138.0,134.6,146.2,141.0,148.8,145.1,136.5,136.6,135.3,144.5
ED-0040,1983,33:03,142.3,130.0,138.2,134.7,145.5,140.7,148.4,145.3,136.5,136.3,135.4,145.0
ED-0040,1984,33:04,142.4,130.1,137.0,133.7,146.4,140.6,147.4,145.5,136.5,136.1,135.1,144.1
ED-0040,1985,33:05,141.9,130.0,136.4,132.4,145.2,138.6,148.0,144.7,137.6,135.0,133.6,143.5
ED-0040,1986,33:06,140.8,129.7,136.9,132.8,144.0,139.5,147.5,143.4,136.6,135.1,134.8,143.8
ED-0040,1987,33:07,142.2,128.9,136.5,132.4,143.8,139.6,146.7,144.4,135.2,135.6,133.3,143.0
ED-0040,1988,33:08,140.3,128.9,136.5,131.9,144.0,138.4,147.1,144.4,136.4,133.6,133.6,143.0
ED-0040,1989,33:09,141.2,127.3,135.9,132.0,144.0,138.3,146.9,143.8,135.1,133.8,133.2,142.5
ED-0040,1990,33:10,140.0,128.0,135.4,132.0,142.6,138.1,145.7,143.0,134.5,133.4,132.1,142.5
ED-0040,1991,33:11,140.2,126.8,134.6,131.6,142.7,137.1,145.7,141.8,134.2,133.1,131.5,142.5
ED-0040,1992,33:12,139.1,126.8,134.5,131.4,142.7,136.5,144.6,141.7,135.1,133.1,131.8,141.7
ED-0040,1993,33:13,139.6,127.0,134.2,131.4,142.5,137.6,145.3,141.2,133.7,132.6,131.6,141.5
ED-0040,1994,33:14,139.9,126.6,134.7,130.9,142.6,135.8,144.6,141.7,134.2,133.2,131.5,140.9
ED-0040,1995,33:15,139.4,126.9,134.0,131.4,141.9,136.7,144.2,140.2,133.5,132.2,131.2,141.1
ED-0040,1996,33:16,138.4,126.6,133.2,131.0,141.1,136.7,144.1,140.8,133.4,132.1,131.2,140.2
ED-0040,1997,33:17,138.6,126.4,133.3,129.1,141.5,135.5,142.6,140.2,132.6,132.1,130.6,139.7
ED-0040,1998,33:18,138.3,125.3,134.0,129.8,140.9,135.2,143.2,140.4,133.2,131.4,130.8,139.5
ED-0040,1999,33:19,138.0,124.4,133.1,129.4,140.7,135.4,142.1,139.4,132.6,131.1,130.3,139.8
ED-0040,2000,33:20,137.7,124.4,131.9,127.8,140.9,134.3,142.4,139.0,131.5,130.6,129.9,139.4
ED-0040,2001,33:21,137.5,124.9,132.2,128.8,139.5,134.1,141.8,138.4,131.0,130.9,129.2,139.0
ED-0040,2002,33:22,137.4,123.8,132.4,127.1,138.9,133.8,141.6,138.5,131.6,130.0,129.1,139.4
ED-0040,2003,33:23,136.1,123.8,132.1,128.2,139.6,132.5,140.7,138.9,131.0,129.8,128.5,139.1
ED-0040,2004,33:24,136.5,123.4,131.4,128.0,138.5,134.0,140.5,138.5,131.6,130.1,127.6,138.2
ED-0040,2005,33:25,135.7,123.5,131.0,127.7,137.6,133.2,139.3,137.8,130.7,129.6,127.4,138.3
ED-0040,2006,33:26,136.9,123.2,130.4,127.5,138.4,132.7,140.2,137.1,130.2,128.3,127.8,136.9
ED-0040,2007,33:27,135.4,124.1,130.1,127.5,136.9,131.6,139.3,136.9,130.6,129.7,126.9,138.2
ED-0040,2008,33:28,135.6,121.9,131.2,126.7,137.7,132.4,139.3,136.5,130.5,128.8,127.6,136.9
ED-0040,2009,33:29,134.4,122.8,128.6,126.0,136.1,131.7,138.4,135.1,129.2,128.9,126.6,136.8
ED-0040,2010,33:30,134.9,121.1,130.2,125.9,136.5,131.1,137.5,135.3,129.6,128.4,126.4,136.2
ED-0040,2011,33:31,134.3,122.1,129.3,126.0,135.3,130.7,138.0,134.9,129.7,128.5,127.2,135.8
ED-0040,2012,33:32,134.6,122.1,130.4,126.3,135.8,131.4,137.3,135.1,128.8,127.5,125.8,135.7
ED-0040,2013,33:33,134.8,121.2,129.6,125.3,135.8,131.0,137.5,135.9,127.7,127.9,125.3,135.4
ED-0040,2014,33:34,134.7,120.8,129.5,124.9,135.6,129.9,137.3,134.9,127.8,126.5,125.9,135.4
ED-0040,2015,33:35,134.0,120.3,128.2,125.6,135.3,129.8,136.6,135.0,128.0,126.5,125.7,135.2
ED-0040,2016,33:36,134.8,119.9,127.4,124.0,134.8,128.2,135.7,134.0,126.7,126.2,125.4,135.6
ED-0040,2017,33:37,133.4,120.8,127.5,124.6,134.3,128.5,135.5,133.5,126.4,126.0,124.7,134.6
ED-0040,2018,33:38,132.2,119.1,127.6,123.7,133.9,128.3,136.4,132.8,126.7,125.9,124.9,134.2
ED-0040,2019,33:39,133.1,120.0,127.2,124.1,132.8,128.2,134.8,132.8,127.8,126.1,124.2,134.5
ED-0040,2020,33:40,131.4,118.9,127.1,122.6,132.4,128.3,134.8,132.8,126.6,125.6,124.9,133.9
ED-0040,2021,33:41,131.9,118.9,125.9,123.7,132.5,126.9,134.2,132.0,126.3,123.8,123.6,132.3
ED-0040,2022,33:42,131.1,119.4,125.9,123.4,132.3,127.7,134.2,131.5,125.9,125.5,123.4,133.2
ED-0040,2023,33:43,130.0,118.3,125.8,122.5,132.2,127.4,133.8,131.3,124.6,123.7,123.1,132.8
ED-0040,2024,33:44,130.9,118.0,125.2,122.5,131.7,126.8,133.0,131.8,124.9,124.5,122.7,132.1
ED-0040,2025,33:45,130.2,118.9,125.5,122.9,131.4,126.4,132.9,130.8,125.5,124.5,122.8,132.8
ED-0040,2026,33:46,130.5,118.3,124.5,121.3,132.0,125.4,132.8,129.9,124.7,124.5,122.3,131.9
ED-0040,2027,33:47,129.7,118.0,123.9,121.4,130.7,126.2,131.8,130.4,124.9,124.2,122.1,131.0
ED-0040,2028,33:48,129.9,117.3,125.8,122.1,130.6,125.5,132.6,129.7,125.4,123.5,121.6,131.9
ED-0040,2029,33:49,129.6,116.8,124.2,121.6,130.1,125.2,131.6,128.6,124.7,122.5,120.8,130.8
ED-0040,2030,33:50,129.4,116.6,124.0,121.0,129.8,125.1,131.5,129.2,123.3,123.0,121.2,131.8
ED-0040,2031,33:51,128.4,116.5,123.9,120.6,129.6,124.8,131.3,129.1,123.5,121.7,121.0,131.1
ED-0040,2032,33:52,129.6,116.1,123.2,120.0,129.3,124.4,130.8,128.7,122.6,122.2,120.2,130.4
ED-0040,2033,33:53,128.1,115.3,123.4,120.9,129.4,124.0,129.9,128.4,122.4,120.6,119.9,129.5
ED-0040,2034,33:54,129.5,115.9,122.7,119.1,128.5,124.1,129.7,126.9,122.9,121.5,121.1,130.2
ED-0040,2035,33:55,129.1,116.1,123.7,120.1,128.2,123.2,129.6,128.2,122.3,121.3,119.5,129.9
ED-0040,2036,33:56,128.8,114.8,123.0,120.1,128.2,122.3,129.3,128.6,122.0,121.2,119.0,129.0
ED-0040,2037,33:57,126.9,115.5,122.3,118.1,127.1,122.8,129.7,127.4,121.0,121.0,118.6,128.8
ED-0040,2038,33:58,127.4,114.8,122.2,118.9,127.3,122.9,128.6,126.8,121.6,120.7,118.6,128.1
ED-0040,2039,33:59,127.7,114.6,121.7,118.6,126.3,121.8,128.6,126.2,121.0,120.1,118.2,129.2
ED-0040,2040,34:00,127.1,114.3,121.3,119.1,126.5,121.8,127.4,127.3,122.5,120.5,119.1,128.3
ED-0040,2041,34:01,126.6,113.0,121.6,117.9,126.7,121.3,127.1,126.2,121.0,120.1,118.5,129.1
ED-0040,2042,34:02,126.9,114.6,121.3,118.4,126.4,121.2,127.7,125.1,120.4,118.9,118.6,128.0
ED-0040,2043,34:03,126.6,112.9,120.4,117.6,126.1,121.0,127.1,125.3,120.1,119.0,117.4,127.9
ED-0040,2044,34:04,125.0,113.7,120.4,116.9,125.1,120.3,127.1,125.0,120.5,118.5,117.3,127.7
ED-0040,2045,34:05,125.9,112.7,121.4,117.1,125.2,120.0,126.9,124.9,119.1,120.0,117.6,126.8
ED-0040,2046,34:06,126.3,112.6,119.4,117.1,124.1,120.1,126.4,123.9,119.9,119.0,117.4,126.7
ED-0040,2047,34:07,125.4,111.6,119.8,116.8,124.5,120.5,125.7,124.5,119.7,118.6,117.0,125.5
ED-0040,2048,34:08,125.5,112.2,119.5,116.5,124.0,120.6,126.2,123.5,118.8,119.1,117.3,127.7
ED-0040,2049,34:09,124.3,112.1,119.2,117.1,124.0,119.7,125.6,123.6,118.7,117.9,115.8,126.7
ED-0040,2050,34:10,124.9,111.1,118.1,116.3,125.1,119.0,125.2,123.3,118.1,117.4,115.4,125.6
ED-0040,2051,34:11,123.3,111.7,117.9,115.8,123.8,118.5,125.1,123.4,119.1,117.1,116.5,126.3
ED-0040,2052,34:12,124.4,111.2,118.6,115.3,123.4,118.5,124.2,123.1,117.7,117.3,115.6,125.8
ED-0040,2053,34:13,123.4,111.5,118.6,115.0,122.8,118.4,125.1,122.7,118.2,116.9,115.0,125.5
ED-0040,2054,34:14,122.8,110.3,118.9,116.0,122.3,118.0,123.8,122.7,118.0,117.0,114.2,125.0
ED-0040,2055,34:15,123.7,110.4,117.8,114.4,123.3,117.2,122.6,121.7,117.1,116.3,114.1,125.1
ED-0040,2056,34:16,123.5,110.5,117.8,113.8,121.9,117.1,124.5,121.5,117.3,117.4,113.0,123.9
ED-0040,2057,34:17,123.3,110.1,116.4,113.8,122.4,117.0,123.2,120.7,116.9,115.8,114.2,123.8
ED-0040,2058,34:18,122.8,109.6,116.7,113.9,121.4,116.7,121.9,120.5,116.4,115.2,113.7,123.6
ED-0040,2059,34:19,122.0,109.5,116.4,114.5,121.2,117.5,122.8,120.7,115.7,115.3,113.2,122.6
ED-0040,2060,34:20,122.4,109.0,116.7,114.2,121.1,116.1,122.7,121.3,115.7,115.1,113.1,123.0
ED-0040,2061,34:21,122.2,109.1,116.1,113.3,120.2,115.5,121.0,120.5,115.6,114.7,113.0,123.7
ED-0040,2062,34:22,122.2,109.4,116.0,112.0,119.9,116.3,121.6,119.4,115.7,114.6,113.5,122.7
ED-0040,2063,34:23,121.6,108.1,116.0,113.0,119.9,114.4,121.4,119.9,115.0,114.3,113.0,123.2
ED-0040,2064,34:24,120.3,107.7,115.5,113.0,119.8,114.9,120.5,118.5,115.5,114.4,111.2,122.4
ED-0040,2065,34:25,121.0,108.4,115.8,111.7,118.6,114.9,120.2,119.1,113.5,113.9,112.1,123.5
ED-0040,2066,34:26,120.9,108.5,115.1,112.2,119.9,114.8,120.4,118.8,115.1,113.7,112.2,121.9
ED-0040,2067,34:27,120.6,107.7,114.6,112.4,119.3,115.1,120.1,117.9,114.4,113.9,110.8,121.8
ED-0040,2068,34:28,120.0,107.6,113.9,112.1,119.0,113.4,119.7,118.3,113.6,113.2,111.1,121.8
ED-0040,2069,34:29,119.9,107.2,113.6,111.2,118.7,113.4,119.1,117.2,114.6,112.4,111.1,121.5
ED-0040,2070,34:30,119.4,107.2,113.3,111.7,118.9,113.2,117.7,117.5,113.0,111.9,110.1,120.9
ED-0040,2071,34:31,120.0,106.7,114.0,110.8,117.0,113.5,119.5,118.2,112.9,112.6,110.6,121.2
ED-0040,2072,34:32,119.4,107.1,113.3,110.8,117.3,113.8,118.5,116.9,113.2,112.9,110.6,121.4
ED-0040,2073,34:33,118.6,106.5,113.7,112.2,118.1,113.0,118.4,117.0,113.3,112.5,110.6,121.5
ED-0040,2074,34:34,118.6,105.9,113.3,109.9,117.3,112.9,118.2,116.4,113.2,112.2,110.1,119.5
ED-0040,2075,34:35,118.8,105.5,114.2,110.3,117.2,112.0,117.7,116.5,112.2,111.6,109.4,119.7
ED-0040,2076,34:36,118.0,105.7,112.4,108.9,116.2,112.1,117.6,116.3,112.1,112.4,109.8,120.5
ED-0040,2077,34:37,118.8,104.7,112.9,109.9,117.0,111.4,117.2,116.3,112.4,111.5,109.2,120.0
ED-0040,2078,34:38,118.6,105.4,112.6,109.4,116.2,111.6,116.1,115.3,111.7,110.8,108.0,119.6
ED-0040,2079,34:39,118.6,104.5,111.9,109.0,115.0,111.4,116.7,115.8,111.0,111.4,109.4,118.7
ED-0040,2080,34:40,117.5,104.7,111.9,108.4,115.9,111.1,117.1,114.8,110.8,111.5,107.6,119.1
ED-0040,2081,34:41,117.5,104.3,111.5,108.6,115.6,110.3,116.6,115.3,110.4,109.3,109.4,118.3
ED-0040,2082,34:42,116.4,104.3,111.2,108.8,115.1,110.4,115.9,113.8,110.8,111.3,107.1,118.7
ED-0040,2083,34:43,116.2,104.5,111.1,108.5,114.9,108.9,114.4,114.5,110.7,110.4,107.5,118.4
ED-0040,2084,34:44,117.2,103.6,110.6,107.7,113.2,109.9,114.2,112.7,109.1,110.0,107.9,117.6
ED-0040,2085,34:45,116.1,103.5,111.4,107.9,114.4,109.2,114.5,113.9,109.5,109.1,106.7,118.8
ED-0040,2086,34:46,116.5,104.0,110.0,108.4,113.7,109.0,115.1,112.8,110.1,109.3,106.4,117.3
ED-0040,2087,34:47,115.6,102.7,110.7,107.7,113.8,107.8,114.6,112.2,109.7,109.4,106.6,116.8
ED-0040,2088,34:48,115.2,102.3,109.2,106.5,114.1,109.0,113.6,113.3,109.5,109.9,106.4,117.2
ED-0040,2089,34:49,115.2,103.2,109.9,106.3,113.0,107.6,112.9,113.0,108.6,108.8,106.6,116.5
ED-0040,2090,34:50,114.8,103.1,109.2,106.1,112.0,107.6,112.8,111.9,109.3,108.1,105.8,116.5
ED-0040,2091,34:51,114.6,102.8,108.9,106.9,113.2,108.0,113.1,111.8,109.1,107.9,105.9,116.0
ED-0040,2092,34:52,115.7,102.1,108.9,106.5,111.8,107.6,113.1,111.8,108.7,108.6,104.9,116.1
ED-0040,2093,34:53,115.6,101.2,108.5,105.4,112.6,107.7,111.7,112.1,108.7,108.0,105.5,116.4
ED-0040,2094,34:54,114.2,101.8,108.5,106.7,111.5,106.7,112.2,111.5,108.5,108.3,105.0,115.8
ED-0040,2095,34:55,113.4,101.1,108.3,105.8,111.8,107.7,111.3,111.5,108.3,107.6,104.9,114.9
ED-0040,2096,34:56,114.4,100.9,108.5,104.9,112.4,107.2,111.9,110.5,107.9,107.1,105.1,114.6
ED-0040,2097,34:57,114.3,101.5,107.3,104.9,110.7,106.0,110.9,110.8,107.3,106.3,104.9,114.9
ED-0040,2098,34:58,113.0,100.8,107.8,105.3,111.7,105.9,111.6,110.0,107.1,106.5,104.3,114.5
ED-0040,2099,34:59,113.0,100.8,107.2,104.7,110.8,105.9,110.7,111.1,107.1,105.9,104.0,114.8
ED-0040,2100,35:00,113.4,100.0,107.6,105.8,110.4,105.9,110.9,109.3,106.6,107.0,102.8,114.6
ED-0040,2101,35:01,112.1,100.9,106.4,104.7,109.9,105.5,110.8,108.6,107.2,105.7,103.6,114.3
ED-0040,2102,35:02,112.4,100.3,106.4,104.5,110.4,105.5,110.5,109.1,106.0,107.2,102.9,114.0
ED-0040,2103,35:03,112.8,99.9,106.0,103.5,110.1,105.8,109.3,108.8,106.4,104.8,103.8,112.6
ED-0040,2104,35:04,112.2,99.0,105.9,103.2,108.7,104.5,110.5,108.9,105.9,104.8,102.8,113.2
ED-0040,2105,35:05,112.3,99.6,106.8,105.0,109.4,104.5,109.6,108.7,105.2,106.3,102.7,113.4
ED-0040,2106,35:06,112.5,99.2,106.2,103.4,108.9,104.8,108.7,108.8,106.0,105.5,102.6,112.4
ED-0040,2107,35:07,110.8,97.8,105.6,103.1,109.4,103.7,108.8,108.2,105.8,105.2,102.5,111.9
ED-0040,2108,35:08,110.7,98.5,105.5,104.0,107.5,104.4,109.2,108.1,105.1,104.1,102.2,111.3
ED-0040,2109,35:09,111.9,98.9,105.1,102.6,108.2,104.2,107.4,108.1,104.6,104.6,102.3,112.6
ED-0040,2110,35:10,111.6,98.7,104.8,102.8,107.1,103.9,107.7,107.9,104.6,104.4,103.0,112.4
ED-0040,2111,35:11,111.2,99.3,104.6,102.4,108.1,103.2,107.8,107.3,104.2,104.4,100.9,110.3
ED-0040,2112,35:12,110.6,97.2,105.0,102.7,108.0,103.0,108.3,107.2,105.0,103.8,101.3,111.4
ED-0040,2113,35:13,110.2,97.7,104.8,102.3,105.9,102.5,107.5,106.8,104.2,103.3,101.2,111.2
ED-0040,2114,35:14,109.9,98.2,105.5,101.4,106.8,102.1,107.4,106.3,104.0,103.3,101.5,112.4
ED-0040,2115,35:15,110.3,97.6,103.6,102.3,106.1,103.1,106.6,107.1,103.6,103.2,101.2,110.0
ED-0040,2116,35:16,109.5,96.9,104.3,102.2,105.8,102.0,106.9,105.9,102.6,103.4,101.0,110.2
ED-0040,2117,35:17,109.4,97.0,103.9,101.7,105.9,101.6,106.6,106.0,103.2,102.8,100.0,110.6
ED-0040,2118,35:18,108.5,96.2,103.1,101.2,105.5,101.4,107.3,105.4,102.8,102.7,99.3,110.6
ED-0040,2119,35:19,109.0,97.2,103.6,100.4,105.5,101.6,105.4,105.2,102.0,102.5,99.7,110.0
ED-0040,2120,35:20,108.6,96.8,103.5,100.6,105.5,101.0,105.3,105.1,102.3,102.9,99.4,110.4
ED-0040,2121,35:21,108.9,96.5,102.6,100.4,104.4,100.7,105.3,106.1,102.1,102.2,99.1,109.1
ED-0040,2122,35:22,109.1,96.4,102.6,101.2,104.6,100.3,105.1,104.9,102.9,101.7,99.2,108.8
ED-0040,2123,35:23,107.7,95.9,102.2,99.7,104.9,100.7,105.2,104.5,102.8,102.4,99.1,109.6
ED-0040,2124,35:24,107.7,96.2,103.1,99.5,104.7,100.4,104.9,104.3,100.6,101.4,98.3,108.5
ED-0040,2125,35:25,107.6,95.2,102.2,99.5,104.8,99.5,104.6,104.5,102.0,101.2,98.6,108.5
ED-0040,2126,35:26,107.6,94.9,101.4,99.4,103.6,100.1,104.8,103.7,102.0,100.6,98.6,108.1
ED-0040,2127,35:27,108.5,94.9,101.1,99.1,102.9,99.9,103.4,103.7,100.7,100.0,99.0,108.9
ED-0040,2128,35:28,106.8,95.1,101.4,99.8,103.7,99.4,104.1,102.5,100.3,100.4,97.4,108.0
ED-0040,2129,35:29,106.1,95.4,101.0,99.1,103.1,98.7,103.5,102.6,100.8,100.8,97.9,107.7
ED-0040,2130,35:30,106.7,93.6,100.5,98.2,103.6,98.4,103.7,101.7,100.5,99.6,97.1,107.1
ED-0040,2131,35:31,107.1,93.9,101.2,97.8,103.0,99.0,103.0,102.7,100.3,100.4,96.6,106.8
ED-0040,2132,35:32,106.5,94.9,101.2,98.6,102.5,99.0,102.9,102.9,100.5,99.5,96.8,107.9
ED-0040,2133,35:33,106.7,94.5,99.9,98.1,102.0,97.8,103.5,102.2,99.2,100.0,96.6,108.0
ED-0040,2134,35:34,106.5,93.7,99.9,98.1,102.0,97.8,102.6,101.7,99.6,99.8,96.0,107.8
ED-0040,2135,35:35,105.5,93.1,100.2,97.9,102.4,97.9,101.8,101.2,100.3,99.5,97.0,107.1
ED-0040,2136,35:36,105.7,93.2,99.7,97.5,101.3,97.2,101.5,101.2,99.8,99.2,95.9,106.8
ED-0040,2137,35:37,106.3,94.1,99.5,96.5,100.9,97.6,102.6,100.1,99.8,99.4,96.2,106.4
ED-0040,2138,35:38,105.7,92.9,99.6,96.5,100.5,98.2,99.4,101.3,98.8,98.5,96.6,106.0
ED-0040,2139,35:39,105.9,93.0,99.0,96.2,100.8,97.3,101.9,100.8,98.9,98.7,95.4,106.4
ED-0040,2140,35:40,105.6,93.2,99.1,95.3,100.7,97.7,100.8,100.0,98.9,98.1,95.3,106.3
ED-0040,2141,35:41,104.5,93.7,98.6,95.9,101.2,96.0,101.3,100.3,99.5,98.6,96.1,105.5
ED-0040,2142,35:42,103.9,92.1,98.6,96.8,101.0,96.2,100.8,100.1,97.1,98.9,95.4,105.1
ED-0040,2143,35:43,104.5,92.0,97.2,96.2,99.9,96.2,99.8,101.3,97.5,97.3,95.6,105.6
ED-0040,2144,35:44,104.4,91.6,98.3,95.2,99.6,96.5,99.3,100.0,98.4,97.0,95.2,104.6
ED-0040,2145,35:45,104.1,91.9,98.3,95.1,100.3,94.4,99.9,99.7,96.0,96.7,94.1,104.7
ED-0040,2146,35:46,104.7,91.5,97.9,96.1,100.2,96.3,99.4,99.8,96.8,98.6,94.4,104.5
ED-0040,2147,35:47,104.0,91.8,97.8,95.5,98.5,94.8,99.1,98.9,97.4,97.0,94.1,104.1
ED-0040,2148,35:48,103.8,91.0,97.2,94.8,99.2,95.2,99.3,99.0,96.7,95.8,93.5,103.4
ED-0040,2149,35:49,103.2,91.2,97.6,94.8,98.4,94.2,99.1,98.0,97.1,96.8,93.2,104.0
ED-0040,2150,35:50,102.8,90.4,96.9,94.4,99.0,94.8,99.2,97.8,97.6,96.5,93.9,103.7
ED-0040,2151,35:51,102.9,90.5,96.0,94.2,98.8,94.3,99.3,98.9,96.3,97.0,92.7,104.6
ED-0040,2152,35:52,101.7,91.3,97.6,94.3,97.8,95.0,98.2,98.1,96.6,96.6,93.7,102.5
ED-0040,2153,35:53,102.6,91.1,96.9,94.0,98.3,94.0,98.1,97.7,96.5,95.8,92.4,103.0
ED-0040,2154,35:54,102.5,91.1,96.2,94.3,98.3,94.2,98.2,97.6,95.3,96.1,92.5,103.3
ED-0040,2155,35:55,102.1,90.9,96.1,93.6,98.2,93.7,97.9,96.8,96.0,96.5,93.0,102.6
ED-0040,2156,35:56,101.9,89.4,96.3,93.5,96.9,93.8,97.1,97.5,95.7,95.0,92.9,103.3
ED-0040,2157,35:57,102.2,89.0,96.5,93.9,97.7,92.7,97.9,97.3,95.6,95.1,92.4,101.5
ED-0040,2158,35:58,101.6,89.2,95.7,93.7,95.6,93.2,96.1,96.6,95.1,95.6,91.9,101.8
ED-0040,2159,35:59,101.7,90.0,95.0,92.9,97.2,92.8,96.3,96.8,94.6,95.2,91.8,102.2
ED-0040,2160,36:00,101.6,89.7,95.3,94.4,96.7,92.3,96.7,96.6,95.7,94.8,91.7,101.8
ED-0040,2161,36:01,101.9,89.5,95.0,93.6,96.2,92.0,95.9,96.0,94.6,94.9,91.5,101.3
ED-0040,2162,36:02,101.5,88.5,95.5,92.6,96.2,92.1,95.8,96.1,95.4,93.8,91.2,102.2
ED-0040,2163,36:03,101.4,88.8,94.7,93.3,96.1,91.9,95.7,96.2,94.5,93.6,90.6,100.9
ED-0040,2164,36:04,100.3,88.7,95.1,92.5,96.2,92.2,96.1,95.6,94.6,92.9,90.9,100.8
ED-0040,2165,36:05,100.8,88.3,93.1,93.1,95.8,91.5,95.4,95.1,94.8,93.0,90.9,99.7
ED-0040,2166,36:06,100.2,87.5,93.7,91.6,95.4,91.8,95.3,95.1,94.2,94.1,91.1,100.8
ED-0040,2167,36:07,100.5,87.5,93.9,92.2,95.7,91.2,95.3,95.3,94.2,93.8,90.5,100.7
ED-0040,2168,36:08,99.6,87.3,94.3,90.8,94.4,90.4,94.6,95.1,93.5,93.1,90.7,100.9
ED-0040,2169,36:09,99.4,87.7,93.6,91.6,94.6,91.6,95.0,94.4,93.7,92.3,89.5,99.9
ED-0040,2170,36:10,99.8,87.3,93.5,91.8,94.6,91.0,94.8,93.6,92.5,93.4,90.4,101.3
ED-0040,2171,36:11,99.6,87.7,94.1,90.6,94.9,90.4,94.5,93.2,92.9,92.6,90.1,100.8
ED-0040,2172,36:12,98.2,87.5,93.6,91.2,94.0,91.1,95.3,93.7,92.9,92.8,89.7,100.6
ED-0040,2173,36:13,98.4,87.2,92.8,91.3,94.0,90.4,94.2,93.7,92.3,93.4,89.7,99.3
ED-0040,2174,36:14,97.6,86.9,92.5,90.4,93.0,90.2,93.2,93.4,92.8,91.9,90.0,99.1
ED-0040,2175,36:15,98.2,87.2,93.1,90.9,93.5,90.3,93.3,93.1,92.0,91.8,88.8,99.0
ED-0040,2176,36:16,99.4,86.7,92.7,90.7,93.8,89.1,93.2,92.6,92.3,91.7,89.2,98.9
ED-0040,2177,36:17,98.3,87.0,91.9,90.4,93.6,89.0,92.6,93.6,92.0,91.5,89.4,98.5
ED-0040,2178,36:18,98.0,86.2,92.7,89.2,92.7,88.8,93.0,93.6,91.6,91.1,88.8,98.7
ED-0040,2179,36:19,98.6,86.2,91.6,90.2,92.7,89.0,93.7,92.8,91.4,91.4,88.0,99.2
ED-0040,2180,36:20,97.6,85.9,92.0,90.5,93.0,87.9,92.2,92.7,91.5,92.2,88.6,98.2
ED-0040,2181,36:21,97.2,85.1,91.0,90.1,92.6,88.9,93.1,92.3,91.4,91.1,87.7,98.5
ED-0040,2182,36:22,97.5,84.8,91.4,89.5,92.8,88.7,91.6,91.6,90.2,90.8,88.6,98.7
ED-0040,2183,36:23,97.3,84.9,90.6,89.1,92.4,88.3,92.0,92.6,90.8,90.0,87.7,97.1
ED-0040,2184,36:24,97.5,86.2,91.4,89.3,92.4,87.2,90.9,91.5,91.1,90.9,87.4,98.0
ED-0040,2185,36:25,96.9,84.7,90.4,87.9,91.1,88.7,91.0,92.2,90.8,90.1,87.0,96.5
ED-0040,2186,36:26,96.6,85.4,89.7,88.6,91.9,87.4,91.2,91.5,89.0,91.0,87.1,97.5
ED-0040,2187,36:27,96.7,84.2,90.7,88.8,91.5,87.9,90.4,91.1,89.4,89.3,86.5,96.6
ED-0040,2188,36:28,96.5,84.3,90.9,88.2,90.9,87.6,91.1,91.1,89.7,89.3,87.1,97.5
ED-0040,2189,36:29,96.0,84.9,89.7,88.0,90.6,87.0,91.7,91.4,91.0,88.6,86.7,97.1
ED-0040,2190,36:30,97.1,83.4,90.3,89.1,90.8,87.2,91.1,89.9,89.1,89.5,86.4,96.5
ED-0040,2191,36:31,95.6,84.3,90.9,88.0,91.0,86.3,90.3,90.2,88.9,89.8,86.8,96.7
ED-0040,2192,36:32,96.1,83.8,89.2,87.7,90.3,86.5,90.2,90.6,90.2,89.4,86.2,96.5
ED-0040,2193,36:33,96.0,83.4,89.6,87.7,89.9,86.7,90.4,90.6,89.3,89.5,85.8,95.4
ED-0040,2194,36:34,95.0,84.1,89.4,87.7,89.5,86.0,89.5,89.8,87.7,89.4,86.5,95.6
ED-0040,2195,36:35,95.5,84.0,88.5,87.9,89.4,87.1,89.6,89.5,89.7,88.7,85.9,96.1
ED-0040,2196,36:36,93.8,83.1,88.1,87.2,90.0,86.1,89.0,89.4,88.3,89.2,85.2,96.1
ED-0040,2197,36:37,95.2,83.8,88.7,86.8,89.3,85.7,90.1,90.0,88.2,88.3,85.3,94.7
ED-0040,2198,36:38,94.7,82.3,88.8,86.9,88.7,85.1,89.1,88.7,88.8,88.6,85.3,94.1
ED-0040,2199,36:39,95.0,82.5,87.9,87.0,88.7,86.5,89.1,88.6,87.6,88.5,85.6,95.6
ED-0040,2200,36:40,95.0,82.8,87.9,86.5,89.2,85.2,88.7,89.1,88.2,87.6,84.4,94.3
ED-0040,2201,36:41,95.0,82.7,88.7,86.6,88.9,85.4,88.4,88.3,87.8,88.3,85.0,94.3
ED-0040,2202,36:42,94.5,83.0,88.3,86.6,88.6,85.4,88.0,88.2,87.9,88.0,85.0,94.4
ED-0040,2203,36:43,93.8,82.6,87.7,85.9,88.0,84.6,87.9,88.0,88.6,86.8,84.4,94.4
ED-0040,2204,36:44,93.3,81.3,87.4,85.5,88.2,83.7,88.5,88.7,87.2,87.5,84.3,93.7
ED-0040,2205,36:45,93.5,81.9,87.5,85.8,87.7,84.3,87.4,88.4,87.1,86.3,84.1,93.3
ED-0040,2206,36:46,92.6,82.9,87.2,85.7,87.3,83.9,87.3,87.7,87.5,87.9,84.8,93.9
ED-0040,2207,36:47,93.6,81.9,88.2,85.4,88.4,84.2,87.4,87.1,86.8,86.5,84.8,93.6
ED-0040,2208,36:48,93.7,82.3,87.9,85.0,87.3,83.3,87.4,87.1,87.3,87.7,83.7,93.4
ED-0040,2209,36:49,93.1,81.1,87.4,85.8,87.1,84.3,86.7,86.9,87.2,85.8,82.8,93.1
ED-0040,2210,36:50,92.5,81.1,85.8,85.5,86.9,83.9,86.7,88.0,86.5,86.8,84.6,92.6
ED-0040,2211,36:51,91.8,81.0,87.7,84.6,86.6,82.9,86.9,87.0,85.9,86.3,82.8,93.3
ED-0040,2212,36:52,93.3,81.7,87.4,84.9,86.8,83.5,86.9,87.0,86.8,86.4,83.1,93.4
ED-0040,2213,36:53,92.1,80.9,85.9,84.5,86.4,85.2,86.3,86.8,86.2,85.7,82.5,92.7
ED-0040,2214,36:54,91.9,80.6,86.0,85.5,87.0,83.2,86.8,86.1,86.3,85.7,83.5,93.0
ED-0040,2215,36:55,92.2,80.5,85.5,84.6,87.3,82.8,85.9,85.8,85.9,85.7,82.2,92.7
ED-0040,2216,36:56,92.2,80.3,87.4,84.7,86.6,82.5,85.8,86.2,85.4,85.1,82.6,92.9
ED-0040,2217,36:57,92.5,78.8,86.0,83.6,84.8,82.9,85.0,85.9,85.3,86.5,82.3,91.7
ED-0040,2218,36:58,90.9,79.7,85.5,83.8,86.3,82.9,85.1,85.6,84.4,85.6,81.2,92.4
ED-0040,2219,36:59,92.9,80.3,85.5,83.9,85.7,82.3,84.7,85.7,85.2,84.4,82.4,91.9
ED-0040,2220,37:00,90.5,79.7,84.8,83.3,85.5,82.4,84.9,85.8,84.6,85.3,82.1,92.2
ED-0040,2221,37:01,91.7,79.9,85.1,84.3,84.6,81.2,84.2,85.3,85.0,85.0,81.5,91.2
ED-0040,2222,37:02,90.4,79.5,84.8,83.3,85.9,80.8,85.3,85.6,84.9,85.0,82.2,91.4
ED-0040,2223,37:03,91.8,78.9,85.0,83.4,84.8,82.5,84.6,85.3,84.9,84.5,80.5,91.0
ED-0040,2224,37:04,90.8,78.8,83.9,82.4,84.8,81.4,84.9,84.1,85.3,84.7,81.6,90.8
ED-0040,2225,37:05,90.6,79.7,84.1,83.1,84.9,81.1,84.6,84.0,84.2,85.1,81.4,91.0
ED-0040,2226,37:06,89.9,79.0,84.1,82.7,84.6,81.8,83.9,85.4,85.0,83.7,81.3,90.6
ED-0040,2227,37:07,89.8,79.4,84.4,81.9,84.9,80.8,84.4,83.8,83.9,84.1,80.4,90.7
ED-0040,2228,37:08,90.6,77.5,84.4,82.7,84.5,81.3,84.1,84.3,83.9,83.6,80.0,91.0
ED-0040,2229,37:09,90.4,78.7,84.4,82.9,83.6,81.3,83.5,84.1,82.7,83.4,80.5,90.2
ED-0040,2230,37:10,90.1,78.3,83.5,82.4,83.8,80.4,83.5,83.1,82.7,83.6,80.8,89.9
ED-0040,2231,37:11,88.7,77.5,83.4,81.1,83.9,79.9,83.8,83.4,82.3,83.3,80.4,91.2
ED-0040,2232,37:12,88.7,78.3,83.5,81.8,83.2,79.0,83.9,84.0,82.7,84.0,79.8,89.8
ED-0040,2233,37:13,89.0,78.1,83.6,81.7,82.8,79.8,82.9,84.0,83.4,82.7,79.2,89.6
ED-0040,2234,37:14,90.0,78.5,83.5,81.3,83.4,80.6,81.7,82.3,82.1,83.0,80.5,89.6
ED-0040,2235,37:15,89.1,77.8,82.1,80.9,84.0,79.0,82.6,83.4,83.1,83.2,79.9,89.4
ED-0040,2236,37:16,88.0,77.9,83.5,80.7,83.6,78.7,81.8,82.9,83.2,82.7,79.1,88.5
ED-0040,2237,37:17,89.0,77.5,82.9,82.0,82.5,78.5,81.4,83.7,82.3,83.7,79.4,88.8
ED-0040,2238,37:18,87.6,76.6,82.9,81.2,83.6,78.9,82.0,82.6,81.4,82.3,79.5,88.6
ED-0040,2239,37:19,88.2,77.3,81.9,80.6,82.6,78.5,81.9,83.0,81.6,82.5,79.4,88.5
ED-0040,2240,37:20,88.1,76.7,82.0,81.5,82.9,79.1,80.9,81.4,81.9,81.6,79.1,88.3
ED-0040,2241,37:21,88.4,77.5,82.5,81.1,82.4,78.9,81.6,82.7,81.2,82.0,78.8,89.2
ED-0040,2242,37:22,87.0,77.3,82.7,80.6,82.3,78.5,81.1,81.4,81.0,82.2,79.0,88.2
ED-0040,2243,37:23,87.7,77.1,81.8,79.9,81.7,78.9,80.5,82.5,81.8,81.3,78.6,87.9
ED-0040,2244,37:24,87.7,76.6,82.5,80.0,81.2,78.1,80.4,80.8,81.9,81.8,78.6,89.0
ED-0040,2245,37:25,87.9,75.5,81.8,80.1,81.4,77.8,80.6,81.6,81.4,81.2,77.0,87.8
ED-0040,2246,37:26,87.5,75.7,81.1,80.0,81.2,79.2,80.4,82.1,81.4,81.7,77.1,86.8
ED-0040,2247,37:27,87.7,75.7,80.8,80.1,80.7,77.8,81.3,80.9,80.5,80.8,77.8,87.9
ED-0040,2248,37:28,87.1,77.1,81.9,79.9,80.7,77.5,81.3,80.9,80.8,80.7,78.3,87.6
ED-0040,2249,37:29,88.0,75.4,81.0,78.8,81.1,77.3,81.5,81.0,80.6,81.0,78.1,87.6
ED-0040,2250,37:30,86.1,75.4,81.4,79.3,80.8,77.1,80.0,81.6,80.2,81.5,78.2,87.3
ED-0040,2251,37:31,87.4,76.3,81.6,78.9,80.3,77.5,79.8,80.1,80.7,80.6,77.9,87.1
ED-0040,2252,37:32,86.5,76.0,80.0,79.7,80.1,76.7,79.5,80.5,80.6,79.3,77.1,87.2
ED-0040,2253,37:33,86.1,75.5,79.9,79.2,80.6,77.1,80.2,79.7,80.3,80.4,76.4,86.3
ED-0040,2254,37:34,86.2,75.2,80.5,78.4,80.3,76.8,79.6,79.1,80.3,79.8,77.6,87.0
ED-0040,2255,37:35,86.4,75.7,79.6,79.0,80.1,76.7,80.0,79.8,79.8,80.2,76.4,86.1
ED-0040,2256,37:36,85.9,74.7,80.3,78.4,80.2,76.6,78.8,79.1,78.6,79.3,76.1,85.9
ED-0040,2257,37:37,85.5,74.4,80.9,78.1,79.9,76.4,78.6,78.3,79.2,79.1,76.3,85.7
ED-0040,2258,37:38,86.2,74.0,80.5,78.2,79.5,76.6,78.9,79.8,79.7,79.8,76.5,85.5
ED-0040,2259,37:39,86.3,73.8,79.7,77.8,78.8,76.0,78.7,78.8,79.5,79.7,76.1,85.5
ED-0040,2260,37:40,85.2,74.6,80.0,77.6,79.4,75.3,78.5,79.4,79.4,79.3,76.9,85.7
ED-0040,2261,37:41,85.8,74.4,78.7,78.2,79.1,75.1,78.3,79.4,79.1,79.8,75.6,85.5
ED-0040,2262,37:42,85.1,73.9,80.1,77.6,78.3,76.1,78.6,79.8,79.0,79.2,76.4,85.0
ED-0040,2263,37:43,84.9,75.4,78.8,78.1,78.8,76.8,77.9,78.9,79.3,79.4,76.0,85.7
ED-0040,2264,37:44,85.8,74.3,79.3,76.6,78.7,74.7,78.1,78.4,78.2,78.0,75.6,84.9
ED-0040,2265,37:45,84.9,74.0,79.4,77.8,77.9,75.9,78.2,77.8,78.7,78.8,76.1,85.2
ED-0040,2266,37:46,84.9,74.0,79.1,77.1,78.1,76.0,77.3,78.5,78.3,78.7,75.4,85.4
ED-0040,2267,37:47,83.1,73.6,77.6,77.4,78.7,75.3,77.7,78.4,77.7,78.1,75.6,85.1
ED-0040,2268,37:48,84.3,73.2,78.8,76.3,78.1,74.5,77.6,77.6,78.6,78.5,74.9,84.0
ED-0040,2269,37:49,84.1,72.9,77.4,75.6,77.7,75.2,77.5,78.3,78.1,78.5,74.8,85.1
ED-0040,2270,37:50,83.7,72.9,78.2,76.9,77.5,74.8,77.1,77.8,78.3,77.6,74.7,84.3
ED-0040,2271,37:51,83.6,73.2,78.3,77.4,77.0,74.3,76.8,77.4,77.8,78.7,73.7,84.6
ED-0040,2272,37:52,84.0,72.1,78.9,76.9,77.4,73.9,76.4,77.2,77.9,77.3,74.0,83.7
ED-0040,2273,37:53,84.3,72.8,77.2,76.0,77.5,74.1,77.5,76.8,77.5,77.9,75.2,83.5
ED-0040,2274,37:54,84.4,72.9,77.6,76.1,77.0,74.2,76.7,76.6,77.2,76.8,74.4,83.8
ED-0040,2275,37:55,83.6,72.1,77.8,76.2,76.4,74.3,76.7,76.7,77.8,77.7,75.1,83.9
ED-0040,2276,37:56,83.5,72.8,77.6,76.4,77.2,73.6,76.8,76.6,76.4,77.3,74.8,83.2
ED-0040,2277,37:57,82.7,72.1,77.3,76.0,76.3,73.3,76.0,76.8,78.2,76.7,74.5,83.0
ED-0040,2278,37:58,82.7,72.4,77.7,75.9,77.2,73.6,76.6,77.3,77.2,76.5,73.4,83.2
ED-0040,2279,37:59,83.0,72.6,77.6,75.5,76.0,73.1,76.5,76.5,77.1,76.2,74.2,82.9
ED-0040,2280,38:00,82.6,72.2,78.0,75.0,76.1,73.5,75.9,76.3,77.1,76.9,74.4,83.1
ED-0040,2281,38:01,82.4,72.2,77.4,74.7,74.8,73.3,76.1,76.4,76.1,76.1,73.9,83.3
ED-0040,2282,38:02,83.0,70.7,76.1,75.3,75.8,73.5,75.8,75.6,75.3,76.7,73.0,83.4
ED-0040,2283,38:03,83.7,71.4,77.6,75.3,75.0,73.6,75.2,76.5,76.5,75.9,74.0,82.5
ED-0040,2284,38:04,82.7,71.4,76.9,75.1,75.5,72.8,74.9,75.4,76.2,75.8,73.8,82.1
ED-0040,2285,38:05,82.1,71.3,76.5,75.1,75.7,73.2,74.7,75.8,76.0,75.6,72.7,82.9
ED-0040,2286,38:06,81.2,71.8,77.0,75.0,75.2,72.6,73.7,75.3,75.9,76.5,72.5,82.3
ED-0040,2287,38:07,81.0,71.0,76.3,74.1,75.4,72.5,75.4,75.1,76.8,75.4,72.6,81.1
ED-0040,2288,38:08,81.7,71.2,75.7,75.3,75.9,72.7,74.5,75.1,75.2,76.3,72.9,81.5
ED-0040,2289,38:09,82.2,70.3,76.2,73.9,75.5,72.6,75.1,75.5,74.7,74.7,73.0,82.2
ED-0040,2290,38:10,81.9,70.7,75.3,74.5,73.6,71.0,75.2,75.5,75.6,75.4,72.9,82.0
ED-0040,2291,38:11,81.7,71.1,76.3,73.6,74.0,71.3,73.7,73.8,75.4,74.8,72.2,81.9
ED-0040,2292,38:12,81.7,71.0,75.3,74.3,75.9,71.9,73.8,74.3,75.2,75.0,72.1,80.8
ED-0040,2293,38:13,81.6,70.8,76.5,74.4,73.8,71.7,73.6,74.3,75.9,75.8,72.9,81.5
ED-0040,2294,38:14,80.5,69.9,74.7,74.4,74.4,71.0,74.0,75.3,75.4,74.6,72.7,82.2
ED-0040,2295,38:15,80.9,70.4,76.0,73.2,74.0,71.7,73.1,73.7,74.7,74.6,71.8,80.5
ED-0040,2296,38:16,80.9,70.3,75.9,73.6,74.7,71.0,73.1,73.0,74.6,75.1,71.4,81.1
ED-0040,2297,38:17,80.4,69.8,74.5,73.8,73.6,71.7,74.2,75.1,74.7,74.1,72.4,80.3
ED-0040,2298,38:18,80.1,70.3,73.8,73.2,74.3,70.9,74.0,74.2,74.7,75.6,71.3,80.9
ED-0040,2299,38:19,79.8,69.8,74.7,73.0,73.3,70.2,72.8,74.1,74.2,75.0,71.5,80.5
ED-0040,2300,38:20,80.7,70.3,74.1,73.2,73.5,70.9,74.2,73.9,74.5,73.9,71.4,80.3
ED-0040,2301,38:21,80.2,69.1,73.3,73.6,73.2,69.6,73.1,74.6,74.6,74.8,70.8,80.0
ED-0040,2302,38:22,80.1,69.8,75.0,72.7,73.8,70.7,72.6,73.0,74.4,74.0,71.9,80.0
ED-0040,2303,38:23,79.5,69.1,74.7,73.4,73.6,70.3,73.2,73.4,73.7,74.2,70.8,79.6
ED-0040,2304,38:24,79.2,69.5,74.3,73.5,73.0,70.0,72.2,72.9,74.6,73.9,71.2,80.3
ED-0040,2305,38:25,79.6,69.5,74.3,71.8,72.8,70.8,73.3,73.0,73.4,73.6,70.8,79.2
ED-0040,2306,38:26,80.0,68.6,73.8,71.5,72.3,70.2,72.6,73.2,73.7,74.0,69.5,79.9
ED-0040,2307,38:27,79.4,69.8,74.0,72.5,72.7,70.3,71.0,72.7,72.8,73.4,71.0,80.0
ED-0040,2308,38:28,79.5,68.9,73.4,71.9,73.2,69.7,72.4,72.9,73.5,73.6,70.3,79.1
ED-0040,2309,38:29,79.3,68.4,74.1,71.7,71.2,68.6,72.0,73.2,73.8,73.5,70.3,80.7
ED-0040,2310,38:30,79.0,67.9,72.6,72.3,73.1,69.6,71.3,73.3,73.4,72.5,70.0,77.8
ED-0040,2311,38:31,78.4,68.5,73.5,72.1,72.3,69.3,71.1,72.7,73.6,73.2,70.4,79.6
ED-0040,2312,38:32,78.5,68.0,73.3,72.4,72.8,69.6,71.3,72.9,72.2,72.9,69.7,78.4
ED-0040,2313,38:33,78.7,68.8,73.3,70.9,72.2,68.5,71.1,71.5,72.6,73.5,69.8,79.5
ED-0040,2314,38:34,78.4,67.8,72.0,71.2,73.1,69.1,71.6,71.9,71.9,73.1,69.9,79.6
ED-0040,2315,38:35,77.5,68.7,73.8,72.0,73.0,68.9,70.8,72.1,72.5,72.6,69.7,78.1
ED-0040,2316,38:36,77.7,68.4,73.1,71.6,70.8,67.8,70.8,72.6,71.9,72.3,69.4,77.6
ED-0040,2317,38:37,77.7,67.5,73.2,71.6,71.4,68.6,70.7,71.7,72.1,72.2,68.9,78.6
ED-0040,2318,38:38,78.1,67.9,73.8,70.4,70.8,68.9,70.3,72.1,72.0,72.9,69.8,77.8
ED-0040,2319,38:39,77.2,67.7,72.6,70.4,71.5,68.2,69.9,71.7,71.4,72.0,69.0,77.9
ED-0040,2320,38:40,77.7,68.0,72.3,70.9,71.6,69.2,70.1,71.0,72.5,71.9,69.4,78.3
ED-0040,2321,38:41,77.7,67.5,72.2,71.6,70.0,69.1,69.7,70.9,71.9,71.5,68.8,77.5
ED-0040,2322,38:42,77.7,67.8,71.6,70.5,71.1,67.7,71.2,70.6,72.7,72.7,69.3,76.8
ED-0040,2323,38:43,78.8,67.4,71.1,70.4,71.1,68.1,69.6,71.6,71.1,71.7,68.7,77.9
ED-0040,2324,38:44,78.7,67.1,71.3,70.4,70.1,67.8,70.1,71.2,70.5,71.9,69.0,77.6
ED-0040,2325,38:45,77.1,67.7,72.5,71.1,70.7,68.5,69.9,71.6,70.9,71.5,67.9,77.5
ED-0040,2326,38:46,77.2,67.5,72.2,70.2,70.2,68.2,70.5,70.7,70.9,71.0,68.5,76.5
ED-0040,2327,38:47,77.3,67.4,70.6,70.5,70.7,67.8,69.7,71.2,70.9,71.1,68.3,77.1
ED-0040,2328,38:48,76.2,66.4,72.4,70.5,70.6,67.0,68.9,69.7,71.1,71.8,68.5,77.0
ED-0040,2329,38:49,76.1,67.1,71.3,70.0,70.6,67.2,69.1,70.4,70.5,71.6,68.0,77.5
ED-0040,2330,38:50,76.7,66.1,70.8,70.4,71.2,67.1,69.3,69.6,70.7,70.1,67.5,77.5
ED-0040,2331,38:51,76.7,65.5,70.4,69.1,69.3,67.1,70.5,69.9,70.5,72.0,67.8,76.8
ED-0040,2332,38:52,76.4,66.2,71.8,70.6,69.6,66.5,68.8,69.9,70.3,71.2,68.0,76.9
ED-0040,2333,38:53,76.7,66.5,70.4,68.7,69.4,66.8,67.8,70.2,70.4,71.7,68.4,75.8
ED-0040,2334,38:54,76.1,65.8,71.5,68.7,70.7,67.4,68.2,70.0,70.9,71.2,67.0,77.4
ED-0040,2335,38:55,76.2,66.1,70.5,69.3,68.9,68.1,68.9,69.4,71.0,70.2,67.7,76.7
ED-0040,2336,38:56,75.8,65.8,70.1,69.0,70.0,66.5,67.2,69.3,70.0,70.4,67.2,76.2
ED-0040,2337,38:57,76.2,66.1,70.6,69.3,69.7,65.6,68.3,69.9,69.6,70.1,67.6,76.3
ED-0040,2338,38:58,76.6,66.2,69.5,69.3,68.8,66.3,69.5,69.4,70.4,69.6,67.5,75.9
ED-0040,2339,38:59,76.7,65.2,71.2,68.8,68.2,66.2,68.0,67.8,69.4,70.7,67.4,75.6
ED-0040,2340,39:00,75.8,66.0,70.5,68.7,69.4,65.1,68.3,69.2,69.6,69.9,66.8,75.9
ED-0040,2341,39:01,76.2,65.8,69.6,69.2,68.4,65.7,67.9,68.9,69.6,70.0,67.5,76.2
ED-0040,2342,39:02,74.5,65.7,69.1,68.5,67.9,66.3,67.5,68.9,69.3,69.6,67.0,75.7
ED-0040,2343,39:03,75.7,64.7,69.2,68.3,68.8,65.7,67.9,68.0,68.9,69.5,66.8,75.2
ED-0040,2344,39:04,75.7,65.9,69.5,68.4,68.7,66.4,68.2,68.7,69.0,68.6,66.1,74.5
ED-0040,2345,39:05,74.7,65.7,69.1,69.0,68.3,66.7,67.4,68.2,70.2,70.0,66.8,75.1
ED-0040,2346,39:06,74.2,65.7,69.6,67.6,68.6,65.8,67.8,69.1,69.3,68.9,66.5,75.6
ED-0040,2347,39:07,74.9,64.2,69.3,68.3,67.6,64.5,67.3,68.8,68.0,69.4,66.0,75.8
ED-0040,2348,39:08,74.0,65.0,69.6,67.5,68.0,65.1,68.2,67.2,69.3,69.4,66.2,74.7
ED-0040,2349,39:09,74.2,64.7,69.2,68.7,67.1,65.1,66.1,68.1,68.8,69.1,66.4,74.8
ED-0040,2350,39:10,74.9,63.9,68.9,67.6,67.4,65.5,66.6,68.7,69.1,70.3,65.4,74.8
ED-0040,2351,39:11,74.6,65.1,69.0,68.1,67.9,65.2,66.7,67.5,69.1,68.8,66.2,73.9
ED-0040,2352,39:12,74.3,64.9,68.6,67.3,66.6,64.4,66.4,68.3,69.5,69.6,65.4,75.0
ED-0040,2353,39:13,74.2,65.1,69.2,67.8,68.0,64.2,67.1,67.8,68.8,69.8,65.4,74.4
ED-0040,2354,39:14,74.4,64.6,68.6,67.8,67.2,65.3,67.3,67.6,68.3,69.2,66.0,73.6
ED-0040,2355,39:15,73.7,64.2,68.6,68.6,67.4,65.1,66.8,67.8,68.1,68.0,65.5,73.7
ED-0040,2356,39:16,73.1,64.3,68.4,67.3,66.9,64.5,67.1,67.2,68.5,69.4,65.2,74.5
ED-0040,2357,39:17,74.6,64.4,68.6,67.3,67.3,64.4,65.8,67.7,68.0,68.7,66.3,73.0
ED-0040,2358,39:18,72.8,65.2,67.9,66.8,67.3,64.6,65.9,67.0,69.1,68.2,64.4,73.8
ED-0040,2359,39:19,73.4,63.9,68.2,67.8,66.5,63.9,66.1,66.7,68.2,68.0,64.6,73.8
ED-0040,2360,39:20,73.4,63.4,67.6,66.9,66.9,64.2,66.1,66.5,66.1,68.6,65.6,72.8
ED-0040,2361,39:21,72.4,64.4,68.0,66.4,66.1,63.6,66.3,67.3,67.1,67.6,65.0,73.0
ED-0040,2362,39:22,72.9,64.1,67.9,67.1,66.1,63.4,67.0,65.9,67.0,68.2,64.5,73.3
ED-0040,2363,39:23,72.9,64.3,67.4,66.4,65.9,64.9,65.3,65.9,67.6,67.4,65.5,72.8
ED-0040,2364,39:24,73.1,62.8,68.2,66.3,66.2,64.1,65.5,66.0,67.2,66.4,64.7,74.2
ED-0040,2365,39:25,72.6,63.3,67.1,67.4,66.6,63.6,65.5,66.7,67.5,67.1,65.2,72.8
ED-0040,2366,39:26,71.8,63.1,68.3,66.0,66.6,64.1,64.1,66.8,66.9,68.2,64.7,72.1
ED-0040,2367,39:27,72.8,62.4,68.0,66.4,66.0,63.8,64.3,65.5,67.1,66.5,64.4,73.3
ED-0040,2368,39:28,73.0,62.5,67.9,66.4,65.9,63.1,65.7,66.8,67.1,67.2,63.6,72.7
ED-0040,2369,39:29,73.2,63.3,67.7,67.0,65.5,62.7,64.6,66.5,65.2,66.8,64.5,72.7
ED-0040,2370,39:30,72.7,62.8,67.1,65.7,65.8,62.4,65.2,65.1,66.9,66.7,64.1,71.6
ED-0040,2371,39:31,72.7,63.1,66.5,66.7,65.6,63.3,64.8,66.2,66.2,67.2,64.2,71.5
ED-0040,2372,39:32,71.1,62.7,66.5,65.6,65.1,63.6,64.6,65.7,66.8,67.4,64.2,71.9
ED-0040,2373,39:33,71.5,62.2,66.6,66.3,65.8,62.8,63.9,65.4,65.6,66.2,64.4,72.4
ED-0040,2374,39:34,71.8,62.8,67.5,66.0,64.5,63.1,64.3,65.6,66.0,66.1,63.3,72.7
ED-0040,2375,39:35,71.9,62.4,66.1,66.3,64.5,63.5,64.8,65.6,67.1,67.3,63.3,71.9
ED-0040,2376,39:36,72.3,62.1,66.7,64.6,65.7,61.9,64.2,65.3,66.0,66.0,63.8,71.6
ED-0040,2377,39:37,70.9,62.8,66.0,65.9,64.3,61.7,63.4,65.1,65.6,66.0,63.5,71.3
ED-0040,2378,39:38,73.2,62.0,66.0,65.7,64.5,61.8,64.2,65.6,66.9,66.8,64.2,72.0
ED-0040,2379,39:39,71.5,62.7,66.1,65.2,65.1,62.7,63.8,65.0,65.9,65.8,63.6,72.7
ED-0040,2380,39:40,72.1,62.4,65.9,65.0,64.4,62.5,64.7,64.9,65.9,66.8,62.5,71.1
ED-0040,2381,39:41,71.1,62.3,66.3,64.2,64.6,61.5,64.6,64.8,66.3,66.2,63.2,71.9
ED-0040,2382,39:42,71.3,62.1,66.5,65.0,64.6,62.1,64.0,64.0,65.0,66.5,62.6,71.5
ED-0040,2383,39:43,71.1,61.8,66.2,64.7,63.5,61.6,63.0,65.3,65.0,65.6,62.6,70.7
ED-0040,2384,39:44,71.1,62.6,64.9,64.2,64.2,61.5,63.3,64.7,65.3,66.6,62.4,71.0
ED-0040,2385,39:45,71.5,61.7,65.5,64.9,64.1,62.2,62.8,64.6,65.7,65.1,63.0,71.3
ED-0040,2386,39:46,71.3,61.6,65.2,65.1,64.4,61.6,62.5,64.8,65.5,65.7,63.5,70.2
ED-0040,2387,39:47,70.7,62.3,65.4,64.2,64.3,61.0,62.8,64.5,64.8,64.6,62.7,70.7
ED-0040,2388,39:48,70.6,60.0,65.0,64.4,63.8,61.1,63.1,63.6,64.8,65.1,62.0,71.1
ED-0040,2389,39:49,70.8,60.8,65.2,64.3,64.5,61.3,63.6,64.1,64.9,65.3,62.1,69.3
ED-0040,2390,39:50,70.7,61.8,66.2,64.7,63.5,61.0,63.1,63.4,64.4,65.7,62.0,71.5
ED-0040,2391,39:51,70.6,61.7,65.3,63.9,63.5,61.5,62.5,63.3,65.0,64.7,61.7,69.6
ED-0040,2392,39:52,69.8,60.6,65.0,64.7,63.9,61.9,62.9,63.9,64.8,65.5,61.8,70.9
ED-0040,2393,39:53,70.6,60.9,65.0,64.7,64.3,60.9,63.0,64.4,65.2,64.3,62.8,69.8
ED-0040,2394,39:54,70.2,60.3,64.6,63.1,62.8,61.0,62.1,63.6,65.0,65.1,61.7,69.9
ED-0040,2395,39:55,69.6,60.3,64.6,63.3,62.6,60.6,62.4,62.6,64.0,65.0,62.5,69.3
ED-0040,2396,39:56,69.7,60.0,65.1,64.0,63.5,60.8,63.1,64.0,65.1,63.8,61.0,69.6
ED-0040,2397,39:57,70.2,60.9,64.5,63.2,62.5,60.7,61.9,64.1,63.5,63.9,61.0,70.2
ED-0040,2398,39:58,68.7,61.8,64.8,63.9,62.8,60.8,61.5,63.9,64.8,64.1,61.4,69.7
ED-0040,2399,39:59,68.9,60.3,64.4,63.5,63.2,61.6,61.4,62.9,63.9,65.2,61.9,69.1
