trial_id,time_s,time_mmss,T_LH_HOOD,T_LH_FENDER,T_LH_FRONT_DOOR,T_LH_REAR_DOOR,T_LH_Q_P,T_LH_T_G,T_RH_T_G,T_RH_Q_P,T_RH_REAR_DOOR,T_RH_FR_DOOR,T_RH_FENDER,T_RH_HOOD
ED-0085,0,00:00,33.0,33.0,33.0,33.0,33.0,33.0,33.0,33.0,33.0,33.0,33.0,33.0
ED-0085,1,00:01,33.0,33.0,33.0,33.0,33.0,33.0,33.0,33.0,33.0,33.0,33.0,33.0
ED-0085,2,00:02,33.0,33.0,33.0,33.0,33.0,33.0,33.0,33.0,33.0,33.0,33.0,33.0
ED-0085,3,00:03,33.0,33.0,33.0,33.0,33.0,33.0,33.0,33.0,33.0,33.0,33.0,33.0
ED-0085,4,00:04,33.0,33.0,33.0,33.0,33.0,33.0,33.0,33.0,33.0,33.0,33.0,33.0
ED-0085,5,00:05,33.0,33.0,33.0,33.0,33.0,33.0,33.0,33.0,33.0,33.0,33.0,33.0
ED-0085,6,00:06,33.0,33.0,33.0,33.0,33.0,33.0,33.0,33.0,33.0,33.0,33.0,33.0
ED-0085,7,00:07,33.0,33.0,33.0,33.0,33.0,33.0,33.0,33.0,33.0,33.0,33.0,33.0
ED-0085,8,00:08,33.0,33.0,33.0,33.0,33.0,33.0,33.0,33.0,33.0,33.0,33.0,33.0
ED-0085,9,00:09,33.0,33.0,33.0,33.0,33.0,33.0,33.0,33.0,33.0,33.0,33.0,33.0
ED-0085,10,00:10,33.0,33.0,33.0,33.0,33.0,33.0,33.0,33.0,33.0,33.0,33.0,33.0
ED-0085,11,00:11,33.0,33.0,33.0,33.0,33.0,33.0,33.0,33.0,33.0,33.0,33.0,33.0
ED-0085,12,00:12,33.0,33.0,33.0,33.0,33.0,33.0,33.0,33.0,33.0,33.0,33.0,33.0
ED-0085,13,00:13,33.0,33.0,33.0,33.0,33.0,33.0,33.0,33.0,33.0,33.0,33.0,33.0
ED-0085,14,00:14,33.0,33.0,33.0,33.0,33.0,33.0,33.0,33.0,33.0,33.0,33.0,33.0
ED-0085,15,00:15,33.0,33.0,33.0,33.0,33.0,33.0,33.0,33.0,33.0,33.0,33.0,33.0
ED-0085,16,00:16,33.0,33.0,33.0,33.0,33.0,33.0,33.0,33.0,33.0,33.0,33.0,33.0
ED-0085,17,00:17,33.0,33.0,33.0,33.0,33.0,33.0,33.0,33.0,33.0,33.0,33.0,33.0
ED-0085,18,00:18,33.0,33.0,33.0,33.0,33.0,33.0,33.0,33.0,33.0,33.0,33.0,33.0
ED-0085,19,00:19,33.0,33.0,33.0,33.0,33.0,33.0,33.0,33.0,33.0,33.0,33.0,33.0
ED-0085,20,00:20,33.0,33.0,33.0,33.0,33.0,33.0,33.0,33.0,33.0,33.0,33.0,33.0
ED-0085,21,00:21,33.0,33.0,33.0,33.0,33.0,33.0,33.0,33.0,33.0,33.0,33.0,33.0
ED-0085,22,00:22,33.0,33.0,33.0,33.0,33.0,33.0,33.0,33.0,33.0,33.0,33.0,33.0
ED-0085,23,00:23,33.0,33.0,33.0,33.0,33.0,33.0,33.0,33.0,33.0,33.0,33.0,33.0
ED-0085,24,00:24,33.0,33.0,33.0,33.0,33.0,33.0,33.0,33.0,33.0,33.0,33.0,33.0
ED-0085,25,00:25,33.0,33.0,33.0,33.0,33.0,33.0,33.0,33.0,33.0,33.0,33.0,33.0
ED-0085,26,00:26,33.0,33.0,33.0,33.0,33.0,33.0,33.0,33.0,33.0,33.0,33.0,33.0
ED-0085,27,00:27,33.0,33.0,33.0,33.0,33.0,33.0,33.0,33.0,33.0,33.0,33.0,33.0
ED-0085,28,00:28,33.0,33.0,33.0,33.0,33.0,33.0,33.0,33.0,33.0,33.0,33.0,33.0
ED-0085,29,00:29,33.0,33.0,33.0,33.0,33.0,33.0,33.0,33.0,33.0,33.0,33.0,33.0
ED-0085,30,00:30,33.0,33.0,33.0,33.0,33.0,33.0,33.0,33.0,33.0,33.0,33.0,33.0
ED-0085,31,00:31,33.0,33.0,33.0,33.0,33.0,33.0,33.0,33.0,33.0,33.0,33.0,33.0
ED-0085,32,00:32,33.0,33.0,33.0,33.0,33.0,33.0,33.0,33.0,33.0,33.0,33.0,33.0
ED-0085,33,00:33,33.0,33.0,33.0,33.0,33.0,33.0,33.0,33.0,33.0,33.0,33.0,33.0
ED-0085,34,00:34,33.0,33.0,33.0,33.0,33.0,33.0,33.0,33.0,33.0,33.0,33.0,33.0
ED-0085,35,00:35,33.0,33.0,33.0,33.0,33.0,33.0,33.0,33.0,33.0,33.0,33.0,33.0
ED-0085,36,00:36,33.0,33.0,33.0,33.0,33.0,33.0,33.0,33.0,33.0,33.0,33.0,33.0
ED-0085,37,00:37,33.0,33.0,33.0,33.0,33.0,33.0,33.0,33.0,33.0,33.0,33.0,33.0
ED-0085,38,00:38,33.0,33.0,33.0,33.0,33.0,33.0,33.0,33.0,33.0,33.0,33.0,33.0
ED-0085,39,00:39,33.0,33.0,33.0,33.0,33.0,33.0,33.0,33.0,33.0,33.0,33.0,33.0
ED-0085,40,00:40,33.0,33.0,33.0,33.0,33.0,33.0,33.0,33.0,33.0,33.0,33.0,33.0
ED-0085,41,00:41,33.0,33.0,33.0,33.0,33.0,33.0,33.0,33.0,33.0,33.0,33.0,33.0
ED-0085,42,00:42,33.0,33.0,33.0,33.0,33.0,33.0,33.0,33.0,33.0,33.0,33.0,33.0
ED-0085,43,00:43,33.0,33.0,33.0,33.0,33.0,33.0,33.0,33.0,33.0,33.0,33.0,33.0
ED-0085,44,00:44,33.0,33.0,33.0,33.0,33.0,33.0,33.0,33.0,33.0,33.0,33.0,33.0
ED-0085,45,00:45,33.0,33.0,33.0,33.0,33.0,33.0,33.0,33.0,33.0,33.0,33.0,33.0
ED-0085,46,00:46,33.0,33.0,33.0,33.0,33.0,33.0,33.0,33.0,33.0,33.0,33.0,33.0
ED-0085,47,00:47,33.0,33.0,33.0,33.0,33.0,33.0,33.0,33.0,33.0,33.0,33.0,33.0
ED-0085,48,00:48,33.0,33.0,33.0,33.0,33.0,33.0,33.0,33.0,33.0,33.0,33.0,33.0
ED-0085,49,00:49,33.0,33.0,33.0,33.0,33.0,33.0,33.0,33.0,33.0,33.0,33.0,33.0
ED-0085,50,00:50,33.0,33.0,33.0,33.0,33.0,33.0,33.0,33.0,33.0,33.0,33.0,33.0
ED-0085,51,00:51,33.0,33.0,33.0,33.0,33.0,33.0,33.0,33.0,33.0,33.0,33.0,33.0
ED-0085,52,00:52,33.0,33.0,33.0,33.0,33.0,33.0,33.0,33.0,33.0,33.0,33.0,33.0
ED-0085,53,00:53,33.0,33.0,33.0,33.0,33.0,33.0,33.0,33.0,33.0,33.0,33.0,33.0
ED-0085,54,00:54,33.0,33.0,33.0,33.0,33.0,33.0,33.0,33.0,33.0,33.0,33.0,33.0
ED-0085,55,00:55,33.0,33.0,33.0,33.0,33.0,33.0,33.0,33.0,33.0,33.0,33.0,33.0
ED-0085,56,00:56,33.0,33.0,33.0,33.0,33.0,33.0,33.0,33.0,33.0,33.0,33.0,33.0
ED-0085,57,00:57,33.0,33.0,33.0,33.0,33.0,33.0,33.0,33.0,33.0,33.0,33.0,33.0
ED-0085,58,00:58,33.0,33.0,33.0,33.0,33.0,33.0,33.0,33.0,33.0,33.0,33.0,33.0
ED-0085,59,00:59,33.0,33.0,33.0,33.0,33.0,33.0,33.0,33.0,33.0,33.0,33.0,33.0
ED-0085,60,01:00,33.0,33.0,33.0,33.0,33.0,33.0,33.0,33.0,33.0,33.0,33.0,33.0
ED-0085,61,01:01,33.0,33.0,33.0,33.0,33.0,33.0,33.0,33.0,33.0,33.0,33.0,33.0
ED-0085,62,01:02,33.0,33.0,33.0,33.0,33.0,33.0,33.0,33.0,33.0,33.0,33.0,33.0
ED-0085,63,01:03,33.0,33.0,33.0,33.0,33.0,33.0,33.0,33.0,33.0,33.0,33.0,33.0
ED-0085,64,01:04,33.0,33.0,33.0,33.0,33.0,33.0,33.0,33.0,33.0,33.0,33.0,33.0
ED-0085,65,01:05,33.0,33.0,33.0,33.0,33.0,33.0,33.0,33.0,33.0,33.0,33.0,33.0
ED-0085,66,01:06,33.0,33.0,33.0,33.0,33.0,33.0,33.0,33.0,33.0,33.0,33.0,33.0
ED-0085,67,01:07,33.0,33.0,33.0,33.0,33.0,33.0,33.0,33.0,33.0,33.0,33.0,33.0
ED-0085,68,01:08,33.0,33.0,33.0,33.0,33.0,33.0,33.0,33.0,33.0,33.0,33.0,33.0
ED-0085,69,01:09,33.0,33.0,33.0,33.0,33.0,33.0,33.0,33.0,33.0,33.0,33.0,33.0
ED-0085,70,01:10,33.0,33.0,33.0,33.0,33.0,33.0,33.0,33.0,33.0,33.0,33.0,33.0
ED-0085,71,01:11,33.0,33.0,33.0,33.0,33.0,33.0,33.0,33.0,33.0,33.0,33.0,33.0
ED-0085,72,01:12,33.0,33.0,33.0,33.0,33.0,33.0,33.0,33.0,33.0,33.0,33.0,33.0
ED-0085,73,01:13,33.0,33.0,33.0,33.0,33.0,33.0,33.0,33.0,33.0,33.0,33.0,33.0
ED-0085,74,01:14,33.0,33.0,33.0,33.0,33.0,33.0,33.0,33.0,33.0,33.0,33.0,33.0
ED-0085,75,01:15,33.0,33.0,33.0,33.0,33.0,33.0,33.0,33.0,33.0,33.0,33.0,33.0
ED-0085,76,01:16,33.0,33.0,33.0,33.0,33.0,33.0,33.0,33.0,33.0,33.0,33.0,33.0
ED-0085,77,01:17,33.0,33.0,33.0,33.0,33.0,33.0,33.0,33.0,33.0,33.0,33.0,33.0
ED-0085,78,01:18,33.0,33.0,33.0,33.0,33.0,33.0,33.0,33.0,33.0,33.0,33.0,33.0
ED-0085,79,01:19,33.0,33.0,33.0,33.0,33.0,33.0,33.0,33.0,33.0,33.0,33.0,33.0
ED-0085,80,01:20,33.0,33.0,33.0,33.0,33.0,33.0,33.0,33.0,33.0,33.0,33.0,33.0
ED-0085,81,01:21,33.0,33.0,33.0,33.0,33.0,33.0,33.0,33.0,33.0,33.0,33.0,33.0
ED-0085,82,01:22,33.0,33.0,33.0,33.0,33.0,33.0,33.0,33.0,33.0,33.0,33.0,33.0
ED-0085,83,01:23,33.0,33.0,33.0,33.0,33.0,33.0,33.0,33.0,33.0,33.0,33.0,33.0
ED-0085,84,01:24,33.0,33.0,33.0,33.0,33.0,33.0,33.0,33.0,33.0,33.0,33.0,33.0
ED-0085,85,01:25,33.0,33.0,33.0,33.0,33.0,33.0,33.0,33.0,33.0,33.0,33.0,33.0
ED-0085,86,01:26,33.0,33.0,33.0,33.0,33.0,33.0,33.0,33.0,33.0,33.0,33.0,33.0
ED-0085,87,01:27,33.0,33.0,33.0,33.0,33.0,33.0,33.0,33.0,33.0,33.0,33.0,33.0
ED-0085,88,01:28,33.0,33.0,33.0,33.0,33.0,33.0,33.0,33.0,33.0,33.0,33.0,33.0
ED-0085,89,01:29,33.0,33.0,33.0,33.0,33.0,33.0,33.0,33.0,33.0,33.0,33.0,33.0
ED-0085,90,01:30,33.0,33.0,33.0,33.0,33.0,33.0,33.0,33.0,33.0,33.0,33.0,33.0
ED-0085,91,01:31,33.0,33.0,33.0,33.0,33.0,33.0,33.0,33.0,33.0,33.0,33.0,33.0
ED-0085,92,01:32,33.0,33.0,33.0,33.0,33.0,33.0,33.0,33.0,33.0,33.0,33.0,33.0
ED-0085,93,01:33,33.0,33.0,33.0,33.0,33.0,33.0,33.0,33.0,33.0,33.0,33.0,33.0
ED-0085,94,01:34,33.0,33.0,33.0,33.0,33.0,33.0,33.0,33.0,33.0,33.0,33.0,33.0
ED-0085,95,01:35,33.0,33.0,33.0,33.0,33.0,33.0,33.0,33.0,33.0,33.0,33.0,33.0
ED-0085,96,01:36,33.0,33.0,33.0,33.0,33.0,33.0,33.0,33.0,33.0,33.0,33.0,33.0
ED-0085,97,01:37,33.0,33.0,33.0,33.0,33.0,33.0,33.0,33.0,33.0,33.0,33.0,33.0
ED-0085,98,01:38,33.0,33.0,33.0,33.0,33.0,33.0,33.0,33.0,33.0,33.0,33.0,33.0
ED-0085,99,01:39,33.0,33.0,33.0,33.0,33.0,33.0,33.0,33.0,33.0,33.0,33.0,33.0
ED-0085,100,01:40,33.0,33.0,33.0,33.0,33.0,33.0,33.0,33.0,33.0,33.0,33.0,33.0
ED-0085,101,01:41,33.0,33.0,33.0,33.0,33.0,33.0,33.0,33.0,33.0,33.0,33.0,33.0
ED-0085,102,01:42,33.0,33.0,33.0,33.0,33.0,33.0,33.0,33.0,33.0,33.0,33.0,33.0
ED-0085,103,01:43,33.0,33.0,33.0,33.0,33.0,33.0,33.0,33.0,33.0,33.0,33.0,33.0
ED-0085,104,01:44,33.0,33.0,33.0,33.0,33.0,33.0,33.0,33.0,33.0,33.0,33.0,33.0
ED-0085,105,01:45,33.0,33.0,33.0,33.0,33.0,33.0,33.0,33.0,33.0,33.0,33.0,33.0
ED-0085,106,01:46,33.0,33.0,33.0,33.0,33.0,33.0,33.0,33.0,33.0,33.0,33.0,33.0
ED-0085,107,01:47,33.0,33.0,33.0,33.0,33.0,33.0,33.0,33.0,33.0,33.0,33.0,33.0
ED-0085,108,01:48,33.0,33.0,33.0,33.0,33.0,33.0,33.0,33.0,33.0,33.0,33.0,33.0
ED-0085,109,01:49,33.0,33.0,33.0,33.0,33.0,33.0,33.0,33.0,33.0,33.0,33.0,33.0
ED-0085,110,01:50,33.0,33.0,33.0,33.0,33.0,33.0,33.0,33.0,33.0,33.0,33.0,33.0
ED-0085,111,01:51,33.0,33.0,33.0,33.0,33.0,33.0,33.0,33.0,33.0,33.0,33.0,33.0
ED-0085,112,01:52,33.0,33.0,33.0,33.0,33.0,33.0,33.0,33.0,33.0,33.0,33.0,33.0
ED-0085,113,01:53,33.0,33.0,33.0,33.0,33.0,33.0,33.0,33.0,33.0,33.0,33.0,33.0
ED-0085,114,01:54,33.0,33.0,33.0,33.0,33.0,33.0,33.0,33.0,33.0,33.0,33.0,33.0
ED-0085,115,01:55,33.0,33.0,33.0,33.0,33.0,33.0,33.0,33.0,33.0,33.0,33.0,33.0
ED-0085,116,01:56,33.0,33.0,33.0,33.0,33.0,33.0,33.0,33.0,33.0,33.0,33.0,33.0
ED-0085,117,01:57,33.0,33.0,33.0,33.0,33.0,33.0,33.0,33.0,33.0,33.0,33.0,33.0
ED-0085,118,01:58,33.0,33.0,33.0,33.0,33.0,33.0,33.0,33.0,33.0,33.0,33.0,33.0
ED-0085,119,01:59,33.0,33.0,33.0,33.0,33.0,33.0,33.0,33.0,33.0,33.0,33.0,33.0
ED-0085,120,02:00,33.0,33.0,33.0,33.0,33.0,33.0,33.0,33.0,33.0,33.0,33.0,33.0
ED-0085,121,02:01,33.0,33.0,33.0,33.0,33.0,33.0,33.0,33.0,33.0,33.0,33.0,33.0
ED-0085,122,02:02,33.0,33.0,33.0,33.0,33.0,33.0,33.0,33.0,33.0,33.0,33.0,33.0
ED-0085,123,02:03,33.0,33.0,33.0,33.0,33.0,33.0,33.0,33.0,33.0,33.0,33.0,33.0
ED-0085,124,02:04,33.0,33.0,33.0,33.0,33.0,33.0,33.0,33.0,33.0,33.0,33.0,33.0
ED-0085,125,02:05,33.0,33.0,33.0,33.0,33.0,33.0,33.0,33.0,33.0,33.0,33.0,33.0
ED-0085,126,02:06,33.0,33.0,33.0,33.0,33.0,33.0,33.0,33.0,33.0,33.0,33.0,33.0
ED-0085,127,02:07,33.0,33.0,33.0,33.0,33.0,33.0,33.0,33.0,33.0,33.0,33.0,33.0
ED-0085,128,02:08,33.0,33.0,33.0,33.0,33.0,33.0,33.0,33.0,33.0,33.0,33.0,33.0
ED-0085,129,02:09,33.0,33.0,33.0,33.0,33.0,33.0,33.0,33.0,33.0,33.0,33.0,33.0
ED-0085,130,02:10,33.0,33.0,33.0,33.0,33.0,33.0,33.0,33.0,33.0,33.0,33.0,33.0
ED-0085,131,02:11,33.0,33.0,33.0,33.0,33.0,33.0,33.0,33.0,33.0,33.0,33.0,33.0
ED-0085,132,02:12,33.0,33.0,33.0,33.0,33.0,33.0,33.0,33.0,33.0,33.0,33.0,33.0
ED-0085,133,02:13,33.0,33.0,33.0,33.0,33.0,33.0,33.0,33.0,33.0,33.0,33.0,33.0
ED-0085,134,02:14,33.0,33.0,33.0,33.0,33.0,33.0,33.0,33.0,33.0,33.0,33.0,33.0
ED-0085,135,02:15,33.0,33.0,33.0,33.0,33.0,33.0,33.0,33.0,33.0,33.0,33.0,33.0
ED-0085,136,02:16,33.0,33.0,33.0,33.0,33.0,33.0,33.0,33.0,33.0,33.0,33.0,33.0
ED-0085,137,02:17,33.0,33.0,33.0,33.0,33.0,33.0,33.0,33.0,33.0,33.0,33.0,33.0
ED-0085,138,02:18,33.0,33.0,33.0,33.0,33.0,33.0,33.0,33.0,33.0,33.0,33.0,33.0
ED-0085,139,02:19,33.0,33.0,33.0,33.0,33.0,33.0,33.0,33.0,33.0,33.0,33.0,33.0
ED-0085,140,02:20,33.0,33.0,33.0,33.0,33.0,33.0,33.0,33.0,33.0,33.0,33.0,33.0
ED-0085,141,02:21,33.0,33.0,33.0,33.0,33.0,33.0,33.0,33.0,33.0,33.0,33.0,33.0
ED-0085,142,02:22,33.0,33.0,33.0,33.0,33.0,33.0,33.0,33.0,33.0,33.0,33.0,33.0
ED-0085,143,02:23,33.0,33.0,33.0,33.0,33.0,33.0,33.0,33.0,33.0,33.0,33.0,33.0
ED-0085,144,02:24,33.0,33.0,33.0,33.0,33.0,33.0,33.0,33.0,33.0,33.0,33.0,33.0
ED-0085,145,02:25,33.0,33.0,33.0,33.0,33.0,33.0,33.0,33.0,33.0,33.0,33.0,33.0
ED-0085,146,02:26,33.0,33.0,33.0,33.0,33.0,33.0,33.0,33.0,33.0,33.0,33.0,33.0
ED-0085,147,02:27,33.0,33.0,33.0,33.0,33.0,33.0,33.0,33.0,33.0,33.0,33.0,33.0
ED-0085,148,02:28,33.0,33.0,33.0,33.0,33.0,33.0,33.0,33.0,33.0,33.0,33.0,33.0
ED-0085,149,02:29,33.0,33.0,33.0,33.0,33.0,33.0,33.0,33.0,33.0,33.0,33.0,33.0
ED-0085,150,02:30,33.0,33.0,33.0,33.0,33.0,33.0,33.0,33.0,33.0,33.0,33.0,33.0
ED-0085,151,02:31,33.0,33.0,33.0,33.0,33.0,33.0,33.0,33.0,33.0,33.0,33.0,33.0
ED-0085,152,02:32,33.0,33.0,33.0,33.0,33.0,33.0,33.0,33.0,33.0,33.0,33.0,33.0
ED-0085,153,02:33,33.0,33.0,33.0,33.0,33.0,33.0,33.0,33.0,33.0,33.0,33.0,33.0
ED-0085,154,02:34,33.0,33.0,33.0,33.0,33.0,33.0,33.0,33.0,33.0,33.0,33.0,33.0
ED-0085,155,02:35,33.0,33.0,33.0,33.0,33.0,33.0,33.0,33.0,33.0,33.0,33.0,33.0
ED-0085,156,02:36,33.0,33.0,33.0,33.0,33.0,33.0,33.0,33.0,33.0,33.0,33.0,33.0
ED-0085,157,02:37,33.0,33.0,33.0,33.0,33.0,33.0,33.0,33.0,33.0,33.0,33.0,33.0
ED-0085,158,02:38,33.0,33.0,33.0,33.0,33.0,33.0,33.0,33.0,33.0,33.0,33.0,33.0
ED-0085,159,02:39,33.0,33.0,33.0,33.0,33.0,33.0,33.0,33.0,33.0,33.0,33.0,33.0
ED-0085,160,02:40,33.0,33.0,33.0,33.0,33.0,33.0,33.0,33.0,33.0,33.0,33.0,33.0
ED-0085,161,02:41,33.0,33.0,33.0,33.0,33.0,33.0,33.0,33.0,33.0,33.0,33.0,33.0
ED-0085,162,02:42,33.0,33.0,33.0,33.0,33.0,33.0,33.0,33.0,33.0,33.0,33.0,33.0
ED-0085,163,02:43,33.0,33.0,33.0,33.0,33.0,33.0,33.0,33.0,33.0,33.0,33.0,33.0
ED-0085,164,02:44,33.0,33.0,33.0,33.0,33.0,33.0,33.0,33.0,33.0,33.0,33.0,33.0
ED-0085,165,02:45,33.0,33.0,33.0,33.0,33.0,33.0,33.0,33.0,33.0,33.0,33.0,33.0
ED-0085,166,02:46,33.0,33.0,33.0,33.0,33.0,33.0,33.0,33.0,33.0,33.0,33.0,33.0
ED-0085,167,02:47,33.0,33.0,33.0,33.0,33.0,33.0,33.0,33.0,33.0,33.0,33.0,33.0
ED-0085,168,02:48,33.0,33.0,33.0,33.0,33.0,33.0,33.0,33.0,33.0,33.0,33.0,33.0
ED-0085,169,02:49,33.0,33.0,33.0,33.0,33.0,33.0,33.0,33.0,33.0,33.0,33.0,33.0
ED-0085,170,02:50,33.0,33.0,33.0,33.0,33.0,33.0,33.0,33.0,33.0,33.0,33.0,33.0
ED-0085,171,02:51,33.0,33.0,33.0,33.0,33.0,33.0,33.0,33.0,33.0,33.0,33.0,33.0
ED-0085,172,02:52,33.0,33.0,33.0,33.0,33.0,33.0,33.0,33.0,33.0,33.0,33.0,33.0
ED-0085,173,02:53,33.0,33.0,33.0,33.0,33.0,33.0,33.0,33.0,33.0,33.0,33.0,33.0
ED-0085,174,02:54,33.0,33.0,33.0,33.0,33.0,33.0,33.0,33.0,33.0,33.0,33.0,33.0
ED-0085,175,02:55,33.0,33.0,33.0,33.0,33.0,33.0,33.0,33.0,33.0,33.0,33.0,33.0
ED-0085,176,02:56,33.0,33.0,33.0,33.0,33.0,33.0,33.0,33.0,33.0,33.0,33.0,33.0
ED-0085,177,02:57,33.0,33.0,33.0,33.0,33.0,33.0,33.0,33.0,33.0,33.0,33.0,33.0
ED-0085,178,02:58,33.0,33.0,33.0,33.0,33.0,33.0,33.0,33.0,33.0,33.0,33.0,33.0
ED-0085,179,02:59,33.0,33.0,33.0,33.0,33.0,33.0,33.0,33.0,33.0,33.0,33.0,33.0
ED-0085,180,03:00,33.0,33.0,33.0,33.0,33.0,33.0,33.0,33.0,33.0,33.0,33.0,33.0
ED-0085,181,03:01,33.0,33.0,33.0,33.0,33.0,33.0,33.0,33.0,33.0,33.0,33.0,33.0
ED-0085,182,03:02,33.0,33.0,33.0,33.0,33.0,33.0,33.0,33.0,33.0,33.0,33.0,33.0
ED-0085,183,03:03,33.0,33.0,33.0,33.0,33.0,33.0,33.0,33.0,33.0,33.0,33.0,33.0
ED-0085,184,03:04,33.0,33.0,33.0,33.0,33.0,33.0,33.0,33.0,33.0,33.0,33.0,33.0
ED-0085,185,03:05,33.0,33.0,33.0,33.0,33.0,33.0,33.0,33.0,33.0,33.0,33.0,33.0
ED-0085,186,03:06,33.0,33.0,33.0,33.0,33.0,33.0,33.0,33.0,33.0,33.0,33.0,33.0
ED-0085,187,03:07,33.0,33.0,33.0,33.0,33.0,33.0,33.0,33.0,33.0,33.0,33.0,33.0
ED-0085,188,03:08,33.0,33.0,33.0,33.0,33.0,33.0,33.0,33.0,33.0,33.0,33.0,33.0
ED-0085,189,03:09,33.0,33.0,33.0,33.0,33.0,33.0,33.0,33.0,33.0,33.0,33.0,33.0
ED-0085,190,03:10,33.0,33.0,33.0,33.0,33.0,33.0,33.0,33.0,33.0,33.0,33.0,33.0
ED-0085,191,03:11,33.0,33.0,33.0,33.0,33.0,33.0,33.0,33.0,33.0,33.0,33.0,33.0
ED-0085,192,03:12,33.0,33.0,33.0,33.0,33.0,33.0,33.0,33.0,33.0,33.0,33.4,33.0
ED-0085,193,03:13,33.0,33.0,33.0,33.0,33.0,33.0,33.0,33.0,33.0,33.0,33.0,33.0
ED-0085,194,03:14,33.0,33.0,33.0,33.0,33.0,33.0,33.0,33.0,33.0,33.0,33.0,33.0
ED-0085,195,03:15,33.0,33.0,33.0,33.0,33.0,33.0,33.0,33.0,33.0,33.0,33.0,33.0
ED-0085,196,03:16,33.0,33.0,33.0,33.0,33.0,33.0,33.0,33.0,33.0,33.0,33.0,33.0
ED-0085,197,03:17,33.0,33.0,33.0,33.0,33.0,33.0,33.0,33.0,33.0,33.0,33.0,33.0
ED-0085,198,03:18,33.0,33.0,33.0,33.0,33.0,33.0,33.0,33.0,33.0,33.0,33.4,33.0
ED-0085,199,03:19,33.0,33.0,33.0,33.0,33.0,33.0,33.0,33.0,33.0,33.0,33.4,33.0
ED-0085,200,03:20,33.0,33.0,33.0,33.0,33.0,33.0,33.0,33.0,33.0,33.0,33.4,33.0
ED-0085,201,03:21,33.0,33.0,33.0,33.0,33.0,33.0,33.0,33.0,33.0,33.0,33.0,33.0
ED-0085,202,03:22,33.0,33.0,33.0,33.0,33.0,33.0,33.0,33.0,33.0,33.0,33.5,33.0
ED-0085,203,03:23,33.0,33.0,33.0,33.0,33.0,33.0,33.0,33.0,33.0,33.0,34.3,33.0
ED-0085,204,03:24,33.0,33.0,33.0,33.0,33.0,33.0,33.0,33.0,33.0,33.0,34.2,33.0
ED-0085,205,03:25,33.0,33.0,33.0,33.0,33.0,33.0,33.0,33.0,33.0,33.0,33.8,33.0
ED-0085,206,03:26,33.0,33.0,33.2,33.0,33.0,33.0,33.0,33.0,33.0,33.0,33.9,33.0
ED-0085,207,03:27,33.0,33.0,33.5,33.0,33.0,33.0,33.0,33.0,33.0,33.0,34.7,33.0
ED-0085,208,03:28,33.0,33.0,33.4,33.0,33.0,33.0,33.0,33.0,33.0,33.0,34.6,33.0
ED-0085,209,03:29,33.0,33.7,34.1,33.0,33.0,33.0,33.0,33.0,33.0,33.0,35.2,33.0
ED-0085,210,03:30,33.0,33.0,34.6,33.0,33.0,33.0,33.0,33.0,33.0,33.0,36.2,33.0
ED-0085,211,03:31,33.0,33.0,33.9,33.0,33.0,33.0,33.0,33.0,33.0,33.0,34.7,33.0
ED-0085,212,03:32,33.0,33.5,35.0,33.0,33.0,33.0,33.0,33.0,33.0,33.0,35.1,33.0
ED-0085,213,03:33,33.0,33.0,33.5,33.0,33.0,33.0,33.0,33.0,33.0,33.0,36.0,33.0
ED-0085,214,03:34,33.0,34.6,34.8,34.0,33.0,33.0,33.0,33.0,33.0,33.0,36.6,33.0
ED-0085,215,03:35,33.0,34.3,35.6,33.0,33.0,33.0,33.0,33.0,33.0,33.0,35.5,33.0
ED-0085,216,03:36,33.0,34.2,35.5,33.0,33.0,33.0,33.0,33.1,33.0,33.0,36.3,33.0
ED-0085,217,03:37,33.0,35.2,35.4,33.4,33.1,33.0,33.0,33.0,33.0,33.0,37.6,33.0
ED-0085,218,03:38,33.0,34.5,35.2,33.5,33.0,33.0,33.0,33.0,33.5,33.5,36.6,33.0
ED-0085,219,03:39,33.0,35.3,35.9,33.7,33.0,33.0,33.0,33.0,33.0,33.0,37.4,33.0
ED-0085,220,03:40,33.0,35.7,37.0,34.1,33.0,33.0,33.0,33.1,33.2,33.2,38.0,33.0
ED-0085,221,03:41,33.0,36.4,37.1,34.1,33.2,33.0,33.0,33.5,34.6,33.6,37.7,33.0
ED-0085,222,03:42,33.0,36.3,36.7,34.6,33.0,33.0,33.0,34.0,34.5,34.0,38.0,33.0
ED-0085,223,03:43,33.0,37.0,37.1,34.9,33.1,33.0,33.0,33.4,34.4,34.0,39.7,33.0
ED-0085,224,03:44,33.3,36.8,37.8,35.4,33.4,33.0,33.0,33.4,33.6,33.9,38.5,33.0
ED-0085,225,03:45,33.4,36.3,37.5,34.4,33.8,33.0,33.0,34.0,35.1,35.3,39.8,33.0
ED-0085,226,03:46,33.1,37.2,37.6,35.4,34.5,33.0,33.0,33.7,35.0,34.9,39.2,33.0
ED-0085,227,03:47,34.0,37.2,38.1,35.0,34.5,33.0,33.0,34.1,34.7,35.5,39.3,33.0
ED-0085,228,03:48,34.0,37.1,38.4,35.7,33.0,33.0,33.0,33.8,35.3,35.3,40.1,33.0
ED-0085,229,03:49,33.8,38.2,38.4,36.1,33.2,33.0,33.0,34.9,35.7,35.3,39.4,33.0
ED-0085,230,03:50,34.7,37.7,39.3,36.5,34.2,33.0,33.0,35.4,35.7,35.8,40.7,33.0
ED-0085,231,03:51,35.2,38.4,38.8,36.5,35.0,33.0,33.0,36.1,36.2,36.2,41.4,33.0
ED-0085,232,03:52,35.2,38.0,39.7,36.7,34.8,33.0,33.0,35.2,36.6,36.0,41.6,33.0
ED-0085,233,03:53,35.6,39.9,39.2,36.5,35.1,33.0,33.0,35.2,36.5,36.6,41.0,33.0
ED-0085,234,03:54,35.9,38.8,39.7,37.1,34.6,33.0,33.0,36.2,37.3,36.6,41.8,33.0
ED-0085,235,03:55,34.4,38.9,40.4,38.0,34.9,33.0,33.0,36.6,37.3,37.3,42.3,33.0
ED-0085,236,03:56,35.9,39.4,41.1,38.1,35.8,33.0,33.0,36.0,37.2,38.5,42.1,33.0
ED-0085,237,03:57,35.7,40.3,41.0,38.1,35.8,33.0,33.0,36.6,38.2,37.2,41.5,33.3
ED-0085,238,03:58,37.3,40.8,41.3,38.6,36.3,33.0,33.0,37.3,37.8,38.5,42.9,34.3
ED-0085,239,03:59,37.2,40.6,42.2,37.9,35.3,33.0,33.0,37.0,38.2,38.1,43.6,34.0
ED-0085,240,04:00,37.1,41.5,41.8,39.5,36.4,33.0,33.0,37.1,38.5,37.6,44.3,34.3
ED-0085,241,04:01,38.0,40.8,42.2,38.9,36.7,33.0,33.0,38.1,38.3,38.7,43.0,34.3
ED-0085,242,04:02,37.1,41.8,42.8,39.5,36.6,33.0,33.0,36.9,39.1,38.7,44.5,35.0
ED-0085,243,04:03,37.6,42.7,43.2,39.8,36.7,33.3,33.0,38.3,39.7,39.0,45.5,35.7
ED-0085,244,04:04,38.4,42.6,42.7,39.8,37.2,33.6,33.0,37.9,40.1,39.1,44.9,35.6
ED-0085,245,04:05,38.7,43.1,43.9,39.6,39.0,33.0,33.0,38.4,40.3,39.7,46.1,35.6
ED-0085,246,04:06,39.3,43.3,43.0,40.7,38.0,33.0,33.0,38.9,40.4,40.9,45.9,35.9
ED-0085,247,04:07,39.4,44.3,44.6,41.0,38.5,33.3,33.0,38.5,40.6,40.4,45.9,35.8
ED-0085,248,04:08,39.1,42.8,44.5,41.8,38.3,33.9,33.0,39.2,40.4,41.7,46.1,36.6
ED-0085,249,04:09,38.8,43.8,44.2,42.3,39.1,33.8,33.0,39.6,41.1,41.0,46.5,36.2
ED-0085,250,04:10,40.1,43.5,46.3,43.0,39.0,34.0,33.0,39.7,41.8,41.0,46.8,36.3
ED-0085,251,04:11,39.7,44.9,45.6,42.4,40.1,34.2,33.0,40.4,42.0,40.9,47.7,36.9
ED-0085,252,04:12,40.4,44.5,45.3,42.8,39.8,34.1,33.0,41.1,43.2,41.8,47.1,36.9
ED-0085,253,04:13,41.0,44.9,46.2,42.6,40.2,35.0,33.0,41.0,43.0,42.0,49.0,38.2
ED-0085,254,04:14,40.9,45.5,46.3,42.8,40.2,35.1,33.0,40.4,42.5,42.9,48.8,37.6
ED-0085,255,04:15,41.7,47.6,46.8,43.4,40.5,35.8,34.7,41.7,43.3,42.6,49.5,38.6
ED-0085,256,04:16,42.1,47.6,46.8,44.7,41.0,35.5,33.7,42.0,43.9,43.4,49.3,38.8
ED-0085,257,04:17,42.3,46.6,47.4,44.1,41.1,35.9,34.0,41.3,43.6,43.4,48.4,38.7
ED-0085,258,04:18,41.7,46.4,47.9,43.7,41.4,36.6,34.2,41.8,44.1,43.5,49.7,38.6
ED-0085,259,04:19,42.0,47.0,48.2,44.3,41.7,36.4,34.2,42.9,44.1,43.3,50.0,39.0
ED-0085,260,04:20,43.2,48.0,47.7,46.5,41.9,36.2,33.8,43.2,45.3,43.7,50.5,39.8
ED-0085,261,04:21,43.0,48.5,48.9,45.9,42.2,36.3,34.7,44.0,45.6,44.5,51.3,40.6
ED-0085,262,04:22,43.3,47.3,48.7,46.0,42.4,37.2,35.0,43.3,45.5,43.1,52.2,40.5
ED-0085,263,04:23,43.3,49.2,49.8,46.7,42.2,36.8,35.2,44.1,46.4,44.7,51.8,40.5
ED-0085,264,04:24,43.7,50.9,50.6,46.7,43.1,37.2,35.7,43.8,45.4,46.5,52.1,40.3
ED-0085,265,04:25,45.5,48.9,49.1,46.5,42.7,37.0,36.0,45.0,46.5,46.0,52.2,41.7
ED-0085,266,04:26,44.8,50.4,50.3,46.0,44.4,38.4,36.1,44.6,46.3,45.4,53.1,41.1
ED-0085,267,04:27,45.2,49.8,49.8,47.0,43.4,37.9,37.0,45.3,47.2,46.3,53.2,42.1
ED-0085,268,04:28,45.0,50.6,51.0,47.6,45.1,37.2,35.0,45.9,48.7,46.5,54.2,42.2
ED-0085,269,04:29,45.3,49.6,50.8,47.7,44.8,38.2,36.6,45.7,48.1,46.0,54.5,42.5
ED-0085,270,04:30,45.5,50.3,52.2,48.5,45.0,38.9,36.7,46.5,48.5,46.8,54.2,42.8
ED-0085,271,04:31,46.3,51.8,52.0,49.8,44.9,39.0,37.0,47.6,48.0,47.0,55.4,43.5
ED-0085,272,04:32,46.7,51.5,52.2,49.0,45.7,39.6,36.4,47.5,49.1,47.8,54.8,43.4
ED-0085,273,04:33,47.3,51.9,53.3,49.2,46.1,39.7,38.4,47.2,48.4,48.9,56.1,43.5
ED-0085,274,04:34,46.8,52.8,51.9,49.8,46.0,39.5,37.5,48.1,49.3,49.4,57.1,43.9
ED-0085,275,04:35,47.8,53.3,52.4,50.1,46.0,40.0,38.3,47.9,50.2,48.2,57.2,43.7
ED-0085,276,04:36,48.0,53.6,53.3,50.4,46.5,41.1,38.9,48.9,49.1,49.4,57.4,44.4
ED-0085,277,04:37,48.4,53.9,54.0,51.3,47.1,41.2,39.2,49.6,50.8,50.0,57.3,44.2
ED-0085,278,04:38,49.2,54.0,53.6,51.4,47.2,41.1,38.6,49.3,51.1,48.3,57.4,45.3
ED-0085,279,04:39,48.0,53.7,54.4,51.3,48.3,41.2,39.2,49.4,50.0,49.6,57.6,46.6
ED-0085,280,04:40,49.1,54.9,54.4,51.5,48.8,40.8,40.7,50.4,51.6,50.3,58.6,46.1
ED-0085,281,04:41,49.0,54.8,54.1,52.6,49.1,42.2,39.7,50.7,51.4,50.1,59.4,45.6
ED-0085,282,04:42,51.7,54.8,55.6,52.1,50.0,42.3,39.9,51.1,52.0,50.3,59.6,46.9
ED-0085,283,04:43,51.0,55.4,55.7,51.6,50.1,42.8,40.4,51.5,52.2,50.8,59.8,46.3
ED-0085,284,04:44,51.1,55.4,55.8,51.5,50.4,42.1,41.1,51.3,53.0,51.1,59.7,47.6
ED-0085,285,04:45,50.9,56.7,55.8,53.7,50.0,43.2,41.3,51.9,52.5,51.7,60.9,47.0
ED-0085,286,04:46,51.4,56.7,56.9,53.9,50.6,43.2,40.3,52.0,53.7,51.9,60.3,48.5
ED-0085,287,04:47,51.9,56.4,56.5,53.9,50.8,43.6,42.6,53.5,53.5,52.2,61.1,48.5
ED-0085,288,04:48,52.2,57.3,56.8,53.5,51.6,44.1,41.8,54.2,53.3,52.0,61.6,48.5
ED-0085,289,04:49,53.8,57.2,57.2,54.0,52.3,44.8,42.4,53.7,53.4,52.2,62.3,49.1
ED-0085,290,04:50,53.8,57.9,58.8,55.3,53.2,45.1,42.0,53.2,55.4,53.6,61.8,48.4
ED-0085,291,04:51,52.2,58.4,57.8,55.3,52.0,46.0,42.8,54.6,54.9,53.2,63.1,50.5
ED-0085,292,04:52,53.7,58.2,58.5,55.2,53.5,45.5,43.4,54.3,54.8,52.6,62.0,50.0
ED-0085,293,04:53,54.7,58.9,59.0,54.8,53.8,45.4,43.2,55.3,55.7,53.2,62.9,50.1
ED-0085,294,04:54,54.5,59.8,58.7,55.5,54.4,47.0,43.6,55.9,56.0,54.5,63.0,51.3
ED-0085,295,04:55,54.0,60.3,59.1,56.5,54.6,46.6,44.6,56.1,56.8,53.0,63.6,51.2
ED-0085,296,04:56,54.6,60.5,59.6,56.8,55.0,46.9,44.1,57.1,56.3,54.2,64.2,52.1
ED-0085,297,04:57,56.1,60.3,59.9,56.2,55.0,47.8,43.9,56.9,56.7,54.4,63.6,51.8
ED-0085,298,04:58,55.8,60.4,59.7,56.7,55.1,47.2,45.1,57.3,56.4,54.7,65.0,52.2
ED-0085,299,04:59,55.7,61.1,59.7,57.1,56.0,49.0,45.7,58.1,56.2,54.3,65.2,52.7
ED-0085,300,05:00,56.8,60.9,60.8,56.1,55.7,47.7,45.7,57.3,57.9,54.7,66.1,52.5
ED-0085,301,05:01,56.0,61.0,60.4,57.9,56.5,48.5,46.3,57.6,58.4,54.7,65.3,53.5
ED-0085,302,05:02,56.3,61.8,61.2,57.6,56.0,48.6,46.2,59.2,58.1,54.8,66.1,53.4
ED-0085,303,05:03,58.0,62.4,61.8,58.3,57.6,49.5,46.9,59.6,58.9,54.4,67.1,53.7
ED-0085,304,05:04,58.7,62.4,62.1,59.0,57.6,50.0,47.3,59.7,57.6,56.3,67.0,54.4
ED-0085,305,05:05,58.6,63.4,62.1,58.2,59.4,50.6,46.6,60.4,59.4,56.5,66.9,54.8
ED-0085,306,05:06,58.7,63.0,61.8,58.4,58.4,49.7,46.9,60.7,58.6,57.0,67.2,54.7
ED-0085,307,05:07,58.8,63.5,62.1,59.4,59.5,49.9,48.7,61.0,58.6,56.4,67.6,54.6
ED-0085,308,05:08,59.0,63.7,62.1,58.9,58.9,50.6,47.8,60.7,60.3,56.4,67.6,56.1
ED-0085,309,05:09,60.0,64.3,63.9,60.0,59.6,50.6,49.1,61.3,59.7,57.3,68.9,55.9
ED-0085,310,05:10,60.1,63.7,63.2,59.9,60.1,51.9,49.1,62.2,60.7,57.0,69.2,55.8
ED-0085,311,05:11,60.3,63.8,62.2,59.6,60.2,52.7,48.7,62.2,60.8,58.2,68.4,55.3
ED-0085,312,05:12,60.3,64.5,63.5,60.6,61.1,52.0,48.4,63.3,60.6,57.7,69.4,56.2
ED-0085,313,05:13,60.8,64.2,63.0,60.6,60.9,52.6,49.3,62.8,60.9,57.8,69.8,58.1
ED-0085,314,05:14,61.3,65.0,64.7,61.0,60.9,52.8,49.2,63.2,61.1,58.3,69.7,56.3
ED-0085,315,05:15,61.3,66.3,64.3,60.9,62.7,54.7,50.4,63.6,60.4,57.2,69.9,56.7
ED-0085,316,05:16,60.7,65.7,65.3,61.0,62.7,53.3,49.6,64.1,61.6,57.6,70.8,58.0
ED-0085,317,05:17,62.3,66.1,65.2,61.0,62.4,53.5,51.6,65.2,62.0,58.1,71.9,57.9
ED-0085,318,05:18,61.8,66.4,64.5,61.9,63.3,54.4,49.9,64.5,61.8,58.4,71.8,58.2
ED-0085,319,05:19,61.9,66.4,64.6,61.5,63.4,54.7,51.3,65.0,61.7,58.5,71.2,58.9
ED-0085,320,05:20,62.3,67.2,65.0,61.8,62.3,54.4,50.9,65.1,62.2,59.0,72.1,60.0
ED-0085,321,05:21,63.7,66.7,65.7,62.0,63.4,54.6,51.4,66.2,61.6,58.7,72.1,60.3
ED-0085,322,05:22,64.4,67.5,65.6,62.3,64.4,55.5,51.1,65.7,62.3,59.1,72.4,59.8
ED-0085,323,05:23,62.7,67.8,65.7,62.4,64.6,56.6,51.5,66.6,62.8,58.9,72.3,60.7
ED-0085,324,05:24,64.1,67.2,66.3,63.7,65.5,55.5,52.0,66.9,62.7,59.2,73.1,59.8
ED-0085,325,05:25,64.7,68.2,66.2,63.9,65.3,56.4,53.0,67.6,62.5,60.3,73.7,61.0
ED-0085,326,05:26,64.8,68.3,67.1,62.9,65.7,57.1,52.5,67.1,63.3,59.8,73.5,60.8
ED-0085,327,05:27,65.0,68.4,66.8,63.0,65.9,57.2,53.1,67.3,64.3,59.6,73.7,61.4
ED-0085,328,05:28,65.6,68.1,67.4,63.1,66.8,57.4,53.7,68.4,64.1,59.1,74.1,61.8
ED-0085,329,05:29,65.4,68.0,67.0,64.6,66.2,56.5,53.9,68.1,64.9,60.1,74.3,60.7
ED-0085,330,05:30,65.5,69.9,67.0,63.6,66.9,58.3,54.2,68.5,64.7,59.9,74.4,61.4
ED-0085,331,05:31,66.1,69.2,67.6,64.5,66.6,58.4,54.4,69.9,64.4,60.5,73.8,63.0
ED-0085,332,05:32,66.7,69.2,67.8,63.7,68.6,58.7,54.4,69.9,65.6,60.7,74.6,62.0
ED-0085,333,05:33,66.5,68.1,67.6,64.6,67.6,58.9,55.3,70.4,63.8,60.5,75.0,61.7
ED-0085,334,05:34,66.2,68.8,67.7,64.8,69.2,58.8,54.1,70.1,65.0,60.3,76.0,62.9
ED-0085,335,05:35,66.8,69.2,68.5,64.3,69.6,58.8,54.8,70.4,65.7,61.8,75.4,62.6
ED-0085,336,05:36,67.5,70.0,67.7,64.6,68.7,58.9,56.0,71.5,65.4,61.6,75.6,63.1
ED-0085,337,05:37,67.8,70.5,68.2,64.6,69.7,59.3,56.8,71.2,65.9,61.1,75.8,63.7
ED-0085,338,05:38,67.6,70.0,68.5,65.0,69.9,60.6,56.9,72.0,66.3,61.0,77.1,63.5
ED-0085,339,05:39,68.9,70.5,68.7,65.4,70.7,60.2,56.0,71.6,66.4,61.6,76.8,64.1
ED-0085,340,05:40,68.5,71.5,68.3,65.6,70.2,61.0,56.8,73.6,66.3,62.3,76.0,64.7
ED-0085,341,05:41,68.4,70.5,68.6,65.5,70.8,61.5,56.6,73.0,66.3,61.9,76.9,64.1
ED-0085,342,05:42,68.4,70.7,69.1,65.3,71.3,61.1,57.9,72.6,66.6,62.1,76.5,64.3
ED-0085,343,05:43,68.9,71.0,69.3,65.6,70.6,61.9,57.8,72.5,66.7,61.4,77.4,64.2
ED-0085,344,05:44,69.0,71.6,69.2,65.2,71.4,62.1,58.2,73.3,67.2,61.8,78.3,64.6
ED-0085,345,05:45,69.3,72.2,69.1,65.1,71.7,61.0,58.7,73.5,66.1,62.0,77.6,64.7
ED-0085,346,05:46,69.0,72.2,69.4,66.6,71.8,63.3,58.1,72.8,68.0,62.6,77.7,65.8
ED-0085,347,05:47,69.0,71.8,69.6,68.4,72.0,62.6,58.2,74.0,68.0,62.3,78.5,65.4
ED-0085,348,05:48,69.5,72.0,70.4,66.4,72.4,63.6,59.2,73.9,67.8,63.9,78.7,65.2
ED-0085,349,05:49,69.3,71.0,70.0,66.7,72.8,64.1,59.3,74.4,67.1,63.1,78.3,65.7
ED-0085,350,05:50,69.9,73.0,70.0,66.9,73.5,62.2,60.0,75.3,67.3,63.0,79.0,66.9
ED-0085,351,05:51,70.6,73.2,70.1,66.3,73.4,64.2,59.8,75.1,68.3,63.2,78.6,65.8
ED-0085,352,05:52,69.4,73.2,70.1,67.8,73.9,63.1,59.0,75.4,67.8,63.9,79.9,66.4
ED-0085,353,05:53,69.8,72.3,70.3,67.5,73.9,63.9,58.9,75.3,68.2,62.9,78.4,67.2
ED-0085,354,05:54,70.6,72.5,70.9,67.7,74.9,64.1,60.1,75.8,68.3,63.2,79.3,67.2
ED-0085,355,05:55,71.5,72.5,70.4,67.6,74.4,63.9,59.9,76.2,68.3,63.9,78.0,67.5
ED-0085,356,05:56,72.0,73.3,71.1,68.2,75.1,64.8,60.2,76.7,67.5,64.0,79.4,67.8
ED-0085,357,05:57,72.2,73.3,70.8,67.4,75.3,64.4,60.4,75.8,68.4,63.2,80.3,68.0
ED-0085,358,05:58,70.7,72.8,70.4,68.2,75.6,65.4,60.0,77.2,68.8,64.1,79.4,67.2
ED-0085,359,05:59,71.6,73.4,71.6,68.0,76.3,65.3,61.5,77.3,68.7,63.5,80.4,68.7
ED-0085,360,06:00,72.2,73.4,70.0,67.7,75.1,66.0,60.7,76.8,68.6,64.3,80.1,68.0
ED-0085,361,06:01,72.1,73.7,71.7,68.3,76.2,66.1,61.4,77.5,69.0,62.9,79.9,67.2
ED-0085,362,06:02,72.8,74.3,71.7,68.4,76.0,65.9,61.9,77.6,69.0,64.1,80.4,69.0
ED-0085,363,06:03,71.9,74.1,71.0,67.8,75.2,66.7,61.3,77.7,69.0,64.3,80.8,69.2
ED-0085,364,06:04,71.6,73.7,71.5,69.3,77.7,66.7,61.4,78.5,68.7,64.2,80.9,68.3
ED-0085,365,06:05,73.3,74.7,70.8,69.5,77.2,66.3,62.8,77.9,69.6,63.8,80.4,69.0
ED-0085,366,06:06,73.1,74.1,71.5,67.6,76.8,67.0,62.9,78.1,69.1,64.6,80.1,69.1
ED-0085,367,06:07,73.1,74.5,71.7,69.0,77.6,66.9,62.7,78.5,70.1,64.1,81.6,69.4
ED-0085,368,06:08,73.2,74.3,71.8,69.3,78.0,67.4,61.9,78.8,70.4,63.6,81.7,69.2
ED-0085,369,06:09,73.8,75.0,72.0,69.5,77.0,66.6,63.5,78.4,69.7,64.3,81.0,69.1
ED-0085,370,06:10,72.9,74.5,71.6,69.5,77.9,66.3,63.1,80.0,69.7,63.9,81.5,69.3
ED-0085,371,06:11,74.2,75.6,72.2,69.3,78.4,67.1,63.0,78.6,69.4,64.9,81.3,70.3
ED-0085,372,06:12,74.0,75.4,71.8,69.6,78.8,67.5,63.9,79.5,70.3,64.3,81.3,69.8
ED-0085,373,06:13,74.4,75.1,71.2,69.6,77.8,68.5,63.7,80.7,70.7,65.4,80.6,70.3
ED-0085,374,06:14,73.4,75.8,72.0,69.4,77.9,67.5,63.2,80.2,69.3,65.4,81.0,70.9
ED-0085,375,06:15,74.1,74.3,72.6,69.8,78.5,68.2,63.2,80.4,70.1,64.8,81.5,70.3
ED-0085,376,06:16,74.3,76.0,71.8,69.1,78.8,68.3,63.9,80.3,70.8,64.6,81.7,70.2
ED-0085,377,06:17,74.2,74.4,72.5,69.5,78.7,69.5,63.4,79.0,70.6,63.8,81.4,70.9
ED-0085,378,06:18,73.8,74.9,73.4,69.3,78.5,68.9,64.1,80.3,70.4,64.7,81.9,70.4
ED-0085,379,06:19,75.1,75.6,72.9,69.5,79.1,70.1,64.6,80.7,71.1,65.9,82.7,70.3
ED-0085,380,06:20,74.3,75.2,73.2,68.5,79.6,69.1,64.4,80.3,70.6,65.2,81.7,70.3
ED-0085,381,06:21,73.9,75.4,72.2,69.7,79.3,69.7,64.9,80.5,70.0,65.1,82.4,71.3
ED-0085,382,06:22,75.3,76.0,72.8,69.9,79.3,69.6,65.3,82.2,71.5,65.1,82.0,72.2
ED-0085,383,06:23,74.9,76.1,72.0,70.0,79.8,68.8,64.6,82.5,70.2,65.5,82.7,71.9
ED-0085,384,06:24,75.4,75.3,73.3,70.5,79.9,69.4,65.0,81.5,70.8,65.1,82.7,71.1
ED-0085,385,06:25,74.5,76.5,73.5,70.0,79.9,70.0,64.9,81.8,70.5,65.3,83.2,72.0
ED-0085,386,06:26,74.9,76.3,72.2,70.2,80.8,70.1,65.6,82.2,71.1,64.8,82.6,71.0
ED-0085,387,06:27,75.8,76.0,73.1,70.6,80.4,70.0,65.0,82.6,70.5,65.3,83.3,72.4
ED-0085,388,06:28,76.0,76.7,73.4,70.1,81.2,70.9,65.9,82.0,71.8,65.5,83.5,72.6
ED-0085,389,06:29,74.7,76.5,73.6,70.0,81.0,71.1,65.6,81.4,70.8,65.3,82.0,71.7
ED-0085,390,06:30,75.1,76.2,72.5,70.5,81.8,71.3,66.0,82.0,71.0,65.9,82.8,71.7
ED-0085,391,06:31,76.0,76.3,73.8,71.2,81.0,70.9,64.4,82.4,71.1,65.7,84.3,73.4
ED-0085,392,06:32,76.6,75.8,72.7,71.5,81.5,70.4,65.6,81.5,71.2,65.2,83.5,71.6
ED-0085,393,06:33,76.4,76.5,73.7,71.6,81.6,70.0,65.9,83.0,71.7,65.9,83.3,72.2
ED-0085,394,06:34,75.8,75.8,74.1,69.7,82.1,71.1,66.0,82.9,71.9,66.0,83.7,72.4
ED-0085,395,06:35,77.1,76.9,74.2,71.0,81.9,71.0,66.4,82.8,71.6,66.5,83.3,72.3
ED-0085,396,06:36,76.6,76.8,72.7,71.0,81.8,72.0,66.3,83.9,71.6,65.4,83.2,72.6
ED-0085,397,06:37,76.4,77.0,74.1,70.8,82.2,71.1,66.6,82.7,72.0,66.4,83.5,73.5
ED-0085,398,06:38,76.3,77.0,73.7,70.4,82.6,71.5,67.0,83.5,71.1,65.5,83.1,72.8
ED-0085,399,06:39,76.5,76.3,74.0,71.3,82.2,72.2,66.9,83.5,72.8,65.5,84.1,72.8
ED-0085,400,06:40,76.4,76.4,74.0,70.9,81.9,72.2,66.9,84.5,71.5,66.5,83.0,72.8
ED-0085,401,06:41,76.3,77.1,72.9,70.5,82.3,71.4,66.8,84.1,72.1,65.5,82.8,72.4
ED-0085,402,06:42,76.6,77.4,73.0,70.5,81.9,70.9,67.2,83.6,72.2,66.7,84.1,73.0
ED-0085,403,06:43,76.7,76.4,73.1,71.0,82.8,71.7,66.1,83.7,71.8,66.2,83.5,73.2
ED-0085,404,06:44,77.3,77.0,73.3,70.8,82.0,71.6,68.0,84.4,71.9,66.0,83.5,72.9
ED-0085,405,06:45,76.1,76.2,73.2,71.5,82.6,73.3,66.4,83.9,72.6,65.9,84.0,72.2
ED-0085,406,06:46,76.8,76.5,73.4,71.1,83.3,72.0,67.0,83.6,71.6,66.9,83.8,73.6
ED-0085,407,06:47,77.5,76.6,74.1,71.0,83.4,71.7,66.9,83.5,73.3,67.5,84.4,73.1
ED-0085,408,06:48,76.3,77.2,74.7,70.3,82.8,72.0,68.0,84.3,71.6,66.0,84.1,73.0
ED-0085,409,06:49,77.8,77.5,74.4,71.6,83.2,72.0,67.2,84.4,72.0,66.2,84.8,73.1
ED-0085,410,06:50,76.8,77.3,73.6,70.7,84.1,72.7,67.4,84.4,72.1,65.5,84.2,73.9
ED-0085,411,06:51,77.5,77.5,74.7,71.4,83.8,72.9,67.5,83.7,72.5,66.2,83.7,73.3
ED-0085,412,06:52,77.8,77.4,73.6,71.3,83.4,73.0,67.7,84.3,72.3,66.6,84.4,73.9
ED-0085,413,06:53,77.8,77.1,74.4,70.9,83.2,72.2,67.5,84.9,71.7,66.3,84.8,73.6
ED-0085,414,06:54,77.5,76.6,74.3,70.7,83.2,73.0,67.6,83.5,72.4,65.6,84.5,73.4
ED-0085,415,06:55,77.5,77.7,74.4,71.5,84.1,72.8,67.4,85.4,73.2,66.8,84.4,73.5
ED-0085,416,06:56,77.6,76.6,74.9,72.1,83.8,73.9,68.8,85.2,72.4,66.0,84.7,73.7
ED-0085,417,06:57,77.1,77.7,74.7,71.3,84.4,73.2,68.2,84.7,72.5,66.6,84.1,73.7
ED-0085,418,06:58,77.8,77.6,74.5,70.9,83.7,74.1,69.1,85.0,72.8,67.1,83.7,73.9
ED-0085,419,06:59,78.0,77.0,75.7,71.2,84.6,73.0,69.0,85.2,73.0,66.0,84.1,74.0
ED-0085,420,07:00,77.8,77.9,74.8,71.2,84.1,73.8,68.3,84.4,72.5,65.9,84.2,74.1
ED-0085,421,07:01,78.3,77.2,75.3,72.1,83.4,74.3,68.1,85.7,72.1,67.0,84.6,73.8
ED-0085,422,07:02,77.6,77.3,73.5,71.8,83.5,73.1,69.0,85.7,72.3,66.6,85.0,74.1
ED-0085,423,07:03,77.1,77.8,75.0,72.4,84.7,74.2,68.8,85.2,73.0,66.8,83.5,74.4
ED-0085,424,07:04,78.5,77.1,73.8,71.2,84.9,72.9,68.8,85.4,72.3,67.0,84.7,73.8
ED-0085,425,07:05,78.2,78.3,74.8,71.6,84.1,73.2,69.6,85.5,72.1,66.7,84.8,73.4
ED-0085,426,07:06,77.6,77.7,74.3,71.8,84.0,74.2,68.4,85.8,73.5,66.1,84.0,74.7
ED-0085,427,07:07,78.0,78.3,75.0,71.7,83.5,73.4,67.7,85.2,72.8,66.7,84.7,73.9
ED-0085,428,07:08,78.1,77.2,74.8,71.2,85.1,73.9,68.5,84.6,72.4,66.2,84.3,75.0
ED-0085,429,07:09,77.3,77.6,75.0,71.7,85.1,74.4,68.9,85.1,72.1,66.4,85.2,74.7
ED-0085,430,07:10,78.2,78.4,75.2,71.6,84.4,75.2,68.5,85.4,72.8,67.2,84.9,74.2
ED-0085,431,07:11,77.5,78.9,74.7,72.1,83.9,75.0,68.5,85.1,72.2,67.1,85.1,74.2
ED-0085,432,07:12,78.0,77.7,74.7,71.2,84.5,73.5,68.1,86.3,73.2,66.3,84.9,74.7
ED-0085,433,07:13,78.1,78.1,75.1,71.6,84.7,74.9,68.4,85.5,72.0,67.0,84.4,73.3
ED-0085,434,07:14,77.4,77.5,74.7,72.3,84.3,74.2,68.6,85.8,73.1,67.0,84.8,74.9
ED-0085,435,07:15,78.9,77.5,74.4,72.5,84.4,73.7,68.6,85.8,73.6,66.5,85.2,75.2
ED-0085,436,07:16,78.0,78.3,74.8,71.5,84.3,74.7,67.2,85.5,72.3,67.5,85.5,74.3
ED-0085,437,07:17,77.7,78.4,74.9,71.7,85.5,73.8,69.5,85.9,72.8,66.8,84.4,74.8
ED-0085,438,07:18,78.2,78.0,75.7,72.3,83.6,73.1,68.1,86.5,73.0,67.5,84.9,74.3
ED-0085,439,07:19,78.2,76.3,75.0,72.4,85.3,74.5,69.7,86.7,72.9,67.3,85.9,75.8
ED-0085,440,07:20,78.0,76.9,74.0,72.4,85.1,74.7,70.0,85.4,73.4,66.9,85.0,75.0
ED-0085,441,07:21,78.6,78.2,73.9,71.2,84.1,74.6,69.7,86.8,72.8,67.1,84.8,74.6
ED-0085,442,07:22,77.9,78.0,74.8,72.0,84.3,74.4,68.4,86.3,73.2,66.4,85.4,74.1
ED-0085,443,07:23,78.7,77.5,74.6,72.3,85.3,74.4,68.8,86.5,73.6,67.1,85.1,75.8
ED-0085,444,07:24,77.9,78.2,75.4,72.2,85.1,74.8,69.6,86.4,72.7,67.4,85.5,75.4
ED-0085,445,07:25,78.5,78.2,74.4,72.0,85.5,74.6,69.0,86.3,73.2,67.0,84.8,74.1
ED-0085,446,07:26,78.3,78.0,75.7,72.3,85.4,75.1,68.8,86.5,72.7,66.1,85.2,74.2
ED-0085,447,07:27,78.6,78.1,74.1,72.0,84.9,75.4,69.1,86.0,72.9,66.9,84.7,74.7
ED-0085,448,07:28,78.2,79.3,75.8,71.8,85.0,75.4,69.2,86.0,73.6,67.1,85.2,74.7
ED-0085,449,07:29,78.8,78.7,74.6,72.8,85.5,75.2,69.3,85.9,73.6,66.3,85.2,75.2
ED-0085,450,07:30,78.8,77.1,75.6,71.3,85.6,75.2,69.4,86.5,73.1,66.5,85.0,74.5
ED-0085,451,07:31,78.7,78.2,74.8,71.4,84.8,75.9,70.1,86.0,72.3,68.0,85.1,75.1
ED-0085,452,07:32,78.1,79.0,74.8,72.2,85.5,74.7,69.2,87.0,73.1,66.5,84.7,75.2
ED-0085,453,07:33,78.5,78.3,75.6,72.5,85.6,75.5,69.2,87.6,72.5,67.3,84.7,75.2
ED-0085,454,07:34,79.3,78.1,75.9,71.9,85.7,75.1,70.0,87.3,73.5,66.5,85.1,74.6
ED-0085,455,07:35,79.5,77.7,74.7,71.0,85.4,75.4,69.4,86.7,73.2,67.4,84.5,75.2
ED-0085,456,07:36,78.0,78.0,75.8,71.5,85.4,74.4,69.8,87.3,72.9,66.7,86.0,75.6
ED-0085,457,07:37,79.1,78.0,75.4,72.4,85.0,74.5,70.2,86.8,74.4,68.1,85.0,74.6
ED-0085,458,07:38,79.0,78.4,75.1,71.6,85.3,75.7,70.2,86.5,73.6,67.4,85.6,75.2
ED-0085,459,07:39,79.3,78.5,74.7,72.4,85.4,75.5,69.7,87.3,73.2,65.5,84.8,74.7
ED-0085,460,07:40,80.0,77.5,74.5,72.3,85.3,75.4,69.2,87.4,73.0,66.3,85.4,75.6
ED-0085,461,07:41,78.7,78.7,75.8,72.5,85.9,75.5,70.0,85.8,72.9,66.5,85.3,75.7
ED-0085,462,07:42,79.2,78.7,74.8,72.6,85.8,74.6,69.7,87.3,73.4,66.5,85.5,75.9
ED-0085,463,07:43,79.1,78.7,75.7,72.5,84.6,75.3,69.9,86.6,73.6,66.3,84.9,76.0
ED-0085,464,07:44,79.3,77.9,74.7,71.9,85.2,75.5,69.6,86.9,72.4,67.1,85.3,74.5
ED-0085,465,07:45,79.1,79.4,74.7,72.1,86.9,75.2,70.4,86.7,73.2,66.9,85.9,74.9
ED-0085,466,07:46,79.3,78.0,74.2,72.2,85.5,75.8,69.8,86.9,73.6,66.5,84.8,74.8
ED-0085,467,07:47,80.5,78.0,74.5,72.0,85.4,75.5,70.6,87.7,73.3,66.9,85.8,75.2
ED-0085,468,07:48,78.6,78.1,75.0,73.3,85.1,75.7,69.8,86.9,72.9,67.0,86.2,74.7
ED-0085,469,07:49,78.5,78.9,75.0,72.4,86.8,75.4,69.7,86.5,73.2,67.3,85.1,75.7
ED-0085,470,07:50,79.9,77.8,75.5,71.4,86.3,75.5,69.8,87.2,73.5,66.5,85.4,75.1
ED-0085,471,07:51,79.6,79.4,75.1,71.8,85.8,75.3,69.9,87.2,73.5,66.7,86.4,75.4
ED-0085,472,07:52,78.6,77.9,74.8,71.9,85.4,76.3,68.9,86.5,73.9,67.7,85.7,76.1
ED-0085,473,07:53,78.7,79.3,76.2,72.7,86.7,75.7,69.5,86.6,73.8,66.8,85.6,74.7
ED-0085,474,07:54,79.1,78.4,74.8,71.2,85.5,75.9,69.8,87.6,74.0,66.9,86.0,75.1
ED-0085,475,07:55,79.5,78.6,75.2,72.3,85.9,76.0,70.7,87.0,73.5,66.1,85.2,75.6
ED-0085,476,07:56,79.1,77.8,75.3,72.4,85.9,75.1,70.3,86.6,73.3,66.5,85.6,75.1
ED-0085,477,07:57,79.2,78.4,75.1,72.0,86.3,74.6,69.4,86.9,72.7,66.5,86.1,74.8
ED-0085,478,07:58,78.8,78.7,75.8,71.7,85.5,75.9,70.2,87.6,73.9,67.4,85.9,75.7
ED-0085,479,07:59,79.0,78.7,75.4,72.4,86.0,74.8,69.1,86.8,73.1,66.5,86.8,74.9
ED-0085,480,08:00,119.1,119.3,114.5,116.6,121.0,113.9,113.2,122.5,118.2,111.8,122.1,121.4
ED-0085,481,08:01,119.0,120.5,113.6,117.3,120.5,113.9,113.0,121.8,118.1,111.5,122.1,121.6
ED-0085,482,08:02,118.9,119.1,114.1,116.6,121.5,114.2,112.9,122.7,117.8,112.3,121.7,121.8
ED-0085,483,08:03,118.3,119.7,114.9,116.5,120.6,114.1,112.9,122.6,118.2,111.9,121.6,122.7
ED-0085,484,08:04,118.9,119.1,114.9,117.3,120.6,114.6,113.1,121.9,118.7,112.1,121.6,122.6
ED-0085,485,08:05,118.9,120.0,114.9,116.4,121.4,114.1,113.5,122.0,118.0,111.5,121.6,121.6
ED-0085,486,08:06,118.3,119.7,114.6,116.8,121.9,114.2,112.6,122.0,118.3,111.8,121.6,121.6
ED-0085,487,08:07,119.5,120.2,114.1,117.3,121.2,115.0,113.2,123.1,118.6,112.8,122.4,121.3
ED-0085,488,08:08,119.0,120.1,114.9,116.4,120.6,113.6,113.0,123.0,118.6,112.1,122.3,122.3
ED-0085,489,08:09,118.1,119.6,114.4,116.9,120.7,114.4,112.3,122.9,117.8,111.9,121.8,121.7
ED-0085,490,08:10,119.3,120.1,114.0,116.4,121.5,114.5,112.6,122.2,117.8,112.0,121.2,121.4
ED-0085,491,08:11,119.4,120.5,114.4,116.6,120.8,114.3,113.5,122.5,118.6,111.2,121.1,121.9
ED-0085,492,08:12,119.3,118.8,114.0,117.1,121.8,114.8,113.0,123.4,118.8,111.4,121.2,121.7
ED-0085,493,08:13,120.4,119.5,114.9,116.6,121.2,114.2,113.2,122.4,118.6,111.3,122.0,121.0
ED-0085,494,08:14,118.3,119.7,115.0,117.0,119.4,114.1,112.9,122.7,118.0,111.7,122.5,120.9
ED-0085,495,08:15,118.9,120.2,114.2,117.0,120.7,114.5,112.2,122.6,118.8,112.9,121.9,121.0
ED-0085,496,08:16,119.2,119.7,115.0,117.0,120.8,113.7,112.6,122.9,118.5,112.2,122.7,121.5
ED-0085,497,08:17,119.2,120.3,114.3,116.6,120.4,115.2,113.3,122.9,119.1,112.3,121.1,121.1
ED-0085,498,08:18,119.8,120.3,114.5,117.5,121.2,114.1,113.1,123.0,118.2,111.0,122.1,121.7
ED-0085,499,08:19,119.2,119.5,114.1,117.4,121.1,114.9,112.2,122.4,117.9,112.4,122.1,121.9
ED-0085,500,08:20,119.5,119.6,114.0,116.5,120.1,114.9,112.3,122.2,117.9,111.4,122.5,122.8
ED-0085,501,08:21,119.6,120.8,115.5,116.7,120.4,113.3,112.6,123.0,118.2,114.1,121.8,122.0
ED-0085,502,08:22,120.2,119.4,114.7,117.3,121.3,113.5,112.4,123.1,118.7,115.8,121.9,121.5
ED-0085,503,08:23,118.9,119.6,115.2,116.3,121.2,114.7,113.1,122.4,117.6,116.2,121.6,121.5
ED-0085,504,08:24,119.2,120.6,117.8,116.9,121.6,114.0,113.8,122.8,118.3,117.8,122.5,121.4
ED-0085,505,08:25,118.2,119.7,117.9,117.0,121.6,114.8,113.4,123.4,118.2,117.9,122.7,121.7
ED-0085,506,08:26,118.5,120.8,119.9,116.7,121.4,115.6,112.7,123.4,119.0,119.0,123.1,121.9
ED-0085,507,08:27,119.5,120.4,119.6,120.0,120.8,113.8,112.4,122.7,118.2,120.2,121.6,121.8
ED-0085,508,08:28,117.9,120.7,121.0,121.1,120.6,114.4,112.9,123.0,118.4,120.1,122.1,122.5
ED-0085,509,08:29,119.3,120.5,122.2,122.7,121.6,114.3,112.6,122.3,118.6,119.9,122.1,121.1
ED-0085,510,08:30,118.6,123.4,122.2,123.2,121.5,114.0,113.5,123.1,121.5,120.7,122.4,121.9
ED-0085,511,08:31,119.1,123.2,123.0,124.1,122.0,114.0,113.1,123.6,122.6,120.5,121.4,121.4
ED-0085,512,08:32,118.5,125.0,123.7,124.8,120.3,114.2,112.8,123.4,124.5,122.0,121.5,122.1
ED-0085,513,08:33,118.9,126.3,123.6,125.1,120.6,114.2,113.5,123.2,124.5,122.5,125.5,121.8
ED-0085,514,08:34,120.0,126.2,125.1,125.0,121.0,114.4,112.4,123.4,125.5,121.8,126.2,121.8
ED-0085,515,08:35,118.1,127.0,124.6,125.3,120.8,114.9,113.5,122.8,126.0,122.9,127.5,121.6
ED-0085,516,08:36,119.5,128.2,125.3,126.3,121.3,114.6,113.1,122.5,126.8,123.9,127.5,121.8
ED-0085,517,08:37,118.7,128.1,124.8,127.1,120.8,113.4,112.6,123.2,126.8,122.5,128.5,121.4
ED-0085,518,08:38,118.9,128.8,125.6,127.0,121.5,115.3,113.0,123.2,127.2,123.3,130.0,122.6
ED-0085,519,08:39,118.7,129.5,125.9,127.1,121.3,114.6,113.5,123.3,127.7,123.7,129.4,121.2
ED-0085,520,08:40,118.9,129.2,125.7,128.0,121.2,115.1,113.1,122.7,128.3,124.1,131.5,122.1
ED-0085,521,08:41,120.1,130.0,126.8,128.1,120.9,114.7,113.0,123.4,129.1,124.4,131.1,122.8
ED-0085,522,08:42,119.5,130.6,127.7,129.5,121.9,114.6,113.5,122.7,129.7,125.2,131.9,121.9
ED-0085,523,08:43,119.0,131.4,128.0,128.8,120.0,113.9,113.5,123.1,129.7,125.4,131.7,122.2
ED-0085,524,08:44,119.2,131.6,127.8,129.3,121.2,114.6,113.4,122.5,129.9,125.8,132.4,121.9
ED-0085,525,08:45,119.2,131.3,127.7,129.6,120.8,115.3,113.2,123.8,131.0,125.8,134.1,122.7
ED-0085,526,08:46,122.2,131.9,128.3,129.9,120.4,114.3,113.1,123.5,130.6,126.3,133.7,121.4
ED-0085,527,08:47,123.5,132.9,128.0,130.4,121.8,113.9,112.7,123.1,132.0,126.2,134.4,121.7
ED-0085,528,08:48,125.1,133.0,128.6,130.6,122.0,113.5,113.0,123.2,131.4,127.2,135.5,121.6
ED-0085,529,08:49,125.3,132.6,129.0,130.6,121.3,114.6,113.7,122.7,132.2,126.9,135.4,125.0
ED-0085,530,08:50,125.8,133.8,128.9,131.0,121.5,114.1,113.7,122.9,131.9,127.6,134.6,126.2
ED-0085,531,08:51,126.7,133.7,129.3,132.8,121.1,115.3,112.7,123.1,132.4,127.4,134.3,127.4
ED-0085,532,08:52,127.3,134.6,129.9,131.8,120.3,115.1,113.6,123.6,132.6,128.1,136.4,128.2
ED-0085,533,08:53,128.2,133.8,130.8,132.4,121.4,115.3,113.0,122.9,132.5,127.9,135.9,129.4
ED-0085,534,08:54,128.8,134.6,130.0,133.4,121.5,115.9,113.5,122.9,132.7,127.9,136.9,129.9
ED-0085,535,08:55,128.5,134.8,130.6,133.4,120.8,114.4,113.1,123.5,133.5,127.9,136.6,131.0
ED-0085,536,08:56,129.0,135.7,131.0,133.9,121.4,114.8,112.9,122.7,134.1,128.4,136.7,131.0
ED-0085,537,08:57,130.0,136.1,131.0,133.1,121.0,113.9,113.0,126.8,135.4,128.1,137.3,130.8
ED-0085,538,08:58,129.6,136.0,130.9,133.6,121.9,113.9,113.2,127.4,135.5,129.6,136.9,131.4
ED-0085,539,08:59,130.1,136.3,131.9,133.7,121.2,114.6,113.5,128.8,134.9,130.2,138.4,131.3
ED-0085,540,09:00,130.8,137.0,131.8,133.9,124.3,115.6,113.2,129.7,135.6,129.3,137.8,132.7
ED-0085,541,09:01,131.2,137.1,132.6,134.1,125.0,115.2,113.3,129.3,135.2,129.8,138.0,132.2
ED-0085,542,09:02,131.7,136.7,132.1,134.2,127.1,114.8,112.6,131.8,135.3,128.9,138.4,133.0
ED-0085,543,09:03,132.4,137.4,133.1,135.3,127.4,114.8,116.8,132.1,136.0,129.6,139.5,134.0
ED-0085,544,09:04,132.4,138.2,133.2,134.5,127.8,114.1,118.3,131.0,135.8,130.7,139.4,134.4
ED-0085,545,09:05,132.5,137.9,132.7,135.5,128.8,113.8,116.9,132.3,135.3,130.1,140.5,134.8
ED-0085,546,09:06,132.1,138.2,133.6,136.4,129.8,118.0,118.9,133.5,136.1,130.1,140.0,135.2
ED-0085,547,09:07,133.1,137.6,134.8,135.7,129.8,118.5,119.1,132.3,136.8,130.8,140.3,135.2
ED-0085,548,09:08,133.2,138.6,133.3,136.1,130.3,119.0,119.6,133.8,137.2,131.5,140.9,134.8
ED-0085,549,09:09,134.2,139.5,134.5,136.0,131.4,120.7,120.6,135.1,137.5,131.4,140.5,135.6
ED-0085,550,09:10,134.1,138.6,134.1,136.3,131.9,121.4,120.8,134.7,138.0,131.7,140.5,137.2
ED-0085,551,09:11,134.3,139.2,134.3,137.2,131.3,121.3,122.1,136.3,137.9,131.9,141.3,136.4
ED-0085,552,09:12,134.8,139.3,135.6,137.0,132.1,121.3,122.5,135.3,139.0,132.3,141.7,137.0
ED-0085,553,09:13,134.3,139.7,135.7,137.9,132.7,123.6,122.9,136.4,138.3,132.5,142.1,137.1
ED-0085,554,09:14,135.4,140.2,135.5,137.0,133.6,124.5,122.3,136.7,138.5,132.0,141.1,137.3
ED-0085,555,09:15,135.9,139.7,135.6,137.0,133.4,123.7,123.8,136.1,138.5,132.1,142.4,138.6
ED-0085,556,09:16,136.5,140.6,135.3,138.6,134.1,124.6,122.8,136.4,139.1,132.6,141.4,137.3
ED-0085,557,09:17,136.4,139.6,135.1,137.8,134.5,123.9,124.7,135.9,138.9,132.7,141.6,138.5
ED-0085,558,09:18,136.2,140.2,135.6,138.6,134.8,124.6,124.0,137.7,138.5,133.7,142.3,138.2
ED-0085,559,09:19,137.1,141.2,136.1,138.8,135.6,125.3,125.0,138.1,139.5,133.7,143.3,140.0
ED-0085,560,09:20,136.9,140.6,135.8,138.5,135.9,125.5,124.7,138.5,138.6,133.3,143.0,139.5
ED-0085,561,09:21,137.7,141.8,136.3,138.5,135.1,126.2,125.3,138.8,139.7,133.2,143.1,139.1
ED-0085,562,09:22,136.4,141.6,136.7,138.6,135.6,127.0,126.3,138.6,140.3,133.7,143.4,139.3
ED-0085,563,09:23,137.9,141.8,137.0,138.5,136.0,126.9,126.3,139.3,140.4,133.8,144.4,140.2
ED-0085,564,09:24,138.4,141.5,137.5,139.2,135.6,127.4,126.4,139.3,139.5,134.3,145.3,140.3
ED-0085,565,09:25,138.1,142.5,136.4,139.0,136.9,128.1,126.6,139.6,140.4,135.0,144.8,139.6
ED-0085,566,09:26,138.4,142.0,137.5,138.3,137.1,127.7,127.5,140.1,140.8,134.3,144.0,141.6
ED-0085,567,09:27,139.0,142.1,137.3,139.1,137.1,128.8,127.7,140.0,141.0,134.9,144.9,141.8
ED-0085,568,09:28,139.6,143.7,138.1,139.8,138.4,128.6,126.9,140.9,141.3,134.1,144.5,140.4
ED-0085,569,09:29,140.5,143.5,137.6,140.7,138.5,129.0,128.4,140.6,141.3,134.8,144.8,141.1
ED-0085,570,09:30,139.9,143.1,137.0,141.5,137.6,128.9,127.9,140.4,142.2,135.0,145.4,141.6
ED-0085,571,09:31,139.7,143.3,139.1,139.7,138.4,129.0,128.7,141.9,141.6,134.6,143.8,142.0
ED-0085,572,09:32,139.9,144.0,138.1,141.7,137.7,128.6,128.0,141.6,141.3,135.9,144.8,142.5
ED-0085,573,09:33,139.3,144.3,139.5,140.5,139.3,130.1,128.7,141.6,142.4,135.8,144.1,142.2
ED-0085,574,09:34,139.9,144.4,138.6,141.2,138.5,129.9,129.2,142.3,142.2,134.8,146.7,142.3
ED-0085,575,09:35,140.3,143.7,139.4,141.3,139.7,131.1,128.7,142.4,141.6,136.0,146.4,142.8
ED-0085,576,09:36,140.4,144.4,138.9,141.2,138.6,130.6,129.3,142.3,142.2,136.4,146.7,142.7
ED-0085,577,09:37,140.1,144.3,139.5,141.6,140.0,131.1,129.2,143.0,142.7,137.2,145.6,144.1
ED-0085,578,09:38,141.6,143.9,138.4,141.7,140.8,131.5,130.4,142.8,142.7,135.9,147.8,142.5
ED-0085,579,09:39,141.6,145.7,139.0,142.0,140.0,131.3,131.2,143.5,143.1,136.2,146.2,143.5
ED-0085,580,09:40,141.3,145.2,139.9,142.0,140.5,131.6,131.3,143.3,143.1,136.7,147.4,143.7
ED-0085,581,09:41,142.6,144.2,139.0,141.8,140.2,131.9,131.6,144.9,143.2,137.1,147.0,144.7
ED-0085,582,09:42,142.4,144.7,139.8,142.9,141.7,131.7,131.3,144.6,143.9,136.4,148.4,144.6
ED-0085,583,09:43,142.0,146.7,139.9,143.3,141.9,132.4,132.2,143.8,143.5,137.3,146.9,144.3
ED-0085,584,09:44,142.0,145.9,139.4,141.7,141.2,132.4,131.8,143.8,144.7,137.1,147.8,144.1
ED-0085,585,09:45,143.4,145.4,140.5,143.0,141.3,132.9,131.8,143.9,144.0,137.5,149.0,144.5
ED-0085,586,09:46,142.4,146.8,140.1,143.4,142.9,133.3,131.8,145.0,144.6,137.3,148.2,145.1
ED-0085,587,09:47,142.6,146.2,141.1,142.9,142.8,133.3,132.1,145.0,145.4,137.9,149.4,144.9
ED-0085,588,09:48,142.9,146.5,141.2,144.5,142.2,132.8,132.6,144.3,144.8,138.3,148.4,144.9
ED-0085,589,09:49,143.5,146.6,141.4,143.5,142.4,133.5,132.8,145.7,144.7,137.6,148.3,145.5
ED-0085,590,09:50,143.2,145.4,141.3,144.6,142.7,134.0,133.1,145.6,144.8,138.3,148.2,144.9
ED-0085,591,09:51,143.4,146.7,142.1,143.1,142.4,134.4,133.6,145.4,144.7,138.4,149.9,146.1
ED-0085,592,09:52,143.1,147.2,142.0,144.1,143.1,134.8,132.7,146.9,145.0,139.0,148.8,146.2
ED-0085,593,09:53,144.2,148.2,141.4,144.5,143.5,134.8,133.3,146.2,145.2,138.6,150.3,146.2
ED-0085,594,09:54,143.6,147.3,142.1,144.4,144.1,135.6,134.4,146.1,145.9,139.0,150.5,145.9
ED-0085,595,09:55,144.8,147.9,141.8,144.9,143.1,134.8,133.0,146.3,146.6,139.5,150.2,146.6
ED-0085,596,09:56,144.6,148.1,141.4,144.8,143.7,135.1,134.2,146.1,146.3,139.6,149.2,146.5
ED-0085,597,09:57,144.0,148.0,141.9,145.6,144.6,135.5,134.6,147.4,146.9,139.2,150.5,146.7
ED-0085,598,09:58,144.5,149.0,142.2,144.7,145.0,135.7,134.7,146.9,147.5,140.5,150.7,146.8
ED-0085,599,09:59,144.1,147.9,141.9,145.7,144.7,136.5,134.6,147.7,147.4,139.6,150.0,146.9
ED-0085,600,10:00,144.8,147.8,143.3,144.7,144.5,136.3,134.8,147.4,147.4,139.4,151.1,147.6
ED-0085,601,10:01,145.4,148.4,142.6,145.8,146.2,136.9,134.5,147.3,146.6,140.7,151.1,148.2
ED-0085,602,10:02,145.0,148.3,142.9,146.4,146.0,136.1,135.1,148.0,147.5,140.3,151.1,148.4
ED-0085,603,10:03,145.3,148.6,142.7,145.4,145.9,136.0,135.4,148.8,147.0,140.3,151.0,147.6
ED-0085,604,10:04,146.3,148.9,143.4,146.1,145.4,135.9,135.3,148.3,147.4,140.5,150.3,149.4
ED-0085,605,10:05,146.7,148.8,143.5,146.2,146.0,136.3,135.3,148.8,148.0,140.3,151.3,149.7
ED-0085,606,10:06,146.4,148.7,144.0,145.8,145.8,137.3,136.7,149.4,147.4,140.2,152.1,149.9
ED-0085,607,10:07,147.2,150.3,143.6,147.2,146.2,137.8,136.2,149.0,147.8,141.0,152.1,149.1
ED-0085,608,10:08,145.8,149.3,143.0,145.9,146.7,137.8,135.9,149.3,148.7,140.4,152.2,149.1
ED-0085,609,10:09,146.8,150.0,143.7,147.1,146.9,136.8,135.9,149.3,148.1,140.9,152.1,148.5
ED-0085,610,10:10,146.7,149.9,143.9,147.0,147.0,137.5,137.4,149.9,148.2,140.0,152.0,149.3
ED-0085,611,10:11,147.5,149.5,144.6,147.3,146.7,137.9,137.4,150.0,147.4,140.6,151.9,149.2
ED-0085,612,10:12,147.1,150.4,144.2,146.7,147.1,138.9,137.4,150.1,150.0,140.7,152.1,150.1
ED-0085,613,10:13,147.4,149.6,144.6,146.8,146.8,138.8,137.2,151.6,148.4,141.6,152.6,149.3
ED-0085,614,10:14,147.3,149.9,145.5,148.2,147.3,138.3,137.2,150.6,148.4,141.9,152.9,150.4
ED-0085,615,10:15,148.0,151.0,144.4,147.9,148.3,139.6,136.9,150.2,149.5,142.3,152.7,151.2
ED-0085,616,10:16,147.6,150.3,144.8,148.1,147.6,138.2,137.7,150.3,148.4,141.9,153.8,149.5
ED-0085,617,10:17,147.6,150.0,144.8,148.2,148.1,139.1,136.5,151.2,149.3,142.5,152.8,150.9
ED-0085,618,10:18,148.2,150.4,145.3,148.7,148.1,139.2,137.3,151.1,149.9,142.6,153.6,151.3
ED-0085,619,10:19,149.1,151.0,145.5,148.4,148.8,139.1,138.2,150.3,150.3,142.5,153.3,151.6
ED-0085,620,10:20,147.8,152.6,146.5,147.9,149.3,139.5,138.5,150.5,150.0,142.2,154.5,151.8
ED-0085,621,10:21,148.4,151.5,145.1,148.0,148.5,140.0,138.1,151.4,149.3,141.9,154.3,151.1
ED-0085,622,10:22,148.4,152.1,146.8,148.4,148.8,140.3,137.9,151.8,150.4,142.3,154.2,151.8
ED-0085,623,10:23,148.4,151.7,146.1,149.5,149.6,139.9,138.2,151.6,150.6,143.1,153.9,152.6
ED-0085,624,10:24,148.2,151.9,145.8,148.8,149.5,139.8,139.0,151.8,150.5,142.9,154.5,151.3
ED-0085,625,10:25,149.1,153.1,145.7,149.4,149.9,139.8,138.5,152.4,150.7,143.0,154.8,151.2
ED-0085,626,10:26,149.4,152.1,146.3,149.4,149.5,141.0,139.4,152.6,151.2,143.0,155.1,151.9
ED-0085,627,10:27,149.5,152.6,146.5,149.3,150.9,140.6,138.8,152.4,150.9,144.0,154.8,153.2
ED-0085,628,10:28,150.2,152.8,146.5,148.9,150.4,140.5,139.7,152.6,150.7,143.0,155.2,152.9
ED-0085,629,10:29,150.0,152.3,146.7,149.3,150.3,141.3,139.7,152.4,151.0,143.2,154.7,152.1
ED-0085,630,10:30,149.8,152.6,146.7,150.1,150.1,140.8,140.2,152.9,151.7,143.5,154.8,153.2
ED-0085,631,10:31,149.5,152.8,147.0,150.6,150.1,141.2,138.7,153.0,152.2,144.0,155.1,152.2
ED-0085,632,10:32,150.0,152.6,146.2,150.4,149.7,142.0,139.6,153.3,151.5,143.6,155.4,152.6
ED-0085,633,10:33,150.6,152.9,146.8,149.7,150.9,141.7,139.2,153.8,151.3,144.2,154.9,152.9
ED-0085,634,10:34,150.5,153.4,147.4,150.2,151.0,142.1,139.8,152.9,151.5,144.1,155.2,154.6
ED-0085,635,10:35,149.9,153.9,147.2,149.6,150.5,142.4,140.8,153.8,151.9,144.9,155.9,152.4
ED-0085,636,10:36,149.1,153.4,148.1,150.6,150.6,141.2,141.0,153.7,153.2,144.7,155.7,152.7
ED-0085,637,10:37,150.7,154.2,147.8,150.1,152.3,142.6,140.4,154.4,151.8,144.1,156.1,153.1
ED-0085,638,10:38,151.0,153.9,148.4,150.7,151.5,142.6,140.9,153.4,152.0,145.3,156.8,153.3
ED-0085,639,10:39,150.6,154.6,148.5,150.2,151.2,142.2,140.9,153.8,152.4,144.7,155.9,153.9
ED-0085,640,10:40,151.8,154.1,148.1,150.6,151.4,142.4,140.0,154.8,152.4,143.8,156.8,153.5
ED-0085,641,10:41,151.5,152.5,148.5,151.4,152.1,142.5,140.8,154.9,153.2,146.3,157.0,154.0
ED-0085,642,10:42,151.0,154.1,148.6,150.8,150.3,143.0,141.9,153.3,153.5,145.4,157.5,154.2
ED-0085,643,10:43,150.4,154.4,147.9,151.1,152.3,142.8,141.7,154.4,152.2,144.8,155.9,155.2
ED-0085,644,10:44,151.7,155.8,148.1,150.9,151.9,142.8,141.3,155.3,153.5,145.1,156.3,154.0
ED-0085,645,10:45,151.8,154.4,148.9,151.2,152.7,143.2,142.2,155.3,152.7,145.1,157.5,155.0
ED-0085,646,10:46,152.2,154.3,147.8,151.2,153.3,144.1,141.6,154.9,152.7,145.6,157.1,155.0
ED-0085,647,10:47,151.7,155.8,149.5,152.2,153.2,143.4,142.4,155.5,154.0,145.6,157.4,155.6
ED-0085,648,10:48,152.9,155.3,149.0,151.9,152.6,144.3,141.2,155.4,153.1,145.1,157.8,155.5
ED-0085,649,10:49,152.9,154.9,148.6,151.1,153.5,143.6,143.1,155.6,153.3,146.3,158.6,155.5
ED-0085,650,10:50,152.9,155.3,149.7,153.5,153.2,144.9,143.7,156.1,152.5,146.8,158.6,155.5
ED-0085,651,10:51,152.7,155.1,149.5,152.8,153.1,143.7,143.3,156.1,154.2,146.5,158.1,155.1
ED-0085,652,10:52,154.0,155.7,149.7,151.7,152.7,143.9,142.8,156.2,154.1,146.8,158.4,155.2
ED-0085,653,10:53,152.9,156.2,148.9,152.0,154.2,143.3,142.4,156.9,154.5,146.0,158.4,155.8
ED-0085,654,10:54,153.7,156.0,149.7,152.1,153.8,144.4,143.1,156.5,153.3,145.7,159.3,156.2
ED-0085,655,10:55,153.1,156.1,149.5,153.0,154.1,144.7,143.6,156.6,154.6,145.6,159.3,156.6
ED-0085,656,10:56,153.5,155.7,149.5,152.8,154.1,144.5,143.5,157.0,154.7,146.8,159.6,156.7
ED-0085,657,10:57,154.1,156.9,149.2,152.5,154.6,145.2,143.3,156.6,154.7,147.1,159.1,157.5
ED-0085,658,10:58,153.7,157.0,149.6,152.8,154.1,144.9,143.5,157.7,155.5,147.3,158.8,157.3
ED-0085,659,10:59,153.2,156.8,149.7,152.9,154.6,145.5,144.0,156.8,155.2,147.5,159.9,156.5
ED-0085,660,11:00,152.9,156.6,149.6,154.0,154.8,146.0,144.5,157.2,154.7,146.7,159.3,157.2
ED-0085,661,11:01,153.9,156.7,150.1,153.3,154.5,145.8,143.8,157.5,155.2,147.5,159.4,156.4
ED-0085,662,11:02,155.5,155.9,149.3,154.2,155.3,145.5,144.2,157.5,155.3,147.3,159.2,157.4
ED-0085,663,11:03,154.8,157.7,151.3,152.6,155.2,146.2,144.7,158.0,155.9,147.8,159.6,156.7
ED-0085,664,11:04,154.0,157.2,150.9,153.7,156.0,146.2,143.5,158.0,155.7,148.5,160.2,157.1
ED-0085,665,11:05,153.9,157.3,151.8,153.0,154.8,146.1,144.8,157.9,155.5,147.7,160.0,157.0
ED-0085,666,11:06,155.2,157.9,151.2,152.8,156.3,146.0,144.5,157.6,154.9,147.4,159.6,157.9
ED-0085,667,11:07,154.8,155.9,152.2,154.7,156.0,146.7,145.0,157.8,155.8,147.1,160.7,157.5
ED-0085,668,11:08,155.0,157.3,151.1,154.8,155.9,146.5,144.5,158.1,155.8,148.3,160.8,158.1
ED-0085,669,11:09,155.1,157.3,151.9,153.5,155.9,146.5,145.2,158.7,155.5,147.3,160.4,158.7
ED-0085,670,11:10,154.9,157.5,152.0,154.7,155.3,147.8,144.8,159.0,155.9,147.6,160.5,158.9
ED-0085,671,11:11,155.7,157.1,152.0,153.8,156.0,147.2,146.2,158.9,156.6,147.8,160.5,158.7
ED-0085,672,11:12,156.3,158.0,152.4,154.8,155.6,147.1,145.6,159.7,156.0,148.9,160.7,158.2
ED-0085,673,11:13,155.7,157.8,151.6,154.7,156.4,147.6,145.8,159.0,156.3,148.7,160.7,158.1
ED-0085,674,11:14,156.5,158.8,151.8,155.0,156.3,147.4,145.1,158.8,156.7,148.1,160.6,159.3
ED-0085,675,11:15,156.1,158.3,150.6,154.8,156.7,146.9,146.7,159.9,157.1,148.7,161.9,158.2
ED-0085,676,11:16,156.9,159.0,151.8,156.2,155.9,146.5,145.4,159.4,156.7,148.8,161.5,160.4
ED-0085,677,11:17,156.3,158.4,152.1,155.1,156.8,147.5,146.5,158.9,157.0,149.0,162.0,159.3
ED-0085,678,11:18,156.4,158.2,151.9,155.6,158.0,147.6,146.4,159.7,157.5,148.8,161.8,159.1
ED-0085,679,11:19,157.2,159.0,151.8,155.1,157.2,147.6,146.1,160.6,156.8,149.3,160.9,158.8
ED-0085,680,11:20,156.3,159.1,152.2,155.6,157.7,147.1,146.3,160.3,156.5,149.3,160.9,160.0
ED-0085,681,11:21,156.6,158.8,153.2,155.2,157.3,147.7,148.0,160.0,157.8,149.2,161.4,159.3
ED-0085,682,11:22,157.3,159.1,152.9,155.7,156.6,148.2,146.3,160.3,157.1,149.7,161.3,159.3
ED-0085,683,11:23,156.9,159.7,153.8,156.0,157.3,148.4,147.3,160.8,158.0,149.9,162.4,159.7
ED-0085,684,11:24,157.3,159.0,152.9,156.4,157.9,148.9,146.5,160.3,158.5,149.0,161.8,159.6
ED-0085,685,11:25,157.9,158.9,152.9,156.4,157.2,149.0,147.3,160.9,157.3,150.1,162.2,159.8
ED-0085,686,11:26,156.3,158.9,153.5,156.2,157.9,149.0,147.0,160.8,158.5,149.9,162.9,161.1
ED-0085,687,11:27,157.7,160.2,152.9,156.7,158.4,148.0,146.9,160.6,158.4,150.3,162.6,159.5
ED-0085,688,11:28,157.3,159.7,152.9,156.2,158.4,149.2,147.7,161.4,158.2,150.2,162.7,160.2
ED-0085,689,11:29,157.6,159.5,153.3,155.9,158.6,149.3,148.1,161.3,158.3,148.7,162.1,161.4
ED-0085,690,11:30,158.6,160.4,152.4,157.4,157.9,148.8,147.1,161.9,157.9,149.5,163.2,160.4
ED-0085,691,11:31,158.2,160.0,154.2,156.5,157.9,149.9,147.8,161.2,158.6,149.8,163.4,161.0
ED-0085,692,11:32,157.0,159.8,153.9,157.3,158.9,149.5,148.4,162.1,157.9,151.0,163.4,160.8
ED-0085,693,11:33,158.9,160.1,154.2,157.2,159.0,149.8,147.8,161.2,158.7,150.9,163.5,160.8
ED-0085,694,11:34,157.7,160.0,153.5,157.0,158.8,148.5,147.8,162.7,158.8,149.7,162.0,160.8
ED-0085,695,11:35,158.4,160.8,154.6,157.0,158.8,149.7,148.0,161.9,159.0,150.4,163.7,161.0
ED-0085,696,11:36,158.6,160.4,153.4,157.1,159.6,149.3,148.7,162.5,159.0,151.3,163.6,159.9
ED-0085,697,11:37,158.3,161.1,154.3,157.9,159.1,150.5,147.9,162.3,159.7,151.4,163.9,161.1
ED-0085,698,11:38,157.6,160.8,154.5,157.2,159.4,149.6,149.0,161.8,159.6,151.3,163.1,161.6
ED-0085,699,11:39,158.3,160.6,154.8,157.4,159.3,150.6,147.5,161.0,159.0,150.7,164.3,161.5
ED-0085,700,11:40,159.4,161.7,154.2,158.1,159.1,150.3,149.7,162.5,159.7,152.2,164.3,161.4
ED-0085,701,11:41,158.7,162.5,154.6,157.6,160.5,150.5,148.9,162.4,159.0,151.0,164.2,161.9
ED-0085,702,11:42,159.0,161.6,154.9,157.3,159.7,150.0,149.3,162.5,159.9,151.5,164.7,162.8
ED-0085,703,11:43,158.6,161.5,155.0,158.9,160.5,149.9,149.7,162.4,159.4,151.9,164.4,162.7
ED-0085,704,11:44,159.3,161.0,154.6,158.2,159.8,150.2,148.9,163.6,160.0,152.2,163.8,163.2
ED-0085,705,11:45,159.4,162.0,155.7,157.9,159.4,150.5,149.4,163.1,160.2,152.5,164.9,161.7
ED-0085,706,11:46,160.1,162.1,155.9,158.4,160.6,150.8,149.3,163.3,160.1,152.4,164.6,162.1
ED-0085,707,11:47,159.7,162.3,155.8,159.0,160.4,151.4,149.5,162.5,160.3,152.4,164.8,162.3
ED-0085,708,11:48,159.7,162.5,156.1,158.5,159.5,151.6,149.5,162.3,159.9,152.0,164.6,162.9
ED-0085,709,11:49,159.4,162.4,156.2,158.2,160.6,151.4,149.4,162.8,160.1,152.1,164.6,163.4
ED-0085,710,11:50,160.5,161.4,155.7,158.2,160.8,151.9,148.6,163.2,160.7,152.4,165.6,163.2
ED-0085,711,11:51,160.5,162.4,155.8,158.8,161.5,151.8,150.4,164.1,160.5,152.6,164.3,163.3
ED-0085,712,11:52,160.8,162.0,155.5,159.6,160.3,151.6,149.8,164.0,160.4,152.7,165.2,163.4
ED-0085,713,11:53,160.5,162.5,156.4,159.6,161.6,152.0,150.1,165.0,161.4,152.3,165.3,162.2
ED-0085,714,11:54,161.3,162.8,156.3,159.5,161.7,152.5,149.2,164.7,161.3,151.5,165.4,163.9
ED-0085,715,11:55,160.1,162.1,155.6,159.4,160.9,152.1,150.0,164.5,160.8,152.6,165.4,163.4
ED-0085,716,11:56,159.9,163.2,156.5,160.2,161.9,151.6,150.7,164.2,160.9,152.1,166.5,163.9
ED-0085,717,11:57,160.6,162.7,156.5,159.5,161.4,152.4,151.1,164.7,161.9,153.0,166.4,163.7
ED-0085,718,11:58,161.6,162.7,155.6,160.1,162.2,152.3,151.3,164.3,161.1,152.8,165.8,164.2
ED-0085,719,11:59,160.2,162.7,156.8,159.7,162.6,153.8,150.2,164.4,161.4,152.7,166.3,164.0
ED-0085,720,12:00,159.9,163.4,155.9,160.4,161.7,153.0,151.3,164.1,161.3,153.9,166.2,163.9
ED-0085,721,12:01,161.2,163.6,157.3,159.5,162.6,153.1,150.1,165.1,161.8,152.6,165.9,164.3
ED-0085,722,12:02,161.0,161.9,156.6,158.7,161.3,153.3,151.5,165.2,161.7,153.3,165.8,164.3
ED-0085,723,12:03,161.8,163.0,156.5,159.9,162.3,153.1,151.0,165.7,162.2,154.5,166.4,163.0
ED-0085,724,12:04,161.0,163.9,156.7,160.7,163.4,152.9,151.6,165.1,162.1,152.8,165.6,164.9
ED-0085,725,12:05,160.9,164.0,157.3,160.3,163.0,154.4,151.2,165.5,161.9,153.1,167.1,164.3
ED-0085,726,12:06,161.7,165.2,158.8,160.8,163.0,153.0,151.8,166.2,162.5,153.8,166.8,164.1
ED-0085,727,12:07,162.2,163.6,157.4,160.4,162.4,153.5,151.5,166.2,161.9,154.2,166.8,164.3
ED-0085,728,12:08,162.0,163.5,157.3,160.3,163.2,152.4,150.9,165.1,161.6,153.9,167.4,164.4
ED-0085,729,12:09,163.1,163.6,157.9,159.8,163.6,153.2,151.5,165.8,161.8,154.4,167.5,164.7
ED-0085,730,12:10,161.5,164.9,158.1,160.9,163.6,153.5,151.4,165.3,163.1,154.3,166.3,164.3
ED-0085,731,12:11,162.1,164.2,157.7,160.2,163.3,154.1,152.2,166.7,161.6,153.8,167.1,165.2
ED-0085,732,12:12,162.2,165.1,157.0,159.5,163.5,154.0,152.3,166.2,161.9,153.7,167.5,165.5
ED-0085,733,12:13,161.9,165.1,157.9,161.0,163.0,153.6,152.2,166.6,162.7,154.9,167.6,165.4
ED-0085,734,12:14,162.3,164.4,158.3,160.8,163.4,153.9,153.0,166.6,163.0,153.8,167.2,165.8
ED-0085,735,12:15,162.4,164.4,158.2,160.7,164.0,153.5,152.4,166.0,162.8,155.7,167.1,165.8
ED-0085,736,12:16,162.1,164.5,158.2,161.4,163.9,153.7,153.0,167.3,162.4,154.4,168.9,166.5
ED-0085,737,12:17,162.3,165.0,158.4,162.5,163.6,154.7,152.8,166.9,162.9,154.8,167.9,166.1
ED-0085,738,12:18,162.9,164.7,158.8,160.8,163.9,154.1,152.9,166.5,163.5,154.4,167.7,165.7
ED-0085,739,12:19,162.7,165.3,158.4,161.4,164.3,154.5,153.5,167.0,163.4,154.1,167.8,166.2
ED-0085,740,12:20,163.1,166.2,158.2,161.3,163.8,154.9,152.8,166.8,164.3,154.3,168.1,166.7
ED-0085,741,12:21,163.5,164.6,159.1,162.0,164.2,155.3,153.5,166.7,164.1,155.5,167.6,166.0
ED-0085,742,12:22,163.6,164.8,159.0,161.3,165.3,155.1,153.3,167.5,164.2,155.3,168.6,166.0
ED-0085,743,12:23,162.7,165.7,159.5,162.1,165.1,155.5,153.0,166.4,164.0,155.4,168.0,165.8
ED-0085,744,12:24,163.9,166.0,159.9,162.7,165.4,155.1,153.9,167.6,163.4,155.1,168.2,167.3
ED-0085,745,12:25,164.0,165.7,158.8,161.8,164.4,155.6,153.6,166.4,165.0,155.1,169.5,166.4
ED-0085,746,12:26,163.2,166.1,158.6,161.5,165.0,154.8,153.9,168.0,163.5,155.3,168.6,166.4
ED-0085,747,12:27,163.4,165.7,158.8,162.5,165.0,155.8,154.2,167.3,164.4,156.2,168.4,166.3
ED-0085,748,12:28,164.2,166.0,159.4,161.6,164.5,154.8,154.0,167.6,164.1,156.0,169.3,167.2
ED-0085,749,12:29,164.3,166.1,158.9,163.4,164.8,155.7,154.2,167.2,164.0,155.8,168.9,166.0
ED-0085,750,12:30,163.7,165.8,159.3,162.4,165.0,155.8,152.9,167.4,164.9,156.3,169.0,166.4
ED-0085,751,12:31,164.0,166.8,159.9,162.3,165.5,156.8,154.0,168.9,163.8,155.7,169.8,167.3
ED-0085,752,12:32,164.5,166.0,159.0,163.0,166.1,155.6,154.8,168.6,164.5,155.7,168.1,167.5
ED-0085,753,12:33,164.0,166.9,160.0,163.3,165.6,155.7,154.4,168.0,165.1,155.2,168.8,167.7
ED-0085,754,12:34,164.6,167.1,160.0,162.6,166.1,156.5,153.8,168.1,165.0,155.7,169.1,167.3
ED-0085,755,12:35,164.1,167.8,161.1,162.8,166.6,155.9,154.8,168.4,164.2,156.2,169.9,168.2
ED-0085,756,12:36,164.6,166.2,159.2,164.0,166.5,156.0,154.0,168.5,164.3,155.9,169.2,167.4
ED-0085,757,12:37,165.4,166.9,160.0,163.6,166.2,156.1,155.1,168.7,164.9,156.6,169.1,167.4
ED-0085,758,12:38,164.6,167.3,160.3,164.1,166.3,156.9,156.0,169.7,165.7,156.1,169.9,167.6
ED-0085,759,12:39,164.8,167.4,160.9,164.2,166.3,156.8,154.7,169.6,165.2,157.0,168.9,167.8
ED-0085,760,12:40,165.3,167.6,160.1,163.7,166.5,157.4,155.1,169.2,165.2,156.8,169.8,168.4
ED-0085,761,12:41,165.5,167.8,160.6,163.4,166.1,157.7,156.2,169.0,165.2,156.5,170.1,168.5
ED-0085,762,12:42,165.0,167.8,159.5,163.9,166.2,156.5,154.2,169.7,165.9,157.3,171.0,168.1
ED-0085,763,12:43,165.0,167.5,160.8,163.8,166.3,157.1,154.8,169.4,166.6,157.6,170.9,168.6
ED-0085,764,12:44,166.5,167.3,160.4,164.6,167.3,156.7,155.4,169.4,166.0,157.8,170.9,168.9
ED-0085,765,12:45,166.2,168.1,161.2,163.7,166.7,157.7,154.8,168.8,165.6,157.1,169.9,168.5
ED-0085,766,12:46,165.9,168.2,161.7,163.4,167.4,156.7,155.5,170.2,166.2,157.0,170.2,169.2
ED-0085,767,12:47,166.7,168.0,161.3,165.3,167.5,156.8,155.2,168.8,166.2,157.4,169.8,169.0
ED-0085,768,12:48,166.7,168.0,160.4,164.7,166.5,157.5,156.2,170.0,166.2,158.3,171.1,168.9
ED-0085,769,12:49,166.6,167.8,160.6,165.0,167.0,157.4,156.7,170.3,166.1,157.2,171.8,168.8
ED-0085,770,12:50,166.4,168.3,161.6,164.9,167.1,157.0,155.8,170.0,166.2,157.3,171.4,168.9
ED-0085,771,12:51,166.3,168.4,160.5,164.4,168.5,157.5,155.5,171.2,166.8,158.8,171.7,169.0
ED-0085,772,12:52,165.9,169.3,161.5,165.1,168.3,157.1,156.2,170.5,166.8,158.5,171.2,170.3
ED-0085,773,12:53,166.3,168.0,161.1,164.6,167.9,157.4,155.2,170.1,167.0,157.9,171.1,170.1
ED-0085,774,12:54,165.5,169.0,162.2,164.8,167.8,157.5,155.9,169.8,167.2,157.1,171.8,169.2
ED-0085,775,12:55,166.0,168.8,161.9,165.0,168.1,158.5,156.5,170.2,166.9,156.7,171.2,170.3
ED-0085,776,12:56,167.1,169.0,161.8,165.5,167.7,158.7,156.2,171.1,167.1,158.2,172.1,169.7
ED-0085,777,12:57,167.1,168.1,161.1,165.5,168.6,158.4,156.2,170.4,167.1,157.8,171.9,169.5
ED-0085,778,12:58,166.5,168.2,161.8,165.0,166.9,157.4,156.4,170.8,167.5,158.6,171.4,169.7
ED-0085,779,12:59,166.7,168.9,161.5,165.1,168.5,158.0,156.6,171.3,166.8,159.5,171.6,169.8
ED-0085,780,13:00,167.0,168.8,162.2,165.4,168.7,160.0,157.0,170.7,166.5,158.2,172.6,170.7
ED-0085,781,13:01,167.0,168.3,162.2,166.1,168.9,158.7,156.6,170.1,167.2,159.1,172.6,170.3
ED-0085,782,13:02,167.3,170.1,162.0,165.7,168.7,158.7,155.7,170.6,167.6,159.5,173.0,171.4
ED-0085,783,13:03,167.3,168.6,162.4,166.1,168.7,158.1,157.5,171.3,167.7,159.0,171.8,170.8
ED-0085,784,13:04,167.0,169.7,161.8,166.2,168.9,158.9,156.8,171.4,167.4,159.1,172.3,170.8
ED-0085,785,13:05,167.3,170.1,161.7,165.3,168.9,159.0,157.9,170.9,166.9,158.8,171.1,171.1
ED-0085,786,13:06,168.2,169.0,162.4,166.1,169.1,158.8,157.9,172.0,167.7,159.2,172.3,171.9
ED-0085,787,13:07,167.4,170.1,162.8,166.2,169.5,159.2,157.4,172.4,168.9,159.4,173.0,171.5
ED-0085,788,13:08,168.2,168.8,162.4,165.8,169.9,159.5,157.4,171.1,168.2,158.9,172.6,171.1
ED-0085,789,13:09,168.4,169.4,162.4,166.3,169.3,158.9,157.4,171.8,168.1,159.8,173.0,171.2
ED-0085,790,13:10,168.8,169.8,162.5,166.7,169.2,159.5,158.3,171.5,167.8,159.0,174.0,170.9
ED-0085,791,13:11,168.1,171.3,162.6,167.3,169.5,159.0,158.7,171.8,168.4,159.6,173.2,170.9
ED-0085,792,13:12,168.5,170.4,163.7,166.6,169.8,159.4,158.4,172.4,168.7,160.1,172.8,171.3
ED-0085,793,13:13,168.6,171.1,163.6,166.4,169.3,159.3,157.5,172.7,168.5,159.1,173.2,171.6
ED-0085,794,13:14,169.1,171.2,162.6,166.7,168.9,159.5,158.3,172.9,168.4,159.8,173.3,171.2
ED-0085,795,13:15,167.8,170.5,163.8,166.2,169.8,160.3,158.8,172.2,168.1,159.7,173.6,171.3
ED-0085,796,13:16,168.8,170.3,163.8,166.2,170.1,159.9,158.6,172.5,168.4,160.5,173.0,171.2
ED-0085,797,13:17,167.8,170.6,164.0,166.4,169.8,160.6,158.9,172.1,168.8,158.8,172.6,171.1
ED-0085,798,13:18,168.2,171.1,163.4,167.5,170.7,161.1,158.3,172.9,168.5,160.0,173.4,171.9
ED-0085,799,13:19,168.4,171.1,164.2,166.8,170.5,160.4,158.9,173.1,168.8,159.6,174.1,172.2
ED-0085,800,13:20,168.1,170.7,164.3,167.6,171.3,160.3,159.1,172.3,169.1,160.8,173.5,172.3
ED-0085,801,13:21,169.0,171.9,163.5,167.6,170.5,160.4,158.4,174.3,169.0,161.0,175.1,171.3
ED-0085,802,13:22,168.7,171.7,164.3,167.3,169.8,160.8,159.3,173.5,168.7,160.2,173.7,172.2
ED-0085,803,13:23,168.4,170.8,164.3,167.4,170.7,160.1,159.6,172.8,169.1,161.3,174.3,172.7
ED-0085,804,13:24,168.1,171.2,163.5,167.5,170.8,161.2,158.9,173.8,169.9,161.0,174.5,172.1
ED-0085,805,13:25,168.7,172.5,164.4,167.6,171.4,160.7,159.8,173.4,168.6,161.0,174.1,171.6
ED-0085,806,13:26,169.2,171.6,165.1,167.3,170.6,160.6,159.5,173.7,169.3,160.2,174.7,173.6
ED-0085,807,13:27,169.8,172.2,164.5,168.2,172.0,161.0,159.7,174.0,169.3,160.4,174.4,173.4
ED-0085,808,13:28,169.5,171.3,165.0,167.6,170.4,160.3,159.3,174.2,170.2,160.6,174.1,172.4
ED-0085,809,13:29,169.7,171.2,165.3,167.5,171.8,161.7,159.4,173.9,169.1,161.3,175.0,171.7
ED-0085,810,13:30,169.4,171.6,164.0,167.7,171.1,161.7,160.4,174.0,169.4,161.1,175.4,172.3
ED-0085,811,13:31,170.0,171.5,164.7,167.4,171.4,161.6,158.5,173.9,168.8,161.3,174.4,172.6
ED-0085,812,13:32,170.1,171.1,165.1,168.4,170.7,161.3,159.7,173.7,170.0,160.8,174.2,173.3
ED-0085,813,13:33,170.1,172.0,164.1,168.1,171.2,162.6,160.9,174.2,169.9,161.8,175.1,173.7
ED-0085,814,13:34,170.0,172.2,165.3,167.4,171.3,160.6,160.1,173.9,171.6,160.8,173.8,173.0
ED-0085,815,13:35,170.0,171.5,164.9,168.0,171.3,161.0,159.2,174.6,170.3,161.5,175.8,173.9
ED-0085,816,13:36,169.5,172.4,165.2,167.6,171.2,161.7,160.3,174.5,170.3,161.6,174.7,173.3
ED-0085,817,13:37,170.1,171.6,164.4,168.9,171.7,162.6,159.9,173.9,170.4,161.4,174.7,174.0
ED-0085,818,13:38,170.2,172.4,164.9,169.0,171.3,162.0,160.3,174.8,170.4,160.7,175.4,173.1
ED-0085,819,13:39,171.0,172.8,165.6,169.0,173.1,162.3,160.1,174.6,170.5,162.1,175.7,173.8
ED-0085,820,13:40,169.8,171.9,164.6,168.5,172.5,161.7,160.0,174.6,170.8,162.3,175.7,173.9
ED-0085,821,13:41,169.6,172.8,165.9,169.2,172.3,161.7,161.4,174.5,171.4,162.0,175.8,174.1
ED-0085,822,13:42,171.8,171.9,165.9,169.0,172.2,162.6,160.7,176.1,171.3,162.7,175.9,173.9
ED-0085,823,13:43,170.8,172.7,165.6,169.0,172.7,162.3,160.1,174.9,171.0,162.1,175.8,173.7
ED-0085,824,13:44,170.5,172.6,166.1,169.5,172.7,162.8,161.3,175.7,171.2,162.3,176.2,173.8
ED-0085,825,13:45,170.8,173.2,165.6,169.8,172.3,162.5,161.2,175.9,171.4,162.3,175.6,174.6
ED-0085,826,13:46,171.3,172.9,166.1,169.1,171.8,162.6,161.5,175.4,171.4,161.9,176.7,174.8
ED-0085,827,13:47,170.5,173.4,166.1,169.1,173.8,163.3,160.4,175.1,170.7,162.7,176.2,174.1
ED-0085,828,13:48,171.7,173.6,165.8,169.3,173.2,162.7,160.6,175.5,171.8,161.0,176.7,174.4
ED-0085,829,13:49,171.4,173.0,166.2,168.8,172.9,162.9,160.2,175.4,171.9,162.3,176.2,173.7
ED-0085,830,13:50,170.4,174.3,166.9,169.1,173.3,163.9,161.0,175.6,171.3,162.1,176.3,175.1
ED-0085,831,13:51,172.0,173.4,166.2,169.5,172.7,162.8,161.1,175.9,172.1,163.3,177.3,175.1
ED-0085,832,13:52,171.2,173.5,166.4,169.2,173.6,163.3,161.7,175.8,172.3,162.0,176.6,175.1
ED-0085,833,13:53,171.6,173.4,166.0,169.4,173.7,164.3,161.0,176.8,172.5,163.5,177.5,174.8
ED-0085,834,13:54,171.6,172.9,165.3,170.2,173.8,163.2,160.7,177.2,171.1,163.5,176.2,175.1
ED-0085,835,13:55,172.1,174.2,166.2,170.0,173.1,163.9,162.1,176.6,171.3,163.4,177.0,175.2
ED-0085,836,13:56,171.3,174.3,166.5,169.8,174.0,163.9,160.9,175.9,172.8,161.8,177.0,175.6
ED-0085,837,13:57,172.4,174.1,166.1,169.9,174.0,164.1,161.4,176.2,171.8,163.0,177.2,174.5
ED-0085,838,13:58,172.3,174.3,167.2,170.4,173.0,163.7,162.2,175.4,172.6,162.8,177.4,175.2
ED-0085,839,13:59,172.7,174.3,165.8,170.5,174.1,163.8,162.8,176.7,171.9,162.8,177.5,176.5
ED-0085,840,14:00,171.8,173.6,167.0,170.4,174.1,164.7,161.5,176.9,172.4,163.4,176.2,175.9
ED-0085,841,14:01,172.5,174.9,167.4,170.9,173.9,163.6,162.2,177.5,172.1,164.0,177.9,176.3
ED-0085,842,14:02,173.0,173.9,166.9,170.4,174.5,163.2,162.4,176.6,172.0,163.6,177.1,175.9
ED-0085,843,14:03,172.4,175.3,167.0,170.2,174.4,163.7,163.0,177.6,172.1,163.3,177.7,175.0
ED-0085,844,14:04,171.7,174.7,166.6,170.8,174.1,163.3,163.0,177.4,172.3,162.8,176.7,176.1
ED-0085,845,14:05,172.1,175.5,167.2,171.3,173.9,164.6,162.2,177.4,172.1,163.4,178.3,176.0
ED-0085,846,14:06,172.2,175.0,166.9,171.7,174.0,165.0,163.0,176.6,172.8,163.3,177.4,176.1
ED-0085,847,14:07,173.5,175.9,168.3,170.1,174.5,163.1,162.7,177.1,173.2,163.6,179.6,175.6
ED-0085,848,14:08,173.3,174.3,167.7,171.2,174.7,164.2,162.3,177.1,173.5,164.0,178.3,175.9
ED-0085,849,14:09,173.1,174.5,167.2,171.5,174.2,164.2,163.0,176.8,173.5,164.0,177.9,176.5
ED-0085,850,14:10,173.4,174.8,168.7,171.3,176.1,164.6,162.9,178.1,173.3,164.5,177.6,176.8
ED-0085,851,14:11,172.4,174.5,167.5,171.5,176.0,165.4,163.3,177.3,173.3,164.1,178.4,176.3
ED-0085,852,14:12,173.7,174.7,167.2,171.2,174.1,164.8,163.0,177.4,173.7,164.7,178.6,176.2
ED-0085,853,14:13,173.1,175.5,168.9,171.6,174.5,164.5,163.1,177.2,173.8,163.9,177.8,177.2
ED-0085,854,14:14,172.5,175.2,168.6,172.1,175.2,165.4,163.9,177.5,173.3,163.7,178.4,176.5
ED-0085,855,14:15,172.6,175.5,167.5,172.1,175.7,164.9,163.4,178.2,173.5,164.1,178.8,176.8
ED-0085,856,14:16,173.8,175.1,167.2,172.0,175.3,164.9,163.1,178.3,173.4,164.6,178.5,177.3
ED-0085,857,14:17,173.7,175.7,168.7,170.7,176.0,164.7,163.3,176.9,173.1,164.4,178.6,177.5
ED-0085,858,14:18,173.9,175.7,167.7,171.6,175.0,164.8,163.8,178.4,174.5,165.5,178.8,178.0
ED-0085,859,14:19,173.5,175.4,167.9,171.5,175.7,165.5,164.2,177.9,173.6,164.8,178.7,177.3
ED-0085,860,14:20,174.0,175.3,168.5,172.4,176.0,165.5,163.9,178.2,174.9,164.7,179.0,178.4
ED-0085,861,14:21,172.7,176.3,169.4,172.0,176.3,165.3,163.7,178.9,173.6,165.3,178.6,177.2
ED-0085,862,14:22,174.4,175.8,168.0,172.1,176.0,166.0,164.0,178.2,174.1,164.5,179.0,177.0
ED-0085,863,14:23,174.5,176.7,168.7,171.3,175.8,165.8,164.1,178.4,173.5,164.9,179.9,177.9
ED-0085,864,14:24,173.1,176.2,169.5,172.7,175.5,166.2,164.1,178.9,173.4,164.9,179.7,177.5
ED-0085,865,14:25,173.9,177.4,169.1,172.8,176.1,165.7,164.1,179.0,174.6,164.8,179.8,177.6
ED-0085,866,14:26,174.2,175.6,169.3,172.0,176.1,165.9,163.5,179.2,175.1,164.6,179.4,178.5
ED-0085,867,14:27,175.0,176.8,168.8,172.7,176.2,165.8,163.4,178.7,174.2,165.6,178.9,177.5
ED-0085,868,14:28,174.5,177.4,169.0,172.5,176.2,165.4,163.8,179.9,174.7,164.3,179.6,177.7
ED-0085,869,14:29,175.2,176.9,169.2,173.5,176.6,166.2,164.2,179.5,174.6,165.1,179.4,177.8
ED-0085,870,14:30,174.0,176.7,168.8,172.3,176.1,166.9,164.2,180.1,174.5,165.0,180.0,178.0
ED-0085,871,14:31,173.8,176.5,168.9,174.6,176.0,166.6,163.2,179.6,174.5,165.3,179.4,178.2
ED-0085,872,14:32,175.1,178.0,169.1,173.6,176.3,166.7,165.4,178.8,174.1,165.5,181.0,178.2
ED-0085,873,14:33,174.4,177.2,169.3,172.7,177.0,166.4,164.9,179.2,175.1,165.2,179.7,178.1
ED-0085,874,14:34,174.1,176.8,169.7,172.2,177.3,165.4,164.4,179.6,175.4,165.2,181.0,178.7
ED-0085,875,14:35,175.6,177.9,169.7,172.9,176.9,167.6,164.6,179.6,174.8,165.5,179.7,179.3
ED-0085,876,14:36,175.0,177.1,169.5,173.7,176.4,166.8,165.0,179.9,175.7,165.8,180.3,178.1
ED-0085,877,14:37,174.9,178.0,169.9,172.6,176.9,167.3,164.2,180.7,175.0,166.2,179.8,179.3
ED-0085,878,14:38,175.1,177.5,169.7,173.4,177.2,168.4,165.0,179.6,174.7,166.2,180.6,179.1
ED-0085,879,14:39,176.0,176.6,170.4,173.4,177.2,167.1,165.1,179.8,175.5,166.0,179.8,177.9
ED-0085,880,14:40,175.4,178.1,170.0,173.5,177.0,167.2,165.7,179.5,175.3,165.2,180.7,179.3
ED-0085,881,14:41,175.4,177.3,170.2,173.2,177.4,166.7,164.3,180.3,175.4,166.2,181.3,179.9
ED-0085,882,14:42,175.4,176.8,170.8,174.3,178.1,167.5,166.0,179.7,176.0,166.2,181.4,178.9
ED-0085,883,14:43,175.8,178.3,170.0,174.2,177.4,167.5,165.7,180.1,176.2,165.9,180.4,179.0
ED-0085,884,14:44,175.1,177.3,170.4,174.2,177.6,167.4,165.1,180.9,175.7,166.9,180.7,180.0
ED-0085,885,14:45,175.7,177.4,171.4,174.3,178.9,167.3,165.7,180.3,176.4,165.7,180.9,179.6
ED-0085,886,14:46,176.3,177.4,170.0,173.3,176.9,167.4,165.1,181.1,175.6,166.8,181.9,179.0
ED-0085,887,14:47,176.1,176.7,171.1,174.9,177.9,168.2,164.7,181.3,176.5,166.9,181.2,179.1
ED-0085,888,14:48,176.0,178.4,170.8,175.1,178.3,167.5,165.3,181.7,176.7,166.4,180.6,180.2
ED-0085,889,14:49,176.6,178.3,170.2,174.3,178.2,169.0,165.7,181.6,176.3,166.7,181.0,179.1
ED-0085,890,14:50,175.9,177.5,170.5,174.5,179.0,168.0,166.1,180.6,176.6,167.4,181.6,180.2
ED-0085,891,14:51,176.8,177.8,171.3,174.2,177.3,168.1,166.4,181.0,175.5,167.2,181.8,179.1
ED-0085,892,14:52,176.3,177.1,171.0,174.5,178.0,167.5,166.1,181.1,176.9,167.0,182.8,180.4
ED-0085,893,14:53,177.3,178.9,171.2,175.3,178.2,167.8,165.3,181.2,176.6,167.2,182.0,179.3
ED-0085,894,14:54,176.8,179.1,171.1,174.6,178.4,168.5,166.3,181.6,176.9,168.0,181.4,180.1
ED-0085,895,14:55,176.2,178.1,170.7,175.7,177.9,168.9,166.2,181.2,175.9,167.3,181.6,180.1
ED-0085,896,14:56,176.0,178.7,171.5,175.2,178.1,167.8,167.4,181.4,177.4,167.7,182.3,179.8
ED-0085,897,14:57,176.9,177.8,171.4,175.3,178.6,168.7,166.9,181.8,175.6,167.3,182.9,179.4
ED-0085,898,14:58,176.9,179.1,171.3,174.7,178.9,167.6,166.2,181.5,176.7,167.4,182.1,181.0
ED-0085,899,14:59,177.2,179.2,171.2,174.9,178.0,168.4,167.9,181.9,176.9,168.0,182.7,180.6
ED-0085,900,15:00,176.9,178.8,170.8,174.8,179.2,167.9,166.7,181.7,177.1,167.6,182.4,179.3
ED-0085,901,15:01,177.0,178.7,171.6,175.2,179.1,168.7,166.3,182.1,177.0,168.2,181.1,180.9
ED-0085,902,15:02,177.0,179.7,171.3,175.2,179.0,168.6,166.8,181.6,176.4,167.7,181.9,181.4
ED-0085,903,15:03,176.3,178.6,171.7,175.6,179.2,169.0,167.3,181.3,176.7,167.9,182.3,180.8
ED-0085,904,15:04,176.7,179.6,171.6,175.3,179.4,169.4,166.5,182.0,177.5,167.9,182.7,180.4
ED-0085,905,15:05,175.9,179.9,171.9,176.0,179.9,168.8,167.3,181.7,177.9,167.6,183.3,180.8
ED-0085,906,15:06,176.8,179.5,171.7,175.9,179.4,168.6,167.1,181.9,176.9,167.9,182.2,180.9
ED-0085,907,15:07,177.1,179.8,172.2,176.0,179.0,168.3,167.8,181.8,177.3,167.8,182.2,180.9
ED-0085,908,15:08,177.7,179.0,172.0,175.2,179.7,168.7,168.2,182.1,177.8,169.0,183.0,181.8
ED-0085,909,15:09,176.4,179.1,172.5,174.9,179.9,170.5,167.2,182.4,177.3,168.4,183.5,181.7
ED-0085,910,15:10,178.7,180.5,172.1,174.8,179.7,169.3,167.8,182.6,177.9,167.9,182.5,181.2
ED-0085,911,15:11,177.5,179.9,172.1,176.3,178.7,169.7,167.1,182.5,177.3,168.2,183.3,180.8
ED-0085,912,15:12,178.1,179.1,172.0,175.8,179.7,169.1,167.8,182.8,178.8,168.5,182.8,181.6
ED-0085,913,15:13,177.9,179.8,172.8,176.7,179.5,168.7,167.6,182.2,178.8,168.0,182.7,182.0
ED-0085,914,15:14,177.4,179.6,172.2,175.0,180.1,169.6,168.3,182.3,178.1,169.4,182.5,180.7
ED-0085,915,15:15,178.7,180.7,171.4,175.7,181.0,169.3,168.1,183.5,178.2,169.0,183.1,181.6
ED-0085,916,15:16,179.0,179.4,173.4,176.7,179.9,169.2,167.4,182.5,179.8,168.4,184.0,182.1
ED-0085,917,15:17,177.6,181.0,172.6,176.7,180.1,171.3,168.0,183.0,179.1,168.1,183.7,181.4
ED-0085,918,15:18,179.2,179.4,173.3,176.8,179.7,170.0,168.3,183.0,178.3,168.4,184.2,181.6
ED-0085,919,15:19,177.6,180.2,173.3,176.2,180.1,169.0,168.4,183.6,177.0,168.7,184.6,182.8
ED-0085,920,15:20,178.8,179.7,172.9,176.2,179.8,170.2,167.6,184.4,178.0,168.6,184.6,180.9
ED-0085,921,15:21,177.6,181.1,172.9,176.7,179.8,169.7,168.1,182.7,179.2,169.5,183.8,182.3
ED-0085,922,15:22,178.0,180.7,172.4,176.3,180.2,169.5,168.5,183.8,178.4,169.3,183.9,182.1
ED-0085,923,15:23,179.3,181.5,173.0,177.9,180.7,170.3,168.3,184.2,178.0,169.3,184.9,182.2
ED-0085,924,15:24,178.4,181.0,173.5,176.1,180.0,170.6,168.9,183.8,178.6,169.2,183.8,182.4
ED-0085,925,15:25,179.1,180.4,173.2,176.4,181.5,169.6,168.8,184.0,179.7,169.2,184.7,182.8
ED-0085,926,15:26,179.7,180.4,173.9,176.2,180.7,170.5,169.1,184.4,179.4,168.7,184.2,182.5
ED-0085,927,15:27,179.3,181.4,173.6,176.7,180.8,171.7,168.9,184.6,178.5,169.5,184.4,182.2
ED-0085,928,15:28,179.6,181.3,174.7,177.3,181.0,170.0,168.6,183.7,179.7,170.0,184.6,182.3
ED-0085,929,15:29,179.8,181.1,172.9,177.4,180.7,171.4,168.2,184.0,179.6,169.8,184.2,182.7
ED-0085,930,15:30,178.9,182.5,174.3,176.7,181.2,171.3,169.3,185.6,179.1,170.0,183.6,183.2
ED-0085,931,15:31,179.1,181.6,172.3,177.4,180.6,171.3,168.3,183.9,179.7,169.3,184.2,183.3
ED-0085,932,15:32,179.1,181.5,173.4,177.1,181.5,170.7,168.7,184.9,179.8,169.7,185.4,182.7
ED-0085,933,15:33,180.8,181.4,173.6,176.9,181.4,171.4,169.3,184.7,180.1,169.8,185.3,182.5
ED-0085,934,15:34,178.8,181.9,173.3,177.2,181.3,171.6,169.7,184.3,179.5,169.8,184.4,182.1
ED-0085,935,15:35,180.6,181.6,175.8,177.1,182.0,171.3,169.9,183.1,179.0,169.8,184.2,182.9
ED-0085,936,15:36,179.7,181.8,174.4,177.2,181.5,171.1,169.7,184.8,179.7,170.8,184.6,183.3
ED-0085,937,15:37,179.4,182.0,174.2,177.7,181.9,171.5,168.3,184.2,179.3,169.7,184.3,182.7
ED-0085,938,15:38,179.6,182.0,173.8,178.2,182.0,171.7,169.4,184.4,180.3,169.0,184.7,183.8
ED-0085,939,15:39,180.0,181.8,174.3,177.6,182.4,171.5,169.2,185.4,181.0,170.0,185.5,184.4
ED-0085,940,15:40,179.8,182.1,175.1,178.3,182.5,171.6,169.6,185.4,180.4,170.7,185.7,184.5
ED-0085,941,15:41,179.1,182.6,174.1,177.9,182.3,171.9,168.8,185.0,178.8,171.3,185.2,183.5
ED-0085,942,15:42,179.0,183.1,173.7,178.6,182.2,171.3,171.0,185.3,179.7,170.7,185.6,182.9
ED-0085,943,15:43,180.7,181.7,174.3,178.2,181.8,171.3,169.4,184.7,180.2,170.4,184.7,185.3
ED-0085,944,15:44,180.8,181.8,174.5,178.3,182.0,171.5,169.8,186.1,179.5,170.6,185.1,183.3
ED-0085,945,15:45,180.0,182.3,175.0,177.8,182.1,171.9,169.9,184.6,180.8,170.0,186.2,184.0
ED-0085,946,15:46,180.7,183.1,174.8,177.7,182.5,171.4,171.7,186.2,180.4,170.5,186.2,184.6
ED-0085,947,15:47,180.1,182.1,175.3,178.7,183.0,172.6,170.1,184.1,179.8,171.0,186.0,184.3
ED-0085,948,15:48,180.1,183.0,174.9,177.9,181.7,172.1,169.5,185.1,180.2,171.3,186.9,183.8
ED-0085,949,15:49,180.3,183.0,174.7,178.2,182.2,172.7,169.7,186.4,181.1,171.1,186.3,184.6
ED-0085,950,15:50,181.2,182.0,174.9,178.6,182.6,172.4,170.4,185.1,180.6,170.4,186.1,184.2
ED-0085,951,15:51,180.6,182.3,175.5,179.3,182.9,172.1,170.2,185.0,181.4,170.9,186.0,184.0
ED-0085,952,15:52,179.6,182.4,175.3,179.0,182.9,171.9,171.0,186.0,181.3,171.2,186.1,184.5
ED-0085,953,15:53,180.7,182.5,175.2,178.7,182.6,172.6,171.0,185.2,181.4,170.4,185.0,184.8
ED-0085,954,15:54,180.7,183.2,175.7,178.8,183.5,171.8,170.1,185.3,180.1,171.7,186.7,184.8
ED-0085,955,15:55,180.8,182.4,174.8,179.2,183.3,172.2,170.3,186.0,180.8,171.3,186.3,184.8
ED-0085,956,15:56,179.7,183.0,176.1,178.6,183.4,172.8,170.7,185.9,181.2,170.9,186.4,184.3
ED-0085,957,15:57,181.3,183.2,175.8,178.9,182.6,173.3,170.6,186.4,181.0,171.0,186.6,185.3
ED-0085,958,15:58,182.1,184.2,175.4,179.0,184.2,172.1,171.0,185.5,181.1,171.3,186.1,184.9
ED-0085,959,15:59,181.3,182.7,174.8,179.4,182.9,173.3,170.9,185.7,180.8,171.2,186.1,184.9
ED-0085,960,16:00,181.6,183.3,174.6,179.3,183.9,173.5,171.0,186.9,181.7,172.3,186.6,184.5
ED-0085,961,16:01,181.9,183.2,175.6,179.2,183.4,172.9,170.8,186.3,181.3,172.1,186.3,185.4
ED-0085,962,16:02,181.5,183.9,176.0,179.2,184.1,172.9,171.0,186.7,181.8,171.4,186.2,184.5
ED-0085,963,16:03,182.0,184.0,175.4,179.2,185.1,172.8,171.8,186.1,181.9,171.2,186.2,185.3
ED-0085,964,16:04,181.5,183.0,176.9,180.1,184.2,173.1,171.3,186.8,182.2,171.8,187.3,185.0
ED-0085,965,16:05,181.8,183.2,176.3,180.0,183.1,173.5,171.1,186.6,181.6,172.1,186.2,184.8
ED-0085,966,16:06,181.5,184.2,176.3,179.7,183.8,173.6,171.2,187.2,180.3,171.8,186.9,185.1
ED-0085,967,16:07,180.9,183.5,175.3,179.6,184.5,172.9,170.8,186.3,182.0,170.9,187.0,186.3
ED-0085,968,16:08,182.4,183.7,175.7,179.2,184.2,173.4,171.1,187.2,182.3,172.2,187.5,185.9
ED-0085,969,16:09,182.6,183.4,176.9,179.8,184.3,173.0,171.9,187.1,182.2,172.3,187.5,186.0
ED-0085,970,16:10,182.4,184.9,176.0,179.5,184.0,173.9,172.5,186.0,182.4,172.2,187.0,185.7
ED-0085,971,16:11,182.9,184.8,176.2,180.1,184.1,172.7,170.9,187.1,183.4,171.8,188.0,185.7
ED-0085,972,16:12,182.0,184.0,176.4,179.9,184.3,173.1,171.7,187.0,181.7,172.3,188.0,186.9
ED-0085,973,16:13,181.9,184.9,176.1,180.6,185.0,173.7,171.2,186.3,181.7,172.5,187.7,186.1
ED-0085,974,16:14,183.6,184.1,176.5,179.6,184.3,173.5,172.3,186.9,182.4,172.7,188.2,186.2
ED-0085,975,16:15,182.9,185.1,176.5,180.0,184.8,174.3,172.2,187.8,183.0,172.9,187.4,185.9
ED-0085,976,16:16,182.7,184.6,176.9,180.4,185.0,174.3,171.9,188.1,183.3,172.4,188.0,185.8
ED-0085,977,16:17,182.5,184.4,176.4,181.1,185.5,173.7,172.4,189.2,182.4,173.2,187.9,186.4
ED-0085,978,16:18,182.8,185.3,176.5,180.9,185.3,175.0,172.4,187.2,183.0,174.0,188.3,186.3
ED-0085,979,16:19,183.2,185.0,177.2,180.3,184.9,174.7,172.4,187.2,182.2,172.8,188.1,186.5
ED-0085,980,16:20,182.7,184.0,177.0,181.2,184.7,174.4,172.0,187.9,182.5,173.0,187.5,187.3
ED-0085,981,16:21,183.5,185.0,177.0,180.1,184.7,174.7,172.4,188.1,181.6,172.5,188.5,186.1
ED-0085,982,16:22,182.7,184.5,177.0,181.6,185.9,174.6,171.9,188.3,183.0,173.7,188.3,187.2
ED-0085,983,16:23,183.2,185.1,177.0,180.9,185.6,175.0,173.0,187.7,183.1,172.9,187.5,185.4
ED-0085,984,16:24,183.5,185.5,177.3,180.4,185.5,174.8,173.6,188.0,183.0,173.5,187.9,187.8
ED-0085,985,16:25,182.4,185.0,178.0,182.0,185.6,174.8,172.5,188.6,183.4,173.9,188.5,186.8
ED-0085,986,16:26,182.2,184.6,177.5,180.9,185.4,175.0,172.9,188.4,183.2,172.8,189.1,187.2
ED-0085,987,16:27,183.1,185.7,177.7,181.3,185.8,175.2,172.9,189.0,183.4,173.7,188.6,188.1
ED-0085,988,16:28,183.5,184.8,177.3,181.4,185.0,174.8,172.8,188.7,183.5,173.3,189.0,186.5
ED-0085,989,16:29,183.8,185.9,177.0,180.9,185.7,175.2,173.5,188.3,184.1,173.8,188.4,186.9
ED-0085,990,16:30,182.9,185.5,178.0,180.9,185.4,176.0,174.0,188.7,183.7,174.0,189.8,186.3
ED-0085,991,16:31,182.8,185.7,178.4,179.9,185.5,174.4,173.3,188.4,184.2,172.9,188.5,186.9
ED-0085,992,16:32,182.9,185.2,177.4,181.0,185.5,174.8,173.4,188.9,183.5,174.3,189.1,187.4
ED-0085,993,16:33,183.9,185.8,178.0,182.2,185.5,175.3,173.4,188.5,183.9,174.6,189.1,187.1
ED-0085,994,16:34,183.2,184.0,178.1,182.2,186.0,175.4,173.1,188.7,183.3,174.3,189.1,187.4
ED-0085,995,16:35,183.2,186.8,176.8,182.2,185.4,175.5,173.2,189.2,183.3,174.5,189.0,188.1
ED-0085,996,16:36,183.8,186.8,178.2,180.7,186.1,175.6,172.8,189.0,183.3,174.5,189.2,187.6
ED-0085,997,16:37,183.8,186.0,177.2,181.0,185.7,175.7,173.8,188.6,184.3,174.5,189.4,187.8
ED-0085,998,16:38,185.1,185.7,178.2,182.3,186.7,175.2,174.1,188.9,183.9,174.1,190.0,187.9
ED-0085,999,16:39,184.0,186.2,177.8,182.4,184.9,175.0,173.7,190.0,184.1,173.6,189.7,187.7
ED-0085,1000,16:40,184.6,186.3,177.9,181.5,186.3,175.5,172.9,189.4,184.4,174.2,188.9,187.3
ED-0085,1001,16:41,184.2,186.7,178.1,181.8,185.9,175.5,173.9,190.0,184.7,174.5,189.3,187.9
ED-0085,1002,16:42,184.1,186.6,178.5,182.2,186.6,176.2,173.6,189.6,184.6,174.2,190.1,187.7
ED-0085,1003,16:43,185.4,186.6,178.9,181.6,185.7,176.1,173.6,188.9,184.5,173.6,189.9,188.6
ED-0085,1004,16:44,183.2,187.1,178.1,181.7,186.5,176.1,174.2,190.0,184.2,174.6,189.4,188.0
ED-0085,1005,16:45,183.7,187.1,178.9,182.1,186.9,176.3,174.7,190.1,184.1,174.7,189.6,188.5
ED-0085,1006,16:46,184.4,186.7,178.8,181.9,186.9,177.1,173.7,189.1,184.2,174.5,190.0,188.0
ED-0085,1007,16:47,183.6,185.5,178.5,182.2,186.6,177.4,173.9,190.2,185.4,174.3,189.0,187.7
ED-0085,1008,16:48,184.9,185.9,178.8,182.1,186.8,176.3,175.2,189.5,184.7,174.0,191.4,188.3
ED-0085,1009,16:49,184.9,187.2,179.2,183.3,186.7,175.8,174.5,190.0,185.5,174.6,190.4,188.4
ED-0085,1010,16:50,185.1,187.3,179.3,182.5,186.4,176.2,173.8,189.1,184.7,175.0,190.1,189.1
ED-0085,1011,16:51,185.0,187.0,178.8,182.1,187.7,177.1,174.7,189.9,185.0,175.0,190.2,188.3
ED-0085,1012,16:52,185.7,186.1,179.2,183.6,187.7,176.8,174.6,190.2,185.1,175.6,190.0,187.8
ED-0085,1013,16:53,184.7,186.8,179.6,182.9,186.4,176.9,174.1,190.8,185.2,175.2,191.2,188.5
ED-0085,1014,16:54,184.8,187.4,179.6,183.2,187.6,176.4,174.5,189.8,185.0,174.8,190.3,187.8
ED-0085,1015,16:55,185.5,187.4,179.4,183.5,187.4,176.7,173.6,190.5,185.3,175.6,190.5,190.2
ED-0085,1016,16:56,185.4,187.0,179.1,183.1,187.5,177.6,174.3,190.1,185.2,175.5,190.8,187.9
ED-0085,1017,16:57,185.4,187.7,179.0,182.5,187.8,176.2,174.6,191.0,185.0,174.8,190.5,188.6
ED-0085,1018,16:58,186.2,188.4,179.6,183.2,188.7,176.7,175.4,190.6,185.3,175.4,190.2,190.0
ED-0085,1019,16:59,185.3,187.8,179.4,182.5,188.2,177.7,175.1,190.5,185.8,175.4,190.5,189.4
ED-0085,1020,17:00,185.0,187.3,178.9,183.2,187.6,177.3,175.1,190.2,185.7,175.8,190.7,188.6
ED-0085,1021,17:01,186.0,187.3,179.3,183.5,188.0,178.3,174.6,191.0,186.0,174.4,190.4,188.7
ED-0085,1022,17:02,185.5,187.5,179.2,182.5,188.4,177.7,175.6,190.9,185.0,175.2,191.5,189.0
ED-0085,1023,17:03,185.7,187.6,179.7,182.6,187.5,177.2,175.1,191.2,184.9,175.7,191.0,190.0
ED-0085,1024,17:04,186.5,187.8,180.0,184.1,188.3,176.6,174.6,191.0,185.7,175.5,189.9,189.0
ED-0085,1025,17:05,186.1,187.7,179.8,183.5,188.1,176.6,175.4,191.5,185.1,175.2,191.2,190.3
ED-0085,1026,17:06,186.6,186.9,179.1,184.0,188.0,177.1,175.8,190.5,186.4,175.7,191.3,189.3
ED-0085,1027,17:07,186.2,188.5,179.3,182.8,188.7,178.6,175.9,190.6,186.3,175.5,191.2,189.2
ED-0085,1028,17:08,185.4,188.3,180.8,184.2,189.1,178.2,175.2,190.8,185.2,176.3,191.1,189.1
ED-0085,1029,17:09,185.7,188.3,180.8,183.8,188.1,177.5,174.8,191.8,185.2,176.9,191.1,189.9
ED-0085,1030,17:10,186.8,188.8,180.1,184.6,188.7,177.2,174.5,190.7,186.3,176.2,191.6,189.9
ED-0085,1031,17:11,185.7,188.4,180.0,183.6,188.5,178.4,175.0,191.4,186.5,176.8,190.9,190.4
ED-0085,1032,17:12,186.8,188.1,180.3,184.3,188.4,178.1,175.7,192.0,185.8,175.8,191.3,189.9
ED-0085,1033,17:13,186.5,188.2,181.1,183.0,188.2,177.8,175.6,191.1,186.0,176.6,190.9,190.2
ED-0085,1034,17:14,186.4,188.7,180.3,184.5,189.0,177.0,176.3,192.7,186.3,176.9,191.4,191.3
ED-0085,1035,17:15,186.4,187.8,180.1,184.5,189.4,179.1,175.9,192.1,186.7,177.1,190.9,189.7
ED-0085,1036,17:16,185.9,189.0,180.9,184.4,190.1,178.4,176.7,192.4,186.6,177.6,192.3,190.9
ED-0085,1037,17:17,186.5,188.9,180.4,184.9,188.7,177.6,176.3,192.6,186.8,176.8,192.0,190.3
ED-0085,1038,17:18,187.1,189.1,180.9,184.0,189.4,179.7,176.4,191.7,187.1,176.2,193.0,190.3
ED-0085,1039,17:19,187.0,189.2,180.7,183.9,189.7,178.8,176.3,192.2,187.1,175.8,191.2,191.6
ED-0085,1040,17:20,187.4,188.7,180.3,185.4,188.2,177.4,176.0,192.1,187.0,177.1,192.0,190.9
ED-0085,1041,17:21,188.3,189.8,180.4,184.5,188.6,178.1,177.0,193.9,186.4,176.4,192.0,190.1
ED-0085,1042,17:22,187.2,188.9,180.6,184.6,189.6,178.9,176.7,192.0,186.8,176.4,193.0,190.3
ED-0085,1043,17:23,187.3,188.7,181.1,184.6,188.8,178.6,177.2,192.2,186.3,176.4,192.9,191.1
ED-0085,1044,17:24,187.1,189.4,181.2,185.0,188.5,178.7,175.8,192.7,187.8,177.1,191.7,192.0
ED-0085,1045,17:25,187.7,189.5,181.8,185.0,189.1,178.8,176.4,192.4,187.3,177.9,192.0,190.9
ED-0085,1046,17:26,187.2,189.0,180.3,185.4,190.6,178.4,176.6,193.0,187.0,176.9,192.1,192.3
ED-0085,1047,17:27,186.5,188.3,181.4,186.0,188.6,179.4,177.1,192.8,187.5,176.8,192.9,190.5
ED-0085,1048,17:28,188.0,187.8,181.8,184.7,189.8,178.7,176.8,191.9,186.3,176.1,192.5,192.1
ED-0085,1049,17:29,188.1,190.2,181.7,184.8,190.5,179.0,176.6,193.4,187.9,176.4,193.7,191.8
ED-0085,1050,17:30,188.5,189.1,180.6,184.7,190.1,179.2,176.4,192.3,186.5,178.0,192.9,191.8
ED-0085,1051,17:31,187.4,190.7,181.5,185.1,189.7,179.8,176.7,192.7,187.4,176.3,192.9,191.1
ED-0085,1052,17:32,188.0,189.6,181.3,185.5,190.2,179.4,177.3,193.9,187.3,178.4,193.4,192.6
ED-0085,1053,17:33,188.0,189.9,181.8,186.0,190.7,179.1,176.9,192.8,188.5,177.1,193.9,191.4
ED-0085,1054,17:34,187.7,189.8,182.2,185.0,189.7,179.4,177.1,193.2,188.2,177.5,192.8,191.4
ED-0085,1055,17:35,188.0,189.1,181.3,185.4,189.5,179.3,177.5,192.2,187.2,177.5,192.4,192.0
ED-0085,1056,17:36,187.1,189.3,181.6,185.2,190.7,179.0,177.2,193.3,187.8,176.4,192.8,192.2
ED-0085,1057,17:37,188.1,189.6,181.1,184.9,190.6,179.7,177.5,193.8,187.0,177.2,193.3,192.3
ED-0085,1058,17:38,188.1,189.3,181.9,186.3,190.3,180.7,177.7,193.1,188.5,177.1,193.8,191.9
ED-0085,1059,17:39,188.6,189.7,181.3,186.0,190.6,180.1,177.3,193.9,187.9,177.3,193.7,192.0
ED-0085,1060,17:40,187.8,190.0,182.3,186.3,190.6,179.3,177.1,193.4,188.3,177.7,193.7,191.1
ED-0085,1061,17:41,188.3,189.1,182.0,184.6,190.4,179.8,177.1,193.8,188.1,177.9,194.0,192.1
ED-0085,1062,17:42,188.1,190.1,182.5,184.5,190.1,181.0,177.9,193.2,187.9,177.7,193.3,191.9
ED-0085,1063,17:43,187.3,190.6,181.7,185.6,190.4,180.9,178.0,193.3,188.7,177.5,193.7,191.9
ED-0085,1064,17:44,188.5,190.9,182.3,186.4,191.0,180.0,177.8,194.3,188.3,178.2,194.2,192.4
ED-0085,1065,17:45,188.1,190.2,181.6,185.8,191.7,181.0,177.8,193.3,188.1,178.5,194.1,192.3
ED-0085,1066,17:46,187.9,190.7,181.9,186.6,190.1,179.6,178.0,194.3,187.0,177.7,193.7,192.5
ED-0085,1067,17:47,188.5,190.3,182.9,186.9,191.3,179.1,177.5,194.1,188.6,178.6,193.8,192.2
ED-0085,1068,17:48,188.6,191.0,182.8,186.5,191.4,179.7,179.3,193.6,188.4,178.6,193.7,193.4
ED-0085,1069,17:49,189.5,191.0,182.1,186.6,190.8,180.9,177.1,194.6,188.5,178.3,194.2,192.2
ED-0085,1070,17:50,189.1,191.8,181.9,186.0,190.6,180.7,178.6,194.2,188.8,179.1,194.2,193.3
ED-0085,1071,17:51,188.6,190.5,181.9,186.3,190.4,179.9,178.1,193.4,188.7,178.6,194.1,192.1
ED-0085,1072,17:52,188.8,191.6,182.7,186.5,191.0,180.5,177.7,194.5,188.3,177.9,194.1,191.6
ED-0085,1073,17:53,189.2,191.2,182.8,186.8,191.7,180.7,178.4,194.0,188.9,179.3,194.5,192.6
ED-0085,1074,17:54,188.5,190.0,182.5,187.4,191.7,180.6,178.0,194.9,189.1,178.5,194.8,192.6
ED-0085,1075,17:55,189.3,190.9,182.4,186.2,191.3,180.9,179.4,194.6,189.0,179.3,194.2,193.3
ED-0085,1076,17:56,189.6,191.3,183.0,187.4,191.7,180.1,178.7,194.4,189.7,179.5,194.8,193.3
ED-0085,1077,17:57,189.5,191.3,183.3,186.4,191.5,180.4,178.1,194.6,189.4,178.6,194.0,193.4
ED-0085,1078,17:58,189.9,191.6,182.9,187.8,191.7,180.6,178.7,195.1,188.6,179.4,194.9,192.8
ED-0085,1079,17:59,189.1,192.1,183.3,187.0,191.0,180.9,177.6,194.9,189.7,178.9,195.4,193.3
ED-0085,1080,18:00,189.0,190.3,183.3,186.3,192.1,181.1,178.7,195.5,189.4,178.3,194.8,193.1
ED-0085,1081,18:01,189.1,191.1,182.6,187.7,192.3,180.8,179.1,195.6,189.3,179.5,194.5,193.0
ED-0085,1082,18:02,189.2,190.4,184.8,187.0,191.2,180.6,178.7,195.3,189.8,178.9,195.1,193.3
ED-0085,1083,18:03,189.7,191.5,183.2,188.7,191.7,181.6,179.1,194.4,188.4,178.6,194.5,193.4
ED-0085,1084,18:04,189.4,192.3,183.8,188.1,191.7,180.4,178.6,196.1,189.0,179.2,195.3,193.4
ED-0085,1085,18:05,189.1,191.5,182.9,187.7,191.8,180.5,179.7,195.8,189.7,179.9,195.0,194.3
ED-0085,1086,18:06,189.9,191.2,184.1,187.6,191.3,182.5,179.9,195.3,190.2,179.3,195.0,194.1
ED-0085,1087,18:07,189.1,192.3,183.9,187.3,191.7,180.6,179.6,195.5,190.0,180.0,195.7,193.6
ED-0085,1088,18:08,189.8,191.4,183.7,187.7,192.7,182.5,179.8,195.7,191.2,179.1,195.4,193.9
ED-0085,1089,18:09,190.1,192.0,183.3,187.9,192.4,181.3,178.7,194.4,189.4,180.1,194.6,193.9
ED-0085,1090,18:10,190.2,190.6,183.0,187.9,192.8,181.2,179.1,195.0,189.7,179.7,195.3,193.2
ED-0085,1091,18:11,190.3,192.3,184.0,187.3,193.3,182.2,178.6,196.1,189.6,178.8,195.7,194.7
ED-0085,1092,18:12,190.8,191.6,183.0,188.1,192.0,181.1,179.3,195.2,190.4,179.4,195.2,193.8
ED-0085,1093,18:13,189.7,192.0,183.7,188.0,192.9,182.4,179.7,195.6,189.8,180.2,196.4,193.7
ED-0085,1094,18:14,190.1,192.2,183.3,187.5,192.8,181.5,179.3,195.4,190.4,179.8,195.7,194.5
ED-0085,1095,18:15,190.0,192.0,184.9,187.1,193.5,181.6,180.1,195.5,189.6,180.6,195.7,193.7
ED-0085,1096,18:16,190.6,191.5,183.4,187.8,192.0,182.3,180.2,194.8,191.2,179.1,195.7,195.3
ED-0085,1097,18:17,190.5,192.1,183.4,188.5,193.2,181.8,180.1,196.0,190.5,180.6,195.9,193.7
ED-0085,1098,18:18,189.4,192.9,183.9,188.3,193.2,181.4,180.0,195.3,190.2,179.4,196.0,194.5
ED-0085,1099,18:19,190.9,192.0,185.1,187.6,192.7,182.6,179.6,196.9,191.2,179.9,195.7,193.2
ED-0085,1100,18:20,190.9,191.9,184.4,188.3,192.6,182.1,180.2,196.9,190.0,181.2,195.6,195.0
ED-0085,1101,18:21,190.7,193.3,184.4,187.7,192.5,182.0,180.0,196.5,190.8,179.6,195.6,194.4
ED-0085,1102,18:22,191.7,193.1,183.8,188.2,193.4,182.1,180.5,195.4,190.8,179.4,195.1,194.7
ED-0085,1103,18:23,190.6,192.9,184.7,188.2,192.8,181.4,179.2,196.9,190.9,181.6,195.6,195.5
ED-0085,1104,18:24,191.5,192.7,185.0,188.6,192.0,182.8,179.6,196.2,191.9,180.9,197.6,194.1
ED-0085,1105,18:25,191.2,193.0,183.9,188.8,194.1,182.6,179.4,197.6,190.6,180.2,197.9,194.6
ED-0085,1106,18:26,190.7,192.9,184.3,188.3,194.4,182.3,180.1,195.8,190.7,180.1,196.6,195.1
ED-0085,1107,18:27,191.1,193.0,184.7,188.8,193.5,182.3,179.9,196.7,191.6,181.0,196.7,195.5
ED-0085,1108,18:28,191.4,193.5,185.1,188.6,193.3,182.9,179.7,196.4,191.6,180.3,196.6,194.2
ED-0085,1109,18:29,190.8,193.1,184.3,188.5,194.2,183.2,181.5,195.5,190.3,180.9,196.7,194.4
ED-0085,1110,18:30,191.6,193.0,184.9,188.9,193.1,183.5,180.7,197.0,190.3,180.9,196.5,195.5
ED-0085,1111,18:31,191.4,192.9,183.9,188.1,193.4,182.4,180.2,197.4,191.9,180.6,196.5,194.7
ED-0085,1112,18:32,191.4,193.3,183.5,189.0,194.1,183.1,180.5,196.9,190.8,181.3,197.5,195.4
ED-0085,1113,18:33,192.0,193.8,185.2,188.5,194.0,183.3,181.2,196.4,191.4,180.8,197.4,195.1
ED-0085,1114,18:34,190.9,193.2,185.4,188.3,193.6,182.9,181.3,196.7,191.2,180.6,197.0,194.9
ED-0085,1115,18:35,191.3,194.1,185.2,190.0,193.5,182.7,181.3,198.5,191.8,180.5,196.9,195.6
ED-0085,1116,18:36,192.5,193.5,184.5,189.3,193.3,182.7,181.7,197.0,192.0,181.9,196.8,196.5
ED-0085,1117,18:37,192.1,193.5,185.5,188.8,194.0,183.1,180.3,197.6,191.9,180.4,197.1,195.8
ED-0085,1118,18:38,191.3,194.0,185.1,189.1,193.8,183.0,181.6,197.0,191.5,180.9,197.5,195.2
ED-0085,1119,18:39,191.8,193.4,186.5,189.3,193.8,183.2,180.7,197.5,191.7,181.6,198.0,196.0
ED-0085,1120,18:40,191.7,194.1,185.5,189.0,194.3,183.3,181.1,197.0,191.5,181.7,197.1,195.6
ED-0085,1121,18:41,191.8,194.0,186.4,189.0,195.5,182.1,181.5,197.8,191.5,181.6,197.5,195.3
ED-0085,1122,18:42,192.1,194.0,185.5,190.0,194.3,183.6,181.0,198.3,193.0,181.9,196.9,196.4
ED-0085,1123,18:43,191.6,193.2,186.1,190.0,193.9,183.6,181.6,197.6,192.2,181.2,197.9,196.6
ED-0085,1124,18:44,191.8,194.4,185.1,189.1,195.4,184.0,181.4,198.2,191.9,181.3,197.9,196.2
ED-0085,1125,18:45,192.0,193.9,184.9,189.6,194.7,183.9,181.0,197.8,192.0,181.7,197.9,195.2
ED-0085,1126,18:46,192.3,194.4,186.2,189.8,194.7,183.6,181.4,197.6,192.4,182.3,198.0,196.5
ED-0085,1127,18:47,192.6,194.3,186.6,190.4,193.7,183.7,181.6,197.2,192.2,181.7,197.4,195.9
ED-0085,1128,18:48,193.1,194.2,185.4,189.8,195.0,183.9,182.3,197.1,192.1,181.3,198.9,196.0
ED-0085,1129,18:49,191.8,195.2,185.7,190.0,194.6,184.2,180.7,197.9,192.0,181.8,197.8,196.8
ED-0085,1130,18:50,192.9,194.8,186.7,190.2,195.2,184.1,182.8,198.1,192.1,181.1,198.2,196.6
ED-0085,1131,18:51,192.3,195.2,186.7,190.4,194.5,183.9,181.3,197.7,192.3,183.1,197.9,195.8
ED-0085,1132,18:52,193.1,195.0,185.7,189.7,195.2,184.7,181.7,197.9,192.7,182.6,198.3,196.1
ED-0085,1133,18:53,192.5,195.0,185.3,190.0,195.2,184.1,181.6,199.0,193.2,182.4,198.7,197.2
ED-0085,1134,18:54,192.5,195.0,186.7,190.1,195.3,184.4,181.2,197.7,193.3,180.9,197.0,196.4
ED-0085,1135,18:55,191.5,194.5,186.7,189.2,195.2,184.1,182.1,198.8,192.6,182.0,197.9,196.7
ED-0085,1136,18:56,193.9,195.3,186.5,191.1,195.3,184.5,182.2,198.5,193.1,181.9,199.2,198.3
ED-0085,1137,18:57,193.5,194.5,186.9,190.1,195.1,184.2,182.9,198.1,192.0,182.2,199.2,196.5
ED-0085,1138,18:58,192.4,195.3,185.6,189.7,195.1,185.0,181.9,199.1,191.9,182.4,197.9,197.5
ED-0085,1139,18:59,193.6,195.4,186.6,190.0,194.8,184.1,181.5,198.0,193.4,182.7,199.1,197.1
ED-0085,1140,19:00,193.6,195.0,186.1,190.8,195.6,184.0,182.0,199.0,192.9,182.0,199.2,196.9
ED-0085,1141,19:01,192.9,195.7,186.6,190.5,195.4,185.0,183.1,198.8,192.8,182.2,197.9,197.6
ED-0085,1142,19:02,193.4,195.0,186.7,190.5,196.2,183.9,182.5,198.7,193.5,181.9,198.9,197.7
ED-0085,1143,19:03,193.9,195.3,187.6,190.0,196.6,184.0,182.1,199.5,193.3,182.6,198.3,196.6
ED-0085,1144,19:04,193.3,195.4,186.2,190.4,196.1,184.8,183.7,199.5,192.6,182.5,198.9,197.2
ED-0085,1145,19:05,193.9,194.3,186.6,189.8,196.0,185.2,182.7,198.7,193.2,182.9,198.6,197.8
ED-0085,1146,19:06,193.1,194.9,186.4,190.2,195.9,185.0,182.0,198.3,193.0,182.7,199.6,197.8
ED-0085,1147,19:07,194.1,195.9,187.0,191.2,196.1,185.3,182.2,199.1,194.2,181.8,198.7,198.1
ED-0085,1148,19:08,194.0,195.7,187.1,190.9,196.6,184.1,183.4,199.4,194.1,182.2,198.7,197.3
ED-0085,1149,19:09,193.6,195.2,186.8,190.4,195.8,184.8,182.4,198.8,192.7,183.0,199.3,197.1
ED-0085,1150,19:10,194.6,195.5,186.9,191.6,196.6,185.3,181.5,199.0,194.0,182.6,199.1,197.1
ED-0085,1151,19:11,193.2,195.7,187.6,191.4,196.2,184.7,182.1,200.7,194.3,183.4,199.6,197.6
ED-0085,1152,19:12,194.5,195.7,186.5,191.3,195.8,185.6,183.4,199.3,193.5,184.1,199.0,199.0
ED-0085,1153,19:13,194.1,195.7,187.1,190.9,196.7,185.0,182.0,198.9,193.3,184.0,200.0,198.1
ED-0085,1154,19:14,193.9,196.3,187.0,190.2,196.1,186.2,183.8,200.0,193.2,183.1,199.8,197.3
ED-0085,1155,19:15,194.5,196.3,187.9,192.3,196.4,184.1,183.3,199.4,193.4,183.9,199.8,197.8
ED-0085,1156,19:16,194.0,196.1,187.6,192.1,197.6,185.3,182.4,200.7,193.5,182.8,199.1,197.8
ED-0085,1157,19:17,194.1,195.4,187.8,192.1,197.2,185.4,184.3,199.6,193.0,184.3,199.4,198.0
ED-0085,1158,19:18,194.0,196.7,188.4,191.8,196.7,186.1,183.1,200.3,194.3,184.1,199.2,198.2
ED-0085,1159,19:19,194.1,197.1,188.5,191.1,197.3,185.0,183.7,199.4,193.5,183.0,200.9,197.3
ED-0085,1160,19:20,195.0,196.2,188.4,191.8,196.5,185.9,184.7,199.6,194.5,183.1,200.1,198.0
ED-0085,1161,19:21,194.8,195.9,187.4,192.3,196.7,185.8,183.3,200.4,194.2,182.9,200.0,199.3
ED-0085,1162,19:22,193.9,196.4,188.0,191.0,196.2,186.3,183.8,199.3,195.1,184.4,199.8,199.5
ED-0085,1163,19:23,193.8,196.4,187.8,192.5,196.8,186.5,183.7,200.1,193.4,183.4,199.8,198.2
ED-0085,1164,19:24,194.0,196.4,187.8,191.8,197.3,186.6,182.9,200.0,194.1,183.7,199.6,197.6
ED-0085,1165,19:25,194.5,196.9,187.6,193.4,196.9,186.1,184.0,200.3,193.6,184.2,199.7,199.4
ED-0085,1166,19:26,193.6,196.8,188.5,191.8,196.4,186.0,183.4,200.3,194.2,183.9,200.9,198.3
ED-0085,1167,19:27,194.6,196.5,188.0,192.5,197.6,186.3,183.3,200.4,194.5,184.2,199.8,199.4
ED-0085,1168,19:28,195.7,196.2,187.9,192.3,197.3,186.6,184.0,200.4,194.5,184.1,200.2,199.2
ED-0085,1169,19:29,194.3,196.4,187.8,192.5,197.4,185.9,183.9,199.8,194.1,184.0,200.5,198.9
ED-0085,1170,19:30,195.2,196.2,188.2,193.3,197.3,186.9,184.4,199.8,195.6,183.7,200.1,198.9
ED-0085,1171,19:31,194.8,196.8,188.3,192.1,197.6,186.3,183.9,199.4,194.7,183.6,201.0,198.1
ED-0085,1172,19:32,195.1,196.5,188.9,192.8,197.9,186.4,183.8,201.0,194.9,184.1,200.3,198.9
ED-0085,1173,19:33,195.0,197.1,188.6,192.6,197.1,186.9,183.9,200.3,194.3,184.4,199.9,199.1
ED-0085,1174,19:34,195.4,197.6,189.5,193.0,197.5,187.5,184.0,201.5,195.6,184.1,200.6,199.4
ED-0085,1175,19:35,194.6,196.4,188.0,193.0,198.3,187.2,184.0,201.2,194.2,185.2,201.1,199.1
ED-0085,1176,19:36,194.8,196.0,189.2,192.4,197.4,186.3,184.7,200.6,195.1,184.1,200.6,199.9
ED-0085,1177,19:37,195.3,197.5,189.0,193.2,197.8,186.8,184.2,201.7,195.1,184.1,200.8,199.5
ED-0085,1178,19:38,195.6,197.8,190.0,192.9,197.9,187.1,184.9,201.3,195.6,184.8,200.3,199.5
ED-0085,1179,19:39,195.2,197.3,188.0,193.0,198.1,186.8,184.9,200.7,195.4,184.7,201.1,199.0
ED-0085,1180,19:40,195.6,196.2,188.7,191.7,198.3,187.2,184.7,201.7,195.5,184.9,200.7,199.7
ED-0085,1181,19:41,194.9,196.7,189.0,193.2,198.2,186.8,184.8,201.3,195.0,184.0,201.0,200.5
ED-0085,1182,19:42,194.8,197.7,188.6,193.6,197.4,186.6,184.0,200.9,196.3,184.3,200.8,200.3
ED-0085,1183,19:43,194.9,197.6,188.0,193.4,197.9,186.8,183.7,201.2,195.4,184.6,201.4,199.9
ED-0085,1184,19:44,195.8,198.0,189.6,193.3,198.9,187.1,184.7,201.5,195.6,185.3,200.4,199.3
ED-0085,1185,19:45,195.9,198.0,188.9,193.5,199.2,186.7,184.8,200.7,195.9,184.7,201.6,200.2
ED-0085,1186,19:46,196.2,198.0,188.9,194.3,198.2,186.8,184.2,201.3,195.0,184.2,202.2,200.0
ED-0085,1187,19:47,196.1,197.0,190.9,193.4,198.2,187.9,185.4,201.3,195.3,184.7,201.9,200.1
ED-0085,1188,19:48,195.8,198.6,190.4,193.6,198.3,187.1,184.9,201.5,195.6,184.6,201.8,199.4
ED-0085,1189,19:49,196.1,199.1,189.7,193.4,198.4,186.1,185.4,201.4,195.8,185.4,201.4,199.9
ED-0085,1190,19:50,196.1,198.2,190.1,193.4,198.4,187.4,185.3,201.6,196.2,186.1,201.4,200.5
ED-0085,1191,19:51,196.8,198.0,189.5,194.3,198.4,188.5,185.1,202.3,195.6,184.6,201.7,200.1
ED-0085,1192,19:52,196.6,198.2,189.5,194.2,198.6,187.0,185.0,201.7,195.8,185.8,201.5,199.4
ED-0085,1193,19:53,196.1,197.7,189.6,194.1,197.9,188.0,185.0,201.6,195.2,185.1,201.7,200.0
ED-0085,1194,19:54,196.8,197.5,189.3,194.6,198.2,187.5,186.3,201.1,195.9,185.4,202.0,200.5
ED-0085,1195,19:55,196.3,197.9,190.6,194.1,199.5,187.8,185.6,201.5,195.5,185.7,202.3,201.6
ED-0085,1196,19:56,196.7,199.2,189.7,193.9,198.7,187.1,185.7,201.9,196.3,185.6,202.1,201.0
ED-0085,1197,19:57,196.4,197.5,190.6,193.8,199.5,188.0,185.0,202.6,196.9,185.8,201.7,200.2
ED-0085,1198,19:58,197.3,198.8,190.5,193.3,199.8,187.0,186.0,201.9,196.8,185.5,201.7,200.6
ED-0085,1199,19:59,197.3,198.4,190.1,194.8,199.0,189.0,186.4,202.0,196.5,185.2,202.6,200.7
ED-0085,1200,20:00,196.0,197.8,189.8,194.1,199.3,188.2,185.8,202.6,196.7,185.5,202.3,201.1
ED-0085,1201,20:01,196.6,198.4,189.6,193.8,199.3,188.5,185.5,202.6,196.1,186.2,203.3,201.5
ED-0085,1202,20:02,196.1,198.3,190.2,193.2,199.4,188.1,186.6,201.9,196.6,186.0,201.3,201.3
ED-0085,1203,20:03,197.5,198.6,189.8,194.1,198.7,187.5,186.1,202.3,196.2,185.9,202.4,201.2
ED-0085,1204,20:04,196.9,199.0,190.4,194.2,199.8,188.6,185.7,203.0,195.8,186.3,201.9,200.4
ED-0085,1205,20:05,197.0,198.4,190.2,194.2,199.3,188.2,186.4,202.6,196.4,185.7,201.9,201.1
ED-0085,1206,20:06,196.1,198.7,191.0,193.4,198.9,187.6,185.7,202.3,195.8,186.6,203.5,200.0
ED-0085,1207,20:07,197.1,198.9,190.6,194.3,199.7,188.8,185.8,203.3,196.2,185.5,202.7,200.6
ED-0085,1208,20:08,196.0,198.8,190.1,194.0,200.1,187.8,186.5,202.4,197.2,185.8,202.2,200.5
ED-0085,1209,20:09,197.3,198.5,190.7,194.2,199.5,188.7,185.7,202.3,196.9,185.5,202.2,201.5
ED-0085,1210,20:10,197.6,198.1,190.5,194.4,200.3,188.5,187.4,202.2,197.5,186.7,202.0,200.5
ED-0085,1211,20:11,197.1,199.5,190.9,194.7,199.8,188.1,186.4,202.7,196.0,186.4,203.1,200.8
ED-0085,1212,20:12,196.9,199.2,190.3,194.6,200.6,189.0,187.1,203.3,196.5,186.4,202.6,201.5
ED-0085,1213,20:13,197.4,199.2,190.8,195.0,199.9,188.9,186.9,201.1,197.2,185.5,203.6,200.0
ED-0085,1214,20:14,197.8,199.8,190.5,194.6,199.8,188.9,186.3,203.2,197.5,186.7,202.5,202.1
ED-0085,1215,20:15,197.7,199.6,191.0,194.1,199.7,189.3,186.7,202.6,196.5,186.8,203.0,201.8
ED-0085,1216,20:16,197.6,199.7,190.3,194.3,200.2,188.8,187.5,203.3,196.7,186.1,203.3,201.3
ED-0085,1217,20:17,197.4,198.8,191.1,194.1,199.7,188.9,186.3,204.1,197.1,186.5,203.6,201.7
ED-0085,1218,20:18,197.9,199.5,190.6,195.5,200.1,188.9,186.1,203.0,197.1,187.4,202.3,201.5
ED-0085,1219,20:19,197.3,199.0,190.9,194.4,200.2,188.8,186.5,203.7,197.0,186.2,202.6,201.0
ED-0085,1220,20:20,197.9,199.7,191.7,194.8,200.5,190.0,186.1,203.2,197.0,185.0,203.1,202.1
ED-0085,1221,20:21,197.8,199.2,190.4,196.4,200.2,188.7,187.0,203.8,198.0,187.0,203.3,202.1
ED-0085,1222,20:22,198.6,200.2,190.6,195.5,199.7,188.9,186.5,203.0,196.7,186.6,202.4,201.2
ED-0085,1223,20:23,198.4,200.3,192.6,194.7,200.3,189.0,187.5,204.4,197.5,187.0,202.6,202.2
ED-0085,1224,20:24,197.6,200.0,192.5,196.2,200.9,189.3,186.3,203.9,197.2,188.4,203.5,201.8
ED-0085,1225,20:25,198.3,200.5,191.6,195.3,200.5,189.7,186.7,204.4,197.8,187.0,203.0,202.1
ED-0085,1226,20:26,198.4,200.3,191.8,196.5,200.4,188.3,187.6,203.9,197.8,186.2,203.7,202.6
ED-0085,1227,20:27,197.3,199.5,190.7,195.1,202.3,189.6,187.5,203.6,198.0,186.4,204.3,201.8
ED-0085,1228,20:28,197.6,200.3,189.9,195.8,200.4,189.5,187.6,203.8,198.3,186.8,204.0,202.7
ED-0085,1229,20:29,198.3,201.0,189.9,194.6,202.0,190.1,187.4,203.5,197.1,186.2,203.9,203.1
ED-0085,1230,20:30,198.4,201.2,190.8,196.6,201.5,190.1,187.9,204.2,198.0,186.3,203.1,202.2
ED-0085,1231,20:31,198.4,200.2,191.6,194.7,201.3,190.1,187.7,204.1,198.1,185.2,204.1,203.2
ED-0085,1232,20:32,199.5,199.0,190.9,195.1,201.0,189.6,187.0,203.7,199.5,186.5,202.9,202.1
ED-0085,1233,20:33,197.5,200.3,191.7,195.3,201.5,189.8,187.3,204.0,197.8,186.0,204.4,202.6
ED-0085,1234,20:34,198.4,201.6,191.2,194.9,200.9,189.9,187.6,204.4,197.4,186.3,203.6,202.6
ED-0085,1235,20:35,199.0,199.8,191.8,194.1,201.6,189.1,188.3,204.3,198.0,187.6,203.3,202.5
ED-0085,1236,20:36,197.5,199.6,190.0,196.3,201.0,189.4,187.7,203.6,197.8,188.0,203.7,202.8
ED-0085,1237,20:37,198.3,200.6,190.3,195.0,200.7,190.1,186.6,203.9,198.1,187.1,204.5,203.1
ED-0085,1238,20:38,199.0,200.4,189.9,195.5,201.8,190.5,188.1,205.1,196.7,188.1,205.4,203.5
ED-0085,1239,20:39,198.3,199.2,190.4,195.7,201.9,190.5,188.8,204.9,197.1,188.6,203.2,203.7
ED-0085,1240,20:40,200.0,200.8,190.2,193.9,201.6,190.5,188.3,205.0,197.5,186.2,203.0,202.7
ED-0085,1241,20:41,198.8,201.6,191.1,195.1,201.7,190.5,187.8,204.6,199.2,185.4,204.5,204.0
ED-0085,1242,20:42,199.3,199.3,191.2,195.6,201.1,190.2,188.0,204.7,198.7,186.2,203.5,202.9
ED-0085,1243,20:43,198.9,199.9,191.6,193.5,202.4,190.5,188.0,204.5,199.6,187.5,205.9,202.2
ED-0085,1244,20:44,199.9,199.6,192.2,196.6,202.4,189.8,188.1,205.2,197.8,187.0,203.4,202.7
ED-0085,1245,20:45,200.9,200.4,190.3,196.7,201.3,188.6,187.9,205.1,197.2,186.3,204.2,203.6
ED-0085,1246,20:46,198.9,199.6,191.4,195.6,202.8,190.0,187.8,204.8,199.9,185.0,204.7,202.4
ED-0085,1247,20:47,199.7,199.9,190.8,195.7,203.2,191.3,188.9,205.3,198.4,186.8,202.8,203.2
ED-0085,1248,20:48,200.7,200.2,190.8,194.2,202.0,191.2,188.3,205.7,198.5,186.1,203.2,203.3
ED-0085,1249,20:49,198.8,200.2,190.9,194.7,201.8,191.6,187.8,205.5,197.9,187.9,201.7,202.4
ED-0085,1250,20:50,199.4,199.3,189.4,194.8,201.4,191.5,188.0,205.9,199.4,187.4,204.6,204.1
ED-0085,1251,20:51,198.5,199.5,193.3,195.9,201.7,190.4,188.9,204.7,197.6,187.4,204.0,204.9
ED-0085,1252,20:52,200.2,200.1,190.7,195.8,202.1,190.3,187.1,205.6,196.8,184.6,203.6,203.5
ED-0085,1253,20:53,198.9,198.2,190.7,196.0,202.6,189.9,188.6,205.7,198.7,188.5,202.9,204.7
ED-0085,1254,20:54,199.1,200.0,192.3,195.0,202.2,190.0,188.9,204.9,198.1,185.7,202.7,204.7
ED-0085,1255,20:55,198.8,201.5,189.9,195.6,203.1,191.5,188.7,205.5,198.3,186.6,202.8,203.6
ED-0085,1256,20:56,199.8,200.3,190.8,195.5,202.3,190.7,188.6,206.6,198.0,186.1,203.5,204.8
ED-0085,1257,20:57,198.5,200.4,192.5,194.0,202.0,191.0,189.5,203.1,198.1,185.9,204.5,201.6
ED-0085,1258,20:58,198.7,199.7,191.6,194.0,201.8,190.9,189.2,206.8,199.1,185.2,204.3,203.2
ED-0085,1259,20:59,201.6,199.4,192.2,195.4,202.8,191.0,188.8,205.8,198.2,187.7,204.7,203.9
ED-0085,1260,21:00,199.5,199.4,190.7,195.8,202.2,192.4,188.7,204.5,198.4,186.1,203.3,204.0
ED-0085,1261,21:01,199.8,201.6,191.0,196.8,202.6,191.7,188.8,207.1,197.0,186.8,203.7,203.5
ED-0085,1262,21:02,199.7,199.6,189.7,195.4,203.2,192.0,189.1,204.2,198.1,186.4,202.9,204.9
ED-0085,1263,21:03,198.6,201.7,191.5,195.2,203.3,191.0,187.5,204.4,197.9,187.2,204.3,204.2
ED-0085,1264,21:04,198.9,200.3,190.9,194.2,203.8,191.4,190.2,205.1,197.1,187.3,203.7,203.1
ED-0085,1265,21:05,199.9,200.8,191.1,195.7,201.7,191.0,189.2,205.2,198.8,186.1,203.1,203.1
ED-0085,1266,21:06,199.5,199.8,194.1,194.3,201.8,190.9,189.6,205.1,198.0,187.4,202.5,202.9
ED-0085,1267,21:07,200.4,200.2,190.2,195.5,201.4,191.3,190.3,205.6,198.2,187.1,203.4,203.7
ED-0085,1268,21:08,200.0,199.5,191.6,193.5,203.2,191.8,188.5,204.1,198.5,185.9,204.2,203.4
ED-0085,1269,21:09,198.7,199.7,191.6,196.0,202.5,191.7,189.8,204.7,197.9,186.1,204.3,202.8
ED-0085,1270,21:10,198.4,200.3,192.3,195.3,201.7,190.8,189.3,205.7,197.9,187.7,204.1,202.1
ED-0085,1271,21:11,199.5,200.3,191.6,196.2,203.2,192.8,187.6,206.7,197.9,187.3,203.9,202.8
ED-0085,1272,21:12,198.9,199.7,191.1,194.8,202.7,191.9,189.4,205.7,200.1,187.9,204.3,202.9
ED-0085,1273,21:13,200.4,200.7,191.4,195.1,203.2,191.4,187.6,206.4,197.0,188.0,204.0,202.6
ED-0085,1274,21:14,199.6,200.9,192.6,194.5,203.2,192.0,189.0,204.6,196.5,187.5,203.8,203.0
ED-0085,1275,21:15,198.9,200.3,189.9,196.4,203.7,191.1,188.2,205.3,197.9,185.6,203.5,203.8
ED-0085,1276,21:16,200.7,200.5,191.7,195.1,203.0,191.4,189.1,206.0,196.5,187.1,205.7,200.9
ED-0085,1277,21:17,199.3,201.9,190.2,196.1,201.9,191.5,190.6,204.7,198.9,186.1,203.6,203.5
ED-0085,1278,21:18,199.3,197.7,190.5,193.8,202.3,191.4,189.1,204.9,197.7,187.3,203.6,205.0
ED-0085,1279,21:19,200.0,200.1,192.1,194.8,201.7,191.1,190.2,205.3,197.5,187.4,203.2,204.6
ED-0085,1280,21:20,198.6,199.7,190.9,195.5,201.8,191.3,189.4,204.6,198.6,186.7,203.6,203.0
ED-0085,1281,21:21,197.9,198.9,191.0,194.0,201.0,190.4,189.2,205.7,198.1,185.4,204.2,202.1
ED-0085,1282,21:22,198.7,199.8,191.6,194.9,201.3,191.2,189.6,204.1,198.1,187.2,204.5,205.2
ED-0085,1283,21:23,198.3,199.1,192.4,195.3,201.7,192.7,188.9,205.6,198.0,185.2,202.8,203.7
ED-0085,1284,21:24,199.9,199.0,192.1,194.4,202.0,189.8,189.7,206.3,200.0,185.9,203.6,204.2
ED-0085,1285,21:25,198.8,199.7,190.3,194.2,201.9,192.1,187.8,204.7,198.4,187.1,202.3,203.7
ED-0085,1286,21:26,198.7,199.0,190.8,195.3,202.6,192.3,189.2,206.2,198.9,187.0,204.8,202.4
ED-0085,1287,21:27,198.4,200.9,192.3,195.7,202.3,191.5,188.5,206.8,197.5,187.0,204.0,203.3
ED-0085,1288,21:28,199.1,200.0,191.8,195.3,201.5,192.7,188.7,206.3,198.8,187.3,204.9,204.8
ED-0085,1289,21:29,199.0,200.0,191.2,195.4,203.8,189.6,188.4,204.7,198.0,185.8,202.8,202.7
ED-0085,1290,21:30,199.4,199.9,191.7,195.5,204.0,191.7,189.2,207.6,198.0,186.8,203.5,204.6
ED-0085,1291,21:31,199.7,201.9,190.3,196.3,201.7,190.7,187.8,205.6,197.1,185.8,204.1,203.9
ED-0085,1292,21:32,198.6,200.5,190.5,195.3,201.9,189.8,189.5,206.3,199.6,186.7,206.2,204.8
ED-0085,1293,21:33,199.7,199.7,190.7,195.8,202.2,191.1,188.2,205.7,199.0,188.3,202.5,203.9
ED-0085,1294,21:34,199.9,198.3,191.8,197.0,202.9,191.8,189.4,205.7,197.4,186.8,204.5,205.4
ED-0085,1295,21:35,199.2,199.5,190.2,195.6,202.5,190.3,187.9,206.1,197.9,186.6,202.9,204.5
ED-0085,1296,21:36,199.2,200.0,191.9,195.7,202.5,191.4,188.0,206.1,198.6,186.6,204.4,202.9
ED-0085,1297,21:37,199.4,201.4,190.9,195.9,203.1,191.3,189.4,206.4,196.7,187.0,205.1,202.7
ED-0085,1298,21:38,199.9,201.3,191.4,196.7,202.6,190.7,188.6,204.7,198.0,187.6,205.5,203.4
ED-0085,1299,21:39,199.7,198.7,190.2,194.2,200.9,191.2,188.6,206.2,198.2,186.6,203.8,202.9
ED-0085,1300,21:40,198.6,200.1,190.0,194.3,202.5,190.7,187.9,207.2,196.5,187.9,204.6,205.1
ED-0085,1301,21:41,199.2,199.7,191.7,195.7,203.1,191.8,188.6,205.3,198.2,186.9,203.8,204.1
ED-0085,1302,21:42,198.4,199.6,191.2,196.2,202.6,191.6,188.4,205.1,198.5,185.6,204.1,202.3
ED-0085,1303,21:43,198.6,200.6,189.6,195.6,202.6,191.6,188.4,203.8,198.9,187.3,203.7,203.7
ED-0085,1304,21:44,198.7,198.1,191.0,195.5,202.6,191.1,188.2,205.9,197.2,186.7,203.2,203.7
ED-0085,1305,21:45,197.1,199.7,191.9,195.6,203.8,192.2,190.5,205.7,198.2,187.8,203.1,202.4
ED-0085,1306,21:46,200.7,200.6,191.2,195.2,202.2,193.0,188.3,204.8,197.5,187.0,204.7,202.5
ED-0085,1307,21:47,198.4,200.8,192.0,195.7,202.6,192.3,188.5,204.0,198.0,185.7,204.3,204.9
ED-0085,1308,21:48,199.7,199.5,190.9,195.6,201.7,192.6,188.7,205.5,197.5,185.8,203.1,204.1
ED-0085,1309,21:49,199.6,199.8,192.1,194.2,203.5,192.6,188.1,205.2,198.4,187.2,205.0,203.6
ED-0085,1310,21:50,199.4,200.0,191.0,195.0,203.0,190.2,189.9,205.7,199.4,186.7,205.2,204.8
ED-0085,1311,21:51,199.4,200.5,191.3,194.9,201.8,190.8,187.8,205.4,197.9,186.7,203.7,204.6
ED-0085,1312,21:52,198.2,200.9,191.8,195.6,203.1,192.6,187.4,205.2,198.1,186.9,203.1,202.8
ED-0085,1313,21:53,199.2,199.4,191.6,194.9,203.0,191.4,190.3,206.4,197.3,188.0,204.5,202.4
ED-0085,1314,21:54,198.8,199.8,191.6,197.2,200.9,192.8,188.8,205.3,199.8,187.5,203.6,203.3
ED-0085,1315,21:55,199.1,200.7,192.1,195.9,202.6,192.3,188.4,205.5,197.6,186.4,203.9,203.4
ED-0085,1316,21:56,199.9,199.3,191.9,196.4,200.9,190.5,187.2,204.9,198.3,185.8,203.1,202.7
ED-0085,1317,21:57,199.0,199.6,191.9,194.8,203.6,191.0,188.5,205.7,198.5,186.0,204.2,203.5
ED-0085,1318,21:58,197.5,200.9,190.8,194.7,201.4,190.4,187.7,206.5,197.5,187.5,203.7,202.6
ED-0085,1319,21:59,198.1,198.8,191.2,196.9,203.1,191.2,189.8,204.7,199.8,187.3,205.8,202.3
ED-0085,1320,22:00,198.9,200.5,191.2,196.1,200.9,190.4,189.6,207.6,197.6,187.5,204.8,204.5
ED-0085,1321,22:01,198.2,199.4,190.8,196.0,203.4,192.6,188.1,205.0,197.0,186.3,204.6,204.1
ED-0085,1322,22:02,198.3,200.9,191.8,195.1,202.6,192.3,189.8,206.3,197.8,186.5,203.6,203.8
ED-0085,1323,22:03,198.0,199.9,190.3,195.9,203.3,189.3,188.0,204.7,197.7,185.4,203.4,203.4
ED-0085,1324,22:04,199.5,199.5,191.5,195.1,201.8,191.9,190.7,204.1,197.6,186.8,203.9,205.0
ED-0085,1325,22:05,198.8,200.2,191.5,195.4,202.4,192.0,188.7,205.2,197.9,186.0,203.9,202.2
ED-0085,1326,22:06,200.9,200.1,190.5,193.9,204.1,191.0,190.3,205.0,197.4,186.8,204.6,203.9
ED-0085,1327,22:07,198.7,201.5,191.0,196.7,200.9,191.1,188.9,205.7,197.1,186.2,204.4,204.1
ED-0085,1328,22:08,197.0,199.0,191.4,194.2,201.6,191.5,190.1,205.7,199.0,186.4,203.1,202.6
ED-0085,1329,22:09,197.5,199.5,191.0,195.9,203.3,191.0,188.9,206.2,199.3,187.7,204.9,203.7
ED-0085,1330,22:10,198.6,200.7,190.4,195.2,205.1,191.3,189.3,206.7,195.9,186.6,203.1,203.9
ED-0085,1331,22:11,201.3,199.3,190.5,195.3,202.0,191.1,187.6,206.5,197.4,186.3,205.1,202.9
ED-0085,1332,22:12,199.1,198.9,190.5,196.3,202.3,190.4,188.9,204.5,199.6,186.4,202.6,203.7
ED-0085,1333,22:13,199.2,199.6,191.8,194.9,202.6,191.6,187.9,205.3,198.1,187.0,204.5,203.1
ED-0085,1334,22:14,199.7,201.0,193.6,195.2,201.0,190.6,189.0,205.5,197.6,185.6,204.8,203.5
ED-0085,1335,22:15,198.7,199.5,192.3,196.8,201.4,191.4,188.7,204.5,198.4,186.9,203.3,205.0
ED-0085,1336,22:16,199.1,198.4,191.4,196.7,202.2,191.1,189.8,205.8,197.0,185.8,204.4,201.4
ED-0085,1337,22:17,199.1,200.7,191.8,195.0,202.0,191.9,188.0,204.8,197.8,186.1,204.9,203.5
ED-0085,1338,22:18,199.9,199.2,191.7,196.4,204.1,191.9,190.3,205.8,198.2,187.2,203.5,203.4
ED-0085,1339,22:19,198.9,200.5,191.3,196.3,203.5,190.9,188.7,205.6,199.5,187.4,204.2,202.4
ED-0085,1340,22:20,199.1,201.5,191.8,195.1,202.0,192.2,189.5,204.3,198.2,184.6,203.8,202.9
ED-0085,1341,22:21,199.2,201.3,189.5,195.9,201.5,192.9,189.9,205.2,198.3,185.8,205.8,203.5
ED-0085,1342,22:22,200.6,199.6,192.5,195.3,203.9,191.3,189.4,204.7,199.1,185.6,203.6,203.8
ED-0085,1343,22:23,200.1,199.3,192.6,196.0,202.6,190.2,188.9,205.6,197.3,187.2,203.1,202.8
ED-0085,1344,22:24,197.9,199.3,190.1,196.2,201.7,193.0,187.0,203.8,197.0,187.8,203.5,203.3
ED-0085,1345,22:25,199.6,199.5,189.2,195.8,202.7,193.8,189.5,205.7,198.5,186.6,204.6,202.6
ED-0085,1346,22:26,199.9,199.4,192.9,195.2,202.0,191.3,189.4,204.2,198.3,185.9,204.7,204.6
ED-0085,1347,22:27,199.2,199.9,190.7,195.7,202.3,192.9,188.1,203.6,197.3,187.0,203.3,201.2
ED-0085,1348,22:28,199.5,198.3,191.6,196.7,202.2,192.1,188.1,205.6,197.7,186.9,203.3,203.5
ED-0085,1349,22:29,199.5,198.9,191.1,195.1,202.6,191.5,188.0,205.5,199.9,187.1,203.3,202.6
ED-0085,1350,22:30,198.9,198.7,192.2,194.9,202.9,191.8,189.5,206.6,199.3,186.8,205.2,204.5
ED-0085,1351,22:31,199.5,200.2,191.6,194.5,202.7,191.3,187.6,206.5,198.4,187.4,202.9,204.5
ED-0085,1352,22:32,198.7,201.6,191.4,195.4,202.7,190.4,189.7,206.2,198.0,187.1,204.1,204.5
ED-0085,1353,22:33,199.5,199.0,191.5,195.0,201.0,191.1,190.5,205.3,196.7,186.4,205.3,203.6
ED-0085,1354,22:34,197.8,200.2,191.8,196.3,202.5,192.8,188.7,206.1,197.5,184.9,203.4,203.4
ED-0085,1355,22:35,199.0,199.6,191.2,194.3,201.3,190.6,188.5,207.3,197.8,187.0,204.6,204.5
ED-0085,1356,22:36,199.2,199.3,192.4,195.1,201.0,192.3,188.8,204.6,198.2,185.1,203.2,202.4
ED-0085,1357,22:37,198.9,199.0,189.5,195.2,203.1,190.1,187.8,205.3,197.3,185.8,202.5,203.0
ED-0085,1358,22:38,200.7,200.0,191.6,194.3,202.2,191.0,189.9,206.2,199.2,187.3,203.6,204.0
ED-0085,1359,22:39,198.5,200.7,189.9,194.7,203.6,191.1,188.7,204.8,197.1,189.2,202.7,203.9
ED-0085,1360,22:40,198.9,199.3,191.6,195.5,201.7,192.2,188.2,205.8,196.7,186.8,203.0,203.3
ED-0085,1361,22:41,200.2,201.2,191.5,195.4,202.8,192.6,189.0,203.1,199.5,186.4,203.3,202.8
ED-0085,1362,22:42,200.1,200.3,191.5,194.9,202.4,192.7,188.0,205.4,197.9,188.6,204.0,202.6
ED-0085,1363,22:43,199.6,198.9,188.7,196.0,202.5,190.2,190.4,206.0,197.5,187.9,202.9,204.4
ED-0085,1364,22:44,198.0,200.1,191.1,194.3,203.6,190.8,189.7,205.3,198.7,187.4,204.9,202.9
ED-0085,1365,22:45,199.3,200.0,191.9,194.6,203.0,192.9,189.1,204.7,197.4,186.2,202.2,204.1
ED-0085,1366,22:46,200.3,200.1,191.9,195.9,201.9,191.9,188.9,205.6,198.3,187.6,202.1,202.3
ED-0085,1367,22:47,199.8,200.8,190.3,194.7,203.2,193.1,188.2,206.9,197.9,187.4,202.5,203.0
ED-0085,1368,22:48,199.2,200.6,191.1,195.5,202.8,191.8,189.3,203.8,197.3,187.7,203.6,205.1
ED-0085,1369,22:49,199.5,199.0,191.3,196.4,203.4,190.3,189.7,206.0,196.9,186.0,203.1,203.0
ED-0085,1370,22:50,198.8,201.5,190.5,195.5,201.7,190.8,188.1,204.9,196.8,186.6,204.0,203.5
ED-0085,1371,22:51,199.4,199.7,191.0,193.5,203.9,191.7,189.4,204.7,198.3,186.3,203.1,204.4
ED-0085,1372,22:52,199.5,199.0,190.5,195.7,201.8,193.5,189.0,205.8,198.2,186.4,204.2,202.8
ED-0085,1373,22:53,199.7,200.7,190.0,195.9,201.6,192.3,189.8,203.9,198.9,186.1,203.6,202.7
ED-0085,1374,22:54,199.3,200.1,190.6,195.3,202.9,192.4,189.0,205.8,199.8,186.5,203.9,201.9
ED-0085,1375,22:55,198.9,199.9,191.4,195.8,203.8,189.3,189.4,206.1,199.9,186.1,203.9,202.8
ED-0085,1376,22:56,201.0,199.0,190.4,195.5,201.8,191.4,189.7,205.1,197.2,185.4,203.3,202.8
ED-0085,1377,22:57,198.6,199.5,191.2,194.5,201.5,192.3,188.3,204.9,197.7,186.7,204.2,204.9
ED-0085,1378,22:58,198.0,199.7,190.3,195.6,203.6,190.9,189.2,205.4,197.4,188.4,202.9,203.0
ED-0085,1379,22:59,198.1,200.1,189.8,194.5,203.0,193.2,188.0,206.6,199.2,186.6,204.7,202.0
ED-0085,1380,23:00,198.2,200.0,192.1,194.8,203.4,192.6,190.2,205.7,197.2,187.3,205.2,202.8
ED-0085,1381,23:01,199.5,201.4,191.4,195.8,202.8,191.9,188.3,206.7,198.1,185.8,203.7,202.1
ED-0085,1382,23:02,199.3,199.1,192.0,196.0,201.0,192.1,189.4,207.1,197.8,187.8,205.5,204.1
ED-0085,1383,23:03,200.4,200.1,191.2,196.6,202.1,191.4,189.6,205.0,199.3,188.3,203.6,203.4
ED-0085,1384,23:04,200.2,199.7,191.1,194.7,201.7,191.4,189.3,205.6,198.8,187.0,202.2,204.3
ED-0085,1385,23:05,199.6,198.8,191.0,196.6,202.5,190.9,190.0,203.4,198.3,185.8,203.2,203.2
ED-0085,1386,23:06,198.2,201.1,191.3,195.3,202.6,192.2,188.3,206.0,197.2,186.9,202.5,203.7
ED-0085,1387,23:07,199.2,199.4,190.2,196.1,203.1,190.7,187.4,206.4,198.8,187.5,204.4,202.3
ED-0085,1388,23:08,198.4,201.2,191.5,195.3,202.9,192.2,186.8,205.9,198.6,185.9,203.6,204.6
ED-0085,1389,23:09,200.5,198.7,191.7,194.5,202.2,192.2,187.3,207.4,198.7,185.1,202.5,204.0
ED-0085,1390,23:10,199.1,200.6,189.3,194.9,202.3,190.2,190.2,206.5,197.3,186.1,203.0,203.7
ED-0085,1391,23:11,198.9,199.6,190.2,196.5,204.1,191.7,189.2,204.6,198.3,187.7,206.1,204.0
ED-0085,1392,23:12,199.4,201.5,190.6,195.8,200.6,190.7,188.4,204.4,197.4,188.5,203.5,205.6
ED-0085,1393,23:13,199.9,199.5,191.5,196.2,203.0,191.9,190.5,206.2,197.7,185.8,204.9,203.6
ED-0085,1394,23:14,198.7,199.1,191.5,193.6,202.0,191.3,189.1,205.8,197.2,186.9,202.0,204.6
ED-0085,1395,23:15,198.6,200.6,189.8,196.4,201.8,192.9,189.2,204.2,199.5,185.8,205.0,202.1
ED-0085,1396,23:16,199.1,200.9,190.3,196.6,202.3,192.4,188.0,204.8,196.9,186.4,204.5,203.0
ED-0085,1397,23:17,198.8,200.2,191.2,196.0,202.4,190.3,189.6,206.4,198.2,187.4,204.2,203.2
ED-0085,1398,23:18,198.7,199.4,190.9,194.1,202.7,191.5,187.9,204.9,199.3,186.8,203.4,202.0
ED-0085,1399,23:19,198.7,200.5,191.7,192.9,202.5,191.7,188.1,204.4,198.4,187.8,202.8,203.2
ED-0085,1400,23:20,199.7,201.1,190.6,195.5,203.8,190.7,188.3,206.8,198.7,186.6,204.2,202.2
ED-0085,1401,23:21,199.9,199.7,192.4,196.1,202.1,191.5,187.4,206.5,197.5,187.3,202.8,203.3
ED-0085,1402,23:22,199.1,199.2,191.2,198.5,202.2,191.6,187.4,204.7,198.2,185.8,203.0,204.5
ED-0085,1403,23:23,198.2,200.5,191.3,195.3,203.5,191.5,189.1,206.2,197.8,186.4,203.2,200.8
ED-0085,1404,23:24,199.4,200.5,191.5,195.3,202.4,191.8,190.5,205.4,198.5,187.0,203.3,203.4
ED-0085,1405,23:25,199.2,199.8,192.7,194.8,204.2,190.5,188.2,207.3,199.8,187.7,203.7,203.5
ED-0085,1406,23:26,199.2,201.1,192.1,195.4,203.6,190.9,188.6,205.0,197.9,186.1,204.2,202.8
ED-0085,1407,23:27,198.9,200.7,192.0,195.0,202.6,191.2,188.1,205.3,198.4,186.7,202.6,203.0
ED-0085,1408,23:28,200.9,199.8,190.5,193.8,203.2,191.1,189.0,204.9,197.2,186.6,205.6,203.0
ED-0085,1409,23:29,199.2,199.7,190.6,195.3,202.8,192.1,187.9,204.7,198.1,186.0,203.6,205.0
ED-0085,1410,23:30,201.1,199.7,190.6,195.5,202.6,192.6,188.9,206.6,197.6,186.8,203.3,204.0
ED-0085,1411,23:31,200.0,199.9,190.8,197.0,201.9,191.5,189.3,204.5,197.7,187.2,205.3,204.9
ED-0085,1412,23:32,198.6,200.0,190.1,195.9,202.2,191.2,188.5,205.6,196.1,185.4,205.3,202.1
ED-0085,1413,23:33,199.8,200.3,191.5,196.3,202.7,192.2,189.2,207.1,198.3,185.2,204.8,204.4
ED-0085,1414,23:34,198.9,200.9,191.1,193.5,200.3,190.8,190.3,205.7,197.7,186.1,205.1,204.7
ED-0085,1415,23:35,199.8,200.0,190.2,197.7,202.1,192.4,189.9,204.3,198.2,186.2,202.2,201.7
ED-0085,1416,23:36,197.9,200.7,190.4,196.1,202.8,193.0,189.7,206.1,198.4,187.1,204.8,202.7
ED-0085,1417,23:37,199.4,200.4,192.8,197.1,203.7,192.1,188.7,203.7,196.7,186.8,204.1,202.6
ED-0085,1418,23:38,198.7,199.2,192.3,196.8,202.8,193.0,189.0,205.5,198.2,186.7,204.2,203.4
ED-0085,1419,23:39,199.9,200.0,191.1,196.4,202.7,191.0,187.8,205.2,198.1,187.4,204.1,204.6
ED-0085,1420,23:40,197.6,200.5,190.3,195.7,201.9,191.2,189.4,205.6,198.1,187.6,203.9,203.2
ED-0085,1421,23:41,199.1,199.9,190.9,195.1,202.2,192.8,189.2,206.0,197.6,184.1,203.5,204.6
ED-0085,1422,23:42,199.3,199.5,191.2,196.5,203.0,191.2,188.8,205.8,195.9,188.1,204.8,203.5
ED-0085,1423,23:43,197.4,200.1,190.9,195.6,201.0,191.6,189.4,205.0,197.2,187.1,204.3,203.3
ED-0085,1424,23:44,199.6,200.8,190.1,195.8,202.3,190.6,190.0,205.9,199.0,186.6,203.8,202.8
ED-0085,1425,23:45,195.9,199.7,191.5,194.7,202.3,190.4,189.6,205.2,198.3,187.2,203.4,203.2
ED-0085,1426,23:46,199.0,201.5,190.9,194.2,201.8,191.0,189.0,205.2,198.1,186.5,202.9,203.2
ED-0085,1427,23:47,198.8,199.1,190.9,196.8,201.5,191.3,188.1,207.1,199.0,187.0,204.6,202.8
ED-0085,1428,23:48,199.4,200.7,191.8,195.2,204.3,190.5,188.0,206.7,198.0,187.0,204.0,203.0
ED-0085,1429,23:49,199.1,201.2,191.2,194.8,201.0,191.5,188.8,205.2,197.3,187.1,203.9,203.3
ED-0085,1430,23:50,199.4,199.9,192.1,195.6,203.3,191.0,188.9,205.6,197.5,187.5,203.4,202.4
ED-0085,1431,23:51,201.1,199.8,191.2,195.5,202.9,191.8,188.7,206.2,198.5,186.9,205.1,202.8
ED-0085,1432,23:52,199.3,201.0,189.6,193.4,204.4,190.9,189.5,206.3,198.7,186.2,204.7,202.9
ED-0085,1433,23:53,200.3,199.2,190.5,194.6,203.5,190.1,189.5,206.2,197.3,187.1,204.7,205.0
ED-0085,1434,23:54,199.1,199.4,190.9,196.0,203.0,192.4,188.6,206.5,197.7,187.2,203.2,204.1
ED-0085,1435,23:55,199.0,199.7,190.7,194.1,201.3,191.5,188.8,205.4,197.8,186.9,205.3,202.6
ED-0085,1436,23:56,199.5,200.2,190.8,196.7,202.0,190.7,188.8,204.7,197.7,185.8,203.3,204.1
ED-0085,1437,23:57,197.8,201.5,189.8,196.6,203.7,191.9,189.2,205.2,197.9,185.7,205.5,203.9
ED-0085,1438,23:58,199.5,199.6,190.8,196.9,202.2,192.2,188.4,203.9,196.7,186.4,204.1,204.3
ED-0085,1439,23:59,197.1,200.6,191.1,195.2,202.2,191.0,187.3,205.7,198.7,186.8,203.7,203.4
ED-0085,1440,24:00,199.0,199.7,190.5,194.1,202.1,192.6,188.7,205.3,196.7,186.2,204.5,203.1
ED-0085,1441,24:01,200.0,198.9,189.9,195.0,202.5,191.1,190.5,205.1,197.2,186.2,205.4,204.2
ED-0085,1442,24:02,198.2,199.8,192.1,195.4,202.4,190.9,188.8,205.5,198.9,186.4,203.3,203.4
ED-0085,1443,24:03,198.9,201.2,191.5,196.1,202.6,191.0,187.7,205.9,196.8,186.4,204.9,204.9
ED-0085,1444,24:04,199.0,200.5,189.6,195.5,203.2,191.5,190.2,203.8,197.6,186.9,204.5,203.5
ED-0085,1445,24:05,196.7,200.2,191.0,195.4,201.8,190.1,190.3,205.7,200.2,186.5,204.2,202.5
ED-0085,1446,24:06,199.3,200.1,191.9,195.2,201.9,192.1,188.1,206.2,198.1,185.6,204.5,203.2
ED-0085,1447,24:07,197.8,200.3,190.3,196.4,202.6,193.6,187.7,204.1,198.1,186.7,203.4,203.5
ED-0085,1448,24:08,198.7,200.6,190.7,194.4,202.3,192.6,189.8,204.2,198.1,185.8,203.8,203.3
ED-0085,1449,24:09,198.6,199.2,190.7,196.4,201.3,192.4,188.3,206.0,197.2,186.2,204.0,203.2
ED-0085,1450,24:10,199.8,199.6,190.2,195.3,201.3,191.4,188.3,205.0,196.4,185.5,203.3,202.7
ED-0085,1451,24:11,199.3,199.7,190.7,196.3,201.4,191.4,190.3,205.7,198.7,186.9,203.7,204.2
ED-0085,1452,24:12,200.7,198.1,191.7,195.8,201.7,189.7,190.3,203.7,197.6,187.6,205.9,202.3
ED-0085,1453,24:13,198.9,199.8,190.7,196.2,201.7,191.1,189.7,205.3,198.3,186.4,204.2,202.1
ED-0085,1454,24:14,198.1,200.3,189.8,195.3,201.3,190.9,189.6,206.1,197.7,187.1,204.0,203.7
ED-0085,1455,24:15,197.6,200.5,191.0,194.9,203.0,190.4,189.4,205.7,200.0,186.2,203.0,203.1
ED-0085,1456,24:16,199.7,199.8,190.6,195.0,201.7,191.8,188.1,204.0,198.0,186.9,204.5,205.6
ED-0085,1457,24:17,198.0,201.1,190.6,196.6,202.7,191.4,188.7,206.5,198.8,186.5,204.1,203.8
ED-0085,1458,24:18,199.9,199.7,193.1,195.4,203.0,192.1,189.5,205.0,197.5,186.6,204.9,203.3
ED-0085,1459,24:19,200.4,201.1,191.2,195.0,203.3,191.0,189.1,205.6,197.9,186.9,204.1,202.8
ED-0085,1460,24:20,197.4,200.5,189.8,194.3,202.8,191.6,190.3,203.8,197.7,188.2,204.7,204.8
ED-0085,1461,24:21,199.6,201.6,190.6,194.8,202.7,190.4,189.5,206.7,198.0,187.0,204.4,203.2
ED-0085,1462,24:22,199.6,199.4,192.2,194.4,202.2,191.9,188.7,207.4,197.3,187.0,204.0,201.8
ED-0085,1463,24:23,200.9,201.2,192.6,196.1,203.5,190.7,187.6,206.4,198.6,186.2,203.1,203.3
ED-0085,1464,24:24,198.6,198.9,191.3,194.1,202.8,190.7,187.8,205.6,198.8,186.3,203.0,203.9
ED-0085,1465,24:25,199.0,199.4,191.8,194.4,202.2,190.6,188.0,205.4,197.7,187.8,203.2,203.3
ED-0085,1466,24:26,199.5,200.2,191.7,195.9,202.5,190.6,188.6,205.5,198.1,185.4,205.0,203.4
ED-0085,1467,24:27,198.2,199.7,189.0,195.7,202.5,192.4,190.1,205.0,197.2,186.5,205.6,204.0
ED-0085,1468,24:28,197.1,199.8,192.0,195.2,202.8,191.6,187.7,205.2,197.3,185.5,201.8,203.3
ED-0085,1469,24:29,199.8,200.2,191.5,195.2,202.4,191.2,189.7,205.3,199.0,186.4,203.3,203.8
ED-0085,1470,24:30,198.3,199.1,190.7,195.7,202.6,191.4,189.6,204.4,198.0,186.9,203.6,203.2
ED-0085,1471,24:31,199.0,199.5,192.5,194.1,202.5,191.0,187.6,204.8,198.1,185.8,203.4,204.4
ED-0085,1472,24:32,200.5,198.5,190.9,194.7,203.7,191.0,189.5,206.0,199.6,187.0,203.7,203.2
ED-0085,1473,24:33,197.1,199.1,192.4,195.0,201.3,192.6,190.5,205.1,197.9,186.5,203.7,204.6
ED-0085,1474,24:34,197.9,200.2,191.6,195.2,203.2,191.6,187.6,206.3,195.9,187.1,203.5,204.2
ED-0085,1475,24:35,199.0,199.1,191.0,195.3,202.5,192.4,189.3,205.2,198.2,186.8,204.0,205.2
ED-0085,1476,24:36,199.4,200.8,191.1,193.8,202.5,190.0,186.9,206.5,198.2,188.2,203.6,204.2
ED-0085,1477,24:37,198.1,200.2,191.5,195.3,202.5,192.9,188.6,204.6,199.6,186.8,205.2,203.7
ED-0085,1478,24:38,197.6,199.1,190.1,194.6,203.8,192.4,189.3,204.9,198.3,184.7,204.4,202.7
ED-0085,1479,24:39,199.8,200.4,191.3,195.5,203.1,190.9,188.8,204.9,197.7,186.5,204.1,204.7
ED-0085,1480,24:40,198.9,199.8,190.6,196.1,202.2,192.5,188.1,205.0,197.4,188.2,203.7,203.2
ED-0085,1481,24:41,198.6,201.1,190.5,195.3,203.2,191.9,188.5,205.9,198.7,186.3,203.6,203.8
ED-0085,1482,24:42,199.5,201.6,189.5,195.3,202.4,191.4,189.7,206.4,196.3,186.7,203.9,202.9
ED-0085,1483,24:43,200.2,198.2,192.3,195.3,204.3,191.5,188.6,203.4,198.3,186.3,204.6,203.4
ED-0085,1484,24:44,198.8,200.7,192.2,194.7,202.9,192.2,190.1,206.3,197.8,187.4,204.2,204.6
ED-0085,1485,24:45,197.3,200.3,191.5,196.0,203.3,191.6,189.6,206.4,197.8,187.6,204.5,204.6
ED-0085,1486,24:46,199.8,200.2,192.0,195.5,202.6,190.4,189.7,205.5,198.7,186.6,203.8,204.3
ED-0085,1487,24:47,200.0,199.4,190.0,195.2,202.1,191.3,188.3,207.5,198.2,186.6,203.8,202.7
ED-0085,1488,24:48,199.2,198.9,191.2,193.9,203.1,191.9,188.2,205.2,198.9,187.2,203.5,203.8
ED-0085,1489,24:49,199.7,199.8,191.5,195.2,204.5,191.3,187.6,206.8,197.9,189.0,203.8,203.6
ED-0085,1490,24:50,199.3,199.1,191.3,195.1,202.5,192.4,190.0,205.8,198.1,187.2,204.3,203.8
ED-0085,1491,24:51,198.5,199.7,190.9,196.6,202.0,192.7,189.0,205.0,198.0,185.6,204.8,203.7
ED-0085,1492,24:52,201.2,199.1,191.6,195.8,203.1,192.7,187.3,206.8,197.3,187.3,203.9,202.6
ED-0085,1493,24:53,199.8,201.0,189.9,196.1,202.0,192.3,187.7,205.2,199.8,187.6,203.7,203.6
ED-0085,1494,24:54,199.1,199.8,191.7,195.8,200.5,191.0,187.9,205.2,198.3,187.0,203.8,203.2
ED-0085,1495,24:55,199.2,200.1,189.7,195.6,202.8,192.5,189.6,204.5,198.8,185.5,202.7,203.0
ED-0085,1496,24:56,199.1,200.6,190.1,194.5,203.2,189.4,190.3,205.6,197.3,186.0,203.8,202.7
ED-0085,1497,24:57,198.4,200.0,190.3,194.0,202.7,190.4,188.3,205.8,197.2,187.2,205.1,204.1
ED-0085,1498,24:58,197.6,199.9,191.2,195.6,202.2,191.3,187.5,205.8,196.6,185.8,204.2,205.1
ED-0085,1499,24:59,198.7,199.5,192.0,194.7,202.7,191.3,188.8,206.5,197.2,187.6,203.7,203.2
ED-0085,1500,25:00,198.5,201.0,191.7,195.2,202.8,192.8,189.1,204.1,198.1,187.5,204.3,202.9
ED-0085,1501,25:01,198.2,199.6,190.6,195.4,203.0,192.4,190.0,206.1,200.0,186.3,203.3,204.2
ED-0085,1502,25:02,198.7,200.2,191.3,196.8,202.6,191.6,189.8,206.3,197.8,186.3,203.2,202.8
ED-0085,1503,25:03,199.0,199.7,191.0,194.8,201.2,190.3,190.1,205.3,197.8,186.6,204.3,201.9
ED-0085,1504,25:04,198.4,199.7,189.5,194.1,201.4,190.9,188.4,204.9,199.7,185.8,205.3,204.7
ED-0085,1505,25:05,198.3,201.0,189.7,194.9,203.0,192.1,189.1,207.2,197.4,186.2,203.9,203.5
ED-0085,1506,25:06,199.5,198.2,190.9,196.5,202.0,191.9,188.8,206.1,199.8,187.6,204.1,203.0
ED-0085,1507,25:07,199.2,200.1,191.4,193.8,203.6,190.1,189.5,204.5,198.7,186.7,203.1,203.7
ED-0085,1508,25:08,199.1,199.3,190.8,194.6,202.3,191.7,189.8,204.6,197.1,186.6,204.6,202.6
ED-0085,1509,25:09,198.1,199.6,191.0,195.2,202.7,191.0,187.9,205.6,197.8,186.2,205.8,203.7
ED-0085,1510,25:10,199.6,200.1,190.9,195.3,203.5,190.8,187.8,207.3,198.5,186.1,204.2,204.3
ED-0085,1511,25:11,200.4,200.5,189.4,194.6,201.3,191.6,187.5,204.8,198.6,187.5,203.3,203.9
ED-0085,1512,25:12,199.2,200.9,192.1,196.5,201.5,192.7,190.1,207.5,198.8,185.6,204.2,202.8
ED-0085,1513,25:13,199.7,199.7,191.0,195.3,203.1,191.6,188.3,207.2,198.1,187.5,204.1,202.3
ED-0085,1514,25:14,199.4,200.2,190.5,195.2,201.9,191.8,189.2,206.2,198.8,187.9,204.5,204.2
ED-0085,1515,25:15,199.2,200.5,192.1,196.5,201.8,191.4,189.1,205.5,198.6,187.6,205.1,205.3
ED-0085,1516,25:16,199.4,199.2,192.2,195.7,202.3,191.2,188.6,206.0,198.2,185.7,204.3,203.8
ED-0085,1517,25:17,198.5,200.0,190.7,196.1,202.4,192.4,187.4,204.7,198.1,187.8,203.6,203.2
ED-0085,1518,25:18,198.5,201.2,190.9,194.6,202.2,191.8,188.6,205.1,197.6,185.3,203.5,202.0
ED-0085,1519,25:19,199.8,199.8,191.8,196.5,203.5,192.6,188.9,205.4,198.2,186.4,204.4,202.3
ED-0085,1520,25:20,199.6,199.9,190.9,195.8,202.5,192.9,186.8,206.3,200.0,186.5,203.8,204.0
ED-0085,1521,25:21,197.9,200.3,191.8,194.1,204.1,191.4,189.6,205.4,197.1,187.2,203.8,204.0
ED-0085,1522,25:22,199.3,199.1,190.5,195.9,201.6,192.1,188.4,205.8,197.3,186.4,204.6,204.1
ED-0085,1523,25:23,199.4,198.7,190.5,196.3,204.5,189.9,188.6,205.1,199.2,186.3,204.1,203.5
ED-0085,1524,25:24,200.9,199.5,192.1,195.4,202.0,191.6,187.8,205.4,200.0,187.6,204.7,202.4
ED-0085,1525,25:25,200.0,200.2,191.1,197.4,202.6,190.1,189.4,204.9,198.7,187.9,203.4,203.8
ED-0085,1526,25:26,199.5,200.1,190.9,196.0,202.5,190.5,190.3,205.3,198.8,187.3,204.1,202.7
ED-0085,1527,25:27,199.8,199.3,191.9,194.7,202.7,192.7,188.7,205.1,197.4,187.1,203.1,203.5
ED-0085,1528,25:28,199.0,199.5,193.6,195.6,203.7,192.2,190.6,205.3,198.7,185.9,203.6,204.2
ED-0085,1529,25:29,198.0,200.5,193.0,195.3,203.3,192.3,188.9,205.0,197.9,187.5,202.8,203.5
ED-0085,1530,25:30,200.8,202.1,192.5,193.3,203.4,192.2,190.0,205.8,198.0,185.5,203.9,204.0
ED-0085,1531,25:31,199.4,199.4,190.7,194.8,202.7,192.7,186.9,204.5,198.8,185.7,203.9,204.2
ED-0085,1532,25:32,198.5,199.6,190.7,194.8,202.3,191.0,188.8,205.5,198.2,186.1,204.6,201.8
ED-0085,1533,25:33,199.0,199.3,191.2,196.5,202.4,192.9,189.4,205.8,198.3,185.5,204.7,203.0
ED-0085,1534,25:34,199.0,200.6,190.7,196.0,202.1,192.0,188.6,205.5,197.8,186.9,204.8,202.5
ED-0085,1535,25:35,199.9,200.3,190.9,195.4,203.3,191.8,187.9,205.4,197.1,187.2,204.1,203.4
ED-0085,1536,25:36,195.8,199.0,191.7,196.2,202.0,191.1,190.0,205.4,197.3,186.1,204.7,203.2
ED-0085,1537,25:37,199.5,200.7,191.4,195.1,202.5,191.4,190.8,206.8,197.8,186.7,204.0,204.5
ED-0085,1538,25:38,199.4,200.6,190.9,195.7,203.9,191.2,189.3,206.0,197.1,185.2,204.0,204.0
ED-0085,1539,25:39,200.4,200.5,190.3,193.7,201.9,190.4,188.8,206.0,198.5,186.0,204.5,203.1
ED-0085,1540,25:40,199.2,199.8,191.6,194.7,202.5,192.8,189.4,205.4,199.2,187.3,204.2,203.4
ED-0085,1541,25:41,199.3,198.9,191.4,193.9,202.6,190.0,188.5,204.9,197.2,188.3,203.0,203.4
ED-0085,1542,25:42,199.4,200.8,191.2,196.3,203.5,191.8,190.1,205.7,198.3,186.8,204.2,205.2
ED-0085,1543,25:43,198.0,200.2,189.1,194.4,204.2,191.7,189.8,206.5,197.3,188.5,203.2,203.2
ED-0085,1544,25:44,198.3,201.5,192.2,195.2,202.3,191.0,188.2,206.9,198.3,186.9,204.5,203.8
ED-0085,1545,25:45,197.6,200.7,191.0,194.1,203.3,192.3,190.4,204.9,198.6,187.5,204.1,203.1
ED-0085,1546,25:46,198.5,200.4,191.3,196.1,204.6,192.9,190.2,204.1,197.2,186.9,202.7,203.4
ED-0085,1547,25:47,199.7,199.8,191.6,195.6,203.1,189.2,190.0,205.4,198.4,186.1,204.7,203.2
ED-0085,1548,25:48,199.8,200.4,191.1,194.6,202.2,191.3,188.1,205.4,198.1,185.2,203.1,202.6
ED-0085,1549,25:49,201.6,198.2,191.4,195.0,203.4,191.7,188.2,205.4,197.4,186.7,202.7,203.2
ED-0085,1550,25:50,198.0,199.6,191.8,195.5,202.8,190.5,188.9,205.7,196.5,186.2,204.6,203.8
ED-0085,1551,25:51,199.0,199.8,190.4,195.3,203.3,193.2,188.0,205.1,198.5,187.1,204.7,204.1
ED-0085,1552,25:52,199.4,200.1,190.9,195.6,203.4,192.0,187.4,205.9,197.2,187.4,204.7,203.5
ED-0085,1553,25:53,199.1,200.1,192.4,195.3,201.3,188.7,188.4,205.9,199.7,186.4,206.1,203.3
ED-0085,1554,25:54,199.1,200.5,190.3,194.2,202.3,191.5,187.7,206.3,195.8,185.3,204.3,202.2
ED-0085,1555,25:55,198.6,201.2,190.8,194.2,202.2,192.9,191.1,204.9,199.8,185.0,205.1,202.9
ED-0085,1556,25:56,198.7,200.8,192.8,195.6,203.9,191.3,188.4,205.9,199.0,185.8,202.7,203.1
ED-0085,1557,25:57,199.3,200.3,190.8,196.3,202.4,191.7,189.5,205.3,197.3,186.1,205.0,202.8
ED-0085,1558,25:58,200.5,201.9,191.1,195.8,203.7,191.5,188.6,205.2,199.2,186.9,202.8,204.4
ED-0085,1559,25:59,199.2,200.1,190.0,194.3,203.0,191.2,191.5,205.7,196.9,186.2,205.4,204.0
ED-0085,1560,26:00,198.6,200.4,191.0,195.8,202.6,192.8,187.6,204.9,198.0,186.9,203.7,204.7
ED-0085,1561,26:01,197.8,199.6,191.4,196.0,201.4,190.3,190.2,206.5,198.4,185.9,203.1,203.4
ED-0085,1562,26:02,199.3,200.3,192.2,196.4,203.3,192.6,189.5,204.7,199.4,186.7,205.3,203.0
ED-0085,1563,26:03,199.9,200.1,191.2,194.2,202.7,191.7,188.1,206.2,198.3,186.5,203.4,204.7
ED-0085,1564,26:04,198.7,199.5,191.2,196.4,201.6,191.3,189.0,205.3,197.3,187.1,202.5,204.3
ED-0085,1565,26:05,200.3,200.1,191.4,195.4,202.4,190.9,189.4,204.0,197.1,188.1,203.7,203.6
ED-0085,1566,26:06,199.1,200.4,191.2,196.2,203.9,190.8,188.8,206.7,198.7,185.4,203.6,204.3
ED-0085,1567,26:07,198.8,199.4,191.7,196.8,203.2,190.4,188.5,206.7,198.1,187.8,204.4,203.0
ED-0085,1568,26:08,200.3,199.8,190.1,195.0,200.8,192.6,187.7,204.3,197.4,187.5,204.2,205.1
ED-0085,1569,26:09,199.6,199.8,190.3,195.1,203.4,190.2,190.9,205.7,198.0,187.3,203.7,203.3
ED-0085,1570,26:10,199.2,198.5,192.4,196.0,201.2,191.7,189.2,202.9,199.4,186.6,202.7,204.3
ED-0085,1571,26:11,199.7,198.9,190.3,196.1,201.9,191.0,188.3,203.4,198.5,185.5,203.0,203.3
ED-0085,1572,26:12,200.0,200.9,191.2,195.4,202.0,191.7,188.5,204.8,196.6,186.5,203.2,204.2
ED-0085,1573,26:13,198.4,200.2,191.2,196.6,201.8,191.6,187.4,205.2,197.0,187.6,203.4,203.0
ED-0085,1574,26:14,198.9,198.6,190.3,196.2,203.0,191.7,187.3,205.9,198.0,186.6,204.6,204.7
ED-0085,1575,26:15,198.7,199.1,190.8,195.5,203.0,192.0,189.3,206.0,197.6,184.0,204.9,204.5
ED-0085,1576,26:16,201.1,200.9,191.5,194.6,202.2,191.5,187.0,205.8,198.3,186.7,204.6,203.7
ED-0085,1577,26:17,199.0,201.1,191.0,196.1,202.2,191.1,188.9,206.2,198.2,186.5,202.6,203.7
ED-0085,1578,26:18,199.6,200.5,192.0,196.4,204.9,192.2,188.9,204.4,197.7,185.4,204.8,204.1
ED-0085,1579,26:19,199.7,201.9,192.8,194.3,200.8,191.3,188.7,204.0,199.4,186.3,203.4,202.5
ED-0085,1580,26:20,198.7,202.3,191.0,196.5,201.8,191.7,189.4,204.5,196.4,188.4,203.3,202.5
ED-0085,1581,26:21,199.5,199.3,191.9,194.9,202.7,190.1,189.3,207.6,198.9,186.6,203.4,203.5
ED-0085,1582,26:22,199.0,200.1,191.1,194.2,203.6,191.2,189.2,204.3,197.0,187.8,205.3,203.7
ED-0085,1583,26:23,200.1,200.6,191.5,195.6,201.3,191.7,189.8,204.6,197.6,188.4,203.6,202.4
ED-0085,1584,26:24,199.3,200.6,191.3,196.1,201.8,190.8,189.5,205.7,197.3,186.8,205.1,204.4
ED-0085,1585,26:25,199.3,200.8,193.9,194.6,202.2,191.1,189.4,205.2,195.9,186.9,204.2,201.6
ED-0085,1586,26:26,198.9,200.4,190.4,195.4,201.8,191.5,187.7,206.2,198.9,186.8,203.6,201.7
ED-0085,1587,26:27,201.2,201.7,191.4,194.8,203.2,191.8,192.5,204.4,197.9,186.2,204.4,202.3
ED-0085,1588,26:28,198.2,199.1,191.8,194.5,202.1,190.0,188.4,205.0,199.8,185.7,202.7,202.3
ED-0085,1589,26:29,198.4,200.6,191.7,195.9,203.5,190.8,190.0,205.6,199.4,186.0,203.2,202.2
ED-0085,1590,26:30,198.1,199.8,190.3,195.1,203.7,191.6,189.2,207.1,196.9,186.1,204.0,202.3
ED-0085,1591,26:31,198.4,200.9,190.2,194.7,203.8,191.7,189.3,205.8,197.4,188.1,204.8,201.7
ED-0085,1592,26:32,199.3,200.1,192.1,194.2,202.6,191.0,189.0,205.3,199.2,185.8,203.6,203.0
ED-0085,1593,26:33,200.5,200.9,191.4,194.7,201.5,192.5,189.7,205.5,198.6,187.6,204.1,203.6
ED-0085,1594,26:34,200.5,199.0,190.2,196.7,201.8,191.7,187.4,205.0,197.6,185.9,202.4,203.4
ED-0085,1595,26:35,199.3,200.9,191.0,195.1,203.3,190.2,189.7,206.5,196.8,185.6,204.7,203.8
ED-0085,1596,26:36,198.5,200.7,191.2,196.0,202.0,191.4,189.8,204.4,197.8,187.1,204.3,204.1
ED-0085,1597,26:37,199.6,199.3,190.8,195.9,201.9,190.7,189.9,204.0,196.9,186.6,203.8,204.1
ED-0085,1598,26:38,198.7,200.0,191.4,194.9,201.6,191.6,189.4,205.6,196.2,187.5,203.1,204.2
ED-0085,1599,26:39,199.7,201.0,190.0,194.9,202.4,191.0,189.4,206.9,199.7,188.0,203.5,201.9
ED-0085,1600,26:40,199.5,200.2,190.0,194.6,203.2,190.4,189.7,205.7,197.9,187.8,203.5,203.5
ED-0085,1601,26:41,198.6,199.9,192.4,195.4,203.2,190.3,190.1,203.7,197.3,187.2,204.6,203.8
ED-0085,1602,26:42,200.7,199.6,191.6,194.5,203.9,193.3,190.6,205.4,196.6,186.3,203.0,203.9
ED-0085,1603,26:43,199.1,200.0,191.1,194.8,203.3,191.9,188.2,206.5,196.9,187.3,204.9,203.0
ED-0085,1604,26:44,200.9,199.9,190.4,194.9,202.0,191.4,190.3,206.4,196.4,187.7,203.6,203.8
ED-0085,1605,26:45,197.3,201.6,190.2,197.2,202.8,190.8,189.3,205.9,198.4,185.6,204.0,203.0
ED-0085,1606,26:46,199.1,200.0,190.4,196.1,201.9,191.0,187.2,204.9,197.8,186.7,203.7,203.6
ED-0085,1607,26:47,198.6,200.5,192.3,195.2,202.7,191.8,190.5,204.1,198.1,186.3,202.8,204.4
ED-0085,1608,26:48,198.4,199.7,190.9,196.5,202.3,192.1,189.7,204.5,198.0,186.5,203.6,203.6
ED-0085,1609,26:49,199.2,198.0,192.6,194.9,204.3,191.8,188.7,206.2,199.0,186.7,203.2,203.7
ED-0085,1610,26:50,199.7,200.1,190.2,195.2,202.7,192.1,188.5,205.0,198.7,186.4,203.5,202.6
ED-0085,1611,26:51,198.9,199.3,191.8,196.1,202.2,193.1,189.8,205.2,198.1,186.2,203.8,203.9
ED-0085,1612,26:52,199.7,199.4,192.0,194.4,203.1,191.9,188.4,206.8,197.5,186.2,205.4,204.9
ED-0085,1613,26:53,198.0,201.7,190.4,195.1,201.8,192.3,189.4,206.1,199.1,186.8,203.2,203.2
ED-0085,1614,26:54,199.0,200.7,191.0,195.2,204.3,192.5,189.5,203.3,199.4,187.9,204.5,203.2
ED-0085,1615,26:55,199.1,199.1,191.4,194.1,203.5,191.3,190.0,206.4,196.9,187.0,204.5,203.4
ED-0085,1616,26:56,199.6,200.3,191.1,195.8,202.0,191.7,189.8,206.3,198.2,185.4,203.3,202.9
ED-0085,1617,26:57,197.9,199.6,191.1,196.4,201.3,190.0,188.0,206.1,197.5,186.3,203.0,202.9
ED-0085,1618,26:58,200.7,200.1,191.0,195.1,203.1,191.1,189.2,205.8,198.4,187.3,203.4,203.1
ED-0085,1619,26:59,198.6,200.0,190.7,195.4,202.4,190.8,190.1,206.0,197.9,187.4,204.2,202.1
ED-0085,1620,27:00,200.0,199.9,190.5,196.8,203.9,191.2,187.9,204.6,199.6,186.8,203.2,203.5
ED-0085,1621,27:01,198.5,201.1,190.7,194.3,201.5,191.9,188.4,204.6,197.2,185.5,204.0,202.3
ED-0085,1622,27:02,198.1,201.3,191.0,195.3,202.1,192.7,189.2,207.8,198.5,185.9,205.6,203.1
ED-0085,1623,27:03,198.7,200.2,191.0,195.0,202.7,191.8,188.7,206.5,198.7,187.1,205.0,203.8
ED-0085,1624,27:04,198.3,199.7,192.4,195.0,203.0,192.0,188.3,205.6,198.1,186.3,204.5,201.5
ED-0085,1625,27:05,199.4,199.0,189.6,193.9,202.4,191.3,187.9,205.0,197.7,185.4,204.5,203.9
ED-0085,1626,27:06,198.0,198.8,191.2,196.0,202.5,192.5,187.7,206.7,196.5,186.1,204.7,204.5
ED-0085,1627,27:07,199.5,200.1,188.7,194.9,202.3,190.1,189.6,205.7,197.4,187.0,204.1,202.3
ED-0085,1628,27:08,198.4,201.3,192.0,196.0,202.0,191.3,188.3,205.9,199.3,189.1,204.1,204.1
ED-0085,1629,27:09,199.5,200.7,191.4,196.6,202.8,192.1,189.3,206.1,199.2,187.3,202.8,203.6
ED-0085,1630,27:10,200.1,199.6,191.0,195.2,202.7,190.5,189.6,205.6,195.7,186.4,205.1,204.1
ED-0085,1631,27:11,198.8,200.3,191.3,193.9,203.3,190.5,190.6,204.6,198.4,186.3,202.2,203.6
ED-0085,1632,27:12,199.4,199.3,190.1,197.2,203.8,190.8,188.2,205.1,197.5,185.9,201.8,203.9
ED-0085,1633,27:13,199.0,201.5,191.4,194.4,201.3,192.2,188.9,204.2,198.2,185.8,204.4,204.6
ED-0085,1634,27:14,199.3,200.1,192.5,196.5,204.8,191.3,188.7,206.7,199.9,188.5,204.6,204.7
ED-0085,1635,27:15,199.2,200.2,191.1,195.4,202.8,192.1,189.4,205.4,197.0,186.7,203.9,203.3
ED-0085,1636,27:16,199.6,198.7,190.4,195.7,204.2,192.2,189.7,206.6,197.8,184.6,203.9,202.0
ED-0085,1637,27:17,198.0,201.0,191.2,196.2,201.0,191.3,188.2,206.7,197.7,186.6,203.3,203.5
ED-0085,1638,27:18,198.7,198.8,189.4,194.8,202.4,191.7,188.9,204.9,195.9,186.2,203.8,203.5
ED-0085,1639,27:19,198.5,200.7,190.2,197.0,201.7,191.4,189.3,205.0,198.2,186.5,202.4,202.4
ED-0085,1640,27:20,199.0,200.9,192.2,194.7,204.1,191.9,189.2,204.8,197.5,186.7,203.0,202.7
ED-0085,1641,27:21,198.8,197.9,192.1,197.9,202.8,192.6,190.8,205.3,198.2,186.3,204.0,204.0
ED-0085,1642,27:22,199.1,199.7,190.4,195.7,202.9,193.1,188.1,204.5,196.5,186.2,204.2,202.8
ED-0085,1643,27:23,199.3,200.5,190.4,194.6,204.4,191.9,189.1,205.6,196.7,187.6,205.1,205.0
ED-0085,1644,27:24,199.7,200.4,191.6,195.0,203.5,192.5,188.7,205.8,198.1,186.0,204.8,203.0
ED-0085,1645,27:25,199.1,198.3,191.2,196.4,201.8,191.2,189.3,206.0,196.3,186.0,204.5,202.5
ED-0085,1646,27:26,199.0,199.0,192.4,195.9,204.3,190.6,189.6,205.2,199.4,186.0,203.6,203.5
ED-0085,1647,27:27,199.1,199.5,189.8,194.7,203.4,190.8,189.2,207.0,197.9,187.2,204.0,202.9
ED-0085,1648,27:28,199.1,200.1,190.7,194.1,202.9,190.6,188.9,204.5,196.5,185.4,203.3,203.6
ED-0085,1649,27:29,199.4,200.1,193.1,195.1,202.8,190.9,188.1,205.0,197.8,187.1,203.0,203.9
ED-0085,1650,27:30,199.7,199.8,192.8,195.9,202.4,191.5,187.5,205.0,198.5,185.2,203.8,204.0
ED-0085,1651,27:31,198.4,200.1,191.7,196.2,203.5,191.9,188.6,205.4,196.8,186.6,204.5,204.7
ED-0085,1652,27:32,197.9,201.6,189.5,195.8,201.6,189.9,188.9,205.7,197.5,187.2,204.0,203.2
ED-0085,1653,27:33,199.6,200.4,192.5,195.6,203.7,190.8,189.9,205.4,197.7,186.0,203.8,203.7
ED-0085,1654,27:34,199.6,200.9,190.6,194.4,203.6,191.5,190.0,204.5,196.9,186.9,204.2,204.1
ED-0085,1655,27:35,199.9,200.3,191.1,196.4,202.6,191.7,191.2,205.7,198.3,186.1,202.0,203.3
ED-0085,1656,27:36,200.3,198.4,190.1,195.0,201.1,192.2,189.2,204.5,200.2,187.2,204.7,204.1
ED-0085,1657,27:37,199.0,200.4,190.0,196.0,203.8,191.1,187.7,205.7,198.9,186.6,204.7,203.3
ED-0085,1658,27:38,199.6,200.1,191.3,194.5,202.9,192.5,189.8,205.6,197.6,185.6,202.8,203.6
ED-0085,1659,27:39,198.8,201.1,191.4,195.9,204.1,191.7,190.2,206.6,196.0,187.1,202.2,204.7
ED-0085,1660,27:40,197.6,199.5,191.4,197.5,203.3,190.0,189.9,205.0,198.2,186.2,202.6,203.0
ED-0085,1661,27:41,200.0,200.2,191.2,195.1,201.6,192.8,189.0,205.2,199.2,186.9,203.4,204.5
ED-0085,1662,27:42,200.6,200.4,189.7,195.0,202.4,192.1,189.4,205.7,197.8,186.7,204.1,204.2
ED-0085,1663,27:43,198.9,200.0,190.9,195.1,203.9,193.2,188.5,206.4,198.0,188.0,204.3,205.3
ED-0085,1664,27:44,200.4,198.9,191.5,196.0,202.7,192.2,188.7,206.9,197.6,187.5,205.0,202.9
ED-0085,1665,27:45,199.5,200.7,190.8,195.6,203.2,192.1,190.2,206.0,196.7,185.7,204.8,203.0
ED-0085,1666,27:46,199.5,200.8,190.8,194.1,202.5,193.1,188.5,204.2,198.1,186.6,205.4,202.1
ED-0085,1667,27:47,197.2,199.6,192.0,194.8,201.7,191.8,188.5,204.5,198.1,188.9,202.4,203.0
ED-0085,1668,27:48,200.7,199.9,191.1,195.8,201.1,192.9,190.3,205.1,197.4,186.5,204.9,202.9
ED-0085,1669,27:49,199.0,200.8,192.7,194.7,200.9,192.0,189.5,207.5,198.4,186.6,203.9,203.1
ED-0085,1670,27:50,199.2,199.5,192.1,196.6,203.6,191.6,189.4,204.4,197.3,186.6,204.6,203.9
ED-0085,1671,27:51,197.3,200.6,191.0,194.8,202.1,191.2,188.8,206.0,198.2,185.9,203.6,202.7
ED-0085,1672,27:52,199.9,201.1,191.1,194.4,200.7,190.6,188.3,203.8,198.8,185.6,203.2,204.7
ED-0085,1673,27:53,200.2,199.5,190.4,195.8,201.6,192.3,187.8,205.1,197.3,187.4,203.7,204.2
ED-0085,1674,27:54,200.6,201.3,192.3,196.1,203.3,190.7,189.3,205.2,199.0,186.2,203.4,202.7
ED-0085,1675,27:55,198.9,201.6,191.0,193.8,202.8,191.7,188.4,205.6,198.1,186.5,203.4,203.0
ED-0085,1676,27:56,199.6,199.6,191.3,194.8,203.2,192.4,188.2,203.8,197.8,187.0,204.0,203.3
ED-0085,1677,27:57,197.8,199.4,191.5,195.5,202.6,190.5,190.6,205.5,198.8,187.4,202.8,202.4
ED-0085,1678,27:58,199.9,200.8,191.1,196.3,201.0,191.5,188.4,205.8,198.1,186.1,203.5,203.3
ED-0085,1679,27:59,200.1,200.0,192.5,194.8,202.2,191.4,188.5,204.7,198.2,186.6,203.3,202.3
ED-0085,1680,28:00,199.9,200.7,193.6,196.4,202.5,191.1,188.9,206.0,198.6,187.3,205.0,203.1
ED-0085,1681,28:01,198.5,199.6,191.3,195.2,204.0,192.0,191.5,206.8,199.1,186.6,204.9,202.8
ED-0085,1682,28:02,198.8,199.0,191.3,195.2,202.6,192.2,187.8,206.1,198.6,186.6,204.9,203.4
ED-0085,1683,28:03,200.5,200.1,188.6,195.9,202.2,194.0,190.5,205.6,198.4,186.0,203.6,203.2
ED-0085,1684,28:04,198.7,198.7,190.7,194.4,202.0,192.2,189.7,205.1,197.4,186.9,204.8,203.4
ED-0085,1685,28:05,199.8,200.3,190.1,193.8,202.3,191.8,188.2,206.3,197.4,186.6,204.3,203.2
ED-0085,1686,28:06,199.4,199.3,191.2,195.1,202.6,191.6,188.0,206.1,197.4,186.1,202.7,202.3
ED-0085,1687,28:07,200.0,200.7,192.0,195.7,202.3,191.4,188.7,206.5,198.8,185.4,205.7,205.4
ED-0085,1688,28:08,198.6,200.2,191.6,195.6,202.7,189.6,188.4,205.7,198.9,186.8,203.9,202.6
ED-0085,1689,28:09,198.7,200.2,190.3,196.1,202.8,191.1,188.8,205.8,197.1,186.5,204.2,202.7
ED-0085,1690,28:10,200.3,199.4,191.8,196.2,203.0,191.4,189.3,204.5,197.9,188.2,203.9,204.0
ED-0085,1691,28:11,199.2,201.3,191.6,194.4,202.2,191.0,187.6,204.7,196.9,186.4,204.3,202.9
ED-0085,1692,28:12,199.9,201.7,190.6,194.9,203.1,191.2,189.4,205.9,197.4,186.8,204.2,202.9
ED-0085,1693,28:13,200.0,199.9,191.0,195.4,201.0,192.4,187.0,205.7,196.8,187.6,203.3,204.9
ED-0085,1694,28:14,199.1,200.1,192.8,195.1,202.6,191.2,188.6,205.0,196.9,186.0,203.5,202.5
ED-0085,1695,28:15,197.3,201.5,192.0,195.4,202.0,191.0,188.7,206.5,197.3,187.6,203.9,202.4
ED-0085,1696,28:16,199.3,200.3,192.2,196.6,201.0,191.7,189.7,205.7,198.1,186.3,204.5,204.9
ED-0085,1697,28:17,200.3,198.3,192.4,196.2,202.3,191.5,188.0,207.0,199.0,187.1,203.6,204.3
ED-0085,1698,28:18,199.1,199.1,191.4,195.3,202.7,192.8,189.0,204.3,199.0,185.6,203.8,204.4
ED-0085,1699,28:19,199.9,198.0,190.3,194.7,202.7,191.2,190.0,206.0,198.3,186.6,204.5,202.3
ED-0085,1700,28:20,198.9,200.1,190.6,197.0,202.6,192.5,189.1,207.0,198.6,188.0,204.4,203.7
ED-0085,1701,28:21,200.6,199.6,191.4,195.9,202.7,192.0,188.6,205.0,197.1,187.9,203.7,202.4
ED-0085,1702,28:22,199.5,199.8,191.1,195.8,201.2,193.8,188.1,205.4,197.4,185.2,203.1,203.0
ED-0085,1703,28:23,199.5,199.5,191.4,196.2,202.5,192.4,189.7,206.2,198.4,186.5,204.4,202.3
ED-0085,1704,28:24,199.8,198.4,190.3,194.4,203.1,192.9,187.9,206.0,197.2,186.6,203.7,204.5
ED-0085,1705,28:25,200.3,197.7,191.8,194.5,203.5,191.4,189.4,204.4,197.9,187.8,203.7,204.2
ED-0085,1706,28:26,198.2,199.3,190.5,196.9,202.2,192.3,187.8,205.4,198.1,187.1,203.9,202.8
ED-0085,1707,28:27,199.9,201.4,192.4,194.3,201.9,191.7,188.3,204.3,197.9,187.2,204.3,204.5
ED-0085,1708,28:28,197.7,200.5,191.8,196.6,202.8,191.5,189.5,205.5,197.6,186.4,203.8,202.0
ED-0085,1709,28:29,198.0,200.2,191.3,195.3,201.5,191.5,188.4,204.2,198.9,185.9,202.6,201.8
ED-0085,1710,28:30,198.9,199.6,192.0,196.1,202.4,190.1,188.2,206.2,199.0,186.8,204.3,204.1
ED-0085,1711,28:31,199.9,198.7,190.2,195.5,200.9,191.2,188.6,206.0,198.1,186.3,204.7,203.5
ED-0085,1712,28:32,197.7,200.3,190.5,194.7,203.5,192.2,188.2,205.1,197.7,185.6,205.0,203.9
ED-0085,1713,28:33,199.2,198.9,191.0,195.8,202.6,191.8,187.9,204.1,198.0,186.8,202.4,203.5
ED-0085,1714,28:34,199.1,199.3,191.2,195.6,202.0,192.7,189.5,205.1,197.8,186.7,202.3,204.5
ED-0085,1715,28:35,198.5,201.4,191.9,193.9,202.8,190.7,187.8,206.0,198.0,185.0,202.5,203.6
ED-0085,1716,28:36,199.4,199.2,190.7,196.5,203.5,190.8,188.9,204.7,197.5,185.3,204.6,204.5
ED-0085,1717,28:37,200.3,200.6,190.8,195.5,202.2,191.6,189.5,206.2,198.9,186.9,203.5,203.6
ED-0085,1718,28:38,198.1,200.4,190.8,195.9,201.9,190.7,187.7,205.2,198.0,188.0,203.6,202.2
ED-0085,1719,28:39,198.9,199.1,190.7,196.6,202.0,191.9,189.0,206.7,198.5,186.6,204.4,202.9
ED-0085,1720,28:40,200.8,199.0,191.6,195.5,200.9,190.7,188.2,205.0,198.3,187.2,204.8,203.5
ED-0085,1721,28:41,199.5,200.0,191.3,194.5,202.0,191.7,187.7,205.4,196.9,186.3,205.0,203.3
ED-0085,1722,28:42,199.0,200.2,191.3,195.5,200.9,192.0,190.1,205.9,197.2,186.2,203.3,203.2
ED-0085,1723,28:43,199.6,199.1,191.8,196.6,203.9,190.2,189.4,206.1,199.9,187.1,202.8,203.5
ED-0085,1724,28:44,198.0,201.3,191.0,196.1,202.7,190.5,188.3,205.9,198.1,187.8,203.7,203.8
ED-0085,1725,28:45,201.8,200.9,190.8,194.0,203.8,190.9,188.0,206.2,197.1,187.7,204.0,203.7
ED-0085,1726,28:46,199.4,200.4,191.4,193.5,200.4,190.9,187.9,204.5,197.1,187.6,203.5,202.5
ED-0085,1727,28:47,197.5,200.3,190.1,197.0,202.3,191.5,189.1,205.4,198.5,186.7,203.6,203.8
ED-0085,1728,28:48,199.6,201.2,191.3,194.8,202.1,192.3,189.4,205.2,199.1,186.8,203.8,204.2
ED-0085,1729,28:49,197.6,199.3,191.5,195.9,202.6,192.9,188.4,205.1,198.4,188.6,205.4,202.9
ED-0085,1730,28:50,199.3,201.3,190.9,196.8,202.8,192.8,189.4,206.9,197.2,186.2,204.5,202.7
ED-0085,1731,28:51,198.3,199.9,190.6,195.3,202.1,191.8,188.0,206.4,197.1,187.6,204.6,204.4
ED-0085,1732,28:52,199.7,200.4,192.4,195.3,202.6,191.0,188.8,203.7,198.6,186.4,202.8,204.5
ED-0085,1733,28:53,197.7,199.7,191.2,194.9,200.5,191.9,188.4,206.1,196.6,188.6,203.8,203.1
ED-0085,1734,28:54,200.9,201.4,191.2,195.7,201.8,191.1,188.6,205.7,198.3,185.2,204.1,202.9
ED-0085,1735,28:55,198.8,199.1,191.2,197.4,201.2,190.9,189.8,205.8,197.3,187.7,204.9,203.4
ED-0085,1736,28:56,199.8,201.1,190.5,196.0,202.4,189.1,190.1,206.0,200.2,185.5,204.9,204.4
ED-0085,1737,28:57,199.7,199.7,192.5,194.1,202.0,190.9,188.3,205.7,198.3,185.5,203.6,203.3
ED-0085,1738,28:58,199.6,201.8,192.5,195.0,202.7,191.1,190.8,206.9,195.9,186.9,203.1,203.1
ED-0085,1739,28:59,199.8,200.3,190.1,195.4,203.1,191.9,187.1,205.0,198.6,187.2,203.1,204.9
ED-0085,1740,29:00,199.5,201.2,192.4,195.4,201.8,190.3,187.7,204.0,198.0,187.4,204.4,202.4
ED-0085,1741,29:01,198.8,200.6,191.2,194.6,202.7,191.9,188.1,206.0,199.0,185.2,203.6,202.5
ED-0085,1742,29:02,198.4,199.8,189.9,195.2,202.5,189.5,189.7,205.2,197.4,187.5,203.2,205.1
ED-0085,1743,29:03,197.9,199.8,191.5,196.5,200.8,191.2,188.9,205.2,199.5,186.4,204.6,201.8
ED-0085,1744,29:04,199.8,199.2,192.1,194.4,202.6,191.9,188.8,206.6,199.1,186.5,204.3,202.8
ED-0085,1745,29:05,200.7,200.9,190.7,194.6,203.0,192.7,188.3,204.7,196.9,186.6,204.9,203.7
ED-0085,1746,29:06,197.9,200.8,190.8,193.9,202.7,191.0,189.7,206.5,197.5,187.9,204.0,203.3
ED-0085,1747,29:07,199.2,201.3,191.3,195.2,202.4,191.0,189.9,203.3,198.6,186.0,204.8,203.4
ED-0085,1748,29:08,199.1,199.0,191.6,196.9,201.9,190.3,189.0,205.6,196.7,186.2,204.0,203.7
ED-0085,1749,29:09,198.3,199.9,190.3,196.4,202.7,191.2,188.7,205.2,198.0,187.1,202.6,203.1
ED-0085,1750,29:10,198.6,201.1,191.3,195.2,203.2,190.9,188.8,204.2,198.5,185.7,203.5,203.9
ED-0085,1751,29:11,197.8,200.8,192.8,194.3,203.4,191.3,189.0,203.9,198.8,187.7,203.7,202.7
ED-0085,1752,29:12,199.1,198.9,190.2,195.0,200.9,190.2,189.4,206.2,197.5,186.2,205.4,203.6
ED-0085,1753,29:13,198.8,199.1,191.0,195.1,204.0,192.1,188.8,205.4,198.1,187.1,205.0,202.9
ED-0085,1754,29:14,199.5,198.3,190.4,195.4,202.7,191.5,188.8,203.9,196.1,186.0,205.6,203.1
ED-0085,1755,29:15,198.6,201.8,191.5,195.4,203.4,190.2,190.1,205.4,197.5,187.5,202.6,202.7
ED-0085,1756,29:16,198.9,199.9,191.7,195.0,204.2,191.3,189.1,204.6,197.1,188.2,204.0,204.8
ED-0085,1757,29:17,199.6,200.9,190.5,194.7,201.1,192.3,189.5,203.9,196.5,187.5,202.9,202.1
ED-0085,1758,29:18,200.9,199.6,192.7,195.6,203.8,192.5,188.5,205.5,196.9,186.0,202.7,204.6
ED-0085,1759,29:19,199.7,199.4,191.0,193.8,203.0,190.6,188.8,205.2,197.6,187.2,204.8,203.1
ED-0085,1760,29:20,199.4,201.0,191.8,194.2,203.3,191.0,187.6,205.0,196.5,186.2,204.4,203.1
ED-0085,1761,29:21,199.2,200.5,190.5,196.4,202.1,190.6,187.8,205.6,198.6,187.2,202.4,203.7
ED-0085,1762,29:22,199.5,201.5,191.3,196.3,201.3,192.2,189.3,207.1,198.0,186.4,204.1,203.6
ED-0085,1763,29:23,199.7,199.5,191.3,196.3,203.7,191.5,189.6,205.4,198.9,186.8,204.5,205.6
ED-0085,1764,29:24,199.1,199.7,190.7,193.8,204.0,191.5,188.3,205.8,197.7,187.1,203.4,203.3
ED-0085,1765,29:25,198.9,199.9,192.9,194.3,202.3,192.1,189.2,204.9,197.9,184.6,203.5,203.0
ED-0085,1766,29:26,199.5,200.5,191.7,195.8,202.9,192.7,188.4,205.1,197.0,186.3,204.2,201.5
ED-0085,1767,29:27,199.4,200.9,192.9,195.8,204.4,191.7,189.6,205.4,198.3,188.3,203.7,202.4
ED-0085,1768,29:28,200.0,199.3,190.6,195.4,203.2,191.7,187.4,204.7,197.6,187.7,204.4,203.3
ED-0085,1769,29:29,198.6,200.0,191.8,195.0,202.4,190.5,189.9,206.0,196.8,187.1,202.9,204.5
ED-0085,1770,29:30,200.6,201.7,191.6,195.8,202.8,191.4,188.8,205.8,199.0,185.6,204.0,203.7
ED-0085,1771,29:31,199.3,199.1,191.1,194.4,202.0,192.1,187.4,205.6,197.9,185.9,204.9,202.8
ED-0085,1772,29:32,197.4,200.3,192.8,194.3,203.7,191.6,189.3,205.6,199.4,186.6,204.6,203.5
ED-0085,1773,29:33,197.4,200.1,189.7,197.6,201.6,191.8,188.5,206.5,197.8,187.6,203.8,205.0
ED-0085,1774,29:34,200.1,200.1,192.5,196.0,203.0,191.9,190.0,205.3,197.9,188.3,204.1,203.7
ED-0085,1775,29:35,198.3,199.6,191.7,196.7,203.5,192.4,189.2,203.7,197.8,186.7,204.2,202.7
ED-0085,1776,29:36,198.4,200.2,191.4,194.5,201.7,189.9,190.2,204.0,198.1,187.0,204.7,202.8
ED-0085,1777,29:37,200.0,200.5,191.7,194.4,202.9,192.0,188.7,205.4,199.4,186.6,203.1,202.7
ED-0085,1778,29:38,200.0,200.2,191.3,194.6,201.9,191.3,189.1,205.1,199.0,187.2,202.9,204.5
ED-0085,1779,29:39,199.0,200.2,191.4,194.9,203.5,190.7,187.2,204.6,198.2,185.2,203.2,203.8
ED-0085,1780,29:40,199.1,201.0,191.1,195.0,201.3,190.3,189.0,207.2,198.6,186.6,203.8,204.0
ED-0085,1781,29:41,198.2,200.3,190.8,195.7,203.2,190.8,192.4,206.0,198.0,185.9,203.5,204.5
ED-0085,1782,29:42,199.0,199.5,193.0,195.6,203.4,191.7,187.8,204.5,197.8,187.6,206.4,205.1
ED-0085,1783,29:43,198.1,199.8,192.9,195.7,202.3,189.2,189.0,204.3,198.6,186.8,203.0,202.3
ED-0085,1784,29:44,200.2,199.3,191.1,196.2,202.4,192.2,188.3,205.6,198.7,185.9,202.8,202.5
ED-0085,1785,29:45,199.7,199.9,191.3,196.3,201.9,193.3,188.9,205.6,197.7,186.9,203.3,204.1
ED-0085,1786,29:46,198.7,199.9,190.3,195.2,202.3,192.5,190.2,205.1,199.0,187.4,204.9,203.5
ED-0085,1787,29:47,198.0,199.0,192.3,193.6,202.8,192.0,189.3,204.5,197.3,185.8,203.6,204.4
ED-0085,1788,29:48,199.4,199.0,191.6,194.4,202.4,192.1,189.0,204.3,197.6,186.4,204.0,203.7
ED-0085,1789,29:49,198.0,199.9,190.4,194.5,202.9,191.6,188.6,205.5,196.0,186.6,203.6,203.6
ED-0085,1790,29:50,198.8,199.4,191.9,196.9,202.5,191.2,187.5,203.1,198.9,186.9,203.2,202.7
ED-0085,1791,29:51,198.6,201.3,191.6,194.1,202.9,191.5,188.6,206.3,197.2,187.9,204.4,203.4
ED-0085,1792,29:52,199.7,199.2,192.4,196.7,201.7,191.6,189.5,204.1,198.4,188.0,203.9,203.5
ED-0085,1793,29:53,199.5,200.8,192.5,196.4,200.7,192.5,189.6,206.0,198.9,188.0,203.7,202.1
ED-0085,1794,29:54,198.3,200.6,192.3,195.1,203.5,192.4,190.2,205.5,197.5,187.1,202.8,203.2
ED-0085,1795,29:55,197.9,201.0,191.1,195.5,203.3,190.7,189.5,205.3,198.4,187.9,203.9,204.2
ED-0085,1796,29:56,199.1,200.5,190.6,194.5,201.4,192.3,189.8,204.7,197.7,186.5,204.2,205.2
ED-0085,1797,29:57,199.7,200.2,191.3,196.4,201.1,192.1,189.6,206.3,198.5,188.0,205.2,203.2
ED-0085,1798,29:58,199.2,199.6,191.0,195.8,203.1,191.3,188.9,205.1,198.4,186.5,204.1,203.7
ED-0085,1799,29:59,199.3,200.9,191.4,195.0,202.4,192.5,187.6,206.5,197.4,185.8,205.3,203.7
ED-0085,1800,30:00,197.6,200.6,191.8,197.1,203.0,191.6,188.5,206.4,199.0,187.8,203.2,203.4
ED-0085,1801,30:01,199.3,198.6,191.5,194.5,203.8,192.3,189.3,205.7,197.0,187.4,204.5,204.5
ED-0085,1802,30:02,198.4,200.0,190.7,196.8,203.8,191.5,190.7,205.2,197.2,186.6,203.4,203.7
ED-0085,1803,30:03,198.9,199.9,193.0,196.1,203.5,192.1,188.9,206.6,196.0,186.4,203.3,203.1
ED-0085,1804,30:04,199.8,200.3,191.1,195.5,202.1,191.4,188.0,206.1,198.1,185.2,203.0,204.0
ED-0085,1805,30:05,200.2,200.5,191.9,195.3,202.3,191.3,188.8,206.7,197.9,187.4,203.3,201.2
ED-0085,1806,30:06,199.8,199.6,192.1,195.4,201.2,193.0,189.1,206.2,198.2,187.1,203.8,204.0
ED-0085,1807,30:07,199.8,199.9,191.0,195.2,203.5,191.8,188.3,205.8,197.1,185.9,203.9,203.0
ED-0085,1808,30:08,199.2,199.7,190.2,195.9,202.0,190.7,188.6,205.5,197.9,187.4,204.5,202.1
ED-0085,1809,30:09,198.6,199.9,189.5,193.4,202.7,191.0,189.7,203.9,201.1,186.4,204.9,204.0
ED-0085,1810,30:10,197.5,200.7,189.9,195.5,201.2,192.1,190.0,204.3,198.8,186.2,203.9,203.1
ED-0085,1811,30:11,198.4,199.9,190.9,195.9,203.4,192.2,189.5,204.4,199.3,186.2,205.9,202.8
ED-0085,1812,30:12,200.6,199.8,190.7,195.6,202.1,192.0,190.6,204.6,198.1,188.0,204.6,204.2
ED-0085,1813,30:13,199.1,198.2,192.8,196.8,203.8,192.1,188.6,205.3,198.7,187.3,203.9,202.7
ED-0085,1814,30:14,199.1,199.6,192.0,196.3,201.4,190.3,187.1,205.9,196.4,187.5,202.3,203.6
ED-0085,1815,30:15,200.1,198.8,189.8,194.8,202.2,191.4,189.9,205.7,199.1,187.2,205.5,203.5
ED-0085,1816,30:16,198.8,199.4,190.7,195.1,201.9,192.1,190.0,206.4,198.4,185.8,202.9,203.4
ED-0085,1817,30:17,199.5,199.7,189.8,193.9,203.1,193.1,188.9,206.2,198.2,187.7,204.5,206.0
ED-0085,1818,30:18,198.4,201.0,191.5,196.0,204.3,191.6,189.6,205.6,198.5,187.1,205.1,203.9
ED-0085,1819,30:19,198.5,199.9,190.0,195.0,201.6,191.1,189.0,204.8,197.7,186.3,204.1,203.2
ED-0085,1820,30:20,198.8,200.2,190.7,197.1,201.8,189.9,187.6,205.4,197.4,185.2,203.2,203.7
ED-0085,1821,30:21,198.9,200.7,191.1,196.6,202.5,190.5,188.1,205.7,197.9,186.4,203.1,203.1
ED-0085,1822,30:22,198.8,199.3,192.2,195.9,203.3,190.0,188.7,205.5,198.6,185.7,205.1,203.8
ED-0085,1823,30:23,199.1,201.5,191.7,196.0,203.2,192.1,188.5,205.4,198.5,186.5,204.0,202.6
ED-0085,1824,30:24,199.3,201.4,190.8,194.2,201.9,192.0,189.1,204.0,197.1,184.5,202.6,202.9
ED-0085,1825,30:25,200.1,201.5,191.0,195.4,201.7,192.0,188.1,205.4,197.2,184.5,204.1,204.1
ED-0085,1826,30:26,199.1,200.0,190.0,195.2,202.5,193.0,189.5,204.8,198.4,183.4,202.7,203.4
ED-0085,1827,30:27,200.1,200.5,190.3,195.8,202.0,190.7,187.3,205.4,197.7,182.8,203.3,202.7
ED-0085,1828,30:28,199.3,200.4,188.5,194.4,202.6,191.1,189.2,205.7,199.1,183.2,204.3,203.7
ED-0085,1829,30:29,198.9,199.6,188.5,195.4,204.2,191.1,188.8,205.8,197.9,182.6,203.4,204.2
ED-0085,1830,30:30,198.7,199.1,188.0,193.4,202.2,191.1,189.2,207.0,198.3,182.0,203.5,203.7
ED-0085,1831,30:31,199.4,199.1,188.1,194.2,202.4,192.0,186.2,204.6,197.4,182.8,204.3,203.4
ED-0085,1832,30:32,199.4,198.5,186.1,193.5,202.9,191.0,189.7,206.5,197.3,181.2,203.8,203.4
ED-0085,1833,30:33,198.5,197.7,186.9,192.7,201.5,191.5,190.2,204.2,197.2,181.5,204.1,203.5
ED-0085,1834,30:34,198.6,197.4,186.1,192.2,202.8,192.8,189.2,206.5,196.3,180.2,202.5,204.2
ED-0085,1835,30:35,199.8,197.6,186.7,191.4,203.7,192.7,189.3,206.5,196.1,179.0,203.0,202.7
ED-0085,1836,30:36,199.9,196.0,184.7,192.0,204.8,191.4,189.0,207.6,195.5,179.6,202.2,204.4
ED-0085,1837,30:37,200.9,195.3,185.4,190.1,203.7,191.6,188.8,204.2,194.1,179.4,201.9,204.3
ED-0085,1838,30:38,198.3,195.2,185.0,190.3,201.7,192.1,187.3,205.1,194.6,178.8,201.2,204.1
ED-0085,1839,30:39,199.6,195.5,183.9,190.5,203.9,191.1,189.7,204.8,194.2,178.8,201.1,203.4
ED-0085,1840,30:40,199.8,193.9,184.0,190.0,202.4,191.3,189.4,206.1,193.7,177.1,200.2,203.8
ED-0085,1841,30:41,199.4,193.8,183.0,188.6,203.9,192.6,189.6,206.3,192.9,177.8,198.9,201.5
ED-0085,1842,30:42,198.5,192.4,183.0,188.8,202.6,191.7,188.4,204.4,192.4,176.3,198.9,202.3
ED-0085,1843,30:43,199.2,192.3,182.0,187.6,202.4,190.6,188.1,205.2,191.8,175.4,199.2,202.9
ED-0085,1844,30:44,199.1,191.9,182.2,186.9,203.6,191.7,189.0,204.6,192.2,176.5,199.4,203.5
ED-0085,1845,30:45,199.1,190.7,180.8,187.8,203.6,192.3,188.4,205.3,190.8,174.1,198.2,202.8
ED-0085,1846,30:46,199.1,191.5,181.4,187.1,203.3,191.9,188.0,205.7,190.2,176.2,195.9,202.7
ED-0085,1847,30:47,198.8,190.4,180.9,185.9,202.6,192.1,188.8,204.6,189.5,174.9,196.8,204.5
ED-0085,1848,30:48,198.0,189.2,180.0,185.8,202.1,192.0,189.1,206.0,189.5,174.4,195.7,204.2
ED-0085,1849,30:49,197.0,189.4,180.5,184.6,201.6,193.0,187.6,205.1,189.1,173.5,196.2,203.5
ED-0085,1850,30:50,197.0,189.1,179.8,184.1,203.5,191.5,190.0,204.9,188.7,173.8,194.7,203.4
ED-0085,1851,30:51,196.4,189.3,179.5,184.4,200.7,191.6,188.1,204.8,188.2,172.8,194.6,203.2
ED-0085,1852,30:52,196.5,187.4,179.4,183.6,201.6,190.6,187.6,205.8,187.6,172.4,193.0,203.0
ED-0085,1853,30:53,195.9,187.8,177.8,183.4,204.5,191.0,188.2,206.5,186.2,171.3,194.1,201.5
ED-0085,1854,30:54,195.9,186.8,177.0,183.4,201.8,189.8,189.7,205.2,186.7,170.7,193.1,200.9
ED-0085,1855,30:55,195.3,187.3,176.7,183.5,201.6,191.6,187.5,204.0,187.4,170.7,192.2,201.0
ED-0085,1856,30:56,194.5,186.2,176.9,181.9,201.3,191.0,188.9,203.8,185.2,171.1,191.6,199.4
ED-0085,1857,30:57,193.8,185.2,175.7,181.7,202.2,192.1,188.3,202.9,184.9,169.7,191.9,200.3
ED-0085,1858,30:58,193.1,185.7,175.6,180.7,202.8,191.5,189.2,203.7,184.4,170.9,191.4,199.8
ED-0085,1859,30:59,193.1,185.5,176.1,182.0,203.8,190.5,188.0,202.9,184.6,170.2,190.6,200.1
ED-0085,1860,31:00,193.7,185.1,174.9,180.1,202.1,192.7,187.8,201.9,184.3,169.4,189.3,198.1
ED-0085,1861,31:01,192.5,184.7,174.9,181.0,202.1,192.2,189.5,202.0,184.6,168.7,189.2,198.4
ED-0085,1862,31:02,191.2,183.8,174.1,179.9,201.0,191.7,189.8,201.1,182.6,168.1,188.7,197.9
ED-0085,1863,31:03,190.4,183.6,172.8,179.3,201.9,193.0,189.8,200.6,182.7,168.9,188.1,197.3
ED-0085,1864,31:04,190.8,182.4,174.2,178.2,200.7,190.3,189.1,200.2,182.0,168.2,187.9,197.2
ED-0085,1865,31:05,191.6,181.7,173.0,178.4,199.6,191.0,188.4,199.2,181.0,167.0,187.1,197.1
ED-0085,1866,31:06,190.3,181.5,172.2,178.2,199.3,189.9,187.9,199.3,180.4,167.4,187.6,195.2
ED-0085,1867,31:07,189.5,181.1,171.8,177.8,199.1,189.3,187.5,198.3,180.4,166.3,185.7,195.6
ED-0085,1868,31:08,189.7,180.6,172.5,177.3,198.3,189.8,186.4,198.4,180.3,166.5,185.2,195.0
ED-0085,1869,31:09,189.7,181.2,171.5,177.5,197.6,187.8,187.1,197.4,180.0,166.6,184.7,193.5
ED-0085,1870,31:10,188.5,179.7,171.3,176.6,198.2,188.4,185.7,196.1,179.3,165.2,184.7,194.7
ED-0085,1871,31:11,188.0,178.8,170.1,176.2,196.8,186.3,185.7,196.1,179.5,164.9,184.4,193.2
ED-0085,1872,31:12,187.9,179.5,170.0,175.6,196.1,187.6,185.0,195.8,178.7,164.2,184.1,192.3
ED-0085,1873,31:13,187.1,177.9,169.3,175.6,195.9,186.7,184.7,194.7,178.0,163.6,183.1,192.9
ED-0085,1874,31:14,187.4,177.6,170.1,173.9,194.6,186.1,183.7,194.2,179.1,163.6,182.8,191.3
ED-0085,1875,31:15,187.0,178.2,168.7,174.5,193.6,187.1,182.5,193.7,176.6,164.3,182.2,192.9
ED-0085,1876,31:16,186.1,177.3,169.7,172.6,194.6,185.4,182.8,192.8,177.1,163.6,182.8,191.6
ED-0085,1877,31:17,186.1,175.9,167.3,173.5,193.1,185.2,182.1,192.0,175.9,162.4,181.5,190.7
ED-0085,1878,31:18,185.1,176.9,167.0,172.4,192.4,184.1,182.1,192.4,176.1,162.7,181.3,191.6
ED-0085,1879,31:19,184.4,174.9,167.1,172.1,192.2,182.8,180.4,190.7,175.7,162.4,181.5,190.8
ED-0085,1880,31:20,184.4,175.0,167.4,171.8,191.2,182.1,180.3,191.2,175.1,161.5,181.4,190.1
ED-0085,1881,31:21,184.5,175.3,166.5,172.1,191.9,183.1,180.8,190.9,176.2,161.0,180.7,188.3
ED-0085,1882,31:22,183.4,174.2,166.3,170.6,191.5,182.1,179.0,190.8,173.6,160.5,180.0,188.0
ED-0085,1883,31:23,183.1,174.1,165.9,171.5,190.4,181.7,178.9,190.1,173.6,160.7,178.6,188.0
ED-0085,1884,31:24,183.2,174.0,164.8,169.8,189.8,181.2,178.5,190.1,173.5,160.0,178.5,187.3
ED-0085,1885,31:25,181.7,173.6,165.4,170.0,189.5,180.9,177.4,188.4,172.1,160.1,178.0,187.9
ED-0085,1886,31:26,182.3,172.2,165.1,169.0,189.8,181.4,177.5,188.2,172.4,159.6,178.1,187.6
ED-0085,1887,31:27,180.9,172.3,164.3,169.9,188.3,180.2,178.8,187.9,172.0,158.0,177.5,185.8
ED-0085,1888,31:28,181.8,171.5,163.9,169.3,188.3,179.3,176.4,187.3,171.3,158.4,176.7,186.5
ED-0085,1889,31:29,180.3,171.3,163.5,167.7,188.0,177.7,177.1,187.1,171.0,159.0,175.9,186.5
ED-0085,1890,31:30,180.1,171.5,163.6,168.1,187.1,178.8,175.4,185.8,171.3,158.1,176.0,184.7
ED-0085,1891,31:31,180.0,170.5,162.9,168.0,186.1,177.8,175.4,186.0,171.0,156.9,175.9,185.6
ED-0085,1892,31:32,180.3,169.2,161.7,166.5,185.9,177.2,174.7,185.4,170.3,157.7,175.0,184.9
ED-0085,1893,31:33,179.1,169.2,161.8,166.7,185.4,175.6,174.2,185.6,169.8,157.6,174.8,183.6
ED-0085,1894,31:34,179.1,169.1,161.4,165.7,184.6,176.0,173.7,184.6,169.6,156.4,173.9,183.4
ED-0085,1895,31:35,177.7,168.7,161.5,165.7,183.3,177.0,173.2,184.1,168.4,155.9,174.2,183.8
ED-0085,1896,31:36,177.7,169.0,161.3,166.0,184.9,174.9,172.8,183.1,167.4,156.6,173.4,183.4
ED-0085,1897,31:37,177.8,167.7,160.4,164.5,183.2,174.0,172.6,182.6,169.1,155.4,173.0,183.3
ED-0085,1898,31:38,177.4,166.8,159.8,164.6,182.3,175.2,172.2,181.9,167.6,154.8,171.7,182.3
ED-0085,1899,31:39,177.0,167.1,159.6,164.0,182.6,173.3,170.9,182.4,167.9,154.6,171.1,180.9
ED-0085,1900,31:40,177.0,166.0,159.3,164.2,182.7,172.6,170.2,182.0,165.7,154.2,171.6,181.6
ED-0085,1901,31:41,176.8,165.9,159.2,163.2,181.7,172.7,170.3,181.1,167.7,154.0,171.2,181.1
ED-0085,1902,31:42,175.9,166.3,158.3,163.6,181.4,173.1,169.8,180.7,166.3,152.6,170.6,181.1
ED-0085,1903,31:43,174.8,165.9,158.2,162.5,180.5,171.6,169.4,179.6,165.6,152.8,170.2,179.0
ED-0085,1904,31:44,175.4,165.1,157.9,162.0,179.9,171.5,169.2,179.3,165.4,152.9,169.5,180.3
ED-0085,1905,31:45,174.5,164.5,157.3,162.1,179.6,171.7,168.1,178.8,164.9,152.4,168.5,179.3
ED-0085,1906,31:46,175.1,164.7,157.9,161.6,179.7,170.3,167.8,177.8,164.7,151.4,169.1,178.4
ED-0085,1907,31:47,174.2,163.7,155.9,161.2,178.6,171.3,166.9,177.8,163.9,151.4,167.5,177.8
ED-0085,1908,31:48,174.3,163.4,155.9,160.7,178.6,169.5,166.8,177.2,163.6,151.4,168.1,177.9
ED-0085,1909,31:49,172.2,162.9,155.8,161.7,178.2,168.6,167.5,177.3,163.1,150.1,168.4,177.8
ED-0085,1910,31:50,172.1,162.9,155.4,159.5,176.8,168.9,166.1,176.2,163.4,150.9,166.8,177.4
ED-0085,1911,31:51,172.5,162.8,154.1,160.0,177.8,168.3,164.9,176.9,162.2,150.9,166.3,177.0
ED-0085,1912,31:52,171.9,161.3,155.0,158.7,175.8,167.9,166.1,175.6,161.9,150.6,166.9,176.6
ED-0085,1913,31:53,171.6,161.1,154.7,159.4,175.5,167.0,164.2,175.7,163.0,151.2,166.2,176.4
ED-0085,1914,31:54,170.9,160.8,154.1,158.6,175.6,166.7,164.3,174.7,161.1,148.2,164.4,174.9
ED-0085,1915,31:55,170.0,160.5,153.1,157.7,174.2,165.6,164.0,175.0,162.0,149.5,164.7,175.4
ED-0085,1916,31:56,171.1,160.6,153.7,157.9,173.5,165.8,163.9,174.8,160.7,148.5,163.7,176.0
ED-0085,1917,31:57,170.5,160.2,152.9,157.9,174.9,165.8,163.5,173.2,160.6,148.2,163.9,173.4
ED-0085,1918,31:58,169.8,159.0,152.8,156.7,172.8,165.0,163.7,173.0,160.3,148.1,163.1,173.9
ED-0085,1919,31:59,169.8,159.0,152.4,157.0,173.8,164.1,162.3,172.0,159.6,147.0,163.9,172.9
ED-0085,1920,32:00,168.6,159.3,151.7,156.6,172.2,164.7,161.5,171.8,158.8,147.5,162.1,173.2
ED-0085,1921,32:01,168.3,158.8,151.3,155.9,171.9,162.9,160.6,170.8,158.6,147.7,162.1,173.3
ED-0085,1922,32:02,168.2,157.1,150.7,155.3,171.2,163.2,160.7,171.2,158.7,146.3,162.2,171.4
ED-0085,1923,32:03,167.7,157.3,151.1,155.6,171.3,162.1,159.7,171.2,158.6,146.5,161.7,172.8
ED-0085,1924,32:04,167.2,157.5,150.5,155.2,171.2,162.4,158.9,170.6,158.5,146.7,161.5,171.3
ED-0085,1925,32:05,167.7,157.1,150.7,154.6,169.1,162.1,160.1,169.4,157.1,145.6,160.9,171.0
ED-0085,1926,32:06,166.3,157.3,149.3,153.8,170.3,162.2,160.3,169.9,158.1,145.1,160.2,171.0
ED-0085,1927,32:07,166.3,155.3,149.1,153.7,169.5,160.9,158.8,169.3,156.5,145.2,159.2,170.4
ED-0085,1928,32:08,165.2,155.5,149.4,153.3,167.7,160.7,158.4,169.1,156.9,144.7,160.3,170.2
ED-0085,1929,32:09,166.0,154.8,148.9,152.5,169.4,160.7,158.1,167.4,156.5,143.5,159.7,169.9
ED-0085,1930,32:10,165.7,154.9,148.4,152.6,168.6,160.3,157.9,168.7,155.2,144.7,158.2,169.3
ED-0085,1931,32:11,164.2,154.8,149.1,152.5,167.7,159.3,157.5,166.8,153.9,143.5,158.5,169.6
ED-0085,1932,32:12,164.2,154.8,148.0,152.6,166.7,158.5,156.3,167.5,154.7,142.9,158.1,168.9
ED-0085,1933,32:13,164.1,154.0,147.2,151.7,167.5,159.1,156.3,166.6,154.2,142.8,157.5,168.6
ED-0085,1934,32:14,164.4,152.4,148.0,151.5,165.6,157.4,155.8,166.0,154.4,142.7,158.1,168.0
ED-0085,1935,32:15,163.1,153.1,147.0,150.4,165.5,158.2,155.9,164.7,153.9,141.7,156.4,166.9
ED-0085,1936,32:16,162.7,153.0,145.9,150.8,165.2,158.1,156.1,165.6,153.5,141.9,157.2,166.7
ED-0085,1937,32:17,162.1,151.8,146.2,150.0,164.9,155.9,155.2,164.6,153.1,142.1,155.2,167.1
ED-0085,1938,32:18,163.7,152.2,146.7,150.1,165.1,155.7,154.7,164.3,152.6,141.8,155.9,166.5
ED-0085,1939,32:19,161.8,152.2,145.8,150.6,164.0,157.3,153.7,163.0,152.3,141.6,154.9,166.3
ED-0085,1940,32:20,161.2,150.7,144.7,149.1,163.3,156.0,153.3,163.7,151.3,140.3,154.4,166.3
ED-0085,1941,32:21,161.9,150.5,145.7,148.8,163.7,155.0,154.3,163.0,151.0,140.8,154.7,165.9
ED-0085,1942,32:22,159.7,150.6,145.0,148.7,162.7,154.2,151.8,162.5,151.5,139.9,153.2,165.9
ED-0085,1943,32:23,160.7,150.3,143.9,148.8,161.9,154.9,151.8,161.8,150.7,140.0,153.9,165.4
ED-0085,1944,32:24,160.8,149.4,144.3,147.4,161.9,153.2,152.0,161.1,151.0,139.5,154.9,164.6
ED-0085,1945,32:25,160.3,149.4,143.6,147.4,161.5,153.5,151.0,161.5,150.8,139.5,153.1,164.7
ED-0085,1946,32:26,159.7,149.2,143.0,146.8,161.7,153.8,151.2,161.1,149.9,137.8,152.8,164.6
ED-0085,1947,32:27,159.8,148.8,142.7,146.9,161.4,153.9,150.5,159.8,149.4,137.8,152.4,164.0
ED-0085,1948,32:28,159.0,147.5,142.8,146.7,159.7,153.1,150.4,159.8,149.6,137.8,152.0,163.1
ED-0085,1949,32:29,159.0,147.9,142.6,146.3,159.8,152.3,149.4,160.1,148.8,138.4,152.4,163.0
ED-0085,1950,32:30,158.4,147.5,141.9,146.4,159.2,151.9,150.3,158.8,148.4,138.0,151.3,162.3
ED-0085,1951,32:31,158.1,147.4,141.9,145.3,158.5,151.5,148.4,158.9,148.6,137.9,151.1,161.7
ED-0085,1952,32:32,157.7,146.7,141.3,145.8,158.5,150.5,148.4,158.8,147.6,136.6,150.7,161.2
ED-0085,1953,32:33,157.5,146.3,140.3,144.2,157.6,150.3,147.9,157.3,147.8,137.2,149.8,161.8
ED-0085,1954,32:34,157.6,146.0,141.4,143.7,157.8,149.7,149.3,157.7,147.7,136.6,148.5,161.2
ED-0085,1955,32:35,157.5,145.1,141.0,144.2,157.2,149.4,147.4,157.0,145.3,136.3,149.7,160.1
ED-0085,1956,32:36,156.5,145.3,141.0,143.6,156.9,149.5,146.3,157.0,146.8,135.5,149.0,160.6
ED-0085,1957,32:37,156.9,145.2,138.5,142.9,156.4,148.9,146.9,155.5,145.6,136.3,148.2,160.5
ED-0085,1958,32:38,156.0,144.2,140.0,143.6,156.9,148.2,145.2,156.2,145.1,136.5,148.2,159.0
ED-0085,1959,32:39,155.7,145.0,139.2,143.4,155.6,147.4,146.8,155.5,145.3,135.2,147.6,159.7
ED-0085,1960,32:40,156.6,144.5,138.3,143.2,155.5,147.8,145.2,155.1,145.1,134.6,146.7,158.7
ED-0085,1961,32:41,153.9,143.8,138.7,142.0,155.1,147.3,144.9,154.4,144.6,135.0,148.0,156.7
ED-0085,1962,32:42,154.3,143.9,138.7,142.4,153.5,147.3,144.7,153.7,144.1,134.7,148.1,158.4
ED-0085,1963,32:43,153.5,143.1,138.9,141.3,155.1,147.3,144.4,155.0,144.3,134.3,146.5,157.0
ED-0085,1964,32:44,154.1,142.9,137.4,140.3,154.8,145.8,145.0,153.3,144.5,133.4,146.6,156.9
ED-0085,1965,32:45,153.9,141.7,137.1,141.4,153.9,144.9,143.3,153.1,144.0,134.0,145.7,157.5
ED-0085,1966,32:46,152.7,142.0,137.3,140.0,153.6,145.8,143.2,152.9,142.4,133.3,145.5,156.8
ED-0085,1967,32:47,152.9,141.2,135.7,140.1,152.9,145.4,143.8,152.6,143.5,132.8,145.5,156.6
ED-0085,1968,32:48,152.4,142.0,137.7,139.8,151.9,144.9,142.7,151.8,142.8,133.0,144.5,156.4
ED-0085,1969,32:49,152.1,141.4,135.8,139.5,152.2,143.9,142.7,151.5,141.9,132.3,144.5,155.4
ED-0085,1970,32:50,151.0,139.6,135.4,139.8,151.3,143.9,142.2,150.7,140.8,131.9,144.0,154.5
ED-0085,1971,32:51,151.9,139.6,135.8,139.3,151.5,143.9,141.9,150.7,141.2,132.2,143.7,154.9
ED-0085,1972,32:52,151.4,139.9,135.2,139.1,150.2,142.1,141.4,150.3,141.3,132.4,143.7,154.7
ED-0085,1973,32:53,151.0,139.1,135.4,138.9,150.3,143.1,141.5,150.3,140.3,131.8,143.1,154.0
ED-0085,1974,32:54,151.1,140.3,134.3,138.7,150.1,142.3,140.3,150.3,139.7,131.0,142.0,153.5
ED-0085,1975,32:55,149.5,139.3,134.6,138.6,150.0,141.7,138.7,150.1,140.3,130.5,142.4,153.5
ED-0085,1976,32:56,150.2,139.5,133.3,137.8,147.9,140.5,140.1,148.6,140.3,130.2,141.4,153.5
ED-0085,1977,32:57,150.0,137.1,133.3,137.6,148.5,141.4,140.0,148.3,138.6,129.4,141.6,152.8
ED-0085,1978,32:58,149.1,138.2,133.1,137.3,148.2,141.0,137.8,148.0,139.5,129.8,141.4,152.8
ED-0085,1979,32:59,148.7,136.4,132.9,137.6,148.1,141.4,138.0,147.9,139.7,129.3,140.4,153.3
ED-0085,1980,33:00,149.1,137.3,132.3,136.8,148.0,139.6,138.0,147.1,139.0,129.5,140.4,152.7
ED-0085,1981,33:01,148.5,136.7,132.0,135.8,146.9,140.4,137.3,145.9,138.5,128.4,141.7,152.0
ED-0085,1982,33:02,148.2,136.6,132.6,135.4,146.7,140.4,137.2,146.8,138.8,128.8,140.0,151.6
ED-0085,1983,33:03,148.5,136.9,131.8,135.7,147.2,139.5,137.0,146.6,136.5,127.7,139.6,150.2
ED-0085,1984,33:04,148.0,135.8,131.4,134.6,145.8,138.5,136.8,145.5,137.7,128.5,138.3,152.2
ED-0085,1985,33:05,147.4,135.9,130.5,134.6,145.8,138.4,136.4,144.6,137.2,127.4,139.0,151.1
ED-0085,1986,33:06,146.9,136.0,129.7,135.5,145.1,138.5,135.8,144.4,136.6,127.4,138.3,150.5
ED-0085,1987,33:07,147.4,135.6,130.0,134.2,145.5,137.5,135.4,145.8,136.9,126.2,138.2,150.0
ED-0085,1988,33:08,146.2,135.7,130.5,133.5,145.4,136.3,133.9,144.6,135.6,127.0,138.6,149.4
ED-0085,1989,33:09,145.5,134.8,131.0,133.1,144.2,137.1,134.5,143.5,135.7,126.9,138.2,149.1
ED-0085,1990,33:10,146.6,134.9,129.2,133.1,144.1,136.5,135.0,144.2,135.4,125.7,137.2,148.7
ED-0085,1991,33:11,144.8,133.1,129.3,133.0,142.9,136.2,135.3,143.2,135.5,125.5,136.9,148.3
ED-0085,1992,33:12,145.0,133.5,130.1,132.2,142.3,136.1,133.5,143.8,135.2,126.6,137.2,148.1
ED-0085,1993,33:13,144.7,133.3,128.5,133.0,142.6,135.4,133.2,142.7,135.0,125.8,137.5,148.3
ED-0085,1994,33:14,144.6,133.3,129.0,133.1,142.1,135.5,134.2,142.2,133.5,124.4,136.4,147.9
ED-0085,1995,33:15,143.6,132.4,128.8,131.3,142.4,135.6,133.0,142.3,134.0,125.0,136.7,147.2
ED-0085,1996,33:16,144.0,131.6,129.2,131.0,142.0,134.8,132.6,141.7,134.1,124.0,137.4,146.9
ED-0085,1997,33:17,143.0,132.4,127.9,131.4,141.1,134.8,132.0,141.2,133.3,125.2,135.7,146.9
ED-0085,1998,33:18,142.7,131.2,127.3,131.0,141.2,133.8,132.0,141.4,132.7,124.4,134.9,146.8
ED-0085,1999,33:19,143.8,130.5,127.0,130.9,140.4,133.7,130.7,140.7,132.8,123.4,134.4,145.6
ED-0085,2000,33:20,142.6,130.6,126.6,130.3,139.7,133.6,131.1,140.4,132.4,123.4,134.2,145.6
ED-0085,2001,33:21,142.9,130.5,126.4,130.3,139.6,133.0,130.7,140.0,131.3,122.8,135.0,145.7
ED-0085,2002,33:22,141.9,131.1,126.7,130.5,140.0,132.4,130.2,140.0,131.6,123.5,132.6,145.3
ED-0085,2003,33:23,142.1,130.1,125.0,130.2,139.6,132.5,130.2,137.8,132.3,122.1,133.1,144.9
ED-0085,2004,33:24,141.4,129.9,125.9,128.4,138.5,132.7,129.6,138.2,131.2,122.8,132.9,144.1
ED-0085,2005,33:25,141.1,129.7,126.0,129.1,139.2,130.5,129.1,138.3,130.7,122.3,133.1,143.6
ED-0085,2006,33:26,140.6,129.1,125.0,129.0,138.6,132.0,128.7,138.4,130.3,122.3,131.8,144.2
ED-0085,2007,33:27,140.5,128.7,124.1,128.9,137.5,130.8,129.5,138.1,130.4,121.9,131.1,143.7
ED-0085,2008,33:28,139.9,128.7,124.7,127.3,136.6,130.3,128.3,137.1,129.5,121.7,132.4,143.3
ED-0085,2009,33:29,140.1,129.0,123.9,128.5,136.8,130.2,128.8,137.7,129.9,121.6,130.9,143.7
ED-0085,2010,33:30,139.4,127.1,124.2,127.7,137.2,129.7,128.0,135.9,128.9,120.5,130.3,142.8
ED-0085,2011,33:31,139.9,127.5,123.7,126.9,135.8,130.1,128.1,136.0,129.0,121.4,130.6,141.8
ED-0085,2012,33:32,140.1,127.0,123.0,126.7,136.5,128.3,127.9,136.3,129.0,121.4,130.4,142.6
ED-0085,2013,33:33,138.6,126.3,122.5,126.9,135.8,128.8,127.3,136.5,128.6,120.1,129.7,141.6
ED-0085,2014,33:34,139.0,126.2,123.6,127.1,136.5,128.8,127.2,134.9,128.4,119.6,129.1,141.4
ED-0085,2015,33:35,138.4,126.4,123.4,126.9,134.9,128.9,125.9,135.1,128.4,119.9,129.1,141.1
ED-0085,2016,33:36,138.9,126.5,122.8,126.4,135.3,128.1,126.4,134.2,128.0,120.5,129.1,141.1
ED-0085,2017,33:37,137.8,126.0,122.9,125.5,134.1,128.6,125.8,133.9,128.4,119.8,129.3,139.9
ED-0085,2018,33:38,138.0,125.9,122.8,125.7,134.4,127.3,125.1,133.4,127.9,118.4,128.4,141.4
ED-0085,2019,33:39,137.8,125.3,122.1,125.9,133.2,128.3,125.3,133.4,126.6,118.2,127.9,140.5
ED-0085,2020,33:40,136.7,125.6,121.8,124.4,133.7,126.2,125.0,134.3,126.5,118.4,127.7,139.6
ED-0085,2021,33:41,136.3,125.4,121.3,124.1,133.0,127.5,124.0,133.2,126.2,118.8,126.4,140.2
ED-0085,2022,33:42,136.4,125.3,122.1,124.4,132.8,125.2,123.5,132.9,126.3,117.6,127.7,139.0
ED-0085,2023,33:43,136.7,124.8,121.4,123.0,133.5,126.2,123.3,131.7,126.1,118.0,125.9,139.1
ED-0085,2024,33:44,135.4,123.6,120.7,123.4,131.4,124.7,123.8,132.1,125.8,117.0,127.8,138.4
ED-0085,2025,33:45,135.2,125.1,120.5,124.1,132.1,125.4,122.8,131.7,125.2,116.8,127.2,138.0
ED-0085,2026,33:46,135.2,122.9,120.9,123.6,131.8,125.5,122.7,131.3,125.8,116.6,126.7,138.6
ED-0085,2027,33:47,134.6,123.7,120.3,122.2,131.2,124.6,123.6,130.3,124.9,117.7,126.3,137.4
ED-0085,2028,33:48,135.0,123.1,118.3,122.4,130.1,124.8,123.0,130.6,124.9,116.6,125.8,136.8
ED-0085,2029,33:49,135.0,123.1,120.0,122.9,130.0,123.3,122.2,131.3,123.7,115.7,126.0,137.5
ED-0085,2030,33:50,134.3,123.1,118.9,122.7,130.3,123.7,121.6,130.4,123.4,115.1,125.5,136.3
ED-0085,2031,33:51,133.1,121.9,118.2,122.6,130.1,123.7,121.7,129.9,123.6,116.8,124.9,136.7
ED-0085,2032,33:52,133.9,121.1,118.2,122.1,129.7,124.3,120.6,128.8,124.2,114.6,124.3,135.7
ED-0085,2033,33:53,133.6,121.0,118.5,120.5,128.7,122.5,120.9,130.2,122.8,115.5,124.2,136.2
ED-0085,2034,33:54,133.6,120.9,118.7,122.1,129.7,123.3,120.6,129.0,122.5,114.6,124.3,136.2
ED-0085,2035,33:55,132.6,120.5,117.1,120.6,128.6,122.3,120.2,129.3,123.5,115.0,123.4,135.1
ED-0085,2036,33:56,133.4,120.7,118.0,120.8,127.2,122.2,120.1,128.1,123.4,113.9,123.5,136.8
ED-0085,2037,33:57,132.2,121.0,117.1,120.7,128.0,121.8,119.1,127.9,122.8,114.6,122.8,135.0
ED-0085,2038,33:58,132.4,121.0,117.6,120.7,128.1,121.9,119.4,127.7,121.9,114.5,122.6,134.8
ED-0085,2039,33:59,130.7,120.2,116.9,120.2,127.8,121.0,119.1,128.1,121.4,113.7,122.8,134.4
ED-0085,2040,34:00,132.1,119.8,116.4,118.7,127.4,120.6,117.7,127.1,121.4,114.3,123.3,133.7
ED-0085,2041,34:01,132.3,119.3,115.7,119.7,126.7,120.1,119.5,126.4,122.0,113.1,121.0,134.6
ED-0085,2042,34:02,130.6,119.2,116.1,119.7,126.5,120.2,118.4,126.5,120.8,113.1,121.8,133.7
ED-0085,2043,34:03,130.7,118.7,116.4,119.2,126.2,119.4,118.9,125.9,120.5,113.7,121.5,133.2
ED-0085,2044,34:04,130.8,118.1,115.9,118.8,125.2,120.0,117.9,125.9,120.5,113.1,121.2,132.5
ED-0085,2045,34:05,130.3,118.6,115.1,117.9,126.3,119.4,118.5,125.9,120.5,112.4,120.5,132.5
ED-0085,2046,34:06,129.2,118.3,114.8,118.3,125.1,118.5,116.9,126.3,119.8,112.4,119.8,132.6
ED-0085,2047,34:07,129.1,117.7,115.0,117.6,125.1,118.2,116.7,125.2,119.3,111.9,120.2,131.8
ED-0085,2048,34:08,129.3,117.6,114.4,117.8,123.9,118.3,116.5,125.0,119.9,112.2,119.8,131.8
ED-0085,2049,34:09,128.9,117.1,114.3,118.3,124.6,118.9,116.1,124.9,119.7,111.9,118.5,132.1
ED-0085,2050,34:10,128.2,116.4,114.3,117.0,124.8,117.6,116.6,125.0,119.1,110.2,119.1,131.6
ED-0085,2051,34:11,128.6,117.1,113.7,116.2,124.7,117.8,116.2,124.0,119.3,110.7,118.9,131.2
ED-0085,2052,34:12,127.5,116.1,113.9,116.3,122.7,118.1,115.6,125.1,117.7,111.1,120.2,131.2
ED-0085,2053,34:13,128.6,116.5,113.4,116.1,123.2,117.1,115.9,124.7,118.4,110.5,118.8,130.5
ED-0085,2054,34:14,127.7,115.3,113.4,116.3,122.6,117.2,114.5,122.9,117.3,110.5,118.8,130.7
ED-0085,2055,34:15,128.7,116.1,112.6,116.3,122.8,117.3,115.5,123.0,116.3,110.5,118.7,130.2
ED-0085,2056,34:16,126.8,115.3,113.5,115.9,122.4,117.2,115.0,123.1,118.2,109.9,117.8,129.8
ED-0085,2057,34:17,127.6,115.6,111.0,115.7,122.4,116.4,114.1,122.2,116.7,110.1,117.1,128.8
ED-0085,2058,34:18,127.4,115.3,112.6,116.0,121.9,116.0,114.7,121.4,117.5,110.2,116.2,129.7
ED-0085,2059,34:19,126.7,114.4,112.2,114.5,121.1,114.5,113.3,121.3,116.4,108.7,116.3,129.4
ED-0085,2060,34:20,126.6,114.4,112.9,113.8,121.0,115.1,112.7,121.0,115.9,108.9,116.0,128.7
ED-0085,2061,34:21,127.3,114.5,110.6,114.0,120.0,113.8,112.4,120.5,116.5,108.4,117.8,128.8
ED-0085,2062,34:22,125.1,114.2,111.5,113.7,119.7,114.5,112.7,120.4,115.5,108.5,116.0,128.8
ED-0085,2063,34:23,125.6,114.0,111.2,113.7,120.6,114.2,112.4,119.8,116.4,108.5,115.5,128.6
ED-0085,2064,34:24,126.6,113.0,110.6,113.1,120.7,114.4,111.4,120.5,115.7,108.3,114.5,128.2
ED-0085,2065,34:25,124.9,113.0,109.7,113.6,120.1,113.1,112.6,119.5,114.4,107.9,115.4,128.4
ED-0085,2066,34:26,124.9,113.0,111.1,113.2,121.0,112.8,111.6,119.1,115.1,107.7,115.4,126.8
ED-0085,2067,34:27,124.2,112.5,110.5,112.9,118.6,113.4,111.8,119.4,114.6,107.0,115.6,126.8
ED-0085,2068,34:28,123.8,112.3,110.3,113.3,119.9,112.5,112.0,119.1,113.7,107.4,114.6,126.8
ED-0085,2069,34:29,124.7,112.1,109.5,112.7,118.9,112.4,110.7,119.5,113.8,106.9,114.4,126.2
ED-0085,2070,34:30,123.7,112.5,110.8,111.8,118.8,112.4,110.5,117.9,114.1,107.1,114.6,125.4
ED-0085,2071,34:31,124.6,110.9,109.7,111.2,118.7,112.4,111.1,118.2,113.5,106.0,114.3,126.9
ED-0085,2072,34:32,122.8,112.2,109.3,111.8,117.9,112.0,111.5,118.2,113.4,106.5,112.9,125.5
ED-0085,2073,34:33,121.9,111.5,109.4,112.5,117.7,112.4,110.9,117.5,113.6,106.8,113.0,126.3
ED-0085,2074,34:34,123.6,110.6,108.3,111.3,117.8,111.0,109.5,117.2,112.2,105.5,113.3,124.7
ED-0085,2075,34:35,123.5,111.0,108.4,110.7,116.5,111.2,109.6,117.5,112.9,106.7,113.4,125.5
ED-0085,2076,34:36,122.8,110.7,108.2,111.0,117.2,111.5,108.9,117.2,112.3,106.1,113.1,125.4
ED-0085,2077,34:37,122.1,110.6,108.4,111.0,116.3,110.7,109.4,116.1,111.7,105.3,112.5,124.5
ED-0085,2078,34:38,121.9,110.1,108.0,110.6,116.9,110.2,108.5,116.7,111.8,105.0,113.6,123.4
ED-0085,2079,34:39,122.5,110.3,107.1,109.7,115.7,110.8,109.4,116.1,111.4,104.6,112.3,123.9
ED-0085,2080,34:40,122.0,109.8,107.6,110.6,115.8,109.4,107.6,115.5,111.9,105.2,111.5,123.4
ED-0085,2081,34:41,121.2,109.2,107.5,109.8,115.3,109.2,107.7,115.5,111.1,104.1,110.6,122.7
ED-0085,2082,34:42,120.8,108.9,105.9,109.9,114.9,109.0,106.0,115.1,111.2,103.7,111.6,123.8
ED-0085,2083,34:43,121.2,108.8,106.5,109.3,114.9,109.5,107.6,115.5,111.5,104.1,111.2,123.5
ED-0085,2084,34:44,119.8,108.6,106.2,108.4,114.7,108.7,107.1,115.4,110.7,105.0,110.7,122.6
ED-0085,2085,34:45,120.9,108.1,107.2,108.6,114.3,108.0,106.2,115.1,110.7,103.4,111.7,121.7
ED-0085,2086,34:46,120.5,108.8,105.9,108.1,113.3,108.2,107.1,114.8,109.9,103.6,109.8,122.1
ED-0085,2087,34:47,120.2,107.9,106.4,108.7,113.3,108.7,106.0,114.0,110.6,103.5,110.5,122.8
ED-0085,2088,34:48,119.7,107.4,105.8,108.3,113.1,108.4,105.8,114.6,110.0,103.2,109.6,122.0
ED-0085,2089,34:49,119.9,107.5,106.4,107.2,112.9,108.0,106.3,114.0,109.4,103.0,109.7,121.7
ED-0085,2090,34:50,119.3,107.4,104.6,108.4,114.1,107.6,105.6,112.8,110.0,102.5,109.7,121.5
ED-0085,2091,34:51,118.8,106.5,105.1,108.0,111.9,108.0,106.1,113.6,108.9,103.0,109.1,120.7
ED-0085,2092,34:52,119.4,106.9,104.6,107.8,112.7,107.0,105.2,112.3,109.2,102.3,108.6,120.9
ED-0085,2093,34:53,118.6,105.5,105.5,107.3,111.8,107.0,104.4,112.2,109.2,102.8,108.5,120.0
ED-0085,2094,34:54,118.1,106.8,104.3,107.0,111.6,106.5,104.3,111.9,108.4,102.4,108.3,120.4
ED-0085,2095,34:55,117.8,105.9,104.1,106.7,112.1,106.2,103.8,112.0,108.2,101.3,107.6,119.7
ED-0085,2096,34:56,117.8,106.3,104.3,106.2,111.5,106.1,104.3,111.9,107.3,101.4,108.2,120.1
ED-0085,2097,34:57,117.4,104.5,103.8,106.2,110.7,105.5,105.0,111.0,107.5,101.4,106.9,120.7
ED-0085,2098,34:58,116.6,105.0,102.6,106.3,110.6,106.1,103.7,111.8,107.7,101.6,107.8,119.1
ED-0085,2099,34:59,117.7,105.2,103.0,106.5,111.2,105.6,103.3,111.1,107.3,100.8,107.6,118.6
ED-0085,2100,35:00,117.2,105.4,103.5,106.5,110.8,104.4,102.8,111.7,106.5,101.3,106.3,119.7
ED-0085,2101,35:01,116.2,104.8,103.0,105.4,109.8,104.2,103.0,110.5,107.0,100.6,106.5,118.5
ED-0085,2102,35:02,115.3,104.2,102.3,105.2,109.2,104.4,102.6,109.6,106.5,100.2,106.4,118.8
ED-0085,2103,35:03,115.5,105.6,102.8,105.4,109.5,103.8,101.7,110.0,105.9,99.6,106.0,118.4
ED-0085,2104,35:04,116.6,104.3,102.7,104.4,108.9,103.6,102.2,109.7,106.1,99.2,107.2,118.5
ED-0085,2105,35:05,116.7,103.9,101.9,104.4,110.6,103.0,101.5,109.3,105.4,99.8,106.0,117.9
ED-0085,2106,35:06,115.7,104.0,101.9,104.3,108.1,104.0,101.7,109.4,105.5,98.4,105.5,117.7
ED-0085,2107,35:07,115.4,104.4,102.3,103.6,108.7,104.2,101.8,109.8,105.7,100.9,105.4,116.7
ED-0085,2108,35:08,115.8,103.4,101.1,104.0,108.6,102.9,101.7,108.9,105.9,98.7,106.3,116.2
ED-0085,2109,35:09,115.6,103.0,101.6,103.5,107.6,102.9,100.2,108.4,104.8,99.3,105.6,116.5
ED-0085,2110,35:10,114.0,102.3,101.0,104.3,107.7,102.4,101.8,108.8,105.5,98.3,105.4,116.1
ED-0085,2111,35:11,115.5,102.7,101.3,103.4,107.9,101.5,99.6,108.3,104.6,98.4,104.0,116.6
ED-0085,2112,35:12,114.0,101.6,101.7,102.9,107.6,101.7,100.5,107.6,105.2,98.6,104.1,116.4
ED-0085,2113,35:13,114.2,102.2,100.7,102.5,106.3,101.8,99.6,107.1,104.2,98.4,104.4,115.1
ED-0085,2114,35:14,113.4,102.3,99.6,102.7,106.0,101.9,100.2,106.8,104.5,99.3,104.5,115.7
ED-0085,2115,35:15,113.9,101.6,100.3,102.5,107.2,102.1,99.7,106.4,103.7,98.0,103.5,115.2
ED-0085,2116,35:16,114.8,102.0,100.6,102.1,106.1,101.5,99.6,106.2,103.9,98.1,103.7,115.8
ED-0085,2117,35:17,114.2,100.2,99.5,101.7,105.9,101.5,99.4,107.0,102.9,97.3,103.6,116.0
ED-0085,2118,35:18,113.1,100.7,99.6,101.9,106.0,100.9,99.7,106.1,102.8,97.5,102.6,114.3
ED-0085,2119,35:19,112.6,100.1,99.5,102.1,105.4,100.0,99.5,105.9,102.9,97.7,102.2,115.5
ED-0085,2120,35:20,112.9,101.2,99.4,101.5,105.6,100.5,98.0,106.0,102.4,96.6,102.5,114.8
ED-0085,2121,35:21,113.1,100.7,98.8,101.1,105.1,99.8,97.9,106.1,102.6,96.4,102.9,114.3
ED-0085,2122,35:22,111.7,99.4,98.9,101.4,104.8,99.8,97.8,105.7,102.1,96.5,103.6,114.6
ED-0085,2123,35:23,111.7,100.0,98.5,100.2,104.7,99.1,98.1,105.4,102.3,96.1,102.0,113.5
ED-0085,2124,35:24,112.3,99.6,97.8,100.3,104.5,100.1,97.4,104.4,101.5,96.3,101.1,114.4
ED-0085,2125,35:25,110.5,100.0,98.4,100.9,103.7,98.4,97.7,104.5,101.1,95.4,100.9,113.6
ED-0085,2126,35:26,110.3,99.7,97.7,101.1,102.8,99.2,97.3,104.1,101.9,95.0,101.2,113.3
ED-0085,2127,35:27,111.7,100.3,97.8,100.8,103.4,98.5,97.3,104.4,100.0,95.5,101.7,112.4
ED-0085,2128,35:28,111.9,100.1,97.3,99.3,103.8,98.5,97.4,103.5,101.5,95.4,100.2,113.2
ED-0085,2129,35:29,110.1,98.9,97.8,99.8,102.6,98.1,96.8,103.4,101.6,95.1,101.1,111.6
ED-0085,2130,35:30,110.7,98.3,97.3,99.6,104.0,98.5,96.0,103.1,101.0,95.2,100.5,112.5
ED-0085,2131,35:31,109.9,98.3,97.9,99.1,102.9,97.8,96.4,103.7,101.4,95.6,100.5,111.7
ED-0085,2132,35:32,109.8,98.1,97.1,99.7,102.9,97.0,96.2,103.5,100.3,94.9,100.0,112.6
ED-0085,2133,35:33,110.2,97.6,96.7,99.0,102.1,96.8,95.9,103.1,100.8,95.0,98.9,111.3
ED-0085,2134,35:34,110.0,98.1,95.9,99.4,102.1,97.2,94.6,102.2,100.4,95.6,99.8,111.6
ED-0085,2135,35:35,109.5,97.4,96.1,98.2,101.9,97.5,95.4,102.4,98.7,94.8,99.7,110.9
ED-0085,2136,35:36,108.5,97.6,95.7,98.8,101.5,97.6,95.4,101.7,99.5,94.7,99.1,111.3
ED-0085,2137,35:37,108.5,98.4,96.0,97.4,101.3,97.2,95.9,101.2,99.7,94.1,98.8,110.6
ED-0085,2138,35:38,109.0,97.1,96.0,98.7,100.8,96.7,95.2,101.8,99.5,94.4,99.1,110.5
ED-0085,2139,35:39,109.2,97.2,95.6,98.6,101.1,95.7,94.6,102.3,99.2,93.6,98.2,109.6
ED-0085,2140,35:40,109.6,96.8,95.1,97.5,100.5,96.4,93.9,101.5,98.7,93.5,98.2,109.9
ED-0085,2141,35:41,107.7,96.2,95.1,98.0,101.2,94.5,94.5,101.4,99.4,94.3,98.2,109.7
ED-0085,2142,35:42,108.0,96.2,95.0,98.2,99.9,95.7,93.8,100.7,99.1,93.4,97.2,110.3
ED-0085,2143,35:43,107.6,95.8,95.3,97.1,100.7,94.3,95.2,101.7,97.7,92.3,98.6,109.3
ED-0085,2144,35:44,107.6,96.7,94.5,98.6,99.2,94.8,93.7,100.4,98.5,93.1,98.0,109.5
ED-0085,2145,35:45,108.1,95.2,94.2,97.0,99.6,94.4,93.3,100.1,97.4,92.9,96.8,108.5
ED-0085,2146,35:46,107.5,95.4,94.8,96.9,99.4,95.1,92.9,99.2,98.0,92.5,96.8,109.1
ED-0085,2147,35:47,106.0,95.3,94.0,96.7,99.2,93.7,92.8,100.2,96.5,92.4,97.9,108.4
ED-0085,2148,35:48,107.5,94.5,94.1,96.5,99.7,94.2,92.6,99.4,97.9,91.6,97.4,107.9
ED-0085,2149,35:49,106.2,95.0,94.1,96.1,98.8,94.1,92.4,99.3,97.5,91.9,97.2,107.9
ED-0085,2150,35:50,105.9,95.4,93.9,96.1,97.3,94.3,92.8,98.8,97.1,92.8,96.2,107.8
ED-0085,2151,35:51,106.7,95.6,94.0,96.1,98.7,93.6,91.9,98.2,96.6,91.0,95.6,107.7
ED-0085,2152,35:52,106.2,94.3,93.3,95.3,97.5,93.9,92.5,99.2,96.1,91.3,95.7,108.1
ED-0085,2153,35:53,106.4,93.3,93.3,95.6,97.1,93.4,91.7,98.3,96.5,91.4,95.3,107.8
ED-0085,2154,35:54,105.5,94.5,93.5,94.9,98.4,93.4,91.5,98.3,96.7,91.5,95.0,108.2
ED-0085,2155,35:55,104.7,94.1,92.4,96.7,98.3,92.5,91.6,98.6,95.9,92.3,95.2,106.7
ED-0085,2156,35:56,105.5,93.6,92.0,95.3,97.4,92.5,91.5,99.0,95.9,90.9,94.5,108.2
ED-0085,2157,35:57,105.6,93.0,93.1,95.1,97.1,92.8,90.4,98.1,95.5,90.8,94.9,106.2
ED-0085,2158,35:58,105.3,93.2,92.5,94.4,96.6,92.5,89.7,96.2,95.9,91.2,94.5,106.7
ED-0085,2159,35:59,103.7,92.1,92.2,94.1,97.2,91.4,90.6,97.3,95.5,90.3,94.3,106.9
ED-0085,2160,36:00,104.6,92.6,91.7,94.5,97.0,91.5,91.0,98.0,94.1,89.9,93.5,105.9
ED-0085,2161,36:01,103.9,92.4,92.0,93.5,95.8,91.7,90.7,97.4,94.8,89.3,94.2,104.8
ED-0085,2162,36:02,104.5,92.2,91.3,93.8,96.7,91.6,89.4,98.2,94.9,89.6,94.1,106.3
ED-0085,2163,36:03,104.2,92.4,92.1,93.9,96.5,91.0,90.3,97.2,94.5,90.0,93.9,105.3
ED-0085,2164,36:04,103.5,91.4,91.7,93.4,95.4,91.4,89.9,97.6,94.6,88.8,94.1,105.0
ED-0085,2165,36:05,103.8,92.8,92.2,92.9,95.8,90.4,90.1,95.6,94.2,90.0,92.6,104.8
ED-0085,2166,36:06,103.2,91.2,90.1,92.9,96.4,90.1,89.6,96.5,95.0,88.9,93.7,104.3
ED-0085,2167,36:07,103.2,91.2,90.6,93.6,95.0,90.2,88.6,95.3,93.7,89.4,93.6,104.4
ED-0085,2168,36:08,103.1,91.3,90.7,92.4,95.7,90.5,88.6,95.9,93.3,88.2,92.7,103.8
ED-0085,2169,36:09,102.3,91.1,90.4,93.2,95.5,90.0,88.1,94.7,93.8,88.6,93.0,105.0
ED-0085,2170,36:10,102.5,91.2,90.6,92.7,94.2,90.3,88.3,95.8,92.5,88.1,91.6,104.4
ED-0085,2171,36:11,102.6,91.7,90.1,92.1,94.1,89.7,88.4,95.5,93.6,87.9,91.9,103.3
ED-0085,2172,36:12,102.0,90.6,90.3,92.9,94.2,89.0,88.2,95.1,92.7,87.9,90.9,104.1
ED-0085,2173,36:13,102.0,89.9,88.8,92.0,94.9,90.1,87.6,93.8,92.7,87.9,92.0,104.1
ED-0085,2174,36:14,101.4,89.8,89.9,91.6,93.9,88.4,87.6,94.0,92.9,88.1,92.1,104.0
ED-0085,2175,36:15,102.8,90.6,90.1,91.2,93.4,89.4,87.3,94.4,91.9,88.0,91.8,102.9
ED-0085,2176,36:16,102.1,90.8,89.4,90.4,93.1,88.7,87.1,93.5,92.6,86.7,91.2,102.5
ED-0085,2177,36:17,102.3,90.6,89.2,91.1,93.3,88.0,87.2,93.8,92.7,86.9,91.1,103.1
ED-0085,2178,36:18,100.8,90.2,88.9,90.9,93.0,88.5,88.1,94.3,91.8,86.9,90.5,103.6
ED-0085,2179,36:19,101.8,89.5,89.6,90.9,93.1,88.4,86.9,94.0,91.6,86.7,90.2,101.7
ED-0085,2180,36:20,100.4,90.2,88.5,90.9,93.4,88.1,87.4,92.8,91.7,86.8,90.9,102.2
ED-0085,2181,36:21,101.2,89.5,88.1,90.4,92.3,88.3,87.1,93.2,90.6,87.4,90.7,102.2
ED-0085,2182,36:22,100.8,88.9,87.4,89.4,92.7,87.0,86.0,93.6,91.4,86.7,90.0,101.8
ED-0085,2183,36:23,100.6,89.4,87.6,91.0,93.1,87.3,86.2,92.9,91.5,86.3,90.4,101.5
ED-0085,2184,36:24,100.2,88.3,88.1,89.7,90.8,87.7,85.5,92.2,90.4,86.8,91.9,100.7
ED-0085,2185,36:25,100.1,89.3,87.4,89.5,92.3,87.6,85.9,92.6,91.2,86.2,90.2,101.0
ED-0085,2186,36:26,98.9,88.2,87.4,88.9,91.7,87.1,85.9,92.6,89.7,86.9,88.4,101.0
ED-0085,2187,36:27,98.8,88.1,86.9,89.4,90.6,87.3,85.6,91.5,90.3,86.0,90.2,101.7
ED-0085,2188,36:28,100.0,88.1,87.1,89.4,90.6,87.7,85.2,91.5,89.7,85.4,89.8,100.6
ED-0085,2189,36:29,99.0,87.9,86.4,89.3,92.0,86.9,84.9,90.6,90.4,85.6,88.2,100.7
ED-0085,2190,36:30,99.8,87.8,88.2,89.6,91.3,86.5,84.2,91.5,90.1,85.0,87.7,99.6
ED-0085,2191,36:31,98.6,87.6,87.0,88.7,90.6,86.0,84.8,91.4,88.9,85.5,89.1,99.4
ED-0085,2192,36:32,98.2,87.1,85.6,87.8,91.1,85.9,83.8,91.1,89.8,85.6,88.7,99.9
ED-0085,2193,36:33,99.2,87.5,86.2,88.4,90.4,86.9,84.1,91.2,89.6,85.4,87.2,100.2
ED-0085,2194,36:34,98.5,87.1,86.5,87.5,90.6,85.6,85.6,90.8,89.4,84.6,88.7,98.7
ED-0085,2195,36:35,98.4,87.0,86.2,89.1,90.3,85.6,83.8,91.2,88.6,84.7,87.6,100.0
ED-0085,2196,36:36,97.5,86.3,85.2,88.4,89.8,85.8,83.0,90.3,89.1,84.9,87.6,100.1
ED-0085,2197,36:37,97.5,87.2,86.5,88.6,89.5,84.6,84.8,90.4,89.0,84.6,88.2,99.2
ED-0085,2198,36:38,97.4,86.8,85.6,87.4,89.9,85.9,84.7,91.3,88.8,84.5,88.4,99.1
ED-0085,2199,36:39,97.6,86.8,86.9,88.8,90.2,85.0,83.7,90.3,88.8,83.9,88.0,98.6
ED-0085,2200,36:40,96.9,85.5,86.1,88.0,89.4,84.4,82.7,89.3,88.1,84.5,88.0,99.0
ED-0085,2201,36:41,96.9,85.8,85.1,87.2,89.0,85.3,82.9,89.9,87.3,84.1,88.1,99.4
ED-0085,2202,36:42,97.5,84.8,85.2,87.5,88.8,84.2,83.0,88.8,88.3,83.7,87.0,98.7
ED-0085,2203,36:43,96.5,85.4,85.7,87.3,88.9,84.7,82.3,88.8,88.4,83.0,87.4,98.2
ED-0085,2204,36:44,97.0,85.6,85.2,86.9,88.3,84.7,82.1,87.3,87.8,83.5,87.1,98.3
ED-0085,2205,36:45,96.7,84.7,84.9,86.7,86.8,83.1,83.2,89.2,87.4,83.6,86.8,97.7
ED-0085,2206,36:46,97.3,85.4,84.4,87.2,88.8,83.3,83.0,88.7,87.3,83.3,87.1,96.7
ED-0085,2207,36:47,96.8,85.1,84.6,85.9,87.8,83.4,83.1,88.6,87.2,83.0,86.4,97.3
ED-0085,2208,36:48,95.5,84.4,84.7,86.3,87.3,83.3,81.8,88.1,86.4,81.7,85.8,97.5
ED-0085,2209,36:49,95.7,85.1,84.9,85.3,87.7,83.7,82.6,87.6,86.6,82.3,85.6,97.1
ED-0085,2210,36:50,95.7,84.6,83.1,85.7,87.4,83.3,82.0,86.9,86.5,82.1,85.8,96.8
ED-0085,2211,36:51,95.2,84.3,84.8,86.0,86.8,82.7,81.8,86.8,86.8,82.0,85.4,96.8
ED-0085,2212,36:52,94.7,84.0,84.0,85.5,87.3,82.6,80.9,87.0,86.5,83.1,85.0,96.1
ED-0085,2213,36:53,95.6,83.8,83.9,86.3,85.6,82.5,80.8,87.0,85.3,82.9,85.0,96.9
ED-0085,2214,36:54,95.1,83.9,82.7,85.9,87.8,81.7,81.1,87.3,86.2,82.1,84.8,96.3
ED-0085,2215,36:55,94.0,83.3,83.2,84.8,86.3,83.2,81.2,87.3,85.5,81.1,84.3,96.0
ED-0085,2216,36:56,94.6,83.0,82.9,85.2,87.0,81.5,80.2,86.1,86.1,81.8,84.5,94.6
ED-0085,2217,36:57,94.7,83.1,82.9,84.7,85.6,82.4,80.1,86.1,85.5,80.7,84.0,95.6
ED-0085,2218,36:58,93.9,83.1,82.8,83.8,86.1,82.2,80.3,86.8,85.5,81.8,84.2,95.5
ED-0085,2219,36:59,94.7,82.9,82.6,84.6,85.7,81.9,79.8,86.6,84.9,82.4,84.4,94.3
ED-0085,2220,37:00,94.0,82.4,82.6,84.3,85.7,81.5,80.0,85.9,85.1,81.6,83.5,94.3
ED-0085,2221,37:01,94.1,83.1,82.4,84.4,84.6,81.6,79.5,84.6,84.7,80.9,83.6,95.2
ED-0085,2222,37:02,93.8,81.9,82.1,84.4,84.9,80.2,79.6,85.0,85.1,81.3,83.5,94.7
ED-0085,2223,37:03,93.7,82.1,82.3,83.6,84.7,80.8,79.7,85.8,84.8,81.6,83.3,95.0
ED-0085,2224,37:04,93.6,81.6,82.6,83.6,84.9,81.3,79.1,86.5,84.8,79.9,83.2,94.7
ED-0085,2225,37:05,92.5,82.0,82.8,84.6,84.3,81.1,80.2,85.4,84.0,81.4,83.4,94.0
ED-0085,2226,37:06,93.4,81.1,81.9,82.8,84.1,80.4,79.1,84.6,85.1,79.3,82.8,93.5
ED-0085,2227,37:07,92.1,81.4,81.7,83.4,83.5,80.1,79.5,85.1,83.8,79.2,83.3,94.1
ED-0085,2228,37:08,92.2,82.2,81.0,83.2,84.5,79.9,79.2,85.2,84.2,80.9,82.9,94.1
ED-0085,2229,37:09,93.1,82.1,81.8,83.7,84.9,79.8,79.2,83.3,84.4,79.4,82.3,93.7
ED-0085,2230,37:10,92.9,81.3,81.4,83.2,83.6,79.4,79.0,83.6,83.3,79.3,82.9,93.7
ED-0085,2231,37:11,92.1,81.4,81.3,82.8,83.1,79.4,78.4,84.0,84.4,79.8,81.6,93.3
ED-0085,2232,37:12,91.8,80.9,81.9,82.0,83.7,80.9,77.9,83.4,83.1,78.8,82.9,92.9
ED-0085,2233,37:13,90.9,81.1,80.5,82.4,82.9,79.5,78.0,83.1,83.2,79.7,81.9,92.4
ED-0085,2234,37:14,92.0,81.2,80.9,82.0,83.5,79.4,78.7,84.2,83.5,79.3,81.5,91.9
ED-0085,2235,37:15,91.5,81.3,80.0,81.3,83.3,79.3,78.1,83.3,82.4,79.0,82.1,94.2
ED-0085,2236,37:16,91.5,80.7,80.8,82.7,82.6,79.8,77.6,84.1,82.0,79.1,81.5,92.0
ED-0085,2237,37:17,91.6,80.3,79.5,81.8,82.1,78.7,78.2,82.9,82.0,79.0,81.9,92.0
ED-0085,2238,37:18,91.8,80.2,80.0,82.0,83.3,78.6,77.1,83.7,82.9,80.0,81.2,91.9
ED-0085,2239,37:19,91.9,79.3,80.1,82.0,82.0,78.8,77.6,83.0,83.7,78.4,81.3,92.0
ED-0085,2240,37:20,90.2,80.3,79.0,81.0,83.1,78.4,77.1,82.7,82.0,78.0,80.4,92.7
ED-0085,2241,37:21,90.7,79.6,79.8,82.1,82.5,78.9,76.3,82.1,81.5,77.4,81.3,92.9
ED-0085,2242,37:22,90.1,78.6,79.9,81.0,82.7,78.3,76.7,83.0,82.3,78.3,80.9,91.1
ED-0085,2243,37:23,91.0,80.1,79.8,81.1,82.2,78.2,75.6,82.0,80.9,77.9,80.9,91.0
ED-0085,2244,37:24,90.6,79.8,79.9,80.6,81.8,78.3,76.2,82.7,81.1,78.1,79.8,90.7
ED-0085,2245,37:25,89.5,79.7,78.5,81.0,81.4,78.2,76.7,81.5,81.4,77.4,81.3,91.3
ED-0085,2246,37:26,89.6,78.8,78.6,79.6,80.7,77.3,75.5,81.8,80.9,77.1,79.7,91.3
ED-0085,2247,37:27,89.4,79.5,79.2,80.7,79.9,77.6,75.6,81.8,80.9,77.2,80.6,90.5
ED-0085,2248,37:28,89.5,78.9,78.1,80.6,81.4,76.2,76.0,81.9,80.2,77.3,80.3,91.0
ED-0085,2249,37:29,90.0,78.7,78.5,80.0,81.7,77.6,76.4,81.3,81.6,76.4,80.5,90.6
ED-0085,2250,37:30,90.1,79.5,78.7,80.2,80.5,76.6,75.7,81.8,81.2,77.1,79.9,90.0
ED-0085,2251,37:31,88.9,78.0,78.9,80.2,80.3,77.3,75.5,80.8,80.7,76.9,79.8,90.7
ED-0085,2252,37:32,89.0,78.5,78.3,80.7,80.6,76.5,74.8,80.9,80.8,76.3,79.1,89.9
ED-0085,2253,37:33,89.3,78.4,78.3,79.5,80.2,76.6,74.7,80.3,79.6,77.2,78.7,88.7
ED-0085,2254,37:34,89.3,78.9,77.5,79.7,79.9,77.2,75.1,80.3,80.9,77.1,78.7,89.5
ED-0085,2255,37:35,88.3,77.2,77.3,79.1,80.2,75.9,74.8,80.2,80.0,76.8,78.1,89.6
ED-0085,2256,37:36,87.9,77.6,77.2,80.1,79.2,75.5,73.8,80.2,79.3,76.8,79.1,89.1
ED-0085,2257,37:37,88.0,77.5,76.6,79.9,79.4,76.4,74.3,80.3,80.6,76.5,79.1,90.1
ED-0085,2258,37:38,88.2,78.5,76.4,79.0,79.6,75.9,75.5,80.5,79.0,76.7,77.8,88.4
ED-0085,2259,37:39,89.0,77.4,77.0,79.3,79.5,75.1,75.1,79.7,78.7,75.4,78.5,87.8
ED-0085,2260,37:40,88.1,77.4,77.5,78.3,79.0,75.8,73.7,80.2,79.7,76.2,77.8,88.6
ED-0085,2261,37:41,87.8,77.3,77.1,78.0,79.4,75.7,73.8,79.8,78.8,76.5,77.7,88.4
ED-0085,2262,37:42,87.3,76.2,76.6,79.0,78.6,75.4,74.8,79.2,80.0,76.1,77.9,89.6
ED-0085,2263,37:43,87.7,76.9,77.0,78.1,79.7,74.8,74.8,79.1,79.0,77.1,77.8,89.4
ED-0085,2264,37:44,88.1,77.4,77.0,78.6,79.8,74.7,73.8,79.5,78.6,75.5,77.7,87.7
ED-0085,2265,37:45,86.9,77.1,76.6,78.3,77.8,74.2,73.3,79.4,78.7,75.1,77.6,87.8
ED-0085,2266,37:46,87.3,75.7,77.2,77.7,78.3,75.5,73.6,78.3,78.2,74.8,77.7,88.2
ED-0085,2267,37:47,86.5,76.8,75.9,78.2,77.9,73.8,74.1,78.2,77.7,75.7,76.6,87.5
ED-0085,2268,37:48,86.6,76.9,75.4,78.4,78.4,74.6,72.7,79.2,78.7,74.8,77.6,87.4
ED-0085,2269,37:49,87.7,75.9,76.4,78.2,77.7,74.3,73.1,78.3,78.1,74.8,77.1,87.8
ED-0085,2270,37:50,87.2,75.5,76.1,77.2,77.6,74.6,72.4,78.7,77.9,74.7,76.5,87.4
ED-0085,2271,37:51,87.0,75.5,75.3,76.9,77.9,74.0,72.6,78.4,77.8,75.5,76.9,86.8
ED-0085,2272,37:52,86.2,74.9,76.4,77.5,76.4,74.6,71.7,79.1,77.9,74.4,76.4,86.7
ED-0085,2273,37:53,86.7,75.8,76.0,76.8,77.2,74.3,72.6,78.7,77.7,74.8,77.1,86.4
ED-0085,2274,37:54,86.8,75.7,75.3,77.4,76.3,73.6,71.6,77.9,77.7,74.9,76.5,86.3
ED-0085,2275,37:55,85.8,75.4,75.6,76.9,77.5,73.8,72.2,77.7,78.1,74.8,75.6,87.2
ED-0085,2276,37:56,85.9,75.3,75.3,76.9,77.0,74.0,72.1,76.6,76.1,74.2,76.4,86.1
ED-0085,2277,37:57,85.5,75.1,74.3,76.6,76.4,73.3,72.4,78.0,77.4,74.0,75.5,85.8
ED-0085,2278,37:58,85.7,75.2,74.5,76.2,76.0,74.2,72.2,78.2,77.3,73.1,74.9,86.5
ED-0085,2279,37:59,85.6,74.8,74.5,76.7,76.2,72.6,72.4,77.6,76.9,74.0,75.6,86.5
ED-0085,2280,38:00,85.3,75.3,73.7,75.7,76.7,73.8,71.4,75.9,76.6,73.6,74.8,85.6
ED-0085,2281,38:01,84.0,74.4,73.9,76.3,77.1,72.8,71.0,76.2,76.5,74.2,74.9,85.9
ED-0085,2282,38:02,84.9,73.9,74.6,76.5,75.6,72.9,71.2,77.2,76.9,73.8,74.5,86.2
ED-0085,2283,38:03,85.4,74.7,74.7,75.1,75.9,72.6,71.8,76.1,76.7,73.4,75.4,85.3
ED-0085,2284,38:04,84.4,74.4,74.0,75.5,75.8,71.7,70.4,76.3,75.6,73.3,75.6,85.2
ED-0085,2285,38:05,85.0,73.7,74.3,74.9,76.2,71.4,71.6,75.8,76.5,72.6,74.6,84.6
ED-0085,2286,38:06,83.9,74.1,75.1,75.1,75.4,72.8,71.1,75.6,75.7,73.0,74.6,84.4
ED-0085,2287,38:07,85.2,74.4,73.8,75.3,76.2,71.5,70.7,75.2,75.8,72.6,73.5,84.8
ED-0085,2288,38:08,84.2,72.7,73.9,76.3,74.4,71.9,71.2,75.4,75.2,73.1,73.2,84.7
ED-0085,2289,38:09,82.9,72.4,73.7,75.5,75.8,71.7,71.2,75.0,74.8,72.4,73.5,84.2
ED-0085,2290,38:10,83.6,73.0,73.2,74.5,75.0,71.8,69.7,75.8,75.2,72.3,74.4,84.9
ED-0085,2291,38:11,83.0,73.7,73.1,76.0,74.8,71.9,70.3,75.8,75.0,73.1,73.8,83.8
ED-0085,2292,38:12,84.4,74.2,71.9,75.5,74.1,71.6,69.9,75.4,76.6,72.9,74.8,84.4
ED-0085,2293,38:13,82.8,72.4,73.6,75.9,74.2,71.0,69.2,75.8,75.1,72.5,74.7,84.6
ED-0085,2294,38:14,83.5,73.5,72.7,74.1,75.3,71.1,70.7,74.0,74.5,71.8,73.7,83.4
ED-0085,2295,38:15,83.3,72.9,72.7,75.1,73.2,70.0,70.0,74.4,75.0,71.7,74.0,83.5
ED-0085,2296,38:16,83.4,72.0,72.0,74.5,73.5,71.2,69.6,74.0,75.0,72.2,74.3,83.8
ED-0085,2297,38:17,83.3,73.0,73.9,74.7,74.0,70.1,70.0,74.5,75.2,71.7,73.0,83.9
ED-0085,2298,38:18,82.6,71.7,73.0,73.4,73.6,70.7,69.2,74.0,74.9,71.7,73.7,83.5
ED-0085,2299,38:19,83.3,72.4,72.5,74.0,74.0,70.3,69.7,74.0,74.3,71.2,72.0,83.7
ED-0085,2300,38:20,82.9,72.2,73.0,74.8,73.0,70.4,69.1,74.4,73.8,72.4,73.0,83.5
ED-0085,2301,38:21,81.4,71.8,71.9,73.9,73.4,70.7,69.0,73.4,73.6,71.5,73.1,82.6
ED-0085,2302,38:22,83.1,72.8,71.8,74.1,73.5,69.3,69.4,74.0,73.5,71.0,74.2,82.2
ED-0085,2303,38:23,81.9,72.2,72.9,74.3,73.0,69.8,69.0,73.2,73.9,71.6,72.5,82.5
ED-0085,2304,38:24,81.6,71.3,71.6,72.8,72.5,70.3,68.6,73.9,72.8,71.0,73.1,82.5
ED-0085,2305,38:25,82.2,72.4,72.4,73.1,73.8,70.0,69.4,72.7,75.0,71.3,71.8,83.0
ED-0085,2306,38:26,82.0,70.9,71.1,73.7,73.7,69.3,68.9,73.1,73.7,71.0,72.2,83.0
ED-0085,2307,38:27,81.9,70.7,71.8,73.3,72.6,68.9,68.6,73.8,73.6,70.6,73.2,82.1
ED-0085,2308,38:28,81.8,71.9,71.6,73.1,72.8,69.3,69.4,72.9,72.7,70.8,71.6,81.3
ED-0085,2309,38:29,80.9,71.6,71.5,73.0,72.9,69.5,68.8,73.1,72.8,69.8,71.7,81.7
ED-0085,2310,38:30,80.7,70.8,71.2,71.4,72.3,68.9,67.6,72.8,73.8,69.9,72.8,81.1
ED-0085,2311,38:31,80.0,70.6,70.9,73.2,71.6,69.2,67.2,72.7,73.0,70.1,70.9,81.5
ED-0085,2312,38:32,80.5,71.1,71.7,72.0,71.3,69.2,67.6,72.0,72.6,70.0,71.1,80.7
ED-0085,2313,38:33,81.8,71.4,71.3,71.6,71.5,68.6,67.4,71.6,72.7,70.6,71.4,81.5
ED-0085,2314,38:34,79.7,71.6,71.8,72.5,72.0,69.7,67.4,71.8,73.8,69.5,71.6,81.0
ED-0085,2315,38:35,80.8,69.5,70.4,72.8,72.4,67.6,67.5,72.0,72.2,69.7,71.2,80.9
ED-0085,2316,38:36,79.9,70.7,71.2,72.8,72.2,67.7,67.1,71.5,72.7,69.2,70.8,80.9
ED-0085,2317,38:37,80.3,70.2,70.4,71.2,71.3,66.8,67.6,72.2,72.3,69.9,70.4,81.1
ED-0085,2318,38:38,80.1,70.6,70.0,71.3,72.6,67.7,67.0,70.6,72.8,69.5,70.6,80.9
ED-0085,2319,38:39,80.3,69.6,70.4,72.1,71.7,68.3,67.5,71.2,71.7,69.5,70.9,80.0
ED-0085,2320,38:40,80.5,69.3,69.5,71.8,70.9,67.3,66.5,71.4,72.4,68.5,70.4,81.0
ED-0085,2321,38:41,79.7,70.2,70.6,71.0,71.2,68.3,66.6,71.0,72.2,69.9,70.6,80.2
ED-0085,2322,38:42,79.5,69.6,70.3,70.9,70.7,67.8,66.5,71.1,71.4,68.6,70.1,80.3
ED-0085,2323,38:43,79.2,69.3,69.3,72.1,71.0,68.5,66.5,71.6,71.4,69.2,69.9,80.1
ED-0085,2324,38:44,80.3,68.7,69.7,71.3,71.2,68.3,66.0,71.5,70.7,68.3,70.6,79.7
ED-0085,2325,38:45,80.0,69.6,69.9,71.7,70.8,68.1,66.2,71.3,71.4,68.8,70.3,79.7
ED-0085,2326,38:46,78.6,69.0,69.7,71.3,69.6,67.5,66.3,70.5,71.2,69.0,69.5,80.1
ED-0085,2327,38:47,79.2,68.6,69.3,71.2,70.5,67.4,65.9,71.3,71.4,68.0,70.1,79.6
ED-0085,2328,38:48,78.8,69.6,68.8,70.8,70.6,67.9,66.1,70.3,71.2,68.3,69.7,80.2
ED-0085,2329,38:49,79.7,69.5,68.8,69.8,70.3,66.3,65.3,70.2,70.5,68.0,69.7,80.7
ED-0085,2330,38:50,78.4,69.0,69.2,70.5,69.5,67.0,65.5,70.7,70.6,68.5,69.4,79.5
ED-0085,2331,38:51,78.8,68.6,68.6,70.9,70.4,66.9,65.2,70.5,71.3,68.2,69.4,79.4
ED-0085,2332,38:52,78.3,67.1,68.4,70.9,69.7,67.4,65.1,70.5,70.6,68.5,68.9,78.2
ED-0085,2333,38:53,78.6,69.4,68.8,69.4,69.3,65.5,66.0,69.1,70.4,67.7,69.6,78.7
ED-0085,2334,38:54,78.2,68.2,69.5,70.3,69.3,66.3,65.3,70.6,70.0,67.8,69.5,78.3
ED-0085,2335,38:55,77.2,68.2,68.9,69.4,69.7,66.4,65.0,69.7,69.9,67.0,69.1,78.7
ED-0085,2336,38:56,78.1,67.7,67.7,69.7,69.2,66.1,65.5,70.9,69.8,67.5,69.1,78.7
ED-0085,2337,38:57,78.3,68.2,68.4,69.0,68.8,66.5,64.6,69.1,70.1,68.7,69.8,78.0
ED-0085,2338,38:58,78.1,68.2,67.3,68.6,69.5,66.3,64.7,69.3,69.3,69.2,68.1,78.0
ED-0085,2339,38:59,77.7,68.3,68.6,70.0,69.1,66.0,64.6,69.8,69.2,67.0,68.0,78.0
ED-0085,2340,39:00,77.5,68.2,68.8,68.1,69.7,65.9,64.8,70.3,69.5,66.9,68.7,77.6
ED-0085,2341,39:01,78.3,67.8,68.7,70.3,69.9,65.4,65.8,69.7,69.7,66.5,68.0,77.1
ED-0085,2342,39:02,76.7,67.0,68.2,69.2,67.8,65.5,64.4,69.3,70.0,67.5,67.9,77.4
ED-0085,2343,39:03,77.0,67.5,68.1,69.4,68.0,65.4,64.9,69.1,69.9,67.4,67.9,77.3
ED-0085,2344,39:04,78.3,67.2,67.7,69.5,68.3,65.5,63.6,68.6,69.1,66.9,67.5,77.3
ED-0085,2345,39:05,77.4,67.6,68.0,68.9,69.5,65.3,64.4,68.9,68.8,66.0,68.5,77.2
ED-0085,2346,39:06,77.4,66.4,67.3,68.0,68.6,65.0,64.6,68.2,69.0,66.5,66.8,77.5
ED-0085,2347,39:07,77.2,66.6,66.8,69.0,67.8,65.5,64.2,68.6,69.2,67.0,67.5,77.9
ED-0085,2348,39:08,76.9,67.6,66.8,69.5,68.3,65.9,63.9,67.6,69.5,66.5,67.6,76.9
ED-0085,2349,39:09,76.6,66.8,66.7,68.9,68.8,65.5,63.2,68.3,69.0,66.6,68.3,77.1
ED-0085,2350,39:10,75.7,67.1,67.8,69.0,68.3,65.0,64.3,67.9,68.3,65.7,68.3,76.5
ED-0085,2351,39:11,75.3,67.2,67.3,68.6,68.3,65.7,64.0,68.0,68.4,66.1,67.4,76.1
ED-0085,2352,39:12,75.8,67.4,66.4,67.5,67.7,64.1,64.0,68.0,68.8,66.9,66.9,75.5
ED-0085,2353,39:13,75.5,66.3,67.1,68.8,67.0,64.6,65.0,68.9,68.3,65.8,67.0,76.9
ED-0085,2354,39:14,75.7,66.1,66.9,67.8,67.6,65.3,63.9,68.7,67.5,66.2,66.7,76.5
ED-0085,2355,39:15,76.1,66.7,66.8,67.6,67.0,63.9,63.1,67.7,68.8,66.3,67.6,77.5
ED-0085,2356,39:16,76.0,66.6,67.0,68.5,66.1,64.7,63.0,67.2,68.6,65.7,66.5,76.0
ED-0085,2357,39:17,75.9,66.0,66.8,67.8,66.0,64.2,62.8,68.1,68.9,65.4,67.1,75.1
ED-0085,2358,39:18,75.0,66.3,66.1,67.5,66.4,64.3,64.0,67.6,68.5,65.4,66.9,76.1
ED-0085,2359,39:19,75.4,66.9,66.7,67.6,67.5,64.2,63.0,66.6,68.3,64.9,65.6,76.1
ED-0085,2360,39:20,75.4,65.5,66.0,67.8,67.7,64.0,62.2,66.9,67.5,65.9,66.1,75.8
ED-0085,2361,39:21,75.4,66.2,65.9,66.4,66.8,62.9,63.2,67.5,67.2,65.5,65.5,75.5
ED-0085,2362,39:22,75.0,65.6,66.7,67.5,65.9,62.4,62.9,66.7,67.4,66.0,65.5,76.2
ED-0085,2363,39:23,75.1,65.4,65.5,67.2,66.3,63.4,62.6,67.2,67.2,65.5,65.7,75.4
ED-0085,2364,39:24,74.4,65.8,66.5,67.4,65.9,63.3,63.1,66.6,67.4,64.8,65.8,75.4
ED-0085,2365,39:25,74.5,65.7,65.9,66.8,66.1,63.9,62.1,67.7,66.4,64.8,65.4,74.3
ED-0085,2366,39:26,75.3,64.8,64.9,66.6,66.1,63.0,61.9,67.2,67.7,64.9,64.9,75.4
ED-0085,2367,39:27,74.6,65.3,65.4,67.8,66.5,62.9,62.0,66.7,66.9,65.7,65.4,75.3
ED-0085,2368,39:28,74.9,65.8,65.9,67.2,65.6,62.4,61.7,66.7,66.8,65.6,65.5,75.3
ED-0085,2369,39:29,73.7,64.7,65.6,66.6,66.1,62.9,62.5,65.5,66.8,64.2,65.5,75.4
ED-0085,2370,39:30,74.1,65.9,64.9,67.0,64.5,63.2,61.0,66.5,66.9,64.7,65.3,74.6
ED-0085,2371,39:31,75.3,64.9,64.5,65.8,65.2,62.2,62.5,65.7,66.7,65.5,65.0,74.2
ED-0085,2372,39:32,73.6,64.2,65.0,65.4,65.4,62.5,60.9,66.7,66.1,64.7,65.0,74.3
ED-0085,2373,39:33,73.0,64.5,65.7,66.3,64.8,62.8,62.4,65.9,66.1,64.3,64.6,74.0
ED-0085,2374,39:34,74.6,65.0,64.6,66.1,64.8,62.9,61.6,66.2,65.9,64.4,65.0,73.5
ED-0085,2375,39:35,73.9,63.6,64.2,65.8,65.3,63.0,61.7,65.5,65.6,63.6,65.3,73.8
ED-0085,2376,39:36,74.3,63.5,64.6,66.1,65.0,62.9,61.1,65.9,67.2,64.3,63.5,74.7
ED-0085,2377,39:37,73.3,63.6,64.9,66.6,64.7,62.6,60.6,65.6,66.1,64.4,64.5,74.0
ED-0085,2378,39:38,73.5,64.9,64.1,65.8,64.9,61.9,60.5,64.7,66.7,63.3,64.9,73.4
ED-0085,2379,39:39,73.9,64.1,64.9,65.8,65.6,62.0,60.3,65.3,65.7,64.1,63.3,73.2
ED-0085,2380,39:40,73.7,64.4,64.5,65.4,64.6,62.9,61.1,65.0,65.9,63.2,64.4,73.5
ED-0085,2381,39:41,73.3,63.6,64.4,65.1,65.5,62.2,60.6,64.6,66.8,63.1,63.8,73.6
ED-0085,2382,39:42,72.1,63.7,64.9,65.1,65.7,61.8,60.4,64.8,65.7,64.1,64.8,74.6
ED-0085,2383,39:43,71.5,64.0,63.8,65.9,65.2,60.6,60.8,64.6,64.9,63.5,64.4,72.8
ED-0085,2384,39:44,73.8,64.3,63.9,64.7,63.8,60.2,60.3,64.9,65.2,62.2,63.5,73.6
ED-0085,2385,39:45,72.4,63.3,63.8,63.9,63.3,60.5,60.6,63.8,65.3,62.0,63.8,73.3
ED-0085,2386,39:46,72.3,63.7,63.4,65.7,63.5,62.0,60.6,64.7,67.1,63.1,63.8,72.9
ED-0085,2387,39:47,72.8,64.2,64.0,64.2,63.4,61.0,60.0,64.2,65.3,63.3,63.5,72.6
ED-0085,2388,39:48,72.8,63.0,64.5,65.8,63.7,61.2,60.8,63.7,64.8,63.2,63.4,73.2
ED-0085,2389,39:49,72.2,62.5,62.9,64.4,65.4,61.4,59.6,64.5,65.6,63.3,64.2,73.8
ED-0085,2390,39:50,72.3,63.1,63.7,64.3,63.4,61.1,60.3,63.8,65.5,62.2,63.0,73.0
ED-0085,2391,39:51,72.6,63.6,62.7,65.7,63.8,61.4,60.2,64.3,65.1,62.2,63.5,72.3
ED-0085,2392,39:52,71.7,62.8,63.1,63.7,63.9,62.2,60.2,63.4,65.2,62.8,63.0,71.8
ED-0085,2393,39:53,71.8,63.1,63.5,64.3,63.7,59.9,60.9,63.6,64.2,62.8,63.3,72.2
ED-0085,2394,39:54,71.6,62.2,63.4,64.3,63.4,61.2,60.0,64.2,65.2,62.6,62.8,72.7
ED-0085,2395,39:55,71.9,63.0,62.4,63.9,62.7,60.1,59.7,63.7,64.1,62.5,63.5,72.0
ED-0085,2396,39:56,71.0,62.7,63.5,64.5,62.5,61.9,59.8,63.8,64.3,62.5,62.7,71.9
ED-0085,2397,39:57,71.3,63.1,62.5,64.0,62.5,60.1,59.7,64.2,63.7,62.9,63.0,72.1
ED-0085,2398,39:58,71.7,63.0,63.5,64.1,63.2,61.3,58.9,64.0,63.8,61.9,62.2,71.7
ED-0085,2399,39:59,71.1,61.8,62.2,63.8,63.0,60.8,60.3,63.3,63.8,62.2,63.6,72.8
