trial_id,time_s,time_mmss,T_LH_HOOD,T_LH_FENDER,T_LH_FRONT_DOOR,T_LH_REAR_DOOR,T_LH_Q_P,T_LH_T_G,T_RH_T_G,T_RH_Q_P,T_RH_REAR_DOOR,T_RH_FR_DOOR,T_RH_FENDER,T_RH_HOOD
ED-0020,0,00:00,34.7,34.5,35.0,35.4,33.5,34.1,34.9,35.2,35.6,34.9,35.5,35.5
ED-0020,1,00:01,34.5,36.2,35.2,34.7,34.9,35.1,35.0,35.7,36.3,34.2,35.6,34.9
ED-0020,2,00:02,34.9,35.4,34.7,35.2,35.3,34.9,35.1,35.4,34.9,34.9,34.4,33.8
ED-0020,3,00:03,35.3,35.3,34.6,34.6,36.3,35.0,34.5,35.7,35.2,34.5,34.7,34.7
ED-0020,4,00:04,35.9,35.1,35.3,34.8,35.0,34.6,35.1,36.5,33.9,34.5,35.1,34.7
ED-0020,5,00:05,35.5,34.3,34.5,34.7,33.0,34.8,35.1,35.8,34.3,34.7,35.1,34.4
ED-0020,6,00:06,34.3,34.6,34.8,35.8,35.4,35.4,35.2,34.4,34.9,35.0,35.1,35.3
ED-0020,7,00:07,34.9,36.3,35.1,35.6,36.2,34.2,34.8,34.5,35.1,33.6,35.2,35.2
ED-0020,8,00:08,35.2,35.5,34.4,34.2,35.1,35.3,34.9,35.0,35.3,34.4,35.1,35.1
ED-0020,9,00:09,34.8,34.4,35.3,36.0,34.1,35.4,34.8,34.4,34.8,35.4,34.1,34.1
ED-0020,10,00:10,35.1,34.8,34.6,34.2,35.0,34.0,35.2,34.9,34.9,34.9,34.7,35.2
ED-0020,11,00:11,34.7,34.6,35.8,34.8,34.2,36.4,35.6,36.2,34.6,34.7,34.0,34.6
ED-0020,12,00:12,34.4,34.8,35.8,34.8,34.2,35.0,35.8,35.0,34.1,36.2,34.5,35.6
ED-0020,13,00:13,35.1,35.7,36.0,35.0,34.4,34.9,36.1,35.5,34.6,35.6,35.7,35.9
ED-0020,14,00:14,35.1,35.0,34.7,34.7,34.5,36.0,35.3,35.0,34.4,34.4,36.0,35.2
ED-0020,15,00:15,35.7,34.5,35.4,35.8,34.7,35.2,35.5,35.2,34.6,34.9,35.1,35.0
ED-0020,16,00:16,34.3,35.4,35.9,35.4,35.0,34.4,34.8,34.9,35.1,35.8,34.1,35.8
ED-0020,17,00:17,33.7,35.4,33.9,35.0,35.7,35.0,34.9,35.1,35.9,34.8,35.6,35.3
ED-0020,18,00:18,35.4,34.7,34.9,35.3,35.3,35.1,35.1,35.0,33.7,36.1,33.9,35.3
ED-0020,19,00:19,35.2,35.0,34.4,35.6,35.1,35.6,34.4,34.9,34.3,35.2,35.9,34.2
ED-0020,20,00:20,35.0,35.6,34.6,34.5,35.0,35.7,34.5,35.4,36.3,35.1,35.3,34.6
ED-0020,21,00:21,34.7,34.2,34.1,35.9,35.1,34.2,35.7,35.3,34.8,36.0,36.0,35.7
ED-0020,22,00:22,34.4,33.8,36.0,34.4,35.3,34.0,35.5,35.5,34.5,35.2,34.7,35.1
ED-0020,23,00:23,34.9,34.8,35.9,34.9,34.8,36.1,35.6,33.7,34.6,34.8,35.6,34.8
ED-0020,24,00:24,35.5,36.1,34.8,34.8,34.9,34.4,35.5,34.7,35.5,36.1,33.7,34.8
ED-0020,25,00:25,34.8,35.3,35.8,36.0,35.9,35.6,34.8,34.9,34.2,36.1,35.0,35.5
ED-0020,26,00:26,35.4,35.2,35.9,35.5,34.9,35.3,34.6,35.2,35.3,34.8,34.7,35.1
ED-0020,27,00:27,35.5,34.3,35.6,35.1,34.9,35.6,34.7,35.1,34.9,36.5,34.3,34.5
ED-0020,28,00:28,35.6,35.2,35.8,34.8,35.4,34.7,35.2,35.0,35.3,35.3,34.0,35.0
ED-0020,29,00:29,34.9,34.3,35.3,34.6,34.7,34.5,35.7,35.4,34.7,35.2,35.0,35.8
ED-0020,30,00:30,34.9,34.7,36.3,35.2,34.1,35.4,36.4,35.0,35.7,34.7,34.9,34.8
ED-0020,31,00:31,34.3,35.6,34.9,35.6,35.7,34.9,35.2,34.3,35.3,34.9,34.6,35.4
ED-0020,32,00:32,35.7,35.7,35.9,35.5,35.6,35.0,35.0,35.1,35.2,36.0,35.8,35.5
ED-0020,33,00:33,34.7,34.9,35.6,35.4,35.1,34.8,34.3,34.9,36.1,35.9,35.0,35.5
ED-0020,34,00:34,34.1,36.3,35.7,35.0,34.3,35.8,35.6,34.7,35.8,34.8,34.6,34.7
ED-0020,35,00:35,35.2,35.2,35.8,35.9,35.5,34.4,35.0,35.0,35.3,35.7,34.6,34.7
ED-0020,36,00:36,35.0,35.9,35.0,36.3,33.7,34.6,34.7,35.5,34.7,35.7,34.7,34.0
ED-0020,37,00:37,35.4,35.2,35.1,35.0,34.6,36.0,34.6,34.9,36.0,35.2,35.9,35.8
ED-0020,38,00:38,34.6,34.9,35.4,35.0,35.1,34.9,34.5,34.0,35.8,34.5,34.8,36.0
ED-0020,39,00:39,36.4,36.4,35.4,34.9,34.0,36.1,34.5,34.7,35.2,34.5,34.5,33.8
ED-0020,40,00:40,34.4,34.8,35.5,35.0,35.5,35.5,34.0,34.8,35.3,35.6,34.9,35.4
ED-0020,41,00:41,35.7,34.7,35.5,35.6,35.8,34.8,36.7,36.1,35.9,35.2,34.5,34.8
ED-0020,42,00:42,35.3,35.4,35.4,35.3,34.7,33.6,34.7,34.7,35.0,34.6,35.2,35.0
ED-0020,43,00:43,35.3,35.7,35.6,36.0,34.0,35.2,35.4,34.6,35.7,35.0,35.9,35.0
ED-0020,44,00:44,34.5,35.2,35.4,35.6,34.4,36.0,34.7,35.4,34.8,35.3,35.4,34.3
ED-0020,45,00:45,35.2,35.1,35.3,35.5,35.3,35.0,33.8,35.1,35.2,35.3,35.0,35.6
ED-0020,46,00:46,35.3,35.4,35.7,35.4,35.5,35.0,34.1,35.0,34.9,35.4,34.7,35.3
ED-0020,47,00:47,35.4,35.4,35.1,35.9,35.2,34.6,34.8,34.1,36.0,35.1,35.3,34.1
ED-0020,48,00:48,34.6,35.6,34.8,34.8,35.1,34.5,34.4,34.8,36.3,35.5,34.9,34.5
ED-0020,49,00:49,35.1,34.6,34.8,35.1,35.5,34.6,34.4,34.5,35.2,35.1,35.1,34.7
ED-0020,50,00:50,35.0,34.9,34.5,35.5,34.9,34.4,34.8,35.8,35.9,36.1,34.6,35.0
ED-0020,51,00:51,34.9,35.5,35.2,35.5,35.2,35.1,35.3,35.0,35.0,35.6,35.8,35.2
ED-0020,52,00:52,35.5,35.5,34.7,34.4,36.0,35.6,34.8,34.7,35.4,35.9,34.7,35.0
ED-0020,53,00:53,34.3,34.5,36.8,35.1,34.6,34.1,34.4,34.8,34.9,35.7,35.2,35.4
ED-0020,54,00:54,35.2,36.2,35.3,35.9,35.0,34.5,34.9,35.1,35.9,36.1,35.7,34.7
ED-0020,55,00:55,36.0,34.8,35.5,35.1,34.7,34.7,34.9,34.5,35.0,34.7,36.0,35.9
ED-0020,56,00:56,35.3,34.8,35.0,34.8,34.7,34.9,33.9,35.8,35.4,36.5,36.3,35.3
ED-0020,57,00:57,35.5,35.9,35.4,34.5,34.3,35.3,33.7,35.4,35.9,35.7,35.8,35.3
ED-0020,58,00:58,34.6,35.8,34.9,35.1,34.3,35.0,34.8,35.4,36.1,35.5,35.6,35.2
ED-0020,59,00:59,34.7,35.7,35.2,36.0,35.6,35.5,34.8,35.6,34.9,35.2,34.9,36.1
ED-0020,60,01:00,34.1,35.5,35.6,35.3,34.8,35.3,34.3,35.2,36.4,36.4,35.2,35.7
ED-0020,61,01:01,35.6,35.8,35.6,34.3,34.1,35.5,35.1,35.2,35.6,35.3,35.0,35.4
ED-0020,62,01:02,35.5,35.0,35.4,34.7,35.7,35.3,34.5,35.7,35.0,35.8,35.5,34.7
ED-0020,63,01:03,35.0,35.8,35.8,35.2,35.6,34.8,36.0,36.2,35.3,34.9,35.2,35.4
ED-0020,64,01:04,36.1,35.7,34.6,35.7,35.0,34.4,35.1,35.0,35.1,35.0,36.3,35.6
ED-0020,65,01:05,35.3,34.8,36.0,36.0,34.7,35.8,35.1,35.3,35.2,36.0,35.9,35.3
ED-0020,66,01:06,35.6,35.5,35.4,35.9,34.8,35.3,35.7,35.8,36.0,35.9,35.4,34.8
ED-0020,67,01:07,34.5,35.3,35.0,34.8,35.1,35.3,34.5,35.5,35.1,36.2,36.0,35.1
ED-0020,68,01:08,35.5,36.0,35.5,35.7,35.4,35.4,36.1,34.8,34.8,36.4,35.3,35.5
ED-0020,69,01:09,34.7,35.4,35.3,35.0,34.8,35.5,35.7,35.1,35.1,35.7,34.9,35.8
ED-0020,70,01:10,35.0,35.7,35.8,36.0,35.8,34.7,35.5,35.9,36.0,36.1,35.8,35.3
ED-0020,71,01:11,35.5,34.9,36.0,35.1,35.4,35.2,35.4,35.2,37.2,36.6,35.0,35.6
ED-0020,72,01:12,34.9,35.8,35.8,35.8,35.0,35.0,35.7,35.3,35.5,35.8,36.5,35.6
ED-0020,73,01:13,35.5,35.2,35.7,36.5,35.3,35.5,34.9,34.9,35.5,35.4,35.7,36.2
ED-0020,74,01:14,35.4,35.7,35.4,35.5,35.2,35.1,35.6,35.3,35.6,36.4,36.2,35.8
ED-0020,75,01:15,35.5,35.8,35.5,36.5,35.5,35.5,35.9,35.6,36.6,35.7,35.2,35.3
ED-0020,76,01:16,34.9,34.6,35.5,35.4,35.3,35.4,35.8,34.7,37.0,35.9,35.4,35.4
ED-0020,77,01:17,35.7,35.5,35.3,35.6,34.6,36.0,35.2,35.8,36.6,36.0,34.9,35.5
ED-0020,78,01:18,36.3,35.9,35.8,35.3,35.3,35.5,34.6,36.1,35.9,35.3,36.4,35.4
ED-0020,79,01:19,35.6,36.7,35.1,35.7,35.4,35.3,35.5,35.7,36.0,34.4,36.5,36.4
ED-0020,80,01:20,35.6,36.3,36.3,35.3,35.0,35.4,35.6,35.7,36.5,35.8,35.3,36.4
ED-0020,81,01:21,35.3,35.3,35.5,36.2,35.2,35.4,35.0,35.7,35.9,35.1,35.9,35.9
ED-0020,82,01:22,35.3,35.6,35.9,35.0,35.1,34.8,35.5,35.7,35.6,36.6,36.5,34.2
ED-0020,83,01:23,35.3,34.8,36.3,35.8,35.2,35.5,35.2,35.3,35.5,36.0,34.9,34.9
ED-0020,84,01:24,34.7,36.6,35.7,34.4,35.4,35.1,35.4,35.7,35.9,35.4,36.3,36.1
ED-0020,85,01:25,35.4,36.3,36.7,35.1,34.7,34.4,35.5,34.3,35.6,35.5,35.8,35.1
ED-0020,86,01:26,35.1,35.8,37.1,36.0,35.4,34.2,36.0,35.5,36.0,36.4,36.5,36.5
ED-0020,87,01:27,35.6,35.2,36.0,35.1,36.2,36.2,35.9,35.7,36.3,36.6,35.8,35.5
ED-0020,88,01:28,35.7,37.0,35.8,35.0,35.9,35.2,34.9,35.6,36.0,36.1,36.7,35.3
ED-0020,89,01:29,35.2,35.6,36.2,36.6,35.0,34.7,35.3,35.7,36.1,36.3,35.7,36.5
ED-0020,90,01:30,34.7,35.0,35.8,35.7,35.5,34.9,35.8,35.5,35.8,36.2,36.3,35.3
ED-0020,91,01:31,35.2,35.5,36.6,36.3,35.1,36.1,35.5,35.6,35.7,35.5,36.3,35.7
ED-0020,92,01:32,35.6,36.3,35.1,36.1,35.4,35.6,34.5,35.1,35.9,36.5,36.3,36.4
ED-0020,93,01:33,35.5,35.6,35.9,36.2,35.6,35.6,35.6,35.6,35.6,36.4,35.7,35.9
ED-0020,94,01:34,37.0,35.3,36.6,35.8,35.1,35.2,35.1,34.8,36.5,36.1,35.7,35.6
ED-0020,95,01:35,36.3,36.2,36.6,35.5,35.0,35.0,35.5,35.2,36.5,36.3,36.0,35.1
ED-0020,96,01:36,35.1,34.6,36.0,36.5,35.4,35.5,34.7,35.6,35.6,36.4,36.3,35.9
ED-0020,97,01:37,35.4,35.5,37.3,35.7,35.1,34.5,35.8,35.6,36.7,36.2,36.4,36.7
ED-0020,98,01:38,35.2,36.2,37.5,35.1,35.6,36.1,36.1,36.1,36.5,37.1,36.4,35.7
ED-0020,99,01:39,35.8,36.6,36.2,36.8,35.0,35.8,35.6,36.4,36.3,36.4,35.9,35.7
ED-0020,100,01:40,35.3,36.0,36.5,36.6,34.3,35.9,36.0,35.8,36.3,36.3,35.9,36.2
ED-0020,101,01:41,36.2,36.1,36.1,36.5,35.2,35.1,35.5,35.3,36.3,36.6,36.1,35.0
ED-0020,102,01:42,35.8,35.6,36.5,36.9,35.8,35.8,35.6,35.9,36.2,37.0,35.6,35.6
ED-0020,103,01:43,36.1,36.8,36.3,35.6,35.0,36.2,35.8,36.2,36.3,36.2,35.8,37.3
ED-0020,104,01:44,36.4,35.9,37.3,36.0,36.3,35.2,35.8,35.6,35.9,36.4,37.0,35.5
ED-0020,105,01:45,35.7,36.2,36.4,36.0,36.6,35.8,35.8,35.6,37.4,37.2,36.6,36.1
ED-0020,106,01:46,35.2,37.0,36.7,37.5,36.1,35.7,35.5,34.7,36.5,36.5,36.6,35.9
ED-0020,107,01:47,35.0,35.6,36.7,36.7,36.0,36.7,36.0,36.1,35.5,37.0,36.2,35.9
ED-0020,108,01:48,35.7,35.7,36.3,37.0,35.5,36.0,36.0,35.1,37.0,37.2,37.2,36.7
ED-0020,109,01:49,35.0,36.7,35.9,36.3,36.1,35.1,36.5,35.7,35.8,36.5,36.8,36.5
ED-0020,110,01:50,35.7,36.8,36.7,36.9,36.0,34.6,36.4,35.0,35.9,36.5,37.0,35.6
ED-0020,111,01:51,36.0,36.7,37.4,36.9,36.3,36.0,35.1,36.5,36.9,36.2,36.2,36.0
ED-0020,112,01:52,36.3,35.5,37.4,36.8,35.9,35.7,35.4,35.9,36.8,36.2,37.2,36.0
ED-0020,113,01:53,35.9,36.8,36.7,36.2,36.4,35.0,35.5,35.2,36.8,37.2,36.1,36.5
ED-0020,114,01:54,35.7,35.6,38.1,37.4,37.5,36.4,35.0,35.9,36.3,37.0,37.2,35.7
ED-0020,115,01:55,35.4,37.4,37.6,36.4,36.2,35.4,36.5,36.4,37.3,37.6,37.1,36.2
ED-0020,116,01:56,35.7,36.0,38.4,37.8,36.9,36.0,36.0,36.3,37.2,36.9,37.1,36.1
ED-0020,117,01:57,35.8,36.2,37.4,37.1,35.5,35.4,36.8,36.7,37.2,36.7,36.4,36.4
ED-0020,118,01:58,36.3,36.5,37.2,37.0,35.3,34.9,35.0,35.9,37.0,36.6,36.9,36.4
ED-0020,119,01:59,35.7,36.4,38.2,36.8,35.7,36.0,35.3,35.7,37.0,37.9,36.7,36.5
ED-0020,120,02:00,36.7,37.1,36.6,37.8,35.5,35.7,35.8,35.8,37.1,37.3,36.9,36.6
ED-0020,121,02:01,35.8,37.2,37.8,37.9,35.5,36.4,36.6,36.3,36.5,37.6,36.7,37.0
ED-0020,122,02:02,36.4,36.6,37.6,37.4,35.7,35.7,37.1,35.9,37.2,37.2,36.8,36.7
ED-0020,123,02:03,36.3,38.1,37.9,37.6,35.9,35.2,35.1,36.6,36.4,37.6,37.3,36.4
ED-0020,124,02:04,36.2,37.4,38.1,37.1,36.8,35.5,36.6,36.4,36.8,38.0,35.7,36.1
ED-0020,125,02:05,35.8,36.6,37.2,37.1,36.9,36.0,36.1,36.2,37.8,38.1,37.2,36.1
ED-0020,126,02:06,36.4,37.1,38.4,38.4,35.9,36.2,36.2,36.9,37.8,37.2,37.1,36.3
ED-0020,127,02:07,36.5,37.7,37.2,37.3,36.4,36.6,36.0,36.7,37.4,38.5,37.6,36.6
ED-0020,128,02:08,36.1,36.6,37.6,36.7,37.0,35.8,35.8,36.3,39.2,37.8,37.4,36.8
ED-0020,129,02:09,35.8,36.7,37.5,37.7,36.9,35.9,35.8,37.3,37.2,38.9,37.3,37.0
ED-0020,130,02:10,37.1,37.2,38.6,38.0,37.1,36.1,35.5,36.5,38.0,37.2,37.7,36.0
ED-0020,131,02:11,36.3,37.1,37.8,36.7,35.8,36.2,35.9,36.6,37.3,38.0,37.5,36.8
ED-0020,132,02:12,36.3,38.0,37.3,38.9,35.8,35.8,36.3,36.8,38.4,38.3,38.1,36.7
ED-0020,133,02:13,36.6,36.9,38.5,37.4,36.5,36.3,36.0,36.2,37.5,38.7,38.1,36.0
ED-0020,134,02:14,36.4,37.7,38.6,37.4,36.5,36.1,36.0,35.7,37.5,38.1,38.2,36.4
ED-0020,135,02:15,37.3,37.7,38.1,38.3,36.1,36.0,36.4,37.3,38.3,39.0,38.7,37.0
ED-0020,136,02:16,36.5,38.1,38.3,37.8,36.6,35.6,35.6,37.2,38.2,39.3,37.2,37.2
ED-0020,137,02:17,36.6,37.9,38.2,39.0,36.0,36.4,36.9,37.2,37.8,39.0,37.7,36.6
ED-0020,138,02:18,36.1,37.5,39.4,38.6,36.5,36.6,35.4,36.3,38.0,39.0,37.3,36.7
ED-0020,139,02:19,37.2,39.3,39.2,38.4,36.8,34.9,37.1,37.1,37.8,37.2,37.3,36.5
ED-0020,140,02:20,37.2,38.2,38.8,39.0,36.6,36.4,35.9,37.3,37.8,38.7,37.9,37.2
ED-0020,141,02:21,37.0,38.4,38.9,39.2,36.7,36.1,37.2,36.9,38.2,38.8,37.5,37.2
ED-0020,142,02:22,37.1,38.4,39.6,38.7,35.9,35.6,37.4,37.8,38.6,39.4,38.5,37.4
ED-0020,143,02:23,36.5,37.5,39.4,39.6,36.1,35.5,37.3,37.4,38.3,38.8,37.8,36.8
ED-0020,144,02:24,37.2,38.2,39.0,38.7,36.8,35.1,37.2,36.9,38.2,39.0,37.5,37.2
ED-0020,145,02:25,36.7,37.7,38.8,39.7,36.5,37.0,36.9,37.3,37.9,38.4,37.6,37.5
ED-0020,146,02:26,37.4,37.6,40.0,39.2,37.0,36.8,36.6,37.0,38.3,39.1,38.9,37.1
ED-0020,147,02:27,36.7,38.7,39.3,39.1,36.6,37.5,36.3,38.1,38.7,40.2,38.3,37.6
ED-0020,148,02:28,37.7,38.8,39.4,39.0,35.7,36.9,37.2,37.1,39.0,40.5,39.6,38.1
ED-0020,149,02:29,37.9,38.9,40.4,39.8,37.0,35.6,35.8,37.2,39.6,41.2,38.3,38.0
ED-0020,150,02:30,38.2,37.8,40.1,38.7,36.7,36.6,36.6,36.9,39.5,39.9,38.9,37.7
ED-0020,151,02:31,37.4,38.6,40.5,39.0,37.2,36.1,37.6,37.1,39.0,39.3,38.5,38.2
ED-0020,152,02:32,37.7,39.0,39.5,39.0,38.0,36.8,37.8,38.0,39.0,39.9,39.2,38.1
ED-0020,153,02:33,38.2,38.2,39.7,39.3,37.5,36.6,37.0,37.7,39.7,40.0,39.4,37.8
ED-0020,154,02:34,37.9,38.5,40.1,39.6,37.3,37.3,37.0,37.3,39.9,40.2,38.6,37.6
ED-0020,155,02:35,38.1,40.0,41.0,40.1,35.9,36.6,37.0,36.9,38.8,40.2,38.2,37.8
ED-0020,156,02:36,38.0,40.1,40.9,40.5,37.0,36.1,37.5,38.1,39.1,40.3,39.4,37.7
ED-0020,157,02:37,37.3,39.8,41.0,40.3,36.5,37.5,37.5,37.8,39.7,40.7,39.9,37.9
ED-0020,158,02:38,37.2,40.4,41.8,40.4,37.8,36.4,37.6,37.0,39.8,41.4,39.3,38.2
ED-0020,159,02:39,38.0,38.8,40.1,40.8,37.0,36.6,36.8,37.5,39.3,40.6,40.8,38.1
ED-0020,160,02:40,37.9,40.3,42.2,40.7,38.3,37.9,37.7,37.2,39.7,42.3,40.5,37.3
ED-0020,161,02:41,38.6,39.9,41.9,40.1,37.3,36.7,37.0,38.0,40.4,42.1,41.2,38.1
ED-0020,162,02:42,38.0,40.5,41.8,40.8,37.4,36.8,37.1,38.0,40.3,41.0,40.0,38.0
ED-0020,163,02:43,37.9,40.0,42.1,41.1,37.5,36.6,37.4,37.4,40.9,41.3,40.7,38.7
ED-0020,164,02:44,38.7,40.6,42.1,40.7,37.1,37.2,38.4,37.9,41.8,43.4,40.7,37.9
ED-0020,165,02:45,38.2,40.5,41.0,40.8,38.1,36.3,37.4,38.1,41.2,41.8,40.5,38.2
ED-0020,166,02:46,38.5,40.5,42.1,41.1,37.1,37.1,37.5,38.1,41.0,42.7,41.0,38.1
ED-0020,167,02:47,39.3,40.1,42.5,41.5,38.3,37.8,37.1,38.7,40.5,41.9,41.0,38.9
ED-0020,168,02:48,39.1,41.3,42.6,40.9,38.1,38.4,38.5,38.8,41.7,42.6,41.1,38.6
ED-0020,169,02:49,39.0,41.6,42.7,41.2,39.0,37.9,38.5,39.3,41.7,43.3,42.0,39.2
ED-0020,170,02:50,39.7,41.1,43.5,43.2,38.2,37.0,37.2,38.2,41.4,42.5,41.5,39.5
ED-0020,171,02:51,39.3,40.8,42.7,42.3,38.9,37.6,38.0,38.4,41.3,42.9,41.0,38.2
ED-0020,172,02:52,39.3,41.9,42.8,42.8,38.0,37.6,38.6,38.9,42.0,42.9,41.6,39.8
ED-0020,173,02:53,39.0,42.0,43.1,42.4,37.8,37.7,38.7,39.8,42.2,42.7,41.8,39.9
ED-0020,174,02:54,40.4,41.5,43.9,43.0,38.9,38.3,38.7,38.1,41.5,42.9,42.1,40.2
ED-0020,175,02:55,39.7,43.1,44.3,42.9,39.0,38.4,39.7,39.4,42.0,43.3,42.6,39.6
ED-0020,176,02:56,39.8,41.6,44.1,42.6,38.9,37.9,38.6,39.6,42.9,45.2,42.1,39.8
ED-0020,177,02:57,40.5,43.2,43.8,43.7,38.6,38.4,38.6,39.7,42.2,44.3,42.9,40.7
ED-0020,178,02:58,40.6,41.9,44.6,42.4,38.9,38.2,39.2,38.6,42.5,43.5,41.9,41.4
ED-0020,179,02:59,40.6,42.4,45.5,42.7,39.0,38.3,39.4,39.4,42.2,44.8,43.1,40.7
ED-0020,180,03:00,39.8,42.2,44.5,44.4,38.5,38.1,38.7,40.2,42.6,44.1,42.4,40.4
ED-0020,181,03:01,41.0,42.7,44.5,43.4,38.2,38.3,38.0,39.6,43.1,45.2,42.8,41.0
ED-0020,182,03:02,40.4,43.8,44.6,44.1,38.9,38.4,38.2,40.0,43.5,45.7,42.9,40.7
ED-0020,183,03:03,40.4,43.4,46.1,43.5,39.2,38.7,39.5,39.8,43.8,45.8,43.8,41.5
ED-0020,184,03:04,40.6,44.4,45.6,44.4,39.2,38.5,38.7,40.1,43.5,45.9,43.9,40.6
ED-0020,185,03:05,40.6,44.3,45.5,44.8,39.5,38.5,40.2,40.3,43.7,45.9,43.7,40.9
ED-0020,186,03:06,40.7,44.0,47.0,44.4,39.7,38.4,39.8,40.0,43.8,46.7,44.0,42.1
ED-0020,187,03:07,40.5,44.3,46.8,45.3,39.0,39.2,39.8,40.5,44.8,46.5,45.5,40.6
ED-0020,188,03:08,41.5,43.9,46.7,44.8,39.2,39.0,39.5,40.9,45.3,45.9,44.5,40.5
ED-0020,189,03:09,40.3,44.2,46.6,45.3,41.0,39.0,39.7,40.7,45.1,47.7,44.4,41.6
ED-0020,190,03:10,41.3,45.3,47.1,45.1,40.8,40.2,39.9,40.9,45.0,47.6,45.2,41.2
ED-0020,191,03:11,42.1,44.7,47.1,45.2,39.4,39.1,39.2,41.0,44.2,46.4,45.3,42.6
ED-0020,192,03:12,42.5,44.8,47.5,46.2,40.5,39.7,40.3,41.1,45.7,48.5,46.2,42.4
ED-0020,193,03:13,41.1,45.4,48.1,47.4,40.4,39.4,40.4,40.7,46.1,47.8,45.3,41.7
ED-0020,194,03:14,41.1,45.7,48.2,46.6,40.3,39.8,40.3,41.4,45.6,48.7,46.2,41.8
ED-0020,195,03:15,42.6,45.7,48.6,45.7,42.0,39.3,40.0,41.0,46.3,48.5,45.4,42.7
ED-0020,196,03:16,42.1,46.3,47.9,46.6,40.9,39.9,41.1,41.1,46.3,49.1,47.0,43.8
ED-0020,197,03:17,43.4,46.9,49.5,47.3,41.2,40.5,39.9,42.4,46.7,48.6,48.2,42.5
ED-0020,198,03:18,43.1,46.7,48.8,47.3,41.1,40.7,40.1,41.7,47.1,49.7,46.7,42.4
ED-0020,199,03:19,43.1,47.0,49.6,48.0,41.7,40.2,41.0,42.5,46.7,49.3,46.6,42.6
ED-0020,200,03:20,43.4,47.8,50.0,48.6,41.0,41.5,42.0,42.7,47.0,49.9,47.7,42.8
ED-0020,201,03:21,44.1,46.8,50.6,48.8,41.0,40.1,40.7,42.3,47.4,50.6,48.6,43.5
ED-0020,202,03:22,43.1,48.3,49.7,48.5,41.4,40.5,41.9,43.2,48.3,50.7,47.6,44.1
ED-0020,203,03:23,43.9,47.6,51.0,48.8,41.2,40.6,41.8,42.9,48.7,50.9,48.2,44.9
ED-0020,204,03:24,44.5,48.7,51.8,48.7,42.0,41.1,41.9,43.4,48.1,51.3,48.1,44.4
ED-0020,205,03:25,44.2,48.1,51.9,49.3,42.1,41.2,41.9,44.0,48.4,52.1,48.3,43.9
ED-0020,206,03:26,44.4,49.4,52.2,49.9,41.8,41.6,42.6,43.7,49.6,51.4,49.5,44.3
ED-0020,207,03:27,44.6,49.2,52.2,49.5,42.1,41.7,42.3,43.7,50.0,51.9,49.0,45.3
ED-0020,208,03:28,45.3,48.6,52.7,49.7,42.8,42.1,42.7,44.3,49.9,52.2,50.6,45.1
ED-0020,209,03:29,45.4,49.5,52.6,51.0,42.3,42.1,42.7,43.2,50.8,52.5,49.5,46.1
ED-0020,210,03:30,45.0,49.5,53.7,51.8,42.2,42.7,42.7,43.7,50.1,52.9,50.7,45.8
ED-0020,211,03:31,44.8,48.6,53.4,52.2,43.0,42.2,43.4,44.9,50.1,53.2,51.3,46.4
ED-0020,212,03:32,45.4,51.0,54.6,51.8,42.9,41.8,43.6,44.7,51.9,53.4,51.1,45.4
ED-0020,213,03:33,46.0,50.4,55.1,50.8,43.4,42.6,43.6,45.8,50.8,53.5,51.3,47.0
ED-0020,214,03:34,46.1,51.1,54.5,52.2,44.3,43.0,43.0,44.7,50.0,54.6,51.7,45.2
ED-0020,215,03:35,45.8,51.7,54.3,52.9,43.9,43.2,44.4,45.2,52.1,55.0,51.8,45.8
ED-0020,216,03:36,46.5,52.0,55.9,52.5,44.3,42.4,42.8,46.6,51.9,55.7,52.6,47.6
ED-0020,217,03:37,46.8,52.8,55.3,53.2,44.5,42.9,43.7,45.7,52.8,56.2,52.8,48.1
ED-0020,218,03:38,46.7,53.0,56.4,53.4,44.5,43.3,44.4,45.5,52.5,57.4,53.2,48.0
ED-0020,219,03:39,46.7,52.9,57.1,53.9,45.5,44.2,44.9,46.3,52.7,56.7,53.4,48.5
ED-0020,220,03:40,47.7,52.9,58.0,55.1,45.4,43.9,44.7,46.8,54.4,56.7,53.9,48.1
ED-0020,221,03:41,48.2,54.0,56.6,54.9,44.8,44.2,45.7,47.2,54.3,57.6,53.8,48.6
ED-0020,222,03:42,47.1,54.1,58.2,55.1,45.4,43.8,45.8,47.6,54.6,57.6,55.1,49.0
ED-0020,223,03:43,48.5,54.6,58.5,55.1,45.6,45.4,45.6,47.4,54.8,58.8,55.0,49.0
ED-0020,224,03:44,47.5,55.4,59.8,56.0,44.9,44.5,46.6,47.6,55.5,58.7,55.9,49.5
ED-0020,225,03:45,48.5,54.3,59.3,57.2,45.4,44.8,46.3,48.2,55.5,59.2,55.8,48.8
ED-0020,226,03:46,50.6,55.5,59.9,56.4,47.2,45.3,45.7,48.3,55.2,59.8,56.4,49.4
ED-0020,227,03:47,49.4,56.0,60.3,57.8,46.4,45.4,46.7,48.2,55.7,59.1,57.0,50.8
ED-0020,228,03:48,48.8,56.1,59.9,57.4,46.6,45.0,46.2,47.9,56.6,60.4,57.7,50.6
ED-0020,229,03:49,50.0,56.4,61.0,58.3,46.4,45.7,47.8,48.6,56.7,60.6,59.4,51.1
ED-0020,230,03:50,49.8,57.6,61.7,58.1,47.4,45.6,46.7,48.9,57.6,61.8,58.0,51.1
ED-0020,231,03:51,50.8,57.4,62.1,59.4,47.7,46.8,48.1,49.5,58.1,62.3,57.6,51.4
ED-0020,232,03:52,50.6,57.8,61.9,60.1,47.0,46.8,48.9,49.9,58.0,62.3,58.8,52.2
ED-0020,233,03:53,50.9,58.5,62.4,59.2,47.4,45.8,48.2,50.2,58.1,62.4,59.7,52.1
ED-0020,234,03:54,50.7,58.3,64.0,59.5,48.5,47.2,49.4,50.1,58.9,64.0,59.3,53.2
ED-0020,235,03:55,51.5,58.5,63.5,61.4,48.3,47.2,47.9,50.0,59.9,63.8,59.2,53.9
ED-0020,236,03:56,52.7,60.3,65.3,60.5,48.8,46.8,48.4,51.9,60.2,64.9,59.9,52.7
ED-0020,237,03:57,53.3,59.7,64.5,61.4,49.7,47.7,49.3,50.5,60.8,64.9,60.6,53.0
ED-0020,238,03:58,52.9,59.7,65.7,61.1,51.0,48.0,48.8,50.6,61.3,64.8,62.1,54.1
ED-0020,239,03:59,53.9,61.1,65.8,62.0,49.6,49.1,50.2,51.7,60.8,64.7,61.9,54.5
ED-0020,240,04:00,53.5,61.8,65.8,63.7,50.7,47.6,49.5,52.3,62.5,66.1,62.8,55.1
ED-0020,241,04:01,53.2,61.8,66.3,63.1,50.5,49.3,51.2,52.2,62.9,66.5,62.3,55.0
ED-0020,242,04:02,53.8,62.5,67.0,63.7,50.5,48.6,50.1,53.6,62.4,67.7,62.5,55.7
ED-0020,243,04:03,55.0,62.7,68.1,64.1,50.6,48.2,49.4,53.4,63.4,68.2,63.7,56.3
ED-0020,244,04:04,55.0,63.2,69.3,64.4,51.3,49.3,50.7,53.6,63.1,68.2,63.0,56.2
ED-0020,245,04:05,55.2,62.4,68.8,63.7,51.1,49.4,52.4,54.1,64.1,67.4,64.9,57.0
ED-0020,246,04:06,56.2,64.0,70.0,65.2,51.7,51.0,52.4,54.3,64.4,68.9,64.4,57.8
ED-0020,247,04:07,55.1,64.0,69.5,65.8,52.9,51.3,53.4,55.5,64.6,69.7,64.7,57.9
ED-0020,248,04:08,56.5,65.2,70.5,66.8,53.0,50.1,52.6,55.9,65.7,69.6,66.1,58.2
ED-0020,249,04:09,57.3,64.9,71.6,66.3,53.0,50.8,53.2,55.4,65.4,70.4,66.9,57.9
ED-0020,250,04:10,57.6,65.7,71.7,67.4,53.4,51.5,53.2,55.9,67.0,70.9,66.9,58.3
ED-0020,251,04:11,57.4,66.7,71.8,67.4,54.2,51.7,53.8,56.5,67.4,71.0,68.8,59.7
ED-0020,252,04:12,57.2,66.6,73.4,68.8,54.0,51.6,54.2,56.0,67.3,72.0,68.2,60.1
ED-0020,253,04:13,58.0,67.5,73.2,68.4,54.2,52.3,54.2,56.5,68.4,72.2,69.2,59.9
ED-0020,254,04:14,58.1,67.6,73.1,69.6,55.2,53.7,54.3,57.8,68.0,73.4,69.0,60.4
ED-0020,255,04:15,60.2,67.5,74.9,69.9,55.8,53.6,55.0,58.7,68.9,73.2,70.0,61.5
ED-0020,256,04:16,59.7,69.3,74.5,71.0,55.6,53.4,55.6,59.1,69.6,73.0,70.3,61.7
ED-0020,257,04:17,60.3,68.9,75.0,70.8,57.1,53.1,55.9,59.5,70.1,74.7,70.5,61.4
ED-0020,258,04:18,60.1,70.0,75.4,72.3,57.2,54.0,56.5,59.6,71.0,74.7,71.4,63.9
ED-0020,259,04:19,60.5,70.0,76.2,71.4,57.8,54.2,57.1,60.5,70.9,76.3,72.5,62.1
ED-0020,260,04:20,61.5,70.1,77.1,73.3,56.6,54.8,57.3,59.9,71.9,75.9,71.8,63.5
ED-0020,261,04:21,62.5,72.0,77.5,71.9,57.5,55.3,58.0,60.8,72.1,76.1,73.5,64.2
ED-0020,262,04:22,63.0,71.8,77.5,72.6,58.5,55.2,57.6,61.0,73.4,76.7,73.6,63.6
ED-0020,263,04:23,63.2,72.1,78.7,73.9,59.1,55.9,59.2,61.7,72.8,77.5,73.4,64.5
ED-0020,264,04:24,63.2,72.9,79.8,74.6,58.2,56.7,58.6,61.9,74.0,77.6,75.0,65.1
ED-0020,265,04:25,63.4,73.4,79.2,74.3,59.8,56.3,60.2,62.0,74.6,77.8,75.8,66.6
ED-0020,266,04:26,64.1,73.8,79.6,75.2,59.6,56.7,59.6,62.5,75.0,79.1,75.3,66.2
ED-0020,267,04:27,64.6,74.6,80.9,76.0,60.2,58.0,60.5,63.1,74.7,79.7,75.4,66.6
ED-0020,268,04:28,65.3,74.5,81.6,75.8,61.1,58.0,60.6,64.2,75.6,79.7,76.6,67.6
ED-0020,269,04:29,66.3,75.2,82.1,77.2,61.8,58.6,61.3,65.0,75.2,80.1,78.0,67.7
ED-0020,270,04:30,66.0,75.3,82.3,76.7,61.0,58.9,62.0,65.0,76.3,80.5,78.1,68.4
ED-0020,271,04:31,65.7,76.4,82.5,78.3,62.4,59.5,63.0,65.6,76.4,82.1,78.1,68.5
ED-0020,272,04:32,67.1,76.6,84.3,78.1,63.2,60.5,63.1,66.4,77.6,82.1,78.6,68.7
ED-0020,273,04:33,67.1,77.2,83.6,77.9,63.0,60.5,62.8,67.1,78.4,82.5,78.7,68.9
ED-0020,274,04:34,67.9,77.3,83.9,79.3,64.6,60.6,63.8,66.6,78.5,83.6,80.8,70.5
ED-0020,275,04:35,68.7,77.9,85.4,78.9,63.2,61.8,64.5,67.3,79.4,83.5,81.3,70.1
ED-0020,276,04:36,68.7,79.5,86.5,80.6,64.0,62.0,64.9,68.5,80.2,84.0,81.3,70.7
ED-0020,277,04:37,69.4,79.0,85.9,80.2,64.6,61.2,65.1,68.9,80.6,84.7,80.7,71.8
ED-0020,278,04:38,68.9,80.2,86.3,81.8,66.0,63.0,66.1,68.7,80.7,85.3,81.9,72.1
ED-0020,279,04:39,69.6,80.7,86.7,81.5,65.8,63.2,65.7,69.0,81.4,84.9,82.5,73.4
ED-0020,280,04:40,70.9,80.7,86.9,81.4,66.9,63.5,66.4,70.2,82.5,86.4,83.6,73.0
ED-0020,281,04:41,70.0,80.2,88.7,83.6,66.6,63.2,66.6,70.6,82.1,85.3,84.0,74.3
ED-0020,282,04:42,71.1,82.0,88.4,83.8,67.2,63.8,68.3,71.4,83.5,86.6,84.9,74.0
ED-0020,283,04:43,71.7,82.6,89.0,84.3,68.2,65.9,67.7,72.0,82.5,87.1,85.3,74.3
ED-0020,284,04:44,72.7,82.1,90.3,84.6,68.3,65.3,68.5,72.3,84.1,87.2,86.3,75.3
ED-0020,285,04:45,72.9,83.6,90.2,84.5,68.2,65.4,68.3,72.1,84.3,89.0,86.1,76.8
ED-0020,286,04:46,72.8,83.1,91.6,85.4,68.9,66.5,69.8,73.7,86.0,88.8,87.9,77.0
ED-0020,287,04:47,73.6,83.5,92.3,85.2,70.0,67.0,70.1,73.6,85.4,89.7,87.1,76.9
ED-0020,288,04:48,73.4,85.2,91.1,87.3,69.8,67.5,70.3,73.7,85.8,89.4,87.8,77.6
ED-0020,289,04:49,74.5,84.9,92.1,86.5,70.5,67.6,70.7,75.4,86.5,90.7,87.5,77.9
ED-0020,290,04:50,74.5,85.4,92.8,87.1,70.7,66.8,72.5,75.3,86.0,89.6,88.6,78.6
ED-0020,291,04:51,75.4,86.2,94.4,87.5,71.9,68.2,71.2,75.9,87.3,90.3,88.9,79.6
ED-0020,292,04:52,76.2,86.7,93.5,87.8,72.1,69.7,72.3,76.7,87.6,92.0,90.4,79.7
ED-0020,293,04:53,76.7,86.3,94.4,89.0,71.8,69.4,73.0,76.9,88.5,92.1,89.5,79.9
ED-0020,294,04:54,77.3,87.1,94.6,88.5,73.1,70.0,73.8,77.1,89.2,92.2,91.0,80.5
ED-0020,295,04:55,78.1,87.3,94.8,90.0,72.3,70.6,74.7,78.6,89.5,91.8,91.5,81.0
ED-0020,296,04:56,77.5,89.1,96.2,90.3,74.5,71.2,74.5,78.8,89.6,93.0,90.8,82.2
ED-0020,297,04:57,78.4,87.8,96.2,90.1,74.4,70.6,74.8,79.8,89.9,93.5,91.2,82.9
ED-0020,298,04:58,79.8,89.5,96.9,91.7,75.5,72.4,75.8,79.3,90.1,95.1,93.1,82.0
ED-0020,299,04:59,80.1,89.3,96.6,90.9,75.8,72.7,76.0,81.0,90.4,94.0,93.6,83.0
ED-0020,300,05:00,80.0,90.0,98.1,91.1,76.8,72.6,77.3,80.7,91.9,93.9,93.2,84.3
ED-0020,301,05:01,80.2,91.3,98.0,91.7,77.9,73.6,77.2,82.1,91.8,95.0,93.8,84.3
ED-0020,302,05:02,80.5,91.0,98.4,92.4,77.0,74.4,77.0,81.6,90.7,96.0,94.4,85.1
ED-0020,303,05:03,80.5,91.0,99.4,92.2,78.0,73.7,79.0,81.6,92.4,95.7,96.3,85.6
ED-0020,304,05:04,81.9,91.6,99.0,92.7,78.3,74.6,78.9,84.0,92.8,96.8,96.1,86.1
ED-0020,305,05:05,82.7,92.6,99.8,94.8,79.5,76.3,79.9,84.3,94.0,96.3,96.0,87.0
ED-0020,306,05:06,83.3,92.8,99.7,93.6,79.3,75.8,80.9,83.5,94.0,97.1,96.8,86.5
ED-0020,307,05:07,84.0,93.2,101.3,94.3,79.3,76.8,80.1,85.1,94.1,97.0,97.2,86.6
ED-0020,308,05:08,83.2,92.9,101.4,95.5,80.8,77.7,82.0,85.1,95.2,98.5,97.8,87.6
ED-0020,309,05:09,83.7,93.5,101.6,95.3,80.5,77.3,81.1,85.9,94.9,97.6,98.6,88.9
ED-0020,310,05:10,84.3,93.8,102.2,94.6,80.8,78.6,82.3,86.6,94.8,98.5,99.1,88.5
ED-0020,311,05:11,83.9,95.6,102.3,95.4,81.8,79.1,82.4,87.4,96.7,98.7,99.8,88.7
ED-0020,312,05:12,85.1,96.0,102.3,95.7,82.9,80.0,82.7,87.2,96.3,99.9,99.6,89.9
ED-0020,313,05:13,85.9,95.0,103.7,97.5,82.1,80.2,84.3,88.1,96.8,99.4,99.0,89.9
ED-0020,314,05:14,85.9,94.9,103.7,97.4,83.7,80.6,83.5,88.7,97.3,101.0,100.7,90.5
ED-0020,315,05:15,86.7,95.4,103.7,97.7,83.7,80.9,84.4,88.8,98.1,100.3,101.1,91.8
ED-0020,316,05:16,87.2,96.8,103.9,97.6,84.8,81.5,85.5,90.2,97.8,100.8,100.6,91.8
ED-0020,317,05:17,87.1,95.5,104.3,97.7,85.1,81.5,86.1,90.6,97.3,101.2,100.8,92.8
ED-0020,318,05:18,87.7,97.3,104.7,99.0,85.4,81.6,86.0,90.2,98.1,102.0,102.5,92.2
ED-0020,319,05:19,87.7,97.9,105.4,99.2,85.8,83.0,87.5,91.7,99.0,101.9,102.0,93.4
ED-0020,320,05:20,88.3,97.6,105.3,99.7,86.6,82.8,88.2,91.4,99.2,102.2,102.5,93.5
ED-0020,321,05:21,89.4,97.7,106.6,100.0,86.2,84.6,88.4,92.1,100.1,102.1,103.7,94.8
ED-0020,322,05:22,88.9,98.2,106.6,99.3,87.3,84.5,89.0,92.9,100.2,102.0,103.8,94.5
ED-0020,323,05:23,89.6,97.6,106.6,99.9,87.0,85.3,88.2,93.1,100.6,102.8,103.3,96.1
ED-0020,324,05:24,90.4,99.5,106.9,99.6,88.4,85.5,90.6,93.1,100.0,102.4,104.9,94.5
ED-0020,325,05:25,89.8,99.0,106.8,100.8,88.4,85.2,89.9,94.3,100.6,103.6,104.5,96.2
ED-0020,326,05:26,91.2,100.0,107.9,100.0,89.2,85.7,90.7,94.0,102.2,103.9,105.5,95.4
ED-0020,327,05:27,91.5,100.1,108.8,101.2,88.9,86.8,91.3,95.1,101.5,103.5,105.7,96.5
ED-0020,328,05:28,91.3,99.8,108.2,101.5,89.6,86.4,91.8,95.9,101.6,104.3,106.2,97.7
ED-0020,329,05:29,91.8,101.1,109.0,101.9,90.3,87.7,91.2,96.2,102.5,104.9,105.4,97.2
ED-0020,330,05:30,92.5,101.3,109.8,102.2,91.2,87.4,92.1,96.2,102.8,104.6,106.3,98.7
ED-0020,331,05:31,93.3,100.4,108.9,102.4,90.9,88.1,93.7,96.9,102.8,105.1,107.0,98.7
ED-0020,332,05:32,92.6,102.1,109.5,102.9,92.7,89.4,93.5,97.2,103.6,105.2,107.2,98.3
ED-0020,333,05:33,93.6,100.8,109.2,103.1,91.6,89.3,93.5,97.8,102.6,105.4,107.1,100.6
ED-0020,334,05:34,93.2,103.1,110.1,103.5,92.0,89.9,94.1,97.8,103.2,105.5,107.1,99.9
ED-0020,335,05:35,93.3,101.4,110.4,103.0,93.0,89.8,94.7,98.7,104.2,105.6,107.7,100.0
ED-0020,336,05:36,94.5,103.2,110.7,104.2,93.6,90.4,95.8,98.8,103.6,106.5,107.9,101.6
ED-0020,337,05:37,95.6,103.6,110.8,104.5,94.0,92.0,95.6,99.3,104.4,106.7,108.3,101.4
ED-0020,338,05:38,95.3,103.0,110.7,104.5,94.0,91.5,95.7,100.7,105.4,106.7,109.5,101.4
ED-0020,339,05:39,94.4,103.1,111.4,104.5,94.5,91.8,96.3,100.6,105.4,107.6,109.1,102.1
ED-0020,340,05:40,95.2,104.3,110.3,104.3,95.0,92.4,96.9,101.2,105.3,107.2,109.9,102.2
ED-0020,341,05:41,95.7,103.0,110.8,105.3,94.8,92.9,97.8,101.2,105.5,107.9,109.8,102.2
ED-0020,342,05:42,96.2,104.6,110.5,105.4,95.4,93.5,97.3,102.0,105.8,107.4,109.8,102.7
ED-0020,343,05:43,97.0,104.4,111.0,105.7,96.7,94.4,98.1,102.6,104.7,106.9,110.3,103.1
ED-0020,344,05:44,97.3,105.2,111.9,105.4,96.3,94.8,98.8,102.3,106.4,108.1,109.8,102.5
ED-0020,345,05:45,96.8,105.8,111.6,105.6,97.3,94.3,99.1,103.0,106.7,107.8,111.5,103.6
ED-0020,346,05:46,97.1,104.6,113.3,106.6,97.4,94.8,99.2,103.3,106.5,107.7,110.6,103.9
ED-0020,347,05:47,97.6,106.6,114.3,107.0,97.4,95.5,99.9,103.2,106.4,108.9,111.1,103.5
ED-0020,348,05:48,97.8,105.3,113.7,106.5,96.9,95.5,99.9,104.1,107.5,108.9,110.6,104.8
ED-0020,349,05:49,98.1,105.4,113.6,106.2,98.0,95.3,101.5,103.5,107.1,107.6,111.7,106.2
ED-0020,350,05:50,98.2,105.4,112.9,106.4,99.0,97.3,101.9,104.6,107.0,108.8,111.5,105.0
ED-0020,351,05:51,98.0,105.7,114.2,107.4,99.2,96.8,101.6,104.8,107.9,109.5,112.2,105.0
ED-0020,352,05:52,99.0,106.8,113.7,107.8,99.0,98.0,101.2,105.2,108.3,109.5,112.0,105.1
ED-0020,353,05:53,99.6,105.6,113.5,107.5,99.7,98.0,101.8,106.4,108.8,110.5,113.8,106.5
ED-0020,354,05:54,100.0,106.7,114.4,108.3,100.2,97.2,102.8,105.8,108.1,109.6,113.4,105.9
ED-0020,355,05:55,99.8,107.3,114.5,108.0,100.7,97.8,102.6,107.5,108.0,109.4,113.4,107.3
ED-0020,356,05:56,100.4,107.6,114.6,106.5,100.9,98.7,103.9,107.8,108.7,110.1,112.4,107.4
ED-0020,357,05:57,100.1,107.1,115.7,107.0,100.9,99.1,102.6,106.9,109.0,109.7,113.5,107.4
ED-0020,358,05:58,100.5,107.8,115.6,109.1,100.7,99.1,103.4,106.9,109.2,110.5,113.8,107.3
ED-0020,359,05:59,100.2,107.4,114.9,107.7,101.3,100.7,104.1,108.0,109.2,109.7,113.9,108.2
ED-0020,360,06:00,100.4,107.8,115.4,108.5,102.9,99.3,104.4,107.8,109.9,110.7,113.4,107.6
ED-0020,361,06:01,101.0,108.7,115.6,109.5,103.1,101.0,104.7,107.5,109.9,110.1,114.9,107.7
ED-0020,362,06:02,101.3,108.6,115.3,109.1,102.6,100.1,106.1,108.6,109.8,111.0,114.4,109.2
ED-0020,363,06:03,101.4,108.5,116.1,109.0,103.5,100.6,105.9,109.2,109.8,111.7,113.6,108.1
ED-0020,364,06:04,100.6,108.0,116.9,108.8,103.3,101.3,106.1,109.0,110.3,111.7,114.9,108.7
ED-0020,365,06:05,102.4,109.3,115.9,109.2,104.4,100.9,106.6,108.5,109.9,111.5,115.2,109.6
ED-0020,366,06:06,101.5,108.6,116.0,110.3,104.2,102.6,106.5,109.9,111.1,111.3,116.0,108.7
ED-0020,367,06:07,101.7,109.5,116.4,109.3,103.8,101.8,106.8,110.3,111.1,111.6,115.4,109.7
ED-0020,368,06:08,102.4,108.2,116.3,110.7,103.1,102.3,106.7,109.4,111.1,111.5,115.8,110.6
ED-0020,369,06:09,102.3,108.7,116.8,109.8,103.9,103.0,106.5,110.1,110.9,111.4,116.0,109.1
ED-0020,370,06:10,102.8,109.1,116.2,109.6,105.0,102.3,107.9,110.1,111.7,112.6,116.6,110.7
ED-0020,371,06:11,102.3,109.2,116.9,110.2,105.0,103.5,108.3,110.4,110.9,112.0,115.5,111.1
ED-0020,372,06:12,103.3,109.2,116.7,109.8,104.7,103.5,108.0,111.2,111.9,112.1,116.6,110.4
ED-0020,373,06:13,103.2,109.1,117.0,110.3,106.3,104.7,108.8,110.9,111.0,112.5,116.2,111.2
ED-0020,374,06:14,103.5,109.4,118.1,111.1,105.1,104.4,108.4,111.8,112.1,112.3,115.8,111.8
ED-0020,375,06:15,103.1,109.1,117.0,111.3,106.7,103.5,109.2,111.7,112.3,111.4,116.9,111.4
ED-0020,376,06:16,103.9,109.5,117.7,111.3,106.5,104.3,108.5,111.3,112.1,113.2,117.0,110.9
ED-0020,377,06:17,104.0,110.3,117.4,111.5,107.0,104.8,110.4,111.3,112.7,112.6,117.6,112.2
ED-0020,378,06:18,104.1,111.1,117.6,111.2,107.1,105.1,109.5,111.9,112.4,113.5,117.6,112.6
ED-0020,379,06:19,103.8,110.5,118.3,111.5,107.1,105.3,109.5,112.6,112.1,113.4,117.1,113.2
ED-0020,380,06:20,105.4,110.1,118.2,111.6,106.7,106.4,110.7,112.9,113.1,113.4,116.8,111.7
ED-0020,381,06:21,105.5,111.2,118.2,112.0,107.4,106.1,110.8,113.9,112.4,113.4,117.6,112.8
ED-0020,382,06:22,103.7,111.9,119.0,111.0,107.0,106.5,111.2,113.6,112.3,113.4,117.7,112.5
ED-0020,383,06:23,105.2,111.0,118.4,111.6,108.9,106.2,110.6,113.1,112.8,113.1,118.0,112.1
ED-0020,384,06:24,104.6,111.6,119.1,112.1,107.2,107.3,112.4,114.5,113.5,113.9,117.1,112.8
ED-0020,385,06:25,104.5,110.7,118.9,111.2,107.3,107.2,111.7,112.8,114.2,113.8,118.0,114.0
ED-0020,386,06:26,105.2,110.6,118.3,111.5,109.2,107.3,111.2,113.0,112.5,112.9,118.1,113.1
ED-0020,387,06:27,105.7,111.9,118.0,112.1,108.5,107.9,112.4,114.4,112.5,113.9,118.2,114.4
ED-0020,388,06:28,105.4,111.1,118.9,111.4,108.3,107.0,111.9,115.4,112.8,113.2,118.6,112.5
ED-0020,389,06:29,105.1,111.4,118.3,111.7,109.3,107.0,112.6,115.5,113.0,114.1,117.3,113.7
ED-0020,390,06:30,105.6,110.9,119.3,112.6,108.2,107.7,111.9,114.7,113.3,113.9,119.1,113.1
ED-0020,391,06:31,105.8,112.3,118.6,112.2,109.1,107.8,111.7,114.8,113.3,113.7,118.6,114.4
ED-0020,392,06:32,106.3,111.7,118.9,111.5,108.9,108.6,112.9,115.2,114.7,114.4,118.5,114.8
ED-0020,393,06:33,106.4,111.9,118.1,111.7,109.8,108.6,112.5,115.0,114.0,114.0,119.0,114.0
ED-0020,394,06:34,107.0,112.1,120.3,112.5,108.7,108.9,112.4,115.8,114.8,114.6,119.1,114.0
ED-0020,395,06:35,105.7,112.0,119.3,113.6,109.4,108.8,113.1,116.5,113.7,113.7,119.4,114.3
ED-0020,396,06:36,106.4,112.2,119.4,112.8,110.5,109.1,112.8,115.8,113.9,113.5,119.2,114.7
ED-0020,397,06:37,106.3,112.1,120.0,112.4,109.0,109.5,113.6,116.4,113.6,113.7,119.2,114.5
ED-0020,398,06:38,106.5,112.6,119.9,112.7,110.9,110.0,113.7,116.4,113.9,114.8,119.2,115.5
ED-0020,399,06:39,106.6,112.7,120.1,112.6,111.0,109.3,114.3,116.1,114.6,114.7,118.5,115.5
ED-0020,400,06:40,107.1,112.5,119.4,112.2,110.7,110.4,113.5,116.3,114.0,115.3,119.3,115.6
ED-0020,401,06:41,107.2,112.6,119.3,113.7,110.9,110.0,115.1,117.3,114.1,114.1,119.2,115.2
ED-0020,402,06:42,107.6,112.7,120.8,112.4,111.8,109.9,114.4,117.2,113.6,115.0,119.6,116.4
ED-0020,403,06:43,106.7,112.4,121.4,113.4,110.6,110.4,114.7,118.3,113.8,115.1,119.3,115.2
ED-0020,404,06:44,106.9,112.6,119.7,113.1,111.5,109.9,114.2,117.8,113.7,115.9,120.3,115.2
ED-0020,405,06:45,108.9,113.0,120.8,113.1,111.7,110.8,114.0,117.0,114.1,114.6,119.6,115.4
ED-0020,406,06:46,107.9,112.4,120.8,113.3,111.4,111.6,115.2,117.3,114.6,114.7,119.6,115.3
ED-0020,407,06:47,107.8,112.2,120.1,114.2,110.8,111.2,114.8,117.2,115.3,114.3,119.8,116.3
ED-0020,408,06:48,107.3,113.0,120.1,113.4,111.2,111.6,114.7,117.8,114.7,114.3,120.4,115.5
ED-0020,409,06:49,107.2,113.4,120.4,113.8,111.5,111.4,115.0,117.4,115.3,115.1,119.7,116.3
ED-0020,410,06:50,108.0,114.4,120.3,113.8,111.6,110.9,115.1,117.4,114.4,114.5,119.3,116.3
ED-0020,411,06:51,107.3,112.3,120.9,113.1,112.6,111.4,115.1,117.5,113.5,115.5,120.6,116.1
ED-0020,412,06:52,108.6,112.7,120.5,113.2,111.6,111.2,115.7,118.7,115.1,115.4,119.8,116.5
ED-0020,413,06:53,107.5,113.2,120.3,113.6,111.9,111.7,115.7,118.5,115.3,114.6,119.7,116.5
ED-0020,414,06:54,108.1,113.4,120.4,113.5,112.5,111.4,116.3,117.7,115.0,114.5,120.1,116.6
ED-0020,415,06:55,107.3,113.8,121.4,113.5,112.4,111.7,115.9,117.9,114.8,115.2,120.1,115.2
ED-0020,416,06:56,108.2,112.9,121.2,113.8,112.1,112.0,115.8,118.2,114.4,115.2,120.2,117.4
ED-0020,417,06:57,108.0,113.6,120.0,114.3,112.0,112.1,116.8,117.1,115.6,115.4,120.7,116.9
ED-0020,418,06:58,107.4,114.1,121.3,113.4,111.8,112.0,116.6,118.9,114.9,115.6,120.6,117.3
ED-0020,419,06:59,107.7,112.8,121.8,113.8,112.0,111.1,117.3,119.3,115.5,115.8,121.1,117.5
ED-0020,420,07:00,107.3,113.6,120.9,113.9,112.5,111.7,116.4,119.5,115.1,115.5,120.8,116.8
ED-0020,421,07:01,107.5,113.6,121.9,113.8,112.7,111.7,116.3,118.9,115.0,115.9,121.7,116.4
ED-0020,422,07:02,107.9,113.0,122.1,113.6,112.9,112.4,116.8,118.3,115.8,115.0,120.9,116.4
ED-0020,423,07:03,108.9,114.2,121.1,114.0,113.2,112.5,117.2,118.9,115.6,115.7,119.8,117.4
ED-0020,424,07:04,109.0,113.7,121.2,113.6,113.5,112.6,117.5,119.4,114.8,115.9,120.7,117.4
ED-0020,425,07:05,108.5,114.1,121.6,113.9,112.8,113.4,117.8,120.0,115.8,115.8,120.2,118.0
ED-0020,426,07:06,109.3,113.8,120.8,114.3,113.3,113.3,117.1,119.5,114.8,114.6,120.8,117.4
ED-0020,427,07:07,108.5,113.0,120.5,113.7,112.7,113.5,117.0,119.7,116.1,116.1,122.0,118.8
ED-0020,428,07:08,109.1,114.6,120.9,114.4,112.9,112.6,118.2,119.5,116.5,116.6,121.6,118.1
ED-0020,429,07:09,108.7,113.8,121.6,114.0,113.4,113.1,117.5,119.3,115.9,115.2,120.4,116.9
ED-0020,430,07:10,109.0,113.2,121.8,113.2,113.1,113.6,117.4,119.5,115.3,115.5,122.2,117.9
ED-0020,431,07:11,109.1,113.6,121.1,114.4,113.1,113.2,117.2,119.6,116.0,115.7,120.6,118.2
ED-0020,432,07:12,109.4,113.4,121.4,114.8,113.6,113.0,117.7,119.4,115.5,115.4,122.3,117.2
ED-0020,433,07:13,108.9,114.4,121.2,113.9,113.1,113.7,117.4,119.7,116.6,115.1,122.2,117.9
ED-0020,434,07:14,109.4,114.3,120.8,115.1,115.0,113.6,118.4,120.6,115.4,116.4,121.2,118.0
ED-0020,435,07:15,109.1,114.0,121.9,113.6,114.2,113.6,118.1,119.9,116.2,115.7,121.2,117.6
ED-0020,436,07:16,109.2,113.9,122.0,115.1,114.3,114.2,116.9,120.9,116.6,116.0,121.3,118.3
ED-0020,437,07:17,109.2,113.4,121.2,115.0,114.6,113.7,117.6,121.0,115.5,115.8,121.5,118.5
ED-0020,438,07:18,109.2,113.9,122.1,114.5,114.3,113.4,118.5,120.4,116.4,116.4,121.4,118.4
ED-0020,439,07:19,109.3,114.0,120.7,114.8,114.4,113.3,118.8,120.3,115.3,116.1,120.9,119.0
ED-0020,440,07:20,109.0,114.0,120.4,114.8,115.1,113.1,118.9,120.2,116.5,116.9,121.6,118.2
ED-0020,441,07:21,110.0,114.8,121.6,114.0,114.0,114.3,118.9,119.8,115.4,116.7,120.7,118.0
ED-0020,442,07:22,109.3,113.7,121.5,115.7,115.0,113.1,118.1,119.6,115.9,115.4,121.7,117.6
ED-0020,443,07:23,109.5,114.3,122.7,115.0,113.3,114.1,118.1,120.2,116.1,116.6,121.6,118.3
ED-0020,444,07:24,109.2,114.6,122.6,114.5,114.3,115.1,119.4,120.8,116.7,115.7,121.8,118.6
ED-0020,445,07:25,110.6,113.9,121.7,114.9,114.5,113.8,118.9,120.6,115.8,116.4,122.3,118.5
ED-0020,446,07:26,109.6,114.4,121.8,113.7,113.6,114.7,118.4,120.4,115.1,116.8,121.9,119.7
ED-0020,447,07:27,109.7,114.1,121.6,114.4,114.8,114.7,118.7,120.5,116.9,115.9,121.7,118.3
ED-0020,448,07:28,109.9,114.2,121.4,113.9,114.9,114.8,118.5,119.4,116.4,116.9,121.6,118.6
ED-0020,449,07:29,108.8,116.0,121.6,114.3,114.6,114.7,119.9,120.0,116.7,116.9,122.7,118.6
ED-0020,450,07:30,110.0,114.4,120.7,114.7,114.4,114.8,118.2,121.5,116.1,115.8,121.4,118.5
ED-0020,451,07:31,110.3,115.0,122.1,115.3,115.3,113.9,118.7,120.4,115.9,116.1,120.7,118.4
ED-0020,452,07:32,111.0,114.5,121.6,114.8,114.5,114.4,119.7,120.8,116.4,116.2,122.2,118.5
ED-0020,453,07:33,109.4,114.6,121.7,114.2,114.9,115.2,118.2,121.1,116.2,116.7,121.6,117.8
ED-0020,454,07:34,109.9,115.0,122.0,115.0,115.0,115.1,119.4,120.7,116.7,115.5,122.6,119.3
ED-0020,455,07:35,109.2,114.5,122.5,115.7,114.7,115.1,119.4,120.9,115.7,116.9,122.5,119.5
ED-0020,456,07:36,108.7,115.1,121.6,115.8,114.0,114.5,119.6,121.4,115.9,115.4,122.8,119.2
ED-0020,457,07:37,110.0,114.7,122.3,114.9,115.7,114.9,119.0,121.1,116.3,116.3,122.2,119.0
ED-0020,458,07:38,109.6,114.1,122.4,115.4,115.2,114.0,119.6,121.5,115.7,116.4,122.4,119.1
ED-0020,459,07:39,110.0,114.2,121.2,115.0,114.5,114.2,118.8,120.9,116.9,116.4,121.5,118.4
ED-0020,460,07:40,109.3,115.2,123.3,114.3,114.6,115.1,119.7,121.6,117.1,116.4,121.2,118.7
ED-0020,461,07:41,110.0,114.3,121.7,115.7,115.2,114.5,118.1,122.6,116.7,117.2,122.8,119.0
ED-0020,462,07:42,109.8,115.5,122.3,115.3,115.1,115.3,119.6,121.1,116.2,116.0,122.4,118.7
ED-0020,463,07:43,110.2,114.0,121.7,114.9,114.8,115.6,119.7,121.2,117.0,116.5,122.8,118.1
ED-0020,464,07:44,109.3,115.0,121.6,115.2,114.7,114.2,118.4,121.3,116.2,115.5,121.7,119.1
ED-0020,465,07:45,110.3,114.7,121.7,114.8,114.5,115.5,119.6,121.2,116.2,116.1,121.5,119.4
ED-0020,466,07:46,109.8,114.7,121.7,116.0,114.4,115.0,119.0,120.8,116.7,116.7,121.8,118.6
ED-0020,467,07:47,109.5,114.1,122.4,115.2,115.2,115.5,119.5,121.0,117.2,116.6,122.7,118.7
ED-0020,468,07:48,110.5,114.4,122.8,114.5,114.5,115.1,118.7,121.3,116.2,116.5,122.5,120.2
ED-0020,469,07:49,109.7,115.8,122.2,115.4,115.6,114.9,119.2,122.2,116.7,116.2,122.5,120.0
ED-0020,470,07:50,110.6,114.7,121.7,115.6,115.6,115.5,119.4,121.8,116.5,116.3,122.4,119.0
ED-0020,471,07:51,110.1,115.0,122.0,115.6,115.4,115.5,120.5,121.0,116.6,116.6,122.9,119.0
ED-0020,472,07:52,110.6,114.6,122.4,114.9,116.1,116.1,120.9,120.7,115.8,116.3,121.6,119.0
ED-0020,473,07:53,110.4,115.0,122.2,115.1,115.8,115.4,120.4,121.8,116.8,117.5,122.2,119.4
ED-0020,474,07:54,110.7,114.5,122.3,115.1,115.2,115.5,120.1,121.6,117.2,116.9,122.2,119.5
ED-0020,475,07:55,109.6,114.1,121.1,115.3,114.9,115.3,119.9,122.0,117.4,115.5,122.8,120.6
ED-0020,476,07:56,111.0,115.0,122.2,115.5,116.4,115.8,120.7,121.4,116.3,116.4,122.4,119.7
ED-0020,477,07:57,109.7,114.6,121.7,115.6,114.8,115.5,120.0,121.5,117.6,115.5,122.1,118.2
ED-0020,478,07:58,110.0,115.8,121.8,115.4,116.1,115.4,119.3,121.8,117.2,116.1,123.2,119.3
ED-0020,479,07:59,109.7,114.8,122.6,114.7,115.4,115.1,119.9,121.5,116.6,116.9,122.7,119.0
ED-0020,480,08:00,110.8,114.9,122.2,114.5,114.7,115.9,119.8,122.3,117.2,117.2,122.2,119.7
ED-0020,481,08:01,110.5,114.8,122.7,115.0,115.1,115.1,120.1,121.9,117.6,116.2,122.4,119.4
ED-0020,482,08:02,110.8,114.5,122.7,114.9,115.9,115.7,119.6,121.8,117.6,116.7,121.6,119.7
ED-0020,483,08:03,111.7,114.9,123.0,115.1,116.5,115.9,120.3,120.9,116.4,116.5,122.8,120.0
ED-0020,484,08:04,110.2,114.4,122.1,114.6,115.1,116.1,120.5,121.0,115.8,115.8,123.1,120.3
ED-0020,485,08:05,110.7,114.7,121.5,115.2,115.7,115.7,119.4,121.5,116.8,116.6,122.6,119.5
ED-0020,486,08:06,110.2,114.8,123.2,115.1,116.0,115.2,121.6,120.9,116.7,115.9,123.0,119.3
ED-0020,487,08:07,110.9,115.1,122.1,115.8,117.0,117.1,120.1,121.7,116.9,116.6,123.2,119.5
ED-0020,488,08:08,110.4,114.8,122.1,114.7,115.5,116.3,120.0,122.9,116.8,116.4,122.4,119.7
ED-0020,489,08:09,110.2,115.0,121.4,114.3,116.2,116.6,120.3,121.2,117.6,116.6,122.4,118.9
ED-0020,490,08:10,110.2,114.8,121.9,115.1,115.1,114.9,120.3,120.8,117.5,116.6,123.2,119.4
ED-0020,491,08:11,111.0,114.7,121.3,114.5,115.8,115.0,120.1,123.1,116.5,116.2,124.0,120.3
ED-0020,492,08:12,110.7,114.9,122.9,115.4,115.5,115.4,120.3,121.5,116.3,116.8,122.9,120.1
ED-0020,493,08:13,111.0,115.1,123.0,115.1,116.3,115.3,120.2,121.8,116.4,117.1,123.0,119.1
ED-0020,494,08:14,111.0,115.1,121.4,115.7,115.9,115.8,120.6,122.6,116.9,115.6,122.6,120.1
ED-0020,495,08:15,111.6,114.6,122.9,115.7,115.7,117.0,120.1,121.9,116.9,117.0,122.7,119.5
ED-0020,496,08:16,109.7,114.1,122.8,115.0,116.6,115.8,120.0,122.9,117.2,117.5,122.0,119.0
ED-0020,497,08:17,111.3,114.8,121.9,115.4,115.3,116.5,120.3,121.7,117.2,116.5,123.3,119.1
ED-0020,498,08:18,111.6,115.6,122.3,115.2,116.6,116.3,120.0,122.4,117.7,116.8,122.7,119.2
ED-0020,499,08:19,109.9,114.9,122.8,115.9,115.6,115.7,120.3,121.2,116.8,116.9,122.4,120.2
ED-0020,500,08:20,110.3,115.8,121.5,114.6,116.4,116.2,120.0,122.6,116.6,117.2,122.6,120.4
ED-0020,501,08:21,110.8,115.8,122.6,115.6,115.8,116.4,119.4,122.5,116.9,119.8,123.2,118.9
ED-0020,502,08:22,110.2,115.7,122.4,115.2,115.5,116.2,120.8,122.3,116.3,119.8,121.9,119.5
ED-0020,503,08:23,110.2,114.4,121.8,115.1,115.6,116.4,120.6,122.4,116.6,122.0,122.7,119.1
ED-0020,504,08:24,111.1,114.2,124.8,116.1,115.5,115.3,120.5,120.9,116.9,123.3,122.6,119.2
ED-0020,505,08:25,109.7,114.5,126.4,116.7,115.8,116.6,120.9,123.4,117.9,124.1,122.2,119.9
ED-0020,506,08:26,111.1,115.1,127.3,115.5,117.0,115.8,121.1,121.7,116.5,123.6,122.4,119.2
ED-0020,507,08:27,110.2,115.2,128.8,118.6,115.8,115.7,120.0,121.8,116.6,124.8,122.6,119.4
ED-0020,508,08:28,110.8,115.1,129.7,118.5,116.0,116.7,120.7,121.5,117.4,125.1,123.0,120.2
ED-0020,509,08:29,110.8,115.6,129.6,119.7,116.4,115.5,120.8,122.4,117.1,125.3,122.2,119.7
ED-0020,510,08:30,111.3,118.4,130.1,121.2,117.0,115.3,119.8,121.9,120.1,125.8,122.2,119.9
ED-0020,511,08:31,110.0,119.7,130.8,121.9,115.4,116.7,120.2,122.5,121.6,126.6,123.0,120.2
ED-0020,512,08:32,111.0,120.1,131.3,123.1,115.8,115.4,119.4,122.8,122.1,127.1,123.1,120.1
ED-0020,513,08:33,109.5,121.1,132.1,123.2,116.4,116.2,120.7,122.3,122.8,127.7,125.3,119.9
ED-0020,514,08:34,109.9,121.9,131.4,124.5,115.1,115.4,120.6,122.8,123.4,128.3,127.4,119.3
ED-0020,515,08:35,110.4,121.8,133.3,124.4,117.1,116.3,120.1,123.8,124.1,127.5,128.2,120.3
ED-0020,516,08:36,110.9,122.6,133.8,125.3,115.9,116.6,119.9,122.5,124.7,128.5,128.4,120.1
ED-0020,517,08:37,109.7,123.6,133.8,125.5,115.8,117.3,121.2,122.8,124.9,128.8,129.7,120.5
ED-0020,518,08:38,110.9,124.4,134.8,125.5,115.9,116.6,119.9,122.8,125.7,129.2,130.0,119.2
ED-0020,519,08:39,110.9,124.0,134.4,126.0,116.7,116.0,120.2,122.3,126.4,129.0,130.7,120.2
ED-0020,520,08:40,110.6,124.1,134.7,126.3,116.1,115.7,121.1,121.8,126.9,130.1,131.9,119.1
ED-0020,521,08:41,110.7,124.4,135.1,126.4,116.4,116.0,121.2,122.6,127.3,130.8,132.7,120.6
ED-0020,522,08:42,109.9,125.5,135.2,127.1,116.8,116.3,119.5,122.2,127.7,130.2,132.0,120.7
ED-0020,523,08:43,111.4,126.1,135.7,126.7,116.4,116.2,120.6,121.8,128.4,130.7,133.4,120.5
ED-0020,524,08:44,110.6,126.8,137.0,128.0,115.3,115.4,120.5,122.8,127.7,130.5,133.7,120.0
ED-0020,525,08:45,110.7,126.8,136.4,127.2,116.7,115.4,121.0,122.4,128.1,131.4,133.4,120.0
ED-0020,526,08:46,113.2,127.3,137.1,128.6,115.5,116.3,120.2,122.5,129.5,130.4,134.3,119.2
ED-0020,527,08:47,113.8,126.8,137.7,128.2,116.6,115.7,120.1,122.4,130.0,131.6,134.1,120.1
ED-0020,528,08:48,114.8,127.9,138.1,128.5,116.9,115.3,121.0,122.9,130.8,132.0,135.0,120.1
ED-0020,529,08:49,116.3,127.0,138.2,130.0,116.3,115.8,120.4,122.2,129.6,132.3,134.7,122.6
ED-0020,530,08:50,115.8,128.4,137.5,129.3,116.5,116.6,120.5,121.4,129.8,133.2,136.1,123.6
ED-0020,531,08:51,118.0,128.4,138.7,130.5,116.7,116.8,120.5,122.7,130.1,132.8,136.4,125.5
ED-0020,532,08:52,118.4,129.0,139.3,129.9,116.3,116.8,120.6,121.9,131.4,133.8,136.7,125.1
ED-0020,533,08:53,118.6,129.9,139.7,130.3,116.3,116.2,120.4,122.4,131.3,133.4,137.0,127.1
ED-0020,534,08:54,119.2,128.3,138.8,129.6,115.9,116.6,121.6,123.2,131.8,132.9,137.1,127.9
ED-0020,535,08:55,120.0,129.5,139.4,130.6,115.9,116.3,120.0,123.2,132.2,134.3,138.3,127.5
ED-0020,536,08:56,118.8,129.2,140.0,130.9,116.5,116.9,120.7,122.0,132.8,134.7,137.8,127.1
ED-0020,537,08:57,121.1,130.6,140.5,131.6,116.5,116.4,120.7,125.5,132.0,135.4,138.7,129.4
ED-0020,538,08:58,121.2,130.2,140.3,132.5,115.5,116.6,120.0,127.4,133.5,134.3,138.3,129.3
ED-0020,539,08:59,120.7,130.8,141.3,132.2,116.8,116.3,120.8,128.4,133.2,133.7,140.1,129.6
ED-0020,540,09:00,121.3,131.5,139.8,131.8,119.3,117.1,122.0,129.0,133.5,134.5,139.2,130.7
ED-0020,541,09:01,121.6,131.2,140.3,133.4,120.4,117.0,121.2,130.3,133.3,135.3,139.6,131.3
ED-0020,542,09:02,122.7,132.0,141.8,132.3,121.1,116.2,120.5,129.0,134.4,135.5,139.3,131.4
ED-0020,543,09:03,123.2,132.1,141.7,132.6,122.0,117.2,123.9,130.7,133.6,135.5,140.5,131.1
ED-0020,544,09:04,122.9,131.5,141.8,133.0,123.2,116.5,125.1,130.9,133.9,135.1,140.0,131.4
ED-0020,545,09:05,123.5,133.1,142.4,133.5,123.5,117.8,126.3,131.9,134.3,136.3,140.8,132.4
ED-0020,546,09:06,122.9,132.1,142.1,133.1,123.4,119.7,126.8,131.9,133.7,136.8,141.0,133.1
ED-0020,547,09:07,123.2,132.9,142.8,133.3,124.5,120.6,127.3,133.2,134.3,135.9,140.9,132.8
ED-0020,548,09:08,123.4,132.7,143.2,134.5,125.1,121.7,128.8,132.5,135.1,136.2,141.1,132.6
ED-0020,549,09:09,124.7,133.2,143.1,134.8,125.4,122.4,129.3,133.3,135.6,138.1,142.0,133.4
ED-0020,550,09:10,124.2,133.5,143.8,134.8,126.6,123.2,129.8,133.7,135.3,138.2,140.9,133.8
ED-0020,551,09:11,124.6,133.4,143.5,134.8,126.0,123.1,129.2,134.6,136.0,137.5,142.5,133.6
ED-0020,552,09:12,125.3,133.1,143.5,135.0,126.7,123.9,128.9,134.6,136.2,138.0,141.6,134.9
ED-0020,553,09:13,124.7,133.4,143.8,134.5,127.5,124.9,130.2,135.2,136.2,137.1,142.8,135.1
ED-0020,554,09:14,126.3,133.9,142.7,135.4,127.2,125.2,131.1,134.9,137.2,137.4,142.3,134.3
ED-0020,555,09:15,125.7,135.6,144.3,135.1,128.3,125.3,131.6,135.0,136.3,139.5,143.5,135.5
ED-0020,556,09:16,125.7,135.5,144.1,135.9,128.4,125.7,132.1,136.6,137.6,138.6,142.8,135.7
ED-0020,557,09:17,126.0,134.4,144.3,134.9,128.7,126.5,132.7,136.2,137.4,138.4,143.6,136.6
ED-0020,558,09:18,125.5,134.8,145.2,136.7,128.6,127.3,131.9,136.1,136.7,139.8,144.1,135.8
ED-0020,559,09:19,127.6,135.7,145.8,137.6,129.3,127.6,133.3,136.7,137.1,140.1,144.2,137.1
ED-0020,560,09:20,127.4,136.1,145.8,137.3,129.9,127.5,133.8,137.7,137.7,139.0,143.9,135.6
ED-0020,561,09:21,126.8,135.7,145.2,135.8,130.1,128.6,134.7,138.1,137.2,140.1,144.4,137.2
ED-0020,562,09:22,128.2,135.6,145.7,136.7,129.6,130.0,134.6,137.5,138.4,139.3,145.1,136.8
ED-0020,563,09:23,128.0,136.6,146.3,137.4,131.7,129.2,133.9,138.9,138.1,140.5,144.7,138.0
ED-0020,564,09:24,127.7,136.3,145.4,138.1,130.1,129.0,134.9,138.9,138.5,140.5,144.6,137.6
ED-0020,565,09:25,128.3,136.1,145.8,138.0,129.9,129.7,134.9,139.1,139.2,140.9,145.4,138.0
ED-0020,566,09:26,128.2,136.1,146.4,138.3,131.2,129.4,135.3,138.1,139.1,140.0,145.8,137.7
ED-0020,567,09:27,129.0,136.6,146.2,136.8,131.3,130.3,136.2,139.2,139.4,140.7,144.7,138.1
ED-0020,568,09:28,129.1,137.6,146.9,138.4,132.1,130.4,136.9,139.4,139.2,141.0,146.1,139.2
ED-0020,569,09:29,129.1,137.5,147.3,137.5,132.9,131.2,135.7,140.7,139.4,141.0,145.3,138.7
ED-0020,570,09:30,129.4,138.0,147.0,138.0,132.5,131.0,136.5,140.4,139.3,141.1,146.1,139.5
ED-0020,571,09:31,128.8,137.5,148.0,138.9,132.6,131.4,137.0,140.0,139.6,141.9,145.0,140.0
ED-0020,572,09:32,129.3,138.4,146.3,138.2,132.6,131.5,137.8,140.7,140.5,141.8,147.1,139.5
ED-0020,573,09:33,129.7,137.6,146.4,138.2,133.1,131.8,137.9,141.0,140.4,141.2,146.8,140.1
ED-0020,574,09:34,130.1,137.7,147.8,139.2,133.4,132.2,138.4,139.4,141.5,141.7,147.2,140.2
ED-0020,575,09:35,129.6,138.2,147.4,139.4,133.8,131.1,138.4,141.1,141.3,142.8,146.6,140.4
ED-0020,576,09:36,130.8,138.7,148.6,140.0,134.9,132.7,138.7,142.1,140.9,142.5,146.8,140.1
ED-0020,577,09:37,131.0,138.4,148.1,140.4,134.3,132.8,138.9,141.0,140.9,141.3,147.3,140.5
ED-0020,578,09:38,130.4,138.1,148.2,140.8,134.6,133.3,138.4,141.3,141.5,142.2,147.4,140.4
ED-0020,579,09:39,131.1,139.2,149.8,140.1,134.7,134.0,138.5,142.1,141.3,142.7,147.6,141.2
ED-0020,580,09:40,132.0,139.6,149.4,140.4,134.8,133.5,139.5,142.6,141.9,142.9,147.7,140.9
ED-0020,581,09:41,131.4,139.0,149.3,140.8,135.5,133.6,139.2,142.6,141.2,143.1,147.4,141.7
ED-0020,582,09:42,132.1,139.1,149.6,141.3,135.8,133.9,139.9,141.6,142.0,142.7,149.1,142.1
ED-0020,583,09:43,131.9,139.7,149.5,141.5,135.8,134.5,140.2,143.2,142.6,143.5,148.0,142.5
ED-0020,584,09:44,130.7,140.5,149.9,141.0,136.1,135.2,140.3,144.3,141.8,144.0,148.6,142.2
ED-0020,585,09:45,132.0,139.9,149.5,140.5,136.3,134.8,140.4,143.8,142.7,143.2,148.7,142.4
ED-0020,586,09:46,132.2,139.8,149.3,142.1,136.6,134.1,140.9,143.7,142.3,143.9,148.7,143.0
ED-0020,587,09:47,132.4,140.8,150.0,141.9,137.0,135.4,140.3,144.0,143.0,144.9,148.8,143.4
ED-0020,588,09:48,132.1,140.8,149.8,141.3,136.8,135.5,140.4,144.0,143.6,143.9,150.0,142.7
ED-0020,589,09:49,132.4,140.7,151.1,141.7,136.5,135.4,140.9,145.0,142.3,144.6,150.0,144.3
ED-0020,590,09:50,132.5,140.7,150.9,141.8,137.1,136.0,142.1,145.0,142.7,144.3,150.5,143.2
ED-0020,591,09:51,133.0,141.5,150.5,142.0,137.7,135.7,142.3,145.0,144.2,145.5,149.4,144.0
ED-0020,592,09:52,133.3,140.4,151.4,141.6,137.9,136.1,141.5,145.0,143.3,144.7,150.5,144.1
ED-0020,593,09:53,133.0,141.2,152.0,141.7,138.2,136.8,142.7,144.8,143.2,145.9,150.9,143.9
ED-0020,594,09:54,133.6,141.3,151.7,142.2,137.8,137.1,143.0,145.5,144.1,144.7,150.7,143.9
ED-0020,595,09:55,134.5,141.9,152.0,142.4,137.9,136.8,142.3,147.2,143.3,144.7,149.9,144.7
ED-0020,596,09:56,134.5,142.5,151.6,142.3,138.3,137.3,143.7,145.7,144.6,145.6,150.7,144.2
ED-0020,597,09:57,134.0,142.0,151.1,142.5,139.0,138.2,142.7,146.6,144.8,144.7,150.9,144.2
ED-0020,598,09:58,133.4,142.0,152.4,143.2,138.5,137.7,142.7,146.8,144.1,145.0,151.6,144.9
ED-0020,599,09:59,134.1,142.2,152.3,143.5,138.9,137.6,143.1,146.3,145.1,145.5,151.1,145.4
ED-0020,600,10:00,134.3,142.5,152.3,143.7,139.0,138.8,143.7,145.4,144.9,145.8,151.6,145.1
ED-0020,601,10:01,134.6,143.2,153.1,143.5,138.8,138.1,143.6,147.6,145.5,145.5,151.5,145.6
ED-0020,602,10:02,134.7,142.9,152.9,143.7,138.9,138.5,144.3,147.3,144.9,146.4,151.8,145.9
ED-0020,603,10:03,135.0,142.0,152.8,143.7,140.2,139.7,143.6,146.2,145.7,145.9,152.3,146.4
ED-0020,604,10:04,135.8,143.2,153.1,143.7,139.5,139.9,144.4,147.8,145.4,146.4,152.2,146.1
ED-0020,605,10:05,134.3,143.1,153.8,143.8,139.3,138.8,144.7,147.3,145.3,146.3,152.8,147.2
ED-0020,606,10:06,135.6,142.6,153.2,144.4,139.5,140.1,144.3,148.7,145.7,146.8,152.2,146.1
ED-0020,607,10:07,134.6,144.1,153.4,144.9,141.2,139.4,144.9,148.6,145.2,146.6,152.0,146.5
ED-0020,608,10:08,135.7,143.3,153.4,145.3,140.8,139.0,145.7,148.0,144.9,147.6,153.3,146.3
ED-0020,609,10:09,134.8,143.4,153.1,144.3,140.6,139.6,145.4,148.5,146.3,147.4,152.5,145.8
ED-0020,610,10:10,136.1,143.7,154.5,144.9,141.1,140.0,146.0,149.2,146.2,147.9,153.1,147.2
ED-0020,611,10:11,136.4,143.4,154.1,144.5,140.6,140.2,145.5,148.4,146.4,147.8,153.2,147.6
ED-0020,612,10:12,137.4,143.0,153.9,145.7,141.0,139.9,146.8,149.1,146.6,147.8,153.1,147.6
ED-0020,613,10:13,136.4,143.7,154.1,145.5,141.1,139.7,146.4,149.7,146.5,148.1,153.6,147.4
ED-0020,614,10:14,136.9,145.0,155.9,145.8,142.5,141.0,146.3,149.7,147.2,147.6,153.9,148.0
ED-0020,615,10:15,136.2,143.3,153.9,146.1,141.6,140.2,146.2,149.8,146.8,147.6,153.7,148.8
ED-0020,616,10:16,136.5,143.9,155.3,146.3,142.5,141.3,146.8,150.3,147.3,148.6,154.0,148.2
ED-0020,617,10:17,137.1,144.3,154.6,145.5,141.7,141.5,147.4,149.5,147.3,148.9,154.3,148.7
ED-0020,618,10:18,137.5,144.7,154.2,145.5,142.3,141.5,146.6,149.4,147.5,148.4,153.5,148.5
ED-0020,619,10:19,137.9,145.3,155.5,145.9,142.5,141.2,147.0,151.1,147.1,148.9,154.1,148.0
ED-0020,620,10:20,137.1,146.5,155.0,146.0,143.2,140.9,146.7,150.3,147.5,148.8,154.6,147.6
ED-0020,621,10:21,137.2,145.2,155.7,145.9,142.8,141.9,147.3,150.0,147.4,148.0,154.8,148.7
ED-0020,622,10:22,138.7,146.2,155.9,147.0,142.2,142.3,147.8,149.9,147.8,149.0,155.6,149.2
ED-0020,623,10:23,137.8,146.4,155.5,147.5,142.0,141.4,147.3,151.4,148.3,149.6,155.1,148.5
ED-0020,624,10:24,137.8,146.1,155.8,146.8,142.5,141.5,148.3,150.2,148.8,148.3,154.8,148.1
ED-0020,625,10:25,136.6,145.8,155.8,147.3,143.4,141.5,148.6,151.5,147.6,150.2,156.4,150.0
ED-0020,626,10:26,137.9,146.0,156.7,147.1,144.5,141.8,148.4,152.4,148.3,149.1,155.6,150.0
ED-0020,627,10:27,138.7,145.9,156.4,147.8,143.3,143.2,148.6,152.2,148.0,148.9,155.7,149.7
ED-0020,628,10:28,138.0,146.7,156.5,147.1,144.4,142.8,149.2,151.2,148.6,149.6,155.8,150.4
ED-0020,629,10:29,138.2,146.1,157.2,147.4,143.7,142.5,148.4,151.4,149.1,149.7,155.6,150.4
ED-0020,630,10:30,139.6,146.8,157.1,148.0,144.7,142.7,149.4,152.0,148.7,150.3,155.9,150.8
ED-0020,631,10:31,139.2,146.9,156.2,147.4,143.3,143.3,149.0,152.5,148.8,150.0,155.8,150.3
ED-0020,632,10:32,138.9,148.1,157.2,148.5,143.6,144.6,149.4,152.7,150.1,150.1,156.4,150.6
ED-0020,633,10:33,139.3,147.5,156.8,148.6,145.2,143.3,148.7,152.7,148.5,150.6,156.4,150.1
ED-0020,634,10:34,139.7,148.0,157.3,147.1,144.9,143.9,149.7,152.2,149.5,150.6,157.1,150.7
ED-0020,635,10:35,139.8,147.6,157.0,148.4,144.5,143.2,149.4,152.5,149.8,150.0,157.3,151.9
ED-0020,636,10:36,139.4,148.3,158.0,148.7,144.8,143.7,149.7,153.0,150.3,151.1,157.3,151.1
ED-0020,637,10:37,140.2,146.8,157.7,148.7,145.3,144.8,150.0,153.0,150.2,151.4,156.5,150.6
ED-0020,638,10:38,139.8,147.7,158.0,148.9,144.8,144.5,151.0,153.2,149.9,150.8,156.9,151.8
ED-0020,639,10:39,140.0,148.2,157.7,149.1,144.5,144.3,150.0,154.9,149.3,151.6,157.3,151.3
ED-0020,640,10:40,140.4,147.7,158.2,148.0,146.3,144.5,150.6,153.2,150.0,152.3,157.8,151.6
ED-0020,641,10:41,140.1,148.2,157.8,148.7,145.9,145.8,150.6,154.0,150.5,151.8,157.9,152.0
ED-0020,642,10:42,141.1,148.0,159.1,148.0,145.0,144.9,151.1,153.1,150.8,151.4,157.0,152.8
ED-0020,643,10:43,140.8,147.4,159.6,149.5,145.7,144.2,151.9,153.7,151.6,151.7,157.3,152.1
ED-0020,644,10:44,141.2,147.7,158.9,150.3,145.7,144.9,150.9,154.2,150.0,151.2,157.8,152.0
ED-0020,645,10:45,141.3,147.9,158.1,149.2,145.6,146.0,151.6,154.9,150.6,151.2,157.8,152.1
ED-0020,646,10:46,140.8,148.9,159.1,149.9,145.9,145.2,152.1,155.0,151.8,151.8,158.3,151.4
ED-0020,647,10:47,140.2,148.7,160.1,149.4,146.6,146.1,152.0,154.8,150.6,152.0,158.9,151.6
ED-0020,648,10:48,140.9,149.8,158.8,149.7,146.6,146.0,152.5,155.4,152.7,153.4,158.2,152.6
ED-0020,649,10:49,141.4,149.2,159.2,150.8,147.3,145.9,150.5,154.9,151.1,152.4,158.8,152.8
ED-0020,650,10:50,141.5,148.4,159.0,149.3,147.0,146.1,152.1,154.9,151.2,151.8,158.2,153.0
ED-0020,651,10:51,141.6,150.0,158.9,150.1,147.0,146.1,152.1,154.7,152.2,152.4,159.3,152.6
ED-0020,652,10:52,142.4,148.7,159.9,151.0,147.4,145.7,152.3,155.6,151.9,152.7,157.6,153.1
ED-0020,653,10:53,142.8,149.9,159.8,149.3,147.3,146.7,152.7,155.8,151.3,152.5,159.0,153.5
ED-0020,654,10:54,140.8,149.9,159.0,149.8,147.5,146.6,153.8,156.0,151.8,153.0,160.4,153.1
ED-0020,655,10:55,142.0,148.5,160.5,150.6,147.6,147.5,151.3,155.8,152.0,152.5,159.0,153.2
ED-0020,656,10:56,142.4,150.4,160.1,150.5,148.1,147.7,152.9,156.1,152.3,152.7,159.7,154.9
ED-0020,657,10:57,142.8,150.8,161.0,150.8,147.9,147.3,152.9,155.7,153.1,154.0,159.5,153.8
ED-0020,658,10:58,142.1,150.5,159.7,150.7,147.4,147.7,153.7,156.2,153.3,153.0,159.5,153.6
ED-0020,659,10:59,142.5,150.3,160.3,150.4,148.9,147.2,153.9,156.1,153.1,153.3,159.0,154.1
ED-0020,660,11:00,142.7,150.0,160.3,150.5,149.1,148.0,154.5,157.3,153.4,153.4,160.0,153.9
ED-0020,661,11:01,143.0,151.9,161.3,151.3,148.8,147.0,153.0,156.0,153.0,154.9,160.1,154.6
ED-0020,662,11:02,142.8,150.8,160.8,150.7,147.8,147.7,153.4,156.9,153.9,154.9,159.7,154.2
ED-0020,663,11:03,143.0,150.9,161.7,152.4,148.1,148.8,154.1,157.1,153.1,153.3,160.6,154.4
ED-0020,664,11:04,142.9,151.4,160.6,152.2,148.8,148.0,154.6,157.8,153.6,154.2,160.3,153.8
ED-0020,665,11:05,143.7,151.1,160.9,151.8,148.4,148.4,153.7,156.8,153.9,154.9,160.0,154.6
ED-0020,666,11:06,142.9,151.9,161.9,151.6,149.6,149.1,154.0,157.1,153.6,154.5,160.9,155.4
ED-0020,667,11:07,144.9,152.2,160.2,152.4,149.0,149.4,153.9,157.1,154.2,154.4,160.9,154.4
ED-0020,668,11:08,143.5,149.8,162.3,151.4,149.4,148.6,154.5,158.4,152.7,154.5,160.5,154.4
ED-0020,669,11:09,142.8,152.7,161.1,152.2,149.1,148.7,155.3,157.6,153.9,155.1,162.1,154.9
ED-0020,670,11:10,144.2,151.8,161.9,152.6,149.5,148.8,153.9,157.3,153.9,155.5,161.2,155.3
ED-0020,671,11:11,143.6,151.8,161.7,152.3,150.5,148.8,153.9,158.2,154.9,155.0,160.7,156.1
ED-0020,672,11:12,144.2,152.0,161.9,152.5,150.8,149.0,155.0,158.2,154.3,154.7,161.7,155.0
ED-0020,673,11:13,144.8,152.2,162.0,152.1,150.4,148.3,155.4,159.2,154.7,155.1,161.2,156.3
ED-0020,674,11:14,144.5,152.6,162.4,151.8,149.9,149.3,154.8,158.1,153.7,154.1,161.4,156.4
ED-0020,675,11:15,144.1,152.1,162.1,152.5,149.4,148.8,155.6,158.7,154.0,155.0,162.0,155.8
ED-0020,676,11:16,144.9,151.6,163.1,153.0,149.9,149.7,155.7,157.8,154.4,155.9,162.4,155.7
ED-0020,677,11:17,143.8,152.2,162.6,153.8,150.5,149.9,154.9,158.3,155.0,156.0,162.9,156.0
ED-0020,678,11:18,144.2,152.9,161.6,153.2,150.6,150.4,155.1,158.3,154.5,155.2,162.1,156.2
ED-0020,679,11:19,144.8,152.4,162.1,153.8,149.9,150.1,155.9,158.9,155.5,155.4,161.7,157.1
ED-0020,680,11:20,143.9,153.0,163.4,153.9,151.3,150.0,156.1,159.2,154.8,155.4,162.3,156.9
ED-0020,681,11:21,144.1,152.0,163.5,153.9,151.4,151.1,156.3,158.3,155.2,155.8,162.6,157.1
ED-0020,682,11:22,145.1,152.5,163.7,154.1,152.0,149.8,156.8,159.5,155.4,155.9,162.1,156.2
ED-0020,683,11:23,145.6,152.9,162.9,153.1,150.1,150.8,157.0,159.3,155.3,155.8,163.0,156.7
ED-0020,684,11:24,145.3,153.9,163.3,153.6,150.5,149.8,157.3,159.3,155.6,155.6,163.2,156.5
ED-0020,685,11:25,145.5,153.7,163.4,153.7,150.2,150.3,157.2,159.5,155.4,156.4,163.9,156.8
ED-0020,686,11:26,145.8,152.9,164.2,154.6,151.6,150.7,156.6,159.6,156.3,156.2,162.8,157.5
ED-0020,687,11:27,146.3,153.5,163.5,154.0,151.7,151.3,156.6,159.4,155.4,157.1,163.8,157.6
ED-0020,688,11:28,146.0,153.4,164.2,155.6,152.6,151.5,157.3,159.9,155.8,156.6,163.7,157.9
ED-0020,689,11:29,145.1,154.6,164.0,155.5,152.4,152.2,157.1,160.5,156.9,156.9,161.7,156.7
ED-0020,690,11:30,146.4,154.4,163.5,154.6,153.1,151.6,157.0,161.1,156.1,156.7,163.4,157.5
ED-0020,691,11:31,147.1,154.0,164.3,155.3,152.9,151.3,157.2,160.2,156.2,157.4,164.3,157.8
ED-0020,692,11:32,146.6,153.1,163.6,154.5,152.6,151.6,158.6,160.3,157.0,157.5,163.8,157.3
ED-0020,693,11:33,146.0,155.1,165.0,154.5,152.8,152.3,158.1,159.9,156.7,157.7,163.9,158.4
ED-0020,694,11:34,146.5,154.5,164.7,155.2,152.0,151.9,157.7,161.3,156.8,156.9,164.5,159.0
ED-0020,695,11:35,147.9,153.8,165.1,154.9,153.1,151.9,157.7,160.8,156.8,157.7,163.8,158.3
ED-0020,696,11:36,146.4,154.8,165.0,154.9,153.3,152.1,158.1,160.8,156.6,158.1,164.4,158.9
ED-0020,697,11:37,146.8,153.9,164.2,155.0,152.7,152.4,158.1,161.1,157.0,157.5,164.6,158.9
ED-0020,698,11:38,146.7,154.2,164.3,155.1,153.3,152.6,159.2,160.8,156.9,157.4,164.4,159.0
ED-0020,699,11:39,147.2,154.7,165.4,154.7,152.4,152.2,157.5,161.3,158.4,159.0,164.5,158.8
ED-0020,700,11:40,147.8,154.6,164.9,155.5,152.6,153.1,158.5,161.7,157.5,156.9,165.3,160.1
ED-0020,701,11:41,146.7,154.8,166.1,155.4,153.5,152.9,159.9,161.4,156.9,157.8,164.7,159.3
ED-0020,702,11:42,147.7,155.1,164.8,155.8,153.2,153.4,158.5,161.5,158.0,159.4,165.0,159.6
ED-0020,703,11:43,146.8,154.6,164.8,155.9,152.7,152.9,159.3,162.3,158.3,158.3,164.9,159.0
ED-0020,704,11:44,147.7,155.3,166.3,155.0,153.0,152.9,158.7,161.6,157.0,158.2,165.1,159.9
ED-0020,705,11:45,147.4,155.4,165.9,156.1,153.8,151.9,159.5,162.7,158.1,159.1,165.7,159.9
ED-0020,706,11:46,147.4,155.2,165.8,156.7,154.1,153.4,159.6,162.1,158.0,158.6,165.5,159.2
ED-0020,707,11:47,148.2,155.5,165.2,156.4,153.2,152.8,159.7,163.0,157.3,159.2,166.1,159.0
ED-0020,708,11:48,148.2,155.6,165.7,156.3,154.9,153.0,160.2,162.5,158.1,158.7,166.7,159.8
ED-0020,709,11:49,148.3,155.6,166.2,156.2,155.1,153.8,159.5,161.5,158.3,158.8,165.5,159.8
ED-0020,710,11:50,148.0,156.3,166.6,156.4,153.7,153.3,159.0,162.7,158.1,159.1,166.4,159.9
ED-0020,711,11:51,149.3,156.5,166.5,156.8,154.0,153.6,160.5,163.1,158.3,158.6,166.7,160.4
ED-0020,712,11:52,148.9,156.3,165.9,157.4,155.0,153.1,159.7,162.9,158.8,158.6,166.3,160.5
ED-0020,713,11:53,148.5,156.3,166.8,156.5,154.4,155.1,160.1,163.5,159.6,159.3,166.2,160.3
ED-0020,714,11:54,148.9,156.5,166.8,156.4,154.6,154.3,159.3,161.4,158.1,158.3,166.5,160.4
ED-0020,715,11:55,148.5,157.3,166.6,157.9,154.6,154.7,160.3,163.2,158.7,160.0,166.8,161.2
ED-0020,716,11:56,149.5,156.5,166.7,157.4,154.8,154.5,161.0,163.5,159.4,160.0,167.0,160.8
ED-0020,717,11:57,148.2,156.5,166.5,156.5,154.2,155.1,160.8,162.6,158.0,159.5,167.1,160.7
ED-0020,718,11:58,147.6,155.7,167.3,157.5,154.0,154.5,161.0,163.1,159.2,159.4,166.7,161.3
ED-0020,719,11:59,149.2,156.8,165.9,158.5,154.6,155.0,159.6,163.2,159.6,160.5,166.9,161.6
ED-0020,720,12:00,149.5,157.1,166.1,157.9,155.5,155.0,161.5,164.0,159.1,160.8,166.9,161.1
ED-0020,721,12:01,149.4,157.3,167.7,158.2,155.4,155.1,160.4,163.6,159.8,160.6,167.1,162.1
ED-0020,722,12:02,149.1,157.0,167.5,157.7,155.9,155.1,160.9,163.6,158.9,160.6,167.9,161.3
ED-0020,723,12:03,149.4,157.6,166.9,157.6,155.7,155.2,162.0,163.4,159.7,159.9,166.9,162.3
ED-0020,724,12:04,148.4,156.8,167.1,158.6,155.5,155.6,162.2,164.6,160.9,160.4,167.1,162.1
ED-0020,725,12:05,150.0,156.7,168.0,157.8,156.0,155.4,160.9,165.1,159.6,160.4,166.7,161.4
ED-0020,726,12:06,149.7,157.8,167.2,157.9,155.9,155.5,161.1,164.7,160.1,159.4,167.8,161.0
ED-0020,727,12:07,150.5,156.9,168.1,158.9,155.5,155.1,162.4,165.1,159.9,160.8,167.6,162.8
ED-0020,728,12:08,150.1,157.6,167.4,158.7,155.2,156.1,162.2,164.1,160.4,160.8,167.8,162.4
ED-0020,729,12:09,150.4,157.9,168.5,158.6,156.6,155.6,161.8,164.8,161.1,159.9,167.8,161.6
ED-0020,730,12:10,149.9,157.9,168.4,159.3,155.9,156.3,161.7,164.1,160.5,161.2,166.5,163.2
ED-0020,731,12:11,149.7,158.7,167.9,158.3,155.9,155.8,162.4,165.4,160.6,161.7,167.9,163.5
ED-0020,732,12:12,149.7,157.7,169.4,158.8,157.0,156.1,162.4,165.2,161.0,161.3,167.6,162.8
ED-0020,733,12:13,150.5,157.6,168.3,158.6,156.5,155.6,161.7,165.0,161.4,161.5,168.2,162.5
ED-0020,734,12:14,150.5,158.7,169.2,158.9,157.8,156.9,161.8,166.1,160.9,161.6,168.1,163.0
ED-0020,735,12:15,150.1,159.0,168.6,158.8,157.9,155.8,163.2,165.6,162.0,161.7,167.4,164.3
ED-0020,736,12:16,150.8,156.7,168.9,158.8,157.0,156.6,163.6,165.7,161.3,162.3,169.4,162.1
ED-0020,737,12:17,150.1,157.8,167.8,159.5,157.0,156.9,162.3,165.5,160.7,162.5,169.0,163.9
ED-0020,738,12:18,151.4,158.9,169.3,159.2,157.1,155.9,163.0,165.7,161.2,161.5,169.4,163.1
ED-0020,739,12:19,150.7,158.5,169.1,160.1,157.5,157.6,163.3,166.5,161.8,161.0,169.4,163.2
ED-0020,740,12:20,150.0,159.6,169.5,159.1,157.3,158.3,163.3,165.0,161.5,162.3,168.0,162.8
ED-0020,741,12:21,151.8,159.7,170.4,160.4,158.0,158.0,163.0,166.5,162.0,162.7,169.1,164.0
ED-0020,742,12:22,151.4,158.4,169.3,160.0,157.7,156.9,163.1,165.5,161.1,161.8,169.5,163.9
ED-0020,743,12:23,151.4,158.7,169.8,160.7,156.7,157.7,163.3,167.0,161.9,162.3,170.0,164.5
ED-0020,744,12:24,152.5,159.5,169.0,160.0,158.8,158.2,163.5,166.3,162.5,162.1,169.6,163.7
ED-0020,745,12:25,152.0,158.4,170.8,160.4,158.0,157.8,163.8,167.2,161.6,161.8,169.2,163.4
ED-0020,746,12:26,151.1,159.6,169.8,159.5,158.1,157.9,163.3,167.2,162.5,162.0,169.6,164.9
ED-0020,747,12:27,151.9,158.4,169.5,160.7,157.1,157.2,163.6,166.6,160.8,162.8,170.3,164.4
ED-0020,748,12:28,151.7,160.1,169.4,160.2,157.7,157.7,164.0,166.8,162.3,162.3,170.6,164.7
ED-0020,749,12:29,152.3,159.7,170.0,160.4,158.7,156.0,164.4,166.2,162.3,162.6,170.2,163.5
ED-0020,750,12:30,151.6,159.6,170.6,160.4,158.7,158.7,164.5,167.6,162.4,161.8,170.8,165.0
ED-0020,751,12:31,151.8,160.1,170.6,159.7,157.7,158.0,164.2,167.8,163.1,162.8,170.6,164.7
ED-0020,752,12:32,152.5,159.9,170.8,160.0,157.7,158.0,164.2,166.1,162.1,162.1,169.7,164.5
ED-0020,753,12:33,152.1,160.1,170.3,160.9,158.3,158.3,164.0,167.4,162.2,162.9,171.0,164.6
ED-0020,754,12:34,151.6,160.5,170.6,160.5,158.3,158.8,163.7,167.2,163.1,163.1,169.8,165.7
ED-0020,755,12:35,152.6,159.4,170.8,161.2,158.7,158.3,164.1,167.7,161.3,163.4,170.9,165.0
ED-0020,756,12:36,152.6,159.3,170.6,160.6,158.8,158.6,164.3,167.6,162.7,163.6,170.2,165.2
ED-0020,757,12:37,152.0,161.7,171.4,160.5,158.6,158.9,164.3,167.4,162.8,162.8,170.8,164.9
ED-0020,758,12:38,152.8,161.0,171.3,161.7,158.7,160.5,164.9,168.6,163.1,164.5,171.0,165.5
ED-0020,759,12:39,152.9,160.9,170.7,161.3,159.0,159.3,164.5,169.1,163.5,162.7,171.3,165.4
ED-0020,760,12:40,152.8,160.8,170.0,161.9,159.1,159.4,165.4,168.5,163.8,164.0,171.5,165.8
ED-0020,761,12:41,153.8,161.1,171.3,161.8,159.3,159.3,166.0,167.7,163.5,163.7,170.8,165.7
ED-0020,762,12:42,153.2,160.4,171.1,161.6,159.4,159.4,166.4,167.9,164.2,163.9,170.3,165.3
ED-0020,763,12:43,152.1,160.3,172.5,160.7,158.7,159.1,165.6,169.6,163.5,163.8,171.4,166.3
ED-0020,764,12:44,152.7,161.2,171.7,162.1,159.1,160.1,165.9,168.5,163.7,164.0,171.6,166.9
ED-0020,765,12:45,153.5,162.0,171.5,161.8,160.0,158.8,165.9,167.8,164.0,163.4,171.7,166.3
ED-0020,766,12:46,153.0,160.5,171.4,161.7,160.2,159.3,166.0,169.1,164.5,164.3,171.6,166.3
ED-0020,767,12:47,153.7,161.3,171.7,161.8,160.8,160.5,165.0,168.8,163.9,164.9,171.9,166.7
ED-0020,768,12:48,153.2,162.0,171.9,162.4,160.3,159.7,165.4,169.0,165.0,163.9,171.7,166.2
ED-0020,769,12:49,153.7,161.8,171.7,162.5,160.4,160.2,166.0,169.3,164.3,165.0,172.2,166.3
ED-0020,770,12:50,153.6,160.4,171.7,161.6,160.7,160.0,166.0,168.9,164.3,163.8,172.2,167.4
ED-0020,771,12:51,153.5,161.4,171.7,162.9,160.7,160.7,166.2,169.3,164.8,164.4,171.9,166.3
ED-0020,772,12:52,154.4,161.6,173.4,163.3,160.2,160.1,166.2,169.2,165.2,165.2,171.7,166.9
ED-0020,773,12:53,154.1,162.0,172.1,163.0,160.4,159.1,165.7,170.5,164.4,164.8,171.9,166.4
ED-0020,774,12:54,154.9,162.0,173.0,162.9,161.1,160.6,167.5,169.5,164.5,164.3,171.7,166.9
ED-0020,775,12:55,154.9,160.8,172.2,162.6,161.4,160.6,167.2,169.8,165.1,164.8,172.9,167.8
ED-0020,776,12:56,154.1,161.9,171.8,162.7,160.7,161.9,167.2,169.2,164.6,166.1,172.7,166.8
ED-0020,777,12:57,154.4,162.0,174.0,162.6,161.3,160.5,167.8,170.4,164.3,164.8,172.2,166.4
ED-0020,778,12:58,154.5,162.8,172.8,162.8,161.3,160.4,167.3,169.4,165.2,164.5,173.5,166.9
ED-0020,779,12:59,154.4,162.9,173.4,162.5,161.5,160.7,166.8,170.1,164.7,165.3,172.8,167.2
ED-0020,780,13:00,154.3,162.1,172.7,163.2,161.6,160.7,167.2,170.8,165.6,165.0,173.2,167.0
ED-0020,781,13:01,155.6,162.9,173.1,163.6,161.2,160.1,167.8,169.0,166.3,164.3,172.3,167.1
ED-0020,782,13:02,154.8,162.3,172.8,163.2,161.1,160.2,167.8,170.0,165.9,165.7,172.6,167.1
ED-0020,783,13:03,154.3,163.1,173.1,163.2,162.0,161.3,168.0,170.2,166.0,165.2,173.5,168.0
ED-0020,784,13:04,155.4,161.9,173.7,163.4,162.0,161.1,167.2,169.5,165.4,166.7,172.8,167.6
ED-0020,785,13:05,155.5,163.3,173.7,163.8,162.4,160.7,167.8,170.1,164.6,166.4,173.2,167.3
ED-0020,786,13:06,154.7,162.4,173.5,163.0,161.8,161.0,167.7,171.2,165.4,165.7,173.4,167.8
ED-0020,787,13:07,156.3,162.9,173.9,163.2,162.1,162.0,167.7,171.1,165.3,165.4,173.8,167.8
ED-0020,788,13:08,156.0,163.0,174.4,162.9,162.4,162.4,167.9,170.8,165.4,165.8,174.0,168.1
ED-0020,789,13:09,154.8,163.5,174.3,163.7,162.1,162.0,167.4,171.7,165.3,165.8,173.6,168.2
ED-0020,790,13:10,155.8,163.6,174.0,163.6,162.5,161.8,168.5,171.5,165.5,165.5,174.4,168.7
ED-0020,791,13:11,155.5,162.8,174.8,163.9,162.5,162.0,167.9,172.0,166.7,166.3,174.2,167.9
ED-0020,792,13:12,155.6,163.4,173.9,163.5,162.4,161.8,169.0,171.9,166.4,166.6,173.6,169.6
ED-0020,793,13:13,155.9,163.8,174.5,164.2,163.0,162.1,168.2,171.0,165.6,167.5,174.6,168.6
ED-0020,794,13:14,156.9,163.9,174.7,164.0,162.7,162.7,168.4,171.7,166.0,166.8,174.7,169.0
ED-0020,795,13:15,156.6,164.3,174.5,164.5,162.6,162.0,168.4,172.6,166.9,166.7,175.0,169.0
ED-0020,796,13:16,156.2,164.4,173.4,164.2,163.9,162.7,169.0,171.6,167.8,166.9,175.2,168.8
ED-0020,797,13:17,156.3,164.3,174.2,164.9,163.3,162.4,168.0,171.5,165.2,167.2,175.0,169.0
ED-0020,798,13:18,156.2,163.7,175.2,164.5,163.1,162.9,169.3,172.2,166.8,167.6,175.2,169.5
ED-0020,799,13:19,156.4,162.8,174.5,163.8,163.0,162.5,168.7,171.5,167.2,166.7,174.0,170.1
ED-0020,800,13:20,156.6,164.0,174.7,164.8,163.8,163.2,169.3,172.2,166.8,166.5,174.3,169.0
ED-0020,801,13:21,156.5,163.2,175.2,164.8,162.8,162.8,169.2,172.8,167.1,166.9,174.6,168.4
ED-0020,802,13:22,157.0,164.2,174.7,164.9,162.9,164.4,169.0,173.0,167.3,166.7,175.2,169.5
ED-0020,803,13:23,156.5,164.0,174.8,164.1,163.9,163.5,169.9,172.3,167.7,167.7,175.0,169.0
ED-0020,804,13:24,157.6,164.3,175.0,165.4,162.8,162.7,169.6,172.3,167.0,168.3,174.5,170.3
ED-0020,805,13:25,157.1,164.5,175.2,164.8,163.4,164.4,170.2,172.5,167.1,168.4,175.0,169.4
ED-0020,806,13:26,157.4,164.0,176.3,165.6,163.8,163.9,169.6,172.8,167.9,166.9,174.5,170.4
ED-0020,807,13:27,157.0,165.1,175.3,166.0,164.6,162.9,169.6,172.0,168.8,168.2,176.4,170.2
ED-0020,808,13:28,156.4,163.7,175.7,164.9,164.2,163.8,170.0,172.4,168.0,167.9,175.2,170.8
ED-0020,809,13:29,156.7,166.1,175.4,165.9,163.5,162.8,171.3,171.9,167.1,167.7,175.3,169.3
ED-0020,810,13:30,157.5,165.1,175.9,165.7,163.7,164.1,171.3,172.3,167.4,167.8,175.9,169.7
ED-0020,811,13:31,157.7,165.1,176.2,165.2,163.8,162.5,170.4,173.2,168.3,168.7,175.5,169.9
ED-0020,812,13:32,157.9,165.1,175.8,164.9,164.7,164.1,170.5,172.8,168.8,168.7,176.6,169.5
ED-0020,813,13:33,157.2,164.9,175.8,165.9,164.3,164.3,169.6,173.0,167.3,167.7,175.7,169.5
ED-0020,814,13:34,158.2,165.0,175.3,166.4,164.9,163.7,170.0,172.9,168.4,167.9,175.2,171.2
ED-0020,815,13:35,157.6,165.3,176.1,165.8,164.0,164.8,170.8,173.1,168.0,168.7,175.7,170.1
ED-0020,816,13:36,157.4,166.1,176.2,166.5,165.4,164.9,170.4,173.9,168.3,168.9,175.7,171.8
ED-0020,817,13:37,158.3,165.1,176.0,166.7,165.1,164.0,171.2,173.7,168.0,168.7,176.3,170.7
ED-0020,818,13:38,158.2,164.9,176.0,166.6,164.7,164.2,170.2,173.4,168.8,168.9,176.6,170.1
ED-0020,819,13:39,158.0,165.3,176.8,166.9,165.0,164.9,170.2,174.1,168.6,170.0,176.3,171.2
ED-0020,820,13:40,158.0,165.8,177.0,166.1,165.6,164.1,172.0,174.4,168.2,167.7,176.4,171.1
ED-0020,821,13:41,157.6,166.5,176.2,167.4,165.1,164.0,171.4,173.3,168.3,168.7,175.9,171.0
ED-0020,822,13:42,158.6,165.8,177.4,165.9,165.5,164.9,171.4,174.0,168.5,169.8,175.8,170.9
ED-0020,823,13:43,158.1,165.4,177.4,167.2,165.3,165.0,171.8,173.0,169.2,169.8,176.0,171.4
ED-0020,824,13:44,158.4,167.1,176.2,166.1,165.5,164.6,171.4,174.5,168.7,169.0,177.1,171.9
ED-0020,825,13:45,158.5,165.7,177.4,167.5,164.9,164.8,170.7,174.1,168.3,169.6,176.9,171.3
ED-0020,826,13:46,158.5,166.5,178.1,166.8,165.4,165.1,172.0,176.0,169.2,168.9,176.6,171.7
ED-0020,827,13:47,158.2,165.7,178.0,166.9,165.8,165.0,172.1,175.2,170.2,169.2,177.5,172.3
ED-0020,828,13:48,157.6,166.8,177.8,167.0,164.7,166.1,171.8,173.7,168.4,169.7,177.8,171.3
ED-0020,829,13:49,159.7,166.8,177.7,167.2,165.9,165.2,172.1,173.7,168.7,169.9,177.3,172.3
ED-0020,830,13:50,159.2,167.7,177.3,166.8,165.5,165.1,172.1,174.2,168.8,170.6,177.3,171.9
ED-0020,831,13:51,158.8,166.7,178.4,167.7,166.5,165.3,171.4,174.3,169.6,169.9,177.8,171.1
ED-0020,832,13:52,158.6,166.5,178.3,167.2,165.9,165.9,172.3,174.9,168.9,168.9,177.9,171.0
ED-0020,833,13:53,158.8,166.9,177.0,167.7,165.3,165.3,172.2,175.1,168.5,170.1,177.1,172.0
ED-0020,834,13:54,159.4,166.6,177.7,168.0,165.9,165.9,171.8,175.1,169.2,169.9,177.6,172.1
ED-0020,835,13:55,158.8,166.9,178.0,167.9,165.5,166.4,171.7,174.8,169.1,170.6,178.2,172.4
ED-0020,836,13:56,158.6,167.3,177.3,167.6,165.6,165.5,171.6,175.5,170.3,169.0,177.8,172.0
ED-0020,837,13:57,159.2,167.1,177.5,167.6,166.3,166.4,172.4,175.0,170.0,171.2,178.3,172.8
ED-0020,838,13:58,159.7,167.7,178.2,167.8,165.9,166.1,172.7,176.0,170.1,170.5,177.8,172.9
ED-0020,839,13:59,160.3,167.4,178.7,167.1,166.9,166.8,172.3,175.7,170.2,170.1,177.7,173.7
ED-0020,840,14:00,160.0,166.9,178.7,168.6,166.9,167.4,171.9,175.2,169.9,171.0,177.5,173.0
ED-0020,841,14:01,159.7,167.7,178.0,168.4,166.9,165.5,173.4,175.8,169.1,170.2,178.4,172.5
ED-0020,842,14:02,159.4,167.3,178.1,168.7,167.5,166.0,172.4,176.8,170.0,171.5,178.3,171.5
ED-0020,843,14:03,159.0,167.8,179.1,168.4,167.4,165.9,172.9,176.3,170.3,171.0,178.3,173.5
ED-0020,844,14:04,160.1,168.1,178.8,167.2,166.2,167.4,174.2,176.5,170.6,170.3,178.9,173.1
ED-0020,845,14:05,160.4,167.3,179.6,168.3,168.2,167.0,173.0,176.0,170.3,171.5,178.9,173.1
ED-0020,846,14:06,159.4,168.2,179.4,168.6,167.3,165.9,173.7,175.8,170.3,171.1,178.0,173.1
ED-0020,847,14:07,159.9,168.3,179.4,168.8,166.8,166.0,173.6,176.5,170.9,171.6,178.4,173.1
ED-0020,848,14:08,159.2,168.4,178.5,169.5,166.8,166.8,174.1,175.4,170.7,171.7,178.2,173.8
ED-0020,849,14:09,160.9,168.6,179.7,169.7,166.4,166.5,174.3,176.5,171.0,172.2,179.2,173.1
ED-0020,850,14:10,160.0,168.0,179.2,168.4,167.6,166.4,174.2,177.0,172.0,171.0,178.8,173.1
ED-0020,851,14:11,160.4,167.9,179.9,168.6,167.6,167.5,173.9,175.9,171.4,172.1,179.6,174.5
ED-0020,852,14:12,161.3,167.4,179.2,169.3,167.8,166.9,174.0,175.7,170.7,171.6,179.2,173.8
ED-0020,853,14:13,160.9,168.2,179.4,168.7,167.7,167.7,174.8,177.5,171.2,171.3,179.2,173.6
ED-0020,854,14:14,160.7,168.7,178.7,169.0,167.6,168.0,174.0,177.6,171.9,171.7,179.8,174.5
ED-0020,855,14:15,161.0,167.8,179.8,168.8,168.1,167.6,173.5,176.7,171.2,172.5,178.7,174.7
ED-0020,856,14:16,161.4,169.2,180.2,169.6,167.5,167.9,174.0,176.0,171.2,170.9,179.9,174.4
ED-0020,857,14:17,161.0,169.1,180.0,169.2,167.5,167.2,175.1,177.8,171.2,171.6,180.3,174.0
ED-0020,858,14:18,160.8,168.8,180.0,169.3,168.4,168.1,174.9,177.8,172.3,172.1,180.1,175.0
ED-0020,859,14:19,160.7,169.4,180.3,168.6,168.9,167.9,173.7,178.5,172.3,171.5,180.1,174.8
ED-0020,860,14:20,160.5,169.5,179.9,169.4,168.3,167.2,174.5,177.0,172.2,171.0,179.9,173.9
ED-0020,861,14:21,160.1,168.3,179.9,169.6,168.2,167.5,174.0,177.9,171.7,171.3,180.5,174.7
ED-0020,862,14:22,161.9,168.0,179.9,169.7,168.8,168.6,175.0,178.1,171.1,171.3,180.0,174.6
ED-0020,863,14:23,161.4,169.2,180.7,169.8,168.8,168.4,174.1,177.5,171.8,172.0,179.8,175.3
ED-0020,864,14:24,161.2,170.1,180.4,170.0,169.0,168.3,175.1,177.5,171.5,172.1,179.3,174.4
ED-0020,865,14:25,161.7,169.4,180.3,170.3,168.7,167.6,175.7,178.2,171.9,171.8,180.7,174.8
ED-0020,866,14:26,161.3,169.3,180.0,170.1,169.3,167.8,174.5,178.5,171.5,171.9,181.5,174.7
ED-0020,867,14:27,162.6,169.6,180.3,170.3,168.6,167.4,175.6,177.8,172.4,173.2,180.8,175.6
ED-0020,868,14:28,161.7,169.3,180.8,170.0,169.5,168.1,174.8,177.3,172.8,172.5,180.5,175.4
ED-0020,869,14:29,161.9,170.2,180.9,170.7,169.5,168.7,175.9,178.5,172.3,172.7,181.1,175.0
ED-0020,870,14:30,161.2,169.5,181.7,170.2,168.9,168.6,174.6,178.5,171.7,172.4,180.4,175.3
ED-0020,871,14:31,162.5,169.4,180.5,170.4,170.1,168.6,174.9,178.0,172.3,172.0,180.9,175.8
ED-0020,872,14:32,162.4,169.4,180.6,171.1,169.9,169.1,176.0,177.6,172.7,172.5,181.0,174.7
ED-0020,873,14:33,162.2,169.9,181.1,171.2,169.7,169.9,175.5,178.7,173.1,172.8,181.5,175.6
ED-0020,874,14:34,163.0,169.0,180.3,171.0,169.5,168.8,176.5,178.7,173.0,172.6,180.5,176.0
ED-0020,875,14:35,161.9,170.6,181.3,170.1,169.1,170.2,176.0,178.4,172.3,173.1,180.9,175.9
ED-0020,876,14:36,162.7,170.0,181.0,170.9,170.0,169.3,175.9,179.3,172.7,173.0,181.2,175.6
ED-0020,877,14:37,162.5,170.4,181.1,170.9,169.2,169.2,176.1,178.8,172.7,173.6,181.8,175.9
ED-0020,878,14:38,163.2,170.3,181.1,171.5,169.8,169.0,175.8,178.7,173.2,174.3,180.9,175.7
ED-0020,879,14:39,162.3,170.8,181.7,171.1,169.5,169.0,176.2,179.2,173.3,174.6,180.5,176.3
ED-0020,880,14:40,162.4,170.2,181.0,170.6,170.2,169.8,176.1,178.9,172.4,173.9,181.4,176.5
ED-0020,881,14:41,161.8,170.4,182.5,170.9,170.3,168.6,176.7,178.6,173.3,174.5,182.4,175.4
ED-0020,882,14:42,162.4,170.1,181.6,170.5,169.9,169.5,176.6,179.4,172.6,173.5,180.8,176.6
ED-0020,883,14:43,162.9,170.1,181.8,170.9,169.0,169.6,176.3,178.8,173.2,173.7,181.8,175.6
ED-0020,884,14:44,163.1,170.7,181.7,171.6,170.3,169.8,176.3,178.9,173.1,173.5,182.1,176.5
ED-0020,885,14:45,162.9,171.0,181.9,172.1,170.5,169.4,176.4,179.2,174.0,174.0,181.7,177.4
ED-0020,886,14:46,162.7,169.7,182.5,171.8,170.5,169.6,177.5,179.6,174.0,174.8,182.1,176.6
ED-0020,887,14:47,163.6,170.9,182.6,172.0,171.3,169.1,176.2,179.8,173.4,174.0,181.5,176.3
ED-0020,888,14:48,163.3,171.1,181.6,172.0,170.4,169.8,176.4,180.4,173.3,173.2,181.7,176.9
ED-0020,889,14:49,162.3,171.0,181.7,171.3,170.4,170.7,176.7,179.5,173.6,172.8,182.2,176.5
ED-0020,890,14:50,162.9,172.0,182.8,170.7,170.3,170.6,177.1,179.4,174.2,174.3,181.9,176.3
ED-0020,891,14:51,162.8,170.8,181.4,170.8,170.0,169.7,176.3,178.7,173.3,175.1,183.0,176.7
ED-0020,892,14:52,164.5,171.3,182.6,172.2,171.6,171.6,177.0,179.4,174.1,174.0,181.5,177.1
ED-0020,893,14:53,162.8,171.8,182.7,172.0,171.1,171.1,178.0,180.7,174.5,174.0,182.5,177.7
ED-0020,894,14:54,163.4,171.4,182.4,171.7,170.8,171.8,176.1,180.5,173.4,175.0,182.2,176.7
ED-0020,895,14:55,164.1,171.1,182.6,171.5,171.3,170.9,177.2,180.8,174.4,174.3,182.0,177.6
ED-0020,896,14:56,163.8,171.3,183.1,171.9,171.4,171.1,177.8,180.2,174.3,175.5,182.4,177.9
ED-0020,897,14:57,163.9,172.1,182.3,173.0,170.9,170.4,177.3,180.2,174.3,175.4,183.3,177.0
ED-0020,898,14:58,164.7,171.4,182.7,173.1,172.2,171.0,177.7,180.4,173.8,174.4,182.4,178.2
ED-0020,899,14:59,163.9,172.1,182.8,173.1,172.0,170.8,177.8,180.8,174.2,175.3,183.9,177.9
ED-0020,900,15:00,164.6,171.2,182.4,172.8,170.4,171.1,177.7,180.8,174.6,174.4,183.7,177.2
ED-0020,901,15:01,164.3,171.9,182.9,173.0,171.0,171.2,177.7,180.1,175.3,175.1,182.9,178.1
ED-0020,902,15:02,163.4,172.2,183.8,173.1,172.0,170.8,178.0,181.1,174.8,176.0,183.6,177.2
ED-0020,903,15:03,164.9,172.1,182.7,172.2,171.7,171.4,178.6,181.6,176.0,175.0,182.3,178.0
ED-0020,904,15:04,164.7,172.4,183.3,172.2,172.4,171.8,178.3,180.8,174.8,175.7,182.5,177.2
ED-0020,905,15:05,163.8,173.2,183.5,172.9,171.1,172.1,177.4,180.9,175.4,176.2,183.4,178.3
ED-0020,906,15:06,164.5,173.0,183.2,174.2,171.7,172.3,178.0,181.5,174.8,175.5,183.7,178.1
ED-0020,907,15:07,164.5,172.4,183.0,173.4,171.4,172.6,178.9,180.9,174.9,175.4,183.9,178.3
ED-0020,908,15:08,164.4,172.1,184.8,173.3,173.0,171.7,178.6,180.5,174.9,174.6,183.4,178.0
ED-0020,909,15:09,164.9,172.1,183.5,173.6,172.1,172.2,179.6,181.3,175.5,176.4,183.7,178.9
ED-0020,910,15:10,164.5,173.3,183.6,173.2,170.9,171.9,178.3,181.4,176.1,175.8,184.9,178.3
ED-0020,911,15:11,165.2,173.1,183.1,173.5,172.5,172.0,178.3,181.5,175.3,176.1,184.1,179.5
ED-0020,912,15:12,164.3,172.5,184.2,173.0,172.7,171.5,179.2,181.3,175.9,175.3,184.6,178.6
ED-0020,913,15:13,165.4,172.7,183.4,173.6,171.8,172.1,178.9,181.8,176.6,175.7,184.3,179.1
ED-0020,914,15:14,164.5,172.8,183.0,174.0,172.4,173.0,179.3,180.8,175.3,175.5,184.0,179.8
ED-0020,915,15:15,165.5,172.9,184.4,174.1,172.6,171.7,178.4,182.3,176.5,176.0,183.7,178.8
ED-0020,916,15:16,165.1,173.3,184.6,173.3,171.9,172.3,178.8,182.4,175.5,176.0,183.2,178.4
ED-0020,917,15:17,165.4,173.5,185.1,174.2,173.1,172.4,178.8,181.7,176.1,177.6,184.6,178.5
ED-0020,918,15:18,164.7,171.9,184.4,173.4,173.3,172.8,179.1,181.6,175.8,175.8,184.1,178.4
ED-0020,919,15:19,165.4,174.1,183.8,173.3,174.2,173.6,179.1,181.8,176.5,176.6,183.9,179.5
ED-0020,920,15:20,166.1,172.8,186.3,174.2,174.1,173.8,179.4,181.9,176.4,176.8,184.1,179.1
ED-0020,921,15:21,165.8,174.3,184.0,174.8,173.4,172.2,180.5,181.9,176.6,176.8,185.3,179.1
ED-0020,922,15:22,165.5,173.4,184.0,174.7,172.8,173.3,178.9,182.7,175.3,176.9,184.3,179.6
ED-0020,923,15:23,165.5,174.3,184.4,174.6,172.9,173.4,180.0,182.5,176.1,176.5,185.1,179.0
ED-0020,924,15:24,164.8,173.7,184.1,175.1,173.9,172.9,179.5,181.5,176.6,176.3,184.3,178.8
ED-0020,925,15:25,165.6,173.3,184.6,174.3,173.8,172.5,180.4,181.5,176.5,176.6,184.8,179.1
ED-0020,926,15:26,166.8,173.9,185.3,174.4,173.5,172.7,179.8,181.7,176.1,176.8,185.1,178.5
ED-0020,927,15:27,165.7,173.7,185.8,174.7,173.5,173.8,179.7,181.9,175.7,177.0,185.1,179.4
ED-0020,928,15:28,166.2,173.8,184.8,174.7,173.7,173.2,180.0,182.7,176.8,177.6,184.7,180.8
ED-0020,929,15:29,166.1,174.3,185.8,173.9,174.0,172.5,180.3,182.9,176.5,177.4,185.0,179.9
ED-0020,930,15:30,166.5,173.7,185.5,175.1,173.2,173.1,180.1,183.8,177.1,176.6,184.9,179.5
ED-0020,931,15:31,166.3,174.7,185.6,175.7,173.9,173.2,180.2,182.4,177.6,177.3,186.4,180.4
ED-0020,932,15:32,166.4,173.8,186.1,174.7,173.8,173.5,180.5,183.7,176.4,176.5,185.3,179.2
ED-0020,933,15:33,167.8,174.8,185.7,176.0,174.3,174.2,181.7,183.0,177.6,177.5,184.5,179.9
ED-0020,934,15:34,167.5,174.5,185.6,174.9,173.6,173.8,181.3,183.5,177.3,176.4,185.7,180.0
ED-0020,935,15:35,167.6,174.3,186.2,175.7,174.2,173.7,180.3,183.1,178.0,177.2,185.7,180.7
ED-0020,936,15:36,167.0,175.4,186.2,175.6,173.1,173.6,181.0,183.6,177.2,177.1,185.6,180.2
ED-0020,937,15:37,166.1,175.4,185.1,175.5,175.1,173.5,181.0,183.4,177.9,177.7,185.3,180.1
ED-0020,938,15:38,166.2,174.2,186.6,175.6,175.2,174.6,180.7,183.0,177.8,177.5,185.4,179.8
ED-0020,939,15:39,166.3,174.0,186.9,176.2,174.8,174.4,181.5,183.1,177.2,177.1,184.8,180.1
ED-0020,940,15:40,167.3,175.2,185.5,175.5,175.8,174.9,180.8,183.5,177.1,177.8,186.6,180.9
ED-0020,941,15:41,166.3,175.0,186.3,176.5,175.0,174.6,181.0,184.4,177.6,178.2,186.7,181.1
ED-0020,942,15:42,166.2,174.6,185.8,176.1,175.9,174.6,181.6,183.9,179.0,178.4,185.7,180.7
ED-0020,943,15:43,167.5,174.8,186.3,176.6,174.9,175.1,181.2,183.6,178.9,177.8,186.0,181.1
ED-0020,944,15:44,166.4,176.0,187.0,175.6,175.4,174.3,180.5,183.7,177.8,178.1,186.1,181.4
ED-0020,945,15:45,167.4,175.1,186.7,175.7,174.4,175.1,181.1,183.9,178.3,178.7,186.4,180.9
ED-0020,946,15:46,167.0,176.0,186.7,175.5,174.7,174.1,181.3,184.1,177.9,179.0,187.6,180.2
ED-0020,947,15:47,167.4,175.5,186.7,176.0,175.2,174.6,180.8,184.3,177.8,178.7,186.6,180.9
ED-0020,948,15:48,167.3,175.2,186.8,175.9,174.5,175.8,181.4,184.8,178.7,177.9,186.7,180.7
ED-0020,949,15:49,166.7,175.3,186.9,176.6,175.3,174.3,181.1,184.5,177.8,178.5,187.0,180.7
ED-0020,950,15:50,167.9,174.7,186.9,175.4,175.3,174.9,181.7,184.6,178.1,178.2,186.2,182.1
ED-0020,951,15:51,167.2,175.9,186.7,175.8,175.5,174.8,181.1,183.4,178.7,179.8,187.7,181.6
ED-0020,952,15:52,168.2,175.0,186.6,176.3,175.3,175.6,181.8,184.9,179.0,178.2,187.4,181.5
ED-0020,953,15:53,167.8,175.5,187.1,176.3,175.1,175.5,181.9,185.5,178.1,177.9,186.9,180.6
ED-0020,954,15:54,167.9,175.7,187.1,176.1,175.5,174.9,182.0,185.1,178.9,178.6,187.5,182.0
ED-0020,955,15:55,167.7,175.1,187.1,176.6,175.4,175.4,182.1,185.2,179.3,179.3,187.6,181.9
ED-0020,956,15:56,168.3,175.6,186.8,176.7,176.2,175.3,181.9,185.5,179.8,179.3,187.5,181.1
ED-0020,957,15:57,168.2,176.5,187.9,176.4,175.9,174.7,182.4,184.7,178.6,179.4,187.3,182.0
ED-0020,958,15:58,168.3,175.2,188.1,177.5,175.8,175.6,181.9,184.9,178.6,178.3,188.8,181.8
ED-0020,959,15:59,168.2,176.8,187.5,177.0,175.8,176.4,181.3,185.0,178.4,180.3,187.2,182.4
ED-0020,960,16:00,168.5,175.8,186.9,176.2,176.2,174.8,181.7,184.9,179.6,180.1,188.4,181.9
ED-0020,961,16:01,168.9,176.6,187.9,176.5,176.7,174.8,182.5,185.9,178.6,178.4,187.7,182.4
ED-0020,962,16:02,168.2,175.8,188.3,177.5,175.7,175.1,182.0,185.9,179.1,179.7,187.3,183.0
ED-0020,963,16:03,169.4,176.1,187.7,177.7,175.2,176.4,183.5,185.4,179.5,179.0,188.7,181.9
ED-0020,964,16:04,168.7,176.2,187.9,177.5,176.8,176.4,182.3,185.7,179.2,180.3,188.1,181.9
ED-0020,965,16:05,168.8,176.3,187.5,177.5,175.1,175.0,182.5,184.3,178.9,179.0,188.8,183.2
ED-0020,966,16:06,168.4,176.5,187.2,178.4,176.2,175.6,181.8,185.2,180.1,179.8,187.3,182.5
ED-0020,967,16:07,168.4,176.5,188.4,177.2,176.2,176.8,182.7,186.1,180.5,179.4,188.0,182.6
ED-0020,968,16:08,168.7,176.2,187.7,176.4,176.4,177.5,181.9,185.4,179.2,179.5,188.0,183.0
ED-0020,969,16:09,168.6,176.6,187.8,177.3,175.9,175.9,182.9,185.1,179.2,179.8,188.4,183.4
ED-0020,970,16:10,168.4,176.6,187.3,177.5,177.1,177.2,182.8,187.0,180.2,180.8,188.6,183.1
ED-0020,971,16:11,169.4,176.9,188.9,177.0,176.7,175.8,182.7,187.2,180.6,180.1,188.9,182.1
ED-0020,972,16:12,169.6,177.9,188.7,177.1,177.3,175.8,184.3,185.9,179.2,179.9,188.8,182.7
ED-0020,973,16:13,168.8,177.2,188.6,178.0,176.0,176.9,183.0,185.7,180.2,178.8,188.6,183.1
ED-0020,974,16:14,169.9,177.6,188.2,177.6,176.7,176.3,182.9,186.0,180.6,180.7,188.6,182.9
ED-0020,975,16:15,168.4,178.2,188.6,178.9,176.9,175.8,183.3,186.2,180.5,179.7,189.1,183.3
ED-0020,976,16:16,169.4,177.8,189.3,177.1,177.8,176.1,182.8,186.6,179.7,180.3,188.7,183.7
ED-0020,977,16:17,169.1,176.7,188.5,178.3,177.0,177.0,182.6,186.9,180.7,180.2,187.9,183.2
ED-0020,978,16:18,169.3,177.2,188.4,178.1,176.5,178.1,183.8,186.3,181.3,181.9,188.8,183.4
ED-0020,979,16:19,169.6,177.3,189.0,177.6,176.8,176.2,183.5,186.4,180.0,180.4,189.1,183.3
ED-0020,980,16:20,170.0,177.7,188.7,178.1,177.3,177.1,184.0,186.8,180.5,180.8,188.3,182.6
ED-0020,981,16:21,169.7,177.9,188.5,177.5,178.0,176.5,183.7,186.7,180.8,180.0,188.4,183.8
ED-0020,982,16:22,170.4,178.2,188.9,179.4,177.1,177.6,183.5,186.7,179.9,179.6,188.9,184.8
ED-0020,983,16:23,170.2,177.3,188.9,178.7,176.4,177.1,184.8,186.7,180.5,181.2,188.5,183.8
ED-0020,984,16:24,169.2,177.4,189.6,179.2,177.5,177.2,184.3,187.2,181.1,180.5,189.9,184.2
ED-0020,985,16:25,169.0,177.8,189.5,178.1,177.6,176.3,184.1,186.2,180.6,180.7,189.7,184.1
ED-0020,986,16:26,169.6,177.9,189.2,178.4,178.4,177.7,184.5,187.1,181.1,181.2,188.7,183.5
ED-0020,987,16:27,169.2,177.7,189.5,178.7,178.0,178.0,183.6,187.5,180.9,181.1,189.3,184.0
ED-0020,988,16:28,170.0,178.2,189.6,178.8,178.8,177.1,184.5,187.2,180.7,181.1,190.0,183.8
ED-0020,989,16:29,170.4,179.4,189.6,178.0,177.7,177.8,184.0,187.4,180.7,181.1,190.4,184.8
ED-0020,990,16:30,169.5,178.4,190.0,179.2,177.8,177.8,184.1,187.7,181.0,180.6,189.5,184.2
ED-0020,991,16:31,170.9,177.1,189.4,179.0,178.0,177.7,184.4,187.6,181.1,181.6,190.3,184.3
ED-0020,992,16:32,170.8,178.3,190.7,178.1,177.4,178.0,185.2,187.8,181.7,182.2,189.8,184.7
ED-0020,993,16:33,171.0,178.7,190.3,178.8,178.4,176.7,184.5,187.7,181.1,181.5,190.8,184.8
ED-0020,994,16:34,171.3,179.0,191.1,179.4,177.1,177.3,185.0,187.5,180.6,180.8,189.9,185.4
ED-0020,995,16:35,170.5,178.2,190.8,179.3,179.1,178.4,184.0,188.0,182.2,181.8,189.7,184.6
ED-0020,996,16:36,171.0,178.6,189.7,178.8,179.0,178.4,184.6,187.6,181.3,181.8,190.3,185.0
ED-0020,997,16:37,170.6,178.4,190.0,179.1,178.2,177.6,185.6,188.0,181.6,181.8,189.4,184.8
ED-0020,998,16:38,170.4,178.4,190.1,178.8,178.3,179.2,185.3,188.6,181.8,180.9,189.4,185.1
ED-0020,999,16:39,170.7,177.7,190.5,180.2,177.6,177.5,185.5,187.7,181.5,182.4,190.5,184.8
ED-0020,1000,16:40,169.6,179.8,190.8,179.1,179.0,177.7,184.9,188.3,181.4,180.9,190.8,184.8
ED-0020,1001,16:41,170.5,179.0,191.0,179.2,178.5,178.1,184.8,188.0,181.8,181.6,190.9,185.5
ED-0020,1002,16:42,170.9,179.2,190.3,179.2,178.9,177.5,186.5,188.0,182.5,182.7,190.8,185.6
ED-0020,1003,16:43,170.3,178.8,190.5,179.1,179.8,178.2,184.8,188.5,181.5,182.0,190.2,185.6
ED-0020,1004,16:44,170.5,179.0,190.6,180.5,179.5,177.8,186.1,187.4,182.4,181.7,191.7,184.5
ED-0020,1005,16:45,170.9,178.6,190.5,180.3,178.8,179.4,185.7,188.9,182.1,182.2,191.0,184.4
ED-0020,1006,16:46,170.9,179.0,190.2,179.9,179.7,179.1,184.2,188.2,182.4,182.3,191.5,185.9
ED-0020,1007,16:47,171.2,179.9,191.8,179.4,179.4,179.0,186.2,188.9,181.7,182.1,191.5,184.5
ED-0020,1008,16:48,171.0,178.5,190.4,180.8,178.6,179.2,185.7,188.6,182.9,182.8,190.3,185.1
ED-0020,1009,16:49,171.1,178.7,191.5,180.2,179.7,179.7,185.7,189.6,181.9,182.4,190.8,185.2
ED-0020,1010,16:50,172.1,178.8,191.3,179.2,179.5,179.2,186.0,188.5,182.3,181.8,191.3,185.6
ED-0020,1011,16:51,172.1,180.8,191.5,179.7,180.0,178.1,186.2,189.0,182.5,183.1,191.4,186.1
ED-0020,1012,16:52,171.6,178.9,192.0,179.1,180.2,179.0,185.5,189.0,183.3,183.2,191.5,186.8
ED-0020,1013,16:53,171.6,178.8,189.9,180.4,180.0,179.0,186.2,189.7,183.2,183.4,190.8,185.8
ED-0020,1014,16:54,171.1,179.7,190.9,180.3,179.5,178.9,186.9,189.6,182.9,184.1,191.1,186.4
ED-0020,1015,16:55,171.8,179.8,191.1,180.6,179.7,178.6,185.7,189.9,182.3,183.2,191.6,185.7
ED-0020,1016,16:56,171.8,179.9,191.6,180.7,180.8,179.6,187.1,190.1,182.4,182.7,192.1,185.6
ED-0020,1017,16:57,172.0,179.9,191.0,181.1,180.3,179.5,187.3,189.1,183.3,183.1,191.7,187.2
ED-0020,1018,16:58,172.2,180.0,191.4,180.8,180.0,179.3,185.8,189.8,183.2,182.2,191.7,186.9
ED-0020,1019,16:59,171.5,179.4,190.8,180.2,181.1,179.8,185.7,189.4,182.9,182.2,191.2,186.6
ED-0020,1020,17:00,171.1,180.2,191.8,180.4,179.6,179.6,186.0,189.0,183.2,183.1,191.7,185.9
ED-0020,1021,17:01,173.0,179.6,192.1,180.1,179.6,180.0,186.8,188.9,183.3,182.9,193.0,186.6
ED-0020,1022,17:02,172.1,179.9,191.7,180.2,178.9,179.0,188.2,189.8,182.6,183.6,191.6,187.5
ED-0020,1023,17:03,171.9,179.8,191.7,181.4,180.3,180.3,187.5,188.6,182.7,183.4,190.8,186.4
ED-0020,1024,17:04,171.5,180.0,192.4,180.8,180.6,180.9,187.3,189.2,182.5,183.5,193.4,187.2
ED-0020,1025,17:05,171.8,180.5,191.6,180.8,179.3,179.2,186.0,190.1,182.2,182.9,192.8,187.3
ED-0020,1026,17:06,173.0,179.5,192.2,181.3,180.2,180.0,187.3,190.3,184.0,183.5,193.4,186.5
ED-0020,1027,17:07,173.4,181.3,192.5,181.0,180.7,179.4,186.9,189.8,184.1,183.9,192.0,186.9
ED-0020,1028,17:08,172.5,180.3,192.5,181.3,180.4,179.4,186.9,190.2,183.0,183.2,192.4,187.0
ED-0020,1029,17:09,173.1,180.9,192.3,181.2,179.8,180.0,187.6,191.9,183.2,183.3,193.7,187.2
ED-0020,1030,17:10,172.5,181.7,192.6,181.2,180.1,179.3,187.8,189.8,184.2,184.2,192.4,187.2
ED-0020,1031,17:11,172.5,180.7,191.7,180.6,181.1,180.5,186.2,191.1,183.4,183.9,192.0,186.2
ED-0020,1032,17:12,172.7,181.3,192.5,181.3,180.0,181.0,188.4,190.3,184.0,184.0,193.5,186.4
ED-0020,1033,17:13,172.6,181.4,192.4,182.0,179.8,180.0,186.4,190.1,184.3,183.7,192.6,187.5
ED-0020,1034,17:14,173.4,180.3,192.2,181.1,180.3,180.6,187.6,190.3,183.7,183.9,193.5,187.5
ED-0020,1035,17:15,173.7,180.9,192.1,181.5,180.2,180.5,187.5,190.5,183.2,184.7,193.2,187.2
ED-0020,1036,17:16,172.3,181.0,192.6,181.4,180.4,180.6,187.4,189.9,184.3,183.7,193.5,188.2
ED-0020,1037,17:17,172.2,181.2,192.8,181.1,180.6,180.9,187.6,190.2,183.6,184.6,193.3,188.1
ED-0020,1038,17:18,173.7,180.8,192.5,182.6,182.1,181.2,187.2,190.9,184.1,184.7,193.4,187.1
ED-0020,1039,17:19,172.4,181.7,193.1,181.3,180.7,180.0,187.1,190.8,184.7,184.0,193.0,186.5
ED-0020,1040,17:20,173.6,181.5,192.9,182.0,181.1,180.9,188.8,190.6,185.3,185.7,192.6,187.4
ED-0020,1041,17:21,173.7,182.4,193.2,182.1,181.8,181.0,188.3,190.8,183.8,184.4,192.6,187.3
ED-0020,1042,17:22,173.7,180.9,192.7,182.0,181.9,181.3,188.1,191.7,184.9,185.2,193.9,188.2
ED-0020,1043,17:23,173.5,180.9,193.4,181.5,182.9,181.4,189.0,191.0,184.7,185.0,194.4,186.9
ED-0020,1044,17:24,172.4,181.7,193.1,183.2,181.8,181.7,188.8,190.8,185.8,184.4,193.4,187.5
ED-0020,1045,17:25,173.6,181.6,194.2,183.0,182.0,182.3,188.8,191.4,184.5,185.1,192.7,187.2
ED-0020,1046,17:26,174.1,181.0,193.6,182.6,181.9,181.2,187.9,191.4,184.5,185.3,193.7,187.3
ED-0020,1047,17:27,174.3,181.7,193.6,182.6,182.0,181.4,188.0,191.9,184.9,184.9,193.5,187.8
ED-0020,1048,17:28,174.4,181.7,193.4,181.4,181.3,181.0,188.7,192.2,184.4,184.8,194.1,187.8
ED-0020,1049,17:29,173.9,181.6,192.9,183.6,181.4,182.3,188.0,191.2,185.0,185.2,193.2,187.8
ED-0020,1050,17:30,172.4,181.6,193.8,183.5,182.7,181.4,188.4,191.1,184.9,185.1,194.1,187.9
ED-0020,1051,17:31,173.4,182.6,193.1,183.2,182.3,182.3,188.5,191.9,184.7,185.0,194.4,188.3
ED-0020,1052,17:32,174.9,182.8,194.5,182.6,182.9,181.3,188.5,191.7,185.2,184.8,194.4,188.6
ED-0020,1053,17:33,173.7,181.9,194.0,182.8,182.4,182.4,188.3,191.3,184.7,185.7,194.5,187.8
ED-0020,1054,17:34,175.0,182.1,194.0,182.9,182.7,182.2,190.0,191.6,184.9,185.6,194.0,189.0
ED-0020,1055,17:35,174.1,182.6,193.8,182.8,182.8,181.9,190.0,192.8,185.6,185.3,194.2,188.2
ED-0020,1056,17:36,173.9,181.5,194.6,184.1,181.9,181.9,189.4,191.6,184.5,185.2,193.1,188.6
ED-0020,1057,17:37,174.7,182.4,194.9,182.9,183.0,182.1,188.6,192.3,186.3,185.4,194.9,188.4
ED-0020,1058,17:38,174.2,182.6,193.9,184.3,181.8,182.1,189.3,192.4,184.7,185.2,194.1,187.8
ED-0020,1059,17:39,173.9,182.1,193.9,183.3,181.4,182.6,189.0,192.3,185.5,186.7,194.2,188.3
ED-0020,1060,17:40,174.3,182.6,193.9,183.5,182.6,181.9,190.1,193.2,185.5,185.1,195.4,189.1
ED-0020,1061,17:41,174.4,182.4,194.5,184.1,183.0,182.6,190.1,192.3,185.8,185.6,194.0,189.1
ED-0020,1062,17:42,174.1,182.3,194.4,184.1,184.0,183.0,189.5,192.4,185.2,186.2,194.1,188.8
ED-0020,1063,17:43,174.5,182.3,194.6,183.2,182.6,183.4,189.4,192.2,185.4,185.6,195.2,188.6
ED-0020,1064,17:44,174.4,183.4,194.5,183.4,183.1,182.3,189.7,192.5,185.6,186.2,194.5,187.9
ED-0020,1065,17:45,174.4,181.9,194.8,184.8,182.9,182.6,189.6,192.7,185.5,185.2,194.5,189.5
ED-0020,1066,17:46,174.3,182.9,195.3,183.6,182.4,181.8,189.6,192.3,186.3,185.7,194.5,189.3
ED-0020,1067,17:47,174.8,182.3,195.1,183.2,182.5,183.4,189.7,192.1,186.5,185.3,195.0,190.0
ED-0020,1068,17:48,174.7,183.5,195.0,184.6,183.7,182.0,188.9,192.5,186.6,185.9,194.4,189.2
ED-0020,1069,17:49,174.6,184.1,196.0,184.2,183.2,182.1,190.3,194.1,185.9,186.1,196.0,189.1
ED-0020,1070,17:50,174.9,183.0,193.9,183.5,183.0,183.1,190.3,193.1,186.9,186.6,196.4,189.2
ED-0020,1071,17:51,175.7,182.8,195.0,184.2,182.8,182.7,190.1,194.0,186.3,186.8,194.6,189.6
ED-0020,1072,17:52,174.7,184.1,195.2,183.9,184.3,183.4,190.7,193.1,185.5,187.0,195.2,188.9
ED-0020,1073,17:53,175.4,183.2,194.6,183.4,183.9,182.2,190.9,193.4,187.0,187.1,194.7,190.0
ED-0020,1074,17:54,174.7,183.6,196.0,184.0,182.5,183.4,190.3,193.4,186.1,186.5,195.6,190.0
ED-0020,1075,17:55,175.4,183.4,194.5,184.3,182.8,182.3,190.3,193.7,186.5,186.2,196.1,189.8
ED-0020,1076,17:56,174.9,183.9,195.1,183.9,183.9,183.5,189.9,193.6,187.2,187.1,195.1,189.3
ED-0020,1077,17:57,175.6,183.1,195.6,184.3,183.6,183.9,190.3,193.3,185.7,186.4,195.2,189.9
ED-0020,1078,17:58,174.5,182.4,195.1,185.0,184.3,183.3,190.5,194.1,186.9,187.3,195.9,190.0
ED-0020,1079,17:59,175.1,184.0,195.0,183.9,183.6,184.2,190.1,193.9,187.1,187.0,195.9,189.6
ED-0020,1080,18:00,175.5,183.9,196.4,184.7,183.5,183.2,190.9,193.2,185.8,187.6,195.3,189.9
ED-0020,1081,18:01,175.8,183.6,195.1,185.0,184.6,183.0,191.8,194.1,187.3,187.7,195.9,190.5
ED-0020,1082,18:02,175.7,184.6,195.9,185.1,184.0,184.1,190.8,193.6,186.4,186.6,195.7,191.0
ED-0020,1083,18:03,176.5,184.7,195.4,184.3,184.9,183.7,190.7,193.3,187.7,187.3,197.6,189.9
ED-0020,1084,18:04,176.8,184.4,196.0,185.8,184.1,184.0,190.3,194.2,187.8,186.6,195.2,191.2
ED-0020,1085,18:05,176.2,184.9,195.9,184.4,184.2,184.1,191.3,194.2,187.8,187.7,196.0,190.7
ED-0020,1086,18:06,175.4,185.1,195.7,184.5,184.2,184.7,190.7,194.9,186.7,188.2,195.8,189.5
ED-0020,1087,18:07,176.3,183.5,196.5,185.1,184.0,184.2,191.3,195.0,186.9,187.6,195.3,191.1
ED-0020,1088,18:08,176.2,184.2,195.7,184.5,184.5,183.7,190.7,194.8,187.0,187.6,196.3,190.5
ED-0020,1089,18:09,175.1,184.0,196.6,185.3,184.9,183.3,190.6,194.5,187.7,187.1,196.2,191.0
ED-0020,1090,18:10,176.8,184.7,195.7,184.4,183.7,183.1,190.9,194.6,187.0,188.1,195.9,191.1
ED-0020,1091,18:11,176.2,183.9,196.0,185.5,183.6,184.3,191.7,193.7,188.5,188.0,197.0,190.4
ED-0020,1092,18:12,176.1,184.5,196.4,184.9,185.3,183.6,191.7,194.1,188.2,188.1,195.7,190.5
ED-0020,1093,18:13,176.3,184.7,197.1,185.5,184.7,183.5,191.3,194.3,187.8,187.4,196.9,190.9
ED-0020,1094,18:14,176.9,184.3,195.7,186.1,184.6,184.8,191.0,194.0,187.9,187.8,196.8,190.3
ED-0020,1095,18:15,176.4,184.4,196.5,185.3,184.8,184.4,191.3,194.6,187.8,187.7,196.9,191.4
ED-0020,1096,18:16,177.4,184.5,196.7,185.3,184.5,184.9,192.0,194.9,187.0,187.6,196.4,191.5
ED-0020,1097,18:17,176.9,184.8,196.9,185.0,185.6,184.3,191.8,194.4,188.1,188.4,197.1,190.7
ED-0020,1098,18:18,176.9,184.6,196.6,185.0,184.7,184.4,191.4,194.7,188.3,188.4,196.0,191.3
ED-0020,1099,18:19,177.0,185.0,196.2,186.3,185.0,184.9,192.2,195.1,187.3,187.6,197.6,191.2
ED-0020,1100,18:20,176.7,185.4,197.2,186.1,185.0,184.3,192.5,194.8,187.9,187.9,196.9,191.2
ED-0020,1101,18:21,177.3,185.0,197.0,186.6,184.8,186.0,191.8,195.1,188.1,188.3,198.0,191.5
ED-0020,1102,18:22,176.9,184.9,197.2,186.8,185.8,185.8,191.4,195.2,188.0,189.6,196.5,191.1
ED-0020,1103,18:23,177.2,184.3,196.7,186.3,184.6,185.3,192.3,195.3,188.3,188.7,197.0,191.4
ED-0020,1104,18:24,177.0,185.3,196.6,185.6,185.8,185.1,192.7,195.5,187.8,188.4,197.3,192.3
ED-0020,1105,18:25,177.7,186.0,197.3,186.6,184.7,184.8,192.3,195.7,189.1,188.2,196.6,190.6
ED-0020,1106,18:26,177.4,186.1,196.8,185.8,186.8,185.5,192.3,195.8,189.5,189.0,197.8,192.0
ED-0020,1107,18:27,176.5,185.5,197.9,186.9,185.3,185.6,191.2,194.3,188.7,188.5,197.3,191.6
ED-0020,1108,18:28,177.5,185.8,197.2,185.5,185.8,183.9,192.2,195.8,188.0,187.3,197.5,192.6
ED-0020,1109,18:29,177.0,185.2,197.8,186.2,186.2,185.4,192.6,195.2,189.4,187.6,196.1,191.9
ED-0020,1110,18:30,176.6,185.2,197.1,185.7,185.4,186.1,192.3,195.2,189.2,188.6,198.0,192.0
ED-0020,1111,18:31,177.3,185.5,196.5,186.1,185.2,186.2,192.2,195.2,188.8,188.3,197.2,192.4
ED-0020,1112,18:32,178.2,185.3,198.4,186.2,186.1,185.6,192.2,196.1,189.3,188.3,197.6,192.7
ED-0020,1113,18:33,176.6,185.9,197.5,186.6,186.1,185.2,194.2,195.9,188.3,188.8,197.8,191.3
ED-0020,1114,18:34,177.6,186.2,197.3,186.2,185.7,186.0,192.1,196.1,189.1,188.9,197.6,192.5
ED-0020,1115,18:35,178.0,185.8,197.6,186.6,185.9,185.3,193.0,195.8,188.4,188.6,197.6,191.4
ED-0020,1116,18:36,178.2,185.9,197.9,185.1,186.9,185.4,192.6,196.6,188.9,189.1,198.5,192.4
ED-0020,1117,18:37,177.5,186.3,197.7,186.3,185.7,186.1,193.5,197.0,188.6,188.9,197.9,193.0
ED-0020,1118,18:38,178.1,185.6,198.3,187.3,186.3,186.4,193.4,196.6,189.3,189.7,197.7,193.4
ED-0020,1119,18:39,178.1,186.0,198.1,186.9,186.4,186.2,192.6,195.5,189.5,188.2,197.7,192.6
ED-0020,1120,18:40,179.2,186.6,197.3,186.4,186.2,185.7,193.8,196.4,189.2,189.9,198.3,193.1
ED-0020,1121,18:41,177.7,185.9,199.0,186.9,186.1,185.5,193.4,195.6,188.7,189.1,198.9,192.3
ED-0020,1122,18:42,178.3,186.5,197.5,186.4,186.9,186.2,193.1,197.0,188.6,189.1,199.0,193.9
ED-0020,1123,18:43,178.5,185.8,198.8,186.8,186.4,186.4,193.2,196.4,189.4,190.0,198.7,193.0
ED-0020,1124,18:44,178.1,186.3,198.3,186.4,187.0,185.9,193.4,196.2,189.8,189.2,198.4,191.8
ED-0020,1125,18:45,177.9,186.3,198.3,188.0,186.5,186.0,193.8,195.5,188.7,189.2,198.4,193.2
ED-0020,1126,18:46,178.2,186.4,198.9,186.3,186.9,186.2,193.1,196.3,189.2,189.7,199.0,192.7
ED-0020,1127,18:47,177.5,186.7,198.1,187.1,187.0,187.2,192.6,196.6,189.6,189.9,199.1,193.8
ED-0020,1128,18:48,178.3,186.4,198.9,187.0,186.5,185.8,192.7,196.5,189.7,191.1,199.0,192.8
ED-0020,1129,18:49,178.7,186.4,198.6,186.5,186.5,187.3,193.4,195.8,189.5,190.2,197.9,193.8
ED-0020,1130,18:50,178.4,186.3,199.0,187.7,186.8,187.5,194.4,197.1,190.8,190.1,198.9,193.3
ED-0020,1131,18:51,178.2,186.9,198.3,187.0,186.6,186.0,194.2,197.3,190.6,188.9,199.0,193.6
ED-0020,1132,18:52,178.6,186.5,198.7,187.8,187.2,187.2,193.9,196.9,189.4,189.3,198.0,193.3
ED-0020,1133,18:53,178.9,186.4,199.1,187.9,186.6,185.5,193.6,197.2,190.4,189.5,198.8,193.0
ED-0020,1134,18:54,179.0,185.8,198.9,188.4,187.5,187.4,194.4,196.8,190.2,191.1,199.3,193.8
ED-0020,1135,18:55,178.8,186.7,198.4,186.5,187.0,186.2,193.7,196.7,191.0,190.3,198.9,193.7
ED-0020,1136,18:56,178.9,187.0,198.6,187.6,186.2,187.8,194.0,196.5,190.4,190.8,199.4,193.3
ED-0020,1137,18:57,178.5,187.8,198.7,188.1,186.7,185.8,193.5,196.9,190.4,190.5,199.1,193.2
ED-0020,1138,18:58,178.6,187.1,198.9,187.6,187.0,186.8,193.4,197.8,190.2,190.6,199.7,193.9
ED-0020,1139,18:59,178.9,187.2,198.7,188.3,187.4,187.3,194.4,197.9,189.6,189.6,199.3,193.9
ED-0020,1140,19:00,179.0,187.7,199.3,187.1,187.8,188.4,195.0,197.4,190.3,191.0,200.4,193.8
ED-0020,1141,19:01,179.4,188.1,199.8,188.4,187.4,186.6,194.5,197.2,189.9,190.1,199.8,194.6
ED-0020,1142,19:02,179.1,187.4,200.3,188.0,187.6,187.6,195.1,197.9,190.2,189.9,199.8,194.5
ED-0020,1143,19:03,178.8,187.5,198.8,188.1,187.9,187.7,194.0,197.4,190.6,190.9,200.3,194.9
ED-0020,1144,19:04,179.6,186.7,198.9,188.4,188.1,188.1,195.3,198.2,190.8,190.3,200.3,194.4
ED-0020,1145,19:05,179.5,187.6,199.5,189.4,188.0,187.5,193.9,197.9,190.2,190.7,199.3,194.8
ED-0020,1146,19:06,179.8,187.5,200.1,188.7,187.5,188.0,194.3,198.6,190.3,191.5,199.5,194.9
ED-0020,1147,19:07,179.1,187.9,200.3,188.4,188.3,188.6,194.4,198.1,189.6,190.8,200.2,194.2
ED-0020,1148,19:08,179.3,187.8,200.2,187.9,187.8,187.2,195.2,197.8,191.2,190.8,200.0,193.9
ED-0020,1149,19:09,179.3,187.6,199.2,188.5,188.4,187.5,195.7,199.0,189.8,190.9,199.9,194.7
ED-0020,1150,19:10,179.3,187.8,199.4,188.6,188.5,187.5,196.1,198.0,191.2,190.6,200.5,194.5
ED-0020,1151,19:11,180.3,187.7,199.9,188.8,188.6,188.8,196.1,197.9,190.5,191.3,200.0,195.0
ED-0020,1152,19:12,180.5,188.1,199.6,188.6,188.8,188.8,194.8,198.2,190.7,190.9,200.2,194.7
ED-0020,1153,19:13,179.4,187.5,200.3,188.1,188.5,187.9,194.7,198.1,191.6,190.9,200.7,195.0
ED-0020,1154,19:14,180.2,188.0,200.7,189.3,187.8,187.8,196.0,199.1,191.7,191.7,200.4,194.6
ED-0020,1155,19:15,179.6,189.0,200.4,189.3,188.0,188.9,194.7,198.3,190.5,192.1,200.0,194.2
ED-0020,1156,19:16,180.0,186.9,200.6,189.6,188.1,188.1,196.3,199.2,191.2,191.3,200.9,195.5
ED-0020,1157,19:17,179.8,188.4,200.2,188.6,188.7,188.1,194.9,198.7,191.2,191.9,201.2,195.6
ED-0020,1158,19:18,180.2,188.3,200.7,188.7,188.8,188.4,195.1,198.5,190.9,191.6,201.2,195.2
ED-0020,1159,19:19,180.0,188.9,199.7,189.6,188.3,189.2,195.7,198.5,192.1,191.4,200.9,195.2
ED-0020,1160,19:20,180.4,188.6,200.0,189.9,188.1,188.8,196.2,199.1,191.5,191.6,201.8,194.9
ED-0020,1161,19:21,180.3,188.6,199.4,189.8,189.0,188.8,195.6,198.8,192.0,191.7,200.8,194.9
ED-0020,1162,19:22,179.7,188.2,200.1,188.4,188.4,189.2,195.6,198.2,192.2,191.8,200.4,195.4
ED-0020,1163,19:23,180.2,187.9,200.7,189.6,189.6,188.1,196.1,199.2,191.3,193.0,202.0,195.4
ED-0020,1164,19:24,180.8,189.3,199.9,189.3,189.0,188.5,196.5,198.4,190.7,191.4,201.5,195.3
ED-0020,1165,19:25,180.4,188.7,200.8,189.3,188.9,188.7,196.7,198.8,191.7,193.1,201.0,194.8
ED-0020,1166,19:26,180.5,186.9,201.4,190.1,188.7,188.3,195.1,199.2,192.6,192.1,201.2,195.0
ED-0020,1167,19:27,180.6,188.7,200.5,188.9,188.8,188.7,196.3,198.4,192.3,192.5,201.6,195.9
ED-0020,1168,19:28,179.8,188.6,201.2,188.5,189.1,188.7,195.9,198.6,191.7,192.0,201.6,196.1
ED-0020,1169,19:29,180.6,189.2,201.0,189.0,189.8,189.2,196.7,199.5,192.4,191.5,201.1,195.8
ED-0020,1170,19:30,181.0,188.9,201.8,189.5,189.0,188.4,195.5,200.1,191.9,192.7,201.3,195.2
ED-0020,1171,19:31,180.9,189.2,200.9,189.6,188.5,189.4,196.2,199.7,192.1,191.8,201.5,196.4
ED-0020,1172,19:32,181.1,189.9,201.7,189.7,188.9,189.9,196.1,199.1,192.4,191.7,201.4,195.4
ED-0020,1173,19:33,181.8,189.1,201.8,190.6,189.4,188.8,196.9,199.3,192.3,191.4,201.2,196.7
ED-0020,1174,19:34,180.8,189.1,200.9,190.6,189.9,189.2,196.0,199.6,192.4,192.5,200.6,195.1
ED-0020,1175,19:35,180.6,189.2,201.2,189.6,189.5,189.4,196.8,199.5,193.0,192.2,201.9,196.1
ED-0020,1176,19:36,181.2,189.7,202.0,190.9,189.6,188.5,195.8,199.1,192.1,191.9,202.6,196.1
ED-0020,1177,19:37,180.4,189.5,200.6,189.3,190.4,189.7,197.1,200.3,191.9,192.5,200.8,196.6
ED-0020,1178,19:38,180.8,190.1,201.2,190.2,190.0,189.3,196.3,199.8,192.7,192.8,201.3,196.7
ED-0020,1179,19:39,181.0,190.2,201.1,189.9,190.3,188.8,196.7,200.0,192.0,192.1,202.4,196.9
ED-0020,1180,19:40,180.6,188.6,201.3,189.9,190.5,189.5,196.4,200.3,192.6,192.3,202.5,196.3
ED-0020,1181,19:41,181.0,189.6,201.4,190.6,189.9,189.0,196.7,200.5,192.7,192.8,202.1,195.7
ED-0020,1182,19:42,180.8,188.7,202.1,190.4,189.8,190.2,195.9,199.7,192.3,192.7,202.6,196.4
ED-0020,1183,19:43,180.9,189.4,202.2,190.6,190.1,189.4,197.1,200.6,193.5,191.9,201.5,195.9
ED-0020,1184,19:44,181.3,190.3,201.9,190.1,189.7,189.0,197.9,200.0,192.7,193.5,202.6,196.5
ED-0020,1185,19:45,181.4,189.6,202.8,190.3,190.3,189.7,197.8,200.2,193.3,193.2,202.1,196.0
ED-0020,1186,19:46,182.5,189.7,202.7,189.6,190.3,189.8,197.7,199.8,193.2,193.7,202.4,196.2
ED-0020,1187,19:47,181.3,190.2,202.2,191.6,189.7,189.6,197.6,200.8,192.7,193.0,201.9,196.5
ED-0020,1188,19:48,181.4,189.6,201.9,190.6,191.1,189.8,197.4,201.1,193.1,193.4,202.0,197.1
ED-0020,1189,19:49,181.8,190.8,201.8,191.2,190.1,189.4,197.2,200.6,192.3,192.7,203.0,196.8
ED-0020,1190,19:50,181.6,190.7,201.9,190.8,190.2,189.4,196.8,199.9,193.0,193.4,202.6,196.2
ED-0020,1191,19:51,180.9,189.4,203.4,190.6,190.3,190.1,197.5,200.6,192.8,193.5,203.2,197.1
ED-0020,1192,19:52,181.8,190.2,202.5,191.2,190.2,189.6,198.0,200.6,193.6,193.7,202.4,197.3
ED-0020,1193,19:53,181.9,190.3,202.3,190.0,191.1,191.6,197.3,200.5,194.0,193.8,202.5,197.2
ED-0020,1194,19:54,183.0,190.9,202.1,191.3,191.1,190.1,197.8,200.8,192.9,194.2,203.8,196.9
ED-0020,1195,19:55,181.9,191.1,202.8,191.0,190.6,190.4,197.8,201.5,193.7,193.5,203.4,196.2
ED-0020,1196,19:56,181.7,190.1,203.1,191.0,190.2,190.6,198.6,201.8,193.2,194.6,203.1,197.3
ED-0020,1197,19:57,181.9,190.8,202.6,191.4,191.1,190.7,198.1,201.0,193.3,193.9,202.9,197.1
ED-0020,1198,19:58,182.1,190.6,202.3,190.8,191.3,189.8,198.3,201.1,194.5,194.0,202.3,197.4
ED-0020,1199,19:59,181.6,190.3,202.1,191.9,191.8,190.8,197.0,201.4,193.4,194.1,202.6,197.3
ED-0020,1200,20:00,182.0,190.0,202.7,191.1,190.6,190.4,198.5,200.9,193.8,193.2,203.2,197.3
ED-0020,1201,20:01,182.1,190.4,201.9,191.2,191.6,191.0,198.6,200.5,193.6,193.8,203.5,197.8
ED-0020,1202,20:02,182.4,190.9,202.9,191.2,191.3,190.8,198.6,200.7,193.6,194.5,203.4,197.7
ED-0020,1203,20:03,182.2,190.9,203.9,190.8,191.7,190.5,198.0,201.4,194.1,194.5,202.8,198.3
ED-0020,1204,20:04,183.9,190.4,203.3,190.3,191.0,190.8,197.8,201.4,193.8,194.0,203.2,198.5
ED-0020,1205,20:05,182.1,190.3,203.8,191.9,191.3,191.3,198.4,201.6,194.3,194.3,203.1,198.4
ED-0020,1206,20:06,182.1,191.2,202.7,192.6,191.3,190.6,198.6,202.1,193.9,194.0,203.3,198.1
ED-0020,1207,20:07,182.8,189.8,203.0,191.0,190.8,190.5,198.7,201.1,194.1,194.5,203.4,197.6
ED-0020,1208,20:08,182.3,190.8,203.7,191.8,190.9,190.8,198.0,202.7,193.9,195.1,203.3,197.1
ED-0020,1209,20:09,182.5,191.7,204.0,191.7,190.5,190.9,198.4,201.6,194.1,194.1,203.3,198.1
ED-0020,1210,20:10,182.9,191.7,202.7,192.1,191.2,190.5,197.7,201.1,194.2,194.6,203.8,197.7
ED-0020,1211,20:11,181.9,191.1,203.1,191.6,190.6,191.6,199.4,201.5,194.4,193.7,203.4,197.6
ED-0020,1212,20:12,182.9,190.7,203.3,191.9,192.2,190.7,198.5,202.2,194.6,194.7,204.4,197.8
ED-0020,1213,20:13,182.6,191.1,202.9,192.2,191.4,191.2,198.8,202.5,195.3,194.4,204.3,198.0
ED-0020,1214,20:14,183.6,191.4,204.0,191.5,191.2,192.3,198.9,202.0,193.9,194.1,203.2,197.8
ED-0020,1215,20:15,184.1,191.3,202.8,192.0,190.8,191.4,198.7,203.3,194.5,194.9,203.6,198.9
ED-0020,1216,20:16,183.0,191.4,203.3,191.8,192.5,191.7,199.0,201.2,194.0,193.4,203.8,199.2
ED-0020,1217,20:17,183.5,192.4,203.3,192.4,191.7,191.5,198.9,201.6,195.2,194.7,203.9,198.7
ED-0020,1218,20:18,183.3,191.9,203.7,193.0,191.7,191.6,198.6,202.0,194.5,194.5,204.6,198.6
ED-0020,1219,20:19,184.0,191.5,204.6,192.0,192.0,191.6,199.7,202.2,194.7,194.7,205.0,198.9
ED-0020,1220,20:20,183.7,191.5,204.3,193.1,191.9,192.1,199.5,202.5,194.3,193.8,203.6,197.9
ED-0020,1221,20:21,183.3,192.2,203.9,193.0,192.2,192.0,199.6,201.2,194.9,193.0,204.5,198.6
ED-0020,1222,20:22,183.9,192.1,204.8,192.0,191.5,191.4,199.6,202.9,194.6,194.1,204.2,198.8
ED-0020,1223,20:23,183.8,191.7,204.1,193.6,193.3,192.2,198.4,202.5,195.0,194.1,204.6,198.4
ED-0020,1224,20:24,183.6,192.3,203.7,193.2,191.8,191.4,199.6,202.4,195.5,194.9,205.4,197.8
ED-0020,1225,20:25,185.3,191.6,203.3,192.2,192.7,192.9,198.6,203.0,195.2,194.9,204.2,198.3
ED-0020,1226,20:26,182.8,192.1,202.4,192.6,192.3,192.7,199.4,203.5,195.1,194.5,204.5,198.7
ED-0020,1227,20:27,183.6,192.2,205.2,194.0,192.3,192.0,200.4,203.0,194.6,194.5,205.0,199.1
ED-0020,1228,20:28,183.3,190.8,205.4,194.2,192.7,191.6,200.2,203.1,194.9,195.2,205.0,199.2
ED-0020,1229,20:29,183.5,192.4,203.9,193.1,192.4,192.1,199.1,203.1,195.9,194.3,204.4,199.2
ED-0020,1230,20:30,184.0,192.1,205.7,191.8,192.3,192.9,199.9,202.4,195.6,193.6,205.4,199.5
ED-0020,1231,20:31,184.4,192.2,204.1,193.5,192.7,193.3,199.7,202.7,195.8,195.6,205.0,199.5
ED-0020,1232,20:32,184.8,192.1,203.6,192.3,192.3,192.6,199.1,202.9,195.2,195.2,206.0,199.7
ED-0020,1233,20:33,183.9,192.2,204.7,192.3,192.7,192.9,198.9,202.6,193.3,194.8,205.0,199.0
ED-0020,1234,20:34,183.6,192.2,204.8,192.6,192.9,193.5,199.9,202.9,195.9,194.3,204.3,198.4
ED-0020,1235,20:35,183.7,191.7,204.6,193.5,193.1,194.2,199.8,202.8,193.8,194.7,205.4,198.8
ED-0020,1236,20:36,184.5,190.9,203.6,192.6,193.1,193.1,199.9,203.7,196.2,195.2,204.8,198.7
ED-0020,1237,20:37,184.5,192.6,205.0,193.6,193.9,192.3,200.4,203.6,195.4,196.2,205.5,199.5
ED-0020,1238,20:38,184.7,192.9,205.2,192.7,193.4,192.4,200.2,202.7,194.7,194.7,205.5,200.2
ED-0020,1239,20:39,184.2,193.8,204.2,191.9,193.2,192.2,200.2,202.8,195.5,194.0,204.3,200.5
ED-0020,1240,20:40,185.2,191.6,205.1,194.4,194.6,193.5,199.3,203.8,195.4,195.6,205.5,200.2
ED-0020,1241,20:41,185.5,191.1,204.2,192.4,192.2,192.3,200.4,204.4,196.0,195.9,205.0,200.5
ED-0020,1242,20:42,184.3,192.9,204.2,192.0,193.5,193.1,200.1,205.0,194.7,194.0,205.0,200.1
ED-0020,1243,20:43,184.2,190.4,203.7,193.1,193.5,193.0,201.0,203.9,196.2,195.0,205.4,199.9
ED-0020,1244,20:44,184.7,193.1,203.4,193.0,192.6,192.7,200.0,203.5,195.0,195.6,206.0,200.4
ED-0020,1245,20:45,183.8,193.6,203.5,192.5,194.5,192.2,200.2,204.6,197.0,195.0,204.3,199.7
ED-0020,1246,20:46,184.5,192.1,203.4,191.7,193.2,193.8,200.1,203.7,196.4,194.2,205.5,199.3
ED-0020,1247,20:47,184.6,193.1,203.7,191.9,193.9,193.9,201.6,203.7,194.7,194.6,205.7,199.9
ED-0020,1248,20:48,184.3,191.7,204.0,191.8,193.0,193.6,200.1,203.7,194.7,196.4,204.7,200.2
ED-0020,1249,20:49,184.3,193.2,205.3,192.9,194.0,193.3,200.8,203.6,195.1,196.5,205.1,200.6
ED-0020,1250,20:50,185.0,191.1,205.6,192.0,193.7,192.9,200.5,203.7,194.7,194.4,204.1,201.7
ED-0020,1251,20:51,183.9,192.1,205.6,192.2,193.0,193.1,201.3,203.6,195.0,194.8,204.5,199.4
ED-0020,1252,20:52,185.2,192.2,205.3,192.6,193.6,193.4,200.8,204.3,195.7,196.0,203.9,199.9
ED-0020,1253,20:53,181.8,189.8,204.4,192.6,193.8,194.0,201.1,204.1,194.5,195.5,204.9,198.7
ED-0020,1254,20:54,184.8,191.7,204.2,194.2,194.1,193.4,200.9,203.4,194.5,194.1,204.5,199.4
ED-0020,1255,20:55,184.8,191.4,204.9,190.7,193.8,193.2,201.5,204.0,195.6,193.6,203.5,199.9
ED-0020,1256,20:56,187.0,192.7,202.9,192.4,194.5,194.0,201.2,204.6,196.7,195.2,205.1,199.8
ED-0020,1257,20:57,184.6,192.2,203.5,192.6,194.8,192.8,201.1,203.1,195.2,195.3,206.0,201.7
ED-0020,1258,20:58,182.9,191.4,204.0,193.2,194.5,194.3,202.3,203.4,196.2,195.2,204.0,199.6
ED-0020,1259,20:59,185.1,192.3,203.0,192.7,195.0,194.1,201.3,203.4,194.3,195.3,204.5,201.2
ED-0020,1260,21:00,185.8,192.8,204.5,191.7,194.5,193.9,201.2,203.8,196.8,194.4,204.6,201.4
ED-0020,1261,21:01,184.1,189.9,205.2,191.7,194.7,194.5,201.8,204.9,194.9,193.8,205.0,201.4
ED-0020,1262,21:02,184.3,191.7,204.7,193.4,193.7,194.0,202.6,205.2,195.6,193.0,203.7,199.4
ED-0020,1263,21:03,185.2,192.8,204.0,193.7,194.7,194.4,200.8,203.1,196.1,195.3,204.7,200.7
ED-0020,1264,21:04,184.1,192.5,204.8,192.0,193.8,193.9,201.2,204.7,195.8,195.0,206.0,199.0
ED-0020,1265,21:05,184.4,192.0,204.2,193.0,194.8,192.0,200.9,203.3,194.6,194.8,204.9,200.2
ED-0020,1266,21:06,184.3,191.8,204.1,192.2,194.6,195.1,199.9,204.1,196.7,195.8,205.6,198.9
ED-0020,1267,21:07,184.0,191.7,203.9,192.4,195.0,194.0,200.8,203.6,194.7,194.0,205.3,200.5
ED-0020,1268,21:08,186.6,191.6,204.4,192.9,194.5,193.3,202.1,205.0,194.6,194.3,205.0,201.9
ED-0020,1269,21:09,184.5,192.3,204.6,192.2,194.9,193.8,201.4,203.7,196.9,196.1,205.2,201.3
ED-0020,1270,21:10,185.8,190.3,203.7,192.5,193.8,196.4,200.6,204.1,194.8,195.3,204.8,200.2
ED-0020,1271,21:11,184.6,190.8,204.3,195.0,193.5,195.2,201.2,203.5,194.4,193.7,205.9,200.8
ED-0020,1272,21:12,183.3,193.2,204.4,192.6,193.1,193.5,202.2,203.4,194.3,194.8,205.9,200.1
ED-0020,1273,21:13,183.1,192.1,203.8,190.7,193.7,195.6,201.8,203.2,194.6,194.0,205.1,198.8
ED-0020,1274,21:14,182.7,193.3,204.5,192.2,195.1,194.5,201.0,204.0,196.7,193.8,205.2,199.5
ED-0020,1275,21:15,182.0,192.9,204.0,192.3,195.3,195.3,201.8,204.3,196.2,193.7,204.0,201.5
ED-0020,1276,21:16,185.8,191.3,204.2,193.0,193.8,194.8,200.8,203.7,196.6,192.6,204.4,200.4
ED-0020,1277,21:17,184.8,193.3,203.5,193.0,193.9,194.4,201.7,206.0,195.0,195.0,204.3,199.5
ED-0020,1278,21:18,184.4,193.6,204.9,194.4,193.0,192.6,201.6,205.2,194.9,195.6,205.0,201.7
ED-0020,1279,21:19,185.1,192.4,202.7,193.5,195.3,194.3,203.6,203.4,195.2,194.3,206.8,199.4
ED-0020,1280,21:20,184.6,191.0,202.9,192.4,193.1,195.1,200.4,205.1,194.6,194.8,203.9,200.2
ED-0020,1281,21:21,184.1,192.5,204.2,194.4,194.3,194.3,202.4,204.0,195.9,194.7,205.8,200.3
ED-0020,1282,21:22,184.8,191.4,203.0,191.7,193.5,195.8,201.0,205.5,195.4,195.6,205.5,200.5
ED-0020,1283,21:23,184.8,192.7,203.4,192.1,192.6,194.7,201.5,204.4,195.7,196.1,205.3,199.1
ED-0020,1284,21:24,185.3,193.0,204.4,191.8,194.6,193.7,201.2,202.6,194.3,193.8,205.0,199.6
ED-0020,1285,21:25,184.2,193.4,204.5,194.5,193.1,195.3,202.1,203.7,195.0,195.0,204.1,202.5
ED-0020,1286,21:26,184.1,193.2,203.9,191.4,194.6,195.1,202.1,205.3,195.5,193.7,205.2,199.1
ED-0020,1287,21:27,184.7,190.6,204.7,192.1,194.2,195.5,202.1,204.2,195.6,194.5,204.5,198.7
ED-0020,1288,21:28,185.1,194.0,205.0,192.5,194.6,195.8,200.5,203.6,195.8,195.0,204.8,199.8
ED-0020,1289,21:29,183.6,191.6,204.5,192.5,194.5,195.2,201.0,205.6,195.7,195.5,203.9,199.4
ED-0020,1290,21:30,185.2,194.0,204.4,193.4,193.4,194.8,200.9,205.6,195.9,195.4,205.2,201.1
ED-0020,1291,21:31,184.0,192.3,205.0,192.7,194.7,194.0,202.4,203.2,193.8,194.9,203.6,198.8
ED-0020,1292,21:32,186.7,193.5,204.0,192.9,196.4,196.6,201.3,204.3,194.8,193.4,206.0,200.5
ED-0020,1293,21:33,183.4,192.1,203.2,193.1,194.2,194.0,200.4,205.6,195.7,195.5,204.5,200.6
ED-0020,1294,21:34,184.3,193.5,204.6,191.4,194.0,193.9,201.9,204.9,195.2,194.9,203.6,200.7
ED-0020,1295,21:35,183.9,193.7,204.4,193.1,194.2,193.3,201.2,205.1,194.9,194.7,206.3,200.8
ED-0020,1296,21:36,184.8,192.5,204.4,193.7,194.7,195.7,201.6,204.0,195.0,195.0,204.0,199.8
ED-0020,1297,21:37,184.5,191.7,204.0,193.8,193.3,193.4,199.9,204.8,194.4,194.7,205.2,200.3
ED-0020,1298,21:38,184.7,191.7,203.5,193.9,194.4,194.4,201.7,204.2,194.6,194.6,206.3,199.5
ED-0020,1299,21:39,186.3,191.8,205.5,192.3,193.9,192.6,200.2,203.8,195.1,196.2,205.8,200.1
ED-0020,1300,21:40,182.9,191.9,204.4,192.8,194.0,194.8,203.3,203.5,194.7,194.4,204.4,198.7
ED-0020,1301,21:41,186.2,193.0,206.1,191.9,193.7,194.8,201.6,205.4,194.0,195.7,204.8,200.0
ED-0020,1302,21:42,185.5,192.9,203.8,194.0,194.6,193.9,200.7,204.7,196.1,194.0,203.9,198.9
ED-0020,1303,21:43,186.2,192.3,204.2,192.5,193.4,193.3,201.2,206.0,194.7,195.1,204.9,200.4
ED-0020,1304,21:44,185.0,192.0,206.3,193.8,192.7,193.7,202.3,203.7,196.2,194.7,205.5,198.3
ED-0020,1305,21:45,183.7,191.7,204.9,193.5,194.4,195.8,201.5,204.8,194.9,195.2,205.0,199.6
ED-0020,1306,21:46,184.3,190.7,203.0,193.6,194.4,193.6,203.0,204.3,195.3,194.9,206.0,200.6
ED-0020,1307,21:47,185.1,191.7,203.7,192.6,195.2,195.1,201.9,204.1,194.7,194.4,205.5,200.6
ED-0020,1308,21:48,184.6,190.8,203.8,193.2,194.2,196.2,200.9,203.5,195.5,194.7,204.5,199.5
ED-0020,1309,21:49,183.9,191.3,204.4,194.7,194.4,194.7,201.5,204.4,195.3,194.4,204.5,201.0
ED-0020,1310,21:50,185.1,192.6,203.6,193.8,194.0,194.1,202.6,205.3,196.7,195.3,204.8,199.6
ED-0020,1311,21:51,183.4,191.5,203.2,192.4,196.6,192.9,202.5,203.6,196.1,195.4,206.8,200.3
ED-0020,1312,21:52,186.5,190.7,203.4,191.8,194.6,195.5,202.0,204.2,195.3,195.7,205.6,200.4
ED-0020,1313,21:53,183.9,194.0,203.9,192.7,192.7,194.2,201.4,203.8,195.5,194.1,203.6,200.2
ED-0020,1314,21:54,185.8,192.0,204.1,192.7,194.1,195.3,202.0,205.1,195.9,195.0,205.1,199.5
ED-0020,1315,21:55,183.7,193.0,203.7,193.8,194.3,194.1,202.0,205.1,195.2,195.7,204.8,201.5
ED-0020,1316,21:56,185.2,192.7,202.5,192.6,194.7,193.9,201.8,204.2,195.6,193.6,205.6,200.5
ED-0020,1317,21:57,184.5,193.3,205.1,194.2,194.3,195.6,201.2,203.3,195.4,195.1,206.1,200.9
ED-0020,1318,21:58,184.9,191.6,204.2,192.6,194.6,193.8,200.7,203.3,196.4,195.9,205.7,201.6
ED-0020,1319,21:59,185.8,192.3,204.3,193.2,195.5,194.5,200.4,203.3,195.2,195.5,204.0,201.1
ED-0020,1320,22:00,183.3,192.7,202.8,193.3,191.6,194.7,201.3,204.3,196.2,195.2,206.5,201.2
ED-0020,1321,22:01,185.0,192.1,203.6,192.4,193.4,194.7,202.3,203.8,195.6,193.7,205.3,200.1
ED-0020,1322,22:02,184.1,191.4,202.2,192.9,194.7,192.5,200.6,203.0,196.9,195.8,204.4,199.4
ED-0020,1323,22:03,184.7,193.6,202.7,192.9,194.6,194.3,202.5,203.5,195.2,195.6,205.3,199.5
ED-0020,1324,22:04,183.6,192.3,204.1,193.3,194.2,195.5,200.6,205.5,194.9,194.9,205.2,200.3
ED-0020,1325,22:05,184.5,191.2,203.5,191.7,194.7,194.4,202.5,203.8,194.8,196.1,204.6,201.0
ED-0020,1326,22:06,186.2,193.5,204.2,193.6,195.3,193.4,199.9,204.6,196.0,194.4,206.3,201.5
ED-0020,1327,22:07,184.8,192.7,204.6,193.8,194.9,192.9,200.7,204.4,194.4,194.8,205.5,199.6
ED-0020,1328,22:08,184.6,193.3,206.3,192.4,194.8,196.3,202.1,203.2,194.5,195.1,203.8,200.6
ED-0020,1329,22:09,184.5,192.3,203.5,192.9,195.4,194.7,201.4,204.3,196.5,194.7,204.1,200.2
ED-0020,1330,22:10,184.6,192.5,204.2,192.1,194.0,194.7,200.3,204.1,193.4,196.3,203.9,200.5
ED-0020,1331,22:11,184.9,191.5,204.2,192.6,193.7,192.8,199.6,203.9,195.4,195.0,204.3,201.3
ED-0020,1332,22:12,184.5,191.8,204.7,192.2,194.0,192.3,201.8,203.8,196.7,195.0,206.2,200.2
ED-0020,1333,22:13,183.6,192.8,204.6,192.9,195.5,193.5,202.2,203.9,193.5,194.7,203.9,200.4
ED-0020,1334,22:14,184.9,191.6,205.9,193.7,194.2,194.1,201.1,203.9,194.8,196.0,204.0,199.7
ED-0020,1335,22:15,185.3,193.1,204.6,192.8,193.1,194.3,201.7,203.9,194.9,194.3,204.5,199.1
ED-0020,1336,22:16,185.7,192.6,205.3,191.9,194.1,194.2,202.0,204.6,196.3,194.1,206.1,200.4
ED-0020,1337,22:17,183.6,192.9,203.9,193.2,193.9,197.4,203.3,205.6,196.5,195.5,204.1,200.6
ED-0020,1338,22:18,183.4,191.3,204.0,194.1,192.9,193.1,202.3,204.8,194.8,195.7,205.8,200.8
ED-0020,1339,22:19,184.9,192.5,205.1,192.7,194.6,195.4,200.7,203.1,194.5,195.8,206.1,199.6
ED-0020,1340,22:20,184.0,193.1,206.0,193.2,193.9,194.4,201.9,205.1,195.5,194.1,206.4,198.6
ED-0020,1341,22:21,185.0,191.3,202.7,193.4,195.1,194.5,200.9,205.1,194.6,194.3,205.3,198.8
ED-0020,1342,22:22,187.2,192.7,205.2,193.7,192.4,194.2,200.6,203.7,194.5,195.4,205.5,199.8
ED-0020,1343,22:23,184.0,193.7,203.9,193.9,193.9,194.8,200.8,203.3,194.8,196.1,203.9,200.6
ED-0020,1344,22:24,184.6,190.8,203.0,191.8,194.0,195.7,201.1,204.3,194.9,194.9,204.9,199.3
ED-0020,1345,22:25,185.8,193.2,204.7,192.3,194.8,196.2,201.5,204.1,195.6,194.8,206.4,200.0
ED-0020,1346,22:26,184.3,191.1,203.2,193.7,194.1,196.0,200.4,204.6,195.6,194.2,203.7,199.6
ED-0020,1347,22:27,185.5,192.4,204.9,193.5,193.9,193.6,201.2,205.1,194.6,196.1,205.8,199.6
ED-0020,1348,22:28,184.3,192.7,203.5,192.9,194.4,196.0,201.6,204.2,194.0,194.8,204.0,200.9
ED-0020,1349,22:29,183.6,191.3,203.8,193.9,194.0,194.0,202.3,205.3,195.9,194.7,206.0,199.7
ED-0020,1350,22:30,185.4,191.2,202.8,193.2,194.1,194.1,201.2,204.9,195.7,195.9,204.1,200.9
ED-0020,1351,22:31,184.9,193.8,204.1,192.6,194.7,192.8,201.0,203.9,195.2,194.9,206.1,201.4
ED-0020,1352,22:32,184.6,191.0,203.2,194.1,194.0,194.7,201.9,205.0,193.9,195.7,204.0,200.1
ED-0020,1353,22:33,185.0,192.0,203.8,194.4,194.2,192.3,200.9,205.5,196.5,194.7,205.1,202.1
ED-0020,1354,22:34,184.8,191.4,204.0,192.3,194.1,194.5,202.7,203.6,197.0,195.2,204.8,199.5
ED-0020,1355,22:35,185.3,192.9,203.5,193.9,194.5,194.4,201.7,204.4,195.0,193.4,205.1,200.1
ED-0020,1356,22:36,184.8,192.0,205.1,193.1,193.3,193.9,200.1,204.1,195.6,195.6,206.2,201.1
ED-0020,1357,22:37,184.1,192.5,205.3,193.5,194.5,195.6,202.1,203.1,196.8,195.4,206.9,199.6
ED-0020,1358,22:38,185.4,192.7,205.4,194.8,195.3,194.2,201.1,204.3,195.2,193.5,206.1,201.0
ED-0020,1359,22:39,185.9,191.9,204.0,192.8,193.6,196.3,202.0,204.5,197.3,195.8,204.8,200.2
ED-0020,1360,22:40,184.0,191.4,205.4,193.2,194.9,193.8,203.4,203.8,196.9,193.7,204.4,200.1
ED-0020,1361,22:41,185.3,192.1,205.5,192.7,195.6,194.9,202.3,203.4,194.4,195.2,204.7,199.9
ED-0020,1362,22:42,185.1,193.5,206.0,193.8,194.2,194.8,202.4,205.2,196.1,193.8,205.0,201.1
ED-0020,1363,22:43,184.6,193.0,204.6,192.3,194.9,194.7,200.4,204.9,195.8,195.0,203.4,199.7
ED-0020,1364,22:44,186.0,192.4,202.9,191.8,193.9,192.8,202.6,203.7,195.2,195.2,203.9,200.5
ED-0020,1365,22:45,185.0,192.8,203.6,193.8,195.1,193.0,200.9,204.0,195.0,194.1,205.4,199.2
ED-0020,1366,22:46,186.4,193.8,205.6,193.0,195.3,192.0,200.2,206.6,196.1,195.8,205.1,200.1
ED-0020,1367,22:47,184.7,193.1,204.9,191.2,194.0,193.6,202.6,204.6,194.9,194.3,205.9,199.1
ED-0020,1368,22:48,185.2,192.5,203.7,193.1,193.9,193.9,202.1,203.8,195.0,196.1,204.1,201.4
ED-0020,1369,22:49,185.0,191.1,205.6,193.6,194.2,194.3,201.4,204.3,196.5,195.8,204.1,200.2
ED-0020,1370,22:50,183.7,191.0,204.5,193.1,193.1,195.8,202.1,205.5,194.3,194.6,205.1,201.4
ED-0020,1371,22:51,183.6,192.4,203.3,193.3,193.6,193.7,202.6,203.6,194.6,194.5,206.4,201.2
ED-0020,1372,22:52,185.1,192.3,203.0,193.9,193.6,194.4,201.1,205.4,193.9,195.1,206.7,201.1
ED-0020,1373,22:53,185.2,192.6,203.6,193.1,194.6,194.4,200.7,205.0,196.2,195.8,203.9,202.1
ED-0020,1374,22:54,184.8,192.3,202.9,191.9,195.9,194.5,200.3,204.6,196.8,194.5,206.8,201.1
ED-0020,1375,22:55,184.5,191.7,204.0,192.2,193.7,194.2,201.4,204.3,196.4,194.9,203.7,200.1
ED-0020,1376,22:56,183.5,192.7,203.4,192.8,194.4,193.6,201.9,204.3,193.7,194.4,204.6,200.8
ED-0020,1377,22:57,186.4,191.6,205.2,192.0,192.6,194.1,202.5,203.2,195.7,194.4,205.6,199.9
ED-0020,1378,22:58,184.4,192.9,203.3,192.5,194.1,193.5,203.7,204.2,193.8,195.3,205.4,199.8
ED-0020,1379,22:59,186.3,192.4,204.2,192.3,194.8,194.6,201.4,204.1,194.8,195.1,205.4,199.1
ED-0020,1380,23:00,183.9,193.5,205.7,193.3,194.0,195.7,200.6,204.9,194.7,195.3,204.3,200.8
ED-0020,1381,23:01,183.6,192.2,205.0,192.3,194.8,194.9,203.0,204.6,195.3,196.1,204.7,200.0
ED-0020,1382,23:02,185.8,192.9,204.2,193.2,194.0,194.5,201.3,203.1,195.8,195.4,205.3,200.6
ED-0020,1383,23:03,185.1,193.8,204.4,192.6,194.9,194.2,202.4,203.7,195.7,195.9,204.4,199.6
ED-0020,1384,23:04,185.2,194.0,204.3,191.6,195.4,194.5,201.5,205.2,196.0,194.2,205.1,200.6
ED-0020,1385,23:05,186.1,192.1,205.6,193.5,193.2,194.5,202.2,205.0,194.2,195.5,207.2,200.0
ED-0020,1386,23:06,184.1,192.4,205.4,192.9,194.3,195.1,201.5,203.8,194.5,194.7,204.9,199.8
ED-0020,1387,23:07,184.8,190.7,206.9,192.7,193.6,195.7,201.9,204.9,196.0,192.5,204.3,200.2
ED-0020,1388,23:08,184.6,191.6,204.0,194.3,193.7,193.1,201.6,203.9,195.2,195.9,205.7,200.6
ED-0020,1389,23:09,184.1,191.9,203.8,192.7,194.9,194.3,201.5,202.7,195.8,195.7,204.9,200.7
ED-0020,1390,23:10,185.2,191.8,203.9,192.9,195.2,194.7,201.7,204.3,194.8,193.5,205.2,201.0
ED-0020,1391,23:11,186.2,191.7,203.8,193.0,193.0,194.7,201.5,203.0,194.9,194.4,204.7,200.3
ED-0020,1392,23:12,185.4,192.0,204.5,192.5,195.5,194.3,200.6,204.3,196.3,194.5,205.4,200.2
ED-0020,1393,23:13,185.2,192.9,205.4,194.3,193.6,195.1,201.3,204.9,196.5,195.8,204.8,200.8
ED-0020,1394,23:14,185.5,192.3,203.1,192.1,194.4,194.4,201.1,204.2,196.4,196.4,206.2,200.5
ED-0020,1395,23:15,185.1,192.9,203.4,192.2,194.4,194.8,203.3,205.6,195.3,194.8,206.3,200.1
ED-0020,1396,23:16,184.2,191.6,202.8,191.8,193.4,193.7,200.0,204.0,194.2,193.5,206.4,201.3
ED-0020,1397,23:17,186.1,192.0,204.3,194.3,195.2,193.2,200.5,206.6,195.7,193.9,204.5,199.5
ED-0020,1398,23:18,185.3,190.8,205.9,191.6,194.5,196.3,201.9,205.5,195.5,195.2,206.0,198.9
ED-0020,1399,23:19,185.5,193.2,204.7,192.4,194.5,192.1,200.4,203.9,197.5,195.1,203.9,200.0
ED-0020,1400,23:20,185.4,193.6,204.4,192.4,194.6,194.2,201.1,204.8,196.0,194.2,205.4,199.9
ED-0020,1401,23:21,187.3,192.7,204.5,193.5,196.1,193.8,201.3,203.7,196.0,194.2,204.7,200.9
ED-0020,1402,23:22,184.1,192.1,203.7,191.7,195.6,195.7,202.3,203.8,195.5,194.3,204.8,200.0
ED-0020,1403,23:23,184.5,192.7,203.9,193.2,193.9,192.4,200.4,205.1,195.5,195.7,205.1,199.4
ED-0020,1404,23:24,184.0,192.3,205.6,193.4,194.9,195.4,202.3,204.9,195.3,196.0,204.6,199.9
ED-0020,1405,23:25,184.1,191.5,203.3,192.3,194.4,193.0,201.8,204.0,194.5,193.8,204.7,200.3
ED-0020,1406,23:26,186.4,191.2,204.1,191.5,192.6,195.0,201.1,205.4,194.2,193.2,203.4,200.1
ED-0020,1407,23:27,185.1,191.9,204.6,192.3,194.3,193.6,202.2,204.0,196.0,195.4,205.1,201.3
ED-0020,1408,23:28,183.5,192.0,203.9,193.3,193.9,194.4,201.7,204.6,194.7,195.2,204.2,199.1
ED-0020,1409,23:29,184.6,192.3,203.8,193.9,192.8,195.6,201.9,206.3,196.1,194.4,204.4,200.1
ED-0020,1410,23:30,183.9,192.0,203.2,191.9,193.6,194.5,201.4,203.4,195.5,195.1,206.7,201.3
ED-0020,1411,23:31,184.5,192.5,203.8,193.0,194.1,194.4,201.0,205.5,195.6,196.6,205.6,200.8
ED-0020,1412,23:32,184.4,192.9,203.8,193.9,194.3,193.2,200.4,204.7,195.3,193.9,204.8,200.1
ED-0020,1413,23:33,186.5,191.3,203.8,193.4,193.1,194.6,201.7,204.3,196.2,195.8,206.6,200.5
ED-0020,1414,23:34,184.5,193.6,203.3,193.7,194.8,195.1,202.9,204.7,195.5,195.0,205.0,201.3
ED-0020,1415,23:35,184.6,192.0,203.2,192.1,194.6,195.5,200.4,204.0,195.0,196.6,205.5,199.3
ED-0020,1416,23:36,184.2,191.3,205.1,192.2,195.4,194.0,201.8,204.6,195.7,194.3,204.9,199.2
ED-0020,1417,23:37,186.9,192.1,204.9,192.1,193.7,195.6,200.8,205.8,196.2,195.0,203.1,200.6
ED-0020,1418,23:38,184.0,189.8,203.9,193.5,193.5,194.4,201.5,204.4,194.9,196.0,205.0,201.9
ED-0020,1419,23:39,185.1,192.8,202.6,191.9,194.6,193.7,202.4,203.5,195.5,195.0,204.2,201.6
ED-0020,1420,23:40,182.7,190.6,203.6,193.4,193.2,194.1,200.2,204.2,195.3,193.7,205.0,200.8
ED-0020,1421,23:41,185.1,191.7,203.6,191.8,195.0,194.7,201.9,204.6,195.9,195.5,203.8,199.2
ED-0020,1422,23:42,183.6,191.0,204.6,193.0,193.8,194.9,201.8,203.2,196.1,195.1,205.7,199.2
ED-0020,1423,23:43,185.3,191.4,204.6,193.8,195.1,193.6,202.3,203.8,193.8,195.0,203.7,199.7
ED-0020,1424,23:44,185.7,192.3,203.1,191.7,194.4,194.2,201.1,205.3,194.3,194.4,205.1,199.6
ED-0020,1425,23:45,183.9,193.6,204.0,193.2,192.9,193.9,201.6,205.0,195.7,195.1,205.8,201.4
ED-0020,1426,23:46,184.9,193.0,204.8,190.9,195.0,193.6,200.2,204.8,196.1,194.1,205.2,201.0
ED-0020,1427,23:47,185.9,191.0,204.7,193.5,192.3,195.1,200.1,204.9,196.1,195.2,205.8,199.7
ED-0020,1428,23:48,183.5,191.4,202.6,192.9,194.5,194.2,202.7,204.5,197.5,194.3,205.5,200.1
ED-0020,1429,23:49,184.9,193.0,204.0,194.3,193.6,193.0,200.7,204.3,195.6,193.1,205.0,200.7
ED-0020,1430,23:50,184.5,193.1,204.5,192.1,194.3,194.2,201.0,203.1,195.9,195.1,204.7,201.4
ED-0020,1431,23:51,186.3,191.7,205.0,192.6,194.3,194.9,202.5,205.3,196.1,196.3,206.1,199.9
ED-0020,1432,23:52,185.4,192.1,204.7,193.2,194.0,194.1,200.2,203.3,196.1,195.2,204.8,199.3
ED-0020,1433,23:53,185.1,193.2,203.7,192.0,195.0,193.3,200.6,204.0,196.4,195.8,205.1,200.3
ED-0020,1434,23:54,184.1,192.0,203.2,194.8,193.9,194.6,201.4,203.8,194.7,194.7,203.5,201.4
ED-0020,1435,23:55,185.4,191.6,204.4,192.4,194.4,197.0,200.4,202.9,195.4,195.3,205.6,200.5
ED-0020,1436,23:56,184.7,192.1,204.9,192.4,193.6,194.1,201.3,204.5,194.3,196.9,206.3,199.3
ED-0020,1437,23:57,184.5,192.2,205.9,192.5,193.8,194.1,202.2,203.3,196.8,197.2,204.7,200.5
ED-0020,1438,23:58,184.0,191.6,204.7,192.4,194.5,195.3,200.8,203.2,195.2,194.8,206.0,201.0
ED-0020,1439,23:59,183.7,193.1,203.7,193.3,195.6,195.2,201.1,204.1,195.3,193.9,205.8,200.5
ED-0020,1440,24:00,184.3,192.1,205.1,192.2,194.0,195.7,201.6,204.4,194.8,194.6,205.3,199.9
ED-0020,1441,24:01,183.9,193.3,203.3,192.4,195.3,194.4,200.1,203.6,196.2,194.0,202.7,200.5
ED-0020,1442,24:02,184.2,192.9,204.4,191.3,193.7,193.6,201.8,204.2,195.7,194.8,204.6,201.6
ED-0020,1443,24:03,185.4,192.4,204.2,193.2,193.1,194.3,200.5,204.8,195.6,194.9,204.9,199.6
ED-0020,1444,24:04,186.1,194.3,203.5,193.7,194.5,192.7,202.2,205.1,195.2,195.5,203.9,200.7
ED-0020,1445,24:05,186.2,193.4,203.9,192.7,192.2,194.7,201.8,204.8,195.3,195.6,206.0,199.8
ED-0020,1446,24:06,184.8,191.9,204.6,191.4,194.6,194.9,202.4,203.4,194.6,195.8,204.7,200.2
ED-0020,1447,24:07,185.0,191.9,204.1,193.3,195.7,195.4,201.7,204.5,196.3,195.2,205.4,200.0
ED-0020,1448,24:08,185.0,193.6,204.6,191.0,193.8,195.5,199.9,205.0,195.5,195.1,205.8,199.8
ED-0020,1449,24:09,185.3,192.0,205.2,194.5,193.6,193.1,200.8,204.9,195.3,194.7,205.4,201.3
ED-0020,1450,24:10,184.1,192.8,203.2,191.1,192.4,191.9,202.7,204.8,194.2,194.3,204.3,200.4
ED-0020,1451,24:11,186.8,190.7,205.3,192.7,195.1,196.1,201.3,204.3,194.3,194.4,206.6,200.4
ED-0020,1452,24:12,186.4,193.0,205.0,193.3,194.9,193.9,202.0,203.5,195.6,195.5,203.4,200.1
ED-0020,1453,24:13,184.5,193.6,205.6,194.6,192.9,196.1,202.0,203.9,195.1,195.0,207.2,199.6
ED-0020,1454,24:14,185.3,193.6,205.2,191.9,193.8,194.6,201.8,204.3,193.4,195.9,204.8,199.1
ED-0020,1455,24:15,184.8,189.9,203.8,192.7,193.4,195.8,203.4,204.9,196.2,196.0,205.3,201.3
ED-0020,1456,24:16,184.2,191.8,204.3,193.7,194.3,193.9,202.5,204.7,197.1,193.9,205.3,199.8
ED-0020,1457,24:17,184.9,192.3,205.2,193.5,192.9,194.5,201.8,204.1,195.3,194.9,204.3,199.7
ED-0020,1458,24:18,185.0,193.0,203.2,193.3,195.1,194.1,202.7,203.9,194.5,193.9,205.6,199.4
ED-0020,1459,24:19,184.0,191.2,204.8,191.2,193.9,194.2,202.7,202.3,195.9,195.1,205.6,200.2
ED-0020,1460,24:20,184.5,191.6,204.2,192.6,193.5,194.5,202.0,205.2,195.0,194.9,203.4,201.2
ED-0020,1461,24:21,184.4,192.4,203.5,192.5,195.5,194.6,202.6,205.1,195.6,193.7,205.3,200.9
ED-0020,1462,24:22,184.6,192.0,202.7,193.6,192.6,195.1,201.6,203.0,193.8,195.7,204.9,200.0
ED-0020,1463,24:23,184.7,192.8,203.0,192.1,194.9,194.7,201.9,203.9,194.8,195.2,205.8,199.0
ED-0020,1464,24:24,184.4,190.5,205.4,191.7,193.5,194.7,202.0,205.4,193.3,194.9,205.1,199.9
ED-0020,1465,24:25,184.2,193.4,204.4,192.9,194.0,195.2,200.5,203.5,195.9,195.0,204.7,200.2
ED-0020,1466,24:26,185.8,191.7,205.5,193.6,193.9,194.6,201.5,205.6,194.3,194.8,204.2,199.0
ED-0020,1467,24:27,184.9,191.3,205.0,192.7,193.8,194.4,200.3,203.5,195.7,196.0,205.9,201.3
ED-0020,1468,24:28,184.8,190.5,204.3,192.8,194.9,195.4,200.3,203.1,196.0,195.2,204.6,200.3
ED-0020,1469,24:29,184.8,192.2,202.6,192.6,194.5,194.8,201.4,203.1,195.4,194.7,204.7,200.6
ED-0020,1470,24:30,184.9,192.5,203.3,192.9,193.1,195.7,202.5,204.3,194.8,194.5,205.1,199.8
ED-0020,1471,24:31,184.0,191.3,204.9,193.6,193.4,195.0,202.2,203.7,196.3,193.4,203.7,200.0
ED-0020,1472,24:32,185.6,191.1,205.2,193.5,193.8,195.0,200.6,204.9,194.7,194.5,203.8,200.1
ED-0020,1473,24:33,185.9,191.3,203.2,194.1,193.8,195.7,202.6,203.9,195.9,193.8,204.6,200.7
ED-0020,1474,24:34,185.1,194.2,204.3,192.5,194.8,195.2,202.1,202.6,195.3,195.6,204.5,199.8
ED-0020,1475,24:35,183.7,191.9,204.1,193.3,193.6,194.5,201.4,204.4,195.0,194.9,205.2,200.2
ED-0020,1476,24:36,186.5,191.9,203.8,193.3,193.4,196.2,202.0,203.9,195.3,195.2,205.8,201.3
ED-0020,1477,24:37,185.5,190.8,203.8,192.6,194.5,194.2,199.9,204.7,197.4,194.1,205.2,199.0
ED-0020,1478,24:38,185.2,191.4,205.4,192.8,194.6,192.5,201.4,204.4,194.7,195.3,205.8,201.0
ED-0020,1479,24:39,185.3,192.9,203.5,194.4,195.4,195.1,201.6,205.1,196.1,194.8,204.3,200.1
ED-0020,1480,24:40,183.5,192.3,204.9,191.9,194.5,194.6,202.8,203.3,194.5,196.2,204.6,199.2
ED-0020,1481,24:41,183.6,193.3,204.8,193.8,193.8,195.2,202.2,203.8,194.9,195.0,205.4,200.9
ED-0020,1482,24:42,185.7,192.5,203.9,194.0,193.4,193.5,201.8,205.5,195.4,195.0,204.6,199.2
ED-0020,1483,24:43,184.0,191.6,204.2,193.0,194.0,194.4,202.3,204.0,194.8,194.0,204.7,198.6
ED-0020,1484,24:44,186.5,193.9,204.4,192.2,194.5,195.4,202.5,203.9,195.2,194.8,204.5,199.4
ED-0020,1485,24:45,185.8,192.0,203.6,194.7,194.9,192.9,200.4,204.5,197.1,194.6,205.2,199.4
ED-0020,1486,24:46,186.3,192.2,203.9,192.0,193.6,194.4,203.2,204.6,195.8,194.6,206.6,200.6
ED-0020,1487,24:47,184.4,192.2,205.4,192.9,194.5,193.3,201.5,206.7,196.7,195.3,204.2,200.0
ED-0020,1488,24:48,184.0,192.2,205.4,193.1,194.1,195.0,201.7,203.7,197.0,196.3,205.7,200.1
ED-0020,1489,24:49,185.2,191.8,204.5,192.6,194.1,192.8,202.9,204.9,194.6,194.6,206.3,200.6
ED-0020,1490,24:50,184.3,193.0,205.0,193.8,194.0,193.6,202.6,206.3,193.8,195.0,205.4,198.8
ED-0020,1491,24:51,184.0,190.1,203.4,192.2,195.8,194.1,201.5,204.8,195.7,195.0,205.3,200.1
ED-0020,1492,24:52,186.3,192.4,204.2,192.3,194.0,194.8,201.6,204.0,195.4,195.2,205.8,200.5
ED-0020,1493,24:53,184.9,192.5,203.6,190.9,194.4,193.7,201.2,203.9,194.4,197.4,203.6,199.9
ED-0020,1494,24:54,184.4,191.7,204.8,192.0,195.1,195.4,203.3,202.8,195.2,195.6,203.5,199.7
ED-0020,1495,24:55,184.9,192.0,205.1,191.9,193.6,194.4,201.7,206.0,196.5,195.1,205.6,200.6
ED-0020,1496,24:56,183.7,191.3,204.9,191.9,193.7,196.2,201.9,203.6,196.4,195.2,206.1,199.3
ED-0020,1497,24:57,185.1,193.1,204.2,193.9,195.2,193.8,202.3,204.1,195.4,193.6,206.8,200.6
ED-0020,1498,24:58,184.0,191.9,204.5,191.9,193.9,194.3,201.7,203.6,194.7,194.8,203.8,200.9
ED-0020,1499,24:59,185.3,192.2,203.8,194.0,194.6,194.3,201.1,204.2,196.0,194.3,204.5,200.4
ED-0020,1500,25:00,184.4,192.2,204.1,192.9,194.5,194.0,201.5,203.8,195.6,195.6,203.9,201.3
ED-0020,1501,25:01,184.1,191.9,204.8,191.2,195.0,193.8,201.9,203.7,196.4,194.9,204.0,199.3
ED-0020,1502,25:02,184.8,191.6,205.3,193.6,194.3,192.8,202.7,203.5,195.1,194.8,204.8,200.4
ED-0020,1503,25:03,184.5,192.2,203.5,193.0,192.9,193.2,203.1,204.6,195.0,193.5,204.0,200.0
ED-0020,1504,25:04,185.1,192.5,203.4,192.8,194.5,194.3,200.6,204.9,196.4,193.6,203.6,200.3
ED-0020,1505,25:05,183.3,191.7,205.1,193.2,194.6,193.5,202.0,203.1,196.1,194.1,205.3,199.9
ED-0020,1506,25:06,183.4,191.9,203.5,193.0,193.6,194.2,200.9,205.2,194.3,196.5,204.2,199.9
ED-0020,1507,25:07,184.4,190.9,204.7,192.6,194.2,193.6,200.4,205.3,194.6,195.8,203.8,201.6
ED-0020,1508,25:08,184.6,191.8,203.6,193.1,193.3,194.1,201.6,204.9,195.9,195.0,205.6,200.7
ED-0020,1509,25:09,186.4,192.9,203.8,193.3,194.6,193.7,202.0,204.8,196.3,194.2,203.6,201.8
ED-0020,1510,25:10,184.6,192.0,204.2,192.6,195.1,194.1,200.3,203.4,194.5,194.2,206.1,201.0
ED-0020,1511,25:11,183.4,192.6,203.4,193.5,194.8,194.2,200.5,204.1,196.0,194.8,206.6,200.9
ED-0020,1512,25:12,185.1,192.4,203.1,193.0,194.2,193.9,203.1,205.4,195.1,194.4,205.2,200.9
ED-0020,1513,25:13,183.5,193.3,202.9,192.7,194.4,195.0,201.7,204.0,195.3,195.0,206.5,198.5
ED-0020,1514,25:14,185.3,193.6,204.1,193.0,195.1,193.6,201.4,202.9,195.7,196.1,202.9,200.6
ED-0020,1515,25:15,184.2,192.0,203.3,193.6,194.9,194.8,201.2,204.2,195.7,196.2,203.6,199.1
ED-0020,1516,25:16,184.9,191.2,204.9,193.0,194.7,193.7,202.3,203.5,195.1,195.3,204.6,199.8
ED-0020,1517,25:17,184.1,192.8,204.5,193.1,194.9,194.2,201.0,203.9,198.1,195.1,206.2,200.6
ED-0020,1518,25:18,185.7,191.1,203.5,192.6,193.5,195.0,202.0,203.7,195.8,195.6,203.5,199.7
ED-0020,1519,25:19,184.8,191.5,204.1,192.5,194.5,194.4,201.8,205.3,194.7,195.8,205.6,199.8
ED-0020,1520,25:20,184.3,191.1,204.0,194.5,194.9,195.4,201.8,202.5,195.1,195.3,204.9,199.6
ED-0020,1521,25:21,185.8,192.6,204.1,191.8,194.1,193.5,203.1,204.6,194.3,194.1,203.7,200.1
ED-0020,1522,25:22,184.2,191.8,204.3,192.9,196.5,195.3,201.2,205.3,194.1,195.1,204.3,201.5
ED-0020,1523,25:23,184.7,192.6,203.8,193.6,192.6,195.8,202.1,204.1,195.4,195.7,206.1,199.5
ED-0020,1524,25:24,184.7,191.6,204.6,192.9,195.4,194.7,200.5,203.8,195.6,195.0,205.5,198.2
ED-0020,1525,25:25,184.0,192.8,204.5,193.6,195.7,195.9,201.8,204.9,195.4,193.9,204.9,201.1
ED-0020,1526,25:26,185.3,191.8,202.7,192.4,195.2,196.2,203.0,202.6,195.4,194.6,204.4,200.6
ED-0020,1527,25:27,184.3,193.7,205.1,193.9,194.8,195.0,200.5,203.4,194.7,195.1,206.1,197.8
ED-0020,1528,25:28,183.3,192.0,205.0,192.6,194.7,195.8,201.7,204.1,195.9,195.9,204.4,199.0
ED-0020,1529,25:29,185.5,192.7,202.7,194.0,194.7,195.4,201.6,204.1,194.6,195.6,205.2,200.4
ED-0020,1530,25:30,185.9,193.3,204.2,193.4,196.3,193.9,200.7,203.9,196.7,194.6,205.0,200.2
ED-0020,1531,25:31,183.3,191.7,203.4,193.7,193.9,193.2,200.8,205.0,193.4,194.7,204.0,199.8
ED-0020,1532,25:32,184.8,190.5,202.9,192.0,194.6,194.2,203.5,204.2,195.7,195.0,203.3,200.3
ED-0020,1533,25:33,186.6,193.0,203.8,192.6,194.6,193.2,202.2,204.4,195.6,195.6,204.5,200.9
ED-0020,1534,25:34,184.4,192.7,205.2,194.0,193.5,195.5,201.1,204.5,195.9,193.7,204.8,202.1
ED-0020,1535,25:35,185.6,192.8,205.5,194.0,195.1,195.3,202.2,205.0,196.7,196.0,203.5,199.4
ED-0020,1536,25:36,184.2,192.7,203.6,192.5,194.3,193.8,201.0,205.3,194.1,195.9,205.1,200.3
ED-0020,1537,25:37,183.7,193.0,203.8,194.2,195.1,193.9,201.9,206.2,194.3,195.6,205.8,200.7
ED-0020,1538,25:38,183.3,193.7,205.4,193.2,193.8,195.8,203.1,204.6,195.3,195.6,204.4,201.4
ED-0020,1539,25:39,184.3,192.1,203.5,193.4,193.8,193.8,201.4,205.3,194.8,196.2,205.3,200.7
ED-0020,1540,25:40,186.2,193.0,204.6,193.1,194.1,195.7,202.8,204.1,196.2,195.7,203.3,200.3
ED-0020,1541,25:41,185.6,192.4,204.4,193.2,193.6,195.6,201.6,202.6,194.8,194.1,206.8,199.9
ED-0020,1542,25:42,183.4,192.3,204.5,193.0,194.4,193.7,201.5,203.9,195.0,194.5,206.7,200.4
ED-0020,1543,25:43,184.5,192.9,204.6,192.0,193.6,195.2,201.4,204.6,197.1,194.4,205.7,199.5
ED-0020,1544,25:44,184.9,191.7,204.4,191.3,194.2,194.2,201.1,204.6,194.3,194.2,204.4,200.4
ED-0020,1545,25:45,184.5,191.0,204.2,193.1,194.3,194.6,201.4,204.5,195.3,194.9,203.9,200.9
ED-0020,1546,25:46,183.7,191.6,203.9,193.8,194.3,196.2,202.0,204.0,196.4,194.9,204.9,199.1
ED-0020,1547,25:47,183.7,191.4,204.0,192.2,193.1,195.4,201.3,203.5,196.5,194.9,205.1,201.2
ED-0020,1548,25:48,183.7,191.9,205.0,193.2,193.1,195.8,201.8,205.2,195.7,193.5,203.9,201.2
ED-0020,1549,25:49,185.3,192.5,204.7,194.6,194.2,195.4,200.5,204.8,195.6,195.4,205.1,199.5
ED-0020,1550,25:50,184.4,192.5,204.6,193.3,192.8,195.9,202.5,203.2,194.6,195.7,206.0,199.4
ED-0020,1551,25:51,185.3,191.9,202.6,193.2,195.1,195.1,201.2,203.2,194.1,195.6,205.9,200.9
ED-0020,1552,25:52,183.3,192.1,204.1,192.9,194.8,195.4,202.3,205.0,194.5,194.1,205.8,199.8
ED-0020,1553,25:53,183.5,191.4,204.9,192.0,193.3,194.5,201.2,204.6,195.7,194.2,204.9,199.1
ED-0020,1554,25:54,183.5,191.8,205.3,191.9,194.5,195.6,200.6,203.0,194.7,194.0,206.1,199.6
ED-0020,1555,25:55,185.0,191.7,203.7,193.1,193.7,193.9,201.1,204.0,194.8,193.8,204.9,201.6
ED-0020,1556,25:56,185.2,192.5,200.9,192.1,194.2,194.0,201.2,204.2,196.3,195.5,205.9,200.6
ED-0020,1557,25:57,185.1,191.9,203.4,191.9,194.6,193.6,201.6,204.3,195.5,194.7,202.6,202.0
ED-0020,1558,25:58,184.8,191.3,205.0,192.9,193.7,194.0,202.0,204.6,194.4,195.4,204.0,201.2
ED-0020,1559,25:59,185.1,191.8,204.2,193.1,194.3,194.7,200.5,204.0,194.3,194.2,205.0,200.8
ED-0020,1560,26:00,185.6,192.0,203.3,192.8,192.8,194.9,203.3,203.2,195.8,194.3,204.0,198.9
ED-0020,1561,26:01,185.7,192.3,205.3,191.5,193.4,193.9,201.5,204.7,195.5,194.5,205.2,200.8
ED-0020,1562,26:02,185.4,190.6,205.0,192.9,195.0,194.8,199.4,202.9,195.4,195.2,205.1,200.7
ED-0020,1563,26:03,185.6,191.4,203.1,192.7,193.8,194.3,201.7,204.8,195.3,195.5,205.9,200.3
ED-0020,1564,26:04,184.6,192.4,203.6,192.5,196.1,193.2,201.9,205.1,196.0,195.2,205.5,200.2
ED-0020,1565,26:05,183.7,191.5,204.1,192.1,194.7,194.3,201.1,204.8,195.5,194.5,204.7,200.5
ED-0020,1566,26:06,183.3,192.7,204.2,191.7,193.0,193.0,201.0,205.2,196.2,195.3,204.3,200.0
ED-0020,1567,26:07,185.3,192.9,204.1,191.1,194.4,193.9,200.5,202.6,195.7,194.8,203.5,199.2
ED-0020,1568,26:08,184.6,191.8,203.9,192.1,194.7,194.5,202.5,203.9,195.9,193.6,203.7,201.0
ED-0020,1569,26:09,185.8,191.9,204.4,192.8,194.4,195.7,202.8,206.6,195.3,195.0,205.4,200.3
ED-0020,1570,26:10,184.8,192.9,203.8,191.6,193.8,194.2,201.9,204.2,196.7,194.8,206.0,200.5
ED-0020,1571,26:11,186.2,191.7,205.4,192.3,195.2,194.6,202.7,205.4,194.8,193.6,205.0,201.8
ED-0020,1572,26:12,185.3,191.5,204.8,194.1,194.9,193.8,201.6,204.4,194.6,195.4,205.4,202.1
ED-0020,1573,26:13,184.9,191.7,203.7,193.2,194.8,194.1,202.2,205.0,195.0,196.1,206.1,199.7
ED-0020,1574,26:14,184.4,192.0,204.1,192.9,194.4,193.6,200.4,203.4,196.7,194.7,205.5,199.9
ED-0020,1575,26:15,183.9,192.5,203.7,192.5,194.6,194.1,201.4,204.0,197.0,194.2,204.0,201.0
ED-0020,1576,26:16,184.6,192.6,203.8,194.0,194.2,194.8,200.9,205.0,195.2,194.9,205.6,200.7
ED-0020,1577,26:17,184.3,193.7,203.3,193.2,195.2,195.6,202.0,205.3,197.1,195.9,205.6,199.5
ED-0020,1578,26:18,184.8,193.3,205.9,193.6,193.8,192.6,201.9,203.9,195.0,196.7,205.1,200.5
ED-0020,1579,26:19,185.2,191.6,203.5,191.7,196.1,195.1,200.1,203.9,194.9,195.0,204.5,200.7
ED-0020,1580,26:20,184.8,192.5,204.3,192.6,194.6,192.9,202.6,203.3,194.3,194.3,205.7,201.0
ED-0020,1581,26:21,184.5,191.3,204.1,193.7,194.8,193.5,200.7,203.7,195.0,194.0,205.5,199.0
ED-0020,1582,26:22,184.1,193.0,206.4,192.8,194.2,193.8,202.7,204.4,195.7,194.4,203.7,198.9
ED-0020,1583,26:23,183.6,192.5,204.8,193.2,195.3,193.6,201.8,204.6,195.9,196.1,205.5,201.1
ED-0020,1584,26:24,183.4,191.4,204.4,192.8,194.7,194.2,201.4,204.3,196.6,194.8,205.0,200.9
ED-0020,1585,26:25,184.8,193.8,204.3,193.4,196.1,194.8,202.4,205.2,196.3,194.9,204.6,200.0
ED-0020,1586,26:26,185.4,193.8,204.5,193.1,193.3,194.8,202.0,203.7,194.3,195.3,204.9,202.5
ED-0020,1587,26:27,185.6,191.9,204.5,191.7,193.6,194.0,201.7,204.6,194.5,194.4,204.8,199.5
ED-0020,1588,26:28,183.4,192.6,203.8,191.9,195.1,193.3,202.2,205.9,195.3,194.9,203.9,201.0
ED-0020,1589,26:29,184.0,190.6,204.3,192.3,194.5,194.3,202.2,203.5,195.2,194.7,205.2,199.8
ED-0020,1590,26:30,186.5,192.6,203.7,194.3,195.6,193.9,202.0,204.2,195.1,194.3,203.4,200.2
ED-0020,1591,26:31,185.0,192.6,204.7,192.9,194.6,195.1,202.0,205.4,193.0,195.0,205.2,199.5
ED-0020,1592,26:32,184.1,192.5,205.8,192.9,193.5,195.0,203.2,204.8,196.6,194.6,203.7,200.5
ED-0020,1593,26:33,185.6,191.6,204.8,192.0,195.6,196.3,201.3,203.5,195.4,195.4,205.0,200.2
ED-0020,1594,26:34,183.7,193.1,203.6,191.8,193.6,193.2,201.9,202.7,195.4,195.0,205.1,200.0
ED-0020,1595,26:35,184.9,193.7,202.4,192.4,195.9,193.9,201.4,205.2,195.4,194.1,203.6,197.8
ED-0020,1596,26:36,184.2,192.5,203.2,191.8,193.6,194.0,200.5,204.2,195.5,194.5,205.3,200.5
ED-0020,1597,26:37,184.7,192.5,203.9,193.2,193.8,193.6,199.7,205.1,194.3,195.8,206.2,201.5
ED-0020,1598,26:38,185.0,193.5,205.1,194.4,193.5,194.5,200.5,203.1,195.5,194.3,204.3,200.2
ED-0020,1599,26:39,184.3,191.8,203.8,193.2,193.3,197.0,202.2,206.1,195.9,194.4,204.6,200.2
ED-0020,1600,26:40,183.4,193.7,203.5,194.0,195.2,194.3,202.0,204.6,194.3,194.6,204.9,200.3
ED-0020,1601,26:41,185.5,192.2,205.4,193.7,194.4,194.1,201.3,205.1,196.1,195.0,205.5,200.5
ED-0020,1602,26:42,185.1,191.0,203.9,192.8,194.7,194.1,202.2,203.1,194.5,194.4,204.2,200.2
ED-0020,1603,26:43,183.3,192.2,203.1,192.4,195.7,193.9,202.3,204.2,195.1,195.9,205.2,201.6
ED-0020,1604,26:44,186.1,192.6,205.0,192.4,193.7,194.3,202.8,204.6,195.3,196.4,205.3,198.8
ED-0020,1605,26:45,185.1,192.4,203.5,193.5,195.3,194.9,201.5,204.6,194.6,193.8,205.9,200.0
ED-0020,1606,26:46,185.2,191.4,203.8,192.4,194.6,195.6,201.5,205.3,195.1,193.7,205.4,200.8
ED-0020,1607,26:47,184.9,193.0,205.1,193.0,192.6,192.6,202.4,203.0,196.8,194.1,204.5,200.8
ED-0020,1608,26:48,185.2,192.8,205.6,192.2,193.9,194.1,201.8,203.7,196.4,195.7,205.3,199.6
ED-0020,1609,26:49,184.6,192.0,204.6,192.9,194.6,194.5,200.6,205.1,194.8,194.4,204.9,198.9
ED-0020,1610,26:50,184.6,192.3,202.7,193.0,193.4,194.2,202.2,205.8,195.0,195.0,205.0,200.2
ED-0020,1611,26:51,184.2,193.4,205.4,192.7,193.6,194.4,200.2,204.3,194.8,195.0,205.2,200.8
ED-0020,1612,26:52,185.1,192.0,205.1,193.9,193.6,193.1,201.2,202.6,194.8,196.8,204.5,199.8
ED-0020,1613,26:53,186.0,192.1,204.2,193.3,192.3,194.3,202.8,204.7,194.4,194.3,205.7,201.7
ED-0020,1614,26:54,184.6,191.0,205.3,192.9,191.9,193.1,202.4,205.3,195.3,193.4,204.4,199.5
ED-0020,1615,26:55,186.3,191.6,203.5,193.8,194.8,194.8,202.2,203.1,196.0,195.9,205.5,200.1
ED-0020,1616,26:56,184.2,190.9,204.0,192.2,194.4,195.1,201.6,204.6,194.1,192.5,205.9,199.1
ED-0020,1617,26:57,183.1,191.0,202.0,192.8,194.1,195.4,202.5,203.3,195.7,196.4,205.8,199.5
ED-0020,1618,26:58,184.8,190.8,203.6,192.1,193.7,193.5,202.9,203.9,193.2,193.8,204.3,199.7
ED-0020,1619,26:59,185.9,193.0,204.7,193.0,193.9,194.3,202.5,204.3,194.0,194.9,204.6,201.1
ED-0020,1620,27:00,184.6,190.3,204.4,193.5,194.2,195.9,200.8,203.8,196.3,194.5,204.5,199.8
ED-0020,1621,27:01,185.6,192.4,205.3,194.2,194.1,194.7,201.4,203.2,194.6,196.0,206.0,202.3
ED-0020,1622,27:02,185.5,192.8,204.9,193.8,194.3,195.1,201.3,205.8,194.1,195.3,205.6,200.9
ED-0020,1623,27:03,185.0,192.3,203.5,193.4,194.2,194.7,201.7,205.1,194.1,195.0,205.0,198.6
ED-0020,1624,27:04,186.5,192.5,204.5,192.6,193.5,193.8,200.6,204.6,194.7,195.2,205.8,198.9
ED-0020,1625,27:05,183.7,192.1,203.6,193.8,193.8,193.7,202.5,204.1,196.1,195.1,204.6,201.1
ED-0020,1626,27:06,183.7,192.7,204.2,193.0,194.5,195.0,201.1,202.9,195.7,194.5,204.6,200.9
ED-0020,1627,27:07,184.1,191.6,204.3,195.1,193.1,194.8,199.4,204.9,194.6,195.7,206.8,200.1
ED-0020,1628,27:08,184.7,193.3,204.1,192.7,192.4,193.5,201.4,204.4,194.9,194.5,204.1,200.5
ED-0020,1629,27:09,184.3,191.5,203.1,193.6,194.1,194.0,201.8,203.6,196.4,194.4,205.4,201.6
ED-0020,1630,27:10,184.6,191.3,203.8,192.9,195.4,195.6,199.1,205.8,194.7,196.2,204.3,200.2
ED-0020,1631,27:11,184.7,191.4,202.1,193.2,193.5,194.2,201.5,204.1,195.2,195.4,205.0,199.8
ED-0020,1632,27:12,184.2,191.5,203.2,192.4,194.2,195.4,203.1,204.2,193.6,194.2,204.4,198.5
ED-0020,1633,27:13,185.7,191.8,204.6,191.6,195.2,194.8,202.1,201.8,195.7,194.9,205.6,201.2
ED-0020,1634,27:14,184.9,193.7,203.4,193.9,194.4,194.6,201.8,205.1,194.6,192.9,205.3,200.5
ED-0020,1635,27:15,184.5,190.9,205.8,193.0,194.5,195.3,202.1,204.2,193.8,195.1,205.2,201.9
ED-0020,1636,27:16,184.7,192.6,202.9,193.0,193.5,194.3,202.0,205.8,195.1,194.5,204.3,199.4
ED-0020,1637,27:17,184.7,190.8,202.7,193.6,193.9,193.6,201.7,204.0,193.8,193.7,203.8,200.0
ED-0020,1638,27:18,183.6,191.1,203.3,191.4,193.4,193.0,202.9,204.9,195.2,195.8,204.7,200.8
ED-0020,1639,27:19,184.5,192.0,204.2,193.1,194.1,193.5,201.3,204.7,196.3,194.6,205.6,199.5
ED-0020,1640,27:20,184.3,191.6,204.3,192.4,195.1,195.2,202.1,202.6,195.8,195.4,204.2,200.1
ED-0020,1641,27:21,185.6,191.7,204.7,193.1,193.8,193.0,199.9,205.8,194.6,196.4,203.6,200.0
ED-0020,1642,27:22,185.9,192.4,203.4,192.2,194.2,194.6,200.9,204.6,194.5,195.9,206.8,199.9
ED-0020,1643,27:23,183.3,192.1,204.1,192.0,194.5,194.4,201.7,206.4,193.5,194.3,203.9,199.7
ED-0020,1644,27:24,184.5,192.1,204.0,192.3,193.5,192.8,201.7,204.9,193.3,194.8,206.5,200.2
ED-0020,1645,27:25,185.6,191.8,204.1,192.5,195.3,194.9,203.3,203.5,195.4,194.9,203.7,200.1
ED-0020,1646,27:26,183.9,193.0,205.8,191.5,193.7,195.8,201.5,203.4,196.6,195.5,204.6,199.4
ED-0020,1647,27:27,183.9,191.7,202.4,192.6,193.6,194.8,201.6,205.0,195.0,195.2,205.6,200.7
ED-0020,1648,27:28,185.5,190.9,204.0,192.4,194.6,195.0,200.7,203.2,194.1,194.5,204.7,200.0
ED-0020,1649,27:29,185.9,192.3,203.4,193.6,194.3,194.7,201.9,203.9,195.7,196.5,203.7,200.3
ED-0020,1650,27:30,184.2,190.6,203.7,193.0,193.5,194.4,202.5,203.4,195.9,194.3,205.3,200.4
ED-0020,1651,27:31,184.7,190.2,205.3,193.0,193.4,195.2,200.5,205.0,196.3,195.2,205.0,199.1
ED-0020,1652,27:32,183.6,192.8,204.5,191.8,194.0,194.9,201.9,204.3,196.4,195.0,204.5,199.5
ED-0020,1653,27:33,183.6,192.4,204.1,193.2,192.8,194.4,202.8,205.0,196.5,194.7,204.1,200.1
ED-0020,1654,27:34,184.9,193.4,204.3,193.7,195.0,194.5,201.8,204.3,194.4,194.6,205.3,200.4
ED-0020,1655,27:35,183.9,191.8,204.4,193.3,195.0,195.0,202.3,202.1,194.4,195.4,205.6,201.1
ED-0020,1656,27:36,184.4,191.3,203.7,194.4,194.0,194.9,201.6,204.3,196.1,194.5,204.5,200.6
ED-0020,1657,27:37,183.6,192.0,204.3,193.2,194.9,194.9,202.4,204.4,193.8,195.0,204.6,200.7
ED-0020,1658,27:38,184.5,190.8,204.5,192.3,193.9,196.5,202.0,204.4,194.6,195.0,205.6,199.6
ED-0020,1659,27:39,185.6,193.4,203.9,193.4,194.5,194.2,201.5,204.3,194.4,196.5,205.7,200.3
ED-0020,1660,27:40,184.6,192.0,203.9,194.2,192.4,193.8,201.9,203.3,194.2,195.6,204.6,199.8
ED-0020,1661,27:41,184.7,193.7,204.0,193.2,195.6,195.3,202.2,202.9,194.4,194.1,204.9,199.8
ED-0020,1662,27:42,184.1,191.3,203.9,192.8,194.5,195.2,202.0,203.3,195.0,195.8,204.7,199.9
ED-0020,1663,27:43,184.4,191.9,204.2,193.2,195.3,194.2,201.5,205.0,197.8,195.7,204.9,200.3
ED-0020,1664,27:44,183.1,193.0,203.8,192.9,192.2,195.5,201.4,203.0,195.1,195.9,206.2,200.9
ED-0020,1665,27:45,185.3,191.9,204.7,193.4,194.5,194.5,201.8,204.8,193.8,194.8,204.8,200.1
ED-0020,1666,27:46,184.3,192.8,204.0,192.6,194.3,194.2,201.9,202.2,196.3,196.7,204.1,199.6
ED-0020,1667,27:47,184.6,192.2,202.4,195.0,193.6,193.0,200.1,203.7,195.1,195.6,203.2,200.5
ED-0020,1668,27:48,187.4,191.7,205.5,192.7,195.0,194.5,200.5,204.9,194.2,194.7,204.4,199.6
ED-0020,1669,27:49,183.8,193.4,203.2,191.4,192.7,195.3,200.2,204.4,196.1,192.6,203.5,201.0
ED-0020,1670,27:50,185.2,192.8,202.7,193.9,196.3,195.1,202.4,204.5,195.6,195.0,205.7,201.3
ED-0020,1671,27:51,185.1,192.2,204.9,192.2,193.9,194.8,201.6,204.2,196.1,195.0,204.4,201.2
ED-0020,1672,27:52,183.9,192.9,204.4,192.3,192.9,194.1,201.1,203.9,194.7,195.7,205.0,199.2
ED-0020,1673,27:53,184.9,191.3,204.7,193.8,194.2,195.0,202.3,205.2,196.6,194.6,204.5,199.0
ED-0020,1674,27:54,184.7,191.8,204.1,193.3,193.9,194.5,200.6,203.6,196.1,196.0,206.3,200.9
ED-0020,1675,27:55,184.5,191.7,204.5,193.3,195.8,194.5,202.5,203.4,194.4,194.9,203.9,199.4
ED-0020,1676,27:56,184.5,193.3,203.2,192.0,195.1,194.5,201.4,203.6,197.3,195.0,205.1,199.2
ED-0020,1677,27:57,183.8,191.1,203.0,194.7,194.0,194.7,201.3,204.7,195.6,195.2,205.3,200.9
ED-0020,1678,27:58,184.5,192.6,205.6,192.2,193.8,195.1,202.7,203.4,195.9,194.6,204.5,201.7
ED-0020,1679,27:59,184.8,191.7,206.0,192.6,192.8,196.1,201.7,201.9,194.4,194.2,205.4,199.7
ED-0020,1680,28:00,185.4,192.6,205.2,192.1,194.5,196.5,199.7,203.0,196.4,195.4,204.1,200.2
ED-0020,1681,28:01,185.2,194.0,205.1,193.2,195.9,193.6,202.1,204.5,195.8,194.8,206.3,200.4
ED-0020,1682,28:02,184.7,191.9,204.9,192.5,194.1,195.1,202.5,204.9,194.7,195.0,205.7,200.9
ED-0020,1683,28:03,183.8,191.0,203.0,193.3,193.4,195.0,200.9,205.4,196.5,194.9,204.6,200.8
ED-0020,1684,28:04,185.2,192.8,205.4,192.4,194.5,194.8,202.6,204.6,195.7,196.1,205.0,201.2
ED-0020,1685,28:05,183.7,191.7,204.0,191.4,194.4,193.7,201.7,205.9,195.8,192.6,205.2,198.9
ED-0020,1686,28:06,185.4,191.7,204.5,191.3,193.8,194.7,202.2,205.1,194.8,194.6,204.4,200.5
ED-0020,1687,28:07,183.9,192.6,205.1,191.2,195.1,195.9,202.2,205.1,195.3,195.0,206.7,199.3
ED-0020,1688,28:08,184.6,193.6,205.3,193.2,194.9,194.9,201.6,205.3,194.5,194.7,204.3,200.1
ED-0020,1689,28:09,184.4,192.8,205.0,192.1,195.1,194.7,201.3,204.7,193.7,195.0,203.8,199.6
ED-0020,1690,28:10,185.9,192.5,202.9,192.0,192.3,194.7,201.1,205.9,195.8,194.7,204.8,200.6
ED-0020,1691,28:11,184.8,192.6,204.1,191.9,193.5,194.3,201.9,203.9,194.4,195.0,205.4,199.8
ED-0020,1692,28:12,186.7,191.6,205.5,194.5,194.3,194.5,201.8,203.6,195.0,196.0,203.5,200.3
ED-0020,1693,28:13,183.5,192.1,205.1,194.6,195.2,193.5,201.1,203.8,194.0,195.3,205.2,201.7
ED-0020,1694,28:14,186.1,190.3,203.6,191.4,193.8,194.9,201.6,204.1,195.5,194.1,204.9,199.0
ED-0020,1695,28:15,184.8,192.0,204.1,192.4,193.8,193.9,200.0,202.5,194.7,195.9,204.6,200.5
ED-0020,1696,28:16,184.8,193.0,203.3,191.5,193.9,196.3,202.4,202.8,196.6,195.4,204.6,201.9
ED-0020,1697,28:17,184.9,192.7,204.8,191.0,194.4,195.7,201.6,204.5,195.3,194.1,205.2,199.7
ED-0020,1698,28:18,185.5,193.1,203.6,192.2,194.0,195.0,199.8,204.6,195.0,193.2,206.5,199.9
ED-0020,1699,28:19,185.6,194.2,204.4,192.9,194.3,194.8,200.4,203.4,195.9,194.9,204.3,200.3
ED-0020,1700,28:20,182.4,191.4,204.8,193.1,193.6,194.3,201.4,206.1,194.1,196.3,205.6,200.5
ED-0020,1701,28:21,183.6,191.8,205.1,193.6,194.3,195.6,200.9,204.8,195.3,195.7,205.2,198.7
ED-0020,1702,28:22,186.3,191.4,203.0,195.6,195.6,195.3,202.7,205.6,195.0,193.7,206.9,200.2
ED-0020,1703,28:23,186.3,190.6,205.0,194.6,194.8,194.0,202.5,203.1,194.2,193.8,204.6,199.9
ED-0020,1704,28:24,185.2,190.5,204.6,193.5,193.7,193.8,202.5,205.6,196.0,194.7,205.4,199.5
ED-0020,1705,28:25,185.4,191.6,204.8,192.7,195.0,194.6,200.4,202.9,196.0,194.1,206.2,199.3
ED-0020,1706,28:26,184.9,193.3,204.0,192.5,193.6,193.0,200.2,202.4,194.5,195.2,204.6,199.1
ED-0020,1707,28:27,183.9,192.0,202.7,192.6,194.4,194.7,200.5,204.3,193.5,195.0,205.3,201.0
ED-0020,1708,28:28,185.7,192.3,203.2,193.1,195.5,193.8,201.3,205.2,196.2,194.9,204.6,200.0
ED-0020,1709,28:29,183.5,190.5,203.4,191.9,192.8,194.6,201.0,204.6,196.5,194.9,205.3,200.5
ED-0020,1710,28:30,184.2,191.5,204.3,194.0,194.4,195.1,202.3,204.3,195.7,194.4,206.2,199.2
ED-0020,1711,28:31,185.7,190.4,203.4,193.6,194.9,195.2,200.8,202.5,195.1,194.3,206.1,199.2
ED-0020,1712,28:32,185.0,192.8,203.0,192.6,194.5,194.3,200.6,203.1,196.8,193.7,205.3,200.2
ED-0020,1713,28:33,183.9,192.2,203.9,191.1,192.5,193.5,201.1,203.4,194.4,196.3,204.9,201.4
ED-0020,1714,28:34,185.9,191.7,203.7,193.3,194.5,195.2,201.0,203.6,196.4,195.6,204.5,200.7
ED-0020,1715,28:35,184.4,191.1,205.0,192.4,194.2,194.6,200.8,205.1,195.0,194.8,204.8,201.4
ED-0020,1716,28:36,183.1,191.3,205.6,192.8,193.9,195.3,203.9,205.2,194.6,195.3,205.1,200.2
ED-0020,1717,28:37,183.3,191.0,205.3,192.4,193.5,194.5,200.4,204.2,196.2,196.0,205.6,200.5
ED-0020,1718,28:38,184.3,192.5,205.3,192.3,194.2,195.2,202.2,204.0,194.5,194.6,204.9,200.8
ED-0020,1719,28:39,185.2,193.1,203.4,193.4,193.5,194.5,201.6,203.3,195.0,194.8,203.5,199.7
ED-0020,1720,28:40,184.0,192.7,204.6,193.1,192.8,195.0,202.0,204.5,195.7,194.6,206.8,200.6
ED-0020,1721,28:41,185.8,191.9,204.3,192.0,192.6,194.9,199.8,204.1,194.5,193.4,204.5,201.2
ED-0020,1722,28:42,185.5,192.0,203.7,191.8,192.3,195.1,201.8,204.4,195.1,195.1,204.8,201.0
ED-0020,1723,28:43,185.2,190.9,203.9,193.2,194.8,195.5,200.6,204.6,194.9,195.0,204.7,197.6
ED-0020,1724,28:44,183.7,191.0,202.7,193.6,192.5,195.8,202.0,203.6,195.5,195.9,206.0,199.1
ED-0020,1725,28:45,184.1,192.6,203.6,192.4,195.3,194.6,201.8,204.6,195.0,193.9,204.1,201.8
ED-0020,1726,28:46,185.4,192.6,203.6,190.6,192.9,193.3,201.9,203.4,196.2,195.4,205.3,199.5
ED-0020,1727,28:47,185.5,192.2,205.8,192.4,193.9,193.8,202.7,203.9,195.3,195.9,204.2,199.6
ED-0020,1728,28:48,184.7,191.2,205.1,194.1,194.7,193.9,201.3,204.6,195.2,195.1,204.0,199.9
ED-0020,1729,28:49,185.9,190.5,203.8,192.4,195.1,195.6,200.4,206.3,195.9,194.4,205.4,202.0
ED-0020,1730,28:50,185.9,192.1,205.2,193.5,194.1,193.6,201.5,203.0,195.0,196.5,205.6,199.2
ED-0020,1731,28:51,184.9,193.2,204.9,192.7,194.1,194.1,202.0,203.3,195.1,194.7,205.1,200.4
ED-0020,1732,28:52,184.8,191.3,204.1,192.9,193.8,195.3,202.2,203.8,195.1,194.4,204.7,200.7
ED-0020,1733,28:53,185.6,191.3,204.4,192.1,194.2,193.1,200.8,204.1,195.2,195.4,205.0,199.7
ED-0020,1734,28:54,185.0,191.6,204.9,193.0,195.3,193.6,201.4,203.8,195.7,195.4,204.4,200.4
ED-0020,1735,28:55,183.7,193.8,203.7,192.2,193.0,194.6,201.8,204.3,194.6,195.4,206.3,200.3
ED-0020,1736,28:56,185.5,190.6,205.5,193.4,193.0,195.4,202.0,205.7,195.3,194.5,206.1,199.1
ED-0020,1737,28:57,184.9,193.4,202.8,191.9,193.8,194.6,200.7,204.0,194.8,195.6,204.7,198.5
ED-0020,1738,28:58,183.4,190.8,205.1,192.8,193.0,194.8,201.5,204.3,194.6,194.7,203.1,199.9
ED-0020,1739,28:59,184.8,193.3,203.8,193.2,193.8,194.6,202.0,204.6,194.9,195.2,205.2,199.8
ED-0020,1740,29:00,184.6,191.5,203.8,192.8,194.2,194.5,202.7,205.1,194.4,194.2,204.4,200.2
ED-0020,1741,29:01,186.2,193.2,205.4,193.0,195.2,194.2,201.9,205.1,195.3,194.7,205.3,199.9
ED-0020,1742,29:02,186.6,192.9,204.1,193.7,195.1,195.8,201.7,204.8,194.9,194.5,203.9,200.2
ED-0020,1743,29:03,186.6,192.2,203.7,192.9,194.3,194.7,201.0,203.9,194.9,194.0,206.3,198.7
ED-0020,1744,29:04,184.6,190.8,203.6,193.0,193.8,192.7,202.7,203.6,195.0,194.4,204.7,199.8
ED-0020,1745,29:05,186.4,193.4,204.9,193.6,193.3,193.6,201.2,203.5,196.5,193.5,205.4,199.3
ED-0020,1746,29:06,184.9,191.5,204.1,193.0,193.3,193.3,201.5,204.9,195.9,194.7,204.2,200.1
ED-0020,1747,29:07,185.3,192.2,203.1,192.0,194.6,193.4,201.6,202.6,193.9,195.7,205.9,200.2
ED-0020,1748,29:08,183.6,192.6,203.5,191.6,194.1,195.1,201.7,204.1,194.1,193.9,205.1,199.7
ED-0020,1749,29:09,186.3,189.7,204.6,193.7,193.6,195.3,202.2,205.4,194.9,196.0,205.1,199.1
ED-0020,1750,29:10,184.9,190.9,203.8,193.9,194.4,194.1,200.5,206.1,196.2,196.5,205.3,199.4
ED-0020,1751,29:11,184.1,190.7,204.8,192.6,194.3,194.5,201.7,202.5,195.4,195.7,204.3,199.6
ED-0020,1752,29:12,184.1,192.0,203.3,193.5,195.6,192.1,201.9,205.3,193.8,194.5,204.4,200.4
ED-0020,1753,29:13,184.6,190.9,204.5,193.7,194.4,195.2,201.7,204.2,195.3,195.6,202.8,201.7
ED-0020,1754,29:14,185.0,192.7,205.9,192.0,194.6,194.9,201.1,203.0,195.6,196.8,205.2,198.6
ED-0020,1755,29:15,185.6,192.2,204.1,192.5,195.0,193.6,201.6,204.7,194.7,194.4,205.1,198.9
ED-0020,1756,29:16,184.4,191.2,204.2,192.1,194.6,194.1,201.8,203.8,194.3,196.8,203.4,200.8
ED-0020,1757,29:17,185.6,191.7,205.3,192.6,194.6,194.5,201.9,203.3,195.7,193.8,204.5,199.8
ED-0020,1758,29:18,183.3,192.8,204.5,191.9,193.3,193.4,199.6,204.1,194.9,196.2,206.0,201.2
ED-0020,1759,29:19,185.1,191.8,204.9,193.6,195.1,192.8,201.2,204.2,195.3,195.3,202.3,200.1
ED-0020,1760,29:20,184.8,192.9,204.1,190.9,194.4,194.5,201.1,204.6,195.9,194.8,205.6,200.5
ED-0020,1761,29:21,185.0,192.3,203.8,192.3,193.6,195.7,200.9,205.3,195.2,195.9,203.4,200.3
ED-0020,1762,29:22,185.0,191.7,204.6,192.5,195.2,195.2,200.1,203.8,195.1,194.6,205.8,200.4
ED-0020,1763,29:23,185.4,191.1,203.0,192.0,195.6,192.8,202.6,205.3,196.8,195.5,206.0,200.1
ED-0020,1764,29:24,185.2,191.3,205.3,193.0,194.4,195.6,202.1,204.5,193.5,193.9,205.3,199.6
ED-0020,1765,29:25,184.1,191.8,203.8,192.6,193.9,194.1,203.5,203.9,194.4,194.2,205.1,199.5
ED-0020,1766,29:26,185.8,192.0,203.4,193.3,194.9,195.2,201.0,201.8,194.8,193.0,204.7,199.5
ED-0020,1767,29:27,184.4,192.1,203.8,192.7,193.7,193.6,201.9,202.9,194.9,194.3,205.8,201.5
ED-0020,1768,29:28,184.5,191.7,203.9,193.1,193.0,193.4,200.8,203.7,194.6,195.4,206.2,200.6
ED-0020,1769,29:29,184.7,192.1,204.6,192.6,193.8,193.1,201.6,204.5,193.8,193.6,204.0,198.4
ED-0020,1770,29:30,184.6,191.2,203.5,191.8,193.5,194.5,203.2,204.7,195.9,193.5,204.7,199.6
ED-0020,1771,29:31,184.3,192.1,202.6,193.1,193.1,193.6,202.4,204.2,195.2,196.5,203.8,200.8
ED-0020,1772,29:32,184.1,192.6,206.3,192.8,194.5,195.5,201.0,202.8,195.7,194.8,204.3,200.9
ED-0020,1773,29:33,184.2,194.0,204.6,193.9,193.4,193.6,200.8,203.3,195.9,195.6,206.4,200.0
ED-0020,1774,29:34,185.7,191.8,203.3,191.9,193.6,194.2,203.8,202.6,195.5,194.6,205.4,199.8
ED-0020,1775,29:35,185.2,192.0,204.5,192.4,193.0,193.5,202.6,203.7,194.5,194.6,204.9,200.6
ED-0020,1776,29:36,185.2,193.2,204.5,194.3,192.4,193.4,201.4,204.8,194.8,195.5,205.7,198.7
ED-0020,1777,29:37,184.3,191.0,204.8,192.1,193.3,193.8,202.1,205.2,194.1,196.3,205.3,199.8
ED-0020,1778,29:38,184.5,194.1,204.0,193.3,194.6,194.2,201.6,204.9,195.7,193.8,205.4,199.1
ED-0020,1779,29:39,184.7,191.7,204.0,191.5,193.7,192.5,203.7,205.1,194.9,194.6,204.1,200.8
ED-0020,1780,29:40,187.0,193.0,204.3,192.1,194.6,195.5,201.1,204.3,197.4,194.7,203.8,200.4
ED-0020,1781,29:41,184.6,192.2,203.0,193.5,193.2,194.2,200.8,204.9,195.5,194.4,205.0,200.8
ED-0020,1782,29:42,185.4,192.8,204.1,194.6,193.4,195.0,200.7,203.0,195.1,194.8,205.7,200.6
ED-0020,1783,29:43,184.5,192.1,203.4,194.0,193.7,194.4,200.8,203.5,194.4,196.5,206.0,200.5
ED-0020,1784,29:44,184.4,193.6,202.7,193.0,193.6,194.5,199.7,204.7,194.1,193.9,205.3,200.2
ED-0020,1785,29:45,186.0,192.1,202.9,193.6,196.6,193.6,200.6,204.9,195.8,195.8,205.1,199.4
ED-0020,1786,29:46,187.3,192.4,204.0,194.2,194.3,195.0,201.9,204.7,194.2,196.2,204.5,201.5
ED-0020,1787,29:47,184.4,192.3,204.4,194.1,194.3,195.0,201.6,203.7,194.9,195.2,203.8,201.1
ED-0020,1788,29:48,184.7,192.4,205.4,191.7,194.0,192.6,200.6,203.8,194.5,194.4,204.9,200.7
ED-0020,1789,29:49,184.5,193.3,204.5,193.3,194.6,194.1,200.6,204.0,196.3,195.1,205.2,200.6
ED-0020,1790,29:50,185.1,190.3,204.9,192.3,194.8,193.4,200.0,205.6,195.6,196.6,205.1,201.7
ED-0020,1791,29:51,182.9,193.9,202.9,190.8,194.6,194.0,201.0,203.6,195.2,195.3,206.7,198.9
ED-0020,1792,29:52,185.0,192.6,204.3,192.7,192.8,193.4,201.6,204.0,194.4,195.2,204.6,201.1
ED-0020,1793,29:53,185.8,192.4,204.7,192.3,194.9,193.0,201.9,204.3,195.7,194.7,204.3,199.4
ED-0020,1794,29:54,185.5,192.5,205.9,193.1,195.0,194.2,201.8,204.3,194.9,194.7,205.2,199.5
ED-0020,1795,29:55,185.0,192.6,203.3,194.5,192.3,194.2,202.9,203.7,196.5,193.8,204.9,201.4
ED-0020,1796,29:56,184.0,192.0,203.0,193.2,195.1,194.5,202.0,205.0,193.4,195.6,205.5,200.7
ED-0020,1797,29:57,184.6,193.2,202.8,193.5,195.1,193.2,202.4,204.4,196.1,194.6,205.3,199.3
ED-0020,1798,29:58,183.5,191.5,203.3,191.5,191.3,194.1,203.2,204.9,196.8,195.4,204.3,200.4
ED-0020,1799,29:59,185.2,190.6,204.8,193.1,193.5,194.9,202.0,206.0,194.1,194.7,204.7,200.7
ED-0020,1800,30:00,185.4,193.0,204.1,194.3,193.7,195.3,200.2,203.4,195.4,194.7,205.7,200.2
ED-0020,1801,30:01,184.0,195.4,203.1,194.0,194.1,196.7,201.0,203.6,193.7,193.3,204.0,200.4
ED-0020,1802,30:02,184.1,194.2,203.2,192.1,194.7,193.4,201.5,204.5,195.6,195.7,205.9,201.2
ED-0020,1803,30:03,185.7,192.3,205.4,191.9,193.0,194.2,201.5,205.1,195.3,194.7,204.6,199.0
ED-0020,1804,30:04,184.0,191.6,204.8,192.3,194.1,193.5,200.3,202.2,195.2,195.6,206.7,200.4
ED-0020,1805,30:05,184.4,193.9,206.0,192.6,193.6,193.6,201.4,203.0,194.7,194.2,205.9,199.7
ED-0020,1806,30:06,185.7,193.1,205.0,192.7,194.1,196.8,201.8,205.5,197.3,194.9,204.8,199.0
ED-0020,1807,30:07,184.7,190.9,204.5,193.9,194.4,196.3,201.7,204.2,193.5,195.5,204.8,200.2
ED-0020,1808,30:08,185.4,192.9,204.8,194.4,194.0,193.9,199.4,205.0,195.5,195.2,205.0,200.3
ED-0020,1809,30:09,185.0,192.5,203.4,193.1,194.9,193.7,201.8,205.0,196.1,195.2,204.9,199.2
ED-0020,1810,30:10,185.7,193.2,203.8,193.1,193.8,194.3,201.6,205.5,195.1,195.4,204.1,199.4
ED-0020,1811,30:11,185.9,192.6,204.3,192.0,194.7,191.8,204.1,204.8,196.6,196.4,203.2,200.1
ED-0020,1812,30:12,185.0,191.3,204.8,193.5,194.1,194.5,201.7,204.8,196.3,192.9,204.6,199.3
ED-0020,1813,30:13,186.0,191.0,203.4,191.1,193.2,193.5,200.9,206.1,194.9,193.0,204.0,200.6
ED-0020,1814,30:14,183.7,191.5,203.8,192.1,195.1,194.7,200.8,205.0,196.1,194.4,205.5,200.0
ED-0020,1815,30:15,185.9,191.2,203.7,195.0,193.8,196.1,201.7,205.0,195.5,196.3,203.2,198.8
ED-0020,1816,30:16,184.4,192.7,204.7,192.6,194.0,194.4,200.5,204.3,194.7,194.6,204.2,201.0
ED-0020,1817,30:17,186.0,191.9,203.8,192.0,195.7,196.0,202.0,204.2,193.0,195.8,203.5,199.3
ED-0020,1818,30:18,183.5,192.0,204.4,193.2,193.8,193.2,201.5,204.5,195.1,194.7,204.9,201.1
ED-0020,1819,30:19,184.0,192.6,205.8,191.7,194.1,196.1,201.2,205.4,194.5,194.0,203.8,201.1
ED-0020,1820,30:20,184.7,192.9,203.8,191.5,194.5,194.2,199.9,204.5,195.1,193.4,204.5,199.8
ED-0020,1821,30:21,183.7,192.0,203.9,192.4,193.8,194.2,202.3,203.1,195.7,193.2,205.5,200.6
ED-0020,1822,30:22,183.9,191.6,203.8,193.4,192.6,195.2,202.5,204.3,194.5,192.4,203.6,200.7
ED-0020,1823,30:23,186.4,193.2,205.5,194.0,194.4,196.8,202.3,204.6,196.6,192.4,203.1,198.8
ED-0020,1824,30:24,184.9,191.9,204.2,192.6,194.3,194.0,202.7,201.9,195.4,191.9,204.9,200.7
ED-0020,1825,30:25,183.8,194.5,203.3,192.2,194.6,193.7,201.1,205.4,196.1,190.9,203.2,200.4
ED-0020,1826,30:26,183.6,192.1,203.3,191.9,193.3,193.7,200.0,206.5,196.0,190.5,205.9,198.9
ED-0020,1827,30:27,184.8,191.0,202.1,192.0,194.0,194.3,201.6,202.9,196.3,189.8,204.9,201.4
ED-0020,1828,30:28,183.9,191.6,201.9,190.7,194.7,194.1,201.4,203.0,195.0,189.6,204.6,200.1
ED-0020,1829,30:29,184.6,192.9,201.5,191.6,194.2,194.0,200.6,205.1,195.6,189.6,203.6,199.9
ED-0020,1830,30:30,184.9,190.8,200.4,191.0,192.7,194.8,202.6,203.4,194.4,188.5,204.5,199.9
ED-0020,1831,30:31,183.4,191.7,200.8,190.2,195.9,193.5,202.8,204.5,193.8,188.5,203.8,200.1
ED-0020,1832,30:32,184.4,191.2,200.0,189.6,194.2,193.4,200.9,204.7,193.7,187.8,203.9,201.5
ED-0020,1833,30:33,185.9,190.4,199.2,187.9,193.9,193.6,200.9,201.6,193.2,187.4,203.5,200.2
ED-0020,1834,30:34,184.7,190.4,199.0,188.7,194.4,194.2,200.9,204.1,193.4,187.0,202.4,200.6
ED-0020,1835,30:35,185.5,188.8,198.9,187.9,194.5,194.0,201.3,203.0,191.5,185.8,202.7,199.2
ED-0020,1836,30:36,184.8,188.9,197.9,187.6,194.3,194.6,201.4,203.6,191.6,185.8,202.9,199.3
ED-0020,1837,30:37,186.0,187.7,197.3,187.7,194.3,196.0,202.2,205.9,191.9,185.2,201.5,201.0
ED-0020,1838,30:38,185.0,187.2,195.9,186.4,193.6,193.1,201.8,203.2,190.6,185.0,201.9,199.6
ED-0020,1839,30:39,184.8,187.2,196.8,186.6,191.7,194.0,202.0,203.9,189.9,184.5,200.7,200.7
ED-0020,1840,30:40,184.2,186.4,195.0,185.8,195.0,194.7,201.2,204.7,189.1,183.5,199.4,199.5
ED-0020,1841,30:41,185.2,186.4,195.6,185.4,194.5,195.6,200.1,205.2,189.0,183.4,198.9,201.0
ED-0020,1842,30:42,184.6,185.8,194.3,184.4,192.8,193.3,201.4,203.1,188.5,182.5,197.2,200.4
ED-0020,1843,30:43,187.0,185.0,193.5,184.5,193.4,194.1,201.8,203.7,188.1,182.8,198.3,199.2
ED-0020,1844,30:44,184.2,185.7,193.6,182.8,194.1,196.6,202.7,203.3,187.9,183.4,196.4,200.5
ED-0020,1845,30:45,184.9,183.9,193.2,182.4,193.9,194.1,203.4,203.7,186.9,181.7,197.2,201.5
ED-0020,1846,30:46,184.2,184.9,192.9,182.5,194.0,194.2,201.0,205.3,186.5,181.4,195.5,200.3
ED-0020,1847,30:47,183.9,183.7,191.8,181.9,193.5,194.7,202.2,203.5,185.8,180.5,196.1,200.3
ED-0020,1848,30:48,183.6,182.6,191.2,181.5,193.1,195.7,202.7,205.3,185.5,178.5,195.4,201.2
ED-0020,1849,30:49,182.6,182.6,190.6,180.7,195.2,193.9,200.7,204.5,184.8,179.4,195.6,200.4
ED-0020,1850,30:50,182.2,181.9,190.2,180.4,192.9,194.1,200.6,203.2,184.7,179.3,194.4,199.6
ED-0020,1851,30:51,181.8,181.1,190.1,179.8,194.6,194.2,200.8,203.2,183.7,177.7,193.0,199.4
ED-0020,1852,30:52,181.4,180.5,189.0,179.3,193.8,194.5,202.4,204.5,184.5,178.0,193.2,198.6
ED-0020,1853,30:53,181.9,181.6,189.4,179.9,195.1,195.5,201.6,202.4,183.9,178.3,192.8,198.7
ED-0020,1854,30:54,181.4,179.0,188.1,178.6,194.9,192.5,201.9,204.4,183.3,177.8,191.3,197.5
ED-0020,1855,30:55,180.5,178.6,188.0,178.0,195.4,194.6,201.1,205.5,182.5,177.0,191.6,197.5
ED-0020,1856,30:56,180.1,179.3,186.7,177.7,193.0,195.3,201.5,204.9,180.7,176.9,190.5,197.1
ED-0020,1857,30:57,179.8,178.2,187.3,177.6,193.4,194.6,200.4,203.4,181.5,176.2,189.9,197.3
ED-0020,1858,30:58,179.5,178.1,186.4,176.4,194.8,194.3,201.2,203.9,180.8,175.6,189.1,195.4
ED-0020,1859,30:59,179.8,176.7,185.6,176.4,194.9,193.5,201.1,203.4,180.8,174.5,188.9,196.0
ED-0020,1860,31:00,178.8,176.6,184.3,175.8,196.0,193.1,202.0,202.8,179.4,175.0,189.0,195.3
ED-0020,1861,31:01,178.4,176.1,184.3,175.3,194.4,195.6,201.6,202.6,179.7,174.3,187.9,194.6
ED-0020,1862,31:02,177.3,175.9,184.5,175.7,194.4,193.3,202.8,200.8,178.9,173.7,187.8,193.3
ED-0020,1863,31:03,177.1,175.1,183.5,174.1,193.8,194.1,200.6,200.1,178.6,173.9,187.2,194.0
ED-0020,1864,31:04,177.2,174.5,183.4,174.0,193.0,194.4,200.3,200.0,177.5,172.7,186.4,193.5
ED-0020,1865,31:05,176.9,175.3,182.9,172.5,192.5,193.5,199.8,201.5,177.9,172.4,186.5,192.1
ED-0020,1866,31:06,175.8,173.8,182.1,173.2,192.0,192.7,199.2,197.5,176.5,171.4,185.3,191.2
ED-0020,1867,31:07,175.8,173.9,182.0,172.6,191.9,193.1,198.3,197.7,176.6,171.1,184.9,191.2
ED-0020,1868,31:08,174.7,173.4,181.9,172.3,190.7,192.2,198.2,197.0,175.8,171.3,183.8,190.9
ED-0020,1869,31:09,174.6,172.9,180.8,171.0,190.0,191.1,197.4,197.4,175.5,171.0,184.2,192.0
ED-0020,1870,31:10,174.9,170.9,180.1,171.5,190.1,191.2,196.9,196.6,174.3,170.1,182.8,190.5
ED-0020,1871,31:11,173.3,169.9,179.6,171.5,189.9,190.7,194.9,195.5,174.6,169.9,181.6,189.9
ED-0020,1872,31:12,173.2,172.3,179.3,171.5,189.2,189.4,195.5,196.2,174.0,168.9,182.3,189.5
ED-0020,1873,31:13,172.8,170.1,179.5,170.5,188.7,189.5,194.8,194.2,173.7,168.7,182.5,189.1
ED-0020,1874,31:14,173.6,169.9,178.5,169.3,186.5,187.9,193.7,193.6,173.8,168.1,181.0,188.1
ED-0020,1875,31:15,172.2,169.6,178.1,169.4,187.3,187.8,193.3,194.5,172.8,169.0,180.8,187.7
ED-0020,1876,31:16,171.4,168.4,177.9,169.0,186.4,186.4,192.8,192.3,171.9,167.8,180.3,188.4
ED-0020,1877,31:17,171.5,168.4,177.0,168.6,184.7,187.2,191.6,193.1,172.6,167.2,179.8,186.9
ED-0020,1878,31:18,171.4,168.1,178.1,168.7,184.9,186.8,191.4,191.5,172.0,167.2,179.3,186.6
ED-0020,1879,31:19,170.6,167.2,176.2,167.1,184.1,186.2,191.1,190.5,171.9,165.8,178.9,186.2
ED-0020,1880,31:20,170.3,168.0,175.7,166.8,184.3,185.0,189.7,190.7,171.2,165.5,178.9,186.1
ED-0020,1881,31:21,170.0,166.5,175.9,167.0,183.4,185.4,189.7,189.8,169.5,165.7,177.5,185.1
ED-0020,1882,31:22,169.3,166.6,174.0,166.4,182.9,183.8,189.3,189.3,169.9,164.9,177.5,185.0
ED-0020,1883,31:23,169.2,167.1,175.2,165.6,182.6,183.0,189.2,188.4,169.2,164.6,177.7,183.8
ED-0020,1884,31:24,169.7,165.3,174.9,164.8,182.6,183.7,187.8,188.5,168.9,164.7,176.9,183.9
ED-0020,1885,31:25,167.1,165.4,172.9,166.0,181.5,182.2,187.9,188.5,168.2,163.5,175.4,183.6
ED-0020,1886,31:26,168.0,164.8,173.4,163.9,181.6,181.3,187.4,187.8,168.4,163.0,175.3,182.9
ED-0020,1887,31:27,167.2,163.7,172.5,164.1,180.8,180.8,186.6,187.5,168.0,163.3,175.9,181.8
ED-0020,1888,31:28,166.9,163.7,172.5,164.2,179.2,180.4,185.6,186.7,165.9,162.6,174.7,182.5
ED-0020,1889,31:29,167.1,163.3,170.7,163.5,179.2,180.2,185.4,185.5,167.1,161.7,174.1,181.4
ED-0020,1890,31:30,165.7,162.6,171.1,163.2,178.9,180.4,184.8,186.1,165.7,161.6,173.5,180.9
ED-0020,1891,31:31,166.5,162.0,170.9,162.1,178.2,180.2,184.5,183.9,165.3,161.3,173.5,181.0
ED-0020,1892,31:32,164.9,161.7,170.3,161.1,178.8,178.8,183.6,184.2,165.3,161.5,172.6,180.0
ED-0020,1893,31:33,165.1,161.4,170.0,162.6,176.5,177.9,183.1,183.0,164.2,160.4,172.4,180.0
ED-0020,1894,31:34,163.9,160.1,169.5,162.7,176.7,177.9,182.6,182.4,165.1,160.6,172.0,179.8
ED-0020,1895,31:35,164.5,160.1,169.2,161.0,176.8,177.5,181.7,181.9,163.9,159.1,171.3,178.7
ED-0020,1896,31:36,164.4,159.4,168.5,160.2,174.5,176.8,182.1,181.4,163.6,159.6,170.3,178.8
ED-0020,1897,31:37,164.5,159.6,168.7,160.1,175.7,176.1,180.8,182.2,164.0,158.8,169.4,178.0
ED-0020,1898,31:38,164.2,159.3,167.6,159.0,174.9,176.0,178.8,180.4,163.1,159.0,170.6,178.8
ED-0020,1899,31:39,162.3,159.6,167.5,158.9,174.3,174.6,180.0,180.5,162.4,157.7,169.7,177.8
ED-0020,1900,31:40,162.2,158.8,166.5,159.3,173.4,174.0,179.9,179.9,161.8,157.8,167.8,177.4
ED-0020,1901,31:41,161.8,157.9,165.8,158.0,173.3,174.1,178.3,178.8,162.0,158.0,168.3,176.6
ED-0020,1902,31:42,161.3,158.9,165.4,158.0,172.7,173.9,178.8,178.8,161.5,156.3,167.2,175.7
ED-0020,1903,31:43,161.7,157.6,166.8,157.8,172.4,172.7,177.6,178.3,160.4,157.0,167.4,175.4
ED-0020,1904,31:44,160.8,156.6,165.2,157.4,171.6,172.8,176.7,177.8,160.2,155.6,166.5,174.8
ED-0020,1905,31:45,159.7,156.2,164.8,157.4,170.9,172.6,177.0,177.2,160.0,155.4,166.7,175.1
ED-0020,1906,31:46,159.2,155.8,164.5,155.9,170.6,171.2,176.5,176.9,159.2,155.1,166.0,173.7
ED-0020,1907,31:47,159.6,154.6,164.0,156.5,170.1,171.1,175.3,176.2,159.0,156.1,165.9,174.9
ED-0020,1908,31:48,160.2,155.4,163.2,155.0,169.4,170.6,175.5,175.9,158.8,154.9,165.1,173.6
ED-0020,1909,31:49,157.8,155.4,163.3,154.4,168.8,170.8,173.8,175.9,157.0,154.0,165.0,172.8
ED-0020,1910,31:50,158.9,155.3,162.9,154.8,168.8,169.9,174.7,174.8,157.8,153.0,163.8,172.1
ED-0020,1911,31:51,157.4,153.6,162.6,154.1,168.1,169.0,173.7,174.4,157.4,154.1,164.3,172.0
ED-0020,1912,31:52,157.2,154.0,161.6,154.6,167.6,168.0,172.9,173.7,156.9,153.9,163.6,171.9
ED-0020,1913,31:53,158.1,152.7,160.8,155.2,166.5,168.2,172.0,173.0,157.5,152.6,162.8,171.5
ED-0020,1914,31:54,156.9,153.4,160.5,153.6,166.5,167.2,171.8,173.4,157.2,152.0,162.0,171.6
ED-0020,1915,31:55,156.6,152.4,161.0,153.7,166.3,166.6,171.9,171.4,156.2,152.4,161.6,170.2
ED-0020,1916,31:56,156.4,151.5,160.5,152.3,166.0,167.5,170.4,171.2,155.6,152.1,162.0,169.8
ED-0020,1917,31:57,156.3,151.8,160.4,151.0,165.1,165.1,171.2,171.3,155.3,150.9,160.9,169.5
ED-0020,1918,31:58,156.1,151.2,158.7,151.7,164.4,166.1,170.1,170.9,155.2,150.1,159.9,168.9
ED-0020,1919,31:59,155.8,149.7,158.9,150.6,164.5,165.4,169.5,170.5,155.2,150.8,160.5,169.1
ED-0020,1920,32:00,154.8,150.5,158.0,150.6,163.8,165.9,168.3,169.9,153.6,149.0,158.8,168.5
ED-0020,1921,32:01,154.6,149.5,157.6,150.1,163.9,164.8,168.8,169.5,152.7,149.7,159.4,167.8
ED-0020,1922,32:02,154.4,149.0,157.8,150.2,163.3,163.7,167.4,169.3,152.2,149.2,159.4,167.6
ED-0020,1923,32:03,154.1,149.8,157.3,150.5,162.6,163.1,167.0,168.7,152.7,147.8,157.6,167.7
ED-0020,1924,32:04,153.2,149.3,157.3,149.2,162.3,163.0,167.3,167.8,153.2,148.1,157.8,166.6
ED-0020,1925,32:05,152.8,148.3,156.0,148.6,162.8,161.7,167.1,166.7,151.8,148.6,158.1,166.0
ED-0020,1926,32:06,153.5,148.0,155.4,148.2,160.3,162.4,166.5,166.6,152.2,148.8,156.6,166.5
ED-0020,1927,32:07,152.4,147.4,156.3,148.9,161.1,161.6,165.9,166.8,151.3,146.7,156.4,165.4
ED-0020,1928,32:08,151.9,147.9,155.6,147.8,160.3,160.3,164.0,166.1,151.2,147.7,155.5,164.8
ED-0020,1929,32:09,152.3,146.6,154.5,147.9,160.0,159.8,165.1,165.4,150.4,146.8,155.9,164.9
ED-0020,1930,32:10,151.2,145.7,155.2,147.7,159.0,160.1,163.1,165.1,150.0,145.8,155.6,164.7
ED-0020,1931,32:11,150.9,146.2,155.0,146.8,158.5,159.3,163.6,163.9,149.3,146.2,155.5,164.0
ED-0020,1932,32:12,150.6,145.2,153.5,146.0,158.6,159.4,162.7,163.6,149.7,145.7,154.4,164.6
ED-0020,1933,32:13,150.6,146.1,153.6,146.8,157.4,158.0,163.1,163.6,149.6,145.0,154.4,163.0
ED-0020,1934,32:14,149.2,145.2,152.6,146.2,157.7,158.2,161.8,163.6,148.4,143.9,154.2,162.0
ED-0020,1935,32:15,151.1,144.3,152.7,145.4,157.0,157.4,161.8,162.7,147.8,144.0,152.8,161.9
ED-0020,1936,32:16,149.6,144.0,152.9,144.8,156.3,157.7,160.9,162.3,147.9,145.1,152.4,161.6
ED-0020,1937,32:17,149.4,144.3,151.7,144.8,156.6,157.7,161.3,161.8,147.2,144.2,153.1,161.7
ED-0020,1938,32:18,148.7,143.2,150.9,144.1,156.2,155.6,160.2,161.1,147.2,143.2,152.0,160.7
ED-0020,1939,32:19,147.8,143.0,151.1,143.6,156.0,155.3,159.6,161.6,147.2,143.3,151.0,161.2
ED-0020,1940,32:20,147.7,142.1,150.9,142.7,154.3,155.6,159.3,161.0,145.5,143.5,151.3,160.2
ED-0020,1941,32:21,147.9,142.3,150.8,143.0,154.2,154.1,158.9,160.5,145.7,143.0,150.8,159.7
ED-0020,1942,32:22,147.5,141.9,150.1,143.1,154.3,155.0,158.3,159.1,145.6,141.6,150.7,159.4
ED-0020,1943,32:23,146.2,141.3,149.5,142.8,154.0,154.1,158.0,159.6,145.3,141.7,150.2,159.7
ED-0020,1944,32:24,146.5,140.8,150.8,141.3,153.8,153.8,157.2,159.6,144.6,142.1,149.4,159.3
ED-0020,1945,32:25,146.0,140.5,148.3,141.3,152.9,152.3,157.3,157.5,144.5,140.7,150.3,159.0
ED-0020,1946,32:26,146.7,140.7,149.2,141.2,151.7,152.9,156.5,157.6,143.7,140.7,149.2,157.8
ED-0020,1947,32:27,145.3,139.5,147.3,142.1,151.7,151.8,155.0,157.9,144.6,140.4,149.2,159.0
ED-0020,1948,32:28,145.9,139.0,147.8,140.7,151.5,152.8,154.5,157.2,144.7,139.6,148.1,157.5
ED-0020,1949,32:29,145.5,139.0,147.6,140.7,151.2,151.1,155.3,156.8,143.5,139.7,147.2,156.8
ED-0020,1950,32:30,145.5,138.0,148.3,140.3,150.6,152.1,154.7,156.0,142.7,140.0,147.8,157.2
ED-0020,1951,32:31,144.4,139.0,146.6,140.0,150.0,150.4,153.9,156.4,142.4,139.9,147.7,157.0
ED-0020,1952,32:32,144.3,138.5,146.2,139.3,149.8,149.5,154.4,155.4,141.0,138.8,146.4,156.6
ED-0020,1953,32:33,143.9,138.3,145.9,138.8,149.0,149.5,154.3,154.2,142.2,138.9,146.0,156.3
ED-0020,1954,32:34,143.7,137.6,144.7,138.9,149.9,148.8,153.3,154.2,141.9,138.2,144.9,156.0
ED-0020,1955,32:35,141.7,137.6,145.3,137.9,149.2,149.0,151.8,154.1,139.9,137.7,145.3,155.4
ED-0020,1956,32:36,142.7,136.4,145.2,138.0,147.6,149.0,152.2,153.6,141.0,138.1,145.7,155.1
ED-0020,1957,32:37,143.1,135.8,144.3,137.3,147.4,149.0,152.2,153.6,140.1,137.0,144.9,153.8
ED-0020,1958,32:38,143.0,134.9,144.2,137.8,148.0,148.0,151.3,152.7,139.0,136.5,144.6,154.8
ED-0020,1959,32:39,142.5,136.1,142.8,138.0,147.8,147.0,150.4,152.1,139.8,136.6,143.5,153.1
ED-0020,1960,32:40,141.9,136.2,143.8,137.0,147.0,146.6,150.4,150.9,139.6,135.6,144.0,152.9
ED-0020,1961,32:41,140.8,135.3,143.1,137.1,146.5,146.2,149.9,151.5,138.3,136.1,143.2,152.1
ED-0020,1962,32:42,140.7,135.0,142.7,136.3,145.1,145.3,148.8,151.1,139.0,134.9,142.8,151.6
ED-0020,1963,32:43,140.3,134.8,142.2,135.2,145.8,145.8,149.6,151.6,138.2,135.3,143.5,151.7
ED-0020,1964,32:44,140.0,134.3,142.0,135.6,144.9,145.0,148.6,150.7,138.6,134.9,142.1,151.8
ED-0020,1965,32:45,141.1,133.4,141.8,133.8,144.1,143.8,148.1,150.2,136.7,135.2,142.0,151.4
ED-0020,1966,32:46,139.7,133.6,141.0,135.5,144.6,143.6,148.1,149.7,137.1,134.7,141.0,150.5
ED-0020,1967,32:47,139.9,132.9,140.8,134.9,144.3,143.7,148.0,148.2,136.6,133.5,140.0,151.1
ED-0020,1968,32:48,138.9,132.5,140.1,134.3,143.1,143.1,146.8,148.0,136.7,134.2,140.1,150.0
ED-0020,1969,32:49,139.0,133.0,139.6,134.5,142.1,142.7,146.7,148.5,136.3,132.9,139.9,149.5
ED-0020,1970,32:50,138.0,132.6,139.9,133.9,142.2,142.9,145.7,147.6,136.6,133.2,139.3,149.3
ED-0020,1971,32:51,138.7,131.5,139.4,132.8,141.6,142.5,145.4,147.7,135.4,132.5,139.0,149.6
ED-0020,1972,32:52,138.3,132.2,139.5,133.3,141.6,141.8,145.4,146.6,136.1,132.6,139.5,149.5
ED-0020,1973,32:53,137.4,131.2,139.4,132.2,141.6,142.2,145.0,146.5,135.0,132.2,139.3,148.8
ED-0020,1974,32:54,137.3,131.6,138.5,132.5,141.2,141.7,144.3,145.8,135.2,131.3,138.6,148.2
ED-0020,1975,32:55,137.1,130.9,139.0,132.1,139.5,140.7,144.2,144.5,133.9,131.2,137.6,148.0
ED-0020,1976,32:56,137.3,131.3,139.0,132.4,139.8,140.6,144.0,145.0,134.1,130.6,138.4,147.8
ED-0020,1977,32:57,136.2,130.8,137.7,131.1,140.9,140.6,143.8,145.3,133.4,131.2,137.8,147.5
ED-0020,1978,32:58,135.9,129.7,137.0,131.7,139.1,139.4,143.1,144.8,132.9,130.9,137.1,148.1
ED-0020,1979,32:59,135.7,129.3,137.0,130.0,139.4,139.7,143.1,144.4,133.3,129.3,136.5,146.9
ED-0020,1980,33:00,134.8,128.2,136.6,130.2,139.2,139.3,142.2,144.6,132.1,129.0,136.4,146.3
ED-0020,1981,33:01,135.1,128.5,137.0,130.1,139.5,139.2,141.6,143.7,132.6,129.5,135.1,145.9
ED-0020,1982,33:02,135.8,128.2,136.7,130.6,137.8,138.5,140.9,142.3,131.7,128.9,135.4,144.8
ED-0020,1983,33:03,134.4,126.9,135.8,129.4,138.6,137.5,141.4,142.6,132.5,128.4,134.8,145.2
ED-0020,1984,33:04,134.0,127.9,135.5,129.5,137.9,138.1,140.3,142.3,131.1,129.1,135.1,145.7
ED-0020,1985,33:05,134.2,126.7,135.4,128.4,137.5,136.8,140.0,141.5,130.2,128.7,135.0,144.2
ED-0020,1986,33:06,134.4,126.7,134.3,128.7,137.0,136.6,139.4,141.1,130.8,128.5,133.5,144.1
ED-0020,1987,33:07,133.5,126.5,134.2,129.0,136.5,136.9,138.9,141.1,130.3,127.5,134.0,143.8
ED-0020,1988,33:08,133.4,126.0,133.7,128.1,135.5,136.2,138.7,140.7,129.5,126.3,134.7,144.4
ED-0020,1989,33:09,132.8,126.2,133.7,127.5,134.9,135.6,138.7,140.3,130.0,127.4,132.5,142.7
ED-0020,1990,33:10,132.3,125.6,133.4,126.8,135.0,135.4,138.4,139.8,129.9,126.3,132.5,143.7
ED-0020,1991,33:11,132.8,125.4,133.4,126.6,136.2,134.0,137.6,139.6,128.5,125.3,133.1,143.3
ED-0020,1992,33:12,131.9,125.7,132.9,126.5,134.7,134.5,138.2,139.7,128.8,126.4,131.2,142.9
ED-0020,1993,33:13,132.5,123.4,131.7,127.0,133.7,133.5,136.6,138.9,128.0,125.7,131.1,142.2
ED-0020,1994,33:14,130.8,125.2,132.0,125.7,133.8,132.9,136.0,138.0,128.1,125.4,131.3,142.0
ED-0020,1995,33:15,130.9,123.3,131.9,125.8,133.4,133.0,136.7,139.0,128.2,125.1,131.4,141.6
ED-0020,1996,33:16,130.5,123.6,131.2,125.0,133.2,132.6,135.7,137.6,127.5,125.3,130.8,140.9
ED-0020,1997,33:17,130.3,123.5,130.8,124.9,132.2,132.2,136.1,137.1,127.8,125.2,130.1,140.2
ED-0020,1998,33:18,130.3,123.0,130.6,124.8,132.0,132.5,136.1,137.4,127.0,124.4,129.8,139.8
ED-0020,1999,33:19,130.3,123.6,130.2,124.5,132.3,132.4,134.6,136.4,127.1,124.0,130.0,139.8
ED-0020,2000,33:20,129.4,121.8,130.6,124.1,131.5,131.7,134.5,136.1,126.3,124.1,129.5,140.3
ED-0020,2001,33:21,129.1,122.1,129.5,123.0,131.7,131.1,134.0,135.6,126.0,123.9,129.3,139.5
ED-0020,2002,33:22,128.4,121.4,129.9,124.2,131.6,130.4,134.0,135.9,126.6,123.0,129.7,139.1
ED-0020,2003,33:23,128.4,121.4,128.8,123.5,130.9,130.2,132.7,134.5,125.0,122.1,128.2,140.1
ED-0020,2004,33:24,129.0,120.8,129.1,123.5,130.2,129.9,132.6,134.7,124.7,123.1,128.2,138.2
ED-0020,2005,33:25,128.4,121.2,129.7,123.2,129.3,129.2,132.3,135.0,124.4,121.6,126.8,138.5
ED-0020,2006,33:26,128.6,121.5,128.4,121.8,129.4,128.8,131.6,134.7,125.3,121.9,127.7,138.0
ED-0020,2007,33:27,127.0,119.8,128.7,122.2,129.1,129.3,130.7,133.9,124.3,121.6,126.8,137.0
ED-0020,2008,33:28,127.0,120.5,127.8,121.6,129.1,129.1,131.5,133.0,123.5,122.3,126.9,136.9
ED-0020,2009,33:29,128.3,120.0,127.8,121.9,128.0,127.9,130.6,133.1,123.4,121.6,126.8,137.1
ED-0020,2010,33:30,126.6,119.5,128.4,121.8,126.5,128.2,130.2,131.4,124.0,122.0,126.0,137.3
ED-0020,2011,33:31,126.5,119.2,126.8,121.2,128.2,127.8,130.1,132.5,123.4,121.4,126.0,135.4
ED-0020,2012,33:32,126.4,118.6,125.6,121.0,127.6,127.1,130.4,132.5,122.7,120.1,125.8,137.1
ED-0020,2013,33:33,126.2,118.1,125.9,120.0,126.9,127.2,129.6,132.5,123.6,120.4,126.2,135.7
ED-0020,2014,33:34,125.3,118.2,126.7,119.4,126.8,126.4,129.8,130.8,122.0,118.8,125.0,135.5
ED-0020,2015,33:35,125.1,118.4,125.5,120.4,126.6,126.4,128.4,130.7,121.4,120.5,125.0,134.9
ED-0020,2016,33:36,125.0,118.0,125.7,119.9,125.3,125.9,127.5,130.5,121.0,119.4,125.6,134.9
ED-0020,2017,33:37,124.4,117.3,124.9,119.3,125.9,125.4,128.8,130.2,120.9,119.5,123.8,135.1
ED-0020,2018,33:38,124.9,117.1,124.2,118.9,125.4,124.7,128.7,130.2,121.9,118.3,124.1,134.0
ED-0020,2019,33:39,124.7,117.0,124.2,118.7,124.8,124.2,128.0,130.0,121.9,118.0,124.5,134.2
ED-0020,2020,33:40,124.7,116.7,123.4,118.7,124.2,124.2,128.1,130.4,119.9,117.5,122.6,134.0
ED-0020,2021,33:41,123.6,115.7,123.8,118.3,124.2,124.1,126.8,128.9,120.4,117.7,123.4,133.6
ED-0020,2022,33:42,123.6,116.3,122.8,118.4,124.4,123.7,127.0,128.7,120.3,117.8,122.2,133.7
ED-0020,2023,33:43,123.6,115.8,123.1,118.4,123.4,122.8,126.8,128.7,119.7,117.7,122.6,132.7
ED-0020,2024,33:44,124.2,115.6,123.6,118.0,123.5,122.7,126.0,128.3,119.5,117.0,122.6,131.5
ED-0020,2025,33:45,123.0,115.3,123.2,117.2,122.4,122.8,125.4,127.0,118.7,117.5,121.0,131.9
ED-0020,2026,33:46,123.1,114.0,123.1,116.2,123.5,122.6,124.7,127.8,118.6,116.9,121.8,130.9
ED-0020,2027,33:47,121.3,114.9,121.4,116.5,123.0,123.4,124.3,127.6,118.7,115.5,121.4,131.6
ED-0020,2028,33:48,122.1,114.9,121.6,116.5,123.1,121.5,125.6,126.8,119.0,116.8,121.0,131.9
ED-0020,2029,33:49,122.7,114.5,121.2,116.0,122.4,121.9,124.5,126.3,119.4,116.1,120.7,131.1
ED-0020,2030,33:50,121.9,114.5,121.7,116.9,120.6,121.8,123.5,126.5,117.3,114.5,119.9,130.8
ED-0020,2031,33:51,121.8,113.7,121.4,115.3,121.1,120.6,123.2,125.2,117.1,114.5,119.9,130.0
ED-0020,2032,33:52,120.6,113.0,121.1,114.3,121.0,119.6,123.7,125.0,117.5,114.7,119.8,130.9
ED-0020,2033,33:53,121.5,112.8,121.0,116.0,120.6,120.8,122.2,124.0,117.9,114.0,119.4,129.7
ED-0020,2034,33:54,120.2,113.4,120.8,115.9,121.1,120.8,122.5,124.1,117.2,114.5,119.2,129.2
ED-0020,2035,33:55,120.9,112.8,120.6,114.2,120.3,119.8,122.4,124.4,117.4,113.7,118.9,128.9
ED-0020,2036,33:56,120.4,112.2,119.8,114.0,120.0,119.3,121.7,124.4,116.5,114.8,118.8,128.8
ED-0020,2037,33:57,119.7,111.8,119.1,114.2,119.8,118.3,121.1,123.5,114.5,114.0,119.1,128.5
ED-0020,2038,33:58,119.0,111.9,120.0,113.8,119.6,118.9,121.2,123.5,115.9,114.8,117.9,128.0
ED-0020,2039,33:59,119.1,111.8,118.2,114.5,118.5,117.9,120.5,122.7,115.6,113.1,117.3,128.5
ED-0020,2040,34:00,119.7,111.5,119.3,113.4,118.6,118.4,120.8,122.4,114.4,113.5,118.1,127.2
ED-0020,2041,34:01,118.9,111.4,118.1,113.6,117.9,116.8,120.6,123.0,115.0,112.6,116.5,127.8
ED-0020,2042,34:02,117.9,110.4,117.7,113.2,117.3,117.6,119.6,121.7,114.8,112.4,116.6,127.0
ED-0020,2043,34:03,118.9,110.6,117.9,112.7,117.1,117.4,118.6,122.4,114.7,112.5,115.8,126.3
ED-0020,2044,34:04,118.5,110.3,117.2,112.4,117.3,116.8,119.4,121.8,114.9,112.3,116.2,126.5
ED-0020,2045,34:05,118.5,111.1,116.7,112.9,116.6,116.9,118.6,121.2,113.4,112.1,115.1,126.2
ED-0020,2046,34:06,117.8,110.2,117.3,111.7,117.0,116.3,118.0,120.6,113.2,111.8,114.8,126.7
ED-0020,2047,34:07,118.8,109.4,116.4,112.4,116.6,115.1,118.4,121.0,112.7,111.3,115.0,127.3
ED-0020,2048,34:08,117.0,109.2,116.0,112.0,116.8,115.9,118.7,120.5,113.7,111.0,116.2,125.2
ED-0020,2049,34:09,116.9,109.4,116.6,111.2,115.5,116.1,118.4,119.2,113.0,110.7,114.8,125.7
ED-0020,2050,34:10,116.9,108.5,115.9,111.2,114.7,114.9,117.0,119.8,113.0,110.2,114.1,125.0
ED-0020,2051,34:11,116.7,108.3,115.4,109.7,115.0,114.8,117.0,118.6,111.4,110.4,113.3,125.3
ED-0020,2052,34:12,116.1,108.7,115.5,110.7,115.6,114.3,116.4,118.9,111.7,110.6,113.6,124.9
ED-0020,2053,34:13,115.2,108.7,116.0,109.9,115.7,114.2,116.6,118.2,112.0,111.0,112.7,124.1
ED-0020,2054,34:14,115.3,107.7,115.1,109.7,114.6,114.6,116.9,117.9,112.0,109.5,112.3,124.6
ED-0020,2055,34:15,115.1,107.5,114.5,109.8,114.4,113.5,115.8,118.1,111.7,109.0,112.7,124.5
ED-0020,2056,34:16,115.4,107.1,113.5,109.2,113.6,114.4,115.4,117.2,111.2,108.0,112.2,123.4
ED-0020,2057,34:17,114.6,107.7,114.2,109.4,114.3,114.1,114.9,118.2,110.0,108.3,113.2,122.9
ED-0020,2058,34:18,114.2,106.7,113.7,108.6,114.5,112.3,114.6,118.1,110.2,108.6,112.3,123.9
ED-0020,2059,34:19,114.7,107.0,113.9,108.5,113.0,112.0,114.4,117.8,109.8,108.8,112.1,121.3
ED-0020,2060,34:20,114.1,105.2,113.3,108.6,112.2,111.4,114.1,116.4,110.2,108.3,111.7,122.8
ED-0020,2061,34:21,114.0,106.0,113.1,107.6,111.0,111.2,114.9,116.4,109.3,107.3,111.5,122.5
ED-0020,2062,34:22,114.4,105.5,113.5,108.1,112.0,111.3,113.9,116.1,110.0,107.3,111.4,121.6
ED-0020,2063,34:23,113.5,104.8,112.9,107.0,111.2,111.9,112.8,115.5,109.1,108.2,110.9,122.0
ED-0020,2064,34:24,114.1,104.7,112.3,108.4,112.6,111.5,113.7,114.4,107.9,107.8,112.0,121.7
ED-0020,2065,34:25,113.4,104.7,112.3,107.1,110.5,110.8,112.5,115.8,109.0,106.6,110.4,121.2
ED-0020,2066,34:26,113.7,104.1,112.0,107.9,110.9,109.8,111.9,115.1,108.4,107.1,109.9,120.9
ED-0020,2067,34:27,113.2,104.7,111.2,107.3,110.2,110.6,113.1,114.5,108.1,106.4,109.6,120.2
ED-0020,2068,34:28,112.4,104.2,112.1,106.9,110.6,110.6,111.6,114.0,107.9,106.0,109.6,119.6
ED-0020,2069,34:29,112.2,104.3,111.6,105.4,110.0,109.3,111.6,112.9,107.5,105.8,108.7,119.8
ED-0020,2070,34:30,112.0,104.3,111.1,106.3,109.0,110.0,112.4,113.5,107.1,104.7,110.2,119.6
ED-0020,2071,34:31,110.8,103.3,110.4,106.3,109.5,108.8,110.8,114.5,107.4,104.4,109.2,118.9
ED-0020,2072,34:32,110.3,103.4,110.5,106.4,109.5,109.0,111.2,113.2,107.2,105.6,108.2,119.1
ED-0020,2073,34:33,110.8,103.3,110.9,106.6,109.1,108.5,110.5,113.5,107.4,104.4,108.1,119.5
ED-0020,2074,34:34,110.4,102.8,109.7,104.5,108.0,108.0,109.2,113.2,107.6,105.2,107.6,118.9
ED-0020,2075,34:35,110.2,103.1,109.3,104.6,109.8,107.4,110.4,112.4,106.7,105.0,107.4,119.2
ED-0020,2076,34:36,110.8,102.9,108.7,105.0,108.1,107.4,110.0,112.3,105.5,103.4,107.6,118.6
ED-0020,2077,34:37,110.4,103.2,108.5,104.8,108.6,107.3,109.7,111.8,105.4,104.7,106.9,118.0
ED-0020,2078,34:38,109.0,102.0,109.1,104.5,108.1,107.7,108.4,111.8,105.6,104.3,107.9,118.1
ED-0020,2079,34:39,110.6,101.5,108.6,104.5,108.0,107.4,109.1,111.5,105.2,104.3,107.2,116.7
ED-0020,2080,34:40,110.5,101.7,108.1,103.4,107.2,107.6,108.7,111.3,104.5,103.0,106.3,117.5
ED-0020,2081,34:41,110.3,101.4,108.1,103.7,107.3,106.3,108.5,110.9,104.4,103.0,106.1,117.5
ED-0020,2082,34:42,109.5,101.0,107.9,103.9,106.7,106.1,107.5,110.4,104.7,103.4,106.7,118.9
ED-0020,2083,34:43,109.7,100.5,107.9,103.6,106.9,106.0,108.3,109.6,103.8,104.0,106.1,116.6
ED-0020,2084,34:44,108.8,100.2,108.2,102.9,105.8,106.3,107.8,109.9,104.8,102.2,104.8,115.3
ED-0020,2085,34:45,109.2,100.5,107.4,103.0,106.2,105.9,107.4,109.8,103.0,101.5,106.4,116.3
ED-0020,2086,34:46,108.1,99.7,106.3,102.0,106.3,104.6,107.2,110.2,103.5,101.9,104.7,115.6
ED-0020,2087,34:47,107.6,99.0,105.9,102.1,105.8,103.3,107.2,109.5,103.4,102.4,104.4,115.7
ED-0020,2088,34:48,108.5,100.0,105.9,102.9,105.7,104.2,106.2,109.2,103.3,102.0,104.0,115.1
ED-0020,2089,34:49,108.3,99.6,106.9,103.3,104.4,103.7,106.5,108.4,103.4,101.1,104.7,115.1
ED-0020,2090,34:50,107.8,98.8,105.9,101.3,104.9,104.2,105.8,107.7,102.7,101.8,104.4,115.5
ED-0020,2091,34:51,107.8,99.4,105.3,101.4,103.8,104.4,106.0,108.0,102.6,100.0,103.5,115.1
ED-0020,2092,34:52,108.8,98.6,105.3,101.4,104.3,103.6,105.1,108.4,102.5,101.3,103.4,114.9
ED-0020,2093,34:53,107.0,99.1,104.6,101.9,103.9,103.6,104.4,107.1,102.4,100.7,103.4,114.8
ED-0020,2094,34:54,107.8,98.2,105.0,101.2,103.7,103.9,104.8,107.9,102.6,100.8,102.5,113.3
ED-0020,2095,34:55,106.3,97.8,105.2,101.2,102.9,102.0,104.0,106.9,101.6,100.9,102.9,112.9
ED-0020,2096,34:56,106.7,98.4,104.7,100.0,103.0,103.0,104.1,106.5,101.3,100.2,102.7,113.8
ED-0020,2097,34:57,105.5,97.3,104.3,100.1,102.7,102.2,103.6,105.6,101.6,99.2,101.7,112.9
ED-0020,2098,34:58,106.0,98.6,104.5,99.9,102.9,102.6,103.9,106.2,102.1,99.9,101.9,112.3
ED-0020,2099,34:59,105.1,97.2,104.8,99.4,102.5,100.9,104.4,105.2,100.2,99.4,101.9,113.2
ED-0020,2100,35:00,105.6,96.9,103.9,99.5,102.9,101.7,103.3,105.8,100.9,98.6,101.2,112.5
ED-0020,2101,35:01,105.6,97.0,104.3,98.1,101.7,100.5,103.3,105.4,101.1,99.1,101.2,111.9
ED-0020,2102,35:02,105.1,97.3,103.1,99.1,101.6,101.6,102.9,104.5,101.4,99.5,101.9,112.3
ED-0020,2103,35:03,105.1,96.2,103.4,97.4,101.0,101.2,102.8,105.1,101.4,98.9,100.5,111.6
ED-0020,2104,35:04,103.3,96.1,101.8,99.0,101.9,100.7,101.7,104.6,99.8,98.4,100.7,112.9
ED-0020,2105,35:05,104.5,95.8,102.3,98.4,100.8,100.8,102.3,104.6,99.1,98.2,101.4,111.0
ED-0020,2106,35:06,103.8,96.6,102.0,99.1,100.5,100.6,101.9,103.5,100.1,98.5,100.8,111.0
ED-0020,2107,35:07,102.5,94.6,102.7,97.8,100.1,99.9,102.3,104.3,99.8,98.7,100.3,110.2
ED-0020,2108,35:08,103.8,94.8,101.3,97.7,99.8,99.7,101.7,103.6,98.7,98.4,99.7,110.0
ED-0020,2109,35:09,103.5,94.9,101.2,96.8,100.3,99.3,100.0,103.4,98.7,97.4,99.9,109.2
ED-0020,2110,35:10,103.2,93.8,101.2,97.7,100.2,99.1,101.3,102.6,98.5,97.7,99.5,109.6
ED-0020,2111,35:11,103.4,94.6,100.5,96.8,99.6,98.3,100.2,101.7,98.5,96.8,99.1,109.0
ED-0020,2112,35:12,103.8,95.0,101.4,97.0,99.1,98.5,100.3,103.1,98.9,96.3,98.8,109.4
ED-0020,2113,35:13,102.0,94.1,100.5,96.4,99.5,99.1,99.7,101.8,97.3,97.0,98.7,109.8
ED-0020,2114,35:14,102.3,93.8,101.6,96.0,99.7,98.2,100.1,102.5,97.3,96.7,98.8,109.2
ED-0020,2115,35:15,102.8,94.5,100.4,96.1,98.5,98.2,99.3,101.9,97.6,95.5,98.3,109.7
ED-0020,2116,35:16,102.1,94.0,100.3,96.4,99.2,98.0,98.6,102.4,98.5,96.7,98.2,108.6
ED-0020,2117,35:17,101.6,93.3,101.0,95.6,98.7,96.8,98.8,101.7,97.4,95.4,97.4,108.9
ED-0020,2118,35:18,101.7,93.5,99.0,94.4,98.0,97.9,99.2,101.2,96.6,96.1,98.0,109.1
ED-0020,2119,35:19,100.9,92.6,100.2,94.9,97.6,97.1,98.5,101.0,97.0,94.9,97.1,108.4
ED-0020,2120,35:20,101.2,93.4,98.0,95.4,97.7,96.4,98.1,100.3,96.6,95.8,97.3,109.0
ED-0020,2121,35:21,100.7,92.3,99.3,94.3,97.9,96.9,98.1,100.3,96.0,95.5,97.8,107.8
ED-0020,2122,35:22,100.5,92.8,98.4,94.6,97.2,96.5,97.6,100.0,96.0,95.5,96.8,107.3
ED-0020,2123,35:23,101.1,92.1,99.3,94.9,96.3,95.4,97.0,100.1,96.0,94.6,96.3,106.7
ED-0020,2124,35:24,100.8,92.1,98.9,94.5,96.3,96.1,97.2,99.2,95.9,94.6,96.2,107.1
ED-0020,2125,35:25,99.8,91.4,99.3,94.2,95.5,96.4,96.8,99.7,95.5,94.3,97.2,106.9
ED-0020,2126,35:26,100.3,91.6,98.2,93.7,95.9,95.5,96.9,99.6,95.1,94.0,96.2,106.9
ED-0020,2127,35:27,100.1,92.4,97.7,94.5,96.0,95.0,96.4,100.1,95.6,94.5,95.7,107.2
ED-0020,2128,35:28,99.7,91.2,97.7,94.4,95.3,95.0,96.1,99.7,94.5,93.2,95.6,106.6
ED-0020,2129,35:29,99.7,90.9,97.3,93.2,95.4,93.9,96.7,98.5,94.8,92.7,95.0,105.6
ED-0020,2130,35:30,99.7,89.9,97.2,94.0,95.1,93.8,96.6,98.2,94.9,94.4,96.0,106.6
ED-0020,2131,35:31,99.5,91.1,97.3,93.2,95.2,94.3,96.5,98.2,94.7,93.5,94.6,104.8
ED-0020,2132,35:32,98.4,90.1,98.5,93.7,94.8,94.5,94.9,97.8,94.9,93.2,95.6,105.9
ED-0020,2133,35:33,97.9,90.9,97.5,92.9,94.3,94.2,95.3,98.7,93.9,93.1,94.7,104.2
ED-0020,2134,35:34,98.6,90.5,96.3,93.1,95.1,93.5,95.1,97.6,94.3,92.3,94.0,105.5
ED-0020,2135,35:35,98.3,90.2,96.6,91.6,95.4,92.6,94.7,97.8,93.8,92.5,94.4,104.7
ED-0020,2136,35:36,97.9,90.6,96.3,93.1,93.9,93.0,94.1,97.1,93.2,92.5,93.6,103.7
ED-0020,2137,35:37,98.4,89.8,96.2,93.3,93.6,92.9,94.6,96.2,92.8,92.2,93.7,104.9
ED-0020,2138,35:38,97.6,89.5,95.4,91.9,93.9,93.5,94.1,96.5,92.3,91.3,94.2,103.9
ED-0020,2139,35:39,98.2,88.8,95.7,91.6,92.5,92.7,93.2,96.5,92.7,91.5,93.5,103.9
ED-0020,2140,35:40,98.2,89.5,95.1,92.0,92.9,93.5,93.8,96.8,93.3,91.7,92.1,104.0
ED-0020,2141,35:41,97.7,88.1,95.1,92.0,92.4,92.5,94.4,96.4,92.5,92.0,93.3,103.6
ED-0020,2142,35:42,98.2,87.5,94.5,91.8,93.2,91.2,93.0,94.9,91.9,92.0,92.5,103.3
ED-0020,2143,35:43,96.4,88.1,94.5,90.6,93.6,92.0,93.8,95.7,91.9,90.8,92.3,103.2
ED-0020,2144,35:44,97.2,88.3,94.0,90.8,91.6,91.5,93.4,95.3,92.1,90.4,92.2,101.8
ED-0020,2145,35:45,96.5,88.8,94.5,91.2,91.9,91.1,92.3,95.3,91.6,91.0,91.8,103.5
ED-0020,2146,35:46,96.6,87.6,94.4,90.8,91.7,90.8,93.3,93.9,91.8,90.1,92.0,102.2
ED-0020,2147,35:47,96.1,88.6,94.3,90.3,91.2,91.0,91.5,94.6,91.1,90.2,91.9,102.1
ED-0020,2148,35:48,96.2,88.3,93.0,90.0,91.0,91.5,92.3,93.1,91.2,89.8,91.4,102.5
ED-0020,2149,35:49,96.3,87.5,94.7,89.9,91.4,90.0,90.9,94.2,90.6,89.1,91.0,102.0
ED-0020,2150,35:50,96.2,87.7,93.7,89.7,90.6,89.0,91.5,94.1,91.3,89.6,91.4,100.3
ED-0020,2151,35:51,95.1,87.5,93.0,90.1,91.1,89.8,91.0,94.0,91.4,89.3,91.5,100.8
ED-0020,2152,35:52,95.3,86.5,92.7,89.4,91.5,90.1,90.7,93.7,90.1,89.0,90.1,101.3
ED-0020,2153,35:53,95.3,86.5,92.5,89.8,91.1,89.6,90.8,93.1,89.8,90.3,91.2,101.5
ED-0020,2154,35:54,95.3,86.7,93.2,89.1,90.3,89.2,90.9,92.5,89.5,88.7,89.9,100.4
ED-0020,2155,35:55,95.2,86.3,92.5,89.4,91.0,89.5,90.3,92.6,90.0,89.2,89.3,100.6
ED-0020,2156,35:56,94.1,86.7,92.4,88.6,90.2,89.8,90.2,93.1,89.7,88.8,90.0,100.8
ED-0020,2157,35:57,94.5,86.1,92.5,88.9,90.3,89.4,90.4,92.4,89.9,88.6,90.4,99.9
ED-0020,2158,35:58,94.2,85.8,92.6,88.9,89.7,88.3,89.7,92.7,89.5,88.0,88.9,99.5
ED-0020,2159,35:59,93.5,85.8,91.2,89.1,88.4,89.3,89.0,92.7,90.0,88.1,89.6,100.6
ED-0020,2160,36:00,94.9,86.2,92.2,87.6,89.4,88.8,89.5,91.5,88.6,86.8,88.5,100.1
ED-0020,2161,36:01,93.8,85.1,92.3,86.7,89.1,88.3,90.0,90.9,87.9,87.3,89.7,98.3
ED-0020,2162,36:02,93.3,85.1,91.9,86.9,88.1,88.1,88.8,92.5,89.4,87.5,88.7,99.0
ED-0020,2163,36:03,94.4,85.1,90.4,87.1,88.1,87.7,89.0,91.4,88.4,87.1,88.7,99.8
ED-0020,2164,36:04,93.7,85.4,90.9,87.5,88.6,87.3,88.2,92.1,88.3,86.3,89.1,98.9
ED-0020,2165,36:05,93.8,84.5,90.0,87.5,88.4,87.5,88.3,92.1,87.1,87.1,87.8,98.6
ED-0020,2166,36:06,93.6,84.1,90.2,85.7,88.4,87.5,88.5,91.3,87.3,86.4,88.8,98.0
ED-0020,2167,36:07,91.7,84.2,89.7,86.3,88.2,86.8,87.0,90.7,87.3,87.5,87.5,98.1
ED-0020,2168,36:08,92.6,83.6,89.5,85.9,87.3,86.9,87.5,89.4,87.5,87.3,88.9,96.7
ED-0020,2169,36:09,92.3,84.9,89.6,85.6,87.9,86.3,88.1,90.3,87.0,86.1,86.6,98.8
ED-0020,2170,36:10,92.2,84.1,89.7,86.3,87.5,86.7,87.7,89.7,87.4,87.2,87.6,98.2
ED-0020,2171,36:11,92.2,83.4,89.4,85.7,86.7,86.1,87.6,89.5,87.6,86.3,86.8,97.3
ED-0020,2172,36:12,91.8,83.7,89.4,86.2,86.4,86.8,87.6,89.9,87.6,85.9,86.9,97.1
ED-0020,2173,36:13,90.7,83.2,89.3,85.5,86.8,85.3,87.4,89.1,86.5,85.3,87.6,97.0
ED-0020,2174,36:14,90.8,83.5,89.8,85.8,86.6,85.1,87.0,88.7,87.2,86.3,86.7,96.7
ED-0020,2175,36:15,91.7,82.9,88.8,85.5,86.0,84.6,85.8,89.0,86.7,85.3,86.7,97.4
ED-0020,2176,36:16,91.1,83.3,89.2,84.4,86.3,85.3,86.2,88.9,87.4,84.7,86.3,96.5
ED-0020,2177,36:17,92.2,82.5,88.3,85.7,85.8,84.9,85.9,89.5,85.8,84.9,85.7,96.6
ED-0020,2178,36:18,90.6,83.8,88.1,84.1,86.3,85.1,86.4,88.8,85.1,85.4,86.2,96.3
ED-0020,2179,36:19,89.6,82.8,87.9,84.2,85.1,84.8,86.3,88.5,86.1,85.0,85.4,95.7
ED-0020,2180,36:20,90.5,82.5,87.3,84.6,84.7,84.8,85.8,88.0,86.3,84.6,86.0,96.5
ED-0020,2181,36:21,89.4,82.7,86.7,84.1,85.0,83.8,85.3,87.3,84.9,84.0,84.8,95.3
ED-0020,2182,36:22,90.8,81.4,87.0,83.9,83.8,83.7,85.5,87.3,85.3,84.2,84.7,96.2
ED-0020,2183,36:23,89.3,81.1,87.8,83.7,85.9,83.9,84.6,87.4,84.9,83.4,85.2,94.7
ED-0020,2184,36:24,89.8,82.5,87.4,82.9,84.8,84.3,84.9,87.7,84.5,84.9,84.9,94.4
ED-0020,2185,36:25,89.6,81.7,87.2,83.9,84.4,83.4,84.6,85.9,85.1,83.1,84.9,94.9
ED-0020,2186,36:26,88.6,82.5,86.7,84.9,84.7,83.3,84.9,86.7,83.5,84.2,85.0,94.3
ED-0020,2187,36:27,90.4,81.1,87.5,83.8,83.7,83.9,83.4,86.4,84.2,83.5,85.0,94.2
ED-0020,2188,36:28,89.4,81.0,86.2,83.6,83.3,82.8,84.1,86.9,84.2,84.1,83.8,95.1
ED-0020,2189,36:29,88.8,81.5,86.7,82.8,83.6,82.9,84.2,86.6,84.5,82.5,84.6,94.1
ED-0020,2190,36:30,88.8,80.6,85.7,82.9,83.3,83.4,83.9,85.9,84.2,83.3,85.0,94.2
ED-0020,2191,36:31,89.1,80.2,86.0,82.2,82.7,81.9,83.1,85.9,82.7,82.4,83.6,93.7
ED-0020,2192,36:32,89.4,79.6,86.6,82.6,83.3,82.1,83.7,86.1,82.9,82.5,83.7,93.6
ED-0020,2193,36:33,88.7,80.6,85.5,81.9,82.9,81.8,84.1,85.8,83.6,83.7,83.1,93.3
ED-0020,2194,36:34,88.9,79.6,84.8,81.7,81.9,81.5,83.3,86.1,82.7,81.7,83.3,93.9
ED-0020,2195,36:35,87.9,80.1,85.3,82.8,83.4,81.3,82.7,85.9,83.1,82.8,82.9,92.4
ED-0020,2196,36:36,87.2,79.0,85.9,82.6,82.6,81.2,82.0,84.1,82.7,82.1,82.9,93.5
ED-0020,2197,36:37,89.3,78.7,84.9,81.7,81.5,81.6,83.4,84.8,83.7,82.9,83.1,92.8
ED-0020,2198,36:38,87.3,79.2,84.7,82.1,82.2,81.9,83.4,85.1,81.9,81.4,81.9,92.7
ED-0020,2199,36:39,87.1,79.2,84.2,81.4,82.4,80.4,81.7,85.3,82.4,81.5,82.4,92.1
ED-0020,2200,36:40,88.4,79.0,84.5,80.8,81.7,81.0,81.5,84.2,81.8,81.5,81.6,92.8
ED-0020,2201,36:41,86.0,79.4,84.5,80.9,82.2,81.3,81.4,84.6,81.8,81.5,82.3,91.9
ED-0020,2202,36:42,88.6,79.0,84.5,80.6,80.4,81.2,81.8,82.8,81.7,81.1,81.8,91.9
ED-0020,2203,36:43,86.5,78.0,84.2,80.6,80.9,81.2,80.9,83.8,81.9,81.6,81.4,92.2
ED-0020,2204,36:44,86.9,78.7,84.2,81.8,81.2,80.1,81.5,84.6,82.1,80.6,81.5,92.4
ED-0020,2205,36:45,86.3,77.6,83.6,79.9,80.2,80.7,81.3,83.2,82.4,80.3,81.7,90.5
ED-0020,2206,36:46,86.4,78.4,83.9,80.0,81.4,80.1,81.7,83.7,81.3,80.6,81.4,91.6
ED-0020,2207,36:47,86.0,78.4,84.1,80.6,80.8,79.8,80.5,83.4,81.3,80.1,81.3,90.7
ED-0020,2208,36:48,86.2,78.9,83.1,80.9,80.8,79.6,80.5,83.9,82.0,80.2,81.8,90.1
ED-0020,2209,36:49,85.7,77.4,83.0,80.3,79.9,79.4,81.3,82.7,80.8,80.4,80.8,90.7
ED-0020,2210,36:50,85.9,77.6,82.6,79.6,80.7,78.9,80.1,82.0,81.0,79.8,79.9,90.6
ED-0020,2211,36:51,86.0,77.7,83.2,79.6,80.0,79.3,80.9,82.4,80.6,80.2,79.9,90.2
ED-0020,2212,36:52,85.0,77.3,82.4,79.7,79.8,79.1,79.3,82.2,80.7,80.2,79.8,90.3
ED-0020,2213,36:53,85.2,76.2,82.9,79.8,80.0,79.0,79.7,81.9,81.7,79.7,79.9,90.6
ED-0020,2214,36:54,84.9,77.6,82.5,79.2,80.0,78.5,79.8,82.4,80.5,78.7,78.9,90.0
ED-0020,2215,36:55,85.3,76.5,82.8,78.9,79.1,78.7,78.9,81.7,80.3,79.7,79.7,90.0
ED-0020,2216,36:56,85.2,76.5,82.3,78.8,78.5,78.4,79.1,82.0,80.3,79.4,78.8,89.6
ED-0020,2217,36:57,84.5,77.1,81.9,79.9,79.0,79.6,78.6,81.5,78.7,79.1,78.2,90.2
ED-0020,2218,36:58,85.7,77.2,82.5,78.0,79.2,78.6,79.6,81.9,80.0,78.7,78.3,89.2
ED-0020,2219,36:59,84.8,76.1,81.2,79.2,78.5,78.0,78.4,81.2,79.9,78.9,78.6,89.7
ED-0020,2220,37:00,85.0,77.0,80.8,77.6,78.4,78.7,79.5,80.7,79.7,77.3,79.0,89.3
ED-0020,2221,37:01,84.2,75.6,81.4,79.7,77.9,76.9,78.5,81.2,79.2,78.4,78.3,89.2
ED-0020,2222,37:02,84.8,77.2,80.7,78.0,78.0,77.3,78.2,81.0,78.9,78.3,78.7,88.7
ED-0020,2223,37:03,83.0,75.1,81.0,79.7,77.9,77.6,77.9,79.9,78.5,78.8,78.0,88.3
ED-0020,2224,37:04,84.0,75.5,80.5,77.2,78.9,77.4,77.5,81.1,79.1,78.7,78.2,88.0
ED-0020,2225,37:05,83.2,74.9,80.7,78.2,77.4,77.1,77.8,80.5,78.9,78.4,78.6,88.3
ED-0020,2226,37:06,84.2,75.7,80.2,77.8,78.1,76.6,78.0,80.7,78.9,77.7,79.7,87.9
ED-0020,2227,37:07,83.5,75.3,80.3,78.5,76.8,76.7,77.7,79.1,78.2,77.9,77.6,87.1
ED-0020,2228,37:08,83.2,75.4,80.1,77.3,78.0,76.2,78.4,79.6,77.5,77.6,78.2,87.9
ED-0020,2229,37:09,83.4,75.1,80.1,77.8,77.6,74.7,75.9,80.4,77.6,78.1,76.3,86.9
ED-0020,2230,37:10,82.4,75.7,80.0,78.1,77.1,76.2,76.7,78.9,78.6,77.5,77.7,86.5
ED-0020,2231,37:11,83.6,74.9,80.9,76.7,76.3,76.7,75.8,79.4,77.0,77.8,76.9,87.6
ED-0020,2232,37:12,82.9,74.0,80.2,76.2,76.9,75.9,76.8,79.6,77.3,76.9,77.9,86.4
ED-0020,2233,37:13,82.2,73.7,79.5,77.6,77.0,75.7,76.4,78.3,76.4,77.1,77.5,86.1
ED-0020,2234,37:14,82.3,74.3,77.6,77.0,75.4,75.2,76.3,79.3,77.9,76.6,76.8,87.3
ED-0020,2235,37:15,82.6,74.3,80.0,76.7,75.5,75.2,76.2,79.0,77.1,76.6,77.5,86.1
ED-0020,2236,37:16,81.0,73.6,79.4,75.9,76.4,74.9,75.7,78.1,77.4,76.5,76.6,85.7
ED-0020,2237,37:17,82.6,74.0,78.5,76.2,76.1,75.3,75.7,79.1,77.6,76.0,76.5,85.4
ED-0020,2238,37:18,81.4,72.8,78.8,75.9,75.5,74.4,75.6,78.1,77.5,77.0,76.6,85.6
ED-0020,2239,37:19,81.5,73.9,77.9,75.2,75.9,74.2,74.7,78.0,75.9,75.8,76.6,86.3
ED-0020,2240,37:20,81.4,73.9,78.9,75.2,75.2,74.2,76.8,78.3,76.2,75.8,76.8,86.5
ED-0020,2241,37:21,81.4,73.0,77.8,75.0,74.8,74.4,75.2,78.0,76.0,75.4,75.6,85.8
ED-0020,2242,37:22,80.6,73.8,79.0,75.9,74.8,73.6,75.3,76.7,77.4,76.3,76.3,85.7
ED-0020,2243,37:23,81.0,73.2,78.3,76.4,74.9,73.6,74.7,77.0,76.0,76.5,75.4,85.6
ED-0020,2244,37:24,81.0,72.7,78.3,75.1,75.1,73.4,74.8,76.9,76.0,75.8,75.3,85.1
ED-0020,2245,37:25,81.5,71.8,77.5,75.3,74.5,74.3,74.6,76.8,76.9,75.3,74.8,85.4
ED-0020,2246,37:26,81.0,72.5,78.0,74.7,75.1,73.6,75.1,76.9,75.2,75.1,75.1,85.1
ED-0020,2247,37:27,80.3,72.4,77.6,74.8,74.1,73.8,74.1,76.8,75.9,74.6,74.9,85.4
ED-0020,2248,37:28,80.2,73.1,77.8,74.5,75.1,74.5,73.6,77.3,75.3,75.5,75.0,84.7
ED-0020,2249,37:29,80.8,72.6,76.9,74.4,73.6,73.4,74.3,75.3,75.0,74.0,75.1,83.6
ED-0020,2250,37:30,80.3,71.5,77.5,75.3,74.0,73.9,72.7,76.3,74.8,74.4,75.1,84.7
ED-0020,2251,37:31,80.6,72.0,76.4,75.4,74.3,72.3,73.7,77.2,74.4,74.1,75.2,84.0
ED-0020,2252,37:32,79.7,72.0,76.2,73.8,73.0,72.8,74.3,76.6,74.7,74.0,74.3,84.3
ED-0020,2253,37:33,80.6,70.8,77.2,73.4,73.3,73.4,72.8,77.0,74.9,74.7,74.9,84.1
ED-0020,2254,37:34,79.6,71.1,76.5,73.5,74.1,71.6,73.4,76.0,74.5,75.4,74.7,82.8
ED-0020,2255,37:35,79.4,71.8,76.4,74.5,74.4,72.9,73.1,75.7,74.1,74.4,73.4,84.1
ED-0020,2256,37:36,79.5,71.8,75.9,73.9,73.4,71.8,73.9,74.9,74.3,73.8,74.0,83.7
ED-0020,2257,37:37,78.8,71.8,76.0,72.9,73.2,71.4,72.0,75.4,73.8,73.7,72.4,83.7
ED-0020,2258,37:38,78.8,71.6,76.0,74.0,72.1,72.4,73.1,75.6,73.5,73.5,73.2,83.7
ED-0020,2259,37:39,78.9,71.0,75.2,73.3,72.7,71.8,72.4,75.8,74.5,73.6,74.3,82.2
ED-0020,2260,37:40,79.5,71.1,75.8,72.8,72.7,72.4,72.3,74.7,73.4,73.7,73.6,82.3
ED-0020,2261,37:41,78.7,71.1,76.2,72.7,73.4,70.8,72.4,74.8,72.6,73.3,71.3,83.5
ED-0020,2262,37:42,79.2,70.7,75.3,72.6,71.7,70.8,71.9,74.5,73.8,73.7,72.6,82.9
ED-0020,2263,37:43,77.5,70.2,75.2,71.6,71.8,71.2,72.0,75.0,73.0,73.6,72.4,81.4
ED-0020,2264,37:44,77.7,70.7,75.2,72.9,71.8,70.8,72.3,73.7,73.4,73.0,73.2,81.9
ED-0020,2265,37:45,78.6,70.7,74.8,72.7,72.0,71.5,71.7,74.2,72.4,73.3,72.8,82.1
ED-0020,2266,37:46,77.7,70.8,74.5,72.2,70.9,69.9,71.9,73.3,72.8,72.4,72.3,83.0
ED-0020,2267,37:47,78.1,70.9,75.3,71.8,72.3,71.0,71.6,73.5,73.0,72.1,72.5,82.9
ED-0020,2268,37:48,78.0,70.1,74.0,71.9,70.8,71.6,71.3,73.5,72.6,72.3,72.5,81.6
ED-0020,2269,37:49,77.6,69.5,74.9,72.0,70.3,70.3,71.6,73.9,73.4,72.5,71.6,81.9
ED-0020,2270,37:50,78.2,70.0,75.4,71.8,71.7,70.0,71.0,73.5,72.6,72.8,71.8,82.1
ED-0020,2271,37:51,77.8,69.7,74.3,71.3,70.7,70.3,72.4,73.0,71.6,72.6,70.8,81.9
ED-0020,2272,37:52,77.5,70.0,73.5,71.4,71.3,70.3,71.6,73.1,72.3,71.9,71.9,81.2
ED-0020,2273,37:53,77.0,69.4,73.9,71.8,71.1,69.2,70.4,72.6,72.0,72.0,71.0,81.6
ED-0020,2274,37:54,77.3,69.0,73.7,71.6,70.6,69.0,69.9,72.9,72.6,71.8,71.1,80.9
ED-0020,2275,37:55,77.0,70.1,73.6,71.9,71.3,70.8,70.5,72.7,72.2,71.5,71.8,80.3
ED-0020,2276,37:56,76.6,69.2,73.2,71.0,69.7,69.5,71.1,73.1,71.9,71.4,71.3,81.2
ED-0020,2277,37:57,76.7,68.5,73.9,71.2,70.3,70.4,70.1,71.8,72.0,71.6,71.2,80.4
ED-0020,2278,37:58,77.4,68.3,73.5,70.9,70.6,69.2,70.2,72.0,70.9,71.3,71.6,80.3
ED-0020,2279,37:59,76.5,67.8,73.2,71.2,70.2,69.6,69.9,71.6,71.2,70.7,72.2,80.2
ED-0020,2280,38:00,76.4,68.5,72.7,70.7,69.8,70.0,69.2,71.7,71.0,70.8,70.8,80.0
ED-0020,2281,38:01,76.3,69.2,73.5,70.8,70.2,69.1,69.5,71.6,70.7,71.8,70.7,81.1
ED-0020,2282,38:02,75.9,69.0,73.0,71.0,69.3,69.5,70.2,72.0,70.6,70.3,70.0,79.5
ED-0020,2283,38:03,75.8,68.9,72.9,70.7,69.8,69.4,69.3,70.9,71.0,70.7,70.6,80.1
ED-0020,2284,38:04,76.2,68.0,72.3,70.8,69.7,69.2,69.6,71.4,70.5,70.9,70.4,79.4
ED-0020,2285,38:05,75.1,67.5,72.9,70.8,68.9,68.8,69.4,72.1,71.7,70.6,70.2,78.2
ED-0020,2286,38:06,75.7,68.3,72.8,70.5,68.5,67.9,69.0,70.5,69.4,71.5,70.2,79.2
ED-0020,2287,38:07,75.1,68.0,72.5,70.4,69.6,67.5,68.9,70.3,70.4,70.9,70.7,78.8
ED-0020,2288,38:08,75.0,67.7,72.2,69.0,69.0,67.8,67.8,69.9,69.1,69.9,69.5,78.6
ED-0020,2289,38:09,75.0,68.2,72.3,69.9,67.8,68.7,69.5,70.5,70.3,69.5,69.9,78.8
ED-0020,2290,38:10,75.8,67.3,71.9,69.9,69.3,68.6,68.9,70.3,69.8,69.0,70.1,79.0
ED-0020,2291,38:11,75.4,66.2,71.2,69.5,68.1,67.9,68.2,71.6,70.3,69.7,69.3,78.4
ED-0020,2292,38:12,74.5,67.0,72.7,69.4,68.1,68.5,67.8,70.8,70.4,69.5,69.0,77.8
ED-0020,2293,38:13,74.8,67.3,71.5,69.5,68.3,68.0,67.7,69.7,69.4,69.6,69.2,78.3
ED-0020,2294,38:14,74.5,66.4,71.5,68.9,68.3,66.9,67.8,70.7,68.9,69.8,69.1,78.5
ED-0020,2295,38:15,74.6,67.4,72.1,69.4,67.8,67.4,66.5,70.3,69.8,68.7,68.2,78.0
ED-0020,2296,38:16,75.1,67.2,70.9,69.7,68.6,67.5,67.8,70.3,69.5,68.5,68.3,77.4
ED-0020,2297,38:17,74.1,67.1,71.1,69.7,67.3,66.8,67.9,70.2,68.6,69.2,68.8,78.0
ED-0020,2298,38:18,74.6,66.4,71.2,68.1,69.0,66.6,66.4,69.8,69.1,69.3,68.1,77.2
ED-0020,2299,38:19,74.4,66.2,70.6,68.4,66.8,66.4,68.2,70.3,69.1,68.6,69.0,77.0
ED-0020,2300,38:20,74.3,66.4,70.5,67.9,67.8,66.2,66.5,68.8,68.9,68.8,68.8,76.9
ED-0020,2301,38:21,73.2,66.6,70.8,68.8,67.6,67.2,67.0,70.2,68.9,68.1,68.2,78.1
ED-0020,2302,38:22,74.0,66.2,71.1,67.7,67.5,66.8,66.8,69.1,68.9,68.4,67.4,77.6
ED-0020,2303,38:23,73.5,65.1,70.1,67.5,68.1,65.9,66.6,69.1,68.5,68.0,67.0,77.5
ED-0020,2304,38:24,73.7,65.3,69.5,67.3,66.7,65.8,67.0,69.3,68.9,68.3,67.8,76.5
ED-0020,2305,38:25,73.4,66.0,70.0,68.4,67.0,65.7,67.0,68.5,68.3,68.1,67.8,77.2
ED-0020,2306,38:26,73.8,65.2,71.0,67.2,67.4,65.8,66.9,67.9,67.9,68.3,67.9,76.2
ED-0020,2307,38:27,73.2,65.5,69.1,67.3,67.1,66.1,65.8,69.5,68.7,67.8,67.8,76.2
ED-0020,2308,38:28,73.3,66.0,69.5,67.8,66.6,66.2,67.1,69.7,68.5,67.3,66.6,76.5
ED-0020,2309,38:29,72.6,64.2,69.7,67.6,66.9,64.8,66.1,68.5,67.8,68.0,67.3,75.2
ED-0020,2310,38:30,73.0,65.6,70.4,67.5,66.5,65.8,67.3,68.7,67.9,67.0,68.1,75.0
ED-0020,2311,38:31,72.5,65.0,69.5,67.5,66.3,65.7,65.7,68.2,67.6,67.7,66.2,75.7
ED-0020,2312,38:32,73.1,64.9,68.8,66.5,65.8,64.4,65.7,67.8,67.7,68.0,66.6,75.8
ED-0020,2313,38:33,72.0,64.3,69.1,67.7,66.1,65.9,66.1,68.3,67.3,67.6,66.8,75.8
ED-0020,2314,38:34,72.2,64.8,68.6,67.1,66.7,65.0,65.9,67.9,68.0,67.2,66.7,75.2
ED-0020,2315,38:35,71.9,65.4,67.7,67.6,65.8,65.4,65.5,67.5,67.8,67.3,65.7,74.8
ED-0020,2316,38:36,71.7,64.3,68.9,67.6,65.7,66.0,66.2,67.8,67.3,66.1,66.7,75.8
ED-0020,2317,38:37,72.0,63.5,69.2,67.1,66.5,64.6,65.1,68.4,67.6,65.9,66.1,74.9
ED-0020,2318,38:38,71.8,64.5,68.4,65.4,66.1,65.1,66.0,66.4,67.0,67.4,66.2,75.2
ED-0020,2319,38:39,71.5,64.0,68.2,65.9,66.0,64.8,64.4,67.6,67.3,66.8,66.1,75.3
ED-0020,2320,38:40,71.6,64.9,67.8,66.7,65.3,64.6,64.7,67.5,67.0,66.4,67.0,75.0
ED-0020,2321,38:41,71.3,64.7,68.1,66.0,64.9,64.2,65.8,67.4,66.5,66.3,66.9,75.1
ED-0020,2322,38:42,71.1,63.4,67.7,65.5,64.8,64.2,65.4,66.6,66.2,66.7,65.6,75.4
ED-0020,2323,38:43,70.9,63.5,67.5,65.7,65.8,63.8,64.7,66.9,67.1,65.8,65.9,73.7
ED-0020,2324,38:44,70.4,64.4,67.7,66.0,64.7,64.5,64.5,66.7,65.9,66.5,66.2,74.4
ED-0020,2325,38:45,71.3,63.6,67.9,65.9,64.7,63.9,64.4,66.7,66.3,66.3,65.1,74.5
ED-0020,2326,38:46,70.2,62.7,67.8,66.4,64.2,64.1,64.1,66.2,65.7,66.2,65.1,74.8
ED-0020,2327,38:47,70.9,64.1,67.4,65.6,64.9,63.4,63.9,66.3,65.6,65.9,65.6,74.2
ED-0020,2328,38:48,71.4,63.4,67.7,65.6,65.2,63.9,64.6,65.7,65.9,65.0,65.3,74.5
ED-0020,2329,38:49,71.2,62.6,67.8,64.7,63.4,62.6,63.6,66.3,65.9,65.5,64.7,72.8
ED-0020,2330,38:50,69.9,62.9,67.3,64.3,64.4,63.3,63.7,66.2,65.9,65.5,65.5,73.7
ED-0020,2331,38:51,70.1,63.4,67.1,65.7,64.2,62.5,62.7,66.4,66.4,66.4,66.2,74.3
ED-0020,2332,38:52,69.5,63.2,66.8,65.8,63.5,63.0,63.8,66.6,65.4,65.3,65.5,74.6
ED-0020,2333,38:53,70.5,63.0,66.9,64.9,64.0,64.0,64.2,65.1,64.7,64.9,64.6,73.9
ED-0020,2334,38:54,69.7,63.4,66.7,65.0,63.9,63.5,63.6,65.9,65.3,65.5,64.3,73.7
ED-0020,2335,38:55,69.6,62.5,66.6,65.3,64.0,62.3,63.6,65.4,64.9,65.4,64.2,73.2
ED-0020,2336,38:56,71.2,63.0,67.7,65.2,62.9,61.8,62.4,65.9,64.8,66.0,65.3,73.3
ED-0020,2337,38:57,68.8,63.0,66.5,64.7,63.4,61.0,63.1,64.6,65.0,64.8,64.7,72.9
ED-0020,2338,38:58,70.2,61.6,66.3,64.7,63.0,62.9,63.4,65.3,65.8,65.3,64.4,72.8
ED-0020,2339,38:59,69.4,62.3,66.5,65.0,62.8,62.5,62.2,65.2,64.7,65.5,64.2,72.6
ED-0020,2340,39:00,69.3,61.9,66.9,64.1,63.9,62.5,62.9,64.9,65.2,64.0,63.5,73.0
ED-0020,2341,39:01,69.2,62.3,66.2,63.6,63.0,63.0,63.0,64.6,64.5,63.9,64.3,73.0
ED-0020,2342,39:02,68.8,62.0,64.6,64.6,62.6,61.6,63.0,64.8,64.0,64.6,63.6,72.4
ED-0020,2343,39:03,69.2,62.5,64.9,63.9,62.9,61.4,62.4,64.3,64.8,64.5,63.5,72.7
ED-0020,2344,39:04,70.1,62.1,66.4,64.8,62.5,61.9,62.0,64.3,64.5,64.9,63.6,72.6
ED-0020,2345,39:05,69.3,62.5,66.0,63.9,62.4,62.2,62.5,64.8,64.5,63.4,63.4,71.6
ED-0020,2346,39:06,68.7,61.6,66.1,64.2,62.1,61.8,62.0,64.0,64.3,64.2,62.9,70.9
ED-0020,2347,39:07,68.5,62.2,65.5,63.2,62.4,61.7,61.6,63.3,64.1,64.6,64.1,72.1
ED-0020,2348,39:08,69.0,61.3,65.5,63.4,62.9,61.0,62.1,64.5,63.5,63.1,62.4,71.5
ED-0020,2349,39:09,69.8,61.8,66.1,64.3,62.2,62.3,61.4,64.6,64.8,64.3,64.0,70.9
ED-0020,2350,39:10,68.5,61.4,64.6,62.5,62.6,60.9,62.4,63.7,64.1,63.4,62.7,72.0
ED-0020,2351,39:11,68.5,61.4,66.1,63.2,61.8,60.8,61.8,63.4,63.5,63.7,62.8,71.0
ED-0020,2352,39:12,68.0,61.3,64.9,63.4,61.1,62.1,61.7,63.6,63.8,64.1,62.4,70.8
ED-0020,2353,39:13,68.7,60.5,65.4,63.1,62.0,61.1,61.6,63.5,64.0,63.2,63.2,71.8
ED-0020,2354,39:14,67.7,61.6,64.5,63.4,61.9,60.4,61.1,64.1,63.8,63.7,63.7,71.2
ED-0020,2355,39:15,67.2,60.8,65.7,63.0,61.3,60.5,61.4,63.0,63.4,63.7,63.0,70.1
ED-0020,2356,39:16,68.0,59.9,64.6,62.1,61.9,60.6,61.5,63.8,63.4,63.3,63.4,70.9
ED-0020,2357,39:17,67.6,60.6,64.1,62.4,62.3,60.7,61.1,63.9,64.2,63.5,61.6,70.7
ED-0020,2358,39:18,67.8,60.0,64.9,63.7,61.6,61.9,60.1,62.9,63.4,63.2,62.3,70.3
ED-0020,2359,39:19,68.0,61.0,63.1,62.6,61.6,60.7,61.7,63.2,63.1,63.1,61.9,69.8
ED-0020,2360,39:20,68.8,59.4,64.4,62.2,60.6,59.4,59.6,62.2,62.8,62.5,62.8,70.4
ED-0020,2361,39:21,68.5,60.2,64.2,62.3,61.5,60.8,61.4,62.8,63.1,63.4,61.9,70.7
ED-0020,2362,39:22,66.9,60.0,64.5,62.6,61.0,59.6,60.5,62.7,63.4,62.4,61.8,69.9
ED-0020,2363,39:23,67.1,60.7,63.7,62.7,60.4,60.1,60.3,62.0,62.6,63.2,61.7,69.8
ED-0020,2364,39:24,66.9,60.3,63.5,62.1,60.8,61.0,59.8,61.7,61.2,62.3,61.7,69.8
ED-0020,2365,39:25,66.5,60.3,63.4,62.4,61.3,59.5,60.6,62.1,61.6,61.8,61.7,71.0
ED-0020,2366,39:26,66.0,59.2,64.0,62.3,60.8,60.6,59.8,63.0,61.6,62.7,61.5,69.5
ED-0020,2367,39:27,66.4,60.1,64.4,62.2,60.5,60.2,60.6,61.9,63.1,62.1,60.7,70.0
ED-0020,2368,39:28,66.8,59.3,63.5,61.4,60.3,60.0,59.6,62.1,62.2,62.1,61.4,69.0
ED-0020,2369,39:29,67.7,59.4,63.8,61.7,59.9,59.4,59.6,62.4,61.8,62.3,60.2,69.7
ED-0020,2370,39:30,66.9,59.4,64.6,61.9,60.5,60.1,59.4,61.9,61.7,61.3,61.6,68.5
ED-0020,2371,39:31,67.0,59.9,62.7,61.1,60.8,59.1,59.7,61.3,62.0,62.1,60.9,68.9
ED-0020,2372,39:32,66.4,59.2,62.5,61.5,60.0,58.8,59.3,62.7,61.5,62.5,60.6,69.4
ED-0020,2373,39:33,66.7,59.1,63.6,60.4,59.6,59.4,60.0,61.8,62.3,62.7,60.8,68.6
ED-0020,2374,39:34,66.0,59.7,63.0,62.1,60.1,59.0,59.0,62.1,61.4,61.4,60.7,68.6
ED-0020,2375,39:35,65.5,59.5,62.8,62.7,60.3,59.5,59.2,61.1,61.5,61.7,60.5,68.6
ED-0020,2376,39:36,65.8,59.0,62.7,61.8,60.1,59.5,59.0,61.6,61.7,60.5,60.8,67.9
ED-0020,2377,39:37,66.0,58.7,63.9,60.9,59.6,58.6,59.4,61.0,61.2,62.1,61.2,67.5
ED-0020,2378,39:38,64.6,58.5,62.6,61.3,59.9,58.6,58.5,61.0,61.1,61.4,61.3,68.3
ED-0020,2379,39:39,65.7,58.6,63.1,60.8,58.4,58.0,59.0,60.8,61.8,60.2,60.0,68.7
ED-0020,2380,39:40,65.6,58.6,62.6,60.7,59.1,58.5,58.8,61.8,60.9,61.0,61.7,68.7
ED-0020,2381,39:41,66.0,58.3,62.9,60.8,59.1,58.9,58.9,60.7,61.5,61.4,59.8,68.3
ED-0020,2382,39:42,65.4,58.1,62.7,60.3,60.3,58.6,59.9,61.1,60.0,61.5,60.3,68.5
ED-0020,2383,39:43,64.5,58.5,62.4,61.2,59.0,57.8,58.5,60.4,60.6,60.0,61.1,68.0
ED-0020,2384,39:44,65.2,58.2,61.3,60.3,58.8,58.7,59.1,60.7,60.8,60.9,59.2,68.0
ED-0020,2385,39:45,64.7,58.5,62.7,60.0,59.5,58.8,58.7,59.5,60.1,59.9,60.2,67.6
ED-0020,2386,39:46,65.2,58.5,61.9,60.7,59.0,58.5,58.8,61.2,60.4,60.9,59.5,68.0
ED-0020,2387,39:47,65.4,59.0,61.3,60.1,59.2,58.6,57.7,60.4,59.8,60.8,60.5,68.3
ED-0020,2388,39:48,64.9,59.4,62.3,60.5,58.8,57.8,58.3,59.9,60.4,60.8,59.3,67.3
ED-0020,2389,39:49,64.9,58.8,61.0,59.5,58.7,57.5,57.6,59.9,59.8,60.5,59.9,68.0
ED-0020,2390,39:50,65.1,57.7,61.9,59.8,58.2,57.8,58.5,60.9,60.4,60.3,59.6,67.3
ED-0020,2391,39:51,64.4,57.9,62.5,59.1,57.2,58.2,58.6,59.3,60.7,61.1,59.3,67.9
ED-0020,2392,39:52,65.6,58.5,61.3,60.0,58.4,57.2,57.5,60.9,59.9,60.1,58.8,68.0
ED-0020,2393,39:53,64.1,57.4,61.1,60.0,58.7,57.4,57.6,59.4,59.9,59.9,59.4,66.6
ED-0020,2394,39:54,63.7,58.3,61.3,59.9,58.1,57.3,57.3,58.6,59.5,59.5,58.9,67.1
ED-0020,2395,39:55,64.7,57.5,60.7,59.8,58.5,57.1,58.7,59.7,59.9,59.8,58.7,67.0
ED-0020,2396,39:56,63.4,57.1,60.4,59.8,58.3,58.1,57.4,59.7,59.7,60.3,58.0,65.8
ED-0020,2397,39:57,64.1,57.9,60.3,59.7,56.8,57.5,57.4,60.4,59.4,59.6,58.2,66.2
ED-0020,2398,39:58,63.9,57.4,61.4,59.3,58.3,56.6,57.5,59.8,59.5,60.0,59.5,66.9
ED-0020,2399,39:59,64.3,57.2,61.9,59.2,58.2,56.5,57.6,58.6,59.3,59.2,59.4,66.1
