trial_id,time_s,time_mmss,T_LH_HOOD,T_LH_FENDER,T_LH_FRONT_DOOR,T_LH_REAR_DOOR,T_LH_Q_P,T_LH_T_G,T_RH_T_G,T_RH_Q_P,T_RH_REAR_DOOR,T_RH_FR_DOOR,T_RH_FENDER,T_RH_HOOD
ED-0010,0,00:00,35.2,34.9,35.3,34.8,34.4,35.9,35.2,35.2,35.4,35.0,35.1,35.2
ED-0010,1,00:01,35.4,34.6,36.1,34.8,36.5,34.1,35.1,34.9,35.2,35.1,34.2,34.9
ED-0010,2,00:02,33.7,35.0,34.5,34.9,35.7,35.3,35.3,34.7,35.5,35.2,35.5,35.5
ED-0010,3,00:03,35.3,34.4,35.2,35.0,34.7,34.3,34.4,35.2,35.2,34.8,34.9,34.3
ED-0010,4,00:04,34.1,35.1,35.4,34.8,34.6,34.7,34.9,34.8,34.9,34.6,34.6,36.0
ED-0010,5,00:05,34.6,34.6,35.4,34.3,35.8,34.9,35.1,35.1,35.0,34.4,36.0,34.8
ED-0010,6,00:06,35.0,35.1,34.5,35.6,34.4,35.7,34.9,35.8,34.4,35.0,35.1,35.9
ED-0010,7,00:07,35.3,34.4,36.0,35.8,35.3,34.6,34.5,35.0,34.5,35.3,34.7,35.4
ED-0010,8,00:08,34.6,35.2,35.3,34.3,35.2,34.8,34.6,35.2,36.1,34.0,35.2,35.2
ED-0010,9,00:09,35.1,35.0,35.3,34.5,35.1,35.5,35.8,34.9,34.5,34.3,35.9,34.8
ED-0010,10,00:10,34.6,33.9,35.5,35.1,36.2,34.8,36.2,35.1,36.2,34.2,35.3,35.8
ED-0010,11,00:11,35.9,35.0,35.0,34.8,34.9,35.7,35.0,34.4,35.8,35.0,34.7,35.4
ED-0010,12,00:12,34.3,34.8,34.8,35.6,34.1,34.9,35.7,34.8,35.8,35.2,34.7,34.8
ED-0010,13,00:13,34.9,35.3,34.5,34.6,34.5,36.3,35.2,34.2,35.2,36.7,34.7,35.8
ED-0010,14,00:14,34.2,34.6,34.7,35.3,34.7,35.7,35.3,35.7,35.5,35.1,35.3,34.4
ED-0010,15,00:15,36.1,35.6,36.4,34.9,35.0,35.8,34.4,36.0,35.8,34.5,36.3,34.9
ED-0010,16,00:16,34.8,34.8,34.7,35.0,35.3,35.0,35.6,34.5,35.4,35.8,34.6,35.5
ED-0010,17,00:17,35.5,34.7,35.1,35.0,34.9,35.0,35.7,34.6,35.0,34.8,34.6,35.1
ED-0010,18,00:18,34.9,35.3,35.5,35.2,33.8,34.4,34.3,35.6,35.5,35.7,34.9,35.7
ED-0010,19,00:19,35.0,34.0,34.8,35.9,35.3,35.0,34.1,35.5,35.2,35.4,34.6,35.1
ED-0010,20,00:20,34.0,34.6,35.0,35.5,35.7,33.7,34.6,35.8,35.3,35.7,34.7,33.5
ED-0010,21,00:21,34.5,35.4,34.6,35.2,35.4,35.5,34.8,35.9,35.4,35.8,35.4,34.9
ED-0010,22,00:22,35.9,35.4,35.9,35.0,35.0,34.7,34.6,35.7,34.8,35.1,35.3,35.4
ED-0010,23,00:23,34.2,35.0,35.6,34.5,34.2,36.3,35.5,34.8,34.4,35.3,35.3,34.6
ED-0010,24,00:24,34.1,35.1,35.2,36.0,34.6,34.4,35.3,34.5,35.7,35.5,35.5,35.6
ED-0010,25,00:25,36.2,34.7,35.6,35.0,35.0,35.7,35.9,34.6,35.5,34.9,35.4,35.4
ED-0010,26,00:26,34.5,36.3,35.3,34.8,35.4,34.6,36.2,35.9,35.3,35.4,35.8,34.7
ED-0010,27,00:27,34.7,35.1,34.8,34.9,34.8,35.7,35.1,35.6,34.4,35.0,35.2,35.3
ED-0010,28,00:28,35.2,35.6,35.2,35.7,34.8,34.2,35.5,34.7,34.6,36.2,35.8,35.4
ED-0010,29,00:29,35.2,35.0,35.6,35.0,33.9,35.5,34.5,34.6,36.3,35.0,34.6,34.2
ED-0010,30,00:30,35.2,35.1,35.7,35.1,35.6,35.5,35.9,33.9,35.6,34.2,34.2,34.6
ED-0010,31,00:31,35.3,33.7,35.4,35.4,34.9,35.2,34.8,34.8,35.7,35.6,35.6,34.8
ED-0010,32,00:32,34.9,35.8,35.3,34.5,35.3,35.3,34.9,35.9,35.6,34.9,34.7,34.5
ED-0010,33,00:33,34.4,35.4,34.8,35.4,34.8,35.1,35.4,34.3,35.4,35.9,34.8,35.1
ED-0010,34,00:34,34.6,35.1,35.7,35.1,35.6,35.0,35.4,35.7,34.6,36.3,35.2,34.9
ED-0010,35,00:35,34.9,36.3,34.8,35.3,34.9,34.4,35.7,34.8,35.7,35.6,34.9,34.9
ED-0010,36,00:36,35.1,35.1,34.8,35.6,35.0,35.6,35.6,35.2,35.6,34.4,35.3,34.4
ED-0010,37,00:37,35.3,35.2,36.0,35.7,34.7,34.9,36.2,34.1,34.7,36.3,36.1,33.5
ED-0010,38,00:38,34.9,35.1,34.9,34.5,34.0,35.0,35.2,35.2,35.0,35.1,35.0,34.6
ED-0010,39,00:39,34.4,35.0,35.4,35.8,35.2,35.1,35.3,36.2,35.2,35.0,35.4,35.2
ED-0010,40,00:40,34.0,35.3,34.6,37.1,35.2,35.4,35.3,35.1,35.4,35.9,35.4,35.2
ED-0010,41,00:41,34.5,35.7,36.0,35.1,35.1,35.4,35.4,36.0,35.4,34.5,35.1,34.6
ED-0010,42,00:42,35.7,34.7,34.5,34.6,35.2,35.1,34.9,34.7,34.9,35.3,35.0,35.4
ED-0010,43,00:43,35.2,35.6,35.7,34.8,36.0,34.2,36.0,34.6,35.4,34.5,36.0,34.3
ED-0010,44,00:44,36.2,35.6,35.7,34.8,34.8,35.7,35.0,34.7,35.1,35.5,35.5,34.9
ED-0010,45,00:45,35.1,34.9,35.8,34.9,35.8,34.8,35.1,34.4,35.9,35.4,34.7,35.3
ED-0010,46,00:46,35.1,35.4,35.7,35.2,35.7,35.0,36.5,35.2,34.9,35.0,34.6,34.4
ED-0010,47,00:47,35.0,34.4,35.8,35.0,35.1,35.0,34.5,35.0,35.9,35.4,35.7,34.1
ED-0010,48,00:48,35.8,35.0,35.1,36.4,35.3,35.2,34.4,35.1,35.3,35.7,35.6,36.1
ED-0010,49,00:49,35.8,35.4,36.0,34.7,34.7,35.0,35.8,34.5,35.8,35.2,35.3,35.4
ED-0010,50,00:50,35.6,34.7,35.9,35.2,35.6,35.2,35.5,35.3,35.0,35.5,35.4,34.5
ED-0010,51,00:51,36.0,35.0,35.1,35.3,35.6,34.2,34.7,34.2,34.1,35.3,35.4,34.6
ED-0010,52,00:52,35.1,35.4,35.4,35.0,35.0,34.7,34.9,35.4,34.6,36.0,35.2,35.7
ED-0010,53,00:53,35.7,35.6,35.7,35.6,34.4,34.7,35.4,33.0,36.1,35.5,35.8,35.1
ED-0010,54,00:54,34.8,34.4,36.3,34.5,35.4,33.8,34.4,35.7,35.3,36.1,35.3,34.8
ED-0010,55,00:55,34.6,35.4,35.5,35.3,35.0,35.9,34.7,34.6,35.8,35.2,34.3,34.7
ED-0010,56,00:56,34.6,35.9,35.5,35.0,35.8,33.5,35.7,35.4,35.7,35.5,35.5,34.9
ED-0010,57,00:57,35.2,35.5,35.9,35.6,35.9,35.6,35.3,34.9,36.2,35.8,35.2,35.7
ED-0010,58,00:58,34.6,35.7,36.0,35.6,35.1,36.3,35.5,35.9,35.9,35.5,34.4,35.4
ED-0010,59,00:59,36.6,36.7,35.6,34.2,35.0,34.6,35.0,34.5,34.9,36.4,36.0,35.3
ED-0010,60,01:00,35.3,35.2,35.8,36.1,35.1,35.5,35.8,33.6,34.8,35.7,33.9,35.2
ED-0010,61,01:01,35.9,35.6,35.0,35.5,35.2,34.6,34.3,34.4,35.8,35.0,35.0,35.8
ED-0010,62,01:02,36.0,35.9,35.6,35.1,35.4,35.5,34.8,35.3,35.9,35.5,36.1,35.6
ED-0010,63,01:03,35.1,35.2,34.9,35.2,36.1,35.5,35.6,34.6,35.8,36.0,35.4,36.5
ED-0010,64,01:04,36.0,34.2,35.9,36.7,36.1,35.8,35.7,35.0,35.4,35.8,35.9,35.5
ED-0010,65,01:05,34.6,35.2,35.9,35.7,35.7,35.1,35.3,35.7,35.5,37.1,35.5,35.3
ED-0010,66,01:06,35.5,35.2,35.0,35.0,35.6,35.6,35.1,34.9,35.5,35.3,35.8,34.4
ED-0010,67,01:07,35.2,35.8,35.4,35.4,35.3,35.4,34.7,35.0,35.6,35.8,35.5,34.9
ED-0010,68,01:08,35.5,35.3,35.6,35.4,35.0,35.1,36.1,35.9,34.8,35.5,35.4,35.9
ED-0010,69,01:09,35.7,36.1,35.5,35.9,35.6,35.6,35.8,35.4,35.8,35.7,35.7,35.8
ED-0010,70,01:10,35.4,35.1,36.1,36.1,35.8,36.1,35.1,34.8,35.9,35.8,35.7,35.4
ED-0010,71,01:11,35.5,35.8,34.9,35.6,35.0,35.3,35.3,35.8,35.3,35.3,35.2,35.4
ED-0010,72,01:12,36.9,36.3,36.6,35.9,35.1,35.8,34.5,36.0,34.9,35.7,35.5,35.3
ED-0010,73,01:13,35.7,35.5,35.8,35.4,35.4,36.1,35.5,34.6,36.1,35.2,35.7,35.2
ED-0010,74,01:14,34.9,36.9,35.2,35.6,35.2,35.4,35.1,34.4,36.0,36.4,36.1,35.6
ED-0010,75,01:15,36.1,35.6,36.0,35.8,34.0,35.4,35.7,36.0,35.2,35.6,35.3,35.7
ED-0010,76,01:16,35.4,35.4,35.4,36.0,35.9,35.4,34.9,35.6,35.6,36.0,35.7,36.1
ED-0010,77,01:17,35.2,35.6,35.8,36.0,36.5,36.0,34.6,34.7,35.5,35.6,34.6,35.6
ED-0010,78,01:18,35.5,35.4,35.9,35.5,34.9,35.5,35.3,35.7,35.2,36.0,35.8,36.2
ED-0010,79,01:19,34.7,35.1,35.7,35.6,35.0,35.5,35.3,35.0,36.0,35.3,35.0,35.7
ED-0010,80,01:20,35.7,36.2,35.6,35.0,35.3,34.6,35.7,35.7,36.4,36.3,36.9,36.1
ED-0010,81,01:21,35.3,35.6,36.0,35.6,35.1,35.5,36.2,35.5,35.3,36.4,35.9,34.7
ED-0010,82,01:22,35.8,36.1,35.7,35.7,35.8,34.6,36.1,35.5,35.8,35.6,35.8,36.5
ED-0010,83,01:23,35.3,36.6,35.1,36.3,35.9,34.8,35.5,35.1,35.5,36.2,35.2,35.0
ED-0010,84,01:24,36.0,36.4,35.8,35.7,35.1,35.6,35.3,35.7,35.2,36.9,35.4,35.6
ED-0010,85,01:25,35.4,35.1,35.8,36.6,35.5,35.0,35.2,35.8,35.2,36.4,36.3,35.6
ED-0010,86,01:26,35.4,35.8,35.7,36.7,35.4,34.7,34.9,34.5,36.1,36.4,36.4,35.9
ED-0010,87,01:27,35.2,35.6,35.8,35.9,35.7,35.3,35.6,35.5,36.0,36.8,36.2,35.7
ED-0010,88,01:28,35.8,34.8,36.3,36.4,36.1,35.2,36.0,35.0,35.7,36.3,35.9,35.8
ED-0010,89,01:29,36.1,35.8,36.3,35.1,34.9,35.6,35.0,35.8,35.8,35.6,34.9,35.3
ED-0010,90,01:30,36.3,36.0,35.9,36.2,35.8,35.0,36.3,34.7,36.3,35.9,36.2,34.5
ED-0010,91,01:31,35.1,36.1,35.7,36.1,34.9,35.7,34.8,35.3,35.9,36.6,36.2,35.5
ED-0010,92,01:32,35.6,35.3,35.8,37.1,36.3,35.8,35.7,35.3,37.0,36.5,35.7,35.3
ED-0010,93,01:33,36.4,36.2,36.0,36.4,35.2,35.1,36.2,37.0,36.5,35.7,35.1,36.1
ED-0010,94,01:34,35.5,35.5,35.7,36.6,35.0,35.6,35.2,36.0,34.4,36.4,35.7,36.4
ED-0010,95,01:35,36.4,35.6,35.2,36.2,35.6,35.3,36.0,35.9,36.9,36.0,36.2,36.1
ED-0010,96,01:36,35.4,35.8,35.7,36.2,34.9,35.4,35.5,35.6,36.7,36.5,35.9,36.2
ED-0010,97,01:37,35.6,35.8,36.2,36.5,35.5,34.6,34.4,35.1,35.3,36.0,35.9,36.0
ED-0010,98,01:38,35.9,35.3,36.3,36.4,35.6,36.6,35.5,35.6,36.6,36.0,35.8,35.6
ED-0010,99,01:39,35.6,35.5,36.2,37.1,35.0,35.3,35.7,35.2,37.1,35.6,36.0,35.3
ED-0010,100,01:40,35.9,35.6,36.3,37.2,36.0,35.4,36.4,35.6,36.4,36.6,36.0,35.4
ED-0010,101,01:41,35.7,35.7,36.5,36.1,36.1,35.6,36.1,35.5,35.7,37.1,36.0,35.1
ED-0010,102,01:42,35.2,36.5,36.9,36.7,35.8,36.2,35.7,35.1,36.3,36.1,36.3,35.4
ED-0010,103,01:43,35.6,35.6,36.4,35.8,35.3,36.2,35.1,35.4,36.4,36.8,35.9,36.1
ED-0010,104,01:44,35.2,36.2,36.6,37.0,36.0,35.4,34.7,35.2,36.3,35.9,37.0,35.3
ED-0010,105,01:45,36.6,37.5,36.3,35.8,35.6,35.8,35.0,35.7,37.2,35.5,36.2,35.2
ED-0010,106,01:46,35.8,36.7,36.5,36.0,36.2,35.7,35.5,35.5,37.6,36.3,36.1,35.8
ED-0010,107,01:47,35.8,36.9,37.0,36.5,35.6,35.6,35.9,35.2,36.3,36.9,35.7,35.9
ED-0010,108,01:48,35.2,36.1,35.9,37.1,35.3,35.9,35.6,36.0,36.7,36.8,36.2,35.3
ED-0010,109,01:49,36.7,36.0,36.6,36.3,35.3,35.6,34.8,35.4,36.5,36.8,35.9,36.5
ED-0010,110,01:50,35.7,35.6,37.0,36.8,36.2,35.7,36.0,35.4,36.9,36.2,35.7,35.6
ED-0010,111,01:51,36.9,36.6,37.5,36.6,35.9,35.8,36.3,36.0,36.6,36.6,36.5,36.0
ED-0010,112,01:52,36.5,36.0,36.7,36.3,35.7,36.0,36.3,36.5,36.5,36.6,36.8,36.1
ED-0010,113,01:53,36.5,36.4,36.7,37.6,36.2,35.7,35.9,36.0,37.2,37.2,36.3,36.1
ED-0010,114,01:54,35.9,37.6,36.6,37.3,35.3,35.3,35.2,34.8,35.9,36.9,36.5,36.0
ED-0010,115,01:55,36.1,36.0,37.4,37.4,35.1,35.8,35.6,36.3,36.7,37.2,37.0,35.5
ED-0010,116,01:56,34.7,35.3,37.5,36.8,36.4,36.3,35.0,35.6,37.3,37.4,37.0,35.6
ED-0010,117,01:57,36.9,36.4,37.4,36.9,36.5,35.4,36.8,35.8,37.2,37.3,36.1,36.3
ED-0010,118,01:58,36.2,36.3,37.7,37.2,35.8,35.4,35.6,36.5,37.3,37.3,36.9,35.4
ED-0010,119,01:59,36.7,36.7,37.3,38.0,36.5,36.1,35.0,36.5,36.3,37.2,36.8,37.2
ED-0010,120,02:00,36.0,37.2,37.0,36.8,36.3,36.4,35.2,36.5,37.8,37.5,36.7,36.8
ED-0010,121,02:01,36.2,36.5,37.2,37.2,36.0,35.0,35.0,36.6,36.5,36.9,36.6,36.9
ED-0010,122,02:02,36.7,37.2,36.9,37.5,34.6,35.8,36.4,35.1,36.9,37.1,35.5,36.7
ED-0010,123,02:03,35.8,37.3,37.2,38.1,36.5,35.5,36.3,36.2,38.2,37.4,37.0,37.4
ED-0010,124,02:04,36.4,37.9,37.5,37.6,36.5,36.8,35.8,35.5,37.5,37.7,37.3,36.3
ED-0010,125,02:05,35.9,36.9,37.5,36.8,36.4,35.4,35.2,36.8,37.0,38.2,36.4,36.9
ED-0010,126,02:06,36.8,37.5,37.8,37.9,35.4,36.3,37.4,35.6,37.1,38.1,37.3,37.0
ED-0010,127,02:07,35.8,37.4,37.6,36.8,37.2,35.5,36.1,35.9,36.8,37.2,37.0,36.1
ED-0010,128,02:08,36.5,37.0,37.5,37.4,36.1,34.8,36.8,35.9,37.1,37.5,37.0,35.6
ED-0010,129,02:09,36.1,36.7,37.6,37.3,36.4,36.5,36.0,36.0,37.4,37.9,36.9,36.0
ED-0010,130,02:10,36.8,37.4,37.3,38.1,35.6,35.7,36.5,36.1,37.7,37.8,37.5,36.2
ED-0010,131,02:11,37.0,37.1,37.8,37.8,36.1,35.7,36.0,37.4,37.6,38.5,36.9,36.3
ED-0010,132,02:12,37.0,37.8,37.8,37.5,36.3,36.2,35.7,36.5,37.4,37.8,37.7,37.1
ED-0010,133,02:13,36.6,37.2,38.4,37.1,36.5,36.4,36.1,36.3,38.1,38.2,37.2,35.8
ED-0010,134,02:14,36.9,38.0,38.3,38.3,36.6,35.7,35.8,35.9,37.8,38.2,37.3,35.5
ED-0010,135,02:15,36.6,37.4,37.6,39.1,35.6,36.3,36.4,36.5,38.0,38.3,37.1,35.5
ED-0010,136,02:16,38.0,37.7,38.9,38.0,37.2,36.3,37.3,36.9,37.5,38.1,37.5,37.2
ED-0010,137,02:17,37.0,37.6,38.4,38.4,36.9,36.2,36.2,36.2,38.0,38.3,38.2,35.9
ED-0010,138,02:18,36.9,38.2,38.7,37.8,36.2,36.8,36.1,35.7,38.2,38.7,38.1,38.0
ED-0010,139,02:19,37.0,37.5,37.5,37.1,36.9,37.3,36.0,36.2,38.5,39.4,38.0,37.1
ED-0010,140,02:20,37.2,38.3,38.8,37.5,36.6,36.6,36.5,37.0,38.2,38.3,37.6,37.9
ED-0010,141,02:21,37.7,38.9,38.6,38.1,36.6,35.9,36.6,37.1,37.7,38.3,38.5,37.1
ED-0010,142,02:22,37.2,39.4,39.9,38.1,37.9,36.0,36.7,35.8,37.9,39.0,37.7,36.8
ED-0010,143,02:23,36.9,37.4,38.9,38.9,36.9,36.6,36.1,35.5,37.9,39.1,38.6,37.3
ED-0010,144,02:24,37.2,38.5,38.4,38.7,36.2,35.9,36.7,37.2,38.8,38.6,38.2,36.0
ED-0010,145,02:25,36.9,38.0,38.9,38.0,36.6,37.0,36.8,37.3,39.1,39.1,38.0,36.8
ED-0010,146,02:26,37.8,38.5,38.9,39.6,37.1,36.7,37.3,36.7,38.8,39.4,39.4,37.8
ED-0010,147,02:27,36.7,38.1,39.6,38.8,36.5,35.8,36.2,37.6,39.1,39.3,38.8,37.7
ED-0010,148,02:28,37.4,37.8,39.8,40.2,36.9,37.9,35.8,37.2,38.7,39.5,39.3,37.7
ED-0010,149,02:29,37.1,38.1,39.7,38.8,37.6,36.9,36.1,36.6,39.1,38.9,38.3,37.7
ED-0010,150,02:30,38.4,39.2,39.5,40.3,36.6,37.2,37.0,37.1,38.8,40.1,39.1,37.6
ED-0010,151,02:31,37.3,38.6,39.3,39.8,37.6,37.4,36.6,37.6,38.9,40.3,38.4,37.8
ED-0010,152,02:32,38.5,39.2,39.0,38.8,37.0,36.5,37.2,36.9,39.0,40.2,38.5,38.1
ED-0010,153,02:33,37.8,39.7,40.3,39.4,37.4,37.5,37.2,37.7,38.3,39.5,39.3,36.8
ED-0010,154,02:34,37.5,39.5,40.3,40.1,37.0,36.2,37.2,37.2,39.2,39.8,38.8,38.5
ED-0010,155,02:35,37.6,38.7,40.7,40.4,37.8,37.3,36.7,37.4,39.4,40.0,40.1,37.4
ED-0010,156,02:36,37.2,38.6,40.5,40.4,37.2,36.6,37.3,37.4,39.5,40.2,39.3,38.1
ED-0010,157,02:37,38.6,39.8,39.9,40.8,36.7,36.8,36.7,38.3,39.3,39.9,39.7,38.9
ED-0010,158,02:38,38.0,39.2,40.5,40.2,37.4,36.7,37.4,37.4,40.3,40.4,39.3,38.5
ED-0010,159,02:39,38.4,40.4,40.1,40.2,37.3,37.6,37.0,37.9,40.4,40.0,39.8,38.3
ED-0010,160,02:40,38.0,39.1,39.7,39.8,37.2,38.0,38.2,38.3,39.9,41.1,39.7,38.0
ED-0010,161,02:41,38.5,39.4,40.6,41.5,38.3,37.7,37.2,37.8,39.4,40.4,40.3,37.7
ED-0010,162,02:42,38.1,39.8,41.1,41.3,37.8,37.1,37.3,38.6,41.4,41.0,40.1,38.1
ED-0010,163,02:43,39.3,40.4,41.3,41.0,37.8,37.8,37.4,37.7,41.2,40.6,39.2,37.9
ED-0010,164,02:44,38.9,39.4,41.0,41.0,38.1,37.6,37.8,38.3,40.6,41.1,39.5,38.8
ED-0010,165,02:45,38.8,40.0,40.6,41.8,38.1,38.3,38.0,38.8,40.3,40.6,40.5,38.7
ED-0010,166,02:46,38.8,40.3,41.4,41.9,38.7,37.6,37.5,38.0,40.6,41.7,39.5,38.6
ED-0010,167,02:47,39.0,40.6,41.9,41.5,38.7,38.0,36.5,38.3,40.9,40.0,42.1,38.6
ED-0010,168,02:48,39.2,40.9,42.4,40.8,38.4,37.2,36.6,38.1,40.9,41.9,40.0,38.5
ED-0010,169,02:49,38.4,41.4,41.3,41.4,38.3,38.0,37.7,38.0,41.9,42.4,40.1,39.0
ED-0010,170,02:50,39.2,41.4,42.3,42.7,38.5,38.3,37.9,38.8,41.6,42.0,40.9,38.1
ED-0010,171,02:51,38.6,40.6,41.2,42.4,38.6,38.4,37.4,38.6,40.9,41.9,40.7,38.6
ED-0010,172,02:52,40.3,40.2,42.7,43.2,38.2,38.1,37.2,37.9,41.1,42.3,41.1,38.8
ED-0010,173,02:53,39.2,42.3,43.7,44.1,38.3,38.0,38.3,39.0,42.3,43.0,41.7,40.0
ED-0010,174,02:54,40.1,41.2,42.3,42.1,38.3,38.3,37.0,39.2,42.0,42.9,41.8,39.7
ED-0010,175,02:55,39.6,41.6,44.0,42.6,38.7,37.5,38.2,39.4,41.7,42.9,40.9,39.6
ED-0010,176,02:56,39.9,42.5,43.5,43.5,39.0,37.7,38.8,38.4,42.2,42.7,42.0,39.8
ED-0010,177,02:57,40.0,42.8,42.3,42.7,38.7,38.7,38.7,38.9,42.7,43.4,41.6,39.7
ED-0010,178,02:58,40.4,41.7,44.2,42.9,38.0,38.3,37.9,39.7,42.0,43.7,41.9,40.3
ED-0010,179,02:59,40.7,42.5,43.3,43.3,39.2,38.6,38.7,39.1,42.7,44.0,42.2,40.2
ED-0010,180,03:00,40.4,41.5,44.6,43.8,39.5,37.8,38.6,40.5,43.2,44.2,43.7,39.8
ED-0010,181,03:01,40.4,43.1,43.9,44.3,39.4,38.5,38.7,39.7,43.1,43.9,42.8,41.2
ED-0010,182,03:02,41.2,42.5,44.4,44.3,39.1,39.4,38.4,40.1,43.6,44.9,41.8,40.4
ED-0010,183,03:03,39.6,43.4,44.6,44.3,38.2,38.8,38.6,40.5,43.1,44.4,43.3,39.8
ED-0010,184,03:04,40.8,42.7,44.3,45.6,40.2,39.4,38.9,40.1,43.4,44.9,42.8,40.1
ED-0010,185,03:05,41.0,42.2,45.0,44.6,39.2,38.3,39.9,39.7,43.0,45.3,42.7,40.9
ED-0010,186,03:06,41.1,43.6,44.6,44.6,40.0,39.1,39.3,40.0,43.7,45.6,44.5,40.1
ED-0010,187,03:07,41.6,44.5,45.4,45.8,40.0,39.1,38.7,40.9,44.2,46.0,43.5,40.6
ED-0010,188,03:08,41.9,43.8,45.3,46.3,39.8,40.3,39.8,39.6,45.8,46.6,43.6,40.9
ED-0010,189,03:09,41.8,44.2,45.9,45.7,40.3,39.0,38.8,40.2,45.7,46.5,43.6,41.6
ED-0010,190,03:10,41.6,44.0,45.7,45.9,39.8,39.2,39.9,39.5,45.6,45.7,44.7,40.8
ED-0010,191,03:11,40.3,45.0,45.6,46.3,41.1,38.7,39.5,41.0,45.0,46.0,44.3,41.6
ED-0010,192,03:12,43.0,45.3,46.4,46.5,40.2,40.6,38.3,41.5,46.0,46.0,45.5,42.4
ED-0010,193,03:13,42.8,44.6,46.6,47.6,39.8,40.0,40.0,41.1,44.9,46.8,45.0,41.0
ED-0010,194,03:14,42.4,45.4,47.3,47.7,40.7,40.4,40.1,41.2,45.8,47.2,45.2,42.2
ED-0010,195,03:15,42.5,44.5,47.0,47.1,41.0,39.9,39.3,41.6,46.5,47.7,45.5,42.1
ED-0010,196,03:16,42.7,45.9,47.7,48.2,41.2,41.2,40.2,41.1,46.2,47.9,45.3,41.6
ED-0010,197,03:17,43.1,46.8,47.2,47.8,41.1,40.6,40.0,41.4,47.2,47.7,45.5,42.1
ED-0010,198,03:18,43.0,45.8,48.4,48.2,41.4,40.6,40.9,41.8,46.5,48.5,44.8,42.5
ED-0010,199,03:19,42.8,46.4,48.7,47.8,42.5,39.8,41.3,42.2,46.9,48.8,46.1,42.6
ED-0010,200,03:20,43.9,46.5,49.2,48.3,40.8,41.8,40.2,42.1,47.6,48.7,46.0,42.8
ED-0010,201,03:21,44.4,47.6,48.2,48.8,42.1,41.0,40.6,42.9,46.8,48.7,47.5,43.1
ED-0010,202,03:22,43.9,47.1,48.8,49.3,42.8,40.6,41.5,42.6,48.2,50.6,47.4,44.1
ED-0010,203,03:23,43.7,47.0,48.9,50.3,42.9,41.1,41.2,42.9,48.7,50.4,47.0,43.0
ED-0010,204,03:24,44.9,47.8,50.2,51.3,43.1,41.7,41.3,43.1,48.4,50.2,47.3,43.8
ED-0010,205,03:25,44.3,47.2,49.7,49.4,42.6,41.5,41.6,43.5,48.6,49.7,47.8,43.8
ED-0010,206,03:26,45.7,48.9,50.8,50.0,43.0,42.7,42.8,43.5,49.2,50.0,48.0,44.6
ED-0010,207,03:27,44.8,47.8,49.9,51.7,43.2,42.2,42.1,43.2,49.5,51.0,48.3,44.1
ED-0010,208,03:28,45.3,48.4,51.0,50.8,42.3,41.9,42.5,43.8,50.7,51.6,48.9,44.4
ED-0010,209,03:29,45.3,49.6,51.6,51.2,43.3,43.4,42.7,43.8,50.2,50.7,48.2,44.8
ED-0010,210,03:30,45.1,49.1,51.0,52.1,43.1,42.5,42.4,44.5,50.2,51.7,50.4,45.2
ED-0010,211,03:31,45.9,50.6,52.0,52.6,43.3,42.7,41.2,43.8,50.6,52.8,49.5,45.9
ED-0010,212,03:32,46.0,49.7,52.3,51.9,44.5,42.9,43.0,44.6,51.2,52.2,49.4,45.3
ED-0010,213,03:33,45.7,49.3,52.7,53.9,44.3,42.7,42.8,45.0,51.3,53.0,50.1,44.7
ED-0010,214,03:34,46.0,50.9,53.0,52.7,43.7,42.4,43.6,44.7,51.1,52.7,50.8,46.1
ED-0010,215,03:35,46.9,50.9,53.7,53.7,44.8,43.4,44.2,45.8,52.4,53.9,50.2,47.0
ED-0010,216,03:36,47.1,51.4,53.4,54.8,44.8,44.0,43.2,45.8,51.5,53.8,52.2,46.4
ED-0010,217,03:37,47.4,51.1,53.8,54.2,45.1,43.7,43.1,45.6,52.5,53.4,51.5,47.9
ED-0010,218,03:38,47.9,52.3,53.9,55.0,45.5,43.2,44.2,46.2,52.9,54.3,51.8,46.6
ED-0010,219,03:39,47.5,51.8,54.6,54.6,45.9,44.2,44.4,46.5,52.9,54.5,51.7,47.5
ED-0010,220,03:40,46.5,51.2,54.3,55.0,45.2,43.8,43.9,46.8,53.8,55.3,51.8,47.3
ED-0010,221,03:41,48.2,52.6,56.9,55.4,45.2,43.6,45.0,46.4,54.1,55.8,52.9,47.6
ED-0010,222,03:42,47.3,52.2,56.0,55.9,45.7,44.9,44.5,46.1,54.2,56.4,52.9,48.4
ED-0010,223,03:43,48.9,54.0,56.7,56.4,46.0,44.7,44.5,48.4,55.1,57.3,53.5,48.6
ED-0010,224,03:44,49.0,53.4,55.9,55.9,46.7,43.9,44.6,46.6,53.8,55.8,53.6,48.9
ED-0010,225,03:45,49.8,54.9,56.4,57.0,46.6,44.9,45.2,47.4,55.2,57.0,53.1,48.8
ED-0010,226,03:46,50.3,53.9,57.5,58.4,47.8,45.5,45.3,48.7,55.5,57.8,53.9,48.9
ED-0010,227,03:47,48.9,54.4,57.5,57.9,47.9,45.3,45.7,48.4,56.2,57.4,54.9,49.5
ED-0010,228,03:48,51.0,55.3,58.9,59.4,47.9,46.9,45.7,47.9,56.6,58.1,55.9,49.9
ED-0010,229,03:49,51.0,55.6,58.9,59.0,46.9,46.5,46.0,48.5,56.6,59.1,55.0,50.3
ED-0010,230,03:50,49.9,55.8,59.0,59.3,48.7,46.7,46.6,49.0,57.4,59.1,55.1,49.7
ED-0010,231,03:51,51.4,56.2,59.3,60.2,48.8,46.7,46.7,49.6,57.5,60.1,56.6,50.6
ED-0010,232,03:52,51.3,57.6,60.1,61.3,49.0,46.3,46.6,49.7,57.9,61.3,57.0,51.5
ED-0010,233,03:53,52.0,56.8,59.9,60.8,49.8,46.6,46.5,49.9,58.9,60.5,57.1,51.3
ED-0010,234,03:54,52.0,58.0,60.1,61.3,48.8,47.2,47.5,50.6,59.0,60.3,57.8,51.6
ED-0010,235,03:55,51.9,58.3,61.5,61.8,49.9,47.8,47.0,49.6,59.1,61.9,57.8,51.6
ED-0010,236,03:56,53.2,58.5,62.8,61.7,49.8,47.6,46.6,50.5,59.2,61.3,58.6,52.6
ED-0010,237,03:57,53.4,58.3,61.8,62.9,49.8,47.7,48.1,51.6,60.0,62.2,59.4,51.8
ED-0010,238,03:58,54.6,58.7,62.4,62.9,50.5,48.4,48.7,50.3,61.0,62.3,58.6,52.7
ED-0010,239,03:59,54.3,60.1,63.8,63.2,51.0,48.9,48.2,52.1,61.3,62.9,59.8,53.7
ED-0010,240,04:00,54.9,59.9,63.5,63.7,51.3,48.9,49.5,51.9,61.1,64.0,59.8,53.5
ED-0010,241,04:01,53.9,60.1,64.4,65.4,51.7,49.3,49.2,53.0,61.2,64.2,59.8,54.7
ED-0010,242,04:02,54.9,60.8,65.5,65.4,50.8,49.3,48.8,52.3,62.4,64.9,62.1,54.1
ED-0010,243,04:03,55.4,61.5,65.3,65.8,52.6,49.9,49.9,53.7,62.7,64.6,61.5,54.5
ED-0010,244,04:04,54.7,61.9,66.0,66.2,51.5,50.7,49.1,53.2,63.9,65.8,60.5,54.9
ED-0010,245,04:05,55.8,62.7,65.8,67.7,52.1,51.0,50.6,54.4,64.5,64.9,61.9,55.5
ED-0010,246,04:06,56.1,62.3,66.6,67.2,52.5,51.3,49.6,54.0,64.6,67.2,63.2,55.5
ED-0010,247,04:07,57.7,62.0,67.3,67.3,53.5,51.1,51.0,55.3,64.5,66.9,63.4,56.1
ED-0010,248,04:08,57.6,63.5,67.1,68.6,53.8,51.6,50.7,54.7,65.6,67.6,64.4,56.6
ED-0010,249,04:09,57.0,64.2,68.0,69.0,54.1,52.1,51.6,55.7,66.6,67.9,62.8,57.3
ED-0010,250,04:10,58.2,64.0,68.4,69.2,54.7,52.1,51.9,56.5,65.5,68.4,65.2,57.1
ED-0010,251,04:11,58.0,65.6,68.8,69.6,54.6,52.9,53.3,55.9,67.2,69.2,64.5,57.4
ED-0010,252,04:12,59.6,65.8,69.1,71.1,55.2,53.7,52.8,56.5,67.0,69.3,65.3,58.8
ED-0010,253,04:13,58.0,64.7,70.3,69.7,55.3,54.1,53.5,57.5,67.0,69.6,65.8,58.3
ED-0010,254,04:14,59.8,65.7,70.8,71.4,55.4,53.4,53.3,57.5,67.8,70.3,66.4,58.5
ED-0010,255,04:15,59.5,65.9,71.0,71.5,56.8,54.4,52.7,57.2,69.0,70.4,67.1,59.2
ED-0010,256,04:16,60.3,66.9,71.6,71.6,57.3,55.2,54.6,59.2,69.9,71.3,66.8,59.9
ED-0010,257,04:17,60.9,67.7,72.3,73.1,57.9,55.3,55.0,58.7,69.8,71.2,66.7,60.1
ED-0010,258,04:18,61.3,68.3,72.0,73.4,58.1,54.6,53.9,58.6,70.9,71.6,68.3,61.4
ED-0010,259,04:19,61.5,67.7,72.7,73.6,57.8,56.1,55.3,59.2,71.1,72.8,68.9,60.8
ED-0010,260,04:20,62.7,70.0,73.8,74.5,58.3,56.3,56.0,60.1,71.3,72.7,69.4,61.7
ED-0010,261,04:21,62.7,69.5,74.1,75.2,59.3,56.7,54.9,60.4,71.3,73.0,69.9,62.7
ED-0010,262,04:22,63.5,69.5,74.2,75.6,59.6,56.4,55.7,62.0,72.4,73.4,69.8,63.6
ED-0010,263,04:23,63.3,71.0,75.6,76.3,59.6,56.8,56.3,60.6,72.0,74.2,70.9,62.3
ED-0010,264,04:24,64.2,71.5,75.2,76.8,60.2,57.4,56.5,62.2,73.3,75.2,71.0,64.1
ED-0010,265,04:25,65.2,71.0,75.6,76.8,60.4,58.2,57.4,62.0,74.1,76.3,72.5,63.8
ED-0010,266,04:26,64.9,71.2,76.1,78.0,60.2,59.1,58.0,62.9,75.0,75.7,73.4,65.1
ED-0010,267,04:27,67.0,72.6,76.0,78.3,61.0,59.5,57.7,63.7,74.0,76.5,73.2,64.6
ED-0010,268,04:28,65.6,72.5,77.2,79.1,62.0,60.0,58.7,63.8,75.6,76.4,74.0,64.8
ED-0010,269,04:29,66.7,74.0,78.5,79.3,63.0,60.2,58.8,64.7,76.5,77.1,74.7,66.2
ED-0010,270,04:30,67.0,73.3,78.0,79.6,63.7,61.2,59.3,64.8,76.3,76.9,74.1,66.1
ED-0010,271,04:31,67.6,74.0,78.6,79.7,64.4,61.0,59.6,65.6,77.0,77.4,75.5,67.0
ED-0010,272,04:32,68.0,75.4,79.6,81.8,64.4,61.6,59.4,65.6,76.7,77.4,75.8,67.9
ED-0010,273,04:33,67.8,75.7,80.0,80.8,64.5,61.2,60.8,66.1,78.0,79.2,76.4,68.4
ED-0010,274,04:34,69.0,76.4,80.5,82.0,64.1,61.8,61.6,66.5,78.5,79.0,76.3,67.8
ED-0010,275,04:35,68.7,76.0,81.3,82.1,65.5,62.6,61.2,67.3,79.9,80.5,76.7,69.1
ED-0010,276,04:36,68.9,75.7,81.4,83.4,66.6,63.4,62.4,66.8,79.5,81.3,78.3,69.1
ED-0010,277,04:37,70.0,77.6,81.6,83.2,66.3,63.7,62.3,68.7,79.7,80.7,78.2,70.0
ED-0010,278,04:38,70.5,77.5,81.6,84.9,67.5,63.8,62.8,69.5,79.9,81.6,78.4,70.6
ED-0010,279,04:39,71.8,79.0,83.3,85.4,67.8,64.6,62.9,70.1,80.5,82.3,78.5,71.3
ED-0010,280,04:40,71.6,78.8,82.9,84.9,68.2,64.4,63.7,70.1,81.5,82.1,79.7,72.2
ED-0010,281,04:41,72.3,77.9,83.5,85.7,69.2,66.4,64.8,70.5,82.2,82.7,80.1,71.1
ED-0010,282,04:42,73.1,79.1,84.5,86.3,70.0,66.7,64.5,70.5,82.4,83.0,79.9,73.1
ED-0010,283,04:43,74.0,79.7,84.7,86.7,69.1,66.2,65.3,70.8,82.7,84.2,82.3,73.3
ED-0010,284,04:44,73.7,79.6,84.6,87.4,70.2,66.6,65.6,71.8,82.8,84.3,80.9,73.2
ED-0010,285,04:45,73.9,79.8,85.3,87.2,70.6,68.2,66.8,73.0,84.0,83.5,82.0,73.3
ED-0010,286,04:46,75.4,81.7,85.9,88.7,71.1,68.5,66.9,73.2,85.2,84.7,82.5,72.9
ED-0010,287,04:47,74.8,81.5,85.9,88.7,71.8,69.6,66.8,72.3,84.4,85.3,83.5,75.6
ED-0010,288,04:48,75.7,82.6,87.4,88.9,71.9,68.9,67.7,73.9,85.5,85.9,82.9,75.5
ED-0010,289,04:49,76.1,82.0,87.0,89.0,72.4,69.2,68.1,74.3,85.7,85.9,83.8,75.4
ED-0010,290,04:50,76.7,83.0,87.3,89.4,73.2,69.8,69.0,75.3,86.5,86.8,84.4,75.2
ED-0010,291,04:51,76.9,83.5,87.4,90.2,73.9,70.5,69.3,74.7,88.2,87.0,84.6,76.4
ED-0010,292,04:52,77.3,83.6,88.8,90.2,74.6,71.9,69.7,76.6,87.8,86.8,85.3,76.2
ED-0010,293,04:53,78.0,84.5,89.3,92.0,74.9,71.6,70.2,77.9,88.1,87.2,86.4,77.8
ED-0010,294,04:54,78.7,84.3,89.4,92.3,76.1,72.6,70.6,77.4,89.1,87.9,86.3,77.7
ED-0010,295,04:55,79.5,85.7,90.3,92.0,76.0,72.8,71.6,78.2,88.1,87.9,86.8,79.9
ED-0010,296,04:56,79.4,85.6,90.9,92.4,77.0,74.8,71.1,78.4,89.5,89.0,87.7,79.2
ED-0010,297,04:57,79.8,86.6,91.1,93.3,76.5,74.0,72.1,79.5,89.9,89.2,87.8,79.3
ED-0010,298,04:58,80.0,86.7,91.1,93.3,77.5,73.7,72.8,79.8,89.7,89.0,88.1,79.5
ED-0010,299,04:59,81.4,87.5,91.5,93.9,77.7,75.3,73.8,80.5,91.1,89.5,88.7,80.4
ED-0010,300,05:00,80.3,88.3,91.8,94.8,78.5,75.6,74.1,80.8,90.8,90.8,88.6,81.3
ED-0010,301,05:01,81.9,87.8,92.6,95.2,79.1,76.2,73.7,81.0,91.1,90.6,89.8,82.3
ED-0010,302,05:02,82.5,88.8,92.0,95.5,80.0,76.1,73.7,81.6,90.6,91.0,89.3,82.8
ED-0010,303,05:03,83.4,88.3,92.9,96.0,79.6,76.9,75.2,82.5,91.8,90.2,90.2,82.5
ED-0010,304,05:04,82.8,87.4,94.1,96.6,80.3,78.2,75.7,83.0,93.8,92.6,91.4,83.4
ED-0010,305,05:05,83.6,89.6,93.7,97.5,81.5,77.4,75.3,83.0,92.9,92.6,90.5,83.4
ED-0010,306,05:06,84.2,90.2,93.9,96.5,81.0,78.1,76.4,84.1,92.4,92.1,92.0,84.0
ED-0010,307,05:07,84.3,90.5,93.7,98.6,82.3,79.6,77.6,85.3,92.7,92.9,92.8,84.8
ED-0010,308,05:08,85.6,90.4,95.6,96.7,82.5,80.2,77.9,85.0,93.8,94.2,92.2,86.2
ED-0010,309,05:09,85.3,90.6,96.3,99.6,83.7,80.4,79.1,85.8,94.3,93.4,93.0,85.8
ED-0010,310,05:10,86.1,91.6,95.7,98.5,83.9,80.6,78.7,86.2,94.6,93.9,93.2,86.2
ED-0010,311,05:11,86.5,92.1,96.3,99.3,85.0,81.6,79.3,86.8,95.7,94.4,93.8,85.6
ED-0010,312,05:12,86.6,91.7,96.2,99.6,84.4,82.0,79.6,87.5,96.4,95.1,93.6,87.3
ED-0010,313,05:13,87.2,93.1,97.0,100.2,85.9,82.9,79.7,87.5,96.5,95.1,94.5,87.6
ED-0010,314,05:14,87.6,92.9,97.2,99.8,85.9,82.6,80.7,88.7,96.1,94.6,95.3,87.6
ED-0010,315,05:15,87.6,92.7,97.9,101.2,86.6,83.4,80.2,88.6,96.7,95.3,94.9,87.8
ED-0010,316,05:16,88.4,93.0,97.7,101.2,87.4,83.4,81.2,88.8,97.6,96.7,95.5,88.3
ED-0010,317,05:17,89.3,94.1,98.0,102.2,87.2,85.5,80.5,89.5,97.2,96.3,96.6,89.5
ED-0010,318,05:18,89.1,94.2,98.0,101.9,88.1,84.9,82.3,90.1,98.2,95.8,96.8,91.2
ED-0010,319,05:19,89.5,94.9,99.2,100.8,89.1,85.2,83.0,90.5,97.4,96.3,97.5,90.6
ED-0010,320,05:20,90.1,95.4,99.1,102.5,89.8,86.5,82.3,91.5,99.0,97.0,96.7,89.9
ED-0010,321,05:21,89.9,95.4,99.6,102.8,89.7,86.4,84.3,92.0,99.7,97.1,97.3,90.4
ED-0010,322,05:22,91.9,96.3,99.6,103.4,90.4,86.9,83.9,92.0,99.6,97.1,97.9,91.7
ED-0010,323,05:23,91.5,95.7,99.8,104.2,90.3,87.2,84.2,92.2,99.2,98.1,98.6,91.9
ED-0010,324,05:24,92.4,95.7,100.5,104.3,90.8,89.0,85.0,93.5,100.2,99.1,98.9,92.2
ED-0010,325,05:25,91.9,96.5,100.6,103.8,91.7,88.4,85.9,93.2,99.9,98.0,98.9,91.9
ED-0010,326,05:26,92.3,96.5,101.1,103.7,91.8,89.4,85.9,93.7,100.4,97.6,99.3,93.0
ED-0010,327,05:27,93.4,97.7,101.4,104.5,92.4,89.7,86.9,94.4,100.8,98.7,99.3,92.8
ED-0010,328,05:28,94.2,98.1,101.9,105.3,92.8,89.7,86.4,95.3,101.6,99.9,100.6,93.4
ED-0010,329,05:29,94.1,98.0,102.7,105.1,93.4,90.5,87.9,95.2,102.7,99.8,99.7,95.4
ED-0010,330,05:30,94.8,96.7,101.2,105.5,94.5,91.6,88.1,96.0,101.4,99.3,100.3,95.4
ED-0010,331,05:31,95.2,98.6,101.3,105.4,94.4,91.6,88.6,96.3,101.8,99.3,100.1,95.4
ED-0010,332,05:32,95.0,98.4,102.3,106.1,95.7,92.6,87.7,97.9,103.0,100.9,100.3,95.4
ED-0010,333,05:33,95.2,98.8,103.5,106.4,95.7,93.4,88.9,97.3,103.2,99.2,101.1,96.1
ED-0010,334,05:34,95.5,98.9,102.7,106.1,96.3,92.5,88.7,97.9,102.6,100.8,102.7,96.3
ED-0010,335,05:35,95.4,100.2,102.9,107.1,96.2,93.3,89.6,98.0,103.7,99.5,102.0,96.7
ED-0010,336,05:36,95.7,99.3,102.2,107.2,96.9,94.8,90.7,98.7,103.5,100.1,102.4,97.1
ED-0010,337,05:37,97.0,99.2,103.5,107.9,97.9,94.7,91.3,99.2,104.0,101.3,102.8,97.2
ED-0010,338,05:38,97.6,99.4,104.0,108.2,96.6,94.8,91.0,99.8,103.9,101.7,102.4,97.9
ED-0010,339,05:39,97.3,100.8,104.2,107.8,98.7,95.5,91.2,99.2,104.4,101.8,103.1,97.7
ED-0010,340,05:40,96.7,100.6,104.8,108.6,98.1,95.9,92.1,99.7,105.1,101.8,103.1,98.5
ED-0010,341,05:41,97.8,101.0,104.8,108.1,97.7,94.9,92.3,101.0,105.4,101.1,103.6,98.5
ED-0010,342,05:42,98.5,100.3,105.4,107.6,99.6,96.1,92.1,101.4,104.8,102.6,104.2,99.2
ED-0010,343,05:43,99.7,102.0,105.1,109.1,99.8,97.3,92.8,101.7,105.3,101.7,104.0,99.2
ED-0010,344,05:44,99.8,100.3,104.4,109.4,99.5,96.7,93.2,101.9,105.6,102.7,104.3,99.9
ED-0010,345,05:45,98.8,101.6,105.5,109.9,101.1,98.2,93.6,101.5,105.8,103.2,105.5,99.5
ED-0010,346,05:46,99.7,101.8,105.5,110.4,100.7,98.9,94.7,102.5,105.9,103.4,106.5,101.0
ED-0010,347,05:47,100.0,102.5,106.0,109.3,101.0,98.2,94.8,103.1,106.2,103.5,105.8,101.2
ED-0010,348,05:48,100.0,102.2,105.9,110.5,101.9,99.1,95.1,103.7,106.6,103.0,105.0,100.1
ED-0010,349,05:49,100.2,101.2,106.8,110.4,102.2,100.0,95.1,104.0,106.9,102.1,105.5,101.2
ED-0010,350,05:50,100.0,102.1,107.1,110.1,102.8,100.1,96.2,104.1,106.7,103.7,106.4,101.5
ED-0010,351,05:51,100.9,103.0,106.1,109.9,102.4,99.6,96.2,104.0,106.5,104.7,105.1,102.2
ED-0010,352,05:52,101.7,103.5,107.0,111.2,102.8,100.8,96.2,104.7,107.8,104.0,106.8,101.5
ED-0010,353,05:53,101.3,102.9,107.3,112.1,103.3,101.8,97.3,105.4,109.1,104.6,106.3,101.2
ED-0010,354,05:54,102.0,102.5,107.1,111.4,103.8,100.9,97.0,106.1,108.3,103.7,106.7,101.9
ED-0010,355,05:55,102.0,103.4,108.1,111.9,104.5,102.0,97.5,105.5,108.3,104.9,107.3,102.6
ED-0010,356,05:56,101.6,103.4,107.7,111.7,104.9,103.0,97.5,106.6,108.1,104.6,107.9,103.6
ED-0010,357,05:57,101.9,103.7,107.4,113.0,104.7,102.2,97.7,105.6,108.7,105.3,107.3,103.0
ED-0010,358,05:58,102.1,104.1,107.7,111.7,105.2,103.9,99.1,106.5,108.8,104.8,106.4,103.4
ED-0010,359,05:59,103.7,104.5,107.7,113.0,104.7,103.3,98.3,106.7,108.9,105.5,107.3,103.9
ED-0010,360,06:00,103.4,104.8,107.7,112.7,105.7,103.8,98.0,107.8,109.3,105.3,107.1,104.7
ED-0010,361,06:01,103.4,104.9,108.4,112.5,105.7,104.5,99.3,107.6,109.8,105.0,108.3,104.4
ED-0010,362,06:02,104.2,104.4,109.3,113.0,107.0,105.1,99.8,107.7,109.5,105.4,108.3,105.3
ED-0010,363,06:03,104.0,104.5,108.4,112.8,105.4,105.3,99.9,107.0,108.6,105.4,108.2,104.3
ED-0010,364,06:04,103.0,105.1,109.3,113.3,107.4,104.9,100.0,108.3,109.5,105.3,108.1,105.4
ED-0010,365,06:05,103.6,105.4,109.7,112.6,106.7,105.7,100.7,109.0,110.6,105.4,110.1,105.4
ED-0010,366,06:06,104.7,104.7,109.2,113.7,108.3,106.0,100.0,108.7,109.7,105.5,109.1,105.5
ED-0010,367,06:07,104.8,106.2,109.0,114.3,108.3,106.7,101.0,108.8,110.4,105.8,108.9,105.7
ED-0010,368,06:08,104.9,106.2,109.4,113.0,107.9,106.9,101.3,109.5,109.2,106.4,108.5,106.6
ED-0010,369,06:09,105.2,105.9,110.2,114.4,107.7,107.2,101.5,109.9,110.2,106.6,109.5,105.8
ED-0010,370,06:10,104.5,105.9,109.5,113.6,108.5,106.9,100.8,109.2,110.2,106.1,109.2,106.8
ED-0010,371,06:11,105.3,105.7,109.7,114.2,108.8,107.5,101.5,110.4,110.6,107.5,109.3,106.2
ED-0010,372,06:12,106.3,106.1,109.8,114.4,109.6,107.9,102.5,110.8,111.4,106.1,110.1,106.7
ED-0010,373,06:13,106.1,106.8,110.2,114.5,109.9,108.4,102.3,111.0,110.6,107.7,110.1,105.5
ED-0010,374,06:14,105.6,106.5,109.1,114.7,109.5,108.4,102.5,111.4,111.3,106.0,110.3,107.6
ED-0010,375,06:15,106.0,105.8,109.9,114.4,109.7,108.3,102.6,111.4,111.2,106.2,109.2,107.7
ED-0010,376,06:16,106.1,106.7,110.0,114.3,110.1,108.4,103.3,112.9,111.8,107.1,111.2,108.8
ED-0010,377,06:17,106.2,107.3,109.9,115.3,110.2,109.9,103.9,112.1,112.3,107.0,109.9,108.0
ED-0010,378,06:18,106.5,107.6,110.2,114.9,110.6,110.0,103.7,112.8,112.2,107.1,110.0,107.0
ED-0010,379,06:19,106.3,106.4,109.9,115.9,111.2,109.2,103.6,111.7,111.6,106.9,111.3,108.2
ED-0010,380,06:20,105.9,107.9,111.5,114.6,111.2,109.5,103.9,112.5,111.7,107.3,110.8,108.2
ED-0010,381,06:21,106.5,107.8,110.7,116.6,110.9,110.3,105.1,113.0,112.4,108.1,110.6,107.9
ED-0010,382,06:22,107.2,108.0,111.5,115.7,112.0,109.7,104.6,113.2,112.3,107.5,111.0,108.3
ED-0010,383,06:23,107.1,107.8,110.0,115.5,112.2,110.8,104.3,113.3,112.5,108.0,111.2,109.4
ED-0010,384,06:24,106.6,108.3,110.7,115.5,112.1,110.6,104.9,113.3,112.1,107.6,111.0,109.4
ED-0010,385,06:25,108.2,107.1,111.2,115.5,112.7,111.9,104.4,113.8,112.3,107.7,111.6,109.9
ED-0010,386,06:26,108.0,107.5,111.0,116.0,112.6,111.6,105.6,113.5,111.6,108.0,112.3,108.9
ED-0010,387,06:27,108.5,107.2,110.7,115.9,112.5,111.6,105.5,113.8,112.5,107.8,111.9,110.4
ED-0010,388,06:28,107.9,108.4,111.1,116.8,113.2,111.7,106.0,113.6,111.7,107.7,111.5,109.1
ED-0010,389,06:29,108.4,108.1,111.0,115.9,113.3,111.8,105.6,112.7,112.2,107.6,111.5,108.3
ED-0010,390,06:30,108.8,107.4,111.6,117.4,113.1,112.1,106.5,113.4,112.7,108.1,111.8,110.4
ED-0010,391,06:31,108.5,109.0,111.2,117.3,113.5,111.7,106.6,114.2,112.5,108.2,111.3,109.5
ED-0010,392,06:32,108.7,108.1,112.1,116.4,113.4,112.4,106.3,114.2,113.4,108.1,111.4,110.3
ED-0010,393,06:33,107.9,108.2,110.6,116.1,113.5,113.0,107.3,114.9,112.7,108.2,112.5,110.6
ED-0010,394,06:34,109.2,106.8,112.6,116.5,113.0,113.0,106.3,115.4,113.3,107.9,112.2,110.3
ED-0010,395,06:35,109.5,107.4,112.2,116.8,113.4,113.4,107.0,115.1,113.5,108.4,113.0,109.4
ED-0010,396,06:36,108.8,108.5,112.2,116.0,113.8,112.6,107.9,115.5,113.4,108.6,112.2,110.1
ED-0010,397,06:37,109.0,108.3,111.9,117.2,114.7,113.6,106.3,115.4,113.1,109.2,113.5,111.0
ED-0010,398,06:38,109.8,108.1,112.2,116.7,114.5,113.4,107.8,114.6,113.6,108.2,112.7,110.6
ED-0010,399,06:39,109.9,108.5,112.4,117.1,114.2,113.9,108.3,116.1,114.0,108.5,112.4,110.8
ED-0010,400,06:40,109.3,108.9,111.4,118.2,115.1,114.0,108.0,116.1,113.8,108.6,112.1,110.3
ED-0010,401,06:41,110.1,109.1,112.4,117.8,114.6,114.7,108.0,115.7,113.2,108.6,112.2,110.1
ED-0010,402,06:42,110.1,109.1,111.7,117.2,114.9,114.7,108.3,116.5,113.4,109.2,113.0,112.1
ED-0010,403,06:43,108.9,109.9,113.2,117.2,116.0,115.0,107.5,116.7,114.0,108.6,112.0,111.8
ED-0010,404,06:44,109.3,110.3,112.6,117.8,114.3,115.0,108.1,117.0,113.6,109.2,114.1,110.5
ED-0010,405,06:45,110.0,109.1,112.4,118.4,116.3,114.3,108.7,116.2,113.4,109.2,113.7,111.0
ED-0010,406,06:46,109.3,108.9,113.0,117.8,115.1,114.3,109.2,117.5,114.2,107.9,113.5,111.3
ED-0010,407,06:47,109.8,109.2,111.5,118.5,116.2,115.5,108.3,117.7,113.2,109.2,113.4,111.7
ED-0010,408,06:48,110.0,110.1,112.3,118.6,115.6,115.0,108.5,116.8,115.0,110.1,112.8,112.0
ED-0010,409,06:49,110.7,108.4,112.8,118.1,116.1,115.0,109.0,116.8,114.3,109.4,113.7,111.6
ED-0010,410,06:50,109.9,109.2,112.6,117.4,117.1,114.6,109.7,117.4,114.0,109.2,113.3,112.6
ED-0010,411,06:51,109.2,110.5,113.1,118.2,116.4,115.7,109.5,117.5,114.0,110.0,113.5,111.7
ED-0010,412,06:52,110.1,110.1,112.6,117.1,116.0,116.5,108.5,116.6,113.8,109.5,114.0,111.9
ED-0010,413,06:53,110.7,109.1,112.7,118.6,116.9,115.7,108.8,118.1,115.9,108.8,113.6,113.3
ED-0010,414,06:54,110.8,109.8,113.2,117.1,116.3,115.6,109.2,117.7,114.3,108.8,113.8,112.4
ED-0010,415,06:55,111.0,109.1,112.6,117.4,116.0,115.9,109.9,118.3,114.8,109.7,113.5,112.1
ED-0010,416,06:56,110.5,109.9,113.0,117.9,116.6,115.6,109.3,118.3,114.8,109.3,113.5,112.7
ED-0010,417,06:57,111.0,109.3,113.5,118.3,116.9,116.7,110.2,118.3,113.9,109.4,113.5,112.5
ED-0010,418,06:58,111.2,109.2,112.3,119.0,116.7,115.5,109.0,118.1,114.4,109.0,114.3,112.9
ED-0010,419,06:59,110.9,109.6,113.7,117.7,116.2,117.7,110.3,118.8,114.3,109.7,113.3,112.8
ED-0010,420,07:00,110.9,109.9,112.7,118.2,117.2,117.2,110.3,117.2,114.6,110.4,113.9,114.5
ED-0010,421,07:01,111.0,110.3,113.2,118.1,117.4,116.9,110.3,119.3,114.8,109.4,114.1,112.9
ED-0010,422,07:02,111.0,110.2,113.3,117.9,116.9,116.4,110.6,118.6,114.0,109.5,114.1,112.8
ED-0010,423,07:03,110.8,109.7,113.7,118.3,116.7,117.4,109.8,118.4,115.6,108.3,114.2,112.4
ED-0010,424,07:04,110.9,110.5,113.3,118.4,117.2,116.3,110.0,118.9,115.5,109.9,114.2,112.7
ED-0010,425,07:05,111.3,110.2,112.9,118.2,118.1,117.5,110.2,118.6,115.3,111.1,114.1,112.8
ED-0010,426,07:06,112.4,109.3,113.5,118.8,118.0,117.0,110.4,118.0,115.1,110.1,114.0,112.8
ED-0010,427,07:07,111.4,109.8,112.8,118.2,117.0,118.1,110.1,118.5,115.2,109.6,114.3,113.3
ED-0010,428,07:08,110.9,110.0,113.1,118.6,117.8,117.4,110.1,119.8,114.7,110.2,114.2,113.6
ED-0010,429,07:09,111.5,110.2,113.2,118.8,117.8,117.3,110.3,119.8,114.3,109.0,115.3,112.4
ED-0010,430,07:10,111.1,110.0,112.1,118.7,118.0,117.8,111.2,118.4,116.2,109.8,113.9,113.6
ED-0010,431,07:11,111.1,109.2,113.7,119.0,118.1,116.8,111.8,119.4,115.4,109.4,114.0,112.8
ED-0010,432,07:12,111.6,110.2,113.8,119.7,118.2,117.9,110.3,119.9,115.5,110.8,114.3,113.2
ED-0010,433,07:13,112.7,110.5,113.0,119.5,117.8,116.7,110.2,119.2,115.2,110.8,114.7,112.8
ED-0010,434,07:14,111.7,111.0,113.3,118.8,118.7,118.1,110.8,118.4,115.6,110.3,114.8,114.5
ED-0010,435,07:15,111.6,110.5,113.4,119.4,118.6,118.7,111.5,119.5,115.5,110.7,114.1,114.0
ED-0010,436,07:16,111.5,110.2,113.5,119.2,119.2,119.2,111.2,119.3,114.8,109.8,114.6,114.2
ED-0010,437,07:17,112.5,110.7,113.7,118.9,118.2,118.1,111.4,118.8,115.9,110.0,114.8,113.6
ED-0010,438,07:18,111.9,110.2,113.3,118.3,118.0,118.2,112.0,119.2,115.3,110.1,114.2,113.2
ED-0010,439,07:19,111.3,111.1,113.7,119.8,118.9,118.2,111.3,119.1,115.5,109.3,114.7,114.1
ED-0010,440,07:20,111.8,111.1,113.4,118.7,119.2,118.6,111.2,118.7,115.7,110.5,114.0,113.4
ED-0010,441,07:21,112.0,110.2,113.5,119.0,118.6,118.9,111.3,118.9,115.0,109.9,114.8,114.1
ED-0010,442,07:22,112.6,110.7,113.5,118.8,119.8,118.1,111.8,119.5,116.8,110.7,113.4,113.8
ED-0010,443,07:23,112.0,111.1,113.8,118.5,119.8,118.3,111.9,120.7,116.1,110.1,114.4,114.7
ED-0010,444,07:24,112.5,110.8,113.9,118.6,118.6,118.1,112.2,119.7,115.2,110.3,114.7,114.4
ED-0010,445,07:25,112.5,111.0,113.1,118.9,118.4,118.4,111.5,119.1,114.8,110.4,114.8,114.1
ED-0010,446,07:26,111.4,110.3,113.6,119.5,119.4,119.0,112.4,119.8,115.7,111.0,114.3,113.9
ED-0010,447,07:27,111.6,110.6,113.8,118.5,119.1,119.8,111.0,119.5,115.5,111.0,114.5,113.6
ED-0010,448,07:28,112.9,110.4,113.4,119.8,119.4,119.2,111.7,119.6,116.0,110.8,114.9,114.1
ED-0010,449,07:29,112.0,110.1,114.2,119.1,119.6,119.1,111.7,120.4,115.2,110.8,114.8,114.6
ED-0010,450,07:30,112.7,110.0,113.1,119.6,118.6,118.6,111.9,120.2,115.1,110.5,115.6,114.8
ED-0010,451,07:31,112.5,110.3,114.1,119.8,119.5,119.5,111.8,119.7,116.4,110.2,115.3,113.8
ED-0010,452,07:32,111.8,111.1,113.7,118.3,120.2,119.2,111.8,119.9,116.1,109.6,113.9,114.2
ED-0010,453,07:33,111.5,110.3,114.2,119.6,119.6,119.2,111.8,120.4,115.7,110.7,114.4,114.6
ED-0010,454,07:34,111.7,111.2,114.1,120.0,120.0,119.1,111.9,120.2,116.6,110.4,114.9,114.5
ED-0010,455,07:35,111.9,110.8,113.9,119.9,119.0,120.2,112.4,120.2,116.0,110.2,115.0,114.3
ED-0010,456,07:36,112.8,110.0,113.4,120.2,119.4,119.4,112.6,120.5,115.5,110.2,114.7,114.2
ED-0010,457,07:37,112.3,110.4,114.8,119.3,120.0,119.6,113.2,121.0,116.0,109.7,115.4,113.5
ED-0010,458,07:38,112.5,111.3,114.6,119.4,118.9,119.2,112.1,120.5,115.6,110.5,114.8,113.8
ED-0010,459,07:39,112.5,109.4,113.6,119.3,120.1,119.5,113.0,120.5,115.2,110.8,114.4,115.0
ED-0010,460,07:40,112.0,111.2,113.5,119.8,119.1,119.5,112.4,121.0,117.1,110.9,115.1,115.4
ED-0010,461,07:41,112.3,111.6,114.4,119.9,120.0,119.2,112.8,120.3,117.0,110.2,114.7,114.9
ED-0010,462,07:42,112.9,111.1,114.0,120.0,120.0,118.7,113.2,120.4,116.0,110.9,114.6,114.7
ED-0010,463,07:43,113.0,111.3,113.8,119.4,119.7,120.3,112.7,121.1,116.3,110.4,114.8,113.8
ED-0010,464,07:44,113.6,112.0,114.2,118.9,120.0,119.6,111.7,120.5,116.1,109.8,114.9,114.2
ED-0010,465,07:45,112.7,110.3,114.2,120.1,120.3,119.8,112.9,120.2,116.7,111.1,114.9,114.2
ED-0010,466,07:46,113.1,111.6,115.2,119.7,119.9,119.2,111.7,120.8,116.5,110.1,115.4,114.6
ED-0010,467,07:47,113.4,110.8,114.5,119.4,120.3,119.4,113.8,121.0,115.3,110.8,115.5,114.9
ED-0010,468,07:48,112.6,110.6,115.1,119.6,120.1,120.4,112.4,120.7,115.6,110.7,115.5,114.4
ED-0010,469,07:49,113.3,111.6,114.2,118.9,119.9,119.9,112.4,120.6,116.0,110.0,115.0,115.3
ED-0010,470,07:50,112.8,110.9,114.2,119.9,120.1,119.7,113.7,121.8,115.5,110.1,115.6,114.6
ED-0010,471,07:51,112.8,110.8,114.3,119.4,121.2,120.3,112.3,121.5,116.1,110.6,115.5,115.2
ED-0010,472,07:52,112.3,111.7,113.6,119.5,121.0,119.9,112.8,121.1,115.5,110.9,115.6,115.0
ED-0010,473,07:53,113.0,110.5,114.6,119.5,119.9,120.4,112.9,120.6,116.4,110.8,115.3,113.9
ED-0010,474,07:54,112.6,110.2,114.2,120.2,119.6,120.1,112.3,121.3,116.2,110.5,115.0,114.5
ED-0010,475,07:55,112.5,111.3,114.3,119.1,120.6,120.4,113.2,121.7,116.4,111.1,115.2,115.5
ED-0010,476,07:56,113.0,111.2,113.8,119.1,119.9,120.5,111.9,121.8,115.9,110.2,114.6,115.9
ED-0010,477,07:57,113.0,111.0,113.7,119.9,120.1,120.9,112.4,121.0,115.6,111.1,115.4,115.3
ED-0010,478,07:58,112.6,111.0,114.7,119.1,120.1,119.8,112.9,121.4,116.4,109.9,115.6,115.2
ED-0010,479,07:59,112.4,110.9,113.8,119.5,119.7,120.6,113.0,121.3,116.2,110.2,116.0,114.1
ED-0010,480,08:00,113.1,110.6,114.3,119.3,120.4,120.4,113.2,120.7,116.0,110.4,115.7,115.0
ED-0010,481,08:01,113.9,111.9,114.4,119.9,119.9,120.6,112.8,121.8,115.6,110.6,115.6,115.2
ED-0010,482,08:02,111.8,111.4,114.8,119.6,120.4,120.5,113.0,120.5,116.7,110.6,115.1,115.0
ED-0010,483,08:03,113.3,111.3,113.9,119.2,120.2,120.1,113.0,120.4,116.6,110.6,115.6,115.2
ED-0010,484,08:04,113.5,110.6,113.9,119.1,120.2,120.5,112.7,121.5,116.8,110.8,115.9,114.9
ED-0010,485,08:05,112.5,111.2,113.6,119.8,119.7,120.4,112.5,120.7,116.0,109.8,115.0,114.5
ED-0010,486,08:06,113.8,110.7,113.6,119.9,120.4,120.1,113.6,122.1,115.9,111.2,115.3,114.6
ED-0010,487,08:07,113.0,112.1,114.3,119.9,119.9,120.0,113.5,121.4,115.8,110.4,115.1,114.6
ED-0010,488,08:08,113.3,111.5,114.3,119.7,121.5,119.8,113.8,121.7,116.4,111.0,115.4,114.8
ED-0010,489,08:09,112.3,111.6,114.9,120.0,121.2,120.2,113.1,121.3,115.9,110.8,116.6,115.1
ED-0010,490,08:10,113.5,110.9,114.4,120.0,121.0,120.3,114.0,121.2,117.0,109.4,114.8,115.1
ED-0010,491,08:11,112.7,111.6,114.1,119.3,120.5,119.9,113.2,120.6,116.8,110.0,115.0,114.3
ED-0010,492,08:12,113.8,110.8,114.9,120.0,121.1,120.1,113.5,120.9,116.2,111.3,116.2,115.3
ED-0010,493,08:13,112.8,112.1,114.3,119.9,122.0,120.7,113.9,121.9,115.8,109.5,115.8,115.6
ED-0010,494,08:14,112.8,111.5,113.6,120.4,121.1,120.1,112.8,121.1,117.1,109.9,115.9,115.3
ED-0010,495,08:15,113.3,110.8,113.8,119.8,120.3,120.6,112.3,121.5,115.9,110.4,115.8,116.3
ED-0010,496,08:16,113.3,111.0,114.9,120.2,120.3,120.3,113.7,121.0,116.0,110.4,116.5,114.7
ED-0010,497,08:17,113.2,111.0,114.2,119.9,121.1,120.5,113.3,122.5,115.9,109.3,115.7,115.9
ED-0010,498,08:18,113.8,110.9,114.0,119.8,121.2,121.2,113.0,121.1,116.9,111.2,114.7,114.3
ED-0010,499,08:19,113.2,111.6,115.1,119.5,119.9,121.2,113.2,122.1,116.2,109.6,115.2,115.1
ED-0010,500,08:20,113.1,112.4,113.3,119.5,120.8,119.8,113.5,120.7,116.1,110.7,115.7,115.3
ED-0010,501,08:21,114.7,111.1,114.4,119.5,120.4,120.6,113.7,120.6,116.5,112.7,115.3,115.1
ED-0010,502,08:22,112.7,111.2,114.1,120.1,120.0,120.6,114.3,121.7,116.6,114.4,116.3,115.1
ED-0010,503,08:23,114.3,111.2,114.1,120.1,120.4,120.8,113.8,121.5,116.3,115.4,116.0,115.7
ED-0010,504,08:24,112.5,112.2,117.7,119.5,120.0,120.9,112.6,121.2,115.9,116.5,116.1,115.6
ED-0010,505,08:25,112.4,111.4,118.8,119.9,120.5,120.8,114.0,121.5,116.8,117.0,114.5,114.9
ED-0010,506,08:26,112.9,111.8,119.2,120.2,120.8,120.5,113.0,121.6,117.3,118.2,115.7,115.3
ED-0010,507,08:27,112.8,111.6,119.9,123.0,121.1,121.3,114.1,121.4,116.0,117.4,116.0,115.4
ED-0010,508,08:28,112.7,111.8,121.6,125.0,121.0,121.2,113.5,121.0,116.0,118.4,115.4,114.8
ED-0010,509,08:29,112.6,112.0,121.9,124.9,120.2,120.9,113.3,121.3,115.4,119.1,115.9,115.5
ED-0010,510,08:30,113.9,113.9,122.2,125.9,120.3,121.7,113.8,121.6,119.1,120.1,115.6,114.9
ED-0010,511,08:31,113.0,114.5,123.6,126.7,120.7,120.8,113.3,121.3,120.1,119.3,116.8,115.1
ED-0010,512,08:32,113.4,116.5,122.7,127.5,120.8,119.9,113.2,122.1,121.9,120.2,115.0,115.7
ED-0010,513,08:33,113.1,117.0,122.9,127.9,121.7,119.9,114.0,121.8,121.9,120.2,118.6,115.3
ED-0010,514,08:34,112.9,118.5,123.8,128.6,121.5,120.9,113.3,121.5,122.3,121.3,120.3,115.5
ED-0010,515,08:35,114.5,117.6,123.7,128.9,121.1,121.0,113.3,121.8,124.5,121.6,120.4,115.0
ED-0010,516,08:36,113.0,118.5,124.7,128.9,121.5,120.7,113.4,121.9,124.2,121.8,121.7,114.8
ED-0010,517,08:37,112.8,118.8,124.8,130.1,121.9,121.1,114.0,121.2,124.3,122.5,122.3,114.8
ED-0010,518,08:38,112.8,121.3,125.8,131.2,120.6,121.7,113.5,121.6,124.9,122.7,122.8,115.4
ED-0010,519,08:39,113.6,119.8,125.4,130.5,122.1,120.6,114.3,122.7,125.2,122.9,123.0,116.1
ED-0010,520,08:40,112.6,121.4,126.0,131.0,121.0,121.2,113.7,122.0,126.3,123.7,123.0,114.5
ED-0010,521,08:41,113.4,121.4,125.7,132.0,120.9,120.8,113.8,121.1,126.2,123.3,124.2,114.8
ED-0010,522,08:42,113.3,121.4,126.2,132.2,120.0,120.7,113.5,121.7,127.4,123.9,124.1,116.0
ED-0010,523,08:43,113.0,122.4,127.0,132.4,120.2,120.5,114.1,122.4,126.6,124.2,125.0,116.0
ED-0010,524,08:44,113.9,122.6,127.4,133.3,121.7,121.1,113.0,121.6,127.0,124.5,125.3,115.2
ED-0010,525,08:45,113.2,121.8,128.3,133.4,121.5,120.8,114.1,122.1,128.1,124.5,126.8,116.0
ED-0010,526,08:46,116.9,123.0,128.2,133.4,120.6,121.0,113.1,120.7,128.3,124.2,126.0,116.1
ED-0010,527,08:47,118.2,123.0,128.3,133.7,121.1,120.9,113.9,121.8,127.8,124.4,127.6,115.4
ED-0010,528,08:48,118.2,123.3,128.7,133.1,120.5,121.7,113.8,121.1,129.1,125.6,127.7,115.8
ED-0010,529,08:49,118.8,123.9,127.7,134.5,120.9,120.3,113.2,121.9,129.6,125.9,127.5,117.6
ED-0010,530,08:50,119.6,124.6,129.3,134.2,121.2,121.3,113.0,122.0,130.2,125.7,127.7,119.4
ED-0010,531,08:51,119.6,124.4,129.2,134.9,121.2,121.9,113.6,121.5,130.6,125.8,127.9,119.0
ED-0010,532,08:52,120.8,124.8,129.9,135.3,120.7,121.0,114.3,121.8,131.1,126.4,129.4,121.3
ED-0010,533,08:53,121.2,125.3,129.5,135.2,120.6,121.1,114.3,121.7,131.0,126.4,127.6,121.4
ED-0010,534,08:54,121.8,126.4,130.2,135.2,120.4,120.6,113.4,122.4,130.6,126.6,128.8,121.7
ED-0010,535,08:55,122.3,125.9,131.1,135.7,121.3,120.9,113.2,121.6,131.4,126.8,129.7,123.2
ED-0010,536,08:56,122.3,126.0,131.2,136.4,120.4,121.0,112.9,121.3,131.3,127.6,129.3,123.1
ED-0010,537,08:57,122.8,126.4,130.8,135.8,121.6,121.3,113.4,124.3,130.7,126.8,129.2,122.6
ED-0010,538,08:58,123.4,126.2,131.7,136.7,122.2,121.0,114.1,125.7,132.1,127.2,129.7,124.8
ED-0010,539,08:59,124.7,126.5,131.4,138.4,121.3,121.2,114.7,126.9,132.0,127.6,130.9,125.4
ED-0010,540,09:00,124.7,127.2,131.9,137.7,124.0,120.7,113.7,127.8,133.2,126.8,130.5,125.1
ED-0010,541,09:01,124.6,127.4,131.2,137.8,124.8,120.7,114.5,127.8,133.1,128.5,130.9,126.5
ED-0010,542,09:02,124.7,126.5,131.8,137.3,126.2,121.5,114.6,129.5,133.0,129.0,131.1,125.7
ED-0010,543,09:03,125.6,127.7,132.9,138.5,127.1,121.7,117.0,129.9,133.2,128.9,131.9,126.3
ED-0010,544,09:04,125.4,127.6,133.0,138.8,127.8,121.2,118.0,129.9,133.2,129.1,132.9,127.0
ED-0010,545,09:05,126.0,128.6,133.2,138.5,128.8,122.0,119.5,130.5,133.3,128.6,131.2,127.5
ED-0010,546,09:06,126.6,129.1,133.2,138.3,129.5,123.7,119.2,131.4,133.8,129.0,132.1,127.2
ED-0010,547,09:07,126.5,128.1,133.1,138.6,129.2,125.0,119.2,132.0,134.1,130.1,132.4,128.4
ED-0010,548,09:08,126.7,128.9,133.1,139.7,130.5,127.1,121.1,132.0,134.6,129.5,132.4,128.5
ED-0010,549,09:09,126.9,129.0,134.3,139.6,130.0,127.5,121.0,133.4,134.5,130.1,133.5,129.4
ED-0010,550,09:10,127.6,128.6,134.0,140.1,131.0,128.7,122.2,134.7,134.5,131.0,134.0,129.1
ED-0010,551,09:11,127.0,129.6,133.9,139.9,131.8,127.9,121.8,133.1,135.1,131.4,133.9,129.8
ED-0010,552,09:12,128.0,129.6,135.4,139.6,131.5,128.7,123.9,134.3,135.1,130.7,134.1,129.0
ED-0010,553,09:13,127.9,129.6,134.3,140.2,130.8,129.4,123.4,134.1,135.2,131.1,134.3,130.1
ED-0010,554,09:14,128.3,129.7,134.8,140.5,133.2,131.0,122.6,134.7,135.4,129.6,135.6,130.5
ED-0010,555,09:15,128.7,129.6,135.4,141.0,133.2,130.2,124.4,135.2,135.3,131.8,134.1,130.5
ED-0010,556,09:16,129.0,129.6,134.7,141.7,132.9,131.6,124.4,134.8,137.0,131.1,134.5,130.7
ED-0010,557,09:17,129.8,130.4,135.0,141.7,133.8,131.5,124.5,136.2,136.2,131.5,135.0,130.7
ED-0010,558,09:18,129.8,131.3,135.9,141.8,134.7,132.7,125.4,135.8,137.3,131.6,135.5,131.6
ED-0010,559,09:19,130.0,131.7,135.8,142.1,133.8,133.0,124.5,136.1,137.3,131.8,135.8,131.8
ED-0010,560,09:20,130.3,131.6,136.5,142.2,134.4,132.2,125.9,136.8,137.3,132.2,135.2,131.5
ED-0010,561,09:21,130.5,132.0,135.7,142.4,134.6,133.0,126.4,136.7,136.5,132.4,136.0,132.2
ED-0010,562,09:22,130.2,131.7,136.4,142.6,136.0,134.0,126.4,138.1,137.5,132.6,136.1,131.8
ED-0010,563,09:23,131.4,131.3,135.8,142.0,135.6,133.8,127.1,138.2,137.6,132.0,136.9,132.8
ED-0010,564,09:24,131.3,132.7,136.9,142.9,136.7,133.7,126.6,137.7,137.5,131.9,137.2,133.3
ED-0010,565,09:25,132.0,131.6,137.5,143.3,136.5,134.6,127.1,137.7,138.1,132.8,136.7,133.0
ED-0010,566,09:26,132.5,132.2,136.3,143.0,136.4,135.5,127.4,138.4,138.6,133.1,137.2,133.2
ED-0010,567,09:27,131.7,132.0,136.7,143.6,136.6,135.6,127.9,138.5,138.5,134.0,137.0,133.5
ED-0010,568,09:28,132.5,131.5,137.0,143.2,137.3,135.9,128.2,139.6,138.4,132.8,137.7,133.0
ED-0010,569,09:29,132.0,133.0,137.1,144.9,137.4,136.3,128.1,138.6,139.4,133.8,137.5,134.7
ED-0010,570,09:30,132.8,133.2,138.1,143.5,137.7,137.4,129.3,139.6,138.7,133.2,137.5,133.7
ED-0010,571,09:31,133.0,134.7,137.1,143.1,138.2,136.9,129.1,139.1,139.8,133.5,138.5,135.0
ED-0010,572,09:32,132.4,134.1,137.8,144.7,138.7,136.5,129.2,139.5,138.9,134.1,137.6,134.6
ED-0010,573,09:33,132.7,134.3,137.8,143.7,138.8,136.3,130.3,140.2,139.8,134.8,138.3,134.7
ED-0010,574,09:34,133.4,133.6,137.7,144.7,139.2,136.9,130.5,139.7,138.8,134.4,137.7,134.8
ED-0010,575,09:35,133.2,134.1,139.0,144.3,139.5,138.2,129.4,141.0,140.0,134.5,138.4,135.2
ED-0010,576,09:36,132.8,133.7,138.0,145.1,139.0,137.8,130.3,140.4,141.2,134.9,138.9,134.9
ED-0010,577,09:37,134.3,135.2,139.1,144.7,139.6,138.0,130.5,140.7,140.6,134.6,138.9,135.2
ED-0010,578,09:38,134.2,133.9,139.2,144.5,140.0,138.4,130.4,141.7,140.5,134.7,139.0,136.3
ED-0010,579,09:39,133.4,134.6,138.8,145.7,139.8,139.1,131.3,141.6,140.8,135.0,138.6,135.9
ED-0010,580,09:40,135.0,134.5,139.0,146.3,140.5,139.1,131.6,141.6,140.8,135.8,139.3,135.5
ED-0010,581,09:41,134.9,135.5,139.8,145.6,140.5,139.5,131.2,142.4,140.5,135.9,139.3,136.3
ED-0010,582,09:42,135.3,134.9,139.5,146.6,140.3,139.1,133.2,142.5,140.8,135.2,138.8,136.6
ED-0010,583,09:43,134.6,135.7,139.8,147.0,140.9,139.1,132.2,141.9,141.7,136.0,140.7,136.3
ED-0010,584,09:44,135.2,135.7,139.7,146.2,140.9,140.3,132.4,143.0,141.9,135.3,139.6,137.7
ED-0010,585,09:45,134.6,135.6,140.7,146.9,141.7,140.2,132.5,142.5,142.8,136.3,139.7,137.1
ED-0010,586,09:46,135.6,135.6,141.0,146.6,141.4,140.5,132.0,144.2,141.0,136.9,140.4,136.5
ED-0010,587,09:47,135.3,136.1,139.8,146.4,141.9,141.0,132.0,143.4,142.1,136.0,140.4,138.0
ED-0010,588,09:48,135.6,135.9,140.1,147.9,142.1,141.7,133.7,143.9,141.9,136.6,141.6,138.0
ED-0010,589,09:49,136.4,135.1,141.6,146.6,142.5,141.5,133.0,144.4,142.1,137.6,140.5,137.6
ED-0010,590,09:50,136.8,136.5,141.3,146.9,141.2,141.1,132.6,144.2,142.5,137.6,141.1,137.8
ED-0010,591,09:51,136.3,136.5,142.1,147.8,142.4,141.2,133.2,144.2,142.6,137.3,140.7,139.3
ED-0010,592,09:52,136.8,137.2,141.4,147.6,142.9,142.7,134.3,144.0,142.5,136.7,141.1,138.4
ED-0010,593,09:53,136.8,137.2,141.2,148.5,143.0,141.8,133.4,144.9,142.8,137.0,140.6,139.3
ED-0010,594,09:54,136.3,136.8,141.6,148.3,143.9,142.8,133.6,144.6,143.3,137.8,142.0,138.6
ED-0010,595,09:55,136.6,136.3,141.6,148.0,144.3,142.0,134.7,145.8,142.6,137.8,141.9,138.9
ED-0010,596,09:56,137.5,138.0,142.3,148.7,144.2,143.1,134.6,144.0,143.5,137.7,142.3,139.4
ED-0010,597,09:57,138.2,138.4,140.9,148.7,143.7,142.5,133.6,145.0,143.7,137.5,142.0,139.0
ED-0010,598,09:58,138.0,137.1,141.8,148.6,144.2,142.3,135.0,145.1,144.0,138.6,142.6,139.3
ED-0010,599,09:59,137.7,137.5,141.4,148.7,144.3,143.3,134.6,145.6,143.1,139.4,142.4,141.2
ED-0010,600,10:00,138.3,138.3,142.6,149.0,143.5,142.7,135.0,146.3,143.5,138.4,143.0,140.2
ED-0010,601,10:01,137.7,138.2,141.5,148.9,145.3,142.9,135.9,145.7,144.3,138.7,143.1,140.6
ED-0010,602,10:02,138.2,138.0,142.3,149.3,144.9,143.6,136.3,147.0,144.7,138.7,142.8,139.9
ED-0010,603,10:03,138.5,138.8,143.0,149.7,145.4,144.3,135.7,146.5,145.0,137.3,143.0,140.2
ED-0010,604,10:04,138.7,138.2,143.0,149.4,144.7,144.4,135.1,146.5,144.5,139.3,142.9,140.4
ED-0010,605,10:05,139.1,138.9,144.0,150.5,145.0,145.1,136.6,146.1,144.5,138.7,142.4,141.2
ED-0010,606,10:06,138.5,139.2,142.9,149.4,145.1,144.3,137.1,147.9,144.6,139.5,143.5,140.6
ED-0010,607,10:07,139.3,139.6,143.7,149.5,145.5,145.7,137.4,146.7,145.6,140.1,144.0,141.5
ED-0010,608,10:08,138.5,138.9,143.9,149.6,146.0,144.6,136.7,147.3,146.2,139.2,144.1,141.6
ED-0010,609,10:09,139.8,139.7,143.9,150.3,145.3,145.4,137.2,147.4,145.9,139.7,144.1,140.3
ED-0010,610,10:10,139.1,139.0,144.3,149.8,146.8,146.0,136.2,147.4,146.4,139.8,144.0,141.4
ED-0010,611,10:11,139.8,139.5,143.7,150.7,146.2,146.2,137.1,149.0,146.4,139.8,143.6,141.3
ED-0010,612,10:12,139.0,138.7,144.7,149.9,146.2,145.1,137.8,148.3,145.2,139.8,145.0,141.7
ED-0010,613,10:13,139.7,139.1,144.5,150.9,147.0,145.3,137.2,148.4,146.2,139.7,145.5,142.0
ED-0010,614,10:14,139.6,140.0,145.0,150.4,146.9,145.9,137.7,149.0,146.3,139.8,145.0,141.5
ED-0010,615,10:15,140.4,140.6,144.6,151.7,147.2,146.8,137.4,148.4,146.0,140.8,145.0,143.2
ED-0010,616,10:16,140.7,140.8,145.3,150.9,147.5,146.6,138.5,148.4,146.0,140.7,145.5,142.7
ED-0010,617,10:17,140.4,139.5,144.4,150.0,147.8,146.7,138.3,148.3,146.0,139.9,144.3,142.5
ED-0010,618,10:18,140.4,140.0,145.3,151.7,148.1,147.2,138.3,149.5,146.6,141.4,145.2,143.7
ED-0010,619,10:19,141.0,139.9,144.8,152.4,147.9,146.0,138.9,149.7,147.5,141.4,145.4,143.3
ED-0010,620,10:20,141.8,140.7,145.4,152.4,148.9,147.0,138.7,149.6,146.6,140.8,145.3,142.7
ED-0010,621,10:21,141.1,140.9,145.5,151.3,148.5,146.6,139.0,149.1,147.0,141.7,145.7,143.9
ED-0010,622,10:22,140.8,141.5,146.0,152.3,148.6,147.9,139.4,149.6,147.3,141.3,145.4,142.9
ED-0010,623,10:23,142.5,140.8,145.8,153.4,149.6,147.3,139.4,150.6,147.3,140.9,146.2,142.7
ED-0010,624,10:24,141.9,140.2,146.5,151.4,148.2,148.4,139.8,150.6,146.9,141.4,145.9,144.2
ED-0010,625,10:25,141.5,140.5,145.4,152.6,149.4,147.0,139.5,150.5,148.4,141.7,146.2,143.8
ED-0010,626,10:26,141.7,141.5,145.5,152.3,149.0,148.6,139.4,150.7,147.4,143.0,146.4,144.6
ED-0010,627,10:27,141.9,140.6,146.1,153.0,149.1,148.4,140.6,149.3,148.1,141.2,146.5,144.3
ED-0010,628,10:28,142.3,142.1,146.9,153.7,149.8,148.8,139.6,151.0,147.9,141.9,147.2,143.8
ED-0010,629,10:29,142.5,141.7,146.6,152.3,149.3,149.4,140.6,149.7,148.2,141.3,146.1,143.9
ED-0010,630,10:30,143.1,142.2,146.1,152.5,149.4,149.1,140.2,151.6,148.2,141.8,146.6,144.8
ED-0010,631,10:31,142.3,142.6,146.9,153.4,149.9,149.1,140.9,150.6,148.0,142.0,147.6,143.6
ED-0010,632,10:32,142.5,142.0,146.6,153.5,150.2,148.8,140.6,151.6,148.3,143.0,146.8,144.8
ED-0010,633,10:33,142.3,141.9,146.7,153.6,149.5,149.9,140.7,150.6,147.7,142.6,147.4,145.2
ED-0010,634,10:34,142.7,142.8,146.9,153.8,150.6,148.7,141.5,151.5,148.7,143.0,147.4,145.4
ED-0010,635,10:35,143.5,141.8,147.4,154.8,150.2,149.8,142.8,151.9,148.7,142.5,148.0,145.4
ED-0010,636,10:36,142.3,142.9,146.2,154.0,150.8,149.2,141.9,151.7,149.2,142.4,148.7,145.5
ED-0010,637,10:37,142.4,142.9,147.2,154.1,150.7,151.2,141.2,151.5,148.7,143.9,147.7,145.1
ED-0010,638,10:38,143.0,142.3,147.1,153.4,150.4,150.3,141.9,151.6,149.8,143.5,147.8,146.4
ED-0010,639,10:39,144.2,142.6,148.4,154.6,150.7,150.8,141.5,151.8,149.2,142.8,148.1,145.3
ED-0010,640,10:40,143.1,143.9,147.7,153.8,150.8,150.0,142.6,152.7,150.7,143.6,147.4,145.8
ED-0010,641,10:41,143.7,143.3,147.4,154.3,151.6,150.4,142.9,153.0,149.1,142.7,148.3,145.7
ED-0010,642,10:42,144.4,143.1,148.8,154.7,151.3,150.7,142.7,152.7,150.6,142.6,148.2,145.8
ED-0010,643,10:43,145.1,143.5,148.2,154.8,151.3,151.7,142.5,153.9,149.8,142.9,148.9,146.3
ED-0010,644,10:44,145.0,142.9,148.1,155.0,151.3,150.7,143.2,153.2,149.1,144.6,148.6,147.0
ED-0010,645,10:45,144.0,143.8,148.2,154.9,152.8,151.3,143.7,153.2,149.8,143.9,148.6,147.0
ED-0010,646,10:46,144.0,144.1,148.2,155.7,152.2,151.7,142.1,153.0,151.0,143.8,149.5,146.3
ED-0010,647,10:47,144.3,144.2,148.3,155.6,152.1,151.8,142.4,152.5,149.8,142.8,148.6,145.6
ED-0010,648,10:48,144.7,143.4,149.1,155.0,152.8,151.8,143.1,153.9,150.4,144.9,149.0,146.6
ED-0010,649,10:49,145.7,145.0,148.9,156.5,152.2,152.6,143.2,153.7,150.6,144.7,150.0,147.6
ED-0010,650,10:50,145.8,144.1,148.8,155.5,153.4,152.5,143.0,154.6,150.4,144.1,149.5,147.2
ED-0010,651,10:51,145.1,142.9,149.2,156.1,153.0,152.1,142.4,153.9,150.9,144.0,150.0,146.9
ED-0010,652,10:52,144.7,145.0,149.6,155.9,153.4,151.5,143.2,155.1,151.3,144.3,149.3,147.7
ED-0010,653,10:53,145.6,145.1,149.9,156.0,153.5,151.9,144.0,154.7,151.9,144.4,149.1,147.6
ED-0010,654,10:54,146.3,145.1,149.7,155.8,152.8,152.5,143.5,155.3,151.8,145.0,150.9,147.2
ED-0010,655,10:55,146.5,145.1,149.1,155.8,152.8,152.3,144.1,154.8,151.9,144.9,150.2,147.3
ED-0010,656,10:56,146.1,145.8,150.2,156.9,153.3,152.4,143.9,155.1,151.9,145.1,150.8,148.8
ED-0010,657,10:57,145.8,144.6,150.3,156.5,153.1,152.7,144.4,154.2,152.1,144.8,150.5,148.2
ED-0010,658,10:58,146.5,145.7,149.7,156.5,154.4,152.5,144.0,155.4,151.5,144.4,150.5,148.1
ED-0010,659,10:59,145.3,145.9,150.5,156.5,154.3,153.9,143.8,154.8,152.1,144.5,150.6,149.1
ED-0010,660,11:00,145.8,145.3,150.2,157.3,153.4,154.7,145.0,155.7,151.5,146.8,151.6,147.9
ED-0010,661,11:01,146.1,144.5,150.5,157.3,153.8,154.7,145.2,155.2,152.6,144.4,150.8,148.4
ED-0010,662,11:02,146.4,144.8,151.3,157.2,153.8,153.2,145.0,155.6,152.5,145.9,151.0,149.1
ED-0010,663,11:03,147.0,145.8,150.2,158.6,154.4,153.9,144.2,155.3,151.7,146.3,150.7,148.5
ED-0010,664,11:04,147.0,146.1,150.2,158.3,154.8,152.6,145.6,156.8,152.6,145.6,151.1,149.7
ED-0010,665,11:05,147.0,145.7,150.8,158.0,154.9,154.4,145.9,156.1,152.4,145.9,151.7,148.7
ED-0010,666,11:06,147.2,146.3,150.4,157.1,155.8,154.1,145.2,156.0,153.0,146.3,151.9,148.9
ED-0010,667,11:07,147.5,146.7,151.3,157.7,154.7,154.2,145.5,155.9,153.6,146.0,151.6,149.3
ED-0010,668,11:08,147.4,146.7,150.5,157.9,154.7,155.1,145.1,156.2,153.5,145.7,151.9,149.6
ED-0010,669,11:09,147.0,147.0,151.1,157.3,155.2,154.9,145.6,157.4,153.0,146.8,151.9,149.3
ED-0010,670,11:10,147.0,147.1,150.9,157.4,155.5,154.6,145.7,157.1,153.7,146.5,152.2,149.9
ED-0010,671,11:11,147.2,146.5,151.6,158.9,155.6,155.6,144.7,156.4,153.0,146.3,150.5,149.1
ED-0010,672,11:12,147.8,147.6,151.2,158.6,156.1,154.6,145.7,157.5,153.1,145.7,151.2,150.5
ED-0010,673,11:13,147.0,146.9,151.9,158.5,155.4,155.5,145.1,157.5,153.3,146.8,151.6,150.4
ED-0010,674,11:14,148.1,147.2,151.6,158.8,156.5,155.8,146.2,158.2,153.1,147.9,153.6,149.5
ED-0010,675,11:15,147.6,146.9,151.8,159.3,156.1,156.4,146.1,158.4,154.1,146.8,152.5,150.6
ED-0010,676,11:16,147.6,147.4,151.9,159.2,155.5,154.8,145.6,157.4,153.1,148.0,153.3,150.3
ED-0010,677,11:17,148.5,146.9,151.9,159.0,156.1,156.1,146.8,157.7,154.9,147.8,152.2,150.4
ED-0010,678,11:18,147.9,147.2,152.3,159.2,156.1,156.0,146.8,156.9,154.3,147.8,153.4,150.4
ED-0010,679,11:19,148.4,147.1,152.7,159.3,157.1,156.1,147.2,158.5,153.7,147.6,153.4,151.2
ED-0010,680,11:20,149.2,147.6,153.1,159.2,157.1,156.7,146.4,157.6,154.3,146.7,152.4,150.8
ED-0010,681,11:21,148.0,148.0,152.2,160.3,157.1,157.3,147.7,157.0,154.0,148.7,152.4,151.0
ED-0010,682,11:22,149.7,148.1,152.7,159.0,157.4,156.7,147.2,159.4,154.3,147.2,153.2,150.7
ED-0010,683,11:23,150.0,149.2,153.1,159.7,156.8,157.2,146.1,158.5,154.1,147.7,153.3,151.3
ED-0010,684,11:24,148.5,148.2,153.4,159.4,157.9,156.3,148.0,158.0,155.2,147.6,153.3,151.9
ED-0010,685,11:25,148.0,147.5,153.4,160.0,157.8,156.8,147.2,158.2,154.4,147.7,153.5,152.4
ED-0010,686,11:26,148.9,148.8,152.7,160.5,158.9,157.3,148.5,159.6,154.3,148.4,153.6,150.9
ED-0010,687,11:27,149.9,148.6,153.1,160.4,156.9,157.9,147.7,158.7,155.1,148.7,153.8,151.5
ED-0010,688,11:28,148.8,148.1,154.3,160.3,157.9,156.5,147.8,159.6,155.9,148.3,153.9,152.4
ED-0010,689,11:29,148.8,148.3,153.3,160.7,158.5,156.7,148.9,159.9,154.5,148.5,153.5,152.2
ED-0010,690,11:30,150.1,148.0,153.4,161.5,158.1,157.8,148.3,158.3,156.0,147.6,155.1,151.8
ED-0010,691,11:31,148.7,149.0,154.0,161.2,158.4,157.1,148.9,159.4,154.3,149.6,153.9,151.5
ED-0010,692,11:32,149.4,149.2,153.4,160.9,158.0,157.9,147.8,159.3,155.9,149.3,153.5,152.1
ED-0010,693,11:33,150.2,148.2,153.3,159.8,158.9,157.5,148.2,159.7,155.4,148.8,154.5,151.7
ED-0010,694,11:34,150.4,149.5,152.8,161.0,158.3,157.8,149.1,160.6,155.5,148.4,155.4,151.5
ED-0010,695,11:35,150.9,149.5,153.4,160.6,158.3,157.0,149.4,160.9,155.8,149.2,154.9,153.4
ED-0010,696,11:36,150.3,149.5,154.3,159.9,157.5,158.9,149.7,160.6,155.7,149.4,155.4,153.3
ED-0010,697,11:37,150.5,149.9,153.9,161.4,159.1,157.8,148.9,159.3,155.9,149.5,155.3,152.9
ED-0010,698,11:38,150.2,149.0,154.2,160.4,158.2,158.4,149.0,160.0,156.7,150.8,154.3,153.1
ED-0010,699,11:39,150.6,150.0,154.0,161.3,157.9,158.8,149.2,160.5,156.9,149.3,155.7,152.6
ED-0010,700,11:40,150.4,150.2,154.9,161.2,159.5,159.7,149.4,160.0,156.5,149.9,155.4,154.0
ED-0010,701,11:41,151.9,149.4,155.2,161.1,160.0,158.3,148.8,160.5,157.0,150.0,154.9,153.2
ED-0010,702,11:42,151.8,149.9,155.0,161.5,159.2,159.0,149.3,161.3,157.0,149.5,155.3,153.4
ED-0010,703,11:43,151.1,150.4,154.7,161.5,159.6,159.1,149.8,162.1,157.5,149.5,155.4,154.5
ED-0010,704,11:44,151.5,150.7,154.6,161.6,159.7,159.5,149.7,160.8,157.7,150.3,154.8,153.6
ED-0010,705,11:45,152.1,150.5,155.4,162.9,159.8,158.4,149.8,161.2,155.9,149.6,155.0,152.8
ED-0010,706,11:46,150.8,150.2,155.4,162.3,159.0,159.5,150.5,161.7,157.1,150.1,156.3,154.2
ED-0010,707,11:47,151.9,150.7,155.1,162.1,160.0,159.7,150.0,161.8,156.4,151.2,156.2,154.1
ED-0010,708,11:48,151.8,150.9,155.6,162.6,160.7,160.2,150.2,161.3,156.6,150.6,155.8,153.9
ED-0010,709,11:49,151.8,151.2,155.1,162.1,160.9,159.2,151.2,161.3,157.8,150.4,156.4,154.5
ED-0010,710,11:50,151.9,150.3,155.0,163.4,160.8,159.7,149.7,161.1,157.5,150.3,157.0,153.0
ED-0010,711,11:51,152.1,151.0,156.0,162.9,160.4,160.7,150.7,161.9,157.6,150.2,156.7,154.0
ED-0010,712,11:52,151.6,150.8,155.5,163.3,160.8,159.2,150.8,162.4,157.4,149.7,155.9,154.4
ED-0010,713,11:53,152.4,151.8,155.6,164.1,160.3,159.6,151.0,162.5,157.7,150.3,155.7,154.3
ED-0010,714,11:54,151.8,150.6,156.1,163.2,161.3,159.9,151.1,161.7,157.7,151.2,157.0,154.2
ED-0010,715,11:55,152.8,150.5,155.7,163.5,159.9,161.2,151.2,162.0,158.8,151.0,156.5,154.9
ED-0010,716,11:56,152.4,151.2,156.1,162.8,160.8,160.7,150.8,163.3,158.2,151.6,157.2,154.5
ED-0010,717,11:57,152.4,152.4,156.7,163.3,161.1,161.1,151.9,162.4,158.4,151.2,156.5,154.8
ED-0010,718,11:58,153.2,151.7,156.5,163.7,161.4,160.9,151.0,163.4,159.2,152.0,157.0,154.3
ED-0010,719,11:59,151.7,152.1,156.5,163.5,161.9,160.4,152.0,163.0,157.2,152.5,156.2,154.8
ED-0010,720,12:00,152.1,151.4,156.6,163.8,162.1,161.3,151.5,163.0,159.4,151.9,157.7,155.9
ED-0010,721,12:01,153.5,152.1,155.4,164.7,161.7,161.6,151.5,163.2,158.6,151.4,157.6,154.7
ED-0010,722,12:02,153.4,152.0,156.7,163.8,162.1,161.2,151.8,163.5,158.3,152.0,158.0,155.1
ED-0010,723,12:03,152.6,152.1,157.6,164.7,162.0,161.7,152.0,164.5,158.9,151.6,157.4,156.0
ED-0010,724,12:04,153.4,152.6,156.3,163.5,161.6,161.2,151.7,163.6,159.0,152.8,157.1,154.7
ED-0010,725,12:05,154.2,151.7,156.5,163.8,162.5,162.3,151.8,163.2,159.0,152.7,157.5,156.3
ED-0010,726,12:06,153.1,152.8,156.7,164.1,162.0,160.6,152.6,163.9,159.0,153.0,157.1,155.2
ED-0010,727,12:07,153.5,152.3,156.5,165.1,163.1,161.5,152.3,163.4,159.5,152.9,158.5,156.5
ED-0010,728,12:08,154.3,152.2,157.2,165.0,161.9,161.1,152.2,164.2,160.2,153.0,158.4,156.2
ED-0010,729,12:09,153.8,152.3,157.2,164.7,162.6,162.2,153.2,164.3,159.2,152.6,157.4,156.4
ED-0010,730,12:10,153.7,152.3,157.6,164.1,163.1,161.9,152.9,164.3,158.6,152.2,157.5,157.1
ED-0010,731,12:11,154.0,153.7,158.0,165.5,162.7,162.3,153.2,164.2,159.7,152.2,158.1,156.1
ED-0010,732,12:12,154.0,153.2,157.1,166.5,162.3,162.1,152.9,163.9,160.4,152.1,158.0,156.0
ED-0010,733,12:13,154.8,153.3,157.8,164.5,162.8,162.8,152.4,164.4,159.0,152.8,158.0,156.6
ED-0010,734,12:14,155.6,153.5,157.8,166.0,163.0,162.5,152.7,165.1,159.1,153.3,157.9,156.6
ED-0010,735,12:15,155.4,153.5,158.0,165.2,163.1,163.2,153.6,163.6,160.0,152.2,158.8,156.8
ED-0010,736,12:16,154.3,152.6,157.6,165.2,162.8,163.2,153.4,165.0,161.2,153.2,158.8,156.6
ED-0010,737,12:17,154.6,153.5,158.0,165.8,162.9,162.7,154.0,165.5,159.8,152.5,158.7,156.6
ED-0010,738,12:18,155.0,153.7,157.8,165.1,163.7,163.1,153.0,164.9,160.4,153.0,159.6,156.4
ED-0010,739,12:19,155.4,153.5,158.2,165.1,163.9,164.1,153.0,164.3,159.9,154.0,159.4,156.7
ED-0010,740,12:20,154.7,153.5,158.3,165.5,164.2,164.3,154.4,165.6,160.5,154.2,160.1,157.4
ED-0010,741,12:21,155.6,154.5,158.5,165.4,163.1,163.4,153.2,164.7,159.8,153.5,158.5,157.1
ED-0010,742,12:22,155.6,153.4,159.2,166.9,164.2,164.1,153.2,166.2,161.1,153.9,159.4,156.9
ED-0010,743,12:23,154.6,153.9,158.3,166.3,164.3,164.1,154.0,166.6,160.8,153.9,158.7,157.2
ED-0010,744,12:24,154.4,153.9,159.2,166.0,163.7,163.3,153.7,164.5,161.0,154.9,160.0,157.0
ED-0010,745,12:25,156.0,154.7,158.7,166.2,163.9,163.7,154.2,165.5,161.5,153.6,159.3,157.0
ED-0010,746,12:26,156.5,153.5,158.7,166.6,163.7,163.5,153.8,165.9,160.6,154.7,159.1,158.0
ED-0010,747,12:27,156.2,154.3,158.8,165.9,163.9,164.3,154.1,165.9,161.7,154.3,159.9,158.0
ED-0010,748,12:28,156.9,155.2,159.1,166.0,165.7,164.4,154.2,165.7,161.5,154.2,159.3,159.1
ED-0010,749,12:29,155.8,154.8,159.0,167.1,164.8,164.2,154.0,166.0,160.8,153.7,159.8,158.3
ED-0010,750,12:30,156.9,154.5,160.4,166.1,164.9,164.2,153.8,165.5,161.4,154.7,159.6,158.0
ED-0010,751,12:31,155.1,154.1,159.6,166.8,165.5,163.8,154.7,165.8,161.3,154.4,158.8,158.4
ED-0010,752,12:32,156.3,153.9,160.1,166.8,165.8,164.2,155.1,166.3,161.7,153.9,160.3,159.0
ED-0010,753,12:33,156.8,154.7,159.1,167.3,164.4,165.1,155.9,166.7,162.5,155.3,160.0,158.2
ED-0010,754,12:34,155.9,154.1,159.7,166.4,164.6,165.2,154.5,166.4,162.0,154.5,160.0,158.6
ED-0010,755,12:35,157.0,156.2,160.7,167.8,164.5,165.2,154.7,167.1,161.4,153.9,160.4,157.4
ED-0010,756,12:36,157.0,155.3,160.0,167.1,164.9,164.8,156.1,166.2,162.0,154.4,160.5,158.4
ED-0010,757,12:37,156.9,156.1,159.9,167.3,165.8,164.5,155.0,166.7,161.9,154.8,160.9,159.2
ED-0010,758,12:38,156.6,155.3,161.2,167.3,165.8,165.1,156.2,166.6,161.9,154.7,160.5,158.9
ED-0010,759,12:39,156.2,156.2,159.9,167.4,165.3,165.0,154.6,167.1,163.1,155.1,160.3,158.9
ED-0010,760,12:40,157.2,155.8,160.5,167.6,166.4,164.7,156.3,166.7,162.2,154.9,161.2,159.3
ED-0010,761,12:41,157.0,156.0,160.6,167.8,165.6,165.6,156.2,167.8,162.3,155.0,160.7,159.2
ED-0010,762,12:42,156.6,155.4,160.7,167.5,165.0,165.2,156.2,167.7,162.1,154.2,161.6,159.3
ED-0010,763,12:43,157.2,155.8,161.2,168.5,166.1,165.5,154.9,167.7,163.2,155.3,160.5,159.1
ED-0010,764,12:44,157.7,155.6,160.1,167.5,165.9,165.5,156.0,167.7,162.7,154.9,162.4,159.8
ED-0010,765,12:45,157.3,155.6,160.1,169.2,165.9,165.3,155.5,167.9,161.8,155.2,160.9,160.4
ED-0010,766,12:46,157.2,156.3,160.6,167.5,166.8,165.5,156.5,167.9,162.7,156.1,160.8,159.9
ED-0010,767,12:47,158.3,156.3,160.5,168.3,166.8,165.6,156.2,168.2,163.1,155.4,160.5,160.1
ED-0010,768,12:48,156.9,155.8,161.4,168.2,166.8,166.0,155.4,167.5,163.3,155.6,161.0,160.5
ED-0010,769,12:49,157.7,156.3,160.8,168.4,166.4,166.0,156.4,168.8,163.7,155.4,161.5,159.7
ED-0010,770,12:50,157.4,156.2,161.0,168.6,166.0,166.3,156.2,167.8,163.4,156.4,162.5,160.6
ED-0010,771,12:51,158.1,157.3,161.4,168.6,167.2,165.2,157.1,168.2,162.7,156.5,161.2,160.9
ED-0010,772,12:52,158.4,156.7,161.5,169.1,167.4,167.3,157.5,168.7,163.0,156.3,162.5,160.1
ED-0010,773,12:53,157.9,156.4,161.2,168.9,167.6,166.5,156.9,168.2,163.8,155.6,162.2,160.6
ED-0010,774,12:54,158.1,156.3,161.6,169.1,167.8,166.4,156.6,168.4,163.8,155.7,162.5,160.1
ED-0010,775,12:55,158.0,156.3,161.0,167.5,168.6,166.6,156.8,169.1,162.8,156.4,162.4,159.8
ED-0010,776,12:56,158.4,156.4,161.4,169.6,165.8,167.2,157.4,169.0,164.5,156.3,162.1,160.1
ED-0010,777,12:57,159.0,158.0,161.7,169.3,167.5,167.3,157.1,168.6,164.4,156.1,163.1,161.7
ED-0010,778,12:58,158.5,156.2,161.3,169.1,167.4,166.9,157.6,169.4,164.7,157.4,162.1,161.1
ED-0010,779,12:59,159.0,156.8,162.5,168.5,167.1,166.8,158.1,169.6,164.1,157.1,162.2,161.1
ED-0010,780,13:00,158.6,156.6,161.7,169.5,167.5,167.6,156.8,168.7,164.1,156.5,162.5,160.8
ED-0010,781,13:01,157.7,156.8,162.4,169.6,167.8,167.6,157.7,169.4,163.7,157.5,163.1,160.3
ED-0010,782,13:02,159.0,157.4,162.2,169.7,167.7,167.8,157.1,169.6,164.7,156.5,163.5,160.8
ED-0010,783,13:03,159.3,157.4,162.6,169.9,168.8,167.9,156.6,169.1,164.6,157.2,163.1,161.5
ED-0010,784,13:04,158.2,157.4,162.9,169.8,168.1,167.9,158.1,169.8,164.2,157.2,163.1,160.7
ED-0010,785,13:05,158.6,158.3,162.2,170.2,169.8,166.9,158.1,169.8,165.3,158.1,163.8,161.7
ED-0010,786,13:06,159.5,156.7,162.2,171.0,168.4,166.8,157.7,169.0,164.2,157.1,163.5,161.0
ED-0010,787,13:07,160.0,158.2,162.4,170.4,169.0,167.8,159.2,170.5,164.5,156.9,162.8,161.6
ED-0010,788,13:08,158.8,158.7,162.4,169.7,169.2,167.5,157.9,169.9,164.6,157.7,163.6,161.2
ED-0010,789,13:09,158.5,158.1,162.0,170.6,169.1,169.0,157.8,169.9,166.1,157.4,164.0,162.8
ED-0010,790,13:10,159.7,157.0,162.7,171.1,168.8,169.1,158.6,169.9,165.7,157.1,163.6,162.6
ED-0010,791,13:11,158.9,159.0,162.9,169.1,168.5,167.9,157.9,169.9,165.0,157.7,163.8,161.9
ED-0010,792,13:12,159.9,158.6,161.7,170.9,168.9,168.2,158.5,169.8,165.1,157.8,163.7,162.1
ED-0010,793,13:13,159.3,158.7,163.0,170.4,168.9,168.2,159.2,170.1,164.9,158.3,164.3,161.8
ED-0010,794,13:14,160.0,157.9,163.8,171.9,169.3,168.6,158.6,170.4,165.4,158.1,163.9,162.3
ED-0010,795,13:15,159.6,158.5,163.7,171.5,169.8,168.6,157.6,169.2,165.7,158.1,164.4,163.3
ED-0010,796,13:16,160.2,157.9,162.9,170.7,169.9,169.0,158.7,170.2,165.6,158.1,164.2,162.7
ED-0010,797,13:17,160.3,158.4,163.4,171.4,169.8,168.8,159.4,171.0,165.4,157.9,165.1,162.2
ED-0010,798,13:18,159.6,158.6,163.3,171.7,170.3,168.8,158.6,170.7,165.5,158.7,163.8,163.2
ED-0010,799,13:19,159.6,158.4,163.3,170.7,169.3,169.4,159.9,170.9,166.1,158.4,164.4,163.4
ED-0010,800,13:20,160.5,157.8,163.5,171.8,169.8,168.9,159.2,171.0,166.6,158.2,164.3,163.2
ED-0010,801,13:21,160.3,158.5,164.7,171.2,169.5,169.7,159.3,171.1,166.2,158.5,165.1,163.9
ED-0010,802,13:22,160.9,158.4,163.6,171.8,169.4,169.3,159.1,171.5,165.8,158.3,164.5,164.0
ED-0010,803,13:23,160.3,160.1,163.9,171.3,170.0,168.9,159.7,170.2,166.0,159.3,164.2,163.0
ED-0010,804,13:24,160.4,158.5,163.7,172.0,169.4,170.0,159.2,171.4,165.7,158.9,164.6,162.2
ED-0010,805,13:25,161.7,158.7,163.4,171.8,170.3,169.8,160.1,171.6,166.9,158.8,164.3,162.4
ED-0010,806,13:26,160.6,158.9,163.4,171.0,170.2,169.5,159.0,171.5,166.2,159.4,164.5,163.4
ED-0010,807,13:27,160.5,159.7,164.7,171.9,170.3,170.0,160.0,172.1,165.9,158.2,165.1,163.4
ED-0010,808,13:28,161.2,160.3,164.1,172.3,171.3,169.1,158.6,171.6,165.5,159.0,163.9,163.4
ED-0010,809,13:29,161.5,159.5,164.8,171.9,170.4,170.8,160.4,171.5,167.2,159.4,166.1,164.5
ED-0010,810,13:30,161.9,159.3,164.6,172.3,171.8,170.3,160.4,171.6,167.2,159.8,165.6,164.6
ED-0010,811,13:31,161.4,160.2,164.4,172.4,170.5,169.9,160.1,171.9,166.2,158.8,165.4,163.9
ED-0010,812,13:32,160.8,160.1,164.6,172.7,171.2,169.6,159.8,172.4,166.4,159.7,165.5,164.6
ED-0010,813,13:33,161.2,159.8,164.6,172.5,171.3,170.6,160.7,173.9,166.9,159.4,166.1,163.6
ED-0010,814,13:34,160.8,160.2,164.6,172.1,170.8,170.3,160.2,172.6,167.0,160.2,165.7,163.6
ED-0010,815,13:35,162.0,160.3,166.2,172.2,171.4,170.4,161.2,172.3,166.6,159.5,166.1,163.1
ED-0010,816,13:36,161.8,160.1,165.1,172.8,171.3,171.9,160.4,171.9,167.0,160.9,166.5,163.3
ED-0010,817,13:37,162.9,160.8,164.7,172.3,171.1,169.9,160.3,172.2,167.6,159.2,165.9,164.3
ED-0010,818,13:38,161.4,160.4,164.9,172.3,171.6,170.5,161.7,172.7,166.7,159.7,166.2,164.7
ED-0010,819,13:39,162.6,160.3,164.8,172.6,171.6,171.3,161.5,173.8,167.8,161.0,166.4,164.2
ED-0010,820,13:40,162.6,160.8,165.7,172.7,172.3,170.9,160.9,172.9,167.7,159.4,166.2,164.0
ED-0010,821,13:41,161.3,160.5,164.9,172.9,172.5,171.3,161.3,173.6,167.9,159.8,165.8,164.5
ED-0010,822,13:42,162.6,160.4,164.8,173.1,171.3,172.4,161.2,173.2,167.3,160.8,167.0,165.3
ED-0010,823,13:43,162.1,160.2,165.1,173.0,171.0,171.3,161.5,173.1,167.4,160.3,166.9,164.1
ED-0010,824,13:44,161.8,160.3,166.3,172.8,171.8,171.9,161.4,173.3,168.6,160.8,166.6,164.9
ED-0010,825,13:45,162.3,160.7,165.8,173.6,172.5,171.1,160.7,173.8,167.8,161.4,166.9,164.9
ED-0010,826,13:46,162.8,161.0,165.9,174.1,172.3,171.5,161.4,172.9,168.1,160.5,167.0,165.2
ED-0010,827,13:47,162.6,160.3,165.7,173.7,172.1,170.7,161.9,173.0,167.7,160.8,166.4,165.4
ED-0010,828,13:48,162.5,161.0,166.2,173.4,171.5,171.4,162.2,172.8,168.3,161.4,166.0,165.4
ED-0010,829,13:49,163.0,161.4,166.5,173.9,171.9,172.6,161.4,174.4,167.6,160.7,166.9,165.6
ED-0010,830,13:50,162.1,161.4,165.9,173.8,172.2,171.8,161.7,174.0,168.5,161.4,168.0,166.2
ED-0010,831,13:51,162.4,161.6,166.5,172.8,172.0,172.2,161.9,174.7,168.1,161.1,167.6,165.1
ED-0010,832,13:52,162.9,161.4,166.8,173.8,172.9,172.0,161.7,174.0,168.6,161.3,166.4,165.6
ED-0010,833,13:53,163.2,161.3,167.3,174.2,173.4,171.6,162.7,174.0,168.3,161.8,166.9,165.5
ED-0010,834,13:54,163.6,161.4,165.8,174.2,173.0,172.5,162.2,174.9,168.7,161.1,167.4,165.3
ED-0010,835,13:55,162.9,161.5,165.9,173.8,173.3,172.7,162.1,174.4,169.1,159.6,168.1,165.7
ED-0010,836,13:56,164.3,161.1,165.5,174.0,173.5,171.8,161.5,173.5,168.6,161.4,167.9,165.8
ED-0010,837,13:57,164.0,161.7,166.9,174.7,173.4,172.7,162.7,174.3,169.3,161.0,167.7,167.0
ED-0010,838,13:58,163.5,162.0,167.3,174.8,173.0,172.5,162.3,175.4,168.6,161.9,168.5,165.9
ED-0010,839,13:59,163.3,163.2,166.2,174.4,174.0,173.0,162.4,174.3,168.3,161.5,167.6,166.4
ED-0010,840,14:00,164.1,162.5,167.3,174.5,173.7,172.9,162.0,174.8,169.5,163.2,167.5,166.3
ED-0010,841,14:01,163.0,161.5,168.2,175.2,172.8,174.0,162.8,174.2,169.8,161.4,167.3,165.7
ED-0010,842,14:02,163.6,162.4,167.0,174.8,172.1,172.7,162.7,175.1,169.2,161.7,167.9,166.5
ED-0010,843,14:03,164.4,162.8,166.9,174.3,173.6,172.9,163.2,174.7,169.0,161.1,167.6,167.1
ED-0010,844,14:04,163.7,162.6,167.6,174.8,174.0,173.3,163.5,175.5,169.2,161.9,168.6,166.3
ED-0010,845,14:05,165.0,161.6,166.9,174.4,173.5,172.7,162.8,175.4,170.0,161.7,168.3,166.1
ED-0010,846,14:06,163.8,161.2,167.1,175.1,173.0,173.9,163.7,175.5,169.6,161.3,167.5,167.3
ED-0010,847,14:07,163.9,163.1,166.9,175.3,174.0,173.2,163.4,174.7,170.5,162.1,168.7,167.3
ED-0010,848,14:08,165.1,162.5,167.0,176.0,173.8,174.2,163.6,175.2,169.3,161.7,169.6,166.4
ED-0010,849,14:09,163.6,162.3,168.1,175.2,174.5,173.9,163.7,175.6,169.4,162.6,168.0,166.8
ED-0010,850,14:10,165.4,163.4,167.6,175.6,174.6,174.6,163.8,176.3,170.4,162.6,168.6,166.8
ED-0010,851,14:11,165.0,162.5,168.2,174.9,174.9,173.1,163.9,175.8,169.2,162.4,168.4,167.9
ED-0010,852,14:12,164.2,162.4,167.8,175.7,173.5,173.6,164.3,176.0,169.7,161.8,169.5,166.5
ED-0010,853,14:13,165.1,162.1,167.0,174.5,175.2,173.9,163.9,175.7,170.2,161.5,168.8,167.6
ED-0010,854,14:14,165.0,163.4,168.0,175.8,174.6,173.9,163.8,176.4,170.0,163.1,168.9,165.6
ED-0010,855,14:15,164.4,163.9,167.3,175.4,174.5,173.9,164.0,175.1,169.5,162.6,169.0,167.1
ED-0010,856,14:16,166.0,163.9,167.7,175.3,175.3,175.0,163.9,176.0,170.6,162.3,170.0,168.2
ED-0010,857,14:17,165.2,162.8,168.2,175.5,174.1,174.8,164.8,175.6,170.6,162.1,170.1,167.2
ED-0010,858,14:18,164.8,162.7,167.5,175.5,175.2,174.7,164.9,176.0,171.0,162.8,169.4,168.3
ED-0010,859,14:19,165.9,162.9,168.0,176.3,175.4,175.3,164.6,175.8,169.9,163.2,170.3,167.7
ED-0010,860,14:20,164.9,164.5,168.2,176.5,176.2,174.2,165.1,176.6,171.5,162.8,169.4,168.1
ED-0010,861,14:21,165.1,162.5,168.4,175.2,174.8,175.3,163.7,176.1,171.1,162.9,170.0,167.9
ED-0010,862,14:22,165.4,164.7,169.4,175.7,176.4,174.2,164.4,176.7,170.0,162.6,168.8,168.8
ED-0010,863,14:23,165.6,163.9,168.8,176.5,175.9,174.7,165.1,175.8,170.8,163.5,169.2,167.6
ED-0010,864,14:24,165.1,164.4,168.3,176.0,174.9,175.4,164.6,177.0,170.3,163.7,168.4,168.5
ED-0010,865,14:25,165.4,163.5,168.8,176.8,175.3,175.1,164.9,176.4,171.1,163.7,170.0,168.0
ED-0010,866,14:26,166.6,163.5,168.7,177.0,175.9,175.1,166.1,176.7,171.1,163.2,170.1,168.4
ED-0010,867,14:27,166.1,163.9,169.4,176.5,175.9,175.1,164.1,176.6,171.3,163.5,170.6,169.1
ED-0010,868,14:28,165.2,164.1,169.4,176.2,175.9,175.7,164.8,177.6,171.2,163.4,169.8,169.4
ED-0010,869,14:29,166.1,164.5,169.7,177.1,175.8,174.9,166.0,177.4,171.9,163.4,169.7,169.2
ED-0010,870,14:30,166.2,164.9,170.0,176.4,175.7,175.0,165.3,176.9,171.2,163.3,170.1,169.4
ED-0010,871,14:31,165.7,164.3,170.3,176.1,176.1,176.1,166.4,176.8,172.1,163.7,170.7,167.7
ED-0010,872,14:32,166.2,163.9,169.4,177.6,176.3,175.3,165.1,177.5,172.5,164.7,170.9,168.1
ED-0010,873,14:33,166.3,164.2,169.5,177.2,176.6,175.5,164.9,178.8,171.1,164.4,170.5,168.3
ED-0010,874,14:34,167.4,165.3,169.1,176.7,176.1,175.2,165.4,177.2,170.9,164.1,170.7,168.9
ED-0010,875,14:35,167.0,165.5,168.8,177.5,176.3,176.7,165.6,176.7,171.7,163.7,170.0,169.9
ED-0010,876,14:36,166.1,164.1,169.5,177.3,176.8,176.6,164.9,177.6,172.3,163.5,171.0,169.2
ED-0010,877,14:37,166.4,165.6,170.0,177.8,176.3,175.7,166.7,177.6,171.9,164.5,170.5,168.9
ED-0010,878,14:38,166.0,164.7,169.6,177.0,176.0,175.6,166.1,177.8,172.5,164.1,170.6,169.1
ED-0010,879,14:39,166.2,165.0,168.9,177.6,176.6,177.2,165.5,178.7,172.4,165.4,170.9,169.4
ED-0010,880,14:40,167.1,165.0,170.0,177.9,177.3,176.6,166.2,177.6,172.5,164.9,171.3,169.8
ED-0010,881,14:41,165.8,164.9,170.2,178.0,176.9,176.7,165.8,178.4,173.0,165.0,170.9,169.7
ED-0010,882,14:42,166.8,165.1,169.5,178.2,178.0,177.7,165.6,178.7,172.3,164.5,171.1,170.1
ED-0010,883,14:43,167.3,165.1,169.3,178.5,177.1,176.4,166.6,178.4,172.3,165.0,170.8,170.0
ED-0010,884,14:44,167.6,165.6,169.6,177.8,177.2,177.1,167.0,178.1,172.9,165.6,170.4,169.9
ED-0010,885,14:45,167.3,164.7,170.7,177.9,177.7,177.3,166.7,178.4,172.1,164.3,171.7,169.6
ED-0010,886,14:46,167.6,165.2,170.4,178.9,177.6,177.6,166.0,177.8,172.3,164.4,171.3,169.3
ED-0010,887,14:47,165.7,164.8,170.3,178.0,176.9,177.0,165.7,177.7,172.6,164.9,171.8,170.0
ED-0010,888,14:48,166.9,165.1,170.5,177.9,177.8,176.2,167.0,178.1,173.3,164.8,170.4,169.7
ED-0010,889,14:49,167.5,166.5,170.7,178.7,177.4,177.0,166.4,177.9,173.2,165.3,171.5,171.0
ED-0010,890,14:50,167.5,165.4,169.6,179.3,177.5,176.7,166.6,178.3,173.6,165.5,170.6,170.0
ED-0010,891,14:51,167.1,166.7,170.2,178.1,177.1,176.7,167.1,178.3,173.4,164.6,172.4,170.2
ED-0010,892,14:52,167.4,166.3,171.5,178.3,178.4,176.8,166.8,179.2,173.1,165.4,171.4,171.9
ED-0010,893,14:53,168.4,166.5,170.6,179.5,178.5,177.7,166.2,178.2,172.4,165.4,172.1,170.7
ED-0010,894,14:54,167.7,164.9,169.9,178.3,178.3,178.5,167.6,179.3,172.6,165.4,172.4,170.1
ED-0010,895,14:55,168.0,165.3,171.5,178.7,177.7,178.2,167.4,178.7,173.4,165.2,171.3,170.5
ED-0010,896,14:56,168.0,165.2,170.3,177.7,178.0,176.7,167.0,179.1,174.1,165.3,171.7,171.4
ED-0010,897,14:57,168.0,166.0,170.3,178.4,177.1,177.7,166.5,179.6,173.4,165.1,173.2,170.4
ED-0010,898,14:58,168.1,166.8,171.1,178.5,178.7,177.4,168.1,178.2,173.6,165.6,173.3,170.1
ED-0010,899,14:59,168.6,166.1,171.7,179.8,178.1,178.2,167.1,179.7,173.2,165.6,172.0,170.9
ED-0010,900,15:00,168.2,166.0,171.8,178.9,178.3,178.4,166.8,180.6,173.5,166.2,172.5,169.7
ED-0010,901,15:01,168.3,166.9,170.8,179.5,178.4,178.1,167.1,179.2,174.8,166.6,172.4,170.9
ED-0010,902,15:02,168.2,166.9,170.7,179.2,178.2,178.5,167.5,180.2,173.7,166.9,172.2,171.2
ED-0010,903,15:03,168.4,166.8,171.2,180.3,178.5,178.1,167.4,179.9,173.3,166.0,172.0,171.5
ED-0010,904,15:04,168.4,166.8,171.8,179.8,178.9,178.5,167.9,179.4,174.8,165.3,172.2,170.7
ED-0010,905,15:05,168.0,167.2,172.3,179.6,179.7,178.5,167.7,179.6,174.0,167.2,172.8,171.1
ED-0010,906,15:06,169.0,167.2,172.7,181.0,179.1,178.5,168.2,180.1,173.6,166.1,173.2,171.1
ED-0010,907,15:07,168.6,166.6,172.3,179.0,178.6,179.0,167.7,180.7,173.7,164.6,173.4,171.0
ED-0010,908,15:08,169.0,166.9,172.0,179.6,178.8,177.4,167.9,180.1,174.3,166.6,172.2,170.4
ED-0010,909,15:09,168.8,166.3,173.0,178.5,179.7,179.2,168.2,180.8,174.3,165.5,172.7,171.3
ED-0010,910,15:10,168.5,167.0,172.1,179.5,179.1,179.0,168.1,180.4,174.4,166.5,173.4,172.2
ED-0010,911,15:11,168.3,167.4,172.0,179.2,179.4,178.8,168.6,180.4,175.4,166.5,173.4,172.5
ED-0010,912,15:12,170.0,167.2,171.3,180.3,179.2,179.1,168.4,180.8,174.6,166.1,173.7,172.2
ED-0010,913,15:13,169.0,167.6,172.9,180.8,178.6,178.2,168.3,180.4,174.2,167.2,173.6,172.1
ED-0010,914,15:14,169.4,166.7,172.6,180.4,179.5,179.2,167.8,181.2,174.9,166.5,172.5,172.4
ED-0010,915,15:15,169.9,166.8,172.5,179.6,180.2,180.3,168.1,180.8,174.6,167.2,174.4,173.4
ED-0010,916,15:16,169.3,167.2,171.9,180.2,180.1,179.7,168.5,181.3,175.0,166.9,173.6,172.0
ED-0010,917,15:17,169.7,167.9,172.3,179.7,179.9,179.0,168.4,181.4,174.9,167.6,173.4,171.5
ED-0010,918,15:18,169.3,168.2,172.2,180.5,179.1,179.1,168.5,182.2,175.6,166.8,174.3,173.0
ED-0010,919,15:19,170.0,167.8,172.1,180.4,179.4,179.5,167.9,180.8,174.7,166.7,173.0,172.3
ED-0010,920,15:20,169.2,167.9,173.1,181.4,179.4,179.4,169.6,182.4,175.6,167.5,173.7,171.5
ED-0010,921,15:21,169.3,167.7,172.8,181.2,179.8,179.2,168.6,181.1,175.8,167.6,175.2,172.2
ED-0010,922,15:22,169.2,167.3,172.6,180.6,180.1,180.3,169.6,181.3,175.0,167.5,173.6,172.5
ED-0010,923,15:23,169.7,168.0,172.6,180.9,179.8,180.3,169.3,181.0,176.6,167.5,174.4,172.1
ED-0010,924,15:24,170.4,167.6,172.3,180.6,180.2,179.6,169.3,181.9,174.8,168.3,174.9,172.2
ED-0010,925,15:25,169.8,168.1,173.5,181.7,180.4,179.3,169.2,181.4,176.9,168.3,174.7,172.9
ED-0010,926,15:26,170.6,167.7,173.0,180.9,180.9,179.1,169.4,181.3,174.7,168.3,174.6,173.4
ED-0010,927,15:27,170.8,168.3,171.8,181.0,180.9,180.0,169.0,181.5,175.6,167.8,174.4,172.8
ED-0010,928,15:28,170.3,168.3,172.8,181.8,180.8,179.8,170.0,182.0,175.4,168.1,174.6,173.5
ED-0010,929,15:29,171.0,168.0,173.8,181.3,179.6,180.2,169.6,182.4,175.3,167.6,174.3,172.9
ED-0010,930,15:30,170.0,169.0,173.8,181.6,179.6,180.5,169.2,181.8,175.8,168.6,174.6,172.4
ED-0010,931,15:31,171.2,168.2,173.9,181.7,179.5,180.3,170.0,181.9,175.8,167.2,174.5,173.6
ED-0010,932,15:32,170.6,169.0,172.7,182.3,180.2,181.1,169.6,182.5,176.9,168.4,173.9,174.5
ED-0010,933,15:33,170.3,169.2,173.7,181.6,180.1,180.0,168.3,182.9,176.3,168.3,175.2,173.9
ED-0010,934,15:34,170.8,168.8,173.6,182.7,180.8,180.3,169.2,182.1,176.0,167.8,175.0,173.7
ED-0010,935,15:35,170.9,168.7,172.9,181.5,181.1,179.6,170.7,182.2,176.1,168.9,175.0,173.4
ED-0010,936,15:36,171.3,169.8,173.8,183.1,180.9,180.6,170.6,183.3,176.2,168.7,174.8,173.5
ED-0010,937,15:37,170.9,168.8,173.3,181.8,180.6,181.5,169.8,182.5,176.6,168.8,175.1,173.4
ED-0010,938,15:38,171.0,168.8,174.0,182.5,182.0,181.5,170.0,183.3,176.5,167.9,174.3,173.8
ED-0010,939,15:39,171.5,170.0,173.4,182.3,181.3,181.0,169.9,181.6,176.9,168.3,175.3,173.6
ED-0010,940,15:40,171.0,169.2,174.1,182.5,182.1,180.8,170.2,182.9,176.1,168.6,175.2,174.9
ED-0010,941,15:41,170.8,168.4,173.5,182.8,181.5,181.4,170.5,182.2,177.1,169.3,175.4,173.7
ED-0010,942,15:42,170.8,169.7,174.3,182.7,181.8,181.1,170.8,183.4,176.9,169.2,175.8,173.9
ED-0010,943,15:43,171.0,169.2,173.4,182.4,181.5,181.2,170.3,182.6,175.9,168.9,175.3,173.9
ED-0010,944,15:44,171.3,169.8,173.7,182.1,181.6,182.0,170.7,183.0,177.1,168.3,175.1,174.1
ED-0010,945,15:45,172.0,169.9,174.4,181.5,181.6,181.5,170.5,183.1,176.7,168.0,175.5,173.6
ED-0010,946,15:46,171.1,169.8,174.7,183.2,181.5,183.2,170.5,183.3,176.8,168.6,175.5,174.0
ED-0010,947,15:47,172.2,169.5,174.9,182.5,181.3,181.3,171.2,182.6,177.2,168.7,175.0,174.6
ED-0010,948,15:48,171.6,169.3,175.0,182.6,181.7,181.6,170.4,183.6,177.1,170.0,176.8,174.2
ED-0010,949,15:49,170.7,169.2,174.4,182.8,182.2,181.8,170.9,183.1,176.4,169.3,176.3,173.7
ED-0010,950,15:50,171.2,170.2,175.7,182.4,182.5,182.3,170.9,184.0,177.5,168.9,176.4,174.5
ED-0010,951,15:51,171.5,169.6,175.1,182.8,181.8,181.9,171.2,183.3,176.8,168.7,176.1,174.8
ED-0010,952,15:52,172.3,170.0,174.9,183.3,181.8,182.2,171.2,183.1,177.4,169.5,176.4,174.4
ED-0010,953,15:53,172.8,170.7,174.6,182.9,182.8,181.3,171.2,184.7,178.1,169.2,176.5,175.1
ED-0010,954,15:54,171.8,169.8,175.2,182.9,182.4,182.6,171.4,183.5,178.0,169.5,175.5,175.0
ED-0010,955,15:55,171.4,170.8,174.7,182.9,182.7,181.7,172.2,183.9,177.5,169.7,176.7,175.4
ED-0010,956,15:56,171.6,170.2,175.3,184.3,182.4,182.1,171.4,183.9,178.4,168.9,176.6,175.1
ED-0010,957,15:57,171.4,170.6,175.4,183.2,182.7,182.7,170.6,184.7,177.8,168.9,175.4,174.3
ED-0010,958,15:58,171.6,169.9,174.8,184.5,183.5,182.7,172.6,183.8,177.9,169.7,175.6,175.2
ED-0010,959,15:59,172.6,169.9,175.8,183.7,182.8,181.8,172.0,184.5,177.4,169.8,176.0,174.9
ED-0010,960,16:00,173.0,169.8,175.4,183.2,182.9,182.2,172.0,184.5,177.9,169.7,177.0,174.7
ED-0010,961,16:01,172.3,169.8,174.6,183.0,182.9,182.7,171.9,184.4,177.4,170.5,177.0,174.0
ED-0010,962,16:02,171.8,170.3,175.3,183.5,182.4,182.8,172.4,184.0,178.5,169.9,176.5,175.3
ED-0010,963,16:03,172.7,170.1,175.7,183.7,183.7,182.8,172.1,184.2,177.9,170.9,177.1,176.1
ED-0010,964,16:04,172.4,171.1,176.1,183.9,182.8,182.5,172.7,184.1,179.1,170.2,176.7,175.0
ED-0010,965,16:05,172.4,171.2,176.4,183.7,183.6,183.1,172.3,184.4,177.3,169.7,178.0,175.5
ED-0010,966,16:06,173.6,170.9,175.3,183.2,183.2,182.3,172.1,185.5,178.4,169.7,177.4,176.5
ED-0010,967,16:07,172.8,170.6,176.2,184.1,183.7,183.6,172.6,185.3,178.4,169.9,176.6,176.7
ED-0010,968,16:08,172.9,171.2,175.5,184.2,183.9,183.2,172.0,185.8,178.2,170.7,176.9,175.4
ED-0010,969,16:09,172.9,170.9,176.1,184.5,182.9,183.1,173.2,184.9,179.0,170.8,177.3,176.2
ED-0010,970,16:10,173.0,170.9,176.1,184.5,183.9,183.7,173.6,184.2,178.7,170.8,176.4,175.4
ED-0010,971,16:11,173.4,171.5,176.7,185.3,183.9,183.7,171.4,184.4,179.4,170.5,177.6,176.4
ED-0010,972,16:12,172.3,171.0,176.0,184.0,183.2,183.7,172.0,184.5,178.4,170.5,177.8,175.9
ED-0010,973,16:13,174.3,170.9,176.2,184.5,183.0,183.3,172.1,185.1,179.3,170.7,178.1,176.1
ED-0010,974,16:14,174.3,171.1,176.7,185.0,184.3,183.7,172.5,184.8,179.5,170.2,178.5,176.9
ED-0010,975,16:15,174.1,171.7,175.5,184.8,184.3,182.9,172.4,184.9,178.8,170.1,177.0,176.1
ED-0010,976,16:16,173.3,171.6,175.8,184.8,184.2,183.3,173.3,185.2,179.1,171.2,177.5,176.9
ED-0010,977,16:17,173.6,171.5,176.8,184.9,184.2,183.2,173.2,186.2,179.7,171.2,178.0,176.6
ED-0010,978,16:18,173.7,171.2,176.3,185.7,183.9,184.1,172.9,186.5,179.0,170.8,177.9,176.1
ED-0010,979,16:19,174.3,171.3,175.8,184.8,184.5,183.5,172.5,185.7,179.7,170.8,178.6,176.3
ED-0010,980,16:20,173.4,171.1,176.2,185.3,184.2,184.3,173.6,185.8,179.4,171.5,178.6,177.5
ED-0010,981,16:21,173.7,172.6,176.5,183.9,183.9,184.0,173.4,185.7,179.1,170.8,178.1,177.8
ED-0010,982,16:22,173.9,171.1,177.3,184.6,185.1,183.3,173.3,185.7,179.7,171.3,178.0,177.1
ED-0010,983,16:23,174.0,171.4,177.1,185.3,185.1,184.0,174.7,185.6,179.4,172.2,178.0,176.8
ED-0010,984,16:24,173.2,172.5,177.0,186.0,185.2,184.1,172.8,185.6,180.3,171.6,178.1,177.6
ED-0010,985,16:25,173.8,172.4,177.6,185.9,185.5,184.7,173.6,185.4,180.4,171.6,177.8,176.6
ED-0010,986,16:26,173.3,173.1,177.2,185.3,184.8,184.2,173.0,186.2,179.0,171.5,178.0,177.9
ED-0010,987,16:27,174.5,172.0,177.2,185.8,185.0,185.1,174.1,186.1,179.5,171.7,179.1,176.3
ED-0010,988,16:28,173.6,172.9,177.2,185.2,185.0,185.2,173.6,186.6,178.7,171.6,178.2,177.7
ED-0010,989,16:29,174.4,172.8,177.4,185.5,184.9,184.2,173.7,185.5,179.9,171.6,179.2,176.4
ED-0010,990,16:30,174.7,171.6,177.2,185.6,185.5,184.6,174.2,185.8,179.3,172.6,177.7,176.9
ED-0010,991,16:31,174.5,172.9,177.7,185.4,185.5,184.6,173.3,187.4,180.0,172.2,178.8,177.0
ED-0010,992,16:32,173.9,172.9,177.6,185.8,185.3,185.7,173.3,187.0,180.1,171.9,178.3,177.6
ED-0010,993,16:33,175.4,172.3,178.6,186.1,184.9,184.6,173.9,187.7,179.8,172.9,178.6,176.8
ED-0010,994,16:34,174.1,172.9,178.1,185.2,184.9,184.8,174.4,187.6,180.0,171.3,179.1,177.2
ED-0010,995,16:35,175.9,173.2,177.9,186.3,185.9,185.5,174.8,186.9,180.9,171.9,179.8,177.9
ED-0010,996,16:36,174.9,172.6,177.7,186.7,186.6,185.5,174.2,186.8,180.1,171.9,179.4,178.6
ED-0010,997,16:37,174.7,172.3,177.6,186.3,186.2,185.4,173.8,187.4,180.4,171.7,178.7,177.5
ED-0010,998,16:38,175.3,173.0,178.4,185.7,185.5,185.3,174.3,186.4,180.3,171.7,179.5,178.1
ED-0010,999,16:39,174.9,172.9,178.0,186.3,186.0,185.4,174.2,187.3,180.5,172.0,179.9,177.7
ED-0010,1000,16:40,174.8,173.0,178.4,186.3,184.7,184.5,174.7,186.4,180.1,172.4,180.2,178.4
ED-0010,1001,16:41,175.2,172.3,178.4,186.3,185.2,185.7,175.0,186.9,180.7,172.8,179.3,177.9
ED-0010,1002,16:42,175.5,173.2,178.3,187.6,186.7,186.3,175.1,187.1,180.2,173.0,179.4,178.3
ED-0010,1003,16:43,174.9,172.5,177.7,187.6,186.5,185.9,174.8,187.9,180.1,172.6,178.9,178.6
ED-0010,1004,16:44,175.1,173.2,177.8,186.1,185.9,185.8,175.4,187.3,180.9,172.5,179.3,178.1
ED-0010,1005,16:45,175.4,172.8,178.8,186.0,186.4,186.6,174.4,187.8,181.0,172.4,179.5,177.5
ED-0010,1006,16:46,174.9,173.0,179.1,187.6,186.0,185.3,175.2,186.7,181.1,172.9,179.7,177.8
ED-0010,1007,16:47,174.7,173.1,178.4,187.0,186.2,186.1,174.8,187.6,180.9,172.7,180.1,179.2
ED-0010,1008,16:48,176.5,173.3,177.8,186.4,186.5,186.4,174.8,187.6,180.8,172.7,181.1,178.8
ED-0010,1009,16:49,175.3,173.6,179.3,186.9,186.3,186.5,174.3,187.4,181.7,172.8,179.3,178.9
ED-0010,1010,16:50,175.5,172.9,179.6,188.3,186.5,186.4,174.9,188.3,181.6,172.8,181.0,177.7
ED-0010,1011,16:51,176.2,172.9,178.6,187.2,186.7,186.4,175.3,187.9,181.1,173.1,180.3,178.7
ED-0010,1012,16:52,176.5,174.0,179.1,186.9,186.7,185.8,176.0,187.8,180.7,173.8,179.9,178.3
ED-0010,1013,16:53,175.4,172.3,180.1,187.4,186.5,186.5,175.2,188.8,181.0,172.6,180.7,178.9
ED-0010,1014,16:54,176.1,174.1,179.7,187.6,187.1,186.2,176.0,188.4,181.6,173.3,179.6,178.9
ED-0010,1015,16:55,175.6,174.1,178.2,187.4,187.3,187.0,175.2,188.5,181.7,172.8,180.2,178.2
ED-0010,1016,16:56,176.5,174.0,178.1,187.0,186.5,187.1,175.4,188.5,181.5,173.5,179.9,178.7
ED-0010,1017,16:57,176.4,174.2,178.9,187.6,186.9,186.9,175.2,188.7,181.0,173.6,180.3,179.6
ED-0010,1018,16:58,175.5,174.2,178.1,187.9,186.6,186.1,176.0,187.3,181.7,173.0,181.1,178.6
ED-0010,1019,16:59,176.8,173.3,179.7,187.8,187.2,185.9,175.6,188.6,182.5,173.1,179.5,178.7
ED-0010,1020,17:00,176.3,175.0,180.2,187.5,187.7,186.7,175.4,188.5,181.6,173.8,180.5,178.7
ED-0010,1021,17:01,176.3,174.4,179.2,187.3,187.6,187.2,175.6,188.0,182.5,174.2,180.9,179.0
ED-0010,1022,17:02,175.8,174.9,179.4,188.1,188.2,186.6,177.1,188.1,182.0,173.6,179.9,179.5
ED-0010,1023,17:03,176.4,174.1,180.2,187.7,187.5,186.7,176.4,188.9,182.0,174.1,181.1,179.3
ED-0010,1024,17:04,176.6,175.4,178.9,187.7,187.3,187.6,176.0,189.2,182.2,174.0,181.6,178.5
ED-0010,1025,17:05,176.5,173.3,178.7,188.2,186.6,187.0,176.7,187.9,182.7,173.2,180.2,179.0
ED-0010,1026,17:06,177.3,174.7,180.0,187.4,188.7,186.8,176.2,188.6,182.1,174.4,181.5,180.1
ED-0010,1027,17:07,177.4,174.3,179.5,187.5,187.6,186.4,176.3,189.2,182.2,174.2,180.3,179.7
ED-0010,1028,17:08,176.6,174.3,179.9,187.9,187.9,188.5,175.8,188.8,182.4,174.0,182.1,179.2
ED-0010,1029,17:09,176.0,174.6,180.6,188.9,188.0,187.3,175.8,189.0,182.5,174.4,181.2,179.8
ED-0010,1030,17:10,176.9,173.6,180.0,188.5,188.6,187.0,175.1,188.6,182.7,174.4,181.0,179.5
ED-0010,1031,17:11,177.1,175.0,180.6,188.8,187.4,187.6,177.1,190.1,182.7,174.5,180.7,179.4
ED-0010,1032,17:12,176.8,175.2,179.2,187.9,188.1,187.3,176.3,189.2,182.0,174.5,182.3,179.9
ED-0010,1033,17:13,176.7,173.2,180.2,189.4,188.4,187.5,177.3,189.5,182.6,174.2,181.9,179.4
ED-0010,1034,17:14,177.8,174.5,179.6,188.2,187.7,188.4,177.2,189.4,183.1,174.4,181.5,180.8
ED-0010,1035,17:15,177.7,175.9,181.3,189.2,188.2,187.3,176.9,189.1,182.9,175.1,181.3,180.7
ED-0010,1036,17:16,176.9,174.7,180.1,189.4,187.7,186.9,176.7,189.7,182.7,174.5,181.0,179.9
ED-0010,1037,17:17,178.5,175.7,180.7,189.0,188.4,187.8,176.7,189.5,182.8,174.6,181.1,180.3
ED-0010,1038,17:18,177.7,175.3,180.4,188.4,188.4,187.7,176.6,189.9,183.7,174.0,181.4,181.1
ED-0010,1039,17:19,177.7,176.4,180.5,188.9,187.6,188.9,176.8,189.4,182.6,174.9,182.3,181.2
ED-0010,1040,17:20,177.5,176.4,180.3,188.3,187.7,188.5,177.1,190.3,182.7,174.4,182.3,181.2
ED-0010,1041,17:21,177.3,176.7,180.9,188.5,188.7,188.7,176.8,190.0,183.1,174.9,181.8,181.1
ED-0010,1042,17:22,177.5,175.4,180.8,189.2,188.7,188.3,176.9,190.6,183.2,175.0,181.5,180.2
ED-0010,1043,17:23,177.7,176.7,181.4,189.4,188.9,187.4,177.6,190.5,184.2,175.8,181.7,181.2
ED-0010,1044,17:24,177.9,174.9,180.4,189.8,189.1,188.4,178.0,190.2,183.3,175.1,182.1,179.7
ED-0010,1045,17:25,177.7,175.4,181.0,189.5,188.7,188.8,177.5,190.2,183.4,175.4,182.1,180.7
ED-0010,1046,17:26,177.8,175.3,180.6,188.9,188.6,188.0,176.9,189.5,184.3,175.3,181.9,180.3
ED-0010,1047,17:27,178.2,176.1,180.7,189.2,189.5,189.4,178.0,190.4,184.2,174.9,182.2,181.4
ED-0010,1048,17:28,178.2,176.5,180.9,188.9,190.0,188.8,178.0,190.3,183.4,176.0,182.9,181.4
ED-0010,1049,17:29,178.1,176.8,180.8,189.8,188.9,188.7,178.8,190.5,184.0,176.0,182.5,181.9
ED-0010,1050,17:30,178.7,175.6,180.7,189.0,189.4,189.4,177.4,191.0,183.9,175.6,182.6,181.5
ED-0010,1051,17:31,178.0,176.6,180.7,189.0,189.2,188.7,177.3,191.7,184.2,175.5,183.8,182.0
ED-0010,1052,17:32,178.9,175.8,181.8,190.5,190.0,189.1,176.8,190.9,184.5,175.5,182.5,181.2
ED-0010,1053,17:33,179.2,176.2,181.6,189.6,190.0,188.3,178.1,192.0,184.3,175.4,183.5,180.6
ED-0010,1054,17:34,178.5,176.4,181.4,190.8,189.7,189.0,176.8,191.0,184.6,175.2,183.2,181.0
ED-0010,1055,17:35,178.7,176.6,181.3,189.6,189.5,189.3,178.7,190.2,184.1,176.2,182.9,181.0
ED-0010,1056,17:36,178.9,176.2,181.6,190.0,189.7,189.7,178.3,191.5,184.7,174.9,182.5,180.8
ED-0010,1057,17:37,178.8,176.8,182.4,191.4,189.2,189.8,177.3,190.9,184.8,175.8,183.5,182.1
ED-0010,1058,17:38,178.2,177.0,181.0,189.7,189.9,189.4,178.6,191.2,184.0,174.5,182.9,181.7
ED-0010,1059,17:39,178.0,175.8,181.8,189.9,190.3,189.6,178.6,191.1,184.6,176.5,182.5,181.3
ED-0010,1060,17:40,179.6,176.8,181.5,190.8,190.6,189.9,179.1,190.7,182.8,176.1,183.0,181.4
ED-0010,1061,17:41,178.7,176.4,181.3,190.8,189.9,189.7,178.3,190.9,183.9,175.6,184.1,181.0
ED-0010,1062,17:42,179.4,176.9,181.7,190.6,189.7,189.2,178.0,191.3,185.1,176.0,183.0,182.0
ED-0010,1063,17:43,178.2,176.3,181.6,190.3,190.5,189.5,179.3,190.6,184.2,176.0,183.4,181.4
ED-0010,1064,17:44,179.2,177.1,182.1,190.2,191.2,189.8,178.9,191.7,185.1,176.6,183.3,181.5
ED-0010,1065,17:45,179.2,176.9,181.9,190.5,190.9,189.5,178.6,190.8,185.0,176.2,183.3,182.3
ED-0010,1066,17:46,180.4,176.1,181.9,190.6,189.6,190.4,177.9,191.6,185.1,176.9,184.5,182.5
ED-0010,1067,17:47,178.7,177.2,181.5,191.6,190.6,190.7,178.1,191.7,185.0,175.8,184.1,181.3
ED-0010,1068,17:48,178.7,177.2,182.6,190.8,190.6,190.6,178.9,191.3,184.8,175.7,184.4,182.4
ED-0010,1069,17:49,178.8,177.5,183.0,190.3,190.2,189.5,178.6,192.2,185.4,176.8,184.1,182.7
ED-0010,1070,17:50,180.0,178.2,182.9,191.2,190.7,191.2,178.6,190.8,185.2,176.9,182.9,182.9
ED-0010,1071,17:51,179.2,177.6,182.5,191.6,190.7,190.9,179.8,191.8,185.4,176.4,183.4,182.1
ED-0010,1072,17:52,179.0,177.0,182.0,191.6,191.3,190.7,179.6,192.0,184.8,177.1,183.9,182.1
ED-0010,1073,17:53,180.1,177.0,182.5,191.6,189.8,190.5,179.2,192.3,185.6,177.4,184.0,183.1
ED-0010,1074,17:54,179.6,177.1,182.4,191.3,190.0,190.3,178.9,192.5,185.3,176.9,184.3,182.8
ED-0010,1075,17:55,179.5,177.7,182.2,191.1,191.1,191.2,178.9,191.9,185.5,177.7,183.9,182.5
ED-0010,1076,17:56,180.7,177.8,183.3,191.0,191.5,190.1,179.7,191.8,185.8,177.4,183.7,183.1
ED-0010,1077,17:57,180.3,177.4,182.6,191.8,191.1,191.3,179.2,192.0,185.0,176.9,184.0,183.1
ED-0010,1078,17:58,180.5,177.9,182.3,191.0,190.7,191.5,178.6,193.4,185.6,177.7,185.0,182.8
ED-0010,1079,17:59,180.0,177.8,183.2,190.9,190.9,190.4,179.5,192.4,184.5,176.9,185.5,182.2
ED-0010,1080,18:00,180.4,178.0,183.1,192.1,191.3,190.9,179.8,191.8,184.8,177.9,185.1,182.7
ED-0010,1081,18:01,180.1,177.8,183.3,192.9,191.5,190.2,181.0,192.6,185.2,177.8,183.1,183.3
ED-0010,1082,18:02,180.4,178.4,183.7,192.3,190.6,191.5,179.1,191.8,186.0,176.6,183.8,182.4
ED-0010,1083,18:03,180.1,178.0,182.6,190.9,190.9,190.9,179.8,192.2,186.3,177.2,184.5,184.2
ED-0010,1084,18:04,180.9,177.4,182.9,191.6,191.9,191.4,180.3,192.6,186.0,177.0,184.1,181.9
ED-0010,1085,18:05,179.7,178.9,183.1,192.2,191.8,191.4,180.1,193.3,186.7,176.8,184.8,183.7
ED-0010,1086,18:06,180.8,178.0,183.6,191.5,191.7,190.7,179.1,193.4,186.5,177.0,184.0,183.4
ED-0010,1087,18:07,180.3,178.6,183.4,193.4,191.8,191.0,179.9,192.5,186.7,177.5,185.1,184.1
ED-0010,1088,18:08,180.6,178.2,182.9,191.5,191.3,192.8,180.8,193.7,185.9,177.1,184.3,184.3
ED-0010,1089,18:09,180.2,178.4,183.3,192.2,192.6,191.1,179.5,193.0,186.0,177.5,185.0,182.9
ED-0010,1090,18:10,181.0,178.7,183.1,192.9,191.6,191.5,180.4,192.4,187.1,178.0,186.1,183.5
ED-0010,1091,18:11,181.0,179.0,184.5,191.9,191.6,191.9,179.8,194.0,186.5,178.3,185.0,184.5
ED-0010,1092,18:12,180.4,178.7,183.8,191.6,191.2,191.6,179.6,193.0,185.9,177.9,185.2,183.7
ED-0010,1093,18:13,181.1,179.3,183.5,191.9,192.3,192.2,180.4,193.6,186.7,177.7,184.5,182.5
ED-0010,1094,18:14,180.4,178.2,183.4,192.6,193.1,191.2,180.8,194.2,185.6,177.5,185.5,183.8
ED-0010,1095,18:15,182.1,178.4,182.8,193.0,192.2,192.2,180.1,193.0,187.1,177.0,186.0,184.6
ED-0010,1096,18:16,181.1,178.8,183.5,193.4,191.9,191.7,180.1,193.3,186.6,178.4,185.3,184.3
ED-0010,1097,18:17,181.3,178.1,183.4,192.9,191.6,190.7,180.9,193.7,186.5,178.2,185.2,183.7
ED-0010,1098,18:18,181.9,178.6,185.0,192.6,191.6,192.4,180.7,193.2,187.8,178.1,184.3,184.4
ED-0010,1099,18:19,180.9,178.3,184.2,193.4,192.3,192.0,179.6,194.3,187.7,178.1,185.5,183.8
ED-0010,1100,18:20,181.4,178.6,184.1,192.4,192.3,192.1,180.7,193.9,186.9,178.3,185.5,184.7
ED-0010,1101,18:21,180.6,179.0,183.2,192.4,192.4,192.6,180.9,193.6,186.9,178.1,185.3,184.1
ED-0010,1102,18:22,181.0,179.7,184.4,192.2,192.7,193.1,181.1,193.9,187.4,178.9,185.8,183.8
ED-0010,1103,18:23,181.0,178.7,184.4,192.9,192.4,192.4,181.1,193.9,186.8,178.6,184.9,184.1
ED-0010,1104,18:24,181.7,179.4,184.7,193.2,192.6,192.4,181.2,194.8,187.2,178.6,186.6,184.6
ED-0010,1105,18:25,181.5,179.2,184.0,192.9,192.4,192.1,181.5,193.7,186.9,178.4,185.8,183.7
ED-0010,1106,18:26,182.3,179.5,184.2,193.8,192.5,192.8,180.1,194.4,188.1,178.6,186.6,184.3
ED-0010,1107,18:27,181.1,178.9,183.7,192.9,193.2,192.3,180.5,194.4,187.3,178.5,186.0,184.9
ED-0010,1108,18:28,181.9,179.4,185.1,194.2,193.8,192.7,181.3,195.2,187.1,179.3,186.5,184.9
ED-0010,1109,18:29,181.0,178.5,185.1,194.2,193.2,193.2,180.7,194.7,187.3,179.4,186.3,185.5
ED-0010,1110,18:30,182.1,179.1,184.4,193.8,193.7,192.5,181.9,195.4,188.0,179.1,186.8,184.7
ED-0010,1111,18:31,181.1,179.7,183.8,194.6,192.5,193.1,181.7,194.8,188.0,178.6,185.6,185.9
ED-0010,1112,18:32,182.5,179.1,185.6,193.9,193.0,192.6,181.2,194.9,187.1,180.0,186.1,184.8
ED-0010,1113,18:33,180.7,179.4,183.6,194.0,193.4,193.7,180.7,194.5,187.8,178.9,186.5,184.7
ED-0010,1114,18:34,181.0,180.4,185.0,194.2,193.2,192.8,182.3,194.7,187.0,179.9,186.1,185.3
ED-0010,1115,18:35,182.6,180.3,185.4,193.0,194.4,191.9,182.9,195.1,187.5,179.2,186.6,185.4
ED-0010,1116,18:36,182.5,179.0,184.5,193.9,193.8,192.6,181.6,195.0,188.1,179.4,186.3,185.9
ED-0010,1117,18:37,182.5,180.1,185.9,194.4,193.3,193.2,181.9,195.2,187.5,179.4,186.7,184.9
ED-0010,1118,18:38,182.3,179.8,184.4,194.2,193.4,193.7,181.5,194.4,187.9,179.5,187.2,185.9
ED-0010,1119,18:39,182.5,179.9,184.2,194.0,193.5,193.4,182.2,195.3,187.8,179.3,186.9,184.8
ED-0010,1120,18:40,182.3,180.3,185.6,194.0,193.6,193.2,182.9,195.0,188.1,179.1,187.3,185.2
ED-0010,1121,18:41,183.1,181.0,185.3,194.1,193.5,192.2,182.2,194.8,187.3,179.6,186.5,186.4
ED-0010,1122,18:42,183.2,180.0,185.8,194.3,193.7,194.5,181.5,195.4,188.5,180.4,187.0,186.0
ED-0010,1123,18:43,183.1,180.6,185.8,194.2,194.3,193.9,182.9,195.7,188.4,179.4,187.6,185.7
ED-0010,1124,18:44,182.8,180.3,185.3,194.2,194.1,193.3,182.1,195.2,188.2,179.3,187.3,186.0
ED-0010,1125,18:45,182.7,180.6,185.9,193.6,194.4,193.9,183.5,195.3,188.6,180.2,187.0,185.4
ED-0010,1126,18:46,182.5,180.9,186.0,194.2,194.5,193.6,180.5,195.6,188.7,179.6,187.2,186.8
ED-0010,1127,18:47,183.4,181.5,185.9,194.0,194.3,193.5,182.0,195.8,187.3,180.6,187.4,186.1
ED-0010,1128,18:48,183.4,181.2,185.9,194.8,194.1,194.0,181.8,195.9,188.9,179.8,186.8,184.9
ED-0010,1129,18:49,183.7,181.4,185.9,194.2,193.5,193.8,182.0,195.6,187.9,180.3,187.5,185.4
ED-0010,1130,18:50,182.8,181.2,184.9,194.4,194.3,193.5,182.9,195.8,189.0,180.1,187.1,186.8
ED-0010,1131,18:51,184.0,180.7,185.9,195.1,194.3,194.7,182.8,195.9,188.7,180.0,187.9,185.1
ED-0010,1132,18:52,183.0,181.1,185.6,194.7,194.1,194.6,183.5,196.0,189.2,179.6,187.7,186.1
ED-0010,1133,18:53,183.0,180.4,186.7,195.1,195.1,193.8,182.3,195.6,189.4,181.0,187.5,185.9
ED-0010,1134,18:54,182.8,181.5,185.7,195.2,194.4,194.2,182.7,196.4,189.7,180.8,187.2,185.7
ED-0010,1135,18:55,183.9,180.9,186.5,195.3,195.4,194.3,182.0,195.5,187.5,180.2,187.8,186.6
ED-0010,1136,18:56,183.4,180.5,185.9,195.0,194.7,195.6,182.6,196.3,189.5,179.9,187.9,185.8
ED-0010,1137,18:57,184.3,181.8,186.1,194.9,195.4,194.9,183.2,194.7,189.3,180.2,188.1,185.9
ED-0010,1138,18:58,183.1,180.3,186.5,195.2,194.9,194.5,182.6,195.8,188.9,180.7,187.9,186.5
ED-0010,1139,18:59,184.2,181.5,186.6,194.9,195.6,194.0,182.7,196.1,189.6,180.7,187.9,186.5
ED-0010,1140,19:00,184.1,181.8,186.2,194.6,194.5,194.2,183.3,196.1,189.5,180.1,187.8,186.6
ED-0010,1141,19:01,183.1,181.3,186.3,195.1,195.2,194.0,182.9,195.8,189.6,181.1,187.2,187.3
ED-0010,1142,19:02,185.0,181.5,186.8,195.8,195.1,195.6,183.9,196.2,188.8,181.3,188.3,186.8
ED-0010,1143,19:03,183.4,180.0,185.5,195.8,193.7,194.8,184.0,196.4,190.4,179.7,188.1,186.9
ED-0010,1144,19:04,183.2,181.4,186.1,195.4,195.6,195.4,183.7,196.3,189.2,180.7,188.2,187.1
ED-0010,1145,19:05,183.1,180.9,186.5,195.4,195.3,194.0,183.7,196.9,189.9,179.8,187.9,186.7
ED-0010,1146,19:06,183.6,182.1,188.3,196.3,195.4,195.6,183.8,197.3,188.6,180.7,188.3,187.7
ED-0010,1147,19:07,184.8,181.6,186.9,195.8,194.4,194.9,182.8,196.7,190.4,180.8,187.8,187.8
ED-0010,1148,19:08,184.7,181.8,187.3,195.3,195.0,194.9,183.6,197.2,190.3,180.9,188.2,186.8
ED-0010,1149,19:09,184.3,180.7,186.7,195.0,195.8,195.7,183.6,196.2,189.1,181.2,188.0,187.2
ED-0010,1150,19:10,184.0,181.6,186.7,195.3,195.2,194.9,184.3,197.0,190.0,181.8,188.6,186.6
ED-0010,1151,19:11,184.2,181.6,186.2,196.5,195.6,195.7,183.6,196.7,189.3,181.0,189.4,187.0
ED-0010,1152,19:12,185.1,181.9,187.3,195.5,195.9,195.0,183.5,196.4,190.2,181.6,188.4,187.5
ED-0010,1153,19:13,184.6,181.5,188.0,195.4,195.6,195.2,183.9,198.6,190.3,181.7,189.0,187.3
ED-0010,1154,19:14,184.7,181.7,187.2,195.6,196.9,195.5,184.1,197.1,190.1,181.7,187.5,187.3
ED-0010,1155,19:15,185.2,182.4,188.0,196.3,196.7,196.2,183.7,196.3,190.3,182.2,189.2,187.2
ED-0010,1156,19:16,184.1,181.1,187.4,196.1,195.9,195.3,184.3,197.3,190.8,181.4,188.8,187.4
ED-0010,1157,19:17,184.5,181.9,186.7,195.5,195.6,195.8,184.5,196.6,190.2,181.0,189.4,187.5
ED-0010,1158,19:18,184.2,182.1,187.7,196.2,195.3,196.3,184.0,197.2,190.3,181.4,189.4,188.2
ED-0010,1159,19:19,184.7,181.3,186.8,195.3,195.6,195.8,184.7,198.1,190.9,180.9,188.3,188.7
ED-0010,1160,19:20,185.2,181.9,187.4,196.4,196.2,195.6,184.1,197.8,190.9,182.2,189.4,189.0
ED-0010,1161,19:21,185.2,181.9,187.8,196.7,196.4,196.4,183.5,197.4,190.3,180.9,189.0,188.1
ED-0010,1162,19:22,185.3,182.5,187.9,197.2,196.6,197.4,184.8,197.6,191.1,182.1,189.4,187.9
ED-0010,1163,19:23,184.3,182.5,187.7,196.6,196.3,196.4,184.6,198.3,190.3,182.0,189.7,188.3
ED-0010,1164,19:24,183.7,181.8,186.8,197.6,197.6,196.8,184.1,197.3,190.6,182.0,189.5,188.1
ED-0010,1165,19:25,185.0,182.4,188.1,196.8,197.1,196.7,184.6,197.6,191.3,181.6,189.8,187.6
ED-0010,1166,19:26,185.1,182.5,187.2,196.7,196.7,196.3,186.1,197.9,190.8,181.5,188.9,188.4
ED-0010,1167,19:27,185.0,183.0,187.7,196.6,196.1,197.9,184.6,197.3,190.2,181.9,189.8,187.8
ED-0010,1168,19:28,186.1,183.0,188.4,196.4,195.8,195.7,185.0,198.0,191.7,182.3,190.2,188.3
ED-0010,1169,19:29,185.5,182.2,188.4,196.5,196.4,196.6,184.7,198.4,190.8,182.1,189.6,188.5
ED-0010,1170,19:30,185.1,183.2,187.9,197.2,197.0,195.8,184.3,197.6,191.2,182.4,189.4,188.2
ED-0010,1171,19:31,185.3,184.5,188.2,196.6,197.4,197.7,185.1,198.2,190.0,182.3,189.1,189.0
ED-0010,1172,19:32,185.8,182.7,188.6,197.8,196.0,196.1,185.4,197.8,191.1,182.6,189.4,188.3
ED-0010,1173,19:33,184.8,183.7,187.2,196.1,196.3,196.8,185.6,198.4,190.7,182.1,190.9,187.6
ED-0010,1174,19:34,186.4,183.5,188.5,196.8,196.6,197.3,185.3,199.0,191.8,182.9,190.1,188.9
ED-0010,1175,19:35,186.8,183.0,189.1,197.2,197.2,196.9,184.6,198.3,191.3,182.1,189.3,188.2
ED-0010,1176,19:36,184.4,183.0,188.8,197.5,197.0,196.9,184.7,199.3,190.8,182.7,189.4,188.8
ED-0010,1177,19:37,185.8,183.4,189.6,197.7,196.9,196.8,184.7,198.2,190.8,183.0,190.6,188.2
ED-0010,1178,19:38,186.1,183.0,188.0,197.4,197.1,196.4,185.6,199.3,191.0,182.0,189.2,188.8
ED-0010,1179,19:39,185.8,183.3,187.8,197.0,196.8,197.0,185.5,199.2,191.4,183.3,190.4,189.5
ED-0010,1180,19:40,185.4,183.5,189.0,197.6,196.7,197.0,185.8,198.8,191.3,183.0,188.8,188.7
ED-0010,1181,19:41,186.5,183.8,189.2,198.0,197.3,196.6,185.0,199.4,192.0,182.6,190.0,189.4
ED-0010,1182,19:42,185.8,183.4,188.5,196.9,196.6,197.5,185.4,198.8,192.0,181.8,190.6,188.9
ED-0010,1183,19:43,186.3,184.2,188.8,198.5,197.6,197.1,185.4,198.9,191.5,182.7,190.2,189.7
ED-0010,1184,19:44,185.8,184.6,189.3,197.6,197.5,197.2,186.2,198.0,191.3,183.2,190.9,188.4
ED-0010,1185,19:45,186.0,184.2,187.7,197.4,198.1,197.7,185.3,199.2,190.7,182.7,190.9,189.4
ED-0010,1186,19:46,186.3,182.9,188.5,198.2,197.2,197.3,186.2,198.8,192.4,182.5,190.6,188.9
ED-0010,1187,19:47,186.1,185.1,188.8,198.1,198.1,197.4,185.9,199.3,192.3,183.2,190.8,189.6
ED-0010,1188,19:48,186.4,183.5,188.3,197.7,197.7,198.0,186.0,198.6,192.1,183.1,190.0,189.6
ED-0010,1189,19:49,187.2,183.4,190.0,198.3,198.0,197.3,185.5,199.3,192.4,183.0,190.6,189.2
ED-0010,1190,19:50,186.1,184.3,188.5,198.3,198.5,197.6,186.1,199.1,191.6,182.0,191.1,189.9
ED-0010,1191,19:51,186.7,184.6,188.8,197.5,197.8,197.0,185.5,199.2,191.6,183.9,190.6,189.1
ED-0010,1192,19:52,187.2,184.4,190.2,198.6,198.2,198.2,185.9,199.9,191.9,183.6,190.6,189.5
ED-0010,1193,19:53,187.0,184.9,190.0,198.1,198.5,198.6,186.4,198.9,191.8,183.0,190.6,189.6
ED-0010,1194,19:54,186.8,185.2,189.8,197.4,197.4,197.9,186.5,198.9,192.1,183.6,191.3,189.3
ED-0010,1195,19:55,186.5,184.8,190.2,199.0,198.9,198.9,185.5,199.6,193.0,183.5,192.0,190.3
ED-0010,1196,19:56,186.9,185.0,190.1,198.7,198.2,198.6,186.7,200.7,192.4,183.8,190.7,189.7
ED-0010,1197,19:57,186.2,183.8,189.6,198.4,198.4,197.7,186.8,199.5,192.2,184.2,190.1,189.6
ED-0010,1198,19:58,187.3,184.0,189.8,198.9,198.5,198.1,186.3,199.3,192.6,184.0,191.0,189.6
ED-0010,1199,19:59,186.1,184.4,190.5,199.1,197.7,198.7,186.8,200.5,191.9,183.7,191.2,190.4
ED-0010,1200,20:00,187.6,184.8,189.2,197.6,198.9,198.3,186.7,200.1,192.4,184.2,190.9,189.2
ED-0010,1201,20:01,187.2,184.6,190.2,197.9,199.0,198.5,186.5,200.8,192.5,184.0,190.2,190.4
ED-0010,1202,20:02,186.9,185.2,189.2,200.0,198.9,198.1,186.4,200.1,193.3,183.8,191.4,190.3
ED-0010,1203,20:03,186.4,184.5,189.7,198.3,199.2,198.7,187.0,199.4,193.9,183.4,191.7,190.5
ED-0010,1204,20:04,186.7,184.3,190.3,198.6,199.3,199.2,187.3,201.0,192.8,184.7,192.1,190.1
ED-0010,1205,20:05,187.2,183.8,190.2,200.4,198.9,198.5,186.6,200.6,191.8,183.3,191.2,190.2
ED-0010,1206,20:06,186.6,184.5,189.7,198.7,199.1,198.7,186.8,200.0,192.6,184.0,191.4,189.8
ED-0010,1207,20:07,187.6,185.2,189.5,199.3,198.7,199.5,187.9,200.5,193.9,183.8,191.6,190.3
ED-0010,1208,20:08,187.9,184.9,190.9,198.4,199.2,198.8,187.1,199.9,193.8,183.1,191.5,190.3
ED-0010,1209,20:09,186.5,184.8,190.4,199.1,199.0,198.5,187.4,200.7,193.9,183.7,191.7,191.3
ED-0010,1210,20:10,187.9,185.6,190.0,199.2,199.6,198.1,187.5,200.8,193.2,184.8,191.6,190.1
ED-0010,1211,20:11,188.1,185.5,191.4,200.2,199.8,199.5,188.0,201.0,193.0,184.2,192.0,190.6
ED-0010,1212,20:12,187.8,185.5,190.2,199.3,200.2,199.8,187.7,200.7,193.3,184.2,192.1,191.4
ED-0010,1213,20:13,188.0,185.3,190.0,199.7,199.6,199.1,186.8,201.1,193.3,184.4,192.3,191.0
ED-0010,1214,20:14,187.3,185.5,190.7,198.9,199.0,199.0,186.2,200.1,193.1,183.9,190.7,190.8
ED-0010,1215,20:15,188.3,185.5,190.5,198.7,199.4,199.1,187.6,200.4,193.1,184.6,192.9,190.9
ED-0010,1216,20:16,187.7,185.3,190.4,199.6,199.0,199.9,187.6,200.1,193.9,184.6,192.7,191.1
ED-0010,1217,20:17,189.2,184.9,190.1,199.2,200.0,199.7,187.3,201.1,193.5,184.4,191.8,191.2
ED-0010,1218,20:18,187.5,185.1,191.0,198.6,199.5,199.0,187.9,201.3,193.5,184.2,192.4,191.2
ED-0010,1219,20:19,188.0,184.6,190.8,199.6,199.7,199.8,187.6,201.7,194.0,184.3,192.5,191.6
ED-0010,1220,20:20,187.6,185.5,190.7,199.4,200.7,200.1,188.1,201.5,194.2,184.9,192.6,191.4
ED-0010,1221,20:21,188.3,185.9,190.6,199.5,199.5,198.9,188.1,201.1,193.4,185.6,192.7,190.5
ED-0010,1222,20:22,188.0,185.2,191.5,199.0,199.3,200.0,188.1,202.0,194.9,186.7,191.9,192.0
ED-0010,1223,20:23,188.7,186.1,191.3,200.0,200.7,200.0,188.5,200.6,194.0,185.5,192.0,191.2
ED-0010,1224,20:24,188.2,186.3,191.2,199.4,199.7,200.1,187.9,202.2,194.0,184.6,191.7,190.9
ED-0010,1225,20:25,187.4,184.9,190.5,199.7,200.0,199.9,188.1,201.1,194.5,184.8,192.6,191.4
ED-0010,1226,20:26,188.5,185.7,190.1,200.1,200.3,199.8,188.3,201.7,194.6,184.9,192.7,191.6
ED-0010,1227,20:27,188.3,186.3,191.7,201.1,200.1,200.1,187.7,201.0,194.1,183.8,193.3,191.2
ED-0010,1228,20:28,188.5,186.4,189.5,200.3,199.9,199.7,188.4,201.9,194.1,184.8,192.5,192.4
ED-0010,1229,20:29,187.6,185.4,192.0,198.1,200.8,199.1,189.4,201.8,195.7,186.6,192.8,191.3
ED-0010,1230,20:30,188.3,186.6,190.8,200.5,200.2,200.0,187.3,200.9,196.1,184.6,193.1,192.7
ED-0010,1231,20:31,188.5,186.3,189.8,201.2,200.1,200.9,187.7,201.6,193.1,184.0,192.8,191.0
ED-0010,1232,20:32,188.2,186.4,192.2,201.8,200.9,200.8,188.2,202.3,193.5,184.9,193.6,191.8
ED-0010,1233,20:33,188.9,187.1,191.8,201.0,201.0,200.4,188.5,202.3,194.0,185.1,193.9,191.7
ED-0010,1234,20:34,187.7,185.7,191.1,200.2,200.3,200.5,188.8,201.3,195.0,184.0,192.9,190.9
ED-0010,1235,20:35,189.3,185.3,190.6,201.3,200.8,199.6,189.0,201.5,193.2,185.5,193.4,193.2
ED-0010,1236,20:36,188.8,186.2,190.6,199.9,200.5,200.6,188.8,202.1,193.0,185.8,192.8,191.8
ED-0010,1237,20:37,189.3,185.9,190.5,199.3,200.6,199.5,188.1,202.3,194.1,185.9,192.0,192.2
ED-0010,1238,20:38,188.6,186.5,191.6,199.6,200.6,200.0,188.6,202.5,192.8,183.3,195.8,193.2
ED-0010,1239,20:39,189.1,184.8,191.4,198.2,201.2,201.0,189.2,201.7,194.4,186.7,194.3,192.8
ED-0010,1240,20:40,188.6,185.1,192.5,200.0,200.4,200.8,188.1,202.1,194.6,186.3,191.2,192.7
ED-0010,1241,20:41,189.7,186.0,190.6,201.2,200.6,201.0,189.1,201.9,194.4,184.9,192.8,192.1
ED-0010,1242,20:42,189.0,185.0,191.5,199.1,200.7,200.5,189.0,203.5,194.8,185.3,194.7,192.9
ED-0010,1243,20:43,189.1,185.7,192.1,201.0,201.2,201.1,189.3,203.5,194.2,184.3,192.4,192.3
ED-0010,1244,20:44,189.6,187.4,190.2,200.2,202.1,200.6,189.4,202.9,193.8,185.0,190.9,193.3
ED-0010,1245,20:45,189.4,187.0,189.9,201.8,202.1,201.0,189.1,203.6,194.9,184.9,192.7,192.3
ED-0010,1246,20:46,191.5,185.0,191.0,199.4,202.0,201.0,189.0,202.2,193.7,185.2,193.8,192.3
ED-0010,1247,20:47,190.0,186.6,190.0,199.1,201.6,200.8,188.9,202.4,193.8,184.9,193.2,192.7
ED-0010,1248,20:48,189.8,185.3,192.6,198.9,200.8,201.0,188.5,202.6,195.4,183.2,193.1,193.4
ED-0010,1249,20:49,189.2,186.0,191.5,199.6,201.9,201.8,189.9,203.4,195.9,184.4,191.8,192.0
ED-0010,1250,20:50,189.5,186.1,192.3,202.3,202.2,201.7,188.4,202.3,195.2,183.3,192.2,192.3
ED-0010,1251,20:51,189.3,185.8,191.3,199.6,200.9,201.3,189.2,203.2,194.1,184.2,192.5,193.2
ED-0010,1252,20:52,189.2,188.4,191.2,200.5,202.2,201.7,188.8,203.6,194.7,184.9,191.9,191.5
ED-0010,1253,20:53,189.7,185.8,190.5,200.1,202.0,202.1,188.5,202.6,193.9,185.3,193.4,192.5
ED-0010,1254,20:54,189.8,186.5,191.1,200.5,201.6,201.1,190.2,203.3,194.7,185.0,193.2,192.4
ED-0010,1255,20:55,188.6,185.5,191.5,200.0,201.7,201.1,189.3,203.6,193.8,183.9,191.3,192.5
ED-0010,1256,20:56,191.8,186.1,190.5,200.2,201.6,201.4,189.8,204.0,193.7,183.3,191.6,193.1
ED-0010,1257,20:57,188.4,186.3,191.0,201.0,201.9,201.5,189.8,202.9,193.6,185.0,194.6,194.3
ED-0010,1258,20:58,189.6,186.9,191.0,198.8,201.3,201.5,189.4,203.0,195.2,185.2,194.0,192.8
ED-0010,1259,20:59,189.3,186.1,191.5,199.9,201.3,201.9,190.4,204.8,194.5,185.6,194.5,193.1
ED-0010,1260,21:00,189.7,185.7,191.7,201.1,202.0,201.9,189.2,203.3,194.1,184.7,193.3,192.5
ED-0010,1261,21:01,187.9,186.7,190.6,201.2,202.8,202.0,189.5,203.8,193.3,185.1,193.5,193.1
ED-0010,1262,21:02,189.7,185.6,191.2,199.6,202.7,202.6,189.9,202.8,193.7,184.1,193.6,192.9
ED-0010,1263,21:03,188.1,185.3,191.3,198.4,202.1,203.0,191.0,204.3,194.6,185.7,193.4,194.5
ED-0010,1264,21:04,189.5,187.0,191.4,200.4,201.9,201.8,190.8,203.7,194.9,183.9,193.4,192.9
ED-0010,1265,21:05,189.6,186.3,191.8,201.9,201.5,201.5,189.4,203.6,193.6,184.3,193.6,193.6
ED-0010,1266,21:06,190.6,183.9,190.9,201.1,201.0,202.2,190.3,202.5,195.2,185.1,193.1,194.7
ED-0010,1267,21:07,188.8,185.3,192.0,200.1,202.8,204.0,189.8,204.7,194.9,186.2,193.3,191.1
ED-0010,1268,21:08,187.9,185.7,191.4,200.8,202.3,201.5,188.4,201.4,194.1,184.7,193.4,193.0
ED-0010,1269,21:09,189.1,184.9,191.0,200.3,201.2,202.7,189.0,202.3,194.4,183.8,193.6,191.6
ED-0010,1270,21:10,188.4,185.9,191.7,200.6,202.0,202.6,190.1,203.8,193.4,184.1,193.3,193.9
ED-0010,1271,21:11,189.1,185.1,189.2,199.5,202.4,203.0,188.5,203.6,193.3,186.5,193.2,192.3
ED-0010,1272,21:12,190.4,184.9,190.9,202.2,201.5,201.8,191.4,201.8,193.4,185.7,192.3,191.3
ED-0010,1273,21:13,192.3,186.0,190.9,200.6,202.1,201.9,191.5,203.5,192.0,185.4,192.5,191.9
ED-0010,1274,21:14,189.7,185.9,192.6,200.7,202.3,202.7,189.7,202.8,193.4,183.2,194.6,191.9
ED-0010,1275,21:15,188.8,186.2,192.8,200.9,202.0,201.3,190.8,204.0,192.9,184.8,192.9,192.3
ED-0010,1276,21:16,189.3,186.0,191.3,200.0,200.8,202.8,191.1,202.3,193.3,184.4,192.8,193.9
ED-0010,1277,21:17,191.3,187.0,189.9,198.8,202.8,201.5,189.0,203.2,194.9,185.2,193.2,192.5
ED-0010,1278,21:18,187.9,185.4,192.5,199.8,201.0,201.5,190.7,201.8,193.4,186.0,192.9,191.9
ED-0010,1279,21:19,188.4,186.4,191.3,200.0,201.1,202.9,189.5,202.4,193.9,184.5,193.2,191.9
ED-0010,1280,21:20,189.5,186.3,191.1,201.1,201.1,201.2,192.8,203.3,193.7,184.5,193.6,192.9
ED-0010,1281,21:21,189.6,185.2,191.8,203.6,200.4,202.6,188.1,203.3,193.9,184.8,193.0,193.2
ED-0010,1282,21:22,190.4,187.2,192.5,200.4,204.0,200.7,189.7,204.1,194.2,185.6,192.9,192.6
ED-0010,1283,21:23,189.0,186.4,190.5,199.1,203.1,202.2,189.2,202.8,193.9,184.7,192.3,194.2
ED-0010,1284,21:24,190.9,184.0,192.3,199.0,202.3,202.9,187.9,202.2,193.6,186.2,192.6,191.5
ED-0010,1285,21:25,189.3,185.0,192.1,200.3,203.3,201.9,189.8,201.9,194.1,183.9,193.1,193.2
ED-0010,1286,21:26,189.2,185.5,190.9,202.1,201.0,202.8,190.3,204.0,195.0,185.4,193.3,193.2
ED-0010,1287,21:27,187.5,185.2,189.9,200.0,203.1,202.2,191.0,202.9,193.5,185.5,192.5,192.5
ED-0010,1288,21:28,188.7,187.0,191.0,199.1,202.2,201.4,189.0,203.1,195.4,183.9,192.4,191.3
ED-0010,1289,21:29,189.1,186.0,190.2,200.5,201.8,203.7,189.3,203.7,194.0,183.9,193.1,193.6
ED-0010,1290,21:30,189.7,187.9,192.3,201.2,201.4,202.5,191.3,204.0,194.9,183.7,192.3,193.6
ED-0010,1291,21:31,189.6,184.7,191.1,200.3,202.9,203.3,189.7,203.8,193.7,185.6,194.3,192.0
ED-0010,1292,21:32,189.1,186.3,190.6,199.0,202.2,201.8,188.2,202.9,192.8,183.8,192.4,192.4
ED-0010,1293,21:33,187.8,187.9,191.7,200.0,202.2,202.7,190.6,203.6,193.4,184.5,192.6,194.8
ED-0010,1294,21:34,189.9,183.4,190.7,201.6,203.0,202.5,189.1,202.5,193.0,184.7,191.6,191.5
ED-0010,1295,21:35,188.1,185.2,191.3,198.5,202.9,201.8,189.7,201.4,195.0,184.1,192.6,191.4
ED-0010,1296,21:36,190.3,185.8,191.9,200.3,201.4,200.6,192.1,202.9,195.2,184.5,194.9,192.9
ED-0010,1297,21:37,188.7,185.7,191.5,199.1,203.3,202.4,190.0,205.0,194.9,185.6,192.9,193.1
ED-0010,1298,21:38,188.2,185.1,192.0,200.9,201.4,201.8,190.7,203.6,194.7,183.6,194.3,192.4
ED-0010,1299,21:39,188.5,186.7,190.2,199.2,202.4,202.1,188.9,203.0,194.6,184.2,194.3,191.2
ED-0010,1300,21:40,189.6,185.8,192.1,198.9,202.1,202.2,188.8,203.5,194.3,185.4,191.5,192.6
ED-0010,1301,21:41,189.2,186.6,189.4,200.1,200.6,203.6,191.4,205.2,195.0,183.9,192.6,192.7
ED-0010,1302,21:42,189.2,185.4,192.0,201.2,201.6,203.1,189.3,203.0,194.9,183.8,193.4,192.9
ED-0010,1303,21:43,188.8,185.9,189.1,201.3,202.7,202.3,189.4,203.9,193.7,185.8,193.6,193.4
ED-0010,1304,21:44,189.7,186.6,191.7,200.6,202.3,200.1,189.6,202.6,194.3,184.9,192.9,191.0
ED-0010,1305,21:45,188.9,185.5,190.1,200.4,202.2,202.8,190.1,202.8,195.0,184.8,193.8,192.8
ED-0010,1306,21:46,189.4,186.2,191.4,200.0,201.8,201.6,189.8,203.4,192.9,184.5,192.0,191.2
ED-0010,1307,21:47,188.3,186.0,192.2,200.0,201.1,201.7,191.1,202.8,194.6,184.0,194.5,191.9
ED-0010,1308,21:48,190.4,186.0,192.3,202.0,202.2,203.1,190.1,202.2,194.0,184.7,193.5,191.0
ED-0010,1309,21:49,190.4,185.6,189.9,200.0,202.6,202.4,189.3,204.4,194.9,183.4,193.3,193.0
ED-0010,1310,21:50,189.0,186.0,192.1,199.6,200.3,201.3,189.5,203.4,194.9,185.2,193.6,192.1
ED-0010,1311,21:51,189.1,188.7,190.3,201.8,200.1,201.3,188.0,203.0,194.2,184.2,195.2,195.2
ED-0010,1312,21:52,190.5,185.2,191.8,201.6,201.8,203.4,191.1,203.7,194.3,185.5,193.2,191.9
ED-0010,1313,21:53,189.8,186.0,192.8,199.3,201.7,202.2,189.9,203.3,194.4,186.5,193.2,192.4
ED-0010,1314,21:54,190.2,185.2,191.6,199.2,202.7,202.4,190.4,202.6,193.8,185.3,193.8,192.2
ED-0010,1315,21:55,188.8,186.2,190.2,202.6,203.3,201.0,190.1,203.1,195.7,185.7,193.0,192.1
ED-0010,1316,21:56,189.8,186.0,190.6,199.4,200.6,201.6,190.6,202.9,195.2,184.1,193.3,191.6
ED-0010,1317,21:57,188.1,185.8,191.3,199.5,202.3,201.8,189.7,203.8,194.1,185.1,193.7,191.3
ED-0010,1318,21:58,190.0,185.7,190.5,200.0,203.3,202.1,189.6,203.6,196.2,186.7,193.1,193.5
ED-0010,1319,21:59,188.7,185.4,190.0,199.1,202.2,201.6,191.5,203.0,193.5,185.9,193.2,191.5
ED-0010,1320,22:00,189.3,186.6,191.2,198.7,203.2,201.0,190.3,203.2,194.9,184.4,195.3,191.2
ED-0010,1321,22:01,190.1,185.4,191.6,199.5,202.7,202.4,189.6,203.0,194.2,184.0,193.8,191.9
ED-0010,1322,22:02,188.4,186.6,190.8,199.6,201.9,203.4,188.6,205.0,195.3,184.8,193.2,192.3
ED-0010,1323,22:03,189.5,184.9,190.2,199.8,201.2,202.5,189.9,202.0,193.7,185.0,192.3,191.8
ED-0010,1324,22:04,188.6,186.0,190.7,200.4,201.1,202.8,189.1,205.0,193.4,183.9,193.0,194.7
ED-0010,1325,22:05,188.3,187.5,190.5,200.0,200.9,202.3,189.0,202.8,195.3,184.8,193.9,194.2
ED-0010,1326,22:06,188.9,184.3,191.5,198.9,202.2,202.4,190.0,203.5,195.1,185.7,192.1,192.8
ED-0010,1327,22:07,189.3,186.5,192.7,201.8,202.0,202.4,189.2,201.7,196.2,185.5,193.6,192.0
ED-0010,1328,22:08,190.0,185.8,189.4,198.5,201.2,202.1,191.2,204.7,193.6,185.1,193.0,192.3
ED-0010,1329,22:09,186.9,186.3,190.2,200.5,201.7,202.0,188.3,202.2,193.2,185.4,193.3,191.8
ED-0010,1330,22:10,189.6,185.8,191.0,199.9,202.4,201.8,189.4,202.6,194.2,184.4,193.6,192.7
ED-0010,1331,22:11,188.5,187.3,191.6,200.0,202.4,204.4,189.0,202.7,194.9,185.0,191.8,192.2
ED-0010,1332,22:12,188.8,186.0,189.9,198.8,202.3,202.4,190.7,203.7,193.7,185.2,193.8,192.2
ED-0010,1333,22:13,189.2,185.1,191.4,198.4,200.9,201.0,189.5,202.3,193.2,184.6,192.6,193.1
ED-0010,1334,22:14,187.5,186.7,190.3,199.5,200.4,202.1,190.5,202.4,193.8,184.7,194.7,191.6
ED-0010,1335,22:15,191.0,186.3,192.2,200.2,203.0,202.0,190.9,203.4,193.7,184.5,192.2,192.9
ED-0010,1336,22:16,189.8,185.7,192.3,199.6,201.1,202.2,190.3,202.0,195.1,184.5,193.0,192.3
ED-0010,1337,22:17,188.6,186.1,191.0,199.6,202.2,202.3,189.5,203.7,193.6,184.1,192.4,193.4
ED-0010,1338,22:18,189.2,186.6,189.6,200.4,201.7,202.4,188.5,203.4,194.4,183.9,191.6,193.6
ED-0010,1339,22:19,189.5,185.5,191.0,198.8,202.1,201.9,191.1,203.0,194.3,185.5,194.2,193.3
ED-0010,1340,22:20,187.8,185.5,190.2,199.7,202.8,201.4,189.4,202.5,194.1,183.9,193.4,193.5
ED-0010,1341,22:21,190.7,184.8,192.2,199.5,200.7,199.6,190.5,203.3,193.5,184.5,193.0,192.7
ED-0010,1342,22:22,188.8,186.0,190.2,200.7,202.6,203.1,189.8,202.5,193.7,184.9,194.1,192.3
ED-0010,1343,22:23,189.2,185.1,191.1,201.1,200.4,201.0,190.8,204.0,195.1,185.5,193.7,193.7
ED-0010,1344,22:24,190.6,185.4,191.1,198.6,201.9,202.3,188.0,202.6,193.7,184.7,192.8,193.8
ED-0010,1345,22:25,190.4,186.0,191.2,201.2,202.7,201.6,189.0,203.2,194.4,183.5,193.0,191.8
ED-0010,1346,22:26,190.8,187.1,190.4,200.5,201.9,202.1,189.8,202.0,193.5,185.2,192.8,191.3
ED-0010,1347,22:27,189.1,188.0,191.8,200.7,202.1,202.2,189.2,202.9,193.6,185.5,193.5,192.7
ED-0010,1348,22:28,190.0,186.2,191.3,199.9,201.8,201.8,189.3,205.4,195.2,184.5,191.9,191.0
ED-0010,1349,22:29,189.1,186.7,192.3,199.7,201.9,201.6,190.7,204.5,195.2,184.1,192.9,194.0
ED-0010,1350,22:30,190.1,185.6,192.3,200.4,202.4,202.6,189.7,203.2,193.2,184.8,192.8,192.4
ED-0010,1351,22:31,188.3,185.9,191.6,201.5,201.2,202.4,190.1,203.3,194.9,184.9,194.0,191.4
ED-0010,1352,22:32,189.3,186.3,191.9,201.9,200.4,199.9,189.0,202.7,194.9,184.3,193.7,190.9
ED-0010,1353,22:33,191.2,185.6,191.9,200.4,202.2,203.3,189.1,203.6,195.0,184.6,192.9,191.7
ED-0010,1354,22:34,188.4,185.3,192.5,200.9,200.3,202.6,189.6,201.0,195.1,185.0,193.5,190.5
ED-0010,1355,22:35,189.9,187.6,190.7,198.7,202.2,202.4,189.3,202.7,193.9,184.1,192.6,191.9
ED-0010,1356,22:36,187.2,186.0,191.7,199.9,201.6,200.8,189.4,203.2,194.9,184.3,193.8,193.3
ED-0010,1357,22:37,189.8,185.1,190.5,199.6,201.4,202.3,191.4,201.7,194.4,184.6,194.1,193.2
ED-0010,1358,22:38,189.9,186.6,192.6,199.1,201.8,202.0,191.1,204.8,193.9,184.8,194.0,194.1
ED-0010,1359,22:39,189.7,185.6,190.0,200.1,202.5,202.1,189.6,202.9,193.7,185.7,192.0,191.4
ED-0010,1360,22:40,189.2,185.8,190.1,200.3,202.1,202.4,189.9,203.0,194.5,185.0,192.9,192.5
ED-0010,1361,22:41,188.9,184.9,191.3,199.6,200.0,201.1,190.2,202.2,193.0,185.5,192.6,192.1
ED-0010,1362,22:42,190.8,186.9,190.5,199.9,201.2,201.2,188.4,203.0,195.2,184.4,193.7,191.9
ED-0010,1363,22:43,189.2,187.3,191.0,200.8,201.7,201.4,188.3,203.0,192.9,183.1,192.5,193.0
ED-0010,1364,22:44,189.3,185.5,190.2,199.2,202.0,203.0,190.1,204.3,193.5,185.9,193.7,192.1
ED-0010,1365,22:45,189.9,186.0,190.8,199.3,201.7,201.1,189.5,203.3,193.2,184.1,190.8,193.3
ED-0010,1366,22:46,189.6,186.9,192.2,199.0,201.6,201.5,190.4,203.8,193.4,185.4,192.5,192.4
ED-0010,1367,22:47,189.2,186.7,191.2,200.9,201.6,201.7,188.2,202.7,194.4,185.2,194.1,193.4
ED-0010,1368,22:48,188.7,186.8,189.8,199.2,202.5,201.6,188.7,202.8,193.8,184.1,193.4,191.7
ED-0010,1369,22:49,188.8,185.1,190.8,199.3,202.3,202.5,190.4,201.9,194.5,184.1,192.9,193.0
ED-0010,1370,22:50,188.3,187.1,190.8,200.8,201.9,200.9,189.4,202.8,194.5,184.7,193.4,192.4
ED-0010,1371,22:51,188.8,184.9,190.0,198.9,200.8,203.6,190.6,203.4,194.3,184.8,193.1,192.8
ED-0010,1372,22:52,190.0,184.7,191.5,199.1,201.4,201.0,189.9,202.1,193.4,185.2,192.3,192.2
ED-0010,1373,22:53,189.7,185.5,191.6,199.4,202.3,203.2,190.1,202.8,194.8,183.6,193.4,191.5
ED-0010,1374,22:54,189.4,187.0,192.2,201.3,201.1,203.4,189.7,202.5,194.3,185.8,193.2,193.1
ED-0010,1375,22:55,189.3,185.9,190.7,200.6,201.8,202.1,189.0,202.6,194.6,185.4,193.5,192.9
ED-0010,1376,22:56,189.7,185.8,190.3,199.4,201.3,201.9,190.7,203.8,193.9,186.0,192.7,190.7
ED-0010,1377,22:57,187.7,184.6,190.0,200.1,201.8,202.3,189.3,201.6,194.6,183.7,192.5,192.9
ED-0010,1378,22:58,189.4,185.5,189.5,200.8,202.3,202.0,189.5,203.4,194.3,183.5,193.8,192.9
ED-0010,1379,22:59,189.5,186.7,190.0,198.7,200.2,203.1,190.2,201.2,193.7,184.6,191.8,191.9
ED-0010,1380,23:00,190.6,185.4,191.6,200.1,202.4,201.3,188.5,204.3,194.6,185.0,193.2,192.0
ED-0010,1381,23:01,188.1,186.5,190.5,200.5,202.7,202.4,188.2,204.4,195.7,185.5,193.7,191.0
ED-0010,1382,23:02,188.3,184.9,191.2,198.9,201.6,201.6,188.5,204.2,193.8,185.1,193.0,191.9
ED-0010,1383,23:03,189.3,186.2,190.8,200.6,201.8,203.0,189.9,202.8,193.2,184.6,193.9,192.1
ED-0010,1384,23:04,189.6,186.8,190.5,199.8,200.9,201.9,190.9,204.6,196.3,184.8,193.9,192.0
ED-0010,1385,23:05,190.9,186.8,190.6,199.7,202.1,202.1,189.2,201.4,193.6,185.6,192.2,191.8
ED-0010,1386,23:06,188.2,185.7,191.6,199.8,201.5,201.2,191.2,203.4,193.6,184.4,192.7,192.0
ED-0010,1387,23:07,189.1,185.2,190.5,199.5,201.3,201.2,191.0,202.8,194.1,185.7,192.7,191.1
ED-0010,1388,23:08,190.3,184.9,193.1,200.7,202.3,202.1,190.4,202.8,194.7,184.7,192.6,191.5
ED-0010,1389,23:09,188.7,185.5,191.5,201.5,200.8,200.5,190.9,204.6,195.7,185.3,190.8,192.9
ED-0010,1390,23:10,189.4,185.1,190.4,202.4,201.9,201.0,190.0,203.7,194.6,186.4,194.2,193.1
ED-0010,1391,23:11,190.1,185.9,191.3,200.1,200.9,202.4,190.7,204.5,194.1,184.5,192.9,193.6
ED-0010,1392,23:12,189.6,185.5,190.5,201.2,201.5,202.4,191.2,201.9,194.8,182.5,193.0,192.3
ED-0010,1393,23:13,190.0,185.1,192.3,200.9,201.8,201.1,190.0,203.7,194.4,183.0,193.2,192.6
ED-0010,1394,23:14,189.6,186.2,188.9,199.9,202.0,201.3,188.9,203.1,194.1,184.4,191.1,193.1
ED-0010,1395,23:15,187.6,186.4,189.8,198.7,201.7,201.7,188.6,202.9,193.9,186.4,192.8,193.4
ED-0010,1396,23:16,188.8,185.4,190.3,199.1,203.4,201.8,188.8,202.8,195.2,184.3,192.4,193.4
ED-0010,1397,23:17,188.9,185.3,191.2,199.6,201.8,202.2,190.5,202.6,194.5,183.4,193.1,192.1
ED-0010,1398,23:18,188.6,185.9,189.5,201.4,200.1,202.7,191.2,204.4,193.7,184.8,192.9,193.2
ED-0010,1399,23:19,189.2,185.8,188.8,200.2,201.9,201.7,191.1,202.4,193.6,184.2,192.1,193.6
ED-0010,1400,23:20,190.0,184.5,191.8,198.3,200.7,201.9,188.8,203.4,195.5,184.1,194.6,192.7
ED-0010,1401,23:21,190.1,186.3,190.9,201.5,201.3,203.2,189.9,201.6,194.7,184.9,193.1,192.8
ED-0010,1402,23:22,189.3,185.6,189.5,200.2,201.4,202.4,189.6,203.3,194.3,184.2,192.6,193.4
ED-0010,1403,23:23,189.7,185.7,190.8,199.9,202.2,201.9,190.4,204.2,194.8,184.9,193.4,191.4
ED-0010,1404,23:24,188.5,187.2,189.7,200.6,201.2,204.2,190.9,202.8,194.0,185.0,193.9,193.1
ED-0010,1405,23:25,188.5,186.3,192.0,200.2,201.8,201.7,190.5,202.2,195.2,184.9,191.9,193.0
ED-0010,1406,23:26,188.8,186.1,190.8,200.4,201.0,201.5,188.9,204.9,195.0,184.9,194.2,191.2
ED-0010,1407,23:27,188.8,185.4,190.5,200.3,201.2,200.6,189.1,204.0,192.7,185.6,192.9,193.9
ED-0010,1408,23:28,190.0,184.0,191.7,199.6,202.1,201.7,191.2,201.9,194.9,183.6,193.3,192.5
ED-0010,1409,23:29,189.7,185.4,191.0,199.3,201.3,200.3,188.9,202.4,195.0,184.3,191.4,193.8
ED-0010,1410,23:30,190.4,185.2,192.2,199.5,202.1,199.7,191.2,203.1,194.0,184.4,193.7,192.7
ED-0010,1411,23:31,189.8,185.2,190.0,200.1,201.4,202.0,190.3,203.9,194.9,186.3,192.5,194.1
ED-0010,1412,23:32,189.5,186.4,191.4,199.0,202.4,201.4,188.7,203.5,195.2,185.1,192.1,192.1
ED-0010,1413,23:33,189.7,186.6,191.1,200.0,201.2,203.3,190.7,202.2,193.8,185.1,192.1,193.2
ED-0010,1414,23:34,187.7,185.3,191.7,199.7,203.3,202.8,190.5,203.7,193.4,182.7,193.5,192.8
ED-0010,1415,23:35,188.8,184.6,191.5,201.2,202.3,202.8,189.8,201.6,196.3,184.4,193.1,191.4
ED-0010,1416,23:36,190.6,185.7,190.7,199.6,201.9,202.2,189.6,204.1,192.7,185.2,193.5,194.1
ED-0010,1417,23:37,190.0,186.8,191.7,199.4,202.1,203.3,189.5,202.4,194.3,184.2,192.8,191.1
ED-0010,1418,23:38,188.9,186.6,190.6,199.3,202.6,202.7,190.0,203.1,193.1,185.3,192.8,192.5
ED-0010,1419,23:39,190.2,186.4,191.9,201.7,202.6,201.0,189.7,204.5,193.5,184.8,193.3,192.6
ED-0010,1420,23:40,189.3,185.7,189.7,199.6,202.0,201.5,189.8,202.2,195.2,184.6,192.7,191.5
ED-0010,1421,23:41,188.8,187.2,190.5,199.0,202.9,201.4,190.9,202.4,194.7,186.4,193.2,192.7
ED-0010,1422,23:42,189.7,185.4,191.6,199.1,201.6,203.4,189.4,204.0,193.0,184.3,193.6,192.2
ED-0010,1423,23:43,190.3,186.1,190.2,199.2,202.2,202.1,189.8,204.0,193.2,185.7,194.0,191.5
ED-0010,1424,23:44,188.9,186.5,190.5,200.5,202.6,201.7,191.0,204.2,193.2,186.1,194.0,192.8
ED-0010,1425,23:45,188.2,185.4,192.4,200.5,201.7,201.4,189.0,203.2,193.4,183.4,192.4,192.7
ED-0010,1426,23:46,188.7,186.1,189.6,200.2,203.3,201.4,188.8,203.2,194.7,186.0,193.0,191.8
ED-0010,1427,23:47,191.2,184.8,189.8,200.3,202.5,201.7,192.1,203.4,194.7,186.1,192.7,192.8
ED-0010,1428,23:48,189.9,186.5,190.5,200.9,202.0,203.3,189.9,202.8,194.5,183.6,192.9,193.6
ED-0010,1429,23:49,189.8,185.5,190.9,201.2,201.9,201.9,189.6,202.8,193.6,185.7,193.0,193.1
ED-0010,1430,23:50,188.9,187.0,191.3,200.5,202.5,202.7,189.9,201.1,192.8,184.0,193.0,193.0
ED-0010,1431,23:51,188.4,185.5,189.9,200.2,202.0,201.2,190.3,203.3,193.7,184.2,193.0,194.5
ED-0010,1432,23:52,189.4,184.6,190.0,200.8,202.0,203.1,189.3,203.6,193.3,184.9,193.1,193.7
ED-0010,1433,23:53,188.0,185.8,191.7,202.1,202.2,202.0,190.0,204.3,194.6,186.3,192.8,193.3
ED-0010,1434,23:54,188.3,187.4,192.3,199.5,202.8,201.6,190.6,202.1,195.5,184.7,193.1,193.5
ED-0010,1435,23:55,189.3,185.3,192.3,201.4,202.5,203.4,188.4,204.0,195.4,184.5,193.4,191.7
ED-0010,1436,23:56,189.9,185.6,190.6,200.4,203.2,201.9,189.7,203.2,194.9,184.7,191.9,193.6
ED-0010,1437,23:57,188.3,185.3,191.7,200.5,201.8,201.3,191.4,203.8,194.7,184.5,193.1,192.3
ED-0010,1438,23:58,188.9,186.9,192.1,199.1,202.8,202.7,190.4,203.6,194.3,184.2,193.5,192.1
ED-0010,1439,23:59,187.9,184.4,190.0,198.9,201.9,201.7,190.2,202.4,192.8,185.2,193.5,190.7
ED-0010,1440,24:00,189.9,186.7,191.8,199.3,202.7,202.8,190.0,202.6,193.7,184.1,192.4,192.4
ED-0010,1441,24:01,189.5,186.7,191.8,200.8,201.3,201.3,189.0,203.0,194.9,186.1,193.0,194.0
ED-0010,1442,24:02,190.2,187.0,189.6,201.1,202.5,202.1,189.7,204.1,194.1,185.1,194.6,194.2
ED-0010,1443,24:03,189.8,185.0,190.1,201.1,202.9,202.3,189.6,202.8,194.5,186.5,192.6,191.8
ED-0010,1444,24:04,190.0,186.2,191.4,200.9,201.6,201.2,188.5,203.7,192.2,184.8,191.6,193.9
ED-0010,1445,24:05,189.8,187.1,192.9,198.4,201.9,202.6,189.4,202.0,194.1,184.7,193.7,191.9
ED-0010,1446,24:06,190.9,187.5,191.9,199.9,202.6,200.9,189.1,203.9,195.1,185.7,193.1,194.1
ED-0010,1447,24:07,189.7,186.5,190.2,200.1,202.7,200.9,190.7,203.2,193.8,184.6,191.1,190.8
ED-0010,1448,24:08,189.0,185.5,192.1,199.6,201.9,202.2,190.6,204.2,196.3,183.6,193.8,192.3
ED-0010,1449,24:09,190.7,187.6,191.7,199.1,201.9,200.7,191.5,204.6,194.5,186.1,193.8,192.6
ED-0010,1450,24:10,189.6,186.9,191.2,199.3,202.1,202.5,189.8,203.9,193.2,185.2,192.3,193.6
ED-0010,1451,24:11,187.8,186.2,192.5,201.3,201.8,201.0,189.6,203.4,194.6,185.7,193.0,192.8
ED-0010,1452,24:12,188.8,185.9,190.5,199.8,200.9,201.1,190.7,202.8,192.6,183.9,193.5,193.4
ED-0010,1453,24:13,191.3,186.4,190.4,200.7,202.0,202.5,190.6,202.9,193.7,186.3,192.3,192.2
ED-0010,1454,24:14,190.8,185.8,190.7,199.7,203.0,202.7,189.3,203.1,194.8,184.5,193.3,193.0
ED-0010,1455,24:15,187.6,184.8,191.8,199.9,201.5,202.2,189.9,203.2,193.1,185.3,192.5,192.5
ED-0010,1456,24:16,189.4,186.2,192.2,201.4,203.0,202.3,189.1,204.9,193.1,184.6,192.3,194.1
ED-0010,1457,24:17,189.7,186.1,192.0,201.5,201.2,201.7,190.3,202.5,194.7,184.8,193.6,193.0
ED-0010,1458,24:18,189.1,185.9,190.8,202.4,201.8,202.1,189.3,202.7,196.5,185.7,192.6,193.8
ED-0010,1459,24:19,187.3,185.8,189.7,201.3,202.9,201.6,189.3,204.2,193.1,184.7,192.8,193.6
ED-0010,1460,24:20,187.8,185.0,190.9,199.7,203.6,202.9,190.9,204.3,193.9,184.7,193.1,192.7
ED-0010,1461,24:21,188.7,186.5,189.1,199.4,201.3,201.6,189.9,203.1,195.7,183.4,193.2,192.6
ED-0010,1462,24:22,189.5,185.2,190.0,200.5,201.4,202.4,189.5,203.7,194.7,184.7,192.5,192.5
ED-0010,1463,24:23,188.4,186.6,191.3,199.7,202.0,202.7,190.4,202.3,193.4,183.8,193.6,192.6
ED-0010,1464,24:24,188.5,186.0,192.5,200.9,202.4,202.1,190.8,203.4,194.1,184.3,193.0,192.7
ED-0010,1465,24:25,188.5,187.3,191.1,200.6,201.1,203.0,189.5,202.4,194.4,184.0,193.2,191.2
ED-0010,1466,24:26,188.7,185.9,191.6,200.0,201.8,202.1,189.6,202.0,194.2,185.1,192.9,192.3
ED-0010,1467,24:27,189.9,184.4,190.5,201.7,201.4,202.1,190.7,203.0,194.7,184.0,193.7,192.1
ED-0010,1468,24:28,189.8,186.6,191.2,199.9,202.6,201.1,190.3,203.9,193.5,186.5,191.4,193.4
ED-0010,1469,24:29,190.5,185.5,189.3,200.5,202.6,202.9,189.7,202.0,194.6,184.8,193.5,193.4
ED-0010,1470,24:30,189.2,186.9,192.8,199.8,201.4,204.2,189.6,202.6,194.3,183.7,193.7,191.1
ED-0010,1471,24:31,188.4,184.9,192.6,198.7,201.9,202.2,189.2,204.0,192.5,184.4,192.7,190.8
ED-0010,1472,24:32,189.2,185.8,190.7,200.2,201.2,203.0,190.2,201.9,193.9,184.5,192.7,192.8
ED-0010,1473,24:33,190.6,185.5,191.5,199.8,202.0,201.4,190.3,205.3,193.7,184.8,191.9,193.5
ED-0010,1474,24:34,189.6,184.8,191.2,200.1,201.2,202.5,192.1,203.4,195.4,182.9,192.7,193.5
ED-0010,1475,24:35,190.1,187.9,190.4,201.4,202.9,201.5,188.8,203.1,194.7,185.3,192.2,194.1
ED-0010,1476,24:36,190.4,184.9,189.8,201.2,200.7,201.9,189.1,202.8,194.8,184.0,193.7,192.8
ED-0010,1477,24:37,189.3,186.3,189.6,200.1,202.2,201.8,190.4,204.4,194.8,185.9,192.4,191.4
ED-0010,1478,24:38,189.0,186.4,190.1,199.5,201.6,203.8,190.3,203.8,193.9,184.2,194.2,193.9
ED-0010,1479,24:39,189.6,186.3,191.5,199.9,201.4,202.9,188.8,204.0,194.0,185.2,193.5,192.5
ED-0010,1480,24:40,189.7,185.8,193.0,199.1,201.0,202.0,189.9,203.5,194.3,183.7,192.4,193.6
ED-0010,1481,24:41,189.0,186.6,190.1,199.5,202.8,203.2,187.9,204.5,194.4,185.2,191.8,191.4
ED-0010,1482,24:42,190.7,186.1,192.1,199.3,202.1,202.5,190.6,204.3,194.3,184.8,193.2,193.0
ED-0010,1483,24:43,189.9,185.2,191.5,201.5,202.2,201.5,188.8,203.4,194.9,184.1,192.6,193.4
ED-0010,1484,24:44,188.6,187.4,191.4,200.7,202.3,202.0,189.9,203.6,194.8,185.0,193.3,193.2
ED-0010,1485,24:45,188.2,185.4,190.4,199.3,200.9,200.8,190.2,202.8,192.4,185.7,192.1,192.5
ED-0010,1486,24:46,189.5,186.2,190.7,199.4,202.2,203.3,190.5,202.8,194.5,184.7,190.7,192.4
ED-0010,1487,24:47,190.9,186.0,191.0,199.9,203.7,201.3,188.8,202.6,193.9,182.8,193.6,193.1
ED-0010,1488,24:48,189.5,186.2,191.3,198.8,202.9,200.7,188.2,202.5,195.0,184.6,192.7,191.0
ED-0010,1489,24:49,188.9,187.2,191.6,200.0,201.4,201.7,190.8,202.2,193.3,184.2,192.5,192.8
ED-0010,1490,24:50,190.1,184.9,191.2,200.1,201.2,202.6,190.1,202.4,195.0,184.8,194.3,193.2
ED-0010,1491,24:51,189.5,185.6,190.6,199.1,203.1,201.6,191.3,203.1,194.0,185.5,193.3,192.5
ED-0010,1492,24:52,188.4,187.6,190.7,199.2,202.4,201.5,189.5,203.8,194.0,184.0,191.9,193.2
ED-0010,1493,24:53,188.7,185.3,191.4,199.5,201.0,202.2,187.9,203.5,194.2,185.1,193.4,192.3
ED-0010,1494,24:54,188.8,186.2,192.2,201.9,201.1,202.2,191.3,202.6,194.1,184.7,191.3,193.0
ED-0010,1495,24:55,190.5,184.4,191.3,200.0,202.5,202.4,190.2,202.6,194.6,183.8,193.0,192.5
ED-0010,1496,24:56,188.6,185.6,190.1,201.9,201.1,203.2,190.8,203.6,194.8,186.3,191.9,193.9
ED-0010,1497,24:57,189.5,185.6,190.0,199.3,201.8,203.2,188.7,203.8,194.2,184.7,193.9,192.0
ED-0010,1498,24:58,188.8,186.0,189.0,200.3,202.2,201.6,189.7,202.3,194.0,184.0,193.0,191.5
ED-0010,1499,24:59,188.9,185.8,191.3,200.4,202.5,201.2,189.5,203.7,193.7,186.2,192.8,193.6
ED-0010,1500,25:00,190.3,186.7,190.9,199.8,201.1,203.1,190.3,202.4,195.1,184.2,192.3,192.9
ED-0010,1501,25:01,190.5,186.3,191.2,199.0,201.2,201.6,190.1,203.0,194.8,185.8,193.0,193.3
ED-0010,1502,25:02,190.6,186.4,191.0,200.6,201.2,201.6,190.1,202.4,195.5,183.8,193.4,193.0
ED-0010,1503,25:03,189.6,186.0,190.8,199.9,203.7,203.0,189.7,204.6,193.9,184.0,193.7,193.0
ED-0010,1504,25:04,188.7,187.2,190.6,201.3,201.5,202.2,190.0,203.5,194.7,185.5,193.1,193.6
ED-0010,1505,25:05,190.0,186.6,192.4,200.9,201.8,200.5,189.9,203.6,194.2,184.1,191.8,192.6
ED-0010,1506,25:06,189.6,185.5,191.3,199.6,203.1,201.5,189.9,203.1,193.8,185.2,193.4,191.8
ED-0010,1507,25:07,189.0,185.1,190.9,199.8,201.7,201.7,189.6,202.8,195.8,184.9,192.6,192.3
ED-0010,1508,25:08,188.8,186.2,189.4,200.1,201.3,203.3,190.0,203.1,195.3,184.4,193.5,192.7
ED-0010,1509,25:09,188.7,185.3,190.2,200.8,201.7,202.4,190.2,204.6,193.3,184.7,191.5,192.6
ED-0010,1510,25:10,188.7,186.2,192.5,197.7,201.4,201.2,190.2,204.9,195.2,183.3,193.1,193.2
ED-0010,1511,25:11,188.6,185.9,191.8,198.7,202.1,202.5,190.1,205.1,195.6,184.9,193.5,193.3
ED-0010,1512,25:12,188.7,186.0,193.4,198.2,201.5,202.1,189.7,204.0,195.7,184.8,194.0,192.3
ED-0010,1513,25:13,189.6,184.8,191.1,198.2,202.7,201.4,189.0,201.1,194.9,185.2,194.3,192.9
ED-0010,1514,25:14,188.6,185.3,190.7,200.7,201.3,203.6,190.0,202.1,193.3,185.0,193.7,193.0
ED-0010,1515,25:15,187.5,186.9,192.0,199.5,201.9,200.5,189.9,202.5,194.0,185.3,193.6,192.3
ED-0010,1516,25:16,188.6,185.6,192.1,201.8,202.3,201.9,188.7,204.2,193.4,185.5,193.1,193.7
ED-0010,1517,25:17,187.8,187.0,190.6,199.5,201.4,204.0,190.3,202.5,193.6,182.3,191.4,191.1
ED-0010,1518,25:18,189.6,185.3,192.0,199.0,203.1,200.6,191.0,204.7,193.4,185.3,193.8,192.4
ED-0010,1519,25:19,189.3,186.3,190.7,201.4,202.9,201.9,190.3,202.6,195.1,183.4,193.3,194.2
ED-0010,1520,25:20,190.2,186.1,190.4,200.4,200.9,202.5,189.5,202.6,194.8,184.5,194.2,191.8
ED-0010,1521,25:21,188.8,185.2,191.0,200.0,202.2,202.9,191.9,201.8,194.6,184.3,192.9,193.0
ED-0010,1522,25:22,190.8,186.4,190.6,199.5,202.1,203.0,190.2,203.4,192.8,186.1,191.3,192.7
ED-0010,1523,25:23,188.8,186.2,191.1,200.1,202.3,202.6,190.5,203.6,194.4,185.0,193.5,192.3
ED-0010,1524,25:24,189.4,187.4,191.0,199.1,202.3,201.3,190.2,203.1,194.0,183.3,194.4,190.6
ED-0010,1525,25:25,190.3,184.9,190.2,199.9,201.1,201.9,188.4,204.1,195.8,184.2,192.5,189.2
ED-0010,1526,25:26,189.5,185.9,192.0,200.7,203.1,204.3,188.9,203.8,194.1,184.3,194.2,191.8
ED-0010,1527,25:27,188.6,185.8,191.1,201.2,201.0,202.5,192.0,203.3,196.0,185.1,191.5,192.0
ED-0010,1528,25:28,189.7,185.0,192.1,199.5,200.5,201.9,189.0,202.3,193.7,184.4,192.7,192.3
ED-0010,1529,25:29,188.6,185.6,190.3,198.7,200.6,202.3,190.8,203.3,194.4,185.2,193.6,191.9
ED-0010,1530,25:30,190.9,185.5,192.1,201.9,201.2,202.0,188.5,201.6,194.8,184.5,190.8,193.5
ED-0010,1531,25:31,190.0,185.5,190.1,201.8,201.7,202.6,190.0,203.6,193.4,184.6,192.2,192.6
ED-0010,1532,25:32,188.0,184.7,190.2,199.5,202.9,201.9,189.6,201.7,194.2,186.6,193.6,191.4
ED-0010,1533,25:33,188.4,186.6,191.3,199.6,202.1,201.8,189.8,202.2,194.2,185.6,192.5,195.1
ED-0010,1534,25:34,188.9,185.2,191.3,200.8,203.4,201.8,188.8,202.4,194.6,185.3,194.9,193.3
ED-0010,1535,25:35,189.7,187.7,190.1,199.7,200.9,202.0,190.6,203.0,193.4,185.4,193.6,193.5
ED-0010,1536,25:36,188.5,187.4,191.9,199.6,202.5,201.7,190.6,203.9,193.6,184.3,193.4,192.0
ED-0010,1537,25:37,190.4,186.5,191.8,201.2,201.5,204.0,190.8,202.6,192.0,184.5,194.2,193.5
ED-0010,1538,25:38,189.7,184.4,190.5,200.6,202.4,201.5,189.7,202.3,194.2,183.7,194.5,192.9
ED-0010,1539,25:39,189.2,186.5,190.6,199.0,202.1,202.2,190.5,203.8,194.5,185.8,194.2,192.7
ED-0010,1540,25:40,189.9,184.1,189.8,198.6,202.6,201.5,189.0,202.4,195.1,184.5,193.8,193.1
ED-0010,1541,25:41,188.9,186.1,191.4,201.3,203.0,201.8,190.2,203.0,193.9,185.4,193.4,192.7
ED-0010,1542,25:42,189.1,186.1,190.7,200.9,202.3,202.7,189.0,203.2,194.6,184.0,193.1,192.7
ED-0010,1543,25:43,190.7,184.6,191.5,199.8,202.1,202.3,189.0,202.3,194.8,184.6,191.1,194.2
ED-0010,1544,25:44,188.5,185.6,191.6,199.4,201.6,202.6,189.5,203.2,193.5,185.0,192.1,191.9
ED-0010,1545,25:45,190.8,184.4,190.0,199.2,201.2,205.0,189.9,203.1,194.5,185.5,191.2,191.5
ED-0010,1546,25:46,190.6,185.8,190.6,199.8,203.6,202.6,188.2,201.8,195.7,185.4,194.7,192.9
ED-0010,1547,25:47,190.0,187.3,191.0,200.4,200.7,202.2,192.6,202.4,194.3,186.3,192.8,192.9
ED-0010,1548,25:48,189.8,185.3,190.4,199.7,202.2,202.8,191.3,205.1,193.1,186.4,193.1,191.4
ED-0010,1549,25:49,189.8,184.1,191.3,200.3,202.8,204.0,189.9,203.6,193.9,183.4,193.2,192.6
ED-0010,1550,25:50,190.6,185.8,192.6,198.4,201.8,202.0,190.5,202.4,195.4,185.0,193.5,193.8
ED-0010,1551,25:51,190.0,184.5,191.6,199.6,202.9,203.6,189.9,201.7,195.1,186.1,193.5,191.7
ED-0010,1552,25:52,190.1,186.2,191.0,200.0,201.1,201.8,189.3,202.8,193.9,185.4,193.2,193.0
ED-0010,1553,25:53,187.9,185.1,191.0,200.2,201.7,202.0,191.3,203.3,195.5,184.0,192.6,192.1
ED-0010,1554,25:54,188.3,186.8,191.1,200.2,201.5,202.3,190.7,202.7,195.6,184.2,193.9,192.9
ED-0010,1555,25:55,188.6,185.1,191.3,198.8,200.0,201.4,189.2,203.9,194.0,185.7,192.7,193.5
ED-0010,1556,25:56,188.0,186.6,190.7,197.6,201.5,203.3,190.3,204.1,193.6,184.7,194.8,191.1
ED-0010,1557,25:57,189.1,186.5,191.8,199.9,202.5,201.3,188.7,203.6,193.4,186.8,193.4,193.9
ED-0010,1558,25:58,189.0,185.6,190.0,200.4,200.8,202.6,191.4,203.2,194.6,184.0,193.8,192.3
ED-0010,1559,25:59,190.6,186.3,190.9,200.6,201.3,201.9,190.0,204.0,193.4,186.7,192.4,193.0
ED-0010,1560,26:00,189.2,186.3,190.6,199.8,200.1,202.6,188.8,203.4,195.2,185.8,191.9,193.2
ED-0010,1561,26:01,189.0,185.8,191.4,201.4,202.5,202.1,190.4,204.1,195.0,185.0,193.8,191.8
ED-0010,1562,26:02,192.1,185.9,190.3,200.7,201.9,201.6,189.0,203.2,195.3,184.4,193.1,191.9
ED-0010,1563,26:03,189.4,184.8,191.9,200.5,202.5,201.0,191.0,202.2,193.9,184.7,194.5,193.2
ED-0010,1564,26:04,190.0,186.2,192.8,201.6,202.8,201.7,189.5,203.6,194.6,184.7,193.2,192.7
ED-0010,1565,26:05,188.6,186.4,191.2,200.0,202.0,202.0,190.3,204.5,193.4,185.2,192.3,193.8
ED-0010,1566,26:06,188.0,186.8,191.0,201.1,202.1,202.9,189.0,203.2,193.6,185.0,193.0,192.3
ED-0010,1567,26:07,190.3,186.0,192.1,200.3,202.0,203.1,189.0,202.7,194.4,183.5,192.1,193.3
ED-0010,1568,26:08,188.1,187.2,191.7,200.5,200.7,202.1,189.5,202.4,193.7,185.1,193.3,193.0
ED-0010,1569,26:09,190.2,186.4,192.5,200.4,202.0,202.6,190.5,204.1,193.9,185.1,192.3,192.5
ED-0010,1570,26:10,189.1,185.6,191.7,199.2,202.5,200.8,189.4,202.9,194.7,184.8,193.5,193.5
ED-0010,1571,26:11,190.8,186.6,188.8,199.5,201.5,202.7,191.6,202.3,193.8,184.8,193.4,191.8
ED-0010,1572,26:12,189.5,186.0,191.2,199.1,201.1,201.3,189.5,202.5,195.5,184.1,192.5,193.1
ED-0010,1573,26:13,190.5,186.8,191.7,199.5,202.1,200.7,190.4,204.2,194.3,184.6,191.0,193.9
ED-0010,1574,26:14,190.4,186.3,190.7,200.3,200.8,202.0,189.6,202.7,195.5,184.8,193.5,192.8
ED-0010,1575,26:15,189.2,186.4,191.6,198.8,202.4,202.8,189.6,203.0,194.0,185.4,192.0,191.4
ED-0010,1576,26:16,189.8,186.0,192.2,199.5,201.7,203.6,190.0,202.1,196.4,185.3,191.5,192.6
ED-0010,1577,26:17,190.2,185.7,190.5,200.4,201.4,201.9,188.1,202.2,195.2,185.3,194.1,193.9
ED-0010,1578,26:18,189.5,186.4,191.2,199.2,201.0,201.3,190.0,203.0,193.4,184.0,192.9,191.7
ED-0010,1579,26:19,189.5,186.0,189.9,199.5,201.6,202.2,189.6,203.5,193.6,184.4,193.7,193.0
ED-0010,1580,26:20,189.4,185.6,191.5,199.3,201.0,202.3,190.9,203.1,193.0,185.0,191.1,192.0
ED-0010,1581,26:21,189.7,185.6,191.7,199.1,202.4,203.0,189.0,203.2,193.5,183.6,192.8,194.0
ED-0010,1582,26:22,188.8,186.6,191.9,200.9,201.3,202.5,191.0,204.3,193.3,184.7,193.9,192.6
ED-0010,1583,26:23,190.1,186.1,191.0,201.3,200.0,202.3,190.8,202.5,194.1,186.3,193.5,193.9
ED-0010,1584,26:24,189.4,186.0,190.7,200.0,202.6,202.8,190.2,202.0,194.1,185.0,193.5,194.0
ED-0010,1585,26:25,188.7,185.9,190.5,199.0,201.7,201.6,189.6,203.1,193.9,183.8,191.8,192.4
ED-0010,1586,26:26,188.7,185.3,190.6,200.6,199.3,201.4,190.5,202.2,195.9,184.6,193.3,193.6
ED-0010,1587,26:27,188.6,187.3,190.5,201.0,202.3,201.6,188.5,202.0,195.8,185.3,193.2,194.3
ED-0010,1588,26:28,189.5,185.1,190.7,200.3,203.3,201.8,191.2,202.0,195.0,184.5,193.4,191.9
ED-0010,1589,26:29,189.7,183.5,190.6,199.1,201.5,201.2,189.6,202.9,194.5,184.9,194.4,192.9
ED-0010,1590,26:30,191.1,185.7,189.7,198.9,201.3,201.3,189.2,203.8,195.8,184.6,193.8,192.0
ED-0010,1591,26:31,190.1,185.7,193.6,202.5,202.6,202.7,190.8,204.2,194.1,184.5,193.5,192.9
ED-0010,1592,26:32,189.6,184.4,191.9,199.7,201.5,200.4,191.2,204.9,195.1,183.5,192.1,194.5
ED-0010,1593,26:33,189.2,186.2,191.3,199.8,202.3,202.4,192.4,201.8,193.7,183.5,194.3,193.5
ED-0010,1594,26:34,189.8,186.6,190.6,199.5,199.6,201.4,189.6,201.8,192.8,184.3,193.4,193.7
ED-0010,1595,26:35,190.4,185.6,191.5,200.4,201.7,201.9,190.9,204.3,194.4,185.5,193.9,192.0
ED-0010,1596,26:36,190.7,186.7,190.5,200.4,201.6,200.2,191.0,203.0,195.2,185.2,192.6,194.3
ED-0010,1597,26:37,190.6,186.4,193.1,199.9,202.7,203.7,190.5,202.5,195.3,184.7,194.1,192.0
ED-0010,1598,26:38,190.6,184.7,190.4,199.6,201.2,203.1,191.1,202.5,193.9,184.6,193.9,192.2
ED-0010,1599,26:39,190.1,187.0,190.3,200.2,200.1,202.0,190.1,203.0,194.9,186.4,192.5,191.4
ED-0010,1600,26:40,189.2,186.1,190.4,200.6,203.1,203.6,191.4,202.9,193.9,184.6,192.7,192.8
ED-0010,1601,26:41,189.4,184.2,190.4,201.5,203.2,200.4,189.1,204.5,195.2,184.1,192.8,192.5
ED-0010,1602,26:42,190.3,185.0,189.9,199.8,202.7,202.6,188.9,203.9,195.1,184.3,192.0,192.6
ED-0010,1603,26:43,188.7,184.9,191.1,200.8,202.1,201.0,190.3,203.2,195.7,185.5,192.7,191.9
ED-0010,1604,26:44,191.6,187.0,190.2,199.3,202.6,201.0,190.3,203.0,195.5,185.9,192.2,193.6
ED-0010,1605,26:45,189.0,185.5,191.2,199.4,202.2,202.1,189.0,203.0,195.0,185.7,192.8,193.7
ED-0010,1606,26:46,189.6,187.0,189.7,200.1,202.8,202.2,188.8,203.4,192.8,183.5,191.6,192.4
ED-0010,1607,26:47,190.2,186.3,191.6,200.1,202.2,202.7,189.3,204.3,193.8,184.6,192.5,192.6
ED-0010,1608,26:48,191.0,187.3,189.4,199.6,202.1,203.3,190.5,202.1,195.0,184.9,191.9,192.8
ED-0010,1609,26:49,189.2,187.2,190.7,198.7,201.5,201.5,190.7,204.5,193.9,184.8,192.8,191.8
ED-0010,1610,26:50,189.2,184.8,191.4,199.3,202.0,203.7,189.9,203.9,195.0,184.2,192.5,192.7
ED-0010,1611,26:51,188.1,186.0,192.7,199.8,201.6,202.5,190.0,203.7,195.1,184.6,193.7,192.4
ED-0010,1612,26:52,189.3,186.2,191.6,199.9,202.9,203.2,190.7,203.9,194.5,183.5,194.4,192.1
ED-0010,1613,26:53,190.8,186.9,190.3,200.3,202.0,201.7,190.0,202.4,193.1,183.5,193.5,192.0
ED-0010,1614,26:54,189.1,186.8,191.0,200.8,201.6,203.5,189.3,203.7,195.3,183.5,193.5,193.2
ED-0010,1615,26:55,189.0,186.7,191.5,200.3,202.2,203.6,189.8,202.0,193.9,183.7,192.9,194.0
ED-0010,1616,26:56,188.9,184.7,190.3,198.9,201.8,202.8,190.4,203.6,193.8,184.9,192.9,191.2
ED-0010,1617,26:57,187.8,185.1,191.1,200.1,203.8,202.2,190.1,203.1,193.4,184.7,191.6,192.8
ED-0010,1618,26:58,188.8,186.1,191.5,200.4,200.8,201.5,189.5,203.4,194.2,185.3,192.7,193.0
ED-0010,1619,26:59,188.7,184.9,191.1,199.7,200.7,203.3,189.2,203.3,195.0,184.1,191.5,192.7
ED-0010,1620,27:00,188.4,185.6,192.5,200.4,202.8,203.6,190.6,203.5,193.6,184.7,194.9,193.3
ED-0010,1621,27:01,189.5,184.3,193.1,200.4,202.7,202.6,189.3,202.3,193.8,184.9,194.2,192.3
ED-0010,1622,27:02,189.6,186.3,191.7,199.6,203.2,203.1,189.0,202.0,195.5,184.6,193.2,194.4
ED-0010,1623,27:03,188.0,185.7,191.3,200.0,202.1,202.1,188.8,203.1,194.4,185.2,191.9,193.3
ED-0010,1624,27:04,189.5,187.5,192.4,201.4,202.8,202.0,190.4,202.0,194.5,184.7,193.1,191.3
ED-0010,1625,27:05,189.0,186.1,191.2,199.8,200.7,200.7,189.5,203.3,193.6,185.7,191.6,193.0
ED-0010,1626,27:06,188.7,185.3,191.4,200.3,200.2,201.3,189.9,203.0,194.2,184.3,194.0,192.9
ED-0010,1627,27:07,189.6,186.6,191.4,199.0,202.1,201.0,189.2,202.8,193.9,185.7,193.4,192.8
ED-0010,1628,27:08,190.4,185.9,190.5,200.4,203.6,203.1,190.6,203.3,193.8,185.7,193.7,193.6
ED-0010,1629,27:09,187.9,185.0,191.2,200.7,201.2,202.5,190.3,203.1,195.2,185.0,192.5,192.7
ED-0010,1630,27:10,189.0,186.0,191.3,201.7,202.3,202.7,189.7,203.8,194.2,183.9,194.6,192.5
ED-0010,1631,27:11,188.6,186.6,188.9,200.0,201.1,203.2,189.9,204.8,194.3,184.8,194.0,191.1
ED-0010,1632,27:12,189.4,186.0,190.1,200.6,202.0,202.2,188.8,202.3,193.6,184.7,192.9,192.5
ED-0010,1633,27:13,190.8,185.8,191.4,199.2,202.4,201.5,190.1,202.0,193.6,184.6,192.1,193.2
ED-0010,1634,27:14,189.1,185.6,191.7,199.8,201.8,202.0,189.6,204.1,193.3,182.9,192.9,192.5
ED-0010,1635,27:15,189.3,186.3,191.0,200.6,203.3,203.2,190.2,203.0,192.5,185.8,193.5,193.2
ED-0010,1636,27:16,189.4,187.7,192.2,199.5,201.7,202.7,188.7,203.7,194.4,185.4,192.9,192.7
ED-0010,1637,27:17,189.1,186.8,190.3,200.4,202.0,201.4,188.3,205.2,195.7,183.5,192.8,192.0
ED-0010,1638,27:18,189.1,185.5,190.4,201.7,202.7,201.2,191.0,203.5,193.6,184.9,194.0,193.2
ED-0010,1639,27:19,189.6,185.1,190.5,201.4,202.0,203.4,189.7,201.8,193.7,185.2,194.1,191.8
ED-0010,1640,27:20,190.6,185.5,191.1,199.4,201.3,203.3,190.9,201.9,194.2,186.1,194.3,192.6
ED-0010,1641,27:21,189.0,186.5,191.1,200.8,202.0,202.3,190.2,202.3,192.9,185.1,193.2,191.9
ED-0010,1642,27:22,188.7,186.5,188.9,199.9,202.0,201.6,190.0,205.4,194.7,185.0,193.3,192.3
ED-0010,1643,27:23,190.1,186.8,191.8,199.0,203.0,200.8,189.9,203.7,195.4,184.0,193.5,193.6
ED-0010,1644,27:24,191.5,187.3,191.7,201.3,203.1,201.9,190.8,203.2,193.8,185.0,193.5,192.2
ED-0010,1645,27:25,188.8,186.0,189.7,199.8,201.3,202.0,190.6,204.1,192.9,184.1,192.8,193.3
ED-0010,1646,27:26,190.0,186.2,190.0,199.5,201.8,202.1,188.6,204.9,193.0,184.2,192.8,192.8
ED-0010,1647,27:27,189.1,186.6,188.6,199.3,202.2,202.4,190.3,203.5,193.9,183.6,193.2,190.9
ED-0010,1648,27:28,189.2,186.5,191.5,201.2,201.9,203.2,190.1,204.2,191.6,183.7,192.1,192.0
ED-0010,1649,27:29,189.2,185.4,190.9,198.7,201.3,201.2,190.4,204.9,193.4,185.2,192.4,192.6
ED-0010,1650,27:30,189.6,185.6,190.8,199.9,203.0,201.6,190.0,203.0,193.6,186.0,193.0,193.3
ED-0010,1651,27:31,186.6,186.4,190.2,202.0,203.1,201.0,188.1,201.6,194.1,184.2,194.0,192.5
ED-0010,1652,27:32,190.3,186.1,191.2,200.7,202.2,201.1,189.8,204.3,195.0,185.7,192.0,193.9
ED-0010,1653,27:33,189.5,187.3,191.0,201.9,201.0,201.8,190.7,203.1,194.1,186.0,192.6,191.7
ED-0010,1654,27:34,189.0,185.3,190.9,199.6,202.6,202.8,189.5,203.8,193.3,186.4,193.5,192.0
ED-0010,1655,27:35,190.9,185.7,190.7,199.0,202.3,201.5,190.2,202.4,193.8,185.7,191.7,193.6
ED-0010,1656,27:36,191.0,186.4,190.5,199.9,202.3,202.3,192.2,203.6,192.4,183.3,192.5,192.0
ED-0010,1657,27:37,188.8,186.0,191.3,200.3,201.3,199.8,189.5,202.9,193.7,183.3,193.7,192.3
ED-0010,1658,27:38,190.9,186.2,190.7,199.2,202.8,202.1,188.5,203.1,194.3,184.5,194.4,191.3
ED-0010,1659,27:39,190.3,186.5,190.2,199.2,203.6,201.9,191.8,204.4,193.1,185.1,192.5,193.5
ED-0010,1660,27:40,189.1,187.0,189.7,199.9,201.5,203.6,189.5,202.9,194.5,185.1,192.5,194.3
ED-0010,1661,27:41,188.8,186.3,191.1,201.1,202.8,201.4,190.8,202.2,194.0,186.4,192.8,192.6
ED-0010,1662,27:42,189.8,186.2,192.7,199.6,201.7,201.5,190.0,202.1,195.3,184.7,192.6,193.1
ED-0010,1663,27:43,189.4,186.9,191.1,201.7,203.2,202.7,189.3,202.1,193.4,184.8,192.5,192.3
ED-0010,1664,27:44,191.1,184.3,189.7,200.5,203.3,202.6,189.0,203.5,194.1,184.9,193.6,192.7
ED-0010,1665,27:45,188.5,185.7,190.4,198.4,201.6,203.7,190.1,203.3,193.3,184.7,193.0,193.7
ED-0010,1666,27:46,188.4,187.0,189.4,199.3,203.0,202.5,189.5,203.0,194.3,184.5,194.6,193.2
ED-0010,1667,27:47,188.6,186.2,190.6,201.6,201.0,202.6,189.9,202.2,193.2,183.7,192.6,192.2
ED-0010,1668,27:48,189.0,184.8,191.4,199.0,202.6,201.1,189.5,203.0,193.5,185.1,193.3,192.6
ED-0010,1669,27:49,189.2,185.1,191.0,200.2,201.9,200.4,190.5,204.5,193.9,185.7,192.9,192.3
ED-0010,1670,27:50,189.4,185.1,191.0,198.7,201.5,202.6,187.5,202.0,194.0,184.0,193.1,191.7
ED-0010,1671,27:51,190.2,185.7,191.2,199.6,201.3,202.0,189.9,203.0,194.4,184.8,192.4,193.8
ED-0010,1672,27:52,189.0,186.4,190.3,201.0,200.0,203.0,188.9,203.5,194.8,184.7,193.1,191.1
ED-0010,1673,27:53,189.5,184.6,191.9,200.9,201.4,202.5,191.3,202.0,194.3,185.2,193.4,191.8
ED-0010,1674,27:54,189.9,188.2,190.5,200.8,200.8,201.3,191.5,203.8,194.7,184.5,193.5,193.5
ED-0010,1675,27:55,189.6,186.3,191.5,198.9,200.8,203.9,190.9,203.4,192.9,184.9,193.8,192.8
ED-0010,1676,27:56,189.9,186.9,191.2,199.9,202.1,201.3,191.1,204.0,193.9,183.9,193.4,192.2
ED-0010,1677,27:57,189.4,186.5,191.7,200.6,201.3,202.5,189.5,203.0,194.6,185.3,191.3,191.5
ED-0010,1678,27:58,190.1,185.4,191.2,200.3,202.0,202.4,189.6,203.7,195.5,184.5,193.7,193.2
ED-0010,1679,27:59,189.7,187.2,191.6,200.8,204.0,201.1,189.9,203.8,194.5,184.9,191.7,191.5
ED-0010,1680,28:00,190.1,185.1,190.2,200.3,202.2,201.9,190.3,202.6,194.4,184.2,192.8,192.2
ED-0010,1681,28:01,189.3,184.0,191.9,199.5,201.4,203.2,190.7,202.1,193.7,185.6,192.7,193.1
ED-0010,1682,28:02,189.9,185.3,191.7,201.4,202.2,203.0,190.8,203.3,193.9,185.0,192.4,192.3
ED-0010,1683,28:03,189.6,185.0,191.3,200.2,202.1,203.6,190.3,205.1,193.4,185.1,193.3,192.4
ED-0010,1684,28:04,190.6,186.1,191.1,200.2,202.0,202.0,189.9,203.6,193.5,184.0,194.2,192.3
ED-0010,1685,28:05,187.7,185.3,193.0,199.8,201.8,202.0,188.6,202.1,193.5,185.7,191.9,192.0
ED-0010,1686,28:06,189.2,185.9,190.6,200.1,202.0,201.4,189.6,202.5,194.5,185.4,193.2,195.0
ED-0010,1687,28:07,189.0,185.2,190.7,201.1,202.1,202.9,189.8,202.9,195.3,185.2,193.9,193.2
ED-0010,1688,28:08,190.0,187.0,191.6,201.2,202.8,201.4,188.6,202.8,193.4,185.3,191.8,193.6
ED-0010,1689,28:09,188.5,186.7,191.3,200.1,202.6,201.8,189.5,204.0,195.0,185.7,192.5,192.4
ED-0010,1690,28:10,187.9,186.2,191.0,200.5,201.7,200.2,190.0,203.9,195.1,185.0,191.7,192.2
ED-0010,1691,28:11,188.2,184.5,191.1,200.1,200.6,200.7,189.8,203.3,193.8,184.2,194.5,192.8
ED-0010,1692,28:12,189.6,185.7,190.8,199.3,201.8,201.8,188.6,202.5,193.3,184.5,193.3,193.0
ED-0010,1693,28:13,190.5,187.7,191.0,200.1,201.9,202.8,189.2,202.9,194.1,185.5,192.8,193.0
ED-0010,1694,28:14,190.0,186.6,192.0,199.2,201.1,202.5,190.0,202.2,193.3,186.1,193.1,191.7
ED-0010,1695,28:15,188.8,185.0,191.0,200.6,201.8,201.0,188.7,204.6,194.0,184.2,193.1,191.6
ED-0010,1696,28:16,188.3,185.1,190.7,200.7,200.4,202.2,188.9,204.3,193.8,185.4,192.4,190.8
ED-0010,1697,28:17,190.5,187.3,190.8,201.2,201.3,201.3,190.1,203.4,194.0,184.4,193.1,193.0
ED-0010,1698,28:18,189.2,185.8,191.5,200.4,201.3,203.9,189.9,203.5,194.7,184.6,192.3,193.7
ED-0010,1699,28:19,189.2,186.5,190.8,199.9,201.5,202.8,189.2,202.5,194.0,183.8,192.6,193.6
ED-0010,1700,28:20,188.6,186.5,191.9,198.9,202.0,200.9,190.4,202.7,194.3,183.5,193.6,194.0
ED-0010,1701,28:21,189.1,185.4,190.9,198.1,201.1,201.6,190.8,203.0,193.9,185.0,193.1,192.1
ED-0010,1702,28:22,190.2,184.9,190.6,199.7,201.2,202.3,191.9,202.4,193.2,184.0,193.9,193.5
ED-0010,1703,28:23,188.8,186.9,191.9,199.4,202.4,201.6,190.7,204.5,195.3,185.0,192.2,192.5
ED-0010,1704,28:24,189.3,186.8,191.7,200.6,201.9,201.3,190.9,202.9,193.8,184.7,192.9,192.4
ED-0010,1705,28:25,187.3,186.8,192.0,199.8,201.0,202.3,190.1,203.6,196.0,185.7,192.5,194.1
ED-0010,1706,28:26,189.2,185.5,191.5,199.2,201.6,203.5,189.2,203.6,192.8,184.5,192.7,192.3
ED-0010,1707,28:27,190.6,186.0,190.9,199.2,202.5,200.5,190.1,201.7,194.9,185.7,192.7,193.5
ED-0010,1708,28:28,190.2,185.1,190.6,200.2,202.5,201.5,188.0,205.3,193.3,185.2,191.4,192.7
ED-0010,1709,28:29,190.1,186.3,190.5,200.1,201.9,201.0,191.4,202.5,194.6,184.8,193.1,191.7
ED-0010,1710,28:30,188.5,186.1,190.5,200.4,201.2,202.2,188.6,203.9,193.3,186.3,194.4,192.8
ED-0010,1711,28:31,188.8,186.3,190.9,199.5,202.6,201.9,188.9,204.1,193.3,183.0,192.7,194.0
ED-0010,1712,28:32,190.9,186.1,190.8,200.0,201.0,202.6,190.3,203.6,194.1,185.0,193.0,192.0
ED-0010,1713,28:33,190.1,185.5,190.7,200.4,202.1,201.4,190.7,204.6,194.1,185.3,195.2,192.3
ED-0010,1714,28:34,188.8,186.1,190.8,200.1,203.3,202.5,191.1,204.3,194.2,186.4,193.5,193.5
ED-0010,1715,28:35,189.1,184.9,191.7,200.4,200.9,202.3,189.6,202.9,195.0,186.0,192.4,193.0
ED-0010,1716,28:36,190.4,185.1,191.7,201.4,202.4,203.7,189.7,202.9,193.0,186.4,193.3,194.2
ED-0010,1717,28:37,188.3,185.7,190.0,199.4,202.4,203.6,189.4,203.2,193.7,184.7,192.8,191.9
ED-0010,1718,28:38,188.6,186.9,190.6,200.3,202.3,203.8,188.3,203.2,193.3,185.7,192.3,192.7
ED-0010,1719,28:39,189.6,186.9,190.7,200.9,202.1,201.1,190.3,203.0,194.0,183.6,193.4,193.3
ED-0010,1720,28:40,189.6,186.0,192.0,198.8,200.9,202.7,189.9,204.1,193.5,185.8,193.3,191.4
ED-0010,1721,28:41,189.2,188.7,188.6,199.9,202.7,201.3,190.2,203.1,193.2,184.5,192.9,192.5
ED-0010,1722,28:42,188.7,186.1,191.5,199.3,201.4,202.7,191.1,202.8,194.4,186.1,194.1,192.7
ED-0010,1723,28:43,187.5,186.3,190.8,199.5,203.3,202.4,189.9,204.4,193.4,186.5,194.8,192.0
ED-0010,1724,28:44,188.3,185.9,191.1,198.9,201.1,201.8,190.7,203.0,192.3,185.1,192.1,193.5
ED-0010,1725,28:45,189.6,185.4,190.3,201.2,202.7,202.3,189.3,203.6,193.8,184.5,193.1,191.4
ED-0010,1726,28:46,189.0,184.9,190.2,198.9,202.7,201.7,190.6,203.4,194.9,184.9,193.4,193.6
ED-0010,1727,28:47,192.0,185.9,191.2,201.4,201.8,203.7,189.0,203.1,193.4,185.8,194.6,192.3
ED-0010,1728,28:48,188.9,186.5,191.0,199.9,200.3,202.0,190.5,203.8,193.7,183.9,192.7,192.5
ED-0010,1729,28:49,187.7,185.3,191.8,200.5,202.7,201.0,188.6,203.9,195.1,184.5,191.9,192.5
ED-0010,1730,28:50,188.5,186.2,190.8,199.4,200.7,200.6,190.8,203.8,193.7,184.7,193.4,194.4
ED-0010,1731,28:51,188.4,187.2,190.7,201.8,201.8,201.0,188.8,203.1,194.9,185.3,194.4,193.3
ED-0010,1732,28:52,189.9,188.1,192.1,202.4,201.8,202.3,189.7,203.5,193.5,185.2,193.1,191.6
ED-0010,1733,28:53,188.1,186.2,191.3,199.5,201.8,200.9,191.1,202.2,194.7,184.6,193.5,193.1
ED-0010,1734,28:54,189.6,186.3,191.0,200.6,201.2,202.9,191.5,204.3,193.2,185.3,193.1,190.4
ED-0010,1735,28:55,188.9,186.6,190.9,200.7,203.7,201.4,190.3,203.6,194.0,184.5,192.4,192.7
ED-0010,1736,28:56,188.7,184.5,191.6,200.2,202.6,203.4,191.1,205.5,194.9,183.7,193.2,193.2
ED-0010,1737,28:57,190.1,186.8,191.5,200.9,202.1,201.1,190.1,202.7,192.9,183.8,194.0,191.9
ED-0010,1738,28:58,189.2,185.5,189.9,200.8,202.1,200.6,189.3,202.7,194.3,184.3,192.5,191.7
ED-0010,1739,28:59,188.8,185.5,190.0,201.2,200.4,201.6,190.8,203.4,195.3,185.6,193.0,192.9
ED-0010,1740,29:00,189.2,186.1,190.7,200.5,201.8,201.9,190.0,203.3,193.7,183.1,192.6,192.5
ED-0010,1741,29:01,187.9,185.3,190.1,199.5,201.2,202.7,190.0,203.0,194.3,183.3,194.4,190.8
ED-0010,1742,29:02,189.4,186.1,189.7,200.4,201.7,202.8,189.4,202.6,191.9,186.3,192.2,192.9
ED-0010,1743,29:03,188.2,186.4,191.7,200.4,200.4,201.5,189.5,203.4,194.1,185.1,193.7,191.0
ED-0010,1744,29:04,190.8,186.0,192.2,199.1,203.2,203.0,189.9,203.8,194.6,185.2,192.5,193.4
ED-0010,1745,29:05,190.5,187.0,191.7,199.3,202.1,201.3,189.7,203.0,193.5,187.4,191.5,192.5
ED-0010,1746,29:06,189.8,185.9,191.5,200.2,201.8,202.5,188.9,203.8,193.1,182.6,193.1,193.8
ED-0010,1747,29:07,189.9,185.5,192.0,199.8,201.7,203.1,190.2,204.3,193.5,184.2,193.8,192.6
ED-0010,1748,29:08,189.3,185.6,192.0,199.6,202.3,201.0,190.8,202.6,193.9,182.8,192.3,192.8
ED-0010,1749,29:09,190.3,185.7,192.5,200.9,202.7,203.7,190.3,203.3,192.2,184.1,193.0,194.2
ED-0010,1750,29:10,188.6,186.2,192.2,200.5,202.7,203.0,188.7,202.8,194.6,184.0,192.5,191.3
ED-0010,1751,29:11,188.8,186.6,192.1,198.9,202.8,202.7,189.1,203.0,194.5,186.1,192.9,193.0
ED-0010,1752,29:12,188.5,186.5,190.5,200.5,202.6,202.7,190.9,203.9,194.1,185.1,192.9,193.1
ED-0010,1753,29:13,190.4,185.9,190.3,200.5,201.7,203.1,189.4,203.6,193.9,185.3,193.3,192.2
ED-0010,1754,29:14,190.7,185.9,191.2,199.9,203.9,203.2,189.0,203.7,193.9,184.8,194.8,192.4
ED-0010,1755,29:15,190.1,188.2,191.1,200.9,202.6,199.8,190.2,203.8,195.5,184.0,192.5,190.6
ED-0010,1756,29:16,190.5,186.5,191.6,199.8,202.5,201.5,189.6,202.0,193.9,184.0,194.1,191.8
ED-0010,1757,29:17,188.7,186.6,188.1,200.2,201.1,201.2,189.3,204.3,194.2,185.9,191.0,192.4
ED-0010,1758,29:18,189.0,185.9,193.2,199.6,201.6,201.8,190.0,203.1,194.6,186.7,193.1,193.2
ED-0010,1759,29:19,188.1,186.1,190.9,199.4,202.4,203.9,189.0,201.7,193.0,186.0,192.5,192.9
ED-0010,1760,29:20,188.8,187.1,191.6,200.4,202.0,202.8,190.2,202.3,195.3,184.7,192.4,192.1
ED-0010,1761,29:21,189.2,185.2,189.8,201.2,201.7,200.7,189.9,203.4,194.4,183.8,193.0,194.4
ED-0010,1762,29:22,189.9,186.4,190.8,200.6,201.7,201.4,189.4,202.6,195.5,185.1,191.5,192.6
ED-0010,1763,29:23,190.0,186.5,192.3,199.1,201.1,202.2,190.3,204.0,194.5,183.5,193.5,191.9
ED-0010,1764,29:24,189.6,186.2,191.2,201.2,201.3,200.6,189.3,202.1,194.6,184.4,194.0,194.0
ED-0010,1765,29:25,189.4,186.6,191.7,198.4,201.9,203.2,189.7,204.3,193.8,185.4,194.6,193.8
ED-0010,1766,29:26,192.0,185.9,191.7,200.2,200.9,201.3,190.5,202.2,195.2,184.8,192.9,190.6
ED-0010,1767,29:27,191.0,186.5,192.6,199.3,200.9,202.3,189.2,204.6,195.2,184.7,194.3,192.3
ED-0010,1768,29:28,188.4,185.8,190.3,201.5,202.9,203.3,187.4,202.6,193.1,183.8,192.6,190.7
ED-0010,1769,29:29,189.2,185.6,189.9,200.3,202.0,203.1,190.2,202.8,194.0,184.5,191.9,194.4
ED-0010,1770,29:30,189.8,187.3,193.4,200.4,202.9,201.5,189.5,203.0,194.1,183.8,192.7,191.2
ED-0010,1771,29:31,191.4,184.6,191.0,199.5,201.3,202.0,191.2,204.0,193.2,184.6,193.3,193.2
ED-0010,1772,29:32,188.6,186.1,191.9,200.3,202.4,200.2,189.6,204.0,194.7,183.5,193.8,192.0
ED-0010,1773,29:33,188.8,185.8,192.5,199.4,202.0,200.4,189.9,202.5,195.1,183.6,194.2,193.8
ED-0010,1774,29:34,190.6,185.6,191.3,200.3,202.0,200.5,189.2,203.2,195.6,184.6,192.9,191.1
ED-0010,1775,29:35,189.9,185.9,190.6,199.1,202.6,202.0,187.7,204.3,193.5,183.5,193.3,191.5
ED-0010,1776,29:36,190.2,185.9,190.5,200.9,200.3,202.2,189.0,202.7,195.2,185.6,193.2,192.0
ED-0010,1777,29:37,188.4,187.6,191.3,200.1,201.2,202.0,190.2,202.9,194.5,185.2,191.5,192.5
ED-0010,1778,29:38,189.5,185.8,191.2,201.7,202.1,201.5,191.3,203.7,193.3,183.9,192.2,193.9
ED-0010,1779,29:39,188.1,186.3,190.5,198.7,203.2,201.1,189.3,204.1,195.3,187.0,193.1,192.0
ED-0010,1780,29:40,189.8,185.8,191.2,199.4,202.4,201.1,190.9,205.1,194.5,183.5,193.9,192.4
ED-0010,1781,29:41,189.2,186.1,191.3,200.1,200.0,202.6,189.3,205.0,195.0,184.4,191.6,193.1
ED-0010,1782,29:42,186.7,185.6,191.9,200.3,202.3,202.2,191.6,202.7,193.8,184.5,192.8,194.8
ED-0010,1783,29:43,190.2,185.0,190.1,200.6,202.9,201.9,189.6,203.1,193.7,186.2,192.7,193.7
ED-0010,1784,29:44,187.8,186.1,190.7,200.9,202.5,203.2,189.9,204.0,193.7,184.5,192.3,192.2
ED-0010,1785,29:45,189.8,186.1,191.4,199.7,202.7,202.5,189.0,204.8,193.0,185.2,194.3,191.1
ED-0010,1786,29:46,189.0,187.9,190.8,200.2,202.4,201.0,190.4,202.0,195.8,185.6,193.5,193.3
ED-0010,1787,29:47,189.9,184.6,190.8,200.1,200.4,201.2,190.0,203.6,195.6,184.8,193.2,193.0
ED-0010,1788,29:48,189.5,186.8,191.1,200.2,200.1,202.3,191.7,204.1,194.7,185.6,192.0,193.8
ED-0010,1789,29:49,189.6,185.2,190.6,199.8,201.6,201.7,190.9,202.4,195.4,184.5,192.4,191.8
ED-0010,1790,29:50,189.5,185.6,190.7,201.2,204.7,202.6,189.6,203.4,194.3,184.4,193.9,191.0
ED-0010,1791,29:51,189.1,186.5,191.3,200.6,201.7,202.2,190.1,201.4,195.9,185.3,194.3,193.3
ED-0010,1792,29:52,188.6,184.1,191.1,199.9,201.5,203.2,189.8,203.3,193.9,185.0,193.1,193.0
ED-0010,1793,29:53,189.4,186.0,189.7,201.5,200.5,201.6,189.7,203.5,194.7,184.1,193.1,192.2
ED-0010,1794,29:54,191.5,186.4,190.0,200.7,202.0,202.1,189.9,202.3,196.1,183.4,194.5,191.0
ED-0010,1795,29:55,189.7,185.3,191.5,199.7,202.5,202.5,188.2,202.1,194.3,185.6,190.9,191.3
ED-0010,1796,29:56,189.2,185.9,190.7,199.6,201.3,201.7,190.1,201.8,193.2,183.6,192.8,190.9
ED-0010,1797,29:57,189.7,185.9,190.9,200.7,203.4,201.3,189.1,204.2,194.1,185.7,192.6,192.9
ED-0010,1798,29:58,191.7,186.3,189.9,198.1,202.6,201.2,188.8,204.5,194.3,185.0,193.2,192.7
ED-0010,1799,29:59,189.2,186.8,191.7,198.9,203.6,200.8,189.9,203.2,193.4,186.3,194.4,192.9
ED-0010,1800,30:00,188.3,186.2,191.4,200.7,202.5,202.2,190.1,204.0,194.7,184.9,192.6,192.7
ED-0010,1801,30:01,190.3,186.3,191.9,200.4,201.5,203.1,190.7,202.1,193.5,184.7,192.9,191.8
ED-0010,1802,30:02,189.7,186.6,190.8,201.5,201.9,200.4,190.4,202.8,192.9,185.3,193.4,192.5
ED-0010,1803,30:03,189.8,186.0,189.3,200.5,201.5,201.1,189.9,203.2,195.6,184.5,192.9,192.6
ED-0010,1804,30:04,189.3,183.6,190.0,200.2,202.2,201.7,190.5,203.3,195.3,184.8,194.1,192.7
ED-0010,1805,30:05,190.4,185.5,191.8,200.0,202.1,201.8,190.3,202.3,195.0,184.9,193.1,192.8
ED-0010,1806,30:06,189.0,185.9,191.3,198.1,202.9,201.5,190.4,204.1,194.4,185.0,193.4,192.5
ED-0010,1807,30:07,188.8,185.0,189.8,200.5,203.4,202.0,190.3,203.6,196.0,185.3,193.4,193.7
ED-0010,1808,30:08,189.7,187.3,191.0,199.5,202.8,201.0,190.8,204.0,193.1,185.7,193.9,192.2
ED-0010,1809,30:09,190.4,186.3,191.1,199.4,201.6,201.7,190.2,202.8,193.7,185.0,194.9,192.4
ED-0010,1810,30:10,190.9,186.8,189.7,199.5,202.2,203.9,190.7,202.9,194.8,185.9,191.9,193.3
ED-0010,1811,30:11,190.2,184.9,191.3,199.7,201.6,202.9,189.6,203.5,195.4,184.8,192.5,191.7
ED-0010,1812,30:12,189.6,186.0,191.7,199.2,203.2,202.7,190.4,205.4,195.3,185.3,193.4,194.0
ED-0010,1813,30:13,189.6,186.5,190.5,200.3,202.0,202.7,191.9,203.5,194.2,184.5,191.7,192.8
ED-0010,1814,30:14,190.5,185.2,191.8,199.0,201.1,203.7,188.5,202.6,194.5,185.5,193.3,193.7
ED-0010,1815,30:15,190.0,186.8,191.4,201.0,199.7,203.5,189.6,202.5,194.0,185.0,193.3,191.6
ED-0010,1816,30:16,189.9,187.2,192.8,201.3,201.8,202.1,190.6,203.9,194.2,184.7,193.2,192.1
ED-0010,1817,30:17,190.1,186.7,190.9,199.8,203.2,200.7,191.0,204.1,193.5,184.4,192.2,191.2
ED-0010,1818,30:18,187.3,185.1,192.9,200.0,202.2,202.0,190.2,203.1,194.3,184.7,193.0,192.2
ED-0010,1819,30:19,188.2,185.9,191.4,200.3,201.1,203.3,189.0,203.8,193.8,185.3,193.3,192.0
ED-0010,1820,30:20,190.2,185.6,191.7,200.3,203.9,201.1,189.9,203.7,193.2,184.7,194.6,193.2
ED-0010,1821,30:21,190.6,186.3,190.5,200.0,202.7,202.4,191.2,203.3,193.2,185.2,193.0,192.2
ED-0010,1822,30:22,189.5,184.5,191.3,199.1,203.0,201.7,191.4,202.7,192.5,184.4,192.6,193.4
ED-0010,1823,30:23,189.7,184.4,191.0,200.9,201.5,201.1,190.6,203.2,193.7,184.6,194.1,193.4
ED-0010,1824,30:24,189.7,187.4,190.5,200.2,203.6,202.4,189.2,203.1,195.1,184.4,193.4,190.4
ED-0010,1825,30:25,190.5,185.7,189.9,201.9,202.3,203.6,191.0,202.9,194.9,183.8,194.4,193.5
ED-0010,1826,30:26,190.5,185.1,189.5,202.1,202.0,202.1,190.6,202.7,194.3,183.7,192.8,193.8
ED-0010,1827,30:27,188.2,186.8,189.0,200.5,201.9,202.4,189.6,203.3,195.5,183.5,192.9,194.9
ED-0010,1828,30:28,189.0,186.5,188.6,199.7,201.8,201.7,189.3,203.3,194.9,181.8,193.3,192.9
ED-0010,1829,30:29,189.9,186.8,188.5,200.3,202.0,201.1,190.0,202.3,194.6,181.9,193.6,192.0
ED-0010,1830,30:30,189.6,186.1,188.3,200.2,201.8,203.7,190.2,202.5,194.8,181.8,193.6,192.2
ED-0010,1831,30:31,188.9,185.7,187.0,199.2,202.1,202.0,189.3,204.2,193.6,182.1,194.2,192.9
ED-0010,1832,30:32,189.1,185.9,187.6,198.5,204.6,200.4,189.7,202.7,192.9,180.4,193.5,192.9
ED-0010,1833,30:33,190.0,185.9,187.5,198.7,200.4,202.4,189.8,203.3,193.8,179.9,193.1,192.2
ED-0010,1834,30:34,189.6,185.3,187.2,198.5,201.7,202.5,190.1,202.4,192.6,180.6,192.7,192.6
ED-0010,1835,30:35,188.4,183.9,186.7,198.3,203.0,201.2,190.1,205.1,193.0,179.8,191.8,192.8
ED-0010,1836,30:36,189.8,183.3,186.0,197.8,203.1,201.5,189.2,202.2,192.2,180.2,193.1,193.4
ED-0010,1837,30:37,189.1,182.9,185.7,197.1,201.3,201.7,189.2,202.7,191.6,178.9,191.5,191.8
ED-0010,1838,30:38,189.7,182.7,185.2,196.2,201.6,202.6,188.3,203.4,192.7,179.2,189.8,193.5
ED-0010,1839,30:39,189.5,182.9,184.4,196.9,200.7,202.0,188.7,204.9,190.5,177.9,190.6,191.2
ED-0010,1840,30:40,189.3,181.7,184.3,195.9,201.9,201.0,189.7,202.8,191.0,177.2,190.1,193.6
ED-0010,1841,30:41,189.3,182.8,183.6,195.3,200.8,202.2,189.9,203.3,189.8,178.4,190.0,192.6
ED-0010,1842,30:42,189.7,181.0,184.1,194.1,203.0,202.4,189.9,203.3,189.3,176.5,189.6,192.4
ED-0010,1843,30:43,190.4,180.9,183.7,193.9,201.3,202.7,189.2,204.7,190.3,176.6,187.9,193.1
ED-0010,1844,30:44,189.2,180.1,183.5,194.9,202.6,202.0,189.1,202.9,189.8,176.2,188.2,194.8
ED-0010,1845,30:45,189.4,179.6,182.4,194.1,202.0,202.1,190.4,203.7,188.6,176.9,188.9,191.8
ED-0010,1846,30:46,187.7,179.3,182.1,193.6,202.6,202.2,189.5,203.1,188.6,175.5,187.7,192.3
ED-0010,1847,30:47,188.3,179.6,181.8,193.3,202.2,203.7,190.8,202.7,188.6,175.7,188.4,193.1
ED-0010,1848,30:48,188.2,179.0,182.4,193.4,201.8,202.4,189.7,203.5,188.4,174.5,186.8,192.8
ED-0010,1849,30:49,187.4,179.3,181.3,192.6,203.5,201.4,189.7,204.6,187.4,174.7,186.6,192.7
ED-0010,1850,30:50,187.0,178.2,179.7,192.9,202.8,201.7,190.2,203.3,185.3,174.2,185.4,192.1
ED-0010,1851,30:51,186.8,177.6,179.6,191.7,200.2,201.3,189.6,202.5,186.9,174.0,186.2,191.3
ED-0010,1852,30:52,186.9,177.9,178.6,190.7,201.5,200.2,190.5,203.4,186.3,174.5,184.5,190.5
ED-0010,1853,30:53,185.1,177.5,179.9,190.8,202.8,202.1,189.3,202.9,185.3,174.2,185.4,190.8
ED-0010,1854,30:54,186.0,177.5,180.0,190.0,200.2,202.9,190.4,203.7,184.6,173.6,184.1,190.4
ED-0010,1855,30:55,185.8,177.2,179.5,190.0,201.5,202.5,189.2,202.2,184.8,172.7,183.2,189.1
ED-0010,1856,30:56,185.0,175.2,178.1,189.4,202.8,202.3,189.6,202.7,184.1,171.7,183.9,189.6
ED-0010,1857,30:57,184.9,175.8,178.5,188.8,202.3,203.6,190.2,201.7,184.7,172.6,183.1,189.7
ED-0010,1858,30:58,183.9,174.8,178.5,189.3,201.2,202.7,190.3,200.9,183.1,172.3,182.7,189.2
ED-0010,1859,30:59,183.8,175.6,177.7,189.2,202.1,202.9,188.1,201.6,183.7,170.8,182.8,188.5
ED-0010,1860,31:00,184.0,175.2,177.2,187.7,200.0,201.4,190.1,200.5,182.8,171.3,182.4,188.0
ED-0010,1861,31:01,182.8,174.3,175.7,187.4,200.5,201.3,189.0,200.7,181.9,171.2,181.8,188.4
ED-0010,1862,31:02,183.3,173.7,176.8,187.7,199.9,202.2,190.6,199.3,182.8,169.6,180.3,188.0
ED-0010,1863,31:03,182.3,172.9,175.5,187.1,199.0,201.3,190.1,200.2,182.1,170.3,181.2,186.5
ED-0010,1864,31:04,181.5,172.8,176.1,185.6,198.9,202.2,189.9,199.0,181.5,170.1,180.4,186.8
ED-0010,1865,31:05,182.8,173.0,174.9,185.5,198.6,202.4,188.9,198.2,181.2,169.5,179.5,186.5
ED-0010,1866,31:06,182.0,173.3,175.6,186.6,197.9,201.7,188.6,197.8,181.4,169.0,179.7,185.7
ED-0010,1867,31:07,181.3,171.5,174.6,185.3,198.0,200.8,188.2,197.5,180.4,168.6,179.5,186.1
ED-0010,1868,31:08,182.3,171.7,173.7,185.2,196.1,201.6,187.7,196.7,179.8,168.6,179.5,185.6
ED-0010,1869,31:09,181.4,171.9,173.9,184.9,196.7,200.4,187.4,197.1,179.4,167.7,178.7,185.4
ED-0010,1870,31:10,179.9,171.8,173.8,184.9,196.8,199.6,186.3,196.6,179.1,168.0,178.4,184.8
ED-0010,1871,31:11,180.6,171.7,173.1,184.0,195.4,198.6,187.2,195.4,178.9,167.1,177.3,184.9
ED-0010,1872,31:12,179.2,171.0,172.8,183.2,195.5,199.1,185.7,194.7,178.6,166.8,178.1,183.8
ED-0010,1873,31:13,179.6,169.9,172.0,182.0,194.7,198.7,185.7,194.8,177.7,167.1,177.7,183.1
ED-0010,1874,31:14,178.8,169.2,172.4,182.9,194.4,198.4,186.1,194.3,178.6,166.2,176.8,182.8
ED-0010,1875,31:15,178.9,169.8,171.3,182.9,193.8,196.9,184.9,192.4,177.1,165.7,176.9,182.3
ED-0010,1876,31:16,179.2,169.9,171.7,182.6,192.7,196.9,183.8,193.3,178.0,166.3,175.9,182.7
ED-0010,1877,31:17,177.9,168.2,169.8,181.8,193.4,195.6,182.8,192.6,177.1,165.6,175.9,183.0
ED-0010,1878,31:18,178.1,167.1,170.0,180.0,192.4,195.4,184.1,191.5,175.8,164.9,175.3,182.6
ED-0010,1879,31:19,176.7,168.2,169.7,181.4,192.2,195.8,183.2,192.4,176.3,165.4,173.9,180.8
ED-0010,1880,31:20,176.8,167.9,170.5,180.9,191.6,195.5,182.9,191.0,175.6,164.7,173.8,180.0
ED-0010,1881,31:21,176.0,166.7,170.6,179.4,192.2,194.6,182.4,190.8,175.4,164.0,174.4,181.0
ED-0010,1882,31:22,176.7,166.4,168.4,180.2,191.1,194.9,182.0,191.5,174.5,164.3,173.7,180.5
ED-0010,1883,31:23,175.4,166.3,168.7,178.6,189.7,193.2,181.8,190.0,175.1,163.4,173.4,180.9
ED-0010,1884,31:24,176.2,166.8,169.3,179.3,189.9,192.8,181.1,189.2,174.7,163.8,173.0,179.8
ED-0010,1885,31:25,175.4,166.1,167.5,178.4,188.7,192.4,180.4,189.3,173.0,164.1,172.6,179.5
ED-0010,1886,31:26,175.2,165.9,167.4,178.4,188.9,193.1,179.6,189.0,173.8,162.6,172.0,179.5
ED-0010,1887,31:27,173.9,165.8,168.1,179.1,188.8,191.8,179.1,188.6,172.5,163.3,171.9,179.0
ED-0010,1888,31:28,174.1,165.2,166.6,178.3,187.6,191.8,179.9,189.0,173.0,161.7,170.9,178.5
ED-0010,1889,31:29,174.1,164.2,166.6,177.8,188.0,191.7,178.8,188.1,172.5,160.2,171.7,178.8
ED-0010,1890,31:30,174.2,164.3,166.2,177.6,187.4,190.2,177.7,187.1,171.8,161.1,171.3,177.5
ED-0010,1891,31:31,173.6,163.0,166.4,177.0,187.6,190.1,178.0,186.4,171.6,160.6,170.8,177.8
ED-0010,1892,31:32,173.4,163.7,166.4,177.2,186.2,190.4,177.8,186.0,172.2,160.1,169.6,177.8
ED-0010,1893,31:33,172.9,163.5,164.9,176.0,186.6,188.6,177.3,186.5,170.2,160.2,170.4,177.2
ED-0010,1894,31:34,172.6,163.3,165.8,174.7,185.2,189.2,177.5,186.1,170.8,160.1,168.9,177.6
ED-0010,1895,31:35,172.8,162.2,164.8,174.6,184.7,188.0,177.3,185.2,169.4,160.5,169.2,175.9
ED-0010,1896,31:36,171.5,161.9,165.2,174.2,185.5,188.1,176.8,185.1,170.0,159.6,168.8,175.8
ED-0010,1897,31:37,172.0,161.7,164.3,175.5,183.3,188.3,175.7,185.3,169.9,159.7,169.2,175.4
ED-0010,1898,31:38,171.5,161.2,164.3,174.5,183.8,187.4,176.0,184.5,169.1,158.8,168.3,175.6
ED-0010,1899,31:39,171.3,161.1,163.6,173.3,183.0,186.0,173.7,183.8,168.6,158.3,167.6,175.0
ED-0010,1900,31:40,170.4,160.7,163.3,173.8,183.0,186.2,175.3,184.3,168.7,158.7,167.8,174.7
ED-0010,1901,31:41,170.8,160.5,163.9,172.7,183.9,186.2,173.9,183.2,168.3,157.9,167.1,173.9
ED-0010,1902,31:42,170.1,159.3,163.0,173.1,182.6,186.0,173.5,182.5,168.4,157.9,166.6,173.6
ED-0010,1903,31:43,170.8,159.2,162.3,172.4,181.7,184.9,172.9,181.1,167.4,157.8,166.5,173.0
ED-0010,1904,31:44,170.1,159.9,162.9,172.4,181.5,184.0,172.7,181.5,167.7,157.9,165.7,173.2
ED-0010,1905,31:45,168.6,159.2,162.8,172.1,181.9,184.6,173.2,181.0,167.0,157.6,165.3,173.3
ED-0010,1906,31:46,169.4,159.0,161.2,171.2,180.3,183.5,171.9,180.4,166.9,156.1,164.7,172.6
ED-0010,1907,31:47,168.5,158.9,160.9,171.2,180.5,183.9,171.5,181.0,166.7,155.7,164.9,172.0
ED-0010,1908,31:48,168.2,158.2,161.5,170.5,180.4,183.7,171.0,180.1,166.4,156.2,163.4,172.0
ED-0010,1909,31:49,167.6,157.9,160.5,170.4,178.8,181.7,171.2,179.4,166.4,156.1,163.5,171.5
ED-0010,1910,31:50,169.3,157.2,159.9,170.4,179.0,182.0,170.8,178.5,166.2,155.1,163.9,170.7
ED-0010,1911,31:51,167.1,157.2,160.9,169.8,179.0,181.8,170.6,179.8,164.9,155.2,163.1,171.2
ED-0010,1912,31:52,167.2,156.1,159.9,169.5,177.8,180.1,169.1,178.4,164.8,154.5,162.6,170.8
ED-0010,1913,31:53,166.2,156.3,160.1,168.4,178.6,180.8,169.1,177.5,164.1,154.6,162.7,170.7
ED-0010,1914,31:54,166.5,156.3,159.1,168.0,177.3,181.3,168.4,177.1,163.6,153.8,161.6,169.9
ED-0010,1915,31:55,166.6,156.0,159.2,169.1,177.2,180.2,168.2,177.6,164.7,154.1,161.4,169.8
ED-0010,1916,31:56,165.6,155.4,157.9,168.1,176.2,179.4,168.6,175.9,162.7,153.6,161.8,169.8
ED-0010,1917,31:57,166.1,155.1,158.5,167.5,175.9,178.6,167.2,176.7,163.3,153.5,161.1,169.2
ED-0010,1918,31:58,165.4,154.9,157.5,167.0,176.3,179.1,167.7,176.0,162.7,153.3,160.7,168.7
ED-0010,1919,31:59,165.5,155.2,157.9,167.3,175.8,178.3,166.9,175.9,162.4,152.4,161.0,168.5
ED-0010,1920,32:00,165.1,154.4,157.1,166.8,175.3,176.9,166.9,175.1,162.0,152.2,161.0,168.4
ED-0010,1921,32:01,164.6,154.1,156.9,167.0,174.8,177.9,166.5,174.5,161.5,152.3,161.1,168.6
ED-0010,1922,32:02,164.8,153.6,156.2,166.4,174.1,176.6,166.3,174.8,160.9,152.3,160.0,167.6
ED-0010,1923,32:03,163.0,154.1,156.2,166.0,174.5,176.6,166.4,174.1,160.7,150.7,158.7,167.1
ED-0010,1924,32:04,163.4,152.4,155.5,165.3,174.2,177.4,165.5,173.3,160.6,150.7,159.2,166.7
ED-0010,1925,32:05,163.4,152.7,156.8,164.9,173.0,176.3,164.7,174.0,160.7,151.1,159.0,166.8
ED-0010,1926,32:06,163.5,152.3,155.5,164.7,172.0,175.8,165.0,172.9,160.8,149.9,157.8,166.6
ED-0010,1927,32:07,164.0,151.3,155.9,164.3,172.9,175.9,163.9,171.4,160.4,150.4,157.9,166.3
ED-0010,1928,32:08,162.5,151.6,154.7,164.3,172.1,174.9,164.5,172.6,160.1,150.3,158.5,165.9
ED-0010,1929,32:09,162.5,150.9,155.7,163.9,171.5,175.4,163.6,171.4,159.9,149.7,157.4,165.1
ED-0010,1930,32:10,162.2,152.0,155.0,163.3,171.5,174.2,163.0,172.0,158.3,149.7,156.3,165.0
ED-0010,1931,32:11,160.8,151.6,154.0,163.2,171.5,173.5,163.6,171.1,157.4,149.2,157.3,165.2
ED-0010,1932,32:12,160.6,150.2,153.6,162.4,171.6,173.8,162.0,171.3,158.7,149.0,156.2,165.3
ED-0010,1933,32:13,160.0,150.4,154.6,162.7,170.2,173.4,161.7,170.0,158.3,148.2,156.2,164.3
ED-0010,1934,32:14,161.1,149.7,152.7,161.7,170.3,172.2,161.5,169.5,158.5,148.8,156.0,164.5
ED-0010,1935,32:15,160.0,149.4,152.4,162.3,169.0,172.3,161.3,170.0,157.4,147.6,155.3,164.0
ED-0010,1936,32:16,159.8,149.0,152.1,160.8,168.6,171.1,160.1,169.2,156.9,147.6,155.3,162.7
ED-0010,1937,32:17,160.0,149.5,152.2,162.4,169.3,171.7,159.9,168.3,157.2,147.7,154.2,163.8
ED-0010,1938,32:18,160.9,148.3,152.3,161.6,168.9,170.5,160.1,168.5,156.4,147.7,155.1,162.7
ED-0010,1939,32:19,159.5,148.2,152.1,160.7,168.1,170.7,159.6,168.6,156.0,146.7,153.4,162.4
ED-0010,1940,32:20,159.0,149.0,151.1,160.1,166.9,170.1,159.3,169.1,155.9,147.6,153.5,162.0
ED-0010,1941,32:21,158.7,147.6,151.1,160.1,167.5,169.4,158.0,168.2,156.2,146.0,152.7,161.8
ED-0010,1942,32:22,158.5,148.1,150.9,159.2,167.4,169.1,159.3,167.3,154.7,146.2,154.3,162.1
ED-0010,1943,32:23,158.0,147.4,151.0,159.0,166.8,168.5,158.8,166.0,154.4,145.7,152.9,161.4
ED-0010,1944,32:24,156.8,147.3,150.6,158.4,166.2,168.4,159.5,166.4,154.9,145.5,152.1,161.4
ED-0010,1945,32:25,157.5,146.7,149.9,159.5,165.4,169.2,156.9,166.7,155.2,145.0,151.2,161.8
ED-0010,1946,32:26,157.0,146.8,149.7,158.4,165.4,167.2,157.6,165.3,154.0,145.6,152.8,160.2
ED-0010,1947,32:27,157.0,145.3,149.2,159.0,165.3,167.3,157.1,165.8,154.2,145.1,151.7,159.6
ED-0010,1948,32:28,155.5,144.5,149.2,156.5,164.2,167.8,157.3,164.4,153.4,143.6,151.9,159.7
ED-0010,1949,32:29,156.9,145.6,148.4,157.8,164.8,166.6,156.0,165.0,153.0,143.8,151.4,159.3
ED-0010,1950,32:30,156.2,145.4,147.9,157.0,163.2,166.9,156.4,164.0,152.7,145.0,150.4,160.1
ED-0010,1951,32:31,155.8,145.1,148.9,156.6,164.3,165.7,155.7,164.8,152.7,143.8,150.8,158.8
ED-0010,1952,32:32,155.3,144.5,148.4,158.0,163.1,165.8,155.0,163.2,153.0,143.5,149.8,158.6
ED-0010,1953,32:33,155.1,145.3,147.7,155.7,163.3,166.7,154.4,163.5,151.4,142.8,150.1,158.6
ED-0010,1954,32:34,155.6,144.2,147.2,155.9,162.1,164.9,154.1,162.6,152.1,142.2,149.8,158.8
ED-0010,1955,32:35,154.5,143.5,146.5,155.7,163.1,164.9,154.1,162.2,152.0,142.3,149.2,158.5
ED-0010,1956,32:36,155.3,143.7,147.9,155.7,162.1,165.3,153.6,162.3,150.8,141.9,148.6,156.8
ED-0010,1957,32:37,154.1,143.6,146.4,155.2,161.9,163.4,153.1,162.2,150.1,141.9,148.4,157.2
ED-0010,1958,32:38,154.5,143.5,146.5,154.2,160.8,163.9,152.4,161.6,150.2,141.8,148.2,156.1
ED-0010,1959,32:39,153.2,143.4,145.5,154.2,161.4,163.8,152.7,160.3,150.5,143.1,148.0,157.6
ED-0010,1960,32:40,153.5,141.5,145.8,155.3,160.7,161.3,152.1,160.9,150.5,142.0,148.1,157.3
ED-0010,1961,32:41,153.8,141.7,144.6,154.1,159.4,162.5,151.5,160.6,149.3,140.5,147.1,155.8
ED-0010,1962,32:42,153.4,141.7,144.7,154.3,160.0,162.2,150.9,160.1,148.4,141.3,147.2,155.9
ED-0010,1963,32:43,152.6,141.6,144.3,153.4,160.1,162.4,150.7,158.8,149.3,140.4,147.2,155.7
ED-0010,1964,32:44,152.4,141.3,145.5,153.0,158.3,161.0,150.6,159.6,148.2,139.5,146.5,155.8
ED-0010,1965,32:45,151.8,140.7,143.1,152.6,158.8,161.2,151.1,159.4,149.0,140.5,146.3,155.6
ED-0010,1966,32:46,151.5,141.1,143.9,153.1,158.3,159.9,150.3,159.3,148.3,139.3,146.8,155.1
ED-0010,1967,32:47,151.6,140.4,143.1,151.2,157.1,160.8,149.8,158.2,148.4,139.2,145.4,155.0
ED-0010,1968,32:48,150.7,140.6,143.9,151.8,157.9,160.3,149.5,157.4,148.2,139.0,145.3,154.6
ED-0010,1969,32:49,151.3,139.3,143.1,151.4,157.3,159.8,148.4,157.7,147.3,139.7,144.1,154.1
ED-0010,1970,32:50,151.4,139.7,143.0,151.3,156.8,159.6,148.9,157.6,147.7,137.8,145.1,154.6
ED-0010,1971,32:51,149.2,139.0,142.1,150.8,156.5,159.2,148.5,156.8,147.4,138.7,144.3,153.5
ED-0010,1972,32:52,150.2,138.4,142.5,150.2,155.8,157.7,148.3,157.3,147.3,138.3,144.7,153.4
ED-0010,1973,32:53,149.1,139.0,141.8,149.9,156.9,157.7,148.3,156.2,146.3,138.4,143.7,153.7
ED-0010,1974,32:54,150.5,138.7,141.8,149.1,154.7,157.3,147.5,156.5,146.5,138.5,143.4,153.2
ED-0010,1975,32:55,149.8,138.2,141.1,150.1,154.6,156.7,147.4,156.1,146.0,137.5,143.6,152.4
ED-0010,1976,32:56,149.6,137.6,141.5,150.1,155.0,157.4,145.9,155.5,144.8,137.6,143.8,151.2
ED-0010,1977,32:57,148.4,137.6,141.1,149.4,155.0,157.9,146.7,154.9,144.9,137.1,142.6,152.0
ED-0010,1978,32:58,148.2,137.4,139.9,149.2,155.0,155.9,146.2,155.1,144.7,135.8,142.2,151.3
ED-0010,1979,32:59,148.9,137.2,140.4,148.4,153.5,155.9,146.1,154.0,145.3,137.0,141.7,150.7
ED-0010,1980,33:00,148.8,137.4,141.5,149.3,154.0,155.1,146.2,154.2,143.5,136.5,141.6,151.2
ED-0010,1981,33:01,147.7,136.4,140.2,148.2,153.0,154.8,146.3,153.3,144.0,135.8,141.7,150.6
ED-0010,1982,33:02,147.5,136.5,139.6,147.3,152.7,154.7,145.3,153.4,143.7,135.5,141.2,150.8
ED-0010,1983,33:03,146.6,137.1,138.9,148.0,151.9,154.2,144.9,153.0,143.4,135.0,140.9,150.4
ED-0010,1984,33:04,146.8,136.6,138.8,147.4,152.9,153.8,144.7,153.0,142.7,135.2,141.3,149.9
ED-0010,1985,33:05,147.7,135.2,138.9,147.3,153.2,154.4,144.6,151.8,142.9,135.2,140.3,150.6
ED-0010,1986,33:06,147.7,135.7,138.4,147.5,152.4,152.9,144.7,152.5,143.0,134.8,139.3,149.2
ED-0010,1987,33:07,146.0,135.0,138.5,146.8,150.8,153.1,143.4,151.2,142.4,133.7,140.3,148.8
ED-0010,1988,33:08,145.6,135.0,137.5,146.1,151.0,153.3,142.7,152.4,142.1,134.6,138.5,148.7
ED-0010,1989,33:09,145.0,133.9,137.9,145.5,150.8,151.4,142.7,151.2,141.7,133.8,138.6,148.7
ED-0010,1990,33:10,145.2,134.3,137.5,144.9,151.0,152.7,142.7,149.9,141.7,133.7,138.2,148.9
ED-0010,1991,33:11,145.5,133.4,137.5,145.7,150.4,152.2,142.7,150.4,141.8,132.9,138.1,149.4
ED-0010,1992,33:12,144.6,133.8,137.1,144.9,149.3,152.1,141.9,150.1,141.1,133.2,137.8,148.3
ED-0010,1993,33:13,144.9,133.9,136.7,144.6,149.5,151.4,141.9,149.1,141.0,132.3,137.9,148.5
ED-0010,1994,33:14,143.9,132.7,137.3,144.9,148.9,151.4,141.5,149.3,139.6,133.1,138.3,147.4
ED-0010,1995,33:15,144.7,133.3,136.6,143.9,149.1,150.8,140.5,149.5,140.8,131.9,138.3,146.8
ED-0010,1996,33:16,144.8,132.6,136.5,143.5,149.5,150.4,141.2,148.9,140.0,131.7,137.7,146.0
ED-0010,1997,33:17,143.9,131.6,135.6,144.3,148.5,148.9,141.0,148.6,139.1,132.1,136.7,146.1
ED-0010,1998,33:18,144.0,132.1,135.1,143.1,148.4,150.0,140.1,148.3,139.1,131.7,136.1,146.1
ED-0010,1999,33:19,143.9,132.1,135.0,142.9,146.7,149.0,139.6,148.0,139.0,131.1,136.8,145.3
ED-0010,2000,33:20,143.1,131.6,135.2,142.9,147.3,149.4,140.1,148.7,139.3,131.5,136.2,145.8
ED-0010,2001,33:21,143.6,131.2,135.5,142.7,146.8,149.7,139.7,147.8,138.4,131.3,135.8,145.7
ED-0010,2002,33:22,141.4,131.1,134.4,142.1,146.1,148.3,138.9,147.3,137.2,131.1,136.2,146.4
ED-0010,2003,33:23,142.6,130.9,134.7,141.7,145.7,148.6,138.4,147.7,138.1,130.1,136.0,144.5
ED-0010,2004,33:24,142.3,131.1,134.2,142.1,146.6,148.0,138.8,146.6,137.7,129.7,134.5,144.2
ED-0010,2005,33:25,142.7,130.6,134.5,141.6,145.9,147.6,138.2,146.2,138.2,129.8,134.2,144.2
ED-0010,2006,33:26,141.1,130.6,133.3,142.0,144.4,147.8,137.5,146.2,137.4,129.7,135.1,143.8
ED-0010,2007,33:27,142.3,130.4,134.2,140.8,144.3,147.1,137.7,145.7,136.5,129.1,133.4,143.0
ED-0010,2008,33:28,141.0,129.2,132.1,141.2,145.3,146.8,137.5,144.8,136.9,129.3,133.9,143.2
ED-0010,2009,33:29,141.1,129.8,133.0,140.7,144.4,145.6,136.3,144.5,137.2,129.0,134.0,143.2
ED-0010,2010,33:30,140.2,129.7,133.1,140.3,145.0,145.7,137.4,144.9,136.0,128.3,133.6,143.5
ED-0010,2011,33:31,140.0,129.4,132.1,139.5,143.0,145.8,135.5,144.5,135.6,128.6,134.3,143.1
ED-0010,2012,33:32,139.7,128.7,131.9,139.2,143.4,144.8,135.8,143.9,135.5,128.8,134.2,143.2
ED-0010,2013,33:33,140.3,128.5,131.8,140.1,143.0,145.2,135.8,144.0,135.1,128.4,132.2,142.6
ED-0010,2014,33:34,138.6,128.5,132.3,138.8,144.3,144.4,135.3,143.9,134.6,128.1,132.9,142.7
ED-0010,2015,33:35,139.0,127.2,131.6,139.6,142.3,144.0,134.3,142.1,135.1,127.8,132.7,142.1
ED-0010,2016,33:36,139.2,127.5,131.8,138.6,142.5,143.9,135.2,143.1,135.2,128.6,132.5,142.1
ED-0010,2017,33:37,139.3,126.8,131.1,137.9,141.6,143.4,134.0,142.7,135.1,127.3,131.2,141.4
ED-0010,2018,33:38,139.3,127.5,130.7,137.9,142.5,142.8,134.7,141.6,134.4,127.5,132.0,141.0
ED-0010,2019,33:39,138.5,127.3,130.0,137.4,141.6,144.0,134.7,142.0,134.0,126.8,131.7,141.3
ED-0010,2020,33:40,137.9,127.1,128.9,137.0,140.4,142.5,133.7,140.8,133.6,126.2,131.1,141.8
ED-0010,2021,33:41,138.3,126.3,130.1,137.2,141.7,143.1,133.9,140.7,133.8,126.5,131.6,140.3
ED-0010,2022,33:42,137.0,125.7,129.8,137.7,140.2,141.6,132.8,140.5,133.6,126.0,131.1,140.1
ED-0010,2023,33:43,137.8,125.7,129.0,136.3,139.2,141.7,132.8,141.0,133.5,125.5,130.6,140.2
ED-0010,2024,33:44,137.8,125.7,129.0,136.8,140.0,141.9,132.2,141.9,133.0,125.2,129.8,140.0
ED-0010,2025,33:45,136.7,125.4,128.5,136.1,140.2,141.7,132.8,140.9,132.0,126.3,130.1,140.1
ED-0010,2026,33:46,135.9,125.6,128.7,135.4,139.1,141.5,131.9,141.1,131.5,125.2,129.2,139.3
ED-0010,2027,33:47,137.1,124.7,128.5,135.8,140.1,140.9,132.2,139.9,131.5,125.3,128.3,139.0
ED-0010,2028,33:48,136.5,124.8,128.0,135.1,138.2,140.0,132.3,139.9,131.6,124.5,128.9,139.5
ED-0010,2029,33:49,137.2,124.2,128.8,134.7,138.0,140.4,130.5,138.7,131.7,125.1,129.3,138.6
ED-0010,2030,33:50,135.3,124.0,127.5,135.4,138.2,139.9,130.6,138.5,131.5,124.3,128.7,138.6
ED-0010,2031,33:51,135.6,123.7,126.9,134.9,138.2,139.3,131.2,138.2,130.8,122.8,128.1,138.4
ED-0010,2032,33:52,135.0,124.0,127.7,134.9,138.0,139.8,130.8,139.1,131.1,123.5,127.6,138.2
ED-0010,2033,33:53,135.9,123.8,126.6,134.4,137.6,138.2,129.9,138.4,131.3,123.3,126.7,138.5
ED-0010,2034,33:54,135.3,123.6,127.4,134.3,138.6,139.6,130.5,137.4,129.9,123.3,128.0,137.9
ED-0010,2035,33:55,133.6,123.3,126.0,133.7,137.5,138.1,129.5,137.4,129.5,123.5,127.7,137.4
ED-0010,2036,33:56,135.3,123.2,126.8,133.6,137.4,137.4,129.7,136.6,129.5,123.6,127.0,137.2
ED-0010,2037,33:57,134.7,122.3,126.5,133.6,136.3,136.7,128.8,137.2,129.3,122.4,127.6,136.7
ED-0010,2038,33:58,134.7,122.5,125.9,133.1,135.4,137.1,127.9,136.5,130.1,122.3,127.2,136.3
ED-0010,2039,33:59,134.3,121.5,126.4,132.3,135.5,137.5,128.0,135.4,129.3,122.2,126.9,136.1
ED-0010,2040,34:00,133.7,122.9,125.4,132.6,135.5,136.1,128.0,135.6,129.3,122.3,125.1,135.4
ED-0010,2041,34:01,133.4,121.8,125.8,131.7,134.8,137.1,127.4,134.4,127.6,122.5,125.9,135.5
ED-0010,2042,34:02,133.5,120.4,124.4,132.3,135.1,136.8,128.0,135.6,128.6,122.1,125.6,135.6
ED-0010,2043,34:03,132.9,120.8,125.5,131.9,134.4,135.2,127.7,134.7,128.2,121.3,126.1,135.4
ED-0010,2044,34:04,132.7,120.7,124.7,131.2,134.7,135.5,127.8,135.2,128.3,121.9,124.2,134.9
ED-0010,2045,34:05,131.5,120.8,125.0,131.5,134.3,135.8,127.0,135.0,127.5,120.6,125.3,134.9
ED-0010,2046,34:06,132.7,121.8,123.9,130.9,133.9,135.4,126.3,134.2,127.5,120.6,124.6,133.2
ED-0010,2047,34:07,131.8,119.9,124.2,130.9,133.0,134.5,126.2,133.8,126.4,120.5,124.1,133.7
ED-0010,2048,34:08,131.7,120.2,124.1,131.2,132.6,134.3,126.5,133.8,127.1,120.5,123.9,134.3
ED-0010,2049,34:09,131.7,120.4,123.9,130.7,132.4,133.7,125.1,133.8,126.7,120.6,123.9,133.7
ED-0010,2050,34:10,132.3,119.9,123.1,129.3,132.8,133.4,125.6,132.6,125.3,120.1,123.8,133.0
ED-0010,2051,34:11,131.1,118.9,122.2,129.6,133.0,133.4,125.6,133.6,126.3,120.3,124.4,134.2
ED-0010,2052,34:12,131.2,119.1,121.9,130.0,132.6,132.7,125.2,132.5,126.1,120.0,123.4,133.5
ED-0010,2053,34:13,129.6,118.9,122.7,129.5,131.7,133.0,124.7,132.6,125.7,119.3,121.9,133.1
ED-0010,2054,34:14,131.9,119.1,122.5,128.8,131.5,132.8,124.7,131.8,125.2,119.2,121.7,133.2
ED-0010,2055,34:15,129.5,118.6,121.7,128.8,130.9,132.3,124.2,132.5,126.3,118.5,122.2,131.9
ED-0010,2056,34:16,130.2,118.5,123.3,129.6,130.6,132.5,124.2,132.3,125.2,118.7,122.3,132.6
ED-0010,2057,34:17,129.9,118.3,122.1,129.4,131.5,132.4,124.1,131.3,124.5,119.3,122.6,131.5
ED-0010,2058,34:18,129.2,118.0,121.9,129.1,130.0,131.6,123.3,130.9,123.8,117.7,120.9,130.9
ED-0010,2059,34:19,129.6,117.9,121.1,128.3,132.1,132.0,123.2,131.1,124.2,117.9,121.5,132.4
ED-0010,2060,34:20,129.0,118.2,120.8,127.6,130.4,131.8,122.9,130.5,123.9,117.6,121.6,131.6
ED-0010,2061,34:21,128.5,117.4,120.4,127.5,129.7,131.1,122.5,131.4,124.1,117.8,119.9,130.7
ED-0010,2062,34:22,128.9,118.0,120.5,127.1,129.9,130.3,122.1,129.4,124.5,117.9,120.9,131.5
ED-0010,2063,34:23,130.1,116.8,120.2,127.0,128.9,130.3,120.8,129.7,123.9,117.5,120.9,131.3
ED-0010,2064,34:24,128.5,117.0,120.1,127.4,129.7,130.7,122.1,129.5,123.3,116.9,121.1,129.9
ED-0010,2065,34:25,128.9,116.9,120.0,126.9,128.1,128.6,121.9,128.7,123.4,116.5,120.7,130.7
ED-0010,2066,34:26,127.8,116.4,119.6,126.4,127.9,130.6,121.4,129.1,122.9,116.7,119.5,129.9
ED-0010,2067,34:27,127.7,115.5,119.2,126.6,127.9,129.0,120.9,128.7,123.1,116.7,119.8,129.9
ED-0010,2068,34:28,127.2,115.6,119.2,125.3,128.4,129.0,121.9,128.0,122.1,116.8,118.9,129.6
ED-0010,2069,34:29,128.1,115.9,120.2,125.6,126.9,129.2,120.7,129.1,123.0,117.6,120.0,129.7
ED-0010,2070,34:30,126.5,115.6,118.9,125.5,127.5,128.3,121.0,128.0,121.9,116.9,119.3,129.8
ED-0010,2071,34:31,127.5,115.1,119.0,125.8,127.3,128.6,120.3,128.0,122.3,116.6,119.7,129.2
ED-0010,2072,34:32,127.1,114.7,119.2,124.7,128.3,128.2,120.5,128.1,121.5,115.1,118.8,128.8
ED-0010,2073,34:33,127.0,115.4,119.8,124.7,126.5,127.2,120.6,128.1,121.4,115.3,118.4,128.5
ED-0010,2074,34:34,126.7,115.1,118.4,123.6,126.2,127.4,120.1,126.8,120.2,115.5,117.6,128.4
ED-0010,2075,34:35,125.2,114.5,118.6,124.6,125.3,127.1,119.8,126.7,121.1,114.5,117.6,127.5
ED-0010,2076,34:36,124.7,114.9,118.1,124.3,126.0,126.6,119.7,127.3,120.1,114.7,118.3,127.5
ED-0010,2077,34:37,125.0,114.2,117.1,124.1,125.1,126.4,118.6,126.6,120.1,113.5,117.2,127.7
ED-0010,2078,34:38,125.8,112.7,117.9,123.9,125.8,126.4,118.7,126.4,120.5,114.5,117.0,127.4
ED-0010,2079,34:39,125.5,113.1,117.5,123.0,125.5,126.3,118.2,125.8,119.5,113.2,117.0,127.1
ED-0010,2080,34:40,124.9,112.7,117.2,123.9,125.5,125.8,117.2,125.4,119.0,115.0,116.6,127.8
ED-0010,2081,34:41,125.3,112.7,117.3,123.5,125.4,125.7,117.9,124.8,119.5,113.5,116.6,126.7
ED-0010,2082,34:42,124.8,112.9,116.3,122.7,124.4,125.5,117.6,124.3,119.6,113.2,118.0,127.1
ED-0010,2083,34:43,124.3,113.2,117.3,122.3,124.3,125.4,117.5,124.9,118.4,113.3,116.5,126.2
ED-0010,2084,34:44,124.9,113.0,116.9,122.0,124.1,124.8,116.6,125.1,119.2,113.3,116.0,125.7
ED-0010,2085,34:45,123.7,112.3,115.9,123.7,123.4,123.7,117.5,123.1,119.3,113.0,116.8,125.9
ED-0010,2086,34:46,124.8,112.0,115.1,122.2,123.9,124.3,115.8,123.6,119.2,112.6,116.0,125.8
ED-0010,2087,34:47,123.4,111.6,115.2,121.9,123.3,122.7,116.4,123.6,118.3,112.6,114.9,126.3
ED-0010,2088,34:48,124.4,112.3,115.6,122.1,123.2,123.6,117.2,122.9,118.6,112.5,114.9,125.2
ED-0010,2089,34:49,123.0,111.1,115.5,120.8,123.5,124.1,115.7,122.5,118.0,111.8,115.0,124.0
ED-0010,2090,34:50,122.6,112.3,115.2,121.4,122.0,123.2,114.5,122.4,117.8,111.3,114.6,124.1
ED-0010,2091,34:51,123.4,111.3,115.1,121.7,122.4,123.2,116.6,124.6,117.4,112.0,114.5,125.0
ED-0010,2092,34:52,122.9,111.9,114.2,121.4,122.0,123.4,114.0,123.0,117.9,112.0,115.6,124.8
ED-0010,2093,34:53,122.4,111.2,113.9,120.4,122.0,123.1,115.2,122.8,116.0,111.4,114.4,124.8
ED-0010,2094,34:54,122.2,111.2,114.3,120.6,121.6,121.7,114.9,121.8,116.9,111.6,113.7,124.5
ED-0010,2095,34:55,122.0,111.0,114.1,120.1,120.2,121.8,115.0,122.2,118.2,111.0,113.3,123.9
ED-0010,2096,34:56,122.1,109.6,114.4,119.9,121.6,122.9,114.3,122.6,116.7,110.6,113.8,122.6
ED-0010,2097,34:57,121.9,110.0,114.1,120.0,121.1,121.6,114.5,121.6,116.6,110.7,113.8,123.5
ED-0010,2098,34:58,121.7,109.8,113.4,119.8,121.1,121.1,114.4,121.1,116.2,111.2,112.6,122.7
ED-0010,2099,34:59,121.8,110.0,112.5,119.2,120.2,120.9,113.1,121.0,115.7,110.5,112.9,123.3
ED-0010,2100,35:00,120.8,109.5,113.2,119.5,119.7,121.2,113.8,120.4,116.4,110.7,112.4,123.0
ED-0010,2101,35:01,120.9,109.1,112.4,118.7,118.9,120.2,113.2,121.0,115.4,109.4,112.2,121.7
ED-0010,2102,35:02,120.5,108.8,112.9,118.9,119.0,120.1,114.4,120.1,115.5,109.7,112.0,122.9
ED-0010,2103,35:03,121.6,109.1,112.6,118.3,120.5,119.1,113.0,119.4,114.8,110.4,112.2,122.8
ED-0010,2104,35:04,121.1,108.3,113.5,118.1,120.0,120.4,112.9,120.3,114.8,108.8,112.2,123.0
ED-0010,2105,35:05,120.0,108.5,112.8,117.4,118.8,119.1,114.0,119.5,114.4,109.4,111.6,121.7
ED-0010,2106,35:06,119.6,107.4,111.7,117.0,119.1,118.7,111.7,119.4,114.8,109.6,111.1,122.4
ED-0010,2107,35:07,119.0,108.1,111.4,117.3,118.8,119.0,111.8,119.7,114.3,109.8,111.8,121.9
ED-0010,2108,35:08,119.2,106.9,112.2,116.7,118.4,119.2,111.6,118.7,113.9,108.6,111.1,120.8
ED-0010,2109,35:09,120.1,107.0,111.0,117.2,118.4,118.1,111.5,117.4,113.3,108.9,110.0,121.6
ED-0010,2110,35:10,118.5,107.1,111.1,116.3,117.4,118.7,111.7,117.9,113.7,108.0,110.6,120.1
ED-0010,2111,35:11,118.3,106.7,110.5,116.6,117.1,118.4,111.4,117.8,113.6,108.6,110.8,120.9
ED-0010,2112,35:12,118.8,106.2,110.4,116.3,116.7,117.1,110.4,118.2,112.6,107.8,109.5,120.2
ED-0010,2113,35:13,118.8,107.1,110.9,116.4,116.7,118.4,110.5,117.4,112.5,107.4,109.3,121.0
ED-0010,2114,35:14,118.9,106.5,110.0,115.5,116.5,117.6,110.9,117.7,113.1,107.4,110.1,119.8
ED-0010,2115,35:15,117.5,106.6,110.4,115.7,116.5,117.6,110.4,117.1,111.9,108.6,109.1,120.0
ED-0010,2116,35:16,118.1,106.2,109.9,115.5,117.1,116.6,110.2,117.1,113.2,107.1,109.7,120.0
ED-0010,2117,35:17,119.2,105.2,109.6,115.8,115.7,117.1,109.0,116.2,112.2,107.7,109.3,118.7
ED-0010,2118,35:18,117.9,106.0,109.5,115.6,116.8,116.8,110.1,117.0,112.8,107.2,109.3,119.5
ED-0010,2119,35:19,118.0,106.4,110.2,115.7,115.6,116.2,109.4,116.0,112.3,106.4,108.4,118.7
ED-0010,2120,35:20,116.3,105.3,109.3,115.9,116.2,116.2,109.8,115.6,112.0,106.4,109.5,119.1
ED-0010,2121,35:21,117.1,106.1,109.2,114.4,115.0,116.3,108.9,115.6,111.6,106.2,108.6,118.6
ED-0010,2122,35:22,116.5,104.8,108.4,114.0,115.3,115.1,108.9,116.1,112.1,106.5,108.4,118.9
ED-0010,2123,35:23,117.6,104.9,108.4,113.7,114.0,115.0,108.6,116.4,111.4,105.8,108.3,118.5
ED-0010,2124,35:24,116.4,104.8,108.7,114.6,114.6,115.1,108.8,115.3,111.9,105.9,108.7,118.1
ED-0010,2125,35:25,115.9,104.0,108.4,113.4,114.1,114.0,109.1,115.2,110.8,105.4,108.9,117.3
ED-0010,2126,35:26,117.2,103.8,108.5,113.6,114.8,115.2,108.3,114.8,110.6,106.1,107.7,117.3
ED-0010,2127,35:27,115.8,104.9,107.5,113.4,113.7,113.2,107.8,114.1,110.7,105.0,108.4,117.4
ED-0010,2128,35:28,115.4,104.0,107.5,114.2,112.9,113.8,108.7,114.3,109.8,104.7,106.7,117.4
ED-0010,2129,35:29,115.6,104.2,107.1,112.8,113.3,113.6,106.8,114.1,110.1,104.0,108.1,117.1
ED-0010,2130,35:30,116.0,103.4,107.0,113.3,113.1,113.5,106.7,114.3,109.2,105.7,105.3,117.1
ED-0010,2131,35:31,115.9,103.7,107.2,111.8,113.1,113.5,106.2,113.6,110.0,105.1,106.7,116.9
ED-0010,2132,35:32,114.4,103.3,107.4,112.2,112.1,112.9,106.0,113.4,109.7,105.1,106.2,116.5
ED-0010,2133,35:33,114.8,102.5,106.8,111.4,112.4,113.0,106.0,112.6,108.7,103.8,106.5,116.7
ED-0010,2134,35:34,115.6,102.5,106.3,111.0,112.7,112.4,106.5,112.0,109.1,104.1,105.5,115.5
ED-0010,2135,35:35,115.5,103.0,107.1,111.8,112.9,112.2,105.7,113.3,108.3,104.2,105.3,116.6
ED-0010,2136,35:36,113.7,102.3,106.7,111.2,111.5,112.4,105.2,112.1,108.2,103.2,105.7,116.3
ED-0010,2137,35:37,114.1,102.3,106.5,111.9,111.0,112.6,106.5,112.8,109.0,103.1,105.1,115.8
ED-0010,2138,35:38,114.1,101.9,105.3,111.4,112.7,112.1,105.6,111.6,108.8,103.0,105.5,115.5
ED-0010,2139,35:39,113.1,100.4,106.1,110.7,110.5,112.2,104.6,112.2,108.1,103.5,104.4,115.2
ED-0010,2140,35:40,114.2,103.1,105.7,111.1,110.7,111.8,105.2,111.3,108.3,103.1,105.0,114.6
ED-0010,2141,35:41,113.5,102.2,106.1,110.9,110.7,111.2,104.5,111.3,106.8,102.5,104.2,114.4
ED-0010,2142,35:42,113.5,102.4,103.8,111.4,109.9,110.8,104.2,110.7,107.3,102.7,103.9,114.7
ED-0010,2143,35:43,112.6,101.2,105.0,110.2,110.2,110.9,104.3,110.7,107.2,103.1,105.1,114.7
ED-0010,2144,35:44,112.5,101.1,104.5,110.7,110.3,111.1,103.5,110.9,106.8,102.3,103.5,114.9
ED-0010,2145,35:45,112.7,99.8,105.1,109.2,109.8,110.0,103.6,109.7,107.6,102.5,104.3,114.7
ED-0010,2146,35:46,113.0,100.2,104.4,108.3,110.1,110.7,104.1,110.3,107.1,101.3,103.8,114.0
ED-0010,2147,35:47,112.4,101.5,104.7,109.2,109.5,110.3,103.9,110.3,106.2,103.2,103.6,113.6
ED-0010,2148,35:48,111.7,101.7,104.3,109.9,108.5,110.5,103.3,109.7,105.5,101.2,102.7,113.2
ED-0010,2149,35:49,111.9,100.4,105.4,110.0,108.9,109.3,102.9,109.6,105.9,101.2,103.2,113.5
ED-0010,2150,35:50,112.4,100.4,103.3,108.3,108.1,109.2,103.5,109.3,105.5,101.3,102.6,112.7
ED-0010,2151,35:51,111.8,99.6,103.4,109.2,109.9,109.9,102.1,109.5,105.7,101.6,103.3,113.7
ED-0010,2152,35:52,111.8,101.2,102.9,108.6,108.3,108.7,103.2,109.9,106.8,100.7,102.1,112.7
ED-0010,2153,35:53,111.1,99.5,103.5,108.4,108.0,108.4,101.8,108.6,106.1,99.9,101.8,113.5
ED-0010,2154,35:54,110.7,99.5,103.4,109.1,107.3,108.7,100.9,107.7,104.8,100.1,101.7,113.4
ED-0010,2155,35:55,111.6,99.8,102.5,108.4,107.8,108.6,101.9,108.6,105.7,101.2,102.2,112.0
ED-0010,2156,35:56,109.9,99.1,103.7,107.1,107.8,108.9,101.7,108.5,104.5,100.5,101.9,112.5
ED-0010,2157,35:57,111.3,98.6,103.0,108.5,107.4,107.2,102.3,107.4,105.4,99.6,101.7,113.4
ED-0010,2158,35:58,110.6,98.5,103.7,107.9,107.4,107.2,101.2,108.7,104.9,99.7,102.2,111.5
ED-0010,2159,35:59,110.6,98.7,102.1,106.6,107.5,106.8,101.4,108.6,105.1,100.0,100.7,111.6
ED-0010,2160,36:00,111.3,98.6,102.3,106.8,106.9,106.9,100.6,107.8,104.4,99.2,101.0,111.4
ED-0010,2161,36:01,109.3,98.4,101.5,106.6,106.9,106.1,100.1,107.7,105.0,99.8,100.1,110.5
ED-0010,2162,36:02,110.3,97.2,101.3,108.0,107.4,106.8,100.3,107.0,102.7,99.3,100.7,110.8
ED-0010,2163,36:03,109.4,97.4,101.3,107.3,106.3,106.5,100.8,107.5,104.7,98.5,100.5,110.8
ED-0010,2164,36:04,110.2,97.5,101.1,106.4,106.1,106.6,99.7,106.9,103.8,99.4,100.9,111.5
ED-0010,2165,36:05,109.8,98.4,100.7,106.0,105.8,106.9,99.2,107.4,103.6,98.4,101.1,110.2
ED-0010,2166,36:06,109.7,97.5,101.4,106.5,105.7,106.2,100.2,105.6,103.5,98.7,100.3,110.6
ED-0010,2167,36:07,108.8,97.5,100.2,106.2,106.1,104.9,99.2,106.1,103.7,99.4,100.9,110.1
ED-0010,2168,36:08,109.9,97.3,100.8,105.2,105.1,106.3,99.7,106.5,103.3,98.3,100.0,110.0
ED-0010,2169,36:09,108.0,96.7,101.2,105.7,105.8,105.2,100.0,105.7,102.8,97.7,100.3,109.3
ED-0010,2170,36:10,109.1,97.6,99.9,106.0,104.7,105.4,98.3,104.7,101.7,97.1,99.8,110.0
ED-0010,2171,36:11,107.4,97.0,99.4,104.9,104.9,105.0,99.0,105.8,102.5,97.3,98.8,110.7
ED-0010,2172,36:12,107.9,97.2,101.2,104.0,104.5,105.7,98.1,105.7,101.4,97.8,99.0,109.6
ED-0010,2173,36:13,108.1,96.1,100.4,105.5,104.9,104.9,97.9,105.9,101.6,97.4,98.8,108.8
ED-0010,2174,36:14,107.9,95.9,100.0,104.5,104.6,105.0,98.1,104.2,101.5,97.2,99.1,109.0
ED-0010,2175,36:15,109.3,96.2,99.5,104.0,103.1,104.5,98.2,104.4,102.1,96.1,98.6,108.8
ED-0010,2176,36:16,107.7,95.3,99.6,105.6,102.7,104.4,98.4,104.7,100.9,97.3,98.7,109.7
ED-0010,2177,36:17,107.9,95.2,99.0,104.3,104.4,104.6,97.7,104.7,101.5,97.2,98.1,109.1
ED-0010,2178,36:18,107.6,95.8,99.4,103.7,103.7,103.6,97.2,103.8,101.7,97.1,98.3,109.0
ED-0010,2179,36:19,107.3,95.8,99.1,104.1,103.3,104.4,96.9,103.4,100.1,97.2,98.5,107.7
ED-0010,2180,36:20,107.0,95.0,98.7,103.9,102.7,103.6,97.4,103.4,100.5,96.8,97.5,108.5
ED-0010,2181,36:21,106.9,95.3,99.2,103.7,102.5,102.9,96.1,103.3,101.1,96.3,97.9,107.1
ED-0010,2182,36:22,105.5,94.3,98.5,103.9,102.4,102.9,97.5,104.5,100.3,95.5,97.7,107.2
ED-0010,2183,36:23,105.8,94.3,97.1,103.3,103.2,103.7,96.9,103.2,100.4,96.0,97.3,108.0
ED-0010,2184,36:24,107.2,94.2,98.6,103.1,102.9,101.9,96.8,102.9,100.5,96.1,98.2,107.1
ED-0010,2185,36:25,106.6,95.3,98.2,103.3,102.0,102.7,96.8,102.3,100.8,96.5,96.1,107.1
ED-0010,2186,36:26,105.9,94.0,97.4,103.5,102.6,102.1,95.9,101.9,99.5,96.0,97.5,108.0
ED-0010,2187,36:27,106.5,93.9,97.1,102.7,101.5,102.4,95.7,102.8,99.6,94.9,97.1,106.9
ED-0010,2188,36:28,105.3,93.4,98.0,102.4,101.4,101.7,95.6,102.0,100.4,95.4,95.9,107.3
ED-0010,2189,36:29,105.2,93.5,97.3,101.3,100.8,102.4,95.8,102.2,99.0,94.9,96.7,106.9
ED-0010,2190,36:30,105.5,93.8,97.3,101.8,101.8,101.9,95.8,101.6,99.3,95.5,96.4,106.5
ED-0010,2191,36:31,105.0,92.8,96.9,101.6,101.4,101.3,96.4,100.5,98.5,94.6,95.2,105.9
ED-0010,2192,36:32,105.1,93.4,96.3,101.6,101.1,100.7,94.6,101.2,98.8,95.3,96.3,105.7
ED-0010,2193,36:33,104.6,92.7,96.9,101.9,100.3,101.1,95.1,100.9,97.8,94.9,94.6,106.1
ED-0010,2194,36:34,104.6,93.3,97.0,101.9,100.8,100.1,94.4,101.1,98.3,94.7,96.1,105.6
ED-0010,2195,36:35,104.6,93.7,96.6,101.6,100.6,101.4,95.0,101.1,98.3,94.3,95.4,104.9
ED-0010,2196,36:36,103.9,92.3,96.0,100.5,100.3,101.0,93.5,100.8,99.0,94.2,95.3,104.9
ED-0010,2197,36:37,103.9,92.6,96.0,100.5,100.5,100.0,94.9,101.3,97.7,93.7,95.0,104.8
ED-0010,2198,36:38,103.6,91.8,95.3,100.7,100.1,99.6,94.5,100.5,97.7,93.6,95.2,105.4
ED-0010,2199,36:39,104.2,92.5,96.2,100.6,99.8,98.9,93.9,100.5,98.5,93.9,95.3,103.6
ED-0010,2200,36:40,103.8,92.6,95.3,100.8,99.0,99.1,94.1,100.6,98.5,94.3,94.1,105.1
ED-0010,2201,36:41,103.5,91.3,96.2,100.2,98.5,98.4,93.0,100.2,98.1,93.3,94.2,105.0
ED-0010,2202,36:42,103.7,91.2,96.0,100.3,98.5,99.6,94.6,99.8,97.4,94.0,93.8,104.8
ED-0010,2203,36:43,104.0,91.8,95.1,100.5,100.2,99.0,93.0,100.1,96.4,93.2,94.3,104.5
ED-0010,2204,36:44,104.2,91.7,94.6,99.3,99.3,99.6,92.5,99.9,97.1,93.6,94.0,103.6
ED-0010,2205,36:45,103.4,90.8,94.2,99.8,98.4,98.2,93.0,98.4,96.3,93.1,93.7,103.2
ED-0010,2206,36:46,103.2,91.3,94.9,99.7,98.9,98.6,93.8,98.7,96.5,92.7,93.8,105.0
ED-0010,2207,36:47,102.5,91.2,94.6,99.5,99.0,97.9,92.9,99.4,96.5,92.3,94.1,104.0
ED-0010,2208,36:48,101.9,91.5,94.2,99.0,97.5,98.8,93.1,97.6,96.3,93.1,93.2,103.0
ED-0010,2209,36:49,102.5,91.6,95.7,100.0,97.5,97.9,91.9,99.0,97.1,92.8,94.3,103.7
ED-0010,2210,36:50,101.8,89.3,94.4,99.1,97.3,97.5,92.8,98.3,96.6,92.4,93.3,102.8
ED-0010,2211,36:51,102.3,91.0,94.5,99.1,97.1,97.8,91.8,98.2,95.8,91.2,92.6,103.1
ED-0010,2212,36:52,101.0,90.5,92.9,98.6,97.3,98.1,91.2,98.0,95.7,91.9,92.9,102.9
ED-0010,2213,36:53,101.5,90.5,95.1,99.2,97.3,97.4,90.8,98.2,96.2,91.3,92.0,102.9
ED-0010,2214,36:54,100.9,89.5,94.3,98.8,97.0,97.2,90.9,98.1,94.8,91.7,91.6,102.2
ED-0010,2215,36:55,101.2,89.5,93.8,98.4,96.4,96.6,90.2,97.3,95.5,91.9,91.6,102.2
ED-0010,2216,36:56,100.8,89.9,93.1,98.4,96.4,96.4,91.4,96.8,95.6,91.2,92.2,102.4
ED-0010,2217,36:57,101.2,90.4,92.2,98.0,95.9,96.4,91.7,96.9,94.5,91.1,92.3,102.7
ED-0010,2218,36:58,100.7,88.7,93.1,97.1,96.0,96.7,90.6,96.1,95.3,91.9,91.6,102.2
ED-0010,2219,36:59,100.7,89.2,92.6,98.0,95.5,95.8,89.7,96.1,94.5,90.6,92.5,101.8
ED-0010,2220,37:00,99.8,89.5,92.1,97.9,94.9,95.3,90.2,96.4,94.1,90.7,92.1,101.8
ED-0010,2221,37:01,100.7,89.8,92.8,96.3,95.9,95.5,90.7,96.1,94.3,90.4,91.2,101.3
ED-0010,2222,37:02,101.0,88.8,92.5,96.6,94.9,96.7,89.9,95.8,94.8,90.0,91.4,101.3
ED-0010,2223,37:03,100.2,88.6,93.1,97.1,96.3,95.6,89.3,96.7,93.5,89.7,91.0,101.0
ED-0010,2224,37:04,100.6,88.5,92.4,96.2,94.6,95.4,89.3,96.1,93.1,90.3,90.9,101.3
ED-0010,2225,37:05,100.1,89.1,91.5,95.6,96.1,96.0,90.3,96.2,93.9,89.8,91.1,100.7
ED-0010,2226,37:06,99.5,87.9,91.3,96.2,94.6,94.6,88.6,96.4,93.2,89.2,90.5,100.3
ED-0010,2227,37:07,99.1,87.8,92.4,95.8,93.6,95.5,90.3,96.2,93.8,89.9,90.2,99.6
ED-0010,2228,37:08,100.2,87.5,91.8,96.2,95.2,94.3,89.5,95.0,93.1,88.8,90.3,100.9
ED-0010,2229,37:09,98.7,88.8,91.7,95.8,93.9,94.6,89.4,94.9,94.0,89.4,89.5,100.0
ED-0010,2230,37:10,98.8,87.7,90.9,96.1,94.9,94.4,88.5,95.2,93.0,89.1,91.3,99.1
ED-0010,2231,37:11,98.7,86.7,91.5,95.1,94.8,94.2,88.9,94.0,93.6,89.1,90.0,100.0
ED-0010,2232,37:12,98.5,87.0,91.6,94.4,94.7,93.8,88.7,94.2,93.1,88.8,89.7,99.2
ED-0010,2233,37:13,98.4,86.7,90.8,96.4,93.7,93.8,88.5,94.2,93.2,90.5,90.0,99.2
ED-0010,2234,37:14,98.4,87.7,90.2,94.5,93.0,92.8,88.9,94.5,92.8,88.9,89.2,100.1
ED-0010,2235,37:15,97.6,86.5,90.7,95.2,92.4,92.9,87.3,94.2,91.8,88.4,89.2,98.8
ED-0010,2236,37:16,98.3,87.0,89.9,95.0,93.1,93.3,87.8,93.7,91.6,88.6,88.6,99.6
ED-0010,2237,37:17,98.3,87.1,90.3,94.5,93.1,92.4,87.3,93.7,92.1,88.1,90.0,99.6
ED-0010,2238,37:18,97.0,87.3,90.4,95.2,93.4,92.3,88.0,92.8,92.8,88.8,88.9,99.2
ED-0010,2239,37:19,97.6,86.4,90.7,95.0,93.2,92.9,88.6,92.7,91.0,89.0,88.1,98.2
ED-0010,2240,37:20,97.3,86.8,89.8,93.9,92.8,92.6,87.4,93.2,91.0,87.3,88.2,96.9
ED-0010,2241,37:21,98.5,87.0,90.2,93.4,91.5,92.3,87.0,92.9,90.8,87.6,87.6,98.6
ED-0010,2242,37:22,97.0,85.8,90.0,93.7,92.9,92.1,86.9,93.8,91.5,88.2,88.3,97.9
ED-0010,2243,37:23,97.4,85.9,90.2,94.0,92.0,91.9,86.0,93.1,91.8,86.5,87.6,98.9
ED-0010,2244,37:24,96.9,85.8,90.5,94.1,92.0,92.4,87.5,93.1,91.3,87.1,88.0,98.5
ED-0010,2245,37:25,97.7,85.5,89.8,93.1,92.3,91.7,86.1,92.4,90.5,86.5,87.3,97.6
ED-0010,2246,37:26,96.9,85.9,89.6,93.5,91.7,91.0,86.4,92.0,90.9,88.1,87.3,98.3
ED-0010,2247,37:27,96.3,86.0,88.3,93.9,91.5,90.6,86.4,92.5,89.9,86.5,87.5,97.3
ED-0010,2248,37:28,97.0,85.5,89.0,93.5,91.1,91.8,86.5,91.6,90.4,87.2,87.4,97.0
ED-0010,2249,37:29,96.8,85.7,89.0,93.3,91.5,91.7,85.9,92.2,89.6,86.0,87.7,97.3
ED-0010,2250,37:30,95.7,85.0,88.3,93.1,90.8,91.5,86.7,92.0,90.8,87.8,85.7,96.7
ED-0010,2251,37:31,96.0,84.4,88.8,93.3,91.5,90.4,86.5,92.0,90.2,86.1,87.0,96.6
ED-0010,2252,37:32,95.2,86.0,88.6,92.4,90.3,91.0,85.2,91.4,90.5,86.9,87.3,95.8
ED-0010,2253,37:33,96.2,84.1,87.7,92.5,90.5,91.2,85.4,91.3,90.1,86.7,87.3,96.6
ED-0010,2254,37:34,95.5,84.8,87.8,92.4,90.0,90.6,84.7,90.8,89.1,86.2,86.7,96.1
ED-0010,2255,37:35,95.3,84.7,88.2,92.4,90.5,90.2,85.9,90.8,89.6,86.5,86.5,96.7
ED-0010,2256,37:36,95.3,84.0,88.5,92.0,89.3,89.5,85.4,91.4,89.1,86.2,86.6,96.3
ED-0010,2257,37:37,94.8,84.2,86.7,91.7,90.6,89.4,84.4,91.3,88.8,85.8,85.6,96.5
ED-0010,2258,37:38,95.3,84.1,87.2,90.5,90.4,89.5,84.4,89.9,89.0,85.3,86.4,96.8
ED-0010,2259,37:39,95.3,84.8,87.0,90.8,90.3,90.0,84.5,90.4,88.1,85.5,86.7,96.2
ED-0010,2260,37:40,93.6,82.8,86.9,91.2,90.5,88.6,84.8,90.0,88.5,86.2,85.7,95.1
ED-0010,2261,37:41,94.7,84.0,88.1,91.1,89.0,88.7,84.7,90.5,88.6,85.4,86.2,95.2
ED-0010,2262,37:42,95.4,83.6,87.2,91.4,88.6,89.2,83.8,89.6,88.4,85.0,85.7,95.1
ED-0010,2263,37:43,94.1,82.9,87.4,90.5,88.6,89.1,84.6,90.1,87.9,85.5,85.9,95.5
ED-0010,2264,37:44,94.7,83.1,87.0,91.5,89.2,89.5,84.5,88.6,87.3,85.0,85.2,95.7
ED-0010,2265,37:45,93.8,83.0,86.9,90.9,89.0,89.1,84.2,89.5,88.5,84.6,85.4,94.6
ED-0010,2266,37:46,94.4,83.3,86.1,91.7,88.1,88.8,83.6,89.2,87.7,85.5,84.7,94.6
ED-0010,2267,37:47,93.8,83.6,86.5,90.5,88.6,87.9,83.3,89.4,87.8,84.6,85.6,95.3
ED-0010,2268,37:48,93.8,83.0,85.8,90.4,87.5,87.5,82.7,88.3,87.5,84.5,84.5,95.1
ED-0010,2269,37:49,93.7,82.7,86.1,90.2,88.4,88.7,83.5,89.1,87.8,84.3,83.9,94.8
ED-0010,2270,37:50,93.5,82.6,86.0,90.4,88.1,87.4,82.7,88.3,88.6,83.6,85.0,93.7
ED-0010,2271,37:51,94.0,81.5,86.4,89.3,87.7,88.7,83.7,88.3,88.0,84.4,85.4,94.8
ED-0010,2272,37:52,92.8,82.2,85.6,88.8,88.2,87.8,82.5,89.0,87.3,83.4,83.6,95.2
ED-0010,2273,37:53,92.9,81.7,85.9,88.9,87.4,87.4,82.5,87.6,87.0,84.1,84.0,94.3
ED-0010,2274,37:54,93.1,82.8,85.4,89.4,87.3,88.2,83.2,88.4,87.9,83.1,84.1,94.3
ED-0010,2275,37:55,93.1,81.2,85.1,89.5,88.1,86.9,82.1,87.5,87.3,83.8,83.7,93.5
ED-0010,2276,37:56,92.9,81.4,84.5,88.9,88.1,87.2,82.4,87.5,87.0,84.5,83.1,94.0
ED-0010,2277,37:57,92.2,82.1,85.1,89.3,86.5,87.9,82.5,87.4,86.3,83.8,82.7,93.1
ED-0010,2278,37:58,91.7,81.3,85.1,88.7,86.1,87.4,82.0,88.0,87.7,83.4,83.9,93.6
ED-0010,2279,37:59,92.0,82.2,85.7,88.1,87.2,86.7,82.4,87.3,86.7,83.3,82.4,93.4
ED-0010,2280,38:00,92.5,81.8,84.3,89.1,87.8,85.4,81.9,87.8,86.2,83.7,82.9,92.3
ED-0010,2281,38:01,91.8,80.5,84.4,87.4,86.0,86.0,82.2,87.0,85.9,83.9,83.3,92.5
ED-0010,2282,38:02,92.7,81.2,84.1,87.4,86.4,86.7,81.3,86.3,85.9,82.7,82.0,92.6
ED-0010,2283,38:03,91.4,80.3,83.8,88.1,86.1,85.3,81.4,88.1,85.3,83.4,82.7,92.7
ED-0010,2284,38:04,90.8,81.0,83.6,88.0,87.0,86.4,80.8,87.0,85.3,82.3,82.8,93.0
ED-0010,2285,38:05,91.9,80.8,84.4,88.7,85.8,85.3,81.5,85.8,84.8,82.9,82.5,91.6
ED-0010,2286,38:06,91.8,80.7,83.2,87.6,86.4,85.2,81.1,86.1,85.9,82.6,82.2,92.4
ED-0010,2287,38:07,92.6,79.8,83.7,87.0,85.2,85.4,81.0,86.4,85.5,82.4,82.3,91.7
ED-0010,2288,38:08,90.8,80.4,83.0,87.2,86.5,85.3,81.0,85.5,84.8,82.8,81.9,91.4
ED-0010,2289,38:09,91.0,80.5,83.1,87.9,85.0,84.5,80.5,85.2,85.5,82.3,81.8,92.9
ED-0010,2290,38:10,91.2,80.4,83.6,87.9,85.5,85.9,80.2,85.2,84.6,81.5,80.4,91.6
ED-0010,2291,38:11,90.3,79.5,83.4,87.4,84.8,85.1,79.9,85.9,85.5,82.3,81.6,91.6
ED-0010,2292,38:12,90.8,79.8,82.9,87.0,84.7,84.8,79.7,85.3,84.7,81.8,81.0,91.8
ED-0010,2293,38:13,91.0,79.9,82.6,86.9,84.6,85.4,79.7,84.6,85.3,81.6,81.6,91.6
ED-0010,2294,38:14,90.9,79.4,83.8,86.4,85.1,84.9,80.7,85.9,84.3,81.2,82.2,92.3
ED-0010,2295,38:15,89.5,79.3,83.7,86.9,83.6,84.5,79.7,85.1,84.7,81.0,81.3,92.1
ED-0010,2296,38:16,90.4,78.8,81.6,87.1,83.8,84.5,80.4,84.8,84.0,81.9,81.0,90.9
ED-0010,2297,38:17,89.9,79.6,82.5,85.9,84.7,84.1,78.7,84.5,84.4,80.7,81.1,89.6
ED-0010,2298,38:18,89.8,78.9,82.4,86.0,84.5,83.6,79.4,85.4,83.3,81.0,80.4,90.3
ED-0010,2299,38:19,90.5,78.8,81.5,86.2,83.1,83.5,79.4,84.7,84.2,80.5,81.9,90.1
ED-0010,2300,38:20,90.4,78.1,83.4,85.9,83.5,84.1,79.3,84.0,83.0,80.9,79.7,89.9
ED-0010,2301,38:21,89.8,78.9,83.2,85.1,83.3,82.9,79.6,83.5,84.1,81.3,79.5,90.8
ED-0010,2302,38:22,89.6,78.5,82.0,86.2,83.1,83.2,79.0,84.2,83.6,81.0,80.6,90.6
ED-0010,2303,38:23,89.4,79.4,81.7,86.8,83.0,82.9,78.8,83.5,83.2,80.6,80.5,89.6
ED-0010,2304,38:24,88.8,78.7,82.0,84.6,83.1,84.3,78.1,84.0,84.0,80.1,79.1,89.7
ED-0010,2305,38:25,88.9,77.2,82.2,84.8,82.4,83.7,78.2,83.5,82.7,80.4,80.0,89.1
ED-0010,2306,38:26,89.1,77.8,81.8,85.7,82.7,83.1,79.0,82.8,83.0,80.5,80.4,89.6
ED-0010,2307,38:27,87.4,77.3,81.4,85.0,83.2,83.1,78.8,84.0,82.1,80.3,79.4,88.9
ED-0010,2308,38:28,88.4,78.2,81.6,83.9,83.0,82.5,78.4,83.8,82.8,80.1,78.8,89.2
ED-0010,2309,38:29,88.9,77.3,81.2,84.3,82.3,83.2,78.6,83.9,83.0,79.5,79.3,89.2
ED-0010,2310,38:30,89.2,77.4,81.7,84.4,82.7,82.6,78.4,82.8,82.8,80.8,78.6,89.4
ED-0010,2311,38:31,87.8,77.1,80.8,84.2,83.0,82.7,77.5,83.1,81.6,78.9,79.0,89.1
ED-0010,2312,38:32,88.7,78.1,81.3,84.8,82.8,83.0,78.0,83.0,82.6,79.5,79.4,89.6
ED-0010,2313,38:33,87.3,77.6,79.6,84.7,81.9,82.2,77.1,82.4,82.3,79.8,79.2,89.5
ED-0010,2314,38:34,87.9,77.1,81.0,83.1,82.1,81.5,78.0,82.5,81.6,79.5,78.2,88.2
ED-0010,2315,38:35,87.6,77.5,80.5,83.1,81.6,81.4,77.4,82.7,81.5,78.4,78.4,88.1
ED-0010,2316,38:36,87.3,77.4,80.5,84.2,81.4,80.6,77.2,82.8,81.0,79.3,78.0,88.4
ED-0010,2317,38:37,88.3,77.0,81.3,83.7,81.4,80.5,77.1,81.9,81.1,78.0,78.8,88.5
ED-0010,2318,38:38,87.5,76.7,80.7,83.4,80.6,80.5,76.4,81.6,81.9,78.3,79.0,87.1
ED-0010,2319,38:39,86.9,76.7,80.1,83.7,81.1,80.6,76.8,81.7,81.4,78.0,78.8,87.5
ED-0010,2320,38:40,87.7,76.7,79.6,83.7,80.7,80.7,77.0,82.4,81.3,77.9,77.8,88.0
ED-0010,2321,38:41,86.9,76.8,80.1,83.4,80.8,80.9,76.4,82.1,81.3,78.8,77.6,87.4
ED-0010,2322,38:42,87.5,76.1,79.2,83.5,81.3,79.9,76.4,81.9,81.1,78.5,78.8,87.0
ED-0010,2323,38:43,86.8,76.2,80.0,82.6,80.4,80.1,76.4,80.7,81.3,78.6,76.9,86.8
ED-0010,2324,38:44,86.2,75.5,79.9,83.1,80.3,80.0,77.0,82.3,80.4,78.5,77.6,87.7
ED-0010,2325,38:45,86.9,75.8,79.7,82.5,80.4,80.6,76.4,81.3,80.1,78.1,78.1,85.8
ED-0010,2326,38:46,85.8,76.5,79.9,82.3,80.0,80.5,75.9,81.1,80.3,77.4,77.2,87.2
ED-0010,2327,38:47,86.0,76.4,79.6,82.5,79.7,81.1,75.9,80.6,81.0,78.4,78.1,86.4
ED-0010,2328,38:48,86.5,76.0,78.9,83.1,80.3,80.9,75.3,80.0,80.4,78.0,77.0,86.3
ED-0010,2329,38:49,86.1,75.5,78.5,82.0,79.9,80.2,75.2,80.3,80.3,77.8,77.9,87.2
ED-0010,2330,38:50,85.8,75.3,79.5,82.5,79.8,79.0,75.1,80.3,80.6,78.2,77.9,85.9
ED-0010,2331,38:51,86.8,75.6,79.0,83.1,79.7,78.9,75.3,79.9,79.2,78.6,77.2,86.4
ED-0010,2332,38:52,85.3,75.3,79.0,81.8,79.1,79.1,74.9,80.0,80.2,77.9,76.2,86.3
ED-0010,2333,38:53,84.8,75.5,78.5,82.5,79.2,79.2,75.1,79.8,79.6,77.5,76.1,87.1
ED-0010,2334,38:54,85.0,75.5,79.2,81.5,79.2,79.1,75.7,80.0,79.5,77.6,76.5,86.3
ED-0010,2335,38:55,85.5,74.9,77.2,80.6,79.8,79.1,74.9,80.1,80.3,76.6,76.5,86.2
ED-0010,2336,38:56,85.4,74.8,78.6,81.0,78.2,78.2,74.5,80.8,79.1,76.9,75.9,86.0
ED-0010,2337,38:57,84.7,74.7,78.5,81.8,78.7,79.0,74.6,79.5,80.2,76.7,77.0,85.0
ED-0010,2338,38:58,85.5,74.3,78.4,80.9,80.0,78.4,74.1,79.4,80.0,75.5,76.3,85.4
ED-0010,2339,38:59,84.8,74.7,77.7,81.4,78.9,78.4,74.6,79.4,79.2,76.6,76.2,86.2
ED-0010,2340,39:00,83.7,73.3,77.6,80.8,79.9,78.5,74.7,79.0,79.8,76.3,75.9,85.2
ED-0010,2341,39:01,84.2,73.8,77.9,81.6,78.7,78.3,74.3,79.6,79.1,76.0,76.3,85.4
ED-0010,2342,39:02,84.1,73.1,78.0,80.9,78.3,78.4,73.7,79.5,77.9,77.3,75.4,84.8
ED-0010,2343,39:03,85.6,74.4,77.2,80.7,78.4,76.9,74.0,78.8,79.3,76.4,76.7,84.8
ED-0010,2344,39:04,85.1,74.7,77.2,80.7,79.0,78.1,74.8,78.4,78.7,75.3,75.0,85.5
ED-0010,2345,39:05,83.8,74.2,78.1,79.9,78.6,78.2,73.3,79.0,78.6,75.6,75.6,85.0
ED-0010,2346,39:06,83.9,73.3,76.4,79.4,77.5,78.0,72.7,77.5,78.3,75.9,75.8,84.9
ED-0010,2347,39:07,82.8,73.2,75.4,80.4,76.9,77.8,73.2,78.2,77.1,74.7,75.6,83.8
ED-0010,2348,39:08,84.8,73.4,77.1,80.1,77.1,77.4,73.3,78.8,78.2,75.7,75.8,85.1
ED-0010,2349,39:09,84.2,73.0,76.5,80.4,77.8,77.9,73.6,77.9,77.3,75.2,75.1,84.1
ED-0010,2350,39:10,83.6,74.4,77.3,79.7,77.5,75.8,73.1,77.8,77.5,75.9,75.3,84.2
ED-0010,2351,39:11,83.4,73.1,76.3,79.4,77.1,77.1,72.9,78.2,78.2,75.1,75.4,85.1
ED-0010,2352,39:12,83.3,73.3,76.9,79.4,76.9,77.1,73.2,78.5,77.9,75.7,75.0,84.4
ED-0010,2353,39:13,83.5,73.2,76.5,79.3,76.6,76.5,72.7,77.4,77.3,74.4,74.1,82.9
ED-0010,2354,39:14,83.3,72.5,76.6,79.6,77.6,76.7,72.5,76.9,77.1,74.8,74.4,84.3
ED-0010,2355,39:15,83.8,72.9,76.0,79.5,77.6,76.7,72.8,76.6,77.9,75.4,75.3,83.3
ED-0010,2356,39:16,82.1,73.4,76.1,79.3,76.6,76.2,73.0,77.4,77.6,74.9,74.6,84.2
ED-0010,2357,39:17,83.4,72.8,75.3,80.0,76.6,76.8,72.5,76.5,77.2,75.1,73.5,83.3
ED-0010,2358,39:18,82.4,72.9,76.2,78.7,76.6,75.2,71.7,76.2,77.6,74.5,74.3,83.5
ED-0010,2359,39:19,83.1,72.6,76.0,79.4,77.0,74.9,72.4,77.2,77.4,74.5,74.4,83.3
ED-0010,2360,39:20,82.3,72.2,75.5,78.2,75.7,75.0,72.4,77.2,76.3,75.2,74.1,82.6
ED-0010,2361,39:21,82.7,72.8,75.2,78.5,76.1,75.4,71.2,75.9,76.9,73.8,74.3,83.0
ED-0010,2362,39:22,82.2,72.5,74.4,77.7,76.1,75.5,71.9,76.3,76.4,74.7,73.4,82.7
ED-0010,2363,39:23,82.1,71.2,74.6,79.2,75.6,76.4,71.3,76.4,76.8,74.6,73.0,82.4
ED-0010,2364,39:24,82.9,72.4,75.4,77.7,76.7,76.0,72.0,76.7,76.1,73.6,73.2,82.6
ED-0010,2365,39:25,83.0,72.0,75.2,78.8,76.1,75.4,71.5,75.4,76.2,74.8,73.4,81.9
ED-0010,2366,39:26,80.8,71.4,75.5,79.1,75.8,75.2,70.7,74.9,76.6,74.0,73.3,82.3
ED-0010,2367,39:27,81.7,72.2,75.0,78.2,76.1,75.2,71.6,75.5,75.7,74.1,73.1,82.1
ED-0010,2368,39:28,82.4,70.7,75.0,77.1,75.3,75.2,72.0,76.2,76.1,73.7,74.5,82.5
ED-0010,2369,39:29,82.5,71.7,73.9,78.5,75.3,74.5,70.5,76.1,76.1,73.9,72.3,82.2
ED-0010,2370,39:30,81.3,71.4,74.8,78.3,74.7,75.1,71.2,75.4,75.6,73.8,73.4,82.3
ED-0010,2371,39:31,80.3,71.2,74.5,78.4,75.2,74.6,70.7,75.7,75.4,73.5,72.8,82.3
ED-0010,2372,39:32,81.7,71.7,75.0,77.6,75.2,73.8,71.4,75.9,75.2,73.4,72.8,81.8
ED-0010,2373,39:33,81.3,72.4,74.2,78.4,74.2,74.5,70.6,75.0,76.0,74.2,72.9,81.7
ED-0010,2374,39:34,81.2,70.5,73.6,78.1,74.8,73.7,71.2,75.8,75.0,72.9,72.8,82.0
ED-0010,2375,39:35,80.5,71.8,73.9,78.1,74.4,74.4,71.2,75.2,75.9,73.6,72.5,81.0
ED-0010,2376,39:36,81.6,69.7,74.2,77.1,74.8,74.1,70.9,75.0,75.9,73.0,72.9,81.8
ED-0010,2377,39:37,81.3,70.5,74.4,76.7,74.5,73.3,70.9,75.4,74.6,73.6,71.7,80.8
ED-0010,2378,39:38,81.2,70.7,74.1,77.1,73.8,74.2,70.1,74.9,74.6,72.3,71.4,81.4
ED-0010,2379,39:39,81.0,70.2,74.0,76.9,73.6,73.4,70.2,75.0,74.4,72.7,72.7,80.4
ED-0010,2380,39:40,80.7,71.1,74.2,76.9,73.5,73.9,70.3,75.4,75.1,72.2,71.6,81.1
ED-0010,2381,39:41,80.8,71.0,73.4,77.8,74.4,73.6,71.8,74.8,74.4,72.5,72.2,81.4
ED-0010,2382,39:42,80.7,69.8,73.9,77.1,73.9,72.5,69.8,74.5,75.1,72.7,71.6,81.6
ED-0010,2383,39:43,80.1,71.2,73.8,77.3,74.3,72.8,69.2,74.8,75.2,72.8,71.9,81.7
ED-0010,2384,39:44,80.9,70.8,72.7,75.8,74.2,73.8,69.6,73.4,74.6,72.1,71.6,80.2
ED-0010,2385,39:45,80.3,70.0,73.0,76.3,73.6,73.1,70.1,73.8,74.2,71.9,71.9,80.1
ED-0010,2386,39:46,79.5,69.2,72.5,76.1,72.7,73.7,68.4,74.1,73.1,71.9,71.1,81.0
ED-0010,2387,39:47,80.4,69.1,73.6,75.8,73.3,72.4,69.9,74.0,74.2,71.7,71.0,79.7
ED-0010,2388,39:48,79.8,69.4,72.7,75.4,73.4,74.1,69.4,74.7,74.8,72.7,69.5,80.1
ED-0010,2389,39:49,79.3,69.3,73.0,76.2,73.0,71.9,70.0,73.7,73.9,71.2,70.6,80.4
ED-0010,2390,39:50,79.0,69.8,72.3,75.8,73.5,72.4,70.0,73.7,73.2,71.5,71.6,80.0
ED-0010,2391,39:51,78.6,68.5,72.8,75.7,72.6,72.1,69.4,73.1,73.9,71.0,69.3,79.6
ED-0010,2392,39:52,79.1,68.8,73.0,75.1,74.1,71.9,68.8,73.6,73.9,72.4,69.9,79.6
ED-0010,2393,39:53,78.4,69.8,71.9,74.8,72.6,72.5,68.0,73.3,73.0,71.8,71.3,79.2
ED-0010,2394,39:54,79.3,69.3,71.7,75.2,72.7,71.1,67.9,72.9,72.7,71.9,71.4,79.4
ED-0010,2395,39:55,78.1,69.1,72.8,74.8,72.2,71.7,69.3,73.7,73.3,71.3,70.3,79.6
ED-0010,2396,39:56,78.8,68.9,72.1,75.0,72.8,71.7,68.6,72.7,73.3,70.5,70.1,79.2
ED-0010,2397,39:57,79.1,68.5,72.7,74.5,72.5,71.3,68.0,72.4,72.9,71.4,70.6,78.8
ED-0010,2398,39:58,78.3,69.4,72.1,75.5,72.8,72.0,67.5,71.9,72.6,70.4,70.8,79.4
ED-0010,2399,39:59,79.0,68.5,72.7,74.3,72.2,70.9,67.8,73.4,72.7,71.1,69.9,79.2
