trial_id,time_s,time_mmss,T_LH_HOOD,T_LH_FENDER,T_LH_FRONT_DOOR,T_LH_REAR_DOOR,T_LH_Q_P,T_LH_T_G,T_RH_T_G,T_RH_Q_P,T_RH_REAR_DOOR,T_RH_FR_DOOR,T_RH_FENDER,T_RH_HOOD
ED-0036,0,00:00,34.7,35.1,35.4,35.3,35.5,34.7,33.9,34.8,34.9,34.4,34.7,33.8
ED-0036,1,00:01,33.5,34.2,34.6,35.9,35.2,35.1,35.4,35.1,35.8,35.8,35.0,34.3
ED-0036,2,00:02,35.5,35.6,35.0,34.8,35.0,35.2,35.0,34.8,35.0,35.9,34.7,35.6
ED-0036,3,00:03,35.0,34.2,35.0,34.8,34.8,35.7,35.6,35.6,35.1,35.1,35.2,34.4
ED-0036,4,00:04,35.7,35.0,34.2,34.9,34.8,35.1,36.2,34.5,35.1,34.6,34.6,34.7
ED-0036,5,00:05,36.1,34.6,35.1,34.6,34.5,35.4,35.4,34.5,34.0,34.6,34.1,35.9
ED-0036,6,00:06,35.1,35.2,35.2,34.7,34.8,34.6,34.7,35.6,35.4,35.2,35.3,35.3
ED-0036,7,00:07,35.2,34.9,35.7,35.7,35.6,35.3,35.1,35.2,34.0,35.0,35.6,34.6
ED-0036,8,00:08,34.6,35.7,34.6,36.3,34.6,34.6,35.6,35.3,33.9,34.7,36.0,34.7
ED-0036,9,00:09,35.1,34.2,36.2,36.0,36.5,35.4,35.5,35.8,34.3,35.0,33.8,35.7
ED-0036,10,00:10,34.5,35.1,35.8,35.4,34.2,35.5,34.5,35.1,35.4,35.3,35.5,34.6
ED-0036,11,00:11,34.2,35.2,34.9,35.6,35.5,34.6,34.6,35.4,35.5,35.0,36.1,35.1
ED-0036,12,00:12,35.6,34.3,35.4,35.7,36.2,35.0,34.3,35.2,34.8,34.7,35.2,34.6
ED-0036,13,00:13,34.9,35.2,34.9,34.8,35.5,35.1,35.5,34.3,34.7,35.5,33.2,36.0
ED-0036,14,00:14,34.9,33.4,36.0,34.5,34.6,33.8,34.0,34.4,35.7,34.9,35.4,35.2
ED-0036,15,00:15,33.9,34.4,34.3,35.2,34.9,35.5,35.3,35.0,34.7,35.4,34.3,34.9
ED-0036,16,00:16,35.9,35.5,35.4,33.9,35.3,34.9,34.6,34.5,34.6,35.4,35.7,35.6
ED-0036,17,00:17,34.8,35.1,35.7,34.8,35.4,35.6,34.5,34.3,36.0,35.1,35.1,35.2
ED-0036,18,00:18,35.0,36.1,35.5,34.3,36.1,34.8,35.5,34.1,35.7,35.0,35.4,35.4
ED-0036,19,00:19,34.9,35.2,34.9,34.5,35.7,35.8,35.1,34.3,34.9,35.2,34.6,33.8
ED-0036,20,00:20,34.6,35.1,34.7,34.5,34.1,34.9,35.1,34.0,34.9,35.4,34.4,35.2
ED-0036,21,00:21,34.6,33.9,34.3,35.5,35.4,36.0,35.5,34.1,34.7,34.5,35.1,34.3
ED-0036,22,00:22,35.9,35.2,34.2,34.0,33.9,35.6,35.7,35.2,35.1,35.5,34.5,35.0
ED-0036,23,00:23,35.6,35.6,35.2,33.8,34.9,34.7,35.2,34.5,34.0,35.2,35.3,34.7
ED-0036,24,00:24,34.7,34.3,35.1,34.2,34.6,34.4,34.5,34.5,34.6,34.9,35.4,35.8
ED-0036,25,00:25,34.5,34.9,35.3,34.8,35.3,34.9,35.0,33.3,35.1,34.6,34.7,34.4
ED-0036,26,00:26,34.9,35.3,35.6,35.1,35.2,34.2,34.9,34.7,34.2,35.1,35.3,35.5
ED-0036,27,00:27,34.5,35.0,35.0,35.6,34.7,34.7,34.4,35.3,35.4,35.1,35.4,33.9
ED-0036,28,00:28,34.1,34.8,35.4,35.7,35.3,35.2,35.3,35.1,34.8,35.2,34.0,35.4
ED-0036,29,00:29,35.5,34.9,35.0,35.1,34.9,35.0,35.4,34.8,34.2,35.9,34.6,33.5
ED-0036,30,00:30,35.0,35.7,35.6,35.2,35.5,34.5,34.6,35.4,35.3,35.8,35.5,34.5
ED-0036,31,00:31,35.4,34.0,35.6,34.4,34.9,35.4,34.9,34.5,35.6,35.7,34.5,36.0
ED-0036,32,00:32,36.0,35.4,35.9,34.9,35.1,35.4,35.2,35.9,34.9,34.7,35.3,34.3
ED-0036,33,00:33,34.3,35.5,36.4,36.3,34.9,35.6,34.6,34.6,34.4,35.7,35.3,35.4
ED-0036,34,00:34,35.0,35.0,35.4,36.5,34.4,35.4,34.8,34.8,35.2,35.7,36.8,34.6
ED-0036,35,00:35,34.8,35.7,35.7,35.9,34.6,34.9,34.6,35.9,35.6,35.7,35.5,34.0
ED-0036,36,00:36,35.5,36.5,34.7,35.5,34.8,35.4,35.1,34.8,35.3,35.5,34.6,33.7
ED-0036,37,00:37,34.7,34.6,35.1,35.6,36.0,33.9,34.9,35.7,36.0,34.6,35.2,35.7
ED-0036,38,00:38,35.0,34.6,34.5,33.8,35.3,34.7,34.8,35.5,35.4,34.9,34.4,34.8
ED-0036,39,00:39,34.2,35.5,35.9,35.2,35.5,35.3,34.6,35.5,35.1,34.9,34.9,35.1
ED-0036,40,00:40,34.8,35.3,36.1,34.6,34.5,36.1,35.6,35.1,35.3,35.1,35.6,35.0
ED-0036,41,00:41,34.5,36.2,35.3,34.8,35.0,34.7,35.3,35.9,35.0,34.6,35.4,35.9
ED-0036,42,00:42,35.9,35.2,35.4,34.9,35.5,35.4,36.3,35.1,34.4,35.3,35.2,34.8
ED-0036,43,00:43,34.8,34.8,35.5,35.8,35.2,34.4,35.2,34.9,35.2,34.8,34.6,34.0
ED-0036,44,00:44,34.9,35.8,35.3,35.9,35.3,35.0,35.6,34.9,34.7,34.9,35.2,34.3
ED-0036,45,00:45,35.4,35.4,35.3,35.3,34.2,34.7,35.6,35.9,35.0,35.5,35.6,34.3
ED-0036,46,00:46,35.3,35.2,36.0,34.2,34.5,34.6,34.9,34.7,35.6,35.4,35.4,34.4
ED-0036,47,00:47,34.5,35.8,35.2,35.3,34.7,35.1,34.8,35.1,35.5,35.9,35.1,34.6
ED-0036,48,00:48,35.4,36.0,34.9,35.9,35.2,35.4,34.7,35.1,35.2,35.7,35.0,35.1
ED-0036,49,00:49,35.5,35.5,36.3,34.9,36.0,35.4,34.1,33.9,35.4,35.8,35.5,35.5
ED-0036,50,00:50,36.2,36.1,35.7,35.4,34.9,34.9,33.9,34.5,35.3,35.2,34.4,34.7
ED-0036,51,00:51,34.0,35.4,35.6,35.2,33.7,34.9,34.4,34.6,36.1,35.2,34.9,34.9
ED-0036,52,00:52,35.3,34.4,35.5,35.8,34.6,35.5,34.9,35.3,36.1,35.3,34.9,35.3
ED-0036,53,00:53,35.6,35.4,35.8,34.8,35.2,34.6,35.7,34.5,35.2,35.6,34.8,35.2
ED-0036,54,00:54,35.2,35.7,34.6,35.7,34.3,35.0,35.7,35.3,35.9,34.9,35.4,36.3
ED-0036,55,00:55,36.4,35.0,35.0,36.1,33.7,34.7,35.8,35.5,35.6,35.4,35.2,35.0
ED-0036,56,00:56,35.7,35.9,35.4,34.6,34.8,33.8,35.8,34.9,35.4,35.0,35.4,34.7
ED-0036,57,00:57,35.1,35.3,34.9,35.0,35.6,35.2,34.9,36.7,36.1,36.2,35.9,34.9
ED-0036,58,00:58,36.1,35.1,35.2,35.5,34.5,35.6,35.2,34.5,35.6,35.5,35.8,35.9
ED-0036,59,00:59,35.2,35.3,35.4,36.1,35.3,35.4,35.7,35.0,35.5,34.6,35.5,36.8
ED-0036,60,01:00,35.4,35.6,36.9,35.2,35.3,35.2,34.9,36.1,35.2,35.8,35.7,36.0
ED-0036,61,01:01,34.9,36.1,36.6,35.2,35.5,35.5,35.6,35.0,35.4,35.6,36.4,36.1
ED-0036,62,01:02,34.9,35.7,34.7,35.0,35.0,35.3,35.6,34.2,36.4,35.5,35.1,35.7
ED-0036,63,01:03,35.2,35.7,35.0,35.2,35.2,35.1,34.3,35.3,35.0,36.0,35.2,34.7
ED-0036,64,01:04,36.0,36.2,35.5,35.7,35.7,35.0,34.5,36.3,35.0,36.4,35.3,35.0
ED-0036,65,01:05,35.9,36.2,35.6,35.7,34.9,34.7,35.7,34.8,36.2,35.5,34.7,35.4
ED-0036,66,01:06,34.8,35.8,35.3,35.1,35.1,34.4,34.9,35.1,36.0,35.6,35.1,35.5
ED-0036,67,01:07,34.9,35.3,34.7,35.8,36.3,35.7,35.5,34.9,35.6,35.5,36.3,35.0
ED-0036,68,01:08,35.4,36.2,34.8,35.8,34.8,35.1,35.1,35.4,35.5,34.7,35.6,36.5
ED-0036,69,01:09,36.0,35.8,35.9,36.4,35.9,35.0,34.7,34.4,35.9,35.9,35.0,34.9
ED-0036,70,01:10,35.1,35.9,36.1,36.0,36.1,34.7,35.4,35.8,35.6,35.6,36.3,34.6
ED-0036,71,01:11,35.7,35.4,36.1,36.0,35.5,35.2,35.5,34.2,35.1,35.3,35.5,35.4
ED-0036,72,01:12,36.0,35.9,35.6,35.6,35.5,35.9,35.0,35.5,34.9,35.4,36.2,35.9
ED-0036,73,01:13,34.0,36.1,36.2,35.0,36.0,35.5,34.9,34.8,35.9,35.4,36.2,35.5
ED-0036,74,01:14,35.1,37.4,35.2,35.4,36.2,35.0,35.4,35.4,35.6,36.6,35.5,35.5
ED-0036,75,01:15,35.2,35.0,35.8,36.3,36.0,34.6,35.7,35.9,35.1,36.5,35.3,36.8
ED-0036,76,01:16,34.7,35.3,36.1,35.6,35.3,35.5,35.7,36.0,35.9,35.0,35.2,34.5
ED-0036,77,01:17,35.7,35.4,35.6,35.4,35.6,35.7,34.8,35.6,35.2,35.4,35.6,34.5
ED-0036,78,01:18,35.3,36.4,35.4,36.7,34.6,35.8,35.7,35.5,36.8,35.3,36.0,35.5
ED-0036,79,01:19,34.9,35.7,35.5,35.4,35.1,34.8,35.6,34.9,35.2,36.0,35.5,35.2
ED-0036,80,01:20,34.3,35.0,35.7,35.8,35.4,34.9,35.8,34.8,36.4,34.5,35.5,36.3
ED-0036,81,01:21,35.0,35.6,35.7,35.8,36.6,36.4,35.7,35.6,35.4,35.2,36.2,36.0
ED-0036,82,01:22,35.5,35.3,35.8,36.1,35.5,35.2,34.9,37.2,36.2,35.8,35.8,35.2
ED-0036,83,01:23,35.3,35.6,36.3,35.9,35.3,35.5,34.6,36.0,36.8,35.9,36.6,36.2
ED-0036,84,01:24,35.8,35.4,35.3,34.7,35.4,35.5,34.8,35.8,35.1,36.0,36.3,35.8
ED-0036,85,01:25,35.6,35.7,36.3,35.7,35.2,35.3,34.8,35.4,36.1,36.1,35.9,35.0
ED-0036,86,01:26,34.8,36.4,36.8,36.1,35.1,35.1,35.5,34.6,35.6,36.1,35.9,35.1
ED-0036,87,01:27,36.3,36.4,37.1,35.5,34.9,36.3,35.5,35.0,36.0,35.9,36.0,35.7
ED-0036,88,01:28,35.7,36.0,36.5,36.3,35.3,36.1,34.2,35.7,35.6,35.9,35.0,34.7
ED-0036,89,01:29,35.3,35.5,36.4,35.8,35.6,34.8,34.6,35.7,35.8,36.4,36.1,35.5
ED-0036,90,01:30,35.0,36.4,36.2,35.7,34.8,35.8,35.0,35.6,36.1,36.2,36.8,36.2
ED-0036,91,01:31,35.3,36.0,37.4,35.5,36.8,36.3,35.7,34.7,36.7,36.7,36.7,34.6
ED-0036,92,01:32,35.7,36.4,35.7,36.9,34.5,35.4,35.2,35.3,36.1,36.9,35.0,35.0
ED-0036,93,01:33,36.0,36.4,35.4,35.7,36.1,35.6,36.1,35.3,36.0,35.5,36.7,34.8
ED-0036,94,01:34,35.7,36.1,36.5,35.0,35.3,35.1,35.1,35.7,36.9,35.9,35.9,36.4
ED-0036,95,01:35,35.4,35.9,36.5,35.7,36.3,35.9,35.6,36.0,36.3,35.2,35.6,36.1
ED-0036,96,01:36,35.0,35.8,35.9,36.1,35.7,35.3,36.3,35.2,35.3,35.5,35.7,36.2
ED-0036,97,01:37,36.4,36.6,37.2,36.0,35.7,35.2,35.9,36.6,36.2,36.5,36.9,36.7
ED-0036,98,01:38,36.4,35.9,36.2,36.6,36.5,35.3,35.4,34.9,36.5,35.9,36.6,35.8
ED-0036,99,01:39,36.1,35.5,35.8,36.4,35.0,35.9,34.8,36.0,35.7,35.4,36.7,35.4
ED-0036,100,01:40,36.1,36.1,37.1,36.3,35.8,35.1,36.3,35.7,36.0,36.7,36.4,35.9
ED-0036,101,01:41,36.3,36.2,36.9,37.0,35.9,35.0,35.7,35.9,35.6,37.1,36.8,36.1
ED-0036,102,01:42,36.4,37.2,37.0,36.1,34.6,35.7,34.7,34.7,35.9,36.8,36.3,36.4
ED-0036,103,01:43,35.6,36.3,35.8,36.6,35.0,35.8,35.5,35.9,36.4,36.7,36.3,35.8
ED-0036,104,01:44,35.7,35.7,36.2,35.4,36.1,35.4,35.0,35.7,36.8,36.6,36.5,34.7
ED-0036,105,01:45,35.5,36.8,36.7,36.3,35.1,35.3,36.8,35.4,36.4,36.2,36.2,37.1
ED-0036,106,01:46,35.6,36.0,37.5,36.3,36.3,36.3,34.8,34.9,36.1,36.2,35.8,35.9
ED-0036,107,01:47,36.6,37.0,36.4,36.6,35.5,36.0,35.8,35.0,36.9,37.6,35.7,35.4
ED-0036,108,01:48,36.5,37.2,37.3,36.1,36.0,35.5,34.7,35.7,36.7,36.7,36.5,36.2
ED-0036,109,01:49,36.7,37.0,36.4,37.0,35.0,35.3,35.8,36.1,36.5,36.1,36.4,35.6
ED-0036,110,01:50,36.8,37.3,36.8,36.5,35.9,35.9,35.7,35.5,36.8,36.5,36.6,35.9
ED-0036,111,01:51,35.9,37.9,36.3,37.6,36.4,37.0,35.5,35.5,36.5,36.5,37.2,36.1
ED-0036,112,01:52,35.5,36.3,36.8,36.4,35.7,35.8,36.2,35.6,36.1,36.9,35.5,36.0
ED-0036,113,01:53,35.9,36.6,37.6,37.1,35.9,36.2,35.3,35.7,37.4,36.3,36.4,35.6
ED-0036,114,01:54,37.0,36.7,36.9,36.8,35.2,34.5,36.2,35.6,37.4,37.1,36.7,36.6
ED-0036,115,01:55,35.9,37.3,37.2,36.5,35.5,35.9,35.7,35.3,37.0,37.1,36.2,36.2
ED-0036,116,01:56,36.5,35.8,36.4,36.7,35.8,35.8,36.3,36.3,37.1,36.6,37.1,36.2
ED-0036,117,01:57,36.0,36.1,36.9,36.3,36.1,34.5,34.9,35.7,36.3,37.5,37.3,36.1
ED-0036,118,01:58,36.5,36.5,37.9,37.3,36.3,35.7,35.2,35.8,36.6,37.4,36.4,35.8
ED-0036,119,01:59,36.4,37.0,37.4,36.7,35.6,36.4,34.4,35.5,36.9,36.9,36.9,36.6
ED-0036,120,02:00,35.9,36.7,37.2,35.7,35.2,35.3,35.8,36.4,36.8,37.9,37.3,35.9
ED-0036,121,02:01,35.7,36.8,38.1,37.1,35.6,35.8,36.4,35.9,36.7,37.7,37.2,36.7
ED-0036,122,02:02,36.2,37.0,37.7,37.3,35.5,36.0,35.9,36.2,37.2,37.9,37.2,36.4
ED-0036,123,02:03,35.8,36.7,36.5,36.7,35.6,35.8,36.1,35.7,36.8,37.7,36.6,36.3
ED-0036,124,02:04,36.7,37.3,37.2,37.4,36.1,35.2,35.8,35.6,36.9,37.4,37.6,35.7
ED-0036,125,02:05,36.1,37.3,37.8,37.6,35.7,37.1,35.9,36.6,36.3,37.4,36.8,36.3
ED-0036,126,02:06,36.8,37.3,37.6,35.4,35.9,35.1,35.9,36.1,37.6,37.1,37.3,36.8
ED-0036,127,02:07,36.7,37.4,37.5,36.9,35.6,35.6,34.8,36.0,37.6,37.3,38.3,35.7
ED-0036,128,02:08,36.6,37.5,37.7,36.7,36.1,35.9,36.8,36.5,37.2,37.6,37.4,36.4
ED-0036,129,02:09,37.5,36.9,37.4,37.3,36.6,36.9,36.7,36.6,37.3,37.5,36.6,36.6
ED-0036,130,02:10,37.2,38.4,37.7,37.6,36.4,36.4,36.6,35.3,37.2,38.0,37.6,36.5
ED-0036,131,02:11,36.3,36.7,37.7,37.6,36.2,36.5,35.8,37.0,36.7,38.3,37.9,37.1
ED-0036,132,02:12,36.9,38.1,37.9,37.2,36.0,36.7,36.2,36.2,36.9,38.2,37.5,36.4
ED-0036,133,02:13,37.2,37.1,38.4,37.5,36.3,36.1,35.7,36.3,36.8,38.1,37.3,36.4
ED-0036,134,02:14,36.7,38.2,38.5,38.2,37.0,35.7,36.3,36.7,38.1,38.6,37.6,36.4
ED-0036,135,02:15,36.4,37.9,37.9,38.1,36.0,36.4,35.9,36.1,38.0,38.1,37.5,37.2
ED-0036,136,02:16,36.7,38.8,38.2,38.1,36.7,36.3,35.3,36.6,38.2,38.1,37.4,37.3
ED-0036,137,02:17,36.5,38.2,38.8,38.5,36.1,36.4,36.6,36.1,37.9,38.6,37.3,36.5
ED-0036,138,02:18,37.5,38.0,38.2,38.0,36.7,36.0,36.9,37.5,38.3,38.4,37.1,36.3
ED-0036,139,02:19,36.8,37.5,38.6,38.8,35.7,36.4,37.1,36.1,38.0,38.1,38.7,36.8
ED-0036,140,02:20,36.0,38.3,38.4,39.1,36.5,37.1,36.2,37.2,37.5,38.2,38.0,37.1
ED-0036,141,02:21,36.6,39.4,38.8,38.3,35.4,37.9,35.3,36.5,38.7,38.5,39.2,36.3
ED-0036,142,02:22,37.3,38.6,39.3,38.3,36.4,36.7,35.5,37.5,38.6,38.8,37.8,36.8
ED-0036,143,02:23,37.8,37.7,38.7,36.9,37.2,36.5,37.8,36.4,38.9,38.4,38.8,37.6
ED-0036,144,02:24,38.0,38.7,37.7,39.0,37.7,36.3,35.7,37.5,37.8,39.0,38.9,37.8
ED-0036,145,02:25,37.7,38.4,38.6,38.8,35.9,35.3,36.0,36.3,39.0,39.1,38.5,37.2
ED-0036,146,02:26,38.0,38.0,38.9,38.4,36.8,36.1,36.1,37.4,38.6,39.9,38.7,36.5
ED-0036,147,02:27,37.6,38.8,40.3,38.9,36.5,36.9,35.6,36.7,38.1,39.0,38.1,37.2
ED-0036,148,02:28,37.4,38.9,38.9,39.2,36.6,36.6,36.6,36.7,38.8,39.7,39.1,37.1
ED-0036,149,02:29,36.6,38.2,39.7,39.0,37.3,36.7,36.7,37.4,38.8,40.3,40.1,37.7
ED-0036,150,02:30,37.5,39.5,40.2,39.2,38.1,36.6,36.5,37.4,39.3,38.9,38.0,37.7
ED-0036,151,02:31,36.8,39.1,38.9,38.6,36.7,36.0,35.7,37.5,39.4,39.8,39.1,38.5
ED-0036,152,02:32,37.9,39.7,39.6,39.0,37.0,36.5,36.6,36.9,39.1,39.4,39.2,36.8
ED-0036,153,02:33,38.6,39.5,40.1,39.9,37.7,37.2,37.0,37.4,39.0,40.1,39.5,37.6
ED-0036,154,02:34,38.7,40.6,40.7,38.7,36.7,36.2,36.7,37.3,39.8,39.7,38.6,37.7
ED-0036,155,02:35,37.0,40.1,40.3,39.1,37.6,36.8,36.1,38.3,38.2,40.4,39.9,37.8
ED-0036,156,02:36,37.7,39.7,40.8,39.1,37.8,36.6,37.0,37.7,39.6,39.7,39.0,37.7
ED-0036,157,02:37,37.3,39.8,40.4,39.4,37.7,37.0,37.5,36.9,39.0,40.6,39.2,38.6
ED-0036,158,02:38,38.7,39.5,40.7,39.4,38.2,37.1,36.4,37.7,40.1,40.3,40.1,37.9
ED-0036,159,02:39,38.5,40.7,40.1,40.7,38.3,36.5,37.2,36.9,40.4,40.2,40.4,37.9
ED-0036,160,02:40,38.3,40.3,40.8,40.5,37.9,36.6,36.6,38.3,39.0,40.1,39.7,38.2
ED-0036,161,02:41,38.2,40.6,41.0,40.8,37.6,36.3,37.6,37.8,40.4,40.8,40.5,38.5
ED-0036,162,02:42,38.0,40.8,41.3,39.5,38.2,37.4,36.8,38.1,40.2,40.4,40.9,38.3
ED-0036,163,02:43,38.9,40.9,41.8,40.1,37.8,38.0,37.4,38.0,40.6,41.5,41.3,38.7
ED-0036,164,02:44,38.7,41.3,41.4,40.7,37.5,37.3,38.0,38.6,40.9,41.3,40.9,38.1
ED-0036,165,02:45,39.3,41.2,41.4,39.9,37.8,37.5,37.0,38.5,40.7,40.9,41.2,38.6
ED-0036,166,02:46,38.0,40.6,41.6,41.1,38.8,37.2,38.1,37.8,39.8,42.7,40.3,38.6
ED-0036,167,02:47,38.1,40.6,41.1,41.4,37.7,37.8,38.0,38.4,40.6,41.6,41.5,38.6
ED-0036,168,02:48,38.9,40.9,41.8,41.6,37.8,37.4,37.8,38.3,40.9,42.0,41.1,37.8
ED-0036,169,02:49,39.3,41.8,42.3,41.0,38.7,36.7,37.1,38.4,41.2,42.2,40.3,39.6
ED-0036,170,02:50,39.4,41.9,42.5,41.8,37.0,37.3,37.5,38.6,41.3,42.9,40.9,38.9
ED-0036,171,02:51,39.5,42.2,42.9,40.6,39.5,38.4,37.0,38.5,41.8,42.3,41.0,39.6
ED-0036,172,02:52,39.0,42.3,41.9,42.1,38.7,37.0,37.9,39.2,42.1,41.8,40.8,39.4
ED-0036,173,02:53,40.6,41.8,43.5,41.7,39.0,38.2,38.5,39.8,41.2,43.3,42.7,39.7
ED-0036,174,02:54,39.0,43.0,41.9,42.7,38.4,37.9,37.7,38.2,42.4,43.8,41.6,39.8
ED-0036,175,02:55,40.0,42.5,42.7,43.3,38.7,37.7,39.1,38.6,42.2,42.8,41.4,40.1
ED-0036,176,02:56,39.2,43.1,43.3,42.0,37.9,37.7,38.5,38.9,41.1,43.0,42.3,39.6
ED-0036,177,02:57,38.8,42.4,43.7,42.2,39.2,38.1,38.5,39.4,42.4,43.7,42.3,39.9
ED-0036,178,02:58,39.6,43.0,43.5,42.9,39.8,37.9,38.4,39.7,42.0,43.9,42.4,39.9
ED-0036,179,02:59,39.5,43.8,44.4,42.6,39.2,38.3,38.3,40.1,42.9,44.4,42.5,39.1
ED-0036,180,03:00,40.3,43.2,44.9,43.0,38.5,38.6,39.0,39.8,44.3,44.1,42.2,40.9
ED-0036,181,03:01,40.2,43.5,45.4,42.9,38.3,37.6,38.9,39.3,43.1,44.9,43.4,39.5
ED-0036,182,03:02,40.1,43.3,44.4,44.0,38.6,38.6,39.2,39.6,43.8,44.7,43.3,41.0
ED-0036,183,03:03,41.2,44.2,44.1,43.9,39.3,39.1,38.4,39.4,44.6,45.3,43.9,40.5
ED-0036,184,03:04,40.3,44.6,45.4,43.1,39.6,38.2,38.8,40.1,43.7,45.1,42.5,41.9
ED-0036,185,03:05,41.6,43.8,45.7,44.6,39.9,38.4,38.8,39.6,44.4,44.9,43.5,40.8
ED-0036,186,03:06,41.6,44.6,45.2,44.6,41.7,38.7,39.3,39.7,42.7,44.8,44.1,41.3
ED-0036,187,03:07,42.2,44.4,46.2,44.0,39.7,39.2,38.5,40.1,43.8,45.7,44.1,41.0
ED-0036,188,03:08,42.0,44.6,46.4,44.4,39.2,38.9,38.3,40.3,44.4,46.3,44.2,40.4
ED-0036,189,03:09,42.1,45.7,46.2,44.2,40.9,38.9,40.5,40.3,44.3,46.3,45.9,41.2
ED-0036,190,03:10,40.9,44.5,46.3,45.5,40.7,38.7,39.6,40.7,44.4,47.1,43.9,41.7
ED-0036,191,03:11,41.0,45.6,46.7,44.9,40.6,39.0,39.6,41.2,45.2,47.6,45.3,41.6
ED-0036,192,03:12,41.6,46.0,48.0,45.5,41.0,39.9,39.9,39.8,45.6,47.2,45.3,43.1
ED-0036,193,03:13,41.8,46.5,46.8,44.2,40.1,40.3,39.8,39.6,45.8,47.7,45.2,41.5
ED-0036,194,03:14,41.1,47.5,47.3,46.6,40.6,40.1,40.3,40.8,45.6,47.7,45.9,41.7
ED-0036,195,03:15,41.8,45.9,47.5,45.5,41.0,40.3,39.7,41.8,46.5,48.2,45.8,43.0
ED-0036,196,03:16,42.0,47.0,48.0,46.5,40.8,39.9,39.7,41.3,46.8,47.4,46.7,43.1
ED-0036,197,03:17,42.8,48.0,48.6,46.2,40.7,40.5,39.3,41.5,46.7,48.8,46.7,42.3
ED-0036,198,03:18,42.9,47.6,48.5,47.8,41.9,39.3,39.8,41.8,45.7,49.1,46.1,43.1
ED-0036,199,03:19,42.9,47.4,48.9,47.4,41.7,39.2,40.3,42.9,47.1,48.6,47.2,43.1
ED-0036,200,03:20,43.2,47.8,49.2,47.8,42.6,40.3,40.9,42.5,47.5,49.0,47.4,43.5
ED-0036,201,03:21,43.6,48.3,49.4,48.3,40.7,40.1,41.0,42.6,48.1,49.5,47.7,44.2
ED-0036,202,03:22,43.6,48.4,50.6,48.0,42.2,40.9,40.3,42.6,48.2,49.8,48.1,44.0
ED-0036,203,03:23,44.1,48.7,49.6,47.9,42.7,41.0,41.2,42.8,48.3,49.6,48.0,43.5
ED-0036,204,03:24,44.2,48.2,51.7,49.1,43.1,40.1,40.8,43.4,47.4,49.6,48.7,43.7
ED-0036,205,03:25,44.0,49.6,50.1,48.6,42.9,40.5,41.0,42.8,48.6,51.7,49.0,44.8
ED-0036,206,03:26,42.7,50.0,50.9,49.3,43.1,41.0,41.3,43.4,49.1,50.3,48.9,44.4
ED-0036,207,03:27,44.0,50.6,51.1,49.9,42.9,40.9,40.6,43.7,49.1,50.7,48.7,44.7
ED-0036,208,03:28,45.0,50.7,52.0,50.0,44.0,41.7,41.4,42.8,50.2,50.9,50.0,44.9
ED-0036,209,03:29,44.5,50.3,51.8,50.7,43.6,41.7,41.8,43.7,51.2,52.4,50.4,45.2
ED-0036,210,03:30,44.1,50.4,52.0,50.5,44.0,41.2,41.5,44.4,50.9,51.4,49.8,45.2
ED-0036,211,03:31,44.9,51.0,52.5,49.6,44.9,41.8,42.0,43.4,49.7,52.7,49.2,46.1
ED-0036,212,03:32,46.5,51.2,53.1,50.7,43.9,42.9,42.9,43.6,50.4,53.4,51.7,46.6
ED-0036,213,03:33,45.2,51.9,53.1,50.5,43.4,42.3,42.3,44.4,52.2,52.6,51.5,45.4
ED-0036,214,03:34,45.1,52.0,53.9,51.7,44.2,41.7,43.3,45.1,51.3,53.7,51.9,46.4
ED-0036,215,03:35,46.8,52.7,53.5,52.5,44.1,43.0,42.1,44.5,51.6,53.6,51.4,45.9
ED-0036,216,03:36,45.4,54.0,55.3,51.8,44.8,43.3,42.9,45.6,51.9,53.8,52.2,46.6
ED-0036,217,03:37,47.1,52.9,55.0,52.5,44.8,43.3,42.9,46.1,52.5,54.1,52.5,47.1
ED-0036,218,03:38,47.7,53.1,55.3,53.3,45.2,42.9,43.3,45.1,52.7,55.8,52.5,46.9
ED-0036,219,03:39,47.6,54.0,55.3,53.0,46.4,42.8,43.8,45.9,52.9,54.8,53.2,48.2
ED-0036,220,03:40,47.0,55.3,56.4,53.9,45.2,43.0,43.1,45.6,54.1,54.6,53.1,47.6
ED-0036,221,03:41,48.2,54.7,55.6,53.8,46.3,43.9,42.9,45.8,54.3,56.1,54.3,48.7
ED-0036,222,03:42,49.0,54.4,57.0,54.8,45.6,44.2,43.9,46.4,54.9,56.5,54.6,48.1
ED-0036,223,03:43,48.2,56.5,57.9,54.4,46.3,43.1,43.4,46.6,55.0,56.5,55.1,49.2
ED-0036,224,03:44,49.4,56.6,57.8,55.2,46.5,44.5,44.6,46.1,55.1,56.4,55.0,49.5
ED-0036,225,03:45,49.0,57.0,57.7,55.3,47.2,44.9,45.3,47.7,55.6,57.5,55.7,50.1
ED-0036,226,03:46,49.3,58.1,57.9,55.8,47.0,43.8,44.9,47.1,55.5,59.0,56.3,50.0
ED-0036,227,03:47,48.9,57.1,58.4,56.3,47.9,44.7,45.5,47.6,57.2,57.6,56.1,49.5
ED-0036,228,03:48,50.3,58.0,59.0,57.2,47.6,45.5,44.9,47.6,56.8,58.7,57.3,50.4
ED-0036,229,03:49,50.3,58.5,59.7,56.1,48.0,45.2,46.2,47.7,57.2,59.3,57.9,50.6
ED-0036,230,03:50,50.8,58.3,60.1,57.4,48.7,45.7,45.8,48.2,57.2,60.1,57.4,50.9
ED-0036,231,03:51,49.8,59.6,60.4,57.8,49.4,46.0,45.3,48.8,58.8,59.4,58.4,51.9
ED-0036,232,03:52,51.0,60.2,61.2,57.2,49.0,46.5,45.9,49.3,58.2,61.1,59.2,50.4
ED-0036,233,03:53,51.7,60.5,60.6,58.5,49.3,45.6,47.2,49.3,58.7,61.1,59.5,51.7
ED-0036,234,03:54,51.8,60.5,61.3,58.9,49.8,46.8,47.3,49.7,59.1,60.9,59.2,52.9
ED-0036,235,03:55,51.9,61.6,62.8,59.5,49.5,46.2,47.6,50.4,59.3,60.5,59.5,52.9
ED-0036,236,03:56,52.2,61.2,62.6,60.4,50.0,47.5,47.7,50.7,59.5,61.6,61.7,52.4
ED-0036,237,03:57,52.7,61.5,63.7,59.8,50.5,46.3,48.3,51.2,60.1,62.5,60.8,53.0
ED-0036,238,03:58,53.6,61.6,64.1,61.3,50.2,46.6,47.9,50.9,61.1,62.9,60.8,53.9
ED-0036,239,03:59,53.6,62.4,63.9,61.7,51.0,47.0,47.9,51.9,62.4,64.8,61.2,54.2
ED-0036,240,04:00,53.0,63.0,64.5,62.3,51.8,47.8,49.0,51.2,61.8,63.0,62.0,53.9
ED-0036,241,04:01,53.4,63.1,64.9,61.3,52.2,48.8,48.9,52.9,61.6,64.1,62.2,53.9
ED-0036,242,04:02,54.4,64.2,66.1,62.4,51.0,48.5,48.9,52.4,63.2,64.2,62.8,55.0
ED-0036,243,04:03,55.2,64.5,65.8,63.2,51.8,48.2,50.2,53.0,63.9,65.0,63.5,56.1
ED-0036,244,04:04,55.3,64.5,66.9,62.7,52.5,49.1,49.1,53.3,63.6,65.0,63.8,56.6
ED-0036,245,04:05,55.3,65.4,67.5,64.7,52.6,49.0,49.9,53.1,64.2,66.1,63.6,56.0
ED-0036,246,04:06,57.4,65.9,67.1,63.7,53.7,49.8,50.4,53.3,64.3,66.6,64.7,56.0
ED-0036,247,04:07,56.7,66.1,68.2,65.3,54.4,49.8,51.1,53.9,64.6,67.3,65.8,58.0
ED-0036,248,04:08,56.6,66.8,68.6,64.5,53.7,49.6,51.0,54.2,66.6,67.6,66.1,57.9
ED-0036,249,04:09,57.0,67.3,68.4,65.9,54.4,50.7,51.2,54.4,66.3,68.3,65.8,58.3
ED-0036,250,04:10,57.8,68.1,68.6,65.2,54.5,50.7,51.8,55.8,66.9,68.4,66.2,58.3
ED-0036,251,04:11,56.9,67.2,69.5,66.3,55.3,50.8,52.0,55.4,66.7,69.0,66.9,58.4
ED-0036,252,04:12,58.4,69.5,69.8,66.6,56.5,51.4,53.2,56.4,67.2,69.2,68.4,59.2
ED-0036,253,04:13,59.2,68.9,71.2,67.5,56.7,52.5,51.9,55.4,67.8,70.4,68.6,59.3
ED-0036,254,04:14,58.5,69.7,71.6,67.3,57.6,52.6,52.6,57.3,68.3,70.4,68.8,59.7
ED-0036,255,04:15,60.1,70.0,72.6,68.0,57.4,51.9,53.4,57.4,68.5,71.6,69.7,60.7
ED-0036,256,04:16,60.3,70.1,72.7,69.1,57.5,52.9,53.3,57.9,69.0,71.1,70.3,60.7
ED-0036,257,04:17,59.9,71.7,73.1,69.6,58.1,53.2,53.8,58.0,70.4,72.3,70.3,60.5
ED-0036,258,04:18,61.0,71.9,73.3,70.4,58.2,54.5,54.4,58.6,70.7,72.5,71.4,61.8
ED-0036,259,04:19,61.5,72.6,74.2,69.7,58.4,53.8,54.4,60.1,71.1,73.0,71.6,62.1
ED-0036,260,04:20,61.4,73.2,74.5,70.5,59.4,54.7,55.1,59.4,71.0,73.9,72.8,63.3
ED-0036,261,04:21,61.6,74.0,75.2,70.9,59.2,55.0,54.6,60.6,70.9,73.2,72.5,63.4
ED-0036,262,04:22,62.4,73.9,75.6,70.7,59.8,54.4,55.1,60.2,72.4,75.1,73.4,63.4
ED-0036,263,04:23,62.5,75.1,76.9,72.5,59.7,55.9,56.3,60.7,72.5,75.0,73.4,64.0
ED-0036,264,04:24,63.9,75.4,76.4,73.3,60.7,56.1,56.5,60.8,72.8,74.6,74.0,64.6
ED-0036,265,04:25,64.2,75.8,78.4,73.3,60.9,56.3,56.4,62.5,74.5,76.0,74.4,65.0
ED-0036,266,04:26,64.2,76.1,77.9,73.9,60.8,56.1,57.2,62.3,74.6,76.6,75.2,65.0
ED-0036,267,04:27,64.6,77.9,78.4,73.8,63.2,57.9,57.8,63.2,74.9,76.7,75.9,66.0
ED-0036,268,04:28,65.3,78.0,79.3,74.8,63.0,57.4,57.8,62.6,76.6,77.2,75.3,65.8
ED-0036,269,04:29,65.9,77.7,79.3,75.3,63.1,58.5,58.7,63.5,75.5,77.8,77.5,66.3
ED-0036,270,04:30,65.8,77.7,79.2,75.3,62.8,58.4,59.2,64.1,75.9,78.6,78.5,66.7
ED-0036,271,04:31,65.6,80.3,79.7,75.8,64.3,58.9,58.8,64.3,77.2,78.5,78.3,67.7
ED-0036,272,04:32,66.8,80.0,81.1,76.1,64.3,59.5,60.8,65.4,77.8,79.7,78.9,68.2
ED-0036,273,04:33,66.7,79.4,81.3,76.8,65.5,59.6,60.3,65.7,78.2,79.3,78.9,68.9
ED-0036,274,04:34,68.2,80.2,81.5,77.6,65.4,59.3,60.3,65.9,79.6,79.9,79.5,69.6
ED-0036,275,04:35,68.8,81.5,81.1,77.8,66.5,60.8,59.8,67.5,79.2,80.2,80.4,70.7
ED-0036,276,04:36,68.8,82.0,83.1,78.4,67.2,60.7,61.9,66.9,80.1,80.5,80.9,70.6
ED-0036,277,04:37,69.3,82.4,82.7,79.4,66.5,62.1,61.6,67.8,79.9,81.7,81.5,70.9
ED-0036,278,04:38,69.5,82.5,83.8,78.1,67.9,61.6,61.6,67.1,81.2,82.4,81.8,70.7
ED-0036,279,04:39,69.5,83.2,85.1,79.9,69.1,62.2,63.2,68.7,81.3,82.6,82.5,72.2
ED-0036,280,04:40,71.0,82.9,85.1,79.9,69.3,62.9,62.2,69.5,81.9,83.1,83.6,71.6
ED-0036,281,04:41,70.4,84.1,84.9,80.6,69.9,62.9,64.0,68.5,82.1,82.9,83.0,72.9
ED-0036,282,04:42,70.7,84.7,85.2,80.9,69.7,64.1,63.2,70.1,83.2,82.5,83.5,73.7
ED-0036,283,04:43,71.5,85.7,85.7,81.4,70.1,64.0,64.0,70.5,83.7,84.4,84.7,74.3
ED-0036,284,04:44,73.2,86.0,87.6,82.8,71.1,64.3,64.3,71.8,83.6,84.6,86.1,74.4
ED-0036,285,04:45,73.3,86.4,86.9,83.1,70.5,64.4,65.0,71.8,83.9,84.6,86.6,74.7
ED-0036,286,04:46,74.2,86.8,87.0,83.7,72.2,64.5,66.0,72.1,84.9,85.7,85.3,74.9
ED-0036,287,04:47,74.2,86.7,87.4,84.0,72.0,65.3,66.0,72.3,86.2,85.6,86.9,75.9
ED-0036,288,04:48,73.9,87.5,87.9,83.5,73.1,66.3,66.7,73.1,83.9,85.7,88.2,76.1
ED-0036,289,04:49,74.6,89.2,88.3,84.2,72.9,66.6,66.9,73.7,85.9,86.8,87.9,76.6
ED-0036,290,04:50,75.3,89.2,88.6,84.4,74.2,67.0,67.8,74.6,87.6,87.2,88.4,78.3
ED-0036,291,04:51,76.0,89.9,90.5,85.9,74.2,67.5,67.6,74.4,87.0,86.5,89.2,78.0
ED-0036,292,04:52,76.8,90.5,91.1,85.9,75.1,67.9,68.3,75.5,87.8,88.1,89.1,79.4
ED-0036,293,04:53,76.7,91.7,89.9,85.4,75.4,68.7,68.2,76.2,87.7,88.8,90.0,79.9
ED-0036,294,04:54,76.9,90.6,91.0,86.9,75.6,68.2,70.0,76.0,89.1,88.3,91.0,79.8
ED-0036,295,04:55,77.7,91.7,92.3,87.1,76.8,69.7,69.6,75.9,88.7,89.5,90.4,80.3
ED-0036,296,04:56,78.0,91.7,91.9,87.4,78.0,70.1,70.1,77.6,88.8,88.9,91.6,80.3
ED-0036,297,04:57,78.2,93.0,92.9,87.9,77.3,70.8,71.2,78.1,90.9,90.1,91.9,80.9
ED-0036,298,04:58,79.6,93.1,93.5,87.4,77.3,71.5,71.7,78.7,90.2,89.9,93.0,81.0
ED-0036,299,04:59,80.4,94.0,93.3,88.8,78.0,71.1,71.8,79.0,91.1,91.7,92.4,83.0
ED-0036,300,05:00,79.8,95.3,93.8,88.9,78.5,71.5,72.7,79.5,90.5,91.4,93.9,82.6
ED-0036,301,05:01,80.8,95.8,95.0,89.6,79.3,72.4,72.6,79.4,91.0,92.4,93.9,82.3
ED-0036,302,05:02,81.5,94.0,94.2,89.7,80.7,73.0,73.8,80.7,93.2,91.3,93.0,84.2
ED-0036,303,05:03,81.2,95.9,94.5,90.2,80.3,73.7,73.5,80.6,93.1,93.4,94.3,84.4
ED-0036,304,05:04,82.0,95.7,95.9,90.6,82.5,74.6,74.7,81.8,92.2,92.6,95.8,84.6
ED-0036,305,05:05,82.4,96.5,96.1,90.8,82.1,75.2,74.5,82.4,93.3,92.0,95.4,84.8
ED-0036,306,05:06,83.7,97.5,96.0,91.1,82.9,75.7,75.5,82.4,94.4,92.9,96.4,84.9
ED-0036,307,05:07,83.0,97.0,96.8,92.0,82.5,74.9,76.1,82.5,94.1,93.2,96.6,85.6
ED-0036,308,05:08,82.8,97.6,96.6,92.7,83.4,77.0,76.2,84.0,94.5,93.8,97.3,86.2
ED-0036,309,05:09,83.5,97.7,98.3,93.2,83.8,77.0,76.7,83.7,95.3,94.2,97.2,87.7
ED-0036,310,05:10,84.9,99.0,98.5,93.0,84.2,77.6,76.9,84.6,95.0,95.4,99.3,87.7
ED-0036,311,05:11,85.6,99.2,98.6,94.4,85.1,77.4,77.3,85.0,95.5,94.7,98.2,88.9
ED-0036,312,05:12,85.6,99.5,99.0,93.1,86.2,77.8,78.3,85.8,95.8,95.3,98.7,88.9
ED-0036,313,05:13,85.3,99.8,98.2,93.8,86.1,78.9,78.6,87.0,96.6,95.0,98.4,89.7
ED-0036,314,05:14,85.7,100.0,98.1,94.6,86.4,78.4,79.2,86.8,96.6,95.3,99.6,89.1
ED-0036,315,05:15,87.1,99.9,99.1,93.9,87.8,79.9,79.4,87.6,97.1,96.7,100.2,89.7
ED-0036,316,05:16,87.5,101.0,100.8,96.0,87.4,79.6,79.7,87.3,97.8,96.2,101.1,90.4
ED-0036,317,05:17,86.2,102.0,100.0,96.2,88.3,80.9,80.6,87.9,98.3,97.3,102.3,90.5
ED-0036,318,05:18,87.6,100.9,100.7,96.1,89.4,81.3,80.6,88.7,98.3,97.7,101.2,91.5
ED-0036,319,05:19,87.8,102.3,102.2,96.4,89.1,80.4,81.0,88.8,97.8,97.2,101.9,90.9
ED-0036,320,05:20,87.4,102.4,100.9,97.0,89.4,82.3,82.3,89.5,100.2,97.7,102.1,91.8
ED-0036,321,05:21,90.9,102.4,101.5,97.1,90.4,82.7,82.9,90.6,99.9,97.1,102.6,92.6
ED-0036,322,05:22,89.5,103.2,102.6,96.6,90.4,83.1,82.8,91.4,99.4,98.2,103.1,93.2
ED-0036,323,05:23,89.9,103.2,102.7,97.5,91.6,82.4,82.9,91.2,100.6,98.4,103.9,93.6
ED-0036,324,05:24,90.7,103.1,103.1,97.1,92.0,83.6,84.3,91.8,100.5,98.1,104.7,93.6
ED-0036,325,05:25,90.5,103.8,102.4,98.1,92.2,85.0,84.7,91.9,100.2,99.0,103.9,95.0
ED-0036,326,05:26,91.4,105.0,103.5,98.4,92.7,84.8,83.9,92.3,101.9,99.4,104.2,95.7
ED-0036,327,05:27,91.8,105.6,103.8,98.5,93.2,85.2,85.3,92.6,101.3,99.5,104.0,95.2
ED-0036,328,05:28,91.6,105.2,103.5,98.5,92.5,85.6,85.5,93.7,102.9,99.9,104.3,96.1
ED-0036,329,05:29,91.7,105.3,104.0,99.3,93.9,87.1,85.7,93.9,102.0,99.7,105.2,95.9
ED-0036,330,05:30,93.0,104.9,103.9,98.6,95.8,86.8,86.5,94.1,102.9,100.7,105.8,96.9
ED-0036,331,05:31,92.0,106.1,104.5,98.4,94.5,87.2,86.7,95.6,103.0,100.3,105.0,96.9
ED-0036,332,05:32,93.3,106.5,104.6,100.1,96.2,87.5,86.6,95.1,103.2,100.6,106.0,98.5
ED-0036,333,05:33,93.6,106.5,104.8,99.6,96.3,88.4,88.1,95.4,103.5,101.7,107.2,98.0
ED-0036,334,05:34,93.6,106.9,105.2,99.9,96.3,87.5,88.4,95.7,102.7,101.1,107.2,98.1
ED-0036,335,05:35,93.5,107.7,105.7,101.2,96.6,88.5,88.9,97.2,103.9,101.1,106.7,97.7
ED-0036,336,05:36,94.2,107.5,105.9,101.1,97.8,88.6,88.4,97.3,104.5,101.2,108.1,97.8
ED-0036,337,05:37,94.1,107.8,106.9,101.7,98.9,90.2,89.0,98.0,104.0,101.1,107.8,99.6
ED-0036,338,05:38,95.5,108.0,105.9,101.5,98.2,89.4,89.5,98.2,104.7,102.2,107.5,99.7
ED-0036,339,05:39,95.2,108.4,106.9,101.6,98.7,91.7,88.9,98.3,104.7,102.9,108.6,99.7
ED-0036,340,05:40,95.5,109.2,107.9,101.4,98.9,90.8,89.6,98.9,105.0,102.6,109.0,101.0
ED-0036,341,05:41,95.9,109.0,108.0,101.9,98.6,91.0,89.7,98.7,105.5,102.5,108.2,100.9
ED-0036,342,05:42,96.5,109.2,107.8,101.9,99.5,91.4,91.3,99.4,107.1,103.1,109.0,101.7
ED-0036,343,05:43,96.2,109.7,106.5,101.9,100.0,91.7,91.8,99.5,106.6,103.2,110.0,101.4
ED-0036,344,05:44,97.0,109.7,107.7,102.6,100.8,92.0,91.7,99.7,105.5,104.5,110.6,100.7
ED-0036,345,05:45,97.8,109.8,108.1,101.8,101.4,92.7,92.4,99.9,107.0,103.5,110.9,102.8
ED-0036,346,05:46,97.6,110.1,108.2,103.4,101.9,93.5,92.5,101.0,106.0,104.0,110.5,102.0
ED-0036,347,05:47,97.5,111.0,109.1,103.4,102.3,93.4,92.7,100.3,107.3,102.5,110.4,102.2
ED-0036,348,05:48,97.6,110.4,107.8,103.8,102.3,93.0,92.8,101.0,107.6,104.0,111.0,102.8
ED-0036,349,05:49,98.8,111.1,109.4,103.6,102.0,94.5,93.7,102.0,107.3,103.8,110.5,102.8
ED-0036,350,05:50,98.9,111.6,108.5,103.6,102.5,95.5,94.2,103.1,107.6,104.1,112.3,103.5
ED-0036,351,05:51,98.8,111.5,109.2,103.3,102.9,95.2,94.3,102.0,107.5,103.9,112.1,103.4
ED-0036,352,05:52,98.6,111.4,108.0,104.0,104.9,96.4,94.9,102.9,107.2,105.0,112.3,103.7
ED-0036,353,05:53,99.5,112.4,109.3,104.6,104.4,95.7,94.6,102.4,108.2,104.6,112.3,104.5
ED-0036,354,05:54,100.1,111.8,109.0,105.3,104.5,96.2,94.5,103.4,109.1,104.2,112.2,104.8
ED-0036,355,05:55,100.0,112.2,110.4,104.7,104.1,96.5,94.8,102.8,108.7,104.5,112.1,105.2
ED-0036,356,05:56,99.3,112.5,110.1,105.3,106.1,96.2,97.3,104.2,108.4,106.0,112.4,105.8
ED-0036,357,05:57,100.5,111.7,109.7,104.9,105.5,97.2,96.6,104.7,108.7,105.9,113.4,105.4
ED-0036,358,05:58,100.6,112.8,110.8,105.7,105.9,98.0,96.6,105.2,108.9,105.4,113.3,105.3
ED-0036,359,05:59,100.9,112.5,110.8,106.0,106.3,98.0,96.2,105.0,109.7,105.0,113.8,105.7
ED-0036,360,06:00,101.5,113.1,110.0,104.7,107.0,98.4,96.6,105.8,110.1,105.6,112.9,106.2
ED-0036,361,06:01,100.5,113.6,110.3,106.0,107.7,99.1,97.1,105.1,110.2,106.0,114.7,106.3
ED-0036,362,06:02,102.1,113.6,111.2,105.6,107.1,99.2,97.3,104.6,110.1,106.2,113.2,107.5
ED-0036,363,06:03,101.1,113.8,110.4,106.1,107.7,99.2,98.1,105.3,109.4,106.3,114.1,106.4
ED-0036,364,06:04,101.8,113.8,111.1,106.3,107.5,98.3,98.8,106.8,110.8,105.8,114.8,107.6
ED-0036,365,06:05,102.1,114.0,112.3,105.7,108.1,98.9,98.7,106.7,109.6,106.8,114.8,107.4
ED-0036,366,06:06,101.8,114.8,111.1,107.2,108.2,101.0,99.0,106.5,110.5,105.8,114.7,107.3
ED-0036,367,06:07,103.9,114.6,110.9,105.8,109.0,100.1,98.5,107.6,110.6,105.9,114.9,108.1
ED-0036,368,06:08,103.0,113.8,112.6,106.7,108.4,99.9,99.0,107.5,111.3,107.0,114.7,108.8
ED-0036,369,06:09,102.7,114.5,112.0,106.4,109.4,101.0,98.9,107.6,110.9,106.7,115.0,107.9
ED-0036,370,06:10,103.0,115.2,111.6,106.8,109.7,101.8,100.5,108.6,110.8,106.7,115.3,108.7
ED-0036,371,06:11,102.8,114.3,110.9,107.2,110.0,101.8,100.1,109.1,111.3,107.3,115.1,107.6
ED-0036,372,06:12,103.7,115.5,111.4,107.3,110.4,101.1,101.2,108.0,111.0,107.6,115.3,108.7
ED-0036,373,06:13,103.4,115.6,111.9,108.0,110.9,101.2,100.4,109.1,111.8,106.5,115.7,109.4
ED-0036,374,06:14,104.0,115.9,112.6,107.6,110.2,101.4,100.4,108.8,110.8,107.5,116.4,109.9
ED-0036,375,06:15,103.3,116.0,112.0,107.3,111.0,101.2,101.0,109.5,111.1,107.4,115.7,109.0
ED-0036,376,06:16,105.1,115.8,112.6,108.0,111.0,102.7,101.1,110.3,112.1,108.4,116.1,109.1
ED-0036,377,06:17,103.7,115.7,112.4,108.1,111.3,102.4,100.6,110.4,111.5,107.4,116.4,110.1
ED-0036,378,06:18,104.6,115.8,112.9,107.7,112.0,103.3,101.6,108.8,111.3,108.0,117.4,110.5
ED-0036,379,06:19,105.2,116.4,112.2,108.4,111.7,105.0,101.5,110.5,111.8,107.8,117.1,109.5
ED-0036,380,06:20,103.9,115.7,113.0,108.6,113.0,103.7,102.0,110.0,112.2,108.0,116.7,110.2
ED-0036,381,06:21,105.4,116.1,114.2,108.2,111.7,104.5,102.7,111.1,113.3,107.7,117.1,110.1
ED-0036,382,06:22,105.2,116.0,112.4,108.3,113.1,104.5,102.6,111.1,111.3,108.3,115.9,110.8
ED-0036,383,06:23,105.4,116.7,113.9,108.1,112.9,104.6,102.1,110.8,113.7,108.0,117.3,110.7
ED-0036,384,06:24,105.3,116.5,114.2,108.6,112.7,104.7,103.4,111.5,112.8,108.7,117.2,111.1
ED-0036,385,06:25,105.5,116.5,114.7,108.2,112.8,105.0,102.8,111.6,112.5,107.8,117.6,110.6
ED-0036,386,06:26,105.0,117.0,114.0,108.9,114.0,104.4,103.1,112.6,113.6,109.3,116.4,111.2
ED-0036,387,06:27,105.9,116.7,113.7,109.2,113.4,105.4,102.9,112.1,112.7,108.6,117.8,111.7
ED-0036,388,06:28,105.0,116.6,114.4,108.5,115.0,105.5,103.8,111.9,113.8,108.2,117.5,111.7
ED-0036,389,06:29,106.3,116.8,114.9,108.2,113.6,105.4,103.7,111.2,114.0,107.7,118.1,111.8
ED-0036,390,06:30,105.4,117.5,113.8,108.4,113.6,105.3,104.4,113.0,113.6,109.0,117.3,112.4
ED-0036,391,06:31,106.0,117.3,113.8,109.5,114.8,106.2,103.9,111.9,113.2,108.4,117.5,111.6
ED-0036,392,06:32,105.8,117.1,114.3,108.8,114.5,105.8,104.8,112.3,114.0,109.1,118.5,112.2
ED-0036,393,06:33,106.2,117.3,113.0,109.4,115.1,105.9,103.5,113.5,113.8,109.3,118.6,112.4
ED-0036,394,06:34,106.6,117.8,113.6,109.7,115.3,106.3,103.9,114.0,113.3,108.0,117.9,112.4
ED-0036,395,06:35,106.9,117.0,114.5,109.3,115.0,106.7,104.1,113.0,114.1,108.3,118.9,112.5
ED-0036,396,06:36,106.5,117.1,114.7,109.8,114.8,106.6,105.1,112.2,114.5,109.0,118.4,112.4
ED-0036,397,06:37,107.2,118.0,115.7,109.4,115.5,106.8,106.2,114.2,113.6,109.5,119.4,112.9
ED-0036,398,06:38,107.1,117.9,114.4,109.0,116.5,107.0,106.3,112.9,113.6,109.1,119.0,112.8
ED-0036,399,06:39,107.5,117.2,115.0,108.5,115.7,106.1,105.9,112.5,113.9,109.7,119.5,112.4
ED-0036,400,06:40,107.4,117.7,113.6,109.1,115.5,107.2,105.2,113.4,114.4,108.5,119.2,113.3
ED-0036,401,06:41,106.9,118.5,113.8,109.1,116.2,107.1,105.7,113.8,114.7,108.8,119.5,112.1
ED-0036,402,06:42,107.5,117.2,113.9,110.5,116.0,107.9,106.7,114.6,114.2,108.6,119.2,113.5
ED-0036,403,06:43,107.1,117.4,114.7,110.1,116.5,107.5,105.4,114.3,115.0,109.4,119.5,114.3
ED-0036,404,06:44,107.7,117.5,114.8,110.5,117.1,107.4,106.8,114.8,115.0,109.3,119.7,113.7
ED-0036,405,06:45,107.1,118.9,115.2,109.5,116.2,107.7,106.1,115.2,113.9,109.4,119.3,113.5
ED-0036,406,06:46,107.4,118.2,115.1,109.2,116.2,108.5,106.4,116.0,114.8,109.8,118.6,113.7
ED-0036,407,06:47,108.2,117.7,115.5,109.5,115.9,108.4,106.9,114.3,114.6,110.4,119.3,113.5
ED-0036,408,06:48,107.6,119.2,115.6,110.6,116.3,107.9,107.2,115.1,114.8,110.0,119.2,113.9
ED-0036,409,06:49,107.8,118.3,115.3,109.6,117.2,109.0,106.4,114.5,114.3,109.7,119.9,114.6
ED-0036,410,06:50,108.5,118.4,115.1,110.5,117.2,108.7,107.7,115.0,115.5,109.1,119.7,114.5
ED-0036,411,06:51,108.0,118.4,116.3,110.1,117.1,109.9,106.7,115.8,114.4,109.8,120.4,113.6
ED-0036,412,06:52,106.7,118.6,115.5,109.3,117.1,108.5,107.6,115.9,115.2,109.4,119.6,114.6
ED-0036,413,06:53,108.2,119.2,115.8,109.4,117.9,109.2,107.2,114.7,115.4,109.8,120.1,113.7
ED-0036,414,06:54,108.7,119.1,115.5,110.9,117.9,109.6,107.0,114.7,115.4,110.2,119.0,114.5
ED-0036,415,06:55,108.8,119.4,115.4,111.1,118.8,110.1,106.4,116.0,116.4,109.7,119.1,114.6
ED-0036,416,06:56,108.8,118.9,116.1,111.0,117.6,109.2,108.1,116.5,115.0,109.7,119.8,114.1
ED-0036,417,06:57,108.6,119.0,115.2,110.7,117.9,110.1,107.8,115.8,114.4,110.2,120.3,115.1
ED-0036,418,06:58,108.1,118.7,115.4,111.1,118.1,109.6,107.2,115.6,114.6,109.9,119.8,114.3
ED-0036,419,06:59,108.9,120.0,115.3,110.5,118.0,110.0,108.2,115.4,115.9,110.1,120.7,114.6
ED-0036,420,07:00,108.5,120.0,116.0,110.0,119.1,109.5,107.7,116.3,115.0,109.3,119.5,114.2
ED-0036,421,07:01,108.1,119.1,115.7,110.3,118.3,109.6,108.3,116.1,115.1,110.2,119.9,115.7
ED-0036,422,07:02,109.4,119.4,115.8,110.2,117.9,110.9,106.9,116.1,115.4,111.2,120.1,115.2
ED-0036,423,07:03,109.3,119.7,116.1,110.1,118.5,110.3,108.3,115.8,114.9,109.6,120.6,115.7
ED-0036,424,07:04,108.2,119.7,115.5,111.3,118.8,110.7,108.9,116.6,116.0,110.0,120.2,115.0
ED-0036,425,07:05,107.9,119.7,115.4,111.1,118.5,110.4,108.8,116.8,116.0,111.1,119.6,115.7
ED-0036,426,07:06,109.1,119.9,115.3,111.3,118.5,110.9,108.1,116.4,115.8,110.7,119.5,114.2
ED-0036,427,07:07,109.1,119.1,116.2,110.2,118.0,110.6,108.6,116.9,115.9,110.4,120.0,115.2
ED-0036,428,07:08,109.0,119.6,115.8,110.9,119.5,110.0,108.6,116.1,114.7,110.5,119.3,115.2
ED-0036,429,07:09,109.9,118.8,115.8,110.9,119.7,110.5,107.9,116.6,115.9,110.4,121.2,115.1
ED-0036,430,07:10,108.9,119.5,116.7,110.9,119.9,111.1,108.9,116.4,114.7,110.1,120.9,116.7
ED-0036,431,07:11,109.4,120.4,115.8,111.1,119.2,110.5,109.0,116.8,115.0,110.6,120.8,114.7
ED-0036,432,07:12,109.6,120.1,115.6,110.7,119.8,110.9,108.3,117.1,116.2,111.0,121.1,115.6
ED-0036,433,07:13,109.9,120.1,116.4,110.9,118.7,111.3,108.8,117.2,116.4,111.1,120.7,116.0
ED-0036,434,07:14,110.1,119.6,115.8,111.0,120.1,110.2,109.9,117.5,116.1,110.4,120.3,115.2
ED-0036,435,07:15,109.3,119.3,115.8,110.6,119.1,110.9,109.1,117.3,115.4,111.0,120.8,116.0
ED-0036,436,07:16,109.7,120.2,116.2,111.0,119.2,111.6,109.2,118.4,116.8,110.0,119.7,116.4
ED-0036,437,07:17,109.7,120.4,116.7,111.3,121.0,110.7,108.8,117.5,115.8,111.1,120.8,115.3
ED-0036,438,07:18,109.5,120.3,116.1,111.4,119.1,111.3,109.2,117.0,115.0,110.7,121.5,115.7
ED-0036,439,07:19,110.0,120.4,116.8,111.2,119.4,111.8,108.6,117.6,115.7,110.4,120.3,115.8
ED-0036,440,07:20,109.8,118.9,115.9,111.6,119.4,111.9,108.4,118.2,116.0,111.6,120.8,115.0
ED-0036,441,07:21,108.9,120.1,116.2,110.3,120.1,112.2,109.1,117.6,116.7,110.4,121.2,115.2
ED-0036,442,07:22,109.8,119.9,115.5,112.1,119.8,112.2,108.9,117.8,117.2,110.8,121.9,116.7
ED-0036,443,07:23,109.0,120.4,116.7,111.6,119.9,111.5,109.4,118.2,116.2,110.9,121.7,116.3
ED-0036,444,07:24,109.7,119.7,116.4,111.5,120.5,112.1,109.8,117.6,115.9,110.9,121.6,116.7
ED-0036,445,07:25,110.0,119.6,116.1,111.4,119.7,112.3,110.1,118.5,116.3,110.7,122.0,116.7
ED-0036,446,07:26,109.5,120.0,116.9,112.7,120.0,111.8,109.7,117.2,116.0,110.9,122.0,116.5
ED-0036,447,07:27,110.0,120.7,116.6,111.6,120.8,111.7,109.5,118.3,116.6,110.8,121.1,116.8
ED-0036,448,07:28,110.4,120.6,116.7,111.4,119.8,112.2,109.1,118.6,116.0,110.9,121.2,117.0
ED-0036,449,07:29,110.9,120.0,116.1,111.3,119.4,112.1,110.1,118.5,117.0,110.9,121.2,116.7
ED-0036,450,07:30,109.4,120.2,116.6,112.2,119.7,111.8,109.5,117.7,116.2,110.3,120.9,116.5
ED-0036,451,07:31,109.5,120.4,116.2,112.3,120.2,112.5,109.2,118.0,116.2,109.7,120.7,118.4
ED-0036,452,07:32,109.3,120.1,116.7,112.2,120.9,112.7,110.0,118.5,116.6,111.5,121.2,116.4
ED-0036,453,07:33,111.3,119.9,116.9,111.5,120.8,112.3,110.2,117.6,116.7,111.4,121.6,116.8
ED-0036,454,07:34,110.5,119.9,116.0,112.0,119.9,113.0,109.9,117.6,116.5,111.8,121.4,116.5
ED-0036,455,07:35,109.9,119.7,116.5,111.2,121.2,112.7,109.8,119.7,116.5,110.0,119.9,116.3
ED-0036,456,07:36,109.8,121.4,116.9,111.3,120.6,112.7,109.6,118.4,116.8,111.4,121.4,116.3
ED-0036,457,07:37,110.2,120.0,116.6,111.0,120.4,112.5,110.9,118.1,116.4,110.5,120.9,116.5
ED-0036,458,07:38,110.3,121.0,117.2,110.7,120.8,112.4,110.0,119.1,115.8,110.8,121.4,116.3
ED-0036,459,07:39,109.9,120.0,117.0,112.4,120.6,112.0,109.7,118.5,117.1,110.6,121.3,117.2
ED-0036,460,07:40,110.1,120.1,116.4,111.2,121.5,111.8,110.3,118.2,117.2,110.9,121.4,116.3
ED-0036,461,07:41,110.4,120.5,117.2,111.9,121.1,112.7,110.5,118.5,115.9,111.5,120.2,117.1
ED-0036,462,07:42,110.6,121.3,117.7,111.3,121.2,112.7,110.3,118.5,116.5,110.9,120.8,116.9
ED-0036,463,07:43,110.5,120.6,115.6,111.7,121.0,111.9,110.2,118.2,116.3,111.9,121.3,117.0
ED-0036,464,07:44,110.6,119.1,116.5,111.6,120.5,112.0,111.1,118.3,117.6,111.0,121.3,117.4
ED-0036,465,07:45,110.7,120.7,116.6,111.9,120.5,112.5,110.3,118.3,117.3,110.9,121.4,116.5
ED-0036,466,07:46,110.2,121.0,117.3,112.4,122.1,112.4,110.5,119.1,116.3,111.1,122.4,116.6
ED-0036,467,07:47,110.6,120.6,117.5,111.7,120.5,113.1,110.8,118.4,116.3,111.4,121.1,116.7
ED-0036,468,07:48,110.5,120.8,117.1,111.2,121.3,112.3,110.2,119.6,117.4,110.4,122.4,116.3
ED-0036,469,07:49,109.9,121.1,117.2,111.9,120.9,113.4,110.2,118.2,116.3,111.0,122.1,116.6
ED-0036,470,07:50,110.3,121.3,117.5,111.5,121.3,114.1,109.9,117.6,117.2,111.1,121.9,117.4
ED-0036,471,07:51,110.4,121.1,116.1,112.8,120.6,112.2,110.7,118.7,117.4,111.6,121.2,117.4
ED-0036,472,07:52,110.5,121.0,116.6,111.0,120.7,113.7,109.7,118.7,116.2,111.2,121.3,116.3
ED-0036,473,07:53,110.5,121.0,116.8,112.5,122.0,113.5,109.9,117.8,116.4,111.6,122.0,116.6
ED-0036,474,07:54,110.6,120.9,117.1,112.3,120.5,112.4,109.8,118.6,115.6,111.8,122.2,118.1
ED-0036,475,07:55,110.7,121.2,116.3,111.5,121.5,112.5,111.0,118.5,116.8,110.9,121.6,117.4
ED-0036,476,07:56,110.4,120.4,116.8,111.3,121.1,113.5,110.2,119.8,116.0,111.1,121.7,117.0
ED-0036,477,07:57,110.7,121.2,116.0,111.3,121.4,112.6,110.7,118.6,116.3,112.3,121.7,116.2
ED-0036,478,07:58,110.1,121.2,117.4,111.0,121.8,113.2,110.2,119.3,116.9,111.5,122.2,116.7
ED-0036,479,07:59,110.8,121.1,116.9,112.1,122.4,112.6,110.4,118.4,117.3,111.3,121.1,117.1
ED-0036,480,08:00,109.7,120.6,117.9,111.9,120.4,113.1,111.1,119.0,116.5,111.3,122.4,117.7
ED-0036,481,08:01,110.0,120.8,117.7,112.2,121.7,112.9,110.7,118.9,116.1,111.0,121.9,118.2
ED-0036,482,08:02,110.9,120.7,117.6,111.7,122.1,114.1,110.5,118.6,117.0,110.9,122.2,117.5
ED-0036,483,08:03,111.0,120.6,116.7,112.0,120.7,113.0,110.9,118.8,117.4,111.6,121.4,116.9
ED-0036,484,08:04,110.2,120.0,117.6,111.8,121.3,113.4,111.1,119.0,117.3,110.6,122.1,117.2
ED-0036,485,08:05,111.3,120.9,117.8,111.6,121.7,113.1,110.5,119.0,116.3,111.7,121.8,117.6
ED-0036,486,08:06,110.4,121.5,117.0,112.2,121.3,113.0,111.5,119.1,116.8,111.7,121.3,117.0
ED-0036,487,08:07,110.7,120.4,117.2,111.3,121.5,112.7,111.3,117.9,116.5,111.4,121.3,118.3
ED-0036,488,08:08,110.7,121.7,117.1,112.6,121.5,113.2,110.7,119.5,117.1,111.4,121.3,118.3
ED-0036,489,08:09,110.3,121.1,117.6,112.7,121.7,112.9,111.0,118.9,116.4,111.7,122.0,117.7
ED-0036,490,08:10,110.6,120.5,117.4,111.9,122.2,113.7,110.1,119.0,116.5,111.8,121.9,117.3
ED-0036,491,08:11,110.8,121.3,116.6,112.5,121.5,113.8,110.6,119.1,116.3,111.7,122.5,117.2
ED-0036,492,08:12,110.1,120.9,117.2,112.3,120.6,114.2,110.8,119.3,117.1,110.7,121.4,117.5
ED-0036,493,08:13,111.0,121.0,117.1,111.5,121.7,115.1,110.6,118.9,116.6,111.0,122.5,117.5
ED-0036,494,08:14,110.7,120.0,117.3,111.5,121.7,112.8,111.7,118.6,116.7,111.5,121.2,117.7
ED-0036,495,08:15,111.1,120.5,116.9,111.7,122.3,113.4,111.7,119.2,117.5,111.5,121.7,117.8
ED-0036,496,08:16,111.1,120.8,116.9,111.8,121.8,113.6,110.7,118.7,116.8,111.1,122.2,118.0
ED-0036,497,08:17,110.9,120.5,117.3,112.3,122.2,113.3,110.7,118.9,117.0,111.6,122.6,118.8
ED-0036,498,08:18,110.9,119.9,116.9,112.0,121.9,113.5,110.4,119.4,116.9,110.7,121.5,117.2
ED-0036,499,08:19,110.3,121.1,117.4,111.3,121.8,112.8,111.1,120.0,116.8,111.4,121.4,117.2
ED-0036,500,08:20,110.5,121.8,116.7,112.4,121.6,113.7,110.7,119.5,115.8,111.1,122.5,116.9
ED-0036,501,08:21,110.6,120.5,117.1,112.2,121.7,113.2,111.0,119.9,116.2,114.3,121.9,117.6
ED-0036,502,08:22,109.9,120.5,117.7,112.1,122.0,113.8,111.2,119.1,117.8,115.3,122.7,117.6
ED-0036,503,08:23,110.6,121.0,117.2,113.0,121.1,113.6,111.3,120.4,116.9,115.7,122.2,118.1
ED-0036,504,08:24,110.4,121.0,119.1,112.7,122.5,113.7,110.9,119.2,116.6,117.0,122.0,117.9
ED-0036,505,08:25,110.5,121.4,121.0,111.6,122.5,114.2,110.6,119.6,117.4,117.4,121.6,117.4
ED-0036,506,08:26,110.4,120.7,122.1,112.2,122.2,113.6,110.8,119.7,117.4,118.8,121.8,118.0
ED-0036,507,08:27,110.6,120.7,123.0,114.8,121.2,114.2,110.2,119.2,116.0,118.3,122.4,117.8
ED-0036,508,08:28,111.0,120.8,123.5,116.2,121.1,113.4,111.3,120.4,117.0,119.4,121.4,117.7
ED-0036,509,08:29,110.5,120.9,124.1,117.1,121.0,113.8,111.8,119.4,116.8,119.2,120.7,117.0
ED-0036,510,08:30,111.0,123.1,124.4,117.6,121.8,113.8,110.1,118.9,119.7,120.4,121.6,117.5
ED-0036,511,08:31,111.7,124.7,125.8,117.6,123.0,113.8,110.5,119.2,121.2,121.0,121.9,117.6
ED-0036,512,08:32,111.3,127.4,125.5,118.8,122.2,113.5,112.1,118.7,122.4,121.3,121.8,117.2
ED-0036,513,08:33,110.4,126.8,126.4,119.8,121.4,113.8,111.0,120.3,122.9,121.7,124.9,117.4
ED-0036,514,08:34,110.8,127.6,127.4,119.6,121.6,113.9,110.6,119.1,123.2,121.3,125.7,117.7
ED-0036,515,08:35,111.3,128.4,127.3,121.0,121.0,113.5,111.7,119.6,124.6,122.8,127.2,117.8
ED-0036,516,08:36,111.2,129.1,127.2,120.0,122.2,113.4,111.5,119.7,124.7,122.4,128.2,118.5
ED-0036,517,08:37,110.4,129.5,127.1,121.6,122.6,113.1,110.3,118.9,124.6,123.0,129.0,117.4
ED-0036,518,08:38,111.0,130.3,128.3,121.5,121.9,113.5,111.3,119.6,125.4,123.3,129.4,118.5
ED-0036,519,08:39,111.6,130.3,128.6,121.9,121.6,114.1,111.1,119.6,127.0,123.4,129.5,118.2
ED-0036,520,08:40,111.0,130.5,129.6,122.4,121.6,113.7,111.2,117.7,126.9,124.5,131.6,117.9
ED-0036,521,08:41,111.0,130.7,129.1,122.9,123.2,114.5,111.8,119.8,127.9,123.5,131.8,117.4
ED-0036,522,08:42,110.2,131.0,129.2,122.8,121.1,113.2,110.8,120.0,126.8,124.2,131.5,117.6
ED-0036,523,08:43,110.9,131.3,130.1,123.3,122.3,113.5,111.5,118.9,126.9,124.3,131.2,117.0
ED-0036,524,08:44,111.1,132.4,130.6,123.7,121.7,114.3,111.4,119.1,128.6,124.8,132.8,117.3
ED-0036,525,08:45,110.2,133.1,131.6,124.2,122.5,113.6,111.2,120.2,129.4,125.6,132.7,117.8
ED-0036,526,08:46,114.1,134.4,130.5,124.4,121.4,113.8,111.1,118.8,129.4,125.7,132.9,117.7
ED-0036,527,08:47,113.9,133.6,131.2,124.6,121.2,114.2,111.1,119.0,129.3,125.3,133.8,117.4
ED-0036,528,08:48,115.5,134.9,131.8,124.9,121.8,113.8,111.2,118.7,129.2,125.7,133.8,117.3
ED-0036,529,08:49,115.8,133.5,131.8,125.8,122.2,113.5,112.2,119.2,129.7,127.2,133.5,120.5
ED-0036,530,08:50,117.2,134.4,131.9,125.8,121.7,114.1,111.1,120.0,131.0,126.6,134.7,121.9
ED-0036,531,08:51,117.9,134.6,132.8,126.7,121.4,113.4,110.9,119.2,131.5,125.8,134.7,122.9
ED-0036,532,08:52,118.2,135.1,133.1,126.8,121.6,113.5,111.2,119.6,130.7,127.9,135.8,124.0
ED-0036,533,08:53,118.1,135.7,134.4,126.9,121.9,113.8,111.1,119.8,131.7,127.8,135.9,124.7
ED-0036,534,08:54,119.3,135.0,133.7,126.2,122.1,113.2,111.4,119.5,131.1,128.0,136.5,124.4
ED-0036,535,08:55,119.6,136.1,133.9,127.0,122.5,113.6,111.3,119.7,132.9,127.3,136.2,125.3
ED-0036,536,08:56,120.0,136.5,133.7,127.3,121.8,114.7,111.2,119.7,131.6,127.9,137.0,126.4
ED-0036,537,08:57,119.9,137.3,133.8,127.5,121.6,113.4,111.8,122.2,133.3,128.4,138.1,126.6
ED-0036,538,08:58,121.6,137.6,133.9,127.6,122.9,114.0,111.1,123.4,132.9,128.2,137.4,127.3
ED-0036,539,08:59,121.2,137.7,134.3,128.0,121.6,113.4,110.8,124.9,133.0,129.1,137.2,127.5
ED-0036,540,09:00,122.0,137.7,135.4,128.3,125.0,113.3,111.6,125.6,133.6,129.4,137.8,128.1
ED-0036,541,09:01,121.9,137.0,134.7,127.8,126.8,113.7,111.9,126.0,133.8,130.2,138.0,128.0
ED-0036,542,09:02,121.9,137.6,135.9,129.5,126.5,114.1,111.0,127.6,133.3,129.0,139.7,128.5
ED-0036,543,09:03,122.2,138.0,136.0,129.3,128.9,114.0,113.1,127.0,134.1,129.6,139.6,129.0
ED-0036,544,09:04,123.3,139.4,134.7,128.4,129.2,114.7,115.4,128.4,135.0,129.6,139.9,129.5
ED-0036,545,09:05,124.5,138.2,135.8,129.0,130.6,113.9,116.0,128.2,133.7,130.6,139.4,129.8
ED-0036,546,09:06,123.8,139.3,135.7,129.7,130.2,115.9,116.7,128.5,134.9,130.1,138.9,130.9
ED-0036,547,09:07,123.7,140.0,136.6,129.9,131.1,117.6,118.0,129.1,134.6,130.0,139.7,130.4
ED-0036,548,09:08,124.5,140.2,136.8,130.0,131.4,118.1,117.6,129.6,135.2,130.1,140.4,131.3
ED-0036,549,09:09,124.8,140.1,136.3,130.8,130.7,119.9,118.2,129.8,135.5,131.3,140.3,131.9
ED-0036,550,09:10,123.7,140.5,136.1,131.3,132.1,119.2,119.4,131.1,135.0,131.6,140.3,131.4
ED-0036,551,09:11,124.8,139.8,136.9,131.5,132.8,121.2,119.9,131.1,135.9,130.4,141.3,131.7
ED-0036,552,09:12,125.6,140.8,137.5,131.4,133.4,121.3,120.9,131.2,136.4,132.3,141.3,131.6
ED-0036,553,09:13,126.0,141.0,138.2,131.1,132.4,122.3,120.4,131.8,136.8,131.5,141.3,134.1
ED-0036,554,09:14,126.0,141.3,137.3,132.4,133.0,123.3,120.3,132.5,136.4,131.3,141.5,133.3
ED-0036,555,09:15,126.0,141.5,137.5,131.7,134.6,122.4,122.2,131.8,136.6,132.5,142.3,132.8
ED-0036,556,09:16,126.0,142.3,138.4,131.9,134.5,124.1,121.5,133.1,137.6,131.8,142.8,134.2
ED-0036,557,09:17,126.3,141.6,138.9,131.6,134.9,123.8,122.4,133.2,136.9,132.7,143.3,134.2
ED-0036,558,09:18,128.1,142.3,138.8,132.6,135.4,124.4,122.6,133.2,137.4,131.8,143.2,133.7
ED-0036,559,09:19,127.1,142.7,138.7,131.7,135.5,123.7,122.3,134.0,138.2,132.6,142.4,133.2
ED-0036,560,09:20,127.5,142.5,138.9,133.0,136.4,125.2,122.7,134.5,138.1,132.7,143.8,134.7
ED-0036,561,09:21,128.0,142.9,139.3,132.5,135.3,125.4,123.9,133.7,138.3,133.7,144.4,135.2
ED-0036,562,09:22,127.2,143.2,139.0,132.2,137.1,125.9,123.3,135.0,138.4,133.0,143.7,134.6
ED-0036,563,09:23,128.3,142.8,140.1,132.7,138.1,126.6,124.7,134.8,138.5,133.0,143.7,134.9
ED-0036,564,09:24,128.2,142.2,139.6,134.0,137.9,126.4,124.7,135.1,139.7,134.4,143.7,134.6
ED-0036,565,09:25,128.3,143.3,140.0,133.3,138.1,126.4,125.1,136.5,138.4,133.4,143.8,134.9
ED-0036,566,09:26,128.8,143.4,140.4,133.7,138.6,127.3,124.4,135.9,138.7,134.3,144.8,136.2
ED-0036,567,09:27,128.7,143.5,139.5,133.4,138.4,127.7,125.6,135.4,139.7,134.0,144.5,136.3
ED-0036,568,09:28,129.4,144.8,140.7,133.7,138.8,127.3,125.1,136.5,140.1,134.2,144.9,135.1
ED-0036,569,09:29,130.4,144.2,141.6,134.4,139.0,128.7,125.3,134.9,139.7,134.5,144.8,136.3
ED-0036,570,09:30,130.3,145.1,141.3,134.1,139.5,127.3,125.8,137.4,139.8,135.3,145.6,136.6
ED-0036,571,09:31,129.8,145.0,140.5,134.7,138.8,128.4,126.2,136.7,140.5,135.1,145.6,137.4
ED-0036,572,09:32,130.7,144.6,141.1,134.2,140.0,127.8,126.2,138.3,140.4,134.9,145.7,137.3
ED-0036,573,09:33,129.8,144.3,141.7,134.7,139.8,129.9,127.0,137.7,140.6,134.9,145.8,136.9
ED-0036,574,09:34,129.9,144.6,142.1,135.9,139.7,128.7,126.9,139.1,140.3,135.6,146.1,138.3
ED-0036,575,09:35,130.7,145.3,142.6,135.5,140.4,128.7,126.6,138.7,141.2,135.1,146.0,137.7
ED-0036,576,09:36,130.6,145.7,141.1,135.3,140.3,129.6,128.4,138.0,141.3,135.1,146.5,138.4
ED-0036,577,09:37,132.0,145.4,142.3,136.2,141.7,129.4,127.9,138.6,140.9,136.0,146.8,138.0
ED-0036,578,09:38,131.4,146.7,142.1,135.3,141.1,130.9,127.7,139.4,141.3,136.0,147.2,137.6
ED-0036,579,09:39,132.2,146.0,142.0,135.9,141.6,130.2,128.2,139.8,141.5,135.6,146.4,139.2
ED-0036,580,09:40,130.7,145.5,143.2,136.5,142.4,130.3,128.7,139.5,141.7,136.9,146.4,138.6
ED-0036,581,09:41,132.6,147.0,142.4,136.3,142.0,131.4,128.1,139.6,142.4,136.7,147.5,139.8
ED-0036,582,09:42,131.8,147.0,143.9,136.3,141.2,132.0,129.0,139.1,142.0,136.4,147.0,139.0
ED-0036,583,09:43,131.8,146.3,143.0,136.5,141.8,132.5,129.8,139.3,143.0,136.3,147.1,138.5
ED-0036,584,09:44,132.4,147.9,143.6,136.4,142.0,131.3,129.7,139.9,142.7,136.6,148.5,139.4
ED-0036,585,09:45,132.1,146.9,143.5,137.7,143.0,131.2,129.2,139.9,141.9,137.3,148.4,140.5
ED-0036,586,09:46,132.2,146.9,142.6,137.1,142.5,132.3,129.8,140.8,142.7,137.8,148.2,140.8
ED-0036,587,09:47,133.8,147.9,144.3,136.2,143.4,132.1,130.0,141.5,143.5,137.5,148.9,140.5
ED-0036,588,09:48,132.6,147.3,144.4,137.6,143.6,132.5,130.0,141.7,143.3,137.4,149.1,140.5
ED-0036,589,09:49,133.4,148.5,144.0,137.4,143.5,132.9,131.3,141.3,143.7,137.7,148.4,141.1
ED-0036,590,09:50,133.4,148.3,143.9,137.6,143.5,133.7,130.4,141.5,143.6,138.1,149.4,140.3
ED-0036,591,09:51,134.1,148.1,144.7,137.3,143.2,134.0,131.5,141.8,144.5,137.3,149.0,141.0
ED-0036,592,09:52,133.7,149.9,145.4,137.7,144.2,133.7,129.7,142.4,143.4,137.8,149.7,141.5
ED-0036,593,09:53,134.3,148.4,145.4,138.3,144.0,133.5,131.5,141.8,144.1,137.5,149.9,141.3
ED-0036,594,09:54,133.1,149.2,144.8,138.5,144.3,133.9,132.0,141.6,143.2,138.1,150.2,141.9
ED-0036,595,09:55,133.8,148.8,144.8,139.3,145.0,133.5,131.9,142.3,143.3,138.8,149.5,140.9
ED-0036,596,09:56,132.9,148.9,145.6,139.0,145.3,134.1,132.3,142.1,143.7,139.3,150.0,141.9
ED-0036,597,09:57,135.1,148.1,145.8,139.3,144.5,134.8,132.3,142.8,144.4,138.4,150.2,142.7
ED-0036,598,09:58,134.3,149.7,145.8,139.5,145.0,135.1,132.1,143.4,144.8,138.9,149.9,143.0
ED-0036,599,09:59,134.9,149.6,145.2,139.1,144.7,134.7,132.1,142.5,144.8,138.2,150.2,142.7
ED-0036,600,10:00,134.9,150.5,146.1,139.0,147.0,134.8,132.4,143.4,144.6,138.9,150.8,142.8
ED-0036,601,10:01,135.6,151.4,146.2,138.5,145.3,136.4,132.0,143.6,145.3,139.6,151.3,143.5
ED-0036,602,10:02,134.8,150.5,147.0,139.8,145.4,134.6,132.6,143.5,145.0,139.7,150.9,143.7
ED-0036,603,10:03,135.3,151.0,145.4,140.1,146.2,136.7,132.2,143.8,145.6,139.0,150.8,143.0
ED-0036,604,10:04,136.0,149.7,145.8,140.2,146.1,136.4,134.3,144.7,145.4,139.1,150.9,144.1
ED-0036,605,10:05,136.4,151.4,146.3,139.3,147.1,135.4,133.3,145.0,145.8,140.1,151.7,143.2
ED-0036,606,10:06,135.9,150.8,146.1,141.0,147.0,136.2,132.6,144.7,146.2,139.9,150.4,143.7
ED-0036,607,10:07,136.5,150.7,147.2,140.3,147.0,136.0,133.7,144.1,145.1,140.2,151.0,143.2
ED-0036,608,10:08,135.5,150.8,147.0,142.0,147.7,136.6,133.7,145.2,145.8,140.8,151.6,144.6
ED-0036,609,10:09,136.8,150.5,147.5,140.2,148.2,136.9,134.9,145.4,146.6,139.3,151.6,144.1
ED-0036,610,10:10,137.9,151.0,146.9,140.0,147.5,137.1,134.8,145.0,146.3,140.7,151.7,144.7
ED-0036,611,10:11,136.9,151.1,147.3,140.2,146.5,136.7,134.5,145.3,145.9,141.5,152.9,145.1
ED-0036,612,10:12,136.6,152.2,147.4,140.8,148.6,137.2,135.4,145.6,145.5,140.9,152.5,145.2
ED-0036,613,10:13,135.8,151.9,147.3,141.4,148.9,137.6,134.9,145.1,147.0,141.5,151.6,144.2
ED-0036,614,10:14,137.1,150.9,148.1,141.7,147.7,138.1,135.8,145.2,146.3,140.7,152.5,145.5
ED-0036,615,10:15,137.7,151.9,148.7,141.5,149.0,136.7,135.4,147.3,146.7,142.0,152.8,144.9
ED-0036,616,10:16,136.8,152.3,148.3,141.2,149.7,137.7,135.9,146.8,148.2,141.3,152.9,145.5
ED-0036,617,10:17,137.9,153.4,148.6,141.6,149.9,137.9,135.8,146.0,146.6,142.0,153.9,145.4
ED-0036,618,10:18,138.4,151.8,148.6,141.2,148.5,138.6,135.6,145.5,146.4,141.1,153.8,145.2
ED-0036,619,10:19,138.1,152.8,148.5,141.6,149.8,138.1,136.1,146.2,147.4,141.8,153.2,146.7
ED-0036,620,10:20,138.5,153.0,148.7,141.9,150.2,139.1,136.1,147.1,147.5,142.9,153.4,146.0
ED-0036,621,10:21,137.8,152.7,149.1,142.9,149.7,138.6,136.8,148.1,147.6,141.4,154.1,146.8
ED-0036,622,10:22,137.1,152.7,148.3,142.0,150.3,139.5,135.8,147.8,148.3,142.0,153.5,146.4
ED-0036,623,10:23,138.7,153.5,149.1,142.3,150.4,138.4,136.0,147.6,148.4,143.1,153.0,146.2
ED-0036,624,10:24,139.0,152.8,149.0,142.4,149.4,139.4,136.3,146.9,147.9,142.3,154.9,146.2
ED-0036,625,10:25,137.4,153.3,149.1,142.1,150.1,139.3,136.7,147.6,148.6,142.5,154.4,146.1
ED-0036,626,10:26,138.0,153.2,149.6,142.4,151.6,140.2,136.7,147.9,147.7,142.4,154.8,146.2
ED-0036,627,10:27,138.7,152.7,149.9,143.4,151.2,139.4,136.6,147.9,148.5,143.2,155.9,147.4
ED-0036,628,10:28,139.3,152.8,149.4,143.1,151.2,139.0,137.1,148.3,148.9,142.9,154.7,147.4
ED-0036,629,10:29,139.4,154.2,149.7,143.1,151.4,140.9,137.3,148.0,148.4,143.2,155.7,146.5
ED-0036,630,10:30,140.0,153.8,149.9,142.8,151.4,139.6,137.4,147.9,148.6,143.8,154.7,148.3
ED-0036,631,10:31,139.0,154.0,150.7,143.2,152.2,140.1,136.1,148.6,149.3,142.7,155.7,148.5
ED-0036,632,10:32,139.2,153.7,150.8,143.0,150.6,140.7,137.5,149.0,148.6,142.7,156.0,148.0
ED-0036,633,10:33,139.3,155.4,151.0,143.4,151.1,141.1,137.1,149.3,149.8,143.6,155.6,148.3
ED-0036,634,10:34,139.6,154.6,150.4,142.9,151.7,141.4,138.6,149.4,150.1,144.0,156.8,148.2
ED-0036,635,10:35,139.4,154.7,149.7,143.2,151.9,141.3,138.1,150.2,150.2,143.3,155.8,149.1
ED-0036,636,10:36,140.4,154.4,151.1,143.9,152.4,141.1,138.8,149.0,149.7,144.5,155.7,148.0
ED-0036,637,10:37,140.1,155.6,151.3,143.2,152.9,140.9,138.3,148.6,149.2,143.6,155.4,148.4
ED-0036,638,10:38,140.5,154.8,150.3,143.9,153.3,141.2,138.8,149.4,150.3,143.7,156.4,147.4
ED-0036,639,10:39,140.4,154.3,151.4,144.9,152.5,141.1,138.5,150.3,151.7,143.3,155.9,148.4
ED-0036,640,10:40,140.7,156.0,151.9,144.9,153.0,141.6,138.9,149.9,151.0,144.5,156.9,149.3
ED-0036,641,10:41,140.6,155.2,151.7,144.1,153.6,142.4,139.8,150.8,151.1,143.8,156.4,148.4
ED-0036,642,10:42,140.5,156.1,150.8,145.0,153.7,141.9,138.6,150.4,150.0,145.1,157.4,149.6
ED-0036,643,10:43,141.0,156.3,152.3,144.9,153.7,141.1,138.0,151.2,150.6,145.2,157.4,149.5
ED-0036,644,10:44,141.6,156.4,152.0,144.7,153.0,142.4,139.4,150.1,150.0,145.4,157.1,149.3
ED-0036,645,10:45,141.2,156.1,151.5,145.7,153.7,143.0,140.2,151.5,152.1,144.0,156.9,148.9
ED-0036,646,10:46,141.1,156.5,152.4,144.3,154.5,142.1,140.0,150.8,149.9,144.4,156.9,149.6
ED-0036,647,10:47,141.2,155.9,152.3,145.6,154.2,142.7,139.8,150.6,150.8,144.4,158.2,150.4
ED-0036,648,10:48,142.2,156.6,152.1,145.2,153.6,143.4,139.0,151.6,151.9,145.5,157.3,150.2
ED-0036,649,10:49,141.8,155.9,152.8,145.7,154.6,143.4,139.7,151.0,151.9,144.8,159.0,150.1
ED-0036,650,10:50,141.3,156.7,152.6,145.6,154.4,143.8,140.1,150.9,152.0,146.1,158.5,150.9
ED-0036,651,10:51,141.6,157.0,152.5,146.0,155.5,143.6,140.5,151.4,151.8,145.8,158.1,149.8
ED-0036,652,10:52,142.2,156.6,152.5,145.6,153.9,142.8,139.5,150.9,152.2,145.7,159.1,150.8
ED-0036,653,10:53,142.1,157.0,152.9,146.2,154.2,143.8,140.5,152.1,151.4,145.7,158.2,150.9
ED-0036,654,10:54,142.4,157.3,152.9,146.0,154.2,143.8,140.7,152.3,151.5,145.9,158.4,150.6
ED-0036,655,10:55,142.7,157.5,152.2,146.2,154.7,145.0,141.0,152.3,151.7,146.4,159.6,151.3
ED-0036,656,10:56,142.9,157.9,153.2,146.3,154.2,144.1,141.0,152.4,153.0,146.1,157.9,150.8
ED-0036,657,10:57,143.5,158.6,153.5,146.8,156.2,143.8,140.6,152.6,151.7,145.9,159.4,150.8
ED-0036,658,10:58,142.1,157.5,153.6,145.9,155.6,143.7,141.3,152.8,152.9,145.9,159.0,151.4
ED-0036,659,10:59,143.0,158.2,153.5,146.5,155.4,143.8,141.0,152.0,152.4,145.2,158.9,152.6
ED-0036,660,11:00,142.3,157.6,154.2,147.8,155.5,144.4,142.4,152.4,152.5,146.6,159.9,152.1
ED-0036,661,11:01,143.5,158.0,154.1,146.5,156.3,144.3,141.8,152.8,152.0,146.8,159.3,151.4
ED-0036,662,11:02,144.1,158.6,153.5,146.1,156.2,144.7,142.4,152.9,152.8,146.6,158.5,152.4
ED-0036,663,11:03,143.7,159.1,153.7,147.5,156.1,144.0,141.4,152.8,152.6,146.9,159.4,151.8
ED-0036,664,11:04,143.0,158.1,155.1,146.9,156.5,145.4,141.6,154.0,153.1,146.3,159.8,151.3
ED-0036,665,11:05,143.9,159.1,154.9,148.0,156.4,145.1,141.8,153.0,154.0,147.0,159.3,151.8
ED-0036,666,11:06,143.8,158.7,154.1,147.5,157.0,145.2,142.7,153.9,152.1,146.8,160.2,151.9
ED-0036,667,11:07,143.6,159.9,154.2,146.6,156.6,144.8,142.1,152.8,153.7,148.2,160.3,152.4
ED-0036,668,11:08,143.2,159.2,155.1,147.6,155.8,145.6,142.8,154.4,153.0,147.3,160.5,152.7
ED-0036,669,11:09,144.3,159.3,154.6,147.1,156.8,145.8,142.9,154.8,154.2,147.6,160.5,153.0
ED-0036,670,11:10,145.6,158.9,154.1,148.2,157.3,146.5,143.0,154.4,154.0,148.3,160.1,152.3
ED-0036,671,11:11,144.2,159.4,154.7,148.0,157.7,145.6,143.4,154.3,154.2,148.9,160.2,152.5
ED-0036,672,11:12,144.4,159.5,155.1,148.3,156.5,146.3,143.0,153.6,153.8,148.0,160.0,153.4
ED-0036,673,11:13,144.0,159.4,155.3,147.8,157.8,146.8,143.4,153.8,154.9,148.3,161.5,153.3
ED-0036,674,11:14,144.6,159.3,155.2,148.0,156.8,146.9,143.8,154.7,154.5,148.6,160.4,153.7
ED-0036,675,11:15,145.2,159.6,155.6,148.5,157.2,145.7,143.9,155.2,154.7,148.2,160.1,153.4
ED-0036,676,11:16,144.1,159.8,155.8,149.3,157.9,146.4,143.7,154.5,154.9,148.4,161.3,152.9
ED-0036,677,11:17,145.2,160.3,156.3,149.3,157.5,146.7,143.3,155.0,154.4,147.9,160.1,153.8
ED-0036,678,11:18,144.9,160.3,155.4,149.1,157.7,147.1,143.7,155.0,155.2,148.2,161.7,154.5
ED-0036,679,11:19,145.7,160.8,155.7,147.8,157.9,146.7,143.9,154.3,154.0,148.7,161.7,153.5
ED-0036,680,11:20,145.2,160.8,156.1,149.7,158.0,146.9,144.2,155.0,154.4,148.6,162.8,153.5
ED-0036,681,11:21,144.7,160.7,155.7,148.2,158.9,147.1,144.5,155.6,156.2,148.7,161.2,153.6
ED-0036,682,11:22,145.3,161.1,156.1,147.7,158.2,147.9,143.7,156.1,154.7,149.6,161.7,154.0
ED-0036,683,11:23,145.9,160.2,156.2,149.3,158.6,148.8,143.9,156.1,155.6,147.9,162.7,154.2
ED-0036,684,11:24,145.3,161.0,156.1,149.7,159.0,147.4,144.2,155.9,154.6,149.3,162.0,154.7
ED-0036,685,11:25,146.9,161.0,157.5,148.7,158.8,148.2,144.8,155.9,155.6,148.9,162.0,155.1
ED-0036,686,11:26,145.9,161.0,156.1,149.7,158.5,148.2,145.0,156.3,156.4,149.3,161.6,154.2
ED-0036,687,11:27,146.0,161.3,157.3,149.0,158.5,148.8,144.7,156.3,156.1,149.6,162.9,155.3
ED-0036,688,11:28,145.7,161.4,156.5,150.0,159.0,147.9,144.6,155.8,156.4,149.0,162.0,155.0
ED-0036,689,11:29,146.3,161.6,156.2,149.5,159.3,149.0,145.2,156.1,156.3,148.6,162.1,154.6
ED-0036,690,11:30,147.0,161.9,156.3,149.9,159.6,147.5,145.6,156.5,156.7,149.4,163.3,154.9
ED-0036,691,11:31,146.5,161.5,157.5,149.2,160.3,148.3,145.2,157.0,155.9,149.7,163.3,155.8
ED-0036,692,11:32,146.8,161.3,157.4,150.4,159.5,148.2,145.7,156.6,156.3,149.1,163.3,155.5
ED-0036,693,11:33,146.6,161.6,157.0,150.4,160.6,149.2,146.0,156.4,156.4,149.8,162.9,155.4
ED-0036,694,11:34,146.3,162.1,156.6,150.9,160.4,148.6,145.2,156.0,157.0,149.8,163.3,155.4
ED-0036,695,11:35,146.5,161.9,157.6,150.2,159.9,148.8,145.8,156.7,156.9,150.1,163.0,155.6
ED-0036,696,11:36,147.5,162.4,157.4,150.8,160.8,148.6,146.7,157.5,157.2,151.4,163.2,156.3
ED-0036,697,11:37,147.0,163.4,158.1,150.6,160.4,149.1,146.7,157.1,156.7,150.3,163.0,156.7
ED-0036,698,11:38,147.2,161.6,158.5,151.2,161.2,149.2,146.0,157.4,158.4,150.6,163.6,156.3
ED-0036,699,11:39,147.8,162.2,158.3,150.7,161.0,149.3,145.8,156.8,157.7,150.5,163.6,156.1
ED-0036,700,11:40,147.1,162.6,157.7,150.8,161.1,148.4,147.1,157.1,156.9,150.5,163.7,157.0
ED-0036,701,11:41,147.5,162.9,157.3,152.5,162.7,150.2,147.4,157.9,156.8,151.5,164.4,156.1
ED-0036,702,11:42,147.9,162.8,158.3,151.3,160.4,149.3,146.6,158.0,157.7,151.1,164.1,156.2
ED-0036,703,11:43,147.6,164.1,158.6,152.1,161.1,150.0,146.3,158.7,157.3,151.4,164.0,156.5
ED-0036,704,11:44,147.8,162.9,159.4,152.0,161.0,149.9,146.1,159.0,157.6,151.1,163.8,158.0
ED-0036,705,11:45,148.4,163.2,158.7,151.1,160.9,149.8,147.0,158.2,158.2,151.6,165.0,156.7
ED-0036,706,11:46,148.6,162.6,159.5,150.8,160.7,150.8,147.0,158.5,157.8,150.9,164.6,157.1
ED-0036,707,11:47,147.2,163.4,158.6,152.0,162.2,149.9,147.1,158.0,159.0,151.3,163.6,157.7
ED-0036,708,11:48,148.6,163.7,158.5,151.8,161.6,149.5,147.1,158.3,159.0,151.6,165.6,157.3
ED-0036,709,11:49,148.4,163.0,158.6,152.2,161.6,151.0,147.0,159.3,158.0,151.6,164.9,156.6
ED-0036,710,11:50,149.4,163.2,159.8,152.5,162.4,150.4,147.3,158.4,158.5,150.7,165.1,157.2
ED-0036,711,11:51,148.6,163.6,159.8,152.9,162.1,150.2,148.0,158.4,157.7,152.0,165.6,157.8
ED-0036,712,11:52,149.7,163.7,159.8,152.2,162.9,150.1,148.1,158.8,158.7,152.4,166.6,157.1
ED-0036,713,11:53,147.9,164.0,158.7,151.3,162.3,150.7,147.7,158.6,158.4,152.4,165.3,157.5
ED-0036,714,11:54,148.9,164.6,159.8,151.9,161.9,151.5,148.4,159.3,158.4,151.8,165.3,158.7
ED-0036,715,11:55,148.7,163.8,160.3,152.2,162.6,151.5,149.3,159.0,158.8,151.8,164.6,159.3
ED-0036,716,11:56,149.5,163.9,159.5,152.7,162.5,151.3,148.4,159.4,159.0,151.7,164.9,157.3
ED-0036,717,11:57,149.8,163.8,159.9,152.5,162.4,150.9,147.9,159.1,158.7,152.6,165.5,158.4
ED-0036,718,11:58,150.1,164.8,160.1,153.6,162.6,151.3,147.8,160.3,159.8,152.8,165.5,158.3
ED-0036,719,11:59,149.3,164.3,160.2,153.0,162.7,151.0,148.1,159.5,158.6,151.9,165.7,157.4
ED-0036,720,12:00,148.5,165.2,160.4,152.7,163.2,151.4,148.3,160.4,158.7,152.5,165.9,157.8
ED-0036,721,12:01,149.5,165.4,161.4,152.9,162.8,152.1,148.6,160.5,159.5,152.4,166.1,158.5
ED-0036,722,12:02,149.7,165.0,160.2,152.7,163.4,151.5,148.3,159.3,159.3,153.2,166.2,158.7
ED-0036,723,12:03,149.8,165.8,160.1,152.9,163.9,152.6,149.3,160.8,159.9,153.1,166.2,159.4
ED-0036,724,12:04,149.5,165.2,160.1,153.9,163.2,152.3,148.9,161.3,160.0,152.6,166.1,159.2
ED-0036,725,12:05,150.2,165.1,160.9,153.9,164.0,152.3,149.5,160.7,160.1,153.5,167.5,159.4
ED-0036,726,12:06,149.5,165.5,160.5,152.9,163.1,152.0,149.3,161.3,159.4,152.3,166.3,159.0
ED-0036,727,12:07,150.4,165.7,161.0,153.5,163.4,151.8,149.0,160.2,160.6,152.8,166.2,158.8
ED-0036,728,12:08,150.3,165.8,160.8,153.5,165.3,152.3,150.0,161.5,160.4,153.3,166.3,158.6
ED-0036,729,12:09,151.2,165.2,161.1,153.1,164.6,152.6,149.4,160.3,160.1,153.5,167.0,159.6
ED-0036,730,12:10,150.6,166.0,160.6,154.2,164.1,153.4,148.9,161.9,159.6,153.6,166.0,160.0
ED-0036,731,12:11,150.9,166.1,162.0,155.2,164.8,153.4,150.8,161.1,160.1,152.6,167.7,159.5
ED-0036,732,12:12,150.5,166.2,161.2,153.3,164.6,152.5,149.1,162.0,161.0,154.2,167.4,159.4
ED-0036,733,12:13,150.3,165.8,161.3,154.1,164.6,152.4,149.9,161.4,160.0,153.7,167.3,160.2
ED-0036,734,12:14,152.1,166.1,161.4,153.8,164.9,154.1,150.0,162.0,160.1,153.7,167.4,160.2
ED-0036,735,12:15,151.6,166.0,162.2,154.4,164.6,152.4,149.5,161.9,160.2,153.6,167.7,160.1
ED-0036,736,12:16,150.9,166.1,161.6,154.0,165.0,152.2,150.3,161.4,160.9,153.9,167.6,160.5
ED-0036,737,12:17,151.6,167.0,160.9,154.2,165.5,153.7,150.1,162.1,160.9,154.3,167.1,160.9
ED-0036,738,12:18,151.3,167.3,161.1,155.2,164.8,153.8,150.4,162.1,161.1,155.0,168.3,160.1
ED-0036,739,12:19,151.9,166.5,163.0,155.5,165.0,153.1,150.0,162.0,162.4,154.8,167.7,160.9
ED-0036,740,12:20,151.8,167.0,162.4,155.5,165.1,153.7,150.5,162.2,160.9,154.1,167.5,160.7
ED-0036,741,12:21,152.1,167.4,162.0,155.3,165.9,153.6,150.1,163.8,161.3,154.6,167.9,160.2
ED-0036,742,12:22,152.8,166.8,162.5,155.2,166.3,154.1,150.8,162.6,161.4,154.3,168.7,161.5
ED-0036,743,12:23,151.8,167.1,161.6,154.4,166.4,152.9,151.2,163.4,161.3,155.4,168.5,161.6
ED-0036,744,12:24,151.7,167.0,161.9,155.3,165.6,153.4,151.4,162.4,161.6,154.8,168.3,160.7
ED-0036,745,12:25,151.2,167.9,162.4,155.7,166.2,153.6,152.2,162.8,162.7,155.4,167.2,160.6
ED-0036,746,12:26,152.1,167.4,163.0,154.8,166.2,155.1,150.9,163.1,161.9,155.6,168.9,160.9
ED-0036,747,12:27,153.1,167.6,162.4,155.5,166.0,154.3,151.0,163.2,161.9,155.1,169.0,162.0
ED-0036,748,12:28,152.0,167.6,162.3,154.9,164.9,154.2,151.4,162.8,161.8,155.2,169.9,161.1
ED-0036,749,12:29,152.0,167.3,162.9,155.5,166.0,153.9,152.4,162.4,161.4,155.2,168.9,161.3
ED-0036,750,12:30,152.4,167.8,162.8,155.4,166.7,154.8,151.4,162.7,162.6,155.3,169.2,160.9
ED-0036,751,12:31,152.7,168.2,163.6,156.0,166.2,155.0,152.1,162.5,162.3,154.7,169.4,161.6
ED-0036,752,12:32,151.3,167.8,163.5,156.6,167.6,155.1,151.3,163.6,162.4,155.1,169.6,162.2
ED-0036,753,12:33,152.5,167.7,163.7,156.2,166.2,154.5,151.8,163.1,163.8,155.7,169.6,161.6
ED-0036,754,12:34,153.8,168.0,162.6,156.8,168.1,155.4,152.2,163.8,162.8,155.7,169.0,161.2
ED-0036,755,12:35,153.2,167.6,163.5,155.5,168.2,155.4,151.8,163.5,162.2,155.6,168.4,162.3
ED-0036,756,12:36,152.9,169.0,164.1,156.2,168.3,154.8,151.7,163.6,163.0,156.1,170.5,161.6
ED-0036,757,12:37,153.0,168.3,163.7,156.2,166.5,156.0,152.0,162.9,162.9,155.5,169.9,161.6
ED-0036,758,12:38,152.9,168.7,164.1,156.6,167.6,155.4,152.6,164.4,163.6,156.7,170.0,162.5
ED-0036,759,12:39,153.4,167.7,164.2,156.6,168.2,155.5,152.1,164.2,162.8,155.4,169.8,162.3
ED-0036,760,12:40,153.6,168.8,163.5,156.0,167.0,155.7,151.9,164.4,163.3,156.4,170.7,164.4
ED-0036,761,12:41,153.2,168.5,162.9,156.4,166.3,155.9,152.2,164.7,163.5,156.5,170.4,163.7
ED-0036,762,12:42,153.6,168.8,164.3,156.6,168.3,156.5,152.1,164.7,163.6,156.3,170.1,163.0
ED-0036,763,12:43,153.5,169.7,164.0,156.9,168.4,155.5,152.8,165.0,163.3,155.9,169.7,162.9
ED-0036,764,12:44,153.6,169.1,165.1,157.2,167.4,155.2,152.2,164.7,163.7,156.4,170.4,163.1
ED-0036,765,12:45,154.0,168.5,164.3,156.3,167.8,155.4,154.0,164.9,162.2,155.9,171.1,162.5
ED-0036,766,12:46,154.3,169.4,164.9,157.8,168.5,157.1,152.7,164.9,163.6,156.9,171.1,162.3
ED-0036,767,12:47,154.8,169.7,164.9,157.4,168.5,156.5,152.3,165.3,163.0,156.8,170.5,162.6
ED-0036,768,12:48,154.6,170.0,164.5,157.4,168.0,156.5,154.4,165.2,163.0,156.6,170.6,163.0
ED-0036,769,12:49,153.6,169.5,164.1,157.9,168.3,156.9,153.2,165.0,163.4,156.4,171.0,163.5
ED-0036,770,12:50,154.0,169.9,164.4,157.3,168.6,155.7,153.1,165.1,164.5,157.4,170.3,164.1
ED-0036,771,12:51,154.3,169.6,165.4,157.4,168.7,156.7,152.4,165.6,164.6,157.7,171.2,163.7
ED-0036,772,12:52,154.7,169.5,166.4,157.5,169.0,156.9,153.7,166.2,163.8,156.2,171.8,163.3
ED-0036,773,12:53,153.9,168.9,164.3,157.5,168.3,156.3,153.7,164.6,164.0,157.2,171.4,163.2
ED-0036,774,12:54,155.3,169.4,165.9,157.1,168.6,156.7,153.0,165.1,164.0,157.2,171.7,163.7
ED-0036,775,12:55,154.2,170.1,165.3,157.2,168.4,156.8,154.8,165.1,164.8,157.1,172.2,164.0
ED-0036,776,12:56,154.7,170.5,165.8,157.9,169.8,156.9,153.9,165.7,164.7,156.7,171.0,163.7
ED-0036,777,12:57,154.2,171.5,165.3,157.5,169.4,157.5,154.2,164.9,165.1,157.2,172.3,164.5
ED-0036,778,12:58,155.4,170.6,165.0,158.3,168.6,156.6,153.9,165.1,164.9,157.9,172.3,164.4
ED-0036,779,12:59,154.9,170.0,165.6,157.8,168.1,157.5,154.4,165.6,164.4,157.2,172.0,164.1
ED-0036,780,13:00,154.6,170.1,166.3,158.3,169.3,156.8,154.6,165.8,165.8,158.3,171.6,164.2
ED-0036,781,13:01,155.9,170.5,165.5,158.6,168.9,158.1,154.6,166.8,165.1,157.6,172.6,164.6
ED-0036,782,13:02,155.1,170.4,166.9,158.7,169.4,157.4,154.7,167.1,164.9,158.8,171.9,164.9
ED-0036,783,13:03,155.6,170.2,166.0,158.2,169.1,158.0,154.7,166.9,165.3,158.3,172.5,165.1
ED-0036,784,13:04,155.9,170.5,166.4,158.2,170.6,158.3,155.6,166.3,165.0,159.3,172.8,165.3
ED-0036,785,13:05,156.0,170.9,166.0,158.8,170.9,157.6,155.1,166.1,165.7,158.5,171.7,163.8
ED-0036,786,13:06,155.3,171.5,166.7,158.7,170.2,158.4,155.2,167.0,164.5,158.5,172.7,165.0
ED-0036,787,13:07,156.2,170.6,166.3,158.5,169.7,158.5,154.6,167.1,165.6,157.8,172.4,165.6
ED-0036,788,13:08,155.8,171.3,166.3,158.5,169.4,157.6,155.8,166.9,166.0,158.9,173.1,165.2
ED-0036,789,13:09,156.8,171.3,166.4,159.3,170.2,157.9,155.4,167.5,165.8,158.2,173.0,165.4
ED-0036,790,13:10,156.5,170.7,167.1,159.3,170.3,158.7,155.6,168.7,165.0,159.2,172.9,164.5
ED-0036,791,13:11,155.5,172.2,166.3,158.6,169.8,158.1,155.2,168.1,166.3,158.5,172.6,165.1
ED-0036,792,13:12,156.6,172.3,167.5,159.0,170.2,158.9,155.1,167.4,165.9,158.3,173.1,166.5
ED-0036,793,13:13,156.2,171.6,167.1,159.3,170.5,158.6,155.4,166.7,165.9,158.5,173.1,165.7
ED-0036,794,13:14,156.3,172.6,167.1,158.8,171.0,158.8,156.1,167.3,166.6,159.2,172.9,166.1
ED-0036,795,13:15,157.3,171.6,167.2,160.6,171.0,159.8,156.0,166.8,165.8,158.7,174.4,165.5
ED-0036,796,13:16,156.9,172.2,166.4,160.1,170.8,158.5,156.3,167.0,166.7,159.5,173.3,165.1
ED-0036,797,13:17,156.4,171.5,168.6,159.7,170.8,159.7,155.6,167.3,166.6,159.2,172.8,165.1
ED-0036,798,13:18,157.0,172.0,167.3,159.3,170.2,159.2,156.9,168.3,166.2,160.7,173.5,165.3
ED-0036,799,13:19,156.1,172.8,166.6,159.6,171.3,158.5,155.9,167.9,166.5,159.4,174.4,165.6
ED-0036,800,13:20,156.7,172.9,166.8,159.8,170.7,159.1,156.4,168.3,167.3,158.4,174.1,166.3
ED-0036,801,13:21,157.9,172.5,166.9,159.6,171.8,159.7,156.8,167.0,167.7,159.5,174.0,166.5
ED-0036,802,13:22,156.8,172.1,167.2,159.3,172.1,159.5,156.7,168.8,167.5,160.0,174.3,166.1
ED-0036,803,13:23,156.3,171.6,167.1,160.0,172.4,160.0,156.6,168.0,167.4,158.6,173.5,166.4
ED-0036,804,13:24,156.9,173.1,168.4,160.7,171.4,159.7,155.4,168.5,166.3,159.8,174.1,166.9
ED-0036,805,13:25,157.4,172.5,168.2,160.7,171.2,160.9,155.8,168.7,168.3,160.3,174.2,165.8
ED-0036,806,13:26,157.4,173.2,167.8,160.7,172.2,159.8,156.4,168.8,167.4,159.3,175.3,166.8
ED-0036,807,13:27,156.8,173.9,169.4,160.2,171.7,159.7,156.4,169.0,167.5,160.8,174.5,166.6
ED-0036,808,13:28,158.2,171.7,168.8,161.1,171.8,160.0,156.3,169.0,168.2,159.6,174.8,167.5
ED-0036,809,13:29,157.7,173.1,168.0,161.0,173.2,159.8,156.5,168.1,168.1,160.3,174.1,167.2
ED-0036,810,13:30,157.4,173.2,168.8,160.5,172.0,160.1,156.9,169.6,167.8,160.1,174.7,166.9
ED-0036,811,13:31,158.3,173.4,168.6,161.0,172.0,160.9,157.0,168.2,167.8,160.2,175.4,166.8
ED-0036,812,13:32,158.7,174.5,168.7,160.4,172.5,159.8,157.0,168.4,168.4,160.0,174.7,167.2
ED-0036,813,13:33,157.3,173.3,169.0,160.5,174.0,159.8,157.3,168.9,166.8,160.6,175.3,166.1
ED-0036,814,13:34,158.1,174.2,168.0,161.1,172.2,160.9,157.5,169.4,166.9,161.0,174.7,167.7
ED-0036,815,13:35,157.2,174.2,168.7,160.8,172.7,159.9,157.0,169.1,168.6,160.3,174.9,167.1
ED-0036,816,13:36,158.6,174.2,168.9,161.4,172.6,160.6,157.1,169.6,168.4,160.6,174.9,167.7
ED-0036,817,13:37,158.0,174.0,168.4,161.4,172.8,161.2,157.7,169.2,167.8,161.0,174.2,167.0
ED-0036,818,13:38,157.7,173.8,168.5,161.3,173.0,161.5,156.9,169.7,168.2,160.6,174.9,168.0
ED-0036,819,13:39,157.8,172.9,169.7,161.4,173.1,161.4,157.4,170.5,168.7,160.9,176.3,167.3
ED-0036,820,13:40,158.2,173.8,169.1,160.8,173.4,161.1,157.7,170.4,169.5,161.1,175.7,168.6
ED-0036,821,13:41,158.6,174.0,169.3,162.7,173.5,161.3,156.9,169.8,169.3,161.8,175.2,169.2
ED-0036,822,13:42,158.5,174.1,168.6,161.2,173.8,161.3,157.8,170.8,168.6,161.3,175.3,167.8
ED-0036,823,13:43,158.9,173.6,169.8,161.3,174.7,161.5,158.3,169.6,168.7,160.8,174.7,167.2
ED-0036,824,13:44,157.9,174.8,170.3,162.7,174.1,161.5,158.3,169.5,169.1,161.1,175.8,168.0
ED-0036,825,13:45,158.3,174.6,170.0,161.4,174.5,161.4,158.2,169.6,168.6,162.0,176.6,167.7
ED-0036,826,13:46,159.3,174.3,169.0,162.8,174.5,161.5,157.8,170.4,169.1,160.4,176.1,168.8
ED-0036,827,13:47,159.0,175.4,169.9,162.1,173.8,160.5,157.9,170.9,169.2,161.9,176.6,168.3
ED-0036,828,13:48,158.9,175.4,169.5,161.5,173.6,160.3,159.2,170.6,169.8,162.5,176.1,168.3
ED-0036,829,13:49,159.7,173.6,169.7,161.4,174.0,162.0,158.2,170.3,168.8,162.7,176.0,168.6
ED-0036,830,13:50,158.3,175.2,169.1,163.8,174.9,162.2,159.0,170.0,168.9,161.0,176.3,168.4
ED-0036,831,13:51,159.1,175.9,170.1,162.3,174.5,162.1,158.7,170.3,169.6,161.9,176.1,169.3
ED-0036,832,13:52,159.0,175.0,171.1,161.9,174.7,163.4,158.2,171.2,170.2,161.8,176.6,168.9
ED-0036,833,13:53,159.9,175.0,170.3,163.1,174.6,162.8,158.4,171.0,170.3,162.3,177.5,169.5
ED-0036,834,13:54,160.1,175.4,170.6,162.9,174.6,162.1,159.6,170.8,168.5,161.3,176.8,169.1
ED-0036,835,13:55,159.9,174.7,170.3,162.1,174.1,161.5,159.1,170.2,169.3,162.3,177.0,170.1
ED-0036,836,13:56,160.1,175.6,170.0,162.4,174.0,162.2,158.3,171.1,169.6,162.0,176.8,168.7
ED-0036,837,13:57,160.1,175.3,170.3,163.3,174.9,162.1,158.9,171.6,169.7,162.5,177.2,169.4
ED-0036,838,13:58,159.6,175.9,169.6,162.7,174.9,162.9,159.8,171.6,169.9,162.6,176.8,170.2
ED-0036,839,13:59,160.1,175.7,170.1,163.8,175.6,162.4,159.7,170.9,169.7,162.6,177.8,169.1
ED-0036,840,14:00,160.7,175.0,170.4,163.3,175.3,163.7,158.9,171.5,169.7,162.1,177.4,169.8
ED-0036,841,14:01,160.4,175.1,171.1,162.3,175.2,163.5,160.1,170.5,170.8,163.0,177.5,170.1
ED-0036,842,14:02,160.2,176.0,172.0,163.3,175.2,163.0,160.0,171.1,170.8,163.0,176.4,170.0
ED-0036,843,14:03,160.1,176.2,171.1,164.4,175.5,162.5,158.5,171.7,170.2,163.4,176.7,170.1
ED-0036,844,14:04,160.3,175.6,170.9,163.7,176.1,162.7,160.1,171.8,170.0,163.4,177.5,170.2
ED-0036,845,14:05,160.5,175.6,170.9,164.3,175.8,162.8,160.0,171.5,169.9,163.1,177.6,169.7
ED-0036,846,14:06,159.9,177.2,171.1,163.8,174.8,163.5,159.1,172.0,170.8,163.2,178.0,170.0
ED-0036,847,14:07,160.6,176.4,171.1,163.6,176.1,163.4,160.0,172.9,170.5,163.7,177.2,169.4
ED-0036,848,14:08,160.4,177.3,172.4,163.4,175.7,163.6,159.9,172.2,171.4,163.6,178.3,170.3
ED-0036,849,14:09,160.3,176.1,171.7,163.6,176.0,163.6,160.1,172.1,170.1,162.8,177.3,170.9
ED-0036,850,14:10,161.0,176.6,171.3,163.5,175.4,164.3,160.3,171.3,170.8,163.2,178.1,170.5
ED-0036,851,14:11,161.2,176.5,171.7,164.3,176.9,164.6,160.3,172.2,169.8,164.4,179.0,170.9
ED-0036,852,14:12,161.4,175.6,172.2,163.5,175.8,163.6,160.3,173.0,171.1,163.8,177.8,170.5
ED-0036,853,14:13,160.8,176.5,172.1,163.8,176.9,163.6,159.3,173.0,171.3,163.6,177.1,170.1
ED-0036,854,14:14,160.4,177.2,171.8,164.9,176.9,163.9,161.5,172.5,171.2,164.0,178.9,171.5
ED-0036,855,14:15,161.4,176.3,171.0,164.0,176.5,164.2,160.4,172.4,171.2,163.6,178.2,170.4
ED-0036,856,14:16,161.2,177.8,172.3,164.2,176.5,163.5,161.6,173.2,171.8,163.3,178.5,171.3
ED-0036,857,14:17,160.8,176.9,172.2,164.0,177.5,165.1,160.5,172.9,171.6,163.5,177.7,171.4
ED-0036,858,14:18,161.4,177.1,171.2,164.7,175.3,164.1,161.2,173.1,171.3,163.9,178.8,170.5
ED-0036,859,14:19,161.4,177.2,172.2,165.5,176.9,163.2,160.9,172.8,171.3,164.7,179.2,171.8
ED-0036,860,14:20,161.9,177.4,172.5,164.2,177.6,163.9,160.6,173.3,171.5,164.0,179.2,170.2
ED-0036,861,14:21,161.3,177.3,171.8,165.3,177.2,163.8,160.1,172.4,171.5,164.1,178.7,170.6
ED-0036,862,14:22,162.5,178.4,173.0,165.1,176.0,165.0,161.7,173.7,171.9,164.5,178.4,171.3
ED-0036,863,14:23,161.5,177.9,173.0,164.6,177.8,165.4,160.1,174.4,171.9,164.0,179.0,172.2
ED-0036,864,14:24,162.3,178.0,172.8,164.9,176.8,164.4,160.7,174.0,172.3,163.3,179.4,172.2
ED-0036,865,14:25,162.6,178.5,172.2,165.2,177.5,164.4,161.6,173.6,172.3,164.7,179.1,171.4
ED-0036,866,14:26,162.0,178.4,173.6,165.1,178.1,165.6,159.6,173.4,171.8,165.1,178.8,172.1
ED-0036,867,14:27,163.2,178.7,173.1,164.7,176.2,165.4,161.3,173.6,173.2,164.7,179.3,172.4
ED-0036,868,14:28,162.0,177.1,172.8,165.6,177.7,165.2,161.4,173.3,172.6,163.6,179.8,172.1
ED-0036,869,14:29,163.3,178.4,172.4,164.9,178.2,165.4,160.4,173.8,173.8,163.6,179.4,172.2
ED-0036,870,14:30,162.5,178.9,172.5,165.6,177.6,164.4,162.0,173.7,172.2,165.2,180.2,172.7
ED-0036,871,14:31,162.4,178.0,173.3,165.1,178.3,166.3,161.1,173.9,172.4,164.6,180.8,172.6
ED-0036,872,14:32,162.0,177.5,174.8,165.7,178.5,165.5,162.2,173.9,172.3,165.1,179.1,171.4
ED-0036,873,14:33,163.5,178.5,173.4,165.9,177.8,165.0,162.2,175.0,173.0,164.6,180.3,172.2
ED-0036,874,14:34,162.0,178.6,173.3,164.2,178.1,165.4,162.2,174.3,172.4,164.3,180.0,172.5
ED-0036,875,14:35,163.3,178.6,172.8,166.1,178.2,166.0,162.5,173.9,173.7,165.3,180.9,172.2
ED-0036,876,14:36,163.7,179.2,173.6,166.4,178.1,166.1,162.3,174.7,173.8,164.7,179.5,172.4
ED-0036,877,14:37,162.6,179.2,173.3,165.8,178.2,165.7,162.1,175.0,173.9,165.6,179.9,172.6
ED-0036,878,14:38,163.0,178.4,174.4,166.3,177.7,165.7,162.0,175.4,172.6,164.4,179.9,172.4
ED-0036,879,14:39,162.2,178.8,174.1,166.5,178.3,166.6,162.1,175.1,173.0,166.6,181.0,173.2
ED-0036,880,14:40,163.4,179.6,173.5,165.6,178.1,165.7,163.0,175.1,173.6,166.2,180.1,173.6
ED-0036,881,14:41,162.7,179.3,173.9,165.4,179.1,166.5,162.5,174.3,173.5,165.6,179.8,173.4
ED-0036,882,14:42,163.2,178.7,173.3,166.7,179.2,166.1,162.6,175.0,173.1,164.7,180.1,173.0
ED-0036,883,14:43,163.0,178.2,174.2,166.8,178.2,165.5,162.2,174.3,172.6,165.8,180.2,173.0
ED-0036,884,14:44,163.2,179.9,174.4,166.6,179.1,166.8,162.2,174.7,173.7,165.5,181.1,173.0
ED-0036,885,14:45,164.3,179.5,173.6,167.0,178.0,167.2,163.3,175.0,173.3,164.5,180.5,172.9
ED-0036,886,14:46,162.9,179.3,174.5,166.7,178.8,166.2,162.2,175.1,173.5,166.2,179.9,173.4
ED-0036,887,14:47,162.9,180.3,173.2,166.4,178.8,166.9,162.8,175.0,173.2,166.0,181.3,172.9
ED-0036,888,14:48,163.7,179.3,174.2,167.3,178.9,166.5,162.6,175.2,172.9,166.2,181.3,173.5
ED-0036,889,14:49,163.6,180.1,174.4,166.7,178.1,167.2,162.7,175.5,173.6,166.4,181.4,173.1
ED-0036,890,14:50,163.0,179.8,174.6,166.9,178.9,166.7,163.4,175.2,174.7,166.6,180.5,172.9
ED-0036,891,14:51,163.9,178.9,174.4,166.4,179.8,166.5,162.8,176.4,174.0,165.8,181.3,173.6
ED-0036,892,14:52,163.9,179.5,175.8,166.6,179.1,166.5,164.0,175.0,173.5,166.4,180.9,174.0
ED-0036,893,14:53,164.0,180.0,175.1,167.8,179.1,167.0,163.3,176.7,174.4,166.1,181.8,172.7
ED-0036,894,14:54,164.2,179.6,174.8,167.2,179.6,167.0,164.1,176.8,173.9,166.8,182.2,174.3
ED-0036,895,14:55,163.2,180.0,174.0,166.8,179.3,167.3,163.7,175.1,174.0,167.3,180.7,174.8
ED-0036,896,14:56,164.3,180.1,175.0,167.2,179.6,167.7,164.1,176.1,174.3,167.5,182.3,174.6
ED-0036,897,14:57,164.2,180.6,175.2,168.0,179.6,167.4,163.0,175.9,174.2,167.1,181.5,174.5
ED-0036,898,14:58,164.2,180.2,175.3,167.0,180.6,167.8,164.1,175.5,175.3,167.9,182.7,174.8
ED-0036,899,14:59,164.7,179.8,175.2,168.1,179.6,167.7,163.7,176.0,174.5,167.0,182.1,173.7
ED-0036,900,15:00,163.6,180.9,174.5,167.3,180.4,168.2,163.9,175.9,174.5,166.6,183.4,174.7
ED-0036,901,15:01,164.5,179.6,175.2,166.8,180.0,167.3,165.0,176.4,173.7,167.3,182.5,174.1
ED-0036,902,15:02,164.4,180.9,175.7,166.8,180.2,167.1,164.6,176.1,175.0,167.4,181.6,174.7
ED-0036,903,15:03,164.6,181.2,176.0,167.3,180.6,167.6,163.6,176.2,176.3,167.2,182.5,175.1
ED-0036,904,15:04,165.1,181.5,175.0,168.4,180.3,167.9,163.6,176.5,174.6,166.4,182.7,175.0
ED-0036,905,15:05,164.7,180.9,175.9,167.7,180.3,168.6,163.3,177.0,174.8,167.9,183.0,174.1
ED-0036,906,15:06,164.6,180.7,175.8,168.6,179.6,168.6,164.0,177.3,175.5,167.0,182.4,175.6
ED-0036,907,15:07,164.5,181.0,176.2,168.1,179.6,168.4,165.2,176.7,175.3,167.7,182.7,174.8
ED-0036,908,15:08,165.3,180.4,176.6,168.3,180.8,168.9,165.2,177.5,175.4,167.6,182.2,174.5
ED-0036,909,15:09,164.6,181.0,176.3,167.5,181.3,167.4,164.4,177.3,175.6,167.1,182.9,175.2
ED-0036,910,15:10,165.8,181.2,176.0,167.4,179.7,168.0,165.2,177.4,175.0,166.5,182.7,175.4
ED-0036,911,15:11,164.8,181.0,176.0,168.6,180.6,168.0,164.5,176.7,175.4,167.9,183.5,175.1
ED-0036,912,15:12,165.6,181.8,176.0,168.2,181.1,169.3,164.6,177.3,175.6,167.6,183.0,174.4
ED-0036,913,15:13,165.7,180.4,175.8,168.8,181.3,168.8,165.1,176.5,175.2,167.8,183.0,175.1
ED-0036,914,15:14,166.0,181.9,176.6,167.7,181.4,168.4,164.8,178.4,176.0,168.0,183.0,175.9
ED-0036,915,15:15,165.5,181.3,176.4,167.9,182.2,168.7,164.4,177.2,175.5,168.1,183.1,176.2
ED-0036,916,15:16,165.8,181.6,177.0,168.7,181.0,168.7,165.1,178.0,176.1,167.4,183.8,175.0
ED-0036,917,15:17,165.9,181.6,177.0,167.8,180.8,169.3,165.4,178.6,175.8,168.5,183.5,175.5
ED-0036,918,15:18,166.4,182.0,177.1,168.4,181.3,168.6,165.4,176.9,176.8,168.2,183.2,175.3
ED-0036,919,15:19,165.8,181.6,176.0,168.7,181.7,170.1,165.7,177.4,175.9,168.3,183.4,175.8
ED-0036,920,15:20,165.7,182.5,177.8,169.4,181.8,169.1,165.7,178.7,176.2,168.2,183.0,176.0
ED-0036,921,15:21,166.6,181.7,176.8,169.6,181.7,168.4,165.6,177.7,175.7,168.5,183.6,175.6
ED-0036,922,15:22,166.5,183.1,176.9,169.1,181.9,169.0,165.7,178.2,176.8,168.3,183.6,176.2
ED-0036,923,15:23,166.5,182.7,176.8,169.5,182.2,169.8,164.4,178.5,175.8,169.9,184.5,176.1
ED-0036,924,15:24,166.3,182.4,177.7,169.2,182.3,169.4,165.3,178.8,176.3,167.9,184.0,175.8
ED-0036,925,15:25,165.8,183.0,177.4,169.7,182.0,169.6,165.5,178.2,177.1,169.1,184.4,177.4
ED-0036,926,15:26,166.1,182.3,177.3,169.0,183.1,169.6,165.9,178.4,176.6,169.7,184.4,176.4
ED-0036,927,15:27,166.2,183.6,176.0,169.6,182.4,169.3,165.2,178.6,176.5,168.2,184.3,175.8
ED-0036,928,15:28,166.6,182.6,177.6,169.2,182.0,168.4,166.4,178.8,176.6,168.5,183.8,176.5
ED-0036,929,15:29,166.7,183.7,177.1,170.0,182.6,170.5,165.0,178.8,176.9,168.6,184.1,176.1
ED-0036,930,15:30,167.2,183.0,177.3,169.0,182.2,170.0,165.9,178.7,176.3,168.7,185.2,176.5
ED-0036,931,15:31,166.7,181.9,176.8,169.6,182.3,170.1,166.1,179.1,177.3,168.4,185.3,176.9
ED-0036,932,15:32,167.1,182.9,177.5,169.5,182.8,170.0,166.5,179.1,176.4,168.9,184.7,176.9
ED-0036,933,15:33,166.2,182.6,177.7,169.9,182.9,170.4,165.6,178.4,177.3,168.9,184.5,176.6
ED-0036,934,15:34,166.8,183.1,176.8,171.0,182.8,170.5,166.0,178.9,177.2,169.6,183.8,176.8
ED-0036,935,15:35,167.6,182.8,178.6,170.4,183.5,169.7,166.0,178.2,177.0,169.1,184.0,176.2
ED-0036,936,15:36,166.4,182.7,177.1,170.8,182.9,169.9,166.2,179.3,178.2,170.3,186.3,177.4
ED-0036,937,15:37,166.4,184.1,177.9,169.7,184.0,170.0,166.8,178.6,178.1,168.8,185.7,177.1
ED-0036,938,15:38,167.5,182.6,177.9,170.7,183.4,170.2,166.3,179.8,177.7,168.9,185.2,177.7
ED-0036,939,15:39,166.8,183.5,178.8,170.6,183.8,170.5,166.7,179.0,177.5,169.1,185.0,177.9
ED-0036,940,15:40,167.4,183.6,177.9,168.8,184.2,169.9,166.8,179.0,177.8,169.4,185.1,176.8
ED-0036,941,15:41,167.5,183.4,178.1,169.8,183.2,170.8,166.7,179.6,177.4,169.5,185.3,176.5
ED-0036,942,15:42,167.3,184.2,178.7,170.6,183.6,170.7,166.8,179.4,178.3,169.9,185.9,177.6
ED-0036,943,15:43,167.0,183.6,179.6,170.2,182.8,171.3,167.3,180.7,178.2,169.3,185.0,177.4
ED-0036,944,15:44,168.0,184.7,177.7,170.5,183.7,170.3,168.0,179.9,176.9,170.2,184.9,177.3
ED-0036,945,15:45,167.6,184.1,178.7,170.2,183.9,171.3,166.7,179.8,178.5,169.6,185.4,179.0
ED-0036,946,15:46,168.5,183.8,178.8,170.7,183.6,170.2,167.2,179.8,178.5,169.8,185.4,178.2
ED-0036,947,15:47,167.3,184.3,179.1,170.6,183.6,170.4,168.0,179.2,177.4,170.3,185.8,178.5
ED-0036,948,15:48,167.7,184.0,179.3,170.7,183.7,171.2,168.1,179.5,177.2,169.6,186.0,177.7
ED-0036,949,15:49,168.2,184.0,178.9,171.1,184.5,171.2,167.8,180.6,178.1,170.5,186.1,178.3
ED-0036,950,15:50,168.1,185.6,178.0,171.8,184.2,171.2,167.3,180.1,178.6,170.1,185.9,178.0
ED-0036,951,15:51,167.8,184.3,178.3,171.0,183.5,170.6,167.9,180.6,178.0,170.7,187.2,177.9
ED-0036,952,15:52,168.7,184.5,179.6,171.4,184.6,171.4,168.0,180.1,178.3,169.7,185.9,177.8
ED-0036,953,15:53,167.6,184.7,178.9,170.8,184.2,171.5,167.5,179.6,178.8,171.2,186.7,178.8
ED-0036,954,15:54,167.9,184.6,179.5,170.8,184.1,171.4,167.8,179.9,178.6,171.4,185.6,178.4
ED-0036,955,15:55,168.3,184.4,179.1,171.3,184.2,170.9,168.1,180.2,178.9,171.2,186.5,178.2
ED-0036,956,15:56,168.3,185.4,178.9,170.7,183.7,171.7,168.7,181.2,179.2,170.3,186.1,178.6
ED-0036,957,15:57,168.0,184.9,179.6,171.6,184.3,171.3,168.1,181.6,178.6,171.6,186.0,177.8
ED-0036,958,15:58,168.2,185.2,179.5,172.1,184.5,171.6,168.1,181.1,178.0,170.7,185.4,179.0
ED-0036,959,15:59,168.6,184.2,179.6,171.9,184.1,171.4,168.1,180.8,178.1,171.3,186.2,179.0
ED-0036,960,16:00,168.3,185.9,179.6,170.9,184.3,171.7,167.8,180.8,179.0,170.8,185.7,179.7
ED-0036,961,16:01,168.4,185.6,179.6,171.6,184.9,171.7,168.1,181.2,179.0,170.4,187.0,179.3
ED-0036,962,16:02,168.2,186.2,180.6,171.2,184.9,172.1,168.0,180.9,178.5,171.3,186.7,178.7
ED-0036,963,16:03,169.4,185.4,180.3,171.3,184.6,172.3,167.1,181.5,179.8,171.8,186.8,179.2
ED-0036,964,16:04,168.0,185.2,179.9,171.9,185.5,172.0,168.2,180.5,179.8,170.4,187.2,178.5
ED-0036,965,16:05,169.4,185.6,179.7,172.1,185.2,172.6,168.4,180.7,179.7,170.5,187.4,179.6
ED-0036,966,16:06,169.2,184.9,180.5,172.5,185.4,171.9,169.0,181.3,179.7,171.4,186.7,178.9
ED-0036,967,16:07,169.0,184.7,180.3,171.7,185.2,172.5,168.8,181.4,179.3,171.2,186.6,179.0
ED-0036,968,16:08,169.8,186.5,180.4,171.9,186.1,172.4,168.9,182.2,180.0,172.0,187.1,179.2
ED-0036,969,16:09,169.0,185.6,180.6,172.0,186.4,172.3,168.9,182.6,180.3,171.0,188.0,179.0
ED-0036,970,16:10,168.6,186.0,180.3,172.0,185.3,172.7,168.3,181.6,179.5,171.0,187.6,179.0
ED-0036,971,16:11,168.7,185.1,179.6,172.5,185.9,172.3,168.6,180.8,179.9,172.0,187.3,179.1
ED-0036,972,16:12,170.3,185.5,179.6,172.4,185.0,172.9,168.8,181.7,179.5,172.3,188.0,179.1
ED-0036,973,16:13,169.1,186.8,180.7,172.9,185.7,174.0,170.1,180.4,179.2,170.9,187.6,180.0
ED-0036,974,16:14,169.5,186.2,181.1,172.2,186.4,173.3,169.3,182.3,179.5,171.5,187.5,179.2
ED-0036,975,16:15,169.7,187.0,180.0,171.9,186.2,172.7,169.4,182.7,180.9,171.3,188.0,178.9
ED-0036,976,16:16,169.8,185.6,180.1,172.9,186.1,173.3,169.0,181.1,179.2,171.7,187.5,180.1
ED-0036,977,16:17,168.8,186.4,181.5,173.1,187.3,172.4,168.3,182.6,180.1,171.8,187.0,180.5
ED-0036,978,16:18,168.9,185.6,181.1,172.9,186.4,172.8,169.1,182.7,179.6,172.8,188.6,180.0
ED-0036,979,16:19,169.8,186.0,182.0,173.0,186.2,174.0,170.0,182.9,180.5,172.0,187.5,179.8
ED-0036,980,16:20,170.1,186.1,180.9,172.4,185.9,172.8,169.4,182.5,180.3,172.0,187.6,179.8
ED-0036,981,16:21,169.6,186.5,180.3,173.4,186.0,173.9,169.2,181.6,180.3,172.6,187.9,179.9
ED-0036,982,16:22,170.0,185.6,180.6,173.6,186.0,173.9,169.7,183.3,180.1,171.9,188.2,180.8
ED-0036,983,16:23,171.5,186.7,180.3,172.5,186.8,173.3,169.1,182.6,180.0,171.4,188.5,181.8
ED-0036,984,16:24,170.1,186.5,180.6,172.9,186.7,173.7,169.7,182.6,180.6,172.8,188.6,180.0
ED-0036,985,16:25,170.2,186.2,181.3,173.8,187.4,173.3,170.6,182.6,181.3,172.0,188.5,181.6
ED-0036,986,16:26,170.6,185.9,180.1,173.5,187.1,173.2,170.2,183.6,182.0,171.9,187.8,181.2
ED-0036,987,16:27,170.1,187.1,181.6,173.3,187.2,173.7,171.1,181.8,181.3,172.2,188.7,181.3
ED-0036,988,16:28,170.2,187.2,181.5,174.2,185.8,174.1,170.3,183.6,180.3,172.2,188.7,180.3
ED-0036,989,16:29,170.6,185.9,181.7,173.6,187.6,174.0,170.3,183.1,181.0,173.1,188.4,181.1
ED-0036,990,16:30,170.9,186.9,181.6,173.1,187.1,172.8,171.0,182.9,180.4,172.1,188.3,181.0
ED-0036,991,16:31,171.2,187.5,182.1,173.2,186.4,173.8,171.0,182.2,181.9,173.7,188.2,181.9
ED-0036,992,16:32,171.5,187.6,182.1,173.2,187.0,174.8,171.3,182.3,181.3,172.9,188.4,180.5
ED-0036,993,16:33,170.9,186.7,181.5,173.9,186.8,173.9,169.9,184.1,181.2,172.4,188.4,180.9
ED-0036,994,16:34,170.5,187.2,181.6,173.9,187.1,174.0,171.5,182.8,181.8,172.7,188.6,181.0
ED-0036,995,16:35,170.9,186.5,182.1,174.0,187.1,174.2,170.0,184.8,182.2,173.3,189.7,181.5
ED-0036,996,16:36,170.8,187.3,182.0,174.3,187.7,175.3,170.1,183.5,181.6,173.3,188.9,181.4
ED-0036,997,16:37,171.4,187.4,181.7,173.1,188.0,175.0,170.3,183.7,181.0,173.6,188.9,180.0
ED-0036,998,16:38,171.0,187.6,182.2,174.0,187.8,174.1,170.8,183.5,180.9,174.5,189.4,181.1
ED-0036,999,16:39,171.4,187.5,182.1,174.2,187.0,174.0,169.6,183.5,182.3,173.7,189.7,181.2
ED-0036,1000,16:40,170.5,187.1,182.6,174.1,188.7,175.7,171.4,184.3,181.4,174.3,188.7,181.1
ED-0036,1001,16:41,171.5,188.1,182.2,173.8,188.2,175.3,170.1,183.6,181.6,173.4,189.0,181.8
ED-0036,1002,16:42,171.5,188.0,182.8,173.8,188.0,174.6,171.6,184.0,180.8,172.9,189.5,182.8
ED-0036,1003,16:43,171.5,187.5,181.6,173.8,188.4,174.9,170.1,184.4,182.4,173.9,190.6,181.7
ED-0036,1004,16:44,171.7,188.0,183.5,173.7,187.7,175.0,170.2,183.2,181.9,174.0,188.3,182.1
ED-0036,1005,16:45,170.9,188.1,183.0,175.4,187.3,176.2,171.7,183.9,181.6,173.6,189.7,182.3
ED-0036,1006,16:46,171.3,189.3,182.6,173.7,187.3,175.4,171.1,183.9,182.2,173.4,189.4,182.1
ED-0036,1007,16:47,171.4,188.6,183.0,174.3,187.4,175.2,171.3,184.1,182.1,173.9,191.0,182.9
ED-0036,1008,16:48,171.3,188.7,183.4,174.5,188.0,174.7,170.8,184.6,181.9,173.4,190.2,182.4
ED-0036,1009,16:49,171.4,187.6,182.5,174.8,187.9,174.8,172.1,184.2,181.0,174.1,190.8,182.7
ED-0036,1010,16:50,171.9,188.1,183.4,175.1,188.0,174.7,171.5,185.5,181.7,173.8,190.9,182.3
ED-0036,1011,16:51,171.5,189.2,183.0,174.8,188.3,175.5,171.5,183.8,182.6,174.2,189.7,182.6
ED-0036,1012,16:52,171.7,188.2,183.5,174.7,188.4,175.0,171.7,185.0,182.2,175.4,189.8,183.1
ED-0036,1013,16:53,172.2,188.8,182.0,174.8,188.0,175.6,171.8,184.6,181.7,173.8,189.7,182.4
ED-0036,1014,16:54,172.5,188.0,183.5,174.4,188.6,175.9,172.3,184.7,182.3,174.5,189.6,183.2
ED-0036,1015,16:55,172.0,189.0,183.4,175.5,188.9,176.0,172.3,185.5,183.5,175.0,189.8,182.9
ED-0036,1016,16:56,172.6,188.9,183.1,175.8,188.6,175.9,171.5,185.0,183.2,174.2,190.0,183.2
ED-0036,1017,16:57,172.6,188.8,183.4,174.5,188.8,175.6,172.0,185.1,181.3,174.5,190.7,182.2
ED-0036,1018,16:58,172.9,188.8,184.2,175.2,188.0,175.7,171.5,185.8,182.8,173.5,191.1,183.0
ED-0036,1019,16:59,172.7,189.3,183.8,175.5,189.5,175.3,171.6,185.3,182.8,174.6,190.1,183.1
ED-0036,1020,17:00,172.1,189.6,183.9,176.5,188.6,175.2,172.1,184.9,184.1,174.9,190.2,183.0
ED-0036,1021,17:01,172.2,189.0,183.5,175.8,189.8,175.3,171.9,185.3,183.1,174.8,190.6,182.1
ED-0036,1022,17:02,172.3,189.3,184.2,175.3,189.0,175.3,172.1,184.9,182.9,175.8,190.5,183.2
ED-0036,1023,17:03,172.3,189.2,183.9,176.3,189.0,175.9,172.8,184.8,183.9,175.6,190.6,182.0
ED-0036,1024,17:04,172.7,189.3,184.0,176.1,189.4,176.1,172.7,184.7,183.2,174.7,191.4,183.1
ED-0036,1025,17:05,172.7,189.2,185.0,175.5,189.1,176.3,172.4,186.2,183.6,174.6,191.2,183.8
ED-0036,1026,17:06,172.8,189.8,183.6,175.5,189.2,176.8,172.8,185.3,183.3,175.1,191.6,183.7
ED-0036,1027,17:07,172.5,189.8,183.3,175.6,189.6,175.5,172.2,186.0,183.3,174.9,191.6,183.0
ED-0036,1028,17:08,172.8,189.6,184.1,175.8,189.2,177.0,172.7,184.2,184.6,175.4,191.4,183.8
ED-0036,1029,17:09,173.5,189.2,185.1,175.5,189.4,176.5,172.4,185.0,184.1,175.6,190.6,183.4
ED-0036,1030,17:10,172.8,190.0,184.3,176.0,189.9,176.7,172.1,186.0,184.2,175.6,191.0,183.0
ED-0036,1031,17:11,173.5,189.7,183.9,176.5,190.3,176.3,173.1,186.8,183.6,175.4,192.1,183.8
ED-0036,1032,17:12,174.0,190.5,184.5,175.1,189.5,176.8,172.6,186.8,184.1,175.8,191.6,184.4
ED-0036,1033,17:13,172.5,190.4,184.7,176.9,189.4,177.2,172.4,186.3,183.5,176.3,191.1,183.4
ED-0036,1034,17:14,173.8,190.2,184.5,176.5,191.2,176.9,173.4,185.7,183.7,175.6,190.4,183.9
ED-0036,1035,17:15,173.0,190.1,184.9,176.0,190.9,178.1,173.1,185.6,184.3,175.8,192.7,183.1
ED-0036,1036,17:16,173.3,189.9,184.0,176.8,189.4,177.2,172.1,185.8,183.9,175.6,191.8,184.0
ED-0036,1037,17:17,173.3,190.0,184.7,176.1,189.8,177.1,173.2,186.9,183.5,176.2,191.7,184.1
ED-0036,1038,17:18,173.3,191.3,185.5,176.8,191.2,177.2,173.4,186.0,184.0,175.6,191.0,183.8
ED-0036,1039,17:19,173.6,190.7,185.3,175.8,190.0,176.9,172.6,185.9,183.9,175.3,193.0,184.5
ED-0036,1040,17:20,174.3,191.1,185.1,176.3,189.5,177.5,173.5,186.2,184.1,175.8,191.7,183.5
ED-0036,1041,17:21,174.6,191.1,184.8,176.8,190.0,177.3,173.6,187.0,183.8,176.4,191.6,183.6
ED-0036,1042,17:22,174.3,190.2,186.1,176.4,189.8,178.1,173.4,186.7,183.7,176.4,192.0,185.1
ED-0036,1043,17:23,173.5,190.5,185.4,177.0,190.2,177.3,173.8,187.0,185.1,175.1,192.2,184.7
ED-0036,1044,17:24,174.5,191.7,185.9,177.2,190.7,176.2,173.8,186.1,185.0,176.6,192.5,184.6
ED-0036,1045,17:25,174.0,191.0,185.3,177.6,190.7,177.6,173.4,185.8,184.7,176.4,192.7,184.1
ED-0036,1046,17:26,174.2,191.8,184.2,177.3,190.1,177.9,173.1,186.6,184.6,176.7,192.9,184.0
ED-0036,1047,17:27,174.6,191.2,185.9,176.9,192.2,177.6,174.2,187.2,184.9,176.3,193.1,183.9
ED-0036,1048,17:28,174.6,190.5,185.9,177.4,190.5,177.3,174.3,186.9,184.7,176.9,192.4,185.6
ED-0036,1049,17:29,174.1,190.6,185.3,177.0,191.8,178.3,173.5,187.3,184.0,175.7,193.4,185.3
ED-0036,1050,17:30,175.2,191.2,186.3,176.8,191.7,178.3,173.5,186.9,184.8,175.6,193.3,184.8
ED-0036,1051,17:31,174.2,190.9,185.2,178.0,190.1,177.5,173.7,186.9,184.5,175.8,193.1,185.1
ED-0036,1052,17:32,174.3,190.3,185.6,177.0,191.6,177.7,174.2,185.9,185.5,176.4,192.7,185.2
ED-0036,1053,17:33,174.6,190.9,185.6,177.3,192.0,178.1,174.7,187.5,183.6,178.1,193.6,185.6
ED-0036,1054,17:34,174.3,191.4,185.7,178.7,191.3,177.5,173.1,187.1,185.6,176.8,192.9,185.1
ED-0036,1055,17:35,175.0,192.4,185.2,177.0,191.0,177.8,174.1,187.6,186.1,176.4,193.5,184.7
ED-0036,1056,17:36,175.5,191.0,185.9,176.3,191.1,178.2,174.7,187.2,184.7,176.6,193.2,185.5
ED-0036,1057,17:37,176.1,191.9,185.6,177.3,191.5,178.4,174.2,186.9,185.6,176.9,192.4,185.6
ED-0036,1058,17:38,174.6,192.6,186.6,176.9,190.2,178.2,175.1,188.1,185.5,175.8,193.3,185.9
ED-0036,1059,17:39,174.7,191.8,187.2,176.9,190.9,179.0,174.6,187.4,185.7,177.3,193.2,186.0
ED-0036,1060,17:40,175.0,191.6,185.3,178.7,191.4,179.2,174.6,187.3,185.2,176.1,192.5,186.0
ED-0036,1061,17:41,175.4,192.1,186.2,177.8,191.0,178.1,174.7,187.4,185.5,177.0,193.2,185.6
ED-0036,1062,17:42,174.6,192.0,186.5,178.3,192.4,178.7,174.3,187.6,185.9,177.2,193.1,185.9
ED-0036,1063,17:43,176.0,191.3,186.4,178.4,191.5,179.0,175.1,187.8,185.5,177.1,193.0,185.8
ED-0036,1064,17:44,176.1,192.8,186.5,177.9,193.0,179.8,175.0,188.7,185.7,178.3,193.9,185.4
ED-0036,1065,17:45,175.0,192.5,187.1,178.5,191.5,178.4,175.1,188.4,186.3,177.3,193.4,186.1
ED-0036,1066,17:46,175.2,192.1,186.9,178.1,192.0,179.2,174.7,187.9,186.1,176.5,194.3,186.1
ED-0036,1067,17:47,175.2,192.2,186.2,178.3,192.0,178.9,175.3,188.0,186.2,177.9,193.2,186.6
ED-0036,1068,17:48,175.2,192.6,187.8,178.5,193.1,178.9,174.9,188.1,186.0,176.4,193.4,186.5
ED-0036,1069,17:49,175.5,192.5,185.7,178.4,193.2,179.0,175.1,188.0,186.4,177.8,193.5,186.2
ED-0036,1070,17:50,175.1,192.0,186.1,178.1,192.7,179.5,175.8,188.7,186.6,178.2,193.6,186.2
ED-0036,1071,17:51,175.8,192.5,186.6,177.9,192.8,179.5,174.8,189.6,185.9,178.1,194.5,186.3
ED-0036,1072,17:52,176.5,193.2,187.1,178.3,192.5,179.7,176.3,188.6,186.0,178.4,194.0,186.4
ED-0036,1073,17:53,175.6,192.8,187.5,178.9,192.6,178.5,176.7,188.4,185.9,177.7,194.3,186.4
ED-0036,1074,17:54,175.6,192.6,187.0,179.6,192.6,179.6,175.4,189.3,186.5,177.8,193.0,185.7
ED-0036,1075,17:55,175.8,192.8,185.7,178.3,192.7,178.5,174.9,188.7,186.4,177.8,193.6,186.3
ED-0036,1076,17:56,175.7,192.7,187.1,178.6,192.6,180.1,175.1,187.7,186.9,178.8,194.5,187.1
ED-0036,1077,17:57,176.0,192.9,186.8,178.8,192.6,180.0,176.4,189.0,186.8,178.2,194.1,186.0
ED-0036,1078,17:58,176.8,193.1,186.5,178.1,192.8,179.3,175.4,188.3,186.6,178.7,194.7,186.6
ED-0036,1079,17:59,175.8,193.4,187.8,178.7,193.5,179.4,176.4,189.5,186.8,178.7,194.5,186.8
ED-0036,1080,18:00,175.3,193.1,188.0,178.4,192.6,179.6,176.5,188.8,186.8,178.1,194.0,186.4
ED-0036,1081,18:01,176.8,193.2,186.1,178.7,193.6,180.4,176.5,189.5,186.3,178.6,195.3,187.5
ED-0036,1082,18:02,175.9,193.4,187.5,178.5,192.9,180.0,176.4,189.5,185.9,178.7,195.0,187.3
ED-0036,1083,18:03,176.2,193.8,186.7,178.5,194.2,179.4,176.3,189.6,186.8,177.8,195.2,187.0
ED-0036,1084,18:04,176.0,193.7,187.2,178.8,193.9,179.2,175.4,189.8,187.6,177.9,195.0,186.2
ED-0036,1085,18:05,175.9,193.7,187.8,177.7,194.0,180.5,176.0,188.7,187.0,178.5,195.4,187.5
ED-0036,1086,18:06,177.6,194.2,188.1,178.9,194.1,180.3,175.9,190.3,187.1,178.2,194.7,186.8
ED-0036,1087,18:07,176.7,193.7,188.3,179.9,193.1,179.9,175.6,188.6,186.6,179.1,195.7,188.0
ED-0036,1088,18:08,175.3,193.4,188.1,179.1,192.7,179.8,176.8,189.3,186.6,178.7,194.7,186.7
ED-0036,1089,18:09,176.4,193.5,187.9,179.4,194.5,180.5,177.3,189.6,187.2,178.7,195.0,186.9
ED-0036,1090,18:10,176.7,193.3,187.8,179.4,194.2,181.4,176.2,189.7,187.5,179.1,195.1,187.4
ED-0036,1091,18:11,177.0,194.4,188.5,180.2,193.4,180.0,177.0,189.9,187.3,179.2,195.4,186.6
ED-0036,1092,18:12,176.8,193.2,188.4,180.5,193.3,179.9,177.2,190.4,187.4,179.2,195.5,188.2
ED-0036,1093,18:13,176.5,194.4,187.8,179.9,193.0,181.3,177.0,190.3,187.0,179.2,195.5,187.6
ED-0036,1094,18:14,177.5,194.3,187.8,179.4,194.7,180.5,177.9,190.3,187.4,179.0,195.4,187.6
ED-0036,1095,18:15,176.9,193.4,187.9,180.3,194.0,180.7,176.5,189.2,187.6,179.5,195.3,187.7
ED-0036,1096,18:16,177.3,193.9,188.1,180.4,194.0,180.7,177.1,190.5,186.5,179.5,194.9,187.3
ED-0036,1097,18:17,177.4,195.2,189.0,180.0,192.6,182.4,176.7,190.4,187.4,179.8,195.4,188.3
ED-0036,1098,18:18,177.1,194.4,188.3,179.9,194.2,180.8,177.5,191.1,187.8,179.1,196.2,187.8
ED-0036,1099,18:19,176.4,193.5,188.0,179.8,194.0,180.8,176.7,190.4,187.8,179.0,195.5,188.1
ED-0036,1100,18:20,177.1,194.6,188.3,179.6,194.1,181.3,176.4,190.4,188.2,179.2,196.2,188.3
ED-0036,1101,18:21,176.8,195.3,188.4,179.6,194.6,181.1,175.8,190.9,187.4,179.9,196.8,188.7
ED-0036,1102,18:22,177.1,193.7,187.9,180.1,194.0,181.1,177.0,190.4,188.1,180.6,195.5,188.0
ED-0036,1103,18:23,177.2,194.1,188.5,181.1,194.5,181.1,176.4,190.5,186.7,179.1,196.4,188.0
ED-0036,1104,18:24,178.5,194.0,189.1,181.0,194.3,181.8,176.4,191.4,188.6,180.2,196.1,188.3
ED-0036,1105,18:25,176.9,194.6,189.7,180.3,195.4,181.1,176.8,190.6,187.8,179.3,195.7,188.3
ED-0036,1106,18:26,177.4,194.6,189.3,180.1,194.6,181.7,176.8,190.5,188.2,179.8,196.4,188.4
ED-0036,1107,18:27,178.2,193.8,188.8,180.4,195.4,181.8,177.7,191.0,187.9,179.2,197.1,188.7
ED-0036,1108,18:28,176.5,194.8,188.7,179.9,194.7,181.1,177.7,190.7,187.8,180.4,196.3,188.5
ED-0036,1109,18:29,178.4,194.3,188.1,180.6,194.8,181.4,177.5,191.3,187.6,180.3,197.4,188.6
ED-0036,1110,18:30,178.0,195.9,188.9,181.3,195.4,181.4,177.1,190.8,188.1,179.7,195.9,187.5
ED-0036,1111,18:31,178.1,194.8,189.6,180.2,195.2,181.2,176.9,191.2,188.9,180.3,196.1,188.0
ED-0036,1112,18:32,178.1,194.7,189.4,180.2,194.6,181.8,177.5,191.0,189.2,178.9,196.2,189.3
ED-0036,1113,18:33,178.1,194.6,189.9,181.5,194.7,182.9,178.2,191.0,188.6,180.2,196.6,189.4
ED-0036,1114,18:34,177.9,195.1,189.7,181.4,195.5,182.2,178.3,191.2,189.0,179.9,195.8,188.7
ED-0036,1115,18:35,177.4,195.8,188.8,181.3,194.6,182.1,177.8,192.2,188.5,180.7,195.9,189.4
ED-0036,1116,18:36,177.9,196.1,189.7,180.7,195.6,182.0,178.5,191.6,189.4,180.3,197.3,188.8
ED-0036,1117,18:37,177.5,195.2,189.7,180.7,195.5,182.1,177.5,191.9,189.3,179.5,196.5,189.1
ED-0036,1118,18:38,178.2,195.4,189.5,181.3,196.0,182.7,177.5,190.5,188.7,180.1,197.3,188.7
ED-0036,1119,18:39,178.7,195.8,190.4,181.4,195.7,182.1,177.9,191.9,189.7,180.6,196.4,189.3
ED-0036,1120,18:40,178.0,195.9,190.3,181.8,195.8,180.9,178.0,192.3,188.7,180.1,196.7,189.6
ED-0036,1121,18:41,178.5,195.2,189.8,181.2,196.5,182.4,179.4,192.4,190.0,180.4,196.5,188.3
ED-0036,1122,18:42,179.0,195.2,189.7,180.8,195.7,182.5,178.5,191.3,189.8,180.5,197.0,189.4
ED-0036,1123,18:43,178.9,195.7,190.3,181.7,196.0,181.9,178.9,191.4,189.4,180.0,197.7,189.6
ED-0036,1124,18:44,179.0,195.6,189.1,182.2,196.5,183.0,177.4,191.8,189.4,181.6,198.1,189.8
ED-0036,1125,18:45,178.1,196.4,190.7,181.8,196.3,182.3,179.2,191.3,190.4,180.8,197.9,189.9
ED-0036,1126,18:46,178.4,195.9,190.1,181.3,195.6,182.4,178.9,192.3,189.9,180.6,197.6,190.0
ED-0036,1127,18:47,179.4,196.9,190.2,182.2,196.1,183.5,179.1,191.9,189.8,180.4,197.7,189.8
ED-0036,1128,18:48,179.7,196.1,190.2,181.9,196.2,182.7,178.3,192.5,190.0,181.6,196.8,189.5
ED-0036,1129,18:49,179.1,196.2,190.1,182.0,196.6,183.8,178.5,192.6,189.4,180.9,198.3,189.5
ED-0036,1130,18:50,178.8,196.0,190.2,181.5,196.2,183.0,178.1,192.0,190.0,181.2,197.6,189.8
ED-0036,1131,18:51,179.2,196.9,191.2,181.6,196.0,183.7,178.9,192.5,189.5,181.1,198.0,189.4
ED-0036,1132,18:52,179.2,195.9,190.5,182.3,197.2,182.4,179.1,191.7,190.3,181.6,197.4,190.3
ED-0036,1133,18:53,179.3,196.6,190.8,182.1,196.2,183.0,179.6,192.4,189.9,182.7,198.4,189.9
ED-0036,1134,18:54,179.5,196.2,191.0,182.2,197.5,183.1,179.1,192.6,189.3,180.8,197.7,190.1
ED-0036,1135,18:55,178.5,196.5,190.3,181.6,195.8,183.9,179.4,192.4,190.6,180.2,198.2,191.0
ED-0036,1136,18:56,178.6,196.3,191.2,182.7,197.1,182.6,178.4,192.3,190.5,182.0,198.1,189.9
ED-0036,1137,18:57,179.4,196.3,190.6,182.1,196.9,182.9,180.7,192.1,189.7,181.2,197.9,189.9
ED-0036,1138,18:58,180.0,196.0,190.8,181.9,197.9,184.3,179.4,192.4,190.6,181.2,197.6,190.1
ED-0036,1139,18:59,180.0,196.0,191.3,182.4,196.9,183.1,179.1,193.2,191.4,182.2,198.2,190.7
ED-0036,1140,19:00,178.9,196.8,191.4,182.5,196.4,183.3,179.5,191.8,190.3,181.7,198.2,190.2
ED-0036,1141,19:01,179.7,197.2,191.3,182.6,196.9,184.2,178.8,192.6,191.8,182.1,197.4,190.9
ED-0036,1142,19:02,179.7,196.7,191.7,183.0,197.1,182.6,178.8,193.4,191.4,181.9,199.1,188.9
ED-0036,1143,19:03,179.6,195.9,191.2,182.9,195.9,184.9,178.7,193.2,190.7,181.8,198.8,190.1
ED-0036,1144,19:04,180.5,197.5,191.1,182.3,197.8,183.7,179.6,193.4,190.7,182.2,198.4,191.3
ED-0036,1145,19:05,180.0,196.4,190.5,182.7,197.1,183.4,179.3,193.9,190.3,181.1,198.4,189.9
ED-0036,1146,19:06,179.9,196.6,191.4,182.8,197.7,183.4,180.7,194.0,190.4,181.8,198.2,191.3
ED-0036,1147,19:07,179.9,197.1,190.6,182.4,197.9,184.1,179.0,192.5,190.9,181.3,198.8,190.8
ED-0036,1148,19:08,180.6,197.2,190.9,182.2,197.1,184.3,179.4,193.4,191.1,182.8,198.9,191.1
ED-0036,1149,19:09,179.5,197.0,192.4,182.8,197.2,182.8,180.1,193.1,191.2,182.4,198.6,190.6
ED-0036,1150,19:10,180.5,196.7,191.4,183.1,197.4,183.5,179.3,194.0,191.6,181.4,199.1,190.6
ED-0036,1151,19:11,179.7,197.7,191.6,183.1,197.4,183.2,180.1,193.5,191.1,182.5,198.7,191.2
ED-0036,1152,19:12,179.4,197.0,190.8,183.7,197.8,184.1,180.7,192.4,191.0,181.6,198.8,190.6
ED-0036,1153,19:13,180.7,198.0,191.9,182.6,197.4,184.7,179.9,193.7,190.7,182.6,200.8,190.5
ED-0036,1154,19:14,179.3,197.9,191.3,183.1,197.4,184.5,179.9,193.2,190.6,182.4,199.2,190.9
ED-0036,1155,19:15,180.7,197.3,191.5,182.8,197.3,184.5,180.1,193.0,191.2,182.0,198.9,190.5
ED-0036,1156,19:16,180.1,197.9,191.9,182.8,198.0,185.0,180.7,193.6,190.1,182.5,199.3,191.7
ED-0036,1157,19:17,180.8,197.2,192.3,182.9,198.0,184.2,179.9,193.5,190.8,183.5,199.8,192.2
ED-0036,1158,19:18,180.1,197.6,192.1,183.6,198.1,184.7,180.3,194.1,191.2,182.6,199.4,191.7
ED-0036,1159,19:19,180.7,197.3,191.4,183.5,198.1,184.0,181.3,193.1,191.6,182.2,200.6,191.9
ED-0036,1160,19:20,179.9,197.0,191.2,182.8,198.4,184.6,180.8,194.7,191.4,182.6,199.4,191.2
ED-0036,1161,19:21,181.0,198.5,191.7,183.2,197.6,184.0,180.5,194.7,191.3,181.6,199.5,191.9
ED-0036,1162,19:22,181.0,196.8,192.4,183.4,197.9,184.8,181.6,194.0,191.2,183.3,200.7,191.7
ED-0036,1163,19:23,180.0,197.0,193.1,183.6,197.3,184.7,180.8,194.5,192.2,182.6,199.5,191.9
ED-0036,1164,19:24,181.2,198.0,192.7,184.8,198.8,185.3,181.6,194.4,192.4,181.7,199.6,191.9
ED-0036,1165,19:25,181.0,197.6,191.1,184.0,197.8,185.1,180.0,194.2,193.0,183.8,200.4,192.2
ED-0036,1166,19:26,181.0,199.0,192.4,183.6,198.2,184.5,180.4,194.4,191.9,183.2,199.7,192.8
ED-0036,1167,19:27,179.9,199.1,192.0,183.7,198.4,184.4,181.4,194.4,191.7,183.1,201.0,193.0
ED-0036,1168,19:28,181.3,198.6,193.3,183.5,197.8,185.1,180.3,194.8,191.5,183.0,199.7,191.7
ED-0036,1169,19:29,180.8,198.8,193.0,183.5,198.9,184.8,180.6,195.0,191.9,183.5,201.2,192.1
ED-0036,1170,19:30,182.2,199.5,193.3,184.1,198.5,184.4,181.3,195.2,192.1,183.1,200.7,193.1
ED-0036,1171,19:31,181.5,198.6,191.3,184.5,198.3,185.9,181.3,194.6,191.9,183.6,200.8,193.7
ED-0036,1172,19:32,180.7,198.9,192.1,184.8,198.4,185.2,180.6,194.8,192.5,184.0,200.8,192.3
ED-0036,1173,19:33,181.2,199.1,191.9,184.0,199.0,185.0,181.2,194.7,192.3,183.5,200.7,192.9
ED-0036,1174,19:34,180.7,198.6,192.7,184.5,198.9,185.6,181.3,194.3,192.7,184.0,201.2,192.3
ED-0036,1175,19:35,180.8,198.7,193.7,184.7,198.4,186.0,181.1,194.5,191.9,183.8,200.4,192.0
ED-0036,1176,19:36,182.0,198.5,192.7,185.7,198.2,184.4,181.0,195.5,192.2,184.3,200.0,192.3
ED-0036,1177,19:37,181.2,199.1,193.5,183.3,198.8,186.1,181.9,194.5,192.8,183.9,201.5,192.4
ED-0036,1178,19:38,182.1,199.6,193.0,185.7,198.5,185.2,181.5,195.6,192.4,183.8,200.5,192.2
ED-0036,1179,19:39,181.3,199.6,192.8,184.3,199.7,186.1,182.1,194.8,192.7,183.9,200.9,192.7
ED-0036,1180,19:40,182.0,199.2,193.5,183.9,199.0,185.0,181.7,195.3,192.8,183.7,201.2,193.5
ED-0036,1181,19:41,181.7,199.6,193.7,184.8,198.8,185.8,182.1,196.0,193.0,184.2,200.8,193.6
ED-0036,1182,19:42,181.3,198.2,193.4,185.1,199.0,185.1,181.3,194.7,192.9,184.0,200.8,193.0
ED-0036,1183,19:43,182.7,200.0,194.4,185.6,199.9,186.1,182.2,195.9,192.5,184.1,201.8,192.5
ED-0036,1184,19:44,182.9,199.6,193.7,184.2,199.0,185.3,181.6,195.4,193.4,184.2,200.6,193.5
ED-0036,1185,19:45,181.8,199.4,193.0,184.6,199.3,186.4,181.3,195.5,192.5,184.1,201.2,193.1
ED-0036,1186,19:46,182.2,199.5,193.6,185.0,198.5,186.2,181.4,195.6,192.7,184.1,201.4,193.6
ED-0036,1187,19:47,181.5,198.6,193.6,184.5,199.8,185.4,183.0,195.4,192.8,184.9,201.7,192.4
ED-0036,1188,19:48,182.6,199.5,192.7,184.9,200.4,186.4,182.2,195.2,192.5,184.2,201.5,193.2
ED-0036,1189,19:49,182.5,199.8,193.7,185.0,199.8,186.8,181.2,195.8,192.7,185.1,200.9,193.3
ED-0036,1190,19:50,182.3,199.2,192.4,184.9,200.0,186.5,180.7,195.0,193.1,184.2,201.5,193.2
ED-0036,1191,19:51,181.6,199.7,194.1,185.8,200.7,185.8,181.8,195.2,192.4,184.6,201.6,194.3
ED-0036,1192,19:52,182.3,199.8,193.8,184.2,200.8,185.8,183.4,195.4,192.9,184.2,201.2,193.4
ED-0036,1193,19:53,182.3,198.9,193.2,184.9,200.1,186.6,183.2,195.8,193.7,184.9,200.9,193.0
ED-0036,1194,19:54,182.5,199.6,193.4,185.9,200.0,186.3,183.0,196.6,194.0,184.1,201.5,193.9
ED-0036,1195,19:55,183.1,199.8,193.7,185.6,200.5,187.3,182.0,196.0,192.7,185.5,201.7,192.9
ED-0036,1196,19:56,183.0,200.2,193.2,185.8,200.0,186.3,181.7,196.9,192.7,184.6,202.1,193.8
ED-0036,1197,19:57,183.0,200.5,194.0,186.0,200.7,186.2,183.7,196.8,194.7,184.9,201.9,193.7
ED-0036,1198,19:58,183.2,199.7,194.7,185.3,200.2,186.2,183.1,196.2,193.5,185.1,202.4,193.9
ED-0036,1199,19:59,182.8,200.8,194.3,185.1,201.0,187.9,182.9,197.0,193.0,185.4,201.8,194.1
ED-0036,1200,20:00,183.1,200.6,194.1,186.1,200.5,186.1,183.4,195.8,194.3,184.0,201.5,193.5
ED-0036,1201,20:01,182.8,200.2,193.7,186.1,200.5,186.8,184.2,196.9,192.7,184.6,202.8,193.9
ED-0036,1202,20:02,183.2,200.2,194.5,186.2,200.4,186.2,182.9,196.2,194.3,185.2,202.2,193.9
ED-0036,1203,20:03,184.0,200.8,194.5,185.8,201.1,186.2,183.4,196.3,194.6,184.9,201.6,193.5
ED-0036,1204,20:04,183.3,201.0,194.4,185.6,200.1,187.2,184.1,195.7,194.5,186.2,201.8,194.8
ED-0036,1205,20:05,183.8,201.3,195.0,186.1,200.9,186.4,182.8,197.5,194.2,184.9,202.0,194.3
ED-0036,1206,20:06,183.1,200.4,194.9,184.9,201.3,188.3,182.3,197.5,194.0,185.0,201.3,194.8
ED-0036,1207,20:07,183.2,200.4,194.4,185.8,199.9,187.0,183.5,195.8,193.8,185.2,201.6,193.4
ED-0036,1208,20:08,182.9,200.4,195.2,186.3,200.3,186.4,182.8,196.2,194.4,185.1,202.5,194.8
ED-0036,1209,20:09,183.2,201.0,195.2,186.7,201.2,188.4,182.9,197.4,194.3,185.0,203.0,194.7
ED-0036,1210,20:10,184.0,200.5,195.0,186.0,201.6,188.3,182.9,197.1,194.7,185.9,202.8,194.1
ED-0036,1211,20:11,182.6,201.5,194.7,186.9,201.1,186.5,182.7,196.5,194.0,185.6,202.6,194.2
ED-0036,1212,20:12,183.5,200.3,194.8,185.6,200.9,187.3,183.3,196.2,193.9,185.1,202.1,194.7
ED-0036,1213,20:13,183.8,202.2,194.1,186.8,201.4,187.6,183.3,197.5,193.9,186.1,203.5,194.8
ED-0036,1214,20:14,183.8,201.0,195.7,186.4,201.7,187.1,183.1,197.7,194.0,185.5,203.1,194.6
ED-0036,1215,20:15,184.5,202.5,194.6,187.7,201.4,187.6,183.4,197.2,195.1,186.6,202.8,195.2
ED-0036,1216,20:16,183.3,201.2,195.4,186.2,201.6,187.4,183.3,197.0,195.2,186.0,203.3,195.6
ED-0036,1217,20:17,183.3,201.5,195.3,185.9,201.2,189.2,183.8,197.5,194.3,185.7,203.1,195.0
ED-0036,1218,20:18,183.1,200.7,195.5,186.4,201.3,188.1,183.1,196.5,194.6,185.8,202.6,194.9
ED-0036,1219,20:19,183.8,201.4,193.6,186.8,200.7,188.9,183.7,197.4,194.5,186.2,203.4,195.0
ED-0036,1220,20:20,183.2,201.3,195.0,186.4,201.0,188.1,183.5,197.2,195.4,186.5,203.0,195.1
ED-0036,1221,20:21,184.7,201.0,194.6,186.4,200.7,187.3,184.9,197.3,194.4,185.8,203.3,194.8
ED-0036,1222,20:22,184.1,202.5,196.1,186.4,201.6,187.8,184.1,196.9,195.1,186.0,202.7,195.5
ED-0036,1223,20:23,184.1,202.1,197.1,187.3,201.8,187.7,184.1,197.7,195.3,184.6,204.0,195.2
ED-0036,1224,20:24,184.6,201.6,196.7,187.2,201.8,188.1,183.7,197.3,194.4,185.8,204.2,195.1
ED-0036,1225,20:25,184.1,201.1,194.8,187.2,201.0,188.8,184.8,198.1,195.1,187.6,203.1,195.2
ED-0036,1226,20:26,184.1,202.1,196.0,186.7,202.9,188.2,184.4,198.3,195.2,185.5,203.2,195.2
ED-0036,1227,20:27,183.8,202.6,195.5,188.4,202.8,187.9,184.2,198.0,194.5,186.0,203.2,195.3
ED-0036,1228,20:28,183.7,201.9,196.8,186.9,203.0,188.1,184.3,197.9,195.1,187.8,203.4,195.6
ED-0036,1229,20:29,184.7,202.5,194.6,186.4,201.4,187.8,183.5,198.1,194.4,184.9,203.9,195.6
ED-0036,1230,20:30,184.1,203.8,196.0,186.6,201.8,188.4,184.8,197.6,195.7,185.7,203.7,195.4
ED-0036,1231,20:31,184.8,202.6,195.9,186.8,202.4,188.3,184.2,197.4,195.8,187.0,203.6,195.6
ED-0036,1232,20:32,185.3,201.5,194.5,186.9,202.2,188.9,184.2,197.8,195.5,186.1,203.7,195.0
ED-0036,1233,20:33,185.0,201.4,195.3,186.6,201.6,188.1,184.3,198.6,195.3,185.8,204.0,195.8
ED-0036,1234,20:34,184.7,202.1,194.1,186.4,202.3,188.8,183.8,198.8,196.9,187.9,202.2,196.0
ED-0036,1235,20:35,184.4,202.6,194.4,185.7,202.8,189.4,185.2,197.8,194.8,185.4,204.1,195.8
ED-0036,1236,20:36,185.1,201.7,195.1,186.5,202.7,188.4,184.5,197.6,195.4,187.4,204.1,196.7
ED-0036,1237,20:37,185.3,200.4,194.5,187.1,202.9,189.0,184.9,198.8,195.0,185.9,203.1,196.2
ED-0036,1238,20:38,185.3,202.7,195.3,188.9,202.6,188.3,185.5,197.1,196.9,185.9,203.8,195.9
ED-0036,1239,20:39,184.8,201.4,194.9,187.3,202.4,189.1,184.5,198.1,195.8,185.4,203.1,195.8
ED-0036,1240,20:40,184.7,202.8,197.0,188.2,203.5,189.5,185.0,198.6,196.2,185.2,203.3,195.8
ED-0036,1241,20:41,185.7,201.6,196.1,185.9,203.0,189.4,185.2,198.2,194.8,186.7,203.9,196.2
ED-0036,1242,20:42,185.8,201.9,195.5,188.1,202.9,189.7,183.7,199.5,195.6,187.0,203.9,197.5
ED-0036,1243,20:43,185.6,201.2,194.9,187.3,202.9,188.8,184.8,199.3,194.0,184.9,203.4,195.6
ED-0036,1244,20:44,185.8,200.7,195.2,187.2,203.1,189.6,184.7,199.7,195.5,187.1,203.8,196.5
ED-0036,1245,20:45,184.5,201.6,196.9,188.0,203.5,189.7,184.7,199.2,195.7,185.5,204.4,196.3
ED-0036,1246,20:46,186.7,202.1,196.6,186.2,203.4,189.0,184.9,199.0,195.8,186.2,204.5,195.8
ED-0036,1247,20:47,185.5,202.0,194.8,186.0,203.9,189.7,184.8,198.9,195.5,184.7,204.5,196.8
ED-0036,1248,20:48,185.9,201.9,196.3,187.1,202.9,189.2,185.6,199.2,195.2,186.3,203.5,196.5
ED-0036,1249,20:49,186.4,201.7,195.8,187.1,203.9,189.7,184.9,199.7,194.9,185.5,204.4,197.1
ED-0036,1250,20:50,183.7,201.6,195.4,187.4,203.4,189.4,184.4,198.8,195.4,186.1,202.0,197.1
ED-0036,1251,20:51,184.8,201.1,195.8,186.5,203.4,189.6,186.1,200.1,194.9,185.1,203.5,195.9
ED-0036,1252,20:52,183.8,202.3,193.6,185.4,202.9,189.7,185.0,198.5,196.6,186.4,204.9,197.0
ED-0036,1253,20:53,184.5,202.3,194.7,187.9,204.0,189.0,185.2,199.0,194.6,186.6,203.0,196.3
ED-0036,1254,20:54,184.1,200.7,193.2,185.0,203.4,189.9,186.1,198.9,196.3,186.7,203.2,195.1
ED-0036,1255,20:55,184.0,201.9,197.0,186.0,203.8,190.0,185.4,199.8,194.2,184.7,202.8,195.5
ED-0036,1256,20:56,185.6,202.6,196.4,186.4,203.5,189.9,185.4,200.5,195.5,185.2,202.4,195.8
ED-0036,1257,20:57,185.3,202.5,194.8,187.7,203.4,189.8,185.7,199.1,195.8,186.9,204.2,196.4
ED-0036,1258,20:58,184.8,202.2,195.4,186.1,203.9,190.1,184.9,200.4,196.2,184.7,203.8,195.3
ED-0036,1259,20:59,184.9,202.5,195.9,187.6,203.7,189.8,185.9,199.3,194.8,187.0,202.3,196.1
ED-0036,1260,21:00,186.5,202.6,195.4,186.8,204.7,189.9,185.9,198.6,195.3,186.0,204.2,195.6
ED-0036,1261,21:01,184.6,201.9,195.1,188.3,203.6,189.5,185.9,199.0,194.4,185.9,204.4,196.5
ED-0036,1262,21:02,186.4,202.5,195.0,188.2,204.3,190.7,185.8,199.2,195.3,186.8,204.7,196.7
ED-0036,1263,21:03,185.6,202.8,196.1,188.2,205.2,189.7,185.2,200.4,196.8,186.4,203.9,196.2
ED-0036,1264,21:04,185.5,201.5,195.7,188.2,203.8,192.1,184.5,199.5,195.5,186.7,204.0,196.5
ED-0036,1265,21:05,184.2,202.3,196.0,186.6,204.4,186.1,185.9,199.0,194.1,185.5,203.8,197.8
ED-0036,1266,21:06,186.6,202.3,195.8,186.4,204.0,190.2,184.3,199.4,194.8,185.1,204.5,197.7
ED-0036,1267,21:07,186.1,201.0,195.7,186.0,202.8,189.3,185.4,200.5,195.4,186.8,203.6,196.5
ED-0036,1268,21:08,184.9,201.9,194.3,186.4,204.2,189.3,185.3,199.5,194.7,185.8,205.3,196.0
ED-0036,1269,21:09,186.0,202.6,195.2,186.5,202.6,191.6,184.3,199.3,194.3,187.2,204.2,194.6
ED-0036,1270,21:10,183.3,203.2,196.5,186.5,203.0,190.6,184.0,199.7,195.4,186.0,203.1,196.1
ED-0036,1271,21:11,187.4,200.6,196.8,187.9,204.7,190.3,187.7,199.6,196.0,187.5,205.2,194.5
ED-0036,1272,21:12,184.4,202.7,196.8,186.5,203.4,189.9,185.3,199.8,195.2,185.5,204.2,196.4
ED-0036,1273,21:13,184.7,202.5,195.8,186.1,204.0,189.6,185.1,200.9,195.5,186.9,204.5,196.7
ED-0036,1274,21:14,184.6,201.9,195.2,188.3,202.9,190.2,186.3,198.8,195.2,184.8,202.7,198.0
ED-0036,1275,21:15,185.9,203.3,194.8,187.4,203.4,190.4,186.2,197.9,194.6,187.2,203.9,195.2
ED-0036,1276,21:16,187.0,202.1,196.2,187.2,203.5,189.5,184.7,200.4,195.7,185.6,203.2,197.2
ED-0036,1277,21:17,186.3,201.4,194.5,187.4,204.2,190.6,186.2,199.4,194.6,184.8,203.1,196.5
ED-0036,1278,21:18,185.4,204.4,196.0,185.7,203.9,190.0,187.7,200.7,196.7,187.5,205.5,198.0
ED-0036,1279,21:19,186.0,201.5,195.0,186.7,202.3,189.6,184.2,200.7,195.0,185.6,204.8,195.8
ED-0036,1280,21:20,185.5,202.4,195.5,187.8,204.1,190.8,185.9,199.5,195.7,186.0,203.3,196.2
ED-0036,1281,21:21,183.8,201.6,197.0,186.1,203.6,189.4,186.1,198.5,195.3,185.6,204.3,196.4
ED-0036,1282,21:22,185.1,201.1,194.6,187.1,204.1,188.5,186.5,198.5,194.2,186.0,204.0,198.0
ED-0036,1283,21:23,186.9,201.2,195.7,188.3,204.1,190.4,187.2,198.3,195.4,186.0,203.9,194.5
ED-0036,1284,21:24,185.8,202.5,195.4,187.8,204.4,190.0,185.1,199.6,194.7,186.4,204.2,196.4
ED-0036,1285,21:25,185.6,200.0,195.4,187.7,203.6,190.2,187.1,198.7,195.8,186.9,204.9,196.0
ED-0036,1286,21:26,184.1,202.4,196.0,186.6,204.1,190.5,185.3,199.5,194.8,186.5,205.2,195.5
ED-0036,1287,21:27,185.6,201.6,195.5,187.6,205.7,189.9,185.6,200.4,194.5,185.7,205.0,198.4
ED-0036,1288,21:28,185.0,202.7,194.2,188.0,203.3,189.3,186.3,199.7,195.8,185.3,203.9,198.0
ED-0036,1289,21:29,185.6,203.1,195.4,184.7,204.2,190.4,184.2,199.3,196.0,185.6,204.6,197.3
ED-0036,1290,21:30,184.0,201.2,195.9,186.6,201.8,190.5,185.3,198.8,196.8,186.1,203.5,196.9
ED-0036,1291,21:31,184.9,203.1,195.7,186.2,204.2,190.1,186.6,198.5,194.6,184.6,202.9,197.5
ED-0036,1292,21:32,185.3,201.0,196.1,186.3,202.7,190.3,185.3,198.5,196.0,187.0,204.0,195.8
ED-0036,1293,21:33,184.3,201.7,194.7,188.2,205.5,190.7,185.6,199.9,193.6,185.9,203.5,196.4
ED-0036,1294,21:34,186.3,201.8,195.8,186.7,204.2,189.4,186.7,200.7,195.4,185.2,204.7,196.9
ED-0036,1295,21:35,185.0,201.4,195.0,186.8,204.5,188.5,185.8,198.9,194.7,186.5,203.2,196.0
ED-0036,1296,21:36,184.3,200.6,195.1,186.8,204.4,190.7,187.0,200.3,195.1,187.3,204.0,197.5
ED-0036,1297,21:37,185.3,202.2,195.4,187.4,201.8,190.0,185.1,198.9,195.3,186.7,203.8,196.9
ED-0036,1298,21:38,187.1,202.7,195.6,187.2,204.9,190.7,187.0,199.3,196.7,186.5,203.7,196.2
ED-0036,1299,21:39,185.4,203.6,195.3,184.6,204.7,189.0,187.1,199.4,195.4,183.7,203.5,196.7
ED-0036,1300,21:40,184.4,202.6,196.2,187.1,203.3,191.1,186.2,199.6,196.7,185.9,203.3,195.4
ED-0036,1301,21:41,184.4,202.5,195.2,186.6,203.1,188.1,185.0,198.6,192.9,186.0,201.7,195.6
ED-0036,1302,21:42,184.6,200.2,196.0,186.3,203.9,190.6,186.7,198.9,197.0,184.6,203.3,197.3
ED-0036,1303,21:43,185.1,202.2,196.4,188.1,203.7,189.5,186.0,201.2,195.2,188.1,204.2,197.3
ED-0036,1304,21:44,182.9,202.1,195.8,187.1,204.7,191.3,186.6,197.5,194.9,185.4,204.5,196.9
ED-0036,1305,21:45,187.1,200.5,195.8,187.9,205.9,192.3,185.7,199.9,193.8,186.5,202.6,194.7
ED-0036,1306,21:46,183.6,201.8,194.5,185.6,204.4,190.5,186.3,199.1,194.5,186.2,203.8,195.5
ED-0036,1307,21:47,184.8,202.8,195.6,186.9,205.6,191.6,186.2,198.2,194.4,185.5,202.8,197.6
ED-0036,1308,21:48,184.3,202.0,195.4,187.1,203.1,189.0,187.0,199.4,196.5,186.6,202.7,196.5
ED-0036,1309,21:49,185.2,202.5,195.0,188.6,205.2,189.1,185.5,199.2,196.1,185.0,204.4,196.0
ED-0036,1310,21:50,184.3,202.6,196.0,188.3,205.9,190.4,187.0,199.5,195.5,186.4,204.1,197.3
ED-0036,1311,21:51,185.5,201.2,196.2,186.6,202.8,190.3,186.0,199.9,196.5,186.5,203.7,198.8
ED-0036,1312,21:52,185.4,202.3,195.5,186.5,203.0,191.4,185.1,199.4,195.5,185.9,204.1,196.4
ED-0036,1313,21:53,186.2,202.0,196.3,187.8,205.3,189.9,186.2,199.9,195.7,186.4,202.6,198.5
ED-0036,1314,21:54,185.1,202.5,195.9,187.6,204.7,188.6,186.4,200.4,195.6,185.8,203.9,195.3
ED-0036,1315,21:55,186.0,202.3,195.3,187.7,204.9,190.2,185.0,198.8,194.7,186.2,204.5,197.9
ED-0036,1316,21:56,185.4,200.0,196.3,185.8,204.8,189.7,184.4,199.0,196.9,187.0,204.3,197.1
ED-0036,1317,21:57,185.1,201.6,195.2,188.1,202.9,191.3,187.2,201.2,194.1,184.6,205.1,196.5
ED-0036,1318,21:58,186.0,199.9,195.2,185.5,203.4,190.3,186.1,200.4,195.5,186.1,202.7,194.6
ED-0036,1319,21:59,186.6,200.9,195.9,186.6,203.5,188.7,187.4,201.1,195.0,184.7,203.7,195.8
ED-0036,1320,22:00,186.0,202.6,195.4,187.9,202.9,188.7,184.7,199.3,195.9,187.3,204.5,194.7
ED-0036,1321,22:01,185.9,202.0,195.0,186.5,204.8,191.6,186.6,199.5,194.8,185.3,203.9,196.3
ED-0036,1322,22:02,185.4,202.6,196.2,186.8,202.9,190.6,185.6,199.4,195.7,184.9,203.2,197.2
ED-0036,1323,22:03,187.2,201.6,196.1,187.1,203.0,189.4,187.3,200.5,195.4,184.3,202.5,196.6
ED-0036,1324,22:04,185.7,203.0,195.7,186.9,202.2,190.4,186.0,198.5,194.8,185.8,203.0,196.7
ED-0036,1325,22:05,184.5,201.0,194.9,187.3,204.3,191.4,186.0,199.9,195.3,186.2,204.0,198.1
ED-0036,1326,22:06,186.7,202.8,195.6,187.7,204.0,190.6,185.3,200.5,194.7,186.6,204.4,196.5
ED-0036,1327,22:07,185.8,200.7,195.3,185.7,203.0,189.3,185.4,198.5,195.0,184.9,204.1,195.5
ED-0036,1328,22:08,184.6,201.0,193.9,187.3,205.4,189.5,184.6,200.0,195.2,186.9,205.6,196.6
ED-0036,1329,22:09,185.5,200.5,194.9,186.8,203.4,190.9,186.0,200.4,195.2,186.1,203.6,197.6
ED-0036,1330,22:10,184.9,201.2,195.7,187.3,204.1,190.4,185.6,200.3,196.9,185.6,205.2,197.1
ED-0036,1331,22:11,186.9,202.0,197.0,186.8,203.4,189.8,185.2,200.4,195.4,185.1,205.1,197.4
ED-0036,1332,22:12,185.0,200.0,195.2,188.2,203.3,188.2,185.7,199.6,196.1,185.1,203.6,197.5
ED-0036,1333,22:13,183.0,201.8,194.8,186.6,203.2,191.4,184.1,201.5,195.5,185.6,203.9,197.0
ED-0036,1334,22:14,185.2,202.9,195.3,186.4,205.1,190.3,185.9,200.1,195.3,187.3,203.7,195.7
ED-0036,1335,22:15,184.5,201.9,196.5,187.5,204.5,190.6,186.9,200.6,195.8,187.0,202.5,197.5
ED-0036,1336,22:16,184.7,202.4,196.7,186.0,203.2,188.9,187.0,200.3,195.0,184.6,204.4,196.9
ED-0036,1337,22:17,185.4,202.2,197.3,186.2,204.2,191.3,187.4,199.1,194.5,185.9,204.2,195.8
ED-0036,1338,22:18,185.8,201.0,195.6,186.4,203.8,190.4,186.9,199.0,195.2,186.6,203.4,195.4
ED-0036,1339,22:19,185.5,202.5,196.1,186.4,203.4,189.9,185.7,200.0,194.1,185.5,203.1,196.6
ED-0036,1340,22:20,186.4,205.0,195.1,185.8,203.4,190.2,185.7,198.7,195.2,186.8,204.0,196.9
ED-0036,1341,22:21,184.8,202.2,196.2,185.9,204.6,189.9,186.9,198.8,195.5,185.9,203.8,196.2
ED-0036,1342,22:22,184.9,200.7,193.9,188.4,204.2,189.8,187.3,200.0,194.5,187.1,203.2,196.3
ED-0036,1343,22:23,185.5,202.7,195.3,185.8,203.1,191.0,185.9,197.9,196.4,186.3,203.6,196.5
ED-0036,1344,22:24,185.9,201.4,194.7,185.6,204.2,189.1,185.1,200.0,195.2,186.9,203.2,196.8
ED-0036,1345,22:25,185.2,202.2,194.9,187.5,203.6,189.8,186.2,198.2,195.5,186.1,203.3,197.4
ED-0036,1346,22:26,183.0,201.9,196.4,187.3,204.4,190.6,186.0,200.4,196.6,186.5,203.5,198.3
ED-0036,1347,22:27,183.9,200.2,195.4,185.7,203.8,190.0,186.6,199.6,194.0,184.4,203.8,196.6
ED-0036,1348,22:28,184.8,202.9,194.9,186.8,204.0,189.3,185.3,198.8,194.7,185.2,203.4,196.0
ED-0036,1349,22:29,184.7,202.2,197.1,187.5,203.1,189.7,187.2,198.5,194.4,186.4,204.5,197.0
ED-0036,1350,22:30,184.2,200.1,194.5,186.1,203.1,189.1,186.9,198.5,195.4,186.3,203.8,197.6
ED-0036,1351,22:31,186.3,201.8,197.5,187.2,204.3,189.6,186.5,200.4,194.5,184.6,204.0,197.2
ED-0036,1352,22:32,185.5,201.6,197.2,185.3,203.4,189.6,185.5,200.3,194.5,186.0,205.2,195.8
ED-0036,1353,22:33,187.2,201.5,194.8,187.0,204.1,190.2,187.1,200.3,195.0,186.5,203.3,195.9
ED-0036,1354,22:34,184.9,201.8,197.0,187.9,204.0,191.4,184.7,199.3,195.9,186.7,204.0,196.3
ED-0036,1355,22:35,186.8,202.1,198.3,187.2,203.2,189.6,187.3,199.4,196.8,185.2,202.7,196.2
ED-0036,1356,22:36,186.0,199.6,197.4,187.5,204.3,188.0,186.0,199.6,195.0,185.3,203.4,196.3
ED-0036,1357,22:37,185.2,201.9,196.2,188.1,203.4,190.2,186.4,200.6,194.1,184.9,202.6,197.2
ED-0036,1358,22:38,185.2,202.1,194.9,189.0,203.8,190.1,184.8,198.3,194.8,186.6,203.7,198.4
ED-0036,1359,22:39,185.0,201.3,196.3,186.2,204.3,191.1,186.2,201.5,194.7,185.9,202.8,195.3
ED-0036,1360,22:40,186.1,201.7,195.2,188.3,204.7,189.6,186.6,199.3,195.7,184.7,203.3,198.1
ED-0036,1361,22:41,185.9,202.0,195.7,187.9,204.5,190.8,186.0,197.6,195.5,185.8,202.7,196.5
ED-0036,1362,22:42,185.2,202.8,196.2,188.3,204.8,190.2,186.6,198.6,195.4,185.9,204.0,196.5
ED-0036,1363,22:43,186.8,200.6,195.3,187.5,204.0,190.3,186.6,197.9,195.5,186.0,203.4,198.5
ED-0036,1364,22:44,185.8,201.7,195.4,186.3,204.1,189.9,185.7,201.2,195.5,185.7,203.7,197.2
ED-0036,1365,22:45,185.2,200.8,195.5,188.2,204.8,190.1,185.9,197.8,195.4,185.4,203.3,196.3
ED-0036,1366,22:46,185.5,201.3,196.3,187.7,204.0,190.1,186.0,200.1,194.4,187.6,204.3,196.3
ED-0036,1367,22:47,184.9,201.7,194.9,187.7,204.1,190.5,184.8,200.5,194.1,184.6,203.1,197.5
ED-0036,1368,22:48,184.6,203.0,194.0,186.7,202.7,190.7,184.9,199.0,196.8,184.7,203.8,195.0
ED-0036,1369,22:49,185.6,202.2,195.8,186.9,203.2,190.1,186.1,199.7,195.5,185.5,204.1,195.6
ED-0036,1370,22:50,184.3,201.9,195.9,187.5,203.0,190.9,186.0,198.5,195.4,187.0,203.7,195.5
ED-0036,1371,22:51,185.8,201.9,195.7,186.2,204.1,189.5,185.4,198.8,194.8,184.4,204.2,197.2
ED-0036,1372,22:52,184.5,201.7,196.7,185.7,205.6,190.5,186.9,198.9,194.9,187.4,202.7,197.6
ED-0036,1373,22:53,184.8,201.7,195.4,187.2,204.7,190.5,184.7,198.5,194.5,186.5,203.6,196.7
ED-0036,1374,22:54,184.5,203.6,193.9,187.8,203.5,191.3,186.7,199.5,196.8,185.2,202.9,197.0
ED-0036,1375,22:55,184.9,201.0,195.7,187.0,203.3,190.6,185.8,198.7,195.7,184.3,203.1,197.1
ED-0036,1376,22:56,184.2,202.7,194.5,186.3,202.7,190.9,185.7,199.8,195.7,186.2,203.4,196.3
ED-0036,1377,22:57,186.6,202.0,197.0,187.8,203.0,190.2,185.7,200.2,195.1,186.7,205.1,196.1
ED-0036,1378,22:58,185.0,202.5,195.6,187.8,203.9,190.4,186.9,199.6,196.4,185.8,203.9,197.3
ED-0036,1379,22:59,185.6,202.9,194.7,186.5,204.2,189.9,185.0,199.5,194.9,185.6,204.0,197.6
ED-0036,1380,23:00,186.0,201.7,196.7,186.6,204.4,190.8,186.3,200.3,194.9,186.3,202.7,195.7
ED-0036,1381,23:01,186.5,202.2,194.9,186.7,204.2,191.4,186.8,201.5,196.2,186.6,202.3,196.6
ED-0036,1382,23:02,185.3,201.3,195.2,186.9,205.3,189.8,185.9,199.0,197.5,186.0,204.4,196.9
ED-0036,1383,23:03,186.0,201.8,196.1,186.9,204.7,191.8,186.2,200.8,193.9,185.2,204.7,196.6
ED-0036,1384,23:04,187.8,202.7,195.4,185.7,204.6,190.1,186.4,199.4,194.8,186.3,204.4,196.9
ED-0036,1385,23:05,185.4,202.3,196.3,186.4,203.9,190.0,185.5,198.9,195.2,185.5,202.9,195.7
ED-0036,1386,23:06,184.5,203.4,194.8,187.6,205.1,189.5,186.3,200.6,195.2,185.7,203.7,194.9
ED-0036,1387,23:07,185.1,202.0,195.5,186.8,204.1,190.7,186.8,200.8,193.9,184.3,204.2,196.8
ED-0036,1388,23:08,183.3,202.4,194.8,187.6,203.2,189.3,186.9,199.2,195.8,185.6,204.0,198.3
ED-0036,1389,23:09,185.7,202.6,195.1,187.8,205.0,190.0,184.7,198.8,196.4,187.4,204.8,197.0
ED-0036,1390,23:10,186.7,202.4,195.1,187.4,204.2,190.8,185.8,199.3,194.3,186.8,203.0,196.0
ED-0036,1391,23:11,185.0,201.0,195.7,187.4,205.2,191.5,186.4,199.2,196.5,187.6,204.5,197.6
ED-0036,1392,23:12,184.7,202.7,194.9,187.5,203.8,189.9,186.7,199.5,195.0,186.1,204.1,196.5
ED-0036,1393,23:13,183.6,201.8,196.4,186.8,204.5,189.4,187.7,200.4,195.6,186.6,203.5,196.0
ED-0036,1394,23:14,185.0,202.4,195.4,187.3,203.4,189.8,185.2,201.0,195.2,186.6,203.7,196.1
ED-0036,1395,23:15,185.9,201.8,193.8,187.3,202.1,188.8,186.0,199.9,195.6,184.9,204.4,196.2
ED-0036,1396,23:16,185.6,200.8,195.3,187.3,205.4,189.6,185.0,198.2,196.0,186.0,203.3,198.3
ED-0036,1397,23:17,185.9,201.9,195.5,188.4,204.6,189.7,187.3,199.4,195.8,185.7,203.8,196.5
ED-0036,1398,23:18,184.8,201.9,194.2,187.6,203.8,189.7,185.7,199.2,196.5,184.4,205.0,197.3
ED-0036,1399,23:19,185.5,202.8,195.0,187.0,203.8,190.2,186.6,199.4,197.0,185.3,203.7,197.8
ED-0036,1400,23:20,184.1,201.5,194.4,185.4,202.3,189.7,187.1,199.8,194.8,186.9,204.6,197.5
ED-0036,1401,23:21,185.5,203.1,195.6,186.9,204.4,189.3,187.7,199.5,194.4,184.9,203.5,196.5
ED-0036,1402,23:22,187.1,201.6,196.2,185.9,204.4,190.6,185.5,199.8,195.5,184.0,205.4,197.5
ED-0036,1403,23:23,185.8,201.4,194.7,186.7,203.9,188.1,185.9,198.0,195.6,186.5,205.6,195.0
ED-0036,1404,23:24,186.5,201.0,195.3,188.2,203.9,189.0,185.3,199.4,193.9,184.8,204.3,196.0
ED-0036,1405,23:25,184.3,200.7,195.2,187.4,202.3,188.5,185.1,200.1,196.2,186.2,203.3,197.0
ED-0036,1406,23:26,184.8,201.0,195.0,185.4,206.2,190.4,185.9,199.3,196.3,186.1,204.5,197.5
ED-0036,1407,23:27,184.0,202.0,195.6,187.5,205.4,192.1,186.2,199.5,194.8,185.7,204.4,197.0
ED-0036,1408,23:28,184.6,200.8,194.8,185.9,203.9,190.5,185.5,199.4,194.8,185.8,204.6,197.3
ED-0036,1409,23:29,186.1,203.1,195.3,188.5,202.3,190.8,187.4,200.0,196.0,186.2,203.0,196.7
ED-0036,1410,23:30,186.0,202.1,194.8,185.7,204.2,190.4,185.3,198.7,195.5,185.1,203.5,195.4
ED-0036,1411,23:31,185.0,201.9,195.7,186.8,203.5,191.4,185.7,199.7,196.5,185.0,204.5,197.8
ED-0036,1412,23:32,183.4,201.4,196.2,187.9,204.3,190.4,184.9,198.9,195.1,186.3,204.0,196.4
ED-0036,1413,23:33,184.6,201.1,196.1,186.5,204.8,190.1,185.9,199.0,196.0,186.7,204.6,197.3
ED-0036,1414,23:34,185.3,201.1,195.4,187.9,203.1,190.7,186.7,198.8,195.8,186.7,203.3,197.0
ED-0036,1415,23:35,185.6,201.5,196.2,187.4,202.9,189.1,185.1,199.8,194.6,187.5,204.6,196.6
ED-0036,1416,23:36,184.5,202.2,196.1,186.1,203.3,190.9,186.8,199.9,195.2,185.6,204.4,196.7
ED-0036,1417,23:37,186.4,202.6,194.7,188.0,201.9,190.1,185.6,199.2,195.6,185.5,203.5,198.2
ED-0036,1418,23:38,185.5,203.2,195.2,186.1,203.7,192.5,186.4,200.8,195.0,186.1,204.2,195.8
ED-0036,1419,23:39,185.9,204.0,195.3,188.2,203.0,191.5,185.6,199.8,195.3,186.2,203.2,196.8
ED-0036,1420,23:40,184.1,200.4,195.5,187.5,204.0,189.9,186.6,200.5,195.4,186.6,204.1,195.7
ED-0036,1421,23:41,185.4,202.3,196.0,188.1,203.3,190.3,186.3,200.4,195.7,186.3,204.5,197.1
ED-0036,1422,23:42,185.1,200.2,195.0,187.0,203.6,191.3,186.7,197.9,194.3,187.5,204.1,196.6
ED-0036,1423,23:43,185.2,202.4,195.7,187.6,203.1,190.5,185.6,199.6,195.2,185.5,203.2,196.8
ED-0036,1424,23:44,185.8,202.5,195.4,186.3,204.0,189.6,186.2,200.6,194.9,187.0,204.1,196.4
ED-0036,1425,23:45,183.2,200.8,196.4,188.5,204.0,190.0,187.3,199.0,194.7,185.7,204.4,194.9
ED-0036,1426,23:46,184.6,202.4,196.4,186.8,204.6,190.0,186.0,201.2,196.0,184.2,204.2,197.0
ED-0036,1427,23:47,185.9,201.4,195.8,186.7,204.1,190.5,185.1,200.1,194.8,185.6,204.5,196.3
ED-0036,1428,23:48,185.2,201.9,197.0,187.1,203.8,190.4,185.5,200.6,195.2,187.0,203.1,196.4
ED-0036,1429,23:49,186.0,201.9,196.0,185.3,203.2,190.3,186.8,198.4,195.7,185.7,203.8,197.1
ED-0036,1430,23:50,185.3,201.9,195.4,186.4,203.4,191.4,183.8,199.1,196.0,185.1,204.6,196.3
ED-0036,1431,23:51,186.7,201.3,195.0,185.9,203.7,191.0,184.5,200.6,194.5,185.7,202.7,196.5
ED-0036,1432,23:52,184.8,202.3,195.7,186.8,202.9,188.6,185.0,199.7,196.0,187.5,203.4,197.4
ED-0036,1433,23:53,186.8,201.3,194.3,186.0,204.7,189.9,185.8,200.2,195.4,186.1,204.7,197.8
ED-0036,1434,23:54,184.6,200.6,195.6,186.8,204.5,190.4,184.5,199.6,195.1,185.7,204.0,197.2
ED-0036,1435,23:55,185.5,201.1,195.1,186.4,204.9,190.0,186.7,200.5,193.7,186.2,204.3,197.7
ED-0036,1436,23:56,185.9,201.7,194.2,187.3,204.0,190.6,186.3,199.2,195.3,183.5,203.3,196.1
ED-0036,1437,23:57,184.1,202.8,194.9,186.3,205.9,190.9,185.4,200.3,196.7,184.9,203.1,196.1
ED-0036,1438,23:58,186.5,201.9,195.7,185.2,204.6,190.9,187.0,200.2,195.3,185.9,204.0,197.1
ED-0036,1439,23:59,184.6,201.9,195.1,187.6,202.5,189.7,185.1,199.6,196.3,186.6,205.3,196.3
ED-0036,1440,24:00,184.2,203.3,196.1,185.3,204.8,190.0,186.1,199.9,195.3,186.4,203.7,196.5
ED-0036,1441,24:01,185.4,203.0,195.6,189.2,204.1,189.5,183.9,197.9,194.9,184.1,204.5,196.7
ED-0036,1442,24:02,185.2,202.7,195.6,187.5,205.4,190.6,186.5,198.7,195.9,184.3,204.2,197.0
ED-0036,1443,24:03,185.4,200.9,195.8,186.9,202.9,190.4,185.7,200.1,196.1,187.1,204.4,197.8
ED-0036,1444,24:04,185.5,202.5,196.6,186.7,203.7,189.3,186.8,199.5,195.4,185.0,205.1,195.5
ED-0036,1445,24:05,185.9,201.3,195.4,188.9,202.7,189.3,187.8,200.0,196.7,186.2,202.8,196.8
ED-0036,1446,24:06,185.2,201.9,195.6,186.1,203.6,189.9,186.2,199.3,196.4,186.0,205.3,197.2
ED-0036,1447,24:07,185.3,202.2,195.7,188.0,205.5,189.6,186.4,201.1,196.4,186.7,202.7,196.2
ED-0036,1448,24:08,185.2,201.0,196.7,184.9,203.8,190.1,186.5,199.0,195.8,185.8,206.0,195.4
ED-0036,1449,24:09,185.6,203.6,194.8,186.8,204.5,192.0,186.6,199.5,195.8,186.0,204.0,197.3
ED-0036,1450,24:10,185.6,201.3,195.9,186.8,205.1,190.4,186.8,198.6,194.2,185.0,202.7,195.8
ED-0036,1451,24:11,183.7,201.4,194.5,186.6,204.1,189.8,186.6,199.3,195.8,186.6,205.4,197.6
ED-0036,1452,24:12,187.4,202.7,195.7,187.4,202.9,189.8,186.7,200.3,194.7,185.3,202.7,194.8
ED-0036,1453,24:13,184.0,201.4,194.2,187.6,204.3,189.5,186.0,200.0,196.5,186.6,205.5,197.5
ED-0036,1454,24:14,184.6,202.0,195.6,186.7,205.5,189.9,186.1,201.0,194.1,186.4,202.7,195.1
ED-0036,1455,24:15,185.8,202.4,195.7,188.2,204.7,189.9,185.1,199.3,195.3,185.2,204.7,196.2
ED-0036,1456,24:16,186.0,202.3,196.3,187.4,204.1,189.5,185.7,200.2,195.4,185.2,204.1,198.3
ED-0036,1457,24:17,185.4,202.8,195.5,186.8,204.0,189.3,188.2,201.1,195.5,186.8,202.6,197.0
ED-0036,1458,24:18,184.8,200.1,196.2,185.3,204.4,189.7,185.7,199.4,194.4,186.5,204.3,196.1
ED-0036,1459,24:19,186.1,202.6,196.0,187.8,203.6,189.9,184.5,199.1,193.5,185.3,203.6,195.9
ED-0036,1460,24:20,184.7,201.4,195.1,187.6,203.7,190.4,187.6,200.5,195.5,186.7,203.5,196.0
ED-0036,1461,24:21,185.6,201.5,194.2,188.4,204.9,190.2,185.1,199.9,195.4,186.3,203.9,196.9
ED-0036,1462,24:22,185.2,202.7,196.0,186.4,204.2,191.8,186.7,199.4,195.7,184.8,203.6,196.0
ED-0036,1463,24:23,186.5,202.4,196.1,187.5,202.8,188.8,185.9,200.8,194.6,185.7,204.7,196.3
ED-0036,1464,24:24,185.3,200.2,195.5,187.9,204.2,190.6,185.7,199.8,195.6,184.7,203.1,196.4
ED-0036,1465,24:25,185.8,201.5,195.0,187.7,203.3,189.0,186.6,200.5,195.2,186.3,202.8,195.5
ED-0036,1466,24:26,184.4,203.6,195.4,185.2,203.3,190.7,187.3,199.3,195.2,185.0,204.6,194.9
ED-0036,1467,24:27,185.2,202.1,196.6,187.1,204.3,191.4,186.5,198.9,195.4,184.5,203.9,196.3
ED-0036,1468,24:28,186.0,202.3,194.7,187.1,203.1,190.5,185.2,199.7,196.0,186.6,204.2,197.0
ED-0036,1469,24:29,185.2,202.0,195.4,187.1,203.5,190.3,185.3,200.0,195.9,184.7,204.2,196.3
ED-0036,1470,24:30,186.4,200.9,195.2,187.9,203.6,189.5,185.6,200.2,195.4,187.0,203.9,197.1
ED-0036,1471,24:31,183.6,201.2,195.9,186.6,203.8,190.6,186.4,199.2,196.1,185.4,203.1,196.1
ED-0036,1472,24:32,185.5,200.7,195.7,187.3,204.9,189.8,186.1,199.2,196.1,186.9,202.9,196.7
ED-0036,1473,24:33,184.9,204.3,195.1,185.9,203.7,189.7,186.5,199.1,196.2,183.4,201.6,196.8
ED-0036,1474,24:34,186.3,202.9,195.1,186.4,203.2,189.7,186.2,199.7,195.4,184.9,205.0,196.0
ED-0036,1475,24:35,184.4,201.3,196.7,186.8,203.4,190.1,185.1,198.8,194.1,184.4,202.9,195.5
ED-0036,1476,24:36,184.6,202.5,194.8,187.4,202.7,189.2,186.2,198.5,194.6,184.3,203.4,194.6
ED-0036,1477,24:37,185.0,201.2,194.4,186.5,204.2,190.3,187.0,201.2,194.7,186.2,203.8,197.1
ED-0036,1478,24:38,183.7,202.2,196.2,187.0,204.1,189.2,185.8,199.2,194.7,185.9,203.9,197.7
ED-0036,1479,24:39,184.3,201.8,197.2,187.4,204.7,190.2,185.7,198.4,194.8,186.7,204.3,196.4
ED-0036,1480,24:40,184.7,200.7,193.3,187.5,204.4,189.8,184.9,199.4,194.6,184.9,205.3,196.7
ED-0036,1481,24:41,186.1,200.8,195.6,187.6,204.8,190.2,185.9,198.5,196.0,186.6,203.8,196.2
ED-0036,1482,24:42,184.0,200.3,195.3,187.0,202.9,189.0,186.0,197.8,194.4,184.0,204.2,196.8
ED-0036,1483,24:43,185.0,202.8,195.0,186.4,205.6,190.6,186.3,200.5,195.6,186.3,204.4,196.4
ED-0036,1484,24:44,184.9,202.8,196.0,186.8,203.8,190.4,185.8,200.3,195.2,186.5,204.5,196.6
ED-0036,1485,24:45,185.4,201.3,194.9,186.3,204.2,189.1,187.2,198.8,195.4,186.0,203.1,196.1
ED-0036,1486,24:46,185.4,201.1,194.6,185.6,205.5,189.5,185.5,200.3,192.5,185.9,202.1,196.0
ED-0036,1487,24:47,185.0,201.1,196.3,188.4,205.2,190.1,186.5,199.0,195.4,187.0,203.0,195.0
ED-0036,1488,24:48,184.9,201.6,194.4,185.3,204.9,191.3,185.4,199.2,196.6,186.3,203.7,196.4
ED-0036,1489,24:49,185.6,202.1,194.8,186.5,203.6,188.2,186.5,199.8,193.9,186.1,203.4,195.6
ED-0036,1490,24:50,185.1,203.1,195.4,188.0,203.7,192.3,186.1,199.1,195.0,184.9,203.3,195.3
ED-0036,1491,24:51,184.9,202.8,196.8,188.5,204.7,189.7,186.3,199.4,195.8,185.2,202.5,198.3
ED-0036,1492,24:52,187.2,203.5,195.1,186.7,203.3,189.4,184.7,199.6,195.7,185.3,202.2,197.0
ED-0036,1493,24:53,185.6,202.5,195.1,187.3,204.3,190.7,187.5,199.9,195.2,186.9,204.5,196.1
ED-0036,1494,24:54,184.3,202.5,194.7,186.1,204.5,189.6,186.2,199.8,194.2,184.7,203.2,199.3
ED-0036,1495,24:55,185.7,201.0,197.0,187.3,202.8,189.2,185.6,201.2,195.3,187.4,205.0,196.4
ED-0036,1496,24:56,185.2,201.0,196.0,184.3,202.6,189.1,187.4,200.8,194.5,187.0,202.6,195.2
ED-0036,1497,24:57,184.1,203.3,196.7,187.7,203.0,191.7,186.9,200.1,195.6,185.6,203.8,196.7
ED-0036,1498,24:58,185.0,201.4,196.6,186.3,204.2,190.5,186.0,199.8,195.0,185.6,203.2,196.8
ED-0036,1499,24:59,186.3,203.2,195.6,188.9,204.2,191.4,184.9,199.6,195.6,186.7,203.8,196.7
ED-0036,1500,25:00,185.9,200.9,195.2,189.3,204.8,190.0,186.1,199.9,194.1,186.3,203.5,196.6
ED-0036,1501,25:01,186.5,201.3,194.5,186.2,203.7,190.7,184.9,201.1,195.8,187.1,204.0,196.3
ED-0036,1502,25:02,186.6,202.4,195.7,186.0,202.0,189.8,186.1,199.2,195.6,186.3,203.4,196.2
ED-0036,1503,25:03,185.8,201.1,194.0,189.9,203.0,190.5,184.9,199.4,196.1,187.1,202.5,196.2
ED-0036,1504,25:04,184.2,203.1,193.6,186.2,203.3,192.3,185.9,200.2,194.5,185.8,203.4,195.7
ED-0036,1505,25:05,184.6,201.3,195.7,188.6,204.8,189.9,185.2,200.0,194.1,186.1,205.2,197.5
ED-0036,1506,25:06,185.4,201.6,196.9,188.1,203.6,188.8,185.9,199.3,196.4,184.7,204.2,195.4
ED-0036,1507,25:07,186.2,201.9,194.8,187.6,204.0,190.5,187.2,199.4,196.7,185.6,203.3,197.0
ED-0036,1508,25:08,185.7,202.0,196.0,188.2,202.6,190.1,185.9,199.4,195.4,184.6,202.9,197.9
ED-0036,1509,25:09,185.6,201.6,195.6,186.8,204.4,191.4,186.0,197.8,193.8,186.0,205.1,194.8
ED-0036,1510,25:10,185.5,201.5,195.0,187.1,204.0,189.1,186.0,200.8,194.1,185.4,204.2,196.1
ED-0036,1511,25:11,185.8,204.3,197.9,186.9,204.9,190.7,185.3,200.1,195.7,186.5,205.5,198.4
ED-0036,1512,25:12,185.2,201.1,197.1,185.5,202.4,190.7,185.7,199.7,195.6,185.3,203.3,196.8
ED-0036,1513,25:13,185.7,204.0,193.9,187.1,203.9,189.9,183.9,200.5,197.1,185.2,204.7,195.8
ED-0036,1514,25:14,186.0,201.7,196.5,186.9,204.4,190.1,186.0,199.1,195.0,186.9,203.7,196.3
ED-0036,1515,25:15,185.5,203.1,195.1,186.8,203.1,189.8,186.3,198.4,194.7,186.1,205.0,196.9
ED-0036,1516,25:16,184.8,201.9,196.1,187.4,203.5,189.9,186.2,200.0,193.6,185.1,203.5,196.0
ED-0036,1517,25:17,183.9,201.3,195.1,185.0,203.0,189.6,186.9,199.1,193.7,185.5,203.7,196.3
ED-0036,1518,25:18,187.4,202.9,195.2,187.6,204.0,190.3,184.3,199.0,194.9,185.2,204.1,195.3
ED-0036,1519,25:19,183.8,202.8,194.8,186.9,203.9,190.4,185.9,199.1,194.5,185.9,205.1,195.2
ED-0036,1520,25:20,185.0,202.5,195.0,187.8,203.3,192.2,186.7,199.9,195.0,186.7,203.4,197.7
ED-0036,1521,25:21,183.6,201.7,197.2,186.8,203.8,189.4,185.8,200.3,196.2,186.1,203.8,196.4
ED-0036,1522,25:22,185.7,203.6,196.8,187.2,204.5,189.7,184.5,199.3,195.7,186.2,204.7,198.3
ED-0036,1523,25:23,185.8,201.8,194.4,186.9,202.1,189.4,186.6,199.6,194.2,186.9,204.4,196.3
ED-0036,1524,25:24,185.7,203.0,194.5,187.0,204.2,189.1,185.5,199.8,195.0,185.0,202.4,195.0
ED-0036,1525,25:25,184.8,201.0,195.3,186.3,203.9,190.0,184.5,199.8,194.6,185.7,205.5,196.6
ED-0036,1526,25:26,185.2,200.8,195.5,187.6,204.2,190.8,185.1,198.7,195.2,186.0,204.4,196.4
ED-0036,1527,25:27,185.6,203.2,195.2,186.2,203.4,190.1,186.7,198.5,195.2,185.3,203.4,197.6
ED-0036,1528,25:28,184.5,201.0,195.2,187.7,205.1,189.8,186.3,198.1,195.7,185.4,205.0,196.9
ED-0036,1529,25:29,184.7,202.6,196.3,187.2,203.1,189.8,184.8,198.5,196.2,185.0,202.8,196.3
ED-0036,1530,25:30,186.2,201.6,195.7,188.1,204.2,190.2,186.1,201.6,196.6,185.2,203.3,197.0
ED-0036,1531,25:31,184.6,201.7,194.8,187.8,203.7,189.8,186.3,199.0,194.7,186.8,203.4,197.1
ED-0036,1532,25:32,184.5,202.2,194.2,187.9,204.0,190.7,186.5,200.7,194.6,187.4,203.1,196.4
ED-0036,1533,25:33,186.5,201.7,196.1,186.2,204.7,189.7,185.8,197.9,194.3,186.3,203.2,195.3
ED-0036,1534,25:34,184.6,201.0,194.2,186.2,204.0,190.0,186.2,199.7,195.8,184.6,202.6,198.3
ED-0036,1535,25:35,184.3,203.3,195.5,186.2,204.0,191.1,186.8,199.9,194.7,187.2,201.8,195.0
ED-0036,1536,25:36,184.6,201.0,193.6,187.9,204.8,190.9,186.1,199.0,194.3,185.2,203.8,195.8
ED-0036,1537,25:37,185.2,202.1,195.4,186.4,204.3,188.9,185.4,199.7,195.7,186.0,204.0,197.1
ED-0036,1538,25:38,185.2,202.4,195.8,187.2,204.6,191.4,184.7,200.1,194.3,185.8,203.6,195.9
ED-0036,1539,25:39,184.9,202.9,195.3,185.8,203.0,189.1,186.8,200.4,196.0,186.5,204.1,195.6
ED-0036,1540,25:40,185.8,201.4,194.9,186.4,204.7,188.7,184.1,199.0,195.6,186.2,203.7,198.0
ED-0036,1541,25:41,185.6,200.0,195.8,187.7,202.8,189.6,186.0,198.4,195.3,186.0,204.6,195.7
ED-0036,1542,25:42,184.7,202.4,196.3,185.0,203.1,190.6,185.6,199.9,195.1,184.3,203.6,195.6
ED-0036,1543,25:43,185.4,201.7,195.9,188.0,202.7,191.5,186.1,198.7,196.8,186.1,203.2,196.4
ED-0036,1544,25:44,186.0,202.2,195.1,188.0,203.2,189.9,186.1,200.1,195.2,185.7,204.4,197.3
ED-0036,1545,25:45,183.8,201.4,197.1,186.0,204.8,192.6,186.3,200.6,194.6,185.3,203.8,196.6
ED-0036,1546,25:46,186.0,203.4,195.6,186.2,203.6,191.0,184.7,197.6,194.4,186.3,203.8,196.8
ED-0036,1547,25:47,185.9,201.3,194.5,184.9,203.7,189.9,186.0,199.5,196.1,187.1,204.2,195.8
ED-0036,1548,25:48,184.6,203.2,195.8,186.0,204.6,190.1,184.7,199.0,193.9,186.3,203.8,196.6
ED-0036,1549,25:49,184.1,202.3,195.6,187.6,203.6,190.1,186.3,198.6,195.0,186.8,203.8,196.9
ED-0036,1550,25:50,185.2,201.5,195.3,186.4,203.7,190.3,185.4,199.7,195.5,185.2,202.8,196.1
ED-0036,1551,25:51,186.1,202.2,194.9,185.7,203.3,191.3,186.4,199.9,196.0,185.5,203.8,196.1
ED-0036,1552,25:52,185.5,203.0,195.3,186.5,205.2,189.2,187.8,199.7,196.0,186.3,204.1,198.5
ED-0036,1553,25:53,185.2,202.1,195.3,187.3,203.4,188.1,186.8,200.4,194.4,185.4,203.6,196.3
ED-0036,1554,25:54,185.3,202.6,196.3,186.2,202.0,190.0,184.7,199.9,196.1,186.0,203.4,197.3
ED-0036,1555,25:55,183.9,201.5,194.8,186.2,203.1,189.4,186.3,201.2,195.5,185.1,204.9,195.9
ED-0036,1556,25:56,185.2,201.4,194.4,187.0,203.8,190.2,186.4,199.1,194.5,185.1,204.0,196.7
ED-0036,1557,25:57,186.0,201.8,197.3,187.4,204.0,190.3,185.6,198.8,196.0,186.5,204.1,195.8
ED-0036,1558,25:58,185.3,199.6,195.4,187.2,203.8,189.9,185.5,199.1,195.0,186.7,204.5,197.1
ED-0036,1559,25:59,185.5,202.3,196.0,186.4,203.0,189.3,185.7,199.0,197.0,186.0,204.0,197.3
ED-0036,1560,26:00,185.4,202.2,194.7,187.1,204.1,188.4,184.6,198.2,196.7,185.4,203.9,196.4
ED-0036,1561,26:01,183.8,202.2,195.4,187.3,202.8,189.7,185.9,200.4,195.2,187.1,203.6,196.3
ED-0036,1562,26:02,184.2,202.0,194.6,188.2,203.3,191.6,185.2,199.0,194.7,186.7,203.9,197.5
ED-0036,1563,26:03,184.9,201.4,194.6,185.9,204.8,191.0,186.0,198.6,195.7,186.3,204.7,196.8
ED-0036,1564,26:04,185.3,201.6,194.8,186.8,203.5,189.3,187.5,199.2,196.7,184.2,205.1,197.3
ED-0036,1565,26:05,185.9,201.9,195.4,186.7,203.8,189.9,185.3,198.3,195.4,185.6,203.4,196.8
ED-0036,1566,26:06,184.7,201.0,196.0,186.1,203.9,189.8,186.4,198.0,194.1,186.4,205.2,195.9
ED-0036,1567,26:07,185.2,202.3,196.4,186.7,205.2,191.8,185.8,198.7,195.7,185.8,204.4,196.8
ED-0036,1568,26:08,185.2,202.1,195.5,187.2,204.2,189.8,186.2,199.9,195.9,183.9,204.7,196.0
ED-0036,1569,26:09,185.8,202.0,194.5,186.8,203.8,190.0,185.6,199.7,194.8,185.5,204.6,196.5
ED-0036,1570,26:10,184.9,200.7,195.9,187.6,203.3,190.1,185.1,200.3,194.8,186.9,203.4,196.6
ED-0036,1571,26:11,184.6,201.0,195.4,185.9,203.2,190.4,185.7,199.4,195.6,186.5,203.9,196.6
ED-0036,1572,26:12,186.1,202.8,194.1,187.9,202.5,189.7,186.7,198.4,196.8,187.0,203.5,196.2
ED-0036,1573,26:13,185.0,202.3,194.4,186.3,202.4,192.9,186.9,200.3,196.5,187.2,203.1,196.0
ED-0036,1574,26:14,186.0,202.4,196.8,188.2,204.2,190.7,186.7,197.2,193.9,185.0,204.4,196.8
ED-0036,1575,26:15,185.5,201.5,196.3,185.4,205.4,190.5,186.0,198.4,196.5,187.5,203.4,196.6
ED-0036,1576,26:16,184.8,201.5,196.1,187.0,203.4,190.0,187.8,198.8,194.5,186.6,202.7,196.8
ED-0036,1577,26:17,185.6,203.1,196.1,186.8,204.7,190.1,185.7,200.4,196.1,187.7,204.3,198.0
ED-0036,1578,26:18,184.2,201.6,196.7,187.3,202.8,189.5,187.3,199.2,195.0,186.0,203.5,197.2
ED-0036,1579,26:19,184.7,203.1,195.3,187.9,202.8,190.1,185.8,199.5,195.5,184.9,203.1,197.7
ED-0036,1580,26:20,185.2,202.1,195.4,186.3,204.3,188.4,185.9,199.0,196.9,186.6,202.6,197.7
ED-0036,1581,26:21,185.6,201.7,196.4,187.5,204.3,189.0,185.8,200.4,195.1,186.3,205.4,195.2
ED-0036,1582,26:22,185.4,203.4,195.9,186.3,203.1,189.7,185.9,198.4,194.5,185.3,204.1,196.4
ED-0036,1583,26:23,183.7,201.7,195.0,188.1,204.3,191.2,187.1,200.1,196.4,186.5,203.6,197.6
ED-0036,1584,26:24,186.1,202.3,194.7,186.8,204.0,190.8,185.6,198.8,195.5,185.5,205.3,196.1
ED-0036,1585,26:25,187.0,201.4,196.2,185.6,204.1,189.2,185.7,197.6,195.9,186.3,203.3,197.0
ED-0036,1586,26:26,186.7,201.8,194.7,187.6,203.9,190.4,185.5,199.5,195.3,185.4,201.7,196.0
ED-0036,1587,26:27,186.1,203.3,195.6,186.5,202.7,191.4,186.3,199.7,195.5,185.1,203.6,195.8
ED-0036,1588,26:28,186.0,202.6,196.2,188.7,204.2,188.7,186.6,199.0,196.1,186.3,204.1,195.3
ED-0036,1589,26:29,184.9,201.3,196.3,187.7,204.1,190.5,185.8,200.1,194.8,186.3,203.8,197.3
ED-0036,1590,26:30,185.0,201.1,196.0,186.2,206.9,189.2,185.9,198.9,195.9,185.3,203.6,196.3
ED-0036,1591,26:31,186.2,204.4,195.2,186.7,203.8,190.0,186.5,199.3,196.2,186.3,203.8,195.6
ED-0036,1592,26:32,184.5,202.3,194.2,186.4,203.9,189.6,187.7,198.3,194.9,185.4,201.8,197.6
ED-0036,1593,26:33,185.3,201.7,195.1,187.2,202.8,191.3,187.1,199.5,195.7,187.7,202.8,195.9
ED-0036,1594,26:34,186.4,203.0,195.8,187.5,203.7,191.1,185.7,199.0,196.3,186.4,203.6,196.4
ED-0036,1595,26:35,184.8,200.5,196.1,184.8,205.3,190.3,185.8,198.9,194.7,186.7,203.2,195.2
ED-0036,1596,26:36,184.8,199.7,196.2,186.3,202.6,190.0,186.5,199.0,194.6,186.3,204.1,196.7
ED-0036,1597,26:37,185.8,202.9,195.6,186.0,202.6,190.5,186.5,198.4,194.2,186.0,203.6,196.4
ED-0036,1598,26:38,186.5,201.0,194.3,184.9,203.0,191.0,186.0,200.4,195.3,186.9,204.2,197.0
ED-0036,1599,26:39,184.7,201.3,195.3,186.8,204.3,189.3,185.1,199.7,195.7,185.9,204.7,197.3
ED-0036,1600,26:40,183.4,203.0,195.5,187.6,204.5,189.9,184.1,200.9,194.6,185.1,203.4,196.4
ED-0036,1601,26:41,184.3,202.9,194.8,187.0,203.6,188.6,186.0,199.2,194.2,185.9,203.8,195.3
ED-0036,1602,26:42,185.6,201.7,193.1,186.9,203.2,190.4,185.7,198.7,194.2,185.8,202.9,195.7
ED-0036,1603,26:43,185.3,201.9,195.5,187.5,203.5,188.8,186.1,200.9,195.8,187.2,203.2,194.8
ED-0036,1604,26:44,185.7,202.7,196.8,186.8,204.1,190.8,185.2,198.6,195.1,187.7,204.4,196.2
ED-0036,1605,26:45,186.7,200.1,196.1,186.7,203.3,190.8,185.8,199.2,196.3,184.5,202.7,197.0
ED-0036,1606,26:46,186.1,202.9,195.8,189.4,203.0,189.9,185.8,200.2,194.2,185.3,204.9,196.1
ED-0036,1607,26:47,184.7,201.3,194.6,187.9,204.5,189.4,185.1,200.5,195.7,186.0,203.7,196.2
ED-0036,1608,26:48,184.9,201.8,195.4,187.2,203.6,191.1,184.6,200.2,194.5,185.0,203.8,197.9
ED-0036,1609,26:49,185.3,201.9,196.2,185.4,204.5,189.7,186.3,199.6,195.8,184.7,203.5,196.9
ED-0036,1610,26:50,185.7,202.3,196.5,186.9,203.8,189.4,185.9,199.1,195.0,187.7,203.9,197.3
ED-0036,1611,26:51,185.2,200.4,196.3,189.0,203.5,191.2,185.0,198.8,194.6,185.5,204.1,197.3
ED-0036,1612,26:52,186.1,202.2,194.6,187.5,203.4,192.0,184.9,198.5,195.0,184.9,203.0,196.0
ED-0036,1613,26:53,185.6,203.1,195.7,189.0,204.7,189.9,187.7,199.7,196.1,187.6,203.1,196.9
ED-0036,1614,26:54,184.3,203.5,195.7,186.4,204.5,189.3,187.6,199.9,197.0,186.0,202.8,196.7
ED-0036,1615,26:55,185.6,201.8,196.3,186.8,204.2,190.9,186.2,198.9,195.9,185.1,202.9,195.5
ED-0036,1616,26:56,185.8,202.7,196.9,187.4,203.0,189.4,185.1,200.0,197.1,186.2,203.3,197.1
ED-0036,1617,26:57,186.8,202.7,197.3,188.0,204.8,189.3,187.4,198.4,196.3,185.1,204.1,196.6
ED-0036,1618,26:58,184.1,202.0,195.2,186.7,202.8,189.8,187.4,200.6,194.4,186.7,203.4,196.6
ED-0036,1619,26:59,184.8,202.2,194.8,188.0,204.2,189.2,184.4,198.9,196.1,187.2,204.6,196.5
ED-0036,1620,27:00,186.4,202.8,196.7,186.5,204.0,190.9,186.1,199.6,194.3,185.7,204.1,196.3
ED-0036,1621,27:01,184.7,201.9,195.4,188.0,204.6,191.4,186.0,199.5,194.9,185.6,202.2,196.8
ED-0036,1622,27:02,183.8,203.2,196.2,185.7,204.3,189.0,185.9,199.2,195.3,184.8,202.8,196.0
ED-0036,1623,27:03,185.5,201.1,197.1,185.3,203.5,190.4,185.5,198.8,195.4,186.9,202.9,196.0
ED-0036,1624,27:04,187.0,203.2,194.9,189.0,203.8,190.4,186.3,198.7,195.7,186.1,203.5,195.8
ED-0036,1625,27:05,184.8,204.3,195.4,187.8,204.1,190.4,185.5,199.7,195.8,185.8,204.7,197.4
ED-0036,1626,27:06,185.2,200.6,195.0,186.7,204.5,191.6,186.2,199.5,195.7,185.7,203.6,198.4
ED-0036,1627,27:07,186.3,202.1,194.4,187.1,205.5,190.9,187.3,199.8,195.5,185.3,203.6,196.1
ED-0036,1628,27:08,186.9,202.3,196.5,186.2,203.5,190.2,185.7,199.5,195.3,188.0,204.7,198.5
ED-0036,1629,27:09,183.6,200.5,194.4,186.5,202.4,190.4,186.5,199.7,195.8,184.2,203.6,197.1
ED-0036,1630,27:10,184.7,201.0,196.1,186.0,204.9,190.6,184.6,199.1,194.8,186.5,203.5,197.4
ED-0036,1631,27:11,184.7,202.6,195.3,187.2,204.7,189.2,184.2,200.8,195.4,184.6,204.9,196.9
ED-0036,1632,27:12,184.4,201.5,196.3,186.5,202.5,189.7,185.6,200.1,195.6,186.7,202.7,196.3
ED-0036,1633,27:13,186.8,202.0,195.9,186.0,205.0,190.1,187.0,199.1,197.0,186.3,203.1,197.1
ED-0036,1634,27:14,185.0,203.0,195.8,185.7,205.1,190.5,185.6,198.6,196.1,184.5,203.5,197.4
ED-0036,1635,27:15,183.8,202.2,195.4,186.4,204.0,189.6,185.9,200.2,196.9,186.1,201.9,197.0
ED-0036,1636,27:16,185.4,202.2,195.1,187.0,203.9,192.5,185.9,198.2,195.3,185.5,202.8,197.2
ED-0036,1637,27:17,184.3,199.1,196.2,187.4,204.2,189.3,186.8,199.4,196.7,186.2,203.6,195.9
ED-0036,1638,27:18,184.7,201.3,196.1,186.5,203.5,190.6,186.5,199.2,195.1,186.1,202.8,195.8
ED-0036,1639,27:19,187.3,202.3,194.9,187.5,204.0,190.0,185.2,198.5,193.8,184.7,203.9,196.9
ED-0036,1640,27:20,185.0,201.8,196.5,186.9,205.0,189.8,185.9,200.2,195.8,184.5,202.7,198.2
ED-0036,1641,27:21,184.7,202.3,195.3,187.2,203.5,190.8,185.1,199.8,195.4,186.3,205.2,196.4
ED-0036,1642,27:22,185.3,201.6,195.2,186.7,202.3,190.5,186.4,199.2,196.3,186.5,204.5,197.0
ED-0036,1643,27:23,185.3,201.5,196.9,186.2,204.2,190.8,185.8,200.2,196.5,184.5,203.8,196.1
ED-0036,1644,27:24,185.4,201.6,196.1,187.3,203.8,190.5,186.4,199.8,195.3,185.1,204.0,196.3
ED-0036,1645,27:25,185.0,202.2,196.2,185.7,203.6,191.3,186.5,198.7,195.6,186.1,202.5,195.0
ED-0036,1646,27:26,186.6,202.1,196.4,188.2,203.8,190.8,187.4,199.7,196.8,186.0,203.8,195.9
ED-0036,1647,27:27,185.4,200.7,195.4,187.7,205.4,189.8,185.9,201.4,196.3,185.1,203.5,195.8
ED-0036,1648,27:28,186.0,201.4,195.4,186.5,204.2,190.1,185.8,198.9,195.0,187.3,203.0,195.9
ED-0036,1649,27:29,185.2,202.0,194.7,186.8,204.1,190.8,185.2,200.1,197.2,184.5,202.0,196.2
ED-0036,1650,27:30,185.4,203.3,194.1,187.5,202.9,189.5,186.7,199.3,195.6,185.7,204.0,197.8
ED-0036,1651,27:31,185.6,202.2,194.8,188.6,204.7,191.3,186.4,199.2,195.3,185.8,203.6,196.6
ED-0036,1652,27:32,185.8,201.1,195.1,187.1,204.3,189.6,184.7,197.7,196.8,185.5,203.5,196.0
ED-0036,1653,27:33,185.5,201.9,194.3,187.0,203.5,190.0,186.2,199.8,194.7,186.4,204.0,196.5
ED-0036,1654,27:34,184.4,201.6,196.8,187.7,204.5,191.6,188.2,199.8,196.5,184.9,202.8,197.8
ED-0036,1655,27:35,185.6,201.6,196.0,186.5,204.0,190.2,186.4,199.1,196.1,187.2,202.8,196.9
ED-0036,1656,27:36,185.1,201.8,194.5,188.2,204.5,191.4,187.5,198.6,196.5,188.0,204.1,197.0
ED-0036,1657,27:37,184.2,201.9,195.1,187.2,204.1,189.0,186.5,197.9,192.8,185.2,204.2,196.4
ED-0036,1658,27:38,187.2,200.4,196.1,187.4,203.9,190.6,185.7,200.5,196.2,186.7,203.0,195.6
ED-0036,1659,27:39,184.7,201.2,194.4,188.5,203.5,190.6,185.2,199.4,196.2,186.6,204.0,195.9
ED-0036,1660,27:40,186.7,202.4,195.6,186.7,204.5,189.3,185.6,198.6,196.7,187.1,205.1,198.0
ED-0036,1661,27:41,184.8,202.3,195.8,186.1,204.9,190.0,186.4,201.1,195.8,185.9,204.3,196.0
ED-0036,1662,27:42,186.6,201.6,193.5,187.5,203.1,189.0,186.1,199.0,195.6,185.5,203.9,196.5
ED-0036,1663,27:43,185.9,201.7,195.0,185.4,204.0,190.4,186.4,200.1,194.6,185.7,201.4,197.2
ED-0036,1664,27:44,185.7,201.9,195.2,188.9,202.4,191.1,186.1,199.2,195.3,186.7,204.1,197.7
ED-0036,1665,27:45,186.9,201.8,197.4,187.5,203.9,189.8,185.8,200.4,195.7,186.5,204.7,194.6
ED-0036,1666,27:46,185.8,202.0,196.2,187.7,205.6,190.1,185.3,199.3,193.3,186.0,204.0,195.7
ED-0036,1667,27:47,186.4,202.3,196.5,187.8,204.0,189.3,185.6,199.8,195.6,185.5,204.4,196.2
ED-0036,1668,27:48,186.0,201.5,195.6,186.4,203.4,189.7,185.6,201.2,194.8,184.5,204.4,197.1
ED-0036,1669,27:49,187.9,202.6,193.9,187.3,203.7,190.6,185.2,198.3,193.9,184.4,203.5,196.1
ED-0036,1670,27:50,183.9,201.5,194.6,187.7,203.3,190.3,187.0,197.8,196.1,186.1,204.5,199.0
ED-0036,1671,27:51,186.8,202.3,196.8,186.9,203.4,188.9,185.8,200.0,196.1,187.2,203.1,199.0
ED-0036,1672,27:52,184.5,202.7,194.7,186.8,204.4,191.4,185.6,198.8,195.3,187.0,205.2,196.7
ED-0036,1673,27:53,187.3,201.5,195.6,188.5,205.3,190.1,186.7,200.1,195.8,186.6,204.3,197.5
ED-0036,1674,27:54,186.2,199.6,197.0,187.5,204.1,188.9,185.0,199.5,196.0,185.0,204.0,196.3
ED-0036,1675,27:55,185.7,202.6,196.0,187.6,204.5,188.9,186.5,200.0,195.2,186.9,203.3,197.8
ED-0036,1676,27:56,186.3,201.8,196.7,186.1,204.6,191.0,185.9,199.5,195.5,185.8,203.9,196.5
ED-0036,1677,27:57,185.3,201.5,196.3,187.2,203.5,191.2,185.9,200.0,196.5,185.4,205.0,196.0
ED-0036,1678,27:58,184.6,203.4,196.1,186.0,203.8,191.4,185.7,199.4,195.7,185.5,203.8,196.1
ED-0036,1679,27:59,186.8,202.6,195.7,187.8,205.0,190.1,183.8,198.9,194.5,184.9,205.0,196.3
ED-0036,1680,28:00,185.1,201.4,196.2,187.5,203.4,192.0,185.5,199.8,194.9,187.5,205.2,194.5
ED-0036,1681,28:01,186.0,201.2,196.2,185.6,203.1,190.1,185.7,200.3,195.3,185.2,203.7,195.4
ED-0036,1682,28:02,186.6,202.8,195.9,186.7,203.2,188.6,186.8,199.4,194.7,185.1,202.7,196.3
ED-0036,1683,28:03,184.6,201.8,195.7,187.7,203.3,190.0,185.0,199.7,195.6,185.9,203.6,196.0
ED-0036,1684,28:04,185.0,201.4,195.2,185.4,205.3,191.3,185.4,199.7,195.5,186.4,202.9,197.2
ED-0036,1685,28:05,184.5,201.6,195.6,187.2,204.6,190.4,186.7,199.5,195.3,184.8,203.9,197.7
ED-0036,1686,28:06,184.1,202.5,195.0,187.1,202.6,190.8,186.5,199.3,194.4,185.7,203.3,197.4
ED-0036,1687,28:07,185.0,202.1,195.0,187.4,203.0,191.7,186.7,200.7,194.0,184.9,203.9,197.6
ED-0036,1688,28:08,186.1,202.1,195.7,186.4,202.3,189.2,185.7,198.9,195.6,186.1,204.6,195.9
ED-0036,1689,28:09,185.0,202.1,196.6,187.9,204.8,190.9,185.2,200.1,194.3,187.0,203.8,195.4
ED-0036,1690,28:10,184.9,202.6,193.8,187.2,203.9,190.4,184.9,198.7,196.6,185.6,203.4,196.1
ED-0036,1691,28:11,184.6,202.4,195.1,186.3,203.3,189.4,184.1,200.0,195.3,185.8,205.2,195.0
ED-0036,1692,28:12,184.8,202.3,194.5,185.4,204.0,190.6,186.2,200.3,194.9,184.7,204.2,196.8
ED-0036,1693,28:13,186.6,203.0,196.8,185.9,204.6,190.3,185.7,199.8,194.5,186.2,204.4,195.7
ED-0036,1694,28:14,185.6,201.7,196.7,187.7,204.8,190.0,188.5,199.1,196.3,185.8,203.3,197.0
ED-0036,1695,28:15,185.3,201.7,195.9,187.0,203.1,189.9,185.0,199.1,195.5,185.9,202.3,195.6
ED-0036,1696,28:16,185.7,201.0,194.3,187.7,203.9,189.8,186.3,201.2,193.8,184.8,204.1,196.8
ED-0036,1697,28:17,185.4,201.3,195.1,187.0,204.0,190.3,185.7,197.6,196.0,186.2,204.2,195.3
ED-0036,1698,28:18,185.8,202.2,194.3,187.2,204.6,190.3,187.0,200.1,196.0,186.6,204.9,196.5
ED-0036,1699,28:19,183.8,201.5,196.1,187.6,205.2,189.8,186.6,199.7,195.2,185.8,203.5,195.9
ED-0036,1700,28:20,184.9,201.7,194.8,187.0,203.8,190.1,187.1,199.8,195.5,185.9,205.2,196.0
ED-0036,1701,28:21,185.4,201.1,194.9,187.0,202.5,190.2,184.8,199.0,194.7,184.4,203.6,197.1
ED-0036,1702,28:22,186.6,200.5,195.3,187.0,204.6,190.2,186.3,198.6,194.7,186.8,203.6,195.7
ED-0036,1703,28:23,185.9,202.2,195.4,187.2,205.1,189.7,187.2,198.6,195.4,187.0,203.0,197.1
ED-0036,1704,28:24,185.8,201.4,195.3,187.9,202.2,189.5,185.8,198.6,195.8,184.9,204.3,196.9
ED-0036,1705,28:25,186.1,200.2,195.5,187.7,204.7,190.8,184.3,200.1,195.1,187.2,204.8,196.7
ED-0036,1706,28:26,185.2,200.3,195.5,186.6,205.6,190.9,184.5,200.5,195.5,187.6,203.6,196.5
ED-0036,1707,28:27,183.0,202.3,195.8,186.8,204.4,189.7,188.1,198.6,195.1,186.0,202.9,196.5
ED-0036,1708,28:28,185.3,202.5,196.4,187.0,204.3,189.1,186.2,198.4,194.4,184.6,205.1,196.8
ED-0036,1709,28:29,185.6,201.6,196.6,186.9,204.3,189.3,188.3,200.0,195.3,185.2,205.3,195.8
ED-0036,1710,28:30,185.0,203.6,196.3,187.9,203.9,190.7,185.8,201.3,195.0,185.3,204.1,196.9
ED-0036,1711,28:31,184.3,201.9,194.1,186.4,205.1,189.6,187.8,199.3,194.9,184.7,204.6,196.2
ED-0036,1712,28:32,185.5,201.9,195.8,188.0,203.3,189.9,185.7,198.2,195.9,185.3,201.5,195.2
ED-0036,1713,28:33,182.4,200.8,196.0,188.7,204.4,189.8,185.7,198.7,195.6,185.3,204.9,195.9
ED-0036,1714,28:34,185.9,202.0,196.8,185.9,203.6,190.6,183.5,198.7,194.8,187.1,202.9,197.1
ED-0036,1715,28:35,185.2,201.3,196.3,187.0,203.6,187.8,184.2,200.0,195.1,182.8,204.0,197.5
ED-0036,1716,28:36,185.3,201.5,195.5,187.1,202.0,189.2,185.7,198.7,194.4,186.1,203.7,197.2
ED-0036,1717,28:37,186.2,203.1,195.3,187.1,203.8,191.9,186.5,198.3,195.5,185.9,205.1,196.9
ED-0036,1718,28:38,185.2,201.4,195.9,186.7,202.5,190.3,185.8,199.7,194.4,185.4,203.8,197.5
ED-0036,1719,28:39,185.4,200.7,195.4,186.5,203.0,190.5,186.3,200.5,194.1,185.3,204.0,197.2
ED-0036,1720,28:40,186.0,201.6,196.1,185.8,202.0,189.6,186.0,200.1,196.0,185.4,204.5,196.7
ED-0036,1721,28:41,186.1,202.7,194.8,188.2,204.1,189.4,186.1,198.7,194.9,185.7,205.2,197.0
ED-0036,1722,28:42,186.5,202.6,195.0,186.1,203.5,189.6,185.0,199.2,195.3,186.7,203.4,197.6
ED-0036,1723,28:43,183.6,200.0,196.8,186.2,202.8,189.8,186.7,200.0,193.7,184.9,203.5,194.0
ED-0036,1724,28:44,185.8,203.1,194.4,187.3,202.5,189.7,185.6,198.8,196.2,186.7,203.4,196.2
ED-0036,1725,28:45,185.1,201.3,195.6,188.2,203.1,189.9,185.1,197.9,196.1,185.0,203.7,195.8
ED-0036,1726,28:46,185.5,202.6,194.4,187.5,203.9,189.7,186.3,199.7,196.2,184.7,203.5,197.0
ED-0036,1727,28:47,184.1,202.3,195.1,185.9,204.2,189.9,185.6,198.7,195.2,186.5,204.1,195.6
ED-0036,1728,28:48,183.9,201.3,194.9,187.5,204.8,190.0,186.4,199.2,194.6,186.4,204.5,196.9
ED-0036,1729,28:49,184.9,200.9,194.8,188.1,204.8,190.6,185.2,200.7,194.6,185.7,205.5,198.0
ED-0036,1730,28:50,184.3,202.0,195.1,186.5,202.0,191.7,185.5,199.5,195.6,186.7,203.0,197.0
ED-0036,1731,28:51,187.3,203.9,195.7,187.2,204.7,189.4,185.0,199.3,196.1,185.8,204.7,195.7
ED-0036,1732,28:52,185.8,200.6,195.3,186.8,204.6,188.9,185.7,200.0,196.3,185.8,202.6,196.8
ED-0036,1733,28:53,184.8,202.1,194.4,186.1,205.3,188.7,185.2,199.2,195.4,184.7,203.1,196.5
ED-0036,1734,28:54,184.0,202.3,194.6,186.4,203.6,190.4,186.8,199.4,195.2,186.9,204.7,197.2
ED-0036,1735,28:55,185.2,201.8,195.3,186.8,205.1,190.5,188.1,198.6,195.6,186.1,204.3,197.9
ED-0036,1736,28:56,184.9,201.5,195.9,186.8,203.5,189.8,185.4,198.1,195.7,188.0,202.9,197.1
ED-0036,1737,28:57,186.4,203.9,195.5,184.9,202.7,189.7,186.7,199.8,193.8,185.1,204.4,196.5
ED-0036,1738,28:58,184.6,201.2,195.6,187.1,204.2,190.0,185.9,201.2,193.6,185.5,203.9,195.8
ED-0036,1739,28:59,185.2,201.8,195.9,186.6,203.9,189.9,187.2,200.1,194.2,186.3,205.5,195.3
ED-0036,1740,29:00,187.2,203.6,194.9,188.6,203.3,190.4,186.1,199.6,195.2,185.7,204.8,197.7
ED-0036,1741,29:01,185.2,202.5,195.9,186.3,203.6,189.3,185.0,199.8,195.0,186.4,204.9,196.1
ED-0036,1742,29:02,184.4,202.4,195.4,188.6,205.6,189.9,186.5,198.8,194.9,185.5,204.1,196.5
ED-0036,1743,29:03,185.2,201.8,195.8,186.4,204.5,189.3,186.0,200.2,195.9,186.6,204.4,196.7
ED-0036,1744,29:04,186.2,202.3,194.4,186.8,204.4,189.8,184.8,198.2,194.8,186.2,204.9,198.3
ED-0036,1745,29:05,184.8,201.5,195.4,187.0,202.6,190.2,184.4,199.3,195.2,186.3,203.1,197.7
ED-0036,1746,29:06,184.6,201.0,195.5,186.3,203.5,190.2,187.0,197.8,194.9,186.1,203.4,196.9
ED-0036,1747,29:07,185.2,201.9,194.7,187.9,203.8,190.3,185.6,200.5,196.1,186.5,202.5,196.8
ED-0036,1748,29:08,184.5,201.8,194.8,186.9,204.1,187.5,186.6,199.1,195.1,185.5,203.9,195.6
ED-0036,1749,29:09,185.1,202.9,196.1,186.0,203.3,191.3,185.9,199.8,195.0,185.3,204.6,196.9
ED-0036,1750,29:10,186.7,202.1,196.6,187.1,203.0,191.8,185.7,199.8,196.3,185.4,204.8,197.6
ED-0036,1751,29:11,185.7,200.7,195.3,187.8,204.1,189.6,187.7,200.9,195.6,186.1,203.4,196.7
ED-0036,1752,29:12,184.5,204.3,194.8,187.5,203.5,191.0,186.0,200.1,195.7,186.3,203.6,196.1
ED-0036,1753,29:13,186.2,201.5,195.8,186.0,203.5,189.7,186.4,200.2,195.3,186.2,202.5,197.7
ED-0036,1754,29:14,186.1,202.7,195.4,187.9,202.3,190.2,184.9,200.3,194.7,186.8,203.5,197.8
ED-0036,1755,29:15,186.0,201.1,195.4,187.0,203.1,190.3,185.9,199.4,195.6,188.1,203.4,196.5
ED-0036,1756,29:16,184.0,200.3,195.6,186.7,205.0,190.6,186.9,198.9,194.5,185.1,204.0,196.9
ED-0036,1757,29:17,185.4,202.4,196.8,184.8,203.1,192.3,185.5,199.5,194.9,185.6,204.6,196.9
ED-0036,1758,29:18,185.8,202.6,195.2,186.4,203.6,190.1,186.5,197.7,195.1,186.4,202.9,195.7
ED-0036,1759,29:19,184.0,202.8,197.2,187.1,204.4,189.3,186.5,198.3,195.3,185.4,204.4,195.3
ED-0036,1760,29:20,185.0,202.6,196.3,186.3,204.3,190.4,185.5,200.6,195.2,185.1,204.1,198.7
ED-0036,1761,29:21,187.1,201.9,194.9,188.1,203.7,190.1,184.8,200.4,196.0,185.0,203.9,196.7
ED-0036,1762,29:22,185.0,202.2,195.4,187.7,203.8,191.2,185.1,198.8,193.4,186.4,204.2,195.8
ED-0036,1763,29:23,186.4,202.7,196.9,187.3,205.9,191.7,186.5,199.4,197.7,186.1,206.1,197.5
ED-0036,1764,29:24,185.8,201.6,196.2,187.3,202.9,190.6,187.2,199.6,194.0,186.3,201.9,197.7
ED-0036,1765,29:25,185.7,202.5,196.1,186.5,205.5,190.1,186.8,200.3,194.8,184.6,203.0,196.8
ED-0036,1766,29:26,184.3,203.0,194.5,186.2,203.0,189.8,185.3,199.5,195.8,186.3,204.3,195.8
ED-0036,1767,29:27,186.1,202.4,196.3,185.6,204.3,190.1,184.8,199.6,195.9,185.0,204.8,196.8
ED-0036,1768,29:28,184.9,201.9,196.7,187.6,202.1,191.0,186.0,199.6,196.1,185.3,204.7,195.8
ED-0036,1769,29:29,185.3,202.1,196.0,186.8,202.2,189.3,185.0,200.2,194.8,185.9,203.3,195.9
ED-0036,1770,29:30,186.5,202.2,195.9,186.0,205.0,189.2,186.2,199.9,194.4,185.1,202.9,195.8
ED-0036,1771,29:31,185.9,201.0,195.6,187.6,205.8,189.3,184.2,198.7,196.6,185.5,204.0,196.3
ED-0036,1772,29:32,184.2,202.6,195.7,187.6,204.5,189.8,186.1,200.2,196.6,184.7,203.2,196.9
ED-0036,1773,29:33,185.1,200.7,196.1,186.0,205.2,190.2,185.2,199.8,194.8,185.5,203.3,196.0
ED-0036,1774,29:34,184.5,200.7,195.9,187.6,203.7,191.2,185.7,199.7,194.3,187.0,204.4,196.7
ED-0036,1775,29:35,185.2,201.0,194.9,185.8,204.3,189.1,185.6,199.6,196.0,187.0,203.0,195.6
ED-0036,1776,29:36,186.2,201.8,194.3,186.8,205.2,190.1,186.9,199.2,195.8,185.7,202.2,198.3
ED-0036,1777,29:37,185.5,202.4,196.3,188.4,203.7,190.9,185.1,199.3,195.8,185.8,202.5,196.5
ED-0036,1778,29:38,184.7,203.0,196.0,187.1,202.5,190.1,187.1,198.9,195.0,186.8,203.8,195.2
ED-0036,1779,29:39,185.6,200.7,196.0,186.6,205.1,191.1,187.2,199.7,196.2,186.0,203.9,197.2
ED-0036,1780,29:40,185.2,202.7,195.6,187.7,203.4,188.8,185.5,200.5,196.3,186.0,204.4,198.1
ED-0036,1781,29:41,184.5,201.0,196.9,188.1,203.4,190.7,187.2,200.4,194.6,186.6,201.6,196.4
ED-0036,1782,29:42,185.7,202.2,195.2,186.8,202.7,191.7,185.9,199.5,194.9,186.0,203.6,197.6
ED-0036,1783,29:43,184.9,200.3,195.1,188.4,204.0,190.3,186.8,199.6,195.3,185.7,203.2,196.1
ED-0036,1784,29:44,184.3,201.3,195.9,186.3,203.7,190.8,185.9,200.1,194.5,187.8,203.6,197.0
ED-0036,1785,29:45,185.3,203.0,195.8,186.1,203.8,189.9,186.4,200.6,193.9,185.4,204.3,198.0
ED-0036,1786,29:46,186.6,202.4,195.8,186.6,204.9,188.5,185.4,199.3,194.9,187.8,204.3,196.1
ED-0036,1787,29:47,185.6,202.5,194.6,186.9,204.7,190.5,184.2,200.3,196.3,185.4,204.7,196.4
ED-0036,1788,29:48,184.5,202.6,195.6,188.3,204.1,190.6,185.5,200.3,195.7,188.6,202.7,197.1
ED-0036,1789,29:49,185.6,202.0,195.4,186.2,203.2,189.9,185.8,200.0,195.5,185.9,202.9,195.6
ED-0036,1790,29:50,184.5,203.8,195.1,187.8,203.6,191.5,186.0,199.2,195.6,185.8,204.0,196.1
ED-0036,1791,29:51,186.2,203.4,197.1,188.0,203.5,190.1,187.2,200.2,193.5,185.7,203.8,196.2
ED-0036,1792,29:52,184.6,200.8,195.4,185.7,204.3,190.3,185.5,200.6,194.8,185.3,203.1,197.2
ED-0036,1793,29:53,186.5,201.5,195.6,187.6,203.0,189.1,186.5,199.5,195.2,186.0,203.2,196.6
ED-0036,1794,29:54,186.6,201.2,197.4,186.2,202.8,189.3,185.5,198.1,195.1,187.1,203.6,197.7
ED-0036,1795,29:55,186.0,201.5,194.7,186.2,204.2,189.3,185.3,199.2,196.1,186.4,201.9,197.4
ED-0036,1796,29:56,186.1,202.7,196.9,187.6,203.7,190.4,186.3,199.6,196.0,185.6,204.5,195.0
ED-0036,1797,29:57,183.7,202.8,196.7,186.4,204.3,191.9,188.7,198.5,195.2,184.7,205.0,195.2
ED-0036,1798,29:58,185.8,200.1,195.3,187.0,203.2,191.7,186.6,198.6,195.4,185.8,203.4,198.0
ED-0036,1799,29:59,184.6,203.2,194.8,187.7,203.5,192.1,186.7,198.8,195.7,185.8,203.3,195.6
ED-0036,1800,30:00,184.8,201.4,194.8,187.6,204.1,189.5,185.9,200.4,194.1,184.5,204.5,196.4
ED-0036,1801,30:01,186.9,201.7,196.4,187.3,203.6,188.5,187.2,197.8,196.3,185.4,204.2,196.0
ED-0036,1802,30:02,185.8,203.5,196.2,188.1,203.4,190.9,185.4,199.3,197.7,185.8,204.6,195.8
ED-0036,1803,30:03,185.6,201.3,194.6,186.2,202.8,190.9,185.3,199.4,196.0,186.7,202.7,197.3
ED-0036,1804,30:04,186.0,202.4,196.4,188.5,205.4,190.2,186.1,199.5,195.6,187.0,202.4,195.7
ED-0036,1805,30:05,185.0,201.0,196.4,186.8,203.6,190.2,186.6,200.0,195.2,186.7,204.6,196.5
ED-0036,1806,30:06,185.4,202.0,196.1,187.7,204.1,189.8,185.6,199.3,195.4,185.9,203.7,197.6
ED-0036,1807,30:07,185.2,202.1,197.1,187.2,204.2,189.2,186.6,198.3,194.4,185.9,202.7,196.8
ED-0036,1808,30:08,184.4,202.3,196.0,185.6,204.0,190.6,186.6,199.8,194.7,185.9,203.7,196.2
ED-0036,1809,30:09,185.6,201.0,195.7,187.2,205.1,189.8,186.5,201.2,194.4,187.1,203.9,196.8
ED-0036,1810,30:10,184.6,202.0,195.7,186.6,204.2,190.9,185.7,199.4,195.2,185.9,203.8,196.2
ED-0036,1811,30:11,185.3,201.9,196.7,188.8,202.6,191.5,186.4,198.8,196.8,184.6,203.5,196.2
ED-0036,1812,30:12,185.8,202.8,196.2,186.8,204.0,190.0,185.4,201.2,193.8,186.5,204.2,196.9
ED-0036,1813,30:13,186.0,203.0,195.3,186.1,205.0,190.0,186.1,197.0,195.4,184.7,202.7,197.6
ED-0036,1814,30:14,186.7,202.4,196.0,187.5,202.5,189.7,185.9,200.0,194.1,184.8,203.2,199.2
ED-0036,1815,30:15,185.8,200.3,194.3,187.2,204.5,191.0,185.8,199.1,196.2,185.1,203.1,197.2
ED-0036,1816,30:16,184.9,201.4,196.5,186.4,204.8,190.1,185.9,199.5,195.7,186.1,204.5,196.3
ED-0036,1817,30:17,186.0,202.5,196.0,185.5,204.0,191.0,185.7,198.2,194.9,185.5,202.1,195.3
ED-0036,1818,30:18,185.0,201.6,194.8,186.4,204.0,190.0,187.3,198.5,195.9,185.6,203.7,194.5
ED-0036,1819,30:19,184.6,201.3,195.9,187.0,203.4,189.3,185.5,199.1,195.7,187.5,202.9,196.5
ED-0036,1820,30:20,187.1,202.9,195.1,187.1,202.7,188.7,185.3,199.5,196.1,187.0,203.8,197.0
ED-0036,1821,30:21,186.0,202.8,197.0,185.4,203.3,189.0,185.3,200.7,196.0,185.9,202.7,196.7
ED-0036,1822,30:22,185.2,200.0,196.0,186.1,203.5,190.8,185.2,200.3,195.3,186.8,206.4,196.8
ED-0036,1823,30:23,185.5,202.4,195.8,187.9,205.5,190.9,184.7,199.6,196.4,185.9,204.5,197.7
ED-0036,1824,30:24,184.8,199.8,196.0,187.2,203.0,188.7,185.3,199.7,194.4,185.4,203.1,196.2
ED-0036,1825,30:25,186.0,201.7,195.1,187.0,203.8,190.5,186.6,200.4,195.7,184.7,203.8,195.9
ED-0036,1826,30:26,185.0,203.6,194.7,187.0,203.1,191.2,187.4,199.4,195.1,185.4,205.1,198.2
ED-0036,1827,30:27,185.4,202.8,194.6,186.2,202.9,190.3,184.1,200.1,195.3,184.4,203.9,196.4
ED-0036,1828,30:28,185.3,202.2,194.3,185.6,203.4,189.1,185.0,198.6,194.5,184.3,204.2,196.5
ED-0036,1829,30:29,183.7,201.6,193.2,185.1,203.5,190.0,185.5,197.7,195.5,184.3,205.1,196.9
ED-0036,1830,30:30,184.4,201.3,192.1,184.7,204.9,188.4,186.6,200.6,195.2,183.2,204.2,198.4
ED-0036,1831,30:31,185.5,200.4,193.3,185.9,203.3,190.7,185.7,197.7,194.9,182.8,205.2,195.8
ED-0036,1832,30:32,187.0,201.1,192.9,184.7,204.4,188.8,185.2,198.9,193.5,183.5,204.2,195.3
ED-0036,1833,30:33,182.8,200.1,191.7,184.6,203.9,191.2,186.4,200.1,192.3,181.7,204.5,197.5
ED-0036,1834,30:34,186.2,200.5,191.9,183.4,203.4,190.4,185.1,199.8,192.4,181.4,202.9,196.2
ED-0036,1835,30:35,185.1,198.9,190.7,183.2,204.0,190.1,186.7,198.5,192.5,182.0,203.0,196.4
ED-0036,1836,30:36,185.6,199.1,192.2,184.4,204.1,190.3,184.0,199.8,192.2,180.7,201.8,197.1
ED-0036,1837,30:37,185.5,198.8,190.9,183.5,204.5,190.5,185.0,199.5,191.0,180.5,201.8,197.8
ED-0036,1838,30:38,184.9,199.0,189.6,182.6,204.0,191.3,185.4,199.8,191.8,179.2,201.8,196.6
ED-0036,1839,30:39,184.3,197.5,189.7,181.9,204.1,190.9,185.3,199.2,191.4,179.6,200.9,197.6
ED-0036,1840,30:40,186.0,197.4,188.7,180.6,203.9,191.0,185.5,199.8,190.5,179.7,200.4,196.8
ED-0036,1841,30:41,185.6,196.6,189.2,181.2,204.0,191.9,184.0,199.5,190.2,180.0,200.8,196.9
ED-0036,1842,30:42,185.8,197.2,188.3,180.6,204.4,191.2,184.4,199.8,190.7,178.9,199.7,194.2
ED-0036,1843,30:43,186.6,194.6,187.6,180.3,204.2,190.0,186.1,199.8,189.7,177.7,199.5,197.4
ED-0036,1844,30:44,186.6,196.4,187.6,179.6,203.5,189.6,186.1,199.6,188.7,178.1,199.4,196.5
ED-0036,1845,30:45,185.8,195.1,187.7,180.7,205.4,191.5,187.0,197.8,188.2,177.7,198.8,196.3
ED-0036,1846,30:46,185.8,194.6,187.6,179.3,203.1,189.5,184.9,198.3,188.9,176.9,198.3,198.0
ED-0036,1847,30:47,185.6,195.0,186.5,179.6,204.2,190.8,184.4,199.4,187.4,176.9,197.9,196.3
ED-0036,1848,30:48,184.4,193.8,186.1,178.9,204.0,189.8,184.6,199.4,187.6,176.7,196.0,195.0
ED-0036,1849,30:49,184.9,194.4,185.3,177.8,202.6,191.8,185.0,199.7,186.7,177.1,197.1,195.5
ED-0036,1850,30:50,184.9,193.5,184.9,177.2,203.6,189.7,186.0,199.0,186.6,176.2,195.5,195.6
ED-0036,1851,30:51,183.3,192.3,185.1,177.2,203.7,190.2,185.7,199.9,186.1,177.0,195.5,194.5
ED-0036,1852,30:52,184.4,192.5,185.5,176.4,203.3,191.2,185.4,199.2,186.5,174.8,195.7,195.2
ED-0036,1853,30:53,183.4,192.1,184.4,176.1,204.9,190.3,185.1,199.1,185.6,175.0,194.3,195.1
ED-0036,1854,30:54,182.8,191.8,184.0,176.4,203.6,191.0,186.9,199.5,185.8,174.9,194.8,193.3
ED-0036,1855,30:55,182.3,191.7,184.2,177.0,204.5,190.4,186.3,199.6,185.4,174.1,194.2,194.5
ED-0036,1856,30:56,182.7,190.3,183.3,175.8,204.7,190.5,186.4,199.6,184.1,174.7,193.2,192.8
ED-0036,1857,30:57,181.5,190.3,183.4,175.8,204.1,191.5,186.5,198.6,183.5,174.1,193.6,191.8
ED-0036,1858,30:58,181.6,189.3,182.7,175.7,202.9,191.2,185.2,199.7,184.2,173.7,192.9,191.4
ED-0036,1859,30:59,181.5,190.3,182.2,174.6,203.6,190.9,185.1,198.6,183.8,173.4,192.3,191.2
ED-0036,1860,31:00,181.5,188.9,181.6,174.0,202.4,189.5,186.6,198.3,183.1,174.1,192.1,191.4
ED-0036,1861,31:01,180.9,188.5,181.5,174.3,202.0,190.4,185.8,197.2,181.8,172.1,192.0,190.4
ED-0036,1862,31:02,180.9,187.5,181.3,173.1,201.8,189.8,186.2,197.6,181.4,171.9,192.2,191.2
ED-0036,1863,31:03,181.1,187.8,181.0,173.6,201.6,189.5,186.8,195.7,181.5,172.4,190.3,190.2
ED-0036,1864,31:04,179.5,187.4,180.2,173.2,201.2,190.4,185.9,196.1,181.3,171.5,190.7,188.7
ED-0036,1865,31:05,178.9,186.4,180.4,173.3,200.4,191.3,185.5,195.8,181.2,171.4,191.1,189.7
ED-0036,1866,31:06,179.3,186.7,180.0,172.6,199.6,190.4,183.6,195.9,180.5,170.4,190.1,188.7
ED-0036,1867,31:07,179.0,186.0,179.1,172.3,199.1,189.6,183.5,194.4,180.7,170.2,189.9,189.0
ED-0036,1868,31:08,178.7,185.8,178.7,170.5,199.5,189.2,183.9,194.8,179.5,170.2,190.1,189.2
ED-0036,1869,31:09,178.4,185.1,178.1,171.6,198.9,187.8,182.4,193.8,179.7,169.8,189.0,188.6
ED-0036,1870,31:10,178.9,185.4,178.3,171.3,198.8,188.0,182.2,193.1,179.1,169.2,188.9,187.6
ED-0036,1871,31:11,177.1,184.0,177.5,170.2,198.0,188.4,182.1,193.5,178.8,169.1,187.8,187.6
ED-0036,1872,31:12,177.3,184.9,176.6,170.0,197.7,187.4,181.1,192.7,177.9,167.9,187.3,187.5
ED-0036,1873,31:13,176.7,184.1,177.3,169.8,196.7,188.4,180.9,192.2,178.4,168.4,187.3,187.1
ED-0036,1874,31:14,176.2,183.7,176.5,170.0,196.6,185.2,179.3,190.9,178.0,168.6,187.4,186.1
ED-0036,1875,31:15,176.2,182.8,176.6,169.8,196.1,185.9,180.1,191.1,176.9,168.0,185.7,185.6
ED-0036,1876,31:16,176.5,182.9,175.7,168.9,196.9,186.2,181.1,190.9,177.2,166.3,185.7,184.9
ED-0036,1877,31:17,175.8,182.3,175.8,168.7,195.4,185.3,179.7,189.8,176.6,167.8,184.7,185.5
ED-0036,1878,31:18,174.5,182.2,175.7,168.4,195.3,185.0,179.2,189.5,177.4,167.5,185.6,184.8
ED-0036,1879,31:19,175.3,181.4,175.3,168.5,195.2,185.1,178.6,190.4,175.4,166.3,183.7,184.2
ED-0036,1880,31:20,174.5,181.2,174.6,167.0,194.0,185.4,177.7,188.9,176.2,167.4,183.6,185.3
ED-0036,1881,31:21,174.5,181.3,174.6,166.7,193.5,183.7,178.3,188.9,175.1,166.6,183.6,184.4
ED-0036,1882,31:22,174.1,180.7,172.8,167.1,192.9,183.4,177.0,188.9,174.4,165.8,183.0,183.4
ED-0036,1883,31:23,174.0,180.4,173.1,166.8,193.2,182.8,176.8,188.7,174.5,164.8,182.8,184.3
ED-0036,1884,31:24,173.4,179.2,173.2,165.7,192.8,182.6,176.7,188.2,173.8,165.0,182.9,182.7
ED-0036,1885,31:25,173.2,180.0,173.0,165.8,192.3,182.6,176.1,186.5,174.4,164.7,182.4,183.3
ED-0036,1886,31:26,172.5,177.6,173.2,165.5,191.3,182.1,175.9,187.5,173.3,164.1,181.9,183.1
ED-0036,1887,31:27,172.4,178.1,171.8,164.4,191.1,180.7,175.1,185.7,172.5,163.6,181.2,181.6
ED-0036,1888,31:28,172.6,178.1,172.7,164.5,189.0,181.5,175.1,186.4,173.7,163.8,179.7,181.3
ED-0036,1889,31:29,172.0,177.8,171.3,164.2,190.1,179.6,174.0,185.9,172.0,163.5,180.2,180.3
ED-0036,1890,31:30,171.4,177.1,171.5,164.6,189.2,180.1,174.5,185.4,173.3,162.8,181.1,180.6
ED-0036,1891,31:31,170.9,176.7,170.9,164.6,189.5,178.9,174.1,184.1,172.0,161.8,180.5,179.9
ED-0036,1892,31:32,171.4,175.8,171.2,164.0,189.6,178.8,174.4,184.1,171.7,163.0,179.3,178.9
ED-0036,1893,31:33,170.4,176.2,169.8,163.3,187.7,178.5,172.6,184.5,171.2,162.9,179.5,180.3
ED-0036,1894,31:34,170.7,175.7,170.0,163.0,187.5,177.7,172.3,183.1,170.7,162.2,178.4,179.2
ED-0036,1895,31:35,169.4,175.6,169.5,163.5,187.1,178.2,172.3,182.4,170.5,160.9,178.6,180.3
ED-0036,1896,31:36,169.5,174.8,169.5,162.1,186.7,177.7,171.1,182.6,169.4,161.3,177.4,178.9
ED-0036,1897,31:37,169.3,174.5,168.3,161.4,185.9,177.6,171.5,182.3,168.9,160.2,177.1,178.1
ED-0036,1898,31:38,168.4,173.7,168.5,161.9,187.5,176.5,171.6,182.0,170.3,160.5,177.2,178.2
ED-0036,1899,31:39,169.5,173.9,169.0,162.1,186.0,176.3,171.5,182.6,169.7,160.9,177.4,176.8
ED-0036,1900,31:40,168.1,173.0,167.8,161.0,185.3,176.3,170.7,180.5,169.0,159.3,175.4,177.7
ED-0036,1901,31:41,168.8,173.4,166.9,160.1,185.4,175.0,169.6,180.4,167.9,158.7,176.4,176.1
ED-0036,1902,31:42,167.1,172.8,167.3,160.8,184.5,174.9,169.2,180.4,167.5,159.2,175.7,176.6
ED-0036,1903,31:43,166.9,171.9,167.3,160.1,184.0,175.1,169.4,180.1,167.8,159.0,175.7,176.5
ED-0036,1904,31:44,166.0,172.7,167.1,159.4,183.3,175.0,169.2,180.2,166.7,158.7,174.8,175.3
ED-0036,1905,31:45,166.4,170.7,166.5,158.9,183.3,173.7,168.1,179.5,167.2,158.0,174.6,175.0
ED-0036,1906,31:46,167.4,170.8,165.7,159.2,183.1,173.2,167.5,179.2,167.2,157.6,174.6,175.9
ED-0036,1907,31:47,166.6,171.1,165.2,158.3,182.3,172.8,166.6,178.2,166.1,157.4,174.0,175.6
ED-0036,1908,31:48,165.5,170.8,166.1,159.1,181.5,172.5,167.2,177.5,166.7,157.7,173.8,175.1
ED-0036,1909,31:49,166.8,169.9,165.2,158.6,182.2,172.2,166.3,177.0,165.7,156.4,173.4,174.4
ED-0036,1910,31:50,165.5,169.5,164.0,157.6,181.0,172.1,166.1,177.1,165.6,156.8,173.5,173.5
ED-0036,1911,31:51,166.0,170.1,165.3,157.2,180.2,171.7,166.1,177.2,165.3,156.8,172.3,174.3
ED-0036,1912,31:52,165.9,169.2,164.7,157.0,180.4,170.0,166.4,176.1,163.8,156.7,172.5,174.1
ED-0036,1913,31:53,164.2,169.3,162.9,157.3,179.6,171.7,166.0,176.3,164.0,154.6,171.7,172.9
ED-0036,1914,31:54,164.0,168.0,163.2,157.4,179.0,170.1,165.4,177.0,164.5,155.9,170.8,172.7
ED-0036,1915,31:55,164.4,167.7,162.1,155.9,179.5,169.2,164.5,174.8,164.4,155.7,171.5,172.9
ED-0036,1916,31:56,163.4,168.5,162.6,156.8,179.6,169.8,163.5,174.7,162.2,154.9,170.5,172.6
ED-0036,1917,31:57,163.6,167.6,161.4,155.7,178.5,169.7,164.3,173.8,163.3,155.1,170.7,171.7
ED-0036,1918,31:58,162.9,167.3,162.2,155.3,178.0,167.9,163.7,174.4,163.2,153.9,169.7,171.5
ED-0036,1919,31:59,163.5,166.2,162.1,155.1,177.8,169.1,163.3,174.0,162.9,154.3,169.1,171.3
ED-0036,1920,32:00,163.7,166.8,160.6,154.6,177.3,168.3,162.5,172.9,161.9,153.5,169.1,171.4
ED-0036,1921,32:01,162.3,166.2,161.2,154.3,177.0,167.5,161.6,173.0,162.0,153.5,168.5,171.3
ED-0036,1922,32:02,161.7,166.5,160.8,154.1,175.4,167.5,162.4,171.4,160.9,152.4,167.6,169.6
ED-0036,1923,32:03,162.2,166.0,160.0,153.8,176.5,166.8,161.5,172.6,161.8,153.8,167.6,169.6
ED-0036,1924,32:04,161.7,164.1,160.7,153.5,175.6,165.8,161.3,171.0,161.4,152.7,167.9,169.4
ED-0036,1925,32:05,161.2,165.0,159.8,154.2,175.1,165.8,161.2,170.8,161.0,152.8,167.6,168.9
ED-0036,1926,32:06,160.7,164.2,159.1,153.7,174.7,165.9,160.6,170.8,160.4,152.3,166.1,168.3
ED-0036,1927,32:07,160.3,164.1,159.7,153.4,174.6,165.6,160.3,170.3,159.6,151.6,166.8,168.6
ED-0036,1928,32:08,160.7,164.1,158.6,152.8,174.2,165.5,160.4,170.3,159.5,151.5,165.5,168.2
ED-0036,1929,32:09,160.3,163.6,158.4,151.4,174.0,164.5,159.1,169.7,159.4,151.6,165.7,168.5
ED-0036,1930,32:10,159.9,163.1,158.2,151.9,173.2,164.6,159.1,170.0,159.0,150.2,165.0,167.5
ED-0036,1931,32:11,159.5,162.6,157.4,151.8,172.0,164.3,158.8,168.8,158.9,151.0,165.2,167.8
ED-0036,1932,32:12,159.1,163.0,158.0,151.7,172.8,164.9,158.3,168.7,157.9,149.8,163.8,166.8
ED-0036,1933,32:13,158.8,161.2,157.7,151.1,172.9,163.4,157.4,168.5,159.2,150.5,164.6,167.9
ED-0036,1934,32:14,159.2,161.9,156.8,151.3,170.7,163.8,157.3,168.6,158.4,149.7,163.8,166.5
ED-0036,1935,32:15,158.3,161.6,156.3,150.0,172.7,163.9,157.8,166.7,157.0,149.3,164.3,166.4
ED-0036,1936,32:16,158.0,160.4,155.8,150.6,170.1,163.0,157.0,167.4,157.9,148.7,163.2,166.1
ED-0036,1937,32:17,157.5,161.4,156.7,150.2,170.5,161.4,155.7,166.7,156.7,149.7,162.7,166.3
ED-0036,1938,32:18,157.1,160.4,156.0,149.4,170.1,162.1,156.5,166.1,157.2,148.7,162.3,165.7
ED-0036,1939,32:19,157.3,160.1,155.7,149.7,169.9,160.7,156.0,165.5,156.6,147.7,162.4,165.7
ED-0036,1940,32:20,157.2,160.3,154.7,148.7,169.2,160.6,156.3,165.8,155.6,148.4,162.4,165.3
ED-0036,1941,32:21,156.5,159.4,155.2,148.2,168.6,160.7,155.6,165.6,155.7,147.8,161.3,164.5
ED-0036,1942,32:22,156.1,158.7,155.6,148.0,167.9,159.9,155.5,164.5,155.7,147.7,161.9,164.1
ED-0036,1943,32:23,156.0,158.7,154.2,148.2,169.1,160.1,155.2,165.1,155.4,147.5,161.5,163.2
ED-0036,1944,32:24,155.9,158.4,154.4,148.1,168.3,158.1,154.2,163.9,154.3,147.1,160.7,163.3
ED-0036,1945,32:25,155.2,158.7,154.6,148.0,168.0,159.0,153.4,163.4,153.7,146.5,160.0,164.0
ED-0036,1946,32:26,154.6,157.1,154.4,147.6,167.7,157.6,153.1,164.2,153.2,146.2,160.7,163.4
ED-0036,1947,32:27,154.8,157.1,152.9,147.7,167.4,158.3,152.3,164.1,153.9,144.9,159.8,163.5
ED-0036,1948,32:28,154.8,156.6,152.3,147.0,167.2,157.2,152.7,162.8,153.0,146.0,159.7,162.2
ED-0036,1949,32:29,154.4,156.5,151.5,146.4,166.5,157.6,152.2,163.1,152.3,146.2,159.0,162.1
ED-0036,1950,32:30,154.8,155.3,151.4,146.3,167.2,157.9,152.9,160.9,151.6,145.1,159.0,161.5
ED-0036,1951,32:31,154.8,155.6,151.9,145.8,166.2,156.9,151.1,162.3,152.1,144.9,158.9,162.2
ED-0036,1952,32:32,153.4,155.8,151.5,146.0,164.8,156.4,151.6,161.2,152.8,145.3,158.8,161.9
ED-0036,1953,32:33,154.1,154.6,152.2,146.3,164.1,156.2,150.7,162.0,152.3,144.5,158.1,161.9
ED-0036,1954,32:34,153.5,156.0,150.8,145.9,163.2,156.9,151.0,161.2,151.6,144.0,156.8,161.9
ED-0036,1955,32:35,152.8,154.4,151.2,144.8,164.7,155.2,150.8,160.3,151.4,143.0,156.9,159.5
ED-0036,1956,32:36,152.6,154.9,151.3,144.6,163.5,155.0,149.0,160.8,151.5,143.1,156.9,159.8
ED-0036,1957,32:37,153.2,155.2,151.0,144.6,163.6,155.3,149.9,160.3,151.4,143.3,156.8,159.7
ED-0036,1958,32:38,152.5,154.1,149.3,143.8,162.1,154.4,149.4,159.5,151.3,143.1,156.1,160.3
ED-0036,1959,32:39,151.5,154.0,149.4,143.7,162.9,154.0,148.7,159.3,150.0,142.5,155.6,159.7
ED-0036,1960,32:40,151.2,152.6,148.4,143.8,162.4,154.7,149.1,157.9,149.9,142.9,155.2,159.9
ED-0036,1961,32:41,151.6,152.9,149.2,143.0,162.0,153.0,148.9,159.2,150.1,142.5,156.2,159.0
ED-0036,1962,32:42,151.1,152.3,148.9,142.8,162.2,153.5,147.8,158.5,149.9,143.0,154.4,157.9
ED-0036,1963,32:43,150.5,151.7,148.4,143.0,161.6,152.6,148.3,157.1,149.8,142.1,154.4,158.2
ED-0036,1964,32:44,150.0,150.4,148.1,143.2,161.0,152.7,147.3,157.1,150.4,141.2,153.9,158.1
ED-0036,1965,32:45,150.6,152.6,148.0,142.3,161.4,152.4,146.8,157.4,148.6,140.7,154.1,157.3
ED-0036,1966,32:46,149.7,151.3,148.5,142.0,160.7,151.7,146.2,156.8,148.5,142.1,153.7,157.4
ED-0036,1967,32:47,149.2,151.5,147.1,141.5,160.0,151.5,146.6,156.3,147.9,141.1,152.9,157.0
ED-0036,1968,32:48,149.0,150.1,147.2,141.6,160.0,151.0,146.7,156.1,148.6,140.2,152.7,156.8
ED-0036,1969,32:49,149.9,150.1,147.4,141.3,159.4,151.0,146.2,156.6,148.5,139.3,152.4,156.1
ED-0036,1970,32:50,148.4,150.7,146.8,139.9,159.1,151.1,146.3,155.1,147.1,140.2,152.3,156.0
ED-0036,1971,32:51,147.7,149.4,146.7,140.3,158.3,150.4,145.4,155.3,145.8,139.5,151.7,157.3
ED-0036,1972,32:52,147.2,148.9,145.8,140.5,158.0,150.2,144.5,154.9,146.1,138.2,152.2,155.9
ED-0036,1973,32:53,149.4,149.9,146.0,139.5,158.3,149.2,144.1,154.6,146.4,139.0,151.0,155.7
ED-0036,1974,32:54,148.2,149.1,146.0,139.9,156.7,150.2,143.9,154.3,145.9,138.5,151.2,154.7
ED-0036,1975,32:55,147.3,148.3,144.7,139.3,157.1,149.3,143.8,154.0,145.9,138.8,150.6,154.5
ED-0036,1976,32:56,147.7,147.4,145.6,138.9,156.8,149.6,144.0,154.0,145.1,138.6,150.4,154.3
ED-0036,1977,32:57,146.5,147.9,144.6,139.6,155.8,148.7,143.1,153.1,145.4,138.3,149.9,153.6
ED-0036,1978,32:58,146.4,148.1,144.1,138.6,156.2,147.4,142.6,152.9,144.8,137.8,149.9,153.7
ED-0036,1979,32:59,146.8,147.1,144.6,138.1,156.5,148.4,142.5,152.8,144.6,137.3,149.4,154.5
ED-0036,1980,33:00,145.8,147.6,143.4,138.5,154.3,147.5,142.1,152.9,143.8,136.5,148.6,154.0
ED-0036,1981,33:01,146.0,147.4,144.1,138.2,155.1,147.8,141.5,152.3,144.9,136.9,148.9,153.4
ED-0036,1982,33:02,146.1,146.3,144.0,138.4,155.5,146.2,141.8,151.7,144.4,137.5,148.4,152.6
ED-0036,1983,33:03,145.5,146.8,143.3,137.5,155.2,146.7,141.8,151.9,143.3,137.0,148.0,152.7
ED-0036,1984,33:04,145.5,146.8,143.0,139.0,154.6,146.1,141.5,151.2,143.9,136.2,148.5,152.3
ED-0036,1985,33:05,146.0,146.2,142.8,137.6,155.0,145.9,140.3,150.7,143.5,136.9,146.7,151.8
ED-0036,1986,33:06,144.9,145.5,141.5,136.3,154.0,145.3,140.1,150.5,143.0,136.0,147.9,152.4
ED-0036,1987,33:07,144.5,145.1,142.0,137.4,153.5,144.9,141.0,150.0,141.9,135.7,147.6,151.8
ED-0036,1988,33:08,144.2,145.0,141.7,135.5,154.5,145.7,139.8,149.7,142.7,134.2,147.4,150.3
ED-0036,1989,33:09,143.7,143.8,140.9,135.1,152.2,145.6,139.5,149.2,141.5,134.6,145.9,151.3
ED-0036,1990,33:10,143.5,144.3,140.7,135.5,151.5,144.8,140.5,149.2,141.8,135.0,146.0,150.8
ED-0036,1991,33:11,143.4,145.3,140.4,135.2,152.3,143.7,138.9,149.0,140.5,134.8,146.6,149.7
ED-0036,1992,33:12,142.5,143.8,140.8,135.4,151.0,142.8,139.2,148.4,141.6,133.8,145.8,150.1
ED-0036,1993,33:13,143.3,143.8,139.9,134.9,151.5,143.7,138.6,148.0,140.8,133.7,145.0,150.6
ED-0036,1994,33:14,141.8,143.8,138.8,134.8,151.2,142.3,137.3,148.2,141.0,134.3,144.7,149.3
ED-0036,1995,33:15,142.9,142.2,139.4,133.7,150.1,142.2,136.8,147.4,140.0,133.1,144.9,149.3
ED-0036,1996,33:16,142.2,142.5,139.8,135.6,149.8,142.1,137.5,147.5,139.2,133.3,144.1,149.3
ED-0036,1997,33:17,142.3,142.1,139.0,134.1,150.0,141.0,137.1,147.0,140.1,133.1,144.3,148.4
ED-0036,1998,33:18,142.3,141.6,139.7,133.9,149.0,142.4,136.7,146.5,139.1,132.3,144.2,148.0
ED-0036,1999,33:19,141.6,141.7,138.7,133.7,150.2,141.6,136.4,145.2,139.2,132.9,144.1,147.9
ED-0036,2000,33:20,141.4,141.0,139.1,132.9,148.5,140.4,136.9,146.9,138.7,132.2,143.2,148.7
ED-0036,2001,33:21,141.6,140.8,138.2,132.7,148.0,140.6,136.4,145.4,138.2,132.9,142.4,147.8
ED-0036,2002,33:22,141.6,140.9,138.3,133.5,147.7,140.4,136.3,146.4,138.9,132.5,142.5,147.4
ED-0036,2003,33:23,140.6,140.2,137.4,132.3,148.9,139.3,135.3,145.2,137.6,132.2,142.8,147.2
ED-0036,2004,33:24,140.5,140.2,137.2,132.3,147.3,139.6,135.0,145.5,137.4,132.0,143.0,147.0
ED-0036,2005,33:25,139.9,140.5,136.7,133.1,147.3,138.6,135.1,144.1,137.7,131.5,142.5,147.3
ED-0036,2006,33:26,139.7,139.2,136.9,131.6,147.2,140.1,135.0,144.8,137.4,131.1,141.8,147.0
ED-0036,2007,33:27,139.4,138.8,136.9,131.3,147.5,139.1,133.8,143.4,136.5,131.2,141.1,145.9
ED-0036,2008,33:28,139.0,138.8,136.3,132.0,146.6,138.8,134.4,143.7,137.0,130.2,140.7,146.1
ED-0036,2009,33:29,139.4,139.2,135.5,130.9,144.8,138.5,133.8,143.9,136.4,130.3,140.2,145.8
ED-0036,2010,33:30,138.4,137.6,135.0,131.4,145.4,138.3,133.5,143.3,136.7,130.6,140.5,146.0
ED-0036,2011,33:31,139.1,137.9,136.9,130.9,145.3,138.5,133.5,142.6,135.7,130.2,139.5,145.4
ED-0036,2012,33:32,138.2,137.8,135.9,129.9,145.8,138.2,133.0,142.3,135.4,131.2,140.1,144.8
ED-0036,2013,33:33,137.7,137.9,135.5,130.8,146.1,137.5,133.7,142.0,135.1,129.0,139.6,145.8
ED-0036,2014,33:34,137.6,137.0,135.5,130.0,144.5,135.8,132.7,142.2,135.5,129.4,139.1,144.6
ED-0036,2015,33:35,138.5,137.1,133.6,129.3,144.4,136.0,133.4,140.9,134.2,128.4,139.2,143.8
ED-0036,2016,33:36,138.1,137.6,134.5,129.6,143.2,136.1,131.6,141.8,134.9,128.5,138.4,143.7
ED-0036,2017,33:37,138.2,137.0,134.3,129.5,143.7,137.0,131.6,141.2,134.8,129.0,138.8,143.9
ED-0036,2018,33:38,136.7,136.2,133.9,129.1,144.2,136.3,131.8,141.2,135.1,127.0,138.1,143.0
ED-0036,2019,33:39,136.7,136.3,134.1,128.7,143.9,135.6,131.5,140.2,133.9,128.3,137.8,143.5
ED-0036,2020,33:40,136.5,134.9,133.1,129.0,143.3,135.3,131.3,139.8,133.8,127.0,138.0,143.5
ED-0036,2021,33:41,135.9,135.4,133.8,129.0,141.6,135.4,130.2,140.4,134.2,127.5,136.9,143.8
ED-0036,2022,33:42,136.1,135.8,133.5,127.6,141.8,135.1,130.2,138.4,133.4,126.9,135.4,142.0
ED-0036,2023,33:43,136.1,134.9,132.9,128.5,141.6,134.1,130.2,139.1,133.1,126.9,136.5,143.0
ED-0036,2024,33:44,135.9,134.7,132.4,127.1,141.6,134.2,129.4,138.7,134.0,126.1,136.7,142.9
ED-0036,2025,33:45,135.8,135.0,131.7,126.6,140.8,133.1,129.4,138.6,133.2,126.1,136.3,141.0
ED-0036,2026,33:46,136.1,134.7,131.7,127.8,142.1,133.6,128.7,138.7,132.9,127.0,136.3,142.1
ED-0036,2027,33:47,134.7,134.5,132.2,127.0,140.6,132.2,128.8,138.6,131.8,126.4,135.0,141.5
ED-0036,2028,33:48,134.4,134.8,131.4,126.3,140.6,132.3,128.5,136.8,131.5,127.2,135.2,140.9
ED-0036,2029,33:49,134.9,134.0,130.8,125.6,139.6,133.4,128.1,137.0,131.3,126.2,135.3,140.9
ED-0036,2030,33:50,134.5,133.1,131.1,127.0,139.8,131.9,128.5,137.9,130.8,126.6,134.9,140.4
ED-0036,2031,33:51,134.0,132.2,130.6,125.6,140.2,131.0,127.2,137.1,131.7,124.9,133.8,141.1
ED-0036,2032,33:52,133.8,132.8,131.0,125.8,139.1,132.5,127.5,135.6,131.4,124.3,134.3,139.9
ED-0036,2033,33:53,134.0,132.7,131.1,125.8,138.7,131.9,127.5,137.0,130.6,124.7,134.0,140.4
ED-0036,2034,33:54,134.1,132.5,129.1,125.1,138.1,131.9,126.5,137.2,130.9,123.6,134.3,139.4
ED-0036,2035,33:55,132.9,132.7,129.1,124.7,138.4,131.5,126.6,135.6,130.0,123.8,133.6,139.5
ED-0036,2036,33:56,133.9,132.5,129.9,124.2,137.8,130.7,125.9,135.5,130.2,124.3,133.8,139.2
ED-0036,2037,33:57,132.7,131.4,129.4,124.8,137.5,130.2,126.5,135.1,129.8,124.6,132.7,139.3
ED-0036,2038,33:58,132.4,131.3,129.8,124.2,138.1,129.4,125.7,135.2,129.4,123.5,133.3,139.1
ED-0036,2039,33:59,132.1,131.8,130.5,124.2,137.2,129.6,125.4,134.4,129.4,123.4,132.9,138.0
ED-0036,2040,34:00,132.4,131.9,127.8,124.5,136.9,129.4,125.7,134.1,128.5,124.2,132.9,137.3
ED-0036,2041,34:01,131.5,131.2,128.8,123.1,136.8,129.7,126.4,133.9,128.1,123.3,131.7,138.5
ED-0036,2042,34:02,131.5,130.3,127.5,122.6,136.9,130.3,125.6,133.6,129.1,122.8,132.1,137.6
ED-0036,2043,34:03,131.8,130.7,128.3,123.3,136.2,128.7,125.1,134.7,127.7,122.7,131.7,137.2
ED-0036,2044,34:04,131.3,130.6,128.0,123.8,136.2,128.3,123.3,133.5,128.1,122.6,131.3,136.2
ED-0036,2045,34:05,130.7,128.6,126.7,122.9,136.1,127.4,124.2,132.5,127.4,123.1,131.4,136.6
ED-0036,2046,34:06,130.7,130.1,127.1,122.3,134.5,128.3,123.8,133.2,126.5,121.5,131.1,136.9
ED-0036,2047,34:07,130.4,129.7,127.5,122.9,135.4,128.7,122.8,132.2,127.4,121.8,129.5,135.4
ED-0036,2048,34:08,130.1,128.7,126.2,122.0,135.2,127.6,123.3,132.5,127.4,122.8,130.3,135.2
ED-0036,2049,34:09,129.9,128.1,127.3,122.6,133.6,127.3,122.7,131.7,126.9,121.0,130.7,136.3
ED-0036,2050,34:10,129.7,128.5,127.1,122.1,133.9,127.2,122.3,131.5,126.9,121.8,130.0,135.5
ED-0036,2051,34:11,130.5,128.0,126.6,120.8,134.9,127.0,123.6,131.7,126.5,119.8,130.2,135.0
ED-0036,2052,34:12,129.6,127.8,125.9,120.8,133.3,127.1,122.1,130.3,126.0,120.8,129.4,135.8
ED-0036,2053,34:13,129.0,127.4,125.9,121.1,132.8,125.6,123.3,131.6,126.0,120.6,128.7,135.6
ED-0036,2054,34:14,128.8,127.8,125.6,120.3,133.0,125.4,121.9,130.5,125.7,119.9,129.3,134.9
ED-0036,2055,34:15,128.6,128.0,124.2,120.6,132.2,125.7,122.3,130.7,125.3,120.0,128.5,134.8
ED-0036,2056,34:16,128.4,127.1,124.6,120.6,132.7,125.6,120.4,129.5,126.4,121.0,129.0,134.9
ED-0036,2057,34:17,128.5,126.9,125.0,118.9,131.3,126.1,120.7,130.7,125.1,119.7,128.1,134.2
ED-0036,2058,34:18,127.1,126.4,124.9,120.1,130.7,124.8,120.7,130.6,124.8,119.6,127.2,133.8
ED-0036,2059,34:19,127.9,126.2,124.8,119.4,130.8,124.6,120.7,129.2,125.0,118.6,128.7,133.3
ED-0036,2060,34:20,128.5,126.4,123.7,119.6,131.2,124.7,120.7,129.2,123.6,118.7,127.5,134.2
ED-0036,2061,34:21,128.5,126.1,122.6,119.1,131.6,123.7,120.1,129.0,124.1,119.0,127.2,132.4
ED-0036,2062,34:22,128.3,125.3,123.0,118.8,130.4,124.1,120.7,129.1,123.6,117.6,127.1,132.4
ED-0036,2063,34:23,126.0,125.8,123.2,119.0,130.4,124.2,118.7,128.7,123.0,118.2,126.6,132.8
ED-0036,2064,34:24,125.6,125.0,123.2,119.3,130.1,123.6,119.3,128.5,123.5,118.4,126.9,132.7
ED-0036,2065,34:25,125.9,124.9,122.9,118.3,130.0,122.6,119.0,126.8,122.7,117.8,126.8,133.3
ED-0036,2066,34:26,126.7,124.1,122.4,118.1,129.7,122.3,118.7,126.7,123.0,117.9,125.0,132.2
ED-0036,2067,34:27,125.9,124.4,122.6,118.1,128.8,122.2,119.2,127.7,122.1,116.8,125.8,132.0
ED-0036,2068,34:28,126.7,124.4,122.3,117.4,128.9,123.0,119.0,127.8,122.5,117.1,124.8,131.9
ED-0036,2069,34:29,125.5,122.5,121.9,117.4,129.2,122.2,119.3,126.0,122.4,117.1,124.7,131.6
ED-0036,2070,34:30,125.5,122.6,122.2,116.6,128.1,121.3,117.3,126.2,122.0,116.8,124.5,131.7
ED-0036,2071,34:31,125.4,124.2,121.5,117.6,128.9,121.7,118.1,125.3,120.7,116.3,124.8,130.9
ED-0036,2072,34:32,124.2,123.4,122.2,117.1,127.9,121.3,117.1,125.5,121.6,116.7,124.1,130.9
ED-0036,2073,34:33,123.8,122.3,120.8,117.5,128.2,122.0,116.5,125.9,120.6,116.1,123.7,130.6
ED-0036,2074,34:34,125.2,122.2,120.6,116.8,128.1,120.5,117.9,124.7,120.8,115.4,123.9,129.0
ED-0036,2075,34:35,124.6,122.9,120.6,116.5,127.5,120.6,116.7,125.6,120.4,115.4,123.9,129.8
ED-0036,2076,34:36,125.5,122.9,119.9,116.5,126.9,120.1,116.0,125.4,120.9,115.7,123.3,129.9
ED-0036,2077,34:37,124.8,122.5,120.7,116.0,127.3,119.5,116.1,124.2,121.4,115.5,124.1,129.7
ED-0036,2078,34:38,123.7,122.1,120.2,116.4,126.6,120.5,115.8,124.7,120.7,115.9,122.7,129.7
ED-0036,2079,34:39,124.6,122.0,120.1,115.2,126.5,120.7,115.0,124.7,120.8,115.4,122.6,129.2
ED-0036,2080,34:40,123.8,122.3,120.1,115.0,125.9,119.6,115.5,124.5,119.2,114.3,123.5,127.4
ED-0036,2081,34:41,122.9,122.0,120.0,115.1,126.0,118.6,114.5,123.7,119.0,114.6,123.0,128.4
ED-0036,2082,34:42,123.3,120.1,118.7,115.0,125.9,119.1,115.0,123.0,120.1,114.4,122.2,128.8
ED-0036,2083,34:43,122.7,119.9,118.4,114.0,125.9,119.2,115.0,123.7,120.2,113.7,121.8,128.1
ED-0036,2084,34:44,122.6,120.4,119.0,115.2,124.3,118.4,114.2,122.9,119.2,113.9,121.8,128.4
ED-0036,2085,34:45,122.7,120.4,117.9,113.9,125.2,117.3,114.4,123.6,119.0,114.4,122.0,127.2
ED-0036,2086,34:46,122.6,120.8,118.3,114.2,124.8,119.3,114.6,122.9,118.9,113.3,121.3,128.7
ED-0036,2087,34:47,122.5,119.3,119.0,114.0,124.4,117.3,114.7,122.8,118.0,114.3,120.8,127.8
ED-0036,2088,34:48,122.0,119.8,118.4,113.4,124.6,117.7,113.4,123.4,117.7,113.4,121.1,127.6
ED-0036,2089,34:49,121.9,118.9,118.9,114.6,124.9,117.0,114.3,121.9,116.9,112.8,120.3,127.5
ED-0036,2090,34:50,122.0,119.2,117.1,113.6,123.4,116.8,113.6,120.4,117.6,113.0,120.1,127.3
ED-0036,2091,34:51,122.5,119.1,116.6,113.0,123.3,117.2,113.3,121.1,117.8,112.3,120.6,126.3
ED-0036,2092,34:52,122.5,118.4,117.2,113.8,122.9,115.9,112.7,121.1,117.0,112.8,119.1,125.4
ED-0036,2093,34:53,121.6,118.2,117.5,112.9,123.8,116.6,112.1,121.0,117.1,112.1,119.6,125.9
ED-0036,2094,34:54,120.9,117.9,117.1,112.6,122.9,116.5,112.0,121.1,116.6,112.6,119.8,126.3
ED-0036,2095,34:55,120.8,118.9,116.6,112.5,122.1,114.9,112.8,120.3,117.0,112.3,119.4,126.0
ED-0036,2096,34:56,121.5,117.9,116.5,111.8,122.0,115.8,111.8,120.0,116.5,111.7,119.0,126.0
ED-0036,2097,34:57,119.6,117.5,116.1,112.1,122.7,115.5,112.7,120.4,115.3,112.5,118.8,124.9
ED-0036,2098,34:58,120.7,117.7,115.5,111.0,122.0,115.4,111.7,119.6,116.0,111.1,117.6,125.2
ED-0036,2099,34:59,121.1,117.2,116.5,112.0,121.8,115.7,111.3,119.8,115.6,111.6,117.9,124.4
ED-0036,2100,35:00,119.7,117.2,115.6,110.6,121.9,114.5,111.1,119.0,115.2,110.9,118.5,124.6
ED-0036,2101,35:01,119.1,116.9,114.5,110.8,121.5,114.4,109.8,118.9,115.5,110.8,117.8,124.5
ED-0036,2102,35:02,119.5,116.6,115.7,111.9,121.1,114.1,110.7,118.7,115.3,111.2,117.9,124.1
ED-0036,2103,35:03,118.6,116.6,114.9,110.7,120.2,114.5,110.3,119.0,114.9,110.6,116.7,123.6
ED-0036,2104,35:04,119.1,115.7,115.0,110.8,120.7,114.3,110.3,119.0,114.4,110.8,116.9,123.6
ED-0036,2105,35:05,118.5,115.4,114.8,111.1,120.1,113.5,109.5,117.7,115.0,110.5,117.4,123.8
ED-0036,2106,35:06,118.1,115.9,113.5,110.0,120.6,112.6,110.0,117.9,115.3,109.5,116.7,123.7
ED-0036,2107,35:07,119.1,115.2,114.5,110.5,119.9,113.4,109.6,117.9,114.2,110.0,117.1,122.9
ED-0036,2108,35:08,117.8,116.1,114.6,109.7,119.4,113.0,109.5,117.5,114.0,110.0,116.8,122.9
ED-0036,2109,35:09,118.3,115.8,113.3,111.1,119.1,112.3,109.7,117.3,113.7,108.9,116.9,122.4
ED-0036,2110,35:10,118.0,115.3,114.0,109.3,118.5,112.6,107.6,117.0,114.1,109.2,116.1,121.9
ED-0036,2111,35:11,118.1,115.1,113.6,109.1,118.8,111.2,109.0,117.2,113.0,109.7,115.2,122.2
ED-0036,2112,35:12,117.8,114.3,113.9,110.0,118.5,111.8,108.1,116.5,113.5,109.3,115.1,121.4
ED-0036,2113,35:13,117.2,114.0,113.9,108.9,118.2,110.9,108.1,116.3,113.1,108.4,115.0,122.5
ED-0036,2114,35:14,117.1,114.3,112.3,108.4,117.9,110.8,107.9,116.6,112.8,109.2,114.6,121.6
ED-0036,2115,35:15,117.2,113.9,112.9,109.0,118.4,111.2,107.7,116.2,113.0,108.4,116.7,122.2
ED-0036,2116,35:16,116.9,113.5,112.6,108.2,117.7,110.8,108.0,114.8,112.4,107.6,114.1,121.0
ED-0036,2117,35:17,116.6,113.3,112.0,108.6,117.7,110.9,108.1,116.6,111.6,108.2,114.6,121.7
ED-0036,2118,35:18,115.8,112.9,112.1,107.7,117.7,110.8,108.0,115.7,112.0,107.6,114.2,120.8
ED-0036,2119,35:19,115.7,112.9,112.2,107.7,116.0,110.6,107.2,115.3,111.6,108.0,113.7,120.9
ED-0036,2120,35:20,114.8,111.9,111.8,107.8,116.8,110.5,106.6,114.6,111.3,106.8,113.6,120.5
ED-0036,2121,35:21,115.4,113.0,111.1,108.3,118.0,110.1,107.1,114.8,111.5,107.7,113.9,120.4
ED-0036,2122,35:22,115.7,112.2,111.3,107.8,116.1,110.3,106.6,114.5,111.2,107.4,113.9,120.6
ED-0036,2123,35:23,115.5,112.7,110.5,107.2,116.7,109.7,105.9,113.9,111.6,106.7,113.0,120.3
ED-0036,2124,35:24,116.0,112.3,111.4,107.3,116.2,110.4,106.0,115.1,111.0,107.1,112.7,119.8
ED-0036,2125,35:25,115.2,111.1,110.3,106.8,116.2,109.1,106.2,113.6,110.4,106.5,113.1,120.2
ED-0036,2126,35:26,114.6,110.7,111.1,107.2,114.9,108.6,105.7,113.0,110.9,106.2,111.6,118.8
ED-0036,2127,35:27,114.7,110.9,110.6,107.0,114.7,109.3,105.8,113.8,109.2,106.7,112.0,119.5
ED-0036,2128,35:28,114.7,111.1,110.8,106.5,114.8,109.4,105.5,112.4,109.7,105.4,111.5,118.3
ED-0036,2129,35:29,115.0,110.7,110.5,106.4,114.3,108.7,105.0,112.5,109.6,106.0,112.7,118.6
ED-0036,2130,35:30,114.3,111.1,109.9,106.2,114.4,109.1,104.5,111.4,109.2,104.9,111.8,118.8
ED-0036,2131,35:31,114.1,110.2,110.1,105.7,114.2,107.9,103.6,112.0,109.5,105.5,112.1,118.2
ED-0036,2132,35:32,113.6,110.6,109.6,105.3,113.9,107.9,104.5,112.1,109.8,104.8,110.9,118.7
ED-0036,2133,35:33,112.7,110.4,108.4,105.3,113.2,107.4,104.3,111.3,109.4,104.9,110.0,117.6
ED-0036,2134,35:34,113.4,110.0,108.4,105.7,113.6,108.0,104.6,112.2,108.5,105.0,111.1,118.1
ED-0036,2135,35:35,112.7,109.2,109.4,105.4,113.4,106.5,103.4,111.7,109.4,104.6,110.7,118.2
ED-0036,2136,35:36,112.2,108.7,108.3,104.4,112.1,107.7,103.9,110.8,109.1,104.9,109.6,118.5
ED-0036,2137,35:37,112.9,109.1,108.9,105.0,113.5,106.4,103.3,112.4,108.6,104.1,109.8,117.3
ED-0036,2138,35:38,112.9,107.8,108.2,105.1,113.7,107.6,103.6,111.2,108.6,105.0,110.0,116.4
ED-0036,2139,35:39,112.8,108.6,108.0,104.5,112.8,107.0,102.9,110.9,109.2,103.8,109.3,116.8
ED-0036,2140,35:40,113.0,109.1,108.5,103.7,112.0,105.7,102.7,110.8,108.8,104.4,109.8,116.6
ED-0036,2141,35:41,112.2,107.6,108.0,104.3,112.3,106.0,103.4,110.2,108.2,103.7,109.8,117.4
ED-0036,2142,35:42,111.9,108.4,107.4,104.1,111.1,105.4,101.7,109.7,107.3,102.9,109.1,116.3
ED-0036,2143,35:43,111.7,107.8,106.9,103.8,110.9,106.0,101.9,110.2,107.7,103.3,108.7,115.6
ED-0036,2144,35:44,111.4,108.2,107.7,102.7,112.6,105.5,102.4,110.1,107.0,103.4,107.7,116.0
ED-0036,2145,35:45,113.1,107.3,106.2,103.7,110.8,104.8,101.5,110.1,106.8,103.6,108.6,116.0
ED-0036,2146,35:46,111.4,107.9,107.0,102.7,110.1,105.4,102.4,109.3,107.1,102.9,107.9,115.7
ED-0036,2147,35:47,110.6,107.3,106.9,102.5,111.9,105.4,101.6,108.7,107.2,103.8,108.0,115.3
ED-0036,2148,35:48,109.9,106.9,105.8,102.5,110.8,106.1,100.6,108.5,107.2,104.2,108.1,115.7
ED-0036,2149,35:49,110.1,106.9,107.4,103.5,110.2,104.6,101.4,107.9,106.5,102.6,106.9,115.5
ED-0036,2150,35:50,110.2,106.4,106.6,102.9,109.5,103.8,101.3,107.8,106.2,102.0,108.3,114.8
ED-0036,2151,35:51,111.1,106.6,105.9,102.1,109.3,104.7,100.9,108.9,106.0,102.1,107.2,114.8
ED-0036,2152,35:52,109.8,107.2,106.1,102.0,108.9,104.1,100.0,108.3,106.0,102.1,108.3,114.7
ED-0036,2153,35:53,110.0,106.3,105.9,101.7,110.2,102.1,100.4,107.6,105.3,101.8,107.5,115.0
ED-0036,2154,35:54,110.7,105.8,105.3,102.1,108.7,103.5,101.0,107.8,105.3,101.3,106.6,114.9
ED-0036,2155,35:55,109.1,106.9,105.3,102.1,108.5,103.7,100.0,106.8,105.6,101.4,106.7,114.2
ED-0036,2156,35:56,110.1,105.9,105.5,100.9,109.6,103.3,99.2,106.6,104.7,101.5,106.1,114.0
ED-0036,2157,35:57,110.0,105.1,104.9,102.4,108.2,103.5,99.6,107.3,104.5,102.2,105.9,114.1
ED-0036,2158,35:58,109.3,104.6,105.3,101.4,108.7,101.9,98.8,106.5,104.2,100.0,105.6,113.2
ED-0036,2159,35:59,108.9,104.9,104.2,100.6,107.6,102.4,99.2,106.7,104.4,99.8,105.1,113.8
ED-0036,2160,36:00,109.2,105.5,104.1,101.3,107.8,102.0,98.8,106.2,104.1,101.2,105.1,113.2
ED-0036,2161,36:01,109.3,104.2,104.3,100.3,107.9,101.4,98.4,106.1,104.5,100.7,105.1,113.4
ED-0036,2162,36:02,109.4,104.5,104.6,101.5,108.2,102.0,98.1,105.7,104.4,100.0,106.2,112.8
ED-0036,2163,36:03,109.2,104.3,104.4,100.8,107.9,101.7,97.6,106.5,103.7,100.6,104.4,113.8
ED-0036,2164,36:04,108.6,104.3,103.2,100.1,107.3,101.2,98.2,106.1,103.9,99.5,104.7,112.3
ED-0036,2165,36:05,108.3,104.3,103.8,100.6,107.7,100.7,98.7,105.9,103.3,99.7,105.1,112.4
ED-0036,2166,36:06,108.2,103.8,103.5,100.3,107.8,100.9,97.0,106.1,103.2,100.3,104.7,112.3
ED-0036,2167,36:07,107.9,103.9,102.8,99.7,107.3,101.1,97.3,104.9,102.6,100.0,104.5,111.3
ED-0036,2168,36:08,107.6,103.8,103.0,99.5,106.6,101.2,96.8,105.5,102.7,98.8,104.7,111.2
ED-0036,2169,36:09,107.9,103.4,102.8,99.0,105.7,100.1,97.2,105.1,102.3,99.9,103.5,111.7
ED-0036,2170,36:10,107.4,103.5,102.3,99.4,106.2,101.1,97.7,105.1,103.3,98.7,104.1,112.0
ED-0036,2171,36:11,107.8,103.3,102.1,99.3,106.9,99.5,97.1,104.4,103.3,98.6,104.3,111.0
ED-0036,2172,36:12,107.3,102.4,100.5,98.5,106.1,100.2,96.8,104.1,101.6,98.7,103.5,110.5
ED-0036,2173,36:13,106.8,102.3,102.0,98.9,105.6,99.6,96.5,104.2,103.1,98.3,102.9,111.5
ED-0036,2174,36:14,106.3,102.3,101.8,98.9,106.4,99.4,96.9,103.0,101.7,99.0,104.2,110.3
ED-0036,2175,36:15,106.5,101.6,101.2,98.3,105.2,99.4,96.0,103.4,102.4,98.2,103.1,110.0
ED-0036,2176,36:16,106.0,102.1,102.1,98.5,105.2,99.6,96.5,102.9,101.6,98.8,102.3,110.0
ED-0036,2177,36:17,106.4,101.8,101.9,97.8,105.2,99.4,96.0,103.9,102.0,97.9,103.1,109.7
ED-0036,2178,36:18,105.7,102.0,101.7,99.0,104.4,98.6,95.2,102.8,101.4,97.1,102.4,109.5
ED-0036,2179,36:19,105.4,102.7,101.3,97.5,104.0,100.1,95.5,103.1,102.0,97.8,102.3,109.6
ED-0036,2180,36:20,105.6,101.4,101.1,97.8,103.5,98.9,95.8,101.8,101.0,97.1,102.9,110.3
ED-0036,2181,36:21,106.0,100.8,101.6,97.2,103.2,98.2,96.1,102.7,101.0,96.8,101.8,108.8
ED-0036,2182,36:22,105.4,100.7,100.6,97.0,104.1,99.3,95.1,101.4,100.6,97.2,101.9,109.0
ED-0036,2183,36:23,105.7,100.8,99.3,97.2,104.2,97.3,95.3,101.9,100.7,97.2,101.5,108.5
ED-0036,2184,36:24,104.1,101.2,101.0,96.4,103.2,98.7,95.8,101.9,101.5,97.2,102.0,108.9
ED-0036,2185,36:25,104.9,100.4,99.9,96.3,104.0,97.3,94.2,102.1,100.2,96.3,100.9,108.0
ED-0036,2186,36:26,105.3,100.4,100.2,97.1,102.5,97.0,94.6,101.3,99.7,96.1,101.2,107.9
ED-0036,2187,36:27,104.1,100.7,100.1,95.9,103.0,97.6,94.2,101.7,99.3,96.0,100.2,109.3
ED-0036,2188,36:28,104.6,100.6,99.9,95.3,102.9,95.5,94.1,101.2,100.4,96.2,100.8,108.0
ED-0036,2189,36:29,104.4,100.3,99.8,95.9,102.5,96.7,93.9,100.9,99.5,95.5,100.2,107.6
ED-0036,2190,36:30,103.6,98.3,99.5,95.7,103.3,96.4,93.9,100.1,99.4,95.3,100.4,107.0
ED-0036,2191,36:31,104.7,98.6,99.5,96.6,102.6,96.4,93.5,100.2,99.3,96.8,100.8,107.4
ED-0036,2192,36:32,103.8,99.5,98.3,95.8,102.3,96.9,93.3,100.4,98.5,96.2,101.1,107.8
ED-0036,2193,36:33,103.3,99.0,99.8,96.2,101.2,96.1,94.2,99.8,98.6,94.8,99.7,107.9
ED-0036,2194,36:34,102.9,98.2,98.9,94.7,101.6,96.0,93.0,99.2,99.3,95.9,100.3,107.4
ED-0036,2195,36:35,103.2,99.0,98.1,95.3,101.9,96.0,93.0,100.1,98.2,95.0,99.8,106.7
ED-0036,2196,36:36,102.4,99.2,98.1,94.8,101.0,95.3,92.7,99.6,98.4,94.5,100.0,107.5
ED-0036,2197,36:37,101.6,96.8,98.6,95.3,100.8,95.5,93.2,99.4,99.1,95.0,100.0,105.3
ED-0036,2198,36:38,102.3,98.6,98.1,94.7,101.0,95.2,92.5,99.0,98.1,94.5,99.2,106.1
ED-0036,2199,36:39,102.2,98.5,97.9,95.6,100.7,94.8,91.7,99.4,99.2,93.9,97.2,105.9
ED-0036,2200,36:40,102.9,98.0,97.8,94.3,99.3,94.7,92.0,99.3,97.0,94.8,98.7,106.6
ED-0036,2201,36:41,102.3,98.2,97.1,94.1,100.3,95.0,92.8,98.7,97.5,94.0,98.9,105.1
ED-0036,2202,36:42,102.4,97.0,97.3,93.4,100.3,94.8,92.4,99.1,97.8,94.0,98.5,106.3
ED-0036,2203,36:43,101.8,97.1,96.9,94.0,99.5,94.1,91.8,98.6,97.8,93.7,98.3,104.8
ED-0036,2204,36:44,102.1,97.1,96.5,94.0,100.0,94.4,91.0,98.3,96.8,94.1,98.4,104.8
ED-0036,2205,36:45,102.0,97.6,96.8,94.5,99.1,94.2,91.3,98.1,96.3,93.3,98.0,104.9
ED-0036,2206,36:46,102.0,97.0,97.2,94.2,99.3,93.7,90.9,98.6,97.4,93.5,97.4,104.7
ED-0036,2207,36:47,102.3,96.6,96.8,94.2,98.9,94.3,90.8,97.5,97.4,93.0,97.5,104.1
ED-0036,2208,36:48,100.8,96.8,97.0,93.7,99.9,93.9,91.4,97.5,96.9,93.4,98.1,104.8
ED-0036,2209,36:49,101.4,96.6,96.3,94.5,98.7,94.6,90.8,96.9,95.8,94.1,97.3,105.0
ED-0036,2210,36:50,100.5,95.6,96.1,94.0,99.0,93.2,91.5,97.4,95.7,93.1,97.5,104.0
ED-0036,2211,36:51,101.2,96.1,95.9,93.2,98.2,93.2,89.7,97.1,95.5,93.2,96.6,104.4
ED-0036,2212,36:52,100.6,95.8,95.6,92.6,98.5,93.0,89.8,96.8,96.3,93.8,97.3,103.7
ED-0036,2213,36:53,100.9,96.1,96.1,92.4,98.4,92.9,90.3,97.5,95.3,92.4,96.4,104.5
ED-0036,2214,36:54,100.5,95.5,95.2,93.1,98.1,92.6,89.0,96.1,95.6,91.6,95.8,104.1
ED-0036,2215,36:55,99.8,95.0,96.0,92.6,97.3,92.8,89.3,96.2,95.0,91.8,95.9,103.8
ED-0036,2216,36:56,99.4,96.2,94.3,92.7,97.7,92.9,89.0,96.4,94.9,92.2,95.8,102.7
ED-0036,2217,36:57,99.4,95.5,95.4,92.4,97.4,92.1,89.5,95.4,95.4,92.5,95.6,103.9
ED-0036,2218,36:58,99.5,95.4,94.5,92.3,97.8,91.0,89.1,96.0,94.8,91.6,96.3,103.1
ED-0036,2219,36:59,100.1,94.9,95.4,91.3,97.4,92.0,88.9,94.4,94.7,91.6,95.6,103.1
ED-0036,2220,37:00,99.5,95.2,95.3,91.9,95.9,91.7,89.6,96.3,94.7,91.9,95.3,102.9
ED-0036,2221,37:01,99.5,94.1,95.2,92.1,96.4,91.7,88.3,95.5,94.2,91.3,95.6,102.8
ED-0036,2222,37:02,99.3,95.5,94.9,90.4,95.5,91.8,89.2,95.3,94.8,91.7,95.7,102.9
ED-0036,2223,37:03,99.8,93.6,94.8,90.4,96.8,91.2,88.9,94.4,94.2,91.0,94.7,102.1
ED-0036,2224,37:04,97.9,94.2,93.3,91.3,95.7,90.5,88.7,94.1,94.3,91.0,94.5,102.7
ED-0036,2225,37:05,99.2,93.8,94.2,91.2,96.6,90.8,87.9,95.7,93.6,91.7,93.8,101.4
ED-0036,2226,37:06,98.5,93.7,94.5,90.3,94.8,90.8,88.0,94.5,94.1,90.8,95.6,101.6
ED-0036,2227,37:07,98.3,93.4,93.8,91.3,96.0,90.8,87.7,94.7,93.3,90.9,94.4,101.7
ED-0036,2228,37:08,98.6,93.6,93.6,91.5,95.7,91.0,86.6,95.3,93.5,91.0,94.1,101.5
ED-0036,2229,37:09,97.6,93.0,92.5,90.1,95.1,90.3,88.9,94.7,92.6,90.2,94.2,101.5
ED-0036,2230,37:10,97.9,93.0,93.0,90.0,95.1,90.1,87.1,94.0,92.5,90.1,94.4,100.8
ED-0036,2231,37:11,98.2,92.8,93.4,90.4,95.4,90.1,86.8,93.6,93.1,90.7,93.1,101.1
ED-0036,2232,37:12,98.5,92.7,92.4,90.2,94.4,90.4,88.0,93.8,92.7,89.4,92.6,101.2
ED-0036,2233,37:13,97.3,92.7,92.0,89.8,94.4,89.7,87.2,93.5,91.3,90.0,92.8,100.5
ED-0036,2234,37:14,97.1,93.1,92.1,90.1,94.6,89.2,87.3,93.0,92.1,90.0,92.6,100.7
ED-0036,2235,37:15,97.8,92.5,92.1,89.4,93.6,89.9,86.1,93.6,92.6,88.8,93.4,101.1
ED-0036,2236,37:16,96.8,91.5,91.5,89.1,94.2,89.1,86.2,92.9,91.6,88.0,92.7,100.0
ED-0036,2237,37:17,96.8,91.9,92.0,89.4,94.0,89.3,84.8,93.3,91.9,88.6,92.9,100.5
ED-0036,2238,37:18,97.0,91.6,91.4,88.5,94.2,89.6,85.8,92.2,92.6,88.6,92.4,100.4
ED-0036,2239,37:19,97.3,92.5,91.5,88.4,93.6,88.3,86.2,93.3,91.7,90.1,92.7,100.4
ED-0036,2240,37:20,96.0,90.9,92.1,89.0,93.4,89.0,86.4,92.8,91.7,88.3,92.3,99.0
ED-0036,2241,37:21,96.3,91.4,92.3,88.4,93.5,88.6,85.9,92.8,91.6,88.1,92.7,99.6
ED-0036,2242,37:22,95.9,91.5,91.8,88.6,93.4,88.7,85.6,93.0,92.1,88.5,92.4,100.6
ED-0036,2243,37:23,96.5,92.0,91.8,88.7,93.7,87.5,85.4,92.5,91.6,89.3,92.3,100.1
ED-0036,2244,37:24,96.0,90.7,90.9,88.9,92.2,88.1,85.1,91.6,91.9,88.4,91.8,100.1
ED-0036,2245,37:25,96.3,90.8,90.4,88.5,92.7,88.1,84.7,92.1,90.5,89.4,91.2,98.3
ED-0036,2246,37:26,96.6,91.0,91.8,87.6,92.3,88.5,84.8,91.9,91.8,88.7,91.4,100.0
ED-0036,2247,37:27,95.8,91.2,90.7,87.9,93.1,87.4,85.0,89.9,90.9,87.4,89.6,98.9
ED-0036,2248,37:28,94.7,90.7,90.1,88.0,93.1,86.7,84.9,91.7,90.9,88.0,91.2,99.4
ED-0036,2249,37:29,95.4,89.8,90.6,86.5,91.9,88.0,84.4,90.9,90.8,87.8,91.3,98.7
ED-0036,2250,37:30,95.5,90.7,89.8,87.3,91.4,87.3,84.5,90.2,91.4,87.3,90.8,97.8
ED-0036,2251,37:31,94.8,90.5,90.9,87.4,91.3,87.9,84.9,90.7,90.3,87.6,89.7,98.0
ED-0036,2252,37:32,94.4,89.3,90.5,87.7,91.5,87.7,85.5,91.1,90.2,87.1,91.1,97.7
ED-0036,2253,37:33,94.3,89.6,88.9,87.1,92.4,87.3,84.0,91.0,89.3,86.9,91.2,97.7
ED-0036,2254,37:34,94.7,89.6,89.7,87.7,91.8,85.9,84.0,89.4,89.9,87.0,90.6,97.4
ED-0036,2255,37:35,94.7,89.5,89.6,86.7,91.3,86.5,83.8,90.1,89.5,87.0,90.7,97.4
ED-0036,2256,37:36,95.7,89.7,89.5,86.9,90.8,86.6,82.6,89.6,89.1,86.3,89.5,97.3
ED-0036,2257,37:37,93.2,89.4,90.0,86.9,90.9,86.4,83.4,89.2,89.3,86.1,90.3,96.3
ED-0036,2258,37:38,93.4,88.7,88.6,86.4,91.1,85.5,84.1,89.5,89.5,86.0,89.7,96.4
ED-0036,2259,37:39,93.9,88.3,89.0,85.7,90.2,85.2,83.3,89.0,88.1,87.9,89.8,96.5
ED-0036,2260,37:40,94.4,87.9,89.2,87.2,89.7,84.9,82.9,89.2,88.5,85.8,89.6,96.7
ED-0036,2261,37:41,94.7,88.1,89.1,85.9,90.8,86.1,82.5,89.0,88.1,85.4,88.8,97.1
ED-0036,2262,37:42,92.8,89.1,88.6,85.7,90.1,85.3,81.9,88.4,88.3,87.0,88.4,96.7
ED-0036,2263,37:43,92.5,87.8,88.7,86.1,89.1,85.0,83.3,88.8,88.5,85.3,89.3,97.1
ED-0036,2264,37:44,92.9,88.0,88.6,85.8,90.3,85.6,83.2,88.9,88.0,84.8,88.7,97.0
ED-0036,2265,37:45,92.8,87.5,87.8,85.2,89.5,84.2,82.9,89.5,88.2,86.9,89.1,96.5
ED-0036,2266,37:46,93.1,87.4,87.5,86.1,90.2,85.2,81.2,88.6,88.1,86.0,88.6,96.3
ED-0036,2267,37:47,93.1,87.6,88.3,85.1,90.3,85.7,82.3,89.0,88.1,85.6,87.8,96.5
ED-0036,2268,37:48,92.7,86.5,88.7,86.5,88.6,85.0,81.8,88.3,88.1,84.9,88.5,95.8
ED-0036,2269,37:49,92.6,88.1,87.7,85.0,89.1,84.2,81.6,88.0,87.2,85.7,88.8,95.5
ED-0036,2270,37:50,92.5,87.4,87.6,85.7,88.7,85.3,81.4,87.7,87.3,84.9,88.0,95.1
ED-0036,2271,37:51,91.7,87.4,87.4,84.7,88.9,83.0,81.7,88.6,87.6,84.4,88.1,96.0
ED-0036,2272,37:52,92.4,87.4,87.9,84.8,88.3,84.4,82.4,88.0,87.4,84.4,87.3,94.8
ED-0036,2273,37:53,92.2,87.1,86.7,84.6,88.6,83.2,80.7,88.0,87.8,84.4,87.8,95.5
ED-0036,2274,37:54,91.4,86.8,87.4,84.4,87.4,83.1,81.9,88.0,88.0,85.2,86.2,95.2
ED-0036,2275,37:55,91.7,86.6,86.0,84.5,88.2,84.3,80.6,86.7,86.9,84.0,87.5,94.3
ED-0036,2276,37:56,91.7,87.1,87.2,83.1,88.8,83.7,81.0,87.0,85.6,83.9,87.9,95.2
ED-0036,2277,37:57,91.5,85.6,87.3,84.7,86.9,83.3,80.0,86.7,86.1,83.8,87.4,94.0
ED-0036,2278,37:58,91.5,86.0,85.8,84.0,87.4,83.5,80.8,87.5,86.3,84.2,85.0,94.7
ED-0036,2279,37:59,91.6,86.2,86.7,84.0,87.4,83.3,80.9,87.1,86.5,84.0,86.1,94.1
ED-0036,2280,38:00,91.9,86.9,87.5,83.0,86.9,82.4,81.1,86.0,87.0,83.3,87.1,93.4
ED-0036,2281,38:01,92.1,85.7,86.3,83.9,87.1,82.6,80.2,86.4,85.9,83.9,85.9,93.5
ED-0036,2282,38:02,91.7,85.9,86.2,82.1,86.9,82.3,79.8,86.1,85.6,83.6,86.6,94.0
ED-0036,2283,38:03,90.8,85.8,86.9,83.7,87.3,83.4,80.3,86.4,85.6,83.3,85.4,93.9
ED-0036,2284,38:04,91.6,86.3,85.9,83.2,87.6,83.2,80.4,85.8,85.8,82.8,85.5,94.7
ED-0036,2285,38:05,90.2,85.0,86.4,82.9,86.6,82.4,80.1,85.0,85.6,83.9,85.7,94.2
ED-0036,2286,38:06,89.7,84.6,85.9,83.6,85.9,83.0,79.9,86.2,85.6,82.7,86.1,93.5
ED-0036,2287,38:07,90.8,84.6,85.8,82.7,86.6,82.1,79.2,85.5,85.4,83.3,85.1,93.2
ED-0036,2288,38:08,89.4,86.0,85.8,83.9,86.2,81.4,79.1,86.0,85.5,81.4,84.5,93.5
ED-0036,2289,38:09,90.5,84.6,85.6,82.1,86.4,82.1,80.6,85.6,84.1,81.8,84.5,93.3
ED-0036,2290,38:10,89.1,84.1,85.3,82.9,86.0,82.2,79.9,85.5,85.5,82.2,84.6,93.3
ED-0036,2291,38:11,89.1,83.6,85.5,82.6,85.5,80.8,78.4,83.7,85.0,82.1,85.1,92.5
ED-0036,2292,38:12,90.0,84.0,85.8,82.4,85.9,80.5,78.9,84.1,84.1,81.8,84.7,93.0
ED-0036,2293,38:13,89.2,84.8,83.7,82.1,85.9,81.9,77.8,85.4,85.2,81.9,84.2,92.3
ED-0036,2294,38:14,88.9,84.1,83.9,81.9,86.0,80.7,78.9,84.3,84.4,82.0,85.0,92.1
ED-0036,2295,38:15,89.0,83.2,84.7,81.4,85.2,80.8,78.9,84.1,84.8,82.3,84.7,91.6
ED-0036,2296,38:16,88.1,84.4,84.1,81.4,85.4,80.7,78.2,83.8,84.2,82.1,84.1,92.0
ED-0036,2297,38:17,89.5,84.2,84.2,82.0,84.8,79.6,78.3,83.8,84.2,81.9,85.2,92.3
ED-0036,2298,38:18,88.9,83.4,83.7,81.8,85.2,80.5,78.2,84.1,83.4,81.4,84.1,91.1
ED-0036,2299,38:19,88.8,83.5,84.9,82.0,84.7,79.7,78.7,84.0,83.5,81.0,84.0,91.5
ED-0036,2300,38:20,89.0,82.6,83.8,80.3,83.5,80.1,78.6,84.2,83.4,80.6,84.2,91.9
ED-0036,2301,38:21,89.3,82.9,84.2,82.0,84.5,80.6,77.7,83.7,83.7,81.1,84.7,91.3
ED-0036,2302,38:22,88.4,83.2,84.4,81.2,84.1,80.8,77.5,83.5,82.6,80.6,83.8,91.0
ED-0036,2303,38:23,87.9,82.7,83.1,81.7,84.0,80.1,77.5,82.8,83.2,80.7,84.0,91.5
ED-0036,2304,38:24,89.1,82.4,82.7,81.5,83.5,80.4,77.2,82.8,82.6,81.2,82.9,90.9
ED-0036,2305,38:25,88.1,82.1,83.3,81.9,83.4,79.6,77.4,83.4,84.0,80.2,83.1,90.7
ED-0036,2306,38:26,87.9,82.9,83.0,81.2,84.1,79.5,77.9,82.8,83.0,80.2,82.6,90.3
ED-0036,2307,38:27,87.8,82.4,82.3,80.9,83.3,79.1,76.5,82.7,82.9,80.3,82.5,89.7
ED-0036,2308,38:28,88.7,82.7,83.3,80.8,83.8,80.1,76.8,83.0,83.6,81.0,82.8,91.1
ED-0036,2309,38:29,87.0,83.2,82.9,80.7,83.1,79.4,76.5,82.3,82.6,80.6,82.6,89.9
ED-0036,2310,38:30,88.1,81.7,83.7,79.9,83.2,78.5,76.3,82.1,82.6,81.2,83.3,90.1
ED-0036,2311,38:31,87.7,81.9,82.3,80.2,82.7,79.7,76.4,82.4,82.5,79.9,82.1,91.0
ED-0036,2312,38:32,87.1,81.4,82.0,80.5,83.2,79.4,75.7,82.2,82.6,79.2,82.0,89.3
ED-0036,2313,38:33,86.6,81.6,82.4,78.9,82.6,78.1,75.7,81.5,83.0,80.2,82.8,89.5
ED-0036,2314,38:34,87.1,81.7,82.2,80.1,82.2,78.5,75.9,81.5,82.1,79.9,81.9,90.4
ED-0036,2315,38:35,86.8,81.9,82.2,79.3,81.9,78.3,75.3,81.1,81.2,79.6,81.8,89.4
ED-0036,2316,38:36,87.4,80.8,81.9,78.7,82.3,78.8,75.3,82.3,81.7,79.8,82.0,88.4
ED-0036,2317,38:37,86.0,81.2,81.9,78.5,82.2,78.0,75.8,81.5,81.9,79.1,81.7,89.5
ED-0036,2318,38:38,86.3,81.0,81.6,78.6,81.9,78.1,76.4,81.8,81.6,78.7,81.4,89.4
ED-0036,2319,38:39,87.9,81.4,81.1,78.9,81.4,77.8,76.2,81.1,81.2,80.0,80.4,89.1
ED-0036,2320,38:40,87.0,80.8,81.6,78.5,81.8,77.9,74.9,81.1,80.8,79.1,81.4,89.4
ED-0036,2321,38:41,85.8,81.0,81.5,78.2,82.1,78.2,75.5,81.6,81.0,79.9,81.6,89.4
ED-0036,2322,38:42,86.2,80.3,80.9,78.6,81.6,77.6,74.6,80.0,80.6,78.7,81.5,87.5
ED-0036,2323,38:43,85.8,80.5,81.4,78.6,81.3,76.7,74.8,81.0,81.6,79.0,80.5,88.4
ED-0036,2324,38:44,85.8,81.2,81.6,78.3,81.3,76.3,75.0,81.2,81.0,78.1,80.0,88.4
ED-0036,2325,38:45,86.3,81.2,81.7,78.8,80.8,77.3,73.7,80.1,81.0,79.2,81.1,87.8
ED-0036,2326,38:46,86.0,80.3,81.1,79.1,79.7,76.7,75.0,79.3,81.4,78.7,79.9,88.8
ED-0036,2327,38:47,85.8,79.8,81.4,78.1,81.3,77.4,74.8,80.3,80.8,79.2,80.3,88.4
ED-0036,2328,38:48,85.6,80.7,81.0,77.6,82.0,76.9,75.0,79.7,80.3,77.8,80.9,88.2
ED-0036,2329,38:49,85.0,79.6,80.0,78.4,81.1,76.4,73.5,79.2,80.9,78.8,80.0,88.8
ED-0036,2330,38:50,85.6,79.5,81.1,78.8,80.3,76.5,74.5,80.5,80.2,78.7,80.2,87.9
ED-0036,2331,38:51,84.9,78.6,79.6,78.0,79.1,76.6,74.6,80.3,80.8,77.9,79.5,87.2
ED-0036,2332,38:52,84.4,79.6,80.2,78.3,80.7,76.9,73.6,79.9,80.3,78.5,79.1,87.5
ED-0036,2333,38:53,86.1,78.8,79.7,77.0,80.5,75.9,73.8,79.7,79.8,78.6,79.7,86.7
ED-0036,2334,38:54,85.4,78.9,79.0,77.7,81.2,76.3,73.9,79.0,78.9,78.0,79.2,86.9
ED-0036,2335,38:55,84.5,78.8,80.1,76.9,79.5,76.6,73.8,78.4,79.1,77.5,79.5,86.6
ED-0036,2336,38:56,85.6,80.0,79.6,77.0,80.0,76.4,73.8,79.4,79.2,78.4,79.1,86.2
ED-0036,2337,38:57,84.8,78.8,79.2,77.0,80.4,75.7,74.1,78.4,79.0,76.7,79.3,86.4
ED-0036,2338,38:58,83.9,78.3,79.7,77.0,79.7,75.7,74.1,79.3,79.7,77.2,79.6,88.2
ED-0036,2339,38:59,84.4,78.0,79.3,76.2,79.0,75.4,73.3,79.8,79.1,77.9,79.4,86.2
ED-0036,2340,39:00,84.0,79.3,79.3,77.6,79.4,75.6,73.3,79.0,78.8,77.7,79.2,86.7
ED-0036,2341,39:01,84.3,77.9,78.2,77.6,78.7,75.2,73.3,77.8,78.8,76.4,78.9,86.3
ED-0036,2342,39:02,83.3,77.3,79.3,76.4,79.1,75.8,73.3,79.6,79.2,76.5,79.3,86.1
ED-0036,2343,39:03,83.7,78.2,79.1,76.3,79.5,74.1,72.7,78.0,79.2,77.0,79.1,85.7
ED-0036,2344,39:04,83.3,77.5,78.9,76.0,79.1,75.6,72.6,77.5,78.5,76.9,78.5,84.9
ED-0036,2345,39:05,83.8,78.3,78.9,77.1,78.2,74.4,72.6,78.0,78.6,77.0,78.6,85.3
ED-0036,2346,39:06,83.7,77.6,77.5,76.2,78.4,75.1,72.5,77.8,78.2,76.0,78.5,86.0
ED-0036,2347,39:07,82.8,78.0,78.9,76.2,78.5,74.2,72.1,77.6,78.5,76.1,78.4,86.2
ED-0036,2348,39:08,83.1,77.6,77.3,76.5,78.4,74.5,73.1,77.1,77.8,75.7,77.9,86.1
ED-0036,2349,39:09,82.0,77.5,78.6,76.1,77.7,74.5,73.0,77.3,77.1,76.1,78.0,84.8
ED-0036,2350,39:10,82.0,77.3,78.5,76.3,78.6,73.8,71.8,76.8,77.3,76.3,77.6,85.3
ED-0036,2351,39:11,83.4,77.8,76.9,75.5,77.6,74.4,71.9,77.4,77.7,76.3,77.2,85.2
ED-0036,2352,39:12,83.2,77.6,77.9,75.6,77.1,75.1,71.4,77.1,77.6,75.1,77.4,85.7
ED-0036,2353,39:13,82.1,77.0,78.5,74.7,78.1,74.8,72.1,76.7,77.5,74.8,78.2,84.7
ED-0036,2354,39:14,83.2,76.9,77.7,75.3,77.6,73.3,71.7,76.6,77.8,74.6,77.4,85.2
ED-0036,2355,39:15,82.9,75.3,77.4,75.0,76.8,74.0,71.8,77.2,78.0,75.3,78.2,83.8
ED-0036,2356,39:16,82.5,77.0,77.4,75.7,76.8,73.1,71.4,75.9,77.1,74.9,76.3,84.5
ED-0036,2357,39:17,81.3,76.3,76.8,74.9,77.9,73.4,71.8,76.0,76.4,75.5,76.7,84.7
ED-0036,2358,39:18,82.9,76.5,76.7,75.3,77.7,73.4,70.6,77.1,78.2,75.7,76.7,83.6
ED-0036,2359,39:19,82.6,76.6,76.9,76.0,77.2,72.6,71.7,75.7,77.5,74.8,77.1,83.8
ED-0036,2360,39:20,82.3,75.7,76.7,74.7,77.0,74.4,70.9,77.2,76.8,74.5,75.8,84.0
ED-0036,2361,39:21,82.4,75.8,77.0,75.6,76.5,73.1,70.7,76.5,76.7,75.0,76.7,83.2
ED-0036,2362,39:22,81.7,75.6,77.1,75.3,77.1,73.0,70.9,76.2,77.0,73.9,75.9,84.0
ED-0036,2363,39:23,81.5,75.9,77.7,73.9,76.2,72.6,70.3,76.2,76.9,73.9,76.3,83.0
ED-0036,2364,39:24,81.4,75.5,76.3,74.8,76.3,72.9,70.3,76.1,76.8,75.4,76.4,83.1
ED-0036,2365,39:25,81.5,76.2,76.5,74.3,75.3,72.4,70.4,74.6,75.7,75.2,76.0,83.0
ED-0036,2366,39:26,81.6,75.3,76.4,74.8,76.4,72.1,71.4,75.3,75.9,74.4,76.4,83.5
ED-0036,2367,39:27,80.6,75.5,76.1,73.7,75.5,72.3,70.3,76.0,75.6,75.1,76.1,83.4
ED-0036,2368,39:28,81.4,76.1,76.6,74.1,75.8,72.3,69.5,74.9,75.7,74.6,76.1,83.9
ED-0036,2369,39:29,80.6,75.8,75.9,74.8,75.4,72.6,70.0,75.1,75.9,73.7,75.4,83.0
ED-0036,2370,39:30,81.0,75.0,76.2,73.6,75.3,71.4,70.3,75.7,76.4,74.0,75.6,83.4
ED-0036,2371,39:31,80.8,75.0,75.9,73.2,75.4,72.1,69.9,75.5,75.9,74.1,76.7,83.1
ED-0036,2372,39:32,81.8,75.3,75.2,73.7,75.3,70.5,69.6,75.0,75.7,73.9,74.9,83.3
ED-0036,2373,39:33,80.3,75.1,76.2,73.7,75.7,72.3,69.7,73.9,75.8,74.0,74.8,82.1
ED-0036,2374,39:34,80.8,74.0,75.3,73.7,75.4,71.7,69.1,75.4,75.5,72.7,75.0,82.6
ED-0036,2375,39:35,79.9,74.9,76.0,73.4,75.0,71.5,69.7,74.1,74.8,73.5,75.1,82.1
ED-0036,2376,39:36,80.7,75.0,75.6,73.8,75.3,71.7,69.6,75.1,74.8,73.0,74.1,82.6
ED-0036,2377,39:37,80.2,74.6,75.4,72.6,75.4,71.4,69.4,74.2,75.5,73.4,74.1,82.4
ED-0036,2378,39:38,79.6,74.4,74.8,74.3,75.1,71.4,69.5,74.1,75.1,73.9,75.2,82.6
ED-0036,2379,39:39,79.4,75.1,74.9,73.0,74.8,71.2,69.2,74.4,74.6,73.2,75.2,82.0
ED-0036,2380,39:40,80.2,73.6,74.6,73.3,75.2,70.9,69.4,74.2,74.0,73.1,74.9,81.7
ED-0036,2381,39:41,79.9,73.9,74.9,73.0,74.6,70.2,69.1,74.0,73.6,72.5,73.5,82.0
ED-0036,2382,39:42,79.6,73.9,74.5,72.5,74.3,70.9,68.9,73.8,73.9,72.0,73.3,81.9
ED-0036,2383,39:43,80.0,74.3,74.3,72.9,73.9,70.1,68.3,73.9,74.9,72.0,74.9,82.0
ED-0036,2384,39:44,78.8,74.2,74.4,73.3,74.1,70.5,68.6,74.1,74.0,72.4,73.9,81.8
ED-0036,2385,39:45,79.4,73.3,74.3,71.4,74.0,70.8,68.9,74.0,73.1,71.3,74.0,81.5
ED-0036,2386,39:46,79.6,72.9,74.3,72.4,74.5,70.7,68.2,73.7,74.0,73.3,73.2,81.4
ED-0036,2387,39:47,79.5,74.3,74.5,72.8,73.8,70.7,68.3,73.8,74.4,72.5,73.6,81.8
ED-0036,2388,39:48,78.6,73.5,73.9,72.7,73.5,70.7,68.9,73.1,74.2,72.1,73.0,80.3
ED-0036,2389,39:49,79.4,73.0,74.2,72.4,73.4,69.4,68.5,73.2,74.9,72.7,73.2,81.2
ED-0036,2390,39:50,78.7,73.0,74.3,71.3,74.2,70.2,68.4,72.4,73.5,72.6,72.6,80.8
ED-0036,2391,39:51,78.0,73.2,74.2,71.7,73.9,70.7,67.7,73.7,73.5,72.2,73.8,80.7
ED-0036,2392,39:52,79.5,72.2,74.3,72.0,73.8,69.3,67.3,73.0,73.6,72.0,73.1,80.6
ED-0036,2393,39:53,78.8,72.3,73.6,70.8,73.9,69.8,67.9,72.3,73.9,71.4,73.2,80.6
ED-0036,2394,39:54,78.5,71.4,74.0,70.8,73.1,69.3,68.5,72.0,73.7,72.4,72.1,80.6
ED-0036,2395,39:55,78.8,71.8,73.6,72.1,73.2,69.6,68.1,72.9,73.2,71.5,73.0,80.1
ED-0036,2396,39:56,78.0,72.7,73.2,71.5,72.9,69.6,67.6,71.4,72.9,71.4,73.0,79.9
ED-0036,2397,39:57,77.1,72.7,73.0,71.4,72.7,69.6,66.7,71.9,73.5,72.6,72.2,80.0
ED-0036,2398,39:58,78.5,72.7,73.1,71.5,72.9,68.9,67.1,72.3,73.0,71.3,72.4,80.6
ED-0036,2399,39:59,78.1,71.9,73.1,70.7,72.1,68.6,66.6,72.1,72.5,72.1,72.6,79.7
